wall_ns,read_MBps,write_MBps,read_lat_ms,write_lat_ms,inflight
1789455751235582533,16.5,0.2,0.10,0.05,0
1789455752263131487,18.5,0.1,0.09,2.50,0
1789455753291082054,40.6,0.0,0.12,0.00,0
1789455754318630221,1.8,0.0,0.08,0.00,0
1789455755347036932,0.0,0.0,0.00,0.00,0
1789455756377418393,35.5,0.2,0.16,0.12,0
1789455757405803883,0.0,0.0,0.33,5.00,0
1789455758436331848,11.2,0.0,0.12,0.00,0
1789455759464370026,0.0,0.0,4.00,0.00,0
1789455760492539710,7.6,0.1,0.19,0.00,0
1789455761543705692,8.9,0.1,0.08,0.06,0
1789455762607441594,67.9,0.2,0.16,2.50,0
1789455763630829419,68.4,0.0,0.13,0.00,0
1789455764659149698,13.7,0.0,0.17,0.00,0
1789455765689006963,3.2,0.0,0.26,0.00,0
1789455766717950237,0.4,0.2,0.25,0.10,0
1789455767747436539,0.5,1.7,0.28,2.00,0
1789455768776345936,0.5,0.0,0.47,0.00,0
1789455769804499530,0.3,0.0,0.09,0.00,0
1789455770834048075,0.1,0.0,0.72,0.00,0
1789455771863507389,0.2,1.6,0.65,0.07,0
1789455772891470576,0.1,1.0,0.31,1.33,0
1789455773919845069,0.1,0.0,0.33,0.00,0
1789455774951690418,0.2,0.0,0.31,0.00,0
1789455775979439328,0.2,0.0,0.11,0.00,0
1789455777011016292,0.3,0.8,0.21,0.08,0
1789455778040632547,0.2,1.5,0.10,1.40,0
1789455779070589285,1.2,0.0,0.15,0.00,0
1789455780100202635,0.5,0.0,0.19,0.00,0
1789455781127654508,0.8,0.0,0.10,0.00,0
1789455782157006794,0.3,1.1,0.20,0.08,1
1789455783184762221,0.6,3.4,0.10,1.75,0
1789455784212978971,0.3,0.0,0.15,0.00,0
1789455785241843235,0.3,0.0,0.27,0.00,0
1789455786273552677,0.2,0.0,0.69,0.00,0
1789455787300975980,0.3,6.4,0.11,0.17,0
1789455788331766148,0.4,0.0,0.35,0.00,0
1789455789363170129,0.0,0.0,0.00,0.00,0
1789455790394957626,207.5,0.0,6.69,1.00,36
1789455791428401129,1160.1,0.0,6.89,0.00,34
1789455792462416514,933.2,5.0,7.00,4.44,0
1789455793492270006,807.2,0.0,5.72,0.00,30
1789455794524413427,1003.5,0.1,5.70,8.67,33
1789455795559060299,1180.8,0.0,6.81,0.00,35
1789455796589314795,1168.4,0.0,5.65,0.00,30
1789455797623086105,979.5,24.3,6.12,5.59,38
1789455798657954720,1024.5,38.8,7.96,7.91,32
1789455799692706496,1152.0,0.0,5.77,0.00,32
1789455800725638785,1068.9,0.0,5.63,0.00,0
1789455801754681655,1146.2,0.0,6.77,0.00,35
1789455802789667531,1070.0,51.1,6.39,9.74,38
1789455803824085968,756.0,138.6,8.61,8.37,31
1789455804856641990,757.6,160.2,9.11,6.45,35
1789455805888006992,1065.7,118.7,7.37,7.02,29
1789455806918828929,1062.1,163.9,6.16,6.83,26
1789455807954795119,1086.0,149.6,6.76,6.65,33
1789455808989274524,978.1,282.2,6.34,4.01,23
1789455810023064755,1058.2,147.4,6.01,6.72,0
1789455811054710384,1126.8,117.4,7.04,6.75,34
1789455812088079807,973.1,234.0,7.05,3.77,32
1789455813117627408,1065.5,159.0,6.24,6.60,33
1789455814151200068,1088.6,179.6,6.35,5.96,35
1789455815185720327,1091.6,151.4,7.14,6.68,0
1789455816214465682,854.4,781.0,5.70,4.31,24
1789455817249691375,807.7,843.5,6.08,6.79,55
1789455818279966342,773.8,376.2,10.70,11.84,35
1789455819313337071,875.2,146.8,8.57,7.66,29
1789455820345301396,757.5,194.5,7.96,5.74,34
1789455821379333760,838.6,142.3,8.06,7.95,35
1789455822409306949,873.0,137.1,9.41,8.34,38
1789455823442041615,821.5,183.4,8.75,6.95,26
1789455824475556174,562.8,350.5,9.20,6.06,23
1789455825510436621,455.5,370.3,11.03,6.59,10
1789455826542941805,427.1,369.1,11.35,7.35,10
1789455827575365088,384.3,414.9,10.58,6.36,15
1789455828607947318,382.3,392.7,10.06,5.46,11
1789455829639090290,364.6,409.8,8.94,4.60,11
1789455830671436011,367.3,407.0,8.66,4.30,7
1789455831704493522,580.1,261.6,9.76,5.45,37
1789455832738443199,817.6,138.0,10.01,8.68,33
1789455833771120764,561.2,274.2,9.85,5.91,15
1789455834803065849,437.5,353.1,11.98,6.83,14
1789455835841537361,412.6,429.3,11.35,8.10,41
1789455836874667361,434.3,407.1,9.53,5.28,16
1789455837905178427,654.9,262.0,9.23,5.38,37
1789455838939022032,832.3,136.0,10.04,8.65,35
1789455839972927365,577.6,308.9,9.33,6.38,2
1789455841002110710,448.6,345.9,11.20,6.74,19
1789455842033131198,452.5,355.1,9.83,5.86,39
1789455843065224431,429.0,362.2,9.76,4.80,10
1789455844095735242,756.9,175.7,10.39,9.34,37
1789455845130134011,840.3,143.7,9.57,7.90,30
1789455846163477107,471.1,317.2,9.68,6.67,40
1789455847196693461,412.6,379.0,10.59,6.40,30
1789455848227886484,473.2,385.0,8.58,4.62,13
1789455849261448416,472.0,330.2,8.20,4.07,32
1789455850294987036,880.0,105.1,9.35,7.88,34
1789455851328518985,734.4,190.0,8.75,5.38,12
1789455852361077747,434.7,382.4,11.65,8.02,4
1789455853392505353,428.1,341.1,10.48,5.38,11
1789455854424738599,402.3,363.6,12.33,10.57,22
1789455855458606448,624.4,270.4,9.50,5.09,37
1789455856492640606,840.6,133.9,9.75,8.84,34
1789455857526977822,642.7,304.5,8.51,5.61,3
1789455858560588933,441.7,393.2,8.52,2.30,8
1789455859591662015,430.7,352.7,8.94,4.37,25
1789455860622597705,425.7,423.0,13.76,11.67,35
1789455861656070133,606.1,302.1,11.39,12.10,34
1789455862689958773,887.1,140.8,9.12,7.50,28
1789455863720927795,576.5,253.0,8.60,5.02,24
1789455864754408661,459.2,313.8,9.46,5.44,25
1789455865787115835,430.3,385.2,8.35,3.95,6
1789455866819048624,461.2,373.2,12.58,9.93,35
1789455867851545225,742.3,194.1,9.52,5.88,35
1789455868884780391,837.2,137.3,9.03,6.01,20
1789455869917784658,473.4,357.1,9.08,6.26,26
1789455870950776978,454.4,314.7,8.30,4.61,9
1789455871983110789,435.8,356.6,8.44,4.33,3
1789455873015057484,666.8,212.9,9.53,5.64,33
1789455874048895648,731.3,181.5,9.56,4.11,35
1789455875083068573,630.5,292.5,10.55,10.18,34
1789455876115994026,486.1,343.6,10.27,5.01,17
1789455877148287496,429.7,379.2,9.44,3.46,4
1789455878178760391,429.6,368.8,10.86,5.57,2
1789455879209210299,733.5,192.4,11.07,10.88,32
1789455880242444092,701.9,232.2,9.03,4.58,36
1789455881275701147,598.3,250.6,9.24,5.32,22
1789455882308283483,486.7,356.7,9.82,3.57,0
1789455883339032637,441.1,388.1,10.08,4.98,34
1789455884386652545,548.8,246.6,9.91,4.86,36
1789455885448147634,837.7,137.0,9.78,7.88,34
1789455886480111185,625.8,251.7,9.89,5.56,31
1789455887514483871,441.5,382.1,10.89,8.69,41
1789455888550281653,505.4,360.1,8.49,3.06,31
1789455889583711345,418.4,325.3,9.53,4.89,20
1789455890611443915,427.5,341.4,9.93,5.82,10
1789455891643203830,402.1,407.3,8.08,4.20,19
1789455892674296887,394.6,350.5,8.96,4.92,15
1789455893705364814,391.8,383.5,8.55,4.55,19
1789455894737918399,441.3,310.4,10.53,6.02,44
1789455895767302559,880.6,122.7,9.62,9.37,6
1789455896799371187,717.0,230.4,8.46,4.11,25
1789455897866427559,433.8,349.3,9.59,3.02,0
1789455898922026535,416.9,395.3,10.45,2.56,0
1789455899953130687,422.2,337.1,8.65,3.41,22
1789455900997514043,705.4,179.1,10.11,6.67,32
1789455902032635993,767.1,194.9,8.82,5.35,35
1789455903066602741,578.0,257.6,8.86,4.54,22
1789455904100494110,440.8,418.5,10.96,7.20,20
1789455905131869658,425.9,440.0,9.38,5.80,21
1789455906164563522,438.8,356.7,9.50,4.00,38
1789455907197224675,870.6,131.7,9.28,7.62,39
1789455908229070753,730.8,182.3,9.67,5.55,28
1789455909262346884,476.9,324.9,8.72,4.50,24
1789455910294772167,472.8,383.1,7.63,3.06,6
1789455911328151115,429.5,350.3,9.78,4.67,12
1789455912359287408,607.4,270.1,9.60,4.17,33
1789455913392159628,858.9,126.7,9.64,7.98,37
1789455914422999062,578.1,290.0,8.97,4.07,25
1789455915455096348,463.1,351.3,8.74,3.77,34
1789455916488616016,455.0,340.4,9.26,5.00,10
1789455917521440750,423.2,350.3,8.61,3.87,21
1789455918554454305,762.1,184.4,9.60,6.13,34
1789455919584884085,893.2,127.9,9.02,7.69,34
1789455920615671534,439.4,380.2,10.38,6.85,37
1789455921646553798,485.7,313.5,9.50,4.24,25
1789455922684346307,426.3,330.1,9.77,3.75,23
1789455923717090783,494.7,305.7,9.31,4.34,33
1789455924751281317,931.6,124.8,8.79,8.20,36
1789455925782441712,697.6,249.3,8.74,4.38,33
1789455926813312412,441.6,383.8,8.70,3.75,13
1789455927861165107,440.2,370.0,9.89,4.51,3
1789455928893034837,418.1,364.9,8.91,3.80,19
1789455929925141118,697.9,207.9,9.58,5.26,35
1789455930956896110,878.1,121.7,9.30,7.96,33
1789455931987741190,550.6,318.2,8.71,4.39,8
1789455933018877894,417.0,361.9,8.76,3.26,11
1789455934049033341,363.7,387.4,8.91,3.22,1
1789455935076749593,457.2,326.2,9.69,5.44,35
1789455936107449002,830.8,126.3,9.98,8.05,34
1789455937139811047,797.6,140.7,9.66,7.18,38
1789455938167297055,436.6,345.6,10.55,3.70,20
1789455939196339242,434.0,347.2,8.28,3.22,14
1789455940226847054,417.3,346.2,10.12,3.55,27
1789455941258210397,326.0,478.1,7.38,2.68,26
1789455942286346482,873.1,149.3,9.58,8.39,35
1789455943319077109,838.7,176.0,8.63,6.70,18
1789455944351424243,469.0,293.9,9.61,4.77,7
1789455945383555129,437.1,330.8,9.54,4.96,18
1789455946416817007,415.4,358.8,9.61,3.79,20
1789455947449288435,416.2,348.1,8.48,3.49,16
1789455948480347365,400.7,380.0,8.46,3.23,8
1789455949508629069,382.9,382.0,9.21,3.79,10
1789455950540089087,387.0,382.1,9.51,4.08,5
1789455951572773300,554.8,298.5,8.67,4.66,36
1789455952607016396,870.8,128.8,9.43,8.29,40
1789455953640406702,669.7,227.1,8.62,4.86,30
1789455954672896349,398.5,341.8,9.85,5.25,26
1789455955706164057,433.0,293.8,12.89,11.91,21
1789455956739343464,378.3,325.3,8.55,3.74,7
1789455957770638061,562.9,211.9,9.65,4.64,32
1789455958803896904,804.8,111.7,10.17,8.51,36
1789455959837244071,634.6,187.1,9.69,5.13,1
1789455960867086407,376.2,289.8,13.54,10.03,15
1789455961900174975,343.7,268.6,10.66,3.34,18
1789455962929022154,275.0,288.5,11.09,4.46,42
1789455963960288181,371.5,224.9,12.35,4.21,25
1789455964992999079,627.7,150.4,10.59,6.44,36
1789455966026426649,771.7,100.6,10.90,9.34,30
1789455967060491841,482.4,193.5,10.73,5.09,13
1789455968092159420,305.2,238.5,9.76,2.03,20
1789455969123469318,287.6,242.9,9.58,4.73,11
1789455970155090315,254.6,233.8,10.28,4.70,12
1789455971187493167,246.7,277.9,8.57,3.37,7
1789455972218413044,235.7,243.0,9.37,3.54,12
1789455973251242370,342.2,215.9,12.20,5.53,35
1789455974284448943,710.6,104.1,11.50,8.84,35
1789455975315411454,712.8,133.5,9.99,6.95,12
1789455976348254293,283.6,261.0,9.74,3.99,1
1789455977380313629,271.9,255.2,9.17,3.78,32
1789455978424136018,271.7,237.7,10.32,4.22,6
1789455979455142861,256.5,234.4,11.56,4.16,2
1789455980494871514,248.2,233.1,12.06,5.51,13
1789455981527470408,245.7,226.8,12.52,4.27,27
1789455982559980973,531.9,151.0,12.43,8.49,36
1789455983593374963,688.4,106.5,12.01,9.65,33
1789455984627978269,539.1,155.6,11.27,6.77,27
1789455985660689424,300.2,226.1,10.82,4.33,1
1789455986692216325,276.6,224.5,9.18,4.18,5
1789455987723605083,269.8,212.3,9.44,4.76,13
1789455988755334474,260.1,224.2,9.33,4.68,16
1789455989788239346,241.9,230.6,10.16,5.04,30
1789455990821410030,456.7,195.0,11.40,5.17,36
1789455991854307372,556.4,171.9,11.55,6.64,36
1789455992886988035,815.7,90.7,8.78,2.71,14
1789455993919746129,289.8,242.4,11.47,3.86,32
1789455994952385399,293.0,263.6,10.31,1.98,27
1789455995984923678,288.1,262.0,10.60,3.65,15
1789455997016229033,267.8,272.1,10.35,3.54,7
1789455998049118907,262.3,244.0,10.52,3.88,1
1789455999079497904,462.4,166.0,11.65,6.18,34
1789456000113114041,708.4,98.4,11.44,9.71,19
1789456001146521439,556.6,145.6,12.16,6.64,34
1789456002179922187,346.0,206.3,12.28,4.57,12
1789456003212714733,296.0,220.2,11.67,4.53,2
1789456004244807097,285.4,231.8,10.42,4.22,2
1789456005276607855,278.2,234.3,10.99,3.69,26
1789456006309589105,274.6,211.8,10.99,4.76,9
1789456007342424834,343.1,194.7,11.84,5.56,35
1789456008374576033,720.7,92.5,11.66,9.68,37
1789456009407378007,681.6,106.0,11.70,9.05,36
1789456010438107940,299.5,241.0,9.28,2.23,18
1789456011473376544,293.4,270.3,9.58,3.45,16
1789456012505752381,294.2,255.4,9.09,3.01,11
1789456013538824172,295.9,238.4,10.06,4.48,3
1789456014570857646,262.8,239.1,11.65,5.23,29
1789456015603863873,291.6,227.2,10.82,3.69,32
1789456016638179362,823.0,77.9,10.07,8.41,44
1789456017669279733,770.9,114.1,9.70,7.34,24
1789456018699065919,263.2,276.7,11.79,3.58,3
1789456019728556039,344.6,242.6,13.84,4.80,11
1789456020761359279,290.3,251.4,10.58,3.78,5
1789456021792930266,268.2,237.5,11.51,2.93,30
1789456022822928570,271.7,239.4,10.23,2.94,31
1789456023854284188,384.2,193.3,11.70,5.21,36
1789456024887803613,684.6,101.2,12.19,10.43,31
1789456025918563568,697.2,104.4,11.56,9.03,36
1789456026951210197,321.5,225.4,11.08,4.37,7
1789456027983098889,290.0,233.2,9.83,3.35,2
1789456029015023453,361.2,213.0,10.94,4.14,37
1789456030048908504,706.5,98.4,11.96,9.54,32
1789456031079407475,688.2,99.4,12.19,10.00,36
1789456032110585091,693.1,106.0,11.28,8.28,1
1789456033133841006,227.5,259.5,15.46,8.74,4
1789456034163445681,363.8,213.9,9.62,4.34,18
1789456035194271993,308.3,208.2,10.32,1.99,2
1789456036220875792,44.8,282.6,9.28,4.93,3
1789456037253162557,63.2,264.0,7.46,5.31,4
1789456038284133898,38.4,290.5,12.70,7.77,3
1789456039315032970,9.5,296.0,12.24,29.96,7
1789456040345741516,10.8,321.9,13.35,20.98,2
1789456041376476296,62.3,295.7,7.49,4.68,2
1789456042407271607,51.7,287.4,8.66,4.75,1
1789456043435906602,57.3,300.7,7.89,4.82,3
1789456044466631274,53.4,275.8,9.02,5.85,3
1789456045497794138,56.0,283.3,8.50,4.87,3
1789456046528306959,61.6,304.2,7.64,3.23,3
1789456047559265707,58.1,293.9,8.11,6.59,3
1789456048588361694,49.3,293.5,9.74,6.10,6
1789456049619166522,50.5,294.9,9.47,6.61,4
1789456050650144697,48.0,284.2,9.76,6.46,4
1789456051680474359,35.7,289.6,13.38,10.40,6
1789456052711233878,51.0,282.1,9.51,7.14,6
1789456053741975128,43.4,305.1,11.01,6.16,3
1789456054772986916,58.7,290.1,8.17,1.92,2
1789456055802974094,54.6,282.2,8.51,5.04,3
1789456056833272112,57.2,279.4,8.44,5.69,4
1789456057864286172,40.6,282.3,12.82,10.69,4
1789456058895054211,50.4,314.7,9.44,6.00,4
1789456059926130499,56.0,284.8,8.53,4.16,4
1789456060956594880,35.4,299.7,7.86,8.48,5
1789456061987036930,53.6,280.5,8.90,4.34,2
1789456063018464308,48.5,304.0,9.94,6.34,1
1789456064049433332,61.8,289.6,7.67,4.54,3
1789456065080755496,52.1,299.0,9.20,6.35,2
1789456066112167109,108.4,268.7,4.31,5.60,5
1789456067143255100,60.6,288.1,7.76,3.72,3
1789456068174115736,43.8,294.3,8.52,4.40,1
1789456069202642113,52.9,283.2,6.41,3.74,1
1789456070233561737,1126.9,0.8,0.15,1.00,0
1789456071262087444,942.8,0.0,0.13,0.00,1
1789456072291758763,1132.9,0.0,0.12,0.00,0
1789456073319550043,1179.0,0.0,0.12,0.00,0
1789456074348261597,30.6,265.8,11.27,3.88,4
1789456075378475165,418.3,216.6,0.86,8.27,8
1789456076407076210,25.5,287.5,10.47,68.66,4
1789456077437845913,59.6,278.1,8.08,4.58,3
1789456078468621035,66.2,369.7,7.07,5.73,4
1789456079499503019,109.1,935.3,3.69,4.24,4
1789456080530213956,43.3,290.4,9.70,6.69,3
1789456081560877775,62.8,302.3,7.53,3.02,4
1789456082591394706,56.3,301.9,8.49,4.73,2
1789456083622676350,67.9,352.3,6.95,5.23,3
1789456084653890592,125.1,887.3,3.59,4.29,4
1789456085685955621,56.7,442.3,8.36,3.04,4
1789456086716897847,72.7,480.6,6.41,5.31,4
1789456087748498819,810.5,361.3,0.28,2.75,1
1789456088778414272,1005.7,0.0,0.12,0.00,1
1789456089808238322,687.7,0.0,0.12,0.00,0
1789456090839871282,1177.7,0.0,0.12,1.50,0
1789456091867663351,660.1,206.6,0.16,1.06,1
1789456092896572226,967.7,758.6,0.17,2.17,1
1789456093924495433,449.5,510.9,0.18,29.22,8
1789456094953318982,287.1,427.7,1.39,3.91,3
1789456095984103394,891.3,315.5,0.22,10.28,3
1789456097013556814,40.9,537.1,11.66,2.42,3
1789456098044948928,412.0,337.7,0.50,14.42,2
1789456099075278035,59.7,379.3,7.98,2.51,3
1789456100105028971,56.4,408.5,8.45,3.76,0
1789456101135633852,45.6,429.3,9.52,2.12,3
1789456102166434558,22.8,666.0,21.36,1.59,3
1789456103196944167,18.9,610.3,25.85,1.30,3
1789456104227704829,45.1,426.4,10.73,2.08,3
1789456105258808307,40.0,407.0,10.85,2.31,3
1789456106289673998,50.0,410.5,9.60,2.04,3
1789456107318297500,45.0,442.8,10.58,2.16,3
1789456108349170031,29.8,561.3,16.48,1.65,1
1789456109379317526,758.0,292.3,0.53,1.85,1
1789456110404728936,731.3,0.0,0.12,3.50,0
1789456111433384880,1347.3,0.0,0.12,0.00,0
1789456112461890769,1072.3,0.0,0.12,0.00,0
1789456113487867336,557.2,0.0,0.12,0.00,0
1789456114516009097,341.5,384.2,1.02,2.18,1
1789456115547918468,842.5,215.9,0.25,11.65,4
1789456116578850685,47.6,493.1,10.15,2.85,3
1789456117609330621,394.5,450.0,0.56,7.84,4
1789456118637642241,289.4,360.1,1.31,2.60,3
1789456119666974120,888.2,188.6,0.21,24.74,50
1789456120695432181,50.1,371.7,8.95,19.38,5
1789456121727009222,50.7,353.9,9.60,3.30,3
1789456122758905292,45.7,393.4,10.12,2.28,3
1789456123790890979,64.0,344.4,7.41,2.85,3
1789456124821375118,61.9,363.4,7.97,5.22,6
1789456125850932069,46.0,372.2,10.12,5.08,3
1789456126881600467,55.1,494.1,8.23,2.16,3
1789456127911819033,39.0,542.6,12.52,1.96,4
1789456128942620435,193.1,150.2,1.15,3.04,0
1789456129971474544,1181.1,0.0,0.12,0.00,2
1789456131001359926,1009.9,0.0,0.12,3.50,1
1789456132031741131,469.7,265.9,0.49,14.16,4
1789456133062918943,51.2,382.2,9.26,2.51,3
1789456134094031015,394.9,300.2,0.57,11.47,3
1789456135125349056,274.3,314.8,1.38,2.35,3
1789456136154457250,892.5,371.6,0.21,8.75,4
1789456137183248789,39.1,473.4,12.60,2.38,3
1789456138214434313,408.5,314.8,0.61,5.06,15
1789456139244528033,43.4,344.2,9.91,9.42,4
1789456140275462652,55.5,350.6,8.29,3.46,3
1789456141308742234,39.9,507.4,12.33,3.39,2
1789456142340261517,41.2,411.9,10.48,3.35,2
1789456143371623116,66.7,345.2,7.15,4.06,3
1789456144403297516,45.9,432.0,9.44,3.02,3
1789456145434652467,53.6,455.2,8.79,1.98,3
1789456146465975339,44.8,485.4,10.77,2.13,4
1789456147497179131,785.6,136.9,0.49,9.04,0
1789456148525996293,567.5,0.0,0.12,0.00,1
1789456149555546018,1061.7,0.1,0.12,0.00,2
1789456150582025267,604.6,115.9,0.20,61.79,126
1789456151611071247,299.8,234.1,1.46,238.68,1
1789456152641993972,726.9,203.7,0.33,70.73,3
1789456153672987796,56.3,328.6,8.41,5.33,3
1789456154702765748,57.7,334.7,8.24,4.61,3
1789456155733993686,328.4,313.3,0.59,23.60,6
1789456156762601143,184.0,331.0,2.30,3.03,3
1789456157791805807,49.3,408.9,9.39,3.57,5
1789456158824841194,46.6,414.0,9.81,3.26,1
1789456159854945506,51.2,426.7,9.00,2.47,5
1789456160884811729,44.9,430.0,10.57,2.39,2
1789456161915948756,43.4,491.6,11.16,2.25,6
1789456162947606957,64.9,289.7,7.30,4.33,3
1789456163978789986,34.2,537.4,13.94,4.13,3
1789456165010325603,50.7,398.7,9.49,2.60,2
1789456166041038454,608.0,218.6,0.71,3.14,0
1789456167069384243,731.6,0.0,0.12,0.00,2
1789456168098821238,1346.9,0.1,0.12,1.20,0
1789456169125365093,1002.3,0.0,0.13,0.00,2
1789456170155376227,188.7,288.8,1.21,127.97,3
1789456171186726455,84.3,363.2,5.55,3.14,0
1789456172218527802,362.5,428.1,0.61,22.61,3
1789456173248560383,348.5,224.4,1.03,2.97,1
1789456174278766575,814.7,254.5,0.17,102.40,42
1789456175310221332,50.4,354.4,10.12,39.31,2
1789456176341687583,397.8,365.1,0.99,2.45,10
1789456177371272876,1.2,366.9,204.20,244.90,114
1789456178402764543,37.1,365.9,12.13,229.54,3
1789456179433513396,49.2,340.9,8.52,2.40,3
1789456180465271521,56.0,443.1,9.55,3.10,3
1789456181496931821,32.5,227.5,12.99,4.88,3
1789456182528192284,60.3,372.3,7.90,2.51,3
1789456183559598599,48.0,320.6,7.85,2.63,3
1789456184591295663,40.5,232.3,13.17,8.34,4
1789456185623005887,46.0,483.4,10.40,3.60,3
1789456186654051341,41.9,338.9,11.38,4.22,3
1789456187685285836,851.8,120.9,0.28,1.35,1
1789456188715135309,976.1,0.1,0.12,0.67,2
1789456189745509788,973.9,0.3,0.13,0.04,1
1789456190776100343,191.1,206.9,1.01,139.24,37
1789456191807369522,853.4,119.7,0.40,82.45,1
1789456192837195578,168.5,473.0,1.18,228.83,122
1789456193869386189,31.0,413.5,17.12,208.83,3
1789456194901546692,420.4,297.3,0.45,25.85,3
1789456195932727868,180.5,439.2,2.36,1.69,0
1789456196964568584,61.0,325.3,7.77,5.29,3
1789456197996488158,45.3,413.7,9.66,4.26,2
1789456199028670541,51.6,411.2,9.30,2.61,3
1789456200059692878,50.7,406.8,9.44,1.77,3
1789456201091371524,59.1,288.5,8.01,6.11,3
1789456202122934294,51.6,392.0,9.19,4.64,3
1789456203154830434,40.2,523.6,11.94,1.79,3
1789456204185638915,58.2,420.3,8.13,2.36,3
1789456205216097339,573.2,342.4,0.64,0.97,0
1789456206244812812,487.3,0.0,0.16,0.12,1
1789456207273562143,1140.4,0.1,0.16,0.03,0
1789456208302009632,515.4,0.2,0.16,0.36,0
1789456209329441627,1112.8,60.8,0.17,17.63,296
1789456210356878828,7.8,387.9,44.61,439.16,3
1789456211387366113,441.1,274.7,0.80,2.44,0
1789456212415983317,162.1,483.8,1.27,14.47,4
1789456213444848837,874.7,107.9,0.40,3.94,2
1789456214474477632,141.4,367.0,1.30,292.09,119
1789456215505853854,37.3,327.3,14.92,316.96,4
1789456216546414213,407.0,308.3,0.94,3.29,2
1789456217575295852,49.5,344.6,9.09,2.13,3
1789456218607024557,59.6,312.3,7.91,3.74,4
1789456219637303759,46.3,316.1,9.00,4.74,1
1789456220666251654,50.2,319.9,9.28,6.02,6
1789456221697428325,54.4,372.8,8.77,2.62,3
1789456222729333702,53.6,312.2,7.89,3.56,3
1789456223760692018,56.5,375.4,8.43,2.56,3
1789456224791242538,60.9,306.7,7.66,5.18,5
1789456225822475353,51.5,346.6,9.51,6.16,3
1789456226853519237,47.3,447.3,9.94,1.76,3
1789456227884490530,647.5,122.0,0.45,2.41,0
1789456228912963437,604.6,0.1,0.17,0.89,0
1789456229942092103,1022.7,0.0,0.18,0.00,0
1789456231012423830,556.8,129.4,0.34,30.48,3
1789456232097502642,997.8,181.3,0.32,5.14,1
1789456233127368820,28.4,402.8,7.44,132.40,1
1789456234158247212,55.3,347.3,8.60,2.79,3
1789456235189250798,385.2,261.8,0.79,5.49,1
1789456236218192005,28.4,335.0,12.86,19.59,2
1789456237249941903,165.8,302.7,2.84,3.83,11
1789456238280628111,29.4,534.3,17.28,2.99,3
1789456239311377476,55.5,437.1,8.59,2.23,3
1789456240342154159,38.6,494.2,11.23,1.68,1
1789456241373155805,53.8,482.8,8.56,1.81,2
1789456242404200214,55.2,385.2,8.52,2.18,2
1789456243435716938,43.3,433.6,10.55,1.91,2
1789456244467057802,53.3,404.1,8.69,2.20,3
1789456245496952866,206.2,332.9,2.20,2.90,1
1789456246525842564,898.8,0.0,0.18,0.14,0
1789456247553790897,915.6,0.0,0.17,0.00,1
1789456248582404208,712.0,0.1,0.18,2.20,0
1789456249610852933,1093.6,0.0,0.17,0.00,1
1789456250640924360,97.2,452.9,2.54,39.26,3
1789456251671993863,437.4,328.9,0.99,5.46,28
1789456252699620187,280.1,428.4,0.99,23.48,1
1789456253728332420,898.2,203.6,0.32,3.85,3
1789456254757587956,34.4,370.1,10.26,20.14,3
1789456255788817555,50.1,392.2,9.51,2.46,3
1789456256819623144,364.6,276.6,0.84,2.10,1
1789456257847757233,34.4,523.0,10.88,3.14,2
1789456258879753656,41.4,523.1,11.27,1.64,3
1789456259911986667,48.9,520.7,9.74,1.85,2
1789456260943716207,50.6,325.4,8.14,3.45,3
1789456261975705532,49.7,386.6,9.39,2.72,3
1789456263007455794,19.2,667.0,25.43,1.31,3
1789456264039311142,46.2,457.3,9.46,1.78,3
1789456265070074975,886.4,37.0,0.24,1.25,0
1789456266098772117,717.9,0.0,0.20,0.20,1
1789456267128445519,946.0,0.0,0.20,0.00,1
1789456268157920804,567.0,89.5,0.19,42.74,18
1789456269186296427,565.6,276.4,0.72,7.07,2
1789456270216317901,465.7,394.3,0.49,17.29,3
1789456271247499119,279.4,436.5,1.59,1.59,1
1789456272277230302,170.2,544.3,1.52,5.89,3
1789456273307987240,946.8,154.4,0.33,0.45,1
1789456274338147646,248.2,492.4,1.21,14.77,2
1789456275370114193,36.9,623.0,12.46,1.50,3
1789456276401505747,52.6,508.7,9.06,2.30,4
1789456277431842785,50.3,459.0,9.42,2.20,3
1789456278463205210,25.4,649.4,19.30,1.40,2
1789456279494507609,24.0,654.2,20.32,0.77,1
1789456280525404838,260.2,244.4,0.58,0.43,0
1789456281553259297,17.6,0.0,0.09,0.04,0
1789456282581112634,0.0,0.0,0.08,0.09,0
1789456283609540102,0.3,0.0,0.11,0.22,0
1789456284638065622,0.1,0.0,0.07,0.06,0
1789456285665896542,0.2,105.0,3.92,11.82,12
1789456286694965354,0.1,589.9,27.85,42.78,390
1789456287725930399,0.0,464.5,0.00,356.15,349
1789456288756449908,0.0,449.5,0.00,374.43,25
1789456289788040152,0.0,474.1,0.00,230.09,444
1789456290819076407,0.0,498.0,0.00,720.86,63
1789456291850204719,28.4,513.9,1.76,289.42,52
1789456292875828841,3032.3,0.0,2.09,0.00,4
1789456293906049525,1860.7,24.1,2.77,0.56,0
1789456294934084221,1805.4,0.0,4.07,0.00,10
1789456295962043116,2454.6,0.0,2.56,0.00,6
1789456296990046075,2226.6,0.0,2.57,0.00,1
1789456298019821996,1652.7,0.0,2.77,0.00,0
1789456299047323521,2247.3,0.0,3.88,8.50,6
1789456300076912225,2375.9,0.0,2.54,0.00,5
1789456301105649747,2084.2,0.5,2.77,0.79,10
1789456302137095229,2156.5,0.0,1.76,0.00,6
1789456303165534176,2153.4,0.0,1.65,0.00,6
1789456304193906914,1836.9,0.1,1.85,11.50,2
1789456305223747348,1781.6,0.0,1.70,0.00,0
1789456306254456810,1643.7,0.1,1.73,0.12,11
1789456307281181704,2162.6,0.3,1.80,0.94,6
1789456308310957522,2171.7,0.0,1.68,0.00,5
1789456309338953412,1944.6,0.0,1.79,0.00,4
1789456310368183142,1834.6,0.0,1.75,0.00,1
1789456311399427288,2348.9,0.0,3.41,11.00,8
1789456312427886141,2324.9,0.0,2.70,8.50,4
1789456313456320825,1838.8,0.0,3.31,0.00,0
1789456314485373196,1722.2,0.0,3.68,0.00,76
1789456315513178877,2385.8,0.0,2.82,0.00,6
1789456316540830006,2238.1,0.0,2.78,0.33,5
1789456317569016562,1795.7,0.0,3.11,8.50,0
1789456318597921139,2411.4,0.0,4.25,0.00,9
1789456319625949872,2000.5,0.0,1.62,1.20,7
1789456320653665296,1903.8,0.8,1.73,1.60,7
1789456321682409453,1795.9,6.3,1.77,1.74,0
1789456322712213703,1674.7,0.0,1.72,0.00,0
1789456323739774556,1746.9,0.0,1.78,0.00,11
1789456324768398429,2084.2,0.0,1.84,0.00,67
1789456325799152237,2044.6,0.0,2.01,0.00,6
1789456326827099868,1986.9,0.1,1.84,4.00,3
1789456327855219694,1799.1,0.0,1.84,0.00,3
1789456328885884158,1788.6,0.6,2.55,0.66,0
1789456329912783742,354.5,26.0,0.43,1.01,0
1789456330941106475,193.9,7.7,10.33,14.57,57
1789456331970630238,2937.3,3.8,2.31,5.96,4
1789456333001563444,2932.6,0.0,3.25,0.00,5
1789456334031615657,2742.4,0.0,3.28,0.00,8
1789456335058592258,2801.5,0.0,2.91,0.00,10
1789456336087220509,2939.4,0.2,2.24,1.56,4
1789456337118060679,2751.6,0.1,1.74,9.50,5
1789456338147127750,2339.1,0.0,1.77,0.00,12
1789456339175007294,2852.0,0.0,1.67,0.00,3
1789456340205904167,2428.0,0.0,1.81,0.00,7
1789456341234376488,2588.5,0.2,1.71,1.55,2
1789456342263052188,2626.7,0.1,1.76,9.50,5
1789456343291954744,2379.6,0.0,1.74,0.00,1
1789456344322752771,3028.3,0.0,2.89,0.00,6
1789456345353682671,2812.7,0.0,3.01,0.00,7
1789456346382222122,2749.2,0.2,3.25,8.65,9
1789456347410675048,2816.6,0.0,2.24,0.00,0
1789456348442041666,2934.2,0.0,3.00,0.00,5
1789456349472381607,2640.9,0.0,4.03,0.00,8
1789456350501341585,2431.9,0.0,1.75,0.00,5
1789456351532141644,2604.6,0.1,1.78,9.00,6
1789456352561565151,2300.8,0.1,1.84,1.00,2
1789456353592481885,2750.1,0.0,1.67,0.00,7
1789456354622138236,2220.3,0.0,1.98,0.00,10
1789456355652882063,2772.1,0.0,1.78,0.00,26
1789456356683492291,2266.5,0.1,2.49,9.00,18
1789456357711601688,1521.8,0.1,1.11,1.40,0
1789456358739587538,94.3,9.8,0.09,0.68,0
1789456359766817939,162.6,0.0,15.58,0.00,0
1789456360794340519,1467.6,0.0,1.46,0.00,0
1789456361821524375,1295.4,0.1,3.34,6.50,5
1789456362851272564,331.7,0.2,1.51,0.96,0
1789456363879350130,1542.7,0.0,3.84,0.00,2
1789456364910025881,82.7,0.0,0.41,0.00,0
1789456365937218286,1629.5,0.1,3.13,1.67,0
1789456366964515359,2.4,0.0,1.05,0.00,0
1789456367991755648,1631.7,0.2,2.86,0.05,0
1789456369019091767,0.0,0.0,0.00,0.00,0
1789456370046376268,1629.5,0.0,3.67,0.00,0
1789456371073464835,174.2,0.1,19.74,28.50,10
1789456372101429463,1455.0,0.0,1.56,0.00,0
1789456373129339308,647.0,0.3,6.38,0.08,7
1789456374159302889,979.9,0.0,1.45,0.00,0
1789456375187527104,1097.4,0.0,4.31,0.00,5
1789456376219170819,1943.7,0.0,1.69,7.00,4
1789456377249990106,207.2,0.1,1.77,0.09,0
1789456378278357525,1570.1,0.0,1.83,0.00,0
1789456379308967416,54.9,0.0,0.41,0.00,0
1789456380336324014,1628.9,0.0,1.76,0.00,0
1789456381364051841,0.0,0.1,0.00,3.00,0
1789456382391255966,1629.2,0.2,1.78,0.12,0
1789456383418762445,63.3,0.0,3.71,0.00,11
1789456384446048662,1566.7,0.0,1.67,0.00,0
1789456385473452911,519.1,0.0,2.11,0.00,6
1789456386502423720,1111.8,0.1,1.51,1.50,0
1789456387530710579,1002.8,0.1,1.76,0.94,5
1789456388561325052,623.5,0.0,1.73,0.00,0
1789456389589733101,1370.3,0.0,1.69,0.00,4
1789456390619816645,255.7,0.0,2.04,0.00,0
1789456391647640237,1510.1,0.1,1.89,9.50,3
1789456392677978194,115.7,0.2,0.92,4.38,0
1789456393705493215,1627.8,0.0,1.83,0.00,0
1789456394734164182,0.0,0.0,0.00,0.00,0
1789456395761756437,1629.3,0.0,1.78,0.00,0
1789456396788720273,1630.6,0.1,3.03,8.00,0
1789456397814870412,203.6,0.1,12.17,7.47,9
1789456398841691019,1426.7,0.0,1.52,0.00,0
1789456399869411554,584.7,0.0,6.76,0.00,6
1789456400900151239,1042.1,0.0,1.45,0.00,0
1789456401927880567,1063.0,0.1,3.64,8.50,5
1789456402959344132,562.1,0.1,1.49,8.62,0
1789456403986572753,1455.0,0.0,3.46,0.00,4
1789456405016040790,172.3,0.0,1.92,0.00,0
1789456406042611952,1606.7,0.0,3.67,0.00,1
1789456407069242322,25.0,0.1,0.42,1.50,0
1789456408095911582,1630.0,0.1,3.25,0.17,0
1789456409123014212,0.0,0.0,0.00,0.00,0
1789456410148900669,1631.3,0.0,3.57,0.00,0
1789456411175658992,0.0,0.0,0.00,0.00,0
1789456412202564100,1629.7,0.1,3.88,34.50,0
1789456413229622800,88.0,0.0,30.49,0.00,84
1789456414257254994,2169.4,0.2,3.23,1.24,6
1789456415286661470,998.9,0.0,1.64,0.00,0
1789456416314478495,972.0,0.1,1.86,6.00,6
1789456417344142917,655.2,0.0,1.70,0.00,0
1789456418371224634,1343.6,0.0,1.71,0.00,4
1789456419401169206,283.2,0.1,2.14,1.35,0
1789456420428122152,1455.6,0.0,1.90,0.00,6
1789456421457556004,172.2,0.1,1.46,8.50,0
1789456422485051448,1626.7,0.0,1.81,0.00,0
1789456423514315649,0.0,0.0,0.00,0.00,0
1789456424540817486,1630.4,0.1,1.70,8.00,0
1789456425567442809,0.0,0.0,0.00,0.00,0
1789456426594151962,1630.3,0.1,1.72,5.00,0
1789456427620842468,57.9,0.0,4.02,0.00,11
1789456428647476586,1573.2,0.0,1.91,0.00,0
1789456429674432133,439.9,0.1,2.31,4.42,8
1789456430702366027,1190.0,0.0,1.58,0.00,0
1789456431729503471,903.4,0.1,1.79,8.50,6
1789456432759084131,724.5,0.0,1.89,0.00,0
1789456433785878972,1323.7,0.0,1.68,0.00,6
1789456434816052519,466.6,0.2,6.64,1.48,0
1789456435843000217,1463.8,0.0,1.67,0.00,0
1789456436873020367,0.0,0.1,14.00,8.00,0
1789456437900318495,1630.3,0.0,3.69,0.00,0
1789456438926904548,0.0,0.0,0.00,0.00,0
1789456439953981035,196.2,0.2,15.75,0.56,9
1789456440981104379,1434.7,0.0,1.55,0.00,0
1789456442006789801,0.0,0.1,0.00,10.00,0
1789456443034096350,1344.5,0.0,3.63,0.00,6
1789456444063946380,282.0,0.0,1.68,0.00,0
1789456445090954863,0.0,0.2,0.00,4.56,0
1789456446118408562,1628.9,0.0,3.82,0.00,0
1789456447145842199,0.0,0.1,0.00,9.00,0
1789456448173079994,210.2,0.0,15.14,0.00,8
1789456449200634092,1419.5,0.0,1.54,0.00,0
1789456450227088242,0.0,0.1,0.00,10.18,0
1789456451254636861,1285.7,0.0,4.14,0.00,4
1789456452283798643,341.5,0.1,1.65,6.00,0
1789456453310659833,0.3,0.1,4.86,1.00,0
1789456454337692489,1629.9,0.0,3.54,0.00,0
1789456455364724954,0.0,0.2,0.50,4.96,0
1789456456391662327,119.3,0.0,21.89,0.00,55
1789456457418823906,1511.1,0.0,2.20,0.00,0
1789456458445358136,0.0,0.1,0.00,8.50,0
1789456459472219798,1223.2,0.0,4.29,0.00,6
1789456460502300088,735.3,0.2,2.04,0.33,9
1789456461529380548,1298.4,0.0,1.60,0.00,0
1789456462555493973,0.0,0.0,0.00,0.00,0
1789456463582873445,1464.4,0.1,1.64,8.50,2
1789456464612603596,162.5,0.0,1.30,0.00,0
1789456465639337026,0.0,0.1,7.00,7.47,0
1789456466666254734,1630.1,0.0,1.72,0.00,0
1789456467693412453,0.0,0.0,0.00,0.00,0
1789456468720448981,363.0,0.1,2.37,8.50,9
1789456469748439028,1266.0,0.0,1.34,0.00,0
1789456470775430195,0.0,0.1,0.00,7.47,0
1789456471802548412,1375.1,0.0,1.74,0.00,4
1789456472832095356,252.0,0.0,2.04,0.00,0
1789456473859042319,0.0,0.1,0.00,8.50,0
1789456474886392382,1629.4,0.0,1.78,0.00,0
1789456475913964211,0.0,0.1,0.00,7.00,0
1789456476940886667,340.7,0.0,2.36,0.00,8
1789456477968884563,1288.7,0.0,1.58,0.00,0
1789456478995341854,0.0,0.1,0.00,8.50,0
1789456480022698612,1375.7,0.0,1.75,0.00,3
1789456481051406204,251.3,0.1,2.03,0.62,0
1789456482077997104,0.0,0.0,14.00,0.00,0
1789456483105232076,1628.5,0.0,1.82,0.00,0
1789456484132938083,0.0,0.1,0.00,2.00,0
1789456485159935608,284.3,0.0,2.60,0.00,9
1789456486187481964,1345.3,0.3,1.64,0.13,0
1789456487214465787,0.0,0.0,0.00,0.00,0
1789456488242279487,1362.4,0.0,1.76,0.00,3
1789456489272736472,829.1,0.1,3.57,11.50,8
1789456490301627692,1092.4,0.2,1.38,0.75,0
1789456491328261543,0.1,0.4,0.17,13.95,0
1789456492355586703,1514.5,0.0,3.54,0.00,4
1789456493385594956,111.8,0.4,1.09,8.50,0
1789456494412593850,0.0,0.0,0.00,0.00,0
1789456495438963914,1629.9,0.0,3.44,0.00,0
1789456496465807907,0.0,0.6,0.00,1.03,0
1789456497493134957,407.4,0.0,10.47,0.00,6
1789456498522191335,1220.8,0.1,1.48,8.50,0
1789456499549414378,0.0,0.0,0.00,0.00,0
1789456500576880290,1511.6,0.0,3.17,0.00,3
1789456501606729331,114.8,0.2,1.20,6.22,4
1789456502633868265,0.4,0.0,0.35,0.00,0
1789456503660701493,1630.3,0.1,3.52,8.00,0
1789456504687436841,0.0,0.0,0.00,0.00,0
1789456505714773780,514.2,0.0,7.66,0.00,7
1789456506744660244,1113.4,0.3,1.46,1.89,0
1789456507771627151,0.0,0.0,0.00,0.00,0
1789456508798993522,1512.2,0.1,3.66,31.50,3
1789456509828430400,114.8,0.0,1.14,0.00,0
1789456510854479098,0.0,0.0,0.00,0.00,0
1789456511881116807,1629.7,0.1,3.58,0.19,0
1789456512908580913,0.0,0.0,14.00,0.00,0
1789456513936021704,342.9,0.1,15.89,0.67,12
1789456514963725325,1291.5,0.0,1.47,0.00,0
1789456515990959515,1629.5,0.0,1.76,0.00,0
1789456517018424920,0.0,0.2,0.00,3.80,0
1789456518046202630,742.1,0.0,1.95,0.00,6
1789456519076105049,885.0,0.1,1.58,8.50,0
1789456520103127688,0.0,0.0,0.00,0.00,0
1789456521130706037,1496.6,0.0,1.83,0.00,2
1789456522160538875,130.3,0.1,1.09,9.33,0
1789456523186748777,0.0,0.0,0.00,0.00,0
1789456524213820457,1630.5,0.1,1.75,8.50,0
1789456525240243463,0.0,0.0,0.00,0.00,0
1789456526267513207,756.3,0.0,1.94,0.00,4
1789456527297503936,871.0,0.1,1.68,0.50,0
1789456528324542855,0.0,0.1,0.00,8.50,0
1789456529351592189,1508.0,0.0,1.80,0.00,4
1789456530381519012,119.4,0.0,1.01,0.00,0
1789456531408360753,0.0,0.0,0.00,0.00,0
1789456532435420632,1630.2,0.2,1.53,7.47,0
1789456533462296614,0.0,0.1,0.00,8.00,0
1789456534489940083,712.8,0.0,2.05,0.00,8
1789456535520288663,914.3,0.0,1.25,0.00,0
1789456536547081418,0.0,0.0,0.00,0.00,0
1789456537574726982,1497.0,0.1,1.92,1.00,4
1789456538604919096,129.3,0.1,1.07,8.50,0
1789456539632138131,0.0,0.0,0.00,0.00,0
1789456540658732886,1630.1,0.0,1.74,0.00,0
1789456541685729891,0.0,0.0,0.00,0.00,0
1789456542713459042,770.2,0.1,1.93,1.20,6
1789456543742805843,870.4,12.4,0.58,1.10,0
1789456544770092403,162.6,0.0,20.34,0.00,0
1789456545797285986,1700.5,0.0,2.59,0.00,10
1789456546825376346,2924.1,0.0,2.26,0.00,2
1789456547855913374,2988.1,0.1,2.94,1.13,5
1789456548886413103,2712.7,0.1,3.35,8.00,7
1789456549914677031,2772.1,0.0,3.09,0.00,9
1789456550942665127,2926.4,0.0,2.18,0.00,1
1789456551973290715,2819.4,0.0,1.70,0.00,6
1789456553002826053,2341.4,0.1,1.81,0.61,10
1789456554030635109,2789.4,0.1,1.67,7.00,3
1789456555061264113,2462.8,0.0,1.80,0.00,8
1789456556089601337,2544.5,0.0,1.72,0.00,3
1789456557120252149,2694.8,0.0,1.73,0.00,5
1789456558149524254,2349.6,0.0,1.81,0.00,49
1789456559179128657,3052.7,0.2,2.75,1.78,5
1789456560209123938,2866.5,0.0,2.83,0.00,5
1789456561240078097,2720.7,0.0,3.37,0.00,7
1789456562267844683,2749.0,0.0,2.43,0.00,40
1789456563296509471,2928.7,0.0,3.02,8.50,6
1789456564326470038,2642.2,0.2,4.02,1.40,8
1789456565354442412,2414.9,0.0,1.75,0.00,2
1789456566384490635,2658.8,0.0,1.73,0.00,13
1789456567413395037,2308.7,0.0,1.77,0.00,1
1789456568443399708,2800.3,0.1,1.69,7.00,7
1789456569473478597,2240.0,0.1,1.96,0.21,14
1789456570501866802,2772.7,0.0,1.75,0.00,8
1789456571532363816,2273.2,0.0,2.77,0.00,11
1789456572560864675,2876.8,0.0,2.25,0.00,1
1789456573591555127,3009.1,0.1,2.86,7.50,6
1789456574621763654,2716.0,0.1,3.49,2.33,6
1789456575650028363,2752.9,0.0,3.16,0.00,9
1789456576678350762,2896.1,0.0,2.31,0.00,0
1789456577709209302,3022.6,0.0,2.26,0.00,4
1789456578739458978,2350.8,0.1,1.86,7.50,9
1789456579767277954,2638.6,0.1,1.70,0.15,3
1789456580797777421,2608.6,0.0,1.75,0.00,5
1789456581825812529,2419.0,0.0,1.71,0.00,1
1789456582856879176,2822.4,0.0,1.70,0.00,6
1789456583887375557,2299.0,0.1,1.85,6.00,12
1789456584918439264,2863.7,0.1,2.29,0.77,4
1789456585949332932,2760.5,0.0,3.45,0.00,7
1789456586978457553,2821.2,0.0,2.86,0.00,7
1789456588005806457,2815.6,0.0,2.44,0.00,85
1789456589034149813,3006.6,0.1,2.55,7.00,4
1789456590065211694,2524.2,0.2,5.12,0.84,8
1789456591095340792,2550.4,0.0,1.65,0.00,13
1789456592123643942,2857.8,0.0,1.68,0.00,7
1789456593153745458,2199.9,0.0,1.90,0.00,12
1789456594181768225,2748.8,0.1,1.69,6.50,4
1789456595211144857,2352.6,0.1,1.82,1.53,8
1789456596239073317,2565.6,0.0,1.92,0.00,5
1789456597269687697,2414.4,0.0,1.81,0.00,7
1789456598300304055,2642.1,0.1,2.37,8.50,0
1789456599330047233,2957.0,0.0,3.06,0.00,6
1789456600360305968,2773.2,0.1,3.29,1.72,8
1789456601388637312,2670.3,0.0,3.61,0.00,9
1789456602416667549,2934.8,0.0,2.43,0.00,4
1789456603447074993,2850.5,0.1,3.13,7.50,5
1789456604475051285,2597.7,0.0,1.76,0.00,8
1789456605503328550,2626.8,0.2,1.70,1.00,3
1789456606533271405,2613.8,0.0,1.76,0.00,6
1789456607561477401,2409.5,0.0,1.72,0.00,1
1789456608591133192,2833.9,0.1,1.70,9.00,5
1789456609621623782,2341.8,0.0,1.84,0.00,10
1789456610650019663,2739.3,0.2,1.68,0.98,4
1789456611680376038,2743.5,0.0,2.96,0.00,6
1789456612708490658,2804.7,0.0,2.92,0.00,7
1789456613736490591,2831.7,0.1,2.24,7.50,1
1789456614767610275,3051.4,0.0,2.86,0.00,3
1789456615798597284,2610.0,0.0,3.42,0.00,8
1789456616827077140,2613.0,0.4,3.81,0.96,11
1789456617856009496,2806.0,0.0,1.68,0.00,5
1789456618886425037,2323.2,0.0,1.84,0.00,9
1789456619914785117,2603.5,0.0,1.74,0.00,4
1789456620945494846,2409.4,0.2,1.78,1.10,12
1789456621973840013,2537.1,0.2,1.89,3.11,5
1789456623004716804,2493.0,0.1,1.84,1.67,9
1789456624033231784,2447.9,0.0,1.81,0.00,4
1789456625064462638,2888.4,0.0,3.02,0.00,5
1789456626094905796,2743.1,0.4,3.23,1.36,8
1789456627122517733,2753.8,0.0,2.84,0.00,40
1789456628165626867,2918.9,0.1,2.99,24.00,4
1789456629196215069,2770.2,0.0,3.30,0.00,5
1789456630224788467,2767.8,0.0,2.55,0.00,6
1789456631253492786,2593.4,0.2,1.72,1.59,3
1789456632283340086,2617.5,0.1,1.75,7.50,6
1789456633311500262,2406.2,0.0,1.71,0.00,0
1789456634342619908,2860.8,0.0,1.69,0.00,4
1789456635372894806,2335.9,0.0,1.86,0.00,6
1789456636400608926,2719.1,0.1,1.66,0.80,4
1789456637430236382,2504.6,0.1,2.47,12.50,9
1789456638457935934,2819.5,0.0,2.89,0.00,10
1789456639485894028,2928.5,0.0,2.36,0.00,3
1789456640516743281,2967.7,0.0,2.76,0.00,7
1789456641546632020,2739.8,0.1,3.16,1.13,7
1789456642575057704,2601.8,0.1,3.16,6.50,118
1789456643606160820,2920.0,0.0,2.96,0.00,4
1789456644636405562,2404.1,0.0,1.80,0.00,7
1789456645664409541,2548.2,0.0,1.74,0.00,4
1789456646694120221,2517.8,0.0,1.78,0.00,8
1789456647722478255,2437.9,0.2,1.72,1.70,3
1789456648753121353,2578.6,0.0,1.95,0.00,5
1789456649781857214,2332.2,0.0,1.88,0.00,2
1789456650812507614,2795.3,0.0,2.28,0.00,6
1789456651842060945,2672.1,0.0,3.51,0.00,7
1789456652870529657,2745.5,0.2,2.59,4.30,0
1789456653901821196,3023.7,0.0,3.03,0.00,5
1789456654932557303,2800.9,0.0,3.13,0.00,7
1789456655961760559,2825.3,0.0,2.89,0.00,7
1789456656992569937,2681.0,0.0,1.66,0.00,1
1789456658023109747,2811.3,0.2,1.71,1.35,4
1789456659053023122,2343.1,0.0,1.82,0.00,12
1789456660082006475,2771.7,0.0,1.67,0.00,4
1789456661112467302,2483.7,0.0,1.79,0.00,6
1789456662141138784,2512.4,0.0,1.75,0.00,3
1789456663172551891,2673.2,0.3,1.74,1.80,6
1789456664203082124,2479.4,0.0,3.73,0.00,28
1789456665231715493,2959.4,0.0,2.52,0.00,4
1789456666262371111,2797.8,0.1,3.21,14.75,4
1789456667292389921,2737.6,0.0,3.19,0.00,7
1789456668320918572,2744.6,0.2,2.26,1.04,92
1789456669350883061,2806.2,0.0,4.35,0.00,8
1789456670381545900,2552.3,0.0,1.77,0.00,10
1789456671409813121,2571.4,0.1,1.71,7.00,4
1789456672440814996,2436.7,0.0,1.83,0.00,7
1789456673469460042,2481.2,0.1,1.74,0.11,4
1789456674500488241,2526.2,0.0,1.98,0.00,6
1789456675529460516,2407.9,0.0,1.80,0.00,2
1789456676560571810,2703.9,0.1,1.74,8.00,6
1789456677591667992,2403.2,0.0,3.56,0.00,36
1789456678620540479,2974.6,0.2,2.46,1.62,4
1789456679652064831,2815.6,0.0,3.41,0.00,6
1789456680682681499,2634.1,0.0,3.58,0.00,8
1789456681711396192,2819.8,0.1,2.20,7.00,79
1789456682741396756,3057.7,0.0,2.95,0.00,3
1789456683771967281,2612.2,0.2,1.79,0.62,6
1789456684800856785,2406.3,0.0,1.72,0.00,1
1789456685832023957,2838.6,0.0,1.70,0.00,6
1789456686862721458,2357.1,0.2,1.82,3.33,10
1789456687891213027,2733.7,0.0,1.67,0.00,3
1789456688921956466,2491.0,0.4,1.80,1.61,7
1789456689950724997,2494.1,0.0,1.73,0.00,3
1789456690982522841,2828.3,0.0,3.29,0.00,6
1789456692013148744,2672.3,0.1,3.55,15.50,8
1789456693041555181,2761.0,0.0,2.37,0.00,79
1789456694071372706,3049.5,0.3,2.98,4.43,4
1789456695101913129,2667.9,0.0,3.27,0.00,7
1789456696131369301,2641.9,0.0,3.84,0.00,13
1789456697159282684,2732.8,0.2,1.68,7.00,4
1789456698189697043,2353.7,0.0,1.84,0.00,8
1789456699218379445,2554.4,0.3,1.76,2.29,4
1789456700249173177,2432.6,0.0,1.77,0.00,8
1789456701277573175,2521.0,0.1,1.89,1.00,6
1789456702308526203,2522.0,0.0,1.82,14.00,11
1789456703336864734,2417.6,0.0,1.83,0.00,3
1789456704367034631,2649.7,0.0,3.19,0.00,7
1789456705395495950,2787.3,0.3,3.12,0.87,7
1789456706424300995,2785.3,0.1,2.47,7.50,1
1789456707455704860,2961.0,0.0,3.14,0.00,6
1789456708485508768,2832.6,0.0,2.90,0.00,6
1789456709514009438,2799.7,0.0,2.50,0.00,6
1789456710542862613,2625.8,0.2,1.72,1.14,4
1789456711574042535,2597.9,0.1,1.75,3.50,6
1789456712603029671,2419.2,0.0,1.72,0.00,1
1789456713634577757,2855.1,0.0,1.69,0.00,4
1789456714665761998,2341.6,0.0,1.86,0.00,10
1789456715694487027,2727.2,0.2,1.69,0.83,4
1789456716724273069,2372.8,0.1,2.97,4.00,8
1789456717753177043,2756.0,0.0,2.53,0.00,84
1789456718783457544,3075.6,0.0,2.73,0.00,4
1789456719813979760,2861.4,0.0,2.92,0.00,5
1789456720843948216,2774.9,0.3,3.04,1.16,7
1789456721873095353,2633.0,0.1,2.72,30.00,1
1789456722905641059,2908.5,0.0,3.52,0.00,7
1789456723936229005,2315.2,0.0,1.83,0.00,7
1789456724965590570,2666.7,0.0,1.70,0.00,4
1789456725996986054,2426.4,0.2,1.80,1.38,9
1789456727026099569,2532.5,0.2,1.71,10.50,3
1789456728057491543,2519.6,0.0,1.90,0.00,9
1789456729086628996,2397.2,0.0,1.77,0.00,3
1789456730118001559,2587.6,0.0,2.70,0.00,6
1789456731146996465,786.5,0.3,1.45,2.67,0
1789456732175457917,1541.4,0.1,4.17,8.50,2
1789456733206990892,82.6,0.0,0.49,0.00,0
1789456734234855307,400.6,0.0,8.70,0.00,6
1789456735263893708,1227.6,0.0,1.47,0.00,0
1789456736291258643,0.1,0.7,0.50,1.68,0
1789456737318450591,1634.7,0.0,2.85,0.00,0
1789456738346185298,0.0,0.0,0.00,0.00,0
1789456739374227116,933.0,0.0,5.21,0.00,6
1789456740404399465,694.1,0.0,1.44,0.00,0
1789456741431412289,0.0,0.7,14.00,1.59,0
1789456742458731404,1629.0,0.0,3.09,0.00,0
1789456743486310339,0.0,0.0,14.00,0.00,0
1789456744514557885,1471.5,0.0,3.44,0.00,4
1789456745545190878,153.7,0.0,1.91,0.00,0
1789456746573150438,139.9,0.5,14.78,4.09,34
1789456747600529320,1490.5,0.0,1.83,0.00,0
1789456748628170749,0.0,0.0,0.00,0.00,0
1789456749655799464,1626.6,0.1,2.88,14.00,0
1789456750684843887,0.1,0.0,7.50,0.00,0
1789456751713024871,592.0,0.3,5.55,6.33,7
1789456752744305535,1137.9,0.0,1.56,0.00,11
1789456753772263089,1524.7,0.0,1.67,0.00,0
1789456754800058495,0.3,0.0,3.22,0.00,0
1789456755827056403,1625.3,0.0,1.62,0.00,0
1789456756857003344,0.3,0.8,6.36,0.13,0
1789456757885172779,489.7,0.0,2.11,0.00,7
1789456758914645244,1137.4,0.0,1.59,0.00,0
1789456759942950082,0.0,0.0,0.00,0.00,0
1789456760970934272,1627.3,0.0,1.80,0.00,0
1789456761999496431,0.0,0.6,0.00,0.87,0
1789456763028035925,919.4,0.0,1.83,0.00,5
1789456764059269298,705.8,0.0,1.67,0.00,0
1789456765087026962,0.0,0.1,0.00,5.25,0
1789456766112339779,1629.9,0.3,1.75,0.75,0
1789456767139919237,0.6,0.8,0.21,0.32,0
1789456768168729867,1322.7,0.0,1.68,3.50,4
1789456769199534277,302.2,0.0,2.25,0.00,0
1789456770227120240,0.0,0.0,0.00,0.00,0
1789456771253420060,1632.5,0.0,1.77,0.00,0
1789456772280000825,0.0,0.6,0.00,4.84,0
1789456773308312966,1442.0,0.0,1.82,0.00,4
1789456774338984691,182.8,0.0,1.55,0.00,0
1789456775366629654,159.8,0.0,2.76,0.00,11
1789456776394601680,1469.6,0.2,1.68,4.50,0
1789456777422290387,0.1,0.2,0.00,10.88,0
1789456778449865706,1570.1,0.0,1.83,0.50,1
1789456779478332085,1524.6,0.3,3.02,0.42,3
1789456780506438719,161.5,0.2,1.80,0.38,0
1789456781534165363,0.5,0.6,2.00,0.67,97
1789456782560220468,1629.1,0.8,3.05,1.38,0
1789456783587298021,0.0,0.0,0.00,0.00,0
1789456784615306972,1585.2,0.0,3.62,0.00,1
1789456785645828116,40.3,0.0,0.40,0.00,0
1789456786673506375,323.9,0.2,8.72,8.50,10
1789456787701631212,1305.1,0.3,1.50,1.15,0
1789456788728983161,0.0,0.0,0.00,0.00,0
1789456789756593153,1627.4,0.0,3.68,0.00,0
1789456790785405812,0.0,0.0,0.00,0.00,0
1789456791813460327,579.2,0.1,7.21,9.00,8
1789456792844186991,1047.1,0.2,1.46,0.39,0
1789456793871980108,0.0,0.0,0.00,0.00,0
1789456794899297403,1628.5,0.0,3.72,0.00,0
1789456795927577218,0.0,0.0,0.00,0.00,0
1789456796956028494,840.1,0.1,5.48,8.50,7
1789456797987088206,786.3,0.1,1.41,0.56,0
1789456799013841582,0.0,0.0,0.00,0.00,0
1789456800041575403,1628.9,0.0,3.05,0.00,0
1789456801069325261,1.9,0.0,0.96,0.00,0
1789456802097811133,994.1,0.2,8.41,8.50,5
1789456803129132471,1277.5,0.3,1.66,3.56,8
1789456804160117880,977.7,0.0,1.58,0.00,0
1789456805187763092,0.0,0.0,14.00,0.00,0
1789456806215477073,1627.7,0.0,1.78,0.00,0
1789456807243665889,0.0,0.1,0.00,2.00,0
1789456808272275529,916.4,0.2,1.73,4.19,5
1789456809303335422,708.9,0.0,1.78,0.00,0
1789456810331411818,0.0,0.0,0.00,0.00,0
1789456811358612833,1629.6,0.1,1.58,1.50,0
1789456812386099850,0.0,0.0,0.00,0.00,0
1789456813414880085,1241.5,0.1,1.63,5.38,5
1789456814445251782,383.2,0.0,2.07,0.00,0
1789456815472815957,0.0,0.0,0.00,0.00,0
1789456816499762989,1630.6,0.1,1.76,1.50,0
1789456817526439900,0.0,0.0,0.00,0.00,0
1789456818553584453,1485.0,0.2,1.56,0.88,3
1789456819583195656,141.8,0.0,1.24,0.00,0
1789456820610829902,0.5,0.0,2.07,0.00,0
1789456821638687379,1628.4,0.1,1.94,1.50,0
1789456822666355942,24.6,0.0,0.25,0.00,1
1789456823694076109,1505.4,0.7,1.29,1.31,5
1789456824724630450,153.8,0.0,1.44,0.00,0
1789456825751725949,280.3,0.0,2.24,0.00,10
1789456826779393269,1350.1,0.0,1.75,0.00,0
1789456827805604360,0.0,0.0,0.00,0.00,0
1789456828833091378,1628.0,0.4,1.60,0.48,0
1789456829861780214,1453.7,0.0,3.88,0.00,3
1789456830891473503,602.1,0.0,7.78,0.00,6
1789456831919543145,2823.7,0.0,2.18,0.00,49
1789456832948630976,3084.0,0.0,2.98,0.00,4
1789456833976141230,2719.6,0.6,3.29,2.19,7
1789456835003841408,2799.4,0.0,3.05,0.00,7
1789456836031865773,2814.1,0.0,2.35,0.00,10
1789456837061400021,2884.9,0.0,1.71,0.00,5
1789456838090921606,2346.9,0.0,1.85,0.00,9
1789456839118823589,2680.2,0.4,1.69,1.82,4
1789456840148682847,2574.3,0.0,1.76,0.00,6
1789456841176347395,2438.8,0.0,1.74,0.00,0
1789456842206362046,2800.5,0.0,1.71,0.00,6
1789456843236099416,2294.7,0.0,2.55,0.00,38
1789456844263679400,2981.0,0.2,2.48,1.50,4
1789456845291449239,2898.4,0.0,2.98,0.00,4
1789456846320248621,2805.5,0.0,2.97,0.00,7
1789456847347101164,2795.3,0.0,2.97,0.00,10
1789456848374919867,2686.7,16.5,2.76,3.15,8
1789456849404894775,2647.1,0.6,3.75,1.47,10
1789456850432564115,2456.2,0.0,1.75,0.00,4
1789456851462152783,2616.7,0.0,1.75,0.00,5
1789456852490270639,2303.0,0.0,1.83,0.00,2
1789456853520833462,2741.7,0.2,1.69,7.00,8
1789456854550153767,2235.7,0.3,1.93,0.50,11
1789456855579803037,2805.0,0.0,1.82,0.00,5
1789456856610071988,2254.5,0.0,2.82,0.00,8
1789456857637918892,2925.0,0.0,2.44,0.00,3
1789456858668511136,2774.1,0.1,3.34,3.50,5
1789456859697114747,2669.1,0.2,3.81,0.12,5
1789456860725134466,2823.4,0.0,2.34,0.00,0
1789456861755206818,3050.2,0.0,2.96,0.00,4
1789456862785902691,2857.8,0.0,2.28,0.00,5
1789456863814399431,2326.8,0.1,1.80,7.50,11
1789456864842457787,2847.2,0.2,1.69,1.00,3
1789456865872732956,2392.9,0.0,1.83,0.00,8
1789456866900653630,2620.7,0.0,1.70,0.00,3
1789456867930629361,2627.6,0.0,1.76,0.00,4
1789456868958738615,2379.7,0.1,1.75,2.00,0
1789456869988988792,2858.6,0.5,2.32,1.34,6
1789456871013356922,2790.7,0.3,3.09,0.93,8
1789456872041268239,2688.1,0.2,3.14,3.00,32
1789456873069183488,2992.7,0.4,2.45,1.14,4
1789456874094643813,2879.1,0.4,2.94,4.83,7
1789456875121934377,2536.8,1.0,4.83,1.44,8
1789456876150330335,2730.2,0.0,1.67,0.00,2
1789456877180721333,2702.7,0.0,1.69,0.00,6
1789456878209234491,2277.5,0.0,1.79,0.00,0
1789456879238988096,2787.5,0.2,1.72,6.50,8
1789456880269243245,2318.1,0.3,1.79,0.90,13
1789456881296792556,2732.9,0.0,1.90,0.00,5
1789456882327210416,2261.7,0.0,1.88,0.00,7
1789456883356842659,2714.9,0.1,2.83,7.00,4
1789456884386951933,2736.1,0.0,3.17,0.00,6
1789456885414384560,2784.2,0.2,3.11,1.63,7
1789456886442062942,2798.8,0.0,2.43,0.00,1
1789456887472028618,2907.6,0.0,3.42,0.00,6
1789456888502496985,2727.2,0.1,3.20,27.00,8
1789456889532238755,2612.6,0.0,1.67,0.00,11
1789456890560917304,2862.0,0.2,1.68,1.06,4
1789456891590903864,2377.3,0.0,1.84,0.00,8
1789456892618741485,2629.8,0.0,1.70,0.00,4
1789456893648771943,2615.1,0.2,1.75,9.00,6
1789456894677250252,2396.4,0.0,1.74,0.00,1
1789456895708027369,2806.1,0.5,1.71,0.78,3
1789456896738088063,2536.9,0.0,3.39,0.00,8
1789456897765913160,2837.4,0.0,2.21,0.00,86
1789456898795010225,3056.1,0.2,2.86,8.00,5
1789456899825469737,2818.2,0.0,2.93,0.00,7
1789456900853714198,2634.2,0.3,3.48,3.77,9
1789456901882055400,2754.6,0.0,3.57,0.00,4
1789456902910394649,2699.9,0.0,1.73,0.00,5
1789456903939209410,2296.4,0.1,1.76,7.50,0
1789456904969953045,2785.6,0.0,1.74,0.00,5
1789456906000482158,2299.0,0.2,1.81,0.08,11
1789456907028930657,2745.1,0.0,1.87,0.00,4
1789456908059515680,2292.2,0.0,1.92,0.00,10
1789456909088134549,2631.4,0.2,1.80,7.00,3
1789456910119041082,2540.0,0.0,3.72,0.00,8
1789456911147267037,2723.1,0.3,3.05,0.61,47
1789456912175482451,2977.1,0.0,2.68,0.00,4
1789456913206030609,2813.2,0.0,3.27,0.00,5
1789456914235107866,2768.0,0.1,3.07,7.00,6
1789456915263042041,2803.2,0.0,2.35,0.00,12
1789456916291679570,2851.8,0.3,1.69,0.96,3
1789456917322287103,2382.2,0.0,1.84,0.00,8
1789456918350640252,2621.9,0.2,1.71,10.50,4
1789456919380869065,2646.4,0.0,1.73,0.00,5
1789456920409124964,2392.4,0.0,1.72,0.00,1
1789456921439851775,2826.7,0.4,1.73,1.33,26
1789456922470324232,2315.2,0.0,2.77,0.00,8
1789456923498837271,2912.4,0.2,2.20,4.50,2
1789456924529156243,3003.0,0.0,2.84,0.00,7
1789456925558921067,2817.1,0.0,2.96,0.00,7
1789456926586916824,2634.5,0.3,3.48,1.56,10
1789456927615431594,2851.8,0.0,2.61,0.00,4
1789456928645775307,2706.6,0.2,3.70,9.50,7
1789456929674276924,2330.7,0.0,1.73,0.00,1
1789456930705261416,2688.0,0.0,1.79,0.00,6
1789456931735748645,2246.9,0.3,1.77,1.83,12
1789456932763873240,2844.0,0.0,1.67,0.00,6
1789456933794003798,2210.5,0.2,2.12,7.00,12
1789456934822263861,2724.2,0.0,1.72,0.00,5
1789456935852739690,2369.2,0.0,2.58,0.00,6
1789456936881369329,2761.5,0.3,2.58,0.42,1
1789456937912561097,3003.2,0.0,3.06,0.00,5
1789456938942250885,2729.5,0.1,3.30,8.00,6
1789456939970425490,2776.8,0.0,3.02,0.00,11
1789456940998778730,2885.6,0.0,2.20,0.00,1
1789456942028996985,3000.5,0.2,2.31,1.08,4
1789456943059945847,2405.3,0.0,1.83,0.00,7
1789456944088817891,2588.2,0.1,1.72,6.00,3
1789456945119293412,2660.0,0.0,1.73,0.00,5
1789456946148056790,2379.8,0.0,1.72,0.00,0
1789456947178665844,2865.5,0.2,1.71,1.19,6
1789456948210254301,2315.9,0.0,1.86,0.00,8
1789456949241216848,2803.0,0.2,2.25,7.50,4
1789456950272300340,2847.9,0.0,3.18,0.00,5
1789456951302178378,2825.8,0.0,2.86,0.00,8
1789456952330040844,2820.5,0.2,2.84,0.35,9
1789456953358486638,2917.7,0.1,2.22,5.50,3
1789456954388798145,2695.3,0.0,4.22,0.00,8
1789456955418814069,2546.7,0.0,1.74,0.00,10
1789456956445845421,2738.7,0.0,1.67,0.00,6
1789456957476293930,2297.8,0.4,1.89,0.08,7
1789456958504572686,2629.6,0.1,1.70,6.00,4
1789456959534870618,2435.1,0.0,1.97,0.00,72
1789456960562884695,2504.0,0.0,1.82,0.00,4
1789456961593548102,2583.4,0.0,1.81,0.00,4
1789456962623887054,2554.3,0.3,2.79,1.23,72
1789456963652525872,2974.2,0.1,2.80,6.50,4
1789456964682825330,2815.8,0.1,3.03,5.00,5
1789456965711401657,2713.0,0.0,3.32,0.00,7
1789456966739219401,2773.2,0.0,2.43,0.00,0
1789456967770475327,3013.4,0.3,3.05,1.45,6
1789456968801508913,2606.9,0.0,1.79,0.00,6
1789456969829804287,2428.1,0.2,1.73,11.00,1
1789456970860194018,2817.0,0.0,1.69,0.00,6
1789456971889983432,2372.8,0.0,1.81,0.00,12
1789456972918385133,2765.0,0.4,1.67,1.53,4
1789456973949295014,2452.3,0.0,1.83,0.00,8
1789456974977888334,2531.0,0.0,1.75,0.00,2
1789456976008867842,2828.0,0.0,3.22,0.00,4
1789456977039474779,2657.4,0.2,3.52,6.00,8
1789456978067898275,2823.4,0.4,2.25,1.07,49
1789456979097861495,3044.5,0.0,2.77,0.00,5
1789456980128468210,2682.9,0.1,3.46,9.25,7
1789456981157970920,2657.9,0.0,3.74,0.00,11
1789456982186518534,2694.0,0.2,1.68,8.00,4
1789456983217619462,2382.9,0.4,1.83,0.83,7
1789456984246304462,2543.1,0.0,1.75,0.00,4
1789456985276624915,2495.5,0.0,1.77,0.00,7
1789456986305266393,2446.5,0.1,1.90,7.50,3
1789456987335498205,2600.2,0.0,1.78,0.00,7
1789456988364344338,2351.6,0.2,1.80,1.00,0
1789456989395094802,2922.8,0.0,3.28,0.00,5
1789456990425241444,2676.0,0.2,3.41,4.67,8
1789456991452973849,2741.2,0.0,3.04,0.00,38
1789456992481299202,2956.4,0.0,2.74,0.00,4
1789456993512044432,2802.2,0.2,3.12,1.18,7
1789456994541462321,2811.2,0.1,2.35,5.67,6
1789456995569902089,2542.2,0.0,1.73,0.00,3
1789456996600894741,2692.9,0.0,1.72,0.00,5
1789456997628944718,2359.2,0.1,1.73,5.00,11
1789456998658185928,2900.2,0.4,1.68,1.06,3
1789456999688783775,2339.6,0.0,1.86,0.00,8
1789457000717983251,2652.6,0.0,1.70,0.00,4
1789457001748466690,2511.0,0.0,2.75,0.00,7
1789457002776492111,2807.6,0.1,3.17,4.75,9
1789457003804998535,2906.4,0.3,2.49,0.98,4
1789457004835309082,2952.2,0.0,2.85,0.00,6
1789457005865884666,2693.2,0.2,3.18,9.67,8
1789457006894251397,2630.1,0.0,2.60,0.00,114
1789457007925285122,2918.9,0.0,3.43,0.00,5
1789457008956298201,2352.4,0.2,1.82,0.17,9
1789457009984999052,2576.7,0.0,1.76,0.00,4
1789457011016001610,2418.4,0.2,1.83,6.00,7
1789457012044568114,2547.7,0.1,1.70,0.50,4
1789457013072379245,2511.4,0.0,1.95,0.00,8
1789457014101231470,2392.0,0.2,1.82,1.00,3
1789457015131875784,2686.6,0.0,2.34,0.00,7
1789457016160175688,699.0,0.2,1.46,8.50,0
1789457017187959483,1627.9,0.0,3.37,0.00,0
1789457018216069528,0.0,0.0,0.00,0.00,0
1789457019244492594,1455.5,0.3,3.70,1.53,4
1789457020275028335,169.5,0.0,2.12,0.00,0
1789457021303171133,753.7,0.0,5.38,0.00,6
1789457022334090758,872.3,0.0,1.43,0.00,0
1789457023361528440,0.0,0.0,0.00,0.00,98
1789457024387941724,1630.9,0.4,3.79,1.00,0
1789457025415209524,0.0,0.0,0.00,0.00,0
1789457026442324462,1629.3,0.0,3.82,0.00,0
1789457027470117600,0.0,0.0,0.00,0.00,0
1789457028497930232,1579.6,0.0,3.65,0.00,1
1789457029528307285,46.2,0.1,0.42,8.50,17
1789457030556346152,1074.8,0.3,4.49,11.04,5
1789457031586773230,551.3,0.0,1.48,0.00,0
1789457032614403292,341.4,0.0,9.97,0.00,9
1789457033642594328,1287.0,0.0,1.47,0.00,0
1789457034670304550,0.0,0.2,0.00,4.38,0
1789457035697607323,1629.6,0.1,3.36,3.00,0
1789457036724999274,1628.5,0.0,1.79,0.00,0
1789457037753049299,0.1,0.0,14.00,0.00,0
1789457038780905556,1515.4,0.0,1.86,0.00,3
1789457039811479298,109.8,0.2,0.83,3.68,0
1789457040839661327,1194.2,0.1,1.65,8.50,5
1789457041870610807,431.2,0.0,1.95,0.00,0
1789457042898065077,341.4,0.0,2.43,0.00,8
1789457043926487688,1287.4,0.0,1.58,0.00,0
1789457044954022370,0.1,0.2,1.00,4.52,0
1789457045981612242,1629.1,0.1,1.73,7.00,0
1789457047008356375,0.0,0.0,0.00,0.00,0
1789457048035965276,1608.1,0.0,1.79,0.00,0
1789457049066457801,17.1,0.0,1.15,0.00,0
1789457050094289596,1315.7,0.2,1.70,1.09,4
1789457051124975465,310.1,0.2,2.28,2.50,0
1789457052152627628,530.7,0.0,2.11,0.00,8
1789457053182451566,1096.4,0.0,1.60,0.00,0
1789457054210120968,0.0,0.0,0.00,0.00,0
1789457055237563997,1629.3,0.3,1.82,0.46,0
1789457056265534895,0.0,0.1,0.00,2.00,0
1789457057293663076,1625.8,0.0,1.81,0.00,0
1789457058323501745,0.0,0.0,0.00,0.00,0
1789457059352243053,1392.6,0.1,1.77,5.33,3
1789457060383427633,1598.8,0.2,3.38,1.10,6
1789457061413711805,257.6,0.0,1.72,0.00,0
1789457062441854713,541.9,0.0,5.82,0.00,7
1789457063472964101,1083.8,0.0,1.46,0.00,0
1789457064501009958,0.0,0.1,14.00,8.50,0
1789457065528993407,1629.0,0.2,3.09,0.39,0
1789457066556598903,0.0,0.0,0.33,0.00,0
1789457067584110059,1628.5,0.0,3.55,0.00,0
1789457068612023886,0.0,0.0,0.00,0.00,0
1789457069640042174,1393.0,0.2,3.19,8.50,5
1789457070670558940,232.4,0.3,1.83,2.72,0
1789457071697833079,516.4,0.0,6.94,0.00,7
1789457072726737086,1111.5,0.0,1.46,0.00,0
1789457073754616728,0.0,0.0,0.00,0.00,0
1789457074782419983,1629.2,0.2,3.56,8.00,0
1789457075809608739,0.0,0.4,2.67,0.13,0
1789457076837225025,1628.5,0.0,3.04,0.00,0
1789457077865131005,0.4,0.0,1.00,0.00,0
1789457078893853836,1185.5,0.0,4.31,0.00,4
1789457079924531401,439.5,0.1,1.71,3.00,0
1789457080952033709,324.8,0.4,15.75,3.79,10
1789457081981153183,1535.5,0.0,1.67,0.00,11
1789457083009189084,1395.5,0.0,1.59,0.00,0
1789457084036919595,0.0,0.0,0.00,0.00,0
1789457085064653541,1629.0,0.0,1.61,0.00,0
1789457086092102686,0.0,0.3,0.00,13.59,0
1789457087120367986,1498.9,0.0,1.84,0.00,4
1789457088150763537,126.4,0.0,1.07,0.00,0
1789457089179266245,1028.4,0.0,1.81,0.00,5
1789457090209845712,597.4,0.0,1.74,0.00,0
1789457091237558732,258.3,0.3,2.19,4.19,7
1789457092265710973,1370.2,0.0,1.64,0.00,0
1789457093293528452,0.0,0.0,0.00,0.00,0
1789457094321135140,1628.9,0.0,1.71,0.00,0
1789457095349018574,0.1,0.1,8.75,1.50,0
1789457096377248774,1509.5,0.3,1.80,0.79,3
1789457097408239241,115.6,0.0,0.90,0.00,0
1789457098437014589,936.0,0.0,2.08,0.00,7
1789457099467477473,689.7,0.0,1.66,0.00,0
1789457100494868763,215.1,0.3,2.24,2.12,14
1789457101522863197,1413.5,0.8,1.85,0.43,0
1789457102550753884,0.0,0.0,0.83,0.00,0
1789457103578703694,1628.8,0.0,1.58,0.00,0
1789457104606466300,0.0,0.0,0.00,0.00,0
1789457105634266426,1476.0,0.0,1.80,0.00,3
1789457106665393044,1643.3,0.6,3.05,1.03,4
1789457107696697047,267.1,0.0,13.00,0.00,44
1789457108724843149,2333.4,0.0,2.68,5.00,7
1789457109752666195,2253.6,0.0,2.78,0.00,4
1789457110780089099,1789.2,0.0,3.20,1.00,0
1789457111807981859,1774.7,0.5,3.95,0.87,43
1789457112835253744,2327.8,0.0,2.76,0.00,7
1789457113862646139,2257.7,0.0,2.66,0.00,4
1789457114890921766,2105.1,0.0,2.85,0.00,8
1789457115922439934,2111.5,0.0,1.71,0.00,4
1789457116952107715,2092.0,0.4,1.67,1.89,5
1789457117980210129,1810.7,0.1,1.87,1.00,4
1789457119008173754,1794.0,0.1,1.71,0.33,0
1789457120038259444,1627.3,0.0,1.73,0.00,0
1789457121066531316,1907.3,0.2,1.82,1.00,8
1789457122095336119,2092.6,0.4,1.73,1.96,4
1789457123126303367,2098.4,0.0,1.67,0.00,4
1789457124155217582,1836.3,0.1,1.84,6.33,3
1789457125186959939,2013.9,0.0,3.89,0.00,9
1789457126215295586,2327.3,0.0,2.65,0.00,7
1789457127243769170,2219.1,0.2,2.63,1.20,4
1789457128272525643,1769.5,0.0,2.93,0.00,0
1789457129299072202,1875.2,0.1,3.83,2.00,9
1789457130327300082,2304.2,0.0,2.61,0.00,6
1789457131355399549,2150.4,0.0,2.82,1.00,6
1789457132384401505,1966.6,0.2,4.11,1.24,12
1789457133415019569,2048.8,0.0,1.78,0.00,7
1789457134445978170,2089.0,0.2,1.68,8.50,6
1789457135474236278,1914.6,0.0,1.79,0.00,4
1789457136502784577,1912.0,0.0,1.64,0.00,1
1789457137532823082,1635.6,0.0,1.71,0.00,0
1789457138561186938,1705.6,0.2,1.79,0.29,10
1789457139589066047,2020.3,0.1,1.93,2.00,9
1789457140618258889,2028.4,0.0,1.74,0.00,6
1789457141647231482,2043.0,0.0,1.76,0.00,6
1789457142678544690,2526.6,0.2,3.39,3.75,7
1789457143707381561,2747.2,0.4,2.51,1.63,23
1789457144736814793,3037.1,0.0,2.77,0.00,4
1789457145767977649,2784.3,0.0,3.29,0.00,5
1789457146798313272,2792.6,0.0,3.08,0.00,7
1789457147826339840,2800.3,0.2,2.38,9.00,10
1789457148854681648,2858.4,0.2,1.69,1.13,4
1789457149883411640,2362.1,0.0,1.84,0.00,9
1789457150911647555,2643.7,0.0,1.69,0.00,4
1789457151941967287,2637.0,0.0,1.73,0.00,5
1789457152970349018,2396.5,0.1,1.72,2.50,1
1789457154000647992,2825.6,0.2,1.72,1.00,6
1789457155029492318,2232.6,0.0,3.04,0.00,24
1789457156058226082,2964.0,0.0,2.42,0.00,4
1789457157089316448,2789.2,0.0,3.37,0.00,5
1789457158119624403,2752.2,0.1,3.14,3.00,7
1789457159147964602,2792.3,0.2,2.46,12.21,62
1789457160176800435,2929.9,0.0,2.79,0.00,5
1789457161208170637,2627.5,0.0,4.11,0.00,5
1789457162236966776,2400.8,0.0,1.76,0.00,3
1789457163268069044,2678.6,0.1,1.74,6.50,7
1789457164298049643,2299.1,0.2,1.74,1.00,11
1789457165329202023,2866.8,0.0,1.68,0.00,5
1789457166360392651,2267.1,0.0,2.03,0.00,11
1789457167389547054,2699.9,0.1,1.77,8.50,4
1789457168420668668,2349.3,0.0,2.64,0.00,7
1789457169449456833,2695.0,0.3,2.39,1.42,4
1789457170481134955,2867.7,0.2,3.17,4.33,5
1789457171511993676,2693.7,0.0,3.55,0.00,6
1789457172540535836,2805.9,0.2,2.76,7.00,56
1789457173569429644,3005.7,0.0,2.44,0.00,4
1789457174600660201,2883.5,0.4,2.58,1.65,4
1789457175631565073,2346.0,0.0,1.84,0.00,10
1789457176660448664,2767.8,0.0,1.67,0.00,3
1789457177691047069,2485.4,0.1,1.80,8.00,7
1789457178720043841,2522.9,0.0,1.72,0.00,3
1789457179751568699,2721.0,0.3,1.72,1.16,6
1789457180781715955,2299.8,0.1,1.77,4.00,11
1789457181813288185,2877.9,0.1,2.42,4.00,4
1789457182844671505,2831.6,0.0,2.94,0.00,7
1789457183873933710,2674.3,0.0,3.48,0.00,9
1789457184903361243,2902.3,0.4,2.23,2.58,1
1789457185935008445,2966.6,0.0,2.94,0.00,5
1789457186966983765,2377.9,0.2,5.52,6.80,8
1789457187998946617,2712.2,0.0,1.67,0.00,2
1789457189030603145,2722.8,0.0,1.69,0.00,6
1789457190059659414,2222.2,0.2,1.86,1.13,1
1789457191091128006,2767.4,0.0,1.71,0.00,6
1789457192121274033,2291.0,0.2,1.78,6.00,14
1789457193149793255,2717.7,0.1,1.89,1.33,8
1789457194179512230,2257.6,0.2,1.88,7.33,12
1789457195210473185,2833.9,0.5,2.33,0.75,3
1789457196241290795,2787.1,0.0,3.07,0.00,7
1789457197269722997,2666.1,0.0,3.54,0.00,7
1789457198298548533,2818.1,0.0,2.37,0.00,1
1789457199329737484,3002.3,0.2,3.03,2.50,5
1789457200361203572,2685.9,0.4,3.50,1.23,6
1789457201391949066,2613.0,0.0,1.69,0.00,11
1789457202420650593,2823.0,0.0,1.67,0.00,4
1789457203451654681,2422.7,0.0,1.82,0.00,8
1789457204480473436,2582.4,0.1,1.71,7.00,3
1789457205511478266,2679.3,0.2,1.72,0.89,5
1789457206540833081,2343.8,0.0,1.75,0.00,0
1789457207572108061,2853.9,0.0,1.71,0.00,5
1789457208603322748,2590.8,0.0,3.31,0.00,7
1789457209631926994,2770.9,0.1,2.74,7.00,84
1789457210660781472,2999.6,0.3,2.68,2.09,4
1789457211692018462,2742.7,0.2,3.39,1.33,7
1789457212723376887,2694.3,0.0,3.22,0.00,8
1789457213752143171,2731.7,0.0,3.57,0.00,4
1789457214783277590,2696.2,0.0,1.74,0.00,6
1789457215812994203,2294.1,0.4,1.74,1.46,0
1789457216844286935,2706.3,0.0,1.79,0.00,6
1789457217875150476,2297.0,0.0,1.76,0.00,11
1789457218903766258,2756.7,0.0,1.84,0.00,7
1789457219934711615,2321.6,0.0,1.88,0.00,9
1789457220963462676,2671.8,0.3,1.71,1.49,5
1789457221994933664,2535.5,0.0,3.81,0.00,7
1789457223024018502,2732.8,0.1,3.05,5.33,36
1789457224053240796,2968.6,0.0,2.49,0.00,5
1789457225085035504,2877.2,0.0,3.06,0.00,5
1789457226114026606,2818.5,0.1,2.89,1.00,7
1789457227138279826,2850.1,0.5,2.28,1.10,9
1789457228164607919,2744.0,0.5,1.69,1.50,4
1789457229192468166,2469.1,0.3,1.82,1.10,8
1789457230219336882,2544.6,0.3,1.73,0.77,3
1789457231247182656,2737.1,0.7,1.71,1.16,9
1789457232273533570,2330.7,0.8,1.77,2.50,12
1789457233301354085,2852.2,0.0,1.72,0.00,5
1789457234331728483,2299.4,0.0,2.84,0.00,10
1789457235360135746,2862.9,0.0,2.43,0.00,0
1789457236391449005,2974.1,0.6,2.99,1.79,7
1789457237422348036,2778.1,0.0,3.10,0.00,8
1789457238450628753,2665.6,0.0,3.36,0.00,9
1789457239479474356,2870.7,0.0,2.48,0.00,3
1789457240510447000,2714.4,0.0,3.74,0.00,6
1789457241540087010,2313.2,0.4,1.73,0.58,0
1789457242571071036,2712.8,0.0,1.79,0.00,4
1789457243601855349,2284.0,0.0,1.80,0.00,11
1789457244630482733,2829.7,0.0,1.65,0.00,4
1789457245661590895,2260.6,0.0,2.03,0.00,10
1789457246690557518,2640.2,0.4,1.82,2.38,5
1789457247721650028,2426.6,0.0,2.45,0.00,7
1789457248750041349,2784.6,0.0,2.58,0.00,21
1789457249779219165,3045.5,0.0,2.63,0.00,3
1789457250811467199,2741.7,0.0,3.47,0.00,6
1789457251843560736,2766.9,0.2,3.13,12.94,8
1789457252872351692,2824.1,0.0,2.47,0.00,40
1789457253904143328,2964.6,0.0,2.02,0.00,4
1789457254935455310,2539.6,0.0,1.79,0.00,7
1789457255964647564,2445.7,0.1,1.77,6.00,3
1789457256995849722,2783.3,0.2,1.69,1.09,6
1789457258026472930,2360.3,0.0,1.78,0.00,12
1789457259055132811,2807.5,0.0,1.67,0.00,3
1789457260086635793,2378.9,0.1,1.86,6.50,8
1789457261117397772,2683.0,0.0,2.43,0.00,1
1789457262149728945,2933.0,0.2,3.10,1.40,4
1789457263180849116,2806.6,0.1,2.90,5.00,7
1789457264209873771,2753.7,0.0,3.11,0.00,10
1789457265238925163,2865.6,0.0,2.32,0.00,3
1789457266270071602,2673.4,0.0,4.85,0.00,7
1789457267300804951,2554.6,0.2,1.74,0.71,9
1789457268329075949,2724.2,0.1,1.67,12.00,4
1789457269358732437,2283.0,0.0,1.90,0.00,7
1789457270386917169,2647.9,0.0,1.68,0.00,4
1789457271417079313,2448.4,0.0,1.92,0.00,5
1789457272445753489,2498.2,0.2,1.83,1.00,4
1789457273476789105,2581.0,0.1,1.82,7.00,6
1789457274506724576,2531.7,0.0,2.88,0.00,89
1789457275534932537,3004.7,0.0,2.72,0.00,4
1789457276565145058,2767.5,0.0,3.36,0.00,6
1789457277595252726,2535.1,0.2,4.10,0.78,9
1789457278622961319,2867.4,0.0,2.68,0.00,4
1789457279653278235,2805.2,0.0,3.44,0.00,4
1789457280682647597,2601.8,0.0,1.76,0.00,7
1789457281710588886,2653.2,0.1,1.70,6.33,5
1789457282740933195,2579.7,0.2,1.77,0.12,5
1789457283769002467,2432.4,0.0,1.73,0.00,1
1789457284799209749,2802.0,0.1,1.71,5.67,4
1789457285829209413,2337.6,0.0,1.82,0.00,10
1789457286856885401,2786.2,0.0,1.68,0.00,4
1789457287886656744,2618.6,0.3,3.27,0.93,8
1789457288914305137,2752.5,0.0,3.20,0.00,9
1789457289942263806,2940.6,0.0,2.20,0.00,3
1789457290972132251,2973.7,0.0,2.86,0.00,7
1789457292002000598,2695.8,0.0,3.08,0.00,10
1789457293029468792,2625.9,0.3,3.83,1.97,12
1789457294057712040,2822.5,0.0,1.70,0.00,5
1789457295087544934,2284.6,0.1,1.85,5.67,11
1789457296115238435,2675.7,0.0,1.72,0.00,3
1789457297144153691,2341.9,0.0,1.82,0.00,9
1789457298171360254,2595.1,0.2,1.92,2.04,5
1789457299200207318,2397.9,0.0,1.87,0.00,9
1789457300227352707,2551.9,0.1,1.71,5.00,4
1789457301257722709,2766.8,0.0,3.16,0.00,5
1789457302286872972,2703.2,0.0,3.42,0.00,8
1789457303314614582,2841.4,0.3,2.23,0.80,93
1789457304344003056,2938.8,0.0,3.38,0.00,6
1789457305374283939,2728.1,0.1,3.40,6.50,8
1789457306401888679,2850.1,0.0,2.24,0.00,7
1789457307429799347,2668.0,0.0,1.70,0.00,4
1789457308459466051,2567.2,0.2,1.78,1.76,7
1789457309487076322,2431.7,0.2,1.74,7.67,2
1789457310517234838,2830.7,0.0,1.68,0.00,5
1789457311546642182,2348.1,0.0,1.82,0.00,11
1789457312574630390,2770.4,0.0,1.69,0.00,4
1789457313604662529,2451.3,0.3,2.53,0.14,8
1789457314632810561,2724.8,0.2,2.64,7.50,59
1789457315661687343,3028.2,0.0,2.96,0.00,5
1789457316691333869,2775.5,0.0,3.13,0.00,6
1789457317719396150,2758.9,0.0,2.98,0.00,8
1789457318746829892,2771.1,0.0,2.30,0.00,1
1789457319777045980,2842.5,0.5,3.78,11.85,7
1789457320806838015,2321.9,0.0,1.81,0.00,11
1789457321834759840,2702.2,0.0,1.70,0.00,3
1789457322864720695,2321.1,0.0,1.85,0.00,8
1789457323892004009,2647.1,0.1,1.67,0.00,5
1789457324922266077,2422.8,0.3,2.01,1.72,10
1789457325950769111,2490.9,0.0,1.80,0.00,5
1789457326981077204,2576.3,0.0,2.49,0.00,7
1789457328008407010,851.9,0.0,1.47,0.00,0
1789457329035061709,1630.1,0.1,3.88,1.50,0
1789457330062385403,0.0,0.2,0.00,5.60,0
1789457331089513380,1629.6,0.0,3.45,0.00,0
1789457332116760632,0.0,0.0,0.00,0.00,0
1789457333143857654,1629.7,0.0,3.58,0.00,0
1789457334170907486,0.0,0.0,0.00,8.50,0
1789457335197834346,1629.1,0.1,3.90,1.23,0
1789457336225365597,0.0,0.0,0.00,0.00,0
1789457337252233879,1629.7,0.0,3.80,0.00,0
1789457338279397912,0.0,0.0,0.00,0.00,0
1789457339305783127,1629.7,0.1,3.41,6.50,0
1789457340333504984,0.0,0.1,0.00,8.00,0
1789457341360359223,1629.2,0.0,3.63,0.00,0
1789457342388300363,0.0,0.0,0.00,0.00,0
1789457343415444366,1629.1,0.0,3.53,0.00,0
1789457344442901460,0.0,0.1,0.00,10.50,0
1789457345470413714,1627.9,0.2,3.62,0.80,0
1789457346498705970,1628.2,0.2,1.73,0.12,0
1789457347526455062,0.0,0.0,0.00,0.00,0
1789457348553828862,1627.4,0.0,1.81,0.00,0
1789457349582384149,0.3,0.2,0.11,9.00,0
1789457350609931709,1627.1,0.2,1.78,0.78,0
1789457351639091764,0.0,0.0,0.00,0.00,0
1789457352667273388,1625.6,0.0,1.79,0.00,0
1789457353697279368,0.0,0.1,0.00,1.33,0
1789457354724644888,1624.8,0.0,1.79,0.00,0
1789457355754692129,0.0,0.2,0.00,5.33,0
1789457356781999975,1606.9,0.0,1.79,0.00,1
1789457357811901736,19.0,0.0,0.40,0.00,0
1789457358839680616,1602.8,0.1,1.73,8.50,1
1789457359869110789,23.8,0.0,0.44,0.00,0
1789457360896593602,1628.9,0.4,1.60,0.35,0
1789457361924183348,0.0,0.6,0.00,0.62,0
1789457362952092895,1534.3,0.1,1.80,0.50,2
1789457363981776721,92.4,0.0,0.56,0.00,0
1789457365009269876,1501.8,0.0,1.87,0.00,3
1789457366039283481,124.5,0.4,1.04,4.96,0
1789457367067032491,1491.0,0.2,1.83,11.50,3
1789457368097984811,1759.8,0.0,3.22,0.00,0
1789457369126766907,0.0,0.0,0.00,0.00,0
1789457370154619851,1625.8,0.0,3.89,0.00,0
1789457371184922062,0.0,0.3,0.00,0.49,0
1789457372213133194,1626.1,0.3,3.15,2.67,0
1789457373242484997,0.0,0.0,0.00,0.00,0
1789457374269955260,1610.7,0.1,3.53,5.33,1
1789457375299891481,16.0,0.0,0.41,0.00,0
1789457376327708530,1574.4,0.3,3.75,1.20,1
1789457377357336139,52.0,0.0,0.39,0.00,0
1789457378385049082,1576.3,0.0,3.41,0.00,1
1789457379414373972,50.1,0.1,0.48,9.50,0
1789457380441803016,1528.5,0.1,3.62,4.67,3
1789457381472256144,97.2,0.2,0.73,5.14,0
1789457382499928784,1497.1,0.0,3.82,0.00,3
1789457383529773898,129.3,0.0,1.35,0.00,0
1789457384557499397,1442.5,0.0,3.93,0.00,5
1789457385587212784,184.0,0.1,2.12,8.50,0
1789457386614334720,1388.2,0.2,6.80,1.39,5
1789457387644810236,1696.9,0.1,1.81,5.00,5
1789457388674784956,165.3,0.0,1.36,0.00,0
1789457389702681552,1433.4,0.0,1.79,0.00,3
1789457390733009032,192.5,0.0,1.60,0.00,0
1789457391760790818,1387.1,0.2,1.79,1.23,4
1789457392790385550,239.4,0.2,1.93,1.60,0
1789457393817470410,1322.9,0.0,1.80,0.00,4
1789457394847813680,303.5,0.0,2.21,0.00,0
1789457395875067501,1325.7,0.0,1.73,0.00,4
1789457396905524873,300.5,0.2,2.19,7.50,0
1789457397933353220,1254.5,0.1,1.73,8.00,6
1789457398962814746,372.8,0.0,2.00,0.00,0
1789457399990314506,1158.7,0.1,1.73,4.00,7
1789457401020272326,467.8,0.0,1.89,0.00,0
1789457402047621179,997.1,0.3,2.16,0.93,6
1789457403077433450,630.4,0.0,1.70,0.00,0
1789457404104860448,940.8,0.0,1.93,0.00,6
1789457405134726324,686.4,0.1,1.69,8.50,0
1789457406162341484,832.7,0.1,1.94,5.00,5
1789457407192613636,794.5,0.2,1.69,0.43,0
1789457408219978442,773.8,0.0,1.92,0.00,6
1789457409250547098,1729.8,0.0,3.73,0.00,5
1789457410279513394,814.6,0.0,3.68,0.00,45
1789457411306918076,2507.9,0.1,3.45,6.00,6
1789457412335059719,2306.3,0.2,2.69,1.33,1
1789457413365667497,1943.4,0.0,4.35,0.00,8
1789457414395684329,2576.6,0.1,2.50,1.33,6
1789457415423362179,1991.3,0.0,2.87,0.00,0
1789457416451343940,2266.8,0.0,3.89,0.00,8
1789457417480957512,2610.2,0.2,1.64,0.46,0
1789457418510912147,1819.9,0.1,1.83,1.00,10
1789457419538840134,2353.6,0.3,1.72,5.00,6
1789457420566772399,2142.0,0.0,1.73,0.00,4
1789457421597029014,1821.1,0.0,1.73,0.00,0
1789457422625691979,2077.7,0.3,1.78,0.24,6
1789457423653498037,2351.4,0.0,1.68,0.00,6
1789457424681585371,1955.4,0.1,1.86,1.50,3
1789457425711908892,2202.5,0.0,2.54,0.00,8
1789457426742277440,2549.3,0.0,2.59,0.00,5
1789457427770086166,1881.5,0.3,2.84,6.83,0
1789457428797743736,2412.0,0.5,3.59,9.59,7
1789457429825992128,2385.9,0.6,2.44,0.90,3
1789457430854806526,1856.4,0.0,4.02,0.00,41
1789457431882741419,2485.4,0.0,2.79,0.00,7
1789457432908889998,2212.0,0.0,3.65,0.00,1
1789457433939657166,2254.8,0.2,1.78,2.18,8
1789457434967227122,2298.8,0.2,1.67,7.50,5
1789457435995152521,1898.0,0.0,1.87,0.00,3
1789457437024637085,1733.4,0.0,1.73,0.00,0
1789457438052314978,2235.4,0.1,1.77,2.00,8
1789457439080267585,2254.4,0.4,1.91,1.14,8
1789457440108209100,2021.7,0.0,1.74,0.00,0
1789457441138029039,1815.0,0.0,1.89,0.00,13
1789457442165742710,2807.5,0.0,2.44,0.00,5
1789457443193833296,2635.7,0.2,3.56,23.50,7
1789457444222161677,2793.4,0.3,3.02,0.77,8
1789457445250703446,2855.8,0.1,2.61,7.67,3
1789457446281361759,2773.8,0.0,3.45,0.00,5
1789457447312288726,2824.7,0.0,2.88,0.00,6
1789457448342910415,2635.1,0.0,1.65,0.00,0
1789457449373308260,2847.3,0.1,1.72,0.61,5
1789457450403692812,2334.2,0.1,1.85,6.50,8
1789457451432100924,2724.3,0.0,1.67,0.00,4
1789457452462649494,2537.3,0.0,1.77,0.00,7
1789457453491154867,2460.8,0.0,1.75,0.00,3
1789457454522332826,2729.8,0.2,1.71,1.55,6
1789457455552727841,2532.7,0.0,3.44,7.50,11
1789457456581158607,2870.6,0.0,2.49,0.00,3
1789457457611129677,2887.5,0.2,3.15,3.54,6
1789457458639283293,2784.5,0.0,3.02,0.00,6
1789457459666761864,2705.2,0.3,2.89,1.39,43
1789457460695025036,2853.0,0.0,3.91,0.00,6
1789457461725159872,2548.7,0.0,1.78,0.00,10
1789457462753781502,2455.7,0.3,1.75,7.50,3
1789457463783671897,2558.7,0.0,1.78,0.00,4
1789457464812471780,2365.3,0.4,1.77,0.07,2
1789457465843071928,2661.9,0.0,1.83,0.00,5
1789457466872851034,2304.8,0.0,1.78,0.00,12
1789457467902510164,2815.4,0.2,1.79,7.50,6
1789457468932790203,2538.3,0.0,3.30,0.00,7
1789457469961404279,2771.5,0.3,2.43,0.11,0
1789457470992379667,3039.0,0.0,2.95,0.00,5
1789457472022655465,2647.3,0.0,3.61,0.00,7
1789457473051004419,2702.1,0.0,3.38,10.00,9
1789457474079585209,2909.4,0.0,2.25,0.00,2
1789457475110779943,2809.5,0.1,1.70,0.92,6
1789457476141279632,2344.7,0.0,1.81,0.00,11
1789457477169735409,2795.8,0.0,1.67,0.00,4
1789457478200156989,2461.5,0.1,1.80,8.50,6
1789457479227771977,2550.9,0.0,1.72,1.00,3
1789457480252366291,2669.6,0.2,1.74,1.30,6
1789457481280877186,2351.3,0.0,1.74,0.00,35
1789457482311721404,3031.4,0.2,3.00,6.50,5
1789457483342586493,2754.2,0.0,3.19,0.00,6
1789457484370780884,2732.1,0.1,3.18,2.33,7
1789457485398903229,2816.6,0.3,2.32,1.61,1
1789457486430520745,2842.7,0.0,3.21,0.00,6
1789457487460273975,2633.9,0.0,3.93,0.00,6
1789457488487073874,2535.9,0.1,1.72,1.00,4
1789457489515082393,2543.1,0.3,1.77,1.33,8
1789457490543762325,2400.3,0.2,1.77,0.62,3
1789457491574417046,2714.9,0.0,1.69,0.00,6
1789457492603898118,2257.3,0.0,1.95,0.00,2
1789457493634626161,2770.0,0.1,1.76,1.00,9
1789457494665362521,2251.7,0.0,2.38,14.00,23
1789457495694417161,2967.8,0.2,2.52,1.32,4
1789457496725753840,2911.5,0.0,2.84,0.00,5
1789457497755681179,2636.6,0.0,3.65,0.00,8
1789457498784428869,2755.6,0.1,2.52,0.00,56
1789457499813120671,3060.5,0.0,2.83,30.00,4
1789457500843909277,2842.1,0.4,2.47,1.52,6
1789457501873716065,2339.2,0.0,1.80,0.00,10
1789457502902271884,2823.8,0.3,1.68,5.00,4
1789457503933132593,2422.3,0.0,1.81,0.00,6
1789457504961571786,2584.8,0.0,1.70,0.00,2
1789457505992300518,2649.2,0.4,1.75,1.25,6
1789457507021082940,2358.3,0.0,1.76,0.00,1
1789457508051889294,2743.8,0.2,2.67,7.00,5
1789457509082179357,2766.4,0.0,3.16,0.00,8
1789457510110465400,2739.7,0.0,2.76,0.00,81
1789457511139521335,2974.1,0.2,2.84,1.42,4
1789457512170404564,2709.0,0.0,3.42,0.00,7
1789457513199367877,2465.2,0.1,4.58,2.20,35
1789457514230736110,2916.5,0.0,1.98,0.00,4
1789457515261880676,2514.8,0.0,1.77,0.00,9
1789457516290449492,2410.5,0.2,1.81,1.46,4
1789457517321022562,2589.3,0.2,1.75,4.67,6
1789457518349310752,2374.9,0.0,1.73,0.00,1
1789457519379720050,2671.4,0.0,1.90,0.00,6
1789457520408496331,2272.3,0.0,1.82,0.00,1
1789457521439410755,2722.7,0.3,2.69,1.55,5
1789457522469063951,2692.2,0.0,3.27,0.00,8
1789457523497698795,2739.2,0.0,2.57,0.00,81
1789457524526551726,2978.4,0.0,3.27,0.00,6
1789457525557061276,2715.6,0.1,3.43,4.67,6
1789457526586080534,2798.9,0.2,3.12,0.12,8
1789457527617377570,2761.4,0.0,1.66,0.00,3
1789457528648261252,2746.7,0.0,1.71,0.00,6
1789457529677336272,2342.7,0.0,1.77,0.00,12
1789457530705982490,2851.9,0.1,1.69,7.00,4
1789457531736735018,2385.4,0.2,1.83,0.12,8
1789457532764767349,2611.2,0.0,1.72,0.00,3
1789457533795538528,2601.9,0.0,1.76,0.00,6
1789457534826032805,2586.7,0.0,2.97,0.00,33
1789457535854871413,2969.6,0.1,2.55,6.50,3
1789457536886407088,2704.7,0.1,3.64,2.53,6
1789457537917235928,2789.0,0.0,2.98,0.00,8
1789457538945891729,2768.9,0.0,2.39,0.00,1
1789457539977124366,2733.4,0.0,4.56,0.00,6
1789457541007635617,2528.3,0.1,1.78,6.00,8
1789457542036269498,2654.2,0.2,1.68,2.11,4
1789457543067317431,2390.6,0.0,1.85,0.00,7
1789457544096092566,2533.7,0.0,1.73,0.00,6
1789457545126601813,2498.0,0.0,1.97,0.00,9
1789457546155306497,2421.3,0.0,1.81,0.00,4
1789457547186216357,2601.0,0.3,1.79,1.93,7
1789457548217043965,2457.6,0.1,2.89,8.00,21
1789457549245524415,3031.8,0.0,2.81,0.00,4
1789457550276512722,2888.4,0.0,2.91,0.00,5
1789457551306961988,2678.3,0.0,3.36,0.00,7
1789457552335373693,2797.6,0.2,2.53,0.09,76
1789457553363444210,3022.8,0.1,2.60,9.50,4
1789457554393882004,2667.0,0.0,1.75,0.00,5
1789457555422463762,2366.6,0.0,1.71,0.00,0
1789457556453312589,2876.6,0.0,1.70,0.00,6
1789457557483901943,2344.4,0.5,1.87,2.26,9
1789457558512540982,2694.1,0.0,1.68,0.00,4
1789457559543305538,2531.5,0.0,1.79,0.00,7
1789457560571712956,2451.4,0.0,1.75,0.00,2
1789457561602975924,2943.2,0.1,3.02,16.33,5
1789457562634006139,2749.1,0.3,3.19,1.00,9
1789457563662534414,2805.8,0.0,2.94,0.00,9
1789457564691054697,2893.9,0.0,2.32,0.00,2
1789457565722483327,2755.4,0.1,3.23,1.00,9
1789457566753183529,2602.4,0.0,4.19,14.00,10
1789457567781640211,2637.7,0.0,1.69,0.00,4
1789457568812035084,2462.4,0.2,1.79,0.62,12
1789457569840304819,2455.8,0.0,1.79,0.00,5
1789457570870250623,2533.6,0.1,1.76,7.50,8
1789457571898550579,2416.3,0.0,1.91,0.00,3
1789457572929606152,2617.6,0.0,1.80,0.00,5
1789457573958208591,2338.2,0.2,1.74,1.14,1
1789457574989178504,2915.0,0.0,3.23,0.00,6
1789457576019869810,2735.0,0.1,3.26,1.00,8
1789457577048036584,2652.6,0.0,3.43,11.00,23
1789457578076766484,2923.9,0.0,3.02,0.00,4
1789457579107453441,2810.4,0.1,2.99,1.50,7
1789457580136260176,2799.9,0.0,2.45,0.00,7
1789457581165065536,2557.1,0.1,1.72,10.00,3
1789457582195744961,2664.6,0.0,1.73,0.00,6
1789457583224894594,2359.9,0.0,1.72,0.00,0
1789457584255960713,2901.0,0.2,1.70,1.92,5
1789457585286901098,2331.4,0.0,1.87,0.00,8
1789457586316368001,2679.4,0.1,1.69,2.00,5
1789457587347276979,2565.5,0.0,2.43,16.00,8
1789457588375315046,2762.7,0.1,3.10,1.58,18
1789457589404011408,2908.4,0.0,2.39,1.78,4
1789457590435652192,2912.6,0.0,3.00,0.00,6
1789457591466908017,2691.7,0.1,3.17,6.00,7
1789457592495815261,2660.5,0.0,2.65,0.00,122
1789457593526579497,2915.4,0.2,3.68,1.05,4
1789457594556935972,2340.9,0.0,1.83,0.00,7
1789457595585237450,2612.0,0.0,1.71,0.00,4
1789457596615520135,2444.2,0.1,1.81,8.00,9
1789457597644118025,2503.9,0.1,1.72,5.00,3
1789457598674745317,2540.1,0.2,1.95,1.21,6
1789457599703499555,2363.2,0.1,1.84,5.25,3
1789457600733772207,2670.9,0.0,2.46,0.00,6
1789457601761875700,2796.1,0.0,2.92,0.00,6
1789457602790031364,2798.3,0.1,2.36,5.00,94
1789457603820587807,3034.0,0.2,3.06,1.03,3
1789457604851069004,2730.9,0.0,3.39,0.00,7
1789457605879483013,2841.9,0.0,2.82,0.00,7
1789457606910954823,2691.7,0.1,1.68,2.50,1
1789457607941703938,2797.0,0.1,1.71,6.00,5
1789457608971644357,2355.1,0.2,1.81,0.73,12
1789457610000465073,2794.2,0.0,1.67,0.00,3
1789457611030986626,2480.6,0.0,1.80,0.00,8
1789457612059620952,2521.5,0.0,1.74,0.00,3
1789457613091083803,2659.9,0.1,1.75,5.00,4
1789457614121913127,2506.4,0.0,3.41,13.00,27
1789457615150710993,2966.4,0.2,2.31,1.27,4
1789457616181993199,2947.6,0.0,2.78,0.00,6
1789457617211910035,2721.0,0.0,3.41,0.00,9
1789457618240030197,2733.8,0.2,2.84,6.00,17
1789457619267583991,2871.2,0.0,3.62,0.00,5
1789457620295433597,2546.3,0.2,1.79,1.69,6
1789457621323540704,2451.7,0.0,1.74,0.00,4
1789457622354354996,2573.5,0.1,1.79,6.50,4
1789457623382889274,2353.8,0.0,1.76,0.00,0
1789457624413141421,2663.6,0.0,1.90,0.00,5
1789457625443416520,2279.6,0.2,1.81,1.00,0
1789457626474081377,2810.9,0.0,1.74,0.00,7
1789457627504549338,2066.2,0.2,2.58,1.33,0
1789457628532440004,1628.4,0.0,3.65,0.00,0
1789457629560857773,1506.4,0.0,3.46,0.00,4
1789457630592419183,1161.6,0.2,4.46,0.42,5
1789457631624012266,1051.5,0.0,4.76,0.00,8
1789457632653848186,1154.8,0.2,1.48,2.50,0
1789457633681748911,1628.7,0.0,4.09,0.00,0
1789457634709464956,1628.5,0.2,3.72,0.25,0
1789457635737589793,1628.2,0.0,3.76,0.00,0
1789457636765644097,1473.8,0.0,3.99,0.00,4
1789457637793729651,1186.8,0.1,3.48,8.50,6
1789457638821330867,2225.6,0.0,1.67,0.00,0
1789457639848978594,1521.0,0.2,1.88,0.34,3
1789457640876142275,1429.5,0.0,1.67,0.00,4
1789457641902955605,1026.5,0.0,2.07,0.00,7
1789457642929928589,1032.4,0.1,1.84,1.50,11
1789457643957470116,1509.1,0.0,1.46,0.00,0
1789457644984835598,1629.3,0.1,1.79,0.56,0
1789457646012376181,1629.1,0.0,1.80,0.00,0
1789457647039812174,1468.3,0.0,1.84,0.00,3
1789457648066634714,1309.0,0.1,1.76,2.00,5
1789457649094179427,1038.7,0.0,2.02,0.00,8
1789457650121873615,1091.7,0.1,1.70,5.60,12
1789457651149744680,2874.9,0.0,2.43,0.00,6
1789457652177853153,992.4,0.0,5.52,0.00,8
1789457653205788657,1076.4,0.1,3.37,7.50,90
1789457654233007974,1551.3,0.0,2.52,0.00,0
1789457655260640257,1629.1,0.2,3.59,0.47,0
1789457656288046625,1629.5,0.0,3.78,0.00,0
1789457657315416618,1539.9,0.0,3.79,0.00,2
1789457658342739898,1259.2,0.1,3.85,2.00,5
1789457659370557757,995.4,0.0,4.95,0.00,7
1789457660397087605,1131.5,0.2,1.67,4.91,45
1789457661424625096,1592.1,0.0,2.94,0.00,0
1789457662452860493,2389.3,0.1,4.86,6.00,4
1789457663482735556,1000.7,0.0,1.89,0.00,11
1789457664510423339,1490.9,0.0,1.64,0.00,0
1789457665536330032,1634.6,0.2,1.80,0.31,0
1789457666561135602,1630.1,0.0,1.89,0.00,0
1789457667589627992,1528.2,0.1,1.64,7.00,2
1789457668620901951,1195.2,0.0,1.65,0.00,37
1789457669651840027,1011.2,0.0,1.95,0.00,9
1789457670681263666,1141.2,0.3,1.61,4.69,0
1789457671708712040,1629.3,0.0,1.83,0.00,0
1789457672735975242,1629.7,0.0,1.67,0.00,0
1789457673763525592,1549.2,0.0,1.88,0.00,1
1789457674792107405,1545.8,0.0,1.55,0.00,3
1789457675823628125,1003.9,0.1,4.25,2.00,7
1789457676855002518,2265.4,0.3,3.07,0.69,4
1789457677884321473,1768.0,0.0,3.01,0.00,0
1789457678911284298,2235.3,0.1,3.63,6.33,7
1789457679940854807,2420.0,0.0,2.66,0.00,6
1789457680969337144,1855.8,0.0,2.80,0.00,0
1789457681997798875,2089.5,0.1,3.78,0.42,8
1789457683028111001,2443.7,0.1,2.54,1.00,7
1789457684058486683,1972.0,0.0,1.72,13.00,1
1789457685084917150,2190.1,0.1,1.82,5.33,6
1789457686114066046,2230.8,0.0,1.67,0.00,5
1789457687142582032,1930.1,0.2,1.79,1.38,3
1789457688172217820,1784.5,0.0,1.71,0.00,0
1789457689200572835,2117.4,0.0,1.66,0.00,6
1789457690229186727,2214.5,0.1,1.70,8.00,5
1789457691257412797,1977.7,0.0,1.80,0.00,4
1789457692287569333,1916.5,0.2,2.14,0.92,84
1789457693318752429,2415.6,0.0,3.15,0.00,6
1789457694346657333,2277.6,0.1,2.58,2.00,4
1789457695375859797,1722.8,0.0,2.95,15.00,0
1789457696403293822,2358.7,0.2,3.58,1.25,8
1789457697431096385,2368.5,0.0,2.58,0.00,4
1789457698459484130,1786.3,0.0,2.88,0.00,0
1789457699484430568,1928.9,0.1,5.62,2.00,10
1789457700510746920,2814.5,0.3,1.67,0.80,3
1789457701538994370,1778.5,0.6,1.71,0.27,0
1789457702568267638,1710.5,0.3,1.82,6.33,11
1789457703596226036,2094.3,0.0,1.84,0.00,6
1789457704626231727,2201.9,0.0,1.66,0.00,5
1789457705654873456,1942.6,0.0,1.78,0.00,4
1789457706685132794,1807.5,0.5,1.88,0.08,0
1789457707716070891,1626.1,0.1,1.89,10.00,0
1789457708744677495,1986.2,0.0,1.90,0.00,9
1789457709773446941,2754.7,0.0,2.45,0.00,4
1789457710802987228,2741.1,0.0,3.35,0.00,6
1789457711833847677,2735.2,0.2,3.40,1.62,7
1789457712862952974,2792.5,0.1,2.28,7.50,92
1789457713892290697,3066.0,0.2,3.03,1.00,4
1789457714920410897,2826.9,0.3,2.89,1.00,6
1789457715947700329,2611.0,0.3,1.76,1.10,8
1789457716975097530,2701.1,0.9,1.68,1.25,3
1789457718003452004,2569.2,0.3,1.78,8.00,6
1789457719032618863,2438.9,0.0,1.72,0.00,1
1789457720062864614,2829.9,0.0,1.69,0.00,5
1789457721092776859,2341.1,0.0,1.84,0.00,12
1789457722120374218,2756.3,0.6,1.69,1.00,3
1789457723150806290,2703.8,0.1,3.05,21.50,8
1789457724178920374,2727.3,0.0,3.23,0.00,10
1789457725207796435,2869.2,0.0,2.49,0.00,3
1789457726239237164,2929.5,0.0,3.04,0.00,6
1789457727269769143,2637.1,0.2,3.29,3.24,9
1789457728297431267,2641.9,0.1,4.04,7.50,2
1789457729326959585,2809.7,0.0,1.71,0.00,6
1789457730356737395,2287.2,0.0,1.83,0.00,11
1789457731384478142,2720.5,0.1,1.73,1.00,5
1789457732414387315,2265.7,0.3,1.87,1.30,8
1789457733442509312,2691.2,0.0,1.77,0.00,5
1789457734471549814,2354.5,0.0,1.90,0.00,10
1789457735499272524,2590.9,0.0,1.73,0.00,6
1789457736529199207,2672.0,0.0,3.45,0.00,6
1789457737557354904,2820.0,0.2,2.88,1.38,7
1789457738584369508,2844.6,0.0,2.38,0.00,1
1789457739614381637,3011.3,0.0,2.95,0.00,6
1789457740644319314,2757.6,0.0,3.19,0.00,7
1789457741672277882,2839.3,0.0,2.33,0.00,8
1789457742700221857,2603.5,0.2,1.73,1.71,4
1789457743729790617,2611.2,0.0,1.76,0.00,5
1789457744757120721,2418.5,0.2,1.73,0.62,1
1789457745786627423,2866.3,0.0,1.69,0.00,6
1789457746815809622,2348.5,0.1,1.86,1.33,8
1789457747843004302,2817.8,0.2,1.62,5.33,3
1789457748872892340,2634.3,0.3,2.62,1.00,6
1789457749900526477,2727.2,0.0,3.34,0.00,10
1789457750927029882,2889.4,0.0,2.19,0.00,0
1789457751953207672,3059.2,0.0,2.87,0.00,6
1789457752980459356,2709.4,0.1,3.33,8.00,7
1789457754006569987,2518.8,0.2,3.86,1.62,58
1789457755033476044,2926.1,0.0,2.52,0.00,5
1789457756060242538,2496.6,0.0,1.79,0.00,7
1789457757087544782,2471.4,0.0,1.77,0.00,5
1789457758117772837,2623.0,0.2,1.75,3.33,5
1789457759146015631,2353.9,0.2,1.73,2.05,1
1789457760176428679,2703.2,0.0,1.90,0.00,6
1789457761205906862,2247.8,0.0,1.83,0.00,12
1789457762235971009,2804.9,0.0,2.52,0.00,4
1789457763266148941,2670.5,0.2,3.46,8.00,8
1789457764293552807,2776.6,0.3,3.00,1.20,24
1789457765321571520,2973.0,0.0,2.44,0.00,3
1789457766352444534,2841.4,0.0,3.16,0.00,6
1789457767382562135,2786.1,0.1,3.10,8.00,8
1789457768412791216,2633.8,0.0,1.64,0.00,0
1789457769442588628,2871.1,0.1,1.70,1.80,6
1789457770472785043,2352.3,0.0,1.85,0.00,7
1789457771501032509,2700.0,0.0,1.67,0.00,3
1789457772530926556,2556.7,0.0,1.78,7.50,6
1789457773558694573,2440.9,0.0,1.75,0.00,2
1789457774589223264,2766.6,0.1,1.70,0.18,6
1789457775618564651,2570.5,0.0,3.23,0.00,8
1789457776646478176,2833.4,0.0,2.54,0.00,1
1789457777677241853,2919.7,0.1,3.19,13.50,6
1789457778706534531,2784.4,0.0,3.16,0.00,8
1789457779734075494,2731.5,0.2,3.03,1.05,10
1789457780761947800,2847.9,0.0,3.45,0.00,4
1789457781791634240,2622.0,0.1,1.77,0.88,5
1789457782818788134,2344.6,0.5,1.79,2.00,1
1789457783846085121,2645.5,0.3,1.79,1.00,6
1789457784872823882,2320.3,0.8,1.74,1.07,0
1789457785901239211,2760.7,0.1,1.84,1.00,6
1789457786928763903,2327.6,0.0,1.84,0.00,10
1789457787956975868,2770.4,0.3,1.70,8.50,5
1789457788987145259,2550.1,0.0,3.60,0.00,8
1789457790014802654,2696.0,0.6,3.01,1.42,90
1789457791042652296,3021.7,0.0,2.63,0.00,4
1789457792072753686,2721.6,0.0,3.67,0.00,6
1789457793102736645,2816.0,0.1,2.95,2.00,6
1789457794130909780,2767.8,0.0,2.50,0.00,12
1789457795161045783,2884.0,0.2,1.71,0.20,5
1789457796190478143,2349.5,0.0,1.85,0.00,6
1789457797218469576,2676.6,0.0,1.69,0.00,4
1789457798248222242,2584.2,0.1,1.75,2.00,6
1789457799275503782,2430.7,0.1,1.74,0.50,1
1789457800301979360,2792.4,0.4,1.72,1.17,5
1789457801332134779,2345.9,0.0,2.61,0.00,8
1789457802360336961,2936.0,0.2,2.43,9.00,4
1789457803389334935,2919.4,0.0,2.88,0.00,6
1789457804419209747,2818.0,0.0,2.93,0.00,7
1789457805446902872,2775.5,0.3,2.88,1.24,9
1789457806474977491,2891.3,0.0,2.30,0.00,5
1789457807503365763,2759.8,0.1,3.53,7.00,5
1789457808532217538,2309.8,0.0,1.74,0.00,13
1789457809560837470,2741.5,0.0,1.75,0.00,4
1789457810590111806,2296.0,0.2,1.82,1.50,13
1789457811618123062,2764.4,0.0,1.65,0.00,4
1789457812647947236,2294.7,0.1,2.05,12.50,60
1789457813676203856,2597.8,0.0,1.90,0.00,4
1789457814706447096,2461.6,0.0,2.44,0.00,7
1789457815734655410,2669.8,0.2,2.75,4.82,27
1789457816764804473,3077.5,0.0,2.81,0.00,3
1789457817794932632,2826.4,0.1,3.14,11.00,6
1789457818822287504,2726.1,0.0,3.32,0.00,6
1789457819849783686,2810.4,0.0,2.30,0.00,30
1789457820878530596,2977.1,0.2,2.17,1.21,5
1789457821907828417,2508.4,0.0,1.80,0.00,7
1789457822935754879,2489.7,0.1,1.73,2.00,2
1789457823965865842,2764.8,0.0,1.69,0.00,4
1789457824994206213,2362.5,0.0,1.76,0.00,12
1789457826022439963,2828.4,0.2,1.69,1.17,4
1789457827053177835,2356.1,0.0,1.86,0.00,6
1789457828083053277,2705.3,0.1,2.34,8.50,4
1789457829113340212,2882.2,0.0,3.22,0.00,5
1789457830142678503,2797.9,0.0,3.02,0.00,7
1789457831169754575,2725.3,0.2,3.19,1.27,28
1789457832197726607,2959.8,0.0,2.31,0.00,4
1789457833228336455,2655.1,0.0,4.35,0.00,7
1789457834259017028,2547.2,0.0,1.72,0.00,13
1789457835287383820,2774.1,0.3,1.68,2.00,5
1789457836317959970,2261.1,0.4,1.90,0.38,7
1789457837346730514,2670.6,0.0,1.68,0.00,6
1789457838376102602,2429.6,0.0,1.88,0.00,70
1789457839403863274,2494.5,0.0,1.92,0.00,7
1789457840433890856,2484.0,0.1,1.86,6.50,7
1789457841464977529,2560.9,0.2,2.55,0.88,0
1789457842495890027,2953.6,0.0,3.19,0.00,6
1789457843526388654,2721.4,0.0,3.40,0.00,8
1789457844554755950,2770.2,0.0,3.16,0.00,8
1789457845583255369,2860.0,0.1,2.37,8.00,3
1789457846614072900,3020.8,0.2,2.77,1.12,5
1789457847644671012,2603.1,0.0,1.78,0.00,7
1789457848673013826,2487.1,0.0,1.72,0.00,3
1789457849703692941,2775.9,0.0,1.69,0.00,5
1789457850732027396,2358.7,0.1,1.78,7.00,12
1789457851759941296,2825.1,0.1,1.67,1.40,3
1789457852790811106,2384.2,0.0,1.83,0.00,6
1789457853818973293,2593.2,0.0,1.70,0.00,3
1789457854849563037,2806.7,0.0,3.11,0.00,7
1789457855879612564,2766.2,0.1,3.07,6.50,8
1789457856907136638,2737.5,0.0,2.67,0.00,0
1789457857937397656,2986.2,0.2,3.10,0.11,7
1789457858968023262,2603.0,0.0,3.47,0.00,9
1789457859995628886,2621.0,0.0,3.90,0.00,11
1789457861023346120,2796.0,0.1,1.72,4.50,6
1789457862053228498,2286.8,0.1,1.85,1.78,10
1789457863080705810,2677.2,0.0,1.72,0.00,3
1789457864110284679,2337.8,0.0,1.82,0.00,9
1789457865138813282,2608.2,0.0,1.90,0.00,7
1789457866169181143,2385.7,0.0,1.90,8.50,10
1789457867196913074,2547.7,0.1,1.76,0.92,5
1789457868226143579,2708.0,0.0,3.59,0.00,6
1789457869255197496,2808.7,0.0,2.94,0.00,6
1789457870283001102,2796.5,0.1,2.44,1.00,4
1789457871313691192,3027.4,0.2,3.09,13.00,6
1789457872343209959,2822.5,0.3,2.93,1.59,7
1789457873371622029,2784.5,0.0,2.58,0.00,7
1789457874399603918,2592.2,0.0,1.72,0.00,3
1789457875429851176,2633.8,0.1,1.75,7.00,5
1789457876458181266,2397.3,0.0,1.71,0.00,1
1789457877489319089,2850.5,0.2,1.71,1.24,5
1789457878519149645,2342.4,0.0,1.85,0.00,8
1789457879547376793,2712.0,0.0,1.69,0.00,4
1789457880577831286,2481.2,0.1,2.60,1.00,9
1789457881605638431,2763.0,0.0,2.92,0.00,38
1789457882634171705,2971.1,0.1,2.58,0.73,4
1789457883664796324,2858.4,0.0,3.02,0.00,6
1789457884694718005,2727.6,0.0,3.11,0.00,7
1789457885723579436,2665.8,0.1,2.62,6.50,1
1789457886754939156,2900.3,0.0,3.51,0.00,5
1789457887785782857,2325.5,0.1,1.83,0.19,7
1789457888813839697,2648.4,0.0,1.73,0.00,4
1789457889844497692,2361.6,0.0,1.83,0.00,9
1789457890872536491,2605.5,0.1,1.68,2.00,3
1789457891902962172,2441.2,0.0,2.05,0.00,10
1789457892931047695,2460.5,0.2,1.83,1.75,5
1789457893961554613,2547.9,0.0,2.65,0.00,8
1789457894989621017,873.9,0.0,1.47,0.00,0
1789457896016763696,1629.9,0.1,3.81,7.50,0
1789457897043922408,0.0,0.0,0.00,0.00,98
1789457898071275425,1630.3,0.0,3.80,0.00,0
1789457899098332871,508.2,0.1,8.30,7.40,8
1789457900128169101,1119.4,0.0,1.47,0.00,0
1789457901155615604,983.3,0.1,5.61,8.50,5
1789457902186101682,643.3,0.0,1.47,0.00,0
1789457903213402896,1522.6,0.0,3.91,0.00,4
1789457904243277151,104.1,0.3,0.94,0.11,0
1789457905270824880,1628.1,0.0,4.09,0.00,0
1789457906298872717,0.0,0.1,0.00,2.50,0
1789457907326279903,1629.1,0.0,3.71,0.00,0
1789457908353828256,101.1,0.0,21.30,0.00,75
1789457909381243043,1528.2,0.4,2.27,2.07,0
1789457910409256133,696.3,0.1,5.67,6.50,6
1789457911439799691,2207.5,0.0,1.57,0.00,6
1789457912469864496,346.3,0.0,2.17,0.00,0
1789457913497353655,1485.2,0.3,1.84,0.14,3
1789457914527801940,141.0,0.0,1.18,0.00,0
1789457915555260838,1628.5,0.1,1.78,9.00,0
1789457916583398775,0.0,0.2,0.00,7.00,0
1789457917610448768,1629.5,0.0,1.74,0.00,0
1789457918638240242,215.1,0.4,2.67,1.68,10
1789457919665757288,1414.5,0.0,1.62,0.00,0
1789457920693815918,791.6,0.0,1.90,0.00,6
1789457921723633060,835.1,0.2,1.61,8.50,0
1789457922751569658,1331.0,0.0,1.69,0.00,4
1789457923782146129,294.6,0.2,2.21,2.92,0
1789457924809861809,1520.0,0.0,1.85,0.00,2
1789457925839876709,106.0,0.1,0.78,5.67,0
1789457926867281058,1629.3,0.0,1.63,0.00,0
1789457927893956911,0.0,0.0,0.00,0.00,0
1789457928920880147,1630.8,0.2,1.82,0.36,0
1789457929947384804,168.4,0.0,2.85,0.00,12
1789457930975451139,2136.5,0.1,2.55,1.50,8
1789457932005362071,948.7,0.0,1.43,0.00,0
1789457933032596492,1211.2,0.0,4.39,0.00,6
1789457934062368194,416.4,0.2,1.53,4.56,0
1789457935089185466,1563.8,0.0,3.79,0.00,1
1789457936119134269,62.7,0.0,0.43,8.00,0
1789457937146236470,1629.1,0.0,3.96,0.00,0
1789457938173877084,0.0,0.0,0.00,0.00,0
1789457939199282045,1631.3,0.1,3.77,0.67,0
1789457940224997424,48.8,0.0,21.47,0.00,38
1789457941252354049,1580.8,0.1,3.21,6.50,0
1789457942280048775,625.5,0.0,5.36,0.00,10
1789457943310205821,1002.1,0.0,1.45,0.00,0
1789457944337353211,1127.6,0.1,4.44,1.17,6
1789457945367503200,499.0,0.0,1.51,0.00,0
1789457946395258854,1513.8,0.1,3.07,8.50,4
1789457947425549904,111.8,0.0,1.13,0.00,0
1789457948452813028,1628.5,0.0,6.48,0.00,0
1789457949480974020,1628.8,0.1,1.54,0.53,0
1789457950508455579,18.0,0.0,8.34,0.00,11
1789457951535892374,1611.8,0.0,1.73,9.00,0
1789457952562969749,553.1,0.0,2.04,0.00,8
1789457953592993944,1074.4,0.0,1.65,0.00,0
1789457954620345513,971.0,0.1,1.96,1.33,5
1789457955650528775,656.0,0.0,1.70,0.00,0
1789457956678121410,1376.6,0.1,1.85,10.00,3
1789457957708196257,249.9,0.0,2.01,0.00,0
1789457958736229549,1595.4,0.0,1.78,0.00,1
1789457959766865516,29.7,0.1,0.45,8.62,0
1789457960794415084,1629.1,0.0,1.79,0.00,0
1789457961821939109,0.0,0.1,0.00,8.50,0
1789457962849385377,1628.9,0.0,1.97,0.00,0
1789457963877051930,308.8,0.0,2.39,0.00,8
1789457964905333717,1319.9,0.3,1.81,0.22,0
1789457965933396442,837.5,0.0,1.89,0.00,5
1789457966963990791,788.6,0.1,1.68,1.40,0
1789457967992105234,1331.4,0.0,1.70,0.00,5
1789457969023021670,1890.9,0.0,3.13,0.00,0
1789457970054020269,1577.4,0.3,3.93,0.94,0
1789457971084725253,2829.6,0.2,3.05,7.20,6
1789457972113842089,2472.3,0.0,3.79,4.33,9
1789457973142512157,2822.6,0.0,2.36,0.00,1
1789457974173688716,2876.2,0.0,2.94,0.00,6
1789457975204377214,2716.5,0.4,2.49,1.72,7
1789457976233402644,2470.5,0.0,1.74,0.00,3
1789457977263976455,2547.3,0.0,1.74,0.00,6
1789457978292277425,2384.6,0.0,1.74,0.00,2
1789457979322673796,2674.9,0.0,1.70,0.00,5
1789457980351410330,2288.4,0.4,1.74,0.16,0
1789457981382354296,2713.6,0.1,1.74,4.67,6
1789457982411466334,2273.8,0.0,2.19,0.00,71
1789457983440860938,2973.0,0.0,2.62,0.00,3
1789457984471487906,2715.3,0.0,3.01,0.00,7
1789457985499028106,2645.3,0.3,3.10,3.94,9
1789457986527607619,2848.7,0.1,2.25,7.00,3
1789457987558365578,2762.9,0.0,2.94,0.00,7
1789457988588908742,2628.4,0.1,3.17,4.67,12
1789457989615770210,2601.2,0.0,1.69,0.00,5
1789457990645569355,2315.6,0.3,1.80,1.80,7
1789457991673921086,2546.8,0.0,1.73,0.00,4
1789457992704902253,2290.6,0.0,1.79,0.00,10
1789457993733095432,2585.1,0.1,1.85,3.50,4
1789457994763521667,2217.7,0.0,1.94,0.00,9
1789457995792461723,2632.3,0.3,1.82,0.83,5
1789457996823727866,2557.2,0.0,3.48,0.00,7
1789457997850675623,2715.5,0.2,3.14,1.12,65
1789457998877685532,2995.5,0.2,2.78,11.00,3
1789457999909032646,2865.1,0.0,3.04,0.00,5
1789458000939710750,2834.8,0.0,2.91,1.00,8
1789458001967944441,2854.0,0.3,2.26,1.16,9
1789458002996136409,2740.5,0.0,1.68,0.00,4
1789458004026597164,2487.7,0.1,1.80,6.50,6
1789458005054438967,2514.4,0.0,1.72,0.00,2
1789458006084601432,2761.3,0.0,1.69,0.00,5
1789458007113314374,2313.3,0.3,1.79,0.96,12
1789458008141815377,2858.4,0.0,1.70,0.00,3
1789458009171321380,2336.5,0.1,2.67,2.00,8
1789458010199376678,2856.9,0.0,2.21,0.00,0
1789458011230467208,3065.9,0.0,2.81,0.00,4
1789458012260620242,2741.2,0.2,3.23,1.52,7
1789458013289235664,2795.3,0.0,2.93,0.00,8
1789458014317007403,2730.6,0.1,2.41,6.50,0
1789458015348605026,2883.7,0.0,3.47,0.00,6
1789458016378668417,2319.7,0.0,1.82,0.00,11
1789458017406238751,2677.3,0.3,1.72,1.14,3
1789458018436742142,2326.8,0.1,1.86,8.50,9
1789458019464942564,2645.0,0.0,1.66,0.00,5
1789458020495376754,2441.6,0.0,1.99,0.00,7
1789458021524112892,2490.2,0.3,1.74,0.25,3
1789458022554056652,2619.3,0.0,2.57,0.00,8
1789458023582289317,2708.1,0.1,3.15,9.00,9
1789458024610966927,2889.9,0.0,2.28,0.00,1
1789458025642306014,2832.4,0.0,3.54,0.00,5
1789458026673314820,2642.0,0.3,3.63,1.30,8
1789458027701839551,2796.4,0.0,2.74,0.00,91
1789458028733466030,2954.8,0.1,2.03,6.50,4
1789458029764468756,2542.6,0.0,1.78,0.00,8
1789458030792636816,2454.8,0.0,1.74,0.00,1
1789458031824074951,2793.6,0.2,1.69,1.04,4
1789458032854030472,2367.5,0.0,1.79,0.00,12
1789458033882532108,2792.9,0.0,1.68,0.00,4
1789458034912890714,2424.0,0.0,1.82,0.00,8
1789458035942679596,2660.8,0.0,2.48,0.00,1
1789458036973942527,3038.5,0.4,2.80,0.98,6
1789458038005063887,2815.6,0.0,2.94,0.00,6
1789458039033543255,2809.9,0.0,2.96,0.00,9
1789458040062458991,2756.2,0.0,2.40,0.00,1
1789458041094658360,2757.2,0.0,4.30,0.00,6
1789458042125736146,2522.0,0.4,1.80,0.31,7
1789458043154196310,2639.0,0.0,1.69,0.00,4
1789458044184805441,2377.8,0.0,1.83,0.00,9
1789458045213409056,2551.2,0.0,1.70,0.00,2
1789458046244480961,2516.8,0.0,1.92,0.00,8
1789458047273528773,2413.6,0.4,1.85,1.83,2
1789458048305588364,2683.5,0.0,1.69,0.00,6
1789458049336605325,2468.2,0.0,3.52,0.00,13
1789458050365737106,2958.4,0.0,2.27,0.00,3
1789458051396766241,2867.7,0.0,3.19,0.00,7
1789458052424499675,2778.2,0.3,3.13,5.29,7
1789458053452519648,2794.6,0.1,2.99,5.00,10
1789458054480738118,2947.0,0.0,2.32,0.00,4
1789458055511558192,2739.8,0.0,1.73,0.00,6
1789458056539938159,2355.0,0.0,1.75,0.00,10
1789458057568381569,2855.6,0.4,1.69,1.48,4
1789458058599152204,2379.3,0.0,1.84,0.00,7
1789458059627652666,2624.7,0.0,1.71,0.00,4
1789458060658010929,2604.0,0.0,1.76,0.00,6
1789458061686650082,2391.1,0.0,1.76,0.00,0
1789458062718298397,2982.2,0.4,3.11,1.52,4
1789458063749522266,2745.8,0.0,3.41,0.00,8
1789458064778051171,2759.2,0.0,3.05,0.00,10
1789458065806940510,2873.3,0.0,2.41,0.00,1
1789458066838365986,2882.1,0.0,3.11,0.00,5
1789458067869194810,2600.5,0.4,4.09,1.50,7
1789458068897608651,2544.4,0.0,1.72,0.00,5
1789458069928980910,2553.4,0.0,1.76,0.00,6
1789458070957366989,2372.5,0.0,1.80,0.00,3
1789458071988376192,2695.6,0.0,1.68,0.00,4
1789458073017991921,2264.5,0.3,2.02,1.25,1
1789458074049262222,2726.9,0.0,1.81,5.67,7
1789458075078310141,2276.6,0.0,2.26,0.00,81
1789458076106915364,3004.4,0.0,2.71,0.00,4
1789458077137879747,2745.9,0.0,3.42,0.00,5
1789458078166984882,2759.1,0.2,3.23,1.04,8
1789458079195364708,2783.6,0.1,2.43,3.00,0
1789458080225779099,3077.3,0.0,2.77,0.00,3
1789458081256918983,2867.8,0.0,2.35,0.00,5
1789458082286179745,2346.1,0.0,1.80,0.00,12
1789458083314600460,2810.7,0.3,1.68,1.15,3
1789458084345489507,2425.1,0.1,1.83,9.00,8
1789458085373932393,2579.8,0.0,1.70,0.00,3
1789458086404251499,2659.6,0.0,1.74,0.00,6
1789458087433684257,2355.8,0.0,1.75,0.00,1
1789458088465664687,2871.1,0.2,2.31,0.23,4
1789458089496466110,2816.0,0.1,2.96,8.00,6
1789458090525052523,2732.5,0.0,3.24,0.00,10
1789458091553302521,2897.6,0.0,2.27,0.00,1
1789458092584342144,3003.3,0.0,2.86,0.00,6
1789458093615521991,2496.0,0.3,4.77,0.90,6
1789458094645812881,2623.8,0.1,1.69,7.50,1
1789458095676622489,2797.5,0.0,1.68,0.00,6
1789458096706922729,2236.5,0.0,1.82,0.00,10
1789458097735122464,2835.2,0.0,1.68,0.00,5
1789458098765591814,2311.8,0.3,1.83,0.89,9
1789458099793995908,2636.5,0.1,1.90,7.50,5
1789458100824965053,2393.8,0.0,1.86,0.00,7
1789458101856014715,2633.0,0.0,2.64,0.00,3
1789458102887489538,2889.8,0.0,3.24,0.00,5
1789458103918069147,2840.2,0.3,2.93,0.86,8
1789458104946300169,2680.6,0.1,3.31,7.50,10
1789458105974407836,2960.1,0.0,2.35,0.00,4
1789458107004898299,2896.4,0.0,3.17,0.00,5
1789458108035335982,2594.0,0.0,1.78,0.00,7
1789458109063741749,2587.3,0.3,1.71,1.89,2
1789458110094489477,2646.6,0.1,1.75,8.00,5
1789458111122940482,2388.7,0.0,1.72,0.00,0
1789458112153545143,2882.7,0.0,1.70,0.00,5
1789458113183996245,2345.5,0.0,1.86,0.00,7
1789458114212218888,2671.2,0.3,1.70,1.28,4
1789458115242840835,2660.2,0.1,3.43,2.50,7
1789458116271870528,2726.4,0.0,3.41,0.00,10
1789458117300740037,2860.0,0.0,2.62,0.00,4
1789458118332513957,2945.3,0.0,2.90,0.00,5
1789458119363700243,2702.9,0.3,3.08,1.16,11
1789458120392800309,2594.3,0.0,4.09,14.00,12
1789458121423564575,2823.1,0.0,1.72,0.00,5
1789458122454010887,2283.8,0.0,1.84,0.00,13
1789458123482361148,2713.6,0.0,1.71,0.00,5
1789458124511770795,2312.9,0.4,1.84,1.48,7
1789458125541087657,2637.0,0.0,1.81,0.00,6
1789458126571927484,2410.9,0.0,1.86,0.00,9
1789458127600417499,2528.7,0.0,1.73,0.00,3
1789458128630981834,2805.5,0.0,3.05,0.00,5
1789458129659809865,2766.4,0.5,3.02,1.82,8
1789458130687392391,2815.2,0.0,2.62,0.00,71
1789458131715233754,3034.6,0.0,2.60,0.00,4
1789458132742334739,2928.6,0.0,2.90,0.00,5
1789458133769664717,2830.9,0.0,2.43,0.00,7
1789458134796649680,2436.8,0.4,1.77,1.47,2
1789458135824263890,2802.3,0.0,1.70,0.00,6
1789458136851463404,2372.8,0.0,1.81,0.00,11
1789458137878602717,2804.7,0.0,1.68,0.00,4
1789458138905010894,2455.9,0.0,1.84,0.00,7
1789458139931703064,2543.6,0.4,1.75,1.69,3
1789458140958631555,2596.5,0.0,2.81,0.00,7
1789458141986490609,2754.5,0.0,3.36,0.00,10
1789458143013672495,2889.6,0.0,2.27,0.00,0
1789458144041569552,3009.6,0.0,3.08,0.00,5
1789458145068903923,2727.7,0.1,3.33,6.50,10
1789458146095997679,2554.4,0.2,3.86,1.30,64
1789458147122826957,2930.5,0.0,2.51,0.00,4
1789458148150318557,2466.4,0.0,1.79,0.00,8
1789458149177994784,2503.3,0.0,1.77,0.00,3
1789458150204922532,2587.1,0.1,1.76,8.00,6
1789458151232408407,2382.6,0.3,1.74,1.20,0
1789458152259973997,2664.6,0.0,1.98,0.00,7
1789458153287625031,2254.3,0.0,1.92,0.00,1
1789458154315515025,2787.0,0.0,2.45,0.00,6
1789458155343265633,2673.6,0.1,3.32,5.50,7
1789458156371043537,2796.6,0.3,2.63,1.19,39
1789458157398945464,3027.0,0.0,2.84,0.00,4
1789458158426824273,2850.7,0.0,3.16,0.00,6
1789458159454631904,2805.0,0.1,3.15,7.50,7
1789458160482106204,2651.5,0.0,1.65,0.00,0
1789458161509974098,2863.9,0.3,1.72,1.36,6
1789458162536531562,2364.4,0.0,1.85,0.00,8
1789458163564236544,2813.2,0.0,1.62,0.00,3
1789458164591893855,2770.3,0.1,1.71,8.50,5
1789458165619511237,2657.5,0.0,1.71,0.00,8
1789458166647355984,2643.5,0.3,1.73,0.94,4
1789458167675105590,2806.8,0.0,3.24,0.00,7
1789458168702969651,2842.2,0.0,2.91,0.00,8
1789458169731122515,2726.6,0.1,2.66,7.50,29
1789458170759131199,3042.3,0.0,2.86,0.00,4
1789458171786844304,2720.0,0.3,3.26,1.41,8
1789458172814829463,2658.5,0.0,3.88,0.00,9
1789458173843226377,2684.9,0.0,1.70,0.00,4
1789458174871345761,2431.2,0.1,1.83,7.50,9
1789458175899758150,2520.4,0.0,1.77,0.00,5
1789458176927544998,2558.9,0.6,1.77,1.69,6
1789458177955373362,2383.7,0.0,1.98,0.00,3
1789458178982496263,2622.4,0.0,1.83,0.00,8
1789458180010344743,2331.1,0.0,1.91,0.00,1
1789458181037770341,1677.6,0.0,2.79,0.00,0
1789458182065073083,1353.3,0.6,3.43,2.72,5
1789458183091649415,277.5,0.0,1.73,0.00,0
1789458184118520559,775.5,0.0,5.88,0.00,7
1789458185145617109,854.5,0.0,1.45,0.00,0
1789458186172583259,211.2,0.0,17.56,0.00,8
1789458187200283852,1417.4,0.4,1.55,1.25,0
1789458188227803887,0.0,0.0,0.00,0.00,0
1789458189255225583,1629.5,0.0,3.69,0.00,0
1789458190282261978,0.0,0.0,0.00,0.00,0
1789458191309227327,1630.3,0.0,4.16,0.00,0
1789458192335882762,0.0,0.4,0.00,0.39,0
1789458193362860662,1630.6,0.0,3.70,0.00,0
1789458194389351947,0.0,0.0,14.00,0.00,0
1789458195416147787,1333.5,0.0,4.06,0.00,5
1789458196443265788,296.0,0.1,1.68,8.50,0
1789458197470367469,717.8,0.3,5.98,0.38,6
1789458198497106394,912.5,0.0,1.46,0.00,0
1789458199523680831,138.8,0.0,20.99,0.00,40
1789458200550389100,1591.3,0.0,2.09,0.00,12
1789458201576886253,1531.8,0.1,1.48,2.00,0
1789458202603405890,0.0,0.1,0.00,6.59,0
1789458203630351910,1630.2,0.0,1.83,0.00,0
1789458204657583653,0.0,0.0,0.00,0.00,0
1789458205684098410,1631.8,0.0,1.79,0.00,0
1789458206710147255,0.0,0.1,0.00,8.00,0
1789458207735819757,1462.3,0.3,1.86,1.00,4
1789458208761868006,169.6,0.0,1.43,0.00,0
1789458209788558905,1159.9,0.0,1.74,0.00,6
1789458210815224936,470.6,0.0,1.91,0.00,0
1789458211842004984,549.1,0.1,1.93,8.50,6
1789458212869111621,1080.8,0.2,1.60,0.41,0
1789458213896102438,0.0,0.0,0.00,0.00,0
1789458214922042969,1630.3,0.0,1.78,0.00,0
1789458215949291281,0.0,0.0,0.00,0.00,0
1789458216975611500,1631.4,0.1,1.81,7.50,0
1789458218002180609,0.0,0.3,0.00,1.92,0
1789458219028701065,1549.3,0.0,1.87,0.00,1
1789458220055294474,81.4,0.0,0.42,0.00,0
1789458221081700545,1322.7,0.0,1.74,0.00,3
1789458222108974582,307.6,0.1,2.33,2.50,0
1789458223135759494,733.4,0.0,1.97,0.00,7
1789458224162507326,1514.9,0.3,3.77,0.78,8
1789458225189636847,1012.2,0.0,1.46,0.00,0
1789458226215875515,0.0,0.0,0.00,0.00,98
1789458227240851275,1630.5,0.1,3.90,6.50,0
1789458228267532601,0.0,0.0,14.00,0.00,0
1789458229293884492,1630.5,0.3,3.00,1.80,0
1789458230319956460,0.0,0.0,0.00,0.00,0
1789458231345989890,1630.5,0.0,3.61,0.00,0
1789458232373277233,0.0,0.1,0.00,2.00,0
1789458233399411133,1387.7,0.0,3.95,0.00,6
1789458234425239531,244.1,0.1,1.79,0.78,0
1789458235452056626,780.7,0.0,5.62,0.00,7
1789458236478625822,850.2,0.1,1.44,2.00,0
1789458237505190973,142.7,0.0,18.66,0.00,40
1789458238532252967,1487.6,0.0,1.82,0.00,0
1789458239558305264,0.0,0.4,0.00,1.62,0
1789458240585189946,1631.0,0.0,3.73,0.00,0
1789458241611424951,0.0,0.1,0.00,8.50,0
1789458242638311883,1629.6,0.0,3.77,0.00,0
1789458243665500941,0.0,0.0,14.00,0.00,0
1789458244693450562,1453.2,0.3,4.78,2.28,3
1789458245723582946,1537.6,0.0,1.72,0.00,4
1789458246754060967,260.6,0.1,2.01,8.50,0
1789458247781781343,822.2,0.0,1.92,0.00,7
1789458248811757462,805.1,0.0,1.60,0.00,0
1789458249838326465,200.6,0.4,2.67,1.72,10
1789458250865730616,1429.1,0.0,1.63,0.00,0
1789458251892714756,0.0,0.1,0.00,8.50,0
1789458252919493923,1630.2,0.0,1.88,0.00,0
1789458253946413492,0.0,0.0,0.00,0.00,0
1789458254973477289,1628.3,0.3,1.80,1.27,0
1789458256001455327,0.0,0.0,0.00,0.00,0
1789458257028583314,1447.3,0.1,1.73,8.50,4
1789458258058038723,180.0,0.0,1.44,0.00,0
1789458259085723057,1051.6,0.0,1.77,0.00,7
1789458260115215357,575.6,0.3,1.83,2.22,0
1789458261141869014,406.0,0.0,2.21,0.00,7
1789458262169517507,1223.7,0.1,1.85,7.50,0
1789458263196558931,0.0,0.0,0.00,0.00,0
1789458264223460320,1630.0,0.0,1.90,0.00,0
1789458265250708707,0.0,0.3,0.00,2.57,0
1789458266278173507,1627.3,0.0,1.84,0.00,0
1789458267306545513,0.0,0.1,0.00,2.00,0
1789458268334083802,1461.9,0.0,1.82,0.00,2
1789458269364843858,1651.0,0.0,3.71,0.00,3
1789458270395024942,1141.9,0.2,4.56,0.89,7
1789458271424923586,2772.7,0.1,3.04,2.43,8
1789458272452785843,2812.1,0.0,2.57,0.00,93
1789458273480752743,3010.1,0.0,2.82,0.00,3
1789458274510638700,2873.9,0.0,2.93,0.00,5
1789458275538762324,2837.0,0.3,2.37,1.22,8
1789458276566801359,2472.8,0.1,1.76,6.00,3
1789458277596725953,2735.8,0.0,1.71,0.00,6
1789458278624683843,2364.6,0.0,1.76,0.00,12
1789458279652501161,2864.1,0.0,1.68,0.00,4
1789458280682610331,2373.1,0.3,1.85,1.46,7
1789458281710300042,2606.4,0.1,1.72,7.00,4
1789458282740218127,2614.7,0.0,2.43,0.00,7
1789458283767547900,2818.9,0.0,2.99,0.00,8
1789458284795378269,2869.3,0.0,2.17,0.00,1
1789458285825052508,3032.3,0.4,2.91,0.79,6
1789458286855224901,2648.0,0.2,3.39,6.00,8
1789458287882856020,2562.8,0.0,3.44,0.00,83
1789458288912477773,2918.4,0.0,2.83,0.00,4
1789458289942546151,2441.9,0.0,1.80,0.00,10
1789458290970542953,2486.2,0.3,1.78,1.02,6
1789458292000353157,2489.5,0.2,1.80,6.50,6
1789458293028251017,2475.1,0.0,1.70,0.00,4
1789458294058401620,2573.1,0.0,2.01,0.00,7
1789458295086966475,2327.9,0.0,1.86,0.00,4
1789458296117106802,2691.0,0.4,2.48,1.51,6
1789458297146606813,2729.8,0.1,3.16,2.50,8
1789458298174282805,2822.9,0.0,2.25,0.00,81
1789458299203640313,3068.5,0.0,2.88,0.00,3
1789458300233862335,2784.7,0.0,3.19,0.00,5
1789458301262774126,2708.6,0.0,3.48,0.00,7
1789458302293124179,2711.2,0.3,1.68,1.67,1
1789458303323178996,2772.7,0.0,1.70,0.00,5
1789458304351978386,2347.4,0.0,1.79,0.00,10
1789458305379619316,2834.6,0.0,1.67,0.00,4
1789458306409807583,2419.0,0.0,1.83,6.00,8
1789458307437200532,2575.5,0.4,1.74,1.28,3
1789458308468201113,2621.9,0.0,1.75,0.00,6
1789458309498433197,2522.7,0.0,3.08,0.00,66
1789458310526637570,2995.0,0.0,2.78,0.00,4
1789458311557031531,2740.8,0.1,3.40,7.00,7
1789458312586782440,2751.4,0.3,3.18,0.11,8
1789458313614733039,2795.9,0.0,2.16,0.00,99
1789458314643368707,2755.2,0.0,4.50,0.00,6
1789458315673720587,2546.5,0.0,1.76,0.00,7
1789458316701957176,2610.3,0.1,1.71,9.00,4
1789458317732367235,2453.6,0.4,1.81,2.27,9
1789458318760744496,2493.2,0.0,1.73,0.00,2
1789458319790752677,2550.8,0.0,1.91,0.00,6
1789458320818658335,2379.3,0.0,1.86,0.00,3
1789458321849125206,2673.9,0.1,1.77,8.00,7
1789458322879270784,2469.7,0.3,3.46,0.85,19
1789458323907540512,2963.7,0.1,2.22,1.67,4
1789458324938287622,2919.6,0.0,3.12,0.00,6
1789458325968552014,2782.4,0.0,3.13,0.00,7
1789458326995678433,2758.0,0.0,3.20,0.00,8
1789458328023831924,2928.3,0.3,2.34,1.08,4
1789458329053997134,2732.7,0.1,1.74,7.00,5
1789458330082623016,2351.2,0.0,1.76,0.00,12
1789458331110341573,2869.8,0.0,1.68,0.00,4
1789458332140546840,2375.4,0.1,1.84,5.33,7
1789458333168512432,2623.9,0.3,1.70,0.97,4
1789458334198534711,2602.1,0.0,1.76,0.00,5
1789458335226873831,2389.6,0.0,1.75,0.00,1
1789458336257338067,2965.4,0.0,3.18,0.00,7
1789458337287644653,2819.1,0.1,2.93,7.00,7
1789458338315344691,2787.7,0.2,3.04,1.41,8
1789458339343332901,2847.2,0.0,2.27,0.00,1
1789458340373836986,2899.0,0.1,3.09,1.00,8
1789458341403750342,2654.1,0.0,3.73,0.00,10
1789458342432198192,2474.9,0.2,1.74,10.00,2
1789458343462562185,2585.7,0.5,1.78,2.22,6
1789458344490990009,2327.1,0.0,1.84,0.00,5
1789458345521283708,2731.0,0.0,1.69,0.00,8
1789458346550524127,2245.0,0.0,1.95,0.00,0
1789458347581050828,2794.1,0.1,1.80,10.50,94
1789458348611340737,2212.8,0.3,2.79,1.27,47
1789458349639354516,2956.7,0.0,2.73,0.00,5
1789458350669942392,2817.1,0.0,3.15,0.00,5
1789458351698850207,2666.2,0.0,3.47,0.00,7
1789458352726929636,2755.4,0.2,2.80,3.00,1
1789458353758609621,3007.5,0.4,2.98,1.08,5
1789458354787755206,2844.3,0.0,2.31,0.00,6
1789458355816624372,2337.1,0.0,1.74,0.00,11
1789458356847022899,2888.5,0.0,1.70,0.00,5
1789458357877211390,2348.8,0.1,1.85,8.00,7
1789458358905631179,2681.9,0.3,1.68,1.09,4
1789458359936471644,2544.9,0.0,1.79,0.00,7
1789458360964923823,2443.0,0.0,1.75,0.00,2
1789458361995216557,2779.0,0.0,2.35,0.00,5
1789458363025058946,2716.8,0.1,3.33,7.50,7
1789458364053297831,2756.2,0.3,2.40,1.10,68
1789458365082307890,3034.5,0.0,3.06,0.00,4
1789458366112396103,2818.6,0.0,2.81,0.00,7
1789458367141402934,2508.3,0.0,4.70,0.00,9
1789458368171987978,2823.9,0.1,1.67,7.00,4
1789458369202034513,2597.9,0.2,1.72,0.09,7
1789458370230637548,2338.7,0.0,1.81,0.00,3
1789458371260799405,2689.6,0.0,1.72,0.00,6
1789458372289438284,2301.2,0.0,1.73,0.00,0
1789458373320088188,2718.6,0.1,1.97,8.50,5
1789458374350649253,2182.9,0.4,1.93,1.69,11
1789458375381340373,2898.6,0.0,2.23,0.00,4
1789458376411444630,2700.0,0.0,3.33,0.00,8
1789458377439591226,2787.7,0.0,3.06,0.00,10
1789458378467812759,2876.2,0.0,2.41,0.00,2
1789458379498306309,2787.0,0.4,3.50,0.47,5
1789458380528894929,2703.8,0.0,3.48,0.00,8
1789458381559186018,2683.0,0.0,1.66,0.00,1
1789458382590101060,2820.2,0.0,1.70,0.00,5
1789458383619853772,2347.8,0.0,1.83,0.00,9
1789458384647659414,2761.4,0.2,1.67,3.06,4
1789458385678091715,2494.8,0.0,1.80,0.00,7
1789458386706621725,2502.3,0.0,1.74,0.00,3
1789458387737915593,2694.4,0.0,1.73,0.00,4
1789458388768520656,2460.8,0.0,3.56,0.00,38
1789458389797167508,2978.8,0.2,2.31,2.88,4
1789458390828543647,2913.6,0.0,2.93,0.00,6
1789458391859231079,2657.4,0.0,3.62,0.00,9
1789458392886830324,2729.7,0.0,2.58,0.00,29
1789458393915203203,2821.7,0.0,4.45,0.00,5
1789458394946031347,2533.6,0.2,1.79,1.50,8
1789458395974174818,2550.1,0.0,1.72,0.00,3
1789458397005101190,2483.9,0.0,1.81,0.00,10
1789458398033510018,2442.7,0.0,1.73,0.00,5
1789458399063770995,2602.2,0.0,1.88,0.00,7
1789458400092162262,2327.6,0.2,1.88,2.29,1
1789458401122302480,2705.4,0.0,1.79,0.00,8
1789458402152635570,2469.6,0.0,3.64,0.00,11
1789458403181320422,2922.2,0.0,2.39,0.00,4
1789458404211508383,2973.6,0.0,2.94,0.00,5
1789458405242294640,2621.5,0.2,3.81,0.33,8
1789458406270349046,2802.3,0.0,3.05,0.00,29
1789458407298091826,2960.3,0.0,2.40,0.00,4
1789458408328228999,2728.9,0.0,1.74,0.00,6
1789458409356662252,2356.1,0.0,1.75,0.00,11
1789458410384301705,2876.4,0.2,1.69,2.70,9
1789458411414003651,2388.6,0.0,1.84,1.80,8
1789458412441886022,2625.0,0.0,1.70,0.00,4
1789458413471746856,2618.5,0.0,1.76,0.00,6
1789458414500048025,2360.0,0.1,1.77,7.50,1
1789458415530710955,3007.9,0.1,2.98,1.12,6
1789458416561100074,2742.2,0.0,3.24,0.00,7
1789458417588996452,2793.6,0.0,3.01,0.00,11
1789458418617002610,2816.2,0.0,2.61,0.00,2
1789458419647571144,2895.0,0.0,2.80,7.00,5
1789458420677874915,2639.4,0.1,3.80,1.09,8
1789458421705776604,2530.8,0.0,1.73,0.00,4
1789458422735429532,2575.4,0.0,1.76,0.00,7
1789458423763142383,2364.4,0.0,1.80,0.00,3
1789458424792454496,2704.6,0.1,1.69,6.00,6
1789458425821253402,2262.4,0.1,1.96,0.88,1
1789458426851562499,2770.1,0.0,1.77,0.00,7
1789458427882101964,2258.7,0.0,2.37,0.00,31
1789458428910183373,2976.0,0.0,2.58,0.00,4
1789458429941053563,2795.7,0.1,3.25,6.50,5
1789458430970833027,2685.5,0.1,3.47,7.46,7
1789458431999075911,2788.2,0.0,2.51,0.00,0
1789458433029413327,2998.5,0.0,3.27,0.00,6
1789458434059414529,2860.6,0.0,2.30,0.00,5
1789458435087686428,2338.1,0.1,1.77,2.00,11
1789458436115925980,2875.8,0.1,1.70,0.50,3
1789458437145867692,2369.0,0.0,1.85,0.00,8
1789458438173604065,2648.4,0.0,1.70,0.00,4
1789458439203271136,2607.7,0.0,1.77,0.00,5
1789458440230535969,2391.7,0.0,1.75,9.00,0
1789458441261629986,2815.1,0.0,2.36,0.00,7
1789458442292330005,2747.8,0.1,3.21,1.55,6
1789458443319921243,2689.2,0.0,2.89,0.00,23
1789458444347984643,3025.8,0.0,2.78,0.00,4
1789458445378752552,2799.6,0.1,2.97,8.50,10
1789458446408641529,2479.6,0.0,4.99,0.00,10
1789458447439288051,2838.9,0.1,1.66,1.07,4
1789458448469540554,2597.7,0.0,1.74,0.00,7
1789458449497751713,2356.3,0.1,1.80,7.00,3
1789458450529180200,2740.5,0.0,1.69,0.00,6
1789458451558223858,2275.1,0.0,1.75,0.00,15
1789458452586760701,2737.2,0.3,1.92,2.17,6
1789458453617518728,2240.9,0.0,1.88,0.00,10
1789458454647469492,2815.2,0.1,2.39,7.50,6
1789458455678100866,693.7,0.0,7.37,0.00,6
1789458456707509976,1222.2,0.0,1.47,0.00,0
1789458457734843671,1628.7,0.2,3.70,4.35,0
1789458458762995242,442.4,0.0,9.27,0.00,8
1789458459791951075,1185.8,0.1,1.48,2.00,0
1789458460819248283,1628.4,0.0,3.74,0.00,0
1789458461847566462,290.8,0.0,15.56,0.00,10
1789458462875534116,1338.3,0.1,1.51,0.88,0
1789458463902761495,1628.6,0.0,3.37,0.00,0
1789458464931047110,390.5,0.0,8.74,8.50,7
1789458465959753048,1238.3,0.0,1.47,0.00,0
1789458466986514833,1628.0,0.0,3.87,0.00,0
1789458468015557904,326.8,0.1,11.48,0.50,8
1789458469043801417,2775.1,0.0,1.54,0.00,3
1789458470073792548,149.8,0.1,1.27,3.00,0
1789458471100804029,1630.4,0.0,1.56,0.00,0
1789458472127604098,1340.7,0.0,1.72,0.00,4
1789458473156595093,288.1,0.1,2.20,0.69,0
1789458474182466253,1630.8,0.0,1.80,0.00,0
1789458475209969248,1306.5,0.1,1.66,8.00,4
1789458476240265327,320.1,0.0,1.14,0.00,0
1789458477266648653,1630.5,0.0,1.78,0.00,0
1789458478294250111,1258.7,0.1,1.64,6.28,5
1789458479324096226,367.7,0.0,2.08,0.00,0
1789458480351154230,1629.9,0.1,1.72,8.50,0
1789458481378915527,1138.2,0.0,1.78,0.00,5
1789458482409117654,488.1,0.0,1.87,0.00,0
1789458483436544732,1629.6,0.3,1.81,0.76,0
1789458484463997435,1027.3,0.1,1.81,7.00,6
1789458485494172169,2226.4,0.0,2.41,0.00,0
1789458486522331513,292.0,0.0,12.79,0.00,8
1789458487550375026,1337.2,0.0,1.49,0.00,0
1789458488578040308,1625.9,0.3,3.61,11.02,0
1789458489608298733,147.3,0.1,21.66,9.50,33
1789458490635917697,1481.8,0.0,2.04,0.00,0
1789458491663445761,1626.3,0.0,3.30,0.00,0
1789458492693493047,35.2,0.0,19.75,0.00,54
1789458493718316190,1595.1,0.2,2.94,0.10,0
1789458494746202312,1505.0,0.1,3.76,7.00,5
1789458495776523705,120.6,0.0,1.27,0.00,0
1789458496803585468,1629.8,0.0,3.61,0.00,0
1789458497831464228,1417.5,0.0,3.93,0.00,5
1789458498862276687,208.1,0.3,2.09,2.11,0
1789458499889994895,2523.0,0.1,4.68,6.50,6
1789458500920018324,729.9,0.0,1.73,0.00,0
1789458501946668896,1630.2,0.0,1.78,0.00,0
1789458502974714542,726.5,0.0,1.93,0.00,9
1789458504004866057,900.6,0.3,1.65,0.21,0
1789458505032281051,1628.1,0.1,1.85,7.50,0
1789458506060506830,577.2,0.0,2.05,0.00,7
1789458507090109622,1050.6,0.0,1.66,0.00,0
1789458508117233468,1629.4,0.0,1.61,0.00,0
1789458509144847977,510.8,0.3,1.97,1.85,9
1789458510172337559,1119.0,0.1,1.64,7.00,0
1789458511199559895,1574.1,0.0,2.05,0.00,2
1789458512229921926,423.3,0.0,2.05,0.00,11
1789458513257794013,1257.5,0.0,1.73,0.00,0
1789458514285354575,1504.6,0.3,1.89,1.25,3
1789458515314906169,333.3,0.1,2.17,2.00,12
1789458516342903664,2691.7,0.0,2.35,0.00,5
1789458517372432471,351.3,0.0,1.61,0.00,0
1789458518399652965,1457.0,0.0,3.82,0.00,3
1789458519429657418,169.3,0.2,1.87,9.04,0
1789458520456894390,379.6,0.0,8.74,0.00,8
1789458521484619359,1249.5,0.0,1.47,0.00,0
1789458522511576371,0.0,0.0,0.00,0.00,0
1789458523538192932,1630.8,0.0,3.56,0.00,0
1789458524565127397,0.0,0.2,0.00,5.75,0
1789458525592527364,1444.8,0.0,3.92,0.00,4
1789458526622238612,181.9,0.0,1.98,0.00,0
1789458527649402117,321.1,0.0,11.92,0.00,10
1789458528677396149,1308.0,0.0,1.50,0.00,0
1789458529704371312,0.0,0.2,0.00,0.83,0
1789458530730952079,1629.9,0.0,3.66,0.00,0
1789458531758147390,0.0,0.0,9.33,0.00,0
1789458532785594016,1444.5,0.0,3.95,0.00,4
1789458533815507123,181.9,0.0,1.95,0.00,0
1789458534842905196,383.8,0.2,7.68,1.78,7
1789458535870820272,1245.3,0.0,1.48,0.00,0
1789458536898021183,0.0,0.0,0.00,0.00,0
1789458537925005879,1629.8,0.0,3.79,0.00,0
1789458538952371288,1627.4,0.0,1.79,0.00,0
1789458539981015858,0.0,0.2,0.00,2.15,0
1789458541008752007,1167.1,0.0,1.76,0.00,4
1789458542038441404,459.6,0.0,1.90,0.00,0
1789458543065719957,27.3,0.0,5.98,0.00,10
1789458544090828116,1602.7,0.0,1.69,0.00,0
1789458545117888778,0.0,0.2,0.00,13.27,0
1789458546145220250,1627.8,0.0,1.80,0.00,0
1789458547173608363,0.0,0.0,0.00,0.00,0
1789458548200645985,1181.1,0.0,1.73,0.00,5
1789458549230077629,446.5,0.0,1.94,0.00,0
1789458550257052055,54.5,0.2,2.50,7.11,12
1789458551284377599,1574.8,0.0,1.67,0.00,0
1789458552311546709,0.0,0.0,0.00,0.00,0
1789458553338894596,1628.0,0.0,1.77,0.00,0
1789458554367369789,0.0,0.0,14.00,0.00,0
1789458555394888387,1143.8,0.2,1.75,1.76,6
1789458556424515288,483.4,0.0,1.87,0.00,0
1789458557451491173,0.0,0.0,0.00,0.00,0
1789458558478017401,1630.2,0.0,1.81,0.00,0
1789458559504838527,0.0,0.0,0.00,9.00,0
1789458560532558998,1612.2,0.1,1.84,0.08,1
1789458561561979531,14.1,0.0,0.47,0.00,0
1789458562589473433,955.9,0.0,1.82,0.00,4
1789458563619799667,1261.7,0.0,4.18,0.00,8
1789458564650066747,1034.3,0.1,1.46,8.50,0
1789458565677387675,0.0,0.3,0.00,2.07,0
1789458566704200345,1629.8,0.0,2.98,0.00,0
1789458567730957846,0.0,0.0,0.00,0.00,0
1789458568758247593,1495.4,0.0,3.62,0.00,4
1789458569788713953,130.3,0.1,1.43,8.00,0
1789458570816225682,438.7,0.3,6.52,2.25,8
1789458571844697848,1189.5,0.1,1.48,1.80,0
1789458572872129791,0.0,0.0,0.00,0.00,0
1789458573899393939,1629.0,0.0,3.26,0.00,0
1789458574926724164,0.0,0.0,0.00,0.00,0
1789458575954714510,1401.2,0.1,3.72,1.32,4
1789458576984990206,224.6,0.0,1.81,8.50,0
1789458578012209194,183.9,0.0,18.97,0.00,8
1789458579039961437,1445.3,0.0,1.52,0.00,0
1789458580066512262,0.0,0.0,0.00,0.00,0
1789458581092461036,1632.0,0.1,3.77,1.33,0
1789458582118359948,0.0,0.0,0.00,8.00,0
1789458583144977811,1112.2,0.0,4.44,0.00,6
1789458584173984041,515.9,0.0,1.65,0.00,0
1789458585199699463,31.2,0.0,18.68,0.00,142
1789458586225738576,1601.0,0.0,5.91,0.00,0
1789458587252170346,1630.2,0.2,1.75,9.50,0
1789458588278551546,0.0,0.0,0.00,0.00,0
1789458589305756742,1486.8,0.0,1.82,0.00,5
1789458590335344439,140.0,0.0,1.16,0.00,0
1789458591362896971,648.2,0.0,1.97,0.00,9
1789458592392126435,979.9,0.2,1.62,0.95,0
1789458593418377839,0.0,0.0,0.00,0.00,0
1789458594444678248,1629.8,0.0,1.86,0.00,0
1789458595471979878,0.0,0.0,0.00,0.00,0
1789458596498522402,1415.4,0.0,1.80,0.00,3
1789458597528047383,212.2,0.2,1.76,0.17,0
1789458598553723014,453.2,0.0,2.15,0.00,8
1789458599580493617,1177.2,0.0,1.33,0.00,0
1789458600607373240,0.0,0.0,0.00,0.00,0
1789458601634052488,1629.7,0.0,1.78,0.00,0
1789458602661881601,0.0,0.2,0.00,0.68,0
1789458603689505197,1367.8,0.0,1.84,0.00,7
1789458604719485327,258.7,0.0,0.72,0.00,0
1789458605746673671,229.6,0.0,2.51,0.00,12
1789458606774126801,1399.9,0.0,1.85,0.00,0
1789458607801460244,0.0,0.2,0.00,1.00,0
1789458608828932855,1627.8,0.0,1.81,0.00,0
1789458609856876371,0.0,0.0,0.00,0.00,0
1789458610884259984,1249.1,0.0,1.70,0.00,6
1789458611914856628,1187.3,0.0,4.80,0.00,8
1789458612944689486,865.3,0.2,1.92,12.86,61
1789458613973063584,3036.0,0.0,2.87,0.00,4
1789458615004293994,2779.3,0.0,3.39,0.00,7
1789458616034786553,2747.3,0.0,3.28,0.00,7
1789458617062977195,2800.8,0.0,2.40,0.00,50
1789458618092377440,3052.1,0.2,2.74,2.47,3
1789458619122995804,2654.2,0.0,1.77,0.00,6
1789458620151618969,2384.7,0.0,1.71,0.00,1
1789458621182246293,2866.6,0.0,1.71,0.00,6
1789458622212181837,2371.0,0.0,1.84,0.00,9
1789458623240553654,2682.8,0.2,1.69,1.53,3
1789458624270304281,2540.0,0.0,1.79,0.00,7
1789458625298594958,2450.1,0.0,1.75,0.00,2
1789458626329530884,2967.4,0.0,2.91,0.00,6
1789458627360072961,2786.8,0.0,3.08,0.00,6
1789458628388604431,2822.0,0.2,2.85,1.00,8
1789458629417359903,2851.3,0.0,2.34,0.00,2
1789458630448293097,2907.7,0.0,2.98,0.00,6
1789458631478881657,2631.6,0.0,3.92,0.00,6
1789458632507125156,2493.7,0.1,1.73,8.50,4
1789458633537417915,2575.8,0.0,1.77,0.00,6
1789458634565688848,2344.7,0.1,1.82,0.81,3
1789458635597206626,2717.9,0.0,1.69,0.00,7
1789458636626253428,2258.0,0.0,2.00,0.00,1
1789458637656750378,2740.8,0.1,1.80,9.00,7
1789458638687091877,2269.6,0.0,2.25,0.00,39
1789458639715155613,2957.4,0.1,2.86,1.12,5
1789458640745196264,2871.6,0.0,2.88,0.00,5
1789458641775218177,2764.8,0.0,3.21,0.00,7
1789458642803205735,2715.9,0.0,2.82,6.50,29
1789458643831007026,3039.5,0.0,2.86,0.00,4
1789458644860268723,2871.1,0.1,2.48,1.27,5
1789458645889688517,2341.2,0.0,1.80,0.00,11
1789458646916839077,2815.3,0.0,1.68,0.00,4
1789458647946779021,2438.5,0.1,1.82,6.50,8
1789458648974671606,2571.8,0.0,1.72,0.00,3
1789458650005118521,2681.4,0.2,1.74,1.53,6
1789458651033977502,2336.6,0.0,1.74,0.00,0
1789458652064905752,2907.7,0.0,2.27,0.00,5
1789458653094872557,2688.7,0.0,3.54,7.50,8
1789458654123030981,2766.7,0.0,3.06,0.00,8
1789458655151017930,2936.7,0.1,2.20,0.18,2
1789458656181076088,2951.7,0.1,2.91,5.33,8
1789458657211063315,2497.1,0.0,4.70,0.00,7
1789458658242040608,2672.2,0.0,1.68,0.00,2
1789458659272980843,2761.9,0.0,1.68,0.00,6
1789458660302914578,2191.5,0.2,1.86,1.05,0
1789458661334631608,2780.4,0.1,1.73,8.50,9
1789458662365104060,2301.1,0.0,1.81,0.00,13
1789458663393063581,2753.5,0.0,1.84,0.00,5
1789458664423067233,2259.9,0.0,1.91,0.00,9
1789458665453138335,2756.5,0.2,2.53,1.32,4
1789458666482887555,2825.8,0.1,2.96,6.50,6
1789458667512246602,2766.2,0.0,3.24,0.00,6
1789458668540418452,2744.4,0.0,2.52,0.00,44
1789458669568709493,3027.6,0.0,2.99,0.00,4
1789458670598748690,2766.5,0.1,3.20,1.40,7
1789458671628679841,2591.2,0.1,1.76,8.00,9
1789458672656377530,2731.8,0.0,1.68,0.00,4
1789458673686076324,2525.5,0.0,1.79,0.00,8
1789458674713876190,2484.7,0.0,1.72,0.00,2
1789458675744410100,2783.3,0.2,1.69,1.32,5
1789458676773448381,2314.2,0.0,1.82,9.00,11
1789458677800482187,2836.7,0.0,1.68,0.00,4
1789458678830551500,2605.7,0.0,3.19,0.00,10
1789458679858023771,2746.5,0.0,3.07,0.00,21
1789458680885277725,2974.0,0.0,2.22,0.00,4
1789458681915072832,2899.1,0.4,3.18,4.51,5
1789458682945437052,2638.5,0.0,3.38,0.00,7
1789458683972644017,2679.4,0.0,3.67,0.00,0
1789458685002756462,2798.4,0.0,1.72,0.00,5
1789458686032510264,2300.8,0.0,1.81,0.00,10
1789458687059714041,2708.9,0.3,1.74,1.43,6
1789458688089509957,2308.2,0.0,1.82,0.00,9
1789458689117331661,2665.6,0.0,1.87,0.00,5
1789458690146880846,2352.5,0.0,1.90,0.00,9
1789458691174780446,2586.5,0.0,1.78,0.00,5
1789458692204476591,2655.4,0.3,3.36,0.86,8
1789458693233095069,2796.9,0.0,2.92,0.00,8
1789458694261228648,2862.5,0.0,2.35,0.00,1
1789458695291928833,3040.2,0.0,2.90,0.00,5
1789458696321946486,2742.5,0.0,3.18,0.00,7
1789458697350402171,2817.7,0.3,2.24,1.25,7
1789458698378433078,2627.6,0.0,1.72,0.00,4
1789458699408740967,2612.7,0.0,1.75,0.00,4
1789458700436397558,2416.0,0.0,1.72,0.00,1
1789458701466235830,2843.1,0.2,1.70,1.54,6
1789458702496411087,2340.7,0.0,1.84,0.00,10
1789458703523934287,2736.5,0.0,1.68,0.00,3
1789458704553609070,2500.6,0.0,2.51,0.00,9
1789458705580936096,2766.5,0.0,3.01,0.00,37
1789458706608756166,2977.9,0.2,2.53,2.11,4
1789458707638046585,2809.4,0.0,3.37,0.00,7
1789458708667881209,2794.2,0.0,2.89,0.00,6
1789458709694745361,2690.2,0.0,2.37,0.00,159
1789458710724934092,2926.7,0.0,3.71,0.00,4
1789458711754510291,2317.6,0.2,1.84,2.53,8
1789458712782224286,2617.3,0.0,1.73,0.00,4
1789458713811927657,2403.8,0.0,1.82,0.00,9
1789458714839747138,2557.2,0.0,1.71,0.00,3
1789458715869578889,2510.3,0.0,1.92,0.00,6
1789458716897581255,2416.1,0.2,1.80,2.28,2
1789458717927597434,2708.6,0.0,2.31,0.00,6
1789458718955812531,2685.3,0.0,3.48,0.00,8
1789458719983664539,2855.2,0.0,2.29,0.00,1
1789458721013672230,2886.1,0.0,3.43,0.00,4
1789458722043078037,2718.4,0.2,3.32,2.00,7
1789458723070792470,2786.2,0.0,3.06,0.00,8
1789458724101540504,2852.6,0.0,1.67,0.00,3
1789458725131048289,2652.4,0.0,1.74,0.00,5
1789458726159289734,2377.9,0.0,1.74,0.00,1
1789458727189161206,2863.9,0.2,1.70,1.59,6
1789458728218581926,2372.0,0.0,1.84,0.00,8
1789458729246043615,2689.1,0.0,1.70,0.00,4
1789458730276331004,2527.7,0.0,1.79,0.00,7
1789458731306531220,2620.5,0.0,2.46,0.00,25
1789458732334015340,3031.9,0.2,2.87,1.68,5
1789458733363519100,2727.5,0.0,3.43,0.00,6
1789458734391502253,2812.3,0.0,3.02,0.00,9
1789458735418882255,2779.1,0.0,2.22,0.00,87
1789458736447969445,2763.7,0.0,4.48,6.50,7
1789458737477757791,2551.9,0.1,1.77,0.09,8
1789458738505317356,2609.5,0.0,1.70,0.00,6
1789458739534764114,2508.1,0.0,1.77,0.00,9
1789458740561855250,2451.2,0.0,1.74,0.00,3
1789458741591309606,2543.8,0.1,1.96,7.00,6
1789458742618849916,2397.3,0.2,1.80,1.68,1
1789458743648641098,2749.3,0.0,1.73,0.00,6
1789458744678521623,2342.1,0.0,4.00,0.00,32
1789458745706419962,2980.9,0.0,2.37,0.00,3
1789458746736700576,2943.1,0.1,2.95,18.00,6
1789458747765930632,2735.2,0.1,3.30,0.07,7
1789458748793059713,2713.8,0.0,3.13,0.00,45
1789458749820633838,2996.6,0.0,2.47,0.00,3
1789458750850371540,2722.3,0.0,1.74,0.00,6
1789458751878902135,2344.2,0.0,1.77,7.00,12
1789458752906756288,2890.7,0.1,1.69,1.15,4
1789458753936526565,2375.7,0.0,1.84,0.00,7
1789458754964306728,2633.6,0.0,1.70,0.00,4
1789458755993938167,2603.8,0.0,1.77,0.00,6
1789458757021579243,2398.0,0.0,1.75,2.00,1
1789458758051669145,3026.7,0.1,2.88,0.92,6
1789458759080957286,2792.0,0.0,3.15,0.00,6
1789458760108648923,2652.3,0.0,3.65,0.00,9
1789458761136353964,2902.3,0.0,2.20,0.00,1
1789458762166423166,2904.2,0.1,2.91,7.00,6
1789458763196330317,2648.6,0.1,3.80,1.29,9
1789458764223571333,2508.0,0.0,1.73,0.00,4
1789458765252997175,2573.3,0.0,1.76,0.00,6
1789458766281109827,2348.7,0.0,1.83,0.00,3
1789458767310840321,2675.1,0.0,1.72,10.50,6
1789458768339533531,2287.0,0.1,1.95,0.64,1
1789458769369227773,2767.4,0.0,1.76,0.00,7
1789458770398462288,2288.0,0.0,2.35,0.00,31
1789458771426590486,2956.3,0.1,2.56,8.00,4
1789458772456816002,2802.9,0.0,3.16,0.00,5
1789458773485294598,2731.9,0.1,3.38,1.44,8
1789458774513276568,2771.1,0.0,2.49,0.00,73
1789458775541809188,3044.8,0.0,3.13,0.00,3
1789458776571629265,2774.0,0.0,2.65,6.50,5
1789458777599687815,2341.0,0.0,1.76,0.00,11
1789458778627581699,2893.2,0.3,1.69,0.88,4
1789458779657156531,2369.5,0.0,1.84,0.00,7
1789458780684574088,2648.2,0.0,1.69,0.00,4
1789458781714121898,2593.5,0.1,1.77,7.00,6
1789458782741708918,2396.1,0.0,1.77,0.00,1
1789458783771682404,2826.1,0.3,2.32,1.12,8
1789458784801688864,2745.8,0.0,3.25,0.00,7
1789458785829467728,2802.8,0.0,2.88,0.00,28
1789458786857295753,2973.5,0.1,2.24,11.50,4
1789458787887162841,2911.4,0.0,2.85,0.00,5
1789458788917959573,2447.3,0.2,5.10,21.13,8
1789458789948660403,2754.4,0.0,1.67,0.00,3
1789458790978343087,2689.4,0.0,1.71,0.00,6
1789458792006362317,2237.2,0.1,1.88,8.50,1
1789458793036371519,2741.4,0.0,1.71,0.00,5
1789458794065359992,2282.0,0.0,1.76,0.00,11
1789458795093372450,2749.5,0.3,1.90,1.54,9
1789458796123381922,2268.7,0.0,1.79,0.00,12
1789458797152942810,2789.0,0.1,2.49,7.00,5
1789458798182537489,260.4,0.0,1.77,0.00,0
1789458799212212563,0.0,0.0,0.00,0.00,0
1789458800241605736,0.0,0.3,0.00,2.43,0
1789458801270623619,0.0,0.0,0.00,0.00,0
1789458802299510173,0.0,0.1,0.00,8.00,0
1789458803327967408,0.0,0.0,0.00,0.00,0
1789458804357698884,0.0,0.0,0.00,0.00,0
1789458805387539186,0.0,0.2,0.00,4.71,0
1789458806418154886,0.0,0.1,0.00,8.50,0
1789458807448931839,0.0,0.0,0.00,0.00,0
1789458808479104294,0.0,0.0,0.00,0.00,0
1789458809509485849,0.0,0.0,0.00,0.00,0
1789458810539921045,0.0,0.1,0.00,8.07,0
1789458811570262002,0.0,0.0,0.00,8.50,0
1789458812600390683,2080.7,0.0,4.18,0.00,8
1789458813628087651,2776.8,0.0,2.59,0.00,0
1789458814658470555,2950.2,0.0,3.17,0.00,5
1789458815688306521,2704.6,0.1,3.33,1.29,7
1789458816716613386,2723.6,0.1,3.18,7.00,10
1789458817747022094,2865.4,0.0,1.66,0.00,3
1789458818777076539,2611.9,0.0,1.74,0.00,6
1789458819805114601,2391.2,0.0,1.74,0.00,1
1789458820836240680,2816.7,0.2,1.69,1.93,6
1789458821866393540,2305.9,0.1,1.83,7.00,12
1789458822894577739,2774.8,0.0,1.68,0.00,4
1789458823925055905,2385.6,0.0,1.83,0.00,6
1789458824955412366,2689.8,0.0,2.39,0.00,0
1789458825985922069,2992.2,0.1,2.95,9.94,5
1789458827016136551,2636.7,0.1,3.41,8.00,7
1789458828043649919,2736.8,0.0,3.13,0.00,24
1789458829071655272,2959.2,0.0,2.19,0.00,3
1789458830102745232,2517.6,0.0,5.09,0.00,5
1789458831133051045,2586.1,0.1,1.65,1.00,12
1789458832160577631,2824.2,0.1,1.68,7.00,8
1789458833190078368,2171.3,0.0,1.91,0.00,11
1789458834217776550,2753.1,0.0,1.67,0.00,4
1789458835247451112,2326.1,0.0,1.82,0.00,8
1789458836274758703,2608.4,0.1,1.89,1.88,4
1789458837305009201,2390.4,0.1,1.86,4.00,7
1789458838335077607,2661.6,0.0,2.29,0.00,1
1789458839365723354,2967.7,0.0,3.08,0.00,6
1789458840395753904,2653.9,0.0,3.79,0.00,8
1789458841423254071,2737.8,0.2,3.16,1.33,23
1789458842451473114,2975.1,0.0,2.22,19.00,4
1789458843481771066,2858.2,0.0,3.24,0.00,6
1789458844511529942,2602.2,0.0,1.77,0.00,8
1789458845539241456,2614.2,0.0,1.70,0.00,3
1789458846568256872,2629.8,0.2,1.75,1.68,6
1789458847596017460,2405.5,0.0,1.72,0.00,1
1789458848626335266,2863.1,0.0,1.69,0.00,6
1789458849656835625,2342.8,0.0,1.86,0.00,7
1789458850684650698,2702.8,0.0,1.69,0.00,4
1789458851714902769,2747.3,0.4,3.04,4.72,5
1789458852743098018,2817.3,0.0,2.92,0.00,7
1789458853770566940,2835.5,0.0,2.27,0.00,63
1789458854799597529,3055.2,0.0,2.80,0.00,4
1789458855829739984,2685.7,0.0,3.21,0.00,7
1789458856858766732,2628.6,0.4,3.82,1.27,9
1789458857886550872,2726.7,0.0,1.67,0.00,4
1789458858916598178,2386.2,0.0,1.82,0.00,8
1789458859944880456,2563.7,0.0,1.73,0.00,5
1789458860974575333,2543.4,0.0,1.73,0.00,8
1789458862002613661,2401.7,0.2,1.90,1.18,2
1789458863032751162,2625.8,0.0,1.79,0.00,8
1789458864060892585,2338.1,0.0,1.79,0.00,1
1789458865090745090,2980.0,0.0,3.15,0.00,6
1789458866120846657,2769.5,0.0,3.13,0.00,8
1789458867148802756,2735.8,0.2,3.32,6.06,9
1789458868176804415,2900.8,0.0,2.22,0.00,1
1789458869207287468,2908.6,0.0,3.36,0.00,6
1789458870236743796,2860.3,0.0,2.27,0.00,6
1789458871264891862,2386.0,0.0,1.74,0.00,0
1789458872295208072,2835.1,0.2,1.71,1.59,6
1789458873325458416,2368.3,0.0,1.83,0.00,6
1789458874352591866,2727.4,0.0,1.67,0.00,4
1789458875382723245,2519.7,0.0,1.80,0.00,7
1789458876410413132,2474.8,0.0,1.75,0.00,3
1789458877439841084,2752.8,0.1,2.36,2.21,7
1789458878468275735,2797.2,0.0,3.11,0.00,7
1789458879495765030,2802.4,0.0,2.62,0.00,79
1789458880523837464,2996.4,0.0,2.75,0.00,3
1789458881553846980,2860.7,0.1,2.80,7.50,6
1789458882584831516,2453.2,0.1,5.14,24.64,8
1789458883615360112,2810.8,0.0,1.67,0.00,2
1789458884644795800,2628.2,0.0,1.72,0.00,5
1789458885673100254,2310.6,0.0,1.84,0.00,3
1789458886703408579,2709.2,0.1,1.72,7.00,7
1789458887731891284,2281.7,0.0,1.73,0.00,12
1789458888761622063,2769.8,0.1,1.93,1.57,6
1789458889792518416,2223.9,0.0,1.88,0.00,13
1789458890823449746,2902.1,0.0,2.22,0.00,4
1789458891854065292,2690.9,0.1,3.26,7.00,7
1789458892881875951,2822.5,0.0,2.95,0.00,8
1789458893909683120,2798.8,0.1,2.53,1.20,1
1789458894940054216,3030.7,0.0,2.91,0.00,6
1789458895970421553,2729.1,0.0,3.20,0.00,6
1789458897000933122,2597.3,0.1,1.71,8.00,11
1789458898028916869,2796.2,0.0,1.67,0.00,4
1789458899058858431,2450.4,0.3,1.82,1.12,7
1789458900086326201,2557.8,0.0,1.71,0.00,3
1789458901115822739,2707.6,0.0,1.71,0.00,6
1789458902144361905,2340.2,0.1,1.75,6.50,12
1789458903173476945,2862.5,0.0,1.70,0.00,7
1789458904202844742,2514.0,0.4,3.50,4.13,8
1789458905230188331,2784.8,0.0,2.61,0.00,27
1789458906258052502,3048.2,0.0,2.65,0.00,5
1789458907288355750,2854.2,0.1,2.96,16.00,5
1789458908318160324,2704.1,0.0,3.16,0.00,56
1789458909346119313,2679.7,0.2,3.64,8.91,1
1789458910376824542,2790.6,0.0,1.71,0.00,7
1789458911406424725,2313.4,0.0,1.79,0.00,14
1789458912434262997,2763.6,0.1,1.71,7.50,5
1789458913464219925,2320.6,0.0,1.82,0.00,9
1789458914491690153,2631.1,0.3,1.86,2.04,5
1789458915521724645,2421.6,0.0,1.87,0.00,10
1789458916549392752,2524.3,0.1,1.75,7.00,5
1789458917578998102,2719.4,0.0,3.59,0.00,5
1789458918607719029,2776.8,0.0,3.04,0.00,8
1789458919635841332,2811.5,0.3,2.36,0.78,0
1789458920666467315,3009.1,0.0,3.16,0.00,4
1789458921696928129,2806.6,0.1,3.13,1.50,7
1789458922724952976,2840.8,0.0,2.32,0.00,6
1789458923752545309,2575.2,0.0,1.73,0.00,3
1789458924782589389,2660.7,0.1,1.74,1.39,5
1789458925810868974,2372.9,0.0,1.71,0.00,0
1789458926841555005,2895.3,0.1,1.69,4.00,6
1789458927871350439,2339.8,0.0,1.87,0.00,8
1789458928899235931,2680.2,0.0,1.69,0.00,4
1789458929929515976,2547.1,0.1,2.51,1.07,7
1789458930957272990,2823.6,0.0,2.99,0.00,10
1789458931985477367,2848.4,0.0,2.69,4.50,4
1789458933015993656,2851.3,0.0,3.24,0.00,6
1789458934046119277,2683.7,0.0,3.40,0.00,7
1789458935074106239,2725.7,0.1,2.35,0.50,0
1789458936104426453,2918.6,0.0,3.53,0.00,5
1789458937131797977,2298.6,0.1,1.85,9.00,8
1789458938160023952,2681.4,0.0,1.68,0.00,3
1789458939189140591,2427.3,0.0,1.81,0.00,9
1789458940217565571,2533.0,0.1,1.71,0.60,3
1789458941247541075,2564.9,0.0,1.83,0.00,6
1789458942275304620,2377.5,0.0,1.82,7.00,3
1789458943305644721,2762.4,0.0,2.27,0.00,6
1789458944334768933,2712.2,0.0,3.24,0.00,7
1789458945362335960,2819.8,0.1,2.39,1.08,21
1789458946390469572,3016.8,0.0,2.89,0.00,4
1789458947420517795,2774.3,0.1,3.19,7.50,6
1789458948449632915,2818.8,0.0,2.92,0.00,7
1789458949480520171,2681.8,0.0,1.64,0.00,1
1789458950510708377,2830.3,0.0,1.71,0.00,5
1789458951540380124,2342.3,0.2,1.84,1.18,10
1789458952567855657,2754.8,0.0,1.66,0.00,3
1789458953598263337,2517.4,0.0,1.78,0.00,7
1789458954626413713,2484.3,0.0,1.74,0.00,3
1789458955656911753,2725.8,0.0,1.71,0.00,5
1789458956686712117,2505.1,0.2,3.36,1.82,10
1789458957714788906,2925.7,0.0,2.27,0.00,3
1789458958744867364,2909.0,0.0,3.07,0.00,6
1789458959774820896,2779.1,0.0,3.11,0.00,7
1789458960802874147,2672.1,0.0,3.07,29.00,58
1789458961830673620,2861.7,0.2,3.82,18.09,5
1789458962861620879,2553.4,0.0,1.79,0.00,8
1789458963889808601,2460.3,0.0,1.72,0.00,4
1789458964920256451,2602.1,0.0,1.78,0.00,5
1789458965949019663,2350.2,0.0,1.73,10.50,1
1789458966979125998,2689.4,0.1,1.89,1.29,5
1789458968009028063,2284.0,0.0,1.82,0.00,14
1789458969036955780,2813.2,0.0,1.71,0.00,6
1789458970066418807,2531.1,0.0,3.34,0.00,8
1789458971094404204,2790.6,0.1,2.41,7.50,27
1789458972123160812,3028.4,0.1,2.91,1.12,4
1789458973153765158,2719.4,0.0,3.44,0.00,5
1789458974182370793,2800.4,0.0,2.98,0.00,8
1789458975210492357,2838.8,0.0,2.35,0.00,12
1789458976238938173,2875.1,0.0,1.71,6.00,5
1789458977268450253,2345.8,0.1,1.86,1.15,7
1789458978296456634,2668.1,0.0,1.68,0.00,3
1789458979325663158,2603.4,0.0,1.75,0.00,4
1789458980353503686,2420.7,0.0,1.72,0.00,1
1789458981384160455,2801.2,0.1,1.72,1.50,6
1789458982414184517,2334.5,0.1,2.85,1.00,10
1789458983442288304,2931.8,0.0,2.44,0.00,3
1789458984473089394,2855.4,0.0,3.16,0.00,5
1789458985503825762,2834.6,0.0,2.90,0.00,6
1789458986531602687,2670.3,0.1,2.99,8.00,61
1789458987559751752,2905.6,0.1,2.78,5.90,5
1789458988589803180,2667.2,0.0,3.83,0.00,7
1789458989617899484,2363.5,0.0,1.77,0.00,1
1789458990648019352,2636.4,0.0,1.78,0.00,8
1789458991678119130,2301.9,0.0,1.78,7.00,1
1789458992709248927,2813.7,0.1,1.69,0.73,7
1789458993739025655,2252.2,0.0,1.98,0.00,13
1789458994767185177,2767.6,0.0,1.74,0.00,4
1789458995797819270,2301.8,0.0,2.76,0.00,7
1789458996826461769,2837.3,0.1,2.35,6.50,1
1789458997857613595,3028.6,0.1,2.86,0.17,5
1789458998888349829,2643.7,0.0,3.68,0.00,6
1789458999916204383,2817.6,0.0,2.94,0.00,10
1789459000945314125,2885.7,0.1,2.25,4.67,0
1789459001976528124,3003.1,0.0,2.32,0.00,4
1789459003007179204,2372.5,0.3,1.85,0.88,8
1789459004035672986,2625.4,0.0,1.71,0.00,4
1789459005066482758,2637.0,0.0,1.74,0.00,5
1789459006094897425,2387.8,0.1,1.74,7.00,1
1789459007125408726,2825.3,0.0,1.71,0.00,5
1789459008156621074,2320.7,0.3,1.85,0.57,9
1789459009187646867,2845.6,0.0,2.27,0.00,5
1789459010218925159,2826.6,0.0,3.16,0.00,5
1789459011249128829,2701.4,0.1,3.48,6.00,8
1789459012277667408,2775.4,0.0,2.14,0.00,77
1789459013307202342,3057.5,0.4,2.78,1.22,4
1789459014338454430,2525.7,0.0,4.80,0.00,8
1789459015369205785,2552.9,0.0,1.66,0.00,13
1789459016398488263,2815.2,0.1,1.71,7.00,5
1789459017428450575,2201.8,0.0,1.88,0.00,11
1789459018457012680,2790.8,0.3,1.67,1.02,5
1789459019487753522,2354.6,0.0,1.82,0.00,9
1789459020516205381,2576.2,0.0,1.93,0.00,3
1789459021547066998,2392.0,0.1,1.86,9.00,7
1789459022578285525,2662.4,0.0,2.29,0.00,1
1789459023608803756,153.0,0.3,10.80,0.04,74
1789459024636706321,1529.2,0.0,2.25,0.00,0
1789459025664351899,62.8,0.0,23.31,0.00,50
1789459026691856114,1566.5,0.1,2.80,1.50,0
1789459027719368370,82.0,0.0,3.94,0.00,78
1789459028746594230,1549.8,0.1,2.40,5.95,0
1789459029774310432,50.0,0.0,21.97,0.00,52
1789459030802150275,1579.1,0.0,3.27,0.00,0
1789459031829543534,0.5,0.1,15.00,8.50,97
1789459032856703871,1629.0,0.0,3.86,0.00,0
1789459033884159867,0.0,0.1,0.00,6.59,0
1789459034911601892,1629.4,0.0,3.11,0.00,0
1789459035938975299,0.0,0.0,0.00,0.00,0
1789459036966658558,1628.7,0.1,3.46,10.00,0
1789459037994071915,0.0,0.0,0.00,0.00,0
1789459039021584943,1628.6,0.1,3.53,0.53,0
1789459040048742681,0.0,0.0,0.00,0.00,0
1789459041076013778,1629.5,0.0,3.74,0.00,12
1789459042103065386,1629.9,0.1,1.79,7.00,0
1789459043130424305,1.6,0.0,0.23,0.00,0
1789459044157920132,1629.3,0.0,1.74,0.00,0
1789459045185527213,0.0,0.1,0.00,7.00,0
1789459046212799323,1629.4,0.0,1.78,0.00,0
1789459047239704949,0.0,0.0,0.00,8.50,0
1789459048266351924,1629.9,0.0,1.78,0.00,0
1789459049293517752,0.0,0.0,0.00,0.00,0
1789459050320937462,1629.3,0.1,1.78,3.08,0
1789459051348225271,0.5,0.0,2.14,0.00,0
1789459052375571031,1628.5,0.1,1.75,16.50,0
1789459053403654820,0.0,0.0,0.00,0.00,0
1789459054430573401,1630.1,0.0,1.78,0.00,0
1789459055458315282,0.7,0.4,0.70,1.92,0
1789459056485819178,1628.9,0.0,1.78,0.00,0
1789459057513433594,0.0,0.0,0.00,0.00,0
1789459058540694092,1629.7,0.0,1.60,0.00,0
1789459059567818586,0.0,0.0,0.00,0.00,0
1789459060595001075,1628.7,0.5,1.78,1.73,0
1789459061622951100,0.0,0.0,0.00,0.00,0
1789459062650556630,1627.9,0.0,1.78,0.00,0
1789459063678741645,1629.3,0.0,3.27,0.00,0
1789459064706208441,0.0,0.0,0.00,0.00,0
1789459065734086316,1628.5,0.4,3.61,5.40,0
1789459066762003806,0.0,0.0,0.00,0.00,0
1789459067789919517,1628.8,0.0,3.60,0.00,0
1789459068816690122,0.0,0.0,0.00,0.00,0
1789459069844021463,1628.5,0.0,3.44,0.00,0
1789459070871636840,0.0,0.4,0.00,0.29,0
1789459071898902713,1628.4,0.0,3.73,0.00,0
1789459072927111895,0.0,0.0,0.00,0.00,0
1789459073954982364,1627.9,0.0,3.41,0.00,0
1789459074983293295,0.0,0.0,0.00,0.00,0
1789459076011577995,1625.1,0.3,3.01,2.16,0
1789459077041824518,0.0,0.0,0.00,0.00,0
1789459078070113276,1624.1,0.0,3.58,0.00,1
1789459079100847319,0.5,0.0,0.00,0.00,0
1789459080128949549,1522.1,0.0,3.93,0.00,4
1789459081159157227,102.9,0.2,0.92,1.06,0
1789459082187445217,1491.7,0.0,6.78,0.00,3
1789459083218953496,1664.8,0.0,1.80,0.00,1
1789459084249914850,90.4,0.0,0.56,0.00,0
1789459085277948065,1495.7,0.0,1.83,0.00,2
1789459086308715303,129.3,0.2,1.07,12.68,0
1789459087336807974,1441.6,0.0,1.83,0.00,4
1789459088367394076,183.7,0.0,1.57,0.00,0
1789459089395584817,1386.2,0.0,1.86,0.00,4
1789459090426328763,237.6,0.1,1.95,8.50,0
1789459091461012360,1384.5,0.2,1.77,1.38,5
1789459092491261637,241.2,0.0,1.96,0.00,0
1789459093519200354,1350.6,0.0,1.73,0.00,4
1789459094549808512,275.3,0.0,1.99,0.00,0
1789459095577738872,1315.8,0.1,1.71,6.50,4
1789459096607764804,310.0,0.1,2.24,5.89,0
1789459097636123001,1227.9,0.0,1.78,0.00,8
1789459098666743360,397.6,0.0,1.15,0.00,0
1789459099694944788,1107.9,0.0,1.89,0.00,7
1789459100725448745,518.3,0.0,1.90,8.00,0
1789459101753455678,1092.3,0.3,1.65,2.65,5
1789459102784660151,532.5,0.0,2.11,0.00,0
1789459103812839767,961.4,0.0,1.83,0.00,6
1789459104843866207,1743.6,0.0,3.70,0.00,5
1789459105873174840,546.5,0.1,1.50,8.00,0
1789459106899764736,0.0,0.3,0.00,2.05,99
1789459107925117810,1631.2,0.0,3.86,0.00,0
1789459108951014654,0.0,0.0,0.00,0.00,0
1789459109979039328,1300.1,0.0,4.05,0.00,6
1789459111010247448,323.9,0.1,1.63,1.50,0
1789459112037266957,0.0,0.3,0.00,2.33,0
1789459113064080925,1630.4,0.0,3.68,0.00,0
1789459114090620532,0.0,0.0,0.00,0.00,0
1789459115117795617,554.8,0.0,7.49,0.00,7
1789459116147304479,1073.3,0.1,1.47,5.00,0
1789459117174014281,0.0,0.1,0.00,7.47,0
1789459118201270022,1627.0,0.0,3.41,0.00,0
1789459119230160786,0.0,0.0,0.00,0.00,0
1789459120257298347,0.0,0.0,0.00,0.00,0
1789459121284242748,1630.5,0.0,3.44,7.50,0
1789459122310628258,0.0,0.1,0.00,8.62,0
1789459123337420677,1210.3,0.0,3.81,0.00,5
1789459124367202695,416.6,0.0,1.56,0.00,0
1789459125393404802,0.0,0.0,0.00,0.00,0
1789459126419048217,1631.4,0.1,3.18,10.00,0
1789459127445175209,0.0,0.1,0.00,7.53,0
1789459128471410428,458.4,0.0,8.59,0.00,6
1789459129499627208,1171.0,0.0,1.47,0.00,0
1789459130526278042,1630.7,0.1,1.79,4.50,0
1789459131552803585,0.0,0.0,0.00,0.00,0
1789459132580267337,990.3,0.2,1.87,0.65,6
1789459133609011614,637.9,0.0,1.69,0.00,0
1789459134635979423,0.0,0.0,0.00,0.00,0
1789459135662968259,1629.8,0.1,1.53,4.50,0
1789459136690164831,0.0,0.0,0.00,0.00,0
1789459137717503107,239.4,0.1,2.68,1.47,10
1789459138744975005,1389.9,0.0,1.59,0.00,0
1789459139771594170,0.0,0.0,0.00,0.00,0
1789459140798944138,1410.9,0.0,1.78,6.50,3
1789459141827957419,216.1,0.0,1.82,0.00,0
1789459142854818028,0.0,0.3,0.00,2.19,0
1789459143882230231,1630.1,0.0,1.71,0.00,0
1789459144909325651,0.0,0.0,0.00,0.00,0
1789459145936879409,943.9,0.1,1.74,10.00,5
1789459146966409960,683.5,0.0,1.69,0.00,0
1789459147993237865,0.0,0.3,0.00,2.38,0
1789459149020410139,1627.5,0.0,1.77,0.00,0
1789459150049372364,0.0,0.0,0.00,0.00,0
1789459151075917211,119.8,0.1,3.22,10.00,12
1789459152102562280,1510.7,0.0,1.68,0.00,0
1789459153129216011,0.0,0.2,0.00,4.91,0
1789459154156676215,1359.7,0.0,1.77,0.00,4
1789459155186616499,266.7,0.0,2.12,0.00,0
1789459156212916906,0.0,0.1,0.00,8.50,0
1789459157239267850,1630.6,0.0,1.78,0.00,0
1789459158266260329,1627.2,0.1,3.60,1.07,0
1789459159295397975,0.0,0.0,0.00,0.00,0
1789459160321878972,0.0,0.0,0.00,0.00,36
1789459161348868140,1630.2,0.0,3.32,7.50,0
1789459162375450995,0.0,0.0,0.00,0.00,0
1789459163402061386,1248.4,0.1,4.17,0.92,5
1789459164431606063,379.4,0.0,1.57,0.00,0
1789459165458459017,0.0,0.0,0.00,8.50,0
1789459166485593332,1629.6,0.0,3.25,0.00,0
1789459167512691803,0.0,0.0,0.00,0.00,0
1789459168540001009,518.0,0.1,8.03,11.14,6
1789459169568274483,1110.9,0.0,1.46,0.00,0
1789459170595031244,0.0,0.1,0.00,10.50,0
1789459171622073963,1591.8,0.0,3.83,0.00,1
1789459172652132597,34.5,0.0,0.47,0.00,0
1789459173678889391,0.0,0.2,0.00,5.38,0
1789459174705675941,1630.1,0.0,3.17,0.00,0
1789459175732571618,0.0,0.1,0.00,8.50,0
1789459176760111638,1150.1,0.0,4.39,0.00,6
1789459177790445453,476.5,0.0,1.50,0.00,0
1789459178817560988,0.0,0.0,0.00,0.00,0
1789459179844485782,1629.4,0.1,3.53,7.06,0
1789459180871614040,0.0,0.1,0.00,8.00,0
1789459181898624564,317.1,0.0,23.19,0.00,8
1789459182927058946,1311.9,0.0,1.47,0.00,0
1789459183953970593,1630.2,0.0,1.81,0.00,0
1789459184980694009,0.0,0.2,0.00,5.65,0
1789459186008291405,1089.2,0.1,1.68,9.50,5
1789459187036753273,538.9,0.0,1.76,0.00,0
1789459188063600768,0.0,0.0,0.00,0.00,0
1789459189091080959,1627.5,0.0,1.79,0.00,0
1789459190119615881,0.0,0.2,0.00,0.36,0
1789459191146152967,336.7,0.1,2.37,8.50,9
1789459192173661605,1293.1,0.0,1.72,0.00,0
1789459193200528487,0.0,0.0,0.00,0.00,0
1789459194227138179,1426.9,0.0,1.81,0.00,4
1789459195256285952,201.4,0.1,1.70,1.27,0
1789459196283002704,0.0,0.0,0.00,8.50,0
1789459197309592101,1630.7,0.0,1.75,0.00,0
1789459198336473797,0.0,0.0,0.00,0.00,0
1789459199364019398,978.5,0.0,1.80,0.00,5
1789459200394419860,648.2,0.1,1.75,0.58,0
1789459201421633528,0.0,0.1,0.00,8.00,0
1789459202448455101,1630.2,0.0,2.07,0.00,0
1789459203475548770,0.0,0.0,0.00,0.00,0
1789459204502675297,208.4,0.0,2.63,0.00,11
1789459205529481620,1421.9,0.7,1.51,0.95,0
1789459206556504967,0.0,0.0,0.00,0.00,0
1789459207583491775,1379.7,0.0,1.89,0.00,3
1789459208610473740,250.3,0.0,2.04,0.00,0
1789459209636948711,0.0,0.0,0.00,0.00,0
1789459210663821081,1630.3,0.3,1.79,1.20,0
1789459211690509652,1630.8,0.0,3.70,0.00,0
1789459212717060354,757.6,0.0,5.93,0.00,7
1789459213744131743,2770.0,0.0,3.15,0.00,10
1789459214771215934,2911.6,0.0,2.32,0.00,1
1789459215797981266,2815.6,0.2,3.65,10.62,6
1789459216824911081,2823.7,0.0,3.00,0.00,7
1789459217852202205,2789.7,0.0,2.57,0.00,10
1789459218879408987,2796.4,0.0,1.69,0.00,4
1789459219906448716,2442.0,0.0,1.83,0.00,8
1789459220933538057,2566.4,0.2,1.73,1.71,3
1789459221960493668,2702.3,0.0,1.72,0.00,6
1789459222986929891,2651.5,0.0,1.69,0.00,8
1789459224014058154,2711.2,0.0,1.70,0.00,4
1789459225041253742,2545.7,0.0,2.44,0.00,7
1789459226068762938,2686.8,0.2,3.25,2.54,64
1789459227095892925,3014.0,0.0,2.54,0.00,4
1789459228122678247,2916.8,0.0,2.91,0.00,6
1789459229149990639,2815.7,0.0,2.86,0.00,8
1789459230177353769,2593.8,0.0,2.77,0.00,113
1789459231204811180,2917.2,0.2,3.53,1.62,4
1789459232231830944,2347.1,0.0,1.83,0.00,7
1789459233259447071,2610.8,0.0,1.73,0.00,4
1789459234289417753,2488.9,0.0,1.79,0.00,7
1789459235316374070,2621.4,0.0,1.58,0.00,0
1789459236343383308,2758.4,0.3,1.94,1.35,8
1789459237371056147,2250.1,0.0,1.84,0.00,12
1789459238401315229,2824.7,0.0,2.50,0.00,7
1789459239428406455,2682.5,0.0,3.44,0.00,8
1789459240455499362,2676.5,0.1,3.63,12.00,33
1789459241483047570,2950.1,0.3,2.61,1.33,4
1789459242513116415,2926.8,0.0,2.78,0.00,5
1789459243543473869,2724.4,0.0,3.32,0.00,8
1789459244573648145,2621.4,0.0,1.65,0.00,11
1789459245603386968,2866.5,0.1,1.73,7.00,5
1789459246633462254,2338.0,0.4,1.85,0.15,9
1789459247661536417,2708.2,0.0,1.68,0.00,4
1789459248691348905,2552.8,0.0,1.77,0.00,8
1789459249719467306,2447.4,0.0,1.75,0.00,2
1789459250750520301,2740.4,0.1,1.71,2.00,6
1789459251781251725,2564.9,0.1,3.26,1.38,10
1789459252809818489,2886.4,0.0,2.19,0.00,0
1789459253840605942,2950.7,0.0,3.21,0.00,5
1789459254870039217,2805.7,0.0,2.95,0.00,9
1789459255898644634,2614.3,0.1,3.56,7.00,10
1789459256927028621,2870.9,0.2,3.37,1.04,4
1789459257957693501,2597.9,0.0,1.77,0.00,5
1789459258986167624,2369.2,0.0,1.75,0.00,1
1789459260016952760,2734.3,0.0,1.71,0.00,5
1789459261047000167,2279.0,0.1,1.77,8.50,13
1789459262075313395,2796.0,0.1,1.79,1.07,9
1789459263105846756,2258.9,0.0,1.95,0.00,13
1789459264133785959,2726.5,0.0,1.73,0.00,4
1789459265164689797,2601.3,0.0,3.25,0.00,7
1789459266192874685,2732.6,0.1,3.03,7.00,36
1789459267220821838,2963.2,0.1,2.49,1.32,4
1789459268251402059,2782.1,0.0,3.40,0.00,4
1789459269281729226,2770.2,0.0,3.16,0.00,7
1789459270309361253,2844.7,0.0,2.28,0.00,12
1789459271337596922,2826.3,0.0,1.69,7.00,4
1789459272367772978,2387.6,0.1,1.84,1.00,7
1789459273395199357,2618.0,0.0,1.70,0.00,2
1789459274425422183,2648.3,0.0,1.72,0.00,6
1789459275454114869,2381.3,0.1,1.72,2.50,1
1789459276485047752,2822.0,0.0,1.72,0.00,7
1789459277515427346,2304.0,0.1,2.83,12.94,9
1789459278543672014,2918.4,0.0,2.34,0.00,2
1789459279574766042,2945.0,0.0,3.07,0.00,6
1789459280605669747,2716.8,0.0,3.21,13.00,8
1789459281633711867,2775.0,0.0,2.94,0.00,8
1789459282662272710,2900.6,0.1,2.33,0.82,10
1789459283693210990,2744.2,0.0,3.63,0.00,4
1789459284722316530,2317.9,0.0,1.73,0.00,13
1789459285751300933,2699.2,0.1,1.79,7.50,8
1789459286781966139,2302.6,0.0,1.80,0.00,13
1789459287810167718,2795.8,0.1,1.66,1.06,5
1789459288840508279,2267.1,0.0,2.11,0.00,8
1789459289869104762,2641.3,0.0,1.76,0.00,5
1789459290899354407,2434.2,0.1,2.43,7.00,7
1789459291928114899,2754.2,0.0,2.52,0.00,31
1789459292957117744,3032.0,0.1,2.90,1.00,4
1789459293987612613,2711.4,0.0,3.56,0.00,6
1789459295017176018,2741.3,0.0,3.34,0.00,8
1789459296045748191,2844.6,0.1,2.18,2.00,0
1789459297076774651,2981.9,0.0,2.43,0.00,4
1789459298107304953,2428.5,0.1,1.82,0.19,6
1789459299135491541,2561.5,0.1,1.73,5.33,3
1789459300166170525,2672.1,0.0,1.72,0.00,5
1789459301194444515,2361.4,0.1,1.73,4.50,0
1789459302224960585,2857.3,0.0,1.71,0.00,6
1789459303255553891,2312.7,0.2,1.86,0.68,9
1789459304286247982,2795.9,0.1,2.47,5.00,4
1789459305317622849,2841.6,0.0,3.07,0.00,6
1789459306347576950,2606.7,0.1,3.71,20.33,7
1789459307375134620,2835.2,0.0,2.25,0.00,0
1789459308406050606,2999.5,0.4,2.84,1.45,5
1789459309437675360,2506.5,0.0,4.66,0.00,7
1789459310468844864,2599.0,0.0,1.66,0.00,0
1789459311499985120,2815.0,0.1,1.69,7.00,7
1789459312530404242,2172.7,0.0,1.88,0.00,13
1789459313558762034,2818.7,0.2,1.69,1.08,9
1789459314589091485,2281.7,0.2,1.84,0.94,9
1789459315617390777,2653.4,0.0,1.90,0.00,4
1789459316648800770,2310.3,0.1,1.95,6.50,9
1789459317679536700,2725.2,0.0,2.31,0.00,4
1789459318711088256,2871.0,0.1,3.13,0.83,6
1789459319741617817,2809.7,0.0,3.00,0.00,8
1789459320769671362,2705.5,0.0,3.27,0.00,30
1789459321798087935,2972.3,0.1,2.41,6.50,4
1789459322828994767,2900.4,0.0,2.99,0.00,5
1789459323859363477,2594.9,0.1,1.78,1.00,7
1789459324887416243,2601.4,0.0,1.71,0.00,3
1789459325917950947,2643.7,0.0,1.74,0.00,5
1789459326947024536,2384.6,0.1,1.73,7.50,1
1789459327978367519,2858.3,0.0,1.70,0.00,5
1789459329008960937,2333.3,0.3,1.86,0.05,7
1789459330037872077,2706.1,0.0,1.68,0.00,4
1789459331069351580,2739.4,0.0,3.05,0.00,6
1789459332097794832,2689.2,0.1,3.40,15.00,10
1789459333125503204,2886.9,0.0,2.22,0.00,1
1789459334156350577,3037.5,0.3,2.84,0.98,6
1789459335186979023,2724.0,0.0,3.10,0.00,9
1789459336215165779,2629.6,0.0,3.87,0.00,12
1789459337242156360,2756.1,0.1,1.68,6.50,4
1789459338272678805,2321.2,0.0,1.85,0.00,6
1789459339301056794,2627.1,0.1,1.71,1.00,5
1789459340331360180,2471.6,0.0,1.77,0.00,8
1789459341358776267,2480.3,0.0,1.91,0.00,3
1789459342388785689,2526.8,0.1,1.86,2.50,7
1789459343417159057,2399.9,0.0,1.76,0.00,4
1789459344447807777,2781.6,0.0,3.64,0.00,6
1789459345478139573,2747.3,0.1,3.22,1.00,8
1789459346505935576,2759.6,0.1,2.55,2.50,29
1789459347534275078,2925.9,0.0,3.41,0.00,6
1789459348565055360,2779.9,0.0,3.08,0.00,7
1789459349593535130,2782.1,0.0,2.50,0.00,6
1789459350621851551,2650.6,0.1,1.70,1.12,4
1789459351652684924,2568.8,0.0,1.78,7.00,6
1789459352681298445,2434.8,0.0,1.73,0.00,1
1789459353711650827,2832.7,0.0,1.68,0.00,6
1789459354742023729,2345.1,0.0,1.83,0.00,12
1789459355770639068,2760.3,0.1,1.68,0.55,5
1789459356801351425,2426.6,0.1,2.70,10.50,8
1789459357829085742,2762.6,0.0,2.53,0.00,33
1789459358857559669,3010.6,0.0,3.09,0.00,4
1789459359888220385,2822.3,0.0,2.89,0.00,6
1789459360917296891,2642.4,0.3,3.41,1.26,7
1789459361945535135,2783.9,0.2,2.45,5.67,1
1789459362973524391,2797.4,0.1,3.99,13.25,7
1789459364003763279,2315.9,0.0,1.79,0.00,10
1789459365030973977,2798.8,0.0,1.70,0.00,4
1789459366058541291,2318.6,0.4,1.87,0.96,9
1789459367086261780,2654.9,0.2,1.69,9.00,4
1789459368113729214,2403.1,0.0,2.06,0.00,8
1789459369141887406,2508.9,0.0,1.81,0.00,4
1789459370169553347,2532.2,0.0,2.64,0.00,7
1789459371197254776,2662.9,0.2,3.09,1.15,60
1789459372225498993,2978.5,0.1,2.80,7.00,4
1789459373256187155,2791.9,0.0,3.29,0.00,7
1789459374283835098,2747.5,0.0,3.31,0.00,6
1789459375311388248,2818.0,0.0,2.45,0.00,22
1789459376338508650,2966.2,0.1,2.30,1.28,4
1789459377365860514,2481.1,0.1,1.81,7.50,8
1789459378393560923,2519.5,0.0,1.74,0.00,3
1789459379421217046,2745.9,0.0,1.71,0.00,6
1789459380449173566,2372.6,0.0,1.78,0.00,12
1789459381477465401,2840.6,0.3,1.71,1.39,3
1789459382508345501,2346.1,0.0,1.87,0.00,8
1789459383535801019,2715.0,0.0,2.64,0.00,4
1789459384563199398,2815.1,0.0,3.39,0.00,5
1789459385590714024,2728.1,0.0,3.33,0.00,6
1789459386618831782,2751.0,0.3,2.46,0.88,64
1789459387645998280,3058.8,0.0,2.83,0.00,4
1789459388673100079,2519.5,0.0,4.89,0.00,7
1789459389700105725,2558.6,0.0,1.67,0.00,11
1789459390729044215,2993.0,0.0,1.65,0.00,3
1789459391759624437,2401.5,0.5,1.82,2.24,7
1789459392786652806,2546.4,0.0,1.72,0.00,4
1789459393817286200,2502.7,0.0,1.95,0.00,10
1789459394845290574,2425.8,0.0,1.84,0.00,2
1789459395873937721,2629.9,0.0,1.72,0.00,6
1789459396904819862,2373.7,0.0,2.55,7.00,0
1789459397934267521,522.3,0.1,8.94,1.00,6
1789459398964405567,1104.6,0.0,1.48,0.00,0
1789459399992291696,1060.1,0.0,4.80,0.00,5
1789459401022581505,566.3,0.0,1.50,0.00,0
1789459402050725600,1505.0,0.1,3.20,8.50,3
1789459403080362737,121.5,0.2,1.33,0.09,0
1789459404107997492,1626.7,0.0,3.79,0.00,0
1789459405137298721,0.0,0.0,0.00,0.00,0
1789459406164848207,1628.5,0.0,3.88,0.00,0
1789459407192784625,0.0,0.1,0.00,8.50,0
1789459408220351008,1629.4,0.1,3.28,8.00,0
1789459409248110163,120.6,0.0,21.67,0.00,50
1789459410276080301,1508.3,0.0,2.15,0.00,0
1789459411303874220,628.8,0.0,6.57,0.00,7
1789459412332020261,999.8,0.1,1.47,6.00,0
1789459413359961489,1035.7,0.1,4.76,7.53,5
1789459414391154398,2000.2,0.0,1.65,0.00,4
1789459415421809276,212.8,0.0,1.80,0.00,0
1789459416450400116,1546.9,0.0,1.86,5.50,1
1789459417481087433,78.2,0.0,0.43,0.00,0
1789459418508521439,1628.3,0.1,1.78,0.79,0
1789459419536791962,0.0,0.0,0.00,0.00,0
1789459420564198820,1629.2,0.0,1.79,0.00,0
1789459421591695151,25.3,0.1,3.05,8.50,12
1789459422619001608,1604.3,0.0,1.70,0.00,0
1789459423646651668,474.3,0.3,1.98,2.19,7
1789459424675936071,1153.5,0.0,1.59,0.00,0
1789459425704133946,878.3,0.0,1.86,0.00,6
1789459426734373343,748.2,0.1,1.08,8.50,0
1789459427761886699,1320.9,0.0,1.68,0.00,4
1789459428789902071,307.6,0.3,2.28,2.38,0
1789459429818019680,1588.8,0.0,1.61,0.00,1
1789459430849024431,35.5,0.0,0.46,0.00,0
1789459431876883138,1625.5,0.1,1.83,5.50,0
1789459432906694878,0.0,0.0,0.00,0.00,0
1789459433933913147,1629.8,0.2,1.79,0.16,0
1789459434961459408,1628.9,0.0,3.04,0.00,0
1789459435988951806,140.6,0.0,19.21,0.00,21
1789459437016514873,1488.9,0.1,1.77,9.50,0
1789459438043835861,532.9,0.0,7.53,0.00,8
1789459439072886179,1095.8,0.2,1.47,5.14,0
1789459440100293894,815.4,0.0,6.06,0.00,7
1789459441130812072,810.9,0.0,1.41,0.00,0
1789459442158915175,1301.5,0.1,3.64,10.50,6
1789459443189996064,323.6,0.0,1.66,0.00,0
1789459444218265269,1529.1,0.1,3.78,0.94,2
1789459445248807534,96.2,0.0,0.77,0.00,0
1789459446277358762,1626.8,0.0,3.61,0.00,0
1789459447305974505,0.0,0.1,0.00,2.00,0
1789459448333364722,1628.8,0.0,3.67,0.00,0
1789459449360930185,0.0,0.3,0.00,2.21,0
1789459450388439320,1629.0,0.0,3.08,0.00,0
1789459451415875204,0.0,0.0,0.00,0.00,0
1789459452443157195,1959.2,0.1,5.21,30.00,8
1789459453471432293,1297.9,0.0,1.58,0.00,0
1789459454499447355,701.0,0.0,1.98,0.00,8
1789459455530249035,925.4,0.2,1.62,0.27,0
1789459456558318830,1152.4,0.1,1.68,6.00,8
1789459457588925596,473.4,0.0,2.03,0.00,0
1789459458617009144,1345.8,0.0,1.85,0.00,3
1789459459647215694,280.0,0.0,2.14,0.00,0
1789459460675497033,1512.5,0.1,1.85,0.86,3
1789459461705933930,112.8,0.1,0.86,8.00,0
1789459462732925762,1628.7,0.0,1.58,0.00,0
1789459463760581025,0.0,0.0,0.00,0.00,0
1789459464787763279,1629.3,0.0,1.80,0.00,0
1789459465814947940,0.0,0.1,0.00,8.69,0
1789459466841749975,1629.6,0.0,1.97,6.50,0
1789459467869615978,154.7,0.0,2.74,0.00,12
1789459468897530749,1474.0,0.0,1.76,0.00,0
1789459469925589214,567.1,0.0,2.02,0.00,11
1789459470956002045,1059.9,0.1,1.79,9.69,0
1789459471983841178,1014.9,0.1,1.70,8.00,8
1789459473014470094,2039.8,0.0,2.75,0.00,4
1789459474045796035,1544.9,0.0,3.62,0.00,4
1789459475076980187,2798.5,0.0,3.12,0.00,6
1789459476105499775,2752.0,0.0,3.29,0.00,7
1789459477134587959,2819.7,0.2,2.44,1.30,1
1789459478165511286,2996.7,0.0,3.00,0.00,6
1789459479196332494,2823.2,0.0,2.45,0.00,5
1789459480225088233,2342.9,0.0,1.74,0.00,10
1789459481255766970,2895.5,0.1,1.70,1.05,6
1789459482286227660,2359.6,0.1,1.84,8.00,6
1789459483314584048,2672.8,0.0,1.69,0.00,4
1789459484344925543,2571.2,0.0,1.78,0.00,5
1789459485373387965,2418.2,0.0,1.76,0.00,2
1789459486403992841,2805.1,0.2,2.35,0.71,5
1789459487434839836,2750.6,0.1,3.20,6.50,7
1789459488463181744,2758.2,0.0,2.70,0.00,78
1789459489492208574,3012.7,0.0,2.53,0.00,4
1789459490523348527,2879.1,0.0,2.95,0.00,5
1789459491554883517,2491.6,0.2,4.88,5.54,9
1789459492586270048,2750.2,0.0,1.67,0.00,4
1789459493617845289,2681.5,0.0,1.70,0.00,5
1789459494647187792,2288.1,0.0,1.80,0.00,1
1789459495678546767,2783.3,0.0,1.71,0.00,6
1789459496709326271,2285.1,0.2,1.80,1.29,14
1789459497738232876,2741.3,0.0,1.89,0.00,5
1789459498769602219,2243.8,0.0,1.97,0.00,11
1789459499800677720,2824.7,0.0,2.21,0.00,4
1789459500831425192,2851.6,0.0,3.03,0.00,6
1789459501861999547,2675.5,0.6,3.57,6.18,8
1789459502890720104,2782.5,0.0,2.38,0.00,53
1789459503920716018,3049.0,0.0,2.88,0.00,4
1789459504952158676,2705.8,0.0,3.55,0.00,6
1789459505983243452,2611.3,0.0,1.74,0.00,10
1789459507011940459,2739.0,0.1,1.67,8.50,4
1789459508042856324,2510.6,0.3,1.80,0.28,8
1789459509071767526,2493.8,0.0,1.73,0.00,3
1789459510103469890,2777.0,0.0,1.70,0.00,6
1789459511133349340,2345.5,0.0,1.80,0.00,12
1789459512162119519,2812.1,0.1,1.71,8.50,4
1789459513193272601,2635.4,0.3,3.14,1.17,7
1789459514220837615,2755.4,0.0,3.19,0.00,9
1789459515249804146,2938.4,0.0,2.21,0.00,3
1789459516281578658,3000.9,0.0,2.72,0.00,5
1789459517313308910,2615.0,0.1,3.38,2.50,9
1789459518341983661,2658.7,0.3,3.67,1.10,13
1789459519370805712,2820.6,0.0,1.71,0.00,7
1789459520402007614,2292.0,0.0,1.85,0.00,11
1789459521430357554,2704.2,0.0,1.68,0.00,5
1789459522461557115,2396.0,0.4,1.80,1.59,11
1789459523490118917,2544.5,0.0,1.90,0.00,4
1789459524521131053,2460.3,0.0,1.87,0.00,8
1789459525549985017,2468.6,0.0,1.83,0.00,2
1789459526581415540,2838.0,0.1,3.01,7.50,6
1789459527611711387,2774.7,0.3,3.03,1.13,7
1789459528638819048,2724.8,0.0,2.93,0.00,30
1789459529667157536,3001.8,0.0,2.96,0.00,4
1789459530698850475,2792.4,0.0,3.25,0.00,7
1789459531728413983,2844.9,0.1,2.30,8.50,6
1789459532758438276,2538.2,0.4,1.74,1.04,3
1789459533789264911,2703.7,0.0,1.73,0.00,6
1789459534817741601,2366.0,0.0,1.74,0.00,12
1789459535845962703,2891.6,0.0,1.68,0.00,4
1789459536875535044,2344.8,0.1,1.87,7.00,8
1789459537903501069,2641.2,0.3,1.71,1.45,4
1789459538932760020,2578.1,0.0,2.48,0.00,7
1789459539959734413,2800.8,0.0,2.96,0.00,9
1789459540988712600,2857.7,0.0,2.63,0.00,4
1789459542020185796,2879.1,0.1,3.20,7.00,5
1789459543050640111,2689.9,0.3,3.29,1.54,9
1789459544078405845,2671.0,0.0,2.46,0.00,166
1789459545109089253,2932.2,0.0,3.53,0.00,4
1789459546138895536,2327.3,0.0,1.83,0.00,9
1789459547166828751,2600.6,0.1,1.75,10.50,6
1789459548196784448,2407.0,0.3,1.82,1.73,8
1789459549224677267,2562.7,0.0,1.71,0.00,6
1789459550253722169,2510.5,0.0,1.98,0.00,9
1789459551281431504,2418.9,0.0,1.83,0.00,3
1789459552310624408,2680.8,0.1,2.46,7.50,6
1789459553338106824,2750.5,0.1,3.09,5.00,8
1789459554365857535,2789.9,0.3,2.60,1.17,1
1789459555396667969,3024.3,0.0,3.00,0.00,6
1789459556426508319,2806.0,0.0,3.04,0.00,5
1789459557454978202,2803.0,0.1,3.05,2.00,8
1789459558485125751,2703.0,0.0,1.68,12.00,2
1789459559515139280,2788.4,0.3,1.69,1.59,6
1789459560544248642,2350.8,0.0,1.80,0.00,11
1789459561571976299,2815.4,0.0,1.67,0.00,4
1789459562601939980,2438.2,0.1,1.83,8.50,8
1789459563629669990,2560.7,0.0,1.73,0.00,3
1789459564660192187,2648.9,0.3,1.74,0.23,6
1789459565690486024,2527.4,0.0,3.41,0.00,26
1789459566718405592,2958.7,0.0,2.53,0.00,4
1789459567748360393,2791.8,0.1,3.36,25.50,5
1789459568778103720,2771.5,0.1,3.08,5.00,7
1789459569805621056,2728.6,0.3,2.30,0.77,84
1789459570834418662,2831.2,0.0,4.25,0.00,5
1789459571864456640,2554.4,0.0,1.77,0.00,9
1789459572891979131,2567.1,0.0,1.70,0.00,3
1789459573922422040,2480.5,0.1,1.82,9.50,7
1789459574950561030,2448.7,0.4,1.74,1.36,3
1789459575975562318,2602.1,0.0,1.91,0.00,6
1789459577003920867,2349.5,0.0,1.83,0.00,1
1789459578034283912,2747.5,0.0,1.74,0.00,6
1789459579064242402,2510.3,0.0,3.37,0.00,9
1789459580092233968,2859.7,0.4,2.23,1.34,0
1789459581122724640,2953.2,0.0,3.14,0.00,5
1789459582152638803,2712.5,0.0,3.30,0.00,8
1789459583179617141,2774.7,0.0,3.09,0.00,9
1789459584207460105,2930.8,0.0,2.22,0.00,2
1789459585237881207,2785.0,0.4,1.72,1.49,6
1789459586266830849,2351.5,0.0,1.79,0.00,12
1789459587294243202,2817.8,0.0,1.67,0.00,4
1789459588324000220,2460.1,0.0,1.81,0.00,6
1789459589351964066,2552.9,0.0,1.72,0.00,2
1789459590381717315,2667.5,0.4,1.74,1.15,4
1789459591409379471,2344.1,0.0,1.75,0.00,0
1789459592437801511,3087.9,0.0,2.77,0.00,4
1789459593467957368,2773.6,0.0,3.15,0.00,7
1789459594496839488,2835.6,0.0,2.83,0.00,7
1789459595524527316,2718.9,0.2,2.37,1.09,75
1789459596553233368,2918.2,0.0,3.19,0.00,6
1789459597583836764,2651.7,0.0,4.05,0.00,7
1789459598612294792,2428.7,0.0,1.74,0.00,3
1789459599642729127,2629.9,0.0,1.74,0.00,5
1789459600671192761,2302.6,0.2,1.81,0.31,1
1789459601701771310,2788.3,0.0,1.67,0.00,9
1789459602731560167,2271.7,0.0,1.88,0.00,11
1789459603759402077,2741.7,0.0,1.82,0.00,6
1789459604788599136,2316.9,0.0,2.66,0.00,9
1789459605816618944,2856.3,0.2,2.39,2.32,3
1789459606846932314,2971.7,0.1,2.80,2.86,5
1789459607876620047,2654.8,0.0,3.59,0.00,8
1789459608904411460,2739.7,0.0,3.12,0.00,33
1789459609932463700,2985.8,0.0,2.48,0.00,4
1789459610962671597,2926.2,0.5,2.30,1.34,6
1789459611991794027,2343.7,0.0,1.84,0.00,10
1789459613019424020,2755.0,0.0,1.67,0.00,4
1789459614049628140,2507.4,0.0,1.79,0.00,7
1789459615077455630,2506.4,0.0,1.73,0.00,3
1789459616107231179,2717.3,0.4,1.74,1.56,6
1789459617136120817,2314.5,0.0,1.78,0.00,10
1789459618166891354,2826.5,0.0,2.59,0.00,6
1789459619196877238,2836.4,0.0,2.90,0.00,6
1789459620224979383,2778.7,0.0,3.02,0.00,8
1789459621252992231,2870.3,0.2,2.21,1.75,1
1789459622283313448,2989.8,0.0,2.85,0.00,6
1789459623313483538,2492.3,0.0,4.71,0.00,8
1789459624344021121,2653.1,0.0,1.64,0.00,1
1789459625373265342,2822.4,0.0,1.70,0.00,7
1789459626401653463,2138.8,0.2,1.88,1.71,11
1789459627429860295,2828.7,0.0,1.70,0.00,6
1789459628459963862,2302.8,0.0,1.84,0.00,10
1789459629488121178,2677.0,0.0,1.85,0.00,4
1789459630518750582,2327.4,0.1,1.95,6.50,10
1789459631549057974,2714.4,0.1,2.27,0.19,3
1789459632579397108,2933.9,0.0,3.00,0.00,5
1789459633609142782,2721.2,0.0,3.40,0.00,8
1789459634636916719,2725.1,0.0,3.05,0.00,28
1789459635665271242,2981.4,0.1,2.37,6.00,3
1789459636696329893,2850.2,0.1,3.20,0.94,5
1789459637726869922,2611.7,0.0,1.76,0.00,8
1789459638754822227,2613.5,0.0,1.69,0.00,4
1789459639785346701,2633.5,0.0,1.75,0.00,6
1789459640813939657,2382.0,0.1,1.74,7.00,1
1789459641845045403,2845.6,0.3,1.69,1.45,5
1789459642875291506,2342.6,0.0,1.85,0.00,9
1789459643903675132,2727.7,0.0,1.68,0.00,3
1789459644933792326,2642.2,0.0,3.33,0.00,7
1789459645961597612,2729.5,0.1,3.24,8.00,10
1789459646989842781,2904.3,0.1,2.34,1.53,4
1789459648020444523,2934.8,0.0,2.89,0.00,4
1789459649050472217,2578.5,0.0,3.42,0.00,12
1789459650078666819,2682.9,0.0,3.73,0.00,1
1789459651109116655,2772.5,0.1,1.73,7.50,6
1789459652139057699,2307.0,0.1,1.79,1.93,12
1789459653166764890,2734.3,0.0,1.73,0.00,7
1789459654196511182,2302.3,0.0,1.82,0.00,9
1789459655223937952,2680.8,0.0,1.84,0.00,5
1789459656253907789,2376.2,0.1,1.86,8.50,11
1789459657281733266,2572.4,0.1,1.67,1.13,5
1789459658312139108,1813.8,0.0,2.56,0.00,0
1789459659339495984,1489.0,0.0,3.78,0.00,4
1789459660368523698,139.1,0.0,1.57,0.00,0
1789459661394767807,1630.2,0.1,3.05,8.50,0
1789459662422450976,0.0,0.1,0.25,6.59,0
1789459663449317963,1629.7,0.0,3.78,0.00,0
1789459664476831007,359.0,0.0,10.11,0.00,7
1789459665504849627,1270.1,0.1,1.50,8.50,0
1789459666532529381,955.2,0.0,5.24,0.00,7
1789459667562579024,671.7,0.1,1.45,0.57,0
1789459668590196309,1508.4,0.0,4.11,0.00,4
1789459669619957485,117.7,0.0,1.22,0.00,0
1789459670646991297,1629.4,0.1,3.52,2.00,0
1789459671674263771,0.0,0.0,0.00,0.00,0
1789459672701249214,1630.0,0.1,3.55,1.71,0
1789459673728179332,422.7,0.0,8.42,0.00,7
1789459674757380716,2236.1,0.0,1.59,0.00,5
1789459675787070830,593.8,0.1,1.80,1.50,0
1789459676814769619,1424.4,0.0,1.82,0.00,3
1789459677844532068,202.3,0.1,1.73,6.22,0
1789459678872176297,1627.5,0.0,1.77,0.00,0
1789459679900483226,0.0,0.1,0.00,5.75,0
1789459680927621258,1629.4,0.1,1.82,8.50,0
1789459681955249180,290.0,0.0,2.48,0.00,9
1789459682982485408,1339.7,0.3,1.59,0.27,0
1789459684010291021,982.4,0.0,1.81,0.00,6
1789459685040642681,644.2,0.0,1.71,0.00,0
1789459686068134548,1450.2,0.1,1.74,9.50,3
1789459687098403101,176.0,0.0,1.51,0.00,0
1789459688125942904,1627.8,0.1,1.78,0.06,0
1789459689154268772,0.0,0.0,0.00,0.00,0
1789459690181552256,1629.1,0.0,1.80,0.00,0
1789459691209044685,254.0,0.1,2.58,8.50,10
1789459692236772500,1375.4,0.0,1.66,0.00,0
1789459693264484015,908.8,0.1,1.85,1.17,5
1789459694294457157,2174.9,0.0,2.59,0.00,4
1789459695324282976,167.3,0.0,1.83,0.00,0
1789459696351970753,1628.1,0.1,3.10,8.50,0
1789459697379973075,0.0,0.0,0.00,0.00,0
1789459698406746466,1629.5,0.1,3.75,0.53,0
1789459699434090176,158.2,0.0,18.92,0.00,33
1789459700461579799,1455.6,0.0,1.64,14.00,1
1789459701500626231,820.3,0.0,5.17,5.00,8
1789459702531249505,806.5,0.0,1.42,0.00,0
1789459703558471965,1367.5,0.1,3.85,1.09,5
1789459704588378064,258.8,0.0,1.73,0.00,0
1789459705616232941,1625.0,0.1,3.65,9.00,0
1789459706646103387,0.0,0.0,0.00,0.00,0
1789459707673522630,1629.5,0.0,3.25,0.00,0
1789459708700780263,0.0,0.1,0.00,7.53,0
1789459709727269045,1629.5,0.0,3.08,0.00,0
1789459710755522047,449.2,0.1,14.08,8.00,6
1789459711786559874,2379.0,0.0,1.55,0.00,5
1789459712816923102,420.3,0.0,1.93,0.00,0
1789459713843911786,1475.8,0.0,1.82,0.00,4
1789459714874004746,150.8,0.1,1.27,0.13,0
1789459715901081937,1627.7,0.1,1.83,6.00,0
1789459716929547664,0.0,0.0,0.00,0.00,0
1789459717956657326,1629.1,0.0,1.88,0.00,0
1789459718984150490,296.7,0.0,2.47,0.00,9
1789459720012029238,1333.6,0.1,1.64,1.11,0
1789459721039283196,1007.9,0.1,1.68,8.00,4
1789459722070321162,617.8,0.0,1.71,0.00,0
1789459723098126348,1419.5,0.0,1.75,0.00,3
1789459724128609485,206.2,0.0,1.74,0.00,0
1789459725156111780,1626.4,0.1,2.00,9.42,0
1789459726185700980,0.0,0.1,0.00,8.00,0
1789459727213006562,1629.3,0.0,1.87,0.00,0
1789459728240474398,175.7,0.0,2.72,0.00,12
1789459729268146859,1454.2,0.0,1.68,0.00,0
1789459730295387083,770.9,0.2,1.94,5.95,6
1789459731326166223,2210.3,0.1,2.71,7.00,7
1789459732356666983,1548.6,0.0,3.85,0.00,5
1789459733387050218,2605.7,0.0,3.24,0.00,6
1789459734414832794,2651.6,0.0,2.35,0.00,57
1789459735443328214,3015.1,0.1,2.88,0.71,5
1789459736473047007,2593.7,0.1,3.36,8.50,7
1789459737501030848,2750.1,0.0,2.36,0.00,9
1789459738529261735,2724.7,0.0,1.67,0.00,3
1789459739559980452,2242.2,0.0,1.85,0.00,7
1789459740588258220,2667.3,0.2,1.67,1.84,4
1789459741618878005,2321.5,0.0,1.80,0.00,7
1789459742647125050,2592.7,0.0,1.69,0.00,4
1789459743677345475,2368.6,0.0,1.80,0.00,8
1789459744705713781,2534.9,0.0,1.71,0.00,4
1789459745735838772,2736.6,0.4,3.04,0.95,5
1789459746764829977,2624.2,0.0,3.11,0.00,10
1789459747793056428,2853.4,0.0,2.32,0.00,5
1789459748823169442,2736.3,0.0,3.19,0.00,6
1789459749851501212,2512.5,0.0,3.36,0.00,9
1789459750880238529,2757.0,0.5,3.69,2.49,7
1789459751910678600,2462.2,0.0,1.79,0.00,7
1789459752939472021,2476.9,0.0,1.71,0.00,3
1789459753971025244,2309.9,0.0,1.83,0.00,9
1789459754999072321,2533.3,0.0,1.69,0.00,4
1789459756029474447,2326.8,0.3,1.77,2.30,8
1789459757057886146,2499.2,0.0,2.01,0.00,4
1789459758088737533,2197.4,0.0,1.83,0.00,7
1789459759118082356,2798.2,0.0,2.20,0.00,4
1789459760148665098,2841.2,0.0,3.12,0.00,6
1789459761178824176,2712.6,0.3,3.47,10.36,6
1789459762206935616,2822.7,0.0,2.59,0.00,70
1789459763235317112,3015.1,0.0,2.47,0.00,3
1789459764266615259,2878.6,0.0,3.09,0.00,6
1789459765297326687,2608.6,0.0,1.77,0.00,6
1789459766325489968,2593.9,0.2,1.71,1.22,4
1789459767355874039,2636.5,0.0,1.74,0.00,5
1789459768383971584,2403.4,0.0,1.71,0.00,1
1789459769414832979,2868.3,0.0,1.69,0.00,6
1789459770445061367,2342.7,0.0,1.85,0.00,7
1789459771473350058,2693.2,0.1,1.70,7.50,4
1789459772503672997,2710.7,0.1,3.19,0.40,6
1789459773531353459,2779.3,0.0,3.13,0.00,7
1789459774558572106,2875.8,0.0,2.16,0.00,1
1789459775589346239,3065.0,0.1,2.72,6.00,5
1789459776620323690,2721.2,0.0,2.95,0.00,6
1789459777649952482,2650.4,0.1,3.77,0.88,9
1789459778678133897,2697.6,0.0,1.68,0.00,4
1789459779708781700,2433.3,0.0,1.80,0.00,7
1789459780737556176,2490.6,0.1,1.79,7.50,4
1789459781768280613,2522.1,0.0,1.75,0.00,6
1789459782796924148,2422.5,0.1,1.94,0.80,3
1789459783827156718,2578.2,0.0,1.82,0.00,5
1789459784854965937,2358.0,0.0,1.81,0.00,1
1789459785886377210,2924.2,0.1,3.16,2.00,4
1789459786917446295,2740.9,0.0,3.28,0.00,8
1789459787945643587,2731.8,0.1,3.21,1.56,10
1789459788974279492,2955.6,0.0,2.27,0.00,5
1789459790005754413,2921.6,0.0,3.01,0.00,6
1789459791036775034,2795.9,0.1,2.42,7.50,7
1789459792065570949,2428.9,0.0,1.75,0.00,1
1789459793096293295,2805.6,0.1,1.69,1.27,5
1789459794126810441,2360.0,0.0,1.80,0.00,11
1789459795154829495,2790.2,0.0,1.67,0.00,4
1789459796185214688,2444.3,0.1,1.84,6.50,8
1789459797213799557,2542.7,0.0,1.73,0.00,3
1789459798244597882,2688.6,0.1,2.41,0.88,7
1789459799273262572,2779.8,0.0,3.15,0.00,9
1789459800301422564,2791.3,0.0,2.40,0.00,1
1789459801332301165,2967.9,0.1,3.19,8.50,5
1789459802362945503,2790.4,0.0,2.90,0.00,7
1789459803391934122,2483.5,0.1,4.14,3.25,54
1789459804422958370,2920.6,0.0,2.36,0.00,4
1789459805453981321,2487.6,0.0,1.78,0.00,9
1789459806482452629,2460.1,0.1,1.78,8.00,3
1789459807513404434,2626.0,0.0,1.73,0.00,7
1789459808541891940,2354.6,0.2,1.73,1.23,1
1789459809572718299,2692.1,0.0,1.91,0.00,4
1789459810602863481,2233.8,0.1,1.84,9.00,0
1789459811633874602,2854.2,0.0,2.37,0.00,5
1789459812664628146,2640.2,0.0,3.62,0.00,8
1789459813692521733,2824.1,0.2,2.96,0.95,8
1789459814721359599,2943.0,0.0,2.48,0.00,4
1789459815751965638,2815.9,0.1,3.35,13.50,5
1789459816782094817,2701.6,0.0,3.49,0.00,8
1789459817814002022,2683.1,0.0,1.66,0.00,0
1789459818845588845,2826.8,0.3,1.70,1.21,6
1789459819876107564,2348.3,0.0,1.84,0.00,10
1789459820904210606,2752.8,0.1,1.67,8.00,4
1789459821932699375,2507.5,0.0,1.79,0.00,6
1789459822960939820,2496.7,0.0,1.75,0.00,3
1789459823991745230,2710.1,0.3,1.73,1.50,5
1789459825022600850,2611.7,0.0,3.07,0.00,10
1789459826051410802,2852.7,0.1,2.40,2.00,1
1789459827083083886,2979.3,0.0,2.99,0.00,6
1789459828114321863,2763.4,0.0,3.22,0.00,8
1789459829142446374,2708.9,0.2,3.13,1.40,9
1789459830170942926,2833.1,0.0,3.51,0.00,4
1789459831202445843,2595.0,0.1,1.79,8.00,7
1789459832231080363,2362.4,0.0,1.76,0.00,2
1789459833262166357,2739.7,0.0,1.71,0.00,5
1789459834291402232,2290.0,0.2,1.75,0.12,11
1789459835320108779,2766.1,0.0,1.90,0.00,6
1789459836350628906,2303.7,0.1,1.89,12.50,9
1789459837378713804,2717.3,0.0,1.71,0.00,5
1789459838409423426,2527.7,0.0,3.52,0.00,7
1789459839437290836,2776.4,0.1,2.98,0.12,37
1789459840465771603,2963.9,0.1,2.53,0.00,5
1789459841497351501,2769.0,0.0,3.57,19.00,7
1789459842529163479,2726.6,0.0,3.34,0.00,8
1789459843557090378,2864.8,0.0,2.21,0.00,12
1789459844585980551,2852.9,0.1,1.69,1.07,4
1789459845615937700,2369.5,0.1,1.85,2.00,7
1789459846644116266,2632.1,0.0,1.70,0.00,4
1789459847674479160,2643.9,0.0,1.74,0.00,6
1789459848703194695,2387.0,0.0,1.74,0.00,1
1789459849734437320,2835.4,0.4,1.71,0.88,38
1789459850764475641,2343.3,0.1,2.58,9.00,8
1789459851792736232,2883.9,0.0,2.45,0.00,3
1789459852823619221,2952.4,0.0,2.96,0.00,6
1789459853854221444,2766.6,0.0,3.08,0.00,8
1789459854881909612,2768.4,0.2,2.95,0.65,10
1789459855910439523,2844.4,0.0,2.43,7.00,11
1789459856941031386,2748.4,0.0,3.69,0.00,7
1789459857970719565,2314.7,0.0,1.73,0.00,13
1789459858999552780,2715.3,0.0,1.77,0.00,7
1789459860030234161,2286.7,0.2,1.82,0.07,13
1789459861059051012,2778.5,0.1,1.66,8.00,4
1789459862090250211,2268.7,0.0,2.04,0.00,9
1789459863118935824,2639.0,0.0,1.79,0.00,5
1789459864150283005,2425.5,0.0,2.52,0.00,7
1789459865179172328,2768.4,0.0,2.46,0.00,31
1789459866208263359,3018.8,0.3,2.95,1.76,4
1789459867238925028,2686.2,0.0,3.51,0.00,7
1789459868268151852,2840.4,0.0,2.88,0.00,8
1789459869296759756,2775.6,0.0,2.54,0.00,1
1789459870327059468,2984.6,0.0,2.41,0.00,3
1789459871357925301,2411.5,0.3,1.83,2.00,6
1789459872386496256,2584.7,0.0,1.72,0.00,3
1789459873416341822,2671.9,0.0,1.72,0.00,6
1789459874445504051,2367.1,0.0,1.72,0.00,10
1789459875475739476,2864.6,0.1,1.72,2.08,6
1789459876507187157,2322.1,0.1,1.86,1.80,8
1789459877538363947,2798.2,0.0,2.26,0.00,4
1789459878569593874,2924.0,0.0,2.89,0.00,6
1789459879600312746,2807.1,0.0,2.90,0.00,7
1789459880628420728,2812.4,0.2,2.83,4.25,11
1789459881656883860,2854.3,0.0,2.48,0.00,6
1789459882688387758,2695.9,0.0,4.33,0.00,5
1789459883718879439,2545.3,0.0,1.74,0.00,10
1789459884747762993,2734.4,0.0,1.67,0.00,6
1789459885778717587,2379.4,0.2,1.83,2.67,6
1789459886807207109,2560.7,0.0,1.71,0.00,7
1789459887837778634,2440.0,0.0,1.99,0.00,9
1789459888866559640,2500.9,0.0,1.82,0.00,3
1789459889897740018,2633.4,0.0,1.82,0.00,5
1789459890928171907,2514.2,0.5,2.98,0.32,26
1789459891956833780,2973.3,0.0,2.49,0.00,4
1789459892987647633,2863.9,0.0,3.14,0.00,6
1789459894018447647,2750.0,0.0,3.28,0.00,8
1789459895046440546,2800.5,0.0,2.82,0.00,33
1789459896074945122,2965.4,0.2,2.51,1.84,4
1789459897105974189,2709.1,0.0,1.75,0.00,5
1789459898135584668,2349.3,0.0,1.74,0.00,10
1789459899164956497,2896.5,0.0,1.69,0.00,4
1789459900195685871,2372.8,0.0,1.84,0.00,7
1789459901224430941,2630.6,0.1,1.70,7.50,3
1789459902255881378,2590.1,0.1,1.78,0.13,6
1789459903285361340,2403.7,0.0,1.75,0.00,1
1789459904316779675,2932.7,0.0,3.24,0.00,4
1789459905347647661,2752.4,0.0,3.19,0.00,6
1789459906375606817,2819.4,0.1,2.85,7.50,10
1789459907404280371,2847.1,0.2,2.43,2.05,2
1789459908435845964,2887.7,0.0,3.01,0.00,5
1789459909466558696,2630.1,0.0,4.01,0.00,9
1789459910494968828,2548.8,0.0,1.70,0.00,3
1789459911525757813,2600.2,0.0,1.75,0.00,6
1789459912554913440,2315.8,0.2,1.86,1.85,4
1789459913586288647,2715.2,0.0,1.69,0.00,6
1789459914615285083,2267.4,0.0,1.87,0.00,0
1789459915646616607,2767.1,0.0,1.80,0.00,7
1789459916677724774,2273.0,0.0,2.49,0.00,24
1789459917706928861,2944.2,0.2,2.45,1.64,4
1789459918739204436,2889.9,0.0,2.93,0.00,5
1789459919769561459,2754.1,0.0,3.16,0.00,7
1789459920797889592,2769.0,0.0,3.02,0.00,33
1789459921826814214,2964.0,0.0,2.51,0.00,4
1789459922858504048,2946.0,0.3,2.26,1.78,6
1789459923889470440,2342.7,0.0,1.84,0.00,9
1789459924918076798,2738.7,0.0,1.68,0.00,4
1789459925948852433,2525.9,0.0,1.78,0.00,8
1789459926977190268,2486.9,0.0,1.72,0.00,3
1789459928008024108,2721.3,0.3,1.74,1.36,5
1789459929036767336,2316.5,0.0,1.79,0.00,11
1789459930068353731,2926.8,0.0,2.28,0.00,5
1789459931098902490,2763.3,0.0,3.16,0.00,4
1789459932127325594,2770.8,0.0,3.02,0.00,8
1789459933156197998,2843.7,0.2,2.31,1.53,1
1789459934187593994,3067.7,0.0,2.73,0.00,4
1789459935219089752,2501.5,0.0,4.70,0.00,8
1789459936250545521,2562.9,0.0,1.65,0.00,12
1789459937280161394,2835.6,0.0,1.71,0.00,7
1789459938311034616,2203.8,0.2,1.88,0.94,12
1789459939339634060,2787.4,0.0,1.68,0.00,4
1789459940370729218,2349.1,0.0,1.83,0.00,9
1789459941399322638,2587.2,0.0,1.89,0.00,4
1789459942430144300,2410.6,0.0,1.85,0.00,7
1789459943461740346,2624.5,0.2,2.49,1.78,1
1789459944493008491,1693.6,0.0,3.88,0.00,0
1789459945521233252,1628.7,0.0,3.80,0.00,0
1789459946548941347,1628.6,0.0,3.87,0.00,0
1789459947577229812,1784.2,0.1,5.24,7.00,25
1789459948606464395,2047.0,0.0,3.11,0.00,6
1789459949637530037,1996.5,0.3,3.35,1.03,7
1789459950667284933,2023.7,0.0,3.14,0.00,6
1789459951696126736,1812.5,0.0,3.56,0.00,3
1789459952727173717,1715.7,0.1,1.67,7.00,12
1789459953755529516,1780.5,0.0,1.92,0.00,12
1789459954783588019,1796.2,0.3,1.83,0.78,9
1789459955811531256,1807.1,0.0,1.77,0.00,7
1789459956841563053,1808.6,0.0,1.76,0.00,8
1789459957872669808,1800.0,0.1,1.76,9.50,6
1789459958902097990,1805.5,0.0,1.76,0.00,5
1789459959928073188,1778.3,0.1,1.79,0.20,6
1789459960955327396,2042.9,0.0,1.50,0.00,1
1789459961983935187,1766.5,0.0,2.41,0.00,65
1789459963015734322,1909.5,0.1,4.19,6.50,7
1789459964045703640,2043.2,0.0,3.09,0.00,7
1789459965075998115,2010.3,0.2,3.15,0.84,5
1789459966103258333,1914.5,0.0,3.39,0.00,5
1789459967130356536,1770.5,0.0,3.59,0.00,0
1789459968158862102,1629.7,0.1,3.02,2.00,0
1789459969185638034,1630.0,0.0,3.36,0.00,0
1789459970212518423,1630.7,0.2,3.81,1.93,185
1789459971238925105,2913.9,0.0,4.31,0.00,6
1789459972266432456,1699.9,0.0,1.81,0.00,4
1789459973293601248,1672.3,0.1,1.83,8.50,4
1789459974321075057,1668.0,0.0,1.84,0.00,4
1789459975348795985,1672.5,0.1,1.84,1.00,4
1789459976376298162,1671.5,0.0,1.81,0.00,3
1789459977406072278,1684.7,0.1,1.78,8.00,0
1789459978436343529,1670.8,0.0,1.89,0.00,0
1789459979466538595,1626.2,0.0,1.87,0.00,0
1789459980494897686,1628.8,0.1,1.80,0.08,0
1789459981522798665,1983.1,0.0,2.89,0.00,7
1789459982553085227,2162.6,0.1,2.76,7.50,7
1789459983581290155,2176.3,0.0,2.68,1.33,3
1789459984608591325,1817.2,0.0,3.03,0.00,0
1789459985635594018,1630.1,0.2,3.45,0.11,0
1789459986662476499,1777.4,0.0,4.11,0.00,32
1789459987690321096,2175.4,0.0,3.05,0.00,7
1789459988719880810,2203.9,0.1,2.66,2.00,6
1789459989747319341,1942.6,0.0,2.93,0.00,1
1789459990776892682,1928.7,0.2,1.80,0.39,10
1789459991804905161,1987.0,0.0,1.71,0.00,7
1789459992834920471,1974.4,0.0,1.70,0.00,6
1789459993862846368,1982.1,0.1,1.67,1.50,4
1789459994890204165,1751.0,0.0,1.82,0.00,4
1789459995918453957,1751.9,0.1,1.78,1.68,1
1789459996948342369,1684.9,0.0,1.71,0.00,0
1789459997975878381,1629.7,0.0,1.77,0.00,0
1789459999003114138,1630.8,0.1,1.79,6.00,0
1789460000029543379,2870.1,0.0,2.26,0.00,5
1789460001057354490,1979.3,0.1,2.66,0.93,1
1789460002085373919,1666.8,0.0,2.99,0.00,0
1789460003112520366,1659.6,0.0,3.76,0.00,58
1789460004140133717,2200.5,0.1,3.37,7.00,7
1789460005170040723,2152.3,0.0,2.80,0.00,7
1789460006197551915,1981.6,0.1,3.32,1.06,4
1789460007225532527,1772.0,0.0,3.34,0.00,0
1789460008255964695,2135.5,0.0,4.37,0.00,8
1789460009286576909,1903.5,0.1,1.75,6.00,5
1789460010316290187,1959.7,0.0,1.66,0.00,5
1789460011343319674,1840.0,0.0,1.77,0.00,4
1789460012370519908,1725.5,0.1,1.84,1.00,5
1789460013398639283,1732.0,0.0,1.79,0.00,2
1789460014427938873,1721.4,0.1,1.69,2.00,0
1789460015455902406,1629.3,0.0,1.99,0.00,0
1789460016482167886,1631.7,0.0,1.80,0.00,0
1789460017509494268,1691.9,0.2,1.79,0.34,12
1789460018534721894,2890.2,0.1,2.26,6.00,5
1789460019561901915,2740.3,0.0,3.22,0.00,7
1789460020588732102,2790.9,0.0,3.17,0.00,8
1789460021616093753,2835.6,0.0,2.62,0.00,3
1789460022643059394,2971.0,0.2,3.04,0.12,6
1789460023669837935,2704.8,0.1,3.51,23.00,7
1789460024696962570,2626.6,0.0,1.67,0.00,10
1789460025723914391,2886.2,0.0,1.70,0.00,3
1789460026750587036,2362.2,0.0,1.86,0.00,7
1789460027777247688,2658.7,0.1,1.70,1.29,4
1789460028803754779,2611.3,0.1,1.76,8.00,6
1789460029830084996,2660.4,0.0,1.66,0.00,12
1789460030856801075,2796.2,0.0,1.69,0.00,4
1789460031883954616,2650.7,0.0,3.37,0.00,8
1789460032910951355,2651.1,0.1,3.57,1.13,40
1789460033938125021,2967.5,0.1,2.68,27.50,5
1789460034964983817,2845.0,0.0,3.14,0.00,4
1789460035992033724,2717.1,0.0,3.10,0.00,17
1789460037019055759,2659.0,0.1,4.09,0.24,1
1789460038045918394,2771.3,0.0,1.72,0.00,6
1789460039072831214,2296.3,0.1,1.78,7.50,12
1789460040099826766,2809.6,0.0,1.71,0.00,6
1789460041126989432,2302.6,0.0,1.84,0.00,7
1789460042154089797,2689.7,0.3,1.86,0.73,4
1789460043181089537,2349.1,0.0,1.95,0.00,11
1789460044208110049,2687.9,0.1,1.70,11.00,3
1789460045234977801,2889.8,0.0,3.13,0.00,5
1789460046261754227,2768.1,0.0,3.22,0.00,8
1789460047288908689,2794.5,0.2,3.07,7.90,10
1789460048316031771,2947.9,0.0,2.43,0.00,4
1789460049342527738,2880.6,0.1,3.21,8.50,6
1789460050370016677,2841.7,0.0,2.28,0.00,8
1789460051397053598,2451.2,0.0,1.76,0.00,2
1789460052424240801,2797.2,0.3,1.70,0.81,6
1789460053451223193,2370.3,0.0,1.80,0.00,11
1789460054478425784,2806.0,0.1,1.68,7.50,4
1789460055505769372,2442.1,0.0,1.84,0.00,8
1789460056532834308,2555.6,0.0,1.75,0.00,2
1789460057560049055,2616.8,0.3,2.60,1.48,7
1789460058586722032,2805.1,0.1,3.00,22.50,7
1789460059614206589,2868.2,0.0,2.23,0.00,1
1789460060641272547,3019.0,0.0,3.00,0.00,7
1789460061668182548,2755.8,0.0,3.06,0.00,6
1789460062695070095,2493.6,0.2,4.01,0.08,42
1789460063721387705,2926.8,0.1,2.30,7.00,4
1789460064748102476,2475.4,0.0,1.78,0.00,6
1789460065775014469,2462.2,0.0,1.80,0.00,4
1789460066802196762,2563.4,0.0,1.76,0.00,6
1789460067828404780,2422.5,0.2,1.72,1.48,2
1789460068854719068,2636.0,0.1,1.94,6.50,5
1789460069880985087,2324.4,0.0,1.83,0.00,0
1789460070907685222,2780.8,0.0,2.67,0.00,5
1789460071934368360,2742.6,0.0,3.16,0.00,7
1789460072960730572,2779.9,0.2,2.86,0.19,57
1789460073987472049,2974.7,0.1,2.79,2.00,3
1789460075014663587,2818.9,0.0,3.14,0.00,6
1789460076041927702,2759.9,0.0,3.24,0.00,8
1789460077069345883,2688.0,0.0,1.67,0.00,1
1789460078096602189,2826.0,0.2,1.72,1.39,6
1789460079123557097,2342.2,0.1,1.85,6.50,12
1789460080150751912,2778.6,0.0,1.68,0.00,4
1789460081177197755,2498.8,0.0,1.80,0.00,8
1789460082204419417,2511.2,0.0,1.75,0.00,3
1789460083231667649,2684.3,0.0,1.74,0.00,6
1789460084258620719,2911.2,0.2,2.81,1.00,8
1789460085285518483,2796.8,0.0,2.80,0.00,55
1789460086312539017,3015.0,0.0,2.42,0.00,4
1789460087339418813,2936.5,0.0,2.89,0.00,5
1789460088366649558,2621.2,0.0,3.42,0.00,9
1789460089393827425,2667.5,0.2,3.76,1.33,1
1789460090420606918,2783.8,0.0,1.72,0.00,7
1789460091447994259,2313.1,0.0,1.80,0.00,11
1789460092475985284,2747.6,0.0,1.73,0.00,6
1789460093503379660,2294.3,0.0,1.86,7.50,8
1789460094530892848,2701.9,0.2,1.81,1.71,5
1789460095558599404,2387.9,0.0,1.88,0.00,9
1789460096586497366,2570.3,0.0,1.76,0.00,5
1789460097612796368,2808.2,0.0,3.14,0.00,6
1789460098640504997,2742.2,0.1,3.39,29.00,7
1789460099667397284,2791.4,0.1,2.51,1.17,75
1789460100693961942,3040.5,0.0,3.15,0.00,3
1789460101721322822,2674.9,0.0,3.60,0.00,7
1789460102748668656,2826.4,0.0,2.44,0.00,8
1789460103774881319,2755.5,0.1,1.64,6.50,2
1789460104801968741,2761.9,0.3,1.72,1.21,6
1789460105829092665,2366.0,0.0,1.80,0.00,11
1789460106855265299,2842.5,0.0,1.69,0.00,4
1789460107882495352,2412.1,0.0,1.85,0.00,7
1789460108909407183,2582.5,0.1,1.74,7.00,4
1789460109935241591,2661.5,0.2,2.43,4.07,7
1789460110961666960,2753.1,0.0,3.19,0.00,10
1789460111987882162,2881.9,0.0,2.26,0.00,1
1789460113014160092,3069.8,0.0,2.77,0.00,5
1789460114040651437,2783.6,0.1,2.92,5.50,6
1789460115067560401,2563.7,0.0,4.73,0.00,8
1789460116094183479,2867.2,0.1,1.64,1.27,3
1789460117121736043,2621.9,0.0,1.72,0.00,7
1789460118148409403,2355.2,0.0,1.78,0.00,0
1789460119174855133,2754.1,0.1,1.72,6.50,5
1789460120201663968,2302.3,0.0,1.77,0.00,13
1789460121228900781,2734.7,0.2,1.92,1.95,9
1789460122256125854,2260.0,0.0,1.85,0.00,12
1789460123283219093,2882.6,0.0,2.28,0.00,4
1789460124310427087,2635.0,0.1,3.66,17.50,8
1789460125337686514,2848.8,0.2,2.94,1.10,7
1789460126364704202,2845.3,0.0,2.25,0.00,0
1789460127391392796,3074.7,0.0,2.90,0.00,3
1789460128417963788,2802.4,0.0,3.02,0.00,6
1789460129444181398,2594.2,0.1,1.77,8.00,7
1789460130471556946,2716.2,0.1,1.67,1.11,3
1789460131501519819,2535.0,0.0,1.79,0.00,8
1789460132528870880,2478.8,0.0,1.74,0.00,2
1789460133556511849,2787.5,0.1,1.70,6.50,6
1789460134583507318,2344.1,0.0,1.82,0.00,12
1789460135611381293,2811.5,0.2,1.69,0.95,5
1789460136641788770,2627.7,0.0,3.23,0.00,7
1789460137669236037,2808.2,0.0,3.02,0.00,10
1789460138696920327,2906.2,0.1,2.26,7.00,4
1789460139724507699,2934.9,0.0,3.09,0.00,7
1789460140754919246,2704.4,0.1,3.09,1.31,9
1789460141782331591,2600.9,0.0,4.36,0.00,14
1789460142809186836,2829.1,0.0,1.73,0.00,7
1789460143835042722,2302.4,0.1,1.84,7.00,8
1789460144863059333,2698.6,0.0,1.72,0.00,4
1789460145893752401,2337.2,0.1,1.82,1.44,7
1789460146921544350,2739.1,0.0,1.68,0.00,4
1789460147948310947,2702.5,0.0,1.74,0.00,7
1789460148975238315,2288.7,0.1,1.87,8.00,1
1789460150004963631,3022.5,0.0,3.02,0.00,6
1789460151031744506,2803.0,0.1,3.11,1.17,6
1789460152059086784,2712.4,0.0,3.37,0.00,7
1789460153086646923,2875.0,0.0,2.22,0.00,0
1789460154113972615,3069.4,0.1,2.77,6.00,4
1789460155142404927,2893.4,0.0,2.31,0.00,5
1789460156170304318,2335.8,0.1,1.83,0.56,10
1789460157197340262,2827.7,0.0,1.69,0.00,4
1789460158225125194,2451.2,0.0,1.82,0.00,5
1789460159253087617,2568.0,0.1,1.72,6.50,3
1789460160280447336,2676.7,0.0,1.75,0.00,5
1789460161308218852,2353.0,0.0,1.77,0.00,0
1789460162335574541,3112.7,0.4,2.14,1.01,4
1789460163362578098,2911.2,0.0,2.94,0.00,5
1789460164390143059,2711.4,0.1,3.45,7.50,8
1789460165417422742,2800.1,0.0,2.70,0.00,41
1789460166445107629,2955.1,0.0,2.79,0.00,4
1789460167472479970,2548.1,0.4,4.65,0.11,10
1789460168502748103,2554.7,0.1,1.68,1.00,11
1789460169529593099,2863.1,0.0,1.70,0.00,7
1789460170556356336,2209.8,0.0,1.92,0.00,11
1789460171582835663,2762.3,0.0,1.66,0.00,4
1789460172611137150,2406.6,0.2,1.79,1.35,7
1789460173638261340,2548.9,0.1,1.90,7.50,7
1789460174664890761,2507.6,0.0,1.85,0.00,6
1789460175691645652,2605.5,0.0,2.31,0.00,68
1789460176719360632,2957.4,0.0,3.28,0.00,5
1789460177749648213,2704.7,0.2,3.53,1.20,8
1789460178776069110,2745.4,0.1,3.23,7.50,10
1789460179802963811,2917.2,0.0,2.23,0.00,1
1789460180830426793,2944.7,0.0,3.30,0.00,6
1789460181860513746,2612.0,0.0,1.77,0.00,8
1789460182887586058,2685.7,0.1,1.60,0.75,11
1789460183914528629,2898.9,0.1,1.69,2.50,4
1789460184941780676,2378.2,0.0,1.85,0.00,7
1789460185969004397,2640.4,0.0,1.70,0.00,4
1789460186998180270,2607.2,0.0,1.78,0.00,6
1789460188025166664,2402.4,0.1,1.77,0.79,1
1789460189052065990,3092.0,0.1,2.69,10.00,6
1789460190079267112,2789.1,0.0,3.17,0.00,6
1789460191107361211,2785.7,0.0,3.03,0.00,8
1789460192134253619,2776.1,0.0,2.58,0.00,0
1789460193161364991,2935.0,0.3,3.02,1.16,7
1789460194188491514,2639.0,0.1,4.17,8.00,8
1789460195215621826,2464.2,0.0,1.75,0.00,3
1789460196243110100,2889.9,0.0,1.64,0.00,6
1789460197269614748,2298.9,0.0,1.83,0.00,14
1789460198296864513,2804.9,0.2,1.68,1.00,5
1789460199323990426,2282.6,0.1,2.04,2.50,10
1789460200351335969,2653.5,0.0,1.81,0.00,4
1789460201377556317,2465.4,0.0,2.57,0.00,6
1789460202404731746,1038.4,0.0,1.49,0.00,0
1789460203431683675,1630.1,0.2,3.99,5.14,0
1789460204458648047,0.0,0.1,0.00,1.50,0
1789460205485547928,1630.1,0.0,3.85,0.00,0
1789460206512315917,0.0,0.0,0.00,0.00,0
1789460207538915059,1630.4,0.0,3.74,0.00,0
1789460208565935655,0.0,0.2,0.00,6.14,0
1789460209592783083,1630.3,0.0,3.82,0.00,0
1789460210619314580,0.0,0.0,0.00,0.00,0
1789460211646360068,1629.9,0.0,3.81,0.00,0
1789460212673370944,0.0,0.0,0.00,0.00,0
1789460213700218687,1630.3,0.2,3.68,1.30,0
1789460214727041935,0.0,0.0,0.00,0.00,0
1789460215754109565,1629.7,0.0,3.62,0.00,0
1789460216780514194,57.0,0.0,22.04,0.00,54
1789460217807022772,1573.9,0.0,2.68,0.00,0
1789460218833468676,197.8,0.2,13.14,8.65,8
1789460219860064609,1923.5,0.0,1.72,0.00,6
1789460220886967870,1139.5,0.0,1.61,0.00,0
1789460221913747003,605.1,0.0,2.11,0.00,6
1789460222944079870,1022.3,0.0,1.60,0.00,0
1789460223970876173,817.6,0.4,1.78,2.79,5
1789460224997868439,812.7,0.0,1.64,0.00,0
1789460226024727792,907.6,0.0,1.88,0.00,4
1789460227051957867,722.6,0.0,1.68,0.00,0
1789460228078564624,1045.7,0.0,1.76,0.00,7
1789460229104616124,585.3,0.3,1.21,0.16,0
1789460230130333728,1166.5,0.0,1.77,0.00,6
1789460231157309866,464.5,0.0,1.91,0.00,0
1789460232184611427,1323.1,0.0,1.70,0.00,4
1789460233211384554,306.7,0.0,2.28,0.00,0
1789460234238408308,1363.3,0.2,1.68,1.65,4
1789460235264880850,267.1,0.0,2.05,0.00,0
1789460236291139586,1369.3,0.0,1.77,0.00,4
1789460237318855963,259.9,0.0,2.09,0.00,0
1789460238345871525,1389.5,0.0,1.79,0.00,4
1789460239372827865,240.6,0.2,2.02,1.17,0
1789460240400185929,1427.5,0.0,1.78,0.00,4
1789460241430428065,1826.5,0.0,2.80,0.00,0
1789460242457478928,0.0,0.0,0.00,0.00,0
1789460243482956390,1631.1,0.0,3.45,0.00,0
1789460244510075826,0.0,0.3,0.00,4.25,0
1789460245531245026,1631.2,0.0,3.72,0.00,0
1789460246558554871,0.0,0.0,0.00,0.00,0
1789460247585866697,1629.4,0.1,3.68,4.00,0
1789460248612931395,0.0,0.0,7.50,0.00,0
1789460249639750523,1628.9,0.1,3.68,0.30,0
1789460250667373386,0.0,0.0,0.00,0.00,0
1789460251694397832,1630.0,0.0,3.42,0.00,0
1789460252721431853,0.0,0.1,0.00,8.50,0
1789460253748651341,1629.7,0.0,3.42,0.00,0
1789460254775660717,0.0,0.1,0.00,8.62,0
1789460255802217127,1629.8,0.1,3.48,1.00,0
1789460256829171078,0.0,0.0,0.00,0.00,0
1789460257856174911,1629.9,0.0,3.67,0.00,0
1789460258882949648,0.0,0.0,0.00,0.00,0
1789460259910249698,1629.7,0.0,6.13,0.00,0
1789460260937348760,1630.6,0.4,1.76,0.22,0
1789460261964006280,0.0,0.0,0.00,0.00,0
1789460262990512040,1631.0,0.0,1.60,0.00,0
1789460264017242977,0.0,0.0,0.00,0.00,0
1789460265043842919,1629.9,0.0,1.80,0.00,0
1789460266071018420,0.0,0.3,14.00,8.03,0
1789460267098406367,1629.4,0.0,1.76,0.00,0
1789460268126070266,0.1,0.2,7.50,2.00,0
1789460269153872607,1629.2,0.0,1.55,0.00,0
1789460270180523325,0.0,0.0,0.00,0.00,12
1789460271208185939,1628.8,0.3,1.78,1.29,0
1789460272236042258,79.3,0.0,3.57,0.00,11
1789460273263513627,1550.5,0.1,1.68,1.50,0
1789460274290722395,158.7,0.0,2.83,0.00,9
1789460275318199254,1470.8,0.0,1.89,0.00,0
1789460276345479571,254.0,0.4,2.58,1.70,10
1789460277372962100,1376.3,0.0,1.68,0.00,0
1789460278399352115,367.5,0.1,2.12,8.50,8
1789460279427360203,1261.9,0.0,1.78,0.00,0
1789460280454702129,426.0,0.0,2.19,0.00,9
1789460281483824058,1870.3,0.3,3.13,0.18,8
1789460282513963127,956.3,0.0,1.46,0.00,0
1789460283541622652,1388.5,0.1,4.38,32.00,5
1789460284571975567,237.3,0.0,1.78,0.00,0
1789460285599183165,1629.5,0.0,3.61,0.00,0
1789460286627170312,964.9,0.2,5.31,0.95,5
1789460287657358469,661.6,0.0,1.44,0.00,0
1789460288684516473,1629.9,0.0,3.87,8.00,0
1789460289712524044,530.4,0.0,7.92,0.00,9
1789460290742263278,1097.1,0.0,1.46,0.00,0
1789460291770001087,1626.9,0.1,3.57,0.08,0
1789460292798728658,122.1,0.0,19.63,0.00,51
1789460293825650066,1508.9,0.1,2.08,7.00,0
1789460294852982808,1497.7,0.0,3.46,0.00,4
1789460295883006885,128.4,0.0,1.41,0.00,0
1789460296910974039,2288.3,0.1,3.08,1.13,7
1789460297941275804,963.7,0.0,1.60,0.00,0
1789460298969705891,1625.1,0.1,1.75,8.00,0
1789460299999688158,194.5,0.0,2.67,0.00,11
1789460301027567896,1434.2,0.0,1.63,0.00,0
1789460302055210775,1433.7,0.1,1.81,0.80,4
1789460303085379639,193.4,0.0,1.64,0.00,0
1789460304112549510,1630.1,0.1,1.81,8.50,0
1789460305140162665,1212.1,0.0,1.71,0.00,6
1789460306170397663,414.2,0.0,1.98,0.00,0
1789460307197936291,1628.9,0.1,1.78,0.08,0
1789460308226398366,738.7,0.1,1.95,1.00,8
1789460309257149088,887.9,0.0,1.64,18.00,0
1789460310284771226,1625.7,0.0,1.82,0.00,0
1789460311314639355,286.9,0.0,2.50,0.00,8
1789460312342392679,1341.7,0.1,1.66,7.00,0
1789460313370847242,1459.4,0.1,1.83,7.00,3
1789460314401463160,1793.3,0.0,2.80,0.00,0
1789460315429237588,743.7,0.0,6.02,0.00,7
1789460316460292196,883.1,0.0,1.43,0.00,0
1789460317486630723,1628.8,0.1,3.74,1.18,0
1789460318514898688,270.4,0.1,11.84,8.50,9
1789460319543115029,1358.5,0.0,1.50,0.00,0
1789460320570844108,1573.3,0.0,3.44,0.00,1
1789460321601465802,52.0,0.0,0.39,0.00,0
1789460322628658504,1629.8,0.2,3.28,0.37,0
1789460323656551120,1341.1,0.1,3.58,20.50,6
1789460324686864652,284.7,0.0,1.71,0.00,0
1789460325714769454,1628.9,0.0,3.49,0.00,0
1789460326743188898,726.3,0.0,6.16,0.00,7
1789460327772808939,900.8,0.1,1.53,9.33,0
1789460328800601346,1627.8,0.1,6.57,8.50,0
1789460329828250805,1629.6,0.0,1.73,0.00,0
1789460330856505392,1340.9,0.0,1.72,0.00,5
1789460331886941547,284.8,0.0,2.11,0.00,0
1789460332914617854,1628.9,0.2,1.74,0.12,0
1789460333942979811,898.5,0.1,1.86,8.00,5
1789460334973508218,727.6,0.0,1.74,0.00,0
1789460336001225753,1627.7,0.0,1.80,0.00,0
1789460337029982880,499.4,0.0,2.09,0.00,7
1789460338059483801,1127.8,0.0,1.29,0.00,0
1789460339087695160,1626.8,0.2,1.58,10.95,0
1789460340117158180,35.0,0.0,5.15,0.00,12
1789460341144301318,1594.9,0.0,1.93,0.00,0
1789460342171300956,1358.8,0.0,1.91,0.00,5
1789460343202107378,267.3,0.0,2.09,0.00,0
1789460344229162843,1629.6,0.2,1.86,1.92,0
1789460345257304477,1064.0,0.0,1.74,0.00,6
1789460346285059467,2194.7,0.0,2.48,0.00,0
1789460347313292384,2013.3,0.0,4.87,0.00,8
1789460348341379748,2822.1,0.0,2.18,0.00,2
1789460349372581450,2903.4,0.2,2.89,1.82,5
1789460350403141892,2843.7,0.0,2.87,0.00,7
1789460351431900161,2798.5,0.0,3.06,0.00,7
1789460352462254983,2767.1,0.0,1.67,0.00,3
1789460353492387890,2732.2,0.1,1.70,1.00,7
1789460354521302517,2335.4,0.1,1.77,2.38,12
1789460355549361720,2880.8,0.0,1.68,0.00,4
1789460356578966836,2387.2,0.0,1.84,0.00,6
1789460357607216936,2613.9,0.0,1.72,0.00,4
1789460358638817321,2569.1,0.1,1.78,7.50,6
1789460359669919522,2492.5,0.1,2.83,1.00,83
1789460360700011096,2993.4,0.0,3.27,0.00,6
1789460361730381869,2779.6,0.0,3.12,0.00,5
1789460362758926590,2714.7,0.0,3.27,0.00,10
1789460363787831969,2819.8,0.1,2.39,6.50,1
1789460364818925413,2730.3,0.1,4.43,1.38,7
1789460365849508603,2541.4,0.0,1.75,0.00,9
1789460366877991282,2680.4,0.0,1.68,0.00,4
1789460367908319059,2348.3,0.0,1.87,0.00,7
1789460368937099346,2569.6,0.1,1.72,8.50,4
1789460369968335912,2455.5,0.1,1.95,0.86,7
1789460370996779248,2483.7,0.0,1.81,0.00,3
1789460372027536435,2632.5,0.0,1.82,0.00,6
1789460373058080490,2528.5,0.0,3.08,0.00,24
1789460374086774414,2970.2,0.1,2.39,9.50,3
1789460375117857248,2893.4,0.2,3.09,1.10,6
1789460376148586669,2575.2,0.0,3.91,0.00,6
1789460377177254872,2836.2,0.0,2.35,0.00,29
1789460378206145339,3051.1,0.0,2.63,0.00,4
1789460379237289747,2680.4,0.1,1.77,8.00,5
1789460380266124864,2356.5,0.1,1.73,0.77,11
1789460381296366671,2894.7,0.0,1.70,0.00,6
1789460382326961496,2366.7,0.0,1.84,0.00,8
1789460383355083418,2662.5,0.0,1.69,0.00,4
1789460384385738284,2541.4,0.1,1.79,3.00,7
1789460385414028856,2436.3,0.1,1.76,1.54,2
1789460386445315811,3056.2,0.0,2.69,0.00,4
1789460387475915376,2827.3,0.0,2.87,0.00,6
1789460388504705271,2720.3,0.1,3.32,7.00,7
1789460389533214392,2825.2,0.0,2.31,0.00,0
1789460390564428759,2866.5,0.3,3.28,1.23,7
1789460391594610363,2699.9,0.0,3.47,0.00,9
1789460392623100166,2469.6,0.0,1.74,0.00,3
1789460393653669815,2617.8,0.1,1.74,7.00,6
1789460394682364934,2328.3,0.0,1.78,0.00,0
1789460395713287983,2782.5,0.3,1.68,1.61,8
1789460396743396174,2226.3,0.0,1.99,0.00,16
1789460397771382422,2769.7,0.0,1.77,0.00,6
1789460398801820028,2279.7,0.1,2.89,8.00,9
1789460399830358075,2894.6,0.0,2.56,0.00,3
1789460400861728004,2903.7,0.1,3.03,11.33,5
1789460401891982273,2733.1,0.0,3.38,0.00,7
1789460402920370048,2764.3,0.0,3.15,0.00,25
1789460403948800301,2979.4,0.1,2.30,13.50,4
1789460404979528048,2929.5,0.0,2.40,0.00,7
1789460406010523686,2345.4,0.1,1.85,1.06,9
1789460407039239357,2736.0,0.0,1.68,0.00,4
1789460408069682299,2519.3,0.0,1.79,0.00,6
1789460409097408481,2488.4,0.0,1.73,2.00,3
1789460410127467813,2757.1,0.0,1.71,0.00,6
1789460411156272327,2326.8,0.1,1.77,0.64,11
1789460412187079135,2872.4,0.0,2.49,0.00,5
1789460413217848188,2746.5,0.0,3.30,0.00,7
1789460414246942373,2769.2,0.1,3.12,2.00,9
1789460415275636792,2872.0,0.0,2.18,0.00,1
1789460416306763169,2983.9,0.0,2.98,0.00,7
1789460417337543971,2453.8,0.1,5.08,1.50,6
1789460418367686947,2639.8,0.0,1.66,0.00,1
1789460419397915209,2772.9,0.1,1.70,8.50,5
1789460420427556982,2165.2,0.0,1.86,0.00,0
1789460421456996836,2825.7,0.0,1.72,0.00,6
1789460422486743754,2321.1,0.1,1.81,1.53,10
1789460423514820617,2702.9,0.1,1.89,8.50,4
1789460424544622871,2290.5,0.0,1.93,0.00,10
1789460425574406040,2751.6,0.0,2.26,0.00,3
1789460426604832550,2873.3,0.0,3.01,0.00,6
1789460427634258304,2736.3,0.1,3.28,1.62,8
1789460428661500466,2795.4,0.1,2.86,10.00,30
1789460429689287940,2987.6,0.0,2.32,0.00,4
1789460430719127799,2899.1,0.0,3.17,0.00,5
1789460431747797837,2607.2,0.0,1.77,0.00,7
1789460432775340178,2590.1,0.1,1.70,1.13,3
1789460433804798436,2643.4,0.1,1.74,3.00,5
1789460434832975022,2394.2,0.0,1.71,0.00,0
1789460435863124225,2881.4,0.0,1.69,0.00,6
1789460436893232942,2338.9,0.0,1.86,0.00,8
1789460437921268920,2684.6,0.1,1.70,0.21,4
1789460438951312542,2706.6,0.1,3.16,7.00,6
1789460439978674542,2815.9,0.0,2.95,0.00,6
1789460441006530399,2832.6,0.0,2.33,0.00,0
1789460442036664222,3029.6,0.0,2.88,0.00,6
1789460443066541017,2689.5,0.1,3.11,0.93,7
1789460444094285897,2630.6,0.1,3.73,15.00,11
1789460445122009932,2764.8,0.0,1.67,0.00,4
1789460446152175266,2344.0,0.0,1.84,0.00,9
1789460447179821110,2606.0,0.0,1.72,0.00,5
1789460448209492233,2494.7,0.1,1.77,1.67,8
1789460449237269774,2451.9,0.0,1.92,9.00,5
1789460450266735153,2547.0,0.0,1.84,0.00,7
1789460451294577879,2396.8,0.0,1.74,0.00,2
1789460452325175939,2910.6,0.0,3.15,0.00,5
1789460453354078410,2763.9,0.1,3.13,1.29,7
1789460454381151242,2680.6,0.1,3.27,6.00,42
1789460455408855071,2956.4,0.0,2.83,0.00,4
1789460456438776073,2839.2,0.0,2.97,0.00,6
1789460457468219985,2802.5,0.0,2.43,0.00,7
1789460458495739011,2529.9,0.2,1.74,1.56,4
1789460459525416470,2699.1,0.0,1.72,15.00,5
1789460460554104560,2361.6,0.0,1.74,0.00,11
1789460461582243949,2899.6,0.0,1.68,0.00,4
1789460462612624046,2348.9,0.0,1.87,0.00,9
1789460463640289803,2634.4,0.2,1.74,1.70,4
1789460464669912356,2592.4,0.0,2.39,0.00,7
1789460465697547439,2743.3,0.0,3.18,0.00,9
1789460466725542296,2895.9,0.0,2.39,0.00,4
1789460467756285529,2912.5,0.0,3.00,0.00,7
1789460468785885680,2647.4,0.2,3.64,11.33,7
1789460469812997231,2640.7,0.0,2.76,0.00,1
1789460470842887029,2872.9,0.0,3.57,0.00,5
1789460471872599669,2322.2,0.0,1.81,0.00,9
1789460472900294431,2690.3,0.0,1.71,0.00,6
1789460473929809168,2320.9,0.2,1.86,1.15,6
1789460474957347533,2641.5,0.0,1.67,0.00,4
1789460475986875253,2412.7,0.0,2.02,0.00,11
1789460477014554351,2491.7,0.0,1.80,0.00,4
1789460478044446917,2510.2,0.0,2.63,0.00,8
1789460479072382501,2673.0,0.3,3.11,1.54,70
1789460480100150253,2984.1,0.0,2.73,0.00,4
1789460481130711614,2784.3,0.0,3.30,0.00,6
1789460482160925008,2782.7,0.0,3.18,0.00,7
1789460483189278594,2732.3,0.0,2.57,0.00,82
1789460484220189903,2969.7,0.4,2.50,1.43,3
1789460485249745310,2429.8,0.0,1.82,0.00,7
1789460486277551420,2567.6,0.0,1.72,0.00,3
1789460487307053151,2685.1,0.0,1.72,0.00,4
1789460488335103626,2370.3,0.0,1.72,0.00,11
1789460489364185287,2861.0,0.2,1.72,1.94,4
1789460490394445918,2317.1,0.0,1.86,0.00,6
1789460491424423282,2781.8,0.0,2.43,0.00,3
1789460492454109268,2839.4,0.0,3.10,0.00,6
1789460493483156205,2802.0,0.0,2.95,0.00,6
1789460494509910878,2672.5,0.2,2.75,0.89,64
1789460495537391307,3057.5,0.0,3.02,0.00,3
1789460496567021169,2528.3,0.0,4.77,0.00,6
1789460497597379233,2554.5,0.0,1.66,0.00,11
1789460498625475942,2815.9,0.1,1.71,6.50,6
1789460499655099785,2279.8,0.1,1.85,1.92,10
1789460500682661257,2736.4,0.0,1.67,0.00,4
1789460501712189997,2398.4,0.0,1.81,0.00,8
1789460502739621607,2529.7,0.0,1.95,0.00,4
1789460503770000795,2422.0,0.1,1.81,7.00,7
1789460504800445540,2642.3,0.1,2.28,1.44,1
1789460505830442867,2870.8,0.0,3.54,0.00,5
1789460506859901040,2768.3,0.0,3.27,0.00,8
1789460507887558405,2600.3,0.0,3.27,0.00,48
1789460508914780897,3009.1,0.1,2.91,17.50,4
1789460509942904147,2817.4,0.2,2.99,1.19,7
1789460510973063348,2609.1,0.0,1.76,0.00,7
1789460512000936497,2684.0,0.0,1.68,0.00,3
1789460513030715844,2581.4,0.0,1.78,0.00,5
1789460514058528914,2429.6,0.1,1.74,8.50,0
1789460515088522603,2820.1,0.3,1.69,1.23,6
1789460516118602516,2351.4,0.0,1.83,0.00,11
1789460517146427491,2766.2,0.0,1.68,0.00,4
1789460518176378085,2645.4,0.0,3.24,0.00,7
1789460519203929119,2702.7,0.1,3.26,2.00,10
1789460520231677582,2948.2,0.0,2.30,0.00,3
1789460521262689618,2889.2,0.3,3.17,5.07,5
1789460522292325337,2730.4,0.0,2.99,0.00,9
1789460523320363432,2632.8,0.0,4.01,0.00,12
1789460524350288051,2865.3,0.0,1.69,7.00,7
1789460525380036679,2313.7,0.0,1.83,0.00,7
1789460526407332232,2654.9,0.1,1.73,0.92,3
1789460527437392306,2366.9,0.0,1.82,0.00,7
1789460528465237157,2586.8,0.0,1.94,0.00,4
1789460529495108431,2414.8,0.1,1.90,9.00,8
1789460530522623939,2517.3,0.0,1.77,0.00,2
1789460531552316666,1790.1,0.1,2.84,1.75,0
1789460532579239261,546.7,0.0,6.81,0.00,7
1789460533607556577,1082.2,0.0,1.46,8.50,0
1789460534634251629,0.0,0.0,0.00,0.00,0
1789460535660788785,1630.6,0.0,3.56,0.00,0
1789460536687161549,0.0,0.1,0.00,9.33,0
1789460537714450844,1126.3,0.0,4.06,0.00,7
1789460538743755351,501.2,0.1,1.51,8.50,0
1789460539770235126,0.0,0.0,0.00,0.00,0
1789460540796861194,1631.4,0.0,3.76,0.00,0
1789460541822487884,0.0,0.1,0.00,7.00,0
1789460542849996644,1441.2,0.0,4.41,0.00,4
1789460543879316742,185.9,0.0,1.95,8.50,0
1789460544906037436,56.0,0.0,23.74,0.00,55
1789460545932847409,1574.4,0.0,3.04,0.00,0
1789460546959514244,0.0,0.0,0.00,0.00,8
1789460547986890187,1627.2,0.1,3.60,8.62,0
1789460549015813943,0.0,0.1,0.00,8.50,0
1789460550042439461,482.6,0.0,8.30,0.00,7
1789460551071231977,1146.2,0.0,1.46,0.00,0
1789460552098079502,0.0,0.0,14.00,0.00,0
1789460553124763766,1630.2,0.1,3.40,6.94,0
1789460554152473494,1527.9,0.1,1.78,8.50,3
1789460555182335530,98.3,0.0,0.65,0.00,0
1789460556208841829,391.4,0.0,2.40,4.25,6
1789460557236320937,1238.6,0.0,1.58,0.00,0
1789460558262631518,0.0,0.1,3.50,3.50,0
1789460559289421461,1629.3,0.0,1.78,0.00,0
1789460560317190306,0.0,0.0,0.00,0.00,0
1789460561344362214,847.9,0.1,1.82,8.50,6
1789460562373848701,779.7,0.0,1.64,0.00,0
1789460563400656038,0.0,0.1,0.00,7.00,0
1789460564427100209,1630.4,0.0,1.78,0.00,0
1789460565453942754,0.0,0.0,0.00,0.00,0
1789460566481217525,1266.9,0.1,1.63,8.50,7
1789460567510840847,360.3,0.0,2.12,0.00,0
1789460568536969882,0.0,0.1,0.00,7.06,0
1789460569562934484,1631.1,0.0,1.77,0.00,0
1789460570589360968,0.0,0.0,0.00,0.00,0
1789460571616527035,1387.0,0.1,1.69,8.00,3
1789460572646366915,240.3,0.0,1.97,0.00,0
1789460573673090931,0.0,0.1,0.00,8.00,0
1789460574699628114,1630.7,0.0,1.75,0.00,0
1789460575726125535,0.0,0.0,0.00,0.00,0
1789460576753061349,1459.0,0.1,1.86,7.00,3
1789460577782275165,168.4,0.0,1.41,0.00,0
1789460578808664170,247.9,0.1,2.22,8.54,8
1789460579835693494,1382.7,0.0,1.60,0.00,0
1789460580861873547,1631.2,0.0,3.61,0.00,0
1789460581888527601,0.0,0.1,0.00,8.50,0
1789460582915567801,1461.7,0.0,3.88,0.00,5
1789460583945015518,165.4,0.1,1.81,10.09,0
1789460584971638421,0.0,0.0,0.00,0.00,0
1789460585998195521,1630.6,0.0,3.38,0.00,0
1789460587024821976,0.0,0.1,0.00,8.50,0
1789460588052076920,1529.6,0.0,4.03,0.00,4
1789460589081603372,97.3,0.1,0.80,5.89,0
1789460590108734846,171.8,0.0,20.46,0.00,15
1789460591136139124,1458.0,0.0,1.56,0.00,0
1789460592162884053,0.0,0.1,0.00,8.50,0
1789460593189662559,1627.8,0.0,3.52,0.00,0
1789460594218175694,0.0,0.1,0.00,8.62,0
1789460595245520618,484.3,0.0,7.44,0.00,8
1789460596274628347,1143.4,0.0,1.46,0.00,0
1789460597302005842,0.0,0.1,0.00,8.50,0
1789460598329047127,1629.4,0.0,3.62,0.00,0
1789460599356505940,0.0,0.1,0.00,6.22,0
1789460600383803008,685.0,0.0,5.85,0.00,8
1789460601413699979,942.6,0.0,1.53,0.00,0
1789460602440688923,0.0,0.1,0.00,8.50,0
1789460603467396418,1630.4,0.0,6.00,0.00,0
1789460604494661803,1600.1,0.0,1.76,1.33,0
1789460605524097900,26.8,0.3,0.45,0.04,0
1789460606550892067,518.4,0.0,2.14,0.00,6
1789460607580149973,1110.1,0.0,1.57,0.00,0
1789460608606898111,0.0,0.1,0.00,8.50,0
1789460609633797408,1629.3,0.0,1.56,0.00,0
1789460610660896055,0.0,0.3,0.00,0.20,0
1789460611688457219,795.0,0.0,1.93,0.00,6
1789460612718489046,832.1,0.0,1.78,0.00,0
1789460613745520088,0.0,0.1,0.00,8.50,0
1789460614772562793,1630.1,0.0,1.80,0.00,0
1789460615799672234,0.0,0.1,0.00,0.56,0
1789460616827363892,1122.7,0.0,1.73,0.00,5
1789460617856328158,505.0,0.0,1.80,0.00,0
1789460618883310207,0.0,0.1,0.00,8.00,0
1789460619910072521,1630.7,0.0,1.77,0.00,0
1789460620936508318,0.0,0.3,0.00,2.05,0
1789460621963588437,1319.0,0.0,2.03,0.00,4
1789460622993985658,307.2,0.0,2.19,0.00,0
1789460624021224295,0.0,0.1,0.00,8.50,0
1789460625048487206,1629.9,0.0,1.84,0.00,0
1789460626075025339,0.0,0.3,0.00,2.51,0
1789460627101987346,1430.5,0.0,1.96,0.00,5
1789460628132390637,195.5,0.0,1.65,0.00,0
1789460629159222524,200.6,0.1,2.66,8.50,11
1789460630186610710,1429.4,0.0,1.62,0.00,0
1789460631213572765,1631.2,0.1,3.75,1.12,0
1789460632239978501,1626.8,0.0,3.73,0.00,0
1789460633269967026,3068.2,0.0,2.86,0.00,3
1789460634299510792,2815.4,0.1,3.04,7.00,7
1789460635328336779,2772.5,0.0,3.20,0.00,7
1789460636355592275,2813.7,0.1,2.52,1.00,91
1789460637385261903,2962.2,0.0,1.99,0.00,4
1789460638414771535,2542.5,0.0,1.78,0.00,6
1789460639442427628,2451.2,0.1,1.75,7.00,2
1789460640472433867,2795.3,0.0,1.69,0.00,5
1789460641501494906,2367.4,0.1,1.79,1.50,10
1789460642529086070,2799.4,0.0,1.68,0.00,4
1789460643559066441,2397.2,0.0,1.84,0.00,7
1789460644589151493,2657.1,0.1,2.53,7.00,3
1789460645618607351,2936.4,0.0,3.12,0.00,6
1789460646648065384,2723.8,0.1,3.34,0.20,6
1789460647675409306,2808.3,0.0,2.91,0.00,10
1789460648702770030,2881.6,0.1,2.63,6.50,7
1789460649733078647,2608.6,0.0,4.62,0.00,5
1789460650762866785,2555.5,0.0,1.69,0.00,13
1789460651790933972,2812.6,0.1,1.66,1.08,4
1789460652821509094,2254.2,0.0,1.91,0.00,8
1789460653849620322,2672.9,0.1,1.69,7.00,4
1789460654880160596,2437.1,0.0,1.82,0.00,71
1789460655908202056,2506.9,0.0,1.89,0.00,6
1789460656939118276,2572.7,0.1,1.78,0.92,6
1789460657969619199,2521.7,0.0,2.79,0.00,37
1789460658998124631,3036.9,0.1,2.94,19.00,4
1789460660027998908,2804.3,0.0,3.17,0.00,7
1789460661057794224,2780.1,0.0,3.08,0.00,7
1789460662086080455,2769.9,0.1,2.62,0.44,31
1789460663113999798,3043.5,0.0,2.75,0.00,4
1789460664144232183,2643.7,0.1,1.78,7.00,6
1789460665172699569,2393.7,0.0,1.71,0.00,1
1789460666203155301,2863.2,0.0,1.70,0.00,4
1789460667232839294,2363.8,0.1,1.83,1.83,7
1789460668260786947,2697.1,0.0,1.68,0.00,4
1789460669290854994,2524.4,0.1,1.81,6.50,6
1789460670318559343,2458.5,0.0,1.75,0.00,3
1789460671349062951,2941.9,0.0,3.07,0.00,6
1789460672378828015,2760.7,0.1,3.27,1.43,7
1789460673406137684,2775.2,0.0,2.97,0.00,10
1789460674434170675,2905.7,0.1,2.31,6.00,5
1789460675464965130,2882.0,0.0,2.85,0.00,7
1789460676494657743,2628.6,0.0,4.04,0.00,8
1789460677522193348,2557.4,0.1,1.72,1.62,4
1789460678551768735,2551.8,0.0,1.77,0.00,7
1789460679579283731,2369.2,0.1,1.83,7.50,2
1789460680608404578,2649.8,0.0,1.71,0.00,8
1789460681636260176,2306.0,0.0,1.98,0.00,1
1789460682666353027,2761.8,0.1,1.72,1.17,8
1789460683695286394,2278.7,0.1,2.10,7.00,83
1789460684723062206,2987.5,0.0,2.75,0.00,3
1789460685753944458,2784.8,0.0,3.29,0.00,7
1789460686783991665,2730.2,0.0,3.26,0.00,7
1789460687811540149,2784.1,0.1,2.44,14.23,0
1789460688842361458,3041.1,0.1,3.01,7.50,3
1789460689872773026,2764.6,0.0,2.65,0.00,5
1789460690901848339,2338.3,0.0,1.75,0.00,11
1789460691931422378,2892.9,0.0,1.70,0.00,6
1789460692960131856,2364.5,0.1,1.84,1.15,7
1789460693988272948,2665.7,0.1,1.69,8.00,5
1789460695018562113,2573.9,0.0,1.79,0.00,6
1789460696046623831,2413.3,0.0,1.76,0.00,2
1789460697077042158,2778.3,0.0,2.51,0.00,5
1789460698106932662,2830.1,0.3,2.97,1.18,8
1789460699134365115,2680.3,0.1,3.03,8.50,41
1789460700162454508,3038.7,0.0,2.66,0.00,4
1789460701192817387,2815.2,0.0,3.14,0.00,6
1789460702221667307,2435.1,0.0,5.20,0.00,8
1789460703252383056,2848.4,0.3,1.66,1.60,5
1789460704282804639,2580.3,0.1,1.74,7.00,7
1789460705310613084,2372.8,0.0,1.79,0.00,3
1789460706340378774,2707.7,0.0,1.70,0.00,7
1789460707369407478,2301.5,0.0,1.72,0.00,12
1789460708398404364,2737.1,0.3,1.98,0.19,5
1789460709428704955,2211.8,0.1,1.92,8.50,13
1789460710458840709,2889.7,0.0,2.33,0.00,4
1789460711489702181,2694.7,0.0,3.31,0.00,9
1789460712517427525,2739.4,0.0,3.32,0.00,8
1789460713545246709,2869.8,0.1,2.57,1.44,3
1789460714576214813,3012.6,0.1,2.79,2.50,6
1789460715607263954,2785.0,0.0,3.04,0.00,8
1789460716637511815,2606.4,0.0,1.70,0.00,11
1789460717665538774,2799.2,0.0,1.67,0.00,4
1789460718695600081,2437.7,0.4,1.83,0.35,8
1789460719723447860,2568.2,0.0,1.70,0.00,3
1789460720753292363,2703.5,0.0,1.72,0.00,5
1789460721782043197,2342.8,0.0,1.75,0.00,11
1789460722811521458,2867.9,0.0,1.69,0.00,6
1789460723841877399,2560.0,0.3,3.35,0.76,8
1789460724869592489,2821.4,0.0,2.80,0.00,40
1789460725897597841,2991.5,0.0,2.28,0.00,4
1789460726928482367,2951.4,0.0,2.88,0.00,7
1789460727958682947,2693.3,0.0,3.01,0.00,7
1789460728986851979,2620.3,0.2,3.91,1.63,13
1789460730016577504,2823.2,0.0,1.72,0.00,6
1789460731046743854,2294.0,0.0,1.85,0.00,9
1789460732075149171,2696.3,0.0,1.72,0.00,3
1789460733105914420,2329.2,0.0,1.84,0.00,8
1789460734133917810,2616.1,0.2,1.88,2.87,4
1789460735164055101,2390.0,0.0,1.91,0.00,9
1789460736191901389,2544.8,0.0,1.76,0.00,5
1789460737221704623,2806.6,0.0,3.05,0.00,7
1789460738250340066,2726.1,0.0,3.18,0.00,7
1789460739278251786,2811.6,0.2,2.37,1.61,60
1789460740307836896,2995.9,0.0,3.19,0.00,5
1789460741338163582,2829.7,0.0,2.95,0.00,6
1789460742366634793,2779.2,0.0,2.52,0.00,8
1789460743395001252,2589.3,0.0,1.73,0.00,3
1789460744425180689,2628.4,0.2,1.76,2.25,6
1789460745453426201,2403.4,0.0,1.72,0.00,0
1789460746483907452,2877.1,0.0,1.69,0.00,5
1789460747514074699,2330.1,0.0,1.87,0.00,8
1789460748541824340,2705.0,0.0,1.69,0.00,3
1789460749571623162,2513.5,0.2,2.48,2.47,7
1789460750598988725,2707.5,0.0,2.95,0.00,74
1789460751626878857,3007.1,0.0,2.55,0.00,4
1789460752657559745,2915.2,0.0,2.85,0.00,7
1789460753688128803,2684.4,0.1,3.38,7.50,6
1789460754716282063,2665.5,0.3,2.59,1.64,0
1789460755747341096,2902.5,0.0,3.78,0.00,6
1789460756777604230,2319.3,0.0,1.83,0.00,9
1789460757806140615,2661.4,0.0,1.70,0.00,4
1789460758836436243,2421.1,0.1,1.81,7.00,9
1789460759865052907,2546.2,0.3,1.69,0.85,4
1789460760895692478,2519.4,0.0,2.00,0.00,8
1789460761924066181,2404.2,0.0,1.77,0.00,4
1789460762954861514,2677.3,0.0,2.51,0.00,7
1789460763983831656,2759.6,0.1,3.06,6.00,7
1789460765012371979,2801.6,0.3,2.42,0.60,0
1789460766043375605,3022.3,0.0,3.01,0.00,5
1789460767074130083,2705.2,0.0,3.51,0.00,6
1789460768103127066,2764.1,0.0,3.27,0.00,8
1789460769134044016,2765.1,0.1,1.68,8.00,2
1789460770164840163,2729.0,0.1,1.72,2.00,6
1789460771193276555,2358.5,0.0,1.76,0.00,10
1789460772222182241,2868.5,0.0,1.67,0.00,5
1789460773252768955,2406.0,0.0,1.82,0.00,7
1789460774281019938,2594.1,0.1,1.72,9.50,4
1789460775311537882,2602.3,0.2,1.76,0.65,10
1789460776341947568,2532.4,0.1,2.93,0.64,82
1789460777370155719,3007.7,0.0,2.72,0.00,4
1789460778401312369,2895.0,0.0,2.82,0.00,6
1789460779431935088,2786.6,0.1,3.05,10.00,6
1789460780459281718,2733.4,0.0,2.93,13.62,50
1789460781487216208,2865.6,0.2,3.69,4.71,7
1789460782517275862,2551.8,0.0,1.78,0.00,10
1789460783545502294,2471.8,0.0,1.73,0.00,3
1789460784575913749,2640.9,0.1,1.75,3.00,6
1789460785604272068,2343.2,0.3,1.71,0.20,1
1789460786635015624,2731.3,0.0,1.90,0.00,6
1789460787664699595,2273.3,0.0,1.87,0.00,13
1789460788692867293,2782.8,0.1,1.75,6.00,6
1789460789722295442,2435.9,0.0,3.70,0.00,6
1789460790749762421,2815.1,0.3,2.22,0.59,82
1789460791779311577,2999.2,0.0,3.17,0.00,6
1789460792809735455,2683.0,0.0,3.41,0.00,7
1789460793838062418,2832.1,0.1,2.84,13.00,7
1789460794866197172,2839.7,0.0,2.38,0.00,0
1789460795897661576,2868.1,0.3,1.71,0.82,6
1789460796928465633,2346.6,0.0,1.85,0.00,8
1789460797956684306,2713.0,0.0,1.67,0.00,4
1789460798986876983,2553.4,0.1,1.78,8.50,8
1789460800015201346,2452.2,0.0,1.74,0.00,2
1789460801045681384,2780.6,0.3,1.71,1.09,5
1789460802075060357,2332.4,0.0,2.43,0.00,32
1789460803102431801,2956.8,0.0,2.59,0.00,3
1789460804132818926,2806.6,0.1,3.01,7.00,6
1789460805162752289,2738.6,0.0,3.20,0.00,6
1789460806191137063,2807.9,0.0,2.42,0.00,40
1789460807219798940,2972.8,0.2,2.76,0.91,5
1789460808250045406,2670.6,0.0,3.77,0.00,6
1789460809278932892,2352.6,0.1,1.76,7.00,1
1789460810308791400,2638.2,0.0,1.79,0.00,5
1789460811338697638,2301.6,0.0,1.75,0.00,0
1789460812368992532,2847.2,0.3,1.70,1.49,6
1789460813399193982,2260.6,0.0,2.01,0.00,13
1789460814427244284,2723.8,0.1,1.78,6.50,6
1789460815457294930,2295.5,0.0,2.89,0.00,8
1789460816485107516,1259.4,0.0,1.51,0.00,0
1789460817512461090,1626.3,0.3,3.10,2.48,0
1789460818542172922,0.0,0.0,0.00,0.00,0
1789460819569155691,1526.3,0.1,3.97,8.50,3
1789460820596648137,103.2,0.0,0.92,0.00,0
1789460821624236549,1458.1,0.0,3.83,0.00,4
1789460822654446795,168.2,0.3,1.87,0.17,0
1789460823682527605,1207.9,0.1,4.41,6.00,5
1789460824712661062,418.2,0.0,1.57,0.00,0
1789460825740559367,1019.9,0.0,4.61,0.00,6
1789460826771021239,606.1,0.0,1.46,0.00,0
1789460827799036739,732.1,0.3,6.41,2.53,7
1789460828829338922,894.6,0.1,1.45,8.50,0
1789460829857159943,444.2,0.0,9.22,0.00,7
1789460830886544785,1183.5,0.0,1.47,0.00,0
1789460831914048471,192.7,0.0,16.99,0.00,10
1789460832941764762,1436.6,0.3,1.52,0.82,0
1789460833969197242,0.0,0.1,0.00,8.50,0
1789460834996806423,1656.0,0.0,3.62,0.00,11
1789460836024361842,1601.9,0.0,1.71,0.00,0
1789460837051942566,0.0,0.0,0.00,0.00,0
1789460838079054070,1629.3,0.2,1.55,1.10,0
1789460839106521044,0.0,0.1,0.00,8.50,0
1789460840133950243,1629.2,0.0,1.77,0.00,0
1789460841161239973,0.0,0.0,0.00,0.00,0
1789460842188403407,1628.2,0.0,1.79,0.00,0
1789460843216064755,0.0,0.3,0.00,2.19,0
1789460844243400394,1626.5,0.1,1.79,7.00,0
1789460845272619429,0.0,0.0,0.00,0.00,0
1789460846300236727,1538.5,0.0,1.82,0.00,2
1789460847331431485,86.5,0.0,0.50,0.00,0
1789460848359575573,1456.4,0.2,1.75,5.95,4
1789460849389780267,169.2,0.1,1.43,1.50,0
1789460850417586678,1356.7,0.0,1.73,0.00,4
1789460851447396235,269.5,0.0,2.11,0.00,0
1789460852474685834,1168.1,0.0,1.76,0.00,5
1789460853504449473,459.1,0.3,1.91,0.19,0
1789460854532648737,871.4,0.1,1.86,8.50,6
1789460855563923188,754.1,0.0,1.74,0.00,0
1789460856591824089,550.2,0.0,2.08,0.00,8
1789460857622689529,1661.7,0.0,3.69,0.00,9
1789460858652372808,1039.8,0.2,1.45,0.77,0
1789460859678910864,228.0,0.0,16.54,0.00,9
1789460860706028421,1401.9,0.0,1.52,0.00,0
1789460861732968733,0.0,0.0,0.00,0.00,98
1789460862758109557,1630.5,0.0,3.68,0.00,0
1789460863784797021,0.0,0.3,0.00,0.35,0
1789460864811863730,1630.4,0.0,3.00,0.00,0
1789460865838700148,0.0,0.0,0.00,0.00,0
1789460866865046100,1630.3,0.0,3.48,0.00,0
1789460867891751699,0.0,0.0,0.00,0.00,0
1789460868918343271,1630.2,0.3,3.47,0.38,0
1789460869944113912,0.0,0.0,0.00,0.00,0
1789460870971283624,1627.3,0.0,3.58,0.00,0
1789460872000329792,0.0,0.0,0.00,0.00,0
1789460873027238908,1499.0,0.0,3.79,0.00,4
1789460874056684155,128.4,0.4,1.34,0.68,0
1789460875083575697,1184.8,0.0,4.70,0.00,5
1789460876113102385,443.1,0.0,1.71,0.00,0
1789460877139562966,833.7,0.0,9.94,0.00,9
1789460878169940508,1883.8,0.0,1.62,0.00,6
1789460879199458273,534.2,0.4,1.80,7.13,0
1789460880226582835,698.5,0.1,2.02,5.00,8
1789460881256299215,929.3,0.0,1.58,0.00,0
1789460882283234131,376.7,0.0,2.26,0.00,9
1789460883310876227,1252.8,0.0,1.65,0.00,0
1789460884337947840,21.4,0.0,6.88,0.00,12
1789460885364972551,1608.4,0.4,1.72,1.72,0
1789460886391685656,0.0,0.0,0.00,0.00,0
1789460887418435259,1630.5,0.0,1.81,0.00,0
1789460888445331350,0.0,0.0,0.00,0.00,0
1789460889472149832,1630.4,0.0,1.76,0.00,0
1789460890498621890,0.0,0.4,0.00,0.48,0
1789460891526018017,1628.7,0.0,1.79,0.00,0
1789460892553942828,0.0,0.0,0.00,0.00,0
1789460893581032385,1537.5,0.0,2.13,0.00,4
1789460894610465190,89.5,0.0,0.58,0.00,8
1789460895637743069,1447.3,0.4,1.82,2.71,7
1789460896667057614,179.9,0.0,1.54,0.00,0
1789460897694319619,1293.4,0.0,1.83,0.00,5
1789460898724503941,333.6,0.0,2.21,0.00,0
1789460899751841269,1041.5,0.3,1.78,0.91,6
1789460900782311284,1654.6,0.1,3.22,7.00,5
1789460901811727561,1188.0,0.0,4.46,0.00,8
1789460902839315044,2777.4,0.0,2.93,0.00,26
1789460903867331094,2956.4,0.2,2.51,1.90,4
1789460904897905419,2803.3,0.2,3.21,0.88,6
1789460905927317616,2760.5,0.1,3.12,1.33,7
1789460906954665798,2800.6,0.0,2.40,0.00,11
1789460907982210388,2867.9,0.0,1.69,0.00,4
1789460909011894219,2356.2,0.0,1.86,0.00,9
1789460910039799641,2646.3,0.3,1.69,0.89,4
1789460911069830474,2612.1,0.1,1.75,9.00,6
1789460912097674991,2410.5,0.0,1.72,0.00,0
1789460913127305315,2821.8,0.0,1.71,0.00,4
1789460914157934983,2333.5,0.0,2.61,0.00,10
1789460915185689093,2922.6,0.3,2.30,1.14,3
1789460916215812399,2840.5,0.1,3.46,28.50,5
1789460917245786060,2816.0,0.0,2.95,0.00,8
1789460918272726572,2695.1,0.0,2.98,0.00,55
1789460919300330231,2933.5,0.0,2.86,0.00,4
1789460920330120248,2655.4,0.3,3.84,1.21,5
1789460921358016277,2371.8,0.1,1.74,7.50,1
1789460922388162746,2756.6,0.0,1.71,0.00,5
1789460923418233284,2305.1,0.0,1.79,0.00,11
1789460924445465468,2818.2,0.0,1.66,0.00,5
1789460925475425270,2242.8,0.3,2.05,0.06,7
1789460926503370857,2666.8,0.1,1.81,8.50,3
1789460927533892418,2373.2,0.0,2.62,0.00,8
1789460928561552237,2775.7,0.0,2.48,0.00,1
1789460929591804440,3076.2,0.0,2.83,0.00,4
1789460930621899318,2687.1,0.3,3.57,1.17,6
1789460931650154696,2744.8,0.1,3.15,6.00,9
1789460932677983768,2863.9,0.0,2.27,0.00,1
1789460933708709953,3006.2,0.0,2.26,0.00,4
1789460934738847607,2429.6,0.0,1.83,0.00,8
1789460935766874228,2565.2,0.2,1.71,1.00,3
1789460936796899064,2674.5,0.1,1.73,6.50,6
1789460937825496481,2363.1,0.0,1.73,0.00,12
1789460938855184971,2883.3,0.0,1.72,0.00,5
1789460939886761791,2320.2,0.0,1.87,0.00,8
1789460940917146295,2761.8,0.3,2.55,1.22,4
1789460941947460705,2882.5,0.1,2.91,7.50,5
1789460942977683765,2713.8,0.0,3.23,0.00,7
1789460944005401954,2806.5,0.0,2.57,0.00,56
1789460945033298638,2971.5,0.0,2.70,0.00,4
1789460946063983056,2548.4,0.3,4.55,7.71,8
1789460947094258204,2538.3,0.1,1.67,7.50,11
1789460948122552959,2835.5,0.0,1.69,0.00,6
1789460949152391520,2284.7,0.0,1.86,0.00,11
1789460950179381708,2714.5,0.0,1.66,0.00,4
1789460951208894886,2421.2,0.3,1.80,0.28,8
1789460952237018758,2518.7,0.1,1.94,8.50,4
1789460953266549268,2494.1,0.0,1.81,0.00,6
1789460954296610170,2586.2,0.0,2.32,0.00,86
1789460955326015196,3000.8,0.0,3.22,0.00,4
1789460956356053211,2727.5,0.3,3.30,0.08,7
1789460957383499129,2632.4,0.1,3.52,7.50,10
1789460958411286810,2923.0,0.0,2.28,0.00,3
1789460959441618513,3016.2,0.0,2.79,0.00,6
1789460960471468584,2600.0,0.0,1.78,0.00,8
1789460961499312438,2498.8,0.3,1.71,0.87,3
1789460962529243807,2748.0,0.1,1.70,2.50,4
1789460963557579579,2365.9,0.0,1.75,0.00,12
1789460964585307734,2850.7,0.0,1.67,0.00,4
1789460965614763476,2384.1,0.0,1.85,0.00,8
1789460966642631506,2604.7,0.4,1.72,1.49,4
1789460967672089594,2861.4,0.0,2.87,0.00,5
1789460968699167938,2818.9,0.0,2.91,0.00,7
1789460969726668007,2803.2,0.0,2.94,0.00,38
1789460970754573058,2972.4,0.0,2.34,0.00,5
1789460971784980409,2883.1,0.4,2.76,1.48,7
1789460972814805904,2597.9,0.0,4.42,0.00,8
1789460973842738729,2579.5,0.0,1.72,0.00,4
1789460974872756584,2542.1,0.0,1.77,0.00,13
1789460975901089170,2410.9,0.0,1.78,0.00,3
1789460976931228363,2679.3,0.4,1.71,1.61,5
1789460977960046608,2290.1,0.0,1.99,0.00,1
1789460978990353735,2714.2,0.0,1.84,0.00,7
1789460980019345707,2299.7,0.0,2.13,0.00,77
1789460981047973893,2989.7,0.0,2.64,0.00,4
1789460982078351856,2761.2,0.1,3.34,7.00,5
1789460983108533277,2622.5,0.3,3.64,0.78,9
1789460984136452056,2880.7,0.0,2.19,0.00,1
1789460985166026940,3057.0,0.0,2.82,0.00,3
1789460986195677165,2842.3,0.0,2.36,0.00,5
1789460987224003182,2327.9,0.1,1.78,2.00,12
1789460988251287505,2877.8,0.4,1.69,1.42,4
1789460989281424743,2377.5,0.0,1.83,0.00,8
1789460990309311747,2632.0,0.0,1.69,0.00,4
1789460991338766956,2604.8,0.0,1.76,0.00,5
1789460992366814988,2382.4,0.1,1.77,9.50,0
1789460993396933611,2768.3,0.3,2.54,0.90,5
1789460994426848388,2768.4,0.0,3.17,0.00,7
1789460995453966822,2820.1,0.0,2.75,0.00,30
1789460996481698831,2987.2,0.0,2.29,0.00,4
1789460997511818923,2911.0,0.1,2.95,3.00,5
1789460998541333074,2465.3,0.3,4.86,5.40,7
1789460999570985748,2743.9,0.0,1.67,0.00,4
1789461000600207531,2689.5,0.0,1.69,0.00,4
1789461001627923884,2284.9,0.1,1.80,6.50,2
1789461002657608557,2770.3,0.0,1.72,0.00,8
1789461003687115261,2284.5,0.5,1.80,1.21,14
1789461004714286893,2722.1,0.0,1.94,0.00,9
1789461005743604463,2256.6,0.0,1.94,0.00,12
1789461006774527278,2847.0,0.1,2.23,7.50,4
1789461007804357662,2770.1,0.0,3.20,0.00,7
1789461008832897501,2726.0,0.3,3.35,1.20,7
1789461009860849912,2792.4,0.0,2.48,0.00,1
1789461010891034514,3077.0,0.0,2.91,0.00,4
1789461011921513869,2742.2,0.1,3.37,12.50,7
1789461012951453625,2608.4,0.0,1.74,0.00,9
1789461013978897524,2737.0,0.3,1.67,0.31,4
1789461015009060176,2518.2,0.0,1.79,0.00,7
1789461016036632236,2489.7,0.0,1.74,0.00,3
1789461017066445911,2772.4,0.1,1.70,8.50,6
1789461018095161229,2343.7,0.0,1.79,0.00,10
1789461019123005211,2825.5,0.4,1.69,0.39,4
1789461020153323572,2563.4,0.0,3.39,0.00,8
1789461021180514196,2770.2,0.0,3.02,0.00,25
1789461022208703711,2981.7,0.1,2.25,5.50,4
1789461023238800783,2797.6,0.0,3.43,0.00,7
1789461024268673863,2718.7,0.3,3.16,1.25,19
1789461025296281616,2688.6,0.0,3.69,0.00,1
1789461026326686053,2784.7,0.0,1.71,0.00,8
1789461027356897178,2274.0,0.1,1.80,8.00,10
1789461028384880649,2746.8,0.0,1.73,0.00,7
1789461029413957742,2300.2,0.3,1.83,0.91,8
1789461030442135113,2699.9,0.0,1.83,0.00,5
1789461031471991385,2379.3,0.0,1.86,0.00,8
1789461032499416035,2565.3,0.1,1.71,7.00,4
1789461033529465290,2763.2,0.0,3.11,0.00,5
1789461034558327447,2712.2,0.4,3.25,0.71,7
1789461035586622556,2810.7,0.0,2.52,0.00,0
1789461036616974542,2923.7,0.1,3.35,7.00,5
1789461037646968963,2821.7,0.0,2.94,0.00,8
1789461038674634144,2840.9,0.0,2.29,0.00,7
1789461039702411441,2643.5,0.3,1.71,0.98,3
1789461040732669224,2577.3,0.0,1.77,0.00,6
1789461041760231563,2426.5,0.1,1.74,6.00,0
1789461042789658273,2833.0,0.0,1.67,0.00,6
1789461043819035831,2336.7,0.0,1.82,0.00,10
1789461044846849154,2772.6,0.2,1.68,1.22,4
1789461045877146508,2365.8,0.0,3.05,0.00,8
1789461046905284275,2796.1,0.1,2.32,7.00,76
1789461047934414381,2936.3,0.0,3.49,0.00,4
1789461048964991288,2772.5,0.0,3.24,0.00,5
1789461049993327035,2809.1,0.0,2.83,0.00,8
1789461051021809492,2775.5,0.3,2.39,1.09,1
1789461052052644724,2853.5,0.1,3.56,6.00,6
1789461053082845369,2319.3,0.0,1.80,0.00,12
1789461054110790216,2726.0,0.0,1.70,0.00,4
1789461055139663293,2303.0,0.0,1.87,0.00,7
1789461056166995077,2660.6,0.2,1.68,1.17,5
1789461057196705796,2365.8,0.1,2.11,8.50,7
1789461058224858214,2551.3,0.0,1.77,0.00,4
1789461059254961347,2477.2,0.0,2.90,0.00,7
1789461060282768392,2735.5,0.0,2.99,0.00,43
1789461061311105515,2990.3,0.3,2.43,0.86,3
1789461062341716140,2861.9,0.1,3.26,7.00,6
1789461063371503429,2615.8,0.0,3.99,0.00,6
1789461064399770301,2769.1,0.0,2.50,0.00,1
1789461065430883216,2995.8,0.0,2.31,0.00,3
1789461066460982957,2445.7,0.3,1.81,0.07,8
1789461067489092530,2544.1,0.1,1.73,6.50,3
1789461068519057840,2688.9,0.0,1.72,0.00,6
1789461069547077624,2359.3,0.0,1.73,0.00,12
1789461070575956701,2880.8,0.0,1.70,0.00,5
1789461071606692888,2331.3,0.4,1.88,0.47,7
1789461072637080143,2762.4,0.0,2.39,0.00,3
1789461073667194812,2886.2,0.0,3.02,0.00,5
1789461074697578445,2621.4,0.0,3.65,0.00,8
1789461075725474543,2804.8,0.0,2.37,0.00,33
1789461076753901992,3008.1,0.3,2.85,1.42,4
1789461077784564239,2480.7,0.0,4.96,0.00,10
1789461078815300023,2586.0,0.0,1.65,0.00,0
1789461079846126745,2819.9,0.0,1.71,0.00,7
1789461080876578548,2271.5,0.0,1.86,0.00,11
1789461081904994097,2750.1,0.4,1.69,1.42,4
1789461082935264493,2366.4,0.0,1.82,0.00,8
1789461083963320271,2572.0,0.0,1.93,0.00,5
1789461084993329289,2418.3,0.0,1.86,0.00,8
1789461086024193920,2619.5,0.0,2.63,0.00,1
1789461087054706825,61.6,0.2,0.45,0.73,0
1789461088084656349,0.0,0.0,0.00,0.00,0
1789461089114475216,0.0,0.0,0.00,0.00,0
1789461090144286008,0.0,0.0,0.00,0.00,0
1789461091173794408,0.0,0.0,0.00,0.00,0
1789461092203460306,0.0,0.4,0.00,2.46,0
1789461093232961791,0.0,0.0,0.00,0.00,0
1789461094262971125,0.0,0.0,0.00,0.00,0
1789461095292762996,0.0,0.0,0.00,0.00,0
1789461096323412463,0.0,0.0,0.00,0.00,0
1789461097353568093,0.0,0.2,0.00,0.78,0
1789461098383352901,0.0,0.0,0.00,0.00,0
1789461099413763871,0.0,0.0,0.00,0.00,0
1789461100443366512,0.0,0.0,0.00,0.00,0
1789461101472468475,2.4,0.0,0.52,0.00,0
1789461102761056786,0.9,0.4,0.20,0.59,0
