timestamp, utilization.gpu [%], utilization.memory [%], memory.used [MiB], memory.total [MiB], power.draw [W], temperature.gpu
2026/09/15 03:37:37.106, 0 %, 0 %, 15 MiB, 16384 MiB, 7.43 W, 50
2026/09/15 03:37:38.119, 0 %, 0 %, 15 MiB, 16384 MiB, 7.53 W, 50
2026/09/15 03:37:39.126, 0 %, 0 %, 15 MiB, 16384 MiB, 7.48 W, 50
2026/09/15 03:37:40.132, 0 %, 0 %, 15 MiB, 16384 MiB, 7.43 W, 50
2026/09/15 03:37:41.138, 0 %, 0 %, 15 MiB, 16384 MiB, 7.33 W, 50
2026/09/15 03:37:42.144, 0 %, 0 %, 15 MiB, 16384 MiB, 7.28 W, 50
2026/09/15 03:37:43.150, 0 %, 0 %, 15 MiB, 16384 MiB, 7.43 W, 50
2026/09/15 03:37:44.157, 0 %, 0 %, 15 MiB, 16384 MiB, 7.41 W, 49
2026/09/15 03:37:45.163, 0 %, 0 %, 15 MiB, 16384 MiB, 7.40 W, 49
2026/09/15 03:37:46.169, 0 %, 0 %, 15 MiB, 16384 MiB, 7.41 W, 49
2026/09/15 03:37:47.175, 0 %, 0 %, 15 MiB, 16384 MiB, 7.50 W, 49
2026/09/15 03:37:48.181, 0 %, 0 %, 15 MiB, 16384 MiB, 7.51 W, 49
2026/09/15 03:37:49.187, 0 %, 0 %, 134 MiB, 16384 MiB, 43.75 W, 50
2026/09/15 03:37:50.189, 0 %, 0 %, 134 MiB, 16384 MiB, 43.20 W, 51
2026/09/15 03:37:51.192, 0 %, 0 %, 4428 MiB, 16384 MiB, 43.75 W, 51
2026/09/15 03:37:52.194, 44 %, 2 %, 4434 MiB, 16384 MiB, 44.48 W, 51
2026/09/15 03:37:53.196, 18 %, 1 %, 4444 MiB, 16384 MiB, 56.26 W, 52
2026/09/15 03:37:54.199, 37 %, 2 %, 4450 MiB, 16384 MiB, 58.24 W, 52
2026/09/15 03:37:55.203, 34 %, 1 %, 4458 MiB, 16384 MiB, 48.92 W, 52
2026/09/15 03:37:56.206, 11 %, 0 %, 4466 MiB, 16384 MiB, 53.96 W, 52
2026/09/15 03:37:57.208, 45 %, 2 %, 4474 MiB, 16384 MiB, 56.72 W, 53
2026/09/15 03:37:58.210, 30 %, 1 %, 4480 MiB, 16384 MiB, 56.79 W, 53
2026/09/15 03:37:59.213, 29 %, 1 %, 4488 MiB, 16384 MiB, 50.06 W, 52
2026/09/15 03:38:00.215, 46 %, 2 %, 4498 MiB, 16384 MiB, 49.81 W, 53
2026/09/15 03:38:01.219, 16 %, 1 %, 4506 MiB, 16384 MiB, 56.25 W, 53
2026/09/15 03:38:02.222, 37 %, 2 %, 4512 MiB, 16384 MiB, 58.10 W, 53
2026/09/15 03:38:03.226, 30 %, 1 %, 4520 MiB, 16384 MiB, 57.55 W, 53
2026/09/15 03:38:04.229, 15 %, 1 %, 4528 MiB, 16384 MiB, 49.28 W, 53
2026/09/15 03:38:05.233, 53 %, 2 %, 4536 MiB, 16384 MiB, 57.02 W, 53
2026/09/15 03:38:06.236, 30 %, 1 %, 4542 MiB, 16384 MiB, 56.89 W, 53
2026/09/15 03:38:07.249, 28 %, 1 %, 4552 MiB, 16384 MiB, 57.56 W, 53
2026/09/15 03:38:08.251, 0 %, 0 %, 4552 MiB, 16384 MiB, 43.73 W, 53
2026/09/15 03:38:09.254, 0 %, 0 %, 4552 MiB, 16384 MiB, 43.79 W, 52
2026/09/15 03:38:10.256, 0 %, 0 %, 4552 MiB, 16384 MiB, 43.87 W, 52
2026/09/15 03:38:11.259, 0 %, 0 %, 4552 MiB, 16384 MiB, 43.74 W, 52
2026/09/15 03:38:12.261, 0 %, 0 %, 4552 MiB, 16384 MiB, 44.10 W, 52
2026/09/15 03:38:13.263, 0 %, 0 %, 4552 MiB, 16384 MiB, 44.33 W, 52
2026/09/15 03:38:14.266, 0 %, 0 %, 4552 MiB, 16384 MiB, 43.71 W, 52
2026/09/15 03:38:15.268, 0 %, 0 %, 6928 MiB, 16384 MiB, 43.63 W, 52
2026/09/15 03:38:16.270, 0 %, 0 %, 6928 MiB, 16384 MiB, 43.73 W, 53
2026/09/15 03:38:17.273, 0 %, 0 %, 6928 MiB, 16384 MiB, 44.11 W, 52
2026/09/15 03:38:18.275, 0 %, 0 %, 6928 MiB, 16384 MiB, 56.35 W, 53
2026/09/15 03:38:19.278, 0 %, 0 %, 6928 MiB, 16384 MiB, 56.47 W, 53
2026/09/15 03:38:20.280, 0 %, 0 %, 6928 MiB, 16384 MiB, 44.28 W, 53
2026/09/15 03:38:21.283, 0 %, 0 %, 6928 MiB, 16384 MiB, 43.84 W, 53
2026/09/15 03:38:22.286, 0 %, 0 %, 6928 MiB, 16384 MiB, 43.67 W, 53
2026/09/15 03:38:23.288, 0 %, 0 %, 6928 MiB, 16384 MiB, 43.60 W, 53
2026/09/15 03:38:24.291, 0 %, 0 %, 6928 MiB, 16384 MiB, 43.43 W, 53
2026/09/15 03:38:25.294, 0 %, 0 %, 6928 MiB, 16384 MiB, 43.72 W, 53
2026/09/15 03:38:26.297, 0 %, 0 %, 6928 MiB, 16384 MiB, 43.56 W, 53
2026/09/15 03:38:27.300, 0 %, 0 %, 6928 MiB, 16384 MiB, 43.65 W, 53
2026/09/15 03:38:28.303, 0 %, 0 %, 6928 MiB, 16384 MiB, 43.40 W, 53
2026/09/15 03:38:29.306, 0 %, 0 %, 6928 MiB, 16384 MiB, 43.85 W, 53
2026/09/15 03:38:30.309, 0 %, 0 %, 6928 MiB, 16384 MiB, 44.06 W, 53
2026/09/15 03:38:31.312, 0 %, 0 %, 6928 MiB, 16384 MiB, 44.08 W, 53
2026/09/15 03:38:32.315, 0 %, 0 %, 6928 MiB, 16384 MiB, 44.12 W, 53
2026/09/15 03:38:33.318, 0 %, 0 %, 6928 MiB, 16384 MiB, 44.62 W, 53
2026/09/15 03:38:34.321, 0 %, 0 %, 6928 MiB, 16384 MiB, 44.65 W, 53
2026/09/15 03:38:35.324, 0 %, 0 %, 6928 MiB, 16384 MiB, 33.93 W, 52
2026/09/15 03:38:36.331, 0 %, 0 %, 6928 MiB, 16384 MiB, 7.81 W, 51
2026/09/15 03:38:37.337, 0 %, 0 %, 6928 MiB, 16384 MiB, 7.67 W, 51
2026/09/15 03:38:38.343, 0 %, 0 %, 6928 MiB, 16384 MiB, 7.52 W, 51
2026/09/15 03:38:39.350, 0 %, 0 %, 6928 MiB, 16384 MiB, 7.65 W, 50
2026/09/15 03:38:40.356, 0 %, 0 %, 6928 MiB, 16384 MiB, 7.71 W, 50
2026/09/15 03:38:41.363, 0 %, 0 %, 6928 MiB, 16384 MiB, 7.70 W, 50
2026/09/15 03:38:42.369, 0 %, 0 %, 6928 MiB, 16384 MiB, 7.69 W, 50
2026/09/15 03:38:43.376, 0 %, 0 %, 6928 MiB, 16384 MiB, 7.68 W, 50
2026/09/15 03:38:44.382, 0 %, 0 %, 6928 MiB, 16384 MiB, 7.60 W, 49
2026/09/15 03:38:45.388, 0 %, 0 %, 6928 MiB, 16384 MiB, 7.45 W, 49
2026/09/15 03:38:46.394, 0 %, 0 %, 6928 MiB, 16384 MiB, 7.50 W, 49
2026/09/15 03:38:47.401, 0 %, 0 %, 6928 MiB, 16384 MiB, 7.46 W, 49
2026/09/15 03:38:48.407, 0 %, 0 %, 6928 MiB, 16384 MiB, 7.43 W, 49
2026/09/15 03:38:49.413, 0 %, 0 %, 6928 MiB, 16384 MiB, 7.52 W, 49
2026/09/15 03:38:50.419, 0 %, 0 %, 6928 MiB, 16384 MiB, 8.65 W, 49
2026/09/15 03:38:51.425, 0 %, 0 %, 6928 MiB, 16384 MiB, 9.20 W, 49
2026/09/15 03:38:52.430, 1 %, 0 %, 6928 MiB, 16384 MiB, 7.66 W, 48
2026/09/15 03:38:53.441, 0 %, 0 %, 6928 MiB, 16384 MiB, 7.73 W, 48
2026/09/15 03:38:54.447, 0 %, 0 %, 6928 MiB, 16384 MiB, 7.82 W, 48
2026/09/15 03:38:55.453, 0 %, 0 %, 6928 MiB, 16384 MiB, 7.70 W, 48
2026/09/15 03:38:56.460, 0 %, 0 %, 6928 MiB, 16384 MiB, 7.55 W, 48
2026/09/15 03:38:57.466, 0 %, 0 %, 6928 MiB, 16384 MiB, 7.72 W, 48
2026/09/15 03:38:58.472, 0 %, 0 %, 6928 MiB, 16384 MiB, 7.42 W, 48
2026/09/15 03:38:59.479, 0 %, 0 %, 6928 MiB, 16384 MiB, 7.86 W, 48
2026/09/15 03:39:00.485, 0 %, 0 %, 6928 MiB, 16384 MiB, 7.80 W, 48
2026/09/15 03:39:01.491, 0 %, 0 %, 6928 MiB, 16384 MiB, 8.01 W, 48
2026/09/15 03:39:02.497, 0 %, 0 %, 6928 MiB, 16384 MiB, 7.76 W, 47
2026/09/15 03:39:03.503, 0 %, 0 %, 6928 MiB, 16384 MiB, 7.79 W, 47
2026/09/15 03:39:04.510, 0 %, 0 %, 6928 MiB, 16384 MiB, 7.67 W, 47
2026/09/15 03:39:05.516, 0 %, 0 %, 6928 MiB, 16384 MiB, 7.63 W, 47
2026/09/15 03:39:06.522, 0 %, 0 %, 6928 MiB, 16384 MiB, 7.48 W, 47
2026/09/15 03:39:07.528, 0 %, 0 %, 6928 MiB, 16384 MiB, 7.44 W, 47
2026/09/15 03:39:08.534, 0 %, 0 %, 6928 MiB, 16384 MiB, 8.97 W, 47
2026/09/15 03:39:09.540, 0 %, 0 %, 6928 MiB, 16384 MiB, 7.11 W, 47
2026/09/15 03:39:10.552, 0 %, 0 %, 6928 MiB, 16384 MiB, 7.11 W, 47
2026/09/15 03:39:11.558, 0 %, 0 %, 6928 MiB, 16384 MiB, 7.18 W, 47
2026/09/15 03:39:12.564, 0 %, 0 %, 6928 MiB, 16384 MiB, 7.43 W, 47
2026/09/15 03:39:13.570, 0 %, 0 %, 6928 MiB, 16384 MiB, 7.28 W, 46
2026/09/15 03:39:14.576, 0 %, 0 %, 6928 MiB, 16384 MiB, 7.16 W, 46
2026/09/15 03:39:15.583, 0 %, 0 %, 6928 MiB, 16384 MiB, 7.15 W, 46
2026/09/15 03:39:16.589, 0 %, 0 %, 6928 MiB, 16384 MiB, 7.32 W, 46
2026/09/15 03:39:17.595, 0 %, 0 %, 6928 MiB, 16384 MiB, 7.17 W, 46
2026/09/15 03:39:18.601, 0 %, 0 %, 6928 MiB, 16384 MiB, 6.97 W, 46
2026/09/15 03:39:19.611, 0 %, 0 %, 6928 MiB, 16384 MiB, 6.92 W, 46
2026/09/15 03:39:20.617, 0 %, 0 %, 6928 MiB, 16384 MiB, 6.91 W, 46
2026/09/15 03:39:21.624, 0 %, 0 %, 6928 MiB, 16384 MiB, 7.10 W, 46
2026/09/15 03:39:22.630, 0 %, 0 %, 6928 MiB, 16384 MiB, 7.19 W, 46
2026/09/15 03:39:23.636, 0 %, 0 %, 6928 MiB, 16384 MiB, 9.02 W, 46
2026/09/15 03:39:24.641, 0 %, 0 %, 6928 MiB, 16384 MiB, 8.05 W, 46
2026/09/15 03:39:25.647, 0 %, 0 %, 6928 MiB, 16384 MiB, 7.31 W, 46
2026/09/15 03:39:26.657, 0 %, 0 %, 6928 MiB, 16384 MiB, 7.24 W, 46
2026/09/15 03:39:27.664, 0 %, 0 %, 6928 MiB, 16384 MiB, 7.15 W, 45
2026/09/15 03:39:28.670, 0 %, 0 %, 6928 MiB, 16384 MiB, 6.97 W, 45
2026/09/15 03:39:29.676, 0 %, 0 %, 6928 MiB, 16384 MiB, 7.05 W, 45
2026/09/15 03:39:30.682, 0 %, 0 %, 6928 MiB, 16384 MiB, 7.18 W, 45
2026/09/15 03:39:31.689, 0 %, 0 %, 6928 MiB, 16384 MiB, 7.23 W, 45
2026/09/15 03:39:32.695, 0 %, 0 %, 6928 MiB, 16384 MiB, 6.99 W, 45
2026/09/15 03:39:33.701, 0 %, 0 %, 6928 MiB, 16384 MiB, 6.83 W, 45
2026/09/15 03:39:34.707, 0 %, 0 %, 6928 MiB, 16384 MiB, 6.84 W, 45
2026/09/15 03:39:35.713, 0 %, 0 %, 6928 MiB, 16384 MiB, 6.95 W, 45
2026/09/15 03:39:36.719, 0 %, 0 %, 6928 MiB, 16384 MiB, 6.93 W, 45
2026/09/15 03:39:37.725, 0 %, 0 %, 6928 MiB, 16384 MiB, 7.05 W, 45
2026/09/15 03:39:38.731, 0 %, 0 %, 6928 MiB, 16384 MiB, 7.16 W, 45
2026/09/15 03:39:39.737, 0 %, 0 %, 6928 MiB, 16384 MiB, 7.19 W, 45
2026/09/15 03:39:40.743, 0 %, 0 %, 6928 MiB, 16384 MiB, 9.14 W, 45
2026/09/15 03:39:41.749, 0 %, 0 %, 6928 MiB, 16384 MiB, 8.36 W, 45
2026/09/15 03:39:42.755, 0 %, 0 %, 6928 MiB, 16384 MiB, 7.07 W, 45
2026/09/15 03:39:43.762, 0 %, 0 %, 6928 MiB, 16384 MiB, 6.93 W, 45
2026/09/15 03:39:44.768, 0 %, 0 %, 6928 MiB, 16384 MiB, 6.71 W, 45
2026/09/15 03:39:45.775, 0 %, 0 %, 6928 MiB, 16384 MiB, 6.76 W, 44
2026/09/15 03:39:46.781, 0 %, 0 %, 6928 MiB, 16384 MiB, 6.80 W, 44
2026/09/15 03:39:47.787, 0 %, 0 %, 6928 MiB, 16384 MiB, 6.73 W, 44
2026/09/15 03:39:48.794, 0 %, 0 %, 6928 MiB, 16384 MiB, 6.80 W, 44
2026/09/15 03:39:49.800, 1 %, 0 %, 6928 MiB, 16384 MiB, 6.93 W, 44
2026/09/15 03:39:50.807, 0 %, 0 %, 6928 MiB, 16384 MiB, 6.73 W, 44
2026/09/15 03:39:51.813, 0 %, 0 %, 6928 MiB, 16384 MiB, 6.80 W, 44
2026/09/15 03:39:52.820, 0 %, 0 %, 6928 MiB, 16384 MiB, 6.74 W, 44
2026/09/15 03:39:53.826, 0 %, 0 %, 6928 MiB, 16384 MiB, 6.78 W, 44
2026/09/15 03:39:54.832, 0 %, 0 %, 6928 MiB, 16384 MiB, 6.79 W, 44
2026/09/15 03:39:55.839, 0 %, 0 %, 6928 MiB, 16384 MiB, 7.10 W, 44
2026/09/15 03:39:56.845, 0 %, 0 %, 6928 MiB, 16384 MiB, 9.02 W, 44
2026/09/15 03:39:57.851, 0 %, 0 %, 6928 MiB, 16384 MiB, 8.34 W, 44
2026/09/15 03:39:58.857, 0 %, 0 %, 6928 MiB, 16384 MiB, 7.32 W, 44
2026/09/15 03:39:59.863, 0 %, 0 %, 6928 MiB, 16384 MiB, 7.39 W, 44
2026/09/15 03:40:00.869, 0 %, 0 %, 6928 MiB, 16384 MiB, 7.15 W, 44
2026/09/15 03:40:01.875, 0 %, 0 %, 6928 MiB, 16384 MiB, 7.30 W, 44
2026/09/15 03:40:02.882, 0 %, 0 %, 6928 MiB, 16384 MiB, 7.24 W, 44
2026/09/15 03:40:03.888, 0 %, 0 %, 6928 MiB, 16384 MiB, 7.13 W, 44
2026/09/15 03:40:04.895, 0 %, 0 %, 6928 MiB, 16384 MiB, 7.43 W, 43
2026/09/15 03:40:05.902, 0 %, 0 %, 6928 MiB, 16384 MiB, 7.34 W, 44
2026/09/15 03:40:06.908, 0 %, 0 %, 6928 MiB, 16384 MiB, 7.23 W, 43
2026/09/15 03:40:07.915, 0 %, 0 %, 6928 MiB, 16384 MiB, 7.11 W, 43
2026/09/15 03:40:08.921, 0 %, 0 %, 6928 MiB, 16384 MiB, 7.17 W, 43
2026/09/15 03:40:09.927, 0 %, 0 %, 6928 MiB, 16384 MiB, 7.23 W, 43
2026/09/15 03:40:10.934, 0 %, 0 %, 6928 MiB, 16384 MiB, 7.30 W, 43
2026/09/15 03:40:11.940, 0 %, 0 %, 6928 MiB, 16384 MiB, 7.30 W, 43
2026/09/15 03:40:12.947, 0 %, 0 %, 6928 MiB, 16384 MiB, 7.38 W, 43
2026/09/15 03:40:13.953, 0 %, 0 %, 6928 MiB, 16384 MiB, 8.40 W, 43
2026/09/15 03:40:14.959, 0 %, 0 %, 6928 MiB, 16384 MiB, 8.73 W, 43
2026/09/15 03:40:15.965, 0 %, 0 %, 6928 MiB, 16384 MiB, 7.12 W, 43
2026/09/15 03:40:16.971, 0 %, 0 %, 6928 MiB, 16384 MiB, 7.01 W, 43
2026/09/15 03:40:17.977, 0 %, 0 %, 6928 MiB, 16384 MiB, 6.91 W, 43
2026/09/15 03:40:18.983, 0 %, 0 %, 6928 MiB, 16384 MiB, 6.86 W, 43
2026/09/15 03:40:19.990, 0 %, 0 %, 6928 MiB, 16384 MiB, 6.96 W, 43
2026/09/15 03:40:20.996, 0 %, 0 %, 6928 MiB, 16384 MiB, 7.15 W, 43
2026/09/15 03:40:22.002, 0 %, 0 %, 6928 MiB, 16384 MiB, 7.01 W, 43
2026/09/15 03:40:23.009, 0 %, 0 %, 6928 MiB, 16384 MiB, 7.18 W, 43
2026/09/15 03:40:24.015, 0 %, 0 %, 6928 MiB, 16384 MiB, 7.27 W, 43
2026/09/15 03:40:25.021, 0 %, 0 %, 6928 MiB, 16384 MiB, 7.10 W, 43
2026/09/15 03:40:26.027, 0 %, 0 %, 6928 MiB, 16384 MiB, 7.26 W, 43
2026/09/15 03:40:27.034, 0 %, 0 %, 6928 MiB, 16384 MiB, 7.06 W, 43
2026/09/15 03:40:28.040, 0 %, 0 %, 6928 MiB, 16384 MiB, 7.27 W, 43
2026/09/15 03:40:29.046, 0 %, 0 %, 6928 MiB, 16384 MiB, 7.13 W, 42
2026/09/15 03:40:30.052, 0 %, 0 %, 6928 MiB, 16384 MiB, 7.04 W, 42
2026/09/15 03:40:31.058, 0 %, 0 %, 6928 MiB, 16384 MiB, 7.13 W, 42
2026/09/15 03:40:32.064, 0 %, 0 %, 6928 MiB, 16384 MiB, 8.69 W, 42
2026/09/15 03:40:33.069, 0 %, 0 %, 6928 MiB, 16384 MiB, 7.23 W, 42
2026/09/15 03:40:34.081, 0 %, 0 %, 6928 MiB, 16384 MiB, 6.76 W, 42
2026/09/15 03:40:35.087, 0 %, 0 %, 6928 MiB, 16384 MiB, 6.83 W, 42
2026/09/15 03:40:36.094, 0 %, 0 %, 6928 MiB, 16384 MiB, 6.95 W, 42
2026/09/15 03:40:37.100, 0 %, 0 %, 6928 MiB, 16384 MiB, 6.83 W, 42
2026/09/15 03:40:38.106, 0 %, 0 %, 6928 MiB, 16384 MiB, 6.82 W, 42
2026/09/15 03:40:39.113, 0 %, 0 %, 6928 MiB, 16384 MiB, 6.83 W, 42
2026/09/15 03:40:40.119, 0 %, 0 %, 6928 MiB, 16384 MiB, 6.96 W, 42
2026/09/15 03:40:41.125, 0 %, 0 %, 6928 MiB, 16384 MiB, 6.83 W, 42
2026/09/15 03:40:42.131, 0 %, 0 %, 6928 MiB, 16384 MiB, 6.90 W, 42
2026/09/15 03:40:43.138, 0 %, 0 %, 6928 MiB, 16384 MiB, 7.02 W, 42
2026/09/15 03:40:44.144, 0 %, 0 %, 6928 MiB, 16384 MiB, 6.90 W, 42
2026/09/15 03:40:45.150, 0 %, 0 %, 6928 MiB, 16384 MiB, 6.95 W, 42
2026/09/15 03:40:46.156, 0 %, 0 %, 6928 MiB, 16384 MiB, 7.01 W, 42
2026/09/15 03:40:47.162, 1 %, 0 %, 6928 MiB, 16384 MiB, 7.39 W, 42
2026/09/15 03:40:48.168, 0 %, 0 %, 6928 MiB, 16384 MiB, 8.63 W, 42
2026/09/15 03:40:49.174, 0 %, 0 %, 6928 MiB, 16384 MiB, 6.83 W, 42
2026/09/15 03:40:50.179, 0 %, 0 %, 6928 MiB, 16384 MiB, 6.84 W, 42
2026/09/15 03:40:51.186, 0 %, 0 %, 6928 MiB, 16384 MiB, 6.80 W, 42
2026/09/15 03:40:52.192, 0 %, 0 %, 6928 MiB, 16384 MiB, 6.87 W, 42
2026/09/15 03:40:53.198, 0 %, 0 %, 6928 MiB, 16384 MiB, 6.85 W, 42
2026/09/15 03:40:54.205, 0 %, 0 %, 6928 MiB, 16384 MiB, 7.27 W, 42
2026/09/15 03:40:55.211, 0 %, 0 %, 6928 MiB, 16384 MiB, 7.22 W, 42
2026/09/15 03:40:56.217, 0 %, 0 %, 6928 MiB, 16384 MiB, 7.21 W, 42
2026/09/15 03:40:57.223, 0 %, 0 %, 6928 MiB, 16384 MiB, 7.40 W, 42
2026/09/15 03:40:58.230, 0 %, 0 %, 6928 MiB, 16384 MiB, 7.19 W, 42
2026/09/15 03:40:59.237, 0 %, 0 %, 6928 MiB, 16384 MiB, 7.26 W, 42
2026/09/15 03:41:00.243, 0 %, 0 %, 6928 MiB, 16384 MiB, 7.28 W, 42
2026/09/15 03:41:01.249, 0 %, 0 %, 6928 MiB, 16384 MiB, 7.48 W, 42
2026/09/15 03:41:02.255, 0 %, 0 %, 6928 MiB, 16384 MiB, 7.74 W, 42
2026/09/15 03:41:03.261, 0 %, 0 %, 6928 MiB, 16384 MiB, 7.61 W, 41
2026/09/15 03:41:04.268, 0 %, 0 %, 6928 MiB, 16384 MiB, 7.67 W, 41
2026/09/15 03:41:05.274, 0 %, 0 %, 6928 MiB, 16384 MiB, 9.53 W, 41
2026/09/15 03:41:06.280, 0 %, 0 %, 6928 MiB, 16384 MiB, 9.00 W, 41
2026/09/15 03:41:07.286, 0 %, 0 %, 6928 MiB, 16384 MiB, 7.49 W, 41
2026/09/15 03:41:08.292, 0 %, 0 %, 6928 MiB, 16384 MiB, 7.38 W, 41
2026/09/15 03:41:09.299, 0 %, 0 %, 6928 MiB, 16384 MiB, 7.19 W, 41
2026/09/15 03:41:10.305, 0 %, 0 %, 6928 MiB, 16384 MiB, 7.30 W, 41
2026/09/15 03:41:11.311, 0 %, 0 %, 6928 MiB, 16384 MiB, 7.39 W, 41
2026/09/15 03:41:12.318, 0 %, 0 %, 6928 MiB, 16384 MiB, 7.33 W, 41
2026/09/15 03:41:13.324, 0 %, 0 %, 6928 MiB, 16384 MiB, 7.28 W, 41
2026/09/15 03:41:14.330, 0 %, 0 %, 6928 MiB, 16384 MiB, 7.17 W, 41
2026/09/15 03:41:15.336, 0 %, 0 %, 6928 MiB, 16384 MiB, 7.18 W, 41
2026/09/15 03:41:16.342, 0 %, 0 %, 6928 MiB, 16384 MiB, 7.38 W, 41
2026/09/15 03:41:17.348, 0 %, 0 %, 6928 MiB, 16384 MiB, 7.07 W, 41
2026/09/15 03:41:18.354, 0 %, 0 %, 6928 MiB, 16384 MiB, 7.22 W, 41
2026/09/15 03:41:19.361, 0 %, 0 %, 6928 MiB, 16384 MiB, 7.18 W, 41
2026/09/15 03:41:20.367, 0 %, 0 %, 6928 MiB, 16384 MiB, 7.35 W, 41
2026/09/15 03:41:21.373, 0 %, 0 %, 6928 MiB, 16384 MiB, 9.03 W, 41
2026/09/15 03:41:22.378, 0 %, 0 %, 6928 MiB, 16384 MiB, 8.64 W, 41
2026/09/15 03:41:23.384, 0 %, 0 %, 6928 MiB, 16384 MiB, 7.33 W, 41
2026/09/15 03:41:24.390, 0 %, 0 %, 6928 MiB, 16384 MiB, 7.13 W, 41
2026/09/15 03:41:25.396, 0 %, 0 %, 6928 MiB, 16384 MiB, 7.23 W, 41
2026/09/15 03:41:26.402, 0 %, 0 %, 6928 MiB, 16384 MiB, 7.04 W, 41
2026/09/15 03:41:27.409, 0 %, 0 %, 6928 MiB, 16384 MiB, 7.05 W, 41
2026/09/15 03:41:28.415, 0 %, 0 %, 6928 MiB, 16384 MiB, 6.87 W, 41
2026/09/15 03:41:29.421, 0 %, 0 %, 6928 MiB, 16384 MiB, 6.78 W, 41
2026/09/15 03:41:30.428, 0 %, 0 %, 6928 MiB, 16384 MiB, 6.61 W, 41
2026/09/15 03:41:31.437, 0 %, 0 %, 6928 MiB, 16384 MiB, 6.65 W, 41
2026/09/15 03:41:32.444, 0 %, 0 %, 6928 MiB, 16384 MiB, 6.75 W, 41
2026/09/15 03:41:33.450, 0 %, 0 %, 6928 MiB, 16384 MiB, 6.86 W, 41
2026/09/15 03:41:34.456, 0 %, 0 %, 6928 MiB, 16384 MiB, 6.77 W, 41
2026/09/15 03:41:35.462, 0 %, 0 %, 6928 MiB, 16384 MiB, 6.62 W, 41
2026/09/15 03:41:36.468, 0 %, 0 %, 6928 MiB, 16384 MiB, 6.80 W, 41
2026/09/15 03:41:37.474, 0 %, 0 %, 6928 MiB, 16384 MiB, 6.92 W, 41
2026/09/15 03:41:38.480, 0 %, 0 %, 6928 MiB, 16384 MiB, 7.38 W, 41
2026/09/15 03:41:39.486, 0 %, 0 %, 6928 MiB, 16384 MiB, 8.69 W, 41
2026/09/15 03:41:40.492, 0 %, 0 %, 6928 MiB, 16384 MiB, 7.04 W, 41
2026/09/15 03:41:41.497, 0 %, 0 %, 6928 MiB, 16384 MiB, 7.10 W, 40
2026/09/15 03:41:42.504, 0 %, 0 %, 6928 MiB, 16384 MiB, 7.24 W, 40
2026/09/15 03:41:43.510, 0 %, 0 %, 6928 MiB, 16384 MiB, 7.06 W, 40
2026/09/15 03:41:44.516, 1 %, 0 %, 6928 MiB, 16384 MiB, 7.24 W, 40
2026/09/15 03:41:45.523, 0 %, 0 %, 6928 MiB, 16384 MiB, 7.11 W, 40
2026/09/15 03:41:46.529, 0 %, 0 %, 6928 MiB, 16384 MiB, 7.23 W, 40
2026/09/15 03:41:47.535, 0 %, 0 %, 6928 MiB, 16384 MiB, 7.12 W, 40
2026/09/15 03:41:48.541, 0 %, 0 %, 6928 MiB, 16384 MiB, 6.99 W, 40
2026/09/15 03:41:49.548, 0 %, 0 %, 6928 MiB, 16384 MiB, 7.07 W, 40
2026/09/15 03:41:50.554, 0 %, 0 %, 6928 MiB, 16384 MiB, 6.95 W, 40
2026/09/15 03:41:51.560, 0 %, 0 %, 6928 MiB, 16384 MiB, 7.61 W, 40
2026/09/15 03:41:52.566, 0 %, 0 %, 6928 MiB, 16384 MiB, 7.41 W, 40
2026/09/15 03:41:53.572, 0 %, 0 %, 6928 MiB, 16384 MiB, 53.10 W, 43
2026/09/15 03:41:54.574, 0 %, 0 %, 6928 MiB, 16384 MiB, 54.02 W, 43
2026/09/15 03:41:55.576, 0 %, 0 %, 6928 MiB, 16384 MiB, 41.52 W, 43
2026/09/15 03:41:56.579, 100 %, 4 %, 6928 MiB, 16384 MiB, 57.57 W, 44
2026/09/15 03:41:57.581, 100 %, 4 %, 6928 MiB, 16384 MiB, 56.32 W, 44
2026/09/15 03:41:58.583, 100 %, 4 %, 6928 MiB, 16384 MiB, 56.38 W, 45
2026/09/15 03:41:59.585, 100 %, 4 %, 6928 MiB, 16384 MiB, 56.80 W, 45
2026/09/15 03:42:00.588, 100 %, 4 %, 6928 MiB, 16384 MiB, 56.36 W, 45
2026/09/15 03:42:01.590, 99 %, 4 %, 6928 MiB, 16384 MiB, 57.03 W, 45
2026/09/15 03:42:02.593, 100 %, 4 %, 6928 MiB, 16384 MiB, 56.59 W, 45
2026/09/15 03:42:03.595, 100 %, 4 %, 6928 MiB, 16384 MiB, 56.78 W, 45
2026/09/15 03:42:04.598, 100 %, 4 %, 6928 MiB, 16384 MiB, 56.99 W, 46
2026/09/15 03:42:05.600, 100 %, 4 %, 6928 MiB, 16384 MiB, 56.66 W, 46
2026/09/15 03:42:06.602, 13 %, 1 %, 6928 MiB, 16384 MiB, 54.39 W, 46
2026/09/15 03:42:07.605, 0 %, 0 %, 6928 MiB, 16384 MiB, 54.50 W, 46
2026/09/15 03:42:08.609, 0 %, 0 %, 6928 MiB, 16384 MiB, 41.12 W, 45
2026/09/15 03:42:09.612, 0 %, 0 %, 6928 MiB, 16384 MiB, 41.21 W, 45
2026/09/15 03:42:10.616, 0 %, 0 %, 6928 MiB, 16384 MiB, 41.15 W, 45
2026/09/15 03:42:11.619, 0 %, 0 %, 6928 MiB, 16384 MiB, 41.18 W, 45
2026/09/15 03:42:12.622, 0 %, 0 %, 6928 MiB, 16384 MiB, 40.94 W, 45
2026/09/15 03:42:13.625, 2 %, 0 %, 6928 MiB, 16384 MiB, 41.72 W, 45
2026/09/15 03:42:14.628, 19 %, 1 %, 6928 MiB, 16384 MiB, 41.92 W, 45
2026/09/15 03:42:15.631, 22 %, 1 %, 6928 MiB, 16384 MiB, 41.69 W, 45
2026/09/15 03:42:16.634, 19 %, 1 %, 6928 MiB, 16384 MiB, 42.19 W, 46
2026/09/15 03:42:17.638, 20 %, 1 %, 6928 MiB, 16384 MiB, 42.23 W, 46
2026/09/15 03:42:18.641, 15 %, 1 %, 6928 MiB, 16384 MiB, 41.43 W, 46
2026/09/15 03:42:19.644, 0 %, 0 %, 6928 MiB, 16384 MiB, 41.01 W, 46
2026/09/15 03:42:20.651, 1 %, 0 %, 6928 MiB, 16384 MiB, 41.08 W, 46
2026/09/15 03:42:21.655, 0 %, 0 %, 6928 MiB, 16384 MiB, 40.93 W, 46
2026/09/15 03:42:22.657, 0 %, 0 %, 6928 MiB, 16384 MiB, 41.09 W, 46
2026/09/15 03:42:23.660, 1 %, 0 %, 6928 MiB, 16384 MiB, 41.04 W, 46
2026/09/15 03:42:24.662, 0 %, 0 %, 6928 MiB, 16384 MiB, 41.04 W, 46
2026/09/15 03:42:25.665, 0 %, 0 %, 6928 MiB, 16384 MiB, 41.27 W, 46
2026/09/15 03:42:26.667, 1 %, 0 %, 6928 MiB, 16384 MiB, 40.99 W, 46
2026/09/15 03:42:27.670, 1 %, 0 %, 6928 MiB, 16384 MiB, 40.98 W, 46
2026/09/15 03:42:28.673, 11 %, 0 %, 6928 MiB, 16384 MiB, 41.00 W, 46
2026/09/15 03:42:29.677, 0 %, 0 %, 6928 MiB, 16384 MiB, 41.07 W, 46
2026/09/15 03:42:30.681, 20 %, 1 %, 6928 MiB, 16384 MiB, 42.08 W, 46
2026/09/15 03:42:31.684, 22 %, 1 %, 6928 MiB, 16384 MiB, 41.98 W, 46
2026/09/15 03:42:32.687, 22 %, 1 %, 6928 MiB, 16384 MiB, 42.00 W, 46
2026/09/15 03:42:33.689, 21 %, 1 %, 6928 MiB, 16384 MiB, 41.79 W, 46
2026/09/15 03:42:34.692, 12 %, 0 %, 6928 MiB, 16384 MiB, 42.13 W, 46
2026/09/15 03:42:35.770, 20 %, 1 %, 6928 MiB, 16384 MiB, 41.58 W, 46
2026/09/15 03:42:36.772, 4 %, 0 %, 6928 MiB, 16384 MiB, 41.31 W, 46
2026/09/15 03:42:37.775, 0 %, 0 %, 6928 MiB, 16384 MiB, 41.35 W, 47
2026/09/15 03:42:38.777, 22 %, 1 %, 6928 MiB, 16384 MiB, 42.97 W, 47
2026/09/15 03:42:39.780, 1 %, 0 %, 6928 MiB, 16384 MiB, 42.16 W, 47
2026/09/15 03:42:40.782, 0 %, 0 %, 6928 MiB, 16384 MiB, 41.65 W, 47
2026/09/15 03:42:41.785, 0 %, 0 %, 6928 MiB, 16384 MiB, 41.51 W, 47
2026/09/15 03:42:42.787, 0 %, 0 %, 6928 MiB, 16384 MiB, 41.83 W, 47
2026/09/15 03:42:43.790, 0 %, 0 %, 6928 MiB, 16384 MiB, 41.54 W, 47
2026/09/15 03:42:44.793, 1 %, 0 %, 6928 MiB, 16384 MiB, 41.57 W, 47
2026/09/15 03:42:45.795, 21 %, 1 %, 6928 MiB, 16384 MiB, 42.28 W, 47
2026/09/15 03:42:46.798, 20 %, 1 %, 6928 MiB, 16384 MiB, 42.28 W, 47
2026/09/15 03:42:47.800, 8 %, 0 %, 6928 MiB, 16384 MiB, 41.43 W, 47
2026/09/15 03:42:48.803, 21 %, 1 %, 6928 MiB, 16384 MiB, 42.17 W, 47
2026/09/15 03:42:49.805, 5 %, 0 %, 6928 MiB, 16384 MiB, 41.91 W, 47
2026/09/15 03:42:50.808, 21 %, 1 %, 6928 MiB, 16384 MiB, 42.06 W, 47
2026/09/15 03:42:51.810, 1 %, 0 %, 6928 MiB, 16384 MiB, 41.47 W, 47
2026/09/15 03:42:52.813, 12 %, 0 %, 6928 MiB, 16384 MiB, 41.26 W, 47
2026/09/15 03:42:53.816, 0 %, 0 %, 6928 MiB, 16384 MiB, 41.28 W, 47
2026/09/15 03:42:54.819, 0 %, 0 %, 6928 MiB, 16384 MiB, 41.31 W, 47
2026/09/15 03:42:55.822, 1 %, 0 %, 6928 MiB, 16384 MiB, 41.34 W, 47
2026/09/15 03:42:56.825, 0 %, 0 %, 6928 MiB, 16384 MiB, 41.57 W, 47
2026/09/15 03:42:57.828, 0 %, 0 %, 6928 MiB, 16384 MiB, 41.56 W, 47
2026/09/15 03:42:58.831, 0 %, 0 %, 6928 MiB, 16384 MiB, 41.70 W, 47
2026/09/15 03:42:59.834, 22 %, 1 %, 6928 MiB, 16384 MiB, 43.06 W, 47
2026/09/15 03:43:00.837, 21 %, 1 %, 6928 MiB, 16384 MiB, 43.01 W, 48
2026/09/15 03:43:01.841, 21 %, 1 %, 6928 MiB, 16384 MiB, 42.37 W, 48
2026/09/15 03:43:02.844, 19 %, 1 %, 6928 MiB, 16384 MiB, 42.08 W, 48
2026/09/15 03:43:03.847, 0 %, 0 %, 6928 MiB, 16384 MiB, 41.71 W, 47
2026/09/15 03:43:04.850, 20 %, 1 %, 6928 MiB, 16384 MiB, 42.10 W, 48
2026/09/15 03:43:05.854, 9 %, 0 %, 6928 MiB, 16384 MiB, 41.55 W, 48
2026/09/15 03:43:06.857, 18 %, 1 %, 6928 MiB, 16384 MiB, 41.85 W, 48
2026/09/15 03:43:07.860, 0 %, 0 %, 6928 MiB, 16384 MiB, 41.57 W, 48
2026/09/15 03:43:08.864, 4 %, 0 %, 6928 MiB, 16384 MiB, 41.24 W, 48
2026/09/15 03:43:09.868, 0 %, 0 %, 6928 MiB, 16384 MiB, 41.16 W, 48
2026/09/15 03:43:10.871, 0 %, 0 %, 6928 MiB, 16384 MiB, 41.12 W, 48
2026/09/15 03:43:11.876, 0 %, 0 %, 6928 MiB, 16384 MiB, 41.57 W, 48
2026/09/15 03:43:12.879, 1 %, 0 %, 6928 MiB, 16384 MiB, 41.66 W, 48
2026/09/15 03:43:13.883, 20 %, 1 %, 6928 MiB, 16384 MiB, 42.15 W, 48
2026/09/15 03:43:14.886, 21 %, 1 %, 6928 MiB, 16384 MiB, 42.37 W, 48
2026/09/15 03:43:15.890, 0 %, 0 %, 6928 MiB, 16384 MiB, 41.66 W, 48
2026/09/15 03:43:16.894, 0 %, 0 %, 6928 MiB, 16384 MiB, 41.56 W, 48
2026/09/15 03:43:17.897, 4 %, 0 %, 6928 MiB, 16384 MiB, 41.98 W, 48
2026/09/15 03:43:18.901, 0 %, 0 %, 6928 MiB, 16384 MiB, 41.50 W, 48
2026/09/15 03:43:19.904, 16 %, 1 %, 6928 MiB, 16384 MiB, 42.33 W, 48
2026/09/15 03:43:20.908, 0 %, 0 %, 6928 MiB, 16384 MiB, 42.35 W, 48
2026/09/15 03:43:21.911, 0 %, 0 %, 6928 MiB, 16384 MiB, 42.31 W, 48
2026/09/15 03:43:22.915, 0 %, 0 %, 6928 MiB, 16384 MiB, 41.58 W, 48
2026/09/15 03:43:23.918, 0 %, 0 %, 6928 MiB, 16384 MiB, 41.66 W, 48
2026/09/15 03:43:24.922, 0 %, 0 %, 6928 MiB, 16384 MiB, 41.50 W, 48
2026/09/15 03:43:25.926, 0 %, 0 %, 6928 MiB, 16384 MiB, 41.30 W, 48
2026/09/15 03:43:26.928, 21 %, 1 %, 6928 MiB, 16384 MiB, 41.98 W, 48
2026/09/15 03:43:27.932, 20 %, 1 %, 6928 MiB, 16384 MiB, 42.18 W, 48
2026/09/15 03:43:28.935, 6 %, 0 %, 6928 MiB, 16384 MiB, 41.53 W, 48
2026/09/15 03:43:29.939, 20 %, 1 %, 6928 MiB, 16384 MiB, 42.45 W, 48
2026/09/15 03:43:30.942, 1 %, 0 %, 6928 MiB, 16384 MiB, 41.83 W, 48
2026/09/15 03:43:31.946, 20 %, 1 %, 6928 MiB, 16384 MiB, 42.43 W, 48
2026/09/15 03:43:32.949, 1 %, 0 %, 6928 MiB, 16384 MiB, 41.76 W, 48
2026/09/15 03:43:33.953, 0 %, 0 %, 6928 MiB, 16384 MiB, 41.77 W, 49
2026/09/15 03:43:34.957, 0 %, 0 %, 6928 MiB, 16384 MiB, 41.94 W, 49
2026/09/15 03:43:35.959, 1 %, 0 %, 6928 MiB, 16384 MiB, 41.97 W, 49
2026/09/15 03:43:36.962, 0 %, 0 %, 6928 MiB, 16384 MiB, 41.96 W, 49
2026/09/15 03:43:37.965, 0 %, 0 %, 6928 MiB, 16384 MiB, 42.18 W, 49
2026/09/15 03:43:38.967, 1 %, 0 %, 6928 MiB, 16384 MiB, 42.08 W, 49
2026/09/15 03:43:39.970, 0 %, 0 %, 6928 MiB, 16384 MiB, 42.15 W, 49
2026/09/15 03:43:40.972, 0 %, 0 %, 6928 MiB, 16384 MiB, 42.21 W, 49
2026/09/15 03:43:41.975, 0 %, 0 %, 6928 MiB, 16384 MiB, 42.63 W, 49
2026/09/15 03:43:42.977, 23 %, 1 %, 6928 MiB, 16384 MiB, 43.42 W, 49
2026/09/15 03:43:43.980, 21 %, 1 %, 6928 MiB, 16384 MiB, 42.82 W, 49
2026/09/15 03:43:44.983, 18 %, 1 %, 6928 MiB, 16384 MiB, 42.53 W, 49
2026/09/15 03:43:45.985, 20 %, 1 %, 6928 MiB, 16384 MiB, 42.76 W, 49
2026/09/15 03:43:46.988, 22 %, 1 %, 6928 MiB, 16384 MiB, 42.84 W, 49
2026/09/15 03:43:47.990, 0 %, 0 %, 6928 MiB, 16384 MiB, 42.00 W, 49
2026/09/15 03:43:48.993, 0 %, 0 %, 6928 MiB, 16384 MiB, 41.80 W, 49
2026/09/15 03:43:49.995, 0 %, 0 %, 6928 MiB, 16384 MiB, 41.88 W, 49
2026/09/15 03:43:50.998, 0 %, 0 %, 6928 MiB, 16384 MiB, 41.91 W, 49
2026/09/15 03:43:52.000, 1 %, 0 %, 6928 MiB, 16384 MiB, 41.84 W, 49
2026/09/15 03:43:53.003, 0 %, 0 %, 6928 MiB, 16384 MiB, 41.72 W, 49
2026/09/15 03:43:54.006, 0 %, 0 %, 6928 MiB, 16384 MiB, 41.82 W, 49
2026/09/15 03:43:55.009, 0 %, 0 %, 6928 MiB, 16384 MiB, 42.01 W, 49
2026/09/15 03:43:56.012, 0 %, 0 %, 6928 MiB, 16384 MiB, 41.79 W, 49
2026/09/15 03:43:57.015, 0 %, 0 %, 6928 MiB, 16384 MiB, 41.78 W, 49
2026/09/15 03:43:58.019, 20 %, 1 %, 6928 MiB, 16384 MiB, 42.55 W, 49
2026/09/15 03:43:59.022, 19 %, 1 %, 6928 MiB, 16384 MiB, 43.15 W, 49
2026/09/15 03:44:00.026, 20 %, 1 %, 6928 MiB, 16384 MiB, 42.99 W, 49
2026/09/15 03:44:01.029, 19 %, 1 %, 6928 MiB, 16384 MiB, 42.69 W, 49
2026/09/15 03:44:02.033, 21 %, 1 %, 6928 MiB, 16384 MiB, 43.26 W, 49
2026/09/15 03:44:03.036, 0 %, 0 %, 6928 MiB, 16384 MiB, 42.86 W, 49
2026/09/15 03:44:04.040, 10 %, 0 %, 6928 MiB, 16384 MiB, 43.07 W, 49
2026/09/15 03:44:05.043, 1 %, 0 %, 6928 MiB, 16384 MiB, 42.17 W, 49
2026/09/15 03:44:06.047, 16 %, 1 %, 6928 MiB, 16384 MiB, 43.21 W, 49
2026/09/15 03:44:07.050, 0 %, 0 %, 6928 MiB, 16384 MiB, 42.15 W, 49
2026/09/15 03:44:08.054, 0 %, 0 %, 6928 MiB, 16384 MiB, 42.11 W, 49
2026/09/15 03:44:09.058, 0 %, 0 %, 6928 MiB, 16384 MiB, 41.72 W, 49
2026/09/15 03:44:10.061, 1 %, 0 %, 6928 MiB, 16384 MiB, 42.00 W, 49
2026/09/15 03:44:11.065, 1 %, 0 %, 6928 MiB, 16384 MiB, 42.10 W, 49
2026/09/15 03:44:12.068, 0 %, 0 %, 6928 MiB, 16384 MiB, 42.02 W, 49
2026/09/15 03:44:13.071, 0 %, 0 %, 6928 MiB, 16384 MiB, 41.87 W, 49
2026/09/15 03:44:14.074, 21 %, 1 %, 6928 MiB, 16384 MiB, 42.66 W, 49
2026/09/15 03:44:15.077, 20 %, 1 %, 6928 MiB, 16384 MiB, 43.12 W, 49
2026/09/15 03:44:16.081, 5 %, 0 %, 6928 MiB, 16384 MiB, 42.18 W, 49
2026/09/15 03:44:17.084, 11 %, 0 %, 6928 MiB, 16384 MiB, 42.94 W, 49
2026/09/15 03:44:18.087, 0 %, 0 %, 6928 MiB, 16384 MiB, 42.67 W, 49
2026/09/15 03:44:19.091, 21 %, 1 %, 6928 MiB, 16384 MiB, 43.04 W, 49
2026/09/15 03:44:20.094, 1 %, 0 %, 6928 MiB, 16384 MiB, 42.22 W, 49
2026/09/15 03:44:21.098, 10 %, 0 %, 6928 MiB, 16384 MiB, 42.89 W, 49
2026/09/15 03:44:22.101, 0 %, 0 %, 6928 MiB, 16384 MiB, 42.33 W, 49
2026/09/15 03:44:23.105, 0 %, 0 %, 6928 MiB, 16384 MiB, 42.72 W, 50
2026/09/15 03:44:24.108, 0 %, 0 %, 6928 MiB, 16384 MiB, 42.91 W, 49
2026/09/15 03:44:25.111, 1 %, 0 %, 6928 MiB, 16384 MiB, 42.48 W, 50
2026/09/15 03:44:26.114, 0 %, 0 %, 6928 MiB, 16384 MiB, 42.39 W, 50
2026/09/15 03:44:27.118, 0 %, 0 %, 6928 MiB, 16384 MiB, 42.17 W, 50
2026/09/15 03:44:28.121, 20 %, 1 %, 6928 MiB, 16384 MiB, 43.03 W, 50
2026/09/15 03:44:29.124, 20 %, 1 %, 6928 MiB, 16384 MiB, 43.29 W, 50
2026/09/15 03:44:30.127, 21 %, 1 %, 6928 MiB, 16384 MiB, 43.40 W, 50
2026/09/15 03:44:31.130, 8 %, 0 %, 6928 MiB, 16384 MiB, 42.43 W, 50
2026/09/15 03:44:32.134, 0 %, 0 %, 6928 MiB, 16384 MiB, 42.23 W, 50
2026/09/15 03:44:33.137, 0 %, 0 %, 6928 MiB, 16384 MiB, 42.32 W, 50
2026/09/15 03:44:34.141, 0 %, 0 %, 6928 MiB, 16384 MiB, 42.24 W, 50
2026/09/15 03:44:35.143, 0 %, 0 %, 6928 MiB, 16384 MiB, 42.55 W, 50
2026/09/15 03:44:36.146, 0 %, 0 %, 6928 MiB, 16384 MiB, 42.82 W, 50
2026/09/15 03:44:37.150, 0 %, 0 %, 6928 MiB, 16384 MiB, 42.65 W, 50
2026/09/15 03:44:38.152, 0 %, 0 %, 6928 MiB, 16384 MiB, 42.53 W, 50
2026/09/15 03:44:39.155, 0 %, 0 %, 6928 MiB, 16384 MiB, 42.92 W, 50
2026/09/15 03:44:40.157, 10 %, 0 %, 6928 MiB, 16384 MiB, 43.32 W, 50
2026/09/15 03:44:41.160, 21 %, 1 %, 6928 MiB, 16384 MiB, 43.34 W, 50
2026/09/15 03:44:42.162, 20 %, 1 %, 6928 MiB, 16384 MiB, 43.28 W, 50
2026/09/15 03:44:43.165, 19 %, 1 %, 6928 MiB, 16384 MiB, 43.27 W, 50
2026/09/15 03:44:44.167, 14 %, 1 %, 6928 MiB, 16384 MiB, 43.58 W, 50
2026/09/15 03:44:45.170, 8 %, 0 %, 6928 MiB, 16384 MiB, 43.19 W, 50
2026/09/15 03:44:46.172, 0 %, 0 %, 6928 MiB, 16384 MiB, 42.69 W, 50
2026/09/15 03:44:47.177, 7 %, 0 %, 6928 MiB, 16384 MiB, 43.42 W, 50
2026/09/15 03:44:48.179, 19 %, 1 %, 6928 MiB, 16384 MiB, 43.38 W, 50
2026/09/15 03:44:49.182, 1 %, 0 %, 6928 MiB, 16384 MiB, 42.71 W, 50
2026/09/15 03:44:50.185, 1 %, 0 %, 6928 MiB, 16384 MiB, 42.71 W, 50
2026/09/15 03:44:51.187, 0 %, 0 %, 6928 MiB, 16384 MiB, 42.35 W, 50
2026/09/15 03:44:52.189, 0 %, 0 %, 6928 MiB, 16384 MiB, 42.40 W, 50
2026/09/15 03:44:53.192, 0 %, 0 %, 6928 MiB, 16384 MiB, 42.39 W, 50
2026/09/15 03:44:54.195, 2 %, 0 %, 6928 MiB, 16384 MiB, 42.71 W, 50
2026/09/15 03:44:55.198, 0 %, 0 %, 6928 MiB, 16384 MiB, 42.56 W, 50
2026/09/15 03:44:56.201, 0 %, 0 %, 6928 MiB, 16384 MiB, 42.44 W, 50
2026/09/15 03:44:57.204, 1 %, 0 %, 6928 MiB, 16384 MiB, 42.24 W, 50
2026/09/15 03:44:58.207, 16 %, 1 %, 6928 MiB, 16384 MiB, 42.78 W, 50
2026/09/15 03:44:59.211, 0 %, 0 %, 6928 MiB, 16384 MiB, 42.64 W, 50
2026/09/15 03:45:00.214, 0 %, 0 %, 6928 MiB, 16384 MiB, 42.56 W, 50
2026/09/15 03:45:01.218, 0 %, 0 %, 6928 MiB, 16384 MiB, 42.66 W, 50
2026/09/15 03:45:02.221, 20 %, 3 %, 5198 MiB, 16384 MiB, 42.86 W, 50
2026/09/15 03:45:03.224, 0 %, 0 %, 6872 MiB, 16384 MiB, 42.73 W, 50
2026/09/15 03:45:04.228, 0 %, 0 %, 6872 MiB, 16384 MiB, 43.08 W, 50
2026/09/15 03:45:05.231, 0 %, 0 %, 6872 MiB, 16384 MiB, 43.37 W, 50
2026/09/15 03:45:06.234, 0 %, 0 %, 6872 MiB, 16384 MiB, 42.80 W, 50
2026/09/15 03:45:07.237, 0 %, 0 %, 6872 MiB, 16384 MiB, 43.00 W, 50
2026/09/15 03:45:08.240, 0 %, 0 %, 6872 MiB, 16384 MiB, 42.89 W, 50
2026/09/15 03:45:09.243, 0 %, 0 %, 6872 MiB, 16384 MiB, 42.61 W, 50
2026/09/15 03:45:10.246, 1 %, 2 %, 6880 MiB, 16384 MiB, 43.99 W, 50
2026/09/15 03:45:11.249, 100 %, 83 %, 8950 MiB, 16384 MiB, 94.34 W, 52
2026/09/15 03:45:12.251, 100 %, 67 %, 8950 MiB, 16384 MiB, 193.74 W, 55
2026/09/15 03:45:13.254, 100 %, 22 %, 8950 MiB, 16384 MiB, 209.48 W, 56
2026/09/15 03:45:14.259, 100 %, 41 %, 8950 MiB, 16384 MiB, 96.47 W, 56
2026/09/15 03:45:15.262, 100 %, 75 %, 8950 MiB, 16384 MiB, 84.74 W, 54
2026/09/15 03:45:16.265, 100 %, 59 %, 8950 MiB, 16384 MiB, 190.46 W, 58
2026/09/15 03:45:17.268, 100 %, 28 %, 8950 MiB, 16384 MiB, 210.44 W, 58
2026/09/15 03:45:18.271, 100 %, 44 %, 8950 MiB, 16384 MiB, 81.29 W, 57
2026/09/15 03:45:19.274, 100 %, 85 %, 8950 MiB, 16384 MiB, 192.09 W, 56
2026/09/15 03:45:20.276, 100 %, 50 %, 8950 MiB, 16384 MiB, 175.84 W, 59
2026/09/15 03:45:21.279, 100 %, 25 %, 8950 MiB, 16384 MiB, 59.12 W, 59
2026/09/15 03:45:22.281, 100 %, 61 %, 8950 MiB, 16384 MiB, 183.21 W, 57
2026/09/15 03:45:23.284, 100 %, 81 %, 8950 MiB, 16384 MiB, 200.28 W, 60
2026/09/15 03:45:24.287, 100 %, 52 %, 8950 MiB, 16384 MiB, 177.25 W, 60
2026/09/15 03:45:25.290, 1 %, 2 %, 8950 MiB, 16384 MiB, 60.72 W, 57
2026/09/15 03:45:26.292, 85 %, 64 %, 8950 MiB, 16384 MiB, 211.39 W, 60
2026/09/15 03:45:27.298, 14 %, 13 %, 8950 MiB, 16384 MiB, 57.69 W, 57
2026/09/15 03:45:28.300, 1 %, 2 %, 8950 MiB, 16384 MiB, 59.71 W, 57
2026/09/15 03:45:29.303, 1 %, 2 %, 8950 MiB, 16384 MiB, 151.91 W, 61
2026/09/15 03:45:30.306, 74 %, 59 %, 8950 MiB, 16384 MiB, 83.54 W, 58
2026/09/15 03:45:31.308, 7 %, 7 %, 8950 MiB, 16384 MiB, 59.91 W, 58
2026/09/15 03:45:32.311, 1 %, 2 %, 8950 MiB, 16384 MiB, 175.32 W, 61
2026/09/15 03:45:33.316, 84 %, 72 %, 8950 MiB, 16384 MiB, 58.92 W, 58
2026/09/15 03:45:34.318, 1 %, 2 %, 8950 MiB, 16384 MiB, 60.08 W, 58
2026/09/15 03:45:35.321, 1 %, 2 %, 8950 MiB, 16384 MiB, 230.57 W, 62
2026/09/15 03:45:36.324, 100 %, 79 %, 8950 MiB, 16384 MiB, 59.24 W, 59
2026/09/15 03:45:37.326, 1 %, 2 %, 8950 MiB, 16384 MiB, 60.06 W, 59
2026/09/15 03:45:38.329, 2 %, 3 %, 8950 MiB, 16384 MiB, 214.65 W, 62
2026/09/15 03:45:39.331, 100 %, 84 %, 8950 MiB, 16384 MiB, 58.75 W, 59
2026/09/15 03:45:40.334, 1 %, 2 %, 8950 MiB, 16384 MiB, 60.27 W, 59
2026/09/15 03:45:41.336, 2 %, 3 %, 8950 MiB, 16384 MiB, 86.03 W, 61
2026/09/15 03:45:42.339, 57 %, 46 %, 8950 MiB, 16384 MiB, 194.25 W, 61
2026/09/15 03:45:43.344, 26 %, 23 %, 8950 MiB, 16384 MiB, 60.88 W, 60
2026/09/15 03:45:44.347, 1 %, 2 %, 8950 MiB, 16384 MiB, 61.93 W, 61
2026/09/15 03:45:45.349, 51 %, 41 %, 8950 MiB, 16384 MiB, 197.76 W, 63
2026/09/15 03:45:46.352, 55 %, 48 %, 8950 MiB, 16384 MiB, 59.36 W, 60
2026/09/15 03:45:47.354, 1 %, 2 %, 8950 MiB, 16384 MiB, 60.70 W, 60
2026/09/15 03:45:48.359, 35 %, 26 %, 8950 MiB, 16384 MiB, 202.56 W, 64
2026/09/15 03:45:49.364, 48 %, 43 %, 8950 MiB, 16384 MiB, 60.49 W, 61
2026/09/15 03:45:50.368, 1 %, 2 %, 8950 MiB, 16384 MiB, 61.02 W, 60
2026/09/15 03:45:51.371, 50 %, 37 %, 8950 MiB, 16384 MiB, 194.84 W, 64
2026/09/15 03:45:52.373, 28 %, 24 %, 8950 MiB, 16384 MiB, 61.52 W, 61
2026/09/15 03:45:53.375, 1 %, 2 %, 8950 MiB, 16384 MiB, 61.30 W, 61
2026/09/15 03:45:54.378, 74 %, 63 %, 8950 MiB, 16384 MiB, 189.53 W, 63
2026/09/15 03:45:55.383, 25 %, 21 %, 8950 MiB, 16384 MiB, 61.90 W, 61
2026/09/15 03:45:56.387, 1 %, 2 %, 8950 MiB, 16384 MiB, 60.72 W, 61
2026/09/15 03:45:57.389, 0 %, 0 %, 8950 MiB, 16384 MiB, 58.04 W, 61
2026/09/15 03:45:58.391, 0 %, 0 %, 8950 MiB, 16384 MiB, 58.38 W, 61
2026/09/15 03:45:59.394, 100 %, 10 %, 13710 MiB, 16384 MiB, 77.57 W, 61
2026/09/15 03:46:00.396, 100 %, 7 %, 13710 MiB, 16384 MiB, 77.26 W, 61
2026/09/15 03:46:01.399, 100 %, 7 %, 13710 MiB, 16384 MiB, 62.15 W, 62
2026/09/15 03:46:02.401, 100 %, 10 %, 13710 MiB, 16384 MiB, 77.67 W, 61
2026/09/15 03:46:03.403, 100 %, 7 %, 13710 MiB, 16384 MiB, 77.08 W, 61
2026/09/15 03:46:04.406, 100 %, 7 %, 13710 MiB, 16384 MiB, 62.08 W, 62
2026/09/15 03:46:05.408, 4 %, 5 %, 13710 MiB, 16384 MiB, 62.26 W, 61
2026/09/15 03:46:06.411, 5 %, 5 %, 13710 MiB, 16384 MiB, 70.27 W, 61
2026/09/15 03:46:07.413, 1 %, 3 %, 13710 MiB, 16384 MiB, 48.31 W, 60
2026/09/15 03:46:08.416, 2 %, 3 %, 13710 MiB, 16384 MiB, 48.41 W, 60
2026/09/15 03:46:09.418, 1 %, 3 %, 13710 MiB, 16384 MiB, 48.40 W, 60
2026/09/15 03:46:10.421, 1 %, 2 %, 13710 MiB, 16384 MiB, 48.54 W, 60
2026/09/15 03:46:11.424, 1 %, 2 %, 13710 MiB, 16384 MiB, 48.24 W, 60
2026/09/15 03:46:12.427, 5 %, 4 %, 13710 MiB, 16384 MiB, 48.30 W, 60
2026/09/15 03:46:13.430, 5 %, 5 %, 13710 MiB, 16384 MiB, 47.97 W, 60
2026/09/15 03:46:14.432, 2 %, 3 %, 13710 MiB, 16384 MiB, 57.53 W, 60
2026/09/15 03:46:15.435, 1 %, 2 %, 13710 MiB, 16384 MiB, 48.16 W, 59
2026/09/15 03:46:16.437, 2 %, 3 %, 13710 MiB, 16384 MiB, 48.23 W, 59
2026/09/15 03:46:17.440, 1 %, 2 %, 13710 MiB, 16384 MiB, 48.38 W, 59
2026/09/15 03:46:18.443, 5 %, 5 %, 13710 MiB, 16384 MiB, 48.36 W, 59
2026/09/15 03:46:19.445, 5 %, 5 %, 13710 MiB, 16384 MiB, 48.26 W, 59
2026/09/15 03:46:20.448, 5 %, 5 %, 13710 MiB, 16384 MiB, 52.28 W, 59
2026/09/15 03:46:21.450, 1 %, 2 %, 13710 MiB, 16384 MiB, 57.79 W, 59
2026/09/15 03:46:22.453, 1 %, 2 %, 13710 MiB, 16384 MiB, 48.11 W, 59
2026/09/15 03:46:23.456, 1 %, 2 %, 13710 MiB, 16384 MiB, 48.33 W, 59
2026/09/15 03:46:24.458, 2 %, 3 %, 13710 MiB, 16384 MiB, 48.48 W, 59
2026/09/15 03:46:25.461, 2 %, 3 %, 13710 MiB, 16384 MiB, 48.65 W, 59
2026/09/15 03:46:26.463, 5 %, 5 %, 13710 MiB, 16384 MiB, 49.10 W, 59
2026/09/15 03:46:27.466, 56 %, 33 %, 14160 MiB, 16384 MiB, 55.97 W, 59
2026/09/15 03:46:28.468, 0 %, 0 %, 14160 MiB, 16384 MiB, 57.69 W, 59
2026/09/15 03:46:29.471, 100 %, 86 %, 15834 MiB, 16384 MiB, 117.40 W, 61
2026/09/15 03:46:30.473, 100 %, 85 %, 15834 MiB, 16384 MiB, 137.47 W, 62
2026/09/15 03:46:31.476, 100 %, 77 %, 15834 MiB, 16384 MiB, 154.23 W, 62
2026/09/15 03:46:32.478, 100 %, 74 %, 15834 MiB, 16384 MiB, 160.63 W, 63
2026/09/15 03:46:33.488, 100 %, 68 %, 15834 MiB, 16384 MiB, 207.60 W, 64
2026/09/15 03:46:34.492, 100 %, 48 %, 15834 MiB, 16384 MiB, 211.36 W, 66
2026/09/15 03:46:35.498, 100 %, 50 %, 15834 MiB, 16384 MiB, 209.60 W, 66
2026/09/15 03:46:36.504, 100 %, 41 %, 15834 MiB, 16384 MiB, 211.38 W, 66
2026/09/15 03:46:37.511, 100 %, 25 %, 15834 MiB, 16384 MiB, 221.10 W, 67
2026/09/15 03:46:38.518, 100 %, 19 %, 15834 MiB, 16384 MiB, 277.06 W, 68
2026/09/15 03:46:39.522, 100 %, 13 %, 15834 MiB, 16384 MiB, 263.12 W, 67
2026/09/15 03:46:40.525, 100 %, 6 %, 15834 MiB, 16384 MiB, 243.90 W, 67
2026/09/15 03:46:41.528, 100 %, 1 %, 15834 MiB, 16384 MiB, 121.02 W, 68
2026/09/15 03:46:42.531, 100 %, 0 %, 15834 MiB, 16384 MiB, 121.04 W, 68
2026/09/15 03:46:43.539, 100 %, 0 %, 15834 MiB, 16384 MiB, 121.27 W, 69
2026/09/15 03:46:44.546, 100 %, 0 %, 15834 MiB, 16384 MiB, 121.20 W, 67
2026/09/15 03:46:45.551, 100 %, 0 %, 15834 MiB, 16384 MiB, 121.09 W, 66
2026/09/15 03:46:46.553, 100 %, 0 %, 15834 MiB, 16384 MiB, 121.08 W, 66
2026/09/15 03:46:47.555, 100 %, 0 %, 15834 MiB, 16384 MiB, 121.83 W, 66
2026/09/15 03:46:48.557, 100 %, 0 %, 15834 MiB, 16384 MiB, 122.03 W, 67
2026/09/15 03:46:49.560, 100 %, 0 %, 15834 MiB, 16384 MiB, 121.65 W, 67
2026/09/15 03:46:50.563, 100 %, 0 %, 15834 MiB, 16384 MiB, 121.48 W, 67
2026/09/15 03:46:51.565, 100 %, 0 %, 15834 MiB, 16384 MiB, 118.36 W, 67
2026/09/15 03:46:52.567, 100 %, 0 %, 15834 MiB, 16384 MiB, 118.06 W, 67
2026/09/15 03:46:53.570, 100 %, 0 %, 15834 MiB, 16384 MiB, 118.21 W, 67
2026/09/15 03:46:54.572, 100 %, 0 %, 15834 MiB, 16384 MiB, 118.82 W, 67
2026/09/15 03:46:55.574, 100 %, 0 %, 15834 MiB, 16384 MiB, 119.22 W, 68
2026/09/15 03:46:56.577, 100 %, 0 %, 15834 MiB, 16384 MiB, 117.60 W, 68
2026/09/15 03:46:57.580, 100 %, 8 %, 15834 MiB, 16384 MiB, 118.04 W, 68
2026/09/15 03:46:58.582, 100 %, 9 %, 15834 MiB, 16384 MiB, 118.48 W, 68
2026/09/15 03:46:59.585, 100 %, 9 %, 15834 MiB, 16384 MiB, 118.36 W, 68
2026/09/15 03:47:00.587, 100 %, 9 %, 15834 MiB, 16384 MiB, 118.70 W, 68
2026/09/15 03:47:01.590, 100 %, 10 %, 15834 MiB, 16384 MiB, 116.59 W, 68
2026/09/15 03:47:02.592, 100 %, 19 %, 15834 MiB, 16384 MiB, 114.99 W, 68
2026/09/15 03:47:03.595, 100 %, 26 %, 15834 MiB, 16384 MiB, 115.10 W, 69
2026/09/15 03:47:04.597, 100 %, 34 %, 15834 MiB, 16384 MiB, 119.00 W, 69
2026/09/15 03:47:05.600, 100 %, 51 %, 15834 MiB, 16384 MiB, 83.90 W, 69
2026/09/15 03:47:06.603, 100 %, 62 %, 15834 MiB, 16384 MiB, 64.26 W, 69
2026/09/15 03:47:07.605, 78 %, 68 %, 15834 MiB, 16384 MiB, 59.69 W, 68
2026/09/15 03:47:08.607, 100 %, 0 %, 15834 MiB, 16384 MiB, 121.44 W, 69
2026/09/15 03:47:09.613, 3 %, 3 %, 15834 MiB, 16384 MiB, 139.79 W, 69
2026/09/15 03:47:10.616, 40 %, 34 %, 15834 MiB, 16384 MiB, 63.39 W, 68
2026/09/15 03:47:11.619, 100 %, 0 %, 15834 MiB, 16384 MiB, 121.60 W, 72
2026/09/15 03:47:12.621, 47 %, 8 %, 15834 MiB, 16384 MiB, 111.13 W, 69
2026/09/15 03:47:13.624, 1 %, 2 %, 15834 MiB, 16384 MiB, 64.96 W, 68
2026/09/15 03:47:14.626, 100 %, 0 %, 15834 MiB, 16384 MiB, 204.32 W, 72
2026/09/15 03:47:15.630, 100 %, 1 %, 15834 MiB, 16384 MiB, 120.14 W, 69
2026/09/15 03:47:16.632, 2 %, 3 %, 15834 MiB, 16384 MiB, 65.11 W, 68
2026/09/15 03:47:17.635, 100 %, 60 %, 15834 MiB, 16384 MiB, 207.83 W, 69
2026/09/15 03:47:18.637, 100 %, 0 %, 15834 MiB, 16384 MiB, 122.38 W, 69
2026/09/15 03:47:19.639, 1 %, 2 %, 15834 MiB, 16384 MiB, 124.15 W, 69
2026/09/15 03:47:20.642, 50 %, 45 %, 15834 MiB, 16384 MiB, 63.37 W, 68
2026/09/15 03:47:21.644, 100 %, 0 %, 15834 MiB, 16384 MiB, 122.39 W, 69
2026/09/15 03:47:22.647, 68 %, 8 %, 15834 MiB, 16384 MiB, 117.95 W, 69
2026/09/15 03:47:23.649, 1 %, 2 %, 15834 MiB, 16384 MiB, 64.96 W, 68
2026/09/15 03:47:24.652, 100 %, 26 %, 15834 MiB, 16384 MiB, 238.95 W, 72
2026/09/15 03:47:25.655, 100 %, 0 %, 15834 MiB, 16384 MiB, 119.69 W, 69
2026/09/15 03:47:26.658, 1 %, 2 %, 15834 MiB, 16384 MiB, 66.28 W, 68
2026/09/15 03:47:27.660, 87 %, 77 %, 15834 MiB, 16384 MiB, 69.75 W, 68
2026/09/15 03:47:28.663, 100 %, 0 %, 15834 MiB, 16384 MiB, 122.43 W, 69
2026/09/15 03:47:29.665, 23 %, 9 %, 15834 MiB, 16384 MiB, 122.95 W, 69
2026/09/15 03:47:30.667, 24 %, 22 %, 15834 MiB, 16384 MiB, 64.80 W, 68
2026/09/15 03:47:31.670, 100 %, 0 %, 15834 MiB, 16384 MiB, 147.21 W, 73
2026/09/15 03:47:32.674, 79 %, 7 %, 15834 MiB, 16384 MiB, 118.73 W, 69
2026/09/15 03:47:33.677, 1 %, 2 %, 15834 MiB, 16384 MiB, 64.97 W, 68
2026/09/15 03:47:34.679, 100 %, 38 %, 15834 MiB, 16384 MiB, 214.65 W, 72
2026/09/15 03:47:35.682, 100 %, 0 %, 15834 MiB, 16384 MiB, 119.72 W, 69
2026/09/15 03:47:36.685, 1 %, 3 %, 15834 MiB, 16384 MiB, 64.68 W, 68
2026/09/15 03:47:37.687, 80 %, 67 %, 15834 MiB, 16384 MiB, 186.68 W, 69
2026/09/15 03:47:38.690, 100 %, 0 %, 15834 MiB, 16384 MiB, 122.22 W, 70
2026/09/15 03:47:39.694, 10 %, 8 %, 15834 MiB, 16384 MiB, 64.20 W, 69
2026/09/15 03:47:40.697, 37 %, 34 %, 15834 MiB, 16384 MiB, 67.50 W, 68
2026/09/15 03:47:41.699, 100 %, 0 %, 15834 MiB, 16384 MiB, 122.92 W, 70
2026/09/15 03:47:42.702, 70 %, 7 %, 15834 MiB, 16384 MiB, 130.09 W, 69
2026/09/15 03:47:43.706, 1 %, 2 %, 15834 MiB, 16384 MiB, 64.65 W, 68
2026/09/15 03:47:44.709, 100 %, 14 %, 15834 MiB, 16384 MiB, 131.90 W, 72
2026/09/15 03:47:45.713, 100 %, 0 %, 15834 MiB, 16384 MiB, 118.12 W, 69
2026/09/15 03:47:46.717, 1 %, 2 %, 15834 MiB, 16384 MiB, 66.08 W, 68
2026/09/15 03:47:47.720, 100 %, 75 %, 15834 MiB, 16384 MiB, 214.26 W, 72
2026/09/15 03:47:48.723, 100 %, 0 %, 15834 MiB, 16384 MiB, 123.16 W, 70
2026/09/15 03:47:49.725, 1 %, 2 %, 15834 MiB, 16384 MiB, 64.94 W, 70
2026/09/15 03:47:50.729, 46 %, 40 %, 15834 MiB, 16384 MiB, 91.16 W, 69
2026/09/15 03:47:51.732, 100 %, 0 %, 15834 MiB, 16384 MiB, 122.30 W, 70
2026/09/15 03:47:52.734, 95 %, 7 %, 15834 MiB, 16384 MiB, 114.37 W, 69
2026/09/15 03:47:53.736, 1 %, 2 %, 15834 MiB, 16384 MiB, 64.80 W, 68
2026/09/15 03:47:54.739, 100 %, 49 %, 15834 MiB, 16384 MiB, 238.04 W, 72
2026/09/15 03:47:55.743, 100 %, 0 %, 15834 MiB, 16384 MiB, 120.09 W, 70
2026/09/15 03:47:56.745, 1 %, 2 %, 15834 MiB, 16384 MiB, 64.61 W, 68
2026/09/15 03:47:57.748, 74 %, 61 %, 15834 MiB, 16384 MiB, 165.05 W, 69
2026/09/15 03:47:58.750, 100 %, 0 %, 15834 MiB, 16384 MiB, 121.37 W, 70
2026/09/15 03:47:59.752, 2 %, 3 %, 15834 MiB, 16384 MiB, 142.79 W, 69
2026/09/15 03:48:00.755, 81 %, 70 %, 15834 MiB, 16384 MiB, 64.67 W, 68
2026/09/15 03:48:01.757, 100 %, 0 %, 15834 MiB, 16384 MiB, 132.01 W, 72
2026/09/15 03:48:02.760, 31 %, 9 %, 15834 MiB, 16384 MiB, 122.61 W, 70
2026/09/15 03:48:03.762, 14 %, 12 %, 15834 MiB, 16384 MiB, 65.11 W, 68
2026/09/15 03:48:04.764, 100 %, 0 %, 15834 MiB, 16384 MiB, 230.13 W, 72
2026/09/15 03:48:05.770, 93 %, 8 %, 15834 MiB, 16384 MiB, 120.42 W, 70
2026/09/15 03:48:06.773, 1 %, 2 %, 15834 MiB, 16384 MiB, 66.09 W, 68
2026/09/15 03:48:07.775, 100 %, 45 %, 15834 MiB, 16384 MiB, 208.49 W, 70
2026/09/15 03:48:08.778, 100 %, 4 %, 15834 MiB, 16384 MiB, 126.97 W, 70
2026/09/15 03:48:09.780, 100 %, 0 %, 15834 MiB, 16384 MiB, 122.53 W, 70
2026/09/15 03:48:10.782, 100 %, 77 %, 15834 MiB, 16384 MiB, 109.15 W, 71
2026/09/15 03:48:11.787, 100 %, 0 %, 15834 MiB, 16384 MiB, 123.13 W, 70
2026/09/15 03:48:12.789, 100 %, 0 %, 15834 MiB, 16384 MiB, 121.92 W, 70
2026/09/15 03:48:13.791, 100 %, 33 %, 15834 MiB, 16384 MiB, 135.31 W, 70
2026/09/15 03:48:14.794, 100 %, 0 %, 15834 MiB, 16384 MiB, 123.16 W, 73
2026/09/15 03:48:15.797, 100 %, 0 %, 15834 MiB, 16384 MiB, 123.04 W, 71
2026/09/15 03:48:16.799, 100 %, 9 %, 15834 MiB, 16384 MiB, 119.72 W, 71
2026/09/15 03:48:17.801, 100 %, 15 %, 15834 MiB, 16384 MiB, 244.11 W, 73
2026/09/15 03:48:18.805, 100 %, 0 %, 15834 MiB, 16384 MiB, 123.64 W, 71
2026/09/15 03:48:19.807, 100 %, 0 %, 15834 MiB, 16384 MiB, 120.32 W, 71
2026/09/15 03:48:20.809, 100 %, 81 %, 15834 MiB, 16384 MiB, 119.50 W, 70
2026/09/15 03:48:21.812, 100 %, 0 %, 15834 MiB, 16384 MiB, 123.48 W, 71
2026/09/15 03:48:22.814, 100 %, 0 %, 15834 MiB, 16384 MiB, 122.93 W, 71
2026/09/15 03:48:23.817, 100 %, 37 %, 15834 MiB, 16384 MiB, 123.40 W, 71
2026/09/15 03:48:24.819, 100 %, 0 %, 15834 MiB, 16384 MiB, 123.82 W, 71
2026/09/15 03:48:25.821, 100 %, 0 %, 15834 MiB, 16384 MiB, 123.85 W, 71
2026/09/15 03:48:26.824, 100 %, 7 %, 15834 MiB, 16384 MiB, 117.45 W, 71
2026/09/15 03:48:27.826, 100 %, 8 %, 15834 MiB, 16384 MiB, 264.48 W, 74
2026/09/15 03:48:28.831, 100 %, 0 %, 15834 MiB, 16384 MiB, 123.96 W, 71
2026/09/15 03:48:29.833, 100 %, 0 %, 15834 MiB, 16384 MiB, 120.88 W, 71
2026/09/15 03:48:30.835, 100 %, 73 %, 15834 MiB, 16384 MiB, 135.49 W, 71
2026/09/15 03:48:31.838, 100 %, 0 %, 15834 MiB, 16384 MiB, 123.90 W, 71
2026/09/15 03:48:32.840, 100 %, 0 %, 15834 MiB, 16384 MiB, 122.65 W, 71
2026/09/15 03:48:33.842, 100 %, 46 %, 15834 MiB, 16384 MiB, 121.62 W, 72
2026/09/15 03:48:34.846, 100 %, 0 %, 15834 MiB, 16384 MiB, 124.43 W, 72
2026/09/15 03:48:35.849, 100 %, 0 %, 15834 MiB, 16384 MiB, 124.05 W, 72
2026/09/15 03:48:36.851, 100 %, 8 %, 15834 MiB, 16384 MiB, 114.48 W, 71
2026/09/15 03:48:37.853, 100 %, 0 %, 15834 MiB, 16384 MiB, 240.39 W, 74
2026/09/15 03:48:38.857, 100 %, 0 %, 15834 MiB, 16384 MiB, 124.31 W, 72
2026/09/15 03:48:39.859, 100 %, 0 %, 15834 MiB, 16384 MiB, 118.79 W, 72
2026/09/15 03:48:40.861, 100 %, 61 %, 15834 MiB, 16384 MiB, 245.57 W, 73
2026/09/15 03:48:41.864, 100 %, 0 %, 15834 MiB, 16384 MiB, 124.40 W, 72
2026/09/15 03:48:42.866, 100 %, 0 %, 15834 MiB, 16384 MiB, 121.45 W, 72
2026/09/15 03:48:43.869, 100 %, 50 %, 15834 MiB, 16384 MiB, 103.82 W, 72
2026/09/15 03:48:44.871, 100 %, 0 %, 15834 MiB, 16384 MiB, 124.21 W, 72
2026/09/15 03:48:45.874, 100 %, 0 %, 15834 MiB, 16384 MiB, 124.18 W, 72
2026/09/15 03:48:46.876, 100 %, 8 %, 15834 MiB, 16384 MiB, 135.19 W, 72
2026/09/15 03:48:47.878, 100 %, 0 %, 15834 MiB, 16384 MiB, 124.50 W, 75
2026/09/15 03:48:48.881, 100 %, 0 %, 15834 MiB, 16384 MiB, 124.24 W, 72
2026/09/15 03:48:49.883, 100 %, 0 %, 15834 MiB, 16384 MiB, 118.77 W, 72
2026/09/15 03:48:50.886, 100 %, 63 %, 15834 MiB, 16384 MiB, 241.47 W, 74
2026/09/15 03:48:51.891, 100 %, 0 %, 15834 MiB, 16384 MiB, 124.71 W, 72
2026/09/15 03:48:52.894, 100 %, 0 %, 15834 MiB, 16384 MiB, 123.91 W, 72
2026/09/15 03:48:53.896, 100 %, 43 %, 15834 MiB, 16384 MiB, 89.03 W, 71
2026/09/15 03:48:54.899, 100 %, 0 %, 15834 MiB, 16384 MiB, 124.55 W, 72
2026/09/15 03:48:55.901, 100 %, 0 %, 15834 MiB, 16384 MiB, 124.04 W, 72
2026/09/15 03:48:56.903, 100 %, 8 %, 15834 MiB, 16384 MiB, 143.68 W, 72
2026/09/15 03:48:57.906, 100 %, 2 %, 15834 MiB, 16384 MiB, 124.71 W, 75
2026/09/15 03:48:58.913, 100 %, 0 %, 15834 MiB, 16384 MiB, 124.40 W, 72
2026/09/15 03:48:59.915, 100 %, 0 %, 15834 MiB, 16384 MiB, 118.73 W, 72
2026/09/15 03:49:00.917, 100 %, 66 %, 15834 MiB, 16384 MiB, 224.23 W, 74
2026/09/15 03:49:01.921, 100 %, 0 %, 15834 MiB, 16384 MiB, 124.67 W, 72
2026/09/15 03:49:02.923, 1 %, 2 %, 15834 MiB, 16384 MiB, 66.65 W, 70
2026/09/15 03:49:03.926, 100 %, 0 %, 15834 MiB, 16384 MiB, 124.71 W, 72
2026/09/15 03:49:04.928, 2 %, 3 %, 15834 MiB, 16384 MiB, 136.35 W, 72
2026/09/15 03:49:05.934, 100 %, 1 %, 15834 MiB, 16384 MiB, 124.15 W, 74
2026/09/15 03:49:06.937, 23 %, 9 %, 15834 MiB, 16384 MiB, 119.34 W, 72
2026/09/15 03:49:07.939, 100 %, 0 %, 15834 MiB, 16384 MiB, 216.93 W, 74
2026/09/15 03:49:08.943, 100 %, 6 %, 15834 MiB, 16384 MiB, 121.47 W, 72
2026/09/15 03:49:09.945, 100 %, 50 %, 15834 MiB, 16384 MiB, 65.49 W, 71
2026/09/15 03:49:10.948, 100 %, 0 %, 15834 MiB, 16384 MiB, 124.69 W, 72
2026/09/15 03:49:11.950, 59 %, 53 %, 15834 MiB, 16384 MiB, 67.56 W, 70
2026/09/15 03:49:12.952, 100 %, 0 %, 15834 MiB, 16384 MiB, 124.62 W, 72
2026/09/15 03:49:13.956, 1 %, 2 %, 15834 MiB, 16384 MiB, 66.54 W, 70
2026/09/15 03:49:14.959, 100 %, 0 %, 15834 MiB, 16384 MiB, 124.60 W, 72
2026/09/15 03:49:15.961, 1 %, 2 %, 15834 MiB, 16384 MiB, 66.60 W, 72
2026/09/15 03:49:16.963, 100 %, 0 %, 15834 MiB, 16384 MiB, 124.72 W, 72
2026/09/15 03:49:17.966, 22 %, 8 %, 15834 MiB, 16384 MiB, 123.46 W, 71
2026/09/15 03:49:18.968, 100 %, 0 %, 15834 MiB, 16384 MiB, 195.99 W, 74
2026/09/15 03:49:19.972, 100 %, 0 %, 15834 MiB, 16384 MiB, 121.37 W, 71
2026/09/15 03:49:20.974, 100 %, 63 %, 15834 MiB, 16384 MiB, 167.94 W, 70
2026/09/15 03:49:21.978, 100 %, 0 %, 15834 MiB, 16384 MiB, 123.42 W, 71
2026/09/15 03:49:22.980, 34 %, 31 %, 15834 MiB, 16384 MiB, 65.80 W, 70
2026/09/15 03:49:23.983, 100 %, 0 %, 15834 MiB, 16384 MiB, 124.79 W, 71
2026/09/15 03:49:24.985, 1 %, 2 %, 15834 MiB, 16384 MiB, 65.77 W, 70
2026/09/15 03:49:25.987, 100 %, 0 %, 15834 MiB, 16384 MiB, 124.32 W, 71
2026/09/15 03:49:26.990, 1 %, 2 %, 15834 MiB, 16384 MiB, 96.60 W, 71
2026/09/15 03:49:27.993, 100 %, 0 %, 15834 MiB, 16384 MiB, 124.32 W, 71
2026/09/15 03:49:28.995, 46 %, 7 %, 15834 MiB, 16384 MiB, 116.42 W, 71
2026/09/15 03:49:29.998, 100 %, 0 %, 15834 MiB, 16384 MiB, 251.37 W, 73
2026/09/15 03:49:31.005, 100 %, 0 %, 15834 MiB, 16384 MiB, 124.41 W, 71
2026/09/15 03:49:32.007, 100 %, 74 %, 15834 MiB, 16384 MiB, 119.11 W, 70
2026/09/15 03:49:33.009, 100 %, 0 %, 15834 MiB, 16384 MiB, 124.40 W, 71
2026/09/15 03:49:34.012, 23 %, 21 %, 15834 MiB, 16384 MiB, 65.65 W, 70
2026/09/15 03:49:35.014, 100 %, 0 %, 15834 MiB, 16384 MiB, 124.45 W, 71
2026/09/15 03:49:36.017, 1 %, 2 %, 15834 MiB, 16384 MiB, 65.60 W, 69
2026/09/15 03:49:37.019, 100 %, 0 %, 15834 MiB, 16384 MiB, 123.92 W, 71
2026/09/15 03:49:38.021, 1 %, 2 %, 15834 MiB, 16384 MiB, 137.95 W, 71
2026/09/15 03:49:39.025, 100 %, 0 %, 15834 MiB, 16384 MiB, 124.33 W, 74
2026/09/15 03:49:40.032, 67 %, 7 %, 15834 MiB, 16384 MiB, 122.86 W, 71
2026/09/15 03:49:41.034, 100 %, 17 %, 15834 MiB, 16384 MiB, 221.62 W, 73
2026/09/15 03:49:42.038, 100 %, 0 %, 15834 MiB, 16384 MiB, 124.03 W, 71
2026/09/15 03:49:43.040, 100 %, 80 %, 15834 MiB, 16384 MiB, 89.21 W, 70
2026/09/15 03:49:44.042, 100 %, 0 %, 15834 MiB, 16384 MiB, 123.25 W, 71
2026/09/15 03:49:45.045, 23 %, 21 %, 15834 MiB, 16384 MiB, 65.44 W, 69
2026/09/15 03:49:46.047, 100 %, 0 %, 15834 MiB, 16384 MiB, 124.26 W, 71
2026/09/15 03:49:47.049, 2 %, 3 %, 15834 MiB, 16384 MiB, 66.10 W, 69
2026/09/15 03:49:48.052, 100 %, 0 %, 15834 MiB, 16384 MiB, 124.34 W, 71
2026/09/15 03:49:49.056, 1 %, 2 %, 15834 MiB, 16384 MiB, 123.74 W, 70
2026/09/15 03:49:50.058, 100 %, 0 %, 15834 MiB, 16384 MiB, 124.45 W, 71
2026/09/15 03:49:51.061, 61 %, 7 %, 15834 MiB, 16384 MiB, 118.20 W, 71
2026/09/15 03:49:52.063, 100 %, 10 %, 15834 MiB, 16384 MiB, 248.12 W, 73
2026/09/15 03:49:53.066, 100 %, 0 %, 15834 MiB, 16384 MiB, 120.99 W, 71
2026/09/15 03:49:54.069, 100 %, 79 %, 15834 MiB, 16384 MiB, 79.50 W, 70
2026/09/15 03:49:55.072, 100 %, 0 %, 15834 MiB, 16384 MiB, 123.62 W, 71
2026/09/15 03:49:56.075, 15 %, 14 %, 15834 MiB, 16384 MiB, 65.78 W, 69
2026/09/15 03:49:57.077, 100 %, 0 %, 15834 MiB, 16384 MiB, 124.08 W, 71
2026/09/15 03:49:58.080, 1 %, 2 %, 15834 MiB, 16384 MiB, 65.88 W, 69
2026/09/15 03:49:59.082, 100 %, 0 %, 15834 MiB, 16384 MiB, 123.88 W, 71
2026/09/15 03:50:00.085, 1 %, 2 %, 15834 MiB, 16384 MiB, 122.76 W, 70
2026/09/15 03:50:01.087, 100 %, 0 %, 15834 MiB, 16384 MiB, 123.36 W, 71
2026/09/15 03:50:02.089, 66 %, 7 %, 15834 MiB, 16384 MiB, 110.83 W, 70
2026/09/15 03:50:03.091, 100 %, 17 %, 15834 MiB, 16384 MiB, 186.85 W, 74
2026/09/15 03:50:04.095, 100 %, 0 %, 15834 MiB, 16384 MiB, 123.95 W, 70
2026/09/15 03:50:05.097, 80 %, 73 %, 15834 MiB, 16384 MiB, 159.99 W, 69
2026/09/15 03:50:06.100, 100 %, 0 %, 15834 MiB, 16384 MiB, 124.23 W, 70
2026/09/15 03:50:07.102, 1 %, 2 %, 15834 MiB, 16384 MiB, 64.88 W, 69
2026/09/15 03:50:08.104, 100 %, 0 %, 15834 MiB, 16384 MiB, 123.42 W, 70
2026/09/15 03:50:09.107, 2 %, 3 %, 15834 MiB, 16384 MiB, 65.73 W, 69
2026/09/15 03:50:10.109, 100 %, 0 %, 15834 MiB, 16384 MiB, 123.96 W, 70
2026/09/15 03:50:11.111, 35 %, 8 %, 15834 MiB, 16384 MiB, 126.64 W, 70
2026/09/15 03:50:12.114, 100 %, 0 %, 15834 MiB, 16384 MiB, 123.73 W, 74
2026/09/15 03:50:13.119, 100 %, 0 %, 15834 MiB, 16384 MiB, 120.28 W, 70
2026/09/15 03:50:14.121, 100 %, 69 %, 15834 MiB, 16384 MiB, 209.93 W, 71
2026/09/15 03:50:15.123, 100 %, 0 %, 15834 MiB, 16384 MiB, 120.97 W, 70
2026/09/15 03:50:16.126, 36 %, 31 %, 15834 MiB, 16384 MiB, 62.21 W, 69
2026/09/15 03:50:17.128, 100 %, 0 %, 15834 MiB, 16384 MiB, 123.93 W, 70
2026/09/15 03:50:18.139, 1 %, 2 %, 15834 MiB, 16384 MiB, 65.34 W, 69
2026/09/15 03:50:19.142, 100 %, 0 %, 15834 MiB, 16384 MiB, 124.59 W, 70
2026/09/15 03:50:20.144, 56 %, 5 %, 15834 MiB, 16384 MiB, 68.18 W, 69
2026/09/15 03:50:21.147, 100 %, 11 %, 15834 MiB, 16384 MiB, 68.96 W, 68
2026/09/15 03:50:22.149, 100 %, 6 %, 15834 MiB, 16384 MiB, 71.75 W, 68
2026/09/15 03:50:23.152, 100 %, 9 %, 15834 MiB, 16384 MiB, 71.82 W, 68
2026/09/15 03:50:24.154, 100 %, 6 %, 15834 MiB, 16384 MiB, 65.67 W, 68
2026/09/15 03:50:25.156, 100 %, 6 %, 15834 MiB, 16384 MiB, 71.82 W, 67
2026/09/15 03:50:26.159, 1 %, 2 %, 15834 MiB, 16384 MiB, 64.78 W, 67
2026/09/15 03:50:27.161, 2 %, 3 %, 15834 MiB, 16384 MiB, 64.96 W, 67
2026/09/15 03:50:28.164, 1 %, 2 %, 15834 MiB, 16384 MiB, 51.02 W, 66
2026/09/15 03:50:29.167, 4 %, 4 %, 15834 MiB, 16384 MiB, 50.63 W, 66
2026/09/15 03:50:30.170, 4 %, 4 %, 15834 MiB, 16384 MiB, 49.97 W, 65
2026/09/15 03:50:31.173, 4 %, 5 %, 15834 MiB, 16384 MiB, 54.31 W, 65
2026/09/15 03:50:32.176, 1 %, 2 %, 15834 MiB, 16384 MiB, 50.39 W, 65
2026/09/15 03:50:33.179, 1 %, 2 %, 15834 MiB, 16384 MiB, 50.98 W, 65
2026/09/15 03:50:34.182, 1 %, 3 %, 15834 MiB, 16384 MiB, 50.96 W, 64
2026/09/15 03:50:35.184, 2 %, 3 %, 15834 MiB, 16384 MiB, 50.34 W, 64
2026/09/15 03:50:36.187, 1 %, 2 %, 15834 MiB, 16384 MiB, 50.15 W, 64
2026/09/15 03:50:37.190, 4 %, 4 %, 15834 MiB, 16384 MiB, 49.94 W, 64
2026/09/15 03:50:38.192, 4 %, 4 %, 15834 MiB, 16384 MiB, 53.77 W, 64
2026/09/15 03:50:39.195, 2 %, 3 %, 15834 MiB, 16384 MiB, 50.16 W, 63
2026/09/15 03:50:40.197, 2 %, 3 %, 15834 MiB, 16384 MiB, 50.08 W, 63
2026/09/15 03:50:41.200, 1 %, 2 %, 15834 MiB, 16384 MiB, 49.87 W, 63
2026/09/15 03:50:42.203, 1 %, 2 %, 15834 MiB, 16384 MiB, 49.85 W, 63
2026/09/15 03:50:43.205, 1 %, 2 %, 15834 MiB, 16384 MiB, 50.02 W, 62
2026/09/15 03:50:44.208, 4 %, 4 %, 15834 MiB, 16384 MiB, 49.58 W, 62
2026/09/15 03:50:45.210, 4 %, 4 %, 15834 MiB, 16384 MiB, 53.10 W, 62
2026/09/15 03:50:46.213, 3 %, 3 %, 15834 MiB, 16384 MiB, 49.68 W, 62
2026/09/15 03:50:47.216, 1 %, 2 %, 15834 MiB, 16384 MiB, 49.35 W, 62
2026/09/15 03:50:48.218, 1 %, 2 %, 15834 MiB, 16384 MiB, 49.61 W, 61
2026/09/15 03:50:49.221, 100 %, 6 %, 15834 MiB, 16384 MiB, 63.27 W, 62
2026/09/15 03:50:50.225, 100 %, 6 %, 15834 MiB, 16384 MiB, 69.26 W, 62
2026/09/15 03:50:51.228, 100 %, 9 %, 15834 MiB, 16384 MiB, 69.41 W, 62
2026/09/15 03:50:52.231, 100 %, 6 %, 15834 MiB, 16384 MiB, 63.31 W, 62
2026/09/15 03:50:53.234, 100 %, 6 %, 15834 MiB, 16384 MiB, 69.26 W, 62
2026/09/15 03:50:54.238, 5 %, 4 %, 15834 MiB, 16384 MiB, 63.47 W, 62
2026/09/15 03:50:55.241, 4 %, 4 %, 15834 MiB, 16384 MiB, 68.25 W, 62
2026/09/15 03:50:56.245, 2 %, 3 %, 15834 MiB, 16384 MiB, 49.42 W, 61
2026/09/15 03:50:57.248, 1 %, 2 %, 15834 MiB, 16384 MiB, 49.07 W, 61
2026/09/15 03:50:58.251, 1 %, 2 %, 15834 MiB, 16384 MiB, 49.15 W, 60
2026/09/15 03:50:59.254, 1 %, 2 %, 15834 MiB, 16384 MiB, 48.96 W, 60
2026/09/15 03:51:00.257, 4 %, 4 %, 15834 MiB, 16384 MiB, 48.35 W, 60
2026/09/15 03:51:01.260, 4 %, 4 %, 15834 MiB, 16384 MiB, 52.37 W, 60
2026/09/15 03:51:02.263, 4 %, 4 %, 15834 MiB, 16384 MiB, 52.33 W, 60
2026/09/15 03:51:03.265, 1 %, 2 %, 15834 MiB, 16384 MiB, 48.70 W, 60
2026/09/15 03:51:04.268, 1 %, 2 %, 15834 MiB, 16384 MiB, 48.67 W, 60
2026/09/15 03:51:05.270, 1 %, 2 %, 15834 MiB, 16384 MiB, 48.74 W, 59
2026/09/15 03:51:06.273, 1 %, 2 %, 15834 MiB, 16384 MiB, 48.70 W, 59
2026/09/15 03:51:07.276, 4 %, 5 %, 15834 MiB, 16384 MiB, 48.97 W, 59
2026/09/15 03:51:08.278, 4 %, 4 %, 15834 MiB, 16384 MiB, 51.28 W, 59
2026/09/15 03:51:09.281, 4 %, 5 %, 15834 MiB, 16384 MiB, 52.25 W, 59
2026/09/15 03:51:10.283, 1 %, 2 %, 15834 MiB, 16384 MiB, 48.64 W, 59
2026/09/15 03:51:11.286, 1 %, 2 %, 15834 MiB, 16384 MiB, 48.51 W, 59
2026/09/15 03:51:12.288, 1 %, 2 %, 15834 MiB, 16384 MiB, 48.58 W, 59
2026/09/15 03:51:13.291, 1 %, 2 %, 15834 MiB, 16384 MiB, 48.31 W, 58
2026/09/15 03:51:14.293, 2 %, 3 %, 15834 MiB, 16384 MiB, 48.85 W, 58
2026/09/15 03:51:15.296, 4 %, 4 %, 15834 MiB, 16384 MiB, 48.50 W, 58
2026/09/15 03:51:16.298, 4 %, 4 %, 15834 MiB, 16384 MiB, 51.44 W, 58
2026/09/15 03:51:17.303, 100 %, 6 %, 15834 MiB, 16384 MiB, 67.67 W, 59
2026/09/15 03:51:18.306, 100 %, 9 %, 15834 MiB, 16384 MiB, 67.87 W, 59
2026/09/15 03:51:19.308, 100 %, 6 %, 15834 MiB, 16384 MiB, 62.09 W, 59
2026/09/15 03:51:20.311, 100 %, 6 %, 15834 MiB, 16384 MiB, 67.76 W, 59
2026/09/15 03:51:21.314, 100 %, 9 %, 15834 MiB, 16384 MiB, 67.86 W, 59
2026/09/15 03:51:22.316, 100 %, 6 %, 15834 MiB, 16384 MiB, 61.81 W, 59
2026/09/15 03:51:23.318, 2 %, 2 %, 15834 MiB, 16384 MiB, 60.99 W, 59
2026/09/15 03:51:24.321, 4 %, 4 %, 15834 MiB, 16384 MiB, 59.26 W, 58
2026/09/15 03:51:25.324, 4 %, 5 %, 15834 MiB, 16384 MiB, 51.39 W, 58
2026/09/15 03:51:26.331, 1 %, 2 %, 15834 MiB, 16384 MiB, 47.90 W, 58
2026/09/15 03:51:27.333, 1 %, 2 %, 15834 MiB, 16384 MiB, 47.81 W, 58
2026/09/15 03:51:28.336, 1 %, 3 %, 15834 MiB, 16384 MiB, 48.08 W, 58
2026/09/15 03:51:29.338, 1 %, 2 %, 15834 MiB, 16384 MiB, 47.83 W, 58
2026/09/15 03:51:30.341, 1 %, 2 %, 15834 MiB, 16384 MiB, 47.94 W, 58
2026/09/15 03:51:31.344, 4 %, 4 %, 15834 MiB, 16384 MiB, 47.59 W, 57
2026/09/15 03:51:32.346, 4 %, 4 %, 15834 MiB, 16384 MiB, 51.17 W, 57
2026/09/15 03:51:33.350, 3 %, 3 %, 15834 MiB, 16384 MiB, 51.71 W, 57
2026/09/15 03:51:34.353, 2 %, 3 %, 15834 MiB, 16384 MiB, 48.30 W, 57
2026/09/15 03:51:35.356, 1 %, 2 %, 15834 MiB, 16384 MiB, 48.53 W, 57
2026/09/15 03:51:36.360, 1 %, 2 %, 15834 MiB, 16384 MiB, 48.06 W, 57
2026/09/15 03:51:37.363, 1 %, 2 %, 15834 MiB, 16384 MiB, 47.87 W, 57
2026/09/15 03:51:38.366, 4 %, 4 %, 15834 MiB, 16384 MiB, 47.46 W, 57
2026/09/15 03:51:39.369, 4 %, 4 %, 15834 MiB, 16384 MiB, 50.63 W, 57
2026/09/15 03:51:40.372, 4 %, 4 %, 15834 MiB, 16384 MiB, 50.89 W, 57
2026/09/15 03:51:41.376, 1 %, 2 %, 15834 MiB, 16384 MiB, 47.63 W, 57
2026/09/15 03:51:42.379, 2 %, 3 %, 15834 MiB, 16384 MiB, 47.74 W, 57
2026/09/15 03:51:43.382, 2 %, 3 %, 15834 MiB, 16384 MiB, 47.45 W, 57
2026/09/15 03:51:44.385, 2 %, 3 %, 15834 MiB, 16384 MiB, 47.98 W, 57
2026/09/15 03:51:45.388, 98 %, 13 %, 15834 MiB, 16384 MiB, 52.25 W, 57
2026/09/15 03:51:46.392, 100 %, 7 %, 15834 MiB, 16384 MiB, 67.12 W, 57
2026/09/15 03:51:47.394, 100 %, 6 %, 15834 MiB, 16384 MiB, 60.79 W, 57
2026/09/15 03:51:48.397, 100 %, 6 %, 15834 MiB, 16384 MiB, 66.84 W, 57
2026/09/15 03:51:49.400, 100 %, 9 %, 15834 MiB, 16384 MiB, 67.15 W, 58
2026/09/15 03:51:50.402, 100 %, 6 %, 15834 MiB, 16384 MiB, 61.04 W, 58
2026/09/15 03:51:51.406, 1 %, 2 %, 15834 MiB, 16384 MiB, 59.84 W, 58
2026/09/15 03:51:52.408, 2 %, 3 %, 15834 MiB, 16384 MiB, 60.25 W, 57
2026/09/15 03:51:53.411, 1 %, 2 %, 15834 MiB, 16384 MiB, 47.64 W, 57
2026/09/15 03:51:54.414, 4 %, 4 %, 15834 MiB, 16384 MiB, 47.36 W, 57
2026/09/15 03:51:55.417, 4 %, 4 %, 15834 MiB, 16384 MiB, 51.28 W, 57
2026/09/15 03:51:56.420, 4 %, 5 %, 15834 MiB, 16384 MiB, 51.17 W, 57
2026/09/15 03:51:57.422, 1 %, 2 %, 15834 MiB, 16384 MiB, 47.41 W, 57
2026/09/15 03:51:58.429, 1 %, 2 %, 15834 MiB, 16384 MiB, 47.28 W, 56
2026/09/15 03:51:59.431, 2 %, 3 %, 15834 MiB, 16384 MiB, 47.55 W, 56
2026/09/15 03:52:00.434, 1 %, 2 %, 15834 MiB, 16384 MiB, 47.61 W, 56
2026/09/15 03:52:01.436, 4 %, 4 %, 15834 MiB, 16384 MiB, 47.44 W, 56
2026/09/15 03:52:02.439, 4 %, 5 %, 15834 MiB, 16384 MiB, 47.44 W, 56
2026/09/15 03:52:03.442, 4 %, 4 %, 15834 MiB, 16384 MiB, 50.39 W, 56
2026/09/15 03:52:04.444, 1 %, 3 %, 15834 MiB, 16384 MiB, 47.11 W, 56
2026/09/15 03:52:05.447, 2 %, 3 %, 15834 MiB, 16384 MiB, 47.13 W, 56
2026/09/15 03:52:06.449, 1 %, 2 %, 15834 MiB, 16384 MiB, 47.06 W, 56
2026/09/15 03:52:07.452, 1 %, 2 %, 15834 MiB, 16384 MiB, 47.20 W, 56
2026/09/15 03:52:08.454, 4 %, 5 %, 15834 MiB, 16384 MiB, 47.23 W, 56
2026/09/15 03:52:09.457, 4 %, 4 %, 15834 MiB, 16384 MiB, 47.03 W, 56
2026/09/15 03:52:10.460, 4 %, 4 %, 15834 MiB, 16384 MiB, 47.49 W, 56
2026/09/15 03:52:11.462, 4 %, 4 %, 15834 MiB, 16384 MiB, 50.80 W, 56
2026/09/15 03:52:12.465, 1 %, 2 %, 15834 MiB, 16384 MiB, 47.29 W, 56
2026/09/15 03:52:13.467, 1 %, 2 %, 15834 MiB, 16384 MiB, 47.34 W, 56
2026/09/15 03:52:14.470, 100 %, 6 %, 15834 MiB, 16384 MiB, 60.23 W, 57
2026/09/15 03:52:15.472, 100 %, 6 %, 15834 MiB, 16384 MiB, 67.32 W, 57
2026/09/15 03:52:16.476, 100 %, 9 %, 15834 MiB, 16384 MiB, 67.71 W, 57
2026/09/15 03:52:17.479, 100 %, 6 %, 15834 MiB, 16384 MiB, 61.03 W, 57
2026/09/15 03:52:18.481, 100 %, 6 %, 15834 MiB, 16384 MiB, 61.22 W, 57
2026/09/15 03:52:19.484, 5 %, 5 %, 15834 MiB, 16384 MiB, 60.20 W, 57
2026/09/15 03:52:20.486, 4 %, 4 %, 15834 MiB, 16384 MiB, 64.63 W, 57
2026/09/15 03:52:21.488, 2 %, 3 %, 15834 MiB, 16384 MiB, 47.51 W, 56
2026/09/15 03:52:22.491, 1 %, 3 %, 15834 MiB, 16384 MiB, 47.34 W, 56
2026/09/15 03:52:23.493, 1 %, 2 %, 15834 MiB, 16384 MiB, 47.11 W, 56
2026/09/15 03:52:24.496, 1 %, 2 %, 15834 MiB, 16384 MiB, 47.36 W, 56
2026/09/15 03:52:25.498, 4 %, 4 %, 15834 MiB, 16384 MiB, 46.80 W, 56
2026/09/15 03:52:26.501, 4 %, 4 %, 15834 MiB, 16384 MiB, 50.40 W, 56
2026/09/15 03:52:27.504, 4 %, 4 %, 15834 MiB, 16384 MiB, 50.44 W, 56
2026/09/15 03:52:28.506, 1 %, 2 %, 15834 MiB, 16384 MiB, 47.12 W, 56
2026/09/15 03:52:29.509, 1 %, 2 %, 15834 MiB, 16384 MiB, 47.03 W, 56
2026/09/15 03:52:30.512, 1 %, 2 %, 15834 MiB, 16384 MiB, 47.33 W, 56
2026/09/15 03:52:31.514, 1 %, 2 %, 15834 MiB, 16384 MiB, 47.11 W, 56
2026/09/15 03:52:32.517, 2 %, 3 %, 15834 MiB, 16384 MiB, 47.54 W, 56
2026/09/15 03:52:33.519, 4 %, 5 %, 15834 MiB, 16384 MiB, 47.52 W, 56
2026/09/15 03:52:34.522, 4 %, 4 %, 15834 MiB, 16384 MiB, 46.91 W, 56
2026/09/15 03:52:35.524, 4 %, 5 %, 15834 MiB, 16384 MiB, 50.56 W, 56
2026/09/15 03:52:36.527, 1 %, 2 %, 15834 MiB, 16384 MiB, 47.69 W, 56
2026/09/15 03:52:37.529, 1 %, 2 %, 15834 MiB, 16384 MiB, 47.91 W, 55
2026/09/15 03:52:38.532, 1 %, 2 %, 15834 MiB, 16384 MiB, 47.47 W, 56
2026/09/15 03:52:39.534, 1 %, 3 %, 15834 MiB, 16384 MiB, 47.42 W, 55
2026/09/15 03:52:40.537, 1 %, 2 %, 15834 MiB, 16384 MiB, 47.30 W, 55
2026/09/15 03:52:41.539, 4 %, 4 %, 15834 MiB, 16384 MiB, 47.30 W, 55
2026/09/15 03:52:42.542, 100 %, 9 %, 15834 MiB, 16384 MiB, 66.17 W, 56
2026/09/15 03:52:43.544, 100 %, 6 %, 15834 MiB, 16384 MiB, 60.52 W, 57
2026/09/15 03:52:44.548, 100 %, 6 %, 15834 MiB, 16384 MiB, 66.80 W, 56
2026/09/15 03:52:45.550, 100 %, 9 %, 15834 MiB, 16384 MiB, 66.85 W, 57
2026/09/15 03:52:46.553, 100 %, 6 %, 15834 MiB, 16384 MiB, 60.43 W, 57
2026/09/15 03:52:47.555, 100 %, 6 %, 15834 MiB, 16384 MiB, 66.66 W, 57
2026/09/15 03:52:48.558, 2 %, 3 %, 15834 MiB, 16384 MiB, 59.81 W, 57
2026/09/15 03:52:49.561, 1 %, 2 %, 15834 MiB, 16384 MiB, 47.51 W, 56
2026/09/15 03:52:50.565, 4 %, 4 %, 15834 MiB, 16384 MiB, 47.44 W, 56
2026/09/15 03:52:51.568, 4 %, 4 %, 15834 MiB, 16384 MiB, 49.26 W, 56
2026/09/15 03:52:52.571, 4 %, 5 %, 15834 MiB, 16384 MiB, 50.79 W, 56
2026/09/15 03:52:53.574, 1 %, 3 %, 15834 MiB, 16384 MiB, 47.40 W, 56
2026/09/15 03:52:54.577, 1 %, 2 %, 15834 MiB, 16384 MiB, 47.32 W, 56
2026/09/15 03:52:55.579, 1 %, 2 %, 15834 MiB, 16384 MiB, 47.55 W, 56
2026/09/15 03:52:56.582, 4 %, 4 %, 15834 MiB, 16384 MiB, 47.60 W, 56
2026/09/15 03:52:57.585, 4 %, 4 %, 15834 MiB, 16384 MiB, 51.01 W, 56
2026/09/15 03:52:58.588, 4 %, 5 %, 15834 MiB, 16384 MiB, 50.70 W, 56
2026/09/15 03:52:59.591, 2 %, 3 %, 15834 MiB, 16384 MiB, 47.18 W, 56
2026/09/15 03:53:00.593, 1 %, 2 %, 15834 MiB, 16384 MiB, 47.03 W, 55
2026/09/15 03:53:01.596, 1 %, 2 %, 15834 MiB, 16384 MiB, 47.08 W, 56
2026/09/15 03:53:02.599, 1 %, 2 %, 15834 MiB, 16384 MiB, 47.27 W, 55
2026/09/15 03:53:03.601, 1 %, 2 %, 15834 MiB, 16384 MiB, 47.38 W, 55
2026/09/15 03:53:04.604, 4 %, 4 %, 15834 MiB, 16384 MiB, 46.87 W, 55
2026/09/15 03:53:05.607, 4 %, 4 %, 15834 MiB, 16384 MiB, 50.58 W, 55
2026/09/15 03:53:06.610, 1 %, 2 %, 15834 MiB, 16384 MiB, 47.12 W, 56
2026/09/15 03:53:07.613, 2 %, 3 %, 15834 MiB, 16384 MiB, 47.71 W, 55
2026/09/15 03:53:08.615, 2 %, 3 %, 15834 MiB, 16384 MiB, 47.42 W, 55
2026/09/15 03:53:09.618, 2 %, 3 %, 15834 MiB, 16384 MiB, 47.36 W, 55
2026/09/15 03:53:10.621, 99 %, 6 %, 15834 MiB, 16384 MiB, 53.19 W, 56
2026/09/15 03:53:11.623, 100 %, 9 %, 15834 MiB, 16384 MiB, 66.23 W, 56
2026/09/15 03:53:12.626, 100 %, 6 %, 15834 MiB, 16384 MiB, 65.54 W, 56
2026/09/15 03:53:13.630, 100 %, 6 %, 15834 MiB, 16384 MiB, 60.49 W, 56
2026/09/15 03:53:14.633, 100 %, 9 %, 15834 MiB, 16384 MiB, 66.16 W, 56
2026/09/15 03:53:15.636, 100 %, 9 %, 15834 MiB, 16384 MiB, 66.34 W, 57
2026/09/15 03:53:16.640, 1 %, 2 %, 15834 MiB, 16384 MiB, 65.94 W, 57
2026/09/15 03:53:17.643, 2 %, 3 %, 15834 MiB, 16384 MiB, 61.10 W, 57
2026/09/15 03:53:18.646, 1 %, 3 %, 15834 MiB, 16384 MiB, 47.28 W, 56
2026/09/15 03:53:19.650, 4 %, 4 %, 15834 MiB, 16384 MiB, 47.70 W, 56
2026/09/15 03:53:20.653, 4 %, 4 %, 15834 MiB, 16384 MiB, 47.25 W, 56
2026/09/15 03:53:21.656, 4 %, 4 %, 15834 MiB, 16384 MiB, 50.11 W, 56
2026/09/15 03:53:22.660, 1 %, 2 %, 15834 MiB, 16384 MiB, 47.11 W, 56
2026/09/15 03:53:23.663, 1 %, 2 %, 15834 MiB, 16384 MiB, 47.34 W, 56
2026/09/15 03:53:24.666, 1 %, 3 %, 15834 MiB, 16384 MiB, 47.30 W, 56
2026/09/15 03:53:25.669, 1 %, 2 %, 15834 MiB, 16384 MiB, 47.52 W, 56
2026/09/15 03:53:26.672, 1 %, 2 %, 15834 MiB, 16384 MiB, 47.47 W, 56
2026/09/15 03:53:27.676, 4 %, 5 %, 15834 MiB, 16384 MiB, 47.58 W, 56
2026/09/15 03:53:28.679, 4 %, 4 %, 15834 MiB, 16384 MiB, 47.04 W, 55
2026/09/15 03:53:29.682, 4 %, 5 %, 15834 MiB, 16384 MiB, 50.42 W, 55
2026/09/15 03:53:30.685, 1 %, 3 %, 15834 MiB, 16384 MiB, 47.21 W, 56
2026/09/15 03:53:31.689, 1 %, 2 %, 15834 MiB, 16384 MiB, 47.11 W, 55
2026/09/15 03:53:32.692, 1 %, 2 %, 15834 MiB, 16384 MiB, 47.19 W, 55
2026/09/15 03:53:33.695, 1 %, 2 %, 15834 MiB, 16384 MiB, 47.21 W, 55
2026/09/15 03:53:34.699, 1 %, 2 %, 15834 MiB, 16384 MiB, 47.35 W, 55
2026/09/15 03:53:35.702, 4 %, 5 %, 15834 MiB, 16384 MiB, 47.43 W, 55
2026/09/15 03:53:36.706, 4 %, 4 %, 15834 MiB, 16384 MiB, 47.81 W, 55
2026/09/15 03:53:37.709, 4 %, 4 %, 15834 MiB, 16384 MiB, 50.62 W, 55
2026/09/15 03:53:38.712, 1 %, 2 %, 15834 MiB, 16384 MiB, 47.88 W, 56
2026/09/15 03:53:39.716, 100 %, 0 %, 15834 MiB, 16384 MiB, 119.82 W, 58
2026/09/15 03:53:40.719, 100 %, 0 %, 15834 MiB, 16384 MiB, 120.06 W, 59
2026/09/15 03:53:41.722, 100 %, 1 %, 15834 MiB, 16384 MiB, 115.41 W, 59
2026/09/15 03:53:42.724, 100 %, 65 %, 15834 MiB, 16384 MiB, 83.00 W, 58
2026/09/15 03:53:43.726, 100 %, 0 %, 15834 MiB, 16384 MiB, 120.14 W, 62
2026/09/15 03:53:44.730, 100 %, 0 %, 15834 MiB, 16384 MiB, 120.01 W, 60
2026/09/15 03:53:45.732, 100 %, 0 %, 15834 MiB, 16384 MiB, 119.31 W, 61
2026/09/15 03:53:46.735, 100 %, 35 %, 15834 MiB, 16384 MiB, 89.25 W, 61
2026/09/15 03:53:47.738, 100 %, 15 %, 15834 MiB, 16384 MiB, 243.88 W, 65
2026/09/15 03:53:48.746, 100 %, 0 %, 15834 MiB, 16384 MiB, 120.65 W, 61
2026/09/15 03:53:49.748, 100 %, 0 %, 15834 MiB, 16384 MiB, 120.70 W, 62
2026/09/15 03:53:50.750, 100 %, 8 %, 15834 MiB, 16384 MiB, 111.57 W, 62
2026/09/15 03:53:51.753, 100 %, 62 %, 15834 MiB, 16384 MiB, 212.11 W, 65
2026/09/15 03:53:52.758, 100 %, 0 %, 15834 MiB, 16384 MiB, 119.76 W, 62
2026/09/15 03:53:53.762, 100 %, 0 %, 15834 MiB, 16384 MiB, 119.79 W, 63
2026/09/15 03:53:54.764, 100 %, 7 %, 15834 MiB, 16384 MiB, 132.07 W, 63
2026/09/15 03:53:55.766, 100 %, 84 %, 15834 MiB, 16384 MiB, 241.04 W, 66
2026/09/15 03:53:56.770, 100 %, 0 %, 15834 MiB, 16384 MiB, 120.07 W, 64
2026/09/15 03:53:57.772, 100 %, 0 %, 15834 MiB, 16384 MiB, 119.09 W, 64
2026/09/15 03:53:58.775, 100 %, 5 %, 15834 MiB, 16384 MiB, 106.18 W, 64
2026/09/15 03:53:59.777, 100 %, 71 %, 15834 MiB, 16384 MiB, 212.50 W, 64
2026/09/15 03:54:00.779, 100 %, 0 %, 15834 MiB, 16384 MiB, 120.57 W, 65
2026/09/15 03:54:01.782, 100 %, 0 %, 15834 MiB, 16384 MiB, 120.49 W, 65
2026/09/15 03:54:02.784, 100 %, 10 %, 15834 MiB, 16384 MiB, 118.29 W, 65
2026/09/15 03:54:03.787, 100 %, 54 %, 15834 MiB, 16384 MiB, 149.92 W, 64
2026/09/15 03:54:04.790, 100 %, 0 %, 15834 MiB, 16384 MiB, 121.37 W, 66
2026/09/15 03:54:05.792, 100 %, 0 %, 15834 MiB, 16384 MiB, 121.55 W, 66
2026/09/15 03:54:06.794, 100 %, 8 %, 15834 MiB, 16384 MiB, 118.21 W, 66
2026/09/15 03:54:07.796, 100 %, 78 %, 15834 MiB, 16384 MiB, 61.08 W, 67
2026/09/15 03:54:08.801, 100 %, 0 %, 15834 MiB, 16384 MiB, 122.02 W, 70
2026/09/15 03:54:09.807, 100 %, 0 %, 15834 MiB, 16384 MiB, 122.14 W, 67
2026/09/15 03:54:10.811, 100 %, 5 %, 15834 MiB, 16384 MiB, 119.24 W, 67
2026/09/15 03:54:11.813, 100 %, 73 %, 15834 MiB, 16384 MiB, 118.41 W, 67
2026/09/15 03:54:12.815, 100 %, 0 %, 15834 MiB, 16384 MiB, 232.01 W, 70
2026/09/15 03:54:13.820, 100 %, 0 %, 15834 MiB, 16384 MiB, 122.76 W, 67
2026/09/15 03:54:14.823, 100 %, 0 %, 15834 MiB, 16384 MiB, 122.88 W, 68
2026/09/15 03:54:15.825, 100 %, 43 %, 15834 MiB, 16384 MiB, 139.01 W, 67
2026/09/15 03:54:16.828, 100 %, 0 %, 15834 MiB, 16384 MiB, 242.21 W, 70
2026/09/15 03:54:17.831, 100 %, 0 %, 15834 MiB, 16384 MiB, 121.21 W, 68
2026/09/15 03:54:18.833, 100 %, 0 %, 15834 MiB, 16384 MiB, 119.01 W, 68
2026/09/15 03:54:19.835, 100 %, 29 %, 15834 MiB, 16384 MiB, 105.23 W, 68
2026/09/15 03:54:20.839, 100 %, 10 %, 15834 MiB, 16384 MiB, 209.96 W, 71
2026/09/15 03:54:21.842, 100 %, 0 %, 15834 MiB, 16384 MiB, 121.49 W, 69
2026/09/15 03:54:22.844, 100 %, 0 %, 15834 MiB, 16384 MiB, 119.47 W, 69
2026/09/15 03:54:23.847, 100 %, 15 %, 15834 MiB, 16384 MiB, 142.08 W, 69
2026/09/15 03:54:24.849, 100 %, 38 %, 15834 MiB, 16384 MiB, 246.66 W, 71
2026/09/15 03:54:25.852, 100 %, 0 %, 15834 MiB, 16384 MiB, 121.81 W, 69
2026/09/15 03:54:26.854, 100 %, 0 %, 15834 MiB, 16384 MiB, 119.65 W, 69
2026/09/15 03:54:27.857, 100 %, 10 %, 15834 MiB, 16384 MiB, 126.16 W, 69
2026/09/15 03:54:28.859, 100 %, 55 %, 15834 MiB, 16384 MiB, 212.80 W, 71
2026/09/15 03:54:29.861, 100 %, 0 %, 15834 MiB, 16384 MiB, 119.28 W, 69
2026/09/15 03:54:30.864, 6 %, 6 %, 15834 MiB, 16384 MiB, 64.18 W, 68
2026/09/15 03:54:31.866, 100 %, 0 %, 15834 MiB, 16384 MiB, 122.04 W, 69
2026/09/15 03:54:32.868, 2 %, 3 %, 15834 MiB, 16384 MiB, 64.95 W, 68
2026/09/15 03:54:33.871, 100 %, 0 %, 15834 MiB, 16384 MiB, 122.28 W, 69
2026/09/15 03:54:34.873, 58 %, 8 %, 15834 MiB, 16384 MiB, 109.71 W, 69
2026/09/15 03:54:35.876, 100 %, 62 %, 15834 MiB, 16384 MiB, 204.67 W, 71
2026/09/15 03:54:36.878, 100 %, 0 %, 15834 MiB, 16384 MiB, 122.35 W, 70
2026/09/15 03:54:37.880, 6 %, 7 %, 15834 MiB, 16384 MiB, 65.51 W, 68
2026/09/15 03:54:38.883, 100 %, 0 %, 15834 MiB, 16384 MiB, 122.34 W, 70
2026/09/15 03:54:39.885, 2 %, 3 %, 15834 MiB, 16384 MiB, 65.33 W, 68
2026/09/15 03:54:40.887, 100 %, 0 %, 15834 MiB, 16384 MiB, 123.00 W, 72
2026/09/15 03:54:41.890, 94 %, 6 %, 15834 MiB, 16384 MiB, 116.69 W, 69
2026/09/15 03:54:42.893, 93 %, 81 %, 15834 MiB, 16384 MiB, 133.96 W, 69
2026/09/15 03:54:43.895, 100 %, 0 %, 15834 MiB, 16384 MiB, 121.19 W, 70
2026/09/15 03:54:44.897, 2 %, 3 %, 15834 MiB, 16384 MiB, 64.90 W, 68
2026/09/15 03:54:45.900, 100 %, 0 %, 15834 MiB, 16384 MiB, 122.79 W, 70
2026/09/15 03:54:46.902, 25 %, 9 %, 15834 MiB, 16384 MiB, 137.42 W, 69
2026/09/15 03:54:47.904, 100 %, 39 %, 15834 MiB, 16384 MiB, 249.99 W, 73
2026/09/15 03:54:48.910, 100 %, 0 %, 15834 MiB, 16384 MiB, 120.22 W, 70
2026/09/15 03:54:49.912, 14 %, 14 %, 15834 MiB, 16384 MiB, 64.03 W, 69
2026/09/15 03:54:50.914, 100 %, 0 %, 15834 MiB, 16384 MiB, 122.80 W, 70
2026/09/15 03:54:51.917, 1 %, 2 %, 15834 MiB, 16384 MiB, 64.70 W, 68
2026/09/15 03:54:52.919, 100 %, 0 %, 15834 MiB, 16384 MiB, 122.85 W, 70
2026/09/15 03:54:53.922, 100 %, 5 %, 15834 MiB, 16384 MiB, 113.57 W, 70
2026/09/15 03:54:54.924, 85 %, 72 %, 15834 MiB, 16384 MiB, 207.71 W, 70
2026/09/15 03:54:55.927, 100 %, 0 %, 15834 MiB, 16384 MiB, 120.87 W, 70
2026/09/15 03:54:56.929, 1 %, 2 %, 15834 MiB, 16384 MiB, 66.15 W, 69
2026/09/15 03:54:57.931, 100 %, 0 %, 15834 MiB, 16384 MiB, 123.38 W, 70
2026/09/15 03:54:58.934, 21 %, 9 %, 15834 MiB, 16384 MiB, 65.21 W, 70
2026/09/15 03:54:59.939, 100 %, 31 %, 15834 MiB, 16384 MiB, 137.13 W, 73
2026/09/15 03:55:00.945, 100 %, 0 %, 15834 MiB, 16384 MiB, 119.10 W, 70
2026/09/15 03:55:01.949, 30 %, 27 %, 15834 MiB, 16384 MiB, 96.30 W, 69
2026/09/15 03:55:02.951, 100 %, 0 %, 15834 MiB, 16384 MiB, 123.18 W, 70
2026/09/15 03:55:03.954, 1 %, 2 %, 15834 MiB, 16384 MiB, 65.32 W, 69
2026/09/15 03:55:04.956, 100 %, 0 %, 15834 MiB, 16384 MiB, 123.62 W, 70
2026/09/15 03:55:05.958, 60 %, 8 %, 15834 MiB, 16384 MiB, 126.60 W, 70
2026/09/15 03:55:06.961, 100 %, 65 %, 15834 MiB, 16384 MiB, 252.35 W, 73
2026/09/15 03:55:07.966, 100 %, 0 %, 15834 MiB, 16384 MiB, 123.99 W, 70
2026/09/15 03:55:08.969, 1 %, 2 %, 15834 MiB, 16384 MiB, 63.79 W, 69
2026/09/15 03:55:09.971, 100 %, 0 %, 15834 MiB, 16384 MiB, 124.26 W, 70
2026/09/15 03:55:10.974, 2 %, 3 %, 15834 MiB, 16384 MiB, 62.27 W, 68
2026/09/15 03:55:11.976, 100 %, 0 %, 15834 MiB, 16384 MiB, 123.90 W, 70
2026/09/15 03:55:12.979, 21 %, 9 %, 15834 MiB, 16384 MiB, 115.70 W, 70
2026/09/15 03:55:13.981, 100 %, 34 %, 15834 MiB, 16384 MiB, 204.38 W, 70
2026/09/15 03:55:14.985, 100 %, 0 %, 15834 MiB, 16384 MiB, 121.75 W, 70
2026/09/15 03:55:15.988, 38 %, 33 %, 15834 MiB, 16384 MiB, 65.23 W, 69
2026/09/15 03:55:16.990, 100 %, 0 %, 15834 MiB, 16384 MiB, 123.63 W, 70
2026/09/15 03:55:17.992, 1 %, 2 %, 15834 MiB, 16384 MiB, 98.10 W, 70
2026/09/15 03:55:18.995, 100 %, 0 %, 15834 MiB, 16384 MiB, 212.16 W, 73
2026/09/15 03:55:19.998, 71 %, 8 %, 15834 MiB, 16384 MiB, 120.81 W, 70
2026/09/15 03:55:21.000, 100 %, 72 %, 15834 MiB, 16384 MiB, 62.68 W, 69
2026/09/15 03:55:22.004, 100 %, 0 %, 15834 MiB, 16384 MiB, 124.18 W, 70
2026/09/15 03:55:23.006, 1 %, 2 %, 15834 MiB, 16384 MiB, 65.63 W, 69
2026/09/15 03:55:24.009, 100 %, 0 %, 15834 MiB, 16384 MiB, 123.23 W, 70
2026/09/15 03:55:25.011, 1 %, 2 %, 15834 MiB, 16384 MiB, 111.38 W, 70
2026/09/15 03:55:26.014, 100 %, 10 %, 15834 MiB, 16384 MiB, 209.50 W, 73
2026/09/15 03:55:27.017, 100 %, 0 %, 15834 MiB, 16384 MiB, 121.04 W, 70
2026/09/15 03:55:28.020, 72 %, 66 %, 15834 MiB, 16384 MiB, 64.43 W, 69
2026/09/15 03:55:29.022, 100 %, 0 %, 15834 MiB, 16384 MiB, 124.00 W, 70
2026/09/15 03:55:30.024, 1 %, 2 %, 15834 MiB, 16384 MiB, 65.76 W, 69
2026/09/15 03:55:31.027, 100 %, 0 %, 15834 MiB, 16384 MiB, 124.14 W, 71
2026/09/15 03:55:32.029, 51 %, 9 %, 15834 MiB, 16384 MiB, 122.36 W, 71
2026/09/15 03:55:33.031, 100 %, 63 %, 15834 MiB, 16384 MiB, 111.51 W, 70
2026/09/15 03:55:34.035, 100 %, 0 %, 15834 MiB, 16384 MiB, 121.96 W, 71
2026/09/15 03:55:35.037, 1 %, 2 %, 15834 MiB, 16384 MiB, 65.60 W, 69
2026/09/15 03:55:36.041, 100 %, 0 %, 15834 MiB, 16384 MiB, 124.03 W, 71
2026/09/15 03:55:37.044, 1 %, 2 %, 15834 MiB, 16384 MiB, 66.38 W, 71
2026/09/15 03:55:38.046, 100 %, 0 %, 15834 MiB, 16384 MiB, 194.04 W, 73
2026/09/15 03:55:39.049, 100 %, 0 %, 15834 MiB, 16384 MiB, 123.79 W, 71
2026/09/15 03:55:40.051, 70 %, 60 %, 15834 MiB, 16384 MiB, 60.53 W, 69
2026/09/15 03:55:41.056, 100 %, 0 %, 15834 MiB, 16384 MiB, 124.22 W, 71
2026/09/15 03:55:42.058, 100 %, 6 %, 15834 MiB, 16384 MiB, 124.81 W, 71
2026/09/15 03:55:43.061, 100 %, 7 %, 15834 MiB, 16384 MiB, 121.25 W, 71
2026/09/15 03:55:44.063, 100 %, 11 %, 15834 MiB, 16384 MiB, 137.47 W, 71
2026/09/15 03:55:45.066, 100 %, 34 %, 15834 MiB, 16384 MiB, 104.25 W, 71
2026/09/15 03:55:46.068, 100 %, 52 %, 15834 MiB, 16384 MiB, 63.25 W, 71
2026/09/15 03:55:47.070, 100 %, 54 %, 15834 MiB, 16384 MiB, 115.80 W, 70
2026/09/15 03:55:48.073, 100 %, 37 %, 15834 MiB, 16384 MiB, 215.28 W, 71
2026/09/15 03:55:49.076, 100 %, 6 %, 15834 MiB, 16384 MiB, 220.83 W, 73
2026/09/15 03:55:50.082, 100 %, 0 %, 15834 MiB, 16384 MiB, 124.93 W, 74
2026/09/15 03:55:51.086, 100 %, 0 %, 15834 MiB, 16384 MiB, 123.59 W, 71
2026/09/15 03:55:52.088, 100 %, 0 %, 15834 MiB, 16384 MiB, 123.39 W, 71
2026/09/15 03:55:53.090, 100 %, 0 %, 15834 MiB, 16384 MiB, 123.64 W, 71
2026/09/15 03:55:54.093, 100 %, 0 %, 15834 MiB, 16384 MiB, 124.02 W, 71
2026/09/15 03:55:55.095, 100 %, 0 %, 15834 MiB, 16384 MiB, 124.21 W, 71
2026/09/15 03:55:56.097, 100 %, 0 %, 15834 MiB, 16384 MiB, 124.12 W, 71
2026/09/15 03:55:57.100, 100 %, 0 %, 15834 MiB, 16384 MiB, 123.30 W, 72
2026/09/15 03:55:58.102, 100 %, 0 %, 15834 MiB, 16384 MiB, 122.53 W, 72
2026/09/15 03:55:59.104, 100 %, 1 %, 15834 MiB, 16384 MiB, 121.36 W, 72
2026/09/15 03:56:00.106, 100 %, 4 %, 15834 MiB, 16384 MiB, 121.20 W, 72
2026/09/15 03:56:01.108, 100 %, 6 %, 15834 MiB, 16384 MiB, 121.51 W, 72
2026/09/15 03:56:02.111, 100 %, 20 %, 15834 MiB, 16384 MiB, 127.88 W, 72
2026/09/15 03:56:03.113, 100 %, 43 %, 15834 MiB, 16384 MiB, 93.24 W, 72
2026/09/15 03:56:04.115, 100 %, 48 %, 15834 MiB, 16384 MiB, 68.04 W, 71
2026/09/15 03:56:05.118, 100 %, 53 %, 15834 MiB, 16384 MiB, 146.86 W, 71
2026/09/15 03:56:06.120, 100 %, 25 %, 15834 MiB, 16384 MiB, 253.08 W, 74
2026/09/15 03:56:07.124, 100 %, 0 %, 15834 MiB, 16384 MiB, 199.82 W, 75
2026/09/15 03:56:08.127, 100 %, 0 %, 15834 MiB, 16384 MiB, 124.16 W, 72
2026/09/15 03:56:09.129, 100 %, 0 %, 15834 MiB, 16384 MiB, 124.45 W, 72
2026/09/15 03:56:10.132, 100 %, 0 %, 15834 MiB, 16384 MiB, 124.08 W, 72
2026/09/15 03:56:11.134, 100 %, 0 %, 15834 MiB, 16384 MiB, 124.06 W, 72
2026/09/15 03:56:12.136, 100 %, 0 %, 15834 MiB, 16384 MiB, 124.01 W, 72
2026/09/15 03:56:13.139, 100 %, 0 %, 15834 MiB, 16384 MiB, 123.69 W, 72
2026/09/15 03:56:14.141, 100 %, 0 %, 15834 MiB, 16384 MiB, 122.73 W, 72
2026/09/15 03:56:15.143, 100 %, 0 %, 15834 MiB, 16384 MiB, 121.88 W, 72
2026/09/15 03:56:16.145, 100 %, 0 %, 15834 MiB, 16384 MiB, 121.02 W, 72
2026/09/15 03:56:17.148, 100 %, 4 %, 15834 MiB, 16384 MiB, 121.45 W, 72
2026/09/15 03:56:18.150, 100 %, 5 %, 15834 MiB, 16384 MiB, 129.84 W, 72
2026/09/15 03:56:19.153, 100 %, 6 %, 15834 MiB, 16384 MiB, 98.65 W, 72
2026/09/15 03:56:20.155, 100 %, 27 %, 15834 MiB, 16384 MiB, 69.80 W, 72
2026/09/15 03:56:21.157, 100 %, 48 %, 15834 MiB, 16384 MiB, 140.85 W, 71
2026/09/15 03:56:22.163, 84 %, 53 %, 15834 MiB, 16384 MiB, 252.65 W, 72
2026/09/15 03:56:23.166, 100 %, 0 %, 15834 MiB, 16384 MiB, 124.17 W, 72
2026/09/15 03:56:24.169, 2 %, 3 %, 15834 MiB, 16384 MiB, 66.16 W, 70
2026/09/15 03:56:25.171, 79 %, 56 %, 15834 MiB, 16384 MiB, 233.91 W, 71
2026/09/15 03:56:26.174, 100 %, 0 %, 15834 MiB, 16384 MiB, 123.82 W, 72
2026/09/15 03:56:27.176, 1 %, 2 %, 15834 MiB, 16384 MiB, 66.21 W, 70
2026/09/15 03:56:28.179, 63 %, 55 %, 15834 MiB, 16384 MiB, 165.18 W, 71
2026/09/15 03:56:29.184, 100 %, 0 %, 15834 MiB, 16384 MiB, 124.13 W, 72
2026/09/15 03:56:30.186, 39 %, 5 %, 15834 MiB, 16384 MiB, 101.78 W, 71
2026/09/15 03:56:31.188, 100 %, 38 %, 15834 MiB, 16384 MiB, 60.98 W, 70
2026/09/15 03:56:32.194, 100 %, 0 %, 15834 MiB, 16384 MiB, 124.05 W, 72
2026/09/15 03:56:33.197, 1 %, 2 %, 15834 MiB, 16384 MiB, 131.31 W, 71
2026/09/15 03:56:34.199, 79 %, 53 %, 15834 MiB, 16384 MiB, 65.11 W, 70
2026/09/15 03:56:35.202, 100 %, 0 %, 15834 MiB, 16384 MiB, 124.29 W, 71
2026/09/15 03:56:36.204, 35 %, 5 %, 15834 MiB, 16384 MiB, 123.69 W, 71
2026/09/15 03:56:37.206, 24 %, 21 %, 15834 MiB, 16384 MiB, 65.49 W, 70
2026/09/15 03:56:38.209, 100 %, 0 %, 15834 MiB, 16384 MiB, 124.10 W, 74
2026/09/15 03:56:39.211, 82 %, 4 %, 15834 MiB, 16384 MiB, 123.93 W, 71
2026/09/15 03:56:40.214, 1 %, 2 %, 15834 MiB, 16384 MiB, 66.95 W, 69
2026/09/15 03:56:41.217, 100 %, 0 %, 15834 MiB, 16384 MiB, 242.80 W, 73
2026/09/15 03:56:42.224, 100 %, 0 %, 15834 MiB, 16384 MiB, 123.82 W, 71
2026/09/15 03:56:43.230, 2 %, 3 %, 15834 MiB, 16384 MiB, 65.35 W, 71
2026/09/15 03:56:44.232, 100 %, 22 %, 15834 MiB, 16384 MiB, 86.35 W, 70
2026/09/15 03:56:45.235, 100 %, 0 %, 15834 MiB, 16384 MiB, 123.97 W, 71
2026/09/15 03:56:46.237, 1 %, 2 %, 15834 MiB, 16384 MiB, 127.96 W, 71
2026/09/15 03:56:47.239, 99 %, 56 %, 15834 MiB, 16384 MiB, 63.69 W, 70
2026/09/15 03:56:48.242, 100 %, 0 %, 15834 MiB, 16384 MiB, 123.60 W, 71
2026/09/15 03:56:49.244, 11 %, 5 %, 15834 MiB, 16384 MiB, 122.54 W, 71
2026/09/15 03:56:50.246, 46 %, 42 %, 15834 MiB, 16384 MiB, 65.34 W, 69
2026/09/15 03:56:51.249, 100 %, 0 %, 15834 MiB, 16384 MiB, 124.07 W, 71
2026/09/15 03:56:52.251, 51 %, 5 %, 15834 MiB, 16384 MiB, 123.09 W, 71
2026/09/15 03:56:53.255, 10 %, 10 %, 15834 MiB, 16384 MiB, 65.49 W, 69
2026/09/15 03:56:54.257, 100 %, 0 %, 15834 MiB, 16384 MiB, 123.76 W, 71
2026/09/15 03:56:55.260, 70 %, 4 %, 15834 MiB, 16384 MiB, 121.95 W, 70
2026/09/15 03:56:56.262, 1 %, 2 %, 15834 MiB, 16384 MiB, 65.13 W, 69
2026/09/15 03:56:57.264, 100 %, 0 %, 15834 MiB, 16384 MiB, 216.02 W, 74
2026/09/15 03:56:58.268, 100 %, 0 %, 15834 MiB, 16384 MiB, 122.66 W, 70
2026/09/15 03:56:59.270, 1 %, 2 %, 15834 MiB, 16384 MiB, 62.13 W, 69
2026/09/15 03:57:00.273, 100 %, 0 %, 15834 MiB, 16384 MiB, 202.92 W, 72
2026/09/15 03:57:01.279, 100 %, 0 %, 15834 MiB, 16384 MiB, 123.69 W, 70
2026/09/15 03:57:02.282, 1 %, 2 %, 15834 MiB, 16384 MiB, 70.39 W, 69
2026/09/15 03:57:03.284, 100 %, 25 %, 15834 MiB, 16384 MiB, 244.59 W, 70
2026/09/15 03:57:04.287, 100 %, 0 %, 15834 MiB, 16384 MiB, 123.56 W, 70
2026/09/15 03:57:05.289, 1 %, 2 %, 15834 MiB, 16384 MiB, 102.07 W, 70
2026/09/15 03:57:06.292, 74 %, 55 %, 15834 MiB, 16384 MiB, 61.20 W, 69
2026/09/15 03:57:07.294, 100 %, 0 %, 15834 MiB, 16384 MiB, 123.30 W, 70
2026/09/15 03:57:08.296, 32 %, 5 %, 15834 MiB, 16384 MiB, 121.19 W, 70
2026/09/15 03:57:09.299, 27 %, 25 %, 15834 MiB, 16384 MiB, 64.55 W, 69
2026/09/15 03:57:10.302, 100 %, 0 %, 15834 MiB, 16384 MiB, 123.82 W, 70
2026/09/15 03:57:11.306, 81 %, 4 %, 15834 MiB, 16384 MiB, 122.22 W, 70
2026/09/15 03:57:12.308, 1 %, 2 %, 15834 MiB, 16384 MiB, 64.99 W, 69
2026/09/15 03:57:13.310, 100 %, 0 %, 15834 MiB, 16384 MiB, 123.28 W, 73
2026/09/15 03:57:14.313, 100 %, 0 %, 15834 MiB, 16384 MiB, 123.72 W, 70
2026/09/15 03:57:15.316, 2 %, 3 %, 15834 MiB, 16384 MiB, 64.95 W, 68
2026/09/15 03:57:16.318, 100 %, 4 %, 15834 MiB, 16384 MiB, 237.23 W, 71
2026/09/15 03:57:17.322, 100 %, 0 %, 15834 MiB, 16384 MiB, 123.58 W, 70
2026/09/15 03:57:18.324, 1 %, 3 %, 15834 MiB, 16384 MiB, 65.44 W, 71
2026/09/15 03:57:19.327, 100 %, 42 %, 15834 MiB, 16384 MiB, 157.91 W, 69
2026/09/15 03:57:20.330, 100 %, 0 %, 15834 MiB, 16384 MiB, 123.36 W, 70
2026/09/15 03:57:21.332, 1 %, 2 %, 15834 MiB, 16384 MiB, 98.11 W, 70
2026/09/15 03:57:22.335, 78 %, 55 %, 15834 MiB, 16384 MiB, 60.49 W, 69
2026/09/15 03:57:23.337, 100 %, 0 %, 15834 MiB, 16384 MiB, 123.97 W, 70
2026/09/15 03:57:24.341, 100 %, 10 %, 15834 MiB, 16384 MiB, 72.11 W, 68
2026/09/15 03:57:25.344, 100 %, 7 %, 15834 MiB, 16384 MiB, 65.60 W, 68
2026/09/15 03:57:26.346, 100 %, 9 %, 15834 MiB, 16384 MiB, 71.07 W, 68
2026/09/15 03:57:27.348, 100 %, 7 %, 15834 MiB, 16384 MiB, 71.18 W, 67
2026/09/15 03:57:28.351, 100 %, 7 %, 15834 MiB, 16384 MiB, 68.22 W, 67
2026/09/15 03:57:29.353, 100 %, 9 %, 15834 MiB, 16384 MiB, 65.22 W, 67
2026/09/15 03:57:30.356, 2 %, 3 %, 15834 MiB, 16384 MiB, 64.44 W, 67
2026/09/15 03:57:31.358, 4 %, 4 %, 15834 MiB, 16384 MiB, 57.04 W, 66
2026/09/15 03:57:32.361, 4 %, 4 %, 15834 MiB, 16384 MiB, 50.38 W, 66
2026/09/15 03:57:33.363, 1 %, 2 %, 15834 MiB, 16384 MiB, 53.67 W, 65
2026/09/15 03:57:34.366, 1 %, 2 %, 15834 MiB, 16384 MiB, 50.10 W, 65
2026/09/15 03:57:35.369, 1 %, 3 %, 15834 MiB, 16384 MiB, 50.46 W, 65
2026/09/15 03:57:36.372, 1 %, 2 %, 15834 MiB, 16384 MiB, 50.16 W, 65
2026/09/15 03:57:37.375, 1 %, 2 %, 15834 MiB, 16384 MiB, 50.41 W, 64
2026/09/15 03:57:38.378, 4 %, 4 %, 15834 MiB, 16384 MiB, 50.08 W, 64
2026/09/15 03:57:39.381, 4 %, 4 %, 15834 MiB, 16384 MiB, 50.05 W, 64
2026/09/15 03:57:40.384, 4 %, 4 %, 15834 MiB, 16384 MiB, 49.52 W, 64
2026/09/15 03:57:41.387, 2 %, 3 %, 15834 MiB, 16384 MiB, 54.19 W, 64
2026/09/15 03:57:42.390, 1 %, 2 %, 15834 MiB, 16384 MiB, 50.42 W, 64
2026/09/15 03:57:43.393, 1 %, 2 %, 15834 MiB, 16384 MiB, 49.77 W, 63
2026/09/15 03:57:44.396, 1 %, 2 %, 15834 MiB, 16384 MiB, 49.82 W, 63
2026/09/15 03:57:45.399, 1 %, 2 %, 15834 MiB, 16384 MiB, 49.60 W, 63
2026/09/15 03:57:46.402, 4 %, 4 %, 15834 MiB, 16384 MiB, 49.68 W, 62
2026/09/15 03:57:47.405, 4 %, 4 %, 15834 MiB, 16384 MiB, 49.74 W, 62
2026/09/15 03:57:48.408, 4 %, 4 %, 15834 MiB, 16384 MiB, 49.38 W, 62
2026/09/15 03:57:49.412, 2 %, 3 %, 15834 MiB, 16384 MiB, 52.76 W, 62
2026/09/15 03:57:50.414, 2 %, 3 %, 15834 MiB, 16384 MiB, 49.57 W, 62
2026/09/15 03:57:51.418, 1 %, 3 %, 15834 MiB, 16384 MiB, 49.62 W, 62
2026/09/15 03:57:52.420, 100 %, 6 %, 15834 MiB, 16384 MiB, 63.82 W, 62
2026/09/15 03:57:53.424, 100 %, 7 %, 15834 MiB, 16384 MiB, 67.87 W, 62
2026/09/15 03:57:54.427, 100 %, 9 %, 15834 MiB, 16384 MiB, 62.87 W, 62
2026/09/15 03:57:55.431, 100 %, 9 %, 15834 MiB, 16384 MiB, 68.61 W, 62
2026/09/15 03:57:56.434, 100 %, 6 %, 15834 MiB, 16384 MiB, 68.47 W, 62
2026/09/15 03:57:57.438, 100 %, 6 %, 15834 MiB, 16384 MiB, 62.38 W, 62
2026/09/15 03:57:58.441, 4 %, 4 %, 15834 MiB, 16384 MiB, 60.88 W, 62
2026/09/15 03:57:59.445, 2 %, 3 %, 15834 MiB, 16384 MiB, 61.40 W, 62
2026/09/15 03:58:00.448, 2 %, 3 %, 15834 MiB, 16384 MiB, 48.87 W, 61
2026/09/15 03:58:01.452, 2 %, 3 %, 15834 MiB, 16384 MiB, 49.66 W, 61
2026/09/15 03:58:02.455, 1 %, 2 %, 15834 MiB, 16384 MiB, 49.19 W, 61
2026/09/15 03:58:03.459, 4 %, 4 %, 15834 MiB, 16384 MiB, 48.86 W, 60
2026/09/15 03:58:04.461, 4 %, 4 %, 15834 MiB, 16384 MiB, 48.54 W, 60
2026/09/15 03:58:05.464, 4 %, 4 %, 15834 MiB, 16384 MiB, 51.41 W, 60
2026/09/15 03:58:06.466, 1 %, 2 %, 15834 MiB, 16384 MiB, 48.26 W, 60
2026/09/15 03:58:07.469, 2 %, 3 %, 15834 MiB, 16384 MiB, 48.55 W, 60
2026/09/15 03:58:08.472, 1 %, 2 %, 15834 MiB, 16384 MiB, 48.55 W, 60
2026/09/15 03:58:09.474, 2 %, 3 %, 15834 MiB, 16384 MiB, 48.61 W, 59
2026/09/15 03:58:10.477, 4 %, 5 %, 15834 MiB, 16384 MiB, 48.40 W, 59
2026/09/15 03:58:11.479, 4 %, 4 %, 15834 MiB, 16384 MiB, 48.21 W, 59
2026/09/15 03:58:12.482, 4 %, 4 %, 15834 MiB, 16384 MiB, 48.25 W, 59
2026/09/15 03:58:13.484, 4 %, 4 %, 15834 MiB, 16384 MiB, 51.40 W, 59
2026/09/15 03:58:14.487, 1 %, 2 %, 15834 MiB, 16384 MiB, 51.59 W, 59
2026/09/15 03:58:15.489, 1 %, 2 %, 15834 MiB, 16384 MiB, 48.06 W, 59
2026/09/15 03:58:16.492, 1 %, 2 %, 15834 MiB, 16384 MiB, 48.29 W, 59
2026/09/15 03:58:17.495, 2 %, 3 %, 15834 MiB, 16384 MiB, 48.37 W, 59
2026/09/15 03:58:18.497, 2 %, 3 %, 15834 MiB, 16384 MiB, 48.36 W, 58
2026/09/15 03:58:19.500, 4 %, 5 %, 15834 MiB, 16384 MiB, 48.15 W, 58
2026/09/15 03:58:20.502, 60 %, 9 %, 15834 MiB, 16384 MiB, 61.56 W, 59
2026/09/15 03:58:21.505, 100 %, 7 %, 15834 MiB, 16384 MiB, 61.86 W, 59
2026/09/15 03:58:22.507, 100 %, 9 %, 15834 MiB, 16384 MiB, 68.55 W, 59
2026/09/15 03:58:23.509, 100 %, 7 %, 15834 MiB, 16384 MiB, 68.18 W, 59
2026/09/15 03:58:24.512, 100 %, 7 %, 15834 MiB, 16384 MiB, 67.48 W, 59
2026/09/15 03:58:25.517, 100 %, 7 %, 15834 MiB, 16384 MiB, 61.48 W, 59
2026/09/15 03:58:26.519, 1 %, 2 %, 15834 MiB, 16384 MiB, 60.49 W, 59
2026/09/15 03:58:27.522, 2 %, 3 %, 15834 MiB, 16384 MiB, 60.87 W, 59
2026/09/15 03:58:28.524, 4 %, 4 %, 15834 MiB, 16384 MiB, 48.03 W, 58
2026/09/15 03:58:29.527, 4 %, 4 %, 15834 MiB, 16384 MiB, 48.02 W, 58
2026/09/15 03:58:30.530, 4 %, 4 %, 15834 MiB, 16384 MiB, 47.43 W, 58
2026/09/15 03:58:31.533, 1 %, 2 %, 15834 MiB, 16384 MiB, 51.20 W, 58
2026/09/15 03:58:32.536, 1 %, 2 %, 15834 MiB, 16384 MiB, 47.77 W, 58
2026/09/15 03:58:33.540, 1 %, 2 %, 15834 MiB, 16384 MiB, 47.59 W, 58
2026/09/15 03:58:34.543, 1 %, 2 %, 15834 MiB, 16384 MiB, 47.56 W, 58
2026/09/15 03:58:35.546, 1 %, 2 %, 15834 MiB, 16384 MiB, 47.58 W, 58
2026/09/15 03:58:36.549, 4 %, 4 %, 15834 MiB, 16384 MiB, 47.68 W, 57
2026/09/15 03:58:37.553, 4 %, 4 %, 15834 MiB, 16384 MiB, 47.56 W, 57
2026/09/15 03:58:38.556, 1 %, 2 %, 15834 MiB, 16384 MiB, 50.39 W, 57
2026/09/15 03:58:39.559, 2 %, 3 %, 15834 MiB, 16384 MiB, 50.97 W, 57
2026/09/15 03:58:40.562, 2 %, 3 %, 15834 MiB, 16384 MiB, 47.72 W, 57
2026/09/15 03:58:41.566, 1 %, 2 %, 15834 MiB, 16384 MiB, 47.51 W, 57
2026/09/15 03:58:42.569, 1 %, 2 %, 15834 MiB, 16384 MiB, 47.94 W, 57
2026/09/15 03:58:43.572, 4 %, 5 %, 15834 MiB, 16384 MiB, 48.01 W, 57
2026/09/15 03:58:44.575, 4 %, 4 %, 15834 MiB, 16384 MiB, 47.27 W, 57
2026/09/15 03:58:45.578, 4 %, 4 %, 15834 MiB, 16384 MiB, 46.57 W, 57
2026/09/15 03:58:46.582, 1 %, 2 %, 15834 MiB, 16384 MiB, 50.47 W, 57
2026/09/15 03:58:47.585, 1 %, 2 %, 15834 MiB, 16384 MiB, 47.12 W, 57
2026/09/15 03:58:48.588, 1 %, 2 %, 15834 MiB, 16384 MiB, 47.13 W, 57
2026/09/15 03:58:49.592, 100 %, 7 %, 15834 MiB, 16384 MiB, 65.97 W, 57
2026/09/15 03:58:50.595, 100 %, 9 %, 15834 MiB, 16384 MiB, 60.65 W, 58
2026/09/15 03:58:51.599, 100 %, 7 %, 15834 MiB, 16384 MiB, 66.25 W, 58
2026/09/15 03:58:52.602, 100 %, 6 %, 15834 MiB, 16384 MiB, 66.47 W, 58
2026/09/15 03:58:53.606, 100 %, 6 %, 15834 MiB, 16384 MiB, 60.69 W, 58
2026/09/15 03:58:54.609, 16 %, 5 %, 15834 MiB, 16384 MiB, 60.15 W, 58
2026/09/15 03:58:55.613, 4 %, 5 %, 15834 MiB, 16384 MiB, 62.76 W, 58
2026/09/15 03:58:56.616, 2 %, 3 %, 15834 MiB, 16384 MiB, 47.38 W, 57
2026/09/15 03:58:57.620, 1 %, 2 %, 15834 MiB, 16384 MiB, 47.51 W, 57
2026/09/15 03:58:58.623, 1 %, 2 %, 15834 MiB, 16384 MiB, 47.46 W, 57
2026/09/15 03:58:59.625, 1 %, 2 %, 15834 MiB, 16384 MiB, 47.63 W, 57
2026/09/15 03:59:00.628, 4 %, 4 %, 15834 MiB, 16384 MiB, 47.47 W, 57
2026/09/15 03:59:01.630, 4 %, 4 %, 15834 MiB, 16384 MiB, 47.34 W, 57
2026/09/15 03:59:02.633, 4 %, 4 %, 15834 MiB, 16384 MiB, 47.54 W, 56
2026/09/15 03:59:03.635, 4 %, 5 %, 15834 MiB, 16384 MiB, 51.10 W, 56
2026/09/15 03:59:04.638, 1 %, 2 %, 15834 MiB, 16384 MiB, 50.50 W, 56
2026/09/15 03:59:05.640, 1 %, 2 %, 15834 MiB, 16384 MiB, 47.35 W, 56
2026/09/15 03:59:06.643, 1 %, 2 %, 15834 MiB, 16384 MiB, 47.08 W, 56
2026/09/15 03:59:07.646, 2 %, 3 %, 15834 MiB, 16384 MiB, 47.49 W, 56
2026/09/15 03:59:08.648, 4 %, 5 %, 15834 MiB, 16384 MiB, 47.52 W, 56
2026/09/15 03:59:09.651, 4 %, 4 %, 15834 MiB, 16384 MiB, 47.42 W, 56
2026/09/15 03:59:10.654, 4 %, 5 %, 15834 MiB, 16384 MiB, 47.61 W, 56
2026/09/15 03:59:11.656, 2 %, 3 %, 15834 MiB, 16384 MiB, 50.35 W, 56
2026/09/15 03:59:12.659, 1 %, 2 %, 15834 MiB, 16384 MiB, 47.03 W, 56
2026/09/15 03:59:13.661, 1 %, 2 %, 15834 MiB, 16384 MiB, 47.06 W, 56
2026/09/15 03:59:14.664, 1 %, 2 %, 15834 MiB, 16384 MiB, 47.26 W, 56
2026/09/15 03:59:15.667, 1 %, 3 %, 15834 MiB, 16384 MiB, 47.33 W, 56
2026/09/15 03:59:16.669, 4 %, 4 %, 15834 MiB, 16384 MiB, 46.84 W, 56
2026/09/15 03:59:17.672, 100 %, 9 %, 15834 MiB, 16384 MiB, 60.09 W, 57
2026/09/15 03:59:18.674, 100 %, 9 %, 15834 MiB, 16384 MiB, 65.90 W, 57
2026/09/15 03:59:19.677, 100 %, 6 %, 15834 MiB, 16384 MiB, 66.03 W, 57
2026/09/15 03:59:20.680, 100 %, 7 %, 15834 MiB, 16384 MiB, 61.49 W, 57
2026/09/15 03:59:21.683, 100 %, 9 %, 15834 MiB, 16384 MiB, 60.26 W, 57
2026/09/15 03:59:22.687, 100 %, 7 %, 15834 MiB, 16384 MiB, 64.84 W, 57
2026/09/15 03:59:23.690, 2 %, 3 %, 15834 MiB, 16384 MiB, 61.28 W, 57
2026/09/15 03:59:24.693, 2 %, 3 %, 15834 MiB, 16384 MiB, 47.99 W, 56
2026/09/15 03:59:25.696, 4 %, 4 %, 15834 MiB, 16384 MiB, 47.43 W, 56
2026/09/15 03:59:26.700, 4 %, 4 %, 15834 MiB, 16384 MiB, 47.20 W, 56
2026/09/15 03:59:27.703, 4 %, 4 %, 15834 MiB, 16384 MiB, 46.51 W, 56
2026/09/15 03:59:28.707, 1 %, 2 %, 15834 MiB, 16384 MiB, 50.15 W, 56
2026/09/15 03:59:29.710, 1 %, 2 %, 15834 MiB, 16384 MiB, 50.66 W, 56
2026/09/15 03:59:30.713, 2 %, 3 %, 15834 MiB, 16384 MiB, 47.19 W, 56
2026/09/15 03:59:31.716, 1 %, 2 %, 15834 MiB, 16384 MiB, 47.21 W, 56
2026/09/15 03:59:32.719, 1 %, 2 %, 15834 MiB, 16384 MiB, 46.95 W, 56
2026/09/15 03:59:33.722, 4 %, 5 %, 15834 MiB, 16384 MiB, 47.23 W, 56
2026/09/15 03:59:34.725, 4 %, 4 %, 15834 MiB, 16384 MiB, 47.17 W, 56
2026/09/15 03:59:35.729, 4 %, 4 %, 15834 MiB, 16384 MiB, 46.81 W, 56
2026/09/15 03:59:36.732, 1 %, 2 %, 15834 MiB, 16384 MiB, 50.26 W, 56
2026/09/15 03:59:37.735, 1 %, 2 %, 15834 MiB, 16384 MiB, 47.06 W, 56
2026/09/15 03:59:38.739, 1 %, 2 %, 15834 MiB, 16384 MiB, 47.23 W, 56
2026/09/15 03:59:39.742, 1 %, 2 %, 15834 MiB, 16384 MiB, 47.19 W, 56
2026/09/15 03:59:40.745, 1 %, 2 %, 15834 MiB, 16384 MiB, 47.31 W, 56
2026/09/15 03:59:41.748, 4 %, 4 %, 15834 MiB, 16384 MiB, 47.25 W, 56
2026/09/15 03:59:42.752, 4 %, 5 %, 15834 MiB, 16384 MiB, 47.04 W, 56
2026/09/15 03:59:43.755, 4 %, 5 %, 15834 MiB, 16384 MiB, 47.22 W, 56
2026/09/15 03:59:44.758, 1 %, 2 %, 15834 MiB, 16384 MiB, 50.96 W, 56
2026/09/15 03:59:45.762, 100 %, 7 %, 15834 MiB, 16384 MiB, 66.00 W, 56
2026/09/15 03:59:46.765, 100 %, 7 %, 15834 MiB, 16384 MiB, 66.10 W, 56
2026/09/15 03:59:47.768, 100 %, 9 %, 15834 MiB, 16384 MiB, 60.31 W, 57
2026/09/15 03:59:48.771, 100 %, 9 %, 15834 MiB, 16384 MiB, 66.21 W, 57
2026/09/15 03:59:49.774, 100 %, 7 %, 15834 MiB, 16384 MiB, 65.94 W, 57
2026/09/15 03:59:50.777, 100 %, 6 %, 15834 MiB, 16384 MiB, 65.02 W, 57
2026/09/15 03:59:51.781, 1 %, 2 %, 15834 MiB, 16384 MiB, 59.71 W, 57
2026/09/15 03:59:52.784, 4 %, 5 %, 15834 MiB, 16384 MiB, 49.58 W, 56
2026/09/15 03:59:53.788, 1 %, 2 %, 15834 MiB, 16384 MiB, 50.43 W, 56
2026/09/15 03:59:54.791, 2 %, 3 %, 15834 MiB, 16384 MiB, 46.77 W, 56
2026/09/15 03:59:55.794, 1 %, 3 %, 15834 MiB, 16384 MiB, 46.80 W, 56
2026/09/15 03:59:56.797, 1 %, 2 %, 15834 MiB, 16384 MiB, 47.09 W, 56
2026/09/15 03:59:57.800, 2 %, 3 %, 15834 MiB, 16384 MiB, 46.77 W, 56
2026/09/15 03:59:58.804, 4 %, 4 %, 15834 MiB, 16384 MiB, 46.83 W, 56
2026/09/15 03:59:59.807, 4 %, 4 %, 15834 MiB, 16384 MiB, 46.53 W, 56
2026/09/15 04:00:00.810, 2 %, 3 %, 15834 MiB, 16384 MiB, 49.93 W, 56
2026/09/15 04:00:01.813, 1 %, 2 %, 15834 MiB, 16384 MiB, 46.86 W, 56
2026/09/15 04:00:02.817, 2 %, 3 %, 15834 MiB, 16384 MiB, 47.07 W, 56
2026/09/15 04:00:03.821, 1 %, 2 %, 15834 MiB, 16384 MiB, 46.94 W, 56
2026/09/15 04:00:04.824, 1 %, 2 %, 15834 MiB, 16384 MiB, 47.45 W, 56
2026/09/15 04:00:05.828, 4 %, 5 %, 15834 MiB, 16384 MiB, 47.38 W, 56
2026/09/15 04:00:06.832, 4 %, 4 %, 15834 MiB, 16384 MiB, 45.82 W, 56
2026/09/15 04:00:07.835, 1 %, 2 %, 15834 MiB, 16384 MiB, 49.57 W, 56
2026/09/15 04:00:08.838, 1 %, 2 %, 15834 MiB, 16384 MiB, 46.26 W, 56
2026/09/15 04:00:09.841, 1 %, 2 %, 15834 MiB, 16384 MiB, 46.93 W, 55
2026/09/15 04:00:10.845, 2 %, 3 %, 15834 MiB, 16384 MiB, 47.05 W, 55
2026/09/15 04:00:11.847, 2 %, 3 %, 15834 MiB, 16384 MiB, 46.92 W, 56
2026/09/15 04:00:12.850, 2 %, 3 %, 15834 MiB, 16384 MiB, 46.74 W, 55
2026/09/15 04:00:13.853, 77 %, 12 %, 15834 MiB, 16384 MiB, 59.63 W, 56
2026/09/15 04:00:14.855, 100 %, 6 %, 15834 MiB, 16384 MiB, 65.52 W, 56
2026/09/15 04:00:15.858, 100 %, 6 %, 15834 MiB, 16384 MiB, 65.85 W, 56
2026/09/15 04:00:16.860, 100 %, 9 %, 15834 MiB, 16384 MiB, 60.19 W, 57
2026/09/15 04:00:17.862, 100 %, 9 %, 15834 MiB, 16384 MiB, 66.17 W, 57
2026/09/15 04:00:18.866, 100 %, 6 %, 15834 MiB, 16384 MiB, 66.18 W, 57
2026/09/15 04:00:19.868, 1 %, 2 %, 15834 MiB, 16384 MiB, 64.28 W, 57
2026/09/15 04:00:20.871, 2 %, 3 %, 15834 MiB, 16384 MiB, 59.56 W, 57
2026/09/15 04:00:21.873, 2 %, 3 %, 15834 MiB, 16384 MiB, 47.03 W, 56
2026/09/15 04:00:22.876, 3 %, 5 %, 15834 MiB, 16384 MiB, 46.98 W, 56
2026/09/15 04:00:23.878, 3 %, 4 %, 15834 MiB, 16384 MiB, 47.10 W, 56
2026/09/15 04:00:24.881, 3 %, 4 %, 15834 MiB, 16384 MiB, 47.15 W, 56
2026/09/15 04:00:25.883, 1 %, 2 %, 15834 MiB, 16384 MiB, 50.35 W, 56
2026/09/15 04:00:26.886, 1 %, 2 %, 15834 MiB, 16384 MiB, 49.91 W, 56
2026/09/15 04:00:27.888, 1 %, 2 %, 15834 MiB, 16384 MiB, 46.76 W, 56
2026/09/15 04:00:28.891, 2 %, 3 %, 15834 MiB, 16384 MiB, 46.82 W, 56
2026/09/15 04:00:29.893, 1 %, 2 %, 15834 MiB, 16384 MiB, 46.79 W, 56
2026/09/15 04:00:30.896, 4 %, 5 %, 15834 MiB, 16384 MiB, 46.69 W, 56
2026/09/15 04:00:31.898, 3 %, 4 %, 15834 MiB, 16384 MiB, 46.74 W, 56
2026/09/15 04:00:32.901, 4 %, 5 %, 15834 MiB, 16384 MiB, 46.18 W, 56
2026/09/15 04:00:33.904, 1 %, 3 %, 15834 MiB, 16384 MiB, 50.16 W, 56
2026/09/15 04:00:34.907, 1 %, 2 %, 15834 MiB, 16384 MiB, 46.62 W, 56
2026/09/15 04:00:35.910, 1 %, 2 %, 15834 MiB, 16384 MiB, 46.70 W, 55
2026/09/15 04:00:36.914, 1 %, 2 %, 15834 MiB, 16384 MiB, 46.52 W, 55
2026/09/15 04:00:37.918, 1 %, 2 %, 15834 MiB, 16384 MiB, 46.73 W, 55
2026/09/15 04:00:38.920, 3 %, 4 %, 15834 MiB, 16384 MiB, 46.82 W, 55
2026/09/15 04:00:39.924, 3 %, 4 %, 15834 MiB, 16384 MiB, 46.76 W, 55
2026/09/15 04:00:40.927, 3 %, 4 %, 15834 MiB, 16384 MiB, 46.05 W, 55
2026/09/15 04:00:41.930, 1 %, 2 %, 15834 MiB, 16384 MiB, 50.12 W, 56
2026/09/15 04:00:42.933, 100 %, 5 %, 15834 MiB, 16384 MiB, 211.80 W, 61
2026/09/15 04:00:43.936, 100 %, 7 %, 15834 MiB, 16384 MiB, 116.01 W, 59
2026/09/15 04:00:44.939, 100 %, 26 %, 15834 MiB, 16384 MiB, 144.70 W, 59
2026/09/15 04:00:45.941, 100 %, 65 %, 15834 MiB, 16384 MiB, 77.05 W, 60
2026/09/15 04:00:46.944, 100 %, 65 %, 15834 MiB, 16384 MiB, 115.95 W, 59
2026/09/15 04:00:47.947, 100 %, 26 %, 15834 MiB, 16384 MiB, 212.60 W, 63
2026/09/15 04:00:48.950, 100 %, 6 %, 15834 MiB, 16384 MiB, 219.76 W, 64
2026/09/15 04:00:49.953, 100 %, 8 %, 15834 MiB, 16384 MiB, 138.34 W, 61
2026/09/15 04:00:50.955, 100 %, 27 %, 15834 MiB, 16384 MiB, 59.47 W, 61
2026/09/15 04:00:51.957, 100 %, 67 %, 15834 MiB, 16384 MiB, 140.60 W, 61
2026/09/15 04:00:52.960, 100 %, 65 %, 15834 MiB, 16384 MiB, 222.67 W, 62
2026/09/15 04:00:53.964, 100 %, 19 %, 15834 MiB, 16384 MiB, 193.22 W, 66
2026/09/15 04:00:54.969, 100 %, 5 %, 15834 MiB, 16384 MiB, 116.15 W, 65
2026/09/15 04:00:55.973, 100 %, 7 %, 15834 MiB, 16384 MiB, 134.00 W, 63
2026/09/15 04:00:56.978, 100 %, 29 %, 15834 MiB, 16384 MiB, 59.59 W, 64
2026/09/15 04:00:57.980, 100 %, 64 %, 15834 MiB, 16384 MiB, 142.30 W, 63
2026/09/15 04:00:58.984, 100 %, 60 %, 15834 MiB, 16384 MiB, 229.51 W, 66
2026/09/15 04:00:59.987, 100 %, 13 %, 15834 MiB, 16384 MiB, 173.60 W, 67
2026/09/15 04:01:00.990, 100 %, 6 %, 15834 MiB, 16384 MiB, 113.02 W, 64
2026/09/15 04:01:01.992, 100 %, 76 %, 15834 MiB, 16384 MiB, 126.34 W, 65
2026/09/15 04:01:02.995, 100 %, 44 %, 15834 MiB, 16384 MiB, 58.78 W, 64
2026/09/15 04:01:03.997, 100 %, 68 %, 15834 MiB, 16384 MiB, 106.39 W, 64
2026/09/15 04:01:05.001, 100 %, 65 %, 15834 MiB, 16384 MiB, 110.92 W, 64
2026/09/15 04:01:06.005, 100 %, 73 %, 15834 MiB, 16384 MiB, 82.32 W, 64
2026/09/15 04:01:07.008, 75 %, 64 %, 15834 MiB, 16384 MiB, 59.37 W, 64
2026/09/15 04:01:08.010, 58 %, 51 %, 15834 MiB, 16384 MiB, 61.30 W, 64
2026/09/15 04:01:09.012, 30 %, 27 %, 15834 MiB, 16384 MiB, 62.54 W, 64
2026/09/15 04:01:10.015, 1 %, 2 %, 15834 MiB, 16384 MiB, 62.54 W, 64
2026/09/15 04:01:11.017, 1 %, 2 %, 15834 MiB, 16384 MiB, 62.62 W, 64
2026/09/15 04:01:12.020, 1 %, 3 %, 15834 MiB, 16384 MiB, 56.91 W, 64
2026/09/15 04:01:13.022, 1 %, 2 %, 15834 MiB, 16384 MiB, 62.71 W, 64
2026/09/15 04:01:14.025, 1 %, 2 %, 15834 MiB, 16384 MiB, 62.28 W, 66
2026/09/15 04:01:15.028, 1 %, 2 %, 15834 MiB, 16384 MiB, 126.54 W, 66
2026/09/15 04:01:16.032, 10 %, 7 %, 15834 MiB, 16384 MiB, 132.46 W, 66
2026/09/15 04:01:17.034, 33 %, 7 %, 15834 MiB, 16384 MiB, 120.95 W, 66
2026/09/15 04:01:18.037, 63 %, 6 %, 15834 MiB, 16384 MiB, 122.32 W, 70
2026/09/15 04:01:19.040, 95 %, 6 %, 15834 MiB, 16384 MiB, 197.84 W, 69
2026/09/15 04:01:20.045, 100 %, 1 %, 15834 MiB, 16384 MiB, 260.69 W, 69
2026/09/15 04:01:21.050, 100 %, 16 %, 15834 MiB, 16384 MiB, 218.23 W, 69
2026/09/15 04:01:22.053, 100 %, 43 %, 15834 MiB, 16384 MiB, 187.46 W, 67
2026/09/15 04:01:23.056, 100 %, 55 %, 15834 MiB, 16384 MiB, 112.18 W, 66
2026/09/15 04:01:24.058, 100 %, 75 %, 15834 MiB, 16384 MiB, 75.61 W, 66
2026/09/15 04:01:25.060, 70 %, 63 %, 15834 MiB, 16384 MiB, 62.56 W, 66
2026/09/15 04:01:26.064, 53 %, 48 %, 15834 MiB, 16384 MiB, 65.53 W, 66
2026/09/15 04:01:27.066, 28 %, 25 %, 15834 MiB, 16384 MiB, 64.13 W, 66
2026/09/15 04:01:28.071, 1 %, 2 %, 15834 MiB, 16384 MiB, 64.34 W, 66
2026/09/15 04:01:29.074, 1 %, 2 %, 15834 MiB, 16384 MiB, 64.19 W, 66
2026/09/15 04:01:30.076, 1 %, 2 %, 15834 MiB, 16384 MiB, 64.30 W, 66
2026/09/15 04:01:31.079, 1 %, 2 %, 15834 MiB, 16384 MiB, 64.39 W, 66
2026/09/15 04:01:32.081, 1 %, 2 %, 15834 MiB, 16384 MiB, 64.21 W, 66
2026/09/15 04:01:33.083, 1 %, 2 %, 15834 MiB, 16384 MiB, 64.16 W, 67
2026/09/15 04:01:34.086, 1 %, 2 %, 15834 MiB, 16384 MiB, 56.44 W, 67
2026/09/15 04:01:35.092, 1 %, 2 %, 15834 MiB, 16384 MiB, 64.18 W, 67
2026/09/15 04:01:36.094, 33 %, 7 %, 15834 MiB, 16384 MiB, 122.68 W, 67
2026/09/15 04:01:37.097, 64 %, 7 %, 15834 MiB, 16384 MiB, 114.47 W, 68
2026/09/15 04:01:38.099, 87 %, 7 %, 15834 MiB, 16384 MiB, 94.44 W, 67
2026/09/15 04:01:39.101, 100 %, 0 %, 15834 MiB, 16384 MiB, 121.94 W, 71
2026/09/15 04:01:40.106, 100 %, 25 %, 15834 MiB, 16384 MiB, 218.76 W, 71
2026/09/15 04:01:41.110, 100 %, 46 %, 15834 MiB, 16384 MiB, 255.23 W, 70
2026/09/15 04:01:42.113, 100 %, 62 %, 15834 MiB, 16384 MiB, 219.91 W, 70
2026/09/15 04:01:43.116, 100 %, 75 %, 15834 MiB, 16384 MiB, 203.56 W, 68
2026/09/15 04:01:44.121, 100 %, 10 %, 15834 MiB, 16384 MiB, 145.76 W, 71
2026/09/15 04:01:45.124, 100 %, 5 %, 15834 MiB, 16384 MiB, 136.46 W, 71
2026/09/15 04:01:46.127, 100 %, 5 %, 15834 MiB, 16384 MiB, 120.07 W, 68
2026/09/15 04:01:47.130, 100 %, 11 %, 15834 MiB, 16384 MiB, 100.85 W, 68
2026/09/15 04:01:48.132, 100 %, 26 %, 15834 MiB, 16384 MiB, 64.28 W, 69
2026/09/15 04:01:49.135, 100 %, 34 %, 15834 MiB, 16384 MiB, 59.94 W, 68
2026/09/15 04:01:50.137, 100 %, 5 %, 15834 MiB, 16384 MiB, 215.87 W, 68
2026/09/15 04:01:51.140, 100 %, 11 %, 15834 MiB, 16384 MiB, 164.87 W, 69
2026/09/15 04:01:52.143, 100 %, 23 %, 15834 MiB, 16384 MiB, 128.70 W, 72
2026/09/15 04:01:53.146, 100 %, 36 %, 15834 MiB, 16384 MiB, 118.19 W, 72
2026/09/15 04:01:54.149, 100 %, 34 %, 15834 MiB, 16384 MiB, 99.33 W, 69
2026/09/15 04:01:55.151, 100 %, 35 %, 15834 MiB, 16384 MiB, 63.62 W, 69
2026/09/15 04:01:56.154, 100 %, 35 %, 15834 MiB, 16384 MiB, 60.61 W, 70
2026/09/15 04:01:57.156, 46 %, 4 %, 15834 MiB, 16384 MiB, 223.95 W, 69
2026/09/15 04:01:58.159, 52 %, 34 %, 15834 MiB, 16384 MiB, 64.54 W, 68
2026/09/15 04:01:59.162, 2 %, 3 %, 15834 MiB, 16384 MiB, 65.51 W, 68
2026/09/15 04:02:00.165, 30 %, 4 %, 15834 MiB, 16384 MiB, 208.23 W, 71
2026/09/15 04:02:01.168, 31 %, 26 %, 15834 MiB, 16384 MiB, 64.85 W, 68
2026/09/15 04:02:02.170, 1 %, 2 %, 15834 MiB, 16384 MiB, 65.21 W, 69
2026/09/15 04:02:03.173, 74 %, 13 %, 15834 MiB, 16384 MiB, 141.75 W, 68
2026/09/15 04:02:04.177, 1 %, 2 %, 15834 MiB, 16384 MiB, 65.11 W, 68
2026/09/15 04:02:05.179, 1 %, 2 %, 15834 MiB, 16384 MiB, 116.22 W, 69
2026/09/15 04:02:06.183, 83 %, 34 %, 15834 MiB, 16384 MiB, 62.37 W, 68
2026/09/15 04:02:07.185, 1 %, 2 %, 15834 MiB, 16384 MiB, 66.49 W, 67
2026/09/15 04:02:08.188, 8 %, 5 %, 15834 MiB, 16384 MiB, 120.43 W, 71
2026/09/15 04:02:09.190, 52 %, 29 %, 15834 MiB, 16384 MiB, 64.25 W, 67
2026/09/15 04:02:10.193, 1 %, 2 %, 15834 MiB, 16384 MiB, 64.68 W, 67
2026/09/15 04:02:11.196, 43 %, 4 %, 15834 MiB, 16384 MiB, 219.48 W, 71
2026/09/15 04:02:12.199, 35 %, 30 %, 15834 MiB, 16384 MiB, 64.40 W, 67
2026/09/15 04:02:13.201, 1 %, 2 %, 15834 MiB, 16384 MiB, 65.03 W, 67
2026/09/15 04:02:14.204, 65 %, 7 %, 15834 MiB, 16384 MiB, 146.94 W, 69
2026/09/15 04:02:15.208, 5 %, 5 %, 15834 MiB, 16384 MiB, 63.73 W, 67
2026/09/15 04:02:16.211, 1 %, 3 %, 15834 MiB, 16384 MiB, 64.57 W, 67
2026/09/15 04:02:17.213, 91 %, 31 %, 15834 MiB, 16384 MiB, 218.67 W, 68
2026/09/15 04:02:18.216, 1 %, 3 %, 15834 MiB, 16384 MiB, 64.76 W, 67
2026/09/15 04:02:19.218, 4 %, 4 %, 15834 MiB, 16384 MiB, 82.73 W, 68
2026/09/15 04:02:20.221, 61 %, 34 %, 15834 MiB, 16384 MiB, 85.63 W, 67
2026/09/15 04:02:21.225, 1 %, 2 %, 15834 MiB, 16384 MiB, 64.85 W, 67
2026/09/15 04:02:22.228, 33 %, 4 %, 15834 MiB, 16384 MiB, 120.00 W, 71
2026/09/15 04:02:23.231, 30 %, 23 %, 15834 MiB, 16384 MiB, 61.74 W, 67
2026/09/15 04:02:24.233, 1 %, 2 %, 15834 MiB, 16384 MiB, 64.63 W, 67
2026/09/15 04:02:25.236, 56 %, 4 %, 15834 MiB, 16384 MiB, 121.94 W, 71
2026/09/15 04:02:26.239, 16 %, 10 %, 15834 MiB, 16384 MiB, 64.30 W, 67
2026/09/15 04:02:27.258, 1 %, 2 %, 15834 MiB, 16384 MiB, 65.47 W, 67
2026/09/15 04:02:28.278, 100 %, 7 %, 15836 MiB, 16384 MiB, 66.41 W, 67
2026/09/15 04:02:29.282, 100 %, 7 %, 15836 MiB, 16384 MiB, 65.92 W, 67
2026/09/15 04:02:30.285, 100 %, 7 %, 15836 MiB, 16384 MiB, 75.22 W, 66
2026/09/15 04:02:31.288, 100 %, 7 %, 15836 MiB, 16384 MiB, 66.25 W, 66
2026/09/15 04:02:32.291, 100 %, 7 %, 15836 MiB, 16384 MiB, 75.04 W, 66
2026/09/15 04:02:33.295, 100 %, 7 %, 15836 MiB, 16384 MiB, 66.05 W, 66
2026/09/15 04:02:34.298, 6 %, 4 %, 15836 MiB, 16384 MiB, 65.49 W, 66
2026/09/15 04:02:35.300, 2 %, 3 %, 15836 MiB, 16384 MiB, 65.14 W, 66
2026/09/15 04:02:36.303, 2 %, 3 %, 15836 MiB, 16384 MiB, 50.37 W, 64
2026/09/15 04:02:37.307, 2 %, 3 %, 15836 MiB, 16384 MiB, 50.38 W, 64
2026/09/15 04:02:38.311, 5 %, 4 %, 15836 MiB, 16384 MiB, 50.16 W, 64
2026/09/15 04:02:39.314, 7 %, 4 %, 15836 MiB, 16384 MiB, 49.92 W, 64
2026/09/15 04:02:40.317, 7 %, 4 %, 15836 MiB, 16384 MiB, 55.60 W, 64
2026/09/15 04:02:41.320, 7 %, 5 %, 15836 MiB, 16384 MiB, 55.71 W, 64
2026/09/15 04:02:42.323, 1 %, 2 %, 15836 MiB, 16384 MiB, 50.03 W, 63
2026/09/15 04:02:43.327, 2 %, 3 %, 15836 MiB, 16384 MiB, 50.08 W, 63
2026/09/15 04:02:44.330, 1 %, 2 %, 15836 MiB, 16384 MiB, 49.68 W, 63
2026/09/15 04:02:45.333, 2 %, 3 %, 15836 MiB, 16384 MiB, 49.73 W, 63
2026/09/15 04:02:46.336, 6 %, 4 %, 15836 MiB, 16384 MiB, 50.09 W, 63
2026/09/15 04:02:47.340, 7 %, 4 %, 15836 MiB, 16384 MiB, 55.79 W, 62
2026/09/15 04:02:48.343, 4 %, 3 %, 15836 MiB, 16384 MiB, 54.69 W, 62
2026/09/15 04:02:49.346, 1 %, 2 %, 15836 MiB, 16384 MiB, 49.50 W, 62
2026/09/15 04:02:50.350, 1 %, 2 %, 15836 MiB, 16384 MiB, 49.26 W, 62
2026/09/15 04:02:51.352, 1 %, 2 %, 15836 MiB, 16384 MiB, 49.15 W, 62
2026/09/15 04:02:52.355, 1 %, 2 %, 15836 MiB, 16384 MiB, 49.14 W, 62
2026/09/15 04:02:53.358, 7 %, 5 %, 15836 MiB, 16384 MiB, 49.22 W, 61
2026/09/15 04:02:54.360, 7 %, 4 %, 15836 MiB, 16384 MiB, 48.47 W, 61
2026/09/15 04:02:55.363, 7 %, 5 %, 15836 MiB, 16384 MiB, 54.58 W, 61
2026/09/15 04:02:56.366, 1 %, 2 %, 15836 MiB, 16384 MiB, 48.90 W, 61
2026/09/15 04:02:57.369, 100 %, 9 %, 15836 MiB, 16384 MiB, 71.00 W, 62
2026/09/15 04:02:58.371, 100 %, 7 %, 15836 MiB, 16384 MiB, 63.96 W, 62
2026/09/15 04:02:59.374, 100 %, 7 %, 15836 MiB, 16384 MiB, 70.92 W, 62
2026/09/15 04:03:00.376, 100 %, 9 %, 15836 MiB, 16384 MiB, 70.80 W, 62
2026/09/15 04:03:01.379, 100 %, 7 %, 15836 MiB, 16384 MiB, 63.96 W, 62
2026/09/15 04:03:02.381, 1 %, 2 %, 15836 MiB, 16384 MiB, 63.04 W, 61
2026/09/15 04:03:03.383, 4 %, 4 %, 15836 MiB, 16384 MiB, 61.63 W, 61
2026/09/15 04:03:04.386, 2 %, 2 %, 15836 MiB, 16384 MiB, 52.73 W, 61
2026/09/15 04:03:05.388, 1 %, 2 %, 15836 MiB, 16384 MiB, 48.57 W, 60
2026/09/15 04:03:06.391, 1 %, 2 %, 15836 MiB, 16384 MiB, 49.06 W, 60
2026/09/15 04:03:07.393, 1 %, 2 %, 15836 MiB, 16384 MiB, 48.94 W, 60
2026/09/15 04:03:08.396, 4 %, 4 %, 15836 MiB, 16384 MiB, 48.37 W, 60
2026/09/15 04:03:09.399, 4 %, 4 %, 15836 MiB, 16384 MiB, 50.63 W, 60
2026/09/15 04:03:10.404, 4 %, 5 %, 15836 MiB, 16384 MiB, 52.30 W, 60
2026/09/15 04:03:11.407, 1 %, 2 %, 15836 MiB, 16384 MiB, 48.34 W, 60
2026/09/15 04:03:12.409, 1 %, 2 %, 15836 MiB, 16384 MiB, 48.43 W, 59
2026/09/15 04:03:13.412, 1 %, 2 %, 15836 MiB, 16384 MiB, 48.31 W, 59
2026/09/15 04:03:14.415, 1 %, 2 %, 15836 MiB, 16384 MiB, 48.26 W, 59
2026/09/15 04:03:15.417, 5 %, 5 %, 15836 MiB, 16384 MiB, 48.52 W, 59
2026/09/15 04:03:16.420, 4 %, 4 %, 15836 MiB, 16384 MiB, 47.96 W, 59
2026/09/15 04:03:17.422, 4 %, 4 %, 15836 MiB, 16384 MiB, 52.36 W, 59
2026/09/15 04:03:18.425, 5 %, 5 %, 15836 MiB, 16384 MiB, 52.46 W, 59
2026/09/15 04:03:19.427, 1 %, 2 %, 15836 MiB, 16384 MiB, 48.46 W, 59
2026/09/15 04:03:20.430, 1 %, 2 %, 15836 MiB, 16384 MiB, 48.59 W, 59
2026/09/15 04:03:21.433, 1 %, 2 %, 15836 MiB, 16384 MiB, 48.46 W, 59
2026/09/15 04:03:22.436, 1 %, 2 %, 15836 MiB, 16384 MiB, 48.35 W, 58
2026/09/15 04:03:23.438, 2 %, 3 %, 15836 MiB, 16384 MiB, 48.37 W, 58
2026/09/15 04:03:24.441, 4 %, 4 %, 15836 MiB, 16384 MiB, 48.34 W, 58
2026/09/15 04:03:25.444, 100 %, 9 %, 15836 MiB, 16384 MiB, 68.95 W, 59
2026/09/15 04:03:26.446, 100 %, 7 %, 15836 MiB, 16384 MiB, 63.76 W, 59
2026/09/15 04:03:27.449, 100 %, 7 %, 15836 MiB, 16384 MiB, 68.30 W, 59
2026/09/15 04:03:28.452, 100 %, 9 %, 15836 MiB, 16384 MiB, 69.22 W, 59
2026/09/15 04:03:29.454, 100 %, 7 %, 15836 MiB, 16384 MiB, 69.13 W, 59
2026/09/15 04:03:30.457, 100 %, 7 %, 15836 MiB, 16384 MiB, 62.32 W, 59
2026/09/15 04:03:31.459, 2 %, 3 %, 15836 MiB, 16384 MiB, 61.28 W, 59
2026/09/15 04:03:32.462, 1 %, 2 %, 15836 MiB, 16384 MiB, 48.00 W, 58
2026/09/15 04:03:33.464, 4 %, 4 %, 15836 MiB, 16384 MiB, 47.61 W, 58
2026/09/15 04:03:34.467, 4 %, 4 %, 15836 MiB, 16384 MiB, 51.67 W, 58
2026/09/15 04:03:35.469, 4 %, 5 %, 15836 MiB, 16384 MiB, 51.59 W, 58
2026/09/15 04:03:36.472, 1 %, 2 %, 15836 MiB, 16384 MiB, 47.59 W, 58
2026/09/15 04:03:37.475, 1 %, 2 %, 15836 MiB, 16384 MiB, 47.71 W, 58
2026/09/15 04:03:38.478, 2 %, 3 %, 15836 MiB, 16384 MiB, 48.04 W, 58
2026/09/15 04:03:39.481, 1 %, 2 %, 15836 MiB, 16384 MiB, 47.86 W, 58
2026/09/15 04:03:40.484, 1 %, 2 %, 15836 MiB, 16384 MiB, 47.67 W, 57
2026/09/15 04:03:41.486, 4 %, 4 %, 15836 MiB, 16384 MiB, 47.67 W, 57
2026/09/15 04:03:42.489, 5 %, 5 %, 15836 MiB, 16384 MiB, 51.53 W, 57
2026/09/15 04:03:43.491, 1 %, 2 %, 15836 MiB, 16384 MiB, 50.56 W, 57
2026/09/15 04:03:44.494, 1 %, 2 %, 15836 MiB, 16384 MiB, 47.29 W, 57
2026/09/15 04:03:45.497, 1 %, 2 %, 15836 MiB, 16384 MiB, 47.59 W, 57
2026/09/15 04:03:46.499, 1 %, 3 %, 15836 MiB, 16384 MiB, 48.08 W, 57
2026/09/15 04:03:47.502, 1 %, 2 %, 15836 MiB, 16384 MiB, 47.68 W, 57
2026/09/15 04:03:48.504, 4 %, 5 %, 15836 MiB, 16384 MiB, 47.39 W, 57
2026/09/15 04:03:49.507, 4 %, 4 %, 15836 MiB, 16384 MiB, 47.00 W, 57
2026/09/15 04:03:50.509, 5 %, 5 %, 15836 MiB, 16384 MiB, 51.15 W, 57
2026/09/15 04:03:51.512, 5 %, 5 %, 15836 MiB, 16384 MiB, 51.27 W, 57
2026/09/15 04:03:52.514, 1 %, 2 %, 15836 MiB, 16384 MiB, 47.44 W, 57
2026/09/15 04:03:53.517, 100 %, 7 %, 15836 MiB, 16384 MiB, 61.53 W, 58
2026/09/15 04:03:54.520, 100 %, 9 %, 15836 MiB, 16384 MiB, 68.34 W, 58
2026/09/15 04:03:55.522, 100 %, 7 %, 15836 MiB, 16384 MiB, 68.39 W, 58
2026/09/15 04:03:56.524, 100 %, 7 %, 15836 MiB, 16384 MiB, 61.35 W, 58
2026/09/15 04:03:57.527, 100 %, 7 %, 15836 MiB, 16384 MiB, 68.22 W, 58
2026/09/15 04:03:58.529, 100 %, 9 %, 15836 MiB, 16384 MiB, 68.38 W, 58
2026/09/15 04:03:59.531, 4 %, 4 %, 15836 MiB, 16384 MiB, 60.10 W, 58
2026/09/15 04:04:00.534, 1 %, 2 %, 15836 MiB, 16384 MiB, 60.36 W, 58
2026/09/15 04:04:01.537, 2 %, 3 %, 15836 MiB, 16384 MiB, 47.44 W, 57
2026/09/15 04:04:02.540, 2 %, 3 %, 15836 MiB, 16384 MiB, 47.45 W, 57
2026/09/15 04:04:03.543, 2 %, 3 %, 15836 MiB, 16384 MiB, 47.54 W, 57
2026/09/15 04:04:04.546, 1 %, 2 %, 15836 MiB, 16384 MiB, 47.45 W, 57
2026/09/15 04:04:05.549, 4 %, 4 %, 15836 MiB, 16384 MiB, 47.22 W, 57
2026/09/15 04:04:06.552, 4 %, 4 %, 15836 MiB, 16384 MiB, 51.58 W, 57
2026/09/15 04:04:07.554, 5 %, 5 %, 15836 MiB, 16384 MiB, 51.67 W, 57
2026/09/15 04:04:08.557, 2 %, 3 %, 15836 MiB, 16384 MiB, 46.90 W, 57
2026/09/15 04:04:09.560, 1 %, 2 %, 15836 MiB, 16384 MiB, 46.81 W, 56
2026/09/15 04:04:10.564, 2 %, 3 %, 15836 MiB, 16384 MiB, 46.97 W, 56
2026/09/15 04:04:11.566, 1 %, 2 %, 15836 MiB, 16384 MiB, 46.85 W, 56
2026/09/15 04:04:12.569, 3 %, 4 %, 15836 MiB, 16384 MiB, 47.05 W, 56
2026/09/15 04:04:13.572, 4 %, 4 %, 15836 MiB, 16384 MiB, 46.38 W, 56
2026/09/15 04:04:14.574, 4 %, 5 %, 15836 MiB, 16384 MiB, 50.43 W, 56
2026/09/15 04:04:15.577, 1 %, 2 %, 15836 MiB, 16384 MiB, 50.61 W, 56
2026/09/15 04:04:16.580, 1 %, 2 %, 15836 MiB, 16384 MiB, 46.70 W, 56
2026/09/15 04:04:17.582, 1 %, 2 %, 15836 MiB, 16384 MiB, 46.67 W, 56
2026/09/15 04:04:18.585, 2 %, 3 %, 15836 MiB, 16384 MiB, 46.93 W, 56
2026/09/15 04:04:19.587, 1 %, 2 %, 15836 MiB, 16384 MiB, 46.95 W, 56
2026/09/15 04:04:20.590, 4 %, 4 %, 15836 MiB, 16384 MiB, 46.84 W, 56
2026/09/15 04:04:21.593, 27 %, 9 %, 15836 MiB, 16384 MiB, 56.01 W, 56
2026/09/15 04:04:22.595, 100 %, 8 %, 15836 MiB, 16384 MiB, 66.64 W, 57
2026/09/15 04:04:23.598, 100 %, 7 %, 15836 MiB, 16384 MiB, 59.88 W, 57
2026/09/15 04:04:24.600, 100 %, 7 %, 15836 MiB, 16384 MiB, 66.44 W, 57
2026/09/15 04:04:25.603, 100 %, 9 %, 15836 MiB, 16384 MiB, 66.51 W, 57
2026/09/15 04:04:26.605, 100 %, 7 %, 15836 MiB, 16384 MiB, 59.85 W, 57
2026/09/15 04:04:27.607, 2 %, 3 %, 15836 MiB, 16384 MiB, 60.64 W, 57
2026/09/15 04:04:28.610, 1 %, 2 %, 15836 MiB, 16384 MiB, 60.55 W, 57
2026/09/15 04:04:29.612, 4 %, 4 %, 15836 MiB, 16384 MiB, 46.06 W, 56
2026/09/15 04:04:30.615, 1 %, 2 %, 15836 MiB, 16384 MiB, 51.00 W, 56
2026/09/15 04:04:31.618, 1 %, 2 %, 15836 MiB, 16384 MiB, 46.95 W, 56
2026/09/15 04:04:32.621, 2 %, 3 %, 15836 MiB, 16384 MiB, 47.06 W, 56
2026/09/15 04:04:33.624, 1 %, 2 %, 15836 MiB, 16384 MiB, 46.69 W, 56
2026/09/15 04:04:34.626, 1 %, 2 %, 15836 MiB, 16384 MiB, 46.86 W, 56
2026/09/15 04:04:35.629, 4 %, 4 %, 15836 MiB, 16384 MiB, 47.16 W, 56
2026/09/15 04:04:36.632, 4 %, 4 %, 15836 MiB, 16384 MiB, 46.22 W, 56
2026/09/15 04:04:37.635, 1 %, 2 %, 15836 MiB, 16384 MiB, 47.77 W, 56
2026/09/15 04:04:38.638, 1 %, 2 %, 15836 MiB, 16384 MiB, 46.70 W, 56
2026/09/15 04:04:39.642, 1 %, 2 %, 15836 MiB, 16384 MiB, 46.73 W, 56
2026/09/15 04:04:40.645, 1 %, 2 %, 15836 MiB, 16384 MiB, 47.08 W, 56
2026/09/15 04:04:41.648, 5 %, 5 %, 15836 MiB, 16384 MiB, 47.01 W, 56
2026/09/15 04:04:42.651, 4 %, 4 %, 15836 MiB, 16384 MiB, 46.66 W, 56
2026/09/15 04:04:43.655, 4 %, 4 %, 15836 MiB, 16384 MiB, 50.29 W, 56
2026/09/15 04:04:44.659, 1 %, 2 %, 15836 MiB, 16384 MiB, 46.67 W, 56
2026/09/15 04:04:45.662, 1 %, 2 %, 15836 MiB, 16384 MiB, 46.82 W, 56
2026/09/15 04:04:46.666, 1 %, 2 %, 15836 MiB, 16384 MiB, 46.87 W, 56
2026/09/15 04:04:47.669, 1 %, 2 %, 15836 MiB, 16384 MiB, 47.28 W, 56
2026/09/15 04:04:48.673, 1 %, 2 %, 15836 MiB, 16384 MiB, 47.32 W, 56
2026/09/15 04:04:49.676, 1 %, 2 %, 15836 MiB, 16384 MiB, 46.67 W, 56
2026/09/15 04:04:50.680, 100 %, 7 %, 15836 MiB, 16384 MiB, 59.90 W, 56
2026/09/15 04:04:51.684, 100 %, 7 %, 15836 MiB, 16384 MiB, 66.74 W, 56
2026/09/15 04:04:52.686, 100 %, 9 %, 15836 MiB, 16384 MiB, 66.89 W, 56
2026/09/15 04:04:53.689, 100 %, 7 %, 15836 MiB, 16384 MiB, 60.27 W, 57
2026/09/15 04:04:54.692, 100 %, 7 %, 15836 MiB, 16384 MiB, 66.82 W, 57
2026/09/15 04:04:55.696, 94 %, 9 %, 15836 MiB, 16384 MiB, 65.86 W, 57
2026/09/15 04:04:56.698, 2 %, 3 %, 15836 MiB, 16384 MiB, 59.37 W, 57
2026/09/15 04:04:57.701, 1 %, 3 %, 15836 MiB, 16384 MiB, 47.28 W, 56
2026/09/15 04:04:58.704, 4 %, 4 %, 15836 MiB, 16384 MiB, 46.94 W, 56
2026/09/15 04:04:59.707, 4 %, 4 %, 15836 MiB, 16384 MiB, 46.14 W, 56
2026/09/15 04:05:00.709, 5 %, 5 %, 15836 MiB, 16384 MiB, 50.42 W, 56
2026/09/15 04:05:01.713, 1 %, 2 %, 15836 MiB, 16384 MiB, 46.81 W, 56
2026/09/15 04:05:02.715, 1 %, 2 %, 15836 MiB, 16384 MiB, 46.82 W, 56
2026/09/15 04:05:03.719, 2 %, 3 %, 15836 MiB, 16384 MiB, 46.89 W, 56
2026/09/15 04:05:04.722, 1 %, 2 %, 15836 MiB, 16384 MiB, 46.96 W, 56
2026/09/15 04:05:05.725, 4 %, 5 %, 15836 MiB, 16384 MiB, 46.74 W, 56
2026/09/15 04:05:06.729, 4 %, 4 %, 15836 MiB, 16384 MiB, 46.71 W, 56
2026/09/15 04:05:07.731, 5 %, 5 %, 15836 MiB, 16384 MiB, 51.24 W, 56
2026/09/15 04:05:08.734, 1 %, 2 %, 15836 MiB, 16384 MiB, 47.18 W, 56
2026/09/15 04:05:09.738, 1 %, 2 %, 15836 MiB, 16384 MiB, 46.66 W, 56
2026/09/15 04:05:10.741, 1 %, 2 %, 15836 MiB, 16384 MiB, 46.40 W, 55
2026/09/15 04:05:11.747, 1 %, 2 %, 15836 MiB, 16384 MiB, 46.54 W, 55
2026/09/15 04:05:12.750, 4 %, 4 %, 15836 MiB, 16384 MiB, 46.52 W, 55
2026/09/15 04:05:13.752, 4 %, 4 %, 15836 MiB, 16384 MiB, 46.17 W, 55
2026/09/15 04:05:14.755, 4 %, 4 %, 15836 MiB, 16384 MiB, 49.60 W, 55
2026/09/15 04:05:15.757, 1 %, 2 %, 15836 MiB, 16384 MiB, 50.46 W, 55
2026/09/15 04:05:16.760, 2 %, 3 %, 15836 MiB, 16384 MiB, 46.70 W, 56
2026/09/15 04:05:17.763, 1 %, 2 %, 15836 MiB, 16384 MiB, 46.41 W, 55
2026/09/15 04:05:18.766, 100 %, 9 %, 15836 MiB, 16384 MiB, 64.86 W, 56
2026/09/15 04:05:19.769, 100 %, 6 %, 15836 MiB, 16384 MiB, 59.62 W, 56
2026/09/15 04:05:20.772, 100 %, 6 %, 15836 MiB, 16384 MiB, 62.76 W, 56
2026/09/15 04:05:21.776, 100 %, 9 %, 15836 MiB, 16384 MiB, 65.39 W, 56
2026/09/15 04:05:22.779, 100 %, 6 %, 15836 MiB, 16384 MiB, 65.48 W, 56
2026/09/15 04:05:23.782, 100 %, 6 %, 15836 MiB, 16384 MiB, 59.89 W, 57
2026/09/15 04:05:24.786, 4 %, 4 %, 15836 MiB, 16384 MiB, 58.51 W, 56
2026/09/15 04:05:25.789, 2 %, 3 %, 15836 MiB, 16384 MiB, 59.07 W, 56
2026/09/15 04:05:26.793, 2 %, 3 %, 15836 MiB, 16384 MiB, 46.85 W, 56
2026/09/15 04:05:27.796, 2 %, 3 %, 15836 MiB, 16384 MiB, 47.26 W, 56
2026/09/15 04:05:28.800, 4 %, 4 %, 15836 MiB, 16384 MiB, 47.59 W, 56
2026/09/15 04:05:29.804, 4 %, 4 %, 15836 MiB, 16384 MiB, 46.80 W, 56
2026/09/15 04:05:30.807, 4 %, 4 %, 15836 MiB, 16384 MiB, 49.73 W, 56
2026/09/15 04:05:31.810, 1 %, 2 %, 15836 MiB, 16384 MiB, 50.14 W, 56
2026/09/15 04:05:32.813, 1 %, 2 %, 15836 MiB, 16384 MiB, 46.97 W, 56
2026/09/15 04:05:33.816, 2 %, 3 %, 15836 MiB, 16384 MiB, 46.89 W, 56
2026/09/15 04:05:34.819, 1 %, 2 %, 15836 MiB, 16384 MiB, 46.86 W, 56
2026/09/15 04:05:35.823, 1 %, 2 %, 15836 MiB, 16384 MiB, 46.88 W, 55
2026/09/15 04:05:36.826, 4 %, 4 %, 15836 MiB, 16384 MiB, 46.75 W, 55
2026/09/15 04:05:37.829, 4 %, 4 %, 15836 MiB, 16384 MiB, 46.43 W, 55
2026/09/15 04:05:38.832, 4 %, 5 %, 15836 MiB, 16384 MiB, 49.41 W, 55
2026/09/15 04:05:39.836, 1 %, 2 %, 15836 MiB, 16384 MiB, 46.60 W, 55
2026/09/15 04:05:40.839, 1 %, 2 %, 15836 MiB, 16384 MiB, 46.71 W, 55
2026/09/15 04:05:41.843, 1 %, 2 %, 15836 MiB, 16384 MiB, 46.83 W, 55
2026/09/15 04:05:42.846, 1 %, 2 %, 15836 MiB, 16384 MiB, 46.81 W, 55
2026/09/15 04:05:43.849, 2 %, 3 %, 15836 MiB, 16384 MiB, 46.86 W, 55
2026/09/15 04:05:44.852, 4 %, 5 %, 15836 MiB, 16384 MiB, 46.96 W, 55
2026/09/15 04:05:45.855, 4 %, 4 %, 15836 MiB, 16384 MiB, 46.36 W, 55
2026/09/15 04:05:46.858, 5 %, 6 %, 15836 MiB, 16384 MiB, 54.77 W, 55
2026/09/15 04:05:47.861, 100 %, 5 %, 15836 MiB, 16384 MiB, 115.86 W, 58
2026/09/15 04:05:48.863, 100 %, 42 %, 15836 MiB, 16384 MiB, 219.94 W, 58
2026/09/15 04:05:49.866, 100 %, 5 %, 15836 MiB, 16384 MiB, 117.36 W, 59
2026/09/15 04:05:50.868, 100 %, 41 %, 15836 MiB, 16384 MiB, 233.12 W, 59
2026/09/15 04:05:51.880, 100 %, 7 %, 15836 MiB, 16384 MiB, 117.49 W, 60
2026/09/15 04:05:52.883, 100 %, 27 %, 15836 MiB, 16384 MiB, 256.16 W, 61
2026/09/15 04:05:53.886, 100 %, 6 %, 15836 MiB, 16384 MiB, 113.19 W, 60
2026/09/15 04:05:54.888, 100 %, 11 %, 15836 MiB, 16384 MiB, 227.70 W, 63
2026/09/15 04:05:55.893, 100 %, 6 %, 15836 MiB, 16384 MiB, 115.23 W, 61
2026/09/15 04:05:56.896, 100 %, 1 %, 15836 MiB, 16384 MiB, 198.85 W, 64
2026/09/15 04:05:57.899, 100 %, 8 %, 15836 MiB, 16384 MiB, 137.83 W, 62
2026/09/15 04:05:58.901, 100 %, 0 %, 15836 MiB, 16384 MiB, 142.31 W, 66
2026/09/15 04:05:59.905, 100 %, 19 %, 15836 MiB, 16384 MiB, 118.04 W, 62
2026/09/15 04:06:00.910, 100 %, 0 %, 15836 MiB, 16384 MiB, 122.13 W, 63
2026/09/15 04:06:01.912, 100 %, 26 %, 15836 MiB, 16384 MiB, 105.27 W, 63
2026/09/15 04:06:02.914, 100 %, 0 %, 15836 MiB, 16384 MiB, 120.05 W, 63
2026/09/15 04:06:03.917, 100 %, 40 %, 15836 MiB, 16384 MiB, 65.60 W, 64
2026/09/15 04:06:04.921, 100 %, 0 %, 15836 MiB, 16384 MiB, 122.16 W, 64
2026/09/15 04:06:05.925, 100 %, 52 %, 15836 MiB, 16384 MiB, 182.35 W, 63
2026/09/15 04:06:06.927, 100 %, 0 %, 15836 MiB, 16384 MiB, 118.41 W, 64
2026/09/15 04:06:07.930, 100 %, 55 %, 15836 MiB, 16384 MiB, 233.53 W, 64
2026/09/15 04:06:08.934, 100 %, 0 %, 15836 MiB, 16384 MiB, 116.87 W, 65
2026/09/15 04:06:09.937, 100 %, 54 %, 15836 MiB, 16384 MiB, 233.38 W, 65
2026/09/15 04:06:10.972, 100 %, 6 %, 15836 MiB, 16384 MiB, 118.96 W, 65
2026/09/15 04:06:11.974, 100 %, 45 %, 15836 MiB, 16384 MiB, 211.60 W, 67
2026/09/15 04:06:12.976, 2 %, 3 %, 15836 MiB, 16384 MiB, 63.23 W, 64
2026/09/15 04:06:13.979, 1 %, 2 %, 15836 MiB, 16384 MiB, 60.81 W, 64
2026/09/15 04:06:14.981, 65 %, 53 %, 15836 MiB, 16384 MiB, 204.76 W, 65
2026/09/15 04:06:15.984, 100 %, 41 %, 15836 MiB, 16384 MiB, 180.06 W, 68
2026/09/15 04:06:16.987, 100 %, 3 %, 15836 MiB, 16384 MiB, 120.38 W, 70
2026/09/15 04:06:17.992, 100 %, 0 %, 15836 MiB, 16384 MiB, 120.49 W, 66
2026/09/15 04:06:18.994, 100 %, 0 %, 15836 MiB, 16384 MiB, 116.85 W, 66
2026/09/15 04:06:19.997, 79 %, 5 %, 15836 MiB, 16384 MiB, 140.74 W, 66
2026/09/15 04:06:21.000, 32 %, 6 %, 15836 MiB, 16384 MiB, 63.76 W, 66
2026/09/15 04:06:22.002, 1 %, 2 %, 15836 MiB, 16384 MiB, 64.47 W, 65
2026/09/15 04:06:23.005, 1 %, 3 %, 15836 MiB, 16384 MiB, 64.26 W, 65
2026/09/15 04:06:24.007, 1 %, 2 %, 15836 MiB, 16384 MiB, 64.01 W, 65
2026/09/15 04:06:25.010, 1 %, 2 %, 15836 MiB, 16384 MiB, 63.61 W, 65
2026/09/15 04:06:26.012, 34 %, 27 %, 15836 MiB, 16384 MiB, 105.71 W, 66
2026/09/15 04:06:27.017, 69 %, 53 %, 15836 MiB, 16384 MiB, 217.76 W, 66
2026/09/15 04:06:28.022, 95 %, 54 %, 15836 MiB, 16384 MiB, 249.93 W, 68
2026/09/15 04:06:29.024, 100 %, 33 %, 15836 MiB, 16384 MiB, 144.42 W, 70
2026/09/15 04:06:30.027, 100 %, 0 %, 15836 MiB, 16384 MiB, 123.86 W, 67
2026/09/15 04:06:31.029, 70 %, 5 %, 15836 MiB, 16384 MiB, 122.85 W, 67
2026/09/15 04:06:32.033, 29 %, 7 %, 15836 MiB, 16384 MiB, 122.39 W, 67
2026/09/15 04:06:33.035, 1 %, 2 %, 15836 MiB, 16384 MiB, 117.39 W, 67
2026/09/15 04:06:34.038, 1 %, 2 %, 15836 MiB, 16384 MiB, 112.96 W, 67
2026/09/15 04:06:35.040, 1 %, 2 %, 15836 MiB, 16384 MiB, 65.06 W, 68
2026/09/15 04:06:36.044, 2 %, 3 %, 15836 MiB, 16384 MiB, 64.73 W, 66
2026/09/15 04:06:37.046, 17 %, 13 %, 15836 MiB, 16384 MiB, 64.50 W, 66
2026/09/15 04:06:38.049, 52 %, 45 %, 15836 MiB, 16384 MiB, 64.24 W, 66
2026/09/15 04:06:39.051, 87 %, 51 %, 15836 MiB, 16384 MiB, 63.48 W, 66
2026/09/15 04:06:40.054, 100 %, 37 %, 15836 MiB, 16384 MiB, 78.14 W, 67
2026/09/15 04:06:41.057, 100 %, 3 %, 15836 MiB, 16384 MiB, 183.84 W, 67
2026/09/15 04:06:42.061, 100 %, 0 %, 15836 MiB, 16384 MiB, 230.04 W, 70
2026/09/15 04:06:43.066, 100 %, 0 %, 15836 MiB, 16384 MiB, 123.14 W, 70
2026/09/15 04:06:44.069, 91 %, 5 %, 15836 MiB, 16384 MiB, 122.13 W, 68
2026/09/15 04:06:45.071, 59 %, 5 %, 15836 MiB, 16384 MiB, 124.76 W, 68
2026/09/15 04:06:46.074, 21 %, 6 %, 15836 MiB, 16384 MiB, 120.11 W, 68
2026/09/15 04:06:47.076, 1 %, 2 %, 15836 MiB, 16384 MiB, 138.25 W, 68
2026/09/15 04:06:48.080, 1 %, 2 %, 15836 MiB, 16384 MiB, 100.20 W, 68
2026/09/15 04:06:49.082, 1 %, 2 %, 15836 MiB, 16384 MiB, 65.23 W, 67
2026/09/15 04:06:50.086, 1 %, 2 %, 15836 MiB, 16384 MiB, 66.30 W, 67
2026/09/15 04:06:51.088, 6 %, 5 %, 15836 MiB, 16384 MiB, 66.20 W, 67
2026/09/15 04:06:52.091, 39 %, 31 %, 15836 MiB, 16384 MiB, 65.15 W, 67
2026/09/15 04:06:53.093, 75 %, 54 %, 15836 MiB, 16384 MiB, 64.49 W, 67
2026/09/15 04:06:54.096, 100 %, 53 %, 15836 MiB, 16384 MiB, 164.25 W, 67
2026/09/15 04:06:55.100, 100 %, 17 %, 15836 MiB, 16384 MiB, 241.29 W, 68
2026/09/15 04:06:56.105, 100 %, 0 %, 15836 MiB, 16384 MiB, 249.32 W, 71
2026/09/15 04:06:57.111, 100 %, 0 %, 15836 MiB, 16384 MiB, 137.73 W, 70
2026/09/15 04:06:58.114, 89 %, 5 %, 15836 MiB, 16384 MiB, 122.49 W, 69
2026/09/15 04:06:59.116, 100 %, 10 %, 15836 MiB, 16384 MiB, 72.25 W, 67
2026/09/15 04:07:00.119, 100 %, 6 %, 15836 MiB, 16384 MiB, 65.87 W, 67
2026/09/15 04:07:01.121, 100 %, 6 %, 15836 MiB, 16384 MiB, 70.91 W, 67
2026/09/15 04:07:02.124, 100 %, 9 %, 15836 MiB, 16384 MiB, 71.22 W, 67
2026/09/15 04:07:03.126, 100 %, 6 %, 15836 MiB, 16384 MiB, 71.07 W, 66
2026/09/15 04:07:04.129, 100 %, 6 %, 15836 MiB, 16384 MiB, 65.43 W, 66
2026/09/15 04:07:05.131, 2 %, 3 %, 15836 MiB, 16384 MiB, 64.99 W, 66
2026/09/15 04:07:06.134, 1 %, 2 %, 15836 MiB, 16384 MiB, 50.31 W, 65
2026/09/15 04:07:07.136, 3 %, 4 %, 15836 MiB, 16384 MiB, 50.24 W, 65
2026/09/15 04:07:08.139, 3 %, 4 %, 15836 MiB, 16384 MiB, 49.45 W, 65
2026/09/15 04:07:09.141, 1 %, 2 %, 15836 MiB, 16384 MiB, 50.58 W, 64
2026/09/15 04:07:10.144, 1 %, 2 %, 15836 MiB, 16384 MiB, 50.77 W, 64
2026/09/15 04:07:11.148, 1 %, 2 %, 15836 MiB, 16384 MiB, 49.79 W, 64
2026/09/15 04:07:12.150, 2 %, 3 %, 15836 MiB, 16384 MiB, 50.03 W, 64
2026/09/15 04:07:13.153, 1 %, 2 %, 15836 MiB, 16384 MiB, 49.74 W, 64
2026/09/15 04:07:14.156, 3 %, 4 %, 15836 MiB, 16384 MiB, 49.85 W, 63
2026/09/15 04:07:15.158, 4 %, 4 %, 15836 MiB, 16384 MiB, 49.59 W, 63
2026/09/15 04:07:16.161, 3 %, 4 %, 15836 MiB, 16384 MiB, 52.85 W, 63
2026/09/15 04:07:17.163, 1 %, 2 %, 15836 MiB, 16384 MiB, 52.51 W, 63
2026/09/15 04:07:18.166, 1 %, 2 %, 15836 MiB, 16384 MiB, 49.52 W, 63
2026/09/15 04:07:19.168, 1 %, 2 %, 15836 MiB, 16384 MiB, 49.43 W, 62
2026/09/15 04:07:20.171, 1 %, 2 %, 15836 MiB, 16384 MiB, 49.31 W, 62
2026/09/15 04:07:21.174, 4 %, 5 %, 15836 MiB, 16384 MiB, 49.42 W, 62
2026/09/15 04:07:22.176, 3 %, 4 %, 15836 MiB, 16384 MiB, 49.41 W, 62
2026/09/15 04:07:23.179, 4 %, 4 %, 15836 MiB, 16384 MiB, 52.47 W, 62
2026/09/15 04:07:24.181, 4 %, 5 %, 15836 MiB, 16384 MiB, 52.49 W, 62
2026/09/15 04:07:25.184, 2 %, 3 %, 15836 MiB, 16384 MiB, 49.19 W, 62
2026/09/15 04:07:26.187, 1 %, 2 %, 15836 MiB, 16384 MiB, 49.04 W, 61
2026/09/15 04:07:27.189, 100 %, 8 %, 15836 MiB, 16384 MiB, 66.32 W, 62
2026/09/15 04:07:28.192, 100 %, 7 %, 15836 MiB, 16384 MiB, 64.36 W, 62
2026/09/15 04:07:29.194, 100 %, 9 %, 15836 MiB, 16384 MiB, 71.70 W, 63
2026/09/15 04:07:30.197, 100 %, 7 %, 15836 MiB, 16384 MiB, 72.75 W, 62
2026/09/15 04:07:31.199, 100 %, 7 %, 15836 MiB, 16384 MiB, 65.53 W, 62
2026/09/15 04:07:32.202, 100 %, 9 %, 15836 MiB, 16384 MiB, 71.67 W, 62
2026/09/15 04:07:33.204, 2 %, 3 %, 15836 MiB, 16384 MiB, 63.49 W, 62
2026/09/15 04:07:34.207, 1 %, 2 %, 15836 MiB, 16384 MiB, 63.18 W, 62
2026/09/15 04:07:35.211, 5 %, 4 %, 15836 MiB, 16384 MiB, 48.95 W, 61
2026/09/15 04:07:36.214, 5 %, 4 %, 15836 MiB, 16384 MiB, 48.33 W, 61
2026/09/15 04:07:37.217, 1 %, 2 %, 15836 MiB, 16384 MiB, 52.91 W, 61
2026/09/15 04:07:38.221, 1 %, 2 %, 15836 MiB, 16384 MiB, 48.60 W, 60
2026/09/15 04:07:39.224, 1 %, 2 %, 15836 MiB, 16384 MiB, 48.72 W, 60
2026/09/15 04:07:40.228, 1 %, 2 %, 15836 MiB, 16384 MiB, 48.69 W, 60
2026/09/15 04:07:41.231, 1 %, 2 %, 15836 MiB, 16384 MiB, 48.94 W, 60
2026/09/15 04:07:42.235, 5 %, 4 %, 15836 MiB, 16384 MiB, 48.96 W, 60
2026/09/15 04:07:43.238, 5 %, 4 %, 15836 MiB, 16384 MiB, 48.29 W, 60
2026/09/15 04:07:44.242, 2 %, 3 %, 15836 MiB, 16384 MiB, 53.09 W, 60
2026/09/15 04:07:45.245, 1 %, 2 %, 15836 MiB, 16384 MiB, 48.75 W, 60
2026/09/15 04:07:46.249, 2 %, 3 %, 15836 MiB, 16384 MiB, 48.73 W, 60
2026/09/15 04:07:47.253, 2 %, 3 %, 15836 MiB, 16384 MiB, 48.78 W, 59
2026/09/15 04:07:48.256, 5 %, 4 %, 15836 MiB, 16384 MiB, 48.65 W, 59
2026/09/15 04:07:49.260, 5 %, 4 %, 15836 MiB, 16384 MiB, 48.20 W, 59
2026/09/15 04:07:50.264, 5 %, 5 %, 15836 MiB, 16384 MiB, 52.59 W, 59
2026/09/15 04:07:51.267, 1 %, 2 %, 15836 MiB, 16384 MiB, 53.27 W, 59
2026/09/15 04:07:52.271, 1 %, 2 %, 15836 MiB, 16384 MiB, 48.75 W, 59
2026/09/15 04:07:53.274, 1 %, 2 %, 15836 MiB, 16384 MiB, 48.40 W, 59
2026/09/15 04:07:54.278, 2 %, 3 %, 15836 MiB, 16384 MiB, 48.38 W, 59
2026/09/15 04:07:55.281, 5 %, 4 %, 15836 MiB, 16384 MiB, 48.47 W, 59
2026/09/15 04:07:56.284, 100 %, 9 %, 15836 MiB, 16384 MiB, 68.48 W, 59
2026/09/15 04:07:57.288, 100 %, 6 %, 15836 MiB, 16384 MiB, 68.41 W, 59
2026/09/15 04:07:58.291, 100 %, 6 %, 15836 MiB, 16384 MiB, 62.64 W, 60
2026/09/15 04:07:59.295, 100 %, 9 %, 15836 MiB, 16384 MiB, 68.20 W, 60
2026/09/15 04:08:00.298, 100 %, 6 %, 15836 MiB, 16384 MiB, 68.50 W, 59
2026/09/15 04:08:01.301, 100 %, 6 %, 15836 MiB, 16384 MiB, 65.73 W, 59
2026/09/15 04:08:02.305, 2 %, 3 %, 15836 MiB, 16384 MiB, 61.98 W, 59
2026/09/15 04:08:03.308, 1 %, 2 %, 15836 MiB, 16384 MiB, 47.97 W, 59
2026/09/15 04:08:04.312, 4 %, 4 %, 15836 MiB, 16384 MiB, 47.91 W, 58
2026/09/15 04:08:05.315, 4 %, 4 %, 15836 MiB, 16384 MiB, 50.95 W, 58
2026/09/15 04:08:06.319, 1 %, 2 %, 15836 MiB, 16384 MiB, 47.85 W, 58
2026/09/15 04:08:07.322, 1 %, 2 %, 15836 MiB, 16384 MiB, 48.07 W, 58
2026/09/15 04:08:08.325, 1 %, 2 %, 15836 MiB, 16384 MiB, 47.98 W, 58
2026/09/15 04:08:09.327, 1 %, 2 %, 15836 MiB, 16384 MiB, 48.33 W, 58
2026/09/15 04:08:10.330, 4 %, 4 %, 15836 MiB, 16384 MiB, 48.06 W, 58
2026/09/15 04:08:11.333, 4 %, 4 %, 15836 MiB, 16384 MiB, 47.99 W, 58
2026/09/15 04:08:12.335, 4 %, 5 %, 15836 MiB, 16384 MiB, 51.75 W, 58
2026/09/15 04:08:13.338, 2 %, 3 %, 15836 MiB, 16384 MiB, 47.99 W, 58
2026/09/15 04:08:14.340, 1 %, 2 %, 15836 MiB, 16384 MiB, 47.85 W, 58
2026/09/15 04:08:15.343, 1 %, 2 %, 15836 MiB, 16384 MiB, 48.25 W, 57
2026/09/15 04:08:16.346, 1 %, 2 %, 15836 MiB, 16384 MiB, 48.13 W, 57
2026/09/15 04:08:17.348, 1 %, 2 %, 15836 MiB, 16384 MiB, 48.20 W, 57
2026/09/15 04:08:18.351, 4 %, 4 %, 15836 MiB, 16384 MiB, 47.94 W, 57
2026/09/15 04:08:19.353, 4 %, 4 %, 15836 MiB, 16384 MiB, 47.67 W, 57
2026/09/15 04:08:20.356, 4 %, 5 %, 15836 MiB, 16384 MiB, 51.01 W, 57
2026/09/15 04:08:21.359, 2 %, 3 %, 15836 MiB, 16384 MiB, 51.43 W, 57
2026/09/15 04:08:22.361, 1 %, 3 %, 15836 MiB, 16384 MiB, 47.96 W, 57
2026/09/15 04:08:23.364, 1 %, 2 %, 15836 MiB, 16384 MiB, 47.70 W, 57
2026/09/15 04:08:24.367, 100 %, 3 %, 15836 MiB, 16384 MiB, 105.73 W, 59
2026/09/15 04:08:25.369, 100 %, 18 %, 15836 MiB, 16384 MiB, 58.87 W, 60
2026/09/15 04:08:26.371, 100 %, 0 %, 15836 MiB, 16384 MiB, 120.52 W, 63
2026/09/15 04:08:27.377, 100 %, 3 %, 15836 MiB, 16384 MiB, 118.64 W, 60
2026/09/15 04:08:28.379, 100 %, 22 %, 15836 MiB, 16384 MiB, 59.85 W, 60
2026/09/15 04:08:29.382, 100 %, 0 %, 15836 MiB, 16384 MiB, 121.81 W, 63
2026/09/15 04:08:30.384, 100 %, 3 %, 15836 MiB, 16384 MiB, 118.85 W, 61
2026/09/15 04:08:31.387, 100 %, 21 %, 15836 MiB, 16384 MiB, 78.36 W, 61
2026/09/15 04:08:32.389, 100 %, 0 %, 15836 MiB, 16384 MiB, 147.51 W, 64
2026/09/15 04:08:33.391, 100 %, 3 %, 15836 MiB, 16384 MiB, 119.28 W, 62
2026/09/15 04:08:34.394, 100 %, 20 %, 15836 MiB, 16384 MiB, 84.21 W, 62
2026/09/15 04:08:35.398, 100 %, 0 %, 15836 MiB, 16384 MiB, 171.39 W, 65
2026/09/15 04:08:36.401, 100 %, 2 %, 15836 MiB, 16384 MiB, 119.35 W, 62
2026/09/15 04:08:37.403, 100 %, 20 %, 15836 MiB, 16384 MiB, 91.04 W, 62
2026/09/15 04:08:38.405, 100 %, 0 %, 15836 MiB, 16384 MiB, 195.73 W, 65
2026/09/15 04:08:39.408, 100 %, 2 %, 15836 MiB, 16384 MiB, 119.89 W, 63
2026/09/15 04:08:40.410, 100 %, 19 %, 15836 MiB, 16384 MiB, 98.03 W, 63
2026/09/15 04:08:41.413, 100 %, 0 %, 15836 MiB, 16384 MiB, 210.30 W, 66
2026/09/15 04:08:42.417, 100 %, 2 %, 15836 MiB, 16384 MiB, 120.80 W, 64
2026/09/15 04:08:43.419, 100 %, 19 %, 15836 MiB, 16384 MiB, 104.88 W, 64
2026/09/15 04:08:44.421, 100 %, 0 %, 15836 MiB, 16384 MiB, 218.20 W, 67
2026/09/15 04:08:45.424, 100 %, 1 %, 15836 MiB, 16384 MiB, 120.90 W, 64
2026/09/15 04:08:46.426, 100 %, 23 %, 15836 MiB, 16384 MiB, 57.96 W, 64
2026/09/15 04:08:47.429, 1 %, 2 %, 15836 MiB, 16384 MiB, 63.50 W, 64
2026/09/15 04:08:48.431, 2 %, 3 %, 15836 MiB, 16384 MiB, 63.88 W, 63
2026/09/15 04:08:49.434, 2 %, 3 %, 15836 MiB, 16384 MiB, 63.97 W, 63
2026/09/15 04:08:50.436, 2 %, 3 %, 15836 MiB, 16384 MiB, 63.72 W, 63
2026/09/15 04:08:51.439, 1 %, 3 %, 15836 MiB, 16384 MiB, 64.96 W, 63
2026/09/15 04:08:52.441, 1 %, 2 %, 15836 MiB, 16384 MiB, 65.31 W, 63
2026/09/15 04:08:53.444, 2 %, 3 %, 15836 MiB, 16384 MiB, 63.95 W, 63
2026/09/15 04:08:54.446, 1 %, 2 %, 15836 MiB, 16384 MiB, 63.26 W, 63
2026/09/15 04:08:55.449, 1 %, 2 %, 15836 MiB, 16384 MiB, 63.88 W, 63
2026/09/15 04:08:56.452, 1 %, 2 %, 15836 MiB, 16384 MiB, 63.95 W, 64
2026/09/15 04:08:57.454, 1 %, 2 %, 15836 MiB, 16384 MiB, 64.16 W, 64
2026/09/15 04:08:58.457, 1 %, 2 %, 15836 MiB, 16384 MiB, 64.08 W, 64
2026/09/15 04:08:59.459, 1 %, 2 %, 15836 MiB, 16384 MiB, 64.21 W, 64
2026/09/15 04:09:00.462, 1 %, 2 %, 15836 MiB, 16384 MiB, 64.17 W, 64
2026/09/15 04:09:01.464, 2 %, 3 %, 15836 MiB, 16384 MiB, 64.53 W, 64
2026/09/15 04:09:02.467, 1 %, 2 %, 15836 MiB, 16384 MiB, 64.51 W, 64
2026/09/15 04:09:03.470, 1 %, 2 %, 15836 MiB, 16384 MiB, 64.65 W, 64
2026/09/15 04:09:04.472, 2 %, 3 %, 15836 MiB, 16384 MiB, 64.87 W, 64
2026/09/15 04:09:05.474, 1 %, 2 %, 15836 MiB, 16384 MiB, 64.68 W, 64
2026/09/15 04:09:06.477, 1 %, 2 %, 15836 MiB, 16384 MiB, 64.60 W, 64
2026/09/15 04:09:07.479, 1 %, 2 %, 15836 MiB, 16384 MiB, 64.63 W, 64
2026/09/15 04:09:08.482, 2 %, 2 %, 15836 MiB, 16384 MiB, 64.73 W, 64
2026/09/15 04:09:09.486, 1 %, 2 %, 15836 MiB, 16384 MiB, 64.51 W, 65
2026/09/15 04:09:10.488, 1 %, 2 %, 15836 MiB, 16384 MiB, 63.88 W, 65
2026/09/15 04:09:11.490, 2 %, 3 %, 15836 MiB, 16384 MiB, 64.46 W, 65
2026/09/15 04:09:12.493, 1 %, 2 %, 15836 MiB, 16384 MiB, 65.31 W, 65
2026/09/15 04:09:13.495, 2 %, 3 %, 15836 MiB, 16384 MiB, 65.41 W, 65
2026/09/15 04:09:14.498, 1 %, 2 %, 15836 MiB, 16384 MiB, 63.87 W, 65
2026/09/15 04:09:15.501, 1 %, 2 %, 15836 MiB, 16384 MiB, 63.89 W, 65
2026/09/15 04:09:16.505, 1 %, 2 %, 15836 MiB, 16384 MiB, 63.77 W, 65
2026/09/15 04:09:17.507, 1 %, 2 %, 15836 MiB, 16384 MiB, 63.93 W, 65
2026/09/15 04:09:18.510, 1 %, 2 %, 15836 MiB, 16384 MiB, 64.22 W, 65
2026/09/15 04:09:19.512, 1 %, 2 %, 15836 MiB, 16384 MiB, 63.97 W, 65
2026/09/15 04:09:20.515, 1 %, 2 %, 15836 MiB, 16384 MiB, 63.53 W, 65
2026/09/15 04:09:21.517, 1 %, 2 %, 15836 MiB, 16384 MiB, 63.75 W, 65
2026/09/15 04:09:22.520, 1 %, 2 %, 15836 MiB, 16384 MiB, 63.77 W, 65
2026/09/15 04:09:23.523, 2 %, 3 %, 15836 MiB, 16384 MiB, 64.22 W, 65
2026/09/15 04:09:24.525, 1 %, 2 %, 15836 MiB, 16384 MiB, 64.34 W, 65
2026/09/15 04:09:25.529, 1 %, 3 %, 15836 MiB, 16384 MiB, 64.69 W, 67
2026/09/15 04:09:26.532, 1 %, 2 %, 15836 MiB, 16384 MiB, 64.47 W, 65
2026/09/15 04:09:27.534, 1 %, 2 %, 15836 MiB, 16384 MiB, 64.52 W, 65
2026/09/15 04:09:28.537, 1 %, 2 %, 15836 MiB, 16384 MiB, 64.25 W, 66
2026/09/15 04:09:29.539, 100 %, 11 %, 15836 MiB, 16384 MiB, 72.21 W, 66
2026/09/15 04:09:30.541, 100 %, 7 %, 15836 MiB, 16384 MiB, 72.63 W, 66
2026/09/15 04:09:31.544, 100 %, 7 %, 15836 MiB, 16384 MiB, 66.50 W, 65
2026/09/15 04:09:32.546, 100 %, 9 %, 15836 MiB, 16384 MiB, 71.35 W, 65
2026/09/15 04:09:33.549, 100 %, 7 %, 15836 MiB, 16384 MiB, 71.22 W, 65
2026/09/15 04:09:34.552, 100 %, 7 %, 15836 MiB, 16384 MiB, 71.22 W, 65
2026/09/15 04:09:35.555, 4 %, 4 %, 15836 MiB, 16384 MiB, 64.03 W, 65
2026/09/15 04:09:36.559, 2 %, 3 %, 15836 MiB, 16384 MiB, 69.97 W, 65
2026/09/15 04:09:37.562, 2 %, 3 %, 15836 MiB, 16384 MiB, 50.14 W, 64
2026/09/15 04:09:38.564, 2 %, 3 %, 15836 MiB, 16384 MiB, 49.97 W, 64
2026/09/15 04:09:39.567, 1 %, 2 %, 15836 MiB, 16384 MiB, 49.74 W, 64
2026/09/15 04:09:40.570, 4 %, 5 %, 15836 MiB, 16384 MiB, 49.73 W, 63
2026/09/15 04:09:41.572, 4 %, 4 %, 15836 MiB, 16384 MiB, 49.47 W, 63
2026/09/15 04:09:42.575, 4 %, 4 %, 15836 MiB, 16384 MiB, 49.20 W, 63
2026/09/15 04:09:43.577, 1 %, 2 %, 15836 MiB, 16384 MiB, 53.22 W, 63
2026/09/15 04:09:44.580, 2 %, 3 %, 15836 MiB, 16384 MiB, 49.71 W, 63
2026/09/15 04:09:45.582, 1 %, 2 %, 15836 MiB, 16384 MiB, 49.42 W, 63
2026/09/15 04:09:46.585, 2 %, 3 %, 15836 MiB, 16384 MiB, 49.59 W, 62
2026/09/15 04:09:47.587, 4 %, 4 %, 15836 MiB, 16384 MiB, 49.26 W, 62
2026/09/15 04:09:48.590, 4 %, 4 %, 15836 MiB, 16384 MiB, 49.16 W, 62
2026/09/15 04:09:49.592, 4 %, 5 %, 15836 MiB, 16384 MiB, 53.03 W, 62
2026/09/15 04:09:50.595, 1 %, 2 %, 15836 MiB, 16384 MiB, 52.70 W, 62
2026/09/15 04:09:51.597, 1 %, 2 %, 15836 MiB, 16384 MiB, 49.80 W, 62
2026/09/15 04:09:52.600, 1 %, 2 %, 15836 MiB, 16384 MiB, 49.42 W, 62
2026/09/15 04:09:53.603, 1 %, 2 %, 15836 MiB, 16384 MiB, 48.67 W, 62
2026/09/15 04:09:54.605, 2 %, 3 %, 15836 MiB, 16384 MiB, 48.91 W, 61
2026/09/15 04:09:55.608, 1 %, 2 %, 15836 MiB, 16384 MiB, 48.86 W, 61
2026/09/15 04:09:56.610, 4 %, 4 %, 15836 MiB, 16384 MiB, 49.22 W, 61
2026/09/15 04:09:57.613, 9 %, 9 %, 15836 MiB, 16384 MiB, 57.87 W, 61
2026/09/15 04:09:58.616, 100 %, 7 %, 15836 MiB, 16384 MiB, 70.09 W, 62
2026/09/15 04:09:59.618, 100 %, 7 %, 15836 MiB, 16384 MiB, 63.91 W, 62
2026/09/15 04:10:00.620, 100 %, 9 %, 15836 MiB, 16384 MiB, 68.53 W, 62
2026/09/15 04:10:01.623, 100 %, 7 %, 15836 MiB, 16384 MiB, 70.06 W, 62
2026/09/15 04:10:02.625, 100 %, 7 %, 15836 MiB, 16384 MiB, 70.10 W, 62
2026/09/15 04:10:03.627, 1 %, 3 %, 15836 MiB, 16384 MiB, 62.87 W, 62
2026/09/15 04:10:04.630, 4 %, 4 %, 15836 MiB, 16384 MiB, 62.90 W, 62
2026/09/15 04:10:05.632, 4 %, 4 %, 15836 MiB, 16384 MiB, 48.60 W, 61
2026/09/15 04:10:06.635, 4 %, 5 %, 15836 MiB, 16384 MiB, 51.96 W, 61
2026/09/15 04:10:07.637, 1 %, 2 %, 15836 MiB, 16384 MiB, 52.15 W, 61
2026/09/15 04:10:08.640, 1 %, 2 %, 15836 MiB, 16384 MiB, 48.56 W, 60
2026/09/15 04:10:09.642, 1 %, 2 %, 15836 MiB, 16384 MiB, 48.52 W, 60
2026/09/15 04:10:10.645, 1 %, 2 %, 15836 MiB, 16384 MiB, 48.46 W, 60
2026/09/15 04:10:11.647, 1 %, 2 %, 15836 MiB, 16384 MiB, 48.90 W, 60
2026/09/15 04:10:12.650, 4 %, 4 %, 15836 MiB, 16384 MiB, 49.25 W, 60
2026/09/15 04:10:13.652, 4 %, 4 %, 15836 MiB, 16384 MiB, 48.56 W, 60
2026/09/15 04:10:14.655, 2 %, 3 %, 15836 MiB, 16384 MiB, 51.72 W, 60
2026/09/15 04:10:15.660, 1 %, 2 %, 15836 MiB, 16384 MiB, 48.12 W, 60
2026/09/15 04:10:16.663, 2 %, 3 %, 15836 MiB, 16384 MiB, 48.30 W, 59
2026/09/15 04:10:17.666, 2 %, 3 %, 15836 MiB, 16384 MiB, 48.66 W, 59
2026/09/15 04:10:18.668, 1 %, 2 %, 15836 MiB, 16384 MiB, 48.47 W, 59
2026/09/15 04:10:19.671, 4 %, 4 %, 15836 MiB, 16384 MiB, 48.46 W, 59
2026/09/15 04:10:20.673, 4 %, 4 %, 15836 MiB, 16384 MiB, 48.55 W, 59
2026/09/15 04:10:21.676, 4 %, 4 %, 15836 MiB, 16384 MiB, 48.24 W, 59
2026/09/15 04:10:22.678, 1 %, 2 %, 15836 MiB, 16384 MiB, 51.77 W, 59
2026/09/15 04:10:23.681, 1 %, 2 %, 15836 MiB, 16384 MiB, 47.83 W, 59
2026/09/15 04:10:24.684, 1 %, 2 %, 15836 MiB, 16384 MiB, 48.01 W, 59
2026/09/15 04:10:25.686, 1 %, 2 %, 15836 MiB, 16384 MiB, 48.07 W, 59
2026/09/15 04:10:26.689, 100 %, 7 %, 15836 MiB, 16384 MiB, 68.47 W, 59
2026/09/15 04:10:27.691, 100 %, 7 %, 15836 MiB, 16384 MiB, 62.32 W, 60
2026/09/15 04:10:28.693, 100 %, 9 %, 15836 MiB, 16384 MiB, 66.11 W, 60
2026/09/15 04:10:29.697, 100 %, 7 %, 15836 MiB, 16384 MiB, 68.61 W, 60
2026/09/15 04:10:30.699, 100 %, 7 %, 15836 MiB, 16384 MiB, 68.90 W, 60
2026/09/15 04:10:31.702, 80 %, 9 %, 15836 MiB, 16384 MiB, 60.15 W, 60
2026/09/15 04:10:32.704, 2 %, 3 %, 15836 MiB, 16384 MiB, 62.49 W, 60
2026/09/15 04:10:33.706, 1 %, 3 %, 15836 MiB, 16384 MiB, 48.62 W, 59
2026/09/15 04:10:34.709, 1 %, 2 %, 15836 MiB, 16384 MiB, 47.87 W, 59
2026/09/15 04:10:35.714, 1 %, 2 %, 15836 MiB, 16384 MiB, 47.83 W, 59
2026/09/15 04:10:36.717, 4 %, 4 %, 15836 MiB, 16384 MiB, 48.14 W, 58
2026/09/15 04:10:37.719, 4 %, 4 %, 15836 MiB, 16384 MiB, 47.83 W, 58
2026/09/15 04:10:38.722, 4 %, 5 %, 15836 MiB, 16384 MiB, 48.82 W, 58
2026/09/15 04:10:39.724, 1 %, 2 %, 15836 MiB, 16384 MiB, 51.18 W, 58
2026/09/15 04:10:40.727, 1 %, 2 %, 15836 MiB, 16384 MiB, 51.54 W, 58
2026/09/15 04:10:41.729, 1 %, 2 %, 15836 MiB, 16384 MiB, 47.83 W, 58
2026/09/15 04:10:42.732, 1 %, 3 %, 15836 MiB, 16384 MiB, 47.81 W, 58
2026/09/15 04:10:43.735, 1 %, 2 %, 15836 MiB, 16384 MiB, 47.81 W, 58
2026/09/15 04:10:44.738, 4 %, 5 %, 15836 MiB, 16384 MiB, 47.99 W, 58
2026/09/15 04:10:45.742, 4 %, 4 %, 15836 MiB, 16384 MiB, 47.74 W, 58
2026/09/15 04:10:46.745, 1 %, 2 %, 15836 MiB, 16384 MiB, 50.89 W, 58
2026/09/15 04:10:47.748, 1 %, 2 %, 15836 MiB, 16384 MiB, 47.58 W, 58
2026/09/15 04:10:48.751, 1 %, 2 %, 15836 MiB, 16384 MiB, 47.59 W, 58
2026/09/15 04:10:49.754, 1 %, 2 %, 15836 MiB, 16384 MiB, 47.71 W, 57
2026/09/15 04:10:50.758, 4 %, 5 %, 15836 MiB, 16384 MiB, 47.58 W, 57
2026/09/15 04:10:51.761, 4 %, 4 %, 15836 MiB, 16384 MiB, 47.64 W, 57
2026/09/15 04:10:52.764, 4 %, 4 %, 15836 MiB, 16384 MiB, 48.08 W, 57
2026/09/15 04:10:53.767, 4 %, 5 %, 15836 MiB, 16384 MiB, 51.16 W, 57
2026/09/15 04:10:54.771, 100 %, 9 %, 15836 MiB, 16384 MiB, 61.78 W, 58
2026/09/15 04:10:55.774, 100 %, 6 %, 15836 MiB, 16384 MiB, 67.24 W, 58
2026/09/15 04:10:56.777, 100 %, 6 %, 15836 MiB, 16384 MiB, 67.26 W, 58
2026/09/15 04:10:57.781, 100 %, 6 %, 15836 MiB, 16384 MiB, 63.39 W, 58
2026/09/15 04:10:58.784, 100 %, 9 %, 15836 MiB, 16384 MiB, 61.79 W, 59
2026/09/15 04:10:59.787, 100 %, 6 %, 15836 MiB, 16384 MiB, 67.18 W, 58
2026/09/15 04:11:00.791, 2 %, 3 %, 15836 MiB, 16384 MiB, 60.91 W, 58
2026/09/15 04:11:01.794, 3 %, 4 %, 15836 MiB, 16384 MiB, 51.29 W, 58
2026/09/15 04:11:02.797, 4 %, 4 %, 15836 MiB, 16384 MiB, 47.35 W, 57
2026/09/15 04:11:03.801, 1 %, 2 %, 15836 MiB, 16384 MiB, 50.45 W, 57
2026/09/15 04:11:04.804, 1 %, 2 %, 15836 MiB, 16384 MiB, 47.44 W, 57
2026/09/15 04:11:05.807, 1 %, 2 %, 15836 MiB, 16384 MiB, 47.61 W, 57
2026/09/15 04:11:06.810, 1 %, 2 %, 15836 MiB, 16384 MiB, 47.38 W, 57
2026/09/15 04:11:07.813, 1 %, 2 %, 15836 MiB, 16384 MiB, 47.66 W, 57
2026/09/15 04:11:08.816, 3 %, 4 %, 15836 MiB, 16384 MiB, 47.52 W, 57
2026/09/15 04:11:09.820, 4 %, 4 %, 15836 MiB, 16384 MiB, 47.08 W, 57
2026/09/15 04:11:10.823, 3 %, 3 %, 15836 MiB, 16384 MiB, 50.29 W, 57
2026/09/15 04:11:11.827, 2 %, 3 %, 15836 MiB, 16384 MiB, 47.29 W, 57
2026/09/15 04:11:12.830, 1 %, 2 %, 15836 MiB, 16384 MiB, 47.40 W, 57
2026/09/15 04:11:13.834, 1 %, 2 %, 15836 MiB, 16384 MiB, 47.98 W, 57
2026/09/15 04:11:14.837, 1 %, 2 %, 15836 MiB, 16384 MiB, 48.10 W, 57
2026/09/15 04:11:15.840, 4 %, 5 %, 15836 MiB, 16384 MiB, 47.51 W, 57
2026/09/15 04:11:16.843, 3 %, 4 %, 15836 MiB, 16384 MiB, 47.22 W, 57
2026/09/15 04:11:17.846, 4 %, 4 %, 15836 MiB, 16384 MiB, 46.62 W, 57
2026/09/15 04:11:18.848, 1 %, 2 %, 15836 MiB, 16384 MiB, 49.73 W, 57
2026/09/15 04:11:19.851, 2 %, 3 %, 15836 MiB, 16384 MiB, 49.97 W, 57
2026/09/15 04:11:20.853, 2 %, 3 %, 15836 MiB, 16384 MiB, 46.80 W, 57
2026/09/15 04:11:21.856, 2 %, 3 %, 15836 MiB, 16384 MiB, 46.75 W, 56
2026/09/15 04:11:22.859, 100 %, 8 %, 15836 MiB, 16384 MiB, 104.73 W, 62
2026/09/15 04:11:23.862, 100 %, 40 %, 15836 MiB, 16384 MiB, 58.82 W, 59
2026/09/15 04:11:24.864, 100 %, 7 %, 15836 MiB, 16384 MiB, 253.50 W, 60
2026/09/15 04:11:25.867, 100 %, 19 %, 15836 MiB, 16384 MiB, 140.03 W, 60
2026/09/15 04:11:26.869, 100 %, 40 %, 15836 MiB, 16384 MiB, 56.47 W, 60
2026/09/15 04:11:27.874, 100 %, 5 %, 15836 MiB, 16384 MiB, 229.05 W, 63
2026/09/15 04:11:28.876, 100 %, 38 %, 15836 MiB, 16384 MiB, 116.56 W, 61
2026/09/15 04:11:29.879, 100 %, 35 %, 15836 MiB, 16384 MiB, 102.92 W, 61
2026/09/15 04:11:30.884, 100 %, 6 %, 15836 MiB, 16384 MiB, 120.98 W, 65
2026/09/15 04:11:31.887, 100 %, 39 %, 15836 MiB, 16384 MiB, 102.23 W, 63
2026/09/15 04:11:32.889, 100 %, 22 %, 15836 MiB, 16384 MiB, 179.87 W, 64
2026/09/15 04:11:33.893, 100 %, 13 %, 15836 MiB, 16384 MiB, 94.94 W, 63
2026/09/15 04:11:34.896, 100 %, 43 %, 15836 MiB, 16384 MiB, 185.24 W, 62
2026/09/15 04:11:35.899, 100 %, 5 %, 15836 MiB, 16384 MiB, 123.70 W, 67
2026/09/15 04:11:36.902, 100 %, 27 %, 15836 MiB, 16384 MiB, 59.98 W, 64
2026/09/15 04:11:37.904, 100 %, 35 %, 15836 MiB, 16384 MiB, 220.69 W, 64
2026/09/15 04:11:38.906, 32 %, 25 %, 15836 MiB, 16384 MiB, 57.69 W, 62
2026/09/15 04:11:39.909, 1 %, 2 %, 15836 MiB, 16384 MiB, 64.27 W, 62
2026/09/15 04:11:40.911, 5 %, 4 %, 15836 MiB, 16384 MiB, 63.66 W, 63
2026/09/15 04:11:41.914, 100 %, 38 %, 15836 MiB, 16384 MiB, 232.99 W, 64
2026/09/15 04:11:42.918, 1 %, 2 %, 15836 MiB, 16384 MiB, 62.28 W, 63
2026/09/15 04:11:43.921, 1 %, 2 %, 15836 MiB, 16384 MiB, 64.48 W, 62
2026/09/15 04:11:44.924, 76 %, 8 %, 15836 MiB, 16384 MiB, 124.73 W, 67
2026/09/15 04:11:45.927, 26 %, 20 %, 15836 MiB, 16384 MiB, 60.56 W, 63
2026/09/15 04:11:46.930, 1 %, 2 %, 15836 MiB, 16384 MiB, 64.86 W, 63
2026/09/15 04:11:47.932, 49 %, 4 %, 15836 MiB, 16384 MiB, 134.88 W, 64
2026/09/15 04:11:48.934, 59 %, 40 %, 15836 MiB, 16384 MiB, 103.38 W, 64
2026/09/15 04:11:49.937, 1 %, 2 %, 15836 MiB, 16384 MiB, 65.17 W, 63
2026/09/15 04:11:50.939, 2 %, 3 %, 15836 MiB, 16384 MiB, 84.14 W, 65
2026/09/15 04:11:51.941, 34 %, 4 %, 15836 MiB, 16384 MiB, 212.13 W, 65
2026/09/15 04:11:52.947, 67 %, 40 %, 15836 MiB, 16384 MiB, 63.48 W, 64
2026/09/15 04:11:53.949, 2 %, 3 %, 15836 MiB, 16384 MiB, 63.96 W, 63
2026/09/15 04:11:54.953, 1 %, 2 %, 15836 MiB, 16384 MiB, 122.47 W, 66
2026/09/15 04:11:55.955, 95 %, 27 %, 15836 MiB, 16384 MiB, 61.61 W, 64
2026/09/15 04:11:56.958, 12 %, 9 %, 15836 MiB, 16384 MiB, 63.54 W, 64
2026/09/15 04:11:57.960, 2 %, 3 %, 15836 MiB, 16384 MiB, 64.43 W, 65
2026/09/15 04:11:58.962, 49 %, 4 %, 15836 MiB, 16384 MiB, 215.09 W, 65
2026/09/15 04:11:59.968, 54 %, 32 %, 15836 MiB, 16384 MiB, 62.87 W, 64
2026/09/15 04:12:00.971, 1 %, 2 %, 15836 MiB, 16384 MiB, 63.98 W, 64
2026/09/15 04:12:01.973, 13 %, 5 %, 15836 MiB, 16384 MiB, 122.68 W, 69
2026/09/15 04:12:02.976, 91 %, 37 %, 15836 MiB, 16384 MiB, 57.62 W, 64
2026/09/15 04:12:03.979, 1 %, 2 %, 15836 MiB, 16384 MiB, 63.99 W, 64
2026/09/15 04:12:04.981, 1 %, 2 %, 15836 MiB, 16384 MiB, 114.69 W, 66
2026/09/15 04:12:05.984, 97 %, 29 %, 15836 MiB, 16384 MiB, 140.01 W, 65
2026/09/15 04:12:06.986, 8 %, 7 %, 15836 MiB, 16384 MiB, 64.23 W, 65
2026/09/15 04:12:07.989, 1 %, 2 %, 15836 MiB, 16384 MiB, 64.42 W, 66
2026/09/15 04:12:08.991, 41 %, 5 %, 15836 MiB, 16384 MiB, 191.58 W, 69
2026/09/15 04:12:09.995, 100 %, 46 %, 15836 MiB, 16384 MiB, 64.79 W, 65
2026/09/15 04:12:10.999, 100 %, 6 %, 15836 MiB, 16384 MiB, 71.03 W, 65
2026/09/15 04:12:12.002, 100 %, 6 %, 15836 MiB, 16384 MiB, 71.06 W, 65
2026/09/15 04:12:13.005, 100 %, 9 %, 15836 MiB, 16384 MiB, 65.14 W, 65
2026/09/15 04:12:14.009, 100 %, 6 %, 15836 MiB, 16384 MiB, 70.90 W, 64
2026/09/15 04:12:15.012, 100 %, 6 %, 15836 MiB, 16384 MiB, 71.03 W, 64
2026/09/15 04:12:16.015, 2 %, 3 %, 15836 MiB, 16384 MiB, 65.60 W, 64
2026/09/15 04:12:17.019, 2 %, 2 %, 15836 MiB, 16384 MiB, 65.90 W, 64
2026/09/15 04:12:18.022, 4 %, 4 %, 15836 MiB, 16384 MiB, 48.96 W, 63
2026/09/15 04:12:19.026, 1 %, 2 %, 15836 MiB, 16384 MiB, 52.62 W, 63
2026/09/15 04:12:20.030, 1 %, 2 %, 15836 MiB, 16384 MiB, 49.91 W, 63
2026/09/15 04:12:21.033, 1 %, 3 %, 15836 MiB, 16384 MiB, 49.36 W, 63
2026/09/15 04:12:22.035, 1 %, 2 %, 15836 MiB, 16384 MiB, 49.35 W, 63
2026/09/15 04:12:23.038, 1 %, 2 %, 15836 MiB, 16384 MiB, 49.52 W, 63
2026/09/15 04:12:24.041, 1 %, 2 %, 15836 MiB, 16384 MiB, 49.45 W, 62
2026/09/15 04:12:25.043, 4 %, 5 %, 15836 MiB, 16384 MiB, 49.46 W, 62
2026/09/15 04:12:26.046, 4 %, 4 %, 15836 MiB, 16384 MiB, 49.19 W, 62
2026/09/15 04:12:27.048, 4 %, 5 %, 15836 MiB, 16384 MiB, 48.85 W, 62
2026/09/15 04:12:28.051, 1 %, 2 %, 15836 MiB, 16384 MiB, 52.58 W, 62
2026/09/15 04:12:29.053, 2 %, 3 %, 15836 MiB, 16384 MiB, 48.85 W, 62
2026/09/15 04:12:30.056, 2 %, 3 %, 15836 MiB, 16384 MiB, 49.23 W, 62
2026/09/15 04:12:31.059, 1 %, 2 %, 15836 MiB, 16384 MiB, 49.01 W, 61
2026/09/15 04:12:32.061, 3 %, 4 %, 15836 MiB, 16384 MiB, 49.05 W, 61
2026/09/15 04:12:33.064, 4 %, 4 %, 15836 MiB, 16384 MiB, 49.15 W, 61
2026/09/15 04:12:34.066, 4 %, 4 %, 15836 MiB, 16384 MiB, 48.46 W, 61
2026/09/15 04:12:35.069, 1 %, 2 %, 15836 MiB, 16384 MiB, 52.28 W, 61
2026/09/15 04:12:36.071, 1 %, 2 %, 15836 MiB, 16384 MiB, 53.17 W, 61
2026/09/15 04:12:37.074, 1 %, 2 %, 15836 MiB, 16384 MiB, 49.46 W, 61
2026/09/15 04:12:38.077, 1 %, 2 %, 15836 MiB, 16384 MiB, 48.90 W, 61
2026/09/15 04:12:39.080, 100 %, 9 %, 15836 MiB, 16384 MiB, 64.80 W, 62
2026/09/15 04:12:40.082, 100 %, 7 %, 15836 MiB, 16384 MiB, 70.43 W, 62
2026/09/15 04:12:41.085, 100 %, 7 %, 15836 MiB, 16384 MiB, 70.82 W, 62
2026/09/15 04:12:42.087, 100 %, 9 %, 15836 MiB, 16384 MiB, 64.77 W, 62
2026/09/15 04:12:43.090, 100 %, 9 %, 15836 MiB, 16384 MiB, 65.39 W, 62
2026/09/15 04:12:44.093, 43 %, 5 %, 15836 MiB, 16384 MiB, 64.24 W, 61
2026/09/15 04:12:45.096, 2 %, 2 %, 15836 MiB, 16384 MiB, 68.23 W, 61
2026/09/15 04:12:46.098, 2 %, 3 %, 15836 MiB, 16384 MiB, 48.75 W, 61
2026/09/15 04:12:47.101, 2 %, 3 %, 15836 MiB, 16384 MiB, 48.57 W, 60
2026/09/15 04:12:48.103, 1 %, 2 %, 15836 MiB, 16384 MiB, 48.40 W, 60
2026/09/15 04:12:49.106, 4 %, 4 %, 15836 MiB, 16384 MiB, 48.35 W, 60
2026/09/15 04:12:50.109, 4 %, 4 %, 15836 MiB, 16384 MiB, 48.17 W, 60
2026/09/15 04:12:51.111, 4 %, 5 %, 15836 MiB, 16384 MiB, 47.57 W, 60
2026/09/15 04:12:52.114, 2 %, 3 %, 15836 MiB, 16384 MiB, 51.61 W, 60
2026/09/15 04:12:53.118, 1 %, 2 %, 15836 MiB, 16384 MiB, 48.27 W, 60
2026/09/15 04:12:54.121, 1 %, 2 %, 15836 MiB, 16384 MiB, 48.11 W, 60
2026/09/15 04:12:55.124, 1 %, 2 %, 15836 MiB, 16384 MiB, 48.12 W, 60
2026/09/15 04:12:56.128, 4 %, 4 %, 15836 MiB, 16384 MiB, 48.20 W, 60
2026/09/15 04:12:57.131, 4 %, 5 %, 15836 MiB, 16384 MiB, 49.03 W, 60
2026/09/15 04:12:58.134, 4 %, 4 %, 15836 MiB, 16384 MiB, 48.72 W, 59
2026/09/15 04:12:59.137, 1 %, 2 %, 15836 MiB, 16384 MiB, 51.38 W, 59
2026/09/15 04:13:00.141, 1 %, 2 %, 15836 MiB, 16384 MiB, 47.99 W, 59
2026/09/15 04:13:01.144, 1 %, 2 %, 15836 MiB, 16384 MiB, 48.11 W, 59
2026/09/15 04:13:02.148, 1 %, 2 %, 15836 MiB, 16384 MiB, 48.06 W, 59
2026/09/15 04:13:03.152, 1 %, 2 %, 15836 MiB, 16384 MiB, 48.15 W, 59
2026/09/15 04:13:04.154, 1 %, 2 %, 15836 MiB, 16384 MiB, 48.28 W, 59
2026/09/15 04:13:05.157, 4 %, 5 %, 15836 MiB, 16384 MiB, 48.15 W, 59
2026/09/15 04:13:06.159, 4 %, 4 %, 15836 MiB, 16384 MiB, 48.25 W, 59
2026/09/15 04:13:07.162, 100 %, 6 %, 15836 MiB, 16384 MiB, 69.32 W, 60
2026/09/15 04:13:08.164, 100 %, 6 %, 15836 MiB, 16384 MiB, 69.38 W, 60
2026/09/15 04:13:09.167, 100 %, 9 %, 15836 MiB, 16384 MiB, 63.90 W, 60
2026/09/15 04:13:10.169, 100 %, 9 %, 15836 MiB, 16384 MiB, 63.88 W, 60
2026/09/15 04:13:11.171, 100 %, 6 %, 15836 MiB, 16384 MiB, 69.41 W, 60
2026/09/15 04:13:12.174, 100 %, 6 %, 15836 MiB, 16384 MiB, 68.64 W, 60
2026/09/15 04:13:13.176, 2 %, 3 %, 15836 MiB, 16384 MiB, 62.91 W, 60
2026/09/15 04:13:14.179, 2 %, 3 %, 15836 MiB, 16384 MiB, 48.00 W, 59
2026/09/15 04:13:15.181, 3 %, 4 %, 15836 MiB, 16384 MiB, 47.94 W, 59
2026/09/15 04:13:16.184, 4 %, 5 %, 15836 MiB, 16384 MiB, 47.52 W, 59
2026/09/15 04:13:17.186, 1 %, 2 %, 15836 MiB, 16384 MiB, 50.77 W, 59
2026/09/15 04:13:18.189, 1 %, 2 %, 15836 MiB, 16384 MiB, 48.56 W, 59
2026/09/15 04:13:19.191, 1 %, 2 %, 15836 MiB, 16384 MiB, 47.74 W, 58
2026/09/15 04:13:20.194, 2 %, 3 %, 15836 MiB, 16384 MiB, 47.74 W, 58
2026/09/15 04:13:21.196, 1 %, 2 %, 15836 MiB, 16384 MiB, 48.06 W, 58
2026/09/15 04:13:22.199, 3 %, 4 %, 15836 MiB, 16384 MiB, 47.82 W, 58
2026/09/15 04:13:23.202, 3 %, 4 %, 15836 MiB, 16384 MiB, 47.79 W, 58
2026/09/15 04:13:24.204, 2 %, 3 %, 15836 MiB, 16384 MiB, 50.76 W, 58
2026/09/15 04:13:25.207, 1 %, 2 %, 15836 MiB, 16384 MiB, 51.04 W, 58
2026/09/15 04:13:26.211, 1 %, 2 %, 15836 MiB, 16384 MiB, 47.56 W, 58
2026/09/15 04:13:27.214, 1 %, 2 %, 15836 MiB, 16384 MiB, 47.68 W, 58
2026/09/15 04:13:28.217, 4 %, 5 %, 15836 MiB, 16384 MiB, 47.76 W, 58
2026/09/15 04:13:29.220, 3 %, 4 %, 15836 MiB, 16384 MiB, 47.62 W, 58
2026/09/15 04:13:30.223, 3 %, 4 %, 15836 MiB, 16384 MiB, 47.42 W, 58
2026/09/15 04:13:31.225, 4 %, 5 %, 15836 MiB, 16384 MiB, 47.08 W, 58
2026/09/15 04:13:32.228, 2 %, 3 %, 15836 MiB, 16384 MiB, 50.27 W, 58
2026/09/15 04:13:33.230, 2 %, 3 %, 15836 MiB, 16384 MiB, 47.61 W, 58
2026/09/15 04:13:34.234, 2 %, 3 %, 15836 MiB, 16384 MiB, 47.41 W, 57
2026/09/15 04:13:35.237, 100 %, 5 %, 15836 MiB, 16384 MiB, 114.06 W, 60
2026/09/15 04:13:36.239, 100 %, 0 %, 15836 MiB, 16384 MiB, 116.57 W, 60
2026/09/15 04:13:37.241, 100 %, 0 %, 15836 MiB, 16384 MiB, 116.17 W, 61
2026/09/15 04:13:38.243, 100 %, 1 %, 15836 MiB, 16384 MiB, 116.33 W, 61
2026/09/15 04:13:39.246, 100 %, 1 %, 15836 MiB, 16384 MiB, 207.28 W, 61
2026/09/15 04:13:40.248, 100 %, 32 %, 15836 MiB, 16384 MiB, 86.80 W, 61
2026/09/15 04:13:41.251, 100 %, 7 %, 15836 MiB, 16384 MiB, 114.92 W, 62
2026/09/15 04:13:42.253, 100 %, 3 %, 15836 MiB, 16384 MiB, 116.65 W, 62
2026/09/15 04:13:43.255, 100 %, 0 %, 15836 MiB, 16384 MiB, 116.54 W, 62
2026/09/15 04:13:44.258, 100 %, 1 %, 15836 MiB, 16384 MiB, 116.99 W, 62
2026/09/15 04:13:45.261, 100 %, 1 %, 15836 MiB, 16384 MiB, 117.15 W, 65
2026/09/15 04:13:46.263, 100 %, 31 %, 15836 MiB, 16384 MiB, 215.18 W, 62
2026/09/15 04:13:47.266, 100 %, 21 %, 15836 MiB, 16384 MiB, 86.69 W, 63
2026/09/15 04:13:48.268, 100 %, 3 %, 15836 MiB, 16384 MiB, 115.62 W, 63
2026/09/15 04:13:49.270, 100 %, 0 %, 15836 MiB, 16384 MiB, 117.26 W, 64
2026/09/15 04:13:50.273, 100 %, 0 %, 15836 MiB, 16384 MiB, 117.28 W, 64
2026/09/15 04:13:51.275, 100 %, 1 %, 15836 MiB, 16384 MiB, 119.03 W, 65
2026/09/15 04:13:52.279, 100 %, 25 %, 15836 MiB, 16384 MiB, 218.09 W, 64
2026/09/15 04:13:53.282, 100 %, 30 %, 15836 MiB, 16384 MiB, 59.31 W, 64
2026/09/15 04:13:54.284, 100 %, 4 %, 15836 MiB, 16384 MiB, 116.27 W, 65
2026/09/15 04:13:55.286, 100 %, 0 %, 15836 MiB, 16384 MiB, 118.17 W, 65
2026/09/15 04:13:56.289, 100 %, 1 %, 15836 MiB, 16384 MiB, 118.55 W, 65
2026/09/15 04:13:57.291, 100 %, 1 %, 15836 MiB, 16384 MiB, 119.69 W, 65
2026/09/15 04:13:58.293, 100 %, 3 %, 15836 MiB, 16384 MiB, 151.13 W, 68
2026/09/15 04:13:59.296, 100 %, 26 %, 15836 MiB, 16384 MiB, 98.72 W, 64
2026/09/15 04:14:00.299, 100 %, 5 %, 15836 MiB, 16384 MiB, 115.88 W, 66
2026/09/15 04:14:01.301, 100 %, 3 %, 15836 MiB, 16384 MiB, 118.21 W, 66
2026/09/15 04:14:02.303, 100 %, 1 %, 15836 MiB, 16384 MiB, 120.43 W, 66
2026/09/15 04:14:03.305, 100 %, 1 %, 15836 MiB, 16384 MiB, 120.20 W, 66
2026/09/15 04:14:04.308, 100 %, 1 %, 15836 MiB, 16384 MiB, 120.17 W, 70
2026/09/15 04:14:05.311, 100 %, 32 %, 15836 MiB, 16384 MiB, 198.56 W, 66
2026/09/15 04:14:06.313, 100 %, 22 %, 15836 MiB, 16384 MiB, 90.26 W, 67
2026/09/15 04:14:07.316, 100 %, 4 %, 15836 MiB, 16384 MiB, 117.19 W, 67
2026/09/15 04:14:08.318, 1 %, 3 %, 15836 MiB, 16384 MiB, 62.82 W, 66
2026/09/15 04:14:09.320, 27 %, 20 %, 15836 MiB, 16384 MiB, 62.04 W, 66
2026/09/15 04:14:10.323, 100 %, 1 %, 15836 MiB, 16384 MiB, 119.38 W, 67
2026/09/15 04:14:11.326, 100 %, 0 %, 15836 MiB, 16384 MiB, 119.22 W, 67
2026/09/15 04:14:12.329, 1 %, 2 %, 15836 MiB, 16384 MiB, 62.19 W, 67
2026/09/15 04:14:13.331, 1 %, 2 %, 15836 MiB, 16384 MiB, 63.56 W, 66
2026/09/15 04:14:14.333, 100 %, 26 %, 15836 MiB, 16384 MiB, 240.13 W, 68
2026/09/15 04:14:15.336, 100 %, 1 %, 15836 MiB, 16384 MiB, 121.31 W, 68
2026/09/15 04:14:16.338, 100 %, 0 %, 15836 MiB, 16384 MiB, 118.98 W, 67
2026/09/15 04:14:17.341, 1 %, 2 %, 15836 MiB, 16384 MiB, 62.99 W, 66
2026/09/15 04:14:18.343, 1 %, 2 %, 15836 MiB, 16384 MiB, 63.70 W, 66
2026/09/15 04:14:19.346, 100 %, 21 %, 15836 MiB, 16384 MiB, 228.53 W, 70
2026/09/15 04:14:20.352, 100 %, 1 %, 15836 MiB, 16384 MiB, 121.25 W, 68
2026/09/15 04:14:21.355, 87 %, 3 %, 15836 MiB, 16384 MiB, 118.35 W, 68
2026/09/15 04:14:22.357, 1 %, 2 %, 15836 MiB, 16384 MiB, 63.21 W, 66
2026/09/15 04:14:23.359, 1 %, 2 %, 15836 MiB, 16384 MiB, 63.87 W, 66
2026/09/15 04:14:24.362, 100 %, 14 %, 15836 MiB, 16384 MiB, 211.90 W, 72
2026/09/15 04:14:25.366, 100 %, 1 %, 15836 MiB, 16384 MiB, 121.83 W, 68
2026/09/15 04:14:26.368, 89 %, 3 %, 15836 MiB, 16384 MiB, 127.35 W, 68
2026/09/15 04:14:27.371, 1 %, 3 %, 15836 MiB, 16384 MiB, 64.16 W, 66
2026/09/15 04:14:28.373, 11 %, 8 %, 15836 MiB, 16384 MiB, 72.90 W, 67
2026/09/15 04:14:29.376, 100 %, 0 %, 15836 MiB, 16384 MiB, 122.24 W, 68
2026/09/15 04:14:30.379, 100 %, 0 %, 15836 MiB, 16384 MiB, 118.73 W, 68
2026/09/15 04:14:31.382, 1 %, 2 %, 15836 MiB, 16384 MiB, 91.54 W, 68
2026/09/15 04:14:32.384, 8 %, 6 %, 15836 MiB, 16384 MiB, 63.91 W, 67
2026/09/15 04:14:33.386, 100 %, 1 %, 15836 MiB, 16384 MiB, 196.46 W, 67
2026/09/15 04:14:34.389, 100 %, 1 %, 15836 MiB, 16384 MiB, 122.19 W, 68
2026/09/15 04:14:35.392, 39 %, 4 %, 15836 MiB, 16384 MiB, 119.26 W, 68
2026/09/15 04:14:36.394, 1 %, 2 %, 15836 MiB, 16384 MiB, 63.89 W, 68
2026/09/15 04:14:37.397, 54 %, 30 %, 15836 MiB, 16384 MiB, 64.63 W, 67
2026/09/15 04:14:38.399, 100 %, 1 %, 15836 MiB, 16384 MiB, 203.31 W, 69
2026/09/15 04:14:39.402, 100 %, 0 %, 15836 MiB, 16384 MiB, 122.55 W, 69
2026/09/15 04:14:40.404, 19 %, 4 %, 15836 MiB, 16384 MiB, 118.45 W, 68
2026/09/15 04:14:41.406, 2 %, 3 %, 15836 MiB, 16384 MiB, 63.80 W, 67
2026/09/15 04:14:42.408, 88 %, 32 %, 15836 MiB, 16384 MiB, 62.23 W, 67
2026/09/15 04:14:43.414, 100 %, 1 %, 15836 MiB, 16384 MiB, 121.68 W, 71
2026/09/15 04:14:44.416, 100 %, 0 %, 15836 MiB, 16384 MiB, 121.89 W, 69
2026/09/15 04:14:45.419, 1 %, 2 %, 15836 MiB, 16384 MiB, 117.73 W, 68
2026/09/15 04:14:46.422, 1 %, 2 %, 15836 MiB, 16384 MiB, 64.23 W, 67
2026/09/15 04:14:47.425, 100 %, 16 %, 15836 MiB, 16384 MiB, 87.70 W, 68
2026/09/15 04:14:48.427, 100 %, 0 %, 15836 MiB, 16384 MiB, 121.91 W, 69
2026/09/15 04:14:49.429, 86 %, 3 %, 15836 MiB, 16384 MiB, 121.07 W, 69
2026/09/15 04:14:50.432, 1 %, 2 %, 15836 MiB, 16384 MiB, 85.75 W, 68
2026/09/15 04:14:51.434, 15 %, 9 %, 15836 MiB, 16384 MiB, 64.30 W, 67
2026/09/15 04:14:52.437, 100 %, 0 %, 15836 MiB, 16384 MiB, 199.21 W, 68
2026/09/15 04:14:53.440, 100 %, 1 %, 15836 MiB, 16384 MiB, 122.25 W, 69
2026/09/15 04:14:54.443, 61 %, 3 %, 15836 MiB, 16384 MiB, 120.82 W, 69
2026/09/15 04:14:55.446, 1 %, 2 %, 15836 MiB, 16384 MiB, 63.80 W, 69
2026/09/15 04:14:56.449, 37 %, 22 %, 15836 MiB, 16384 MiB, 64.49 W, 67
2026/09/15 04:14:57.451, 100 %, 1 %, 15836 MiB, 16384 MiB, 219.62 W, 70
2026/09/15 04:14:58.454, 100 %, 0 %, 15836 MiB, 16384 MiB, 122.76 W, 69
2026/09/15 04:14:59.456, 29 %, 4 %, 15836 MiB, 16384 MiB, 120.24 W, 69
2026/09/15 04:15:00.458, 1 %, 2 %, 15836 MiB, 16384 MiB, 65.28 W, 67
2026/09/15 04:15:01.461, 100 %, 36 %, 15836 MiB, 16384 MiB, 74.01 W, 68
2026/09/15 04:15:02.463, 100 %, 6 %, 15836 MiB, 16384 MiB, 70.58 W, 67
2026/09/15 04:15:03.466, 100 %, 6 %, 15836 MiB, 16384 MiB, 70.83 W, 67
2026/09/15 04:15:04.468, 100 %, 9 %, 15836 MiB, 16384 MiB, 70.31 W, 67
2026/09/15 04:15:05.471, 100 %, 6 %, 15836 MiB, 16384 MiB, 64.97 W, 67
2026/09/15 04:15:06.474, 100 %, 6 %, 15836 MiB, 16384 MiB, 70.70 W, 67
2026/09/15 04:15:07.477, 2 %, 3 %, 15836 MiB, 16384 MiB, 64.10 W, 66
2026/09/15 04:15:08.481, 1 %, 2 %, 15836 MiB, 16384 MiB, 64.01 W, 66
2026/09/15 04:15:09.484, 4 %, 4 %, 15836 MiB, 16384 MiB, 50.55 W, 65
2026/09/15 04:15:10.487, 4 %, 5 %, 15836 MiB, 16384 MiB, 50.29 W, 65
2026/09/15 04:15:11.489, 1 %, 2 %, 15836 MiB, 16384 MiB, 49.89 W, 65
2026/09/15 04:15:12.492, 1 %, 2 %, 15836 MiB, 16384 MiB, 53.72 W, 65
2026/09/15 04:15:13.494, 1 %, 2 %, 15836 MiB, 16384 MiB, 49.91 W, 64
2026/09/15 04:15:14.497, 1 %, 2 %, 15836 MiB, 16384 MiB, 50.15 W, 64
2026/09/15 04:15:15.500, 1 %, 2 %, 15836 MiB, 16384 MiB, 50.01 W, 64
2026/09/15 04:15:16.502, 4 %, 5 %, 15836 MiB, 16384 MiB, 50.25 W, 64
2026/09/15 04:15:17.505, 4 %, 4 %, 15836 MiB, 16384 MiB, 49.69 W, 64
2026/09/15 04:15:18.508, 4 %, 5 %, 15836 MiB, 16384 MiB, 49.17 W, 64
2026/09/15 04:15:19.510, 1 %, 2 %, 15836 MiB, 16384 MiB, 52.85 W, 63
2026/09/15 04:15:20.513, 2 %, 3 %, 15836 MiB, 16384 MiB, 49.95 W, 63
2026/09/15 04:15:21.515, 2 %, 3 %, 15836 MiB, 16384 MiB, 50.41 W, 63
2026/09/15 04:15:22.518, 1 %, 2 %, 15836 MiB, 16384 MiB, 50.39 W, 63
2026/09/15 04:15:23.521, 4 %, 4 %, 15836 MiB, 16384 MiB, 49.48 W, 63
2026/09/15 04:15:24.523, 4 %, 4 %, 15836 MiB, 16384 MiB, 49.38 W, 62
2026/09/15 04:15:25.526, 1 %, 2 %, 15836 MiB, 16384 MiB, 49.08 W, 62
2026/09/15 04:15:26.528, 1 %, 2 %, 15836 MiB, 16384 MiB, 52.81 W, 62
2026/09/15 04:15:27.531, 1 %, 2 %, 15836 MiB, 16384 MiB, 52.74 W, 62
2026/09/15 04:15:28.533, 1 %, 2 %, 15836 MiB, 16384 MiB, 49.23 W, 62
2026/09/15 04:15:29.536, 1 %, 3 %, 15836 MiB, 16384 MiB, 49.28 W, 62
2026/09/15 04:15:30.539, 100 %, 7 %, 15836 MiB, 16384 MiB, 63.29 W, 62
2026/09/15 04:15:31.541, 100 %, 6 %, 15836 MiB, 16384 MiB, 68.82 W, 62
2026/09/15 04:15:32.544, 100 %, 6 %, 15836 MiB, 16384 MiB, 68.79 W, 62
2026/09/15 04:15:33.547, 100 %, 9 %, 15836 MiB, 16384 MiB, 63.16 W, 63
2026/09/15 04:15:34.550, 100 %, 6 %, 15836 MiB, 16384 MiB, 63.30 W, 62
2026/09/15 04:15:35.554, 55 %, 5 %, 15836 MiB, 16384 MiB, 62.17 W, 62
2026/09/15 04:15:36.557, 2 %, 3 %, 15836 MiB, 16384 MiB, 65.99 W, 62
2026/09/15 04:15:37.560, 1 %, 3 %, 15836 MiB, 16384 MiB, 48.92 W, 61
2026/09/15 04:15:38.564, 1 %, 2 %, 15836 MiB, 16384 MiB, 49.03 W, 61
2026/09/15 04:15:39.567, 4 %, 4 %, 15836 MiB, 16384 MiB, 48.88 W, 61
2026/09/15 04:15:40.570, 4 %, 4 %, 15836 MiB, 16384 MiB, 48.96 W, 61
2026/09/15 04:15:41.573, 4 %, 4 %, 15836 MiB, 16384 MiB, 49.68 W, 60
2026/09/15 04:15:42.576, 1 %, 2 %, 15836 MiB, 16384 MiB, 49.17 W, 60
2026/09/15 04:15:43.579, 2 %, 3 %, 15836 MiB, 16384 MiB, 52.32 W, 60
2026/09/15 04:15:44.582, 1 %, 2 %, 15836 MiB, 16384 MiB, 48.86 W, 60
2026/09/15 04:15:45.584, 1 %, 2 %, 15836 MiB, 16384 MiB, 48.36 W, 60
2026/09/15 04:15:46.587, 2 %, 3 %, 15836 MiB, 16384 MiB, 48.52 W, 60
2026/09/15 04:15:47.590, 4 %, 4 %, 15836 MiB, 16384 MiB, 48.59 W, 60
2026/09/15 04:15:48.592, 4 %, 4 %, 15836 MiB, 16384 MiB, 48.85 W, 60
2026/09/15 04:15:49.595, 4 %, 5 %, 15836 MiB, 16384 MiB, 48.36 W, 60
2026/09/15 04:15:50.597, 1 %, 2 %, 15836 MiB, 16384 MiB, 51.52 W, 59
2026/09/15 04:15:51.600, 1 %, 2 %, 15836 MiB, 16384 MiB, 50.75 W, 60
2026/09/15 04:15:52.602, 1 %, 2 %, 15836 MiB, 16384 MiB, 48.39 W, 59
2026/09/15 04:15:53.605, 1 %, 2 %, 15836 MiB, 16384 MiB, 48.33 W, 59
2026/09/15 04:15:54.608, 4 %, 5 %, 15836 MiB, 16384 MiB, 48.27 W, 59
2026/09/15 04:15:55.610, 4 %, 4 %, 15836 MiB, 16384 MiB, 48.18 W, 59
2026/09/15 04:15:56.613, 4 %, 5 %, 15836 MiB, 16384 MiB, 48.13 W, 59
2026/09/15 04:15:57.615, 1 %, 2 %, 15836 MiB, 16384 MiB, 51.26 W, 59
2026/09/15 04:15:58.618, 100 %, 7 %, 15836 MiB, 16384 MiB, 62.26 W, 59
2026/09/15 04:15:59.620, 100 %, 6 %, 15836 MiB, 16384 MiB, 68.09 W, 60
2026/09/15 04:16:00.623, 100 %, 9 %, 15836 MiB, 16384 MiB, 68.17 W, 60
2026/09/15 04:16:01.625, 100 %, 9 %, 15836 MiB, 16384 MiB, 62.37 W, 60
2026/09/15 04:16:02.628, 100 %, 6 %, 15836 MiB, 16384 MiB, 69.52 W, 60
2026/09/15 04:16:03.631, 100 %, 6 %, 15836 MiB, 16384 MiB, 69.36 W, 60
2026/09/15 04:16:04.634, 1 %, 2 %, 15836 MiB, 16384 MiB, 61.44 W, 59
2026/09/15 04:16:05.636, 4 %, 4 %, 15836 MiB, 16384 MiB, 48.45 W, 59
2026/09/15 04:16:06.639, 1 %, 2 %, 15836 MiB, 16384 MiB, 51.29 W, 59
2026/09/15 04:16:07.642, 2 %, 3 %, 15836 MiB, 16384 MiB, 51.57 W, 58
2026/09/15 04:16:08.645, 2 %, 3 %, 15836 MiB, 16384 MiB, 48.10 W, 58
2026/09/15 04:16:09.648, 1 %, 2 %, 15836 MiB, 16384 MiB, 48.17 W, 58
2026/09/15 04:16:10.651, 1 %, 2 %, 15836 MiB, 16384 MiB, 48.04 W, 58
2026/09/15 04:16:11.654, 4 %, 5 %, 15836 MiB, 16384 MiB, 48.17 W, 58
2026/09/15 04:16:12.657, 4 %, 4 %, 15836 MiB, 16384 MiB, 47.97 W, 58
2026/09/15 04:16:13.661, 4 %, 5 %, 15836 MiB, 16384 MiB, 47.86 W, 58
2026/09/15 04:16:14.664, 1 %, 2 %, 15836 MiB, 16384 MiB, 47.66 W, 58
2026/09/15 04:16:15.667, 2 %, 3 %, 15836 MiB, 16384 MiB, 51.41 W, 58
2026/09/15 04:16:16.670, 1 %, 2 %, 15836 MiB, 16384 MiB, 47.58 W, 58
2026/09/15 04:16:17.673, 1 %, 2 %, 15836 MiB, 16384 MiB, 47.77 W, 58
2026/09/15 04:16:18.676, 1 %, 2 %, 15836 MiB, 16384 MiB, 47.87 W, 57
2026/09/15 04:16:19.680, 3 %, 5 %, 15836 MiB, 16384 MiB, 47.56 W, 57
2026/09/15 04:16:20.683, 4 %, 4 %, 15836 MiB, 16384 MiB, 47.49 W, 57
2026/09/15 04:16:21.686, 4 %, 4 %, 15836 MiB, 16384 MiB, 47.42 W, 57
2026/09/15 04:16:22.689, 4 %, 4 %, 15836 MiB, 16384 MiB, 48.14 W, 57
2026/09/15 04:16:23.692, 2 %, 3 %, 15836 MiB, 16384 MiB, 47.14 W, 57
2026/09/15 04:16:24.696, 2 %, 3 %, 15836 MiB, 16384 MiB, 50.68 W, 57
2026/09/15 04:16:25.702, 1 %, 2 %, 15836 MiB, 16384 MiB, 47.43 W, 57
2026/09/15 04:16:26.705, 100 %, 9 %, 15836 MiB, 16384 MiB, 67.02 W, 58
2026/09/15 04:16:27.707, 100 %, 9 %, 15836 MiB, 16384 MiB, 60.86 W, 58
2026/09/15 04:16:28.711, 100 %, 6 %, 15836 MiB, 16384 MiB, 64.62 W, 58
2026/09/15 04:16:29.713, 100 %, 6 %, 15836 MiB, 16384 MiB, 67.23 W, 58
2026/09/15 04:16:30.715, 100 %, 9 %, 15836 MiB, 16384 MiB, 67.19 W, 58
2026/09/15 04:16:31.719, 100 %, 9 %, 15836 MiB, 16384 MiB, 61.36 W, 58
2026/09/15 04:16:32.722, 3 %, 4 %, 15836 MiB, 16384 MiB, 60.21 W, 58
2026/09/15 04:16:33.725, 1 %, 2 %, 15836 MiB, 16384 MiB, 59.26 W, 58
2026/09/15 04:16:34.728, 1 %, 3 %, 15836 MiB, 16384 MiB, 50.73 W, 57
2026/09/15 04:16:35.732, 2 %, 3 %, 15836 MiB, 16384 MiB, 47.36 W, 57
2026/09/15 04:16:36.735, 1 %, 2 %, 15836 MiB, 16384 MiB, 47.37 W, 57
2026/09/15 04:16:37.738, 1 %, 2 %, 15836 MiB, 16384 MiB, 47.55 W, 57
2026/09/15 04:16:38.741, 3 %, 4 %, 15836 MiB, 16384 MiB, 47.31 W, 57
2026/09/15 04:16:39.744, 3 %, 4 %, 15836 MiB, 16384 MiB, 47.53 W, 57
2026/09/15 04:16:40.747, 3 %, 4 %, 15836 MiB, 16384 MiB, 47.28 W, 57
2026/09/15 04:16:41.751, 2 %, 3 %, 15836 MiB, 16384 MiB, 46.50 W, 57
2026/09/15 04:16:42.754, 1 %, 2 %, 15836 MiB, 16384 MiB, 50.90 W, 57
2026/09/15 04:16:43.758, 2 %, 3 %, 15836 MiB, 16384 MiB, 47.94 W, 57
2026/09/15 04:16:44.761, 1 %, 2 %, 15836 MiB, 16384 MiB, 47.49 W, 57
2026/09/15 04:16:45.764, 3 %, 4 %, 15836 MiB, 16384 MiB, 47.24 W, 56
2026/09/15 04:16:46.767, 3 %, 4 %, 15836 MiB, 16384 MiB, 47.18 W, 56
2026/09/15 04:16:47.770, 3 %, 4 %, 15836 MiB, 16384 MiB, 47.37 W, 56
2026/09/15 04:16:48.774, 3 %, 5 %, 15836 MiB, 16384 MiB, 47.15 W, 56
2026/09/15 04:16:49.777, 1 %, 2 %, 15836 MiB, 16384 MiB, 50.62 W, 56
2026/09/15 04:16:50.780, 1 %, 2 %, 15836 MiB, 16384 MiB, 50.92 W, 56
2026/09/15 04:16:51.783, 2 %, 3 %, 15836 MiB, 16384 MiB, 47.32 W, 56
2026/09/15 04:16:52.787, 1 %, 3 %, 15836 MiB, 16384 MiB, 47.55 W, 56
2026/09/15 04:16:53.790, 2 %, 3 %, 15836 MiB, 16384 MiB, 47.29 W, 56
2026/09/15 04:16:54.793, 85 %, 15 %, 15836 MiB, 16384 MiB, 116.53 W, 58
2026/09/15 04:16:55.797, 100 %, 0 %, 15836 MiB, 16384 MiB, 238.26 W, 62
2026/09/15 04:16:56.800, 100 %, 20 %, 15836 MiB, 16384 MiB, 116.34 W, 59
2026/09/15 04:16:57.802, 100 %, 0 %, 15836 MiB, 16384 MiB, 242.71 W, 62
2026/09/15 04:16:58.807, 100 %, 21 %, 15836 MiB, 16384 MiB, 116.89 W, 60
2026/09/15 04:16:59.809, 100 %, 0 %, 15836 MiB, 16384 MiB, 119.39 W, 63
2026/09/15 04:17:00.816, 100 %, 23 %, 15836 MiB, 16384 MiB, 110.19 W, 61
2026/09/15 04:17:01.818, 100 %, 0 %, 15836 MiB, 16384 MiB, 119.61 W, 64
2026/09/15 04:17:02.821, 100 %, 23 %, 15836 MiB, 16384 MiB, 109.06 W, 61
2026/09/15 04:17:03.823, 100 %, 0 %, 15836 MiB, 16384 MiB, 120.06 W, 65
2026/09/15 04:17:04.828, 100 %, 24 %, 15836 MiB, 16384 MiB, 107.38 W, 62
2026/09/15 04:17:05.832, 100 %, 0 %, 15836 MiB, 16384 MiB, 119.86 W, 66
2026/09/15 04:17:06.838, 100 %, 23 %, 15836 MiB, 16384 MiB, 106.41 W, 62
2026/09/15 04:17:07.840, 100 %, 0 %, 15836 MiB, 16384 MiB, 118.54 W, 66
2026/09/15 04:17:08.843, 100 %, 28 %, 15836 MiB, 16384 MiB, 100.37 W, 63
2026/09/15 04:17:09.845, 100 %, 0 %, 15836 MiB, 16384 MiB, 118.28 W, 65
2026/09/15 04:17:10.848, 100 %, 35 %, 15836 MiB, 16384 MiB, 92.68 W, 63
2026/09/15 04:17:11.850, 100 %, 0 %, 15836 MiB, 16384 MiB, 118.89 W, 64
2026/09/15 04:17:12.853, 100 %, 37 %, 15836 MiB, 16384 MiB, 70.36 W, 64
2026/09/15 04:17:13.855, 100 %, 0 %, 15836 MiB, 16384 MiB, 119.07 W, 64
2026/09/15 04:17:14.857, 100 %, 43 %, 15836 MiB, 16384 MiB, 60.35 W, 64
2026/09/15 04:17:15.861, 100 %, 0 %, 15836 MiB, 16384 MiB, 118.86 W, 64
2026/09/15 04:17:16.863, 100 %, 42 %, 15836 MiB, 16384 MiB, 59.74 W, 65
2026/09/15 04:17:17.866, 100 %, 0 %, 15836 MiB, 16384 MiB, 119.04 W, 65
2026/09/15 04:17:18.868, 100 %, 49 %, 15836 MiB, 16384 MiB, 59.56 W, 64
2026/09/15 04:17:19.871, 100 %, 0 %, 15836 MiB, 16384 MiB, 119.21 W, 65
2026/09/15 04:17:20.875, 100 %, 4 %, 15836 MiB, 16384 MiB, 118.06 W, 65
2026/09/15 04:17:21.877, 35 %, 6 %, 15836 MiB, 16384 MiB, 136.76 W, 65
2026/09/15 04:17:22.880, 2 %, 3 %, 15836 MiB, 16384 MiB, 95.16 W, 65
2026/09/15 04:17:23.882, 2 %, 3 %, 15836 MiB, 16384 MiB, 63.29 W, 64
2026/09/15 04:17:24.886, 2 %, 3 %, 15836 MiB, 16384 MiB, 63.06 W, 64
2026/09/15 04:17:25.888, 1 %, 2 %, 15836 MiB, 16384 MiB, 62.92 W, 64
2026/09/15 04:17:26.891, 1 %, 2 %, 15836 MiB, 16384 MiB, 62.97 W, 65
2026/09/15 04:17:27.895, 37 %, 29 %, 15836 MiB, 16384 MiB, 61.28 W, 65
2026/09/15 04:17:28.897, 70 %, 53 %, 15836 MiB, 16384 MiB, 60.28 W, 65
2026/09/15 04:17:29.899, 100 %, 34 %, 15836 MiB, 16384 MiB, 211.13 W, 68
2026/09/15 04:17:30.902, 100 %, 13 %, 15836 MiB, 16384 MiB, 122.27 W, 69
2026/09/15 04:17:31.905, 100 %, 0 %, 15836 MiB, 16384 MiB, 119.23 W, 66
2026/09/15 04:17:32.907, 100 %, 0 %, 15836 MiB, 16384 MiB, 122.27 W, 67
2026/09/15 04:17:33.909, 100 %, 0 %, 15836 MiB, 16384 MiB, 119.72 W, 67
2026/09/15 04:17:34.913, 91 %, 4 %, 15836 MiB, 16384 MiB, 119.19 W, 67
2026/09/15 04:17:35.915, 55 %, 5 %, 15836 MiB, 16384 MiB, 112.81 W, 67
2026/09/15 04:17:36.917, 23 %, 6 %, 15836 MiB, 16384 MiB, 63.17 W, 67
2026/09/15 04:17:37.920, 6 %, 5 %, 15836 MiB, 16384 MiB, 63.06 W, 67
2026/09/15 04:17:38.922, 2 %, 3 %, 15836 MiB, 16384 MiB, 63.87 W, 65
2026/09/15 04:17:39.926, 1 %, 2 %, 15836 MiB, 16384 MiB, 63.61 W, 66
2026/09/15 04:17:40.928, 36 %, 30 %, 15836 MiB, 16384 MiB, 69.69 W, 66
2026/09/15 04:17:41.930, 73 %, 51 %, 15836 MiB, 16384 MiB, 64.66 W, 66
2026/09/15 04:17:42.933, 100 %, 44 %, 15836 MiB, 16384 MiB, 60.35 W, 66
2026/09/15 04:17:43.935, 100 %, 2 %, 15836 MiB, 16384 MiB, 169.62 W, 67
2026/09/15 04:17:44.938, 100 %, 0 %, 15836 MiB, 16384 MiB, 229.84 W, 70
2026/09/15 04:17:45.940, 100 %, 0 %, 15836 MiB, 16384 MiB, 124.54 W, 71
2026/09/15 04:17:46.943, 96 %, 4 %, 15836 MiB, 16384 MiB, 124.59 W, 68
2026/09/15 04:17:47.945, 57 %, 5 %, 15836 MiB, 16384 MiB, 123.60 W, 68
2026/09/15 04:17:48.948, 16 %, 6 %, 15836 MiB, 16384 MiB, 119.25 W, 68
2026/09/15 04:17:49.950, 1 %, 2 %, 15836 MiB, 16384 MiB, 123.22 W, 68
2026/09/15 04:17:50.952, 1 %, 2 %, 15836 MiB, 16384 MiB, 112.24 W, 68
2026/09/15 04:17:51.955, 1 %, 2 %, 15836 MiB, 16384 MiB, 64.95 W, 66
2026/09/15 04:17:52.957, 1 %, 2 %, 15836 MiB, 16384 MiB, 64.79 W, 66
2026/09/15 04:17:53.960, 1 %, 2 %, 15836 MiB, 16384 MiB, 64.92 W, 66
2026/09/15 04:17:54.962, 16 %, 12 %, 15836 MiB, 16384 MiB, 64.72 W, 66
2026/09/15 04:17:55.965, 38 %, 31 %, 15836 MiB, 16384 MiB, 64.41 W, 67
2026/09/15 04:17:56.967, 78 %, 50 %, 15836 MiB, 16384 MiB, 63.09 W, 67
2026/09/15 04:17:57.970, 100 %, 41 %, 15836 MiB, 16384 MiB, 194.42 W, 67
2026/09/15 04:17:58.973, 100 %, 5 %, 15836 MiB, 16384 MiB, 228.85 W, 68
2026/09/15 04:17:59.977, 100 %, 0 %, 15836 MiB, 16384 MiB, 123.25 W, 71
2026/09/15 04:18:00.984, 100 %, 0 %, 15836 MiB, 16384 MiB, 120.25 W, 70
2026/09/15 04:18:01.987, 100 %, 1 %, 15836 MiB, 16384 MiB, 122.00 W, 68
2026/09/15 04:18:02.990, 65 %, 4 %, 15836 MiB, 16384 MiB, 122.68 W, 68
2026/09/15 04:18:03.992, 29 %, 5 %, 15836 MiB, 16384 MiB, 143.40 W, 68
2026/09/15 04:18:04.994, 1 %, 2 %, 15836 MiB, 16384 MiB, 103.87 W, 68
2026/09/15 04:18:05.997, 100 %, 8 %, 15836 MiB, 16384 MiB, 71.37 W, 67
2026/09/15 04:18:06.999, 100 %, 6 %, 15836 MiB, 16384 MiB, 66.82 W, 67
2026/09/15 04:18:08.002, 100 %, 9 %, 15836 MiB, 16384 MiB, 70.26 W, 66
2026/09/15 04:18:09.004, 100 %, 6 %, 15836 MiB, 16384 MiB, 70.11 W, 66
2026/09/15 04:18:10.007, 100 %, 6 %, 15836 MiB, 16384 MiB, 65.63 W, 66
2026/09/15 04:18:11.009, 100 %, 6 %, 15836 MiB, 16384 MiB, 65.50 W, 66
2026/09/15 04:18:12.012, 1 %, 2 %, 15836 MiB, 16384 MiB, 64.77 W, 66
2026/09/15 04:18:13.014, 4 %, 4 %, 15836 MiB, 16384 MiB, 63.13 W, 65
2026/09/15 04:18:14.017, 1 %, 2 %, 15836 MiB, 16384 MiB, 53.17 W, 65
2026/09/15 04:18:15.019, 2 %, 3 %, 15836 MiB, 16384 MiB, 50.00 W, 65
2026/09/15 04:18:16.022, 1 %, 3 %, 15836 MiB, 16384 MiB, 50.63 W, 64
2026/09/15 04:18:17.025, 1 %, 2 %, 15836 MiB, 16384 MiB, 50.61 W, 64
2026/09/15 04:18:18.027, 3 %, 4 %, 15836 MiB, 16384 MiB, 49.77 W, 64
2026/09/15 04:18:19.030, 3 %, 4 %, 15836 MiB, 16384 MiB, 49.98 W, 64
2026/09/15 04:18:20.032, 4 %, 4 %, 15836 MiB, 16384 MiB, 49.26 W, 64
2026/09/15 04:18:21.035, 2 %, 3 %, 15836 MiB, 16384 MiB, 52.78 W, 63
2026/09/15 04:18:22.037, 1 %, 2 %, 15836 MiB, 16384 MiB, 49.60 W, 63
2026/09/15 04:18:23.040, 2 %, 3 %, 15836 MiB, 16384 MiB, 49.62 W, 63
2026/09/15 04:18:24.043, 1 %, 2 %, 15836 MiB, 16384 MiB, 49.53 W, 63
2026/09/15 04:18:25.045, 1 %, 2 %, 15836 MiB, 16384 MiB, 49.55 W, 63
2026/09/15 04:18:26.048, 4 %, 4 %, 15836 MiB, 16384 MiB, 49.47 W, 63
2026/09/15 04:18:27.051, 3 %, 4 %, 15836 MiB, 16384 MiB, 48.97 W, 62
2026/09/15 04:18:28.053, 4 %, 5 %, 15836 MiB, 16384 MiB, 52.35 W, 62
2026/09/15 04:18:29.056, 1 %, 2 %, 15836 MiB, 16384 MiB, 52.47 W, 62
2026/09/15 04:18:30.058, 1 %, 2 %, 15836 MiB, 16384 MiB, 49.20 W, 62
2026/09/15 04:18:31.062, 2 %, 3 %, 15836 MiB, 16384 MiB, 49.04 W, 62
2026/09/15 04:18:32.065, 2 %, 3 %, 15836 MiB, 16384 MiB, 49.29 W, 62
2026/09/15 04:18:33.068, 1 %, 2 %, 15836 MiB, 16384 MiB, 49.49 W, 62
2026/09/15 04:18:34.071, 79 %, 12 %, 15836 MiB, 16384 MiB, 58.45 W, 62
2026/09/15 04:18:35.074, 100 %, 6 %, 15836 MiB, 16384 MiB, 68.90 W, 62
2026/09/15 04:18:36.077, 100 %, 6 %, 15836 MiB, 16384 MiB, 64.64 W, 62
2026/09/15 04:18:37.081, 100 %, 9 %, 15836 MiB, 16384 MiB, 69.76 W, 62
2026/09/15 04:18:38.084, 100 %, 9 %, 15836 MiB, 16384 MiB, 68.64 W, 62
2026/09/15 04:18:39.087, 100 %, 6 %, 15836 MiB, 16384 MiB, 68.80 W, 62
2026/09/15 04:18:40.090, 1 %, 2 %, 15836 MiB, 16384 MiB, 66.78 W, 62
2026/09/15 04:18:41.094, 2 %, 3 %, 15836 MiB, 16384 MiB, 62.59 W, 62
2026/09/15 04:18:42.097, 1 %, 2 %, 15836 MiB, 16384 MiB, 48.96 W, 61
2026/09/15 04:18:43.099, 4 %, 5 %, 15836 MiB, 16384 MiB, 48.86 W, 61
2026/09/15 04:18:44.102, 4 %, 4 %, 15836 MiB, 16384 MiB, 48.86 W, 61
2026/09/15 04:18:45.105, 4 %, 4 %, 15836 MiB, 16384 MiB, 48.63 W, 61
2026/09/15 04:18:46.107, 4 %, 4 %, 15836 MiB, 16384 MiB, 51.55 W, 60
2026/09/15 04:18:47.110, 1 %, 2 %, 15836 MiB, 16384 MiB, 51.56 W, 60
2026/09/15 04:18:48.112, 1 %, 2 %, 15836 MiB, 16384 MiB, 48.76 W, 60
2026/09/15 04:18:49.115, 2 %, 3 %, 15836 MiB, 16384 MiB, 48.91 W, 60
2026/09/15 04:18:50.118, 1 %, 2 %, 15836 MiB, 16384 MiB, 48.66 W, 60
2026/09/15 04:18:51.120, 2 %, 3 %, 15836 MiB, 16384 MiB, 48.70 W, 60
2026/09/15 04:18:52.123, 3 %, 4 %, 15836 MiB, 16384 MiB, 48.70 W, 60
2026/09/15 04:18:53.125, 3 %, 4 %, 15836 MiB, 16384 MiB, 48.36 W, 60
2026/09/15 04:18:54.128, 4 %, 5 %, 15836 MiB, 16384 MiB, 51.52 W, 60
2026/09/15 04:18:55.130, 1 %, 2 %, 15836 MiB, 16384 MiB, 51.68 W, 59
2026/09/15 04:18:56.133, 1 %, 2 %, 15836 MiB, 16384 MiB, 49.09 W, 59
2026/09/15 04:18:57.137, 1 %, 2 %, 15836 MiB, 16384 MiB, 49.09 W, 59
2026/09/15 04:18:58.139, 1 %, 2 %, 15836 MiB, 16384 MiB, 48.43 W, 59
2026/09/15 04:18:59.142, 2 %, 3 %, 15836 MiB, 16384 MiB, 48.81 W, 59
2026/09/15 04:19:00.144, 4 %, 4 %, 15836 MiB, 16384 MiB, 48.49 W, 59
2026/09/15 04:19:01.147, 4 %, 4 %, 15836 MiB, 16384 MiB, 48.29 W, 59
2026/09/15 04:19:02.150, 23 %, 9 %, 15836 MiB, 16384 MiB, 56.47 W, 59
2026/09/15 04:19:03.152, 100 %, 9 %, 15836 MiB, 16384 MiB, 68.79 W, 60
2026/09/15 04:19:04.155, 100 %, 6 %, 15836 MiB, 16384 MiB, 68.81 W, 60
2026/09/15 04:19:05.159, 100 %, 6 %, 15836 MiB, 16384 MiB, 63.08 W, 60
2026/09/15 04:19:06.164, 100 %, 6 %, 15836 MiB, 16384 MiB, 63.17 W, 60
2026/09/15 04:19:07.166, 100 %, 9 %, 15836 MiB, 16384 MiB, 69.26 W, 60
2026/09/15 04:19:08.169, 1 %, 2 %, 15836 MiB, 16384 MiB, 62.00 W, 60
2026/09/15 04:19:09.172, 2 %, 3 %, 15836 MiB, 16384 MiB, 61.92 W, 59
2026/09/15 04:19:10.175, 3 %, 4 %, 15836 MiB, 16384 MiB, 48.35 W, 59
2026/09/15 04:19:11.179, 3 %, 4 %, 15836 MiB, 16384 MiB, 48.32 W, 58
2026/09/15 04:19:12.182, 3 %, 4 %, 15836 MiB, 16384 MiB, 48.26 W, 58
2026/09/15 04:19:13.185, 1 %, 2 %, 15836 MiB, 16384 MiB, 51.35 W, 58
2026/09/15 04:19:14.188, 1 %, 2 %, 15836 MiB, 16384 MiB, 48.10 W, 58
2026/09/15 04:19:15.192, 1 %, 2 %, 15836 MiB, 16384 MiB, 48.10 W, 58
2026/09/15 04:19:16.195, 2 %, 3 %, 15836 MiB, 16384 MiB, 48.19 W, 58
2026/09/15 04:19:17.198, 1 %, 2 %, 15836 MiB, 16384 MiB, 48.84 W, 58
2026/09/15 04:19:18.200, 3 %, 4 %, 15836 MiB, 16384 MiB, 48.75 W, 58
2026/09/15 04:19:19.203, 3 %, 4 %, 15836 MiB, 16384 MiB, 48.15 W, 58
2026/09/15 04:19:20.206, 3 %, 4 %, 15836 MiB, 16384 MiB, 51.38 W, 58
2026/09/15 04:19:21.209, 1 %, 2 %, 15836 MiB, 16384 MiB, 51.56 W, 58
2026/09/15 04:19:22.211, 2 %, 3 %, 15836 MiB, 16384 MiB, 48.13 W, 58
2026/09/15 04:19:23.214, 1 %, 2 %, 15836 MiB, 16384 MiB, 48.04 W, 58
2026/09/15 04:19:24.217, 1 %, 2 %, 15836 MiB, 16384 MiB, 48.02 W, 57
2026/09/15 04:19:25.220, 1 %, 2 %, 15836 MiB, 16384 MiB, 48.15 W, 57
2026/09/15 04:19:26.222, 1 %, 2 %, 15836 MiB, 16384 MiB, 48.22 W, 57
2026/09/15 04:19:27.226, 3 %, 4 %, 15836 MiB, 16384 MiB, 48.18 W, 57
2026/09/15 04:19:28.229, 3 %, 4 %, 15836 MiB, 16384 MiB, 48.01 W, 57
2026/09/15 04:19:29.231, 3 %, 4 %, 15836 MiB, 16384 MiB, 49.19 W, 57
2026/09/15 04:19:30.235, 1 %, 2 %, 15836 MiB, 16384 MiB, 56.88 W, 57
2026/09/15 04:19:31.238, 100 %, 7 %, 15836 MiB, 16384 MiB, 87.51 W, 58
2026/09/15 04:19:32.241, 100 %, 7 %, 15836 MiB, 16384 MiB, 62.10 W, 59
2026/09/15 04:19:33.251, 100 %, 7 %, 15836 MiB, 16384 MiB, 87.59 W, 58
2026/09/15 04:19:34.254, 100 %, 10 %, 15836 MiB, 16384 MiB, 87.47 W, 60
2026/09/15 04:19:35.256, 100 %, 7 %, 15836 MiB, 16384 MiB, 66.21 W, 59
2026/09/15 04:19:36.258, 99 %, 10 %, 15836 MiB, 16384 MiB, 86.17 W, 58
2026/09/15 04:19:37.261, 2 %, 3 %, 15836 MiB, 16384 MiB, 62.09 W, 58
2026/09/15 04:19:38.263, 1 %, 2 %, 15836 MiB, 16384 MiB, 48.24 W, 58
2026/09/15 04:19:39.266, 8 %, 5 %, 15836 MiB, 16384 MiB, 48.13 W, 58
2026/09/15 04:19:40.269, 8 %, 5 %, 15836 MiB, 16384 MiB, 47.88 W, 57
2026/09/15 04:19:41.272, 8 %, 5 %, 15836 MiB, 16384 MiB, 64.20 W, 57
2026/09/15 04:19:42.276, 1 %, 2 %, 15836 MiB, 16384 MiB, 47.92 W, 58
2026/09/15 04:19:43.279, 1 %, 2 %, 15836 MiB, 16384 MiB, 47.82 W, 57
2026/09/15 04:19:44.283, 1 %, 2 %, 15836 MiB, 16384 MiB, 47.94 W, 57
2026/09/15 04:19:45.286, 3 %, 3 %, 15836 MiB, 16384 MiB, 47.84 W, 57
2026/09/15 04:19:46.290, 8 %, 4 %, 15836 MiB, 16384 MiB, 47.74 W, 57
2026/09/15 04:19:47.293, 8 %, 5 %, 15836 MiB, 16384 MiB, 61.77 W, 57
2026/09/15 04:19:48.297, 2 %, 3 %, 15836 MiB, 16384 MiB, 47.79 W, 57
2026/09/15 04:19:49.300, 1 %, 2 %, 15836 MiB, 16384 MiB, 47.79 W, 57
2026/09/15 04:19:50.304, 1 %, 2 %, 15836 MiB, 16384 MiB, 47.71 W, 57
2026/09/15 04:19:51.307, 1 %, 2 %, 15836 MiB, 16384 MiB, 47.61 W, 57
2026/09/15 04:19:52.311, 8 %, 5 %, 15836 MiB, 16384 MiB, 47.78 W, 57
2026/09/15 04:19:53.314, 8 %, 5 %, 15836 MiB, 16384 MiB, 47.03 W, 57
2026/09/15 04:19:54.318, 3 %, 2 %, 15836 MiB, 16384 MiB, 63.97 W, 57
2026/09/15 04:19:55.322, 1 %, 2 %, 15836 MiB, 16384 MiB, 47.58 W, 57
2026/09/15 04:19:56.324, 2 %, 3 %, 15836 MiB, 16384 MiB, 47.99 W, 57
2026/09/15 04:19:57.327, 2 %, 3 %, 15836 MiB, 16384 MiB, 48.32 W, 57
2026/09/15 04:19:58.329, 1 %, 2 %, 15836 MiB, 16384 MiB, 48.23 W, 57
2026/09/15 04:19:59.332, 68 %, 10 %, 15836 MiB, 16384 MiB, 59.98 W, 57
2026/09/15 04:20:00.334, 100 %, 6 %, 15836 MiB, 16384 MiB, 61.67 W, 57
2026/09/15 04:20:01.336, 100 %, 8 %, 15836 MiB, 16384 MiB, 61.69 W, 58
2026/09/15 04:20:02.339, 100 %, 9 %, 15836 MiB, 16384 MiB, 66.37 W, 58
2026/09/15 04:20:03.341, 100 %, 6 %, 15836 MiB, 16384 MiB, 66.31 W, 58
2026/09/15 04:20:04.344, 100 %, 6 %, 15836 MiB, 16384 MiB, 66.44 W, 58
2026/09/15 04:20:05.346, 1 %, 2 %, 15836 MiB, 16384 MiB, 64.62 W, 58
2026/09/15 04:20:06.349, 2 %, 3 %, 15836 MiB, 16384 MiB, 60.66 W, 58
2026/09/15 04:20:07.351, 2 %, 3 %, 15836 MiB, 16384 MiB, 47.65 W, 57
2026/09/15 04:20:08.354, 3 %, 5 %, 15836 MiB, 16384 MiB, 47.46 W, 57
2026/09/15 04:20:09.357, 3 %, 4 %, 15836 MiB, 16384 MiB, 47.38 W, 57
2026/09/15 04:20:10.359, 3 %, 4 %, 15836 MiB, 16384 MiB, 46.94 W, 57
2026/09/15 04:20:11.362, 3 %, 4 %, 15836 MiB, 16384 MiB, 49.71 W, 56
2026/09/15 04:20:12.364, 1 %, 2 %, 15836 MiB, 16384 MiB, 50.28 W, 56
2026/09/15 04:20:13.367, 1 %, 2 %, 15836 MiB, 16384 MiB, 47.15 W, 56
2026/09/15 04:20:14.369, 2 %, 3 %, 15836 MiB, 16384 MiB, 47.17 W, 56
2026/09/15 04:20:15.372, 1 %, 2 %, 15836 MiB, 16384 MiB, 47.26 W, 56
2026/09/15 04:20:16.374, 2 %, 3 %, 15836 MiB, 16384 MiB, 47.54 W, 56
2026/09/15 04:20:17.377, 3 %, 4 %, 15836 MiB, 16384 MiB, 47.91 W, 56
2026/09/15 04:20:18.380, 3 %, 4 %, 15836 MiB, 16384 MiB, 47.40 W, 56
2026/09/15 04:20:19.383, 1 %, 2 %, 15836 MiB, 16384 MiB, 50.03 W, 56
2026/09/15 04:20:20.386, 1 %, 2 %, 15836 MiB, 16384 MiB, 47.04 W, 56
2026/09/15 04:20:21.389, 1 %, 2 %, 15836 MiB, 16384 MiB, 47.50 W, 56
2026/09/15 04:20:22.392, 1 %, 2 %, 15836 MiB, 16384 MiB, 46.91 W, 56
2026/09/15 04:20:23.395, 1 %, 3 %, 15836 MiB, 16384 MiB, 46.63 W, 56
2026/09/15 04:20:24.397, 1 %, 2 %, 15836 MiB, 16384 MiB, 46.58 W, 56
2026/09/15 04:20:25.400, 3 %, 4 %, 15836 MiB, 16384 MiB, 46.76 W, 56
2026/09/15 04:20:26.402, 3 %, 4 %, 15836 MiB, 16384 MiB, 46.83 W, 56
2026/09/15 04:20:27.405, 11 %, 8 %, 15836 MiB, 16384 MiB, 54.49 W, 56
2026/09/15 04:20:28.408, 100 %, 0 %, 15836 MiB, 16384 MiB, 122.81 W, 62
2026/09/15 04:20:29.411, 100 %, 0 %, 15836 MiB, 16384 MiB, 121.29 W, 59
2026/09/15 04:20:30.413, 100 %, 0 %, 15836 MiB, 16384 MiB, 121.29 W, 60
2026/09/15 04:20:31.415, 100 %, 8 %, 15836 MiB, 16384 MiB, 112.83 W, 60
2026/09/15 04:20:32.417, 100 %, 66 %, 15836 MiB, 16384 MiB, 140.04 W, 60
2026/09/15 04:20:33.419, 100 %, 0 %, 15836 MiB, 16384 MiB, 121.19 W, 61
2026/09/15 04:20:34.422, 100 %, 0 %, 15836 MiB, 16384 MiB, 121.43 W, 61
2026/09/15 04:20:35.424, 100 %, 0 %, 15836 MiB, 16384 MiB, 121.64 W, 61
2026/09/15 04:20:36.426, 100 %, 9 %, 15836 MiB, 16384 MiB, 111.27 W, 61
2026/09/15 04:20:37.428, 100 %, 53 %, 15836 MiB, 16384 MiB, 176.28 W, 62
2026/09/15 04:20:38.431, 100 %, 0 %, 15836 MiB, 16384 MiB, 122.49 W, 62
2026/09/15 04:20:39.433, 100 %, 0 %, 15836 MiB, 16384 MiB, 122.30 W, 62
2026/09/15 04:20:40.435, 100 %, 0 %, 15836 MiB, 16384 MiB, 122.04 W, 63
2026/09/15 04:20:41.437, 100 %, 15 %, 15836 MiB, 16384 MiB, 140.87 W, 63
2026/09/15 04:20:42.440, 100 %, 50 %, 15836 MiB, 16384 MiB, 208.19 W, 65
2026/09/15 04:20:43.443, 100 %, 0 %, 15836 MiB, 16384 MiB, 122.92 W, 63
2026/09/15 04:20:44.445, 100 %, 0 %, 15836 MiB, 16384 MiB, 121.01 W, 64
2026/09/15 04:20:45.447, 100 %, 0 %, 15836 MiB, 16384 MiB, 118.69 W, 64
2026/09/15 04:20:46.451, 100 %, 26 %, 15836 MiB, 16384 MiB, 60.75 W, 64
2026/09/15 04:20:47.453, 100 %, 33 %, 15836 MiB, 16384 MiB, 200.45 W, 66
2026/09/15 04:20:48.456, 100 %, 0 %, 15836 MiB, 16384 MiB, 121.86 W, 65
2026/09/15 04:20:49.458, 100 %, 0 %, 15836 MiB, 16384 MiB, 122.54 W, 65
2026/09/15 04:20:50.461, 100 %, 0 %, 15836 MiB, 16384 MiB, 119.57 W, 65
2026/09/15 04:20:51.463, 100 %, 42 %, 15836 MiB, 16384 MiB, 101.47 W, 64
2026/09/15 04:20:52.465, 100 %, 6 %, 15836 MiB, 16384 MiB, 122.62 W, 69
2026/09/15 04:20:53.468, 100 %, 0 %, 15836 MiB, 16384 MiB, 122.64 W, 66
2026/09/15 04:20:54.471, 100 %, 0 %, 15836 MiB, 16384 MiB, 122.39 W, 66
2026/09/15 04:20:55.473, 100 %, 8 %, 15836 MiB, 16384 MiB, 120.42 W, 66
2026/09/15 04:20:56.475, 100 %, 65 %, 15836 MiB, 16384 MiB, 169.99 W, 66
2026/09/15 04:20:57.481, 100 %, 0 %, 15836 MiB, 16384 MiB, 123.64 W, 67
2026/09/15 04:20:58.483, 100 %, 0 %, 15836 MiB, 16384 MiB, 123.62 W, 67
2026/09/15 04:20:59.485, 100 %, 0 %, 15836 MiB, 16384 MiB, 123.54 W, 67
2026/09/15 04:21:00.487, 100 %, 7 %, 15836 MiB, 16384 MiB, 147.89 W, 67
2026/09/15 04:21:01.490, 100 %, 77 %, 15836 MiB, 16384 MiB, 207.54 W, 68
2026/09/15 04:21:02.494, 100 %, 0 %, 15836 MiB, 16384 MiB, 124.40 W, 68
2026/09/15 04:21:03.497, 100 %, 0 %, 15836 MiB, 16384 MiB, 124.27 W, 68
2026/09/15 04:21:04.501, 100 %, 7 %, 15836 MiB, 16384 MiB, 122.95 W, 68
2026/09/15 04:21:05.503, 100 %, 77 %, 15836 MiB, 16384 MiB, 117.57 W, 68
2026/09/15 04:21:06.505, 100 %, 0 %, 15836 MiB, 16384 MiB, 260.72 W, 71
2026/09/15 04:21:07.508, 100 %, 0 %, 15836 MiB, 16384 MiB, 124.90 W, 68
2026/09/15 04:21:08.510, 100 %, 0 %, 15836 MiB, 16384 MiB, 124.51 W, 68
2026/09/15 04:21:09.512, 100 %, 8 %, 15836 MiB, 16384 MiB, 122.40 W, 69
2026/09/15 04:21:10.516, 100 %, 58 %, 15836 MiB, 16384 MiB, 63.05 W, 68
2026/09/15 04:21:11.518, 100 %, 0 %, 15836 MiB, 16384 MiB, 205.54 W, 72
2026/09/15 04:21:12.521, 100 %, 0 %, 15836 MiB, 16384 MiB, 123.36 W, 69
2026/09/15 04:21:13.523, 100 %, 0 %, 15836 MiB, 16384 MiB, 121.05 W, 69
2026/09/15 04:21:14.526, 100 %, 36 %, 15836 MiB, 16384 MiB, 122.45 W, 69
2026/09/15 04:21:15.530, 100 %, 10 %, 15836 MiB, 16384 MiB, 260.82 W, 70
2026/09/15 04:21:16.536, 100 %, 0 %, 15836 MiB, 16384 MiB, 121.10 W, 69
2026/09/15 04:21:17.538, 9 %, 9 %, 15836 MiB, 16384 MiB, 65.77 W, 68
2026/09/15 04:21:18.540, 100 %, 0 %, 15836 MiB, 16384 MiB, 123.67 W, 69
2026/09/15 04:21:19.542, 2 %, 3 %, 15836 MiB, 16384 MiB, 65.92 W, 69
2026/09/15 04:21:20.545, 100 %, 0 %, 15836 MiB, 16384 MiB, 149.81 W, 72
2026/09/15 04:21:21.550, 100 %, 3 %, 15836 MiB, 16384 MiB, 120.74 W, 69
2026/09/15 04:21:22.552, 59 %, 54 %, 15836 MiB, 16384 MiB, 62.92 W, 68
2026/09/15 04:21:23.555, 100 %, 0 %, 15836 MiB, 16384 MiB, 123.97 W, 70
2026/09/15 04:21:24.557, 1 %, 2 %, 15836 MiB, 16384 MiB, 65.21 W, 69
2026/09/15 04:21:25.559, 100 %, 0 %, 15836 MiB, 16384 MiB, 124.21 W, 73
2026/09/15 04:21:26.563, 100 %, 2 %, 15836 MiB, 16384 MiB, 120.92 W, 69
2026/09/15 04:21:27.565, 58 %, 52 %, 15836 MiB, 16384 MiB, 63.94 W, 68
2026/09/15 04:21:28.567, 100 %, 0 %, 15836 MiB, 16384 MiB, 124.35 W, 70
2026/09/15 04:21:29.569, 1 %, 2 %, 15836 MiB, 16384 MiB, 65.62 W, 70
2026/09/15 04:21:30.572, 100 %, 0 %, 15836 MiB, 16384 MiB, 188.09 W, 72
2026/09/15 04:21:31.575, 100 %, 2 %, 15836 MiB, 16384 MiB, 121.32 W, 70
2026/09/15 04:21:32.577, 61 %, 56 %, 15836 MiB, 16384 MiB, 63.79 W, 68
2026/09/15 04:21:33.580, 100 %, 0 %, 15836 MiB, 16384 MiB, 124.58 W, 70
2026/09/15 04:21:34.582, 1 %, 2 %, 15836 MiB, 16384 MiB, 65.80 W, 68
2026/09/15 04:21:35.584, 100 %, 0 %, 15836 MiB, 16384 MiB, 157.94 W, 73
2026/09/15 04:21:36.587, 100 %, 0 %, 15836 MiB, 16384 MiB, 124.40 W, 70
2026/09/15 04:21:37.590, 54 %, 48 %, 15836 MiB, 16384 MiB, 65.27 W, 69
2026/09/15 04:21:38.592, 100 %, 0 %, 15836 MiB, 16384 MiB, 124.64 W, 70
2026/09/15 04:21:39.594, 1 %, 3 %, 15836 MiB, 16384 MiB, 65.59 W, 68
2026/09/15 04:21:40.598, 100 %, 0 %, 15836 MiB, 16384 MiB, 180.34 W, 73
2026/09/15 04:21:41.604, 100 %, 0 %, 15836 MiB, 16384 MiB, 124.94 W, 70
2026/09/15 04:21:42.607, 48 %, 44 %, 15836 MiB, 16384 MiB, 64.67 W, 69
2026/09/15 04:21:43.610, 100 %, 0 %, 15836 MiB, 16384 MiB, 124.76 W, 70
2026/09/15 04:21:44.612, 2 %, 3 %, 15836 MiB, 16384 MiB, 66.26 W, 68
2026/09/15 04:21:45.615, 100 %, 0 %, 15836 MiB, 16384 MiB, 210.96 W, 73
2026/09/15 04:21:46.619, 100 %, 0 %, 15836 MiB, 16384 MiB, 121.91 W, 70
2026/09/15 04:21:47.621, 55 %, 49 %, 15836 MiB, 16384 MiB, 64.31 W, 69
2026/09/15 04:21:48.624, 100 %, 0 %, 15836 MiB, 16384 MiB, 124.76 W, 70
2026/09/15 04:21:49.627, 1 %, 2 %, 15836 MiB, 16384 MiB, 66.57 W, 69
2026/09/15 04:21:50.630, 100 %, 0 %, 15836 MiB, 16384 MiB, 165.37 W, 73
2026/09/15 04:21:51.632, 100 %, 7 %, 15836 MiB, 16384 MiB, 117.26 W, 70
2026/09/15 04:21:52.635, 65 %, 59 %, 15836 MiB, 16384 MiB, 132.08 W, 69
2026/09/15 04:21:53.637, 100 %, 0 %, 15836 MiB, 16384 MiB, 124.82 W, 70
2026/09/15 04:21:54.639, 1 %, 2 %, 15836 MiB, 16384 MiB, 66.02 W, 69
2026/09/15 04:21:55.642, 100 %, 0 %, 15836 MiB, 16384 MiB, 125.15 W, 70
2026/09/15 04:21:56.645, 100 %, 2 %, 15836 MiB, 16384 MiB, 118.66 W, 70
2026/09/15 04:21:57.648, 56 %, 48 %, 15836 MiB, 16384 MiB, 106.90 W, 69
2026/09/15 04:21:58.650, 100 %, 0 %, 15836 MiB, 16384 MiB, 125.05 W, 70
2026/09/15 04:21:59.652, 2 %, 3 %, 15836 MiB, 16384 MiB, 66.30 W, 69
2026/09/15 04:22:00.655, 100 %, 0 %, 15836 MiB, 16384 MiB, 124.55 W, 70
2026/09/15 04:22:01.657, 90 %, 6 %, 15836 MiB, 16384 MiB, 117.02 W, 70
2026/09/15 04:22:02.661, 80 %, 72 %, 15836 MiB, 16384 MiB, 170.15 W, 70
2026/09/15 04:22:03.663, 100 %, 0 %, 15836 MiB, 16384 MiB, 123.75 W, 70
2026/09/15 04:22:04.666, 1 %, 2 %, 15836 MiB, 16384 MiB, 65.84 W, 69
2026/09/15 04:22:05.668, 100 %, 0 %, 15836 MiB, 16384 MiB, 124.97 W, 71
2026/09/15 04:22:06.670, 75 %, 5 %, 15836 MiB, 16384 MiB, 112.41 W, 70
2026/09/15 04:22:07.672, 92 %, 79 %, 15836 MiB, 16384 MiB, 203.45 W, 70
2026/09/15 04:22:08.676, 100 %, 0 %, 15836 MiB, 16384 MiB, 124.78 W, 70
2026/09/15 04:22:09.678, 1 %, 2 %, 15836 MiB, 16384 MiB, 66.09 W, 69
2026/09/15 04:22:10.680, 100 %, 0 %, 15836 MiB, 16384 MiB, 125.23 W, 70
2026/09/15 04:22:11.682, 79 %, 7 %, 15836 MiB, 16384 MiB, 118.26 W, 70
2026/09/15 04:22:12.685, 90 %, 79 %, 15836 MiB, 16384 MiB, 199.93 W, 70
2026/09/15 04:22:13.687, 100 %, 0 %, 15836 MiB, 16384 MiB, 123.93 W, 70
2026/09/15 04:22:14.689, 1 %, 2 %, 15836 MiB, 16384 MiB, 65.89 W, 69
2026/09/15 04:22:15.692, 100 %, 0 %, 15836 MiB, 16384 MiB, 125.40 W, 71
2026/09/15 04:22:16.694, 73 %, 6 %, 15836 MiB, 16384 MiB, 112.64 W, 70
2026/09/15 04:22:17.696, 90 %, 70 %, 15836 MiB, 16384 MiB, 206.38 W, 71
2026/09/15 04:22:18.698, 100 %, 0 %, 15836 MiB, 16384 MiB, 124.04 W, 70
2026/09/15 04:22:19.700, 1 %, 3 %, 15836 MiB, 16384 MiB, 67.36 W, 69
2026/09/15 04:22:20.703, 100 %, 0 %, 15836 MiB, 16384 MiB, 125.80 W, 71
2026/09/15 04:22:21.706, 1 %, 2 %, 15836 MiB, 16384 MiB, 128.77 W, 70
2026/09/15 04:22:22.711, 100 %, 0 %, 15836 MiB, 16384 MiB, 206.61 W, 73
2026/09/15 04:22:23.717, 100 %, 0 %, 15836 MiB, 16384 MiB, 123.45 W, 71
2026/09/15 04:22:24.719, 44 %, 40 %, 15836 MiB, 16384 MiB, 65.73 W, 69
2026/09/15 04:22:25.722, 100 %, 0 %, 15836 MiB, 16384 MiB, 125.60 W, 71
2026/09/15 04:22:26.724, 100 %, 8 %, 15836 MiB, 16384 MiB, 68.59 W, 69
2026/09/15 04:22:27.726, 100 %, 9 %, 15836 MiB, 16384 MiB, 71.61 W, 69
2026/09/15 04:22:28.729, 100 %, 6 %, 15836 MiB, 16384 MiB, 71.42 W, 69
2026/09/15 04:22:29.731, 100 %, 6 %, 15836 MiB, 16384 MiB, 66.16 W, 68
2026/09/15 04:22:30.734, 100 %, 8 %, 15836 MiB, 16384 MiB, 71.49 W, 68
2026/09/15 04:22:31.736, 100 %, 9 %, 15836 MiB, 16384 MiB, 71.37 W, 68
2026/09/15 04:22:32.739, 3 %, 4 %, 15836 MiB, 16384 MiB, 65.62 W, 68
2026/09/15 04:22:33.741, 1 %, 2 %, 15836 MiB, 16384 MiB, 69.45 W, 67
2026/09/15 04:22:34.744, 2 %, 3 %, 15836 MiB, 16384 MiB, 50.57 W, 66
2026/09/15 04:22:35.747, 2 %, 3 %, 15836 MiB, 16384 MiB, 50.75 W, 66
2026/09/15 04:22:36.749, 1 %, 2 %, 15836 MiB, 16384 MiB, 50.54 W, 66
2026/09/15 04:22:37.752, 1 %, 2 %, 15836 MiB, 16384 MiB, 51.19 W, 66
2026/09/15 04:22:38.754, 1 %, 1 %, 15836 MiB, 16384 MiB, 50.85 W, 65
2026/09/15 04:22:39.757, 3 %, 4 %, 15836 MiB, 16384 MiB, 50.37 W, 65
2026/09/15 04:22:40.759, 3 %, 4 %, 15836 MiB, 16384 MiB, 50.17 W, 65
2026/09/15 04:22:41.762, 2 %, 3 %, 15836 MiB, 16384 MiB, 53.32 W, 65
2026/09/15 04:22:42.765, 1 %, 2 %, 15836 MiB, 16384 MiB, 53.46 W, 64
2026/09/15 04:22:43.767, 2 %, 3 %, 15836 MiB, 16384 MiB, 50.33 W, 64
2026/09/15 04:22:44.770, 1 %, 2 %, 15836 MiB, 16384 MiB, 50.01 W, 64
2026/09/15 04:22:45.772, 1 %, 2 %, 15836 MiB, 16384 MiB, 49.85 W, 64
2026/09/15 04:22:46.774, 4 %, 5 %, 15836 MiB, 16384 MiB, 49.77 W, 64
2026/09/15 04:22:47.777, 3 %, 4 %, 15836 MiB, 16384 MiB, 49.80 W, 63
2026/09/15 04:22:48.779, 3 %, 4 %, 15836 MiB, 16384 MiB, 49.12 W, 63
2026/09/15 04:22:49.782, 1 %, 2 %, 15836 MiB, 16384 MiB, 52.54 W, 63
2026/09/15 04:22:50.785, 1 %, 2 %, 15836 MiB, 16384 MiB, 52.47 W, 63
2026/09/15 04:22:51.788, 2 %, 3 %, 15836 MiB, 16384 MiB, 49.53 W, 63
2026/09/15 04:22:52.790, 2 %, 3 %, 15836 MiB, 16384 MiB, 49.45 W, 62
2026/09/15 04:22:53.793, 2 %, 3 %, 15836 MiB, 16384 MiB, 49.18 W, 62
2026/09/15 04:22:54.796, 80 %, 12 %, 15836 MiB, 16384 MiB, 63.48 W, 63
2026/09/15 04:22:55.799, 100 %, 6 %, 15836 MiB, 16384 MiB, 69.14 W, 63
2026/09/15 04:22:56.803, 100 %, 6 %, 15836 MiB, 16384 MiB, 68.86 W, 63
2026/09/15 04:22:57.806, 100 %, 8 %, 15836 MiB, 16384 MiB, 63.79 W, 63
2026/09/15 04:22:58.810, 100 %, 9 %, 15836 MiB, 16384 MiB, 66.12 W, 63
2026/09/15 04:22:59.813, 100 %, 6 %, 15836 MiB, 16384 MiB, 69.78 W, 63
2026/09/15 04:23:00.816, 1 %, 2 %, 15836 MiB, 16384 MiB, 65.66 W, 62
2026/09/15 04:23:01.819, 2 %, 3 %, 15836 MiB, 16384 MiB, 62.57 W, 63
2026/09/15 04:23:02.822, 2 %, 3 %, 15836 MiB, 16384 MiB, 48.85 W, 61
2026/09/15 04:23:03.825, 4 %, 5 %, 15836 MiB, 16384 MiB, 49.21 W, 61
2026/09/15 04:23:04.827, 3 %, 4 %, 15836 MiB, 16384 MiB, 49.24 W, 61
2026/09/15 04:23:05.830, 3 %, 4 %, 15836 MiB, 16384 MiB, 49.25 W, 61
2026/09/15 04:23:06.833, 3 %, 4 %, 15836 MiB, 16384 MiB, 48.66 W, 61
2026/09/15 04:23:07.835, 1 %, 2 %, 15836 MiB, 16384 MiB, 51.87 W, 61
2026/09/15 04:23:08.838, 1 %, 2 %, 15836 MiB, 16384 MiB, 51.86 W, 60
2026/09/15 04:23:09.840, 2 %, 3 %, 15836 MiB, 16384 MiB, 49.14 W, 60
2026/09/15 04:23:10.843, 1 %, 2 %, 15836 MiB, 16384 MiB, 48.97 W, 60
2026/09/15 04:23:11.845, 2 %, 3 %, 15836 MiB, 16384 MiB, 49.01 W, 60
2026/09/15 04:23:12.848, 3 %, 4 %, 15836 MiB, 16384 MiB, 48.96 W, 60
2026/09/15 04:23:13.850, 3 %, 4 %, 15836 MiB, 16384 MiB, 48.79 W, 60
2026/09/15 04:23:14.853, 4 %, 4 %, 15836 MiB, 16384 MiB, 48.63 W, 60
2026/09/15 04:23:15.855, 1 %, 2 %, 15836 MiB, 16384 MiB, 51.57 W, 60
2026/09/15 04:23:16.858, 1 %, 2 %, 15836 MiB, 16384 MiB, 48.28 W, 59
2026/09/15 04:23:17.860, 1 %, 2 %, 15836 MiB, 16384 MiB, 48.49 W, 59
2026/09/15 04:23:18.863, 1 %, 2 %, 15836 MiB, 16384 MiB, 49.26 W, 59
2026/09/15 04:23:19.866, 2 %, 3 %, 15836 MiB, 16384 MiB, 49.54 W, 59
2026/09/15 04:23:20.868, 1 %, 2 %, 15836 MiB, 16384 MiB, 48.71 W, 59
2026/09/15 04:23:21.871, 3 %, 4 %, 15836 MiB, 16384 MiB, 48.55 W, 59
2026/09/15 04:23:22.873, 21 %, 9 %, 15836 MiB, 16384 MiB, 48.38 W, 59
2026/09/15 04:23:23.876, 100 %, 9 %, 15836 MiB, 16384 MiB, 67.79 W, 60
2026/09/15 04:23:24.878, 100 %, 6 %, 15836 MiB, 16384 MiB, 67.73 W, 60
2026/09/15 04:23:25.881, 100 %, 6 %, 15836 MiB, 16384 MiB, 67.88 W, 60
2026/09/15 04:23:26.883, 100 %, 9 %, 15836 MiB, 16384 MiB, 62.76 W, 60
2026/09/15 04:23:27.886, 100 %, 9 %, 15836 MiB, 16384 MiB, 64.56 W, 60
2026/09/15 04:23:28.888, 1 %, 3 %, 15836 MiB, 16384 MiB, 61.67 W, 60
2026/09/15 04:23:29.891, 2 %, 3 %, 15836 MiB, 16384 MiB, 61.75 W, 59
2026/09/15 04:23:30.894, 3 %, 4 %, 15836 MiB, 16384 MiB, 48.31 W, 59
2026/09/15 04:23:31.899, 3 %, 4 %, 15836 MiB, 16384 MiB, 48.32 W, 58
2026/09/15 04:23:32.901, 3 %, 4 %, 15836 MiB, 16384 MiB, 47.39 W, 58
2026/09/15 04:23:33.904, 1 %, 2 %, 15836 MiB, 16384 MiB, 50.56 W, 58
2026/09/15 04:23:34.907, 1 %, 2 %, 15836 MiB, 16384 MiB, 47.50 W, 58
2026/09/15 04:23:35.909, 1 %, 2 %, 15836 MiB, 16384 MiB, 47.69 W, 58
2026/09/15 04:23:36.912, 2 %, 3 %, 15836 MiB, 16384 MiB, 47.96 W, 58
2026/09/15 04:23:37.915, 1 %, 2 %, 15836 MiB, 16384 MiB, 47.77 W, 58
2026/09/15 04:23:38.918, 3 %, 4 %, 15836 MiB, 16384 MiB, 48.24 W, 58
2026/09/15 04:23:39.920, 4 %, 4 %, 15836 MiB, 16384 MiB, 48.33 W, 58
2026/09/15 04:23:40.923, 1 %, 2 %, 15836 MiB, 16384 MiB, 50.37 W, 58
2026/09/15 04:23:41.925, 2 %, 3 %, 15836 MiB, 16384 MiB, 50.65 W, 58
2026/09/15 04:23:42.930, 2 %, 3 %, 15836 MiB, 16384 MiB, 47.59 W, 57
2026/09/15 04:23:43.933, 1 %, 2 %, 15836 MiB, 16384 MiB, 47.60 W, 57
2026/09/15 04:23:44.935, 3 %, 4 %, 15836 MiB, 16384 MiB, 47.61 W, 57
2026/09/15 04:23:45.938, 3 %, 4 %, 15836 MiB, 16384 MiB, 47.55 W, 57
2026/09/15 04:23:46.941, 3 %, 4 %, 15836 MiB, 16384 MiB, 47.23 W, 57
2026/09/15 04:23:47.943, 3 %, 4 %, 15836 MiB, 16384 MiB, 47.00 W, 57
2026/09/15 04:23:48.946, 1 %, 2 %, 15836 MiB, 16384 MiB, 49.99 W, 57
2026/09/15 04:23:49.949, 1 %, 2 %, 15836 MiB, 16384 MiB, 46.91 W, 57
2026/09/15 04:23:50.951, 1 %, 2 %, 15836 MiB, 16384 MiB, 47.26 W, 57
2026/09/15 04:23:51.954, 100 %, 6 %, 15836 MiB, 16384 MiB, 66.38 W, 58
2026/09/15 04:23:52.956, 100 %, 9 %, 15836 MiB, 16384 MiB, 61.73 W, 58
2026/09/15 04:23:53.959, 100 %, 6 %, 15836 MiB, 16384 MiB, 66.75 W, 58
2026/09/15 04:23:54.961, 100 %, 6 %, 15836 MiB, 16384 MiB, 66.77 W, 58
2026/09/15 04:23:55.964, 100 %, 6 %, 15836 MiB, 16384 MiB, 67.13 W, 58
2026/09/15 04:23:56.966, 12 %, 4 %, 15836 MiB, 16384 MiB, 61.08 W, 58
2026/09/15 04:23:57.968, 4 %, 4 %, 15836 MiB, 16384 MiB, 59.77 W, 58
2026/09/15 04:23:58.971, 2 %, 3 %, 15836 MiB, 16384 MiB, 51.29 W, 57
2026/09/15 04:23:59.974, 1 %, 3 %, 15836 MiB, 16384 MiB, 48.04 W, 57
2026/09/15 04:24:00.976, 1 %, 2 %, 15836 MiB, 16384 MiB, 47.46 W, 57
2026/09/15 04:24:01.979, 4 %, 4 %, 15836 MiB, 16384 MiB, 47.48 W, 57
2026/09/15 04:24:02.982, 3 %, 4 %, 15836 MiB, 16384 MiB, 47.13 W, 57
2026/09/15 04:24:03.985, 3 %, 4 %, 15836 MiB, 16384 MiB, 47.10 W, 57
2026/09/15 04:24:04.989, 1 %, 2 %, 15836 MiB, 16384 MiB, 49.83 W, 57
2026/09/15 04:24:05.992, 1 %, 2 %, 15836 MiB, 16384 MiB, 47.31 W, 57
2026/09/15 04:24:06.996, 1 %, 2 %, 15836 MiB, 16384 MiB, 47.48 W, 57
2026/09/15 04:24:08.000, 1 %, 3 %, 15836 MiB, 16384 MiB, 47.21 W, 57
2026/09/15 04:24:09.002, 1 %, 2 %, 15836 MiB, 16384 MiB, 47.14 W, 56
2026/09/15 04:24:10.005, 1 %, 2 %, 15836 MiB, 16384 MiB, 47.17 W, 56
2026/09/15 04:24:11.007, 3 %, 4 %, 15836 MiB, 16384 MiB, 47.21 W, 56
2026/09/15 04:24:12.010, 3 %, 4 %, 15836 MiB, 16384 MiB, 46.56 W, 56
2026/09/15 04:24:13.013, 1 %, 2 %, 15836 MiB, 16384 MiB, 49.54 W, 56
2026/09/15 04:24:14.015, 1 %, 2 %, 15836 MiB, 16384 MiB, 49.68 W, 56
2026/09/15 04:24:15.018, 1 %, 2 %, 15836 MiB, 16384 MiB, 46.68 W, 56
2026/09/15 04:24:16.020, 1 %, 2 %, 15836 MiB, 16384 MiB, 46.87 W, 56
2026/09/15 04:24:17.023, 1 %, 2 %, 15836 MiB, 16384 MiB, 46.92 W, 56
2026/09/15 04:24:18.025, 1 %, 2 %, 15836 MiB, 16384 MiB, 47.05 W, 56
2026/09/15 04:24:19.028, 4 %, 4 %, 15836 MiB, 16384 MiB, 47.32 W, 56
2026/09/15 04:24:20.031, 100 %, 9 %, 15836 MiB, 16384 MiB, 61.17 W, 57
2026/09/15 04:24:21.033, 100 %, 9 %, 15836 MiB, 16384 MiB, 60.38 W, 57
2026/09/15 04:24:22.035, 100 %, 6 %, 15836 MiB, 16384 MiB, 65.13 W, 57
2026/09/15 04:24:23.039, 100 %, 6 %, 15836 MiB, 16384 MiB, 65.20 W, 57
2026/09/15 04:24:24.042, 100 %, 8 %, 15836 MiB, 16384 MiB, 65.10 W, 57
2026/09/15 04:24:25.044, 93 %, 9 %, 15836 MiB, 16384 MiB, 58.27 W, 57
2026/09/15 04:24:26.047, 2 %, 3 %, 15836 MiB, 16384 MiB, 59.12 W, 57
2026/09/15 04:24:27.049, 1 %, 3 %, 15836 MiB, 16384 MiB, 47.11 W, 56
2026/09/15 04:24:28.052, 1 %, 2 %, 15836 MiB, 16384 MiB, 47.20 W, 56
2026/09/15 04:24:29.055, 3 %, 4 %, 15836 MiB, 16384 MiB, 47.28 W, 56
2026/09/15 04:24:30.057, 3 %, 4 %, 15836 MiB, 16384 MiB, 47.09 W, 56
2026/09/15 04:24:31.060, 4 %, 5 %, 15836 MiB, 16384 MiB, 46.27 W, 56
2026/09/15 04:24:32.062, 1 %, 2 %, 15836 MiB, 16384 MiB, 49.44 W, 56
2026/09/15 04:24:33.065, 2 %, 3 %, 15836 MiB, 16384 MiB, 46.73 W, 56
2026/09/15 04:24:34.067, 1 %, 2 %, 15836 MiB, 16384 MiB, 46.74 W, 56
2026/09/15 04:24:35.070, 1 %, 2 %, 15836 MiB, 16384 MiB, 46.76 W, 56
2026/09/15 04:24:36.073, 1 %, 2 %, 15836 MiB, 16384 MiB, 46.78 W, 56
2026/09/15 04:24:37.075, 3 %, 4 %, 15836 MiB, 16384 MiB, 46.78 W, 56
2026/09/15 04:24:38.078, 3 %, 4 %, 15836 MiB, 16384 MiB, 47.10 W, 56
2026/09/15 04:24:39.081, 3 %, 4 %, 15836 MiB, 16384 MiB, 46.93 W, 56
2026/09/15 04:24:40.084, 1 %, 2 %, 15836 MiB, 16384 MiB, 50.24 W, 56
2026/09/15 04:24:41.087, 1 %, 2 %, 15836 MiB, 16384 MiB, 50.25 W, 56
2026/09/15 04:24:42.090, 1 %, 2 %, 15836 MiB, 16384 MiB, 49.78 W, 56
2026/09/15 04:24:43.094, 1 %, 2 %, 15836 MiB, 16384 MiB, 46.83 W, 56
2026/09/15 04:24:44.097, 1 %, 2 %, 15836 MiB, 16384 MiB, 46.97 W, 56
2026/09/15 04:24:45.100, 1 %, 2 %, 15836 MiB, 16384 MiB, 46.65 W, 56
2026/09/15 04:24:46.103, 2 %, 3 %, 15836 MiB, 16384 MiB, 46.75 W, 56
2026/09/15 04:24:47.106, 4 %, 4 %, 15836 MiB, 16384 MiB, 46.77 W, 56
2026/09/15 04:24:48.110, 100 %, 7 %, 15836 MiB, 16384 MiB, 65.83 W, 56
2026/09/15 04:24:49.113, 100 %, 9 %, 15836 MiB, 16384 MiB, 59.71 W, 57
2026/09/15 04:24:50.116, 100 %, 6 %, 15836 MiB, 16384 MiB, 65.93 W, 57
2026/09/15 04:24:51.121, 100 %, 6 %, 15836 MiB, 16384 MiB, 65.95 W, 57
2026/09/15 04:24:52.124, 100 %, 6 %, 15836 MiB, 16384 MiB, 65.84 W, 57
2026/09/15 04:24:53.127, 87 %, 9 %, 15836 MiB, 16384 MiB, 58.37 W, 57
2026/09/15 04:24:54.129, 2 %, 3 %, 15836 MiB, 16384 MiB, 64.56 W, 57
2026/09/15 04:24:55.133, 1 %, 2 %, 15836 MiB, 16384 MiB, 47.06 W, 56
2026/09/15 04:24:56.136, 1 %, 2 %, 15836 MiB, 16384 MiB, 46.70 W, 56
2026/09/15 04:24:57.140, 3 %, 4 %, 15836 MiB, 16384 MiB, 46.38 W, 56
2026/09/15 04:24:58.143, 3 %, 4 %, 15836 MiB, 16384 MiB, 46.85 W, 56
2026/09/15 04:24:59.147, 3 %, 4 %, 15836 MiB, 16384 MiB, 47.82 W, 56
2026/09/15 04:25:00.150, 3 %, 5 %, 15836 MiB, 16384 MiB, 47.04 W, 56
2026/09/15 04:25:01.153, 1 %, 3 %, 15836 MiB, 16384 MiB, 50.21 W, 56
2026/09/15 04:25:02.156, 1 %, 2 %, 15836 MiB, 16384 MiB, 46.97 W, 56
2026/09/15 04:25:03.159, 1 %, 2 %, 15836 MiB, 16384 MiB, 47.32 W, 56
2026/09/15 04:25:04.162, 2 %, 3 %, 15836 MiB, 16384 MiB, 47.24 W, 56
2026/09/15 04:25:05.166, 1 %, 2 %, 15836 MiB, 16384 MiB, 47.06 W, 56
2026/09/15 04:25:06.169, 4 %, 5 %, 15836 MiB, 16384 MiB, 47.30 W, 56
2026/09/15 04:25:07.172, 3 %, 4 %, 15836 MiB, 16384 MiB, 47.03 W, 56
2026/09/15 04:25:08.175, 1 %, 2 %, 15836 MiB, 16384 MiB, 50.47 W, 56
2026/09/15 04:25:09.179, 1 %, 2 %, 15836 MiB, 16384 MiB, 50.94 W, 56
2026/09/15 04:25:10.182, 1 %, 2 %, 15836 MiB, 16384 MiB, 47.28 W, 56
2026/09/15 04:25:11.185, 1 %, 2 %, 15836 MiB, 16384 MiB, 47.15 W, 55
2026/09/15 04:25:12.188, 1 %, 2 %, 15836 MiB, 16384 MiB, 47.39 W, 55
2026/09/15 04:25:13.192, 1 %, 2 %, 15836 MiB, 16384 MiB, 46.98 W, 55
2026/09/15 04:25:14.196, 3 %, 4 %, 15836 MiB, 16384 MiB, 47.01 W, 55
2026/09/15 04:25:15.198, 3 %, 4 %, 15836 MiB, 16384 MiB, 47.08 W, 55
2026/09/15 04:25:16.201, 100 %, 6 %, 15836 MiB, 16384 MiB, 65.86 W, 56
2026/09/15 04:25:17.203, 100 %, 6 %, 15836 MiB, 16384 MiB, 65.93 W, 56
2026/09/15 04:25:18.206, 100 %, 9 %, 15836 MiB, 16384 MiB, 66.06 W, 56
2026/09/15 04:25:19.208, 100 %, 9 %, 15836 MiB, 16384 MiB, 61.12 W, 57
2026/09/15 04:25:20.211, 100 %, 6 %, 15836 MiB, 16384 MiB, 67.08 W, 57
2026/09/15 04:25:21.215, 100 %, 6 %, 15836 MiB, 16384 MiB, 64.66 W, 57
2026/09/15 04:25:22.217, 2 %, 3 %, 15836 MiB, 16384 MiB, 59.12 W, 57
2026/09/15 04:25:23.220, 1 %, 2 %, 15836 MiB, 16384 MiB, 46.76 W, 56
2026/09/15 04:25:24.222, 3 %, 4 %, 15836 MiB, 16384 MiB, 46.71 W, 56
2026/09/15 04:25:25.225, 3 %, 4 %, 15836 MiB, 16384 MiB, 46.46 W, 56
2026/09/15 04:25:26.227, 1 %, 2 %, 15836 MiB, 16384 MiB, 49.98 W, 56
2026/09/15 04:25:27.230, 1 %, 3 %, 15836 MiB, 16384 MiB, 50.00 W, 56
2026/09/15 04:25:28.233, 1 %, 2 %, 15836 MiB, 16384 MiB, 46.69 W, 56
2026/09/15 04:25:29.235, 2 %, 3 %, 15836 MiB, 16384 MiB, 46.86 W, 56
2026/09/15 04:25:30.238, 1 %, 2 %, 15836 MiB, 16384 MiB, 46.68 W, 56
2026/09/15 04:25:31.240, 3 %, 4 %, 15836 MiB, 16384 MiB, 46.69 W, 55
2026/09/15 04:25:32.243, 3 %, 4 %, 15836 MiB, 16384 MiB, 46.88 W, 56
2026/09/15 04:25:33.245, 4 %, 5 %, 15836 MiB, 16384 MiB, 46.66 W, 55
2026/09/15 04:25:34.248, 3 %, 4 %, 15836 MiB, 16384 MiB, 46.49 W, 55
2026/09/15 04:25:35.251, 1 %, 2 %, 15836 MiB, 16384 MiB, 49.89 W, 56
2026/09/15 04:25:36.253, 1 %, 2 %, 15836 MiB, 16384 MiB, 46.79 W, 56
2026/09/15 04:25:37.256, 1 %, 2 %, 15836 MiB, 16384 MiB, 46.67 W, 55
2026/09/15 04:25:38.258, 1 %, 2 %, 15836 MiB, 16384 MiB, 46.69 W, 55
2026/09/15 04:25:39.261, 3 %, 4 %, 15836 MiB, 16384 MiB, 47.19 W, 55
2026/09/15 04:25:40.263, 3 %, 4 %, 15836 MiB, 16384 MiB, 47.52 W, 55
2026/09/15 04:25:41.266, 4 %, 4 %, 15836 MiB, 16384 MiB, 46.85 W, 55
2026/09/15 04:25:42.268, 2 %, 3 %, 15836 MiB, 16384 MiB, 50.32 W, 55
2026/09/15 04:25:43.271, 1 %, 2 %, 15836 MiB, 16384 MiB, 50.02 W, 55
2026/09/15 04:25:44.274, 0 %, 0 %, 15836 MiB, 16384 MiB, 56.35 W, 56
2026/09/15 04:25:45.276, 0 %, 0 %, 15836 MiB, 16384 MiB, 56.40 W, 56
2026/09/15 04:25:46.278, 0 %, 0 %, 15836 MiB, 16384 MiB, 45.52 W, 55
2026/09/15 04:25:47.281, 0 %, 0 %, 15836 MiB, 16384 MiB, 45.31 W, 55
2026/09/15 04:25:48.283, 0 %, 0 %, 15836 MiB, 16384 MiB, 45.31 W, 55
2026/09/15 04:25:49.286, 0 %, 0 %, 15836 MiB, 16384 MiB, 45.33 W, 55
2026/09/15 04:25:50.288, 0 %, 0 %, 15836 MiB, 16384 MiB, 45.44 W, 55
2026/09/15 04:25:51.291, 0 %, 0 %, 15836 MiB, 16384 MiB, 45.39 W, 55
2026/09/15 04:25:52.293, 0 %, 0 %, 15836 MiB, 16384 MiB, 45.34 W, 55
2026/09/15 04:25:53.295, 0 %, 0 %, 15836 MiB, 16384 MiB, 45.14 W, 55
2026/09/15 04:25:54.298, 0 %, 0 %, 15836 MiB, 16384 MiB, 45.31 W, 55
2026/09/15 04:25:55.300, 0 %, 0 %, 15836 MiB, 16384 MiB, 45.28 W, 55
2026/09/15 04:25:56.302, 0 %, 0 %, 15836 MiB, 16384 MiB, 45.17 W, 55
2026/09/15 04:25:57.305, 0 %, 0 %, 15836 MiB, 16384 MiB, 45.29 W, 55
2026/09/15 04:25:58.308, 0 %, 0 %, 15836 MiB, 16384 MiB, 45.35 W, 55
2026/09/15 04:25:59.310, 100 %, 8 %, 15836 MiB, 16384 MiB, 61.68 W, 56
2026/09/15 04:26:00.313, 100 %, 7 %, 15836 MiB, 16384 MiB, 69.37 W, 56
2026/09/15 04:26:01.316, 100 %, 9 %, 15836 MiB, 16384 MiB, 61.40 W, 56
2026/09/15 04:26:02.319, 100 %, 6 %, 15836 MiB, 16384 MiB, 68.30 W, 56
2026/09/15 04:26:03.323, 100 %, 9 %, 15836 MiB, 16384 MiB, 67.62 W, 56
2026/09/15 04:26:04.326, 100 %, 6 %, 15836 MiB, 16384 MiB, 68.24 W, 56
2026/09/15 04:26:05.329, 1 %, 2 %, 15836 MiB, 16384 MiB, 66.49 W, 56
2026/09/15 04:26:06.332, 2 %, 3 %, 15836 MiB, 16384 MiB, 59.19 W, 56
2026/09/15 04:26:07.334, 1 %, 2 %, 15836 MiB, 16384 MiB, 46.64 W, 56
2026/09/15 04:26:08.337, 6 %, 5 %, 15836 MiB, 16384 MiB, 46.86 W, 56
2026/09/15 04:26:09.340, 6 %, 4 %, 15836 MiB, 16384 MiB, 46.69 W, 56
2026/09/15 04:26:10.343, 7 %, 5 %, 15836 MiB, 16384 MiB, 46.25 W, 56
2026/09/15 04:26:11.346, 1 %, 2 %, 15836 MiB, 16384 MiB, 51.92 W, 56
2026/09/15 04:26:12.349, 1 %, 2 %, 15836 MiB, 16384 MiB, 46.91 W, 56
2026/09/15 04:26:13.352, 1 %, 3 %, 15836 MiB, 16384 MiB, 47.05 W, 56
2026/09/15 04:26:14.355, 1 %, 2 %, 15836 MiB, 16384 MiB, 47.01 W, 55
2026/09/15 04:26:15.358, 6 %, 4 %, 15836 MiB, 16384 MiB, 46.78 W, 55
2026/09/15 04:26:16.360, 7 %, 5 %, 15836 MiB, 16384 MiB, 46.98 W, 55
2026/09/15 04:26:17.364, 1 %, 2 %, 15836 MiB, 16384 MiB, 51.72 W, 55
2026/09/15 04:26:18.367, 2 %, 3 %, 15836 MiB, 16384 MiB, 49.23 W, 55
2026/09/15 04:26:19.370, 2 %, 3 %, 15836 MiB, 16384 MiB, 46.81 W, 55
2026/09/15 04:26:20.374, 1 %, 2 %, 15836 MiB, 16384 MiB, 47.54 W, 55
2026/09/15 04:26:21.377, 6 %, 4 %, 15836 MiB, 16384 MiB, 47.39 W, 55
2026/09/15 04:26:22.380, 7 %, 4 %, 15836 MiB, 16384 MiB, 47.05 W, 55
2026/09/15 04:26:23.383, 6 %, 4 %, 15836 MiB, 16384 MiB, 47.28 W, 55
2026/09/15 04:26:24.386, 6 %, 4 %, 15836 MiB, 16384 MiB, 46.75 W, 55
2026/09/15 04:26:25.389, 1 %, 2 %, 15836 MiB, 16384 MiB, 51.56 W, 55
2026/09/15 04:26:26.392, 1 %, 2 %, 15836 MiB, 16384 MiB, 46.77 W, 55
2026/09/15 04:26:27.395, 1 %, 2 %, 15836 MiB, 16384 MiB, 46.88 W, 55
2026/09/15 04:26:28.398, 100 %, 9 %, 15836 MiB, 16384 MiB, 59.66 W, 56
2026/09/15 04:26:29.402, 100 %, 6 %, 15836 MiB, 16384 MiB, 59.85 W, 56
2026/09/15 04:26:30.406, 100 %, 6 %, 15836 MiB, 16384 MiB, 65.08 W, 56
2026/09/15 04:26:31.408, 100 %, 6 %, 15836 MiB, 16384 MiB, 65.07 W, 56
2026/09/15 04:26:32.411, 100 %, 9 %, 15836 MiB, 16384 MiB, 59.66 W, 57
2026/09/15 04:26:33.413, 34 %, 5 %, 15836 MiB, 16384 MiB, 59.24 W, 56
2026/09/15 04:26:34.416, 2 %, 3 %, 15836 MiB, 16384 MiB, 57.99 W, 57
2026/09/15 04:26:35.418, 2 %, 3 %, 15836 MiB, 16384 MiB, 49.63 W, 56
2026/09/15 04:26:36.421, 1 %, 3 %, 15836 MiB, 16384 MiB, 46.46 W, 56
2026/09/15 04:26:37.423, 1 %, 2 %, 15836 MiB, 16384 MiB, 46.40 W, 56
2026/09/15 04:26:38.426, 1 %, 2 %, 15836 MiB, 16384 MiB, 46.71 W, 56
2026/09/15 04:26:39.428, 3 %, 4 %, 15836 MiB, 16384 MiB, 46.34 W, 56
2026/09/15 04:26:40.431, 3 %, 4 %, 15836 MiB, 16384 MiB, 47.23 W, 56
2026/09/15 04:26:41.433, 4 %, 5 %, 15836 MiB, 16384 MiB, 46.88 W, 56
2026/09/15 04:26:42.435, 1 %, 2 %, 15836 MiB, 16384 MiB, 49.51 W, 56
2026/09/15 04:26:43.438, 1 %, 2 %, 15836 MiB, 16384 MiB, 49.59 W, 56
2026/09/15 04:26:44.441, 1 %, 2 %, 15836 MiB, 16384 MiB, 46.49 W, 56
2026/09/15 04:26:45.443, 1 %, 2 %, 15836 MiB, 16384 MiB, 46.74 W, 56
2026/09/15 04:26:46.446, 1 %, 2 %, 15836 MiB, 16384 MiB, 46.62 W, 56
2026/09/15 04:26:47.448, 4 %, 4 %, 15836 MiB, 16384 MiB, 46.66 W, 56
2026/09/15 04:26:48.451, 3 %, 4 %, 15836 MiB, 16384 MiB, 46.76 W, 56
2026/09/15 04:26:49.454, 4 %, 5 %, 15836 MiB, 16384 MiB, 46.62 W, 55
2026/09/15 04:26:50.456, 1 %, 2 %, 15836 MiB, 16384 MiB, 46.27 W, 55
2026/09/15 04:26:51.459, 1 %, 2 %, 15836 MiB, 16384 MiB, 49.42 W, 55
2026/09/15 04:26:52.461, 1 %, 2 %, 15836 MiB, 16384 MiB, 46.48 W, 55
2026/09/15 04:26:53.464, 1 %, 2 %, 15836 MiB, 16384 MiB, 46.57 W, 56
2026/09/15 04:26:54.466, 1 %, 2 %, 15836 MiB, 16384 MiB, 46.62 W, 55
2026/09/15 04:26:55.469, 1 %, 2 %, 15836 MiB, 16384 MiB, 46.41 W, 55
2026/09/15 04:26:56.471, 100 %, 6 %, 15836 MiB, 16384 MiB, 67.15 W, 56
2026/09/15 04:26:57.475, 100 %, 9 %, 15836 MiB, 16384 MiB, 59.46 W, 56
2026/09/15 04:26:58.478, 100 %, 6 %, 15836 MiB, 16384 MiB, 67.06 W, 56
2026/09/15 04:26:59.481, 100 %, 9 %, 15836 MiB, 16384 MiB, 66.80 W, 57
2026/09/15 04:27:00.485, 100 %, 6 %, 15836 MiB, 16384 MiB, 62.22 W, 57
2026/09/15 04:27:01.488, 100 %, 6 %, 15836 MiB, 16384 MiB, 67.14 W, 57
2026/09/15 04:27:02.492, 2 %, 3 %, 15836 MiB, 16384 MiB, 60.19 W, 57
2026/09/15 04:27:03.495, 4 %, 4 %, 15836 MiB, 16384 MiB, 46.77 W, 56
2026/09/15 04:27:04.499, 5 %, 4 %, 15836 MiB, 16384 MiB, 47.17 W, 56
2026/09/15 04:27:05.502, 6 %, 5 %, 15836 MiB, 16384 MiB, 46.84 W, 56
2026/09/15 04:27:06.506, 1 %, 2 %, 15836 MiB, 16384 MiB, 51.26 W, 56
2026/09/15 04:27:07.510, 1 %, 2 %, 15836 MiB, 16384 MiB, 49.96 W, 56
2026/09/15 04:27:08.513, 1 %, 2 %, 15836 MiB, 16384 MiB, 47.00 W, 56
2026/09/15 04:27:09.517, 1 %, 2 %, 15836 MiB, 16384 MiB, 47.09 W, 56
2026/09/15 04:27:10.521, 3 %, 4 %, 15836 MiB, 16384 MiB, 47.09 W, 56
2026/09/15 04:27:11.524, 5 %, 4 %, 15836 MiB, 16384 MiB, 47.25 W, 56
2026/09/15 04:27:12.527, 5 %, 4 %, 15836 MiB, 16384 MiB, 47.47 W, 56
2026/09/15 04:27:13.530, 2 %, 3 %, 15836 MiB, 16384 MiB, 51.36 W, 56
2026/09/15 04:27:14.534, 1 %, 2 %, 15836 MiB, 16384 MiB, 46.72 W, 55
2026/09/15 04:27:15.537, 1 %, 2 %, 15836 MiB, 16384 MiB, 47.16 W, 55
2026/09/15 04:27:16.539, 1 %, 2 %, 15836 MiB, 16384 MiB, 46.98 W, 56
2026/09/15 04:27:17.542, 6 %, 4 %, 15836 MiB, 16384 MiB, 47.19 W, 55
2026/09/15 04:27:18.546, 5 %, 4 %, 15836 MiB, 16384 MiB, 47.33 W, 55
2026/09/15 04:27:19.549, 5 %, 4 %, 15836 MiB, 16384 MiB, 47.04 W, 55
2026/09/15 04:27:20.552, 1 %, 2 %, 15836 MiB, 16384 MiB, 51.35 W, 56
2026/09/15 04:27:21.555, 2 %, 3 %, 15836 MiB, 16384 MiB, 50.33 W, 55
2026/09/15 04:27:22.558, 2 %, 3 %, 15836 MiB, 16384 MiB, 47.72 W, 55
2026/09/15 04:27:23.561, 2 %, 3 %, 15836 MiB, 16384 MiB, 46.97 W, 55
2026/09/15 04:27:24.564, 95 %, 13 %, 15836 MiB, 16384 MiB, 64.90 W, 56
2026/09/15 04:27:25.567, 100 %, 6 %, 15836 MiB, 16384 MiB, 59.83 W, 56
2026/09/15 04:27:26.571, 100 %, 6 %, 15836 MiB, 16384 MiB, 65.43 W, 56
2026/09/15 04:27:27.575, 100 %, 6 %, 15836 MiB, 16384 MiB, 65.46 W, 56
2026/09/15 04:27:28.578, 100 %, 9 %, 15836 MiB, 16384 MiB, 63.42 W, 57
2026/09/15 04:27:29.581, 100 %, 6 %, 15836 MiB, 16384 MiB, 59.76 W, 57
2026/09/15 04:27:30.584, 1 %, 2 %, 15836 MiB, 16384 MiB, 58.00 W, 57
2026/09/15 04:27:31.587, 2 %, 3 %, 15836 MiB, 16384 MiB, 59.57 W, 57
2026/09/15 04:27:32.590, 1 %, 3 %, 15836 MiB, 16384 MiB, 47.07 W, 56
2026/09/15 04:27:33.593, 4 %, 5 %, 15836 MiB, 16384 MiB, 47.31 W, 56
2026/09/15 04:27:34.597, 4 %, 4 %, 15836 MiB, 16384 MiB, 47.06 W, 56
2026/09/15 04:27:35.600, 4 %, 4 %, 15836 MiB, 16384 MiB, 46.54 W, 56
2026/09/15 04:27:36.603, 1 %, 2 %, 15836 MiB, 16384 MiB, 49.91 W, 56
2026/09/15 04:27:37.606, 1 %, 2 %, 15836 MiB, 16384 MiB, 50.01 W, 56
2026/09/15 04:27:38.609, 1 %, 3 %, 15836 MiB, 16384 MiB, 46.74 W, 56
2026/09/15 04:27:39.613, 1 %, 3 %, 15836 MiB, 16384 MiB, 46.79 W, 56
2026/09/15 04:27:40.615, 1 %, 2 %, 15836 MiB, 16384 MiB, 46.69 W, 56
2026/09/15 04:27:41.619, 4 %, 4 %, 15836 MiB, 16384 MiB, 47.44 W, 56
2026/09/15 04:27:42.622, 4 %, 4 %, 15836 MiB, 16384 MiB, 47.06 W, 56
2026/09/15 04:27:43.627, 4 %, 4 %, 15836 MiB, 16384 MiB, 46.96 W, 56
2026/09/15 04:27:44.630, 4 %, 4 %, 15836 MiB, 16384 MiB, 47.24 W, 55
2026/09/15 04:27:45.632, 4 %, 5 %, 15836 MiB, 16384 MiB, 46.58 W, 56
2026/09/15 04:27:46.635, 1 %, 2 %, 15836 MiB, 16384 MiB, 46.54 W, 55
2026/09/15 04:27:47.639, 1 %, 2 %, 15836 MiB, 16384 MiB, 46.76 W, 55
2026/09/15 04:27:48.641, 1 %, 2 %, 15836 MiB, 16384 MiB, 46.76 W, 55
2026/09/15 04:27:49.644, 2 %, 3 %, 15836 MiB, 16384 MiB, 47.03 W, 55
2026/09/15 04:27:50.648, 2 %, 3 %, 15836 MiB, 16384 MiB, 46.85 W, 55
2026/09/15 04:27:51.651, 4 %, 5 %, 15836 MiB, 16384 MiB, 46.15 W, 55
2026/09/15 04:27:52.654, 55 %, 9 %, 15836 MiB, 16384 MiB, 54.70 W, 55
2026/09/15 04:27:53.666, 100 %, 6 %, 15836 MiB, 16384 MiB, 60.01 W, 56
2026/09/15 04:27:54.668, 100 %, 9 %, 15836 MiB, 16384 MiB, 59.78 W, 56
2026/09/15 04:27:55.671, 100 %, 6 %, 15836 MiB, 16384 MiB, 65.54 W, 56
2026/09/15 04:27:56.674, 100 %, 6 %, 15836 MiB, 16384 MiB, 65.27 W, 56
2026/09/15 04:27:57.676, 100 %, 6 %, 15836 MiB, 16384 MiB, 59.99 W, 56
2026/09/15 04:27:58.679, 1 %, 3 %, 15836 MiB, 16384 MiB, 59.44 W, 56
2026/09/15 04:27:59.681, 2 %, 3 %, 15836 MiB, 16384 MiB, 59.31 W, 56
2026/09/15 04:28:00.683, 4 %, 4 %, 15836 MiB, 16384 MiB, 46.16 W, 56
2026/09/15 04:28:01.688, 4 %, 4 %, 15836 MiB, 16384 MiB, 50.54 W, 56
2026/09/15 04:28:02.690, 4 %, 4 %, 15836 MiB, 16384 MiB, 47.25 W, 56
2026/09/15 04:28:03.693, 1 %, 2 %, 15836 MiB, 16384 MiB, 46.70 W, 56
2026/09/15 04:28:04.696, 1 %, 2 %, 15836 MiB, 16384 MiB, 46.87 W, 56
2026/09/15 04:28:05.699, 1 %, 2 %, 15836 MiB, 16384 MiB, 46.73 W, 56
2026/09/15 04:28:06.702, 1 %, 3 %, 15836 MiB, 16384 MiB, 46.85 W, 56
2026/09/15 04:28:07.705, 1 %, 3 %, 15836 MiB, 16384 MiB, 46.67 W, 56
2026/09/15 04:28:08.708, 1 %, 2 %, 15836 MiB, 16384 MiB, 46.81 W, 56
2026/09/15 04:28:09.712, 3 %, 4 %, 15836 MiB, 16384 MiB, 46.25 W, 55
2026/09/15 04:28:10.715, 3 %, 4 %, 15836 MiB, 16384 MiB, 50.01 W, 55
2026/09/15 04:28:11.718, 4 %, 5 %, 15836 MiB, 16384 MiB, 46.83 W, 55
2026/09/15 04:28:12.721, 1 %, 2 %, 15836 MiB, 16384 MiB, 46.83 W, 56
2026/09/15 04:28:13.725, 1 %, 2 %, 15836 MiB, 16384 MiB, 46.78 W, 55
2026/09/15 04:28:14.728, 1 %, 2 %, 15836 MiB, 16384 MiB, 46.76 W, 55
2026/09/15 04:28:15.730, 1 %, 2 %, 15836 MiB, 16384 MiB, 46.64 W, 55
2026/09/15 04:28:16.733, 1 %, 2 %, 15836 MiB, 16384 MiB, 46.51 W, 55
2026/09/15 04:28:17.737, 4 %, 4 %, 15836 MiB, 16384 MiB, 49.73 W, 55
2026/09/15 04:28:18.740, 4 %, 4 %, 15836 MiB, 16384 MiB, 50.00 W, 55
2026/09/15 04:28:19.743, 1 %, 2 %, 15836 MiB, 16384 MiB, 46.64 W, 55
2026/09/15 04:28:20.746, 1 %, 2 %, 15836 MiB, 16384 MiB, 46.93 W, 55
2026/09/15 04:28:21.749, 100 %, 9 %, 15836 MiB, 16384 MiB, 64.43 W, 56
2026/09/15 04:28:22.753, 100 %, 6 %, 15836 MiB, 16384 MiB, 66.76 W, 56
2026/09/15 04:28:23.756, 100 %, 6 %, 15836 MiB, 16384 MiB, 65.33 W, 56
2026/09/15 04:28:24.759, 100 %, 9 %, 15836 MiB, 16384 MiB, 59.60 W, 56
2026/09/15 04:28:25.764, 100 %, 9 %, 15836 MiB, 16384 MiB, 65.58 W, 57
2026/09/15 04:28:26.767, 2 %, 3 %, 15836 MiB, 16384 MiB, 59.76 W, 56
2026/09/15 04:28:27.769, 3 %, 4 %, 15836 MiB, 16384 MiB, 63.25 W, 56
2026/09/15 04:28:28.772, 4 %, 4 %, 15836 MiB, 16384 MiB, 46.81 W, 56
2026/09/15 04:28:29.776, 1 %, 2 %, 15836 MiB, 16384 MiB, 46.88 W, 56
2026/09/15 04:28:30.780, 1 %, 2 %, 15836 MiB, 16384 MiB, 46.75 W, 56
2026/09/15 04:28:31.783, 1 %, 3 %, 15836 MiB, 16384 MiB, 46.82 W, 56
2026/09/15 04:28:32.787, 1 %, 2 %, 15836 MiB, 16384 MiB, 46.83 W, 56
2026/09/15 04:28:33.790, 1 %, 2 %, 15836 MiB, 16384 MiB, 46.62 W, 56
2026/09/15 04:28:34.793, 4 %, 4 %, 15836 MiB, 16384 MiB, 49.62 W, 56
2026/09/15 04:28:35.796, 4 %, 4 %, 15836 MiB, 16384 MiB, 50.16 W, 56
2026/09/15 04:28:36.799, 4 %, 5 %, 15836 MiB, 16384 MiB, 46.76 W, 56
2026/09/15 04:28:37.803, 2 %, 3 %, 15836 MiB, 16384 MiB, 46.88 W, 55
2026/09/15 04:28:38.806, 1 %, 2 %, 15836 MiB, 16384 MiB, 46.89 W, 55
2026/09/15 04:28:39.810, 2 %, 3 %, 15836 MiB, 16384 MiB, 46.81 W, 55
2026/09/15 04:28:40.813, 1 %, 2 %, 15836 MiB, 16384 MiB, 46.85 W, 55
2026/09/15 04:28:41.816, 4 %, 4 %, 15836 MiB, 16384 MiB, 49.63 W, 55
2026/09/15 04:28:42.819, 4 %, 4 %, 15836 MiB, 16384 MiB, 49.09 W, 55
2026/09/15 04:28:43.822, 1 %, 2 %, 15836 MiB, 16384 MiB, 47.15 W, 55
2026/09/15 04:28:44.826, 1 %, 2 %, 15836 MiB, 16384 MiB, 46.64 W, 55
2026/09/15 04:28:45.829, 1 %, 2 %, 15836 MiB, 16384 MiB, 46.79 W, 55
2026/09/15 04:28:46.833, 1 %, 3 %, 15836 MiB, 16384 MiB, 46.75 W, 55
2026/09/15 04:28:47.835, 1 %, 2 %, 15836 MiB, 16384 MiB, 46.83 W, 55
2026/09/15 04:28:48.839, 4 %, 4 %, 15836 MiB, 16384 MiB, 49.53 W, 55
2026/09/15 04:28:49.842, 100 %, 8 %, 15836 MiB, 16384 MiB, 65.32 W, 56
2026/09/15 04:28:50.846, 100 %, 6 %, 15836 MiB, 16384 MiB, 65.31 W, 56
2026/09/15 04:28:51.848, 100 %, 6 %, 15836 MiB, 16384 MiB, 65.34 W, 56
2026/09/15 04:28:52.852, 100 %, 9 %, 15836 MiB, 16384 MiB, 59.83 W, 56
2026/09/15 04:28:53.855, 100 %, 6 %, 15836 MiB, 16384 MiB, 65.47 W, 57
2026/09/15 04:28:54.858, 100 %, 6 %, 15836 MiB, 16384 MiB, 65.63 W, 56
2026/09/15 04:28:55.862, 2 %, 3 %, 15836 MiB, 16384 MiB, 59.65 W, 56
2026/09/15 04:28:56.865, 1 %, 2 %, 15836 MiB, 16384 MiB, 47.19 W, 56
2026/09/15 04:28:57.868, 4 %, 4 %, 15836 MiB, 16384 MiB, 49.84 W, 56
2026/09/15 04:28:58.871, 4 %, 4 %, 15836 MiB, 16384 MiB, 46.87 W, 56
2026/09/15 04:28:59.874, 1 %, 2 %, 15836 MiB, 16384 MiB, 46.90 W, 56
2026/09/15 04:29:00.878, 1 %, 2 %, 15836 MiB, 16384 MiB, 47.01 W, 56
2026/09/15 04:29:01.881, 1 %, 2 %, 15836 MiB, 16384 MiB, 46.65 W, 56
2026/09/15 04:29:02.884, 2 %, 3 %, 15836 MiB, 16384 MiB, 47.52 W, 56
2026/09/15 04:29:03.887, 1 %, 2 %, 15836 MiB, 16384 MiB, 47.01 W, 56
2026/09/15 04:29:04.890, 1 %, 2 %, 15836 MiB, 16384 MiB, 46.86 W, 55
2026/09/15 04:29:05.894, 4 %, 4 %, 15836 MiB, 16384 MiB, 46.23 W, 55
2026/09/15 04:29:06.897, 4 %, 4 %, 15836 MiB, 16384 MiB, 49.65 W, 55
2026/09/15 04:29:07.900, 4 %, 5 %, 15836 MiB, 16384 MiB, 46.59 W, 55
2026/09/15 04:29:08.903, 1 %, 2 %, 15836 MiB, 16384 MiB, 46.56 W, 55
2026/09/15 04:29:09.906, 1 %, 2 %, 15836 MiB, 16384 MiB, 46.64 W, 55
2026/09/15 04:29:10.909, 1 %, 3 %, 15836 MiB, 16384 MiB, 46.71 W, 55
2026/09/15 04:29:11.913, 1 %, 2 %, 15836 MiB, 16384 MiB, 46.78 W, 55
2026/09/15 04:29:12.916, 1 %, 2 %, 15836 MiB, 16384 MiB, 46.46 W, 55
2026/09/15 04:29:13.919, 4 %, 5 %, 15836 MiB, 16384 MiB, 49.71 W, 55
2026/09/15 04:29:14.922, 4 %, 4 %, 15836 MiB, 16384 MiB, 49.36 W, 55
2026/09/15 04:29:15.925, 4 %, 5 %, 15836 MiB, 16384 MiB, 49.40 W, 55
2026/09/15 04:29:16.929, 4 %, 5 %, 15836 MiB, 16384 MiB, 46.12 W, 55
2026/09/15 04:29:17.932, 100 %, 9 %, 15836 MiB, 16384 MiB, 59.44 W, 56
2026/09/15 04:29:18.936, 100 %, 6 %, 15836 MiB, 16384 MiB, 64.96 W, 56
2026/09/15 04:29:19.939, 100 %, 6 %, 15836 MiB, 16384 MiB, 59.92 W, 56
2026/09/15 04:29:20.943, 100 %, 9 %, 15836 MiB, 16384 MiB, 65.55 W, 56
2026/09/15 04:29:21.947, 100 %, 9 %, 15836 MiB, 16384 MiB, 65.77 W, 56
2026/09/15 04:29:22.950, 100 %, 6 %, 15836 MiB, 16384 MiB, 65.67 W, 57
2026/09/15 04:29:23.954, 1 %, 2 %, 15836 MiB, 16384 MiB, 59.15 W, 56
2026/09/15 04:29:24.957, 4 %, 4 %, 15836 MiB, 16384 MiB, 53.87 W, 56
2026/09/15 04:29:25.961, 1 %, 2 %, 15836 MiB, 16384 MiB, 50.19 W, 56
2026/09/15 04:29:26.965, 1 %, 3 %, 15836 MiB, 16384 MiB, 46.70 W, 56
2026/09/15 04:29:27.971, 1 %, 2 %, 15836 MiB, 16384 MiB, 46.31 W, 56
2026/09/15 04:29:28.974, 1 %, 3 %, 15836 MiB, 16384 MiB, 46.62 W, 55
2026/09/15 04:29:29.978, 1 %, 2 %, 15836 MiB, 16384 MiB, 46.33 W, 55
2026/09/15 04:29:30.981, 1 %, 2 %, 15836 MiB, 16384 MiB, 46.63 W, 55
2026/09/15 04:29:31.984, 4 %, 4 %, 15836 MiB, 16384 MiB, 46.49 W, 55
2026/09/15 04:29:32.986, 4 %, 4 %, 15836 MiB, 16384 MiB, 46.50 W, 55
2026/09/15 04:29:33.989, 4 %, 4 %, 15836 MiB, 16384 MiB, 46.57 W, 55
2026/09/15 04:29:34.991, 2 %, 3 %, 15836 MiB, 16384 MiB, 50.02 W, 55
2026/09/15 04:29:35.994, 1 %, 2 %, 15836 MiB, 16384 MiB, 46.40 W, 55
2026/09/15 04:29:36.997, 1 %, 2 %, 15836 MiB, 16384 MiB, 46.68 W, 55
2026/09/15 04:29:38.000, 1 %, 2 %, 15836 MiB, 16384 MiB, 46.67 W, 55
2026/09/15 04:29:39.002, 1 %, 2 %, 15836 MiB, 16384 MiB, 46.56 W, 55
2026/09/15 04:29:40.005, 4 %, 4 %, 15836 MiB, 16384 MiB, 46.48 W, 55
2026/09/15 04:29:41.007, 4 %, 5 %, 15836 MiB, 16384 MiB, 46.64 W, 55
2026/09/15 04:29:42.010, 4 %, 4 %, 15836 MiB, 16384 MiB, 46.06 W, 55
2026/09/15 04:29:43.013, 4 %, 5 %, 15836 MiB, 16384 MiB, 49.28 W, 55
2026/09/15 04:29:44.015, 1 %, 2 %, 15836 MiB, 16384 MiB, 49.53 W, 55
2026/09/15 04:29:45.018, 1 %, 2 %, 15836 MiB, 16384 MiB, 47.05 W, 55
2026/09/15 04:29:46.021, 100 %, 6 %, 15836 MiB, 16384 MiB, 63.77 W, 56
2026/09/15 04:29:47.023, 100 %, 9 %, 15836 MiB, 16384 MiB, 59.34 W, 56
2026/09/15 04:29:48.025, 100 %, 9 %, 15836 MiB, 16384 MiB, 59.26 W, 56
2026/09/15 04:29:49.028, 100 %, 6 %, 15836 MiB, 16384 MiB, 64.56 W, 56
2026/09/15 04:29:50.030, 100 %, 6 %, 15836 MiB, 16384 MiB, 64.39 W, 56
2026/09/15 04:29:51.033, 100 %, 6 %, 15836 MiB, 16384 MiB, 64.42 W, 56
2026/09/15 04:29:52.035, 2 %, 3 %, 15836 MiB, 16384 MiB, 58.64 W, 56
2026/09/15 04:29:53.038, 3 %, 4 %, 15836 MiB, 16384 MiB, 63.23 W, 56
2026/09/15 04:29:54.040, 1 %, 2 %, 15836 MiB, 16384 MiB, 46.50 W, 56
2026/09/15 04:29:55.043, 1 %, 2 %, 15836 MiB, 16384 MiB, 46.72 W, 56
2026/09/15 04:29:56.046, 1 %, 3 %, 15836 MiB, 16384 MiB, 46.83 W, 55
2026/09/15 04:29:57.048, 1 %, 2 %, 15836 MiB, 16384 MiB, 46.61 W, 55
2026/09/15 04:29:58.051, 1 %, 2 %, 15836 MiB, 16384 MiB, 46.24 W, 55
2026/09/15 04:29:59.053, 1 %, 2 %, 15836 MiB, 16384 MiB, 46.43 W, 55
2026/09/15 04:30:00.056, 3 %, 4 %, 15836 MiB, 16384 MiB, 46.13 W, 55
2026/09/15 04:30:01.058, 3 %, 4 %, 15836 MiB, 16384 MiB, 49.31 W, 55
2026/09/15 04:30:02.061, 3 %, 4 %, 15836 MiB, 16384 MiB, 46.41 W, 55
2026/09/15 04:30:03.065, 2 %, 3 %, 15836 MiB, 16384 MiB, 46.68 W, 55
2026/09/15 04:30:04.068, 1 %, 2 %, 15836 MiB, 16384 MiB, 46.55 W, 55
2026/09/15 04:30:05.071, 1 %, 2 %, 15836 MiB, 16384 MiB, 47.13 W, 55
2026/09/15 04:30:06.075, 1 %, 2 %, 15836 MiB, 16384 MiB, 47.06 W, 55
2026/09/15 04:30:07.078, 1 %, 2 %, 15836 MiB, 16384 MiB, 46.63 W, 55
2026/09/15 04:30:08.081, 3 %, 4 %, 15836 MiB, 16384 MiB, 45.98 W, 55
2026/09/15 04:30:09.087, 3 %, 4 %, 15836 MiB, 16384 MiB, 48.65 W, 55
2026/09/15 04:30:10.090, 3 %, 4 %, 15836 MiB, 16384 MiB, 48.75 W, 55
2026/09/15 04:30:11.092, 4 %, 5 %, 15836 MiB, 16384 MiB, 46.42 W, 55
2026/09/15 04:30:12.095, 2 %, 3 %, 15836 MiB, 16384 MiB, 46.71 W, 55
2026/09/15 04:30:13.099, 1 %, 2 %, 15836 MiB, 16384 MiB, 46.46 W, 55
2026/09/15 04:30:14.101, 100 %, 8 %, 15836 MiB, 16384 MiB, 65.74 W, 56
2026/09/15 04:30:15.104, 100 %, 6 %, 15836 MiB, 16384 MiB, 64.36 W, 56
2026/09/15 04:30:16.108, 100 %, 6 %, 15836 MiB, 16384 MiB, 64.52 W, 56
2026/09/15 04:30:17.112, 100 %, 6 %, 15836 MiB, 16384 MiB, 64.73 W, 56
2026/09/15 04:30:18.115, 100 %, 9 %, 15836 MiB, 16384 MiB, 59.72 W, 56
2026/09/15 04:30:19.118, 100 %, 9 %, 15836 MiB, 16384 MiB, 60.92 W, 56
2026/09/15 04:30:20.121, 1 %, 3 %, 15836 MiB, 16384 MiB, 59.21 W, 56
2026/09/15 04:30:21.125, 2 %, 3 %, 15836 MiB, 16384 MiB, 59.13 W, 56
2026/09/15 04:30:22.128, 2 %, 3 %, 15836 MiB, 16384 MiB, 46.56 W, 56
2026/09/15 04:30:23.131, 3 %, 4 %, 15836 MiB, 16384 MiB, 49.09 W, 56
2026/09/15 04:30:24.134, 3 %, 4 %, 15836 MiB, 16384 MiB, 46.69 W, 55
2026/09/15 04:30:25.137, 1 %, 2 %, 15836 MiB, 16384 MiB, 49.32 W, 56
2026/09/15 04:30:26.141, 1 %, 2 %, 15836 MiB, 16384 MiB, 46.64 W, 55
2026/09/15 04:30:27.144, 1 %, 2 %, 15836 MiB, 16384 MiB, 46.99 W, 55
2026/09/15 04:30:28.147, 2 %, 3 %, 15836 MiB, 16384 MiB, 47.15 W, 55
2026/09/15 04:30:29.150, 1 %, 2 %, 15836 MiB, 16384 MiB, 46.49 W, 55
2026/09/15 04:30:30.153, 3 %, 4 %, 15836 MiB, 16384 MiB, 46.49 W, 55
2026/09/15 04:30:31.156, 3 %, 5 %, 15836 MiB, 16384 MiB, 46.58 W, 55
2026/09/15 04:30:32.159, 3 %, 4 %, 15836 MiB, 16384 MiB, 46.20 W, 55
2026/09/15 04:30:33.162, 3 %, 5 %, 15836 MiB, 16384 MiB, 49.06 W, 55
2026/09/15 04:30:34.166, 2 %, 3 %, 15836 MiB, 16384 MiB, 46.38 W, 55
2026/09/15 04:30:35.169, 1 %, 2 %, 15836 MiB, 16384 MiB, 46.66 W, 55
2026/09/15 04:30:36.172, 1 %, 2 %, 15836 MiB, 16384 MiB, 46.56 W, 55
2026/09/15 04:30:37.175, 1 %, 2 %, 15836 MiB, 16384 MiB, 46.54 W, 55
2026/09/15 04:30:38.178, 1 %, 2 %, 15836 MiB, 16384 MiB, 46.53 W, 55
2026/09/15 04:30:39.181, 1 %, 2 %, 15836 MiB, 16384 MiB, 46.56 W, 55
2026/09/15 04:30:40.184, 3 %, 5 %, 15836 MiB, 16384 MiB, 46.44 W, 55
2026/09/15 04:30:41.188, 3 %, 4 %, 15836 MiB, 16384 MiB, 46.45 W, 55
2026/09/15 04:30:42.191, 29 %, 9 %, 15838 MiB, 16384 MiB, 50.62 W, 55
2026/09/15 04:30:43.194, 100 %, 9 %, 15838 MiB, 16384 MiB, 70.94 W, 56
2026/09/15 04:30:44.197, 100 %, 6 %, 15838 MiB, 16384 MiB, 59.75 W, 56
2026/09/15 04:30:45.201, 100 %, 7 %, 15838 MiB, 16384 MiB, 71.14 W, 56
2026/09/15 04:30:46.204, 100 %, 6 %, 15838 MiB, 16384 MiB, 59.75 W, 56
2026/09/15 04:30:47.207, 100 %, 6 %, 15838 MiB, 16384 MiB, 71.23 W, 57
2026/09/15 04:30:48.211, 100 %, 9 %, 15838 MiB, 16384 MiB, 71.48 W, 57
2026/09/15 04:30:49.214, 2 %, 3 %, 15838 MiB, 16384 MiB, 60.72 W, 56
2026/09/15 04:30:50.217, 7 %, 4 %, 15838 MiB, 16384 MiB, 52.84 W, 56
2026/09/15 04:30:51.221, 3 %, 2 %, 15838 MiB, 16384 MiB, 52.95 W, 56
2026/09/15 04:30:52.224, 2 %, 3 %, 15838 MiB, 16384 MiB, 46.75 W, 56
2026/09/15 04:30:53.228, 1 %, 2 %, 15838 MiB, 16384 MiB, 46.87 W, 56
2026/09/15 04:30:54.232, 1 %, 2 %, 15838 MiB, 16384 MiB, 46.97 W, 56
2026/09/15 04:30:55.235, 1 %, 2 %, 15838 MiB, 16384 MiB, 46.97 W, 56
2026/09/15 04:30:56.239, 8 %, 4 %, 15838 MiB, 16384 MiB, 47.04 W, 56
2026/09/15 04:30:57.243, 8 %, 4 %, 15838 MiB, 16384 MiB, 47.31 W, 55
2026/09/15 04:30:58.247, 2 %, 3 %, 15838 MiB, 16384 MiB, 49.69 W, 56
2026/09/15 04:30:59.251, 1 %, 2 %, 15838 MiB, 16384 MiB, 46.97 W, 55
2026/09/15 04:31:00.254, 2 %, 3 %, 15838 MiB, 16384 MiB, 47.14 W, 55
2026/09/15 04:31:01.258, 1 %, 2 %, 15838 MiB, 16384 MiB, 47.03 W, 55
2026/09/15 04:31:02.262, 8 %, 4 %, 15838 MiB, 16384 MiB, 47.09 W, 55
2026/09/15 04:31:03.265, 8 %, 5 %, 15838 MiB, 16384 MiB, 49.23 W, 55
2026/09/15 04:31:04.269, 1 %, 2 %, 15838 MiB, 16384 MiB, 53.23 W, 55
2026/09/15 04:31:05.272, 1 %, 2 %, 15838 MiB, 16384 MiB, 46.56 W, 55
2026/09/15 04:31:06.276, 1 %, 2 %, 15838 MiB, 16384 MiB, 46.57 W, 55
2026/09/15 04:31:07.280, 1 %, 2 %, 15838 MiB, 16384 MiB, 46.81 W, 55
2026/09/15 04:31:08.283, 2 %, 3 %, 15838 MiB, 16384 MiB, 47.50 W, 55
2026/09/15 04:31:09.287, 9 %, 5 %, 15838 MiB, 16384 MiB, 47.42 W, 55
2026/09/15 04:31:10.290, 8 %, 4 %, 15838 MiB, 16384 MiB, 46.51 W, 55
2026/09/15 04:31:11.295, 13 %, 9 %, 15838 MiB, 16384 MiB, 58.55 W, 55
2026/09/15 04:31:12.298, 100 %, 6 %, 15838 MiB, 16384 MiB, 65.83 W, 56
2026/09/15 04:31:13.301, 100 %, 6 %, 15838 MiB, 16384 MiB, 59.87 W, 56
2026/09/15 04:31:14.304, 100 %, 9 %, 15838 MiB, 16384 MiB, 66.00 W, 56
2026/09/15 04:31:15.307, 100 %, 6 %, 15838 MiB, 16384 MiB, 65.91 W, 56
2026/09/15 04:31:16.310, 100 %, 6 %, 15838 MiB, 16384 MiB, 59.92 W, 57
2026/09/15 04:31:17.314, 2 %, 3 %, 15838 MiB, 16384 MiB, 59.44 W, 56
2026/09/15 04:31:18.317, 4 %, 4 %, 15838 MiB, 16384 MiB, 59.14 W, 56
2026/09/15 04:31:19.322, 4 %, 4 %, 15838 MiB, 16384 MiB, 46.14 W, 56
2026/09/15 04:31:20.325, 1 %, 2 %, 15838 MiB, 16384 MiB, 49.99 W, 56
2026/09/15 04:31:21.328, 1 %, 2 %, 15838 MiB, 16384 MiB, 46.68 W, 55
2026/09/15 04:31:22.331, 1 %, 2 %, 15838 MiB, 16384 MiB, 46.61 W, 56
2026/09/15 04:31:23.335, 1 %, 2 %, 15838 MiB, 16384 MiB, 46.65 W, 56
2026/09/15 04:31:24.338, 1 %, 2 %, 15838 MiB, 16384 MiB, 46.56 W, 55
2026/09/15 04:31:25.342, 4 %, 4 %, 15838 MiB, 16384 MiB, 46.65 W, 55
2026/09/15 04:31:26.345, 4 %, 4 %, 15838 MiB, 16384 MiB, 46.57 W, 56
2026/09/15 04:31:27.348, 4 %, 5 %, 15838 MiB, 16384 MiB, 49.96 W, 55
2026/09/15 04:31:28.351, 2 %, 3 %, 15838 MiB, 16384 MiB, 49.85 W, 55
2026/09/15 04:31:29.355, 1 %, 2 %, 15838 MiB, 16384 MiB, 47.24 W, 55
2026/09/15 04:31:30.358, 2 %, 3 %, 15838 MiB, 16384 MiB, 47.40 W, 55
2026/09/15 04:31:31.362, 2 %, 3 %, 15838 MiB, 16384 MiB, 46.86 W, 55
2026/09/15 04:31:32.365, 1 %, 2 %, 15838 MiB, 16384 MiB, 46.71 W, 55
2026/09/15 04:31:33.368, 4 %, 4 %, 15838 MiB, 16384 MiB, 46.54 W, 55
2026/09/15 04:31:34.372, 4 %, 4 %, 15838 MiB, 16384 MiB, 46.62 W, 55
2026/09/15 04:31:35.375, 4 %, 4 %, 15838 MiB, 16384 MiB, 45.87 W, 55
2026/09/15 04:31:36.378, 1 %, 2 %, 15838 MiB, 16384 MiB, 49.47 W, 55
2026/09/15 04:31:37.381, 1 %, 2 %, 15838 MiB, 16384 MiB, 49.99 W, 55
2026/09/15 04:31:38.385, 1 %, 2 %, 15838 MiB, 16384 MiB, 46.53 W, 55
2026/09/15 04:31:39.389, 1 %, 2 %, 15838 MiB, 16384 MiB, 46.66 W, 55
2026/09/15 04:31:40.392, 100 %, 9 %, 15838 MiB, 16384 MiB, 61.65 W, 56
2026/09/15 04:31:41.396, 100 %, 7 %, 15838 MiB, 16384 MiB, 68.42 W, 56
2026/09/15 04:31:42.399, 100 %, 8 %, 15838 MiB, 16384 MiB, 59.49 W, 56
2026/09/15 04:31:43.402, 100 %, 7 %, 15838 MiB, 16384 MiB, 68.25 W, 56
2026/09/15 04:31:44.404, 100 %, 7 %, 15838 MiB, 16384 MiB, 59.82 W, 56
2026/09/15 04:31:45.407, 100 %, 7 %, 15838 MiB, 16384 MiB, 67.38 W, 56
2026/09/15 04:31:46.409, 2 %, 3 %, 15838 MiB, 16384 MiB, 59.29 W, 56
2026/09/15 04:31:47.411, 1 %, 2 %, 15838 MiB, 16384 MiB, 47.18 W, 56
2026/09/15 04:31:48.414, 6 %, 4 %, 15838 MiB, 16384 MiB, 46.78 W, 56
2026/09/15 04:31:49.416, 7 %, 5 %, 15838 MiB, 16384 MiB, 52.21 W, 56
2026/09/15 04:31:50.419, 1 %, 2 %, 15838 MiB, 16384 MiB, 51.89 W, 56
2026/09/15 04:31:51.421, 1 %, 2 %, 15838 MiB, 16384 MiB, 46.92 W, 56
2026/09/15 04:31:52.426, 1 %, 2 %, 15838 MiB, 16384 MiB, 46.69 W, 56
2026/09/15 04:31:53.429, 1 %, 3 %, 15838 MiB, 16384 MiB, 46.94 W, 55
2026/09/15 04:31:54.431, 6 %, 5 %, 15838 MiB, 16384 MiB, 47.00 W, 56
2026/09/15 04:31:55.434, 6 %, 4 %, 15838 MiB, 16384 MiB, 46.67 W, 55
2026/09/15 04:31:56.437, 6 %, 5 %, 15838 MiB, 16384 MiB, 51.71 W, 55
2026/09/15 04:31:57.439, 2 %, 3 %, 15838 MiB, 16384 MiB, 46.72 W, 55
2026/09/15 04:31:58.442, 1 %, 2 %, 15838 MiB, 16384 MiB, 46.68 W, 55
2026/09/15 04:31:59.444, 1 %, 2 %, 15838 MiB, 16384 MiB, 46.78 W, 55
2026/09/15 04:32:00.447, 6 %, 5 %, 15838 MiB, 16384 MiB, 46.57 W, 55
2026/09/15 04:32:01.449, 7 %, 4 %, 15838 MiB, 16384 MiB, 46.69 W, 55
2026/09/15 04:32:02.452, 6 %, 4 %, 15838 MiB, 16384 MiB, 46.20 W, 55
2026/09/15 04:32:03.454, 1 %, 2 %, 15838 MiB, 16384 MiB, 51.29 W, 55
2026/09/15 04:32:04.457, 1 %, 2 %, 15838 MiB, 16384 MiB, 46.42 W, 56
2026/09/15 04:32:05.460, 2 %, 3 %, 15838 MiB, 16384 MiB, 46.73 W, 55
2026/09/15 04:32:06.462, 2 %, 3 %, 15838 MiB, 16384 MiB, 46.67 W, 55
2026/09/15 04:32:07.465, 2 %, 3 %, 15838 MiB, 16384 MiB, 46.60 W, 55
2026/09/15 04:32:08.467, 77 %, 10 %, 15838 MiB, 16384 MiB, 60.74 W, 56
2026/09/15 04:32:09.470, 100 %, 7 %, 15838 MiB, 16384 MiB, 66.58 W, 56
2026/09/15 04:32:10.472, 100 %, 9 %, 15838 MiB, 16384 MiB, 61.00 W, 56
2026/09/15 04:32:11.475, 100 %, 7 %, 15838 MiB, 16384 MiB, 67.82 W, 56
2026/09/15 04:32:12.478, 100 %, 7 %, 15838 MiB, 16384 MiB, 66.30 W, 57
2026/09/15 04:32:13.481, 100 %, 8 %, 15838 MiB, 16384 MiB, 59.50 W, 56
2026/09/15 04:32:14.485, 1 %, 2 %, 15838 MiB, 16384 MiB, 58.86 W, 56
2026/09/15 04:32:15.488, 2 %, 2 %, 15838 MiB, 16384 MiB, 59.07 W, 56
2026/09/15 04:32:16.492, 4 %, 4 %, 15838 MiB, 16384 MiB, 46.82 W, 56
2026/09/15 04:32:17.496, 4 %, 4 %, 15838 MiB, 16384 MiB, 46.44 W, 56
2026/09/15 04:32:18.499, 1 %, 2 %, 15838 MiB, 16384 MiB, 50.20 W, 56
2026/09/15 04:32:19.503, 1 %, 2 %, 15838 MiB, 16384 MiB, 46.63 W, 56
2026/09/15 04:32:20.507, 1 %, 2 %, 15838 MiB, 16384 MiB, 46.71 W, 56
2026/09/15 04:32:21.510, 1 %, 2 %, 15838 MiB, 16384 MiB, 46.50 W, 55
2026/09/15 04:32:22.514, 2 %, 3 %, 15838 MiB, 16384 MiB, 46.77 W, 55
2026/09/15 04:32:23.517, 1 %, 2 %, 15838 MiB, 16384 MiB, 46.44 W, 55
2026/09/15 04:32:24.520, 4 %, 4 %, 15838 MiB, 16384 MiB, 46.36 W, 55
2026/09/15 04:32:25.524, 5 %, 4 %, 15838 MiB, 16384 MiB, 46.42 W, 55
2026/09/15 04:32:26.527, 5 %, 5 %, 15838 MiB, 16384 MiB, 50.24 W, 55
2026/09/15 04:32:27.531, 2 %, 3 %, 15838 MiB, 16384 MiB, 50.24 W, 55
2026/09/15 04:32:28.534, 2 %, 3 %, 15838 MiB, 16384 MiB, 46.85 W, 55
2026/09/15 04:32:29.538, 1 %, 2 %, 15838 MiB, 16384 MiB, 46.71 W, 55
2026/09/15 04:32:30.542, 1 %, 2 %, 15838 MiB, 16384 MiB, 47.10 W, 55
2026/09/15 04:32:31.545, 1 %, 2 %, 15838 MiB, 16384 MiB, 47.33 W, 55
2026/09/15 04:32:32.549, 4 %, 4 %, 15838 MiB, 16384 MiB, 46.78 W, 55
2026/09/15 04:32:33.552, 4 %, 4 %, 15838 MiB, 16384 MiB, 46.47 W, 55
2026/09/15 04:32:34.556, 5 %, 5 %, 15838 MiB, 16384 MiB, 50.34 W, 55
2026/09/15 04:32:35.559, 1 %, 2 %, 15838 MiB, 16384 MiB, 50.42 W, 55
2026/09/15 04:32:36.563, 1 %, 2 %, 15838 MiB, 16384 MiB, 46.88 W, 55
2026/09/15 04:32:37.566, 100 %, 7 %, 15838 MiB, 16384 MiB, 66.34 W, 56
2026/09/15 04:32:38.570, 100 %, 7 %, 15838 MiB, 16384 MiB, 59.82 W, 56
2026/09/15 04:32:39.573, 100 %, 9 %, 15838 MiB, 16384 MiB, 66.21 W, 56
2026/09/15 04:32:40.576, 100 %, 7 %, 15838 MiB, 16384 MiB, 66.34 W, 56
2026/09/15 04:32:41.579, 100 %, 7 %, 15838 MiB, 16384 MiB, 61.08 W, 57
2026/09/15 04:32:42.583, 15 %, 5 %, 15838 MiB, 16384 MiB, 59.32 W, 56
2026/09/15 04:32:43.586, 5 %, 5 %, 15838 MiB, 16384 MiB, 62.58 W, 56
2026/09/15 04:32:44.589, 2 %, 3 %, 15838 MiB, 16384 MiB, 46.29 W, 56
2026/09/15 04:32:45.593, 1 %, 2 %, 15838 MiB, 16384 MiB, 46.30 W, 56
2026/09/15 04:32:46.596, 1 %, 2 %, 15838 MiB, 16384 MiB, 46.60 W, 56
2026/09/15 04:32:47.599, 1 %, 2 %, 15838 MiB, 16384 MiB, 46.57 W, 56
2026/09/15 04:32:48.602, 4 %, 4 %, 15838 MiB, 16384 MiB, 46.43 W, 56
2026/09/15 04:32:49.605, 4 %, 4 %, 15838 MiB, 16384 MiB, 46.05 W, 55
2026/09/15 04:32:50.609, 5 %, 5 %, 15838 MiB, 16384 MiB, 49.76 W, 55
2026/09/15 04:32:51.612, 1 %, 2 %, 15838 MiB, 16384 MiB, 50.80 W, 55
2026/09/15 04:32:52.615, 1 %, 2 %, 15838 MiB, 16384 MiB, 46.90 W, 56
2026/09/15 04:32:53.618, 1 %, 3 %, 15838 MiB, 16384 MiB, 46.72 W, 55
2026/09/15 04:32:54.624, 1 %, 2 %, 15838 MiB, 16384 MiB, 46.64 W, 55
2026/09/15 04:32:55.627, 1 %, 3 %, 15838 MiB, 16384 MiB, 46.41 W, 55
2026/09/15 04:32:56.630, 5 %, 5 %, 15838 MiB, 16384 MiB, 46.31 W, 55
2026/09/15 04:32:57.632, 4 %, 4 %, 15838 MiB, 16384 MiB, 46.10 W, 55
2026/09/15 04:32:58.635, 5 %, 5 %, 15838 MiB, 16384 MiB, 49.80 W, 55
2026/09/15 04:32:59.638, 1 %, 2 %, 15838 MiB, 16384 MiB, 50.27 W, 55
2026/09/15 04:33:00.641, 1 %, 2 %, 15838 MiB, 16384 MiB, 46.36 W, 55
2026/09/15 04:33:01.644, 1 %, 2 %, 15838 MiB, 16384 MiB, 46.36 W, 55
2026/09/15 04:33:02.648, 1 %, 2 %, 15838 MiB, 16384 MiB, 46.31 W, 55
2026/09/15 04:33:03.651, 1 %, 3 %, 15838 MiB, 16384 MiB, 46.67 W, 55
2026/09/15 04:33:04.655, 1 %, 2 %, 15838 MiB, 16384 MiB, 46.69 W, 55
2026/09/15 04:33:05.659, 100 %, 7 %, 15838 MiB, 16384 MiB, 66.10 W, 56
2026/09/15 04:33:06.662, 100 %, 9 %, 15838 MiB, 16384 MiB, 59.48 W, 56
2026/09/15 04:33:07.666, 100 %, 7 %, 15838 MiB, 16384 MiB, 66.13 W, 56
2026/09/15 04:33:08.669, 100 %, 7 %, 15838 MiB, 16384 MiB, 66.05 W, 56
2026/09/15 04:33:09.673, 100 %, 9 %, 15838 MiB, 16384 MiB, 59.56 W, 57
2026/09/15 04:33:10.676, 100 %, 7 %, 15838 MiB, 16384 MiB, 64.97 W, 56
2026/09/15 04:33:11.679, 2 %, 3 %, 15838 MiB, 16384 MiB, 59.33 W, 56
2026/09/15 04:33:12.683, 1 %, 2 %, 15838 MiB, 16384 MiB, 47.24 W, 56
2026/09/15 04:33:13.686, 5 %, 5 %, 15838 MiB, 16384 MiB, 47.13 W, 56
2026/09/15 04:33:14.689, 4 %, 4 %, 15838 MiB, 16384 MiB, 46.54 W, 56
2026/09/15 04:33:15.692, 5 %, 4 %, 15838 MiB, 16384 MiB, 45.72 W, 56
2026/09/15 04:33:16.695, 1 %, 2 %, 15838 MiB, 16384 MiB, 50.33 W, 56
2026/09/15 04:33:17.699, 1 %, 2 %, 15838 MiB, 16384 MiB, 46.50 W, 55
2026/09/15 04:33:18.702, 2 %, 3 %, 15838 MiB, 16384 MiB, 46.48 W, 55
2026/09/15 04:33:19.705, 1 %, 2 %, 15838 MiB, 16384 MiB, 46.66 W, 55
2026/09/15 04:33:20.708, 4 %, 4 %, 15838 MiB, 16384 MiB, 46.46 W, 55
2026/09/15 04:33:21.711, 5 %, 4 %, 15838 MiB, 16384 MiB, 46.76 W, 55
2026/09/15 04:33:22.714, 2 %, 2 %, 15838 MiB, 16384 MiB, 49.81 W, 55
2026/09/15 04:33:23.718, 1 %, 2 %, 15838 MiB, 16384 MiB, 46.38 W, 55
2026/09/15 04:33:24.721, 1 %, 2 %, 15838 MiB, 16384 MiB, 46.30 W, 55
2026/09/15 04:33:25.724, 1 %, 2 %, 15838 MiB, 16384 MiB, 46.45 W, 55
2026/09/15 04:33:26.727, 1 %, 2 %, 15838 MiB, 16384 MiB, 46.49 W, 55
2026/09/15 04:33:27.730, 4 %, 4 %, 15838 MiB, 16384 MiB, 46.49 W, 55
2026/09/15 04:33:28.734, 4 %, 4 %, 15838 MiB, 16384 MiB, 46.17 W, 55
2026/09/15 04:33:29.737, 1 %, 2 %, 15838 MiB, 16384 MiB, 50.02 W, 55
2026/09/15 04:33:30.740, 2 %, 3 %, 15838 MiB, 16384 MiB, 47.57 W, 55
2026/09/15 04:33:31.744, 1 %, 3 %, 15838 MiB, 16384 MiB, 46.94 W, 55
2026/09/15 04:33:32.747, 2 %, 3 %, 15838 MiB, 16384 MiB, 47.19 W, 55
2026/09/15 04:33:33.751, 96 %, 13 %, 15838 MiB, 16384 MiB, 57.25 W, 56
2026/09/15 04:33:34.754, 100 %, 7 %, 15838 MiB, 16384 MiB, 66.08 W, 56
2026/09/15 04:33:35.758, 100 %, 7 %, 15838 MiB, 16384 MiB, 66.22 W, 56
2026/09/15 04:33:36.761, 100 %, 9 %, 15838 MiB, 16384 MiB, 59.72 W, 57
2026/09/15 04:33:37.765, 100 %, 7 %, 15838 MiB, 16384 MiB, 66.22 W, 56
2026/09/15 04:33:38.769, 100 %, 7 %, 15838 MiB, 16384 MiB, 66.14 W, 56
2026/09/15 04:33:39.773, 1 %, 2 %, 15838 MiB, 16384 MiB, 64.34 W, 56
2026/09/15 04:33:40.776, 2 %, 3 %, 15838 MiB, 16384 MiB, 58.80 W, 56
2026/09/15 04:33:41.780, 1 %, 2 %, 15838 MiB, 16384 MiB, 46.56 W, 56
2026/09/15 04:33:42.784, 5 %, 4 %, 15838 MiB, 16384 MiB, 46.65 W, 55
2026/09/15 04:33:43.787, 5 %, 4 %, 15838 MiB, 16384 MiB, 46.74 W, 55
2026/09/15 04:33:44.791, 5 %, 5 %, 15838 MiB, 16384 MiB, 46.62 W, 55
2026/09/15 04:33:45.795, 1 %, 2 %, 15838 MiB, 16384 MiB, 50.33 W, 55
2026/09/15 04:33:46.799, 1 %, 2 %, 15838 MiB, 16384 MiB, 50.58 W, 55
2026/09/15 04:33:47.803, 1 %, 2 %, 15838 MiB, 16384 MiB, 46.83 W, 55
2026/09/15 04:33:48.806, 2 %, 3 %, 15838 MiB, 16384 MiB, 46.97 W, 55
2026/09/15 04:33:49.809, 1 %, 2 %, 15838 MiB, 16384 MiB, 46.68 W, 55
2026/09/15 04:33:50.813, 1 %, 2 %, 15838 MiB, 16384 MiB, 46.47 W, 55
2026/09/15 04:33:51.816, 4 %, 4 %, 15838 MiB, 16384 MiB, 46.39 W, 55
2026/09/15 04:33:52.820, 5 %, 4 %, 15838 MiB, 16384 MiB, 46.85 W, 55
2026/09/15 04:33:53.823, 1 %, 2 %, 15838 MiB, 16384 MiB, 50.41 W, 55
2026/09/15 04:33:54.826, 1 %, 2 %, 15838 MiB, 16384 MiB, 46.36 W, 55
2026/09/15 04:33:55.830, 1 %, 2 %, 15838 MiB, 16384 MiB, 46.61 W, 55
2026/09/15 04:33:56.833, 1 %, 2 %, 15838 MiB, 16384 MiB, 46.64 W, 55
2026/09/15 04:33:57.836, 1 %, 2 %, 15838 MiB, 16384 MiB, 46.67 W, 55
2026/09/15 04:33:58.840, 5 %, 5 %, 15838 MiB, 16384 MiB, 46.88 W, 55
2026/09/15 04:33:59.843, 4 %, 4 %, 15838 MiB, 16384 MiB, 46.86 W, 55
2026/09/15 04:34:00.847, 5 %, 5 %, 15838 MiB, 16384 MiB, 49.29 W, 55
2026/09/15 04:34:01.850, 1 %, 2 %, 15838 MiB, 16384 MiB, 55.09 W, 55
2026/09/15 04:34:02.854, 100 %, 9 %, 15838 MiB, 16384 MiB, 59.26 W, 56
2026/09/15 04:34:03.857, 100 %, 7 %, 15838 MiB, 16384 MiB, 66.06 W, 56
2026/09/15 04:34:04.860, 100 %, 7 %, 15838 MiB, 16384 MiB, 66.18 W, 56
2026/09/15 04:34:05.864, 100 %, 9 %, 15838 MiB, 16384 MiB, 59.57 W, 57
2026/09/15 04:34:06.866, 100 %, 7 %, 15838 MiB, 16384 MiB, 66.17 W, 56
2026/09/15 04:34:07.871, 1 %, 2 %, 15838 MiB, 16384 MiB, 59.22 W, 56
2026/09/15 04:34:08.873, 4 %, 4 %, 15838 MiB, 16384 MiB, 58.57 W, 56
2026/09/15 04:34:09.876, 2 %, 3 %, 15838 MiB, 16384 MiB, 50.01 W, 56
2026/09/15 04:34:10.879, 1 %, 2 %, 15838 MiB, 16384 MiB, 46.62 W, 56
2026/09/15 04:34:11.883, 1 %, 2 %, 15838 MiB, 16384 MiB, 46.65 W, 55
2026/09/15 04:34:12.886, 1 %, 2 %, 15838 MiB, 16384 MiB, 46.97 W, 56
2026/09/15 04:34:13.889, 4 %, 4 %, 15838 MiB, 16384 MiB, 47.27 W, 55
2026/09/15 04:34:14.893, 5 %, 4 %, 15838 MiB, 16384 MiB, 47.34 W, 55
2026/09/15 04:34:15.896, 4 %, 4 %, 15838 MiB, 16384 MiB, 46.83 W, 55
2026/09/15 04:34:16.900, 5 %, 5 %, 15838 MiB, 16384 MiB, 46.60 W, 55
2026/09/15 04:34:17.904, 1 %, 2 %, 15838 MiB, 16384 MiB, 49.83 W, 55
2026/09/15 04:34:18.907, 1 %, 2 %, 15838 MiB, 16384 MiB, 46.66 W, 55
2026/09/15 04:34:19.910, 1 %, 2 %, 15838 MiB, 16384 MiB, 46.53 W, 55
2026/09/15 04:34:20.913, 2 %, 3 %, 15838 MiB, 16384 MiB, 46.95 W, 55
2026/09/15 04:34:21.917, 5 %, 5 %, 15838 MiB, 16384 MiB, 46.92 W, 55
2026/09/15 04:34:22.920, 4 %, 4 %, 15838 MiB, 16384 MiB, 46.81 W, 55
2026/09/15 04:34:23.923, 4 %, 4 %, 15838 MiB, 16384 MiB, 46.48 W, 55
2026/09/15 04:34:24.927, 1 %, 2 %, 15838 MiB, 16384 MiB, 50.10 W, 55
2026/09/15 04:34:25.930, 1 %, 2 %, 15838 MiB, 16384 MiB, 47.43 W, 55
2026/09/15 04:34:26.934, 1 %, 2 %, 15838 MiB, 16384 MiB, 46.58 W, 55
2026/09/15 04:34:27.937, 1 %, 2 %, 15838 MiB, 16384 MiB, 46.62 W, 55
2026/09/15 04:34:28.941, 1 %, 3 %, 15838 MiB, 16384 MiB, 46.76 W, 55
2026/09/15 04:34:29.944, 5 %, 5 %, 15838 MiB, 16384 MiB, 46.83 W, 55
2026/09/15 04:34:30.947, 100 %, 9 %, 15838 MiB, 16384 MiB, 59.69 W, 56
2026/09/15 04:34:31.951, 100 %, 9 %, 15838 MiB, 16384 MiB, 63.02 W, 56
2026/09/15 04:34:32.955, 100 %, 6 %, 15838 MiB, 16384 MiB, 64.66 W, 56
2026/09/15 04:34:33.958, 100 %, 6 %, 15838 MiB, 16384 MiB, 65.97 W, 56
2026/09/15 04:34:34.962, 100 %, 7 %, 15838 MiB, 16384 MiB, 60.87 W, 56
2026/09/15 04:34:35.965, 91 %, 9 %, 15838 MiB, 16384 MiB, 57.74 W, 56
2026/09/15 04:34:36.969, 2 %, 3 %, 15838 MiB, 16384 MiB, 58.96 W, 57
2026/09/15 04:34:37.973, 1 %, 3 %, 15838 MiB, 16384 MiB, 47.03 W, 56
2026/09/15 04:34:38.977, 3 %, 4 %, 15838 MiB, 16384 MiB, 47.03 W, 56
2026/09/15 04:34:39.980, 3 %, 4 %, 15838 MiB, 16384 MiB, 46.93 W, 55
2026/09/15 04:34:40.982, 3 %, 4 %, 15838 MiB, 16384 MiB, 46.47 W, 55
2026/09/15 04:34:41.985, 1 %, 2 %, 15838 MiB, 16384 MiB, 49.17 W, 55
2026/09/15 04:34:42.987, 1 %, 2 %, 15838 MiB, 16384 MiB, 46.38 W, 55
2026/09/15 04:34:43.990, 2 %, 3 %, 15838 MiB, 16384 MiB, 46.58 W, 55
2026/09/15 04:34:44.994, 1 %, 2 %, 15838 MiB, 16384 MiB, 46.67 W, 55
2026/09/15 04:34:45.996, 1 %, 2 %, 15838 MiB, 16384 MiB, 46.56 W, 55
2026/09/15 04:34:46.999, 1 %, 2 %, 15838 MiB, 16384 MiB, 46.74 W, 55
2026/09/15 04:34:48.002, 3 %, 4 %, 15838 MiB, 16384 MiB, 46.72 W, 55
2026/09/15 04:34:49.004, 3 %, 4 %, 15838 MiB, 16384 MiB, 46.29 W, 55
2026/09/15 04:34:50.007, 1 %, 2 %, 15838 MiB, 16384 MiB, 49.05 W, 55
2026/09/15 04:34:51.009, 1 %, 2 %, 15838 MiB, 16384 MiB, 46.24 W, 55
2026/09/15 04:34:52.012, 1 %, 2 %, 15838 MiB, 16384 MiB, 46.48 W, 55
2026/09/15 04:34:53.015, 1 %, 2 %, 15838 MiB, 16384 MiB, 46.39 W, 55
2026/09/15 04:34:54.017, 1 %, 2 %, 15838 MiB, 16384 MiB, 46.36 W, 55
2026/09/15 04:34:55.020, 2 %, 3 %, 15838 MiB, 16384 MiB, 47.51 W, 55
2026/09/15 04:34:56.022, 3 %, 4 %, 15838 MiB, 16384 MiB, 47.26 W, 55
2026/09/15 04:34:57.025, 3 %, 4 %, 15838 MiB, 16384 MiB, 47.08 W, 55
2026/09/15 04:34:58.027, 4 %, 5 %, 15838 MiB, 16384 MiB, 46.54 W, 55
2026/09/15 04:34:59.030, 100 %, 8 %, 15838 MiB, 16384 MiB, 61.14 W, 56
2026/09/15 04:35:00.032, 100 %, 6 %, 15838 MiB, 16384 MiB, 64.70 W, 56
2026/09/15 04:35:01.035, 100 %, 9 %, 15838 MiB, 16384 MiB, 59.65 W, 56
2026/09/15 04:35:02.038, 100 %, 9 %, 15838 MiB, 16384 MiB, 59.73 W, 56
2026/09/15 04:35:03.041, 100 %, 6 %, 15838 MiB, 16384 MiB, 64.74 W, 56
2026/09/15 04:35:04.045, 100 %, 6 %, 15838 MiB, 16384 MiB, 64.93 W, 56
2026/09/15 04:35:05.048, 3 %, 4 %, 15838 MiB, 16384 MiB, 59.19 W, 56
2026/09/15 04:35:06.051, 2 %, 3 %, 15838 MiB, 16384 MiB, 63.14 W, 56
2026/09/15 04:35:07.054, 2 %, 3 %, 15838 MiB, 16384 MiB, 46.76 W, 55
2026/09/15 04:35:08.057, 2 %, 3 %, 15838 MiB, 16384 MiB, 46.71 W, 55
2026/09/15 04:35:09.060, 1 %, 2 %, 15838 MiB, 16384 MiB, 46.71 W, 55
2026/09/15 04:35:10.064, 3 %, 4 %, 15838 MiB, 16384 MiB, 46.39 W, 55
2026/09/15 04:35:11.067, 3 %, 4 %, 15838 MiB, 16384 MiB, 46.85 W, 55
2026/09/15 04:35:12.070, 3 %, 4 %, 15838 MiB, 16384 MiB, 46.16 W, 55
2026/09/15 04:35:13.073, 1 %, 2 %, 15838 MiB, 16384 MiB, 49.46 W, 55
2026/09/15 04:35:14.076, 2 %, 3 %, 15838 MiB, 16384 MiB, 46.56 W, 55
2026/09/15 04:35:15.080, 1 %, 2 %, 15838 MiB, 16384 MiB, 46.94 W, 55
2026/09/15 04:35:16.083, 2 %, 3 %, 15838 MiB, 16384 MiB, 47.65 W, 55
2026/09/15 04:35:17.087, 1 %, 2 %, 15838 MiB, 16384 MiB, 47.71 W, 55
2026/09/15 04:35:18.090, 3 %, 4 %, 15838 MiB, 16384 MiB, 46.96 W, 55
2026/09/15 04:35:19.094, 4 %, 5 %, 15838 MiB, 16384 MiB, 46.66 W, 55
2026/09/15 04:35:20.097, 1 %, 2 %, 15838 MiB, 16384 MiB, 49.30 W, 55
2026/09/15 04:35:21.100, 1 %, 2 %, 15838 MiB, 16384 MiB, 49.69 W, 55
2026/09/15 04:35:22.103, 1 %, 2 %, 15838 MiB, 16384 MiB, 46.76 W, 55
2026/09/15 04:35:23.106, 1 %, 2 %, 15838 MiB, 16384 MiB, 47.01 W, 55
2026/09/15 04:35:24.110, 1 %, 2 %, 15838 MiB, 16384 MiB, 46.96 W, 55
2026/09/15 04:35:25.113, 3 %, 4 %, 15838 MiB, 16384 MiB, 47.01 W, 55
2026/09/15 04:35:26.116, 3 %, 4 %, 15838 MiB, 16384 MiB, 46.96 W, 55
2026/09/15 04:35:27.120, 10 %, 8 %, 15838 MiB, 16384 MiB, 48.23 W, 55
2026/09/15 04:35:28.123, 100 %, 7 %, 15838 MiB, 16384 MiB, 69.20 W, 56
2026/09/15 04:35:29.126, 100 %, 7 %, 15838 MiB, 16384 MiB, 69.34 W, 56
2026/09/15 04:35:30.130, 100 %, 7 %, 15838 MiB, 16384 MiB, 69.50 W, 56
2026/09/15 04:35:31.133, 100 %, 7 %, 15838 MiB, 16384 MiB, 69.46 W, 56
2026/09/15 04:35:32.136, 100 %, 7 %, 15838 MiB, 16384 MiB, 69.39 W, 56
2026/09/15 04:35:33.140, 100 %, 7 %, 15838 MiB, 16384 MiB, 65.40 W, 56
2026/09/15 04:35:34.143, 2 %, 3 %, 15838 MiB, 16384 MiB, 59.22 W, 56
2026/09/15 04:35:35.146, 1 %, 2 %, 15838 MiB, 16384 MiB, 47.12 W, 56
2026/09/15 04:35:36.150, 7 %, 4 %, 15838 MiB, 16384 MiB, 47.19 W, 56
2026/09/15 04:35:37.153, 6 %, 4 %, 15838 MiB, 16384 MiB, 47.61 W, 56
2026/09/15 04:35:38.156, 7 %, 5 %, 15838 MiB, 16384 MiB, 47.55 W, 55
2026/09/15 04:35:39.159, 1 %, 3 %, 15838 MiB, 16384 MiB, 52.46 W, 55
2026/09/15 04:35:40.163, 1 %, 2 %, 15838 MiB, 16384 MiB, 47.23 W, 55
2026/09/15 04:35:41.166, 2 %, 3 %, 15838 MiB, 16384 MiB, 47.06 W, 55
2026/09/15 04:35:42.169, 1 %, 2 %, 15838 MiB, 16384 MiB, 47.21 W, 55
2026/09/15 04:35:43.172, 1 %, 2 %, 15838 MiB, 16384 MiB, 47.00 W, 55
2026/09/15 04:35:44.175, 7 %, 5 %, 15838 MiB, 16384 MiB, 47.04 W, 55
2026/09/15 04:35:45.178, 7 %, 5 %, 15838 MiB, 16384 MiB, 46.87 W, 55
2026/09/15 04:35:46.181, 1 %, 2 %, 15838 MiB, 16384 MiB, 52.48 W, 55
2026/09/15 04:35:47.184, 1 %, 2 %, 15838 MiB, 16384 MiB, 47.23 W, 55
2026/09/15 04:35:48.187, 1 %, 2 %, 15838 MiB, 16384 MiB, 46.98 W, 55
2026/09/15 04:35:49.191, 1 %, 2 %, 15838 MiB, 16384 MiB, 47.21 W, 55
2026/09/15 04:35:50.194, 1 %, 2 %, 15838 MiB, 16384 MiB, 46.74 W, 55
2026/09/15 04:35:51.198, 7 %, 4 %, 15838 MiB, 16384 MiB, 46.88 W, 55
2026/09/15 04:35:52.202, 6 %, 4 %, 15838 MiB, 16384 MiB, 47.12 W, 55
2026/09/15 04:35:53.205, 7 %, 5 %, 15838 MiB, 16384 MiB, 46.63 W, 55
2026/09/15 04:35:54.209, 1 %, 2 %, 15838 MiB, 16384 MiB, 52.43 W, 55
2026/09/15 04:35:55.212, 1 %, 2 %, 15838 MiB, 16384 MiB, 46.74 W, 55
2026/09/15 04:35:56.216, 100 %, 9 %, 15838 MiB, 16384 MiB, 59.90 W, 56
2026/09/15 04:35:57.220, 100 %, 6 %, 15838 MiB, 16384 MiB, 66.75 W, 56
2026/09/15 04:35:58.224, 100 %, 6 %, 15838 MiB, 16384 MiB, 66.79 W, 56
2026/09/15 04:35:59.227, 100 %, 6 %, 15838 MiB, 16384 MiB, 65.32 W, 56
2026/09/15 04:36:00.230, 100 %, 9 %, 15838 MiB, 16384 MiB, 59.67 W, 56
2026/09/15 04:36:01.234, 100 %, 6 %, 15838 MiB, 16384 MiB, 65.40 W, 56
2026/09/15 04:36:02.237, 3 %, 4 %, 15838 MiB, 16384 MiB, 59.20 W, 56
2026/09/15 04:36:03.240, 1 %, 3 %, 15838 MiB, 16384 MiB, 63.10 W, 56
2026/09/15 04:36:04.243, 1 %, 3 %, 15838 MiB, 16384 MiB, 46.26 W, 55
2026/09/15 04:36:05.247, 2 %, 3 %, 15838 MiB, 16384 MiB, 46.50 W, 55
2026/09/15 04:36:06.251, 1 %, 2 %, 15838 MiB, 16384 MiB, 46.57 W, 55
2026/09/15 04:36:07.254, 4 %, 5 %, 15838 MiB, 16384 MiB, 46.73 W, 55
2026/09/15 04:36:08.257, 4 %, 4 %, 15838 MiB, 16384 MiB, 46.68 W, 55
2026/09/15 04:36:09.261, 4 %, 4 %, 15838 MiB, 16384 MiB, 46.57 W, 55
2026/09/15 04:36:10.264, 1 %, 2 %, 15838 MiB, 16384 MiB, 50.06 W, 55
2026/09/15 04:36:11.267, 2 %, 3 %, 15838 MiB, 16384 MiB, 49.85 W, 55
2026/09/15 04:36:12.270, 1 %, 2 %, 15838 MiB, 16384 MiB, 46.60 W, 55
2026/09/15 04:36:13.274, 2 %, 3 %, 15838 MiB, 16384 MiB, 46.82 W, 55
2026/09/15 04:36:14.277, 1 %, 2 %, 15838 MiB, 16384 MiB, 46.65 W, 55
2026/09/15 04:36:15.280, 4 %, 4 %, 15838 MiB, 16384 MiB, 46.61 W, 55
2026/09/15 04:36:16.284, 1 %, 2 %, 15838 MiB, 16384 MiB, 50.10 W, 55
2026/09/15 04:36:17.287, 1 %, 2 %, 15838 MiB, 16384 MiB, 49.93 W, 55
2026/09/15 04:36:18.290, 1 %, 2 %, 15838 MiB, 16384 MiB, 47.28 W, 55
2026/09/15 04:36:19.293, 1 %, 2 %, 15838 MiB, 16384 MiB, 46.92 W, 55
2026/09/15 04:36:20.296, 1 %, 2 %, 15838 MiB, 16384 MiB, 47.07 W, 55
2026/09/15 04:36:21.299, 1 %, 3 %, 15838 MiB, 16384 MiB, 47.03 W, 55
2026/09/15 04:36:22.303, 4 %, 5 %, 15838 MiB, 16384 MiB, 46.78 W, 55
2026/09/15 04:36:23.307, 4 %, 4 %, 15838 MiB, 16384 MiB, 46.96 W, 55
2026/09/15 04:36:24.311, 24 %, 9 %, 15838 MiB, 16384 MiB, 48.44 W, 55
2026/09/15 04:36:25.313, 100 %, 7 %, 15838 MiB, 16384 MiB, 69.28 W, 56
2026/09/15 04:36:26.316, 100 %, 9 %, 15838 MiB, 16384 MiB, 59.74 W, 56
2026/09/15 04:36:27.318, 100 %, 7 %, 15838 MiB, 16384 MiB, 69.38 W, 56
2026/09/15 04:36:28.321, 100 %, 9 %, 15838 MiB, 16384 MiB, 59.62 W, 56
2026/09/15 04:36:29.323, 100 %, 7 %, 15838 MiB, 16384 MiB, 69.27 W, 56
2026/09/15 04:36:30.326, 10 %, 5 %, 15838 MiB, 16384 MiB, 59.38 W, 56
2026/09/15 04:36:31.328, 7 %, 5 %, 15838 MiB, 16384 MiB, 58.06 W, 56
2026/09/15 04:36:32.330, 2 %, 3 %, 15838 MiB, 16384 MiB, 52.26 W, 56
2026/09/15 04:36:33.333, 1 %, 3 %, 15838 MiB, 16384 MiB, 46.54 W, 56
2026/09/15 04:36:34.335, 1 %, 2 %, 15838 MiB, 16384 MiB, 46.80 W, 55
2026/09/15 04:36:35.338, 1 %, 3 %, 15838 MiB, 16384 MiB, 46.48 W, 55
2026/09/15 04:36:36.341, 3 %, 4 %, 15838 MiB, 16384 MiB, 46.64 W, 55
2026/09/15 04:36:37.343, 7 %, 4 %, 15838 MiB, 16384 MiB, 46.91 W, 55
2026/09/15 04:36:38.346, 7 %, 4 %, 15838 MiB, 16384 MiB, 47.35 W, 55
2026/09/15 04:36:39.348, 1 %, 2 %, 15838 MiB, 16384 MiB, 52.66 W, 55
2026/09/15 04:36:40.351, 1 %, 2 %, 15838 MiB, 16384 MiB, 48.58 W, 55
2026/09/15 04:36:41.353, 1 %, 3 %, 15838 MiB, 16384 MiB, 46.61 W, 55
2026/09/15 04:36:42.356, 1 %, 2 %, 15838 MiB, 16384 MiB, 46.73 W, 55
2026/09/15 04:36:43.359, 7 %, 5 %, 15838 MiB, 16384 MiB, 47.04 W, 55
2026/09/15 04:36:44.361, 7 %, 5 %, 15838 MiB, 16384 MiB, 46.77 W, 55
2026/09/15 04:36:45.364, 7 %, 5 %, 15838 MiB, 16384 MiB, 46.41 W, 55
2026/09/15 04:36:46.367, 1 %, 2 %, 15838 MiB, 16384 MiB, 52.15 W, 55
2026/09/15 04:36:47.369, 1 %, 2 %, 15838 MiB, 16384 MiB, 46.50 W, 55
2026/09/15 04:36:48.372, 1 %, 2 %, 15838 MiB, 16384 MiB, 46.60 W, 55
2026/09/15 04:36:49.374, 1 %, 2 %, 15838 MiB, 16384 MiB, 46.75 W, 55
2026/09/15 04:36:50.377, 7 %, 4 %, 15838 MiB, 16384 MiB, 46.66 W, 55
2026/09/15 04:36:51.379, 7 %, 5 %, 15838 MiB, 16384 MiB, 46.76 W, 55
2026/09/15 04:36:52.382, 1 %, 2 %, 15838 MiB, 16384 MiB, 51.83 W, 55
2026/09/15 04:36:53.384, 100 %, 7 %, 15838 MiB, 16384 MiB, 66.01 W, 56
2026/09/15 04:36:54.387, 100 %, 7 %, 15838 MiB, 16384 MiB, 65.90 W, 56
2026/09/15 04:36:55.390, 100 %, 9 %, 15838 MiB, 16384 MiB, 59.53 W, 56
2026/09/15 04:36:56.392, 100 %, 7 %, 15838 MiB, 16384 MiB, 65.94 W, 56
2026/09/15 04:36:57.395, 100 %, 7 %, 15838 MiB, 16384 MiB, 66.27 W, 56
2026/09/15 04:36:58.397, 100 %, 9 %, 15838 MiB, 16384 MiB, 61.17 W, 56
2026/09/15 04:36:59.399, 4 %, 4 %, 15838 MiB, 16384 MiB, 60.24 W, 56
2026/09/15 04:37:00.402, 5 %, 5 %, 15838 MiB, 16384 MiB, 45.90 W, 56
2026/09/15 04:37:01.404, 2 %, 3 %, 15838 MiB, 16384 MiB, 46.55 W, 56
2026/09/15 04:37:02.407, 2 %, 3 %, 15838 MiB, 16384 MiB, 46.66 W, 55
2026/09/15 04:37:03.409, 1 %, 2 %, 15838 MiB, 16384 MiB, 46.64 W, 55
2026/09/15 04:37:04.412, 1 %, 2 %, 15838 MiB, 16384 MiB, 46.72 W, 55
2026/09/15 04:37:05.415, 4 %, 4 %, 15838 MiB, 16384 MiB, 46.42 W, 55
2026/09/15 04:37:06.417, 4 %, 4 %, 15838 MiB, 16384 MiB, 46.33 W, 55
2026/09/15 04:37:07.420, 1 %, 2 %, 15838 MiB, 16384 MiB, 50.12 W, 55
2026/09/15 04:37:08.422, 2 %, 3 %, 15838 MiB, 16384 MiB, 50.01 W, 55
2026/09/15 04:37:09.425, 1 %, 2 %, 15838 MiB, 16384 MiB, 46.55 W, 55
2026/09/15 04:37:10.428, 2 %, 3 %, 15838 MiB, 16384 MiB, 46.62 W, 55
2026/09/15 04:37:11.431, 1 %, 2 %, 15838 MiB, 16384 MiB, 46.64 W, 55
2026/09/15 04:37:12.433, 4 %, 4 %, 15838 MiB, 16384 MiB, 46.76 W, 55
2026/09/15 04:37:13.436, 4 %, 5 %, 15838 MiB, 16384 MiB, 46.57 W, 55
2026/09/15 04:37:14.438, 1 %, 2 %, 15838 MiB, 16384 MiB, 50.16 W, 55
2026/09/15 04:37:15.441, 1 %, 2 %, 15838 MiB, 16384 MiB, 46.69 W, 55
2026/09/15 04:37:16.443, 1 %, 2 %, 15838 MiB, 16384 MiB, 46.89 W, 55
2026/09/15 04:37:17.446, 1 %, 3 %, 15838 MiB, 16384 MiB, 46.70 W, 55
2026/09/15 04:37:18.448, 1 %, 2 %, 15838 MiB, 16384 MiB, 47.49 W, 55
2026/09/15 04:37:19.451, 4 %, 4 %, 15838 MiB, 16384 MiB, 47.57 W, 55
2026/09/15 04:37:20.453, 4 %, 4 %, 15838 MiB, 16384 MiB, 46.85 W, 55
2026/09/15 04:37:21.456, 1 %, 2 %, 15838 MiB, 16384 MiB, 50.65 W, 55
2026/09/15 04:37:22.459, 100 %, 7 %, 15838 MiB, 16384 MiB, 66.03 W, 56
2026/09/15 04:37:23.461, 100 %, 9 %, 15838 MiB, 16384 MiB, 66.18 W, 56
2026/09/15 04:37:24.464, 100 %, 7 %, 15838 MiB, 16384 MiB, 59.81 W, 56
2026/09/15 04:37:25.466, 100 %, 7 %, 15838 MiB, 16384 MiB, 66.38 W, 56
2026/09/15 04:37:26.469, 100 %, 7 %, 15838 MiB, 16384 MiB, 66.39 W, 56
2026/09/15 04:37:27.471, 2 %, 3 %, 15838 MiB, 16384 MiB, 58.98 W, 56
2026/09/15 04:37:28.473, 4 %, 4 %, 15838 MiB, 16384 MiB, 59.13 W, 56
2026/09/15 04:37:29.476, 5 %, 5 %, 15838 MiB, 16384 MiB, 46.76 W, 55
2026/09/15 04:37:30.478, 1 %, 2 %, 15838 MiB, 16384 MiB, 49.97 W, 55
2026/09/15 04:37:31.482, 1 %, 2 %, 15838 MiB, 16384 MiB, 50.32 W, 55
2026/09/15 04:37:32.485, 2 %, 3 %, 15838 MiB, 16384 MiB, 46.61 W, 55
2026/09/15 04:37:33.488, 1 %, 2 %, 15838 MiB, 16384 MiB, 46.81 W, 55
2026/09/15 04:37:34.491, 1 %, 2 %, 15838 MiB, 16384 MiB, 46.84 W, 55
2026/09/15 04:37:35.494, 4 %, 4 %, 15838 MiB, 16384 MiB, 46.82 W, 55
2026/09/15 04:37:36.497, 4 %, 4 %, 15838 MiB, 16384 MiB, 46.93 W, 55
2026/09/15 04:37:37.499, 1 %, 2 %, 15838 MiB, 16384 MiB, 46.08 W, 55
2026/09/15 04:37:38.502, 1 %, 3 %, 15838 MiB, 16384 MiB, 50.89 W, 55
2026/09/15 04:37:39.505, 1 %, 2 %, 15838 MiB, 16384 MiB, 47.27 W, 55
2026/09/15 04:37:40.507, 2 %, 3 %, 15838 MiB, 16384 MiB, 46.89 W, 55
2026/09/15 04:37:41.510, 1 %, 2 %, 15838 MiB, 16384 MiB, 47.12 W, 55
2026/09/15 04:37:42.513, 4 %, 4 %, 15838 MiB, 16384 MiB, 46.81 W, 55
2026/09/15 04:37:43.516, 4 %, 4 %, 15838 MiB, 16384 MiB, 47.06 W, 55
2026/09/15 04:37:44.519, 4 %, 4 %, 15838 MiB, 16384 MiB, 46.96 W, 55
2026/09/15 04:37:45.522, 1 %, 2 %, 15838 MiB, 16384 MiB, 50.38 W, 55
2026/09/15 04:37:46.524, 1 %, 2 %, 15838 MiB, 16384 MiB, 50.27 W, 55
2026/09/15 04:37:47.527, 1 %, 2 %, 15838 MiB, 16384 MiB, 47.25 W, 55
2026/09/15 04:37:48.530, 1 %, 2 %, 15838 MiB, 16384 MiB, 47.08 W, 55
2026/09/15 04:37:49.533, 4 %, 4 %, 15838 MiB, 16384 MiB, 47.06 W, 55
2026/09/15 04:37:50.536, 100 %, 9 %, 15838 MiB, 16384 MiB, 66.52 W, 56
2026/09/15 04:37:51.539, 100 %, 7 %, 15838 MiB, 16384 MiB, 59.74 W, 56
2026/09/15 04:37:52.542, 100 %, 7 %, 15838 MiB, 16384 MiB, 66.33 W, 56
2026/09/15 04:37:53.545, 100 %, 7 %, 15838 MiB, 16384 MiB, 66.03 W, 56
2026/09/15 04:37:54.548, 100 %, 9 %, 15838 MiB, 16384 MiB, 59.70 W, 56
2026/09/15 04:37:55.552, 100 %, 7 %, 15838 MiB, 16384 MiB, 64.41 W, 56
2026/09/15 04:37:56.555, 2 %, 3 %, 15838 MiB, 16384 MiB, 59.22 W, 56
2026/09/15 04:37:57.559, 1 %, 2 %, 15838 MiB, 16384 MiB, 46.94 W, 55
2026/09/15 04:37:58.562, 4 %, 4 %, 15838 MiB, 16384 MiB, 47.09 W, 55
2026/09/15 04:37:59.565, 4 %, 4 %, 15838 MiB, 16384 MiB, 47.35 W, 55
2026/09/15 04:38:00.569, 1 %, 2 %, 15838 MiB, 16384 MiB, 46.98 W, 55
2026/09/15 04:38:01.572, 1 %, 3 %, 15838 MiB, 16384 MiB, 50.44 W, 55
2026/09/15 04:38:02.575, 1 %, 2 %, 15838 MiB, 16384 MiB, 50.57 W, 55
2026/09/15 04:38:03.578, 2 %, 3 %, 15838 MiB, 16384 MiB, 46.76 W, 55
2026/09/15 04:38:04.581, 1 %, 2 %, 15838 MiB, 16384 MiB, 46.91 W, 55
2026/09/15 04:38:05.584, 4 %, 5 %, 15838 MiB, 16384 MiB, 46.88 W, 55
2026/09/15 04:38:06.587, 4 %, 4 %, 15838 MiB, 16384 MiB, 46.78 W, 55
2026/09/15 04:38:07.591, 5 %, 5 %, 15838 MiB, 16384 MiB, 46.47 W, 55
2026/09/15 04:38:08.594, 1 %, 2 %, 15838 MiB, 16384 MiB, 50.30 W, 55
2026/09/15 04:38:09.597, 1 %, 2 %, 15838 MiB, 16384 MiB, 50.40 W, 55
2026/09/15 04:38:10.601, 1 %, 2 %, 15838 MiB, 16384 MiB, 46.47 W, 55
2026/09/15 04:38:11.605, 1 %, 2 %, 15838 MiB, 16384 MiB, 46.48 W, 55
2026/09/15 04:38:12.609, 1 %, 2 %, 15838 MiB, 16384 MiB, 46.60 W, 55
2026/09/15 04:38:13.612, 5 %, 5 %, 15838 MiB, 16384 MiB, 46.95 W, 55
2026/09/15 04:38:14.615, 4 %, 4 %, 15838 MiB, 16384 MiB, 46.98 W, 55
2026/09/15 04:38:15.619, 5 %, 5 %, 15838 MiB, 16384 MiB, 46.79 W, 55
2026/09/15 04:38:16.622, 2 %, 3 %, 15838 MiB, 16384 MiB, 50.39 W, 55
2026/09/15 04:38:17.625, 1 %, 2 %, 15838 MiB, 16384 MiB, 46.85 W, 55
2026/09/15 04:38:18.629, 100 %, 9 %, 15838 MiB, 16384 MiB, 59.48 W, 56
2026/09/15 04:38:19.632, 100 %, 7 %, 15838 MiB, 16384 MiB, 67.39 W, 56
2026/09/15 04:38:20.635, 100 %, 7 %, 15838 MiB, 16384 MiB, 67.38 W, 56
2026/09/15 04:38:21.638, 100 %, 9 %, 15838 MiB, 16384 MiB, 64.87 W, 56
2026/09/15 04:38:22.641, 100 %, 7 %, 15838 MiB, 16384 MiB, 59.76 W, 56
2026/09/15 04:38:23.644, 100 %, 7 %, 15838 MiB, 16384 MiB, 66.23 W, 56
2026/09/15 04:38:24.647, 4 %, 4 %, 15838 MiB, 16384 MiB, 59.19 W, 56
2026/09/15 04:38:25.650, 2 %, 3 %, 15838 MiB, 16384 MiB, 64.63 W, 56
2026/09/15 04:38:26.652, 2 %, 3 %, 15838 MiB, 16384 MiB, 46.83 W, 55
2026/09/15 04:38:27.656, 2 %, 3 %, 15838 MiB, 16384 MiB, 46.84 W, 55
2026/09/15 04:38:28.658, 4 %, 4 %, 15838 MiB, 16384 MiB, 46.83 W, 55
2026/09/15 04:38:29.662, 4 %, 4 %, 15838 MiB, 16384 MiB, 46.81 W, 55
2026/09/15 04:38:30.665, 1 %, 2 %, 15838 MiB, 16384 MiB, 46.07 W, 55
2026/09/15 04:38:31.668, 1 %, 2 %, 15838 MiB, 16384 MiB, 50.03 W, 55
2026/09/15 04:38:32.671, 1 %, 3 %, 15838 MiB, 16384 MiB, 46.33 W, 55
2026/09/15 04:38:33.674, 2 %, 3 %, 15838 MiB, 16384 MiB, 46.41 W, 55
2026/09/15 04:38:34.679, 1 %, 2 %, 15838 MiB, 16384 MiB, 46.52 W, 55
2026/09/15 04:38:35.681, 4 %, 4 %, 15838 MiB, 16384 MiB, 46.77 W, 55
2026/09/15 04:38:36.685, 4 %, 4 %, 15838 MiB, 16384 MiB, 46.86 W, 55
2026/09/15 04:38:37.687, 5 %, 5 %, 15838 MiB, 16384 MiB, 46.35 W, 55
2026/09/15 04:38:38.690, 2 %, 3 %, 15838 MiB, 16384 MiB, 50.22 W, 55
2026/09/15 04:38:39.693, 1 %, 2 %, 15838 MiB, 16384 MiB, 50.92 W, 55
2026/09/15 04:38:40.696, 1 %, 2 %, 15838 MiB, 16384 MiB, 46.69 W, 55
2026/09/15 04:38:41.699, 1 %, 2 %, 15838 MiB, 16384 MiB, 46.35 W, 55
2026/09/15 04:38:42.703, 1 %, 2 %, 15838 MiB, 16384 MiB, 46.77 W, 55
2026/09/15 04:38:43.706, 1 %, 2 %, 15838 MiB, 16384 MiB, 46.85 W, 55
2026/09/15 04:38:44.709, 4 %, 4 %, 15838 MiB, 16384 MiB, 46.88 W, 55
2026/09/15 04:38:45.712, 4 %, 4 %, 15838 MiB, 16384 MiB, 46.85 W, 55
2026/09/15 04:38:46.715, 1 %, 2 %, 15838 MiB, 16384 MiB, 48.97 W, 55
2026/09/15 04:38:47.718, 100 %, 7 %, 15838 MiB, 16384 MiB, 65.94 W, 56
2026/09/15 04:38:48.721, 100 %, 9 %, 15838 MiB, 16384 MiB, 66.19 W, 56
2026/09/15 04:38:49.725, 100 %, 7 %, 15838 MiB, 16384 MiB, 59.60 W, 56
2026/09/15 04:38:50.728, 100 %, 7 %, 15838 MiB, 16384 MiB, 66.05 W, 56
2026/09/15 04:38:51.732, 100 %, 9 %, 15838 MiB, 16384 MiB, 65.85 W, 56
2026/09/15 04:38:52.736, 2 %, 3 %, 15838 MiB, 16384 MiB, 58.91 W, 56
2026/09/15 04:38:53.740, 2 %, 3 %, 15838 MiB, 16384 MiB, 58.81 W, 56
2026/09/15 04:38:54.743, 2 %, 3 %, 15838 MiB, 16384 MiB, 46.50 W, 55
2026/09/15 04:38:55.749, 4 %, 5 %, 15838 MiB, 16384 MiB, 49.15 W, 55
2026/09/15 04:38:56.753, 4 %, 4 %, 15838 MiB, 16384 MiB, 50.16 W, 55
2026/09/15 04:38:57.756, 5 %, 5 %, 15838 MiB, 16384 MiB, 46.48 W, 55
2026/09/15 04:38:58.759, 1 %, 2 %, 15838 MiB, 16384 MiB, 46.51 W, 55
2026/09/15 04:38:59.761, 1 %, 2 %, 15838 MiB, 16384 MiB, 46.21 W, 55
2026/09/15 04:39:00.764, 1 %, 3 %, 15838 MiB, 16384 MiB, 47.13 W, 55
2026/09/15 04:39:01.766, 2 %, 3 %, 15838 MiB, 16384 MiB, 47.29 W, 55
2026/09/15 04:39:02.770, 1 %, 2 %, 15838 MiB, 16384 MiB, 46.22 W, 55
2026/09/15 04:39:03.773, 5 %, 5 %, 15838 MiB, 16384 MiB, 50.31 W, 55
2026/09/15 04:39:04.776, 4 %, 4 %, 15838 MiB, 16384 MiB, 49.90 W, 55
2026/09/15 04:39:05.780, 4 %, 5 %, 15838 MiB, 16384 MiB, 46.22 W, 55
2026/09/15 04:39:06.783, 1 %, 3 %, 15838 MiB, 16384 MiB, 46.14 W, 55
2026/09/15 04:39:07.787, 1 %, 2 %, 15838 MiB, 16384 MiB, 46.28 W, 55
2026/09/15 04:39:08.790, 1 %, 2 %, 15838 MiB, 16384 MiB, 46.49 W, 55
2026/09/15 04:39:09.794, 1 %, 2 %, 15838 MiB, 16384 MiB, 46.61 W, 55
2026/09/15 04:39:10.797, 1 %, 3 %, 15838 MiB, 16384 MiB, 46.65 W, 55
2026/09/15 04:39:11.800, 1 %, 2 %, 15838 MiB, 16384 MiB, 46.44 W, 55
2026/09/15 04:39:12.803, 4 %, 4 %, 15838 MiB, 16384 MiB, 48.44 W, 55
2026/09/15 04:39:13.807, 4 %, 4 %, 15838 MiB, 16384 MiB, 50.16 W, 55
2026/09/15 04:39:14.810, 21 %, 9 %, 15838 MiB, 16384 MiB, 46.60 W, 55
2026/09/15 04:39:15.814, 100 %, 6 %, 15838 MiB, 16384 MiB, 64.60 W, 56
2026/09/15 04:39:16.817, 100 %, 6 %, 15838 MiB, 16384 MiB, 64.51 W, 56
2026/09/15 04:39:17.820, 100 %, 6 %, 15838 MiB, 16384 MiB, 63.74 W, 56
2026/09/15 04:39:18.824, 100 %, 9 %, 15838 MiB, 16384 MiB, 59.21 W, 56
2026/09/15 04:39:19.827, 100 %, 6 %, 15838 MiB, 16384 MiB, 64.83 W, 56
2026/09/15 04:39:20.830, 2 %, 3 %, 15838 MiB, 16384 MiB, 60.33 W, 56
2026/09/15 04:39:21.833, 1 %, 2 %, 15838 MiB, 16384 MiB, 59.97 W, 56
2026/09/15 04:39:22.837, 3 %, 4 %, 15838 MiB, 16384 MiB, 48.91 W, 55
2026/09/15 04:39:23.840, 4 %, 4 %, 15838 MiB, 16384 MiB, 46.02 W, 55
2026/09/15 04:39:24.843, 4 %, 5 %, 15838 MiB, 16384 MiB, 46.32 W, 55
2026/09/15 04:39:25.846, 1 %, 2 %, 15838 MiB, 16384 MiB, 46.28 W, 55
2026/09/15 04:39:26.850, 1 %, 2 %, 15838 MiB, 16384 MiB, 46.31 W, 55
2026/09/15 04:39:27.853, 1 %, 2 %, 15838 MiB, 16384 MiB, 46.18 W, 55
2026/09/15 04:39:28.856, 2 %, 3 %, 15838 MiB, 16384 MiB, 46.26 W, 55
2026/09/15 04:39:29.859, 1 %, 2 %, 15838 MiB, 16384 MiB, 46.14 W, 55
2026/09/15 04:39:30.862, 3 %, 4 %, 15838 MiB, 16384 MiB, 49.15 W, 55
2026/09/15 04:39:31.866, 4 %, 5 %, 15838 MiB, 16384 MiB, 46.31 W, 55
2026/09/15 04:39:32.869, 1 %, 2 %, 15838 MiB, 16384 MiB, 46.14 W, 55
2026/09/15 04:39:33.871, 2 %, 3 %, 15838 MiB, 16384 MiB, 46.25 W, 55
2026/09/15 04:39:34.874, 2 %, 3 %, 15838 MiB, 16384 MiB, 46.48 W, 55
2026/09/15 04:39:35.878, 1 %, 2 %, 15838 MiB, 16384 MiB, 46.29 W, 55
2026/09/15 04:39:36.881, 1 %, 2 %, 15838 MiB, 16384 MiB, 45.67 W, 55
2026/09/15 04:39:37.884, 4 %, 4 %, 15838 MiB, 16384 MiB, 48.62 W, 55
2026/09/15 04:39:38.887, 3 %, 4 %, 15838 MiB, 16384 MiB, 49.25 W, 55
2026/09/15 04:39:39.890, 3 %, 3 %, 15838 MiB, 16384 MiB, 46.24 W, 55
2026/09/15 04:39:40.894, 1 %, 2 %, 15838 MiB, 16384 MiB, 46.94 W, 55
2026/09/15 04:39:41.898, 1 %, 2 %, 15838 MiB, 16384 MiB, 46.38 W, 55
2026/09/15 04:39:42.901, 1 %, 2 %, 15838 MiB, 16384 MiB, 46.35 W, 55
2026/09/15 04:39:43.904, 100 %, 6 %, 15838 MiB, 16384 MiB, 61.51 W, 56
2026/09/15 04:39:44.907, 100 %, 9 %, 15838 MiB, 16384 MiB, 59.52 W, 56
2026/09/15 04:39:45.911, 100 %, 6 %, 15838 MiB, 16384 MiB, 65.01 W, 56
2026/09/15 04:39:46.914, 100 %, 6 %, 15838 MiB, 16384 MiB, 64.89 W, 56
2026/09/15 04:39:47.918, 100 %, 6 %, 15838 MiB, 16384 MiB, 59.99 W, 56
2026/09/15 04:39:48.921, 90 %, 9 %, 15838 MiB, 16384 MiB, 59.57 W, 56
2026/09/15 04:39:49.924, 2 %, 3 %, 15838 MiB, 16384 MiB, 58.85 W, 56
2026/09/15 04:39:50.928, 1 %, 3 %, 15838 MiB, 16384 MiB, 46.60 W, 55
2026/09/15 04:39:51.932, 1 %, 2 %, 15838 MiB, 16384 MiB, 46.31 W, 55
2026/09/15 04:39:52.936, 3 %, 4 %, 15838 MiB, 16384 MiB, 49.30 W, 55
2026/09/15 04:39:53.939, 3 %, 4 %, 15838 MiB, 16384 MiB, 46.33 W, 55
2026/09/15 04:39:54.941, 1 %, 2 %, 15838 MiB, 16384 MiB, 46.73 W, 55
2026/09/15 04:39:55.944, 1 %, 2 %, 15838 MiB, 16384 MiB, 46.81 W, 55
2026/09/15 04:39:56.946, 2 %, 3 %, 15838 MiB, 16384 MiB, 46.70 W, 55
2026/09/15 04:39:57.949, 1 %, 2 %, 15838 MiB, 16384 MiB, 46.61 W, 55
2026/09/15 04:39:58.952, 1 %, 2 %, 15838 MiB, 16384 MiB, 46.60 W, 55
2026/09/15 04:39:59.954, 4 %, 5 %, 15838 MiB, 16384 MiB, 46.43 W, 55
2026/09/15 04:40:00.957, 4 %, 5 %, 15838 MiB, 16384 MiB, 50.54 W, 55
2026/09/15 04:40:01.959, 4 %, 5 %, 15838 MiB, 16384 MiB, 47.11 W, 55
2026/09/15 04:40:02.962, 1 %, 2 %, 15838 MiB, 16384 MiB, 46.40 W, 55
2026/09/15 04:40:03.964, 1 %, 2 %, 15838 MiB, 16384 MiB, 46.16 W, 55
2026/09/15 04:40:04.969, 1 %, 2 %, 15838 MiB, 16384 MiB, 46.47 W, 55
2026/09/15 04:40:05.971, 1 %, 2 %, 15838 MiB, 16384 MiB, 46.22 W, 55
2026/09/15 04:40:06.974, 1 %, 2 %, 15838 MiB, 16384 MiB, 46.35 W, 55
2026/09/15 04:40:07.976, 4 %, 4 %, 15838 MiB, 16384 MiB, 45.78 W, 55
2026/09/15 04:40:08.979, 4 %, 4 %, 15838 MiB, 16384 MiB, 49.11 W, 55
2026/09/15 04:40:09.981, 4 %, 5 %, 15838 MiB, 16384 MiB, 46.36 W, 55
2026/09/15 04:40:10.984, 1 %, 2 %, 15838 MiB, 16384 MiB, 46.67 W, 55
2026/09/15 04:40:11.987, 100 %, 8 %, 15838 MiB, 16384 MiB, 60.94 W, 56
2026/09/15 04:40:12.989, 100 %, 9 %, 15838 MiB, 16384 MiB, 59.56 W, 56
2026/09/15 04:40:13.992, 100 %, 7 %, 15838 MiB, 16384 MiB, 68.43 W, 56
2026/09/15 04:40:14.994, 100 %, 9 %, 15838 MiB, 16384 MiB, 59.44 W, 56
2026/09/15 04:40:15.997, 100 %, 7 %, 15838 MiB, 16384 MiB, 68.44 W, 56
2026/09/15 04:40:16.999, 100 %, 9 %, 15838 MiB, 16384 MiB, 59.27 W, 56
2026/09/15 04:40:18.001, 1 %, 2 %, 15838 MiB, 16384 MiB, 58.94 W, 56
2026/09/15 04:40:19.004, 2 %, 3 %, 15838 MiB, 16384 MiB, 58.84 W, 56
2026/09/15 04:40:20.006, 6 %, 4 %, 15838 MiB, 16384 MiB, 45.52 W, 55
2026/09/15 04:40:21.009, 7 %, 5 %, 15838 MiB, 16384 MiB, 46.98 W, 55
2026/09/15 04:40:22.012, 1 %, 2 %, 15838 MiB, 16384 MiB, 47.28 W, 55
2026/09/15 04:40:23.016, 1 %, 3 %, 15838 MiB, 16384 MiB, 46.91 W, 55
2026/09/15 04:40:24.019, 1 %, 2 %, 15838 MiB, 16384 MiB, 46.85 W, 55
2026/09/15 04:40:25.023, 1 %, 2 %, 15838 MiB, 16384 MiB, 46.90 W, 55
2026/09/15 04:40:26.026, 7 %, 5 %, 15838 MiB, 16384 MiB, 46.61 W, 55
2026/09/15 04:40:27.030, 6 %, 4 %, 15838 MiB, 16384 MiB, 51.94 W, 55
2026/09/15 04:40:28.034, 7 %, 5 %, 15838 MiB, 16384 MiB, 46.81 W, 55
2026/09/15 04:40:29.038, 2 %, 3 %, 15838 MiB, 16384 MiB, 46.99 W, 55
2026/09/15 04:40:30.042, 1 %, 2 %, 15838 MiB, 16384 MiB, 46.73 W, 55
2026/09/15 04:40:31.045, 2 %, 3 %, 15838 MiB, 16384 MiB, 46.65 W, 55
2026/09/15 04:40:32.049, 1 %, 2 %, 15838 MiB, 16384 MiB, 46.17 W, 55
2026/09/15 04:40:33.053, 6 %, 4 %, 15838 MiB, 16384 MiB, 51.69 W, 55
2026/09/15 04:40:34.056, 1 %, 2 %, 15838 MiB, 16384 MiB, 46.77 W, 55
2026/09/15 04:40:35.060, 1 %, 2 %, 15838 MiB, 16384 MiB, 46.77 W, 55
2026/09/15 04:40:36.063, 1 %, 2 %, 15838 MiB, 16384 MiB, 46.77 W, 55
2026/09/15 04:40:37.067, 1 %, 2 %, 15838 MiB, 16384 MiB, 46.78 W, 55
2026/09/15 04:40:38.071, 1 %, 2 %, 15838 MiB, 16384 MiB, 46.46 W, 55
2026/09/15 04:40:39.074, 6 %, 4 %, 15838 MiB, 16384 MiB, 51.75 W, 55
2026/09/15 04:40:40.078, 7 %, 5 %, 15838 MiB, 16384 MiB, 46.49 W, 55
2026/09/15 04:40:41.081, 100 %, 9 %, 15838 MiB, 16384 MiB, 59.00 W, 56
2026/09/15 04:40:42.085, 100 %, 6 %, 15838 MiB, 16384 MiB, 65.96 W, 56
2026/09/15 04:40:43.088, 100 %, 6 %, 15838 MiB, 16384 MiB, 66.21 W, 56
2026/09/15 04:40:44.091, 100 %, 6 %, 15838 MiB, 16384 MiB, 64.79 W, 56
2026/09/15 04:40:45.095, 100 %, 9 %, 15838 MiB, 16384 MiB, 59.15 W, 56
2026/09/15 04:40:46.100, 100 %, 6 %, 15838 MiB, 16384 MiB, 65.01 W, 56
2026/09/15 04:40:47.103, 2 %, 3 %, 15838 MiB, 16384 MiB, 59.15 W, 56
2026/09/15 04:40:48.106, 3 %, 4 %, 15838 MiB, 16384 MiB, 63.00 W, 56
2026/09/15 04:40:49.108, 4 %, 5 %, 15838 MiB, 16384 MiB, 46.63 W, 55
2026/09/15 04:40:50.112, 1 %, 3 %, 15838 MiB, 16384 MiB, 46.67 W, 55
2026/09/15 04:40:51.115, 1 %, 2 %, 15838 MiB, 16384 MiB, 46.67 W, 55
2026/09/15 04:40:52.118, 1 %, 2 %, 15838 MiB, 16384 MiB, 46.50 W, 55
2026/09/15 04:40:53.121, 1 %, 2 %, 15838 MiB, 16384 MiB, 46.69 W, 55
2026/09/15 04:40:54.124, 1 %, 2 %, 15838 MiB, 16384 MiB, 46.40 W, 55
2026/09/15 04:40:55.127, 3 %, 4 %, 15838 MiB, 16384 MiB, 46.20 W, 55
2026/09/15 04:40:56.130, 3 %, 4 %, 15838 MiB, 16384 MiB, 49.08 W, 55
2026/09/15 04:40:57.134, 3 %, 4 %, 15838 MiB, 16384 MiB, 49.58 W, 55
2026/09/15 04:40:58.137, 2 %, 3 %, 15838 MiB, 16384 MiB, 46.51 W, 55
2026/09/15 04:40:59.140, 1 %, 2 %, 15838 MiB, 16384 MiB, 46.26 W, 55
2026/09/15 04:41:00.143, 1 %, 2 %, 15838 MiB, 16384 MiB, 46.58 W, 55
2026/09/15 04:41:01.146, 1 %, 2 %, 15838 MiB, 16384 MiB, 46.73 W, 55
2026/09/15 04:41:02.150, 1 %, 2 %, 15838 MiB, 16384 MiB, 46.79 W, 55
2026/09/15 04:41:03.153, 3 %, 4 %, 15838 MiB, 16384 MiB, 49.58 W, 55
2026/09/15 04:41:04.156, 3 %, 4 %, 15838 MiB, 16384 MiB, 49.15 W, 55
2026/09/15 04:41:05.160, 4 %, 5 %, 15838 MiB, 16384 MiB, 46.51 W, 55
2026/09/15 04:41:06.166, 1 %, 2 %, 15838 MiB, 16384 MiB, 46.49 W, 55
2026/09/15 04:41:07.169, 1 %, 2 %, 15838 MiB, 16384 MiB, 46.45 W, 55
2026/09/15 04:41:08.171, 1 %, 3 %, 15838 MiB, 16384 MiB, 46.41 W, 55
2026/09/15 04:41:09.174, 100 %, 6 %, 15838 MiB, 16384 MiB, 66.15 W, 56
2026/09/15 04:41:10.176, 100 %, 6 %, 15838 MiB, 16384 MiB, 66.67 W, 56
2026/09/15 04:41:11.179, 100 %, 7 %, 15838 MiB, 16384 MiB, 62.87 W, 56
2026/09/15 04:41:12.182, 100 %, 6 %, 15838 MiB, 16384 MiB, 66.58 W, 56
2026/09/15 04:41:13.186, 100 %, 9 %, 15838 MiB, 16384 MiB, 59.52 W, 56
2026/09/15 04:41:14.189, 100 %, 6 %, 15838 MiB, 16384 MiB, 66.85 W, 56
2026/09/15 04:41:15.193, 1 %, 2 %, 15838 MiB, 16384 MiB, 58.71 W, 56
2026/09/15 04:41:16.197, 2 %, 3 %, 15838 MiB, 16384 MiB, 58.99 W, 56
2026/09/15 04:41:17.200, 1 %, 2 %, 15838 MiB, 16384 MiB, 46.28 W, 55
2026/09/15 04:41:18.204, 6 %, 4 %, 15838 MiB, 16384 MiB, 50.03 W, 55
2026/09/15 04:41:19.208, 6 %, 4 %, 15838 MiB, 16384 MiB, 46.68 W, 55
2026/09/15 04:41:20.212, 1 %, 2 %, 15838 MiB, 16384 MiB, 46.60 W, 55
2026/09/15 04:41:21.215, 1 %, 2 %, 15838 MiB, 16384 MiB, 46.74 W, 55
2026/09/15 04:41:22.219, 1 %, 2 %, 15838 MiB, 16384 MiB, 47.40 W, 55
2026/09/15 04:41:23.223, 1 %, 3 %, 15838 MiB, 16384 MiB, 47.36 W, 55
2026/09/15 04:41:24.226, 1 %, 2 %, 15838 MiB, 16384 MiB, 46.80 W, 55
2026/09/15 04:41:25.230, 6 %, 4 %, 15838 MiB, 16384 MiB, 46.19 W, 55
2026/09/15 04:41:26.233, 6 %, 4 %, 15838 MiB, 16384 MiB, 50.86 W, 55
2026/09/15 04:41:27.237, 1 %, 2 %, 15838 MiB, 16384 MiB, 46.95 W, 55
2026/09/15 04:41:28.241, 2 %, 3 %, 15838 MiB, 16384 MiB, 47.06 W, 55
2026/09/15 04:41:29.244, 2 %, 3 %, 15838 MiB, 16384 MiB, 46.74 W, 55
2026/09/15 04:41:30.249, 1 %, 2 %, 15838 MiB, 16384 MiB, 46.69 W, 55
2026/09/15 04:41:31.251, 1 %, 2 %, 15838 MiB, 16384 MiB, 46.68 W, 55
2026/09/15 04:41:32.254, 6 %, 5 %, 15838 MiB, 16384 MiB, 46.52 W, 55
2026/09/15 04:41:33.256, 6 %, 4 %, 15838 MiB, 16384 MiB, 50.52 W, 55
2026/09/15 04:41:34.259, 6 %, 4 %, 15838 MiB, 16384 MiB, 47.01 W, 55
2026/09/15 04:41:35.262, 1 %, 2 %, 15838 MiB, 16384 MiB, 46.62 W, 55
2026/09/15 04:41:36.264, 1 %, 2 %, 15838 MiB, 16384 MiB, 46.60 W, 55
2026/09/15 04:41:37.267, 1 %, 2 %, 15838 MiB, 16384 MiB, 46.52 W, 55
2026/09/15 04:41:38.269, 100 %, 9 %, 15838 MiB, 16384 MiB, 59.17 W, 56
2026/09/15 04:41:39.272, 100 %, 8 %, 15838 MiB, 16384 MiB, 59.24 W, 56
2026/09/15 04:41:40.274, 100 %, 6 %, 15838 MiB, 16384 MiB, 65.06 W, 56
2026/09/15 04:41:41.278, 100 %, 6 %, 15838 MiB, 16384 MiB, 65.34 W, 56
2026/09/15 04:41:42.280, 100 %, 9 %, 15838 MiB, 16384 MiB, 59.55 W, 56
2026/09/15 04:41:43.283, 35 %, 5 %, 15838 MiB, 16384 MiB, 64.42 W, 56
2026/09/15 04:41:44.285, 2 %, 2 %, 15838 MiB, 16384 MiB, 59.87 W, 56
2026/09/15 04:41:45.287, 2 %, 3 %, 15838 MiB, 16384 MiB, 46.63 W, 55
2026/09/15 04:41:46.290, 1 %, 2 %, 15838 MiB, 16384 MiB, 46.49 W, 55
2026/09/15 04:41:47.293, 1 %, 2 %, 15838 MiB, 16384 MiB, 46.24 W, 55
2026/09/15 04:41:48.296, 4 %, 4 %, 15838 MiB, 16384 MiB, 45.76 W, 55
2026/09/15 04:41:49.299, 4 %, 4 %, 15838 MiB, 16384 MiB, 49.66 W, 55
2026/09/15 04:41:50.301, 4 %, 5 %, 15838 MiB, 16384 MiB, 46.68 W, 55
2026/09/15 04:41:51.304, 1 %, 2 %, 15838 MiB, 16384 MiB, 46.67 W, 55
2026/09/15 04:41:52.307, 1 %, 2 %, 15838 MiB, 16384 MiB, 46.81 W, 55
2026/09/15 04:41:53.310, 1 %, 2 %, 15838 MiB, 16384 MiB, 46.44 W, 55
2026/09/15 04:41:54.313, 2 %, 3 %, 15838 MiB, 16384 MiB, 46.61 W, 55
2026/09/15 04:41:55.316, 4 %, 4 %, 15838 MiB, 16384 MiB, 45.81 W, 55
2026/09/15 04:41:56.319, 4 %, 4 %, 15838 MiB, 16384 MiB, 49.96 W, 55
2026/09/15 04:41:57.323, 1 %, 2 %, 15838 MiB, 16384 MiB, 46.59 W, 55
2026/09/15 04:41:58.329, 1 %, 2 %, 15838 MiB, 16384 MiB, 46.62 W, 55
2026/09/15 04:41:59.332, 1 %, 2 %, 15838 MiB, 16384 MiB, 46.50 W, 55
2026/09/15 04:42:00.334, 1 %, 2 %, 15838 MiB, 16384 MiB, 46.53 W, 55
2026/09/15 04:42:01.337, 1 %, 2 %, 15838 MiB, 16384 MiB, 46.47 W, 55
2026/09/15 04:42:02.339, 4 %, 4 %, 15838 MiB, 16384 MiB, 45.97 W, 55
2026/09/15 04:42:03.342, 4 %, 5 %, 15838 MiB, 16384 MiB, 50.23 W, 55
2026/09/15 04:42:04.345, 4 %, 5 %, 15838 MiB, 16384 MiB, 47.08 W, 55
2026/09/15 04:42:05.349, 1 %, 2 %, 15838 MiB, 16384 MiB, 46.61 W, 55
2026/09/15 04:42:06.352, 100 %, 7 %, 15838 MiB, 16384 MiB, 65.04 W, 56
2026/09/15 04:42:07.355, 100 %, 6 %, 15838 MiB, 16384 MiB, 65.67 W, 56
2026/09/15 04:42:08.358, 100 %, 6 %, 15838 MiB, 16384 MiB, 65.42 W, 56
2026/09/15 04:42:09.360, 100 %, 9 %, 15838 MiB, 16384 MiB, 59.50 W, 56
2026/09/15 04:42:10.363, 100 %, 6 %, 15838 MiB, 16384 MiB, 65.48 W, 56
2026/09/15 04:42:11.365, 100 %, 7 %, 15838 MiB, 16384 MiB, 65.63 W, 56
2026/09/15 04:42:12.367, 1 %, 2 %, 15838 MiB, 16384 MiB, 59.03 W, 56
2026/09/15 04:42:13.370, 4 %, 4 %, 15838 MiB, 16384 MiB, 64.02 W, 56
2026/09/15 04:42:14.372, 1 %, 2 %, 15838 MiB, 16384 MiB, 46.75 W, 55
2026/09/15 04:42:15.375, 2 %, 3 %, 15838 MiB, 16384 MiB, 46.72 W, 55
2026/09/15 04:42:16.378, 2 %, 3 %, 15838 MiB, 16384 MiB, 46.83 W, 55
2026/09/15 04:42:17.380, 1 %, 2 %, 15838 MiB, 16384 MiB, 46.56 W, 55
2026/09/15 04:42:18.383, 1 %, 2 %, 15838 MiB, 16384 MiB, 46.43 W, 55
2026/09/15 04:42:19.385, 4 %, 4 %, 15838 MiB, 16384 MiB, 46.24 W, 55
2026/09/15 04:42:20.388, 4 %, 4 %, 15838 MiB, 16384 MiB, 49.49 W, 55
2026/09/15 04:42:21.390, 4 %, 5 %, 15838 MiB, 16384 MiB, 46.45 W, 55
2026/09/15 04:42:22.393, 1 %, 2 %, 15838 MiB, 16384 MiB, 46.65 W, 55
2026/09/15 04:42:23.395, 2 %, 3 %, 15838 MiB, 16384 MiB, 46.71 W, 55
2026/09/15 04:42:24.398, 1 %, 2 %, 15838 MiB, 16384 MiB, 47.31 W, 55
2026/09/15 04:42:25.400, 1 %, 2 %, 15838 MiB, 16384 MiB, 47.16 W, 55
2026/09/15 04:42:26.403, 4 %, 5 %, 15838 MiB, 16384 MiB, 46.40 W, 55
2026/09/15 04:42:27.405, 4 %, 4 %, 15838 MiB, 16384 MiB, 49.63 W, 55
2026/09/15 04:42:28.410, 4 %, 4 %, 15838 MiB, 16384 MiB, 46.92 W, 55
2026/09/15 04:42:29.413, 1 %, 2 %, 15838 MiB, 16384 MiB, 46.62 W, 55
2026/09/15 04:42:30.415, 1 %, 2 %, 15838 MiB, 16384 MiB, 46.85 W, 55
2026/09/15 04:42:31.418, 2 %, 3 %, 15838 MiB, 16384 MiB, 46.88 W, 55
2026/09/15 04:42:32.421, 1 %, 2 %, 15838 MiB, 16384 MiB, 46.63 W, 55
2026/09/15 04:42:33.423, 2 %, 3 %, 15838 MiB, 16384 MiB, 46.62 W, 55
2026/09/15 04:42:34.426, 94 %, 13 %, 15838 MiB, 16384 MiB, 47.18 W, 55
2026/09/15 04:42:35.428, 100 %, 6 %, 15838 MiB, 16384 MiB, 59.66 W, 56
2026/09/15 04:42:36.431, 100 %, 6 %, 15838 MiB, 16384 MiB, 65.41 W, 56
2026/09/15 04:42:37.434, 100 %, 6 %, 15838 MiB, 16384 MiB, 65.47 W, 56
2026/09/15 04:42:38.438, 100 %, 9 %, 15838 MiB, 16384 MiB, 59.58 W, 56
2026/09/15 04:42:39.441, 100 %, 6 %, 15838 MiB, 16384 MiB, 65.42 W, 56
2026/09/15 04:42:40.444, 1 %, 2 %, 15838 MiB, 16384 MiB, 59.15 W, 56
2026/09/15 04:42:41.448, 2 %, 3 %, 15838 MiB, 16384 MiB, 59.07 W, 56
2026/09/15 04:42:42.451, 2 %, 3 %, 15838 MiB, 16384 MiB, 46.69 W, 55
2026/09/15 04:42:43.455, 4 %, 5 %, 15838 MiB, 16384 MiB, 46.78 W, 55
2026/09/15 04:42:44.459, 4 %, 4 %, 15838 MiB, 16384 MiB, 46.16 W, 55
2026/09/15 04:42:45.462, 4 %, 4 %, 15838 MiB, 16384 MiB, 50.64 W, 55
2026/09/15 04:42:46.466, 4 %, 5 %, 15838 MiB, 16384 MiB, 46.87 W, 55
2026/09/15 04:42:47.469, 1 %, 2 %, 15838 MiB, 16384 MiB, 46.78 W, 55
2026/09/15 04:42:48.473, 1 %, 3 %, 15838 MiB, 16384 MiB, 46.86 W, 55
2026/09/15 04:42:49.476, 2 %, 3 %, 15838 MiB, 16384 MiB, 46.73 W, 55
2026/09/15 04:42:50.478, 1 %, 2 %, 15838 MiB, 16384 MiB, 46.66 W, 55
2026/09/15 04:42:51.482, 1 %, 2 %, 15838 MiB, 16384 MiB, 46.91 W, 55
2026/09/15 04:42:52.485, 4 %, 4 %, 15838 MiB, 16384 MiB, 49.69 W, 55
2026/09/15 04:42:53.488, 4 %, 5 %, 15838 MiB, 16384 MiB, 50.51 W, 55
2026/09/15 04:42:54.492, 2 %, 3 %, 15838 MiB, 16384 MiB, 47.20 W, 55
2026/09/15 04:42:55.495, 1 %, 2 %, 15838 MiB, 16384 MiB, 46.94 W, 55
2026/09/15 04:42:56.498, 1 %, 2 %, 15838 MiB, 16384 MiB, 46.85 W, 55
2026/09/15 04:42:57.501, 1 %, 2 %, 15838 MiB, 16384 MiB, 46.62 W, 55
2026/09/15 04:42:58.505, 1 %, 2 %, 15838 MiB, 16384 MiB, 46.88 W, 55
2026/09/15 04:42:59.508, 4 %, 5 %, 15838 MiB, 16384 MiB, 46.82 W, 55
2026/09/15 04:43:00.511, 4 %, 4 %, 15838 MiB, 16384 MiB, 49.13 W, 55
2026/09/15 04:43:01.514, 4 %, 4 %, 15838 MiB, 16384 MiB, 50.31 W, 55
2026/09/15 04:43:02.517, 1 %, 2 %, 15838 MiB, 16384 MiB, 46.92 W, 55
2026/09/15 04:43:03.522, 100 %, 7 %, 15838 MiB, 16384 MiB, 64.80 W, 56
2026/09/15 04:43:04.524, 100 %, 9 %, 15838 MiB, 16384 MiB, 59.37 W, 56
2026/09/15 04:43:05.528, 100 %, 6 %, 15838 MiB, 16384 MiB, 66.94 W, 56
2026/09/15 04:43:06.531, 100 %, 6 %, 15838 MiB, 16384 MiB, 66.87 W, 56
2026/09/15 04:43:07.534, 100 %, 9 %, 15838 MiB, 16384 MiB, 65.50 W, 56
2026/09/15 04:43:08.537, 1 %, 2 %, 15838 MiB, 16384 MiB, 58.97 W, 56
2026/09/15 04:43:09.540, 4 %, 4 %, 15838 MiB, 16384 MiB, 62.70 W, 56
2026/09/15 04:43:10.544, 4 %, 5 %, 15838 MiB, 16384 MiB, 46.49 W, 55
2026/09/15 04:43:11.547, 1 %, 2 %, 15838 MiB, 16384 MiB, 46.27 W, 55
2026/09/15 04:43:12.550, 1 %, 2 %, 15838 MiB, 16384 MiB, 46.25 W, 55
2026/09/15 04:43:13.553, 1 %, 2 %, 15838 MiB, 16384 MiB, 46.44 W, 55
2026/09/15 04:43:14.557, 1 %, 2 %, 15838 MiB, 16384 MiB, 46.72 W, 55
2026/09/15 04:43:15.559, 1 %, 2 %, 15838 MiB, 16384 MiB, 46.73 W, 55
2026/09/15 04:43:16.563, 4 %, 4 %, 15838 MiB, 16384 MiB, 46.42 W, 55
2026/09/15 04:43:17.566, 4 %, 4 %, 15838 MiB, 16384 MiB, 49.71 W, 55
2026/09/15 04:43:18.569, 4 %, 5 %, 15838 MiB, 16384 MiB, 46.37 W, 55
2026/09/15 04:43:19.572, 2 %, 3 %, 15838 MiB, 16384 MiB, 46.62 W, 55
2026/09/15 04:43:20.576, 1 %, 2 %, 15838 MiB, 16384 MiB, 46.77 W, 55
2026/09/15 04:43:21.579, 2 %, 3 %, 15838 MiB, 16384 MiB, 46.89 W, 55
2026/09/15 04:43:22.582, 2 %, 3 %, 15838 MiB, 16384 MiB, 46.70 W, 55
2026/09/15 04:43:23.586, 4 %, 4 %, 15838 MiB, 16384 MiB, 46.03 W, 55
2026/09/15 04:43:24.589, 4 %, 4 %, 15838 MiB, 16384 MiB, 49.67 W, 55
2026/09/15 04:43:25.592, 4 %, 5 %, 15838 MiB, 16384 MiB, 47.17 W, 55
2026/09/15 04:43:26.596, 1 %, 2 %, 15838 MiB, 16384 MiB, 47.37 W, 55
2026/09/15 04:43:27.599, 1 %, 2 %, 15838 MiB, 16384 MiB, 46.74 W, 55
2026/09/15 04:43:28.602, 1 %, 2 %, 15838 MiB, 16384 MiB, 46.56 W, 55
2026/09/15 04:43:29.605, 1 %, 3 %, 15838 MiB, 16384 MiB, 46.67 W, 55
2026/09/15 04:43:30.609, 4 %, 4 %, 15838 MiB, 16384 MiB, 46.23 W, 55
2026/09/15 04:43:31.612, 100 %, 9 %, 15838 MiB, 16384 MiB, 64.65 W, 56
2026/09/15 04:43:32.616, 100 %, 7 %, 15838 MiB, 16384 MiB, 59.14 W, 56
2026/09/15 04:43:33.619, 100 %, 6 %, 15838 MiB, 16384 MiB, 65.36 W, 56
2026/09/15 04:43:34.635, 100 %, 6 %, 15838 MiB, 16384 MiB, 59.61 W, 56
2026/09/15 04:43:35.638, 100 %, 9 %, 15838 MiB, 16384 MiB, 65.43 W, 56
2026/09/15 04:43:36.640, 100 %, 6 %, 15838 MiB, 16384 MiB, 64.24 W, 56
2026/09/15 04:43:37.642, 2 %, 3 %, 15838 MiB, 16384 MiB, 59.12 W, 56
2026/09/15 04:43:38.645, 1 %, 2 %, 15838 MiB, 16384 MiB, 46.77 W, 55
2026/09/15 04:43:39.647, 4 %, 4 %, 15838 MiB, 16384 MiB, 46.81 W, 55
2026/09/15 04:43:40.650, 4 %, 4 %, 15838 MiB, 16384 MiB, 46.56 W, 55
2026/09/15 04:43:41.653, 4 %, 4 %, 15838 MiB, 16384 MiB, 46.25 W, 55
2026/09/15 04:43:42.656, 1 %, 2 %, 15838 MiB, 16384 MiB, 49.63 W, 55
2026/09/15 04:43:43.658, 1 %, 2 %, 15838 MiB, 16384 MiB, 46.53 W, 55
2026/09/15 04:43:44.661, 2 %, 3 %, 15838 MiB, 16384 MiB, 46.60 W, 55
2026/09/15 04:43:45.663, 1 %, 2 %, 15838 MiB, 16384 MiB, 46.70 W, 55
2026/09/15 04:43:46.666, 1 %, 2 %, 15838 MiB, 16384 MiB, 46.65 W, 55
2026/09/15 04:43:47.668, 4 %, 4 %, 15838 MiB, 16384 MiB, 46.94 W, 55
2026/09/15 04:43:48.671, 5 %, 5 %, 15838 MiB, 16384 MiB, 50.12 W, 55
2026/09/15 04:43:49.673, 1 %, 2 %, 15838 MiB, 16384 MiB, 49.90 W, 55
2026/09/15 04:43:50.680, 1 %, 2 %, 15838 MiB, 16384 MiB, 46.54 W, 55
2026/09/15 04:43:51.682, 1 %, 2 %, 15838 MiB, 16384 MiB, 46.59 W, 55
2026/09/15 04:43:52.685, 1 %, 3 %, 15838 MiB, 16384 MiB, 46.69 W, 55
2026/09/15 04:43:53.687, 1 %, 2 %, 15838 MiB, 16384 MiB, 46.64 W, 55
2026/09/15 04:43:54.690, 4 %, 5 %, 15838 MiB, 16384 MiB, 46.71 W, 55
2026/09/15 04:43:55.693, 3 %, 4 %, 15838 MiB, 16384 MiB, 46.63 W, 55
2026/09/15 04:43:56.695, 4 %, 5 %, 15838 MiB, 16384 MiB, 46.45 W, 55
2026/09/15 04:43:57.698, 4 %, 5 %, 15838 MiB, 16384 MiB, 49.73 W, 55
2026/09/15 04:43:58.700, 1 %, 2 %, 15838 MiB, 16384 MiB, 50.15 W, 55
2026/09/15 04:43:59.703, 100 %, 6 %, 15838 MiB, 16384 MiB, 64.92 W, 56
2026/09/15 04:44:00.707, 100 %, 6 %, 15838 MiB, 16384 MiB, 59.48 W, 56
2026/09/15 04:44:01.710, 100 %, 9 %, 15838 MiB, 16384 MiB, 65.67 W, 56
2026/09/15 04:44:02.713, 100 %, 6 %, 15838 MiB, 16384 MiB, 65.62 W, 56
2026/09/15 04:44:03.716, 100 %, 6 %, 15838 MiB, 16384 MiB, 65.78 W, 56
2026/09/15 04:44:04.720, 100 %, 6 %, 15838 MiB, 16384 MiB, 59.92 W, 56
2026/09/15 04:44:05.724, 1 %, 2 %, 15838 MiB, 16384 MiB, 59.11 W, 56
2026/09/15 04:44:06.726, 4 %, 5 %, 15838 MiB, 16384 MiB, 50.18 W, 56
2026/09/15 04:44:07.731, 1 %, 2 %, 15838 MiB, 16384 MiB, 49.89 W, 55
2026/09/15 04:44:08.734, 2 %, 3 %, 15838 MiB, 16384 MiB, 46.99 W, 55
2026/09/15 04:44:09.737, 1 %, 2 %, 15838 MiB, 16384 MiB, 46.99 W, 55
2026/09/15 04:44:10.741, 1 %, 2 %, 15838 MiB, 16384 MiB, 46.59 W, 55
2026/09/15 04:44:11.744, 1 %, 2 %, 15838 MiB, 16384 MiB, 46.60 W, 55
2026/09/15 04:44:12.747, 1 %, 2 %, 15838 MiB, 16384 MiB, 46.68 W, 55
2026/09/15 04:44:13.750, 3 %, 4 %, 15838 MiB, 16384 MiB, 46.70 W, 55
2026/09/15 04:44:14.754, 4 %, 5 %, 15838 MiB, 16384 MiB, 46.37 W, 55
2026/09/15 04:44:15.757, 3 %, 5 %, 15838 MiB, 16384 MiB, 49.77 W, 55
2026/09/15 04:44:16.760, 2 %, 3 %, 15838 MiB, 16384 MiB, 46.41 W, 55
2026/09/15 04:44:17.764, 1 %, 2 %, 15838 MiB, 16384 MiB, 46.36 W, 55
2026/09/15 04:44:18.767, 1 %, 2 %, 15838 MiB, 16384 MiB, 46.47 W, 55
2026/09/15 04:44:19.770, 3 %, 4 %, 15838 MiB, 16384 MiB, 46.63 W, 55
2026/09/15 04:44:20.774, 3 %, 4 %, 15838 MiB, 16384 MiB, 46.51 W, 55
2026/09/15 04:44:21.777, 3 %, 4 %, 15838 MiB, 16384 MiB, 46.04 W, 55
2026/09/15 04:44:22.780, 2 %, 2 %, 15838 MiB, 16384 MiB, 49.82 W, 55
2026/09/15 04:44:23.783, 1 %, 2 %, 15838 MiB, 16384 MiB, 49.92 W, 55
2026/09/15 04:44:24.787, 2 %, 3 %, 15838 MiB, 16384 MiB, 46.64 W, 55
2026/09/15 04:44:25.790, 2 %, 3 %, 15838 MiB, 16384 MiB, 46.86 W, 55
2026/09/15 04:44:26.793, 2 %, 3 %, 15838 MiB, 16384 MiB, 46.43 W, 55
2026/09/15 04:44:27.797, 88 %, 11 %, 15838 MiB, 16384 MiB, 64.32 W, 56
2026/09/15 04:44:28.800, 100 %, 9 %, 15838 MiB, 16384 MiB, 66.67 W, 56
2026/09/15 04:44:29.803, 100 %, 6 %, 15838 MiB, 16384 MiB, 66.70 W, 56
2026/09/15 04:44:30.806, 100 %, 6 %, 15838 MiB, 16384 MiB, 58.98 W, 56
2026/09/15 04:44:31.810, 100 %, 9 %, 15838 MiB, 16384 MiB, 65.51 W, 56
2026/09/15 04:44:32.813, 100 %, 6 %, 15838 MiB, 16384 MiB, 65.62 W, 56
2026/09/15 04:44:33.816, 1 %, 2 %, 15838 MiB, 16384 MiB, 58.59 W, 56
2026/09/15 04:44:34.819, 5 %, 4 %, 15838 MiB, 16384 MiB, 57.79 W, 56
2026/09/15 04:44:35.822, 2 %, 3 %, 15838 MiB, 16384 MiB, 50.48 W, 55
2026/09/15 04:44:36.826, 1 %, 3 %, 15838 MiB, 16384 MiB, 46.58 W, 55
2026/09/15 04:44:37.829, 1 %, 2 %, 15838 MiB, 16384 MiB, 46.69 W, 55
2026/09/15 04:44:38.833, 2 %, 3 %, 15838 MiB, 16384 MiB, 46.52 W, 55
2026/09/15 04:44:39.836, 5 %, 4 %, 15838 MiB, 16384 MiB, 46.45 W, 55
2026/09/15 04:44:40.840, 5 %, 4 %, 15838 MiB, 16384 MiB, 46.55 W, 55
2026/09/15 04:44:41.843, 5 %, 4 %, 15838 MiB, 16384 MiB, 45.73 W, 55
2026/09/15 04:44:42.847, 1 %, 2 %, 15838 MiB, 16384 MiB, 49.95 W, 55
2026/09/15 04:44:43.850, 1 %, 2 %, 15838 MiB, 16384 MiB, 46.32 W, 55
2026/09/15 04:44:44.853, 1 %, 3 %, 15838 MiB, 16384 MiB, 46.80 W, 55
2026/09/15 04:44:45.857, 1 %, 2 %, 15838 MiB, 16384 MiB, 46.48 W, 55
2026/09/15 04:44:46.860, 5 %, 5 %, 15838 MiB, 16384 MiB, 46.67 W, 55
2026/09/15 04:44:47.863, 5 %, 4 %, 15838 MiB, 16384 MiB, 46.86 W, 55
2026/09/15 04:44:48.867, 5 %, 4 %, 15838 MiB, 16384 MiB, 46.71 W, 55
2026/09/15 04:44:49.871, 1 %, 2 %, 15838 MiB, 16384 MiB, 50.47 W, 55
2026/09/15 04:44:50.874, 1 %, 2 %, 15838 MiB, 16384 MiB, 50.38 W, 55
2026/09/15 04:44:51.880, 1 %, 2 %, 15838 MiB, 16384 MiB, 46.49 W, 55
2026/09/15 04:44:52.882, 1 %, 2 %, 15838 MiB, 16384 MiB, 46.54 W, 55
2026/09/15 04:44:53.885, 1 %, 2 %, 15838 MiB, 16384 MiB, 46.45 W, 55
2026/09/15 04:44:54.889, 4 %, 4 %, 15838 MiB, 16384 MiB, 46.46 W, 55
2026/09/15 04:44:55.892, 5 %, 4 %, 15838 MiB, 16384 MiB, 46.50 W, 55
2026/09/15 04:44:56.896, 100 %, 6 %, 15838 MiB, 16384 MiB, 65.00 W, 56
2026/09/15 04:44:57.900, 100 %, 6 %, 15838 MiB, 16384 MiB, 65.58 W, 56
2026/09/15 04:44:58.903, 100 %, 6 %, 15838 MiB, 16384 MiB, 61.95 W, 56
2026/09/15 04:44:59.907, 100 %, 9 %, 15838 MiB, 16384 MiB, 59.27 W, 56
2026/09/15 04:45:00.910, 100 %, 6 %, 15838 MiB, 16384 MiB, 65.38 W, 56
2026/09/15 04:45:01.914, 100 %, 6 %, 15838 MiB, 16384 MiB, 64.76 W, 56
2026/09/15 04:45:02.917, 2 %, 3 %, 15838 MiB, 16384 MiB, 59.07 W, 56
2026/09/15 04:45:03.921, 1 %, 2 %, 15838 MiB, 16384 MiB, 46.80 W, 55
2026/09/15 04:45:04.927, 3 %, 4 %, 15838 MiB, 16384 MiB, 46.81 W, 55
2026/09/15 04:45:05.932, 3 %, 4 %, 15838 MiB, 16384 MiB, 46.20 W, 55
2026/09/15 04:45:06.935, 1 %, 2 %, 15838 MiB, 16384 MiB, 49.49 W, 55
2026/09/15 04:45:07.938, 1 %, 3 %, 15838 MiB, 16384 MiB, 47.74 W, 55
2026/09/15 04:45:08.941, 1 %, 2 %, 15838 MiB, 16384 MiB, 46.35 W, 55
2026/09/15 04:45:09.943, 2 %, 3 %, 15838 MiB, 16384 MiB, 47.12 W, 55
2026/09/15 04:45:10.946, 1 %, 2 %, 15838 MiB, 16384 MiB, 46.67 W, 55
2026/09/15 04:45:11.950, 3 %, 4 %, 15838 MiB, 16384 MiB, 46.42 W, 55
2026/09/15 04:45:12.952, 3 %, 4 %, 15838 MiB, 16384 MiB, 46.63 W, 55
2026/09/15 04:45:13.956, 4 %, 5 %, 15838 MiB, 16384 MiB, 49.64 W, 55
2026/09/15 04:45:14.959, 1 %, 2 %, 15838 MiB, 16384 MiB, 49.49 W, 55
2026/09/15 04:45:15.962, 1 %, 2 %, 15838 MiB, 16384 MiB, 46.06 W, 55
2026/09/15 04:45:16.966, 1 %, 2 %, 15838 MiB, 16384 MiB, 46.09 W, 55
2026/09/15 04:45:17.969, 1 %, 2 %, 15838 MiB, 16384 MiB, 46.17 W, 55
2026/09/15 04:45:18.972, 1 %, 2 %, 15838 MiB, 16384 MiB, 46.26 W, 55
2026/09/15 04:45:19.975, 4 %, 5 %, 15838 MiB, 16384 MiB, 46.43 W, 55
2026/09/15 04:45:20.978, 3 %, 4 %, 15838 MiB, 16384 MiB, 46.53 W, 55
2026/09/15 04:45:21.981, 4 %, 5 %, 15838 MiB, 16384 MiB, 46.10 W, 55
2026/09/15 04:45:22.985, 1 %, 2 %, 15838 MiB, 16384 MiB, 49.51 W, 55
2026/09/15 04:45:23.988, 1 %, 2 %, 15838 MiB, 16384 MiB, 46.28 W, 55
2026/09/15 04:45:24.991, 100 %, 9 %, 15838 MiB, 16384 MiB, 66.42 W, 56
2026/09/15 04:45:25.995, 100 %, 6 %, 15838 MiB, 16384 MiB, 67.20 W, 56
2026/09/15 04:45:26.998, 100 %, 9 %, 15838 MiB, 16384 MiB, 59.40 W, 56
2026/09/15 04:45:28.002, 100 %, 6 %, 15838 MiB, 16384 MiB, 67.40 W, 56
2026/09/15 04:45:29.006, 100 %, 8 %, 15838 MiB, 16384 MiB, 59.55 W, 56
2026/09/15 04:45:30.009, 100 %, 6 %, 15838 MiB, 16384 MiB, 68.67 W, 56
2026/09/15 04:45:31.013, 1 %, 2 %, 15838 MiB, 16384 MiB, 66.77 W, 56
2026/09/15 04:45:32.016, 2 %, 3 %, 15838 MiB, 16384 MiB, 59.12 W, 56
2026/09/15 04:45:33.020, 1 %, 2 %, 15838 MiB, 16384 MiB, 46.65 W, 55
2026/09/15 04:45:34.023, 6 %, 5 %, 15838 MiB, 16384 MiB, 46.83 W, 55
2026/09/15 04:45:35.027, 6 %, 4 %, 15838 MiB, 16384 MiB, 46.03 W, 55
2026/09/15 04:45:36.030, 1 %, 2 %, 15838 MiB, 16384 MiB, 50.62 W, 55
2026/09/15 04:45:37.034, 1 %, 2 %, 15838 MiB, 16384 MiB, 46.24 W, 55
2026/09/15 04:45:38.038, 1 %, 2 %, 15838 MiB, 16384 MiB, 46.50 W, 55
2026/09/15 04:45:39.042, 2 %, 3 %, 15838 MiB, 16384 MiB, 46.63 W, 55
2026/09/15 04:45:40.046, 1 %, 2 %, 15838 MiB, 16384 MiB, 46.76 W, 55
2026/09/15 04:45:41.050, 6 %, 4 %, 15838 MiB, 16384 MiB, 46.44 W, 55
2026/09/15 04:45:42.054, 6 %, 5 %, 15838 MiB, 16384 MiB, 46.67 W, 55
2026/09/15 04:45:43.058, 6 %, 5 %, 15838 MiB, 16384 MiB, 45.92 W, 55
2026/09/15 04:45:44.062, 2 %, 3 %, 15838 MiB, 16384 MiB, 51.56 W, 55
2026/09/15 04:45:45.065, 2 %, 3 %, 15838 MiB, 16384 MiB, 46.91 W, 55
2026/09/15 04:45:46.069, 1 %, 2 %, 15838 MiB, 16384 MiB, 46.76 W, 55
2026/09/15 04:45:47.073, 6 %, 5 %, 15838 MiB, 16384 MiB, 46.70 W, 55
2026/09/15 04:45:48.078, 6 %, 4 %, 15838 MiB, 16384 MiB, 46.81 W, 55
2026/09/15 04:45:49.081, 6 %, 4 %, 15838 MiB, 16384 MiB, 46.73 W, 55
2026/09/15 04:45:50.085, 1 %, 2 %, 15838 MiB, 16384 MiB, 51.73 W, 55
2026/09/15 04:45:51.089, 1 %, 2 %, 15838 MiB, 16384 MiB, 51.88 W, 55
2026/09/15 04:45:52.093, 1 %, 2 %, 15838 MiB, 16384 MiB, 46.58 W, 55
2026/09/15 04:45:53.096, 1 %, 2 %, 15838 MiB, 16384 MiB, 46.55 W, 55
2026/09/15 04:45:54.101, 100 %, 9 %, 15838 MiB, 16384 MiB, 64.56 W, 56
2026/09/15 04:45:55.104, 100 %, 6 %, 15838 MiB, 16384 MiB, 64.95 W, 56
2026/09/15 04:45:56.108, 100 %, 6 %, 15838 MiB, 16384 MiB, 64.89 W, 56
2026/09/15 04:45:57.111, 100 %, 9 %, 15838 MiB, 16384 MiB, 59.63 W, 56
2026/09/15 04:45:58.115, 100 %, 7 %, 15838 MiB, 16384 MiB, 64.97 W, 56
2026/09/15 04:45:59.118, 47 %, 5 %, 15838 MiB, 16384 MiB, 59.14 W, 56
2026/09/15 04:46:00.122, 2 %, 3 %, 15838 MiB, 16384 MiB, 62.88 W, 56
2026/09/15 04:46:01.125, 2 %, 3 %, 15838 MiB, 16384 MiB, 46.72 W, 55
2026/09/15 04:46:02.129, 1 %, 3 %, 15838 MiB, 16384 MiB, 46.57 W, 55
2026/09/15 04:46:03.132, 1 %, 2 %, 15838 MiB, 16384 MiB, 46.72 W, 55
2026/09/15 04:46:04.135, 4 %, 4 %, 15838 MiB, 16384 MiB, 46.54 W, 55
2026/09/15 04:46:05.139, 4 %, 4 %, 15838 MiB, 16384 MiB, 45.85 W, 55
2026/09/15 04:46:06.142, 1 %, 2 %, 15838 MiB, 16384 MiB, 48.97 W, 55
2026/09/15 04:46:07.146, 2 %, 3 %, 15838 MiB, 16384 MiB, 47.26 W, 55
2026/09/15 04:46:08.150, 1 %, 2 %, 15838 MiB, 16384 MiB, 46.39 W, 55
2026/09/15 04:46:09.152, 1 %, 2 %, 15838 MiB, 16384 MiB, 46.41 W, 55
2026/09/15 04:46:10.156, 1 %, 2 %, 15838 MiB, 16384 MiB, 46.58 W, 55
2026/09/15 04:46:11.158, 4 %, 4 %, 15838 MiB, 16384 MiB, 47.05 W, 55
2026/09/15 04:46:12.161, 3 %, 4 %, 15838 MiB, 16384 MiB, 47.33 W, 55
2026/09/15 04:46:13.165, 2 %, 2 %, 15838 MiB, 16384 MiB, 49.43 W, 55
2026/09/15 04:46:14.168, 1 %, 2 %, 15838 MiB, 16384 MiB, 49.78 W, 55
2026/09/15 04:46:15.171, 1 %, 2 %, 15838 MiB, 16384 MiB, 46.43 W, 55
2026/09/15 04:46:16.174, 1 %, 2 %, 15838 MiB, 16384 MiB, 46.63 W, 55
2026/09/15 04:46:17.177, 1 %, 2 %, 15838 MiB, 16384 MiB, 46.30 W, 55
2026/09/15 04:46:18.180, 1 %, 2 %, 15838 MiB, 16384 MiB, 46.20 W, 55
2026/09/15 04:46:19.183, 4 %, 5 %, 15838 MiB, 16384 MiB, 46.18 W, 55
2026/09/15 04:46:20.187, 4 %, 4 %, 15838 MiB, 16384 MiB, 46.36 W, 55
2026/09/15 04:46:21.190, 4 %, 4 %, 15838 MiB, 16384 MiB, 45.66 W, 55
2026/09/15 04:46:22.193, 100 %, 9 %, 15838 MiB, 16384 MiB, 58.93 W, 56
2026/09/15 04:46:23.197, 100 %, 6 %, 15838 MiB, 16384 MiB, 68.35 W, 56
2026/09/15 04:46:24.200, 100 %, 9 %, 15838 MiB, 16384 MiB, 59.23 W, 56
2026/09/15 04:46:25.204, 100 %, 6 %, 15838 MiB, 16384 MiB, 68.31 W, 56
2026/09/15 04:46:26.207, 100 %, 9 %, 15838 MiB, 16384 MiB, 59.44 W, 56
2026/09/15 04:46:27.211, 100 %, 6 %, 15838 MiB, 16384 MiB, 68.59 W, 56
2026/09/15 04:46:28.215, 6 %, 4 %, 15838 MiB, 16384 MiB, 58.91 W, 56
2026/09/15 04:46:29.218, 2 %, 3 %, 15838 MiB, 16384 MiB, 66.99 W, 56
2026/09/15 04:46:30.222, 2 %, 3 %, 15838 MiB, 16384 MiB, 46.44 W, 56
2026/09/15 04:46:31.226, 2 %, 3 %, 15838 MiB, 16384 MiB, 46.97 W, 55
2026/09/15 04:46:32.229, 1 %, 2 %, 15838 MiB, 16384 MiB, 47.00 W, 55
2026/09/15 04:46:33.233, 7 %, 5 %, 15838 MiB, 16384 MiB, 46.52 W, 55
2026/09/15 04:46:34.237, 6 %, 4 %, 15838 MiB, 16384 MiB, 46.57 W, 55
2026/09/15 04:46:35.241, 6 %, 4 %, 15838 MiB, 16384 MiB, 45.79 W, 55
2026/09/15 04:46:36.245, 1 %, 2 %, 15838 MiB, 16384 MiB, 51.15 W, 55
2026/09/15 04:46:37.249, 2 %, 3 %, 15838 MiB, 16384 MiB, 46.66 W, 55
2026/09/15 04:46:38.252, 1 %, 2 %, 15838 MiB, 16384 MiB, 46.44 W, 55
2026/09/15 04:46:39.256, 6 %, 5 %, 15838 MiB, 16384 MiB, 46.32 W, 55
2026/09/15 04:46:40.260, 6 %, 4 %, 15838 MiB, 16384 MiB, 46.27 W, 55
2026/09/15 04:46:41.263, 7 %, 5 %, 15838 MiB, 16384 MiB, 45.61 W, 55
2026/09/15 04:46:42.267, 1 %, 3 %, 15838 MiB, 16384 MiB, 51.67 W, 55
2026/09/15 04:46:43.270, 1 %, 2 %, 15838 MiB, 16384 MiB, 46.06 W, 55
2026/09/15 04:46:44.272, 1 %, 2 %, 15838 MiB, 16384 MiB, 45.94 W, 55
2026/09/15 04:46:45.275, 1 %, 2 %, 15838 MiB, 16384 MiB, 46.38 W, 55
2026/09/15 04:46:46.278, 7 %, 4 %, 15838 MiB, 16384 MiB, 46.19 W, 55
2026/09/15 04:46:47.280, 7 %, 4 %, 15838 MiB, 16384 MiB, 46.42 W, 55
2026/09/15 04:46:48.283, 7 %, 4 %, 15838 MiB, 16384 MiB, 45.74 W, 55
2026/09/15 04:46:49.285, 1 %, 2 %, 15838 MiB, 16384 MiB, 51.21 W, 55
2026/09/15 04:46:50.288, 1 %, 2 %, 15838 MiB, 16384 MiB, 46.24 W, 55
2026/09/15 04:46:51.291, 100 %, 6 %, 15838 MiB, 16384 MiB, 65.45 W, 56
2026/09/15 04:46:52.293, 100 %, 6 %, 15838 MiB, 16384 MiB, 66.76 W, 56
2026/09/15 04:46:53.295, 100 %, 9 %, 15838 MiB, 16384 MiB, 60.49 W, 56
2026/09/15 04:46:54.298, 100 %, 6 %, 15838 MiB, 16384 MiB, 65.14 W, 56
2026/09/15 04:46:55.300, 100 %, 6 %, 15838 MiB, 16384 MiB, 65.43 W, 56
2026/09/15 04:46:56.303, 15 %, 5 %, 15838 MiB, 16384 MiB, 59.14 W, 56
2026/09/15 04:46:57.305, 4 %, 5 %, 15838 MiB, 16384 MiB, 57.99 W, 56
2026/09/15 04:46:58.308, 2 %, 3 %, 15838 MiB, 16384 MiB, 49.83 W, 55
2026/09/15 04:46:59.310, 1 %, 2 %, 15838 MiB, 16384 MiB, 46.46 W, 55
2026/09/15 04:47:00.314, 1 %, 2 %, 15838 MiB, 16384 MiB, 46.54 W, 55
2026/09/15 04:47:01.317, 1 %, 2 %, 15838 MiB, 16384 MiB, 46.49 W, 55
2026/09/15 04:47:02.320, 4 %, 4 %, 15838 MiB, 16384 MiB, 46.62 W, 55
2026/09/15 04:47:03.323, 4 %, 4 %, 15838 MiB, 16384 MiB, 45.98 W, 55
2026/09/15 04:47:04.326, 2 %, 2 %, 15838 MiB, 16384 MiB, 48.46 W, 55
2026/09/15 04:47:05.330, 1 %, 2 %, 15838 MiB, 16384 MiB, 49.65 W, 55
2026/09/15 04:47:06.333, 1 %, 2 %, 15838 MiB, 16384 MiB, 46.26 W, 55
2026/09/15 04:47:07.337, 2 %, 3 %, 15838 MiB, 16384 MiB, 46.40 W, 55
2026/09/15 04:47:08.340, 4 %, 4 %, 15838 MiB, 16384 MiB, 46.24 W, 55
2026/09/15 04:47:09.343, 4 %, 4 %, 15838 MiB, 16384 MiB, 46.42 W, 55
2026/09/15 04:47:10.346, 4 %, 5 %, 15838 MiB, 16384 MiB, 45.79 W, 55
2026/09/15 04:47:11.349, 1 %, 2 %, 15838 MiB, 16384 MiB, 49.66 W, 55
2026/09/15 04:47:12.352, 1 %, 2 %, 15838 MiB, 16384 MiB, 46.66 W, 55
2026/09/15 04:47:13.355, 1 %, 2 %, 15838 MiB, 16384 MiB, 46.96 W, 55
2026/09/15 04:47:14.359, 1 %, 2 %, 15838 MiB, 16384 MiB, 46.30 W, 55
2026/09/15 04:47:15.362, 1 %, 2 %, 15838 MiB, 16384 MiB, 46.25 W, 55
2026/09/15 04:47:16.365, 2 %, 3 %, 15838 MiB, 16384 MiB, 46.32 W, 55
2026/09/15 04:47:17.368, 4 %, 4 %, 15838 MiB, 16384 MiB, 46.31 W, 55
2026/09/15 04:47:18.371, 4 %, 5 %, 15838 MiB, 16384 MiB, 45.61 W, 55
2026/09/15 04:47:19.375, 100 %, 9 %, 15838 MiB, 16384 MiB, 59.23 W, 56
2026/09/15 04:47:20.378, 100 %, 6 %, 15838 MiB, 16384 MiB, 65.65 W, 56
2026/09/15 04:47:21.381, 100 %, 6 %, 15838 MiB, 16384 MiB, 65.61 W, 56
2026/09/15 04:47:22.383, 100 %, 9 %, 15838 MiB, 16384 MiB, 59.39 W, 56
2026/09/15 04:47:23.385, 100 %, 6 %, 15838 MiB, 16384 MiB, 65.54 W, 56
2026/09/15 04:47:24.388, 100 %, 6 %, 15838 MiB, 16384 MiB, 65.38 W, 56
2026/09/15 04:47:25.390, 1 %, 2 %, 15838 MiB, 16384 MiB, 58.83 W, 56
2026/09/15 04:47:26.393, 4 %, 4 %, 15838 MiB, 16384 MiB, 46.38 W, 55
2026/09/15 04:47:27.395, 1 %, 2 %, 15838 MiB, 16384 MiB, 49.71 W, 55
2026/09/15 04:47:28.398, 1 %, 3 %, 15838 MiB, 16384 MiB, 49.47 W, 55
2026/09/15 04:47:29.400, 1 %, 2 %, 15838 MiB, 16384 MiB, 46.19 W, 55
2026/09/15 04:47:30.403, 1 %, 2 %, 15838 MiB, 16384 MiB, 46.39 W, 55
2026/09/15 04:47:31.405, 3 %, 4 %, 15838 MiB, 16384 MiB, 46.31 W, 55
2026/09/15 04:47:32.408, 4 %, 4 %, 15838 MiB, 16384 MiB, 47.08 W, 55
2026/09/15 04:47:33.410, 4 %, 4 %, 15838 MiB, 16384 MiB, 46.89 W, 55
2026/09/15 04:47:34.413, 5 %, 5 %, 15838 MiB, 16384 MiB, 46.15 W, 55
2026/09/15 04:47:35.415, 1 %, 2 %, 15838 MiB, 16384 MiB, 49.81 W, 55
2026/09/15 04:47:36.418, 2 %, 3 %, 15838 MiB, 16384 MiB, 50.17 W, 55
2026/09/15 04:47:37.420, 1 %, 2 %, 15838 MiB, 16384 MiB, 46.55 W, 55
2026/09/15 04:47:38.423, 1 %, 2 %, 15838 MiB, 16384 MiB, 46.58 W, 55
2026/09/15 04:47:39.426, 1 %, 2 %, 15838 MiB, 16384 MiB, 46.44 W, 55
2026/09/15 04:47:40.428, 4 %, 4 %, 15838 MiB, 16384 MiB, 46.51 W, 55
2026/09/15 04:47:41.431, 4 %, 4 %, 15838 MiB, 16384 MiB, 46.53 W, 55
2026/09/15 04:47:42.433, 1 %, 2 %, 15838 MiB, 16384 MiB, 49.56 W, 55
2026/09/15 04:47:43.436, 1 %, 2 %, 15838 MiB, 16384 MiB, 46.74 W, 55
2026/09/15 04:47:44.439, 2 %, 3 %, 15838 MiB, 16384 MiB, 46.65 W, 55
2026/09/15 04:47:45.442, 2 %, 3 %, 15838 MiB, 16384 MiB, 46.51 W, 55
2026/09/15 04:47:46.445, 1 %, 2 %, 15838 MiB, 16384 MiB, 46.64 W, 55
2026/09/15 04:47:47.448, 49 %, 9 %, 15838 MiB, 16384 MiB, 65.04 W, 55
2026/09/15 04:47:48.451, 100 %, 9 %, 15838 MiB, 16384 MiB, 65.46 W, 56
2026/09/15 04:47:49.454, 100 %, 8 %, 15838 MiB, 16384 MiB, 59.40 W, 56
2026/09/15 04:47:50.456, 100 %, 6 %, 15838 MiB, 16384 MiB, 65.71 W, 56
2026/09/15 04:47:51.459, 100 %, 6 %, 15838 MiB, 16384 MiB, 65.64 W, 56
2026/09/15 04:47:52.462, 100 %, 9 %, 15838 MiB, 16384 MiB, 59.72 W, 56
2026/09/15 04:47:53.465, 1 %, 2 %, 15838 MiB, 16384 MiB, 60.05 W, 56
2026/09/15 04:47:54.467, 1 %, 2 %, 15838 MiB, 16384 MiB, 60.47 W, 56
2026/09/15 04:47:55.470, 4 %, 4 %, 15838 MiB, 16384 MiB, 46.63 W, 55
2026/09/15 04:47:56.474, 4 %, 4 %, 15838 MiB, 16384 MiB, 46.47 W, 55
2026/09/15 04:47:57.477, 1 %, 2 %, 15838 MiB, 16384 MiB, 49.64 W, 55
2026/09/15 04:47:58.480, 2 %, 3 %, 15838 MiB, 16384 MiB, 46.39 W, 55
2026/09/15 04:47:59.484, 1 %, 2 %, 15838 MiB, 16384 MiB, 46.46 W, 55
2026/09/15 04:48:00.487, 1 %, 2 %, 15838 MiB, 16384 MiB, 46.53 W, 55
2026/09/15 04:48:01.490, 1 %, 2 %, 15838 MiB, 16384 MiB, 46.44 W, 55
2026/09/15 04:48:02.493, 4 %, 4 %, 15838 MiB, 16384 MiB, 46.42 W, 55
2026/09/15 04:48:03.497, 4 %, 4 %, 15838 MiB, 16384 MiB, 46.40 W, 55
2026/09/15 04:48:04.499, 2 %, 3 %, 15838 MiB, 16384 MiB, 49.42 W, 55
2026/09/15 04:48:05.503, 1 %, 2 %, 15838 MiB, 16384 MiB, 46.26 W, 55
2026/09/15 04:48:06.506, 2 %, 3 %, 15838 MiB, 16384 MiB, 46.35 W, 55
2026/09/15 04:48:07.509, 2 %, 3 %, 15838 MiB, 16384 MiB, 46.47 W, 55
2026/09/15 04:48:08.512, 1 %, 2 %, 15838 MiB, 16384 MiB, 46.46 W, 55
2026/09/15 04:48:09.515, 4 %, 4 %, 15838 MiB, 16384 MiB, 46.66 W, 55
2026/09/15 04:48:10.518, 4 %, 4 %, 15838 MiB, 16384 MiB, 46.53 W, 55
2026/09/15 04:48:11.522, 1 %, 2 %, 15838 MiB, 16384 MiB, 48.64 W, 55
2026/09/15 04:48:12.525, 1 %, 2 %, 15838 MiB, 16384 MiB, 49.87 W, 55
2026/09/15 04:48:13.528, 1 %, 2 %, 15838 MiB, 16384 MiB, 46.74 W, 55
2026/09/15 04:48:14.531, 1 %, 2 %, 15838 MiB, 16384 MiB, 46.58 W, 55
2026/09/15 04:48:15.535, 1 %, 2 %, 15838 MiB, 16384 MiB, 46.05 W, 55
2026/09/15 04:48:16.538, 100 %, 6 %, 15838 MiB, 16384 MiB, 64.87 W, 56
2026/09/15 04:48:17.541, 100 %, 9 %, 15838 MiB, 16384 MiB, 64.62 W, 56
2026/09/15 04:48:18.544, 100 %, 7 %, 15838 MiB, 16384 MiB, 59.18 W, 56
2026/09/15 04:48:19.547, 100 %, 6 %, 15838 MiB, 16384 MiB, 65.04 W, 56
2026/09/15 04:48:20.550, 100 %, 6 %, 15838 MiB, 16384 MiB, 65.16 W, 56
2026/09/15 04:48:21.554, 90 %, 9 %, 15838 MiB, 16384 MiB, 58.25 W, 56
2026/09/15 04:48:22.557, 2 %, 3 %, 15838 MiB, 16384 MiB, 63.73 W, 56
2026/09/15 04:48:23.560, 1 %, 2 %, 15838 MiB, 16384 MiB, 46.21 W, 55
2026/09/15 04:48:24.563, 1 %, 2 %, 15838 MiB, 16384 MiB, 46.31 W, 55
2026/09/15 04:48:25.566, 4 %, 4 %, 15838 MiB, 16384 MiB, 46.28 W, 55
2026/09/15 04:48:26.569, 4 %, 4 %, 15838 MiB, 16384 MiB, 46.47 W, 55
2026/09/15 04:48:27.572, 4 %, 5 %, 15838 MiB, 16384 MiB, 45.81 W, 55
2026/09/15 04:48:28.574, 1 %, 2 %, 15838 MiB, 16384 MiB, 49.50 W, 55
2026/09/15 04:48:29.577, 2 %, 3 %, 15838 MiB, 16384 MiB, 49.44 W, 55
2026/09/15 04:48:30.579, 1 %, 2 %, 15838 MiB, 16384 MiB, 46.08 W, 55
2026/09/15 04:48:31.582, 1 %, 2 %, 15838 MiB, 16384 MiB, 46.24 W, 55
2026/09/15 04:48:32.585, 2 %, 3 %, 15838 MiB, 16384 MiB, 46.23 W, 55
2026/09/15 04:48:33.587, 4 %, 4 %, 15838 MiB, 16384 MiB, 46.72 W, 55
2026/09/15 04:48:34.590, 4 %, 4 %, 15838 MiB, 16384 MiB, 47.10 W, 55
2026/09/15 04:48:35.593, 1 %, 2 %, 15838 MiB, 16384 MiB, 49.47 W, 55
2026/09/15 04:48:36.596, 1 %, 2 %, 15838 MiB, 16384 MiB, 49.56 W, 55
2026/09/15 04:48:37.598, 1 %, 2 %, 15838 MiB, 16384 MiB, 46.30 W, 55
2026/09/15 04:48:38.601, 1 %, 2 %, 15838 MiB, 16384 MiB, 46.13 W, 55
2026/09/15 04:48:39.604, 1 %, 2 %, 15838 MiB, 16384 MiB, 45.98 W, 55
2026/09/15 04:48:40.606, 4 %, 4 %, 15838 MiB, 16384 MiB, 45.91 W, 55
2026/09/15 04:48:41.610, 4 %, 4 %, 15838 MiB, 16384 MiB, 46.08 W, 55
2026/09/15 04:48:42.612, 4 %, 5 %, 15838 MiB, 16384 MiB, 45.99 W, 55
2026/09/15 04:48:43.615, 1 %, 2 %, 15838 MiB, 16384 MiB, 48.93 W, 55
2026/09/15 04:48:44.618, 100 %, 6 %, 15838 MiB, 16384 MiB, 62.79 W, 56
2026/09/15 04:48:45.622, 100 %, 6 %, 15838 MiB, 16384 MiB, 65.09 W, 56
2026/09/15 04:48:46.624, 100 %, 9 %, 15838 MiB, 16384 MiB, 64.75 W, 56
2026/09/15 04:48:47.627, 100 %, 9 %, 15838 MiB, 16384 MiB, 58.86 W, 56
2026/09/15 04:48:48.629, 100 %, 6 %, 15838 MiB, 16384 MiB, 64.71 W, 56
2026/09/15 04:48:49.632, 100 %, 6 %, 15838 MiB, 16384 MiB, 65.02 W, 56
2026/09/15 04:48:50.634, 1 %, 2 %, 15838 MiB, 16384 MiB, 58.66 W, 56
2026/09/15 04:48:51.637, 4 %, 5 %, 15838 MiB, 16384 MiB, 46.33 W, 55
2026/09/15 04:48:52.641, 1 %, 3 %, 15838 MiB, 16384 MiB, 49.18 W, 55
2026/09/15 04:48:53.643, 2 %, 3 %, 15838 MiB, 16384 MiB, 47.05 W, 55
2026/09/15 04:48:54.647, 1 %, 3 %, 15838 MiB, 16384 MiB, 46.88 W, 55
2026/09/15 04:48:55.650, 1 %, 2 %, 15838 MiB, 16384 MiB, 46.31 W, 55
2026/09/15 04:48:56.654, 4 %, 4 %, 15838 MiB, 16384 MiB, 46.20 W, 55
2026/09/15 04:48:57.656, 4 %, 4 %, 15838 MiB, 16384 MiB, 46.17 W, 55
2026/09/15 04:48:58.659, 4 %, 5 %, 15838 MiB, 16384 MiB, 45.79 W, 55
2026/09/15 04:48:59.663, 2 %, 3 %, 15838 MiB, 16384 MiB, 49.44 W, 55
2026/09/15 04:49:00.666, 1 %, 2 %, 15838 MiB, 16384 MiB, 48.50 W, 55
2026/09/15 04:49:01.669, 2 %, 3 %, 15838 MiB, 16384 MiB, 46.52 W, 55
2026/09/15 04:49:02.672, 1 %, 2 %, 15838 MiB, 16384 MiB, 46.46 W, 55
2026/09/15 04:49:03.675, 2 %, 3 %, 15838 MiB, 16384 MiB, 46.43 W, 55
2026/09/15 04:49:04.679, 4 %, 4 %, 15838 MiB, 16384 MiB, 46.29 W, 55
2026/09/15 04:49:05.682, 4 %, 4 %, 15838 MiB, 16384 MiB, 46.11 W, 55
2026/09/15 04:49:06.685, 1 %, 2 %, 15838 MiB, 16384 MiB, 49.04 W, 55
2026/09/15 04:49:07.688, 1 %, 2 %, 15838 MiB, 16384 MiB, 49.19 W, 55
2026/09/15 04:49:08.692, 1 %, 2 %, 15838 MiB, 16384 MiB, 46.40 W, 55
2026/09/15 04:49:09.695, 2 %, 3 %, 15838 MiB, 16384 MiB, 46.40 W, 55
2026/09/15 04:49:10.698, 1 %, 2 %, 15838 MiB, 16384 MiB, 46.15 W, 55
2026/09/15 04:49:11.701, 4 %, 5 %, 15838 MiB, 16384 MiB, 46.24 W, 55
2026/09/15 04:49:12.705, 54 %, 9 %, 15838 MiB, 16384 MiB, 64.79 W, 55
2026/09/15 04:49:13.708, 100 %, 6 %, 15838 MiB, 16384 MiB, 65.63 W, 56
2026/09/15 04:49:14.711, 100 %, 9 %, 15838 MiB, 16384 MiB, 60.77 W, 56
2026/09/15 04:49:15.715, 100 %, 6 %, 15838 MiB, 16384 MiB, 59.08 W, 56
2026/09/15 04:49:16.718, 100 %, 6 %, 15838 MiB, 16384 MiB, 64.64 W, 56
2026/09/15 04:49:17.721, 100 %, 6 %, 15838 MiB, 16384 MiB, 64.20 W, 56
2026/09/15 04:49:18.725, 1 %, 3 %, 15838 MiB, 16384 MiB, 62.77 W, 56
2026/09/15 04:49:19.728, 2 %, 3 %, 15838 MiB, 16384 MiB, 58.79 W, 56
2026/09/15 04:49:20.731, 1 %, 2 %, 15838 MiB, 16384 MiB, 46.58 W, 55
2026/09/15 04:49:21.734, 3 %, 4 %, 15838 MiB, 16384 MiB, 46.85 W, 55
2026/09/15 04:49:22.737, 4 %, 4 %, 15838 MiB, 16384 MiB, 46.44 W, 55
2026/09/15 04:49:23.739, 1 %, 2 %, 15838 MiB, 16384 MiB, 45.36 W, 55
2026/09/15 04:49:24.742, 1 %, 2 %, 15838 MiB, 16384 MiB, 48.98 W, 55
2026/09/15 04:49:25.744, 1 %, 2 %, 15838 MiB, 16384 MiB, 46.35 W, 55
2026/09/15 04:49:26.747, 2 %, 3 %, 15838 MiB, 16384 MiB, 46.29 W, 55
2026/09/15 04:49:27.749, 2 %, 3 %, 15838 MiB, 16384 MiB, 46.61 W, 55
2026/09/15 04:49:28.752, 1 %, 2 %, 15838 MiB, 16384 MiB, 46.39 W, 55
2026/09/15 04:49:29.754, 4 %, 4 %, 15838 MiB, 16384 MiB, 46.88 W, 55
2026/09/15 04:49:30.757, 4 %, 4 %, 15838 MiB, 16384 MiB, 46.84 W, 55
2026/09/15 04:49:31.760, 4 %, 5 %, 15838 MiB, 16384 MiB, 46.57 W, 55
2026/09/15 04:49:32.762, 2 %, 3 %, 15838 MiB, 16384 MiB, 49.54 W, 55
2026/09/15 04:49:33.764, 1 %, 2 %, 15838 MiB, 16384 MiB, 46.79 W, 55
2026/09/15 04:49:34.767, 1 %, 2 %, 15838 MiB, 16384 MiB, 47.05 W, 55
2026/09/15 04:49:35.770, 1 %, 2 %, 15838 MiB, 16384 MiB, 46.49 W, 55
2026/09/15 04:49:36.772, 1 %, 2 %, 15838 MiB, 16384 MiB, 46.75 W, 55
2026/09/15 04:49:37.775, 4 %, 5 %, 15838 MiB, 16384 MiB, 46.69 W, 55
2026/09/15 04:49:38.777, 4 %, 4 %, 15838 MiB, 16384 MiB, 46.67 W, 55
2026/09/15 04:49:39.780, 4 %, 4 %, 15838 MiB, 16384 MiB, 46.40 W, 55
2026/09/15 04:49:40.782, 1 %, 2 %, 15838 MiB, 16384 MiB, 54.92 W, 55
2026/09/15 04:49:41.785, 100 %, 6 %, 15838 MiB, 16384 MiB, 61.58 W, 56
2026/09/15 04:49:42.787, 100 %, 6 %, 15838 MiB, 16384 MiB, 64.76 W, 56
2026/09/15 04:49:43.790, 100 %, 9 %, 15838 MiB, 16384 MiB, 64.70 W, 56
2026/09/15 04:49:44.792, 100 %, 9 %, 15838 MiB, 16384 MiB, 59.39 W, 56
2026/09/15 04:49:45.795, 100 %, 6 %, 15838 MiB, 16384 MiB, 64.58 W, 56
2026/09/15 04:49:46.798, 62 %, 5 %, 15838 MiB, 16384 MiB, 59.05 W, 56
2026/09/15 04:49:47.800, 2 %, 3 %, 15838 MiB, 16384 MiB, 62.43 W, 56
2026/09/15 04:49:48.803, 1 %, 3 %, 15838 MiB, 16384 MiB, 46.54 W, 55
2026/09/15 04:49:49.805, 1 %, 2 %, 15838 MiB, 16384 MiB, 46.40 W, 55
2026/09/15 04:49:50.808, 4 %, 4 %, 15838 MiB, 16384 MiB, 46.32 W, 55
2026/09/15 04:49:51.810, 4 %, 4 %, 15838 MiB, 16384 MiB, 46.34 W, 55
2026/09/15 04:49:52.813, 4 %, 4 %, 15838 MiB, 16384 MiB, 46.11 W, 55
2026/09/15 04:49:53.815, 1 %, 2 %, 15838 MiB, 16384 MiB, 47.67 W, 55
2026/09/15 04:49:54.818, 2 %, 3 %, 15838 MiB, 16384 MiB, 50.16 W, 55
2026/09/15 04:49:55.820, 1 %, 2 %, 15838 MiB, 16384 MiB, 46.44 W, 55
2026/09/15 04:49:56.823, 1 %, 2 %, 15838 MiB, 16384 MiB, 46.30 W, 55
2026/09/15 04:49:57.827, 1 %, 2 %, 15838 MiB, 16384 MiB, 46.21 W, 55
2026/09/15 04:49:58.830, 4 %, 4 %, 15838 MiB, 16384 MiB, 46.12 W, 55
2026/09/15 04:49:59.832, 4 %, 4 %, 15838 MiB, 16384 MiB, 46.32 W, 55
2026/09/15 04:50:00.835, 1 %, 2 %, 15838 MiB, 16384 MiB, 45.76 W, 55
2026/09/15 04:50:01.838, 1 %, 2 %, 15838 MiB, 16384 MiB, 49.35 W, 55
2026/09/15 04:50:02.841, 1 %, 2 %, 15838 MiB, 16384 MiB, 46.20 W, 55
2026/09/15 04:50:03.845, 1 %, 2 %, 15838 MiB, 16384 MiB, 46.40 W, 55
2026/09/15 04:50:04.848, 1 %, 2 %, 15838 MiB, 16384 MiB, 46.59 W, 55
2026/09/15 04:50:05.852, 1 %, 2 %, 15838 MiB, 16384 MiB, 46.38 W, 55
2026/09/15 04:50:06.855, 4 %, 5 %, 15838 MiB, 16384 MiB, 46.46 W, 55
2026/09/15 04:50:07.858, 4 %, 4 %, 15838 MiB, 16384 MiB, 46.47 W, 55
2026/09/15 04:50:08.861, 4 %, 5 %, 15838 MiB, 16384 MiB, 46.08 W, 55
2026/09/15 04:50:09.865, 100 %, 9 %, 15838 MiB, 16384 MiB, 65.10 W, 55
2026/09/15 04:50:10.867, 100 %, 6 %, 15838 MiB, 16384 MiB, 59.42 W, 56
2026/09/15 04:50:11.870, 100 %, 6 %, 15838 MiB, 16384 MiB, 65.57 W, 56
2026/09/15 04:50:12.872, 100 %, 9 %, 15838 MiB, 16384 MiB, 65.48 W, 56
2026/09/15 04:50:13.874, 100 %, 6 %, 15838 MiB, 16384 MiB, 59.49 W, 56
2026/09/15 04:50:14.877, 100 %, 6 %, 15838 MiB, 16384 MiB, 66.79 W, 56
2026/09/15 04:50:15.879, 1 %, 2 %, 15838 MiB, 16384 MiB, 60.33 W, 56
2026/09/15 04:50:16.882, 4 %, 4 %, 15838 MiB, 16384 MiB, 46.85 W, 55
2026/09/15 04:50:17.884, 1 %, 2 %, 15838 MiB, 16384 MiB, 46.26 W, 55
2026/09/15 04:50:18.887, 2 %, 3 %, 15838 MiB, 16384 MiB, 49.78 W, 55
2026/09/15 04:50:19.890, 1 %, 2 %, 15838 MiB, 16384 MiB, 46.33 W, 55
2026/09/15 04:50:20.892, 1 %, 2 %, 15838 MiB, 16384 MiB, 46.57 W, 55
2026/09/15 04:50:21.895, 1 %, 2 %, 15838 MiB, 16384 MiB, 46.61 W, 55
2026/09/15 04:50:22.898, 4 %, 4 %, 15838 MiB, 16384 MiB, 46.71 W, 55
2026/09/15 04:50:23.900, 4 %, 4 %, 15838 MiB, 16384 MiB, 46.72 W, 55
2026/09/15 04:50:24.903, 5 %, 5 %, 15838 MiB, 16384 MiB, 46.10 W, 55
2026/09/15 04:50:25.905, 1 %, 2 %, 15838 MiB, 16384 MiB, 49.55 W, 55
2026/09/15 04:50:26.908, 2 %, 3 %, 15838 MiB, 16384 MiB, 46.43 W, 55
2026/09/15 04:50:27.911, 1 %, 2 %, 15838 MiB, 16384 MiB, 46.57 W, 55
2026/09/15 04:50:28.913, 1 %, 2 %, 15838 MiB, 16384 MiB, 46.28 W, 55
2026/09/15 04:50:29.916, 4 %, 4 %, 15838 MiB, 16384 MiB, 46.45 W, 55
2026/09/15 04:50:30.918, 4 %, 4 %, 15838 MiB, 16384 MiB, 46.40 W, 55
2026/09/15 04:50:31.921, 4 %, 4 %, 15838 MiB, 16384 MiB, 46.31 W, 55
2026/09/15 04:50:32.924, 1 %, 2 %, 15838 MiB, 16384 MiB, 46.29 W, 55
2026/09/15 04:50:33.926, 1 %, 2 %, 15838 MiB, 16384 MiB, 49.92 W, 55
2026/09/15 04:50:34.929, 2 %, 3 %, 15838 MiB, 16384 MiB, 46.94 W, 55
2026/09/15 04:50:35.931, 2 %, 3 %, 15838 MiB, 16384 MiB, 47.01 W, 55
2026/09/15 04:50:36.934, 2 %, 3 %, 15838 MiB, 16384 MiB, 46.05 W, 55
2026/09/15 04:50:37.937, 75 %, 10 %, 15838 MiB, 16384 MiB, 58.57 W, 55
2026/09/15 04:50:38.940, 100 %, 6 %, 15838 MiB, 16384 MiB, 64.86 W, 56
2026/09/15 04:50:39.943, 100 %, 6 %, 15838 MiB, 16384 MiB, 65.24 W, 56
2026/09/15 04:50:40.947, 100 %, 9 %, 15838 MiB, 16384 MiB, 65.35 W, 56
2026/09/15 04:50:41.950, 100 %, 9 %, 15838 MiB, 16384 MiB, 59.09 W, 56
2026/09/15 04:50:42.952, 100 %, 6 %, 15838 MiB, 16384 MiB, 59.13 W, 56
2026/09/15 04:50:43.956, 1 %, 2 %, 15838 MiB, 16384 MiB, 57.72 W, 56
2026/09/15 04:50:44.959, 2 %, 3 %, 15838 MiB, 16384 MiB, 58.80 W, 56
2026/09/15 04:50:45.962, 2 %, 3 %, 15838 MiB, 16384 MiB, 46.36 W, 55
2026/09/15 04:50:46.966, 1 %, 2 %, 15838 MiB, 16384 MiB, 46.40 W, 55
2026/09/15 04:50:47.969, 3 %, 4 %, 15838 MiB, 16384 MiB, 46.21 W, 55
2026/09/15 04:50:48.973, 3 %, 4 %, 15838 MiB, 16384 MiB, 46.06 W, 55
2026/09/15 04:50:49.976, 3 %, 4 %, 15838 MiB, 16384 MiB, 45.97 W, 55
2026/09/15 04:50:50.980, 1 %, 2 %, 15838 MiB, 16384 MiB, 48.90 W, 55
2026/09/15 04:50:51.983, 1 %, 3 %, 15838 MiB, 16384 MiB, 49.63 W, 55
2026/09/15 04:50:52.986, 2 %, 3 %, 15838 MiB, 16384 MiB, 46.05 W, 55
2026/09/15 04:50:53.989, 1 %, 2 %, 15838 MiB, 16384 MiB, 46.17 W, 55
2026/09/15 04:50:54.992, 3 %, 4 %, 15838 MiB, 16384 MiB, 46.25 W, 55
2026/09/15 04:50:55.996, 3 %, 4 %, 15838 MiB, 16384 MiB, 46.95 W, 55
2026/09/15 04:50:56.999, 3 %, 4 %, 15838 MiB, 16384 MiB, 46.82 W, 55
2026/09/15 04:50:58.002, 3 %, 4 %, 15838 MiB, 16384 MiB, 45.95 W, 55
2026/09/15 04:50:59.006, 1 %, 2 %, 15838 MiB, 16384 MiB, 49.24 W, 55
2026/09/15 04:51:00.009, 1 %, 2 %, 15838 MiB, 16384 MiB, 49.41 W, 55
2026/09/15 04:51:01.013, 1 %, 2 %, 15838 MiB, 16384 MiB, 45.93 W, 55
2026/09/15 04:51:02.016, 1 %, 2 %, 15838 MiB, 16384 MiB, 46.21 W, 55
2026/09/15 04:51:03.020, 2 %, 3 %, 15838 MiB, 16384 MiB, 45.92 W, 55
2026/09/15 04:51:04.022, 3 %, 4 %, 15838 MiB, 16384 MiB, 46.11 W, 55
2026/09/15 04:51:05.025, 3 %, 4 %, 15838 MiB, 16384 MiB, 46.32 W, 55
2026/09/15 04:51:06.029, 13 %, 9 %, 15838 MiB, 16384 MiB, 50.77 W, 55
2026/09/15 04:51:07.031, 100 %, 6 %, 15838 MiB, 16384 MiB, 59.00 W, 56
2026/09/15 04:51:08.034, 100 %, 6 %, 15838 MiB, 16384 MiB, 65.14 W, 56
2026/09/15 04:51:09.036, 100 %, 6 %, 15838 MiB, 16384 MiB, 65.10 W, 56
2026/09/15 04:51:10.039, 100 %, 9 %, 15838 MiB, 16384 MiB, 64.81 W, 56
2026/09/15 04:51:11.041, 100 %, 8 %, 15838 MiB, 16384 MiB, 59.13 W, 56
2026/09/15 04:51:12.044, 1 %, 3 %, 15838 MiB, 16384 MiB, 58.49 W, 56
2026/09/15 04:51:13.046, 2 %, 3 %, 15838 MiB, 16384 MiB, 58.70 W, 56
2026/09/15 04:51:14.049, 3 %, 4 %, 15838 MiB, 16384 MiB, 46.90 W, 55
2026/09/15 04:51:15.051, 3 %, 4 %, 15838 MiB, 16384 MiB, 46.88 W, 55
2026/09/15 04:51:16.054, 3 %, 4 %, 15838 MiB, 16384 MiB, 46.65 W, 55
2026/09/15 04:51:17.056, 1 %, 2 %, 15838 MiB, 16384 MiB, 46.43 W, 55
2026/09/15 04:51:18.059, 1 %, 2 %, 15838 MiB, 16384 MiB, 50.07 W, 55
2026/09/15 04:51:19.061, 1 %, 2 %, 15838 MiB, 16384 MiB, 46.43 W, 55
2026/09/15 04:51:20.064, 2 %, 3 %, 15838 MiB, 16384 MiB, 46.29 W, 55
2026/09/15 04:51:21.066, 1 %, 2 %, 15838 MiB, 16384 MiB, 46.64 W, 55
2026/09/15 04:51:22.069, 3 %, 4 %, 15838 MiB, 16384 MiB, 46.49 W, 55
2026/09/15 04:51:23.072, 4 %, 5 %, 15838 MiB, 16384 MiB, 46.56 W, 55
2026/09/15 04:51:24.074, 3 %, 4 %, 15838 MiB, 16384 MiB, 46.56 W, 55
2026/09/15 04:51:25.077, 2 %, 3 %, 15838 MiB, 16384 MiB, 46.15 W, 55
2026/09/15 04:51:26.079, 2 %, 3 %, 15838 MiB, 16384 MiB, 50.33 W, 55
2026/09/15 04:51:27.082, 1 %, 2 %, 15838 MiB, 16384 MiB, 46.68 W, 55
2026/09/15 04:51:28.086, 1 %, 2 %, 15838 MiB, 16384 MiB, 46.64 W, 55
2026/09/15 04:51:29.088, 1 %, 2 %, 15838 MiB, 16384 MiB, 46.55 W, 55
2026/09/15 04:51:30.091, 3 %, 4 %, 15838 MiB, 16384 MiB, 46.73 W, 55
2026/09/15 04:51:31.094, 3 %, 4 %, 15838 MiB, 16384 MiB, 46.70 W, 55
2026/09/15 04:51:32.096, 3 %, 4 %, 15838 MiB, 16384 MiB, 46.79 W, 55
2026/09/15 04:51:33.099, 1 %, 2 %, 15838 MiB, 16384 MiB, 46.77 W, 55
2026/09/15 04:51:34.102, 1 %, 2 %, 15838 MiB, 16384 MiB, 55.77 W, 55
2026/09/15 04:51:35.104, 100 %, 6 %, 15838 MiB, 16384 MiB, 59.40 W, 56
2026/09/15 04:51:36.107, 100 %, 6 %, 15838 MiB, 16384 MiB, 59.37 W, 56
2026/09/15 04:51:37.109, 100 %, 6 %, 15838 MiB, 16384 MiB, 66.58 W, 56
2026/09/15 04:51:38.112, 100 %, 9 %, 15838 MiB, 16384 MiB, 67.01 W, 56
2026/09/15 04:51:39.114, 100 %, 9 %, 15838 MiB, 16384 MiB, 65.49 W, 56
2026/09/15 04:51:40.118, 1 %, 2 %, 15838 MiB, 16384 MiB, 58.96 W, 56
2026/09/15 04:51:41.121, 3 %, 4 %, 15838 MiB, 16384 MiB, 58.92 W, 56
2026/09/15 04:51:42.123, 4 %, 5 %, 15838 MiB, 16384 MiB, 46.64 W, 55
2026/09/15 04:51:43.126, 1 %, 2 %, 15838 MiB, 16384 MiB, 49.61 W, 55
2026/09/15 04:51:44.129, 1 %, 2 %, 15838 MiB, 16384 MiB, 49.82 W, 55
2026/09/15 04:51:45.131, 2 %, 3 %, 15838 MiB, 16384 MiB, 46.38 W, 55
2026/09/15 04:51:46.134, 1 %, 2 %, 15838 MiB, 16384 MiB, 46.38 W, 55
2026/09/15 04:51:47.137, 1 %, 2 %, 15838 MiB, 16384 MiB, 46.24 W, 55
2026/09/15 04:51:48.139, 3 %, 4 %, 15838 MiB, 16384 MiB, 46.35 W, 55
2026/09/15 04:51:49.142, 3 %, 4 %, 15838 MiB, 16384 MiB, 46.42 W, 55
2026/09/15 04:51:50.144, 3 %, 5 %, 15838 MiB, 16384 MiB, 46.14 W, 55
2026/09/15 04:51:51.147, 2 %, 3 %, 15838 MiB, 16384 MiB, 49.38 W, 55
2026/09/15 04:51:52.149, 1 %, 2 %, 15838 MiB, 16384 MiB, 46.10 W, 55
2026/09/15 04:51:53.152, 2 %, 3 %, 15838 MiB, 16384 MiB, 46.49 W, 55
2026/09/15 04:51:54.154, 1 %, 2 %, 15838 MiB, 16384 MiB, 46.42 W, 55
2026/09/15 04:51:55.157, 3 %, 4 %, 15838 MiB, 16384 MiB, 46.05 W, 55
2026/09/15 04:51:56.160, 3 %, 4 %, 15838 MiB, 16384 MiB, 46.48 W, 55
2026/09/15 04:51:57.163, 3 %, 4 %, 15838 MiB, 16384 MiB, 47.05 W, 55
2026/09/15 04:51:58.168, 1 %, 2 %, 15838 MiB, 16384 MiB, 49.62 W, 55
2026/09/15 04:51:59.171, 1 %, 2 %, 15838 MiB, 16384 MiB, 49.41 W, 55
2026/09/15 04:52:00.174, 1 %, 2 %, 15838 MiB, 16384 MiB, 47.60 W, 55
2026/09/15 04:52:01.177, 2 %, 3 %, 15838 MiB, 16384 MiB, 46.26 W, 55
2026/09/15 04:52:02.180, 1 %, 2 %, 15838 MiB, 16384 MiB, 46.09 W, 55
2026/09/15 04:52:03.183, 100 %, 6 %, 15838 MiB, 16384 MiB, 65.14 W, 56
2026/09/15 04:52:04.186, 100 %, 6 %, 15838 MiB, 16384 MiB, 65.30 W, 56
2026/09/15 04:52:05.190, 100 %, 9 %, 15838 MiB, 16384 MiB, 65.24 W, 56
2026/09/15 04:52:06.193, 100 %, 6 %, 15838 MiB, 16384 MiB, 58.99 W, 56
2026/09/15 04:52:07.196, 100 %, 6 %, 15838 MiB, 16384 MiB, 59.25 W, 56
2026/09/15 04:52:08.200, 64 %, 5 %, 15838 MiB, 16384 MiB, 58.79 W, 56
2026/09/15 04:52:09.203, 2 %, 3 %, 15838 MiB, 16384 MiB, 57.62 W, 56
2026/09/15 04:52:10.206, 1 %, 3 %, 15838 MiB, 16384 MiB, 49.46 W, 55
2026/09/15 04:52:11.210, 1 %, 3 %, 15838 MiB, 16384 MiB, 46.21 W, 55
2026/09/15 04:52:12.213, 1 %, 2 %, 15838 MiB, 16384 MiB, 46.06 W, 55
2026/09/15 04:52:13.216, 3 %, 4 %, 15838 MiB, 16384 MiB, 46.45 W, 55
2026/09/15 04:52:14.219, 3 %, 4 %, 15838 MiB, 16384 MiB, 46.36 W, 55
2026/09/15 04:52:15.223, 3 %, 5 %, 15838 MiB, 16384 MiB, 46.12 W, 55
2026/09/15 04:52:16.226, 1 %, 3 %, 15838 MiB, 16384 MiB, 49.41 W, 55
2026/09/15 04:52:17.230, 1 %, 3 %, 15838 MiB, 16384 MiB, 50.08 W, 55
2026/09/15 04:52:18.233, 1 %, 2 %, 15838 MiB, 16384 MiB, 46.49 W, 55
2026/09/15 04:52:19.236, 1 %, 3 %, 15838 MiB, 16384 MiB, 46.08 W, 55
2026/09/15 04:52:20.240, 3 %, 4 %, 15838 MiB, 16384 MiB, 46.28 W, 55
2026/09/15 04:52:21.243, 3 %, 4 %, 15838 MiB, 16384 MiB, 46.28 W, 55
2026/09/15 04:52:22.246, 3 %, 4 %, 15838 MiB, 16384 MiB, 46.38 W, 55
2026/09/15 04:52:23.249, 1 %, 2 %, 15838 MiB, 16384 MiB, 48.93 W, 55
2026/09/15 04:52:24.253, 1 %, 2 %, 15838 MiB, 16384 MiB, 49.44 W, 55
2026/09/15 04:52:25.256, 1 %, 2 %, 15838 MiB, 16384 MiB, 46.17 W, 55
2026/09/15 04:52:26.260, 1 %, 3 %, 15838 MiB, 16384 MiB, 46.16 W, 55
2026/09/15 04:52:27.263, 1 %, 2 %, 15838 MiB, 16384 MiB, 46.30 W, 55
2026/09/15 04:52:28.266, 3 %, 4 %, 15838 MiB, 16384 MiB, 46.30 W, 55
2026/09/15 04:52:29.270, 3 %, 4 %, 15838 MiB, 16384 MiB, 46.35 W, 55
2026/09/15 04:52:30.273, 1 %, 2 %, 15838 MiB, 16384 MiB, 45.71 W, 55
2026/09/15 04:52:31.276, 100 %, 6 %, 15838 MiB, 16384 MiB, 60.19 W, 56
2026/09/15 04:52:32.280, 100 %, 6 %, 15838 MiB, 16384 MiB, 59.05 W, 56
2026/09/15 04:52:33.284, 100 %, 6 %, 15838 MiB, 16384 MiB, 65.57 W, 56
2026/09/15 04:52:34.287, 100 %, 9 %, 15838 MiB, 16384 MiB, 65.69 W, 56
2026/09/15 04:52:35.291, 100 %, 9 %, 15838 MiB, 16384 MiB, 65.65 W, 56
2026/09/15 04:52:36.294, 100 %, 6 %, 15838 MiB, 16384 MiB, 59.58 W, 56
2026/09/15 04:52:37.298, 2 %, 3 %, 15838 MiB, 16384 MiB, 60.16 W, 56
2026/09/15 04:52:38.301, 3 %, 4 %, 15838 MiB, 16384 MiB, 47.24 W, 55
2026/09/15 04:52:39.305, 3 %, 5 %, 15838 MiB, 16384 MiB, 46.02 W, 55
2026/09/15 04:52:40.308, 2 %, 3 %, 15838 MiB, 16384 MiB, 49.55 W, 55
2026/09/15 04:52:41.311, 1 %, 2 %, 15838 MiB, 16384 MiB, 46.59 W, 55
2026/09/15 04:52:42.314, 1 %, 2 %, 15838 MiB, 16384 MiB, 46.89 W, 55
2026/09/15 04:52:43.318, 1 %, 2 %, 15838 MiB, 16384 MiB, 46.95 W, 55
2026/09/15 04:52:44.322, 3 %, 4 %, 15838 MiB, 16384 MiB, 46.93 W, 55
2026/09/15 04:52:45.324, 3 %, 4 %, 15838 MiB, 16384 MiB, 46.74 W, 55
2026/09/15 04:52:46.327, 3 %, 4 %, 15838 MiB, 16384 MiB, 46.60 W, 55
2026/09/15 04:52:47.331, 1 %, 2 %, 15838 MiB, 16384 MiB, 46.35 W, 55
2026/09/15 04:52:48.334, 2 %, 3 %, 15838 MiB, 16384 MiB, 50.49 W, 55
2026/09/15 04:52:49.337, 1 %, 2 %, 15838 MiB, 16384 MiB, 46.76 W, 55
2026/09/15 04:52:50.340, 1 %, 2 %, 15838 MiB, 16384 MiB, 46.72 W, 55
2026/09/15 04:52:51.343, 3 %, 4 %, 15838 MiB, 16384 MiB, 46.87 W, 55
2026/09/15 04:52:52.346, 3 %, 4 %, 15838 MiB, 16384 MiB, 46.85 W, 55
2026/09/15 04:52:53.349, 3 %, 4 %, 15838 MiB, 16384 MiB, 46.65 W, 55
2026/09/15 04:52:54.352, 1 %, 2 %, 15838 MiB, 16384 MiB, 46.29 W, 55
2026/09/15 04:52:55.355, 1 %, 2 %, 15838 MiB, 16384 MiB, 49.65 W, 55
2026/09/15 04:52:56.359, 2 %, 3 %, 15838 MiB, 16384 MiB, 50.23 W, 55
2026/09/15 04:52:57.362, 2 %, 3 %, 15838 MiB, 16384 MiB, 47.10 W, 55
2026/09/15 04:52:58.367, 1 %, 2 %, 15838 MiB, 16384 MiB, 46.92 W, 55
2026/09/15 04:52:59.369, 100 %, 6 %, 15838 MiB, 16384 MiB, 64.24 W, 56
2026/09/15 04:53:00.373, 100 %, 9 %, 15838 MiB, 16384 MiB, 59.01 W, 56
2026/09/15 04:53:01.379, 100 %, 9 %, 15838 MiB, 16384 MiB, 59.14 W, 56
2026/09/15 04:53:02.381, 100 %, 6 %, 15838 MiB, 16384 MiB, 65.36 W, 56
2026/09/15 04:53:03.383, 100 %, 6 %, 15838 MiB, 16384 MiB, 65.43 W, 56
2026/09/15 04:53:04.386, 100 %, 9 %, 15838 MiB, 16384 MiB, 65.42 W, 56
2026/09/15 04:53:05.388, 1 %, 2 %, 15838 MiB, 16384 MiB, 58.85 W, 56
2026/09/15 04:53:06.391, 3 %, 4 %, 15838 MiB, 16384 MiB, 64.43 W, 56
2026/09/15 04:53:07.403, 1 %, 2 %, 15838 MiB, 16384 MiB, 46.61 W, 55
2026/09/15 04:53:08.406, 2 %, 3 %, 15838 MiB, 16384 MiB, 46.66 W, 55
2026/09/15 04:53:09.408, 1 %, 2 %, 15838 MiB, 16384 MiB, 46.60 W, 55
2026/09/15 04:53:10.411, 1 %, 2 %, 15838 MiB, 16384 MiB, 46.38 W, 55
2026/09/15 04:53:11.413, 1 %, 2 %, 15838 MiB, 16384 MiB, 46.55 W, 55
2026/09/15 04:53:12.416, 3 %, 4 %, 15838 MiB, 16384 MiB, 46.15 W, 55
2026/09/15 04:53:13.418, 3 %, 4 %, 15838 MiB, 16384 MiB, 49.45 W, 55
2026/09/15 04:53:14.421, 4 %, 5 %, 15838 MiB, 16384 MiB, 46.59 W, 55
2026/09/15 04:53:15.423, 1 %, 2 %, 15838 MiB, 16384 MiB, 46.56 W, 55
2026/09/15 04:53:16.426, 2 %, 3 %, 15838 MiB, 16384 MiB, 46.71 W, 55
2026/09/15 04:53:17.429, 1 %, 2 %, 15838 MiB, 16384 MiB, 46.75 W, 55
2026/09/15 04:53:18.431, 1 %, 2 %, 15838 MiB, 16384 MiB, 47.20 W, 55
2026/09/15 04:53:19.434, 3 %, 4 %, 15838 MiB, 16384 MiB, 46.34 W, 55
2026/09/15 04:53:20.437, 3 %, 4 %, 15838 MiB, 16384 MiB, 49.94 W, 55
2026/09/15 04:53:21.440, 3 %, 5 %, 15838 MiB, 16384 MiB, 46.59 W, 55
2026/09/15 04:53:22.444, 1 %, 2 %, 15838 MiB, 16384 MiB, 46.42 W, 55
2026/09/15 04:53:23.447, 1 %, 2 %, 15838 MiB, 16384 MiB, 46.46 W, 55
2026/09/15 04:53:24.450, 2 %, 3 %, 15838 MiB, 16384 MiB, 46.52 W, 55
2026/09/15 04:53:25.454, 2 %, 3 %, 15838 MiB, 16384 MiB, 46.46 W, 55
2026/09/15 04:53:26.457, 2 %, 3 %, 15838 MiB, 16384 MiB, 46.57 W, 55
2026/09/15 04:53:27.460, 87 %, 12 %, 15838 MiB, 16384 MiB, 46.69 W, 55
2026/09/15 04:53:28.463, 100 %, 6 %, 15838 MiB, 16384 MiB, 64.80 W, 56
2026/09/15 04:53:29.467, 100 %, 6 %, 15838 MiB, 16384 MiB, 64.67 W, 56
2026/09/15 04:53:30.470, 100 %, 6 %, 15838 MiB, 16384 MiB, 65.34 W, 56
2026/09/15 04:53:31.473, 100 %, 9 %, 15838 MiB, 16384 MiB, 59.38 W, 56
2026/09/15 04:53:32.477, 100 %, 9 %, 15838 MiB, 16384 MiB, 59.56 W, 56
2026/09/15 04:53:33.480, 3 %, 4 %, 15838 MiB, 16384 MiB, 58.64 W, 56
2026/09/15 04:53:34.484, 2 %, 3 %, 15838 MiB, 16384 MiB, 59.02 W, 56
2026/09/15 04:53:35.487, 2 %, 3 %, 15838 MiB, 16384 MiB, 46.62 W, 55
2026/09/15 04:53:36.490, 1 %, 2 %, 15838 MiB, 16384 MiB, 46.61 W, 55
2026/09/15 04:53:37.493, 3 %, 4 %, 15838 MiB, 16384 MiB, 45.91 W, 55
2026/09/15 04:53:38.497, 3 %, 4 %, 15838 MiB, 16384 MiB, 50.15 W, 55
2026/09/15 04:53:39.500, 3 %, 4 %, 15838 MiB, 16384 MiB, 50.67 W, 55
2026/09/15 04:53:40.503, 1 %, 2 %, 15838 MiB, 16384 MiB, 46.47 W, 55
2026/09/15 04:53:41.507, 1 %, 3 %, 15838 MiB, 16384 MiB, 46.29 W, 55
2026/09/15 04:53:42.510, 2 %, 3 %, 15838 MiB, 16384 MiB, 46.58 W, 55
2026/09/15 04:53:43.513, 1 %, 2 %, 15838 MiB, 16384 MiB, 46.42 W, 55
2026/09/15 04:53:44.516, 2 %, 2 %, 15838 MiB, 16384 MiB, 46.53 W, 55
2026/09/15 04:53:45.519, 3 %, 4 %, 15838 MiB, 16384 MiB, 45.76 W, 55
2026/09/15 04:53:46.522, 3 %, 4 %, 15838 MiB, 16384 MiB, 49.59 W, 55
2026/09/15 04:53:47.526, 4 %, 5 %, 15838 MiB, 16384 MiB, 46.18 W, 55
2026/09/15 04:53:48.529, 1 %, 2 %, 15838 MiB, 16384 MiB, 46.01 W, 55
2026/09/15 04:53:49.533, 1 %, 2 %, 15838 MiB, 16384 MiB, 46.16 W, 55
2026/09/15 04:53:50.536, 1 %, 2 %, 15838 MiB, 16384 MiB, 46.17 W, 55
2026/09/15 04:53:51.539, 1 %, 2 %, 15838 MiB, 16384 MiB, 46.24 W, 55
2026/09/15 04:53:52.542, 2 %, 3 %, 15838 MiB, 16384 MiB, 46.44 W, 55
2026/09/15 04:53:53.546, 2 %, 3 %, 15838 MiB, 16384 MiB, 46.38 W, 55
2026/09/15 04:53:54.549, 4 %, 5 %, 15838 MiB, 16384 MiB, 46.24 W, 55
2026/09/15 04:53:55.552, 61 %, 9 %, 15838 MiB, 16384 MiB, 56.08 W, 55
2026/09/15 04:53:56.556, 0 %, 0 %, 15838 MiB, 16384 MiB, 56.20 W, 55
2026/09/15 04:53:57.558, 0 %, 0 %, 15838 MiB, 16384 MiB, 45.21 W, 55
2026/09/15 04:53:58.562, 0 %, 0 %, 15838 MiB, 16384 MiB, 45.39 W, 55
2026/09/15 04:53:59.565, 0 %, 0 %, 15838 MiB, 16384 MiB, 45.66 W, 55
2026/09/15 04:54:00.568, 0 %, 0 %, 15838 MiB, 16384 MiB, 45.68 W, 55
2026/09/15 04:54:01.570, 0 %, 0 %, 15838 MiB, 16384 MiB, 45.03 W, 55
2026/09/15 04:54:02.573, 0 %, 0 %, 15838 MiB, 16384 MiB, 45.01 W, 54
2026/09/15 04:54:03.575, 0 %, 0 %, 15838 MiB, 16384 MiB, 44.89 W, 54
2026/09/15 04:54:04.578, 0 %, 0 %, 15838 MiB, 16384 MiB, 45.10 W, 54
2026/09/15 04:54:05.580, 0 %, 0 %, 15838 MiB, 16384 MiB, 45.03 W, 54
2026/09/15 04:54:06.583, 0 %, 0 %, 15838 MiB, 16384 MiB, 44.99 W, 54
2026/09/15 04:54:07.585, 0 %, 0 %, 15838 MiB, 16384 MiB, 45.10 W, 54
2026/09/15 04:54:08.587, 0 %, 0 %, 15838 MiB, 16384 MiB, 45.03 W, 54
2026/09/15 04:54:09.590, 0 %, 0 %, 15838 MiB, 16384 MiB, 45.06 W, 54
2026/09/15 04:54:10.592, 0 %, 0 %, 15838 MiB, 16384 MiB, 45.21 W, 54
