procs -----------------------memory---------------------- ---swap-- -----io---- -system-- --------cpu-------- -----timestamp-----
 r  b         swpd         free         buff        cache   si   so    bi    bo   in   cs  us  sy  id  wa  st                 KST
 5  0       670408     67198368        20016     59145640    2    3 13092   590    1    2   1   1  97   2   0 2026-09-16 17:05:14
 3  0       670152     67114432        20016     59145696  256    0   256     0 5781 6929   4   1  95   0   0 2026-09-16 17:05:15
 2  0       669896     67067136        20016     59145720  216    0   216   452 5084 6813   4   1  95   0   0 2026-09-16 17:05:16
 3  0       669640     66999480        20024     59145784  224    0   248    88 6960 6948   5   9  86   0   0 2026-09-16 17:05:17
 1  0       669384     66977548        20024     59145812  252    0   252     0 5156 6619   3   1  96   0   0 2026-09-16 17:05:18
 2  0       669384     66976904        20024     59145936  204    0   292     0 5024 6534   1   2  97   0   0 2026-09-16 17:05:19
 1  0       669128     66946500        20024     59145972  244    0   256     0 4923 6616   2   2  96   0   0 2026-09-16 17:05:20
 2  0       668872     66863816        20024     59146004  268    0   268   432 5034 6732   2   2  96   0   0 2026-09-16 17:05:21
 3  0       668616     66760556        20036     59146036  300    0   300   104 5026 6846   3   1  95   0   0 2026-09-16 17:05:22
 2  0       668360     66616764        20036     59146196  344    0   472     0 5296 6520   4   1  95   0   0 2026-09-16 17:05:23
 2  0       668104     66547548        20036     59146224  172    0   172     0 4906 6490   4   1  95   0   0 2026-09-16 17:05:24
 3  0       668104     66050820        20036     59146264   12    0    12     0 7825 7706  20   2  78   0   0 2026-09-16 17:05:25
 3  0       667848     65717872        20644     59229344   96    0 74384   400 8667 11006   8   2  89   0   0 2026-09-16 17:05:26
 1  0       667848     66189860        21136     59333044  396    0 66940   148 10997 13300   6   3  91   0   0 2026-09-16 17:05:27
 4  0       667848     64720220        21532     59344420    0    0 14420     0 10787 16638   4   2  93   0   0 2026-09-16 17:05:28
 2  0       667848     60964504        22036     59343492    0    0   508     0 11267 16077   4   3  93   0   0 2026-09-16 17:05:29
 2  0       667848     57380004        22468     59343688  204    0   636     0 10916 16139   2   3  94   0   0 2026-09-16 17:05:30
 1  0       667848     54319052        22976     58912292    4    0   532     0 10534 16059   2   3  95   0   0 2026-09-16 17:05:31
 1  0       667848     54886236        23460     55684504    0    0   464  2936 11263 16186   2   4  94   0   0 2026-09-16 17:05:32
 3  0       667848     55900872        23668     52389504   84    0   292     0 11234 15906   2   3  95   0   0 2026-09-16 17:05:33
 1  0       667592     56768700        23868     49181804  152    0   352     0 10838 15987   2   3  95   0   0 2026-09-16 17:05:34
procs -----------------------memory---------------------- ---swap-- -----io---- -system-- --------cpu-------- -----timestamp-----
 r  b         swpd         free         buff        cache   si   so    bi    bo   in   cs  us  sy  id  wa  st                 KST
 1  0       667336     55513012        24000     47251428   88    0   260     0 10957 15984   2   3  95   0   0 2026-09-16 17:05:35
 2  0       667336     55643820        24184     44118600   96    0   280     0 10576 16143   2   4  95   0   0 2026-09-16 17:05:36
 2  0       667336     56430288        24336     41107304  172    0   308  4136 11035 16243   2   3  95   0   0 2026-09-16 17:05:37
 1  0       667336     54077644        24484     39970524    0    0   148     0 11071 16014   2   3  95   0   0 2026-09-16 17:05:38
 2  0       667336     53104884        24636     37934660   92    0   244     0 10933 16241   2   3  95   0   0 2026-09-16 17:05:39
 1  0       667336     54196440        24692     34622876   28    0    84     0 10502 15952   2   3  95   0   0 2026-09-16 17:05:40
 2  0       667080     53095776        24700     32665292  104    0   112     0 10618 15968   2   3  95   0   0 2026-09-16 17:05:41
 1  0       667080     54224028        24716     29152220   24    0    24  2668 11218 16041   2   4  95   0   0 2026-09-16 17:05:42
 2  0       667080     52703552        24716     27388696    0    0     0     0 10902 15877   2   3  95   0   0 2026-09-16 17:05:43
 4  0       667080     53506088        24716     23864996   12    0    12     0 11203 15905   2   3  94   0   0 2026-09-16 17:05:44
 1  0       667080     54978792        24728     20333584    0    0    12     0 11517 15723   2   3  95   0   0 2026-09-16 17:05:45
 2  0       667080     56045444        24732     16809376    4    0     8     0 11612 16341   2   4  95   0   0 2026-09-16 17:05:46
 1  0       667080     54577048        24744     15045120   72    0   164  1988 11706 16902   3   3  94   0   0 2026-09-16 17:05:47
 1  0       667080     55744592        24744     11513860    0    0    52     0 11003 15933   2   4  95   0   0 2026-09-16 17:05:48
 2  0       667080     54986340        24744      9429552    0    0   256     0 10715 15815   2   3  95   0   0 2026-09-16 17:05:49
 1  0       667080     55312312        24744      6225000    0    0     4     0 10918 15872   2   4  95   0   0 2026-09-16 17:05:50
 4  0       667080     54773016        24744      4432552    0    0     0     0 201687 15924   2   5  93   0   0 2026-09-16 17:05:51
 2  0       667080     56525120        24760      2692808    0    0   352  2644 105959 15927   2   4  94   0   0 2026-09-16 17:05:52
 5 14       667080     55474152        24768      3244132    0    0 554072     4 12588 20412   4   4  79  13   0 2026-09-16 17:05:53
 4 17       666824     53078204        24768      4442596   16    0 1196580     0 16079 24299   5   8  57  30   0 2026-09-16 17:05:54
 2  0       666824     52886516        24768      5128864  432    0 685756     0 14325 22529   8   4  72  16   0 2026-09-16 17:05:55
procs -----------------------memory---------------------- ---swap-- -----io---- -system-- --------cpu-------- -----timestamp-----
 r  b         swpd         free         buff        cache   si   so    bi    bo   in   cs  us  sy  id  wa  st                 KST
 9 10       666824     51933576        24768      7331652    0    0 1091400     0 16212 23236   6  18  54  22   0 2026-09-16 17:05:56
 3 15       666824     50309500        24784      8963340    0    0 991200 12848 30249 22773   6  12  59  23   0 2026-09-16 17:05:57
 2 16       666824     49093964        24784     10175816   64    0 1213616     0 16281 24678   7   5  57  31   0 2026-09-16 17:05:58
 6 12       666824     46840728        24784     12433812    0    0 1182720     0 17153 23778   6  21  50  23   0 2026-09-16 17:05:59
 3 16       666824     45117860        24788     14163980    0    0 1047780     0 15989 23095   7  14  56  24   0 2026-09-16 17:06:00
 3 16       666824     43895980        24788     15383236    0    0 1218208     0 15986 24238   7   5  59  29   0 2026-09-16 17:06:01
13  8       666824     41864388        24800     17407632    4    0 1057176 65768 72562 22904   6  19  50  25   0 2026-09-16 17:06:02
 3 16       666824     40239892        24800     19027376    0    0 828600 114688 211678 21625   6  18  48  28   0 2026-09-16 17:06:03
 2 17       666824     39434872        24808     19832012    0    0 806264 145200 102379 21916   6   5  58  32   0 2026-09-16 17:06:04
 1 19       666824     38582208        24812     20686004    0    0 853768 107244 55022 21864   6   4  56  34   0 2026-09-16 17:06:05
13  7       666824     36858796        24812     22412200    0    0 850960 108004 130054 22438   5  17  49  30   0 2026-09-16 17:06:06
 8 15       666824     34889988        24828     24376848    0    0 1080132 131324 298807 23719   6  18  51  25   0 2026-09-16 17:06:07
12  7       666824     33867940        24836     25400236    0    0 1025828 253952 230149 23726   8   6  58  28   0 2026-09-16 17:06:08
 9 11       666824     32072768        24840     27198508    0    0 1123860 120688 247702 24364   6  15  51  27   0 2026-09-16 17:06:09
 6 16       666824     29872376        24840     29390324    0    0 1107520 164640 395160 24064   6  22  49  23   0 2026-09-16 17:06:10
 5 15       666824     28736676        24844     30521744    0    0 1130892 257392 269016 24456   8   6  54  32   0 2026-09-16 17:06:11
 7 12       666824     26801072        24860     32462688    0    0 989172 300392 441581 23501   7  18  54  21   0 2026-09-16 17:06:12
 3 17       666824     24911136        24860     34348840    0    0 1078336 180224 403269 23762   7  18  50  26   0 2026-09-16 17:06:13
 4 16       666824     23769148        24860     35488372    0    0 1141484 159748 171710 24027   7   6  57  30   0 2026-09-16 17:06:14
12  8       666824     22577008        24868     36685480    0    0 972528 266240 273587 23464   7   8  58  27   0 2026-09-16 17:06:15
 8 12       666824     20351124        24872     38918360    0    0 1102300 156104 466697 24198   6  24  48  23   0 2026-09-16 17:06:16
procs -----------------------memory---------------------- ---swap-- -----io---- -system-- --------cpu-------- -----timestamp-----
 r  b         swpd         free         buff        cache   si   so    bi    bo   in   cs  us  sy  id  wa  st                 KST
 4 15       666824     19115196        24904     40140516    0    0 817492 881260 758866 21377   7  10  54  28   0 2026-09-16 17:06:17
 3 17       666824     17992872        24904     41261272    0    0 1121568 167936 193483 24195   7   6  56  32   0 2026-09-16 17:06:18
16  3       666824     16150020        24912     43102760    0    0 994616 569344 872209 23290   8  17  53  21   0 2026-09-16 17:06:19
 9 10       666824     14600544        24916     44646356    0    0 762372 237568 344761 20884   5  16  50  29   0 2026-09-16 17:06:20
 2 17       666824     13672040        24916     45572996    0    0 796300 221368 122104 21431   5   7  55  34   0 2026-09-16 17:06:21
 4 16       666824     12737152        24936     46512988    0    0 939856 119856 98556 23013   6   5  55  34   0 2026-09-16 17:06:22
 7 14       666824     11491088        24944     47756120    0    0 666912 266248 313253 20441   6  12  51  31   0 2026-09-16 17:06:23
 8 13       666824     10443056        24952     48805384    0    0 517292 335872 290781 19590   5  12  55  27   0 2026-09-16 17:06:24
 4 16       666824      9513520        24952     49728332    0    0 455000 398104 218628 19360   3   9  53  35   0 2026-09-16 17:06:25
 1 19       666824      8616712        24964     50629160    0    0 718108 270336 170729 21452   5   8  51  36   0 2026-09-16 17:06:26
 0 19       666824      7701996        24976     51539740    0    0 912176 147944 110208 22737   6   4  57  32   0 2026-09-16 17:06:27
 8 13       666824      6666396        24976     52569352    0    0 640276 323584 223440 20487   5  11  51  33   0 2026-09-16 17:06:28
 2 17       666824      5654520        24980     53579272    0    0 497912 380928 268460 19247   4  10  52  34   0 2026-09-16 17:06:29
 1 19       666824      4905468        24988     54321008    0    0 369112 425984 321990 18525   6   8  57  29   0 2026-09-16 17:06:30
 5 14       666824      3798844        24992     55429904    0    0 544860 331780 247561 19738   4  12  52  32   0 2026-09-16 17:06:31
 7  1       666824      2985012        25012     56233624    0    0 396888 390140 202780 18740   3   7  55  35   0 2026-09-16 17:06:32
 6 14       666824      2143004        25024     57076360    0    0 415756 393596 177977 18787   3   7  55  35   0 2026-09-16 17:06:33
13  7       666824      1377100        25028     57855300    0    0 384772 417792 173274 18460   3   7  52  38   0 2026-09-16 17:06:34
 1 19       666824      1148624        25028     58138732    0    0 418704 350208 211425 19671   4   9  54  33   0 2026-09-16 17:06:35
 6 14       666824      1046340        25036     58255540    0    0 800252 184320 171224 22308   6   6  54  34   0 2026-09-16 17:06:36
 3 17       666824       914680        25060     58382248    0    0 913556 150232 162211 23150   6   6  55  33   0 2026-09-16 17:06:37
procs -----------------------memory---------------------- ---swap-- -----io---- -system-- --------cpu-------- -----timestamp-----
 r  b         swpd         free         buff        cache   si   so    bi    bo   in   cs  us  sy  id  wa  st                 KST
12  7       666824       884724        25072     58413160    0    0 436404 399280 243848 19484   4  10  59  27   0 2026-09-16 17:06:38
 4 15       793600       766560        25076     58589408  124 127428 311004 436756 171199 35869   3   7  58  32   0 2026-09-16 17:06:39
 5 16       798540       735444        25052     58642836    0 4124 594768 253980 190778 20843   4  11  61  24   0 2026-09-16 17:06:40
 3 17       798540       811872        25036     58556172    0    0 415552 360448 267098 18971   6   8  57  29   0 2026-09-16 17:06:41
 0 19       798540       850576        25060     58525368   24    0 824856 135628 73215 21707   5   5  57  33   0 2026-09-16 17:06:42
 1 18       798540       853172        25068     58521268    4    4 816016 143364 114157 21971   6   6  55  34   0 2026-09-16 17:06:43
 1 19       798540       797128        25064     58560732  184   76 371324 370268 270218 19748   6   8  59  27   0 2026-09-16 17:06:44
 2 19       798540       717228        25064     58644812    0   48 543332 282672 204763 20076   4  10  54  32   0 2026-09-16 17:06:45
 6 14       798540       742612        25068     58612104  124    4 400500 367388 189227 19588   4   7  57  32   0 2026-09-16 17:06:46
 5 15       798540       897116        25076     58460128    0    0 416368 352604 136383 19336   3   7  55  35   0 2026-09-16 17:06:47
 3 17       798540       830224        25076     58529148    0    0 765536 188416 129490 21755   5   5  56  33   0 2026-09-16 17:06:48
 5 14       798540       903124        25072     58458984    0    0 884300 145408 128093 22468   6   5  56  33   0 2026-09-16 17:06:49
 3 17       798540       899848        25076     58453108    0    0 515068 323584 224705 19671   4   9  55  32   0 2026-09-16 17:06:50
 3  0       798540       848468        25084     58501732    4    0 354008 434176 304517 19192   6   8  62  25   0 2026-09-16 17:06:51
 7 14       798540       856280        25088     58505220    0    0 521820 356692 214563 19900   4  11  53  32   0 2026-09-16 17:06:52
 2 19       798540       853120        25096     58506160    0    0 413192 399880 161445 19304   3   9  52  36   0 2026-09-16 17:06:53
 3 16       798540       763520        25096     58591860    0    0 860260 158836 115984 22250   5   5  55  34   0 2026-09-16 17:06:54
10 11       798540       810384        25096     58546092    0    0 888448 126348 171038 22707   7   6  54  33   0 2026-09-16 17:06:55
10  2       798540       867848        25104     58486380    0    0 451088 398704 209838 19879   3   9  54  33   0 2026-09-16 17:06:56
 4 16       798540       849276        25120     58497824    0    0 466348 426412 238502 19394   3   9  56  32   0 2026-09-16 17:06:57
 4 16       798540       833084        25132     58518304    0    0 426248 370420 295603 19496   5  11  57  27   0 2026-09-16 17:06:58
procs -----------------------memory---------------------- ---swap-- -----io---- -system-- --------cpu-------- -----timestamp-----
 r  b         swpd         free         buff        cache   si   so    bi    bo   in   cs  us  sy  id  wa  st                 KST
 4 17       798540       756936        25140     58595780    0    0 512668 335872 189946 20167   4   8  55  33   0 2026-09-16 17:06:59
 6 14       798540       890492        25128     58460976    0    0 848656 131072 126062 21846   5   5  58  32   0 2026-09-16 17:07:00
11 10       798540       815452        25128     58529588    0    0 788828 172032 185694 21584   6   6  55  32   0 2026-09-16 17:07:01
 7 12       798540       867912        25144     58478352    0    0 467704 325960 184640 19205   3   8  56  33   0 2026-09-16 17:07:02
 9 12       798540       866936        25140     58474532    0    0 431876 333824 176254 19192   4   8  58  31   0 2026-09-16 17:07:03
 6 14       798540       877036        25140     58461152    0    0 422400 370188 179548 19186   3   9  54  34   0 2026-09-16 17:07:04
 3 17       798540       849448        25144     58488848  508    0 333248 396408 295830 19058   6   7  59  27   0 2026-09-16 17:07:05
 9 13       798540       846616        25148     58489596  148    0 803884 138620 102276 22879   5   5  56  34   0 2026-09-16 17:07:06
 4 16       798540       821372        25152     58519420   28    0 872064 124940 104837 23369   6   6  54  34   0 2026-09-16 17:07:07
21  0       798540       832940        25152     58499464    8    8 485108 315400 231470 19865   4   9  54  33   0 2026-09-16 17:07:08
 6 15       798540       819172        25152     58510236   96    0 471548 352256 190570 19230   3   9  55  33   0 2026-09-16 17:07:09
 8 13       798284       901760        25156     58425836  308    4 423056 364644 180698 20008   4   8  54  34   0 2026-09-16 17:07:10
 4 16       798028       831512        25160     58492568    8    0 417900 344064 265203 19673   6   8  56  31   0 2026-09-16 17:07:11
 6 15       798028       838020        25172     58493280    0    0 648108 231716 156387 20537   6   5  60  29   0 2026-09-16 17:07:12
 2 17       798028       854100        25168     58480952    0    0 837976 145540 71751 22058   5   5  57  33   0 2026-09-16 17:07:13
 7 13       798028       815900        25168     58506208    4    0 574468 262144 174372 20022   4   9  56  32   0 2026-09-16 17:07:14
 5 16       798028       885768        25172     58433184    0   12 461884 311308 239695 19270   4   8  55  32   0 2026-09-16 17:07:15
 2 18       798028       798116        25176     58512728    8    0 417296 315176 160026 19748   3   6  58  33   0 2026-09-16 17:07:16
 9 10       798028       890712        25184     58427332    0    0 404124 369144 223476 18921   4   9  54  33   0 2026-09-16 17:07:17
 9  0       798028       680004        25188     58630684    0    0 785052 207756 178708 22121   7   6  57  30   0 2026-09-16 17:07:18
 2 18       798028       741600        25180     58571040    0    0 736864 211516 105105 21631   4   5  61  30   0 2026-09-16 17:07:19
procs -----------------------memory---------------------- ---swap-- -----io---- -system-- --------cpu-------- -----timestamp-----
 r  b         swpd         free         buff        cache   si   so    bi    bo   in   cs  us  sy  id  wa  st                 KST
 4 16       798028       931640        25184     58378060    0    0 586040 269028 188028 20320   4   9  56  31   0 2026-09-16 17:07:20
 2 18       798028       826960        25180     58474904    0    0 453288 360448 254550 19125   3   9  55  33   0 2026-09-16 17:07:21
 5 16       798028       823332        25180     58474820    8    4 439116 345012 210895 19385   3   8  55  33   0 2026-09-16 17:07:22
 6 15       798028       888924        25172     58421692    0    0 416840 368640 268101 18936   4   9  53  34   0 2026-09-16 17:07:23
 4 17       798028       839596        25172     58461660    0    0 732620 188416 142500 21448   5   5  56  33   0 2026-09-16 17:07:24
 4 20       798028       783648        25068     58513156    4    0 664064 216696 157136 21099   6   5  61  29   0 2026-09-16 17:07:25
 7 14       798028       786112        25052     58514328    8    0 677176 213384 158967 21460   4   8  56  32   0 2026-09-16 17:07:26
 1 19       798028       820908        24928     58479796    0    0 457308 299368 213980 19339   3   8  55  34   0 2026-09-16 17:07:27
 5 14       798028       779568        24764     58516696    0    0 420868 335856 180948 19180   3   7  53  37   0 2026-09-16 17:07:28
 7 15       798028       720148        24456     58575896    0   12 407636 360460 261407 19313   4   7  56  32   0 2026-09-16 17:07:29
 5 16       798028       786444        24456     58518008    4   20 685044 257260 167720 21115   5   6  55  34   0 2026-09-16 17:07:30
 5 17       798028       843368        24460     58452092    0    0 869016 136128 107558 22881   5   6  56  33   0 2026-09-16 17:07:31
 7 17       798028       787216        24300     58515640   20    0 553428 286744 195433 20410   5   7  60  28   0 2026-09-16 17:07:32
 6 19       798028       848680        24304     58455364    0    0 458076 363120 272406 19416   4   9  55  32   0 2026-09-16 17:07:33
10 15       798028       834288        20904     58469040   24    0 456068 371248 236579 19659   4   9  57  31   0 2026-09-16 17:07:34
 6 15       798028       772212        20904     58534100    0    0 413264 379092 242396 19331   4   8  52  35   0 2026-09-16 17:07:35
10  9       798028       825364        20908     58474940    0    0 407956 329516 204719 19629   4   7  54  35   0 2026-09-16 17:07:36
 9 15       798028       806304        20920     58492872    0    0 413940 346476 217418 19226   3   8  56  33   0 2026-09-16 17:07:37
 3 17       798028       749360        20928     58545636    0    0 404748 417792 216482 19229   4   8  55  33   0 2026-09-16 17:07:38
 4 17       798028       759200        20936     58535680    0    0 409652 393216 230053 19020   4   9  54  33   0 2026-09-16 17:07:39
 2  1       798028       858996        20860     58431976    0    0 467688 344064 253039 20016   6   7  60  27   0 2026-09-16 17:07:40
procs -----------------------memory---------------------- ---swap-- -----io---- -system-- --------cpu-------- -----timestamp-----
 r  b         swpd         free         buff        cache   si   so    bi    bo   in   cs  us  sy  id  wa  st                 KST
 5 14       798028       868392        20860     58437884    0    0 890920 109596 92463 22538   5   5  60  30   0 2026-09-16 17:07:41
 5 15       798028       854520        20872     58447740    0    0 732164 201468 139365 21923   5   7  53  35   0 2026-09-16 17:07:42
 9 11       798028       813588        20880     58484480    0    0 434728 349280 226353 19548   4   8  56  32   0 2026-09-16 17:07:43
 6 13       798028       883908        20864     58411612    0    8 413184 321940 146349 19170   3   7  57  33   0 2026-09-16 17:07:44
 2 18       798028       808436        20872     58487768  260    0 398644 367164 188807 19537   3   7  59  31   0 2026-09-16 17:07:45
 3 18       798028       855236        20900     58443128   28    0 539860 294832 205497 20339   5   7  53  35   0 2026-09-16 17:07:46
 1 19       798028       783640        20928     58511700    0    0 673752 185148 148560 21121   6   5  58  31   0 2026-09-16 17:07:47
 1 18       798028       860968        20932     58434908    0    0 812124 130588 89602 21792   5   5  56  33   0 2026-09-16 17:07:48
 2 19       798028       935844        20936     58359196    0    0 453440 273380 196612 19001   3   8  57  32   0 2026-09-16 17:07:49
 3 18       798028       749628        20940     58541548    0    0 419596 281220 195531 19132   2   6  58  33   0 2026-09-16 17:07:50
 8 12       798028       828464        20968     58461016    0    0 408604 373144 199366 19015   3   8  56  33   0 2026-09-16 17:07:51
 6 17       798028       825452        20988     58468804    0    0 390760 334128 243136 19440   5   8  57  30   0 2026-09-16 17:07:52
 3 18       798028       810244        20988     58474028    0    0 821240 128972 83056 21668   5   5  57  33   0 2026-09-16 17:07:53
 4 16       798028       855956        20996     58436428    4    4 636280 188420 131672 20739   6   5  61  29   0 2026-09-16 17:07:54
 8 13       798028       801284        21004     58488316    0    0 573748 198248 135613 19968   4   7  57  33   0 2026-09-16 17:07:55
 6 15       798028       821404        21020     58468248    0    0 404512 264744 157515 18784   3   7  58  33   0 2026-09-16 17:07:56
 8 12       798028       858476        21048     58427648    0    0 396816 270984 149203 18835   3   6  56  34   0 2026-09-16 17:07:57
 6 15       797772       822024        21060     58466688    8    0 380736 281852 128293 18869   3   6  56  35   0 2026-09-16 17:07:58
 3 17       797772       871660        20920     58414772    0    0 528944 229552 170548 19967   4   6  56  34   0 2026-09-16 17:07:59
 8 13       797772       801024        20920     58492120   24    0 861556 107304 80511 22451   5   5  56  34   0 2026-09-16 17:08:00
14  7       797772       731804        20932     58547456   12    0 595964 236952 149299 20506   6   5  59  30   0 2026-09-16 17:08:01
procs -----------------------memory---------------------- ---swap-- -----io---- -system-- --------cpu-------- -----timestamp-----
 r  b         swpd         free         buff        cache   si   so    bi    bo   in   cs  us  sy  id  wa  st                 KST
 4 19       797772       866488        20968     58419356    0    0 425072 438376 226786 19185   4   8  57  32   0 2026-09-16 17:08:02
 4 18       797772       777500        20980     58505948    0    4 439820 334364 196745 19144   3   8  56  33   0 2026-09-16 17:08:03
 1 18       797772       894608        20996     58387840    0    0 414740 362728 181382 19493   3   8  55  34   0 2026-09-16 17:08:04
 7  1       797772       884460        21012     58394912    8    0 356980 323496 226413 19050   5   7  56  32   0 2026-09-16 17:08:05
 2 17       797772       847000        21016     58438008    0    0 797152 127064 112157 21892   5   5  55  34   0 2026-09-16 17:08:06
 8 11       797772       881112        21036     58408000    0    0 816980 119720 118452 22013   6   5  55  34   0 2026-09-16 17:08:07
 2  1       797772       874536        21060     58407272    0    0 411400 350720 284759 19470   6   8  58  28   0 2026-09-16 17:08:08
 3  0       797772       852428        21068     58430660   84    0 473528 304864 202817 19339   3   8  57  31   0 2026-09-16 17:08:09
 3 17       797772       723416        21092     58556852   20    0 425320 315336 172400 19207   3   7  57  33   0 2026-09-16 17:08:10
 7 14       797772       870440        21116     58413704    0    0 388368 401516 217407 19235   3   8  56  34   0 2026-09-16 17:08:11
 5 16       797772       775032        21144     58506676    4    0 695072 248488 150196 21265   4   7  56  34   0 2026-09-16 17:08:12
 2 18       797772       824648        21040     58458824    8    0 908428 137332 117557 22651   6   6  55  33   0 2026-09-16 17:08:13
 1 18       797772       835472        21060     58438748    0    0 575528 282624 181062 20036   4   8  54  35   0 2026-09-16 17:08:14
 3 18       797772       745460        21072     58525468    0    0 409788 337804 249800 19304   4   8  58  30   0 2026-09-16 17:08:15
 3 16       797772       878960        21088     58401832    0    0 417952 321652 212953 19461   4   7  62  27   0 2026-09-16 17:08:16
 3 17       797772       875240        21108     58398540    0    0 389988 353616 199378 19082   3   7  58  32   0 2026-09-16 17:08:17
 2 17       797772       859348        21124     58413768    0    0 605200 279264 167143 20170   4   6  56  34   0 2026-09-16 17:08:18
 3 18       797772       789292        21124     58483552    0    0 867896 129428 103004 22277   5   5  54  35   0 2026-09-16 17:08:19
 4 17       797772       911364        21132     58358164  148    0 646112 241444 160632 20883   6   7  52  36   0 2026-09-16 17:08:20
15  6       797772       885580        21148     58383808    0    0 434184 417800 211561 19474   3   8  55  34   0 2026-09-16 17:08:21
 4 14       797772       865988        21176     58401272    0    0 418308 407808 277877 18972   4   9  53  33   0 2026-09-16 17:08:22
procs -----------------------memory---------------------- ---swap-- -----io---- -system-- --------cpu-------- -----timestamp-----
 r  b         swpd         free         buff        cache   si   so    bi    bo   in   cs  us  sy  id  wa  st                 KST
 5 16       797772       864592        21192     58405544    0    0 430512 435356 306804 19340   5   9  60  26   0 2026-09-16 17:08:23
 6 16       797772       864996        21204     58405480    0    0 617664 259220 136444 20971   4   6  55  36   0 2026-09-16 17:08:24
 4 17       797772       847104        21200     58428716    0   16 838832 142916 100781 22274   6   5  55  35   0 2026-09-16 17:08:25
 8 12       797772       808324        21208     58461896    0    0 695884 228200 221287 21187   5   8  53  34   0 2026-09-16 17:08:26
 6 17       797772       778704        21220     58484316    4    0 465408 333676 214145 19534   3   8  56  33   0 2026-09-16 17:08:27
 1 18       797772       858132        21224     58403600    0    0 431892 374644 245401 19375   3   8  53  35   0 2026-09-16 17:08:28
 7 15       797772       882152        21240     58380632    0    0 412344 404536 241753 18836   4   8  56  33   0 2026-09-16 17:08:29
 2 17       797772       869064        21256     58402716    0    0 483168 310504 222772 19253   5   7  58  30   0 2026-09-16 17:08:30
 1 19       797772       841360        21264     58424288    0    0 816224 129488 165269 22070   5   5  57  33   0 2026-09-16 17:08:31
 6 14       797772       786192        21284     58480964    0    0 736844 164772 168610 21279   6   6  54  34   0 2026-09-16 17:08:32
 3 17       797772       802464        21296     58468260    0    0 476928 283748 214980 19904   4   8  58  30   0 2026-09-16 17:08:33
 0 19       797772       902796        21320     58366184    0    4 436124 324184 226350 19536   4   8  56  32   0 2026-09-16 17:08:34
 4 17       797772       742028        21320     58518708    0    0 413236 314864 171975 19362   3   7  56  33   0 2026-09-16 17:08:35
 0 19       797772       825624        21264     58434936    0    8 387188 324048 302111 19372   6   8  57  29   0 2026-09-16 17:08:36
 9 11       797772       859364        21292     58401160    0    0 411564 393772 263304 19387   5   8  61  26   0 2026-09-16 17:08:37
 4 14       797772       851900        20008     58411264    4    0 372676 374680 224097 18718   3   7  55  35   0 2026-09-16 17:08:38
 6 13       797772       783712        19880     58481624    0    0 371232 378984 232999 18725   3   7  57  33   0 2026-09-16 17:08:39
 7 16       797772       810852        19908     58451036    0    0 366108 351820 184245 18657   2   6  58  34   0 2026-09-16 17:08:40
 4 16       797772       853900        19908     58412368    0    0 727576 158132 110538 21216   5   5  57  33   0 2026-09-16 17:08:41
 4 17       797772       832448        19924     58434476    0    0 830004 127408 147866 21857   6   5  57  32   0 2026-09-16 17:08:42
10 10       797772       829780        19820     58431336    0    0 532776 331620 171556 19932   4   8  53  35   0 2026-09-16 17:08:43
procs -----------------------memory---------------------- ---swap-- -----io---- -system-- --------cpu-------- -----timestamp-----
 r  b         swpd         free         buff        cache   si   so    bi    bo   in   cs  us  sy  id  wa  st                 KST
 3 17       797772       954020        19840     58306692    0    0 409952 401308 282537 19700   5   9  55  32   0 2026-09-16 17:08:44
15  6       797772       800716        19672     58464692    0    0 431760 312668 210800 19689   3   9  60  28   0 2026-09-16 17:08:45
 5 14       797772       834908        19504     58429052    0    0 403316 393216 214525 19558   4   8  57  32   0 2026-09-16 17:08:46
 1 18       797772       854908        19528     58411692    0    0 736864 259332 194634 21371   5   6  58  31   0 2026-09-16 17:08:47
 2 17       797772       885524        19532     58384396    0    0 856880 124828 129812 22140   5   6  57  32   0 2026-09-16 17:08:48
 6 14       797772       831120        19372     58432324    0    0 575268 242836 193634 20250   5   7  57  31   0 2026-09-16 17:08:49
 5 15       797772       826420        19248     58429916    0    0 427672 335976 197530 19450   4   7  58  31   0 2026-09-16 17:08:50
 5 15       797772       888840        19260     58369144    0    0 405844 381680 271705 19341   4   7  55  33   0 2026-09-16 17:08:51
 8 12       797772       830988        18960     58428780    0    0 418596 378428 245648 19538   4   8  58  29   0 2026-09-16 17:08:52
 4 17       797772       745180        18972     58517900    0    0 663248 232656 233603 21172   5   7  56  32   0 2026-09-16 17:08:53
 1 19       797772       915916        18964     58351220    0    0 875776 114432 113035 22281   5   5  58  33   0 2026-09-16 17:08:54
 1 19       797772       862704        18972     58398408    0    0 588908 285376 204826 20452   5   7  54  34   0 2026-09-16 17:08:55
 5 14       797772       818204        18980     58437024  432    0 464584 350576 244521 19764   4   9  54  33   0 2026-09-16 17:08:56
 5 17       797772       738440        19004     58517568    0    0 414480 410056 251425 18855   3   8  56  32   0 2026-09-16 17:08:57
12  3       797772       854340        18852     58397088   48   12 405888 421904 240153 19015   4   8  57  32   0 2026-09-16 17:08:58
 6 16       797772       733000        18644     58536212    0    4 527536 324920 196754 20669   5   7  61  28   0 2026-09-16 17:08:59
 5 15       797772       841276        18116     58426476    0    0 905312 134912 97693 22507   5   6  55  34   0 2026-09-16 17:09:00
10 11       797772       750132        18128     58507776    0    0 711500 258048 207956 21214   5   9  54  32   0 2026-09-16 17:09:01
 4 17       797772       773576        18144     58486112    0    0 487932 364864 199779 19833   3  10  54  33   0 2026-09-16 17:09:02
 5 16       797772       810952        18164     58446236    0    0 457328 337860 221368 19398   4   9  54  34   0 2026-09-16 17:09:03
 4 19       797772       820324        18160     58436148    0    0 438624 432188 248955 19479   4   8  56  31   0 2026-09-16 17:09:04
procs -----------------------memory---------------------- ---swap-- -----io---- -system-- --------cpu-------- -----timestamp-----
 r  b         swpd         free         buff        cache   si   so    bi    bo   in   cs  us  sy  id  wa  st                 KST
 2 18       797772      1005656        18168     58257632    0   16 590288 278544 181766 20416   6   6  59  29   0 2026-09-16 17:09:05
 4 16       797772       835620        18156     58430748    8    0 953308 132232 97476 23747   6   5  56  33   0 2026-09-16 17:09:06
 5 17       797772       757140        18176     58503380    0    0 632340 322684 250904 20379   4  10  52  34   0 2026-09-16 17:09:07
 3 19       797772       817080        18168     58438796    0    0 493496 360596 262773 19684   4   8  56  33   0 2026-09-16 17:09:08
 3 16       797772       814736        18172     58442512    8    0 458272 374852 269389 19228   4   8  58  31   0 2026-09-16 17:09:09
 1 19       797772       807220        18156     58445156    8    8 515920 358444 262286 19825   6  10  51  34   0 2026-09-16 17:09:10
 4 17       797772       836512        18136     58414676    0    0 707024 241724 155558 21678   6   5  58  30   0 2026-09-16 17:09:11
 5 15       797772       800316        18152     58460384    4    0 945552 123536 126501 22921   5   6  56  33   0 2026-09-16 17:09:12
 3 17       797772       819640        17880     58440132    0    4 526620 401712 309150 19401   4  10  54  32   0 2026-09-16 17:09:13
 3 17       797772       804364        17880     58449892    0    4 474496 407848 292969 19289   4  10  55  31   0 2026-09-16 17:09:14
 9 10       797772       879444        17884     58374488   12    8 459748 370104 248485 19385   4   9  54  33   0 2026-09-16 17:09:15
 2 17       797772       840280        17892     58411664    0    8 703420 221192 195093 21359   5   6  57  32   0 2026-09-16 17:09:16
 4 16       797772       830900        17912     58419092    0    0 727204 209140 165090 21524   6   5  60  29   0 2026-09-16 17:09:17
12  7       797772       924420        17920     58329640    0   12 708960 230220 196098 20981   4   7  54  35   0 2026-09-16 17:09:18
 3 17       797772       798788        17928     58451956    0    0 493336 335040 243914 19366   4   9  54  33   0 2026-09-16 17:09:19
 3 16       797772       794984        17932     58456184    0    0 455280 426664 266486 19853   3  10  56  31   0 2026-09-16 17:09:20
 9 12       797772       827004        17952     58424040   12    0 465784 368640 267248 19694   4   9  55  32   0 2026-09-16 17:09:21
 3 17       797772       904504        17832     58348384    0    0 909296 129280 138196 22692   6   6  54  35   0 2026-09-16 17:09:22
 3  0       797772       963152        17816     58283784    0    0 828648 173684 168493 22196   7   5  57  31   0 2026-09-16 17:09:23
 2 17       797772       749216        17812     58500240    0   20 501092 399000 313295 19426   4  10  55  32   0 2026-09-16 17:09:24
15  5       797772       909656        17704     58337860    0    8 461472 410176 242535 19547   3   9  55  32   0 2026-09-16 17:09:25
procs -----------------------memory---------------------- ---swap-- -----io---- -system-- --------cpu-------- -----timestamp-----
 r  b         swpd         free         buff        cache   si   so    bi    bo   in   cs  us  sy  id  wa  st                 KST
20  0       797772       822536        17636     58427636   20    0 457368 366276 259356 20160   4   8  57  32   0 2026-09-16 17:09:26
 1 19       797772       818828        17636     58430616    0    0 571200 308328 261183 20320   6   7  53  34   0 2026-09-16 17:09:27
 6 15       797772       879396        17648     58369148   60    0 894512 127464 108446 22170   5   5  55  34   0 2026-09-16 17:09:28
 7 12       797772       799304        17724     58443352    0    0 732620 192376 255164 21597   7   7  53  32   0 2026-09-16 17:09:29
 8 13       797772       732660        17628     58518800    0    0 486044 350644 280741 20138   5  10  58  27   0 2026-09-16 17:09:30
 4 16       797772       904896        17604     58344312    0   12 445296 362428 241019 19134   3   9  56  32   0 2026-09-16 17:09:31
 3 18       797772       899580        17576     58346356    0    4 410480 370072 242767 19453   3   8  58  31   0 2026-09-16 17:09:32
 5 15       797772       903964        17460     58342888    0    0 649788 264352 194429 20747   5   6  55  34   0 2026-09-16 17:09:33
 2 17       797772       781760        17452     58461428    0    0 874840 128516 104398 22573   6   5  55  34   0 2026-09-16 17:09:34
 3 16       797772       804920        17456     58431744    0    0 635096 232912 190810 21077   5   7  55  32   0 2026-09-16 17:09:35
 5 14       797772       858892        17468     58376128    0    0 463708 346308 239207 19929   4   9  54  33   0 2026-09-16 17:09:36
 6 14       797772       854844        17380     57866044    0    0 582656 259784 209634 20304   5   7  60  28   0 2026-09-16 17:09:37
 6 15       797772       728804        17132     57116692    0    8 869644 113288 122104 22148   5   7  57  31   0 2026-09-16 17:09:38
 5 15       797772       816172        17116     56168516    0    0 856896 125276 120663 22140   4   7  57  32   0 2026-09-16 17:09:39
 2 19       797772      3102572        16888     56126616    0    0 261144 471040 263143 18098   4   6  78  12   0 2026-09-16 17:09:40
 5 17       797772      1640896        16888     57580684    0    0 713300 199536 502002 21334   5  11  53  31   0 2026-09-16 17:09:41
 1  2       797772      1327276        16900     57878836    0    0 152580 585868 177114 17698   2   6  81  11   0 2026-09-16 17:09:42
 3  2       797772      1273168        16920     57915324    0    0 36432 616108 16014 17802   1   2  92   4   0 2026-09-16 17:09:43
 2  2       797772      1205680        16948     57963972   16    0 48660 575824 15007 17509   1   2  92   4   0 2026-09-16 17:09:44
 0  2       797772      1148556        16968     58013052    0    0 48944 452596 15303 16820   1   2  92   5   0 2026-09-16 17:09:45
 0  2       797772      1090956        16972     58066608    0    0 49316 531172 27198 17537   1   2  92   4   0 2026-09-16 17:09:46
procs -----------------------memory---------------------- ---swap-- -----io---- -system-- --------cpu-------- -----timestamp-----
 r  b         swpd         free         buff        cache   si   so    bi    bo   in   cs  us  sy  id  wa  st                 KST
 3  0       797772      1031892        16980     58119652    0    0 53256 520932 15844 17451   1   3  92   4   0 2026-09-16 17:09:47
 2  1       797772       968276        17000     58185548    0    0 62236 531448 29806 17483   1   3  92   4   0 2026-09-16 17:09:48
 0  2       797772       896760        17008     58253304    0    0 67712 428032 16700 16736   1   2  92   5   0 2026-09-16 17:09:49
 1  1       797772       844924        17008     58310444    0    0 57088 537164 17746 17240   1   3  92   4   0 2026-09-16 17:09:50
 1  2       797772       800096        17020     58347424    0    0 37388 647168 16635 17526   1   3  92   4   0 2026-09-16 17:09:51
 0  2       797772       739476        17024     58410184    0    0 62724 612668 19267 18189   1   3  92   4   0 2026-09-16 17:09:52
 0  2       797772       856848        16992     58300636    0    0 33800 653188 17849 17591   1   3  92   5   0 2026-09-16 17:09:53
 1  2       797772       810300        16992     58340780    0    0 40112 593008 17324 17477   1   2  92   5   0 2026-09-16 17:09:54
 2  1       797772       758756        16996     58390236    0    0 49412 570736 17960 17465   1   3  92   4   0 2026-09-16 17:09:55
 1  2       797772       866188        16868     58299056    0    0 51728 571344 17062 17288   1   3  92   4   0 2026-09-16 17:09:56
 0  2       797772       808068        16872     58352612    0    0 53292 564564 17330 17322   1   3  92   5   0 2026-09-16 17:09:57
 0  2       797772       746200        16892     58409416  172    0 57012 552520 18377 17559   1   2  92   5   0 2026-09-16 17:09:58
 2  0       797772       876224        16464     58335316    0   12 819720 132860 19281 18608   2   3  94   1   0 2026-09-16 17:09:59
 2  0       797772       726236        15752     58480204    0   16 996116    16 18304 19811   2   3  94   0   0 2026-09-16 17:10:00
 2  0       797772       729608        15740     58483968    0    0 792064     0 16504 19037   2   4  94   0   0 2026-09-16 17:10:01
 1  0       797772       850004        15684     58365668    0    0 1241096     0 17208 19816   2   3  94   0   0 2026-09-16 17:10:02
 2  0       797772       899524        15524     58305172    0    0 566548    96 12254 17283   2   3  95   0   0 2026-09-16 17:10:03
 3  0       797772       870872        15124     58347288    0   24 1147664 223368 76349 19856   2   4  94   0   0 2026-09-16 17:10:04
 1  1       797772       868008        15012     58341072    0   16 364292 334840 28057 16650   1   2  93   4   0 2026-09-16 17:10:05
 4  0       797772       865704        15016     58330364    4    0 123196 508272 79605 16620   2   2  93   3   0 2026-09-16 17:10:06
 3  0       797772       725992        15020     58476036    0    0 451844 339600 25915 17103   1   3  93   3   0 2026-09-16 17:10:07
procs -----------------------memory---------------------- ---swap-- -----io---- -system-- --------cpu-------- -----timestamp-----
 r  b         swpd         free         buff        cache   si   so    bi    bo   in   cs  us  sy  id  wa  st                 KST
 2  1       797772      1015796        14940     58188120    0    0 786436 278728 63939 18233   2   4  93   2   0 2026-09-16 17:10:08
 1  2       797772       943084        14944     58247368    0    0 58836 471004 17900 17359   1   2  92   5   0 2026-09-16 17:10:09
 1  1       797772       842316        14752     58343768    4    0 429872 491500 99624 17681   2   3  93   2   0 2026-09-16 17:10:10
 1  2       797772       723168        14752     58454316   44    0 110124 909044 31524 16280   1   3  93   4   0 2026-09-16 17:10:11
 1  2       797772       818768        14756     58361104   24    0 39964 661316 36453 16262   1   3  92   4   0 2026-09-16 17:10:12
 2  2       797772       765768        14764     58405416    0    0 44288 545272 16735 17496   1   2  92   4   0 2026-09-16 17:10:13
 0  2       797772       859364        14764     58317080    4    0 48248 406552 15875 16926   1   2  92   5   0 2026-09-16 17:10:14
 2  1       797772       805384        14768     58362288    0    0 41732 416744 25076 17261   1   2  92   4   0 2026-09-16 17:10:15
 1  2       797772       753840        14768     58409840    0    0 47872 409600 15612 17103   1   2  93   4   0 2026-09-16 17:10:16
 2  0       797772       857028        14676     58330696    0    0 882176 94208 14239 18093   2   3  94   1   0 2026-09-16 17:10:17
 3  0       797772       804180        14488     58387808    0    0 848644    48 13697 18812   2   3  94   0   0 2026-09-16 17:10:18
 1  0       798028      1059660        14208     58148408    0   28 1338640    28 22945 19707   2   4  94   0   0 2026-09-16 17:10:19
 1  2       798028       856860        14220     58333012    0    0 182808 202644 21118 16511   2   2  94   2   0 2026-09-16 17:10:20
 2  0       798028       881224        14172     58326640    0   16 1058304 332328 70586 18624   2   4  93   1   0 2026-09-16 17:10:21
 2  1       798028       947916        14164     58252828    0    0 473088 1346032 344359 17029   2   5  93   0   0 2026-09-16 17:10:22
 2  0       798028       744472        14180     58430200    0    0 173320 106676 13090 15916   2   2  92   4   0 2026-09-16 17:10:23
 0  2       798028       967032        14024     58273584    0    0 1068032 294896 80315 19642   2   4  93   1   0 2026-09-16 17:10:24
 2  2       798028       899756        14024     58306504    0    0 32892 501900 17834 16678   1   3  92   5   0 2026-09-16 17:10:25
 1  1       798028       900908        13948     58310216    0    8 440304 455752 76915 18447   2   3  93   2   0 2026-09-16 17:10:26
 0  2       798028       819212        13948     58366068    0    0 55784 546636 29893 16620   1   2  92   4   0 2026-09-16 17:10:27
 0  2       798028       847740        13956     58334884    0    0 37632 648496 19966 17452   1   2  92   5   0 2026-09-16 17:10:28
procs -----------------------memory---------------------- ---swap-- -----io---- -system-- --------cpu-------- -----timestamp-----
 r  b         swpd         free         buff        cache   si   so    bi    bo   in   cs  us  sy  id  wa  st                 KST
 1  2       798028       808096        13956     58367680    8    0 32776 624928 17344 17701   1   3  92   5   0 2026-09-16 17:10:29
 2  1       798028       876412        13956     58308436    0    4 37984 499512 26144 17051   1   2  92   4   0 2026-09-16 17:10:30
 0  2       798028       858492        13956     58303128    0    0 47360 567488 20753 17241   1   2  92   4   0 2026-09-16 17:10:31
 1  2       798028       820008        13956     58342664    0    0 39520 510052 18222 17316   1   2  92   5   0 2026-09-16 17:10:32
 1  2       798028       913488        13904     58255628    0    0 50192 542800 32250 17221   1   3  92   4   0 2026-09-16 17:10:33
 2  1       798028       877952        13904     58278740    0    0 23040 679016 16931 17489   1   2  92   5   0 2026-09-16 17:10:34
 1  3       797772       853968        13888     58319940  268    0 49988 465860 16815 16982   1   2  92   5   0 2026-09-16 17:10:35
 0  2       792652       927800        13744     58264972 10784   20 680360 247808 21588 24060   1   3  91   4   0 2026-09-16 17:10:36
 7  3       777036       839996        13436     58338544 15628    0 851868     0 22969 26329   2   4  92   2   0 2026-09-16 17:10:37
 2  0       724812       988736        12712     58143592 44320    0 1126396    52 32330 37427   2   4  89   4   0 2026-09-16 17:10:38
 2  0       724812       823744        12124     58305636  440    0 768744     0 15482 19000   2   3  94   0   0 2026-09-16 17:10:39
 1  0       725068       960468        11696     58166756   48    8 1322464     8 17597 20381   2   4  94   0   0 2026-09-16 17:10:40
 5  0       725068       865580        11704     58250084    0    0 274952 270340 27609 16855   2   2  94   2   0 2026-09-16 17:10:41
 3  0       725068       851408        11572     58271264    0    0 1063512 247628 42701 19744   2   3  94   1   0 2026-09-16 17:10:42
 0  2       725068       886120        11548     58240680    0    0 29952 478348 65959 16320   1   3  92   4   0 2026-09-16 17:10:43
 3  0       725068       858836        11452     58270960    0   16 443384 353300 41868 17194   2   3  92   3   0 2026-09-16 17:10:44
 1  2       725068       799052        11452     58300392    0    0 27392 513952 92247 15921   2   3  91   4   0 2026-09-16 17:10:45
 2  0       725068       843980        11460     58275800    0    4 536592 197728 25988 18353   2   3  93   2   0 2026-09-16 17:10:46
 1  1       725068       851848        11464     58257228    0    0 682116 360376 80033 18524   2   3  93   3   0 2026-09-16 17:10:47
 3  0       725068       782372        11472     58308632    0    0 51200 497816 16491 16969   1   2  92   5   0 2026-09-16 17:10:48
 1  2       725068       879736        11472     58215348    0    0 42792 570684 19708 17520   1   3  92   4   0 2026-09-16 17:10:49
procs -----------------------memory---------------------- ---swap-- -----io---- -system-- --------cpu-------- -----timestamp-----
 r  b         swpd         free         buff        cache   si   so    bi    bo   in   cs  us  sy  id  wa  st                 KST
 2  0       725068       821980        11472     58255864    0    0 40188 522920 16308 17104   1   2  92   5   0 2026-09-16 17:10:50
 3  2       725068       795512        11472     58278380   84    0 22800 665796 15948 18511   1   2  92   5   0 2026-09-16 17:10:51
 2  2       723020       752276        11472     58318316 1192    0 41336 532272 15541 16634   1   2  90   7   0 2026-09-16 17:10:52
 1  2       723020       879612        11480     58230300   64    0 48220 468056 16067 16657   1   2  92   4   0 2026-09-16 17:10:53
 2  0       723020       868036        11488     58239012    0    0 518920 101340 16200 17523   2   3  94   1   0 2026-09-16 17:10:54
 2  0       723020       873028        11476     58236972  604   16 1358412    16 20258 20016   2   4  94   0   0 2026-09-16 17:10:55
 5  0       723020       821148        11440     58295828   24    0 990748     0 19408 20155   2   3  94   0   0 2026-09-16 17:10:56
 2  2       723020       858412        11428     58237156    0    0 338436 426900 66986 17323   1   3  93   3   0 2026-09-16 17:10:57
 3  1       723020       848292        11420     58260332    0    8 450152 389296 69145 17266   2   4  92   3   0 2026-09-16 17:10:58
 3  1       723020       883932        11420     58224436   32    4 166176 403380 45991 16428   1   2  92   4   0 2026-09-16 17:10:59
 5  0       722252       930140        12548     58178728 1416   20 1102756 215192 27184 23054   3   3  91   2   0 2026-09-16 17:11:00
 4  1       721996      1033016        12548     58059212  148    0 21316 569296 63895 16529   2   3  91   4   0 2026-09-16 17:11:01
 3  1       721996       870408        12548     58230284   36    0 453336 512020 78861 17874   2   3  92   3   0 2026-09-16 17:11:02
 2  2       721996       861912        12564     58221416   28    0 31008 514992 51308 16219   2   2  92   4   0 2026-09-16 17:11:03
 2  1       721996       806212        12564     58269328    8    0 47880 463528 17380 16948   1   2  92   4   0 2026-09-16 17:11:04
 2  2       721996       814876        12564     58254780   84    0 48796 431560 16201 17219   1   2  91   5   0 2026-09-16 17:11:05
 2  2       721996       847928        12564     58213172  556    0 35704 615568 16046 18142   1   2  91   5   0 2026-09-16 17:11:06
 1  2       721996       822264        12568     58238392   40    0 43564 503680 32166 17006   1   3  91   4   0 2026-09-16 17:11:07
 2  3       721996       854444        12600     58207836  388    0 60272 512112 17605 16632   1   2  91   5   0 2026-09-16 17:11:08
 3  1       721740       807664        12604     58241352  320    0 33696 613620 17381 17723   2   2  91   5   0 2026-09-16 17:11:09
 5  0       721740       793596        12564     58329740   12   36 1154156 49944 27309 20044   2   4  94   1   0 2026-09-16 17:11:10
procs -----------------------memory---------------------- ---swap-- -----io---- -system-- --------cpu-------- -----timestamp-----
 r  b         swpd         free         buff        cache   si   so    bi    bo   in   cs  us  sy  id  wa  st                 KST
 3  0       721740       803500        12548     58311848    4   20 910196    20 19994 18861   2   3  94   0   0 2026-09-16 17:11:11
 3  0       721740       902116        12500     58212364    0  116 1069840   116 19836 18627   2   4  94   0   0 2026-09-16 17:11:12
 1  1       721740       869520        12512     58231332    0    0 301188 386308 101589 15757   2   3  94   2   0 2026-09-16 17:11:13
 1  2       721996      1016664        12472     58084868    0   80 940304 594044 160038 18298   2   4  93   1   0 2026-09-16 17:11:14
 1  2       721996       953148        12472     58122688   52    0 37940 298756 18036 16560   1   2  92   5   0 2026-09-16 17:11:15
 1  2       721996       835104        12468     58239120    0    0 445172 397568 102607 16489   2   3  92   2   0 2026-09-16 17:11:16
 1  2       721996       798528        12464     58270704    0    0 289796 413692 30231 17488   1   3  93   3   0 2026-09-16 17:11:17
 1  2       721996       841500        12424     58241872    0   24 942080 303196 78507 17782   2   4  92   2   0 2026-09-16 17:11:18
 0  2       721996       849904        12424     58238488    0    0 48896 492884 18003 16951   1   2  93   4   0 2026-09-16 17:11:19
 1  2       721996       770952        12424     58294592    0    0 56064 570400 22624 17205   1   3  92   4   0 2026-09-16 17:11:20
 1  2       721996       890756        12416     58171796    0    0 62464 507344 18788 17269   1   2  92   4   0 2026-09-16 17:11:21
 3  1       721996       860592        12416     58193484    0    0 34560 598360 18257 17495   1   2  92   4   0 2026-09-16 17:11:22
 0  2       721996       819620        12424     58222924    0    0 29460 657332 17193 17110   1   2  92   5   0 2026-09-16 17:11:23
 4  0       721996       851104        12412     58213252    0   20 404736 397332 18560 17888   1   3  93   3   0 2026-09-16 17:11:24
 3  0       721996       832160        12380     58250936    0   36 1185856    36 33269 18632   2   4  94   0   0 2026-09-16 17:11:25
 5  0       721996       886016        12348     58197356    0   20 977664    20 18015 18500   2   3  94   0   0 2026-09-16 17:11:26
 1  2       721996      1007656        12352     58055116    0    4 636480 457092 75663 17863   1   4  93   2   0 2026-09-16 17:11:27
 3  1       721996      1043832        12348     58031456    0   16 464640 487836 75880 17413   1   4  92   3   0 2026-09-16 17:11:28
 1  2       721996       844048        12352     58205296    0    0 167172 542696 98794 16026   2   3  93   3   0 2026-09-16 17:11:29
 1  1       722252       889596        12312     58193640    8   24 1073936 258468 52024 18642   2   4  93   1   0 2026-09-16 17:11:30
 1  1       722252       817032        12316     58242164    0    0 33544 528480 56743 16242   1   2  92   4   0 2026-09-16 17:11:31
procs -----------------------memory---------------------- ---swap-- -----io---- -system-- --------cpu-------- -----timestamp-----
 r  b         swpd         free         buff        cache   si   so    bi    bo   in   cs  us  sy  id  wa  st                 KST
 2  0       722252       824740        12304     58250436    0   16 353704 348080 18184 17079   1   2  92   4   0 2026-09-16 17:11:32
 1  2       722252       851824        12304     58197332    0    0 98816 517596 133839 15481   2   3  92   3   0 2026-09-16 17:11:33
 1  2       722252       802456        12304     58242116    0    0 45312 523176 15860 17108   1   2  92   4   0 2026-09-16 17:11:34
 0  2       722252       754356        12304     58283640    0    0 40960 604232 16349 17450   1   2  92   4   0 2026-09-16 17:11:35
 0  2       722252       886292        12296     58154332    0    0 27648 611960 15682 17457   1   3  92   4   0 2026-09-16 17:11:36
 2  2       722252       850060        12296     58190864    0    0 36424 485332 14292 16918   1   2  92   5   0 2026-09-16 17:11:37
 1  1       722252       807368        12304     58223264    0    0 29184 609404 31061 17342   1   3  92   4   0 2026-09-16 17:11:38
 2  0       722252       737376        12296     58334496    0    0 252780 410572 18359 16617   1   3  93   4   0 2026-09-16 17:11:39
 3  0       722252       851380        12160     58236132    0  120 1269364   120 25157 17843   2   5  94   0   0 2026-09-16 17:11:40
 4  0       722252       688732        12004     58400456    0  212 795936   212 19917 16489   2   5  93   0   0 2026-09-16 17:11:41
 3  0       722508       872848        11976     58201076    4  156 918280 148572 64091 16399   2   5  93   0   0 2026-09-16 17:11:42
 0  2       722508      1008532        11960     58074460    4  108 307088 266416 48835 15896   2   3  92   3   0 2026-09-16 17:11:43
 3  1       722764       869144        11944     58210872    0   68 934144 151780 56362 21478   2   4  93   1   0 2026-09-16 17:11:44
 0  2       722764       818716        11948     58238680    0    0 17704 564364 98364 15831   1   2  92   4   0 2026-09-16 17:11:45
 3  0       722764       915392        11888     58168504    4   56 455488 351540 56012 17128   2   3  92   3   0 2026-09-16 17:11:46
 2  2       722764       846080        11876     58237196    0   20 177324 497216 58032 15894   2   3  92   3   0 2026-09-16 17:11:47
 0  2       722764       822360        11852     58237572   12   48 176420 446076 26727 17041   1   3  92   4   0 2026-09-16 17:11:48
 2  1       722764       763688        11852     58283112    0    0 45568 554772 16980 17166   1   2  93   4   0 2026-09-16 17:11:49
 4  2       722764       807392        11832     58271940    0   28 45848 559904 16676 16829   1   2  92   5   0 2026-09-16 17:11:50
 1  2       722764       935104        11808     58126136    0   36 47944 544140 18634 17431   1   2  92   4   0 2026-09-16 17:11:51
 1  1       722764       875056        11808     58167192    0    0 41216 491248 15037 16565   1   2  93   5   0 2026-09-16 17:11:52
procs -----------------------memory---------------------- ---swap-- -----io---- -system-- --------cpu-------- -----timestamp-----
 r  b         swpd         free         buff        cache   si   so    bi    bo   in   cs  us  sy  id  wa  st                 KST
 1  2       722764       812600        11816     58217396   12    0 50004 559088 19703 17278   1   2  92   5   0 2026-09-16 17:11:53
 2  0       722764       794300        11800     58281012    0   24 473896 482296 20378 17761   1   3  93   3   0 2026-09-16 17:11:54
 1  0       722764       857844        11784     58211032    0   52 656924    52 18986 16838   2   4  94   0   0 2026-09-16 17:11:55
 1  0       723020       924536        11564     58202180    0  352 1241092   352 28336 17589   2   5  93   0   0 2026-09-16 17:11:56
 1  0       795852       767044        11540     58408752   36 72800 637012 72800 19733 16554   2   3  94   0   0 2026-09-16 17:11:57
 2  0       981568       844028        11508     58527684   24 185628 834892 185680 21015 17803   1   3  94   2   0 2026-09-16 17:11:58
 0  2      1041096       831356        11484     58573512   32 59296 243308 409916 103047 15384   1   3  92   3   0 2026-09-16 17:11:59
 3  0      1048656       740060        11484     58667324    8 7600 108040 452632 17943 16992   1   3  92   4   0 2026-09-16 17:12:00
 1  0      1423392       812188        11412     58897364   12 376852 364300 376852 21845 30841   1   4  93   3   0 2026-09-16 17:12:01
 3  0      1503576       846764        11408     58918480   64 82848 10308 625392 75381 16754   2   3  91   4   0 2026-09-16 17:12:02
 1  3      1745120       909612        11392     59058832  216 245672 169688 403720 22553 29700   1   2  93   4   0 2026-09-16 17:12:03
 3  0      1856880       630440        11332     59454880   68 121352 941364 211464 54679 17154   1   4  93   2   0 2026-09-16 17:12:04
 1  2      1859440       823476        11296     59239908   48 2592 143408 467044 88221 15715   1   3  92   3   0 2026-09-16 17:12:05
 2  1      1859440       759988        11296     59286800   28    0 47172 453128 19841 17452   1   3  91   5   0 2026-09-16 17:12:06
 0  2      1859440       879796        11296     59165680    0    8 51760 537148 17521 16628   1   2  93   4   0 2026-09-16 17:12:07
 2  4      1859440       820996        11304     59210500   32    0 44832 477624 15134 16927   1   2  92   5   0 2026-09-16 17:12:08
 1  2      1859440       869068        11300     59172264   44   12 49196 464180 16539 17043   1   2  92   5   0 2026-09-16 17:12:09
 1  2      1859440       805856        11300     59219720    8    0 47368 550292 19556 17111   1   2  92   5   0 2026-09-16 17:12:10
 1  2      1859440       754072        11300     59265036    0    0 45328 472320 15770 17034   1   2  92   5   0 2026-09-16 17:12:11
 0  2      1859440       853764        11300     59181244    0    4 38568 391136 14348 16881   1   2  92   5   0 2026-09-16 17:12:12
 1  2      1859440       797120        11308     59227448    0    0 46080 455360 18793 16299   1   2  92   5   0 2026-09-16 17:12:13
procs -----------------------memory---------------------- ---swap-- -----io---- -system-- --------cpu-------- -----timestamp-----
 r  b         swpd         free         buff        cache   si   so    bi    bo   in   cs  us  sy  id  wa  st                 KST
 0  1      1859440       727456        11308     59283812    0    0 56320 532936 18942 17045   1   2  93   4   0 2026-09-16 17:12:14
 3  0      1860720       770748        11204     59328144    4 1320 1265720  1320 27044 18120   2   5  93   0   0 2026-09-16 17:12:15
 1  0      1860976       831624        11200     59247136   16  144 529424   144 18049 16861   2   3  94   0   0 2026-09-16 17:12:16
 1  1      1862000       897188        11164     59176740   12  908 1185036   908 24329 18454   2   4  94   0   0 2026-09-16 17:12:17
 1  2      1861744       929508        11156     59135496   44   32 637488 226404 39308 16752   2   3  94   1   0 2026-09-16 17:12:18
 2  7      1861744       868104         9132     59208388    4   36 1078084 165952 63642 18004   2   4  93   2   0 2026-09-16 17:12:19
 4  3      1861744       817676         9132     59232492    0    0 17788 174072 12297 15619   1   2  86  11   0 2026-09-16 17:12:20
 6  2      1861744       777916         9132     59264724    0    0 32100 359016 14539 16382   1   2  91   6   0 2026-09-16 17:12:21
 4  2      1861488       755540         9132     59284016  236    0 19692 225236 12152 15488   1   2  91   7   0 2026-09-16 17:12:22
 1  3      1861488       847016         9104     59212448   28    8 408116 342468 70940 16416   2   3  91   3   0 2026-09-16 17:12:23
 1  2      1861784       868028         9088     59189264    8  348 197308 446040 30536 16612   1   2  92   4   0 2026-09-16 17:12:24
 0  2      1861784       803412         9088     59242368    0    0 53248 440520 15900 16630   1   2  93   4   0 2026-09-16 17:12:25
 1  2      1861784       831384         9084     59215416    0    0 44020 431876 27991 17288   1   2  92   5   0 2026-09-16 17:12:26
 0  2      1861784       794792         9084     59241900    0    0 60672 407996 23042 16685   1   2  92   5   0 2026-09-16 17:12:27
 0  2      1861784       732376         9092     59298060    0    0 55644 406656 15938 16583   1   2  92   5   0 2026-09-16 17:12:28
 2  1      1861784       923572         9084     59117800    0    4 42496 511196 17193 17356   1   2  92   4   0 2026-09-16 17:12:29
 0  2      1861784       856904         9084     59171948    0    0 54016 419508 17149 16502   1   2  93   4   0 2026-09-16 17:12:30
 2  1      1861784       824700         9084     59202624    0    0 30588 603924 16026 17356   1   2  92   4   0 2026-09-16 17:12:31
 1  2      1861784       796048         9084     59229012    0    0 26368 612836 15581 17103   1   2  93   4   0 2026-09-16 17:12:32
 3  0      1861816       766768         9028     59296344    0   28 1149696  7608 23111 17869   2   4  94   0   0 2026-09-16 17:12:33
 2  0      1861828       723692         8972     59345904   40   20 1044052    20 21791 18625   2   3  94   0   0 2026-09-16 17:12:34
procs -----------------------memory---------------------- ---swap-- -----io---- -system-- --------cpu-------- -----timestamp-----
 r  b         swpd         free         buff        cache   si   so    bi    bo   in   cs  us  sy  id  wa  st                 KST
 2  0      1861336       831336         9068     59226632   20   20 670340    20 18661 17413   2   3  94   0   0 2026-09-16 17:12:35
 3  0      1861412      1001508         9032     59054660   16  108 1241108 175008 72146 17951   2   5  93   0   0 2026-09-16 17:12:36
 2  0      1861412       921916         9032     59112852    0    0 48040 395440 44831 16563   1   3  91   5   0 2026-09-16 17:12:37
 0  2      1861416       906252         9020     59132328   48   12 431664 417912 89848 16055   2   3  92   3   0 2026-09-16 17:12:38
 5  0      1861416       817736         9012     59217760    4    0 288516 335964 42979 17078   1   3  93   3   0 2026-09-16 17:12:39
 1  2      1861432       904828         8968     59145908    0   16 946944 374916 107495 17514   2   4  93   1   0 2026-09-16 17:12:40
 1  1      1861432       840332         8968     59183252    0    0 37376 475884 17050 16653   1   2  92   5   0 2026-09-16 17:12:41
 3  0      1861432       856392         8952     59186136   24   12 435424 376076 56000 16726   2   3  93   3   0 2026-09-16 17:12:42
 3  2      1861432       804264         8960     59222504    8    0 36360 479660 37692 16088   1   2  93   4   0 2026-09-16 17:12:43
 0  2      1861432       734052         8960     59281144    0    0 59168 500540 18699 16587   1   2  93   4   0 2026-09-16 17:12:44
 1  2      1861452       880820         8952     59132504    0    4 51476 518180 17580 16064   1   2  92   4   0 2026-09-16 17:12:45
 1  1      1861452       837904         8952     59169068   16    0 35192 590732 34532 17761   1   2  92   4   0 2026-09-16 17:12:46
 0  2      1861452       795168         8952     59209108    4    0 40312 488856 16489 16740   1   2  92   5   0 2026-09-16 17:12:47
 0  2      1861452       748384         8960     59256920    0    0 47452 521328 17281 17344   1   2  93   4   0 2026-09-16 17:12:48
 1  1      1861452       919624         8952     59098216    4    8 41476 570728 28285 17532   1   2  92   4   0 2026-09-16 17:12:49
 3  0      1861724       808464         8888     59245712    0  152 1403392   152 25421 17736   2   4  94   0   0 2026-09-16 17:12:50
 1  0      1861724       872296         8848     59187652   20  116 1079828   116 23065 18242   2   3  94   0   0 2026-09-16 17:12:51
 1  0      1861724       990492         8828     59060788    0   28 634368    28 18506 16781   2   4  94   0   0 2026-09-16 17:12:52
 3  0      1861740       747340         8924     59304544   16   12 935552 246864 48263 17129   2   3  94   2   0 2026-09-16 17:12:53
 0  2      1861536       871628         8920     59163464    0   48 307968 507976 145435 15659   1   3  92   3   0 2026-09-16 17:12:54
 0  1      1861536       810464         8920     59207136    0    0 43776 442356 16203 16788   1   2  92   4   0 2026-09-16 17:12:55
procs -----------------------memory---------------------- ---swap-- -----io---- -system-- --------cpu-------- -----timestamp-----
 r  b         swpd         free         buff        cache   si   so    bi    bo   in   cs  us  sy  id  wa  st                 KST
 1  2      1861624       840016         8904     59202176    0   88 439556 409692 84735 16398   2   3  93   2   0 2026-09-16 17:12:56
 0  1      1861624       843424         8900     59193528    0    0 177948 368636 17553 16672   1   2  93   4   0 2026-09-16 17:12:57
 4  1      1861624       934224         8832     59106724    0   52 1050044 323696 93876 16899   2   4  91   3   0 2026-09-16 17:12:58
 3  1      1861624       898716         8832     59126480    0    0 15616 429892 54595 15699   1   2  92   5   0 2026-09-16 17:12:59
 1  2      1861624       837320         8832     59178748   16    0 52240 477204 17847 17637   1   2  92   4   0 2026-09-16 17:13:00
 0  2      1861624       777492         8832     59231132    0    0 52348 496524 19292 17234   1   2  92   4   0 2026-09-16 17:13:01
 2  3      1861624       726892         8832     59280304    0    0 49264 476216 16622 16818   1   2  93   4   0 2026-09-16 17:13:02
 0  2      1861624       823548         8840     59208484    0    0 42816 587064 19919 17572   1   3  92   5   0 2026-09-16 17:13:03
 0  2      1861624       773256         8840     59246400    0    0 37888 515032 16363 16862   1   2  92   5   0 2026-09-16 17:13:04
 2  1      1861624       916732         8832     59107916    0   36 48384 409600 14695 16236   1   2  92   5   0 2026-09-16 17:13:05
 1  1      1832952       879432         8836     59113276 24028    0 205232 90148 18947 26590   1   3  94   2   0 2026-09-16 17:13:06
 1  0      1779960       822796         8836     59113308 48440    0 48440     0 19979 35272   1   2  95   2   0 2026-09-16 17:13:07
 1  0      1724920       762620         8844     59113376 52484    0 52528    44 19744 34994   1   2  95   2   0 2026-09-16 17:13:08
 2  0      1669624       914964         8836     58926716 51236    0 51236     0 20378 35446   1   2  95   2   0 2026-09-16 17:13:09
 1  0      1610744       853080         8836     58929672 53088    0 56008     0 19858 34982   1   2  95   2   0 2026-09-16 17:13:10
 1  0      1547000       788160         8836     58931928 56556    0 59160     0 19929 34789   1   2  95   2   0 2026-09-16 17:13:11
 1  1      1476600       934696         8828     58751612 65292    0 70456     0 19876 33900   1   2  95   2   0 2026-09-16 17:13:12
 2  0      1441016       876132         8840     58753864 32564    0 35380    44 15084 25196   2   2  95   1   0 2026-09-16 17:13:13
 2  0      1440248       884792         8908     58759012  544    0  5336     0 34658 16388   2   4  95   0   0 2026-09-16 17:13:14
 1  0      1440248       908920         8924     58759224   80    0   224     0 31052 15942   1   4  95   0   0 2026-09-16 17:13:15
 2  0      1440248       927484         8940     58759260   12    0    28     0 10131 15952   1   4  95   0   0 2026-09-16 17:13:16
procs -----------------------memory---------------------- ---swap-- -----io---- -system-- --------cpu-------- -----timestamp-----
 r  b         swpd         free         buff        cache   si   so    bi    bo   in   cs  us  sy  id  wa  st                 KST
 3  0      1440248       953356         8968     58759324    4    0    32     0 10244 15785   1   4  95   0   0 2026-09-16 17:13:17
 2  0      1440248       973992         8996     58759460    4    0   152 147500 10676 15753   1   3  95   1   0 2026-09-16 17:13:18
 1  1      1440248       975804         8996     58759640    4    0     4 929792 13064 15732   1   2  95   2   0 2026-09-16 17:13:19
 1  1      1440248       976232         8996     58759656    0    0     0 473088 14422 22031   1   2  95   2   0 2026-09-16 17:13:20
 2  0      1440248       980164         8996     58759708    0    0     0 294912 11342 15850   1   2  95   2   0 2026-09-16 17:13:21
 1  2      1440248       974720         9000     58759996    0    0   228 790892 12950 15005   1   2  95   2   0 2026-09-16 17:13:22
 0  1      1440248       982264         9008     58761076    4    0  1052 628416 12057 15391   1   2  93   3   0 2026-09-16 17:13:23
 0  6      1439736       860756         9180     58762936  508    0 2196944     0 14493 23345   1   3  89   8   0 2026-09-16 17:13:24
 0  1      1437944       839048         9192     58783432 1872    0 2970828     0 14719 21727   2   2  86   9   0 2026-09-16 17:13:25
 1  7      1432056       895932         9212     58620144 5728    0 2053696  1784 14406 21467   2   2  88   8   0 2026-09-16 17:13:26
 1  0      1432056       874672         9224     58620184   96    0 3117164     0 14753 21152   1   2  85  11   0 2026-09-16 17:13:27
 2  5      1432056       867476         9252     58620408   56    0 3098896   192 14593 20784   2   2  86  10   0 2026-09-16 17:13:28
 1  6      1432056       866808         9276     58620444   16    0 2908200     0 14409 20429   1   2  86  11   0 2026-09-16 17:13:29
 1  7      1432056       868936         9300     58620456    4    0 2930716     0 14360 20701   1   2  87  10   0 2026-09-16 17:13:30
 0  8      1432056       862232         9312     58620624    0    0 3076396     4 14614 21573   1   2  88   9   0 2026-09-16 17:13:31
 1  2      1432056       860504         9324     58620860   12    0 3267608     0 14416 21606   1   2  87  10   0 2026-09-16 17:13:32
 1  4      1432056       860368         9336     58620904    0    0 2876932    60 13673 20962   1   2  86  10   0 2026-09-16 17:13:33
 2  5      1432056       866752         9336     58620924    0    0 2738688     0 13479 20767   1   2  87  10   0 2026-09-16 17:13:34
 1  1      1431800       860496         9340     58620964  456    0 3078092     0 14029 21352   2   2  86  10   0 2026-09-16 17:13:35
 1  5      1431800       861796         9344     58620992    0    0 2915844     0 13964 21150   2   2  86  10   0 2026-09-16 17:13:36
 1  6      1431544       853884         9344     58622276   48    0 2920732     0 14243 20883   1   2  86  10   0 2026-09-16 17:13:37
procs -----------------------memory---------------------- ---swap-- -----io---- -system-- --------cpu-------- -----timestamp-----
 r  b         swpd         free         buff        cache   si   so    bi    bo   in   cs  us  sy  id  wa  st                 KST
 0  6      1429496       841840         9356     58627876 2272    0 2990764    52 15153 21579   2   2  86  10   0 2026-09-16 17:13:38
 0  1      1429496       844136         9356     58627928   32    0 3166752     0 14730 21218   1   2  85  11   0 2026-09-16 17:13:39
 0  4      1428984       839688         9356     58627960  128    0 3051136     0 14541 20608   1   2  87  10   0 2026-09-16 17:13:40
 2  5      1428984       843800         9356     58627984    0    0 2995276     0 14617 20753   2   2  85  12   0 2026-09-16 17:13:41
 0  6      1428984       837608         9356     58629756   64    0 2995972     0 14924 20854   2   2  86  10   0 2026-09-16 17:13:42
 1  0      1428728       833172         9364     58629856  120    0 2997368    56 14093 21426   2   2  87   9   0 2026-09-16 17:13:43
 0  4      1428472       831724         9364     58630008  156    0 3196176     0 14055 21673   2   2  86  10   0 2026-09-16 17:13:44
 2  4      1428472       834844         9364     58630036  184    0 2739896     0 13518 20747   2   2  87   9   0 2026-09-16 17:13:45
 0  7      1428472       831156         9364     58630124    0    0 2907704     0 14129 21714   2   2  88   8   0 2026-09-16 17:13:46
 1  3      1428472       830068         9364     58630284    0    0 3026004     4 25136 21315   1   2  89   7   0 2026-09-16 17:13:47
 1  5      1428472       832956         9372     58630308   16    0 2791952    64 13777 20688   1   2  87  10   0 2026-09-16 17:13:48
 1  7      1428472       832888         9372     58633152  136    0 2929236     0 13915 20736   1   2  85  11   0 2026-09-16 17:13:49
 0  1      1425144       830548         9488     58610448 2992    0 1435376     0 13211 20250   3   2  90   5   0 2026-09-16 17:13:50
 2  0      1424632       907156         9512     58508736  288    0 272188     0 10557 16020   3   2  95   0   0 2026-09-16 17:13:51
 1  5      1421560       874516         9592     58520548 2940    0 2121012     0 13671 20230   2   2  88   8   0 2026-09-16 17:13:52
 0  8      1421560       872924         9600     58520588    8    0 3212296    52 14794 21178   1   2  86  11   0 2026-09-16 17:13:53
 1  8      1421560       872000         9600     58520620    0    0 3325952     0 14803 21424   2   2  86  10   0 2026-09-16 17:13:54
 2  3      1421560       872572         9600     58520656    0    0 3226624     0 14517 21121   1   2  86  11   0 2026-09-16 17:13:55
 3  4      1421560       864664         9600     58520684    0    0 3241984     0 14528 21077   1   2  87   9   0 2026-09-16 17:13:56
 2  4      1421560       868512         9612     58521168   12    0 3174344  1616 14249 21713   1   2  87  10   0 2026-09-16 17:13:57
 1  5      1421304       865872         9620     58521196    0    0 3001856   200 13475 21311   1   2  86  10   0 2026-09-16 17:13:58
procs -----------------------memory---------------------- ---swap-- -----io---- -system-- --------cpu-------- -----timestamp-----
 r  b         swpd         free         buff        cache   si   so    bi    bo   in   cs  us  sy  id  wa  st                 KST
 2  5      1421304       858384         9620     58521236    0    0 3136512     0 13803 21432   1   2  88   9   0 2026-09-16 17:13:59
 1  7      1421304       853656         9620     58521260   48    0 3022896     0 13746 21136   1   2  87  10   0 2026-09-16 17:14:00
 1  2      1421304       861336         9620     58521312    0    0 3250192     0 14179 21752   1   2  86  11   0 2026-09-16 17:14:01
 0  5      1421048       859640         9620     58521340    0    0 2978304   528 13829 21325   1   2  86  10   0 2026-09-16 17:14:02
 0  6      1421048       865304         9628     58521372    0    0 3174912   108 14735 20880   1   2  84  12   0 2026-09-16 17:14:03
 2  6      1421048       864184         9628     58521688    0    0 3244316     0 14705 21089   1   2  84  12   0 2026-09-16 17:14:04
 0  6      1421048       866544         9628     58521728    0    0 3283968     0 14626 20885   1   2  86  11   0 2026-09-16 17:14:05
 1  5      1421048       863604         9628     58521748    0    0 3299328     0 15393 21732   1   2  85  11   0 2026-09-16 17:14:06
 1  8      1421048       865960         9628     58521788    0    0 3195904   428 14526 20984   1   2  85  11   0 2026-09-16 17:14:07
 0  3      1420792       864752         9636     58521824   32    0 3137584   108 14416 21461   1   2  88   9   0 2026-09-16 17:14:08
 1  4      1420792       862328         9636     58521916    4    0 3211348     0 13961 21703   1   2  85  11   0 2026-09-16 17:14:09
 1  4      1420792       860904         9636     58521952    8    0 3161608     0 13967 21562   1   2  87  10   0 2026-09-16 17:14:10
 2  5      1420792       858708         9636     58522076   44    0 3013252     0 13827 21393   2   2  86  10   0 2026-09-16 17:14:11
 3  5      1420792       858056         9636     58522104    0    0 3302400   440 14340 21746   1   2  87   9   0 2026-09-16 17:14:12
 1  8      1420792       852672         9644     58522132    0    0 3008512   132 13917 21176   2   2  87   9   0 2026-09-16 17:14:13
 2  1      1420792       829532         9664     58552968  352    0 3304924     0 15262 22115   1   2  85  11   0 2026-09-16 17:14:14
 2  0      1419768       757028        10136     58606864  776    0 123240     0 11694 17412   3   2  95   0   0 2026-09-16 17:14:15
 1  7      1419512       811864        10408     58498216  428    0 1938928     0 13338 18981   2   2  89   7   0 2026-09-16 17:14:16
 0  5      1419512       808900        10408     58498252    0    0 2929664   488 14492 20734   2   2  85  11   0 2026-09-16 17:14:17
 1  6      1419512       810604        10416     58498280    0    0 2561024   144 14120 19799   2   2  88   9   0 2026-09-16 17:14:18
 1  0      1419512       808228        10416     58498472    0    0 2879644     0 14285 20716   1   2  88   9   0 2026-09-16 17:14:19
procs -----------------------memory---------------------- ---swap-- -----io---- -system-- --------cpu-------- -----timestamp-----
 r  b         swpd         free         buff        cache   si   so    bi    bo   in   cs  us  sy  id  wa  st                 KST
 1  4      1419512       818216        10416     58498500    0    0 2641408     0 24327 19841   2   2  87   9   0 2026-09-16 17:14:20
 2  5      1419512       809228        10416     58498532   48    0 2967088     0 14431 20989   2   2  88   8   0 2026-09-16 17:14:21
 1  3      1419512       811544        10416     58498560    0    0 2836480   496 14066 21005   2   2  88   8   0 2026-09-16 17:14:22
 1  5      1419512       814680        10432     58498976    0    0 2486656   140 13219 20159   2   2  88   9   0 2026-09-16 17:14:23
 2  0      1419512       814224        10440     58499008  312    0 2782520    40 13392 20750   2   2  88   8   0 2026-09-16 17:14:24
 0  5      1419512       815080        10440     58499048    0    0 2533888     0 13281 20251   2   2  88   8   0 2026-09-16 17:14:25
 2  0      1419512       813880        10440     58499072    0    0 2608640     0 13431 20972   2   2  88   8   0 2026-09-16 17:14:26
 1  5      1419512       814960        10440     58499220    0    0 3015792     0 14487 21192   1   2  86  11   0 2026-09-16 17:14:27
 1  6      1419512       813292        10440     58499248    0    0 2960384   444 14383 21016   2   2  87  10   0 2026-09-16 17:14:28
 1  0      1419512       809904        10448     58499280    0    0 2594816   116 13954 19999   2   2  88   8   0 2026-09-16 17:14:29
 2  4      1419512       819312        10448     58499440    0    0 2926676     0 14507 20386   1   2  86  11   0 2026-09-16 17:14:30
 0  7      1419512       816412        10448     58499468    0    0 2454528     0 13447 19605   2   2  88   8   0 2026-09-16 17:14:31
 2  3      1419512       820492        10448     58499500    0    0 2973696     0 14594 20927   2   2  85  12   0 2026-09-16 17:14:32
 1  6      1419256       820176        10448     58499524    8    0 2561032   452 13954 19828   2   2  87   9   0 2026-09-16 17:14:33
 3  7      1419256       826900        10456     58499572    0    0 2807808   112 14422 20540   2   2  88   8   0 2026-09-16 17:14:34
 1  5      1419256       819928        10456     58499600    0    0 2818560     0 13760 20870   2   2  87   9   0 2026-09-16 17:14:35
 3  0      1419256       813916        10456     58499684    0    0 2313776     0 13101 19986   2   2  89   7   0 2026-09-16 17:14:36
 0  5      1419256       818284        10456     58499712    0    0 2881536     0 13759 20880   2   2  87   9   0 2026-09-16 17:14:37
 1  7      1419256       814552        10456     58499748    0    0 2437120   424 13027 20157   2   2  88   8   0 2026-09-16 17:14:38
 0  5      1419256       809832        10464     58499772    0    0 2859008   132 13992 20793   2   2  86  10   0 2026-09-16 17:14:39
 2  5      1419256       810504        10464     58499808    0    0 2448384     0 13218 19806   2   2  88   8   0 2026-09-16 17:14:40
procs -----------------------memory---------------------- ---swap-- -----io---- -system-- --------cpu-------- -----timestamp-----
 r  b         swpd         free         buff        cache   si   so    bi    bo   in   cs  us  sy  id  wa  st                 KST
 2  2      1419256       809896        10464     58500408   16    0 2920008     0 14138 20957   2   2  87  10   0 2026-09-16 17:14:41
 2  0      1419256       785516        10464     58503632   84    0 1885392     0 12987 18661   7   2  85   6   0 2026-09-16 17:14:42
 3  5      1419256       790968        10464     58503664    0    0 2270208   468 13389 19159   2   2  88   8   0 2026-09-16 17:14:43
 0  5      1419256       785248        10472     58503784    0    0 2496608   116 13659 19703   2   2  88   8   0 2026-09-16 17:14:44
 2  0      1419256       779604        10472     58503824    0    0 2089984     0 12918 18933   2   2  92   4   0 2026-09-16 17:14:45
 1  6      1419256       784476        10472     58503860    0    0 2198528     0 13304 19546   2   2  90   5   0 2026-09-16 17:14:46
 2  5      1419000       793340        10472     58503884  280    0 2645272     0 13823 20051   2   2  89   7   0 2026-09-16 17:14:47
 2  0      1419000       789888        10472     58503920    0    0 2013184   444 12634 18893   2   2  91   5   0 2026-09-16 17:14:48
 1  4      1419000       784688        10480     58504072    0    0 3101816   104 14446 20996   1   2  89   8   0 2026-09-16 17:14:49
 2  0      1419000       786084        10480     58504104    0    0 2040832     0 12498 19172   2   2  91   6   0 2026-09-16 17:14:50
 1  5      1419000       788988        10480     58504136    0    0 2035716     0 12641 19331   2   2  90   6   0 2026-09-16 17:14:51
 2  5      1419000       775844        10480     58504236    0    0 2479676     0 29884 20142   2   2  90   6   0 2026-09-16 17:14:52
 2  0      1419000       782784        10480     58504268    0    0 2291712   428 12890 19724   2   2  91   5   0 2026-09-16 17:14:53
 1  8      1419000       780676        10488     58504388  108    0 1806024   128 12214 18784   2   2  92   4   0 2026-09-16 17:14:54
 1  4      1419000       781756        10488     58504552    0    0 2487936     0 13635 19995   2   2  90   6   0 2026-09-16 17:14:55
 0  3      1419000       778324        10488     58504572   24    0 2503192     0 13644 20180   2   2  90   7   0 2026-09-16 17:14:56
 1  6      1419000       790052        10488     58504620   16    0 2328592     0 13100 19446   2   2  88   8   0 2026-09-16 17:14:57
 1  4      1419000       788404        10488     58504644    0    0 2523136   460 13972 19776   2   2  87  10   0 2026-09-16 17:14:58
 1  0      1419000       783460        10496     58504928    0    0 2114808   108 12910 18982   2   2  90   6   0 2026-09-16 17:14:59
 1  6      1419000       779300        10496     58504948    0    0 2203648     0 13015 18876   2   2  88   8   0 2026-09-16 17:15:00
 1  5      1419000       774096        10496     58505528    0    0 2603532     0 13836 20120   2   2  89   7   0 2026-09-16 17:15:01
procs -----------------------memory---------------------- ---swap-- -----io---- -system-- --------cpu-------- -----timestamp-----
 r  b         swpd         free         buff        cache   si   so    bi    bo   in   cs  us  sy  id  wa  st                 KST
 2  0      1419000       778744        10496     58505684    0    0 2050172     0 12827 18918   2   2  90   6   0 2026-09-16 17:15:02
 1  6      1419000       779584        10496     58505708    0    0 2080768   532 13064 18713   2   2  89   7   0 2026-09-16 17:15:03
 3  4      1419000       784440        10504     58505752    0    0 2521088   148 13575 19806   2   2  88   8   0 2026-09-16 17:15:04
 0  8      1419000       788080        10504     58505780    0    0 2343936     0 12856 19697   2   2  90   6   0 2026-09-16 17:15:05
 2  4      1419000       787712        10504     58505800    8    0 2460168     0 13719 20562   2   2  90   6   0 2026-09-16 17:15:06
 2  2      1419000       782044        10504     58505836    0    0 2487808     0 13235 20002   2   2  91   6   0 2026-09-16 17:15:07
 2  0      1419000       773580        10504     58505940    0    0 1819720     0 12067 18687   2   2  91   5   0 2026-09-16 17:15:08
 2  5      1419000       773488        10512     58506224    0    0 2359544   588 13230 19973   2   2  88   8   0 2026-09-16 17:15:09
 0  4      1419000       775884        10512     58506268    4    0 2594824     0 13532 20380   2   2  89   7   0 2026-09-16 17:15:10
 2  0      1419000       769732        10512     58506288    0    0 1902592     0 12334 19074   2   2  91   4   0 2026-09-16 17:15:11
 2  5      1419000       775408        10512     58506332    0    0 2353160     0 13272 19901   2   2  90   6   0 2026-09-16 17:15:12
 2  0      1419000       777524        10512     58506884   12    0 2790040     0 14119 20719   2   2  88   8   0 2026-09-16 17:15:13
 3  0      1419000       771764        10520     58507608    0    0 1714740   536 12659 18429   3   2  91   5   0 2026-09-16 17:15:14
 2  0      1419000       771584        10520     58507640    0    0 1714176     0 12494 18389   3   2  90   6   0 2026-09-16 17:15:15
 2  6      1419000       773444        10520     58507780    0    0 1933416     0 12835 18634   2   2  90   7   0 2026-09-16 17:15:16
 0  6      1419000       782112        10520     58507804    0    0 2098244     0 13148 19099   2   2  90   6   0 2026-09-16 17:15:17
 2  7      1419000       779480        10520     58507916    0    0 1486848     0 12039 17843   2   2  89   7   0 2026-09-16 17:15:18
 1  1      1419000       777572        10528     58507944    0    0 1271304   552 11558 17638   1   2  86  11   0 2026-09-16 17:15:19
 1  1      1419000       780408        10528     58507992    0    0 1732608     0 12333 18368   2   2  90   6   0 2026-09-16 17:15:20
 2  0      1419000       776040        10528     58508024    0    0 1762816     0 12375 18524   2   2  90   6   0 2026-09-16 17:15:21
 1  5      1419000       782180        10528     58508056    0    0 2327552     0 13366 19501   2   2  88   8   0 2026-09-16 17:15:22
procs -----------------------memory---------------------- ---swap-- -----io---- -system-- --------cpu-------- -----timestamp-----
 r  b         swpd         free         buff        cache   si   so    bi    bo   in   cs  us  sy  id  wa  st                 KST
 1  4      1419000       779728        10528     58508092    4    0 2037252     0 12387 19354   2   2  91   5   0 2026-09-16 17:15:23
 1  5      1419000       777372        10536     58508124    0    0 2053632   624 12803 19498   2   2  89   7   0 2026-09-16 17:15:24
 1  3      1419000       774932        10536     58508152    0    0 2011136     0 34285 19366   2   2  89   7   0 2026-09-16 17:15:25
 2  0      1419000       775020        10536     58508260    4    0 1855572     0 12464 19406   2   2  91   5   0 2026-09-16 17:15:26
 2  0      1419000       775812        10536     58508296    0    0 1714176     0 12358 18614   2   2  91   5   0 2026-09-16 17:15:27
 1  0      1419000       772188        10536     58508324    0    0 1714176     0 12401 18637   3   2  91   5   0 2026-09-16 17:15:28
 1  0      1419000       775340        10544     58508360    0    0 1714176   540 12000 18785   3   2  90   6   0 2026-09-16 17:15:29
 1  7      1417976       771616        10688     58512544 1516    0 1838772     0 12858 19700   2   2  89   6   0 2026-09-16 17:15:30
 1  5      1417976       777260        10688     58512568    0    0 2058360     0 12670 19551   2   2  91   5   0 2026-09-16 17:15:31
 2  0      1417976       780136        10688     58512732    0    0 2965504     0 14121 20745   2   2  88   8   0 2026-09-16 17:15:32
 1  0      1417976       770688        10688     58512764    0    0 1714176     0 12580 18343   2   2  90   6   0 2026-09-16 17:15:33
 2  0      1417976       767004        10696     58512820    0    0 1714204   572 12516 18597   3   2  90   6   0 2026-09-16 17:15:34
 3  0      1417976       763812        10696     58512856    0    0 1714176     0 12408 18340   3   2  90   5   0 2026-09-16 17:15:35
 1  7      1417976       765956        10696     58512888    0    0 1904640     0 12727 18464   2   2  88   8   0 2026-09-16 17:15:36
 1  6      1416952       732324        13452     58530400  868    0 2127344   332 14599 20884   3   2  87   7   0 2026-09-16 17:15:37
 2  5      1416696       734540        13452     58530632  468    0 2047132     0 13280 19842   2   2  90   6   0 2026-09-16 17:15:38
 2  4      1416696       728396        13452     58530932   28    0 2027384   704 13132 19415   3   2  90   6   0 2026-09-16 17:15:39
 1  3      1416696       726796        13452     58530952    0    0 1999872     0 12994 19534   3   2  89   7   0 2026-09-16 17:15:40
 0  8      1416696       724900        13452     58530988    0    0 1923072     0 12472 19658   2   2  90   6   0 2026-09-16 17:15:41
 3  5      1415672       723548        13464     58533788 1052    0 2038500   164 13569 20346   3   2  88   7   0 2026-09-16 17:15:42
 1  5      1415416       934468        13456     58347068  164    0 2044020     0 13306 21339   4   2  88   6   0 2026-09-16 17:15:43
procs -----------------------memory---------------------- ---swap-- -----io---- -system-- --------cpu-------- -----timestamp-----
 r  b         swpd         free         buff        cache   si   so    bi    bo   in   cs  us  sy  id  wa  st                 KST
 1  5      1415160       932848        13456     58347096    8    0 2078216   464 12798 20123   3   2  90   5   0 2026-09-16 17:15:44
 1  7      1415160       931008        13460     58350396   52    0 1217268     0 11914 18306   3   2  89   7   0 2026-09-16 17:15:45
 0  1      1415160       922740        13464     58353120   88    0 1184992     0 11905 19365   2   2  88   8   0 2026-09-16 17:15:46
 2  0      1415160       920084        13472     58353144    0    0 1724928   180 12281 19193   2   2  92   4   0 2026-09-16 17:15:47
 1  0      1415160       923956        13472     58353312    0    0 1714176     0 12418 19082   2   2  92   4   0 2026-09-16 17:15:48
 1  0      1415160       922048        13472     58353836    0    0 1714664   512 12548 19260   3   2  90   5   0 2026-09-16 17:15:49
 2  0      1415160       917356        13472     58353984    0    0 1714304     0 12390 19228   3   2  92   4   0 2026-09-16 17:15:50
 8  0      1414904       925220        13472     58354012   40    0 1901680     0 12782 19181   8   2  84   6   0 2026-09-16 17:15:51
 1  4      1414648       903724        13616     58355964   60    0 2526708   156 14161 20438   4   2  87   7   0 2026-09-16 17:15:52
 2  0      1414648       914376        13616     58355996    0    0 2430464     0 13601 19977   2   2  89   6   0 2026-09-16 17:15:53
 0  5      1414648       914788        13616     58356024    0    0 2637312     0 14193 20067   2   2  87   9   0 2026-09-16 17:15:54
 4  0      1414648       915160        13616     58356068    0    0 2505216   480 13663 20091   2   2  90   6   0 2026-09-16 17:15:55
 0  6      1414648       912504        13616     58356096    0    0 2525184     0 13728 19624   2   2  88   9   0 2026-09-16 17:15:56
 3  0      1414648       908104        13624     58356124    0    0 2617344   136 13717 20052   2   2  89   7   0 2026-09-16 17:15:57
 0  5      1414648       901376        13624     58356156    0    0 3010560     0 38785 21021   2   3  84  11   0 2026-09-16 17:15:58
 1  0      1414648       908020        13624     58356196    0    0 2131968     0 12639 19314   2   2  89   7   0 2026-09-16 17:15:59
 1  5      1414648       910400        13624     58356228    0    0 2533888   464 13642 20199   2   2  87  10   0 2026-09-16 17:16:00
 1  0      1414648       905552        13624     58356260    0    0 2608640     0 13288 20300   2   2  89   7   0 2026-09-16 17:16:01
 2  5      1414648       906164        13632     58356352   52    0 2176116   108 13055 19732   2   2  88   8   0 2026-09-16 17:16:02
 1  3      1414648       913804        13632     58356444    0    0 2837568     0 13672 20827   2   2  88   8   0 2026-09-16 17:16:03
 2  7      1414648       914636        13632     58356468    0    0 2006016     0 12474 19205   2   2  90   6   0 2026-09-16 17:16:04
procs -----------------------memory---------------------- ---swap-- -----io---- -system-- --------cpu-------- -----timestamp-----
 r  b         swpd         free         buff        cache   si   so    bi    bo   in   cs  us  sy  id  wa  st                 KST
 1  5      1414648       905240        13632     58356504    0    0 2684416   416 13716 20460   2   2  89   7   0 2026-09-16 17:16:05
 1  6      1414392       907076        13632     58356736   24    0 2632400     0 13965 20381   2   2  88   8   0 2026-09-16 17:16:06
 1  5      1414136       905208        13640     58356760  180    0 2840756   108 14297 20561   2   2  88   9   0 2026-09-16 17:16:07
 2  7      1414136       905576        13640     58356792    0    0 2202624     0 13218 19284   2   2  90   7   0 2026-09-16 17:16:08
 0  5      1414136       911476        13640     58356832    0    0 2812928     0 14113 20287   1   2  90   7   0 2026-09-16 17:16:09
 0  8      1414136       907660        13640     58356868   52    0 2168884   424 13108 19122   2   2  89   7   0 2026-09-16 17:16:10
 1  5      1414136       911256        13640     58356888    0    0 2728008     0 14373 20148   2   2  85  11   0 2026-09-16 17:16:11
 1  7      1414136       910840        13648     58357008    0    0 2541568   140 13656 19876   2   2  86  10   0 2026-09-16 17:16:12
 1  5      1414136       910952        13648     58357028    0    0 2660352     0 13753 20519   2   2  89   8   0 2026-09-16 17:16:13
 2  0      1414136       910292        13648     58357068    0    0 2278400     0 13310 19767   2   2  90   6   0 2026-09-16 17:16:14
 2  5      1414136       912148        13648     58357100    0    0 2385920   480 13294 19893   2   2  89   7   0 2026-09-16 17:16:15
 0  1      1414136       915564        13648     58357124    0    0 2698752     0 13726 20535   2   2  88   8   0 2026-09-16 17:16:16
 2  5      1414136       915692        13656     58357156    0    0 2218496   120 12993 19530   2   2  88   7   0 2026-09-16 17:16:17
 0  3      1414136       910496        13656     58357192    0    0 2875392     0 13891 20687   2   2  89   8   0 2026-09-16 17:16:18
 1  6      1414136       904316        13656     58357220    0    0 2107392     0 12871 19254   2   2  90   6   0 2026-09-16 17:16:19
 2  5      1414136       904444        13656     58357784  132    0 2652824   420 13926 20240   2   2  88   8   0 2026-09-16 17:16:20
 2  0      1414136       911124        13656     58357820    0    0 2203728     0 13359 19326   2   2  89   8   0 2026-09-16 17:16:21
 2  5      1414136       904600        13664     58357968    0    0 2192384   116 13112 19057   2   2  88   8   0 2026-09-16 17:16:22
 0  5      1414136       908464        13664     58357996    0    0 2706432     0 14010 20126   2   2  88   9   0 2026-09-16 17:16:23
 1  0      1414136       907068        13664     58358024    0    0 1957888     0 12693 18749   2   2  91   5   0 2026-09-16 17:16:24
 3  5      1414136       907180        13664     58358052    0    0 2579592   444 13885 19642   2   2  88   8   0 2026-09-16 17:16:25
procs -----------------------memory---------------------- ---swap-- -----io---- -system-- --------cpu-------- -----timestamp-----
 r  b         swpd         free         buff        cache   si   so    bi    bo   in   cs  us  sy  id  wa  st                 KST
 1  0      1414136       908424        13664     58358236   24    0 2563096     0 14036 20302   2   2  88   8   0 2026-09-16 17:16:26
 2  4      1414136       906744        13672     58358264    0    0 2724352   116 14110 20253   2   2  86  10   0 2026-09-16 17:16:27
 2  0      1414136       909576        13672     58358296    0    0 2418176     0 12837 19994   2   2  91   6   0 2026-09-16 17:16:28
 1  7      1414136       908432        13672     58358340    0    0 1898496     0 12501 18889   2   2  90   6   0 2026-09-16 17:16:29
 0  5      1414136       908016        13672     58358364    0    0 2548224   412 13457 20354   2   2  88   9   0 2026-09-16 17:16:30
 2  0      1414136       914984        13672     58358392    0    0 2409984     0 13131 19984   2   2  92   5   0 2026-09-16 17:16:31
 8  5      1414136       906808        13680     58358420    0    0 2053120   120 19711 19211   2   2  90   6   0 2026-09-16 17:16:32
 1  4      1414136       913772        13680     58358588    0    0 2565248     0 18692 20211   2   2  87   9   0 2026-09-16 17:16:33
 1  0      1414136       910148        13680     58358624    0    0 2238464     0 12994 19591   2   2  89   7   0 2026-09-16 17:16:34
 1  5      1414136       914028        13680     58358648    0    0 2918400     0 14242 20643   2   2  86  10   0 2026-09-16 17:16:35
 4  0      1414136       917656        13680     58358688    0    0 2224128   424 13197 19296   2   2  89   7   0 2026-09-16 17:16:36
 1  5      1414136       917716        13688     58358724    0    0 2333696   112 13414 19161   2   2  88   8   0 2026-09-16 17:16:37
 2  3      1414136       912236        13688     58358752    0    0 2691072     0 14188 20078   2   2  88   9   0 2026-09-16 17:16:38
 0  8      1414136       907804        13688     58358776    0    0 1905664     0 12604 18632   2   2  90   5   0 2026-09-16 17:16:39
 1  5      1414136       910956        13688     58358804    0    0 2568704     0 13677 19793   2   2  87   9   0 2026-09-16 17:16:40
 2  0      1414136       912860        13688     58358836    8    0 2500104   452 13530 19862   2   2  88   8   0 2026-09-16 17:16:41
 1  5      1414136       902596        13696     58358852    0    0 2698752    96 13673 20439   2   2  88   8   0 2026-09-16 17:16:42
 1  1      1414136       909008        13696     58358900    0    0 2367488     0 12813 19886   2   2  90   7   0 2026-09-16 17:16:43
 1  7      1414136       913096        13696     58358924    0    0 1928704     0 12509 19198   2   2  89   7   0 2026-09-16 17:16:44
 1  5      1414136       917232        13696     58359040    0    0 2715212     0 13803 20624   2   2  89   8   0 2026-09-16 17:16:45
 3  0      1414136       917648        13696     58359520   16    0 2289608   420 13206 20357   2   2  90   6   0 2026-09-16 17:16:46
procs -----------------------memory---------------------- ---swap-- -----io---- -system-- --------cpu-------- -----timestamp-----
 r  b         swpd         free         buff        cache   si   so    bi    bo   in   cs  us  sy  id  wa  st                 KST
 2  7      1414136       912932        13704     58359548    0    0 1968228   124 12716 19194   2   2  89   7   0 2026-09-16 17:16:47
 2  4      1414136       912220        13704     58359796    0    0 2721916     0 13437 20748   2   2  89   7   0 2026-09-16 17:16:48
 2  0      1414136       903288        13704     58359836    0    0 2166784     0 12704 19511   2   2  90   6   0 2026-09-16 17:16:49
 1  5      1412856       907672        13704     58359992  928    0 2914336     0 14508 21345   2   2  87   9   0 2026-09-16 17:16:50
 1  4      1400824       897204        13704     58360920 9932    0 1665612   444 14866 22814   2   2  91   6   0 2026-09-16 17:16:51
 1  4      1400824       898592        13712     58360944    0    0 2080768    96 13201 19157   2   2  88   8   0 2026-09-16 17:16:52
 2  0      1400824       896140        13712     58361116    0    0 1922172     0 12561 18887   2   2  89   7   0 2026-09-16 17:16:53
 1  0      1400824       889252        13712     58361144    0    0 1714176     0 12429 18370   3   2  90   5   0 2026-09-16 17:16:54
 1  0      1400824       900004        13712     58361180    0    0 1714176     0 12413 18280   3   2  90   6   0 2026-09-16 17:16:55
 1  6      1400824       900732        13712     58361216    0    0 2068480   480 13071 18878   2   2  89   7   0 2026-09-16 17:16:56
 2  5      1400824       904356        13720     58361244    0    0 2153472   132 13263 19215   2   2  89   6   0 2026-09-16 17:16:57
 2  5      1400824       897884        13720     58361364    0    0 2214996     0 13497 19446   2   2  90   6   0 2026-09-16 17:16:58
 2  0      1400824       895208        13720     58361388    0    0 2134016     0 12698 19451   2   2  92   4   0 2026-09-16 17:16:59
 2  5      1400824       894816        13720     58361424    0    0 2122752     0 12854 19476   2   2  89   7   0 2026-09-16 17:17:00
 1  4      1400824       901688        13724     58361440    0    0 2152964   444 12365 19621   2   2  92   4   0 2026-09-16 17:17:01
 3  4      1400824       899276        13732     58361484    0    0 2100736   112 12892 19511   2   2  91   5   0 2026-09-16 17:17:02
 0  1      1400824       902440        13732     58361516    0    0 2144768     0 12486 19458   2   2  90   6   0 2026-09-16 17:17:03
 1  0      1400824       900096        13732     58361628    0    0 1763912     0 12247 18788   2   2  90   6   0 2026-09-16 17:17:04
 2  0      1400568       900732        13732     58361656   16    0 1714192     0 15939 18696   2   2  91   5   0 2026-09-16 17:17:05
 2  0      1400568       902076        13732     58361756    0    0 1714244   516 12272 19307   3   2  90   6   0 2026-09-16 17:17:06
 0  6      1400568       905164        13740     58361792    4    0 2092036   120 12871 19395   2   2  89   7   0 2026-09-16 17:17:07
procs -----------------------memory---------------------- ---swap-- -----io---- -system-- --------cpu-------- -----timestamp-----
 r  b         swpd         free         buff        cache   si   so    bi    bo   in   cs  us  sy  id  wa  st                 KST
 3  0      1400568       900516        13740     58361824    0    0 3050496     0 14410 21062   2   2  87   9   0 2026-09-16 17:17:08
 4  0      1400568       898100        13740     58361852    0    0 1714176     0 12673 18297   2   2  89   7   0 2026-09-16 17:17:09
 8  0      1400568       897732        13740     58361932   12    0 1714228     0 12846 18621   3   2  89   6   0 2026-09-16 17:17:10
 1  6      1400568       899660        13744     58361960    0    0 2124804   396 13220 18986   2   2  87   9   0 2026-09-16 17:17:11
 3  5      1400568       899288        13752     58361992    0    0 2182144   108 13175 19255   2   2  89   7   0 2026-09-16 17:17:12
 2  4      1400568       889572        13752     58362012    0    0 2159616     0 13253 19178   2   2  89   7   0 2026-09-16 17:17:13
 1  0      1400568       896256        13752     58362060    0    0 2104320     0 13054 19084   2   2  89   7   0 2026-09-16 17:17:14
 3  0      1400568       895596        13752     58362164    0    0 1714260     0 12348 18496   3   2  91   4   0 2026-09-16 17:17:15
 1  4      1400568       894656        13752     58362208    0    0 2512384   468 13516 20102   2   2  88   8   0 2026-09-16 17:17:16
 1  4      1400568       898784        13760     58362248    0    0 2070020   136 12576 19247   2   2  89   7   0 2026-09-16 17:17:17
 3  2      1400568       902964        13760     58362276    0    0 2101248     0 12772 19338   2   2  89   7   0 2026-09-16 17:17:18
 1  0      1400568       904436        13760     58362308    0    0 1887232     0 12530 18811   2   2  91   5   0 2026-09-16 17:17:19
 2  0      1400568       907324        13760     58362340    0    0 1714176     0 12319 18664   3   2  90   5   0 2026-09-16 17:17:20
 2  0      1400568       899560        13760     58362376    4    0 1714180     0 12060 18501   2   2  91   5   0 2026-09-16 17:17:21
 0  8      1400568       896624        13768     58362408    0    0 1874944   584 12601 19016   2   2  90   6   0 2026-09-16 17:17:22
 2  5      1400568       897016        13768     58362448    0    0 2114560     0 12441 19340   2   2  90   6   0 2026-09-16 17:17:23
 0  5      1400568       893584        13768     58362472  136    0 2114184     0 12643 19342   2   2  88   7   0 2026-09-16 17:17:24
 2  3      1400568       892376        13768     58362508    0    0 2178560     0 12771 19430   2   2  89   7   0 2026-09-16 17:17:25
 2  0      1400568       892036        13768     58362540   12    0 2002956     0 12959 19511   2   2  90   6   0 2026-09-16 17:17:26
 2  0      1400568       887592        13776     58362572    0    0 1714176   560 12426 18384   3   2  90   6   0 2026-09-16 17:17:27
 2  0      1400568       888176        13776     58362600    0    0 1714176     0 12515 18289   3   2  90   6   0 2026-09-16 17:17:28
procs -----------------------memory---------------------- ---swap-- -----io---- -system-- --------cpu-------- -----timestamp-----
 r  b         swpd         free         buff        cache   si   so    bi    bo   in   cs  us  sy  id  wa  st                 KST
 1  0      1400568       888308        13776     58362632    0    0 1714176     0 12666 18239   2   2  91   5   0 2026-09-16 17:17:29
 2  0      1400568       893152        13776     58362664    0    0 1714176     0 12299 18247   3   2  91   5   0 2026-09-16 17:17:30
 1  0      1400568       897240        13776     58362692    0    0 1714176     0 12477 18023   2   2  90   6   0 2026-09-16 17:17:31
 3  0      1400568       899892        13784     58362724    0    0 1714176   532 12265 18218   2   2  91   5   0 2026-09-16 17:17:32
 1  4      1400568       891692        13784     58362756    0    0 1514496     0 12161 17823   3   2  90   5   0 2026-09-16 17:17:33
 1  4      1400568       894780        13784     58362784    0    0 1451008     0 12223 17889   3   2  91   5   0 2026-09-16 17:17:34
 1  4      1400568       892728        13784     58362904    0    0 1494620     0 12023 17937   3   2  90   5   0 2026-09-16 17:17:35
 1  0      1400568       888800        13784     58363092    0    0 2396832     0 13119 19897   2   2  90   6   0 2026-09-16 17:17:36
 2  0      1400568       894480        13792     58363124    0    0 1714176   560 12053 18630   2   2  91   5   0 2026-09-16 17:17:37
 1  0      1400568       896752        13792     58363164    0    0 1714176     0 25348 18786   2   2  90   5   0 2026-09-16 17:17:38
 2  0      1400568       902124        13792     58363184    0    0 1714176     0 12230 18484   3   2  91   5   0 2026-09-16 17:17:39
 1  1      1400568       893688        13792     58363232    0    0 1638912     0 12070 18376   3   2  92   4   0 2026-09-16 17:17:40
 2  2      1400568       899060        13792     58363260    0    0 1630720     0 11864 18399   3   2  92   4   0 2026-09-16 17:17:41
 1  5      1400568       907468        13800     58363292    0    0 1509376   584 11934 18256   3   2  92   4   0 2026-09-16 17:17:42
 0  6      1400568       895972        13800     58363328   24    0 806936     0 10753 16896   3   2  91   5   0 2026-09-16 17:17:43
 1  0      1400568       901840        13800     58363440    0    0 1270856     0 11604 17628   1   2  90   7   0 2026-09-16 17:17:44
 2  0      1400568       898344        13800     58363464    0    0 1714176     0 12091 18534   2   2  93   3   0 2026-09-16 17:17:45
 1  1      1400568       897312        13800     58363492    4    0 1648132     0 12207 18772   2   2  93   3   0 2026-09-16 17:17:46
 1  2      1400568       899436        13808     58363528    0    0 1637888   512 12052 18580   3   2  93   3   0 2026-09-16 17:17:47
 2  0      1400568       899100        13808     58363560    0    0 1856512     0 12481 18788   2   2  91   5   0 2026-09-16 17:17:48
 1  0      1400568       890344        13808     58363600    0    0 1714176     0 12588 18406   2   2  89   6   0 2026-09-16 17:17:49
procs -----------------------memory---------------------- ---swap-- -----io---- -system-- --------cpu-------- -----timestamp-----
 r  b         swpd         free         buff        cache   si   so    bi    bo   in   cs  us  sy  id  wa  st                 KST
 2  0      1400568       896712        13808     58363620    4    0 1714180     0 12626 18431   2   2  90   6   0 2026-09-16 17:17:50
 1  0      1400568       889532        13808     58363664    0    0 1714644     0 12643 18408   3   2  90   6   0 2026-09-16 17:17:51
 1  0      1400568       891900        13816     58364240    0    0 1714252   616 12181 18489   2   2  91   5   0 2026-09-16 17:17:52
 2  0      1400568       895264        13816     58364320    0    0 1714224     0 12351 18445   3   2  90   6   0 2026-09-16 17:17:53
 0  1      1400568       891084        13816     58364340    0    0 1649152     0 12347 18323   3   2  90   6   0 2026-09-16 17:17:54
 1  4      1400568       889192        13816     58364380    0    0 1436160     0 11825 17860   3   2  91   5   0 2026-09-16 17:17:55
 2  4      1400568       889540        13816     58364444    0    0 1499176     0 12122 18125   3   2  90   5   0 2026-09-16 17:17:56
 0  6      1400568       892932        13824     58364472    0    0 1352704   572 12027 17811   3   2  90   6   0 2026-09-16 17:17:57
 3  0      1400568       893084        13824     58364512    0    0 2633728     0 13582 20638   2   2  89   8   0 2026-09-16 17:17:58
 1  0      1400568       890640        13824     58364540    0    0 1714176     0 12012 18468   2   2  91   4   0 2026-09-16 17:17:59
 1  0      1400568       892228        13824     58364568    0    0 1714176     0 11944 18634   2   2  92   4   0 2026-09-16 17:18:00
 2  0      1400568       893304        13824     58364608    0    0 1714176     0 12558 18637   2   2  91   4   0 2026-09-16 17:18:01
 1  2      1400568       892168        13832     58364636    0    0 1543168   100 12176 18342   3   2  91   5   0 2026-09-16 17:18:02
 0  5      1400568       886548        13832     58364680    0    0 1489924   412 12082 18369   3   2  91   5   0 2026-09-16 17:18:03
 2  4      1400568       882080        13832     58364708   20    0 1475092     0 11785 18120   3   2  91   5   0 2026-09-16 17:18:04
 1  4      1400568       883704        13832     58364780    0    0 1479720     0 12122 18192   3   2  91   4   0 2026-09-16 17:18:05
 2  5      1400568       885588        13832     58364816    0    0 1494528     0 12363 18669   3   2  91   5   0 2026-09-16 17:18:06
 1  5      1400568       887432        13840     58364864    0    0 1517568   116 12096 18288   3   1  91   4   0 2026-09-16 17:18:07
 2  7      1400568       881540        13840     58364892    0    0 1458176   468 11785 18291   3   2  92   4   0 2026-09-16 17:18:08
 2  0      1400568       885140        13840     58364924   76    0 3255372     0 14325 21440   2   2  88   9   0 2026-09-16 17:18:09
 1  0      1400568       883020        13840     58365032    4    0 1714264     0 12379 18574   3   2  90   5   0 2026-09-16 17:18:10
procs -----------------------memory---------------------- ---swap-- -----io---- -system-- --------cpu-------- -----timestamp-----
 r  b         swpd         free         buff        cache   si   so    bi    bo   in   cs  us  sy  id  wa  st                 KST
 1  8      1400568       885352        13840     58365076    0    0 1869824     0 25576 18599   2   2  88   7   0 2026-09-16 17:18:11
 1  6      1400568       889548        13848     58365096    0    0 2340864   136 13621 19550   2   2  88   8   0 2026-09-16 17:18:12
 1  3      1400568       890408        13848     58365252    0    0 2428016   500 13679 19889   2   2  89   7   0 2026-09-16 17:18:13
 2  0      1400568       890980        13848     58365284    0    0 1932288     0 12813 18856   2   2  90   6   0 2026-09-16 17:18:14
 1  7      1400568       883208        13848     58365312    0    0 1808376     0 12483 18274   2   2  89   7   0 2026-09-16 17:18:15
 2  5      1400568       886332        13848     58365344    0    0 2379784     0 13320 19556   2   2  88   8   0 2026-09-16 17:18:16
 1  0      1400568       886404        13856     58365376    0    0 2668544    96 13552 20522   2   2  89   7   0 2026-09-16 17:18:17
 2  7      1400568       888712        13856     58365404    0    0 1871912   428 12504 19261   2   2  90   6   0 2026-09-16 17:18:18
 2  4      1400568       894336        13856     58365472    4    0 2483716     0 13013 20019   2   2  88   8   0 2026-09-16 17:18:19
 2  3      1400568       893896        13856     58365508    0    0 2297344     0 12565 19603   2   2  89   7   0 2026-09-16 17:18:20
 1  0      1400568       895712        13856     58365604    0    0 1918024     0 12256 18838   2   2  91   5   0 2026-09-16 17:18:21
 2  7      1400568       890292        13864     58365644    0    0 1789952   116 12104 18746   2   2  90   6   0 2026-09-16 17:18:22
 2  5      1400568       892656        13864     58365676    0    0 2302976   464 12748 19787   2   2  89   7   0 2026-09-16 17:18:23
 2  4      1400568       888292        13864     58365696    0    0 2422784     0 13085 19910   2   2  89   7   0 2026-09-16 17:18:24
 3  6      1400568       889144        13864     58365744    0    0 2220032     0 12525 19115   2   2  90   6   0 2026-09-16 17:18:25
 2  5      1400568       887104        13864     58365772    0    0 2406400     0 13581 19904   2   2  87   9   0 2026-09-16 17:18:26
 0  4      1400568       891552        13872     58365808    0    0 2378752   104 13619 19507   2   2  89   7   0 2026-09-16 17:18:27
 2  0      1400568       895544        13872     58365840    0    0 1906688   424 12797 18921   2   2  89   6   0 2026-09-16 17:18:28
 1  8      1400568       896892        13872     58365908    0    0 1878060     0 12514 18333   2   2  89   7   0 2026-09-16 17:18:29
 1  5      1400568       891676        13872     58365936    8    0 2389000     0 13327 19536   2   2  90   6   0 2026-09-16 17:18:30
 1  4      1400568       892508        13872     58365980    0    0 2440192     0 13487 19624   2   2  88   8   0 2026-09-16 17:18:31
procs -----------------------memory---------------------- ---swap-- -----io---- -system-- --------cpu-------- -----timestamp-----
 r  b         swpd         free         buff        cache   si   so    bi    bo   in   cs  us  sy  id  wa  st                 KST
10  0      1400568       894684        13880     58366016    0    0 1863680   116 12453 18573   2   2  89   7   0 2026-09-16 17:18:32
 9  5      1400568       888252        13880     58366036    0    0 2761216   448 13795 20384   2   2  88   8   0 2026-09-16 17:18:33
 1  3      1400568       889940        13880     58366160   56    0 2239132     0 12816 19655   2   2  88   8   0 2026-09-16 17:18:34
 9  0      1400312       883016        13880     58366384   32    0 1856608     0 12241 19046   2   2  90   6   0 2026-09-16 17:18:35
 3  0      1400312       884848        13880     58366424   16    0 1714192     0 12111 18565   3   2  90   6   0 2026-09-16 17:18:36
 2  5      1400312       886688        13888     58366452    0    0 2353152   108 13011 19699   2   2  89   7   0 2026-09-16 17:18:37
 3  5      1400312       884808        13888     58366492    4    0 2417668   508 13360 20140   2   2  91   5   0 2026-09-16 17:18:38
 3  0      1400312       882420        13888     58366520    0    0 2085888     0 12431 19231   2   1  91   6   0 2026-09-16 17:18:39
 2  0      1400312       885792        13888     58366548    0    0 1714176     0 12230 18601   2   2  90   6   0 2026-09-16 17:18:40
 2  7      1400312       891668        13888     58366584    0    0 1953792     0 12460 18873   2   2  89   7   0 2026-09-16 17:18:41
 2  4      1400312       827480        13896     58370128   12    0 2440136   124 13449 19909   2   2  86   9   0 2026-09-16 17:18:42
 5  5      1400312       827100        13912     58371068    0    0 3187108   484 17773 20858   1   3  85  12   0 2026-09-16 17:18:43
 2  6      1400312       828008        13912     58371112    0    0 3210240     0 24684 20974   1   2  85  12   0 2026-09-16 17:18:44
 3  7      1400312       829084        13912     58371144    0    0 3288064     0 14977 21161   1   2  85  11   0 2026-09-16 17:18:45
 2  7      1400312       831924        13912     58371944    8    0 3243792     0 14911 21514   1   2  87  10   0 2026-09-16 17:18:46
 3  7      1400312       822492        13920     58372052    0    0 3306568   116 14892 21457   1   2  86  10   0 2026-09-16 17:18:47
 3  3      1400312       822604        13920     58372080    4    0 3228792     0 13938 21739   1   2  88   9   0 2026-09-16 17:18:48
 2  5      1400312       820528        13920     58372240    8    0 3205128   464 14543 21781   1   2  85  11   0 2026-09-16 17:18:49
 2  4      1400056       833728        13920     58372268   76    0 3141196     0 14213 22830   2   2  86  10   0 2026-09-16 17:18:50
 3  4      1400056       833584        13920     58372300    0    0 3188736     0 14278 21514   1   2  88   9   0 2026-09-16 17:18:51
 1  5      1400056       836708        13928     58372332    8    0 3001864   124 13818 21173   1   2  89   7   0 2026-09-16 17:18:52
procs -----------------------memory---------------------- ---swap-- -----io---- -system-- --------cpu-------- -----timestamp-----
 r  b         swpd         free         buff        cache   si   so    bi    bo   in   cs  us  sy  id  wa  st                 KST
 0  8      1400056       837240        13928     58372360    0    0 3201024     0 13990 21200   1   2  87  10   0 2026-09-16 17:18:53
 1  0      1400056       830032        13928     58372396    0    0 3263488   464 15207 21640   1   2  84  12   0 2026-09-16 17:18:54
 1  3      1400056       830416        13928     58372428    8    0 3328008     0 14739 21206   1   2  85  12   0 2026-09-16 17:18:55
 1  4      1400056       827220        13928     58372452    0    0 3322880     0 14831 21177   1   2  86  11   0 2026-09-16 17:18:56
 1  5      1400056       825336        13936     58372496    0    0 3312640   112 14730 21177   1   2  85  11   0 2026-09-16 17:18:57
 3  4      1400056       828800        13936     58372528    0    0 3098120     0 14492 20894   1   2  86  11   0 2026-09-16 17:18:58
 0  6      1400056       825436        13936     58372556    0    0 3107328   444 14355 21602   1   2  88   9   0 2026-09-16 17:18:59
 2  5      1400056       834588        13936     58372660    0    0 3153984     0 14069 21454   1   2  87  10   0 2026-09-16 17:19:00
 4  7      1400056       825632        13936     58372696    0    0 3180544     0 13950 21418   1   2  87  10   0 2026-09-16 17:19:01
 2  1      1400056       825492        13944     58372712    0    0 3181056   108 14000 21526   1   2  87  10   0 2026-09-16 17:19:02
 0  3      1400056       833360        13944     58372760    0    0 3324416     0 13945 21623   1   2  87  10   0 2026-09-16 17:19:03
 2  5      1400056       827428        13944     58372796    0    0 3085312   448 14005 21344   2   2  86  10   0 2026-09-16 17:19:04
 1  5      1399800       823732        13944     58372816  228    0 2955492     0 14215 20568   1   2  85  11   0 2026-09-16 17:19:05
 2  5      1399800       834160        13944     58372856    0    0 3090432     0 14683 21337   1   2  85  11   0 2026-09-16 17:19:06
 1  9      1399800       836036        13952     58372892   16    0 3163152   132 14716 20919   2   2  85  11   0 2026-09-16 17:19:07
 2  1      1399800       831820        13952     58372920    8    0 3215880     0 14776 21295   1   2  84  12   0 2026-09-16 17:19:08
 1  4      1399800       829984        13952     58372944    0    0 3125760   420 14912 20991   2   2  85  12   0 2026-09-16 17:19:09
 1  4      1399800       831572        13952     58373012   12    0 3266600     0 14544 21541   1   2  87  10   0 2026-09-16 17:19:10
 0  6      1399800       837976        13952     58373096    0    0 3010616     0 13780 21226   1   2  87  10   0 2026-09-16 17:19:11
 1  6      1399800       835240        13960     58373128    0    0 2985984   112 13760 21033   1   2  87  10   0 2026-09-16 17:19:12
 1  1      1399800       840596        13960     58373156    8    0 3066376     0 13833 21331   1   2  88   8   0 2026-09-16 17:19:13
procs -----------------------memory---------------------- ---swap-- -----io---- -system-- --------cpu-------- -----timestamp-----
 r  b         swpd         free         buff        cache   si   so    bi    bo   in   cs  us  sy  id  wa  st                 KST
 1  3      1399800       841476        13960     58373184    0    0 3219968   436 14519 21735   1   2  87   9   0 2026-09-16 17:19:14
 2  4      1399800       840824        13960     58373228    8    0 2988552     0 13850 21129   1   2  87  10   0 2026-09-16 17:19:15
 0  6      1399800       838188        13960     58373256    0    0 3161604     0 20121 21288   1   3  86  10   0 2026-09-16 17:19:16
 0  6      1399800       834260        13968     58373296    0    0 3249152   108 14609 21065   1   2  86  10   0 2026-09-16 17:19:17
 0  6      1399800       829556        13968     58373316    0    0 3291136     0 14593 21231   1   2  87   9   0 2026-09-16 17:19:18
 2  7      1399800       840228        13968     58373356    0    0 3271680   424 15023 21209   1   2  86  10   0 2026-09-16 17:19:19
 0  8      1399800       831284        13968     58373380    0    0 3292160     0 14919 21183   1   2  86  11   0 2026-09-16 17:19:20
 1  1      1399800       829300        13968     58373452    0    0 3189280     0 14699 21152   1   2  87  10   0 2026-09-16 17:19:21
 2  4      1399800       832436        13976     58373484    0    0 3126784   112 14171 21436   1   2  86  11   0 2026-09-16 17:19:22
 1  4      1399800       828476        13976     58373512    4    0 3013124     0 13411 21198   1   2  88   9   0 2026-09-16 17:19:23
 2  5      1399800       832972        13984     58373548   12    0 2971148   624 13950 21351   1   2  87  10   0 2026-09-16 17:19:24
 2  7      1399800       835112        13984     58373572    4    0 2973700     0 13668 21171   1   2  88   8   0 2026-09-16 17:19:25
 1  3      1399800       839972        13984     58373604   12    0 3258380     0 14342 22117   1   2  87  10   0 2026-09-16 17:19:26
 1  5      1399800       827004        13984     58373640    0    0 3047424     0 13645 21212   2   2  86  10   0 2026-09-16 17:19:27
 1  5      1399800       832176        13984     58373668    0    0 3072000     0 14200 20747   1   2  86  11   0 2026-09-16 17:19:28
 0  6      1399800       838320        13992     58373680    0    0 3112960    92 14206 20728   1   2  86  10   0 2026-09-16 17:19:29
 3  6      1399800       832932        13992     58373728    4    0 3225604   428 14742 21074   1   2  85  11   0 2026-09-16 17:19:30
 0  8      1399800       837064        13992     58373760    0    0 3218432     0 14449 21087   1   2  86  11   0 2026-09-16 17:19:31
 1  3      1399800       833176        13992     58373784    0    0 3204096     0 14510 21119   1   2  85  11   0 2026-09-16 17:19:32
 2  3      1399800       832896        13992     58373816    0    0 3366912     0 14736 21525   1   2  86  11   0 2026-09-16 17:19:33
 2  4      1399800       834556        14000     58373840    0    0 2995712   100 13700 21097   1   2  87  10   0 2026-09-16 17:19:34
procs -----------------------memory---------------------- ---swap-- -----io---- -system-- --------cpu-------- -----timestamp-----
 r  b         swpd         free         buff        cache   si   so    bi    bo   in   cs  us  sy  id  wa  st                 KST
 1  6      1399800       828428        14000     58373888    0    0 3005952   424 13830 21034   1   2  88   8   0 2026-09-16 17:19:35
 1  5      1399800       827808        14000     58373928    0    0 3336192     0 14360 21830   1   2  87   9   0 2026-09-16 17:19:36
 4  6      1399800       824088        14000     58373956    0    0 3172352     0 13878 21342   1   2  87  10   0 2026-09-16 17:19:37
 1  8      1399800       828720        14000     58373984    0    0 3135488     0 14025 21388   1   2  90   7   0 2026-09-16 17:19:38
 1  1      1399800       828044        14008     58374008    0    0 3361280   108 14446 21334   1   2  85  12   0 2026-09-16 17:19:39
 0  5      1399800       831188        14008     58374044    0    0 3210752   452 14849 21018   1   2  83  13   0 2026-09-16 17:19:40
 0  5      1399800       824212        14008     58374312    4    0 3135716     0 14667 20726   1   2  84  13   0 2026-09-16 17:19:41
 2  4      1399800       832244        14008     58374344    0    0 3204608     0 14545 20935   1   2  85  11   0 2026-09-16 17:19:42
 1  5      1399800       829940        14008     58374380    8    0 3282440     0 15010 20937   1   2  85  11   0 2026-09-16 17:19:43
 0  6      1399800       831524        14016     58374400    0    0 3145728   116 14385 20998   1   2  87   9   0 2026-09-16 17:19:44
 2  5      1399800       824068        14016     58374452    0    0 3247104   460 14405 21512   1   2  86  10   0 2026-09-16 17:19:45
 1  1      1399800       829232        14016     58374472    0    0 3072512     0 14015 21615   1   2  90   7   0 2026-09-16 17:19:46
 0  3      1399800       837116        14016     58374516    0    0 3323392     0 14416 21738   1   2  87  10   0 2026-09-16 17:19:47
 2  4      1399800       839948        14016     58374708    0    0 3038376     0 13591 21054   1   2  85  11   0 2026-09-16 17:19:48
 1  5      1399800       843200        14024     58374744    8    0 3172872   136 24048 21390   1   2  87   9   0 2026-09-16 17:19:49
 2  5      1399544       822152        14024     58376508   36    0 2874604   460 13994 20721   1   2  87  10   0 2026-09-16 17:19:50
 1  6      1399544       828568        14024     58376540    0    0 3234816     0 14893 20722   1   2  86  11   0 2026-09-16 17:19:51
 2  0      1399544       816840        14024     58376564    0    0 3240960     0 14690 21245   1   2  86  11   0 2026-09-16 17:19:52
 1  1      1399544       816936        14024     58376604    0    0 3344896     0 14759 21117   1   2  86  11   0 2026-09-16 17:19:53
 2  4      1399544       820508        14032     58376632    0    0 3171840   100 14415 20784   1   2  85  11   0 2026-09-16 17:19:54
 2  4      1399544       813328        14032     58376664    0    0 3223552   432 14639 20890   1   2  85  12   0 2026-09-16 17:19:55
procs -----------------------memory---------------------- ---swap-- -----io---- -system-- --------cpu-------- -----timestamp-----
 r  b         swpd         free         buff        cache   si   so    bi    bo   in   cs  us  sy  id  wa  st                 KST
 2  5      1399544       816940        14032     58376688    0    0 3204608     0 14115 21407   1   2  87  10   0 2026-09-16 17:19:56
 1  5      1399544       812980        14032     58376720    0    0 3199488     0 13917 21454   1   2  88   9   0 2026-09-16 17:19:57
 0  6      1399544       813368        14032     58376804    0    0 3168300     0 14072 21644   2   2  87   9   0 2026-09-16 17:19:58
 2  7      1399544       812644        14040     58376828    0    0 3182592    96 14111 21511   1   2  87  10   0 2026-09-16 17:19:59
 0  1      1399544       810236        14040     58376868    0    0 3211776   432 14163 21534   1   2  87  10   0 2026-09-16 17:20:00
 0  3      1399544       814812        14040     58376908    4    0 3298820     0 14049 21744   1   2  88   8   0 2026-09-16 17:20:01
 1  4      1399544       812924        14040     58376936    0    0 3153920     0 14721 20966   1   2  85  11   0 2026-09-16 17:20:02
 2  5      1399544       816020        14040     58376976    0    0 3204608     0 14364 21016   1   2  86  10   0 2026-09-16 17:20:03
 1  7      1399544       804880        14048     58376992    0    0 3185152   112 14356 20965   1   2  85  12   0 2026-09-16 17:20:04
 1  6      1399544       803944        14048     58377080    4    0 3057740   476 14351 20758   1   2  86  10   0 2026-09-16 17:20:05
 1  7      1399544       812840        14048     58377100    4    0 3165188     0 14863 21189   1   2  87  10   0 2026-09-16 17:20:06
 3  0      1399544       812200        14048     58377128    0    0 3224576     0 14482 21619   1   2  86  11   0 2026-09-16 17:20:07
 2  3      1399544       813292        14048     58377168    0    0 3238912     0 14400 21708   1   2  86  11   0 2026-09-16 17:20:08
 1  6      1399544       814908        14056     58377200    0    0 3176448   144 14044 21583   1   2  87   9   0 2026-09-16 17:20:09
 2  4      1399544       816008        14056     58377240    8    0 3139080   432 13969 21910   1   2  86  11   0 2026-09-16 17:20:10
 0  6      1399544       813540        14056     58377268    0    0 3011076     0 13785 21330   1   2  87  10   0 2026-09-16 17:20:11
 1  8      1399544       818172        14056     58377308    0    0 3038208     0 13889 21414   1   2  88   9   0 2026-09-16 17:20:12
 3  3      1399544       818092        14056     58377596    0    0 3143936     0 14202 21228   1   2  85  12   0 2026-09-16 17:20:13
 1  6      1399544       814860        14056     58377744    0    0 2456700     0 13511 19749   2   2  88   8   0 2026-09-16 17:20:14
 2  0      1399544       816184        14064     58377772    0    0 2794496   104 13902 20388   2   2  87  10   0 2026-09-16 17:20:15
 0  6      1399544       814756        14064     58377808    0    0 2552832   456 13818 19638   2   2  87  10   0 2026-09-16 17:20:16
procs -----------------------memory---------------------- ---swap-- -----io---- -system-- --------cpu-------- -----timestamp-----
 r  b         swpd         free         buff        cache   si   so    bi    bo   in   cs  us  sy  id  wa  st                 KST
 1  0      1399544       814032        14064     58377836    0    0 2589696     0 13528 20068   2   2  89   7   0 2026-09-16 17:20:17
 1  4      1399544       819424        14064     58377880    0    0 2851840     0 14448 20417   1   2  86  10   0 2026-09-16 17:20:18
 1  5      1399544       819736        14064     58377912    0    0 2975744     0 13997 20721   2   2  88   9   0 2026-09-16 17:20:19
 2  0      1399544       812236        14072     58377928    0    0 2743296   116 13461 20722   2   2  89   7   0 2026-09-16 17:20:20
 0  5      1399544       814604        14072     58377972    4    0 2563588   456 13518 20376   2   2  87   9   0 2026-09-16 17:20:21
 2  0      1399544       807176        14072     58378000    0    0 2578944     0 17558 20537   2   2  90   6   0 2026-09-16 17:20:22
 2  4      1399544       809728        14072     58378032    0    0 2728448     0 13950 20612   2   2  87   9   0 2026-09-16 17:20:23
 1  8      1399544       809796        14072     58378128    0    0 2422328     0 13565 20358   2   2  88   8   0 2026-09-16 17:20:24
 0  5      1399544       807408        14080     58378160    0    0 3000320   100 13824 21183   2   2  86  10   0 2026-09-16 17:20:25
 1  5      1399544       809080        14080     58378180    4    0 2925572   460 14305 21290   2   2  85  11   0 2026-09-16 17:20:26
 2  0      1399544       806688        14080     58378328    0    0 2636852     0 13517 20110   2   2  89   7   0 2026-09-16 17:20:27
 0  5      1399544       803588        14080     58378360    0    0 2914304     0 14278 20383   2   2  87   9   0 2026-09-16 17:20:28
 0  7      1399544       802772        14080     58378396    0    0 2516992     0 13740 19663   2   2  87   9   0 2026-09-16 17:20:29
 3  3      1399544       805384        14088     58378424    0    0 2965504   112 14718 20740   2   2  86  11   0 2026-09-16 17:20:30
 2  5      1399544       801060        14088     58378456    0    0 2463744   452 13813 19586   2   2  87   9   0 2026-09-16 17:20:31
 3  7      1399544       801640        14088     58378488    0    0 2866176     0 14267 20448   1   2  87  10   0 2026-09-16 17:20:32
 1  5      1399544       796216        14088     58378512    4    0 2827780     0 13734 20765   1   2  86  10   0 2026-09-16 17:20:33
 2  0      1399544       795016        14088     58378544    0    0 2301440     0 13037 19823   2   2  89   7   0 2026-09-16 17:20:34
 1  5      1399544       800648        14096     58378636    0    0 3009588   136 14139 21108   2   2  87   9   0 2026-09-16 17:20:35
 1  6      1399544       810848        14096     58378656    0    0 2558976   536 13448 20316   2   2  88   8   0 2026-09-16 17:20:36
 1  2      1399544       809936        14096     58378688    0    0 2844672     0 13864 20707   1   2  89   8   0 2026-09-16 17:20:37
procs -----------------------memory---------------------- ---swap-- -----io---- -system-- --------cpu-------- -----timestamp-----
 r  b         swpd         free         buff        cache   si   so    bi    bo   in   cs  us  sy  id  wa  st                 KST
 2  5      1399544       811524        14096     58378720    0    0 2449408     0 13134 20037   2   2  88   8   0 2026-09-16 17:20:38
 2  0      1399544       809832        14096     58378752    0    0 2850816     0 13659 20722   1   2  88   9   0 2026-09-16 17:20:39
 1  6      1399544       798648        14104     58378780    0    0 2411520   108 13794 19324   2   2  86  10   0 2026-09-16 17:20:40
 2  4      1399544       801700        14104     58378820    0    0 2566144   420 13696 19841   2   2  88   9   0 2026-09-16 17:20:41
 1  0      1399544       804060        14104     58378848    0    0 1879040     0 12697 18649   2   2  91   5   0 2026-09-16 17:20:42
 2  5      1399544       803408        14104     58378872    0    0 2384896     0 13830 19204   2   2  88   9   0 2026-09-16 17:20:43
 0  5      1399544       806280        14104     58378912   24    0 2515992     0 13793 19815   2   2  87   9   0 2026-09-16 17:20:44
 1  0      1399544       804900        14112     58378936    0    0 1955840   104 12798 18585   2   2  90   6   0 2026-09-16 17:20:45
 1  6      1399544       804188        14112     58378976    0    0 2319360   368 13945 19512   2   2  88   8   0 2026-09-16 17:20:46
 1  0      1399544       804216        14112     58379352    4    0 2823528     0 14070 20801   2   2  90   6   0 2026-09-16 17:20:47
 0  6      1399544       810064        14112     58379396   20    0 2086932     0 12859 19289   2   2  89   7   0 2026-09-16 17:20:48
 1  4      1399544       804548        14112     58379420    0    0 2635776     0 13630 20309   2   2  88   9   0 2026-09-16 17:20:49
 3  0      1399544       807124        14120     58379464    0    0 2134016    92 12972 19408   2   2  90   7   0 2026-09-16 17:20:50
 0  8      1399544       808584        14120     58379484    0    0 1726464   392 12668 18433   2   2  92   4   0 2026-09-16 17:20:51
 0  5      1399544       809908        14120     58379528    0    0 2631168     0 13889 20495   2   2  89   8   0 2026-09-16 17:20:52
 2  3      1399544       813820        14120     58379544    0    0 2384384     0 13342 19767   2   2  89   7   0 2026-09-16 17:20:53
 3  0      1399544       808656        14120     58379588    0    0 1828864     0 18131 18729   2   2  91   5   0 2026-09-16 17:20:54
 3  5      1399544       811396        14128     58379620    0    0 3099648   116 29255 20753   2   2  86  11   0 2026-09-16 17:20:55
 1  0      1399544       813380        14128     58379656    8    0 2042888     0 12828 18747   2   2  89   6   0 2026-09-16 17:20:56
 1  5      1399544       807168        14128     58379732    4    0 2235440   460 13425 18976   2   2  88   8   0 2026-09-16 17:20:57
 1  5      1399544       804724        14128     58379764    0    0 2605056     0 13862 19903   2   2  88   9   0 2026-09-16 17:20:58
procs -----------------------memory---------------------- ---swap-- -----io---- -system-- --------cpu-------- -----timestamp-----
 r  b         swpd         free         buff        cache   si   so    bi    bo   in   cs  us  sy  id  wa  st                 KST
 1  0      1399544       799736        14128     58379792    0    0 2016256     0 12830 18898   2   2  90   6   0 2026-09-16 17:20:59
 1  6      1399544       807420        14136     58379832    4    0 2259972   116 13330 19038   2   2  88   9   0 2026-09-16 17:21:00
 1  4      1399544       809040        14136     58379964    0    0 2590788     0 13867 19993   2   2  88   8   0 2026-09-16 17:21:01
 2  5      1399544       814680        14136     58380004    0    0 2461696   456 13532 20190   2   2  88   8   0 2026-09-16 17:21:02
 1  5      1399544       810008        14136     58380036    0    0 2590720     0 14116 20358   2   2  88   8   0 2026-09-16 17:21:03
 1  0      1399544       813344        14136     58380064    0    0 2096128     0 12781 19328   2   2  90   7   0 2026-09-16 17:21:04
 1  7      1399544       814416        14144     58380100    0    0 1811456   104 12111 18746   3   2  90   6   0 2026-09-16 17:21:05
 0  5      1399544       817784        14144     58380136    0    0 2469376     0 13366 20636   2   2  88   8   0 2026-09-16 17:21:06
 2  2      1399544       813816        14144     58380160    0    0 2417152   436 13217 20005   2   2  90   7   0 2026-09-16 17:21:07
 2  0      1399544       816968        14144     58380196    4    0 1872900     0 12625 18976   2   2  90   6   0 2026-09-16 17:21:08
 0  6      1399544       812748        14144     58380228    4    0 2060292     0 12774 19294   2   2  89   7   0 2026-09-16 17:21:09
 1  5      1399544       805256        14152     58380268    8    0 2619400   100 13563 20763   2   2  90   6   0 2026-09-16 17:21:10
 2  0      1399544       803368        14152     58380292    0    0 2177024     0 13397 19441   2   2  89   7   0 2026-09-16 17:21:11
 0  8      1399544       808336        14152     58380332    0    0 1805312   448 12805 18549   2   2  89   7   0 2026-09-16 17:21:12
 2  6      1399544       804692        14152     58380356    0    0 1992704     0 13142 18714   2   2  88   7   0 2026-09-16 17:21:13
 2  5      1399544       802032        14152     58380400    0    0 2034688     0 13186 19086   2   2  89   7   0 2026-09-16 17:21:14
 1  5      1399544       802340        14160     58380432    4    0 2064900   128 13018 18869   2   2  89   7   0 2026-09-16 17:21:15
 2  4      1399544       802172        14160     58380460    4    0 1947140     0 12931 18775   2   2  90   6   0 2026-09-16 17:21:16
 1  2      1399544       807084        14160     58380492    0    0 2063360   440 13071 19080   2   2  90   6   0 2026-09-16 17:21:17
 1  0      1399544       806672        14160     58380640    0    0 1805440     0 12620 18652   2   2  90   6   0 2026-09-16 17:21:18
 2  5      1399544       804228        14160     58380676    0    0 2244608     0 13234 19344   2   2  87   8   0 2026-09-16 17:21:19
procs -----------------------memory---------------------- ---swap-- -----io---- -system-- --------cpu-------- -----timestamp-----
 r  b         swpd         free         buff        cache   si   so    bi    bo   in   cs  us  sy  id  wa  st                 KST
 1  5      1399544       807596        14168     58380712    4    0 2051588   108 12840 19350   2   2  90   6   0 2026-09-16 17:21:20
 0  5      1399544       802096        14168     58380748    0    0 2051584     0 12857 19256   2   2  91   5   0 2026-09-16 17:21:21
 3  2      1399544       803188        14168     58380776    4    0 2049028   464 13137 19546   2   2  91   5   0 2026-09-16 17:21:22
 3  0      1399544       807328        14168     58380852    0    0 1888296     0 12543 19225   2   2  90   6   0 2026-09-16 17:21:23
 2  0      1399544       809432        14168     58380900    0    0 1714192     0 12362 18630   3   2  91   5   0 2026-09-16 17:21:24
 1  0      1399544       802500        14176     58380936    4    0 1714180   112 12397 18551   2   2  90   6   0 2026-09-16 17:21:25
 1  0      1399544       799364        14176     58381404   44    0 1714668     0 12482 18968   3   2  91   5   0 2026-09-16 17:21:26
 1  8      1399544       797492        14176     58381444    4    0 1803268   432 12642 18728   2   2  91   5   0 2026-09-16 17:21:27
 1  6      1399544       800848        14176     58381472    0    0 2039816     0 12944 19408   2   2  90   6   0 2026-09-16 17:21:28
 2  0      1399544       803900        14176     58381640    0    0 3013632     0 23665 20922   1   2  87   9   0 2026-09-16 17:21:29
 2  0      1399544       800084        14184     58381676    0    0 1714176   108 34715 18342   3   2  89   7   0 2026-09-16 17:21:30
 2  0      1399544       796932        14184     58381704    0    0 1714176     0 12589 18120   2   2  90   5   0 2026-09-16 17:21:31
 1  0      1399544       802564        14184     58381736    4    0 1714180   444 12514 18282   2   2  90   6   0 2026-09-16 17:21:32
 1  8      1399544       797452        14184     58381768    0    0 1878016     0 33508 18488   2   2  90   6   0 2026-09-16 17:21:33
 4  5      1399544       798304        14184     58381808    0    0 1942528     0 13361 18946   2   2  89   7   0 2026-09-16 17:21:34
 2  6      1399544       797704        14192     58381840    0    0 2030592   100 13047 18854   3   2  89   7   0 2026-09-16 17:21:35
 4  5      1399544       794792        14192     58381872    0    0 2035200     0 13121 18884   2   2  89   6   0 2026-09-16 17:21:36
 3  4      1399544       803016        14192     58381924    0    0 1953300   412 12872 18719   2   2  89   8   0 2026-09-16 17:21:37
 2  0      1399544       800148        14192     58381956    0    0 2159616     0 12941 19460   2   2  90   6   0 2026-09-16 17:21:38
 3  7      1399544       798984        14200     58381976    0    0 1766400   116 12468 18555   3   2  90   6   0 2026-09-16 17:21:39
 2  6      1399544       800800        14200     58382016    0    0 2037760     0 13209 19055   2   2  88   7   0 2026-09-16 17:21:40
procs -----------------------memory---------------------- ---swap-- -----io---- -system-- --------cpu-------- -----timestamp-----
 r  b         swpd         free         buff        cache   si   so    bi    bo   in   cs  us  sy  id  wa  st                 KST
 1  5      1399544       798892        14200     58382048    0    0 2022400     0 12796 18964   2   2  89   7   0 2026-09-16 17:21:41
 1  5      1399544       799028        14200     58382076    0    0 2014720     0 12861 19208   2   2  89   7   0 2026-09-16 17:21:42
 0  5      1399544       800648        14200     58382108    0    0 2035200   412 13061 19337   3   2  89   7   0 2026-09-16 17:21:43
 0  4      1399544       799304        14208     58382132    0    0 1974272    96 12361 19056   2   2  90   6   0 2026-09-16 17:21:44
 2  0      1399544       803684        14208     58382168    0    0 1862656     0 12473 18898   3   2  90   6   0 2026-09-16 17:21:45
 1  0      1399544       799188        14208     58382208   12    0 1714188     0 11914 18962   2   2  90   5   0 2026-09-16 17:21:46
 0  5      1399544       795264        14208     58382288    0    0 2211896     0 12890 19178   2   2  87   9   0 2026-09-16 17:21:47
 1  5      1399544       802684        14208     58382324    0    0 1643520   452 12488 18113   3   2  90   6   0 2026-09-16 17:21:48
 1  8      1399544       794172        14216     58382392    0    0 1538096   108 12134 17943   3   2  91   4   0 2026-09-16 17:21:49
 0  8      1399544       794992        14216     58382436    0    0 1532928     0 12043 18081   3   2  91   4   0 2026-09-16 17:21:50
 2  0      1399544       793288        14216     58382452    0    0 1644544     0 12574 18059   2   2  91   5   0 2026-09-16 17:21:51
 3  0      1399544       799864        14216     58382492    0    0 1714252     0 12361 18096   2   2  90   6   0 2026-09-16 17:21:52
 1  0      1399544       800060        14216     58382616    0    0 1714176   480 12615 18351   3   2  89   7   0 2026-09-16 17:21:53
 3  0      1399544       802212        14224     58382644    0    0 1714176   120 12402 18302   2   2  90   6   0 2026-09-16 17:21:54
 2  0      1399544       801256        14224     58382680    0    0 1714176     0 12548 18181   2   2  88   7   0 2026-09-16 17:21:55
 1  0      1399544       797828        14224     58382700    0    0 1714176     0 12432 18165   2   2  90   6   0 2026-09-16 17:21:56
 7  3      1399544       796676        14224     58382776    0    0 1623064     0 12433 17917   3   2  91   5   0 2026-09-16 17:21:57
 7  0      1399544       798036        14224     58382804    0    0 1805312   472 12571 18702   2   2  91   5   0 2026-09-16 17:21:58
 7  2      1399544       797896        14228     58382832    0    0 1714176   112 12204 18514   3   2  91   5   0 2026-09-16 17:21:59
 7  0      1399544       792920        14232     58382860    0    0 1714176     4 12147 18553   2   2  91   5   0 2026-09-16 17:22:00
 2  0      1399544       794784        14232     58382900    0    0 1714176     0 12326 18394   2   2  91   5   0 2026-09-16 17:22:01
procs -----------------------memory---------------------- ---swap-- -----io---- -system-- --------cpu-------- -----timestamp-----
 r  b         swpd         free         buff        cache   si   so    bi    bo   in   cs  us  sy  id  wa  st                 KST
 1  0      1399544       794124        14232     58383028    0    0 1714284     0 12159 18506   2   2  91   5   0 2026-09-16 17:22:02
 3  0      1399544       798768        14232     58383072    0    0 1714176   452 12606 18609   2   2  91   5   0 2026-09-16 17:22:03
 0  3      1399544       797332        14240     58383100   16    0 1591312   128 12376 18395   3   2  90   5   0 2026-09-16 17:22:04
 2  3      1399544       801756        14240     58383140    0    0 1526784     0 11736 18301   3   2  90   6   0 2026-09-16 17:22:05
 1  4      1399544       801804        14240     58383168    0    0 1432064     0 12132 18538   3   2  90   5   0 2026-09-16 17:22:06
 2  4      1399544       799120        14240     58383576    4    0 1450360     0 11874 18126   3   2  92   4   0 2026-09-16 17:22:07
 2  6      1399544       798492        14240     58383600    0    0 1466880   460 12041 18217   3   2  92   4   0 2026-09-16 17:22:08
 2  0      1399544       792524        14248     58383628    0    0 2818048    96 14287 20445   2   2  87   9   0 2026-09-16 17:22:09
 1  0      1399544       792312        14248     58383672    4    0 1714180     0 12612 18570   3   2  90   6   0 2026-09-16 17:22:10
 2  3      1399288       792692        14248     58384020  176    0 1617384     0 12243 17951   3   2  90   5   0 2026-09-16 17:22:11
 2  5      1399288       789500        14248     58384048   48    0 1424432     0 11857 17855   3   2  90   5   0 2026-09-16 17:22:12
 1  4      1399288       790560        14248     58384080   36    0 1409572   416 11988 17968   3   2  90   5   0 2026-09-16 17:22:13
 0  6      1399288       786860        14256     58384164    0    0 1397320   112 12649 17831   3   2  91   5   0 2026-09-16 17:22:14
 0  6      1399288       786172        14256     58384212    0    0 1429504     0 12164 17735   3   2  91   5   0 2026-09-16 17:22:15
 0  7      1399288       787068        14256     58384244   28    0 1494044     0 12052 17945   3   2  90   5   0 2026-09-16 17:22:16
 3  0      1399288       788236        14256     58384276    0    0 1513472     0 12350 18146   3   2  91   5   0 2026-09-16 17:22:17
 1  0      1399288       789316        14256     58384288    0    0 1714176   448 13208 18415   2   2  89   7   0 2026-09-16 17:22:18
 2  4      1399288       804012        14264     58384340    0    0 2956288    96 14403 20754   2   2  86  10   0 2026-09-16 17:22:19
 1  4      1399288       805120        14264     58384384    0    0 1448448     0 12448 18107   2   2  91   5   0 2026-09-16 17:22:20
 1  5      1399288       807232        14264     58384408   28    0 1443356     0 34073 18102   3   2  91   5   0 2026-09-16 17:22:21
 0  6      1399288       799824        14264     58384436    0    0 1432576     0 24350 18114   3   2  91   4   0 2026-09-16 17:22:22
procs -----------------------memory---------------------- ---swap-- -----io---- -system-- --------cpu-------- -----timestamp-----
 r  b         swpd         free         buff        cache   si   so    bi    bo   in   cs  us  sy  id  wa  st                 KST
 1  7      1399288       798180        14264     58384464    0    0 1445888     0 12133 18142   3   2  92   4   0 2026-09-16 17:22:23
 1  0      1399288       791948        14280     58384528   16    0 1558568   588 12126 18507   3   2  91   5   0 2026-09-16 17:22:24
 3  0      1399288       797804        14280     58384552    0    0 1714176     0 12331 18539   3   2  91   5   0 2026-09-16 17:22:25
 1  0      1399288       794904        14280     58384592   12    0 1714188     0 12433 18803   3   2  90   5   0 2026-09-16 17:22:26
 2  0      1399288       794244        14280     58384720    0    0 1714280     0 12216 18751   2   2  91   5   0 2026-09-16 17:22:27
 1  0      1399288       792044        14280     58385036    8    0 1714468     0 12690 18756   3   2  91   5   0 2026-09-16 17:22:28
 3  0      1399288       794160        14288     58385052    0    0 1714176   584 12225 18653   2   2  91   5   0 2026-09-16 17:22:29
 1  8      1399288       789952        14288     58385076    0    0 1880064     0 12403 18672   2   2  90   6   0 2026-09-16 17:22:30
 1  5      1399288       796136        14288     58385128    0    0 2989056     0 14567 20821   2   2  88   8   0 2026-09-16 17:22:31
 3  4      1399288       797980        14288     58385160    0    0 3128320     0 14239 20742   1   2  86  11   0 2026-09-16 17:22:32
 1  6      1399288       791788        14288     58385188    0    0 3118080     0 14385 20908   1   2  87   9   0 2026-09-16 17:22:33
 1  6      1399288       792112        14296     58385220    0    0 3208192   496 14571 21253   1   2  86  10   0 2026-09-16 17:22:34
 1  5      1399288       798752        14296     58385252    0    0 3228672     0 14770 21073   1   2  87   9   0 2026-09-16 17:22:35
 3  5      1399288       802932        14296     58385284    0    0 3371008     0 14970 22072   1   2  87  10   0 2026-09-16 17:22:36
 0  8      1399288       801568        14296     58385316    0    0 3203072     0 14207 21456   1   2  88   9   0 2026-09-16 17:22:37
 0  1      1399288       794116        14296     58385348    0    0 3230208     0 13922 21636   1   2  89   8   0 2026-09-16 17:22:38
 1  3      1399288       800076        14304     58385376    0    0 3165696   512 13905 21361   1   2  88   8   0 2026-09-16 17:22:39
 0  5      1399288       802964        14304     58385412    0    0 3174912     0 13991 21465   1   2  89   8   0 2026-09-16 17:22:40
 3  4      1399288       802048        14304     58385444    8    0 3137544     0 14148 21318   1   2  88   9   0 2026-09-16 17:22:41
 2  6      1399288       801404        14304     58385476    0    0 3130880     0 14420 20746   1   2  85  11   0 2026-09-16 17:22:42
 1  5      1399288       807336        14304     58385516    0    0 3275776     0 14664 20976   1   2  85  12   0 2026-09-16 17:22:43
procs -----------------------memory---------------------- ---swap-- -----io---- -system-- --------cpu-------- -----timestamp-----
 r  b         swpd         free         buff        cache   si   so    bi    bo   in   cs  us  sy  id  wa  st                 KST
 1  7      1399288       811464        14312     58385532    4    0 3299332   508 14708 21093   1   2  88   9   0 2026-09-16 17:22:44
 0  8      1399288       808740        14312     58385560    0    0 3244032     0 14789 21434   1   2  86  10   0 2026-09-16 17:22:45
 1  1      1399288       801856        14312     58385604    0    0 3285504     0 15347 21288   1   2  85  12   0 2026-09-16 17:22:46
 2  3      1399288       797440        14312     58385632    0    0 3209728     0 14494 21013   1   2  88   9   0 2026-09-16 17:22:47
 1  4      1399288       799500        14312     58385668    0    0 2988544     0 13593 21108   1   2  86  10   0 2026-09-16 17:22:48
 1  5      1399288       800844        14320     58385712    0    0 3165696   564 14192 21522   2   2  87  10   0 2026-09-16 17:22:49
 0  6      1399288       796856        14320     58385740    0    0 3350528     0 14526 21752   1   2  85  11   0 2026-09-16 17:22:50
 1  6      1399288       799060        14320     58385780    0    0 3140608     0 14230 21349   1   2  88   9   0 2026-09-16 17:22:51
 1  7      1399288       792368        14320     58385808    0    0 3346432     0 14533 21839   1   2  87  10   0 2026-09-16 17:22:52
 1  1      1399288       798296        14320     58385832    0    0 3121664     0 14259 21151   1   2  86  10   0 2026-09-16 17:22:53
 1  5      1399288       787536        14328     58385868    0    0 3161600   588 14851 20810   1   2  87  10   0 2026-09-16 17:22:54
 1  5      1399288       791232        14328     58385896    0    0 3057152     0 14619 20548   1   2  85  11   0 2026-09-16 17:22:55
 0  6      1399288       787864        14328     58385932    0    0 3234304     0 15202 20895   1   2  85  11   0 2026-09-16 17:22:56
 2  5      1399288       785388        14328     58385956    0    0 3142656     0 14847 20711   2   2  84  12   0 2026-09-16 17:22:57
 2  5      1399288       784716        14328     58386000    0    0 3311616     0 14948 21462   1   2  86  10   0 2026-09-16 17:22:58
 3  8      1399288       788796        14336     58386112    0    0 3165260   604 14064 21357   1   2  87  10   0 2026-09-16 17:22:59
 0  2      1399288       794132        14336     58386132    0    0 3146752     0 13965 21223   1   2  90   7   0 2026-09-16 17:23:00
 1  5      1399288       795264        14336     58386168    0    0 3140608     0 14217 21359   1   2  86  10   0 2026-09-16 17:23:01
 0  5      1399288       797092        14336     58386196    0    0 3328000     0 14373 21858   1   2  87  10   0 2026-09-16 17:23:02
 0  5      1399288       800440        14336     58386232    0    0 3010048     0 13689 21136   1   2  89   8   0 2026-09-16 17:23:03
 2  5      1399288       794304        14344     58386244    0    0 3309056   612 14524 21571   1   2  87  10   0 2026-09-16 17:23:04
procs -----------------------memory---------------------- ---swap-- -----io---- -system-- --------cpu-------- -----timestamp-----
 r  b         swpd         free         buff        cache   si   so    bi    bo   in   cs  us  sy  id  wa  st                 KST
 2  5      1399288       798692        14344     58386288    8    0 3136616     0 14750 21216   1   2  85  11   0 2026-09-16 17:23:05
 2  6      1399288       793724        14344     58386428    0    0 3267584     0 14864 21195   1   2  86  10   0 2026-09-16 17:23:06
 4  4      1399288       796412        14344     58386448    0    0 3218360     0 14914 21357   1   2  86  11   0 2026-09-16 17:23:07
 0  1      1399288       799296        14344     58386492    0    0 3313284     0 14822 21297   1   2  85  11   0 2026-09-16 17:23:08
 2  4      1399288       791112        14352     58386592    0    0 3138048    84 14367 20901   1   2  86  10   0 2026-09-16 17:23:09
 0  5      1399288       795820        14352     58386628    0    0 3279872   440 14319 21994   2   2  86  10   0 2026-09-16 17:23:10
 1  4      1399288       795484        14352     58386660    0    0 3329536     0 14341 21809   1   2  87  10   0 2026-09-16 17:23:11
 0  5      1399288       795916        14352     58386696    0    0 3168256     0 14072 21524   2   2  86  10   0 2026-09-16 17:23:12
 2  5      1399288       794540        14352     58386716    0    0 2980352     0 13589 21386   1   2  87   9   0 2026-09-16 17:23:13
 1  7      1399288       795904        14360     58386748    0    0 3162112   104 13943 21667   1   2  87  10   0 2026-09-16 17:23:14
 1  0      1399288       795216        14360     58386788    0    0 3251712   456 14141 21825   1   2  85  11   0 2026-09-16 17:23:15
 2  3      1399288       798124        14360     58386808    0    0 3292672     0 14700 21184   1   2  84  12   0 2026-09-16 17:23:16
 2  5      1399288       798456        14360     58386852    0    0 3143680     0 14347 20751   1   2  86  11   0 2026-09-16 17:23:17
 0  5      1399288       801916        14360     58386880    0    0 3228160     0 14931 21210   2   2  86  11   0 2026-09-16 17:23:18
 2  5      1399288       801480        14368     58386904    0    0 3188224    92 21792 20940   1   2  86  10   0 2026-09-16 17:23:19
 1  6      1399288       800012        14368     58386952    0    0 3254292   400 14671 21265   1   2  85  11   0 2026-09-16 17:23:20
 2  5      1399288       798624        14368     58387000    0    0 3209216     0 14198 21398   1   2  87   9   0 2026-09-16 17:23:21
 1  8      1399288       797748        14368     58387016    0    0 3036160     0 14113 21307   1   2  88   9   0 2026-09-16 17:23:22
 1  3      1399288       798080        14368     58387068    0    0 3254272     0 14367 21668   1   2  86  10   0 2026-09-16 17:23:23
 1  6      1399288       791608        14376     58387088    0    0 3020288   108 13722 21229   1   2  86  11   0 2026-09-16 17:23:24
 1  4      1399288       802324        14376     58387120    0    0 3153920   492 14242 21709   1   2  86  10   0 2026-09-16 17:23:25
procs -----------------------memory---------------------- ---swap-- -----io---- -system-- --------cpu-------- -----timestamp-----
 r  b         swpd         free         buff        cache   si   so    bi    bo   in   cs  us  sy  id  wa  st                 KST
 2  5      1399288       801160        14376     58387236    0    0 3147348     0 14127 21685   1   2  86  11   0 2026-09-16 17:23:26
 2  6      1399288       798372        14376     58387276    4    0 3190788     0 14438 21039   1   2  86  11   0 2026-09-16 17:23:27
 3  8      1399288       801468        14376     58387308    0    0 3235840     0 14644 21209   1   2  84  12   0 2026-09-16 17:23:28
 0  1      1399288       799312        14376     58387336    0    0 3264000     0 14736 21498   1   2  85  12   0 2026-09-16 17:23:29
 1  4      1399288       792088        14384     58387364    0    0 3236352   544 14800 21043   1   2  85  12   0 2026-09-16 17:23:30
 1  5      1399288       796156        14384     58387388    0    0 3131392     0 14379 20723   1   2  86  11   0 2026-09-16 17:23:31
 2  4      1399288       790980        14384     58387432    0    0 3184128     0 14855 21327   1   2  85  12   0 2026-09-16 17:23:32
 1  5      1399288       794544        14384     58387448    0    0 2992640     0 13645 21138   1   2  87   9   0 2026-09-16 17:23:33
 1  8      1399288       793928        14384     58387500    0    0 3030016     0 13746 21274   1   2  88   9   0 2026-09-16 17:23:34
 2  1      1399288       797336        14392     58387520    0    0 3209728   504 14107 21522   1   2  87  10   0 2026-09-16 17:23:35
 2  4      1399288       798212        14392     58387560    8    0 3152392     0 14188 21623   1   2  87   9   0 2026-09-16 17:23:36
 1  5      1399288       803784        14392     58387596    0    0 3199488     0 23489 21661   1   2  88   8   0 2026-09-16 17:23:37
 3  5      1399288       799804        14392     58387628    0    0 3139072     0 14034 21085   1   2  87  10   0 2026-09-16 17:23:38
 0  6      1399288       798120        14392     58387644    4    0 3196932     0 14611 21118   1   2  86  11   0 2026-09-16 17:23:39
 2  7      1399288       800980        14400     58387676    0    0 3159040   584 14650 21003   1   2  87  10   0 2026-09-16 17:23:40
 1  7      1399288       794532        14400     58387728    0    0 3265536     0 14730 21034   1   2  85  12   0 2026-09-16 17:23:41
 0  8      1399288       796896        14400     58387752    0    0 3325952     0 14636 21360   1   2  87  10   0 2026-09-16 17:23:42
 1  1      1399288       798732        14400     58387780    0    0 3292672     0 14821 21257   1   2  85  11   0 2026-09-16 17:23:43
 3  3      1399288       795304        14400     58387816    0    0 3222016     0 14139 21597   1   2  87   9   0 2026-09-16 17:23:44
 1  5      1399288       797680        14408     58387852    0    0 3012096   516 13854 21456   1   2  88   8   0 2026-09-16 17:23:45
 1  5      1399288       800056        14408     58387880    0    0 3042816     0 13924 21445   1   2  87   9   0 2026-09-16 17:23:46
procs -----------------------memory---------------------- ---swap-- -----io---- -system-- --------cpu-------- -----timestamp-----
 r  b         swpd         free         buff        cache   si   so    bi    bo   in   cs  us  sy  id  wa  st                 KST
 0  6      1399288       797120        14408     58387916    0    0 3192832     0 14081 21438   1   2  87   9   0 2026-09-16 17:23:47
 1  8      1399288       802288        14408     58387936    0    0 3189760     0 14370 21516   1   2  86  10   0 2026-09-16 17:23:48
 1  1      1399288       796432        14408     58388036    0    0 3206708     0 14285 21461   1   2  87  10   0 2026-09-16 17:23:49
 1  5      1399288       798560        14416     58388048    0    0 3205632   116 14549 20936   1   2  86  11   0 2026-09-16 17:23:50
 1  5      1399288       796400        14416     58388084    0    0 3249152   488 14663 20998   1   2  86  10   0 2026-09-16 17:23:51
 2  4      1399288       809780        14416     58388340    4    0 3290324     0 14745 20986   1   2  85  11   0 2026-09-16 17:23:52
 0  5      1399288       811416        14416     58388360    0    0 3254784     0 14725 20756   1   2  85  12   0 2026-09-16 17:23:53
 2  5      1399288       804188        14416     58388396    0    0 3203584     0 14736 20903   1   2  86  11   0 2026-09-16 17:23:54
 2  5      1399288       814320        14424     58388432    0    0 3070976   108 13977 21124   1   2  86  11   0 2026-09-16 17:23:55
 1  1      1399288       801580        14424     58388476    0    0 3044864   424 13980 21195   1   2  87   9   0 2026-09-16 17:23:56
 2  4      1399288       798448        14424     58388508    0    0 3226112     0 13793 21431   1   2  89   8   0 2026-09-16 17:23:57
 0  5      1399288       798344        14424     58388544    0    0 2998784     0 13613 21113   1   2  88   8   0 2026-09-16 17:23:58
 1  6      1399288       801200        14424     58388568    0    0 2998784     0 13595 20981   1   2  88   8   0 2026-09-16 17:23:59
 0  8      1399288       802516        14432     58388640    4    0 3029040   116 13627 20895   1   2  88   9   0 2026-09-16 17:24:00
 2  0      1399288       796344        14432     58388676    0    0 3169792   432 14519 21123   1   2  86  11   0 2026-09-16 17:24:01
 1  5      1399288       795952        14432     58388708    0    0 3217920     0 14601 20905   1   2  85  12   0 2026-09-16 17:24:02
 1  5      1399288       799836        14432     58388732    0    0 3173376     0 14609 20749   1   2  85  11   0 2026-09-16 17:24:03
 0  4      1399288       796656        14432     58388764    0    0 3243520     0 14804 20941   1   2  86  10   0 2026-09-16 17:24:04
 0  6      1399032       802036        14440     58388804    4    0 3116548   100 14833 20818   1   2  85  11   0 2026-09-16 17:24:05
 1  6      1399032       800152        14440     58388824    0    0 3350528   452 14958 21478   1   2  86  11   0 2026-09-16 17:24:06
 2  6      1399032       800316        14440     58388864    0    0 3180544     0 13902 21470   1   2  87   9   0 2026-09-16 17:24:07
procs -----------------------memory---------------------- ---swap-- -----io---- -system-- --------cpu-------- -----timestamp-----
 r  b         swpd         free         buff        cache   si   so    bi    bo   in   cs  us  sy  id  wa  st                 KST
 0  8      1399032       802204        14440     58388896    8    0 3183624     0 13972 21436   1   2  87  10   0 2026-09-16 17:24:08
 2  1      1399032       790796        14440     58389128    4    0 3224284     0 14197 21306   1   2  86  11   0 2026-09-16 17:24:09
 2  1      1399032       793672        14448     58389172    0    0 3372544   104 14523 21789   1   2  85  11   0 2026-09-16 17:24:10
 2  4      1399032       793712        14448     58389192    0    0 3140608   440 14347 21264   1   2  86  10   0 2026-09-16 17:24:11
 1  5      1399032       799896        14448     58389236    0    0 3046912     0 13922 20940   1   2  90   7   0 2026-09-16 17:24:12
 2  5      1399032       796656        14448     58389264    0    0 3271168     0 14678 20972   1   2  87  10   0 2026-09-16 17:24:13
 2  5      1399032       791432        14448     58389296    0    0 3283968     0 14751 20992   1   2  85  11   0 2026-09-16 17:24:14
 3  5      1399032       787988        14456     58389332    0    0 3317760    88 14924 21341   1   2  85  12   0 2026-09-16 17:24:15
 1  5      1399032       784812        14456     58389368    0    0 3315712   424 14507 21252   1   2  86  11   0 2026-09-16 17:24:16
 1  8      1399032       787928        14456     58389468    0    0 3174480     0 14553 21272   2   2  84  12   0 2026-09-16 17:24:17
 2  2      1399032       793348        14456     58389508    0    0 3134464     0 13990 21414   1   2  86  10   0 2026-09-16 17:24:18
 3  3      1399032       800764        14456     58389536   12    0 3251212     0 14044 21642   1   2  87  10   0 2026-09-16 17:24:19
 2  4      1399032       797096        14464     58389576    0    0 3008000   108 13759 21248   1   2  88   9   0 2026-09-16 17:24:20
 1  4      1399032       796760        14464     58389608    0    0 3306496   452 14465 21811   1   2  87   9   0 2026-09-16 17:24:21
 1  5      1399032       799588        14464     58389636    0    0 3317248     0 13991 21947   1   2  87  10   0 2026-09-16 17:24:22
 1  5      1399032       796400        14464     58389676    0    0 3260416     0 14287 21396   1   2  86  10   0 2026-09-16 17:24:23
 1  7      1399032       797736        14480     58389692    0    0 3065856   264 14344 20679   1   2  87  10   0 2026-09-16 17:24:24
 2  0      1399032       798840        14488     58389740   16    0 3203088    40 14674 21563   1   2  87  10   0 2026-09-16 17:24:25
 1  3      1399032       788792        14488     58389764    0    0 3263488   428 14789 21238   1   2  85  11   0 2026-09-16 17:24:26
 2  4      1399032       794032        14488     58389796    0    0 3161088     0 14542 20918   1   2  85  12   0 2026-09-16 17:24:27
 4  4      1399032       789584        14488     58389820   16    0 3278864     0 14727 21168   1   2  86  11   0 2026-09-16 17:24:28
procs -----------------------memory---------------------- ---swap-- -----io---- -system-- --------cpu-------- -----timestamp-----
 r  b         swpd         free         buff        cache   si   so    bi    bo   in   cs  us  sy  id  wa  st                 KST
 2  4      1399032       799232        14488     58389860    0    0 3356160     0 14185 21989   1   2  86  11   0 2026-09-16 17:24:29
 0  5      1399032       787540        14496     58389888    0    0 3335168    88 14331 21800   1   2  87   9   0 2026-09-16 17:24:30
 3  5      1399032       792280        14496     58389916    0    0 3158528   436 13995 21547   1   2  87  10   0 2026-09-16 17:24:31
 2  6      1399032       791588        14496     58389940    0    0 3180544     0 13962 21544   2   2  85  11   0 2026-09-16 17:24:32
 2  8      1399032       787456        14496     58390048    0    0 3030028     0 13415 21170   1   2  88   9   0 2026-09-16 17:24:33
 1  1      1399032       795820        14496     58390072    0    0 3335680     0 14516 21712   1   2  86  11   0 2026-09-16 17:24:34
 1  4      1399032       791176        14504     58390108    0    0 3296768    88 15173 21162   1   2  84  12   0 2026-09-16 17:24:35
 1  4      1399032       797544        14640     58390140   16    0 3256468     0 14706 20989   1   2  85  12   0 2026-09-16 17:24:36
 2  4      1399032       793836        14640     58390300    0    0 3192832   412 14618 21022   1   2  85  12   0 2026-09-16 17:24:37
 1  4      1399032       795452        14640     58390320    0    0 3254784     0 14837 21199   1   2  85  11   0 2026-09-16 17:24:38
 1  6      1399032       795852        14640     58390364    0    0 3110400     0 14544 20730   1   2  84  12   0 2026-09-16 17:24:39
 0  6      1399032       789092        14648     58390432    0    0 3238948   100 14574 21694   1   2  87  10   0 2026-09-16 17:24:40
 0  8      1399032       789736        14648     58390468    0    0 3166208     0 13847 21481   2   2  88   9   0 2026-09-16 17:24:41
 1  2      1399032       782308        14648     58390696    0    0 3140812   416 13958 21668   1   2  87  10   0 2026-09-16 17:24:42
 1  5      1399032       788444        14648     58390740    0    0 3130368     0 13796 21422   1   2  87  10   0 2026-09-16 17:24:43
 0  5      1399032       793828        14648     58390752    0    0 3161600     0 13726 21424   1   2  86  10   0 2026-09-16 17:24:44
 3  4      1398776       795476        14656     58390888   12    0 3169384   116 14362 21778   1   2  87  10   0 2026-09-16 17:24:45
 2  5      1398776       797828        14656     58390932    4    0 3038724     0 14384 20768   1   2  85  11   0 2026-09-16 17:24:46
 1  8      1398776       797684        14656     58390952    0    0 3190784   448 14562 20950   1   2  86  10   0 2026-09-16 17:24:47
 0  1      1398776       794224        14656     58390984    0    0 3210752     0 15012 21361   1   2  85  11   0 2026-09-16 17:24:48
 1  5      1398776       795304        14656     58391020    0    0 3199488     0 14491 20737   1   2  85  11   0 2026-09-16 17:24:49
procs -----------------------memory---------------------- ---swap-- -----io---- -system-- --------cpu-------- -----timestamp-----
 r  b         swpd         free         buff        cache   si   so    bi    bo   in   cs  us  sy  id  wa  st                 KST
 2  4      1398776       782112        14664     58391064    0    0 3215360   108 14789 21023   1   2  84  12   0 2026-09-16 17:24:50
 2  4      1398776       781092        14664     58391092    0    0 3356160     0 15285 21608   1   2  85  11   0 2026-09-16 17:24:51
 0  5      1398776       782680        14664     58391128    0    0 3164216   532 14012 21480   1   2  85  11   0 2026-09-16 17:24:52
 1  6      1398776       786052        14664     58391200    0    0 3157504     0 14003 21359   2   2  85  11   0 2026-09-16 17:24:53
 1  7      1398776       783196        14664     58391232    0    0 3025920     0 13960 21042   1   2  87  10   0 2026-09-16 17:24:54
 0  1      1398776       784992        14672     58391252    0    0 3206656   116 14120 21334   1   2  87   9   0 2026-09-16 17:24:55
 0  4      1398776       788404        14672     58391276    0    0 3186176     0 14460 21341   1   2  84  12   0 2026-09-16 17:24:56
 1  5      1398776       788720        14672     58391312    0    0 3300352   468 14502 21285   1   2  86  10   0 2026-09-16 17:24:57
 2  4      1398776       792560        14672     58391352    0    0 3236864     0 14856 21106   1   2  85  12   0 2026-09-16 17:24:58
 2  4      1398776       792404        14672     58391376    0    0 3255808     0 14573 20872   1   2  86  11   0 2026-09-16 17:24:59
 0  6      1398776       796516        14680     58391392    0    0 3227136    96 14370 20796   1   2  85  11   0 2026-09-16 17:25:00
 3  6      1398776       799380        14680     58391440    0    0 3148824     0 14496 20847   1   2  86  10   0 2026-09-16 17:25:01
 2  7      1398776       789344        14680     58391548    0    0 3164160   528 14741 21264   1   2  85  12   0 2026-09-16 17:25:02
 1  1      1398776       786176        14680     58391572    0    0 3164672     0 14205 21176   1   2  86  11   0 2026-09-16 17:25:03
 1  3      1398776       796092        14680     58391596    0    0 3321344     0 14286 21570   1   2  86  10   0 2026-09-16 17:25:04
 2  4      1398776       803220        14688     58391640    4    0 3192836   108 14077 21682   1   2  86  11   0 2026-09-16 17:25:05
 1  5      1398776       789960        14688     58391672    8    0 3283976     0 14637 21809   1   2  86  11   0 2026-09-16 17:25:06
 2  4      1398776       786232        14688     58391708    0    0 3310080   420 14380 21641   1   2  86  11   0 2026-09-16 17:25:07
 0  6      1398776       785300        14688     58391772    0    0 2980384     0 14011 20897   1   2  86  10   0 2026-09-16 17:25:08
 0  5      1398776       787400        14688     58391804    0    0 2215936     0 13100 19040   2   2  88   8   0 2026-09-16 17:25:09
 1  4      1398776       785972        14696     58391824    0    0 2185216   108 12880 19299   2   2  88   8   0 2026-09-16 17:25:10
procs -----------------------memory---------------------- ---swap-- -----io---- -system-- --------cpu-------- -----timestamp-----
 r  b         swpd         free         buff        cache   si   so    bi    bo   in   cs  us  sy  id  wa  st                 KST
 1  0      1398776       786516        14696     58391856    0    0 1833984     0 12368 18471   2   2  90   6   0 2026-09-16 17:25:11
 2  0      1398776       778116        14696     58391896    0    0 1714176   424 12723 18285   2   2  90   6   0 2026-09-16 17:25:12
 1  6      1398776       775748        14696     58391928    0    0 2031616     0 13260 18501   2   2  87   9   0 2026-09-16 17:25:13
 2  5      1398776       785384        14696     58391956    0    0 2219008     0 13010 19202   2   2  88   8   0 2026-09-16 17:25:14
 0  5      1398776       784472        14704     58391980    0    0 2212864    96 12831 19051   2   2  89   7   0 2026-09-16 17:25:15
 1  8      1398776       779004        14704     58392024    0    0 2194432     0 13134 19156   2   2  87   8   0 2026-09-16 17:25:16
 1  6      1398776       783696        14704     58392060    0    0 2161664     0 12717 19158   2   2  88   8   0 2026-09-16 17:25:17
 2  4      1398776       785308        14704     58392084    0    0 2314752   464 12951 19800   2   2  88   8   0 2026-09-16 17:25:18
 1  2      1398776       783352        14704     58392120    0    0 2194944     0 12833 19368   2   2  88   8   0 2026-09-16 17:25:19
 1  0      1398776       785468        14712     58392152    0    0 1812480   108 12163 18577   2   2  90   6   0 2026-09-16 17:25:20
 2  0      1398776       779744        14712     58392180    0    0 1714176     0 12115 18657   2   2  91   5   0 2026-09-16 17:25:21
 1  5      1398776       780068        14712     58392216    0    0 2174976     0 13101 19702   2   2  89   7   0 2026-09-16 17:25:22
 2  4      1398776       783388        14716     58392244    4    0 2173448   412 12862 19620   2   2  89   7   0 2026-09-16 17:25:23
 4  4      1398776       791092        14716     58392280    0    0 2139648     0 12619 19414   2   2  90   6   0 2026-09-16 17:25:24
 1  8      1398776       783592        14724     58392308    0    0 2249728    96 12646 19828   2   2  89   7   0 2026-09-16 17:25:25
 2  5      1398776       780684        14724     58392352    0    0 2186240     0 13371 19286   2   2  88   8   0 2026-09-16 17:25:26
 1  5      1398776       781604        14724     58392368    0    0 2287616     0 13452 19568   2   2  88   8   0 2026-09-16 17:25:27
 1  0      1398776       779460        14724     58392416    0    0 2215936   404 13136 19438   2   2  90   6   0 2026-09-16 17:25:28
 1  0      1398776       770728        14724     58392436    0    0 1714176     0 12289 18402   3   2  89   7   0 2026-09-16 17:25:29
 1  8      1398776       770816        14732     58392480    0    0 1787904   112 12586 18316   2   2  89   7   0 2026-09-16 17:25:30
 1  6      1398776       773216        14732     58392504    0    0 2162688     0 13099 18997   2   2  88   8   0 2026-09-16 17:25:31
procs -----------------------memory---------------------- ---swap-- -----io---- -system-- --------cpu-------- -----timestamp-----
 r  b         swpd         free         buff        cache   si   so    bi    bo   in   cs  us  sy  id  wa  st                 KST
 1  4      1398776       775400        14732     58392540    0    0 2262528     0 13514 19274   2   2  88   8   0 2026-09-16 17:25:32
 1  3      1398776       783104        14732     58392564    0    0 2132480   460 13107 19180   2   2  89   8   0 2026-09-16 17:25:33
 1  7      1398776       776448        14732     58392600    0    0 2039808     0 12609 19281   2   2  89   7   0 2026-09-16 17:25:34
 3  4      1398776       776556        14740     58392636    0    0 2286592   100 13153 19739   2   2  88   8   0 2026-09-16 17:25:35
 0  5      1398776       787756        14740     58392672    0    0 2228252     0 12849 19554   2   2  89   7   0 2026-09-16 17:25:36
 1  1      1398776       791588        14740     58392856    0    0 2166400     0 12911 19582   2   2  89   7   0 2026-09-16 17:25:37
 3  0      1398776       782876        14740     58392864    0    0 1789440   412 12587 18783   2   2  89   7   0 2026-09-16 17:25:38
 1  0      1398776       777312        14740     58392916   12    0 1714188     0 12515 18674   3   2  91   5   0 2026-09-16 17:25:39
 1  5      1398776       780696        14748     58392936    0    0 2252800   100 13083 19682   2   2  89   7   0 2026-09-16 17:25:40
 2  4      1398776       781784        14748     58393024    0    0 2317872     0 13378 19697   2   2  89   7   0 2026-09-16 17:25:41
 2  1      1398776       783632        14748     58393064    0    0 2187776     0 12749 19529   2   2  90   6   0 2026-09-16 17:25:42
 1  0      1398776       781756        14748     58393084    0    0 1812480   404 12630 18663   2   2  90   6   0 2026-09-16 17:25:43
 2  0      1398776       777548        14748     58393124    0    0 1714176     0 12532 18188   3   2  91   5   0 2026-09-16 17:25:44
 2  0      1398776       781220        14756     58393152    0    0 1714176    88 12458 18549   2   2  89   6   0 2026-09-16 17:25:45
 1  0      1398776       783052        14756     58393188    0    0 1714176     0 12500 18561   3   2  90   5   0 2026-09-16 17:25:46
 2  0      1398776       782704        14756     58393208    0    0 1714176     0 12511 18481   2   2  89   7   0 2026-09-16 17:25:47
 1  0      1398776       783340        14756     58393252    0    0 1714176   396 12596 18440   2   2  90   5   0 2026-09-16 17:25:48
 1  0      1398776       782180        14756     58393280    0    0 1714176     0 12305 18698   3   2  89   6   0 2026-09-16 17:25:49
 2  0      1398776       778216        14764     58393312    0    0 1714176   104 12637 18433   2   2  90   6   0 2026-09-16 17:25:50
 1  0      1398776       779320        14764     58393348    0    0 1714176     0 12584 18289   2   2  90   6   0 2026-09-16 17:25:51
 2  5      1398776       778908        14764     58393392    0    0 2237440     0 13227 19333   2   2  86  10   0 2026-09-16 17:25:52
procs -----------------------memory---------------------- ---swap-- -----io---- -system-- --------cpu-------- -----timestamp-----
 r  b         swpd         free         buff        cache   si   so    bi    bo   in   cs  us  sy  id  wa  st                 KST
 1  6      1398776       783044        14764     58393424    0    0 1613824   452 11927 18306   3   2  90   6   0 2026-09-16 17:25:53
 0  6      1398776       779860        14764     58393440    0    0 1610752     0 12560 18318   3   2  91   5   0 2026-09-16 17:25:54
 1  6      1398776       777912        14772     58393488    0    0 1666048   108 12282 18303   3   2  91   4   0 2026-09-16 17:25:55
 2  7      1398776       778024        14772     58393512    0    0 1581056     0 11899 18126   2   2  91   5   0 2026-09-16 17:25:56
 1  8      1398776       775568        14772     58393552    0    0 1615872     0 11973 18108   3   2  90   6   0 2026-09-16 17:25:57
 2  0      1398776       779476        14772     58393572    0    0 1674240   424 12163 18463   3   2  91   5   0 2026-09-16 17:25:58
 1  0      1398776       783888        14772     58393612    0    0 1714176     0 12237 18444   3   2  90   6   0 2026-09-16 17:25:59
 2  0      1398776       777976        14780     58393632    0    0 1714176    88 12257 18650   3   2  89   6   0 2026-09-16 17:26:00
 4  0      1398776       777356        14780     58393672    0    0 1714176     0 12391 18448   3   2  90   5   0 2026-09-16 17:26:01
 1  0      1398776       779684        14780     58393696    0    0 1714176     0 12407 18443   3   2  89   7   0 2026-09-16 17:26:02
 1  4      1398776       780268        14780     58393736    0    0 2857984     0 13954 20468   2   2  87   9   0 2026-09-16 17:26:03
 2  4      1398776       780776        14780     58393772    0    0 1522176   376 12386 17939   3   2  90   5   0 2026-09-16 17:26:04
 2  4      1398776       776100        14788     58393792    4    0 1657860   100 12488 18393   3   2  91   5   0 2026-09-16 17:26:05
 0  6      1398776       778176        14788     58393824    0    0 1568256     0 12089 18028   3   2  91   5   0 2026-09-16 17:26:06
 1  5      1398776       774776        14788     58393864    0    0 1601536     0 11983 18044   2   2  91   5   0 2026-09-16 17:26:07
 0  6      1398776       771092        14788     58393896    0    0 1604608     0 12238 18116   3   2  91   5   0 2026-09-16 17:26:08
 2  5      1398776       772464        14788     58393924    0    0 1590272   396 12257 18024   3   2  91   4   0 2026-09-16 17:26:09
 3  6      1398776       774352        14796     58393960    0    0 1617920   100 12909 18244   3   2  89   6   0 2026-09-16 17:26:10
 0  7      1398776       775172        14796     58393984    0    0 1583140     0 12255 18006   2   2  90   6   0 2026-09-16 17:26:11
 1  8      1398776       771172        14796     58394052    0    0 1648640     0 12130 18106   3   2  91   5   0 2026-09-16 17:26:12
 1  1      1398776       783644        14796     58394096    0    0 3239424     0 14577 21287   1   2  87  10   0 2026-09-16 17:26:13
procs -----------------------memory---------------------- ---swap-- -----io---- -system-- --------cpu-------- -----timestamp-----
 r  b         swpd         free         buff        cache   si   so    bi    bo   in   cs  us  sy  id  wa  st                 KST
 0  3      1398776       784524        14796     58394120    0    0 1644032   452 12288 18430   3   1  91   5   0 2026-09-16 17:26:14
 1  4      1398776       781108        14804     58394164    0    0 1605632   108 11911 18235   3   2  90   6   0 2026-09-16 17:26:15
 2  4      1398776       782728        14804     58394192    0    0 1617920     0 11834 18204   2   2  90   6   0 2026-09-16 17:26:16
 1  4      1398776       785436        14804     58394240    0    0 1612812     0 12016 18289   3   2  92   4   0 2026-09-16 17:26:17
 2  4      1398776       786260        14804     58394268    0    0 1614848     0 11960 18274   3   2  91   5   0 2026-09-16 17:26:18
 3  4      1398776       781288        14804     58394308    0    0 1635840   452 11836 18229   3   2  91   4   0 2026-09-16 17:26:19
 4  5      1398776       785396        14812     58394332    0    0 1577984   116 11792 18225   2   2  91   5   0 2026-09-16 17:26:20
 2  4      1398776       784472        14812     58394364    4    0 1635332     0 11894 18336   3   2  90   5   0 2026-09-16 17:26:21
 1  6      1398776       783548        14812     58394404    0    0 1613312     0 12212 18431   3   2  90   5   0 2026-09-16 17:26:22
 2  5      1398776       785656        14812     58394428    0    0 1590272     0 11832 18306   3   2  91   5   0 2026-09-16 17:26:23
 2  0      1398776       788720        14812     58394464    4    0 2786308   444 13872 20308   2   2  87   9   0 2026-09-16 17:26:24
 2  6      1398776       791780        14820     58394488    0    0 2003968    88 13041 18875   2   2  89   7   0 2026-09-16 17:26:25
 2  4      1398776       790652        14820     58394516    0    0 2595840     0 14092 20138   2   2  87   9   0 2026-09-16 17:26:26
 1  0      1398776       787260        14820     58394548    0    0 2256896     0 13581 19372   2   2  88   8   0 2026-09-16 17:26:27
 1  7      1398776       784588        14820     58394584    0    0 1949696     0 12836 18463   2   2  89   7   0 2026-09-16 17:26:28
 2  4      1398776       782620        14820     58394604    0    0 2684928   404 14041 20331   2   2  87   9   0 2026-09-16 17:26:29
 3  0      1398776       785028        14828     58394680    0    0 2222116    92 13323 19450   2   2  88   8   0 2026-09-16 17:26:30
 2  4      1398776       788240        14828     58394700    0    0 2925568     0 14340 20755   2   2  87   9   0 2026-09-16 17:26:31
 3  0      1398776       788384        14828     58394752    0    0 2216960     0 12406 19692   2   2  89   7   0 2026-09-16 17:26:32
 1  7      1398776       780424        14828     58394776    0    0 1905664     0 12382 18967   2   2  89   7   0 2026-09-16 17:26:33
 2  4      1398776       778304        14828     58394816    0    0 2681856   400 13849 20643   2   2  88   8   0 2026-09-16 17:26:34
procs -----------------------memory---------------------- ---swap-- -----io---- -system-- --------cpu-------- -----timestamp-----
 r  b         swpd         free         buff        cache   si   so    bi    bo   in   cs  us  sy  id  wa  st                 KST
 2  0      1398776       780380        14836     58394840    0    0 2269184    96 13097 19932   2   2  90   6   0 2026-09-16 17:26:35
 1  6      1398776       786232        14836     58394880    0    0 1981440     0 12925 19148   2   2  90   6   0 2026-09-16 17:26:36
 2  5      1398776       787600        14836     58394896    0    0 2698240     0 13705 20536   2   2  88   8   0 2026-09-16 17:26:37
 1  0      1398776       784388        14836     58394924    0    0 2177024     0 12581 19560   2   2  90   6   0 2026-09-16 17:26:38
 2  5      1398776       782692        14836     58394960    0    0 2762240   404 13952 20414   2   2  86  10   0 2026-09-16 17:26:39
 2  0      1398776       782508        14844     58395012    0    0 2380288   104 13417 19638   2   2  89   8   0 2026-09-16 17:26:40
 3  5      1398776       790940        14844     58395048    0    0 2110464     0 13085 19024   2   2  89   7   0 2026-09-16 17:26:41
 2  5      1398776       785752        14844     58395080    0    0 2674688     0 14144 20291   2   2  89   8   0 2026-09-16 17:26:42
 2  0      1398776       782016        14844     58395100    0    0 2071552     0 12902 19152   2   2  89   7   0 2026-09-16 17:26:43
 4  5      1398776       778108        14844     58395140    0    0 2407424     0 13547 19397   2   2  88   9   0 2026-09-16 17:26:44
 8  3      1398776       784988        14852     58395172    0    0 2616320   580 13950 20330   2   2  89   7   0 2026-09-16 17:26:45
 8  5      1398776       792144        14852     58395200    0    0 2525184     0 13952 20093   2   2  88   8   0 2026-09-16 17:26:46
 2  4      1398776       787220        14852     58395240    0    0 2499584     0 13294 20207   2   2  90   7   0 2026-09-16 17:26:47
 1  0      1398776       787048        14852     58395264    0    0 1950720     0 12508 19165   2   1  91   5   0 2026-09-16 17:26:48
 1  5      1398776       781076        14852     58395288    0    0 2308096     0 13299 19889   2   2  89   7   0 2026-09-16 17:26:49
 2  3      1398776       786176        14860     58395332    0    0 2532352   560 13659 20324   2   2  89   8   0 2026-09-16 17:26:50
 1  0      1398776       782252        14860     58395356    0    0 2016256     0 12821 19362   2   2  90   6   0 2026-09-16 17:26:51
 0  6      1398776       782948        14860     58395380    0    0 2355200     0 13609 19878   2   2  90   6   0 2026-09-16 17:26:52
 2  0      1398776       783556        14860     58395432    0    0 2707968     0 13728 20672   2   2  89   8   0 2026-09-16 17:26:53
 2  5      1398776       783096        14860     58395460    0    0 2518528     0 13375 20065   2   2  87   9   0 2026-09-16 17:26:54
 1  0      1398776       783964        14868     58395492    0    0 2703360   544 13895 20190   2   2  88   9   0 2026-09-16 17:26:55
procs -----------------------memory---------------------- ---swap-- -----io---- -system-- --------cpu-------- -----timestamp-----
 r  b         swpd         free         buff        cache   si   so    bi    bo   in   cs  us  sy  id  wa  st                 KST
 3  4      1398776       781832        14868     58395512    0    0 2900992     0 14380 20227   2   2  86  10   0 2026-09-16 17:26:56
 1  7      1398776       788732        14868     58395556    0    0 2481152     0 13637 19376   2   2  87   9   0 2026-09-16 17:26:57
 2  3      1398776       787828        14868     58395680    0    0 3075112     0 14718 20941   2   2  86  11   0 2026-09-16 17:26:58
 1  5      1398776       789464        14868     58395732    0    0 2658304     0 14096 19870   2   2  86  10   0 2026-09-16 17:26:59
 0  8      1398776       784020        14876     58395744    0    0 2856960   588 13999 20452   2   2  87  10   0 2026-09-16 17:27:00
 0  1      1398776       791448        14876     58395800    0    0 3084800     0 14169 21309   1   2  87   9   0 2026-09-16 17:27:01
 1  6      1398776       791056        14876     58395832    0    0 2527744     0 13631 20143   2   2  89   7   0 2026-09-16 17:27:02
 1  0      1398776       792156        14876     58395884    0    0 2699292     0 13560 20508   2   2  89   7   0 2026-09-16 17:27:03
 2  4      1398776       793484        14876     58395916    0    0 2579968     0 13431 20244   2   2  88   8   0 2026-09-16 17:27:04
 3  0      1398776       786248        14884     58395940    0    0 2562560   600 13575 20491   2   2  88   8   0 2026-09-16 17:27:05
 0  5      1398776       791864        14884     58395984    0    0 2821632     0 13860 20763   1   2  89   8   0 2026-09-16 17:27:06
 0  7      1398776       793260        14884     58396012    0    0 2672128     0 13537 20042   2   2  88   8   0 2026-09-16 17:27:07
 1  1      1398776       786308        14884     58396032    0    0 3044864     0 14634 20825   1   2  86  10   0 2026-09-16 17:27:08
 1  5      1398776       789912        14884     58396084    0    0 2630144     0 14074 19893   2   2  86  10   0 2026-09-16 17:27:09
 0  8      1398776       776624        14892     58396120   16    0 2689040   664 13844 20132   2   2  88   8   0 2026-09-16 17:27:10
 1  5      1398776       785516        14892     58396148    0    0 2936832     0 14612 20773   1   2  84  12   0 2026-09-16 17:27:11
 1  6      1398776       791116        14892     58396180    0    0 2617344     0 14166 19686   2   2  88   9   0 2026-09-16 17:27:12
 2  7      1398776       788800        14892     58396208    0    0 2952192     0 14371 20596   1   2  87   9   0 2026-09-16 17:27:13
 1  5      1398776       788120        14892     58396244    0    0 2867200     0 14195 20792   2   2  89   8   0 2026-09-16 17:27:14
 1  6      1398776       785892        14900     58396260    0    0 2611200   556 13428 20277   2   2  89   8   0 2026-09-16 17:27:15
 1  1      1398776       787448        14900     58396304    0    0 3011072     0 14026 21057   1   2  87  10   0 2026-09-16 17:27:16
procs -----------------------memory---------------------- ---swap-- -----io---- -system-- --------cpu-------- -----timestamp-----
 r  b         swpd         free         buff        cache   si   so    bi    bo   in   cs  us  sy  id  wa  st                 KST
 1  5      1398776       786544        14900     58396328    0    0 2567168     0 13578 20095   2   2  87   9   0 2026-09-16 17:27:17
 1  0      1398776       787672        14900     58396396    0    0 2576928     0 13099 20154   2   2  88   8   0 2026-09-16 17:27:18
 3  5      1398776       780976        14900     58396424    0    0 2815488     0 13684 20564   2   2  86  10   0 2026-09-16 17:27:19
 1  6      1398776       778536        14908     58396460    0    0 2749952   608 13447 20257   1   2  87  10   0 2026-09-16 17:27:20
 2  3      1398776       788388        14908     58396468    0    0 2809856     0 14298 20235   2   2  87   9   0 2026-09-16 17:27:21
 0  8      1398776       784220        14908     58396524    0    0 2077696     0 13453 18842   2   2  87   9   0 2026-09-16 17:27:22
 1  5      1398776       791428        14908     58396536   16    0 2679824     0 14355 20135   2   2  86  10   0 2026-09-16 17:27:23
 1  0      1398776       791724        14908     58396712    0    0 2294784     0 13188 19501   2   2  88   8   0 2026-09-16 17:27:24
 1  6      1398776       787812        14916     58396736    8    0 2544648   512 13999 19943   2   2  85  11   0 2026-09-16 17:27:25
 2  0      1398776       785456        14916     58396780    0    0 2597888     0 14276 20187   2   2  87   9   0 2026-09-16 17:27:26
 0  5      1398776       781068        14916     58396796    0    0 3022848     0 14798 20910   2   2  87   9   0 2026-09-16 17:27:27
 2  0      1398776       776700        14916     58396840    0    0 2119680     0 13124 19544   2   2  90   6   0 2026-09-16 17:27:28
 1  4      1398776       780892        14916     58396876    0    0 2725376     0 13892 20602   2   2  88   8   0 2026-09-16 17:27:29
 1  0      1398776       785312        14924     58396904    0    0 2417152    92 13121 20052   2   2  89   7   0 2026-09-16 17:27:30
 4  5      1398776       779424        14924     58396944    0    0 2405376   520 13210 20093   2   2  89   7   0 2026-09-16 17:27:31
 1  1      1398776       789332        14924     58396968    0    0 2697728     0 13830 20621   2   2  88   8   0 2026-09-16 17:27:32
 3  5      1398776       787932        14924     58397008    0    0 2311680     0 13163 19809   2   2  88   8   0 2026-09-16 17:27:33
 0  1      1398776       790568        14924     58397028    0    0 2821632     0 13833 20820   2   2  88   8   0 2026-09-16 17:27:34
 2  4      1398776       787420        14932     58397072    0    0 2759680   140 14139 20103   2   2  87   9   0 2026-09-16 17:27:35
 2  0      1398776       779492        14932     58397088    8    0 2431496   492 13367 19708   2   2  90   6   0 2026-09-16 17:27:36
 0  6      1398776       787176        14932     58397136    0    0 2544640     0 13723 19654   2   2  87  10   0 2026-09-16 17:27:37
procs -----------------------memory---------------------- ---swap-- -----io---- -system-- --------cpu-------- -----timestamp-----
 r  b         swpd         free         buff        cache   si   so    bi    bo   in   cs  us  sy  id  wa  st                 KST
 1  0      1398776       784736        14932     58397160    0    0 2597888     0 14000 20125   2   2  89   7   0 2026-09-16 17:27:38
 2  5      1398776       783836        14932     58397196    0    0 2489344     0 13786 19675   2   2  88   9   0 2026-09-16 17:27:39
 2  0      1398776       790008        14940     58397216    0    0 2653188    88 13839 20229   2   2  89   7   0 2026-09-16 17:27:40
 1  4      1398776       783264        14940     58397268    0    0 2765312   408 13988 20322   2   2  87   9   0 2026-09-16 17:27:41
 1  0      1398776       783368        14940     58397288    0    0 2377216     0 12996 20067   2   2  90   7   0 2026-09-16 17:27:42
 1  6      1398776       786420        14940     58397328    4    0 2286648     0 13150 19904   2   2  89   7   0 2026-09-16 17:27:43
 3  1      1398776       789060        14940     58397400    0    0 2759680     0 13277 20610   2   2  88   8   0 2026-09-16 17:27:44
 1  6      1398776       789880        14948     58397448    0    0 2100224   100 12939 19805   2   2  88   8   0 2026-09-16 17:27:45
 3  5      1398776       787524        14948     58397476    0    0 2703360   452 13463 20735   2   2  87  10   0 2026-09-16 17:27:46
 0  8      1398776       786160        14948     58397508    0    0 2246656     0 13005 19820   2   2  89   7   0 2026-09-16 17:27:47
 1  5      1398776       784028        14948     58397548    0    0 2921472     0 14002 21018   2   2  88   8   0 2026-09-16 17:27:48
 2  5      1398776       788488        14948     58397564    0    0 2754560     0 14124 20101   1   2  88   9   0 2026-09-16 17:27:49
 3  0      1398776       785432        14956     58397600   12    0 2797580    92 14223 20623   1   2  88   9   0 2026-09-16 17:27:50
 2  4      1398776       788112        14956     58397648    0    0 2824192   488 14393 20379   2   2  85  11   0 2026-09-16 17:27:51
 1  6      1398776       778380        14956     58397676    0    0 2722816     0 13822 20159   2   2  86  10   0 2026-09-16 17:27:52
 2  0      1398776       784304        14956     58397712    0    0 3023872     0 14731 20849   2   2  87  10   0 2026-09-16 17:27:53
 1  5      1398776       782676        14956     58397740    0    0 2809856     0 14305 20280   2   2  86  10   0 2026-09-16 17:27:54
 2  5      1398776       787756        14964     58397756    0    0 2934784   112 13628 20934   2   2  88   9   0 2026-09-16 17:27:55
 2  7      1398776       791684        14964     58397808    0    0 2836480   516 13458 20860   2   2  88   9   0 2026-09-16 17:27:56
 1  4      1398776       790756        14964     58397844    0    0 3004416     0 13783 21144   1   2  88   9   0 2026-09-16 17:27:57
 2  5      1398776       782840        14964     58398408    0    0 2509332     0 13183 20359   2   2  88   8   0 2026-09-16 17:27:58
procs -----------------------memory---------------------- ---swap-- -----io---- -system-- --------cpu-------- -----timestamp-----
 r  b         swpd         free         buff        cache   si   so    bi    bo   in   cs  us  sy  id  wa  st                 KST
 2  3      1398776       789700        14964     58398436    0    0 2932736     0 13902 20903   1   2  88   9   0 2026-09-16 17:27:59
 1  5      1398776       791640        14972     58398464    4    0 2585604   108 13328 20553   2   2  88   8   0 2026-09-16 17:28:00
 0  7      1398776       784716        14972     58398528    0    0 2896924   480 13845 20719   2   2  86  10   0 2026-09-16 17:28:01
 2  0      1398776       785328        14972     58398564    0    0 3137024     0 14621 21158   2   2  86  10   0 2026-09-16 17:28:02
 2  4      1398776       781144        14972     58398584    0    0 2754560     0 14260 20552   2   2  86  10   0 2026-09-16 17:28:03
 1  7      1398776       793652        14972     58398632    0    0 2643456     0 13765 19868   2   2  86  11   0 2026-09-16 17:28:04
 1  4      1398776       789992        14980     58399432    4    0 3092236   108 14693 21356   2   2  86  11   0 2026-09-16 17:28:05
 3  4      1398776       790324        14980     58399460    0    0 2792960   496 14227 20250   2   2  87  10   0 2026-09-16 17:28:06
 1  6      1398776       794672        14980     58399488    0    0 2949632     0 14022 20459   2   2  87   9   0 2026-09-16 17:28:07
 1  1      1398776       789476        14980     58399528    0    0 2917888     0 13475 20835   2   2  88   9   0 2026-09-16 17:28:08
 1  5      1398776       792592        14980     58399572    0    0 2835484     0 13336 20743   2   2  87  10   0 2026-09-16 17:28:09
 1  7      1398776       798528        14988     58399620    0    0 2510336    84 13297 20329   2   2  89   7   0 2026-09-16 17:28:10
 3  2      1398776       791020        14988     58399636    0    0 2987008     0 13536 20941   1   2  86  10   0 2026-09-16 17:28:11
 1  5      1398776       789384        14988     58399684    0    0 2811392   452 13724 20841   2   2  88   8   0 2026-09-16 17:28:12
 1  8      1398776       788192        14988     58399708    0    0 2827776     0 13722 20786   2   2  87   9   0 2026-09-16 17:28:13
 1  1      1398776       786240        14988     58399744    0    0 3171840     0 14392 21188   1   2  85  12   0 2026-09-16 17:28:14
 1  4      1398776       782060        14996     58399776    0    0 3192320    88 14944 20875   1   2  85  11   0 2026-09-16 17:28:15
 3  4      1398776       784704        14996     58399788    0    0 3214400     0 14637 20892   1   2  85  12   0 2026-09-16 17:28:16
 2  4      1398776       787100        14996     58399900    0    0 3160576   456 14740 20815   1   2  85  11   0 2026-09-16 17:28:17
 1  6      1398776       783960        14996     58399920    0    0 3186176     0 14524 21006   1   2  86  11   0 2026-09-16 17:28:18
 0  6      1398776       781164        14996     58399968    0    0 3373056     0 15002 21511   1   2  85  11   0 2026-09-16 17:28:19
procs -----------------------memory---------------------- ---swap-- -----io---- -system-- --------cpu-------- -----timestamp-----
 r  b         swpd         free         buff        cache   si   so    bi    bo   in   cs  us  sy  id  wa  st                 KST
 1  8      1398776       779028        15004     58399988    0    0 3017728    92 13991 21143   1   2  87  10   0 2026-09-16 17:28:20
 2  0      1398776       790436        15004     58400028    0    0 3195904     0 13900 21349   1   2  87   9   0 2026-09-16 17:28:21
 1  3      1398776       795324        15004     58400048    0    0 3226624   424 14048 21538   1   2  87  10   0 2026-09-16 17:28:22
 1  4      1398776       798376        15004     58400096    0    0 3167232     0 13930 21449   1   2  87  10   0 2026-09-16 17:28:23
 0  5      1398776       792388        15004     58400112    0    0 3153408     0 13912 21334   1   2  87   9   0 2026-09-16 17:28:24
 1  6      1398776       789212        15012     58400160    8    0 3166728    96 14482 21318   1   2  87   9   0 2026-09-16 17:28:25
 0  6      1398776       784228        15012     58400184    0    0 3334144     0 14891 21112   1   2  87  10   0 2026-09-16 17:28:26
 3  6      1398776       783552        15012     58400220    0    0 3153920   492 14654 21002   1   2  85  11   0 2026-09-16 17:28:27
 0  8      1398776       786696        15012     58400248    0    0 3250176     0 14579 20968   1   2  86  11   0 2026-09-16 17:28:28
 0  1      1398776       787044        15012     58400280    0    0 3233280     0 14867 21198   1   2  85  12   0 2026-09-16 17:28:29
 1  4      1398776       781808        15020     58400300    0    0 3078656    92 14552 20569   1   2  84  12   0 2026-09-16 17:28:30
 1  5      1398776       782148        15020     58400344    0    0 3297280     0 14764 21548   1   2  85  11   0 2026-09-16 17:28:31
 1  5      1398776       790076        15020     58400364    0    0 3292672   404 14508 21675   1   2  86  11   0 2026-09-16 17:28:32
 0  6      1398776       786696        15020     58400448    0    0 3034656     0 14085 21304   1   2  86  11   0 2026-09-16 17:28:33
 1  6      1398776       786524        15020     58400460    0    0 3278848     0 14268 21679   1   2  86  11   0 2026-09-16 17:28:34
 1  5      1398776       788596        15028     58400512    0    0 3331092    96 14538 21764   1   2  90   7   0 2026-09-16 17:28:35
 0  7      1398776       793484        15028     58400552    0    0 3165184     0 14263 21296   1   2  86  11   0 2026-09-16 17:28:36
 2  0      1398776       790508        15028     58400600    0    0 3246592   512 14977 21293   1   2  86  11   0 2026-09-16 17:28:37
 3  4      1398776       788796        15028     58400628    0    0 3117568     0 14581 20770   1   2  86  11   0 2026-09-16 17:28:38
 0  5      1398776       786908        15028     58400664    0    0 3258368     0 14718 20972   1   2  86  11   0 2026-09-16 17:28:39
 2  5      1398776       785972        15036     58400692    0    0 3073024   120 14238 20750   1   2  84  12   0 2026-09-16 17:28:40
procs -----------------------memory---------------------- ---swap-- -----io---- -system-- --------cpu-------- -----timestamp-----
 r  b         swpd         free         buff        cache   si   so    bi    bo   in   cs  us  sy  id  wa  st                 KST
 1  6      1398776       786400        15036     58400724    0    0 3173376     0 14540 20984   1   2  86  11   0 2026-09-16 17:28:41
 0  6      1398776       793020        15036     58400756    0    0 3194880   484 14277 21437   2   2  87  10   0 2026-09-16 17:28:42
 2  7      1398776       790824        15036     58400792    0    0 3195904     0 13881 21581   1   2  88   9   0 2026-09-16 17:28:43
 2  8      1398776       794652        15036     58400824    0    0 3324928     0 14580 21729   1   2  86  11   0 2026-09-16 17:28:44
 1  2      1398776       795956        15044     58400856    4    0 3244036    84 14352 21757   1   2  85  11   0 2026-09-16 17:28:45
 1  3      1398776       795560        15044     58400888    0    0 3319808     0 14318 21938   1   2  86  11   0 2026-09-16 17:28:46
 1  4      1398776       792148        15044     58400908    0    0 3290112   480 14677 21878   2   2  87  10   0 2026-09-16 17:28:47
 2  4      1398776       789660        15044     58400952    0    0 3036672     0 14296 20744   1   2  85  12   0 2026-09-16 17:28:48
 1  5      1398776       786240        15044     58400976    0    0 3180032     0 14729 20947   1   2  85  12   0 2026-09-16 17:28:49
 2  5      1398776       786336        15052     58401012    0    0 3238912    96 15157 21012   1   2  85  12   0 2026-09-16 17:28:50
 1  6      1398776       789712        15052     58401040    0    0 3254272     0 14629 20958   1   2  86  11   0 2026-09-16 17:28:51
 1  8      1398776       784584        15052     58401060    0    0 3274752   396 14449 21020   1   2  85  11   0 2026-09-16 17:28:52
 2  3      1398776       780088        15052     58401132    0    0 3154972     0 14277 21413   1   2  84  12   0 2026-09-16 17:28:53
 3  4      1398776       777444        15052     58401168    0    0 3094528     0 14094 21578   1   2  86  11   0 2026-09-16 17:28:54
 1  5      1398776       775752        15060     58401188    0    0 3143168    92 13954 21549   1   2  86  11   0 2026-09-16 17:28:55
 3  5      1398776       780396        15060     58401232    0    0 3160576     0 14179 21502   1   2  87  10   0 2026-09-16 17:28:56
 1  5      1398776       781764        15060     58401260    0    0 3158016     0 14027 21407   1   2  86  10   0 2026-09-16 17:28:57
 2  7      1398776       793416        15060     58401296    0    0 3189760   500 14384 21725   1   2  87   9   0 2026-09-16 17:28:58
 1  8      1398776       791460        15060     58401328    0    0 3292160     0 14166 21289   1   2  87   9   0 2026-09-16 17:28:59
 1  4      1398776       790532        15068     58401360    0    0 3243008    84 14610 20896   1   2  85  11   0 2026-09-16 17:29:00
 2  4      1398776       792844        15068     58401380    4    0 3171332     0 14712 20935   1   2  84  13   0 2026-09-16 17:29:01
procs -----------------------memory---------------------- ---swap-- -----io---- -system-- --------cpu-------- -----timestamp-----
 r  b         swpd         free         buff        cache   si   so    bi    bo   in   cs  us  sy  id  wa  st                 KST
 0  5      1398776       788928        15068     58401424    0    0 3175424     0 14773 21240   2   2  84  12   0 2026-09-16 17:29:02
 3  5      1398776       787236        15068     58401452    0    0 3179520   424 14490 21100   1   2  85  12   0 2026-09-16 17:29:03
 2  6      1398776       787124        15068     58401488    0    0 3358720     0 14752 21617   1   2  86  10   0 2026-09-16 17:29:04
 0  6      1398776       790976        15076     58401512    4    0 3152900   100 14064 21699   1   2  88   9   0 2026-09-16 17:29:05
 1  8      1398776       792312        15076     58401552    0    0 3184640     0 14186 21567   1   2  87  10   0 2026-09-16 17:29:06
 0  8      1398776       793648        15076     58401580    0    0 3339264     0 14696 21699   1   2  88   8   0 2026-09-16 17:29:07
 1  1      1398776       793228        15076     58401608    0    0 3227136   464 14380 21602   1   2  86  11   0 2026-09-16 17:29:08
 0  4      1398776       792824        15076     58401640    0    0 3176960     0 13946 21495   1   2  85  11   0 2026-09-16 17:29:09
 0  5      1398776       787068        15084     58401664    0    0 3323904    88 14549 21461   1   2  86  11   0 2026-09-16 17:29:10
 1  4      1398776       786380        15084     58401708    0    0 3308544     0 14783 21092   1   2  85  11   0 2026-09-16 17:29:11
 2  5      1398776       787840        15084     58401736    0    0 3259904     0 14962 21235   1   2  85  11   0 2026-09-16 17:29:12
11  4      1398776       789004        15084     58401768    0    0 3322880   404 14456 21173   1   2  87   9   0 2026-09-16 17:29:13
 2  6      1398776       785328        15084     58401784    0    0 3256832     0 14545 21161   1   2  87  10   0 2026-09-16 17:29:14
 1  6      1398776       778380        15092     58401824    0    0 3103744    96 14298 20907   1   2  86  11   0 2026-09-16 17:29:15
 9  0      1398776       777972        15092     58401860    0    0 2990592     0 13806 21079   1   2  86  10   0 2026-09-16 17:29:16
 3  4      1398776       783872        15092     58401884    0    0 3241472     0 14347 21507   1   2  88   9   0 2026-09-16 17:29:17
 1  5      1398776       786272        15092     58401920    0    0 3011072   464 14049 21218   1   2  87  10   0 2026-09-16 17:29:18
10  5      1398776       787424        15092     58401964    0    0 2982400     0 13690 21083   1   2  87  10   0 2026-09-16 17:29:19
 4  7      1398776       788276        15100     58401996    0    0 3004416    80 13456 21027   1   2  87  10   0 2026-09-16 17:29:20
 2  8      1398520       783108        15100     58402028   12    0 3266572     0 13868 21339   1   2  87   9   0 2026-09-16 17:29:21
 8  1      1398520       783488        15100     58402056    0    0 3286528     0 14804 21112   1   2  84  12   0 2026-09-16 17:29:22
procs -----------------------memory---------------------- ---swap-- -----io---- -system-- --------cpu-------- -----timestamp-----
 r  b         swpd         free         buff        cache   si   so    bi    bo   in   cs  us  sy  id  wa  st                 KST
 1  5      1398520       790436        15100     58402096    0    0 3140096   436 14676 20745   1   2  85  12   0 2026-09-16 17:29:23
 2  4      1398520       783440        15100     58402172    0    0 3234872     0 14776 21089   1   2  85  11   0 2026-09-16 17:29:24
 3  4      1398520       787404        15124     58402200    0    0 3199488   388 14993 21382   1   2  85  11   0 2026-09-16 17:29:25
 2  6      1398520       781396        15132     58402240    0    0 3252736    40 14969 20950   1   2  84  12   0 2026-09-16 17:29:26
 3  5      1398520       786268        15132     58402264    0    0 3207168     0 14535 21431   1   2  85  12   0 2026-09-16 17:29:27
 3  7      1398520       793172        15132     58402400    0    0 3031140   408 13795 21302   1   2  86  10   0 2026-09-16 17:29:28
 2  3      1398520       790960        15132     58402444    0    0 3168256     0 14218 21375   1   2  87  10   0 2026-09-16 17:29:29
 3  4      1398520       786732        15132     58402468    0    0 3111936     0 14252 21349   1   2  86  10   0 2026-09-16 17:29:30
 3  4      1398520       786820        15140     58402504    0    0 3301376    84 14210 21591   1   2  86  10   0 2026-09-16 17:29:31
 3  4      1398520       782672        15140     58402536    0    0 3136000     0 13793 21173   1   2  86  11   0 2026-09-16 17:29:32
 1  6      1398520       779712        15140     58402568    0    0 3012096   484 14402 20531   2   2  85  11   0 2026-09-16 17:29:33
 3  6      1398520       778264        15140     58402596    0    0 3302400     0 14710 20950   2   2  87  10   0 2026-09-16 17:29:34
 2  7      1398520       772544        15140     58402628    0    0 3307520     0 14817 21234   1   2  86  10   0 2026-09-16 17:29:35
 2  8      1398520       773396        15148     58402788    0    0 3379200   108 14775 21495   1   2  86  10   0 2026-09-16 17:29:36
 2  0      1398520       772484        15148     58402828    0    0 3259904     0 14850 21338   1   2  86  11   0 2026-09-16 17:29:37
 3  3      1398520       777064        15148     58402860    0    0 3165696     0 14475 21291   1   2  87  10   0 2026-09-16 17:29:38
 3  4      1398520       780528        15148     58402888    4    0 3133956   548 14326 21521   1   2  86  10   0 2026-09-16 17:29:39
 2  4      1398520       775076        15148     58402924    0    0 3177472     0 13976 21575   1   2  86  10   0 2026-09-16 17:29:40
 1  6      1398520       781184        15156     58402936    0    0 3175936   100 13962 21454   1   2  87   9   0 2026-09-16 17:29:41
 3  5      1398520       778060        15156     58402992    0    0 3315712     0 14400 21769   1   2  87  10   0 2026-09-16 17:29:42
 1  8      1398520       777608        15156     58403020    0    0 3036160     0 13541 21337   1   2  88   8   0 2026-09-16 17:29:43
procs -----------------------memory---------------------- ---swap-- -----io---- -system-- --------cpu-------- -----timestamp-----
 r  b         swpd         free         buff        cache   si   so    bi    bo   in   cs  us  sy  id  wa  st                 KST
 3  2      1398520       778324        15156     58403052    8    0 3162120   452 14596 21186   1   2  86  11   0 2026-09-16 17:29:44
 1  5      1398520       781524        15156     58403080    0    0 3241984     0 14906 21597   1   3  84  12   0 2026-09-16 17:29:45
 4  4      1398520       780132        15164     58403100    0    0 3174400    92 14613 21076   1   2  85  12   0 2026-09-16 17:29:46
 1  5      1398520       774920        15164     58403148    0    0 3200512     0 14471 20915   1   2  85  12   0 2026-09-16 17:29:47
 1  5      1398520       776232        15164     58403180    0    0 3251712     0 14696 21148   1   2  85  12   0 2026-09-16 17:29:48
 0  6      1398520       775900        15164     58403212    0    0 3333120   500 15070 21508   1   2  85  11   0 2026-09-16 17:29:49
 2  7      1398520       772480        15164     58403248    0    0 3024896     0 13954 21226   1   2  87  10   0 2026-09-16 17:29:50
 2  1      1398520       773592        15172     58403276    0    0 3111424   104 13980 21259   1   2  88   9   0 2026-09-16 17:29:51
 0  5      1398520       780748        15172     58403300    0    0 3171840     0 13939 21365   2   2  85  11   0 2026-09-16 17:29:52
 0  5      1398520       779800        15172     58403340    0    0 3034624     0 13875 21268   1   2  85  12   0 2026-09-16 17:29:53
 2  5      1398520       783016        15172     58403372    0    0 3019264   472 13776 21358   1   2  87   9   0 2026-09-16 17:29:54
 0  7      1398520       781340        15172     58403400    0    0 3161088     0 14210 21310   1   2  88   8   0 2026-09-16 17:29:55
 2  7      1398520       781704        15180     58403432    0    0 3301376    96 14832 21355   1   2  86  11   0 2026-09-16 17:29:56
 1  8      1398520       779548        15180     58403468    0    0 3325952     0 14594 21456   1   2  85  11   0 2026-09-16 17:29:57
 2  2      1398520       780708        15180     58403496    0    0 3267584     0 14728 21311   1   2  85  12   0 2026-09-16 17:29:58
 2  5      1398520       779024        15180     58403528    0    0 3165184   500 14696 21082   1   2  85  11   0 2026-09-16 17:29:59
 1  4      1398520       782640        15180     58403560    0    0 3086848     0 14417 20740   1   2  86  11   0 2026-09-16 17:30:00
 2  6      1398520       781992        15188     58403596    0    0 3091968   100 14250 21473   2   2  86  10   0 2026-09-16 17:30:01
 1  6      1398520       782296        15188     58403620    0    0 3008512     0 13996 21140   1   2  89   8   0 2026-09-16 17:30:02
 1  1      1398520       786212        15188     58403660    0    0 3103232     0 14060 21374   1   2  87  10   0 2026-09-16 17:30:03
 1  4      1398520       784552        15188     58403684    0    0 3179008   528 13850 21482   1   2  89   8   0 2026-09-16 17:30:04
procs -----------------------memory---------------------- ---swap-- -----io---- -system-- --------cpu-------- -----timestamp-----
 r  b         swpd         free         buff        cache   si   so    bi    bo   in   cs  us  sy  id  wa  st                 KST
 1  5      1398520       780188        15188     58403716   12    0 3024396     0 14125 21447   2   2  89   8   0 2026-09-16 17:30:05
 2  5      1398520       776464        15196     58403744    0    0 3012096    96 13778 21375   1   2  89   7   0 2026-09-16 17:30:06
 1  0      1398520       774536        15196     58403780   20    0 2842644     0 13849 20497   2   2  88   9   0 2026-09-16 17:30:07
 3  0      1398520       769068        15196     58403796    0    0 1714176     0 12496 18597   3   2  89   6   0 2026-09-16 17:30:08
 1  0      1398520       774156        15196     58403844    0    0 1714176   532 12511 18243   2   2  90   7   0 2026-09-16 17:30:09
 1  0      1398520       777568        15196     58403876   20    0 1714196     0 12543 18439   3   2  89   7   0 2026-09-16 17:30:10
 2  0      1398520       774100        15204     58403912    0    0 1714176    96 12493 18391   2   2  89   7   0 2026-09-16 17:30:11
 2  0      1398520       783220        15204     58403936    0    0 1714176     0 12305 18311   3   2  90   6   0 2026-09-16 17:30:12
 3  0      1398520       784296        15204     58403964    0    0 1714176     0 12082 18238   2   2  90   6   0 2026-09-16 17:30:13
 1  1      1398520       784960        15204     58404004    0    0 1704448   424 12575 18239   2   2  89   7   0 2026-09-16 17:30:14
 2  4      1398520       779240        15204     58404044    0    0 1613312     0 12301 17932   3   2  89   7   0 2026-09-16 17:30:15
 1  3      1398520       772288        15212     58404072    0    0 1707008    96 12557 18225   3   2  90   5   0 2026-09-16 17:30:16
 1  0      1398520       764844        15212     58404108    0    0 1831936     0 12658 18817   2   2  91   5   0 2026-09-16 17:30:17
 2  0      1398520       766664        15212     58404132    0    0 1714176     0 12258 18630   2   2  90   6   0 2026-09-16 17:30:18
 1  0      1398520       767964        15212     58404168    0    0 1714176   500 12124 18549   3   2  91   5   0 2026-09-16 17:30:19
 1  0      1398520       772364        15212     58404200    0    0 1714176     0 12087 18421   3   2  91   5   0 2026-09-16 17:30:20
 2  0      1398520       776748        15220     58404212    0    0 1714176   104 12331 18344   3   2  92   4   0 2026-09-16 17:30:21
 1  0      1398520       777820        15220     58404264    0    0 1714176     0 12349 18411   3   2  91   4   0 2026-09-16 17:30:22
 2  0      1398520       772860        15220     58404296    0    0 1714176     0 12202 18503   2   2  93   3   0 2026-09-16 17:30:23
 2  0      1398520       780520        15220     58404320    0    0 1714176     0 11895 18432   3   2  92   4   0 2026-09-16 17:30:24
 1  0      1398520       777132        15220     58404352    0    0 1714176   436 12433 18863   3   2  91   5   0 2026-09-16 17:30:25
procs -----------------------memory---------------------- ---swap-- -----io---- -system-- --------cpu-------- -----timestamp-----
 r  b         swpd         free         buff        cache   si   so    bi    bo   in   cs  us  sy  id  wa  st                 KST
 2  0      1398520       776552        15228     58404396    0    0 1714176    84 12362 18700   3   2  90   5   0 2026-09-16 17:30:26
 2  6      1398520       775432        15228     58404436    0    0 2060312     0 12981 19087   2   2  87   8   0 2026-09-16 17:30:27
 0  7      1398520       766684        15228     58404480    0    0 1559552     0 12579 17806   2   2  90   6   0 2026-09-16 17:30:28
 1  8      1398520       765504        15228     58404524    0    0 1633292     0 12643 18126   3   2  90   6   0 2026-09-16 17:30:29
 0  8      1398520       769988        15228     58404560    0    0 1673216   488 12738 18317   3   2  90   5   0 2026-09-16 17:30:30
 2  0      1398520       772552        15236     58404588   12    0 1644556    88 12498 18085   2   2  90   6   0 2026-09-16 17:30:31
 3  0      1398520       773168        15236     58404624    0    0 1714176     0 12278 18172   2   2  91   5   0 2026-09-16 17:30:32
 1  0      1398520       771272        15236     58404660    0    0 1714176     0 12249 18368   2   2  90   6   0 2026-09-16 17:30:33
 3  0      1398520       773596        15236     58404676    0    0 1714176     0 12467 18242   2   2  90   6   0 2026-09-16 17:30:34
 2  0      1398520       779296        15236     58404716    0    0 1714176   436 12397 18281   2   2  90   6   0 2026-09-16 17:30:35
 2  0      1398520       774988        15244     58404760    0    0 1714176   112 12674 18293   3   2  90   6   0 2026-09-16 17:30:36
 2  4      1398520       777116        15244     58404784    0    0 2539008     0 13438 19912   2   2  86  10   0 2026-09-16 17:30:37
 1  6      1398520       779512        15244     58404816    0    0 1605120     0 12235 18346   3   2  91   4   0 2026-09-16 17:30:38
 1  5      1398520       769536        15244     58404852    0    0 1614848     0 11903 18190   2   2  91   5   0 2026-09-16 17:30:39
 3  5      1398520       777216        15244     58404888    0    0 1605632   532 11916 18199   3   2  91   5   0 2026-09-16 17:30:40
 2  5      1398520       779556        15252     58404912    0    0 1660928    96 12058 18332   3   2  90   6   0 2026-09-16 17:30:41
 2  6      1398520       772928        15252     58404936    0    0 1576960     0 12022 18318   3   2  91   5   0 2026-09-16 17:30:42
 2  8      1398520       771808        15252     58404984    0    0 1620992     0 12084 18567   3   2  90   5   0 2026-09-16 17:30:43
 1  7      1398520       774868        15252     58405064    0    0 1590664     0 12008 18421   3   2  91   4   0 2026-09-16 17:30:44
 1  8      1398520       776320        15252     58405440    4    0 1634308   460 12245 18856   3   2  91   5   0 2026-09-16 17:30:45
 2  0      1398520       775452        15260     58405468    0    0 1693696    96 12398 18651   3   2  90   5   0 2026-09-16 17:30:46
procs -----------------------memory---------------------- ---swap-- -----io---- -system-- --------cpu-------- -----timestamp-----
 r  b         swpd         free         buff        cache   si   so    bi    bo   in   cs  us  sy  id  wa  st                 KST
 1  0      1398520       776944        15260     58405504    0    0 1714176     0 12000 18730   3   2  92   4   0 2026-09-16 17:30:47
 0  5      1398520       772312        15260     58405520    0    0 3075072     0 14357 21107   2   2  87  10   0 2026-09-16 17:30:48
 0  7      1398520       777760        15260     58405564    0    0 2257924     0 13175 19189   2   2  87   9   0 2026-09-16 17:30:49
 0  5      1398520       774112        15260     58405596    0    0 2983936   512 14438 20943   2   2  86  10   0 2026-09-16 17:30:50
 0  6      1398520       781860        15268     58405632    0    0 2546688    84 13791 19741   2   2  88   8   0 2026-09-16 17:30:51
 2  0      1398520       780416        15268     58405660    0    0 2849792     0 14175 20672   2   2  88   8   0 2026-09-16 17:30:52
 1  4      1398520       782308        15268     58405704    0    0 2847744     0 14264 20241   2   2  87   9   0 2026-09-16 17:30:53
 2  5      1398520       787988        15268     58405724    0    0 3012608     0 14449 21028   2   2  86  10   0 2026-09-16 17:30:54
 1  0      1398520       788880        15268     58405768    0    0 2710528   456 13734 20787   2   2  90   7   0 2026-09-16 17:30:55
 0  5      1398520       785068        15276     58405788    0    0 2920448   100 14173 20999   2   2  88   8   0 2026-09-16 17:30:56
 0  8      1398520       783668        15276     58405832    0    0 2376704     0 13226 20281   2   2  89   7   0 2026-09-16 17:30:57
 2  3      1398520       782968        15276     58405960    4    0 3097700     0 14046 21481   2   2  86  10   0 2026-09-16 17:30:58
 1  5      1398520       779980        15276     58405992    0    0 2707968     0 13829 20520   2   2  87   9   0 2026-09-16 17:30:59
 2  0      1398520       774576        15276     58406020    0    0 2610688   524 13648 20308   1   2  89   8   0 2026-09-16 17:31:00
 1  4      1398520       780708        15284     58406048    0    0 2894928   108 13954 20711   1   2  87  10   0 2026-09-16 17:31:01
 0  7      1398520       778796        15284     58406164    0    0 2627584     0 13873 19926   2   2  87  10   0 2026-09-16 17:31:02
 0  1      1398520       786408        15284     58406196    0    0 3011072     0 14228 20784   1   2  87  10   0 2026-09-16 17:31:03
 2  5      1398520       791620        15284     58406224    0    0 2638336     0 13873 19826   2   2  87  10   0 2026-09-16 17:31:04
 1  8      1398520       785180        15284     58406260    0    0 2695168     0 13964 20365   2   2  87   9   0 2026-09-16 17:31:05
 1  4      1398520       788300        15292     58406288    0    0 3004416   600 15026 20938   1   2  86  10   0 2026-09-16 17:31:06
 2  4      1398520       782660        15292     58406324    0    0 2909696     0 14268 20783   2   2  85  11   0 2026-09-16 17:31:07
procs -----------------------memory---------------------- ---swap-- -----io---- -system-- --------cpu-------- -----timestamp-----
 r  b         swpd         free         buff        cache   si   so    bi    bo   in   cs  us  sy  id  wa  st                 KST
 3  0      1398520       770884        15292     58406388    0    0 2503200     0 13092 20221   2   2  91   6   0 2026-09-16 17:31:08
 2  4      1398520       769696        15292     58406416    0    0 2822656     0 13911 20714   2   2  87  10   0 2026-09-16 17:31:09
 2  6      1398520       774320        15292     58406448    0    0 2692608     0 13346 20552   2   2  88   9   0 2026-09-16 17:31:10
 0  3      1398520       783072        15300     58406484    0    0 2950144   584 14191 21208   2   2  88   8   0 2026-09-16 17:31:11
 1  6      1398520       786520        15300     58406520    0    0 2514944     0 13235 20122   2   2  88   9   0 2026-09-16 17:31:12
 3  0      1398520       788392        15300     58406552    0    0 2733056     0 13546 20549   2   2  89   8   0 2026-09-16 17:31:13
 1  4      1398520       780952        15300     58406600   16    0 3037200     0 14231 20933   2   2  85  12   0 2026-09-16 17:31:14
 2  6      1398520       773772        15300     58406624    0    0 2446336     0 13364 19399   2   2  87   9   0 2026-09-16 17:31:15
 0  1      1398520       776636        15308     58406660    0    0 3043840   552 14395 20943   2   2  86  10   0 2026-09-16 17:31:16
 2  5      1398520       777516        15308     58406688    0    0 2647552     0 14029 19649   2   2  86  10   0 2026-09-16 17:31:17
 1  8      1398520       778396        15308     58406724    0    0 2694144     0 13840 19970   2   2  87   9   0 2026-09-16 17:31:18
 1  5      1398520       781524        15308     58406752    0    0 3009536     0 14470 20668   2   2  85  12   0 2026-09-16 17:31:19
 2  4      1398520       778344        15308     58406796    0    0 3014144     0 14118 20670   2   2  86  11   0 2026-09-16 17:31:20
 2  7      1398520       771108        15316     58406824    0    0 2525696   616 13290 20381   2   2  88   8   0 2026-09-16 17:31:21
 3  3      1398520       773256        15316     58406860    8    0 2970632     0 14326 21056   2   2  87  10   0 2026-09-16 17:31:22
 2  5      1398520       772604        15316     58406884    0    0 2528256     0 13357 20188   2   2  90   7   0 2026-09-16 17:31:23
 2  1      1398520       783992        15316     58406920    0    0 2840576     0 13905 20626   1   2  88   9   0 2026-09-16 17:31:24
 1  6      1398520       782072        15316     58407048   12    0 2528368     0 13288 20480   2   2  89   7   0 2026-09-16 17:31:25
 2  0      1398520       773584        15324     58407080    0    0 2711552   548 13506 20458   2   2  89   7   0 2026-09-16 17:31:26
 1  3      1398520       781784        15324     58407104    0    0 3206144     0 14393 21007   2   2  85  11   0 2026-09-16 17:31:27
 0  6      1398520       786692        15324     58407148    0    0 2664448     0 14088 19896   2   2  87   9   0 2026-09-16 17:31:28
procs -----------------------memory---------------------- ---swap-- -----io---- -system-- --------cpu-------- -----timestamp-----
 r  b         swpd         free         buff        cache   si   so    bi    bo   in   cs  us  sy  id  wa  st                 KST
 1  0      1398520       788048        15324     58407172    0    0 2700288     0 13693 20076   2   2  88   8   0 2026-09-16 17:31:29
 2  4      1398520       787576        15324     58407208    0    0 3047424     0 14709 20569   2   2  86  10   0 2026-09-16 17:31:30
 2  5      1398520       778100        15332     58407244    0    0 2638848   584 13964 19797   2   2  87   9   0 2026-09-16 17:31:31
 4  0      1398520       775776        15332     58407272    0    0 2884608     0 14093 20500   2   2  88   8   0 2026-09-16 17:31:32
 7  5      1398520       774336        15332     58407304    0    0 3052544     0 14248 20747   1   2  87   9   0 2026-09-16 17:31:33
 7  5      1398520       782468        15332     58407336    0    0 2505728     0 13204 19979   2   2  90   6   0 2026-09-16 17:31:34
 1  1      1398520       777768        15332     58407364    0    0 2939392     0 14057 20822   2   2  89   7   0 2026-09-16 17:31:35
 1  5      1398520       772560        15340     58407388    8    0 2542088   540 13463 20126   2   2  89   7   0 2026-09-16 17:31:36
 2  0      1398520       781012        15340     58407436    0    0 2673664     0 13211 20410   2   2  91   5   0 2026-09-16 17:31:37
 0  5      1398520       776292        15340     58407580    0    0 2804224     0 13777 20886   2   2  88   8   0 2026-09-16 17:31:38
 1  7      1398520       780212        15340     58407632    0    0 2570752     0 13776 20222   2   2  88   8   0 2026-09-16 17:31:39
 0  1      1398520       783800        15340     58407668    0    0 3145216     0 14373 20875   1   2  85  12   0 2026-09-16 17:31:40
 3  5      1398520       783960        15348     58407700    0    0 2309632   656 13525 19035   2   2  86  10   0 2026-09-16 17:31:41
 2  0      1398520       778556        15348     58407728    0    0 2883584     0 14345 20575   2   2  88   9   0 2026-09-16 17:31:42
 0  6      1398520       778120        15348     58407764   92    0 2565212     0 13818 19693   2   2  86  10   0 2026-09-16 17:31:43
 2  0      1398520       776204        15348     58407788    0    0 2577408     0 13522 19996   2   2  89   8   0 2026-09-16 17:31:44
 2  4      1398520       782540        15348     58408072    8    0 2803968     0 14460 20610   1   2  87  10   0 2026-09-16 17:31:45
 3  5      1398520       777056        15356     58408092    0    0 2914304   652 14098 20659   2   2  89   8   0 2026-09-16 17:31:46
 1  0      1398520       774984        15356     58408136    0    0 2835968     0 13820 20852   2   2  90   6   0 2026-09-16 17:31:47
 0  6      1398520       780592        15356     58408148    0    0 2475520     0 13225 20186   2   2  89   7   0 2026-09-16 17:31:48
 0  1      1398520       778148        15356     58408204    0    0 2671104     0 13294 20377   2   2  89   8   0 2026-09-16 17:31:49
procs -----------------------memory---------------------- ---swap-- -----io---- -system-- --------cpu-------- -----timestamp-----
 r  b         swpd         free         buff        cache   si   so    bi    bo   in   cs  us  sy  id  wa  st                 KST
 2  4      1398520       779712        15356     58408212    0    0 2628608     0 13332 20559   2   2  90   6   0 2026-09-16 17:31:50
 1  7      1398520       778040        15364     58408272    0    0 2554368    88 13458 20280   2   2  90   7   0 2026-09-16 17:31:51
 1  5      1398520       775656        15364     58408300    0    0 3002368   496 14256 21199   2   2  87   9   0 2026-09-16 17:31:52
 2  5      1398520       779252        15364     58408320    0    0 2676736     0 13410 20255   2   2  88   9   0 2026-09-16 17:31:53
 2  0      1398520       774320        15364     58408360    0    0 2864128     0 14197 20737   2   2  87   9   0 2026-09-16 17:31:54
 1  4      1398520       772124        15364     58408396    8    0 2633224     0 13971 19753   2   2  88   9   0 2026-09-16 17:31:55
 0  8      1398520       776760        15372     58408412    0    0 2582016    96 13682 19857   2   2  90   7   0 2026-09-16 17:31:56
 1  5      1398520       785460        15372     58408456    0    0 2947072   436 14706 20603   2   2  86  10   0 2026-09-16 17:31:57
 2  7      1398520       782352        15372     58408484    0    0 2479104     0 13790 19622   2   2  87   9   0 2026-09-16 17:31:58
 1  2      1398520       781144        15372     58408528    0    0 2977792     0 14561 20965   2   2  87   9   0 2026-09-16 17:31:59
 0  5      1398520       779980        15372     58408560    0    0 2925056     0 14168 20896   2   2  85  11   0 2026-09-16 17:32:00
 2  0      1398520       778132        15380     58408544    0    0 2311680    88 12774 19837   2   2  89   8   0 2026-09-16 17:32:01
 1  5      1398520       772176        15380     58408588    0    0 2786816   476 14091 20866   2   2  86  11   0 2026-09-16 17:32:02
 1  7      1398520       771952        15380     58408652    0    0 2406940     0 13032 20109   2   2  88   8   0 2026-09-16 17:32:03
 0  5      1398520       776528        15380     58408680    0    0 2864128     0 13466 20769   2   2  90   6   0 2026-09-16 17:32:04
 1  7      1398520       779908        15380     58408712    0    0 2276352     0 12567 19927   2   2  91   5   0 2026-09-16 17:32:05
 2  3      1398520       779736        15388     58408748    0    0 3050496   104 14388 21325   2   2  86  11   0 2026-09-16 17:32:06
 2  6      1398520       786364        15388     58408780    0    0 2298880   552 13339 19278   2   2  87   9   0 2026-09-16 17:32:07
 0  5      1398520       783176        15388     58408804    0    0 2520576     0 13900 19833   2   2  87   9   0 2026-09-16 17:32:08
 3  0      1398520       784348        15388     58408836    4    0 2365956     0 13287 19687   2   2  88   8   0 2026-09-16 17:32:09
 1  0      1398520       782144        15388     58408876    0    0 1714176     0 12459 18298   2   2  89   7   0 2026-09-16 17:32:10
procs -----------------------memory---------------------- ---swap-- -----io---- -system-- --------cpu-------- -----timestamp-----
 r  b         swpd         free         buff        cache   si   so    bi    bo   in   cs  us  sy  id  wa  st                 KST
 2  5      1398520       781000        15396     58408904    0    0 2489344    88 13826 19602   2   2  86  11   0 2026-09-16 17:32:11
 0  4      1398520       780356        15396     58408940    0    0 2533376   460 13807 19955   2   2  87   9   0 2026-09-16 17:32:12
 1  0      1398520       776240        15396     58408956    0    0 1833984     0 12542 18644   2   2  91   5   0 2026-09-16 17:32:13
 1  3      1398520       777632        15396     58409000    0    0 3269632     0 14673 21501   2   2  87   9   0 2026-09-16 17:32:14
 2  0      1398520       782116        15396     58409024    0    0 1872896     0 12384 18892   2   2  90   6   0 2026-09-16 17:32:15
 2  6      1398520       773076        15404     58409056    0    0 2184192    84 13171 19426   2   2  90   6   0 2026-09-16 17:32:16
 1  5      1398520       775000        15404     58409096    0    0 2597888   500 13454 20473   2   2  89   7   0 2026-09-16 17:32:17
 1  0      1398520       771076        15404     58409132    0    0 2074624     0 12468 19464   2   2  90   6   0 2026-09-16 17:32:18
 0  8      1398520       767100        15404     58409164    0    0 1968128     0 13028 19170   3   2  89   7   0 2026-09-16 17:32:19
 2  4      1398520       771956        15404     58409196    0    0 2449920     0 13459 20083   2   2  87   9   0 2026-09-16 17:32:20
 2  0      1398520       772008        15412     58409224    0    0 2438656   100 13349 20078   2   2  89   8   0 2026-09-16 17:32:21
 1  4      1398520       769344        15412     58409260    0    0 2678272   444 14130 20106   2   2  86  10   0 2026-09-16 17:32:22
 1  1      1398520       769148        15412     58409292    0    0 2459648     0 13827 19729   2   2  88   8   0 2026-09-16 17:32:23
 0  8      1398520       762944        15412     58409320    0    0 1792512     0 12637 18137   3   2  89   6   0 2026-09-16 17:32:24
 1  5      1398520       770872        15412     58409352    0    0 2583040     0 13952 20077   2   2  86  10   0 2026-09-16 17:32:25
 1  0      1398520       766488        15420     58409388    0    0 2485760    68 13710 19719   2   2  89   8   0 2026-09-16 17:32:26
 1  8      1398520       764536        15420     58409424    0    0 1805312   492 12658 18217   2   2  90   6   0 2026-09-16 17:32:27
 0  6      1398520       768608        15420     58409452    0    0 2400256     0 13708 19446   2   2  86  11   0 2026-09-16 17:32:28
 0  4      1398520       763492        15420     58409492    0    0 2525184     0 14236 19890   2   2  87   9   0 2026-09-16 17:32:29
 0  6      1398520       765816        15420     58409520    0    0 2337792     0 13027 19770   2   2  88   8   0 2026-09-16 17:32:30
 1  5      1398520       771184        15428     58409552    0    0 2584576    92 13475 20185   2   2  88   8   0 2026-09-16 17:32:31
procs -----------------------memory---------------------- ---swap-- -----io---- -system-- --------cpu-------- -----timestamp-----
 r  b         swpd         free         buff        cache   si   so    bi    bo   in   cs  us  sy  id  wa  st                 KST
 2  0      1398520       771472        15428     58409580    0    0 2060288     0 12711 19142   2   2  90   6   0 2026-09-16 17:32:32
 2  5      1398520       769864        15428     58409616    0    0 2316288   420 13563 19856   2   2  88   8   0 2026-09-16 17:32:33
 0  5      1398520       778500        15428     58409648    0    0 2440192     0 13312 19943   2   2  89   8   0 2026-09-16 17:32:34
 2  0      1398520       769272        15428     58409724    0    0 2100260     0 12206 19286   2   2  90   6   0 2026-09-16 17:32:35
 2  7      1398520       765120        15436     58409752    0    0 1932288    96 12473 18810   2   2  89   7   0 2026-09-16 17:32:36
 2  4      1398264       764468        15436     58410068  188    0 2482152     0 13580 20341   2   2  88   8   0 2026-09-16 17:32:37
 1  0      1398264       764580        15436     58410096   84    0 2442836   624 13658 19883   2   2  89   7   0 2026-09-16 17:32:38
 2  5      1398264       767240        15436     58410132    0    0 2535424     0 13575 19541   2   2  88   8   0 2026-09-16 17:32:39
 1  1      1398264       775404        15436     58410156    0    0 2597376     0 13724 19991   2   2  88   8   0 2026-09-16 17:32:40
 0  7      1398264       776464        15444     58410192    0    0 1928704   112 12791 18316   2   2  88   8   0 2026-09-16 17:32:41
 1  4      1398264       771532        15444     58410228    0    0 2728960     0 13812 20153   2   2  89   7   0 2026-09-16 17:32:42
 2  0      1398264       772908        15444     58410256    0    0 2208768   484 12933 19332   2   2  90   6   0 2026-09-16 17:32:43
 2  5      1398264       765776        15444     58410296    0    0 2203648     0 13445 18971   2   2  86  10   0 2026-09-16 17:32:44
 2  0      1398264       766936        15444     58410328    0    0 2938880     0 13948 21242   2   2  88   8   0 2026-09-16 17:32:45
 2  5      1398264       769568        15452     58410360    0    0 2503168    84 13310 20121   2   2  87   9   0 2026-09-16 17:32:46
 0  3      1398264       769680        15452     58410392    0    0 2522624     0 12875 20009   2   2  88   8   0 2026-09-16 17:32:47
 2  0      1398264       768968        15452     58410424    0    0 1830912   512 12263 18837   2   2  90   6   0 2026-09-16 17:32:48
 0  5      1398264       771596        15452     58410456    0    0 2514432     0 13330 20068   2   2  88   9   0 2026-09-16 17:32:49
 1  3      1398264       770892        15452     58410492    0    0 2515456     0 13486 20207   2   2  89   7   0 2026-09-16 17:32:50
 2  0      1398264       775264        15460     58410520    0    0 1826816   100 12076 18831   2   2  90   6   0 2026-09-16 17:32:51
 1  4      1398264       765032        15460     58410556    0    0 2637312     0 13642 20427   2   2  87   9   0 2026-09-16 17:32:52
procs -----------------------memory---------------------- ---swap-- -----io---- -system-- --------cpu-------- -----timestamp-----
 r  b         swpd         free         buff        cache   si   so    bi    bo   in   cs  us  sy  id  wa  st                 KST
 0  8      1398264       767596        15460     58410588    0    0 2578944   484 13414 19997   2   2  89   7   0 2026-09-16 17:32:53
 0  5      1398264       765392        15460     58410620    0    0 2670080     0 14042 20008   2   2  87   9   0 2026-09-16 17:32:54
 1  0      1398264       766064        15460     58410648    0    0 2398720     0 13517 19775   2   2  89   7   0 2026-09-16 17:32:55
 0  6      1398264       768664        15468     58410684    0    0 2248704    88 13277 19007   2   2  89   8   0 2026-09-16 17:32:56
 2  3      1398264       771268        15468     58410708    0    0 2688000     0 14008 20209   2   2  86  10   0 2026-09-16 17:32:57
 2  8      1398264       764824        15468     58410748    0    0 2010112   468 12940 18844   2   2  91   5   0 2026-09-16 17:32:58
 0  5      1398264       773304        15468     58410776    0    0 2589184     0 14101 19869   2   2  87  10   0 2026-09-16 17:32:59
 4  0      1398264       772652        15468     58410808    0    0 2463232     0 13072 20107   2   2  90   6   0 2026-09-16 17:33:00
 1  5      1398264       764720        15476     58410828    0    0 2557440    88 13264 20220   2   2  88   9   0 2026-09-16 17:33:01
 0  1      1398264       766876        15476     58410872    0    0 2556928     0 13473 20306   2   2  89   7   0 2026-09-16 17:33:02
 0  7      1398264       764736        15476     58410896    0    0 2035200   460 12928 19547   2   2  91   5   0 2026-09-16 17:33:03
 1  5      1398264       769164        15476     58410936    0    0 2584576     0 13176 20272   2   2  91   5   0 2026-09-16 17:33:04
 2  0      1398264       772504        15476     58410968    0    0 2265088     0 12774 20061   2   2  90   6   0 2026-09-16 17:33:05
 0  7      1398264       768588        15484     58411000    0    0 2013184    72 13052 19145   2   2  88   8   0 2026-09-16 17:33:06
 1  4      1398264       777224        15484     58411032    0    0 2616320     0 13727 20336   2   2  88   9   0 2026-09-16 17:33:07
 2  5      1398264       779060        15484     58411068    0    0 2896896   484 14049 20527   1   2  86  11   0 2026-09-16 17:33:08
 1  5      1398264       781704        15484     58411092    0    0 3297280     0 14758 20971   1   2  85  12   0 2026-09-16 17:33:09
 2  6      1398264       776708        15484     58411128    0    0 3182592     0 14833 21188   2   2  84  12   0 2026-09-16 17:33:10
 1  8      1398264       772000        15492     58411160    0    0 3209216   100 14340 21022   1   2  86  11   0 2026-09-16 17:33:11
 1  3      1398264       775620        15492     58411192    0    0 3250176     0 14966 21233   1   2  85  12   0 2026-09-16 17:33:12
 1  4      1398264       768852        15492     58411228    0    0 3333120   468 14764 21689   1   2  86  10   0 2026-09-16 17:33:13
procs -----------------------memory---------------------- ---swap-- -----io---- -system-- --------cpu-------- -----timestamp-----
 r  b         swpd         free         buff        cache   si   so    bi    bo   in   cs  us  sy  id  wa  st                 KST
 2  3      1398264       769800        15492     58411256    0    0 3331072     0 14547 21888   1   2  84  12   0 2026-09-16 17:33:14
 1  4      1398264       779476        15492     58411292    8    0 3029512     0 13790 21238   1   2  88   8   0 2026-09-16 17:33:15
 3  5      1398264       787704        15500     58411324    0    0 3001856    88 13517 21076   1   2  87   9   0 2026-09-16 17:33:16
 3  5      1398264       778964        15500     58411356    0    0 3155968     0 13953 21370   1   2  88   9   0 2026-09-16 17:33:17
 0  1      1398264       777068        15500     58411384    0    0 3051008     0 14164 21368   1   2  88   8   0 2026-09-16 17:33:18
 1  4      1398264       775676        15500     58411420    0    0 3194368   424 14620 21425   1   2  86  11   0 2026-09-16 17:33:19
 1  4      1398264       777740        15500     58411444    0    0 3281920     0 14891 21174   1   2  85  12   0 2026-09-16 17:33:20
 1  4      1398264       771284        15508     58411484    0    0 3267584    88 14965 21256   1   2  84  12   0 2026-09-16 17:33:21
 1  5      1398264       760524        15508     58411512    0    0 3255808     0 14821 21106   1   2  86  11   0 2026-09-16 17:33:22
 2  5      1398264       764740        15508     58411540    0    0 3145216     0 14689 20879   1   2  86  11   0 2026-09-16 17:33:23
 1  6      1398264       765908        15508     58411568    0    0 3117056   500 14579 20997   1   2  86  11   0 2026-09-16 17:33:24
 2  8      1398264       773032        15508     58411612   12    0 3099660     0 14239 21504   1   2  88   8   0 2026-09-16 17:33:25
 2  2      1398264       771832        15516     58411640    0    0 3245056    84 14517 21600   1   2  87  10   0 2026-09-16 17:33:26
 1  4      1398264       769864        15516     58411672    0    0 3179520     0 14316 21329   1   2  86  11   0 2026-09-16 17:33:27
 0  5      1398264       766192        15516     58411704    0    0 3108352     0 14017 21380   1   2  88   9   0 2026-09-16 17:33:28
 1  6      1398264       762632        15516     58411736    0    0 3172864   460 14297 21468   2   2  86  10   0 2026-09-16 17:33:29
 2  5      1398264       767272        15516     58411764    0    0 3140608     0 13961 21259   2   2  86  10   0 2026-09-16 17:33:30
 0  7      1398264       766428        15524     58411808    0    0 3179520   100 14608 20967   1   2  85  11   0 2026-09-16 17:33:31
 1  1      1398264       767528        15524     58411840    0    0 3204608     0 14639 21051   1   2  86  11   0 2026-09-16 17:33:32
 1  5      1398264       768828        15524     58411872    0    0 3210752     0 14753 20855   1   2  86  10   0 2026-09-16 17:33:33
 6  4      1398264       766372        15524     58411904    0    0 3057664   528 14466 20779   1   2  86  10   0 2026-09-16 17:33:34
procs -----------------------memory---------------------- ---swap-- -----io---- -system-- --------cpu-------- -----timestamp-----
 r  b         swpd         free         buff        cache   si   so    bi    bo   in   cs  us  sy  id  wa  st                 KST
 2  5      1398264       766952        15524     58411936    0    0 3172352     0 14441 20930   1   2  85  11   0 2026-09-16 17:33:35
 1  5      1398264       767268        15532     58411968    0    0 3188736   108 14198 21377   1   2  86  11   0 2026-09-16 17:33:36
 0  6      1398264       772836        15532     58412000    0    0 3314688     0 14054 21587   1   2  87   9   0 2026-09-16 17:33:37
 1  8      1398264       773924        15532     58412156    0    0 3004416     0 13516 21157   1   2  88   9   0 2026-09-16 17:33:38
 2  2      1398264       766444        15532     58412188    0    0 3223552   496 14523 21401   1   2  86  10   0 2026-09-16 17:33:39
 2  4      1398264       770516        15532     58412292    0    0 3045436     0 13952 21138   1   2  87  10   0 2026-09-16 17:33:40
 2  6      1398264       772868        15540     58412316    0    0 2945024    80 13762 21002   1   3  86  10   0 2026-09-16 17:33:41
 2  5      1398264       777772        15540     58412352    0    0 3174400     0 14360 20914   1   2  85  11   0 2026-09-16 17:33:42
 1  7      1398264       773556        15540     58412376    4    0 3307524     0 14842 21165   1   2  86  10   0 2026-09-16 17:33:43
 1  6      1398264       777952        15540     58412412    0    0 3279872   440 14759 20972   1   2  85  11   0 2026-09-16 17:33:44
 1  0      1398264       770808        15540     58412444    0    0 3250176     0 14678 21558   1   2  86  10   0 2026-09-16 17:33:45
 1  4      1398264       768424        15548     58412476    0    0 3230720    96 14510 20871   1   2  86  11   0 2026-09-16 17:33:46
 1  5      1398264       770756        15548     58412504    0    0 3196928     0 14266 21116   1   2  88   9   0 2026-09-16 17:33:47
 1  5      1398264       768592        15548     58412608    0    0 2980376     0 13824 21158   1   2  88   8   0 2026-09-16 17:33:48
 1  5      1398264       771516        15548     58412632    0    0 3168768   456 14166 21442   1   2  87   9   0 2026-09-16 17:33:49
 2  6      1398264       772108        15548     58412668    0    0 3163136     0 13882 21485   1   2  87   9   0 2026-09-16 17:33:50
 1  8      1398264       767388        15556     58412696    0    0 3267584    84 14384 21636   1   2  85  11   0 2026-09-16 17:33:51
 3  0      1398264       766772        15556     58412732    0    0 3235328     0 14301 21736   1   2  87  10   0 2026-09-16 17:33:52
 2  4      1398264       766080        15556     58412760    0    0 3118592     0 14222 21244   2   2  87  10   0 2026-09-16 17:33:53
 4  4      1398264       768244        15556     58412796    0    0 3210240   484 14861 21152   1   2  86  11   0 2026-09-16 17:33:54
 0  5      1398264       766072        15556     58412820    0    0 3195392     0 14788 21031   1   2  84  12   0 2026-09-16 17:33:55
procs -----------------------memory---------------------- ---swap-- -----io---- -system-- --------cpu-------- -----timestamp-----
 r  b         swpd         free         buff        cache   si   so    bi    bo   in   cs  us  sy  id  wa  st                 KST
 1  6      1398264       761320        15564     58412856    0    0 3199488    88 14687 21081   1   2  85  12   0 2026-09-16 17:33:56
 2  6      1398264       765464        15564     58412880    0    0 3122176     0 14450 20781   1   2  88   9   0 2026-09-16 17:33:57
 5  6      1398264       765048        15564     58412916    0    0 3319808     0 14933 21627   1   2  86  10   0 2026-09-16 17:33:58
 0  9      1398264       766936        15564     58412956    0    0 3326976   164 14636 21890   1   2  87  10   0 2026-09-16 17:33:59
 3  2      1398264       773524        15564     58412988    0    0 3160064   296 14216 21571   1   2  86  10   0 2026-09-16 17:34:00
 1  3      1398264       772844        15572     58413016    0    0 3258368    88 14458 21847   1   2  86  11   0 2026-09-16 17:34:01
 0  5      1398264       775428        15572     58413048    0    0 3026432     0 14227 21428   1   2  85  11   0 2026-09-16 17:34:02
 1  6      1398264       777264        15572     58413080    0    0 3022336     0 13665 21178   1   2  87  10   0 2026-09-16 17:34:03
 1  6      1398264       765068        15572     58413112    0    0 2990080     0 13663 20927   1   2  87   9   0 2026-09-16 17:34:04
 5  4      1398264       761120        15572     58413144    4    0 3274684   464 14664 21771   1   2  88   9   0 2026-09-16 17:34:05
 4  2      1398264       763488        15580     58413172    0    0 3247176    88 14754 21199   1   2  84  12   0 2026-09-16 17:34:06
 1  5      1398264       766116        15580     58413208    0    0 3233792     0 14802 21145   1   2  84  12   0 2026-09-16 17:34:07
 2  4      1398264       770032        15580     58413232    0    0 3196928     0 14800 21079   2   2  85  11   0 2026-09-16 17:34:08
 3  4      1398264       767640        15580     58413272    0    0 3175936     0 14747 20964   1   2  85  11   0 2026-09-16 17:34:09
 1  5      1398264       764976        15580     58413304    0    0 3249664   448 14901 21912   2   2  85  11   0 2026-09-16 17:34:10
 2  5      1398264       774628        15588     58413336    0    0 3138560    84 13785 21479   1   2  88   8   0 2026-09-16 17:34:11
 2  7      1398264       768696        15588     58413364    0    0 3027968     0 13616 21313   1   2  89   8   0 2026-09-16 17:34:12
 0  3      1398264       762756        15588     58413396    0    0 3233792     0 14034 21520   1   2  87   9   0 2026-09-16 17:34:13
 2  4      1398264       765680        15588     58413424    0    0 3184640     0 14291 21758   1   2  88   9   0 2026-09-16 17:34:14
 1  4      1398264       766728        15588     58413460    0    0 3193344   456 14341 21747   2   2  87   9   0 2026-09-16 17:34:15
 1  6      1398264       770620        15596     58413484    0    0 3048960    88 14341 20688   1   2  86  11   0 2026-09-16 17:34:16
procs -----------------------memory---------------------- ---swap-- -----io---- -system-- --------cpu-------- -----timestamp-----
 r  b         swpd         free         buff        cache   si   so    bi    bo   in   cs  us  sy  id  wa  st                 KST
 3  6      1398264       774224        15596     58413520    0    0 3158016     0 14701 21010   1   2  85  12   0 2026-09-16 17:34:17
 1  6      1398264       770572        15596     58413548    0    0 3241984     0 14583 21132   1   2  86  11   0 2026-09-16 17:34:18
 1  8      1398264       772428        15596     58413580    0    0 3269632     0 14986 21306   1   2  85  12   0 2026-09-16 17:34:19
 1  1      1398264       772012        15596     58413608    0    0 3279360   436 14753 21328   1   2  85  12   0 2026-09-16 17:34:20
 2  3      1398264       769100        15604     58413648    0    0 3325440    72 14618 21411   1   2  86  11   0 2026-09-16 17:34:21
 0  5      1398264       771460        15604     58413680    0    0 3182592     0 14305 21655   1   2  86  11   0 2026-09-16 17:34:22
 1  4      1398264       773008        15604     58413712    0    0 3318784     0 14453 21815   1   2  86  10   0 2026-09-16 17:34:23
 1  4      1398264       772956        15604     58413744    8    0 3183112     0 14452 21512   1   2  88   9   0 2026-09-16 17:34:24
 1  6      1398264       766780        15604     58413772    0    0 2995712   456 13842 21525   1   2  88   9   0 2026-09-16 17:34:25
 1  8      1398264       770952        15620     58413808    0    0 3097600   240 13870 21458   1   2  88   9   0 2026-09-16 17:34:26
 1  1      1398264       775108        15620     58413844    0    0 3217920     0 14226 21344   1   2  86  10   0 2026-09-16 17:34:27
 1  4      1398264       775012        15628     58413876    0    0 3269120    40 14808 21158   1   2  85  12   0 2026-09-16 17:34:28
 2  4      1398264       772920        15628     58413912    0    0 3272704     0 14780 21284   1   2  87  10   0 2026-09-16 17:34:29
 3  4      1398264       772252        15628     58413948    8    0 3212296   400 14448 20970   1   2  85  12   0 2026-09-16 17:34:30
 1  5      1398264       768528        15628     58413972    0    0 3244544     0 14641 20955   1   2  86  11   0 2026-09-16 17:34:31
 1  6      1398264       767588        15628     58414012    0    0 3108352     0 14574 21066   1   2  86  11   0 2026-09-16 17:34:32
 1  5      1398264       770440        15636     58414040    0    0 3112960   120 14080 21219   1   2  87  10   0 2026-09-16 17:34:33
 2  1      1398264       771328        15636     58414072    0    0 3073536     0 13976 21200   1   2  87   9   0 2026-09-16 17:34:34
 1  3      1398264       775000        15636     58414096    0    0 3318272   436 14020 21653   1   2  88   9   0 2026-09-16 17:34:35
 3  5      1398264       775100        15636     58414136    0    0 3016704     0 13832 21091   1   2  87   9   0 2026-09-16 17:34:36
 1  6      1398264       775208        15636     58414164    0    0 3026944     0 13878 21018   1   2  87  10   0 2026-09-16 17:34:37
procs -----------------------memory---------------------- ---swap-- -----io---- -system-- --------cpu-------- -----timestamp-----
 r  b         swpd         free         buff        cache   si   so    bi    bo   in   cs  us  sy  id  wa  st                 KST
 2  5      1398264       777028        15644     58414192    0    0 3091456    84 13772 20997   1   2  86  11   0 2026-09-16 17:34:38
 1  7      1398264       777600        15644     58414224    0    0 3201024     0 14644 20923   1   2  87  10   0 2026-09-16 17:34:39
 1  7      1398264       773684        15644     58414260    0    0 3300352   436 14837 21207   1   2  85  11   0 2026-09-16 17:34:40
 2  4      1398264       766948        15644     58414288    0    0 3046400     0 14569 20501   1   2  84  12   0 2026-09-16 17:34:41
 2  4      1398264       780920        15644     58414320    0    0 3155968     0 14825 20854   1   2  85  12   0 2026-09-16 17:34:42
 2  4      1398264       775236        15652     58414340    0    0 3202560    88 14756 21331   2   2  85  11   0 2026-09-16 17:34:43
 1  4      1398264       774308        15652     58414384    0    0 3359744     0 14405 21819   1   2  86  11   0 2026-09-16 17:34:44
 1  5      1398264       771172        15652     58414404    4    0 3200516     0 14188 21839   1   2  86  10   0 2026-09-16 17:34:45
 2  5      1398264       767944        15652     58414452   16    0 3163152   408 13964 21677   1   2  87   9   0 2026-09-16 17:34:46
 0  1      1398264       771080        15652     58414484    0    0 3068416     0 13405 21169   1   2  88   9   0 2026-09-16 17:34:47
 1  3      1398264       773456        15660     58414504    0    0 3313152    68 14213 21630   1   2  86  11   0 2026-09-16 17:34:48
 0  5      1398264       775292        15660     58414548    0    0 3203072     0 13898 21478   1   2  86  11   0 2026-09-16 17:34:49
 2  4      1398264       769160        15660     58414580    0    0 3175424     0 14665 20746   1   2  87   9   0 2026-09-16 17:34:50
 2  4      1398264       771516        15660     58414608    0    0 3230208   468 14518 21045   1   2  86  10   0 2026-09-16 17:34:51
 2  5      1398264       770824        15660     58414640    0    0 3290624     0 14759 21091   1   2  85  11   0 2026-09-16 17:34:52
 0  6      1398264       767648        15668     58414676    0    0 3212288   104 14684 21174   1   2  86  11   0 2026-09-16 17:34:53
 3  6      1398264       768252        15668     58414684    0    0 3175424     0 14258 20857   1   2  87  10   0 2026-09-16 17:34:54
 1  1      1398264       767624        15668     58414724    0    0 3126784     0 13779 21218   1   2  89   8   0 2026-09-16 17:34:55
 0  4      1398264       770304        15668     58414752    0    0 3212800   468 14158 21555   1   2  87  10   0 2026-09-16 17:34:56
 1  4      1398264       771116        15668     58414784    0    0 3176448     0 14102 21299   1   2  88   8   0 2026-09-16 17:34:57
 0  4      1398264       771024        15676     58414812    0    0 3003904    84 13630 21114   1   2  87   9   0 2026-09-16 17:34:58
procs -----------------------memory---------------------- ---swap-- -----io---- -system-- --------cpu-------- -----timestamp-----
 r  b         swpd         free         buff        cache   si   so    bi    bo   in   cs  us  sy  id  wa  st                 KST
 3  6      1398264       775380        15676     58414848    0    0 3002880     0 13643 21145   1   2  87  10   0 2026-09-16 17:34:59
 0  8      1398264       769004        15676     58414872    0    0 3201024     0 13809 21461   1   2  88   8   0 2026-09-16 17:35:00
 1  0      1398264       769604        15676     58414912    0    0 3261440   532 14474 21448   1   2  87  10   0 2026-09-16 17:35:01
 3  3      1398264       776204        15676     58414940    0    0 3224576     0 14584 21309   1   2  85  12   0 2026-09-16 17:35:02
 3  4      1398264       772976        15684     58414968    0    0 3134464   104 14463 20854   2   2  84  12   0 2026-09-16 17:35:03
 1  5      1398264       779088        15684     58415004    0    0 3301376     0 14775 21215   1   2  85  12   0 2026-09-16 17:35:04
 0  6      1398264       781500        15684     58415040    0    0 3154944     0 14902 21381   1   2  85  11   0 2026-09-16 17:35:05
 1  6      1398264       778840        15684     58415064    0    0 3363840   468 14775 21664   1   2  85  11   0 2026-09-16 17:35:06
 1  6      1398264       775092        15684     58415104    0    0 3180544     0 13940 21720   1   2  86  10   0 2026-09-16 17:35:07
 3  7      1398264       782224        15692     58415128    0    0 3014656    84 13595 21145   1   2  87  10   0 2026-09-16 17:35:08
 1  0      1398264       786328        15692     58415168    0    0 3338240     0 14393 21930   1   2  86  10   0 2026-09-16 17:35:09
 1  4      1398264       781652        15692     58415204    0    0 3251200     0 14469 21934   1   2  85  11   0 2026-09-16 17:35:10
 0  5      1398264       787868        15692     58415232    0    0 3135488   448 14074 21659   1   2  88   9   0 2026-09-16 17:35:11
 0  5      1398264       778656        15692     58415264    0    0 3353600     0 14718 21724   1   3  86  10   0 2026-09-16 17:35:12
 0  5      1398264       773512        15700     58415304    0    0 3291648   100 14849 21348   1   2  86  10   0 2026-09-16 17:35:13
 1  6      1398264       770808        15700     58415332    0    0 3233280     0 14574 21112   1   2  86  11   0 2026-09-16 17:35:14
 3  5      1398264       773908        15700     58415368    0    0 3216384     0 14797 21034   1   2  87   9   0 2026-09-16 17:35:15
 1  6      1398264       776276        15700     58415400    0    0 3295232   428 14751 21207   1   2  85  11   0 2026-09-16 17:35:16
 1  7      1398264       777884        15700     58415436    0    0 3191820     0 14707 21368   1   2  85  12   0 2026-09-16 17:35:17
 1  2      1398264       777924        15708     58415472    0    0 3073024   100 14271 21316   1   2  87   9   0 2026-09-16 17:35:18
 1  4      1398264       775216        15708     58415500    0    0 3145728     0 14229 21487   1   2  86  11   0 2026-09-16 17:35:19
procs -----------------------memory---------------------- ---swap-- -----io---- -system-- --------cpu-------- -----timestamp-----
 r  b         swpd         free         buff        cache   si   so    bi    bo   in   cs  us  sy  id  wa  st                 KST
 2  4      1398264       774292        15708     58415536   16    0 3025424     0 13738 21178   1   2  86  11   0 2026-09-16 17:35:20
 1  5      1398264       778896        15708     58415560    0    0 2975232   448 13812 21198   1   2  88   9   0 2026-09-16 17:35:21
 2  7      1398264       781984        15708     58415596    0    0 3032064     0 13877 21358   1   2  87  10   0 2026-09-16 17:35:22
 2  1      1398264       782072        15716     58415624    0    0 3270144    72 14339 21708   1   2  86  10   0 2026-09-16 17:35:24
 1  4      1398264       779388        15716     58415668    0    0 3139072     0 14564 20963   1   2  86  11   0 2026-09-16 17:35:25
 0  5      1398264       777500        15716     58415696    4    0 3057156     0 14546 21215   1   2  85  11   0 2026-09-16 17:35:26
 2  6      1398264       778672        15716     58415724    0    0 3157504   104 14486 20890   1   2  87  10   0 2026-09-16 17:35:26
 0  7      1398264       784592        15716     58415756    0    0 3038244   320 14427 20842   1   2  85  11   0 2026-09-16 17:35:27
 1  8      1398264       779116        15724     58415816    0    0 3281920    96 14718 21257   1   2  87  10   0 2026-09-16 17:35:28
 2  0      1398264       772424        15724     58415852    0    0 3230208     0 14445 21601   1   2  87  10   0 2026-09-16 17:35:29
 1  3      1398264       772300        15724     58415888    0    0 3324416     0 14442 21806   1   2  87   9   0 2026-09-16 17:35:30
 1  5      1398264       774216        15724     58415920    0    0 3069952     0 13855 21279   1   2  86  10   0 2026-09-16 17:35:31
 0  5      1398264       776804        15724     58415952    0    0 3331584   452 14504 21774   1   2  86  10   0 2026-09-16 17:35:33
 1  5      1398264       771352        15732     58415988    0    0 3012096    88 13933 21082   1   2  87   9   0 2026-09-16 17:35:34
 2  6      1398264       767152        15732     58416020    0    0 3136512     0 14215 21451   1   2  88   9   0 2026-09-16 17:35:35
 2  8      1398264       768992        15732     58416052    0    0 3175424     0 14405 20724   1   2  86  11   0 2026-09-16 17:35:36
 1  1      1398264       766876        15732     58416088    0    0 3228160     0 14977 21301   1   2  86  11   0 2026-09-16 17:35:37
 1  4      1398264       770056        15732     58416112    0    0 3298816   460 14746 21239   1   2  85  11   0 2026-09-16 17:35:38
 0  5      1398264       779016        15740     58416148    0    0 3158016   104 14787 20937   1   2  84  13   0 2026-09-16 17:35:39
 0  5      1398264       776612        15740     58416180    0    0 3186176     0 14556 20864   1   2  86  11   0 2026-09-16 17:35:40
 0  6      1398264       769624        15740     58416208    0    0 3179520     0 14195 21062   1   2  87  10   0 2026-09-16 17:35:41
procs -----------------------memory---------------------- ---swap-- -----io---- -system-- --------cpu-------- -----timestamp-----
 r  b         swpd         free         buff        cache   si   so    bi    bo   in   cs  us  sy  id  wa  st                 KST
 1  5      1398264       767488        15740     58416236    0    0 2982400     0 13700 21090   1   2  89   8   0 2026-09-16 17:35:42
 1  7      1398264       767604        15740     58416268    0    0 3172352   412 13888 21556   1   2  88   9   0 2026-09-16 17:35:43
 2  2      1398264       766672        15748     58416304   12    0 3247116    72 14167 21670   1   2  85  12   0 2026-09-16 17:35:44
 3  3      1398008       777296        15748     58416580   12    0 3306760     0 14065 21748   1   2  85  12   0 2026-09-16 17:35:45
 1  4      1398008       777664        15748     58416620    0    0 3035648     0 14067 21526   1   2  87  10   0 2026-09-16 17:35:46
 0  6      1398008       770960        15748     58416644    0    0 2923008     0 13873 20617   1   2  87  10   0 2026-09-16 17:35:47
 2  0      1398008       770528        15748     58416684    0    0 2830336   432 14235 20482   2   2  87   9   0 2026-09-16 17:35:48
 1  6      1398008       769872        15756     58416708    0    0 2595840    76 13767 19602   2   2  88   9   0 2026-09-16 17:35:49
 2  0      1398008       772932        15756     58416740    0    0 2546688     0 13581 19802   2   2  90   7   0 2026-09-16 17:35:50
 0  5      1398008       775276        15756     58416772    0    0 2911232     0 14424 20312   1   2  85  11   0 2026-09-16 17:35:51
 0  7      1398008       774156        15756     58416808    0    0 2534400     0 13923 19643   2   2  89   8   0 2026-09-16 17:35:52
 1  3      1398008       766644        15756     58416836    4    0 3023876   412 14506 21001   2   2  87  10   0 2026-09-16 17:35:53
 0  5      1398008       769028        15764     58416872    0    0 2828800    84 13874 20824   2   2  86  10   0 2026-09-16 17:35:54
 2  0      1398008       766060        15764     58416900    0    0 2415104     0 13118 20123   2   2  89   7   0 2026-09-16 17:35:55
 1  5      1398008       774224        15764     58416944    0    0 2948096     0 14091 21199   2   2  88   8   0 2026-09-16 17:35:56
 2  7      1398008       776644        15764     58416972    0    0 2280448     0 12649 19450   2   2  90   6   0 2026-09-16 17:35:57
 1  5      1398008       777960        15764     58417004    0    0 2897920   484 14068 20894   1   2  88   8   0 2026-09-16 17:35:58
 1  6      1398008       768700        15772     58417024    0    0 2578432   116 13544 20344   2   2  88   8   0 2026-09-16 17:35:59
 2  1      1398008       771764        15772     58417064    0    0 2969088     0 13859 20957   2   2  87   9   0 2026-09-16 17:36:00
 1  5      1398008       766928        15772     58417104    0    0 2825216     0 14324 20307   1   2  85  12   0 2026-09-16 17:36:01
 1  7      1398008       774308        15772     58417140    0    0 2576896     0 13688 19667   2   2  87   9   0 2026-09-16 17:36:02
procs -----------------------memory---------------------- ---swap-- -----io---- -system-- --------cpu-------- -----timestamp-----
 r  b         swpd         free         buff        cache   si   so    bi    bo   in   cs  us  sy  id  wa  st                 KST
 1  3      1398008       775932        15772     58417168    0    0 3035136   488 14661 21173   1   2  86  10   0 2026-09-16 17:36:03
 2  6      1398008       772756        15776     58417196    0    0 2481152   104 13731 19582   2   2  87  10   0 2026-09-16 17:36:04
 3  0      1398008       783124        15780     58417228    0    0 2834432     4 14238 20582   2   2  88   9   0 2026-09-16 17:36:05
 2  4      1398008       782184        15780     58417264    0    0 2653696     0 14314 20372   2   2  85  11   0 2026-09-16 17:36:06
 0  8      1398008       784756        15780     58417296    0    0 2737664     0 13643 20595   2   2  87   9   0 2026-09-16 17:36:07
 0  4      1398008       781168        15780     58417320    0    0 2869248   464 13963 20991   2   2  88   9   0 2026-09-16 17:36:08
 0  6      1398008       777704        15780     58417356    0    0 2444288     0 13266 20148   2   2  88   8   0 2026-09-16 17:36:09
 2  2      1398008       776600        15788     58417388    0    0 2893824    76 13989 21202   2   2  88   9   0 2026-09-16 17:36:10
 1  6      1398008       774224        15788     58417416    0    0 2548736     0 13637 20439   2   2  88   8   0 2026-09-16 17:36:11
 0  1      1398008       778644        15788     58417444    0    0 2700800     0 13385 20567   2   2  90   7   0 2026-09-16 17:36:12
 1  5      1398008       773964        15788     58417484    0    0 2519040     0 13230 20337   2   2  89   8   0 2026-09-16 17:36:13
 2  0      1398008       772512        15788     58417512    0    0 2631168   472 13672 20252   2   2  89   8   0 2026-09-16 17:36:14
 3  5      1398008       766500        15796     58417676    0    0 2413568    72 13684 19488   2   2  87   9   0 2026-09-16 17:36:15
 1  2      1398008       774660        15796     58417704    0    0 2634752     0 13871 20177   2   2  87   9   0 2026-09-16 17:36:16
 1  0      1398008       776500        15796     58417736    0    0 1808384     0 12492 18547   2   2  90   6   0 2026-09-16 17:36:17
 2  5      1398008       780144        15796     58417764    0    0 2425856     0 13575 19520   2   2  87   9   0 2026-09-16 17:36:18
 3  3      1398008       771228        15796     58417804    0    0 2612224   452 14105 20223   2   2  88   8   0 2026-09-16 17:36:19
 8  0      1398008       774140        15804     58417832    0    0 1818624    88 12189 18592   2   2  89   7   0 2026-09-16 17:36:20
 5  3      1398008       776988        15804     58417868    0    0 3237888     0 14493 21292   1   2  86  10   0 2026-09-16 17:36:21
 3  0      1398008       777544        15804     58417896    0    0 1904640     0 12066 18823   2   2  90   6   0 2026-09-16 17:36:22
 1  7      1398008       777620        15804     58417932    0    0 2016256     0 12724 19330   2   2  89   7   0 2026-09-16 17:36:23
procs -----------------------memory---------------------- ---swap-- -----io---- -system-- --------cpu-------- -----timestamp-----
 r  b         swpd         free         buff        cache   si   so    bi    bo   in   cs  us  sy  id  wa  st                 KST
 1  4      1398008       774940        15804     58417972    0    0 2454016   460 13161 20280   2   2  89   7   0 2026-09-16 17:36:24
 2  0      1398008       773456        15812     58418004    0    0 2386432   112 13202 19934   2   2  89   7   0 2026-09-16 17:36:25
 2  0      1398008       774356        15812     58418032    0    0 1714176     0 12510 19033   2   2  90   6   0 2026-09-16 17:36:26
 1  5      1398008       778456        15812     58418064    0    0 2592256     0 13478 20299   2   2  87   9   0 2026-09-16 17:36:27
 0  2      1398008       776752        15812     58418096    4    0 2460164     0 13637 20177   2   2  88   8   0 2026-09-16 17:36:28
 2  5      1398008       775088        15812     58418132    0    0 2502656   472 13548 20175   2   2  88   8   0 2026-09-16 17:36:29
 1  4      1398008       765060        15820     58418164    0    0 2628608    92 13892 20150   2   2  89   8   0 2026-09-16 17:36:30
 3  0      1398008       767640        15820     58418196   12    0 1815564     0 12565 18609   3   2  90   6   0 2026-09-16 17:36:31
 0  6      1398008       769020        15820     58418228    0    0 2500608     0 13861 19491   2   2  87   9   0 2026-09-16 17:36:32
 1  1      1398008       775388        15820     58418256    0    0 2599424     0 13915 20176   2   2  89   8   0 2026-09-16 17:36:33
 2  0      1398008       778828        15820     58418292    0    0 1756672   452 12762 18586   3   2  90   6   0 2026-09-16 17:36:34
 1  5      1398008       776344        15828     58418320    0    0 2473984    72 13409 19584   2   2  87  10   0 2026-09-16 17:36:35
 3  3      1398008       773936        15828     58418448    0    0 2562136     0 13872 20014   2   2  88   8   0 2026-09-16 17:36:36
 2  6      1398008       770260        15828     58418472    0    0 2340864     0 13105 19719   2   2  87   9   0 2026-09-16 17:36:37
 1  4      1398008       766032        15828     58418508    0    0 2458624     0 13271 20014   2   2  90   7   0 2026-09-16 17:36:38
 2  0      1398008       768680        15828     58418536    0    0 2163712   448 13097 19609   2   2  90   6   0 2026-09-16 17:36:39
 1  7      1398008       762844        15836     58418568    0    0 1893376    88 12443 19119   2   2  91   5   0 2026-09-16 17:36:40
 1  5      1398008       764716        15836     58418596    0    0 2464256     0 13255 20063   2   2  88   8   0 2026-09-16 17:36:41
 2  0      1398008       763568        15836     58418632    0    0 2499072     0 13086 20055   2   2  88   8   0 2026-09-16 17:36:42
 0  7      1398008       765172        15836     58418660    0    0 1813504     0 12322 18819   2   2  91   5   0 2026-09-16 17:36:43
 3  5      1398008       770304        15836     58418700    0    0 2490880   448 13409 20053   2   2  87   9   0 2026-09-16 17:36:44
procs -----------------------memory---------------------- ---swap-- -----io---- -system-- --------cpu-------- -----timestamp-----
 r  b         swpd         free         buff        cache   si   so    bi    bo   in   cs  us  sy  id  wa  st                 KST
 1  0      1398008       769688        15844     58418728    0    0 2552320    76 13659 19845   2   2  88   8   0 2026-09-16 17:36:45
 2  0      1398008       774560        15844     58418756    4    0 1714180     0 12731 18564   2   2  89   6   0 2026-09-16 17:36:46
 1  8      1398008       766560        15844     58418792    0    0 1783808     0 12463 18470   2   2  90   5   0 2026-09-16 17:36:47
 0  8      1398008       771420        15844     58418840    0    0 1821696     0 12510 18184   2   2  89   7   0 2026-09-16 17:36:48
 0  6      1398008       773780        15844     58418868    0    0 2020352   448 12906 18908   2   2  89   7   0 2026-09-16 17:36:49
 1  6      1398008       775184        15852     58418900    0    0 1996800   116 12747 18761   2   2  90   6   0 2026-09-16 17:36:50
 0  5      1398008       766952        15852     58418932    0    0 2010624     0 13127 19059   2   2  89   7   0 2026-09-16 17:36:51
 3  4      1398008       761020        15852     58418960    0    0 2009600     0 12671 18843   2   2  89   7   0 2026-09-16 17:36:52
 1  1      1398008       759848        15852     58418992    0    0 2023936     0 12652 18952   2   2  89   7   0 2026-09-16 17:36:53
 0  9      1398008       757444        15852     58419024    0    0 1981952   292 12626 19195   2   2  90   6   0 2026-09-16 17:36:54
 2  5      1398008       758812        15860     58419056    0    0 1990656   344 12900 19067   2   2  90   6   0 2026-09-16 17:36:55
 0  5      1398008       760228        15860     58419088   12    0 2053644     0 12723 19192   2   2  89   7   0 2026-09-16 17:36:56
 1  5      1398008       763356        15860     58419128    0    0 2040320     0 12701 19224   2   2  90   6   0 2026-09-16 17:36:57
 0  4      1398008       760440        15860     58419144    0    0 2008064     0 12472 18959   2   2  90   6   0 2026-09-16 17:36:58
 2  0      1398008       770880        15860     58419188    0    0 1971200     0 12677 19081   2   2  91   6   0 2026-09-16 17:36:59
 2  0      1398008       766948        15868     58419216    0    0 1714176   460 12314 18548   3   2  91   5   0 2026-09-16 17:37:00
 1  0      1398008       762256        15868     58419248    0    0 1714176     0 12314 18350   3   2  90   5   0 2026-09-16 17:37:01
 1  0      1398008       762532        15868     58419276    0    0 1714176     0 12230 18437   2   2  91   5   0 2026-09-16 17:37:02
 0  5      1398008       759844        15868     58419308    0    0 2971648     0 14352 20865   2   2  86  10   0 2026-09-16 17:37:03
 0  4      1398008       763936        15868     58419336    0    0 2051072     0 13224 18823   2   2  89   7   0 2026-09-16 17:37:04
 1  0      1398008       760312        15876     58419372    0    0 1833984   548 12854 18662   2   2  90   6   0 2026-09-16 17:37:05
procs -----------------------memory---------------------- ---swap-- -----io---- -system-- --------cpu-------- -----timestamp-----
 r  b         swpd         free         buff        cache   si   so    bi    bo   in   cs  us  sy  id  wa  st                 KST
 1  0      1398008       764064        15876     58419396    0    0 1714176     0 12776 18534   2   2  91   5   0 2026-09-16 17:37:06
 2  0      1398008       764212        15876     58419440    0    0 1714176     0 12621 18490   2   2  90   6   0 2026-09-16 17:37:07
 2  0      1398008       762812        15876     58419468    0    0 1714176     0 12434 18380   2   2  90   6   0 2026-09-16 17:37:08
 2  8      1398008       757876        15876     58419496    0    0 1787904     0 12486 18425   3   2  90   6   0 2026-09-16 17:37:09
 0  7      1398008       754696        15884     58419532    4    0 1934340   504 12778 18669   2   2  89   7   0 2026-09-16 17:37:10
 1  5      1398008       759688        15884     58419568    0    0 1972224     0 13006 18902   2   2  88   7   0 2026-09-16 17:37:11
 3  0      1398008       759604        15884     58419592    0    0 2876416     0 14145 20859   2   2  88   8   0 2026-09-16 17:37:12
 2  0      1398008       759712        15884     58419632    0    0 1714176     0 12173 18513   2   2  91   6   0 2026-09-16 17:37:13
 3  0      1398008       756316        15884     58419668    0    0 1714176     0 12053 18608   2   2  91   5   0 2026-09-16 17:37:14
 2  0      1398008       757912        15892     58419696    0    0 1714176   528 12232 18704   2   2  90   6   0 2026-09-16 17:37:15
 2  7      1398008       755768        15892     58419728    4    0 1928196     0 12536 18985   2   2  90   6   0 2026-09-16 17:37:16
 1  6      1398008       755292        15892     58419768    0    0 2053120     0 12760 19272   2   2  91   5   0 2026-09-16 17:37:17
 2  4      1398008       760004        15892     58419796    0    0 2041344     0 12921 19237   2   2  90   6   0 2026-09-16 17:37:18
 1  5      1398008       764372        15892     58419828    0    0 2054656     0 12779 19386   2   2  89   6   0 2026-09-16 17:37:19
 0  3      1398008       759376        15900     58419864    0    0 2044928   636 12817 19256   2   2  90   6   0 2026-09-16 17:37:20
 2  8      1398008       765260        15900     58419892    0    0 1969152     0 12958 19069   2   2  89   6   0 2026-09-16 17:37:21
 0  5      1398008       758864        15900     58419924    0    0 2664960     0 13849 19926   2   2  88   8   0 2026-09-16 17:37:22
 2  0      1398008       756304        15900     58420084    0    0 2385536     0 13562 19823   2   2  89   7   0 2026-09-16 17:37:23
 1  6      1398008       763728        15900     58420116    0    0 2400256     0 13325 19530   2   2  87   9   0 2026-09-16 17:37:24
 0  1      1398008       765100        15908     58420140    0    0 2730496   592 14226 20316   2   2  89   8   0 2026-09-16 17:37:25
 1  6      1398008       757408        15908     58420188    0    0 1966592     0 12765 18732   2   2  89   7   0 2026-09-16 17:37:26
procs -----------------------memory---------------------- ---swap-- -----io---- -system-- --------cpu-------- -----timestamp-----
 r  b         swpd         free         buff        cache   si   so    bi    bo   in   cs  us  sy  id  wa  st                 KST
 1  5      1398008       759056        15908     58420212    0    0 2749440     0 14180 20365   2   2  87   9   0 2026-09-16 17:37:27
 2  5      1398008       756920        15908     58420248    0    0 2726912     0 14078 20552   2   2  88   8   0 2026-09-16 17:37:28
 2  4      1398008       759804        15908     58420280    0    0 2663424     0 13747 20417   2   2  88   8   0 2026-09-16 17:37:29
 2  0      1398008       755880        15916     58420312    0    0 1904640   552 12549 19188   2   2  90   6   0 2026-09-16 17:37:30
 3  4      1398008       756292        15916     58420344    0    0 2721280     0 13843 20627   2   2  87   9   0 2026-09-16 17:37:31
 1  0      1398008       756956        15916     58420376    0    0 2421248     0 13698 19955   2   2  89   7   0 2026-09-16 17:37:32
 2  5      1398008       759552        15916     58420404    0    0 2359296     0 13034 19953   2   2  89   7   0 2026-09-16 17:37:33
 1  2      1398008       759088        15916     58420436    0    0 2634752     0 13190 20388   2   2  90   6   0 2026-09-16 17:37:34
 2  0      1398008       762752        15924     58420468    0    0 1862656   540 12409 19015   2   1  92   4   0 2026-09-16 17:37:35
 1  1      1398008       761104        15924     58420504    0    0 3371520     0 14662 21635   1   2  86  11   0 2026-09-16 17:37:36
 2  5      1398008       759500        15924     58420532    0    0 2153984     0 13290 18750   2   2  89   7   0 2026-09-16 17:37:37
 2  4      1398008       758372        15924     58420568    0    0 2775040     0 14338 20301   2   2  87   9   0 2026-09-16 17:37:38
 0  8      1398008       755548        15924     58420600    0    0 2148352     0 13166 18804   2   2  90   6   0 2026-09-16 17:37:39
 3  4      1398008       760192        15932     58420632    0    0 2634752    88 13732 19962   1   2  88   9   0 2026-09-16 17:37:40
 1  0      1398008       760548        15932     58420668    8    0 2343944   452 13396 19469   2   2  89   7   0 2026-09-16 17:37:41
 2  5      1398008       762924        15932     58420700    0    0 2457600     0 13652 19241   2   2  87   9   0 2026-09-16 17:37:42
 1  0      1398008       753160        15932     58420732    0    0 2684928     0 13539 20564   2   2  88   8   0 2026-09-16 17:37:43
 2  6      1398008       757836        15932     58420764    0    0 2430976     0 13377 20128   2   2  88   8   0 2026-09-16 17:37:44
 0  1      1398008       763192        15940     58420788    0    0 2641408    84 13353 20201   2   2  87   9   0 2026-09-16 17:37:45
 1  5      1398008       757272        15940     58420824    0    0 2138624   452 12773 19637   2   2  89   7   0 2026-09-16 17:37:46
 1  5      1398008       767188        15940     58420860    0    0 2648064     0 13377 20306   2   2  88   8   0 2026-09-16 17:37:47
procs -----------------------memory---------------------- ---swap-- -----io---- -system-- --------cpu-------- -----timestamp-----
 r  b         swpd         free         buff        cache   si   so    bi    bo   in   cs  us  sy  id  wa  st                 KST
 2  0      1398008       768324        15940     58420888    0    0 2140160     0 12767 19469   2   2  90   6   0 2026-09-16 17:37:48
 1  5      1398008       764416        15940     58420920    0    0 2619904     0 13382 20253   2   2  88   8   0 2026-09-16 17:37:49
 1  7      1398008       763252        15948     58420952    0    0 2612736   100 12994 20004   2   2  88   8   0 2026-09-16 17:37:50
 1  1      1398008       764076        15948     58420988    0    0 3281408   480 14891 21135   1   2  85  11   0 2026-09-16 17:37:51
 1  5      1398008       768984        15948     58421008    0    0 3141120     0 14561 20528   1   2  86  11   0 2026-09-16 17:37:52
 1  5      1398008       766048        15948     58421048    0    0 3183616     0 14443 20732   1   2  86  10   0 2026-09-16 17:37:53
 1  4      1398008       773280        15948     58421080    0    0 3242496     0 14658 21025   1   2  87  10   0 2026-09-16 17:37:54
 1  6      1398008       767012        15956     58421116    0    0 3229184    84 14746 21075   1   2  85  11   0 2026-09-16 17:37:55
 1  5      1398008       770628        15956     58421144    0    0 3348480   496 14388 21852   1   2  87  10   0 2026-09-16 17:37:56
 0  6      1398008       776712        15956     58421180    0    0 3346432     0 14235 21652   1   2  87   9   0 2026-09-16 17:37:57
 2  8      1398008       765244        15956     58421208    0    0 3008512     0 13709 21032   1   2  88   9   0 2026-09-16 17:37:58
 3  2      1398008       765580        15956     58421244    0    0 3162112     0 14132 21338   1   2  86  10   0 2026-09-16 17:37:59
 2  4      1398008       770444        15964     58421268    0    0 3119104    92 13959 21247   1   2  87  10   0 2026-09-16 17:38:00
 2  4      1398008       769564        15964     58421304    0    0 3276288   444 14097 21530   1   2  87   9   0 2026-09-16 17:38:01
 1  6      1398008       770992        15964     58421332    0    0 3138048     0 14347 20731   1   2  85  11   0 2026-09-16 17:38:02
 1  5      1398008       766844        15964     58421364    0    0 3315712     0 14974 21039   1   2  86  11   0 2026-09-16 17:38:03
 1  5      1398008       766460        15964     58421396    0    0 3340288     0 14789 21119   1   2  85  11   0 2026-09-16 17:38:04
 2  5      1398008       768320        15972     58421424    0    0 3245056    84 14704 20843   1   2  86  10   0 2026-09-16 17:38:05
 1  6      1398008       761896        15972     58421460    0    0 3238912   452 14557 21370   1   2  87   9   0 2026-09-16 17:38:06
 1  8      1398008       762276        15972     58421492    0    0 3235840     0 14544 21587   1   2  87  10   0 2026-09-16 17:38:07
 0  3      1398008       767180        15972     58421520    0    0 3205120     0 14134 21587   2   2  86  10   0 2026-09-16 17:38:08
procs -----------------------memory---------------------- ---swap-- -----io---- -system-- --------cpu-------- -----timestamp-----
 r  b         swpd         free         buff        cache   si   so    bi    bo   in   cs  us  sy  id  wa  st                 KST
 2  3      1398008       762988        15972     58421552    0    0 3089408     0 14253 21584   1   2  87   9   0 2026-09-16 17:38:09
 1  5      1398008       767076        15980     58421588    0    0 3005952    88 13745 21219   1   2  86  10   0 2026-09-16 17:38:10
 2  5      1398008       774432        15980     58421612    4    0 3011076   432 13699 21386   2   2  89   8   0 2026-09-16 17:38:11
 1  7      1398008       767956        15980     58421652    0    0 3197952     0 14067 21487   1   2  87   9   0 2026-09-16 17:38:12
 2  0      1398008       766312        15980     58421680    0    0 3257344     0 14544 21339   1   2  86  10   0 2026-09-16 17:38:13
 1  3      1398008       770964        15980     58421712    0    0 3243008     0 14662 21213   1   2  83  13   0 2026-09-16 17:38:14
 1  5      1398008       758248        15988     58421740    0    0 3131392    72 14541 20822   1   2  85  12   0 2026-09-16 17:38:15
 2  4      1398008       770124        15988     58421780    0    0 3224064   440 14541 21044   1   2  85  11   0 2026-09-16 17:38:16
 0  6      1398008       772280        15988     58421804    0    0 3147264     0 14504 20784   1   2  84  12   0 2026-09-16 17:38:17
 1  5      1398008       767100        15988     58421844    0    0 3359744     0 15020 21779   1   2  87   9   0 2026-09-16 17:38:18
 1  7      1398008       765172        15988     58421872    0    0 3018752     0 14133 21356   1   2  88   9   0 2026-09-16 17:38:19
 2  0      1398008       765472        15996     58421904    0    0 3160064    92 14180 21377   1   2  86  11   0 2026-09-16 17:38:20
 1  3      1398008       771820        15996     58421940    0    0 3316736   460 14060 21753   1   2  87  10   0 2026-09-16 17:38:21
 2  4      1398008       765596        15996     58421976    0    0 3128320     0 13746 21322   1   2  86  11   0 2026-09-16 17:38:22
 1  4      1398008       762964        15996     58422004    0    0 3145216     0 14014 21363   1   2  86  11   0 2026-09-16 17:38:23
 1  6      1398008       757232        15996     58422040    0    0 3167744     0 14367 21217   1   2  87   9   0 2026-09-16 17:38:24
 1  6      1398008       763076        16004     58422068    0    0 3250176   104 14677 20999   1   2  86  11   0 2026-09-16 17:38:25
 1  5      1398008       767468        16004     58422104    0    0 3322880     0 14877 21548   1   2  85  11   0 2026-09-16 17:38:26
 3  6      1398008       760888        16004     58422144    0    0 3204096   492 14860 21081   1   2  87  10   0 2026-09-16 17:38:27
 1  8      1398008       765860        16004     58422172    0    0 3323904     0 14853 21240   1   2  87  10   0 2026-09-16 17:38:28
 1  3      1398008       768436        16004     58422200    0    0 3181568     0 14667 21277   1   2  87   9   0 2026-09-16 17:38:29
procs -----------------------memory---------------------- ---swap-- -----io---- -system-- --------cpu-------- -----timestamp-----
 r  b         swpd         free         buff        cache   si   so    bi    bo   in   cs  us  sy  id  wa  st                 KST
 2  5      1398008       765496        16012     58422236    0    0 3110912   100 14210 21466   1   2  88   9   0 2026-09-16 17:38:30
 1  4      1398008       763632        16012     58422268    0    0 3332096     0 14681 22009   1   2  87  10   0 2026-09-16 17:38:31
 0  5      1398008       761984        16012     58422300    4    0 3024388   544 13954 21242   1   2  88   9   0 2026-09-16 17:38:32
 1  6      1398008       761576        16012     58422328    0    0 3141120     0 13906 21449   1   2  88   8   0 2026-09-16 17:38:33
 0  8      1398008       760704        16012     58422356    0    0 3169280     0 14560 21446   1   2  88   9   0 2026-09-16 17:38:34
 1  8      1398008       758552        16020     58422392    0    0 3250176    96 14240 21647   2   2  86  11   0 2026-09-16 17:38:35
 0  4      1398008       765156        16020     58422424    0    0 3183616     0 14736 21018   1   2  84  12   0 2026-09-16 17:38:36
 3  4      1398008       770560        16020     58422456    0    0 3188736   436 14783 21025   1   2  85  11   0 2026-09-16 17:38:37
 1  5      1398008       769668        16020     58422488    0    0 3243008     0 15144 21130   1   2  86  11   0 2026-09-16 17:38:38
 2  5      1398008       770324        16020     58422520    0    0 3195904     0 15020 21132   2   2  86  10   0 2026-09-16 17:38:39
 2  5      1398008       765952        16028     58422552    0    0 3207168    88 14790 21027   1   2  84  12   0 2026-09-16 17:38:40
 0  6      1398008       770828        16028     58422588    0    0 3202048     0 14045 21618   1   2  86  11   0 2026-09-16 17:38:41
 1  7      1398008       771164        16028     58422620    0    0 3197952   568 14486 21554   1   2  85  11   0 2026-09-16 17:38:42
 1  1      1398008       770984        16028     58422656    0    0 3207680     0 14476 21736   1   2  85  11   0 2026-09-16 17:38:43
 2  1      1398008       767292        16028     58422684    0    0 3360768     0 14455 21808   1   2  87  10   0 2026-09-16 17:38:44
 1  4      1398008       768100        16036     58422720    0    0 3336704    88 14184 21774   1   2  88   8   0 2026-09-16 17:38:45
 1  5      1398008       757076        16036     58422740    4    0 3138564     0 14068 21754   1   2  86  10   0 2026-09-16 17:38:46
 1  5      1398008       765032        16036     58422780    0    0 3170816   472 14405 21009   1   2  86  11   0 2026-09-16 17:38:47
 2  5      1398008       767656        16036     58422936    0    0 3208704     0 14529 21028   1   2  87  10   0 2026-09-16 17:38:48
 1  5      1398008       774628        16036     58422972    0    0 3289088     0 14380 21085   1   2  86  11   0 2026-09-16 17:38:49
 0  6      1398008       765276        16044     58423008    0    0 3260416    84 14799 20991   1   2  87  10   0 2026-09-16 17:38:50
procs -----------------------memory---------------------- ---swap-- -----io---- -system-- --------cpu-------- -----timestamp-----
 r  b         swpd         free         buff        cache   si   so    bi    bo   in   cs  us  sy  id  wa  st                 KST
 2  6      1398008       767712        16044     58423040    0    0 3243008     0 14479 20917   1   2  87  10   0 2026-09-16 17:38:51
 2  1      1398008       768796        16044     58423068    0    0 3118592   428 14046 21163   1   2  87  10   0 2026-09-16 17:38:52
 0  3      1398008       771136        16044     58423100    0    0 3317248     0 14171 21485   2   2  86  11   0 2026-09-16 17:38:53
 0  5      1398008       777248        16044     58423132    0    0 3070976     0 14067 21257   1   2  87  10   0 2026-09-16 17:38:54
 1  4      1398008       779608        16052     58423164    0    0 3141120   100 14284 21345   1   2  87  10   0 2026-09-16 17:38:55
 2  5      1398008       777948        16052     58423196    0    0 3150336     0 14062 21302   1   2  87  10   0 2026-09-16 17:38:56
 1  5      1398008       772712        16052     58423228    0    0 3187712   508 14121 21408   1   2  87   9   0 2026-09-16 17:38:57
 0  8      1398008       772780        16052     58423256    0    0 3165184     0 14163 20786   1   2  85  11   0 2026-09-16 17:38:58
 0  1      1398008       768836        16052     58423288    0    0 3203584     0 14903 21272   1   2  85  11   0 2026-09-16 17:38:59
 1  5      1398008       765980        16060     58423320    0    0 3119616    84 14760 20715   1   2  84  12   0 2026-09-16 17:39:00
 2  4      1398008       767116        16060     58423348    0    0 3136000     0 14697 20618   1   2  84  13   0 2026-09-16 17:39:01
 1  5      1398008       765656        16060     58423480    0    0 3282524   436 14658 21038   1   2  85  11   0 2026-09-16 17:39:02
 1  4      1398008       770520        16060     58423504    0    0 3358208     0 14657 21514   1   2  86  11   0 2026-09-16 17:39:03
 2  5      1398008       767868        16060     58423540    0    0 3181056     0 13909 21349   1   2  85  11   0 2026-09-16 17:39:04
 0  7      1398008       771012        16068     58423568    0    0 3160064    80 14123 21373   1   2  87   9   0 2026-09-16 17:39:05
 1  1      1398008       771360        16068     58423600    4    0 3079684     0 13951 21390   1   2  87  10   0 2026-09-16 17:39:06
 1  4      1398008       775776        16068     58423636    0    0 3224064     0 14132 21517   1   2  85  11   0 2026-09-16 17:39:07
 0  4      1398008       781152        16068     58423672    0    0 3142656   440 13940 21466   1   2  88   9   0 2026-09-16 17:39:08
 2  5      1398008       769408        16068     58423700    0    0 3109888     0 14064 20991   1   2  85  11   0 2026-09-16 17:39:09
 1  6      1398008       773000        16076     58423736    0    0 3246080   108 14692 21103   1   2  85  12   0 2026-09-16 17:39:10
 2  5      1398008       771524        16076     58423760    0    0 3156992     0 14653 20784   1   2  86  10   0 2026-09-16 17:39:11
procs -----------------------memory---------------------- ---swap-- -----io---- -system-- --------cpu-------- -----timestamp-----
 r  b         swpd         free         buff        cache   si   so    bi    bo   in   cs  us  sy  id  wa  st                 KST
 0  7      1398008       766648        16076     58423796    0    0 3322880     0 15061 21145   1   2  87  10   0 2026-09-16 17:39:12
 0  8      1398008       769988        16076     58423824    0    0 3290112   520 14749 21231   1   2  85  11   0 2026-09-16 17:39:13
 0  1      1398008       762976        16076     58423856    0    0 3184128     0 14640 21082   1   2  85  12   0 2026-09-16 17:39:14
 1  3      1398008       773100        16084     58423888    0    0 3277312    76 14413 21522   1   2  87   9   0 2026-09-16 17:39:15
 2  4      1398008       778028        16084     58423920    0    0 3162112     0 14363 21280   1   2  85  11   0 2026-09-16 17:39:16
 1  5      1398008       776568        16084     58423964    0    0 3021312     0 13983 21144   1   2  85  11   0 2026-09-16 17:39:17
 0  6      1398008       774096        16084     58423988    0    0 3127808   508 13961 21611   1   2  87   9   0 2026-09-16 17:39:18
 1  6      1398008       772156        16084     58424024    0    0 3195904     0 14281 21619   1   2  85  11   0 2026-09-16 17:39:19
 0  8      1398008       774264        16092     58424056    0    0 3225600   104 14313 21542   1   2  86  10   0 2026-09-16 17:39:20
 2  3      1398008       776880        16092     58424084    8    0 3155976     0 14984 21078   1   2  85  12   0 2026-09-16 17:39:21
 2  4      1398008       773640        16092     58424116    0    0 3120128     0 14598 20769   2   2  86  10   0 2026-09-16 17:39:22
 0  5      1398008       767944        16092     58424164    0    0 3119616   480 14642 20851   1   2  84  12   0 2026-09-16 17:39:23
 2  5      1398008       767976        16092     58424188    0    0 3286528     0 14903 21019   1   2  86  10   0 2026-09-16 17:39:24
 1  5      1398008       766788        16100     58424224    0    0 3235840   100 14641 20920   1   2  86  11   0 2026-09-16 17:39:25
 1  5      1398008       774752        16100     58424384   12    0 3204236     0 14798 21926   1   2  86  10   0 2026-09-16 17:39:26
 4  7      1398008       771392        16100     58424412    0    0 3198976     0 13997 21682   1   2  87   9   0 2026-09-16 17:39:27
 2  7      1398008       762396        16100     58424436    0    0 3334144   528 14911 21987   1   2  88   9   0 2026-09-16 17:39:28
 2  0      1398008       764284        16124     58424476    0    0 3346944   148 14667 22055   2   2  86  10   0 2026-09-16 17:39:29
 2  3      1398008       766716        16124     58424508    0    0 3197440     0 13944 21562   1   2  87   9   0 2026-09-16 17:39:30
 2  4      1398008       774920        16124     58424544    0    0 3288064     0 14585 21891   1   2  88   8   0 2026-09-16 17:39:31
 1  5      1398008       777292        16124     58424568    0    0 3146240     0 14294 20844   1   2  87  10   0 2026-09-16 17:39:32
procs -----------------------memory---------------------- ---swap-- -----io---- -system-- --------cpu-------- -----timestamp-----
 r  b         swpd         free         buff        cache   si   so    bi    bo   in   cs  us  sy  id  wa  st                 KST
 2  5      1398008       775608        16124     58424604    0    0 3285504   468 14841 21342   1   2  86  10   0 2026-09-16 17:39:33
 1  4      1398008       767384        16132     58424632    0    0 3300352    88 14712 21093   1   2  88   9   0 2026-09-16 17:39:34
 1  5      1398008       768992        16132     58424664    0    0 3274752     0 14855 21141   1   2  85  12   0 2026-09-16 17:39:35
 1  7      1398008       767592        16132     58424696    0    0 3193856     0 14596 20979   1   2  88   8   0 2026-09-16 17:39:36
 2  1      1398008       770636        16132     58424732    0    0 3090944     0 14254 21314   1   2  87  10   0 2026-09-16 17:39:37
 0  4      1398008       772244        16132     58424756    0    0 3248640   476 14164 21787   2   2  87  10   0 2026-09-16 17:39:38
 0  5      1398008       758260        16140     58424792    4    0 3176452    84 14146 21586   1   2  86  10   0 2026-09-16 17:39:39
 2  4      1398008       764672        16140     58424904    0    0 3167824     0 13920 21558   1   2  86  10   0 2026-09-16 17:39:40
 3  5      1398008       766264        16140     58424936    0    0 3169792     0 14047 21530   2   2  86  11   0 2026-09-16 17:39:41
 1  5      1398008       757824        16140     58424968    0    0 3041280     0 13842 21300   1   2  88   9   0 2026-09-16 17:39:42
 1  8      1398008       760452        16140     58424996    0    0 3126272   476 14093 21274   1   2  87  10   0 2026-09-16 17:39:43
 2  4      1398008       760616        16148     58425028   72    0 3122248    88 14298 21106   1   2  86  11   0 2026-09-16 17:39:44
 0  5      1398008       761188        16148     58425060    0    0 3140608     0 14419 20939   1   2  86  11   0 2026-09-16 17:39:45
 0  5      1398008       761616        16148     58425216   60    0 3168948     0 14705 21745   1   2  86  11   0 2026-09-16 17:39:46
 0  6      1398008       759992        16148     58425248    0    0 3239424     0 14617 21282   1   2  87  10   0 2026-09-16 17:39:47
 1  7      1398008       755788        16148     58425284    0    0 3225600   204 14604 21502   1   2  86  11   0 2026-09-16 17:39:48
 1  7      1398008       755608        16156     58425304    0    0 3172352   396 13992 21650   1   2  88   8   0 2026-09-16 17:39:49
 1  1      1398008       760972        16156     58425348    0    0 3090944     0 13824 21167   1   2  86  11   0 2026-09-16 17:39:50
 1  3      1398008       762328        16156     58425376    0    0 3328512     0 14496 21745   1   2  87  10   0 2026-09-16 17:39:51
 0  5      1398008       761996        16156     58425404    0    0 3056640     0 13881 21247   1   2  88   9   0 2026-09-16 17:39:52
 2  5      1398008       763828        16156     58425440    0    0 3007488     0 13665 21024   1   2  87  10   0 2026-09-16 17:39:53
procs -----------------------memory---------------------- ---swap-- -----io---- -system-- --------cpu-------- -----timestamp-----
 r  b         swpd         free         buff        cache   si   so    bi    bo   in   cs  us  sy  id  wa  st                 KST
 0  6      1398008       763416        16164     58425468    0    0 3108864   464 14217 21050   1   2  86  11   0 2026-09-16 17:39:54
 2  7      1398008       767528        16164     58425504    0    0 3270656     0 14760 20999   1   2  85  12   0 2026-09-16 17:39:55
 0  8      1398008       760268        16164     58425536    0    0 3302400     0 14575 21063   1   2  85  12   0 2026-09-16 17:39:56
 1  0      1398008       762108        16164     58425564    0    0 3260416     0 14890 21243   1   2  86  11   0 2026-09-16 17:39:57
 1  4      1398008       766464        16164     58425596    0    0 3309568     0 14768 20956   1   2  85  11   0 2026-09-16 17:39:58
 1  4      1398008       758532        16172     58425620    0    0 2944000   504 14425 20470   1   2  86  10   0 2026-09-16 17:39:59
 1  6      1398008       759140        16172     58425660    0    0 3104256     0 13923 21204   1   2  87   9   0 2026-09-16 17:40:00
 0  6      1398008       758740        16172     58425688    0    0 3009024     0 13779 21005   1   2  89   8   0 2026-09-16 17:40:01
 1  0      1398008       757356        16172     58425724    0    0 3060736     0 13917 21134   1   2  88   8   0 2026-09-16 17:40:02
 2  2      1398008       756984        16172     58425756    0    0 3334144     0 14510 21689   1   2  86  11   0 2026-09-16 17:40:03
 1  4      1398008       763624        16180     58425784    0    0 3174400   528 14240 21368   1   2  86  11   0 2026-09-16 17:40:04
 2  5      1398008       757664        16180     58425824    0    0 3187200     0 13896 21329   1   2  87  10   0 2026-09-16 17:40:05
 0  6      1398008       765308        16180     58425852    4    0 2990596     0 14180 20628   1   2  85  11   0 2026-09-16 17:40:06
 1  6      1398008       767672        16180     58425888    0    0 3125248     0 14446 20906   1   2  87   9   0 2026-09-16 17:40:07
 1  7      1398008       764484        16180     58425916    0    0 3277824     0 14607 21318   1   2  87   9   0 2026-09-16 17:40:08
 1  9      1398008       762076        16188     58425952    0    0 3350528   592 14917 21337   1   2  85  11   0 2026-09-16 17:40:09
 1  1      1398008       754076        16188     58425984    0    0 3256832     0 14640 21238   1   2  86  11   0 2026-09-16 17:40:10
 1  3      1398008       756732        16188     58426016    0    0 3323392     0 14509 21359   1   2  87   9   0 2026-09-16 17:40:11
 3  4      1398008       760888        16188     58426044    0    0 3106816     0 14177 21341   1   2  87  10   0 2026-09-16 17:40:12
 3  4      1398008       758012        16188     58426084    0    0 3181056     0 13999 21363   1   2  88   9   0 2026-09-16 17:40:13
 2  5      1398008       758076        16196     58426108    0    0 2986496   544 13621 21131   1   2  87  10   0 2026-09-16 17:40:14
procs -----------------------memory---------------------- ---swap-- -----io---- -system-- --------cpu-------- -----timestamp-----
 r  b         swpd         free         buff        cache   si   so    bi    bo   in   cs  us  sy  id  wa  st                 KST
 3  7      1398008       757156        16196     58426148    0    0 3028992     0 13853 21117   1   2  87   9   0 2026-09-16 17:40:15
 0  1      1398008       759708        16196     58426184    0    0 3197440     0 13947 21238   1   2  86  11   0 2026-09-16 17:40:16
 0  5      1398008       757104        16196     58426212    0    0 3099136     0 14093 20760   1   2  86  10   0 2026-09-16 17:40:17
 1  5      1398008       757968        16196     58426244    0    0 3342336     0 14637 21029   1   2  86  10   0 2026-09-16 17:40:18
 1  5      1398008       756904        16204     58426276    0    0 3279872   568 14710 21272   1   2  84  12   0 2026-09-16 17:40:19
 2  5      1398008       762284        16204     58426304    0    0 3280384     0 14624 20993   1   2  85  11   0 2026-09-16 17:40:20
 1  5      1398008       759588        16204     58426340    0    0 3225088     0 14511 20981   1   2  86  11   0 2026-09-16 17:40:21
 1  6      1398008       761924        16204     58426368    0    0 3201024     0 14598 21419   1   2  86  10   0 2026-09-16 17:40:22
 3  7      1398008       757300        16204     58426400    0    0 3124224     0 14199 21516   1   2  87  10   0 2026-09-16 17:40:23
 0  2      1398008       760872        16212     58426424    0    0 3118080   524 13960 21503   1   2  87  10   0 2026-09-16 17:40:24
 0  5      1398008       761196        16212     58426460    0    0 3174400     0 13853 21458   1   2  87  10   0 2026-09-16 17:40:25
 1  4      1398008       762296        16212     58426492    0    0 2977280     0 13701 21740   1   2  88   9   0 2026-09-16 17:40:26
 2  5      1397240       760888        16212     58426560  576    0 3029088     0 14139 21829   1   2  87  10   0 2026-09-16 17:40:27
 0  7      1397240       760264        16212     58426588    0    0 3099648     0 14328 21078   2   2  85  11   0 2026-09-16 17:40:28
 0  6      1397240       761400        16212     58426620   80    0 2236496   396 13406 19735   2   2  87   8   0 2026-09-16 17:40:29
 1  5      1393656       752384        16220     58427624 3804    0 2191012    80 13896 20915   2   2  89   7   0 2026-09-16 17:40:30
 1  0      1393656       748220        16220     58427652    4    0 2233860     0 13340 19547   2   2  88   8   0 2026-09-16 17:40:31
 2  0      1392120       738244        16220     58428016 1200    0 1725436     0 12930 19268   3   2  88   7   0 2026-09-16 17:40:32
 2  0      1391608       739924        16220     58428052  564    0 1714740     0 13014 19191   3   2  89   7   0 2026-09-16 17:40:33
 3  6      1391608       740724        16220     58428076   32    0 2017312     0 13258 19140   2   2  87   9   0 2026-09-16 17:40:34
 2  5      1391608       739076        16228     58428116    0    0 2212864   656 13155 19420   2   2  87   9   0 2026-09-16 17:40:35
procs -----------------------memory---------------------- ---swap-- -----io---- -system-- --------cpu-------- -----timestamp-----
 r  b         swpd         free         buff        cache   si   so    bi    bo   in   cs  us  sy  id  wa  st                 KST
 1  5      1391608       736620        16228     58428156    0    0 2281472     0 13337 19404   2   2  88   8   0 2026-09-16 17:40:36
 1  8      1391608       736220        16228     58428180    0    0 2246656     0 12897 19659   2   2  89   7   0 2026-09-16 17:40:37
 1  5      1391608       743664        16228     58428216    0    0 2177024     0 12831 19402   2   2  90   6   0 2026-09-16 17:40:38
 1  4      1391608       744760        16228     58428244    0    0 2333696     0 13241 19802   2   2  90   6   0 2026-09-16 17:40:39
 2  0      1391608       738304        16236     58428284    0    0 2158592   488 12903 19539   2   2  90   6   0 2026-09-16 17:40:40
 1  0      1391608       736820        16236     58428316    0    0 1714176     0 12241 18495   3   2  91   5   0 2026-09-16 17:40:41
 0  8      1391608       733336        16236     58428352    0    0 1889280     0 12286 18978   2   2  90   6   0 2026-09-16 17:40:42
 2  5      1391608       742052        16236     58428376    0    0 2306048     0 13326 19980   2   2  91   5   0 2026-09-16 17:40:43
 2  4      1391608       741956        16236     58428412    0    0 2284544     0 13099 19803   2   2  89   6   0 2026-09-16 17:40:44
 1  8      1391608       741024        16244     58428440    0    0 2267136   492 12807 19433   2   2  89   7   0 2026-09-16 17:40:45
 2  4      1391608       736300        16244     58428472    0    0 2236416     0 13408 19560   2   2  87   9   0 2026-09-16 17:40:46
 0  5      1391608       738156        16244     58428496    0    0 2247680     0 13105 19482   2   2  88   8   0 2026-09-16 17:40:47
 2  0      1391608       739224        16244     58428536    0    0 2196480     0 13012 19386   2   2  89   8   0 2026-09-16 17:40:48
 3  0      1391608       740624        16244     58428564    0    0 1714176     0 12631 18531   3   2  89   6   0 2026-09-16 17:40:49
 1  8      1391608       738212        16252     58428600    0    0 1787904   520 12545 18504   2   2  89   6   0 2026-09-16 17:40:50
 1  6      1391608       731484        16252     58428632    0    0 2151424     0 13176 19052   2   2  87   9   0 2026-09-16 17:40:51
 2  4      1391608       737592        16252     58428664    0    0 2273792     0 13448 19205   2   2  87   9   0 2026-09-16 17:40:52
 1  4      1391608       735696        16252     58428696    0    0 2164224     0 13122 19240   2   2  89   7   0 2026-09-16 17:40:53
 1  8      1391608       735532        16252     58428728    0    0 2058240     0 12573 19351   2   2  91   6   0 2026-09-16 17:40:54
 0  6      1391608       729840        16260     58428756    0    0 2112512   604 12737 19573   2   2  89   7   0 2026-09-16 17:40:55
 2  4      1391608       736760        16260     58428788   96    0 2177632     0 12800 19642   2   2  89   7   0 2026-09-16 17:40:56
procs -----------------------memory---------------------- ---swap-- -----io---- -system-- --------cpu-------- -----timestamp-----
 r  b         swpd         free         buff        cache   si   so    bi    bo   in   cs  us  sy  id  wa  st                 KST
 2  3      1391608       742672        16260     58428816    0    0 2184704     0 12748 19651   2   2  91   5   0 2026-09-16 17:40:57
 2  0      1391608       736440        16260     58428848    0    0 1945600     0 12320 19129   3   1  91   5   0 2026-09-16 17:40:58
 1  0      1391608       738572        16260     58428888    0    0 1714176     0 12349 18590   2   2  91   5   0 2026-09-16 17:40:59
 1  6      1391608       740688        16268     58428984    0    0 1996800   532 12620 19196   2   2  89   7   0 2026-09-16 17:41:00
 1  5      1391608       733456        16268     58429020    0    0 2293248     0 13072 19754   2   2  89   7   0 2026-09-16 17:41:01
 1  5      1391608       735808        16268     58429048    0    0 2185728     0 12715 19469   2   2  90   6   0 2026-09-16 17:41:02
 1  0      1391608       734876        16268     58429088    4    0 2095108     0 12852 19359   2   2  88   8   0 2026-09-16 17:41:03
 2  0      1391608       729912        16268     58429112    0    0 1714176     0 12389 18480   2   2  90   6   0 2026-09-16 17:41:04
 3  0      1391608       732344        16276     58429152    0    0 1714176   556 12588 18576   3   2  89   6   0 2026-09-16 17:41:05
 7  0      1391608       739504        16276     58429172    0    0 1714176     0 12579 18738   2   2  91   5   0 2026-09-16 17:41:06
 7  0      1391608       733768        16276     58429208    0    0 1714176     0 12582 18327   2   2  90   6   0 2026-09-16 17:41:07
 4  0      1391608       735836        16276     58429240    0    0 1714176     0 12396 18353   3   2  92   4   0 2026-09-16 17:41:08
 1  0      1391608       732656        16276     58429272    0    0 1714176     0 12419 18485   3   2  91   5   0 2026-09-16 17:41:09
 2  0      1391608       737368        16284     58429304    0    0 1714176   516 12503 18660   3   2  90   6   0 2026-09-16 17:41:10
 1  0      1391608       743532        16284     58429344    0    0 1714176     0 12350 18464   2   2  91   5   0 2026-09-16 17:41:11
 2  7      1391608       734356        16284     58429368    0    0 1830912     0 12637 18585   3   2  90   6   0 2026-09-16 17:41:12
 0  8      1391608       729596        16284     58429404    0    0 1605632     0 12134 18532   3   2  91   5   0 2026-09-16 17:41:13
 1  0      1391608       732976        16284     58429440    0    0 1705984     0 11858 18623   2   2  91   5   0 2026-09-16 17:41:14
 4  1      1391608       734048        16292     58429468    0    0 1714176   240 12311 18616   3   2  90   5   0 2026-09-16 17:41:15
 2  0      1391608       731624        16292     58429504    0    0 1714176   308 12200 18713   2   2  90   6   0 2026-09-16 17:41:16
 2  0      1391608       732960        16292     58429540    0    0 1714176     0 12309 18715   3   2  90   6   0 2026-09-16 17:41:17
procs -----------------------memory---------------------- ---swap-- -----io---- -system-- --------cpu-------- -----timestamp-----
 r  b         swpd         free         buff        cache   si   so    bi    bo   in   cs  us  sy  id  wa  st                 KST
 1  0      1391608       735788        16292     58429568    0    0 1714176     0 12049 18617   2   2  92   4   0 2026-09-16 17:41:18
 2  0      1391608       742700        16292     58429596    0    0 1714176     0 11961 18744   2   2  91   5   0 2026-09-16 17:41:19
 2  0      1391608       734816        16300     58429636    0    0 1714176    96 12148 18548   3   1  91   5   0 2026-09-16 17:41:20
 1  0      1391608       735744        16300     58429664    0    0 1714176   476 12204 18688   3   2  90   5   0 2026-09-16 17:41:21
 2  0      1391608       730140        16300     58429696    0    0 1714176     0 11951 18659   3   2  91   5   0 2026-09-16 17:41:22
 1  5      1391608       736596        16300     58429728    0    0 2417664     0 13341 19913   2   2  88   8   0 2026-09-16 17:41:23
 2  5      1391608       733388        16300     58429760    0    0 1517568     0 12344 18017   3   2  89   6   0 2026-09-16 17:41:24
 2  7      1391608       736100        16308     58429792    0    0 1581056   100 12359 17982   2   2  90   6   0 2026-09-16 17:41:25
 0  7      1391608       740984        16308     58429824    0    0 1590272   472 12553 18703   3   2  90   6   0 2026-09-16 17:41:26
 2  6      1391608       742092        16308     58429860    0    0 1649664     0 12367 18406   2   2  91   5   0 2026-09-16 17:41:27
 0  8      1391608       737592        16308     58429892    0    0 1618944     0 12172 18351   2   2  91   5   0 2026-09-16 17:41:28
 3  0      1391608       734176        16308     58429920    0    0 1624064     0 12311 18172   2   2  91   5   0 2026-09-16 17:41:29
 1  0      1391608       735320        16316     58429960    0    0 1714176    76 12444 18217   2   2  90   6   0 2026-09-16 17:41:30
 2  0      1391608       735172        16316     58429984    0    0 1714176   408 12614 18445   3   2  90   5   0 2026-09-16 17:41:31
 2  0      1391608       736872        16316     58430016    0    0 1714176     0 12332 18357   3   2  90   6   0 2026-09-16 17:41:32
 2  4      1391608       741296        16316     58430044    0    0 2695680     0 13541 20207   2   2  87  10   0 2026-09-16 17:41:33
 1  4      1391608       742396        16316     58430084    0    0 1612800     0 12044 18438   3   2  89   6   0 2026-09-16 17:41:34
 1  6      1391608       736708        16324     58430108    0    0 1594880   100 11787 18224   3   2  90   5   0 2026-09-16 17:41:35
 1  5      1391608       732608        16324     58430136    0    0 1597440   456 12151 18331   3   2  91   4   0 2026-09-16 17:41:36
 1  5      1391608       732432        16324     58430176    0    0 1601536     0 11984 18397   3   2  92   4   0 2026-09-16 17:41:37
 2  5      1391608       727516        16324     58430212    0    0 1599488     0 11935 18250   2   2  92   3   0 2026-09-16 17:41:38
procs -----------------------memory---------------------- ---swap-- -----io---- -system-- --------cpu-------- -----timestamp-----
 r  b         swpd         free         buff        cache   si   so    bi    bo   in   cs  us  sy  id  wa  st                 KST
 1  6      1391608       730888        16324     58430240    0    0 1604608     0 11978 18415   3   2  91   4   0 2026-09-16 17:41:39
 2  7      1391608       738504        16332     58430272    0    0 1593344    72 11879 18183   3   2  91   5   0 2026-09-16 17:41:40
 2  7      1391608       735564        16332     58430304    0    0 1600512   432 12130 18447   3   2  91   5   0 2026-09-16 17:41:41
 0  8      1391608       726584        16332     58430340    0    0 1649664     0 11770 18432   3   2  90   6   0 2026-09-16 17:41:42
 1  0      1391608       728700        16332     58430368    0    0 1705984     0 11899 18690   3   2  90   6   0 2026-09-16 17:41:43
 0  4      1391608       734376        16332     58430400    0    0 3214336     0 14592 21402   2   2  84  12   0 2026-09-16 17:41:44
 1  0      1391608       732688        16340     58430560    0    0 1928192    88 12756 18775   2   2  90   6   0 2026-09-16 17:41:45
 2  6      1391608       737612        16340     58430596    0    0 1992704   428 13172 18931   2   2  89   8   0 2026-09-16 17:41:46
 1  4      1391608       736916        16340     58430628    0    0 2614272     0 14061 20098   2   2  87   9   0 2026-09-16 17:41:47
 3  0      1391608       742564        16340     58430660    0    0 2249836     0 13332 19403   2   2  89   7   0 2026-09-16 17:41:48
 2  5      1391608       735312        16340     58430808    0    0 2099200     0 13121 18756   2   2  89   7   0 2026-09-16 17:41:49
 1  4      1391608       742932        16348     58430832    0    0 2571264    96 13597 19888   2   2  88   8   0 2026-09-16 17:41:50
 2  6      1390584       724328        16348     58430864  760    0 2524920   444 14023 20779   2   2  88   7   0 2026-09-16 17:41:51
 2  4      1386744       831084        16340     58243692 3648    0 2642004     0 31722 22744   3   3  86   8   0 2026-09-16 17:41:52
 3  0      1386488       869708        16340     58246424  644    0 2170128     0 24040 20861   3   2  88   7   0 2026-09-16 17:41:53
 1  5      1386232       891248        16340     58246656  152    0 2042212     0 13285 20615   3   2  87   8   0 2026-09-16 17:41:54
 4  4      1386232       890896        16348     58246692   32    0 2470432    88 13818 20854   2   2  87   9   0 2026-09-16 17:41:55
 2  0      1386232       882196        16348     58246720   12    0 2344460   448 13617 20527   3   2  90   6   0 2026-09-16 17:41:56
 3  5      1386232       879276        16348     58246760    0    0 2037760     0 12600 19206   2   2  89   7   0 2026-09-16 17:41:57
 1  4      1386232       896892        16348     58246792   32    0 2609184     0 13845 20786   2   2  88   8   0 2026-09-16 17:41:58
 0  7      1386232       887644        16348     58246824   60    0 2539580     0 14009 20482   2   2  88   8   0 2026-09-16 17:41:59
procs -----------------------memory---------------------- ---swap-- -----io---- -system-- --------cpu-------- -----timestamp-----
 r  b         swpd         free         buff        cache   si   so    bi    bo   in   cs  us  sy  id  wa  st                 KST
 1  5      1386232       893800        16356     58246848    0    0 2611200    80 14290 20569   2   2  88   8   0 2026-09-16 17:42:00
 1  0      1386232       898204        16356     58246888   12    0 2201612     0 13311 19813   3   2  89   7   0 2026-09-16 17:42:01
 0  6      1386232       902720        16356     58246912    0    0 2160640   432 13350 19499   2   2  88   8   0 2026-09-16 17:42:02
 1  5      1386232       903356        16356     58246948    0    0 2568192     0 13899 20221   2   2  87   9   0 2026-09-16 17:42:03
 2  0      1386232       897648        16356     58246976    0    0 2127872     0 12976 19159   2   2  89   7   0 2026-09-16 17:42:04
 3  6      1386232       900232        16364     58247012    0    0 2144256    84 13095 19078   2   2  89   7   0 2026-09-16 17:42:05
 2  4      1386232       902848        16364     58247168    4    0 2518144     0 13596 20149   2   2  88   8   0 2026-09-16 17:42:06
 1  6      1386232       899400        16364     58247200    0    0 2492416   460 13376 20224   2   2  90   6   0 2026-09-16 17:42:07
 1  5      1386232       899236        16364     58247228    0    0 2624512     0 13529 20470   2   2  90   6   0 2026-09-16 17:42:08
 1  0      1386232       908644        16364     58247260    0    0 2220032     0 12624 19807   2   2  90   6   0 2026-09-16 17:42:09
 2  0      1386232       903908        16372     58247300    0    0 1714176    88 11998 18667   2   2  93   3   0 2026-09-16 17:42:10
 1  5      1386232       904696        16372     58247328    0    0 2463744     0 13424 20107   2   2  90   6   0 2026-09-16 17:42:11
 0  3      1386232       901520        16372     58247364   28    0 2535452   432 13554 20557   2   2  91   5   0 2026-09-16 17:42:12
 2  0      1386232       907156        16372     58247396   24    0 1857560     0 12389 19273   2   2  91   5   0 2026-09-16 17:42:13
 2  5      1386232       902932        16372     58247428    0    0 2138112     0 12597 19609   2   2  91   5   0 2026-09-16 17:42:14
 1  0      1386232       904024        16380     58247460    0    0 3004416    88 14288 21398   1   2  89   8   0 2026-09-16 17:42:15
 1  5      1386232       908364        16380     58247500    0    0 2635264     0 14210 20269   2   2  86  10   0 2026-09-16 17:42:16
 2  7      1385976       895408        16380     58247784  412    0 2579612   460 14214 21889   3   2  88   7   0 2026-09-16 17:42:17
 3  4      1385208       878436        16380     58247816  832    0 2803520     0 14958 22132   3   2  84  11   0 2026-09-16 17:42:18
 1  7      1385208       879588        16380     58247844   96    0 2456672     0 13929 21019   2   2  86   9   0 2026-09-16 17:42:19
 2  5      1385208       884232        16388     58247880   96    0 2980960   112 14965 22271   2   2  84  12   0 2026-09-16 17:42:20
procs -----------------------memory---------------------- ---swap-- -----io---- -system-- --------cpu-------- -----timestamp-----
 r  b         swpd         free         buff        cache   si   so    bi    bo   in   cs  us  sy  id  wa  st                 KST
 2  5      1384952       885652        16388     58247908  160    0 2964132     0 14482 21627   2   2  87   9   0 2026-09-16 17:42:21
 2  0      1384952       881732        16388     58247940    0    0 2437632   444 13238 20174   2   2  90   7   0 2026-09-16 17:42:22
 2  5      1384952       887124        16388     58247972    0    0 2867200     0 13547 21022   2   2  88   9   0 2026-09-16 17:42:23
 1  7      1384952       879644        16388     58248012   12    0 2382860     0 12844 20084   2   2  89   7   0 2026-09-16 17:42:24
 2  4      1384952       887324        16396     58248036    4    0 2868228    72 31924 21468   2   3  86  10   0 2026-09-16 17:42:25
 0  8      1384696       879200        16396     58248072   36    0 2252836     0 12859 20539   2   2  89   7   0 2026-09-16 17:42:26
 2  5      1384696       884184        16396     58248104   20    0 2856980   380 13602 21247   2   2  87   9   0 2026-09-16 17:42:27
 1  5      1384696       887028        16396     58248132   40    0 2738216     0 13738 20634   2   2  88   8   0 2026-09-16 17:42:28
 1  0      1384696       891892        16396     58248160    0    0 2889728     0 14343 20971   2   2  87   9   0 2026-09-16 17:42:29
 2  5      1384696       892076        16404     58248200   12    0 2599948    88 13757 19887   2   2  89   7   0 2026-09-16 17:42:30
 2  0      1384696       896708        16404     58248232   12    0 2542604     0 13497 20191   2   2  91   5   0 2026-09-16 17:42:31
 1  5      1384696       887744        16404     58248388   12    0 2861068   456 14486 20622   2   2  84  12   0 2026-09-16 17:42:32
 1  7      1384696       883848        16404     58248424    8    0 2488328     0 13689 20081   2   2  87   8   0 2026-09-16 17:42:33
 1  5      1384696       882408        16404     58248460    8    0 2903048     0 14317 20962   2   2  87   9   0 2026-09-16 17:42:34
 1  6      1384696       879484        16412     58248620   60    0 2732220    84 13649 21148   2   2  88   8   0 2026-09-16 17:42:35
 0  1      1384696       881876        16412     58248652    4    0 2690564     0 13586 20763   2   2  89   7   0 2026-09-16 17:42:36
 0  6      1384440       881744        16412     58248812  128    0 2416384   428 13396 20212   2   2  89   6   0 2026-09-16 17:42:37
 1  0      1384440       888164        16412     58248840    0    0 2764800     0 13078 21003   2   2  89   7   0 2026-09-16 17:42:38
 2  6      1384440       887224        16412     58248880    0    0 2493440     0 13205 20872   2   2  89   7   0 2026-09-16 17:42:39
 1  0      1384440       885056        16420     58248904   16    0 2649104   100 13606 20766   2   2  89   7   0 2026-09-16 17:42:40
 1  5      1384440       885192        16420     58248940    0    0 2790912     0 13530 20813   2   2  87   9   0 2026-09-16 17:42:41
procs -----------------------memory---------------------- ---swap-- -----io---- -system-- --------cpu-------- -----timestamp-----
 r  b         swpd         free         buff        cache   si   so    bi    bo   in   cs  us  sy  id  wa  st                 KST
 3  6      1384440       885296        16420     58248964    0    0 3124736   416 14773 20914   2   2  85  11   0 2026-09-16 17:42:42
 0  9      1382136       883672        16420     58249180 2880    0 2825408    24 14490 21267   2   2  86  11   0 2026-09-16 17:42:43
 1  4      1381624       882320        16420     58249464  580    0 3146360     0 14913 21436   2   2  85  12   0 2026-09-16 17:42:44
 2  4      1381624       882680        16428     58249500    0    0 2873856    72 14197 20614   2   2  86  11   0 2026-09-16 17:42:45
 0  5      1381624       890148        16428     58249528    0    0 2801152     0 14128 20781   2   2  87   9   0 2026-09-16 17:42:46
 0  8      1381624       888768        16428     58249564   16    0 3206160     0 14994 21546   2   2  87   9   0 2026-09-16 17:42:47
 0  1      1381624       894104        16428     58249584   16    0 3214864   392 14293 21869   1   2  86  10   0 2026-09-16 17:42:48
 1  4      1381624       884340        16428     58249624   12    0 2936332     0 13650 21413   2   2  87   9   0 2026-09-16 17:42:49
 2  5      1381624       877224        16436     58249652   20    0 2987028    84 13943 21575   2   2  87  10   0 2026-09-16 17:42:50
 1  8      1381624       881428        16436     58249684   32    0 2868256     0 13720 21323   2   2  87   9   0 2026-09-16 17:42:51
 2  1      1375736       873216        16608     58250980 6924    0 3225308     0 15518 24010   2   2  84  12   0 2026-09-16 17:42:52
 1  5      1371896       861168        17016     58251712 3692    0 3037240   500 15617 24913   3   2  85  10   0 2026-09-16 17:42:53
 0  6      1371384       879652        17016     58251748  288    0 2995488     0 14460 21372   2   2  86  10   0 2026-09-16 17:42:54
 1  6      1371384       880760        17028     58251780    0    0 2940928   156 14354 20989   2   2  87  10   0 2026-09-16 17:42:55
 1  0      1371384       889912        17028     58251808   16    0 3040272     0 14538 21458   2   2  87   9   0 2026-09-16 17:42:56
 1  4      1371384       887500        17028     58251844    0    0 3207168     0 14662 21574   1   2  87   9   0 2026-09-16 17:42:57
 0  5      1371384       887344        17028     58251872    0    0 2923008   508 25522 21099   2   2  85  11   0 2026-09-16 17:42:58
 1  6      1371384       896284        17028     58251912    0    0 3049984     0 14448 21602   1   2  87   9   0 2026-09-16 17:42:59
 2  0      1370872       891352        17036     58251940  740    0 2819812    80 13790 21306   1   2  88   9   0 2026-09-16 17:43:00
 2  3      1370872       883876        17036     58251976    8    0 3133448     0 14345 21949   2   2  87   9   0 2026-09-16 17:43:01
 1  4      1370872       879452        17036     58252016    0    0 2857472     0 13663 21336   2   2  88   9   0 2026-09-16 17:43:02
procs -----------------------memory---------------------- ---swap-- -----io---- -system-- --------cpu-------- -----timestamp-----
 r  b         swpd         free         buff        cache   si   so    bi    bo   in   cs  us  sy  id  wa  st                 KST
 1  7      1370872       872292        17036     58252040    8    0 2667016   460 13446 21009   1   2  90   7   0 2026-09-16 17:43:03
 1  3      1370872       876500        17036     58252084    0    0 3122188     0 13799 22070   2   2  87   9   0 2026-09-16 17:43:04
 0  5      1370872       882116        17044     58252116    0    0 2861568   108 13549 21300   2   2  88   8   0 2026-09-16 17:43:05
 1  6      1370872       882668        17044     58252144    0    0 3174912     0 14781 21774   2   2  86  11   0 2026-09-16 17:43:06
 1  5      1370872       881008        17044     58252176    0    0 3189760     0 14609 21361   2   2  87   9   0 2026-09-16 17:43:07
 1  7      1370872       876384        17044     58252216    0    0 3207168   488 14894 21537   1   2  87   9   0 2026-09-16 17:43:08
 2  8      1370616       875724        17044     58252244  340    0 3290456     0 15031 21992   2   2  85  11   0 2026-09-16 17:43:09
 1  4      1370104       876584        17052     58252280  116    0 3224692    88 15085 22035   2   2  83  13   0 2026-09-16 17:43:10
 3  3      1370104       879724        17052     58252304   40    0 3370024     0 15234 22475   2   2  86  10   0 2026-09-16 17:43:11
 2  5      1369848       880772        17052     58252336    0    0 3024384     0 14231 21869   2   2  87   9   0 2026-09-16 17:43:12
 3  5      1369848       879884        17052     58252368    0    0 3014144   392 14442 21794   1   2  88   8   0 2026-09-16 17:43:13
 1  8      1369848       879808        17056     58252400    0    0 3021824    64 13919 21803   2   2  88   8   0 2026-09-16 17:43:14
 4  0      1366008       877156        17064     58255064 4396    0 3131256     4 14645 22983   2   2  85  11   0 2026-09-16 17:43:15
 3  3      1366008       864600        17064     58255108   48    0 3215408     0 14224 21911   1   2  87   9   0 2026-09-16 17:43:16
 2  5      1366008       866016        17064     58255128    0    0 2979328     0 14205 21215   1   2  86  10   0 2026-09-16 17:43:17
 3  5      1366008       870136        17068     58255160    0    0 3163652   528 15130 21334   1   2  85  12   0 2026-09-16 17:43:18
 3  7      1365752       869796        17160     58255204  284    0 3315056   104 14841 21601   1   2  86  10   0 2026-09-16 17:43:19
 2  7      1364984       865388        17304     58255288  956    0 3118188     0 15137 22065   2   2  84  12   0 2026-09-16 17:43:20
 0  7      1364984       859708        17304     58255320    0    0 3283968     0 14939 21689   1   2  85  11   0 2026-09-16 17:43:21
 1  0      1364728       857580        17304     58255352  404    0 3184532     0 15096 21779   2   2  85  11   0 2026-09-16 17:43:22
 3  3      1364472       859424        17304     58255380   16    0 3158544   468 14569 22092   2   2  87   9   0 2026-09-16 17:43:23
procs -----------------------memory---------------------- ---swap-- -----io---- -system-- --------cpu-------- -----timestamp-----
 r  b         swpd         free         buff        cache   si   so    bi    bo   in   cs  us  sy  id  wa  st                 KST
 2  6      1364472       867372        17312     58255408    0    0 3019264   164 14149 21665   1   2  88   9   0 2026-09-16 17:43:24
 0  6      1364472       866428        17312     58255448    4    0 3018244     0 13766 21592   1   2  88   9   0 2026-09-16 17:43:25
 1  7      1364472       868308        17312     58255476    0    0 2976768     0 13845 21966   2   2  87   9   0 2026-09-16 17:43:26
 1  8      1364472       865900        17312     58255520    8    0 3341320     0 14934 22769   1   2  85  11   0 2026-09-16 17:43:27
 2  2      1364472       865232        17312     58255548   20    0 3233812     0 14305 22117   1   2  86  10   0 2026-09-16 17:43:28
 2  5      1364472       859056        17320     58255568    0    0 3035136   604 14353 21118   2   2  86  10   0 2026-09-16 17:43:29
 2  5      1364472       860940        17320     58255612    0    0 3051520     0 14395 20952   1   2  86  11   0 2026-09-16 17:43:30
 3  5      1364472       855180        17320     58255648   12    0 3249164     0 23048 21494   1   2  86  10   0 2026-09-16 17:43:31
 1  5      1364472       855596        17320     58255672   36    0 3226660     0 14586 21343   1   2  85  12   0 2026-09-16 17:43:32
 2  6      1364216       867052        17320     58255708   84    0 3177556     0 14479 21323   1   2  86  10   0 2026-09-16 17:43:33
 0  1      1364216       864940        17328     58255736    0    0 3228160   544 14659 22098   2   2  86  10   0 2026-09-16 17:43:34
 0  2      1363960       858288        17328     58255768   32    0 3363360     0 14622 22649   1   2  85  11   0 2026-09-16 17:43:35
 2  4      1363704       861724        17328     58255796   20    0 3164180     0 14272 22029   2   2  86  10   0 2026-09-16 17:43:36
 0  5      1363704       863856        17328     58255832    8    0 3015176     0 14145 21889   2   2  87  10   0 2026-09-16 17:43:37
 1  5      1363704       861916        17328     58255856   12    0 3014156     0 13762 21633   2   2  87  10   0 2026-09-16 17:43:38
 2  8      1363704       863808        17336     58255884    0    0 3109888   508 14287 21831   1   2  87   9   0 2026-09-16 17:43:39
 2  0      1363704       862700        17336     58256048   48    0 3211440     0 14445 21727   2   2  86  11   0 2026-09-16 17:43:40
 0  1      1362936       853772        17336     58256672  628    0 3362492     0 15240 21853   2   2  83  13   0 2026-09-16 17:43:41
 1  3      1362936       853184        17336     58256696    4    0 3325444     0 14811 21426   1   2  85  11   0 2026-09-16 17:43:42
 4  4      1362936       853292        17336     58256736   36    0 3204132     0 14653 21352   1   3  86  10   0 2026-09-16 17:43:43
 3  5      1362936       848580        17344     58256764    0    0 3208192   516 14949 21177   2   2  85  11   0 2026-09-16 17:43:44
procs -----------------------memory---------------------- ---swap-- -----io---- -system-- --------cpu-------- -----timestamp-----
 r  b         swpd         free         buff        cache   si   so    bi    bo   in   cs  us  sy  id  wa  st                 KST
 1  4      1362936       848456        17344     58256792    0    0 3126784     0 14389 21280   1   2  85  11   0 2026-09-16 17:43:45
 1  5      1362936       851324        17344     58256896    4    0 2985544     0 13584 21624   1   2  88   9   0 2026-09-16 17:43:46
 2  1      1362936       848088        17344     58256924    0    0 3060224     0 13969 21258   1   2  86  11   0 2026-09-16 17:43:47
 1  4      1362936       843632        17344     58256960    0    0 3231232     0 13962 21759   1   2  86  10   0 2026-09-16 17:43:48
 3  5      1362936       846284        17352     58256996    0    0 3266560   572 14161 21976   1   2  86  11   0 2026-09-16 17:43:49
 0  5      1362936       849416        17352     58257024    0    0 3190272     0 14130 21709   1   2  87  10   0 2026-09-16 17:43:50
 0  6      1362936       851052        17352     58257048    0    0 2996736     0 13788 21269   1   2  86  10   0 2026-09-16 17:43:51
 2  5      1362936       860696        17352     58257092    0    0 3204096     0 14493 21004   1   2  86  11   0 2026-09-16 17:43:52
 0  7      1362936       857020        17352     58257116    0    0 3147776     0 14512 20890   1   2  85  11   0 2026-09-16 17:43:53
 3  0      1362936       859136        17360     58257144    0    0 3214848   540 14937 21350   1   2  86  10   0 2026-09-16 17:43:54
 3  3      1362936       856692        17360     58257184    0    0 3275264     0 14743 21126   1   2  85  11   0 2026-09-16 17:43:55
 1  4      1362936       858624        17360     58257216    0    0 3243008     0 14956 21163   1   2  85  12   0 2026-09-16 17:43:56
 2  4      1362936       858968        17360     58257248    0    0 3202560     0 14397 21687   1   2  86  10   0 2026-09-16 17:43:57
 0  5      1362936       857780        17360     58257288    0    0 3338240     0 14507 22022   1   2  87   9   0 2026-09-16 17:43:58
 2  5      1362936       848260        17368     58257312    0    0 2992640   548 13574 21223   1   2  88   9   0 2026-09-16 17:43:59
 0  6      1362936       849896        17368     58257348    0    0 3188736     0 13923 21521   1   2  87  10   0 2026-09-16 17:44:00
 2  7      1362936       855788        17368     58257376    0    0 3180544     0 13893 21594   1   2  87  10   0 2026-09-16 17:44:01
 2  0      1362936       848036        17368     58257408    0    0 3318272     0 14205 21838   1   2  86  10   0 2026-09-16 17:44:02
 1  0      1362936       845384        17368     58257436    0    0 3363840     0 24774 21413   1   2  85  11   0 2026-09-16 17:44:03
 2  5      1362936       860860        17376     58257464    4    0 3236356   560 14972 21858   2   2  84  12   0 2026-09-16 17:44:04
 2  4      1362936       861532        17376     58257492    0    0 3198976     0 14798 20946   1   2  85  11   0 2026-09-16 17:44:05
procs -----------------------memory---------------------- ---swap-- -----io---- -system-- --------cpu-------- -----timestamp-----
 r  b         swpd         free         buff        cache   si   so    bi    bo   in   cs  us  sy  id  wa  st                 KST
 1  4      1362936       879792        17376     58257536    0    0 3273216     0 15183 21439   1   2  85  11   0 2026-09-16 17:44:06
 1  5      1362936       882156        17376     58257576    0    0 3200512     0 14643 20906   1   2  86  11   0 2026-09-16 17:44:07
 1  5      1362936       873680        17376     58257604    0    0 3103744     0 14113 21523   1   2  88   9   0 2026-09-16 17:44:08
 0  9      1362936       881400        17384     58257648    0    0 3001344   452 13791 21270   1   2  86  11   0 2026-09-16 17:44:09
 0  3      1362936       874744        17384     58257676    0    0 3213312    56 14190 21856   1   2  87  10   0 2026-09-16 17:44:10
 3  4      1362936       876584        17384     58257708    0    0 3031040     0 13931 21510   1   2  86  10   0 2026-09-16 17:44:11
 1  5      1362936       872136        17384     58257736    0    0 3151360     0 14045 21411   1   2  86  11   0 2026-09-16 17:44:12
 0  6      1362936       870004        17384     58257768    0    0 3199488     0 14159 21626   1   2  86  11   0 2026-09-16 17:44:13
 1  5      1362936       872588        17392     58257792    0    0 3146752   112 14405 20838   1   2  86  11   0 2026-09-16 17:44:14
 1  8      1362936       875952        17392     58257836    0    0 3185664   472 14793 21106   1   2  87  10   0 2026-09-16 17:44:15
 0  1      1362936       876276        17392     58257868    0    0 3265024     0 14841 21451   1   2  86  11   0 2026-09-16 17:44:16
 1  3      1362936       882956        17392     58257900    0    0 3272192     0 14618 21251   1   2  85  12   0 2026-09-16 17:44:17
 2  4      1362936       876240        17392     58257928    0    0 3189760     0 14788 21169   1   2  86  10   0 2026-09-16 17:44:18
 1  5      1362936       878308        17400     58257956    0    0 3359744    96 14666 21809   1   2  86  11   0 2026-09-16 17:44:19
 0  5      1362936       880860        17400     58257996    0    0 3119616   488 13972 21615   1   2  86  10   0 2026-09-16 17:44:20
 2  6      1362936       879948        17400     58258024    0    0 3014144     0 13822 21092   1   2  88   9   0 2026-09-16 17:44:21
 0  8      1362936       880764        17400     58258048    0    0 3170304     0 14331 21659   1   2  87  10   0 2026-09-16 17:44:22
 3  0      1362936       875540        17400     58258088    0    0 3175424     0 14094 21675   1   2  88   8   0 2026-09-16 17:44:23
 2  3      1362936       881384        17408     58258124    0    0 3200000    84 14374 21600   1   2  87  10   0 2026-09-16 17:44:24
 2  4      1362936       879508        17408     58258148    0    0 2998784   452 14239 20982   1   2  87  10   0 2026-09-16 17:44:25
 1  5      1362936       878372        17408     58258180    4    0 3312644     0 15146 21600   1   2  86  10   0 2026-09-16 17:44:26
procs -----------------------memory---------------------- ---swap-- -----io---- -system-- --------cpu-------- -----timestamp-----
 r  b         swpd         free         buff        cache   si   so    bi    bo   in   cs  us  sy  id  wa  st                 KST
 2  5      1362936       883556        17408     58258220    0    0 3239424     0 14675 21128   1   2  85  11   0 2026-09-16 17:44:27
 0  6      1362936       885656        17408     58258244    0    0 3172352     0 14210 20996   1   2  86  11   0 2026-09-16 17:44:28
 2  6      1362936       883684        17416     58258276    0    0 3215360   268 14635 21052   1   2  86  11   0 2026-09-16 17:44:29
 1  8      1362936       880932        17416     58258308    0    0 3226624   384 14731 21538   2   2  85  11   0 2026-09-16 17:44:30
 0  3      1362936       882292        17416     58258348    0    0 3190784     0 14276 21545   1   2  86  10   0 2026-09-16 17:44:31
 2  5      1362936       887168        17416     58258376    0    0 3037184     0 13994 21269   1   2  87  10   0 2026-09-16 17:44:32
 1  5      1362936       883704        17416     58258404    0    0 3023872     0 13719 21353   1   2  86  11   0 2026-09-16 17:44:33
 1  7      1362936       876032        17424     58258432    0    0 2969600    80 13843 21048   1   2  87  10   0 2026-09-16 17:44:34
 1  8      1362936       869824        17424     58258472    0    0 3173376   404 14058 21701   1   2  87  10   0 2026-09-16 17:44:35
 0  2      1362936       876956        17424     58258512    0    0 3290112     0 25708 21762   1   3  85  10   0 2026-09-16 17:44:36
 2  5      1362936       877768        17424     58258528    4    0 3174404     0 14676 21055   1   2  87  10   0 2026-09-16 17:44:37
 2  4      1362936       881380        17424     58258564    0    0 3141632     0 14484 20874   1   2  85  12   0 2026-09-16 17:44:38
 1  5      1362936       880236        17432     58258592    0    0 3189760    88 14758 21042   1   2  85  12   0 2026-09-16 17:44:39
 1  6      1362936       876264        17432     58258624    0    0 3135488   464 14623 20982   1   2  86  11   0 2026-09-16 17:44:40
 2  6      1362936       871608        17432     58258664    0    0 3245056     0 14624 21066   1   2  87   9   0 2026-09-16 17:44:41
 1  7      1362936       870488        17432     58258684    0    0 3338240     0 14698 21794   1   2  87   9   0 2026-09-16 17:44:42
 0  8      1362936       872420        17432     58258712    0    0 3181568     0 14053 21612   1   2  87  10   0 2026-09-16 17:44:43
 1  2      1362936       878508        17440     58258760    0    0 3245056    72 14339 21647   1   2  87  10   0 2026-09-16 17:44:44
 2  4      1362936       878092        17440     58258780    0    0 3162112   428 14040 21618   1   2  87  10   0 2026-09-16 17:44:45
 2  5      1362936       889040        17440     58258816    0    0 3017216     0 13859 21552   1   2  88   9   0 2026-09-16 17:44:46
 2  5      1362936       883860        17440     58258852    0    0 3134976     0 14054 21478   1   2  86  10   0 2026-09-16 17:44:47
procs -----------------------memory---------------------- ---swap-- -----io---- -system-- --------cpu-------- -----timestamp-----
 r  b         swpd         free         buff        cache   si   so    bi    bo   in   cs  us  sy  id  wa  st                 KST
 0  7      1362936       880244        17440     58258880    0    0 3012608     0 13740 20632   1   2  86  10   0 2026-09-16 17:44:48
 1  7      1362936       876356        17448     58258908    0    0 3324928    88 14786 21654   1   3  85  11   0 2026-09-16 17:44:49
 3  1      1362936       864368        17448     58258944    0    0 3260416   448 14742 21236   1   2  85  12   0 2026-09-16 17:44:50
 2  3      1362936       870232        17448     58258964    0    0 3315712     0 14531 21229   1   2  86  11   0 2026-09-16 17:44:51
 1  4      1362936       864068        17448     58259012    0    0 3241984     0 14773 21103   1   2  84  12   0 2026-09-16 17:44:52
 1  4      1362936       866192        17448     58259048    0    0 3184128     0 14828 21378   1   2  86  10   0 2026-09-16 17:44:53
 2  5      1362936       873296        17456     58259076    0    0 2971136    84 13862 21149   1   2  87   9   0 2026-09-16 17:44:54
 2  5      1362936       869592        17456     58259100    0    0 3171328     0 13907 21397   1   2  88   9   0 2026-09-16 17:44:55
 0  1      1362936       871392        17456     58259140    0    0 3057152   472 14007 21376   1   2  89   8   0 2026-09-16 17:44:56
 0  3      1362936       875300        17456     58259172    0    0 3334656     0 14725 21793   1   2  85  11   0 2026-09-16 17:44:57
 2  4      1362936       874608        17456     58259208    0    0 3195904     0 14228 21581   1   2  88   8   0 2026-09-16 17:44:58
 2  5      1362936       868660        17464     58259236    0    0 3129856   104 14279 21366   1   2  87   9   0 2026-09-16 17:44:59
 2  5      1362936       870740        17464     58259268    0    0 3234304     0 14781 21244   1   2  87   9   0 2026-09-16 17:45:00
 0  6      1362936       877872        17464     58259364    0    0 3152896   480 14587 21038   1   2  86  10   0 2026-09-16 17:45:01
 2  6      1362936       885500        17464     58259400    0    0 3244032     0 15139 21166   1   2  84  12   0 2026-09-16 17:45:02
 1  6      1362936       876588        17464     58259424    0    0 3245056     0 14887 21164   1   2  86  10   0 2026-09-16 17:45:03
 0  8      1362936       870092        17472     58259452    0    0 3328000   112 14901 21682   1   2  86  10   0 2026-09-16 17:45:04
 3  1      1362936       869180        17472     58259488    0    0 3237376     0 14300 21709   1   2  86  11   0 2026-09-16 17:45:05
 2  3      1362936       863024        17472     58259520    0    0 3329536   584 14635 22307   1   2  86  10   0 2026-09-16 17:45:06
 1  5      1362936       867424        17472     58259556    0    0 3039232     0 14101 21281   1   2  87  10   0 2026-09-16 17:45:07
 0  6      1362936       868804        17472     58259580    0    0 3030016     0 14015 21258   1   2  88   9   0 2026-09-16 17:45:08
procs -----------------------memory---------------------- ---swap-- -----io---- -system-- --------cpu-------- -----timestamp-----
 r  b         swpd         free         buff        cache   si   so    bi    bo   in   cs  us  sy  id  wa  st                 KST
 0  6      1362936       869368        17480     58259620    0    0 3171328    84 24915 21807   2   2  86  10   0 2026-09-16 17:45:09
 1  7      1362936       878792        17480     58259652    0    0 3155968     0 14260 21310   1   2  87   9   0 2026-09-16 17:45:10
 1  8      1362936       874700        17480     58259676    0    0 3346432   460 14807 21414   1   2  86  11   0 2026-09-16 17:45:11
 3  8      1362936       876876        17480     58259708    0    0 3333120     0 14934 21356   1   2  87  10   0 2026-09-16 17:45:12
 1  1      1362936       869200        17480     58259744    0    0 3325440     0 15008 21363   1   2  86  11   0 2026-09-16 17:45:13
 1  4      1362936       863032        17488     58259772    0    0 3233280    76 14676 21224   1   2  85  11   0 2026-09-16 17:45:14
 3  4      1362936       864872        17488     58259808    0    0 3233792     0 14568 21115   1   2  86  11   0 2026-09-16 17:45:15
 0  5      1362936       873548        17488     58259840    0    0 3120640   440 14353 21613   1   2  87  10   0 2026-09-16 17:45:16
 2  5      1362936       872668        17488     58259868    0    0 3013120     0 13813 21195   1   2  88   8   0 2026-09-16 17:45:17
 2  7      1362936       874536        17488     58259908    0    0 3034112     0 14046 21265   2   2  87  10   0 2026-09-16 17:45:18
 0  1      1362936       866048        17496     58259936    0    0 3197440    96 14315 21607   1   2  88   8   0 2026-09-16 17:45:19
 1  3      1362936       865424        17496     58259972    0    0 3337728     0 14657 21990   1   2  86  10   0 2026-09-16 17:45:20
 0  5      1362936       867508        17496     58260008    0    0 3076096   448 14021 21303   1   2  87  10   0 2026-09-16 17:45:21
 1  6      1362936       872096        17496     58260048    0    0 2637824     0 13685 19911   1   2  87  10   0 2026-09-16 17:45:22
 1  1      1362936       876756        17496     58260072    0    0 2964992     0 14424 20741   2   2  87   9   0 2026-09-16 17:45:23
 1  5      1362936       872508        17504     58260108    0    0 2417152   104 13654 19333   2   2  87   9   0 2026-09-16 17:45:24
 2  0      1362936       872080        17504     58260136    0    0 2761728     0 13969 20635   2   2  87   9   0 2026-09-16 17:45:25
 0  5      1362936       874384        17504     58260284    4    0 2765428   472 14336 20610   2   2  88   9   0 2026-09-16 17:45:26
 0  8      1362424       881044        17504     58260316   56    0 2551352     0 13605 20461   3   2  87   8   0 2026-09-16 17:45:27
 2  0      1362424       881696        17504     58260340  144    0 3254416     0 14772 21834   2   2  86  10   0 2026-09-16 17:45:28
 3  4      1362424       883144        17512     58260368    0    0 2570752    96 13683 20569   2   2  88   9   0 2026-09-16 17:45:29
procs -----------------------memory---------------------- ---swap-- -----io---- -system-- --------cpu-------- -----timestamp-----
 r  b         swpd         free         buff        cache   si   so    bi    bo   in   cs  us  sy  id  wa  st                 KST
 1  0      1362424       879688        17512     58260400    0    0 2571776     0 13488 20483   2   2  90   6   0 2026-09-16 17:45:30
 0  5      1362424       882540        17512     58260436    0    0 2725376   444 13609 20610   2   2  90   6   0 2026-09-16 17:45:31
 1  0      1362424       884844        17512     58260468    0    0 2417152     0 13284 20188   2   2  90   7   0 2026-09-16 17:45:32
 1  4      1362424       888244        17512     58260484    0    0 3051520     0 14311 21370   2   2  87  10   0 2026-09-16 17:45:33
 1  6      1362424       878588        17520     58260528    0    0 2369536    76 13365 20080   2   2  88   8   0 2026-09-16 17:45:34
 1  0      1362424       881532        17520     58260552    0    0 3149824     0 14383 21066   2   2  86  10   0 2026-09-16 17:45:35
 0  5      1362424       879612        17520     58260584    0    0 2814976   432 14490 20403   1   2  86  10   0 2026-09-16 17:45:36
 0  7      1362424       876232        17520     58260612    0    0 2534400     0 13702 19600   2   2  88   8   0 2026-09-16 17:45:37
 2  3      1362424       878876        17520     58260644   16    0 3004432     0 14719 21138   1   2  86  11   0 2026-09-16 17:45:38
 1  6      1362424       881992        17528     58260676    0    0 2494464    72 13706 19806   2   2  88   9   0 2026-09-16 17:45:39
 0  1      1362424       876748        17528     58260740    0    0 2855444     0 14259 20613   2   2  87   9   0 2026-09-16 17:45:40
 1  4      1362424       881628        17528     58260760    0    0 2908672     0 14367 20802   2   2  86  10   0 2026-09-16 17:45:41
 0  8      1362424       876116        17528     58260800    0    0 2341888   448 16792 19986   2   2  89   7   0 2026-09-16 17:45:42
 2  4      1362424       879444        17528     58260832    0    0 3041280     0 13773 21236   2   2  88   8   0 2026-09-16 17:45:43
 0  6      1362424       878032        17536     58260984   32    0 2399508    92 13064 19937   2   2  90   7   0 2026-09-16 17:45:44
 2  3      1362424       874096        17536     58261276    0    0 2853888     0 13568 20759   1   2  87   9   0 2026-09-16 17:45:45
 2  5      1362424       875436        17536     58261300    0    0 2570240     0 13546 20645   2   2  88   8   0 2026-09-16 17:45:46
 2  0      1362424       873800        17536     58261332    0    0 2705920   428 13378 20428   1   2  88   9   0 2026-09-16 17:45:47
 1  4      1362424       874408        17536     58261368    0    0 2747392     0 13960 20248   2   2  86  10   0 2026-09-16 17:45:48
 1  1      1361912       881880        17544     58261396  612    0 2439780   100 13610 19942   2   2  88   8   0 2026-09-16 17:45:49
 1  8      1361912       874976        17544     58261428    0    0 1785344     0 12609 18449   2   2  91   5   0 2026-09-16 17:45:50
procs -----------------------memory---------------------- ---swap-- -----io---- -system-- --------cpu-------- -----timestamp-----
 r  b         swpd         free         buff        cache   si   so    bi    bo   in   cs  us  sy  id  wa  st                 KST
 1  6      1361912       884944        17544     58261456    0    0 2486272     0 13829 19522   2   2  86  10   0 2026-09-16 17:45:51
 7  0      1361912       888532        17544     58261504    0    0 2544128   476 13628 19987   2   2  88   8   0 2026-09-16 17:45:52
 8  0      1361912       881872        17544     58261520    0    0 1755648     0 12508 18244   2   2  90   6   0 2026-09-16 17:45:53
 5  6      1361912       892552        17552     58261548    0    0 2505728    88 13727 19537   2   2  87   9   0 2026-09-16 17:45:54
 2  1      1361912       887180        17552     58261588    0    0 2571776     0 13824 19885   2   2  88   8   0 2026-09-16 17:45:55
 2  5      1361912       884720        17552     58261620    0    0 2409984     0 13225 20003   2   2  87   9   0 2026-09-16 17:45:56
 3  2      1361912       877776        17552     58261660    0    0 2624512   452 13468 20285   2   2  90   7   0 2026-09-16 17:45:57
 1  0      1361912       886720        17552     58261684    0    0 1887232     0 12479 18961   2   2  91   6   0 2026-09-16 17:45:58
 1  7      1361912       884780        17560     58261720    0    0 1964032    84 12662 19087   2   2  90   6   0 2026-09-16 17:45:59
 2  5      1361912       889604        17560     58261744    0    0 2470400     0 13361 20036   2   2  91   6   0 2026-09-16 17:46:00
 0  1      1361912       885776        17560     58261780    0    0 2403328     0 13162 19946   2   2  90   6   0 2026-09-16 17:46:01
 2  7      1361912       886648        17560     58261808   20    0 1777172   404 12312 18644   2   2  90   5   0 2026-09-16 17:46:02
 1  5      1361912       883296        17560     58261848    0    0 2425856     0 13336 19746   2   2  87   9   0 2026-09-16 17:46:03
 2  0      1361912       879700        17568     58261876    0    0 2672640    76 13622 20022   2   2  88   8   0 2026-09-16 17:46:04
 2  5      1361912       880988        17568     58261916    0    0 2478080     0 13651 19408   2   2  86  10   0 2026-09-16 17:46:05
 1  0      1361912       885728        17568     58261944    0    0 2582016     0 13837 20260   2   2  88   8   0 2026-09-16 17:46:06
 1  0      1361912       879604        17568     58261972    0    0 1796628   368 12380 18464   2   2  91   5   0 2026-09-16 17:46:07
 2  5      1361912       882544        17568     58262036    0    0 2455552     0 13767 19464   2   2  87   9   0 2026-09-16 17:46:08
 1  4      1361912       871784        17576     58262072    0    0 2577408    88 14283 19983   2   2  89   7   0 2026-09-16 17:46:09
 1  0      1361912       881656        17576     58262108    0    0 1823744     0 12568 18601   2   2  91   5   0 2026-09-16 17:46:10
 2  3      1361912       879228        17576     58262128    0    0 3154944     0 14698 21276   2   2  86  10   0 2026-09-16 17:46:11
procs -----------------------memory---------------------- ---swap-- -----io---- -system-- --------cpu-------- -----timestamp-----
 r  b         swpd         free         buff        cache   si   so    bi    bo   in   cs  us  sy  id  wa  st                 KST
 2  0      1361912       881644        17576     58262164    0    0 1987584   512 12378 19176   2   2  90   6   0 2026-09-16 17:46:12
 0  6      1361912       882004        17576     58262192    0    0 2134016     0 12843 19546   2   2  89   7   0 2026-09-16 17:46:13
 1  4      1361912       880012        17584     58262232    0    0 2448384   124 24691 20263   2   2  89   6   0 2026-09-16 17:46:14
 0  1      1361912       881432        17584     58262256    0    0 2259456     0 12552 19696   2   2  89   7   0 2026-09-16 17:46:15
 2  0      1361912       878052        17584     58262292    0    0 1729024     0 12328 18787   2   2  91   5   0 2026-09-16 17:46:16
 1  6      1361912       873564        17584     58262324    0    0 2308096   476 13231 19962   2   2  88   8   0 2026-09-16 17:46:17
 2  4      1361912       874636        17584     58262356    0    0 2619392     0 13466 20337   2   2  89   7   0 2026-09-16 17:46:18
 3  5      1361912       868692        17592     58262396    0    0 2264064    84 12677 19522   2   2  88   8   0 2026-09-16 17:46:19
 2  5      1361912       881624        17604     58262428    0    0 2628612    72 14028 20075   2   2  89   7   0 2026-09-16 17:46:20
 2  0      1361912       889076        17604     58262464    0    0 2179072     0 13209 19214   2   2  90   6   0 2026-09-16 17:46:21
 3  4      1361912       885388        17604     58262488    0    0 2234368     0 13298 19193   2   2  87   9   0 2026-09-16 17:46:22
 1  5      1361912       880712        17604     58262524    0    0 2662400   464 13822 20216   2   2  88   9   0 2026-09-16 17:46:23
 2  0      1361912       874004        17604     58262552    0    0 1959936     0 12783 18837   2   2  89   7   0 2026-09-16 17:46:24
 1  5      1361912       875668        17612     58262584    0    0 2266112   120 13278 19155   2   2  86  10   0 2026-09-16 17:46:25
 1  3      1361912       870820        17612     58262620    4    0 2681860     0 14382 20617   2   2  89   8   0 2026-09-16 17:46:26
 1  5      1361912       875480        17612     58262660    0    0 2653184     0 13620 20358   2   2  89   8   0 2026-09-16 17:46:27
 1  2      1361912       873628        17612     58262688    0    0 2533376   452 13304 20316   2   2  89   7   0 2026-09-16 17:46:28
 1  8      1361912       871272        17612     58262720    0    0 1873920     0 12343 18912   2   2  90   6   0 2026-09-16 17:46:29
 1  4      1361912       872092        17620     58262744    0    0 2519552    88 13464 20208   2   2  88   8   0 2026-09-16 17:46:30
 0  1      1361912       873804        17620     58262784    0    0 2539520     0 13382 20299   2   2  87   9   0 2026-09-16 17:46:31
 1  8      1361912       871104        17620     58262812    0    0 1894912     0 12452 19049   2   2  89   6   0 2026-09-16 17:46:32
procs -----------------------memory---------------------- ---swap-- -----io---- -system-- --------cpu-------- -----timestamp-----
 r  b         swpd         free         buff        cache   si   so    bi    bo   in   cs  us  sy  id  wa  st                 KST
 3  5      1361912       875472        17620     58262972    0    0 2526720   460 13090 20228   2   2  90   7   0 2026-09-16 17:46:33
 1  3      1361912       872492        17620     58263004    0    0 2408960     0 13143 19974   2   2  91   6   0 2026-09-16 17:46:34
 3  5      1361912       868544        17628     58263032    0    0 2486272    88 13714 19428   2   2  88   9   0 2026-09-16 17:46:35
 2  2      1361912       875252        17628     58263068    0    0 2669568     0 14021 20091   2   2  88   8   0 2026-09-16 17:46:36
 0  8      1361912       874580        17628     58263108    0    0 1876992     0 12596 18480   2   2  90   6   0 2026-09-16 17:46:37
 4  4      1361912       878692        17628     58263132    0    0 2554368   460 13958 19947   2   2  86  10   0 2026-09-16 17:46:38
 2  0      1361912       882608        17628     58263172    0    0 2512384     0 13591 20015   2   2  88   8   0 2026-09-16 17:46:39
 1  7      1361912       877160        17636     58263200    0    0 1946624    96 12565 18406   2   2  89   7   0 2026-09-16 17:46:40
 2  4      1361912       880744        17636     58263236    0    0 2611200     0 13977 19940   2   2  86  10   0 2026-09-16 17:46:41
 2  7      1361912       878168        17636     58263264    0    0 2402304     0 13194 20270   2   2  89   7   0 2026-09-16 17:46:42
 1  4      1361912       878492        17636     58263296    0    0 2688512   436 13995 20629   2   2  87   9   0 2026-09-16 17:46:43
 1  0      1361912       874572        17636     58263328    0    0 2350592     0 12981 19724   2   2  89   7   0 2026-09-16 17:46:44
 1  7      1361912       879440        17644     58263348    0    0 1942528    76 12438 19077   2   2  89   7   0 2026-09-16 17:46:45
 2  4      1361912       875760        17644     58263388    0    0 2678784     0 13970 20861   2   2  88   8   0 2026-09-16 17:46:46
 2  0      1361912       875256        17644     58263424    0    0 2235392     0 23955 19796   2   2  89   7   0 2026-09-16 17:46:47
 1  5      1361912       874608        17644     58263444    0    0 2057216   348 12947 19353   2   2  89   7   0 2026-09-16 17:46:48
 2  4      1361912       872680        17644     58263476    0    0 2564096     0 13349 20214   2   2  90   7   0 2026-09-16 17:46:49
 1  6      1361912       874572        17652     58263512    0    0 2513920    76 13393 19544   2   2  88   8   0 2026-09-16 17:46:50
 1  4      1361912       873676        17652     58263540    0    0 2737152     0 13961 20333   2   2  87   9   0 2026-09-16 17:46:51
 1  8      1361912       876368        17652     58263584    0    0 2200576     0 13289 19261   2   2  88   8   0 2026-09-16 17:46:52
 1  4      1361912       877956        17652     58263608    0    0 2777088   416 14344 20425   1   2  87   9   0 2026-09-16 17:46:53
procs -----------------------memory---------------------- ---swap-- -----io---- -system-- --------cpu-------- -----timestamp-----
 r  b         swpd         free         buff        cache   si   so    bi    bo   in   cs  us  sy  id  wa  st                 KST
 2  0      1361912       879788        17652     58263644    0    0 2291712     0 13498 19429   2   2  89   7   0 2026-09-16 17:46:54
 0  6      1361912       878328        17660     58263680    0    0 2494464    80 13681 19475   2   2  86  10   0 2026-09-16 17:46:55
 1  7      1361912       877644        17660     58263712    0    0 2711552     0 14001 20256   2   2  88   8   0 2026-09-16 17:46:56
 1  5      1361912       876984        17660     58263744    0    0 2679296     0 13688 20659   2   2  86  10   0 2026-09-16 17:46:57
 2  0      1361912       873064        17660     58263780    0    0 2399744   400 13440 20068   2   2  89   7   0 2026-09-16 17:46:58
 1  5      1361912       876536        17660     58263796    0    0 2289664     0 12991 19800   2   2  88   7   0 2026-09-16 17:46:59
 1  4      1361912       877872        17668     58263836    0    0 2675712    96 13250 20395   2   2  90   7   0 2026-09-16 17:47:00
 1  7      1361912       885024        17668     58263872    0    0 2027520     0 12293 19165   2   2  90   6   0 2026-09-16 17:47:01
 3  4      1361912       882956        17668     58263896    0    0 2845696     0 13782 20752   2   2  88   8   0 2026-09-16 17:47:02
 2  0      1361912       881324        17668     58263928    0    0 2160640   444 12767 19500   2   2  89   7   0 2026-09-16 17:47:03
 0  4      1361912       887244        17668     58263952    0    0 3243008     0 14516 21351   2   2  85  11   0 2026-09-16 17:47:04
 2  6      1361912       881040        17676     58263992    0    0 2131968    88 12982 18868   2   2  89   7   0 2026-09-16 17:47:05
 0  5      1361912       887668        17676     58264032    4    0 2800644     0 14452 20948   2   2  86  10   0 2026-09-16 17:47:06
 2  0      1361912       887396        17676     58264064    0    0 2109440     0 13325 19031   2   2  89   7   0 2026-09-16 17:47:07
 0  5      1361912       887492        17676     58264100    0    0 2701824     0 13941 19835   2   2  85  11   0 2026-09-16 17:47:08
 2  0      1361912       891856        17676     58264120    0    0 2440704   416 13402 19702   2   2  89   7   0 2026-09-16 17:47:09
 2  5      1361912       895232        17684     58264160    0    0 2348032   108 13602 19455   2   2  87  10   0 2026-09-16 17:47:10
 1  0      1361912       894804        17684     58264184    0    0 2794496     0 13703 20757   2   2  89   8   0 2026-09-16 17:47:11
 2  5      1361912       893868        17684     58264228    0    0 2726400     0 13632 20618   2   2  87   9   0 2026-09-16 17:47:12
 2  0      1361912       888484        17684     58264260    0    0 2416128     0 13192 19769   2   2  90   7   0 2026-09-16 17:47:13
 1  5      1361912       879492        17684     58264296    0    0 2286592   440 12903 19743   2   2  89   8   0 2026-09-16 17:47:14
procs -----------------------memory---------------------- ---swap-- -----io---- -system-- --------cpu-------- -----timestamp-----
 r  b         swpd         free         buff        cache   si   so    bi    bo   in   cs  us  sy  id  wa  st                 KST
 1  4      1361912       879852        17692     58264328    0    0 2648064    92 13609 20297   2   2  88   9   0 2026-09-16 17:47:15
 1  6      1361912       876972        17692     58264360    0    0 2189312     0 12862 19492   2   2  89   7   0 2026-09-16 17:47:16
 2  4      1361912       880332        17692     58264380    0    0 2700288     0 13591 20315   2   2  87   9   0 2026-09-16 17:47:17
 0  6      1361912       881728        17692     58264428    0    0 2664448     0 13634 20201   2   2  87   9   0 2026-09-16 17:47:18
 1  5      1361912       884172        17692     58264460    0    0 2372608   452 13286 19527   2   2  89   7   0 2026-09-16 17:47:19
 1  1      1361912       885416        17700     58264480    0    0 2279936    88 34807 19237   2   2  90   6   0 2026-09-16 17:47:20
 1  0      1361912       882972        17700     58264504    0    0 1714688     0 12202 18230   2   2  91   5   0 2026-09-16 17:47:21
 1  6      1361912       878328        17700     58264552    0    0 1899520     0 12754 18265   2   2  90   6   0 2026-09-16 17:47:22
 1  6      1361912       877952        17700     58264584    0    0 2388992     0 13783 19616   2   2  88   8   0 2026-09-16 17:47:23
 1  4      1361912       878056        17700     58264600    0    0 2411520   428 13514 19524   2   2  89   7   0 2026-09-16 17:47:24
 1  0      1361912       879992        17708     58264636    0    0 1870848    76 12901 18404   2   2  90   6   0 2026-09-16 17:47:25
 2  4      1361912       880852        17708     58264676    4    0 2856452     0 14301 20775   2   2  86  10   0 2026-09-16 17:47:26
 0  3      1361912       883808        17708     58264712    0    0 2171392     0 12896 19360   2   2  89   8   0 2026-09-16 17:47:27
 2  0      1361912       874640        17708     58264736    0    0 1828864     0 12211 18639   2   2  90   6   0 2026-09-16 17:47:28
 1  0      1361912       870984        17708     58264768    0    0 1714176   392 12305 18492   2   2  91   5   0 2026-09-16 17:47:29
 0  6      1361912       872828        17716     58264800    0    0 2083840    84 12974 19244   2   2  89   7   0 2026-09-16 17:47:30
 2  4      1361912       875664        17716     58264836    0    0 2440704     0 13172 19800   2   2  90   6   0 2026-09-16 17:47:31
 0  3      1361912       873452        17716     58265692    0    0 2207036     0 12732 19449   2   2  89   7   0 2026-09-16 17:47:32
 1  0      1361912       874128        17716     58265720    0    0 1840128     0 11947 18784   2   2  90   6   0 2026-09-16 17:47:33
 4  0      1361912       871188        17716     58265752    0    0 1714176   412 12575 18535   3   2  90   6   0 2026-09-16 17:47:34
 2  0      1361912       877068        17724     58265780    0    0 3350016    88 14721 21374   1   2  87  10   0 2026-09-16 17:47:35
procs -----------------------memory---------------------- ---swap-- -----io---- -system-- --------cpu-------- -----timestamp-----
 r  b         swpd         free         buff        cache   si   so    bi    bo   in   cs  us  sy  id  wa  st                 KST
 2  0      1361912       881464        17724     58265812    0    0 1792512     0 12708 18353   2   2  90   6   0 2026-09-16 17:47:36
 1  7      1361912       878768        17724     58265844    0    0 1878016     0 12508 18285   2   2  90   6   0 2026-09-16 17:47:37
 3  5      1361912       876608        17724     58265876    0    0 2327552     0 13691 19520   2   2  87   9   0 2026-09-16 17:47:38
 0  5      1361912       882540        17724     58265908    0    0 2387968   432 13551 19546   2   2  88   8   0 2026-09-16 17:47:39
 2  0      1361912       888972        17732     58265952    0    0 1977344    72 12609 18804   2   2  89   7   0 2026-09-16 17:47:40
 2  0      1361912       885560        17732     58265988    0    0 1714176     0 12193 18118   3   2  89   6   0 2026-09-16 17:47:41
 1  5      1361912       887948        17732     58266004    0    0 2308096     0 13023 19251   2   2  87   9   0 2026-09-16 17:47:42
 2  0      1361912       886520        17732     58266048    0    0 2834432     0 14097 20966   2   2  87  10   0 2026-09-16 17:47:43
 2  0      1361912       884864        17732     58266088    0    0 1714176   468 12225 18691   3   2  90   6   0 2026-09-16 17:47:44
 0  6      1361912       885724        17740     58266120    0    0 2211840   124 13126 19511   2   2  89   7   0 2026-09-16 17:47:45
 0  5      1361912       884312        17740     58266144    0    0 2429952     0 13608 20345   2   2  89   7   0 2026-09-16 17:47:46
 0  1      1361912       884220        17740     58266180    4    0 2208260     0 12679 19669   2   2  90   6   0 2026-09-16 17:47:47
 2  0      1361912       879304        17740     58266216    0    0 1720832     0 12296 18827   3   2  91   5   0 2026-09-16 17:47:48
 0  8      1361912       874904        17740     58266240    0    0 1764352     0 12509 18984   2   2  90   6   0 2026-09-16 17:47:49
 3  5      1361912       880292        17748     58266276    0    0 2253824   576 13240 19826   2   2  87   8   0 2026-09-16 17:47:50
 1  5      1361912       881700        17748     58266300    0    0 2291712     0 13257 19755   2   2  89   7   0 2026-09-16 17:47:51
 2  0      1361912       876584        17748     58266340    0    0 2260992     0 13060 19508   2   2  90   6   0 2026-09-16 17:47:52
 3  0      1361912       873160        17748     58266364    0    0 1714176     0 27318 18424   3   2  89   6   0 2026-09-16 17:47:53
 2  0      1361912       876824        17748     58266400    0    0 1714176     0 12548 18386   2   1  91   5   0 2026-09-16 17:47:54
 1  0      1361912       873692        17756     58266428    0    0 1714176   548 12698 18538   3   2  90   6   0 2026-09-16 17:47:55
 1  0      1361912       867760        17756     58266464    0    0 1714176     0 12553 18421   3   2  90   6   0 2026-09-16 17:47:56
procs -----------------------memory---------------------- ---swap-- -----io---- -system-- --------cpu-------- -----timestamp-----
 r  b         swpd         free         buff        cache   si   so    bi    bo   in   cs  us  sy  id  wa  st                 KST
 1  0      1361912       871648        17756     58266484    0    0 1714176     0 12640 18497   3   2  90   6   0 2026-09-16 17:47:57
 2  0      1361912       874256        17756     58266528    0    0 1714176     0 12812 18582   2   2  89   6   0 2026-09-16 17:47:58
 3  0      1361912       869756        17756     58266552    0    0 1714176     0 12263 18454   2   2  89   7   0 2026-09-16 17:47:59
 2  0      1361912       870584        17764     58266596    0    0 1714176   524 12362 18416   2   2  89   7   0 2026-09-16 17:48:00
 1  4      1361912       873284        17764     58266628    0    0 2610688     0 13917 20179   2   2  87   9   0 2026-09-16 17:48:01
 2  4      1361912       866108        17764     58266660    0    0 1682432     0 12047 18670   3   2  91   4   0 2026-09-16 17:48:02
 1  5      1361912       869944        17764     58266692    0    0 1716224     0 11874 18585   3   2  91   5   0 2026-09-16 17:48:03
 0  5      1361912       870324        17764     58266736    0    0 1715200     0 12167 18712   3   2  91   4   0 2026-09-16 17:48:04
 2  4      1361912       871484        17772     58266768    0    0 1683456   576 12046 18600   3   2  92   4   0 2026-09-16 17:48:05
 1  5      1361912       870360        17772     58266800    0    0 1720320     0 12239 18935   2   2  92   4   0 2026-09-16 17:48:06
 1  4      1361912       866456        17772     58266828    0    0 1721344     0 12126 18715   2   2  93   3   0 2026-09-16 17:48:07
 2  4      1361912       874084        17772     58266860    0    0 1710080     0 12003 18749   2   2  93   3   0 2026-09-16 17:48:08
 1  4      1361912       872392        17772     58266896    0    0 1704960     0 11914 18557   3   2  92   3   0 2026-09-16 17:48:09
 1  5      1361912       866660        17780     58266928    0    0 1725440   572 12051 18776   2   2  92   4   0 2026-09-16 17:48:10
 3  4      1361912       867256        17780     58266956    0    0 1696768     0 12171 18573   3   1  91   5   0 2026-09-16 17:48:11
 2  0      1361912       866060        17780     58266992    0    0 2597376     0 13612 20239   2   2  89   7   0 2026-09-16 17:48:12
 2  0      1361912       864864        17780     58267024    0    0 1714176     0 12303 18338   2   2  90   6   0 2026-09-16 17:48:13
 1  0      1361912       867500        17780     58267052    0    0 1714176     0 12310 18553   3   2  90   6   0 2026-09-16 17:48:14
 1  0      1361912       868896        17788     58267092    0    0 1714176   528 12226 18473   2   2  90   6   0 2026-09-16 17:48:15
 2  0      1361912       870020        17788     58267116    0    0 1714176     0 12551 18374   3   2  90   6   0 2026-09-16 17:48:16
 1  0      1361912       868636        17788     58267156    0    0 1714176     0 12418 18460   2   2  91   5   0 2026-09-16 17:48:17
procs -----------------------memory---------------------- ---swap-- -----io---- -system-- --------cpu-------- -----timestamp-----
 r  b         swpd         free         buff        cache   si   so    bi    bo   in   cs  us  sy  id  wa  st                 KST
 2  0      1361912       867236        17788     58267188    0    0 1714176     0 12317 18423   3   2  89   7   0 2026-09-16 17:48:18
 1  0      1361912       867656        17788     58267216    0    0 1714176     0 12478 18498   3   2  89   7   0 2026-09-16 17:48:19
 1  0      1361912       869752        17796     58267248    0    0 1714176   516 12460 18540   2   2  90   6   0 2026-09-16 17:48:20
 1  6      1361912       872888        17796     58267280    0    0 2164736     0 13198 19066   2   2  89   7   0 2026-09-16 17:48:21
 0  6      1361912       874716        17796     58267308    0    0 1705984     0 12071 18761   3   2  90   5   0 2026-09-16 17:48:22
 2  5      1361912       878564        17796     58267344    0    0 1711104     0 12251 18757   2   2  90   6   0 2026-09-16 17:48:23
 1  5      1361912       880376        17796     58267372    0    0 1703936     0 12272 18655   2   2  91   5   0 2026-09-16 17:48:24
 2  5      1361912       873564        17804     58267404    0    0 1695744   528 22714 18634   2   2  90   5   0 2026-09-16 17:48:25
 1  6      1361912       870696        17804     58267444    0    0 1721344     0 12284 18863   2   2  91   5   0 2026-09-16 17:48:26
 1  6      1361912       863500        17804     58267472    0    0 1713152     0 12211 18427   3   2  91   5   0 2026-09-16 17:48:27
 0  6      1361912       867104        17804     58267504    0    0 1701888     0 12215 18582   2   2  90   6   0 2026-09-16 17:48:28
 1  6      1361912       868960        17804     58267540    0    0 1707008     0 12291 18484   3   2  91   5   0 2026-09-16 17:48:29
 1  5      1361912       864244        17812     58267564    0    0 1713152   528 12022 18512   2   2  91   5   0 2026-09-16 17:48:30
 1  5      1361912       866640        17812     58267596    0    0 1712128     0 12293 18534   2   2  93   3   0 2026-09-16 17:48:31
 2  0      1361912       863276        17812     58267628    0    0 3034112     0 14352 20753   2   2  88   9   0 2026-09-16 17:48:32
 1  0      1361912       871700        17812     58267656    0    0 1714176     0 12162 18121   2   2  89   7   0 2026-09-16 17:48:33
 2  6      1361912       871976        17812     58267688    0    0 2232320     0 13240 18963   2   2  87  10   0 2026-09-16 17:48:34
 1  5      1361912       864748        17820     58267720    0    0 2364416   100 13401 19415   2   2  88   9   0 2026-09-16 17:48:35
 2  0      1361912       874384        17820     58267752    0    0 2259968   428 13188 19270   2   2  88   8   0 2026-09-16 17:48:36
 1  8      1361912       866664        17820     58267780    0    0 1806336     0 12703 18352   3   2  89   7   0 2026-09-16 17:48:37
 0  6      1361912       870752        17820     58267848    0    0 2298904     0 13462 19207   2   2  87  10   0 2026-09-16 17:48:38
procs -----------------------memory---------------------- ---swap-- -----io---- -system-- --------cpu-------- -----timestamp-----
 r  b         swpd         free         buff        cache   si   so    bi    bo   in   cs  us  sy  id  wa  st                 KST
 0  5      1361912       871064        17820     58267876    0    0 2509824     0 13657 19679   2   2  89   7   0 2026-09-16 17:48:39
 0  6      1361912       865396        17828     58267900    0    0 2316288    72 12718 19655   2   2  89   7   0 2026-09-16 17:48:40
 1  5      1361912       868476        17828     58267940    0    0 2549760   436 13471 20266   2   2  90   6   0 2026-09-16 17:48:41
 2  0      1361912       866824        17828     58267968    0    0 2232320     0 12561 19557   2   2  91   6   0 2026-09-16 17:48:42
 1  0      1361912       866428        17828     58268000    0    0 1714176     0 11920 18544   2   2  91   5   0 2026-09-16 17:48:43
 0  6      1361912       871316        17828     58268032    0    0 2232320     0 12926 19559   2   2  88   8   0 2026-09-16 17:48:44
 0  5      1361912       871376        17836     58268064    0    0 2546688    88 13678 20235   2   2  89   7   0 2026-09-16 17:48:45
 1  0      1361912       868960        17836     58268104    0    0 2077696   444 12561 19773   2   1  91   5   0 2026-09-16 17:48:46
 0  8      1361912       867252        17836     58268136    0    0 1829888     0 12279 18733   2   2  90   6   0 2026-09-16 17:48:47
 2  1      1361912       870940        17836     58268164    0    0 3268096     0 14430 21450   1   2  87   9   0 2026-09-16 17:48:48
 1  0      1361912       872164        17836     58268188    0    0 1758720     0 12319 18390   2   2  91   5   0 2026-09-16 17:48:49
 0  6      1361912       872516        17844     58268236    0    0 2275328    84 13213 19131   2   2  87   9   0 2026-09-16 17:48:50
 1  5      1361912       874156        17844     58268264    0    0 2524160   448 13906 19920   2   2  88   8   0 2026-09-16 17:48:51
 2  0      1361912       869768        17844     58268300    0    0 2057216     0 12898 18941   2   2  89   7   0 2026-09-16 17:48:52
 2  6      1361912       868392        17844     58268328    0    0 1984512     0 13034 18525   2   2  90   6   0 2026-09-16 17:48:53
 1  4      1361912       877252        17844     58268356    0    0 2499072     0 13555 19672   2   2  88   8   0 2026-09-16 17:48:54
 2  8      1361912       867556        17852     58268384    0    0 2390528    92 13324 19802   2   2  89   7   0 2026-09-16 17:48:55
 1  6      1361912       870780        17916     58268428    0    0 2463808   432 13254 20128   2   2  89   7   0 2026-09-16 17:48:56
 1  3      1361912       866820        17916     58268444    0    0 2369536     0 13222 19876   2   2  89   7   0 2026-09-16 17:48:57
 1  0      1361912       863116        17916     58268492    0    0 2006016     0 23557 19422   2   2  90   6   0 2026-09-16 17:48:58
 1  5      1361912       864800        17916     58268520    0    0 2087936     0 12459 19391   2   2  88   8   0 2026-09-16 17:48:59
procs -----------------------memory---------------------- ---swap-- -----io---- -system-- --------cpu-------- -----timestamp-----
 r  b         swpd         free         buff        cache   si   so    bi    bo   in   cs  us  sy  id  wa  st                 KST
 1  5      1361912       860900        17924     58268544    0    0 2524160    96 13182 20116   2   2  89   8   0 2026-09-16 17:49:00
 1  0      1361912       864500        17924     58268592    0    0 2244608   448 12673 19664   2   2  91   6   0 2026-09-16 17:49:01
 1  0      1361912       869432        17924     58268624    0    0 1714176     0 12192 18570   3   2  91   5   0 2026-09-16 17:49:02
 2  4      1361912       870820        17924     58268652    0    0 2547200     0 13527 20475   2   2  89   7   0 2026-09-16 17:49:03
 1  5      1361912       872916        17924     58268684    0    0 3180032     0 14723 20986   1   2  86  10   0 2026-09-16 17:49:04
 2  5      1361912       870024        17932     58268724    0    0 3227648    88 14631 21015   1   2  84  12   0 2026-09-16 17:49:05
 2  6      1361912       870168        17932     58268752    0    0 3233792   448 14969 21436   1   2  84  13   0 2026-09-16 17:49:06
 0  8      1361912       868284        17932     58268780    0    0 3312640     0 14794 21385   1   2  87  10   0 2026-09-16 17:49:07
 2  3      1361912       865464        17932     58268820    0    0 3261440     0 15061 21288   1   2  85  12   0 2026-09-16 17:49:08
 1  4      1361912       876608        17932     58268852    0    0 3323904     0 14690 21531   1   2  86  11   0 2026-09-16 17:49:09
 1  4      1361912       874684        17940     58268880    4    0 2996740    96 13973 21305   1   2  87  10   0 2026-09-16 17:49:10
 2  4      1361912       882084        17940     58268916    0    0 3172352   428 14033 21604   1   2  86  11   0 2026-09-16 17:49:11
 1  6      1361912       874628        17940     58268932    0    0 3344896     0 14494 21763   1   2  87  10   0 2026-09-16 17:49:12
 1  5      1361912       874484        17940     58268976    0    0 3184640     0 14503 21723   1   2  86  10   0 2026-09-16 17:49:13
 2  7      1361912       871092        17940     58269000    0    0 3140608     0 14345 21552   1   2  86  10   0 2026-09-16 17:49:14
 3  0      1361912       873996        17948     58269040    0    0 3214336    88 14496 21293   1   2  85  11   0 2026-09-16 17:49:15
 1  1      1361912       874108        17948     58269076    0    0 3376640     0 14967 21453   1   2  83  13   0 2026-09-16 17:49:16
 1  5      1361912       874164        17948     58269104    0    0 3156480   460 14763 21048   1   2  84  12   0 2026-09-16 17:49:17
 1  4      1361912       872344        17948     58269136    0    0 3306496     0 14909 21468   1   2  86  10   0 2026-09-16 17:49:18
 2  4      1361912       873428        17948     58269160    0    0 3230208     0 14496 21043   1   2  85  12   0 2026-09-16 17:49:19
 1  4      1361912       870476        17956     58269188    0    0 3172352    84 14284 21270   1   2  86  11   0 2026-09-16 17:49:20
procs -----------------------memory---------------------- ---swap-- -----io---- -system-- --------cpu-------- -----timestamp-----
 r  b         swpd         free         buff        cache   si   so    bi    bo   in   cs  us  sy  id  wa  st                 KST
 2  5      1361912       865544        17956     58269232    0    0 2992640     0 13680 21211   1   2  87   9   0 2026-09-16 17:49:21
 1  0      1361912       870172        17956     58269256    0    0 3049472   436 13935 21295   1   2  88   9   0 2026-09-16 17:49:22
 2  3      1361912       864952        17956     58269284    0    0 3243008     0 14078 21729   2   2  86  10   0 2026-09-16 17:49:23
 2  5      1361912       865556        17956     58269316    0    0 3261440     0 14259 21635   2   2  86  10   0 2026-09-16 17:49:24
 2  4      1361912       865372        17964     58269348    0    0 3014144    84 13853 21300   1   2  86  11   0 2026-09-16 17:49:25
 0  6      1361912       871016        17964     58269388    0    0 2935296     0 14084 21353   1   2  87   9   0 2026-09-16 17:49:26
 2  6      1361912       872104        17964     58269412    0    0 3156992   440 14658 20768   1   2  87  10   0 2026-09-16 17:49:27
 4  0      1361912       869424        17964     58269452    0    0 3245056     0 14791 21192   1   2  86  11   0 2026-09-16 17:49:28
 3  4      1361912       862700        17980     58269472    0    0 3222528   248 14666 20958   1   2  85  11   0 2026-09-16 17:49:29
 2  4      1361912       867560        17988     58269512    0    0 3211264    40 14867 21023   1   2  85  12   0 2026-09-16 17:49:30
 3  4      1361912       863776        17988     58269544    0    0 3272704     0 25158 20907   1   2  85  12   0 2026-09-16 17:49:31
 1  5      1361912       861632        17988     58269568    0    0 3350016   416 14374 21777   1   2  86  10   0 2026-09-16 17:49:32
 2  4      1361912       864244        17988     58269600    0    0 3183616     0 14110 21447   1   2  86  11   0 2026-09-16 17:49:33
 1  6      1361912       863656        17988     58269636    0    0 3002880     0 13999 21064   1   2  86  10   0 2026-09-16 17:49:34
 2  7      1361912       865776        17996     58269664    0    0 3173376    68 14256 21385   1   2  87  10   0 2026-09-16 17:49:35
 2  3      1361912       863396        17996     58269704    0    0 3179520     0 14261 21548   1   2  87  10   0 2026-09-16 17:49:36
 2  3      1361912       864992        17996     58269740    0    0 3221504   408 13834 21530   1   2  86  10   0 2026-09-16 17:49:37
 2  4      1361912       871140        17996     58269764    0    0 3197952     0 14604 20873   1   2  87  10   0 2026-09-16 17:49:38
 0  5      1361912       872308        17996     58269800    0    0 3175936     0 14726 20761   1   2  84  13   0 2026-09-16 17:49:39
 1  5      1361912       871924        18004     58269820   12    0 3285516    92 14950 21072   1   2  85  12   0 2026-09-16 17:49:40
 2  5      1361912       870004        18004     58269860    0    0 3263488     0 14649 21125   1   2  87  10   0 2026-09-16 17:49:41
procs -----------------------memory---------------------- ---swap-- -----io---- -system-- --------cpu-------- -----timestamp-----
 r  b         swpd         free         buff        cache   si   so    bi    bo   in   cs  us  sy  id  wa  st                 KST
 1  6      1361912       862576        18004     58269892    4    0 3185668   456 14642 20883   1   2  86  10   0 2026-09-16 17:49:42
 3  0      1361912       861968        18004     58269916    0    0 3070976     0 14042 21203   1   2  88   9   0 2026-09-16 17:49:43
 2  3      1361912       861768        18004     58269952    0    0 3252224     0 13941 21512   1   2  87  10   0 2026-09-16 17:49:44
 1  5      1361912       857096        18012     58269984    0    0 3027456    88 13603 20996   1   2  86  10   0 2026-09-16 17:49:45
 0  5      1361912       865780        18012     58270012    0    0 3164160     0 14062 21811   1   2  86  10   0 2026-09-16 17:49:46
 1  5      1361912       870868        18012     58270040    0    0 3127808   416 14220 21522   2   2  85  12   0 2026-09-16 17:49:47
 1  8      1361912       864380        18012     58270072    0    0 3041280     0 13907 21198   1   2  87  10   0 2026-09-16 17:49:48
 2  0      1361912       866208        18012     58270232    0    0 3187200     0 14197 20973   1   2  87  10   0 2026-09-16 17:49:49
 0  5      1361912       871128        18020     58270264    0    0 3203584    72 15008 20802   1   2  86  11   0 2026-09-16 17:49:50
 2  4      1361912       868172        18020     58270300    0    0 3099648     0 14650 20564   1   2  85  12   0 2026-09-16 17:49:51
 1  5      1361912       869760        18020     58270324    0    0 3235328   408 14805 20965   1   2  85  12   0 2026-09-16 17:49:52
 0  6      1361912       868128        18020     58270360    0    0 3074560     0 14284 20617   1   2  85  12   0 2026-09-16 17:49:53
 1  5      1361912       865712        18020     58270396    0    0 3311616     0 14826 21443   1   2  86  11   0 2026-09-16 17:49:54
 2  7      1361912       871084        18028     58270420    0    0 3010560    84 13579 21068   1   2  89   8   0 2026-09-16 17:49:55
 0  2      1361912       865180        18028     58270468    0    0 3309568     0 14470 21845   1   2  87  10   0 2026-09-16 17:49:56
 1  5      1361912       866268        18028     58270496    0    0 3133440   492 13754 21631   1   2  86  10   0 2026-09-16 17:49:57
 2  5      1361912       863808        18028     58270536    0    0 3197440     0 14180 21612   1   2  86  10   0 2026-09-16 17:49:58
 0  6      1361912       859888        18028     58270560    0    0 3022336     0 13620 21070   1   2  88   9   0 2026-09-16 17:49:59
 2  6      1361912       857444        18036     58270604    0    0 2977792   128 13498 20702   1   2  87  10   0 2026-09-16 17:50:00
 2  8      1361912       860692        18036     58270624    0    0 3265536     0 14766 21293   1   2  86  11   0 2026-09-16 17:50:01
 1  0      1361912       860528        18036     58270672    0    0 3271168     0 14934 21112   1   2  84  12   0 2026-09-16 17:50:02
procs -----------------------memory---------------------- ---swap-- -----io---- -system-- --------cpu-------- -----timestamp-----
 r  b         swpd         free         buff        cache   si   so    bi    bo   in   cs  us  sy  id  wa  st                 KST
 1  5      1361912       861864        18036     58270700    0    0 3169796   488 14683 21055   1   2  84  12   0 2026-09-16 17:50:03
 2  4      1361912       861056        18036     58270736    0    0 3268608     0 20864 21003   1   2  84  12   0 2026-09-16 17:50:04
 2  5      1361912       858392        18044     58270760    0    0 3200512   100 14491 20953   1   2  84  12   0 2026-09-16 17:50:05
 1  5      1361912       862740        18044     58270792    0    0 3116544     0 14260 21869   1   2  87  10   0 2026-09-16 17:50:06
 1  8      1361912       867156        18044     58270824    0    0 3008512     0 13803 21248   1   2  88   9   0 2026-09-16 17:50:07
 1  7      1361912       867748        18044     58270852    4    0 3191812   420 14325 21770   1   2  87  10   0 2026-09-16 17:50:08
 0  1      1361912       866580        18044     58270884    0    0 3359232     0 14208 21851   1   2  86  10   0 2026-09-16 17:50:09
 1  4      1361912       871528        18052     58270920    0    0 3191296    76 14290 21696   1   2  85  11   0 2026-09-16 17:50:10
 2  4      1361912       875908        18052     58270952    0    0 3205120     0 14169 21515   1   2  88   9   0 2026-09-16 17:50:11
 2  4      1361912       875600        18052     58270984    0    0 3202560     0 14626 20986   1   2  85  11   0 2026-09-16 17:50:12
 2  5      1361912       872632        18052     58271012    0    0 3155456   420 14409 21072   1   2  86  11   0 2026-09-16 17:50:13
 2  6      1361912       872428        18052     58271040    0    0 3150848     0 14652 21012   1   2  85  12   0 2026-09-16 17:50:14
 0  8      1361912       868840        18060     58271072    0    0 3078144    68 14444 20930   1   2  84  12   0 2026-09-16 17:50:15
 1  0      1361912       870804        18060     58271108    0    0 3279360     0 14690 21291   1   2  85  12   0 2026-09-16 17:50:16
 3  2      1361912       872504        18060     58271252    0    0 3380852     0 14992 21762   1   2  85  12   0 2026-09-16 17:50:17
 2  4      1361912       868628        18060     58271284    0    0 3187712   384 14133 21712   1   2  84  12   0 2026-09-16 17:50:18
 2  4      1361912       868704        18060     58271312    0    0 3161600     0 14174 21471   1   2  85  12   0 2026-09-16 17:50:19
 2  5      1361912       872800        18068     58271352    0    0 3156992    72 14111 21488   1   2  85  12   0 2026-09-16 17:50:20
 2  5      1361912       867864        18068     58271384    0    0 3322368     0 14271 21801   1   2  85  12   0 2026-09-16 17:50:21
 2  5      1361912       873444        18068     58271416    0    0 3143680     0 14103 21507   1   2  89   8   0 2026-09-16 17:50:22
 0  7      1361912       870800        18068     58271448    0    0 3309568   408 14751 21314   1   2  86  11   0 2026-09-16 17:50:23
procs -----------------------memory---------------------- ---swap-- -----io---- -system-- --------cpu-------- -----timestamp-----
 r  b         swpd         free         buff        cache   si   so    bi    bo   in   cs  us  sy  id  wa  st                 KST
 0  7      1361912       867848        18068     58271480    0    0 3334144     0 14837 21343   1   2  85  11   0 2026-09-16 17:50:24
 3  0      1361912       870228        18076     58271504    0    0 3218432    88 14650 21414   1   2  85  12   0 2026-09-16 17:50:25
 0  4      1361912       874684        18076     58271544    0    0 3306496     0 14848 21537   1   2  86  11   0 2026-09-16 17:50:26
 1  4      1361912       868936        18076     58271564    0    0 3248128     0 14960 21166   1   3  84  12   0 2026-09-16 17:50:27
 0  5      1361912       867544        18076     58271596    0    0 3119616   412 14729 21318   1   2  85  11   0 2026-09-16 17:50:28
 1  6      1361912       864860        18076     58271632    0    0 2992640     0 14046 21214   1   2  86  11   0 2026-09-16 17:50:29
 0  8      1361912       869524        18084     58271660    0    0 3019776    96 13704 21197   1   2  87  10   0 2026-09-16 17:50:30
 0  1      1361912       872088        18084     58271700    0    0 3103232     0 14186 21453   1   2  87   9   0 2026-09-16 17:50:31
 0  4      1361912       876984        18084     58271724    0    0 3305984     0 14660 21836   1   2  87   9   0 2026-09-16 17:50:32
 2  4      1361912       864768        18084     58271752    0    0 3346432   428 14680 22072   2   2  86  11   0 2026-09-16 17:50:33
 2  5      1361912       867668        18084     58271792    0    0 2979328     0 13882 20870   1   2  86  11   0 2026-09-16 17:50:34
 0  6      1361912       866252        18092     58271824    0    0 3216896    72 14266 20797   1   2  84  12   0 2026-09-16 17:50:35
 2  6      1361912       870256        18092     58271852    0    0 3144704     0 21273 20679   1   2  84  12   0 2026-09-16 17:50:36
 3  6      1361912       869600        18092     58271892    0    0 3296256     0 14880 21195   1   2  85  11   0 2026-09-16 17:50:37
10  7      1361912       867008        18092     58271920    0    0 3236864   396 14688 21134   1   2  85  11   0 2026-09-16 17:50:38
 5  7      1361912       872688        18092     58271940    0    0 3322880     0 14869 21433   1   2  85  11   0 2026-09-16 17:50:39
 1  2      1361912       875020        18100     58271984    0    0 3263488    76 14251 21554   1   2  86  11   0 2026-09-16 17:50:40
 1  5      1361912       877912        18100     58272024    0    0 3175424     0 13891 21457   1   2  88   9   0 2026-09-16 17:50:41
 1  5      1361912       882512        18100     58272048    0    0 3006976     0 13841 21130   1   2  89   8   0 2026-09-16 17:50:42
 2  4      1361912       876028        18100     58272076    0    0 3337216     0 14302 21702   1   2  88   9   0 2026-09-16 17:50:43
 1  6      1361912       872800        18100     58272120    0    0 3172864   392 14106 21476   2   2  86  10   0 2026-09-16 17:50:44
procs -----------------------memory---------------------- ---swap-- -----io---- -system-- --------cpu-------- -----timestamp-----
 r  b         swpd         free         buff        cache   si   so    bi    bo   in   cs  us  sy  id  wa  st                 KST
 1  7      1361912       867608        18108     58272132    0    0 3136512    92 13976 20961   1   2  86  11   0 2026-09-16 17:50:45
 1  6      1361912       871180        18108     58272180    0    0 3335168     0 14806 21386   1   2  85  11   0 2026-09-16 17:50:46
 2  7      1361912       867504        18108     58272216    4    0 3372028     0 14585 21249   1   2  86  10   0 2026-09-16 17:50:47
 1  8      1361912       875176        18108     58272252    0    0 3342344     0 14879 21470   1   2  86  10   0 2026-09-16 17:50:48
 0  1      1361912       878812        18108     58272284    0    0 3278336   436 14726 21319   1   2  86  11   0 2026-09-16 17:50:49
 0  5      1361912       871820        18116     58272312    0    0 3084800   116 14563 20588   1   2  84  12   0 2026-09-16 17:50:50
 0  5      1361912       869940        18116     58272344    0    0 3284480     0 14531 21653   1   2  85  11   0 2026-09-16 17:50:51
 0  5      1361912       870056        18116     58272380    0    0 3153920     0 13966 21405   1   2  86  10   0 2026-09-16 17:50:52
 2  5      1361912       874688        18116     58272408    0    0 3028480     0 13904 21065   1   2  88   9   0 2026-09-16 17:50:53
 2  7      1361912       878340        18116     58272440    0    0 3155968   436 13823 21270   1   2  86  10   0 2026-09-16 17:50:54
 1  2      1361912       873900        18124     58272468    0    0 3127296    80 13758 21181   1   2  88   8   0 2026-09-16 17:50:55
 0  5      1361912       869176        18124     58272500    0    0 3174400     0 14013 21328   1   2  86  11   0 2026-09-16 17:50:56
 0  5      1361912       868984        18124     58272536    0    0 3244032     0 14535 20911   1   2  85  11   0 2026-09-16 17:50:57
 0  6      1361912       865084        18124     58272564    0    0 3097600     0 14349 20903   1   2  85  12   0 2026-09-16 17:50:58
 2  5      1361912       875036        18124     58272600    0    0 3235840   420 14632 20972   1   2  86  10   0 2026-09-16 17:50:59
 0  6      1361912       873848        18132     58272632    0    0 3214336    88 14736 20828   1   2  87   9   0 2026-09-16 17:51:00
 1  7      1361912       874968        18132     58272652    0    0 3276800     0 14903 21164   1   2  85  11   0 2026-09-16 17:51:01
 1  7      1361912       872792        18132     58272692    0    0 3364864     0 14976 21846   1   2  86  10   0 2026-09-16 17:51:02
 3  1      1361912       873400        18132     58272724    0    0 3119616     0 14121 21382   1   2  87   9   0 2026-09-16 17:51:03
 1  5      1361912       865716        18132     58272744    0    0 3169792   400 14005 21763   1   2  87  10   0 2026-09-16 17:51:04
 1  4      1361912       870424        18140     58272784    0    0 3014144    88 13727 21291   1   2  88   9   0 2026-09-16 17:51:05
procs -----------------------memory---------------------- ---swap-- -----io---- -system-- --------cpu-------- -----timestamp-----
 r  b         swpd         free         buff        cache   si   so    bi    bo   in   cs  us  sy  id  wa  st                 KST
 1  5      1361912       873552        18140     58272812    0    0 3046912     0 13955 21780   1   2  86  11   0 2026-09-16 17:51:06
 2  5      1361912       870124        18140     58272848    0    0 3295232     0 14446 21687   1   2  87   9   0 2026-09-16 17:51:07
 1  8      1361912       871800        18140     58272876    0    0 3150848     0 14479 20973   1   2  86  11   0 2026-09-16 17:51:08
 1  8      1361912       866196        18140     58272912    0    0 3337216   404 26389 21404   1   2  87  10   0 2026-09-16 17:51:09
 3  3      1361912       863536        18148     58272948    4    0 3237892    76 14947 21176   1   2  85  12   0 2026-09-16 17:51:10
 2  3      1361912       861852        18148     58272980    0    0 3252224     0 14820 21035   1   2  86  11   0 2026-09-16 17:51:11
 1  5      1361912       857940        18148     58273008    0    0 3220480     0 14559 21068   1   2  86  11   0 2026-09-16 17:51:12
 0  5      1361912       863840        18148     58273044    0    0 3139072     0 14511 21216   1   2  85  11   0 2026-09-16 17:51:13
 2  6      1361912       862980        18148     58273072    0    0 3118592   468 14399 21581   1   2  87  10   0 2026-09-16 17:51:14
 0  6      1361912       854252        18156     58273104    0    0 3171328    84 14055 21629   1   2  87   9   0 2026-09-16 17:51:15
 0  8      1361912       853596        18156     58273136    0    0 3195904     0 14030 21626   1   2  87  10   0 2026-09-16 17:51:16
 0  1      1361912       859744        18156     58273168    0    0 3223040     0 14236 21572   1   2  86  10   0 2026-09-16 17:51:17
 1  3      1361912       853752        18156     58273192    0    0 3208704     0 14228 21572   1   2  87  10   0 2026-09-16 17:51:18
 0  5      1361912       857188        18156     58273220    0    0 3148800   476 14423 21281   2   2  87   9   0 2026-09-16 17:51:19
 2  5      1361912       865920        18164     58273260    0    0 3158016    88 14727 20935   1   2  85  12   0 2026-09-16 17:51:20
 2  5      1361912       870332        18164     58273292    0    0 3203072     0 14841 21040   1   2  84  12   0 2026-09-16 17:51:21
 1  5      1361912       865368        18164     58273320    0    0 3236864     0 14726 21052   1   2  86  10   0 2026-09-16 17:51:22
 2  6      1361912       869252        18164     58273344    0    0 3227648     0 14743 21192   1   2  87  10   0 2026-09-16 17:51:23
 1  9      1361912       866788        18164     58273384    0    0 3364864   368 14838 21805   1   2  87   9   0 2026-09-16 17:51:24
 0  1      1361912       858676        18172     58273416    0    0 3216896   184 14125 21655   1   2  87   9   0 2026-09-16 17:51:25
 1  4      1361912       868532        18172     58273448    0    0 3240448     0 14281 21987   1   2  88   9   0 2026-09-16 17:51:26
procs -----------------------memory---------------------- ---swap-- -----io---- -system-- --------cpu-------- -----timestamp-----
 r  b         swpd         free         buff        cache   si   so    bi    bo   in   cs  us  sy  id  wa  st                 KST
 0  5      1361912       867160        18172     58273484    0    0 3166208     0 13950 21465   1   2  86  11   0 2026-09-16 17:51:27
 2  4      1361912       862700        18172     58273508    0    0 3032576     0 13780 21386   1   2  87  10   0 2026-09-16 17:51:28
 0  6      1361912       869548        18172     58273544    0    0 3025408     0 13742 21400   1   2  86  10   0 2026-09-16 17:51:29
 0  8      1361912       867664        18180     58273568    0    0 3166208   536 14190 21343   1   2  86  11   0 2026-09-16 17:51:30
 1  0      1361912       874532        18180     58273612    0    0 3245568     0 14468 21378   1   2  86  11   0 2026-09-16 17:51:31
 2  1      1361912       867524        18180     58273644    0    0 3350016     0 14511 21260   1   2  86  10   0 2026-09-16 17:51:32
 2  4      1361912       865868        18180     58273672    0    0 3314688     0 14579 21179   1   2  85  12   0 2026-09-16 17:51:33
 1  4      1361912       868456        18180     58273712    0    0 3282944     0 14680 21254   1   2  85  11   0 2026-09-16 17:51:34
 2  4      1361912       870148        18188     58273736    0    0 3176448   552 14747 20907   1   2  84  12   0 2026-09-16 17:51:35
 1  4      1361912       869184        18188     58273776    0    0 3124736     0 13848 21388   1   2  89   8   0 2026-09-16 17:51:36
 2  5      1361912       861956        18188     58273796    0    0 3012096     0 13370 21002   1   2  89   8   0 2026-09-16 17:51:37
 2  0      1361912       868156        18188     58273820    0    0 3031040     0 13573 21240   1   2  87   9   0 2026-09-16 17:51:38
 1  1      1361912       861676        18188     58273860    0    0 3347968     0 14357 21861   1   2  85  11   0 2026-09-16 17:51:39
 0  4      1361912       869952        18196     58273884    0    0 3180032   536 14204 21419   1   2  86  11   0 2026-09-16 17:51:40
 2  4      1361912       872564        18196     58273920    0    0 3363840     0 14755 21884   2   2  85  11   0 2026-09-16 17:51:41
 0  0      1361912       874320        18196     58273944    0    0 2107392     0 22744 19114   1   2  90   7   0 2026-09-16 17:51:42
 1  0      1361912       866432        18196     58273984    0    0     0     0 9131 15089   1   1  98   0   0 2026-09-16 17:51:43
 1  0      1361912       860964        18196     58274016    0    0     0     0 9301 14937   1   1  98   0   0 2026-09-16 17:51:44
 0  0      1361912       859900        18204     58274048    0    0     0   552 9771 15074   1   2  97   0   0 2026-09-16 17:51:45
 1  0      1361912       857228        18204     58274076    4    0     4     0 9575 15605   1   2  97   0   0 2026-09-16 17:51:46
 1  0      1361912       862340        18204     58274100    0    0     0     0 9326 14943   1   1  98   0   0 2026-09-16 17:51:47
procs -----------------------memory---------------------- ---swap-- -----io---- -system-- --------cpu-------- -----timestamp-----
 r  b         swpd         free         buff        cache   si   so    bi    bo   in   cs  us  sy  id  wa  st                 KST
 1  0      1361912       868232        18204     58274124    0    0     0     0 9402 15015   1   1  98   0   0 2026-09-16 17:51:48
 1  0      1361912       862844        18204     58274164    0    0     0     0 9240 15031   1   1  98   0   0 2026-09-16 17:51:49
 3  0      1361912       859472        18212     58274204    0    0     0   540 9806 15117   1   1  98   0   0 2026-09-16 17:51:50
 1  0      1361912       854788        18212     58274236    0    0     0     0 9498 14998   1   1  98   0   0 2026-09-16 17:51:51
 0  0      1361912       854368        18212     58274272    0    0     0     0 9572 15022   1   1  98   0   0 2026-09-16 17:51:52
 1  0      1361912       858284        18212     58274296    0    0     0     0 9261 15056   1   1  98   0   0 2026-09-16 17:51:53
 0  0      1361912       863452        18212     58274340    0    0     0     0 9394 15122   1   1  98   0   0 2026-09-16 17:51:54
 1  0      1361912       864856        18220     58274364    0    0     0   544 9442 15143   1   1  98   0   0 2026-09-16 17:51:55
 1  0      1361912       868660        18220     58274400    0    0     0     0 9435 14984   1   1  98   0   0 2026-09-16 17:51:56
 1  5      1361912       872600        18220     58274428    0    0 2247680     0 12903 19206   1   2  87  10   0 2026-09-16 17:51:57
 1  6      1361912       869956        18220     58274464    0    0 3211264     0 14477 21003   1   2  84  12   0 2026-09-16 17:51:58
 1  8      1361912       872832        18220     58274492    0    0 3188736     0 14430 20952   1   2  85  11   0 2026-09-16 17:51:59
 0  1      1361912       874204        18228     58274528    0    0 3289600   548 14829 21249   1   2  85  12   0 2026-09-16 17:52:00
 3  5      1361912       872996        18228     58274564    0    0 3174912     0 14352 20659   1   2  85  12   0 2026-09-16 17:52:01
 1  4      1361912       873068        18228     58274596    0    0 3182592     0 14461 21518   1   2  87  10   0 2026-09-16 17:52:02
 0  6      1361912       871988        18228     58274620    0    0 2993152     0 13790 20943   1   2  86  10   0 2026-09-16 17:52:03
 1  6      1361912       874824        18228     58274652    0    0 3131392     0 14021 21184   1   2  86  11   0 2026-09-16 17:52:04
 1  7      1361912       867868        18236     58274688    0    0 3111936   552 13509 21444   1   2  88   9   0 2026-09-16 17:52:05
 1  2      1361912       867748        18236     58274716    0    0 3191808     0 13997 21789   1   2  86  10   0 2026-09-16 17:52:06
 2  5      1361912       866332        18236     58274748    0    0 3169280     0 13894 21466   1   2  88   8   0 2026-09-16 17:52:07
 0  5      1361912       865432        18236     58274780    0    0 3153408     0 14316 20909   1   2  86  10   0 2026-09-16 17:52:08
procs -----------------------memory---------------------- ---swap-- -----io---- -system-- --------cpu-------- -----timestamp-----
 r  b         swpd         free         buff        cache   si   so    bi    bo   in   cs  us  sy  id  wa  st                 KST
 0  6      1361912       865496        18236     58274804    0    0 3260928     0 14752 21036   1   2  85  12   0 2026-09-16 17:52:09
 2  5      1361912       872612        18244     58274840    0    0 3238912    76 14786 21288   2   2  85  11   0 2026-09-16 17:52:10
 0  6      1361912       874292        18244     58274872    0    0 3286016   388 14927 21161   1   2  86  10   0 2026-09-16 17:52:11
 1  7      1361912       878212        18244     58274904    0    0 3047424     0 14350 20838   1   2  86  10   0 2026-09-16 17:52:12
 4  1      1361912       877060        18244     58274932    0    0 3165184     0 14295 21422   1   2  86  11   0 2026-09-16 17:52:13
 1  3      1361912       871880        18244     58274968    0    0 3243008     0 13965 21698   1   2  86  10   0 2026-09-16 17:52:14
 1  4      1361912       862152        18252     58274992    0    0 3273728    68 25868 21787   1   3  86  10   0 2026-09-16 17:52:15
 1  4      1361912       866272        18252     58275024    0    0 2977280   396 13974 21418   1   2  87  10   0 2026-09-16 17:52:16
 3  5      1361912       862524        18252     58275068    0    0 3132928     0 14051 21589   1   2  86  10   0 2026-09-16 17:52:17
 2  7      1361912       861616        18252     58275100    0    0 3145728     0 14118 21429   1   2  87  10   0 2026-09-16 17:52:18
 1  1      1361912       864776        18252     58275128    0    0 3160576     0 14033 21174   1   2  86  11   0 2026-09-16 17:52:19
 2  3      1361912       861660        18260     58275164    0    0 3279360    88 14814 21262   1   2  86  11   0 2026-09-16 17:52:20
 1  5      1361912       863572        18260     58275200    0    0 3140608   480 14991 21045   1   2  85  12   0 2026-09-16 17:52:21
 1  5      1361912       868980        18260     58275228    0    0 3193344     0 14891 21116   1   2  86  11   0 2026-09-16 17:52:22
 0  6      1361912       868092        18260     58275268    0    0 3158528     0 14573 20919   1   2  85  11   0 2026-09-16 17:52:23
 2  5      1361912       862680        18260     58275296    0    0 3351552     0 14736 21534   1   2  87   9   0 2026-09-16 17:52:24
 2  7      1361912       867040        18268     58275320    0    0 3001344   112 13627 21152   1   2  88   8   0 2026-09-16 17:52:25
 1  1      1361912       862356        18268     58275364    0    0 3105280   476 14336 21758   1   2  88   9   0 2026-09-16 17:52:26
 0  4      1361912       864984        18268     58275392    0    0 3322368     0 14332 21819   1   2  85  11   0 2026-09-16 17:52:27
 1  4      1361912       860016        18268     58275420    0    0 3188736     0 14206 21592   1   2  86  11   0 2026-09-16 17:52:28
 3  4      1361912       860888        18268     58275456    0    0 3002880     0 13797 21308   1   2  87   9   0 2026-09-16 17:52:29
procs -----------------------memory---------------------- ---swap-- -----io---- -system-- --------cpu-------- -----timestamp-----
 r  b         swpd         free         buff        cache   si   so    bi    bo   in   cs  us  sy  id  wa  st                 KST
 2  6      1361912       863484        18276     58275484    0    0 3111424    96 14385 21359   1   2  86  11   0 2026-09-16 17:52:30
 1  6      1361912       867884        18276     58275516    0    0 3248128   468 14806 21112   1   2  86  11   0 2026-09-16 17:52:31
 1  7      1361912       867228        18276     58275544    0    0 3246080     0 14609 21112   2   2  86  10   0 2026-09-16 17:52:32
 2  8      1361912       868308        18276     58275576    0    0 3310592     0 14799 21562   1   2  86  11   0 2026-09-16 17:52:33
 2  0      1361912       866080        18276     58275608    0    0 3341824     0 15319 21458   1   2  84  12   0 2026-09-16 17:52:34
 2  4      1361912       868448        18284     58275640    0    0 3142144    80 14632 20881   1   2  85  12   0 2026-09-16 17:52:35
 0  5      1361912       865792        18284     58275660    0    0 3119616   408 14168 21312   1   2  87  10   0 2026-09-16 17:52:36
 0  5      1361912       869196        18284     58275696    0    0 3167232     0 14507 21472   2   2  86  10   0 2026-09-16 17:52:37
 1  6      1361912       870592        18284     58275724    0    0 3024384     0 14139 21225   1   2  86  11   0 2026-09-16 17:52:38
 1  8      1361912       873692        18284     58275760    0    0 3158016     0 13841 21375   1   2  86  11   0 2026-09-16 17:52:39
 0  3      1361912       866944        18292     58275796    0    0 3149824    68 13748 21178   1   2  86  11   0 2026-09-16 17:52:40
 1  4      1361912       858952        18292     58275828    0    0 3298304   396 14344 21724   1   2  87  10   0 2026-09-16 17:52:41
 3  4      1361912       861128        18292     58275856    0    0 3049472     0 14460 20562   1   2  86  11   0 2026-09-16 17:52:42
 1  5      1361912       856700        18292     58275892    0    0 3119104     0 14155 20644   1   2  88   9   0 2026-09-16 17:52:43
 2  5      1361912       857780        18292     58275924    0    0 3197952     0 14723 20777   1   2  85  12   0 2026-09-16 17:52:44
 1  6      1361912       861880        18300     58275956    0    0 3192832    92 14679 20769   1   2  86  11   0 2026-09-16 17:52:45
 1  8      1361912       870512        18300     58275988    0    0 3253248   460 14839 21317   1   2  86  10   0 2026-09-16 17:52:46
 1  1      1361912       869840        18300     58276020    0    0 3214848     0 19894 21366   1   2  87   9   0 2026-09-16 17:52:47
 1  4      1361912       862288        18300     58276044    0    0 3194368     0 13860 21446   1   2  86  10   0 2026-09-16 17:52:48
 2  4      1361912       864908        18300     58276080    0    0 3182592     0 13763 21410   1   2  87  10   0 2026-09-16 17:52:49
 1  6      1361912       864468        18308     58276116    0    0 3013632    80 13893 21063   1   2  87   9   0 2026-09-16 17:52:50
procs -----------------------memory---------------------- ---swap-- -----io---- -system-- --------cpu-------- -----timestamp-----
 r  b         swpd         free         buff        cache   si   so    bi    bo   in   cs  us  sy  id  wa  st                 KST
 2  5      1361912       865772        18308     58276144    0    0 3172352   380 13861 21471   1   2  87   9   0 2026-09-16 17:52:51
 1  8      1361912       865816        18308     58276184    0    0 2989056     0 13618 21007   1   2  87  10   0 2026-09-16 17:52:52
 1  3      1361912       864140        18308     58276212    0    0 3239936     0 14659 21031   1   2  85  11   0 2026-09-16 17:52:53
 1  4      1361912       867520        18308     58276236    0    0 3231744     0 14879 21055   1   2  85  12   0 2026-09-16 17:52:54
 1  5      1361912       863040        18316     58276268    0    0 3235840    92 14587 21142   1   2  84  13   0 2026-09-16 17:52:55
 1  5      1361912       859372        18316     58276304    0    0 3093504     0 14320 20555   1   2  85  12   0 2026-09-16 17:52:56
 1  5      1361912       857720        18316     58276336    0    0 3257344   416 14814 21067   1   2  85  12   0 2026-09-16 17:52:57
 0  6      1361912       854812        18316     58276372    0    0 3241984     0 15096 21322   1   2  84  12   0 2026-09-16 17:52:58
 1  7      1361912       859672        18316     58276392    0    0 3117056     0 13988 21417   1   2  86  10   0 2026-09-16 17:52:59
 0  1      1361912       862280        18324     58276432    0    0 3203584    84 13934 21539   1   2  88   9   0 2026-09-16 17:53:00
 2  3      1361912       860592        18324     58276452    0    0 3222016     0 14004 21397   1   2  86  11   0 2026-09-16 17:53:01
 0  5      1361912       871296        18324     58276492    0    0 3137536   452 14040 21420   1   2  86  11   0 2026-09-16 17:53:02
 1  6      1361912       865080        18324     58276528    0    0 3028992     0 13777 21044   1   2  87  10   0 2026-09-16 17:53:03
 1  6      1361912       860412        18324     58276548    0    0 3064832     0 13700 20738   1   2  86  11   0 2026-09-16 17:53:04
 1  6      1361912       861212        18332     58276580    0    0 3213312    76 14560 20692   1   2  85  11   0 2026-09-16 17:53:05
 0  8      1361912       863532        18332     58276620    0    0 3297280     0 14858 21593   1   2  86  11   0 2026-09-16 17:53:06
 1  1      1361912       865656        18332     58276664    0    0 3302912   436 14871 21365   1   2  85  11   0 2026-09-16 17:53:07
 2  4      1361912       865812        18332     58276684    0    0 3209728     0 14731 20992   1   2  84  12   0 2026-09-16 17:53:08
 1  4      1361912       858588        18332     58276732    0    0 3088384     0 14562 20674   2   2  84  12   0 2026-09-16 17:53:09
 1  5      1361912       860676        18340     58276756    0    0 3187200    76 14630 21653   1   2  85  12   0 2026-09-16 17:53:10
 2  5      1361912       862492        18340     58276792    0    0 3038720     0 13731 21033   1   2  88   8   0 2026-09-16 17:53:11
procs -----------------------memory---------------------- ---swap-- -----io---- -system-- --------cpu-------- -----timestamp-----
 r  b         swpd         free         buff        cache   si   so    bi    bo   in   cs  us  sy  id  wa  st                 KST
 2  7      1361912       868624        18340     58276832    0    0 3041280   432 13871 21416   1   2  88   9   0 2026-09-16 17:53:12
 2  3      1361912       865692        18340     58276860    0    0 3209216     0 13902 21560   1   2  87  10   0 2026-09-16 17:53:13
 1  4      1361912       863832        18340     58276888    0    0 3080192     0 14325 21542   1   2  86  10   0 2026-09-16 17:53:14
 2  5      1361912       860112        18348     58276916    0    0 2988544   132 13865 21043   1   2  87   9   0 2026-09-16 17:53:15
 0  6      1361912       860144        18348     58276948    0    0 3215872     0 14473 21023   1   2  85  11   0 2026-09-16 17:53:16
 2  6      1361912       859728        18348     58276972    0    0 3244032   448 14821 21077   1   2  86  11   0 2026-09-16 17:53:17
 2  6      1361912       859800        18348     58277008    0    0 3290112     0 14583 21117   1   2  86  11   0 2026-09-16 17:53:18
 1  7      1361912       861208        18348     58277040    0    0 3338244     0 14581 21239   1   2  87   9   0 2026-09-16 17:53:19
 0  1      1361912       858076        18356     58277068    0    0 3236348    84 26280 21525   1   2  86  11   0 2026-09-16 17:53:20
 0  4      1361912       856100        18356     58277100    0    0 3246592     0 14378 21371   1   2  86  10   0 2026-09-16 17:53:21
 0  5      1361912       854440        18356     58277132    0    0 2982400   412 14062 21330   1   2  86  10   0 2026-09-16 17:53:22
 0  6      1361912       853496        18356     58277536   16    0 3027720     0 13837 21141   1   2  86  10   0 2026-09-16 17:53:23
 2  6      1361912       860156        18356     58277568    0    0 3188736     0 14460 21443   2   2  87  10   0 2026-09-16 17:53:24
 1  7      1361912       866052        18364     58277576    0    0 3135488    72 14031 21416   1   2  86  10   0 2026-09-16 17:53:25
 1  0      1361912       857540        18364     58277624    0    0 3252736     0 14284 21921   1   2  86  11   0 2026-09-16 17:53:26
 1  5      1361912       852092        18364     58277660    0    0 3165696   396 14305 21244   1   2  85  11   0 2026-09-16 17:53:27
 2  4      1361912       847908        18364     58277696    0    0 3088896     0 14365 20906   1   2  85  12   0 2026-09-16 17:53:28
 4  5      1361912       858388        18364     58277720    0    0 3213312     0 14739 20937   1   2  85  11   0 2026-09-16 17:53:29
 1  5      1361912       857560        18372     58277744    0    0 3072512    76 14579 20790   1   2  84  12   0 2026-09-16 17:53:30
 1  7      1361912       854136        18372     58277792    0    0 3164160     0 14563 20882   1   2  85  12   0 2026-09-16 17:53:31
 2  7      1361912       858720        18372     58277824    0    0 3359744   396 14733 21650   1   2  86  11   0 2026-09-16 17:53:32
procs -----------------------memory---------------------- ---swap-- -----io---- -system-- --------cpu-------- -----timestamp-----
 r  b         swpd         free         buff        cache   si   so    bi    bo   in   cs  us  sy  id  wa  st                 KST
 1  2      1361912       865596        18372     58277844    0    0 3155968     0 13938 21312   1   2  87  10   0 2026-09-16 17:53:33
 0  4      1361912       865676        18372     58277888    0    0 3276800     0 14107 21657   1   2  87  10   0 2026-09-16 17:53:34
 2  4      1361912       863000        18380     58277916    0    0 2996736    84 13845 21129   1   2  85  12   0 2026-09-16 17:53:35
 0  6      1361912       865336        18380     58277948    0    0 3020288     0 13338 21105   1   2  87  10   0 2026-09-16 17:53:36
 1  8      1361912       862372        18380     58277972    0    0 3026944     0 13397 21242   1   2  87   9   0 2026-09-16 17:53:37
 2  8      1361912       854924        18380     58278012    0    0 3369984   404 14418 21691   2   2  87   9   0 2026-09-16 17:53:38
 1  1      1361912       855228        18380     58278044    0    0 3260928     0 14833 21087   1   2  87   9   0 2026-09-16 17:53:39
 1  4      1361912       854884        18388     58278060    0    0 3334656    84 14919 21017   1   2  85  11   0 2026-09-16 17:53:40
 3  3      1361912       853956        18388     58278092    0    0 3269632     0 14705 20871   1   2  85  11   0 2026-09-16 17:53:41
 1  4      1361912       856324        18388     58278136    8    0 3222536     0 14922 21033   1   2  86  10   0 2026-09-16 17:53:42
 1  4      1361912       844064        18388     58278160    0    0 3145216   400 14509 20727   1   2  87  10   0 2026-09-16 17:53:43
 1  5      1361912       847792        18388     58278196   40    0 3259432     0 14478 21616   1   2  86  11   0 2026-09-16 17:53:44
 1  6      1361912       858060        18396     58278232    0    0 3114496    76 14022 21196   1   2  86  10   0 2026-09-16 17:53:45
 1  7      1361912       859148        18396     58278260    0    0 3173376     0 14114 21810   1   2  86  10   0 2026-09-16 17:53:46
 0  1      1361912       853676        18396     58278292    0    0 3183104     0 14168 21253   1   2  86  11   0 2026-09-16 17:53:47
 2  3      1361912       853976        18396     58278312    0    0 3228160   440 14185 21605   1   2  86  10   0 2026-09-16 17:53:48
 1  5      1361912       856280        18396     58278356    0    0 3044864     0 14009 21097   1   2  87  10   0 2026-09-16 17:53:49
 2  5      1361912       859664        18404     58278384    0    0 3071488    84 14521 20825   1   2  84  12   0 2026-09-16 17:53:50
 1  6      1361912       856228        18404     58278428    0    0 3145728     0 14679 20624   1   2  85  12   0 2026-09-16 17:53:51
 1  7      1361912       865152        18404     58278456    0    0 3247104     0 14778 20947   1   2  86  11   0 2026-09-16 17:53:52
 2  0      1361912       869248        18408     58278480    0    0 3142660   448 20367 21295   1   3  86  10   0 2026-09-16 17:53:53
procs -----------------------memory---------------------- ---swap-- -----io---- -system-- --------cpu-------- -----timestamp-----
 r  b         swpd         free         buff        cache   si   so    bi    bo   in   cs  us  sy  id  wa  st                 KST
 1  3      1361912       876112        18408     58278520    0    0 3318784     0 14975 21098   1   2  85  12   0 2026-09-16 17:53:54
 1  3      1361912       877764        18416     58278556    0    0 3337216   112 14693 21276   1   2  88   8   0 2026-09-16 17:53:55
 1  4      1361912       877292        18416     58278580    0    0 3180544     0 14265 21287   1   2  88   9   0 2026-09-16 17:53:56
 1  5      1361912       875844        18416     58278632    0    0 3157504     0 13917 21303   1   2  87  10   0 2026-09-16 17:53:57
 2  5      1361912       865812        18416     58278656    0    0 3164672   480 14324 21444   1   2  86  10   0 2026-09-16 17:53:58
 0  6      1361912       867132        18416     58278680    0    0 3186688     0 14270 21231   1   2  87  10   0 2026-09-16 17:53:59
 2  7      1361912       865496        18424     58278728    0    0 3125248   116 14422 21159   1   2  87  10   0 2026-09-16 17:54:00
 1  1      1361912       871868        18424     58278748    0    0 3187200     0 14181 20939   1   2  85  11   0 2026-09-16 17:54:01
 2  3      1361912       867928        18424     58278800    0    0 3259928     0 14673 20918   1   2  86  11   0 2026-09-16 17:54:02
 0  5      1361912       873436        18424     58278840    0    0 3288064   464 14949 21215   1   2  85  11   0 2026-09-16 17:54:03
 1  4      1361912       870988        18424     58278876    0    0 3237888     0 14569 20868   1   2  86  11   0 2026-09-16 17:54:04
 1  5      1361912       868580        18432     58278904    0    0 3180032    88 14594 20773   1   2  85  12   0 2026-09-16 17:54:05
 2  5      1361912       864144        18432     58278940   12    0 3176972     0 14663 21451   1   2  86  10   0 2026-09-16 17:54:06
 1  6      1361912       863484        18432     58278968    0    0 3119104     0 13717 21324   1   2  88   9   0 2026-09-16 17:54:07
 1  7      1361912       868336        18432     58279000    0    0 3183616   444 14028 21699   1   2  88   9   0 2026-09-16 17:54:08
 0  3      1361912       860636        18432     58279024    0    0 3194880     0 14131 21545   1   2  87   9   0 2026-09-16 17:54:09
 1  4      1361912       867024        18440     58279056    0    0 3040256    84 14019 21291   1   2  88   9   0 2026-09-16 17:54:10
 2  4      1361912       866164        18440     58279080    0    0 3192320     0 13976 21500   1   2  86  10   0 2026-09-16 17:54:11
 1  5      1361912       858248        18440     58279120    0    0 3166720     0 14159 21353   1   2  85  12   0 2026-09-16 17:54:12
 0  6      1361912       862624        18440     58279152    0    0 3238912   448 14830 21290   1   2  85  12   0 2026-09-16 17:54:13
 1  7      1361912       862956        18440     58279192    0    0 3115008     0 14866 20781   1   2  84  12   0 2026-09-16 17:54:14
procs -----------------------memory---------------------- ---swap-- -----io---- -system-- --------cpu-------- -----timestamp-----
 r  b         swpd         free         buff        cache   si   so    bi    bo   in   cs  us  sy  id  wa  st                 KST
 0  8      1361912       865784        18448     58279220    0    0 3303424    76 14940 21188   1   2  86  10   0 2026-09-16 17:54:15
 1  0      1361912       864340        18448     58279244    0    0 3323392     0 15054 21213   1   2  86  10   0 2026-09-16 17:54:16
 1  3      1361912       859884        18448     58279288    0    0 3259904     0 14872 21143   1   2  86  11   0 2026-09-16 17:54:17
 0  5      1361912       861200        18448     58279320    0    0 3200000   432 14234 21557   1   2  86  11   0 2026-09-16 17:54:18
 3  4      1361912       860280        18448     58279348    0    0 3037696     0 13825 21479   1   2  87  10   0 2026-09-16 17:54:19
 2  6      1361912       855596        18456     58279384    4    0 3158532   100 14059 21404   1   2  85  12   0 2026-09-16 17:54:20
 0  8      1361912       855676        18456     58279408    0    0 3025920     0 13911 21147   1   2  87  10   0 2026-09-16 17:54:21
 1  1      1361912       854792        18456     58279444    0    0 3118080     0 14273 21469   1   2  86  11   0 2026-09-16 17:54:22
 0  5      1361912       856392        18456     58279464    0    0 3139584     0 13865 21457   2   2  86  10   0 2026-09-16 17:54:23
 1  4      1361912       857224        18456     58279504    0    0 3319808   448 14728 21147   1   2  85  11   0 2026-09-16 17:54:24
 2  4      1361912       866636        18464     58279536   20    0 3260948    76 14586 21069   1   2  85  12   0 2026-09-16 17:54:25
 2  4      1361912       867004        18464     58279568    0    0 3278848     0 22914 21402   1   2  87   9   0 2026-09-16 17:54:26
 0  6      1361912       866660        18464     58279596    0    0 3200512     0 14773 20934   1   2  87  10   0 2026-09-16 17:54:27
 3  5      1361912       868460        18464     58279624    0    0 3243008     0 14615 21091   1   2  85  11   0 2026-09-16 17:54:28
 3  7      1361912       862952        18464     58279664    0    0 3105792   440 14234 21266   1   2  89   7   0 2026-09-16 17:54:29
 2  3      1361912       857704        18488     58279692    0    0 3135488   148 14149 21431   1   2  88   9   0 2026-09-16 17:54:30
 3  4      1361912       862804        18488     58279716    0    0 3113984     0 13962 21160   1   2  91   6   0 2026-09-16 17:54:31
 1  4      1361912       862864        18488     58279756    0    0 3161600     0 14616 21462   1   2  87  10   0 2026-09-16 17:54:32
 1  5      1361912       856096        18488     58279788    0    0 2998784     0 13911 21389   1   2  87   9   0 2026-09-16 17:54:33
 2  5      1361912       856220        18488     58279820    0    0 3194880   452 14246 21848   1   2  86  10   0 2026-09-16 17:54:34
 6  3      1361912       858332        18496     58279844    0    0 3102648    88 14037 21085   1   2  86  10   0 2026-09-16 17:54:35
procs -----------------------memory---------------------- ---swap-- -----io---- -system-- --------cpu-------- -----timestamp-----
 r  b         swpd         free         buff        cache   si   so    bi    bo   in   cs  us  sy  id  wa  st                 KST
 1  4      1361912       861716        18496     58279880    0    0 3212360     0 14551 20882   1   2  84  13   0 2026-09-16 17:54:36
 1  4      1361912       863216        18496     58279916    0    0 3193856     0 14769 20959   1   2  85  12   0 2026-09-16 17:54:37
 2  4      1361912       861052        18496     58279944    0    0 3191296     0 14817 21111   1   2  86  11   0 2026-09-16 17:54:38
 0  6      1361912       859880        18496     58279968    0    0 3105280   416 14311 20712   1   2  86  11   0 2026-09-16 17:54:39
 0  6      1361912       859476        18504     58280012    0    0 3334144    76 14677 21389   1   2  87  10   0 2026-09-16 17:54:40
 2  7      1361912       864332        18504     58280040    0    0 3020800     0 13826 21145   1   2  88   8   0 2026-09-16 17:54:41
 2  0      1361912       858840        18504     58280076    0    0 3197952     0 14427 21452   1   2  89   8   0 2026-09-16 17:54:42
 2  3      1361912       861276        18504     58280112   16    0 3249168     0 14186 21696   1   2  87  10   0 2026-09-16 17:54:43
 2  4      1361912       862608        18504     58280140    0    0 3025408   440 13919 21230   1   2  87  10   0 2026-09-16 17:54:44
 0  6      1361912       866204        18512     58280168    0    0 2995712   112 13806 20964   1   2  86  10   0 2026-09-16 17:54:45
 1  6      1361912       855368        18512     58280264   32    0 3156060     0 14516 21769   1   2  86  11   0 2026-09-16 17:54:46
 1  7      1361912       858432        18512     58280284    0    0 3336192     0 14660 21169   1   2  88   9   0 2026-09-16 17:54:47
 0  8      1361912       851228        18512     58280324    0    0 3260416     0 14596 21123   1   2  87   9   0 2026-09-16 17:54:48
 0  1      1361912       851700        18512     58280368    4    0 3231236   464 14673 21258   1   2  85  11   0 2026-09-16 17:54:49
 3  3      1361912       860368        18520     58280396    4    0 3301892    92 14640 21212   1   2  85  12   0 2026-09-16 17:54:50
 1  5      1361912       861912        18520     58280420    0    0 3117056     0 14238 20690   1   2  85  11   0 2026-09-16 17:54:51
 1  5      1361912       864312        18520     58280456    0    0 3115520     0 14128 21416   1   2  85  11   0 2026-09-16 17:54:52
 1  5      1361912       863652        18520     58280488    0    0 3014144     0 13825 21364   1   2  87  10   0 2026-09-16 17:54:53
 2  4      1361912       863996        18520     58280524    0    0 3315712   412 14313 22089   2   2  87   9   0 2026-09-16 17:54:54
 2  6      1361912       864580        18528     58280552    0    0 3287040    88 13868 21656   1   2  87   9   0 2026-09-16 17:54:55
 0  8      1361912       862148        18528     58280584    0    0 3335168     0 14467 21654   1   2  87  10   0 2026-09-16 17:54:56
procs -----------------------memory---------------------- ---swap-- -----io---- -system-- --------cpu-------- -----timestamp-----
 r  b         swpd         free         buff        cache   si   so    bi    bo   in   cs  us  sy  id  wa  st                 KST
 0  2      1361912       863768        18528     58280612    0    0 3158016     0 13843 21391   1   2  87  10   0 2026-09-16 17:54:57
 3  5      1361912       864844        18528     58280652    0    0 2553856     0 23921 19681   2   2  86  10   0 2026-09-16 17:54:58
 3  0      1361912       864520        18528     58280680    0    0 2686976   428 15475 20284   2   2  88   8   0 2026-09-16 17:54:59
 1  6      1361912       858108        18536     58280716    0    0 2063360    80 13297 18601   2   2  88   8   0 2026-09-16 17:55:00
 2  4      1361912       856956        18536     58280756    0    0 2788352     0 14310 20260   1   2  90   7   0 2026-09-16 17:55:01
 2  8      1361912       864352        18536     58280784    0    0 2081792     0 13098 18820   2   2  89   7   0 2026-09-16 17:55:02
 0  5      1361912       866764        18536     58280820    0    0 2594304     0 14241 19807   2   2  86  11   0 2026-09-16 17:55:03
 1  8      1361912       863556        18536     58280852    0    0 2614784     0 13599 19996   2   2  87   9   0 2026-09-16 17:55:04
 2  5      1361912       860848        18544     58280872    0    0 2644480   680 13580 20413   2   2  87   9   0 2026-09-16 17:55:05
 1  0      1361912       862468        18544     58280908    0    0 2354688     0 13297 20035   2   2  89   7   0 2026-09-16 17:55:06
 3  5      1361912       856984        18544     58280952    0    0 2095104     0 12758 19197   2   2  89   7   0 2026-09-16 17:55:07
 1  5      1361912       861600        18544     58280988    0    0 2654208     0 13832 20279   2   2  88   8   0 2026-09-16 17:55:08
 3  0      1361912       862148        18544     58281008    0    0 2107392     0 12851 19146   2   2  89   7   0 2026-09-16 17:55:09
 0  6      1361912       864232        18552     58281052    0    0 2331648   544 13101 19861   2   2  90   7   0 2026-09-16 17:55:10
 2  1      1361912       863552        18552     58281072    0    0 2744832     0 13623 20507   2   2  89   8   0 2026-09-16 17:55:11
 1  6      1361912       869196        18552     58281108    0    0 2594304     0 13452 19933   2   2  87   9   0 2026-09-16 17:55:12
 2  0      1361912       861304        18552     58281144    0    0 2614272     0 14343 20061   2   2  89   7   0 2026-09-16 17:55:13
 1  5      1361912       861172        18552     58281176    0    0 2221056     0 13317 18955   2   2  87   9   0 2026-09-16 17:55:14
 1  3      1361912       867080        18560     58281200    0    0 2781184   512 14283 20419   2   2  87   9   0 2026-09-16 17:55:15
 1  7      1361912       860344        18560     58281240   16    0 2030608     0 12808 18572   2   2  88   8   0 2026-09-16 17:55:16
 1  4      1361912       863444        18560     58281256    0    0 2756608     0 14091 20227   2   2  85  11   0 2026-09-16 17:55:17
procs -----------------------memory---------------------- ---swap-- -----io---- -system-- --------cpu-------- -----timestamp-----
 r  b         swpd         free         buff        cache   si   so    bi    bo   in   cs  us  sy  id  wa  st                 KST
 4  0      1361912       865016        18560     58281300    0    0 2209792     0 13004 19365   2   2  90   7   0 2026-09-16 17:55:18
 1  4      1361912       859368        18560     58281320    0    0 3121152     0 14231 20969   2   2  88   8   0 2026-09-16 17:55:19
 2  0      1361912       861224        18568     58281360    0    0 2021376   488 12438 19193   2   2  91   5   0 2026-09-16 17:55:20
 1  6      1361912       856528        18568     58281392    0    0 2388992     0 13301 19885   2   2  87   9   0 2026-09-16 17:55:21
 0  1      1361912       856672        18568     58281424    0    0 2753536     0 13795 20572   2   2  88   8   0 2026-09-16 17:55:22
 3  6      1361912       862288        18568     58281456    4    0 2020356     0 12553 19082   2   2  88   8   0 2026-09-16 17:55:23
 4  4      1361912       868700        18568     58281488    0    0 2786304     0 14199 20560   2   2  88   8   0 2026-09-16 17:55:24
 7  8      1361912       860496        18576     58281520    0    0 2102272   484 13057 19508   2   2  89   7   0 2026-09-16 17:55:25
 7  4      1361912       864400        18576     58281552    0    0 2826240     0 13903 20967   2   2  89   7   0 2026-09-16 17:55:26
 3  0      1361912       871812        18576     58281584    0    0 2264064     0 13056 19494   2   2  89   7   0 2026-09-16 17:55:27
 0  6      1361912       864880        18576     58281628    0    0 2117632     0 13062 18965   2   2  89   7   0 2026-09-16 17:55:28
 3  4      1361912       864536        18576     58281652    0    0 2346496     0 13585 19631   2   2  89   7   0 2026-09-16 17:55:29
 0  4      1361912       863864        18584     58281672    0    0 2188800   572 13026 19263   2   1  89   7   0 2026-09-16 17:55:30
 1  0      1361912       865796        18584     58281720    0    0 1917952     0 22031 18653   2   2  90   6   0 2026-09-16 17:55:31
 1  0      1361912       862808        18584     58281744    0    0 1714176     0 12440 18327   3   2  89   7   0 2026-09-16 17:55:32
 0  7      1361912       866668        18584     58281780    0    0 1950720     0 12890 18587   2   2  87   9   0 2026-09-16 17:55:33
 1  6      1361912       861712        18584     58281808    0    0 2350080     0 13414 19685   2   2  89   7   0 2026-09-16 17:55:34
 1  0      1361912       861592        18592     58281832    0    0 2555904   528 13494 20435   2   2  89   7   0 2026-09-16 17:55:35
 1  5      1361912       859364        18592     58281876    0    0 2119680     0 12670 19314   2   2  89   7   0 2026-09-16 17:55:36
 4  4      1361912       863960        18592     58281920    0    0 2329088     0 13089 19763   2   2  90   6   0 2026-09-16 17:55:37
 1  2      1361912       866080        18592     58281952    0    0 2291200     0 13025 19847   2   2  91   5   0 2026-09-16 17:55:38
procs -----------------------memory---------------------- ---swap-- -----io---- -system-- --------cpu-------- -----timestamp-----
 r  b         swpd         free         buff        cache   si   so    bi    bo   in   cs  us  sy  id  wa  st                 KST
 2  0      1361912       863164        18592     58281980    0    0 1830912     0 12493 18885   2   2  89   7   0 2026-09-16 17:55:39
 2  0      1361912       853420        18600     58282012    0    0 1714176   528 12355 18679   3   2  90   6   0 2026-09-16 17:55:40
 1  6      1361912       851976        18600     58282044    0    0 2088960     0 12872 19280   2   2  89   7   0 2026-09-16 17:55:41
 4  4      1361912       859856        18600     58282076    0    0 2316800     0 13174 19829   2   2  88   8   0 2026-09-16 17:55:42
 1  3      1361912       856948        18600     58282100    0    0 2330112     0 13145 19800   2   2  88   8   0 2026-09-16 17:55:43
 1  7      1361912       859908        18600     58282136   76    0 2191436     0 13272 18975   2   2  89   7   0 2026-09-16 17:55:44
 0  5      1361912       860488        18608     58282160    0    0 2351616   552 13696 19739   2   2  89   7   0 2026-09-16 17:55:45
 2  3      1361912       857080        18608     58282196    0    0 2278912     0 13332 19893   2   2  89   7   0 2026-09-16 17:55:46
 2  0      1361912       861172        18608     58282236    0    0 1869824     0 12794 18618   2   2  89   7   0 2026-09-16 17:55:47
 2  0      1361912       859252        18608     58282272    0    0 1714176     0 12332 18547   2   2  90   6   0 2026-09-16 17:55:48
 3  6      1361912       861328        18608     58282300    0    0 2019328     0 12750 18636   2   2  88   8   0 2026-09-16 17:55:49
 3  5      1361912       855856        18616     58282332    0    0 2284544    76 13189 19397   2   2  88   8   0 2026-09-16 17:55:50
 0  5      1361912       855400        18616     58282368    0    0 2217984   412 13285 19288   2   2  88   8   0 2026-09-16 17:55:51
 1  8      1361912       851528        18616     58282392    0    0 2057216     0 12505 19369   2   2  90   6   0 2026-09-16 17:55:52
 2  5      1361912       847652        18616     58282432    0    0 2304000     0 13038 19849   2   2  88   8   0 2026-09-16 17:55:53
 1  4      1361912       853824        18616     58282464    0    0 2338816     0 13247 19904   2   2  89   7   0 2026-09-16 17:55:54
 1  3      1361912       859808        18624     58282488    0    0 2088960   100 12681 19398   2   2  89   7   0 2026-09-16 17:55:55
 2  0      1361912       856468        18624     58282532    0    0 1830912   448 12392 18993   3   2  90   6   0 2026-09-16 17:55:56
 3  0      1361912       853016        18624     58282564    0    0 1714176     0 11762 18589   2   2  91   5   0 2026-09-16 17:55:57
 2  5      1361912       856852        18624     58282596    0    0 2234368     0 12987 19793   2   2  89   7   0 2026-09-16 17:55:58
 1  5      1361912       854428        18624     58282620    0    0 2190848     0 12837 19400   2   2  89   7   0 2026-09-16 17:55:59
procs -----------------------memory---------------------- ---swap-- -----io---- -system-- --------cpu-------- -----timestamp-----
 r  b         swpd         free         buff        cache   si   so    bi    bo   in   cs  us  sy  id  wa  st                 KST
 0  3      1361912       854520        18632     58282664    0    0 2291200   100 12876 19483   2   2  89   8   0 2026-09-16 17:56:00
 2  0      1361912       851596        18632     58282684    0    0 1854464   460 12481 18583   2   2  90   6   0 2026-09-16 17:56:01
 1  0      1361912       848864        18632     58282720    0    0 1714176     0 12473 18288   3   2  91   5   0 2026-09-16 17:56:02
 1  0      1361912       844152        18632     58282740    0    0 1714176     0 12270 18177   2   2  91   5   0 2026-09-16 17:56:03
 2  0      1361912       846756        18632     58282788    0    0 1714176     0 24479 18213   3   2  88   7   0 2026-09-16 17:56:04
 5  0      1361912       846584        18640     58282804    0    0 1714176    72 12389 18225   3   2  89   6   0 2026-09-16 17:56:05
 1  0      1361912       847168        18640     58282852    0    0 1714176   432 12608 18778   3   2  90   6   0 2026-09-16 17:56:06
 2  0      1361912       838664        18640     58282876    0    0 1714176     0 12302 18296   3   2  90   6   0 2026-09-16 17:56:07
 2  0      1361912       842764        18640     58282912    0    0 1714176     0 12386 18326   2   2  91   4   0 2026-09-16 17:56:08
 1  0      1361912       850172        18640     58282932    0    0 1714176     0 12342 18205   3   2  90   6   0 2026-09-16 17:56:09
 1  5      1361912       845976        18648     58282976    0    0 2482176    88 13294 20098   2   2  89   7   0 2026-09-16 17:56:10
 1  6      1361912       845064        18652     58283016    0    0 1661956   436 11974 18452   3   2  91   5   0 2026-09-16 17:56:11
 2  5      1361912       850712        18652     58283044    0    0 1632256     0 12137 18278   3   2  90   6   0 2026-09-16 17:56:12
 1  5      1361912       849804        18652     58283088    0    0 1642496     0 12256 18299   2   2  90   6   0 2026-09-16 17:56:13
 1  6      1361912       855236        18652     58283108    0    0 1637376     0 12276 18355   3   2  91   5   0 2026-09-16 17:56:14
 1  6      1361912       858080        18660     58283152    0    0 1628160   104 12098 18329   3   2  90   6   0 2026-09-16 17:56:15
 0  6      1361912       852332        18660     58283180    0    0 1698816   448 12365 18511   3   2  91   5   0 2026-09-16 17:56:16
 3  6      1361912       852912        18660     58283216    0    0 1622016     0 12006 18401   3   2  90   6   0 2026-09-16 17:56:17
 1  7      1361912       847692        18660     58283232    0    0 1635328     0 12485 18295   3   2  91   5   0 2026-09-16 17:56:18
 2  7      1361912       848832        18660     58283268    0    0 1641472     0 12480 18481   3   2  90   6   0 2026-09-16 17:56:19
 0  8      1361912       847204        18668     58283308    0    0 1680384    96 11974 18398   3   2  90   6   0 2026-09-16 17:56:20
procs -----------------------memory---------------------- ---swap-- -----io---- -system-- --------cpu-------- -----timestamp-----
 r  b         swpd         free         buff        cache   si   so    bi    bo   in   cs  us  sy  id  wa  st                 KST
 1  0      1361912       846872        18668     58283340    0    0 3321856   528 14704 21421   2   2  86  10   0 2026-09-16 17:56:21
 1  1      1361912       846184        18668     58283364    0    0 1679872     0 12380 18121   2   2  91   5   0 2026-09-16 17:56:22
 1  3      1361912       847608        18668     58283408    0    0 1630720     0 12255 18046   3   2  91   5   0 2026-09-16 17:56:23
 1  4      1361912       857528        18668     58283436    0    0 1628160     0 12392 18085   3   2  91   4   0 2026-09-16 17:56:24
 1  4      1361912       857156        18676     58283604    0    0 1656832    80 12714 18033   3   2  91   5   0 2026-09-16 17:56:25
 2  4      1361912       855232        18676     58283632    0    0 1598464   452 12516 18387   3   2  90   5   0 2026-09-16 17:56:26
 3  5      1361912       854544        18676     58283664    0    0 1592320     0 12249 17881   3   1  91   5   0 2026-09-16 17:56:27
 0  5      1361912       853408        18676     58283692    0    0 1632256     0 12230 18067   2   2  90   6   0 2026-09-16 17:56:28
 3  4      1361912       847944        18676     58283724    0    0 1608192     0 12244 18122   2   2  90   6   0 2026-09-16 17:56:29
 1  4      1361912       847348        18684     58283760    0    0 1584128    96 12243 18107   3   2  90   6   0 2026-09-16 17:56:30
 1  0      1361912       846452        18684     58283784    0    0 2530816     0 13199 20173   2   2  89   7   0 2026-09-16 17:56:31
 1  0      1361912       848376        18684     58283824    0    0 1714176   508 12226 18644   3   2  91   5   0 2026-09-16 17:56:32
 2  0      1361912       844684        18684     58283856    0    0 1714176     0 12288 18722   3   2  89   6   0 2026-09-16 17:56:33
 3  0      1361912       844292        18684     58283892    0    0 1714176     0 12348 18752   3   2  91   5   0 2026-09-16 17:56:34
 1  0      1361912       848484        18692     58283924    0    0 1714176    88 12438 18674   2   2  90   6   0 2026-09-16 17:56:35
 1  0      1361912       849528        18692     58283952    0    0 1714176     0 12277 18560   3   2  91   5   0 2026-09-16 17:56:36
 3  0      1361912       845708        18692     58283992    0    0 1714176   448 34069 18586   3   2  90   5   0 2026-09-16 17:56:37
 1  0      1361912       845584        18692     58284020    0    0 1714176     0 12122 18637   3   2  90   6   0 2026-09-16 17:56:38
 1  0      1361912       854540        18692     58284048    0    0 1714176     0 12201 18558   2   2  91   5   0 2026-09-16 17:56:39
 3  0      1361912       850628        18700     58284084    0    0 1714176   112 12463 18531   3   2  91   5   0 2026-09-16 17:56:40
 0  1      1361912       846712        18700     58284116    0    0 1674752     0 12300 18473   2   2  91   5   0 2026-09-16 17:56:41
procs -----------------------memory---------------------- ---swap-- -----io---- -system-- --------cpu-------- -----timestamp-----
 r  b         swpd         free         buff        cache   si   so    bi    bo   in   cs  us  sy  id  wa  st                 KST
 2  8      1361912       842088        18700     58284152    0    0 1823232   460 12601 18533   3   2  90   6   0 2026-09-16 17:56:42
 1  8      1361912       846172        18700     58284180    0    0 1811456     0 12577 18345   2   2  89   7   0 2026-09-16 17:56:43
 1  6      1361912       850808        18700     58284216    0    0 1820672     0 12657 18442   2   2  89   7   0 2026-09-16 17:56:44
 2  5      1361912       847652        18708     58284244    0    0 1916928    92 12888 18863   2   2  89   7   0 2026-09-16 17:56:45
 1  5      1361912       851544        18708     58284280    0    0 1932288     0 13000 19058   2   2  88   7   0 2026-09-16 17:56:46
 1  6      1361912       852396        18708     58284296    0    0 1894400   504 12864 18880   2   2  90   6   0 2026-09-16 17:56:47
 1  4      1361912       846424        18708     58284348    8    0 1927176     0 12855 18674   2   2  90   6   0 2026-09-16 17:56:48
 2  4      1361912       849792        18708     58284376    0    0 1876992     0 12647 18590   2   2  90   6   0 2026-09-16 17:56:49
 1  4      1361912       846092        18716     58284412    0    0 1943552    96 13045 19082   2   2  89   7   0 2026-09-16 17:56:50
 1  0      1361912       842880        18716     58284444    0    0 1948672     0 12691 19102   3   2  90   6   0 2026-09-16 17:56:51
 1  7      1361912       839444        18716     58284476    0    0 1854464   448 12291 18866   2   2  90   6   0 2026-09-16 17:56:52
 1  6      1361912       839608        18716     58284508    0    0 1945600     0 12447 19048   2   2  89   7   0 2026-09-16 17:56:53
 3  5      1361912       842316        18716     58284524    0    0 1932288     0 12680 19222   3   2  89   6   0 2026-09-16 17:56:54
 2  4      1361912       841692        18716     58284572    0    0 1937920     0 12554 18893   2   2  90   5   0 2026-09-16 17:56:55
 2  4      1361912       840860        18724     58284600   20    0 1972244   100 12582 19053   2   2  90   6   0 2026-09-16 17:56:56
 0  5      1361912       838540        18724     58284636    0    0 1936896   484 12865 19133   2   2  89   7   0 2026-09-16 17:56:57
 2  3      1361912       849700        18724     58284664    0    0 1920000     0 12514 19172   2   2  89   7   0 2026-09-16 17:56:58
 1  1      1361912       847244        18724     58284700    0    0 1870336     0 12345 18873   2   2  89   7   0 2026-09-16 17:56:59
 2  7      1361912       848532        18728     58284712    0    0 1938944    88 12865 18543   2   2  89   7   0 2026-09-16 17:57:00
 0  7      1361912       848452        18732     58284768    0    0 1865728     4 12916 18450   3   2  90   6   0 2026-09-16 17:57:01
 2  5      1361912       845536        18732     58284800    0    0 1989632   464 13202 18853   2   2  89   7   0 2026-09-16 17:57:02
procs -----------------------memory---------------------- ---swap-- -----io---- -system-- --------cpu-------- -----timestamp-----
 r  b         swpd         free         buff        cache   si   so    bi    bo   in   cs  us  sy  id  wa  st                 KST
 0  6      1361912       846148        18732     58284828    0    0 1866752     0 13070 18522   2   2  90   6   0 2026-09-16 17:57:03
 1  4      1361912       840648        18732     58284864    0    0 1931776     0 12743 18603   2   2  89   7   0 2026-09-16 17:57:04
 3  6      1361912       835356        18740     58284884    0    0 1908224   104 12557 18418   2   2  89   7   0 2026-09-16 17:57:05
 0  5      1361912       840496        18740     58284920    0    0 1914880     0 13021 18954   2   2  89   7   0 2026-09-16 17:57:06
 0  4      1361912       836120        18740     58284956    0    0 1932288   444 12837 18661   2   2  89   7   0 2026-09-16 17:57:07
 2  0      1361912       835456        18740     58284988    0    0 1842688     0 12660 18565   2   2  90   6   0 2026-09-16 17:57:08
 3  7      1361912       838556        18740     58285020    0    0 1863168     0 18605 18509   2   2  89   6   0 2026-09-16 17:57:09
 2  7      1361912       834548        18748     58285044    0    0 1902592    84 13473 19075   3   2  89   7   0 2026-09-16 17:57:10
 2  5      1361912       839700        18748     58285084    0    0 1938432     0 12185 18911   2   2  90   6   0 2026-09-16 17:57:11
 1  5      1361912       844136        18748     58285112    0    0 1926144   452 12332 18945   2   2  89   7   0 2026-09-16 17:57:12
 2  4      1361912       845436        18748     58285156    0    0 1954304     0 12654 18991   2   2  89   6   0 2026-09-16 17:57:13
 2  4      1361912       842288        18748     58285184    0    0 1938944     0 12138 18976   2   2  90   6   0 2026-09-16 17:57:14
 1  4      1361912       846112        18748     58285216    0    0 1905664     0 12309 18854   2   2  90   6   0 2026-09-16 17:57:15
 2  0      1361912       845752        18756     58285248    0    0 1949184   112 12260 19114   2   2  90   6   0 2026-09-16 17:57:16
 2  2      1361912       841804        18756     58285260    0    0 1668608     0 11733 18300   2   2  90   6   0 2026-09-16 17:57:17
 1  0      1361912       842704        18756     58285308    0    0 1817600   532 12894 18954   3   2  90   6   0 2026-09-16 17:57:18
 2  6      1361912       836568        18756     58285336    0    0 2081792     0 12751 18877   2   2  89   7   0 2026-09-16 17:57:19
 1  5      1361912       836648        18756     58285376    0    0 1820672     0 12369 18278   2   2  90   6   0 2026-09-16 17:57:20
 3  4      1361912       844528        18764     58285408    0    0 1860608    84 12518 18366   2   2  89   7   0 2026-09-16 17:57:21
 1  6      1361912       847680        18764     58285432    0    0 1805312     0 12574 18300   2   2  90   6   0 2026-09-16 17:57:22
 1  6      1361912       843780        18764     58285476   52    0 1816628   436 12778 18430   2   2  89   7   0 2026-09-16 17:57:23
procs -----------------------memory---------------------- ---swap-- -----io---- -system-- --------cpu-------- -----timestamp-----
 r  b         swpd         free         buff        cache   si   so    bi    bo   in   cs  us  sy  id  wa  st                 KST
 1  4      1361912       840656        18764     58285496    0    0 1888768     0 12680 18471   2   2  90   6   0 2026-09-16 17:57:24
 3  4      1361912       847992        18764     58285532    4    0 1908228     0 12923 18885   2   2  90   6   0 2026-09-16 17:57:25
 3  4      1361912       841060        18772     58285560    4    0 1811460    88 12564 18412   2   2  90   6   0 2026-09-16 17:57:26
 0  5      1361912       841160        18772     58285600    0    0 1863680     0 12488 18477   2   2  91   5   0 2026-09-16 17:57:27
 1  3      1361912       839788        18772     58285640    0    0 1809408   440 12467 18543   2   2  90   6   0 2026-09-16 17:57:28
 1  0      1361912       842156        18772     58285660    0    0 1903616     0 12415 18964   3   2  91   4   0 2026-09-16 17:57:29
 2  7      1361912       842752        18772     58285688    0    0 1762304     0 12443 18847   2   2  91   5   0 2026-09-16 17:57:30
 1  7      1361912       844360        18780     58285736    0    0 1857536   116 12433 18829   3   2  89   6   0 2026-09-16 17:57:31
 4  5      1361912       844204        18780     58285764    0    0 1856512     0 12721 18789   2   2  90   6   0 2026-09-16 17:57:32
 0  6      1361912       845500        18780     58285796    0    0 1861632   548 12624 18957   3   2  89   6   0 2026-09-16 17:57:33
 1  6      1361912       845096        18780     58285828    0    0 1878016     0 12744 19192   3   2  90   6   0 2026-09-16 17:57:34
 0  5      1361912       846960        18780     58285856    0    0 1871360     0 12564 19234   2   2  89   6   0 2026-09-16 17:57:35
 2  4      1361912       851284        18788     58285892    0    0 1850368    80 12222 18999   2   2  90   6   0 2026-09-16 17:57:36
 2  3      1361912       855412        18788     58285920    0    0 1845248     0 12371 18899   2   2  90   6   0 2026-09-16 17:57:37
 2  4      1361912       845664        18788     58285948    4    0 1928708   452 12444 19233   2   2  89   6   0 2026-09-16 17:57:38
 2  0      1361912       844488        18788     58285980    0    0 2144256     0 13105 19194   2   2  89   7   0 2026-09-16 17:57:39
 3  0      1361912       846420        18788     58286012    0    0 1714176     0 12320 18422   3   2  91   4   0 2026-09-16 17:57:40
 2  0      1361912       844980        18796     58286036    0    0 1714176    96 12101 18398   3   2  90   5   0 2026-09-16 17:57:41
 1  8      1361912       839452        18796     58286080    0    0 1784832     0 34265 18544   3   2  89   7   0 2026-09-16 17:57:42
 1  8      1361912       841816        18796     58286104    0    0 1827840   456 12614 18385   2   2  89   7   0 2026-09-16 17:57:43
 3  6      1361912       841196        18796     58286136    4    0 1758212     0 12568 18570   3   2  89   7   0 2026-09-16 17:57:44
procs -----------------------memory---------------------- ---swap-- -----io---- -system-- --------cpu-------- -----timestamp-----
 r  b         swpd         free         buff        cache   si   so    bi    bo   in   cs  us  sy  id  wa  st                 KST
 1  6      1361912       841796        18796     58286180    0    0 1836032     0 13058 18963   3   2  89   7   0 2026-09-16 17:57:45
 1  5      1361912       838680        18804     58286200    0    0 1799168   104 12969 18810   3   2  89   6   0 2026-09-16 17:57:46
 3  5      1361912       836732        18804     58286244    0    0 1815552     0 12553 18641   2   2  91   5   0 2026-09-16 17:57:47
 2  0      1361912       840092        18804     58286264    0    0 2891776   504 14055 21106   2   2  88   9   0 2026-09-16 17:57:48
 1  0      1361912       844484        18804     58286312    0    0 1714176     0 11894 18484   2   2  92   4   0 2026-09-16 17:57:49
 1  0      1361912       841332        18804     58286328    0    0 1714176     0 12174 18665   2   2  91   5   0 2026-09-16 17:57:50
 1  0      1361912       835860        18812     58286372    0    0 1714176   112 12227 18706   3   2  90   5   0 2026-09-16 17:57:51
 2  0      1361912       840560        18812     58286392    0    0 1714176     0 12208 18638   3   2  90   5   0 2026-09-16 17:57:52
 2  0      1361912       836640        18812     58286432    0    0 1714176   424 12228 18637   3   2  90   5   0 2026-09-16 17:57:53
 2  0      1361912       834568        18812     58286468    0    0 1714176     0 12085 18859   3   2  91   5   0 2026-09-16 17:57:54
 1  0      1361912       841796        18812     58286500    0    0 1714176     0 12197 18730   3   2  90   6   0 2026-09-16 17:57:55
 2  7      1361912       838380        18820     58286532    0    0 1723392    80 12102 18615   3   2  90   6   0 2026-09-16 17:57:56
 3  7      1361912       834208        18820     58286572    0    0 1860608     0 12330 18867   3   2  88   7   0 2026-09-16 17:57:57
 1  2      1361912       836348        18820     58286596    4    0 3173380     0 14604 21184   2   2  85  11   0 2026-09-16 17:57:58
 1  0      1361912       837276        18820     58286632    0    0 1813504   424 12690 18859   3   2  89   6   0 2026-09-16 17:57:59
 2  0      1361912       837372        18820     58286660    0    0 1714176     0 12716 18338   3   2  90   6   0 2026-09-16 17:58:00
 1  0      1361912       839564        18828     58286696    0    0 1714176    96 12247 18296   3   2  90   6   0 2026-09-16 17:58:01
 1  0      1361912       840488        18828     58286724    0    0 1714176     0 12686 18525   2   2  89   7   0 2026-09-16 17:58:02
 2  0      1361912       843412        18828     58286752    0    0 1714176     0 12680 18405   3   2  89   7   0 2026-09-16 17:58:03
 1  0      1361912       842328        18828     58286784    0    0 1714176   588 12351 18350   3   2  89   6   0 2026-09-16 17:58:04
 1  8      1361912       847692        18828     58286824    0    0 1783808     0 12624 18472   2   2  90   6   0 2026-09-16 17:58:05
procs -----------------------memory---------------------- ---swap-- -----io---- -system-- --------cpu-------- -----timestamp-----
 r  b         swpd         free         buff        cache   si   so    bi    bo   in   cs  us  sy  id  wa  st                 KST
 1  8      1361912       850556        18836     58286864    0    0 1818624    96 12699 18368   2   2  88   8   0 2026-09-16 17:58:06
 1  1      1361912       855176        18836     58286892    0    0 3220992     0 14444 21353   2   2  87   9   0 2026-09-16 17:58:07
 2  0      1361912       857024        18836     58286920    0    0 1747456     0 12250 18637   2   2  91   5   0 2026-09-16 17:58:08
 1  0      1361912       846040        18836     58286956    0    0 1714176   460 12075 18632   2   2  91   5   0 2026-09-16 17:58:09
 1  0      1361912       851400        18836     58286992    0    0 1714176     0 12390 18708   3   2  90   6   0 2026-09-16 17:58:10
 1  0      1361912       841612        18844     58287024    0    0 1714176   100 12341 18498   3   2  91   4   0 2026-09-16 17:58:11
 2  0      1361912       840136        18844     58287052    0    0 1714176     0 12235 18671   3   2  90   5   0 2026-09-16 17:58:12
 2  7      1361912       840256        18844     58287076    0    0 1839104     0 12446 18887   2   2  90   6   0 2026-09-16 17:58:13
 1  6      1361912       848440        18844     58287116    0    0 1955840   464 13094 19238   2   2  90   6   0 2026-09-16 17:58:14
 1  5      1361912       843604        18844     58287136    0    0 1956864     0 27885 19002   2   2  89   7   0 2026-09-16 17:58:15
 3  4      1361912       847072        18852     58287180    4    0 1948164    92 12850 18948   2   2  90   6   0 2026-09-16 17:58:16
 2  0      1361912       847040        18852     58287216    0    0 2585088     0 13460 19996   2   2  91   5   0 2026-09-16 17:58:17
 1  0      1361912       845648        18852     58287244    4    0 1714180     0 12249 18267   2   2  90   6   0 2026-09-16 17:58:18
 2  0      1361912       838496        18852     58287272    0    0 1714176   420 12598 18388   2   2  89   6   0 2026-09-16 17:58:19
 1  8      1361912       841988        18852     58287300    0    0 1783808     0 12608 18231   3   2  89   7   0 2026-09-16 17:58:20
 1  7      1361912       840560        18860     58287332    0    0 1819648    88 12720 18281   2   2  89   7   0 2026-09-16 17:58:21
 1  5      1361912       837644        18860     58287372    0    0 1942528     0 12762 18788   2   2  90   6   0 2026-09-16 17:58:22
 3  5      1361912       847836        18860     58287400    0    0 1933312     0 12694 18563   2   2  90   6   0 2026-09-16 17:58:23
 1  4      1361912       845700        18860     58287432    0    0 2010624   428 12760 18805   2   2  91   5   0 2026-09-16 17:58:24
 1  4      1361912       845040        18860     58287460    0    0 1842176     0 12513 18782   2   2  91   5   0 2026-09-16 17:58:25
 2  0      1361912       837612        18868     58287500    0    0 2381312    80 13410 20150   2   2  89   7   0 2026-09-16 17:58:26
procs -----------------------memory---------------------- ---swap-- -----io---- -system-- --------cpu-------- -----timestamp-----
 r  b         swpd         free         buff        cache   si   so    bi    bo   in   cs  us  sy  id  wa  st                 KST
 2  0      1361912       846752        18868     58287528    0    0 1714176     0 12093 18516   2   2  90   6   0 2026-09-16 17:58:27
 1  0      1361912       843080        18868     58287552    0    0 1714176     0 12416 18627   3   2  90   5   0 2026-09-16 17:58:28
 2  8      1361912       843160        18868     58287596    0    0 1907712   424 12362 19050   2   2  90   6   0 2026-09-16 17:58:29
 1  6      1361912       840964        18868     58287616    0    0 1934336     0 12373 19020   3   2  90   6   0 2026-09-16 17:58:30
 1  5      1361912       836268        18876     58287648    0    0 1963008    96 12653 18987   3   2  91   5   0 2026-09-16 17:58:31
 1  4      1361912       841724        18876     58287696    0    0 1965568     0 12293 19017   2   2  90   6   0 2026-09-16 17:58:32
 0  5      1361912       838284        18876     58287724    0    0 1963520     0 12181 19084   2   2  91   5   0 2026-09-16 17:58:33
 5  3      1361912       843688        18876     58287756    0    0 2020356   532 12549 19302   3   2  90   6   0 2026-09-16 17:58:34
 1  0      1361912       843012        18876     58287792    0    0 1907200     0 12147 18913   2   2  90   6   0 2026-09-16 17:58:35
 1  5      1361912       846684        18884     58287824    0    0 3047936   104 14381 20668   1   2  85  11   0 2026-09-16 17:58:36
 2  4      1361912       849832        18884     58287860    4    0 3090948     0 14357 20830   1   2  85  11   0 2026-09-16 17:58:37
 4  5      1361912       849492        18884     58287884    0    0 3276288     0 14800 21244   1   2  86  11   0 2026-09-16 17:58:38
 1  5      1361912       850064        18884     58287920    0    0 3217408   444 14815 21009   1   2  85  12   0 2026-09-16 17:58:39
 1  7      1361912       849364        18884     58287944    0    0 3201024     0 14465 20941   2   2  85  11   0 2026-09-16 17:58:40
 2  7      1361912       849984        18892     58287984    0    0 3168256    96 14306 21589   1   2  86  10   0 2026-09-16 17:58:41
 1  2      1361912       853796        18892     58288144    0    0 3241984     0 14216 21592   2   2  87  10   0 2026-09-16 17:58:42
 1  4      1361912       864160        18892     58288184    0    0 3127296     0 14143 21337   1   2  87  10   0 2026-09-16 17:58:43
 0  5      1361912       854204        18892     58288212    0    0 3121664     0 14288 21463   1   2  86  10   0 2026-09-16 17:58:44
 2  6      1361912       848212        18892     58288244    0    0 3133952   488 14596 21826   1   2  87  10   0 2026-09-16 17:58:45
 3  7      1361912       838996        18900     58288276    0    0 2917376   108 13867 21072   1   2  89   8   0 2026-09-16 17:58:46
 0  8      1361912       839636        18900     58288300    0    0 3313664     0 14591 21461   1   2  88   8   0 2026-09-16 17:58:47
procs -----------------------memory---------------------- ---swap-- -----io---- -system-- --------cpu-------- -----timestamp-----
 r  b         swpd         free         buff        cache   si   so    bi    bo   in   cs  us  sy  id  wa  st                 KST
 0  1      1361912       843556        18900     58288340    0    0 3313152     0 25531 21424   1   2  86  11   0 2026-09-16 17:58:48
 1  4      1361912       848212        18900     58288376    0    0 3214848     0 14663 21075   1   2  84  12   0 2026-09-16 17:58:49
 2  4      1361912       850576        18900     58288400    0    0 3186688   476 14796 21347   1   2  86  10   0 2026-09-16 17:58:50
 2  4      1361912       851988        18908     58288436    0    0 3159552    96 14698 20941   1   2  87  10   0 2026-09-16 17:58:51
 1  6      1361912       848324        18908     58288472    0    0 3192320     0 14645 21298   1   2  85  12   0 2026-09-16 17:58:52
 0  6      1361912       846632        18908     58288500    0    0 3236864     0 14191 21650   1   2  87  10   0 2026-09-16 17:58:53
 2  5      1361912       847704        18908     58288536    0    0 3274752     0 14346 21773   1   2  87   9   0 2026-09-16 17:58:54
 0  8      1361912       853308        18908     58288564    0    0 3115012   432 13946 21351   1   2  87   9   0 2026-09-16 17:58:55
 2  1      1361912       849572        18916     58288588    0    0 3301888    92 14287 21693   1   2  87  10   0 2026-09-16 17:58:56
 1  3      1361912       843584        18916     58288636    0    0 3322368     0 14547 21735   1   2  87  10   0 2026-09-16 17:58:57
 2  5      1361912       841400        18916     58288664    0    0 3110912     0 14206 21316   1   2  85  11   0 2026-09-16 17:58:58
 2  4      1361912       847092        18916     58288696    0    0 3210752     0 14643 21029   1   2  85  12   0 2026-09-16 17:58:59
 2  5      1361912       844664        18916     58288728    0    0 3167744   412 14456 20927   1   2  87  10   0 2026-09-16 17:59:00
 0  6      1361912       844808        18924     58288760    0    0 3252224    96 14621 21138   1   2  87  10   0 2026-09-16 17:59:01
 1  6      1361912       850028        18924     58288792    0    0 3224576     0 14863 21087   1   2  86  11   0 2026-09-16 17:59:02
 0  7      1361912       845564        18924     58288808    0    0 3356672     0 14870 21644   1   2  88   9   0 2026-09-16 17:59:03
 2  0      1361912       845108        18924     58288840    0    0 3074560     0 13761 21295   1   2  87   9   0 2026-09-16 17:59:04
 3  3      1361912       853980        18924     58288872    4    0 3208708   392 14259 22014   1   2  86  10   0 2026-09-16 17:59:05
 3  4      1361912       852564        18932     58288916    0    0 3155968    76 14257 21480   1   2  87   9   0 2026-09-16 17:59:06
 0  6      1361912       847584        18932     58288936    0    0 3025920     0 13935 21031   1   2  88   9   0 2026-09-16 17:59:07
 1  6      1361912       851688        18932     58288976    0    0 3017728     0 13603 21076   1   2  88   9   0 2026-09-16 17:59:08
procs -----------------------memory---------------------- ---swap-- -----io---- -system-- --------cpu-------- -----timestamp-----
 r  b         swpd         free         buff        cache   si   so    bi    bo   in   cs  us  sy  id  wa  st                 KST
 1  7      1361912       849744        18932     58288992    0    0 3316736     0 14095 21244   1   2  87   9   0 2026-09-16 17:59:09
 2  8      1361912       849556        18932     58289036    0    0 3269632   420 14645 21533   1   2  87   9   0 2026-09-16 17:59:10
 3  3      1361912       848440        18940     58289072    0    0 3247104    92 14930 21029   1   2  85  11   0 2026-09-16 17:59:11
 1  5      1361912       858188        18940     58289096    0    0 3244032     0 14819 20851   1   2  85  12   0 2026-09-16 17:59:12
 1  5      1361912       851948        18940     58289136    0    0 3319808     0 14787 21064   1   2  87  10   0 2026-09-16 17:59:13
 2  4      1361912       843580        18940     58289168    0    0 3128832     0 14361 20658   1   2  85  12   0 2026-09-16 17:59:14
 3  5      1361912       840680        18940     58289196    0    0 3106304   420 14026 21217   1   2  89   8   0 2026-09-16 17:59:15
 1  5      1361912       843312        18948     58289224    0    0 3142656    84 14038 21333   1   2  86  11   0 2026-09-16 17:59:16
 2  7      1361912       845960        18948     58289264    0    0 3031040     0 13375 21016   1   2  87   9   0 2026-09-16 17:59:17
 2  3      1361912       842508        18948     58289292    0    0 3216384     0 14297 21611   1   2  85  12   0 2026-09-16 17:59:18
 2  4      1361912       847096        18948     58289320    0    0 3026432     0 13649 21121   1   2  86  11   0 2026-09-16 17:59:19
 1  5      1361912       843352        18948     58289352    0    0 3180544   432 23406 21455   1   2  87  10   0 2026-09-16 17:59:20
 1  6      1361912       838736        18956     58289396    0    0 3017216    88 25985 20484   1   3  85  11   0 2026-09-16 17:59:21
 1  6      1361912       839328        18956     58289428    0    0 3211264     0 24520 20960   1   2  86  11   0 2026-09-16 17:59:22
 3  0      1361912       845196        18956     58289456    0    0 3174400     0 14416 21085   1   2  86  10   0 2026-09-16 17:59:23
 1  0      1361912       846512        18956     58289484    0    0 3346944     0 14799 21084   1   2  86  10   0 2026-09-16 17:59:24
 0  5      1361912       850108        18956     58289520    8    0 3200520     0 14587 21058   1   2  86  11   0 2026-09-16 17:59:25
 1  4      1361912       850744        18964     58289548    0    0 3348480   500 14750 21587   1   2  86  10   0 2026-09-16 17:59:26
 3  4      1361912       847544        18964     58289580    0    0 3335168     0 14302 21775   1   2  86  10   0 2026-09-16 17:59:27
 1  4      1361912       842904        18964     58289612    0    0 3010048     0 13919 21177   1   2  87   9   0 2026-09-16 17:59:28
 1  6      1361912       840800        18964     58289636    0    0 3179008     0 14109 21426   1   2  86  10   0 2026-09-16 17:59:29
procs -----------------------memory---------------------- ---swap-- -----io---- -system-- --------cpu-------- -----timestamp-----
 r  b         swpd         free         buff        cache   si   so    bi    bo   in   cs  us  sy  id  wa  st                 KST
 0  8      1361912       835728        18980     58289672    0    0 2979840   296 13656 21090   2   2  86  10   0 2026-09-16 17:59:30
 1  2      1361912       840412        18988     58289700    0    0 3178496   332 14069 21365   1   2  87  10   0 2026-09-16 17:59:31
 0  5      1361912       847840        18988     58289732    0    0 3208192     0 14566 21163   1   2  86  10   0 2026-09-16 17:59:32
 0  5      1361912       837404        18988     58289764    0    0 3224576     0 14914 20944   1   2  85  11   0 2026-09-16 17:59:33
 2  4      1361912       846296        18988     58289792    0    0 3256832     0 14776 21063   1   2  86  11   0 2026-09-16 17:59:34
 2  5      1361912       849184        18988     58289832    0    0 3210752     0 14691 21186   1   2  84  12   0 2026-09-16 17:59:35
 0  6      1361912       847560        18996     58289860    0    0 3126272   508 14661 20866   1   2  84  12   0 2026-09-16 17:59:36
 1  8      1361912       840096        18996     58289900    0    0 3203072     0 14408 21230   1   2  88   9   0 2026-09-16 17:59:37
 1  1      1361912       848536        18996     58289924    0    0 3146240     0 14193 21535   1   2  87   9   0 2026-09-16 17:59:38
 3  3      1361912       845048        18996     58289960    4    0 3214852     0 13901 21478   1   2  86  10   0 2026-09-16 17:59:39
 0  5      1361912       853196        18996     58289984    0    0 3017216     0 13878 21097   1   2  86  10   0 2026-09-16 17:59:40
 3  5      1361912       855748        19004     58290012    0    0 2950656   524 13590 21152   1   2  87   9   0 2026-09-16 17:59:41
 1  6      1361912       850856        19004     58290068    0    0 3188736     0 14189 21563   1   2  86  10   0 2026-09-16 17:59:42
 1  7      1361912       846904        19004     58290088    0    0 3216388     0 14494 21414   1   2  88   9   0 2026-09-16 17:59:43
 1  2      1361912       847472        19004     58290132    0    0 3222524     0 14849 21248   1   2  85  12   0 2026-09-16 17:59:44
 4  4      1361912       849336        19004     58290164    0    0 3245056     0 14604 21381   1   2  85  11   0 2026-09-16 17:59:45
 1  5      1361912       852204        19012     58290180    0    0 3173376   528 14581 20955   1   2  85  12   0 2026-09-16 17:59:46
 1  4      1361912       860100        19012     58290224    0    0 3325952     0 14621 21067   1   2  86  11   0 2026-09-16 17:59:47
 1  5      1361912       852176        19012     58290244    0    0 3239424     0 14825 21093   1   2  85  11   0 2026-09-16 17:59:48
 0  6      1361912       851028        19012     58290280    0    0 3200512     0 14248 21555   1   2  85  11   0 2026-09-16 17:59:49
 1  6      1361912       846324        19012     58290320    0    0 3032064     0 13669 21262   1   2  86  10   0 2026-09-16 17:59:50
procs -----------------------memory---------------------- ---swap-- -----io---- -system-- --------cpu-------- -----timestamp-----
 r  b         swpd         free         buff        cache   si   so    bi    bo   in   cs  us  sy  id  wa  st                 KST
 2  8      1361912       843672        19020     58290344    0    0 3171328   544 13789 21515   1   2  87   9   0 2026-09-16 17:59:51
 1  3      1361912       848316        19020     58290380    0    0 3307520     0 14359 21725   1   2  88   9   0 2026-09-16 17:59:52
 2  4      1361912       847972        19020     58290412    0    0 3134464     0 13958 21373   1   2  88   9   0 2026-09-16 17:59:53
 2  4      1361912       846088        19020     58290436    0    0 3137024     0 14187 21292   1   2  89   8   0 2026-09-16 17:59:54
 1  5      1361912       849544        19020     58290472    0    0 3148288     0 23774 20951   1   2  87   9   0 2026-09-16 17:59:55
 0  6      1361912       845296        19028     58290500    0    0 3225600   548 14712 21114   2   2  85  11   0 2026-09-16 17:59:56
 1  5      1361912       843936        19028     58290540    0    0 3326976     0 14654 21195   1   2  87  10   0 2026-09-16 17:59:57
 0  7      1361912       845988        19028     58290572    0    0 3204096     0 14612 21090   1   2  87   9   0 2026-09-16 17:59:58
 2  8      1361912       845352        19028     58290600    0    0 3288064     0 14787 21381   2   2  86  11   0 2026-09-16 17:59:59
 1  3      1361912       841624        19028     58290636    0    0 3211264     0 14689 21401   1   2  85  11   0 2026-09-16 18:00:00
 2  4      1361912       847496        19036     58290656    0    0 2996736   704 13821 21361   1   2  86  11   0 2026-09-16 18:00:01
 2  5      1361912       852168        19036     58290700    0    0 3023360     0 14142 21450   1   2  86  10   0 2026-09-16 18:00:02
 1  6      1361912       852480        19036     58290728    0    0 3023872     0 13470 21325   1   2  88   9   0 2026-09-16 18:00:03
 0  1      1361912       849308        19036     58290764    0    0 3046912     0 13971 21214   1   2  87  10   0 2026-09-16 18:00:04
 1  3      1361912       850108        19036     58290796    4    0 3223044     0 14164 21935   1   2  86  11   0 2026-09-16 18:00:05
 1  5      1361912       843416        19044     58290824    0    0 2917888   528 13979 21073   1   2  86  11   0 2026-09-16 18:00:06
 0  6      1361912       845844        19044     58290852    0    0 3148288     0 14725 20824   1   2  85  12   0 2026-09-16 18:00:07
 0  7      1361912       841412        19044     58290896    0    0 3107840     0 14430 20980   1   2  85  11   0 2026-09-16 18:00:08
 0  8      1361912       837524        19044     58290924    0    0 3249152     0 14751 21009   1   2  86  11   0 2026-09-16 18:00:09
 1  1      1361912       838128        19044     58290956    8    0 3180040     0 14860 21122   1   2  85  12   0 2026-09-16 18:00:10
 2  5      1361912       840232        19052     58290984    0    0 3201536   100 14680 21023   1   2  84  12   0 2026-09-16 18:00:11
procs -----------------------memory---------------------- ---swap-- -----io---- -system-- --------cpu-------- -----timestamp-----
 r  b         swpd         free         buff        cache   si   so    bi    bo   in   cs  us  sy  id  wa  st                 KST
 6  4      1361912       835748        19052     58291016    0    0 3365888   464 14690 21796   1   2  87   9   0 2026-09-16 18:00:12
 6  4      1361912       845632        19052     58291044    0    0 3029504     0 13304 21062   1   2  87   9   0 2026-09-16 18:00:13
 8  6      1361912       847016        19052     58291080    0    0 3003904     0 13565 21135   1   2  88   8   0 2026-09-16 18:00:14
 3  7      1361912       851968        19052     58291108    0    0 3189760     0 14050 21443   1   2  88   8   0 2026-09-16 18:00:15
 1  7      1361912       856892        19060     58291148    0    0 3316736   100 14232 21757   1   2  88   9   0 2026-09-16 18:00:16
 1  0      1361912       861004        19060     58291180    0    0 3198464   468 14174 21446   1   2  87  10   0 2026-09-16 18:00:17
 2  4      1361912       863652        19060     58291208    0    0 3371520     0 14889 21312   1   2  85  12   0 2026-09-16 18:00:18
 3  4      1361912       862712        19060     58291236    0    0 3249152     0 14694 20884   1   2  85  12   0 2026-09-16 18:00:19
 2  5      1361912       861080        19060     58291272    0    0 3306496     0 14859 20976   1   2  86  11   0 2026-09-16 18:00:20
 3  5      1361912       863760        19068     58291296    0    0 3141120   104 14619 20725   1   2  86  11   0 2026-09-16 18:00:21
 2  6      1361912       861560        19068     58291332    0    0 3225088   448 14719 20844   2   2  86  11   0 2026-09-16 18:00:22
 2  6      1361912       866176        19068     58291372    0    0 3117056     0 14186 21336   1   2  86  10   0 2026-09-16 18:00:23
 2  7      1361912       857464        19068     58291396    0    0 3003392     0 13472 20995   1   2  87   9   0 2026-09-16 18:00:24
 2  2      1361912       854284        19068     58291424    0    0 3218432     0 14322 21580   1   2  87   9   0 2026-09-16 18:00:25
 2  4      1361912       845564        19076     58291448    0    0 3033088    84 13765 21295   1   2  86  10   0 2026-09-16 18:00:26
 1  4      1361912       844432        19076     58291500    0    0 3140096   428 13811 21254   1   2  87  10   0 2026-09-16 18:00:27
 1  6      1361912       841776        19076     58291520    0    0 3196416     0 24586 21572   1   2  86  10   0 2026-09-16 18:00:28
 1  6      1361912       839324        19076     58291564    0    0 3088384     0 23693 20491   1   2  85  11   0 2026-09-16 18:00:29
 0  8      1361912       837944        19076     58291592    0    0 3276800     0 14782 21162   1   2  84  12   0 2026-09-16 18:00:30
 3  0      1361912       848116        19084     58291620    0    0 3188224   104 14585 21088   1   2  86  10   0 2026-09-16 18:00:31
 2  3      1361912       845388        19084     58291660    0    0 3315200   428 14767 21082   1   2  86  11   0 2026-09-16 18:00:32
procs -----------------------memory---------------------- ---swap-- -----io---- -system-- --------cpu-------- -----timestamp-----
 r  b         swpd         free         buff        cache   si   so    bi    bo   in   cs  us  sy  id  wa  st                 KST
 3  4      1361912       839656        19084     58291692    0    0 3102720     0 14393 20800   1   2  85  12   0 2026-09-16 18:00:33
 2  4      1361912       843032        19084     58291712    0    0 3359232     0 14702 21560   1   2  85  11   0 2026-09-16 18:00:34
 1  4      1361912       854732        19084     58291756    0    0 3179520     0 14272 21412   1   2  86  11   0 2026-09-16 18:00:35
 0  6      1361912       850808        19092     58291788    0    0 3013120    96 13575 20903   1   2  86  10   0 2026-09-16 18:00:36
 1  6      1361912       842840        19092     58291824    0    0 3334144   420 14140 21865   1   2  86  11   0 2026-09-16 18:00:37
 0  8      1361912       843880        19092     58291840    0    0 3179520     0 14029 21651   1   2  85  11   0 2026-09-16 18:00:38
 0  2      1361912       848964        19092     58291880    0    0 3211264     0 14045 21488   1   2  87  10   0 2026-09-16 18:00:39
 1  4      1361912       845816        19092     58291924    0    0 3334144     0 14619 21466   1   2  84  12   0 2026-09-16 18:00:40
 2  4      1361912       842404        19100     58291944    0    0 3305472    96 14943 21102   1   2  88   9   0 2026-09-16 18:00:41
 2  4      1361912       845004        19100     58291980    0    0 3322880   420 15049 21359   1   2  86  11   0 2026-09-16 18:00:42
 4  4      1361912       845332        19100     58291996    0    0 3162624     0 14946 20997   1   2  85  11   0 2026-09-16 18:00:43
 0  6      1361912       846256        19100     58292044    4    0 3251716     0 15019 21148   1   2  86  11   0 2026-09-16 18:00:44
 1  6      1361912       848552        19100     58292072    0    0 3135488     0 14929 21569   1   2  85  12   0 2026-09-16 18:00:45
 0  7      1361912       843904        19108     58292104    0    0 3131392    92 14584 21515   2   2  86  11   0 2026-09-16 18:00:46
 1  1      1361912       848328        19108     58292132    0    0 3085824   436 13935 21416   1   2  86  10   0 2026-09-16 18:00:47
 2  2      1361912       847388        19108     58292172    0    0 3341824     0 14328 21889   1   2  86  10   0 2026-09-16 18:00:48
 1  4      1361912       844204        19108     58292196    0    0 2975232     0 14065 21192   2   2  86  10   0 2026-09-16 18:00:49
 1  5      1361912       850600        19108     58292236    0    0 3034624     0 13703 21235   1   2  88   9   0 2026-09-16 18:00:50
 1  7      1361912       850448        19116     58292260    0    0 3082240    92 14269 20974   1   2  87  10   0 2026-09-16 18:00:51
 0  7      1361912       845276        19116     58292300    0    0 3243008     0 14564 21117   1   2  85  11   0 2026-09-16 18:00:52
 1  1      1361912       847876        19116     58292320    4    0 3249668   388 14756 21639   1   2  86  10   0 2026-09-16 18:00:53
procs -----------------------memory---------------------- ---swap-- -----io---- -system-- --------cpu-------- -----timestamp-----
 r  b         swpd         free         buff        cache   si   so    bi    bo   in   cs  us  sy  id  wa  st                 KST
 2  3      1361912       844460        19116     58292360    0    0 3266048     0 14927 21084   1   2  84  12   0 2026-09-16 18:00:54
 3  4      1361912       844808        19116     58292392    0    0 3175424     0 14809 20857   1   2  85  12   0 2026-09-16 18:00:55
 2  4      1361912       836616        19124     58292424    0    0 3306496    88 15029 21081   1   2  85  12   0 2026-09-16 18:00:56
 1  4      1361912       839464        19124     58292456    0    0 3197440     0 14108 21605   1   2  87  10   0 2026-09-16 18:00:57
 2  5      1361912       841264        19124     58292484    0    0 3029504   480 13872 21460   1   2  87  10   0 2026-09-16 18:00:58
 1  8      1361912       839364        19124     58292520    0    0 3009536     0 13436 21177   1   2  87  10   0 2026-09-16 18:00:59
 1  1      1361912       842972        19124     58292544    0    0 3245568     0 14019 21515   1   2  87  10   0 2026-09-16 18:01:00
 2  3      1361912       843068        19132     58292580    0    0 3195392   100 24855 21555   1   2  86  11   0 2026-09-16 18:01:01
 1  5      1361912       848172        19132     58292604    0    0 2990592     0 13852 21261   1   2  88   9   0 2026-09-16 18:01:02
 0  6      1361912       845992        19132     58292644    0    0 3318272   396 14556 21397   1   2  85  11   0 2026-09-16 18:01:03
 0  6      1361912       845604        19132     58292676    0    0 3266560     0 14822 21304   1   2  85  12   0 2026-09-16 18:01:04
 2  5      1361912       849928        19132     58292712    0    0 3227648     0 14731 21321   1   2  85  12   0 2026-09-16 18:01:05
 2  7      1361912       852200        19140     58292736    0    0 3232768    84 14724 21062   1   2  85  11   0 2026-09-16 18:01:06
 0  8      1361912       845432        19140     58292776    0    0 3275776     0 14809 21095   1   2  85  11   0 2026-09-16 18:01:07
 0  3      1361912       840996        19140     58292800    0    0 3146752   468 14589 21462   1   2  86  10   0 2026-09-16 18:01:08
 1  3      1361912       842084        19140     58292828    0    0 3235840     0 14262 21565   1   2  87  10   0 2026-09-16 18:01:09
 2  5      1361912       847172        19140     58292848    0    0 3026432     0 13808 21181   1   2  86  10   0 2026-09-16 18:01:10
 2  4      1361912       845492        19148     58292888    0    0 3305472    96 14368 21692   1   2  88   9   0 2026-09-16 18:01:11
 0  6      1361912       846384        19148     58292920    0    0 3295744     0 14176 21423   2   2  85  11   0 2026-09-16 18:01:12
 2  6      1361912       850728        19148     58292956    0    0 3341312   440 14527 21676   2   2  86  11   0 2026-09-16 18:01:13
 2  6      1361912       846268        19148     58292996    0    0 3078144     0 14491 20720   1   2  85  11   0 2026-09-16 18:01:14
procs -----------------------memory---------------------- ---swap-- -----io---- -system-- --------cpu-------- -----timestamp-----
 r  b         swpd         free         buff        cache   si   so    bi    bo   in   cs  us  sy  id  wa  st                 KST
 1  8      1361912       845640        19148     58293016    0    0 3283968     0 14665 20951   1   2  86  11   0 2026-09-16 18:01:15
 1  0      1361912       842776        19156     58293060    0    0 3218944    96 14880 21155   1   2  84  12   0 2026-09-16 18:01:16
 3  4      1361912       842384        19156     58293088    0    0 3242496     0 14851 20948   1   2  85  11   0 2026-09-16 18:01:17
 1  5      1361912       843940        19156     58293128    0    0 3110912   416 14498 20872   1   2  86  11   0 2026-09-16 18:01:18
 2  4      1361912       843996        19156     58293156    0    0 3370496     0 14750 21421   1   2  87   9   0 2026-09-16 18:01:19
 2  4      1361912       844120        19156     58293172    0    0 3183616     0 14523 21507   1   2  86  10   0 2026-09-16 18:01:20
 1  5      1361912       845748        19164     58293216    0    0 3009024    96 13946 21084   1   2  87  10   0 2026-09-16 18:01:21
 2  7      1361912       842564        19164     58293256    0    0 3024896     0 14157 21227   1   2  86  10   0 2026-09-16 18:01:22
 1  3      1361912       851500        19164     58293280    0    0 3239936   428 14544 21539   1   2  86  10   0 2026-09-16 18:01:23
 0  5      1361912       848060        19164     58293316    0    0 3024896     0 13939 21162   1   2  87  10   0 2026-09-16 18:01:24
 1  4      1361912       838788        19164     58293336    0    0 3317248     0 14741 21489   1   2  87  10   0 2026-09-16 18:01:25
 0  5      1361912       843408        19172     58293380    0    0 3321856    88 14904 21220   1   2  85  11   0 2026-09-16 18:01:26
 2  5      1361912       849272        19172     58293392    0    0 3312128     0 14880 21039   1   2  87   9   0 2026-09-16 18:01:27
 1  6      1361912       849680        19172     58293444    0    0 3250176   436 14813 21049   1   2  86  10   0 2026-09-16 18:01:28
 0  6      1361912       849020        19172     58293460    0    0 3330048     0 14812 21166   1   2  87  10   0 2026-09-16 18:01:29
 1  6      1361912       848072        19172     58293496    0    0 3153920     0 14501 20958   1   2  86  10   0 2026-09-16 18:01:30
 0  1      1361912       845856        19180     58293524    0    0 3146240    88 14262 21191   1   2  89   8   0 2026-09-16 18:01:31
 1  3      1361912       843392        19180     58293568    0    0 3314176     0 14686 21727   1   2  87  10   0 2026-09-16 18:01:32
 3  4      1361912       851076        19180     58293600    0    0 3127296   444 16237 21236   1   2  87  10   0 2026-09-16 18:01:33
 1  5      1361912       860368        19180     58293636    0    0 2974208     0 21227 21186   2   2  86  10   0 2026-09-16 18:01:34
 1  5      1361912       861156        19180     58293664    0    0 3332608     0 14681 21625   1   2  87  10   0 2026-09-16 18:01:35
procs -----------------------memory---------------------- ---swap-- -----io---- -system-- --------cpu-------- -----timestamp-----
 r  b         swpd         free         buff        cache   si   so    bi    bo   in   cs  us  sy  id  wa  st                 KST
 1  6      1361912       861972        19188     58293700    0    0 2934784    96 13672 20576   1   2  89   8   0 2026-09-16 18:01:36
 1  3      1361912       857508        19188     58293728    0    0 2949120     0 14297 20564   1   2  86  10   0 2026-09-16 18:01:37
 1  5      1361912       854600        19188     58293760    0    0 2480128     0 13663 19547   2   2  89   8   0 2026-09-16 18:01:38
 3  0      1361912       856448        19188     58293788    0    0 2887680   420 14330 20778   1   2  88   9   0 2026-09-16 18:01:39
 1  4      1361912       849464        19188     58293832    0    0 2649600     0 13972 19876   2   2  86  10   0 2026-09-16 18:01:40
 1  8      1361912       846532        19196     58293860    0    0 2602496    96 13871 19921   2   2  88   8   0 2026-09-16 18:01:41
 2  4      1361912       851892        19196     58293900    0    0 2951168     0 14620 20807   2   2  87   9   0 2026-09-16 18:01:42
 1  5      1361912       852540        19196     58293920    0    0 2844672     0 14073 20962   2   2  89   8   0 2026-09-16 18:01:43
 1  0      1361912       850340        19196     58293960    0    0 2665472   420 13607 20608   2   2  88   8   0 2026-09-16 18:01:44
 2  5      1361912       844884        19196     58293988    0    0 2829824     0 13971 20939   2   2  88   8   0 2026-09-16 18:01:45
 1  8      1361912       848036        19204     58294020    0    0 2444800   112 13425 20119   2   2  89   7   0 2026-09-16 18:01:46
 1  5      1361912       847084        19204     58294124    0    0 2906156     0 14292 20869   2   2  87  10   0 2026-09-16 18:01:47
 2  7      1361912       843180        19204     58294156    0    0 2294784     0 13098 19828   2   2  89   7   0 2026-09-16 18:01:48
 2  4      1361912       841800        19204     58294184    0    0 3010560   460 13887 21157   2   2  88   8   0 2026-09-16 18:01:49
 1  5      1361912       847732        19204     58294212    0    0 2938368     0 14213 20464   1   2  87   9   0 2026-09-16 18:01:50
 2  8      1361912       847584        19212     58294252    0    0 2586112    92 13347 19800   2   2  89   7   0 2026-09-16 18:01:51
 1  4      1361912       843888        19212     58294268    0    0 3008512     0 14722 20636   2   2  86  10   0 2026-09-16 18:01:52
 1  5      1361912       843452        19212     58294292    0    0 2558976     0 13639 19644   2   2  88   9   0 2026-09-16 18:01:53
 2  0      1361912       844560        19212     58294340    0    0 2848768   432 14396 20591   1   2  87   9   0 2026-09-16 18:01:54
 2  6      1361912       844388        19212     58294368    0    0 2576384     0 14080 19779   2   2  87   9   0 2026-09-16 18:01:55
 1  7      1361912       841916        19220     58294376    0    0 2737152    84 13714 20671   2   2  90   7   0 2026-09-16 18:01:56
procs -----------------------memory---------------------- ---swap-- -----io---- -system-- --------cpu-------- -----timestamp-----
 r  b         swpd         free         buff        cache   si   so    bi    bo   in   cs  us  sy  id  wa  st                 KST
 2  4      1361912       844804        19220     58294436    0    0 2889728     0 13945 20988   2   2  87   9   0 2026-09-16 18:01:57
 1  6      1361912       857452        19220     58294448    0    0 2590720     0 13783 20526   2   2  87   9   0 2026-09-16 18:01:58
 1  2      1361912       849748        19220     58294500    0    0 2808832   404 13777 20820   2   2  88   8   0 2026-09-16 18:01:59
 1  5      1361912       847704        19220     58294536    0    0 2509824     0 13281 20243   2   2  88   8   0 2026-09-16 18:02:00
 2  0      1361912       842488        19228     58294688    0    0 2743296    76 13323 20553   2   2  90   6   0 2026-09-16 18:02:01
 1  4      1361912       845056        19228     58294728    0    0 2769408     0 13491 20792   2   2  90   7   0 2026-09-16 18:02:02
 2  0      1361912       840332        19228     58294760    0    0 2373120     0 13212 19922   2   2  88   8   0 2026-09-16 18:02:03
 1  6      1361912       836940        19228     58294796    0    0 2476032   448 13557 19587   2   2  86  10   0 2026-09-16 18:02:04
 1  0      1361912       835800        19228     58294924   12    0 2594420     0 13979 20506   2   2  87   9   0 2026-09-16 18:02:05
 2  0      1361912       833724        19236     58294940    0    0 1786368   124 21157 18663   2   2  90   6   0 2026-09-16 18:02:06
 1  6      1361912       832024        19236     58294992    0    0 2523136     0 13883 19654   2   2  87   9   0 2026-09-16 18:02:07
 0  4      1361912       836136        19236     58295032    0    0 2510848     0 13318 19834   2   2  91   5   0 2026-09-16 18:02:08
 3  0      1361912       834800        19236     58295060    0    0 1822720   512 13033 18582   2   2  90   6   0 2026-09-16 18:02:09
 0  4      1361912       839628        19236     58295084    0    0 3232768     0 14383 21361   2   2  87  10   0 2026-09-16 18:02:10
 2  0      1361912       837432        19244     58295112    0    0 1909760    92 12350 19052   2   2  91   5   0 2026-09-16 18:02:11
 2  5      1361912       835948        19244     58295156    0    0 2359296     0 13193 19836   2   2  89   7   0 2026-09-16 18:02:12
 0  4      1361912       841044        19244     58295172    0    0 2466816     0 13192 19901   2   2  90   6   0 2026-09-16 18:02:13
 2  0      1361912       843648        19244     58295212    0    0 2030592   460 12698 19254   2   2  91   5   0 2026-09-16 18:02:14
 1  5      1361912       834220        19244     58295236    0    0 2205696     0 13151 19448   2   2  89   6   0 2026-09-16 18:02:15
 0  4      1361912       831020        19252     58295264    0    0 2639872    84 13267 20212   2   2  90   6   0 2026-09-16 18:02:16
 2  0      1361912       832900        19252     58295312    0    0 2011136     0 12262 19094   2   2  91   5   0 2026-09-16 18:02:17
procs -----------------------memory---------------------- ---swap-- -----io---- -system-- --------cpu-------- -----timestamp-----
 r  b         swpd         free         buff        cache   si   so    bi    bo   in   cs  us  sy  id  wa  st                 KST
 2  4      1361912       839344        19252     58295320    0    0 2829312     0 13925 20377   2   2  88   8   0 2026-09-16 18:02:18
 3  0      1361912       840960        19252     58295364    0    0 2313216     0 13227 19403   2   2  90   6   0 2026-09-16 18:02:19
 2  6      1361912       832604        19252     58295400    0    0 2016256   384 13173 18527   2   2  89   7   0 2026-09-16 18:02:20
 2  4      1361912       839264        19260     58295412    0    0 2594816    76 13678 19844   2   2  89   8   0 2026-09-16 18:02:21
 2  0      1361912       831756        19260     58295452    0    0 2245632     0 13174 19328   2   2  90   6   0 2026-09-16 18:02:22
 0  7      1361912       830836        19260     58295496    0    0 2065408     0 13167 18658   2   2  88   8   0 2026-09-16 18:02:23
 1  5      1361912       835700        19260     58295520    0    0 2597888     0 13860 19898   2   2  88   8   0 2026-09-16 18:02:24
 2  7      1361912       837536        19260     58295556    0    0 2443264   404 13930 20142   2   2  88   8   0 2026-09-16 18:02:25
 2  4      1361912       836632        19268     58295584    0    0 2409984    88 13048 19940   2   2  88   8   0 2026-09-16 18:02:26
 2  3      1361912       831956        19268     58295624    0    0 2370048     0 12569 19670   2   2  90   6   0 2026-09-16 18:02:27
 2  0      1361912       832788        19268     58295660    0    0 1826816     0 12447 18723   2   2  91   5   0 2026-09-16 18:02:28
 1  5      1361912       845004        19268     58295696    0    0 2497536     0 13022 19988   2   2  89   7   0 2026-09-16 18:02:29
 1  3      1361912       839260        19268     58295712    0    0 2522112   468 13732 20201   2   2  89   7   0 2026-09-16 18:02:30
 1  0      1361912       832492        19276     58295760    0    0 1837056   116 12128 18602   2   2  91   6   0 2026-09-16 18:02:31
 0  6      1361912       830808        19276     58295800    0    0 2322432     0 12729 19623   2   2  89   7   0 2026-09-16 18:02:32
 4  3      1361912       835692        19276     58295836    0    0 2639872     0 13765 20197   2   2  88   7   0 2026-09-16 18:02:33
 3  0      1361912       835580        19276     58295864    0    0 1894400     0 12597 18532   2   2  90   6   0 2026-09-16 18:02:34
 2  8      1361912       839164        19276     58295880    0    0 1890304   464 12786 18373   2   2  90   7   0 2026-09-16 18:02:35
 1  5      1361912       838536        19284     58295908    0    0 2008064    96 12710 18827   2   2  89   7   0 2026-09-16 18:02:36
 1  6      1361912       840392        19284     58295960    0    0 2017280     0 12921 18778   2   2  88   8   0 2026-09-16 18:02:37
 3  3      1361912       838220        19284     58295988    0    0 2111488     0 13072 18952   2   2  88   8   0 2026-09-16 18:02:38
procs -----------------------memory---------------------- ---swap-- -----io---- -system-- --------cpu-------- -----timestamp-----
 r  b         swpd         free         buff        cache   si   so    bi    bo   in   cs  us  sy  id  wa  st                 KST
 1  4      1361912       844120        19284     58296008    0    0 1976320     0 30147 18615   2   2  88   7   0 2026-09-16 18:02:39
 1  1      1361912       842360        19284     58296052    0    0 1982976   468 12801 18848   2   2  89   7   0 2026-09-16 18:02:40
 2  0      1361912       834936        19292     58296064    0    0 1726976    96 12368 18211   2   2  90   6   0 2026-09-16 18:02:41
 2  5      1361912       831624        19292     58296120    0    0 2371584     0 12948 19673   2   2  89   7   0 2026-09-16 18:02:42
 1  5      1361912       833012        19292     58296124    0    0 2034176     0 12646 19264   2   2  91   5   0 2026-09-16 18:02:43
 1  4      1361912       833876        19292     58296180    0    0 2027008     0 12611 19241   2   2  92   4   0 2026-09-16 18:02:44
 1  2      1361912       832984        19292     58296204    8    0 2000904   444 12576 19587   2   2  89   7   0 2026-09-16 18:02:45
 3  0      1361912       835072        19300     58296232    0    0 1851392    84 12540 19136   2   2  90   6   0 2026-09-16 18:02:46
 2  0      1361912       832636        19300     58296272    0    0 1714176     0 12138 18531   2   2  91   5   0 2026-09-16 18:02:47
 1  0      1361912       835980        19300     58296308    0    0 1714176     0 11947 18480   2   2  91   5   0 2026-09-16 18:02:48
 2  0      1361912       833776        19300     58296344    0    0 1714176     0 12146 18549   3   2  92   4   0 2026-09-16 18:02:49
 1  7      1361912       839164        19300     58296372    0    0 1814528   412 12721 18936   2   2  91   5   0 2026-09-16 18:02:50
 3  5      1361912       839544        19308     58296404    0    0 2002944    96 12715 19202   2   2  90   6   0 2026-09-16 18:02:51
 1  0      1361912       836364        19308     58296440    0    0 3039232     0 14269 20927   1   2  87   9   0 2026-09-16 18:02:52
 1  0      1361912       833476        19308     58296456    0    0 1714176     0 12400 18254   2   2  90   6   0 2026-09-16 18:02:53
 1  0      1361912       823308        19308     58296500    0    0 1714176     0 12385 18319   3   2  90   6   0 2026-09-16 18:02:54
 9  0      1361912       832268        19308     58296524    0    0 1714176   412 12359 18392   2   2  91   5   0 2026-09-16 18:02:55
 9  7      1361912       836496        19316     58296552    0    0 1879040    84 12761 18555   2   2  88   8   0 2026-09-16 18:02:56
 8  6      1361912       844668        19316     58296592    0    0 1984512     0 13126 18803   2   2  88   8   0 2026-09-16 18:02:57
10  5      1361912       839448        19316     58296636    0    0 2032640     0 13133 19015   2   2  88   8   0 2026-09-16 18:02:58
 9  5      1361912       840104        19316     58296660    0    0 1972736     0 12920 18864   2   2  89   7   0 2026-09-16 18:02:59
procs -----------------------memory---------------------- ---swap-- -----io---- -system-- --------cpu-------- -----timestamp-----
 r  b         swpd         free         buff        cache   si   so    bi    bo   in   cs  us  sy  id  wa  st                 KST
 3  4      1361912       836448        19316     58296692    0    0 1982976   456 12782 18831   2   2  90   6   0 2026-09-16 18:03:00
 2  0      1361912       839328        19324     58296712    0    0 2147328    92 12607 19508   2   2  90   6   0 2026-09-16 18:03:01
 2  7      1361912       834716        19324     58296764    0    0 1733632     0 12226 18809   3   2  90   6   0 2026-09-16 18:03:02
 3  6      1361912       838108        19324     58296772    0    0 2011136     0 12379 19294   2   2  90   6   0 2026-09-16 18:03:03
 1  6      1361912       836764        19324     58296824    0    0 2054144     0 12610 19267   2   2  90   6   0 2026-09-16 18:03:04
 2  5      1361912       844128        19324     58296852    8    0 2045448     0 12720 19602   2   2  89   6   0 2026-09-16 18:03:05
 1  5      1361912       835216        19332     58296884    0    0 2023936   560 12704 19509   2   2  90   6   0 2026-09-16 18:03:06
 2  3      1361912       832256        19332     58296896    0    0 1980416     0 12397 19233   2   2  90   6   0 2026-09-16 18:03:07
 2  0      1361912       827080        19332     58296952    0    0 1864704     0 12290 18898   2   2  91   5   0 2026-09-16 18:03:08
 3  0      1361912       823652        19332     58296960    0    0 1714176     0 11920 18425   3   2  90   6   0 2026-09-16 18:03:09
 2  5      1361912       827044        19332     58297012    4    0 2292740     0 13099 19581   2   2  88   8   0 2026-09-16 18:03:10
 2  4      1361912       832928        19340     58297032    0    0 2708480   568 14236 20448   2   2  89   8   0 2026-09-16 18:03:11
 0  8      1361912       833564        19340     58297076    0    0 2000896     0 15112 18642   2   2  88   8   0 2026-09-16 18:03:12
 2  4      1361912       836696        19340     58297116    0    0 2742272     0 14112 20134   2   2  86  10   0 2026-09-16 18:03:13
 2  0      1361912       839024        19340     58297144    0    0 2254848     0 13264 19330   2   2  89   7   0 2026-09-16 18:03:14
 0  6      1361912       841108        19340     58297172    0    0 2569216     0 13866 19610   2   2  86  10   0 2026-09-16 18:03:15
 2  0      1361912       838212        19348     58297208    0    0 2573312   548 13996 20041   2   2  88   8   0 2026-09-16 18:03:16
 1  4      1361912       837744        19348     58297236    0    0 2946048     0 14455 20944   2   2  86  10   0 2026-09-16 18:03:17
 3  0      1361912       831860        19348     58297252    0    0 2196480     0 13082 19640   2   2  89   7   0 2026-09-16 18:03:18
 1  4      1361912       833472        19348     58297300    0    0 2518528     0 13413 20081   2   2  88   9   0 2026-09-16 18:03:19
 1  1      1361912       838332        19348     58297336   24    0 2619416     0 13632 20373   2   2  89   7   0 2026-09-16 18:03:20
procs -----------------------memory---------------------- ---swap-- -----io---- -system-- --------cpu-------- -----timestamp-----
 r  b         swpd         free         buff        cache   si   so    bi    bo   in   cs  us  sy  id  wa  st                 KST
 2  6      1361912       836188        19356     58297356    0    0 2219520   560 13176 19501   2   2  89   7   0 2026-09-16 18:03:21
 2  3      1361912       842784        19356     58297396    0    0 2689024     0 13575 20465   2   2  88   8   0 2026-09-16 18:03:22
 1  8      1361912       839304        19356     58297424    4    0 2012164     0 12387 18978   2   2  91   5   0 2026-09-16 18:03:23
 1  5      1361912       836884        19356     58297452    0    0 2809856     0 13756 20430   2   2  88   9   0 2026-09-16 18:03:24
 1  6      1361912       840712        19356     58297484    0    0 2586624     0 14067 19916   2   2  87   9   0 2026-09-16 18:03:25
 0  5      1361912       836568        19364     58297520    0    0 2717696   592 13962 20166   2   2  87   9   0 2026-09-16 18:03:26
 1  8      1361912       832808        19364     58297544    0    0 2185216     0 13047 19172   2   2  90   6   0 2026-09-16 18:03:27
 0  5      1361912       835276        19364     58297592    0    0 2772992     0 14099 20131   2   2  88   8   0 2026-09-16 18:03:28
 3  0      1361912       836392        19364     58297608    0    0 2295808     0 12963 19276   2   2  90   6   0 2026-09-16 18:03:29
 1  5      1361912       840060        19364     58297660    0    0 2625024     0 13792 19753   2   2  87   9   0 2026-09-16 18:03:30
 1  7      1361912       832824        19372     58297684    0    0 2659840   604 13745 20122   2   2  88   8   0 2026-09-16 18:03:31
 1  5      1361912       826884        19372     58297716    0    0 2633216     0 13442 20316   2   2  87   9   0 2026-09-16 18:03:32
 1  0      1361912       829240        19372     58297756    0    0 2366976     0 13118 19957   2   2  89   7   0 2026-09-16 18:03:33
 0  6      1361912       837632        19372     58297796    0    0 2343936     0 12996 19655   2   2  87   9   0 2026-09-16 18:03:34
 1  3      1361912       839472        19372     58297816    0    0 2655232     0 13136 20291   2   2  87   9   0 2026-09-16 18:03:35
 0  8      1361656       835816        19380     58297848   16    0 2026512   556 12377 19126   2   2  89   7   0 2026-09-16 18:03:36
 1  5      1361656       836508        19380     58297884    0    0 2699264     0 13634 20550   2   2  87   9   0 2026-09-16 18:03:37
 2  0      1361656       840884        19380     58297916    8    0 2274312     0 13038 19884   2   2  89   7   0 2026-09-16 18:03:38
 2  4      1361656       847260        19380     58297944    0    0 3146752     0 14275 20856   1   2  86  11   0 2026-09-16 18:03:39
 1  5      1361656       841024        19380     58297972    0    0 3117056     0 14555 20597   1   2  85  12   0 2026-09-16 18:03:40
 0  6      1361656       840608        19388     58297996    0    0 3072000   656 14787 20648   1   2  85  12   0 2026-09-16 18:03:41
procs -----------------------memory---------------------- ---swap-- -----io---- -system-- --------cpu-------- -----timestamp-----
 r  b         swpd         free         buff        cache   si   so    bi    bo   in   cs  us  sy  id  wa  st                 KST
 1  5      1361656       836224        19388     58298044    0    0 3209216     0 15002 21084   1   2  86  11   0 2026-09-16 18:03:42
 1  7      1361656       840376        19388     58298080    0    0 3160064     0 14752 20995   1   2  86  10   0 2026-09-16 18:03:43
 3  7      1361656       831876        19388     58298100    0    0 3362816     0 15195 21509   1   2  86  10   0 2026-09-16 18:03:44
 2  8      1361656       834900        19388     58298136    0    0 3343360     0 26214 22324   1   2  86  11   0 2026-09-16 18:03:45
 0  1      1361656       831456        19396     58298176    0    0 3243520    56 14128 21773   1   2  85  11   0 2026-09-16 18:03:46
 1  3      1361656       837096        19396     58298204    0    0 3173888   432 14374 21560   1   2  85  11   0 2026-09-16 18:03:47
 2  4      1361656       838248        19396     58298244    0    0 3028480     0 14002 21430   1   2  85  11   0 2026-09-16 18:03:48
 2  5      1361656       833092        19396     58298268    0    0 3023360     0 14016 21244   1   2  86  10   0 2026-09-16 18:03:49
 3  5      1361656       841252        19396     58298300    0    0 3268608     0 14237 21363   2   2  85  11   0 2026-09-16 18:03:50
 2  6      1361656       847912        19404     58298320    0    0 3187712    84 14586 21056   1   2  85  12   0 2026-09-16 18:03:51
 0  8      1361656       851280        19404     58298360    0    0 3304448   452 14604 21365   1   2  86  11   0 2026-09-16 18:03:52
 1  3      1361656       847616        19404     58298392    0    0 3187712     0 14864 21080   1   2  85  11   0 2026-09-16 18:03:53
 2  4      1361656       844280        19404     58298432    0    0 3239936     0 14775 21136   1   2  86  11   0 2026-09-16 18:03:54
 1  5      1361656       844844        19404     58298456    0    0 3148288     0 14647 20745   1   2  84  13   0 2026-09-16 18:03:55
 2  6      1361656       847080        19412     58298484   12    0 3106316    92 14037 21295   1   2  87   9   0 2026-09-16 18:03:56
 1  5      1361656       843616        19412     58298524    0    0 3147776   440 14149 21525   1   2  87  10   0 2026-09-16 18:03:57
 0  6      1361656       845056        19412     58298560    0    0 3340288     0 14959 22094   2   2  85  11   0 2026-09-16 18:03:58
 2  8      1361656       839880        19412     58298588    0    0 3138560     0 14326 21647   2   2  86  10   0 2026-09-16 18:03:59
 2  7      1361656       841744        19412     58298624    0    0 3349504     0 14688 21906   1   2  86  11   0 2026-09-16 18:04:00
 0  3      1361656       842848        19420     58298664    0    0 3257344    92 14180 21607   1   2  87   9   0 2026-09-16 18:04:01
 1  4      1361656       844152        19420     58298696    0    0 3056640   424 14419 20849   1   2  86  11   0 2026-09-16 18:04:02
procs -----------------------memory---------------------- ---swap-- -----io---- -system-- --------cpu-------- -----timestamp-----
 r  b         swpd         free         buff        cache   si   so    bi    bo   in   cs  us  sy  id  wa  st                 KST
 2  5      1361656       840196        19420     58298724    0    0 3150336     0 14563 20934   1   2  86  11   0 2026-09-16 18:04:03
 2  5      1361656       843012        19420     58298756    0    0 3151360     0 14352 20765   1   2  86  11   0 2026-09-16 18:04:04
 2  6      1361656       837568        19420     58298788    0    0 3224576     0 14717 21330   1   2  86  11   0 2026-09-16 18:04:05
 1  7      1361656       841652        19428     58298816    0    0 3229696   124 14621 21023   1   2  87  10   0 2026-09-16 18:04:06
 2  0      1361656       831876        19428     58298836    0    0 3195904   504 14501 21544   1   2  87  10   0 2026-09-16 18:04:07
 1  4      1361656       834556        19428     58298876    0    0 3252224     0 14329 21745   1   2  86  10   0 2026-09-16 18:04:08
 2  4      1361656       835644        19428     58298908    0    0 3014144     0 13972 21154   1   2  87  10   0 2026-09-16 18:04:09
 2  5      1361656       827508        19428     58298932    0    0 3182592     0 14228 21707   1   2  86  10   0 2026-09-16 18:04:10
 1  5      1361656       831456        19436     58298968    0    0 3002880    80 13684 21275   1   2  86  10   0 2026-09-16 18:04:11
 1  5      1361656       828280        19436     58298996    0    0 3297280   388 14548 21889   1   2  86  10   0 2026-09-16 18:04:12
 1  7      1361656       835428        19436     58299036    0    0 3352576     0 14772 21250   1   2  86  10   0 2026-09-16 18:04:13
 0  8      1361656       833464        19436     58299060    0    0 3346432     0 14878 21146   1   2  84  12   0 2026-09-16 18:04:14
 1  0      1361656       833024        19436     58299096    0    0 3264512     0 14937 21563   1   2  86  11   0 2026-09-16 18:04:15
 0  3      1361656       831644        19444     58299120    0    0 3333120    76 14905 21317   1   2  85  11   0 2026-09-16 18:04:16
 2  4      1361656       834588        19444     58299164    0    0 3240960   444 25554 21099   1   2  86  11   0 2026-09-16 18:04:17
 1  5      1361656       842772        19444     58299180    0    0 3217408     0 14665 21557   2   2  86  10   0 2026-09-16 18:04:18
 1  5      1361656       837904        19444     58299224    0    0 2989056     0 13930 21027   1   2  88   9   0 2026-09-16 18:04:19
 0  6      1361656       837004        19444     58299256    0    0 3179520     0 14238 21504   1   2  88   9   0 2026-09-16 18:04:20
 0  8      1361656       838624        19452     58299276    0    0 3027968    84 14008 21156   1   2  88   9   0 2026-09-16 18:04:21
 2  2      1361656       830628        19452     58299312    0    0 3164160   416 14228 21493   2   2  88   9   0 2026-09-16 18:04:22
 1  4      1361656       827644        19452     58299360    0    0 3253248     0 14036 21502   1   2  87   9   0 2026-09-16 18:04:23
procs -----------------------memory---------------------- ---swap-- -----io---- -system-- --------cpu-------- -----timestamp-----
 r  b         swpd         free         buff        cache   si   so    bi    bo   in   cs  us  sy  id  wa  st                 KST
 1  5      1361656       824072        19452     58299372    0    0 2939392     0 13878 20701   1   2  86  11   0 2026-09-16 18:04:24
 1  6      1361656       827496        19452     58299412    0    0 3140096     0 14838 21176   1   2  85  11   0 2026-09-16 18:04:25
 0  7      1361656       827116        19460     58299444    0    0 3119104    88 14775 20855   1   2  85  12   0 2026-09-16 18:04:26
 0  9      1361656       833268        19460     58299484    0    0 3275776   172 14749 21106   1   2  87  10   0 2026-09-16 18:04:27
 2  1      1361656       836420        19460     58299508    0    0 3253760   276 14703 21480   1   2  87   9   0 2026-09-16 18:04:28
 1  4      1361656       836532        19460     58299548    0    0 3260928     0 14612 20994   1   2  87   9   0 2026-09-16 18:04:29
 3  3      1361656       836128        19460     58299568    0    0 3359744     0 14535 21843   1   2  88   9   0 2026-09-16 18:04:30
 1  5      1361656       833172        19476     58299608    0    0 3156992   284 14119 21228   1   2  87   9   0 2026-09-16 18:04:31
 0  6      1361656       827604        19476     58299644    0    0 3004416     0 13697 20980   1   2  87  10   0 2026-09-16 18:04:32
 1  6      1361656       831452        19484     58299668    0    0 3342336   352 14411 21764   1   2  88   9   0 2026-09-16 18:04:33
 1  6      1361656       828060        19484     58299688    0    0 3022848     0 13954 21248   1   2  87   9   0 2026-09-16 18:04:34
 2  8      1361656       830136        19484     58299732    0    0 3215360     0 14126 21321   1   2  87   9   0 2026-09-16 18:04:35
 2  4      1361656       828452        19484     58299764    0    0 3252224     0 14791 20952   1   2  86  10   0 2026-09-16 18:04:36
 3  4      1361656       827288        19484     58299804    0    0 3183616     0 14364 20727   1   2  86  10   0 2026-09-16 18:04:37
 0  5      1361656       830696        19492     58299840    0    0 3207168   524 14871 20973   1   2  85  11   0 2026-09-16 18:04:38
 0  5      1361656       828476        19492     58299868    0    0 3341824     0 15067 21171   1   2  85  12   0 2026-09-16 18:04:39
 3  5      1361656       823568        19492     58299904    0    0 3227136     0 14611 20954   1   2  85  12   0 2026-09-16 18:04:40
 0  6      1361656       831464        19492     58299928    0    0 3111936     0 14076 21284   1   2  88   9   0 2026-09-16 18:04:41
 2  8      1361656       836812        19492     58299960    0    0 3013632     0 13504 21009   1   2  86  11   0 2026-09-16 18:04:42
 3  1      1361656       836396        19500     58299988    0    0 3232256   528 13679 21541   1   2  86  10   0 2026-09-16 18:04:43
 2  3      1361656       834176        19500     58300032    0    0 3297792     0 14172 21450   1   2  86  11   0 2026-09-16 18:04:44
procs -----------------------memory---------------------- ---swap-- -----io---- -system-- --------cpu-------- -----timestamp-----
 r  b         swpd         free         buff        cache   si   so    bi    bo   in   cs  us  sy  id  wa  st                 KST
 2  4      1361656       835872        19500     58300060    0    0 3196928     0 14187 21610   1   2  87   9   0 2026-09-16 18:04:45
 1  5      1361656       838260        19500     58300096    0    0 3343360     0 14454 21768   1   2  87   9   0 2026-09-16 18:04:46
 0  5      1361656       839116        19500     58300120    0    0 3170816     0 14631 20772   1   2  87  10   0 2026-09-16 18:04:47
 1  6      1361656       835688        19508     58300160    0    0 3166720   492 14464 21007   1   2  85  12   0 2026-09-16 18:04:48
 1  6      1361656       835028        19508     58300188    0    0 3128320     0 14755 20853   1   2  86  10   0 2026-09-16 18:04:49
 0  8      1361656       833108        19508     58300224    0    0 3218432     0 27020 21117   1   3  84  12   0 2026-09-16 18:04:50
 2  0      1361656       838516        19508     58300252    0    0 3230208     0 14543 21331   1   2  86  10   0 2026-09-16 18:04:51
 2  3      1361656       839468        19508     58300280    0    0 3325440     0 14361 21317   1   2  86  11   0 2026-09-16 18:04:52
 1  5      1361656       840088        19516     58300312    0    0 3152896   564 13817 21470   1   2  87   9   0 2026-09-16 18:04:53
 1  4      1361656       837232        19516     58300340    0    0 3015168     0 13609 21140   1   2  87   9   0 2026-09-16 18:04:54
 0  6      1361656       832772        19516     58300376    0    0 3325952     0 14645 21793   1   2  87  10   0 2026-09-16 18:04:55
 1  5      1361656       834664        19516     58300404    0    0 3177984     0 13812 21673   1   2  87   9   0 2026-09-16 18:04:56
 1  6      1361656       830792        19516     58300436    0    0 3288064     0 14210 21713   1   2  87  10   0 2026-09-16 18:04:57
 2  6      1361656       835120        19524     58300460    0    0 3268608   492 14727 21459   1   2  86  11   0 2026-09-16 18:04:58
 1  8      1361656       838756        19524     58300500    0    0 3264512     0 14585 21297   2   2  88   8   0 2026-09-16 18:04:59
 6  0      1361656       845148        19524     58300532    0    0 3310080     0 15009 21247   1   2  87  10   0 2026-09-16 18:05:00
 9  2      1361656       849212        19524     58300692    0    0 3323392     0 14732 21388   1   2  88   9   0 2026-09-16 18:05:01
 3  4      1361656       839720        19524     58300716    0    0 3281920     0 14919 21152   1   2  85  12   0 2026-09-16 18:05:02
 2  4      1361656       838308        19532     58300756    0    0 3125760   644 14428 21257   1   2  85  11   0 2026-09-16 18:05:03
 0  5      1361656       837900        19532     58300784    0    0 3127296     0 14108 21396   1   2  87  10   0 2026-09-16 18:05:04
 1  5      1361656       834972        19532     58300816    0    0 3337728     0 14274 22256   1   2  88   9   0 2026-09-16 18:05:05
procs -----------------------memory---------------------- ---swap-- -----io---- -system-- --------cpu-------- -----timestamp-----
 r  b         swpd         free         buff        cache   si   so    bi    bo   in   cs  us  sy  id  wa  st                 KST
 2  7      1361656       834828        19532     58300844    0    0 3020800     0 13996 21219   1   2  87  10   0 2026-09-16 18:05:06
 0  7      1361656       832412        19532     58300880    0    0 3134464     0 13686 21371   1   2  89   8   0 2026-09-16 18:05:07
 0  3      1361656       832192        19540     58300892    0    0 3254272   492 14133 21738   1   2  87  10   0 2026-09-16 18:05:08
 1  5      1361656       828792        19540     58300936    0    0 2961408     0 13835 20923   1   2  87   9   0 2026-09-16 18:05:09
 1  4      1361656       840972        19540     58300976    0    0 3235328     0 14600 21210   1   2  86  10   0 2026-09-16 18:05:10
 1  6      1361656       838612        19540     58301008    0    0 3089920     0 14365 20906   1   2  86  10   0 2026-09-16 18:05:11
 2  6      1361656       833928        19540     58301036    0    0 3266560     0 14696 21131   1   2  87  10   0 2026-09-16 18:05:12
 1  6      1361656       833752        19548     58301068    0    0 3212288    84 14399 20935   1   2  87   9   0 2026-09-16 18:05:13
 1  7      1361656       834052        19548     58301100    0    0 3342336   464 14912 21690   1   2  87  10   0 2026-09-16 18:05:14
 2  1      1361656       836388        19548     58301128    0    0 3255808     0 14131 21736   1   2  88   9   0 2026-09-16 18:05:15
 1  3      1361656       836280        19548     58301168    0    0 3211776     0 14112 21662   1   2  87  10   0 2026-09-16 18:05:16
 1  4      1361656       838676        19548     58301196    0    0 3153920     0 13890 21697   1   2  89   8   0 2026-09-16 18:05:17
 1  6      1361656       846892        19556     58301228    0    0 3025920    92 13983 21402   1   2  88   9   0 2026-09-16 18:05:18
 2  5      1361656       836660        19556     58301264    0    0 3015680   440 13903 21245   1   2  88   9   0 2026-09-16 18:05:19
 1  7      1361656       842556        19556     58301284    0    0 3192776     0 14134 21543   1   2  87   9   0 2026-09-16 18:05:20
 0  1      1361656       838460        19556     58301324    0    0 3313208     0 15164 21295   1   2  84  12   0 2026-09-16 18:05:21
 1  3      1361656       837804        19556     58301364    0    0 3256832     0 14716 21101   1   2  85  11   0 2026-09-16 18:05:22
 2  4      1361656       835428        19564     58301388    0    0 3270656    88 26147 21200   1   2  85  11   0 2026-09-16 18:05:23
 0  5      1361656       840312        19564     58301404    0    0 3292160   444 14844 21363   1   2  86  10   0 2026-09-16 18:05:24
 1  4      1361656       841472        19564     58301464   12    0 3228172     0 14597 21348   1   2  87  10   0 2026-09-16 18:05:25
 1  6      1361656       833828        19564     58301496    0    0 3120640     0 14368 21495   1   2  86  10   0 2026-09-16 18:05:26
procs -----------------------memory---------------------- ---swap-- -----io---- -system-- --------cpu-------- -----timestamp-----
 r  b         swpd         free         buff        cache   si   so    bi    bo   in   cs  us  sy  id  wa  st                 KST
 1  7      1361656       824328        19564     58301524    0    0 3008512     0 13897 21090   1   2  86  11   0 2026-09-16 18:05:27
 1  7      1361656       834024        19572     58301536    0    0 3187712   104 13970 21582   1   2  86  11   0 2026-09-16 18:05:28
 1  3      1361656       831844        19572     58301572    0    0 3257344   540 14234 21764   1   2  88   9   0 2026-09-16 18:05:29
 1  4      1361656       829708        19572     58301620    0    0 3288064     0 14347 21880   1   2  88   9   0 2026-09-16 18:05:30
 2  4      1361656       837140        19572     58301648    0    0 3197952     0 14351 21585   1   2  87  10   0 2026-09-16 18:05:31
 1  5      1361656       841828        19572     58301680    0    0 2918400     0 13955 20469   1   2  84  13   0 2026-09-16 18:05:32
 2  5      1361656       841652        19580     58301792    0    0 3143768   116 14462 20789   1   2  85  12   0 2026-09-16 18:05:33
 2  6      1361656       834176        19580     58301832    0    0 3254272   500 14764 21020   1   2  86  11   0 2026-09-16 18:05:34
 1  8      1361656       834320        19580     58301872    0    0 3231744     0 14627 21100   1   2  85  11   0 2026-09-16 18:05:35
 0  1      1361656       835924        19580     58301904    0    0 3298816     0 15147 21260   1   2  85  12   0 2026-09-16 18:05:36
 0  3      1361656       833528        19580     58301928    0    0 3344896     0 14814 21489   1   2  87   9   0 2026-09-16 18:05:37
 0  5      1361656       836636        19588     58301956    0    0 3060736    96 13867 21373   1   2  87  10   0 2026-09-16 18:05:38
 0  5      1361656       831472        19588     58301992    0    0 3016192   444 13802 21207   1   2  86  10   0 2026-09-16 18:05:39
 1  6      1361656       833312        19588     58302024    0    0 3183104     0 14127 21498   1   2  87   9   0 2026-09-16 18:05:40
 0  8      1361656       829580        19588     58302060    0    0 3023872     0 13915 21015   2   2  86  10   0 2026-09-16 18:05:41
 1  1      1361656       831184        19588     58302088    0    0 3210752     0 13708 21575   1   2  87  10   0 2026-09-16 18:05:42
 0  5      1361656       832548        19596     58302120    0    0 3195392    96 14409 21190   1   2  85  12   0 2026-09-16 18:05:43
 1  5      1361656       829648        19596     58302152   60    0 3142716   524 14610 20905   1   2  84  13   0 2026-09-16 18:05:44
 1  5      1361656       830260        19596     58302192    0    0 3325440     0 14802 21480   1   2  86  11   0 2026-09-16 18:05:45
 1  6      1361656       832368        19596     58302212    0    0 3270144     0 14729 21045   1   2  85  12   0 2026-09-16 18:05:46
 2  5      1361656       835472        19596     58302252    0    0 3207168     0 14373 20914   1   2  87  10   0 2026-09-16 18:05:47
procs -----------------------memory---------------------- ---swap-- -----io---- -system-- --------cpu-------- -----timestamp-----
 r  b         swpd         free         buff        cache   si   so    bi    bo   in   cs  us  sy  id  wa  st                 KST
 1  6      1361656       837372        19604     58302284    0    0 3185664    84 14518 21151   1   2  85  12   0 2026-09-16 18:05:48
 2  0      1361656       832924        19604     58302316    0    0 3001856   456 13924 21035   1   2  89   8   0 2026-09-16 18:05:49
 1  4      1361656       832488        19604     58302344    0    0 3226112     0 14152 21547   1   2  86  10   0 2026-09-16 18:05:50
 1  4      1361656       830288        19604     58302376    0    0 3026432     0 14026 21163   1   2  88   9   0 2026-09-16 18:05:51
 2  5      1354232       826888        19748     58310048 5748    0 2884332   100 15267 26312   2   2  85  11   0 2026-09-16 18:05:52
 1  7      1353464       821160        19748     58310216 1236    0 3173028     0 14207 21786   1   2  87  10   0 2026-09-16 18:05:53
 1  8      1353464       815168        19748     58310584    0    0 3234816   676 14226 21466   1   2  89   8   0 2026-09-16 18:05:54
 2  4      1353464       816032        19748     58310596    0    0 3155968     0 14821 20892   1   2  85  12   0 2026-09-16 18:05:55
 2  4      1353464       821104        19748     58310636    0    0 3084288     0 22144 20575   1   2  86  10   0 2026-09-16 18:05:56
 3  5      1353464       821208        19756     58310676    0    0 3216896   104 14834 20834   1   2  86  11   0 2026-09-16 18:05:57
 1  5      1353464       814488        19756     58310712    0    0 3209728     0 14665 20942   1   2  87  10   0 2026-09-16 18:05:58
 1  6      1353464       816732        19756     58310744    0    0 3166208     0 14555 20820   1   2  84  12   0 2026-09-16 18:05:59
 0  8      1353464       822848        19756     58310768    0    0 3211264   456 14488 21653   1   2  87  10   0 2026-09-16 18:06:00
 1  1      1353464       815588        19756     58310808    0    0 3105280     0 14164 21388   1   2  87   9   0 2026-09-16 18:06:01
 4  2      1353464       824244        19764     58310832    0    0 3329536   108 14683 21989   1   2  86  11   0 2026-09-16 18:06:02
 1  4      1353464       825632        19764     58310864    0    0 3030016     0 13607 21367   1   2  86  11   0 2026-09-16 18:06:03
 0  5      1353464       820640        19764     58310888    0    0 3337728     0 14391 21768   1   2  86  11   0 2026-09-16 18:06:04
 2  5      1353464       819484        19764     58310932   16    0 3141136   440 14326 21628   1   2  86  11   0 2026-09-16 18:06:05
 1  6      1353464       822836        19764     58310956    0    0 3104768     0 14257 20782   1   2  87  10   0 2026-09-16 18:06:06
 2  7      1353464       824248        19772     58310976    0    0 3322880    80 15015 21232   1   2  84  12   0 2026-09-16 18:06:07
 0  7      1353464       824384        19772     58311020    0    0 3300352     0 15048 21312   1   2  85  11   0 2026-09-16 18:06:08
procs -----------------------memory---------------------- ---swap-- -----io---- -system-- --------cpu-------- -----timestamp-----
 r  b         swpd         free         buff        cache   si   so    bi    bo   in   cs  us  sy  id  wa  st                 KST
 0  8      1353464       830504        19772     58311052    0    0 3371008     0 14961 21532   1   2  85  11   0 2026-09-16 18:06:09
 3  0      1353464       827100        19772     58311076    0    0 3264512   432 14646 21449   1   2  86  10   0 2026-09-16 18:06:10
 1  3      1353464       824428        19772     58311120    0    0 3254272     0 14747 21598   2   2  84  12   0 2026-09-16 18:06:11
 1  5      1353464       834044        19780     58311144    0    0 2969088    84 14247 21080   1   2  86  11   0 2026-09-16 18:06:12
 0  5      1353464       839160        19780     58311172    0    0 3184640     0 14540 21514   1   2  85  12   0 2026-09-16 18:06:13
 1  6      1353464       831652        19780     58311224    0    0 3021312     0 13960 21229   1   2  87   9   0 2026-09-16 18:06:14
 0  1      1353464       825904        19780     58311244    0    0 2991616   448 13863 21120   1   2  87   9   0 2026-09-16 18:06:15
 0  3      1353464       823196        19780     58311284    0    0 3317248     0 14527 21724   1   2  85  11   0 2026-09-16 18:06:16
 0  5      1353464       823028        19788     58311316    0    0 3011584   100 13900 21039   1   2  84  12   0 2026-09-16 18:06:17
 1  8      1353464       819604        19788     58311344    0    0 2416640     0 13624 19598   2   2  87   9   0 2026-09-16 18:06:18
 1  4      1353464       824420        19788     58311376    0    0 2827264     0 14039 20556   2   2  86  10   0 2026-09-16 18:06:19
 0  7      1353464       822724        19788     58311412    0    0 2489344   432 13631 19504   2   2  87   9   0 2026-09-16 18:06:20
 2  0      1353464       825068        19788     58311440    8    0 3013128     0 14673 21087   1   2  87   9   0 2026-09-16 18:06:21
 1  6      1353464       821600        19796     58311472    0    0 2446848    88 13609 19678   2   2  87   9   0 2026-09-16 18:06:22
 2  7      1353464       822992        19796     58311508    0    0 2992128     0 14577 20918   2   2  88   9   0 2026-09-16 18:06:23
 1  3      1353464       821792        19796     58311544    0    0 2887688     0 13841 20908   2   2  87   9   0 2026-09-16 18:06:24
 1  6      1353464       822672        19796     58311580    0    0 2405376   460 13473 20442   2   2  88   8   0 2026-09-16 18:06:25
 1  3      1353464       836352        19796     58311616    0    0 2890752     0 13933 21035   2   2  88   8   0 2026-09-16 18:06:26
 3  6      1353464       829332        19804     58311632    0    0 2412544   108 13325 19969   2   2  89   7   0 2026-09-16 18:06:27
 1  3      1353464       827176        19804     58311672    0    0 2789376     0 22903 20814   2   2  88   8   0 2026-09-16 18:06:28
 2  5      1353464       825020        19804     58311700    0    0 2536448     0 13789 20269   2   2  86  10   0 2026-09-16 18:06:29
procs -----------------------memory---------------------- ---swap-- -----io---- -system-- --------cpu-------- -----timestamp-----
 r  b         swpd         free         buff        cache   si   so    bi    bo   in   cs  us  sy  id  wa  st                 KST
 2  8      1353464       821568        19804     58311740    0    0 2863104   444 14031 20738   2   2  87   9   0 2026-09-16 18:06:30
 1  4      1353464       821896        19804     58311772    0    0 2918400     0 14708 20557   2   2  85  11   0 2026-09-16 18:06:31
 2  5      1353464       825836        19812     58311788    0    0 2530304    96 14084 19688   2   2  87   9   0 2026-09-16 18:06:32
 1  1      1353464       829712        19812     58311832    0    0 2964992     0 14297 20797   2   2  88   9   0 2026-09-16 18:06:33
 1  6      1353464       824236        19812     58311860    0    0 2601472     0 13859 19693   2   2  88   9   0 2026-09-16 18:06:34
 1  8      1353464       830136        19812     58311900    0    0 2619392   444 13733 20086   2   2  89   7   0 2026-09-16 18:06:35
 1  5      1353464       824420        19812     58311928    0    0 2910208     0 14259 20271   1   2  88   9   0 2026-09-16 18:06:36
 1  5      1353464       824716        19820     58311952    0    0 2746368    80 13630 20497   2   2  88   9   0 2026-09-16 18:06:37
 0  2      1353464       825608        19820     58311980    0    0 2746368     0 13454 20604   2   2  90   7   0 2026-09-16 18:06:38
 2  6      1353464       823248        19820     58312028    0    0 2420736     0 13307 19979   2   2  90   7   0 2026-09-16 18:06:39
 1  1      1353464       816760        19820     58312060    0    0 2739712     0 14010 20405   2   2  88   8   0 2026-09-16 18:06:40
 0  6      1353464       821604        19820     58312096    0    0 2547200   424 13769 20156   2   2  88   8   0 2026-09-16 18:06:41
 1  1      1353464       822224        19828     58312116    0    0 2665984   104 13493 20525   2   2  89   8   0 2026-09-16 18:06:42
 1  5      1353464       823536        19828     58312160    0    0 2515968     0 13483 20178   2   2  88   8   0 2026-09-16 18:06:43
 1  0      1353464       823856        19828     58312180    0    0 2632192     0 13523 19969   2   2  89   7   0 2026-09-16 18:06:44
 3  5      1353464       813844        19828     58312212    0    0 2253824     0 13266 19338   2   2  88   9   0 2026-09-16 18:06:45
 0  5      1353464       818936        19828     58312252    0    0 2568192   468 14048 20008   2   2  87   9   0 2026-09-16 18:06:46
 2  0      1353464       815444        19836     58312280    0    0 2034688   100 12506 18742   2   2  90   7   0 2026-09-16 18:06:47
 2  7      1353464       812724        19836     58312300    0    0 2064384     0 12889 18642   2   2  89   7   0 2026-09-16 18:06:48
 1  4      1353464       822412        19836     58312344    0    0 2615296     0 14215 20035   2   2  88   9   0 2026-09-16 18:06:49
 2  0      1353464       821060        19836     58312372    0    0 2177024     0 12961 19166   2   2  89   7   0 2026-09-16 18:06:50
procs -----------------------memory---------------------- ---swap-- -----io---- -system-- --------cpu-------- -----timestamp-----
 r  b         swpd         free         buff        cache   si   so    bi    bo   in   cs  us  sy  id  wa  st                 KST
 3  4      1353464       815436        19836     58312408    0    0 2899968   384 14105 20650   2   2  87  10   0 2026-09-16 18:06:51
 0  1      1353464       820060        19844     58312444    0    0 2237952    80 12639 19642   2   2  90   6   0 2026-09-16 18:06:52
 2  7      1353464       817920        19844     58312476    0    0 1803776     0 12330 18690   2   2  89   6   0 2026-09-16 18:06:53
 1  5      1353464       816516        19844     58312500   16    0 2615824     0 13705 20359   2   2  87   9   0 2026-09-16 18:06:54
 0  2      1353464       808824        19844     58312540    0    0 2343424     0 13282 19979   2   2  88   8   0 2026-09-16 18:06:55
 2  0      1353464       809616        19844     58312548    0    0 1812480   432 12123 18868   2   2  90   6   0 2026-09-16 18:06:56
 3  5      1353464       816296        19852     58312596    0    0 2358272    84 13317 19861   2   2  89   7   0 2026-09-16 18:06:57
 1  3      1353464       813596        19852     58312636    0    0 2596864     0 13632 20384   2   2  89   7   0 2026-09-16 18:06:58
 2  5      1353464       814940        19852     58312668    0    0 2397184     0 13027 19634   2   2  89   8   0 2026-09-16 18:06:59
 3  4      1353464       810004        19852     58312700    0    0 2617344     0 14019 19928   2   2  88   8   0 2026-09-16 18:07:00
 2  0      1353464       808348        19852     58312728    0    0 2029568   400 25069 18908   2   2  89   7   0 2026-09-16 18:07:01
 3  5      1353464       809504        19860     58312760    0    0 2230272    88 13335 19112   2   2  87   8   0 2026-09-16 18:07:02
 2  4      1353464       817380        19860     58312792    0    0 2609152     0 14019 19905   2   2  88   8   0 2026-09-16 18:07:03
 2  0      1353464       822796        19860     58312828    0    0 2017280     0 12951 18950   2   2  90   6   0 2026-09-16 18:07:04
 1  6      1353464       812604        19860     58312856    0    0 2119680     0 13253 19007   2   2  89   7   0 2026-09-16 18:07:05
 4  4      1353464       818312        19860     58312896    0    0 2593792   360 13960 20312   2   2  88   8   0 2026-09-16 18:07:06
 1  8      1353464       811796        19868     58312924    0    0 2325504    88 13025 19757   2   2  91   6   0 2026-09-16 18:07:07
 1  4      1353464       807792        19868     58312940    0    0 2447872     0 13306 20216   2   2  89   7   0 2026-09-16 18:07:08
 1  0      1353464       813228        19868     58312976    0    0 2454528     0 13455 20133   2   2  89   7   0 2026-09-16 18:07:09
 0  8      1353464       815100        19868     58313024   32    0 1780256     0 12298 19005   3   2  91   5   0 2026-09-16 18:07:10
 1  5      1353464       817164        19868     58313048    0    0 2467840   392 13514 20239   2   2  87   9   0 2026-09-16 18:07:11
procs -----------------------memory---------------------- ---swap-- -----io---- -system-- --------cpu-------- -----timestamp-----
 r  b         swpd         free         buff        cache   si   so    bi    bo   in   cs  us  sy  id  wa  st                 KST
 1  3      1353464       807192        19876     58313080    0    0 2563072    92 13279 20349   2   2  89   7   0 2026-09-16 18:07:12
 2  0      1353464       805748        19876     58313112    0    0 1817600     0 12047 18941   3   2  90   6   0 2026-09-16 18:07:13
 2  5      1353464       807340        19876     58313148    0    0 2424832     0 13500 20131   2   2  87   9   0 2026-09-16 18:07:14
 1  0      1353464       808736        19876     58313176    0    0 2717696     0 14115 20359   2   2  88   8   0 2026-09-16 18:07:15
 1  0      1353464       806576        19876     58313196    0    0 1714176   412 12506 18361   3   1  91   5   0 2026-09-16 18:07:16
 1  0      1353464       806660        19884     58313244    0    0 1714176    88 12594 18400   3   2  91   5   0 2026-09-16 18:07:17
 1  8      1353464       816068        19884     58313276    0    0 1824768     0 12675 18448   2   2  88   8   0 2026-09-16 18:07:18
 0  7      1353464       808560        19884     58313308    0    0 1909760     0 12791 18486   2   2  90   7   0 2026-09-16 18:07:19
 1  6      1353464       808376        19884     58313328    0    0 1992704     0 13019 18807   2   2  90   6   0 2026-09-16 18:07:20
 1  5      1353464       805972        19884     58313372    0    0 2009088   404 12977 19011   3   2  89   7   0 2026-09-16 18:07:21
 1  4      1353464       803304        19892     58313404    0    0 1936384    92 12822 19014   2   2  88   8   0 2026-09-16 18:07:22
 1  5      1353464       801212        19892     58313432    0    0 2010112     0 12571 18907   2   2  90   6   0 2026-09-16 18:07:23
 1  0      1353464       807680        19892     58313464    0    0 2030592     0 12460 19182   2   2  91   5   0 2026-09-16 18:07:24
 0  8      1353464       808836        19892     58313504   16    0 1898512     0 12420 19319   2   2  90   5   0 2026-09-16 18:07:25
 1  5      1353464       810004        19892     58313528    0    0 2000896     0 12570 19270   2   2  90   6   0 2026-09-16 18:07:26
 2  4      1353464       812880        19900     58313580    0    0 2053632   508 12749 19426   3   2  91   5   0 2026-09-16 18:07:27
 2  4      1353464       818972        19900     58313608    0    0 1989632     0 12750 19206   2   2  90   6   0 2026-09-16 18:07:28
 4  3      1353464       818312        19900     58313640    0    0 2027008     0 12831 19358   2   2  91   5   0 2026-09-16 18:07:29
 0  1      1353464       815680        19900     58313668    0    0 1965568     0 12761 19129   2   2  91   5   0 2026-09-16 18:07:30
 1  0      1353464       818320        19900     58313708    0    0 1778176     0 12689 18635   2   2  90   5   0 2026-09-16 18:07:31
 2  0      1353464       819148        19908     58313732    0    0 1714176   576 12538 18648   3   2  91   5   0 2026-09-16 18:07:32
procs -----------------------memory---------------------- ---swap-- -----io---- -system-- --------cpu-------- -----timestamp-----
 r  b         swpd         free         buff        cache   si   so    bi    bo   in   cs  us  sy  id  wa  st                 KST
 2  5      1353464       814952        19908     58313768    0    0 2340864     0 13539 19593   2   2  87   9   0 2026-09-16 18:07:33
 1  5      1353464       811124        19908     58313792    0    0 1957888     0 23427 18852   2   2  89   7   0 2026-09-16 18:07:34
 1  5      1353464       814072        19908     58313832    0    0 2021376     0 13132 18996   2   2  89   7   0 2026-09-16 18:07:35
 1  5      1353464       808428        19908     58313864    0    0 1965056     0 13185 18789   2   2  90   6   0 2026-09-16 18:07:36
 2  0      1353464       816536        19916     58313896    0    0 1980928   588 12797 18936   2   2  90   6   0 2026-09-16 18:07:37
 3  0      1353464       817900        19916     58313924    0    0 1733120     0 12421 18507   2   2  90   6   0 2026-09-16 18:07:38
 2  0      1353464       817720        19916     58313960    0    0 1714176     0 12448 18197   2   2  91   5   0 2026-09-16 18:07:39
 1  0      1353464       821100        19916     58313988    0    0 1714176     0 12486 18074   2   1  92   4   0 2026-09-16 18:07:40
 2  0      1353464       821984        19916     58314020    0    0 1714176     0 12757 18222   2   2  89   6   0 2026-09-16 18:07:41
 2  4      1353464       821068        19924     58314052    0    0 2845184   484 14302 20487   2   2  86  11   0 2026-09-16 18:07:42
 2  4      1353464       816420        19924     58314080    0    0 1959424     0 12820 19047   2   2  90   6   0 2026-09-16 18:07:43
 1  1      1353464       809012        19924     58314116    0    0 1999360     0 12859 19048   3   2  90   6   0 2026-09-16 18:07:44
 2  0      1353464       815916        19924     58314148    8    0 1766920     0 12454 19027   2   2  90   5   0 2026-09-16 18:07:45
 4  0      1353464       810732        19924     58314176    0    0 1714176     0 12278 18582   3   2  90   6   0 2026-09-16 18:07:46
 2  0      1353464       811908        19932     58314208    0    0 1714176   552 12505 18527   3   2  91   5   0 2026-09-16 18:07:47
 2  0      1353464       817296        19932     58314308    0    0 1714236     0 12662 18714   3   2  90   5   0 2026-09-16 18:07:48
 2  0      1353464       811836        19932     58314332    0    0 1714176     0 12577 18461   3   2  90   6   0 2026-09-16 18:07:49
 1  7      1353464       812148        19932     58314500    0    0 1905664     0 12568 18937   2   2  90   6   0 2026-09-16 18:07:50
 1  5      1353464       816024        19932     58314524    0    0 2006016     0 12645 19199   2   2  90   6   0 2026-09-16 18:07:51
 1  0      1353464       822868        19940     58314560    0    0 2945024   516 14259 20672   2   2  88   8   0 2026-09-16 18:07:52
 1  5      1353464       825436        19940     58314592    0    0 2738688     0 14127 19874   2   2  87   9   0 2026-09-16 18:07:53
procs -----------------------memory---------------------- ---swap-- -----io---- -system-- --------cpu-------- -----timestamp-----
 r  b         swpd         free         buff        cache   si   so    bi    bo   in   cs  us  sy  id  wa  st                 KST
 1  7      1353464       821956        19940     58314628    0    0 2555396     0 13535 19787   2   2  89   7   0 2026-09-16 18:07:54
 1  5      1353464       820036        19940     58314652    0    0 2946044     0 14432 20610   2   2  88   9   0 2026-09-16 18:07:55
 1  6      1353464       817808        19940     58314680    0    0 2447360     0 13703 19338   2   2  87   9   0 2026-09-16 18:07:56
 0  1      1353464       819496        19948     58314720    0    0 2954752   524 14561 20710   2   2  87   9   0 2026-09-16 18:07:57
 0  5      1353464       818284        19948     58314752    0    0 2862080     0 14263 20639   2   2  87  10   0 2026-09-16 18:07:58
 1  0      1353464       819380        19948     58314780    0    0 2351616     0 12479 19720   2   2  90   7   0 2026-09-16 18:07:59
 2  4      1353464       818220        19948     58314816    0    0 2908160     0 13875 20769   2   2  87   9   0 2026-09-16 18:08:00
 2  6      1353464       815028        19948     58314844    0    0 2512896     0 13384 20052   2   2  89   7   0 2026-09-16 18:08:01
 1  3      1353464       812412        19956     58314884    0    0 2859008   564 13975 20829   2   2  88   9   0 2026-09-16 18:08:02
 2  8      1353464       814996        19956     58314908    0    0 2221056     0 13024 19709   2   2  89   8   0 2026-09-16 18:08:03
 1  5      1353464       824180        19956     58314952    0    0 2835456     0 13932 20904   2   2  89   7   0 2026-09-16 18:08:04
 2  5      1353464       820684        19956     58314984    0    0 2808832     0 14158 20784   2   2  88   9   0 2026-09-16 18:08:05
 3  0      1353464       825552        19956     58315012    0    0 2710528     0 14018 20220   2   2  89   7   0 2026-09-16 18:08:06
 1  4      1353464       821192        19964     58315036    0    0 2829312    92 28067 20165   2   2  87   9   0 2026-09-16 18:08:07
 2  8      1353464       819680        19964     58315076    0    0 2495488   484 13674 19598   2   2  89   8   0 2026-09-16 18:08:08
 1  4      1353464       823560        19964     58315104    0    0 2966528     0 14234 20998   2   2  87  10   0 2026-09-16 18:08:09
 1  6      1353464       818424        19964     58315136    0    0 2476032     0 13446 19551   2   2  88   9   0 2026-09-16 18:08:10
 1  4      1353464       812980        19964     58315172    0    0 2836480     0 14279 20599   2   2  87   9   0 2026-09-16 18:08:11
 2  4      1353464       818096        19972     58315168    0    0 2726400   100 13503 20739   2   2  89   8   0 2026-09-16 18:08:12
 2  0      1353464       817788        19972     58315204    0    0 2525696   448 13301 20372   2   2  88   8   0 2026-09-16 18:08:13
 2  4      1353464       824968        19972     58315240    0    0 2721280     0 13571 20814   2   2  87   9   0 2026-09-16 18:08:14
procs -----------------------memory---------------------- ---swap-- -----io---- -system-- --------cpu-------- -----timestamp-----
 r  b         swpd         free         buff        cache   si   so    bi    bo   in   cs  us  sy  id  wa  st                 KST
 1  0      1353464       822820        19972     58315272    0    0 2421248     0 13035 20055   2   2  89   7   0 2026-09-16 18:08:15
 2  5      1353464       815188        19972     58315300    0    0 2782720     0 13708 20729   2   2  87  10   0 2026-09-16 18:08:16
 1  8      1353464       815808        19980     58315336    4    0 2369028   100 13097 20069   2   2  88   8   0 2026-09-16 18:08:17
 0  5      1353464       822260        19980     58315368    0    0 2882560   436 14265 21125   2   2  86  10   0 2026-09-16 18:08:18
 2  5      1353464       820840        19980     58315404    0    0 2919424     0 14483 20647   2   2  85  11   0 2026-09-16 18:08:19
 2  8      1353464       818688        19980     58315432    0    0 2831360     0 14009 20441   2   2  88   8   0 2026-09-16 18:08:20
 1  4      1353464       821748        19980     58315456    0    0 3057664     0 14758 20734   2   2  85  11   0 2026-09-16 18:08:21
 0  6      1353464       825864        19988     58315492    0    0 2718720    80 14308 20109   2   2  87   9   0 2026-09-16 18:08:22
 1  8      1353464       818672        19988     58315528    0    0 2813952   396 14410 20497   2   2  88   8   0 2026-09-16 18:08:23
 2  4      1353464       820020        19988     58315556    0    0 3040256     0 14925 20803   1   2  87   9   0 2026-09-16 18:08:24
 3  4      1353464       822092        19988     58315592    0    0 2960896     0 14417 21410   2   2  87   9   0 2026-09-16 18:08:25
 0  8      1353464       823704        19988     58315620    0    0 2693632     0 13707 20530   2   2  87   9   0 2026-09-16 18:08:26
 3  2      1353464       834108        19996     58315652    0    0 2991104   108 14219 21175   2   2  87   9   0 2026-09-16 18:08:27
 0  6      1353464       825128        19996     58315680    0    0 2677760   444 13742 20579   2   2  87   9   0 2026-09-16 18:08:28
 1  0      1353464       833896        19996     58315704    0    0 2686976     0 13429 20557   2   2  88   8   0 2026-09-16 18:08:29
 0  5      1353464       833732        19996     58315748    0    0 2821632     0 14036 20833   1   2  88   9   0 2026-09-16 18:08:30
 1  5      1353464       819188        19996     58315780    0    0 2782720     0 13578 20435   1   2  87   9   0 2026-09-16 18:08:31
 1  0      1353464       821860        20004     58315812    0    0 2966528    92 14352 20808   2   2  87   9   0 2026-09-16 18:08:32
 1  4      1353464       822504        20004     58315844    0    0 2804736   392 14080 20171   1   2  85  11   0 2026-09-16 18:08:33
 1  6      1353464       822696        20004     58315876    0    0 2790400     0 14121 20175   2   2  88   8   0 2026-09-16 18:08:34
 2  0      1353464       819504        20004     58315908    0    0 2975744     0 14536 20946   2   2  88   9   0 2026-09-16 18:08:35
procs -----------------------memory---------------------- ---swap-- -----io---- -system-- --------cpu-------- -----timestamp-----
 r  b         swpd         free         buff        cache   si   so    bi    bo   in   cs  us  sy  id  wa  st                 KST
 1  5      1353464       820344        20004     58315936    0    0 2883584     0 14409 20428   1   2  87  10   0 2026-09-16 18:08:36
 1  6      1353464       822416        20012     58315976    0    0 2966528    84 14129 20905   1   2  87  10   0 2026-09-16 18:08:37
 2  0      1353464       817924        20012     58316008    0    0 2720768   468 13539 20615   1   2  90   7   0 2026-09-16 18:08:38
 1  4      1353464       819612        20012     58316028    0    0 2915328     0 24236 20890   2   2  88   8   0 2026-09-16 18:08:39
 1  5      1353464       818204        20012     58316076    0    0 2826240     0 13752 20610   2   2  87   9   0 2026-09-16 18:08:40
 3  0      1353464       814308        20012     58316104    0    0 2829312     0 13598 20534   1   2  87  10   0 2026-09-16 18:08:41
 1  4      1353464       824508        20020     58316140    0    0 2784768    96 13830 20560   2   2  87   9   0 2026-09-16 18:08:42
 3  5      1353464       826068        20020     58316168    0    0 2852352   456 13941 20763   2   2  88   8   0 2026-09-16 18:08:43
 0  8      1353464       824184        20020     58316208    0    0 3098624     0 14243 20627   1   2  85  11   0 2026-09-16 18:08:44
 0  1      1353464       824080        20020     58316232    0    0 3193344     0 14934 21435   2   2  84  12   0 2026-09-16 18:08:45
 2  4      1353464       827460        20020     58316268    0    0 3157504     0 14697 20792   1   2  84  12   0 2026-09-16 18:08:46
 0  5      1353464       823532        20028     58316296    0    0 3193856   108 14722 20777   1   2  86  11   0 2026-09-16 18:08:47
 2  5      1353464       819056        20028     58316328    0    0 3093504   472 14349 20708   1   2  86  11   0 2026-09-16 18:08:48
 0  6      1353464       824444        20028     58316356    0    0 3374080     0 14850 21467   1   2  85  11   0 2026-09-16 18:08:49
 1  5      1353464       821304        20028     58316392    0    0 3015680     0 14237 21169   1   2  87   9   0 2026-09-16 18:08:50
 0  8      1353464       818624        20028     58316416    0    0 3179520     0 14171 21467   1   2  88   8   0 2026-09-16 18:08:51
 0  3      1353464       816432        20036     58316452    0    0 3197952    92 13913 21503   1   2  87  10   0 2026-09-16 18:08:52
 1  5      1353464       809804        20036     58316484    0    0 3067904     0 13889 21185   1   2  88   9   0 2026-09-16 18:08:53
 2  6      1353464       818184        20036     58316512    0    0 2995200   444 13840 21192   1   2  86  11   0 2026-09-16 18:08:54
 1  6      1353464       819284        20036     58316544    0    0 3315712     0 14638 21435   1   2  85  11   0 2026-09-16 18:08:55
 2  5      1353464       819892        20036     58316588    0    0 3285004     0 14555 20887   1   2  84  12   0 2026-09-16 18:08:56
procs -----------------------memory---------------------- ---swap-- -----io---- -system-- --------cpu-------- -----timestamp-----
 r  b         swpd         free         buff        cache   si   so    bi    bo   in   cs  us  sy  id  wa  st                 KST
 0  7      1353464       819552        20044     58316616    0    0 3169280    84 14342 20787   1   2  86  11   0 2026-09-16 18:08:57
 3  8      1353464       817648        20044     58316648    0    0 3312640     0 14828 21216   1   2  87  10   0 2026-09-16 18:08:58
 0  1      1353464       824736        20044     58316684    0    0 3224064   440 14560 21030   1   2  85  12   0 2026-09-16 18:08:59
 0  5      1353464       817824        20044     58316720    0    0 3109376     0 14440 20454   1   2  85  12   0 2026-09-16 18:09:00
 1  5      1353464       814376        20044     58316756    0    0 3121664     0 14158 21403   1   2  86  11   0 2026-09-16 18:09:01
 1  5      1353464       813912        20052     58316784    0    0 2996736    80 13751 21177   1   2  88   9   0 2026-09-16 18:09:02
 1  6      1353464       818008        20052     58316816    0    0 3176448     0 14030 21290   1   2  87  10   0 2026-09-16 18:09:03
 0  8      1353464       812768        20052     58316844    0    0 3136512   436 14063 21440   1   2  88   9   0 2026-09-16 18:09:04
 1  2      1353464       815192        20052     58316884    0    0 3282944     0 14559 21853   1   2  85  11   0 2026-09-16 18:09:05
 0  5      1353464       815284        20052     58316908    0    0 3177472     0 14567 21501   1   2  85  12   0 2026-09-16 18:09:06
 1  4      1353464       817096        20060     58316948    0    0 3026432   104 14549 20483   1   2  85  11   0 2026-09-16 18:09:07
 2  6      1353464       821460        20060     58316976    0    0 3232256     0 15001 20939   1   2  86  11   0 2026-09-16 18:09:08
 0  6      1353464       825364        20060     58317012    0    0 3160064   500 14708 20939   1   2  86  11   0 2026-09-16 18:09:09
 2  7      1353464       820404        20060     58317040    0    0 3182592     0 14970 21028   2   2  84  12   0 2026-09-16 18:09:10
 0  8      1353464       814732        20060     58317072    0    0 3239936     0 14839 21121   1   2  84  12   0 2026-09-16 18:09:11
 2  0      1353464       814844        20068     58317100    0    0 3314176   104 27015 21692   1   3  84  12   0 2026-09-16 18:09:12
 2  3      1353464       813444        20068     58317136    0    0 3211776     0 14621 21433   1   2  85  11   0 2026-09-16 18:09:13
 1  4      1353464       815888        20068     58317160    0    0 3170304   436 14095 21636   1   2  87   9   0 2026-09-16 18:09:14
 1  6      1353464       814172        20068     58317196    0    0 3015168     0 13696 21148   1   2  86  11   0 2026-09-16 18:09:15
 1  5      1353464       819528        20068     58317228    0    0 3015168     0 14175 21225   1   2  86  10   0 2026-09-16 18:09:16
 2  7      1353464       823912        20076     58317260    0    0 3124224    84 14290 21366   2   2  85  11   0 2026-09-16 18:09:17
procs -----------------------memory---------------------- ---swap-- -----io---- -system-- --------cpu-------- -----timestamp-----
 r  b         swpd         free         buff        cache   si   so    bi    bo   in   cs  us  sy  id  wa  st                 KST
 0  4      1353464       822272        20076     58317292    0    0 3254272     0 14553 21400   2   2  85  11   0 2026-09-16 18:09:18
 0  5      1353464       821888        20076     58317324    0    0 3234816   484 14884 20974   1   2  85  11   0 2026-09-16 18:09:19
 1  4      1353464       825740        20076     58317352    0    0 3261440     0 15026 20991   1   2  85  11   0 2026-09-16 18:09:20
 3  5      1353464       828112        20076     58317384    0    0 3220992     0 14953 20901   1   2  85  11   0 2026-09-16 18:09:21
 0  6      1353464       822668        20084     58317416    0    0 3261952    92 14846 21071   1   2  85  11   0 2026-09-16 18:09:22
 1  5      1353464       816188        20084     58317448    0    0 3124224     0 14594 21169   2   2  86  10   0 2026-09-16 18:09:23
 0  8      1353464       814736        20084     58317484    0    0 3097600   400 14197 21492   1   2  86  11   0 2026-09-16 18:09:24
 4  1      1353464       820872        20084     58317516    0    0 3106304     0 14306 21648   1   2  87  10   0 2026-09-16 18:09:25
 1  5      1353464       823812        20084     58317548    0    0 3173888     0 14595 21601   1   2  87   9   0 2026-09-16 18:09:26
 2  4      1353464       824108        20092     58317576    0    0 3092992   100 14048 21306   1   2  87  10   0 2026-09-16 18:09:27
 2  6      1353464       815900        20092     58317612    0    0 3019264     0 13976 21279   1   2  86  11   0 2026-09-16 18:09:28
 1  8      1353464       807884        20092     58317644    0    0 2971648   460 13824 20754   1   2  86  11   0 2026-09-16 18:09:29
 3  0      1353464       811288        20092     58317680    0    0 3252224     0 14911 21313   1   2  86  10   0 2026-09-16 18:09:30
 2  5      1353464       820160        20092     58317712    0    0 3171328     0 14633 20852   1   2  85  11   0 2026-09-16 18:09:31
 1  5      1353464       819556        20100     58317748    0    0 3238912    96 14877 20958   1   2  86  10   0 2026-09-16 18:09:32
 1  4      1353464       816720        20108     58317772    0    0 3099136   204 14700 20764   1   2  85  12   0 2026-09-16 18:09:33
 0  6      1353464       816272        20108     58317800    0    0 3231232     0 14582 20991   1   2  86  10   0 2026-09-16 18:09:34
 2  5      1353464       817856        20108     58317832    0    0 3346432   424 14507 21871   1   2  88   8   0 2026-09-16 18:09:35
 1  5      1353464       815876        20108     58317868    0    0 3185664     0 14143 21574   2   2  87   9   0 2026-09-16 18:09:36
 2  7      1353464       814220        20108     58317896    0    0 3161088     0 14124 21483   1   2  87   9   0 2026-09-16 18:09:37
 2  7      1353464       808492        20116     58317940    0    0 3304448    92 14234 21902   1   2  86  10   0 2026-09-16 18:09:38
procs -----------------------memory---------------------- ---swap-- -----io---- -system-- --------cpu-------- -----timestamp-----
 r  b         swpd         free         buff        cache   si   so    bi    bo   in   cs  us  sy  id  wa  st                 KST
 1  3      1353464       806820        20116     58317968    0    0 3249152     0 14061 21569   1   2  85  12   0 2026-09-16 18:09:39
 2  4      1353464       809956        20116     58318000    0    0 3150848   420 14065 21394   1   2  85  11   0 2026-09-16 18:09:40
 2  4      1353464       813148        20116     58318028    0    0 3235840     0 14670 20854   1   2  86  11   0 2026-09-16 18:09:41
 2  3      1353464       821368        20116     58318064    0    0 3313152     0 14873 21213   2   2  85  12   0 2026-09-16 18:09:42
 1  6      1353464       815428        20124     58318092    0    0 3299840   104 14734 21203   1   2  85  12   0 2026-09-16 18:09:43
 3  5      1353464       811320        20124     58318128    0    0 3167232     0 14658 20751   1   2  84  12   0 2026-09-16 18:09:44
 5  6      1353464       811352        20124     58318156    0    0 3204096   448 21370 21131   1   2  86  11   0 2026-09-16 18:09:45
 8  0      1353464       811640        20124     58318184    0    0 3066880     0 14016 21106   1   2  86  11   0 2026-09-16 18:09:46
 4  3      1353464       813044        20124     58318220    0    0 3306496     0 14589 21758   1   2  85  12   0 2026-09-16 18:09:47
 4  4      1353464       811648        20132     58318252    8    0 3083272    84 14214 21350   1   2  86  10   0 2026-09-16 18:09:48
 1  5      1353464       817724        20132     58318280    0    0 3003904     0 13865 21339   1   2  87  10   0 2026-09-16 18:09:49
 2  5      1353464       814084        20132     58318312    0    0 3282432   448 14667 21900   1   2  88   9   0 2026-09-16 18:09:50
 1  6      1353464       815020        20132     58318352    0    0 3188736     0 14001 21727   1   2  87   9   0 2026-09-16 18:09:51
 2  6      1353464       821696        20132     58318376    0    0 3278848     0 14855 21188   1   2  85  11   0 2026-09-16 18:09:52
 1  8      1353464       825828        20140     58318412    0    0 3296256    84 14695 21151   1   2  86  11   0 2026-09-16 18:09:53
 1  0      1353464       829716        20140     58318448    0    0 3233280     0 14693 21195   1   2  86  11   0 2026-09-16 18:09:54
 1  3      1353464       824508        20140     58318476    0    0 3241472   444 14569 21075   1   2  86  10   0 2026-09-16 18:09:55
 1  5      1353464       822056        20140     58318504    0    0 3198976     0 14639 20810   1   2  85  11   0 2026-09-16 18:09:56
 2  4      1353464       821600        20140     58318540    0    0 3312128     0 14869 21715   1   2  86  11   0 2026-09-16 18:09:57
 1  5      1353464       829988        20148     58318568    0    0 3160064   104 14168 21452   1   2  87  10   0 2026-09-16 18:09:58
 0  6      1353464       826556        20148     58318592    0    0 3006976     0 13688 20973   1   2  87  10   0 2026-09-16 18:09:59
procs -----------------------memory---------------------- ---swap-- -----io---- -system-- --------cpu-------- -----timestamp-----
 r  b         swpd         free         buff        cache   si   so    bi    bo   in   cs  us  sy  id  wa  st                 KST
 1  8      1353464       826104        20148     58318632    0    0 3019776   440 13533 21063   1   2  87  10   0 2026-09-16 18:10:00
 0  3      1353464       820884        20148     58318664    0    0 3246080     0 13986 21445   1   2  87   9   0 2026-09-16 18:10:01
 1  5      1353464       814624        20148     58318692    0    0 3030016     0 13617 21129   1   2  87  10   0 2026-09-16 18:10:02
 1  5      1353464       816016        20156     58318728    0    0 3107840    80 14448 21050   1   2  85  11   0 2026-09-16 18:10:03
 2  5      1353464       824992        20156     58318756    0    0 3333120     0 14777 21132   1   2  86  11   0 2026-09-16 18:10:04
 2  5      1353464       828384        20156     58318792    0    0 3220480   444 14673 21161   1   2  86  10   0 2026-09-16 18:10:05
 4  6      1353464       818688        20156     58318816    0    0 3182592     0 14540 20914   1   2  87  10   0 2026-09-16 18:10:06
 0  8      1353464       818820        20156     58318856    0    0 3266560     0 14613 21210   1   2  88   9   0 2026-09-16 18:10:07
 0  1      1353464       817724        20164     58318888    0    0 3230208    88 14845 21288   1   2  86  11   0 2026-09-16 18:10:08
 2  3      1353464       812012        20164     58318916   12    0 3150348     0 14338 21473   1   2  86  11   0 2026-09-16 18:10:09
 1  4      1353464       814908        20164     58318952    0    0 3153408   452 14212 21577   1   2  87  10   0 2026-09-16 18:10:10
 2  5      1353464       819292        20164     58318980    0    0 3018240     0 13809 21220   1   2  88   9   0 2026-09-16 18:10:11
 2  5      1353464       815612        20164     58319016    0    0 3123200     0 14054 21203   1   2  87  10   0 2026-09-16 18:10:12
 0  8      1353464       823052        20172     58319048    0    0 3162112    92 14168 21712   1   2  87   9   0 2026-09-16 18:10:13
 1  1      1353464       814308        20172     58319076    8    0 3253768     0 14009 21607   1   2  88   9   0 2026-09-16 18:10:14
 0  5      1353464       815396        20172     58319112    0    0 3140096   448 14493 20931   1   2  83  13   0 2026-09-16 18:10:15
 2  4      1353464       820524        20172     58319152    0    0 3038720     0 14410 20662   1   2  86  11   0 2026-09-16 18:10:16
 4  5      1353464       821612        20172     58319180    0    0 3188224     0 14666 21044   1   2  87  10   0 2026-09-16 18:10:17
 1  6      1353464       820116        20180     58319212    0    0 3103744   108 25334 20957   1   2  84  12   0 2026-09-16 18:10:18
 2  6      1353464       823212        20180     58319236    0    0 3212288     0 14513 21232   1   2  85  11   0 2026-09-16 18:10:19
 1  8      1353464       826556        20180     58319280    0    0 3369984     0 14665 21940   1   2  88   8   0 2026-09-16 18:10:20
procs -----------------------memory---------------------- ---swap-- -----io---- -system-- --------cpu-------- -----timestamp-----
 r  b         swpd         free         buff        cache   si   so    bi    bo   in   cs  us  sy  id  wa  st                 KST
 2  3      1353464       831228        20180     58319304    0    0 3162112   468 13910 21431   1   2  88   9   0 2026-09-16 18:10:21
 2  3      1353464       829796        20180     58319336    0    0 3253248     0 14059 21570   1   2  88   9   0 2026-09-16 18:10:22
 2  4      1353464       834652        20188     58319372    0    0 3164160   104 14046 21622   1   2  86  11   0 2026-09-16 18:10:23
 1  4      1353464       829724        20188     58319408    0    0 3316224     0 14586 21822   1   2  85  11   0 2026-09-16 18:10:24
 1  5      1353464       825524        20188     58319436    0    0 3130880     0 14329 21920   1   2  87   9   0 2026-09-16 18:10:26
 2  5      1353464       826620        20188     58319472    0    0 3190784   448 14403 21057   1   2  87   9   0 2026-09-16 18:10:27
 1  7      1353464       825176        20188     58319496    0    0 3261440     0 14751 21074   1   2  86  10   0 2026-09-16 18:10:28
 0  8      1353464       818996        20196     58319532    0    0 3249152   100 14711 21308   1   2  85  11   0 2026-09-16 18:10:29
 1  8      1353464       822916        20196     58319560    0    0 3336192     0 15026 21531   1   2  85  11   0 2026-09-16 18:10:30
 2  3      1353464       815216        20196     58319592    0    0 3206144     0 14744 21260   1   2  84  12   0 2026-09-16 18:10:31
 1  5      1353464       818560        20196     58319620    0    0 3129344   412 13948 21137   1   2  86  11   0 2026-09-16 18:10:32
 0  5      1353464       806532        20196     58319660    0    0 2987520     0 13658 21272   1   2  86  11   0 2026-09-16 18:10:33
 1  6      1353464       814212        20204     58319692    0    0 3002880    76 13419 21279   1   2  86  11   0 2026-09-16 18:10:34
 2  7      1353464       820864        20204     58319724    0    0 3185664     0 13980 21574   1   2  86  11   0 2026-09-16 18:10:35
 0  1      1353464       816956        20204     58319752    0    0 3199488     0 13921 21458   1   2  87  10   0 2026-09-16 18:10:36
 0  4      1353464       818004        20204     58319788    0    0 3185152   412 14143 21535   1   2  86  10   0 2026-09-16 18:10:37
 2  4      1353464       812036        20204     58319816    0    0 3251200     0 14323 21276   1   2  86  11   0 2026-09-16 18:10:38
 1  4      1353464       817176        20212     58319848    0    0 3117568   100 14710 20962   1   2  83  13   0 2026-09-16 18:10:39
 2  5      1353464       819776        20212     58319880    0    0 3193344     0 14659 20863   1   2  85  11   0 2026-09-16 18:10:40
 2  5      1353464       817824        20212     58319912    0    0 3188736     0 14668 20865   1   2  86  11   0 2026-09-16 18:10:41
 0  7      1353464       812392        20212     58319948    0    0 3206144   416 14499 20940   1   2  86  10   0 2026-09-16 18:10:42
procs -----------------------memory---------------------- ---swap-- -----io---- -system-- --------cpu-------- -----timestamp-----
 r  b         swpd         free         buff        cache   si   so    bi    bo   in   cs  us  sy  id  wa  st                 KST
 2  8      1353464       814720        20212     58319972    0    0 3321856     0 14690 21554   1   2  86  10   0 2026-09-16 18:10:43
 2  1      1353464       817304        20220     58320008    0    0 3248640    92 14090 21678   1   2  86  10   0 2026-09-16 18:10:44
 1  4      1353464       813380        20220     58320036    0    0 3199488     0 14414 21499   1   2  85  12   0 2026-09-16 18:10:45
 2  4      1353464       816244        20220     58320068    0    0 2997760     0 13960 21364   1   2  87  10   0 2026-09-16 18:10:46
 0  6      1353464       818808        20220     58320096    0    0 3151360   448 14122 21473   1   2  86  11   0 2026-09-16 18:10:47
 1  5      1353464       813100        20220     58320132    0    0 3176448     0 13905 21322   1   2  87  10   0 2026-09-16 18:10:48
 1  8      1353464       818476        20228     58320156    0    0 3044352    76 13771 21259   1   2  89   7   0 2026-09-16 18:10:49
 2  1      1353464       815864        20228     58320192    0    0 3324416     0 14866 21159   1   2  87  10   0 2026-09-16 18:10:50
 0  4      1353464       821628        20228     58320220    0    0 3279360     0 24873 20942   2   2  85  11   0 2026-09-16 18:10:51
 1  5      1353464       822732        20228     58320252    0    0 3314688   396 15261 21182   1   2  84  12   0 2026-09-16 18:10:52
 4  4      1353464       818480        20228     58320412    0    0 3235840     0 14762 21027   1   2  85  12   0 2026-09-16 18:10:53
 3  4      1353464       821876        20236     58320448    0    0 3191296    84 14481 20860   1   2  86  11   0 2026-09-16 18:10:54
 1  5      1353464       823272        20236     58320472    0    0 3276800     0 14308 21685   1   2  86  11   0 2026-09-16 18:10:55
 2  6      1353464       827420        20236     58320508    0    0 3012096     0 13814 20993   1   2  87  10   0 2026-09-16 18:10:56
 2  7      1353464       819984        20236     58320540    0    0 3031040   456 13915 21260   1   2  87  10   0 2026-09-16 18:10:57
 0  4      1353464       822896        20236     58320572    0    0 3220480     0 14215 21319   1   2  88   9   0 2026-09-16 18:10:58
 0  5      1353464       819652        20244     58320604    0    0 3003904    84 13903 21307   1   2  86  11   0 2026-09-16 18:10:59
 1  5      1353464       820480        20244     58320636    0    0 3035648     0 13952 21206   1   2  87   9   0 2026-09-16 18:11:00
 2  7      1353464       828872        20244     58320668    0    0 2960384     0 14383 20502   2   2  87  10   0 2026-09-16 18:11:01
 2  3      1353464       823952        20244     58320704    0    0 3041280     0 14446 20792   1   2  87   9   0 2026-09-16 18:11:02
 1  6      1353464       818004        20244     58320740    0    0 2570240   424 13974 19841   2   2  88   8   0 2026-09-16 18:11:03
procs -----------------------memory---------------------- ---swap-- -----io---- -system-- --------cpu-------- -----timestamp-----
 r  b         swpd         free         buff        cache   si   so    bi    bo   in   cs  us  sy  id  wa  st                 KST
 2  0      1353464       813308        20252     58320768    0    0 2714624   112 13996 20094   2   2  88   9   0 2026-09-16 18:11:04
 3  5      1353464       811400        20252     58320808    0    0 2882560     0 14446 20325   1   2  85  12   0 2026-09-16 18:11:05
11  6      1353464       805720        20252     58320836   20    0 2520084     0 13879 19800   2   2  87   9   0 2026-09-16 18:11:06
10  0      1353464       810884        20252     58320868    0    0 3168256     0 14678 21517   1   2  88   9   0 2026-09-16 18:11:07
 9  5      1353464       818264        20252     58320900    0    0 2669056   468 13722 20626   2   2  88   9   0 2026-09-16 18:11:08
10  7      1353464       809008        20260     58320932    0    0 2516480   104 13450 20166   2   2  89   8   0 2026-09-16 18:11:09
 9  3      1353464       812148        20260     58320968    4    0 3077124     0 14196 21450   2   2  86  10   0 2026-09-16 18:11:10
 1  6      1353464       816284        20260     58321000    0    0 2680832     0 13524 20526   2   2  89   7   0 2026-09-16 18:11:11
 2  0      1353464       818128        20260     58321028    0    0 2769920     0 13647 20532   2   2  89   8   0 2026-09-16 18:11:12
 2  4      1353464       815168        20260     58321056    0    0 2811392   432 13984 20797   2   2  86  10   0 2026-09-16 18:11:13
 2  6      1353464       816556        20268     58321088    0    0 2978304   100 14299 20473   1   2  86  10   0 2026-09-16 18:11:14
 2  0      1353464       811356        20268     58321128    0    0 2781184     0 14035 20577   2   2  88   8   0 2026-09-16 18:11:15
 1  5      1353464       813576        20268     58321152    0    0 2895872     0 14390 20530   2   2  86  11   0 2026-09-16 18:11:16
 3  6      1353464       815276        20268     58321192    0    0 2595840     0 13811 19884   2   2  88   8   0 2026-09-16 18:11:17
 1  1      1353464       819480        20268     58321216    0    0 3033600   460 14469 21030   2   2  85  11   0 2026-09-16 18:11:18
 1  6      1353464       822360        20276     58321252    0    0 2613760    96 13832 19937   2   2  87   9   0 2026-09-16 18:11:19
 4  5      1353464       822920        20276     58321284    0    0 2925568     0 14147 21158   2   2  88   8   0 2026-09-16 18:11:20
 3  2      1353464       820968        20276     58321316    0    0 2935808     0 14059 20879   2   2  88   8   0 2026-09-16 18:11:21
 1  6      1353464       825596        20276     58321356    0    0 2530304     0 13259 20105   2   2  88   8   0 2026-09-16 18:11:22
 3  0      1353464       815816        20276     58321388    0    0 2732544   480 13712 20815   2   2  88   9   0 2026-09-16 18:11:23
 1  5      1353464       819496        20284     58321420    0    0 2549760   104 19578 20462   2   2  86  10   0 2026-09-16 18:11:24
procs -----------------------memory---------------------- ---swap-- -----io---- -system-- --------cpu-------- -----timestamp-----
 r  b         swpd         free         buff        cache   si   so    bi    bo   in   cs  us  sy  id  wa  st                 KST
 1  7      1353464       817560        20284     58321448    0    0 2688512     0 13310 20546   2   2  88   8   0 2026-09-16 18:11:25
 2  5      1353464       826316        20284     58321488    0    0 2965504     0 14130 21432   1   2  89   7   0 2026-09-16 18:11:26
 0  6      1353464       823928        20284     58321512    0    0 2653184     0 14094 19934   2   2  86  10   0 2026-09-16 18:11:27
 2  0      1353464       825008        20284     58321544    0    0 2877440   448 14209 20676   1   2  89   7   0 2026-09-16 18:11:28
 0  6      1353464       827948        20292     58321584    0    0 2482176    92 13773 19682   2   2  86  10   0 2026-09-16 18:11:29
 1  0      1353464       818756        20292     58321612    0    0 2660352     0 14141 20341   2   2  88   9   0 2026-09-16 18:11:30
 3  4      1353464       818928        20292     58321644    0    0 2638336     0 14059 20018   2   2  86  10   0 2026-09-16 18:11:31
 1  0      1353464       811784        20292     58321676    0    0 2504192     0 13760 19911   2   2  88   9   0 2026-09-16 18:11:32
 1  3      1353464       820484        20292     58321704    0    0 3284992   452 14911 21601   2   2  85  11   0 2026-09-16 18:11:33
 0  6      1353464       824356        20300     58321736    0    0 2327552    88 12948 19841   2   2  89   7   0 2026-09-16 18:11:34
 1  3      1353464       828236        20300     58321768    0    0 2843648     0 13600 20869   2   2  89   7   0 2026-09-16 18:11:35
 1  5      1353464       818700        20300     58321800    0    0 2312192     0 12981 19750   2   2  90   7   0 2026-09-16 18:11:36
 0  2      1353464       821320        20300     58321828    0    0 2853888     0 13831 20942   2   2  89   7   0 2026-09-16 18:11:37
 3  5      1353464       819416        20300     58321860    0    0 2335744   396 13102 19776   2   2  90   6   0 2026-09-16 18:11:38
 0  3      1353464       818496        20308     58321888    0    0 2792448    80 13982 20834   2   2  89   7   0 2026-09-16 18:11:39
 1  4      1353464       813568        20308     58321924    0    0 2917376     0 13960 20884   2   2  88   9   0 2026-09-16 18:11:40
 4  6      1353464       815656        20308     58321948    0    0 2451400     0 13454 19673   2   2  88   8   0 2026-09-16 18:11:41
 2  4      1353464       816740        20308     58321992    0    0 2923580     0 14450 20642   2   2  87  10   0 2026-09-16 18:11:42
 0  7      1353464       810304        20308     58322020    0    0 2418688   384 13835 19705   2   2  89   7   0 2026-09-16 18:11:43
 2  4      1353464       812384        20316     58322052    0    0 2971648    92 14435 20822   2   2  88   8   0 2026-09-16 18:11:44
 1  5      1353464       812008        20316     58322088    0    0 2412544     0 13230 19424   2   2  89   7   0 2026-09-16 18:11:45
procs -----------------------memory---------------------- ---swap-- -----io---- -system-- --------cpu-------- -----timestamp-----
 r  b         swpd         free         buff        cache   si   so    bi    bo   in   cs  us  sy  id  wa  st                 KST
 1  1      1353464       809064        20316     58322120    0    0 2851328     0 14103 20785   2   2  89   8   0 2026-09-16 18:11:46
 2  4      1353464       815268        20316     58322152    0    0 2771968     0 14048 20814   2   2  89   7   0 2026-09-16 18:11:47
 1  0      1353464       808284        20316     58322188    0    0 2385408     0 13480 19848   2   2  89   7   0 2026-09-16 18:11:48
 1  4      1353464       807860        20324     58322220    0    0 2782720   532 14130 20902   2   2  88   8   0 2026-09-16 18:11:49
 2  0      1353464       815084        20324     58322256    0    0 2359808     0 12969 19939   2   2  90   7   0 2026-09-16 18:11:50
 2  4      1353464       813676        20324     58322288    0    0 2752000     0 13997 20664   2   2  88   8   0 2026-09-16 18:11:51
 1  0      1353464       821048        20324     58322324    0    0 2390528     0 13271 19761   2   2  91   5   0 2026-09-16 18:11:52
 0  5      1353464       818944        20324     58322356    0    0 2958336     0 13786 20829   2   2  89   8   0 2026-09-16 18:11:53
 1  5      1353464       812224        20332     58322384    0    0 2753536   552 14081 20238   2   2  86  11   0 2026-09-16 18:11:54
 1  1      1353464       821668        20332     58322416    0    0 2819584     0 14367 20476   2   2  87   9   0 2026-09-16 18:11:55
 1  6      1353464       813168        20332     58322444    0    0 2434560     0 13598 19296   2   2  88   8   0 2026-09-16 18:11:56
 2  0      1353464       814332        20332     58322484    0    0 2747392     0 25836 20151   2   2  87   9   0 2026-09-16 18:11:57
 0  6      1353464       815716        20332     58322512    0    0 2529280     0 13992 19405   2   2  87   9   0 2026-09-16 18:11:58
 2  0      1353464       813844        20340     58322544    0    0 2613248   524 13776 20193   2   2  89   8   0 2026-09-16 18:11:59
 0  4      1353464       816420        20340     58322576    0    0 3204096     0 14542 21031   2   2  85  11   0 2026-09-16 18:12:00
 1  5      1353464       811188        20340     58322616    0    0 2277376     0 12886 19647   2   2  88   8   0 2026-09-16 18:12:01
 1  1      1353464       814036        20340     58322640    0    0 2989056     0 14092 20981   2   2  87  10   0 2026-09-16 18:12:02
 0  6      1353464       816448        20340     58322668    0    0 2426880     0 13408 19911   2   2  88   8   0 2026-09-16 18:12:03
 1  1      1353464       819524        20348     58322704    0    0 2777600   500 13772 20669   2   2  88   9   0 2026-09-16 18:12:04
 1  5      1353464       816096        20348     58322736    0    0 2340352     0 12910 19753   2   2  88   8   0 2026-09-16 18:12:05
 1  0      1353464       829020        20348     58322760    0    0 2774528     0 13597 20800   1   2  89   7   0 2026-09-16 18:12:06
procs -----------------------memory---------------------- ---swap-- -----io---- -system-- --------cpu-------- -----timestamp-----
 r  b         swpd         free         buff        cache   si   so    bi    bo   in   cs  us  sy  id  wa  st                 KST
 0  5      1353464       823032        20348     58322796    0    0 2854912     0 14145 20486   2   2  88   9   0 2026-09-16 18:12:07
 1  8      1353464       820400        20348     58322824    0    0 2427392     0 13576 19562   2   2  89   7   0 2026-09-16 18:12:08
 2  5      1353464       814696        20356     58322864    0    0 2863104   504 14596 20398   2   2  87  10   0 2026-09-16 18:12:09
 2  6      1353464       821844        20356     58322892    0    0 2405376     0 13644 19388   2   2  89   7   0 2026-09-16 18:12:10
 2  4      1353464       822892        20356     58322924    0    0 2925568     0 14674 20594   2   2  86  10   0 2026-09-16 18:12:11
 1  6      1353464       822228        20356     58322956    0    0 2265088     0 13731 18888   2   2  87   9   0 2026-09-16 18:12:12
 2  4      1353464       826632        20356     58322992    0    0 2912256     0 14600 20426   1   2  87  10   0 2026-09-16 18:12:13
 1  5      1353464       818660        20364     58323024    0    0 2852352   528 14045 20992   2   2  89   8   0 2026-09-16 18:12:14
 2  0      1353464       813684        20364     58323056    0    0 2558464     0 13234 20182   2   2  90   6   0 2026-09-16 18:12:15
 1  4      1353464       809980        20364     58323084    0    0 2700800     0 13681 20371   2   2  88   8   0 2026-09-16 18:12:16
 1  0      1353464       808796        20364     58323116    0    0 2441728     0 13010 19980   2   2  90   7   0 2026-09-16 18:12:17
 1  5      1353464       812160        20364     58323156    0    0 2626048     0 13530 20305   2   2  88   9   0 2026-09-16 18:12:18
 1  0      1353464       809844        20372     58323184    0    0 2516480   516 13358 20313   2   2  91   5   0 2026-09-16 18:12:19
 1  4      1353464       815276        20372     58323224    0    0 2596352     0 13467 20299   2   2  88   8   0 2026-09-16 18:12:20
 2  0      1353464       821128        20372     58323252    0    0 2546176     0 13570 20182   2   2  89   8   0 2026-09-16 18:12:21
 2  5      1353464       820732        20372     58323280    0    0 2369536     0 13573 19267   2   2  88   8   0 2026-09-16 18:12:22
 2  3      1353464       824372        20372     58323312    0    0 2639872     0 13900 20294   2   2  88   8   0 2026-09-16 18:12:23
 1  0      1353464       818436        20380     58323348    0    0 1847296   560 12944 18709   2   2  91   5   0 2026-09-16 18:12:24
 0  6      1353464       815200        20380     58323372    0    0 2471936     0 13825 19592   2   2  87   9   0 2026-09-16 18:12:25
 1  1      1353464       811796        20380     58323416    0    0 2613760     0 13876 20422   2   2  88   9   0 2026-09-16 18:12:26
 2  0      1353464       808848        20380     58323440    0    0 1771008     0 12395 18505   2   2  90   6   0 2026-09-16 18:12:27
procs -----------------------memory---------------------- ---swap-- -----io---- -system-- --------cpu-------- -----timestamp-----
 r  b         swpd         free         buff        cache   si   so    bi    bo   in   cs  us  sy  id  wa  st                 KST
 1  2      1353464       815972        20380     58323476    0    0 3293184     0 14600 21450   1   2  88   9   0 2026-09-16 18:12:28
 2  0      1353464       816104        20388     58323500    0    0 1849344    80 12392 18869   2   2  91   5   0 2026-09-16 18:12:29
 2  5      1353464       815724        20388     58323536    0    0 2172928   428 33584 19549   2   2  89   7   0 2026-09-16 18:12:30
 2  3      1353464       816576        20388     58323568    0    0 2651136     0 13136 20596   2   2  88   8   0 2026-09-16 18:12:31
 1  0      1353464       811208        20388     58323604    0    0 2032640     0 12455 19356   2   2  91   5   0 2026-09-16 18:12:32
 3  6      1353464       804220        20388     58323632    0    0 2236416     0 13199 19785   2   2  89   7   0 2026-09-16 18:12:33
 0  5      1353464       809076        20396     58323668    0    0 2479104    96 13449 20136   2   2  89   7   0 2026-09-16 18:12:34
 1  0      1353464       810216        20396     58323696    0    0 2141184   448 12554 19632   2   2  89   8   0 2026-09-16 18:12:35
 2  4      1353464       803336        20396     58323728    0    0 2873344     0 14017 20547   2   2  87   9   0 2026-09-16 18:12:36
 2  0      1353464       806204        20396     58323760    0    0 2269184     0 13334 19496   2   2  90   7   0 2026-09-16 18:12:37
 2  5      1353464       810320        20396     58323788    0    0 2122752     0 13190 18833   2   2  89   8   0 2026-09-16 18:12:38
 1  5      1353464       810660        20404     58323824    0    0 2612224    84 13970 20277   2   2  89   8   0 2026-09-16 18:12:39
 1  0      1353464       811612        20404     58323852    0    0 2121728   444 13233 19190   2   2  90   6   0 2026-09-16 18:12:40
 1  6      1353464       812680        20404     58323888    0    0 2170880     0 13295 18988   2   2  87   9   0 2026-09-16 18:12:41
 1  4      1353464       811744        20404     58323920    0    0 2634752     0 14050 20182   2   2  88   9   0 2026-09-16 18:12:42
 2  6      1353464       812576        20404     58323956    0    0 2472960     0 13772 19918   2   2  88   8   0 2026-09-16 18:12:43
 1  4      1353464       815392        20412     58323988    0    0 2598912    96 13182 20399   2   2  88   8   0 2026-09-16 18:12:44
 3  0      1353464       803648        20412     58324024    0    0 2121728   448 12528 19383   2   2  90   6   0 2026-09-16 18:12:45
 1  6      1353464       804948        20412     58324048    0    0 2128896     0 12975 19824   2   2  88   8   0 2026-09-16 18:12:46
 1  4      1353464       800032        20412     58324084    0    0 2666496     0 13527 20634   2   2  88   8   0 2026-09-16 18:12:47
 2  0      1353464       794412        20412     58324112    0    0 2061312     0 12473 19345   2   2  90   6   0 2026-09-16 18:12:48
procs -----------------------memory---------------------- ---swap-- -----io---- -system-- --------cpu-------- -----timestamp-----
 r  b         swpd         free         buff        cache   si   so    bi    bo   in   cs  us  sy  id  wa  st                 KST
 2  7      1353464       799788        20420     58324148    0    0 1880064    92 12543 19185   2   2  89   7   0 2026-09-16 18:12:49
 1  4      1353464       808292        20420     58324176    0    0 2664960   492 13882 20538   2   2  88   8   0 2026-09-16 18:12:50
 0  1      1353464       806180        20420     58324216    0    0 2300928     0 12835 19656   2   2  90   7   0 2026-09-16 18:12:51
 1  8      1353464       796712        20420     58324240    0    0 1902080     0 12552 18410   2   2  89   7   0 2026-09-16 18:12:52
 0  7      1353464       801116        20420     58324280    0    0 1779712     0 12396 18293   2   2  89   7   0 2026-09-16 18:12:53
 0  7      1353464       795712        20428     58324304    0    0 1821696    84 12534 18471   2   2  90   6   0 2026-09-16 18:12:54
 2  6      1353464       799424        20428     58324340    8    0 1794056   408 12751 18514   2   2  90   6   0 2026-09-16 18:12:55
 1  5      1353464       792460        20428     58324364    0    0 1814528     0 12474 18470   2   2  89   6   0 2026-09-16 18:12:56
 2  5      1353464       798784        20428     58324408    0    0 1798144     0 12468 18430   2   2  90   6   0 2026-09-16 18:12:57
 2  6      1353464       792120        20428     58324436    0    0 1795072     0 12751 18370   3   2  89   7   0 2026-09-16 18:12:58
 1  5      1353464       793168        20436     58324476    0    0 1838080    72 12850 18563   3   2  89   7   0 2026-09-16 18:12:59
 2  6      1353464       803380        20436     58324508    0    0 1743872   456 13086 18483   2   2  88   7   0 2026-09-16 18:13:00
 2  0      1353464       806760        20436     58324536   12    0 2579468     0 13620 20228   2   2  88   8   0 2026-09-16 18:13:01
 1  0      1353464       800872        20436     58324568    0    0 1714176     0 11973 18688   3   2  91   5   0 2026-09-16 18:13:02
 2  0      1353464       801964        20436     58324600    0    0 1714176     0 33795 18532   2   2  91   5   0 2026-09-16 18:13:03
 2  0      1353464       803832        20444     58324628    0    0 1714176   108 12286 18498   3   2  91   5   0 2026-09-16 18:13:04
 2  0      1353464       805524        20444     58324664    0    0 1714176   464 12239 18538   3   2  90   5   0 2026-09-16 18:13:05
 2  0      1353464       801096        20444     58324696    0    0 1714176     0 12340 18714   2   2  91   5   0 2026-09-16 18:13:06
 3  0      1353464       798164        20444     58324724    0    0 1714176     0 12219 18507   2   2  92   4   0 2026-09-16 18:13:07
 2  0      1353464       802576        20444     58324760    0    0 1714176     0 12459 18524   3   2  90   6   0 2026-09-16 18:13:08
 1  7      1353464       803140        20452     58324784    0    0 1737728    72 12157 18801   2   2  90   6   0 2026-09-16 18:13:09
procs -----------------------memory---------------------- ---swap-- -----io---- -system-- --------cpu-------- -----timestamp-----
 r  b         swpd         free         buff        cache   si   so    bi    bo   in   cs  us  sy  id  wa  st                 KST
 0  8      1353464       802300        20452     58324824    8    0 1841160   460 12603 18964   3   2  89   7   0 2026-09-16 18:13:10
 2  0      1353464       806724        20452     58324852    0    0 3277824     0 14649 21360   1   2  87  10   0 2026-09-16 18:13:11
 2  0      1353464       803600        20452     58324888    0    0 1714176     0 12420 18194   3   2  89   6   0 2026-09-16 18:13:12
 1  0      1353464       799360        20452     58324916    0    0 1714176     0 12443 18262   3   2  90   6   0 2026-09-16 18:13:13
 1  0      1353464       802668        20460     58324952    0    0 1714176    88 12430 18287   2   2  90   6   0 2026-09-16 18:13:14
 2  0      1353464       806048        20460     58324976    0    0 1714176     0 12744 18315   2   2  90   6   0 2026-09-16 18:13:15
 2  0      1353464       795388        20460     58325024    0    0 1714176   516 12719 18363   3   2  90   5   0 2026-09-16 18:13:16
 2  0      1353464       794996        20460     58325052    0    0 1714176     0 12647 18201   2   2  89   6   0 2026-09-16 18:13:17
 3  0      1353464       797476        20460     58325084    0    0 1714176     0 12840 18100   2   2  90   6   0 2026-09-16 18:13:18
 1  0      1353464       798824        20468     58325112    0    0 1714176    96 12746 18434   3   2  89   6   0 2026-09-16 18:13:19
 1  6      1353464       795544        20468     58325152    4    0 2363396     0 13581 19709   2   2  88   8   0 2026-09-16 18:13:20
 0  6      1353464       796680        20468     58325180    0    0 1813504   472 12540 19076   2   2  90   6   0 2026-09-16 18:13:21
 1  5      1353464       798088        20468     58325216    0    0 1814016     0 12409 18956   3   2  90   6   0 2026-09-16 18:13:22
 2  5      1353464       800032        20468     58325248    4    0 1799172     0 12667 18884   2   2  91   5   0 2026-09-16 18:13:23
 0  5      1353464       798856        20476     58325284    0    0 1847296   104 12445 19014   2   2  91   5   0 2026-09-16 18:13:24
 2  4      1353464       802496        20476     58325316    0    0 1783808     0 12487 18926   2   2  90   6   0 2026-09-16 18:13:25
 0  5      1353464       802568        20476     58325348    0    0 1795584   512 12348 19125   3   2  90   5   0 2026-09-16 18:13:26
 2  4      1353464       800948        20476     58325376    0    0 1815552     0 12173 18861   3   2  90   6   0 2026-09-16 18:13:27
 2  3      1353464       802052        20476     58325412    0    0 1813504     0 12320 18761   2   2  90   5   0 2026-09-16 18:13:28
 0  4      1353464       805980        20484     58325448    0    0 1793024    92 12267 18840   3   2  91   5   0 2026-09-16 18:13:29
 1  3      1353464       804560        20484     58325472    0    0 1823744     0 12521 18848   3   2  91   4   0 2026-09-16 18:13:30
procs -----------------------memory---------------------- ---swap-- -----io---- -system-- --------cpu-------- -----timestamp-----
 r  b         swpd         free         buff        cache   si   so    bi    bo   in   cs  us  sy  id  wa  st                 KST
 0  8      1353464       808500        20484     58325508    0    0 1977344   476 13077 18732   2   2  89   7   0 2026-09-16 18:13:31
 1  5      1353464       811864        20484     58325540    0    0 2176000     0 13558 19169   2   2  88   8   0 2026-09-16 18:13:32
 2  4      1353464       809416        20484     58325572    0    0 2247680     0 13420 19392   2   2  87   9   0 2026-09-16 18:13:33
 3  0      1353464       802432        20492     58325600    0    0 2202112    88 13211 19366   2   2  88   8   0 2026-09-16 18:13:34
 2  0      1353464       798800        20492     58325632    0    0 1789440     0 12554 18555   2   2  90   6   0 2026-09-16 18:13:35
 3  0      1353464       798648        20492     58325660    0    0 1714176   460 12830 18417   2   2  90   6   0 2026-09-16 18:13:36
 2  7      1353464       796464        20492     58325696    0    0 1881088     0 12798 18453   2   2  88   8   0 2026-09-16 18:13:37
 1  5      1353464       802048        20492     58325716    0    0 2244608     0 13318 19335   2   2  88   8   0 2026-09-16 18:13:38
 1  0      1353464       792544        20500     58325764    0    0 2731008    72 13821 20814   2   2  89   7   0 2026-09-16 18:13:39
 1  0      1353464       796176        20500     58325788    0    0 1714176     0 12257 18675   3   2  92   4   0 2026-09-16 18:13:40
 2  5      1353464       796628        20500     58325828    0    0 2132992   492 13109 19493   2   2  89   7   0 2026-09-16 18:13:41
 2  4      1353464       804136        20500     58325992    0    0 2255360     0 25195 19741   2   2  89   7   0 2026-09-16 18:13:42
 2  3      1353464       802656        20500     58326024    0    0 2291200     0 34571 20009   2   2  88   7   0 2026-09-16 18:13:43
 2  0      1353464       809772        20508     58326052    0    0 1891328    96 12518 19104   2   2  90   6   0 2026-09-16 18:13:44
 2  0      1353464       808868        20508     58326088    0    0 1714176     0 12012 18775   2   2  91   5   0 2026-09-16 18:13:45
 2  7      1353464       803960        20508     58326120    0    0 1976320   468 12878 19455   2   2  90   6   0 2026-09-16 18:13:46
 2  4      1353464       803064        20508     58326152    0    0 2255360     0 13131 19940   2   2  89   7   0 2026-09-16 18:13:47
 2  0      1353464       800220        20508     58326184    0    0 2625024     0 13743 20076   2   2  88   9   0 2026-09-16 18:13:48
 2  7      1353464       805812        20516     58326216    0    0 1841152   108 12426 18535   2   2  89   7   0 2026-09-16 18:13:49
 1  5      1353464       811420        20516     58326248    0    0 2168832     0 13344 19189   2   2  89   7   0 2026-09-16 18:13:50
 1  5      1353464       804280        20516     58326280    0    0 2247680   504 13488 19611   2   2  88   8   0 2026-09-16 18:13:51
procs -----------------------memory---------------------- ---swap-- -----io---- -system-- --------cpu-------- -----timestamp-----
 r  b         swpd         free         buff        cache   si   so    bi    bo   in   cs  us  sy  id  wa  st                 KST
 0  1      1353464       809716        20516     58326312    0    0 2241024     0 13414 19487   2   2  89   7   0 2026-09-16 18:13:52
 1  0      1353464       808040        20516     58326340    0    0 1786368     0 12561 18403   2   2  89   7   0 2026-09-16 18:13:53
 1  0      1353464       801900        20524     58326376    0    0 1714176    80 12383 18347   2   2  90   6   0 2026-09-16 18:13:54
 1  6      1353464       798984        20524     58326404    0    0 2021376     0 12979 18697   2   2  87   9   0 2026-09-16 18:13:55
 2  0      1353464       803180        20524     58326436    0    0 3118592     0 14414 21303   2   2  87  10   0 2026-09-16 18:13:56
 2  0      1353464       801272        20524     58326468    0    0 1716736   428 12249 18724   3   2  90   6   0 2026-09-16 18:13:57
 4  0      1353464       800620        20524     58326504    0    0 1714176     0 12021 18453   3   2  91   5   0 2026-09-16 18:13:58
 1  5      1353464       804500        20532     58326532    0    0 2234368    68 13213 19673   2   2  89   7   0 2026-09-16 18:13:59
 0  5      1353464       798532        20532     58326568    0    0 2157056     0 12798 19429   2   2  90   6   0 2026-09-16 18:14:00
 0  4      1353464       804972        20532     58326588    0    0 2126336     0 12770 19234   2   2  90   6   0 2026-09-16 18:14:01
 2  0      1353464       800496        20532     58326628    0    0 2053120   416 12966 19291   2   2  90   6   0 2026-09-16 18:14:02
 2  0      1353464       794804        20532     58326656    0    0 1714176     0 12102 18543   2   2  92   4   0 2026-09-16 18:14:03
 2  7      1353464       796156        20540     58326692    0    0 1952768    76 12717 19123   2   2  90   6   0 2026-09-16 18:14:04
 1  7      1353464       800852        20540     58326724    4    0 3300356     0 14221 21202   2   2  91   6   0 2026-09-16 18:14:05
 1  4      1353464       798268        20540     58326760    0    0 3212288     0 14848 21217   1   2  85  12   0 2026-09-16 18:14:06
 2  4      1353464       805400        20540     58326792    0    0 3050496   468 14593 20843   1   2  84  12   0 2026-09-16 18:14:07
 1  4      1353464       811012        20540     58326820    0    0 3217920     0 14955 20984   1   2  86  11   0 2026-09-16 18:14:08
 1  6      1353464       806312        20548     58326860    0    0 3138048    92 14527 21152   1   2  85  11   0 2026-09-16 18:14:09
 2  5      1353464       805604        20548     58326888    0    0 3338240     0 14931 21430   1   2  85  12   0 2026-09-16 18:14:10
 0  8      1353464       806040        20548     58326928    0    0 3021824     0 14074 21252   1   2  87  10   0 2026-09-16 18:14:11
 0  2      1353464       806696        20548     58326964    0    0 3108864   492 14053 21425   1   2  87  10   0 2026-09-16 18:14:12
procs -----------------------memory---------------------- ---swap-- -----io---- -system-- --------cpu-------- -----timestamp-----
 r  b         swpd         free         buff        cache   si   so    bi    bo   in   cs  us  sy  id  wa  st                 KST
 2  3      1353464       807048        20548     58326996    0    0 3317760     0 14212 21647   1   2  87  10   0 2026-09-16 18:14:13
 2  4      1353464       805616        20556     58327024    0    0 3171328   108 14203 21464   1   2  86  10   0 2026-09-16 18:14:14
 1  5      1353464       808236        20556     58327060    0    0 3005952     0 13800 21039   1   2  87  10   0 2026-09-16 18:14:15
 1  6      1353464       804364        20556     58327084    0    0 3102208     0 23975 20970   1   2  87   9   0 2026-09-16 18:14:16
 2  6      1353464       808888        20556     58327124    0    0 3243008   504 24346 21099   1   2  85  11   0 2026-09-16 18:14:17
 1  8      1353464       811480        20556     58327156    0    0 3175424     0 14250 20964   1   2  89   8   0 2026-09-16 18:14:18
 4  3      1353464       809948        20564     58327192    0    0 3195904   104 14576 21081   1   2  86  10   0 2026-09-16 18:14:19
 3  5      1353464       810556        20564     58327216    0    0 3195904     0 14320 20786   1   2  86  10   0 2026-09-16 18:14:20
 1  5      1353464       806112        20564     58327248    0    0 3132928     0 14570 20794   1   2  85  11   0 2026-09-16 18:14:21
 1  4      1353464       802404        20564     58327276    0    0 3237888   488 14343 21762   1   2  87  10   0 2026-09-16 18:14:22
 2  5      1353464       805248        20564     58327316    0    0 3012096     0 13999 21138   1   2  88   9   0 2026-09-16 18:14:23
 1  7      1353464       806392        20572     58327340    0    0 3018780    72 13633 21125   1   2  87  10   0 2026-09-16 18:14:24
 1  4      1353464       808236        20572     58327408    0    0 3217408     0 14154 21440   1   2  88   8   0 2026-09-16 18:14:25
 4  4      1353464       816240        20572     58327436    0    0 3024384     0 13800 21391   1   2  87  10   0 2026-09-16 18:14:26
 0  6      1353464       815584        20572     58327476    0    0 3035648   456 13399 21279   2   2  86  10   0 2026-09-16 18:14:27
 2  5      1353464       808164        20572     58327504    0    0 3223552     0 14223 21067   1   2  87   9   0 2026-09-16 18:14:28
 3  6      1353464       800704        20580     58327544    0    0 3180544    84 14500 21003   1   2  86  11   0 2026-09-16 18:14:29
 3  8      1353464       799116        20580     58327568    0    0 3318784     0 15041 21326   1   2  87  10   0 2026-09-16 18:14:30
 2  1      1353464       796252        20580     58327608    0    0 3234304     0 14812 21482   1   2  87  10   0 2026-09-16 18:14:31
 3  4      1353464       801684        20580     58327636    0    0 3158528   444 14864 20923   1   2  85  12   0 2026-09-16 18:14:32
 4  5      1353464       798776        20580     58327676    0    0 3343360     0 14545 21616   2   2  86  10   0 2026-09-16 18:14:33
procs -----------------------memory---------------------- ---swap-- -----io---- -system-- --------cpu-------- -----timestamp-----
 r  b         swpd         free         buff        cache   si   so    bi    bo   in   cs  us  sy  id  wa  st                 KST
 5  5      1353464       798608        20596     58327704    0    0 2990592   316 13675 21078   1   2  87  10   0 2026-09-16 18:14:34
 2  5      1353464       807592        20604     58327740    0    0 2999296    44 13946 21477   2   2  86  10   0 2026-09-16 18:14:35
 2  7      1353464       802444        20604     58327780    0    0 3182080     0 13907 21651   1   2  86  10   0 2026-09-16 18:14:36
 3  1      1353464       812156        20604     58327808    0    0 3124224   408 14344 21510   1   2  86  11   0 2026-09-16 18:14:37
 2  4      1353464       814516        20604     58327840    0    0 3118080     0 14093 21365   1   2  87   9   0 2026-09-16 18:14:38
 1  4      1353464       808608        20604     58327872    0    0 3280896     0 14259 21583   1   2  87  10   0 2026-09-16 18:14:39
 2  4      1353464       805688        20612     58327908    0    0 3318272    92 14970 21283   1   2  85  12   0 2026-09-16 18:14:40
 1  5      1353464       808884        20612     58327940    0    0 3180032     0 14574 20793   1   2  87  10   0 2026-09-16 18:14:41
 1  5      1353464       806464        20612     58327972    0    0 3266560     0 14605 21135   1   2  86  10   0 2026-09-16 18:14:42
 2  6      1353464       809792        20612     58328000    0    0 3274752   448 14767 21298   1   2  87  10   0 2026-09-16 18:14:43
 1  7      1353464       814644        20612     58328040    0    0 3190784     0 14596 21147   1   2  86  10   0 2026-09-16 18:14:44
 0  3      1353464       810408        20620     58328072    0    0 3069952    76 13741 21292   1   2  89   8   0 2026-09-16 18:14:45
 2  4      1353464       805068        20620     58328108    0    0 3126272     0 14399 21944   1   2  88   9   0 2026-09-16 18:14:46
 1  4      1353464       803192        20620     58328136    0    0 3024384     0 13824 21380   1   2  87  10   0 2026-09-16 18:14:47
 1  5      1353464       803772        20620     58328172    0    0 3125760   456 14134 21586   1   2  87  10   0 2026-09-16 18:14:48
 2  5      1353464       803936        20620     58328196    4    0 3165188     0 13890 21594   1   2  86  10   0 2026-09-16 18:14:49
 1  1      1353464       803928        20628     58328236    0    0 3063296    88 23141 21122   1   2  87  10   0 2026-09-16 18:14:50
 2  4      1353464       803544        20628     58328264    0    0 3144192     0 24117 20904   1   2  84  13   0 2026-09-16 18:14:51
 2  4      1353464       799192        20628     58328300    0    0 3255296     0 14693 20960   1   2  87   9   0 2026-09-16 18:14:52
 1  4      1353464       797280        20628     58328332    0    0 3253760   404 14670 21130   1   2  86  10   0 2026-09-16 18:14:53
 2  5      1353464       804460        20628     58328372    0    0 3188224     0 14659 21007   1   2  85  11   0 2026-09-16 18:14:54
procs -----------------------memory---------------------- ---swap-- -----io---- -system-- --------cpu-------- -----timestamp-----
 r  b         swpd         free         buff        cache   si   so    bi    bo   in   cs  us  sy  id  wa  st                 KST
 0  6      1353464       806816        20636     58328396    0    0 3222528    68 14739 21105   1   2  86  11   0 2026-09-16 18:14:55
 2  5      1353464       804160        20636     58328436    0    0 3210240     0 14184 21737   1   2  85  11   0 2026-09-16 18:14:56
 1  7      1353464       797172        20636     58328464    0    0 3196928     0 14192 21526   2   2  86  10   0 2026-09-16 18:14:57
 0  1      1353464       803832        20636     58328500    0    0 3216896   496 14056 21774   1   2  86  11   0 2026-09-16 18:14:58
 2  2      1353464       803892        20636     58328528    0    0 3338752     0 14445 21789   1   2  85  11   0 2026-09-16 18:14:59
 3  4      1353464       805508        20644     58328564    0    0 3187712   108 14159 21374   1   2  86  11   0 2026-09-16 18:15:00
 2  5      1353464       811164        20644     58328596    0    0 3141120     0 14124 21291   1   2  88   9   0 2026-09-16 18:15:01
 3  5      1353464       813916        20644     58328628    0    0 3183104     0 14518 20735   1   2  85  11   0 2026-09-16 18:15:02
 0  6      1353464       803808        20644     58328656    0    0 3284992   580 14925 21186   1   2  86  10   0 2026-09-16 18:15:03
 2  5      1353464       806908        20644     58328700    0    0 3323904     0 14809 21068   1   2  85  12   0 2026-09-16 18:15:04
 2  7      1353464       807520        20652     58328728    0    0 3224576    88 14546 20953   1   2  85  12   0 2026-09-16 18:15:05
 0  7      1353464       807376        20652     58328768    4    0 3261444     0 14752 21278   1   2  85  11   0 2026-09-16 18:15:06
 0  2      1353464       804448        20652     58328800    0    0 3165184     0 14514 21382   1   2  86  10   0 2026-09-16 18:15:07
 2  4      1353464       802584        20652     58328836    0    0 3148800   476 14113 21327   1   2  88   9   0 2026-09-16 18:15:08
 2  5      1353464       805816        20652     58328864    0    0 3030528     0 13653 21121   1   2  88   9   0 2026-09-16 18:15:09
 0  6      1353464       803920        20660     58328896    0    0 3022336   108 13586 21155   1   2  88   9   0 2026-09-16 18:15:10
 2  7      1353464       803548        20660     58328936    0    0 3134464     0 14104 21365   1   2  86  10   0 2026-09-16 18:15:11
 1  7      1353464       807736        20660     58328964    0    0 3349504     0 14327 21724   1   2  85  11   0 2026-09-16 18:15:12
 1  3      1353464       806608        20660     58328996    0    0 3124224   520 14144 20991   1   2  85  12   0 2026-09-16 18:15:13
 2  0      1353464       812748        20660     58329028    0    0 1847296     0 12519 18603   2   2  90   6   0 2026-09-16 18:15:14
 1  5      1353464       804012        20668     58329064    0    0 2345984    84 13365 19141   2   2  87   9   0 2026-09-16 18:15:15
procs -----------------------memory---------------------- ---swap-- -----io---- -system-- --------cpu-------- -----timestamp-----
 r  b         swpd         free         buff        cache   si   so    bi    bo   in   cs  us  sy  id  wa  st                 KST
 0  5      1353464       804356        20668     58329100    0    0 2501632     0 13654 19789   2   2  87   9   0 2026-09-16 18:15:16
 2  0      1353464       802164        20668     58329136    0    0 2009088     0 12656 18863   2   2  90   6   0 2026-09-16 18:15:17
 2  5      1353464       803312        20668     58329168    0    0 2157568   520 13234 18968   2   2  88   8   0 2026-09-16 18:15:18
 0  5      1353464       809204        20668     58329204    0    0 2525184     0 13525 19710   2   2  89   8   0 2026-09-16 18:15:19
 3  5      1353464       800700        20676     58329236    0    0 2520064   112 13554 19758   2   2  88   8   0 2026-09-16 18:15:20
 0  5      1353464       797020        20676     58329264    0    0 2441728     0 13283 19982   2   2  87   9   0 2026-09-16 18:15:21
 1  0      1353464       803948        20676     58329296    0    0 2290688     0 12792 19641   2   2  88   8   0 2026-09-16 18:15:22
 2  0      1353464       799512        20676     58329336    0    0 1778176     0 12332 18756   3   2  89   6   0 2026-09-16 18:15:23
 0  5      1353464       791524        20676     58329356    0    0 2570752   464 13581 20202   2   2  87   9   0 2026-09-16 18:15:24
 0  2      1353464       797200        20684     58329404    0    0 2471424    84 13250 19901   2   2  89   7   0 2026-09-16 18:15:25
 2  0      1353208       795636        20684     58329432    4    0 1814532     0 12567 19112   3   2  91   5   0 2026-09-16 18:15:26
 0  6      1353208       792568        20684     58329464    0    0 2342912     0 13015 19775   2   2  88   8   0 2026-09-16 18:15:27
 2  4      1353208       794744        20684     58329496    0    0 2426880     0 12879 20048   2   2  90   6   0 2026-09-16 18:15:28
 1  5      1353208       787288        20684     58329528    0    0 2529280   484 13460 19654   2   2  87   9   0 2026-09-16 18:15:29
 1  5      1353208       788392        20692     58329556    0    0 2585600    76 13578 19875   2   2  88   8   0 2026-09-16 18:15:30
 2  0      1353208       794292        20692     58329588    0    0 2114560     0 12885 19183   2   2  89   7   0 2026-09-16 18:15:31
 2  6      1353208       794452        20692     58329624    0    0 2021376     0 12777 18511   2   2  87   9   0 2026-09-16 18:15:32
 1  4      1353208       787040        20692     58329660    0    0 2599936     0 13583 19921   2   2  89   7   0 2026-09-16 18:15:33
 1  0      1353208       791656        20692     58329696    0    0 2235392   416 12913 19338   2   2  89   7   0 2026-09-16 18:15:34
 0  7      1353208       789524        20700     58329728    0    0 1902592    80 12293 18473   2   2  90   6   0 2026-09-16 18:15:35
 1  1      1353208       793428        20700     58329760    0    0 3172864     0 14162 21577   1   2  88   8   0 2026-09-16 18:15:36
procs -----------------------memory---------------------- ---swap-- -----io---- -system-- --------cpu-------- -----timestamp-----
 r  b         swpd         free         buff        cache   si   so    bi    bo   in   cs  us  sy  id  wa  st                 KST
 1  0      1353208       790284        20700     58329788    0    0 1781248     0 12321 18776   2   2  91   5   0 2026-09-16 18:15:37
 3  5      1353208       789928        20700     58329824    0    0 2229248     0 12716 19602   2   2  90   6   0 2026-09-16 18:15:38
 2  4      1353208       796268        20700     58329848    0    0 2459648   400 13194 20096   2   2  88   9   0 2026-09-16 18:15:39
 2  0      1353208       789256        20708     58329888    0    0 2167808    80 12670 19497   2   2  89   7   0 2026-09-16 18:15:40
 2  7      1353208       795908        20708     58329920    0    0 1787904     0 12427 18769   2   2  90   6   0 2026-09-16 18:15:41
 1  4      1353208       799356        20708     58329956    0    0 2457088     0 13146 20122   2   2  89   7   0 2026-09-16 18:15:42
 2  3      1353208       808088        20708     58329984    0    0 2452992     0 15923 20062   2   2  88   8   0 2026-09-16 18:15:43
 3  6      1353208       815420        20708     58330020    0    0 2120704   480 15237 19203   2   2  88   8   0 2026-09-16 18:15:44
 1  8      1353208       812504        20716     58330040    0    0 3254272   100 14599 21243   2   2  86  11   0 2026-09-16 18:15:45
 3  0      1353208       814112        20716     58330132    0    0 3286576     0 14749 21733   1   2  84  12   0 2026-09-16 18:15:46
 2  4      1353208       809196        20716     58330160    0    0 3216896     0 14790 21059   1   2  86  11   0 2026-09-16 18:15:47
 2  4      1353208       808508        20716     58330192    0    0 3185664     0 14744 20870   1   2  86  11   0 2026-09-16 18:15:48
 2  4      1353208       802588        20716     58330232    0    0 3231232   540 14855 21439   1   2  85  11   0 2026-09-16 18:15:49
 2  5      1353208       801668        20724     58330252    0    0 3192320    84 14132 21620   1   2  86  10   0 2026-09-16 18:15:50
 0  5      1353208       795936        20724     58330296    0    0 3036160     0 13957 21373   1   2  88   9   0 2026-09-16 18:15:51
 2  0      1353208       801556        20724     58330332    0    0 3047936     0 13960 21180   1   2  88   8   0 2026-09-16 18:15:52
 2  3      1353208       808760        20724     58330360    0    0 3228160     0 14217 21478   1   2  89   7   0 2026-09-16 18:15:53
 0  5      1353208       814868        20724     58330396    0    0 3024384   468 13840 21311   1   2  88   9   0 2026-09-16 18:15:54
 1  5      1353208       814156        20732     58330424    0    0 2976256    84 13787 21208   1   2  86  10   0 2026-09-16 18:15:55
 2  5      1353208       805940        20732     58330456    0    0 3168256     0 14159 20907   1   2  85  11   0 2026-09-16 18:15:56
 1  6      1353208       805820        20732     58330496    0    0 3300352     0 14985 21217   1   2  86  10   0 2026-09-16 18:15:57
procs -----------------------memory---------------------- ---swap-- -----io---- -system-- --------cpu-------- -----timestamp-----
 r  b         swpd         free         buff        cache   si   so    bi    bo   in   cs  us  sy  id  wa  st                 KST
 0  8      1353208       798884        20732     58330520    0    0 3336192     0 14943 21267   2   2  85  11   0 2026-09-16 18:15:58
 1  0      1353208       802860        20732     58330560    0    0 3249664   480 15047 21463   1   2  86  11   0 2026-09-16 18:15:59
 1  4      1353208       799444        20740     58330716    0    0 3212800    88 14757 20925   1   2  85  12   0 2026-09-16 18:16:00
 1  5      1353208       802532        20740     58330756    0    0 3136512     0 14578 21222   1   2  85  12   0 2026-09-16 18:16:01
 0  6      1353208       805668        20740     58330780    0    0 2991104     0 13577 21052   1   2  86  11   0 2026-09-16 18:16:02
 2  5      1353208       797232        20740     58330828    0    0 3024896     0 14090 21488   1   2  87  10   0 2026-09-16 18:16:03
 1  8      1353208       797272        20740     58330860    0    0 3174400   520 13962 21545   1   2  88   9   0 2026-09-16 18:16:04
 1  0      1353208       802636        20748     58330888    0    0 3303936   116 14414 21558   1   2  86  11   0 2026-09-16 18:16:05
 0  1      1353208       804188        20748     58330928    4    0 3371012     0 14541 22102   1   2  87  10   0 2026-09-16 18:16:06
 2  5      1353208       802736        20748     58330964    0    0 3232256     0 14640 21302   1   2  85  11   0 2026-09-16 18:16:07
 2  4      1353208       808384        20748     58330996    0    0 3240960     0 15084 21189   1   2  84  13   0 2026-09-16 18:16:08
 2  4      1353208       808240        20748     58331040    0    0 3173888     0 14701 20913   1   2  85  12   0 2026-09-16 18:16:09
 1  5      1353208       804328        20756     58331068    4    0 3236356   800 14863 21170   1   2  85  11   0 2026-09-16 18:16:10
 3  5      1353208       798648        20756     58331104    0    0 3149824     0 14696 20893   1   2  85  11   0 2026-09-16 18:16:11
 1  6      1353208       794488        20756     58331112    0    0 3359744     0 14952 21496   1   2  86  10   0 2026-09-16 18:16:12
 2  7      1353208       795628        20756     58331148    0    0 3169280     0 14227 21411   1   2  86  11   0 2026-09-16 18:16:13
 2  1      1353208       800224        20756     58331188    0    0 3222016     0 14064 21606   1   2  86  10   0 2026-09-16 18:16:14
 1  2      1353208       796260        20764     58331216    0    0 3347968   676 14676 21842   1   2  86  10   0 2026-09-16 18:16:15
 2  4      1353208       797624        20764     58331252    0    0 3176448     0 13885 21378   1   2  86  11   0 2026-09-16 18:16:16
 1  5      1353208       799440        20764     58331280    0    0 3298304     0 26298 21679   1   2  86  11   0 2026-09-16 18:16:17
 0  5      1353208       796748        20764     58331316    0    0 3343360     0 14656 21436   1   2  87  10   0 2026-09-16 18:16:18
procs -----------------------memory---------------------- ---swap-- -----io---- -system-- --------cpu-------- -----timestamp-----
 r  b         swpd         free         buff        cache   si   so    bi    bo   in   cs  us  sy  id  wa  st                 KST
 1  5      1353208       801864        20764     58331344    0    0 3325440     0 14745 21099   1   2  88   9   0 2026-09-16 18:16:19
 2  5      1353208       801996        20772     58331380    0    0 3242496   560 14552 20974   1   2  86  11   0 2026-09-16 18:16:20
 0  6      1353208       803108        20772     58331412    0    0 3221504     0 14780 20937   1   2  86  10   0 2026-09-16 18:16:21
 2  5      1353208       800148        20772     58331444    0    0 3259392     0 14586 20989   1   2  86  10   0 2026-09-16 18:16:22
 1  8      1353208       793508        20772     58331464    0    0 3145728     0 14734 21111   1   2  85  12   0 2026-09-16 18:16:23
 0  1      1353208       796640        20772     58331508    0    0 3165704     0 14364 21460   1   2  87  10   0 2026-09-16 18:16:24
 2  4      1353208       796796        20780     58331544    0    0 3188224   568 14219 21488   1   2  88   8   0 2026-09-16 18:16:25
 3  4      1353208       807228        20780     58331580    4    0 3032580     0 14140 21532   1   2  87   9   0 2026-09-16 18:16:26
 2  5      1353208       802620        20780     58331608    0    0 2978304     0 13743 21034   1   2  90   7   0 2026-09-16 18:16:27
 0  6      1353208       807060        20780     58331648    0    0 3351552     0 14632 21898   1   2  88   9   0 2026-09-16 18:16:28
 1  8      1353208       794592        20780     58331672    0    0 3078144     0 13522 20911   1   2  88   9   0 2026-09-16 18:16:29
 1  1      1353208       801688        20788     58331716    0    0 3199488   608 14605 21128   1   2  84  13   0 2026-09-16 18:16:30
 2  4      1353208       799792        20788     58331748    0    0 3176960     0 14399 20904   1   2  86  11   0 2026-09-16 18:16:31
 1  5      1353208       802656        20788     58331784    0    0 3312640     0 14800 20871   1   2  86  10   0 2026-09-16 18:16:32
 1  5      1353208       799216        20788     58331812    0    0 3223040     0 14337 20961   1   2  85  11   0 2026-09-16 18:16:33
 2  4      1353208       797292        20788     58331856    0    0 3268608     0 14474 21054   1   2  87  10   0 2026-09-16 18:16:34
 1  5      1353208       791880        20796     58331884    0    0 3149312   616 14028 21611   2   2  86  10   0 2026-09-16 18:16:35
 1  6      1353208       800336        20796     58331920    0    0 3198976     0 14241 21550   1   2  88   8   0 2026-09-16 18:16:36
 1  0      1353208       799460        20796     58331944    0    0 3038208     0 13793 21142   1   2  88   9   0 2026-09-16 18:16:37
 1  3      1353208       798836        20796     58331984    0    0 3244032     0 14312 21720   1   2  85  11   0 2026-09-16 18:16:38
 2  4      1353208       807036        20796     58332016    0    0 3170304     0 14256 21633   1   2  86  11   0 2026-09-16 18:16:39
procs -----------------------memory---------------------- ---swap-- -----io---- -system-- --------cpu-------- -----timestamp-----
 r  b         swpd         free         buff        cache   si   so    bi    bo   in   cs  us  sy  id  wa  st                 KST
 2  4      1353208       809636        20804     58332040    0    0 3131904   564 14304 21521   2   2  86  10   0 2026-09-16 18:16:40
 2  5      1353208       807188        20804     58332076    0    0 3174912     0 14718 21040   1   2  86  11   0 2026-09-16 18:16:41
 0  6      1353208       808096        20804     58332108    0    0 3304448     0 15120 21168   2   2  85  11   0 2026-09-16 18:16:42
 0  5      1353208       818232        20804     58332140    0    0 3214336     0 14700 21102   1   2  86  10   0 2026-09-16 18:16:43
 1  7      1353208       819872        20804     58332172    0    0 3266560     0 14697 20969   1   2  86  10   0 2026-09-16 18:16:44
 1  7      1353208       815244        20812     58332192    0    0 3314608   488 15164 21369   2   2  84  12   0 2026-09-16 18:16:45
 0  3      1353208       815320        20812     58332232    4    0 3185748     0 14590 21723   1   2  85  11   0 2026-09-16 18:16:46
 0  5      1353208       812124        20812     58332268    0    0 3047424     0 13812 21260   1   2  87  10   0 2026-09-16 18:16:47
 2  4      1353208       814712        20812     58332300    0    0 3054080     0 13733 21515   1   2  87   9   0 2026-09-16 18:16:48
 3  5      1353208       813272        20812     58332332    0    0 3175936     0 14486 21564   1   2  86  10   0 2026-09-16 18:16:49
 2  8      1353208       806608        20820     58332360    0    0 2963456    44 25003 21262   1   2  87  10   0 2026-09-16 18:16:50
 2  2      1353208       799640        20820     58332396    0    0 3197440   544 14095 21352   1   2  87  10   0 2026-09-16 18:16:51
 2  4      1353208       799056        20820     58332420    0    0 3154432     0 14080 21182   1   2  84  12   0 2026-09-16 18:16:52
 0  5      1353208       801952        20832     58333216    0    0 3179772     0 14741 21033   1   2  85  12   0 2026-09-16 18:16:53
 1  6      1353208       804548        20832     58333248    0    0 3215872     0 14626 21103   1   2  84  12   0 2026-09-16 18:16:54
 1  6      1353208       806964        20840     58333276    0    0 3260416    92 14796 21277   1   2  86  11   0 2026-09-16 18:16:55
 0  6      1353208       807400        20840     58333316    0    0 3173376   436 14720 21084   1   2  86  10   0 2026-09-16 18:16:56
 2  5      1353208       803444        20840     58333356    0    0 3365888     0 14972 21666   1   2  87  10   0 2026-09-16 18:16:57
 1  1      1353208       801864        20840     58333376    0    0 3053056     0 13927 21427   2   2  87   9   0 2026-09-16 18:16:58
 0  3      1353208       807532        20840     58333416    0    0 3315200     0 14291 21912   1   2  85  11   0 2026-09-16 18:16:59
 0  4      1353208       805324        20848     58333444    0    0 3221504    96 14412 21678   1   2  87   9   0 2026-09-16 18:17:00
procs -----------------------memory---------------------- ---swap-- -----io---- -system-- --------cpu-------- -----timestamp-----
 r  b         swpd         free         buff        cache   si   so    bi    bo   in   cs  us  sy  id  wa  st                 KST
 0  5      1353208       796548        20848     58333476    0    0 3015168   536 13672 21266   1   2  88   9   0 2026-09-16 18:17:01
 1  6      1353208       792340        20848     58333508    0    0 3168768     0 14360 21672   1   2  87  10   0 2026-09-16 18:17:02
 2  5      1353208       792948        20848     58333544    0    0 3150848     0 14118 21337   1   2  87  10   0 2026-09-16 18:17:03
 1  6      1353208       792612        20848     58333576    0    0 3342336     0 15097 21229   1   2  86  10   0 2026-09-16 18:17:04
 1  8      1353208       795768        20856     58333612    0    0 3298304    96 14974 21178   1   2  86  11   0 2026-09-16 18:17:05
 1  8      1353208       801168        20856     58333644    0    0 3279872   560 14833 21458   1   2  86  11   0 2026-09-16 18:17:06
 1  3      1353208       799064        20856     58333676    0    0 3263488     0 14864 21123   1   2  84  13   0 2026-09-16 18:17:07
 3  5      1353208       797616        20856     58333712    0    0 2990080     0 14289 20541   1   2  85  12   0 2026-09-16 18:17:08
 0  5      1353208       797736        20856     58333736    0    0 3123712     0 14268 21474   1   2  86  10   0 2026-09-16 18:17:09
 4  4      1353208       789496        20864     58333776    0    0 2981376   104 13714 21084   1   2  86  10   0 2026-09-16 18:17:10
 2  7      1353208       792116        20864     58333816    0    0 3016704   520 13699 21057   1   2  89   8   0 2026-09-16 18:17:11
 1  4      1353208       794268        20864     58333844    0    0 3223552     0 14140 21316   1   2  86  11   0 2026-09-16 18:17:12
 1  4      1353208       790828        20864     58333880    0    0 3328000     0 14120 21657   1   2  87  10   0 2026-09-16 18:17:13
 1  4      1353208       795788        20864     58333916    0    0 3045888     0 14142 21162   1   2  87  10   0 2026-09-16 18:17:14
 2  7      1353208       798428        20872     58333948    0    0 2706944    84 14006 19912   2   2  86  11   0 2026-09-16 18:17:15
 1  2      1353208       792700        20872     58333980    0    0 3008512   464 14396 20759   2   2  89   8   0 2026-09-16 18:17:16
 1  5      1353208       794308        20872     58334016    0    0 2456576     0 13705 19406   2   2  87   9   0 2026-09-16 18:17:17
 2  0      1353208       798988        20872     58334048    0    0 2779136     0 14088 20347   2   2  89   7   0 2026-09-16 18:17:18
 1  5      1353208       803712        20872     58334072    0    0 2777600     0 14895 20126   2   2  85  11   0 2026-09-16 18:17:19
 1 10      1353208       798292        20876     58334112    0    0 2438656    80 13372 19512   2   2  87  10   0 2026-09-16 18:17:20
 1  2      1353208       801388        20880     58334140    0    0 3258368   468 14829 21635   1   2  85  12   0 2026-09-16 18:17:21
procs -----------------------memory---------------------- ---swap-- -----io---- -system-- --------cpu-------- -----timestamp-----
 r  b         swpd         free         buff        cache   si   so    bi    bo   in   cs  us  sy  id  wa  st                 KST
 2  5      1353208       799948        20880     58334176    4    0 2412548     0 13071 19941   2   2  89   7   0 2026-09-16 18:17:22
 0  1      1353208       796800        20880     58334208    0    0 2743808     0 13612 20522   2   2  88   8   0 2026-09-16 18:17:23
 0  6      1353208       794968        20880     58334248    0    0 2428416     0 13234 19934   2   2  91   6   0 2026-09-16 18:17:24
 2  0      1353208       799340        20888     58334272    0    0 2796544    92 13596 20594   1   2  90   6   0 2026-09-16 18:17:25
 2  4      1353208       801448        20888     58334312   16    0 2679312   440 14063 20695   2   2  89   7   0 2026-09-16 18:17:26
 4  0      1353208       796408        20888     58334340    0    0 2463232     0 28400 19832   2   2  88   8   0 2026-09-16 18:17:27
 2  4      1353208       798240        20888     58334368    0    0 3185664     0 14293 21018   2   2  85  11   0 2026-09-16 18:17:28
 1  5      1353208       795056        20888     58334404    0    0 2552832     0 13838 19577   2   2  88   8   0 2026-09-16 18:17:29
 3  0      1353208       791200        20896     58334436    0    0 2832384    88 14490 20324   2   2  87  10   0 2026-09-16 18:17:30
 1  4      1353208       799120        20896     58334468    0    0 2613760   452 14117 19784   2   2  85  11   0 2026-09-16 18:17:31
 1  8      1353208       796424        20896     58334496    0    0 2618880     0 13694 19884   2   2  89   8   0 2026-09-16 18:17:32
 3  4      1353208       799796        20896     58334536    0    0 2954240     0 14298 20451   1   2  89   8   0 2026-09-16 18:17:33
 1  5      1353208       805204        20896     58334564    0    0 2843648     0 13891 20437   2   2  87  10   0 2026-09-16 18:17:34
 1  0      1353208       800296        20896     58334604    0    0 2682880     0 13587 20596   2   2  88   8   0 2026-09-16 18:17:35
 1  4      1353208       798912        20904     58334632    0    0 2596352    72 13333 20447   2   2  88   8   0 2026-09-16 18:17:36
 1  0      1353208       801036        20904     58334672    0    0 2546176   508 13290 20367   2   2  88   8   0 2026-09-16 18:17:37
 2  4      1353208       801684        20904     58334696    0    0 2749952     0 13918 20631   2   2  85  11   0 2026-09-16 18:17:38
 0  8      1353208       788796        20904     58334740    0    0 2400768     0 12874 20116   2   2  88   8   0 2026-09-16 18:17:39
 0  5      1353208       791140        20904     58334768    0    0 2894848     0 13747 20769   2   2  87   9   0 2026-09-16 18:17:40
 0  5      1353208       793024        20912     58334800    0    0 2655232   104 13702 20240   2   2  87   9   0 2026-09-16 18:17:41
 2  5      1353208       796212        20912     58334832    0    0 2546688   440 14127 20151   2   2  87   9   0 2026-09-16 18:17:42
procs -----------------------memory---------------------- ---swap-- -----io---- -system-- --------cpu-------- -----timestamp-----
 r  b         swpd         free         buff        cache   si   so    bi    bo   in   cs  us  sy  id  wa  st                 KST
 2  0      1353208       794604        20912     58334868    0    0 2180096     0 13162 19469   2   2  89   7   0 2026-09-16 18:17:43
 1  6      1353208       793472        20912     58334904    0    0 1908736     0 13105 18437   2   2  87   9   0 2026-09-16 18:17:44
 2  5      1353208       796660        20912     58334940    4    0 2492932     0 14083 19956   2   2  85  11   0 2026-09-16 18:17:45
 1  0      1353208       799684        20920     58334964    0    0 2455040    84 13750 19950   2   2  90   6   0 2026-09-16 18:17:46
 1  8      1353208       799064        20920     58335000    0    0 1857536   508 12859 18505   2   2  91   5   0 2026-09-16 18:17:47
 2  4      1353208       797116        20920     58335024    0    0 2510336     0 13807 19747   2   2  87   9   0 2026-09-16 18:17:48
 1  0      1353208       798196        20920     58335064    0    0 2488832     0 13342 20331   2   2  89   7   0 2026-09-16 18:17:49
 1  5      1353208       801432        20920     58335092    0    0 2394112     0 16720 20042   2   2  88   7   0 2026-09-16 18:17:50
 1  3      1353208       807372        20928     58335124    0    0 2470912    92 13108 19933   2   2  90   7   0 2026-09-16 18:17:51
 2  0      1353208       806744        20928     58335172    0    0 1991680   468 12476 19262   2   2  90   6   0 2026-09-16 18:17:52
 1  6      1353208       800788        20928     58335328    0    0 2046976     0 12492 19199   2   2  90   6   0 2026-09-16 18:17:53
 2  5      1353208       798864        20928     58335360    0    0 2475520     0 13483 20160   2   2  90   6   0 2026-09-16 18:17:54
 0  1      1353208       796456        20928     58335392    0    0 2288640     0 13200 19799   2   2  90   7   0 2026-09-16 18:17:55
 2  0      1353208       803376        20936     58335428    0    0 1759744    72 12139 18667   2   2  91   5   0 2026-09-16 18:17:56
 2  4      1353208       802744        20936     58335460    0    0 3095552   492 14809 21121   2   2  86  10   0 2026-09-16 18:17:57
 2  0      1353208       803864        20936     58335488    0    0 2046976     0 13288 19004   2   2  90   6   0 2026-09-16 18:17:58
 1  6      1353208       809292        20936     58335512    0    0 2244608     0 13710 19122   2   2  87   8   0 2026-09-16 18:17:59
 2  5      1353208       805080        20936     58335560    0    0 2614272     0 14152 20001   2   2  89   7   0 2026-09-16 18:18:00
 2  0      1353208       790792        20944     58335596    0    0 1997824    88 12757 18874   2   2  90   6   0 2026-09-16 18:18:01
 0  7      1353208       800240        20944     58335636    0    0 2059264   460 13062 18728   2   2  87   9   0 2026-09-16 18:18:02
 0  4      1353208       799864        20944     58335668    0    0 2529280     0 13827 20165   2   2  87   9   0 2026-09-16 18:18:03
procs -----------------------memory---------------------- ---swap-- -----io---- -system-- --------cpu-------- -----timestamp-----
 r  b         swpd         free         buff        cache   si   so    bi    bo   in   cs  us  sy  id  wa  st                 KST
 3  7      1353208       795416        20944     58335704    0    0 2387968     0 13180 19669   2   2  88   8   0 2026-09-16 18:18:04
 2  4      1353208       791252        20944     58335728    0    0 2405888     0 13377 19951   2   2  88   8   0 2026-09-16 18:18:05
 1  3      1353208       788060        20952     58335780    0    0 2448896   120 13232 20448   2   2  90   6   0 2026-09-16 18:18:06
 2  0      1353208       794280        20952     58335804    0    0 1882112   488 12470 18902   2   2  90   6   0 2026-09-16 18:18:07
 2  5      1353208       795736        20952     58335832    0    0 2163712     0 12781 19432   2   2  90   7   0 2026-09-16 18:18:08
 0  5      1353208       790548        20952     58335872    0    0 2453504     0 13231 20058   2   2  89   7   0 2026-09-16 18:18:09
 2  0      1353208       795704        20952     58335908    0    0 2239488     0 12919 19701   2   2  90   6   0 2026-09-16 18:18:10
 2  7      1353208       793360        20960     58335936    0    0 1961984   100 12821 18973   2   2  89   7   0 2026-09-16 18:18:11
 0  5      1353208       794264        20960     58335968    0    0 2478592   472 13496 20021   2   2  89   8   0 2026-09-16 18:18:12
 1  0      1353208       796356        20960     58335996    0    0 2416128     0 13404 19508   2   2  88   8   0 2026-09-16 18:18:13
 1  0      1353208       793148        20960     58336032    0    0 1714176     0 12516 18264   2   2  90   6   0 2026-09-16 18:18:14
 1  8      1353208       791716        20960     58336064    0    0 1824768     0 12676 18277   3   2  89   6   0 2026-09-16 18:18:15
 3  6      1353208       785300        20968     58336092    0    0 1916928    72 12830 18349   2   2  89   8   0 2026-09-16 18:18:16
 1  6      1353208       787144        20968     58336128    0    0 2111488   232 13152 18908   2   2  89   7   0 2026-09-16 18:18:17
 1  5      1353208       786172        20968     58336156    0    0 2011648   204 13385 18879   2   2  89   7   0 2026-09-16 18:18:18
 2  4      1353208       786308        20968     58336192    0    0 1994240     0 12856 18775   2   2  89   7   0 2026-09-16 18:18:19
 1  4      1353208       790696        20968     58336228    0    0 2031616     0 12903 18972   2   2  89   7   0 2026-09-16 18:18:20
 1  7      1353208       799348        20976     58336268    0    0 1997824    76 12725 18743   3   2  89   7   0 2026-09-16 18:18:21
 2  5      1353208       797664        20976     58336296    0    0 2013184     0 12790 19148   2   2  89   7   0 2026-09-16 18:18:22
 1  4      1353208       796644        20976     58336332    0    0 2044416   504 13029 19191   2   2  88   8   0 2026-09-16 18:18:23
 1  5      1353208       796220        20976     58336356    0    0 2065920     0 12710 19169   2   2  90   5   0 2026-09-16 18:18:24
procs -----------------------memory---------------------- ---swap-- -----io---- -system-- --------cpu-------- -----timestamp-----
 r  b         swpd         free         buff        cache   si   so    bi    bo   in   cs  us  sy  id  wa  st                 KST
 3  3      1353208       797624        20976     58336396    0    0 2024448     0 12875 19170   2   2  89   7   0 2026-09-16 18:18:25
 1  1      1353208       799976        20984     58336424    4    0 1934852   100 12317 19192   2   2  89   7   0 2026-09-16 18:18:26
 3  0      1353208       797072        20984     58336460    0    0 1741312     0 12356 18530   2   2  92   4   0 2026-09-16 18:18:27
 1  0      1353208       797132        20984     58336496    0    0 1714176   448 12193 18500   2   2  92   4   0 2026-09-16 18:18:28
 2  0      1353208       793444        20984     58336544    0    0 1714184     0 12484 18601   3   2  91   4   0 2026-09-16 18:18:29
 3  0      1353208       791348        20984     58336572    0    0 1714176     0 12136 18471   2   2  90   5   0 2026-09-16 18:18:30
 1  4      1353208       803944        20992     58336608    0    0 3274752    88 14810 21220   2   2  85  11   0 2026-09-16 18:18:31
 1  0      1353208       795412        20992     58336624    0    0 1867776     0 12728 18421   2   2  90   6   0 2026-09-16 18:18:32
 1  0      1353208       794752        20992     58336672    0    0 1714176   512 12416 18219   2   2  90   6   0 2026-09-16 18:18:33
 1  0      1353208       786536        20992     58336696    0    0 1714176     0 12550 18168   2   2  89   7   0 2026-09-16 18:18:34
 1  0      1353208       796944        20992     58336732    0    0 1714176     0 12205 18159   2   2  90   5   0 2026-09-16 18:18:35
 1  0      1353208       794240        21000     58336764    0    0 1714176    84 12045 18202   2   2  91   5   0 2026-09-16 18:18:36
 2  6      1353208       791288        21000     58336796    0    0 1890304     0 12363 18152   2   2  88   8   0 2026-09-16 18:18:37
 2  5      1353208       791424        21000     58336824    0    0 1992704   432 12774 18836   2   2  89   7   0 2026-09-16 18:18:38
 1  5      1353208       789048        21000     58336860    0    0 1967104     0 12764 18727   2   2  89   7   0 2026-09-16 18:18:39
 2  0      1353208       787924        21000     58336892    0    0 2720768     0 13582 20626   2   2  88   9   0 2026-09-16 18:18:40
 2  0      1353208       788048        21008     58336928    0    0 1714176    84 11891 18658   2   2  90   6   0 2026-09-16 18:18:41
 1  0      1353208       792180        21008     58336964    0    0 1714176     0 12127 18569   2   2  92   4   0 2026-09-16 18:18:42
 2  7      1353208       790192        21008     58336992    0    0 1780736   516 12004 18812   2   2  92   4   0 2026-09-16 18:18:43
 2  6      1353208       793556        21008     58337024    0    0 2029568     0 12328 19144   2   2  92   4   0 2026-09-16 18:18:44
 0  6      1353208       792200        21008     58337056    0    0 2004992     0 12476 19132   2   2  89   7   0 2026-09-16 18:18:45
procs -----------------------memory---------------------- ---swap-- -----io---- -system-- --------cpu-------- -----timestamp-----
 r  b         swpd         free         buff        cache   si   so    bi    bo   in   cs  us  sy  id  wa  st                 KST
 1  5      1353208       792560        21016     58337088    0    0 1955328    76 12671 19553   2   2  91   5   0 2026-09-16 18:18:46
 0  5      1353208       785828        21016     58337120    0    0 2043392     0 12840 19210   2   2  90   6   0 2026-09-16 18:18:47
 3  2      1353208       784380        21016     58337160    0    0 2030592   420 12747 19627   2   2  90   6   0 2026-09-16 18:18:48
 1  7      1353208       793364        21016     58337184    0    0 1960960     0 12412 18879   3   2  90   6   0 2026-09-16 18:18:49
 1  8      1353208       785436        21016     58337224    0    0 1695744     0 12604 18294   3   2  89   6   0 2026-09-16 18:18:50
 1  0      1353208       784540        21024     58337252    0    0 1640448    80 12309 18463   3   2  90   5   0 2026-09-16 18:18:51
 2  0      1353208       788116        21024     58337288    0    0 1714176     0 12320 18182   3   2  90   6   0 2026-09-16 18:18:52
 1  0      1353208       797048        21024     58337320    0    0 1714176   492 12634 18255   2   2  89   7   0 2026-09-16 18:18:53
 2  0      1353208       791680        21024     58337360    0    0 1714176     0 12386 18412   2   2  91   5   0 2026-09-16 18:18:54
 2  0      1353208       796680        21024     58337380    0    0 1714176     0 12353 18281   3   2  89   7   0 2026-09-16 18:18:55
 1  0      1353208       793752        21032     58337420    0    0 1714176   108 12386 18379   3   2  89   6   0 2026-09-16 18:18:56
 1  1      1353208       792108        21032     58337460    0    0 1650176     0 12200 18208   2   1  90   6   0 2026-09-16 18:18:57
 1  4      1353208       791764        21032     58337496    0    0 1408512   428 12082 17823   3   2  90   5   0 2026-09-16 18:18:58
 0  5      1353208       790116        21032     58337528    0    0 1469448     0 12145 17833   3   2  90   5   0 2026-09-16 18:18:59
 1  0      1353208       792236        21032     58337568    0    0 2328576     0 13286 19776   2   2  90   6   0 2026-09-16 18:19:00
 2  0      1353208       785408        21040     58337592    0    0 1714176    88 12213 18613   3   2  91   5   0 2026-09-16 18:19:01
 2  0      1353208       789060        21040     58337628    0    0 1714176     0 11945 18559   2   2  91   5   0 2026-09-16 18:19:02
 2  0      1353208       784140        21040     58337652    0    0 1714176     0 12361 18579   3   2  91   5   0 2026-09-16 18:19:03
 2  1      1353208       787312        21040     58337688    0    0 1672704   400 12213 18531   3   2  90   6   0 2026-09-16 18:19:04
 3  3      1353208       784172        21040     58337720    0    0 1473024     0 11726 18115   3   2  91   4   0 2026-09-16 18:19:05
 0  5      1353208       795904        21048     58337756    0    0 1454080    76 12305 18491   3   2  91   5   0 2026-09-16 18:19:06
procs -----------------------memory---------------------- ---swap-- -----io---- -system-- --------cpu-------- -----timestamp-----
 r  b         swpd         free         buff        cache   si   so    bi    bo   in   cs  us  sy  id  wa  st                 KST
 1  5      1353208       789452        21048     58337824    0    0 1444384     0 11829 18268   3   2  91   4   0 2026-09-16 18:19:07
 3  5      1353208       791108        21048     58337872    0    0 1417728     0 11699 17999   3   2  91   4   0 2026-09-16 18:19:08
 0  6      1353208       788956        21048     58337904    0    0 1448960   500 11925 18076   3   2  91   4   0 2026-09-16 18:19:09
 2  7      1353208       785752        21048     58337932    4    0 1465348     0 11724 18127   3   2  91   5   0 2026-09-16 18:19:10
 1  2      1353208       798712        21056     58337972    0    0 3247104   108 14503 21142   2   2  86  10   0 2026-09-16 18:19:11
 1  5      1353208       786444        21056     58338004    0    0 1385472     0 12223 17564   3   2  91   5   0 2026-09-16 18:19:12
 1  5      1353208       779688        21056     58338036    0    0 1412608     0 12062 17551   3   2  91   5   0 2026-09-16 18:19:13
 1  5      1353208       782804        21056     58338068    0    0 1438208   460 12245 17736   3   2  91   5   0 2026-09-16 18:19:14
 1  5      1353208       787424        21056     58338100    0    0 1432576     0 12250 17627   3   2  90   5   0 2026-09-16 18:19:15
 2  8      1353208       787632        21064     58338132    0    0 1443840    88 11870 17726   3   2  91   5   0 2026-09-16 18:19:16
 3  0      1353208       782220        21064     58338176    0    0 1548288     0 12116 18132   3   2  91   5   0 2026-09-16 18:19:17
 1  0      1353208       781364        21064     58338192    0    0 1714176     0 12242 18383   2   2  92   4   0 2026-09-16 18:19:18
 2  0      1353208       785500        21064     58338236    4    0 1714228   504 12361 18307   3   2  89   7   0 2026-09-16 18:19:19
 1  0      1353208       782320        21064     58338308    0    0 1714176     0 12376 18201   2   2  90   6   0 2026-09-16 18:19:20
 3  6      1353208       783444        21072     58338340    0    0 2370560    92 13287 19433   2   2  88   8   0 2026-09-16 18:19:21
 2  5      1353208       792656        21072     58338376    0    0 1448960     0 11906 18119   3   2  91   4   0 2026-09-16 18:19:22
 2  7      1353208       786504        21072     58338404    4    0 1436676     0 11985 17989   3   2  92   4   0 2026-09-16 18:19:23
 3  0      1353208       786080        21072     58338436    0    0 1600512   480 11720 18325   3   2  93   3   0 2026-09-16 18:19:24
 7  0      1353208       787716        21072     58338464    0    0 1714176     0 12352 18535   2   2  90   6   0 2026-09-16 18:19:25
 3  0      1353208       786840        21080     58338504    0    0 1714176    84 12746 18753   3   2  89   6   0 2026-09-16 18:19:26
 2  0      1353208       793248        21080     58338532    0    0 1714176     0 12497 18437   3   2  91   5   0 2026-09-16 18:19:27
procs -----------------------memory---------------------- ---swap-- -----io---- -system-- --------cpu-------- -----timestamp-----
 r  b         swpd         free         buff        cache   si   so    bi    bo   in   cs  us  sy  id  wa  st                 KST
 1  0      1353208       789028        21080     58338568    0    0 1714176     0 12260 18366   3   2  90   6   0 2026-09-16 18:19:28
 1  0      1353208       792388        21080     58338600    0    0 1714176   532 12156 18482   2   2  90   6   0 2026-09-16 18:19:29
 1  0      1353208       785652        21080     58338632    0    0 1714176     0 12053 18513   2   2  92   3   0 2026-09-16 18:19:30
 1  3      1353208       785700        21088     58338664    0    0 1601536    76 11721 18237   3   2  91   5   0 2026-09-16 18:19:31
 1  3      1353208       785316        21088     58338692    0    0 1529856     0 11939 18168   3   2  91   5   0 2026-09-16 18:19:32
 1  8      1353208       786896        21088     58338732    0    0 2187264     0 13062 18798   2   2  87   8   0 2026-09-16 18:19:33
 3  4      1353208       790832        21088     58338768    0    0 2600448   396 13916 20064   2   2  88   8   0 2026-09-16 18:19:34
 1  0      1353208       786956        21104     58338800    0    0 2365952   120 13267 19460   2   2  91   5   0 2026-09-16 18:19:35
 1  5      1353208       789848        21112     58338840    0    0 2260992    40 13313 19114   2   2  88   8   0 2026-09-16 18:19:36
 1  4      1353208       790708        21112     58338868    0    0 2721792     0 13949 20117   2   2  88   8   0 2026-09-16 18:19:37
 0  8      1353208       777208        21112     58338904    0    0 1966080     0 12809 18786   3   2  90   6   0 2026-09-16 18:19:38
 0  5      1353208       784620        21112     58338932    0    0 2588160   524 13715 19835   2   2  88   9   0 2026-09-16 18:19:39
 2  7      1353208       782432        21112     58338972    0    0 2546176     0 13173 20364   2   2  89   8   0 2026-09-16 18:19:40
 1  4      1353208       788152        21120     58339000    0    0 2588160   104 13135 20434   2   2  89   7   0 2026-09-16 18:19:41
 3  0      1353208       792104        21120     58339040    0    0 2470400     0 13394 20174   2   2  90   6   0 2026-09-16 18:19:42
 2  5      1353208       793188        21120     58339072    0    0 2089984     0 12876 19409   2   2  89   7   0 2026-09-16 18:19:43
 0  6      1353208       794552        21120     58339104    0    0 2609152   264 13462 20405   2   2  89   7   0 2026-09-16 18:19:44
 3  0      1353208       794584        21120     58339136    0    0 2157568   204 12630 19623   2   2  90   6   0 2026-09-16 18:19:45
 2  5      1353208       786600        21128     58339172    0    0 2282496    88 13361 20088   2   2  89   7   0 2026-09-16 18:19:46
 3  3      1353208       791248        21128     58339200    0    0 2705408     0 13630 20508   2   2  89   8   0 2026-09-16 18:19:47
 2  5      1353208       789564        21128     58339236    0    0 2679808     0 14174 19832   2   2  87   9   0 2026-09-16 18:19:48
procs -----------------------memory---------------------- ---swap-- -----io---- -system-- --------cpu-------- -----timestamp-----
 r  b         swpd         free         buff        cache   si   so    bi    bo   in   cs  us  sy  id  wa  st                 KST
 1  0      1353208       789404        21128     58339264    0    0 2617344     0 13537 20114   2   2  89   7   0 2026-09-16 18:19:49
 2  6      1353208       785724        21128     58339300    0    0 2053120   492 12916 18728   2   2  90   6   0 2026-09-16 18:19:50
 0  5      1353208       788428        21136     58339332    0    0 2708480    72 13843 20130   2   2  89   8   0 2026-09-16 18:19:51
 1  0      1353208       793376        21136     58339372    0    0 2095104     0 13070 19007   2   2  89   7   0 2026-09-16 18:19:52
 3  5      1353208       800064        21136     58339396    0    0 2570240     0 13525 19864   2   2  87   9   0 2026-09-16 18:19:53
 3  8      1353208       802916        21136     58339444    0    0 2584576     0 13660 20070   2   2  89   7   0 2026-09-16 18:19:54
 2  4      1353208       799224        21136     58339472    0    0 2528768   488 13261 20213   2   2  88   8   0 2026-09-16 18:19:55
 1  1      1353208       797052        21144     58339516    0    0 2545672   104 13515 20230   2   2  90   6   0 2026-09-16 18:19:56
 1  7      1353208       794156        21144     58339544    0    0 1864192     0 12487 18876   2   2  90   6   0 2026-09-16 18:19:57
 0  5      1353208       790560        21144     58339584    0    0 2738688     0 13608 20762   2   2  88   8   0 2026-09-16 18:19:58
 1  0      1353208       792980        21144     58339620    0    0 2309632     0 13154 19723   2   2  89   7   0 2026-09-16 18:19:59
 3  7      1353208       789556        21144     58339660    0    0 1920000   528 12397 19146   2   2  91   5   0 2026-09-16 18:20:00
 1  4      1353208       795656        21152     58339712    0    0 2738188   104 13907 20624   2   2  89   8   0 2026-09-16 18:20:01
 1  6      1353208       805540        21152     58339736    0    0 2585600     0 21871 20128   2   2  88   8   0 2026-09-16 18:20:02
 1  7      1353208       800392        21152     58339780    0    0 3308544     0 16638 21241   2   2  86  11   0 2026-09-16 18:20:03
 1  8      1353208       802224        21152     58339808    0    0 3308544     0 14759 21332   1   2  86  10   0 2026-09-16 18:20:04
 1  1      1353208       803796        21152     58339844    0    0 3230208   528 14844 21285   1   2  84  12   0 2026-09-16 18:20:05
 2  4      1353208       806152        21160     58340000    0    0 3197440   112 14715 21214   1   2  85  11   0 2026-09-16 18:20:06
 0  5      1353208       799920        21160     58340028    0    0 3248128     0 14664 21103   1   2  85  11   0 2026-09-16 18:20:07
 1  4      1353208       796972        21160     58340060    0    0 3203584     0 14314 21530   1   2  87  10   0 2026-09-16 18:20:08
 3  4      1353208       796136        21160     58340096    0    0 3030528     0 13928 21240   1   2  85  11   0 2026-09-16 18:20:09
procs -----------------------memory---------------------- ---swap-- -----io---- -system-- --------cpu-------- -----timestamp-----
 r  b         swpd         free         buff        cache   si   so    bi    bo   in   cs  us  sy  id  wa  st                 KST
 0  6      1353208       797540        21160     58340120    0    0 3133440   436 13948 21537   1   2  86  11   0 2026-09-16 18:20:10
 1  1      1353208       796884        21168     58340160    0    0 3057152    72 14189 21181   1   2  88   9   0 2026-09-16 18:20:11
 2  3      1353208       803248        21168     58340196    0    0 3218944     0 14105 21627   1   2  87  10   0 2026-09-16 18:20:12
 1  5      1353208       798096        21168     58340224    0    0 2987520     0 13888 21215   2   2  88   9   0 2026-09-16 18:20:13
 0  6      1353208       790632        21168     58340252    0    0 3111424     0 14598 21088   1   2  86  10   0 2026-09-16 18:20:14
 1  6      1353208       791192        21168     58340288    0    0 3255296   420 14735 21108   1   2  85  11   0 2026-09-16 18:20:15
 1  6      1353208       792324        21176     58340316    0    0 3250176    88 14927 20902   1   2  85  12   0 2026-09-16 18:20:16
 1  7      1353208       794888        21176     58340348    0    0 3245056     0 14811 20942   1   2  85  12   0 2026-09-16 18:20:17
 5  4      1353208       793724        21176     58340384    0    0 3291040     0 15046 21414   1   2  85  11   0 2026-09-16 18:20:18
 1  3      1353208       794812        21176     58340528    4    0 3192020     0 14793 21185   1   2  85  12   0 2026-09-16 18:20:19
 2  4      1353208       804704        21176     58340556    0    0 3122176   448 14057 21452   1   2  86  10   0 2026-09-16 18:20:20
 1  5      1353208       798716        21184     58340596    0    0 3002368    84 13938 20982   1   2  87  10   0 2026-09-16 18:20:21
 3  6      1353208       790208        21184     58340624    0    0 3018752     0 14073 21092   1   2  88   9   0 2026-09-16 18:20:22
 0  1      1353208       796076        21184     58340664    0    0 3018240     0 13947 21018   1   2  88   9   0 2026-09-16 18:20:23
 2  3      1353208       799252        21184     58340696    0    0 3219968     0 14246 21453   1   2  88   9   0 2026-09-16 18:20:24
 2  4      1353208       800476        21184     58340732    0    0 3098624   468 13975 20906   1   2  86  11   0 2026-09-16 18:20:25
 0  6      1353208       798368        21192     58340768    0    0 3085312   100 14739 20956   1   2  84  12   0 2026-09-16 18:20:26
 2  5      1353208       795756        21192     58340796    0    0 3190784     0 14347 20789   1   2  87  10   0 2026-09-16 18:20:27
 3  5      1353208       798832        21192     58340832    0    0 3251200     0 14695 20969   1   2  84  12   0 2026-09-16 18:20:28
 0  7      1353208       798964        21192     58340856    0    0 3220480     0 14533 21027   1   2  86  11   0 2026-09-16 18:20:29
 1  7      1353208       795800        21192     58340888    0    0 3294208     0 14758 21305   1   2  87   9   0 2026-09-16 18:20:30
procs -----------------------memory---------------------- ---swap-- -----io---- -system-- --------cpu-------- -----timestamp-----
 r  b         swpd         free         buff        cache   si   so    bi    bo   in   cs  us  sy  id  wa  st                 KST
 1  3      1353208       798620        21200     58340924    0    0 3229696   544 14146 21428   1   2  88   9   0 2026-09-16 18:20:31
 0  5      1353208       797476        21200     58340960    4    0 3043332     0 14087 21097   1   2  86  11   0 2026-09-16 18:20:32
 2  5      1353208       802844        21200     58340988    0    0 2999296     0 13690 21197   1   2  88   8   0 2026-09-16 18:20:33
 1  5      1353208       798524        21200     58341016    0    0 3019776     0 13840 21279   1   2  88   8   0 2026-09-16 18:20:34
 0  1      1353208       802160        21200     58341048    0    0 3063296     0 13518 21088   1   2  89   8   0 2026-09-16 18:20:35
 1  2      1353208       800304        21208     58341084    4    0 3295748   456 14571 21768   1   2  87  10   0 2026-09-16 18:20:36
 1  5      1353208       803660        21208     58341112    0    0 3148800     0 14586 20774   1   2  86  11   0 2026-09-16 18:20:37
 3  4      1353208       798416        21208     58341140    0    0 3258368     0 14841 21221   1   2  86  11   0 2026-09-16 18:20:38
 0  5      1353208       794212        21208     58341172    0    0 3271168     0 14800 21103   1   2  86  10   0 2026-09-16 18:20:39
 1  5      1353208       791092        21208     58341208    0    0 3187200     0 14459 20809   1   2  85  11   0 2026-09-16 18:20:40
 1  5      1353208       794724        21216     58341240    0    0 3176448   476 14529 20719   2   2  85  11   0 2026-09-16 18:20:41
 2  8      1353208       794524        21216     58341280    0    0 3069952     0 14045 21149   1   2  88   8   0 2026-09-16 18:20:42
 0  3      1353208       797616        21216     58341312    0    0 3198976     0 13887 21541   1   2  87  10   0 2026-09-16 18:20:43
 2  4      1353208       802732        21216     58341340    0    0 3065856     0 14188 21825   2   2  86  10   0 2026-09-16 18:20:44
 1  5      1353208       803848        21216     58341380    0    0 3002880     0 13762 21252   1   2  87   9   0 2026-09-16 18:20:45
 0  6      1353208       806756        21224     58341408   52    0 3113524   548 26668 22506   2   2  87   9   0 2026-09-16 18:20:46
 1  7      1353208       797224        21224     58341440    0    0 3040256     0 13845 21383   1   2  90   7   0 2026-09-16 18:20:47
 1  1      1353208       797768        21224     58341476    4    0 3291652     0 14654 21716   1   2  85  11   0 2026-09-16 18:20:48
 1  4      1353208       797156        21224     58341508    0    0 3224064     0 14605 20785   1   2  85  11   0 2026-09-16 18:20:49
 1  5      1353208       803564        21224     58341536    0    0 3144704     0 14801 21188   2   2  84  12   0 2026-09-16 18:20:50
 2  4      1352952       802924        21232     58341576    0    0 3153408   548 14705 21863   2   2  84  12   0 2026-09-16 18:20:51
procs -----------------------memory---------------------- ---swap-- -----io---- -system-- --------cpu-------- -----timestamp-----
 r  b         swpd         free         buff        cache   si   so    bi    bo   in   cs  us  sy  id  wa  st                 KST
 1  5      1352952       801588        21232     58341596    0    0 3151360     0 14777 21217   1   2  86  11   0 2026-09-16 18:20:52
 0  6      1352952       794108        21232     58341640    0    0 3265536     0 14699 21606   1   2  85  11   0 2026-09-16 18:20:53
 1  8      1352952       800872        21232     58341728    4    0 3171392     0 14027 21598   1   2  87   9   0 2026-09-16 18:20:54
 0  1      1352952       802984        21232     58341764    0    0 3215872     0 14323 21758   1   2  87  10   0 2026-09-16 18:20:55
 1  4      1352952       800844        21240     58341800    0    0 3189248   544 14033 21570   1   2  86  11   0 2026-09-16 18:20:56
 1  4      1352952       802416        21240     58341844    0    0 3185664     0 14229 21720   1   2  86  10   0 2026-09-16 18:20:57
 2  4      1352952       801240        21240     58341872    0    0 3304960     0 14562 21886   2   2  87  10   0 2026-09-16 18:20:58
 1  4      1352952       803340        21240     58341924    0    0 3333120     0 14436 21625   1   2  86  11   0 2026-09-16 18:20:59
 1  6      1352952       807780        21240     58341952    0    0 3316736     0 14619 21259   1   2  85  11   0 2026-09-16 18:21:00
 0  6      1352952       813224        21248     58341980    0    0 3285504   540 14811 21163   1   2  88   9   0 2026-09-16 18:21:01
 0  6      1352952       810840        21248     58342004    0    0 3279872     0 14809 21295   1   2  86  11   0 2026-09-16 18:21:02
 3  5      1352952       811420        21248     58342044    0    0 3266560     0 14586 21047   1   2  87  10   0 2026-09-16 18:21:03
 3  7      1352952       815792        21248     58342068    0    0 3224576     0 14734 21374   1   2  86  10   0 2026-09-16 18:21:04
 0  1      1352952       810324        21248     58342112    0    0 3154432     0 14218 21329   1   2  88   9   0 2026-09-16 18:21:05
 0  4      1352952       810736        21256     58342140    0    0 3191296   580 14536 22136   1   2  86  10   0 2026-09-16 18:21:06
 2  4      1352952       799732        21256     58342176    0    0 3019264     0 13743 21389   1   2  87   9   0 2026-09-16 18:21:07
 1  6      1352952       801568        21256     58342208    0    0 2986496     0 13519 21121   1   2  87  10   0 2026-09-16 18:21:08
 0  8      1352696       804672        21256     58342240   20    0 3027988     0 13554 21109   1   2  88   8   0 2026-09-16 18:21:09
 0  1      1352696       799972        21256     58342264    0    0 3230208     0 14384 21958   2   2  87  10   0 2026-09-16 18:21:10
 1  5      1352696       799380        21264     58342308    0    0 3193344   240 14627 20921   1   2  85  12   0 2026-09-16 18:21:11
 2  4      1352696       805544        21264     58342336    0    0 3160064   296 14578 21132   1   2  85  11   0 2026-09-16 18:21:12
procs -----------------------memory---------------------- ---swap-- -----io---- -system-- --------cpu-------- -----timestamp-----
 r  b         swpd         free         buff        cache   si   so    bi    bo   in   cs  us  sy  id  wa  st                 KST
 1  5      1352696       801316        21264     58342368    0    0 3217920     0 14785 21079   1   2  85  11   0 2026-09-16 18:21:13
 1  5      1352696       799428        21264     58342400    0    0 3101184     0 14537 20770   1   2  85  12   0 2026-09-16 18:21:14
 3  5      1352696       789916        21264     58342424    0    0 3178496     0 14606 21041   1   2  86  11   0 2026-09-16 18:21:15
 4  5      1352696       791556        21272     58342460    0    0 3357696   100 14956 21865   2   2  86  10   0 2026-09-16 18:21:16
 1  7      1352696       795384        21272     58342488    0    0 3176448   444 14283 21535   1   2  88   8   0 2026-09-16 18:21:17
 1  2      1352696       797956        21272     58342520    0    0 3251200     0 14523 21672   1   2  86  11   0 2026-09-16 18:21:18
 1  4      1352696       801756        21272     58342548    0    0 3178496     0 14157 21479   1   2  86  10   0 2026-09-16 18:21:19
 2  4      1352696       800296        21272     58342588    0    0 3335168     0 14436 21963   1   2  85  11   0 2026-09-16 18:21:20
 0  5      1352696       794860        21280     58342612    0    0 2968064    76 13481 21093   1   2  87   9   0 2026-09-16 18:21:21
 2  5      1352696       794184        21280     58342644    0    0 3156480   452 14485 21003   1   2  87  10   0 2026-09-16 18:21:22
 1  6      1352696       788980        21280     58342672    0    0 3230720     0 14453 21041   1   2  86  10   0 2026-09-16 18:21:23
 1  6      1352696       794124        21280     58342716    0    0 3284992     0 14939 21173   1   2  85  12   0 2026-09-16 18:21:24
 1  8      1352696       798736        21280     58342744    0    0 3291136     0 14694 21447   1   2  86  10   0 2026-09-16 18:21:25
 0  1      1352696       789328        21288     58343128   24    0 3289972    76 14948 21604   1   2  85  11   0 2026-09-16 18:21:26
 0  4      1352696       787096        21288     58343156    0    0 3235328   444 14669 21260   1   2  85  11   0 2026-09-16 18:21:27
 3  4      1352696       784920        21288     58343200    0    0 3135488     0 14220 21505   1   2  85  12   0 2026-09-16 18:21:28
 0  6      1352696       793272        21288     58343228   96    0 3013728     0 14035 22281   2   2  86  10   0 2026-09-16 18:21:29
 2  5      1352696       793892        21288     58343268    0    0 3182592     0 14036 21495   1   2  86  10   0 2026-09-16 18:21:30
 2  7      1352696       792668        21296     58343308    0    0 2952192    92 13569 20997   1   2  89   8   0 2026-09-16 18:21:31
 1  3      1352696       791320        21296     58343332    0    0 3250176   452 14338 21610   1   2  86  10   0 2026-09-16 18:21:32
 1  4      1352696       795460        21296     58343368    0    0 3138560     0 14403 21168   1   2  86  11   0 2026-09-16 18:21:33
procs -----------------------memory---------------------- ---swap-- -----io---- -system-- --------cpu-------- -----timestamp-----
 r  b         swpd         free         buff        cache   si   so    bi    bo   in   cs  us  sy  id  wa  st                 KST
 1  4      1352696       793348        21296     58343396    0    0 3075584     0 14360 20810   1   2  85  12   0 2026-09-16 18:21:34
 2  5      1352696       789172        21296     58343432    0    0 3141120     0 14505 20976   1   3  86  11   0 2026-09-16 18:21:35
 2  5      1352696       793248        21304     58343472    0    0 3233792   100 14811 21043   1   2  85  11   0 2026-09-16 18:21:36
 0  7      1352696       794124        21304     58343496    0    0 3166208   444 14677 20949   1   2  87  10   0 2026-09-16 18:21:37
 3  7      1352696       787912        21304     58343528    0    0 3294208     0 14824 21371   2   2  87  10   0 2026-09-16 18:21:38
 1  3      1352696       790264        21304     58343568    0    0 3259392     0 14272 21831   1   2  85  11   0 2026-09-16 18:21:39
 1  5      1352696       791884        21304     58343596    0    0 3182592     0 14198 21378   1   2  86  11   0 2026-09-16 18:21:40
 1  4      1352696       794220        21312     58343628    0    0 3295232    96 14643 21636   1   2  86  11   0 2026-09-16 18:21:41
 0  5      1352696       788276        21312     58343652    0    0 3020288   448 13943 21077   1   2  87  10   0 2026-09-16 18:21:42
 4  5      1352696       794740        21312     58343692    0    0 3331584     0 14261 21684   1   2  87   9   0 2026-09-16 18:21:43
 1  6      1352696       791560        21312     58343716    0    0 3141632     0 14142 21004   1   2  86  10   0 2026-09-16 18:21:44
 1  7      1352696       792660        21312     58343760    0    0 3228672     0 14611 20776   1   2  85  12   0 2026-09-16 18:21:45
 0  8      1352696       796024        21320     58343788    0    0 3284992    72 14888 21645   1   2  86  11   0 2026-09-16 18:21:46
 1  4      1352696       797192        21320     58343820    0    0 3231744   416 14732 20957   1   2  87  10   0 2026-09-16 18:21:47
 1  5      1352696       796316        21320     58343844    0    0 3275776     0 14801 21031   2   2  87  10   0 2026-09-16 18:21:48
 1  5      1352696       792356        21320     58343904    0    0 3092504     0 14343 20726   1   2  85  11   0 2026-09-16 18:21:49
 1  5      1352696       788692        21320     58343932    0    0 3118592     0 13952 21212   1   2  89   8   0 2026-09-16 18:21:50
 1  5      1352696       797352        21328     58343976    0    0 2989568    76 13552 20873   1   2  89   8   0 2026-09-16 18:21:51
 1  1      1352696       798212        21328     58344012    0    0 3049984   428 13686 21002   1   2  90   7   0 2026-09-16 18:21:52
 2  3      1352696       801648        21328     58344044    0    0 3173888     0 13979 21372   1   2  91   6   0 2026-09-16 18:21:53
 2  4      1352696       797160        21328     58344076    0    0 3162112     0 13824 21399   1   2  88   9   0 2026-09-16 18:21:54
procs -----------------------memory---------------------- ---swap-- -----io---- -system-- --------cpu-------- -----timestamp-----
 r  b         swpd         free         buff        cache   si   so    bi    bo   in   cs  us  sy  id  wa  st                 KST
 2  4      1352696       786712        21328     58344116    0    0 3196416     0 14072 21456   1   2  87   9   0 2026-09-16 18:21:55
 0  6      1352696       786372        21336     58344148    0    0 3181056    96 14649 21053   1   2  87   9   0 2026-09-16 18:21:56
 1  7      1352696       789228        21336     58344180    0    0 3083264     0 14127 20572   1   2  87   9   0 2026-09-16 18:21:57
 0  7      1352696       789868        21336     58344216    0    0 3249152   468 14684 21022   1   2  86  11   0 2026-09-16 18:21:58
 1  1      1352696       794548        21336     58344244    0    0 3220992     0 14471 21159   1   2  87   9   0 2026-09-16 18:21:59
 0  5      1352696       800676        21336     58344276    0    0 3181056     0 14416 20699   1   2  84  12   0 2026-09-16 18:22:00
 1  4      1352696       792388        21344     58344308    0    0 3349504    96 14753 21315   1   2  86  11   0 2026-09-16 18:22:01
 1  4      1352696       795004        21344     58344336    0    0 3008000     0 13817 21079   1   2  85  12   0 2026-09-16 18:22:02
 1  5      1352696       790328        21344     58344368    0    0 2978304   408 13985 21036   1   2  85  12   0 2026-09-16 18:22:03
 0  8      1352696       791936        21344     58344404    0    0 3017728     0 13869 20976   1   2  87  10   0 2026-09-16 18:22:04
 1  2      1352696       791744        21344     58344428    0    0 3224576     0 13660 21396   1   2  86  11   0 2026-09-16 18:22:05
 1  4      1352696       795328        21352     58344468    0    0 3031040    80 13941 21696   1   2  87  10   0 2026-09-16 18:22:06
 1  5      1352696       791840        21352     58344520    0    0 3005460     0 13622 20710   1   2  87   9   0 2026-09-16 18:22:07
 4  5      1352696       792252        21352     58344544    0    0 3291136   444 14772 21122   1   2  88   9   0 2026-09-16 18:22:08
 2  5      1352696       792820        21352     58344580    0    0 3251200     0 14586 20949   1   2  87  10   0 2026-09-16 18:22:09
 1  6      1352696       792924        21352     58344620    0    0 3229696     0 14685 21118   1   2  86  11   0 2026-09-16 18:22:10
 1  8      1352696       798004        21360     58344644   16    0 3340304    88 14695 21231   1   2  87  10   0 2026-09-16 18:22:11
 3  1      1352696       795092        21360     58344672    0    0 3213824     0 14762 21215   1   2  86  10   0 2026-09-16 18:22:12
 1  4      1352696       793216        21360     58344708    0    0 3138048   432 13788 21549   1   2  86  10   0 2026-09-16 18:22:13
 2  4      1352696       790292        21360     58344752    0    0 3013120     0 13889 21314   2   2  87  10   0 2026-09-16 18:22:14
 2  5      1352696       792344        21360     58344776    0    0 3182080     0 13932 21484   1   2  87  10   0 2026-09-16 18:22:15
procs -----------------------memory---------------------- ---swap-- -----io---- -system-- --------cpu-------- -----timestamp-----
 r  b         swpd         free         buff        cache   si   so    bi    bo   in   cs  us  sy  id  wa  st                 KST
 1  6      1352696       787616        21368     58344820    0    0 3096576    68 13880 21510   1   2  87   9   0 2026-09-16 18:22:16
 2  1      1352696       791228        21368     58344840    0    0 3056640     0 14021 21374   1   2  89   8   0 2026-09-16 18:22:17
 3  2      1352696       788908        21368     58344884    0    0 3313664   452 14415 22049   1   2  85  11   0 2026-09-16 18:22:18
 2  5      1352696       795556        21368     58344912    0    0 3160064     0 14738 20810   1   2  85  12   0 2026-09-16 18:22:19
 2  5      1352696       793828        21372     58344940    0    0 3175936   116 14512 20913   1   2  87  10   0 2026-09-16 18:22:20
 3  5      1352696       798412        21376     58344976    0    0 3243008     0 14594 20968   1   2  86  11   0 2026-09-16 18:22:21
 2  6      1352696       804292        21376     58345008    0    0 3257856     0 14742 21047   1   2  87  10   0 2026-09-16 18:22:22
 2  5      1352696       792732        21376     58345032    0    0 3228676   444 14820 20949   1   2  86  11   0 2026-09-16 18:22:23
 3  6      1352696       789840        21376     58345076    0    0 3207168     0 14529 21617   1   2  87  10   0 2026-09-16 18:22:24
 2  2      1352696       789188        21384     58345092    0    0 3084800    72 14022 21181   1   2  88   9   0 2026-09-16 18:22:25
 2  4      1352696       795388        21384     58345136    0    0 3198464     0 14326 21908   1   2  84  12   0 2026-09-16 18:22:26
 3  5      1352696       789688        21384     58345172    0    0 3022336     0 13920 21283   1   2  87   9   0 2026-09-16 18:22:27
 2  6      1352696       793288        21384     58345204    0    0 3023360   420 13468 21096   1   2  88   9   0 2026-09-16 18:22:28
 0  6      1352696       786696        21384     58345232    0    0 3137536     0 14279 21477   1   2  87  10   0 2026-09-16 18:22:29
 2  9      1352696       790808        21388     58345252    0    0 3161088    80 14178 21041   1   2  88   9   0 2026-09-16 18:22:30
10  0      1352696       787100        21392     58345300    0    0 3297792     4 14716 21331   2   2  85  12   0 2026-09-16 18:22:31
 4  5      1352696       790668        21392     58345320    0    0 3200512     0 14503 21078   1   2  85  12   0 2026-09-16 18:22:32
 2  5      1352696       803384        21392     58345356    0    0 3239936   452 14874 21320   1   2  85  11   0 2026-09-16 18:22:33
 4  3      1352696       798656        21392     58345388    0    0 3272704     0 14726 21116   1   2  85  11   0 2026-09-16 18:22:34
 9  7      1352696       793720        21400     58345420    0    0 3097600    84 14473 21118   2   2  85  11   0 2026-09-16 18:22:35
 3  5      1352696       787248        21400     58345476    0    0 3127320     0 14085 21468   1   2  88   9   0 2026-09-16 18:22:36
procs -----------------------memory---------------------- ---swap-- -----io---- -system-- --------cpu-------- -----timestamp-----
 r  b         swpd         free         buff        cache   si   so    bi    bo   in   cs  us  sy  id  wa  st                 KST
 4  5      1352696       793180        21400     58345508    0    0 3321856     0 14372 21847   1   2  87   9   0 2026-09-16 18:22:37
 1  9      1352696       797556        21400     58345544    0    0 3175424   232 14237 21678   1   2  87  10   0 2026-09-16 18:22:38
 9  2      1352696       791120        21400     58345612    0    0 3186716   188 14410 21720   1   2  88   9   0 2026-09-16 18:22:39
 3  5      1352696       795336        21408     58345632    0    0 3064832    96 14059 21356   1   2  87  10   0 2026-09-16 18:22:40
 2  6      1352696       787912        21408     58345672    0    0 2972672     0 13711 20757   1   2  85  11   0 2026-09-16 18:22:41
 3  0      1352696       782220        21408     58345708    0    0 2680832     0 13858 20205   2   2  87   9   0 2026-09-16 18:22:42
 2  6      1352696       786140        21408     58345740    0    0 2555904     0 13797 19646   2   2  85  12   0 2026-09-16 18:22:43
 2  0      1352696       789040        21408     58345784    0    0 2586624   448 13714 20130   2   2  89   8   0 2026-09-16 18:22:44
 1  6      1352696       790200        21416     58345804    0    0 2927616    88 14403 20513   1   2  87  10   0 2026-09-16 18:22:45
 1  7      1352696       786840        21416     58345840    0    0 2428928     0 13732 19816   2   2  87   9   0 2026-09-16 18:22:46
 1  5      1352696       785420        21416     58345872    0    0 2928640     0 14203 20765   2   2  87   9   0 2026-09-16 18:22:47
 2  4      1352696       780852        21416     58345904    0    0 2828800     0 14052 20807   2   2  86  10   0 2026-09-16 18:22:48
 2  0      1352696       782988        21416     58345932    0    0 2599424   416 13175 20351   1   2  90   6   0 2026-09-16 18:22:49
 4  4      1352696       784132        21424     58345964    0    0 2575872    76 13391 20454   2   2  86  10   0 2026-09-16 18:22:50
 3  0      1352696       789820        21424     58346004    0    0 2566656     0 13234 20230   2   2  90   6   0 2026-09-16 18:22:51
 2  4      1352696       788120        21424     58346036    0    0 2768384     0 13670 20664   2   2  87   9   0 2026-09-16 18:22:52
 1  8      1352696       786456        21424     58346068    0    0 2442752     0 12957 19884   2   2  89   7   0 2026-09-16 18:22:53
 2  5      1352696       782028        21424     58346104    0    0 2852864   400 13849 20791   2   2  87   9   0 2026-09-16 18:22:54
 2  6      1352696       781168        21432     58346124    0    0 2734080    84 13719 19826   1   2  86  11   0 2026-09-16 18:22:55
 3  0      1352696       790960        21432     58346168    0    0 2915328     0 14135 20476   2   2  88   9   0 2026-09-16 18:22:56
 2  5      1352696       786552        21432     58346200    0    0 2687488     0 14185 19791   2   2  87   9   0 2026-09-16 18:22:57
procs -----------------------memory---------------------- ---swap-- -----io---- -system-- --------cpu-------- -----timestamp-----
 r  b         swpd         free         buff        cache   si   so    bi    bo   in   cs  us  sy  id  wa  st                 KST
 2  7      1352696       781112        21432     58346228    0    0 2582016     0 13683 19742   2   2  88   8   0 2026-09-16 18:22:58
 2  5      1352696       783984        21432     58346272    0    0 2972672   456 14673 20635   2   2  86  10   0 2026-09-16 18:22:59
 1  6      1352696       785792        21440     58346308    0    0 2498560   100 13723 19455   2   2  86  10   0 2026-09-16 18:23:00
 3  0      1352696       793460        21440     58346344    0    0 2972672     0 14079 20943   2   2  87   9   0 2026-09-16 18:23:01
 2  4      1352696       791500        21440     58346380    0    0 2612736     0 13418 20264   2   2  88   8   0 2026-09-16 18:23:02
 1  0      1352696       782604        21440     58346432    0    0 2529820     0 13238 20060   2   2  89   7   0 2026-09-16 18:23:03
 1  5      1352696       782980        21440     58346472    0    0 2813440   472 13666 20992   2   2  86  10   0 2026-09-16 18:23:04
 1  8      1352696       785304        21448     58346504    0    0 2374144   108 13342 19838   2   2  88   8   0 2026-09-16 18:23:05
 2  4      1352696       788192        21448     58346532    0    0 2906112     0 14182 21196   2   2  87  10   0 2026-09-16 18:23:06
 1  7      1352696       787592        21448     58346568    0    0 2463744     0 13281 19917   2   2  88   8   0 2026-09-16 18:23:07
 1  1      1352696       790728        21448     58346724    0    0 3136000     0 14923 21207   1   2  85  11   0 2026-09-16 18:23:08
 4  0      1352696       783760        21448     58346768    0    0 1734144   468 12810 18250   2   2  90   6   0 2026-09-16 18:23:09
 4  5      1352696       785608        21456     58346788    0    0 2496512    80 13954 19675   2   2  86  10   0 2026-09-16 18:23:10
 1  0      1352696       800064        21456     58346832    0    0 2584064     0 14185 19885   2   2  89   7   0 2026-09-16 18:23:11
 1  0      1352696       796912        21456     58346856    0    0 1776128     0 33440 18357   3   2  90   5   0 2026-09-16 18:23:12
 0  6      1352696       797284        21456     58346904    0    0 2490368     0 14087 19422   2   2  87   9   0 2026-09-16 18:23:13
 2  3      1352696       795580        21456     58346960    0    0 2545688   464 14073 19922   2   2  88   9   0 2026-09-16 18:23:14
 2  5      1352696       799956        21464     58346980    0    0 2558976    84 13795 19861   2   2  88   8   0 2026-09-16 18:23:15
 1  3      1352696       805524        21464     58347020    0    0 2565120     0 14276 20257   2   2  89   7   0 2026-09-16 18:23:16
 1  0      1352696       791020        21464     58347056    0    0 1839104     0 16284 18721   2   2  91   5   0 2026-09-16 18:23:17
 1  6      1352696       796380        21464     58347080    0    0 2294784     0 13509 19805   2   2  89   7   0 2026-09-16 18:23:18
procs -----------------------memory---------------------- ---swap-- -----io---- -system-- --------cpu-------- -----timestamp-----
 r  b         swpd         free         buff        cache   si   so    bi    bo   in   cs  us  sy  id  wa  st                 KST
 1  5      1352696       792884        21464     58347116    0    0 2481152   468 13267 19959   2   2  89   7   0 2026-09-16 18:23:19
 1  0      1352696       787472        21472     58347136    0    0 2080768    76 12698 19261   2   2  90   6   0 2026-09-16 18:23:20
 2  6      1352696       787024        21472     58347180    0    0 1998848     0 12646 19068   2   2  90   6   0 2026-09-16 18:23:21
 2  4      1352696       785920        21472     58347204    0    0 2462208     0 13183 20035   2   2  89   7   0 2026-09-16 18:23:22
 1  1      1352696       793604        21472     58347244    0    0 2392064     0 13166 19948   2   2  89   7   0 2026-09-16 18:23:23
 0  6      1352696       791180        21472     58347272    0    0 2557440     0 13593 19682   2   2  86  10   0 2026-09-16 18:23:24
 2  1      1352696       790020        21480     58347320    0    0 2562560   528 13804 20108   2   2  88   8   0 2026-09-16 18:23:25
 1  8      1352696       787880        21480     58347344    4    0 1830404     0 12608 18669   2   2  90   6   0 2026-09-16 18:23:26
 1  5      1352696       790276        21480     58347380    0    0 2500608     0 13663 19651   2   2  88   9   0 2026-09-16 18:23:27
 1  0      1352696       793636        21480     58347408    0    0 2509312     0 13420 19913   2   2  89   7   0 2026-09-16 18:23:28
 1  0      1352696       790156        21480     58347452    0    0 1756672     0 12583 18435   2   2  90   6   0 2026-09-16 18:23:29
 4  5      1352696       793072        21488     58347472    0    0 2483200   536 13728 19783   2   2  87   9   0 2026-09-16 18:23:30
 1  0      1352696       793456        21488     58347512    0    0 2659328     0 13577 20441   2   2  89   7   0 2026-09-16 18:23:31
 2  6      1352696       796588        21488     58347536    0    0 2419712     0 13108 19854   2   2  89   7   0 2026-09-16 18:23:32
 2  3      1352696       795444        21488     58347572    0    0 2466816     0 13491 19976   2   2  90   6   0 2026-09-16 18:23:33
 1  0      1352696       793016        21488     58347632    0    0 1970196     0 12544 19202   2   2  90   6   0 2026-09-16 18:23:34
 1  5      1352696       788848        21496     58347648    0    0 2171904   556 12868 19594   2   2  88   8   0 2026-09-16 18:23:35
 2  4      1352696       792004        21496     58347696    0    0 2581504     0 13412 20234   2   2  88   8   0 2026-09-16 18:23:36
 2  0      1352696       793588        21496     58347728    0    0 2103296     0 12391 19343   2   2  90   6   0 2026-09-16 18:23:37
 1  8      1352696       785932        21496     58347764    0    0 1979392     0 12503 19442   2   2  90   6   0 2026-09-16 18:23:38
 1  1      1352696       788000        21496     58347784    0    0 3117568     0 14381 21017   2   2  85  12   0 2026-09-16 18:23:39
procs -----------------------memory---------------------- ---swap-- -----io---- -system-- --------cpu-------- -----timestamp-----
 r  b         swpd         free         buff        cache   si   so    bi    bo   in   cs  us  sy  id  wa  st                 KST
 2  0      1352696       779748        21504     58347836    0    0 1759744   488 12542 18465   2   2  89   7   0 2026-09-16 18:23:40
 1  0      1352696       782616        21504     58347856    0    0 1714176     0 12353 18261   2   2  90   6   0 2026-09-16 18:23:41
 1  0      1352696       778768        21504     58347900    0    0 1714176     0 12469 18384   3   2  92   4   0 2026-09-16 18:23:42
 2  0      1352696       784084        21504     58347928    0    0 1714176     0 12640 18233   2   2  89   7   0 2026-09-16 18:23:43
 1  8      1352696       780924        21504     58347960    0    0 1880064     0 12638 18281   2   2  89   7   0 2026-09-16 18:23:44
 2  5      1352696       786288        21512     58347988    0    0 1968128   484 12862 18883   2   2  89   7   0 2026-09-16 18:23:45
 1  5      1352696       783832        21512     58348024    4    0 1985540     0 13173 19221   2   2  89   7   0 2026-09-16 18:23:46
 1  5      1352696       785924        21512     58348056    0    0 2085376     0 13014 19155   2   2  88   7   0 2026-09-16 18:23:47
 5  0      1352696       777900        21512     58348096    0    0 2365952     0 12957 19786   2   2  89   7   0 2026-09-16 18:23:48
 1  0      1352696       777784        21512     58348124    0    0 1714176     0 12398 18673   3   2  89   6   0 2026-09-16 18:23:49
 1  6      1352696       783724        21520     58348144    0    0 2006020   560 13264 19257   3   2  89   7   0 2026-09-16 18:23:50
 3  5      1352696       781812        21520     58348196    0    0 2019328     0 12902 19114   2   2  89   7   0 2026-09-16 18:23:51
 1  4      1352696       776864        21520     58348224    0    0 2045440     0 12678 19242   2   2  90   6   0 2026-09-16 18:23:52
 0  5      1352696       782788        21520     58348268    0    0 2056704     0 12704 19198   2   2  90   6   0 2026-09-16 18:23:53
 1  3      1352696       785960        21520     58348308    0    0 2014208     0 13073 19218   2   2  90   6   0 2026-09-16 18:23:54
 1  0      1352696       789276        21528     58348340    0    0 1857536   540 12310 18907   2   2  90   6   0 2026-09-16 18:23:55
 1  0      1352696       789464        21528     58348376    0    0 1714176     0 12092 18506   2   2  91   5   0 2026-09-16 18:23:56
 2  5      1352696       788740        21528     58348408    0    0 2408448     0 13359 19459   2   2  88   8   0 2026-09-16 18:23:57
 0  5      1352696       787040        21528     58348444    0    0 1984000     0 13019 18866   2   2  89   6   0 2026-09-16 18:23:58
 0  5      1352696       784612        21528     58348476    0    0 2016768     0 12897 18898   3   2  89   7   0 2026-09-16 18:23:59
 1  3      1352696       786920        21536     58348508    0    0 2019328   532 12861 18975   2   2  89   7   0 2026-09-16 18:24:00
procs -----------------------memory---------------------- ---swap-- -----io---- -system-- --------cpu-------- -----timestamp-----
 r  b         swpd         free         buff        cache   si   so    bi    bo   in   cs  us  sy  id  wa  st                 KST
 2  0      1352696       783756        21536     58348536    0    0 1856512     0 12367 18510   2   2  90   6   0 2026-09-16 18:24:01
 2  0      1352696       789372        21536     58348572    0    0 1714176     0 12141 18243   2   2  90   6   0 2026-09-16 18:24:02
 1  0      1352696       783652        21536     58348596    0    0 1714176     0 12372 18178   2   2  90   6   0 2026-09-16 18:24:03
 3  0      1352696       777196        21536     58348636    0    0 1714176     0 12320 18083   2   2  90   5   0 2026-09-16 18:24:04
 3  8      1352696       777284        21544     58348664    0    0 1803264   160 12463 18272   2   2  89   7   0 2026-09-16 18:24:05
 2  2      1352696       780340        21544     58348704    0    0 3176448   384 14844 21700   2   2  86  10   0 2026-09-16 18:24:06
 2  0      1352696       787496        21544     58348752    0    0 1877012     0 12459 18925   2   2  90   6   0 2026-09-16 18:24:07
 3  0      1352696       790576        21544     58348772    0    0 1714176     0 12256 18531   2   2  90   6   0 2026-09-16 18:24:08
 6  0      1352696       784016        21544     58348820    0    0 1714176     0 12379 18541   3   2  90   6   0 2026-09-16 18:24:09
 6  0      1352696       784660        21552     58348852    0    0 1714176    80 12360 18547   2   2  91   5   0 2026-09-16 18:24:10
 3  0      1352696       784032        21552     58348884    0    0 1714176   448 12285 18567   2   2  92   4   0 2026-09-16 18:24:11
 1  8      1352696       778800        21552     58348920    0    0 1979392     0 12438 18976   2   2  90   6   0 2026-09-16 18:24:12
 1  6      1352696       776636        21552     58348948    0    0 2017280     0 12491 19038   2   2  91   5   0 2026-09-16 18:24:13
 1  4      1352696       788008        21552     58348972    0    0 2048512     0 12902 19260   3   2  92   4   0 2026-09-16 18:24:14
 2  4      1352696       786792        21560     58349024    0    0 2042368    84 12800 19194   2   2  92   4   0 2026-09-16 18:24:15
 1  5      1352696       788424        21560     58349064    0    0 2733056   456 14168 19992   2   2  86  11   0 2026-09-16 18:24:16
 1  0      1352696       791764        21560     58349092    0    0 2892800     0 14162 20413   1   2  88   9   0 2026-09-16 18:24:17
 1  4      1352696       792108        21560     58349128    0    0 2888704     0 14128 20133   2   2  85  11   0 2026-09-16 18:24:18
 3  6      1352696       801312        21560     58349160    0    0 2721792     0 14212 20082   2   2  86  10   0 2026-09-16 18:24:19
 1  0      1352696       800364        21568     58349172    0    0 2960384    96 14360 20717   2   2  88   8   0 2026-09-16 18:24:20
 1  5      1352696       795424        21568     58349220    0    0 2824192   428 14241 20208   2   2  87   9   0 2026-09-16 18:24:21
procs -----------------------memory---------------------- ---swap-- -----io---- -system-- --------cpu-------- -----timestamp-----
 r  b         swpd         free         buff        cache   si   so    bi    bo   in   cs  us  sy  id  wa  st                 KST
 2  4      1352696       792712        21568     58349248    0    0 3090432     0 14265 21320   2   2  86  10   0 2026-09-16 18:24:22
 4  7      1352696       797304        21568     58349288    0    0 2781184     0 13403 20714   2   2  89   8   0 2026-09-16 18:24:23
 2  3      1352696       796648        21568     58349320    0    0 2984960     0 13717 21076   2   2  88   9   0 2026-09-16 18:24:24
 1  6      1352696       793668        21576     58349336    0    0 2626560    84 13478 20458   2   2  88   9   0 2026-09-16 18:24:25
 0  1      1352696       794276        21576     58349384    0    0 2797056   452 13660 21019   1   2  88   9   0 2026-09-16 18:24:26
 2  4      1352696       793560        21576     58349412    0    0 2647040     0 13647 20372   2   2  88   8   0 2026-09-16 18:24:27
 0  7      1352696       791196        21576     58349448    0    0 2897408     0 14062 20759   2   2  87  10   0 2026-09-16 18:24:28
 3  0      1352696       789268        21576     58349480    0    0 3063808     0 14565 20981   2   2  87   9   0 2026-09-16 18:24:29
 2  4      1352696       788644        21584     58349500    0    0 2741760    88 14020 20259   2   2  86  10   0 2026-09-16 18:24:30
 3  6      1352696       784924        21584     58349564    0    0 2739744   444 13998 20110   2   2  86  10   0 2026-09-16 18:24:31
 1  1      1352696       792176        21584     58349604    0    0 3062272     0 14202 20955   1   2  88   9   0 2026-09-16 18:24:32
 2  4      1352696       783208        21584     58349652    0    0 2754560     0 14139 20050   2   2  87  10   0 2026-09-16 18:24:33
 1  6      1352696       778840        21584     58349676    0    0 2949632     0 14257 20743   1   2  88   9   0 2026-09-16 18:24:34
 1  2      1352696       786444        21600     58349716    0    0 2800640   224 14019 20766   2   2  89   8   0 2026-09-16 18:24:35
 1  5      1352696       788776        21600     58349748    0    0 2608640   428 13287 20451   2   2  87   9   0 2026-09-16 18:24:36
 2  0      1352696       793164        21600     58349780    0    0 2627072     0 12976 20357   2   2  88   9   0 2026-09-16 18:24:37
 1  4      1352696       792008        21600     58349816    0    0 2978816     0 14003 21250   2   2  85  11   0 2026-09-16 18:24:38
 2  5      1352696       792560        21600     58349840    0    0 2763776     0 13935 20700   2   2  88   8   0 2026-09-16 18:24:39
 2  0      1352696       791256        21608     58349868    0    0 2828288    92 13881 21187   2   2  89   7   0 2026-09-16 18:24:40
 0  4      1352696       792440        21608     58349908    0    0 3309568   408 14510 21527   1   2  84  12   0 2026-09-16 18:24:41
 0  5      1352696       788024        21608     58349948    0    0 3234816     0 14711 21023   1   2  85  12   0 2026-09-16 18:24:42
procs -----------------------memory---------------------- ---swap-- -----io---- -system-- --------cpu-------- -----timestamp-----
 r  b         swpd         free         buff        cache   si   so    bi    bo   in   cs  us  sy  id  wa  st                 KST
 0  5      1352696       787604        21608     58349972    0    0 3145728     0 14580 20832   1   2  84  13   0 2026-09-16 18:24:43
 2  5      1352696       792216        21608     58350000    0    0 3250688     0 14430 20881   1   2  85  12   0 2026-09-16 18:24:44
 0  7      1352696       789416        21616     58350036    0    0 3164672    92 14705 20782   1   2  87  10   0 2026-09-16 18:24:45
 2  5      1352696       791560        21616     58350080    0    0 3363840   444 14907 22104   1   2  88   9   0 2026-09-16 18:24:46
 2  7      1352696       791412        21616     58350124    0    0 3053568     0 13961 21253   1   2  87  10   0 2026-09-16 18:24:47
 1  1      1352696       795768        21616     58350144    0    0 3111424     0 14011 21406   1   2  86  11   0 2026-09-16 18:24:48
 1  3      1352696       786868        21616     58350184    0    0 3180032     0 14300 21536   2   2  87  10   0 2026-09-16 18:24:49
 0  6      1352696       784680        21624     58350200    0    0 3031552    80 14277 21330   1   2  85  11   0 2026-09-16 18:24:50
 2  5      1352696       789132        21624     58350248    0    0 3164672     0 14268 21461   2   2  86  10   0 2026-09-16 18:24:51
 1  7      1352696       783416        21624     58350276    0    0 3043328   452 13972 21119   1   2  87  10   0 2026-09-16 18:24:52
 0  7      1352696       787780        21624     58350320    0    0 3292160     0 14629 21158   1   2  85  11   0 2026-09-16 18:24:53
 0  8      1352696       790644        21624     58350352    0    0 3295232     0 14564 21402   1   2  85  12   0 2026-09-16 18:24:54
 1  1      1352696       789956        21624     58350376    0    0 3323392     0 14750 21290   1   2  87  10   0 2026-09-16 18:24:55
 2  4      1352696       789140        21632     58350420    0    0 3343872    84 14901 21390   1   2  86  11   0 2026-09-16 18:24:56
 1  5      1352696       792480        21632     58350456    0    0 3086336   444 14412 20806   1   2  84  12   0 2026-09-16 18:24:57
 1  4      1352696       793072        21632     58350488    0    0 3127808     0 13697 21387   1   2  88   8   0 2026-09-16 18:24:58
 1  5      1352696       785868        21632     58350520    0    0 3156480     0 13765 21434   1   2  88   9   0 2026-09-16 18:24:59
 2  5      1352696       787208        21632     58350544    0    0 3346432     0 14458 22074   1   2  87   9   0 2026-09-16 18:25:00
 2  5      1352696       786772        21640     58350592    0    0 3278848   112 14149 21597   2   2  86  10   0 2026-09-16 18:25:01
 0  8      1352696       790764        21640     58350616    0    0 3013632   580 13893 21325   1   2  87  10   0 2026-09-16 18:25:02
 1  3      1352696       787600        21640     58350648    0    0 3251200     0 14170 21701   1   2  86  10   0 2026-09-16 18:25:03
procs -----------------------memory---------------------- ---swap-- -----io---- -system-- --------cpu-------- -----timestamp-----
 r  b         swpd         free         buff        cache   si   so    bi    bo   in   cs  us  sy  id  wa  st                 KST
 1  5      1352696       787932        21640     58350676    0    0 3084288     0 14495 20850   1   2  85  12   0 2026-09-16 18:25:04
 2  4      1352696       794776        21640     58350716    0    0 3120640     0 14649 20687   1   2  84  12   0 2026-09-16 18:25:05
 1  5      1352696       798940        21648     58350732    0    0 3222016   116 15029 21362   1   2  85  12   0 2026-09-16 18:25:06
 2  6      1352696       799836        21648     58350780    0    0 3238912   464 14897 20980   1   2  85  12   0 2026-09-16 18:25:07
 0  7      1352696       791300        21648     58350796    0    0 3255296     0 14750 20962   1   2  85  11   0 2026-09-16 18:25:08
 1  7      1352696       787624        21648     58350828    0    0 3216384     0 14605 21510   1   2  88   9   0 2026-09-16 18:25:09
 0  3      1352696       783412        21648     58350868    0    0 3175424     0 14191 21399   1   2  86  11   0 2026-09-16 18:25:10
 2  4      1352696       793808        21656     58350904    0    0 3112960    72 13976 21376   1   2  87  10   0 2026-09-16 18:25:11
 1  5      1352696       797000        21656     58350924    0    0 3172864   420 14299 21463   1   2  86  10   0 2026-09-16 18:25:12
 1  6      1352696       794872        21656     58350972    0    0 3175936     0 14019 21525   1   2  88   9   0 2026-09-16 18:25:13
 1  6      1352696       791940        21656     58351004    0    0 3139584     0 14208 21482   1   2  87   9   0 2026-09-16 18:25:14
 0  8      1352696       791012        21656     58351032    0    0 3101696     0 14356 20571   1   2  84  12   0 2026-09-16 18:25:15
 1  8      1352696       785504        21664     58351068    0    0 3334144    72 14697 21316   1   2  85  12   0 2026-09-16 18:25:16
 1  3      1352696       784372        21664     58351092    0    0 3188736   432 14818 20988   1   2  84  12   0 2026-09-16 18:25:17
 1  4      1352696       789296        21664     58351132    0    0 3229696     0 14727 21060   1   2  85  12   0 2026-09-16 18:25:18
 1  4      1352696       790660        21664     58351168    0    0 3222528     0 14731 20979   1   2  85  11   0 2026-09-16 18:25:19
 1  5      1352696       792276        21664     58351192    0    0 3190272     0 14471 21078   2   2  86  11   0 2026-09-16 18:25:20
 1  6      1352696       788416        21672     58351220    0    0 3147264    72 14271 21434   1   2  87  10   0 2026-09-16 18:25:21
 1  8      1352696       791628        21672     58351260    0    0 3034112   452 13950 21153   1   2  87  10   0 2026-09-16 18:25:22
 2  1      1352696       797052        21672     58351276    0    0 3118592     0 13870 21242   1   2  89   8   0 2026-09-16 18:25:23
 2  4      1352696       788076        21672     58351324    0    0 3137024     0 14597 21302   1   2  88   9   0 2026-09-16 18:25:24
procs -----------------------memory---------------------- ---swap-- -----io---- -system-- --------cpu-------- -----timestamp-----
 r  b         swpd         free         buff        cache   si   so    bi    bo   in   cs  us  sy  id  wa  st                 KST
 1  5      1352696       781412        21672     58351348    0    0 3029504     0 13958 21117   1   2  87   9   0 2026-09-16 18:25:25
 2  5      1352696       780264        21680     58351392    0    0 2979328    92 14208 21077   1   2  86  11   0 2026-09-16 18:25:26
 0  6      1352696       785444        21680     58351416    0    0 3238912   460 14533 20951   1   2  86  11   0 2026-09-16 18:25:27
 0  8      1352696       787484        21680     58351456    0    0 3200000     0 14623 21064   2   2  85  11   0 2026-09-16 18:25:28
 1  1      1352696       791636        21680     58351488    0    0 3335680     0 14826 21208   1   2  86  10   0 2026-09-16 18:25:29
 1  1      1352696       784376        21680     58351508    0    0 3374080     0 15211 21238   1   2  85  12   0 2026-09-16 18:25:30
 0  5      1352696       781520        21688     58351552    0    0 3216896    92 15063 20907   1   2  85  12   0 2026-09-16 18:25:31
 0  6      1352696       792196        21688     58351576    0    0 3208192   312 14416 21359   1   2  85  11   0 2026-09-16 18:25:32
 1  5      1352696       786996        21688     58351604    0    0 3043840   176 13906 21100   1   2  87  10   0 2026-09-16 18:25:33
 1  5      1352696       782788        21688     58351644    0    0 3006976     0 13595 21313   1   2  88   9   0 2026-09-16 18:25:34
 2  7      1352696       787928        21688     58351680    0    0 3036160     0 13885 21237   1   2  88   9   0 2026-09-16 18:25:35
 1  3      1352696       790284        21696     58351716    0    0 3257344    80 14106 21678   1   2  88   9   0 2026-09-16 18:25:36
 1  4      1352696       783640        21696     58351752    0    0 3151872     0 14356 21551   2   2  86  10   0 2026-09-16 18:25:37
 2  4      1352696       785080        21696     58351780    0    0 3158528   444 14703 21055   1   2  87  10   0 2026-09-16 18:25:38
 3  5      1352696       791232        21696     58351808    0    0 3226112     0 14553 21145   1   2  86  11   0 2026-09-16 18:25:39
 1  5      1352696       788060        21696     58351840    8    0 3203080     0 14496 20879   1   2  85  12   0 2026-09-16 18:25:40
 1  5      1352696       785644        21704     58351868    0    0 3271680    88 14733 21173   1   2  84  12   0 2026-09-16 18:25:41
 3  6      1352696       789272        21704     58351904    0    0 3196928     0 14641 20917   1   2  85  11   0 2026-09-16 18:25:42
 2  0      1352696       795900        21704     58351948    0    0 3165696   432 14382 21415   2   2  89   8   0 2026-09-16 18:25:43
 0  3      1352696       801300        21704     58351980    0    0 3330560     0 14679 21781   1   2  86  11   0 2026-09-16 18:25:44
 1  5      1352696       795344        21704     58352016    4    0 3030532     0 13878 21276   2   2  87  10   0 2026-09-16 18:25:45
procs -----------------------memory---------------------- ---swap-- -----io---- -system-- --------cpu-------- -----timestamp-----
 r  b         swpd         free         buff        cache   si   so    bi    bo   in   cs  us  sy  id  wa  st                 KST
 1  6      1352696       793668        21712     58352036    0    0 3015168    76 13960 21694   1   2  88   9   0 2026-09-16 18:25:46
 1  6      1352696       793052        21712     58352084    8    0 3173384     0 14102 21424   1   2  86  11   0 2026-09-16 18:25:47
 1  7      1352696       788852        21712     58352124    0    0 3192832   444 14201 21584   1   2  87  10   0 2026-09-16 18:25:48
 0  1      1352696       789220        21712     58352152    0    0 3149312     0 14206 21181   1   2  88   9   0 2026-09-16 18:25:49
 1  3      1352696       793612        21712     58352184    0    0 3267072     0 14811 21234   1   2  86  11   0 2026-09-16 18:25:50
 1  5      1352696       788412        21720     58352216    0    0 3134464   104 14514 20824   1   2  86  11   0 2026-09-16 18:25:51
 1  5      1352696       789248        21720     58352256    0    0 3120640     0 14710 20847   1   2  85  11   0 2026-09-16 18:25:52
 1  6      1352696       791620        21720     58352288    0    0 3156480   484 14469 20815   1   2  84  13   0 2026-09-16 18:25:53
 1  5      1352696       794232        21720     58352324    0    0 3344384     0 15100 21614   1   2  86  11   0 2026-09-16 18:25:54
 2  8      1352696       793084        21720     58352356    0    0 3019776     0 13620 21148   1   2  86  10   0 2026-09-16 18:25:55
 0  3      1352696       797724        21728     58352376    0    0 3160064    96 14145 21493   2   2  85  12   0 2026-09-16 18:25:56
 0  5      1352696       790348        21728     58352420    0    0 3102720     0 13858 21285   1   2  86  11   0 2026-09-16 18:25:57
 0  5      1352696       786920        21728     58352580    0    0 3031552   456 13715 21324   1   2  87  10   0 2026-09-16 18:25:58
 3  5      1352696       789292        21728     58352608    0    0 3026432     0 13823 21151   1   2  88   9   0 2026-09-16 18:25:59
 1  8      1352696       782184        21728     58352632    0    0 3028992     0 13631 20954   1   2  88   9   0 2026-09-16 18:26:00
 1  0      1352696       784612        21736     58352672    0    0 3314176    80 15073 21286   2   2  84  12   0 2026-09-16 18:26:01
 1  3      1352696       784968        21736     58352700    0    0 3347968     0 15322 21575   1   2  84  13   0 2026-09-16 18:26:02
 2  5      1352696       798720        21736     58352736    0    0 3315712   456 14960 21332   1   2  85  12   0 2026-09-16 18:26:03
 1  5      1352696       803104        21736     58352772    0    0 3239936     0 14729 21084   1   2  87  10   0 2026-09-16 18:26:04
 2  4      1352696       803948        21736     58352804    0    0 3180032     0 14646 20826   2   2  85  11   0 2026-09-16 18:26:05
 0  6      1352696       795424        21744     58352836    0    0 3144192    76 14407 21742   1   2  87   9   0 2026-09-16 18:26:06
procs -----------------------memory---------------------- ---swap-- -----io---- -system-- --------cpu-------- -----timestamp-----
 r  b         swpd         free         buff        cache   si   so    bi    bo   in   cs  us  sy  id  wa  st                 KST
 1  5      1352696       794032        21744     58352868    0    0 3152896     0 14111 21275   1   2  86  10   0 2026-09-16 18:26:07
 1  8      1352696       796368        21744     58352896    0    0 3024896   388 13830 21290   1   2  87   9   0 2026-09-16 18:26:08
 0  3      1352696       791992        21744     58352952    4    0 3215388     0 14550 21480   1   2  85  12   0 2026-09-16 18:26:09
 0  4      1352696       795136        21744     58352988    0    0 3354624     0 14441 21914   1   2  86  10   0 2026-09-16 18:26:10
 1  4      1352696       795972        21752     58353016    0    0 3015168    80 13843 21185   1   2  89   8   0 2026-09-16 18:26:11
 1  6      1352696       800840        21752     58353036    0    0 3031552     0 14265 20634   1   2  85  12   0 2026-09-16 18:26:12
 2  5      1352696       789648        21752     58353072    0    0 3112960   440 14556 20689   1   2  85  11   0 2026-09-16 18:26:13
 1  7      1352696       787176        21752     58353108    0    0 3214340     0 14903 20973   1   2  85  12   0 2026-09-16 18:26:14
 2  0      1352696       788368        21752     58353136    0    0 3258364     0 15000 21175   1   2  85  12   0 2026-09-16 18:26:15
 1  4      1352696       787464        21760     58353176    0    0 3279872    88 14942 21341   1   2  83  13   0 2026-09-16 18:26:16
 2  3      1352696       787064        21760     58353204    0    0 3274752     0 14563 21365   1   2  85  11   0 2026-09-16 18:26:17
 3  4      1352696       783620        21760     58353244    0    0 3172352     0 13981 21506   1   2  86  10   0 2026-09-16 18:26:18
 0  6      1352696       784180        21760     58353260    0    0 3018752   468 13667 21206   1   2  88   9   0 2026-09-16 18:26:19
 1  5      1352696       779284        21760     58353300    0    0 3026944     0 14130 21068   1   2  89   8   0 2026-09-16 18:26:20
 2  7      1352696       784724        21768     58353336    0    0 3170304    84 14243 21409   1   2  86  10   0 2026-09-16 18:26:21
 2  2      1352696       783572        21768     58353372    0    0 3195904     0 14456 21507   1   2  85  11   0 2026-09-16 18:26:22
 1  5      1352696       784932        21768     58353396    0    0 3076096     0 13771 20718   1   2  86  10   0 2026-09-16 18:26:23
 1  4      1352696       782520        21768     58353436    0    0 3193344   460 14543 20874   1   2  85  12   0 2026-09-16 18:26:24
 1  5      1352696       789784        21768     58353476    0    0 3244544     0 14931 20999   1   2  87   9   0 2026-09-16 18:26:25
 2  5      1352696       783288        21776     58353500    0    0 3224576    96 15180 21424   1   2  86  11   0 2026-09-16 18:26:26
 0  6      1352696       786400        21776     58353532    0    0 3251200     0 14991 21025   1   2  86  11   0 2026-09-16 18:26:27
procs -----------------------memory---------------------- ---swap-- -----io---- -system-- --------cpu-------- -----timestamp-----
 r  b         swpd         free         buff        cache   si   so    bi    bo   in   cs  us  sy  id  wa  st                 KST
 2  7      1352696       783192        21776     58353572    0    0 3177472     0 14528 21198   1   2  86  11   0 2026-09-16 18:26:28
 2  2      1352696       785032        21776     58353604    0    0 3132416   400 14220 21246   1   2  87  10   0 2026-09-16 18:26:29
 1  5      1352696       783880        21776     58353644    0    0 3095552     0 14043 21299   1   2  88   9   0 2026-09-16 18:26:30
 0  5      1352696       789080        21784     58353668    0    0 3169792    84 14109 21373   1   2  86  11   0 2026-09-16 18:26:31
 0  6      1352696       787892        21784     58353696    0    0 2992640     0 13663 21043   1   2  86  10   0 2026-09-16 18:26:32
 1  6      1352696       781944        21784     58353740    0    0 3192832     0 14335 21400   1   2  89   8   0 2026-09-16 18:26:33
 2  0      1352696       777272        21784     58353776    0    0 3085824   436 14309 21386   1   2  87  10   0 2026-09-16 18:26:34
 3  3      1352696       779900        21784     58353808    0    0 3225088     0 14591 21097   1   2  85  12   0 2026-09-16 18:26:35
 1  4      1352696       779752        21792     58353840    0    0 3125248   100 14733 20888   1   2  86  11   0 2026-09-16 18:26:36
 1  4      1352696       776116        21792     58353868    0    0 3273216     0 14658 21186   1   2  85  11   0 2026-09-16 18:26:37
 2  5      1352696       784324        21792     58353896    0    0 3151360     0 14499 21022   1   2  84  13   0 2026-09-16 18:26:38
 0  6      1352696       779884        21792     58353936    0    0 3168256   508 14400 20964   1   2  84  13   0 2026-09-16 18:26:39
 1  5      1352696       778524        21792     58353964    0    0 3367936     0 14687 21786   1   2  86  11   0 2026-09-16 18:26:40
 2  7      1352696       780620        21800     58353996    0    0 3027968    72 14014 21209   1   2  90   7   0 2026-09-16 18:26:41
 2  1      1352696       785348        21800     58354020    0    0 3296256     0 14361 21893   1   2  87  10   0 2026-09-16 18:26:42
 2  5      1352696       778624        21800     58354064    0    0 3158016     0 14134 21580   1   2  87  10   0 2026-09-16 18:26:43
 1  5      1352696       786800        21800     58354088    0    0 3025408   424 13640 21373   1   2  89   8   0 2026-09-16 18:26:44
 2  5      1352696       779572        21800     58354128    0    0 2993664     0 13748 21087   1   2  87  10   0 2026-09-16 18:26:45
 1  8      1352696       780688        21808     58354160    8    0 3088392    92 14459 21353   1   2  87  10   0 2026-09-16 18:26:46
 2  8      1352696       782512        21808     58354184    0    0 3332096     0 14772 21338   1   2  86  10   0 2026-09-16 18:26:47
 1  1      1352696       781572        21808     58354228    0    0 3297792     0 15110 21404   1   2  84  12   0 2026-09-16 18:26:48
procs -----------------------memory---------------------- ---swap-- -----io---- -system-- --------cpu-------- -----timestamp-----
 r  b         swpd         free         buff        cache   si   so    bi    bo   in   cs  us  sy  id  wa  st                 KST
 2  4      1352696       781384        21808     58354256    0    0 3359232   416 15090 21293   1   2  85  11   0 2026-09-16 18:26:49
 2  4      1352696       784488        21808     58354296    0    0 3076096     0 14385 20905   1   2  85  11   0 2026-09-16 18:26:50
 1  4      1352696       777000        21816     58354324    0    0 3164672    68 14416 21272   2   2  86  10   0 2026-09-16 18:26:51
 2  5      1352696       780164        21816     58354356    0    0 2993664     0 13690 21171   1   2  87   9   0 2026-09-16 18:26:52
 2  6      1352696       783252        21816     58354388    0    0 3179520     0 13691 21501   1   2  87  10   0 2026-09-16 18:26:53
 3  7      1352696       783040        21816     58354428    0    0 3166208   408 13964 21573   1   2  86  10   0 2026-09-16 18:26:54
 1  0      1352696       784676        21816     58354464    0    0 3351040     0 14418 21768   1   2  88   9   0 2026-09-16 18:26:55
 0  4      1352696       784528        21824     58354500    0    0 3196416   104 14455 21634   1   2  85  11   0 2026-09-16 18:26:56
 1  4      1352696       786124        21824     58354528    0    0 3129344     0 14090 20952   1   2  87  10   0 2026-09-16 18:26:57
 0  6      1352696       789000        21824     58354556    0    0 3176448     0 14502 21086   1   2  86  11   0 2026-09-16 18:26:58
 1  7      1352696       790620        21824     58354596    0    0 3088384   348 14367 20796   1   2  85  11   0 2026-09-16 18:26:59
 2  6      1352696       789700        21824     58354620    8    0 3251208   132 14791 21043   1   2  86  11   0 2026-09-16 18:27:00
 2  7      1352696       781928        21832     58354644    0    0 3244032    92 14579 21118   1   2  86  11   0 2026-09-16 18:27:01
 0  7      1352696       785908        21832     58354684    0    0 3355648     0 15056 21559   1   2  85  11   0 2026-09-16 18:27:02
 0  3      1352696       785000        21832     58354708    0    0 3195904     0 14160 21540   1   2  87  10   0 2026-09-16 18:27:03
 1  4      1352696       779556        21832     58354744    0    0 3113984     0 14027 21656   1   2  88   9   0 2026-09-16 18:27:04
 1  5      1352696       780916        21832     58354788    0    0 3001856   460 13829 21270   1   2  86  10   0 2026-09-16 18:27:05
 2  5      1352696       774004        21840     58354812    0    0 3016192    88 14095 21736   1   2  88   9   0 2026-09-16 18:27:06
 2  8      1352696       772136        21840     58354840    0    0 3025920     0 14003 21209   1   2  88   9   0 2026-09-16 18:27:07
 2  2      1352696       772832        21840     58354888    0    0 3225600     0 14337 21733   1   2  88   9   0 2026-09-16 18:27:08
 2  4      1352696       779480        21840     58354916    0    0 3182592     0 14663 21036   1   2  85  12   0 2026-09-16 18:27:09
procs -----------------------memory---------------------- ---swap-- -----io---- -system-- --------cpu-------- -----timestamp-----
 r  b         swpd         free         buff        cache   si   so    bi    bo   in   cs  us  sy  id  wa  st                 KST
 2  5      1352696       781148        21840     58354932    0    0 3275776   452 14894 21276   1   2  85  11   0 2026-09-16 18:27:10
 3  5      1352696       784268        21848     58354976    0    0 3169280    72 14777 20933   1   2  85  11   0 2026-09-16 18:27:11
 2  5      1352696       795940        21848     58355008    0    0 3167232     0 14637 20886   1   2  86  11   0 2026-09-16 18:27:12
 1  6      1352696       791740        21848     58355048    0    0 3186688     0 14636 20816   1   2  86  10   0 2026-09-16 18:27:13
 2  7      1352696       793828        21848     58355064    0    0 3092480     0 14158 21385   1   2  88   8   0 2026-09-16 18:27:14
 1  3      1352696       786812        21848     58355224    4    0 3228784   444 14029 21493   1   2  87  10   0 2026-09-16 18:27:15
 1  4      1352696       794968        21856     58355260    0    0 3035136    88 13635 21034   1   2  87  10   0 2026-09-16 18:27:16
 0  5      1352696       793024        21856     58355296    0    0 3173888     0 14169 21532   1   2  86  11   0 2026-09-16 18:27:17
 2  5      1352696       790856        21856     58355312    0    0 3157504     0 14435 21453   1   2  87  10   0 2026-09-16 18:27:18
 1  7      1352696       788220        21856     58355360    0    0 3049472     0 13844 21282   1   2  88   9   0 2026-09-16 18:27:19
 2  0      1352696       790304        21856     58355388    0    0 3165184   468 14217 21063   1   2  86  10   0 2026-09-16 18:27:20
 1  0      1352696       785632        21864     58355428    0    0     0    84 9430 14930   1   1  98   0   0 2026-09-16 18:27:21
 1  0      1352696       783960        21864     58355452    0    0     0     0 9304 14889   1   1  98   0   0 2026-09-16 18:27:22
 1  0      1352696       793272        21864     58355484    0    0     0     0 9516 14941   1   1  98   0   0 2026-09-16 18:27:23
 1  0      1352696       790052        21864     58355516    0    0     0     0 9150 15152   1   1  98   0   0 2026-09-16 18:27:24
 2  0      1352696       788608        21864     58355544    0    0     0   456 9341 15182   1   1  98   0   0 2026-09-16 18:27:25
 0  0      1352696       788020        21872     58355580    0    0     0    92 9487 15586   1   1  98   0   0 2026-09-16 18:27:26
 0  0      1352696       792420        21872     58355616    0    0     0     0 9245 15024   1   1  98   0   0 2026-09-16 18:27:27
 2  0      1352696       785952        21872     58355648    0    0     0     0 9448 15019   1   1  98   0   0 2026-09-16 18:27:28
 0  0      1352696       790556        21872     58355684    0    0     0     0 9562 15056   1   1  98   0   0 2026-09-16 18:27:29
 0  0      1352696       795896        21872     58355700    0    0     0   448 9355 15126   1   1  98   0   0 2026-09-16 18:27:30
procs -----------------------memory---------------------- ---swap-- -----io---- -system-- --------cpu-------- -----timestamp-----
 r  b         swpd         free         buff        cache   si   so    bi    bo   in   cs  us  sy  id  wa  st                 KST
 1  0      1352696       792472        21880     58355744    0    0     0    80 9355 14978   1   1  98   0   0 2026-09-16 18:27:31
 0  0      1352696       788784        21880     58355768    0    0     0     0 9127 14892   1   1  98   0   0 2026-09-16 18:27:32
 0  0      1352696       795972        21880     58355816    0    0     0     0 9434 14932   1   1  98   0   0 2026-09-16 18:27:33
 1  0      1352696       787060        21880     58355848    0    0     0     0 9680 15250   1   1  98   0   0 2026-09-16 18:27:34
 2  0      1352696       786100        21888     58355964   12    0    76   432 9489 15185   2   1  96   0   0 2026-09-16 18:27:35
