timestamp, utilization.gpu [%], utilization.memory [%], memory.used [MiB], memory.total [MiB], power.draw [W], temperature.gpu
2026/09/16 22:59:14.275, 0 %, 0 %, 15 MiB, 16384 MiB, 8.00 W, 49
2026/09/16 22:59:15.285, 0 %, 0 %, 15 MiB, 16384 MiB, 9.21 W, 49
2026/09/16 22:59:16.291, 0 %, 0 %, 15 MiB, 16384 MiB, 7.53 W, 48
2026/09/16 22:59:17.300, 0 %, 0 %, 15 MiB, 16384 MiB, 7.48 W, 48
2026/09/16 22:59:18.307, 1 %, 0 %, 15 MiB, 16384 MiB, 7.34 W, 48
2026/09/16 22:59:19.313, 0 %, 0 %, 15 MiB, 16384 MiB, 7.67 W, 48
2026/09/16 22:59:20.320, 0 %, 0 %, 15 MiB, 16384 MiB, 7.45 W, 48
2026/09/16 22:59:21.326, 0 %, 0 %, 15 MiB, 16384 MiB, 7.52 W, 48
2026/09/16 22:59:22.332, 0 %, 0 %, 15 MiB, 16384 MiB, 7.32 W, 48
2026/09/16 22:59:23.338, 0 %, 0 %, 15 MiB, 16384 MiB, 8.82 W, 48
2026/09/16 22:59:24.344, 0 %, 0 %, 15 MiB, 16384 MiB, 7.59 W, 48
2026/09/16 22:59:25.351, 1 %, 0 %, 18 MiB, 16384 MiB, 8.34 W, 48
2026/09/16 22:59:26.357, 0 %, 0 %, 238 MiB, 16384 MiB, 43.03 W, 49
2026/09/16 22:59:27.360, 12 %, 1 %, 4364 MiB, 16384 MiB, 43.44 W, 50
2026/09/16 22:59:28.362, 12 %, 0 %, 4372 MiB, 16384 MiB, 50.28 W, 50
2026/09/16 22:59:29.364, 37 %, 2 %, 4380 MiB, 16384 MiB, 58.89 W, 51
2026/09/16 22:59:30.367, 50 %, 2 %, 4388 MiB, 16384 MiB, 58.21 W, 51
2026/09/16 22:59:31.369, 31 %, 1 %, 4394 MiB, 16384 MiB, 56.47 W, 51
2026/09/16 22:59:32.385, 16 %, 1 %, 4402 MiB, 16384 MiB, 58.70 W, 51
2026/09/16 22:59:33.388, 42 %, 2 %, 4410 MiB, 16384 MiB, 58.29 W, 51
2026/09/16 22:59:34.390, 30 %, 1 %, 4416 MiB, 16384 MiB, 56.79 W, 51
2026/09/16 22:59:35.392, 12 %, 0 %, 4426 MiB, 16384 MiB, 57.08 W, 52
2026/09/16 22:59:36.395, 37 %, 2 %, 4432 MiB, 16384 MiB, 56.65 W, 52
2026/09/16 22:59:37.397, 30 %, 1 %, 4440 MiB, 16384 MiB, 56.83 W, 52
2026/09/16 22:59:38.399, 10 %, 0 %, 4448 MiB, 16384 MiB, 50.56 W, 51
2026/09/16 22:59:39.402, 37 %, 2 %, 4456 MiB, 16384 MiB, 56.79 W, 52
2026/09/16 22:59:40.404, 30 %, 1 %, 4462 MiB, 16384 MiB, 56.95 W, 52
2026/09/16 22:59:41.406, 12 %, 0 %, 4472 MiB, 16384 MiB, 56.51 W, 52
2026/09/16 22:59:42.409, 37 %, 2 %, 4478 MiB, 16384 MiB, 56.99 W, 52
2026/09/16 22:59:43.411, 32 %, 1 %, 4486 MiB, 16384 MiB, 55.61 W, 52
2026/09/16 22:59:44.413, 0 %, 0 %, 6864 MiB, 16384 MiB, 43.22 W, 51
2026/09/16 22:59:45.416, 0 %, 0 %, 6864 MiB, 16384 MiB, 43.49 W, 51
2026/09/16 22:59:46.418, 0 %, 0 %, 6864 MiB, 16384 MiB, 42.98 W, 51
2026/09/16 22:59:47.421, 51 %, 2 %, 6864 MiB, 16384 MiB, 56.65 W, 52
2026/09/16 22:59:48.424, 0 %, 0 %, 6864 MiB, 16384 MiB, 56.23 W, 52
2026/09/16 22:59:49.427, 0 %, 0 %, 6864 MiB, 16384 MiB, 43.22 W, 51
2026/09/16 22:59:50.431, 0 %, 0 %, 6864 MiB, 16384 MiB, 43.63 W, 51
2026/09/16 22:59:51.434, 0 %, 0 %, 6864 MiB, 16384 MiB, 43.83 W, 51
2026/09/16 22:59:52.438, 0 %, 0 %, 6864 MiB, 16384 MiB, 43.69 W, 51
2026/09/16 22:59:53.441, 0 %, 0 %, 6864 MiB, 16384 MiB, 43.74 W, 51
2026/09/16 22:59:54.445, 0 %, 0 %, 6864 MiB, 16384 MiB, 43.01 W, 51
2026/09/16 22:59:55.448, 0 %, 0 %, 6864 MiB, 16384 MiB, 43.12 W, 51
2026/09/16 22:59:56.451, 0 %, 0 %, 6864 MiB, 16384 MiB, 43.25 W, 51
2026/09/16 22:59:57.455, 0 %, 0 %, 6864 MiB, 16384 MiB, 43.17 W, 51
2026/09/16 22:59:58.458, 0 %, 0 %, 6864 MiB, 16384 MiB, 43.09 W, 51
2026/09/16 22:59:59.461, 0 %, 0 %, 6864 MiB, 16384 MiB, 43.24 W, 51
2026/09/16 23:00:00.464, 0 %, 0 %, 6864 MiB, 16384 MiB, 43.48 W, 51
2026/09/16 23:00:01.467, 0 %, 0 %, 6864 MiB, 16384 MiB, 43.45 W, 51
2026/09/16 23:00:02.470, 0 %, 0 %, 6864 MiB, 16384 MiB, 43.66 W, 51
2026/09/16 23:00:03.473, 0 %, 0 %, 6864 MiB, 16384 MiB, 43.71 W, 51
2026/09/16 23:00:04.476, 0 %, 0 %, 6864 MiB, 16384 MiB, 19.71 W, 50
2026/09/16 23:00:05.482, 0 %, 0 %, 6864 MiB, 16384 MiB, 7.68 W, 50
2026/09/16 23:00:06.489, 0 %, 0 %, 6864 MiB, 16384 MiB, 7.76 W, 50
2026/09/16 23:00:07.495, 0 %, 0 %, 6864 MiB, 16384 MiB, 7.54 W, 49
2026/09/16 23:00:08.501, 1 %, 0 %, 6864 MiB, 16384 MiB, 7.45 W, 49
2026/09/16 23:00:09.507, 0 %, 0 %, 6864 MiB, 16384 MiB, 9.15 W, 49
2026/09/16 23:00:10.513, 0 %, 0 %, 6864 MiB, 16384 MiB, 8.37 W, 49
2026/09/16 23:00:11.519, 0 %, 0 %, 6864 MiB, 16384 MiB, 8.69 W, 49
2026/09/16 23:00:12.531, 0 %, 0 %, 6864 MiB, 16384 MiB, 7.33 W, 48
2026/09/16 23:00:13.537, 0 %, 0 %, 6864 MiB, 16384 MiB, 7.51 W, 48
2026/09/16 23:00:14.543, 0 %, 0 %, 6864 MiB, 16384 MiB, 7.31 W, 48
2026/09/16 23:00:15.549, 1 %, 0 %, 6864 MiB, 16384 MiB, 7.34 W, 48
2026/09/16 23:00:16.556, 0 %, 0 %, 6864 MiB, 16384 MiB, 7.37 W, 48
2026/09/16 23:00:17.562, 0 %, 0 %, 6864 MiB, 16384 MiB, 7.49 W, 48
2026/09/16 23:00:18.569, 0 %, 0 %, 6864 MiB, 16384 MiB, 7.41 W, 48
2026/09/16 23:00:19.575, 0 %, 0 %, 6864 MiB, 16384 MiB, 7.30 W, 47
2026/09/16 23:00:20.581, 0 %, 0 %, 6864 MiB, 16384 MiB, 7.50 W, 47
2026/09/16 23:00:21.588, 0 %, 0 %, 6864 MiB, 16384 MiB, 7.38 W, 47
2026/09/16 23:00:22.594, 0 %, 0 %, 6864 MiB, 16384 MiB, 7.46 W, 47
2026/09/16 23:00:23.601, 0 %, 0 %, 6864 MiB, 16384 MiB, 7.26 W, 47
2026/09/16 23:00:24.607, 0 %, 0 %, 6864 MiB, 16384 MiB, 7.30 W, 47
2026/09/16 23:00:25.613, 0 %, 0 %, 6864 MiB, 16384 MiB, 7.23 W, 47
2026/09/16 23:00:26.619, 0 %, 0 %, 6864 MiB, 16384 MiB, 8.94 W, 47
2026/09/16 23:00:27.625, 0 %, 0 %, 6864 MiB, 16384 MiB, 7.16 W, 47
2026/09/16 23:00:28.632, 0 %, 0 %, 6864 MiB, 16384 MiB, 9.14 W, 46
2026/09/16 23:00:29.638, 0 %, 0 %, 6864 MiB, 16384 MiB, 7.16 W, 46
2026/09/16 23:00:30.643, 0 %, 0 %, 6864 MiB, 16384 MiB, 7.05 W, 46
2026/09/16 23:00:31.650, 0 %, 0 %, 6864 MiB, 16384 MiB, 7.15 W, 46
2026/09/16 23:00:32.656, 0 %, 0 %, 6864 MiB, 16384 MiB, 7.20 W, 46
2026/09/16 23:00:33.662, 0 %, 0 %, 6864 MiB, 16384 MiB, 7.16 W, 46
2026/09/16 23:00:34.668, 0 %, 0 %, 6864 MiB, 16384 MiB, 7.17 W, 46
2026/09/16 23:00:35.674, 0 %, 0 %, 6864 MiB, 16384 MiB, 7.01 W, 46
2026/09/16 23:00:36.680, 0 %, 0 %, 6864 MiB, 16384 MiB, 7.06 W, 46
2026/09/16 23:00:37.687, 0 %, 0 %, 6864 MiB, 16384 MiB, 7.14 W, 46
2026/09/16 23:00:38.693, 0 %, 0 %, 6864 MiB, 16384 MiB, 7.25 W, 46
2026/09/16 23:00:39.699, 0 %, 0 %, 6864 MiB, 16384 MiB, 7.13 W, 46
2026/09/16 23:00:40.705, 0 %, 0 %, 6864 MiB, 16384 MiB, 7.41 W, 45
2026/09/16 23:00:41.711, 0 %, 0 %, 6864 MiB, 16384 MiB, 7.45 W, 45
2026/09/16 23:00:42.717, 0 %, 0 %, 6864 MiB, 16384 MiB, 8.95 W, 45
2026/09/16 23:00:43.723, 0 %, 0 %, 6864 MiB, 16384 MiB, 9.06 W, 45
2026/09/16 23:00:44.729, 0 %, 0 %, 6864 MiB, 16384 MiB, 9.10 W, 45
2026/09/16 23:00:45.735, 0 %, 0 %, 6864 MiB, 16384 MiB, 8.93 W, 45
2026/09/16 23:00:46.741, 0 %, 0 %, 6864 MiB, 16384 MiB, 9.00 W, 45
2026/09/16 23:00:47.747, 0 %, 0 %, 6864 MiB, 16384 MiB, 7.21 W, 45
2026/09/16 23:00:48.753, 0 %, 0 %, 6864 MiB, 16384 MiB, 7.11 W, 45
2026/09/16 23:00:49.760, 0 %, 0 %, 6864 MiB, 16384 MiB, 6.91 W, 45
2026/09/16 23:00:50.766, 0 %, 0 %, 6864 MiB, 16384 MiB, 6.85 W, 45
2026/09/16 23:00:51.772, 0 %, 0 %, 6864 MiB, 16384 MiB, 7.17 W, 45
2026/09/16 23:00:52.778, 0 %, 0 %, 6864 MiB, 16384 MiB, 7.39 W, 44
2026/09/16 23:00:53.785, 0 %, 0 %, 6864 MiB, 16384 MiB, 7.13 W, 45
2026/09/16 23:00:54.791, 0 %, 0 %, 6864 MiB, 16384 MiB, 7.31 W, 44
2026/09/16 23:00:55.797, 0 %, 0 %, 6864 MiB, 16384 MiB, 7.47 W, 44
2026/09/16 23:00:56.803, 0 %, 0 %, 6864 MiB, 16384 MiB, 7.35 W, 44
2026/09/16 23:00:57.809, 0 %, 0 %, 6864 MiB, 16384 MiB, 7.31 W, 44
2026/09/16 23:00:58.815, 0 %, 0 %, 6864 MiB, 16384 MiB, 7.25 W, 44
2026/09/16 23:00:59.821, 0 %, 0 %, 6864 MiB, 16384 MiB, 8.28 W, 44
2026/09/16 23:01:00.827, 0 %, 0 %, 6864 MiB, 16384 MiB, 8.85 W, 44
2026/09/16 23:01:01.833, 0 %, 0 %, 6864 MiB, 16384 MiB, 8.72 W, 44
2026/09/16 23:01:02.838, 0 %, 0 %, 6864 MiB, 16384 MiB, 9.02 W, 44
2026/09/16 23:01:03.844, 0 %, 0 %, 6864 MiB, 16384 MiB, 7.42 W, 44
2026/09/16 23:01:04.851, 0 %, 0 %, 6864 MiB, 16384 MiB, 7.39 W, 44
2026/09/16 23:01:05.857, 1 %, 0 %, 6864 MiB, 16384 MiB, 7.50 W, 44
2026/09/16 23:01:06.864, 0 %, 0 %, 6864 MiB, 16384 MiB, 7.28 W, 44
2026/09/16 23:01:07.870, 0 %, 0 %, 6864 MiB, 16384 MiB, 7.34 W, 44
2026/09/16 23:01:08.876, 0 %, 0 %, 6864 MiB, 16384 MiB, 7.27 W, 44
2026/09/16 23:01:09.882, 0 %, 0 %, 6864 MiB, 16384 MiB, 7.23 W, 44
2026/09/16 23:01:10.888, 0 %, 0 %, 6864 MiB, 16384 MiB, 7.16 W, 43
2026/09/16 23:01:11.894, 0 %, 0 %, 6864 MiB, 16384 MiB, 7.36 W, 43
2026/09/16 23:01:12.900, 1 %, 0 %, 6864 MiB, 16384 MiB, 7.83 W, 43
2026/09/16 23:01:13.906, 0 %, 0 %, 6864 MiB, 16384 MiB, 7.87 W, 43
2026/09/16 23:01:14.912, 0 %, 0 %, 6864 MiB, 16384 MiB, 7.74 W, 43
2026/09/16 23:01:15.918, 0 %, 0 %, 6864 MiB, 16384 MiB, 7.14 W, 43
2026/09/16 23:01:16.924, 0 %, 0 %, 6864 MiB, 16384 MiB, 7.16 W, 43
2026/09/16 23:01:17.929, 0 %, 0 %, 6864 MiB, 16384 MiB, 8.84 W, 43
2026/09/16 23:01:18.935, 0 %, 0 %, 6864 MiB, 16384 MiB, 9.17 W, 43
2026/09/16 23:01:19.941, 0 %, 0 %, 6864 MiB, 16384 MiB, 9.05 W, 43
2026/09/16 23:01:20.946, 0 %, 0 %, 6864 MiB, 16384 MiB, 7.23 W, 43
2026/09/16 23:01:21.956, 0 %, 0 %, 6864 MiB, 16384 MiB, 7.00 W, 43
2026/09/16 23:01:22.962, 0 %, 0 %, 6864 MiB, 16384 MiB, 7.26 W, 43
2026/09/16 23:01:23.968, 0 %, 0 %, 6864 MiB, 16384 MiB, 7.10 W, 43
2026/09/16 23:01:24.974, 0 %, 0 %, 6864 MiB, 16384 MiB, 7.13 W, 43
2026/09/16 23:01:25.981, 0 %, 0 %, 6864 MiB, 16384 MiB, 6.93 W, 43
2026/09/16 23:01:26.987, 0 %, 0 %, 6864 MiB, 16384 MiB, 7.26 W, 43
2026/09/16 23:01:27.993, 0 %, 0 %, 6864 MiB, 16384 MiB, 7.12 W, 43
2026/09/16 23:01:28.999, 0 %, 0 %, 6864 MiB, 16384 MiB, 7.26 W, 43
2026/09/16 23:01:30.005, 0 %, 0 %, 6864 MiB, 16384 MiB, 7.15 W, 42
2026/09/16 23:01:31.011, 0 %, 0 %, 6864 MiB, 16384 MiB, 7.00 W, 43
2026/09/16 23:01:32.016, 0 %, 0 %, 6864 MiB, 16384 MiB, 7.16 W, 43
2026/09/16 23:01:33.022, 0 %, 0 %, 6864 MiB, 16384 MiB, 7.19 W, 42
2026/09/16 23:01:34.028, 0 %, 0 %, 6864 MiB, 16384 MiB, 8.95 W, 42
2026/09/16 23:01:35.034, 0 %, 0 %, 6864 MiB, 16384 MiB, 9.21 W, 42
2026/09/16 23:01:36.040, 0 %, 0 %, 6864 MiB, 16384 MiB, 8.96 W, 42
2026/09/16 23:01:37.051, 0 %, 0 %, 6864 MiB, 16384 MiB, 7.11 W, 42
2026/09/16 23:01:38.056, 0 %, 0 %, 6864 MiB, 16384 MiB, 7.19 W, 42
2026/09/16 23:01:39.063, 0 %, 0 %, 6864 MiB, 16384 MiB, 7.03 W, 42
2026/09/16 23:01:40.069, 0 %, 0 %, 6864 MiB, 16384 MiB, 7.14 W, 42
2026/09/16 23:01:41.075, 0 %, 0 %, 6864 MiB, 16384 MiB, 7.12 W, 42
2026/09/16 23:01:42.081, 0 %, 0 %, 6864 MiB, 16384 MiB, 6.94 W, 42
2026/09/16 23:01:43.087, 0 %, 0 %, 6864 MiB, 16384 MiB, 6.72 W, 42
2026/09/16 23:01:44.093, 0 %, 0 %, 6864 MiB, 16384 MiB, 6.84 W, 42
2026/09/16 23:01:45.099, 0 %, 0 %, 6864 MiB, 16384 MiB, 6.65 W, 42
2026/09/16 23:01:46.105, 0 %, 0 %, 6864 MiB, 16384 MiB, 7.09 W, 42
2026/09/16 23:01:47.111, 0 %, 0 %, 6864 MiB, 16384 MiB, 7.07 W, 42
2026/09/16 23:01:48.116, 0 %, 0 %, 6864 MiB, 16384 MiB, 7.05 W, 42
2026/09/16 23:01:49.122, 0 %, 0 %, 6864 MiB, 16384 MiB, 6.91 W, 42
2026/09/16 23:01:50.128, 0 %, 0 %, 6864 MiB, 16384 MiB, 7.04 W, 42
2026/09/16 23:01:51.134, 0 %, 0 %, 6864 MiB, 16384 MiB, 8.15 W, 42
2026/09/16 23:01:52.140, 0 %, 0 %, 6864 MiB, 16384 MiB, 9.12 W, 42
2026/09/16 23:01:53.145, 0 %, 0 %, 6864 MiB, 16384 MiB, 8.80 W, 42
2026/09/16 23:01:54.154, 0 %, 0 %, 6864 MiB, 16384 MiB, 7.27 W, 42
2026/09/16 23:01:55.162, 0 %, 0 %, 6864 MiB, 16384 MiB, 7.45 W, 42
2026/09/16 23:01:56.169, 0 %, 0 %, 6864 MiB, 16384 MiB, 7.31 W, 41
2026/09/16 23:01:57.175, 0 %, 0 %, 6864 MiB, 16384 MiB, 7.38 W, 41
2026/09/16 23:01:58.181, 0 %, 0 %, 6864 MiB, 16384 MiB, 7.25 W, 41
2026/09/16 23:01:59.187, 0 %, 0 %, 6864 MiB, 16384 MiB, 7.26 W, 41
2026/09/16 23:02:00.193, 0 %, 0 %, 6864 MiB, 16384 MiB, 7.21 W, 41
2026/09/16 23:02:01.199, 0 %, 0 %, 6864 MiB, 16384 MiB, 7.38 W, 41
2026/09/16 23:02:02.205, 0 %, 0 %, 6864 MiB, 16384 MiB, 7.36 W, 41
2026/09/16 23:02:03.211, 1 %, 0 %, 6864 MiB, 16384 MiB, 7.30 W, 41
2026/09/16 23:02:04.217, 0 %, 0 %, 6864 MiB, 16384 MiB, 7.40 W, 41
2026/09/16 23:02:05.223, 0 %, 0 %, 6864 MiB, 16384 MiB, 7.09 W, 41
2026/09/16 23:02:06.229, 0 %, 0 %, 6864 MiB, 16384 MiB, 7.18 W, 41
2026/09/16 23:02:07.243, 0 %, 0 %, 6864 MiB, 16384 MiB, 8.12 W, 41
2026/09/16 23:02:08.249, 0 %, 0 %, 6864 MiB, 16384 MiB, 8.81 W, 41
2026/09/16 23:02:09.255, 0 %, 0 %, 6864 MiB, 16384 MiB, 8.70 W, 41
2026/09/16 23:02:10.261, 1 %, 0 %, 6864 MiB, 16384 MiB, 8.48 W, 41
2026/09/16 23:02:11.267, 0 %, 0 %, 6864 MiB, 16384 MiB, 7.40 W, 41
2026/09/16 23:02:12.272, 0 %, 0 %, 6864 MiB, 16384 MiB, 7.63 W, 41
2026/09/16 23:02:13.279, 0 %, 0 %, 6864 MiB, 16384 MiB, 7.64 W, 41
2026/09/16 23:02:14.285, 0 %, 0 %, 6864 MiB, 16384 MiB, 7.65 W, 41
2026/09/16 23:02:15.291, 0 %, 0 %, 6864 MiB, 16384 MiB, 7.11 W, 41
2026/09/16 23:02:16.297, 0 %, 0 %, 6864 MiB, 16384 MiB, 7.14 W, 41
2026/09/16 23:02:17.303, 0 %, 0 %, 6864 MiB, 16384 MiB, 7.53 W, 41
2026/09/16 23:02:18.309, 0 %, 0 %, 6864 MiB, 16384 MiB, 7.37 W, 41
2026/09/16 23:02:19.315, 0 %, 0 %, 6864 MiB, 16384 MiB, 7.31 W, 41
2026/09/16 23:02:20.321, 0 %, 0 %, 6864 MiB, 16384 MiB, 7.35 W, 41
2026/09/16 23:02:21.327, 0 %, 0 %, 6864 MiB, 16384 MiB, 7.52 W, 41
2026/09/16 23:02:22.333, 0 %, 0 %, 6864 MiB, 16384 MiB, 7.34 W, 41
2026/09/16 23:02:23.339, 0 %, 0 %, 6864 MiB, 16384 MiB, 7.32 W, 41
2026/09/16 23:02:24.346, 0 %, 0 %, 6864 MiB, 16384 MiB, 7.16 W, 41
2026/09/16 23:02:25.352, 0 %, 0 %, 6864 MiB, 16384 MiB, 8.60 W, 41
2026/09/16 23:02:26.358, 0 %, 0 %, 6864 MiB, 16384 MiB, 8.75 W, 41
2026/09/16 23:02:27.364, 0 %, 0 %, 6864 MiB, 16384 MiB, 8.80 W, 41
2026/09/16 23:02:28.370, 0 %, 0 %, 6864 MiB, 16384 MiB, 7.12 W, 41
2026/09/16 23:02:29.375, 0 %, 0 %, 6864 MiB, 16384 MiB, 7.35 W, 41
2026/09/16 23:02:30.381, 0 %, 0 %, 6864 MiB, 16384 MiB, 7.16 W, 41
2026/09/16 23:02:31.388, 0 %, 0 %, 6864 MiB, 16384 MiB, 7.13 W, 40
2026/09/16 23:02:32.393, 0 %, 0 %, 6864 MiB, 16384 MiB, 6.95 W, 40
2026/09/16 23:02:33.399, 0 %, 0 %, 6864 MiB, 16384 MiB, 6.77 W, 40
2026/09/16 23:02:34.406, 0 %, 0 %, 6864 MiB, 16384 MiB, 7.01 W, 40
2026/09/16 23:02:35.412, 0 %, 0 %, 6864 MiB, 16384 MiB, 6.96 W, 40
2026/09/16 23:02:36.418, 0 %, 0 %, 6864 MiB, 16384 MiB, 7.03 W, 40
2026/09/16 23:02:37.424, 0 %, 0 %, 6864 MiB, 16384 MiB, 7.15 W, 40
2026/09/16 23:02:38.430, 0 %, 0 %, 6864 MiB, 16384 MiB, 7.04 W, 40
2026/09/16 23:02:39.436, 0 %, 0 %, 6864 MiB, 16384 MiB, 6.85 W, 40
2026/09/16 23:02:40.442, 0 %, 0 %, 6864 MiB, 16384 MiB, 7.02 W, 40
2026/09/16 23:02:41.449, 0 %, 0 %, 6864 MiB, 16384 MiB, 8.74 W, 40
2026/09/16 23:02:42.455, 0 %, 0 %, 6864 MiB, 16384 MiB, 7.10 W, 40
2026/09/16 23:02:43.460, 0 %, 0 %, 6864 MiB, 16384 MiB, 8.72 W, 40
2026/09/16 23:02:44.467, 0 %, 0 %, 6864 MiB, 16384 MiB, 7.02 W, 40
2026/09/16 23:02:45.473, 0 %, 0 %, 6864 MiB, 16384 MiB, 8.70 W, 40
2026/09/16 23:02:46.483, 0 %, 0 %, 6864 MiB, 16384 MiB, 7.13 W, 40
2026/09/16 23:02:47.717, 0 %, 0 %, 6864 MiB, 16384 MiB, 8.81 W, 40
2026/09/16 23:02:48.725, 0 %, 0 %, 6864 MiB, 16384 MiB, 8.69 W, 40
2026/09/16 23:02:49.731, 0 %, 0 %, 6864 MiB, 16384 MiB, 7.00 W, 40
2026/09/16 23:02:50.740, 0 %, 0 %, 6864 MiB, 16384 MiB, 7.05 W, 40
2026/09/16 23:02:51.746, 0 %, 0 %, 6864 MiB, 16384 MiB, 7.13 W, 40
2026/09/16 23:02:52.752, 0 %, 0 %, 6864 MiB, 16384 MiB, 6.99 W, 40
2026/09/16 23:02:53.758, 0 %, 0 %, 6864 MiB, 16384 MiB, 7.27 W, 40
2026/09/16 23:02:54.765, 0 %, 0 %, 6864 MiB, 16384 MiB, 7.09 W, 40
2026/09/16 23:02:55.771, 0 %, 0 %, 6864 MiB, 16384 MiB, 7.06 W, 40
2026/09/16 23:02:56.777, 0 %, 0 %, 6864 MiB, 16384 MiB, 7.10 W, 40
2026/09/16 23:02:57.783, 0 %, 0 %, 6864 MiB, 16384 MiB, 6.76 W, 40
2026/09/16 23:02:58.789, 0 %, 0 %, 6864 MiB, 16384 MiB, 6.75 W, 40
2026/09/16 23:02:59.795, 0 %, 0 %, 6864 MiB, 16384 MiB, 6.89 W, 40
2026/09/16 23:03:00.801, 0 %, 0 %, 6864 MiB, 16384 MiB, 6.73 W, 40
2026/09/16 23:03:01.807, 0 %, 0 %, 6864 MiB, 16384 MiB, 8.23 W, 40
2026/09/16 23:03:02.813, 0 %, 0 %, 6864 MiB, 16384 MiB, 8.61 W, 40
2026/09/16 23:03:03.818, 0 %, 0 %, 6864 MiB, 16384 MiB, 8.11 W, 40
2026/09/16 23:03:04.824, 0 %, 0 %, 6864 MiB, 16384 MiB, 8.64 W, 40
2026/09/16 23:03:05.829, 0 %, 0 %, 6864 MiB, 16384 MiB, 7.05 W, 40
2026/09/16 23:03:06.835, 0 %, 0 %, 6864 MiB, 16384 MiB, 6.86 W, 40
2026/09/16 23:03:07.844, 0 %, 0 %, 6864 MiB, 16384 MiB, 6.70 W, 40
2026/09/16 23:03:08.850, 0 %, 0 %, 6864 MiB, 16384 MiB, 6.83 W, 40
2026/09/16 23:03:09.856, 0 %, 0 %, 6864 MiB, 16384 MiB, 7.07 W, 40
2026/09/16 23:03:10.863, 0 %, 0 %, 6864 MiB, 16384 MiB, 6.76 W, 40
2026/09/16 23:03:11.869, 0 %, 0 %, 6864 MiB, 16384 MiB, 6.93 W, 40
2026/09/16 23:03:12.875, 0 %, 0 %, 6864 MiB, 16384 MiB, 6.84 W, 40
2026/09/16 23:03:13.881, 0 %, 0 %, 6864 MiB, 16384 MiB, 7.09 W, 40
2026/09/16 23:03:14.887, 1 %, 0 %, 6864 MiB, 16384 MiB, 7.07 W, 40
2026/09/16 23:03:15.893, 0 %, 0 %, 6864 MiB, 16384 MiB, 7.04 W, 40
2026/09/16 23:03:16.899, 0 %, 0 %, 6864 MiB, 16384 MiB, 6.87 W, 40
2026/09/16 23:03:17.905, 0 %, 0 %, 6864 MiB, 16384 MiB, 6.99 W, 40
2026/09/16 23:03:18.911, 0 %, 0 %, 6864 MiB, 16384 MiB, 6.83 W, 40
2026/09/16 23:03:19.917, 0 %, 0 %, 6864 MiB, 16384 MiB, 8.82 W, 40
2026/09/16 23:03:20.922, 0 %, 0 %, 6864 MiB, 16384 MiB, 8.06 W, 39
2026/09/16 23:03:21.928, 0 %, 0 %, 6864 MiB, 16384 MiB, 8.70 W, 40
2026/09/16 23:03:22.934, 0 %, 0 %, 6864 MiB, 16384 MiB, 7.20 W, 40
2026/09/16 23:03:23.940, 0 %, 0 %, 6864 MiB, 16384 MiB, 7.27 W, 39
2026/09/16 23:03:24.946, 0 %, 0 %, 6864 MiB, 16384 MiB, 7.33 W, 39
2026/09/16 23:03:25.952, 0 %, 0 %, 6864 MiB, 16384 MiB, 7.40 W, 39
2026/09/16 23:03:26.958, 0 %, 0 %, 6864 MiB, 16384 MiB, 7.24 W, 39
2026/09/16 23:03:27.964, 0 %, 0 %, 6864 MiB, 16384 MiB, 7.22 W, 39
2026/09/16 23:03:28.970, 0 %, 0 %, 6864 MiB, 16384 MiB, 7.21 W, 39
2026/09/16 23:03:29.976, 0 %, 0 %, 6864 MiB, 16384 MiB, 6.99 W, 39
2026/09/16 23:03:30.982, 54 %, 2 %, 6864 MiB, 16384 MiB, 42.21 W, 41
2026/09/16 23:03:31.985, 0 %, 0 %, 6864 MiB, 16384 MiB, 53.01 W, 42
2026/09/16 23:03:32.987, 0 %, 0 %, 6864 MiB, 16384 MiB, 39.95 W, 42
2026/09/16 23:03:33.989, 0 %, 0 %, 6864 MiB, 16384 MiB, 40.01 W, 42
2026/09/16 23:03:34.992, 0 %, 0 %, 6864 MiB, 16384 MiB, 39.77 W, 42
2026/09/16 23:03:35.995, 1 %, 0 %, 6864 MiB, 16384 MiB, 40.00 W, 42
2026/09/16 23:03:36.998, 0 %, 0 %, 6864 MiB, 16384 MiB, 40.74 W, 43
2026/09/16 23:03:38.001, 1 %, 0 %, 6864 MiB, 16384 MiB, 40.94 W, 43
2026/09/16 23:03:39.005, 1 %, 0 %, 6864 MiB, 16384 MiB, 40.77 W, 43
2026/09/16 23:03:40.009, 1 %, 0 %, 6864 MiB, 16384 MiB, 40.97 W, 43
2026/09/16 23:03:41.014, 0 %, 0 %, 6864 MiB, 16384 MiB, 40.44 W, 43
2026/09/16 23:03:42.017, 0 %, 0 %, 6864 MiB, 16384 MiB, 40.57 W, 43
2026/09/16 23:03:43.019, 0 %, 0 %, 6864 MiB, 16384 MiB, 40.43 W, 43
2026/09/16 23:03:44.022, 0 %, 0 %, 6864 MiB, 16384 MiB, 40.62 W, 43
2026/09/16 23:03:45.025, 0 %, 0 %, 6864 MiB, 16384 MiB, 40.52 W, 43
2026/09/16 23:03:46.028, 1 %, 0 %, 6864 MiB, 16384 MiB, 40.24 W, 43
2026/09/16 23:03:47.031, 0 %, 0 %, 6864 MiB, 16384 MiB, 40.26 W, 43
2026/09/16 23:03:48.035, 1 %, 0 %, 6864 MiB, 16384 MiB, 40.37 W, 44
2026/09/16 23:03:49.038, 0 %, 0 %, 6864 MiB, 16384 MiB, 40.33 W, 44
2026/09/16 23:03:50.041, 1 %, 0 %, 6864 MiB, 16384 MiB, 40.33 W, 44
2026/09/16 23:03:51.045, 1 %, 0 %, 6864 MiB, 16384 MiB, 40.26 W, 44
2026/09/16 23:03:52.048, 0 %, 0 %, 6864 MiB, 16384 MiB, 40.35 W, 44
2026/09/16 23:03:53.051, 1 %, 0 %, 6864 MiB, 16384 MiB, 40.63 W, 44
2026/09/16 23:03:54.054, 16 %, 1 %, 6864 MiB, 16384 MiB, 40.90 W, 44
2026/09/16 23:03:55.058, 94 %, 4 %, 6864 MiB, 16384 MiB, 55.83 W, 45
2026/09/16 23:03:56.061, 22 %, 1 %, 6864 MiB, 16384 MiB, 54.26 W, 45
2026/09/16 23:03:57.064, 19 %, 1 %, 6864 MiB, 16384 MiB, 54.43 W, 45
2026/09/16 23:03:58.068, 17 %, 1 %, 6864 MiB, 16384 MiB, 54.98 W, 45
2026/09/16 23:03:59.071, 19 %, 1 %, 6864 MiB, 16384 MiB, 55.33 W, 45
2026/09/16 23:04:00.075, 1 %, 0 %, 6864 MiB, 16384 MiB, 54.70 W, 45
2026/09/16 23:04:01.078, 0 %, 0 %, 6864 MiB, 16384 MiB, 41.20 W, 45
2026/09/16 23:04:02.082, 100 %, 4 %, 6864 MiB, 16384 MiB, 43.44 W, 45
2026/09/16 23:04:03.085, 1 %, 0 %, 6864 MiB, 16384 MiB, 53.60 W, 46
2026/09/16 23:04:04.088, 1 %, 0 %, 6864 MiB, 16384 MiB, 40.51 W, 45
2026/09/16 23:04:05.092, 1 %, 0 %, 6864 MiB, 16384 MiB, 40.52 W, 45
2026/09/16 23:04:06.095, 0 %, 0 %, 6864 MiB, 16384 MiB, 40.35 W, 45
2026/09/16 23:04:07.098, 0 %, 0 %, 6864 MiB, 16384 MiB, 40.48 W, 45
2026/09/16 23:04:08.101, 1 %, 0 %, 6864 MiB, 16384 MiB, 40.42 W, 45
2026/09/16 23:04:09.104, 1 %, 0 %, 6864 MiB, 16384 MiB, 40.46 W, 45
2026/09/16 23:04:10.108, 0 %, 0 %, 6864 MiB, 16384 MiB, 40.74 W, 45
2026/09/16 23:04:11.111, 1 %, 0 %, 6864 MiB, 16384 MiB, 40.82 W, 45
2026/09/16 23:04:12.114, 1 %, 0 %, 6864 MiB, 16384 MiB, 40.51 W, 45
2026/09/16 23:04:13.117, 1 %, 0 %, 6864 MiB, 16384 MiB, 41.09 W, 45
2026/09/16 23:04:14.121, 1 %, 0 %, 6864 MiB, 16384 MiB, 40.95 W, 46
2026/09/16 23:04:15.124, 1 %, 0 %, 6864 MiB, 16384 MiB, 40.79 W, 46
2026/09/16 23:04:16.127, 1 %, 0 %, 6864 MiB, 16384 MiB, 40.87 W, 46
2026/09/16 23:04:17.130, 21 %, 1 %, 6864 MiB, 16384 MiB, 41.68 W, 46
2026/09/16 23:04:18.133, 18 %, 1 %, 6864 MiB, 16384 MiB, 55.66 W, 46
2026/09/16 23:04:19.137, 100 %, 4 %, 6864 MiB, 16384 MiB, 58.06 W, 47
2026/09/16 23:04:20.140, 22 %, 1 %, 6864 MiB, 16384 MiB, 55.90 W, 47
2026/09/16 23:04:21.143, 32 %, 1 %, 6864 MiB, 16384 MiB, 55.81 W, 47
2026/09/16 23:04:22.145, 20 %, 1 %, 6864 MiB, 16384 MiB, 54.58 W, 47
2026/09/16 23:04:23.147, 0 %, 0 %, 6864 MiB, 16384 MiB, 41.17 W, 46
2026/09/16 23:04:24.150, 76 %, 3 %, 6864 MiB, 16384 MiB, 43.63 W, 47
2026/09/16 23:04:25.152, 0 %, 0 %, 6864 MiB, 16384 MiB, 54.51 W, 47
2026/09/16 23:04:26.154, 15 %, 1 %, 6864 MiB, 16384 MiB, 54.96 W, 47
2026/09/16 23:04:27.157, 1 %, 0 %, 6864 MiB, 16384 MiB, 41.47 W, 47
2026/09/16 23:04:28.159, 7 %, 0 %, 6864 MiB, 16384 MiB, 41.42 W, 47
2026/09/16 23:04:29.162, 0 %, 0 %, 6864 MiB, 16384 MiB, 54.32 W, 47
2026/09/16 23:04:30.164, 1 %, 0 %, 6864 MiB, 16384 MiB, 54.59 W, 47
2026/09/16 23:04:31.167, 0 %, 0 %, 6864 MiB, 16384 MiB, 41.21 W, 47
2026/09/16 23:04:32.169, 1 %, 0 %, 6864 MiB, 16384 MiB, 41.49 W, 47
2026/09/16 23:04:33.172, 0 %, 0 %, 6864 MiB, 16384 MiB, 41.42 W, 47
2026/09/16 23:04:34.176, 0 %, 0 %, 6864 MiB, 16384 MiB, 41.29 W, 47
2026/09/16 23:04:35.180, 1 %, 0 %, 6864 MiB, 16384 MiB, 41.34 W, 47
2026/09/16 23:04:36.183, 0 %, 0 %, 6864 MiB, 16384 MiB, 41.24 W, 47
2026/09/16 23:04:37.187, 1 %, 0 %, 6864 MiB, 16384 MiB, 41.48 W, 47
2026/09/16 23:04:38.190, 0 %, 0 %, 6864 MiB, 16384 MiB, 41.51 W, 47
2026/09/16 23:04:39.193, 3 %, 0 %, 6864 MiB, 16384 MiB, 42.17 W, 47
2026/09/16 23:04:40.196, 20 %, 1 %, 6864 MiB, 16384 MiB, 43.03 W, 47
2026/09/16 23:04:41.200, 20 %, 1 %, 6864 MiB, 16384 MiB, 43.03 W, 47
2026/09/16 23:04:42.203, 23 %, 1 %, 6864 MiB, 16384 MiB, 55.96 W, 48
2026/09/16 23:04:43.220, 20 %, 1 %, 6864 MiB, 16384 MiB, 56.48 W, 48
2026/09/16 23:04:44.222, 15 %, 1 %, 6864 MiB, 16384 MiB, 55.70 W, 48
2026/09/16 23:04:45.225, 20 %, 1 %, 6864 MiB, 16384 MiB, 55.85 W, 48
2026/09/16 23:04:46.227, 0 %, 0 %, 6864 MiB, 16384 MiB, 42.25 W, 47
2026/09/16 23:04:47.230, 100 %, 4 %, 6864 MiB, 16384 MiB, 44.61 W, 48
2026/09/16 23:04:48.233, 4 %, 0 %, 6864 MiB, 16384 MiB, 55.18 W, 48
2026/09/16 23:04:49.236, 20 %, 1 %, 6864 MiB, 16384 MiB, 42.37 W, 48
2026/09/16 23:04:50.239, 0 %, 0 %, 6864 MiB, 16384 MiB, 41.70 W, 48
2026/09/16 23:04:51.243, 1 %, 0 %, 6864 MiB, 16384 MiB, 41.45 W, 48
2026/09/16 23:04:52.246, 0 %, 0 %, 6864 MiB, 16384 MiB, 41.74 W, 48
2026/09/16 23:04:53.250, 0 %, 0 %, 6864 MiB, 16384 MiB, 41.42 W, 48
2026/09/16 23:04:54.253, 0 %, 0 %, 6864 MiB, 16384 MiB, 41.46 W, 48
2026/09/16 23:04:55.256, 1 %, 0 %, 6864 MiB, 16384 MiB, 41.60 W, 48
2026/09/16 23:04:56.260, 51 %, 2 %, 6864 MiB, 16384 MiB, 55.66 W, 48
2026/09/16 23:04:57.263, 21 %, 1 %, 6864 MiB, 16384 MiB, 55.78 W, 49
2026/09/16 23:04:58.266, 20 %, 1 %, 6864 MiB, 16384 MiB, 55.82 W, 49
2026/09/16 23:04:59.270, 0 %, 0 %, 6864 MiB, 16384 MiB, 56.56 W, 49
2026/09/16 23:05:00.273, 18 %, 1 %, 6864 MiB, 16384 MiB, 42.87 W, 48
2026/09/16 23:05:01.277, 13 %, 1 %, 6864 MiB, 16384 MiB, 55.67 W, 49
2026/09/16 23:05:02.280, 19 %, 1 %, 6864 MiB, 16384 MiB, 56.97 W, 49
2026/09/16 23:05:03.283, 1 %, 0 %, 6864 MiB, 16384 MiB, 42.68 W, 48
2026/09/16 23:05:04.287, 0 %, 0 %, 6864 MiB, 16384 MiB, 42.11 W, 48
2026/09/16 23:05:05.291, 31 %, 1 %, 6864 MiB, 16384 MiB, 55.33 W, 49
2026/09/16 23:05:06.293, 0 %, 0 %, 6864 MiB, 16384 MiB, 55.51 W, 49
2026/09/16 23:05:07.295, 1 %, 0 %, 6864 MiB, 16384 MiB, 42.29 W, 48
2026/09/16 23:05:08.298, 0 %, 0 %, 6864 MiB, 16384 MiB, 42.43 W, 48
2026/09/16 23:05:09.301, 2 %, 0 %, 6864 MiB, 16384 MiB, 42.42 W, 48
2026/09/16 23:05:10.304, 1 %, 0 %, 6864 MiB, 16384 MiB, 42.42 W, 48
2026/09/16 23:05:11.306, 0 %, 0 %, 6864 MiB, 16384 MiB, 42.48 W, 48
2026/09/16 23:05:12.309, 0 %, 0 %, 6864 MiB, 16384 MiB, 42.13 W, 48
2026/09/16 23:05:13.311, 22 %, 1 %, 6864 MiB, 16384 MiB, 42.93 W, 48
2026/09/16 23:05:14.314, 19 %, 1 %, 6864 MiB, 16384 MiB, 55.96 W, 49
2026/09/16 23:05:15.316, 19 %, 1 %, 6864 MiB, 16384 MiB, 55.90 W, 49
2026/09/16 23:05:16.318, 0 %, 0 %, 6864 MiB, 16384 MiB, 55.60 W, 49
2026/09/16 23:05:17.321, 21 %, 1 %, 6864 MiB, 16384 MiB, 56.05 W, 50
2026/09/16 23:05:18.323, 0 %, 0 %, 6864 MiB, 16384 MiB, 41.98 W, 49
2026/09/16 23:05:19.327, 3 %, 0 %, 6864 MiB, 16384 MiB, 42.17 W, 49
2026/09/16 23:05:20.330, 0 %, 0 %, 6864 MiB, 16384 MiB, 56.59 W, 49
2026/09/16 23:05:21.333, 0 %, 0 %, 6864 MiB, 16384 MiB, 56.45 W, 50
2026/09/16 23:05:22.336, 1 %, 0 %, 6864 MiB, 16384 MiB, 42.54 W, 49
2026/09/16 23:05:23.340, 6 %, 0 %, 6864 MiB, 16384 MiB, 43.24 W, 49
2026/09/16 23:05:24.343, 1 %, 0 %, 6864 MiB, 16384 MiB, 42.80 W, 49
2026/09/16 23:05:25.346, 0 %, 0 %, 6864 MiB, 16384 MiB, 42.65 W, 49
2026/09/16 23:05:26.349, 1 %, 0 %, 6864 MiB, 16384 MiB, 42.17 W, 49
2026/09/16 23:05:27.352, 0 %, 0 %, 6864 MiB, 16384 MiB, 42.18 W, 49
2026/09/16 23:05:28.356, 0 %, 0 %, 6864 MiB, 16384 MiB, 42.29 W, 49
2026/09/16 23:05:29.359, 7 %, 0 %, 6864 MiB, 16384 MiB, 42.41 W, 49
2026/09/16 23:05:30.362, 22 %, 1 %, 6864 MiB, 16384 MiB, 43.14 W, 49
2026/09/16 23:05:31.365, 20 %, 1 %, 6864 MiB, 16384 MiB, 43.18 W, 49
2026/09/16 23:05:32.368, 19 %, 1 %, 6864 MiB, 16384 MiB, 56.22 W, 50
2026/09/16 23:05:33.372, 0 %, 0 %, 6864 MiB, 16384 MiB, 55.79 W, 50
2026/09/16 23:05:34.690, 1 %, 0 %, 6864 MiB, 16384 MiB, 42.67 W, 49
2026/09/16 23:05:35.694, 0 %, 0 %, 6864 MiB, 16384 MiB, 55.81 W, 50
2026/09/16 23:05:36.698, 20 %, 1 %, 6864 MiB, 16384 MiB, 55.83 W, 50
2026/09/16 23:05:37.700, 20 %, 1 %, 6864 MiB, 16384 MiB, 43.49 W, 49
2026/09/16 23:05:38.703, 0 %, 0 %, 6864 MiB, 16384 MiB, 42.50 W, 49
2026/09/16 23:05:39.706, 1 %, 0 %, 6864 MiB, 16384 MiB, 42.24 W, 49
2026/09/16 23:05:40.708, 54 %, 2 %, 6864 MiB, 16384 MiB, 55.64 W, 50
2026/09/16 23:05:41.710, 0 %, 0 %, 6864 MiB, 16384 MiB, 55.77 W, 50
2026/09/16 23:05:42.713, 0 %, 0 %, 6864 MiB, 16384 MiB, 42.38 W, 50
2026/09/16 23:05:43.715, 1 %, 0 %, 6864 MiB, 16384 MiB, 42.16 W, 49
2026/09/16 23:05:44.718, 0 %, 0 %, 6864 MiB, 16384 MiB, 42.01 W, 49
2026/09/16 23:05:45.720, 1 %, 0 %, 6864 MiB, 16384 MiB, 42.23 W, 49
2026/09/16 23:05:46.723, 0 %, 0 %, 6864 MiB, 16384 MiB, 42.12 W, 49
2026/09/16 23:05:47.725, 0 %, 0 %, 6864 MiB, 16384 MiB, 42.67 W, 49
2026/09/16 23:05:48.727, 1 %, 0 %, 6864 MiB, 16384 MiB, 42.60 W, 49
2026/09/16 23:05:49.730, 22 %, 1 %, 6864 MiB, 16384 MiB, 43.25 W, 50
2026/09/16 23:05:50.733, 21 %, 1 %, 6864 MiB, 16384 MiB, 56.99 W, 50
2026/09/16 23:05:51.736, 20 %, 1 %, 6864 MiB, 16384 MiB, 57.49 W, 50
2026/09/16 23:05:52.739, 0 %, 0 %, 6864 MiB, 16384 MiB, 55.67 W, 50
2026/09/16 23:05:53.742, 18 %, 1 %, 6864 MiB, 16384 MiB, 56.15 W, 50
2026/09/16 23:05:54.745, 0 %, 0 %, 6864 MiB, 16384 MiB, 42.11 W, 50
2026/09/16 23:05:55.749, 1 %, 0 %, 6864 MiB, 16384 MiB, 42.55 W, 50
2026/09/16 23:05:56.753, 1 %, 0 %, 6864 MiB, 16384 MiB, 42.20 W, 50
2026/09/16 23:05:57.756, 20 %, 1 %, 6864 MiB, 16384 MiB, 43.26 W, 50
2026/09/16 23:05:58.760, 1 %, 0 %, 6864 MiB, 16384 MiB, 55.75 W, 51
2026/09/16 23:05:59.763, 0 %, 0 %, 6864 MiB, 16384 MiB, 55.75 W, 51
2026/09/16 23:06:00.767, 0 %, 0 %, 6864 MiB, 16384 MiB, 42.52 W, 50
2026/09/16 23:06:01.769, 7 %, 0 %, 6864 MiB, 16384 MiB, 42.47 W, 50
2026/09/16 23:06:02.772, 0 %, 0 %, 6864 MiB, 16384 MiB, 42.38 W, 50
2026/09/16 23:06:03.774, 0 %, 0 %, 6864 MiB, 16384 MiB, 42.50 W, 50
2026/09/16 23:06:04.777, 1 %, 0 %, 6864 MiB, 16384 MiB, 42.51 W, 50
2026/09/16 23:06:05.779, 1 %, 0 %, 6864 MiB, 16384 MiB, 42.22 W, 50
2026/09/16 23:06:06.782, 0 %, 0 %, 6864 MiB, 16384 MiB, 42.67 W, 50
2026/09/16 23:06:07.784, 15 %, 1 %, 6864 MiB, 16384 MiB, 43.67 W, 50
2026/09/16 23:06:08.787, 45 %, 2 %, 6864 MiB, 16384 MiB, 50.99 W, 50
2026/09/16 23:06:09.789, 6 %, 0 %, 6864 MiB, 16384 MiB, 57.93 W, 51
2026/09/16 23:06:10.791, 100 %, 4 %, 6864 MiB, 16384 MiB, 57.55 W, 51
2026/09/16 23:06:11.795, 17 %, 1 %, 6864 MiB, 16384 MiB, 56.67 W, 51
2026/09/16 23:06:12.800, 1 %, 0 %, 6864 MiB, 16384 MiB, 42.79 W, 50
2026/09/16 23:06:13.802, 10 %, 0 %, 6864 MiB, 16384 MiB, 43.04 W, 50
2026/09/16 23:06:14.858, 0 %, 0 %, 6864 MiB, 16384 MiB, 56.02 W, 51
2026/09/16 23:06:15.862, 7 %, 0 %, 6864 MiB, 16384 MiB, 55.87 W, 51
2026/09/16 23:06:16.865, 16 %, 1 %, 6864 MiB, 16384 MiB, 43.20 W, 50
2026/09/16 23:06:17.870, 0 %, 0 %, 6864 MiB, 16384 MiB, 42.40 W, 50
2026/09/16 23:06:18.873, 0 %, 0 %, 6864 MiB, 16384 MiB, 41.97 W, 50
2026/09/16 23:06:19.875, 0 %, 0 %, 6864 MiB, 16384 MiB, 42.50 W, 50
2026/09/16 23:06:20.878, 0 %, 0 %, 6864 MiB, 16384 MiB, 42.16 W, 50
2026/09/16 23:06:21.882, 0 %, 0 %, 6864 MiB, 16384 MiB, 42.53 W, 50
2026/09/16 23:06:22.885, 0 %, 0 %, 6864 MiB, 16384 MiB, 42.64 W, 50
2026/09/16 23:06:23.889, 1 %, 0 %, 6864 MiB, 16384 MiB, 42.29 W, 50
2026/09/16 23:06:24.892, 0 %, 0 %, 6864 MiB, 16384 MiB, 42.21 W, 50
2026/09/16 23:06:25.895, 0 %, 0 %, 6864 MiB, 16384 MiB, 42.02 W, 50
2026/09/16 23:06:26.899, 1 %, 0 %, 6864 MiB, 16384 MiB, 43.14 W, 50
2026/09/16 23:06:27.902, 21 %, 1 %, 6864 MiB, 16384 MiB, 43.24 W, 50
2026/09/16 23:06:28.905, 55 %, 2 %, 6864 MiB, 16384 MiB, 56.22 W, 51
2026/09/16 23:06:29.909, 21 %, 1 %, 6864 MiB, 16384 MiB, 56.37 W, 51
2026/09/16 23:06:30.915, 20 %, 1 %, 6864 MiB, 16384 MiB, 57.78 W, 51
2026/09/16 23:06:31.919, 0 %, 0 %, 6864 MiB, 16384 MiB, 58.07 W, 51
2026/09/16 23:06:32.924, 0 %, 0 %, 6864 MiB, 16384 MiB, 43.87 W, 51
2026/09/16 23:06:33.928, 47 %, 2 %, 6864 MiB, 16384 MiB, 45.14 W, 51
2026/09/16 23:06:34.945, 2 %, 0 %, 6864 MiB, 16384 MiB, 56.15 W, 51
2026/09/16 23:06:35.947, 1 %, 0 %, 6864 MiB, 16384 MiB, 56.16 W, 51
2026/09/16 23:06:36.950, 0 %, 0 %, 6864 MiB, 16384 MiB, 43.07 W, 51
2026/09/16 23:06:37.952, 1 %, 0 %, 6864 MiB, 16384 MiB, 43.22 W, 51
2026/09/16 23:06:38.955, 1 %, 0 %, 6864 MiB, 16384 MiB, 43.26 W, 50
2026/09/16 23:06:39.957, 0 %, 0 %, 6864 MiB, 16384 MiB, 43.17 W, 50
2026/09/16 23:06:40.961, 0 %, 0 %, 6864 MiB, 16384 MiB, 43.31 W, 50
2026/09/16 23:06:41.964, 0 %, 0 %, 6864 MiB, 16384 MiB, 42.58 W, 50
2026/09/16 23:06:42.966, 21 %, 1 %, 6864 MiB, 16384 MiB, 43.41 W, 50
2026/09/16 23:06:43.969, 20 %, 1 %, 6864 MiB, 16384 MiB, 56.38 W, 51
2026/09/16 23:06:44.971, 6 %, 0 %, 6864 MiB, 16384 MiB, 56.14 W, 51
2026/09/16 23:06:45.975, 6 %, 0 %, 6864 MiB, 16384 MiB, 56.14 W, 51
2026/09/16 23:06:46.979, 5 %, 0 %, 6864 MiB, 16384 MiB, 56.21 W, 52
2026/09/16 23:06:47.983, 17 %, 1 %, 6864 MiB, 16384 MiB, 44.01 W, 51
2026/09/16 23:06:48.985, 0 %, 0 %, 6864 MiB, 16384 MiB, 43.24 W, 51
2026/09/16 23:06:49.988, 9 %, 0 %, 6864 MiB, 16384 MiB, 43.37 W, 51
2026/09/16 23:06:50.992, 0 %, 0 %, 6864 MiB, 16384 MiB, 56.08 W, 51
2026/09/16 23:06:51.994, 4 %, 0 %, 6864 MiB, 16384 MiB, 57.26 W, 51
2026/09/16 23:06:52.997, 9 %, 0 %, 6864 MiB, 16384 MiB, 44.91 W, 51
2026/09/16 23:06:54.001, 0 %, 0 %, 6864 MiB, 16384 MiB, 43.41 W, 51
2026/09/16 23:06:55.004, 0 %, 0 %, 6864 MiB, 16384 MiB, 42.88 W, 51
2026/09/16 23:06:56.007, 1 %, 0 %, 6864 MiB, 16384 MiB, 42.87 W, 51
2026/09/16 23:06:57.010, 0 %, 0 %, 6864 MiB, 16384 MiB, 42.68 W, 51
2026/09/16 23:06:58.013, 1 %, 0 %, 6864 MiB, 16384 MiB, 42.72 W, 51
2026/09/16 23:06:59.016, 1 %, 0 %, 6864 MiB, 16384 MiB, 42.92 W, 51
2026/09/16 23:07:00.019, 0 %, 0 %, 6864 MiB, 16384 MiB, 42.94 W, 51
2026/09/16 23:07:01.022, 0 %, 0 %, 6864 MiB, 16384 MiB, 42.82 W, 51
2026/09/16 23:07:02.026, 0 %, 0 %, 6864 MiB, 16384 MiB, 42.83 W, 51
2026/09/16 23:07:03.029, 0 %, 0 %, 6864 MiB, 16384 MiB, 43.02 W, 51
2026/09/16 23:07:04.032, 83 %, 3 %, 6864 MiB, 16384 MiB, 58.43 W, 51
2026/09/16 23:07:05.036, 0 %, 0 %, 6864 MiB, 16384 MiB, 56.10 W, 51
2026/09/16 23:07:06.039, 9 %, 0 %, 6864 MiB, 16384 MiB, 43.71 W, 51
2026/09/16 23:07:07.042, 22 %, 1 %, 6864 MiB, 16384 MiB, 44.08 W, 51
2026/09/16 23:07:08.046, 26 %, 1 %, 6864 MiB, 16384 MiB, 56.51 W, 51
2026/09/16 23:07:09.049, 20 %, 1 %, 6864 MiB, 16384 MiB, 56.57 W, 52
2026/09/16 23:07:10.053, 0 %, 0 %, 6864 MiB, 16384 MiB, 56.12 W, 52
2026/09/16 23:07:11.056, 14 %, 1 %, 6864 MiB, 16384 MiB, 58.74 W, 52
2026/09/16 23:07:12.060, 1 %, 0 %, 6864 MiB, 16384 MiB, 43.47 W, 51
2026/09/16 23:07:13.063, 0 %, 0 %, 6864 MiB, 16384 MiB, 43.19 W, 51
2026/09/16 23:07:14.067, 15 %, 1 %, 6864 MiB, 16384 MiB, 43.68 W, 51
2026/09/16 23:07:15.071, 3 %, 0 %, 6864 MiB, 16384 MiB, 56.17 W, 52
2026/09/16 23:07:16.074, 0 %, 0 %, 6864 MiB, 16384 MiB, 56.09 W, 52
2026/09/16 23:07:17.078, 1 %, 0 %, 6864 MiB, 16384 MiB, 43.05 W, 51
2026/09/16 23:07:18.082, 1 %, 0 %, 6864 MiB, 16384 MiB, 43.11 W, 51
2026/09/16 23:07:19.086, 1 %, 0 %, 6864 MiB, 16384 MiB, 43.00 W, 51
2026/09/16 23:07:20.090, 0 %, 0 %, 6864 MiB, 16384 MiB, 43.03 W, 51
2026/09/16 23:07:21.093, 0 %, 0 %, 6864 MiB, 16384 MiB, 43.23 W, 51
2026/09/16 23:07:22.097, 0 %, 0 %, 6864 MiB, 16384 MiB, 43.24 W, 51
2026/09/16 23:07:23.100, 1 %, 0 %, 6864 MiB, 16384 MiB, 42.91 W, 51
2026/09/16 23:07:24.104, 1 %, 0 %, 6864 MiB, 16384 MiB, 42.95 W, 51
2026/09/16 23:07:25.108, 0 %, 0 %, 6864 MiB, 16384 MiB, 42.96 W, 51
2026/09/16 23:07:26.111, 22 %, 1 %, 6864 MiB, 16384 MiB, 43.99 W, 51
2026/09/16 23:07:27.114, 0 %, 0 %, 6864 MiB, 16384 MiB, 42.55 W, 51
2026/09/16 23:07:28.118, 0 %, 0 %, 6864 MiB, 16384 MiB, 42.88 W, 51
2026/09/16 23:07:29.121, 0 %, 0 %, 6864 MiB, 16384 MiB, 43.32 W, 51
2026/09/16 23:07:30.125, 0 %, 0 %, 6864 MiB, 16384 MiB, 44.56 W, 51
2026/09/16 23:07:31.128, 0 %, 0 %, 6864 MiB, 16384 MiB, 43.40 W, 51
2026/09/16 23:07:32.132, 0 %, 0 %, 6864 MiB, 16384 MiB, 43.13 W, 51
2026/09/16 23:07:33.135, 0 %, 0 %, 6864 MiB, 16384 MiB, 43.35 W, 51
2026/09/16 23:07:34.139, 0 %, 0 %, 6864 MiB, 16384 MiB, 43.14 W, 51
2026/09/16 23:07:35.142, 0 %, 0 %, 8482 MiB, 16384 MiB, 43.26 W, 51
2026/09/16 23:07:36.145, 0 %, 0 %, 8482 MiB, 16384 MiB, 43.57 W, 51
2026/09/16 23:07:37.149, 0 %, 0 %, 8482 MiB, 16384 MiB, 43.15 W, 51
2026/09/16 23:07:38.152, 0 %, 0 %, 8482 MiB, 16384 MiB, 43.10 W, 51
2026/09/16 23:07:39.156, 0 %, 0 %, 8482 MiB, 16384 MiB, 43.18 W, 51
2026/09/16 23:07:40.159, 0 %, 0 %, 8482 MiB, 16384 MiB, 42.99 W, 51
2026/09/16 23:07:41.162, 0 %, 0 %, 8482 MiB, 16384 MiB, 43.18 W, 51
2026/09/16 23:07:42.166, 0 %, 0 %, 8482 MiB, 16384 MiB, 43.04 W, 51
2026/09/16 23:07:43.169, 0 %, 0 %, 8482 MiB, 16384 MiB, 43.26 W, 51
2026/09/16 23:07:44.172, 0 %, 0 %, 8482 MiB, 16384 MiB, 7.50 W, 50
2026/09/16 23:07:45.181, 0 %, 0 %, 8482 MiB, 16384 MiB, 7.59 W, 49
2026/09/16 23:07:46.187, 0 %, 0 %, 8482 MiB, 16384 MiB, 10.80 W, 49
2026/09/16 23:07:47.193, 1 %, 0 %, 8482 MiB, 16384 MiB, 7.58 W, 49
2026/09/16 23:07:48.205, 1 %, 2 %, 8490 MiB, 16384 MiB, 42.53 W, 50
2026/09/16 23:07:49.208, 67 %, 3 %, 8490 MiB, 16384 MiB, 45.79 W, 51
2026/09/16 23:07:50.211, 100 %, 68 %, 9534 MiB, 16384 MiB, 161.07 W, 53
2026/09/16 23:07:51.214, 12 %, 2 %, 9534 MiB, 16384 MiB, 58.22 W, 55
2026/09/16 23:07:52.217, 100 %, 18 %, 9534 MiB, 16384 MiB, 59.60 W, 53
2026/09/16 23:07:53.219, 64 %, 47 %, 9534 MiB, 16384 MiB, 198.11 W, 57
2026/09/16 23:07:54.222, 83 %, 5 %, 9534 MiB, 16384 MiB, 60.00 W, 53
2026/09/16 23:07:55.225, 86 %, 66 %, 9534 MiB, 16384 MiB, 194.99 W, 57
2026/09/16 23:07:56.230, 16 %, 9 %, 9534 MiB, 16384 MiB, 115.22 W, 57
2026/09/16 23:07:57.235, 100 %, 5 %, 9534 MiB, 16384 MiB, 60.17 W, 54
2026/09/16 23:07:58.239, 100 %, 75 %, 9534 MiB, 16384 MiB, 199.67 W, 57
2026/09/16 23:07:59.241, 24 %, 3 %, 9534 MiB, 16384 MiB, 58.65 W, 54
2026/09/16 23:08:00.244, 84 %, 64 %, 9534 MiB, 16384 MiB, 60.27 W, 55
2026/09/16 23:08:01.250, 37 %, 3 %, 9534 MiB, 16384 MiB, 192.39 W, 58
2026/09/16 23:08:02.260, 1 %, 2 %, 9534 MiB, 16384 MiB, 59.33 W, 55
2026/09/16 23:08:03.266, 100 %, 70 %, 9534 MiB, 16384 MiB, 60.56 W, 55
2026/09/16 23:08:04.269, 23 %, 3 %, 9534 MiB, 16384 MiB, 182.59 W, 59
2026/09/16 23:08:05.272, 100 %, 42 %, 9534 MiB, 16384 MiB, 61.08 W, 55
2026/09/16 23:08:06.279, 39 %, 31 %, 9534 MiB, 16384 MiB, 200.52 W, 57
2026/09/16 23:08:07.285, 94 %, 5 %, 9534 MiB, 16384 MiB, 58.79 W, 56
2026/09/16 23:08:08.287, 94 %, 74 %, 9534 MiB, 16384 MiB, 95.61 W, 56
2026/09/16 23:08:09.290, 20 %, 12 %, 9534 MiB, 16384 MiB, 190.82 W, 60
2026/09/16 23:08:10.296, 100 %, 5 %, 9534 MiB, 16384 MiB, 59.56 W, 56
2026/09/16 23:08:11.298, 100 %, 71 %, 9534 MiB, 16384 MiB, 79.86 W, 57
2026/09/16 23:08:12.301, 23 %, 3 %, 9534 MiB, 16384 MiB, 182.31 W, 60
2026/09/16 23:08:13.303, 100 %, 24 %, 9534 MiB, 16384 MiB, 61.33 W, 57
2026/09/16 23:08:14.306, 64 %, 47 %, 9534 MiB, 16384 MiB, 186.46 W, 58
2026/09/16 23:08:15.308, 1 %, 3 %, 9534 MiB, 16384 MiB, 59.29 W, 60
2026/09/16 23:08:16.311, 0 %, 0 %, 9534 MiB, 16384 MiB, 57.55 W, 57
2026/09/16 23:08:17.313, 0 %, 0 %, 9534 MiB, 16384 MiB, 100.01 W, 57
2026/09/16 23:08:18.315, 38 %, 4 %, 14714 MiB, 16384 MiB, 59.43 W, 57
2026/09/16 23:08:19.317, 55 %, 4 %, 14714 MiB, 16384 MiB, 59.86 W, 57
2026/09/16 23:08:20.320, 85 %, 5 %, 14714 MiB, 16384 MiB, 62.22 W, 57
2026/09/16 23:08:21.322, 78 %, 10 %, 14714 MiB, 16384 MiB, 63.99 W, 57
2026/09/16 23:08:22.325, 8 %, 7 %, 14714 MiB, 16384 MiB, 59.66 W, 57
2026/09/16 23:08:23.328, 7 %, 7 %, 14714 MiB, 16384 MiB, 71.51 W, 57
2026/09/16 23:08:24.331, 1 %, 2 %, 14714 MiB, 16384 MiB, 93.06 W, 57
2026/09/16 23:08:25.335, 1 %, 2 %, 14714 MiB, 16384 MiB, 91.57 W, 58
2026/09/16 23:08:26.341, 1 %, 2 %, 14714 MiB, 16384 MiB, 90.65 W, 58
2026/09/16 23:08:27.344, 21 %, 3 %, 14714 MiB, 16384 MiB, 59.60 W, 58
2026/09/16 23:08:28.347, 1 %, 2 %, 14714 MiB, 16384 MiB, 59.80 W, 57
2026/09/16 23:08:29.351, 50 %, 4 %, 14714 MiB, 16384 MiB, 59.87 W, 57
2026/09/16 23:08:30.354, 71 %, 4 %, 14714 MiB, 16384 MiB, 59.93 W, 57
2026/09/16 23:08:31.357, 95 %, 10 %, 14714 MiB, 16384 MiB, 60.69 W, 57
2026/09/16 23:08:32.361, 55 %, 9 %, 14714 MiB, 16384 MiB, 62.54 W, 57
2026/09/16 23:08:33.363, 7 %, 7 %, 14714 MiB, 16384 MiB, 63.62 W, 58
2026/09/16 23:08:34.366, 1 %, 2 %, 14714 MiB, 16384 MiB, 91.75 W, 58
2026/09/16 23:08:35.368, 8 %, 2 %, 14714 MiB, 16384 MiB, 75.90 W, 58
2026/09/16 23:08:36.371, 25 %, 3 %, 14714 MiB, 16384 MiB, 59.88 W, 58
2026/09/16 23:08:37.373, 40 %, 3 %, 14714 MiB, 16384 MiB, 59.87 W, 58
2026/09/16 23:08:38.376, 55 %, 4 %, 14714 MiB, 16384 MiB, 62.39 W, 58
2026/09/16 23:08:39.378, 1 %, 2 %, 14714 MiB, 16384 MiB, 62.64 W, 58
2026/09/16 23:08:40.381, 0 %, 0 %, 15240 MiB, 16384 MiB, 57.31 W, 57
2026/09/16 23:08:41.383, 15 %, 3 %, 15702 MiB, 16384 MiB, 118.61 W, 59
2026/09/16 23:08:42.385, 100 %, 4 %, 15662 MiB, 16384 MiB, 117.62 W, 60
2026/09/16 23:08:43.389, 100 %, 0 %, 15662 MiB, 16384 MiB, 230.78 W, 63
2026/09/16 23:08:44.392, 100 %, 32 %, 15662 MiB, 16384 MiB, 124.57 W, 61
2026/09/16 23:08:45.396, 100 %, 45 %, 15662 MiB, 16384 MiB, 126.89 W, 61
2026/09/16 23:08:46.402, 100 %, 15 %, 15662 MiB, 16384 MiB, 120.63 W, 64
2026/09/16 23:08:47.405, 100 %, 8 %, 15662 MiB, 16384 MiB, 175.16 W, 63
2026/09/16 23:08:48.407, 100 %, 46 %, 15662 MiB, 16384 MiB, 224.75 W, 61
2026/09/16 23:08:49.412, 49 %, 40 %, 15662 MiB, 16384 MiB, 57.65 W, 62
2026/09/16 23:08:50.415, 100 %, 49 %, 15662 MiB, 16384 MiB, 149.67 W, 62
2026/09/16 23:08:51.417, 100 %, 26 %, 15662 MiB, 16384 MiB, 113.91 W, 63
2026/09/16 23:08:52.419, 100 %, 5 %, 15662 MiB, 16384 MiB, 140.22 W, 65
2026/09/16 23:08:53.426, 100 %, 44 %, 15662 MiB, 16384 MiB, 209.34 W, 62
2026/09/16 23:08:54.429, 100 %, 40 %, 15662 MiB, 16384 MiB, 60.70 W, 62
2026/09/16 23:08:55.431, 100 %, 7 %, 15662 MiB, 16384 MiB, 105.65 W, 63
2026/09/16 23:08:56.434, 100 %, 4 %, 15662 MiB, 16384 MiB, 117.58 W, 64
2026/09/16 23:08:57.436, 100 %, 0 %, 15662 MiB, 16384 MiB, 120.38 W, 67
2026/09/16 23:08:58.455, 100 %, 45 %, 15662 MiB, 16384 MiB, 245.47 W, 65
2026/09/16 23:08:59.460, 100 %, 29 %, 15662 MiB, 16384 MiB, 62.93 W, 63
2026/09/16 23:09:00.462, 100 %, 6 %, 15662 MiB, 16384 MiB, 113.11 W, 64
2026/09/16 23:09:01.464, 100 %, 4 %, 15662 MiB, 16384 MiB, 118.84 W, 65
2026/09/16 23:09:02.467, 100 %, 0 %, 15662 MiB, 16384 MiB, 129.73 W, 68
2026/09/16 23:09:03.474, 100 %, 40 %, 15662 MiB, 16384 MiB, 242.56 W, 67
2026/09/16 23:09:04.477, 100 %, 45 %, 15662 MiB, 16384 MiB, 106.62 W, 66
2026/09/16 23:09:05.479, 100 %, 6 %, 15662 MiB, 16384 MiB, 119.90 W, 66
2026/09/16 23:09:06.482, 100 %, 19 %, 15662 MiB, 16384 MiB, 219.33 W, 69
2026/09/16 23:09:07.484, 100 %, 3 %, 15662 MiB, 16384 MiB, 223.11 W, 66
2026/09/16 23:09:08.487, 100 %, 4 %, 15662 MiB, 16384 MiB, 120.50 W, 68
2026/09/16 23:09:09.495, 100 %, 0 %, 15662 MiB, 16384 MiB, 243.53 W, 67
2026/09/16 23:09:10.502, 100 %, 43 %, 15662 MiB, 16384 MiB, 104.62 W, 67
2026/09/16 23:09:11.504, 100 %, 47 %, 15662 MiB, 16384 MiB, 119.02 W, 70
2026/09/16 23:09:12.507, 100 %, 6 %, 15662 MiB, 16384 MiB, 217.59 W, 67
2026/09/16 23:09:13.509, 100 %, 26 %, 15662 MiB, 16384 MiB, 116.01 W, 66
2026/09/16 23:09:14.514, 100 %, 42 %, 15662 MiB, 16384 MiB, 63.66 W, 67
2026/09/16 23:09:15.516, 100 %, 23 %, 15662 MiB, 16384 MiB, 123.52 W, 67
2026/09/16 23:09:16.519, 100 %, 6 %, 15662 MiB, 16384 MiB, 118.68 W, 67
2026/09/16 23:09:17.521, 100 %, 3 %, 15662 MiB, 16384 MiB, 215.61 W, 69
2026/09/16 23:09:18.523, 99 %, 3 %, 15662 MiB, 16384 MiB, 121.47 W, 67
2026/09/16 23:09:19.526, 100 %, 25 %, 15662 MiB, 16384 MiB, 118.28 W, 68
2026/09/16 23:09:20.528, 100 %, 32 %, 15662 MiB, 16384 MiB, 98.73 W, 67
2026/09/16 23:09:21.531, 100 %, 4 %, 15662 MiB, 16384 MiB, 122.64 W, 68
2026/09/16 23:09:22.534, 100 %, 46 %, 15662 MiB, 16384 MiB, 119.02 W, 68
2026/09/16 23:09:23.536, 100 %, 2 %, 15662 MiB, 16384 MiB, 222.85 W, 69
2026/09/16 23:09:24.539, 100 %, 0 %, 15662 MiB, 16384 MiB, 120.58 W, 68
2026/09/16 23:09:25.541, 100 %, 9 %, 15662 MiB, 16384 MiB, 119.00 W, 68
2026/09/16 23:09:26.545, 100 %, 40 %, 15662 MiB, 16384 MiB, 60.20 W, 67
2026/09/16 23:09:27.547, 100 %, 4 %, 15662 MiB, 16384 MiB, 156.68 W, 71
2026/09/16 23:09:28.550, 100 %, 32 %, 15662 MiB, 16384 MiB, 114.13 W, 69
2026/09/16 23:09:29.552, 100 %, 39 %, 15662 MiB, 16384 MiB, 69.89 W, 69
2026/09/16 23:09:30.556, 100 %, 4 %, 15662 MiB, 16384 MiB, 123.74 W, 71
2026/09/16 23:09:31.570, 100 %, 4 %, 15662 MiB, 16384 MiB, 121.82 W, 69
2026/09/16 23:09:32.573, 100 %, 46 %, 15662 MiB, 16384 MiB, 164.49 W, 69
2026/09/16 23:09:33.575, 100 %, 0 %, 15662 MiB, 16384 MiB, 121.72 W, 72
2026/09/16 23:09:34.578, 100 %, 3 %, 15662 MiB, 16384 MiB, 119.56 W, 69
2026/09/16 23:09:35.581, 100 %, 37 %, 15662 MiB, 16384 MiB, 63.69 W, 69
2026/09/16 23:09:36.583, 100 %, 17 %, 15662 MiB, 16384 MiB, 208.88 W, 70
2026/09/16 23:09:37.586, 100 %, 4 %, 15662 MiB, 16384 MiB, 123.59 W, 70
2026/09/16 23:09:38.588, 100 %, 48 %, 15662 MiB, 16384 MiB, 124.34 W, 70
2026/09/16 23:09:39.591, 100 %, 0 %, 15662 MiB, 16384 MiB, 122.57 W, 73
2026/09/16 23:09:40.596, 100 %, 0 %, 15662 MiB, 16384 MiB, 119.98 W, 70
2026/09/16 23:09:41.599, 100 %, 20 %, 15662 MiB, 16384 MiB, 118.64 W, 70
2026/09/16 23:09:42.601, 100 %, 33 %, 15662 MiB, 16384 MiB, 244.47 W, 71
2026/09/16 23:09:43.604, 100 %, 0 %, 15662 MiB, 16384 MiB, 121.68 W, 70
2026/09/16 23:09:44.606, 100 %, 4 %, 15662 MiB, 16384 MiB, 120.10 W, 70
2026/09/16 23:09:45.609, 100 %, 41 %, 15662 MiB, 16384 MiB, 82.46 W, 69
2026/09/16 23:09:46.611, 100 %, 4 %, 15662 MiB, 16384 MiB, 125.13 W, 73
2026/09/16 23:09:47.614, 100 %, 4 %, 15662 MiB, 16384 MiB, 122.57 W, 70
2026/09/16 23:09:48.619, 100 %, 42 %, 15662 MiB, 16384 MiB, 174.49 W, 71
2026/09/16 23:09:49.623, 100 %, 0 %, 15662 MiB, 16384 MiB, 122.97 W, 70
2026/09/16 23:09:50.626, 100 %, 4 %, 15662 MiB, 16384 MiB, 120.73 W, 70
2026/09/16 23:09:51.629, 100 %, 41 %, 15662 MiB, 16384 MiB, 62.92 W, 69
2026/09/16 23:09:52.631, 100 %, 10 %, 15662 MiB, 16384 MiB, 199.04 W, 74
2026/09/16 23:09:53.637, 100 %, 0 %, 15662 MiB, 16384 MiB, 121.06 W, 71
2026/09/16 23:09:54.639, 100 %, 7 %, 15662 MiB, 16384 MiB, 62.10 W, 71
2026/09/16 23:09:55.642, 100 %, 43 %, 15662 MiB, 16384 MiB, 161.59 W, 72
2026/09/16 23:09:56.645, 100 %, 34 %, 15662 MiB, 16384 MiB, 123.90 W, 71
2026/09/16 23:09:57.648, 100 %, 21 %, 15662 MiB, 16384 MiB, 145.33 W, 71
2026/09/16 23:09:58.651, 100 %, 0 %, 15662 MiB, 16384 MiB, 123.42 W, 74
2026/09/16 23:09:59.654, 100 %, 5 %, 15662 MiB, 16384 MiB, 121.01 W, 71
2026/09/16 23:10:00.657, 100 %, 43 %, 15662 MiB, 16384 MiB, 92.86 W, 71
2026/09/16 23:10:01.659, 100 %, 4 %, 15662 MiB, 16384 MiB, 235.77 W, 71
2026/09/16 23:10:02.664, 100 %, 11 %, 15662 MiB, 16384 MiB, 125.08 W, 71
2026/09/16 23:10:03.667, 100 %, 41 %, 15662 MiB, 16384 MiB, 109.78 W, 71
2026/09/16 23:10:04.669, 100 %, 0 %, 15662 MiB, 16384 MiB, 185.78 W, 73
2026/09/16 23:10:05.689, 100 %, 0 %, 15662 MiB, 16384 MiB, 122.36 W, 74
2026/09/16 23:10:06.697, 77 %, 3 %, 15662 MiB, 16384 MiB, 123.47 W, 71
2026/09/16 23:10:07.700, 100 %, 43 %, 15662 MiB, 16384 MiB, 100.24 W, 71
2026/09/16 23:10:08.703, 100 %, 4 %, 15662 MiB, 16384 MiB, 193.03 W, 73
2026/09/16 23:10:09.706, 100 %, 39 %, 15662 MiB, 16384 MiB, 124.08 W, 71
2026/09/16 23:10:10.709, 100 %, 0 %, 15662 MiB, 16384 MiB, 252.69 W, 71
2026/09/16 23:10:11.712, 100 %, 3 %, 15662 MiB, 16384 MiB, 122.85 W, 71
2026/09/16 23:10:12.715, 100 %, 46 %, 15662 MiB, 16384 MiB, 120.54 W, 71
2026/09/16 23:10:13.717, 100 %, 4 %, 15662 MiB, 16384 MiB, 237.71 W, 73
2026/09/16 23:10:14.721, 100 %, 23 %, 15662 MiB, 16384 MiB, 125.90 W, 71
2026/09/16 23:10:15.723, 100 %, 6 %, 15662 MiB, 16384 MiB, 174.08 W, 72
2026/09/16 23:10:16.729, 100 %, 0 %, 15662 MiB, 16384 MiB, 123.11 W, 71
2026/09/16 23:10:17.731, 100 %, 37 %, 15662 MiB, 16384 MiB, 123.86 W, 72
2026/09/16 23:10:18.733, 100 %, 0 %, 15662 MiB, 16384 MiB, 250.80 W, 73
2026/09/16 23:10:19.736, 100 %, 3 %, 15662 MiB, 16384 MiB, 122.47 W, 71
2026/09/16 23:10:20.738, 100 %, 41 %, 15662 MiB, 16384 MiB, 123.66 W, 71
2026/09/16 23:10:21.741, 100 %, 4 %, 15662 MiB, 16384 MiB, 229.04 W, 74
2026/09/16 23:10:22.754, 100 %, 22 %, 15662 MiB, 16384 MiB, 125.61 W, 72
2026/09/16 23:10:23.757, 100 %, 7 %, 15662 MiB, 16384 MiB, 170.85 W, 72
2026/09/16 23:10:24.760, 100 %, 0 %, 15662 MiB, 16384 MiB, 122.24 W, 71
2026/09/16 23:10:25.762, 100 %, 36 %, 15662 MiB, 16384 MiB, 74.76 W, 72
2026/09/16 23:10:26.764, 100 %, 4 %, 15662 MiB, 16384 MiB, 141.70 W, 74
2026/09/16 23:10:27.771, 100 %, 8 %, 15662 MiB, 16384 MiB, 123.24 W, 72
2026/09/16 23:10:28.774, 100 %, 26 %, 15662 MiB, 16384 MiB, 239.16 W, 72
2026/09/16 23:10:29.777, 100 %, 0 %, 15662 MiB, 16384 MiB, 122.04 W, 72
2026/09/16 23:10:30.779, 100 %, 19 %, 15662 MiB, 16384 MiB, 120.73 W, 72
2026/09/16 23:10:31.781, 100 %, 10 %, 15662 MiB, 16384 MiB, 213.85 W, 73
2026/09/16 23:10:32.787, 100 %, 0 %, 15662 MiB, 16384 MiB, 121.87 W, 72
2026/09/16 23:10:33.791, 100 %, 26 %, 15662 MiB, 16384 MiB, 98.08 W, 72
2026/09/16 23:10:34.795, 100 %, 7 %, 15662 MiB, 16384 MiB, 186.01 W, 74
2026/09/16 23:10:35.800, 100 %, 4 %, 15662 MiB, 16384 MiB, 128.12 W, 72
2026/09/16 23:10:36.803, 100 %, 34 %, 15662 MiB, 16384 MiB, 258.09 W, 72
2026/09/16 23:10:37.805, 100 %, 0 %, 15662 MiB, 16384 MiB, 127.16 W, 72
2026/09/16 23:10:38.807, 100 %, 6 %, 15662 MiB, 16384 MiB, 127.86 W, 72
2026/09/16 23:10:39.810, 100 %, 28 %, 15662 MiB, 16384 MiB, 240.07 W, 73
2026/09/16 23:10:40.816, 100 %, 4 %, 15662 MiB, 16384 MiB, 130.66 W, 72
2026/09/16 23:10:41.820, 100 %, 45 %, 15662 MiB, 16384 MiB, 162.71 W, 72
2026/09/16 23:10:42.822, 100 %, 9 %, 15662 MiB, 16384 MiB, 208.03 W, 75
2026/09/16 23:10:43.825, 100 %, 4 %, 15662 MiB, 16384 MiB, 128.25 W, 72
2026/09/16 23:10:44.828, 100 %, 38 %, 15662 MiB, 16384 MiB, 240.99 W, 73
2026/09/16 23:10:45.835, 100 %, 0 %, 15662 MiB, 16384 MiB, 128.13 W, 72
2026/09/16 23:10:46.837, 100 %, 7 %, 15662 MiB, 16384 MiB, 130.45 W, 72
2026/09/16 23:10:47.839, 100 %, 29 %, 15662 MiB, 16384 MiB, 246.00 W, 75
2026/09/16 23:10:48.845, 100 %, 4 %, 15662 MiB, 16384 MiB, 126.22 W, 73
2026/09/16 23:10:49.847, 100 %, 45 %, 15662 MiB, 16384 MiB, 220.85 W, 73
2026/09/16 23:10:50.850, 100 %, 0 %, 15662 MiB, 16384 MiB, 127.51 W, 72
2026/09/16 23:10:51.852, 100 %, 5 %, 15662 MiB, 16384 MiB, 93.96 W, 72
2026/09/16 23:10:52.854, 100 %, 5 %, 15662 MiB, 16384 MiB, 169.10 W, 74
2026/09/16 23:10:53.859, 100 %, 46 %, 15662 MiB, 16384 MiB, 128.93 W, 73
2026/09/16 23:10:54.863, 100 %, 0 %, 15662 MiB, 16384 MiB, 246.51 W, 73
2026/09/16 23:10:55.865, 100 %, 0 %, 15662 MiB, 16384 MiB, 132.25 W, 75
2026/09/16 23:10:56.868, 100 %, 0 %, 15662 MiB, 16384 MiB, 138.62 W, 75
2026/09/16 23:10:57.872, 100 %, 30 %, 15662 MiB, 16384 MiB, 111.33 W, 72
2026/09/16 23:10:58.875, 100 %, 7 %, 15662 MiB, 16384 MiB, 132.51 W, 73
2026/09/16 23:10:59.877, 100 %, 1 %, 15662 MiB, 16384 MiB, 129.46 W, 73
2026/09/16 23:11:00.879, 100 %, 6 %, 15662 MiB, 16384 MiB, 233.23 W, 72
2026/09/16 23:11:01.882, 100 %, 26 %, 15662 MiB, 16384 MiB, 112.34 W, 72
2026/09/16 23:11:02.885, 100 %, 4 %, 15662 MiB, 16384 MiB, 126.54 W, 72
2026/09/16 23:11:03.887, 100 %, 8 %, 15662 MiB, 16384 MiB, 133.97 W, 73
2026/09/16 23:11:04.890, 100 %, 2 %, 15662 MiB, 16384 MiB, 130.72 W, 75
2026/09/16 23:11:05.892, 100 %, 29 %, 15662 MiB, 16384 MiB, 109.75 W, 72
2026/09/16 23:11:06.895, 100 %, 8 %, 15662 MiB, 16384 MiB, 132.52 W, 73
2026/09/16 23:11:07.897, 100 %, 0 %, 15662 MiB, 16384 MiB, 129.41 W, 73
2026/09/16 23:11:08.901, 100 %, 5 %, 15662 MiB, 16384 MiB, 230.67 W, 74
2026/09/16 23:11:09.904, 100 %, 27 %, 15662 MiB, 16384 MiB, 111.20 W, 72
2026/09/16 23:11:10.906, 100 %, 7 %, 15662 MiB, 16384 MiB, 133.37 W, 73
2026/09/16 23:11:11.909, 100 %, 0 %, 15662 MiB, 16384 MiB, 129.54 W, 73
2026/09/16 23:11:12.911, 100 %, 3 %, 15662 MiB, 16384 MiB, 147.23 W, 72
2026/09/16 23:11:13.917, 100 %, 35 %, 15662 MiB, 16384 MiB, 128.61 W, 73
2026/09/16 23:11:14.920, 100 %, 3 %, 15662 MiB, 16384 MiB, 127.26 W, 72
2026/09/16 23:11:15.922, 100 %, 7 %, 15662 MiB, 16384 MiB, 134.43 W, 73
2026/09/16 23:11:16.924, 100 %, 0 %, 15662 MiB, 16384 MiB, 129.40 W, 76
2026/09/16 23:11:17.930, 100 %, 30 %, 15662 MiB, 16384 MiB, 81.76 W, 72
2026/09/16 23:11:18.932, 100 %, 6 %, 15662 MiB, 16384 MiB, 131.88 W, 73
2026/09/16 23:11:19.936, 100 %, 2 %, 15662 MiB, 16384 MiB, 130.45 W, 73
2026/09/16 23:11:20.938, 100 %, 2 %, 15662 MiB, 16384 MiB, 176.64 W, 73
2026/09/16 23:11:21.941, 100 %, 33 %, 15662 MiB, 16384 MiB, 134.48 W, 73
2026/09/16 23:11:22.943, 100 %, 3 %, 15662 MiB, 16384 MiB, 126.29 W, 73
2026/09/16 23:11:23.946, 100 %, 7 %, 15662 MiB, 16384 MiB, 133.68 W, 73
2026/09/16 23:11:24.949, 100 %, 1 %, 15662 MiB, 16384 MiB, 129.48 W, 75
2026/09/16 23:11:25.952, 100 %, 28 %, 15662 MiB, 16384 MiB, 66.49 W, 72
2026/09/16 23:11:26.954, 100 %, 6 %, 15662 MiB, 16384 MiB, 132.15 W, 73
2026/09/16 23:11:27.956, 100 %, 6 %, 15662 MiB, 16384 MiB, 132.14 W, 73
2026/09/16 23:11:28.958, 100 %, 0 %, 15662 MiB, 16384 MiB, 170.80 W, 75
2026/09/16 23:11:29.961, 100 %, 11 %, 15662 MiB, 16384 MiB, 119.47 W, 72
2026/09/16 23:11:30.963, 100 %, 7 %, 15662 MiB, 16384 MiB, 132.29 W, 73
2026/09/16 23:11:31.966, 100 %, 1 %, 15662 MiB, 16384 MiB, 130.25 W, 73
2026/09/16 23:11:32.968, 100 %, 25 %, 15662 MiB, 16384 MiB, 240.84 W, 73
2026/09/16 23:11:33.974, 100 %, 31 %, 15662 MiB, 16384 MiB, 116.39 W, 73
2026/09/16 23:11:34.977, 100 %, 1 %, 15662 MiB, 16384 MiB, 126.95 W, 73
2026/09/16 23:11:35.979, 100 %, 7 %, 15662 MiB, 16384 MiB, 134.62 W, 73
2026/09/16 23:11:36.981, 100 %, 2 %, 15662 MiB, 16384 MiB, 169.20 W, 76
2026/09/16 23:11:37.987, 100 %, 12 %, 15662 MiB, 16384 MiB, 118.33 W, 73
2026/09/16 23:11:38.989, 100 %, 7 %, 15662 MiB, 16384 MiB, 132.99 W, 73
2026/09/16 23:11:39.993, 100 %, 0 %, 15662 MiB, 16384 MiB, 130.41 W, 73
2026/09/16 23:11:40.995, 100 %, 23 %, 15662 MiB, 16384 MiB, 241.33 W, 74
2026/09/16 23:11:41.998, 100 %, 31 %, 15662 MiB, 16384 MiB, 198.59 W, 73
2026/09/16 23:11:43.000, 100 %, 7 %, 15662 MiB, 16384 MiB, 133.07 W, 73
2026/09/16 23:11:44.003, 100 %, 0 %, 15662 MiB, 16384 MiB, 129.73 W, 73
2026/09/16 23:11:45.006, 100 %, 30 %, 15662 MiB, 16384 MiB, 214.10 W, 72
2026/09/16 23:11:46.009, 100 %, 13 %, 15662 MiB, 16384 MiB, 107.67 W, 73
2026/09/16 23:11:47.011, 100 %, 1 %, 15662 MiB, 16384 MiB, 128.06 W, 73
2026/09/16 23:11:48.014, 100 %, 5 %, 15662 MiB, 16384 MiB, 135.01 W, 73
2026/09/16 23:11:49.016, 100 %, 19 %, 15662 MiB, 16384 MiB, 129.96 W, 76
2026/09/16 23:11:50.025, 100 %, 4 %, 15662 MiB, 16384 MiB, 98.38 W, 73
2026/09/16 23:11:51.028, 100 %, 16 %, 15662 MiB, 16384 MiB, 133.91 W, 73
2026/09/16 23:11:52.031, 100 %, 1 %, 15662 MiB, 16384 MiB, 130.67 W, 73
2026/09/16 23:11:53.033, 100 %, 5 %, 15662 MiB, 16384 MiB, 212.89 W, 73
2026/09/16 23:11:54.037, 100 %, 17 %, 15662 MiB, 16384 MiB, 111.30 W, 73
2026/09/16 23:11:55.039, 100 %, 4 %, 15662 MiB, 16384 MiB, 127.17 W, 73
2026/09/16 23:11:56.042, 100 %, 8 %, 15662 MiB, 16384 MiB, 134.76 W, 73
2026/09/16 23:11:57.045, 100 %, 1 %, 15662 MiB, 16384 MiB, 130.54 W, 76
2026/09/16 23:11:58.048, 100 %, 32 %, 15662 MiB, 16384 MiB, 95.96 W, 72
2026/09/16 23:11:59.050, 100 %, 17 %, 15662 MiB, 16384 MiB, 133.78 W, 73
2026/09/16 23:12:00.052, 100 %, 0 %, 15662 MiB, 16384 MiB, 130.52 W, 73
2026/09/16 23:12:01.056, 36 %, 8 %, 15662 MiB, 16384 MiB, 70.48 W, 71
2026/09/16 23:12:02.058, 1 %, 2 %, 15662 MiB, 16384 MiB, 69.36 W, 71
2026/09/16 23:12:03.061, 2 %, 3 %, 15662 MiB, 16384 MiB, 78.24 W, 70
2026/09/16 23:12:04.063, 16 %, 3 %, 15662 MiB, 16384 MiB, 66.20 W, 70
2026/09/16 23:12:05.066, 55 %, 4 %, 15662 MiB, 16384 MiB, 66.20 W, 69
2026/09/16 23:12:06.068, 100 %, 5 %, 15662 MiB, 16384 MiB, 65.94 W, 69
2026/09/16 23:12:07.071, 99 %, 11 %, 15662 MiB, 16384 MiB, 65.92 W, 69
2026/09/16 23:12:08.073, 84 %, 10 %, 15662 MiB, 16384 MiB, 67.84 W, 69
2026/09/16 23:12:09.076, 69 %, 9 %, 15662 MiB, 16384 MiB, 69.58 W, 68
2026/09/16 23:12:10.078, 52 %, 9 %, 15662 MiB, 16384 MiB, 68.78 W, 68
2026/09/16 23:12:11.082, 8 %, 8 %, 15662 MiB, 16384 MiB, 65.26 W, 68
2026/09/16 23:12:12.084, 19 %, 8 %, 15662 MiB, 16384 MiB, 66.96 W, 68
2026/09/16 23:12:13.087, 1 %, 2 %, 15662 MiB, 16384 MiB, 66.99 W, 68
2026/09/16 23:12:14.090, 1 %, 3 %, 15662 MiB, 16384 MiB, 77.15 W, 67
2026/09/16 23:12:15.093, 15 %, 3 %, 15662 MiB, 16384 MiB, 64.20 W, 68
2026/09/16 23:12:16.096, 48 %, 4 %, 15662 MiB, 16384 MiB, 64.77 W, 67
2026/09/16 23:12:17.100, 98 %, 6 %, 15662 MiB, 16384 MiB, 64.42 W, 67
2026/09/16 23:12:18.103, 94 %, 10 %, 15662 MiB, 16384 MiB, 64.51 W, 66
2026/09/16 23:12:19.107, 75 %, 10 %, 15662 MiB, 16384 MiB, 65.51 W, 66
2026/09/16 23:12:20.110, 59 %, 9 %, 15662 MiB, 16384 MiB, 66.13 W, 66
2026/09/16 23:12:21.113, 43 %, 9 %, 15662 MiB, 16384 MiB, 66.39 W, 66
2026/09/16 23:12:22.115, 7 %, 7 %, 15662 MiB, 16384 MiB, 64.11 W, 66
2026/09/16 23:12:23.118, 1 %, 2 %, 15662 MiB, 16384 MiB, 75.59 W, 66
2026/09/16 23:12:24.120, 1 %, 2 %, 15662 MiB, 16384 MiB, 63.68 W, 66
2026/09/16 23:12:25.122, 54 %, 4 %, 15662 MiB, 16384 MiB, 64.29 W, 65
2026/09/16 23:12:26.125, 98 %, 5 %, 15662 MiB, 16384 MiB, 63.97 W, 65
2026/09/16 23:12:27.127, 72 %, 9 %, 15662 MiB, 16384 MiB, 64.72 W, 65
2026/09/16 23:12:28.129, 27 %, 6 %, 15662 MiB, 16384 MiB, 66.46 W, 65
2026/09/16 23:12:29.132, 15 %, 8 %, 15662 MiB, 16384 MiB, 68.79 W, 65
2026/09/16 23:12:30.134, 1 %, 2 %, 15662 MiB, 16384 MiB, 68.84 W, 64
2026/09/16 23:12:31.137, 1 %, 2 %, 15662 MiB, 16384 MiB, 77.73 W, 64
2026/09/16 23:12:32.139, 1 %, 2 %, 15662 MiB, 16384 MiB, 77.07 W, 64
2026/09/16 23:12:33.142, 8 %, 2 %, 15662 MiB, 16384 MiB, 75.41 W, 64
2026/09/16 23:12:34.144, 22 %, 3 %, 15662 MiB, 16384 MiB, 69.32 W, 64
2026/09/16 23:12:35.147, 38 %, 4 %, 15662 MiB, 16384 MiB, 63.26 W, 63
2026/09/16 23:12:36.151, 90 %, 5 %, 15662 MiB, 16384 MiB, 63.30 W, 63
2026/09/16 23:12:37.154, 100 %, 6 %, 15662 MiB, 16384 MiB, 63.36 W, 63
2026/09/16 23:12:38.157, 74 %, 9 %, 15662 MiB, 16384 MiB, 64.37 W, 63
2026/09/16 23:12:39.161, 50 %, 7 %, 15662 MiB, 16384 MiB, 65.36 W, 63
2026/09/16 23:12:40.164, 33 %, 8 %, 15662 MiB, 16384 MiB, 65.44 W, 63
2026/09/16 23:12:41.168, 18 %, 8 %, 15662 MiB, 16384 MiB, 65.29 W, 63
2026/09/16 23:12:42.171, 1 %, 2 %, 15662 MiB, 16384 MiB, 65.11 W, 63
2026/09/16 23:12:43.175, 1 %, 2 %, 15662 MiB, 16384 MiB, 71.85 W, 63
2026/09/16 23:12:44.178, 1 %, 2 %, 15662 MiB, 16384 MiB, 74.60 W, 62
2026/09/16 23:12:45.181, 1 %, 2 %, 15662 MiB, 16384 MiB, 66.74 W, 63
2026/09/16 23:12:46.184, 42 %, 3 %, 15662 MiB, 16384 MiB, 63.44 W, 62
2026/09/16 23:12:47.186, 70 %, 4 %, 15662 MiB, 16384 MiB, 65.23 W, 62
2026/09/16 23:12:48.189, 95 %, 10 %, 15662 MiB, 16384 MiB, 64.46 W, 62
2026/09/16 23:12:49.191, 32 %, 8 %, 15662 MiB, 16384 MiB, 74.51 W, 62
2026/09/16 23:12:50.194, 1 %, 2 %, 15662 MiB, 16384 MiB, 61.71 W, 62
2026/09/16 23:12:51.196, 5 %, 2 %, 15662 MiB, 16384 MiB, 61.77 W, 62
2026/09/16 23:12:52.198, 16 %, 3 %, 15662 MiB, 16384 MiB, 61.99 W, 62
2026/09/16 23:12:53.201, 31 %, 3 %, 15662 MiB, 16384 MiB, 61.76 W, 61
2026/09/16 23:12:54.203, 50 %, 4 %, 15662 MiB, 16384 MiB, 61.46 W, 61
2026/09/16 23:12:55.206, 64 %, 4 %, 15662 MiB, 16384 MiB, 61.60 W, 61
2026/09/16 23:12:56.209, 75 %, 5 %, 15662 MiB, 16384 MiB, 61.92 W, 61
2026/09/16 23:12:57.212, 89 %, 5 %, 15662 MiB, 16384 MiB, 62.64 W, 61
2026/09/16 23:12:58.216, 84 %, 10 %, 15662 MiB, 16384 MiB, 64.27 W, 61
2026/09/16 23:12:59.220, 59 %, 9 %, 15662 MiB, 16384 MiB, 64.24 W, 61
2026/09/16 23:13:00.222, 20 %, 8 %, 15662 MiB, 16384 MiB, 74.21 W, 61
2026/09/16 23:13:01.225, 2 %, 3 %, 15662 MiB, 16384 MiB, 60.88 W, 61
2026/09/16 23:13:02.227, 2 %, 3 %, 15662 MiB, 16384 MiB, 61.40 W, 61
2026/09/16 23:13:03.230, 14 %, 3 %, 15662 MiB, 16384 MiB, 61.34 W, 61
2026/09/16 23:13:04.233, 30 %, 3 %, 15662 MiB, 16384 MiB, 63.90 W, 60
2026/09/16 23:13:05.235, 48 %, 4 %, 15662 MiB, 16384 MiB, 62.60 W, 60
2026/09/16 23:13:06.238, 69 %, 4 %, 15662 MiB, 16384 MiB, 61.11 W, 60
2026/09/16 23:13:07.240, 78 %, 5 %, 15662 MiB, 16384 MiB, 61.59 W, 60
2026/09/16 23:13:08.243, 90 %, 10 %, 15662 MiB, 16384 MiB, 63.82 W, 60
2026/09/16 23:13:09.245, 42 %, 8 %, 15662 MiB, 16384 MiB, 63.22 W, 60
2026/09/16 23:13:10.249, 2 %, 2 %, 15662 MiB, 16384 MiB, 73.80 W, 60
2026/09/16 23:13:11.252, 1 %, 2 %, 15662 MiB, 16384 MiB, 61.78 W, 61
2026/09/16 23:13:12.256, 1 %, 2 %, 15662 MiB, 16384 MiB, 61.49 W, 60
2026/09/16 23:13:13.259, 60 %, 4 %, 15662 MiB, 16384 MiB, 61.40 W, 60
2026/09/16 23:13:14.263, 76 %, 4 %, 15662 MiB, 16384 MiB, 61.77 W, 60
2026/09/16 23:13:15.266, 93 %, 5 %, 15662 MiB, 16384 MiB, 62.54 W, 60
2026/09/16 23:13:16.270, 100 %, 6 %, 15662 MiB, 16384 MiB, 63.60 W, 60
2026/09/16 23:13:17.273, 92 %, 11 %, 15662 MiB, 16384 MiB, 63.99 W, 60
2026/09/16 23:13:18.277, 74 %, 7 %, 15662 MiB, 16384 MiB, 64.14 W, 60
2026/09/16 23:13:19.281, 55 %, 9 %, 15662 MiB, 16384 MiB, 64.21 W, 60
2026/09/16 23:13:20.284, 37 %, 8 %, 15662 MiB, 16384 MiB, 63.34 W, 60
2026/09/16 23:13:21.288, 13 %, 8 %, 15662 MiB, 16384 MiB, 74.16 W, 60
2026/09/16 23:13:22.291, 1 %, 2 %, 15662 MiB, 16384 MiB, 75.13 W, 60
2026/09/16 23:13:23.295, 2 %, 3 %, 15662 MiB, 16384 MiB, 63.90 W, 60
2026/09/16 23:13:24.298, 29 %, 4 %, 15662 MiB, 16384 MiB, 61.26 W, 59
2026/09/16 23:13:25.302, 44 %, 4 %, 15662 MiB, 16384 MiB, 61.19 W, 59
2026/09/16 23:13:26.306, 63 %, 4 %, 15662 MiB, 16384 MiB, 61.38 W, 59
2026/09/16 23:13:27.309, 78 %, 5 %, 15662 MiB, 16384 MiB, 61.67 W, 59
2026/09/16 23:13:28.313, 99 %, 5 %, 15662 MiB, 16384 MiB, 62.67 W, 59
2026/09/16 23:13:29.316, 95 %, 11 %, 15662 MiB, 16384 MiB, 63.31 W, 59
2026/09/16 23:13:30.318, 61 %, 9 %, 15662 MiB, 16384 MiB, 63.37 W, 59
2026/09/16 23:13:31.320, 27 %, 8 %, 15662 MiB, 16384 MiB, 74.19 W, 59
2026/09/16 23:13:32.322, 1 %, 2 %, 15662 MiB, 16384 MiB, 72.81 W, 59
2026/09/16 23:13:33.325, 1 %, 2 %, 15662 MiB, 16384 MiB, 60.97 W, 59
2026/09/16 23:13:34.329, 1 %, 2 %, 15662 MiB, 16384 MiB, 60.92 W, 59
2026/09/16 23:13:35.331, 62 %, 4 %, 15662 MiB, 16384 MiB, 61.01 W, 59
2026/09/16 23:13:36.333, 75 %, 5 %, 15662 MiB, 16384 MiB, 61.12 W, 59
2026/09/16 23:13:37.336, 90 %, 5 %, 15662 MiB, 16384 MiB, 62.12 W, 59
2026/09/16 23:13:38.338, 100 %, 6 %, 15662 MiB, 16384 MiB, 63.24 W, 59
2026/09/16 23:13:39.340, 94 %, 11 %, 15662 MiB, 16384 MiB, 66.50 W, 59
2026/09/16 23:13:40.343, 75 %, 7 %, 15662 MiB, 16384 MiB, 66.56 W, 59
2026/09/16 23:13:41.346, 51 %, 9 %, 15662 MiB, 16384 MiB, 63.57 W, 59
2026/09/16 23:13:42.349, 24 %, 8 %, 15662 MiB, 16384 MiB, 74.43 W, 59
2026/09/16 23:13:43.353, 1 %, 2 %, 15662 MiB, 16384 MiB, 60.74 W, 59
2026/09/16 23:13:44.356, 25 %, 3 %, 15662 MiB, 16384 MiB, 61.28 W, 59
2026/09/16 23:13:45.360, 2 %, 3 %, 15662 MiB, 16384 MiB, 61.31 W, 59
2026/09/16 23:13:46.364, 73 %, 5 %, 15662 MiB, 16384 MiB, 61.54 W, 59
2026/09/16 23:13:47.367, 92 %, 5 %, 15662 MiB, 16384 MiB, 62.13 W, 59
2026/09/16 23:13:48.371, 100 %, 7 %, 15662 MiB, 16384 MiB, 62.94 W, 59
2026/09/16 23:13:49.374, 92 %, 11 %, 15662 MiB, 16384 MiB, 63.61 W, 59
2026/09/16 23:13:50.378, 71 %, 9 %, 15662 MiB, 16384 MiB, 63.71 W, 59
2026/09/16 23:13:51.381, 46 %, 9 %, 15662 MiB, 16384 MiB, 62.69 W, 59
2026/09/16 23:13:52.385, 1 %, 2 %, 15662 MiB, 16384 MiB, 72.25 W, 59
2026/09/16 23:13:53.388, 1 %, 2 %, 15662 MiB, 16384 MiB, 61.07 W, 59
2026/09/16 23:13:54.392, 55 %, 4 %, 15662 MiB, 16384 MiB, 61.16 W, 59
2026/09/16 23:13:55.396, 93 %, 5 %, 15662 MiB, 16384 MiB, 62.06 W, 59
2026/09/16 23:13:56.399, 7 %, 7 %, 15662 MiB, 16384 MiB, 61.26 W, 59
2026/09/16 23:13:57.403, 63 %, 9 %, 15662 MiB, 16384 MiB, 63.63 W, 59
2026/09/16 23:13:58.406, 51 %, 9 %, 15662 MiB, 16384 MiB, 66.43 W, 59
2026/09/16 23:13:59.410, 37 %, 8 %, 15662 MiB, 16384 MiB, 65.74 W, 59
2026/09/16 23:14:00.414, 21 %, 8 %, 15662 MiB, 16384 MiB, 74.61 W, 59
2026/09/16 23:14:01.417, 5 %, 6 %, 15662 MiB, 16384 MiB, 73.43 W, 59
2026/09/16 23:14:02.421, 1 %, 2 %, 15662 MiB, 16384 MiB, 66.05 W, 59
2026/09/16 23:14:03.424, 1 %, 2 %, 15662 MiB, 16384 MiB, 60.62 W, 59
2026/09/16 23:14:04.428, 21 %, 3 %, 15662 MiB, 16384 MiB, 60.71 W, 58
2026/09/16 23:14:05.431, 42 %, 4 %, 15662 MiB, 16384 MiB, 60.56 W, 59
2026/09/16 23:14:06.435, 69 %, 5 %, 15662 MiB, 16384 MiB, 60.94 W, 58
2026/09/16 23:14:07.438, 1 %, 2 %, 15662 MiB, 16384 MiB, 60.76 W, 58
2026/09/16 23:14:08.441, 85 %, 10 %, 15662 MiB, 16384 MiB, 63.23 W, 58
2026/09/16 23:14:09.444, 67 %, 9 %, 15662 MiB, 16384 MiB, 63.28 W, 58
2026/09/16 23:14:10.448, 52 %, 9 %, 15662 MiB, 16384 MiB, 63.23 W, 58
2026/09/16 23:14:11.451, 36 %, 8 %, 15662 MiB, 16384 MiB, 63.16 W, 58
2026/09/16 23:14:12.455, 20 %, 8 %, 15662 MiB, 16384 MiB, 74.10 W, 59
2026/09/16 23:14:13.458, 1 %, 2 %, 15662 MiB, 16384 MiB, 72.82 W, 59
2026/09/16 23:14:14.462, 100 %, 42 %, 15662 MiB, 16384 MiB, 115.92 W, 61
2026/09/16 23:14:15.464, 100 %, 5 %, 15662 MiB, 16384 MiB, 120.37 W, 63
2026/09/16 23:14:16.467, 100 %, 20 %, 15662 MiB, 16384 MiB, 256.76 W, 61
2026/09/16 23:14:17.471, 100 %, 41 %, 15662 MiB, 16384 MiB, 59.87 W, 60
2026/09/16 23:14:18.473, 100 %, 27 %, 15662 MiB, 16384 MiB, 64.75 W, 61
2026/09/16 23:14:19.475, 100 %, 7 %, 15662 MiB, 16384 MiB, 130.63 W, 62
2026/09/16 23:14:20.478, 100 %, 4 %, 15662 MiB, 16384 MiB, 116.74 W, 62
2026/09/16 23:14:21.481, 100 %, 0 %, 15662 MiB, 16384 MiB, 157.11 W, 66
2026/09/16 23:14:22.484, 100 %, 38 %, 15662 MiB, 16384 MiB, 144.27 W, 62
2026/09/16 23:14:23.489, 100 %, 47 %, 15662 MiB, 16384 MiB, 61.45 W, 62
2026/09/16 23:14:24.494, 100 %, 9 %, 15662 MiB, 16384 MiB, 114.40 W, 63
2026/09/16 23:14:25.497, 100 %, 5 %, 15662 MiB, 16384 MiB, 117.60 W, 63
2026/09/16 23:14:26.499, 100 %, 2 %, 15662 MiB, 16384 MiB, 127.56 W, 65
2026/09/16 23:14:27.502, 100 %, 21 %, 15662 MiB, 16384 MiB, 125.86 W, 66
2026/09/16 23:14:28.505, 100 %, 37 %, 15662 MiB, 16384 MiB, 243.79 W, 64
2026/09/16 23:14:29.508, 100 %, 26 %, 15662 MiB, 16384 MiB, 103.69 W, 64
2026/09/16 23:14:30.510, 100 %, 4 %, 15662 MiB, 16384 MiB, 119.06 W, 68
2026/09/16 23:14:31.513, 100 %, 43 %, 15662 MiB, 16384 MiB, 224.37 W, 65
2026/09/16 23:14:32.516, 100 %, 22 %, 15662 MiB, 16384 MiB, 136.45 W, 67
2026/09/16 23:14:33.522, 100 %, 37 %, 15662 MiB, 16384 MiB, 247.83 W, 65
2026/09/16 23:14:34.526, 100 %, 31 %, 15662 MiB, 16384 MiB, 116.26 W, 65
2026/09/16 23:14:35.528, 100 %, 3 %, 15662 MiB, 16384 MiB, 119.12 W, 66
2026/09/16 23:14:36.531, 100 %, 32 %, 15662 MiB, 16384 MiB, 181.33 W, 68
2026/09/16 23:14:37.539, 100 %, 43 %, 15662 MiB, 16384 MiB, 200.87 W, 65
2026/09/16 23:14:38.549, 100 %, 22 %, 15662 MiB, 16384 MiB, 65.23 W, 65
2026/09/16 23:14:39.554, 100 %, 6 %, 15662 MiB, 16384 MiB, 80.19 W, 66
2026/09/16 23:14:40.558, 31 %, 29 %, 15662 MiB, 16384 MiB, 134.20 W, 67
2026/09/16 23:14:41.560, 100 %, 44 %, 15662 MiB, 16384 MiB, 120.30 W, 67
2026/09/16 23:14:42.563, 100 %, 26 %, 15662 MiB, 16384 MiB, 220.82 W, 69
2026/09/16 23:14:43.568, 100 %, 4 %, 15662 MiB, 16384 MiB, 124.73 W, 66
2026/09/16 23:14:44.573, 100 %, 37 %, 15662 MiB, 16384 MiB, 63.92 W, 66
2026/09/16 23:14:45.575, 100 %, 43 %, 15662 MiB, 16384 MiB, 114.35 W, 67
2026/09/16 23:14:46.578, 100 %, 10 %, 15662 MiB, 16384 MiB, 119.26 W, 67
2026/09/16 23:14:47.580, 100 %, 5 %, 15662 MiB, 16384 MiB, 119.89 W, 68
2026/09/16 23:14:48.582, 100 %, 3 %, 15662 MiB, 16384 MiB, 119.88 W, 70
2026/09/16 23:14:49.585, 100 %, 11 %, 15662 MiB, 16384 MiB, 246.65 W, 68
2026/09/16 23:14:50.590, 100 %, 49 %, 15662 MiB, 16384 MiB, 62.45 W, 67
2026/09/16 23:14:51.593, 100 %, 45 %, 15662 MiB, 16384 MiB, 112.16 W, 68
2026/09/16 23:14:52.596, 100 %, 5 %, 15662 MiB, 16384 MiB, 118.99 W, 68
2026/09/16 23:14:53.598, 100 %, 6 %, 15662 MiB, 16384 MiB, 125.37 W, 69
2026/09/16 23:14:54.601, 100 %, 2 %, 15662 MiB, 16384 MiB, 122.76 W, 69
2026/09/16 23:14:55.603, 100 %, 7 %, 15662 MiB, 16384 MiB, 126.67 W, 69
2026/09/16 23:14:56.605, 100 %, 1 %, 15662 MiB, 16384 MiB, 123.33 W, 69
2026/09/16 23:14:57.608, 100 %, 1 %, 15662 MiB, 16384 MiB, 228.89 W, 69
2026/09/16 23:14:58.611, 100 %, 19 %, 15662 MiB, 16384 MiB, 303.67 W, 70
2026/09/16 23:14:59.613, 100 %, 29 %, 15662 MiB, 16384 MiB, 113.14 W, 69
2026/09/16 23:15:00.615, 100 %, 14 %, 15662 MiB, 16384 MiB, 127.05 W, 70
2026/09/16 23:15:01.618, 100 %, 0 %, 15662 MiB, 16384 MiB, 121.06 W, 70
2026/09/16 23:15:02.622, 100 %, 7 %, 15662 MiB, 16384 MiB, 127.03 W, 70
2026/09/16 23:15:03.624, 100 %, 0 %, 15662 MiB, 16384 MiB, 122.85 W, 70
2026/09/16 23:15:04.627, 100 %, 4 %, 15662 MiB, 16384 MiB, 123.60 W, 72
2026/09/16 23:15:05.629, 100 %, 3 %, 15662 MiB, 16384 MiB, 157.48 W, 73
2026/09/16 23:15:06.634, 100 %, 47 %, 15662 MiB, 16384 MiB, 119.01 W, 70
2026/09/16 23:15:07.637, 100 %, 5 %, 15662 MiB, 16384 MiB, 120.50 W, 70
2026/09/16 23:15:08.640, 100 %, 6 %, 15662 MiB, 16384 MiB, 125.94 W, 70
2026/09/16 23:15:09.642, 100 %, 2 %, 15662 MiB, 16384 MiB, 124.26 W, 70
2026/09/16 23:15:10.645, 100 %, 7 %, 15662 MiB, 16384 MiB, 127.43 W, 71
2026/09/16 23:15:11.647, 100 %, 1 %, 15662 MiB, 16384 MiB, 124.56 W, 70
2026/09/16 23:15:12.649, 100 %, 4 %, 15662 MiB, 16384 MiB, 229.85 W, 73
2026/09/16 23:15:13.654, 100 %, 17 %, 15662 MiB, 16384 MiB, 273.33 W, 72
2026/09/16 23:15:14.665, 100 %, 30 %, 15662 MiB, 16384 MiB, 112.21 W, 71
2026/09/16 23:15:15.667, 100 %, 16 %, 15662 MiB, 16384 MiB, 124.75 W, 71
2026/09/16 23:15:16.670, 100 %, 2 %, 15662 MiB, 16384 MiB, 124.14 W, 71
2026/09/16 23:15:17.672, 100 %, 8 %, 15662 MiB, 16384 MiB, 129.22 W, 71
2026/09/16 23:15:18.674, 100 %, 1 %, 15662 MiB, 16384 MiB, 124.91 W, 71
2026/09/16 23:15:19.677, 100 %, 3 %, 15662 MiB, 16384 MiB, 125.85 W, 71
2026/09/16 23:15:20.680, 100 %, 0 %, 15662 MiB, 16384 MiB, 124.25 W, 72
2026/09/16 23:15:21.683, 100 %, 43 %, 15662 MiB, 16384 MiB, 248.53 W, 70
2026/09/16 23:15:22.686, 100 %, 46 %, 15662 MiB, 16384 MiB, 177.95 W, 71
2026/09/16 23:15:23.688, 100 %, 5 %, 15662 MiB, 16384 MiB, 125.46 W, 71
2026/09/16 23:15:24.691, 100 %, 7 %, 15662 MiB, 16384 MiB, 126.86 W, 72
2026/09/16 23:15:25.693, 100 %, 6 %, 15662 MiB, 16384 MiB, 128.07 W, 72
2026/09/16 23:15:26.696, 100 %, 1 %, 15662 MiB, 16384 MiB, 124.37 W, 71
2026/09/16 23:15:27.698, 100 %, 1 %, 15662 MiB, 16384 MiB, 124.80 W, 73
2026/09/16 23:15:28.701, 100 %, 8 %, 15662 MiB, 16384 MiB, 125.99 W, 74
2026/09/16 23:15:29.704, 100 %, 42 %, 15662 MiB, 16384 MiB, 107.61 W, 70
2026/09/16 23:15:30.706, 100 %, 31 %, 15662 MiB, 16384 MiB, 109.72 W, 72
2026/09/16 23:15:31.710, 100 %, 3 %, 15662 MiB, 16384 MiB, 122.08 W, 72
2026/09/16 23:15:32.712, 100 %, 8 %, 15662 MiB, 16384 MiB, 128.09 W, 72
2026/09/16 23:15:33.715, 100 %, 4 %, 15662 MiB, 16384 MiB, 126.87 W, 72
2026/09/16 23:15:34.717, 100 %, 5 %, 15662 MiB, 16384 MiB, 128.96 W, 72
2026/09/16 23:15:35.720, 100 %, 2 %, 15662 MiB, 16384 MiB, 126.42 W, 72
2026/09/16 23:15:36.722, 100 %, 39 %, 15662 MiB, 16384 MiB, 224.31 W, 74
2026/09/16 23:15:37.728, 100 %, 46 %, 15662 MiB, 16384 MiB, 243.38 W, 72
2026/09/16 23:15:38.733, 100 %, 5 %, 15662 MiB, 16384 MiB, 108.76 W, 72
2026/09/16 23:15:39.736, 100 %, 47 %, 15662 MiB, 16384 MiB, 126.27 W, 72
2026/09/16 23:15:40.739, 100 %, 5 %, 15662 MiB, 16384 MiB, 125.90 W, 72
2026/09/16 23:15:41.741, 100 %, 6 %, 15662 MiB, 16384 MiB, 128.87 W, 72
2026/09/16 23:15:42.744, 100 %, 7 %, 15662 MiB, 16384 MiB, 125.35 W, 72
2026/09/16 23:15:43.746, 100 %, 0 %, 15662 MiB, 16384 MiB, 125.37 W, 72
2026/09/16 23:15:44.748, 100 %, 1 %, 15662 MiB, 16384 MiB, 162.48 W, 72
2026/09/16 23:15:45.751, 100 %, 6 %, 15662 MiB, 16384 MiB, 137.64 W, 72
2026/09/16 23:15:46.753, 100 %, 46 %, 15662 MiB, 16384 MiB, 122.18 W, 72
2026/09/16 23:15:47.756, 100 %, 36 %, 15662 MiB, 16384 MiB, 127.83 W, 72
2026/09/16 23:15:48.758, 100 %, 4 %, 15662 MiB, 16384 MiB, 123.86 W, 72
2026/09/16 23:15:49.760, 100 %, 8 %, 15662 MiB, 16384 MiB, 130.52 W, 72
2026/09/16 23:15:50.764, 100 %, 3 %, 15662 MiB, 16384 MiB, 131.31 W, 72
2026/09/16 23:15:51.766, 100 %, 3 %, 15662 MiB, 16384 MiB, 129.74 W, 75
2026/09/16 23:15:52.769, 100 %, 3 %, 15662 MiB, 16384 MiB, 132.03 W, 75
2026/09/16 23:15:53.773, 100 %, 40 %, 15662 MiB, 16384 MiB, 113.76 W, 73
2026/09/16 23:15:54.776, 100 %, 47 %, 15662 MiB, 16384 MiB, 119.65 W, 73
2026/09/16 23:15:55.779, 100 %, 5 %, 15662 MiB, 16384 MiB, 126.62 W, 72
2026/09/16 23:15:56.781, 100 %, 9 %, 15662 MiB, 16384 MiB, 134.93 W, 73
2026/09/16 23:15:57.783, 100 %, 3 %, 15662 MiB, 16384 MiB, 131.69 W, 73
2026/09/16 23:15:58.786, 100 %, 6 %, 15662 MiB, 16384 MiB, 132.56 W, 73
2026/09/16 23:15:59.788, 100 %, 1 %, 15662 MiB, 16384 MiB, 130.68 W, 73
2026/09/16 23:16:00.790, 100 %, 0 %, 15662 MiB, 16384 MiB, 214.71 W, 74
2026/09/16 23:16:01.793, 100 %, 45 %, 15662 MiB, 16384 MiB, 65.76 W, 71
2026/09/16 23:16:02.796, 19 %, 3 %, 15662 MiB, 16384 MiB, 68.10 W, 70
2026/09/16 23:16:03.798, 73 %, 5 %, 15662 MiB, 16384 MiB, 66.55 W, 70
2026/09/16 23:16:04.800, 80 %, 9 %, 15662 MiB, 16384 MiB, 68.27 W, 70
2026/09/16 23:16:05.803, 40 %, 8 %, 15662 MiB, 16384 MiB, 67.83 W, 70
2026/09/16 23:16:06.805, 9 %, 5 %, 15662 MiB, 16384 MiB, 73.13 W, 69
2026/09/16 23:16:07.808, 1 %, 2 %, 15662 MiB, 16384 MiB, 77.40 W, 69
2026/09/16 23:16:08.810, 1 %, 2 %, 15662 MiB, 16384 MiB, 76.37 W, 69
2026/09/16 23:16:09.813, 1 %, 2 %, 15662 MiB, 16384 MiB, 70.00 W, 69
2026/09/16 23:16:10.816, 7 %, 2 %, 15662 MiB, 16384 MiB, 65.10 W, 69
2026/09/16 23:16:11.819, 22 %, 3 %, 15662 MiB, 16384 MiB, 65.24 W, 68
2026/09/16 23:16:12.823, 36 %, 3 %, 15662 MiB, 16384 MiB, 64.99 W, 68
2026/09/16 23:16:13.826, 43 %, 4 %, 15662 MiB, 16384 MiB, 64.91 W, 68
2026/09/16 23:16:14.830, 81 %, 5 %, 15662 MiB, 16384 MiB, 64.91 W, 67
2026/09/16 23:16:15.834, 100 %, 5 %, 15662 MiB, 16384 MiB, 65.77 W, 67
2026/09/16 23:16:16.838, 71 %, 9 %, 15662 MiB, 16384 MiB, 67.57 W, 67
2026/09/16 23:16:17.842, 35 %, 6 %, 15662 MiB, 16384 MiB, 68.21 W, 67
2026/09/16 23:16:18.846, 16 %, 8 %, 15662 MiB, 16384 MiB, 78.11 W, 67
2026/09/16 23:16:19.849, 1 %, 2 %, 15662 MiB, 16384 MiB, 76.79 W, 67
2026/09/16 23:16:20.856, 1 %, 2 %, 15662 MiB, 16384 MiB, 74.90 W, 66
2026/09/16 23:16:21.859, 1 %, 2 %, 15662 MiB, 16384 MiB, 63.81 W, 66
2026/09/16 23:16:22.864, 12 %, 3 %, 15662 MiB, 16384 MiB, 63.55 W, 66
2026/09/16 23:16:23.866, 23 %, 3 %, 15662 MiB, 16384 MiB, 64.27 W, 66
2026/09/16 23:16:24.870, 51 %, 4 %, 15662 MiB, 16384 MiB, 64.10 W, 65
2026/09/16 23:16:25.874, 95 %, 5 %, 15662 MiB, 16384 MiB, 64.77 W, 65
2026/09/16 23:16:26.877, 67 %, 9 %, 15662 MiB, 16384 MiB, 66.58 W, 65
2026/09/16 23:16:27.880, 16 %, 8 %, 15662 MiB, 16384 MiB, 75.43 W, 65
2026/09/16 23:16:28.884, 1 %, 2 %, 15662 MiB, 16384 MiB, 69.13 W, 65
2026/09/16 23:16:29.887, 1 %, 2 %, 15662 MiB, 16384 MiB, 72.08 W, 65
2026/09/16 23:16:30.891, 3 %, 2 %, 15662 MiB, 16384 MiB, 63.21 W, 65
2026/09/16 23:16:31.894, 22 %, 3 %, 15662 MiB, 16384 MiB, 63.91 W, 64
2026/09/16 23:16:32.900, 37 %, 4 %, 15662 MiB, 16384 MiB, 63.53 W, 64
2026/09/16 23:16:33.903, 53 %, 4 %, 15662 MiB, 16384 MiB, 63.45 W, 64
2026/09/16 23:16:34.907, 67 %, 4 %, 15662 MiB, 16384 MiB, 63.29 W, 64
2026/09/16 23:16:35.910, 83 %, 5 %, 15662 MiB, 16384 MiB, 63.61 W, 64
2026/09/16 23:16:36.914, 100 %, 10 %, 15662 MiB, 16384 MiB, 64.71 W, 63
2026/09/16 23:16:37.917, 81 %, 9 %, 15662 MiB, 16384 MiB, 66.74 W, 63
2026/09/16 23:16:38.921, 50 %, 8 %, 15662 MiB, 16384 MiB, 66.99 W, 63
2026/09/16 23:16:39.924, 15 %, 6 %, 15662 MiB, 16384 MiB, 71.68 W, 63
2026/09/16 23:16:40.928, 1 %, 2 %, 15662 MiB, 16384 MiB, 75.83 W, 63
2026/09/16 23:16:41.935, 1 %, 2 %, 15662 MiB, 16384 MiB, 73.28 W, 63
2026/09/16 23:16:42.937, 1 %, 2 %, 15662 MiB, 16384 MiB, 61.97 W, 63
2026/09/16 23:16:43.943, 16 %, 3 %, 15662 MiB, 16384 MiB, 62.23 W, 63
2026/09/16 23:16:44.945, 37 %, 3 %, 15662 MiB, 16384 MiB, 62.31 W, 62
2026/09/16 23:16:45.948, 44 %, 4 %, 15662 MiB, 16384 MiB, 62.05 W, 62
2026/09/16 23:16:46.950, 77 %, 5 %, 15662 MiB, 16384 MiB, 62.12 W, 62
2026/09/16 23:16:47.952, 96 %, 10 %, 15662 MiB, 16384 MiB, 63.69 W, 62
2026/09/16 23:16:48.955, 40 %, 8 %, 15662 MiB, 16384 MiB, 64.28 W, 62
2026/09/16 23:16:49.959, 1 %, 2 %, 15662 MiB, 16384 MiB, 72.66 W, 62
2026/09/16 23:16:50.962, 1 %, 2 %, 15662 MiB, 16384 MiB, 61.77 W, 62
2026/09/16 23:16:51.966, 23 %, 3 %, 15662 MiB, 16384 MiB, 61.76 W, 62
2026/09/16 23:16:52.969, 32 %, 3 %, 15662 MiB, 16384 MiB, 61.74 W, 62
2026/09/16 23:16:53.973, 48 %, 4 %, 15662 MiB, 16384 MiB, 61.74 W, 61
2026/09/16 23:16:54.976, 64 %, 5 %, 15662 MiB, 16384 MiB, 61.73 W, 61
2026/09/16 23:16:55.980, 78 %, 5 %, 15662 MiB, 16384 MiB, 61.52 W, 61
2026/09/16 23:16:56.983, 95 %, 5 %, 15662 MiB, 16384 MiB, 61.78 W, 61
2026/09/16 23:16:57.986, 97 %, 10 %, 15662 MiB, 16384 MiB, 62.79 W, 61
2026/09/16 23:16:58.990, 69 %, 9 %, 15662 MiB, 16384 MiB, 65.55 W, 61
2026/09/16 23:16:59.994, 48 %, 8 %, 15662 MiB, 16384 MiB, 65.94 W, 61
2026/09/16 23:17:00.998, 1 %, 2 %, 15662 MiB, 16384 MiB, 72.98 W, 61
2026/09/16 23:17:02.001, 2 %, 3 %, 15662 MiB, 16384 MiB, 61.72 W, 61
2026/09/16 23:17:03.005, 15 %, 3 %, 15662 MiB, 16384 MiB, 61.42 W, 61
2026/09/16 23:17:04.008, 33 %, 3 %, 15662 MiB, 16384 MiB, 61.26 W, 61
2026/09/16 23:17:05.010, 48 %, 4 %, 15662 MiB, 16384 MiB, 61.34 W, 60
2026/09/16 23:17:06.012, 63 %, 4 %, 15662 MiB, 16384 MiB, 61.75 W, 61
2026/09/16 23:17:07.015, 83 %, 5 %, 15662 MiB, 16384 MiB, 61.54 W, 60
2026/09/16 23:17:08.017, 93 %, 5 %, 15662 MiB, 16384 MiB, 61.81 W, 60
2026/09/16 23:17:09.020, 82 %, 9 %, 15662 MiB, 16384 MiB, 63.63 W, 60
2026/09/16 23:17:10.022, 48 %, 8 %, 15662 MiB, 16384 MiB, 64.23 W, 60
2026/09/16 23:17:11.024, 32 %, 8 %, 15662 MiB, 16384 MiB, 63.38 W, 60
2026/09/16 23:17:12.027, 1 %, 2 %, 15662 MiB, 16384 MiB, 71.82 W, 60
2026/09/16 23:17:13.029, 1 %, 2 %, 15662 MiB, 16384 MiB, 60.69 W, 60
2026/09/16 23:17:14.032, 13 %, 2 %, 15662 MiB, 16384 MiB, 60.93 W, 60
2026/09/16 23:17:15.034, 23 %, 3 %, 15662 MiB, 16384 MiB, 61.20 W, 60
2026/09/16 23:17:16.038, 39 %, 3 %, 15662 MiB, 16384 MiB, 61.22 W, 60
2026/09/16 23:17:17.040, 56 %, 4 %, 15662 MiB, 16384 MiB, 61.22 W, 60
2026/09/16 23:17:18.042, 72 %, 5 %, 15662 MiB, 16384 MiB, 61.20 W, 60
2026/09/16 23:17:19.045, 86 %, 5 %, 15662 MiB, 16384 MiB, 62.32 W, 60
2026/09/16 23:17:20.047, 100 %, 9 %, 15662 MiB, 16384 MiB, 63.74 W, 60
2026/09/16 23:17:21.050, 58 %, 9 %, 15662 MiB, 16384 MiB, 66.18 W, 60
2026/09/16 23:17:22.053, 34 %, 8 %, 15662 MiB, 16384 MiB, 65.00 W, 60
2026/09/16 23:17:23.056, 1 %, 2 %, 15662 MiB, 16384 MiB, 72.32 W, 60
2026/09/16 23:17:24.060, 2 %, 3 %, 15662 MiB, 16384 MiB, 66.23 W, 60
2026/09/16 23:17:25.063, 4 %, 3 %, 15662 MiB, 16384 MiB, 60.71 W, 60
2026/09/16 23:17:26.067, 23 %, 3 %, 15662 MiB, 16384 MiB, 60.83 W, 59
2026/09/16 23:17:27.069, 41 %, 3 %, 15662 MiB, 16384 MiB, 61.42 W, 59
2026/09/16 23:17:28.072, 55 %, 4 %, 15662 MiB, 16384 MiB, 60.77 W, 59
2026/09/16 23:17:29.074, 76 %, 5 %, 15662 MiB, 16384 MiB, 60.91 W, 59
2026/09/16 23:17:30.076, 87 %, 5 %, 15662 MiB, 16384 MiB, 60.97 W, 59
2026/09/16 23:17:31.079, 76 %, 9 %, 15662 MiB, 16384 MiB, 63.14 W, 59
2026/09/16 23:17:32.081, 34 %, 8 %, 15662 MiB, 16384 MiB, 63.02 W, 59
2026/09/16 23:17:33.084, 1 %, 2 %, 15662 MiB, 16384 MiB, 72.01 W, 59
2026/09/16 23:17:34.086, 3 %, 2 %, 15662 MiB, 16384 MiB, 60.73 W, 59
2026/09/16 23:17:35.089, 1 %, 2 %, 15662 MiB, 16384 MiB, 60.44 W, 59
2026/09/16 23:17:36.092, 64 %, 4 %, 15662 MiB, 16384 MiB, 60.39 W, 59
2026/09/16 23:17:37.094, 77 %, 5 %, 15662 MiB, 16384 MiB, 60.38 W, 59
2026/09/16 23:17:38.096, 94 %, 5 %, 15662 MiB, 16384 MiB, 60.78 W, 59
2026/09/16 23:17:39.099, 100 %, 6 %, 15662 MiB, 16384 MiB, 61.85 W, 59
2026/09/16 23:17:40.102, 95 %, 11 %, 15662 MiB, 16384 MiB, 63.77 W, 59
2026/09/16 23:17:41.105, 77 %, 7 %, 15662 MiB, 16384 MiB, 65.90 W, 59
2026/09/16 23:17:42.109, 64 %, 9 %, 15662 MiB, 16384 MiB, 65.05 W, 59
2026/09/16 23:17:43.112, 38 %, 8 %, 15662 MiB, 16384 MiB, 63.46 W, 59
2026/09/16 23:17:44.116, 10 %, 8 %, 15662 MiB, 16384 MiB, 72.86 W, 59
2026/09/16 23:17:45.119, 2 %, 3 %, 15662 MiB, 16384 MiB, 71.29 W, 59
2026/09/16 23:17:46.123, 2 %, 3 %, 15662 MiB, 16384 MiB, 61.05 W, 59
2026/09/16 23:17:47.127, 34 %, 4 %, 15662 MiB, 16384 MiB, 61.20 W, 59
2026/09/16 23:17:48.130, 52 %, 4 %, 15662 MiB, 16384 MiB, 60.73 W, 59
2026/09/16 23:17:49.133, 69 %, 4 %, 15662 MiB, 16384 MiB, 60.46 W, 59
2026/09/16 23:17:50.137, 82 %, 5 %, 15662 MiB, 16384 MiB, 60.67 W, 59
2026/09/16 23:17:51.140, 100 %, 5 %, 15662 MiB, 16384 MiB, 60.76 W, 59
2026/09/16 23:17:52.143, 92 %, 11 %, 15662 MiB, 16384 MiB, 61.73 W, 59
2026/09/16 23:17:53.146, 60 %, 8 %, 15662 MiB, 16384 MiB, 63.29 W, 59
2026/09/16 23:17:54.149, 5 %, 5 %, 15662 MiB, 16384 MiB, 72.21 W, 59
2026/09/16 23:17:55.153, 1 %, 2 %, 15662 MiB, 16384 MiB, 60.10 W, 59
2026/09/16 23:17:56.156, 39 %, 4 %, 15662 MiB, 16384 MiB, 60.51 W, 59
2026/09/16 23:17:57.159, 1 %, 2 %, 15662 MiB, 16384 MiB, 60.63 W, 58
2026/09/16 23:17:58.163, 89 %, 5 %, 15662 MiB, 16384 MiB, 60.62 W, 58
2026/09/16 23:17:59.166, 100 %, 5 %, 15662 MiB, 16384 MiB, 61.08 W, 58
2026/09/16 23:18:00.170, 100 %, 8 %, 15662 MiB, 16384 MiB, 63.10 W, 58
2026/09/16 23:18:01.173, 87 %, 10 %, 15662 MiB, 16384 MiB, 65.54 W, 58
2026/09/16 23:18:02.177, 68 %, 9 %, 15662 MiB, 16384 MiB, 64.64 W, 59
2026/09/16 23:18:03.180, 55 %, 6 %, 15662 MiB, 16384 MiB, 63.22 W, 58
2026/09/16 23:18:04.184, 30 %, 8 %, 15662 MiB, 16384 MiB, 62.74 W, 58
2026/09/16 23:18:05.187, 5 %, 6 %, 15662 MiB, 16384 MiB, 72.73 W, 58
2026/09/16 23:18:06.191, 1 %, 2 %, 15662 MiB, 16384 MiB, 70.97 W, 59
2026/09/16 23:18:07.195, 16 %, 3 %, 15662 MiB, 16384 MiB, 60.71 W, 58
2026/09/16 23:18:08.197, 2 %, 3 %, 15662 MiB, 16384 MiB, 60.75 W, 58
2026/09/16 23:18:09.200, 68 %, 5 %, 15662 MiB, 16384 MiB, 60.63 W, 58
2026/09/16 23:18:10.202, 86 %, 5 %, 15662 MiB, 16384 MiB, 60.39 W, 58
2026/09/16 23:18:11.204, 100 %, 5 %, 15662 MiB, 16384 MiB, 60.60 W, 58
2026/09/16 23:18:12.207, 92 %, 10 %, 15662 MiB, 16384 MiB, 61.88 W, 58
2026/09/16 23:18:13.209, 71 %, 9 %, 15662 MiB, 16384 MiB, 63.09 W, 58
2026/09/16 23:18:14.212, 53 %, 10 %, 15662 MiB, 16384 MiB, 62.77 W, 58
2026/09/16 23:18:15.214, 22 %, 8 %, 15662 MiB, 16384 MiB, 61.89 W, 58
2026/09/16 23:18:16.216, 1 %, 2 %, 15662 MiB, 16384 MiB, 70.74 W, 58
2026/09/16 23:18:17.219, 13 %, 3 %, 15662 MiB, 16384 MiB, 60.29 W, 58
2026/09/16 23:18:18.221, 62 %, 5 %, 15662 MiB, 16384 MiB, 60.46 W, 58
2026/09/16 23:18:19.223, 6 %, 7 %, 15662 MiB, 16384 MiB, 60.41 W, 58
2026/09/16 23:18:20.226, 79 %, 10 %, 15662 MiB, 16384 MiB, 62.77 W, 58
2026/09/16 23:18:21.230, 65 %, 9 %, 15662 MiB, 16384 MiB, 66.07 W, 58
2026/09/16 23:18:22.233, 49 %, 9 %, 15662 MiB, 16384 MiB, 65.74 W, 58
2026/09/16 23:18:23.237, 33 %, 8 %, 15662 MiB, 16384 MiB, 62.94 W, 58
2026/09/16 23:18:24.240, 22 %, 8 %, 15662 MiB, 16384 MiB, 63.10 W, 58
2026/09/16 23:18:25.244, 5 %, 5 %, 15662 MiB, 16384 MiB, 67.82 W, 58
2026/09/16 23:18:26.247, 1 %, 2 %, 15662 MiB, 16384 MiB, 71.00 W, 58
2026/09/16 23:18:27.251, 4 %, 2 %, 15662 MiB, 16384 MiB, 60.15 W, 59
2026/09/16 23:18:28.254, 22 %, 3 %, 15662 MiB, 16384 MiB, 60.55 W, 58
2026/09/16 23:18:29.258, 51 %, 4 %, 15662 MiB, 16384 MiB, 60.58 W, 58
2026/09/16 23:18:30.262, 1 %, 2 %, 15662 MiB, 16384 MiB, 60.71 W, 58
2026/09/16 23:18:31.265, 83 %, 10 %, 15662 MiB, 16384 MiB, 62.31 W, 58
2026/09/16 23:18:32.269, 65 %, 9 %, 15662 MiB, 16384 MiB, 63.08 W, 58
2026/09/16 23:18:33.273, 51 %, 9 %, 15662 MiB, 16384 MiB, 63.22 W, 58
2026/09/16 23:18:34.276, 36 %, 8 %, 15662 MiB, 16384 MiB, 63.41 W, 58
2026/09/16 23:18:35.280, 17 %, 8 %, 15662 MiB, 16384 MiB, 63.12 W, 58
2026/09/16 23:18:36.284, 1 %, 2 %, 15662 MiB, 16384 MiB, 73.07 W, 58
2026/09/16 23:18:37.287, 100 %, 1 %, 15662 MiB, 16384 MiB, 121.23 W, 60
2026/09/16 23:18:38.291, 100 %, 34 %, 15662 MiB, 16384 MiB, 91.28 W, 60
2026/09/16 23:18:39.293, 100 %, 43 %, 15662 MiB, 16384 MiB, 119.53 W, 61
2026/09/16 23:18:40.296, 100 %, 1 %, 15662 MiB, 16384 MiB, 120.55 W, 61
2026/09/16 23:18:41.298, 100 %, 6 %, 15662 MiB, 16384 MiB, 121.94 W, 62
2026/09/16 23:18:42.300, 100 %, 0 %, 15662 MiB, 16384 MiB, 233.91 W, 64
2026/09/16 23:18:43.304, 100 %, 27 %, 15662 MiB, 16384 MiB, 132.97 W, 62
2026/09/16 23:18:44.306, 100 %, 6 %, 15662 MiB, 16384 MiB, 122.37 W, 62
2026/09/16 23:18:45.309, 100 %, 2 %, 15662 MiB, 16384 MiB, 120.27 W, 63
2026/09/16 23:18:46.311, 100 %, 3 %, 15662 MiB, 16384 MiB, 120.64 W, 65
2026/09/16 23:18:47.314, 100 %, 46 %, 15662 MiB, 16384 MiB, 233.96 W, 63
2026/09/16 23:18:48.317, 100 %, 4 %, 15662 MiB, 16384 MiB, 117.35 W, 63
2026/09/16 23:18:49.319, 100 %, 9 %, 15662 MiB, 16384 MiB, 125.43 W, 64
2026/09/16 23:18:50.322, 100 %, 1 %, 15662 MiB, 16384 MiB, 120.85 W, 64
2026/09/16 23:18:51.324, 100 %, 46 %, 15662 MiB, 16384 MiB, 202.15 W, 64
2026/09/16 23:18:52.326, 100 %, 4 %, 15662 MiB, 16384 MiB, 117.80 W, 64
2026/09/16 23:18:53.329, 100 %, 7 %, 15662 MiB, 16384 MiB, 124.35 W, 64
2026/09/16 23:18:54.331, 100 %, 1 %, 15662 MiB, 16384 MiB, 121.43 W, 65
2026/09/16 23:18:55.333, 100 %, 42 %, 15662 MiB, 16384 MiB, 162.10 W, 64
2026/09/16 23:18:56.336, 100 %, 26 %, 15662 MiB, 16384 MiB, 115.74 W, 65
2026/09/16 23:18:57.338, 100 %, 1 %, 15662 MiB, 16384 MiB, 119.72 W, 65
2026/09/16 23:18:58.341, 100 %, 5 %, 15662 MiB, 16384 MiB, 125.39 W, 65
2026/09/16 23:18:59.343, 100 %, 2 %, 15662 MiB, 16384 MiB, 126.82 W, 68
2026/09/16 23:19:00.347, 100 %, 19 %, 15662 MiB, 16384 MiB, 89.34 W, 66
2026/09/16 23:19:01.350, 100 %, 7 %, 15662 MiB, 16384 MiB, 124.89 W, 66
2026/09/16 23:19:02.352, 100 %, 0 %, 15662 MiB, 16384 MiB, 121.93 W, 66
2026/09/16 23:19:03.354, 100 %, 4 %, 15662 MiB, 16384 MiB, 135.36 W, 70
2026/09/16 23:19:04.359, 100 %, 41 %, 15662 MiB, 16384 MiB, 199.35 W, 67
2026/09/16 23:19:05.362, 100 %, 4 %, 15662 MiB, 16384 MiB, 120.49 W, 67
2026/09/16 23:19:06.366, 100 %, 6 %, 15662 MiB, 16384 MiB, 125.85 W, 67
2026/09/16 23:19:07.368, 100 %, 0 %, 15662 MiB, 16384 MiB, 123.17 W, 67
2026/09/16 23:19:08.371, 100 %, 46 %, 15662 MiB, 16384 MiB, 179.78 W, 68
2026/09/16 23:19:09.376, 100 %, 4 %, 15662 MiB, 16384 MiB, 120.26 W, 67
2026/09/16 23:19:10.378, 100 %, 4 %, 15662 MiB, 16384 MiB, 125.90 W, 68
2026/09/16 23:19:11.382, 100 %, 2 %, 15662 MiB, 16384 MiB, 124.44 W, 68
2026/09/16 23:19:12.385, 100 %, 5 %, 15662 MiB, 16384 MiB, 195.32 W, 68
2026/09/16 23:19:13.387, 100 %, 27 %, 15662 MiB, 16384 MiB, 133.70 W, 68
2026/09/16 23:19:14.390, 100 %, 5 %, 15662 MiB, 16384 MiB, 120.96 W, 68
2026/09/16 23:19:15.392, 100 %, 9 %, 15662 MiB, 16384 MiB, 128.15 W, 69
2026/09/16 23:19:16.395, 100 %, 2 %, 15662 MiB, 16384 MiB, 124.37 W, 68
2026/09/16 23:19:17.397, 100 %, 15 %, 15662 MiB, 16384 MiB, 160.15 W, 67
2026/09/16 23:19:18.399, 100 %, 43 %, 15662 MiB, 16384 MiB, 115.61 W, 69
2026/09/16 23:19:19.402, 100 %, 4 %, 15662 MiB, 16384 MiB, 121.84 W, 69
2026/09/16 23:19:20.404, 100 %, 8 %, 15662 MiB, 16384 MiB, 128.79 W, 69
2026/09/16 23:19:21.407, 100 %, 0 %, 15662 MiB, 16384 MiB, 124.51 W, 72
2026/09/16 23:19:22.415, 100 %, 43 %, 15662 MiB, 16384 MiB, 65.66 W, 69
2026/09/16 23:19:23.417, 100 %, 31 %, 15662 MiB, 16384 MiB, 125.28 W, 69
2026/09/16 23:19:24.419, 100 %, 6 %, 15662 MiB, 16384 MiB, 128.45 W, 70
2026/09/16 23:19:25.422, 100 %, 0 %, 15662 MiB, 16384 MiB, 124.35 W, 71
2026/09/16 23:19:26.424, 100 %, 45 %, 15662 MiB, 16384 MiB, 61.56 W, 70
2026/09/16 23:19:27.428, 100 %, 41 %, 15662 MiB, 16384 MiB, 124.70 W, 70
2026/09/16 23:19:28.431, 100 %, 0 %, 15662 MiB, 16384 MiB, 123.56 W, 70
2026/09/16 23:19:29.434, 100 %, 5 %, 15662 MiB, 16384 MiB, 125.36 W, 70
2026/09/16 23:19:30.436, 100 %, 0 %, 15662 MiB, 16384 MiB, 208.72 W, 72
2026/09/16 23:19:31.439, 100 %, 39 %, 15662 MiB, 16384 MiB, 117.27 W, 70
2026/09/16 23:19:32.442, 100 %, 5 %, 15662 MiB, 16384 MiB, 127.20 W, 70
2026/09/16 23:19:33.444, 100 %, 1 %, 15662 MiB, 16384 MiB, 125.39 W, 70
2026/09/16 23:19:34.446, 100 %, 4 %, 15662 MiB, 16384 MiB, 188.92 W, 73
2026/09/16 23:19:35.449, 100 %, 18 %, 15662 MiB, 16384 MiB, 163.94 W, 71
2026/09/16 23:19:36.451, 100 %, 8 %, 15662 MiB, 16384 MiB, 122.96 W, 71
2026/09/16 23:19:37.454, 100 %, 9 %, 15662 MiB, 16384 MiB, 130.98 W, 71
2026/09/16 23:19:38.456, 100 %, 1 %, 15662 MiB, 16384 MiB, 125.67 W, 71
2026/09/16 23:19:39.459, 100 %, 7 %, 15662 MiB, 16384 MiB, 189.43 W, 71
2026/09/16 23:19:40.461, 100 %, 42 %, 15662 MiB, 16384 MiB, 115.47 W, 71
2026/09/16 23:19:41.463, 100 %, 8 %, 15662 MiB, 16384 MiB, 130.13 W, 71
2026/09/16 23:19:42.466, 100 %, 47 %, 15662 MiB, 16384 MiB, 141.01 W, 71
2026/09/16 23:19:43.468, 100 %, 3 %, 15662 MiB, 16384 MiB, 122.35 W, 73
2026/09/16 23:19:44.472, 100 %, 40 %, 15662 MiB, 16384 MiB, 178.31 W, 70
2026/09/16 23:19:45.474, 100 %, 22 %, 15662 MiB, 16384 MiB, 66.74 W, 72
2026/09/16 23:19:46.476, 100 %, 6 %, 15662 MiB, 16384 MiB, 132.98 W, 71
2026/09/16 23:19:47.479, 100 %, 1 %, 15662 MiB, 16384 MiB, 124.03 W, 74
2026/09/16 23:19:48.482, 100 %, 46 %, 15662 MiB, 16384 MiB, 227.24 W, 72
2026/09/16 23:19:49.488, 100 %, 23 %, 15662 MiB, 16384 MiB, 118.12 W, 71
2026/09/16 23:19:50.491, 100 %, 5 %, 15662 MiB, 16384 MiB, 122.79 W, 71
2026/09/16 23:19:51.493, 100 %, 18 %, 15662 MiB, 16384 MiB, 204.52 W, 74
2026/09/16 23:19:52.498, 100 %, 47 %, 15662 MiB, 16384 MiB, 118.37 W, 72
2026/09/16 23:19:53.501, 100 %, 7 %, 15662 MiB, 16384 MiB, 154.34 W, 75
2026/09/16 23:19:54.503, 100 %, 44 %, 15662 MiB, 16384 MiB, 108.75 W, 71
2026/09/16 23:19:55.506, 100 %, 7 %, 15662 MiB, 16384 MiB, 93.80 W, 71
2026/09/16 23:19:56.509, 100 %, 4 %, 15662 MiB, 16384 MiB, 123.15 W, 72
2026/09/16 23:19:57.511, 100 %, 39 %, 15662 MiB, 16384 MiB, 250.99 W, 74
2026/09/16 23:19:58.517, 100 %, 34 %, 15662 MiB, 16384 MiB, 115.96 W, 72
2026/09/16 23:19:59.526, 100 %, 44 %, 15662 MiB, 16384 MiB, 77.84 W, 72
2026/09/16 23:20:00.533, 100 %, 6 %, 15662 MiB, 16384 MiB, 123.28 W, 75
2026/09/16 23:20:01.536, 100 %, 3 %, 15662 MiB, 16384 MiB, 244.02 W, 72
2026/09/16 23:20:02.538, 100 %, 46 %, 15662 MiB, 16384 MiB, 112.66 W, 72
2026/09/16 23:20:03.541, 100 %, 21 %, 15662 MiB, 16384 MiB, 209.26 W, 73
2026/09/16 23:20:04.543, 100 %, 37 %, 15662 MiB, 16384 MiB, 87.51 W, 71
2026/09/16 23:20:05.546, 100 %, 41 %, 15662 MiB, 16384 MiB, 91.29 W, 72
2026/09/16 23:20:06.549, 100 %, 7 %, 15662 MiB, 16384 MiB, 123.44 W, 72
2026/09/16 23:20:07.551, 98 %, 6 %, 15662 MiB, 16384 MiB, 234.44 W, 72
2026/09/16 23:20:08.555, 100 %, 42 %, 15662 MiB, 16384 MiB, 66.32 W, 71
2026/09/16 23:20:09.557, 100 %, 17 %, 15662 MiB, 16384 MiB, 126.99 W, 72
2026/09/16 23:20:10.559, 100 %, 5 %, 15662 MiB, 16384 MiB, 124.52 W, 75
2026/09/16 23:20:11.562, 100 %, 19 %, 15662 MiB, 16384 MiB, 159.99 W, 72
2026/09/16 23:20:12.567, 100 %, 48 %, 15662 MiB, 16384 MiB, 122.26 W, 72
2026/09/16 23:20:13.569, 100 %, 7 %, 15662 MiB, 16384 MiB, 196.13 W, 72
2026/09/16 23:20:14.572, 100 %, 45 %, 15662 MiB, 16384 MiB, 67.61 W, 71
2026/09/16 23:20:15.574, 100 %, 7 %, 15662 MiB, 16384 MiB, 100.66 W, 72
2026/09/16 23:20:16.577, 88 %, 5 %, 15662 MiB, 16384 MiB, 130.52 W, 75
2026/09/16 23:20:17.580, 100 %, 18 %, 15662 MiB, 16384 MiB, 68.86 W, 71
2026/09/16 23:20:18.582, 73 %, 4 %, 15662 MiB, 16384 MiB, 126.04 W, 75
2026/09/16 23:20:19.585, 100 %, 34 %, 15662 MiB, 16384 MiB, 112.45 W, 76
2026/09/16 23:20:20.590, 100 %, 29 %, 15662 MiB, 16384 MiB, 66.85 W, 71
2026/09/16 23:20:21.593, 62 %, 4 %, 15662 MiB, 16384 MiB, 134.96 W, 72
2026/09/16 23:20:22.595, 100 %, 33 %, 15662 MiB, 16384 MiB, 122.16 W, 72
2026/09/16 23:20:23.598, 63 %, 33 %, 15662 MiB, 16384 MiB, 89.10 W, 71
2026/09/16 23:20:24.601, 100 %, 32 %, 15662 MiB, 16384 MiB, 136.68 W, 72
2026/09/16 23:20:25.604, 100 %, 34 %, 15662 MiB, 16384 MiB, 76.98 W, 71
2026/09/16 23:20:26.609, 78 %, 5 %, 15662 MiB, 16384 MiB, 130.20 W, 72
2026/09/16 23:20:27.611, 100 %, 34 %, 15662 MiB, 16384 MiB, 117.81 W, 72
2026/09/16 23:20:28.615, 100 %, 27 %, 15662 MiB, 16384 MiB, 64.72 W, 71
2026/09/16 23:20:29.618, 81 %, 4 %, 15662 MiB, 16384 MiB, 123.65 W, 72
2026/09/16 23:20:30.620, 100 %, 34 %, 15662 MiB, 16384 MiB, 223.88 W, 72
2026/09/16 23:20:31.625, 100 %, 16 %, 15662 MiB, 16384 MiB, 154.49 W, 71
2026/09/16 23:20:32.628, 82 %, 4 %, 15662 MiB, 16384 MiB, 202.35 W, 72
2026/09/16 23:20:33.631, 100 %, 13 %, 15662 MiB, 16384 MiB, 176.30 W, 71
2026/09/16 23:20:34.633, 100 %, 12 %, 15662 MiB, 16384 MiB, 91.40 W, 72
2026/09/16 23:20:35.636, 79 %, 3 %, 15662 MiB, 16384 MiB, 219.88 W, 72
2026/09/16 23:20:36.638, 100 %, 27 %, 15662 MiB, 16384 MiB, 224.00 W, 71
2026/09/16 23:20:37.641, 100 %, 28 %, 15662 MiB, 16384 MiB, 67.31 W, 72
2026/09/16 23:20:38.643, 71 %, 4 %, 15662 MiB, 16384 MiB, 214.38 W, 73
2026/09/16 23:20:39.646, 100 %, 32 %, 15662 MiB, 16384 MiB, 68.11 W, 71
2026/09/16 23:20:40.648, 77 %, 5 %, 15662 MiB, 16384 MiB, 188.60 W, 74
2026/09/16 23:20:41.654, 100 %, 34 %, 15662 MiB, 16384 MiB, 210.35 W, 74
2026/09/16 23:20:42.660, 100 %, 31 %, 15662 MiB, 16384 MiB, 67.93 W, 71
2026/09/16 23:20:43.662, 77 %, 4 %, 15662 MiB, 16384 MiB, 222.11 W, 74
2026/09/16 23:20:44.666, 100 %, 31 %, 15662 MiB, 16384 MiB, 228.57 W, 73
2026/09/16 23:20:45.670, 100 %, 26 %, 15662 MiB, 16384 MiB, 67.21 W, 71
2026/09/16 23:20:46.673, 79 %, 3 %, 15662 MiB, 16384 MiB, 243.78 W, 74
2026/09/16 23:20:47.675, 100 %, 30 %, 15662 MiB, 16384 MiB, 69.84 W, 71
2026/09/16 23:20:48.678, 50 %, 4 %, 15664 MiB, 16384 MiB, 66.65 W, 70
2026/09/16 23:20:49.680, 100 %, 9 %, 15664 MiB, 16384 MiB, 68.64 W, 70
2026/09/16 23:20:50.684, 42 %, 8 %, 15664 MiB, 16384 MiB, 78.45 W, 69
2026/09/16 23:20:51.687, 1 %, 2 %, 15664 MiB, 16384 MiB, 66.19 W, 69
2026/09/16 23:20:52.691, 1 %, 2 %, 15664 MiB, 16384 MiB, 66.04 W, 69
2026/09/16 23:20:53.695, 19 %, 3 %, 15664 MiB, 16384 MiB, 66.18 W, 69
2026/09/16 23:20:54.699, 31 %, 3 %, 15664 MiB, 16384 MiB, 66.07 W, 68
2026/09/16 23:20:55.702, 45 %, 4 %, 15664 MiB, 16384 MiB, 65.79 W, 68
2026/09/16 23:20:56.706, 58 %, 4 %, 15664 MiB, 16384 MiB, 65.74 W, 68
2026/09/16 23:20:57.709, 74 %, 5 %, 15664 MiB, 16384 MiB, 66.35 W, 68
2026/09/16 23:20:58.713, 86 %, 5 %, 15664 MiB, 16384 MiB, 66.60 W, 68
2026/09/16 23:20:59.717, 100 %, 10 %, 15664 MiB, 16384 MiB, 67.62 W, 67
2026/09/16 23:21:00.721, 84 %, 10 %, 15664 MiB, 16384 MiB, 67.44 W, 67
2026/09/16 23:21:01.725, 58 %, 9 %, 15664 MiB, 16384 MiB, 66.80 W, 67
2026/09/16 23:21:02.728, 31 %, 8 %, 15664 MiB, 16384 MiB, 76.83 W, 67
2026/09/16 23:21:03.731, 2 %, 3 %, 15664 MiB, 16384 MiB, 64.46 W, 67
2026/09/16 23:21:04.734, 2 %, 3 %, 15664 MiB, 16384 MiB, 67.27 W, 67
2026/09/16 23:21:05.736, 1 %, 2 %, 15664 MiB, 16384 MiB, 67.42 W, 67
2026/09/16 23:21:06.739, 16 %, 3 %, 15664 MiB, 16384 MiB, 64.55 W, 66
2026/09/16 23:21:07.741, 36 %, 3 %, 15664 MiB, 16384 MiB, 64.26 W, 66
2026/09/16 23:21:08.745, 50 %, 4 %, 15664 MiB, 16384 MiB, 64.85 W, 66
2026/09/16 23:21:09.748, 59 %, 4 %, 15664 MiB, 16384 MiB, 64.71 W, 65
2026/09/16 23:21:10.750, 100 %, 7 %, 15664 MiB, 16384 MiB, 66.93 W, 65
2026/09/16 23:21:11.753, 60 %, 9 %, 15664 MiB, 16384 MiB, 66.14 W, 65
2026/09/16 23:21:12.755, 28 %, 8 %, 15664 MiB, 16384 MiB, 75.77 W, 65
2026/09/16 23:21:13.758, 1 %, 2 %, 15664 MiB, 16384 MiB, 64.08 W, 65
2026/09/16 23:21:14.760, 1 %, 2 %, 15664 MiB, 16384 MiB, 64.15 W, 65
2026/09/16 23:21:15.762, 33 %, 3 %, 15664 MiB, 16384 MiB, 64.13 W, 65
2026/09/16 23:21:16.765, 45 %, 3 %, 15664 MiB, 16384 MiB, 64.04 W, 64
2026/09/16 23:21:17.767, 64 %, 4 %, 15664 MiB, 16384 MiB, 64.18 W, 64
2026/09/16 23:21:18.770, 81 %, 5 %, 15664 MiB, 16384 MiB, 65.08 W, 64
2026/09/16 23:21:19.773, 95 %, 5 %, 15664 MiB, 16384 MiB, 65.58 W, 64
2026/09/16 23:21:20.776, 100 %, 6 %, 15664 MiB, 16384 MiB, 65.87 W, 64
2026/09/16 23:21:21.779, 90 %, 10 %, 15664 MiB, 16384 MiB, 68.84 W, 64
2026/09/16 23:21:22.783, 65 %, 9 %, 15664 MiB, 16384 MiB, 67.87 W, 64
2026/09/16 23:21:23.786, 27 %, 8 %, 15664 MiB, 16384 MiB, 75.29 W, 64
2026/09/16 23:21:24.789, 2 %, 3 %, 15664 MiB, 16384 MiB, 62.91 W, 63
2026/09/16 23:21:25.798, 2 %, 3 %, 15664 MiB, 16384 MiB, 63.56 W, 63
2026/09/16 23:21:26.801, 18 %, 3 %, 15664 MiB, 16384 MiB, 63.24 W, 63
2026/09/16 23:21:27.803, 36 %, 3 %, 15664 MiB, 16384 MiB, 63.14 W, 63
2026/09/16 23:21:28.805, 50 %, 4 %, 15664 MiB, 16384 MiB, 63.00 W, 63
2026/09/16 23:21:29.808, 63 %, 4 %, 15664 MiB, 16384 MiB, 63.06 W, 63
2026/09/16 23:21:30.810, 85 %, 5 %, 15664 MiB, 16384 MiB, 64.11 W, 63
2026/09/16 23:21:31.813, 98 %, 5 %, 15664 MiB, 16384 MiB, 64.85 W, 62
2026/09/16 23:21:32.816, 71 %, 9 %, 15664 MiB, 16384 MiB, 64.71 W, 62
2026/09/16 23:21:33.819, 26 %, 8 %, 15664 MiB, 16384 MiB, 74.19 W, 62
2026/09/16 23:21:34.823, 1 %, 2 %, 15664 MiB, 16384 MiB, 62.02 W, 62
2026/09/16 23:21:35.826, 6 %, 2 %, 15664 MiB, 16384 MiB, 62.17 W, 62
2026/09/16 23:21:36.829, 1 %, 2 %, 15664 MiB, 16384 MiB, 62.38 W, 62
2026/09/16 23:21:37.833, 78 %, 5 %, 15664 MiB, 16384 MiB, 63.25 W, 62
2026/09/16 23:21:38.836, 87 %, 5 %, 15664 MiB, 16384 MiB, 63.68 W, 62
2026/09/16 23:21:39.839, 99 %, 5 %, 15664 MiB, 16384 MiB, 67.03 W, 62
2026/09/16 23:21:40.843, 100 %, 10 %, 15664 MiB, 16384 MiB, 65.20 W, 62
2026/09/16 23:21:41.846, 88 %, 10 %, 15664 MiB, 16384 MiB, 64.77 W, 62
2026/09/16 23:21:42.849, 69 %, 6 %, 15664 MiB, 16384 MiB, 64.82 W, 61
2026/09/16 23:21:43.853, 41 %, 8 %, 15664 MiB, 16384 MiB, 75.16 W, 61
2026/09/16 23:21:44.856, 19 %, 8 %, 15664 MiB, 16384 MiB, 73.60 W, 61
2026/09/16 23:21:45.860, 1 %, 2 %, 15664 MiB, 16384 MiB, 61.94 W, 61
2026/09/16 23:21:46.863, 2 %, 3 %, 15664 MiB, 16384 MiB, 61.97 W, 62
2026/09/16 23:21:47.867, 2 %, 3 %, 15664 MiB, 16384 MiB, 62.02 W, 61
2026/09/16 23:21:48.870, 43 %, 4 %, 15664 MiB, 16384 MiB, 61.85 W, 61
2026/09/16 23:21:49.876, 59 %, 4 %, 15664 MiB, 16384 MiB, 61.92 W, 61
2026/09/16 23:21:50.878, 77 %, 5 %, 15664 MiB, 16384 MiB, 62.92 W, 61
2026/09/16 23:21:51.882, 91 %, 5 %, 15664 MiB, 16384 MiB, 63.63 W, 61
2026/09/16 23:21:52.887, 100 %, 5 %, 15664 MiB, 16384 MiB, 64.47 W, 61
2026/09/16 23:21:53.891, 90 %, 11 %, 15664 MiB, 16384 MiB, 64.75 W, 61
2026/09/16 23:21:54.895, 53 %, 8 %, 15664 MiB, 16384 MiB, 63.84 W, 61
2026/09/16 23:21:55.898, 1 %, 2 %, 15664 MiB, 16384 MiB, 73.54 W, 61
2026/09/16 23:21:56.902, 1 %, 2 %, 15664 MiB, 16384 MiB, 62.24 W, 60
2026/09/16 23:21:57.906, 39 %, 4 %, 15664 MiB, 16384 MiB, 65.22 W, 60
2026/09/16 23:21:58.909, 1 %, 2 %, 15664 MiB, 16384 MiB, 62.75 W, 60
2026/09/16 23:21:59.913, 94 %, 10 %, 15664 MiB, 16384 MiB, 64.76 W, 60
2026/09/16 23:22:00.916, 80 %, 10 %, 15664 MiB, 16384 MiB, 64.90 W, 60
2026/09/16 23:22:01.920, 66 %, 9 %, 15664 MiB, 16384 MiB, 64.86 W, 60
2026/09/16 23:22:02.922, 51 %, 9 %, 15664 MiB, 16384 MiB, 64.76 W, 60
2026/09/16 23:22:03.925, 37 %, 8 %, 15664 MiB, 16384 MiB, 76.12 W, 60
2026/09/16 23:22:04.927, 21 %, 5 %, 15664 MiB, 16384 MiB, 67.83 W, 60
2026/09/16 23:22:05.930, 1 %, 2 %, 15664 MiB, 16384 MiB, 72.83 W, 60
2026/09/16 23:22:06.932, 1 %, 2 %, 15664 MiB, 16384 MiB, 62.05 W, 60
2026/09/16 23:22:07.935, 6 %, 2 %, 15664 MiB, 16384 MiB, 61.88 W, 60
2026/09/16 23:22:08.937, 36 %, 4 %, 15664 MiB, 16384 MiB, 62.04 W, 60
2026/09/16 23:22:09.940, 2 %, 3 %, 15664 MiB, 16384 MiB, 62.01 W, 60
2026/09/16 23:22:10.942, 95 %, 5 %, 15664 MiB, 16384 MiB, 63.37 W, 60
2026/09/16 23:22:11.944, 99 %, 11 %, 15664 MiB, 16384 MiB, 64.49 W, 60
2026/09/16 23:22:12.946, 79 %, 10 %, 15664 MiB, 16384 MiB, 64.53 W, 60
2026/09/16 23:22:13.949, 65 %, 9 %, 15664 MiB, 16384 MiB, 64.63 W, 60
2026/09/16 23:22:14.952, 45 %, 9 %, 15664 MiB, 16384 MiB, 67.46 W, 60
2026/09/16 23:22:15.956, 25 %, 9 %, 15664 MiB, 16384 MiB, 77.43 W, 60
2026/09/16 23:22:16.960, 1 %, 2 %, 15664 MiB, 16384 MiB, 60.95 W, 60
2026/09/16 23:22:17.964, 1 %, 2 %, 15664 MiB, 16384 MiB, 61.65 W, 59
2026/09/16 23:22:18.967, 33 %, 3 %, 15664 MiB, 16384 MiB, 61.52 W, 59
2026/09/16 23:22:19.971, 94 %, 5 %, 15664 MiB, 16384 MiB, 63.48 W, 59
2026/09/16 23:22:20.974, 7 %, 7 %, 15664 MiB, 16384 MiB, 61.78 W, 59
2026/09/16 23:22:21.978, 60 %, 9 %, 15664 MiB, 16384 MiB, 64.26 W, 59
2026/09/16 23:22:22.982, 45 %, 9 %, 15664 MiB, 16384 MiB, 64.64 W, 59
2026/09/16 23:22:23.985, 32 %, 8 %, 15664 MiB, 16384 MiB, 75.27 W, 59
2026/09/16 23:22:24.989, 15 %, 8 %, 15664 MiB, 16384 MiB, 73.69 W, 59
2026/09/16 23:22:25.993, 1 %, 2 %, 15664 MiB, 16384 MiB, 72.63 W, 59
2026/09/16 23:22:26.996, 1 %, 2 %, 15664 MiB, 16384 MiB, 60.83 W, 59
2026/09/16 23:22:28.000, 1 %, 2 %, 15664 MiB, 16384 MiB, 61.78 W, 60
2026/09/16 23:22:29.003, 27 %, 3 %, 15664 MiB, 16384 MiB, 61.85 W, 59
2026/09/16 23:22:30.007, 33 %, 4 %, 15664 MiB, 16384 MiB, 61.85 W, 59
2026/09/16 23:22:31.011, 100 %, 5 %, 15664 MiB, 16384 MiB, 64.16 W, 59
2026/09/16 23:22:32.014, 7 %, 8 %, 15664 MiB, 16384 MiB, 63.32 W, 59
2026/09/16 23:22:33.018, 75 %, 10 %, 15664 MiB, 16384 MiB, 66.89 W, 59
2026/09/16 23:22:34.022, 57 %, 9 %, 15664 MiB, 16384 MiB, 64.31 W, 59
2026/09/16 23:22:35.025, 45 %, 9 %, 15664 MiB, 16384 MiB, 64.14 W, 59
2026/09/16 23:22:36.030, 31 %, 8 %, 15664 MiB, 16384 MiB, 74.95 W, 59
2026/09/16 23:22:37.033, 15 %, 8 %, 15664 MiB, 16384 MiB, 73.75 W, 59
2026/09/16 23:22:38.036, 1 %, 2 %, 15664 MiB, 16384 MiB, 71.79 W, 59
2026/09/16 23:22:39.040, 1 %, 3 %, 15664 MiB, 16384 MiB, 61.61 W, 59
2026/09/16 23:22:40.044, 14 %, 3 %, 15664 MiB, 16384 MiB, 61.47 W, 59
2026/09/16 23:22:41.048, 68 %, 4 %, 15664 MiB, 16384 MiB, 61.67 W, 59
2026/09/16 23:22:42.051, 97 %, 10 %, 15664 MiB, 16384 MiB, 64.00 W, 59
2026/09/16 23:22:43.055, 6 %, 7 %, 15664 MiB, 16384 MiB, 60.38 W, 59
2026/09/16 23:22:44.058, 28 %, 8 %, 15664 MiB, 16384 MiB, 74.72 W, 59
2026/09/16 23:22:45.062, 16 %, 8 %, 15664 MiB, 16384 MiB, 73.90 W, 59
2026/09/16 23:22:46.065, 4 %, 5 %, 15664 MiB, 16384 MiB, 73.12 W, 59
2026/09/16 23:22:47.069, 1 %, 2 %, 15664 MiB, 16384 MiB, 64.69 W, 59
2026/09/16 23:22:48.073, 1 %, 2 %, 15664 MiB, 16384 MiB, 61.18 W, 59
2026/09/16 23:22:49.077, 1 %, 2 %, 15664 MiB, 16384 MiB, 61.50 W, 59
2026/09/16 23:22:50.081, 9 %, 2 %, 15664 MiB, 16384 MiB, 61.64 W, 59
2026/09/16 23:22:51.084, 37 %, 3 %, 15664 MiB, 16384 MiB, 64.47 W, 59
2026/09/16 23:22:52.088, 71 %, 4 %, 15664 MiB, 16384 MiB, 63.98 W, 59
2026/09/16 23:22:53.091, 86 %, 10 %, 15664 MiB, 16384 MiB, 64.03 W, 59
2026/09/16 23:22:54.094, 6 %, 7 %, 15664 MiB, 16384 MiB, 61.23 W, 59
2026/09/16 23:22:55.096, 32 %, 8 %, 15664 MiB, 16384 MiB, 75.17 W, 59
2026/09/16 23:22:56.099, 16 %, 8 %, 15664 MiB, 16384 MiB, 73.86 W, 59
2026/09/16 23:22:57.101, 1 %, 2 %, 15664 MiB, 16384 MiB, 72.65 W, 59
2026/09/16 23:22:58.104, 1 %, 2 %, 15664 MiB, 16384 MiB, 62.19 W, 59
2026/09/16 23:22:59.106, 1 %, 3 %, 15664 MiB, 16384 MiB, 60.87 W, 59
2026/09/16 23:23:00.108, 1 %, 3 %, 15664 MiB, 16384 MiB, 61.49 W, 59
2026/09/16 23:23:01.111, 32 %, 4 %, 15664 MiB, 16384 MiB, 61.61 W, 59
2026/09/16 23:23:02.113, 53 %, 4 %, 15664 MiB, 16384 MiB, 61.15 W, 59
2026/09/16 23:23:03.116, 88 %, 5 %, 15664 MiB, 16384 MiB, 62.67 W, 59
2026/09/16 23:23:04.120, 80 %, 9 %, 15664 MiB, 16384 MiB, 64.18 W, 59
2026/09/16 23:23:05.123, 5 %, 7 %, 15664 MiB, 16384 MiB, 69.73 W, 59
2026/09/16 23:23:06.127, 27 %, 8 %, 15664 MiB, 16384 MiB, 73.18 W, 59
2026/09/16 23:23:07.131, 13 %, 7 %, 15664 MiB, 16384 MiB, 71.92 W, 59
2026/09/16 23:23:08.134, 1 %, 2 %, 15664 MiB, 16384 MiB, 70.98 W, 59
2026/09/16 23:23:09.138, 1 %, 2 %, 15664 MiB, 16384 MiB, 62.90 W, 59
2026/09/16 23:23:10.142, 1 %, 2 %, 15664 MiB, 16384 MiB, 63.24 W, 59
2026/09/16 23:23:11.146, 1 %, 2 %, 15664 MiB, 16384 MiB, 61.03 W, 59
2026/09/16 23:23:12.150, 17 %, 3 %, 15664 MiB, 16384 MiB, 61.07 W, 58
2026/09/16 23:23:13.155, 51 %, 4 %, 15664 MiB, 16384 MiB, 61.13 W, 59
2026/09/16 23:23:14.157, 62 %, 4 %, 15664 MiB, 16384 MiB, 61.29 W, 59
2026/09/16 23:23:15.161, 100 %, 5 %, 15664 MiB, 16384 MiB, 63.08 W, 58
2026/09/16 23:23:16.165, 6 %, 7 %, 15664 MiB, 16384 MiB, 61.33 W, 58
2026/09/16 23:23:17.168, 45 %, 9 %, 15664 MiB, 16384 MiB, 63.86 W, 59
2026/09/16 23:23:18.172, 26 %, 8 %, 15664 MiB, 16384 MiB, 73.17 W, 59
2026/09/16 23:23:19.176, 11 %, 8 %, 15664 MiB, 16384 MiB, 71.70 W, 59
2026/09/16 23:23:20.180, 1 %, 2 %, 15664 MiB, 16384 MiB, 71.05 W, 59
2026/09/16 23:23:21.183, 1 %, 3 %, 15664 MiB, 16384 MiB, 60.43 W, 59
2026/09/16 23:23:22.187, 1 %, 3 %, 15664 MiB, 16384 MiB, 61.15 W, 59
2026/09/16 23:23:23.190, 100 %, 0 %, 15664 MiB, 16384 MiB, 122.81 W, 63
2026/09/16 23:23:24.197, 100 %, 3 %, 15664 MiB, 16384 MiB, 119.26 W, 61
2026/09/16 23:23:25.200, 100 %, 36 %, 15664 MiB, 16384 MiB, 88.30 W, 61
2026/09/16 23:23:26.202, 100 %, 10 %, 15664 MiB, 16384 MiB, 226.01 W, 62
2026/09/16 23:23:27.207, 100 %, 3 %, 15664 MiB, 16384 MiB, 123.79 W, 62
2026/09/16 23:23:28.209, 100 %, 41 %, 15664 MiB, 16384 MiB, 124.43 W, 62
2026/09/16 23:23:29.212, 100 %, 0 %, 15664 MiB, 16384 MiB, 122.75 W, 66
2026/09/16 23:23:30.226, 100 %, 3 %, 15664 MiB, 16384 MiB, 120.07 W, 63
2026/09/16 23:23:31.230, 100 %, 39 %, 15664 MiB, 16384 MiB, 63.75 W, 63
2026/09/16 23:23:32.233, 100 %, 6 %, 15664 MiB, 16384 MiB, 208.74 W, 65
2026/09/16 23:23:33.236, 100 %, 3 %, 15664 MiB, 16384 MiB, 123.91 W, 64
2026/09/16 23:23:34.239, 100 %, 16 %, 15664 MiB, 16384 MiB, 117.41 W, 63
2026/09/16 23:23:35.241, 100 %, 32 %, 15664 MiB, 16384 MiB, 245.55 W, 64
2026/09/16 23:23:36.243, 100 %, 4 %, 15664 MiB, 16384 MiB, 123.12 W, 64
2026/09/16 23:23:37.246, 100 %, 45 %, 15664 MiB, 16384 MiB, 109.16 W, 64
2026/09/16 23:23:38.249, 100 %, 0 %, 15664 MiB, 16384 MiB, 156.82 W, 68
2026/09/16 23:23:39.256, 100 %, 2 %, 15664 MiB, 16384 MiB, 119.42 W, 65
2026/09/16 23:23:40.260, 100 %, 33 %, 15664 MiB, 16384 MiB, 97.44 W, 65
2026/09/16 23:23:41.262, 100 %, 12 %, 15664 MiB, 16384 MiB, 236.46 W, 68
2026/09/16 23:23:42.266, 100 %, 4 %, 15664 MiB, 16384 MiB, 123.79 W, 66
2026/09/16 23:23:43.268, 100 %, 43 %, 15664 MiB, 16384 MiB, 124.15 W, 66
2026/09/16 23:23:44.272, 100 %, 0 %, 15664 MiB, 16384 MiB, 123.05 W, 66
2026/09/16 23:23:45.275, 100 %, 4 %, 15664 MiB, 16384 MiB, 131.20 W, 66
2026/09/16 23:23:46.277, 100 %, 49 %, 15664 MiB, 16384 MiB, 216.56 W, 67
2026/09/16 23:23:47.284, 100 %, 0 %, 15664 MiB, 16384 MiB, 122.62 W, 68
2026/09/16 23:23:48.287, 100 %, 3 %, 15664 MiB, 16384 MiB, 121.04 W, 67
2026/09/16 23:23:49.289, 100 %, 37 %, 15664 MiB, 16384 MiB, 106.85 W, 67
2026/09/16 23:23:50.292, 100 %, 8 %, 15664 MiB, 16384 MiB, 125.32 W, 70
2026/09/16 23:23:51.295, 100 %, 4 %, 15664 MiB, 16384 MiB, 120.85 W, 67
2026/09/16 23:23:52.297, 100 %, 46 %, 15664 MiB, 16384 MiB, 229.25 W, 68
2026/09/16 23:23:53.300, 100 %, 0 %, 15664 MiB, 16384 MiB, 122.83 W, 68
2026/09/16 23:23:54.303, 100 %, 4 %, 15664 MiB, 16384 MiB, 131.37 W, 68
2026/09/16 23:23:55.305, 100 %, 4 %, 15664 MiB, 16384 MiB, 205.15 W, 67
2026/09/16 23:23:56.308, 100 %, 4 %, 15664 MiB, 16384 MiB, 126.26 W, 68
2026/09/16 23:23:57.310, 100 %, 45 %, 15664 MiB, 16384 MiB, 115.03 W, 68
2026/09/16 23:23:58.313, 100 %, 10 %, 15664 MiB, 16384 MiB, 112.07 W, 68
2026/09/16 23:23:59.315, 100 %, 4 %, 15664 MiB, 16384 MiB, 126.70 W, 69
2026/09/16 23:24:00.318, 100 %, 47 %, 15664 MiB, 16384 MiB, 121.77 W, 69
2026/09/16 23:24:01.320, 100 %, 0 %, 15664 MiB, 16384 MiB, 225.58 W, 71
2026/09/16 23:24:02.324, 100 %, 4 %, 15664 MiB, 16384 MiB, 124.09 W, 69
2026/09/16 23:24:03.327, 100 %, 45 %, 15664 MiB, 16384 MiB, 130.92 W, 69
2026/09/16 23:24:04.330, 100 %, 4 %, 15664 MiB, 16384 MiB, 213.84 W, 69
2026/09/16 23:24:05.332, 100 %, 6 %, 15664 MiB, 16384 MiB, 125.90 W, 70
2026/09/16 23:24:06.335, 100 %, 34 %, 15664 MiB, 16384 MiB, 111.82 W, 70
2026/09/16 23:24:07.337, 100 %, 0 %, 15664 MiB, 16384 MiB, 146.06 W, 72
2026/09/16 23:24:08.340, 100 %, 5 %, 15664 MiB, 16384 MiB, 122.28 W, 70
2026/09/16 23:24:09.343, 100 %, 44 %, 15664 MiB, 16384 MiB, 116.68 W, 71
2026/09/16 23:24:10.347, 100 %, 4 %, 15664 MiB, 16384 MiB, 125.79 W, 74
2026/09/16 23:24:11.355, 100 %, 5 %, 15664 MiB, 16384 MiB, 122.23 W, 73
2026/09/16 23:24:12.358, 100 %, 36 %, 15664 MiB, 16384 MiB, 222.95 W, 70
2026/09/16 23:24:13.361, 100 %, 21 %, 15664 MiB, 16384 MiB, 138.90 W, 72
2026/09/16 23:24:14.366, 100 %, 41 %, 15664 MiB, 16384 MiB, 86.54 W, 69
2026/09/16 23:24:15.372, 100 %, 5 %, 15664 MiB, 16384 MiB, 92.14 W, 70
2026/09/16 23:24:16.374, 79 %, 4 %, 15664 MiB, 16384 MiB, 122.49 W, 74
2026/09/16 23:24:17.378, 100 %, 44 %, 15664 MiB, 16384 MiB, 163.44 W, 71
2026/09/16 23:24:18.381, 100 %, 14 %, 15664 MiB, 16384 MiB, 177.64 W, 73
2026/09/16 23:24:19.384, 99 %, 4 %, 15664 MiB, 16384 MiB, 146.03 W, 73
2026/09/16 23:24:20.393, 100 %, 44 %, 15664 MiB, 16384 MiB, 108.62 W, 71
2026/09/16 23:24:21.396, 100 %, 40 %, 15664 MiB, 16384 MiB, 172.41 W, 70
2026/09/16 23:24:22.400, 100 %, 10 %, 15664 MiB, 16384 MiB, 96.73 W, 71
2026/09/16 23:24:23.402, 100 %, 3 %, 15664 MiB, 16384 MiB, 203.49 W, 74
2026/09/16 23:24:24.406, 100 %, 48 %, 15664 MiB, 16384 MiB, 115.41 W, 71
2026/09/16 23:24:25.409, 100 %, 46 %, 15664 MiB, 16384 MiB, 131.42 W, 71
2026/09/16 23:24:26.412, 99 %, 6 %, 15664 MiB, 16384 MiB, 110.16 W, 71
2026/09/16 23:24:27.414, 100 %, 8 %, 15664 MiB, 16384 MiB, 228.80 W, 75
2026/09/16 23:24:28.420, 100 %, 45 %, 15664 MiB, 16384 MiB, 120.27 W, 70
2026/09/16 23:24:29.423, 93 %, 6 %, 15664 MiB, 16384 MiB, 100.73 W, 71
2026/09/16 23:24:30.425, 100 %, 36 %, 15664 MiB, 16384 MiB, 183.90 W, 74
2026/09/16 23:24:31.429, 100 %, 17 %, 15664 MiB, 16384 MiB, 109.87 W, 72
2026/09/16 23:24:32.434, 100 %, 45 %, 15664 MiB, 16384 MiB, 226.37 W, 71
2026/09/16 23:24:33.436, 93 %, 7 %, 15664 MiB, 16384 MiB, 70.78 W, 71
2026/09/16 23:24:34.439, 100 %, 7 %, 15664 MiB, 16384 MiB, 123.09 W, 75
2026/09/16 23:24:35.445, 100 %, 43 %, 15664 MiB, 16384 MiB, 128.99 W, 71
2026/09/16 23:24:36.447, 100 %, 44 %, 15664 MiB, 16384 MiB, 100.37 W, 72
2026/09/16 23:24:37.450, 97 %, 6 %, 15664 MiB, 16384 MiB, 195.64 W, 74
2026/09/16 23:24:38.454, 100 %, 39 %, 15664 MiB, 16384 MiB, 115.26 W, 72
2026/09/16 23:24:39.458, 100 %, 10 %, 15664 MiB, 16384 MiB, 137.89 W, 71
2026/09/16 23:24:40.461, 100 %, 45 %, 15664 MiB, 16384 MiB, 108.80 W, 72
2026/09/16 23:24:41.463, 100 %, 5 %, 15664 MiB, 16384 MiB, 221.23 W, 74
2026/09/16 23:24:42.467, 100 %, 46 %, 15664 MiB, 16384 MiB, 118.54 W, 72
2026/09/16 23:24:43.470, 100 %, 7 %, 15664 MiB, 16384 MiB, 112.32 W, 71
2026/09/16 23:24:44.472, 99 %, 3 %, 15664 MiB, 16384 MiB, 212.16 W, 74
2026/09/16 23:24:45.476, 100 %, 0 %, 15664 MiB, 16384 MiB, 132.12 W, 72
2026/09/16 23:24:46.482, 100 %, 27 %, 15664 MiB, 16384 MiB, 118.59 W, 72
2026/09/16 23:24:47.484, 100 %, 24 %, 15664 MiB, 16384 MiB, 117.35 W, 72
2026/09/16 23:24:48.487, 100 %, 6 %, 15664 MiB, 16384 MiB, 126.68 W, 75
2026/09/16 23:24:49.490, 100 %, 6 %, 15664 MiB, 16384 MiB, 215.36 W, 72
2026/09/16 23:24:50.495, 100 %, 26 %, 15664 MiB, 16384 MiB, 118.75 W, 71
2026/09/16 23:24:51.498, 100 %, 25 %, 15664 MiB, 16384 MiB, 66.83 W, 72
2026/09/16 23:24:52.500, 15 %, 4 %, 15664 MiB, 16384 MiB, 123.39 W, 72
2026/09/16 23:24:53.502, 100 %, 24 %, 15664 MiB, 16384 MiB, 120.51 W, 72
2026/09/16 23:24:54.506, 100 %, 6 %, 15664 MiB, 16384 MiB, 127.48 W, 75
2026/09/16 23:24:55.509, 100 %, 19 %, 15664 MiB, 16384 MiB, 221.23 W, 71
2026/09/16 23:24:56.512, 100 %, 27 %, 15664 MiB, 16384 MiB, 64.06 W, 71
2026/09/16 23:24:57.517, 100 %, 14 %, 15664 MiB, 16384 MiB, 93.52 W, 72
2026/09/16 23:24:58.520, 100 %, 5 %, 15664 MiB, 16384 MiB, 122.95 W, 72
2026/09/16 23:24:59.523, 100 %, 3 %, 15664 MiB, 16384 MiB, 123.43 W, 72
2026/09/16 23:25:00.525, 100 %, 1 %, 15664 MiB, 16384 MiB, 205.96 W, 75
2026/09/16 23:25:01.529, 100 %, 23 %, 15664 MiB, 16384 MiB, 136.09 W, 72
2026/09/16 23:25:02.534, 100 %, 22 %, 15664 MiB, 16384 MiB, 77.13 W, 72
2026/09/16 23:25:03.537, 100 %, 6 %, 15664 MiB, 16384 MiB, 134.81 W, 72
2026/09/16 23:25:04.539, 100 %, 3 %, 15664 MiB, 16384 MiB, 122.51 W, 72
2026/09/16 23:25:05.541, 100 %, 0 %, 15664 MiB, 16384 MiB, 124.45 W, 74
2026/09/16 23:25:06.545, 100 %, 19 %, 15664 MiB, 16384 MiB, 221.30 W, 73
2026/09/16 23:25:07.547, 100 %, 24 %, 15664 MiB, 16384 MiB, 224.57 W, 72
2026/09/16 23:25:08.549, 100 %, 18 %, 15664 MiB, 16384 MiB, 104.64 W, 72
2026/09/16 23:25:09.555, 100 %, 4 %, 15664 MiB, 16384 MiB, 124.02 W, 73
2026/09/16 23:25:10.558, 100 %, 26 %, 15664 MiB, 16384 MiB, 142.27 W, 72
2026/09/16 23:25:11.561, 100 %, 0 %, 15664 MiB, 16384 MiB, 123.88 W, 74
2026/09/16 23:25:12.564, 100 %, 27 %, 15664 MiB, 16384 MiB, 171.38 W, 73
2026/09/16 23:25:13.569, 100 %, 27 %, 15664 MiB, 16384 MiB, 172.65 W, 72
2026/09/16 23:25:14.574, 100 %, 6 %, 15664 MiB, 16384 MiB, 119.64 W, 72
2026/09/16 23:25:15.576, 100 %, 8 %, 15664 MiB, 16384 MiB, 126.67 W, 75
2026/09/16 23:25:16.579, 100 %, 28 %, 15664 MiB, 16384 MiB, 226.42 W, 72
2026/09/16 23:25:17.584, 100 %, 24 %, 15664 MiB, 16384 MiB, 67.89 W, 71
2026/09/16 23:25:18.588, 100 %, 25 %, 15664 MiB, 16384 MiB, 85.77 W, 72
2026/09/16 23:25:19.591, 100 %, 22 %, 15664 MiB, 16384 MiB, 123.49 W, 72
2026/09/16 23:25:20.593, 44 %, 4 %, 15664 MiB, 16384 MiB, 128.29 W, 73
2026/09/16 23:25:21.595, 1 %, 2 %, 15664 MiB, 16384 MiB, 68.23 W, 71
2026/09/16 23:25:22.599, 1 %, 2 %, 15664 MiB, 16384 MiB, 80.57 W, 70
2026/09/16 23:25:23.602, 38 %, 3 %, 15664 MiB, 16384 MiB, 68.90 W, 70
2026/09/16 23:25:24.605, 90 %, 5 %, 15664 MiB, 16384 MiB, 68.74 W, 69
2026/09/16 23:25:25.609, 8 %, 7 %, 15664 MiB, 16384 MiB, 66.31 W, 69
2026/09/16 23:25:26.613, 45 %, 9 %, 15664 MiB, 16384 MiB, 67.80 W, 69
2026/09/16 23:25:27.617, 25 %, 8 %, 15664 MiB, 16384 MiB, 68.17 W, 69
2026/09/16 23:25:28.620, 8 %, 7 %, 15664 MiB, 16384 MiB, 68.07 W, 69
2026/09/16 23:25:29.623, 1 %, 2 %, 15664 MiB, 16384 MiB, 68.01 W, 69
2026/09/16 23:25:30.627, 1 %, 2 %, 15664 MiB, 16384 MiB, 81.20 W, 68
2026/09/16 23:25:31.631, 1 %, 2 %, 15664 MiB, 16384 MiB, 72.73 W, 68
2026/09/16 23:25:32.634, 11 %, 2 %, 15664 MiB, 16384 MiB, 78.64 W, 68
2026/09/16 23:25:33.638, 47 %, 4 %, 15664 MiB, 16384 MiB, 65.34 W, 67
2026/09/16 23:25:34.641, 72 %, 5 %, 15664 MiB, 16384 MiB, 65.15 W, 67
2026/09/16 23:25:35.644, 100 %, 8 %, 15664 MiB, 16384 MiB, 64.94 W, 67
2026/09/16 23:25:36.646, 8 %, 7 %, 15664 MiB, 16384 MiB, 65.12 W, 67
2026/09/16 23:25:37.649, 53 %, 9 %, 15664 MiB, 16384 MiB, 67.03 W, 67
2026/09/16 23:25:38.651, 33 %, 8 %, 15664 MiB, 16384 MiB, 67.65 W, 67
2026/09/16 23:25:39.653, 18 %, 8 %, 15664 MiB, 16384 MiB, 67.52 W, 66
2026/09/16 23:25:40.656, 1 %, 2 %, 15664 MiB, 16384 MiB, 70.21 W, 66
2026/09/16 23:25:41.658, 1 %, 2 %, 15664 MiB, 16384 MiB, 74.16 W, 66
2026/09/16 23:25:42.661, 2 %, 3 %, 15664 MiB, 16384 MiB, 79.00 W, 66
2026/09/16 23:25:43.665, 25 %, 3 %, 15664 MiB, 16384 MiB, 63.80 W, 66
2026/09/16 23:25:44.668, 62 %, 4 %, 15664 MiB, 16384 MiB, 64.43 W, 66
2026/09/16 23:25:45.670, 94 %, 10 %, 15664 MiB, 16384 MiB, 64.49 W, 65
2026/09/16 23:25:46.673, 49 %, 8 %, 15664 MiB, 16384 MiB, 66.06 W, 65
2026/09/16 23:25:47.675, 1 %, 2 %, 15664 MiB, 16384 MiB, 63.49 W, 65
2026/09/16 23:25:48.678, 1 %, 2 %, 15664 MiB, 16384 MiB, 80.34 W, 65
2026/09/16 23:25:49.681, 7 %, 2 %, 15664 MiB, 16384 MiB, 78.90 W, 65
2026/09/16 23:25:50.684, 20 %, 3 %, 15664 MiB, 16384 MiB, 77.91 W, 65
2026/09/16 23:25:51.688, 35 %, 3 %, 15664 MiB, 16384 MiB, 71.93 W, 65
2026/09/16 23:25:52.691, 51 %, 4 %, 15664 MiB, 16384 MiB, 63.44 W, 64
2026/09/16 23:25:53.695, 1 %, 2 %, 15664 MiB, 16384 MiB, 63.72 W, 64
2026/09/16 23:25:54.699, 91 %, 5 %, 15664 MiB, 16384 MiB, 63.49 W, 64
2026/09/16 23:25:55.702, 91 %, 10 %, 15664 MiB, 16384 MiB, 63.28 W, 64
2026/09/16 23:25:56.706, 64 %, 9 %, 15664 MiB, 16384 MiB, 64.24 W, 64
2026/09/16 23:25:57.708, 20 %, 8 %, 15664 MiB, 16384 MiB, 66.03 W, 64
2026/09/16 23:25:58.710, 1 %, 2 %, 15664 MiB, 16384 MiB, 65.38 W, 64
2026/09/16 23:25:59.713, 2 %, 3 %, 15664 MiB, 16384 MiB, 81.08 W, 64
2026/09/16 23:26:00.715, 23 %, 3 %, 15664 MiB, 16384 MiB, 76.89 W, 64
2026/09/16 23:26:01.718, 40 %, 4 %, 15664 MiB, 16384 MiB, 62.50 W, 64
2026/09/16 23:26:02.721, 60 %, 4 %, 15664 MiB, 16384 MiB, 63.22 W, 63
2026/09/16 23:26:03.724, 73 %, 5 %, 15664 MiB, 16384 MiB, 63.50 W, 63
2026/09/16 23:26:04.726, 1 %, 2 %, 15664 MiB, 16384 MiB, 63.41 W, 63
2026/09/16 23:26:05.729, 94 %, 10 %, 15664 MiB, 16384 MiB, 63.31 W, 63
2026/09/16 23:26:06.732, 59 %, 9 %, 15664 MiB, 16384 MiB, 63.77 W, 63
2026/09/16 23:26:07.736, 10 %, 8 %, 15664 MiB, 16384 MiB, 65.57 W, 63
2026/09/16 23:26:08.740, 2 %, 3 %, 15664 MiB, 16384 MiB, 77.50 W, 63
2026/09/16 23:26:09.744, 24 %, 3 %, 15664 MiB, 16384 MiB, 62.42 W, 63
2026/09/16 23:26:10.747, 65 %, 4 %, 15664 MiB, 16384 MiB, 63.05 W, 62
2026/09/16 23:26:11.750, 79 %, 5 %, 15664 MiB, 16384 MiB, 62.90 W, 62
2026/09/16 23:26:12.752, 94 %, 5 %, 15664 MiB, 16384 MiB, 62.76 W, 62
2026/09/16 23:26:13.754, 100 %, 8 %, 15664 MiB, 16384 MiB, 62.42 W, 62
2026/09/16 23:26:14.757, 91 %, 10 %, 15664 MiB, 16384 MiB, 62.16 W, 62
2026/09/16 23:26:15.759, 9 %, 8 %, 15664 MiB, 16384 MiB, 64.27 W, 62
2026/09/16 23:26:16.761, 63 %, 9 %, 15664 MiB, 16384 MiB, 66.06 W, 62
2026/09/16 23:26:17.764, 21 %, 8 %, 15664 MiB, 16384 MiB, 65.49 W, 62
2026/09/16 23:26:18.766, 2 %, 2 %, 15664 MiB, 16384 MiB, 65.26 W, 62
2026/09/16 23:26:19.769, 2 %, 3 %, 15664 MiB, 16384 MiB, 77.97 W, 62
2026/09/16 23:26:20.771, 12 %, 3 %, 15664 MiB, 16384 MiB, 63.06 W, 62
2026/09/16 23:26:21.774, 45 %, 4 %, 15664 MiB, 16384 MiB, 62.87 W, 61
2026/09/16 23:26:22.776, 72 %, 4 %, 15664 MiB, 16384 MiB, 62.77 W, 61
2026/09/16 23:26:23.779, 88 %, 5 %, 15664 MiB, 16384 MiB, 63.25 W, 61
2026/09/16 23:26:24.781, 100 %, 5 %, 15664 MiB, 16384 MiB, 63.97 W, 61
2026/09/16 23:26:25.784, 95 %, 11 %, 15664 MiB, 16384 MiB, 64.92 W, 61
2026/09/16 23:26:26.786, 8 %, 7 %, 15664 MiB, 16384 MiB, 62.70 W, 61
2026/09/16 23:26:27.789, 46 %, 8 %, 15664 MiB, 16384 MiB, 64.59 W, 61
2026/09/16 23:26:28.792, 1 %, 2 %, 15664 MiB, 16384 MiB, 76.50 W, 61
2026/09/16 23:26:29.796, 2 %, 3 %, 15664 MiB, 16384 MiB, 62.28 W, 61
2026/09/16 23:26:30.799, 17 %, 3 %, 15664 MiB, 16384 MiB, 62.64 W, 61
2026/09/16 23:26:31.803, 74 %, 5 %, 15664 MiB, 16384 MiB, 63.36 W, 61
2026/09/16 23:26:32.805, 100 %, 5 %, 15664 MiB, 16384 MiB, 66.45 W, 61
2026/09/16 23:26:33.808, 100 %, 9 %, 15664 MiB, 16384 MiB, 64.31 W, 61
2026/09/16 23:26:34.810, 90 %, 10 %, 15664 MiB, 16384 MiB, 64.63 W, 60
2026/09/16 23:26:35.812, 74 %, 10 %, 15664 MiB, 16384 MiB, 64.93 W, 60
2026/09/16 23:26:36.815, 55 %, 9 %, 15664 MiB, 16384 MiB, 64.82 W, 60
2026/09/16 23:26:37.817, 8 %, 8 %, 15664 MiB, 16384 MiB, 62.40 W, 60
2026/09/16 23:26:38.820, 25 %, 8 %, 15664 MiB, 16384 MiB, 68.39 W, 60
2026/09/16 23:26:39.822, 1 %, 2 %, 15664 MiB, 16384 MiB, 75.78 W, 60
2026/09/16 23:26:40.824, 1 %, 3 %, 15664 MiB, 16384 MiB, 61.60 W, 60
2026/09/16 23:26:41.827, 21 %, 4 %, 15664 MiB, 16384 MiB, 62.36 W, 60
2026/09/16 23:26:42.831, 69 %, 4 %, 15664 MiB, 16384 MiB, 61.88 W, 60
2026/09/16 23:26:43.835, 100 %, 8 %, 15664 MiB, 16384 MiB, 63.61 W, 60
2026/09/16 23:26:44.838, 81 %, 10 %, 15664 MiB, 16384 MiB, 64.67 W, 60
2026/09/16 23:26:45.843, 62 %, 9 %, 15664 MiB, 16384 MiB, 64.66 W, 60
2026/09/16 23:26:46.846, 44 %, 9 %, 15664 MiB, 16384 MiB, 64.54 W, 60
2026/09/16 23:26:47.850, 23 %, 8 %, 15664 MiB, 16384 MiB, 70.07 W, 60
2026/09/16 23:26:48.853, 6 %, 5 %, 15664 MiB, 16384 MiB, 75.79 W, 60
2026/09/16 23:26:49.857, 1 %, 2 %, 15664 MiB, 16384 MiB, 75.38 W, 60
2026/09/16 23:26:50.861, 1 %, 2 %, 15664 MiB, 16384 MiB, 63.09 W, 60
2026/09/16 23:26:51.864, 37 %, 4 %, 15664 MiB, 16384 MiB, 64.29 W, 60
2026/09/16 23:26:52.868, 76 %, 5 %, 15664 MiB, 16384 MiB, 63.31 W, 60
2026/09/16 23:26:53.871, 69 %, 9 %, 15664 MiB, 16384 MiB, 64.53 W, 60
2026/09/16 23:26:54.878, 28 %, 6 %, 15664 MiB, 16384 MiB, 64.53 W, 60
2026/09/16 23:26:55.880, 18 %, 8 %, 15664 MiB, 16384 MiB, 78.10 W, 60
2026/09/16 23:26:56.883, 1 %, 2 %, 15664 MiB, 16384 MiB, 76.82 W, 60
2026/09/16 23:26:57.885, 1 %, 2 %, 15664 MiB, 16384 MiB, 75.33 W, 60
2026/09/16 23:26:58.888, 1 %, 2 %, 15664 MiB, 16384 MiB, 63.31 W, 60
2026/09/16 23:26:59.891, 6 %, 2 %, 15664 MiB, 16384 MiB, 61.36 W, 60
2026/09/16 23:27:00.894, 18 %, 3 %, 15664 MiB, 16384 MiB, 61.44 W, 60
2026/09/16 23:27:01.898, 43 %, 4 %, 15664 MiB, 16384 MiB, 61.59 W, 59
2026/09/16 23:27:02.901, 75 %, 5 %, 15664 MiB, 16384 MiB, 61.62 W, 59
2026/09/16 23:27:03.904, 100 %, 5 %, 15664 MiB, 16384 MiB, 62.89 W, 59
2026/09/16 23:27:04.908, 70 %, 9 %, 15664 MiB, 16384 MiB, 64.15 W, 59
2026/09/16 23:27:05.911, 45 %, 6 %, 15664 MiB, 16384 MiB, 64.09 W, 59
2026/09/16 23:27:06.914, 24 %, 8 %, 15664 MiB, 16384 MiB, 65.38 W, 59
2026/09/16 23:27:07.917, 5 %, 5 %, 15664 MiB, 16384 MiB, 76.90 W, 59
2026/09/16 23:27:08.921, 1 %, 2 %, 15664 MiB, 16384 MiB, 75.46 W, 59
2026/09/16 23:27:09.924, 1 %, 2 %, 15664 MiB, 16384 MiB, 67.01 W, 59
2026/09/16 23:27:10.928, 10 %, 3 %, 15664 MiB, 16384 MiB, 61.18 W, 59
2026/09/16 23:27:11.931, 21 %, 3 %, 15664 MiB, 16384 MiB, 63.45 W, 59
2026/09/16 23:27:12.934, 65 %, 4 %, 15664 MiB, 16384 MiB, 62.71 W, 59
2026/09/16 23:27:13.938, 100 %, 7 %, 15664 MiB, 16384 MiB, 62.80 W, 59
2026/09/16 23:27:14.941, 64 %, 9 %, 15664 MiB, 16384 MiB, 63.87 W, 59
2026/09/16 23:27:15.945, 11 %, 8 %, 15664 MiB, 16384 MiB, 74.06 W, 59
2026/09/16 23:27:16.948, 1 %, 2 %, 15664 MiB, 16384 MiB, 67.42 W, 59
2026/09/16 23:27:17.951, 1 %, 2 %, 15664 MiB, 16384 MiB, 64.64 W, 59
2026/09/16 23:27:18.955, 5 %, 2 %, 15664 MiB, 16384 MiB, 60.50 W, 59
2026/09/16 23:27:19.958, 20 %, 3 %, 15664 MiB, 16384 MiB, 60.82 W, 59
2026/09/16 23:27:20.962, 33 %, 3 %, 15664 MiB, 16384 MiB, 60.91 W, 59
2026/09/16 23:27:21.966, 45 %, 4 %, 15664 MiB, 16384 MiB, 60.99 W, 59
2026/09/16 23:27:22.969, 61 %, 4 %, 15664 MiB, 16384 MiB, 61.06 W, 59
2026/09/16 23:27:23.973, 72 %, 5 %, 15664 MiB, 16384 MiB, 61.14 W, 59
2026/09/16 23:27:24.977, 93 %, 5 %, 15664 MiB, 16384 MiB, 61.91 W, 59
2026/09/16 23:27:25.980, 92 %, 10 %, 15664 MiB, 16384 MiB, 63.05 W, 59
2026/09/16 23:27:26.984, 65 %, 9 %, 15664 MiB, 16384 MiB, 63.95 W, 59
2026/09/16 23:27:27.988, 30 %, 6 %, 15664 MiB, 16384 MiB, 63.88 W, 59
2026/09/16 23:27:28.992, 11 %, 8 %, 15664 MiB, 16384 MiB, 75.49 W, 59
2026/09/16 23:27:29.996, 1 %, 2 %, 15664 MiB, 16384 MiB, 73.88 W, 59
2026/09/16 23:27:30.999, 1 %, 2 %, 15664 MiB, 16384 MiB, 72.99 W, 59
2026/09/16 23:27:32.002, 1 %, 2 %, 15664 MiB, 16384 MiB, 61.87 W, 59
2026/09/16 23:27:33.004, 17 %, 3 %, 15664 MiB, 16384 MiB, 63.62 W, 59
2026/09/16 23:27:34.007, 28 %, 3 %, 15664 MiB, 16384 MiB, 62.44 W, 59
2026/09/16 23:27:35.009, 72 %, 5 %, 15664 MiB, 16384 MiB, 60.85 W, 59
2026/09/16 23:27:36.011, 96 %, 5 %, 15664 MiB, 16384 MiB, 61.57 W, 59
2026/09/16 23:27:37.014, 79 %, 9 %, 15664 MiB, 16384 MiB, 63.02 W, 59
2026/09/16 23:27:38.016, 33 %, 8 %, 15664 MiB, 16384 MiB, 62.44 W, 59
2026/09/16 23:27:39.019, 1 %, 2 %, 15664 MiB, 16384 MiB, 67.72 W, 59
2026/09/16 23:27:40.021, 1 %, 2 %, 15664 MiB, 16384 MiB, 72.17 W, 59
2026/09/16 23:27:41.024, 1 %, 2 %, 15664 MiB, 16384 MiB, 71.51 W, 59
2026/09/16 23:27:42.026, 1 %, 2 %, 15664 MiB, 16384 MiB, 60.31 W, 59
2026/09/16 23:27:43.028, 19 %, 3 %, 15664 MiB, 16384 MiB, 60.56 W, 59
2026/09/16 23:27:44.032, 32 %, 3 %, 15664 MiB, 16384 MiB, 60.61 W, 59
2026/09/16 23:27:45.038, 36 %, 3 %, 15664 MiB, 16384 MiB, 60.62 W, 59
2026/09/16 23:27:46.042, 63 %, 5 %, 15664 MiB, 16384 MiB, 60.80 W, 59
2026/09/16 23:27:47.046, 87 %, 5 %, 15664 MiB, 16384 MiB, 60.93 W, 59
2026/09/16 23:27:48.049, 87 %, 10 %, 15664 MiB, 16384 MiB, 63.24 W, 59
2026/09/16 23:27:49.052, 60 %, 9 %, 15664 MiB, 16384 MiB, 63.68 W, 59
2026/09/16 23:27:50.056, 20 %, 6 %, 15664 MiB, 16384 MiB, 63.58 W, 59
2026/09/16 23:27:51.059, 2 %, 3 %, 15664 MiB, 16384 MiB, 73.55 W, 59
2026/09/16 23:27:52.063, 1 %, 2 %, 15664 MiB, 16384 MiB, 72.02 W, 59
2026/09/16 23:27:53.066, 1 %, 2 %, 15664 MiB, 16384 MiB, 63.65 W, 59
2026/09/16 23:27:54.070, 8 %, 3 %, 15664 MiB, 16384 MiB, 63.45 W, 59
2026/09/16 23:27:55.073, 28 %, 3 %, 15664 MiB, 16384 MiB, 62.26 W, 59
2026/09/16 23:27:56.077, 40 %, 4 %, 15664 MiB, 16384 MiB, 60.81 W, 58
2026/09/16 23:27:57.081, 100 %, 36 %, 15664 MiB, 16384 MiB, 61.89 W, 60
2026/09/16 23:27:58.083, 100 %, 7 %, 15664 MiB, 16384 MiB, 134.58 W, 61
2026/09/16 23:27:59.086, 100 %, 5 %, 15664 MiB, 16384 MiB, 119.40 W, 63
2026/09/16 23:28:00.088, 100 %, 0 %, 15664 MiB, 16384 MiB, 208.13 W, 64
2026/09/16 23:28:01.091, 100 %, 32 %, 15664 MiB, 16384 MiB, 173.27 W, 62
2026/09/16 23:28:02.093, 100 %, 44 %, 15664 MiB, 16384 MiB, 109.34 W, 62
2026/09/16 23:28:03.098, 100 %, 26 %, 15664 MiB, 16384 MiB, 121.45 W, 65
2026/09/16 23:28:04.100, 100 %, 3 %, 15664 MiB, 16384 MiB, 238.97 W, 65
2026/09/16 23:28:05.103, 100 %, 4 %, 15664 MiB, 16384 MiB, 139.10 W, 67
2026/09/16 23:28:06.107, 100 %, 17 %, 15664 MiB, 16384 MiB, 225.24 W, 64
2026/09/16 23:28:07.113, 100 %, 47 %, 15664 MiB, 16384 MiB, 110.13 W, 64
2026/09/16 23:28:08.115, 100 %, 23 %, 15664 MiB, 16384 MiB, 120.04 W, 64
2026/09/16 23:28:09.118, 100 %, 4 %, 15664 MiB, 16384 MiB, 231.88 W, 66
2026/09/16 23:28:10.122, 100 %, 46 %, 15664 MiB, 16384 MiB, 82.84 W, 63
2026/09/16 23:28:11.125, 100 %, 42 %, 15664 MiB, 16384 MiB, 78.98 W, 63
2026/09/16 23:28:12.127, 100 %, 7 %, 15664 MiB, 16384 MiB, 63.64 W, 64
2026/09/16 23:28:13.130, 100 %, 4 %, 15664 MiB, 16384 MiB, 138.30 W, 65
2026/09/16 23:28:14.133, 100 %, 4 %, 15664 MiB, 16384 MiB, 123.30 W, 68
2026/09/16 23:28:15.137, 100 %, 43 %, 15664 MiB, 16384 MiB, 238.85 W, 65
2026/09/16 23:28:16.140, 100 %, 44 %, 15664 MiB, 16384 MiB, 90.61 W, 64
2026/09/16 23:28:17.142, 100 %, 6 %, 15664 MiB, 16384 MiB, 64.02 W, 66
2026/09/16 23:28:18.145, 100 %, 5 %, 15664 MiB, 16384 MiB, 124.03 W, 66
2026/09/16 23:28:19.147, 100 %, 3 %, 15664 MiB, 16384 MiB, 120.38 W, 66
2026/09/16 23:28:20.149, 100 %, 15 %, 15664 MiB, 16384 MiB, 147.81 W, 69
2026/09/16 23:28:21.155, 100 %, 46 %, 15664 MiB, 16384 MiB, 241.88 W, 67
2026/09/16 23:28:22.157, 100 %, 37 %, 15664 MiB, 16384 MiB, 108.37 W, 67
2026/09/16 23:28:23.160, 100 %, 6 %, 15664 MiB, 16384 MiB, 99.67 W, 67
2026/09/16 23:28:24.162, 100 %, 4 %, 15664 MiB, 16384 MiB, 121.46 W, 67
2026/09/16 23:28:25.164, 100 %, 6 %, 15664 MiB, 16384 MiB, 122.48 W, 69
2026/09/16 23:28:26.167, 100 %, 4 %, 15664 MiB, 16384 MiB, 244.92 W, 69
2026/09/16 23:28:27.174, 100 %, 2 %, 15664 MiB, 16384 MiB, 127.09 W, 68
2026/09/16 23:28:28.179, 100 %, 46 %, 15664 MiB, 16384 MiB, 122.72 W, 68
2026/09/16 23:28:29.183, 100 %, 41 %, 15664 MiB, 16384 MiB, 210.49 W, 71
2026/09/16 23:28:30.185, 100 %, 4 %, 15664 MiB, 16384 MiB, 140.94 W, 68
2026/09/16 23:28:31.188, 100 %, 28 %, 15664 MiB, 16384 MiB, 136.96 W, 67
2026/09/16 23:28:32.191, 66 %, 42 %, 15664 MiB, 16384 MiB, 63.38 W, 68
2026/09/16 23:28:33.193, 100 %, 1 %, 15664 MiB, 16384 MiB, 124.38 W, 71
2026/09/16 23:28:34.196, 100 %, 3 %, 15664 MiB, 16384 MiB, 120.27 W, 69
2026/09/16 23:28:35.198, 100 %, 33 %, 15664 MiB, 16384 MiB, 88.43 W, 69
2026/09/16 23:28:36.201, 100 %, 6 %, 15664 MiB, 16384 MiB, 193.39 W, 69
2026/09/16 23:28:37.205, 100 %, 7 %, 15664 MiB, 16384 MiB, 125.40 W, 69
2026/09/16 23:28:38.207, 100 %, 29 %, 15664 MiB, 16384 MiB, 137.26 W, 69
2026/09/16 23:28:39.210, 100 %, 0 %, 15664 MiB, 16384 MiB, 122.90 W, 69
2026/09/16 23:28:40.212, 100 %, 5 %, 15664 MiB, 16384 MiB, 121.33 W, 69
2026/09/16 23:28:41.214, 100 %, 29 %, 15664 MiB, 16384 MiB, 60.85 W, 70
2026/09/16 23:28:42.217, 100 %, 5 %, 15664 MiB, 16384 MiB, 126.78 W, 72
2026/09/16 23:28:43.220, 100 %, 27 %, 15664 MiB, 16384 MiB, 122.99 W, 70
2026/09/16 23:28:44.222, 100 %, 34 %, 15664 MiB, 16384 MiB, 80.95 W, 70
2026/09/16 23:28:45.225, 100 %, 6 %, 15664 MiB, 16384 MiB, 171.07 W, 73
2026/09/16 23:28:46.228, 100 %, 12 %, 15664 MiB, 16384 MiB, 126.64 W, 70
2026/09/16 23:28:47.230, 100 %, 23 %, 15664 MiB, 16384 MiB, 146.69 W, 70
2026/09/16 23:28:48.235, 100 %, 1 %, 15664 MiB, 16384 MiB, 124.38 W, 70
2026/09/16 23:28:49.237, 100 %, 4 %, 15664 MiB, 16384 MiB, 121.40 W, 70
2026/09/16 23:28:50.240, 100 %, 33 %, 15664 MiB, 16384 MiB, 61.22 W, 69
2026/09/16 23:28:51.242, 100 %, 7 %, 15664 MiB, 16384 MiB, 127.29 W, 71
2026/09/16 23:28:52.244, 100 %, 24 %, 15664 MiB, 16384 MiB, 113.81 W, 71
2026/09/16 23:28:53.247, 100 %, 6 %, 15664 MiB, 16384 MiB, 131.91 W, 73
2026/09/16 23:28:54.250, 100 %, 1 %, 15664 MiB, 16384 MiB, 122.08 W, 71
2026/09/16 23:28:55.252, 100 %, 7 %, 15664 MiB, 16384 MiB, 99.16 W, 71
2026/09/16 23:28:56.256, 100 %, 31 %, 15664 MiB, 16384 MiB, 221.47 W, 71
2026/09/16 23:28:57.260, 100 %, 0 %, 15664 MiB, 16384 MiB, 122.48 W, 71
2026/09/16 23:28:58.262, 100 %, 4 %, 15664 MiB, 16384 MiB, 127.96 W, 71
2026/09/16 23:28:59.265, 100 %, 35 %, 15664 MiB, 16384 MiB, 219.47 W, 70
2026/09/16 23:29:00.270, 100 %, 5 %, 15664 MiB, 16384 MiB, 127.60 W, 71
2026/09/16 23:29:01.272, 100 %, 22 %, 15664 MiB, 16384 MiB, 115.43 W, 71
2026/09/16 23:29:02.275, 100 %, 9 %, 15664 MiB, 16384 MiB, 144.40 W, 74
2026/09/16 23:29:03.278, 100 %, 0 %, 15664 MiB, 16384 MiB, 122.92 W, 71
2026/09/16 23:29:04.280, 100 %, 6 %, 15664 MiB, 16384 MiB, 100.38 W, 71
2026/09/16 23:29:05.282, 100 %, 28 %, 15664 MiB, 16384 MiB, 221.71 W, 73
2026/09/16 23:29:06.285, 100 %, 6 %, 15664 MiB, 16384 MiB, 128.07 W, 72
2026/09/16 23:29:07.288, 100 %, 36 %, 15664 MiB, 16384 MiB, 122.95 W, 72
2026/09/16 23:29:08.290, 100 %, 32 %, 15664 MiB, 16384 MiB, 237.87 W, 72
2026/09/16 23:29:09.294, 100 %, 5 %, 15664 MiB, 16384 MiB, 127.63 W, 72
2026/09/16 23:29:10.297, 100 %, 27 %, 15664 MiB, 16384 MiB, 113.92 W, 72
2026/09/16 23:29:11.301, 100 %, 0 %, 15664 MiB, 16384 MiB, 129.80 W, 74
2026/09/16 23:29:12.304, 100 %, 6 %, 15664 MiB, 16384 MiB, 123.70 W, 72
2026/09/16 23:29:13.306, 100 %, 32 %, 15664 MiB, 16384 MiB, 98.10 W, 72
2026/09/16 23:29:14.311, 100 %, 6 %, 15664 MiB, 16384 MiB, 215.84 W, 75
2026/09/16 23:29:15.319, 100 %, 35 %, 15664 MiB, 16384 MiB, 129.40 W, 72
2026/09/16 23:29:16.323, 100 %, 0 %, 15664 MiB, 16384 MiB, 124.98 W, 72
2026/09/16 23:29:17.326, 100 %, 0 %, 15664 MiB, 16384 MiB, 124.38 W, 72
2026/09/16 23:29:18.328, 100 %, 22 %, 15664 MiB, 16384 MiB, 136.68 W, 72
2026/09/16 23:29:19.330, 100 %, 14 %, 15664 MiB, 16384 MiB, 198.43 W, 71
2026/09/16 23:29:20.333, 100 %, 6 %, 15664 MiB, 16384 MiB, 128.85 W, 72
2026/09/16 23:29:21.335, 100 %, 14 %, 15664 MiB, 16384 MiB, 67.83 W, 71
2026/09/16 23:29:22.338, 1 %, 2 %, 15664 MiB, 16384 MiB, 77.14 W, 70
2026/09/16 23:29:23.340, 2 %, 3 %, 15664 MiB, 16384 MiB, 66.46 W, 70
2026/09/16 23:29:24.343, 39 %, 4 %, 15664 MiB, 16384 MiB, 66.25 W, 69
2026/09/16 23:29:25.345, 87 %, 5 %, 15664 MiB, 16384 MiB, 65.98 W, 69
2026/09/16 23:29:26.348, 79 %, 7 %, 15664 MiB, 16384 MiB, 67.67 W, 69
2026/09/16 23:29:27.350, 68 %, 9 %, 15664 MiB, 16384 MiB, 68.02 W, 69
2026/09/16 23:29:28.352, 54 %, 9 %, 15664 MiB, 16384 MiB, 67.50 W, 69
2026/09/16 23:29:29.355, 42 %, 8 %, 15664 MiB, 16384 MiB, 67.74 W, 68
2026/09/16 23:29:30.357, 27 %, 8 %, 15664 MiB, 16384 MiB, 67.67 W, 68
2026/09/16 23:29:31.361, 6 %, 7 %, 15664 MiB, 16384 MiB, 70.26 W, 68
2026/09/16 23:29:32.365, 1 %, 2 %, 15664 MiB, 16384 MiB, 76.89 W, 68
2026/09/16 23:29:33.368, 1 %, 3 %, 15664 MiB, 16384 MiB, 77.10 W, 68
2026/09/16 23:29:34.371, 2 %, 3 %, 15664 MiB, 16384 MiB, 74.21 W, 67
2026/09/16 23:29:35.373, 27 %, 4 %, 15664 MiB, 16384 MiB, 65.64 W, 67
2026/09/16 23:29:36.376, 57 %, 4 %, 15664 MiB, 16384 MiB, 65.38 W, 67
2026/09/16 23:29:37.378, 81 %, 5 %, 15664 MiB, 16384 MiB, 65.41 W, 67
2026/09/16 23:29:38.380, 100 %, 5 %, 15664 MiB, 16384 MiB, 65.48 W, 66
2026/09/16 23:29:39.383, 100 %, 11 %, 15664 MiB, 16384 MiB, 66.06 W, 66
2026/09/16 23:29:40.386, 86 %, 10 %, 15664 MiB, 16384 MiB, 66.41 W, 66
2026/09/16 23:29:41.388, 70 %, 10 %, 15664 MiB, 16384 MiB, 66.97 W, 66
2026/09/16 23:29:42.391, 6 %, 7 %, 15664 MiB, 16384 MiB, 64.38 W, 66
2026/09/16 23:29:43.393, 18 %, 7 %, 15664 MiB, 16384 MiB, 65.98 W, 66
2026/09/16 23:29:44.396, 1 %, 2 %, 15664 MiB, 16384 MiB, 75.19 W, 65
2026/09/16 23:29:45.398, 4 %, 3 %, 15664 MiB, 16384 MiB, 64.42 W, 65
2026/09/16 23:29:46.400, 33 %, 4 %, 15664 MiB, 16384 MiB, 64.32 W, 65
2026/09/16 23:29:47.403, 83 %, 5 %, 15664 MiB, 16384 MiB, 64.12 W, 65
2026/09/16 23:29:48.405, 95 %, 8 %, 15664 MiB, 16384 MiB, 65.02 W, 65
2026/09/16 23:29:49.407, 85 %, 10 %, 15664 MiB, 16384 MiB, 65.74 W, 65
2026/09/16 23:29:50.410, 71 %, 10 %, 15664 MiB, 16384 MiB, 68.82 W, 64
2026/09/16 23:29:51.414, 56 %, 9 %, 15664 MiB, 16384 MiB, 68.81 W, 64
2026/09/16 23:29:52.417, 39 %, 8 %, 15664 MiB, 16384 MiB, 66.05 W, 64
2026/09/16 23:29:53.423, 7 %, 7 %, 15664 MiB, 16384 MiB, 63.83 W, 64
2026/09/16 23:29:54.426, 15 %, 7 %, 15664 MiB, 16384 MiB, 65.04 W, 64
2026/09/16 23:29:55.428, 1 %, 2 %, 15664 MiB, 16384 MiB, 74.25 W, 64
2026/09/16 23:29:56.431, 2 %, 3 %, 15664 MiB, 16384 MiB, 73.90 W, 64
2026/09/16 23:29:57.434, 18 %, 3 %, 15664 MiB, 16384 MiB, 63.32 W, 63
2026/09/16 23:29:58.438, 67 %, 4 %, 15664 MiB, 16384 MiB, 62.96 W, 63
2026/09/16 23:29:59.441, 100 %, 6 %, 15664 MiB, 16384 MiB, 63.38 W, 63
2026/09/16 23:30:00.445, 93 %, 10 %, 15664 MiB, 16384 MiB, 64.40 W, 63
2026/09/16 23:30:01.448, 78 %, 10 %, 15664 MiB, 16384 MiB, 65.32 W, 63
2026/09/16 23:30:02.452, 59 %, 9 %, 15664 MiB, 16384 MiB, 65.24 W, 63
2026/09/16 23:30:03.455, 43 %, 9 %, 15664 MiB, 16384 MiB, 65.49 W, 63
2026/09/16 23:30:04.459, 7 %, 7 %, 15664 MiB, 16384 MiB, 62.34 W, 63
2026/09/16 23:30:05.461, 1 %, 2 %, 15664 MiB, 16384 MiB, 73.85 W, 62
2026/09/16 23:30:06.464, 1 %, 2 %, 15664 MiB, 16384 MiB, 62.11 W, 63
2026/09/16 23:30:07.466, 25 %, 3 %, 15664 MiB, 16384 MiB, 62.74 W, 62
2026/09/16 23:30:08.469, 61 %, 5 %, 15664 MiB, 16384 MiB, 65.55 W, 62
2026/09/16 23:30:09.471, 99 %, 10 %, 15664 MiB, 16384 MiB, 65.33 W, 62
2026/09/16 23:30:10.474, 69 %, 7 %, 15664 MiB, 16384 MiB, 65.34 W, 62
2026/09/16 23:30:11.478, 61 %, 9 %, 15664 MiB, 16384 MiB, 65.58 W, 62
2026/09/16 23:30:12.481, 47 %, 9 %, 15664 MiB, 16384 MiB, 65.45 W, 62
2026/09/16 23:30:13.484, 27 %, 8 %, 15664 MiB, 16384 MiB, 65.48 W, 62
2026/09/16 23:30:14.488, 11 %, 8 %, 15664 MiB, 16384 MiB, 65.54 W, 62
2026/09/16 23:30:15.491, 1 %, 2 %, 15664 MiB, 16384 MiB, 74.17 W, 62
2026/09/16 23:30:16.494, 1 %, 2 %, 15664 MiB, 16384 MiB, 73.93 W, 62
2026/09/16 23:30:17.497, 1 %, 2 %, 15664 MiB, 16384 MiB, 63.97 W, 62
2026/09/16 23:30:18.500, 21 %, 3 %, 15664 MiB, 16384 MiB, 62.17 W, 61
2026/09/16 23:30:19.503, 33 %, 4 %, 15664 MiB, 16384 MiB, 62.67 W, 61
2026/09/16 23:30:20.507, 86 %, 5 %, 15664 MiB, 16384 MiB, 62.22 W, 61
2026/09/16 23:30:21.511, 97 %, 8 %, 15664 MiB, 16384 MiB, 63.36 W, 61
2026/09/16 23:30:22.513, 79 %, 10 %, 15664 MiB, 16384 MiB, 64.23 W, 61
2026/09/16 23:30:23.516, 61 %, 9 %, 15664 MiB, 16384 MiB, 64.89 W, 61
2026/09/16 23:30:24.519, 45 %, 9 %, 15664 MiB, 16384 MiB, 64.85 W, 61
2026/09/16 23:30:25.523, 29 %, 8 %, 15664 MiB, 16384 MiB, 67.87 W, 61
2026/09/16 23:30:26.526, 6 %, 7 %, 15664 MiB, 16384 MiB, 64.78 W, 61
2026/09/16 23:30:27.530, 1 %, 2 %, 15664 MiB, 16384 MiB, 73.25 W, 61
2026/09/16 23:30:28.535, 1 %, 2 %, 15664 MiB, 16384 MiB, 62.02 W, 61
2026/09/16 23:30:29.538, 46 %, 4 %, 15664 MiB, 16384 MiB, 62.22 W, 60
2026/09/16 23:30:30.541, 92 %, 10 %, 15664 MiB, 16384 MiB, 63.12 W, 60
2026/09/16 23:30:31.544, 40 %, 8 %, 15664 MiB, 16384 MiB, 64.68 W, 60
2026/09/16 23:30:32.547, 11 %, 5 %, 15664 MiB, 16384 MiB, 64.89 W, 60
2026/09/16 23:30:33.551, 1 %, 2 %, 15664 MiB, 16384 MiB, 75.74 W, 60
2026/09/16 23:30:34.554, 1 %, 2 %, 15664 MiB, 16384 MiB, 74.42 W, 60
2026/09/16 23:30:35.558, 1 %, 2 %, 15664 MiB, 16384 MiB, 73.55 W, 60
2026/09/16 23:30:36.561, 5 %, 2 %, 15664 MiB, 16384 MiB, 66.50 W, 60
2026/09/16 23:30:37.564, 17 %, 3 %, 15664 MiB, 16384 MiB, 61.65 W, 60
2026/09/16 23:30:38.569, 35 %, 3 %, 15664 MiB, 16384 MiB, 61.84 W, 60
2026/09/16 23:30:39.571, 48 %, 4 %, 15664 MiB, 16384 MiB, 61.90 W, 60
2026/09/16 23:30:40.574, 69 %, 5 %, 15664 MiB, 16384 MiB, 61.93 W, 60
2026/09/16 23:30:41.578, 100 %, 5 %, 15664 MiB, 16384 MiB, 62.24 W, 60
2026/09/16 23:30:42.581, 74 %, 9 %, 15664 MiB, 16384 MiB, 63.95 W, 60
2026/09/16 23:30:43.584, 49 %, 6 %, 15664 MiB, 16384 MiB, 64.76 W, 60
2026/09/16 23:30:44.587, 29 %, 8 %, 15664 MiB, 16384 MiB, 65.76 W, 60
2026/09/16 23:30:45.591, 16 %, 8 %, 15664 MiB, 16384 MiB, 66.99 W, 60
2026/09/16 23:30:46.594, 1 %, 2 %, 15664 MiB, 16384 MiB, 75.46 W, 60
2026/09/16 23:30:47.597, 1 %, 2 %, 15664 MiB, 16384 MiB, 73.98 W, 60
2026/09/16 23:30:48.601, 1 %, 2 %, 15664 MiB, 16384 MiB, 72.28 W, 60
2026/09/16 23:30:49.604, 10 %, 2 %, 15664 MiB, 16384 MiB, 61.49 W, 60
2026/09/16 23:30:50.608, 38 %, 3 %, 15664 MiB, 16384 MiB, 61.63 W, 60
2026/09/16 23:30:51.611, 92 %, 5 %, 15664 MiB, 16384 MiB, 61.97 W, 59
2026/09/16 23:30:52.614, 65 %, 9 %, 15664 MiB, 16384 MiB, 64.13 W, 60
2026/09/16 23:30:53.616, 24 %, 8 %, 15664 MiB, 16384 MiB, 63.72 W, 59
2026/09/16 23:30:54.620, 1 %, 2 %, 15664 MiB, 16384 MiB, 69.60 W, 59
2026/09/16 23:30:55.623, 1 %, 2 %, 15664 MiB, 16384 MiB, 74.12 W, 59
2026/09/16 23:30:56.627, 1 %, 2 %, 15664 MiB, 16384 MiB, 73.25 W, 59
2026/09/16 23:30:57.630, 3 %, 2 %, 15664 MiB, 16384 MiB, 71.18 W, 60
2026/09/16 23:30:58.633, 19 %, 3 %, 15664 MiB, 16384 MiB, 60.70 W, 60
2026/09/16 23:30:59.637, 32 %, 3 %, 15664 MiB, 16384 MiB, 61.32 W, 59
2026/09/16 23:31:00.641, 46 %, 4 %, 15664 MiB, 16384 MiB, 61.57 W, 59
2026/09/16 23:31:01.644, 68 %, 5 %, 15664 MiB, 16384 MiB, 61.47 W, 59
2026/09/16 23:31:02.646, 91 %, 5 %, 15664 MiB, 16384 MiB, 61.90 W, 59
2026/09/16 23:31:03.648, 90 %, 10 %, 15664 MiB, 16384 MiB, 65.38 W, 59
2026/09/16 23:31:04.650, 60 %, 9 %, 15664 MiB, 16384 MiB, 65.86 W, 59
2026/09/16 23:31:05.653, 17 %, 6 %, 15664 MiB, 16384 MiB, 64.39 W, 59
2026/09/16 23:31:06.655, 1 %, 2 %, 15664 MiB, 16384 MiB, 75.13 W, 59
2026/09/16 23:31:07.658, 1 %, 2 %, 15664 MiB, 16384 MiB, 73.69 W, 59
2026/09/16 23:31:08.660, 1 %, 2 %, 15664 MiB, 16384 MiB, 72.85 W, 59
2026/09/16 23:31:09.663, 3 %, 2 %, 15664 MiB, 16384 MiB, 70.83 W, 59
2026/09/16 23:31:10.666, 23 %, 3 %, 15664 MiB, 16384 MiB, 60.75 W, 59
2026/09/16 23:31:11.669, 32 %, 3 %, 15664 MiB, 16384 MiB, 60.91 W, 59
2026/09/16 23:31:12.673, 61 %, 4 %, 15664 MiB, 16384 MiB, 61.00 W, 59
2026/09/16 23:31:13.676, 97 %, 10 %, 15664 MiB, 16384 MiB, 61.45 W, 59
2026/09/16 23:31:14.679, 64 %, 9 %, 15664 MiB, 16384 MiB, 63.50 W, 59
2026/09/16 23:31:15.683, 13 %, 8 %, 15664 MiB, 16384 MiB, 62.85 W, 59
2026/09/16 23:31:16.687, 1 %, 2 %, 15664 MiB, 16384 MiB, 68.29 W, 59
2026/09/16 23:31:17.690, 1 %, 2 %, 15664 MiB, 16384 MiB, 73.19 W, 59
2026/09/16 23:31:18.692, 1 %, 2 %, 15664 MiB, 16384 MiB, 72.20 W, 59
2026/09/16 23:31:19.694, 13 %, 2 %, 15664 MiB, 16384 MiB, 63.87 W, 59
2026/09/16 23:31:20.697, 29 %, 3 %, 15664 MiB, 16384 MiB, 62.95 W, 59
2026/09/16 23:31:21.699, 44 %, 4 %, 15664 MiB, 16384 MiB, 63.44 W, 59
2026/09/16 23:31:22.702, 56 %, 4 %, 15664 MiB, 16384 MiB, 60.72 W, 59
2026/09/16 23:31:23.704, 80 %, 5 %, 15664 MiB, 16384 MiB, 61.11 W, 59
2026/09/16 23:31:24.707, 100 %, 5 %, 15664 MiB, 16384 MiB, 61.35 W, 59
2026/09/16 23:31:25.709, 76 %, 9 %, 15664 MiB, 16384 MiB, 63.04 W, 59
2026/09/16 23:31:26.711, 46 %, 8 %, 15664 MiB, 16384 MiB, 63.95 W, 59
2026/09/16 23:31:27.714, 4 %, 4 %, 15664 MiB, 16384 MiB, 63.94 W, 59
2026/09/16 23:31:28.716, 2 %, 3 %, 15664 MiB, 16384 MiB, 73.61 W, 59
2026/09/16 23:31:29.719, 1 %, 2 %, 15664 MiB, 16384 MiB, 72.33 W, 59
2026/09/16 23:31:30.721, 5 %, 2 %, 15664 MiB, 16384 MiB, 70.52 W, 59
2026/09/16 23:31:31.724, 21 %, 3 %, 15664 MiB, 16384 MiB, 60.56 W, 59
2026/09/16 23:31:32.726, 39 %, 3 %, 15664 MiB, 16384 MiB, 60.86 W, 59
2026/09/16 23:31:33.729, 53 %, 4 %, 15664 MiB, 16384 MiB, 60.82 W, 59
2026/09/16 23:31:34.731, 88 %, 5 %, 15664 MiB, 16384 MiB, 60.80 W, 59
2026/09/16 23:31:35.733, 70 %, 9 %, 15664 MiB, 16384 MiB, 62.89 W, 59
2026/09/16 23:31:36.736, 30 %, 8 %, 15664 MiB, 16384 MiB, 63.33 W, 59
2026/09/16 23:31:37.738, 1 %, 2 %, 15664 MiB, 16384 MiB, 72.66 W, 59
2026/09/16 23:31:38.740, 1 %, 2 %, 15664 MiB, 16384 MiB, 69.38 W, 59
2026/09/16 23:31:39.743, 9 %, 2 %, 15664 MiB, 16384 MiB, 72.42 W, 59
2026/09/16 23:31:40.745, 21 %, 3 %, 15664 MiB, 16384 MiB, 60.48 W, 58
2026/09/16 23:31:41.748, 37 %, 3 %, 15664 MiB, 16384 MiB, 60.80 W, 58
2026/09/16 23:31:42.750, 52 %, 4 %, 15664 MiB, 16384 MiB, 61.05 W, 58
2026/09/16 23:31:43.753, 69 %, 4 %, 15664 MiB, 16384 MiB, 61.03 W, 59
2026/09/16 23:31:44.755, 84 %, 5 %, 15664 MiB, 16384 MiB, 61.01 W, 58
2026/09/16 23:31:45.758, 95 %, 5 %, 15664 MiB, 16384 MiB, 61.11 W, 58
2026/09/16 23:31:46.760, 93 %, 10 %, 15664 MiB, 16384 MiB, 62.08 W, 58
2026/09/16 23:31:47.762, 65 %, 9 %, 15664 MiB, 16384 MiB, 63.13 W, 58
2026/09/16 23:31:48.765, 13 %, 8 %, 15664 MiB, 16384 MiB, 62.75 W, 59
2026/09/16 23:31:49.768, 2 %, 3 %, 15664 MiB, 16384 MiB, 67.97 W, 59
2026/09/16 23:31:50.771, 2 %, 3 %, 15664 MiB, 16384 MiB, 72.11 W, 59
2026/09/16 23:31:51.774, 11 %, 3 %, 15664 MiB, 16384 MiB, 60.29 W, 59
2026/09/16 23:31:52.777, 29 %, 3 %, 15664 MiB, 16384 MiB, 60.88 W, 59
2026/09/16 23:31:53.780, 51 %, 4 %, 15664 MiB, 16384 MiB, 60.85 W, 58
2026/09/16 23:31:54.784, 68 %, 4 %, 15664 MiB, 16384 MiB, 60.88 W, 58
2026/09/16 23:31:55.787, 75 %, 4 %, 15664 MiB, 16384 MiB, 63.55 W, 59
2026/09/16 23:31:56.791, 100 %, 33 %, 15664 MiB, 16384 MiB, 126.12 W, 61
2026/09/16 23:31:57.793, 100 %, 5 %, 15664 MiB, 16384 MiB, 119.47 W, 61
2026/09/16 23:31:58.795, 100 %, 6 %, 15664 MiB, 16384 MiB, 126.01 W, 61
2026/09/16 23:31:59.798, 100 %, 0 %, 15664 MiB, 16384 MiB, 122.13 W, 62
2026/09/16 23:32:00.800, 100 %, 40 %, 15664 MiB, 16384 MiB, 204.07 W, 61
2026/09/16 23:32:01.806, 100 %, 33 %, 15664 MiB, 16384 MiB, 115.08 W, 62
2026/09/16 23:32:02.808, 100 %, 0 %, 15664 MiB, 16384 MiB, 120.15 W, 62
2026/09/16 23:32:03.810, 100 %, 6 %, 15664 MiB, 16384 MiB, 126.74 W, 63
2026/09/16 23:32:04.812, 100 %, 2 %, 15664 MiB, 16384 MiB, 161.56 W, 65
2026/09/16 23:32:05.818, 100 %, 21 %, 15664 MiB, 16384 MiB, 101.90 W, 63
2026/09/16 23:32:06.820, 100 %, 8 %, 15664 MiB, 16384 MiB, 127.28 W, 63
2026/09/16 23:32:07.824, 100 %, 0 %, 15664 MiB, 16384 MiB, 123.67 W, 64
2026/09/16 23:32:08.826, 100 %, 15 %, 15664 MiB, 16384 MiB, 225.41 W, 65
2026/09/16 23:32:09.829, 100 %, 46 %, 15664 MiB, 16384 MiB, 130.42 W, 64
2026/09/16 23:32:10.832, 100 %, 6 %, 15664 MiB, 16384 MiB, 125.17 W, 65
2026/09/16 23:32:11.834, 100 %, 1 %, 15664 MiB, 16384 MiB, 121.46 W, 65
2026/09/16 23:32:12.836, 100 %, 18 %, 15664 MiB, 16384 MiB, 229.35 W, 66
2026/09/16 23:32:13.839, 100 %, 42 %, 15664 MiB, 16384 MiB, 128.85 W, 65
2026/09/16 23:32:14.841, 100 %, 3 %, 15664 MiB, 16384 MiB, 119.97 W, 65
2026/09/16 23:32:15.844, 100 %, 6 %, 15664 MiB, 16384 MiB, 126.58 W, 66
2026/09/16 23:32:16.846, 100 %, 0 %, 15664 MiB, 16384 MiB, 122.94 W, 66
2026/09/16 23:32:17.849, 100 %, 41 %, 15664 MiB, 16384 MiB, 60.92 W, 65
2026/09/16 23:32:18.851, 100 %, 7 %, 15664 MiB, 16384 MiB, 122.62 W, 66
2026/09/16 23:32:19.854, 100 %, 0 %, 15664 MiB, 16384 MiB, 122.78 W, 66
2026/09/16 23:32:20.856, 100 %, 4 %, 15664 MiB, 16384 MiB, 124.19 W, 66
2026/09/16 23:32:21.859, 100 %, 23 %, 15664 MiB, 16384 MiB, 237.65 W, 69
2026/09/16 23:32:22.863, 100 %, 5 %, 15664 MiB, 16384 MiB, 132.00 W, 67
2026/09/16 23:32:23.865, 100 %, 6 %, 15664 MiB, 16384 MiB, 126.11 W, 67
2026/09/16 23:32:24.867, 100 %, 0 %, 15664 MiB, 16384 MiB, 124.29 W, 67
2026/09/16 23:32:25.869, 100 %, 28 %, 15664 MiB, 16384 MiB, 238.18 W, 70
2026/09/16 23:32:26.876, 100 %, 45 %, 15664 MiB, 16384 MiB, 118.32 W, 68
2026/09/16 23:32:27.881, 100 %, 8 %, 15664 MiB, 16384 MiB, 127.96 W, 68
2026/09/16 23:32:28.883, 100 %, 0 %, 15664 MiB, 16384 MiB, 123.54 W, 68
2026/09/16 23:32:29.886, 100 %, 28 %, 15664 MiB, 16384 MiB, 125.39 W, 70
2026/09/16 23:32:30.889, 100 %, 46 %, 15664 MiB, 16384 MiB, 247.32 W, 68
2026/09/16 23:32:31.894, 100 %, 3 %, 15664 MiB, 16384 MiB, 121.59 W, 68
2026/09/16 23:32:32.897, 100 %, 8 %, 15664 MiB, 16384 MiB, 129.03 W, 69
2026/09/16 23:32:33.899, 100 %, 0 %, 15664 MiB, 16384 MiB, 125.25 W, 69
2026/09/16 23:32:34.903, 100 %, 2 %, 15664 MiB, 16384 MiB, 239.70 W, 68
2026/09/16 23:32:35.906, 100 %, 45 %, 15664 MiB, 16384 MiB, 109.97 W, 69
2026/09/16 23:32:36.908, 100 %, 4 %, 15664 MiB, 16384 MiB, 123.59 W, 69
2026/09/16 23:32:37.910, 100 %, 7 %, 15664 MiB, 16384 MiB, 130.77 W, 70
2026/09/16 23:32:38.913, 100 %, 0 %, 15664 MiB, 16384 MiB, 125.88 W, 73
2026/09/16 23:32:39.918, 100 %, 42 %, 15664 MiB, 16384 MiB, 62.88 W, 69
2026/09/16 23:32:40.921, 100 %, 41 %, 15664 MiB, 16384 MiB, 126.28 W, 70
2026/09/16 23:32:41.923, 100 %, 0 %, 15664 MiB, 16384 MiB, 124.63 W, 70
2026/09/16 23:32:42.925, 100 %, 6 %, 15664 MiB, 16384 MiB, 127.07 W, 71
2026/09/16 23:32:43.928, 100 %, 35 %, 15664 MiB, 16384 MiB, 61.09 W, 71
2026/09/16 23:32:44.932, 100 %, 40 %, 15664 MiB, 16384 MiB, 125.39 W, 70
2026/09/16 23:32:45.935, 100 %, 0 %, 15664 MiB, 16384 MiB, 124.66 W, 70
2026/09/16 23:32:46.938, 100 %, 6 %, 15664 MiB, 16384 MiB, 127.35 W, 70
2026/09/16 23:32:47.940, 100 %, 0 %, 15664 MiB, 16384 MiB, 221.24 W, 72
2026/09/16 23:32:48.944, 100 %, 43 %, 15664 MiB, 16384 MiB, 117.54 W, 70
2026/09/16 23:32:49.948, 100 %, 10 %, 15664 MiB, 16384 MiB, 129.39 W, 71
2026/09/16 23:32:50.951, 100 %, 0 %, 15664 MiB, 16384 MiB, 127.00 W, 71
2026/09/16 23:32:51.953, 100 %, 4 %, 15664 MiB, 16384 MiB, 181.75 W, 74
2026/09/16 23:32:52.956, 100 %, 6 %, 15664 MiB, 16384 MiB, 173.35 W, 71
2026/09/16 23:32:53.959, 100 %, 18 %, 15664 MiB, 16384 MiB, 124.35 W, 71
2026/09/16 23:32:54.961, 100 %, 6 %, 15664 MiB, 16384 MiB, 129.89 W, 71
2026/09/16 23:32:55.963, 100 %, 0 %, 15664 MiB, 16384 MiB, 126.90 W, 71
2026/09/16 23:32:56.966, 100 %, 2 %, 15664 MiB, 16384 MiB, 204.39 W, 71
2026/09/16 23:32:57.968, 100 %, 44 %, 15664 MiB, 16384 MiB, 117.11 W, 71
2026/09/16 23:32:58.970, 100 %, 4 %, 15664 MiB, 16384 MiB, 124.56 W, 71
2026/09/16 23:32:59.973, 100 %, 5 %, 15664 MiB, 16384 MiB, 129.79 W, 71
2026/09/16 23:33:00.975, 100 %, 2 %, 15664 MiB, 16384 MiB, 127.78 W, 74
2026/09/16 23:33:01.982, 100 %, 44 %, 15664 MiB, 16384 MiB, 138.28 W, 70
2026/09/16 23:33:02.985, 100 %, 40 %, 15664 MiB, 16384 MiB, 67.31 W, 71
2026/09/16 23:33:03.987, 100 %, 7 %, 15664 MiB, 16384 MiB, 103.62 W, 71
2026/09/16 23:33:04.989, 100 %, 5 %, 15664 MiB, 16384 MiB, 124.17 W, 71
2026/09/16 23:33:05.991, 100 %, 3 %, 15664 MiB, 16384 MiB, 124.53 W, 74
2026/09/16 23:33:06.999, 100 %, 5 %, 15664 MiB, 16384 MiB, 208.31 W, 74
2026/09/16 23:33:08.002, 100 %, 46 %, 15664 MiB, 16384 MiB, 192.32 W, 72
2026/09/16 23:33:09.005, 100 %, 48 %, 15664 MiB, 16384 MiB, 106.21 W, 72
2026/09/16 23:33:10.011, 100 %, 7 %, 15664 MiB, 16384 MiB, 108.78 W, 72
2026/09/16 23:33:11.013, 100 %, 4 %, 15664 MiB, 16384 MiB, 124.56 W, 72
2026/09/16 23:33:12.016, 100 %, 0 %, 15664 MiB, 16384 MiB, 125.80 W, 75
2026/09/16 23:33:13.019, 100 %, 30 %, 15664 MiB, 16384 MiB, 242.23 W, 73
2026/09/16 23:33:14.022, 100 %, 46 %, 15664 MiB, 16384 MiB, 129.23 W, 72
2026/09/16 23:33:15.024, 100 %, 23 %, 15664 MiB, 16384 MiB, 121.33 W, 72
2026/09/16 23:33:16.027, 100 %, 4 %, 15664 MiB, 16384 MiB, 180.19 W, 75
2026/09/16 23:33:17.030, 100 %, 48 %, 15664 MiB, 16384 MiB, 188.25 W, 72
2026/09/16 23:33:18.032, 100 %, 44 %, 15664 MiB, 16384 MiB, 65.53 W, 71
2026/09/16 23:33:19.035, 20 %, 5 %, 15664 MiB, 16384 MiB, 65.00 W, 72
2026/09/16 23:33:20.039, 100 %, 33 %, 15664 MiB, 16384 MiB, 142.64 W, 72
2026/09/16 23:33:21.041, 100 %, 3 %, 15664 MiB, 16384 MiB, 118.46 W, 72
2026/09/16 23:33:22.044, 100 %, 32 %, 15664 MiB, 16384 MiB, 125.68 W, 75
2026/09/16 23:33:23.056, 100 %, 43 %, 15664 MiB, 16384 MiB, 240.28 W, 72
2026/09/16 23:33:24.061, 100 %, 23 %, 15664 MiB, 16384 MiB, 95.52 W, 71
2026/09/16 23:33:25.069, 100 %, 44 %, 15664 MiB, 16384 MiB, 67.38 W, 72
2026/09/16 23:33:26.075, 100 %, 35 %, 15664 MiB, 16384 MiB, 124.59 W, 72
2026/09/16 23:33:27.078, 100 %, 7 %, 15664 MiB, 16384 MiB, 125.06 W, 72
2026/09/16 23:33:28.080, 71 %, 6 %, 15664 MiB, 16384 MiB, 160.51 W, 75
2026/09/16 23:33:29.085, 100 %, 4 %, 15664 MiB, 16384 MiB, 212.34 W, 72
2026/09/16 23:33:30.091, 100 %, 38 %, 15664 MiB, 16384 MiB, 66.02 W, 71
2026/09/16 23:33:31.094, 100 %, 46 %, 15664 MiB, 16384 MiB, 97.73 W, 72
2026/09/16 23:33:32.096, 100 %, 12 %, 15664 MiB, 16384 MiB, 125.47 W, 73
2026/09/16 23:33:33.098, 100 %, 6 %, 15664 MiB, 16384 MiB, 125.92 W, 73
2026/09/16 23:33:34.101, 100 %, 3 %, 15664 MiB, 16384 MiB, 224.53 W, 75
2026/09/16 23:33:35.104, 100 %, 13 %, 15664 MiB, 16384 MiB, 150.40 W, 73
2026/09/16 23:33:36.108, 100 %, 44 %, 15664 MiB, 16384 MiB, 120.28 W, 73
2026/09/16 23:33:37.113, 100 %, 36 %, 15664 MiB, 16384 MiB, 135.69 W, 76
2026/09/16 23:33:38.115, 100 %, 13 %, 15664 MiB, 16384 MiB, 87.08 W, 72
2026/09/16 23:33:39.118, 15 %, 3 %, 15664 MiB, 16384 MiB, 123.18 W, 73
2026/09/16 23:33:40.131, 87 %, 5 %, 15664 MiB, 16384 MiB, 67.62 W, 71
2026/09/16 23:33:41.133, 91 %, 21 %, 15664 MiB, 16384 MiB, 69.11 W, 70
2026/09/16 23:33:42.135, 6 %, 3 %, 15664 MiB, 16384 MiB, 155.77 W, 71
2026/09/16 23:33:43.138, 1 %, 2 %, 15664 MiB, 16384 MiB, 66.81 W, 70
2026/09/16 23:33:44.140, 82 %, 5 %, 15664 MiB, 16384 MiB, 67.03 W, 70
2026/09/16 23:33:45.143, 100 %, 14 %, 15664 MiB, 16384 MiB, 67.43 W, 70
2026/09/16 23:33:46.145, 68 %, 21 %, 15664 MiB, 16384 MiB, 68.75 W, 70
2026/09/16 23:33:47.149, 11 %, 2 %, 15664 MiB, 16384 MiB, 129.79 W, 70
2026/09/16 23:33:48.152, 29 %, 3 %, 15664 MiB, 16384 MiB, 97.40 W, 71
2026/09/16 23:33:49.154, 1 %, 2 %, 15664 MiB, 16384 MiB, 66.41 W, 69
2026/09/16 23:33:50.157, 100 %, 9 %, 15664 MiB, 16384 MiB, 68.57 W, 69
2026/09/16 23:33:51.159, 80 %, 21 %, 15664 MiB, 16384 MiB, 89.32 W, 69
2026/09/16 23:33:52.162, 5 %, 3 %, 15664 MiB, 16384 MiB, 101.05 W, 70
2026/09/16 23:33:53.167, 38 %, 4 %, 15664 MiB, 16384 MiB, 68.99 W, 68
2026/09/16 23:33:54.169, 100 %, 11 %, 15664 MiB, 16384 MiB, 70.73 W, 68
2026/09/16 23:33:55.173, 71 %, 13 %, 15664 MiB, 16384 MiB, 68.85 W, 68
2026/09/16 23:33:56.176, 34 %, 12 %, 15664 MiB, 16384 MiB, 182.84 W, 69
2026/09/16 23:33:57.178, 5 %, 2 %, 15664 MiB, 16384 MiB, 65.27 W, 70
2026/09/16 23:33:58.181, 59 %, 4 %, 15664 MiB, 16384 MiB, 65.41 W, 68
2026/09/16 23:33:59.183, 100 %, 9 %, 15664 MiB, 16384 MiB, 67.77 W, 67
2026/09/16 23:34:00.186, 82 %, 21 %, 15664 MiB, 16384 MiB, 78.97 W, 67
2026/09/16 23:34:01.188, 23 %, 9 %, 15664 MiB, 16384 MiB, 135.35 W, 68
2026/09/16 23:34:02.191, 1 %, 2 %, 15664 MiB, 16384 MiB, 71.68 W, 67
2026/09/16 23:34:03.193, 1 %, 2 %, 15664 MiB, 16384 MiB, 65.56 W, 67
2026/09/16 23:34:04.196, 31 %, 3 %, 15664 MiB, 16384 MiB, 65.50 W, 66
2026/09/16 23:34:05.198, 74 %, 5 %, 15664 MiB, 16384 MiB, 65.82 W, 66
2026/09/16 23:34:06.201, 7 %, 7 %, 15664 MiB, 16384 MiB, 65.56 W, 66
2026/09/16 23:34:07.203, 63 %, 9 %, 15664 MiB, 16384 MiB, 67.57 W, 66
2026/09/16 23:34:08.205, 49 %, 9 %, 15664 MiB, 16384 MiB, 67.74 W, 66
2026/09/16 23:34:09.208, 36 %, 8 %, 15664 MiB, 16384 MiB, 78.39 W, 66
2026/09/16 23:34:10.210, 20 %, 8 %, 15664 MiB, 16384 MiB, 77.67 W, 65
2026/09/16 23:34:11.213, 6 %, 6 %, 15664 MiB, 16384 MiB, 78.73 W, 65
2026/09/16 23:34:12.215, 1 %, 2 %, 15664 MiB, 16384 MiB, 69.11 W, 65
2026/09/16 23:34:13.218, 1 %, 2 %, 15664 MiB, 16384 MiB, 64.46 W, 65
2026/09/16 23:34:14.222, 6 %, 2 %, 15664 MiB, 16384 MiB, 64.41 W, 65
2026/09/16 23:34:15.224, 63 %, 4 %, 15664 MiB, 16384 MiB, 64.36 W, 65
2026/09/16 23:34:16.227, 98 %, 5 %, 15664 MiB, 16384 MiB, 65.88 W, 64
2026/09/16 23:34:17.230, 7 %, 7 %, 15664 MiB, 16384 MiB, 64.39 W, 64
2026/09/16 23:34:18.236, 49 %, 9 %, 15664 MiB, 16384 MiB, 66.74 W, 64
2026/09/16 23:34:19.239, 33 %, 8 %, 15664 MiB, 16384 MiB, 77.62 W, 64
2026/09/16 23:34:20.244, 17 %, 8 %, 15664 MiB, 16384 MiB, 76.36 W, 64
2026/09/16 23:34:21.249, 3 %, 3 %, 15664 MiB, 16384 MiB, 75.20 W, 64
2026/09/16 23:34:22.254, 1 %, 2 %, 15664 MiB, 16384 MiB, 69.94 W, 64
2026/09/16 23:34:23.259, 1 %, 2 %, 15664 MiB, 16384 MiB, 63.18 W, 64
2026/09/16 23:34:24.264, 5 %, 3 %, 15664 MiB, 16384 MiB, 63.67 W, 63
2026/09/16 23:34:25.266, 50 %, 4 %, 15664 MiB, 16384 MiB, 63.51 W, 63
2026/09/16 23:34:26.269, 83 %, 4 %, 15664 MiB, 16384 MiB, 64.13 W, 63
2026/09/16 23:34:27.273, 69 %, 9 %, 15664 MiB, 16384 MiB, 65.33 W, 63
2026/09/16 23:34:28.275, 7 %, 7 %, 15664 MiB, 16384 MiB, 74.08 W, 63
2026/09/16 23:34:29.278, 2 %, 3 %, 15664 MiB, 16384 MiB, 77.56 W, 63
2026/09/16 23:34:30.280, 1 %, 2 %, 15664 MiB, 16384 MiB, 73.53 W, 63
2026/09/16 23:34:31.283, 1 %, 2 %, 15664 MiB, 16384 MiB, 63.10 W, 63
2026/09/16 23:34:32.287, 1 %, 2 %, 15664 MiB, 16384 MiB, 63.20 W, 63
2026/09/16 23:34:33.291, 15 %, 3 %, 15664 MiB, 16384 MiB, 63.31 W, 62
2026/09/16 23:34:34.293, 1 %, 2 %, 15664 MiB, 16384 MiB, 63.40 W, 62
2026/09/16 23:34:35.295, 40 %, 3 %, 15664 MiB, 16384 MiB, 63.45 W, 62
2026/09/16 23:34:36.298, 57 %, 4 %, 15664 MiB, 16384 MiB, 63.42 W, 62
2026/09/16 23:34:37.300, 71 %, 5 %, 15664 MiB, 16384 MiB, 63.42 W, 62
2026/09/16 23:34:38.303, 100 %, 5 %, 15664 MiB, 16384 MiB, 65.39 W, 62
2026/09/16 23:34:39.305, 7 %, 7 %, 15664 MiB, 16384 MiB, 63.51 W, 62
2026/09/16 23:34:40.307, 49 %, 9 %, 15664 MiB, 16384 MiB, 65.93 W, 62
2026/09/16 23:34:41.310, 27 %, 8 %, 15664 MiB, 16384 MiB, 76.68 W, 62
2026/09/16 23:34:42.312, 11 %, 8 %, 15664 MiB, 16384 MiB, 75.34 W, 62
2026/09/16 23:34:43.314, 1 %, 2 %, 15664 MiB, 16384 MiB, 74.34 W, 62
2026/09/16 23:34:44.317, 1 %, 3 %, 15664 MiB, 16384 MiB, 62.63 W, 62
2026/09/16 23:34:45.320, 2 %, 3 %, 15664 MiB, 16384 MiB, 63.02 W, 61
2026/09/16 23:34:46.323, 24 %, 3 %, 15664 MiB, 16384 MiB, 63.04 W, 61
2026/09/16 23:34:47.325, 62 %, 4 %, 15664 MiB, 16384 MiB, 65.42 W, 61
2026/09/16 23:34:48.328, 97 %, 10 %, 15664 MiB, 16384 MiB, 68.12 W, 61
2026/09/16 23:34:49.330, 60 %, 9 %, 15664 MiB, 16384 MiB, 65.26 W, 61
2026/09/16 23:34:50.332, 7 %, 7 %, 15664 MiB, 16384 MiB, 73.70 W, 61
2026/09/16 23:34:51.335, 9 %, 7 %, 15664 MiB, 16384 MiB, 74.82 W, 61
2026/09/16 23:34:52.337, 1 %, 2 %, 15664 MiB, 16384 MiB, 74.13 W, 61
2026/09/16 23:34:53.340, 1 %, 2 %, 15664 MiB, 16384 MiB, 61.86 W, 61
2026/09/16 23:34:54.343, 1 %, 2 %, 15664 MiB, 16384 MiB, 62.14 W, 61
2026/09/16 23:34:55.347, 12 %, 2 %, 15664 MiB, 16384 MiB, 62.73 W, 60
2026/09/16 23:34:56.351, 1 %, 2 %, 15664 MiB, 16384 MiB, 62.58 W, 60
2026/09/16 23:34:57.354, 37 %, 3 %, 15664 MiB, 16384 MiB, 62.68 W, 60
2026/09/16 23:34:58.358, 60 %, 4 %, 15664 MiB, 16384 MiB, 62.53 W, 60
2026/09/16 23:34:59.361, 97 %, 5 %, 15664 MiB, 16384 MiB, 64.01 W, 60
2026/09/16 23:35:00.364, 86 %, 10 %, 15664 MiB, 16384 MiB, 65.26 W, 60
2026/09/16 23:35:01.368, 7 %, 7 %, 15664 MiB, 16384 MiB, 62.33 W, 60
2026/09/16 23:35:02.371, 29 %, 8 %, 15664 MiB, 16384 MiB, 76.39 W, 60
2026/09/16 23:35:03.375, 11 %, 8 %, 15664 MiB, 16384 MiB, 75.00 W, 60
2026/09/16 23:35:04.378, 1 %, 2 %, 15664 MiB, 16384 MiB, 75.22 W, 60
2026/09/16 23:35:05.382, 1 %, 2 %, 15664 MiB, 16384 MiB, 64.61 W, 61
2026/09/16 23:35:06.385, 1 %, 3 %, 15664 MiB, 16384 MiB, 62.09 W, 60
2026/09/16 23:35:07.395, 1 %, 2 %, 15664 MiB, 16384 MiB, 62.25 W, 60
2026/09/16 23:35:08.397, 45 %, 4 %, 15664 MiB, 16384 MiB, 62.48 W, 60
2026/09/16 23:35:09.400, 86 %, 5 %, 15664 MiB, 16384 MiB, 63.02 W, 60
2026/09/16 23:35:10.402, 88 %, 10 %, 15664 MiB, 16384 MiB, 65.10 W, 60
2026/09/16 23:35:11.404, 50 %, 8 %, 15664 MiB, 16384 MiB, 64.13 W, 60
2026/09/16 23:35:12.407, 5 %, 5 %, 15664 MiB, 16384 MiB, 72.34 W, 60
2026/09/16 23:35:13.410, 1 %, 2 %, 15664 MiB, 16384 MiB, 71.00 W, 60
2026/09/16 23:35:14.413, 1 %, 2 %, 15664 MiB, 16384 MiB, 61.58 W, 60
2026/09/16 23:35:15.417, 1 %, 2 %, 15664 MiB, 16384 MiB, 62.01 W, 59
2026/09/16 23:35:16.421, 9 %, 3 %, 15664 MiB, 16384 MiB, 61.94 W, 60
2026/09/16 23:35:17.424, 25 %, 3 %, 15664 MiB, 16384 MiB, 61.66 W, 59
2026/09/16 23:35:18.428, 1 %, 2 %, 15664 MiB, 16384 MiB, 61.75 W, 59
2026/09/16 23:35:19.431, 51 %, 4 %, 15664 MiB, 16384 MiB, 61.68 W, 59
2026/09/16 23:35:20.435, 76 %, 5 %, 15664 MiB, 16384 MiB, 62.07 W, 59
2026/09/16 23:35:21.438, 100 %, 10 %, 15664 MiB, 16384 MiB, 63.98 W, 59
2026/09/16 23:35:22.442, 60 %, 9 %, 15664 MiB, 16384 MiB, 66.93 W, 59
2026/09/16 23:35:23.445, 7 %, 7 %, 15664 MiB, 16384 MiB, 75.67 W, 59
2026/09/16 23:35:24.449, 1 %, 2 %, 15664 MiB, 16384 MiB, 73.44 W, 60
2026/09/16 23:35:25.452, 1 %, 2 %, 15664 MiB, 16384 MiB, 61.01 W, 60
2026/09/16 23:35:26.456, 1 %, 3 %, 15664 MiB, 16384 MiB, 61.62 W, 59
2026/09/16 23:35:27.461, 15 %, 3 %, 15664 MiB, 16384 MiB, 61.49 W, 59
2026/09/16 23:35:28.464, 28 %, 4 %, 15664 MiB, 16384 MiB, 61.97 W, 59
2026/09/16 23:35:29.468, 1 %, 2 %, 15664 MiB, 16384 MiB, 62.00 W, 59
2026/09/16 23:35:30.472, 70 %, 4 %, 15664 MiB, 16384 MiB, 61.80 W, 59
2026/09/16 23:35:31.475, 87 %, 10 %, 15664 MiB, 16384 MiB, 64.30 W, 59
2026/09/16 23:35:32.479, 29 %, 8 %, 15664 MiB, 16384 MiB, 74.61 W, 59
2026/09/16 23:35:33.482, 2 %, 3 %, 15664 MiB, 16384 MiB, 73.11 W, 59
2026/09/16 23:35:34.486, 1 %, 2 %, 15664 MiB, 16384 MiB, 61.81 W, 59
2026/09/16 23:35:35.489, 25 %, 3 %, 15664 MiB, 16384 MiB, 61.93 W, 59
2026/09/16 23:35:36.493, 37 %, 3 %, 15664 MiB, 16384 MiB, 61.57 W, 59
2026/09/16 23:35:37.496, 51 %, 4 %, 15664 MiB, 16384 MiB, 61.68 W, 59
2026/09/16 23:35:38.498, 65 %, 4 %, 15664 MiB, 16384 MiB, 61.42 W, 59
2026/09/16 23:35:39.500, 76 %, 5 %, 15664 MiB, 16384 MiB, 61.94 W, 59
2026/09/16 23:35:40.503, 1 %, 3 %, 15664 MiB, 16384 MiB, 64.11 W, 59
2026/09/16 23:35:41.505, 96 %, 5 %, 15664 MiB, 16384 MiB, 66.29 W, 59
2026/09/16 23:35:42.508, 92 %, 10 %, 15664 MiB, 16384 MiB, 64.08 W, 59
2026/09/16 23:35:43.510, 59 %, 9 %, 15664 MiB, 16384 MiB, 63.99 W, 59
2026/09/16 23:35:44.512, 15 %, 8 %, 15664 MiB, 16384 MiB, 73.22 W, 59
2026/09/16 23:35:45.515, 1 %, 2 %, 15664 MiB, 16384 MiB, 72.55 W, 59
2026/09/16 23:35:46.519, 6 %, 3 %, 15664 MiB, 16384 MiB, 61.36 W, 59
2026/09/16 23:35:47.522, 31 %, 3 %, 15664 MiB, 16384 MiB, 61.25 W, 59
2026/09/16 23:35:48.525, 46 %, 4 %, 15664 MiB, 16384 MiB, 61.45 W, 59
2026/09/16 23:35:49.529, 64 %, 4 %, 15664 MiB, 16384 MiB, 61.44 W, 59
2026/09/16 23:35:50.532, 78 %, 5 %, 15664 MiB, 16384 MiB, 61.98 W, 59
2026/09/16 23:35:51.535, 1 %, 2 %, 15664 MiB, 16384 MiB, 61.49 W, 59
2026/09/16 23:35:52.538, 83 %, 9 %, 15664 MiB, 16384 MiB, 64.14 W, 59
2026/09/16 23:35:53.542, 47 %, 8 %, 15664 MiB, 16384 MiB, 62.92 W, 59
2026/09/16 23:35:54.545, 1 %, 2 %, 15664 MiB, 16384 MiB, 72.65 W, 59
2026/09/16 23:35:55.548, 2 %, 3 %, 15664 MiB, 16384 MiB, 61.62 W, 59
2026/09/16 23:35:56.551, 21 %, 3 %, 15664 MiB, 16384 MiB, 61.62 W, 59
2026/09/16 23:35:57.555, 57 %, 4 %, 15664 MiB, 16384 MiB, 61.33 W, 59
2026/09/16 23:35:58.558, 69 %, 4 %, 15664 MiB, 16384 MiB, 61.43 W, 59
2026/09/16 23:35:59.561, 83 %, 5 %, 15664 MiB, 16384 MiB, 64.83 W, 59
2026/09/16 23:36:00.564, 99 %, 5 %, 15664 MiB, 16384 MiB, 63.88 W, 59
2026/09/16 23:36:01.568, 100 %, 10 %, 15664 MiB, 16384 MiB, 63.67 W, 59
2026/09/16 23:36:02.571, 7 %, 8 %, 15664 MiB, 16384 MiB, 61.68 W, 59
2026/09/16 23:36:03.574, 70 %, 9 %, 15664 MiB, 16384 MiB, 63.95 W, 59
2026/09/16 23:36:04.577, 41 %, 8 %, 15664 MiB, 16384 MiB, 63.82 W, 59
2026/09/16 23:36:05.581, 19 %, 8 %, 15664 MiB, 16384 MiB, 73.56 W, 59
2026/09/16 23:36:06.584, 2 %, 3 %, 15664 MiB, 16384 MiB, 67.98 W, 59
2026/09/16 23:36:07.588, 1 %, 2 %, 15664 MiB, 16384 MiB, 61.26 W, 59
2026/09/16 23:36:08.591, 33 %, 3 %, 15664 MiB, 16384 MiB, 61.46 W, 59
2026/09/16 23:36:09.595, 57 %, 4 %, 15664 MiB, 16384 MiB, 61.21 W, 59
2026/09/16 23:36:10.598, 74 %, 5 %, 15664 MiB, 16384 MiB, 61.45 W, 59
2026/09/16 23:36:11.601, 90 %, 5 %, 15664 MiB, 16384 MiB, 62.42 W, 59
2026/09/16 23:36:12.605, 100 %, 6 %, 15664 MiB, 16384 MiB, 63.19 W, 59
2026/09/16 23:36:13.608, 7 %, 7 %, 15664 MiB, 16384 MiB, 61.26 W, 59
2026/09/16 23:36:14.612, 57 %, 8 %, 15664 MiB, 16384 MiB, 63.72 W, 59
2026/09/16 23:36:15.615, 16 %, 7 %, 15664 MiB, 16384 MiB, 73.92 W, 59
2026/09/16 23:36:16.618, 2 %, 3 %, 15664 MiB, 16384 MiB, 64.17 W, 59
2026/09/16 23:36:17.622, 22 %, 3 %, 15664 MiB, 16384 MiB, 64.06 W, 59
2026/09/16 23:36:18.625, 64 %, 4 %, 15664 MiB, 16384 MiB, 61.00 W, 59
2026/09/16 23:36:19.630, 100 %, 5 %, 15664 MiB, 16384 MiB, 62.85 W, 59
2026/09/16 23:36:20.633, 97 %, 11 %, 15664 MiB, 16384 MiB, 63.79 W, 59
2026/09/16 23:36:21.636, 83 %, 10 %, 15664 MiB, 16384 MiB, 64.21 W, 59
2026/09/16 23:36:22.639, 69 %, 9 %, 15664 MiB, 16384 MiB, 64.10 W, 59
2026/09/16 23:36:23.641, 57 %, 9 %, 15664 MiB, 16384 MiB, 64.00 W, 59
2026/09/16 23:36:24.644, 6 %, 7 %, 15664 MiB, 16384 MiB, 61.65 W, 59
2026/09/16 23:36:25.646, 26 %, 7 %, 15664 MiB, 16384 MiB, 74.42 W, 59
2026/09/16 23:36:26.649, 1 %, 2 %, 15664 MiB, 16384 MiB, 73.47 W, 59
2026/09/16 23:36:27.651, 1 %, 3 %, 15664 MiB, 16384 MiB, 60.88 W, 59
2026/09/16 23:36:28.653, 2 %, 3 %, 15664 MiB, 16384 MiB, 61.82 W, 58
2026/09/16 23:36:29.656, 49 %, 4 %, 15664 MiB, 16384 MiB, 61.60 W, 59
2026/09/16 23:36:30.658, 89 %, 5 %, 15664 MiB, 16384 MiB, 62.46 W, 59
2026/09/16 23:36:31.661, 100 %, 8 %, 15664 MiB, 16384 MiB, 63.36 W, 59
2026/09/16 23:36:32.663, 89 %, 10 %, 15664 MiB, 16384 MiB, 64.36 W, 59
2026/09/16 23:36:33.665, 72 %, 9 %, 15664 MiB, 16384 MiB, 66.81 W, 59
2026/09/16 23:36:34.668, 58 %, 9 %, 15664 MiB, 16384 MiB, 67.16 W, 59
2026/09/16 23:36:35.670, 6 %, 7 %, 15664 MiB, 16384 MiB, 61.39 W, 59
2026/09/16 23:36:36.674, 22 %, 4 %, 15664 MiB, 16384 MiB, 136.36 W, 60
2026/09/16 23:36:37.677, 100 %, 4 %, 15664 MiB, 16384 MiB, 119.50 W, 61
2026/09/16 23:36:38.679, 100 %, 0 %, 15664 MiB, 16384 MiB, 139.10 W, 63
2026/09/16 23:36:39.682, 100 %, 20 %, 15664 MiB, 16384 MiB, 120.43 W, 64
2026/09/16 23:36:40.689, 100 %, 45 %, 15664 MiB, 16384 MiB, 233.28 W, 62
2026/09/16 23:36:41.691, 100 %, 43 %, 15664 MiB, 16384 MiB, 132.87 W, 62
2026/09/16 23:36:42.694, 100 %, 5 %, 15664 MiB, 16384 MiB, 115.31 W, 62
2026/09/16 23:36:43.696, 100 %, 10 %, 15664 MiB, 16384 MiB, 121.88 W, 66
2026/09/16 23:36:44.699, 98 %, 46 %, 15664 MiB, 16384 MiB, 221.87 W, 63
2026/09/16 23:36:45.702, 100 %, 11 %, 15664 MiB, 16384 MiB, 121.64 W, 66
2026/09/16 23:36:46.707, 100 %, 44 %, 15664 MiB, 16384 MiB, 231.87 W, 64
2026/09/16 23:36:47.709, 100 %, 41 %, 15664 MiB, 16384 MiB, 132.18 W, 64
2026/09/16 23:36:48.712, 100 %, 42 %, 15664 MiB, 16384 MiB, 119.17 W, 64
2026/09/16 23:36:49.714, 100 %, 43 %, 15664 MiB, 16384 MiB, 123.88 W, 67
2026/09/16 23:36:50.721, 100 %, 7 %, 15664 MiB, 16384 MiB, 244.07 W, 65
2026/09/16 23:36:51.724, 100 %, 10 %, 15664 MiB, 16384 MiB, 87.28 W, 64
2026/09/16 23:36:52.727, 100 %, 43 %, 15664 MiB, 16384 MiB, 63.79 W, 65
2026/09/16 23:36:53.735, 100 %, 44 %, 15664 MiB, 16384 MiB, 120.38 W, 65
2026/09/16 23:36:54.738, 22 %, 9 %, 15664 MiB, 16384 MiB, 125.23 W, 65
2026/09/16 23:36:55.740, 100 %, 39 %, 15664 MiB, 16384 MiB, 155.63 W, 68
2026/09/16 23:36:56.743, 100 %, 3 %, 15664 MiB, 16384 MiB, 244.94 W, 67
2026/09/16 23:36:57.748, 100 %, 15 %, 15664 MiB, 16384 MiB, 77.30 W, 65
2026/09/16 23:36:58.751, 100 %, 45 %, 15664 MiB, 16384 MiB, 101.61 W, 65
2026/09/16 23:36:59.753, 100 %, 44 %, 15664 MiB, 16384 MiB, 64.24 W, 66
2026/09/16 23:37:00.755, 100 %, 11 %, 15664 MiB, 16384 MiB, 109.27 W, 66
2026/09/16 23:37:01.759, 100 %, 6 %, 15664 MiB, 16384 MiB, 122.59 W, 67
2026/09/16 23:37:02.761, 100 %, 4 %, 15664 MiB, 16384 MiB, 123.33 W, 70
2026/09/16 23:37:03.764, 100 %, 6 %, 15664 MiB, 16384 MiB, 234.13 W, 67
2026/09/16 23:37:04.769, 100 %, 45 %, 15664 MiB, 16384 MiB, 122.23 W, 66
2026/09/16 23:37:05.771, 100 %, 45 %, 15664 MiB, 16384 MiB, 63.84 W, 67
2026/09/16 23:37:06.774, 100 %, 19 %, 15664 MiB, 16384 MiB, 103.12 W, 68
2026/09/16 23:37:07.776, 100 %, 6 %, 15664 MiB, 16384 MiB, 123.62 W, 68
2026/09/16 23:37:08.778, 100 %, 4 %, 15664 MiB, 16384 MiB, 123.54 W, 68
2026/09/16 23:37:09.780, 100 %, 0 %, 15664 MiB, 16384 MiB, 207.22 W, 71
2026/09/16 23:37:10.793, 100 %, 30 %, 15664 MiB, 16384 MiB, 192.58 W, 69
2026/09/16 23:37:11.796, 100 %, 45 %, 15664 MiB, 16384 MiB, 108.06 W, 69
2026/09/16 23:37:12.801, 100 %, 33 %, 15664 MiB, 16384 MiB, 124.05 W, 69
2026/09/16 23:37:13.804, 100 %, 6 %, 15664 MiB, 16384 MiB, 124.53 W, 69
2026/09/16 23:37:14.806, 100 %, 4 %, 15664 MiB, 16384 MiB, 123.83 W, 69
2026/09/16 23:37:15.808, 100 %, 4 %, 15664 MiB, 16384 MiB, 124.30 W, 69
2026/09/16 23:37:16.811, 100 %, 3 %, 15664 MiB, 16384 MiB, 125.11 W, 69
2026/09/16 23:37:17.813, 100 %, 0 %, 15664 MiB, 16384 MiB, 124.09 W, 69
2026/09/16 23:37:18.815, 100 %, 0 %, 15664 MiB, 16384 MiB, 124.67 W, 70
2026/09/16 23:37:19.819, 100 %, 0 %, 15664 MiB, 16384 MiB, 125.21 W, 72
2026/09/16 23:37:20.821, 100 %, 3 %, 15664 MiB, 16384 MiB, 126.01 W, 73
2026/09/16 23:37:21.825, 100 %, 22 %, 15664 MiB, 16384 MiB, 140.57 W, 72
2026/09/16 23:37:22.842, 100 %, 44 %, 15664 MiB, 16384 MiB, 243.39 W, 69
2026/09/16 23:37:23.845, 100 %, 42 %, 15664 MiB, 16384 MiB, 169.16 W, 69
2026/09/16 23:37:24.849, 100 %, 38 %, 15664 MiB, 16384 MiB, 106.39 W, 69
2026/09/16 23:37:25.851, 100 %, 28 %, 15664 MiB, 16384 MiB, 65.50 W, 69
2026/09/16 23:37:26.854, 100 %, 14 %, 15664 MiB, 16384 MiB, 66.45 W, 71
2026/09/16 23:37:27.856, 100 %, 6 %, 15664 MiB, 16384 MiB, 67.18 W, 70
2026/09/16 23:37:28.859, 100 %, 5 %, 15664 MiB, 16384 MiB, 108.09 W, 70
2026/09/16 23:37:29.862, 100 %, 42 %, 15664 MiB, 16384 MiB, 131.80 W, 71
2026/09/16 23:37:30.864, 100 %, 33 %, 15664 MiB, 16384 MiB, 123.52 W, 71
2026/09/16 23:37:31.866, 100 %, 15 %, 15664 MiB, 16384 MiB, 123.82 W, 71
2026/09/16 23:37:32.869, 45 %, 5 %, 15664 MiB, 16384 MiB, 127.85 W, 71
2026/09/16 23:37:33.871, 100 %, 33 %, 15664 MiB, 16384 MiB, 127.96 W, 74
2026/09/16 23:37:34.874, 100 %, 21 %, 15664 MiB, 16384 MiB, 187.46 W, 74
2026/09/16 23:37:35.880, 100 %, 8 %, 15664 MiB, 16384 MiB, 229.91 W, 73
2026/09/16 23:37:36.887, 100 %, 4 %, 15664 MiB, 16384 MiB, 254.50 W, 72
2026/09/16 23:37:37.890, 100 %, 4 %, 15664 MiB, 16384 MiB, 158.36 W, 71
2026/09/16 23:37:38.893, 100 %, 5 %, 15664 MiB, 16384 MiB, 110.00 W, 71
2026/09/16 23:37:39.897, 100 %, 15 %, 15664 MiB, 16384 MiB, 255.02 W, 71
2026/09/16 23:37:40.901, 100 %, 30 %, 15664 MiB, 16384 MiB, 187.68 W, 70
2026/09/16 23:37:41.904, 100 %, 40 %, 15664 MiB, 16384 MiB, 110.08 W, 72
2026/09/16 23:37:42.906, 100 %, 3 %, 15664 MiB, 16384 MiB, 235.18 W, 72
2026/09/16 23:37:43.910, 100 %, 17 %, 15664 MiB, 16384 MiB, 247.48 W, 72
2026/09/16 23:37:44.914, 100 %, 32 %, 15664 MiB, 16384 MiB, 170.57 W, 72
2026/09/16 23:37:45.916, 100 %, 44 %, 15664 MiB, 16384 MiB, 132.43 W, 72
2026/09/16 23:37:46.919, 100 %, 47 %, 15664 MiB, 16384 MiB, 112.23 W, 72
2026/09/16 23:37:47.925, 100 %, 46 %, 15664 MiB, 16384 MiB, 121.05 W, 72
2026/09/16 23:37:48.928, 100 %, 31 %, 15664 MiB, 16384 MiB, 126.06 W, 72
2026/09/16 23:37:49.930, 100 %, 16 %, 15664 MiB, 16384 MiB, 127.84 W, 72
2026/09/16 23:37:50.933, 100 %, 4 %, 15664 MiB, 16384 MiB, 128.84 W, 76
2026/09/16 23:37:51.938, 100 %, 4 %, 15664 MiB, 16384 MiB, 197.40 W, 75
2026/09/16 23:37:52.941, 100 %, 3 %, 15664 MiB, 16384 MiB, 125.89 W, 72
2026/09/16 23:37:53.943, 100 %, 5 %, 15664 MiB, 16384 MiB, 131.45 W, 72
2026/09/16 23:37:54.946, 100 %, 0 %, 15664 MiB, 16384 MiB, 223.61 W, 74
2026/09/16 23:37:55.951, 100 %, 13 %, 15664 MiB, 16384 MiB, 131.44 W, 72
2026/09/16 23:37:56.953, 100 %, 6 %, 15664 MiB, 16384 MiB, 129.72 W, 72
2026/09/16 23:37:57.957, 100 %, 0 %, 15664 MiB, 16384 MiB, 127.85 W, 72
2026/09/16 23:37:58.959, 100 %, 39 %, 15664 MiB, 16384 MiB, 65.22 W, 71
2026/09/16 23:37:59.962, 100 %, 4 %, 15664 MiB, 16384 MiB, 129.50 W, 72
2026/09/16 23:38:00.965, 100 %, 0 %, 15664 MiB, 16384 MiB, 127.73 W, 72
2026/09/16 23:38:01.967, 100 %, 19 %, 15664 MiB, 16384 MiB, 234.25 W, 73
2026/09/16 23:38:02.973, 100 %, 46 %, 15664 MiB, 16384 MiB, 122.01 W, 73
2026/09/16 23:38:03.978, 100 %, 0 %, 15664 MiB, 16384 MiB, 126.51 W, 72
2026/09/16 23:38:04.982, 100 %, 8 %, 15664 MiB, 16384 MiB, 134.07 W, 73
2026/09/16 23:38:05.984, 100 %, 27 %, 15664 MiB, 16384 MiB, 196.94 W, 73
2026/09/16 23:38:06.986, 100 %, 5 %, 15664 MiB, 16384 MiB, 128.08 W, 73
2026/09/16 23:38:07.989, 100 %, 0 %, 15664 MiB, 16384 MiB, 127.12 W, 73
2026/09/16 23:38:08.991, 100 %, 37 %, 15664 MiB, 16384 MiB, 223.67 W, 73
2026/09/16 23:38:09.997, 100 %, 37 %, 15664 MiB, 16384 MiB, 119.87 W, 73
2026/09/16 23:38:10.999, 100 %, 0 %, 15664 MiB, 16384 MiB, 125.96 W, 73
2026/09/16 23:38:12.002, 100 %, 3 %, 15664 MiB, 16384 MiB, 131.00 W, 73
2026/09/16 23:38:13.004, 100 %, 45 %, 15664 MiB, 16384 MiB, 236.01 W, 73
2026/09/16 23:38:14.007, 100 %, 4 %, 15664 MiB, 16384 MiB, 125.04 W, 73
2026/09/16 23:38:15.009, 100 %, 7 %, 15664 MiB, 16384 MiB, 131.12 W, 73
2026/09/16 23:38:16.013, 100 %, 1 %, 15664 MiB, 16384 MiB, 128.40 W, 75
2026/09/16 23:38:17.016, 100 %, 17 %, 15664 MiB, 16384 MiB, 66.47 W, 73
2026/09/16 23:38:18.018, 100 %, 5 %, 15664 MiB, 16384 MiB, 130.14 W, 73
2026/09/16 23:38:19.020, 100 %, 1 %, 15664 MiB, 16384 MiB, 128.91 W, 73
2026/09/16 23:38:20.022, 100 %, 43 %, 15664 MiB, 16384 MiB, 200.33 W, 72
2026/09/16 23:38:21.028, 100 %, 7 %, 15664 MiB, 16384 MiB, 123.76 W, 73
2026/09/16 23:38:22.030, 100 %, 0 %, 15664 MiB, 16384 MiB, 126.81 W, 73
2026/09/16 23:38:23.033, 100 %, 12 %, 15664 MiB, 16384 MiB, 128.61 W, 77
2026/09/16 23:38:24.037, 100 %, 5 %, 15664 MiB, 16384 MiB, 110.67 W, 73
2026/09/16 23:38:25.040, 100 %, 20 %, 15664 MiB, 16384 MiB, 130.23 W, 73
2026/09/16 23:38:26.042, 100 %, 1 %, 15664 MiB, 16384 MiB, 129.18 W, 73
2026/09/16 23:38:27.045, 100 %, 3 %, 15664 MiB, 16384 MiB, 109.94 W, 72
2026/09/16 23:38:28.048, 100 %, 46 %, 15664 MiB, 16384 MiB, 128.32 W, 73
2026/09/16 23:38:29.052, 100 %, 3 %, 15664 MiB, 16384 MiB, 128.13 W, 73
2026/09/16 23:38:30.054, 100 %, 9 %, 15664 MiB, 16384 MiB, 212.49 W, 76
2026/09/16 23:38:31.058, 100 %, 7 %, 15664 MiB, 16384 MiB, 121.83 W, 73
2026/09/16 23:38:32.060, 100 %, 5 %, 15664 MiB, 16384 MiB, 126.11 W, 73
2026/09/16 23:38:33.063, 100 %, 5 %, 15664 MiB, 16384 MiB, 132.51 W, 73
2026/09/16 23:38:34.065, 100 %, 0 %, 15664 MiB, 16384 MiB, 235.60 W, 75
2026/09/16 23:38:35.068, 100 %, 43 %, 15664 MiB, 16384 MiB, 97.35 W, 73
2026/09/16 23:38:36.070, 100 %, 5 %, 15664 MiB, 16384 MiB, 131.71 W, 73
2026/09/16 23:38:37.072, 100 %, 0 %, 15664 MiB, 16384 MiB, 128.76 W, 73
2026/09/16 23:38:38.076, 100 %, 31 %, 15664 MiB, 16384 MiB, 172.61 W, 73
2026/09/16 23:38:39.078, 100 %, 4 %, 15664 MiB, 16384 MiB, 125.83 W, 73
2026/09/16 23:38:40.080, 100 %, 8 %, 15664 MiB, 16384 MiB, 133.65 W, 73
2026/09/16 23:38:41.083, 100 %, 1 %, 15664 MiB, 16384 MiB, 164.88 W, 75
2026/09/16 23:38:42.088, 100 %, 32 %, 15664 MiB, 16384 MiB, 120.05 W, 73
2026/09/16 23:38:43.091, 100 %, 5 %, 15664 MiB, 16384 MiB, 131.30 W, 73
2026/09/16 23:38:44.093, 100 %, 1 %, 15664 MiB, 16384 MiB, 129.81 W, 73
2026/09/16 23:38:45.096, 100 %, 43 %, 15664 MiB, 16384 MiB, 89.67 W, 72
2026/09/16 23:38:46.099, 100 %, 24 %, 15664 MiB, 16384 MiB, 129.42 W, 73
2026/09/16 23:38:47.106, 100 %, 0 %, 15664 MiB, 16384 MiB, 128.50 W, 73
2026/09/16 23:38:48.109, 100 %, 2 %, 15664 MiB, 16384 MiB, 228.69 W, 73
2026/09/16 23:38:49.113, 100 %, 42 %, 15664 MiB, 16384 MiB, 111.22 W, 73
2026/09/16 23:38:50.118, 100 %, 3 %, 15664 MiB, 16384 MiB, 127.06 W, 73
2026/09/16 23:38:51.121, 100 %, 6 %, 15664 MiB, 16384 MiB, 130.82 W, 73
2026/09/16 23:38:52.123, 100 %, 5 %, 15664 MiB, 16384 MiB, 251.40 W, 74
2026/09/16 23:38:53.126, 100 %, 5 %, 15664 MiB, 16384 MiB, 126.49 W, 73
2026/09/16 23:38:54.128, 100 %, 6 %, 15664 MiB, 16384 MiB, 132.93 W, 74
2026/09/16 23:38:55.130, 100 %, 15 %, 15664 MiB, 16384 MiB, 239.00 W, 73
2026/09/16 23:38:56.133, 75 %, 5 %, 15664 MiB, 16384 MiB, 119.18 W, 73
2026/09/16 23:38:57.135, 100 %, 4 %, 15664 MiB, 16384 MiB, 177.13 W, 73
2026/09/16 23:38:58.138, 100 %, 7 %, 15664 MiB, 16384 MiB, 178.65 W, 73
2026/09/16 23:38:59.142, 100 %, 13 %, 15664 MiB, 16384 MiB, 69.36 W, 71
2026/09/16 23:39:00.146, 68 %, 3 %, 15664 MiB, 16384 MiB, 125.60 W, 73
2026/09/16 23:39:01.148, 100 %, 11 %, 15664 MiB, 16384 MiB, 122.68 W, 73
2026/09/16 23:39:02.151, 87 %, 15 %, 15664 MiB, 16384 MiB, 64.56 W, 72
2026/09/16 23:39:03.154, 100 %, 7 %, 15664 MiB, 16384 MiB, 126.12 W, 73
2026/09/16 23:39:04.160, 100 %, 7 %, 15664 MiB, 16384 MiB, 128.84 W, 72
2026/09/16 23:39:05.163, 100 %, 5 %, 15664 MiB, 16384 MiB, 69.25 W, 72
2026/09/16 23:39:06.165, 100 %, 1 %, 15664 MiB, 16384 MiB, 126.71 W, 74
2026/09/16 23:39:07.169, 100 %, 8 %, 15664 MiB, 16384 MiB, 124.47 W, 75
2026/09/16 23:39:08.173, 100 %, 14 %, 15664 MiB, 16384 MiB, 68.44 W, 71
2026/09/16 23:39:09.175, 86 %, 2 %, 15664 MiB, 16384 MiB, 124.56 W, 72
2026/09/16 23:39:10.177, 100 %, 13 %, 15664 MiB, 16384 MiB, 115.71 W, 72
2026/09/16 23:39:11.180, 83 %, 2 %, 15664 MiB, 16384 MiB, 126.07 W, 72
2026/09/16 23:39:12.182, 100 %, 11 %, 15664 MiB, 16384 MiB, 171.35 W, 72
2026/09/16 23:39:13.184, 100 %, 14 %, 15664 MiB, 16384 MiB, 163.77 W, 71
2026/09/16 23:39:14.187, 79 %, 5 %, 15664 MiB, 16384 MiB, 76.41 W, 72
2026/09/16 23:39:15.189, 100 %, 1 %, 15664 MiB, 16384 MiB, 124.96 W, 75
2026/09/16 23:39:16.194, 100 %, 9 %, 15664 MiB, 16384 MiB, 124.71 W, 72
2026/09/16 23:39:17.197, 100 %, 13 %, 15664 MiB, 16384 MiB, 68.00 W, 71
2026/09/16 23:39:18.200, 54 %, 5 %, 15664 MiB, 16384 MiB, 123.24 W, 72
2026/09/16 23:39:19.202, 100 %, 15 %, 15664 MiB, 16384 MiB, 149.75 W, 71
2026/09/16 23:39:20.205, 83 %, 4 %, 15664 MiB, 16384 MiB, 97.13 W, 71
2026/09/16 23:39:21.209, 82 %, 3 %, 15664 MiB, 16384 MiB, 183.89 W, 72
2026/09/16 23:39:22.212, 100 %, 12 %, 15664 MiB, 16384 MiB, 183.45 W, 72
2026/09/16 23:39:23.215, 100 %, 14 %, 15664 MiB, 16384 MiB, 69.06 W, 71
2026/09/16 23:39:24.220, 84 %, 4 %, 15664 MiB, 16384 MiB, 155.92 W, 75
2026/09/16 23:39:25.224, 100 %, 10 %, 15664 MiB, 16384 MiB, 129.12 W, 72
2026/09/16 23:39:26.226, 94 %, 15 %, 15664 MiB, 16384 MiB, 66.91 W, 70
2026/09/16 23:39:27.229, 94 %, 5 %, 15664 MiB, 16384 MiB, 67.51 W, 70
2026/09/16 23:39:28.231, 81 %, 9 %, 15664 MiB, 16384 MiB, 68.65 W, 69
2026/09/16 23:39:29.233, 46 %, 8 %, 15664 MiB, 16384 MiB, 68.95 W, 69
2026/09/16 23:39:30.236, 3 %, 4 %, 15664 MiB, 16384 MiB, 78.08 W, 69
2026/09/16 23:39:31.238, 1 %, 2 %, 15664 MiB, 16384 MiB, 66.73 W, 69
2026/09/16 23:39:32.240, 34 %, 3 %, 15664 MiB, 16384 MiB, 66.72 W, 69
2026/09/16 23:39:33.243, 44 %, 3 %, 15664 MiB, 16384 MiB, 67.11 W, 68
2026/09/16 23:39:34.245, 59 %, 4 %, 15664 MiB, 16384 MiB, 66.81 W, 68
2026/09/16 23:39:35.248, 74 %, 5 %, 15664 MiB, 16384 MiB, 66.88 W, 68
2026/09/16 23:39:36.250, 95 %, 5 %, 15664 MiB, 16384 MiB, 66.95 W, 68
2026/09/16 23:39:37.253, 2 %, 3 %, 15664 MiB, 16384 MiB, 66.57 W, 67
2026/09/16 23:39:38.256, 81 %, 9 %, 15664 MiB, 16384 MiB, 67.96 W, 67
2026/09/16 23:39:39.260, 47 %, 8 %, 15664 MiB, 16384 MiB, 68.61 W, 67
2026/09/16 23:39:40.263, 22 %, 8 %, 15664 MiB, 16384 MiB, 70.17 W, 67
2026/09/16 23:39:41.267, 2 %, 3 %, 15664 MiB, 16384 MiB, 78.62 W, 67
2026/09/16 23:39:42.270, 1 %, 2 %, 15664 MiB, 16384 MiB, 66.34 W, 67
2026/09/16 23:39:43.274, 40 %, 4 %, 15664 MiB, 16384 MiB, 66.18 W, 66
2026/09/16 23:39:44.278, 63 %, 4 %, 15664 MiB, 16384 MiB, 66.01 W, 66
2026/09/16 23:39:45.282, 77 %, 5 %, 15664 MiB, 16384 MiB, 65.88 W, 66
2026/09/16 23:39:46.285, 98 %, 5 %, 15664 MiB, 16384 MiB, 66.10 W, 66
2026/09/16 23:39:47.289, 100 %, 9 %, 15664 MiB, 16384 MiB, 66.75 W, 65
2026/09/16 23:39:48.292, 6 %, 7 %, 15664 MiB, 16384 MiB, 65.44 W, 65
2026/09/16 23:39:49.296, 42 %, 8 %, 15664 MiB, 16384 MiB, 67.28 W, 65
2026/09/16 23:39:50.300, 6 %, 7 %, 15664 MiB, 16384 MiB, 76.91 W, 65
2026/09/16 23:39:51.302, 2 %, 3 %, 15664 MiB, 16384 MiB, 64.89 W, 65
2026/09/16 23:39:52.305, 16 %, 3 %, 15664 MiB, 16384 MiB, 65.39 W, 65
2026/09/16 23:39:53.307, 71 %, 4 %, 15664 MiB, 16384 MiB, 64.87 W, 65
2026/09/16 23:39:54.310, 95 %, 8 %, 15664 MiB, 16384 MiB, 66.10 W, 64
2026/09/16 23:39:55.312, 87 %, 10 %, 15664 MiB, 16384 MiB, 66.46 W, 64
2026/09/16 23:39:56.314, 71 %, 10 %, 15664 MiB, 16384 MiB, 67.04 W, 64
2026/09/16 23:39:57.317, 54 %, 9 %, 15664 MiB, 16384 MiB, 66.78 W, 64
2026/09/16 23:39:58.319, 37 %, 8 %, 15664 MiB, 16384 MiB, 68.72 W, 64
2026/09/16 23:39:59.323, 7 %, 8 %, 15664 MiB, 16384 MiB, 67.02 W, 64
2026/09/16 23:40:00.325, 16 %, 7 %, 15664 MiB, 16384 MiB, 65.70 W, 64
2026/09/16 23:40:01.327, 2 %, 3 %, 15664 MiB, 16384 MiB, 74.92 W, 63
2026/09/16 23:40:02.330, 1 %, 2 %, 15664 MiB, 16384 MiB, 63.99 W, 63
2026/09/16 23:40:03.332, 27 %, 4 %, 15664 MiB, 16384 MiB, 62.42 W, 63
2026/09/16 23:40:04.335, 70 %, 4 %, 15664 MiB, 16384 MiB, 62.18 W, 63
2026/09/16 23:40:05.337, 95 %, 5 %, 15664 MiB, 16384 MiB, 62.08 W, 63
2026/09/16 23:40:06.339, 96 %, 10 %, 15664 MiB, 16384 MiB, 63.35 W, 63
2026/09/16 23:40:07.343, 80 %, 10 %, 15664 MiB, 16384 MiB, 64.43 W, 63
2026/09/16 23:40:08.346, 62 %, 9 %, 15664 MiB, 16384 MiB, 64.51 W, 62
2026/09/16 23:40:09.350, 48 %, 9 %, 15664 MiB, 16384 MiB, 64.78 W, 62
2026/09/16 23:40:10.353, 6 %, 7 %, 15664 MiB, 16384 MiB, 61.95 W, 62
2026/09/16 23:40:11.355, 1 %, 2 %, 15664 MiB, 16384 MiB, 73.04 W, 62
2026/09/16 23:40:12.357, 1 %, 2 %, 15664 MiB, 16384 MiB, 71.81 W, 62
2026/09/16 23:40:13.360, 4 %, 3 %, 15664 MiB, 16384 MiB, 61.67 W, 62
2026/09/16 23:40:14.362, 50 %, 4 %, 15664 MiB, 16384 MiB, 61.71 W, 62
2026/09/16 23:40:15.365, 100 %, 10 %, 15664 MiB, 16384 MiB, 62.36 W, 62
2026/09/16 23:40:16.367, 67 %, 7 %, 15664 MiB, 16384 MiB, 67.04 W, 62
2026/09/16 23:40:17.369, 53 %, 9 %, 15664 MiB, 16384 MiB, 66.83 W, 62
2026/09/16 23:40:18.371, 37 %, 8 %, 15664 MiB, 16384 MiB, 64.34 W, 62
2026/09/16 23:40:19.374, 22 %, 8 %, 15664 MiB, 16384 MiB, 64.03 W, 61
2026/09/16 23:40:20.378, 7 %, 7 %, 15664 MiB, 16384 MiB, 74.45 W, 61
2026/09/16 23:40:21.380, 1 %, 2 %, 15664 MiB, 16384 MiB, 71.87 W, 61
2026/09/16 23:40:22.383, 1 %, 2 %, 15664 MiB, 16384 MiB, 71.76 W, 61
2026/09/16 23:40:23.385, 4 %, 3 %, 15664 MiB, 16384 MiB, 61.20 W, 61
2026/09/16 23:40:24.388, 25 %, 3 %, 15664 MiB, 16384 MiB, 61.26 W, 61
2026/09/16 23:40:25.390, 52 %, 4 %, 15664 MiB, 16384 MiB, 61.53 W, 61
2026/09/16 23:40:26.392, 79 %, 4 %, 15664 MiB, 16384 MiB, 61.07 W, 61
2026/09/16 23:40:27.395, 69 %, 7 %, 15664 MiB, 16384 MiB, 63.49 W, 61
2026/09/16 23:40:28.397, 48 %, 9 %, 15664 MiB, 16384 MiB, 63.43 W, 61
2026/09/16 23:40:29.399, 32 %, 8 %, 15664 MiB, 16384 MiB, 63.65 W, 61
2026/09/16 23:40:30.402, 18 %, 8 %, 15664 MiB, 16384 MiB, 63.60 W, 61
2026/09/16 23:40:31.405, 5 %, 6 %, 15664 MiB, 16384 MiB, 74.02 W, 61
2026/09/16 23:40:32.407, 1 %, 2 %, 15664 MiB, 16384 MiB, 71.14 W, 60
2026/09/16 23:40:33.410, 1 %, 2 %, 15664 MiB, 16384 MiB, 60.51 W, 61
2026/09/16 23:40:34.414, 28 %, 3 %, 15664 MiB, 16384 MiB, 60.95 W, 60
2026/09/16 23:40:35.417, 73 %, 5 %, 15664 MiB, 16384 MiB, 61.42 W, 60
2026/09/16 23:40:36.421, 98 %, 10 %, 15664 MiB, 16384 MiB, 64.75 W, 60
2026/09/16 23:40:37.424, 53 %, 8 %, 15664 MiB, 16384 MiB, 66.30 W, 60
2026/09/16 23:40:38.428, 17 %, 5 %, 15664 MiB, 16384 MiB, 63.67 W, 60
2026/09/16 23:40:39.432, 9 %, 7 %, 15664 MiB, 16384 MiB, 70.67 W, 60
2026/09/16 23:40:40.435, 1 %, 2 %, 15664 MiB, 16384 MiB, 72.77 W, 60
2026/09/16 23:40:41.439, 1 %, 2 %, 15664 MiB, 16384 MiB, 71.90 W, 60
2026/09/16 23:40:42.443, 1 %, 2 %, 15664 MiB, 16384 MiB, 71.33 W, 60
2026/09/16 23:40:43.447, 1 %, 2 %, 15664 MiB, 16384 MiB, 64.14 W, 60
2026/09/16 23:40:44.450, 13 %, 3 %, 15664 MiB, 16384 MiB, 60.21 W, 60
2026/09/16 23:40:45.454, 20 %, 3 %, 15664 MiB, 16384 MiB, 60.87 W, 60
2026/09/16 23:40:46.457, 62 %, 4 %, 15664 MiB, 16384 MiB, 60.54 W, 60
2026/09/16 23:40:47.461, 83 %, 5 %, 15664 MiB, 16384 MiB, 60.46 W, 60
2026/09/16 23:40:48.464, 96 %, 10 %, 15664 MiB, 16384 MiB, 61.51 W, 60
2026/09/16 23:40:49.468, 69 %, 7 %, 15664 MiB, 16384 MiB, 63.10 W, 60
2026/09/16 23:40:50.471, 51 %, 9 %, 15664 MiB, 16384 MiB, 62.90 W, 60
2026/09/16 23:40:51.475, 35 %, 8 %, 15664 MiB, 16384 MiB, 62.96 W, 60
2026/09/16 23:40:52.478, 19 %, 8 %, 15664 MiB, 16384 MiB, 63.04 W, 59
2026/09/16 23:40:53.482, 2 %, 2 %, 15664 MiB, 16384 MiB, 72.96 W, 59
2026/09/16 23:40:54.485, 1 %, 2 %, 15664 MiB, 16384 MiB, 70.78 W, 59
2026/09/16 23:40:55.489, 1 %, 2 %, 15664 MiB, 16384 MiB, 72.82 W, 59
2026/09/16 23:40:56.491, 18 %, 3 %, 15664 MiB, 16384 MiB, 60.14 W, 59
2026/09/16 23:40:57.493, 69 %, 4 %, 15664 MiB, 16384 MiB, 60.08 W, 59
2026/09/16 23:40:58.496, 85 %, 9 %, 15664 MiB, 16384 MiB, 61.40 W, 59
2026/09/16 23:40:59.498, 25 %, 8 %, 15664 MiB, 16384 MiB, 62.04 W, 59
2026/09/16 23:41:00.501, 1 %, 2 %, 15664 MiB, 16384 MiB, 67.04 W, 59
2026/09/16 23:41:01.503, 1 %, 2 %, 15664 MiB, 16384 MiB, 71.60 W, 59
2026/09/16 23:41:02.506, 1 %, 2 %, 15664 MiB, 16384 MiB, 70.73 W, 59
2026/09/16 23:41:03.508, 4 %, 2 %, 15664 MiB, 16384 MiB, 58.94 W, 59
2026/09/16 23:41:04.511, 23 %, 3 %, 15664 MiB, 16384 MiB, 59.46 W, 59
2026/09/16 23:41:05.514, 37 %, 3 %, 15664 MiB, 16384 MiB, 59.68 W, 59
2026/09/16 23:41:06.516, 47 %, 4 %, 15664 MiB, 16384 MiB, 59.71 W, 59
2026/09/16 23:41:07.519, 75 %, 5 %, 15664 MiB, 16384 MiB, 60.10 W, 59
2026/09/16 23:41:08.521, 99 %, 5 %, 15664 MiB, 16384 MiB, 60.39 W, 59
2026/09/16 23:41:09.524, 90 %, 10 %, 15664 MiB, 16384 MiB, 61.37 W, 59
2026/09/16 23:41:10.528, 56 %, 9 %, 15664 MiB, 16384 MiB, 62.44 W, 59
2026/09/16 23:41:11.530, 23 %, 6 %, 15664 MiB, 16384 MiB, 62.48 W, 59
2026/09/16 23:41:12.532, 5 %, 6 %, 15664 MiB, 16384 MiB, 72.21 W, 59
2026/09/16 23:41:13.535, 1 %, 2 %, 15664 MiB, 16384 MiB, 74.34 W, 59
2026/09/16 23:41:14.537, 1 %, 2 %, 15664 MiB, 16384 MiB, 70.72 W, 59
2026/09/16 23:41:15.543, 1 %, 2 %, 15664 MiB, 16384 MiB, 70.26 W, 59
2026/09/16 23:41:16.545, 18 %, 3 %, 15664 MiB, 16384 MiB, 59.72 W, 59
2026/09/16 23:41:17.549, 27 %, 3 %, 15664 MiB, 16384 MiB, 60.06 W, 59
2026/09/16 23:41:18.551, 59 %, 4 %, 15664 MiB, 16384 MiB, 60.00 W, 59
2026/09/16 23:41:19.554, 97 %, 5 %, 15664 MiB, 16384 MiB, 60.14 W, 59
2026/09/16 23:41:20.556, 68 %, 9 %, 15664 MiB, 16384 MiB, 62.20 W, 59
2026/09/16 23:41:21.558, 17 %, 8 %, 15664 MiB, 16384 MiB, 61.58 W, 59
2026/09/16 23:41:22.561, 1 %, 2 %, 15664 MiB, 16384 MiB, 65.83 W, 59
2026/09/16 23:41:23.564, 1 %, 2 %, 15664 MiB, 16384 MiB, 69.91 W, 59
2026/09/16 23:41:24.566, 4 %, 2 %, 15664 MiB, 16384 MiB, 59.28 W, 59
2026/09/16 23:41:25.568, 22 %, 3 %, 15664 MiB, 16384 MiB, 59.61 W, 59
2026/09/16 23:41:26.571, 35 %, 3 %, 15664 MiB, 16384 MiB, 59.93 W, 59
2026/09/16 23:41:27.573, 48 %, 4 %, 15664 MiB, 16384 MiB, 59.81 W, 59
2026/09/16 23:41:28.577, 57 %, 4 %, 15664 MiB, 16384 MiB, 59.66 W, 59
2026/09/16 23:41:29.580, 85 %, 5 %, 15664 MiB, 16384 MiB, 59.95 W, 59
2026/09/16 23:41:30.584, 94 %, 10 %, 15664 MiB, 16384 MiB, 63.42 W, 59
2026/09/16 23:41:31.587, 60 %, 9 %, 15664 MiB, 16384 MiB, 63.10 W, 59
2026/09/16 23:41:32.589, 22 %, 8 %, 15664 MiB, 16384 MiB, 62.19 W, 59
2026/09/16 23:41:33.591, 2 %, 3 %, 15664 MiB, 16384 MiB, 65.97 W, 59
2026/09/16 23:41:34.594, 2 %, 3 %, 15664 MiB, 16384 MiB, 69.92 W, 59
2026/09/16 23:41:35.596, 5 %, 2 %, 15664 MiB, 16384 MiB, 59.47 W, 59
2026/09/16 23:41:36.599, 22 %, 3 %, 15664 MiB, 16384 MiB, 59.66 W, 58
2026/09/16 23:41:37.601, 37 %, 3 %, 15664 MiB, 16384 MiB, 59.76 W, 58
2026/09/16 23:41:38.604, 61 %, 4 %, 15664 MiB, 16384 MiB, 60.07 W, 58
2026/09/16 23:41:39.606, 76 %, 5 %, 15664 MiB, 16384 MiB, 59.65 W, 58
2026/09/16 23:41:40.609, 100 %, 7 %, 15664 MiB, 16384 MiB, 60.13 W, 59
2026/09/16 23:41:41.611, 72 %, 9 %, 15664 MiB, 16384 MiB, 61.51 W, 59
2026/09/16 23:41:42.613, 36 %, 8 %, 15664 MiB, 16384 MiB, 62.24 W, 59
2026/09/16 23:41:43.616, 1 %, 2 %, 15664 MiB, 16384 MiB, 69.95 W, 59
2026/09/16 23:41:44.619, 1 %, 2 %, 15664 MiB, 16384 MiB, 63.41 W, 59
2026/09/16 23:41:45.622, 15 %, 3 %, 15664 MiB, 16384 MiB, 59.27 W, 58
2026/09/16 23:41:46.626, 27 %, 3 %, 15664 MiB, 16384 MiB, 59.58 W, 58
2026/09/16 23:41:47.629, 44 %, 3 %, 15664 MiB, 16384 MiB, 59.76 W, 58
2026/09/16 23:41:48.631, 60 %, 4 %, 15664 MiB, 16384 MiB, 62.19 W, 58
2026/09/16 23:41:49.633, 71 %, 4 %, 15664 MiB, 16384 MiB, 61.12 W, 58
2026/09/16 23:41:50.639, 82 %, 5 %, 15664 MiB, 16384 MiB, 59.74 W, 58
2026/09/16 23:41:51.641, 98 %, 10 %, 15664 MiB, 16384 MiB, 60.41 W, 58
2026/09/16 23:41:52.644, 79 %, 9 %, 15664 MiB, 16384 MiB, 61.16 W, 58
2026/09/16 23:41:53.646, 26 %, 8 %, 15664 MiB, 16384 MiB, 62.03 W, 58
2026/09/16 23:41:54.648, 2 %, 3 %, 15664 MiB, 16384 MiB, 70.57 W, 59
2026/09/16 23:41:55.651, 2 %, 3 %, 15664 MiB, 16384 MiB, 64.57 W, 59
2026/09/16 23:41:56.654, 13 %, 3 %, 15664 MiB, 16384 MiB, 60.10 W, 58
2026/09/16 23:41:57.656, 28 %, 3 %, 15664 MiB, 16384 MiB, 59.63 W, 58
2026/09/16 23:41:58.659, 46 %, 4 %, 15664 MiB, 16384 MiB, 59.53 W, 58
2026/09/16 23:41:59.661, 60 %, 4 %, 15664 MiB, 16384 MiB, 60.20 W, 58
2026/09/16 23:42:00.664, 77 %, 5 %, 15664 MiB, 16384 MiB, 61.01 W, 58
2026/09/16 23:42:01.667, 91 %, 5 %, 15664 MiB, 16384 MiB, 61.77 W, 58
2026/09/16 23:42:02.669, 0 %, 0 %, 15664 MiB, 16384 MiB, 57.40 W, 58
2026/09/16 23:42:03.671, 0 %, 0 %, 15664 MiB, 16384 MiB, 46.46 W, 58
2026/09/16 23:42:04.674, 0 %, 0 %, 15664 MiB, 16384 MiB, 46.53 W, 57
2026/09/16 23:42:05.676, 0 %, 0 %, 15664 MiB, 16384 MiB, 46.33 W, 57
2026/09/16 23:42:06.679, 0 %, 0 %, 15664 MiB, 16384 MiB, 46.87 W, 57
2026/09/16 23:42:07.681, 0 %, 0 %, 15664 MiB, 16384 MiB, 47.00 W, 57
2026/09/16 23:42:08.684, 0 %, 0 %, 15664 MiB, 16384 MiB, 46.77 W, 57
2026/09/16 23:42:09.686, 0 %, 0 %, 15664 MiB, 16384 MiB, 46.16 W, 57
2026/09/16 23:42:10.691, 0 %, 0 %, 15664 MiB, 16384 MiB, 46.06 W, 57
2026/09/16 23:42:11.693, 0 %, 0 %, 15664 MiB, 16384 MiB, 46.15 W, 57
2026/09/16 23:42:12.695, 0 %, 0 %, 15664 MiB, 16384 MiB, 46.02 W, 57
2026/09/16 23:42:13.698, 0 %, 0 %, 15664 MiB, 16384 MiB, 46.26 W, 57
2026/09/16 23:42:14.700, 0 %, 0 %, 15664 MiB, 16384 MiB, 45.98 W, 57
2026/09/16 23:42:15.703, 0 %, 0 %, 15664 MiB, 16384 MiB, 45.99 W, 57
2026/09/16 23:42:16.706, 100 %, 10 %, 15666 MiB, 16384 MiB, 48.88 W, 57
2026/09/16 23:42:17.709, 51 %, 8 %, 15666 MiB, 16384 MiB, 77.68 W, 58
2026/09/16 23:42:18.713, 2 %, 3 %, 15666 MiB, 16384 MiB, 59.63 W, 58
2026/09/16 23:42:19.717, 2 %, 3 %, 15666 MiB, 16384 MiB, 60.03 W, 58
2026/09/16 23:42:20.719, 56 %, 4 %, 15666 MiB, 16384 MiB, 59.94 W, 58
2026/09/16 23:42:21.721, 100 %, 5 %, 15666 MiB, 16384 MiB, 62.28 W, 58
2026/09/16 23:42:22.724, 97 %, 11 %, 15666 MiB, 16384 MiB, 62.10 W, 58
2026/09/16 23:42:23.726, 77 %, 10 %, 15666 MiB, 16384 MiB, 62.49 W, 58
2026/09/16 23:42:24.728, 60 %, 9 %, 15666 MiB, 16384 MiB, 62.18 W, 58
2026/09/16 23:42:25.731, 39 %, 9 %, 15666 MiB, 16384 MiB, 80.96 W, 58
2026/09/16 23:42:26.733, 12 %, 8 %, 15666 MiB, 16384 MiB, 81.42 W, 58
2026/09/16 23:42:27.736, 1 %, 2 %, 15666 MiB, 16384 MiB, 60.34 W, 58
2026/09/16 23:42:28.738, 1 %, 2 %, 15666 MiB, 16384 MiB, 59.84 W, 58
2026/09/16 23:42:29.748, 18 %, 3 %, 15666 MiB, 16384 MiB, 60.10 W, 58
2026/09/16 23:42:30.751, 42 %, 4 %, 15666 MiB, 16384 MiB, 60.32 W, 58
2026/09/16 23:42:31.753, 91 %, 5 %, 15666 MiB, 16384 MiB, 61.88 W, 58
2026/09/16 23:42:32.756, 100 %, 8 %, 15666 MiB, 16384 MiB, 62.60 W, 58
2026/09/16 23:42:33.758, 80 %, 10 %, 15666 MiB, 16384 MiB, 62.69 W, 58
2026/09/16 23:42:34.761, 60 %, 9 %, 15666 MiB, 16384 MiB, 62.52 W, 58
2026/09/16 23:42:35.763, 40 %, 9 %, 15666 MiB, 16384 MiB, 80.94 W, 58
2026/09/16 23:42:36.765, 19 %, 8 %, 15666 MiB, 16384 MiB, 79.61 W, 58
2026/09/16 23:42:37.768, 1 %, 2 %, 15666 MiB, 16384 MiB, 59.38 W, 58
2026/09/16 23:42:38.770, 1 %, 2 %, 15666 MiB, 16384 MiB, 59.88 W, 59
2026/09/16 23:42:39.773, 1 %, 2 %, 15666 MiB, 16384 MiB, 60.04 W, 58
2026/09/16 23:42:40.775, 58 %, 4 %, 15666 MiB, 16384 MiB, 60.43 W, 58
2026/09/16 23:42:41.778, 93 %, 5 %, 15666 MiB, 16384 MiB, 62.01 W, 58
2026/09/16 23:42:42.782, 50 %, 8 %, 15666 MiB, 16384 MiB, 68.77 W, 58
2026/09/16 23:42:43.784, 10 %, 5 %, 15666 MiB, 16384 MiB, 68.29 W, 58
2026/09/16 23:42:44.787, 1 %, 2 %, 15666 MiB, 16384 MiB, 68.57 W, 58
2026/09/16 23:42:45.789, 1 %, 2 %, 15666 MiB, 16384 MiB, 59.40 W, 58
2026/09/16 23:42:46.792, 1 %, 2 %, 15666 MiB, 16384 MiB, 59.91 W, 58
2026/09/16 23:42:47.795, 4 %, 2 %, 15666 MiB, 16384 MiB, 59.94 W, 58
2026/09/16 23:42:48.797, 20 %, 3 %, 15666 MiB, 16384 MiB, 59.92 W, 58
2026/09/16 23:42:49.800, 37 %, 3 %, 15666 MiB, 16384 MiB, 59.94 W, 58
2026/09/16 23:42:50.802, 55 %, 4 %, 15666 MiB, 16384 MiB, 59.99 W, 58
2026/09/16 23:42:51.805, 76 %, 5 %, 15666 MiB, 16384 MiB, 61.32 W, 58
2026/09/16 23:42:52.807, 99 %, 10 %, 15666 MiB, 16384 MiB, 62.56 W, 58
2026/09/16 23:42:53.810, 62 %, 9 %, 15666 MiB, 16384 MiB, 61.28 W, 58
2026/09/16 23:42:54.812, 9 %, 5 %, 15666 MiB, 16384 MiB, 65.68 W, 58
2026/09/16 23:42:55.815, 1 %, 3 %, 15666 MiB, 16384 MiB, 59.35 W, 58
2026/09/16 23:42:56.818, 1 %, 2 %, 15666 MiB, 16384 MiB, 59.84 W, 58
2026/09/16 23:42:57.822, 3 %, 2 %, 15666 MiB, 16384 MiB, 59.85 W, 58
2026/09/16 23:42:58.826, 18 %, 3 %, 15666 MiB, 16384 MiB, 59.65 W, 58
2026/09/16 23:42:59.830, 39 %, 3 %, 15666 MiB, 16384 MiB, 59.69 W, 58
2026/09/16 23:43:00.833, 50 %, 4 %, 15666 MiB, 16384 MiB, 59.81 W, 58
2026/09/16 23:43:01.837, 89 %, 5 %, 15666 MiB, 16384 MiB, 61.82 W, 58
2026/09/16 23:43:02.839, 65 %, 9 %, 15666 MiB, 16384 MiB, 64.70 W, 58
2026/09/16 23:43:03.842, 23 %, 8 %, 15666 MiB, 16384 MiB, 72.96 W, 59
2026/09/16 23:43:04.845, 1 %, 2 %, 15666 MiB, 16384 MiB, 59.92 W, 58
2026/09/16 23:43:05.849, 1 %, 2 %, 15666 MiB, 16384 MiB, 59.82 W, 58
2026/09/16 23:43:06.852, 39 %, 3 %, 15666 MiB, 16384 MiB, 59.85 W, 58
2026/09/16 23:43:07.854, 50 %, 4 %, 15666 MiB, 16384 MiB, 59.75 W, 58
2026/09/16 23:43:08.857, 67 %, 4 %, 15666 MiB, 16384 MiB, 60.44 W, 58
2026/09/16 23:43:09.859, 82 %, 5 %, 15666 MiB, 16384 MiB, 61.53 W, 58
2026/09/16 23:43:10.862, 93 %, 5 %, 15666 MiB, 16384 MiB, 61.97 W, 58
2026/09/16 23:43:11.864, 100 %, 5 %, 15666 MiB, 16384 MiB, 62.29 W, 58
2026/09/16 23:43:12.866, 81 %, 10 %, 15666 MiB, 16384 MiB, 62.52 W, 58
2026/09/16 23:43:13.869, 55 %, 9 %, 15666 MiB, 16384 MiB, 61.79 W, 58
2026/09/16 23:43:14.871, 28 %, 8 %, 15666 MiB, 16384 MiB, 71.42 W, 59
2026/09/16 23:43:15.874, 1 %, 2 %, 15666 MiB, 16384 MiB, 59.49 W, 59
2026/09/16 23:43:16.876, 2 %, 3 %, 15666 MiB, 16384 MiB, 60.30 W, 58
2026/09/16 23:43:17.878, 4 %, 3 %, 15666 MiB, 16384 MiB, 60.44 W, 58
2026/09/16 23:43:18.882, 23 %, 3 %, 15666 MiB, 16384 MiB, 60.28 W, 58
2026/09/16 23:43:19.885, 37 %, 3 %, 15666 MiB, 16384 MiB, 60.12 W, 58
2026/09/16 23:43:20.888, 51 %, 4 %, 15666 MiB, 16384 MiB, 60.15 W, 58
2026/09/16 23:43:21.892, 69 %, 4 %, 15666 MiB, 16384 MiB, 60.90 W, 59
2026/09/16 23:43:22.896, 79 %, 4 %, 15666 MiB, 16384 MiB, 64.28 W, 58
2026/09/16 23:43:23.900, 88 %, 10 %, 15666 MiB, 16384 MiB, 65.09 W, 59
2026/09/16 23:43:24.904, 48 %, 8 %, 15666 MiB, 16384 MiB, 66.06 W, 59
2026/09/16 23:43:25.907, 6 %, 6 %, 15666 MiB, 16384 MiB, 71.46 W, 59
2026/09/16 23:43:26.911, 1 %, 2 %, 15666 MiB, 16384 MiB, 60.31 W, 59
2026/09/16 23:43:27.915, 1 %, 2 %, 15666 MiB, 16384 MiB, 60.19 W, 59
2026/09/16 23:43:28.918, 56 %, 4 %, 15666 MiB, 16384 MiB, 60.23 W, 59
2026/09/16 23:43:29.922, 67 %, 4 %, 15666 MiB, 16384 MiB, 60.84 W, 59
2026/09/16 23:43:30.925, 81 %, 5 %, 15666 MiB, 16384 MiB, 61.59 W, 59
2026/09/16 23:43:31.929, 96 %, 5 %, 15666 MiB, 16384 MiB, 62.43 W, 59
2026/09/16 23:43:32.933, 100 %, 5 %, 15666 MiB, 16384 MiB, 62.86 W, 59
2026/09/16 23:43:33.936, 91 %, 7 %, 15666 MiB, 16384 MiB, 62.41 W, 59
2026/09/16 23:43:34.940, 60 %, 9 %, 15666 MiB, 16384 MiB, 62.31 W, 59
2026/09/16 23:43:35.945, 39 %, 8 %, 15666 MiB, 16384 MiB, 72.69 W, 59
2026/09/16 23:43:36.949, 1 %, 2 %, 15666 MiB, 16384 MiB, 71.28 W, 59
2026/09/16 23:43:37.952, 2 %, 3 %, 15666 MiB, 16384 MiB, 60.14 W, 59
2026/09/16 23:43:38.956, 2 %, 3 %, 15666 MiB, 16384 MiB, 60.27 W, 59
2026/09/16 23:43:39.960, 55 %, 4 %, 15666 MiB, 16384 MiB, 60.32 W, 59
2026/09/16 23:43:40.963, 72 %, 5 %, 15666 MiB, 16384 MiB, 60.88 W, 59
2026/09/16 23:43:41.967, 90 %, 5 %, 15666 MiB, 16384 MiB, 61.73 W, 59
2026/09/16 23:43:42.971, 100 %, 6 %, 15666 MiB, 16384 MiB, 65.82 W, 59
2026/09/16 23:43:43.974, 93 %, 10 %, 15666 MiB, 16384 MiB, 65.15 W, 59
2026/09/16 23:43:44.978, 74 %, 10 %, 15666 MiB, 16384 MiB, 63.15 W, 59
2026/09/16 23:43:45.982, 55 %, 9 %, 15666 MiB, 16384 MiB, 62.07 W, 59
2026/09/16 23:43:46.986, 22 %, 8 %, 15666 MiB, 16384 MiB, 71.28 W, 59
2026/09/16 23:43:47.989, 1 %, 2 %, 15666 MiB, 16384 MiB, 59.69 W, 59
2026/09/16 23:43:48.993, 13 %, 3 %, 15666 MiB, 16384 MiB, 60.10 W, 59
2026/09/16 23:43:49.996, 1 %, 2 %, 15666 MiB, 16384 MiB, 60.19 W, 59
2026/09/16 23:43:50.998, 97 %, 5 %, 15666 MiB, 16384 MiB, 62.34 W, 59
2026/09/16 23:43:52.000, 100 %, 5 %, 15666 MiB, 16384 MiB, 63.14 W, 59
2026/09/16 23:43:53.003, 93 %, 10 %, 15666 MiB, 16384 MiB, 62.94 W, 59
2026/09/16 23:43:54.005, 75 %, 10 %, 15666 MiB, 16384 MiB, 63.06 W, 59
2026/09/16 23:43:55.008, 63 %, 9 %, 15666 MiB, 16384 MiB, 63.03 W, 59
2026/09/16 23:43:56.010, 45 %, 5 %, 15666 MiB, 16384 MiB, 61.67 W, 59
2026/09/16 23:43:57.012, 24 %, 8 %, 15666 MiB, 16384 MiB, 71.90 W, 59
2026/09/16 23:43:58.015, 1 %, 2 %, 15666 MiB, 16384 MiB, 59.71 W, 59
2026/09/16 23:43:59.017, 1 %, 2 %, 15666 MiB, 16384 MiB, 60.21 W, 59
2026/09/16 23:44:00.021, 41 %, 4 %, 15666 MiB, 16384 MiB, 60.40 W, 59
2026/09/16 23:44:01.024, 2 %, 3 %, 15666 MiB, 16384 MiB, 60.60 W, 59
2026/09/16 23:44:02.028, 84 %, 5 %, 15666 MiB, 16384 MiB, 61.82 W, 59
2026/09/16 23:44:03.031, 99 %, 6 %, 15666 MiB, 16384 MiB, 63.77 W, 59
2026/09/16 23:44:04.035, 95 %, 11 %, 15666 MiB, 16384 MiB, 65.80 W, 59
2026/09/16 23:44:05.039, 81 %, 10 %, 15666 MiB, 16384 MiB, 64.22 W, 59
2026/09/16 23:44:06.042, 59 %, 9 %, 15666 MiB, 16384 MiB, 63.13 W, 59
2026/09/16 23:44:07.046, 38 %, 9 %, 15666 MiB, 16384 MiB, 74.72 W, 59
2026/09/16 23:44:08.050, 3 %, 4 %, 15666 MiB, 16384 MiB, 71.43 W, 59
2026/09/16 23:44:09.052, 1 %, 2 %, 15666 MiB, 16384 MiB, 60.42 W, 59
2026/09/16 23:44:10.055, 27 %, 3 %, 15666 MiB, 16384 MiB, 60.42 W, 59
2026/09/16 23:44:11.057, 64 %, 4 %, 15666 MiB, 16384 MiB, 60.50 W, 59
2026/09/16 23:44:12.059, 6 %, 7 %, 15666 MiB, 16384 MiB, 60.49 W, 59
2026/09/16 23:44:13.062, 79 %, 10 %, 15666 MiB, 16384 MiB, 62.50 W, 59
2026/09/16 23:44:14.064, 63 %, 9 %, 15666 MiB, 16384 MiB, 62.82 W, 59
2026/09/16 23:44:15.067, 50 %, 9 %, 15666 MiB, 16384 MiB, 62.68 W, 59
2026/09/16 23:44:16.069, 36 %, 8 %, 15666 MiB, 16384 MiB, 73.62 W, 59
2026/09/16 23:44:17.072, 21 %, 8 %, 15666 MiB, 16384 MiB, 72.54 W, 59
2026/09/16 23:44:18.074, 1 %, 2 %, 15666 MiB, 16384 MiB, 65.22 W, 59
2026/09/16 23:44:19.077, 1 %, 2 %, 15666 MiB, 16384 MiB, 59.76 W, 60
2026/09/16 23:44:20.079, 1 %, 2 %, 15666 MiB, 16384 MiB, 60.43 W, 59
2026/09/16 23:44:21.081, 5 %, 2 %, 15666 MiB, 16384 MiB, 60.46 W, 59
2026/09/16 23:44:22.084, 33 %, 4 %, 15666 MiB, 16384 MiB, 60.60 W, 59
2026/09/16 23:44:23.088, 2 %, 3 %, 15666 MiB, 16384 MiB, 62.75 W, 59
2026/09/16 23:44:24.091, 90 %, 5 %, 15666 MiB, 16384 MiB, 64.39 W, 59
2026/09/16 23:44:25.095, 100 %, 6 %, 15666 MiB, 16384 MiB, 63.14 W, 59
2026/09/16 23:44:26.101, 90 %, 10 %, 15666 MiB, 16384 MiB, 63.33 W, 59
2026/09/16 23:44:27.104, 76 %, 10 %, 15666 MiB, 16384 MiB, 63.42 W, 59
2026/09/16 23:44:28.107, 55 %, 9 %, 15666 MiB, 16384 MiB, 63.38 W, 59
2026/09/16 23:44:29.110, 33 %, 9 %, 15666 MiB, 16384 MiB, 74.37 W, 59
2026/09/16 23:44:30.114, 1 %, 2 %, 15666 MiB, 16384 MiB, 60.99 W, 60
2026/09/16 23:44:31.117, 1 %, 2 %, 15666 MiB, 16384 MiB, 60.54 W, 59
2026/09/16 23:44:32.121, 39 %, 3 %, 15666 MiB, 16384 MiB, 60.58 W, 59
2026/09/16 23:44:33.125, 78 %, 5 %, 15666 MiB, 16384 MiB, 61.70 W, 59
2026/09/16 23:44:34.129, 7 %, 7 %, 15666 MiB, 16384 MiB, 60.77 W, 59
2026/09/16 23:44:35.133, 73 %, 9 %, 15666 MiB, 16384 MiB, 63.28 W, 59
2026/09/16 23:44:36.137, 59 %, 9 %, 15666 MiB, 16384 MiB, 63.33 W, 59
2026/09/16 23:44:37.140, 45 %, 9 %, 15666 MiB, 16384 MiB, 63.08 W, 59
2026/09/16 23:44:38.143, 26 %, 8 %, 15666 MiB, 16384 MiB, 73.43 W, 60
2026/09/16 23:44:39.147, 13 %, 8 %, 15666 MiB, 16384 MiB, 72.64 W, 60
2026/09/16 23:44:40.150, 1 %, 2 %, 15666 MiB, 16384 MiB, 65.70 W, 59
2026/09/16 23:44:41.154, 1 %, 2 %, 15666 MiB, 16384 MiB, 60.69 W, 60
2026/09/16 23:44:42.158, 1 %, 2 %, 15666 MiB, 16384 MiB, 63.56 W, 59
2026/09/16 23:44:43.161, 7 %, 3 %, 15666 MiB, 16384 MiB, 61.35 W, 59
2026/09/16 23:44:44.165, 54 %, 4 %, 15666 MiB, 16384 MiB, 60.86 W, 59
2026/09/16 23:44:45.169, 2 %, 2 %, 15666 MiB, 16384 MiB, 60.78 W, 59
2026/09/16 23:44:46.172, 93 %, 11 %, 15666 MiB, 16384 MiB, 63.21 W, 60
2026/09/16 23:44:47.176, 77 %, 10 %, 15666 MiB, 16384 MiB, 63.64 W, 60
2026/09/16 23:44:48.179, 58 %, 9 %, 15666 MiB, 16384 MiB, 63.46 W, 60
2026/09/16 23:44:49.183, 44 %, 9 %, 15666 MiB, 16384 MiB, 63.34 W, 60
2026/09/16 23:44:50.187, 26 %, 8 %, 15666 MiB, 16384 MiB, 73.19 W, 60
2026/09/16 23:44:51.191, 6 %, 7 %, 15666 MiB, 16384 MiB, 73.19 W, 60
2026/09/16 23:44:52.194, 1 %, 3 %, 15666 MiB, 16384 MiB, 60.36 W, 59
2026/09/16 23:44:53.198, 11 %, 2 %, 15666 MiB, 16384 MiB, 60.56 W, 59
2026/09/16 23:44:54.201, 57 %, 4 %, 15666 MiB, 16384 MiB, 60.55 W, 59
2026/09/16 23:44:55.205, 99 %, 10 %, 15666 MiB, 16384 MiB, 63.07 W, 59
2026/09/16 23:44:56.210, 6 %, 7 %, 15666 MiB, 16384 MiB, 60.40 W, 60
2026/09/16 23:44:57.213, 46 %, 9 %, 15666 MiB, 16384 MiB, 63.33 W, 60
2026/09/16 23:44:58.216, 33 %, 8 %, 15666 MiB, 16384 MiB, 74.15 W, 60
2026/09/16 23:44:59.218, 16 %, 8 %, 15666 MiB, 16384 MiB, 72.78 W, 60
2026/09/16 23:45:00.221, 1 %, 2 %, 15666 MiB, 16384 MiB, 71.75 W, 60
2026/09/16 23:45:01.223, 1 %, 2 %, 15666 MiB, 16384 MiB, 61.45 W, 60
2026/09/16 23:45:02.226, 1 %, 3 %, 15666 MiB, 16384 MiB, 63.10 W, 59
2026/09/16 23:45:03.228, 11 %, 2 %, 15666 MiB, 16384 MiB, 61.92 W, 60
2026/09/16 23:45:04.230, 51 %, 4 %, 15666 MiB, 16384 MiB, 60.58 W, 59
2026/09/16 23:45:05.233, 63 %, 4 %, 15666 MiB, 16384 MiB, 60.72 W, 59
2026/09/16 23:45:06.235, 97 %, 5 %, 15666 MiB, 16384 MiB, 62.66 W, 60
2026/09/16 23:45:07.238, 7 %, 7 %, 15666 MiB, 16384 MiB, 61.10 W, 60
2026/09/16 23:45:08.240, 62 %, 9 %, 15666 MiB, 16384 MiB, 63.71 W, 60
2026/09/16 23:45:09.244, 42 %, 9 %, 15666 MiB, 16384 MiB, 64.62 W, 60
2026/09/16 23:45:10.247, 27 %, 8 %, 15666 MiB, 16384 MiB, 74.48 W, 60
2026/09/16 23:45:11.251, 12 %, 8 %, 15666 MiB, 16384 MiB, 73.16 W, 60
2026/09/16 23:45:12.254, 1 %, 2 %, 15666 MiB, 16384 MiB, 71.60 W, 60
2026/09/16 23:45:13.258, 1 %, 3 %, 15666 MiB, 16384 MiB, 60.46 W, 60
2026/09/16 23:45:14.262, 100 %, 13 %, 15666 MiB, 16384 MiB, 263.88 W, 66
2026/09/16 23:45:15.278, 100 %, 0 %, 15666 MiB, 16384 MiB, 118.18 W, 62
2026/09/16 23:45:16.280, 100 %, 3 %, 15666 MiB, 16384 MiB, 117.09 W, 62
2026/09/16 23:45:17.282, 100 %, 8 %, 15666 MiB, 16384 MiB, 118.46 W, 62
2026/09/16 23:45:18.284, 100 %, 43 %, 15666 MiB, 16384 MiB, 240.66 W, 62
2026/09/16 23:45:19.289, 100 %, 12 %, 15666 MiB, 16384 MiB, 121.45 W, 67
2026/09/16 23:45:20.293, 100 %, 4 %, 15666 MiB, 16384 MiB, 119.11 W, 64
2026/09/16 23:45:21.297, 100 %, 26 %, 15666 MiB, 16384 MiB, 128.40 W, 64
2026/09/16 23:45:22.300, 100 %, 45 %, 15666 MiB, 16384 MiB, 206.72 W, 65
2026/09/16 23:45:23.302, 100 %, 0 %, 15666 MiB, 16384 MiB, 119.31 W, 64
2026/09/16 23:45:24.305, 100 %, 4 %, 15666 MiB, 16384 MiB, 121.96 W, 65
2026/09/16 23:45:25.309, 100 %, 44 %, 15666 MiB, 16384 MiB, 117.17 W, 65
2026/09/16 23:45:26.311, 100 %, 2 %, 15666 MiB, 16384 MiB, 169.74 W, 65
2026/09/16 23:45:27.314, 100 %, 0 %, 15666 MiB, 16384 MiB, 146.73 W, 68
2026/09/16 23:45:28.319, 100 %, 4 %, 15666 MiB, 16384 MiB, 119.76 W, 65
2026/09/16 23:45:29.321, 100 %, 24 %, 15666 MiB, 16384 MiB, 119.04 W, 66
2026/09/16 23:45:30.324, 100 %, 42 %, 15666 MiB, 16384 MiB, 91.18 W, 66
2026/09/16 23:45:31.326, 100 %, 6 %, 15666 MiB, 16384 MiB, 144.77 W, 65
2026/09/16 23:45:32.329, 100 %, 5 %, 15666 MiB, 16384 MiB, 147.39 W, 70
2026/09/16 23:45:33.334, 100 %, 25 %, 15666 MiB, 16384 MiB, 120.74 W, 67
2026/09/16 23:45:34.336, 100 %, 48 %, 15666 MiB, 16384 MiB, 115.11 W, 67
2026/09/16 23:45:35.339, 100 %, 0 %, 15666 MiB, 16384 MiB, 229.44 W, 67
2026/09/16 23:45:36.342, 100 %, 4 %, 15666 MiB, 16384 MiB, 242.87 W, 68
2026/09/16 23:45:37.350, 100 %, 3 %, 15666 MiB, 16384 MiB, 122.39 W, 67
2026/09/16 23:45:38.354, 100 %, 48 %, 15666 MiB, 16384 MiB, 120.67 W, 68
2026/09/16 23:45:39.356, 100 %, 20 %, 15666 MiB, 16384 MiB, 116.08 W, 68
2026/09/16 23:45:40.359, 100 %, 0 %, 15666 MiB, 16384 MiB, 220.26 W, 70
2026/09/16 23:45:41.363, 100 %, 3 %, 15666 MiB, 16384 MiB, 118.79 W, 68
2026/09/16 23:45:42.367, 100 %, 7 %, 15666 MiB, 16384 MiB, 125.65 W, 68
2026/09/16 23:45:43.370, 100 %, 47 %, 15666 MiB, 16384 MiB, 72.63 W, 68
2026/09/16 23:45:44.372, 100 %, 10 %, 15666 MiB, 16384 MiB, 224.48 W, 68
2026/09/16 23:45:45.376, 100 %, 4 %, 15666 MiB, 16384 MiB, 123.56 W, 69
2026/09/16 23:45:46.379, 100 %, 32 %, 15666 MiB, 16384 MiB, 118.23 W, 69
2026/09/16 23:45:47.382, 100 %, 43 %, 15666 MiB, 16384 MiB, 63.04 W, 69
2026/09/16 23:45:48.384, 100 %, 32 %, 15666 MiB, 16384 MiB, 220.45 W, 68
2026/09/16 23:45:49.388, 100 %, 4 %, 15666 MiB, 16384 MiB, 124.14 W, 73
2026/09/16 23:45:50.391, 100 %, 7 %, 15666 MiB, 16384 MiB, 122.92 W, 69
2026/09/16 23:45:51.393, 100 %, 46 %, 15666 MiB, 16384 MiB, 113.46 W, 70
2026/09/16 23:45:52.396, 100 %, 14 %, 15666 MiB, 16384 MiB, 240.96 W, 72
2026/09/16 23:45:53.400, 100 %, 0 %, 15666 MiB, 16384 MiB, 121.63 W, 70
2026/09/16 23:45:54.405, 100 %, 4 %, 15666 MiB, 16384 MiB, 120.64 W, 70
2026/09/16 23:45:55.408, 100 %, 18 %, 15666 MiB, 16384 MiB, 116.10 W, 70
2026/09/16 23:45:56.410, 100 %, 45 %, 15666 MiB, 16384 MiB, 97.19 W, 69
2026/09/16 23:45:57.414, 100 %, 5 %, 15666 MiB, 16384 MiB, 206.89 W, 72
2026/09/16 23:45:58.422, 100 %, 4 %, 15666 MiB, 16384 MiB, 125.52 W, 70
2026/09/16 23:45:59.424, 100 %, 5 %, 15666 MiB, 16384 MiB, 121.33 W, 70
2026/09/16 23:46:00.426, 100 %, 6 %, 15666 MiB, 16384 MiB, 126.75 W, 70
2026/09/16 23:46:01.429, 100 %, 0 %, 15666 MiB, 16384 MiB, 122.26 W, 70
2026/09/16 23:46:02.432, 100 %, 5 %, 15666 MiB, 16384 MiB, 124.51 W, 71
2026/09/16 23:46:03.434, 100 %, 0 %, 15666 MiB, 16384 MiB, 123.76 W, 71
2026/09/16 23:46:04.436, 100 %, 41 %, 15666 MiB, 16384 MiB, 226.68 W, 70
2026/09/16 23:46:05.439, 100 %, 47 %, 15666 MiB, 16384 MiB, 212.66 W, 71
2026/09/16 23:46:06.441, 100 %, 4 %, 15666 MiB, 16384 MiB, 126.87 W, 71
2026/09/16 23:46:07.443, 100 %, 7 %, 15666 MiB, 16384 MiB, 127.05 W, 71
2026/09/16 23:46:08.446, 100 %, 1 %, 15666 MiB, 16384 MiB, 123.05 W, 71
2026/09/16 23:46:09.448, 100 %, 4 %, 15666 MiB, 16384 MiB, 128.48 W, 71
2026/09/16 23:46:10.451, 100 %, 1 %, 15666 MiB, 16384 MiB, 124.22 W, 71
2026/09/16 23:46:11.453, 100 %, 42 %, 15666 MiB, 16384 MiB, 241.61 W, 70
2026/09/16 23:46:12.456, 100 %, 40 %, 15666 MiB, 16384 MiB, 158.39 W, 71
2026/09/16 23:46:13.459, 100 %, 4 %, 15666 MiB, 16384 MiB, 132.25 W, 71
2026/09/16 23:46:14.462, 100 %, 6 %, 15666 MiB, 16384 MiB, 127.21 W, 71
2026/09/16 23:46:15.465, 100 %, 7 %, 15666 MiB, 16384 MiB, 127.83 W, 71
2026/09/16 23:46:16.467, 100 %, 0 %, 15666 MiB, 16384 MiB, 124.29 W, 71
2026/09/16 23:46:17.469, 100 %, 3 %, 15666 MiB, 16384 MiB, 225.65 W, 72
2026/09/16 23:46:18.473, 100 %, 0 %, 15666 MiB, 16384 MiB, 223.87 W, 71
2026/09/16 23:46:19.477, 100 %, 45 %, 15666 MiB, 16384 MiB, 124.36 W, 71
2026/09/16 23:46:20.481, 100 %, 33 %, 15666 MiB, 16384 MiB, 126.78 W, 72
2026/09/16 23:46:21.483, 100 %, 3 %, 15666 MiB, 16384 MiB, 123.30 W, 71
2026/09/16 23:46:22.485, 100 %, 7 %, 15666 MiB, 16384 MiB, 127.85 W, 72
2026/09/16 23:46:23.488, 100 %, 0 %, 15666 MiB, 16384 MiB, 124.63 W, 71
2026/09/16 23:46:24.490, 100 %, 2 %, 15666 MiB, 16384 MiB, 238.74 W, 72
2026/09/16 23:46:25.496, 100 %, 3 %, 15666 MiB, 16384 MiB, 162.17 W, 72
2026/09/16 23:46:26.501, 100 %, 44 %, 15666 MiB, 16384 MiB, 137.11 W, 71
2026/09/16 23:46:27.503, 100 %, 23 %, 15666 MiB, 16384 MiB, 127.47 W, 72
2026/09/16 23:46:28.506, 100 %, 0 %, 15666 MiB, 16384 MiB, 123.66 W, 72
2026/09/16 23:46:29.508, 100 %, 7 %, 15666 MiB, 16384 MiB, 126.51 W, 72
2026/09/16 23:46:30.510, 100 %, 0 %, 15666 MiB, 16384 MiB, 124.56 W, 72
2026/09/16 23:46:31.513, 100 %, 1 %, 15666 MiB, 16384 MiB, 209.81 W, 72
2026/09/16 23:46:32.515, 100 %, 15 %, 15666 MiB, 16384 MiB, 130.00 W, 72
2026/09/16 23:46:33.517, 100 %, 36 %, 15666 MiB, 16384 MiB, 127.25 W, 72
2026/09/16 23:46:34.520, 100 %, 4 %, 15666 MiB, 16384 MiB, 123.55 W, 72
2026/09/16 23:46:35.523, 100 %, 7 %, 15666 MiB, 16384 MiB, 128.55 W, 72
2026/09/16 23:46:36.525, 100 %, 1 %, 15666 MiB, 16384 MiB, 125.53 W, 72
2026/09/16 23:46:37.529, 100 %, 2 %, 15666 MiB, 16384 MiB, 124.98 W, 74
2026/09/16 23:46:38.532, 100 %, 1 %, 15666 MiB, 16384 MiB, 205.81 W, 73
2026/09/16 23:46:39.535, 100 %, 42 %, 15666 MiB, 16384 MiB, 65.56 W, 72
2026/09/16 23:46:40.537, 100 %, 23 %, 15666 MiB, 16384 MiB, 124.70 W, 72
2026/09/16 23:46:41.539, 100 %, 0 %, 15666 MiB, 16384 MiB, 122.94 W, 72
2026/09/16 23:46:42.543, 100 %, 7 %, 15666 MiB, 16384 MiB, 128.94 W, 72
2026/09/16 23:46:43.545, 100 %, 1 %, 15666 MiB, 16384 MiB, 125.50 W, 72
2026/09/16 23:46:44.548, 100 %, 1 %, 15666 MiB, 16384 MiB, 153.37 W, 74
2026/09/16 23:46:45.551, 100 %, 13 %, 15666 MiB, 16384 MiB, 238.58 W, 73
2026/09/16 23:46:46.556, 100 %, 33 %, 15666 MiB, 16384 MiB, 103.80 W, 72
2026/09/16 23:46:47.559, 100 %, 10 %, 15666 MiB, 16384 MiB, 126.36 W, 72
2026/09/16 23:46:48.561, 100 %, 0 %, 15666 MiB, 16384 MiB, 123.51 W, 72
2026/09/16 23:46:49.563, 100 %, 6 %, 15666 MiB, 16384 MiB, 129.22 W, 72
2026/09/16 23:46:50.566, 100 %, 2 %, 15666 MiB, 16384 MiB, 125.61 W, 76
2026/09/16 23:46:51.569, 100 %, 1 %, 15666 MiB, 16384 MiB, 217.80 W, 74
2026/09/16 23:46:52.573, 100 %, 39 %, 15666 MiB, 16384 MiB, 80.08 W, 72
2026/09/16 23:46:53.576, 100 %, 23 %, 15666 MiB, 16384 MiB, 125.05 W, 72
2026/09/16 23:46:54.578, 100 %, 1 %, 15666 MiB, 16384 MiB, 123.57 W, 72
2026/09/16 23:46:55.581, 100 %, 7 %, 15666 MiB, 16384 MiB, 130.49 W, 73
2026/09/16 23:46:56.583, 100 %, 0 %, 15666 MiB, 16384 MiB, 125.98 W, 72
2026/09/16 23:46:57.585, 100 %, 1 %, 15666 MiB, 16384 MiB, 148.84 W, 76
2026/09/16 23:46:58.593, 100 %, 9 %, 15666 MiB, 16384 MiB, 238.07 W, 74
2026/09/16 23:46:59.598, 100 %, 35 %, 15666 MiB, 16384 MiB, 100.50 W, 72
2026/09/16 23:47:00.601, 100 %, 14 %, 15666 MiB, 16384 MiB, 125.76 W, 73
2026/09/16 23:47:01.603, 100 %, 0 %, 15666 MiB, 16384 MiB, 124.06 W, 72
2026/09/16 23:47:02.605, 100 %, 7 %, 15666 MiB, 16384 MiB, 129.81 W, 73
2026/09/16 23:47:03.608, 100 %, 0 %, 15666 MiB, 16384 MiB, 125.67 W, 72
2026/09/16 23:47:04.610, 100 %, 1 %, 15666 MiB, 16384 MiB, 213.60 W, 76
2026/09/16 23:47:05.617, 100 %, 28 %, 15666 MiB, 16384 MiB, 245.23 W, 74
2026/09/16 23:47:06.622, 100 %, 27 %, 15666 MiB, 16384 MiB, 64.85 W, 72
2026/09/16 23:47:07.624, 100 %, 6 %, 15666 MiB, 16384 MiB, 125.56 W, 73
2026/09/16 23:47:08.627, 100 %, 7 %, 15666 MiB, 16384 MiB, 132.49 W, 73
2026/09/16 23:47:09.629, 100 %, 1 %, 15666 MiB, 16384 MiB, 130.58 W, 73
2026/09/16 23:47:10.632, 100 %, 20 %, 15666 MiB, 16384 MiB, 130.96 W, 75
2026/09/16 23:47:11.635, 100 %, 46 %, 15666 MiB, 16384 MiB, 249.99 W, 73
2026/09/16 23:47:12.637, 100 %, 4 %, 15666 MiB, 16384 MiB, 142.65 W, 73
2026/09/16 23:47:13.639, 100 %, 7 %, 15666 MiB, 16384 MiB, 132.58 W, 73
2026/09/16 23:47:14.642, 100 %, 3 %, 15666 MiB, 16384 MiB, 131.49 W, 73
2026/09/16 23:47:15.645, 100 %, 33 %, 15666 MiB, 16384 MiB, 187.95 W, 75
2026/09/16 23:47:16.648, 100 %, 46 %, 15666 MiB, 16384 MiB, 185.02 W, 73
2026/09/16 23:47:17.650, 100 %, 3 %, 15666 MiB, 16384 MiB, 126.29 W, 73
2026/09/16 23:47:18.653, 100 %, 5 %, 15666 MiB, 16384 MiB, 132.47 W, 73
2026/09/16 23:47:19.656, 100 %, 0 %, 15666 MiB, 16384 MiB, 129.74 W, 73
2026/09/16 23:47:20.658, 100 %, 8 %, 15666 MiB, 16384 MiB, 232.05 W, 74
2026/09/16 23:47:21.661, 100 %, 5 %, 15666 MiB, 16384 MiB, 142.63 W, 73
2026/09/16 23:47:22.663, 100 %, 24 %, 15666 MiB, 16384 MiB, 126.72 W, 73
2026/09/16 23:47:23.666, 100 %, 6 %, 15666 MiB, 16384 MiB, 133.42 W, 73
2026/09/16 23:47:24.668, 100 %, 8 %, 15666 MiB, 16384 MiB, 130.79 W, 75
2026/09/16 23:47:25.674, 100 %, 2 %, 15666 MiB, 16384 MiB, 240.30 W, 75
2026/09/16 23:47:26.676, 100 %, 43 %, 15666 MiB, 16384 MiB, 135.81 W, 73
2026/09/16 23:47:27.679, 100 %, 18 %, 15666 MiB, 16384 MiB, 133.28 W, 73
2026/09/16 23:47:28.681, 100 %, 0 %, 15666 MiB, 16384 MiB, 130.12 W, 73
2026/09/16 23:47:29.683, 100 %, 6 %, 15666 MiB, 16384 MiB, 143.84 W, 76
2026/09/16 23:47:30.690, 100 %, 0 %, 15666 MiB, 16384 MiB, 238.30 W, 74
2026/09/16 23:47:31.696, 100 %, 43 %, 15666 MiB, 16384 MiB, 127.51 W, 73
2026/09/16 23:47:32.699, 100 %, 8 %, 15666 MiB, 16384 MiB, 132.66 W, 73
2026/09/16 23:47:33.701, 100 %, 0 %, 15666 MiB, 16384 MiB, 130.52 W, 73
2026/09/16 23:47:34.703, 100 %, 5 %, 15666 MiB, 16384 MiB, 131.18 W, 77
2026/09/16 23:47:35.708, 100 %, 2 %, 15666 MiB, 16384 MiB, 218.54 W, 74
2026/09/16 23:47:36.712, 100 %, 35 %, 15666 MiB, 16384 MiB, 108.01 W, 73
2026/09/16 23:47:37.714, 100 %, 6 %, 15666 MiB, 16384 MiB, 132.59 W, 73
2026/09/16 23:47:38.724, 100 %, 1 %, 15666 MiB, 16384 MiB, 129.64 W, 73
2026/09/16 23:47:39.726, 100 %, 4 %, 15666 MiB, 16384 MiB, 130.02 W, 76
2026/09/16 23:47:40.729, 100 %, 6 %, 15666 MiB, 16384 MiB, 230.52 W, 74
2026/09/16 23:47:41.731, 100 %, 26 %, 15666 MiB, 16384 MiB, 129.45 W, 74
2026/09/16 23:47:42.734, 100 %, 0 %, 15666 MiB, 16384 MiB, 128.07 W, 73
2026/09/16 23:47:43.736, 100 %, 8 %, 15666 MiB, 16384 MiB, 134.69 W, 73
2026/09/16 23:47:44.739, 100 %, 0 %, 15666 MiB, 16384 MiB, 130.40 W, 76
2026/09/16 23:47:45.742, 100 %, 43 %, 15666 MiB, 16384 MiB, 66.15 W, 73
2026/09/16 23:47:46.745, 100 %, 14 %, 15666 MiB, 16384 MiB, 132.43 W, 73
2026/09/16 23:47:47.747, 100 %, 0 %, 15666 MiB, 16384 MiB, 128.96 W, 73
2026/09/16 23:47:48.750, 100 %, 6 %, 15666 MiB, 16384 MiB, 131.45 W, 73
2026/09/16 23:47:49.753, 100 %, 0 %, 15666 MiB, 16384 MiB, 183.14 W, 75
2026/09/16 23:47:50.756, 100 %, 42 %, 15666 MiB, 16384 MiB, 98.67 W, 73
2026/09/16 23:47:51.758, 100 %, 6 %, 15666 MiB, 16384 MiB, 133.90 W, 74
2026/09/16 23:47:52.760, 100 %, 1 %, 15666 MiB, 16384 MiB, 129.97 W, 73
2026/09/16 23:47:53.763, 100 %, 6 %, 15666 MiB, 16384 MiB, 131.27 W, 73
2026/09/16 23:47:54.765, 100 %, 2 %, 15666 MiB, 16384 MiB, 229.56 W, 75
2026/09/16 23:47:55.778, 100 %, 29 %, 15666 MiB, 16384 MiB, 118.78 W, 73
2026/09/16 23:47:56.781, 100 %, 6 %, 15666 MiB, 16384 MiB, 132.74 W, 74
2026/09/16 23:47:57.783, 100 %, 9 %, 15666 MiB, 16384 MiB, 134.68 W, 74
2026/09/16 23:47:58.786, 100 %, 0 %, 15666 MiB, 16384 MiB, 130.47 W, 73
2026/09/16 23:47:59.789, 100 %, 43 %, 15666 MiB, 16384 MiB, 65.45 W, 72
2026/09/16 23:48:00.792, 100 %, 21 %, 15666 MiB, 16384 MiB, 131.18 W, 74
2026/09/16 23:48:01.794, 100 %, 1 %, 15666 MiB, 16384 MiB, 129.87 W, 73
2026/09/16 23:48:02.797, 100 %, 8 %, 15666 MiB, 16384 MiB, 133.87 W, 74
2026/09/16 23:48:03.799, 100 %, 0 %, 15666 MiB, 16384 MiB, 153.95 W, 76
2026/09/16 23:48:04.805, 100 %, 44 %, 15666 MiB, 16384 MiB, 124.53 W, 74
2026/09/16 23:48:05.808, 100 %, 9 %, 15666 MiB, 16384 MiB, 124.00 W, 74
2026/09/16 23:48:06.810, 100 %, 1 %, 15666 MiB, 16384 MiB, 128.34 W, 74
2026/09/16 23:48:07.812, 100 %, 6 %, 15666 MiB, 16384 MiB, 135.51 W, 74
2026/09/16 23:48:08.814, 100 %, 2 %, 15666 MiB, 16384 MiB, 131.94 W, 76
2026/09/16 23:48:09.821, 100 %, 36 %, 15666 MiB, 16384 MiB, 93.24 W, 74
2026/09/16 23:48:10.824, 100 %, 6 %, 15666 MiB, 16384 MiB, 128.42 W, 74
2026/09/16 23:48:11.826, 100 %, 1 %, 15666 MiB, 16384 MiB, 128.87 W, 74
2026/09/16 23:48:12.828, 100 %, 4 %, 15666 MiB, 16384 MiB, 133.84 W, 74
2026/09/16 23:48:13.831, 100 %, 6 %, 15666 MiB, 16384 MiB, 132.81 W, 77
2026/09/16 23:48:14.834, 100 %, 25 %, 15666 MiB, 16384 MiB, 109.47 W, 74
2026/09/16 23:48:15.837, 86 %, 5 %, 15666 MiB, 16384 MiB, 70.69 W, 72
2026/09/16 23:48:16.839, 68 %, 9 %, 15666 MiB, 16384 MiB, 107.46 W, 72
2026/09/16 23:48:17.842, 3 %, 2 %, 15666 MiB, 16384 MiB, 67.77 W, 72
2026/09/16 23:48:18.844, 2 %, 3 %, 15666 MiB, 16384 MiB, 68.47 W, 71
2026/09/16 23:48:19.847, 31 %, 3 %, 15666 MiB, 16384 MiB, 66.50 W, 70
2026/09/16 23:48:20.849, 82 %, 5 %, 15666 MiB, 16384 MiB, 68.68 W, 70
2026/09/16 23:48:21.852, 100 %, 5 %, 15666 MiB, 16384 MiB, 68.75 W, 70
2026/09/16 23:48:22.855, 98 %, 11 %, 15666 MiB, 16384 MiB, 68.90 W, 70
2026/09/16 23:48:23.858, 75 %, 10 %, 15666 MiB, 16384 MiB, 101.27 W, 70
2026/09/16 23:48:24.861, 52 %, 9 %, 15666 MiB, 16384 MiB, 104.28 W, 70
2026/09/16 23:48:25.865, 14 %, 8 %, 15666 MiB, 16384 MiB, 86.40 W, 70
2026/09/16 23:48:26.868, 12 %, 5 %, 15666 MiB, 16384 MiB, 67.80 W, 71
2026/09/16 23:48:27.872, 1 %, 2 %, 15666 MiB, 16384 MiB, 67.84 W, 69
2026/09/16 23:48:28.875, 16 %, 3 %, 15666 MiB, 16384 MiB, 65.91 W, 68
2026/09/16 23:48:29.884, 41 %, 4 %, 15666 MiB, 16384 MiB, 66.22 W, 68
2026/09/16 23:48:30.886, 81 %, 5 %, 15666 MiB, 16384 MiB, 67.56 W, 68
2026/09/16 23:48:31.889, 97 %, 8 %, 15666 MiB, 16384 MiB, 67.71 W, 68
2026/09/16 23:48:32.891, 76 %, 10 %, 15666 MiB, 16384 MiB, 93.81 W, 68
2026/09/16 23:48:33.894, 53 %, 9 %, 15666 MiB, 16384 MiB, 103.09 W, 68
2026/09/16 23:48:34.897, 27 %, 8 %, 15666 MiB, 16384 MiB, 76.56 W, 68
2026/09/16 23:48:35.901, 5 %, 2 %, 15666 MiB, 16384 MiB, 64.42 W, 68
2026/09/16 23:48:36.904, 1 %, 2 %, 15666 MiB, 16384 MiB, 64.78 W, 67
2026/09/16 23:48:37.908, 3 %, 2 %, 15666 MiB, 16384 MiB, 64.40 W, 67
2026/09/16 23:48:38.912, 17 %, 3 %, 15666 MiB, 16384 MiB, 64.60 W, 66
2026/09/16 23:48:39.916, 70 %, 4 %, 15666 MiB, 16384 MiB, 65.73 W, 66
2026/09/16 23:48:40.918, 84 %, 9 %, 15666 MiB, 16384 MiB, 65.41 W, 66
2026/09/16 23:48:41.921, 34 %, 8 %, 15666 MiB, 16384 MiB, 75.29 W, 66
2026/09/16 23:48:42.923, 7 %, 5 %, 15666 MiB, 16384 MiB, 68.73 W, 66
2026/09/16 23:48:43.926, 1 %, 2 %, 15666 MiB, 16384 MiB, 64.14 W, 65
2026/09/16 23:48:44.928, 1 %, 2 %, 15666 MiB, 16384 MiB, 63.99 W, 65
2026/09/16 23:48:45.931, 1 %, 2 %, 15666 MiB, 16384 MiB, 64.03 W, 65
2026/09/16 23:48:46.934, 3 %, 2 %, 15666 MiB, 16384 MiB, 63.83 W, 65
2026/09/16 23:48:47.937, 19 %, 3 %, 15666 MiB, 16384 MiB, 63.80 W, 65
2026/09/16 23:48:48.940, 25 %, 3 %, 15666 MiB, 16384 MiB, 63.74 W, 65
2026/09/16 23:48:49.942, 57 %, 4 %, 15666 MiB, 16384 MiB, 65.24 W, 64
2026/09/16 23:48:50.945, 17 %, 8 %, 15666 MiB, 16384 MiB, 66.31 W, 64
2026/09/16 23:48:51.947, 1 %, 2 %, 15666 MiB, 16384 MiB, 65.62 W, 64
2026/09/16 23:48:52.949, 2 %, 3 %, 15666 MiB, 16384 MiB, 75.14 W, 64
2026/09/16 23:48:53.952, 2 %, 3 %, 15666 MiB, 16384 MiB, 63.94 W, 64
2026/09/16 23:48:54.955, 90 %, 5 %, 15666 MiB, 16384 MiB, 63.75 W, 64
2026/09/16 23:48:55.958, 100 %, 6 %, 15666 MiB, 16384 MiB, 63.29 W, 64
2026/09/16 23:48:56.960, 91 %, 10 %, 15666 MiB, 16384 MiB, 63.30 W, 63
2026/09/16 23:48:57.964, 75 %, 10 %, 15666 MiB, 16384 MiB, 63.99 W, 63
2026/09/16 23:48:58.970, 62 %, 4 %, 15666 MiB, 16384 MiB, 64.56 W, 63
2026/09/16 23:48:59.974, 79 %, 5 %, 15666 MiB, 16384 MiB, 68.01 W, 63
2026/09/16 23:49:00.978, 90 %, 10 %, 15666 MiB, 16384 MiB, 67.28 W, 63
2026/09/16 23:49:01.982, 51 %, 8 %, 15666 MiB, 16384 MiB, 74.53 W, 63
2026/09/16 23:49:02.984, 5 %, 5 %, 15666 MiB, 16384 MiB, 62.09 W, 63
2026/09/16 23:49:03.987, 1 %, 2 %, 15666 MiB, 16384 MiB, 62.70 W, 63
2026/09/16 23:49:04.990, 1 %, 2 %, 15666 MiB, 16384 MiB, 62.54 W, 62
2026/09/16 23:49:05.994, 52 %, 4 %, 15666 MiB, 16384 MiB, 63.55 W, 62
2026/09/16 23:49:06.997, 64 %, 4 %, 15666 MiB, 16384 MiB, 64.13 W, 62
2026/09/16 23:49:08.000, 82 %, 5 %, 15666 MiB, 16384 MiB, 65.07 W, 62
2026/09/16 23:49:09.004, 96 %, 5 %, 15666 MiB, 16384 MiB, 65.12 W, 62
2026/09/16 23:49:10.008, 100 %, 8 %, 15666 MiB, 16384 MiB, 64.95 W, 62
2026/09/16 23:49:11.011, 84 %, 7 %, 15666 MiB, 16384 MiB, 63.95 W, 62
2026/09/16 23:49:12.015, 49 %, 8 %, 15666 MiB, 16384 MiB, 73.87 W, 62
2026/09/16 23:49:13.018, 27 %, 8 %, 15666 MiB, 16384 MiB, 72.94 W, 62
2026/09/16 23:49:14.022, 1 %, 2 %, 15666 MiB, 16384 MiB, 61.60 W, 62
2026/09/16 23:49:15.026, 2 %, 3 %, 15666 MiB, 16384 MiB, 62.10 W, 61
2026/09/16 23:49:16.029, 2 %, 3 %, 15666 MiB, 16384 MiB, 61.75 W, 61
2026/09/16 23:49:17.033, 33 %, 4 %, 15666 MiB, 16384 MiB, 61.84 W, 61
2026/09/16 23:49:18.036, 47 %, 4 %, 15666 MiB, 16384 MiB, 64.45 W, 61
2026/09/16 23:49:19.039, 66 %, 4 %, 15666 MiB, 16384 MiB, 65.00 W, 61
2026/09/16 23:49:20.041, 83 %, 5 %, 15666 MiB, 16384 MiB, 63.89 W, 61
2026/09/16 23:49:21.043, 100 %, 5 %, 15666 MiB, 16384 MiB, 63.97 W, 61
2026/09/16 23:49:22.046, 89 %, 11 %, 15666 MiB, 16384 MiB, 63.52 W, 61
2026/09/16 23:49:23.048, 67 %, 9 %, 15666 MiB, 16384 MiB, 73.65 W, 61
2026/09/16 23:49:24.052, 23 %, 8 %, 15666 MiB, 16384 MiB, 69.89 W, 61
2026/09/16 23:49:25.054, 1 %, 2 %, 15666 MiB, 16384 MiB, 61.12 W, 61
2026/09/16 23:49:26.057, 95 %, 10 %, 15666 MiB, 16384 MiB, 61.22 W, 61
2026/09/16 23:49:27.059, 7 %, 7 %, 15666 MiB, 16384 MiB, 61.66 W, 61
2026/09/16 23:49:28.062, 33 %, 8 %, 15666 MiB, 16384 MiB, 64.49 W, 61
2026/09/16 23:49:29.064, 21 %, 8 %, 15666 MiB, 16384 MiB, 64.32 W, 61
2026/09/16 23:49:30.067, 3 %, 3 %, 15666 MiB, 16384 MiB, 64.42 W, 60
2026/09/16 23:49:31.070, 1 %, 2 %, 15666 MiB, 16384 MiB, 64.35 W, 60
2026/09/16 23:49:32.074, 1 %, 2 %, 15666 MiB, 16384 MiB, 68.06 W, 60
2026/09/16 23:49:33.077, 1 %, 2 %, 15666 MiB, 16384 MiB, 68.30 W, 60
2026/09/16 23:49:34.081, 16 %, 3 %, 15666 MiB, 16384 MiB, 73.09 W, 60
2026/09/16 23:49:35.084, 34 %, 3 %, 15666 MiB, 16384 MiB, 67.73 W, 60
2026/09/16 23:49:36.087, 54 %, 4 %, 15666 MiB, 16384 MiB, 62.72 W, 60
2026/09/16 23:49:37.091, 89 %, 5 %, 15666 MiB, 16384 MiB, 64.04 W, 60
2026/09/16 23:49:38.094, 5 %, 5 %, 15666 MiB, 16384 MiB, 63.05 W, 60
2026/09/16 23:49:39.098, 80 %, 10 %, 15666 MiB, 16384 MiB, 61.41 W, 60
2026/09/16 23:49:40.101, 59 %, 9 %, 15666 MiB, 16384 MiB, 62.50 W, 60
2026/09/16 23:49:41.105, 42 %, 9 %, 15666 MiB, 16384 MiB, 63.47 W, 60
2026/09/16 23:49:42.109, 28 %, 8 %, 15666 MiB, 16384 MiB, 63.92 W, 60
2026/09/16 23:49:43.115, 100 %, 5 %, 15666 MiB, 16384 MiB, 63.84 W, 60
2026/09/16 23:49:44.119, 83 %, 11 %, 15666 MiB, 16384 MiB, 63.09 W, 60
2026/09/16 23:49:45.121, 56 %, 8 %, 15666 MiB, 16384 MiB, 73.26 W, 60
2026/09/16 23:49:46.124, 17 %, 7 %, 15666 MiB, 16384 MiB, 61.33 W, 60
2026/09/16 23:49:47.129, 1 %, 2 %, 15666 MiB, 16384 MiB, 61.03 W, 60
2026/09/16 23:49:48.131, 10 %, 3 %, 15666 MiB, 16384 MiB, 60.99 W, 60
2026/09/16 23:49:49.134, 1 %, 2 %, 15666 MiB, 16384 MiB, 60.76 W, 60
2026/09/16 23:49:50.137, 84 %, 5 %, 15666 MiB, 16384 MiB, 63.61 W, 60
2026/09/16 23:49:51.140, 95 %, 5 %, 15666 MiB, 16384 MiB, 63.81 W, 60
2026/09/16 23:49:52.143, 100 %, 5 %, 15666 MiB, 16384 MiB, 63.65 W, 60
2026/09/16 23:49:53.146, 89 %, 10 %, 15666 MiB, 16384 MiB, 63.71 W, 59
2026/09/16 23:49:54.150, 77 %, 10 %, 15666 MiB, 16384 MiB, 63.77 W, 60
2026/09/16 23:49:55.153, 56 %, 6 %, 15666 MiB, 16384 MiB, 67.61 W, 59
2026/09/16 23:49:56.157, 44 %, 8 %, 15666 MiB, 16384 MiB, 72.83 W, 60
2026/09/16 23:49:57.160, 12 %, 8 %, 15666 MiB, 16384 MiB, 61.84 W, 60
2026/09/16 23:49:58.164, 1 %, 2 %, 15666 MiB, 16384 MiB, 63.71 W, 59
2026/09/16 23:49:59.167, 9 %, 3 %, 15666 MiB, 16384 MiB, 62.48 W, 59
2026/09/16 23:50:00.171, 2 %, 3 %, 15666 MiB, 16384 MiB, 61.07 W, 59
2026/09/16 23:50:01.174, 63 %, 5 %, 15666 MiB, 16384 MiB, 62.50 W, 59
2026/09/16 23:50:02.178, 83 %, 5 %, 15666 MiB, 16384 MiB, 63.76 W, 59
2026/09/16 23:50:03.182, 100 %, 6 %, 15666 MiB, 16384 MiB, 63.53 W, 59
2026/09/16 23:50:04.185, 97 %, 11 %, 15666 MiB, 16384 MiB, 63.62 W, 59
2026/09/16 23:50:05.189, 78 %, 10 %, 15666 MiB, 16384 MiB, 63.56 W, 59
2026/09/16 23:50:06.192, 58 %, 10 %, 15666 MiB, 16384 MiB, 75.14 W, 59
2026/09/16 23:50:07.195, 25 %, 8 %, 15666 MiB, 16384 MiB, 72.46 W, 59
2026/09/16 23:50:08.199, 1 %, 2 %, 15666 MiB, 16384 MiB, 60.94 W, 59
2026/09/16 23:50:09.202, 15 %, 3 %, 15666 MiB, 16384 MiB, 61.09 W, 59
2026/09/16 23:50:10.206, 66 %, 4 %, 15666 MiB, 16384 MiB, 62.61 W, 59
2026/09/16 23:50:11.210, 7 %, 7 %, 15666 MiB, 16384 MiB, 60.62 W, 59
2026/09/16 23:50:12.214, 73 %, 9 %, 15666 MiB, 16384 MiB, 63.65 W, 59
2026/09/16 23:50:13.217, 59 %, 9 %, 15666 MiB, 16384 MiB, 75.04 W, 59
2026/09/16 23:50:14.221, 41 %, 8 %, 15666 MiB, 16384 MiB, 73.60 W, 59
2026/09/16 23:50:15.224, 28 %, 8 %, 15666 MiB, 16384 MiB, 72.71 W, 59
2026/09/16 23:50:16.228, 16 %, 8 %, 15666 MiB, 16384 MiB, 65.15 W, 59
2026/09/16 23:50:17.231, 1 %, 2 %, 15666 MiB, 16384 MiB, 61.67 W, 59
2026/09/16 23:50:18.235, 1 %, 2 %, 15666 MiB, 16384 MiB, 63.10 W, 59
2026/09/16 23:50:19.239, 1 %, 2 %, 15666 MiB, 16384 MiB, 62.54 W, 59
2026/09/16 23:50:20.243, 15 %, 3 %, 15666 MiB, 16384 MiB, 60.66 W, 59
2026/09/16 23:50:21.246, 69 %, 5 %, 15666 MiB, 16384 MiB, 62.55 W, 59
2026/09/16 23:50:22.250, 2 %, 3 %, 15666 MiB, 16384 MiB, 61.01 W, 59
2026/09/16 23:50:23.253, 95 %, 11 %, 15666 MiB, 16384 MiB, 63.82 W, 59
2026/09/16 23:50:24.256, 77 %, 10 %, 15666 MiB, 16384 MiB, 63.84 W, 59
2026/09/16 23:50:25.258, 62 %, 9 %, 15666 MiB, 16384 MiB, 75.14 W, 59
2026/09/16 23:50:26.261, 48 %, 9 %, 15666 MiB, 16384 MiB, 74.24 W, 59
2026/09/16 23:50:27.263, 30 %, 8 %, 15666 MiB, 16384 MiB, 72.71 W, 59
2026/09/16 23:50:28.265, 10 %, 9 %, 15666 MiB, 16384 MiB, 60.05 W, 59
2026/09/16 23:50:29.268, 1 %, 3 %, 15666 MiB, 16384 MiB, 60.78 W, 59
2026/09/16 23:50:30.270, 1 %, 2 %, 15666 MiB, 16384 MiB, 60.74 W, 59
2026/09/16 23:50:31.273, 52 %, 4 %, 15666 MiB, 16384 MiB, 61.60 W, 59
2026/09/16 23:50:32.275, 84 %, 5 %, 15666 MiB, 16384 MiB, 63.14 W, 59
2026/09/16 23:50:33.277, 6 %, 7 %, 15666 MiB, 16384 MiB, 59.73 W, 59
2026/09/16 23:50:34.280, 52 %, 9 %, 15666 MiB, 16384 MiB, 73.59 W, 59
2026/09/16 23:50:35.284, 37 %, 8 %, 15666 MiB, 16384 MiB, 72.44 W, 59
2026/09/16 23:50:36.286, 21 %, 8 %, 15666 MiB, 16384 MiB, 71.32 W, 59
2026/09/16 23:50:37.290, 5 %, 5 %, 15666 MiB, 16384 MiB, 59.99 W, 59
2026/09/16 23:50:38.293, 1 %, 2 %, 15666 MiB, 16384 MiB, 60.94 W, 59
2026/09/16 23:50:39.297, 1 %, 2 %, 15666 MiB, 16384 MiB, 63.32 W, 59
2026/09/16 23:50:40.300, 1 %, 2 %, 15666 MiB, 16384 MiB, 62.48 W, 59
2026/09/16 23:50:41.304, 17 %, 3 %, 15666 MiB, 16384 MiB, 60.65 W, 59
2026/09/16 23:50:42.308, 42 %, 4 %, 15666 MiB, 16384 MiB, 61.01 W, 59
2026/09/16 23:50:43.312, 94 %, 5 %, 15666 MiB, 16384 MiB, 63.70 W, 59
2026/09/16 23:50:44.315, 7 %, 8 %, 15666 MiB, 16384 MiB, 61.15 W, 59
2026/09/16 23:50:45.319, 68 %, 10 %, 15666 MiB, 16384 MiB, 63.63 W, 59
2026/09/16 23:50:46.322, 50 %, 9 %, 15666 MiB, 16384 MiB, 73.54 W, 59
2026/09/16 23:50:47.325, 33 %, 8 %, 15666 MiB, 16384 MiB, 72.36 W, 59
2026/09/16 23:50:48.329, 19 %, 8 %, 15666 MiB, 16384 MiB, 71.55 W, 59
2026/09/16 23:50:49.332, 1 %, 2 %, 15666 MiB, 16384 MiB, 60.43 W, 59
2026/09/16 23:50:50.336, 1 %, 3 %, 15666 MiB, 16384 MiB, 60.96 W, 59
2026/09/16 23:50:51.339, 2 %, 3 %, 15666 MiB, 16384 MiB, 61.16 W, 59
2026/09/16 23:50:52.342, 34 %, 3 %, 15666 MiB, 16384 MiB, 60.98 W, 59
2026/09/16 23:50:53.346, 87 %, 5 %, 15666 MiB, 16384 MiB, 63.38 W, 59
2026/09/16 23:50:54.349, 77 %, 9 %, 15666 MiB, 16384 MiB, 62.61 W, 59
2026/09/16 23:50:55.353, 6 %, 7 %, 15666 MiB, 16384 MiB, 69.79 W, 59
2026/09/16 23:50:56.356, 18 %, 8 %, 15666 MiB, 16384 MiB, 70.69 W, 59
2026/09/16 23:50:57.359, 7 %, 7 %, 15666 MiB, 16384 MiB, 60.33 W, 59
2026/09/16 23:50:58.363, 1 %, 2 %, 15666 MiB, 16384 MiB, 60.33 W, 59
2026/09/16 23:50:59.367, 1 %, 2 %, 15666 MiB, 16384 MiB, 62.01 W, 58
2026/09/16 23:51:00.370, 1 %, 2 %, 15666 MiB, 16384 MiB, 63.27 W, 59
2026/09/16 23:51:01.373, 1 %, 2 %, 15666 MiB, 16384 MiB, 61.99 W, 59
2026/09/16 23:51:02.377, 23 %, 3 %, 15666 MiB, 16384 MiB, 60.58 W, 59
2026/09/16 23:51:03.380, 33 %, 3 %, 15666 MiB, 16384 MiB, 60.66 W, 58
2026/09/16 23:51:04.384, 75 %, 5 %, 15666 MiB, 16384 MiB, 62.42 W, 59
2026/09/16 23:51:05.387, 93 %, 10 %, 15666 MiB, 16384 MiB, 63.20 W, 59
2026/09/16 23:51:06.391, 6 %, 7 %, 15666 MiB, 16384 MiB, 60.29 W, 59
2026/09/16 23:51:07.395, 47 %, 9 %, 15666 MiB, 16384 MiB, 72.53 W, 59
2026/09/16 23:51:08.398, 29 %, 8 %, 15666 MiB, 16384 MiB, 70.82 W, 59
2026/09/16 23:51:09.402, 10 %, 8 %, 15666 MiB, 16384 MiB, 60.21 W, 59
2026/09/16 23:51:10.406, 1 %, 2 %, 15666 MiB, 16384 MiB, 60.15 W, 59
2026/09/16 23:51:11.410, 1 %, 3 %, 15666 MiB, 16384 MiB, 60.65 W, 59
2026/09/16 23:51:12.414, 1 %, 2 %, 15666 MiB, 16384 MiB, 60.77 W, 59
2026/09/16 23:51:13.417, 100 %, 42 %, 15666 MiB, 16384 MiB, 185.58 W, 61
2026/09/16 23:51:14.420, 100 %, 26 %, 15666 MiB, 16384 MiB, 109.32 W, 61
2026/09/16 23:51:15.422, 100 %, 5 %, 15666 MiB, 16384 MiB, 120.56 W, 63
2026/09/16 23:51:16.424, 100 %, 22 %, 15666 MiB, 16384 MiB, 242.72 W, 63
2026/09/16 23:51:17.427, 100 %, 4 %, 15666 MiB, 16384 MiB, 74.10 W, 61
2026/09/16 23:51:18.430, 100 %, 44 %, 15666 MiB, 16384 MiB, 62.27 W, 61
2026/09/16 23:51:19.432, 100 %, 45 %, 15666 MiB, 16384 MiB, 65.30 W, 62
2026/09/16 23:51:20.434, 100 %, 8 %, 15666 MiB, 16384 MiB, 123.29 W, 63
2026/09/16 23:51:21.437, 55 %, 5 %, 15666 MiB, 16384 MiB, 122.05 W, 66
2026/09/16 23:51:22.442, 100 %, 3 %, 15666 MiB, 16384 MiB, 224.89 W, 63
2026/09/16 23:51:23.452, 100 %, 33 %, 15666 MiB, 16384 MiB, 111.93 W, 62
2026/09/16 23:51:24.455, 100 %, 44 %, 15666 MiB, 16384 MiB, 62.18 W, 64
2026/09/16 23:51:25.457, 100 %, 13 %, 15666 MiB, 16384 MiB, 121.25 W, 64
2026/09/16 23:51:26.460, 100 %, 5 %, 15666 MiB, 16384 MiB, 119.61 W, 64
2026/09/16 23:51:27.462, 100 %, 3 %, 15666 MiB, 16384 MiB, 188.80 W, 67
2026/09/16 23:51:28.465, 100 %, 20 %, 15666 MiB, 16384 MiB, 181.21 W, 65
2026/09/16 23:51:29.468, 100 %, 46 %, 15666 MiB, 16384 MiB, 113.82 W, 65
2026/09/16 23:51:30.470, 100 %, 22 %, 15666 MiB, 16384 MiB, 122.34 W, 69
2026/09/16 23:51:31.473, 100 %, 5 %, 15666 MiB, 16384 MiB, 120.09 W, 65
2026/09/16 23:51:32.476, 100 %, 3 %, 15666 MiB, 16384 MiB, 189.64 W, 68
2026/09/16 23:51:33.480, 100 %, 20 %, 15666 MiB, 16384 MiB, 190.07 W, 66
2026/09/16 23:51:34.485, 100 %, 45 %, 15666 MiB, 16384 MiB, 112.11 W, 66
2026/09/16 23:51:35.487, 100 %, 26 %, 15666 MiB, 16384 MiB, 122.23 W, 66
2026/09/16 23:51:36.490, 100 %, 3 %, 15666 MiB, 16384 MiB, 231.31 W, 69
2026/09/16 23:51:37.493, 100 %, 36 %, 15666 MiB, 16384 MiB, 97.96 W, 66
2026/09/16 23:51:38.496, 100 %, 43 %, 15666 MiB, 16384 MiB, 108.02 W, 66
2026/09/16 23:51:39.498, 12 %, 11 %, 15666 MiB, 16384 MiB, 62.24 W, 67
2026/09/16 23:51:40.501, 100 %, 43 %, 15666 MiB, 16384 MiB, 122.68 W, 67
2026/09/16 23:51:41.503, 100 %, 5 %, 15666 MiB, 16384 MiB, 121.53 W, 70
2026/09/16 23:51:42.506, 100 %, 27 %, 15666 MiB, 16384 MiB, 208.97 W, 68
2026/09/16 23:51:43.532, 100 %, 45 %, 15666 MiB, 16384 MiB, 139.30 W, 67
2026/09/16 23:51:44.536, 100 %, 20 %, 15666 MiB, 16384 MiB, 64.33 W, 68
2026/09/16 23:51:45.538, 100 %, 6 %, 15666 MiB, 16384 MiB, 113.61 W, 68
2026/09/16 23:51:46.540, 100 %, 4 %, 15666 MiB, 16384 MiB, 120.75 W, 68
2026/09/16 23:51:47.542, 100 %, 4 %, 15666 MiB, 16384 MiB, 124.96 W, 71
2026/09/16 23:51:48.545, 100 %, 43 %, 15666 MiB, 16384 MiB, 252.05 W, 69
2026/09/16 23:51:49.548, 100 %, 38 %, 15666 MiB, 16384 MiB, 63.47 W, 67
2026/09/16 23:51:50.551, 100 %, 8 %, 15666 MiB, 16384 MiB, 127.79 W, 70
2026/09/16 23:51:51.556, 100 %, 4 %, 15666 MiB, 16384 MiB, 121.57 W, 69
2026/09/16 23:51:52.558, 100 %, 32 %, 15666 MiB, 16384 MiB, 235.12 W, 69
2026/09/16 23:51:53.561, 100 %, 1 %, 15666 MiB, 16384 MiB, 123.11 W, 69
2026/09/16 23:51:54.563, 100 %, 3 %, 15666 MiB, 16384 MiB, 120.96 W, 69
2026/09/16 23:51:55.567, 100 %, 30 %, 15666 MiB, 16384 MiB, 73.57 W, 68
2026/09/16 23:51:56.569, 100 %, 6 %, 15666 MiB, 16384 MiB, 127.29 W, 70
2026/09/16 23:51:57.576, 100 %, 5 %, 15666 MiB, 16384 MiB, 123.23 W, 70
2026/09/16 23:51:58.578, 100 %, 32 %, 15666 MiB, 16384 MiB, 202.34 W, 70
2026/09/16 23:51:59.583, 100 %, 0 %, 15666 MiB, 16384 MiB, 123.44 W, 70
2026/09/16 23:52:00.588, 97 %, 32 %, 15666 MiB, 16384 MiB, 126.15 W, 70
2026/09/16 23:52:01.591, 100 %, 2 %, 15666 MiB, 16384 MiB, 107.84 W, 70
2026/09/16 23:52:02.593, 100 %, 0 %, 15666 MiB, 16384 MiB, 131.67 W, 71
2026/09/16 23:52:03.596, 100 %, 5 %, 15666 MiB, 16384 MiB, 122.15 W, 70
2026/09/16 23:52:04.599, 100 %, 32 %, 15666 MiB, 16384 MiB, 59.83 W, 70
2026/09/16 23:52:05.601, 100 %, 5 %, 15666 MiB, 16384 MiB, 127.33 W, 73
2026/09/16 23:52:06.604, 100 %, 21 %, 15666 MiB, 16384 MiB, 125.93 W, 71
2026/09/16 23:52:07.606, 100 %, 19 %, 15666 MiB, 16384 MiB, 153.23 W, 71
2026/09/16 23:52:08.609, 100 %, 0 %, 15666 MiB, 16384 MiB, 124.31 W, 73
2026/09/16 23:52:09.614, 100 %, 4 %, 15666 MiB, 16384 MiB, 122.31 W, 71
2026/09/16 23:52:10.616, 100 %, 29 %, 15666 MiB, 16384 MiB, 72.79 W, 71
2026/09/16 23:52:11.618, 100 %, 7 %, 15666 MiB, 16384 MiB, 198.36 W, 72
2026/09/16 23:52:12.623, 100 %, 8 %, 15666 MiB, 16384 MiB, 128.66 W, 71
2026/09/16 23:52:13.625, 100 %, 27 %, 15666 MiB, 16384 MiB, 130.60 W, 71
2026/09/16 23:52:14.630, 100 %, 13 %, 15666 MiB, 16384 MiB, 176.97 W, 70
2026/09/16 23:52:15.632, 100 %, 7 %, 15666 MiB, 16384 MiB, 127.68 W, 71
2026/09/16 23:52:16.635, 100 %, 31 %, 15666 MiB, 16384 MiB, 121.21 W, 71
2026/09/16 23:52:17.637, 100 %, 1 %, 15666 MiB, 16384 MiB, 225.85 W, 72
2026/09/16 23:52:18.644, 100 %, 0 %, 15666 MiB, 16384 MiB, 124.31 W, 71
2026/09/16 23:52:19.647, 100 %, 12 %, 15666 MiB, 16384 MiB, 122.56 W, 71
2026/09/16 23:52:20.650, 100 %, 27 %, 15666 MiB, 16384 MiB, 97.52 W, 70
2026/09/16 23:52:21.652, 100 %, 5 %, 15666 MiB, 16384 MiB, 128.36 W, 72
2026/09/16 23:52:22.655, 100 %, 27 %, 15666 MiB, 16384 MiB, 124.38 W, 72
2026/09/16 23:52:23.658, 100 %, 1 %, 15666 MiB, 16384 MiB, 239.88 W, 72
2026/09/16 23:52:24.661, 100 %, 5 %, 15666 MiB, 16384 MiB, 172.93 W, 75
2026/09/16 23:52:25.664, 100 %, 12 %, 15666 MiB, 16384 MiB, 127.78 W, 72
2026/09/16 23:52:26.666, 100 %, 27 %, 15666 MiB, 16384 MiB, 223.57 W, 72
2026/09/16 23:52:27.672, 100 %, 0 %, 15666 MiB, 16384 MiB, 124.96 W, 72
2026/09/16 23:52:28.675, 100 %, 4 %, 15666 MiB, 16384 MiB, 123.68 W, 72
2026/09/16 23:52:29.677, 100 %, 30 %, 15666 MiB, 16384 MiB, 91.39 W, 72
2026/09/16 23:52:30.679, 100 %, 6 %, 15666 MiB, 16384 MiB, 129.19 W, 75
2026/09/16 23:52:31.695, 100 %, 7 %, 15666 MiB, 16384 MiB, 126.69 W, 72
2026/09/16 23:52:32.698, 100 %, 29 %, 15666 MiB, 16384 MiB, 222.69 W, 72
2026/09/16 23:52:33.700, 100 %, 0 %, 15666 MiB, 16384 MiB, 125.55 W, 72
2026/09/16 23:52:34.704, 100 %, 3 %, 15666 MiB, 16384 MiB, 124.25 W, 72
2026/09/16 23:52:35.707, 100 %, 29 %, 15666 MiB, 16384 MiB, 62.48 W, 72
2026/09/16 23:52:36.709, 100 %, 9 %, 15666 MiB, 16384 MiB, 135.85 W, 75
2026/09/16 23:52:37.714, 82 %, 5 %, 15666 MiB, 16384 MiB, 68.09 W, 71
2026/09/16 23:52:38.716, 91 %, 10 %, 15666 MiB, 16384 MiB, 68.69 W, 70
2026/09/16 23:52:39.719, 45 %, 8 %, 15666 MiB, 16384 MiB, 78.12 W, 70
2026/09/16 23:52:40.721, 2 %, 2 %, 15666 MiB, 16384 MiB, 66.29 W, 70
2026/09/16 23:52:41.724, 1 %, 2 %, 15666 MiB, 16384 MiB, 66.33 W, 69
2026/09/16 23:52:42.728, 17 %, 3 %, 15666 MiB, 16384 MiB, 65.97 W, 69
2026/09/16 23:52:43.731, 28 %, 3 %, 15666 MiB, 16384 MiB, 66.04 W, 69
2026/09/16 23:52:44.735, 45 %, 3 %, 15666 MiB, 16384 MiB, 65.94 W, 69
2026/09/16 23:52:45.738, 60 %, 4 %, 15666 MiB, 16384 MiB, 68.94 W, 68
2026/09/16 23:52:46.742, 75 %, 4 %, 15666 MiB, 16384 MiB, 69.08 W, 68
2026/09/16 23:52:47.745, 1 %, 3 %, 15666 MiB, 16384 MiB, 65.47 W, 68
2026/09/16 23:52:48.748, 100 %, 5 %, 15666 MiB, 16384 MiB, 67.65 W, 68
2026/09/16 23:52:49.752, 92 %, 10 %, 15666 MiB, 16384 MiB, 67.44 W, 67
2026/09/16 23:52:50.755, 71 %, 9 %, 15666 MiB, 16384 MiB, 66.98 W, 67
2026/09/16 23:52:51.758, 41 %, 8 %, 15666 MiB, 16384 MiB, 76.18 W, 67
2026/09/16 23:52:52.761, 6 %, 7 %, 15666 MiB, 16384 MiB, 75.24 W, 67
2026/09/16 23:52:53.765, 1 %, 2 %, 15666 MiB, 16384 MiB, 64.80 W, 67
2026/09/16 23:52:54.768, 1 %, 2 %, 15666 MiB, 16384 MiB, 64.74 W, 67
2026/09/16 23:52:55.770, 2 %, 3 %, 15666 MiB, 16384 MiB, 65.03 W, 66
2026/09/16 23:52:56.772, 10 %, 3 %, 15666 MiB, 16384 MiB, 65.00 W, 66
2026/09/16 23:52:57.775, 23 %, 3 %, 15666 MiB, 16384 MiB, 65.12 W, 66
2026/09/16 23:52:58.777, 1 %, 2 %, 15666 MiB, 16384 MiB, 64.47 W, 66
2026/09/16 23:52:59.799, 63 %, 4 %, 15666 MiB, 16384 MiB, 65.61 W, 66
2026/09/16 23:53:00.801, 100 %, 10 %, 15666 MiB, 16384 MiB, 67.33 W, 66
2026/09/16 23:53:01.803, 55 %, 9 %, 15666 MiB, 16384 MiB, 69.47 W, 65
2026/09/16 23:53:02.806, 8 %, 8 %, 15666 MiB, 16384 MiB, 77.51 W, 65
2026/09/16 23:53:03.809, 1 %, 2 %, 15666 MiB, 16384 MiB, 67.08 W, 65
2026/09/16 23:53:04.812, 21 %, 3 %, 15666 MiB, 16384 MiB, 64.58 W, 65
2026/09/16 23:53:05.816, 29 %, 3 %, 15666 MiB, 16384 MiB, 64.25 W, 65
2026/09/16 23:53:06.819, 45 %, 3 %, 15666 MiB, 16384 MiB, 64.04 W, 65
2026/09/16 23:53:07.823, 59 %, 4 %, 15666 MiB, 16384 MiB, 64.78 W, 64
2026/09/16 23:53:08.826, 77 %, 5 %, 15666 MiB, 16384 MiB, 65.48 W, 64
2026/09/16 23:53:09.830, 1 %, 3 %, 15666 MiB, 16384 MiB, 63.98 W, 64
2026/09/16 23:53:10.833, 100 %, 5 %, 15666 MiB, 16384 MiB, 66.33 W, 64
2026/09/16 23:53:11.836, 87 %, 10 %, 15666 MiB, 16384 MiB, 66.64 W, 64
2026/09/16 23:53:12.839, 56 %, 9 %, 15666 MiB, 16384 MiB, 65.41 W, 64
2026/09/16 23:53:13.842, 23 %, 8 %, 15666 MiB, 16384 MiB, 74.29 W, 64
2026/09/16 23:53:14.846, 1 %, 2 %, 15666 MiB, 16384 MiB, 63.44 W, 64
2026/09/16 23:53:15.849, 1 %, 2 %, 15666 MiB, 16384 MiB, 63.49 W, 63
2026/09/16 23:53:16.852, 14 %, 3 %, 15666 MiB, 16384 MiB, 63.56 W, 63
2026/09/16 23:53:17.856, 29 %, 3 %, 15666 MiB, 16384 MiB, 63.60 W, 63
2026/09/16 23:53:18.858, 45 %, 4 %, 15666 MiB, 16384 MiB, 63.49 W, 63
2026/09/16 23:53:19.861, 60 %, 4 %, 15666 MiB, 16384 MiB, 64.08 W, 63
2026/09/16 23:53:20.863, 1 %, 2 %, 15666 MiB, 16384 MiB, 65.86 W, 63
2026/09/16 23:53:21.865, 93 %, 5 %, 15666 MiB, 16384 MiB, 66.82 W, 63
2026/09/16 23:53:22.868, 65 %, 9 %, 15666 MiB, 16384 MiB, 64.57 W, 63
2026/09/16 23:53:23.875, 23 %, 8 %, 15666 MiB, 16384 MiB, 73.75 W, 63
2026/09/16 23:53:24.877, 2 %, 3 %, 15666 MiB, 16384 MiB, 63.21 W, 63
2026/09/16 23:53:25.880, 4 %, 2 %, 15666 MiB, 16384 MiB, 62.68 W, 62
2026/09/16 23:53:26.882, 32 %, 3 %, 15666 MiB, 16384 MiB, 62.97 W, 62
2026/09/16 23:53:27.885, 45 %, 3 %, 15666 MiB, 16384 MiB, 62.85 W, 62
2026/09/16 23:53:28.887, 57 %, 4 %, 15666 MiB, 16384 MiB, 63.11 W, 62
2026/09/16 23:53:29.890, 72 %, 5 %, 15666 MiB, 16384 MiB, 63.97 W, 62
2026/09/16 23:53:30.892, 89 %, 5 %, 15666 MiB, 16384 MiB, 64.71 W, 62
2026/09/16 23:53:31.895, 2 %, 3 %, 15666 MiB, 16384 MiB, 62.51 W, 62
2026/09/16 23:53:32.906, 95 %, 10 %, 15666 MiB, 16384 MiB, 65.01 W, 62
2026/09/16 23:53:33.908, 54 %, 9 %, 15666 MiB, 16384 MiB, 64.28 W, 62
2026/09/16 23:53:34.910, 31 %, 8 %, 15666 MiB, 16384 MiB, 73.43 W, 61
2026/09/16 23:53:35.913, 1 %, 2 %, 15666 MiB, 16384 MiB, 61.67 W, 61
2026/09/16 23:53:36.916, 1 %, 2 %, 15666 MiB, 16384 MiB, 62.53 W, 61
2026/09/16 23:53:37.919, 31 %, 3 %, 15666 MiB, 16384 MiB, 64.28 W, 61
2026/09/16 23:53:38.923, 53 %, 4 %, 15666 MiB, 16384 MiB, 64.89 W, 61
2026/09/16 23:53:39.926, 71 %, 4 %, 15666 MiB, 16384 MiB, 63.17 W, 61
2026/09/16 23:53:40.929, 86 %, 5 %, 15666 MiB, 16384 MiB, 63.71 W, 61
2026/09/16 23:53:41.933, 100 %, 6 %, 15666 MiB, 16384 MiB, 64.61 W, 61
2026/09/16 23:53:42.937, 6 %, 8 %, 15666 MiB, 16384 MiB, 62.40 W, 61
2026/09/16 23:53:43.939, 74 %, 9 %, 15666 MiB, 16384 MiB, 65.08 W, 61
2026/09/16 23:53:44.942, 27 %, 8 %, 15666 MiB, 16384 MiB, 73.90 W, 61
2026/09/16 23:53:45.944, 2 %, 3 %, 15666 MiB, 16384 MiB, 62.62 W, 61
2026/09/16 23:53:46.947, 6 %, 3 %, 15666 MiB, 16384 MiB, 62.71 W, 61
2026/09/16 23:53:47.949, 51 %, 4 %, 15666 MiB, 16384 MiB, 62.45 W, 60
2026/09/16 23:53:48.951, 94 %, 5 %, 15666 MiB, 16384 MiB, 64.44 W, 60
2026/09/16 23:53:49.954, 100 %, 5 %, 15666 MiB, 16384 MiB, 64.92 W, 60
2026/09/16 23:53:50.956, 91 %, 10 %, 15666 MiB, 16384 MiB, 64.99 W, 60
2026/09/16 23:53:51.958, 79 %, 10 %, 15666 MiB, 16384 MiB, 64.96 W, 60
2026/09/16 23:53:52.961, 60 %, 9 %, 15666 MiB, 16384 MiB, 64.80 W, 60
2026/09/16 23:53:53.963, 7 %, 8 %, 15666 MiB, 16384 MiB, 73.51 W, 60
2026/09/16 23:53:54.966, 32 %, 8 %, 15666 MiB, 16384 MiB, 73.36 W, 60
2026/09/16 23:53:55.968, 7 %, 8 %, 15666 MiB, 16384 MiB, 72.74 W, 60
2026/09/16 23:53:56.970, 1 %, 2 %, 15666 MiB, 16384 MiB, 62.40 W, 60
2026/09/16 23:53:57.973, 2 %, 3 %, 15666 MiB, 16384 MiB, 65.28 W, 60
2026/09/16 23:53:58.975, 18 %, 3 %, 15666 MiB, 16384 MiB, 63.38 W, 60
2026/09/16 23:53:59.978, 45 %, 4 %, 15666 MiB, 16384 MiB, 61.99 W, 60
2026/09/16 23:54:00.983, 69 %, 4 %, 15666 MiB, 16384 MiB, 62.76 W, 60
2026/09/16 23:54:01.985, 82 %, 5 %, 15666 MiB, 16384 MiB, 63.66 W, 60
2026/09/16 23:54:02.988, 98 %, 5 %, 15666 MiB, 16384 MiB, 64.36 W, 60
2026/09/16 23:54:03.990, 100 %, 7 %, 15666 MiB, 16384 MiB, 64.54 W, 60
2026/09/16 23:54:04.993, 6 %, 7 %, 15666 MiB, 16384 MiB, 61.86 W, 60
2026/09/16 23:54:05.995, 61 %, 9 %, 15666 MiB, 16384 MiB, 63.78 W, 60
2026/09/16 23:54:06.998, 28 %, 8 %, 15666 MiB, 16384 MiB, 72.88 W, 60
2026/09/16 23:54:08.000, 2 %, 3 %, 15666 MiB, 16384 MiB, 61.60 W, 60
2026/09/16 23:54:09.003, 2 %, 3 %, 15666 MiB, 16384 MiB, 61.81 W, 60
2026/09/16 23:54:10.005, 48 %, 4 %, 15666 MiB, 16384 MiB, 61.87 W, 60
2026/09/16 23:54:11.008, 87 %, 5 %, 15666 MiB, 16384 MiB, 63.54 W, 60
2026/09/16 23:54:12.010, 96 %, 5 %, 15666 MiB, 16384 MiB, 63.87 W, 59
2026/09/16 23:54:13.012, 100 %, 7 %, 15666 MiB, 16384 MiB, 64.26 W, 59
2026/09/16 23:54:14.015, 91 %, 10 %, 15666 MiB, 16384 MiB, 64.64 W, 59
2026/09/16 23:54:15.017, 75 %, 9 %, 15666 MiB, 16384 MiB, 64.31 W, 60
2026/09/16 23:54:16.019, 7 %, 8 %, 15666 MiB, 16384 MiB, 61.72 W, 59
2026/09/16 23:54:17.022, 46 %, 8 %, 15666 MiB, 16384 MiB, 73.68 W, 59
2026/09/16 23:54:18.024, 31 %, 8 %, 15666 MiB, 16384 MiB, 73.96 W, 59
2026/09/16 23:54:19.027, 13 %, 8 %, 15666 MiB, 16384 MiB, 74.62 W, 59
2026/09/16 23:54:20.030, 2 %, 3 %, 15666 MiB, 16384 MiB, 63.15 W, 59
2026/09/16 23:54:21.036, 2 %, 2 %, 15666 MiB, 16384 MiB, 61.61 W, 59
2026/09/16 23:54:22.039, 32 %, 3 %, 15666 MiB, 16384 MiB, 61.79 W, 59
2026/09/16 23:54:23.041, 56 %, 4 %, 15666 MiB, 16384 MiB, 61.51 W, 59
2026/09/16 23:54:24.044, 71 %, 4 %, 15666 MiB, 16384 MiB, 62.22 W, 59
2026/09/16 23:54:25.048, 89 %, 5 %, 15666 MiB, 16384 MiB, 63.40 W, 59
2026/09/16 23:54:26.051, 100 %, 6 %, 15666 MiB, 16384 MiB, 63.79 W, 59
2026/09/16 23:54:27.055, 6 %, 8 %, 15666 MiB, 16384 MiB, 61.38 W, 59
2026/09/16 23:54:28.057, 67 %, 9 %, 15666 MiB, 16384 MiB, 63.68 W, 59
2026/09/16 23:54:29.060, 25 %, 8 %, 15666 MiB, 16384 MiB, 72.68 W, 59
2026/09/16 23:54:30.062, 1 %, 3 %, 15666 MiB, 16384 MiB, 60.97 W, 59
2026/09/16 23:54:31.065, 2 %, 3 %, 15666 MiB, 16384 MiB, 61.80 W, 59
2026/09/16 23:54:32.067, 17 %, 3 %, 15666 MiB, 16384 MiB, 61.66 W, 59
2026/09/16 23:54:33.069, 63 %, 4 %, 15666 MiB, 16384 MiB, 61.91 W, 59
2026/09/16 23:54:34.072, 74 %, 4 %, 15666 MiB, 16384 MiB, 62.35 W, 59
2026/09/16 23:54:35.074, 88 %, 5 %, 15666 MiB, 16384 MiB, 63.10 W, 59
2026/09/16 23:54:36.076, 96 %, 5 %, 15666 MiB, 16384 MiB, 63.60 W, 59
2026/09/16 23:54:37.079, 100 %, 6 %, 15666 MiB, 16384 MiB, 64.00 W, 59
2026/09/16 23:54:38.081, 7 %, 8 %, 15666 MiB, 16384 MiB, 62.39 W, 59
2026/09/16 23:54:39.083, 76 %, 9 %, 15666 MiB, 16384 MiB, 66.64 W, 59
2026/09/16 23:54:40.086, 54 %, 9 %, 15666 MiB, 16384 MiB, 66.07 W, 59
2026/09/16 23:54:41.088, 32 %, 8 %, 15666 MiB, 16384 MiB, 73.39 W, 59
2026/09/16 23:54:42.091, 5 %, 6 %, 15666 MiB, 16384 MiB, 72.09 W, 59
2026/09/16 23:54:43.093, 1 %, 2 %, 15666 MiB, 16384 MiB, 61.41 W, 59
2026/09/16 23:54:44.097, 2 %, 3 %, 15666 MiB, 16384 MiB, 61.47 W, 59
2026/09/16 23:54:45.100, 23 %, 3 %, 15666 MiB, 16384 MiB, 61.60 W, 59
2026/09/16 23:54:46.103, 34 %, 3 %, 15666 MiB, 16384 MiB, 61.72 W, 59
2026/09/16 23:54:47.107, 52 %, 4 %, 15666 MiB, 16384 MiB, 61.55 W, 59
2026/09/16 23:54:48.110, 67 %, 5 %, 15666 MiB, 16384 MiB, 62.36 W, 59
2026/09/16 23:54:49.113, 1 %, 2 %, 15666 MiB, 16384 MiB, 61.26 W, 59
2026/09/16 23:54:50.116, 100 %, 5 %, 15666 MiB, 16384 MiB, 63.97 W, 59
2026/09/16 23:54:51.119, 81 %, 9 %, 15666 MiB, 16384 MiB, 63.94 W, 59
2026/09/16 23:54:52.122, 22 %, 8 %, 15666 MiB, 16384 MiB, 72.28 W, 59
2026/09/16 23:54:53.125, 2 %, 3 %, 15666 MiB, 16384 MiB, 61.53 W, 59
2026/09/16 23:54:54.129, 7 %, 2 %, 15666 MiB, 16384 MiB, 61.10 W, 59
2026/09/16 23:54:55.132, 50 %, 4 %, 15666 MiB, 16384 MiB, 61.41 W, 59
2026/09/16 23:54:56.135, 63 %, 4 %, 15666 MiB, 16384 MiB, 61.55 W, 59
2026/09/16 23:54:57.138, 77 %, 5 %, 15666 MiB, 16384 MiB, 62.38 W, 59
2026/09/16 23:54:58.142, 91 %, 5 %, 15666 MiB, 16384 MiB, 63.59 W, 59
2026/09/16 23:54:59.145, 100 %, 5 %, 15666 MiB, 16384 MiB, 65.25 W, 59
2026/09/16 23:55:00.149, 7 %, 8 %, 15666 MiB, 16384 MiB, 64.34 W, 59
2026/09/16 23:55:01.153, 89 %, 10 %, 15666 MiB, 16384 MiB, 65.19 W, 59
2026/09/16 23:55:02.156, 71 %, 9 %, 15666 MiB, 16384 MiB, 64.06 W, 59
2026/09/16 23:55:03.160, 41 %, 8 %, 15666 MiB, 16384 MiB, 73.69 W, 59
2026/09/16 23:55:04.163, 2 %, 3 %, 15666 MiB, 16384 MiB, 60.60 W, 59
2026/09/16 23:55:05.167, 1 %, 2 %, 15666 MiB, 16384 MiB, 61.17 W, 59
2026/09/16 23:55:06.170, 17 %, 3 %, 15666 MiB, 16384 MiB, 61.28 W, 59
2026/09/16 23:55:07.174, 38 %, 3 %, 15666 MiB, 16384 MiB, 61.05 W, 59
2026/09/16 23:55:08.177, 54 %, 4 %, 15666 MiB, 16384 MiB, 61.05 W, 59
2026/09/16 23:55:09.180, 70 %, 5 %, 15666 MiB, 16384 MiB, 61.84 W, 59
2026/09/16 23:55:10.182, 83 %, 5 %, 15666 MiB, 16384 MiB, 62.31 W, 59
2026/09/16 23:55:11.184, 1 %, 2 %, 15666 MiB, 16384 MiB, 60.94 W, 59
2026/09/16 23:55:12.187, 88 %, 3 %, 15666 MiB, 16384 MiB, 121.22 W, 60
2026/09/16 23:55:13.189, 100 %, 5 %, 15666 MiB, 16384 MiB, 200.76 W, 64
2026/09/16 23:55:14.193, 100 %, 43 %, 15666 MiB, 16384 MiB, 167.83 W, 62
2026/09/16 23:55:15.195, 100 %, 34 %, 15666 MiB, 16384 MiB, 110.64 W, 62
2026/09/16 23:55:16.198, 100 %, 4 %, 15666 MiB, 16384 MiB, 110.59 W, 62
2026/09/16 23:55:17.200, 100 %, 26 %, 15666 MiB, 16384 MiB, 122.38 W, 65
2026/09/16 23:55:18.204, 100 %, 3 %, 15666 MiB, 16384 MiB, 232.68 W, 62
2026/09/16 23:55:19.207, 100 %, 19 %, 15666 MiB, 16384 MiB, 55.31 W, 61
2026/09/16 23:55:20.215, 78 %, 40 %, 15666 MiB, 16384 MiB, 60.49 W, 63
2026/09/16 23:55:21.218, 100 %, 31 %, 15666 MiB, 16384 MiB, 125.08 W, 63
2026/09/16 23:55:22.220, 100 %, 47 %, 15666 MiB, 16384 MiB, 119.68 W, 64
2026/09/16 23:55:23.223, 100 %, 18 %, 15666 MiB, 16384 MiB, 202.67 W, 66
2026/09/16 23:55:24.228, 100 %, 8 %, 15666 MiB, 16384 MiB, 152.45 W, 63
2026/09/16 23:55:25.233, 100 %, 47 %, 15666 MiB, 16384 MiB, 61.99 W, 63
2026/09/16 23:55:26.236, 100 %, 41 %, 15666 MiB, 16384 MiB, 105.49 W, 64
2026/09/16 23:55:27.238, 100 %, 7 %, 15666 MiB, 16384 MiB, 119.80 W, 64
2026/09/16 23:55:28.240, 100 %, 4 %, 15666 MiB, 16384 MiB, 120.85 W, 68
2026/09/16 23:55:29.243, 100 %, 0 %, 15666 MiB, 16384 MiB, 255.01 W, 66
2026/09/16 23:55:30.245, 100 %, 43 %, 15666 MiB, 16384 MiB, 62.93 W, 64
2026/09/16 23:55:31.249, 100 %, 42 %, 15666 MiB, 16384 MiB, 93.56 W, 65
2026/09/16 23:55:32.251, 100 %, 10 %, 15666 MiB, 16384 MiB, 120.31 W, 66
2026/09/16 23:55:33.253, 100 %, 6 %, 15666 MiB, 16384 MiB, 132.88 W, 66
2026/09/16 23:55:34.256, 100 %, 4 %, 15666 MiB, 16384 MiB, 121.61 W, 69
2026/09/16 23:55:35.258, 100 %, 4 %, 15666 MiB, 16384 MiB, 201.76 W, 67
2026/09/16 23:55:36.261, 100 %, 46 %, 15666 MiB, 16384 MiB, 193.15 W, 67
2026/09/16 23:55:37.263, 100 %, 46 %, 15666 MiB, 16384 MiB, 112.79 W, 67
2026/09/16 23:55:38.265, 100 %, 8 %, 15666 MiB, 16384 MiB, 122.77 W, 70
2026/09/16 23:55:39.268, 100 %, 4 %, 15666 MiB, 16384 MiB, 121.67 W, 67
2026/09/16 23:55:40.270, 100 %, 0 %, 15666 MiB, 16384 MiB, 147.32 W, 70
2026/09/16 23:55:41.273, 100 %, 35 %, 15666 MiB, 16384 MiB, 244.01 W, 68
2026/09/16 23:55:42.276, 100 %, 47 %, 15666 MiB, 16384 MiB, 108.83 W, 68
2026/09/16 23:55:43.278, 100 %, 10 %, 15666 MiB, 16384 MiB, 123.28 W, 68
2026/09/16 23:55:44.282, 100 %, 16 %, 15666 MiB, 16384 MiB, 227.84 W, 70
2026/09/16 23:55:45.285, 100 %, 44 %, 15666 MiB, 16384 MiB, 110.21 W, 67
2026/09/16 23:55:46.288, 100 %, 28 %, 15666 MiB, 16384 MiB, 65.40 W, 67
2026/09/16 23:55:47.291, 100 %, 6 %, 15666 MiB, 16384 MiB, 125.61 W, 68
2026/09/16 23:55:48.293, 85 %, 5 %, 15666 MiB, 16384 MiB, 125.15 W, 69
2026/09/16 23:55:49.295, 100 %, 34 %, 15666 MiB, 16384 MiB, 144.54 W, 69
2026/09/16 23:55:50.301, 100 %, 43 %, 15666 MiB, 16384 MiB, 193.84 W, 70
2026/09/16 23:55:51.303, 100 %, 0 %, 15666 MiB, 16384 MiB, 122.22 W, 69
2026/09/16 23:55:52.306, 100 %, 0 %, 15666 MiB, 16384 MiB, 121.04 W, 69
2026/09/16 23:55:53.308, 100 %, 5 %, 15666 MiB, 16384 MiB, 95.02 W, 69
2026/09/16 23:55:54.310, 100 %, 36 %, 15666 MiB, 16384 MiB, 138.86 W, 68
2026/09/16 23:55:55.314, 100 %, 5 %, 15666 MiB, 16384 MiB, 164.51 W, 72
2026/09/16 23:55:56.318, 100 %, 26 %, 15666 MiB, 16384 MiB, 125.60 W, 70
2026/09/16 23:55:57.320, 100 %, 46 %, 15666 MiB, 16384 MiB, 115.47 W, 70
2026/09/16 23:55:58.323, 100 %, 0 %, 15666 MiB, 16384 MiB, 249.46 W, 70
2026/09/16 23:55:59.325, 100 %, 5 %, 15666 MiB, 16384 MiB, 251.14 W, 70
2026/09/16 23:56:00.328, 100 %, 4 %, 15666 MiB, 16384 MiB, 126.02 W, 73
2026/09/16 23:56:01.331, 100 %, 47 %, 15666 MiB, 16384 MiB, 124.15 W, 70
2026/09/16 23:56:02.333, 100 %, 35 %, 15666 MiB, 16384 MiB, 108.67 W, 70
2026/09/16 23:56:03.336, 100 %, 0 %, 15666 MiB, 16384 MiB, 241.02 W, 72
2026/09/16 23:56:04.338, 100 %, 0 %, 15666 MiB, 16384 MiB, 124.33 W, 71
2026/09/16 23:56:05.340, 100 %, 5 %, 15666 MiB, 16384 MiB, 122.85 W, 71
2026/09/16 23:56:06.343, 100 %, 44 %, 15666 MiB, 16384 MiB, 133.11 W, 71
2026/09/16 23:56:07.345, 100 %, 35 %, 15666 MiB, 16384 MiB, 62.86 W, 70
2026/09/16 23:56:08.348, 100 %, 5 %, 15666 MiB, 16384 MiB, 246.80 W, 73
2026/09/16 23:56:09.352, 100 %, 4 %, 15666 MiB, 16384 MiB, 126.28 W, 71
2026/09/16 23:56:10.354, 100 %, 47 %, 15666 MiB, 16384 MiB, 124.36 W, 71
2026/09/16 23:56:11.357, 100 %, 43 %, 15666 MiB, 16384 MiB, 63.62 W, 71
2026/09/16 23:56:12.359, 100 %, 30 %, 15666 MiB, 16384 MiB, 244.90 W, 70
2026/09/16 23:56:13.363, 100 %, 5 %, 15666 MiB, 16384 MiB, 127.13 W, 75
2026/09/16 23:56:14.367, 100 %, 6 %, 15666 MiB, 16384 MiB, 124.93 W, 71
2026/09/16 23:56:15.370, 100 %, 40 %, 15666 MiB, 16384 MiB, 111.02 W, 72
2026/09/16 23:56:16.372, 100 %, 21 %, 15666 MiB, 16384 MiB, 234.04 W, 72
2026/09/16 23:56:17.377, 100 %, 0 %, 15666 MiB, 16384 MiB, 125.06 W, 74
2026/09/16 23:56:18.381, 100 %, 4 %, 15666 MiB, 16384 MiB, 123.44 W, 72
2026/09/16 23:56:19.385, 100 %, 8 %, 15666 MiB, 16384 MiB, 125.54 W, 72
2026/09/16 23:56:20.387, 100 %, 41 %, 15666 MiB, 16384 MiB, 68.06 W, 70
2026/09/16 23:56:21.390, 100 %, 16 %, 15666 MiB, 16384 MiB, 231.88 W, 72
2026/09/16 23:56:22.394, 100 %, 0 %, 15666 MiB, 16384 MiB, 124.44 W, 72
2026/09/16 23:56:23.397, 100 %, 5 %, 15666 MiB, 16384 MiB, 123.53 W, 72
2026/09/16 23:56:24.400, 100 %, 25 %, 15666 MiB, 16384 MiB, 98.70 W, 72
2026/09/16 23:56:25.402, 100 %, 43 %, 15666 MiB, 16384 MiB, 131.40 W, 71
2026/09/16 23:56:26.405, 100 %, 5 %, 15666 MiB, 16384 MiB, 172.96 W, 75
2026/09/16 23:56:27.412, 100 %, 5 %, 15666 MiB, 16384 MiB, 128.43 W, 72
2026/09/16 23:56:28.414, 100 %, 39 %, 15666 MiB, 16384 MiB, 120.60 W, 72
2026/09/16 23:56:29.417, 100 %, 45 %, 15666 MiB, 16384 MiB, 188.75 W, 73
2026/09/16 23:56:30.419, 100 %, 0 %, 15666 MiB, 16384 MiB, 134.01 W, 75
2026/09/16 23:56:31.423, 100 %, 0 %, 15666 MiB, 16384 MiB, 124.92 W, 72
2026/09/16 23:56:32.426, 100 %, 5 %, 15666 MiB, 16384 MiB, 124.24 W, 72
2026/09/16 23:56:33.428, 84 %, 34 %, 15666 MiB, 16384 MiB, 140.50 W, 73
2026/09/16 23:56:34.431, 61 %, 4 %, 15666 MiB, 16384 MiB, 68.58 W, 71
2026/09/16 23:56:35.434, 100 %, 21 %, 15666 MiB, 16384 MiB, 155.51 W, 71
2026/09/16 23:56:36.437, 13 %, 3 %, 15666 MiB, 16384 MiB, 66.99 W, 71
2026/09/16 23:56:37.439, 84 %, 5 %, 15666 MiB, 16384 MiB, 68.04 W, 70
2026/09/16 23:56:38.442, 100 %, 21 %, 15666 MiB, 16384 MiB, 175.30 W, 71
2026/09/16 23:56:39.448, 1 %, 2 %, 15666 MiB, 16384 MiB, 66.23 W, 70
2026/09/16 23:56:40.450, 100 %, 14 %, 15666 MiB, 16384 MiB, 67.71 W, 70
2026/09/16 23:56:41.453, 59 %, 12 %, 15666 MiB, 16384 MiB, 96.29 W, 70
2026/09/16 23:56:42.456, 22 %, 3 %, 15666 MiB, 16384 MiB, 186.58 W, 73
2026/09/16 23:56:43.459, 100 %, 6 %, 15666 MiB, 16384 MiB, 68.42 W, 69
2026/09/16 23:56:44.462, 100 %, 21 %, 15666 MiB, 16384 MiB, 67.35 W, 70
2026/09/16 23:56:45.468, 20 %, 3 %, 15666 MiB, 16384 MiB, 178.20 W, 70
2026/09/16 23:56:46.470, 24 %, 3 %, 15666 MiB, 16384 MiB, 159.30 W, 71
2026/09/16 23:56:47.475, 100 %, 12 %, 15666 MiB, 16384 MiB, 66.26 W, 69
2026/09/16 23:56:48.479, 69 %, 13 %, 15666 MiB, 16384 MiB, 64.94 W, 69
2026/09/16 23:56:49.481, 18 %, 3 %, 15666 MiB, 16384 MiB, 154.41 W, 71
2026/09/16 23:56:50.484, 100 %, 14 %, 15666 MiB, 16384 MiB, 66.44 W, 69
2026/09/16 23:56:51.486, 63 %, 12 %, 15666 MiB, 16384 MiB, 61.56 W, 69
2026/09/16 23:56:52.489, 5 %, 3 %, 15666 MiB, 16384 MiB, 204.91 W, 73
2026/09/16 23:56:53.491, 81 %, 5 %, 15666 MiB, 16384 MiB, 65.17 W, 68
2026/09/16 23:56:54.494, 100 %, 21 %, 15666 MiB, 16384 MiB, 67.53 W, 68
2026/09/16 23:56:55.497, 46 %, 12 %, 15666 MiB, 16384 MiB, 177.24 W, 69
2026/09/16 23:56:56.500, 37 %, 3 %, 15666 MiB, 16384 MiB, 65.39 W, 69
2026/09/16 23:56:57.502, 100 %, 13 %, 15666 MiB, 16384 MiB, 66.99 W, 68
2026/09/16 23:56:58.504, 78 %, 17 %, 15666 MiB, 16384 MiB, 66.17 W, 68
2026/09/16 23:56:59.507, 47 %, 8 %, 15666 MiB, 16384 MiB, 69.24 W, 68
2026/09/16 23:57:00.509, 8 %, 7 %, 15666 MiB, 16384 MiB, 78.24 W, 67
2026/09/16 23:57:01.512, 1 %, 2 %, 15666 MiB, 16384 MiB, 65.17 W, 67
2026/09/16 23:57:02.514, 28 %, 3 %, 15666 MiB, 16384 MiB, 65.14 W, 67
2026/09/16 23:57:03.517, 1 %, 2 %, 15666 MiB, 16384 MiB, 65.17 W, 67
2026/09/16 23:57:04.519, 99 %, 5 %, 15666 MiB, 16384 MiB, 66.34 W, 66
2026/09/16 23:57:05.522, 100 %, 7 %, 15666 MiB, 16384 MiB, 67.39 W, 66
2026/09/16 23:57:06.524, 87 %, 10 %, 15666 MiB, 16384 MiB, 67.62 W, 66
2026/09/16 23:57:07.526, 75 %, 10 %, 15666 MiB, 16384 MiB, 67.62 W, 66
2026/09/16 23:57:08.529, 64 %, 9 %, 15666 MiB, 16384 MiB, 67.43 W, 66
2026/09/16 23:57:09.531, 49 %, 6 %, 15666 MiB, 16384 MiB, 67.08 W, 66
2026/09/16 23:57:10.534, 26 %, 8 %, 15666 MiB, 16384 MiB, 78.62 W, 66
2026/09/16 23:57:11.537, 1 %, 2 %, 15666 MiB, 16384 MiB, 77.46 W, 65
2026/09/16 23:57:12.540, 1 %, 2 %, 15666 MiB, 16384 MiB, 64.19 W, 65
2026/09/16 23:57:13.544, 10 %, 3 %, 15666 MiB, 16384 MiB, 64.74 W, 65
2026/09/16 23:57:14.547, 2 %, 3 %, 15666 MiB, 16384 MiB, 64.71 W, 65
2026/09/16 23:57:15.551, 64 %, 5 %, 15666 MiB, 16384 MiB, 65.37 W, 65
2026/09/16 23:57:16.555, 86 %, 5 %, 15666 MiB, 16384 MiB, 67.97 W, 65
2026/09/16 23:57:17.558, 100 %, 6 %, 15666 MiB, 16384 MiB, 66.20 W, 64
2026/09/16 23:57:18.562, 96 %, 11 %, 15666 MiB, 16384 MiB, 66.85 W, 64
2026/09/16 23:57:19.565, 80 %, 10 %, 15666 MiB, 16384 MiB, 66.59 W, 64
2026/09/16 23:57:20.568, 56 %, 10 %, 15666 MiB, 16384 MiB, 66.31 W, 64
2026/09/16 23:57:21.572, 26 %, 8 %, 15666 MiB, 16384 MiB, 77.46 W, 64
2026/09/16 23:57:22.575, 1 %, 2 %, 15666 MiB, 16384 MiB, 68.32 W, 64
2026/09/16 23:57:23.579, 1 %, 2 %, 15666 MiB, 16384 MiB, 63.64 W, 63
2026/09/16 23:57:24.582, 44 %, 4 %, 15666 MiB, 16384 MiB, 63.51 W, 63
2026/09/16 23:57:25.586, 1 %, 2 %, 15666 MiB, 16384 MiB, 63.53 W, 63
2026/09/16 23:57:26.589, 93 %, 10 %, 15666 MiB, 16384 MiB, 66.04 W, 63
2026/09/16 23:57:27.591, 79 %, 10 %, 15666 MiB, 16384 MiB, 66.11 W, 63
2026/09/16 23:57:28.593, 65 %, 9 %, 15666 MiB, 16384 MiB, 65.85 W, 63
2026/09/16 23:57:29.596, 49 %, 9 %, 15666 MiB, 16384 MiB, 65.95 W, 63
2026/09/16 23:57:30.598, 33 %, 8 %, 15666 MiB, 16384 MiB, 76.49 W, 63
2026/09/16 23:57:31.601, 16 %, 5 %, 15666 MiB, 16384 MiB, 69.68 W, 63
2026/09/16 23:57:32.603, 1 %, 2 %, 15666 MiB, 16384 MiB, 70.33 W, 63
2026/09/16 23:57:33.606, 1 %, 2 %, 15666 MiB, 16384 MiB, 65.50 W, 63
2026/09/16 23:57:34.608, 6 %, 3 %, 15666 MiB, 16384 MiB, 65.15 W, 62
2026/09/16 23:57:35.611, 59 %, 5 %, 15666 MiB, 16384 MiB, 62.92 W, 62
2026/09/16 23:57:36.613, 2 %, 3 %, 15666 MiB, 16384 MiB, 62.90 W, 62
2026/09/16 23:57:37.616, 100 %, 11 %, 15666 MiB, 16384 MiB, 65.02 W, 62
2026/09/16 23:57:38.619, 81 %, 10 %, 15666 MiB, 16384 MiB, 65.12 W, 62
2026/09/16 23:57:39.623, 64 %, 9 %, 15666 MiB, 16384 MiB, 65.22 W, 62
2026/09/16 23:57:40.626, 50 %, 9 %, 15666 MiB, 16384 MiB, 65.40 W, 62
2026/09/16 23:57:41.629, 30 %, 8 %, 15666 MiB, 16384 MiB, 77.96 W, 62
2026/09/16 23:57:42.631, 9 %, 9 %, 15666 MiB, 16384 MiB, 76.18 W, 62
2026/09/16 23:57:43.634, 1 %, 2 %, 15666 MiB, 16384 MiB, 62.19 W, 62
2026/09/16 23:57:44.638, 16 %, 3 %, 15666 MiB, 16384 MiB, 62.68 W, 61
2026/09/16 23:57:45.643, 77 %, 5 %, 15666 MiB, 16384 MiB, 63.38 W, 61
2026/09/16 23:57:46.645, 93 %, 10 %, 15666 MiB, 16384 MiB, 65.26 W, 61
2026/09/16 23:57:47.648, 7 %, 7 %, 15666 MiB, 16384 MiB, 61.65 W, 61
2026/09/16 23:57:48.650, 27 %, 8 %, 15666 MiB, 16384 MiB, 77.74 W, 61
2026/09/16 23:57:49.653, 13 %, 8 %, 15666 MiB, 16384 MiB, 76.56 W, 61
2026/09/16 23:57:50.655, 1 %, 2 %, 15666 MiB, 16384 MiB, 75.47 W, 61
2026/09/16 23:57:51.657, 1 %, 2 %, 15666 MiB, 16384 MiB, 65.09 W, 61
2026/09/16 23:57:52.660, 1 %, 2 %, 15666 MiB, 16384 MiB, 62.64 W, 62
2026/09/16 23:57:53.662, 1 %, 2 %, 15666 MiB, 16384 MiB, 62.48 W, 61
2026/09/16 23:57:54.665, 41 %, 3 %, 15666 MiB, 16384 MiB, 62.37 W, 61
2026/09/16 23:57:55.667, 52 %, 4 %, 15666 MiB, 16384 MiB, 62.42 W, 61
2026/09/16 23:57:56.670, 86 %, 5 %, 15666 MiB, 16384 MiB, 63.02 W, 61
2026/09/16 23:57:57.672, 96 %, 10 %, 15666 MiB, 16384 MiB, 64.69 W, 61
2026/09/16 23:57:58.676, 7 %, 7 %, 15666 MiB, 16384 MiB, 61.92 W, 60
2026/09/16 23:57:59.679, 25 %, 8 %, 15666 MiB, 16384 MiB, 77.42 W, 60
2026/09/16 23:58:00.683, 5 %, 5 %, 15666 MiB, 16384 MiB, 75.59 W, 60
2026/09/16 23:58:01.686, 1 %, 2 %, 15666 MiB, 16384 MiB, 72.13 W, 60
2026/09/16 23:58:02.690, 1 %, 2 %, 15666 MiB, 16384 MiB, 61.44 W, 61
2026/09/16 23:58:03.693, 10 %, 3 %, 15666 MiB, 16384 MiB, 61.92 W, 60
2026/09/16 23:58:04.697, 1 %, 2 %, 15666 MiB, 16384 MiB, 62.03 W, 60
2026/09/16 23:58:05.700, 49 %, 4 %, 15666 MiB, 16384 MiB, 62.02 W, 60
2026/09/16 23:58:06.704, 83 %, 5 %, 15666 MiB, 16384 MiB, 62.47 W, 60
2026/09/16 23:58:07.708, 71 %, 9 %, 15666 MiB, 16384 MiB, 64.26 W, 60
2026/09/16 23:58:08.711, 5 %, 5 %, 15666 MiB, 16384 MiB, 77.03 W, 60
2026/09/16 23:58:09.715, 1 %, 2 %, 15666 MiB, 16384 MiB, 63.94 W, 60
2026/09/16 23:58:10.718, 24 %, 3 %, 15666 MiB, 16384 MiB, 61.72 W, 60
2026/09/16 23:58:11.724, 36 %, 3 %, 15666 MiB, 16384 MiB, 61.68 W, 60
2026/09/16 23:58:12.727, 52 %, 4 %, 15666 MiB, 16384 MiB, 61.65 W, 60
2026/09/16 23:58:13.729, 68 %, 5 %, 15666 MiB, 16384 MiB, 61.71 W, 60
2026/09/16 23:58:14.732, 84 %, 5 %, 15666 MiB, 16384 MiB, 62.25 W, 60
2026/09/16 23:58:15.735, 2 %, 3 %, 15666 MiB, 16384 MiB, 61.65 W, 60
2026/09/16 23:58:16.739, 100 %, 10 %, 15666 MiB, 16384 MiB, 63.54 W, 60
2026/09/16 23:58:17.742, 71 %, 9 %, 15666 MiB, 16384 MiB, 64.13 W, 60
2026/09/16 23:58:18.745, 29 %, 8 %, 15666 MiB, 16384 MiB, 74.00 W, 60
2026/09/16 23:58:19.749, 2 %, 3 %, 15666 MiB, 16384 MiB, 73.15 W, 60
2026/09/16 23:58:20.752, 1 %, 2 %, 15666 MiB, 16384 MiB, 61.47 W, 59
2026/09/16 23:58:21.756, 29 %, 3 %, 15666 MiB, 16384 MiB, 61.57 W, 59
2026/09/16 23:58:22.759, 54 %, 4 %, 15666 MiB, 16384 MiB, 61.49 W, 59
2026/09/16 23:58:23.763, 71 %, 5 %, 15666 MiB, 16384 MiB, 61.58 W, 59
2026/09/16 23:58:24.766, 89 %, 5 %, 15666 MiB, 16384 MiB, 62.21 W, 59
2026/09/16 23:58:25.770, 100 %, 6 %, 15666 MiB, 16384 MiB, 63.97 W, 59
2026/09/16 23:58:26.773, 8 %, 8 %, 15666 MiB, 16384 MiB, 64.01 W, 59
2026/09/16 23:58:27.777, 66 %, 9 %, 15666 MiB, 16384 MiB, 65.09 W, 59
2026/09/16 23:58:28.783, 23 %, 8 %, 15666 MiB, 16384 MiB, 74.93 W, 59
2026/09/16 23:58:29.791, 2 %, 3 %, 15666 MiB, 16384 MiB, 60.73 W, 60
2026/09/16 23:58:30.794, 5 %, 3 %, 15666 MiB, 16384 MiB, 61.42 W, 59
2026/09/16 23:58:31.796, 62 %, 4 %, 15666 MiB, 16384 MiB, 61.30 W, 59
2026/09/16 23:58:32.801, 100 %, 5 %, 15666 MiB, 16384 MiB, 63.15 W, 59
2026/09/16 23:58:33.805, 95 %, 11 %, 15666 MiB, 16384 MiB, 63.76 W, 59
2026/09/16 23:58:34.810, 78 %, 10 %, 15666 MiB, 16384 MiB, 63.74 W, 59
2026/09/16 23:58:35.812, 63 %, 9 %, 15666 MiB, 16384 MiB, 63.69 W, 59
2026/09/16 23:58:36.815, 43 %, 9 %, 15666 MiB, 16384 MiB, 63.74 W, 59
2026/09/16 23:58:37.819, 8 %, 8 %, 15666 MiB, 16384 MiB, 69.12 W, 59
2026/09/16 23:58:38.822, 17 %, 8 %, 15666 MiB, 16384 MiB, 75.08 W, 59
2026/09/16 23:58:39.825, 1 %, 2 %, 15666 MiB, 16384 MiB, 73.98 W, 59
2026/09/16 23:58:40.829, 1 %, 2 %, 15666 MiB, 16384 MiB, 60.60 W, 59
2026/09/16 23:58:41.832, 20 %, 3 %, 15666 MiB, 16384 MiB, 61.22 W, 59
2026/09/16 23:58:42.836, 51 %, 4 %, 15666 MiB, 16384 MiB, 61.02 W, 59
2026/09/16 23:58:43.839, 97 %, 6 %, 15666 MiB, 16384 MiB, 64.61 W, 59
2026/09/16 23:58:44.843, 94 %, 11 %, 15666 MiB, 16384 MiB, 66.64 W, 59
2026/09/16 23:58:45.847, 76 %, 10 %, 15666 MiB, 16384 MiB, 64.17 W, 59
2026/09/16 23:58:46.850, 57 %, 9 %, 15666 MiB, 16384 MiB, 63.96 W, 59
2026/09/16 23:58:47.854, 43 %, 9 %, 15666 MiB, 16384 MiB, 64.04 W, 59
2026/09/16 23:58:48.857, 8 %, 7 %, 15666 MiB, 16384 MiB, 74.04 W, 59
2026/09/16 23:58:49.861, 1 %, 2 %, 15666 MiB, 16384 MiB, 73.97 W, 59
2026/09/16 23:58:50.864, 1 %, 2 %, 15666 MiB, 16384 MiB, 61.04 W, 59
2026/09/16 23:58:51.868, 24 %, 3 %, 15666 MiB, 16384 MiB, 61.42 W, 59
2026/09/16 23:58:52.871, 72 %, 5 %, 15666 MiB, 16384 MiB, 61.29 W, 59
2026/09/16 23:58:53.875, 86 %, 9 %, 15666 MiB, 16384 MiB, 63.31 W, 59
2026/09/16 23:58:54.879, 42 %, 6 %, 15666 MiB, 16384 MiB, 63.87 W, 59
2026/09/16 23:58:55.883, 34 %, 8 %, 15666 MiB, 16384 MiB, 63.90 W, 59
2026/09/16 23:58:56.886, 20 %, 8 %, 15666 MiB, 16384 MiB, 76.50 W, 59
2026/09/16 23:58:57.890, 5 %, 5 %, 15666 MiB, 16384 MiB, 75.00 W, 59
2026/09/16 23:58:58.893, 1 %, 2 %, 15666 MiB, 16384 MiB, 74.32 W, 59
2026/09/16 23:58:59.897, 1 %, 2 %, 15666 MiB, 16384 MiB, 61.20 W, 59
2026/09/16 23:59:00.899, 1 %, 2 %, 15666 MiB, 16384 MiB, 60.95 W, 59
2026/09/16 23:59:01.902, 28 %, 3 %, 15666 MiB, 16384 MiB, 61.53 W, 59
2026/09/16 23:59:02.904, 49 %, 4 %, 15666 MiB, 16384 MiB, 64.09 W, 59
2026/09/16 23:59:03.906, 74 %, 5 %, 15666 MiB, 16384 MiB, 63.36 W, 59
2026/09/16 23:59:04.909, 99 %, 10 %, 15666 MiB, 16384 MiB, 63.19 W, 59
2026/09/16 23:59:05.917, 68 %, 7 %, 15666 MiB, 16384 MiB, 64.23 W, 59
2026/09/16 23:59:06.919, 47 %, 9 %, 15666 MiB, 16384 MiB, 63.95 W, 59
2026/09/16 23:59:07.922, 30 %, 8 %, 15666 MiB, 16384 MiB, 66.14 W, 59
2026/09/16 23:59:08.924, 14 %, 8 %, 15666 MiB, 16384 MiB, 76.15 W, 59
2026/09/16 23:59:09.927, 1 %, 2 %, 15666 MiB, 16384 MiB, 75.02 W, 59
2026/09/16 23:59:10.929, 1 %, 2 %, 15666 MiB, 16384 MiB, 69.44 W, 59
2026/09/16 23:59:11.932, 1 %, 2 %, 15666 MiB, 16384 MiB, 61.01 W, 59
2026/09/16 23:59:12.936, 24 %, 3 %, 15666 MiB, 16384 MiB, 61.20 W, 59
2026/09/16 23:59:13.938, 77 %, 5 %, 15666 MiB, 16384 MiB, 61.16 W, 59
2026/09/16 23:59:14.941, 91 %, 10 %, 15666 MiB, 16384 MiB, 63.29 W, 59
2026/09/16 23:59:15.943, 35 %, 8 %, 15666 MiB, 16384 MiB, 62.63 W, 59
2026/09/16 23:59:16.946, 1 %, 2 %, 15666 MiB, 16384 MiB, 67.63 W, 59
2026/09/16 23:59:17.948, 1 %, 2 %, 15666 MiB, 16384 MiB, 72.40 W, 59
2026/09/16 23:59:18.951, 1 %, 2 %, 15666 MiB, 16384 MiB, 60.38 W, 59
2026/09/16 23:59:19.953, 2 %, 2 %, 15666 MiB, 16384 MiB, 62.44 W, 59
2026/09/16 23:59:20.955, 19 %, 3 %, 15666 MiB, 16384 MiB, 64.02 W, 59
2026/09/16 23:59:21.958, 35 %, 3 %, 15666 MiB, 16384 MiB, 61.19 W, 59
2026/09/16 23:59:22.961, 49 %, 4 %, 15666 MiB, 16384 MiB, 61.21 W, 59
2026/09/16 23:59:23.963, 63 %, 5 %, 15666 MiB, 16384 MiB, 61.24 W, 59
2026/09/16 23:59:24.966, 92 %, 5 %, 15666 MiB, 16384 MiB, 62.07 W, 59
2026/09/16 23:59:25.969, 83 %, 10 %, 15666 MiB, 16384 MiB, 63.96 W, 59
2026/09/16 23:59:26.971, 41 %, 8 %, 15666 MiB, 16384 MiB, 63.07 W, 59
2026/09/16 23:59:27.974, 7 %, 5 %, 15666 MiB, 16384 MiB, 68.44 W, 59
2026/09/16 23:59:28.978, 2 %, 3 %, 15666 MiB, 16384 MiB, 72.76 W, 59
2026/09/16 23:59:29.982, 1 %, 2 %, 15666 MiB, 16384 MiB, 61.12 W, 59
2026/09/16 23:59:30.985, 2 %, 2 %, 15666 MiB, 16384 MiB, 60.87 W, 59
2026/09/16 23:59:31.989, 20 %, 3 %, 15666 MiB, 16384 MiB, 61.08 W, 58
2026/09/16 23:59:32.993, 37 %, 3 %, 15666 MiB, 16384 MiB, 61.16 W, 59
2026/09/16 23:59:33.996, 49 %, 4 %, 15666 MiB, 16384 MiB, 61.20 W, 59
2026/09/16 23:59:35.000, 62 %, 6 %, 15666 MiB, 16384 MiB, 132.67 W, 61
2026/09/16 23:59:36.003, 100 %, 45 %, 15666 MiB, 16384 MiB, 101.72 W, 63
2026/09/16 23:59:37.006, 100 %, 45 %, 15666 MiB, 16384 MiB, 80.24 W, 60
2026/09/16 23:59:38.011, 87 %, 5 %, 15666 MiB, 16384 MiB, 93.23 W, 61
2026/09/16 23:59:39.013, 100 %, 31 %, 15666 MiB, 16384 MiB, 184.84 W, 62
2026/09/16 23:59:40.015, 100 %, 33 %, 15666 MiB, 16384 MiB, 169.43 W, 62
2026/09/16 23:59:41.019, 1 %, 2 %, 15666 MiB, 16384 MiB, 87.95 W, 62
2026/09/16 23:59:42.021, 100 %, 37 %, 15666 MiB, 16384 MiB, 198.40 W, 63
2026/09/16 23:59:43.024, 87 %, 5 %, 15666 MiB, 16384 MiB, 63.80 W, 63
2026/09/16 23:59:44.030, 100 %, 48 %, 15666 MiB, 16384 MiB, 224.92 W, 63
2026/09/16 23:59:45.032, 100 %, 45 %, 15666 MiB, 16384 MiB, 239.39 W, 63
2026/09/16 23:59:46.035, 77 %, 6 %, 15666 MiB, 16384 MiB, 63.02 W, 63
2026/09/16 23:59:47.038, 100 %, 46 %, 15666 MiB, 16384 MiB, 207.15 W, 64
2026/09/16 23:59:48.040, 100 %, 43 %, 15666 MiB, 16384 MiB, 126.39 W, 63
2026/09/16 23:59:49.044, 42 %, 4 %, 15666 MiB, 16384 MiB, 104.98 W, 64
2026/09/16 23:59:50.046, 100 %, 45 %, 15666 MiB, 16384 MiB, 114.10 W, 64
2026/09/16 23:59:51.050, 100 %, 28 %, 15666 MiB, 16384 MiB, 100.23 W, 64
2026/09/16 23:59:52.052, 71 %, 4 %, 15666 MiB, 16384 MiB, 154.47 W, 65
2026/09/16 23:59:53.057, 100 %, 34 %, 15666 MiB, 16384 MiB, 114.08 W, 64
2026/09/16 23:59:54.059, 100 %, 28 %, 15666 MiB, 16384 MiB, 87.61 W, 65
2026/09/16 23:59:55.062, 68 %, 5 %, 15666 MiB, 16384 MiB, 209.92 W, 66
2026/09/16 23:59:56.066, 100 %, 44 %, 15666 MiB, 16384 MiB, 160.73 W, 65
2026/09/16 23:59:57.069, 70 %, 6 %, 15666 MiB, 16384 MiB, 243.25 W, 68
2026/09/16 23:59:58.072, 100 %, 45 %, 15666 MiB, 16384 MiB, 126.11 W, 68
2026/09/16 23:59:59.077, 100 %, 44 %, 15666 MiB, 16384 MiB, 64.51 W, 65
2026/09/17 00:00:00.079, 79 %, 5 %, 15666 MiB, 16384 MiB, 179.41 W, 68
2026/09/17 00:00:01.086, 100 %, 46 %, 15666 MiB, 16384 MiB, 130.21 W, 69
2026/09/17 00:00:02.090, 100 %, 32 %, 15666 MiB, 16384 MiB, 221.95 W, 66
2026/09/17 00:00:03.095, 100 %, 31 %, 15666 MiB, 16384 MiB, 65.38 W, 65
2026/09/17 00:00:04.097, 75 %, 4 %, 15666 MiB, 16384 MiB, 224.52 W, 68
2026/09/17 00:00:05.100, 100 %, 32 %, 15666 MiB, 16384 MiB, 65.78 W, 66
2026/09/17 00:00:06.102, 100 %, 36 %, 15666 MiB, 16384 MiB, 64.45 W, 67
2026/09/17 00:00:07.104, 100 %, 9 %, 15666 MiB, 16384 MiB, 121.46 W, 67
2026/09/17 00:00:08.107, 100 %, 5 %, 15666 MiB, 16384 MiB, 121.61 W, 68
2026/09/17 00:00:09.109, 100 %, 4 %, 15666 MiB, 16384 MiB, 122.05 W, 68
2026/09/17 00:00:10.111, 100 %, 0 %, 15666 MiB, 16384 MiB, 136.69 W, 71
2026/09/17 00:00:11.114, 100 %, 3 %, 15666 MiB, 16384 MiB, 239.67 W, 70
2026/09/17 00:00:12.118, 100 %, 32 %, 15666 MiB, 16384 MiB, 168.87 W, 69
2026/09/17 00:00:13.124, 100 %, 42 %, 15666 MiB, 16384 MiB, 105.63 W, 69
2026/09/17 00:00:14.126, 100 %, 22 %, 15666 MiB, 16384 MiB, 105.04 W, 68
2026/09/17 00:00:15.128, 100 %, 6 %, 15666 MiB, 16384 MiB, 89.15 W, 69
2026/09/17 00:00:16.132, 100 %, 4 %, 15666 MiB, 16384 MiB, 129.96 W, 69
2026/09/17 00:00:17.136, 100 %, 3 %, 15666 MiB, 16384 MiB, 120.93 W, 69
2026/09/17 00:00:18.138, 100 %, 0 %, 15666 MiB, 16384 MiB, 121.86 W, 73
2026/09/17 00:00:19.143, 100 %, 25 %, 15666 MiB, 16384 MiB, 194.95 W, 72
2026/09/17 00:00:20.149, 100 %, 45 %, 15666 MiB, 16384 MiB, 247.91 W, 70
2026/09/17 00:00:21.151, 100 %, 45 %, 15666 MiB, 16384 MiB, 133.58 W, 70
2026/09/17 00:00:22.154, 100 %, 10 %, 15666 MiB, 16384 MiB, 118.84 W, 70
2026/09/17 00:00:23.156, 100 %, 4 %, 15666 MiB, 16384 MiB, 122.95 W, 72
2026/09/17 00:00:24.159, 100 %, 3 %, 15666 MiB, 16384 MiB, 121.77 W, 70
2026/09/17 00:00:25.161, 100 %, 0 %, 15666 MiB, 16384 MiB, 122.66 W, 70
2026/09/17 00:00:26.163, 100 %, 22 %, 15666 MiB, 16384 MiB, 160.18 W, 72
2026/09/17 00:00:27.166, 100 %, 48 %, 15666 MiB, 16384 MiB, 245.46 W, 71
2026/09/17 00:00:28.169, 100 %, 0 %, 15666 MiB, 16384 MiB, 152.49 W, 71
2026/09/17 00:00:29.171, 100 %, 29 %, 15666 MiB, 16384 MiB, 110.66 W, 71
2026/09/17 00:00:30.174, 100 %, 44 %, 15666 MiB, 16384 MiB, 121.75 W, 71
2026/09/17 00:00:31.176, 100 %, 44 %, 15666 MiB, 16384 MiB, 125.52 W, 72
2026/09/17 00:00:32.179, 100 %, 24 %, 15666 MiB, 16384 MiB, 220.32 W, 74
2026/09/17 00:00:33.184, 100 %, 6 %, 15666 MiB, 16384 MiB, 123.45 W, 71
2026/09/17 00:00:34.186, 100 %, 4 %, 15666 MiB, 16384 MiB, 210.06 W, 74
2026/09/17 00:00:35.189, 100 %, 0 %, 15666 MiB, 16384 MiB, 160.65 W, 73
2026/09/17 00:00:36.191, 100 %, 6 %, 15666 MiB, 16384 MiB, 249.90 W, 71
2026/09/17 00:00:37.200, 100 %, 43 %, 15666 MiB, 16384 MiB, 145.27 W, 71
2026/09/17 00:00:38.202, 100 %, 48 %, 15666 MiB, 16384 MiB, 116.78 W, 71
2026/09/17 00:00:39.205, 100 %, 32 %, 15666 MiB, 16384 MiB, 123.28 W, 73
2026/09/17 00:00:40.207, 100 %, 4 %, 15666 MiB, 16384 MiB, 137.39 W, 74
2026/09/17 00:00:41.212, 100 %, 7 %, 15666 MiB, 16384 MiB, 244.08 W, 71
2026/09/17 00:00:42.216, 100 %, 42 %, 15666 MiB, 16384 MiB, 122.05 W, 70
2026/09/17 00:00:43.218, 100 %, 2 %, 15666 MiB, 16384 MiB, 127.84 W, 72
2026/09/17 00:00:44.221, 100 %, 6 %, 15666 MiB, 16384 MiB, 156.29 W, 74
2026/09/17 00:00:45.224, 100 %, 32 %, 15666 MiB, 16384 MiB, 110.17 W, 72
2026/09/17 00:00:46.226, 100 %, 4 %, 15666 MiB, 16384 MiB, 124.68 W, 72
2026/09/17 00:00:47.229, 100 %, 8 %, 15666 MiB, 16384 MiB, 130.68 W, 72
2026/09/17 00:00:48.231, 100 %, 5 %, 15666 MiB, 16384 MiB, 245.31 W, 72
2026/09/17 00:00:49.233, 100 %, 5 %, 15666 MiB, 16384 MiB, 123.72 W, 72
2026/09/17 00:00:50.236, 100 %, 9 %, 15666 MiB, 16384 MiB, 131.72 W, 72
2026/09/17 00:00:51.238, 100 %, 3 %, 15666 MiB, 16384 MiB, 127.44 W, 75
2026/09/17 00:00:52.243, 100 %, 26 %, 15666 MiB, 16384 MiB, 121.88 W, 72
2026/09/17 00:00:53.246, 100 %, 7 %, 15666 MiB, 16384 MiB, 128.97 W, 72
2026/09/17 00:00:54.249, 100 %, 1 %, 15666 MiB, 16384 MiB, 126.62 W, 72
2026/09/17 00:00:55.252, 100 %, 28 %, 15666 MiB, 16384 MiB, 63.71 W, 71
2026/09/17 00:00:56.255, 100 %, 4 %, 15666 MiB, 16384 MiB, 128.83 W, 72
2026/09/17 00:00:57.257, 100 %, 6 %, 15666 MiB, 16384 MiB, 127.51 W, 72
2026/09/17 00:00:58.260, 100 %, 14 %, 15666 MiB, 16384 MiB, 215.27 W, 73
2026/09/17 00:00:59.262, 100 %, 4 %, 15666 MiB, 16384 MiB, 124.09 W, 72
2026/09/17 00:01:00.264, 100 %, 8 %, 15666 MiB, 16384 MiB, 131.45 W, 72
2026/09/17 00:01:01.267, 100 %, 1 %, 15666 MiB, 16384 MiB, 127.32 W, 75
2026/09/17 00:01:02.271, 100 %, 15 %, 15666 MiB, 16384 MiB, 65.21 W, 72
2026/09/17 00:01:03.274, 100 %, 8 %, 15666 MiB, 16384 MiB, 129.43 W, 73
2026/09/17 00:01:04.276, 100 %, 0 %, 15666 MiB, 16384 MiB, 126.22 W, 72
2026/09/17 00:01:05.278, 100 %, 30 %, 15666 MiB, 16384 MiB, 148.08 W, 71
2026/09/17 00:01:06.281, 100 %, 8 %, 15666 MiB, 16384 MiB, 126.38 W, 73
2026/09/17 00:01:07.283, 100 %, 1 %, 15666 MiB, 16384 MiB, 125.37 W, 72
2026/09/17 00:01:08.286, 100 %, 25 %, 15666 MiB, 16384 MiB, 202.56 W, 72
2026/09/17 00:01:09.288, 100 %, 27 %, 15666 MiB, 16384 MiB, 110.65 W, 73
2026/09/17 00:01:10.291, 100 %, 3 %, 15666 MiB, 16384 MiB, 125.67 W, 72
2026/09/17 00:01:11.293, 100 %, 3 %, 15666 MiB, 16384 MiB, 127.94 W, 74
2026/09/17 00:01:12.296, 100 %, 33 %, 15666 MiB, 16384 MiB, 218.34 W, 73
2026/09/17 00:01:13.300, 100 %, 8 %, 15666 MiB, 16384 MiB, 130.29 W, 73
2026/09/17 00:01:14.304, 100 %, 1 %, 15666 MiB, 16384 MiB, 126.92 W, 73
2026/09/17 00:01:15.306, 100 %, 30 %, 15666 MiB, 16384 MiB, 98.86 W, 71
2026/09/17 00:01:16.309, 100 %, 7 %, 15666 MiB, 16384 MiB, 129.42 W, 73
2026/09/17 00:01:17.311, 100 %, 1 %, 15666 MiB, 16384 MiB, 127.25 W, 73
2026/09/17 00:01:18.314, 100 %, 30 %, 15666 MiB, 16384 MiB, 225.17 W, 73
2026/09/17 00:01:19.321, 100 %, 17 %, 15666 MiB, 16384 MiB, 117.34 W, 73
2026/09/17 00:01:20.327, 100 %, 4 %, 15666 MiB, 16384 MiB, 127.22 W, 73
2026/09/17 00:01:21.331, 100 %, 5 %, 15666 MiB, 16384 MiB, 129.36 W, 73
2026/09/17 00:01:22.333, 100 %, 32 %, 15666 MiB, 16384 MiB, 160.29 W, 73
2026/09/17 00:01:23.336, 100 %, 13 %, 15666 MiB, 16384 MiB, 124.50 W, 73
2026/09/17 00:01:24.339, 100 %, 9 %, 15666 MiB, 16384 MiB, 132.73 W, 73
2026/09/17 00:01:25.341, 100 %, 2 %, 15666 MiB, 16384 MiB, 205.33 W, 75
2026/09/17 00:01:26.346, 100 %, 27 %, 15666 MiB, 16384 MiB, 123.07 W, 73
2026/09/17 00:01:27.349, 100 %, 6 %, 15666 MiB, 16384 MiB, 131.19 W, 73
2026/09/17 00:01:28.351, 100 %, 6 %, 15666 MiB, 16384 MiB, 230.99 W, 73
2026/09/17 00:01:29.354, 100 %, 28 %, 15666 MiB, 16384 MiB, 124.28 W, 73
2026/09/17 00:01:30.358, 100 %, 4 %, 15666 MiB, 16384 MiB, 129.44 W, 73
2026/09/17 00:01:31.361, 100 %, 8 %, 15666 MiB, 16384 MiB, 128.93 W, 73
2026/09/17 00:01:32.364, 100 %, 0 %, 15666 MiB, 16384 MiB, 132.36 W, 73
2026/09/17 00:01:33.369, 100 %, 5 %, 15666 MiB, 16384 MiB, 124.45 W, 73
2026/09/17 00:01:34.371, 100 %, 11 %, 15666 MiB, 16384 MiB, 133.84 W, 73
2026/09/17 00:01:35.374, 100 %, 3 %, 15666 MiB, 16384 MiB, 129.16 W, 76
2026/09/17 00:01:36.378, 100 %, 30 %, 15666 MiB, 16384 MiB, 104.36 W, 73
2026/09/17 00:01:37.380, 100 %, 8 %, 15666 MiB, 16384 MiB, 130.84 W, 73
2026/09/17 00:01:38.383, 100 %, 2 %, 15666 MiB, 16384 MiB, 127.85 W, 73
2026/09/17 00:01:39.386, 100 %, 28 %, 15666 MiB, 16384 MiB, 67.92 W, 73
2026/09/17 00:01:40.388, 100 %, 17 %, 15666 MiB, 16384 MiB, 131.49 W, 73
2026/09/17 00:01:41.390, 100 %, 3 %, 15666 MiB, 16384 MiB, 128.58 W, 73
2026/09/17 00:01:42.393, 100 %, 4 %, 15666 MiB, 16384 MiB, 233.12 W, 72
2026/09/17 00:01:43.398, 100 %, 32 %, 15666 MiB, 16384 MiB, 123.23 W, 73
2026/09/17 00:01:44.401, 100 %, 10 %, 15666 MiB, 16384 MiB, 134.44 W, 73
2026/09/17 00:01:45.403, 1 %, 2 %, 15666 MiB, 16384 MiB, 79.20 W, 71
2026/09/17 00:01:46.406, 1 %, 2 %, 15666 MiB, 16384 MiB, 78.43 W, 71
2026/09/17 00:01:47.408, 1 %, 2 %, 15666 MiB, 16384 MiB, 67.88 W, 70
2026/09/17 00:01:48.411, 53 %, 4 %, 15666 MiB, 16384 MiB, 69.37 W, 70
2026/09/17 00:01:49.413, 1 %, 2 %, 15666 MiB, 16384 MiB, 66.79 W, 70
2026/09/17 00:01:50.415, 82 %, 10 %, 15666 MiB, 16384 MiB, 68.61 W, 69
2026/09/17 00:01:51.418, 69 %, 10 %, 15666 MiB, 16384 MiB, 68.71 W, 69
2026/09/17 00:01:52.420, 57 %, 9 %, 15666 MiB, 16384 MiB, 68.56 W, 69
2026/09/17 00:01:53.422, 43 %, 9 %, 15666 MiB, 16384 MiB, 68.58 W, 69
2026/09/17 00:01:54.425, 31 %, 8 %, 15666 MiB, 16384 MiB, 68.71 W, 69
2026/09/17 00:01:55.428, 16 %, 5 %, 15666 MiB, 16384 MiB, 67.46 W, 68
2026/09/17 00:01:56.432, 1 %, 2 %, 15666 MiB, 16384 MiB, 77.13 W, 68
2026/09/17 00:01:57.435, 1 %, 2 %, 15666 MiB, 16384 MiB, 65.74 W, 68
2026/09/17 00:01:58.439, 20 %, 3 %, 15666 MiB, 16384 MiB, 66.08 W, 68
2026/09/17 00:01:59.441, 60 %, 5 %, 15666 MiB, 16384 MiB, 65.88 W, 67
2026/09/17 00:02:00.443, 2 %, 3 %, 15666 MiB, 16384 MiB, 65.85 W, 67
2026/09/17 00:02:01.446, 93 %, 11 %, 15666 MiB, 16384 MiB, 67.12 W, 67
2026/09/17 00:02:02.448, 74 %, 10 %, 15666 MiB, 16384 MiB, 68.40 W, 67
2026/09/17 00:02:03.450, 60 %, 9 %, 15666 MiB, 16384 MiB, 67.96 W, 67
2026/09/17 00:02:04.453, 43 %, 9 %, 15666 MiB, 16384 MiB, 68.04 W, 67
2026/09/17 00:02:05.455, 23 %, 8 %, 15666 MiB, 16384 MiB, 67.84 W, 66
2026/09/17 00:02:06.458, 1 %, 2 %, 15666 MiB, 16384 MiB, 80.45 W, 66
2026/09/17 00:02:07.460, 1 %, 2 %, 15666 MiB, 16384 MiB, 67.01 W, 66
2026/09/17 00:02:08.462, 14 %, 3 %, 15666 MiB, 16384 MiB, 65.88 W, 66
2026/09/17 00:02:09.465, 69 %, 4 %, 15666 MiB, 16384 MiB, 64.81 W, 66
2026/09/17 00:02:10.467, 86 %, 10 %, 15666 MiB, 16384 MiB, 66.27 W, 65
2026/09/17 00:02:11.470, 6 %, 7 %, 15666 MiB, 16384 MiB, 64.27 W, 65
2026/09/17 00:02:12.473, 26 %, 8 %, 15666 MiB, 16384 MiB, 66.77 W, 65
2026/09/17 00:02:13.476, 13 %, 8 %, 15666 MiB, 16384 MiB, 72.32 W, 65
2026/09/17 00:02:14.480, 1 %, 2 %, 15666 MiB, 16384 MiB, 77.45 W, 65
2026/09/17 00:02:15.484, 1 %, 2 %, 15666 MiB, 16384 MiB, 76.22 W, 65
2026/09/17 00:02:16.487, 1 %, 2 %, 15666 MiB, 16384 MiB, 75.21 W, 65
2026/09/17 00:02:17.491, 1 %, 2 %, 15666 MiB, 16384 MiB, 63.61 W, 65
2026/09/17 00:02:18.494, 18 %, 3 %, 15666 MiB, 16384 MiB, 64.01 W, 64
2026/09/17 00:02:19.498, 31 %, 3 %, 15666 MiB, 16384 MiB, 64.08 W, 64
2026/09/17 00:02:20.502, 57 %, 4 %, 15666 MiB, 16384 MiB, 63.77 W, 64
2026/09/17 00:02:21.506, 92 %, 5 %, 15666 MiB, 16384 MiB, 64.12 W, 64
2026/09/17 00:02:22.508, 7 %, 8 %, 15666 MiB, 16384 MiB, 63.81 W, 64
2026/09/17 00:02:23.511, 77 %, 10 %, 15666 MiB, 16384 MiB, 65.80 W, 64
2026/09/17 00:02:24.513, 59 %, 9 %, 15666 MiB, 16384 MiB, 66.05 W, 64
2026/09/17 00:02:25.516, 42 %, 9 %, 15666 MiB, 16384 MiB, 66.75 W, 63
2026/09/17 00:02:26.518, 28 %, 8 %, 15666 MiB, 16384 MiB, 67.43 W, 63
2026/09/17 00:02:27.521, 7 %, 7 %, 15666 MiB, 16384 MiB, 77.54 W, 63
2026/09/17 00:02:28.523, 1 %, 2 %, 15666 MiB, 16384 MiB, 77.68 W, 63
2026/09/17 00:02:29.526, 1 %, 2 %, 15666 MiB, 16384 MiB, 64.02 W, 63
2026/09/17 00:02:30.529, 18 %, 3 %, 15666 MiB, 16384 MiB, 63.08 W, 63
2026/09/17 00:02:31.533, 71 %, 4 %, 15666 MiB, 16384 MiB, 62.96 W, 63
2026/09/17 00:02:32.537, 87 %, 10 %, 15666 MiB, 16384 MiB, 64.79 W, 62
2026/09/17 00:02:33.539, 6 %, 7 %, 15666 MiB, 16384 MiB, 63.10 W, 62
2026/09/17 00:02:34.541, 35 %, 8 %, 15666 MiB, 16384 MiB, 65.67 W, 62
2026/09/17 00:02:35.544, 21 %, 8 %, 15666 MiB, 16384 MiB, 65.39 W, 62
2026/09/17 00:02:36.546, 6 %, 7 %, 15666 MiB, 16384 MiB, 76.28 W, 62
2026/09/17 00:02:37.549, 1 %, 2 %, 15666 MiB, 16384 MiB, 75.93 W, 62
2026/09/17 00:02:38.551, 1 %, 2 %, 15666 MiB, 16384 MiB, 75.18 W, 62
2026/09/17 00:02:39.554, 1 %, 3 %, 15666 MiB, 16384 MiB, 68.51 W, 62
2026/09/17 00:02:40.557, 14 %, 3 %, 15666 MiB, 16384 MiB, 62.85 W, 62
2026/09/17 00:02:41.559, 32 %, 3 %, 15666 MiB, 16384 MiB, 63.18 W, 62
2026/09/17 00:02:42.561, 56 %, 4 %, 15666 MiB, 16384 MiB, 62.94 W, 62
2026/09/17 00:02:43.564, 90 %, 10 %, 15666 MiB, 16384 MiB, 64.67 W, 61
2026/09/17 00:02:44.566, 6 %, 7 %, 15666 MiB, 16384 MiB, 63.09 W, 61
2026/09/17 00:02:45.569, 43 %, 9 %, 15666 MiB, 16384 MiB, 65.74 W, 61
2026/09/17 00:02:46.572, 26 %, 8 %, 15666 MiB, 16384 MiB, 67.02 W, 61
2026/09/17 00:02:47.574, 11 %, 8 %, 15666 MiB, 16384 MiB, 74.31 W, 61
2026/09/17 00:02:48.576, 1 %, 2 %, 15666 MiB, 16384 MiB, 77.16 W, 61
2026/09/17 00:02:49.579, 1 %, 3 %, 15666 MiB, 16384 MiB, 74.53 W, 61
2026/09/17 00:02:50.582, 1 %, 2 %, 15666 MiB, 16384 MiB, 61.95 W, 61
2026/09/17 00:02:51.586, 20 %, 3 %, 15666 MiB, 16384 MiB, 62.84 W, 61
2026/09/17 00:02:52.589, 53 %, 4 %, 15666 MiB, 16384 MiB, 62.73 W, 61
2026/09/17 00:02:53.592, 95 %, 10 %, 15666 MiB, 16384 MiB, 63.69 W, 61
2026/09/17 00:02:54.598, 48 %, 8 %, 15666 MiB, 16384 MiB, 65.30 W, 61
2026/09/17 00:02:55.600, 6 %, 7 %, 15666 MiB, 16384 MiB, 69.42 W, 61
2026/09/17 00:02:56.606, 1 %, 2 %, 15666 MiB, 16384 MiB, 75.90 W, 61
2026/09/17 00:02:57.611, 1 %, 2 %, 15666 MiB, 16384 MiB, 74.64 W, 61
2026/09/17 00:02:58.615, 1 %, 2 %, 15666 MiB, 16384 MiB, 73.75 W, 61
2026/09/17 00:02:59.621, 5 %, 2 %, 15666 MiB, 16384 MiB, 61.87 W, 61
2026/09/17 00:03:00.627, 21 %, 3 %, 15666 MiB, 16384 MiB, 61.98 W, 60
2026/09/17 00:03:01.630, 1 %, 2 %, 15666 MiB, 16384 MiB, 62.33 W, 60
2026/09/17 00:03:02.632, 41 %, 3 %, 15666 MiB, 16384 MiB, 62.12 W, 60
2026/09/17 00:03:03.636, 85 %, 5 %, 15666 MiB, 16384 MiB, 62.04 W, 60
2026/09/17 00:03:04.639, 100 %, 5 %, 15666 MiB, 16384 MiB, 62.81 W, 60
2026/09/17 00:03:05.643, 63 %, 9 %, 15666 MiB, 16384 MiB, 64.83 W, 60
2026/09/17 00:03:06.646, 7 %, 7 %, 15666 MiB, 16384 MiB, 62.45 W, 60
2026/09/17 00:03:07.649, 1 %, 3 %, 15666 MiB, 16384 MiB, 75.79 W, 60
2026/09/17 00:03:08.653, 1 %, 2 %, 15666 MiB, 16384 MiB, 74.36 W, 60
2026/09/17 00:03:09.656, 14 %, 3 %, 15666 MiB, 16384 MiB, 63.01 W, 60
2026/09/17 00:03:10.660, 29 %, 3 %, 15666 MiB, 16384 MiB, 62.02 W, 60
2026/09/17 00:03:11.664, 42 %, 4 %, 15666 MiB, 16384 MiB, 62.10 W, 60
2026/09/17 00:03:12.668, 1 %, 2 %, 15666 MiB, 16384 MiB, 62.18 W, 60
2026/09/17 00:03:13.671, 81 %, 5 %, 15666 MiB, 16384 MiB, 61.88 W, 60
2026/09/17 00:03:14.675, 97 %, 10 %, 15666 MiB, 16384 MiB, 62.24 W, 60
2026/09/17 00:03:15.679, 37 %, 8 %, 15666 MiB, 16384 MiB, 64.23 W, 60
2026/09/17 00:03:16.683, 2 %, 3 %, 15666 MiB, 16384 MiB, 74.13 W, 60
2026/09/17 00:03:17.686, 1 %, 2 %, 15666 MiB, 16384 MiB, 65.11 W, 60
2026/09/17 00:03:18.690, 28 %, 3 %, 15666 MiB, 16384 MiB, 61.91 W, 60
2026/09/17 00:03:19.693, 40 %, 3 %, 15666 MiB, 16384 MiB, 61.87 W, 60
2026/09/17 00:03:20.697, 54 %, 4 %, 15666 MiB, 16384 MiB, 61.75 W, 59
2026/09/17 00:03:21.700, 68 %, 5 %, 15666 MiB, 16384 MiB, 61.75 W, 59
2026/09/17 00:03:22.704, 87 %, 5 %, 15666 MiB, 16384 MiB, 61.86 W, 60
2026/09/17 00:03:23.708, 2 %, 3 %, 15666 MiB, 16384 MiB, 61.84 W, 60
2026/09/17 00:03:24.711, 96 %, 10 %, 15666 MiB, 16384 MiB, 62.44 W, 60
2026/09/17 00:03:25.715, 70 %, 9 %, 15666 MiB, 16384 MiB, 63.97 W, 60
2026/09/17 00:03:26.718, 28 %, 8 %, 15666 MiB, 16384 MiB, 63.91 W, 60
2026/09/17 00:03:27.722, 2 %, 3 %, 15666 MiB, 16384 MiB, 74.31 W, 60
2026/09/17 00:03:28.725, 10 %, 3 %, 15666 MiB, 16384 MiB, 63.22 W, 60
2026/09/17 00:03:29.729, 44 %, 4 %, 15666 MiB, 16384 MiB, 63.23 W, 59
2026/09/17 00:03:30.733, 71 %, 4 %, 15666 MiB, 16384 MiB, 61.68 W, 59
2026/09/17 00:03:31.736, 86 %, 5 %, 15666 MiB, 16384 MiB, 61.66 W, 59
2026/09/17 00:03:32.740, 100 %, 5 %, 15666 MiB, 16384 MiB, 62.02 W, 59
2026/09/17 00:03:33.743, 96 %, 11 %, 15666 MiB, 16384 MiB, 62.79 W, 59
2026/09/17 00:03:34.747, 7 %, 7 %, 15666 MiB, 16384 MiB, 61.64 W, 59
2026/09/17 00:03:35.750, 53 %, 8 %, 15666 MiB, 16384 MiB, 64.62 W, 59
2026/09/17 00:03:36.754, 20 %, 8 %, 15666 MiB, 16384 MiB, 63.73 W, 59
2026/09/17 00:03:37.757, 2 %, 3 %, 15666 MiB, 16384 MiB, 73.04 W, 59
2026/09/17 00:03:38.761, 2 %, 3 %, 15666 MiB, 16384 MiB, 61.55 W, 59
2026/09/17 00:03:39.764, 52 %, 4 %, 15666 MiB, 16384 MiB, 61.56 W, 59
2026/09/17 00:03:40.768, 100 %, 6 %, 15666 MiB, 16384 MiB, 62.16 W, 59
2026/09/17 00:03:41.771, 95 %, 11 %, 15666 MiB, 16384 MiB, 62.89 W, 59
2026/09/17 00:03:42.775, 80 %, 10 %, 15666 MiB, 16384 MiB, 63.56 W, 59
2026/09/17 00:03:43.778, 67 %, 9 %, 15666 MiB, 16384 MiB, 64.30 W, 59
2026/09/17 00:03:44.781, 51 %, 9 %, 15666 MiB, 16384 MiB, 64.29 W, 59
2026/09/17 00:03:45.784, 7 %, 8 %, 15666 MiB, 16384 MiB, 61.78 W, 59
2026/09/17 00:03:46.788, 25 %, 8 %, 15666 MiB, 16384 MiB, 63.81 W, 59
2026/09/17 00:03:47.791, 1 %, 2 %, 15666 MiB, 16384 MiB, 73.51 W, 59
2026/09/17 00:03:48.794, 1 %, 2 %, 15666 MiB, 16384 MiB, 73.76 W, 59
2026/09/17 00:03:49.798, 8 %, 3 %, 15666 MiB, 16384 MiB, 64.58 W, 59
2026/09/17 00:03:50.801, 57 %, 4 %, 15666 MiB, 16384 MiB, 62.95 W, 59
2026/09/17 00:03:51.805, 95 %, 5 %, 15666 MiB, 16384 MiB, 61.69 W, 59
2026/09/17 00:03:52.808, 98 %, 11 %, 15666 MiB, 16384 MiB, 62.64 W, 59
2026/09/17 00:03:53.811, 84 %, 10 %, 15666 MiB, 16384 MiB, 63.46 W, 59
2026/09/17 00:03:54.814, 68 %, 9 %, 15666 MiB, 16384 MiB, 64.38 W, 59
2026/09/17 00:03:55.818, 52 %, 9 %, 15666 MiB, 16384 MiB, 64.31 W, 59
2026/09/17 00:03:56.820, 6 %, 7 %, 15666 MiB, 16384 MiB, 61.55 W, 59
2026/09/17 00:03:57.823, 9 %, 3 %, 15666 MiB, 16384 MiB, 121.14 W, 61
2026/09/17 00:03:58.825, 100 %, 7 %, 15666 MiB, 16384 MiB, 107.58 W, 61
2026/09/17 00:03:59.828, 100 %, 9 %, 15666 MiB, 16384 MiB, 72.50 W, 60
2026/09/17 00:04:00.830, 90 %, 5 %, 15666 MiB, 16384 MiB, 82.05 W, 61
2026/09/17 00:04:01.832, 90 %, 1 %, 15666 MiB, 16384 MiB, 165.51 W, 62
2026/09/17 00:04:02.835, 100 %, 9 %, 15666 MiB, 16384 MiB, 120.54 W, 62
2026/09/17 00:04:03.838, 100 %, 10 %, 15666 MiB, 16384 MiB, 63.77 W, 60
2026/09/17 00:04:04.840, 51 %, 4 %, 15666 MiB, 16384 MiB, 127.83 W, 62
2026/09/17 00:04:05.842, 100 %, 10 %, 15666 MiB, 16384 MiB, 64.35 W, 61
2026/09/17 00:04:06.845, 76 %, 2 %, 15666 MiB, 16384 MiB, 120.17 W, 62
2026/09/17 00:04:07.848, 100 %, 9 %, 15666 MiB, 16384 MiB, 118.33 W, 64
2026/09/17 00:04:08.850, 100 %, 10 %, 15666 MiB, 16384 MiB, 67.05 W, 61
2026/09/17 00:04:09.852, 83 %, 1 %, 15666 MiB, 16384 MiB, 120.51 W, 66
2026/09/17 00:04:10.856, 100 %, 9 %, 15666 MiB, 16384 MiB, 123.14 W, 63
2026/09/17 00:04:11.863, 100 %, 5 %, 15666 MiB, 16384 MiB, 64.50 W, 62
2026/09/17 00:04:12.866, 100 %, 4 %, 15666 MiB, 16384 MiB, 125.58 W, 63
2026/09/17 00:04:13.869, 100 %, 5 %, 15666 MiB, 16384 MiB, 64.63 W, 62
2026/09/17 00:04:14.871, 92 %, 1 %, 15666 MiB, 16384 MiB, 123.43 W, 65
2026/09/17 00:04:15.874, 100 %, 5 %, 15666 MiB, 16384 MiB, 124.40 W, 64
2026/09/17 00:04:16.878, 100 %, 5 %, 15666 MiB, 16384 MiB, 65.36 W, 62
2026/09/17 00:04:17.881, 70 %, 2 %, 15666 MiB, 16384 MiB, 123.20 W, 64
2026/09/17 00:04:18.884, 100 %, 8 %, 15666 MiB, 16384 MiB, 119.22 W, 64
2026/09/17 00:04:19.886, 22 %, 8 %, 15666 MiB, 16384 MiB, 63.99 W, 63
2026/09/17 00:04:20.888, 100 %, 8 %, 15666 MiB, 16384 MiB, 119.58 W, 65
2026/09/17 00:04:21.891, 100 %, 10 %, 15666 MiB, 16384 MiB, 64.19 W, 63
2026/09/17 00:04:22.893, 74 %, 2 %, 15666 MiB, 16384 MiB, 122.09 W, 65
2026/09/17 00:04:23.896, 100 %, 9 %, 15666 MiB, 16384 MiB, 122.09 W, 65
2026/09/17 00:04:24.898, 100 %, 10 %, 15666 MiB, 16384 MiB, 65.66 W, 64
2026/09/17 00:04:25.900, 77 %, 1 %, 15666 MiB, 16384 MiB, 122.15 W, 65
2026/09/17 00:04:26.903, 100 %, 11 %, 15666 MiB, 16384 MiB, 124.00 W, 65
2026/09/17 00:04:27.905, 7 %, 5 %, 15666 MiB, 16384 MiB, 64.42 W, 64
2026/09/17 00:04:28.907, 19 %, 3 %, 15666 MiB, 16384 MiB, 64.64 W, 64
2026/09/17 00:04:29.913, 65 %, 4 %, 15666 MiB, 16384 MiB, 66.78 W, 63
2026/09/17 00:04:30.916, 85 %, 9 %, 15666 MiB, 16384 MiB, 68.78 W, 63
2026/09/17 00:04:31.920, 29 %, 8 %, 15666 MiB, 16384 MiB, 76.75 W, 63
2026/09/17 00:04:32.922, 1 %, 2 %, 15666 MiB, 16384 MiB, 63.80 W, 63
2026/09/17 00:04:33.925, 1 %, 2 %, 15666 MiB, 16384 MiB, 64.02 W, 63
2026/09/17 00:04:34.928, 1 %, 2 %, 15666 MiB, 16384 MiB, 64.01 W, 63
2026/09/17 00:04:35.932, 8 %, 2 %, 15666 MiB, 16384 MiB, 64.04 W, 63
2026/09/17 00:04:36.935, 24 %, 3 %, 15666 MiB, 16384 MiB, 64.23 W, 63
2026/09/17 00:04:37.940, 42 %, 3 %, 15666 MiB, 16384 MiB, 64.29 W, 63
2026/09/17 00:04:38.946, 1 %, 2 %, 15666 MiB, 16384 MiB, 64.33 W, 63
2026/09/17 00:04:39.951, 68 %, 4 %, 15666 MiB, 16384 MiB, 64.83 W, 63
2026/09/17 00:04:40.953, 100 %, 6 %, 15666 MiB, 16384 MiB, 66.81 W, 63
2026/09/17 00:04:41.958, 81 %, 9 %, 15666 MiB, 16384 MiB, 66.10 W, 63
2026/09/17 00:04:42.960, 47 %, 8 %, 15666 MiB, 16384 MiB, 77.77 W, 63
2026/09/17 00:04:43.963, 6 %, 7 %, 15666 MiB, 16384 MiB, 75.35 W, 63
2026/09/17 00:04:44.965, 7 %, 8 %, 15666 MiB, 16384 MiB, 76.15 W, 63
2026/09/17 00:04:45.969, 1 %, 2 %, 15666 MiB, 16384 MiB, 63.61 W, 62
2026/09/17 00:04:46.974, 1 %, 3 %, 15666 MiB, 16384 MiB, 64.06 W, 62
2026/09/17 00:04:47.979, 4 %, 2 %, 15666 MiB, 16384 MiB, 64.00 W, 62
2026/09/17 00:04:48.983, 18 %, 3 %, 15666 MiB, 16384 MiB, 63.87 W, 62
2026/09/17 00:04:49.988, 1 %, 2 %, 15666 MiB, 16384 MiB, 64.88 W, 62
2026/09/17 00:04:50.991, 100 %, 33 %, 15666 MiB, 16384 MiB, 242.72 W, 66
2026/09/17 00:04:51.997, 100 %, 44 %, 15666 MiB, 16384 MiB, 233.35 W, 64
2026/09/17 00:04:52.999, 100 %, 28 %, 15666 MiB, 16384 MiB, 117.60 W, 65
2026/09/17 00:04:54.002, 100 %, 46 %, 15666 MiB, 16384 MiB, 114.63 W, 65
2026/09/17 00:04:55.004, 100 %, 36 %, 15666 MiB, 16384 MiB, 123.61 W, 68
2026/09/17 00:04:56.008, 100 %, 3 %, 15666 MiB, 16384 MiB, 236.87 W, 65
2026/09/17 00:04:57.011, 100 %, 25 %, 15666 MiB, 16384 MiB, 120.71 W, 65
2026/09/17 00:04:58.014, 100 %, 44 %, 15666 MiB, 16384 MiB, 63.84 W, 66
2026/09/17 00:04:59.016, 37 %, 36 %, 15666 MiB, 16384 MiB, 122.59 W, 66
2026/09/17 00:05:00.019, 100 %, 41 %, 15666 MiB, 16384 MiB, 118.13 W, 66
2026/09/17 00:05:01.021, 100 %, 21 %, 15666 MiB, 16384 MiB, 155.50 W, 69
2026/09/17 00:05:02.028, 100 %, 6 %, 15666 MiB, 16384 MiB, 215.95 W, 66
2026/09/17 00:05:03.031, 100 %, 47 %, 15666 MiB, 16384 MiB, 62.47 W, 66
2026/09/17 00:05:04.033, 100 %, 45 %, 15666 MiB, 16384 MiB, 94.02 W, 67
2026/09/17 00:05:05.036, 100 %, 7 %, 15666 MiB, 16384 MiB, 123.01 W, 67
2026/09/17 00:05:06.038, 100 %, 5 %, 15666 MiB, 16384 MiB, 123.44 W, 67
2026/09/17 00:05:07.040, 100 %, 0 %, 15666 MiB, 16384 MiB, 237.70 W, 70
2026/09/17 00:05:08.045, 100 %, 25 %, 15666 MiB, 16384 MiB, 137.12 W, 68
2026/09/17 00:05:09.047, 100 %, 44 %, 15666 MiB, 16384 MiB, 65.44 W, 67
2026/09/17 00:05:10.049, 100 %, 12 %, 15666 MiB, 16384 MiB, 66.73 W, 68
2026/09/17 00:05:11.052, 100 %, 6 %, 15666 MiB, 16384 MiB, 135.04 W, 68
2026/09/17 00:05:12.054, 100 %, 3 %, 15666 MiB, 16384 MiB, 123.85 W, 69
2026/09/17 00:05:13.056, 100 %, 3 %, 15666 MiB, 16384 MiB, 161.13 W, 71
2026/09/17 00:05:14.061, 100 %, 41 %, 15666 MiB, 16384 MiB, 247.47 W, 69
2026/09/17 00:05:15.064, 100 %, 43 %, 15666 MiB, 16384 MiB, 118.53 W, 69
2026/09/17 00:05:16.066, 100 %, 13 %, 15666 MiB, 16384 MiB, 123.91 W, 69
2026/09/17 00:05:17.069, 100 %, 9 %, 15666 MiB, 16384 MiB, 191.34 W, 72
2026/09/17 00:05:18.072, 100 %, 3 %, 15666 MiB, 16384 MiB, 124.72 W, 69
2026/09/17 00:05:19.074, 100 %, 9 %, 15666 MiB, 16384 MiB, 196.16 W, 72
2026/09/17 00:05:20.079, 100 %, 46 %, 15666 MiB, 16384 MiB, 182.41 W, 70
2026/09/17 00:05:21.084, 100 %, 40 %, 15666 MiB, 16384 MiB, 115.68 W, 70
2026/09/17 00:05:22.087, 100 %, 4 %, 15666 MiB, 16384 MiB, 125.66 W, 70
2026/09/17 00:05:23.089, 100 %, 26 %, 15666 MiB, 16384 MiB, 225.43 W, 72
2026/09/17 00:05:24.104, 100 %, 44 %, 15666 MiB, 16384 MiB, 109.87 W, 69
2026/09/17 00:05:25.108, 100 %, 25 %, 15666 MiB, 16384 MiB, 66.35 W, 69
2026/09/17 00:05:26.111, 100 %, 6 %, 15666 MiB, 16384 MiB, 123.24 W, 70
2026/09/17 00:05:27.113, 91 %, 5 %, 15666 MiB, 16384 MiB, 127.97 W, 71
2026/09/17 00:05:28.116, 100 %, 3 %, 15666 MiB, 16384 MiB, 129.18 W, 71
2026/09/17 00:05:29.118, 100 %, 38 %, 15666 MiB, 16384 MiB, 137.93 W, 73
2026/09/17 00:05:30.125, 100 %, 43 %, 15666 MiB, 16384 MiB, 218.13 W, 71
2026/09/17 00:05:31.129, 100 %, 5 %, 15666 MiB, 16384 MiB, 64.46 W, 71
2026/09/17 00:05:32.131, 100 %, 46 %, 15666 MiB, 16384 MiB, 121.83 W, 71
2026/09/17 00:05:33.133, 100 %, 5 %, 15666 MiB, 16384 MiB, 124.10 W, 71
2026/09/17 00:05:34.135, 100 %, 6 %, 15666 MiB, 16384 MiB, 129.40 W, 71
2026/09/17 00:05:35.138, 100 %, 2 %, 15666 MiB, 16384 MiB, 128.01 W, 71
2026/09/17 00:05:36.140, 100 %, 10 %, 15666 MiB, 16384 MiB, 129.94 W, 72
2026/09/17 00:05:37.143, 100 %, 2 %, 15666 MiB, 16384 MiB, 128.88 W, 74
2026/09/17 00:05:38.145, 100 %, 6 %, 15666 MiB, 16384 MiB, 194.65 W, 71
2026/09/17 00:05:39.148, 100 %, 26 %, 15666 MiB, 16384 MiB, 147.00 W, 72
2026/09/17 00:05:40.150, 100 %, 31 %, 15666 MiB, 16384 MiB, 136.91 W, 72
2026/09/17 00:05:41.153, 100 %, 19 %, 15666 MiB, 16384 MiB, 130.85 W, 72
2026/09/17 00:05:42.155, 100 %, 3 %, 15666 MiB, 16384 MiB, 128.70 W, 72
2026/09/17 00:05:43.157, 100 %, 7 %, 15666 MiB, 16384 MiB, 131.71 W, 72
2026/09/17 00:05:44.160, 100 %, 6 %, 15666 MiB, 16384 MiB, 129.18 W, 74
2026/09/17 00:05:45.162, 100 %, 1 %, 15666 MiB, 16384 MiB, 149.35 W, 75
2026/09/17 00:05:46.165, 100 %, 33 %, 15666 MiB, 16384 MiB, 72.41 W, 71
2026/09/17 00:05:47.168, 100 %, 47 %, 15666 MiB, 16384 MiB, 116.86 W, 72
2026/09/17 00:05:48.174, 100 %, 6 %, 15666 MiB, 16384 MiB, 125.37 W, 72
2026/09/17 00:05:49.176, 100 %, 10 %, 15666 MiB, 16384 MiB, 132.96 W, 72
2026/09/17 00:05:50.178, 100 %, 0 %, 15666 MiB, 16384 MiB, 127.30 W, 72
2026/09/17 00:05:51.181, 100 %, 7 %, 15666 MiB, 16384 MiB, 129.40 W, 72
2026/09/17 00:05:52.183, 100 %, 0 %, 15666 MiB, 16384 MiB, 128.29 W, 72
2026/09/17 00:05:53.185, 100 %, 1 %, 15666 MiB, 16384 MiB, 241.00 W, 74
2026/09/17 00:05:54.193, 100 %, 7 %, 15666 MiB, 16384 MiB, 189.52 W, 73
2026/09/17 00:05:55.198, 100 %, 45 %, 15666 MiB, 16384 MiB, 122.31 W, 72
2026/09/17 00:05:56.201, 100 %, 37 %, 15666 MiB, 16384 MiB, 129.81 W, 73
2026/09/17 00:05:57.203, 100 %, 3 %, 15666 MiB, 16384 MiB, 125.79 W, 73
2026/09/17 00:05:58.205, 100 %, 9 %, 15666 MiB, 16384 MiB, 132.95 W, 73
2026/09/17 00:05:59.208, 100 %, 3 %, 15666 MiB, 16384 MiB, 130.44 W, 73
2026/09/17 00:06:00.211, 100 %, 4 %, 15666 MiB, 16384 MiB, 128.16 W, 73
2026/09/17 00:06:01.214, 100 %, 4 %, 15666 MiB, 16384 MiB, 168.47 W, 75
2026/09/17 00:06:02.217, 100 %, 35 %, 15666 MiB, 16384 MiB, 245.79 W, 73
2026/09/17 00:06:03.219, 100 %, 21 %, 15666 MiB, 16384 MiB, 104.04 W, 73
2026/09/17 00:06:04.222, 100 %, 8 %, 15666 MiB, 16384 MiB, 127.69 W, 73
2026/09/17 00:06:05.224, 100 %, 2 %, 15666 MiB, 16384 MiB, 127.63 W, 73
2026/09/17 00:06:06.226, 100 %, 10 %, 15666 MiB, 16384 MiB, 133.88 W, 73
2026/09/17 00:06:07.230, 100 %, 1 %, 15666 MiB, 16384 MiB, 128.02 W, 73
2026/09/17 00:06:08.233, 100 %, 3 %, 15666 MiB, 16384 MiB, 128.41 W, 76
2026/09/17 00:06:09.235, 100 %, 0 %, 15666 MiB, 16384 MiB, 128.66 W, 75
2026/09/17 00:06:10.239, 100 %, 40 %, 15666 MiB, 16384 MiB, 98.57 W, 72
2026/09/17 00:06:11.241, 100 %, 47 %, 15666 MiB, 16384 MiB, 108.94 W, 73
2026/09/17 00:06:12.246, 100 %, 5 %, 15666 MiB, 16384 MiB, 125.84 W, 73
2026/09/17 00:06:13.249, 100 %, 8 %, 15666 MiB, 16384 MiB, 131.84 W, 73
2026/09/17 00:06:14.251, 100 %, 0 %, 15666 MiB, 16384 MiB, 127.86 W, 73
2026/09/17 00:06:15.254, 100 %, 8 %, 15666 MiB, 16384 MiB, 132.71 W, 73
2026/09/17 00:06:16.256, 100 %, 1 %, 15666 MiB, 16384 MiB, 129.42 W, 73
2026/09/17 00:06:17.259, 100 %, 16 %, 15666 MiB, 16384 MiB, 229.00 W, 74
2026/09/17 00:06:18.263, 100 %, 41 %, 15666 MiB, 16384 MiB, 253.00 W, 73
2026/09/17 00:06:19.267, 100 %, 24 %, 15666 MiB, 16384 MiB, 125.78 W, 73
2026/09/17 00:06:20.271, 100 %, 3 %, 15666 MiB, 16384 MiB, 125.64 W, 73
2026/09/17 00:06:21.273, 100 %, 7 %, 15666 MiB, 16384 MiB, 131.34 W, 73
2026/09/17 00:06:22.275, 100 %, 4 %, 15666 MiB, 16384 MiB, 131.23 W, 73
2026/09/17 00:06:23.278, 100 %, 4 %, 15666 MiB, 16384 MiB, 129.81 W, 73
2026/09/17 00:06:24.280, 100 %, 1 %, 15666 MiB, 16384 MiB, 129.57 W, 73
2026/09/17 00:06:25.282, 100 %, 43 %, 15666 MiB, 16384 MiB, 160.20 W, 72
2026/09/17 00:06:26.285, 100 %, 46 %, 15666 MiB, 16384 MiB, 135.28 W, 73
2026/09/17 00:06:27.287, 100 %, 5 %, 15666 MiB, 16384 MiB, 125.30 W, 73
2026/09/17 00:06:28.289, 100 %, 7 %, 15666 MiB, 16384 MiB, 131.43 W, 73
2026/09/17 00:06:29.292, 100 %, 4 %, 15666 MiB, 16384 MiB, 130.22 W, 73
2026/09/17 00:06:30.294, 100 %, 7 %, 15666 MiB, 16384 MiB, 132.87 W, 73
2026/09/17 00:06:31.297, 100 %, 1 %, 15666 MiB, 16384 MiB, 129.01 W, 73
2026/09/17 00:06:32.299, 100 %, 1 %, 15666 MiB, 16384 MiB, 173.67 W, 77
2026/09/17 00:06:33.302, 100 %, 19 %, 15666 MiB, 16384 MiB, 227.37 W, 75
2026/09/17 00:06:34.308, 100 %, 36 %, 15666 MiB, 16384 MiB, 76.10 W, 73
2026/09/17 00:06:35.310, 100 %, 22 %, 15666 MiB, 16384 MiB, 129.99 W, 74
2026/09/17 00:06:36.312, 100 %, 2 %, 15666 MiB, 16384 MiB, 125.99 W, 73
2026/09/17 00:06:37.316, 100 %, 6 %, 15666 MiB, 16384 MiB, 132.12 W, 74
2026/09/17 00:06:38.318, 100 %, 5 %, 15666 MiB, 16384 MiB, 134.28 W, 74
2026/09/17 00:06:39.321, 100 %, 6 %, 15666 MiB, 16384 MiB, 70.85 W, 72
2026/09/17 00:06:40.323, 76 %, 4 %, 15666 MiB, 16384 MiB, 95.78 W, 73
2026/09/17 00:06:41.326, 100 %, 6 %, 15666 MiB, 16384 MiB, 120.97 W, 74
2026/09/17 00:06:42.329, 100 %, 12 %, 15666 MiB, 16384 MiB, 68.98 W, 71
2026/09/17 00:06:43.331, 35 %, 4 %, 15666 MiB, 16384 MiB, 126.52 W, 74
2026/09/17 00:06:44.334, 100 %, 8 %, 15666 MiB, 16384 MiB, 154.57 W, 72
2026/09/17 00:06:45.336, 10 %, 6 %, 15666 MiB, 16384 MiB, 66.91 W, 72
2026/09/17 00:06:46.339, 100 %, 10 %, 15666 MiB, 16384 MiB, 100.68 W, 71
2026/09/17 00:06:47.344, 78 %, 5 %, 15666 MiB, 16384 MiB, 116.01 W, 72
2026/09/17 00:06:48.346, 100 %, 8 %, 15666 MiB, 16384 MiB, 130.15 W, 72
2026/09/17 00:06:49.349, 100 %, 10 %, 15666 MiB, 16384 MiB, 69.07 W, 71
2026/09/17 00:06:50.351, 68 %, 2 %, 15666 MiB, 16384 MiB, 162.22 W, 72
2026/09/17 00:06:51.353, 100 %, 11 %, 15666 MiB, 16384 MiB, 69.37 W, 71
2026/09/17 00:06:52.356, 57 %, 4 %, 15666 MiB, 16384 MiB, 125.25 W, 74
2026/09/17 00:06:53.358, 100 %, 11 %, 15666 MiB, 16384 MiB, 68.46 W, 70
2026/09/17 00:06:54.360, 55 %, 2 %, 15666 MiB, 16384 MiB, 167.84 W, 72
2026/09/17 00:06:55.365, 100 %, 11 %, 15666 MiB, 16384 MiB, 66.82 W, 70
2026/09/17 00:06:56.370, 67 %, 4 %, 15666 MiB, 16384 MiB, 124.85 W, 72
2026/09/17 00:06:57.374, 100 %, 7 %, 15666 MiB, 16384 MiB, 126.28 W, 74
2026/09/17 00:06:58.377, 100 %, 11 %, 15666 MiB, 16384 MiB, 69.07 W, 70
2026/09/17 00:06:59.379, 48 %, 3 %, 15666 MiB, 16384 MiB, 176.31 W, 72
2026/09/17 00:07:00.381, 100 %, 11 %, 15666 MiB, 16384 MiB, 67.25 W, 70
2026/09/17 00:07:01.384, 66 %, 2 %, 15666 MiB, 16384 MiB, 162.91 W, 71
2026/09/17 00:07:02.388, 100 %, 11 %, 15666 MiB, 16384 MiB, 130.82 W, 70
2026/09/17 00:07:03.390, 56 %, 4 %, 15666 MiB, 16384 MiB, 102.28 W, 71
2026/09/17 00:07:04.393, 100 %, 11 %, 15666 MiB, 16384 MiB, 124.80 W, 71
2026/09/17 00:07:05.395, 96 %, 5 %, 15666 MiB, 16384 MiB, 68.27 W, 70
2026/09/17 00:07:06.398, 100 %, 7 %, 15666 MiB, 16384 MiB, 168.72 W, 71
2026/09/17 00:07:07.400, 46 %, 9 %, 15666 MiB, 16384 MiB, 65.74 W, 70
2026/09/17 00:07:08.404, 86 %, 5 %, 15666 MiB, 16384 MiB, 69.12 W, 69
2026/09/17 00:07:09.408, 93 %, 10 %, 15666 MiB, 16384 MiB, 69.90 W, 69
2026/09/17 00:07:10.411, 38 %, 8 %, 15666 MiB, 16384 MiB, 80.09 W, 69
2026/09/17 00:07:11.414, 2 %, 3 %, 15666 MiB, 16384 MiB, 79.76 W, 68
2026/09/17 00:07:12.417, 1 %, 2 %, 15666 MiB, 16384 MiB, 68.11 W, 68
2026/09/17 00:07:13.419, 33 %, 3 %, 15666 MiB, 16384 MiB, 66.61 W, 68
2026/09/17 00:07:14.421, 47 %, 4 %, 15666 MiB, 16384 MiB, 66.42 W, 68
2026/09/17 00:07:15.424, 64 %, 4 %, 15666 MiB, 16384 MiB, 66.58 W, 67
2026/09/17 00:07:16.426, 81 %, 5 %, 15666 MiB, 16384 MiB, 67.43 W, 67
2026/09/17 00:07:17.429, 97 %, 5 %, 15666 MiB, 16384 MiB, 67.84 W, 67
2026/09/17 00:07:18.431, 6 %, 7 %, 15666 MiB, 16384 MiB, 66.46 W, 67
2026/09/17 00:07:19.433, 86 %, 10 %, 15666 MiB, 16384 MiB, 68.01 W, 67
2026/09/17 00:07:20.436, 66 %, 9 %, 15666 MiB, 16384 MiB, 67.94 W, 67
2026/09/17 00:07:21.438, 45 %, 8 %, 15666 MiB, 16384 MiB, 67.25 W, 66
2026/09/17 00:07:22.441, 13 %, 8 %, 15666 MiB, 16384 MiB, 78.87 W, 66
2026/09/17 00:07:23.443, 1 %, 2 %, 15666 MiB, 16384 MiB, 64.90 W, 66
2026/09/17 00:07:24.446, 12 %, 3 %, 15666 MiB, 16384 MiB, 65.59 W, 66
2026/09/17 00:07:25.448, 37 %, 3 %, 15666 MiB, 16384 MiB, 65.22 W, 66
2026/09/17 00:07:26.451, 55 %, 4 %, 15666 MiB, 16384 MiB, 65.63 W, 66
2026/09/17 00:07:27.454, 73 %, 5 %, 15666 MiB, 16384 MiB, 65.61 W, 65
2026/09/17 00:07:28.458, 88 %, 5 %, 15666 MiB, 16384 MiB, 67.81 W, 65
2026/09/17 00:07:29.462, 2 %, 3 %, 15666 MiB, 16384 MiB, 66.14 W, 65
2026/09/17 00:07:30.466, 83 %, 9 %, 15666 MiB, 16384 MiB, 67.42 W, 65
2026/09/17 00:07:31.471, 39 %, 8 %, 15666 MiB, 16384 MiB, 75.57 W, 65
2026/09/17 00:07:32.479, 1 %, 2 %, 15666 MiB, 16384 MiB, 78.88 W, 65
2026/09/17 00:07:33.482, 2 %, 3 %, 15666 MiB, 16384 MiB, 66.03 W, 64
2026/09/17 00:07:34.486, 30 %, 3 %, 15666 MiB, 16384 MiB, 64.50 W, 64
2026/09/17 00:07:35.490, 83 %, 5 %, 15666 MiB, 16384 MiB, 65.40 W, 64
2026/09/17 00:07:36.493, 94 %, 5 %, 15666 MiB, 16384 MiB, 65.55 W, 64
2026/09/17 00:07:37.496, 100 %, 6 %, 15666 MiB, 16384 MiB, 66.49 W, 64
2026/09/17 00:07:38.499, 92 %, 10 %, 15666 MiB, 16384 MiB, 66.81 W, 64
2026/09/17 00:07:39.502, 74 %, 10 %, 15666 MiB, 16384 MiB, 66.59 W, 64
2026/09/17 00:07:40.505, 8 %, 8 %, 15666 MiB, 16384 MiB, 63.90 W, 64
2026/09/17 00:07:41.508, 43 %, 8 %, 15666 MiB, 16384 MiB, 65.14 W, 63
2026/09/17 00:07:42.510, 11 %, 8 %, 15666 MiB, 16384 MiB, 77.21 W, 63
2026/09/17 00:07:43.513, 1 %, 2 %, 15666 MiB, 16384 MiB, 61.80 W, 63
2026/09/17 00:07:44.515, 13 %, 3 %, 15666 MiB, 16384 MiB, 62.29 W, 63
2026/09/17 00:07:45.518, 54 %, 4 %, 15666 MiB, 16384 MiB, 61.79 W, 63
2026/09/17 00:07:46.520, 80 %, 5 %, 15666 MiB, 16384 MiB, 62.56 W, 63
2026/09/17 00:07:47.523, 100 %, 5 %, 15666 MiB, 16384 MiB, 63.72 W, 63
2026/09/17 00:07:48.525, 100 %, 10 %, 15666 MiB, 16384 MiB, 65.92 W, 63
2026/09/17 00:07:49.528, 53 %, 8 %, 15666 MiB, 16384 MiB, 65.89 W, 62
2026/09/17 00:07:50.530, 36 %, 8 %, 15666 MiB, 16384 MiB, 75.97 W, 62
2026/09/17 00:07:51.533, 8 %, 8 %, 15666 MiB, 16384 MiB, 74.62 W, 62
2026/09/17 00:07:52.535, 1 %, 2 %, 15666 MiB, 16384 MiB, 70.92 W, 62
2026/09/17 00:07:53.538, 1 %, 2 %, 15666 MiB, 16384 MiB, 62.79 W, 62
2026/09/17 00:07:54.540, 38 %, 4 %, 15666 MiB, 16384 MiB, 61.73 W, 62
2026/09/17 00:07:55.544, 81 %, 5 %, 15666 MiB, 16384 MiB, 62.53 W, 62
2026/09/17 00:07:56.547, 73 %, 9 %, 15666 MiB, 16384 MiB, 63.94 W, 62
2026/09/17 00:07:57.551, 28 %, 6 %, 15666 MiB, 16384 MiB, 70.15 W, 62
2026/09/17 00:07:58.554, 17 %, 8 %, 15666 MiB, 16384 MiB, 75.10 W, 62
2026/09/17 00:07:59.558, 1 %, 2 %, 15666 MiB, 16384 MiB, 73.75 W, 62
2026/09/17 00:08:00.561, 1 %, 2 %, 15666 MiB, 16384 MiB, 60.69 W, 62
2026/09/17 00:08:01.565, 1 %, 2 %, 15666 MiB, 16384 MiB, 61.22 W, 62
2026/09/17 00:08:02.568, 13 %, 3 %, 15666 MiB, 16384 MiB, 61.22 W, 61
2026/09/17 00:08:03.572, 30 %, 3 %, 15666 MiB, 16384 MiB, 61.11 W, 61
2026/09/17 00:08:04.575, 49 %, 4 %, 15666 MiB, 16384 MiB, 61.20 W, 61
2026/09/17 00:08:05.579, 73 %, 5 %, 15666 MiB, 16384 MiB, 61.50 W, 61
2026/09/17 00:08:06.582, 100 %, 10 %, 15666 MiB, 16384 MiB, 63.03 W, 61
2026/09/17 00:08:07.585, 64 %, 9 %, 15666 MiB, 16384 MiB, 63.11 W, 61
2026/09/17 00:08:08.589, 35 %, 6 %, 15666 MiB, 16384 MiB, 67.08 W, 61
2026/09/17 00:08:09.592, 15 %, 8 %, 15666 MiB, 16384 MiB, 75.16 W, 61
2026/09/17 00:08:10.596, 1 %, 2 %, 15666 MiB, 16384 MiB, 74.73 W, 61
2026/09/17 00:08:11.599, 1 %, 2 %, 15666 MiB, 16384 MiB, 60.11 W, 61
2026/09/17 00:08:12.603, 1 %, 2 %, 15666 MiB, 16384 MiB, 61.77 W, 61
2026/09/17 00:08:13.606, 18 %, 3 %, 15666 MiB, 16384 MiB, 62.15 W, 60
2026/09/17 00:08:14.609, 34 %, 3 %, 15666 MiB, 16384 MiB, 60.81 W, 60
2026/09/17 00:08:15.613, 57 %, 4 %, 15666 MiB, 16384 MiB, 60.89 W, 60
2026/09/17 00:08:16.616, 99 %, 10 %, 15666 MiB, 16384 MiB, 63.36 W, 60
2026/09/17 00:08:17.619, 62 %, 8 %, 15666 MiB, 16384 MiB, 62.86 W, 60
2026/09/17 00:08:18.623, 1 %, 2 %, 15666 MiB, 16384 MiB, 72.38 W, 60
2026/09/17 00:08:19.626, 1 %, 2 %, 15666 MiB, 16384 MiB, 60.58 W, 60
2026/09/17 00:08:20.630, 6 %, 2 %, 15666 MiB, 16384 MiB, 60.75 W, 60
2026/09/17 00:08:21.633, 72 %, 4 %, 15666 MiB, 16384 MiB, 60.95 W, 60
2026/09/17 00:08:22.636, 93 %, 5 %, 15666 MiB, 16384 MiB, 61.74 W, 60
2026/09/17 00:08:23.639, 100 %, 10 %, 15666 MiB, 16384 MiB, 62.90 W, 60
2026/09/17 00:08:24.643, 81 %, 10 %, 15666 MiB, 16384 MiB, 63.11 W, 60
2026/09/17 00:08:25.646, 61 %, 6 %, 15666 MiB, 16384 MiB, 63.15 W, 60
2026/09/17 00:08:26.649, 50 %, 8 %, 15666 MiB, 16384 MiB, 62.88 W, 60
2026/09/17 00:08:27.652, 27 %, 8 %, 15666 MiB, 16384 MiB, 73.94 W, 60
2026/09/17 00:08:28.655, 1 %, 2 %, 15666 MiB, 16384 MiB, 72.54 W, 60
2026/09/17 00:08:29.658, 2 %, 3 %, 15666 MiB, 16384 MiB, 61.77 W, 60
2026/09/17 00:08:30.661, 2 %, 3 %, 15666 MiB, 16384 MiB, 62.19 W, 60
2026/09/17 00:08:31.664, 61 %, 4 %, 15666 MiB, 16384 MiB, 60.65 W, 60
2026/09/17 00:08:32.667, 81 %, 5 %, 15666 MiB, 16384 MiB, 61.15 W, 60
2026/09/17 00:08:33.671, 98 %, 5 %, 15666 MiB, 16384 MiB, 63.00 W, 60
2026/09/17 00:08:34.674, 87 %, 10 %, 15666 MiB, 16384 MiB, 63.99 W, 60
2026/09/17 00:08:35.677, 64 %, 9 %, 15666 MiB, 16384 MiB, 62.82 W, 60
2026/09/17 00:08:36.680, 40 %, 9 %, 15666 MiB, 16384 MiB, 61.93 W, 60
2026/09/17 00:08:37.683, 11 %, 7 %, 15666 MiB, 16384 MiB, 72.48 W, 60
2026/09/17 00:08:38.686, 1 %, 2 %, 15666 MiB, 16384 MiB, 60.40 W, 60
2026/09/17 00:08:39.689, 24 %, 3 %, 15666 MiB, 16384 MiB, 60.10 W, 59
2026/09/17 00:08:40.692, 79 %, 5 %, 15666 MiB, 16384 MiB, 60.64 W, 59
2026/09/17 00:08:41.695, 7 %, 7 %, 15666 MiB, 16384 MiB, 60.18 W, 59
2026/09/17 00:08:42.699, 68 %, 9 %, 15666 MiB, 16384 MiB, 62.30 W, 59
2026/09/17 00:08:43.701, 51 %, 9 %, 15666 MiB, 16384 MiB, 62.38 W, 59
2026/09/17 00:08:44.704, 37 %, 8 %, 15666 MiB, 16384 MiB, 62.80 W, 59
2026/09/17 00:08:45.706, 21 %, 8 %, 15666 MiB, 16384 MiB, 73.70 W, 59
2026/09/17 00:08:46.709, 4 %, 5 %, 15666 MiB, 16384 MiB, 72.47 W, 59
2026/09/17 00:08:47.711, 1 %, 2 %, 15666 MiB, 16384 MiB, 65.68 W, 59
2026/09/17 00:08:48.714, 1 %, 2 %, 15666 MiB, 16384 MiB, 59.87 W, 60
2026/09/17 00:08:49.716, 18 %, 3 %, 15666 MiB, 16384 MiB, 59.97 W, 59
2026/09/17 00:08:50.718, 52 %, 4 %, 15666 MiB, 16384 MiB, 61.09 W, 59
2026/09/17 00:08:51.721, 84 %, 5 %, 15666 MiB, 16384 MiB, 62.00 W, 59
2026/09/17 00:08:52.723, 1 %, 2 %, 15666 MiB, 16384 MiB, 60.24 W, 59
2026/09/17 00:08:53.725, 67 %, 9 %, 15666 MiB, 16384 MiB, 63.91 W, 59
2026/09/17 00:08:54.728, 48 %, 9 %, 15666 MiB, 16384 MiB, 63.67 W, 59
2026/09/17 00:08:55.730, 30 %, 8 %, 15666 MiB, 16384 MiB, 74.46 W, 59
2026/09/17 00:08:56.733, 13 %, 8 %, 15666 MiB, 16384 MiB, 73.07 W, 59
2026/09/17 00:08:57.736, 1 %, 2 %, 15666 MiB, 16384 MiB, 71.64 W, 59
2026/09/17 00:08:58.739, 1 %, 2 %, 15666 MiB, 16384 MiB, 59.43 W, 59
2026/09/17 00:08:59.742, 7 %, 3 %, 15666 MiB, 16384 MiB, 59.78 W, 59
2026/09/17 00:09:00.746, 49 %, 4 %, 15666 MiB, 16384 MiB, 59.69 W, 59
2026/09/17 00:09:01.749, 92 %, 5 %, 15666 MiB, 16384 MiB, 60.63 W, 59
2026/09/17 00:09:02.752, 62 %, 9 %, 15666 MiB, 16384 MiB, 62.08 W, 59
2026/09/17 00:09:03.755, 7 %, 7 %, 15666 MiB, 16384 MiB, 70.99 W, 59
2026/09/17 00:09:04.759, 1 %, 2 %, 15666 MiB, 16384 MiB, 72.17 W, 59
2026/09/17 00:09:05.762, 1 %, 2 %, 15666 MiB, 16384 MiB, 63.27 W, 59
2026/09/17 00:09:06.766, 1 %, 2 %, 15666 MiB, 16384 MiB, 59.64 W, 59
2026/09/17 00:09:07.769, 12 %, 3 %, 15666 MiB, 16384 MiB, 59.79 W, 59
2026/09/17 00:09:08.773, 28 %, 3 %, 15666 MiB, 16384 MiB, 59.78 W, 59
2026/09/17 00:09:09.777, 1 %, 2 %, 15666 MiB, 16384 MiB, 59.65 W, 59
2026/09/17 00:09:10.780, 67 %, 4 %, 15666 MiB, 16384 MiB, 59.94 W, 59
2026/09/17 00:09:11.783, 100 %, 5 %, 15666 MiB, 16384 MiB, 62.21 W, 59
2026/09/17 00:09:12.787, 72 %, 9 %, 15666 MiB, 16384 MiB, 63.41 W, 59
2026/09/17 00:09:13.789, 27 %, 8 %, 15666 MiB, 16384 MiB, 73.12 W, 59
2026/09/17 00:09:14.792, 1 %, 2 %, 15666 MiB, 16384 MiB, 67.08 W, 59
2026/09/17 00:09:15.794, 1 %, 3 %, 15666 MiB, 16384 MiB, 60.48 W, 59
2026/09/17 00:09:16.797, 22 %, 3 %, 15666 MiB, 16384 MiB, 59.50 W, 59
2026/09/17 00:09:17.802, 40 %, 3 %, 15666 MiB, 16384 MiB, 59.94 W, 59
2026/09/17 00:09:18.805, 54 %, 4 %, 15666 MiB, 16384 MiB, 59.59 W, 59
2026/09/17 00:09:19.807, 72 %, 5 %, 15666 MiB, 16384 MiB, 59.71 W, 59
2026/09/17 00:09:20.810, 1 %, 2 %, 15666 MiB, 16384 MiB, 59.68 W, 59
2026/09/17 00:09:21.812, 100 %, 7 %, 15666 MiB, 16384 MiB, 60.92 W, 59
2026/09/17 00:09:22.814, 58 %, 8 %, 15666 MiB, 16384 MiB, 61.25 W, 59
2026/09/17 00:09:23.817, 1 %, 2 %, 15666 MiB, 16384 MiB, 69.80 W, 59
2026/09/17 00:09:24.819, 2 %, 3 %, 15666 MiB, 16384 MiB, 59.72 W, 59
2026/09/17 00:09:25.822, 20 %, 3 %, 15666 MiB, 16384 MiB, 59.73 W, 59
2026/09/17 00:09:26.825, 72 %, 4 %, 15666 MiB, 16384 MiB, 59.65 W, 59
2026/09/17 00:09:27.827, 85 %, 5 %, 15666 MiB, 16384 MiB, 60.17 W, 59
2026/09/17 00:09:28.830, 100 %, 5 %, 15666 MiB, 16384 MiB, 61.35 W, 59
2026/09/17 00:09:29.832, 99 %, 11 %, 15666 MiB, 16384 MiB, 62.09 W, 59
2026/09/17 00:09:30.835, 83 %, 10 %, 15666 MiB, 16384 MiB, 62.10 W, 59
2026/09/17 00:09:31.837, 7 %, 8 %, 15666 MiB, 16384 MiB, 59.76 W, 59
2026/09/17 00:09:32.841, 45 %, 8 %, 15666 MiB, 16384 MiB, 62.58 W, 59
2026/09/17 00:09:33.844, 16 %, 8 %, 15666 MiB, 16384 MiB, 71.46 W, 59
2026/09/17 00:09:34.848, 1 %, 2 %, 15666 MiB, 16384 MiB, 71.17 W, 59
2026/09/17 00:09:35.852, 2 %, 3 %, 15666 MiB, 16384 MiB, 61.73 W, 58
2026/09/17 00:09:36.854, 31 %, 3 %, 15666 MiB, 16384 MiB, 59.61 W, 59
2026/09/17 00:09:37.857, 47 %, 4 %, 15666 MiB, 16384 MiB, 59.76 W, 59
2026/09/17 00:09:38.859, 69 %, 4 %, 15666 MiB, 16384 MiB, 59.58 W, 58
2026/09/17 00:09:39.861, 83 %, 5 %, 15666 MiB, 16384 MiB, 60.54 W, 58
2026/09/17 00:09:40.864, 98 %, 5 %, 15666 MiB, 16384 MiB, 61.02 W, 59
2026/09/17 00:09:41.866, 100 %, 11 %, 15666 MiB, 16384 MiB, 61.73 W, 58
2026/09/17 00:09:42.869, 6 %, 7 %, 15666 MiB, 16384 MiB, 59.81 W, 59
2026/09/17 00:09:43.871, 61 %, 3 %, 15666 MiB, 16384 MiB, 116.47 W, 60
2026/09/17 00:09:44.874, 100 %, 0 %, 15666 MiB, 16384 MiB, 167.28 W, 64
2026/09/17 00:09:45.877, 100 %, 36 %, 15666 MiB, 16384 MiB, 194.60 W, 62
2026/09/17 00:09:46.879, 100 %, 44 %, 15666 MiB, 16384 MiB, 108.32 W, 62
2026/09/17 00:09:47.882, 100 %, 15 %, 15666 MiB, 16384 MiB, 118.72 W, 62
2026/09/17 00:09:48.884, 100 %, 11 %, 15666 MiB, 16384 MiB, 237.61 W, 65
2026/09/17 00:09:49.887, 100 %, 42 %, 15666 MiB, 16384 MiB, 222.58 W, 62
2026/09/17 00:09:50.892, 100 %, 39 %, 15666 MiB, 16384 MiB, 100.28 W, 61
2026/09/17 00:09:51.897, 21 %, 5 %, 15666 MiB, 16384 MiB, 62.61 W, 63
2026/09/17 00:09:52.899, 100 %, 26 %, 15666 MiB, 16384 MiB, 112.19 W, 63
2026/09/17 00:09:53.902, 100 %, 4 %, 15666 MiB, 16384 MiB, 119.87 W, 67
2026/09/17 00:09:54.906, 100 %, 41 %, 15666 MiB, 16384 MiB, 219.58 W, 64
2026/09/17 00:09:55.910, 100 %, 42 %, 15666 MiB, 16384 MiB, 115.62 W, 63
2026/09/17 00:09:56.913, 100 %, 7 %, 15666 MiB, 16384 MiB, 63.82 W, 64
2026/09/17 00:09:57.915, 100 %, 4 %, 15666 MiB, 16384 MiB, 121.67 W, 64
2026/09/17 00:09:58.918, 100 %, 0 %, 15666 MiB, 16384 MiB, 116.77 W, 64
2026/09/17 00:09:59.920, 100 %, 4 %, 15666 MiB, 16384 MiB, 176.60 W, 67
2026/09/17 00:10:00.923, 100 %, 0 %, 15666 MiB, 16384 MiB, 175.22 W, 65
2026/09/17 00:10:01.926, 100 %, 46 %, 15666 MiB, 16384 MiB, 64.08 W, 65
2026/09/17 00:10:02.928, 100 %, 39 %, 15666 MiB, 16384 MiB, 124.40 W, 65
2026/09/17 00:10:03.930, 100 %, 8 %, 15666 MiB, 16384 MiB, 117.74 W, 66
2026/09/17 00:10:04.933, 100 %, 5 %, 15666 MiB, 16384 MiB, 165.49 W, 69
2026/09/17 00:10:05.938, 100 %, 0 %, 15666 MiB, 16384 MiB, 236.41 W, 67
2026/09/17 00:10:06.940, 100 %, 28 %, 15666 MiB, 16384 MiB, 106.25 W, 66
2026/09/17 00:10:07.943, 100 %, 45 %, 15666 MiB, 16384 MiB, 105.64 W, 67
2026/09/17 00:10:08.945, 100 %, 24 %, 15666 MiB, 16384 MiB, 122.92 W, 70
2026/09/17 00:10:09.948, 100 %, 5 %, 15666 MiB, 16384 MiB, 228.69 W, 67
2026/09/17 00:10:10.951, 100 %, 3 %, 15666 MiB, 16384 MiB, 123.61 W, 69
2026/09/17 00:10:11.953, 100 %, 10 %, 15666 MiB, 16384 MiB, 235.23 W, 68
2026/09/17 00:10:12.956, 100 %, 42 %, 15666 MiB, 16384 MiB, 125.44 W, 68
2026/09/17 00:10:13.958, 100 %, 33 %, 15666 MiB, 16384 MiB, 122.33 W, 68
2026/09/17 00:10:14.960, 100 %, 4 %, 15666 MiB, 16384 MiB, 203.38 W, 70
2026/09/17 00:10:15.965, 100 %, 40 %, 15666 MiB, 16384 MiB, 133.82 W, 67
2026/09/17 00:10:16.968, 100 %, 46 %, 15666 MiB, 16384 MiB, 65.53 W, 69
2026/09/17 00:10:17.970, 100 %, 7 %, 15666 MiB, 16384 MiB, 125.36 W, 68
2026/09/17 00:10:18.973, 100 %, 4 %, 15666 MiB, 16384 MiB, 124.03 W, 69
2026/09/17 00:10:19.975, 100 %, 4 %, 15666 MiB, 16384 MiB, 227.40 W, 71
2026/09/17 00:10:20.979, 100 %, 6 %, 15666 MiB, 16384 MiB, 130.06 W, 69
2026/09/17 00:10:21.983, 100 %, 4 %, 15666 MiB, 16384 MiB, 128.75 W, 69
2026/09/17 00:10:22.985, 100 %, 7 %, 15666 MiB, 16384 MiB, 126.79 W, 69
2026/09/17 00:10:23.988, 100 %, 20 %, 15666 MiB, 16384 MiB, 123.52 W, 69
2026/09/17 00:10:24.990, 100 %, 21 %, 15666 MiB, 16384 MiB, 181.11 W, 69
2026/09/17 00:10:25.993, 100 %, 20 %, 15666 MiB, 16384 MiB, 212.07 W, 69
2026/09/17 00:10:26.995, 100 %, 19 %, 15666 MiB, 16384 MiB, 188.55 W, 70
2026/09/17 00:10:27.998, 100 %, 13 %, 15666 MiB, 16384 MiB, 126.72 W, 71
2026/09/17 00:10:29.003, 100 %, 1 %, 15666 MiB, 16384 MiB, 126.14 W, 72
2026/09/17 00:10:30.009, 100 %, 19 %, 15666 MiB, 16384 MiB, 131.08 W, 71
2026/09/17 00:10:31.022, 100 %, 5 %, 15666 MiB, 16384 MiB, 127.19 W, 73
2026/09/17 00:10:32.028, 100 %, 7 %, 15666 MiB, 16384 MiB, 128.96 W, 71
2026/09/17 00:10:33.032, 100 %, 5 %, 15666 MiB, 16384 MiB, 127.57 W, 70
2026/09/17 00:10:34.034, 100 %, 5 %, 15666 MiB, 16384 MiB, 125.16 W, 70
2026/09/17 00:10:35.036, 100 %, 6 %, 15666 MiB, 16384 MiB, 123.22 W, 70
2026/09/17 00:10:36.039, 100 %, 8 %, 15666 MiB, 16384 MiB, 119.62 W, 71
2026/09/17 00:10:37.041, 100 %, 17 %, 15666 MiB, 16384 MiB, 108.73 W, 70
2026/09/17 00:10:38.044, 100 %, 22 %, 15666 MiB, 16384 MiB, 130.26 W, 71
2026/09/17 00:10:39.046, 100 %, 20 %, 15666 MiB, 16384 MiB, 207.18 W, 71
2026/09/17 00:10:40.049, 100 %, 21 %, 15666 MiB, 16384 MiB, 223.85 W, 71
2026/09/17 00:10:41.052, 100 %, 20 %, 15666 MiB, 16384 MiB, 164.12 W, 70
2026/09/17 00:10:42.057, 100 %, 23 %, 15666 MiB, 16384 MiB, 213.91 W, 70
2026/09/17 00:10:43.063, 100 %, 24 %, 15666 MiB, 16384 MiB, 188.86 W, 72
2026/09/17 00:10:44.066, 100 %, 4 %, 15666 MiB, 16384 MiB, 129.44 W, 74
2026/09/17 00:10:45.068, 100 %, 12 %, 15666 MiB, 16384 MiB, 128.99 W, 71
2026/09/17 00:10:46.071, 100 %, 22 %, 15666 MiB, 16384 MiB, 130.33 W, 71
2026/09/17 00:10:47.073, 100 %, 20 %, 15666 MiB, 16384 MiB, 127.49 W, 71
2026/09/17 00:10:48.076, 100 %, 18 %, 15666 MiB, 16384 MiB, 124.88 W, 71
2026/09/17 00:10:49.079, 100 %, 16 %, 15666 MiB, 16384 MiB, 119.10 W, 71
2026/09/17 00:10:50.081, 100 %, 2 %, 15666 MiB, 16384 MiB, 106.59 W, 71
2026/09/17 00:10:51.084, 100 %, 14 %, 15666 MiB, 16384 MiB, 64.69 W, 70
2026/09/17 00:10:52.087, 100 %, 6 %, 15666 MiB, 16384 MiB, 78.47 W, 70
2026/09/17 00:10:53.093, 100 %, 7 %, 15666 MiB, 16384 MiB, 167.28 W, 71
2026/09/17 00:10:54.095, 100 %, 6 %, 15666 MiB, 16384 MiB, 205.83 W, 72
2026/09/17 00:10:55.098, 100 %, 6 %, 15666 MiB, 16384 MiB, 196.12 W, 75
2026/09/17 00:10:56.101, 100 %, 6 %, 15666 MiB, 16384 MiB, 130.34 W, 72
2026/09/17 00:10:57.103, 100 %, 9 %, 15666 MiB, 16384 MiB, 128.23 W, 72
2026/09/17 00:10:58.106, 100 %, 20 %, 15666 MiB, 16384 MiB, 126.18 W, 72
2026/09/17 00:10:59.109, 100 %, 19 %, 15666 MiB, 16384 MiB, 123.05 W, 72
2026/09/17 00:11:00.111, 100 %, 22 %, 15666 MiB, 16384 MiB, 116.59 W, 72
2026/09/17 00:11:01.114, 100 %, 18 %, 15666 MiB, 16384 MiB, 108.50 W, 72
2026/09/17 00:11:02.117, 100 %, 24 %, 15666 MiB, 16384 MiB, 65.86 W, 71
2026/09/17 00:11:03.121, 31 %, 3 %, 15666 MiB, 16384 MiB, 67.09 W, 70
2026/09/17 00:11:04.125, 59 %, 4 %, 15666 MiB, 16384 MiB, 66.95 W, 69
2026/09/17 00:11:05.129, 95 %, 10 %, 15666 MiB, 16384 MiB, 68.02 W, 69
2026/09/17 00:11:06.132, 37 %, 8 %, 15666 MiB, 16384 MiB, 68.01 W, 69
2026/09/17 00:11:07.135, 1 %, 2 %, 15666 MiB, 16384 MiB, 73.39 W, 69
2026/09/17 00:11:08.138, 1 %, 2 %, 15666 MiB, 16384 MiB, 78.52 W, 69
2026/09/17 00:11:09.140, 1 %, 2 %, 15666 MiB, 16384 MiB, 66.04 W, 68
2026/09/17 00:11:10.143, 3 %, 2 %, 15666 MiB, 16384 MiB, 66.21 W, 68
2026/09/17 00:11:11.145, 15 %, 3 %, 15666 MiB, 16384 MiB, 66.51 W, 69
2026/09/17 00:11:12.148, 29 %, 3 %, 15666 MiB, 16384 MiB, 66.66 W, 68
2026/09/17 00:11:13.150, 39 %, 3 %, 15666 MiB, 16384 MiB, 67.79 W, 67
2026/09/17 00:11:14.152, 64 %, 5 %, 15666 MiB, 16384 MiB, 67.49 W, 67
2026/09/17 00:11:15.155, 100 %, 5 %, 15666 MiB, 16384 MiB, 67.33 W, 67
2026/09/17 00:11:16.157, 69 %, 9 %, 15666 MiB, 16384 MiB, 69.61 W, 67
2026/09/17 00:11:17.160, 37 %, 8 %, 15666 MiB, 16384 MiB, 69.10 W, 67
2026/09/17 00:11:18.162, 2 %, 3 %, 15666 MiB, 16384 MiB, 72.94 W, 67
2026/09/17 00:11:19.164, 2 %, 3 %, 15666 MiB, 16384 MiB, 78.31 W, 66
2026/09/17 00:11:20.167, 1 %, 2 %, 15666 MiB, 16384 MiB, 65.21 W, 66
2026/09/17 00:11:21.169, 3 %, 2 %, 15666 MiB, 16384 MiB, 65.45 W, 66
2026/09/17 00:11:22.173, 16 %, 3 %, 15666 MiB, 16384 MiB, 65.43 W, 66
2026/09/17 00:11:23.177, 35 %, 3 %, 15666 MiB, 16384 MiB, 65.55 W, 66
2026/09/17 00:11:24.179, 45 %, 4 %, 15666 MiB, 16384 MiB, 65.08 W, 66
2026/09/17 00:11:25.182, 84 %, 5 %, 15666 MiB, 16384 MiB, 65.38 W, 65
2026/09/17 00:11:26.186, 73 %, 9 %, 15666 MiB, 16384 MiB, 67.61 W, 65
2026/09/17 00:11:27.189, 20 %, 7 %, 15666 MiB, 16384 MiB, 77.42 W, 65
2026/09/17 00:11:28.192, 1 %, 2 %, 15666 MiB, 16384 MiB, 77.24 W, 65
2026/09/17 00:11:29.196, 1 %, 2 %, 15666 MiB, 16384 MiB, 64.93 W, 65
2026/09/17 00:11:30.199, 30 %, 3 %, 15666 MiB, 16384 MiB, 64.73 W, 65
2026/09/17 00:11:31.202, 42 %, 3 %, 15666 MiB, 16384 MiB, 64.93 W, 64
2026/09/17 00:11:32.205, 56 %, 4 %, 15666 MiB, 16384 MiB, 64.37 W, 64
2026/09/17 00:11:33.208, 70 %, 5 %, 15666 MiB, 16384 MiB, 65.77 W, 64
2026/09/17 00:11:34.211, 83 %, 5 %, 15666 MiB, 16384 MiB, 65.66 W, 64
2026/09/17 00:11:35.215, 95 %, 5 %, 15666 MiB, 16384 MiB, 64.90 W, 64
2026/09/17 00:11:36.218, 95 %, 10 %, 15666 MiB, 16384 MiB, 68.21 W, 64
2026/09/17 00:11:37.222, 70 %, 9 %, 15666 MiB, 16384 MiB, 68.17 W, 64
2026/09/17 00:11:38.225, 22 %, 8 %, 15666 MiB, 16384 MiB, 70.27 W, 64
2026/09/17 00:11:39.227, 1 %, 2 %, 15666 MiB, 16384 MiB, 77.19 W, 64
2026/09/17 00:11:40.229, 2 %, 3 %, 15666 MiB, 16384 MiB, 70.72 W, 63
2026/09/17 00:11:41.232, 2 %, 3 %, 15666 MiB, 16384 MiB, 63.91 W, 63
2026/09/17 00:11:42.234, 13 %, 3 %, 15666 MiB, 16384 MiB, 62.11 W, 64
2026/09/17 00:11:43.238, 27 %, 3 %, 15666 MiB, 16384 MiB, 62.29 W, 63
2026/09/17 00:11:44.240, 39 %, 3 %, 15666 MiB, 16384 MiB, 62.12 W, 63
2026/09/17 00:11:45.242, 59 %, 4 %, 15666 MiB, 16384 MiB, 61.99 W, 63
2026/09/17 00:11:46.245, 73 %, 4 %, 15666 MiB, 16384 MiB, 61.69 W, 63
2026/09/17 00:11:47.247, 100 %, 5 %, 15666 MiB, 16384 MiB, 62.94 W, 62
2026/09/17 00:11:48.249, 55 %, 8 %, 15666 MiB, 16384 MiB, 64.38 W, 62
2026/09/17 00:11:49.252, 6 %, 7 %, 15666 MiB, 16384 MiB, 74.65 W, 62
2026/09/17 00:11:50.254, 1 %, 2 %, 15666 MiB, 16384 MiB, 61.54 W, 63
2026/09/17 00:11:51.257, 1 %, 2 %, 15666 MiB, 16384 MiB, 61.74 W, 62
2026/09/17 00:11:52.259, 51 %, 4 %, 15666 MiB, 16384 MiB, 61.86 W, 62
2026/09/17 00:11:53.263, 58 %, 4 %, 15666 MiB, 16384 MiB, 63.46 W, 62
2026/09/17 00:11:54.266, 70 %, 4 %, 15666 MiB, 16384 MiB, 62.91 W, 62
2026/09/17 00:11:55.270, 83 %, 5 %, 15666 MiB, 16384 MiB, 61.70 W, 62
2026/09/17 00:11:56.274, 94 %, 5 %, 15666 MiB, 16384 MiB, 63.36 W, 62
2026/09/17 00:11:57.278, 100 %, 5 %, 15666 MiB, 16384 MiB, 63.63 W, 62
2026/09/17 00:11:58.281, 79 %, 9 %, 15666 MiB, 16384 MiB, 63.75 W, 62
2026/09/17 00:11:59.284, 32 %, 8 %, 15666 MiB, 16384 MiB, 62.90 W, 61
2026/09/17 00:12:00.286, 1 %, 2 %, 15666 MiB, 16384 MiB, 73.41 W, 61
2026/09/17 00:12:01.289, 2 %, 3 %, 15666 MiB, 16384 MiB, 60.82 W, 62
2026/09/17 00:12:02.291, 2 %, 3 %, 15666 MiB, 16384 MiB, 61.23 W, 61
2026/09/17 00:12:03.294, 53 %, 4 %, 15666 MiB, 16384 MiB, 61.15 W, 61
2026/09/17 00:12:04.296, 68 %, 4 %, 15666 MiB, 16384 MiB, 60.85 W, 61
2026/09/17 00:12:05.298, 83 %, 5 %, 15666 MiB, 16384 MiB, 60.86 W, 61
2026/09/17 00:12:06.300, 94 %, 5 %, 15666 MiB, 16384 MiB, 61.53 W, 61
2026/09/17 00:12:07.303, 100 %, 6 %, 15666 MiB, 16384 MiB, 62.30 W, 61
2026/09/17 00:12:08.305, 81 %, 10 %, 15666 MiB, 16384 MiB, 63.18 W, 61
2026/09/17 00:12:09.307, 50 %, 8 %, 15666 MiB, 16384 MiB, 63.21 W, 61
2026/09/17 00:12:10.310, 1 %, 2 %, 15666 MiB, 16384 MiB, 73.64 W, 61
2026/09/17 00:12:11.312, 1 %, 2 %, 15666 MiB, 16384 MiB, 60.57 W, 61
2026/09/17 00:12:12.315, 28 %, 3 %, 15666 MiB, 16384 MiB, 60.61 W, 60
2026/09/17 00:12:13.317, 1 %, 2 %, 15666 MiB, 16384 MiB, 60.74 W, 60
2026/09/17 00:12:14.320, 91 %, 5 %, 15666 MiB, 16384 MiB, 62.71 W, 60
2026/09/17 00:12:15.324, 100 %, 5 %, 15666 MiB, 16384 MiB, 62.30 W, 60
2026/09/17 00:12:16.327, 99 %, 10 %, 15666 MiB, 16384 MiB, 63.81 W, 60
2026/09/17 00:12:17.331, 81 %, 10 %, 15666 MiB, 16384 MiB, 64.87 W, 60
2026/09/17 00:12:18.335, 67 %, 9 %, 15666 MiB, 16384 MiB, 63.22 W, 60
2026/09/17 00:12:19.338, 50 %, 6 %, 15666 MiB, 16384 MiB, 63.28 W, 60
2026/09/17 00:12:20.342, 29 %, 8 %, 15666 MiB, 16384 MiB, 62.70 W, 60
2026/09/17 00:12:21.345, 6 %, 7 %, 15666 MiB, 16384 MiB, 73.20 W, 60
2026/09/17 00:12:22.349, 1 %, 2 %, 15666 MiB, 16384 MiB, 72.33 W, 60
2026/09/17 00:12:23.352, 13 %, 3 %, 15666 MiB, 16384 MiB, 60.69 W, 60
2026/09/17 00:12:24.356, 2 %, 3 %, 15666 MiB, 16384 MiB, 60.72 W, 60
2026/09/17 00:12:25.359, 54 %, 4 %, 15666 MiB, 16384 MiB, 60.98 W, 60
2026/09/17 00:12:26.363, 71 %, 4 %, 15666 MiB, 16384 MiB, 60.60 W, 60
2026/09/17 00:12:27.366, 89 %, 5 %, 15666 MiB, 16384 MiB, 60.64 W, 60
2026/09/17 00:12:28.370, 100 %, 6 %, 15666 MiB, 16384 MiB, 61.47 W, 60
2026/09/17 00:12:29.373, 93 %, 10 %, 15666 MiB, 16384 MiB, 62.28 W, 60
2026/09/17 00:12:30.377, 69 %, 10 %, 15666 MiB, 16384 MiB, 63.22 W, 60
2026/09/17 00:12:31.380, 37 %, 8 %, 15666 MiB, 16384 MiB, 62.49 W, 60
2026/09/17 00:12:32.384, 1 %, 2 %, 15666 MiB, 16384 MiB, 72.43 W, 60
2026/09/17 00:12:33.387, 5 %, 2 %, 15666 MiB, 16384 MiB, 61.67 W, 60
2026/09/17 00:12:34.392, 41 %, 4 %, 15666 MiB, 16384 MiB, 61.66 W, 59
2026/09/17 00:12:35.394, 1 %, 2 %, 15666 MiB, 16384 MiB, 60.42 W, 59
2026/09/17 00:12:36.397, 100 %, 5 %, 15666 MiB, 16384 MiB, 62.54 W, 59
2026/09/17 00:12:37.400, 95 %, 11 %, 15666 MiB, 16384 MiB, 63.24 W, 59
2026/09/17 00:12:38.403, 80 %, 10 %, 15666 MiB, 16384 MiB, 62.62 W, 59
2026/09/17 00:12:39.407, 66 %, 9 %, 15666 MiB, 16384 MiB, 62.96 W, 59
2026/09/17 00:12:40.411, 51 %, 9 %, 15666 MiB, 16384 MiB, 62.74 W, 59
2026/09/17 00:12:41.414, 34 %, 5 %, 15666 MiB, 16384 MiB, 62.38 W, 59
2026/09/17 00:12:42.417, 23 %, 8 %, 15666 MiB, 16384 MiB, 62.01 W, 59
2026/09/17 00:12:43.421, 2 %, 3 %, 15666 MiB, 16384 MiB, 72.97 W, 59
2026/09/17 00:12:44.423, 1 %, 2 %, 15666 MiB, 16384 MiB, 59.96 W, 59
2026/09/17 00:12:45.425, 18 %, 3 %, 15666 MiB, 16384 MiB, 60.42 W, 59
2026/09/17 00:12:46.428, 2 %, 3 %, 15666 MiB, 16384 MiB, 60.59 W, 59
2026/09/17 00:12:47.430, 78 %, 5 %, 15666 MiB, 16384 MiB, 60.44 W, 59
2026/09/17 00:12:48.433, 96 %, 5 %, 15666 MiB, 16384 MiB, 60.69 W, 59
2026/09/17 00:12:49.435, 100 %, 8 %, 15666 MiB, 16384 MiB, 61.34 W, 59
2026/09/17 00:12:50.437, 90 %, 10 %, 15666 MiB, 16384 MiB, 61.75 W, 59
2026/09/17 00:12:51.440, 69 %, 9 %, 15666 MiB, 16384 MiB, 62.35 W, 59
2026/09/17 00:12:52.442, 47 %, 9 %, 15666 MiB, 16384 MiB, 62.13 W, 59
2026/09/17 00:12:53.445, 13 %, 7 %, 15666 MiB, 16384 MiB, 72.62 W, 59
2026/09/17 00:12:54.447, 1 %, 2 %, 15666 MiB, 16384 MiB, 73.28 W, 59
2026/09/17 00:12:55.450, 1 %, 2 %, 15666 MiB, 16384 MiB, 61.05 W, 59
2026/09/17 00:12:56.454, 57 %, 4 %, 15666 MiB, 16384 MiB, 60.07 W, 59
2026/09/17 00:12:57.457, 1 %, 2 %, 15666 MiB, 16384 MiB, 61.20 W, 59
2026/09/17 00:12:58.461, 90 %, 10 %, 15666 MiB, 16384 MiB, 63.42 W, 59
2026/09/17 00:12:59.464, 77 %, 10 %, 15666 MiB, 16384 MiB, 61.99 W, 59
2026/09/17 00:13:00.467, 61 %, 9 %, 15666 MiB, 16384 MiB, 62.49 W, 59
2026/09/17 00:13:01.469, 45 %, 9 %, 15666 MiB, 16384 MiB, 62.57 W, 59
2026/09/17 00:13:02.472, 32 %, 8 %, 15666 MiB, 16384 MiB, 62.63 W, 59
2026/09/17 00:13:03.474, 18 %, 5 %, 15666 MiB, 16384 MiB, 61.59 W, 59
2026/09/17 00:13:04.477, 3 %, 4 %, 15666 MiB, 16384 MiB, 72.98 W, 59
2026/09/17 00:13:05.479, 1 %, 2 %, 15666 MiB, 16384 MiB, 71.81 W, 59
2026/09/17 00:13:06.482, 10 %, 3 %, 15666 MiB, 16384 MiB, 59.95 W, 59
2026/09/17 00:13:07.484, 41 %, 4 %, 15666 MiB, 16384 MiB, 59.92 W, 59
2026/09/17 00:13:08.487, 2 %, 3 %, 15666 MiB, 16384 MiB, 60.09 W, 59
2026/09/17 00:13:09.489, 95 %, 5 %, 15666 MiB, 16384 MiB, 60.21 W, 59
2026/09/17 00:13:10.492, 100 %, 10 %, 15666 MiB, 16384 MiB, 60.98 W, 59
2026/09/17 00:13:11.494, 85 %, 10 %, 15666 MiB, 16384 MiB, 61.83 W, 59
2026/09/17 00:13:12.496, 70 %, 10 %, 15666 MiB, 16384 MiB, 62.27 W, 59
2026/09/17 00:13:13.499, 51 %, 9 %, 15666 MiB, 16384 MiB, 62.18 W, 59
2026/09/17 00:13:14.502, 34 %, 9 %, 15666 MiB, 16384 MiB, 63.37 W, 59
2026/09/17 00:13:15.506, 1 %, 2 %, 15666 MiB, 16384 MiB, 73.08 W, 59
2026/09/17 00:13:16.509, 1 %, 2 %, 15666 MiB, 16384 MiB, 59.46 W, 58
2026/09/17 00:13:17.514, 41 %, 3 %, 15666 MiB, 16384 MiB, 61.08 W, 59
2026/09/17 00:13:18.516, 86 %, 5 %, 15666 MiB, 16384 MiB, 60.82 W, 59
2026/09/17 00:13:19.519, 6 %, 7 %, 15666 MiB, 16384 MiB, 59.55 W, 59
2026/09/17 00:13:20.525, 68 %, 9 %, 15666 MiB, 16384 MiB, 61.95 W, 59
2026/09/17 00:13:21.527, 53 %, 9 %, 15666 MiB, 16384 MiB, 62.16 W, 59
2026/09/17 00:13:22.530, 37 %, 8 %, 15666 MiB, 16384 MiB, 62.11 W, 59
2026/09/17 00:13:23.534, 23 %, 8 %, 15666 MiB, 16384 MiB, 62.24 W, 59
2026/09/17 00:13:24.537, 9 %, 7 %, 15666 MiB, 16384 MiB, 74.28 W, 59
2026/09/17 00:13:25.540, 1 %, 2 %, 15666 MiB, 16384 MiB, 65.57 W, 59
2026/09/17 00:13:26.544, 1 %, 2 %, 15666 MiB, 16384 MiB, 71.47 W, 59
2026/09/17 00:13:27.547, 13 %, 3 %, 15666 MiB, 16384 MiB, 59.86 W, 58
2026/09/17 00:13:28.551, 33 %, 4 %, 15666 MiB, 16384 MiB, 59.50 W, 58
2026/09/17 00:13:29.555, 100 %, 5 %, 15666 MiB, 16384 MiB, 60.42 W, 59
2026/09/17 00:13:30.558, 6 %, 7 %, 15666 MiB, 16384 MiB, 60.06 W, 58
2026/09/17 00:13:31.563, 58 %, 9 %, 15666 MiB, 16384 MiB, 62.36 W, 59
2026/09/17 00:13:32.566, 40 %, 8 %, 15666 MiB, 16384 MiB, 62.26 W, 59
2026/09/17 00:13:33.570, 26 %, 8 %, 15666 MiB, 16384 MiB, 62.25 W, 59
2026/09/17 00:13:34.573, 11 %, 7 %, 15666 MiB, 16384 MiB, 70.35 W, 59
2026/09/17 00:13:35.577, 1 %, 2 %, 15666 MiB, 16384 MiB, 73.56 W, 59
2026/09/17 00:13:36.580, 1 %, 2 %, 15666 MiB, 16384 MiB, 74.18 W, 59
2026/09/17 00:13:37.585, 0 %, 0 %, 15666 MiB, 16384 MiB, 57.23 W, 58
2026/09/17 00:13:38.589, 0 %, 0 %, 15666 MiB, 16384 MiB, 58.27 W, 58
2026/09/17 00:13:39.593, 0 %, 0 %, 15666 MiB, 16384 MiB, 46.60 W, 58
2026/09/17 00:13:40.595, 0 %, 0 %, 15666 MiB, 16384 MiB, 46.05 W, 57
2026/09/17 00:13:41.598, 0 %, 0 %, 15666 MiB, 16384 MiB, 46.30 W, 57
2026/09/17 00:13:42.600, 0 %, 0 %, 15666 MiB, 16384 MiB, 46.08 W, 57
2026/09/17 00:13:43.603, 0 %, 0 %, 15666 MiB, 16384 MiB, 45.85 W, 57
2026/09/17 00:13:44.605, 0 %, 0 %, 15666 MiB, 16384 MiB, 46.02 W, 57
2026/09/17 00:13:45.608, 0 %, 0 %, 15666 MiB, 16384 MiB, 45.74 W, 57
2026/09/17 00:13:46.610, 0 %, 0 %, 15666 MiB, 16384 MiB, 45.89 W, 57
2026/09/17 00:13:47.613, 0 %, 0 %, 15666 MiB, 16384 MiB, 45.64 W, 57
2026/09/17 00:13:48.615, 0 %, 0 %, 15666 MiB, 16384 MiB, 46.10 W, 57
2026/09/17 00:13:49.618, 0 %, 0 %, 15666 MiB, 16384 MiB, 45.79 W, 57
2026/09/17 00:13:50.620, 0 %, 0 %, 15666 MiB, 16384 MiB, 45.76 W, 57
2026/09/17 00:13:51.622, 0 %, 0 %, 15666 MiB, 16384 MiB, 45.84 W, 57
2026/09/17 00:13:52.625, 0 %, 0 %, 8568 MiB, 16384 MiB, 57.31 W, 57
