wall_ns,read_MBps,write_MBps,read_lat_ms,write_lat_ms,inflight
1789610718518054621,11.3,0.0,0.10,0.00,0
1789610719772901004,12.0,0.0,0.09,0.00,0
1789610721006780937,14.5,0.1,0.10,1.50,0
1789610722255468436,0.3,0.0,0.07,0.00,0
1789610723519493168,5.9,0.2,0.17,6.05,0
1789610724784595414,3.7,0.0,0.17,0.00,0
1789610726040563111,5.4,0.1,0.69,2.00,0
1789610727280466628,0.0,0.0,0.00,0.00,0
1789610728533647881,3.6,0.2,0.10,4.00,0
1789610729781476776,6.1,0.0,0.14,0.00,0
1789610731025206005,30.4,0.1,0.11,1.50,0
1789610732279836743,0.4,0.0,0.94,0.00,0
1789610733545776191,0.1,0.4,0.74,0.11,0
1789610734798673268,0.0,0.0,0.00,0.00,0
1789610736056207841,0.0,0.1,0.00,9.00,0
1789610737303503939,0.0,0.0,0.00,0.00,0
1789610738569713217,0.0,0.4,0.00,1.75,0
1789610739836128849,0.0,0.0,0.00,0.00,0
1789610741093015423,0.1,0.2,1.50,1.00,0
1789610742354227829,0.1,0.0,2.33,0.00,0
1789610743620098991,0.0,0.3,0.00,3.34,0
1789610744881106574,0.0,0.0,0.00,0.00,0
1789610746146093404,0.0,0.2,2.14,8.50,0
1789610747401552869,0.0,0.0,0.00,0.00,0
1789610748653017591,0.0,0.3,0.00,3.55,0
1789610749914879964,0.0,0.0,0.00,0.00,0
1789610751164973607,0.0,0.1,0.00,8.50,0
1789610752424043588,0.0,0.0,0.00,0.00,0
1789610753690128551,0.0,0.2,0.00,4.03,0
1789610754960979001,0.0,0.0,14.00,0.00,0
1789610756230229562,0.4,0.1,0.58,8.50,0
1789610757480944265,0.0,0.0,14.00,0.00,0
1789610758739647250,827.1,0.4,6.79,4.77,33
1789610760025928574,1043.0,0.0,6.94,0.00,0
1789610761277920780,871.3,0.0,6.62,0.00,32
1789610762560495757,1058.4,0.0,6.14,0.00,28
1789610763841539474,1166.1,0.1,5.87,2.00,36
1789610765122775533,1106.9,6.5,6.66,5.77,36
1789610766412937935,1172.4,0.0,6.52,0.00,30
1789610767701384536,1112.7,75.4,5.79,6.01,31
1789610768973484607,982.6,329.8,7.05,4.86,34
1789610770262334256,1096.4,153.8,7.31,7.10,32
1789610771545647810,1102.5,121.0,6.37,6.75,21
1789610772853810500,975.4,248.2,6.32,5.29,33
1789610774170782765,949.9,131.2,7.17,7.40,33
1789610775708760646,1085.9,563.1,6.38,4.76,38
1789610777040198432,1090.8,172.2,7.12,6.82,37
1789610778321524890,1055.3,155.1,6.62,6.93,34
1789610779599518313,980.3,281.6,6.89,4.32,34
1789610780864849207,1097.2,167.6,7.20,6.75,34
1789610782160602053,1089.4,157.6,7.28,6.81,36
1789610783440212534,961.2,281.3,6.32,3.15,1
1789610784715219494,1095.4,134.0,7.11,5.39,38
1789610786000957929,927.2,144.5,8.57,7.27,17
1789610787286681080,631.2,171.6,11.15,6.31,37
1789610788566690313,729.0,126.5,10.96,8.32,39
1789610789830591300,760.6,130.7,9.79,7.46,28
1789610791118424871,795.8,129.6,9.94,7.90,34
1789610792397236895,658.0,180.5,10.37,5.87,22
1789610793658248893,822.6,116.1,10.01,8.82,35
1789610794945937239,804.4,135.1,9.48,7.32,33
1789610796222108624,751.9,128.6,10.10,8.09,25
1789610797495736407,727.3,157.3,9.17,4.38,34
1789610798784039807,885.5,88.0,8.96,6.14,35
1789610800069255640,853.5,98.6,9.70,7.72,34
1789610801354227122,638.2,197.9,9.95,5.00,34
1789610802619376031,535.7,249.7,9.63,4.04,17
1789610803909728633,329.8,422.7,8.61,2.60,17
1789610805192139012,518.7,258.7,9.97,3.99,35
1789610806478097137,776.0,135.5,10.28,8.38,34
1789610807764133277,782.0,134.9,9.66,6.65,0
1789610809047998895,736.5,152.0,10.10,6.10,30
1789610810329570975,816.7,119.7,10.07,8.24,34
1789610811595802962,707.1,190.7,9.82,6.13,26
1789610812877636404,482.5,317.9,9.49,3.79,16
1789610814148373888,421.8,381.9,10.24,4.53,7
1789610815427414640,577.4,264.6,10.32,3.98,35
1789610816720205026,929.6,109.9,8.53,4.08,33
1789610818002068831,835.6,129.9,9.78,7.40,35
1789610819282551818,621.7,246.4,9.78,4.55,24
1789610820548200917,471.7,312.1,9.56,3.70,17
1789610821823299998,387.3,320.9,9.46,3.26,27
1789610823101807923,419.8,314.5,9.72,3.51,34
1789610824388829357,784.9,136.5,10.45,7.41,33
1789610825649667952,627.4,186.0,9.98,5.22,31
1789610826907427853,783.9,113.4,10.47,8.49,36
1789610828207142129,619.3,186.7,9.59,5.51,10
1789610829477435021,406.0,270.5,9.34,2.40,23
1789610830750359934,354.5,282.8,9.97,3.40,8
1789610832029213377,370.3,285.2,11.05,3.64,34
1789610833317539729,645.9,163.6,10.58,6.38,37
1789610834593714081,769.6,111.5,10.76,8.68,36
1789610835877087195,782.2,104.5,10.56,8.52,38
1789610837139374960,583.2,201.6,9.50,5.36,4
1789610838420762159,384.5,258.4,9.70,3.70,3
1789610839679057942,275.9,286.0,10.76,1.48,21
1789610841150663120,308.0,264.8,8.82,1.89,5
1789610842425516924,457.0,190.9,8.67,1.40,38
1789610843772493473,503.5,194.6,9.52,0.93,3
1789610845057230227,592.5,152.5,9.14,2.66,11
1789610846333730142,452.6,201.0,8.44,1.39,4
1789610847609321929,595.8,139.2,9.72,1.14,3
1789610848868108024,398.1,194.5,9.53,2.09,13
1789610850466462149,419.0,209.9,7.96,0.96,19
1789610851749844951,341.4,263.4,8.83,1.46,9
1789610853061926918,423.8,205.7,7.71,1.41,36
1789610854351938811,517.8,172.5,10.04,1.80,34
1789610855638965852,487.6,186.5,8.98,1.12,10
1789610856904259697,363.1,204.5,13.19,3.02,6
1789610858201422991,451.9,171.6,10.70,1.30,8
1789610859473644248,429.1,180.3,9.64,3.28,4
1789610860740429343,322.0,206.9,10.26,0.64,18
1789610862017757807,329.0,210.2,11.84,3.57,17
1789610863298858639,431.8,196.0,10.71,0.80,1
1789610864565118417,517.0,168.8,8.45,0.75,22
1789610865826808402,319.8,223.1,9.42,0.90,0
1789610867170514083,286.7,150.1,9.50,1.23,39
1789610869123308532,557.7,325.3,9.70,2.44,24
1789610870428123450,585.4,155.1,12.54,10.64,40
1789610871721551783,720.4,113.4,10.99,8.05,39
1789610873007878052,659.0,140.4,10.51,6.47,1
1789610874255692986,710.8,106.6,11.11,8.56,39
1789610875512344823,723.1,103.4,10.59,7.75,44
1789610876782185147,650.8,144.2,10.55,6.88,35
1789610878078571866,802.0,109.5,10.32,8.40,38
1789610879365747512,606.4,144.1,11.57,4.16,34
1789610880649223501,687.4,107.9,11.96,9.39,35
1789610881935999871,689.1,104.9,11.05,8.17,39
1789610883198154277,479.3,180.9,10.69,4.52,19
1789610884473394028,280.8,234.1,9.16,4.12,6
1789610885745379149,475.0,181.8,11.17,6.02,54
1789610887015415555,317.5,246.8,11.47,1.01,6
1789610888275888348,126.4,290.7,6.96,0.33,7
1789610889553576821,258.0,283.0,10.03,0.50,8
1789610890831694233,189.6,321.6,7.24,0.37,5
1789610892110741334,394.4,220.3,12.27,0.45,36
1789610893382801945,734.8,108.2,11.10,9.22,34
1789610894658582419,737.2,107.4,9.93,7.50,29
1789610895941970758,596.7,150.5,10.89,5.91,34
1789610897228873425,611.7,161.9,10.37,5.60,33
1789610898511873584,781.2,107.9,10.23,8.32,33
1789610899796940719,762.4,107.0,10.60,8.40,37
1789610901069566902,633.7,143.8,10.61,5.66,33
1789610902342793323,525.2,169.3,9.73,3.81,9
1789610903625125715,375.3,223.0,9.67,3.78,2
1789610904899007902,314.0,258.1,10.06,3.08,14
1789610906181005519,620.9,166.0,10.27,6.91,37
1789610907464707455,762.4,105.7,10.46,8.76,27
1789610908737301832,711.8,129.3,9.82,5.95,29
1789610910038337195,794.4,103.1,9.87,5.66,36
1789610911320708953,787.5,107.1,10.49,8.55,32
1789610912593090926,596.3,167.9,9.67,5.70,31
1789610913867342716,477.8,224.5,10.11,4.44,20
1789610915140205693,347.4,234.0,8.20,3.18,17
1789610916445107345,438.0,207.5,10.17,4.24,29
1789610917790830860,730.8,102.1,11.34,8.94,37
1789610919101215485,736.7,111.8,10.36,7.94,38
1789610920383603833,724.4,150.2,9.56,5.44,32
1789610921667281694,523.7,235.6,10.30,4.05,37
1789610922931322594,406.0,237.0,9.22,3.63,13
1789610924209602370,341.2,241.8,9.31,3.82,2
1789610925474884293,312.1,228.3,11.46,5.87,33
1789610926738243186,829.8,120.5,9.80,7.66,33
1789610928007691623,725.1,166.6,9.84,7.80,38
1789610929336963294,781.9,109.9,10.46,7.99,31
1789610930616216519,517.6,233.2,9.68,3.91,20
1789610931893339131,390.6,267.7,10.06,3.56,12
1789610933178592379,355.1,297.7,8.96,2.40,13
1789610934445489854,304.0,301.3,8.79,3.14,33
1789610935711460026,783.0,109.7,10.53,8.64,35
1789610936998554518,823.1,110.2,9.63,7.36,36
1789610938273304235,789.1,106.4,10.24,8.18,36
1789610939540905983,461.6,218.2,10.87,9.36,40
1789610940818527885,503.4,275.8,10.43,3.82,15
1789610942097569481,370.1,298.3,9.19,3.12,2
1789610943376097483,551.3,230.1,9.60,3.87,32
1789610944660672518,835.4,111.9,9.66,7.60,35
1789610945945535671,675.3,171.5,9.64,4.95,20
1789610947222153969,800.5,108.0,9.87,7.67,33
1789610948489796682,465.1,230.5,9.53,3.52,1
1789610949825031644,373.8,230.2,9.20,3.57,20
1789610951095759431,346.7,277.6,10.15,3.22,11
1789610952376866399,710.3,128.6,10.22,6.48,33
1789610953664353299,679.0,136.6,10.24,6.22,33
1789610954935929759,794.0,97.6,10.33,8.48,41
1789610956211476769,749.4,103.5,10.57,7.89,37
1789610957516435235,802.4,96.2,10.24,6.72,14
1789610958809543380,574.4,178.9,10.26,5.59,29
1789610960094083087,421.4,226.2,10.02,5.51,15
1789610961360663188,344.6,232.8,9.42,3.25,35
1789610962609087438,435.3,185.5,11.54,4.66,35
1789610963858484924,737.3,105.9,11.16,8.55,36
1789610965124219894,596.3,153.8,10.64,5.65,36
1789610966403713115,722.8,96.9,11.55,8.98,34
1789610967677186907,599.7,136.8,11.18,7.01,15
1789610968935861864,384.2,220.1,10.14,3.24,7
1789610970194094221,339.6,264.5,9.62,3.15,10
1789610971445364375,307.2,258.8,10.44,4.07,12
1789610972695882040,615.8,149.4,10.68,5.97,41
1789610973950320520,468.8,235.7,10.79,4.55,34
1789610975188491247,826.4,89.6,10.02,8.08,33
1789610976490549770,630.5,160.9,10.68,5.16,1
1789610977741002782,345.7,209.0,11.36,5.05,31
1789610979001331475,390.9,204.9,11.24,9.91,7
1789610980253656804,0.5,291.6,15.81,61.49,5
1789610981501346290,0.6,287.7,7.31,6.62,13
1789610982749552171,1.9,296.4,7.81,7.11,7
1789610984006188200,10.0,296.3,9.75,8.43,3
1789610985256297594,54.4,303.9,8.94,2.81,3
1789610986495992773,63.6,263.6,7.45,2.95,3
1789610987733108214,51.1,273.6,8.20,2.70,3
1789610988971882409,53.7,261.8,9.00,4.86,4
1789610990225550179,55.4,311.2,8.13,2.73,3
1789610991459457894,61.5,269.8,7.65,3.16,3
1789610992717117269,996.2,49.6,0.25,5.17,0
1789610993966456920,767.8,0.2,0.14,7.00,2
1789610995230755566,225.2,203.7,1.50,5.58,3
1789610996479226724,338.2,237.0,0.59,18.26,5
1789610997723239373,128.2,228.8,3.34,7.44,4
1789610998979881724,51.9,239.1,9.52,7.85,2
1789611000235679440,50.0,243.0,8.50,8.29,9
1789611001488775408,47.4,237.0,10.46,9.69,4
1789611002737901081,48.9,235.4,9.79,7.94,4
1789611003992036918,32.5,232.3,15.10,12.76,6
1789611005246377162,50.2,233.7,9.69,6.66,6
1789611006493642733,84.6,215.7,5.76,3.96,1
1789611007755449864,841.1,0.1,0.14,1.12,0
1789611009004647357,924.5,0.2,0.14,2.00,1
1789611010265208947,66.5,267.2,7.12,190.78,3
1789611011526585871,72.8,310.0,6.46,5.15,4
1789611012781257173,268.6,377.3,0.69,189.19,8
1789611014037709415,352.4,312.3,0.86,14.97,1
1789611015287187911,618.0,218.5,0.45,274.65,127
1789611016539741332,46.4,279.3,16.59,249.78,5
1789611017793975100,55.1,272.4,8.84,6.21,3
1789611019044762221,57.2,301.2,8.44,3.27,3
1789611020296493992,60.0,278.1,7.97,4.13,3
1789611021554176750,63.1,271.6,7.62,3.90,3
1789611022807183054,86.4,149.7,3.70,4.29,0
1789611024065717404,966.7,0.2,0.14,0.43,0
1789611025742349759,191.4,241.7,1.97,363.29,1
1789611026993468826,113.1,219.1,0.50,143.29,95
1789611028240974789,233.4,250.9,2.98,137.97,3
1789611029494228335,734.8,233.2,0.31,32.82,99
1789611030743238116,49.4,302.5,9.67,62.78,3
1789611031993153248,70.6,309.4,6.79,2.45,2
1789611033250589937,260.7,272.1,0.69,3.75,3
1789611034510302744,58.3,290.0,8.30,3.78,4
1789611035765379008,52.8,302.9,9.34,5.41,3
1789611037017554351,54.4,284.2,7.92,3.38,4
1789611038275747195,54.9,327.4,8.10,3.65,4
1789611039533978694,58.9,316.4,8.22,3.12,3
1789611040789306566,603.2,205.0,0.71,3.77,2
1789611042055244808,436.0,0.0,0.15,0.11,0
1789611043305901617,814.3,97.5,0.13,156.15,49
1789611044797166123,6.6,361.2,106.01,382.36,5
1789611046047134057,365.1,252.4,1.51,4.09,3
1789611047300798466,139.6,402.3,1.50,20.13,7
1789611048852538292,673.4,239.7,0.39,39.25,21
1789611050116474517,26.6,583.7,15.84,5.88,3
1789611051390650846,57.9,317.8,8.62,4.69,6
1789611052659310151,34.8,547.9,14.08,1.92,1
1789611053905263413,248.7,150.3,0.85,1.85,0
1789611055145337361,914.6,0.2,0.26,0.80,1
1789611056401080880,374.0,230.6,1.83,62.03,1
1789611057689589686,79.7,387.3,2.40,7.65,3
1789611058978898863,444.9,264.1,1.08,4.68,2
1789611060215585853,508.2,302.0,0.82,219.71,188
1789611061474314679,37.9,395.6,17.04,243.15,4
1789611062733588577,337.8,344.1,1.43,5.61,4
1789611063998175157,55.7,356.4,8.36,4.47,5
1789611065278631606,61.9,406.8,7.70,2.13,3
1789611066550679968,51.4,525.7,8.37,1.63,3
1789611067817546287,58.6,377.6,7.42,2.63,3
1789611069081592791,1100.9,30.7,0.18,1.65,0
1789611070322510202,235.7,0.1,0.14,0.05,0
1789611071586822508,721.6,186.9,0.50,127.51,3
1789611072856101330,59.3,338.2,7.60,3.07,1
1789611074122783601,302.0,304.3,0.78,6.08,4
1789611075375662599,134.3,276.5,2.54,4.45,3
1789611076680129168,799.0,181.7,0.35,5.15,25
1789611077978655331,42.0,338.5,11.04,21.64,8
1789611079251056896,46.3,440.1,10.88,3.99,3
1789611080521738475,52.1,373.1,9.03,5.37,3
1789611081793174059,51.4,366.7,8.65,3.71,5
1789611083065531647,176.7,311.0,2.27,4.00,0
1789611084326519776,901.9,0.2,0.13,0.93,0
1789611085826749503,358.4,228.1,0.74,31.55,3
1789611087078360476,128.7,246.6,3.22,26.98,0
1789611088406422621,126.6,223.4,3.72,6.03,2
1789611089677469145,710.9,170.4,0.53,19.77,3
1789611090949918988,46.9,248.3,10.34,10.30,2
1789611092215033727,298.2,372.3,1.39,3.14,7
1789611093506544508,33.3,413.9,8.72,10.04,2
1789611094773273443,46.4,468.9,10.07,2.01,3
1789611096041994076,40.9,501.7,11.79,1.67,3
1789611097312261983,36.9,502.0,11.62,1.77,3
1789611098578821042,1134.8,39.4,0.18,1.93,2
1789611099821508929,272.7,0.1,0.14,1.12,0
1789611101075088460,733.5,304.1,0.37,97.08,3
1789611102348130807,70.4,383.0,6.87,2.45,1
1789611103607591220,294.6,231.4,0.29,59.01,14
1789611104871153200,228.8,231.6,1.81,23.40,4
1789611106138361819,736.0,193.5,0.41,10.40,4
1789611107403372964,55.5,410.9,8.60,2.25,3
1789611108670431352,48.6,405.3,9.99,2.03,3
1789611109940805185,47.1,427.9,10.14,2.15,3
1789611111213117522,55.7,370.6,8.57,6.23,2
1789611112482711529,155.7,274.8,1.86,1.94,0
1789611113743991931,976.3,0.0,0.12,0.20,0
1789611114976069713,370.5,423.7,0.59,121.24,4
1789611116237045583,845.3,252.1,0.39,3.72,1
1789611117487650856,150.3,477.8,2.64,9.71,3
1789611118753060093,336.1,385.8,1.05,2.18,1
1789611120019758056,236.2,504.8,0.95,16.20,3
1789611121295351476,57.5,573.5,8.22,1.69,3
1789611122547340800,51.4,497.7,9.13,1.84,2
1789611123825026418,110.8,483.5,4.15,1.49,2
1789611125091216306,309.8,377.8,1.41,1.61,1
1789611126350074423,567.9,0.0,0.26,0.00,0
1789611127601346690,823.9,0.0,0.12,0.25,1
1789611128855540989,513.3,240.2,0.13,6.85,5
1789611130128622562,568.9,355.0,0.40,16.42,1
1789611131381411124,400.5,389.8,0.65,19.97,3
1789611132654729518,29.1,630.6,16.47,1.14,3
1789611133923083002,22.9,657.3,21.48,1.20,3
1789611135196171058,313.8,140.9,0.25,1.14,1
1789611136466162477,42.5,0.0,0.08,0.00,1
1789611137729421871,42.8,0.3,0.08,0.46,0
1789611139002676811,46.7,0.0,0.08,0.00,1
1789611140270926992,56.7,0.1,0.08,0.00,0
1789611141545310094,18.3,0.0,0.09,0.11,0
1789611142788612461,0.1,0.1,0.10,0.22,0
1789611144039000968,0.0,126.0,0.09,21.04,1
1789611145312363246,0.0,463.5,51.57,71.94,448
1789611146574047315,1.0,461.7,33.31,355.51,20
1789611147836613463,1413.8,273.0,2.36,18.92,5
1789611149093930276,1168.1,0.0,4.28,0.00,2
1789611150364134717,1430.2,0.0,2.25,0.00,0
1789611151629151153,1353.5,0.0,1.57,0.00,0
1789611152872844855,1888.7,0.1,3.44,21.50,6
1789611154123750165,2108.5,0.0,1.63,0.00,0
1789611155385346315,2103.9,0.0,2.46,0.00,6
1789611156646390150,1897.2,0.0,2.55,0.00,0
1789611157883503122,1860.3,0.1,2.68,10.00,7
1789611159141514939,1474.8,0.0,3.94,0.00,6
1789611160401083925,1690.0,1.1,2.32,2.20,5
1789611161666416259,800.7,0.0,9.23,0.00,7
1789611162931451445,836.9,0.2,3.79,4.50,0
1789611164185819761,1976.5,0.0,2.59,0.00,6
1789611165443894951,2009.7,0.1,2.34,1.50,0
1789611166706816645,1942.4,0.0,2.61,0.00,7
1789611167970458249,1998.2,0.1,2.47,9.00,1
1789611169233871618,1761.9,0.0,2.69,0.00,8
1789611170496184249,1900.7,0.1,2.08,2.67,5
1789611171764786740,1681.9,0.0,2.76,0.00,0
1789611173020064542,1756.3,0.1,3.07,10.00,7
1789611174284849952,2144.0,0.0,2.30,0.00,4
1789611175545038796,401.7,0.1,0.35,0.13,0
1789611176793691940,531.6,0.0,0.88,0.50,6
1789611178035664345,2036.4,0.1,2.89,8.50,4
1789611179287096081,2234.5,0.0,2.54,0.00,4
1789611180544425895,1968.7,1.3,2.98,1.28,8
1789611181786566745,2080.3,0.0,2.99,0.00,5
1789611183036167740,2467.4,0.2,2.25,8.50,7
1789611184288794323,2664.6,0.0,2.26,0.00,8
1789611185539443617,2252.8,0.5,2.90,0.10,30
1789611186789290108,2671.8,0.0,2.26,0.00,11
1789611188052201036,2260.6,0.1,2.12,15.50,3
1789611189315995116,2276.9,0.0,3.06,0.00,6
1789611190570878153,1895.0,0.0,2.24,0.00,2
1789611191830613169,2674.5,0.4,2.30,0.11,3
1789611193082974687,2515.8,0.2,2.84,8.50,4
1789611194340126838,2662.6,0.0,2.24,0.00,7
1789611195606656411,344.0,0.1,0.38,0.47,0
1789611197395694579,23.2,0.3,0.15,0.17,0
1789611198625909228,1354.4,0.3,1.64,11.00,0
1789611199870098474,1333.0,0.0,2.84,0.00,0
1789611201131121275,848.7,106.8,4.27,7.87,6
1789611202404011429,1273.9,0.0,1.59,0.00,5
1789611203670980548,1033.3,0.3,3.86,4.00,6
1789611204934686682,1276.6,0.0,1.59,0.00,6
1789611206193622360,871.3,0.0,2.94,0.00,0
1789611207440143724,1343.9,14.2,2.88,0.12,0
1789611208685332938,1337.1,0.3,2.87,6.50,0
1789611209937036172,605.0,0.0,4.45,0.00,5
1789611211202460343,723.5,0.0,3.04,0.00,0
1789611212460830393,1334.1,0.0,2.81,1.71,0
1789611213713438655,1325.1,0.4,2.58,8.33,0
1789611214978542587,1343.5,0.0,2.95,0.67,0
1789611216224572026,492.0,0.0,4.72,0.00,6
1789611217490068621,1227.3,0.0,1.63,0.00,4
1789611218744436748,995.5,0.5,3.68,2.33,65
1789611220044114823,1205.5,0.1,5.91,3.21,1
1789611221317477602,1127.5,0.0,1.58,0.00,4
1789611222580304452,1019.7,167.3,4.21,0.43,5
1789611223840010042,534.7,0.5,1.38,1.33,0
1789611225095585751,1336.5,0.0,3.05,0.00,0
1789611226347295726,1337.9,0.0,1.65,0.00,0
1789611227605636002,1115.5,455.4,5.37,4.41,5
1789611228847152031,990.6,0.4,1.76,1.50,6
1789611230107473590,1034.6,0.0,3.16,0.00,6
1789611231370555456,862.3,0.0,1.49,0.00,0
1789611232624778393,1338.5,0.0,2.79,0.00,0
1789611233874234950,1336.9,0.4,1.63,1.25,0
1789611235131486975,1009.5,0.0,4.99,0.00,5
1789611236400053152,318.8,0.0,2.89,0.00,0
1789611237656533112,1323.7,0.0,2.55,0.00,0
1789611238917469921,993.7,0.4,3.47,2.00,5
1789611240185364069,334.0,0.0,1.56,0.00,0
1789611241431265014,1337.1,0.0,2.60,0.00,0
1789611242678990468,334.1,0.0,1.91,0.00,8
1789611243940812017,1001.5,0.4,1.52,9.50,0
1789611245184795213,1343.1,0.0,2.64,0.00,0
1789611246438761231,1068.3,0.1,1.58,0.00,5
1789611247701329809,260.9,0.0,2.07,0.00,0
1789611248957898780,1333.9,0.4,2.83,7.50,0
1789611250211826410,403.3,0.0,5.37,0.00,6
1789611251466829110,937.3,0.0,1.39,0.00,0
1789611252709102973,1336.2,0.0,1.65,0.00,0
1789611253968453157,1084.9,42.7,3.45,0.83,6
1789611255228251089,245.7,0.0,1.50,0.00,0
1789611256474782722,1334.0,0.0,1.73,0.00,0
1789611257731243165,1333.0,0.0,3.54,0.00,0
1789611258985612745,0.0,655.7,57.40,45.81,37
1789611260220776254,1338.8,55.8,2.57,5.25,0
1789611261474400167,1085.9,0.0,1.57,0.75,4
1789611262737901391,244.2,0.0,2.22,0.00,0
1789611263986920022,1339.7,0.3,3.24,7.00,0
1789611265238077244,1349.5,0.5,1.64,0.06,0
1789611266474113382,434.6,0.0,6.05,0.00,6
1789611267739905836,900.6,0.0,1.42,0.00,0
1789611268989856035,1102.6,0.4,3.05,2.50,5
1789611270250074627,227.8,0.5,1.51,0.07,0
1789611271496986088,1347.0,0.0,1.68,0.00,0
1789611272750466781,1338.9,0.0,3.24,0.00,0
1789611273989928505,509.2,0.3,1.89,3.00,6
1789611275255848685,823.4,0.5,3.10,2.37,0
1789611276507654049,1338.8,0.0,3.18,0.00,0
1789611277759121453,0.0,0.0,0.12,0.00,0
1789611279011033312,1333.3,0.4,2.77,2.50,0
1789611280270929408,1082.9,0.5,1.58,0.15,4
1789611281537359052,242.5,0.0,2.09,0.00,0
1789611282781165042,1345.0,0.0,3.36,1.00,0
1789611284036044114,893.9,0.3,2.37,3.50,6
1789611285302089308,430.6,43.8,2.95,2.52,0
1789611286549373675,1338.3,0.0,2.58,0.00,0
1789611287799193391,0.2,0.0,1.75,0.00,0
1789611289041350758,1350.8,0.3,2.70,9.50,0
1789611290291895595,604.8,81.3,4.02,3.95,7
1789611291563757321,650.9,570.2,6.97,4.72,6
1789611292812960520,245.0,56.4,7.86,1.29,7
1789611294076235424,1156.5,0.3,1.39,7.50,0
1789611295330967908,1338.1,0.0,1.64,0.00,0
1789611296581895744,503.4,0.0,6.54,0.00,5
1789611297851454601,823.5,0.5,1.40,1.03,0
1789611299101643963,967.7,0.3,3.31,1.00,5
1789611300358668006,366.2,0.0,1.50,0.00,0
1789611301607408412,1348.4,0.0,1.59,0.00,0
1789611302853194905,1209.4,0.5,3.17,0.22,3
1789611304114963492,122.1,0.4,1.59,1.50,0
1789611305360910639,1352.1,0.0,2.55,0.00,0
1789611306602367627,875.0,0.0,3.29,0.00,5
1789611307869454071,453.9,0.5,1.41,0.13,0
1789611309128129152,1204.5,0.3,3.03,4.00,4
1789611310393601792,118.3,0.0,1.66,0.00,0
1789611311641487135,1338.2,0.0,1.70,1.00,0
1789611312896486346,1337.7,0.5,2.63,0.07,0
1789611314149181720,14.6,0.4,0.15,0.23,0
1789611315404778743,1344.4,0.0,2.54,0.00,0
1789611316651220985,1023.0,0.0,3.75,0.00,4
1789611317907318816,309.0,44.8,1.51,3.44,0
1789611319162935312,1268.3,0.4,3.17,4.00,0
1789611320419316603,56.6,0.0,0.45,0.00,0
1789611321671153994,1336.1,0.0,2.62,0.00,0
1789611322930250139,734.1,175.7,4.70,2.76,17
1789611324192496706,595.0,515.6,3.67,4.50,0
1789611325437860989,1337.8,0.0,1.75,0.00,0
1789611326690051728,489.6,0.0,4.46,0.00,4
1789611327956747319,842.9,0.0,1.43,0.00,0
1789611329209713958,829.0,0.8,3.72,0.39,5
1789611330474266019,498.6,0.0,1.56,0.00,0
1789611331723858755,1336.6,0.0,2.08,0.00,1
1789611332983773176,542.4,0.0,1.90,0.00,6
1789611334247653333,793.3,0.8,1.47,0.61,0
1789611335500245041,746.1,0.0,2.00,0.00,5
1789611336772918283,584.0,0.0,3.22,0.00,0
1789611338029609267,1165.0,0.0,3.48,0.00,4
1789611339285211745,164.4,0.8,2.06,0.49,0
1789611340532515832,0.0,0.0,0.00,0.00,0
1789611341789705120,1334.2,0.0,3.48,0.00,1
1789611343039278334,33.6,0.0,2.75,0.00,10
1789611344291044453,1312.2,0.8,1.63,0.46,0
1789611345533156419,463.2,0.0,4.55,0.00,6
1789611346801541627,872.2,0.0,1.39,0.00,0
1789611348051524181,925.5,0.0,1.63,0.00,6
1789611349317220891,401.1,43.7,1.81,1.95,0
1789611350558902882,1234.7,0.0,3.45,0.00,4
1789611351818045168,98.0,0.0,0.30,0.00,0
1789611353075509841,0.0,0.0,14.00,0.00,0
1789611354332070431,1321.0,0.4,2.56,2.50,0
1789611355597930831,0.0,311.5,63.50,134.11,141
1789611356843566446,1141.7,402.1,5.96,113.48,4
1789611358109910332,186.5,0.4,1.19,0.10,1
1789611359370472407,1330.3,0.0,2.80,7.00,0
1789611360623189610,0.5,0.0,0.41,0.00,0
1789611361874627628,1230.5,1.1,2.73,0.35,4
1789611363130019138,105.6,0.3,0.57,4.00,0
1789611364375143074,1344.2,0.0,2.35,0.00,0
1789611365618730489,0.0,0.0,1.50,0.00,0
1789611366868690395,820.2,0.0,3.45,0.00,6
1789611368133682806,512.4,0.8,1.42,0.79,0
1789611369388612017,821.7,0.0,2.40,1.33,5
1789611370654526079,508.1,0.0,3.08,0.00,0
1789611371905395807,1228.2,0.0,3.34,0.00,4
1789611373175958454,91.7,0.7,1.06,0.17,0
1789611374423927769,1325.7,0.0,1.69,0.00,0
1789611375684820703,0.0,0.0,0.50,0.00,0
1789611376935456560,1346.6,0.0,3.37,0.00,0
1789611378179612270,0.0,0.8,5.00,0.55,0
1789611379437802925,701.0,0.0,4.64,0.00,5
1789611380706797104,623.7,0.2,1.36,1.00,0
1789611381964351059,1112.5,0.0,1.65,1.00,3
1789611383237161008,206.1,45.0,2.10,0.82,0
1789611384497157457,1320.3,0.0,3.20,0.00,0
1789611385760269218,0.0,0.4,5.00,8.50,0
1789611387016766670,1332.0,0.0,1.67,0.00,0
1789611388269163199,0.0,710.2,8.33,3.63,0
1789611389515203623,1345.9,0.0,2.57,0.00,0
1789611390762105154,0.0,0.3,1.50,4.00,0
1789611392020532292,995.3,0.0,3.70,0.00,5
1789611393282980533,329.3,0.5,1.57,0.12,0
1789611394540784746,1222.3,0.0,1.75,0.00,3
1789611395806584880,108.7,0.3,0.26,1.50,0
1789611397049363832,1133.3,0.0,3.55,0.00,3
1789611398308639643,1575.2,1.2,2.56,0.22,30
1789611399567359351,2536.0,0.0,2.73,1.00,4
1789611400831732859,2686.4,0.3,2.11,8.50,1
1789611402083198441,1887.7,0.0,3.21,0.00,6
1789611403346256072,2448.6,0.5,2.16,1.07,8
1789611404606377045,2679.1,0.0,2.12,1.00,7
1789611405860604375,2363.1,0.3,2.20,10.00,0
1789611407116049668,2236.9,0.0,2.38,0.00,5
1789611408392231701,2341.2,0.0,2.41,0.00,5
1789611409644802201,1931.2,0.5,2.99,2.10,4
1789611410903882404,2503.4,0.3,2.12,4.75,5
1789611412151960346,2641.5,0.0,2.20,0.00,6
1789611413416043860,2245.1,0.0,2.94,0.00,6
1789611414674094028,2092.5,42.5,1.99,4.34,21
1789611415939423699,2616.1,0.4,2.02,9.50,14
1789611417194843337,2570.5,0.0,2.87,0.00,4
1789611418442049836,1837.3,0.0,3.10,2.00,6
1789611419702907175,1792.1,283.3,2.86,3.83,14
1789611420974271619,1784.3,580.4,3.04,4.77,0
1789611422228071461,2271.4,0.0,2.67,1.67,5
1789611423498080857,2394.5,0.0,2.40,0.00,6
1789611424746096402,2235.3,0.0,2.95,0.00,7
1789611425999953725,2182.6,0.8,2.05,1.12,4
1789611427265350308,2349.2,0.0,2.56,0.00,4
1789611428522732608,1869.9,0.0,2.75,0.00,0
1789611429787615970,2270.1,0.0,2.76,1.14,4
1789611431053397033,2351.5,1.7,2.47,1.47,4
1789611432309324348,1935.8,0.0,2.95,0.00,3
1789611433566230633,2211.7,0.0,2.48,0.00,5
1789611434828101464,2102.5,0.0,2.68,0.00,8
1789611436087673535,2052.5,0.8,2.84,1.37,5
1789611437343702831,2432.2,0.0,2.16,0.00,3
1789611438605979315,2587.4,0.4,2.37,1.96,5
1789611439848619625,2195.9,0.0,3.39,0.00,8
1789611441094911743,2659.9,0.5,2.23,0.82,7
1789611442354090871,2237.9,0.3,2.03,4.00,4
1789611443622490806,2286.0,0.0,2.87,0.00,6
1789611444868589417,1886.1,0.0,2.25,0.00,2
1789611446139077677,2623.5,43.5,2.13,1.40,4
1789611447389183586,2248.1,0.4,3.06,7.33,5
1789611448647713281,2611.1,0.0,2.05,0.00,6
1789611449899337896,2434.9,0.0,1.99,1.00,6
1789611451150102031,2114.6,209.6,2.01,1.86,4
1789611452417699014,1677.6,754.7,3.44,8.39,7
1789611453672310090,2145.2,0.0,2.07,0.00,3
1789611454941165376,2347.6,0.0,3.16,0.00,5
1789611456201245231,1845.1,0.0,2.22,0.00,1
1789611457440311609,2658.4,0.7,2.16,2.52,1
1789611458705163364,2585.2,0.0,2.80,0.00,4
1789611459959301974,2499.5,0.0,2.34,0.00,4
1789611461218682667,2662.7,0.0,2.18,0.00,5
1789611462473171303,2281.3,0.8,2.34,0.86,5
1789611463735155466,1955.8,0.0,2.90,0.00,1
1789611464997389199,1972.6,0.0,3.08,0.00,6
1789611466259086490,2476.0,0.0,2.15,0.75,5
1789611467522407258,2011.8,1.7,2.87,0.28,5
1789611468781158618,1711.3,0.0,3.42,0.00,7
1789611470038870912,2418.0,0.0,2.38,1.00,1
1789611471301827075,1986.3,0.0,2.99,0.00,7
1789611472568184139,1919.8,0.8,2.25,1.85,3
1789611473839555640,2552.3,0.0,2.67,0.00,4
1789611475098416603,2647.2,0.0,2.20,0.00,6
1789611476361628555,1730.4,0.0,3.31,0.00,6
1789611477628866845,2434.8,42.8,2.16,1.47,0
1789611478892522610,2672.6,0.0,2.12,0.00,0
1789611480152343579,2005.8,0.0,3.09,0.00,7
1789611481392290732,2438.6,0.3,2.16,1.00,9
1789611482657169372,2265.6,299.4,2.26,1.49,17
1789611483918641121,1192.7,616.5,4.34,5.02,3
1789611485176140275,2553.6,0.0,2.83,0.00,5
1789611486440386834,1743.8,0.3,3.27,11.50,7
1789611487700504097,2187.8,0.0,2.10,0.00,5
1789611488972211149,2233.9,0.5,2.97,0.80,6
1789611490233275084,1884.4,0.0,2.27,0.00,3
1789611491500946644,2570.0,0.3,2.16,12.50,5
1789611492769915248,2427.2,0.0,2.92,0.00,5
1789611494033591165,2639.1,0.8,2.26,0.70,5
1789611495285690841,2669.9,0.0,2.15,0.00,6
1789611496533854056,2406.8,0.3,2.27,11.00,5
1789611497794549461,1928.9,0.0,3.10,0.00,3
1789611499050266954,2650.3,0.0,2.17,1.14,3
1789611500312679251,2233.7,0.5,2.42,0.13,4
1789611501570194796,2124.5,0.3,2.58,5.00,7
1789611502827630823,2381.5,0.0,2.19,0.00,0
1789611504080086847,2602.4,0.0,2.21,0.00,1
1789611505348676313,2647.7,1.1,2.16,2.02,0
1789611506610938316,2520.7,0.3,2.73,10.00,6
1789611507871403024,1722.7,0.0,2.89,0.00,6
1789611509128592192,1148.3,0.3,1.06,2.00,0
1789611510382546791,1334.4,43.6,2.68,8.88,0
1789611511636075079,1336.1,0.0,3.06,0.00,0
1789611512890700815,972.1,0.0,4.03,1.00,6
1789611514141944685,1016.7,0.4,1.49,8.33,6
1789611515413971929,613.0,164.8,5.49,6.54,3
1789611516674910311,58.5,284.8,8.27,6.51,16
1789611517922095017,143.2,228.2,253.97,370.23,57
1789611519196557578,712.3,153.0,10.83,140.26,7
1789611520473153634,407.2,197.4,8.14,4.94,1
1789611521753182613,889.3,0.0,2.13,0.00,5
1789611522996004773,502.1,0.0,3.11,0.00,85
1789611524242796812,1344.8,0.3,3.20,6.00,0
1789611525483897506,1351.0,0.5,2.75,0.40,0
1789611526721603995,1327.5,0.0,1.72,0.00,0
1789611527990135156,1327.6,0.0,3.22,0.00,1
1789611529245162091,1198.2,0.3,1.74,8.50,4
1789611530513508792,1243.3,0.0,3.26,0.00,5
1789611531767288259,221.6,0.7,1.87,1.20,0
1789611533006506599,1341.8,0.0,3.08,0.00,0
1789611534261460194,1331.6,0.3,2.64,13.50,0
1789611535520274157,1330.7,0.0,3.40,0.00,0
1789611536766272373,1346.5,0.5,1.73,0.15,0
1789611538024179375,1253.1,0.0,3.42,0.00,3
1789611539285011675,375.9,0.3,6.67,1.50,6
1789611540539068353,1230.3,0.0,1.57,0.00,9
1789611541795127516,1131.2,43.5,2.11,2.95,0
1789611543046294619,1156.1,0.0,4.97,0.00,3
1789611544318738578,885.3,0.4,2.01,6.00,5
1789611545585550945,606.1,0.0,3.24,0.00,0
1789611546838096991,1337.3,0.5,3.29,3.32,0
1789611548096556248,1333.3,0.0,3.63,0.00,0
1789611549348229567,1310.5,0.3,1.71,7.00,1
1789611550618366426,1267.6,0.0,2.87,17.33,2
1789611551880304950,67.5,740.3,0.59,4.17,0
1789611553127605555,814.0,0.0,2.27,0.00,4
1789611554392949851,519.3,0.4,3.05,0.38,0
1789611555639869430,850.3,0.0,4.31,0.00,5
1789611556908304850,475.0,0.0,1.46,0.00,0
1789611558160844390,0.0,0.5,1.50,0.13,0
1789611559412960761,1325.0,0.3,2.89,4.25,0
1789611560673760473,0.1,0.0,2.33,0.00,0
1789611561928052392,972.3,0.0,2.51,0.00,5
1789611563183351410,364.3,0.5,2.61,1.15,0
1789611564439573368,1220.7,0.3,3.34,21.33,4
1789611565710411455,100.3,0.0,1.16,0.00,0
1789611566964769518,796.5,0.0,2.33,0.00,4
1789611568237206440,526.7,0.5,3.22,1.69,0
1789611569494867741,905.6,0.3,3.29,4.00,5
1789611570754974524,424.4,0.0,1.43,0.00,0
1789611571992984006,0.0,0.0,1.50,0.00,0
1789611573244230566,1320.0,42.3,2.55,4.72,0
1789611574507513187,0.3,0.4,0.18,2.50,0
1789611575752871059,1237.3,0.0,1.73,0.00,3
1789611577019838564,97.1,0.0,1.09,0.00,0
1789611578271227726,1233.6,1.2,2.69,0.11,3
1789611579536437649,91.1,0.3,1.00,5.00,0
1789611580776782584,1092.2,0.0,1.61,0.00,4
1789611582042930914,244.9,0.0,2.11,0.00,0
1789611583292018930,225.4,102.1,32.28,14.86,7
1789611584563689450,586.2,229.9,9.68,12.68,7
1789611585832832923,511.1,346.1,3.78,3.72,0
1789611587083079986,0.0,0.0,0.00,0.00,0
1789611588335478667,1340.6,0.0,2.70,0.00,0
1789611589579119633,0.0,0.3,0.17,2.33,0
1789611590829030016,1256.4,0.5,1.70,0.27,2
1789611592091165400,71.2,0.0,0.62,0.00,0
1789611593342214684,1228.8,0.0,3.19,0.00,4
1789611594604570076,103.0,0.3,1.20,5.50,0
1789611595855970999,1077.5,0.5,1.52,0.11,3
1789611597127837220,242.3,0.0,2.18,0.00,0
1789611598385453562,827.9,0.0,4.13,0.00,5
1789611599640840761,508.5,0.3,1.40,5.00,0
1789611600887604461,0.0,0.5,0.00,0.12,0
1789611602143447938,1345.0,0.0,2.85,0.00,0
1789611603379877055,0.0,0.0,1.00,0.00,0
1789611604633101804,863.5,0.3,2.34,3.00,5
1789611605893474062,468.1,44.9,3.10,5.03,0
1789611607153969461,1009.4,0.0,3.70,0.00,6
1789611608424503947,310.7,0.0,1.55,0.00,0
1789611609667492886,672.3,0.4,2.08,2.50,5
1789611610932779570,661.2,0.0,3.27,0.00,0
1789611612185544742,442.0,1.2,7.11,0.68,6
1789611613449111196,887.1,0.0,1.46,0.00,0
1789611614701504839,0.0,0.3,1.00,9.00,0
1789611615945250671,1204.9,0.0,2.95,0.00,3
1789611617205411846,121.7,321.4,2.94,171.36,96
1789611618630409722,1119.8,299.5,1.83,101.15,3
1789611619897014960,112.7,0.4,1.13,1.50,0
1789611621149643999,16.0,0.0,0.08,0.00,1
1789611622420791882,29.5,0.0,0.08,0.00,0
1789611623692540622,0.0,0.5,0.00,0.14,0
1789611624961329862,28.8,0.9,0.36,2.25,0
1789611626203476094,0.0,0.0,1.38,0.00,0
1789611627456804680,0.5,0.0,0.83,0.00,0
1789611628707012653,0.5,0.0,0.11,0.00,0
1789611629949420205,0.0,2.9,0.00,1.67,0
1789611631200332813,0.1,0.0,1.36,0.00,0
1789611632451040408,0.1,0.0,1.69,0.00,0
1789611633707998031,0.0,0.0,0.00,0.00,0
1789611634942267357,0.0,0.1,0.00,8.50,0
1789611636191137269,7.2,0.0,0.92,0.00,0
1789611637440806549,0.0,0.0,0.00,0.00,0
1789611638693401059,0.0,31.7,2.00,3.83,0
1789611639948402084,0.0,0.2,0.60,2.50,0
1789611641187832097,0.0,0.0,0.00,0.00,0
1789611642429575264,0.0,0.0,14.00,0.00,0
1789611643680972968,0.0,0.0,0.00,0.00,0
1789611644928048628,0.1,0.1,4.14,2.00,0
1789611646190419348,0.0,0.0,0.00,0.00,0
1789611647432602723,0.2,0.0,5.38,0.00,0
1789611648680329506,0.0,103.8,14.00,5.55,49
1789611649932692141,0.0,112.2,0.00,169.35,0
1789611651185977230,0.0,0.0,0.00,0.00,0
1789611652438833956,0.7,0.0,2.00,0.00,0
1789611653681743504,0.0,0.0,0.00,0.00,0
1789611654929647431,0.0,0.1,0.00,11.25,0
1789611656177122618,0.0,0.0,0.00,0.00,0
1789611657409289996,0.0,0.0,0.00,0.00,0
1789611658638335751,0.0,0.0,0.00,0.00,0
1789611659893594999,0.0,0.2,4.67,7.67,0
1789611661153768324,0.0,0.0,0.00,0.00,0
1789611662408161237,0.0,0.0,0.00,0.00,0
1789611663663340389,0.0,0.0,0.00,0.00,0
1789611664916097460,0.0,0.2,0.00,8.00,0
1789611666159233981,0.2,0.0,7.00,0.00,0
1789611667415946205,0.1,0.0,14.00,0.00,0
1789611668661214101,0.0,0.0,0.00,0.00,0
1789611669902646650,0.0,18.4,14.00,9.75,0
1789611671156205665,0.0,0.0,14.00,0.00,0
1789611672406493064,0.1,0.0,15.00,0.00,0
1789611673655460316,0.0,0.0,0.00,0.00,0
1789611674903836802,0.0,0.3,0.00,3.60,0
1789611676167109452,0.0,0.0,0.00,0.00,0
1789611677411356562,0.0,0.0,0.00,0.00,0
1789611678656775456,0.0,0.0,0.00,0.00,0
1789611679911425513,0.0,9.5,0.00,1.01,0
1789611681164690641,0.0,0.0,7.00,0.00,0
1789611682421617398,0.0,0.0,0.00,0.00,0
1789611683661277406,0.0,0.0,0.00,0.00,0
1789611684916852186,0.0,0.2,1.00,8.50,0
1789611686168498801,0.5,0.0,1.55,0.00,0
1789611687424041252,0.0,0.0,0.00,0.00,0
1789611688680396414,0.4,0.2,1.07,1.00,0
1789611689928669341,0.0,6.4,7.50,1.70,0
1789611691166643620,0.0,0.0,0.00,0.00,0
1789611692419692859,0.7,0.0,3.00,0.00,0
1789611693685358696,0.1,0.2,14.00,9.50,0
1789611694933998003,0.0,0.0,0.00,0.00,0
1789611696184655371,0.1,0.0,5.60,0.00,0
1789611697436391413,0.0,0.2,14.00,5.67,0
1789611698690316362,0.0,0.0,0.00,0.00,0
1789611699941189598,0.0,0.0,0.00,0.00,0
1789611701189866129,0.0,9.2,0.00,1.58,0
1789611702438113130,0.0,0.2,0.00,8.00,0
1789611703686164581,0.0,0.0,0.00,0.00,0
1789611704930811274,0.9,0.0,0.18,0.00,0
1789611706180386406,0.0,0.0,0.00,0.00,0
1789611707434950016,0.0,0.2,0.00,6.33,0
1789611708677923088,0.0,0.0,0.00,0.00,0
1789611709933683757,0.0,0.0,0.00,0.00,0
1789611711181954200,0.0,6.1,0.00,1.83,0
1789611712443686291,0.0,0.2,0.00,8.50,0
1789611713701376191,0.0,0.0,0.00,0.00,2
1789611732921159868,2968.1,142.9,0.94,8.82,1
1789611734181165611,2575.9,0.0,2.84,0.00,4
1789611735442206364,1876.7,0.0,3.27,0.00,6
1789611736702409743,2043.8,0.1,2.24,10.00,3
1789611737972679444,2495.2,0.0,2.99,0.00,6
1789611739227077288,2684.7,0.0,2.18,0.00,6
1789611740476400967,2680.7,0.0,2.26,0.00,5
1789611741728778364,2281.1,7.0,2.46,2.83,5
1789611742977122601,1948.3,0.1,3.02,4.67,4
1789611744231557502,1883.2,0.0,3.31,0.00,6
1789611745489196396,2488.8,0.0,2.36,0.00,6
1789611746727581606,2026.2,3.6,2.98,1.28,4
1789611747988689160,1782.8,0.1,2.89,3.50,75
1789611749236364010,2515.5,0.0,2.67,0.00,4
1789611750493299045,2651.6,0.2,2.28,0.60,4
1789611751753217777,1442.7,59.0,2.98,6.22,1
1789611753004092982,2572.1,0.3,2.91,9.50,4
1789611754249602388,2669.4,0.0,2.24,0.00,4
1789611755509230999,1857.6,0.0,3.31,0.00,7
1789611756757314349,2477.9,0.2,2.23,0.26,8
1789611758012233761,2036.9,0.1,3.02,6.50,5
1789611759274258181,1804.7,0.0,2.66,0.00,72
1789611760534045616,2551.4,0.0,2.60,0.00,1
1789611761795514178,2661.3,0.0,2.26,1.40,1
1789611763055629999,2656.1,0.1,2.40,12.00,1
1789611764316364989,2531.8,0.0,2.25,0.00,4
1789611765574888419,2364.0,0.0,2.54,0.00,5
1789611766835652838,1910.9,0.0,3.48,0.00,36
1789611768096641475,2598.8,0.2,2.10,2.33,63
1789611769355649972,2685.1,0.0,2.24,0.00,56
1789611770615447584,2544.1,0.0,2.47,0.00,1
1789611771865117715,1989.9,0.0,3.06,0.00,7
1789611773125595864,2662.3,1.9,2.21,0.86,6
1789611774378417862,2472.2,0.0,2.37,0.00,7
1789611775641036815,2047.2,0.0,2.95,0.00,4
1789611776902812919,1803.9,0.0,3.19,0.00,6
1789611778158210963,2471.6,0.5,2.36,1.75,9
1789611779410360695,2690.7,0.0,2.17,0.00,9
1789611780669864849,2019.8,0.0,3.16,0.00,6
1789611781930944210,2499.4,0.0,2.33,0.00,6
1789611783179952053,2629.5,0.5,2.32,0.48,7
1789611784426727957,1956.2,0.0,3.02,0.00,4
1789611785686861228,2216.5,0.0,2.55,0.00,5
1789611786949155279,2111.9,0.0,2.75,0.00,8
1789611788189844783,2027.5,0.4,2.99,1.63,4
1789611789446902877,2457.3,0.0,2.38,0.00,4
1789611790686448580,2652.7,0.0,2.29,0.00,5
1789611791942990109,2309.4,0.0,2.95,0.00,5
1789611793225699059,2641.3,0.4,2.49,1.70,6
1789611794475270287,2678.9,0.0,2.20,0.00,7
1789611795734194766,2484.5,0.0,2.25,0.00,10
1789611796996888188,2704.4,0.0,2.19,0.00,10
1789611798245469619,1998.0,0.1,3.28,7.50,4
1789611799480729280,2473.8,0.3,2.25,1.61,5
1789611800733739552,2677.3,0.0,2.23,0.00,5
1789611801982603680,2257.5,0.0,3.00,0.00,7
1789611803246152225,2589.2,0.1,2.42,2.50,21
1789611804497440731,2640.7,0.3,2.14,0.76,37
1789611805749276786,2531.2,0.0,2.25,0.00,1
1789611807006394185,2002.7,0.0,3.09,0.00,6
1789611808269640840,1921.7,0.2,2.31,3.67,3
1789611809526817974,2588.2,0.4,2.87,2.09,6
1789611810779745731,1762.9,0.0,3.66,0.00,8
1789611812034174687,2187.9,0.0,2.14,0.00,3
1789611813304131213,2365.9,0.2,2.98,8.00,5
1789611814544460512,2653.3,0.3,2.27,1.07,6
1789611815804356119,1865.9,0.0,2.29,0.00,1
1789611817057551900,2592.8,0.0,2.78,0.00,4
1789611818309863944,1876.5,0.2,3.19,7.50,5
1789611819572939291,2694.7,0.3,2.18,0.23,7
1789611820830318833,2369.4,0.1,2.33,6.00,8
1789611822094977856,2052.7,0.0,3.07,0.00,5
1789611823351678824,1776.3,0.0,2.61,0.00,42
1789611824603081565,2550.0,0.3,2.90,1.28,3
1789611825863955490,2664.1,0.2,2.19,1.50,1
1789611827126716362,2702.4,0.0,2.15,0.00,1
1789611828369563518,2234.2,0.0,2.65,0.00,5
1789611829630966999,1830.0,0.3,1.46,0.11,18
1789611830903160161,1457.3,0.2,2.04,11.00,43
1789611832169430572,1985.9,0.0,1.33,6.00,8
1789611833423851357,1861.8,0.0,2.20,0.00,3
1789611834681283622,2347.7,0.0,2.59,0.00,5
1789611835945037140,1959.3,0.7,3.51,1.89,7
1789611837203272162,2690.8,0.0,2.17,0.00,7
1789611838461135419,2692.9,0.0,2.18,0.00,9
1789611839711239896,2397.5,0.0,2.35,0.00,10
1789611840974973187,2639.0,0.6,2.32,2.03,10
1789611842235552421,2044.1,0.0,3.08,0.00,5
1789611843487726363,2476.1,0.0,2.21,0.00,7
1789611844747932052,2001.2,0.0,2.95,0.00,4
1789611846005331612,1829.3,0.4,3.30,2.87,6
1789611847260972486,2498.9,0.0,2.26,0.00,9
1789611848522957106,2692.8,0.0,2.24,0.00,5
1789611849775271025,2072.2,0.0,2.93,0.00,4
1789611851026229835,2355.8,0.4,2.37,1.70,5
1789611852284887623,1958.0,0.0,3.00,0.00,1
1789611853535238777,1969.5,0.0,3.09,0.00,6
1789611854792011178,2462.9,0.0,2.46,0.00,7
1789611856047764140,2021.5,0.6,3.07,0.99,5
1789611857298794937,1798.9,0.0,3.29,0.00,7
1789611858563593176,2438.4,0.0,2.34,0.00,0
1789611859829049580,2648.2,0.0,2.22,0.00,0
1789611861086988426,0.3,0.7,0.08,0.18,0
1789611862333487127,1191.8,0.0,1.58,0.00,2
1789611863594844644,137.3,0.0,1.43,0.00,0
1789611864839881953,1336.2,0.0,3.39,0.00,0
1789611866088067055,0.0,0.6,2.67,0.32,0
1789611867336642915,50.2,0.0,23.04,0.00,52
1789611868593218464,1281.5,0.0,2.60,0.00,0
1789611869842955804,409.5,0.0,2.10,0.00,6
1789611871107673097,919.7,0.6,1.58,4.45,0
1789611872364554425,789.8,0.0,4.56,0.00,5
1789611873628438834,544.9,0.0,1.46,0.00,0
1789611874867815702,1084.9,0.0,1.67,0.00,4
1789611876134468722,240.0,0.2,2.25,2.00,0
1789611877373867974,1298.6,0.4,2.96,0.05,0
1789611878640859629,37.1,0.0,0.47,0.00,0
1789611879891303695,0.0,0.0,0.00,0.00,0
1789611881151347747,1336.9,0.2,3.34,6.50,0
1789611882398664459,125.8,0.4,2.86,1.39,9
1789611883657200711,1213.6,0.0,2.66,0.00,0
1789611884896778107,108.7,0.0,20.88,0.00,39
1789611886145413628,1236.6,0.2,1.91,3.00,0
1789611887393501417,451.5,0.3,1.99,2.90,8
1789611888650598803,879.7,0.0,1.60,0.00,0
1789611889906298989,811.3,0.0,4.55,0.00,5
1789611891174206314,517.1,0.1,1.44,2.00,0
1789611892420760726,0.1,0.5,1.33,1.32,0
1789611893669779297,1342.2,0.0,3.19,0.00,0
1789611894923137554,0.1,0.0,4.67,0.00,0
1789611896171597858,1330.0,0.2,2.64,11.50,0
1789611897426509619,0.0,0.5,0.00,1.19,0
1789611898682708346,1340.2,0.0,3.43,0.00,0
1789611899930756482,0.0,0.0,14.00,0.00,0
1789611901176935989,1364.5,1.4,1.22,1.45,0
1789611902411765585,0.0,0.4,0.00,7.01,0
1789611903656661564,1350.3,0.0,3.34,0.00,0
1789611904895420575,0.0,0.0,0.00,0.00,0
1789611906148994845,1325.0,0.4,2.91,10.00,1
1789611907410964127,5.2,0.5,0.29,1.21,0
1789611908656392241,1014.2,0.0,2.75,0.00,5
1789611909923077125,312.2,0.0,2.66,0.00,1
1789611911186901643,1327.6,0.2,2.66,8.50,0
1789611912434625629,0.0,0.3,0.00,2.83,0
1789611913690745057,1342.9,0.0,1.79,0.00,0
1789611914922662782,0.0,0.0,0.00,0.00,0
1789611916182269265,1337.5,0.2,3.52,10.50,0
1789611917427852954,0.0,0.3,0.00,2.90,0
1789611918679531324,572.1,0.0,5.88,0.00,6
1789611919946367212,754.0,0.0,1.57,0.00,0
1789611921207599277,956.9,0.2,1.71,8.50,5
1789611922474604557,365.2,0.0,1.91,0.00,0
1789611923728234687,1207.5,0.4,3.61,1.39,4
1789611924987502729,1275.2,0.0,1.78,0.00,4
1789611926245923514,1324.3,0.2,3.45,2.00,6
1789611927500626673,385.3,0.0,8.55,0.00,8
1789611928742346001,1348.1,0.3,1.38,1.74,9
1789611929988467133,1140.0,0.0,2.71,0.00,0
1789611931237002219,1351.7,0.2,2.88,7.50,0
1789611932471597803,1346.9,0.0,1.78,0.00,0
1789611933720901184,1337.3,0.3,2.85,2.39,0
1789611934976526064,1328.1,0.0,3.42,0.00,1
1789611936225177888,1264.4,0.1,1.77,8.50,3
1789611937484218655,1337.2,0.0,3.29,0.00,1
1789611938744065859,1276.2,0.3,1.79,1.47,2
1789611940005059612,1342.9,0.0,3.02,0.00,4
1789611941264549327,574.5,0.2,5.86,2.00,5
1789611942516606448,1358.4,0.0,1.71,0.00,6
1789611943779490783,1189.1,0.3,3.33,2.21,7
1789611945039773340,1389.1,0.0,1.69,0.00,6
1789611946312059219,903.5,0.1,3.05,11.50,0
1789611947567715092,1333.4,0.0,3.37,0.00,0
1789611948818269550,1337.0,0.4,3.36,0.88,0
1789611950070799002,1332.1,0.0,1.80,0.00,0
1789611951326462842,1333.1,0.2,3.00,11.00,0
1789611952581980138,1032.0,0.0,2.78,0.00,5
1789611953852573134,1027.6,0.4,4.15,1.16,3
1789611955102469453,603.0,0.0,1.48,0.00,0
1789611956353901814,1331.0,0.2,3.49,7.00,0
1789611957611599538,1335.4,0.0,1.77,0.00,0
1789611958857682755,1447.0,0.0,3.35,1.25,13
1789611960115947492,1221.3,0.3,2.71,1.92,0
1789611961373701892,1339.9,0.2,3.40,9.00,0
1789611962621857769,1350.3,0.0,3.40,0.00,0
1789611963855592312,1347.0,0.0,1.78,0.00,86
1789611965108228351,1846.7,0.3,2.98,1.72,7
1789611966375137103,1643.6,0.1,3.05,10.00,6
1789611967627132721,1163.0,0.0,3.62,0.00,6
1789611968890733582,1768.0,0.0,1.63,0.00,4
1789611970150780252,1494.7,0.3,3.29,0.10,1
1789611971417310590,1369.7,0.1,1.71,2.00,0
1789611972678719349,1328.6,0.0,3.44,0.00,0
1789611973934994924,1333.7,0.0,3.48,0.00,0
1789611975191929724,1338.7,0.4,1.80,1.06,0
1789611976446527775,1347.3,0.1,3.48,22.50,9
1789611977698566581,1633.6,0.0,3.20,0.00,6
1789611978964641918,1180.6,0.0,3.60,0.00,7
1789611980224444444,1798.8,0.3,1.74,0.19,5
1789611981474797476,753.9,0.2,5.41,10.00,79
1789611982732897288,1866.0,0.2,1.93,4.75,7
1789611983990343060,1632.9,0.0,2.75,0.00,6
1789611985242002862,1149.9,0.4,3.33,1.95,5
1789611986505384838,1426.1,0.0,2.05,0.00,5
1789611987772795392,1142.3,0.2,4.59,8.00,6
1789611989037589100,2691.9,0.0,2.20,0.00,6
1789611990299083648,2438.2,0.3,2.52,0.11,7
1789611991549914612,2669.3,0.0,2.30,0.00,7
1789611992807452656,2280.5,0.1,2.62,3.00,67
1789611994060573521,2308.3,0.0,2.56,0.00,5
1789611995330410872,2654.3,0.2,2.25,0.59,6
1789611996587069965,2257.7,0.0,3.23,0.00,7
1789611997846841391,1919.1,0.1,2.30,10.00,2
1789611999115016727,2643.7,0.0,2.45,0.00,2
1789612000378687128,2596.0,0.3,2.90,1.44,4
1789612001637095299,1803.9,0.0,3.31,0.00,6
1789612002903349401,2125.8,0.1,2.18,11.50,4
1789612004169332926,2382.2,0.0,2.96,0.00,6
1789612005416016880,2677.7,0.0,2.22,0.00,6
1789612006671816736,2644.6,0.4,2.22,0.87,6
1789612007929206038,2449.0,0.2,2.29,7.00,5
1789612009181573822,1936.5,0.0,3.17,0.00,3
1789612010440198697,2682.6,0.0,2.21,0.00,3
1789612011699843902,2234.5,0.4,2.51,0.06,4
1789612012961029452,2149.4,0.2,2.87,2.00,6
1789612014213565873,2356.0,0.0,2.34,0.00,0
1789612015472268776,2642.2,0.0,2.26,0.00,0
1789612016741502296,2640.1,0.3,2.31,1.90,0
1789612018004442081,2578.1,0.2,2.96,8.00,4
1789612019252717395,2672.8,0.0,2.23,0.00,3
1789612020510652471,2673.9,0.0,2.20,0.00,4
1789612021767637476,2504.9,0.3,2.38,2.25,3
1789612023021565822,2376.5,0.2,2.56,10.00,5
1789612024281305487,1868.9,0.0,2.88,0.00,0
1789612025534659615,2287.7,0.0,2.82,0.00,5
1789612026808064567,2450.2,0.3,2.76,0.14,5
1789612028076942445,2292.6,0.1,3.02,12.50,6
1789612029338684056,2688.9,0.0,2.26,0.00,6
1789612030595329806,2677.3,0.0,2.25,0.00,7
1789612031853791179,2464.2,0.3,2.35,0.08,7
1789612033109543093,2638.5,0.2,2.46,1.50,8
1789612034362341159,2429.8,0.0,2.30,0.00,0
1789612035617659971,2590.9,0.0,2.39,0.00,2
1789612036872713025,2663.5,0.4,2.22,1.45,1
1789612038145400880,2542.3,0.1,3.02,6.50,3
1789612039405501356,1830.8,0.0,3.24,0.00,7
1789612040656286336,2668.8,0.0,2.23,0.00,6
1789612041916085708,2454.7,0.3,2.38,6.88,9
1789612043177548661,2010.2,0.2,3.24,14.50,4
1789612044440749438,1814.3,0.0,2.34,0.00,0
1789612045708187912,2580.2,0.0,2.94,0.00,4
1789612046969099018,2651.7,0.3,2.31,0.12,3
1789612048234369752,2656.8,0.1,2.23,6.50,1
1789612049492917264,2235.7,0.1,2.65,8.33,5
1789612050751368290,2220.1,0.0,2.61,0.00,7
1789612052006889861,2299.6,0.4,2.29,0.88,49
1789612053268987039,2669.6,0.0,2.36,0.00,18
1789612054531853769,2671.1,0.2,2.41,7.50,70
1789612055793485634,2502.2,0.0,2.82,0.00,3
1789612057052989129,1931.7,0.4,3.17,2.47,6
1789612058311717412,2683.8,0.0,2.17,0.00,7
1789612059565629838,2450.0,0.2,2.38,2.50,6
1789612060826977259,2063.3,0.0,2.89,0.00,6
1789612062084465797,2705.4,0.4,2.19,0.89,5
1789612063344319317,2277.4,0.0,2.68,0.00,5
1789612064601548237,1942.8,0.2,3.06,6.50,10
1789612065862137247,2654.8,0.0,2.24,0.00,0
1789612067117896926,2531.0,0.0,2.39,0.00,4
1789612068375953433,2676.2,0.3,2.28,0.54,4
1789612069621276773,2469.1,0.2,3.00,7.50,4
1789612070867183745,1803.3,0.0,2.99,0.00,38
1789612072130356073,2274.7,0.0,2.28,0.00,4
1789612073397763933,2236.3,0.3,3.30,1.20,7
1789612074652365323,1907.3,0.1,2.33,10.50,3
1789612075920579417,2651.1,0.0,2.36,0.00,2
1789612077187746396,2593.7,0.0,2.79,0.00,4
1789612078451523507,1797.9,0.3,3.28,2.08,5
1789612079707502370,2699.2,0.1,2.27,9.00,6
1789612080968010929,2520.6,0.0,2.19,0.00,10
1789612082215798302,2658.5,0.0,2.30,0.00,9
1789612083474662649,2468.3,0.3,2.21,0.13,0
1789612084725167180,2268.1,0.2,2.83,10.00,5
1789612085997559436,2368.4,0.0,2.47,0.00,5
1789612087255184747,1948.6,0.0,2.90,0.00,1
1789612088518738093,2530.6,0.4,2.19,1.22,4
1789612089777608704,2349.7,0.1,2.61,6.50,5
1789612091040874062,1844.7,0.0,2.96,0.00,58
1789612092298105553,2616.2,0.0,2.34,0.00,0
1789612093565383289,2327.0,0.3,2.79,2.34,5
1789612094831592418,2140.8,0.2,3.36,5.00,6
1789612096081148420,2688.3,0.0,2.23,0.00,6
1789612097328156387,2022.8,0.0,2.25,0.00,3
1789612098595824695,2518.3,0.0,2.98,0.00,5
1789612099851706885,2667.4,0.4,2.30,0.69,5
1789612101113446712,2691.6,0.0,2.21,0.00,4
1789612102370491556,2496.7,0.0,2.24,0.00,6
1789612103630406898,2470.8,0.0,2.41,0.00,5
1789612104889949442,1911.3,0.4,3.09,1.47,0
1789612106145895067,2539.7,0.0,2.42,0.00,3
1789612107411634602,2668.1,0.0,2.22,0.00,3
1789612108668492852,2499.5,0.0,2.92,0.00,5
1789612109927710048,1790.3,0.4,3.28,2.54,8
1789612111176199227,1158.6,0.0,1.53,0.00,0
1789612112434204668,1280.1,0.0,1.81,0.00,1
1789612113683486288,311.8,0.0,9.92,0.00,7
1789612114939986934,1077.0,0.6,1.52,0.51,0
1789612116198289148,857.0,0.0,4.30,0.00,5
1789612117456834157,478.7,0.0,1.49,0.00,0
1789612118694751734,1344.5,0.0,1.77,0.00,0
1789612119951608415,1275.8,0.5,2.97,2.38,1
1789612121211326615,97.2,0.0,2.51,0.00,10
1789612122461610304,1287.3,0.0,1.67,0.00,0
1789612123715058854,1331.6,0.0,3.30,0.00,0
1789612124969562962,0.0,0.4,14.00,11.74,0
1789612126225767460,1334.7,0.0,3.29,0.00,0
1789612127480232230,826.7,0.0,2.41,0.00,4
1789612128728718759,508.6,0.0,3.21,0.00,0
1789612129975122070,1352.9,0.5,3.50,0.90,0
1789612131222799103,745.7,0.0,2.31,0.00,5
1789612132491771996,577.4,0.0,3.32,0.00,0
1789612133740305484,1342.1,0.0,3.44,0.00,0
1789612134993811150,0.0,0.4,0.00,9.91,0
1789612136248938153,1340.9,0.0,2.94,0.00,0
1789612137499503603,872.8,0.0,2.52,0.00,5
1789612138764593937,451.9,0.0,3.07,0.00,0
1789612140024707604,1335.1,0.1,3.29,7.00,0
1789612141280099992,825.2,0.4,2.40,0.16,5
1789612142544144429,503.7,0.0,3.23,0.00,0
1789612143796212533,1334.1,0.0,3.34,0.00,0
1789612145047178355,0.1,0.2,3.00,8.50,0
1789612146302250960,1334.9,0.4,3.47,4.10,0
1789612147552743907,924.4,0.0,2.57,0.00,4
1789612148801352661,420.0,0.0,3.05,0.00,0
1789612150052907198,1332.8,0.1,3.45,7.00,0
1789612151305383380,1131.7,0.3,1.68,2.95,3
1789612152563581758,205.1,0.0,2.05,0.00,0
1789612153817797673,1341.7,0.0,3.32,0.00,0
1789612155066942463,273.0,0.1,10.12,9.50,7
1789612156329358569,1065.3,0.3,1.62,0.30,0
1789612157574220594,1331.5,0.0,1.73,0.00,0
1789612158831821178,809.9,0.0,4.75,0.00,5
1789612160098034822,1547.3,0.1,1.64,2.00,5
1789612161359499620,1356.1,0.3,3.04,3.25,6
1789612162615171618,691.9,0.0,5.19,0.00,6
1789612163877137443,1548.7,0.0,1.68,0.00,4
1789612165133925939,689.4,0.1,3.47,10.50,0
1789612166376005171,1362.5,0.3,3.44,0.33,0
1789612167606638656,1339.8,0.0,2.76,0.00,0
1789612168860696479,1337.7,0.0,3.49,0.00,0
1789612170113476739,1330.6,0.1,3.00,1.50,0
1789612171371968792,1329.2,0.3,1.76,1.53,0
1789612172634449521,1331.9,0.1,3.45,0.00,0
1789612173890556060,1335.3,0.0,1.74,0.00,0
1789612175136381182,1346.9,0.3,3.38,5.67,0
1789612176386662789,1301.6,0.6,3.39,1.16,1
1789612177647448462,1016.4,0.0,2.65,0.00,5
1789612178917850220,1214.9,0.0,3.84,0.00,6
1789612180172802747,1553.2,0.2,1.62,2.00,3
1789612181420259129,1414.2,0.3,3.29,1.64,3
1789612182675083726,743.9,0.0,5.24,0.00,6
1789612183944723937,1546.0,0.0,1.67,0.00,6
1789612185202697253,1341.8,0.2,3.44,1.50,6
1789612186454929491,1500.6,0.4,1.69,1.30,5
1789612187711333896,1544.4,0.0,3.01,0.00,4
1789612188972476895,776.6,0.0,4.85,0.00,6
1789612190235298012,1523.0,0.1,1.71,3.00,5
1789612191496919614,1400.4,0.0,2.53,0.00,6
1789612192757794164,1091.0,0.3,1.87,1.05,5
1789612194013923705,657.2,0.0,3.46,0.00,0
1789612195254838609,1354.2,0.1,3.54,8.50,0
1789612196490613278,1344.7,0.0,3.37,0.00,0
1789612197745346223,1252.9,0.3,1.81,0.30,2
1789612199010966471,1286.6,0.0,3.54,0.00,4
1789612200265280018,917.5,0.2,2.30,2.00,5
1789612201527665545,532.7,0.0,3.32,0.00,0
1789612202775193405,1345.8,0.5,2.98,0.76,0
1789612204022786351,1340.3,0.0,3.47,0.00,0
1789612205276227196,1113.2,0.2,2.73,9.50,4
1789612206548014072,1108.6,0.0,3.93,0.00,5
1789612207807441790,1097.3,0.3,1.90,2.44,5
1789612209065365547,662.8,0.0,3.42,0.00,0
1789612210304377323,1348.3,0.2,3.40,8.00,0
1789612211559160701,1329.8,0.0,2.93,0.00,0
1789612212807232348,972.5,0.3,2.68,2.10,5
1789612214077261049,828.9,0.0,4.93,0.00,5
1789612215338121948,1205.1,0.2,1.71,6.00,7
1789612216582013453,997.3,0.0,2.89,0.00,0
1789612217826765368,1343.3,0.3,3.45,0.28,0
1789612219080489768,1242.9,0.0,3.51,0.00,4
1789612220330625911,919.4,0.2,2.31,2.00,5
1789612221576273970,519.7,0.0,3.28,0.00,0
1789612222823529874,1345.7,0.3,3.36,2.25,0
1789612224067256273,1337.5,0.0,1.74,0.00,0
1789612225320344362,1329.1,0.1,3.54,7.00,0
1789612226580093623,1327.9,0.0,3.42,0.00,0
1789612227832966009,1248.9,0.0,1.81,0.00,3
1789612229084591132,1294.5,0.3,3.36,0.06,4
1789612230345958424,1776.8,0.2,3.35,6.67,7
1789612231604614122,2459.8,0.0,2.25,0.00,10
1789612232862393834,2664.3,0.0,2.34,0.00,8
1789612234116341107,1989.7,0.4,3.09,1.49,6
1789612235367298986,2430.9,0.2,2.50,3.00,6
1789612236615409520,2001.6,0.0,2.97,0.00,5
1789612237880203775,1815.2,0.0,3.37,0.00,7
1789612239136662145,2433.2,0.3,2.44,0.81,9
1789612240394616867,2036.6,0.2,3.15,13.50,6
1789612241637867807,2615.5,0.0,2.33,0.00,6
1789612242895017098,2462.5,0.0,2.40,0.00,7
1789612244145998511,1982.7,0.3,3.02,1.82,4
1789612245410691161,1822.9,0.1,3.31,7.50,7
1789612246666353093,2395.9,0.0,2.27,0.00,10
1789612247914999920,2017.4,0.0,3.17,0.00,6
1789612249165451515,2638.5,0.3,2.30,1.68,5
1789612250416424539,2417.0,0.1,2.40,9.00,8
1789612251676709339,2668.3,0.0,2.24,0.00,7
1789612252927793606,2251.4,0.0,2.55,0.00,80
1789612254187396251,2303.4,0.4,2.64,1.84,4
1789612255454320455,2586.3,0.2,2.36,6.50,6
1789612256711327156,2283.5,0.0,2.98,0.00,6
1789612257970413752,1952.8,0.0,2.28,0.00,3
1789612259235858583,2644.5,0.4,2.29,0.52,3
1789612260496340071,2557.1,0.2,2.82,8.00,6
1789612261751088257,1774.3,0.0,3.35,0.00,6
1789612263005716827,2652.6,0.0,2.24,0.00,7
1789612264264050449,2440.7,0.3,2.33,0.20,1
1789612265527475323,2001.3,0.1,3.14,8.50,7
1789612266782854441,2624.5,0.0,2.37,0.00,6
1789612268043407724,2400.7,0.0,2.45,0.00,7
1789612269299329096,2028.3,0.0,3.10,0.00,4
1789612270555889562,2672.3,0.6,2.20,0.70,4
1789612271809132081,2297.0,0.0,2.59,0.00,5
1789612273066592775,1951.7,0.0,3.07,0.00,0
1789612274331684263,2653.2,0.0,2.20,0.00,0
1789612275587000336,2490.5,0.4,2.69,13.59,4
1789612276856736767,2355.3,0.0,2.56,0.00,5
1789612278125060125,1847.2,0.0,3.10,0.00,42
1789612279372634737,2662.6,0.0,2.36,0.00,81
1789612280632260773,2301.8,0.4,2.49,0.79,5
1789612281899657033,2165.0,0.0,3.36,0.00,6
1789612283155202823,2597.0,0.0,2.45,0.00,6
1789612284408801976,2658.4,0.1,2.23,2.00,8
1789612285666723640,2423.0,0.4,2.40,0.53,7
1789612286916451043,2057.9,0.0,2.96,0.00,6
1789612288175685773,1762.4,0.0,2.70,0.00,27
1789612289438737829,2524.8,0.2,2.85,9.50,3
1789612290699723353,2663.2,0.3,2.27,1.51,3
1789612291954292470,1929.3,0.0,3.15,0.00,7
1789612293207204279,2436.9,0.0,2.44,0.00,7
1789612294464226653,2028.8,0.1,3.04,7.00,7
1789612295727237665,1750.4,0.0,2.91,0.00,72
1789612296980918247,2537.6,0.3,2.72,2.22,0
1789612298238582729,2653.4,0.0,2.28,0.00,1
1789612299498929882,2654.8,0.2,2.24,12.00,2
1789612300750911120,2507.9,0.0,2.38,0.00,4
1789612302006958153,2372.1,0.3,2.67,0.29,5
1789612303253717020,1875.6,0.0,2.86,0.00,0
1789612304509890607,2572.6,0.1,2.38,10.50,2
1789612305775505737,2658.6,0.0,2.23,0.00,2
1789612307036670390,2594.1,0.3,2.84,1.92,5
1789612308302318893,1815.6,0.0,3.31,0.00,7
1789612309553860090,2117.0,0.1,2.18,13.00,4
1789612310817225989,2386.5,0.0,3.06,0.00,5
1789612312071124510,2638.6,0.3,2.20,1.10,5
1789612313323971783,2627.5,0.0,2.29,0.00,5
1789612314572042578,2461.6,0.2,2.37,8.50,6
1789612315828817835,1974.8,0.0,2.90,0.00,4
1789612317091021460,2641.8,0.4,2.18,0.44,4
1789612318352847496,2455.0,0.0,2.45,0.00,6
1789612319600083617,2427.3,0.2,2.51,7.50,4
1789612320855079338,1914.6,0.0,2.89,0.00,0
1789612322115312698,2247.2,0.3,2.70,1.73,5
1789612323378177886,2362.1,0.0,2.54,0.00,5
1789612324638581290,1937.7,0.1,3.04,7.00,4
1789612325898072457,2544.6,0.0,2.30,0.00,4
1789612327142075890,2645.8,0.3,2.38,0.65,5
1789612328392086801,2293.2,0.0,3.07,0.00,5
1789612329642788357,2643.5,0.2,2.31,24.50,6
1789612330893239830,1935.2,0.0,2.27,0.00,3
1789612332155853286,2601.3,0.3,2.79,1.00,4
1789612333400110718,2669.8,0.0,2.18,0.00,3
1789612334653100307,2652.9,0.1,2.25,9.50,6
1789612335891565002,2242.0,0.0,2.55,0.00,9
1789612337152585982,1957.3,0.0,3.07,0.00,0
1789612338407761163,2660.9,0.5,2.21,1.83,0
1789612339664221738,2213.4,0.2,2.65,7.00,5
1789612340926560471,2297.1,0.0,2.68,0.00,7
1789612342180668307,2015.7,0.0,2.94,0.00,4
1789612343438553435,2522.0,0.4,2.26,0.06,4
1789612344691729633,2397.7,0.1,2.49,8.00,5
1789612345938128692,1900.5,0.0,3.07,0.00,0
1789612347195436903,2559.0,0.0,2.27,0.00,3
1789612348460539841,2362.0,0.3,2.57,1.43,5
1789612349731435128,2029.0,0.2,3.56,7.00,6
1789612350973893642,2662.9,0.0,2.25,0.00,7
1789612352219900496,2688.0,0.0,2.21,0.00,7
1789612353476990816,2410.3,0.3,2.30,1.12,9
1789612354741076083,2615.5,0.1,2.19,6.00,0
1789612355994398454,820.0,0.0,2.41,0.00,5
1789612357247092179,514.2,0.0,3.23,0.00,85
1789612358501758127,1337.6,0.3,3.43,0.30,0
1789612359748303210,1338.6,0.1,3.38,8.50,0
1789612361008682879,1143.1,0.0,2.84,0.00,3
1789612362284351634,1198.0,0.0,3.65,0.00,6
1789612363542975075,1256.5,0.2,1.70,1.29,6
1789612364807634548,1079.1,0.1,3.24,9.00,6
1789612366078265464,613.7,0.0,1.45,0.00,0
1789612367325302483,1342.0,0.1,2.83,17.25,0
1789612368572398773,1333.5,0.4,1.79,1.37,0
1789612369830443163,1333.9,0.0,3.36,0.00,0
1789612371089840109,1253.0,0.0,2.80,0.00,1
1789612372351332113,1295.9,0.2,3.31,2.00,4
1789612373604338244,298.1,0.4,9.82,2.44,11
1789612374841907336,1178.0,0.0,1.68,4.00,10
1789612376099397665,1316.7,0.0,2.65,0.00,0
1789612377344067715,1335.5,0.2,2.65,9.50,0
1789612378593081382,1128.9,0.0,2.83,0.00,4
1789612379861265311,1133.6,0.3,3.94,0.33,5
1789612381124657872,391.2,0.0,1.56,0.00,0
1789612382361821785,1351.7,0.2,3.43,9.00,0
1789612383603920119,1344.6,0.0,1.80,0.00,0
1789612384859250172,1335.9,0.3,2.73,2.60,0
1789612386117300846,1315.2,0.0,2.73,0.00,0
1789612387389045395,1272.3,0.2,3.51,2.50,1
1789612388632289802,350.1,0.0,9.11,0.00,9
1789612389880715098,1107.7,0.3,1.75,0.80,10
1789612391112850055,1302.9,0.0,2.62,0.00,0
1789612392368093793,1330.8,0.1,3.03,8.50,0
1789612393625125024,830.5,0.0,1.77,0.00,5
1789612394887834090,500.0,0.3,1.87,2.70,0
1789612396135100776,1340.7,0.0,2.77,0.00,0
1789612397379338319,0.1,0.1,1.00,8.50,0
1789612398632037290,1331.3,0.0,3.38,0.00,0
1789612399891668613,1070.0,0.4,2.79,1.69,4
1789612401159490791,256.4,0.0,2.31,0.00,0
1789612402412212723,1335.2,0.1,3.44,7.50,0
1789612403668688839,1341.1,0.0,1.76,0.00,0
1789612404912490450,347.8,0.3,9.09,4.49,6
1789612406167049200,995.3,0.0,1.47,0.00,0
1789612407411696601,909.6,0.2,4.22,8.00,4
1789612408678529286,419.6,0.0,1.52,0.00,0
1789612409931925941,1349.9,0.3,1.76,0.30,0
1789612411171884429,1294.5,0.0,3.47,0.00,1
1789612412423524010,127.0,0.2,2.46,2.00,10
1789612413675370427,1262.0,0.0,2.67,0.00,0
1789612414922626666,1212.0,0.0,3.50,0.00,4
1789612416190983679,113.2,0.3,1.59,0.08,0
1789612417446569404,1358.3,0.5,2.23,2.86,0
1789612418690309828,497.2,0.0,1.83,0.00,7
1789612419954719138,836.9,0.0,1.58,0.00,0
1789612421202895266,1337.0,0.3,3.34,1.54,0
1789612422462411047,777.6,0.3,2.32,10.00,5
1789612423730149793,548.4,0.0,3.29,0.00,0
1789612424979623286,1351.5,0.0,3.27,0.00,0
1789612426218890523,0.0,0.5,14.00,0.13,0
1789612427473417490,1341.3,0.2,3.28,28.50,0
1789612428722791634,889.9,0.0,2.57,0.00,4
1789612429986264511,437.5,0.0,3.11,0.00,0
1789612431241702297,1336.5,0.3,3.44,0.12,0
1789612432492176751,1128.6,0.1,1.76,10.00,5
1789612433742024697,213.6,0.0,2.08,0.00,0
1789612434989662165,1339.5,0.0,3.33,0.00,0
1789612436236618370,317.4,0.0,9.70,0.00,7
1789612437499525976,1019.1,0.4,1.66,1.40,0
1789612438749615798,1201.8,0.0,2.80,0.00,3
1789612440019184297,314.9,0.0,9.13,0.00,8
1789612441273689060,2680.9,0.0,2.23,0.00,7
1789612442534908661,2427.4,0.5,2.38,1.78,0
1789612443792166285,2047.7,0.0,3.06,0.00,5
1789612445041754318,2713.4,0.0,2.17,0.00,4
1789612446291726995,2456.9,0.0,2.38,0.00,8
1789612447552871178,2653.4,0.4,2.32,1.74,7
1789612448805221845,2033.7,0.0,2.91,0.00,4
1789612450054181602,2226.7,0.0,2.51,0.00,5
1789612451320065326,2064.5,0.0,2.89,0.00,9
1789612452581011260,2022.9,0.5,3.08,2.32,5
1789612453835082387,2444.5,0.0,2.28,0.00,5
1789612455091384566,1950.2,0.0,3.02,0.00,3
1789612456344480113,1968.2,0.0,3.09,0.00,5
1789612457604867979,2334.4,0.5,2.49,1.33,7
1789612458867531560,2626.3,0.0,2.29,0.00,9
1789612460128506313,2439.0,0.0,2.27,0.00,0
1789612461382561105,2590.5,0.0,2.43,0.00,2
1789612462645877734,2345.8,0.4,2.73,1.62,5
1789612463913457009,2046.2,0.0,3.53,0.00,7
1789612465175617086,2650.1,0.0,2.46,0.00,7
1789612466421038758,2660.5,0.2,2.21,1.00,7
1789612467680845121,2462.9,0.4,2.31,1.47,8
1789612468942347472,2700.3,0.0,2.17,0.00,7
1789612470197235697,2496.8,0.0,2.22,0.00,0
1789612471449760156,2277.1,0.2,2.89,9.00,5
1789612472713631080,2393.6,0.4,2.50,1.68,5
1789612473957201449,2216.7,0.0,3.38,0.00,8
1789612475212848055,2642.2,0.0,2.17,0.00,8
1789612476468680714,2646.5,0.2,2.33,25.50,7
1789612477721874946,2492.9,0.0,2.35,0.00,1
1789612478976986093,1995.9,0.3,3.17,2.08,6
1789612480228527821,2714.7,0.0,2.18,0.00,6
1789612481484574437,2489.8,0.2,2.24,6.50,8
1789612482741558738,2661.6,0.0,2.32,0.00,7
1789612483999655379,2022.5,0.4,2.92,1.91,3
1789612485254307570,2534.1,0.0,2.22,0.00,4
1789612486510831820,2379.2,0.2,2.48,13.50,5
1789612487774312635,1876.1,0.0,3.07,0.00,0
1789612489020645828,2585.9,0.3,2.36,1.31,2
1789612490283188414,2671.4,0.0,2.20,0.00,1
1789612491545541278,2556.0,0.2,2.79,7.00,4
1789612492806028242,1808.8,0.0,3.26,0.00,6
1789612494071127866,2690.0,0.3,2.18,1.67,6
1789612495329229569,2432.9,0.0,2.33,0.00,10
1789612496586616813,2704.2,0.1,2.21,9.00,8
1789612497843568175,2487.2,0.0,2.18,0.00,0
1789612499093747901,2601.8,0.3,2.27,2.17,1
1789612500355695056,2669.3,0.0,2.28,0.00,1
1789612501611029717,2593.7,0.2,2.95,6.50,4
1789612502867679077,2679.3,0.0,2.23,0.00,3
1789612504114592361,1750.6,0.5,3.49,1.87,7
1789612505363425279,2479.9,0.0,2.30,0.00,9
1789612506626997177,2677.8,0.1,2.22,6.00,9
1789612507884466681,2054.0,0.0,3.01,0.00,6
1789612509140744424,2402.6,0.4,2.36,1.00,7
1789612510396731288,1975.5,0.0,3.04,0.00,3
1789612511655481568,2665.8,0.2,2.19,6.00,4
1789612512921901147,2222.2,0.0,2.66,0.00,5
1789612514184253412,2132.8,0.4,2.85,0.97,7
1789612515441334199,2407.9,0.0,2.34,0.00,0
1789612516681398025,2634.0,0.2,2.23,8.00,1
1789612517946617316,2342.4,0.0,2.63,0.00,5
1789612519219250075,2159.2,0.3,3.20,0.11,7
1789612520475391937,2006.8,0.0,2.24,0.00,3
1789612521741187675,2661.9,0.2,2.28,6.00,2
1789612523004957217,2549.9,0.0,2.83,0.00,4
1789612524253063289,1759.2,0.3,3.47,0.69,8
1789612525498810486,2249.7,0.0,2.13,0.00,4
1789612526760953281,2226.5,0.2,3.25,1.50,6
1789612528014692567,1914.4,0.0,2.33,0.00,2
1789612529280149924,2368.8,0.3,2.60,2.14,5
1789612530532888385,1934.7,0.0,3.86,0.00,8
1789612531791220391,2657.8,0.2,2.37,7.50,7
1789612533057293347,2734.3,0.0,2.15,0.00,7
1789612534308769516,2478.3,0.0,2.27,0.00,10
1789612535568661473,2031.6,0.4,3.07,1.70,5
1789612536833381055,1840.3,0.1,2.32,14.00,0
1789612538096532505,2567.8,0.0,3.08,0.00,4
1789612539344951527,1856.6,0.0,3.36,0.00,7
1789612540595547732,2077.1,0.4,2.19,1.35,4
1789612541865037421,2438.3,0.2,3.09,1.50,6
1789612543100572088,2640.4,0.0,2.33,0.00,6
1789612544351383258,1796.8,0.0,2.37,0.00,70
1789612545600421455,2548.1,0.3,3.01,1.38,4
1789612546864371573,2649.7,0.2,2.32,15.00,4
1789612548124439966,1817.9,0.0,3.40,0.00,7
1789612549383585400,2451.6,0.0,2.43,0.00,10
1789612550643568549,2040.7,0.3,3.05,2.10,5
1789612551897311534,2709.2,0.2,2.17,9.50,5
1789612553149239471,2432.5,0.0,2.27,0.00,4
1789612554392328335,1942.6,0.0,3.00,0.00,2
1789612555652439436,1945.1,0.3,3.15,0.11,7
1789612556904248171,2451.7,0.2,2.40,8.00,7
1789612558158588470,2709.2,0.0,2.15,0.00,8
1789612559412900729,2301.0,0.0,2.24,0.00,0
1789612560676814024,2678.6,0.3,2.29,1.51,33
1789612561935666399,2662.2,0.1,2.22,7.00,43
1789612563182797592,2535.1,0.0,3.06,0.00,3
1789612564446972050,1877.2,0.0,3.50,0.00,6
1789612565704679240,892.8,0.4,1.47,0.15,0
1789612566951860683,322.3,0.2,2.27,5.00,8
1789612568220703067,1005.8,0.0,1.59,0.00,0
1789612569468925166,709.7,0.0,5.05,0.00,5
1789612570741031302,619.3,0.4,1.45,1.73,0
1789612571989367213,0.0,0.2,0.00,8.50,0
1789612573231749105,1343.8,0.0,3.44,0.00,0
1789612574480579677,0.0,0.0,0.00,0.00,0
1789612575737043921,1346.5,0.0,1.74,0.00,0
1789612576980362313,0.0,0.4,0.00,3.17,0
1789612578236966330,1334.0,0.0,3.47,0.00,0
1789612579488476946,19.1,0.0,7.57,0.00,10
1789612580747025439,1325.6,0.0,1.68,0.00,0
1789612581984703266,314.6,0.4,9.76,3.57,6
1789612583244869413,1016.9,0.0,1.50,0.00,0
1789612584498188004,0.0,0.0,0.00,0.00,0
1789612585744156421,1337.9,0.0,3.27,0.00,0
1789612586997777566,0.0,0.4,0.00,6.39,0
1789612588252077858,1346.5,0.0,1.76,0.00,0
1789612589498863933,0.0,0.0,0.00,0.00,0
1789612590749006153,1345.7,0.0,3.36,0.00,0
1789612591985401163,0.1,0.5,1.00,0.72,0
1789612593214190340,1346.9,0.0,1.77,0.00,0
1789612594454914110,0.0,0.0,0.00,0.00,0
1789612595695775325,1346.1,0.0,3.42,0.00,0
1789612596942337322,0.0,0.6,0.00,0.49,0
1789612598191588421,1248.5,0.0,3.42,0.00,4
1789612599456143462,83.1,0.0,0.92,0.00,0
1789612600705405724,1306.8,0.0,1.78,0.00,0
1789612601970503581,16.3,0.4,0.48,1.42,0
1789612603213883812,1344.4,0.0,3.44,0.00,0
1789612604464891179,0.0,0.0,0.00,0.00,0
1789612605719247603,1336.2,0.0,1.77,0.00,0
1789612606972655872,0.0,0.4,0.00,9.52,0
1789612608215713685,1342.8,0.0,3.52,0.00,0
1789612609460456330,0.0,0.0,0.00,0.00,0
1789612610711772277,813.1,0.0,4.61,0.00,5
1789612611980445349,511.2,0.4,1.44,10.30,0
1789612613238421705,790.5,0.0,2.39,0.00,4
1789612614504834969,538.0,0.0,3.29,0.00,0
1789612615760133516,1177.7,0.0,3.51,0.00,4
1789612617030195890,142.5,0.1,1.88,8.50,31
1789612618287926562,1228.0,0.3,1.83,11.03,3
1789612619546945864,104.8,0.0,1.05,0.00,0
1789612620803016422,1330.5,0.0,3.37,0.00,0
1789612622058706603,0.0,0.2,0.00,8.50,0
1789612623306452475,64.8,0.4,24.67,1.46,77
1789612624551874734,1281.9,0.0,2.44,0.00,0
1789612625798464203,315.4,0.0,2.29,0.00,6
1789612627056122285,1025.1,0.2,1.57,2.00,0
1789612628300621496,589.2,0.4,5.58,1.67,6
1789612629563805220,1198.2,0.0,1.74,0.00,6
1789612630827812329,871.8,0.0,3.10,0.00,0
1789612632077859995,1338.4,0.2,3.34,7.00,0
1789612633328869974,1291.8,0.3,3.54,1.54,1
1789612634583107403,1213.3,0.0,1.73,0.00,4
1789612635834586339,1174.4,0.0,3.64,0.00,4
1789612637090414722,1204.5,0.2,1.72,8.50,6
1789612638338684425,1014.2,0.3,3.47,2.70,5
1789612639600262858,777.8,0.0,1.49,0.00,0
1789612640852348548,1340.7,0.0,3.31,0.00,0
1789612642105383770,1338.3,0.2,1.78,7.00,0
1789612643357018628,1338.3,0.3,3.43,0.11,0
1789612644606047034,1154.8,0.0,2.84,0.00,4
1789612645880187377,1192.0,0.0,3.55,0.00,6
1789612647133834793,307.0,0.1,1.64,8.50,0
1789612648373345322,1353.1,0.3,3.34,2.70,0
1789612649599768317,1346.9,0.0,1.74,0.00,0
1789612650856357619,1336.2,0.0,3.34,0.00,0
1789612652107203572,1342.7,0.2,1.78,7.50,0
1789612653354949493,1331.8,0.0,3.42,0.00,0
1789612654615455399,1120.8,0.4,3.69,0.17,6
1789612655879528870,1205.1,0.0,1.73,0.00,5
1789612657136868464,998.5,0.1,4.18,2.00,6
1789612658395744800,1197.8,0.0,1.74,0.00,5
1789612659648150518,799.7,0.3,3.26,1.98,0
1789612660895480140,1341.0,0.0,3.49,0.00,0
1789612662144672234,1296.7,0.2,3.04,8.50,1
1789612663401917744,912.3,0.0,2.44,0.00,5
1789612664652550246,579.5,0.3,7.04,0.79,22
1789612665901265686,2508.4,0.0,1.75,0.00,0
1789612667161391672,2094.1,0.3,3.33,2.13,5
1789612668415917648,1800.4,0.0,2.31,0.00,4
1789612669676487824,2179.6,0.4,2.67,0.88,5
1789612670936263513,1855.6,0.0,3.23,0.00,3
1789612672189161994,2064.9,0.2,2.46,1.50,5
1789612673445235849,1810.7,0.0,3.27,0.00,5
1789612674699740558,1559.9,0.3,2.54,1.62,0
1789612675956514231,2230.5,0.0,2.99,0.00,5
1789612677214156369,1666.3,0.1,2.46,9.50,3
1789612678484459409,2203.8,0.0,2.47,0.00,5
1789612679744405406,1865.6,0.4,3.09,1.35,0
1789612681004489312,2213.2,0.0,2.53,0.00,5
1789612682263539136,2196.5,0.2,2.22,2.00,6
1789612683521340024,1792.7,0.0,3.45,0.00,4
1789612684771861650,1835.5,0.4,2.82,0.60,8
1789612686032140389,2550.7,0.0,2.29,0.00,1
1789612687292069943,2655.1,0.2,2.17,8.00,0
1789612688554313033,2215.7,0.0,2.77,0.00,5
1789612689816874802,2192.3,0.4,2.80,0.93,7
1789612691067286270,2309.0,0.0,2.31,0.00,0
1789612692325795577,2329.6,0.2,2.90,10.00,5
1789612693597728671,2578.4,0.0,2.35,0.00,5
1789612694861027713,2288.6,0.2,3.05,1.70,11
1789612696110195754,2657.7,0.1,2.29,2.40,6
1789612697355986066,1990.1,0.1,2.25,13.00,2
1789612698624388820,2483.1,0.0,3.22,0.00,6
1789612699886184811,1774.6,0.0,3.30,0.00,8
1789612701138408336,2263.8,0.3,2.12,1.36,4
1789612702393388261,2193.5,0.2,3.39,8.00,7
1789612703653209092,1928.2,0.0,2.32,0.00,3
1789612704918274647,2668.6,0.0,2.26,0.00,3
1789612706180874696,2570.0,0.4,2.75,1.82,5
1789612707436448510,1763.2,0.2,3.42,2.00,8
1789612708692445696,2696.6,0.0,2.23,0.00,7
1789612709951119174,2519.4,0.0,2.18,0.00,9
1789612711199687248,2022.6,0.3,3.11,2.21,6
1789612712448618097,1839.4,0.1,2.32,8.00,0
1789612713712827428,2576.8,0.0,2.86,0.00,4
1789612714977087016,1900.9,0.0,3.26,0.00,6
1789612716215577886,2049.0,0.3,2.22,1.84,4
1789612717473339569,2462.3,0.2,2.95,8.00,5
1789612718729575188,2676.7,0.0,2.27,0.00,6
1789612719980652287,2671.0,0.0,2.22,0.00,6
1789612721228383628,2352.1,0.3,2.42,0.10,4
1789612722485851958,1921.2,0.1,3.22,8.00,4
1789612723747553554,2664.6,0.0,2.21,0.00,3
1789612725008989199,2238.7,0.0,2.68,0.00,5
1789612726264098590,2167.5,0.2,2.74,0.39,7
1789612727522513655,2017.8,0.1,3.11,7.00,5
1789612728772626005,2472.2,0.0,2.38,0.00,6
1789612730028200765,2664.5,0.0,2.28,0.00,6
1789612731284185895,2239.6,0.4,3.40,1.62,7
1789612732541903467,2104.9,0.2,2.19,13.50,4
1789612733799606218,2660.3,0.0,2.28,0.00,4
1789612735062211767,2431.2,0.0,3.04,0.00,5
1789612736311952286,1763.1,0.0,2.48,0.00,39
1789612737576615568,2313.5,0.5,2.74,4.21,5
1789612738845944219,2155.1,0.0,3.34,0.00,6
1789612740099489832,1999.9,0.0,2.28,0.00,3
1789612741357502052,2693.4,0.0,2.23,0.00,3
1789612742593914201,2411.1,0.5,3.15,0.50,4
1789612743838030606,2681.9,0.0,2.25,0.00,4
1789612745093031121,2707.6,0.0,2.19,0.00,5
1789612746354453486,2374.6,0.0,2.43,0.00,5
1789612747612114669,1948.6,0.4,3.04,1.92,1
1789612748869228490,1964.2,0.0,3.19,0.00,7
1789612750114142915,2471.2,0.0,2.39,0.00,6
1789612751368804390,2034.4,0.0,3.02,0.00,5
1789612752626537306,2609.5,0.4,2.39,1.56,6
1789612753880236327,2336.7,0.0,2.50,0.00,5
1789612755123424005,2006.7,0.0,2.90,0.00,1
1789612756359333989,2664.4,0.0,2.21,0.00,1
1789612757616445328,2185.0,0.4,2.87,1.38,5
1789612758866957249,2177.2,0.0,2.81,0.00,7
1789612760121606778,2041.5,0.0,3.02,0.00,5
1789612761376370131,2471.4,0.0,2.30,0.00,5
1789612762628991628,2671.6,0.7,2.25,1.59,5
1789612763887320265,2299.1,0.0,3.12,0.00,6
1789612765143069132,2031.7,0.0,2.23,0.00,4
1789612766411790565,2355.7,0.0,2.69,0.00,5
1789612767677958957,1919.7,0.5,3.67,0.79,8
1789612768935654381,2234.4,0.0,2.11,0.00,3
1789612770199375009,2703.7,0.0,2.23,0.00,4
1789612771442273449,2275.8,0.0,3.20,0.00,6
1789612772706058313,1874.0,0.4,2.33,1.12,1
1789612773973738294,2675.8,0.0,2.18,0.00,0
1789612775236360033,2558.4,0.0,2.86,0.00,4
1789612776498460093,2680.5,0.0,2.19,0.00,4
1789612777764279107,1883.5,0.1,3.14,9.50,6
1789612779019977632,2429.6,0.3,2.40,1.68,9
1789612780269787225,2699.1,0.0,2.18,0.00,7
1789612781531024283,2036.3,0.0,3.07,0.00,5
1789612782776254797,2476.3,0.2,2.25,6.00,5
1789612784024753957,2587.2,0.3,2.34,1.48,5
1789612785283162216,1936.4,0.0,3.13,0.00,2
1789612786539617488,2222.7,0.0,2.73,0.00,5
1789612787804484020,2198.3,0.2,2.65,7.00,7
1789612789059060580,2332.8,0.4,2.23,0.96,0
1789612790298633048,2630.8,0.0,2.48,0.00,0
1789612791567385685,2338.5,0.0,2.68,0.00,5
1789612792840133203,2117.6,0.1,3.45,4.00,5
1789612794092368762,2376.2,0.4,2.40,1.43,0
1789612795348509489,2709.0,0.0,2.21,0.00,7
1789612796600656639,2452.3,0.0,2.33,0.00,8
1789612797855009982,2065.8,0.2,3.04,8.50,5
1789612799110369190,2708.8,0.4,2.22,1.07,4
1789612800359097953,2464.9,0.0,2.41,0.00,7
1789612801607984181,1988.0,0.0,3.02,0.00,4
1789612802869685846,1849.2,0.2,3.29,10.50,7
1789612804129171774,2504.1,0.3,2.25,1.40,6
1789612805390125282,2687.5,0.0,2.25,0.00,7
1789612806648709882,2064.7,0.0,2.89,0.00,6
1789612807899021160,2484.0,0.2,2.39,8.00,5
1789612809152473781,2686.9,0.3,2.24,1.32,6
1789612810410761325,2263.5,0.0,3.16,0.00,5
1789612811663814328,2057.9,0.0,2.24,0.00,4
1789612812923174793,1501.1,0.2,2.67,1.00,0
1789612814181425233,1340.5,0.3,1.79,0.22,0
1789612815429913555,1343.7,0.0,3.40,0.00,0
1789612816677476695,807.9,0.0,4.01,0.00,6
1789612817924539476,1159.9,0.2,1.70,8.50,5
1789612819192911965,697.0,0.0,3.47,0.00,0
1789612820437912268,1345.8,0.5,3.03,1.27,0
1789612821691299408,1331.2,0.0,1.76,0.00,0
1789612822944740600,1343.2,0.2,3.45,6.00,0
1789612824185719156,1129.1,0.0,3.59,0.00,5
1789612825443089601,1173.9,0.3,1.73,0.09,4
1789612826704625825,947.4,0.0,3.77,0.00,6
1789612827949059708,1132.8,0.1,1.75,8.50,6
1789612829207444091,976.9,0.0,0.71,0.00,1
1789612830460291822,1359.9,0.3,0.80,0.12,0
1789612831721721563,1202.0,0.0,3.59,0.00,4
1789612832980882575,919.5,0.2,2.21,8.50,5
1789612834228995969,549.3,0.0,3.29,0.00,0
1789612835472901275,1336.0,0.3,3.40,1.39,0
1789612836725703225,1335.7,0.0,1.70,0.00,0
1789612837978739747,1349.7,0.2,3.50,8.00,0
1789612839216134841,1298.4,0.0,3.39,0.00,1
1789612840476392150,902.7,0.3,2.43,1.91,5
1789612841723977488,525.1,0.0,4.14,0.00,31
1789612842979540330,1283.9,0.1,2.43,2.00,0
1789612844230773833,1334.0,0.0,1.80,0.00,0
1789612845477886470,1342.6,0.4,3.40,0.18,0
1789612846733040023,1334.6,0.0,3.47,0.00,0
1789612847986681671,1215.7,0.1,1.75,5.00,3
1789612849254354817,1277.6,0.0,3.38,0.00,5
1789612850506588313,867.2,0.0,2.03,2.25,9
1789612851762839389,631.3,0.3,3.42,2.24,0
1789612853012035699,1355.0,0.2,3.38,10.00,0
1789612854259621537,1236.3,0.0,3.64,0.00,4
1789612855519173295,1150.1,0.0,1.62,0.00,3
1789612856785036802,801.7,0.3,4.97,1.49,7
1789612858040754327,1022.6,0.2,1.74,2.00,8
1789612859279095536,1120.6,0.0,1.61,0.00,0
1789612860535118906,1331.1,0.0,2.97,0.00,0
1789612861791920391,1335.1,0.3,3.44,2.90,0
1789612863046194901,1188.4,0.1,1.74,8.50,4
1789612864309116708,1030.8,0.0,3.98,0.00,5
1789612865575872907,1000.5,0.0,1.82,0.00,7
1789612866837902387,764.0,0.2,3.34,1.38,0
1789612868077942630,1343.7,0.2,3.47,6.00,0
1789612869328745462,1065.6,0.0,3.83,0.00,6
1789612870586714255,999.2,0.0,1.80,0.00,4
1789612871848933780,801.5,0.4,4.82,0.17,7
1789612873108004851,1130.9,0.2,1.52,1.50,0
1789612874355930309,1335.4,0.0,1.75,0.00,0
1789612875603522717,1346.5,0.0,3.36,0.00,0
1789612876855111607,1201.0,0.4,3.73,11.32,4
1789612878116677510,847.9,0.2,2.21,1.50,5
1789612879374018141,608.0,0.0,3.41,0.00,0
1789612880634244189,1329.9,0.0,2.95,0.00,0
1789612881888610336,1333.9,0.3,1.80,0.30,0
1789612883141982113,1339.3,0.2,3.35,7.50,0
1789612884394843848,551.8,0.0,6.32,0.00,6
1789612885655169306,930.2,0.0,1.79,0.00,9
1789612886910801916,1185.1,0.3,2.68,0.27,0
1789612888161977367,1337.2,0.2,3.56,8.00,0
1789612889407944083,0.0,0.0,0.00,0.00,0
1789612890652837473,1351.6,0.0,1.76,0.00,0
1789612891884062293,0.0,0.0,0.00,0.00,0
1789612893140279163,1353.7,0.4,3.38,7.87,0
1789612894373912510,0.0,0.0,0.00,0.00,0
1789612895615097839,1337.1,0.0,3.43,0.00,0
1789612896865901081,0.0,0.0,0.00,0.00,0
1789612898116475186,1343.7,0.4,1.73,5.85,0
1789612899353862023,0.1,0.0,14.00,0.00,0
1789612900609931280,1342.3,0.0,2.95,0.00,0
1789612901857824598,35.8,0.0,5.25,0.00,9
1789612903114076584,1306.8,0.6,1.67,0.15,0
1789612904348264350,584.2,0.0,6.03,0.00,6
1789612905611709040,754.0,0.0,1.44,0.00,0
1789612906862178679,0.0,0.0,14.00,0.00,0
1789612908107205274,1336.5,0.6,3.42,0.45,0
1789612909361555954,0.0,0.0,0.00,0.00,0
1789612910620827700,1333.6,0.0,2.70,0.00,0
1789612911874404611,25.3,0.0,19.11,0.00,53
1789612913127802594,1307.5,0.2,3.19,2.50,0
1789612914381891863,616.5,0.3,1.95,2.54,5
1789612915642552933,720.2,0.0,3.47,0.00,0
1789612916887300585,856.3,0.0,4.28,0.00,6
1789612918152627966,474.7,0.2,1.47,2.00,0
1789612919397301879,0.0,0.3,0.00,2.92,0
1789612920649595795,1334.9,0.0,3.38,0.00,0
1789612921898919258,28.2,0.0,5.93,0.00,10
1789612923150498214,1303.1,0.1,2.66,11.00,0
1789612924388796997,225.2,0.3,12.60,2.92,8
1789612925635219740,1121.4,0.0,1.51,0.00,0
1789612926880788413,683.5,0.0,2.03,0.00,5
1789612928145593204,650.1,0.2,3.41,7.00,0
1789612929398843619,1048.6,0.4,3.85,1.39,4
1789612930666601251,273.1,0.0,1.61,0.00,0
1789612931918083816,0.0,0.0,0.00,0.00,0
1789612933160194807,1337.7,0.2,3.27,9.00,0
1789612934404089703,241.6,0.0,2.65,0.00,6
1789612935661481572,1093.0,0.4,2.78,1.58,0
1789612936915706680,490.4,0.0,6.57,0.00,6
1789612938173367246,840.5,0.1,1.44,2.00,0
1789612939434480405,777.8,0.0,2.38,0.00,5
1789612940705318149,552.5,0.3,3.27,2.36,0
1789612941948523064,1224.9,0.0,3.59,0.00,4
1789612943218306025,96.3,0.2,1.22,8.50,0
1789612944466113695,23.5,0.0,18.06,0.00,55
1789612945711218631,1314.3,0.3,3.15,1.44,0
1789612946968847572,623.8,0.0,1.89,0.00,4
1789612948235460771,703.4,0.2,1.59,1.50,0
1789612949486547943,1197.4,0.0,3.62,0.00,4
1789612950750766260,1420.6,0.3,1.75,2.49,1
1789612952015552457,1366.6,0.0,3.35,0.00,0
1789612953270278697,1326.0,0.1,3.11,8.50,0
1789612954534703435,1328.1,0.0,1.77,0.00,0
1789612955783043626,1344.1,0.4,3.49,1.04,0
1789612957041465592,1301.9,0.0,2.76,0.00,1
1789612958302601318,1356.6,0.2,2.97,8.50,0
1789612959548726259,1340.4,0.0,3.32,0.00,0
1789612960807762279,1335.0,0.4,1.78,0.22,0
1789612962055728901,1335.6,0.0,3.54,0.00,0
1789612963315401694,1322.7,0.1,2.72,7.00,1
1789612964574342854,1344.1,0.0,3.29,0.00,0
1789612965819834398,1343.4,0.3,3.35,1.49,0
1789612967072581339,1097.3,0.0,2.81,0.00,4
1789612968333073991,1465.6,0.1,3.43,5.00,4
1789612969604801046,1400.8,0.0,1.74,0.00,0
1789612970871765335,1328.0,0.3,3.37,0.33,0
1789612972129718879,1328.7,0.0,3.30,0.00,0
1789612973394792867,1154.5,0.2,2.83,2.00,4
1789612974661297805,1494.6,0.0,3.23,0.00,1
1789612975918828501,1333.4,0.0,1.81,0.00,0
1789612977172569334,1342.0,0.3,3.35,0.12,0
1789612978421967378,1328.6,0.1,3.48,2.00,0
1789612979679644973,1147.5,0.0,2.81,0.00,4
1789612980948354396,1498.9,0.0,3.14,0.00,0
1789612982210321425,2656.1,0.4,2.18,1.20,1
1789612983472049046,2185.3,0.0,2.95,24.67,5
1789612984738701512,2260.2,0.0,2.66,0.00,7
1789612985993411438,2285.0,0.0,2.68,0.00,65
1789612987242793321,2298.5,0.4,2.46,1.35,5
1789612988510767316,2358.4,0.2,2.54,3.50,4
1789612989768178343,1907.3,0.0,2.88,0.00,0
1789612991025563658,2582.3,0.0,2.31,0.00,3
1789612992280906456,2358.5,0.3,2.59,1.88,5
1789612993549646620,2033.5,0.1,3.48,10.00,5
1789612994811135557,2136.0,0.0,2.18,0.00,4
1789612996077457407,2662.3,0.0,2.22,0.00,4
1789612997336358575,2380.0,0.3,2.97,0.75,5
1789612998593369881,2661.3,0.1,2.23,6.00,5
1789612999843713175,2673.5,0.0,2.22,0.00,5
1789613001099839043,2428.0,0.0,2.48,0.00,5
1789613002345431874,1941.2,0.3,3.23,1.26,3
1789613003602247939,2696.4,0.1,2.19,8.50,3
1789613004844663805,2237.5,0.0,2.58,0.00,5
1789613006105160359,2156.2,0.0,2.73,0.00,6
1789613007357881423,2396.3,0.3,2.18,0.72,0
1789613008599707394,2302.5,0.1,2.87,8.00,4
1789613009870223722,2365.3,0.0,2.56,0.00,5
1789613011124433118,1970.3,0.0,2.87,0.00,0
1789613012384245750,2511.1,0.4,2.32,1.40,4
1789613013649694823,2656.0,0.2,2.22,8.50,3
1789613014910978071,2457.1,0.0,2.88,0.00,5
1789613016168289020,1792.9,0.0,3.32,0.00,37
1789613017429010052,2266.8,0.4,2.19,1.59,4
1789613018690251448,2260.8,0.2,3.05,7.50,6
1789613019949186639,1910.9,0.0,2.30,0.00,2
1789613021213935034,2359.0,0.0,2.60,0.00,5
1789613022471209357,2057.8,0.1,3.34,2.00,7
1789613023721632747,2657.7,0.4,2.28,2.47,5
1789613024980864594,2644.3,0.0,2.35,0.00,6
1789613026233960716,2490.7,0.0,2.28,0.00,10
1789613027495643608,2057.3,0.1,3.00,7.00,6
1789613028749646480,2650.9,0.3,2.32,1.30,6
1789613029992023531,2470.3,0.0,2.40,0.00,5
1789613031235819063,1945.2,0.0,3.01,0.00,4
1789613032491285051,2684.9,0.1,2.24,10.50,4
1789613033739492842,2205.4,0.3,2.58,6.26,5
1789613035004741745,2119.1,0.0,2.77,0.00,8
1789613036252757009,2449.6,0.0,2.23,0.00,0
1789613037495398883,2303.2,0.1,2.82,11.00,5
1789613038753450043,2432.8,0.4,2.47,0.97,5
1789613040010126088,2310.9,0.0,2.96,0.00,6
1789613041268727824,2672.1,0.0,2.31,0.00,5
1789613042507231932,2124.7,0.2,2.17,11.50,3
1789613043776051730,2431.1,0.4,2.89,0.12,6
1789613045033907896,2653.2,0.0,2.35,0.00,5
1789613046286012653,2671.1,0.0,2.31,0.00,5
1789613047533890299,2416.2,0.2,2.44,7.00,5
1789613048787654409,1937.2,0.3,3.03,1.50,3
1789613050046317370,2654.0,0.0,2.25,0.00,4
1789613051310188556,2201.2,0.0,2.75,0.00,5
1789613052578875403,2117.1,0.1,2.88,2.00,7
1789613053828089086,2046.3,0.4,2.99,1.01,5
1789613055077675205,2418.0,0.0,2.48,0.00,5
1789613056331924244,2704.9,0.0,2.15,0.00,5
1789613057592171854,2300.8,0.2,3.07,23.50,6
1789613058853056141,2682.8,0.0,2.25,0.00,6
1789613060097433245,2087.9,0.4,2.20,1.06,4
1789613061366550905,2440.0,0.0,3.04,0.00,6
1789613062625632602,2664.9,0.1,2.22,8.00,6
1789613063888492500,1764.0,0.0,2.69,0.00,27
1789613065142090581,2553.3,0.3,2.80,1.35,1
1789613066402889394,1937.4,0.0,3.35,0.00,7
1789613067665212004,2683.7,0.1,2.25,24.00,7
1789613068919885269,2378.3,0.0,2.43,0.00,7
1789613070181024521,2058.9,0.4,3.07,1.71,5
1789613071435928288,2643.7,0.0,2.44,0.00,6
1789613072680927061,2448.7,0.2,2.31,8.00,6
1789613073938531279,2679.3,0.0,2.28,0.00,4
1789613075194904145,2329.6,0.3,2.98,0.30,7
1789613076437990447,2065.4,0.0,2.20,0.00,3
1789613077704102818,2359.0,0.1,2.61,13.00,5
1789613078954911623,1891.1,0.0,3.32,0.00,64
1789613080202266418,2685.7,0.3,2.22,1.67,45
1789613081452637476,2304.2,0.0,2.36,0.00,4
1789613082711839349,2270.7,0.1,3.07,2.00,7
1789613083960304949,2672.6,0.0,2.29,0.00,6
1789613085216505198,1912.1,0.3,2.31,2.44,2
1789613086488522703,2555.1,0.0,2.82,0.00,4
1789613087740148738,1772.8,0.1,3.52,8.50,8
1789613088988573297,2191.1,0.0,2.13,0.00,4
1789613090249850252,2298.1,0.3,3.16,0.09,6
1789613091509928788,1870.7,0.0,2.30,0.00,1
1789613092774595483,2352.8,0.1,2.66,9.50,5
1789613094040375106,2123.0,0.0,3.37,0.00,7
1789613095294975425,2051.4,0.4,2.22,1.91,4
1789613096556333599,2657.9,0.0,2.35,0.00,4
1789613097821604160,2515.1,0.1,2.79,21.00,6
1789613099078777036,1794.1,0.0,3.26,0.00,8
1789613100343635861,2230.2,0.4,2.11,1.54,4
1789613101617098965,2340.3,0.0,3.08,0.00,6
1789613102873748209,1834.2,0.2,2.36,12.00,0
1789613104135630025,2676.5,0.0,2.24,0.00,0
1789613105398479834,2528.1,0.4,3.11,0.89,4
1789613106657944338,2660.2,0.0,2.32,0.00,3
1789613107923238996,126.8,0.2,1.76,8.50,0
1789613109182036222,0.0,0.0,0.00,0.00,0
1789613110454668526,0.0,0.3,0.00,2.46,0
1789613111716376887,0.0,0.0,0.00,0.00,0
1789613112986751799,0.0,0.2,0.00,8.50,0
1789613114261522090,0.0,0.0,0.00,0.00,0
1789613115526945814,0.0,0.3,0.00,2.27,0
1789613116800199484,0.0,0.0,0.00,0.00,0
1789613118067280798,0.0,0.1,0.00,9.00,0
1789613119334507550,0.0,0.0,0.00,0.00,0
1789613120602346201,0.0,0.4,13.75,0.19,0
1789613121869370164,798.9,0.0,2.45,0.00,5
1789613123125531406,1854.7,0.2,2.90,22.50,0
1789613124379808547,2580.3,0.0,2.42,0.00,3
1789613125645116816,2326.5,0.0,2.76,0.00,5
1789613126910475141,1927.8,0.4,3.80,1.67,6
1789613128154417348,2214.3,0.1,2.13,8.50,4
1789613129422593778,2350.8,0.0,2.63,0.00,5
1789613130674232586,1914.7,0.0,2.92,0.00,0
1789613131923489818,2211.9,0.3,2.78,7.65,4
1789613133193960633,2238.4,0.2,2.74,15.50,6
1789613134450681154,1991.8,0.0,3.16,0.00,6
1789613135702167533,2247.8,0.0,2.66,0.00,4
1789613136962047429,1944.9,0.3,2.90,0.83,0
1789613138225019499,1989.4,0.1,3.10,9.50,7
1789613139479528592,2317.5,0.0,2.55,0.00,7
1789613140730722794,2626.8,0.0,2.31,0.00,6
1789613141989928462,2045.0,0.3,3.00,0.14,6
1789613143246640327,2426.9,0.1,2.38,9.00,4
1789613144503710709,2694.9,0.0,2.21,0.00,5
1789613145752059106,2274.8,0.0,3.18,0.00,7
1789613147012194161,2108.5,0.3,2.18,1.34,3
1789613148284095904,2673.2,0.1,2.29,10.00,4
1789613149529372744,2403.8,0.0,3.04,0.00,6
1789613150783354562,1785.7,0.0,2.37,0.00,0
1789613152030428501,2357.5,0.4,2.71,1.64,5
1789613153291678553,2141.0,0.2,3.22,9.00,6
1789613154544597031,2692.7,0.0,2.28,0.00,7
1789613155797869469,2693.0,0.0,2.24,0.00,7
1789613157050758412,2393.6,0.4,2.39,0.11,6
1789613158310511640,2637.1,0.2,2.22,8.50,6
1789613159568128920,2058.6,0.0,2.94,0.00,6
1789613160828178377,2355.1,0.0,2.47,0.00,5
1789613162084824929,1971.7,0.3,2.93,0.47,0
1789613163344713503,1992.2,0.2,3.09,10.50,7
1789613164603527974,2513.0,0.0,2.18,0.00,6
1789613165850707221,2012.8,0.0,3.06,0.00,5
1789613167111908936,1801.6,0.0,3.29,0.00,5
1789613168369422630,2490.0,0.4,2.22,1.71,9
1789613169627798551,2065.8,0.0,2.97,0.00,5
1789613170877402388,2644.7,0.0,2.32,0.00,4
1789613172137529706,2514.8,0.0,2.24,0.00,4
1789613173376575562,2630.4,0.4,2.33,1.88,5
1789613174634901422,2238.7,0.0,3.13,0.00,8
1789613175896868310,2607.1,0.0,2.26,0.00,7
1789613177157521393,2242.7,0.0,2.12,0.00,4
1789613178423421392,2202.8,0.6,3.53,2.43,6
1789613179684470295,1934.7,0.0,2.28,0.00,2
1789613180946235366,2683.5,0.0,2.19,0.00,1
1789613182208857887,2597.4,0.0,2.80,0.00,4
1789613183468288752,1818.6,0.6,3.41,2.21,7
1789613184724114055,2104.0,0.0,2.18,0.00,3
1789613185996605828,2439.6,0.0,3.09,0.00,6
1789613187252214333,2630.8,0.0,2.36,0.00,4
1789613188511947966,1789.9,0.5,2.46,2.00,36
1789613189761644223,2560.0,0.0,2.87,0.00,3
1789613191016941133,1948.1,0.0,3.07,0.00,5
1789613192276425167,2699.5,0.0,2.22,0.00,6
1789613193534820482,2394.8,0.4,2.31,1.29,7
1789613194788348673,2651.6,0.0,2.35,0.00,7
1789613196035002144,2397.5,0.0,2.23,0.00,0
1789613197289329070,2296.2,0.0,2.86,0.00,5
1789613198558163672,2364.4,0.4,2.57,1.56,5
1789613199809934654,1972.3,0.0,2.96,0.00,0
1789613201048964767,2520.7,0.0,2.25,0.00,4
1789613202317087325,2348.3,0.0,2.72,0.00,5
1789613203573196277,1851.0,0.4,3.00,1.82,47
1789613204837204462,2656.9,0.0,2.38,0.00,39
1789613206093730160,2317.6,0.0,2.74,0.00,4
1789613207360312224,2227.3,0.0,3.25,0.00,6
1789613208613467350,2664.2,0.2,2.22,6.00,7
1789613209871230413,1945.7,0.4,2.30,1.31,3
1789613211141106528,2537.4,0.0,2.81,0.00,4
1789613212392450844,1751.4,0.0,3.49,0.00,7
1789613213652675091,2684.0,0.1,2.18,8.00,7
1789613214894000143,2461.1,0.3,2.37,1.58,0
1789613216154360027,2669.7,0.0,2.19,0.00,9
1789613217414664420,2052.5,0.0,3.05,0.00,5
1789613218672573169,2487.3,0.1,2.23,7.50,6
1789613219929192560,1983.8,0.2,3.01,1.64,4
1789613221195006909,1871.2,0.0,3.24,0.00,6
1789613222455625205,2489.4,0.0,2.22,0.00,7
1789613223716980945,2690.0,0.1,2.23,6.00,7
1789613224975751921,2364.5,0.3,2.40,0.13,0
1789613226235139827,2651.1,0.0,2.26,0.00,0
1789613227494894334,2325.1,0.2,2.81,10.50,5
1789613228761186034,2111.7,0.0,3.45,0.00,6
1789613230014477311,2026.5,0.3,2.27,1.98,4
1789613231283322164,2662.3,0.0,2.17,0.00,4
1789613232544797647,2403.6,0.2,3.10,7.50,5
1789613233807563480,2695.2,0.0,2.21,0.00,6
1789613235068203053,1770.0,0.4,2.93,1.54,69
1789613236327380819,2537.7,0.0,2.62,0.00,1
1789613237595024194,2676.8,0.1,2.19,7.50,1
1789613238855793236,1992.7,0.0,3.19,0.00,6
1789613240116408978,2494.5,0.0,2.25,0.00,7
1789613241371525909,2022.3,0.4,3.10,1.31,4
1789613242628709840,1753.3,0.2,3.47,2.50,7
1789613243891665137,2518.0,0.0,2.25,0.00,8
1789613245152288013,2686.4,0.0,2.22,0.00,10
1789613246420660718,2469.8,0.3,2.25,1.39,0
1789613247681097838,2556.7,0.1,2.49,7.00,3
1789613248945013107,2348.8,0.0,2.67,0.00,4
1789613250204688718,2006.4,0.0,3.35,0.00,8
1789613251455005226,2193.3,0.3,2.14,1.21,4
1789613252715946946,2346.1,0.1,2.72,6.50,5
1789613253975056865,1846.5,0.0,2.80,0.00,0
1789613255233936607,2645.0,0.0,2.35,0.00,0
1789613256498475117,2327.4,0.3,2.79,1.24,5
1789613257768295184,2169.6,0.1,3.18,1.50,6
1789613259025028589,2005.7,0.0,2.24,0.00,3
1789613260284688242,2362.6,0.0,2.53,0.00,5
1789613261557360869,1977.8,0.3,3.52,1.55,8
1789613262815044625,2664.8,0.2,2.27,11.00,8
1789613264077206632,2679.1,0.0,2.26,0.00,8
1789613265327537666,2402.1,0.0,2.35,0.00,8
1789613266592489394,2646.7,0.4,2.15,0.07,0
1789613267839969642,55.0,0.2,4.17,8.50,10
1789613269089463687,1275.9,0.0,2.68,0.00,0
1789613270349594905,1301.1,0.0,3.58,0.00,0
1789613271605584687,31.5,0.3,0.47,2.58,0
1789613272857067852,1335.5,0.1,3.39,2.50,0
1789613274114273948,934.8,0.0,2.57,0.00,5
1789613275360818502,404.0,0.0,2.97,0.00,0
1789613276608151135,1342.3,0.3,3.46,0.30,0
1789613277857134431,1055.2,0.2,2.82,11.50,5
1789613279118271774,278.0,0.0,2.42,0.00,35
1789613280361417926,1340.7,0.0,3.32,0.00,0
1789613281612346612,937.1,0.3,4.22,1.95,5
1789613282879174404,391.4,0.1,1.54,3.50,0
1789613284128887324,1341.3,0.0,1.70,0.00,0
1789613285375318737,1340.1,0.0,3.31,0.00,0
1789613286633681294,1102.2,0.3,1.74,1.18,4
1789613287916523568,392.3,0.2,6.60,8.50,8
1789613289173026615,1156.9,0.0,1.52,0.00,0
1789613290422676116,1176.0,0.1,3.54,5.67,3
1789613291681454189,301.5,0.5,2.21,1.27,8
1789613292940583649,1184.5,0.0,1.63,0.00,0
1789613294195301086,1356.4,0.0,3.49,0.00,0
1789613295424243832,1164.9,0.2,1.76,8.50,4
1789613296687428419,403.3,0.0,8.54,0.00,8
1789613297938348267,1105.6,0.4,1.54,1.22,0
1789613299191247162,1196.2,0.0,3.47,0.00,4
1789613300453446247,295.2,0.1,2.42,2.50,10
1789613301708962986,1162.5,0.0,2.72,0.00,0
1789613302960838609,1343.4,0.3,3.35,3.19,0
1789613304195943270,493.4,0.0,2.11,0.00,7
1789613305458574011,845.0,0.1,1.64,6.50,0
1789613306709621058,1341.0,0.0,3.34,0.00,0
1789613307955674268,376.7,0.3,7.93,3.11,5
1789613309223266965,950.3,0.0,1.63,0.00,0
1789613310481031607,1330.6,0.1,1.70,8.50,0
1789613311743890342,1321.6,0.0,3.45,0.00,0
1789613313000171689,0.0,0.3,0.00,2.83,0
1789613314241541710,935.4,0.0,2.63,0.00,5
1789613315505941344,399.1,0.1,2.97,8.50,0
1789613316753631925,1213.7,0.0,3.43,0.00,4
1789613318029403562,107.2,0.4,1.66,1.42,0
1789613319271553800,0.0,0.0,0.00,0.00,0
1789613320535093551,1315.3,0.2,3.06,8.50,0
1789613321793776630,0.0,0.0,0.00,0.00,0
1789613323050277631,1171.4,0.4,2.82,1.93,3
1789613324313883673,150.5,0.0,1.62,0.00,0
1789613325578316092,1338.3,0.2,3.35,9.00,0
1789613326830864975,0.0,0.0,0.00,0.00,0
1789613328079643930,1027.4,0.3,2.75,1.49,5
1789613329349172104,295.8,0.0,2.55,0.00,1
1789613330598241805,1331.5,0.1,3.35,8.50,0
1789613331853919610,0.0,0.0,0.00,0.00,0
1789613333107515997,0.0,0.3,14.00,2.95,0
1789613334353417594,1332.2,0.0,2.67,0.00,0
1789613335613278264,0.0,0.2,14.00,8.50,0
1789613336867503056,1331.5,0.0,1.77,0.00,0
1789613338119205730,0.0,0.0,0.00,0.00,0
1789613339367320895,1330.1,0.4,2.96,1.37,0
1789613340630406603,0.0,0.2,0.00,8.50,0
1789613341861203065,1152.3,0.0,2.83,0.00,4
1789613343120151843,189.4,0.0,1.97,0.00,0
1789613344374118559,1334.5,0.4,3.37,1.48,0
1789613345619051732,0.0,0.1,0.00,2.00,0
1789613346867579888,0.0,0.0,0.00,0.00,0
1789613348120372998,1336.2,0.0,3.31,0.00,0
1789613349371279824,0.0,0.4,7.00,1.43,0
1789613350643577547,1334.7,0.2,2.65,9.00,0
1789613351897456898,0.0,0.0,0.00,0.00,0
1789613353147906763,1342.7,0.0,3.31,0.00,0
1789613354393134155,0.0,0.3,0.00,2.52,0
1789613355663919573,1224.6,0.1,2.82,8.50,3
1789613356916831978,109.7,0.0,1.20,0.00,0
1789613358167270900,1348.5,0.0,3.45,0.00,0
1789613359405621853,0.0,0.0,1.00,0.00,0
1789613360672468465,0.0,0.5,0.00,0.57,0
1789613361915475617,1348.2,0.0,3.42,0.00,0
1789613363146155265,0.0,0.0,0.00,0.00,0
1789613364392338345,1352.4,0.0,2.72,0.00,0
1789613365635744436,0.0,0.5,14.00,0.22,0
1789613366863408247,1346.2,0.0,3.31,0.00,0
1789613368115944762,0.0,0.0,0.00,0.00,0
1789613369371431757,1228.5,0.0,2.83,0.00,3
1789613370620709786,112.4,0.4,1.16,10.14,0
1789613371854335018,1340.1,0.0,3.39,0.00,0
1789613373103707033,0.0,0.0,0.00,0.00,0
1789613374343471637,0.0,0.0,0.00,0.00,0
1789613375589183317,1347.6,0.5,3.59,0.75,0
1789613376829830714,0.0,0.0,0.00,0.00,0
1789613378082105706,1354.5,0.0,1.75,0.00,0
1789613379319717729,0.0,0.0,0.00,0.00,0
1789613380569986459,1347.7,0.6,2.88,0.36,0
1789613381809288290,0.0,0.0,14.00,0.00,0
1789613383062951564,1338.2,0.0,2.74,0.00,0
1789613384310802954,0.0,0.0,0.00,0.00,0
1789613385555191239,1338.4,0.4,2.71,2.89,0
1789613386806191878,0.0,0.0,0.00,0.00,0
1789613388054501621,818.7,0.0,4.52,0.00,6
1789613389322918386,511.7,0.0,1.49,0.00,0
1789613390566618251,749.0,0.1,2.28,9.00,5
1789613391813493951,590.9,0.3,3.36,2.31,0
1789613393068201815,947.5,0.0,4.12,0.00,5
1789613394327234396,383.2,0.0,1.55,0.00,0
1789613395580677240,1110.8,0.1,1.72,8.50,3
1789613396848375551,214.3,0.3,2.13,0.14,0
1789613398105608598,1263.9,0.0,3.46,0.00,2
1789613399351991642,69.7,0.0,0.53,0.00,0
1789613400606171522,0.0,0.1,0.00,8.50,0
1789613401861618687,1341.9,0.4,3.33,1.12,0
1789613403109654783,0.0,0.0,0.00,0.00,0
1789613404365996713,1340.7,0.0,2.70,0.00,0
1789613405607590052,0.0,0.2,0.00,2.00,0
1789613406853265448,1342.4,0.4,3.56,0.88,0
1789613408095364120,0.0,0.0,0.00,0.00,0
1789613409350945992,1332.9,0.0,2.71,0.00,0
1789613410609349334,0.0,0.2,0.00,9.00,0
1789613411859649938,1337.2,0.3,3.30,0.27,0
1789613413113551295,0.0,0.0,0.00,0.00,0
1789613414363406924,1204.9,0.0,3.57,0.00,4
1789613415634170223,124.4,0.1,1.76,2.00,0
1789613416872386008,913.7,0.3,2.59,1.29,5
1789613418143098859,416.5,0.0,3.02,0.00,0
1789613419397411021,1302.0,0.0,3.41,0.00,1
1789613420655892088,25.2,0.2,0.44,1.50,0
1789613421904384298,990.8,0.3,2.67,2.20,4
1789613423168785142,342.3,0.0,2.78,0.00,0
1789613424405012312,1338.8,0.0,3.37,0.00,0
1789613425665786211,0.0,0.1,0.00,2.00,0
1789613426906897995,0.0,0.0,0.00,0.00,0
1789613428154397846,1337.9,0.3,3.53,7.62,0
1789613429406306311,0.0,0.0,0.00,0.00,0
1789613430666882915,1337.3,0.1,2.73,7.00,0
1789613431920191326,0.0,0.0,0.00,0.00,0
1789613433175981377,1352.1,0.4,3.33,1.64,0
1789613434411961543,61.5,0.0,3.74,0.00,9
1789613435670270063,1271.4,0.2,1.72,7.00,0
1789613436903318050,221.5,0.0,11.76,0.00,8
1789613438160553554,1115.3,0.3,1.54,0.12,0
1789613439410417133,0.0,0.0,0.00,0.00,0
1789613440665684880,1318.4,0.1,3.46,8.50,0
1789613441922833595,0.0,0.0,0.00,0.00,0
1789613443175829196,1065.2,0.3,2.78,2.13,4
1789613444434566382,264.1,0.0,2.39,0.00,0
1789613445684800718,1638.7,0.1,3.08,9.00,6
1789613446945603146,2024.3,0.0,2.88,0.00,5
1789613448200605982,2321.8,0.4,2.43,1.65,5
1789613449448683774,1931.4,0.0,3.03,0.00,4
1789613450713208968,1807.3,0.2,3.38,2.00,7
1789613451969038915,2403.9,0.0,2.37,0.00,9
1789613453230543231,2008.2,0.3,3.07,1.47,5
1789613454484016968,2575.9,0.1,2.34,1.00,7
1789613455735542350,2369.8,0.0,2.43,11.00,7
1789613456985994385,2001.7,0.0,2.98,0.00,5
1789613458241173584,2583.4,0.0,2.29,0.00,6
1789613459497700047,2329.8,0.5,2.50,0.97,6
1789613460749963390,1921.1,0.0,3.12,24.00,4
1789613462009567416,1825.5,0.0,3.30,0.00,6
1789613463250636153,2270.8,0.0,2.51,0.00,9
1789613464514524036,2644.9,0.5,2.32,1.24,0
1789613465781284619,2642.3,0.0,2.21,0.00,0
1789613467043837167,2208.1,0.0,2.93,0.00,5
1789613468303825837,2309.7,0.0,2.61,0.00,6
1789613469557711710,2282.3,0.4,3.00,1.35,8
1789613470821537163,2258.3,0.0,2.11,0.00,4
1789613472086502454,2352.6,0.0,2.68,0.00,5
1789613473351932708,1871.1,0.0,2.85,0.00,0
1789613474597940422,2591.5,0.4,2.43,1.93,2
1789613475864025945,2374.3,0.0,2.56,0.00,4
1789613477128480809,1982.1,0.0,3.86,0.00,7
1789613478387147275,2675.9,0.0,2.19,0.00,5
1789613479640554487,2690.4,0.4,2.19,0.90,6
1789613480893364705,2370.8,0.0,2.53,0.00,8
1789613482143751010,2635.4,0.0,2.24,0.00,2
1789613483403252182,2660.8,0.0,2.19,0.00,0
1789613484660172520,2212.6,0.4,2.80,2.02,5
1789613485923149968,2334.3,0.0,2.54,0.00,7
1789613487165077287,2241.7,0.0,2.86,0.00,34
1789613488424865000,2688.1,0.0,2.44,0.00,8
1789613489691344517,2678.5,0.1,2.20,9.50,7
1789613490941146006,2483.4,0.5,2.23,1.96,0
1789613492213190778,2043.6,0.0,3.02,0.00,6
1789613493469894204,2676.7,0.0,2.25,0.00,6
1789613494724833508,2465.6,0.1,2.41,2.00,8
1789613495968647804,2651.6,0.3,2.24,1.17,7
1789613497223421856,2030.4,0.0,2.99,0.00,4
1789613498476558633,2201.4,0.0,2.72,0.00,4
1789613499734180284,1966.7,0.1,2.86,7.00,8
1789613500988084056,2639.2,0.3,2.23,1.64,0
1789613502242664129,2554.1,0.0,2.28,0.00,4
1789613503485099114,2668.6,0.0,2.29,0.00,4
1789613504743042788,2462.5,0.2,2.97,7.00,6
1789613505997397923,2634.5,0.3,2.37,1.19,6
1789613507257267698,2709.2,0.0,2.20,0.00,5
1789613508506132527,2474.7,0.0,2.27,0.00,5
1789613509758438574,2565.5,0.2,2.33,8.50,5
1789613511011550729,1957.7,0.3,2.98,4.78,1
1789613512263787238,2518.1,0.0,2.39,0.00,4
1789613513524257098,2653.5,0.0,2.28,0.00,4
1789613514785158308,2341.2,0.2,3.24,17.00,5
1789613516039741658,2614.1,0.4,2.36,1.23,5
1789613517286378979,2673.2,0.0,2.21,0.00,6
1789613518548215427,2474.2,0.0,2.22,0.00,5
1789613519804610579,1949.5,0.2,3.17,7.50,3
1789613521070444607,1822.9,0.3,3.37,3.23,7
1789613522333919636,2468.6,0.0,2.48,0.00,8
1789613523596816382,2060.4,0.0,2.94,0.00,7
1789613524842292251,1780.9,0.2,2.48,12.00,32
1789613526100709128,2553.8,0.3,2.91,1.11,3
1789613527360494743,1965.4,0.0,3.09,0.00,6
1789613528607036574,1991.3,0.0,2.25,0.00,3
1789613529864461154,2546.4,0.2,2.80,21.50,6
1789613531116631470,1765.7,0.0,3.44,0.00,9
1789613532381749506,2673.4,0.3,2.22,2.00,8
1789613533643735139,2420.7,0.0,2.44,0.00,1
1789613534905684153,2641.2,0.2,2.33,8.00,1
1789613536168628044,2655.6,0.0,2.23,0.00,1
1789613537420391075,2225.7,0.3,2.62,0.26,4
1789613538684848501,2266.5,0.0,2.64,0.00,7
1789613539928443733,2284.2,0.1,2.33,8.00,42
1789613541172775297,2321.5,0.0,2.72,0.00,5
1789613542440416207,2347.5,0.4,2.68,0.12,5
1789613543695439442,1946.6,0.0,2.86,0.00,0
1789613544945929764,2227.6,0.1,2.88,7.50,5
1789613546211722233,2348.1,0.0,2.60,0.00,7
1789613547468269166,1961.4,0.4,3.03,1.73,4
1789613548720218450,2542.3,0.0,2.21,0.00,4
1789613549980900201,2348.2,0.1,2.72,9.50,5
1789613551248741694,1856.7,0.0,2.87,0.00,0
1789613552507749359,2585.6,0.4,2.33,2.20,2
1789613553762771942,2657.0,0.0,2.31,0.00,2
1789613555029032672,2584.6,0.2,2.90,1.50,4
1789613556287391661,1754.9,0.0,3.58,0.00,7
1789613557544128102,2707.2,0.4,2.23,0.64,6
1789613558803403450,2500.9,0.0,2.27,0.00,9
1789613560064233893,2642.0,0.2,2.34,8.00,10
1789613561325533520,2499.0,0.0,2.46,0.00,0
1789613562572887588,2276.2,0.3,2.76,1.88,5
1789613563834620309,2371.0,0.0,2.52,0.00,5
1789613565086832146,1937.9,0.1,2.97,3.50,3
1789613566349659527,2537.9,0.0,2.38,0.00,4
1789613567603627595,2359.6,0.3,2.58,2.49,5
1789613568866454908,1855.2,0.0,3.01,0.00,0
1789613570121100361,2281.9,0.2,2.78,2.00,5
1789613571391979415,2357.2,0.0,2.50,0.00,4
1789613572645142169,1945.4,0.0,3.00,0.00,1
1789613573898119328,2230.0,0.5,2.83,0.08,4
1789613575153735356,2210.0,0.2,2.69,9.00,7
1789613576406300088,2313.0,0.0,2.24,0.00,79
1789613577649568795,2350.4,0.0,2.72,0.00,5
1789613578915155863,2368.9,0.4,2.50,1.17,4
1789613580172393723,1930.9,0.2,2.84,3.00,0
1789613581413405423,2272.1,0.0,2.68,0.00,5
1789613582672705513,2396.4,0.0,2.46,0.00,5
1789613583920963689,2240.0,0.3,3.25,1.39,7
1789613585181529313,2206.9,0.1,2.14,8.50,3
1789613586441174259,2664.1,0.0,2.21,0.00,4
1789613587693987327,2288.1,0.0,3.21,0.00,4
1789613588945637732,1873.8,0.3,2.33,2.55,1
1789613590207790051,1409.3,0.2,2.62,3.75,0
1789613591445602740,1329.9,0.0,2.75,0.00,0
1789613592702888101,1332.4,0.0,3.40,0.00,1
1789613593964761539,490.1,0.3,6.37,2.54,6
1789613595229656264,1224.2,0.2,1.71,1.50,7
1789613596482577259,956.2,0.0,2.96,1.00,0
1789613597729831240,1353.4,0.0,3.45,0.00,0
1789613598968132651,1337.5,0.4,1.76,1.56,0
1789613600215376839,1343.2,0.0,3.42,0.00,0
1789613601464309107,980.0,0.2,4.01,7.50,5
1789613602719574065,1236.8,0.0,1.71,0.00,6
1789613603980380861,1066.9,0.4,3.29,1.58,7
1789613605243862488,1233.8,0.0,1.71,0.00,7
1789613606510227805,989.8,0.1,4.24,32.00,9
1789613607763970250,1155.9,0.0,1.54,0.00,0
1789613608998782876,1339.4,0.0,3.45,0.00,0
1789613610252109123,1337.4,0.3,1.79,2.83,0
1789613611496635665,1348.5,0.2,3.40,1.50,0
1789613612744282417,1332.6,0.0,1.77,0.00,0
1789613614003873727,1310.4,0.0,3.42,0.00,0
1789613615254986929,470.5,0.3,6.66,0.29,7
1789613616521117970,1213.6,0.2,1.77,9.00,6
1789613617780987477,999.9,0.0,2.88,0.00,0
1789613619027987623,1349.3,0.0,2.87,0.00,0
1789613620277952742,1209.2,0.4,2.89,1.38,3
1789613621551038024,1288.8,0.2,3.38,6.50,4
1789613622802522568,230.7,0.0,9.55,0.00,66
1789613624050560389,1257.9,0.0,2.35,0.00,0
1789613625307426206,1334.9,0.4,2.67,1.73,0
1789613626562769927,1335.8,0.2,3.42,1.50,0
1789613627810768667,666.1,0.0,2.06,0.00,5
1789613629065739306,670.5,0.0,3.45,0.00,0
1789613630320432979,1335.2,0.5,3.34,1.20,0
1789613631579039073,0.0,0.2,0.00,8.50,0
1789613632829098504,1334.8,0.0,3.36,0.00,0
1789613634086651823,889.0,0.0,2.56,0.00,5
1789613635341038785,441.8,0.4,3.10,1.56,0
1789613636605114793,1326.0,0.2,3.53,8.50,0
1789613637860591532,1186.7,0.0,1.78,0.00,4
1789613639118577769,213.3,0.0,9.58,0.00,77
1789613640366322735,1264.5,0.4,2.30,1.48,0
1789613641621211222,738.8,0.2,4.88,7.00,6
1789613642876667550,595.3,0.0,1.46,0.00,0
1789613644121907972,1343.6,0.0,1.76,0.00,0
1789613645371728724,1298.7,0.0,3.38,0.00,1
1789613646617397871,207.8,0.5,2.01,0.53,9
1789613647855988686,1186.9,0.0,2.71,0.00,0
1789613649105408707,1249.8,0.0,3.62,0.00,3
1789613650370022729,75.8,0.0,0.72,0.00,0
1789613651624406329,1337.1,0.6,3.33,1.21,0
1789613652860351961,688.6,0.0,1.89,0.00,6
1789613654123923691,652.2,0.0,1.64,0.00,0
1789613655370329702,1334.6,0.0,3.31,0.00,0
1789613656631043329,1202.2,0.6,1.74,1.58,2
1789613657895606577,230.2,0.0,10.86,0.00,39
1789613659148507025,1229.6,0.0,1.91,0.00,0
1789613660400529827,754.4,0.0,4.83,0.00,5
1789613661666649196,571.8,0.6,1.44,2.74,0
1789613662925500485,1330.7,0.0,2.74,0.00,0
1789613664172854199,681.0,0.0,5.16,0.00,7
1789613665442311710,650.4,0.0,1.43,0.00,0
1789613666687693895,1350.0,0.4,1.80,0.20,0
1789613667933990017,1246.3,0.0,3.46,0.00,4
1789613669195850229,84.0,0.0,0.93,0.00,0
1789613670440395230,1335.0,0.0,3.44,0.00,0
1789613671687506732,639.0,0.7,1.96,2.05,6
1789613672947329270,695.9,0.0,1.60,0.00,0
1789613674204417967,2124.6,0.0,3.03,0.00,4
1789613675466377759,1861.8,0.0,2.81,0.00,0
1789613676723438317,2590.8,0.4,2.47,0.98,1
1789613677987826611,2678.0,0.0,2.25,0.00,0
1789613679249563277,2597.4,0.0,2.80,0.00,4
1789613680511018511,2665.1,0.0,2.26,0.00,4
1789613681774990227,2665.2,0.6,2.25,1.65,4
1789613683026381414,2545.8,0.0,2.22,0.00,5
1789613684287650485,2370.1,0.0,2.53,0.00,5
1789613685549922603,1824.2,0.0,2.86,0.00,83
1789613686803702640,2335.9,0.2,2.87,9.50,5
1789613688069972165,2574.7,0.4,2.27,1.10,5
1789613689324081532,2195.4,0.0,3.58,0.00,7
1789613690570076271,2036.7,0.0,2.25,0.00,4
1789613691834615832,2340.5,0.2,2.68,6.50,5
1789613693102931841,1830.6,0.4,2.79,2.49,60
1789613694352830910,2345.3,0.0,2.79,0.00,5
1789613695608572666,2589.5,0.0,2.29,0.00,5
1789613696856485532,2272.2,0.2,3.22,1.50,7
1789613698106473692,2677.0,0.4,2.19,1.14,8
1789613699361522771,1997.3,0.0,2.26,0.00,3
1789613700622459976,2557.6,0.0,2.79,0.00,6
1789613701871008608,2680.3,0.2,2.19,17.50,6
1789613703133008078,1761.7,0.5,3.49,1.93,7
1789613704383927582,2467.0,0.0,2.41,0.00,8
1789613705638676283,2035.2,0.0,3.11,0.00,4
1789613706894251528,2660.1,0.2,2.29,8.50,4
1789613708152178053,2377.2,0.5,2.33,1.11,7
1789613709402427715,2647.0,0.0,2.30,0.00,7
1789613710661660590,2278.2,0.0,2.25,0.00,72
1789613711923216540,2342.5,0.2,2.78,13.00,6
1789613713190726733,2642.0,0.4,2.23,1.22,4
1789613714447191388,2297.0,0.0,3.06,0.00,6
1789613715707193915,1914.1,0.0,2.29,0.00,1
1789613716976661604,2355.8,0.2,2.56,7.50,5
1789613718242766066,2087.2,0.0,3.35,0.00,6
1789613719504912168,2087.3,0.4,2.20,1.24,4
1789613720765697520,2364.6,0.0,2.52,0.00,5
1789613722034035323,1886.0,0.1,3.58,6.50,37
1789613723295910100,2291.8,0.0,2.24,0.00,4
1789613724549521337,2362.1,0.4,2.52,0.16,5
1789613725806232145,1900.9,0.0,2.85,0.00,0
1789613727057428934,2233.3,0.2,2.85,2.50,4
1789613728321326855,2361.2,0.0,2.54,0.00,5
1789613729579885257,1951.9,0.4,3.02,2.00,4
1789613730834400323,2540.8,0.0,2.24,0.00,4
1789613732090212731,2672.5,0.2,2.19,7.00,4
1789613733348472467,2379.4,0.0,2.99,0.00,6
1789613734607937734,2689.3,0.3,2.19,1.42,6
1789613735876453731,1823.4,0.0,2.56,0.00,28
1789613737139814268,2562.5,0.2,2.59,1.50,1
1789613738404513407,2003.0,0.0,3.01,0.00,7
1789613739658225998,1943.1,0.5,2.28,0.96,3
1789613740914500457,2606.0,0.0,2.90,0.00,3
1789613742165255714,1752.8,0.2,3.38,10.50,8
1789613743416813845,2673.9,0.0,2.28,0.00,7
1789613744678524727,2382.6,0.0,2.50,0.00,0
1789613745940763763,1976.4,0.3,3.45,3.12,7
1789613747201730978,2685.4,0.2,2.19,7.50,6
1789613748459149639,2474.7,0.0,2.32,0.00,8
1789613749704223312,2673.3,0.0,2.29,0.00,8
1789613750958374400,2255.1,0.4,2.62,0.70,78
1789613752222500778,2709.9,0.2,2.55,2.50,34
1789613753482606688,2656.0,0.0,2.28,0.00,30
1789613754741065377,2512.0,0.0,2.51,0.00,0
1789613755991584555,2676.8,0.3,2.17,1.39,1
1789613757253436448,2679.3,0.1,2.21,8.50,0
1789613758508583086,2207.4,0.0,2.68,0.00,5
1789613759776603241,2299.3,0.0,2.58,0.00,7
1789613761039161447,2287.1,0.4,2.93,1.12,8
1789613762302169484,2612.8,0.2,2.06,10.00,50
1789613763550010528,2278.2,0.0,2.33,0.00,5
1789613764812263203,2247.4,0.0,3.09,0.00,7
1789613766070927359,2683.2,0.4,2.20,2.02,5
1789613767337597925,1895.9,0.2,2.32,7.00,2
1789613768592243510,2605.3,0.0,2.89,0.00,4
1789613769854439542,2660.1,0.0,2.29,0.00,3
1789613771114004784,2676.9,0.5,2.23,0.35,3
1789613772368368548,2492.5,0.2,2.32,8.50,6
1789613773617185597,2643.7,0.0,2.43,0.00,6
1789613774865948300,2243.0,0.0,3.17,0.00,6
1789613776112026780,1996.2,0.0,2.27,0.00,3
1789613777376685468,2657.8,0.5,2.29,0.25,3
1789613778639678438,2442.6,0.0,3.07,0.00,6
1789613779899447917,1780.0,0.0,3.20,0.00,28
1789613781160436476,2676.0,0.0,2.29,0.00,7
1789613782435376054,2470.0,0.6,2.37,1.39,0
1789613783698090070,1994.0,0.0,3.20,0.00,7
1789613784950601744,2702.5,0.0,2.24,0.00,6
1789613786211770853,2462.3,0.0,2.36,0.00,8
1789613787463422157,2649.8,0.6,2.37,1.88,7
1789613788717394308,2036.4,0.0,2.98,0.00,4
1789613789971283403,2231.0,0.0,2.64,0.00,5
1789613791231843934,2048.7,0.0,2.81,0.00,9
1789613792493665245,2523.9,0.7,2.26,1.20,0
1789613793750992480,2564.7,0.0,2.24,0.00,3
1789613795008689657,2671.5,0.0,2.25,0.00,2
1789613796275217550,2554.3,0.0,2.83,0.00,5
1789613797533852702,2660.0,0.6,2.27,1.24,3
1789613798804999782,821.7,0.0,2.10,0.00,4
1789613800064925341,673.1,0.0,3.44,0.00,0
1789613801309694774,1332.9,0.0,3.48,0.00,0
1789613802569145400,1328.3,0.6,3.50,1.21,0
1789613803824280172,1293.8,0.0,1.80,0.00,1
1789613805083749877,1285.0,0.0,3.43,0.00,4
1789613806335222275,1239.7,0.0,1.70,0.00,3
1789613807592576742,1126.2,0.5,3.81,1.35,5
1789613808853588895,386.4,0.0,1.56,0.00,0
1789613810114366263,1330.9,0.0,3.35,0.00,0
1789613811359078666,1343.1,0.0,1.78,0.00,0
1789613812611493959,1345.3,0.5,2.97,2.63,0
1789613813860910945,1308.7,0.0,2.75,0.00,1
1789613815124925002,1275.9,0.0,3.43,0.00,2
1789613816378874287,370.2,0.0,8.11,0.00,7
1789613817626555884,1148.0,0.2,1.67,7.50,9
1789613818880328144,1228.5,0.4,2.71,1.09,0
1789613820136762956,1332.9,0.0,3.43,0.00,0
1789613821397040437,1137.5,0.0,2.82,0.00,4
1789613822660308805,1122.0,0.2,3.87,5.00,5
1789613823916674761,398.3,0.4,1.54,1.59,0
1789613825161349153,1352.8,0.0,3.49,0.00,0
1789613826406464704,1333.5,0.0,2.70,0.00,0
1789613827657516660,1337.6,0.2,3.39,3.50,0
1789613828911682795,985.9,0.5,2.69,1.24,5
1789613830175747050,841.5,0.0,5.01,0.00,7
1789613831439338259,829.5,0.0,1.53,0.00,0
1789613832692334183,1337.4,0.2,3.10,11.00,0
1789613833944982365,1349.0,0.4,1.76,0.96,0
1789613835186283942,1336.2,0.0,3.42,0.00,0
1789613836437775722,1100.0,0.0,1.70,0.00,4
1789613837702831592,311.7,0.2,7.46,8.50,60
1789613838950291416,1250.4,0.5,2.21,0.15,0
1789613840213887800,1126.5,0.0,3.61,0.00,5
1789613841477699866,261.5,0.0,2.36,0.00,10
1789613842714520146,1293.7,0.2,1.71,10.50,0
1789613843949369572,1340.7,0.3,3.50,0.74,0
1789613845200450406,1139.4,0.0,1.72,0.00,4
1789613846444790950,325.0,0.0,9.10,0.00,22
1789613847683312137,1215.9,0.2,1.73,6.50,0
1789613848945325014,1119.5,0.4,3.65,1.23,5
1789613850203447221,293.3,0.0,2.28,0.00,9
1789613851452579952,1246.8,0.0,1.66,0.00,0
1789613852710999729,1331.6,0.2,3.09,8.50,0
1789613853960551614,875.5,0.0,2.52,0.00,5
1789613855218284899,457.8,0.4,3.11,1.81,0
1789613856469550078,1339.2,0.0,3.33,0.00,0
1789613857718749098,413.2,0.2,7.58,8.50,6
1789613858972289455,924.1,0.0,1.48,0.00,0
1789613860224621742,1357.6,0.4,1.71,1.29,0
1789613861459312972,1331.6,0.0,3.38,0.00,0
1789613862713615313,626.4,0.2,1.90,1.50,6
1789613863981080505,704.4,0.0,1.60,0.00,0
1789613865233406367,1335.7,0.4,3.44,1.44,0
1789613866486544370,587.1,0.0,5.81,0.00,6
1789613867753328995,740.0,0.1,1.52,7.00,0
1789613869005873710,1349.1,0.0,1.80,0.00,0
1789613870251355911,1329.3,0.4,3.10,1.54,0
1789613871500010681,776.8,0.0,1.84,0.00,6
1789613872764168783,557.8,0.2,1.74,6.00,0
1789613874020428155,1336.9,0.0,3.48,0.00,0
1789613875271012397,699.0,0.4,5.14,1.36,6
1789613876537241220,627.7,0.2,1.53,9.50,0
1789613877793310398,1338.2,0.0,1.70,0.00,0
1789613879047570876,1339.6,0.0,3.39,0.00,10
1789613880300248979,2508.2,0.4,2.28,0.37,4
1789613881563129357,1631.8,0.2,3.21,8.50,9
1789613882814865309,1620.3,0.0,3.71,0.00,6
1789613884070797582,1912.8,0.0,2.15,0.00,6
1789613885344392107,1622.3,0.4,2.94,1.43,0
1789613886595763685,2434.6,0.2,2.54,7.50,3
1789613887851019081,1848.7,0.0,2.81,0.00,8
1789613889104499040,2337.9,0.0,2.41,0.00,1
1789613890366921559,1836.7,0.4,2.92,0.06,6
1789613891623784190,1619.6,0.2,3.69,7.50,5
1789613892879454882,1716.9,0.0,2.32,0.00,4
1789613894139670882,1578.2,0.0,3.28,0.00,53
1789613895391120375,2475.0,0.4,2.27,1.29,3
1789613896657492499,2102.8,0.3,2.44,0.69,5
1789613897918487168,2006.7,0.0,2.60,0.00,0
1789613899175421579,1997.5,0.0,3.00,0.00,5
1789613900427580812,1691.6,0.3,3.39,1.00,5
1789613901683739503,1767.8,0.2,3.14,5.33,35
1789613902946039048,2495.4,0.0,2.49,0.00,0
1789613904204868404,2682.4,0.0,2.23,0.00,1
1789613905463231771,1982.8,0.0,3.14,0.00,7
1789613906722286168,2434.8,0.6,2.43,1.13,7
1789613907977106695,2043.6,0.0,2.92,0.00,6
1789613909237224886,1789.4,0.0,3.27,0.00,6
1789613910496914672,2462.5,0.0,2.35,0.00,10
1789613911755588038,2014.1,0.6,3.06,1.66,6
1789613913015641657,2696.4,0.0,2.17,0.00,5
1789613914268292699,2489.3,0.0,2.25,0.00,7
1789613915525104292,1966.6,0.0,3.01,0.00,3
1789613916782288322,1849.4,0.6,3.25,1.43,7
1789613918043347344,2352.5,0.0,2.50,0.00,10
1789613919305775368,2667.5,0.0,2.17,0.00,9
1789613920560459856,2045.2,0.0,3.06,0.00,5
1789613921820934901,2425.1,0.5,2.41,0.32,5
1789613923070440827,1956.7,0.0,3.07,0.00,3
1789613924332753549,1853.1,0.0,3.22,0.00,7
1789613925594834398,2484.6,0.0,2.25,0.00,7
1789613926856079519,2645.3,0.6,2.28,1.73,7
1789613928117107531,2426.2,0.0,2.19,0.00,0
1789613929370548331,2294.6,0.0,2.95,0.00,5
1789613930635366191,2462.9,0.0,2.40,0.00,6
1789613931892015437,2245.8,0.5,3.11,1.69,7
1789613933148915312,2662.6,0.0,2.20,0.00,7
1789613934406675825,2121.7,0.0,2.17,0.00,4
1789613935676025684,2343.8,0.0,3.14,0.00,5
1789613936935377793,1819.9,0.7,2.35,1.33,1
1789613938188664618,2646.3,0.0,2.21,0.00,0
1789613939448958837,2569.1,0.0,2.96,0.00,5
1789613940708015913,1861.4,0.0,3.24,0.00,6
1789613941955385289,2670.5,0.6,2.25,3.92,6
1789613943211952640,2470.9,0.0,2.28,0.00,8
1789613944467183739,2011.4,0.0,3.13,0.00,5
1789613945729023338,2675.2,0.0,2.17,0.00,6
1789613946985909082,2397.9,0.6,2.31,2.62,4
1789613948243650532,1935.7,0.0,3.01,0.00,1
1789613949510653586,2652.1,0.0,2.30,0.00,1
1789613950776443619,2218.5,0.0,2.78,0.00,5
1789613952043800664,2189.5,0.2,2.72,8.00,7
1789613953288834907,2011.1,0.4,2.97,1.54,4
1789613954541351750,2293.5,0.0,2.51,0.00,5
1789613955800032547,1941.5,0.0,2.98,0.00,1
1789613957058599026,2654.5,0.2,2.22,2.00,1
1789613958321518987,2534.7,0.4,2.18,0.07,4
1789613959580647845,2350.8,0.0,2.66,0.00,5
1789613960842752663,1810.2,0.0,3.05,0.00,72
1789613962106893624,2341.8,0.2,2.84,7.50,4
1789613963365988743,2518.4,0.5,2.45,0.24,5
1789613964621300994,2267.0,0.0,3.13,0.00,6
1789613965878064130,2034.5,0.0,2.23,0.00,4
1789613967139153547,2656.6,0.2,2.28,11.00,4
1789613968399526766,2445.3,0.4,3.04,1.69,4
1789613969662019836,1774.9,0.0,2.93,0.00,44
1789613970924324015,2660.7,0.0,2.23,0.00,53
1789613972179434042,2484.1,0.1,2.57,2.00,3
1789613973440617498,2650.5,0.4,2.24,1.03,3
1789613974701553309,2658.0,0.0,2.18,0.00,3
1789613975962434032,2537.0,0.0,2.26,0.00,3
1789613977213352638,2657.5,0.2,2.30,7.50,4
1789613978473960778,2311.6,0.3,3.18,2.06,5
1789613979735672555,2667.8,0.0,2.29,0.00,5
1789613980998180077,1852.9,0.0,2.31,0.00,1
1789613982265420394,2576.0,0.2,2.83,6.50,4
1789613983518315851,1885.7,0.4,3.16,2.05,7
1789613984765999488,2667.1,0.0,2.20,0.00,6
1789613986025686815,2482.5,0.0,2.34,0.00,7
1789613987287946955,2026.4,0.2,2.97,9.50,4
1789613988542286148,2671.4,0.5,2.23,1.16,6
1789613989789719794,2338.6,0.0,2.52,0.00,5
1789613991049902666,1935.6,0.0,2.98,0.00,4
1789613992314786466,1892.9,0.1,3.19,9.00,7
1789613993576765119,2415.0,0.5,2.45,1.72,9
1789613994829002413,2652.5,0.0,2.29,2.00,7
1789613996085364855,2022.5,0.0,3.10,0.00,6
1789613997327009218,2417.4,0.2,2.46,23.00,4
1789613998580333305,1944.3,0.0,3.01,0.00,4
1789613999835948164,1904.4,0.4,3.11,0.07,6
1789614001095290674,2444.8,0.0,2.42,0.00,8
1789614002353950998,2653.7,0.2,2.29,9.50,7
1789614003609152336,2440.6,0.0,2.22,0.00,0
1789614004848337454,2567.7,0.6,2.45,1.36,3
1789614006121501061,2364.8,0.0,2.58,0.00,5
1789614007373561595,2014.5,0.1,3.62,22.50,7
1789614008634027199,2576.3,0.0,2.25,0.00,9
1789614009898328938,2187.6,0.4,2.14,2.25,3
1789614011167495141,2341.2,0.0,2.94,0.00,6
1789614012422827045,1834.0,0.2,2.34,9.00,1
1789614013686679124,2670.2,0.0,2.38,0.00,1
1789614014935984927,2595.5,0.5,2.89,1.89,3
1789614016183609092,1839.1,0.0,3.24,0.00,6
1789614017438508041,2609.0,0.1,2.53,9.00,7
1789614018685609394,2485.3,0.0,2.24,0.00,10
1789614019949788264,2691.2,0.4,2.19,0.71,9
1789614021208518000,2046.8,0.0,3.01,0.00,5
1789614022459200631,2427.5,0.2,2.46,1.50,5
1789614023714063530,1938.4,0.0,3.15,0.00,4
1789614024963207594,2674.5,0.3,2.22,0.50,4
1789614026221332878,2484.4,0.0,2.41,0.00,4
1789614027482659604,1600.6,0.1,2.64,26.50,0
1789614028724174121,1343.4,0.0,2.73,0.00,0
1789614029971437089,1338.4,0.4,3.42,0.15,0
1789614031227253245,1335.0,0.0,3.46,0.00,0
1789614032478898535,1350.2,0.2,2.71,7.00,0
1789614033711041817,1346.9,0.0,3.43,0.00,0
1789614034963849547,1326.7,0.0,2.71,0.00,0
1789614036223588421,1333.5,0.4,3.37,0.06,0
1789614037473714836,1361.4,0.2,2.97,9.50,0
1789614038709581858,1340.7,0.0,1.77,0.00,0
1789614039956685880,1340.6,0.0,3.48,0.00,0
1789614041201573270,1497.3,0.3,3.47,1.43,21
1789614042441592816,1192.7,0.2,1.63,6.50,85
1789614043698406314,1855.0,0.0,3.08,0.00,5
1789614044938633355,838.4,0.0,3.17,0.00,0
1789614046187337681,1707.8,0.4,3.10,1.14,7
1789614047452740226,1646.3,0.2,3.15,10.00,7
1789614048703064711,1197.4,0.0,3.59,0.00,6
1789614049947869104,1559.5,0.0,1.91,0.00,5
1789614051196436019,973.0,0.4,5.46,0.69,6
1789614052461169881,1655.2,0.1,1.83,8.00,5
1789614053696699538,916.1,0.0,5.80,0.00,7
1789614054961454005,1181.6,0.0,3.64,0.00,7
1789614056218741074,1815.6,0.4,1.73,0.20,5
1789614057481210354,1656.1,0.2,3.11,4.00,5
1789614058746209332,1138.8,0.0,1.73,0.00,5
1789614060009028210,918.5,0.0,4.37,0.00,5
1789614061274937920,953.4,0.3,1.50,1.95,0
1789614062524311667,1343.5,0.1,2.77,8.50,0
1789614063765592642,1346.9,0.0,1.77,0.00,0
1789614065010449824,1337.5,0.0,3.48,0.00,0
1789614066267510455,974.5,0.3,2.70,1.61,6
1789614067517626153,690.9,0.2,5.92,7.00,7
1789614068780883608,1000.7,0.0,1.51,0.00,0
1789614070032665045,1339.5,0.0,3.40,0.00,0
1789614071284823373,1177.4,0.0,2.84,0.00,4
1789614072556851433,1144.1,0.5,3.72,0.22,6
1789614073821402320,993.5,0.0,1.98,0.00,4
1789614075082049178,655.5,0.0,3.42,0.00,0
1789614076335761475,1336.2,0.0,3.39,0.00,0
1789614077587598840,1334.5,0.6,2.73,2.89,0
1789614078833916660,1204.6,0.0,1.80,0.00,4
1789614080079959984,1124.4,0.0,3.76,0.00,6
1789614081325045374,1108.5,0.0,1.74,0.00,6
1789614082585456033,887.1,0.5,4.55,0.66,6
1789614083837805527,1037.8,0.0,1.50,0.00,0
1789614085080862926,1348.0,0.0,3.49,0.00,0
1789614086331414508,1155.2,0.0,2.83,0.00,3
1789614087596822284,1079.4,0.4,4.00,0.91,6
1789614088857250890,1062.1,0.0,1.88,0.00,5
1789614090120504767,688.1,0.0,3.46,0.00,0
1789614091366732699,1347.9,0.0,3.34,0.00,0
1789614092601966718,1258.2,0.6,3.26,2.89,3
1789614093859143249,891.9,0.0,2.27,0.00,5
1789614095114066158,527.4,0.0,3.22,0.00,0
1789614096357661512,1343.3,0.0,3.39,0.00,0
1789614097610199780,475.9,0.6,2.04,2.74,8
1789614098862452271,861.2,0.0,1.60,0.00,0
1789614100117784229,1171.1,0.0,3.48,0.00,4
1789614101374982210,155.1,0.0,2.13,0.00,0
1789614102628728065,0.0,0.6,2.50,2.93,0
1789614103886506875,1344.7,0.0,3.31,0.00,0
1789614105133325064,547.4,0.0,1.95,0.00,8
1789614106391437872,783.7,0.0,1.57,0.00,0
1789614107648133962,1189.5,0.5,3.47,1.11,4
1789614108904826848,140.9,0.0,1.85,0.00,0
1789614110155351155,1335.9,0.0,1.73,0.00,0
1789614111403887665,0.0,0.0,0.00,0.00,0
1789614112648572324,1344.9,0.4,3.19,0.72,0
1789614113892794208,0.0,0.0,0.00,0.00,0
1789614115128432683,1173.0,0.0,3.66,0.00,4
1789614116401418147,153.1,0.0,2.01,0.00,0
1789614117659824116,1046.9,0.1,2.76,8.50,5
1789614118916546089,281.4,0.3,2.45,1.14,0
1789614120165931731,1340.8,0.0,3.45,0.00,0
1789614121414004491,0.0,0.0,0.00,0.00,0
1789614122682620600,1320.7,0.1,2.65,8.50,0
1789614123935514218,0.0,0.3,0.00,0.29,0
1789614125167317143,1349.0,0.0,3.26,0.00,0
1789614126411826792,0.0,0.0,0.00,0.00,0
1789614127658891275,1330.5,0.2,3.34,8.50,0
1789614128916333819,0.0,0.4,0.00,1.57,0
1789614130150147012,1245.2,0.0,2.84,0.00,2
1789614131407084471,105.3,0.0,1.11,0.00,0
1789614132644261386,1349.7,0.2,2.81,8.50,0
1789614133890986618,0.0,0.4,0.00,1.39,0
1789614135135792258,1365.4,0.0,1.77,0.00,0
1789614136367016051,463.3,0.0,6.70,0.00,5
1789614137622123104,886.8,0.2,1.15,7.00,0
1789614138864915207,0.8,0.5,0.86,1.12,0
1789614140104060264,1337.7,0.0,3.53,0.00,0
1789614141358968074,0.0,0.0,0.00,0.00,0
1789614142605666323,1341.9,0.2,2.76,6.50,0
1789614143852945707,75.3,0.3,10.50,2.76,67
1789614145107993974,1263.8,0.0,2.15,0.00,0
1789614146357461934,691.2,0.0,1.90,0.00,5
1789614147624049731,641.4,0.1,1.64,7.50,0
1789614148876020774,1236.0,0.0,3.48,0.00,4
1789614150143673049,80.5,0.3,0.84,0.12,0
1789614151395588181,128.6,0.0,18.17,0.00,29
1789614152640096399,1212.8,0.2,1.79,8.00,0
1789614153884521885,779.8,0.0,1.78,0.00,4
1789614155146908734,552.2,0.3,1.68,0.91,0
1789614156404856119,1269.0,0.0,3.59,0.00,1
1789614157671407348,2657.6,0.1,2.20,9.00,1
1789614158932707179,2230.8,0.0,2.72,0.00,5
1789614160179517654,2229.0,0.4,2.64,1.43,6
1789614161436733630,2040.7,0.0,2.95,0.00,6
1789614162683706150,2463.0,0.2,2.41,15.00,4
1789614163936412612,2659.0,0.0,2.29,0.00,5
1789614165191885177,2280.0,0.4,3.07,0.97,6
1789614166448484454,2693.9,0.0,2.21,0.00,5
1789614167707071996,2021.0,0.1,2.24,7.50,2
1789614168960972687,2450.8,0.0,3.23,0.00,4
1789614170211623915,1780.0,0.3,3.01,2.08,32
1789614171476928025,2274.0,0.0,2.28,0.00,4
1789614172749505508,2246.0,0.1,3.14,9.00,7
1789614174006438792,2638.1,0.0,2.20,0.00,6
1789614175262369468,1926.2,0.3,2.29,2.38,3
1789614176531742568,2585.2,0.2,2.82,0.00,5
1789614177792757640,1793.6,0.0,3.35,15.00,7
1789614179043323891,2718.4,0.0,2.16,0.00,7
1789614180291662568,2463.3,0.3,2.35,1.13,9
1789614181553116712,2681.3,0.1,2.20,9.50,9
1789614182813996823,2066.1,0.0,2.93,0.00,4
1789614184064695159,2417.8,0.0,2.43,0.00,4
1789614185323813634,1938.7,0.4,3.11,1.49,2
1789614186582698988,1901.7,0.2,3.37,5.00,7
1789614187841531329,2466.2,0.0,2.44,0.00,7
1789614189099666572,2692.1,0.0,2.19,0.00,7
1789614190354950959,2040.7,0.0,3.07,0.00,4
1789614191601083598,2280.1,0.7,2.61,0.65,5
1789614192861589455,1934.0,0.0,3.18,0.00,3
1789614194126489350,1941.3,0.0,3.13,0.00,7
1789614195383498580,2434.7,0.0,2.47,0.00,7
1789614196632180268,2032.5,0.4,3.03,1.85,5
1789614197893905649,1767.2,0.0,3.06,0.00,54
1789614199147841220,2529.3,0.0,2.61,0.00,1
1789614200400591175,2682.7,0.0,2.20,0.00,1
1789614201662836126,2661.8,0.4,2.23,2.14,1
1789614202909704566,2517.3,0.0,2.37,0.00,4
1789614204173681555,2671.9,0.0,2.24,0.00,5
1789614205436897191,2438.7,0.1,3.06,4.67,6
1789614206698101026,2663.6,0.5,2.22,1.42,6
1789614207956255407,2659.2,0.0,2.29,0.00,6
1789614209209864460,2390.0,0.0,2.56,0.00,6
1789614210465900549,2624.0,0.2,2.33,25.00,5
1789614211711825477,1943.8,0.5,2.99,1.71,4
1789614212971453707,2525.2,0.0,2.42,0.00,4
1789614214215809795,2711.3,0.0,2.19,0.00,4
1789614215456797604,2296.2,0.1,3.23,7.00,5
1789614216704769351,2671.5,0.4,2.23,1.35,6
1789614217965086082,1887.6,0.0,2.31,0.00,1
1789614219223991611,2585.3,0.0,2.88,0.00,4
1789614220479617241,2672.9,0.2,2.21,4.50,4
1789614221738552044,1857.2,0.4,3.28,1.34,6
1789614222976958624,2479.0,0.0,2.31,0.00,8
1789614224234646262,2659.9,0.0,2.26,0.00,9
1789614225486277607,2045.6,0.2,3.03,6.50,6
1789614226733519975,2380.7,0.0,2.53,0.00,6
1789614227987608605,1960.5,0.3,2.95,2.54,3
1789614229249345865,2659.1,0.0,2.19,0.00,4
1789614230506927521,2220.4,0.2,2.73,9.00,5
1789614231769086607,2126.1,0.0,2.81,0.00,7
1789614233038291562,2036.5,0.3,2.94,2.11,5
1789614234293911042,2366.3,0.0,2.52,0.00,5
1789614235553879943,1956.3,0.2,2.99,7.50,1
1789614236800119930,1970.8,0.0,3.16,0.00,6
1789614238051956164,2448.7,0.3,2.39,1.29,7
1789614239309211722,2077.0,0.0,2.90,0.00,5
1789614240551231592,2634.2,0.1,2.30,7.00,6
1789614241815052134,2307.7,0.0,2.55,0.00,5
1789614243064503874,1956.6,0.4,3.02,0.28,0
1789614244321405272,2674.3,0.0,2.21,0.00,0
1789614245567257028,2179.2,0.2,2.90,9.50,5
1789614246827824203,2213.4,0.0,2.68,0.00,6
1789614248083630851,2063.3,0.3,2.95,1.42,6
1789614249329758076,2263.6,0.0,2.63,0.00,4
1789614250581281883,1952.9,0.2,3.28,12.00,1
1789614251831577119,1982.2,0.0,3.25,0.00,7
1789614253085419823,2491.1,0.3,2.24,1.35,7
1789614254339195709,2645.2,0.0,2.33,0.00,7
1789614255596417381,2290.4,0.1,2.33,1.50,55
1789614256848583595,2305.5,0.0,2.82,0.00,5
1789614258118543298,2345.0,0.3,2.69,0.13,5
1789614259377921371,1935.8,0.0,2.87,0.00,0
1789614260636279742,2230.2,0.2,2.82,9.50,5
1789614261904024071,2357.0,0.0,2.56,0.00,6
1789614263160943493,2242.7,0.3,3.19,4.67,8
1789614264422168877,2206.3,0.0,2.16,0.00,4
1789614265681792675,1598.4,0.2,2.45,2.00,0
1789614266923602861,1350.0,0.0,1.78,0.00,0
1789614268162380224,1349.1,0.0,3.04,0.00,0
1789614269408852760,1383.1,0.4,3.01,1.40,9
1789614270655882261,1612.3,0.2,3.43,29.00,6
1789614271921378147,1896.0,0.0,1.62,0.00,4
1789614273183859141,1635.1,0.0,3.12,0.00,4
1789614274441135573,1281.0,0.4,3.39,0.08,5
1789614275700413144,1152.1,0.2,2.58,11.00,4
1789614276956972689,1469.8,0.0,3.54,0.00,6
1789614278222045213,1181.3,0.0,2.52,0.00,5
1789614279491218447,1496.5,0.3,3.32,0.24,5
1789614280749009720,1193.2,0.2,3.69,8.00,5
1789614282000475551,1252.2,0.0,2.36,0.00,5
1789614283258335034,1360.7,0.0,3.82,0.00,5
1789614284510600594,1601.9,0.3,1.71,2.64,3
1789614285779542455,1443.1,0.1,3.32,10.00,0
1789614287014161584,1338.3,0.0,3.37,0.00,0
1789614288269824487,1166.2,0.0,2.87,0.00,3
1789614289530997382,1187.5,0.3,4.23,1.44,4
1789614290795868302,1412.2,0.2,1.85,8.00,4
1789614292059245966,1519.5,0.0,3.33,0.00,1
1789614293319738355,1236.0,0.0,3.71,0.00,4
1789614294585127643,1140.5,0.3,2.62,2.49,5
1789614295857833394,1505.2,0.1,3.41,6.50,3
1789614297128062347,1903.4,0.0,3.20,0.00,6
1789614298390385281,2424.9,0.0,2.75,0.00,7
1789614299632148956,2021.4,0.0,3.14,0.00,6
1789614300891563923,2672.2,0.6,2.38,0.81,5
1789614302151571336,2404.6,0.0,2.33,0.00,4
1789614303411305239,1955.8,0.0,2.97,0.00,0
1789614304658694679,2003.8,0.0,3.08,0.00,7
1789614305915897440,2416.6,0.6,2.50,1.31,7
1789614307174076131,2721.7,0.0,2.16,0.00,7
1789614308432085313,2030.8,0.0,3.06,0.00,6
1789614309693091846,2263.8,0.0,2.60,0.00,5
1789614310952515384,2020.9,0.4,2.81,2.00,10
1789614312203692065,2563.5,0.0,2.23,0.00,0
1789614313458714735,2237.5,0.0,2.73,0.00,5
1789614314727508985,1748.3,0.0,2.73,0.00,0
1789614315980673699,1005.6,0.4,2.68,5.79,5
1789614317239500897,844.2,0.0,5.17,0.00,6
1789614318507579416,811.7,0.0,1.50,0.00,0
1789614319741906737,1348.2,0.0,3.35,0.00,0
1789614320993069304,1334.8,0.5,1.77,1.65,0
1789614322248263202,1331.9,0.0,3.34,0.00,0
1789614323509058088,1124.3,0.0,2.81,0.00,3
1789614324773306518,1090.1,0.0,3.95,0.00,5
1789614326032551792,441.5,0.6,1.54,0.29,0
1789614327273633146,1340.4,0.0,3.48,0.00,0
1789614328530919850,1329.0,0.0,2.71,0.00,0
1789614329786743588,1328.7,0.0,3.48,0.00,0
1789614331044784232,1251.8,0.6,1.89,1.35,3
1789614332302297270,1291.4,0.0,3.27,0.00,4
1789614333551717388,240.9,0.0,10.86,0.00,26
1789614334809075376,1232.8,0.0,1.80,0.00,10
1789614336044365975,1350.3,0.4,2.69,0.49,0
1789614337285262282,1342.7,0.0,3.38,0.00,0
1789614338536844979,1063.5,0.0,2.80,0.00,5
1789614339805303756,976.7,0.0,4.41,0.00,6
1789614341056485104,622.8,0.2,1.46,8.50,0
1789614342304520670,1340.0,0.3,3.56,12.12,0
1789614343553007532,1333.9,0.0,2.72,0.00,0
1789614344807566047,1331.5,0.0,3.34,0.00,0
1789614346067147004,1189.6,0.2,1.88,13.00,4
1789614347331080282,1203.8,0.3,3.53,2.47,5
1789614348575797693,275.1,0.0,1.70,0.00,0
1789614349811105184,1340.7,0.0,3.51,0.00,0
1789614351063892049,1339.9,0.2,2.70,13.00,0
1789614352311291621,1328.6,0.4,3.33,0.78,0
1789614353565620526,0.0,0.0,0.00,0.00,0
1789614354814503398,902.4,0.0,2.56,0.00,6
1789614356080301135,424.5,0.1,3.02,1.50,0
1789614357330155283,1125.5,0.4,3.57,1.28,5
1789614358593671729,203.8,0.0,1.89,0.00,0
1789614359840258098,0.0,0.0,0.00,0.00,0
1789614361088653140,1350.4,0.2,3.43,8.00,0
1789614362326515201,0.0,0.0,0.00,0.00,0
1789614363577531187,1261.2,0.4,1.80,1.57,1
1789614364845428243,62.8,0.0,0.44,0.00,0
1789614366087666268,1254.4,0.1,2.45,8.50,2
1789614367352472394,73.7,0.0,0.64,0.00,0
1789614368598279099,1052.9,0.3,1.66,2.67,5
1789614369851587519,289.0,0.0,2.15,0.00,0
1789614371079836094,744.7,0.2,3.80,9.50,5
1789614372337962497,602.6,0.0,1.42,0.00,0
1789614373578448858,0.0,0.3,0.00,2.49,0
1789614374827684735,1296.4,0.0,3.38,0.00,1
1789614376075469653,33.5,0.1,0.45,8.00,0
1789614377326122777,1111.8,0.0,1.70,0.00,3
1789614378594993946,208.9,0.3,2.03,0.27,0
1789614379850010814,932.8,0.0,4.26,0.00,5
1789614381110045099,394.4,0.1,1.52,8.50,0
1789614382365590493,647.7,0.0,1.91,0.00,5
1789614383623461154,691.8,0.4,1.61,0.16,0
1789614384852734165,240.4,0.0,13.78,0.00,9
1789614386088611870,1102.2,0.1,1.50,4.50,0
1789614387334641816,0.0,0.0,0.00,0.00,0
1789614388577506880,1036.0,0.4,3.80,1.32,5
1789614389834789454,303.1,0.0,1.61,0.00,0
1789614391086230037,795.6,0.2,1.72,8.00,6
1789614392358933695,531.7,0.0,1.69,0.00,0
1789614393601629974,475.7,0.5,5.72,3.83,6
1789614394863424260,857.7,0.0,1.44,0.00,0
1789614396113826263,203.3,0.2,2.56,9.50,8
1789614397370253560,1136.0,0.0,1.60,0.00,0
1789614398620680482,0.0,0.0,14.00,0.00,0
1789614399873720356,1340.4,0.5,3.59,1.41,0
1789614401110646459,0.0,0.2,0.00,10.50,0
1789614402364548377,743.2,0.0,4.81,0.00,5
1789614403634570134,581.6,0.0,1.43,0.00,0
1789614404890591360,460.4,0.3,2.11,2.25,6
1789614406152298014,871.9,0.1,1.60,3.50,0
1789614407400345434,180.8,0.0,14.15,0.00,6
1789614408656980439,1156.6,0.0,1.51,0.00,0
1789614409901551498,0.0,0.4,0.00,1.54,0
1789614411148454211,1341.1,0.1,1.78,6.50,0
1789614412396555646,0.0,0.0,0.00,0.00,0
1789614413652296196,1341.4,0.0,3.32,0.00,0
1789614414894763664,0.0,0.4,0.00,1.58,0
1789614416126340894,345.6,0.1,8.47,8.50,6
1789614417382072017,990.9,0.0,1.61,0.00,0
1789614418633325339,52.1,0.0,3.73,0.00,8
1789614419882749306,1288.8,0.4,2.61,0.13,0
1789614421132887473,0.0,0.1,0.00,11.00,0
1789614422380841722,1743.4,0.0,3.01,0.00,6
1789614423638147263,1872.9,0.0,2.82,0.00,5
1789614424889705025,1500.8,0.4,3.14,1.41,5
1789614426151251412,1543.3,0.2,1.81,11.00,0
1789614427415453355,1339.5,0.0,3.26,0.00,0
1789614428645365690,1548.9,0.0,3.03,0.00,9
1789614429899869547,1495.5,0.3,3.34,7.23,6
1789614431151754637,2080.4,0.1,1.58,1.00,4
1789614432408855336,1561.8,0.0,2.97,0.00,0
1789614433669760767,1351.7,0.0,1.77,0.00,0
1789614434897421491,1352.7,0.0,3.12,0.00,8
1789614436150579466,1711.7,0.4,2.96,2.65,6
1789614437411672729,979.8,0.0,3.76,0.00,34
1789614438673335122,2079.0,0.0,2.46,0.00,6
1789614439915194391,1780.3,0.0,2.98,0.00,4
1789614441172808858,1403.2,0.5,2.87,0.28,1
1789614442431121464,1371.1,0.0,1.77,0.00,0
1789614443685737455,1427.6,0.0,3.36,0.00,9
1789614444945006838,1257.3,0.0,2.67,0.00,0
1789614446177817663,1345.1,0.4,3.38,2.45,0
1789614447429096203,1822.1,0.0,3.10,0.00,8
1789614448685243639,1887.2,0.0,2.96,0.00,4
1789614449942519829,2662.8,0.0,2.23,0.00,6
1789614451197212728,2305.7,0.4,2.49,2.85,5
1789614452450833661,1948.5,0.0,3.04,0.00,1
1789614453707384368,1946.1,0.0,3.19,0.00,7
1789614454964999428,2470.9,0.0,2.34,0.00,8
1789614456218675343,2632.0,0.5,2.24,2.06,7
1789614457459363196,2348.1,0.0,2.19,0.00,0
1789614458711410309,2627.4,0.0,2.41,0.00,1
1789614459979792347,2331.7,0.0,2.77,0.00,5
1789614461252731014,2034.8,0.4,3.58,0.45,6
1789614462504822322,2674.8,0.0,2.21,0.00,7
1789614463759313217,2106.3,0.0,2.18,0.00,4
1789614465030079648,2359.2,0.0,2.98,0.00,4
1789614466285181149,1800.1,0.6,2.37,1.33,0
1789614467532136173,2652.7,0.0,2.20,0.00,0
1789614468784338965,2595.4,0.0,2.89,0.00,4
1789614470038212629,1832.3,0.0,3.19,0.00,6
1789614471293431739,2091.7,0.4,2.22,1.19,4
1789614472547701883,2387.8,0.0,2.99,0.00,6
1789614473798155635,2661.0,0.0,2.25,0.00,4
1789614475058610199,1828.7,0.0,2.33,0.00,0
1789614476312679039,2587.2,0.1,2.77,8.50,4
1789614477560353979,2666.6,0.3,2.28,0.16,4
1789614478815567531,1844.2,0.0,3.33,0.00,7
1789614480071164121,2432.5,0.0,2.55,0.00,10
1789614481327449197,2047.1,0.1,2.96,11.50,5
1789614482586879475,2657.5,0.4,2.23,1.26,6
1789614483846271418,2365.4,0.0,2.56,0.00,7
1789614485103355515,1946.2,0.0,2.97,0.00,4
1789614486367793882,2665.2,0.2,2.15,8.00,4
1789614487622484701,2211.3,0.3,2.75,0.26,5
1789614488881958986,2050.3,0.0,2.92,0.00,10
1789614490145197073,2495.4,0.0,2.16,0.00,0
1789614491394495806,2280.2,0.2,2.83,7.00,5
1789614492654093799,2361.1,0.4,2.65,0.21,5
1789614493900459758,1947.2,0.0,3.05,0.00,4
1789614495153696499,2221.1,0.0,2.72,0.00,5
1789614496408098952,2079.6,0.2,2.82,10.00,8
1789614497663596148,2018.3,0.4,3.05,1.71,5
1789614498909456354,2433.3,0.0,2.47,0.00,5
1789614500164685554,1952.1,0.0,2.99,0.00,4
1789614501408380042,1866.4,0.1,3.33,11.50,6
1789614502668542674,2346.4,0.3,2.49,1.30,9
1789614503933603472,2024.0,0.0,3.13,0.00,5
1789614505190643670,2629.5,0.1,2.29,6.00,6
1789614506429759500,2430.8,0.0,2.31,0.00,7
1789614507691910762,2710.5,0.3,2.18,1.54,7
1789614508941259875,2283.5,0.0,2.96,0.00,6
1789614510190316034,2237.4,0.2,2.11,11.00,3
1789614511456492225,2356.6,0.0,2.62,0.00,4
1789614512711809829,1895.5,0.0,2.91,0.00,0
1789614513956596937,2288.9,0.3,2.73,0.09,5
1789614515204072675,2375.5,0.2,2.68,9.00,5
1789614516457291644,2234.9,0.0,3.26,0.00,8
1789614517715458947,2624.9,0.0,2.49,0.00,8
1789614518971559846,2241.6,0.4,2.14,2.60,4
1789614520226073590,2224.3,0.0,3.15,0.00,6
1789614521476274792,2597.8,0.0,2.26,0.00,7
1789614522726791023,1978.4,0.0,2.27,0.00,2
1789614523988968765,2449.1,0.6,3.33,1.65,6
1789614525238339018,2671.2,0.0,2.20,0.00,5
1789614526497158192,1773.2,0.0,3.07,0.00,44
1789614527752834973,2539.4,0.0,2.42,0.00,1
1789614529014194800,2635.6,0.4,2.35,1.82,1
1789614530272646380,2673.0,0.0,2.17,0.00,0
1789614531528137891,2223.9,0.0,2.60,0.00,5
1789614532792169948,2242.8,0.0,2.63,0.00,7
1789614534039358665,2265.8,0.4,2.36,1.76,78
1789614535281495512,2341.4,0.0,2.76,0.00,5
1789614536547397141,2360.6,0.0,2.51,0.00,5
1789614537802543363,1943.5,0.0,2.93,0.00,0
1789614539053483003,2506.8,0.4,2.49,2.73,4
1789614540311175914,2352.1,0.0,2.54,0.00,4
1789614541566871317,1805.1,0.0,3.06,0.00,0
1789614542814969283,2676.6,0.0,2.18,0.00,0
1789614544081108719,2323.7,0.5,2.76,2.24,6
1789614545341869355,2159.4,0.0,3.19,0.00,6
1789614546592293464,2022.2,0.0,2.23,0.00,3
1789614547860900136,2648.9,0.0,2.37,0.00,4
1789614549119853687,2447.4,0.5,2.99,1.08,4
1789614550376282148,1749.7,0.0,2.88,0.00,80
1789614551632187985,2675.1,0.0,2.31,0.00,74
1789614552895158682,2560.0,0.0,2.51,0.00,1
1789614554156914709,2663.8,0.2,2.21,13.00,1
1789614555415756225,2672.4,0.4,2.28,0.13,0
1789614556653263125,2193.0,0.0,2.69,0.00,5
1789614557917333966,2122.4,0.0,2.92,0.00,7
1789614559174217000,2385.0,0.1,2.30,2.00,0
1789614560417259194,2603.1,0.3,2.37,1.79,1
1789614561680535284,2361.9,0.0,2.64,0.00,5
1789614562948548177,2105.3,0.0,3.31,0.00,7
1789614564206286876,2661.4,0.1,2.28,15.50,7
1789614565446903433,2634.8,0.3,2.42,0.58,7
1789614566707307627,2474.2,0.0,2.47,0.00,10
1789614567967084402,2701.6,0.0,2.21,0.00,7
1789614569216186976,1997.3,0.1,3.16,8.00,4
1789614570470935179,2436.9,0.3,2.35,1.78,5
1789614571713270099,1949.3,0.0,3.01,0.00,4
1789614572972215038,2661.8,0.0,2.29,0.00,4
1789614574230301313,2205.3,0.2,2.57,13.00,5
1789614575492614644,1871.6,0.4,2.82,1.48,0
1789614576746104612,1192.3,0.0,1.82,0.00,4
1789614577994443403,1238.5,0.0,3.50,0.00,6
1789614579259382984,268.9,0.2,2.10,8.50,46
1789614580504455887,1311.2,0.4,3.01,0.18,0
1789614581758724213,1337.6,0.0,2.71,0.00,0
1789614583007672007,1341.2,0.0,3.41,0.00,0
1789614584255849015,1330.8,0.2,1.77,2.50,0
1789614585517350562,1339.2,0.3,3.41,1.04,0
1789614586755452964,526.1,0.0,6.02,0.00,6
1789614588031023500,1232.3,0.0,1.71,0.00,7
1789614589309144026,884.0,0.1,3.06,10.50,0
1789614590558192252,1339.8,0.3,3.46,2.83,0
1789614591807279736,1339.8,0.0,1.78,0.00,0
1789614593059458759,1344.3,0.0,3.41,0.00,0
1789614594309895623,1045.2,0.1,3.84,8.50,6
1789614595567266808,1009.2,0.0,2.07,0.00,5
1789614596825042479,607.5,0.3,3.40,1.89,0
1789614598072674397,1338.3,0.0,3.33,0.00,0
1789614599341081901,1323.2,0.2,1.76,8.50,0
1789614600582095910,1349.2,0.0,3.33,0.00,0
1789614601828538061,1340.1,0.3,3.34,2.58,0
1789614603077485481,899.6,0.0,2.57,0.00,5
1789614604326745392,629.1,0.1,6.04,9.50,7
1789614605585857608,1212.8,0.0,1.64,0.00,9
1789614606834816256,1271.7,0.4,2.68,2.06,0
1789614608089775287,1335.0,0.0,3.41,0.00,0
1789614609344686735,1048.6,0.2,3.94,8.50,4
1789614610599448807,1005.4,0.0,2.08,0.00,5
1789614611864494466,607.3,0.5,3.36,0.06,0
1789614613107351068,1337.6,0.0,3.40,0.00,0
1789614614364174045,1337.6,0.2,1.77,3.00,0
1789614615613159398,1337.3,0.0,3.45,0.00,0
1789614616856743457,0.0,0.3,0.00,2.23,0
1789614618112290039,1333.1,0.0,2.94,0.00,0
1789614619360523388,1308.7,0.1,2.74,8.00,1
1789614620621023576,944.0,0.0,4.05,0.00,5
1789614621871379936,694.7,0.4,1.94,2.17,8
1789614623137327651,1067.1,0.0,1.59,0.00,0
1789614624359015665,1351.3,0.2,3.34,8.50,0
1789614625616673596,1002.8,0.0,3.85,0.00,4
1789614626880373632,685.5,0.0,1.96,0.00,7
1789614628138741968,966.9,0.4,2.98,1.62,0
1789614629395073481,1332.4,0.1,3.40,2.00,0
1789614630648642647,899.8,0.0,2.56,0.00,5
1789614631895640716,442.1,0.0,3.07,0.00,0
1789614633143548199,1332.7,0.4,3.45,5.15,0
1789614634405000257,1210.6,0.1,3.42,8.00,4
1789614635666472599,772.6,0.0,1.88,0.00,6
1789614636911076140,683.6,0.0,1.63,0.00,0
1789614638154444956,1356.3,0.4,3.46,1.53,0
1789614639385988428,1346.4,0.0,1.77,0.00,0
1789614640629868909,1340.2,0.1,3.41,1.50,0
1789614641882222158,0.0,0.0,0.00,0.00,0
1789614643135077127,1337.1,0.3,3.43,1.17,0
1789614644387943902,1322.6,0.0,1.80,0.00,0
1789614645656923476,1339.2,0.1,3.48,8.50,0
1789614646905620669,1096.0,0.0,1.73,0.00,3
1789614648159023128,560.1,0.3,6.81,0.26,6
1789614649412958125,998.5,0.0,1.53,0.00,0
1789614650680743065,1339.2,0.1,3.56,9.50,0
1789614651932620435,831.4,0.0,2.43,0.00,5
1789614653184916273,507.9,0.3,3.20,0.27,0
1789614654421568791,2220.4,0.0,2.96,0.00,5
1789614655669192057,1836.6,0.1,2.83,11.00,68
1789614656931434851,2330.0,0.0,2.65,0.00,5
1789614658199549334,2653.8,0.3,2.26,2.87,6
1789614659457074461,2263.6,0.1,3.11,8.00,7
1789614660705252529,2687.3,0.0,2.29,0.00,7
1789614661955647820,1928.5,0.0,2.29,0.00,2
1789614663219443068,2592.1,0.4,2.74,1.20,4
1789614664478800146,1741.3,0.2,3.73,8.50,8
1789614665735826249,2706.9,0.0,2.21,0.00,7
1789614666983684977,2480.8,0.0,2.37,0.00,9
1789614668243315787,2077.1,0.0,3.02,0.00,5
1789614669502512113,1808.0,0.4,2.35,0.79,69
1789614670763525982,2525.1,0.0,3.16,0.00,4
1789614672026425636,2666.4,0.0,2.24,0.00,4
1789614673290649939,2666.7,0.0,2.19,0.00,4
1789614674544728071,2214.8,0.4,2.70,2.30,5
1789614675809072093,2115.7,0.0,2.89,0.00,7
1789614677066218828,2049.5,0.0,2.91,0.00,6
1789614678321387263,2382.8,0.0,2.40,0.00,5
1789614679568832571,1955.3,0.4,2.97,2.11,1
1789614680821854688,2680.5,0.0,2.16,0.00,1
1789614682076525818,2538.0,0.0,2.22,0.00,4
1789614683336775262,2368.4,0.0,2.49,0.00,4
1789614684602488270,1904.4,0.4,3.48,1.19,34
1789614685855044919,2271.9,0.0,2.19,0.00,3
1789614687122353931,2348.9,0.0,2.71,0.00,5
1789614688378039015,1911.3,0.0,2.99,0.00,0
1789614689619117773,2539.1,0.6,2.46,1.32,2
1789614690880639797,2683.6,0.0,2.16,0.00,3
1789614692129370709,2483.5,0.0,3.02,0.00,4
1789614693375842979,1788.6,0.0,3.21,0.00,29
1789614694632180359,2258.8,0.1,2.16,9.50,4
1789614695894522562,2285.2,0.5,3.18,0.89,5
1789614697143124726,2671.5,0.0,2.33,0.00,7
1789614698395086406,2690.9,0.0,2.22,0.00,5
1789614699645648484,2449.0,0.1,2.46,7.00,7
1789614700886396863,2647.7,0.3,2.39,0.28,6
1789614702133044888,2302.8,0.0,2.27,0.00,63
1789614703361242539,2346.4,0.0,2.84,0.00,5
1789614704627301338,2528.7,0.1,2.37,6.50,5
1789614705877208228,2257.0,0.3,3.06,0.74,7
1789614707125298181,2037.5,0.0,2.26,0.00,4
1789614708386329558,2350.7,0.0,2.77,0.00,5
1789614709641182245,1839.5,0.1,2.76,1.50,66
1789614710891966092,2352.7,0.3,2.68,2.00,6
1789614712151548213,2365.8,0.0,2.57,0.00,5
1789614713401390250,1926.1,0.0,2.94,0.00,0
1789614714655756151,2556.1,0.1,2.31,9.50,3
1789614715923124805,2661.0,0.0,2.23,0.00,3
1789614717187719911,2610.3,0.4,2.82,0.10,4
1789614718433406679,2686.0,0.0,2.23,0.00,4
1789614719682948828,2667.0,0.2,2.25,8.50,4
1789614720942632645,2476.5,0.0,2.44,0.00,6
1789614722198417982,2679.2,0.4,2.22,0.43,5
1789614723453689975,2231.5,0.0,3.26,0.00,7
1789614724709159147,1951.6,0.1,2.30,8.50,3
1789614725980584120,2351.9,0.0,2.88,0.00,5
1789614727236146226,1866.9,0.3,3.37,3.36,61
1789614728478694128,2696.7,0.0,2.43,0.00,23
1789614729736436265,2717.2,0.2,2.28,7.00,8
1789614730987332988,2514.5,0.0,2.16,0.00,8
1789614732245834252,2036.1,0.3,3.07,1.63,6
1789614733497974067,1890.6,0.0,2.32,0.00,1
1789614734750055890,2581.0,0.1,3.10,6.50,4
1789614736009360167,1802.8,0.0,3.36,0.00,6
1789614737265890289,2672.4,0.4,2.27,1.30,6
1789614738524889602,2521.9,0.0,2.25,0.00,8
1789614739785225763,2037.9,0.2,2.99,7.50,5
1789614741045766201,1805.4,0.0,2.78,0.00,80
1789614742302832685,2511.6,0.0,2.86,0.00,3
1789614743561447840,2674.8,0.4,2.13,0.10,4
1789614744812149286,1890.8,0.2,3.31,5.00,7
1789614746063357635,2441.6,0.0,2.37,0.00,7
1789614747321782153,2651.4,0.0,2.52,0.00,8
1789614748579311670,2445.3,0.4,2.22,0.70,0
1789614749825487572,2611.6,0.1,2.34,6.50,1
1789614751086671556,2349.6,0.0,2.72,0.00,5
1789614752357547166,2086.0,0.0,3.51,0.00,8
1789614753610013079,2089.8,0.3,2.19,1.00,4
1789614754869067299,2661.5,0.1,2.22,7.00,4
1789614756126588535,2501.2,0.0,2.88,0.00,5
1789614757383347104,2690.1,0.0,2.19,0.00,5
1789614758644695669,1806.9,0.3,3.35,2.39,7
1789614759893022908,2450.8,0.1,2.38,8.00,1
1789614761132891947,1982.6,0.0,3.07,0.00,7
1789614762379846544,1978.5,0.0,2.26,0.00,3
1789614763646464434,2508.2,0.2,2.91,1.68,5
1789614764904651025,2677.4,0.1,2.24,8.00,5
1789614766164839540,1794.4,0.0,3.30,0.00,6
1789614767422475241,2506.3,0.0,2.27,0.00,10
1789614768668094713,2683.9,0.0,2.24,0.00,10
1789614769919089823,2608.8,0.4,2.29,2.69,0
1789614771174714865,2546.4,0.0,2.30,0.00,3
1789614772441153873,2663.4,0.0,2.39,0.00,3
1789614773700422518,2526.0,0.0,3.06,0.00,6
1789614774962652228,1778.4,0.6,3.33,0.25,7
1789614776221173712,2710.5,0.0,2.22,0.00,7
1789614777482558883,2413.0,0.0,2.41,0.00,9
1789614778738314502,2633.5,0.0,2.30,0.00,0
1789614780009526211,0.0,0.4,0.00,0.57,0
1789614781285630054,0.0,0.0,0.00,0.00,0
1789614782558942843,0.0,0.0,0.00,0.00,0
1789614783821226618,0.0,0.0,0.00,0.00,0
1789614785077988722,0.0,0.4,0.00,5.58,0
1789614786347085659,0.0,0.0,0.00,0.00,0
1789614787612154250,0.0,0.0,0.00,0.00,0
1789614788877886922,0.0,0.0,0.00,0.00,0
1789614790144467997,0.0,0.5,0.00,0.86,0
1789614791411027511,0.0,0.0,0.00,0.00,0
1789614792673707867,0.0,0.0,0.00,0.00,0
1789614793942154385,2.4,0.0,0.19,0.00,0
1789614796360337117,9.0,0.2,0.11,5.48,0
