#Date        Time         gpu    pwr  gtemp  mtemp     sm    mem    enc    dec    jpg    ofa   mclk   pclk  pviol  tviol     fb   bar1   ccpm  sbecc  dbecc    pci  rxpci  txpci 
#YYYYMMDD    HH:MM:SS     Idx      W      C      C      %      %      %      %      %      %    MHz    MHz      %   bool     MB     MB     MB   errs   errs   errs   MB/s   MB/s 
 20260917    13:17:19       0      6     33      -      0      0      0      0      0      0    405    300      0      0     18      5      0      -      -      0      0      0 
 20260917    13:17:20       0      7     33      -      0      0      0      0      0      0    405    300      0      0     18      5      0      -      -      0      0      0 
 20260917    13:17:22       0      7     33      -      0      0      0      0      0      0    405    300      0      0     18      5      0      -      -      0      0      0 
 20260917    13:17:23       0      7     33      -      0      0      0      0      0      0    405    300      0      0     18      5      0      -      -      0      0      0 
 20260917    13:17:24       0      6     33      -      0      0      0      0      0      0    405    300      0      0     18      5      0      -      -      0      0      0 
 20260917    13:17:25       0      6     33      -      0      0      0      0      0      0    405    300      0      0     18      5      0      -      -      0      0      0 
 20260917    13:17:26       0      6     33      -      0      0      0      0      0      0    405    300      0      0     18      5      0      -      -      0      0      0 
 20260917    13:17:27       0      6     33      -      0      0      0      0      0      0    405    300      0      0     18      5      0      -      -      0      0      0 
 20260917    13:17:28       0      6     33      -      0      0      0      0      0      0    405    300      0      0     18      5      0      -      -      0      4      0 
 20260917    13:17:29       0      7     33      -      0      0      0      0      0      0    405    300      0      0     18      5      0      -      -      0      0      0 
 20260917    13:17:30       0      6     33      -      0      0      0      0      0      0    405    300      0      0     18      5      0      -      -      0      0      0 
 20260917    13:17:31       0      7     33      -      0      0      0      0      0      0    405    300      0      0     18      5      0      -      -      0      0      0 
 20260917    13:17:32       0     39     35      -      0      0      0      0      0      0   6500   1620      0      0    162      7      0      -      -      0      0      0 
 20260917    13:17:33       0     43     36      -      5      0      0      0      0      0   6500   1620      0      0    266      7      0      -      -      0      0      0 
 20260917    13:17:34       0     39     36      -     30      1      0      0      0      0   6500   1620      0      0   4394      7      0      -      -      0      0      0 
 20260917    13:17:35       0     40     36      -     37      1      0      0      0      0   6500   1620      0      0   4402      7      0      -      -      0      0      0 
 20260917    13:17:36       0     52     37      -     19      1      0      0      0      0   6500   1950      0      0   4408      7      0      -      -      0      0      4 
 20260917    13:17:37       0     53     38      -     19      1      0      0      0      0   6500   1950      0      0   4416      7      0      -      -      0      0  10534 
 20260917    13:17:39       0     53     38      -     37      2      0      0      0      0   6500   1950      0      0   4424      7      0      -      -      0      0   4752 
 20260917    13:17:40       0     53     38      -     12      0      0      0      0      0   6500   1950      0      0   4432      7      0      -      -      0      0      1 
 20260917    13:17:41       0     52     38      -     12      0      0      0      0      0   6500   1950      0      0   4440      7      0      -      -      0      0   5055 
 20260917    13:17:42       0     53     39      -     12      0      0      0      0      0   6500   1950      0      0   4446      7      0      -      -      0    106  14240 
 20260917    13:17:43       0     53     39      -     39      2      0      0      0      0   6500   1950      0      0   4454      7      0      -      -      0      0      0 
 20260917    13:17:44       0     53     39      -     11      0      0      0      0      0   6500   1950      0      0   4462      7      0      -      -      0      0  14311 
 20260917    13:17:45       0     53     39      -     37      2      0      0      0      0   6500   1950      0      0   4470      7      0      -      -      0      0      0 
 20260917    13:17:46       0     53     39      -     56      2      0      0      0      0   6500   1950      0      0   4478      7      0      -      -      0      0      0 
 20260917    13:17:47       0     52     39      -     35      1      0      0      0      0   6500   1950      0      0   4486      7      0      -      -      0     25  14304 
 20260917    13:17:48       0     52     39      -     12      0      0      0      0      0   6500   1950      0      0   4492      7      0      -      -      0      0  14236 
 20260917    13:17:49       0     53     40      -     12      0      0      0      0      0   6500   1950      0      0   4498      7      0      -      -      0    130  14234 
 20260917    13:17:50       0     54     40      -     12      0      0      0      0      0   6500   1950      0      0   4506      7      0      -      -      0      0      0 
 20260917    13:17:51       0     41     39      -     12      0      0      0      0      0   6500   1620      0      0   4512      7      0      -      -      0    106  14322 
 20260917    13:17:52       0     42     39      -     49      2      0      0      0      0   6500   1950      0      0   4520      7      0      -      -      0     29      0 
 20260917    13:17:53       0     53     40      -     21      1      0      0      0      0   6500   1950      0      0   4526      7      0      -      -      0      0      0 
 20260917    13:17:54       0     53     40      -     14      1      0      0      0      0   6500   1950      0      0   4536      7      0      -      -      0      0  14304 
 20260917    13:17:55       0     53     40      -     12      0      0      0      0      0   6500   1950      0      0   4542      7      0      -      -      0      0      0 
 20260917    13:17:56       0     41     40      -     37      1      0      0      0      0   6500   1650      0      0   4550      7      0      -      -      0      0   2387 
 20260917    13:17:58       0     39     40      -     40      2      0      0      0      0   6500   1635      0      0   4556      7      0      -      -      0     29   4226 
 20260917    13:17:59       0     39     40      -     19      1      0      0      0      0   6500   1635      0      0   4562      7      0      -      -      0     37   3050 
 20260917    13:18:00       0     52     40      -     50      2      0      0      0      0   6500   1950      0      0   4568      7      0      -      -      0      0    600 
 20260917    13:18:01       0     52     41      -      0      0      0      0      0      0   6500   1950      0      0   6948      7      0      -      -      0      0      0 
 20260917    13:18:02       0     52     41      -      0      0      0      0      0      0   6500   1950      0      0   6948      7      0      -      -      0      0      0 
 20260917    13:18:03       0     39     40      -      0      0      0      0      0      0   6500   1620      0      0   6948      7      0      -      -      0      0      0 
 20260917    13:18:04       0     53     41      -     60      2      0      0      0      0   6500   1950      0      0   6948      7      0      -      -      0      0      0 
 20260917    13:18:05       0     53     41      -      0      0      0      0      0      0   6500   1950      0      0   6948      7      0      -      -      0      0      0 
#Date        Time         gpu    pwr  gtemp  mtemp     sm    mem    enc    dec    jpg    ofa   mclk   pclk  pviol  tviol     fb   bar1   ccpm  sbecc  dbecc    pci  rxpci  txpci 
#YYYYMMDD    HH:MM:SS     Idx      W      C      C      %      %      %      %      %      %    MHz    MHz      %   bool     MB     MB     MB   errs   errs   errs   MB/s   MB/s 
 20260917    13:18:06       0     39     40      -      0      0      0      0      0      0   6500   1620      0      0   6948      7      0      -      -      0      0      0 
 20260917    13:18:07       0     39     40      -      0      0      0      0      0      0   6500   1620      0      0   6948      7      0      -      -      0      0      0 
 20260917    13:18:08       0     39     40      -      0      0      0      0      0      0   6500   1620      0      0   6948      7      0      -      -      0      0      3 
 20260917    13:18:09       0     39     41      -      0      0      0      0      0      0   6500   1620      0      0   6948      7      0      -      -      0      0      0 
 20260917    13:18:10       0     39     41      -      0      0      0      0      0      0   6500   1620      0      0   6948      7      0      -      -      0      0      0 
 20260917    13:18:11       0     40     41      -      0      0      0      0      0      0   6500   1620      0      0   6948      7      0      -      -      0      0      0 
 20260917    13:18:12       0     40     41      -      0      0      0      0      0      0   6500   1620      0      0   6948      7      0      -      -      0      0      0 
 20260917    13:18:13       0     39     41      -      0      0      0      0      0      0   6500   1620      0      0   6948      7      0      -      -      0      0      0 
 20260917    13:18:14       0     39     41      -      0      0      0      0      0      0   6500   1620      0      0   6948      7      0      -      -      0      0      0 
 20260917    13:18:15       0     39     41      -      0      0      0      0      0      0   6500   1620      0      0   6948      7      0      -      -      0      0      0 
 20260917    13:18:16       0     39     41      -      0      0      0      0      0      0   6500   1620      0      0   6948      7      0      -      -      0      0      0 
 20260917    13:18:18       0     39     41      -      0      0      0      0      0      0   6500   1620      0      0   6948      7      0      -      -      0      0      3 
 20260917    13:18:19       0     40     41      -      0      0      0      0      0      0   6500   1620      0      0   6948      7      0      -      -      0      0      0 
 20260917    13:18:20       0     40     41      -      0      0      0      0      0      0   6500   1620      0      0   6948      7      0      -      -      0      0      0 
 20260917    13:18:21       0     24     40      -      0      0      0      0      0      0    405    375      0      0   6948      7      0      -      -      0      0      0 
 20260917    13:18:22       0      7     39      -      0      0      0      0      0      0    405    375      0      0   6948      7      0      -      -      0      0      0 
 20260917    13:18:23       0      7     39      -      1      0      0      0      0      0    405    300      0      0   6948      7      0      -      -      0      0      0 
 20260917    13:18:24       0      6     39      -      0      0      0      0      0      0    405    300      0      0   6948      7      0      -      -      0      0      0 
 20260917    13:18:25       0      7     39      -      0      0      0      0      0      0    405    300      0      0   6948      7      0      -      -      0      0      0 
 20260917    13:18:26       0      6     39      -      0      0      0      0      0      0    405    300      0      0   6948      7      0      -      -      0      0      0 
 20260917    13:18:27       0      7     38      -      0      0      0      0      0      0    405    300      0      0   6948      7      0      -      -      0      4      0 
 20260917    13:18:28       0      6     38      -      0      0      0      0      0      0    405    300      0      0   6948      7      0      -      -      0      0      0 
 20260917    13:18:29       0      7     38      -      0      0      0      0      0      0    405    300      0      0   6948      7      0      -      -      0      0      0 
 20260917    13:18:30       0      7     38      -      0      0      0      0      0      0    405    300      0      0   6948      7      0      -      -      0      0      0 
 20260917    13:18:31       0      6     38      -      0      0      0      0      0      0    405    300      0      0   6948      7      0      -      -      0      0      0 
 20260917    13:18:32       0      6     38      -      0      0      0      0      0      0    405    300      0      0   6948      7      0      -      -      0      0      1 
 20260917    13:18:34       0      6     38      -      0      0      0      0      0      0    405    300      0      0   6948      7      0      -      -      0      0      0 
 20260917    13:18:35       0      6     38      -      0      0      0      0      0      0    405    300      0      0   6948      7      0      -      -      0      0      5 
 20260917    13:18:36       0      6     38      -      0      0      0      0      0      0    405    300      0      0   6948      7      0      -      -      0      0      0 
 20260917    13:18:37       0      7     37      -      0      0      0      0      0      0    405    300      0      0   6948      7      0      -      -      0      0      0 
 20260917    13:18:38       0      6     37      -      0      0      0      0      0      0    405    300      0      0   6948      7      0      -      -      0      0      0 
 20260917    13:18:39       0      6     37      -      0      0      0      0      0      0    405    300      0      0   6948      7      0      -      -      0      0      0 
 20260917    13:18:40       0      6     37      -      0      0      0      0      0      0    405    300      0      0   6948      7      0      -      -      0      0      0 
 20260917    13:18:41       0      6     37      -      0      0      0      0      0      0    405    300      0      0   6948      7      0      -      -      0      0      0 
 20260917    13:18:42       0      6     37      -      0      0      0      0      0      0    405    300      0      0   6948      7      0      -      -      0      0      0 
 20260917    13:18:43       0      6     37      -      0      0      0      0      0      0    405    300      0      0   6948      7      0      -      -      0      0      0 
 20260917    13:18:44       0      6     37      -      1      0      0      0      0      0    405    300      0      0   6948      7      0      -      -      0      0      0 
 20260917    13:18:45       0      6     37      -      0      0      0      0      0      0    405    300      0      0   6948      7      0      -      -      0      0      0 
 20260917    13:18:46       0      7     37      -      0      0      0      0      0      0    405    300      0      0   6948      7      0      -      -      0      0      0 
 20260917    13:18:48       0      6     37      -      0      0      0      0      0      0    405    300      0      0   6948      7      0      -      -      0      0      0 
 20260917    13:18:49       0      6     37      -      0      0      0      0      0      0    405    300      0      0   6948      7      0      -      -      0      0      0 
 20260917    13:18:50       0      6     37      -      0      0      0      0      0      0    405    300      0      0   6948      7      0      -      -      0      0      0 
 20260917    13:18:51       0      6     37      -      0      0      0      0      0      0    405    300      0      0   6948      7      0      -      -      0      0      0 
 20260917    13:18:52       0      6     37      -      0      0      0      0      0      0    405    300      0      0   6948      7      0      -      -      0      0      0 
#Date        Time         gpu    pwr  gtemp  mtemp     sm    mem    enc    dec    jpg    ofa   mclk   pclk  pviol  tviol     fb   bar1   ccpm  sbecc  dbecc    pci  rxpci  txpci 
#YYYYMMDD    HH:MM:SS     Idx      W      C      C      %      %      %      %      %      %    MHz    MHz      %   bool     MB     MB     MB   errs   errs   errs   MB/s   MB/s 
 20260917    13:18:53       0      7     37      -      0      0      0      0      0      0    405    300      0      0   6948      7      0      -      -      0      0      0 
 20260917    13:18:54       0      6     37      -      0      0      0      0      0      0    405    300      0      0   6948      7      0      -      -      0      0      0 
 20260917    13:18:55       0      6     37      -      0      0      0      0      0      0    405    300      0      0   6948      7      0      -      -      0      0      0 
 20260917    13:18:56       0      6     37      -      0      0      0      0      0      0    405    300      0      0   6948      7      0      -      -      0      0      0 
 20260917    13:18:57       0      6     37      -      0      0      0      0      0      0    405    300      0      0   6948      7      0      -      -      0      0      0 
 20260917    13:18:58       0      6     37      -      0      0      0      0      0      0    405    300      0      0   6948      7      0      -      -      0      0      0 
 20260917    13:18:59       0      6     36      -      0      0      0      0      0      0    405    300      0      0   6948      7      0      -      -      0      0      0 
 20260917    13:19:00       0      6     36      -      0      0      0      0      0      0    405    300      0      0   6948      7      0      -      -      0      0      0 
 20260917    13:19:01       0      7     36      -      0      0      0      0      0      0    405    300      0      0   6948      7      0      -      -      0      0      0 
 20260917    13:19:03       0      6     36      -      0      0      0      0      0      0    405    300      0      0   6948      7      0      -      -      0      0      0 
 20260917    13:19:04       0      6     36      -      0      0      0      0      0      0    405    300      0      0   6948      7      0      -      -      0      0      0 
 20260917    13:19:05       0      6     36      -      0      0      0      0      0      0    405    300      0      0   6948      7      0      -      -      0      0      0 
 20260917    13:19:06       0      6     36      -      0      0      0      0      0      0    405    300      0      0   6948      7      0      -      -      0      0      0 
 20260917    13:19:07       0      6     36      -      0      0      0      0      0      0    405    300      0      0   6948      7      0      -      -      0      0      0 
 20260917    13:19:08       0      6     36      -      0      0      0      0      0      0    405    300      0      0   6948      7      0      -      -      0      0      0 
 20260917    13:19:09       0      6     36      -      0      0      0      0      0      0    405    300      0      0   6948      7      0      -      -      0      0      0 
 20260917    13:19:10       0      7     36      -      0      0      0      0      0      0    405    300      0      0   6948      7      0      -      -      0      0      0 
 20260917    13:19:11       0      6     36      -      0      0      0      0      0      0    405    300      0      0   6948      7      0      -      -      0      0      0 
 20260917    13:19:12       0      6     36      -      0      0      0      0      0      0    405    300      0      0   6948      7      0      -      -      0      0      0 
 20260917    13:19:13       0      6     36      -      0      0      0      0      0      0    405    300      0      0   6948      7      0      -      -      0      0      0 
 20260917    13:19:14       0      6     36      -      0      0      0      0      0      0    405    300      0      0   6948      7      0      -      -      0      0      0 
 20260917    13:19:15       0      6     36      -      0      0      0      0      0      0    405    300      0      0   6948      7      0      -      -      0      0      0 
 20260917    13:19:16       0      6     36      -      0      0      0      0      0      0    405    300      0      0   6948      7      0      -      -      0      4      0 
 20260917    13:19:18       0      6     36      -      0      0      0      0      0      0    405    300      0      0   6948      7      0      -      -      0      0      0 
 20260917    13:19:19       0      7     36      -      0      0      0      0      0      0    405    300      0      0   6948      7      0      -      -      0      0      0 
 20260917    13:19:20       0      7     36      -      0      0      0      0      0      0    405    300      0      0   6948      7      0      -      -      0      0      0 
 20260917    13:19:21       0      6     36      -      0      0      0      0      0      0    405    300      0      0   6948      7      0      -      -      0      0      0 
 20260917    13:19:22       0      6     36      -      0      0      0      0      0      0    405    300      0      0   6948      7      0      -      -      0      0      0 
 20260917    13:19:23       0      6     36      -      0      0      0      0      0      0    405    300      0      0   6948      7      0      -      -      0      0      0 
 20260917    13:19:24       0      6     36      -      0      0      0      0      0      0    405    300      0      0   6948      7      0      -      -      0      0      0 
 20260917    13:19:25       0      6     36      -      0      0      0      0      0      0    405    300      0      0   6948      7      0      -      -      0      0      0 
 20260917    13:19:26       0      6     36      -      0      0      0      0      0      0    405    300      0      0   6948      7      0      -      -      0      0      0 
 20260917    13:19:27       0      7     36      -      0      0      0      0      0      0    405    300      0      0   6948      7      0      -      -      0      0      0 
 20260917    13:19:28       0      6     36      -      0      0      0      0      0      0    405    300      0      0   6948      7      0      -      -      0      0      0 
 20260917    13:19:29       0      6     36      -      0      0      0      0      0      0    405    300      0      0   6948      7      0      -      -      0      0      0 
 20260917    13:19:30       0      6     36      -      0      0      0      0      0      0    405    300      0      0   6948      7      0      -      -      0      0      0 
 20260917    13:19:31       0      6     36      -      0      0      0      0      0      0    405    300      0      0   6948      7      0      -      -      0      0      0 
 20260917    13:19:33       0      6     36      -      0      0      0      0      0      0    405    300      0      0   6948      7      0      -      -      0      0      0 
 20260917    13:19:34       0      6     36      -      0      0      0      0      0      0    405    300      0      0   6948      7      0      -      -      0      4      0 
 20260917    13:19:35       0      7     36      -      1      0      0      0      0      0    405    300      0      0   6948      7      0      -      -      0      0      0 
 20260917    13:19:36       0      7     36      -      0      0      0      0      0      0    405    300      0      0   6948      7      0      -      -      0      0      0 
 20260917    13:19:37       0      6     36      -      0      0      0      0      0      0    405    300      0      0   6948      7      0      -      -      0      0      0 
 20260917    13:19:38       0      6     36      -      0      0      0      0      0      0    405    300      0      0   6948      7      0      -      -      0      0      0 
 20260917    13:19:39       0      6     36      -      0      0      0      0      0      0    405    300      0      0   6948      7      0      -      -      0      0      0 
#Date        Time         gpu    pwr  gtemp  mtemp     sm    mem    enc    dec    jpg    ofa   mclk   pclk  pviol  tviol     fb   bar1   ccpm  sbecc  dbecc    pci  rxpci  txpci 
#YYYYMMDD    HH:MM:SS     Idx      W      C      C      %      %      %      %      %      %    MHz    MHz      %   bool     MB     MB     MB   errs   errs   errs   MB/s   MB/s 
 20260917    13:19:40       0      7     36      -      0      0      0      0      0      0    405    300      0      0   6948      7      0      -      -      0      0      0 
 20260917    13:19:41       0      6     35      -      0      0      0      0      0      0    405    300      0      0   6948      7      0      -      -      0      0      5 
 20260917    13:19:42       0      6     36      -      0      0      0      0      0      0    405    300      0      0   6948      7      0      -      -      0      0      0 
 20260917    13:19:43       0      7     36      -      0      0      0      0      0      0    405    300      0      0   6948      7      0      -      -      0      0      0 
 20260917    13:19:44       0      6     35      -      0      0      0      0      0      0    405    300      0      0   6948      7      0      -      -      0      0      0 
 20260917    13:19:45       0      6     36      -      0      0      0      0      0      0    405    300      0      0   6948      7      0      -      -      0      0      0 
 20260917    13:19:46       0      6     35      -      0      0      0      0      0      0    405    300      0      0   6948      7      0      -      -      0      0      0 
 20260917    13:19:47       0      6     35      -      0      0      0      0      0      0    405    300      0      0   6948      7      0      -      -      0      0      0 
 20260917    13:19:49       0      6     35      -      0      0      0      0      0      0    405    300      0      0   6948      7      0      -      -      0      0      0 
 20260917    13:19:50       0      6     35      -      0      0      0      0      0      0    405    300      0      0   6948      7      0      -      -      0      0      0 
 20260917    13:19:51       0      6     35      -      0      0      0      0      0      0    405    300      0      0   6948      7      0      -      -      0      4      0 
 20260917    13:19:52       0      6     35      -      0      0      0      0      0      0    405    300      0      0   6948      7      0      -      -      0      0      0 
 20260917    13:19:53       0      7     35      -      0      0      0      0      0      0    405    300      0      0   6948      7      0      -      -      0      0      0 
 20260917    13:19:54       0      6     35      -      0      0      0      0      0      0    405    300      0      0   6948      7      0      -      -      0      0      0 
 20260917    13:19:55       0      6     35      -      0      0      0      0      0      0    405    300      0      0   6948      7      0      -      -      0      0      0 
 20260917    13:19:56       0      7     35      -      1      0      0      0      0      0    405    300      0      0   6948      7      0      -      -      0      0      0 
 20260917    13:19:57       0      6     35      -      0      0      0      0      0      0    405    300      0      0   6948      7      0      -      -      0      0      0 
 20260917    13:19:58       0      7     35      -      0      0      0      0      0      0    405    300      0      0   6948      7      0      -      -      0      0      5 
 20260917    13:19:59       0      6     35      -      0      0      0      0      0      0    405    300      0      0   6948      7      0      -      -      0      0      0 
 20260917    13:20:00       0      7     35      -      0      0      0      0      0      0    405    300      0      0   6948      7      0      -      -      0      0      0 
 20260917    13:20:01       0      6     35      -      0      0      0      0      0      0    405    300      0      0   6948      7      0      -      -      0      0      0 
 20260917    13:20:02       0      6     35      -      0      0      0      0      0      0    405    300      0      0   6948      7      0      -      -      0      0      0 
 20260917    13:20:04       0      6     35      -      0      0      0      0      0      0    405    300      0      0   6948      7      0      -      -      0      0      0 
 20260917    13:20:05       0      6     35      -      0      0      0      0      0      0    405    300      0      0   6948      7      0      -      -      0      0      0 
 20260917    13:20:06       0      7     35      -      0      0      0      0      0      0    405    300      0      0   6948      7      0      -      -      0      0      0 
 20260917    13:20:07       0      6     35      -      0      0      0      0      0      0    405    300      0      0   6948      7      0      -      -      0      0      0 
 20260917    13:20:08       0      6     35      -      0      0      0      0      0      0    405    300      0      0   6948      7      0      -      -      0      0      0 
 20260917    13:20:09       0      6     35      -      0      0      0      0      0      0    405    300      0      0   6948      7      0      -      -      0      0      0 
 20260917    13:20:10       0      7     35      -      0      0      0      0      0      0    405    300      0      0   6948      7      0      -      -      0      0      0 
 20260917    13:20:11       0      7     35      -      0      0      0      0      0      0    405    300      0      0   6948      7      0      -      -      0      0      0 
 20260917    13:20:12       0      7     35      -      0      0      0      0      0      0    405    300      0      0   6948      7      0      -      -      0      0      0 
 20260917    13:20:13       0      6     35      -      0      0      0      0      0      0    405    300      0      0   6948      7      0      -      -      0      0      0 
 20260917    13:20:14       0      6     35      -      0      0      0      0      0      0    405    300      0      0   6948      7      0      -      -      0      0      0 
 20260917    13:20:15       0      7     35      -      0      0      0      0      0      0    405    300      0      0   6948      7      0      -      -      0      0      1 
 20260917    13:20:16       0      6     35      -      0      0      0      0      0      0    405    300      0      0   6948      7      0      -      -      0      0      0 
 20260917    13:20:17       0      7     35      -      1      0      0      0      0      0    405    300      0      0   6948      7      0      -      -      0      0      0 
 20260917    13:20:19       0      7     35      -      0      0      0      0      0      0    405    300      0      0   6948      7      0      -      -      0      0      0 
 20260917    13:20:20       0      6     35      -      0      0      0      0      0      0    405    300      0      0   6948      7      0      -      -      0      0      0 
 20260917    13:20:21       0      6     35      -      0      0      0      0      0      0    405    300      0      0   6948      7      0      -      -      0      0      0 
 20260917    13:20:22       0      7     35      -      0      0      0      0      0      0    405    300      0      0   6948      7      0      -      -      0      0      0 
 20260917    13:20:23       0      6     35      -      0      0      0      0      0      0    405    300      0      0   6948      7      0      -      -      0      0      0 
 20260917    13:20:24       0      6     35      -      0      0      0      0      0      0    405    300      0      0   6948      7      0      -      -      0      0      0 
 20260917    13:20:25       0      6     35      -      0      0      0      0      0      0    405    300      0      0   6948      7      0      -      -      0      0      0 
 20260917    13:20:26       0      7     35      -      0      0      0      0      0      0    405    300      0      0   6948      7      0      -      -      0      0      0 
#Date        Time         gpu    pwr  gtemp  mtemp     sm    mem    enc    dec    jpg    ofa   mclk   pclk  pviol  tviol     fb   bar1   ccpm  sbecc  dbecc    pci  rxpci  txpci 
#YYYYMMDD    HH:MM:SS     Idx      W      C      C      %      %      %      %      %      %    MHz    MHz      %   bool     MB     MB     MB   errs   errs   errs   MB/s   MB/s 
 20260917    13:20:27       0      7     35      -      0      0      0      0      0      0    405    300      0      0   6948      7      0      -      -      0      0      0 
 20260917    13:20:28       0      6     35      -      0      0      0      0      0      0    405    300      0      0   6948      7      0      -      -      0      0      0 
 20260917    13:20:29       0      6     35      -      0      0      0      0      0      0    405    300      0      0   6948      7      0      -      -      0      0      0 
 20260917    13:20:30       0      6     35      -      0      0      0      0      0      0    405    300      0      0   6948      7      0      -      -      0      0      0 
 20260917    13:20:31       0      6     35      -      0      0      0      0      0      0    405    300      0      0   6948      7      0      -      -      0      0      0 
 20260917    13:20:32       0      6     35      -      0      0      0      0      0      0    405    300      0      0   6948      7      0      -      -      0      4      0 
 20260917    13:20:33       0      6     35      -      0      0      0      0      0      0    405    300      0      0   6948      7      0      -      -      0      0      0 
 20260917    13:20:35       0      7     35      -      0      0      0      0      0      0    405    300      0      0   6948      7      0      -      -      0      0      0 
 20260917    13:20:36       0      6     35      -      0      0      0      0      0      0    405    300      0      0   6948      7      0      -      -      0      0      0 
 20260917    13:20:37       0      6     35      -      0      0      0      0      0      0    405    300      0      0   6948      7      0      -      -      0      0      0 
 20260917    13:20:38       0      7     35      -      0      0      0      0      0      0    405    300      0      0   6948      7      0      -      -      0      0      0 
 20260917    13:20:39       0      6     35      -      0      0      0      0      0      0    405    300      0      0   6948      7      0      -      -      0      0      0 
 20260917    13:20:40       0      6     35      -      0      0      0      0      0      0    405    300      0      0   6948      7      0      -      -      0      0      0 
 20260917    13:20:41       0      7     35      -      0      0      0      0      0      0    405    300      0      0   6948      7      0      -      -      0      0      4 
 20260917    13:20:42       0      6     35      -      0      0      0      0      0      0    405    300      0      0   6948      7      0      -      -      0      0      0 
 20260917    13:20:43       0      6     35      -      0      0      0      0      0      0    405    300      0      0   6948      7      0      -      -      0      0      0 
 20260917    13:20:44       0      7     35      -      0      0      0      0      0      0    405    300      0      0   6948      7      0      -      -      0      0      0 
 20260917    13:20:45       0      6     35      -      0      0      0      0      0      0    405    300      0      0   6948      7      0      -      -      0      0      0 
 20260917    13:20:46       0      6     35      -      0      0      0      0      0      0    405    300      0      0   6948      7      0      -      -      0      0      0 
 20260917    13:20:47       0      6     35      -      0      0      0      0      0      0    405    300      0      0   6948      7      0      -      -      0      0      0 
 20260917    13:20:48       0      6     35      -      0      0      0      0      0      0    405    300      0      0   6948      7      0      -      -      0      0      0 
 20260917    13:20:50       0      6     35      -      0      0      0      0      0      0    405    300      0      0   6948      7      0      -      -      0      4      0 
 20260917    13:20:51       0      7     35      -      0      0      0      0      0      0    405    300      0      0   6948      7      0      -      -      0      0      0 
 20260917    13:20:52       0      7     35      -      0      0      0      0      0      0    405    300      0      0   6948      7      0      -      -      0      0      0 
 20260917    13:20:53       0      6     35      -      0      0      0      0      0      0    405    300      0      0   6948      7      0      -      -      0      0      0 
 20260917    13:20:54       0      6     35      -      0      0      0      0      0      0    405    300      0      0   6948      7      0      -      -      0      0      0 
 20260917    13:20:55       0      6     35      -      0      0      0      0      0      0    405    300      0      0   6948      7      0      -      -      0      0      0 
 20260917    13:20:56       0      6     35      -      0      0      0      0      0      0    405    300      0      0   6948      7      0      -      -      0      0      0 
 20260917    13:20:57       0      6     35      -      0      0      0      0      0      0    405    300      0      0   6948      7      0      -      -      0      0      0 
 20260917    13:20:58       0      6     35      -      0      0      0      0      0      0    405    300      0      0   6948      7      0      -      -      0      0      4 
 20260917    13:20:59       0      7     35      -      0      0      0      0      0      0    405    300      0      0   6948      7      0      -      -      0      0      0 
 20260917    13:21:00       0      7     35      -      0      0      0      0      0      0    405    300      0      0   6948      7      0      -      -      0      0      0 
 20260917    13:21:01       0      6     35      -      0      0      0      0      0      0    405    300      0      0   6948      7      0      -      -      0      0      0 
 20260917    13:21:02       0      7     35      -      0      0      0      0      0      0    405    300      0      0   6948      7      0      -      -      0      0      0 
 20260917    13:21:03       0      7     35      -      0      0      0      0      0      0    405    300      0      0   6948      7      0      -      -      0      0      0 
 20260917    13:21:05       0      6     35      -      0      0      0      0      0      0    405    300      0      0   6948      7      0      -      -      0      0      0 
 20260917    13:21:06       0      6     35      -      0      0      0      0      0      0    405    300      0      0   6948      7      0      -      -      0      0      0 
 20260917    13:21:07       0      6     35      -      0      0      0      0      0      0    405    300      0      0   6948      7      0      -      -      0      0      0 
 20260917    13:21:08       0      7     35      -      1      0      0      0      0      0    405    300      0      0   6948      7      0      -      -      0      0      0 
 20260917    13:21:09       0      7     35      -      0      0      0      0      0      0    405    300      0      0   6948      7      0      -      -      0      0      0 
 20260917    13:21:10       0      7     35      -      0      0      0      0      0      0    405    300      0      0   6948      7      0      -      -      0      0      0 
 20260917    13:21:11       0      6     35      -      0      0      0      0      0      0    405    300      0      0   6948      7      0      -      -      0      0      0 
 20260917    13:21:12       0     52     37      -     18      1      0      0      0      0   6500   1950      0      0   6948      7      0      -      -      0      0      0 
 20260917    13:21:13       0     52     38      -      0      0      0      0      0      0   6500   1950      0      0   6948      7      0      -      -      0      0      0 
#Date        Time         gpu    pwr  gtemp  mtemp     sm    mem    enc    dec    jpg    ofa   mclk   pclk  pviol  tviol     fb   bar1   ccpm  sbecc  dbecc    pci  rxpci  txpci 
#YYYYMMDD    HH:MM:SS     Idx      W      C      C      %      %      %      %      %      %    MHz    MHz      %   bool     MB     MB     MB   errs   errs   errs   MB/s   MB/s 
 20260917    13:21:14       0     41     38      -      7      0      0      0      0      0   6500   1620      0      0   6948      7      0      -      -      0      0  14317 
 20260917    13:21:15       0     52     39      -      0      0      0      0      0      0   6500   1950      0      0   6948      7      0      -      -      0     54     12 
 20260917    13:21:16       0     46     39      -      0      0      0      0      0      0   6500   1620      0      0   6948      7      0      -      -      0     57      6 
 20260917    13:21:17       0     39     38      -      0      0      0      0      0      0   6500   1620      0      0   6948      7      0      -      -      0     54      6 
 20260917    13:21:18       0     39     38      -      1      0      0      0      0      0   6500   1620      0      0   6948      7      0      -      -      0    109      6 
 20260917    13:21:19       0     39     38      -      1      0      0      0      0      0   6500   1620      0      0   6948      7      0      -      -      0     54      0 
 20260917    13:21:20       0     39     39      -      1      0      0      0      0      0   6500   1620      0      0   6948      7      0      -      -      0     54      6 
 20260917    13:21:22       0     39     39      -      1      0      0      0      0      0   6500   1620      0      0   6948      7      0      -      -      0     54      6 
 20260917    13:21:23       0     39     39      -      1      0      0      0      0      0   6500   1620      0      0   6948      7      0      -      -      0     54      6 
 20260917    13:21:24       0     39     39      -      0      0      0      0      0      0   6500   1620      0      0   6948      7      0      -      -      0     54      0 
 20260917    13:21:25       0     39     39      -      0      0      0      0      0      0   6500   1620      0      0   6948      7      0      -      -      0   1586    250 
 20260917    13:21:26       0     40     39      -     19      1      0      0      0      0   6500   1620      0      0   6948      7      0      -      -      0   4505   7944 
 20260917    13:21:27       0     53     40      -     19      1      0      0      0      0   6500   1950      0      0   6948      7      0      -      -      0   2800    253 
 20260917    13:21:28       0     52     40      -      0      0      0      0      0      0   6500   1950      0      0   6948      7      0      -      -      0     54      6 
 20260917    13:21:29       0     40     40      -     20      1      0      0      0      0   6500   1620      0      0   6948      7      0      -      -      0  12941   1500 
 20260917    13:21:30       0     53     40      -      0      0      0      0      0      0   6500   1950      0      0   6948      7      0      -      -      0      0      0 
 20260917    13:21:31       0     53     40      -      1      0      0      0      0      0   6500   1950      0      0   6948      7      0      -      -      0     54      0 
 20260917    13:21:32       0     39     40      -      1      0      0      0      0      0   6500   1620      0      0   6948      7      0      -      -      0     54      6 
 20260917    13:21:33       0     39     40      -      1      0      0      0      0      0   6500   1620      0      0   6948      7      0      -      -      0    109      6 
 20260917    13:21:34       0     39     40      -      0      0      0      0      0      0   6500   1620      0      0   6948      7      0      -      -      0      0      6 
 20260917    13:21:35       0     39     40      -      1      0      0      0      0      0   6500   1620      0      0   6948      7      0      -      -      0      0      6 
 20260917    13:21:36       0     39     40      -      1      0      0      0      0      0   6500   1620      0      0   6948      7      0      -      -      0     54     19 
 20260917    13:21:37       0     39     40      -      0      0      0      0      0      0   6500   1620      0      0   6948      7      0      -      -      0     54      0 
 20260917    13:21:38       0     39     40      -      1      0      0      0      0      0   6500   1620      0      0   6948      7      0      -      -      0   1805    306 
 20260917    13:21:39       0     40     40      -     17      1      0      0      0      0   6500   1620      0      0   6948      7      0      -      -      0   7237   7034 
 20260917    13:21:40       0     54     41      -     23      1      0      0      0      0   6500   1950      0      0   6948      7      0      -      -      0    294   2925 
 20260917    13:21:42       0     53     41      -     11      0      0      0      0      0   6500   1950      0      0   6948      7      0      -      -      0     54      6 
 20260917    13:21:43       0     39     41      -      0      0      0      0      0      0   6500   1620      0      0   6948      7      0      -      -      0     54     12 
 20260917    13:21:44       0     39     41      -      1      0      0      0      0      0   6500   1620      0      0   6948      7      0      -      -      0      0      6 
 20260917    13:21:45       0     41     41      -     55      2      0      0      0      0   6500   1950      0      0   6948      7      0      -      -      0   7419  14260 
 20260917    13:21:46       0     53     42      -      0      0      0      0      0      0   6500   1950      0      0   6948      7      0      -      -      0      0      0 
 20260917    13:21:47       0     53     42      -      1      0      0      0      0      0   6500   1950      0      0   6948      7      0      -      -      0    109     22 
 20260917    13:21:48       0     39     41      -      0      0      0      0      0      0   6500   1620      0      0   6948      7      0      -      -      0     54      6 
 20260917    13:21:49       0     40     41      -      1      0      0      0      0      0   6500   1620      0      0   6948      7      0      -      -      0     54     12 
 20260917    13:21:50       0     40     41      -      1      0      0      0      0      0   6500   1620      0      0   6948      7      0      -      -      0    109      6 
 20260917    13:21:51       0     40     41      -      1      0      0      0      0      0   6500   1620      0      0   6948      7      0      -      -      0     54     12 
 20260917    13:21:52       0     39     41      -      1      0      0      0      0      0   6500   1620      0      0   6948      7      0      -      -      0     54      6 
 20260917    13:21:53       0     39     41      -      1      0      0      0      0      0   6500   1620      0      0   6948      7      0      -      -      0     54      6 
 20260917    13:21:54       0     40     41      -      1      0      0      0      0      0   6500   1620      0      0   6948      7      0      -      -      0    109      6 
 20260917    13:21:55       0     40     41      -     19      1      0      0      0      0   6500   1620      0      0   6948      7      0      -      -      0      0   3001 
 20260917    13:21:56       0     55     42      -    100      4      0      0      0      0   6500   1935      0      0   6948      7      0      -      -      0   9670   1500 
 20260917    13:21:57       0     53     42      -     22      1      0      0      0      0   6500   1935      0      0   6948      7      0      -      -      0      0   2790 
 20260917    13:21:58       0     46     42      -      1      0      0      0      0      0   6500   1620      0      0   6948      7      0      -      -      0    109      6 
 20260917    13:21:59       0     49     43      -     75      3      0      0      0      0   6500   1935      0      0   6948      7      0      -      -      0      0   5434 
#Date        Time         gpu    pwr  gtemp  mtemp     sm    mem    enc    dec    jpg    ofa   mclk   pclk  pviol  tviol     fb   bar1   ccpm  sbecc  dbecc    pci  rxpci  txpci 
#YYYYMMDD    HH:MM:SS     Idx      W      C      C      %      %      %      %      %      %    MHz    MHz      %   bool     MB     MB     MB   errs   errs   errs   MB/s   MB/s 
 20260917    13:22:00       0     53     43      -      1      0      0      0      0      0   6500   1935      0      0   6948      7      0      -      -      0     54      6 
 20260917    13:22:02       0     53     43      -      1      0      0      0      0      0   6500   1620      0      0   6948      7      0      -      -      0     54     12 
 20260917    13:22:03       0     40     42      -     20      1      0      0      0      0   6500   1620      0      0   6948      7      0      -      -      0      0   2250 
 20260917    13:22:04       0     39     42      -      0      0      0      0      0      0   6500   1620      0      0   6948      7      0      -      -      0     54      6 
 20260917    13:22:05       0     40     42      -      1      0      0      0      0      0   6500   1620      0      0   6948      7      0      -      -      0    109     12 
 20260917    13:22:06       0     40     42      -      0      0      0      0      0      0   6500   1620      0      0   6948      7      0      -      -      0      0      6 
 20260917    13:22:07       0     40     42      -      1      0      0      0      0      0   6500   1620      0      0   6948      7      0      -      -      0    109     12 
 20260917    13:22:08       0     40     42      -      1      0      0      0      0      0   6500   1620      0      0   6948      7      0      -      -      0    164     22 
 20260917    13:22:09       0     40     42      -      0      0      0      0      0      0   6500   1620      0      0   6948      7      0      -      -      0     54      6 
 20260917    13:22:10       0     40     42      -      0      0      0      0      0      0   6500   1620      0      0   6948      7      0      -      -      0     54      6 
 20260917    13:22:11       0     54     43      -    100      4      0      0      0      0   6500   1935      0      0   6948      7      0      -      -      0  12950   1499 
 20260917    13:22:12       0     54     43      -     20      1      0      0      0      0   6500   1935      0      0   6948      7      0      -      -      0      0   2419 
 20260917    13:22:13       0     53     43      -      0      0      0      0      0      0   6500   1935      0      0   6948      7      0      -      -      0   1641    263 
 20260917    13:22:14       0     55     44      -    100      4      0      0      0      0   6500   1935      0      0   6948      7      0      -      -      0  12896   3327 
 20260917    13:22:15       0     53     44      -      5      0      0      0      0      0   6500   1935      0      0   6948      7      0      -      -      0     54      6 
 20260917    13:22:16       0     47     43      -     20      1      0      0      0      0   6500   1620      0      0   6948      7      0      -      -      0      0   2700 
 20260917    13:22:17       0     40     43      -      1      0      0      0      0      0   6500   1620      0      0   6948      7      0      -      -      0     54     12 
 20260917    13:22:18       0     40     43      -      1      0      0      0      0      0   6500   1620      0      0   6948      7      0      -      -      0    164      6 
 20260917    13:22:19       0     50     44      -     82      3      0      0      0      0   6500   1935      0      0   6948      7      0      -      -      0   8730  14314 
 20260917    13:22:20       0     53     44      -      0      0      0      0      0      0   6500   1935      0      0   6948      7      0      -      -      0      0      0 
 20260917    13:22:22       0     54     44      -      0      0      0      0      0      0   6500   1935      0      0   6948      7      0      -      -      0     54      6 
 20260917    13:22:23       0     40     43      -      1      0      0      0      0      0   6500   1620      0      0   6948      7      0      -      -      0     54      6 
 20260917    13:22:24       0     40     43      -      0      0      0      0      0      0   6500   1620      0      0   6948      7      0      -      -      0     54      6 
 20260917    13:22:25       0     40     43      -      4      0      0      0      0      0   6500   1620      0      0   6948      7      0      -      -      0     54     12 
 20260917    13:22:26       0     40     43      -      8      0      0      0      0      0   6500   1620      0      0   6948      7      0      -      -      0    984    194 
 20260917    13:22:27       0     40     43      -     11      0      0      0      0      0   6500   1620      0      0   6948      7      0      -      -      0    109      0 
 20260917    13:22:28       0     55     44      -    100      4      0      0      0      0   6500   1935      0      0   6948      7      0      -      -      0      0  14341 
 20260917    13:22:29       0     53     44      -      7      0      0      0      0      0   6500   1935      0      0   6948      7      0      -      -      0    328    104 
 20260917    13:22:30       0     40     44      -      4      0      0      0      0      0   6500   1620      0      0   6948      7      0      -      -      0     54      6 
 20260917    13:22:31       0     40     44      -      0      0      0      0      0      0   6500   1620      0      0   6948      7      0      -      -      0      0      0 
 20260917    13:22:32       0     40     44      -      1      0      0      0      0      0   6500   1620      0      0   6948      7      0      -      -      0    109      6 
 20260917    13:22:33       0     41     44      -     14      1      0      0      0      0   6500   1620      0      0   6948      7      0      -      -      0   7009   5355 
 20260917    13:22:34       0     54     45      -      0      0      0      0      0      0   6500   1935      0      0   6948      7      0      -      -      0    109      6 
 20260917    13:22:35       0     54     45      -      6      0      0      0      0      0   6500   1935      0      0   6948      7      0      -      -      0    109     75 
 20260917    13:22:36       0     41     44      -     13      0      0      0      0      0   6500   1620      0      0   6948      7      0      -      -      0      0   1912 
 20260917    13:22:37       0     40     44      -      0      0      0      0      0      0   6500   1620      0      0   6948      7      0      -      -      0      0      0 
 20260917    13:22:38       0     40     44      -      1      0      0      0      0      0   6500   1620      0      0   6948      7      0      -      -      0     54      6 
 20260917    13:22:39       0     40     44      -      1      0      0      0      0      0   6500   1620      0      0   6948      7      0      -      -      0     54      6 
 20260917    13:22:40       0     40     44      -      0      0      0      0      0      0   6500   1620      0      0   6948      7      0      -      -      0     57      6 
 20260917    13:22:42       0     40     44      -      0      0      0      0      0      0   6500   1620      0      0   6948      7      0      -      -      0    109      6 
 20260917    13:22:43       0     45     44      -     43      2      0      0      0      0   6500   1740      0      0   6948      7      0      -      -      0  12070  14324 
 20260917    13:22:44       0     54     45      -     17      1      0      0      0      0   6500   1935      0      0   6948      7      0      -      -      0   1969   2675 
 20260917    13:22:45       0     54     45      -      0      0      0      0      0      0   6500   1935      0      0   6948      7      0      -      -      0   1854    259 
 20260917    13:22:46       0     56     45      -     92      4      0      0      0      0   6500   1935      0      0   6948      7      0      -      -      0   7009   5330 
#Date        Time         gpu    pwr  gtemp  mtemp     sm    mem    enc    dec    jpg    ofa   mclk   pclk  pviol  tviol     fb   bar1   ccpm  sbecc  dbecc    pci  rxpci  txpci 
#YYYYMMDD    HH:MM:SS     Idx      W      C      C      %      %      %      %      %      %    MHz    MHz      %   bool     MB     MB     MB   errs   errs   errs   MB/s   MB/s 
 20260917    13:22:47       0     53     45      -     10      0      0      0      0      0   6500   1935      0      0   6948      7      0      -      -      0     54      6 
 20260917    13:22:48       0     54     45      -     20      1      0      0      0      0   6500   1620      0      0   6948      7      0      -      -      0      0   2925 
 20260917    13:22:49       0     40     45      -      1      0      0      0      0      0   6500   1620      0      0   6948      7      0      -      -      0     54     12 
 20260917    13:22:50       0     40     45      -      1      0      0      0      0      0   6500   1620      0      0   6948      7      0      -      -      0      0     10 
 20260917    13:22:51       0     43     45      -     20      1      0      0      0      0   6500   1620      0      0   6948      7      0      -      -      0  12955   9550 
 20260917    13:22:52       0     54     45      -      1      0      0      0      0      0   6500   1935      0      0   6948      7      0      -      -      0     54      6 
 20260917    13:22:53       0     54     45      -      1      0      0      0      0      0   6500   1935      0      0   6948      7      0      -      -      0     54      6 
 20260917    13:22:54       0     41     45      -      0      0      0      0      0      0   6500   1620      0      0   6948      7      0      -      -      0      0      6 
 20260917    13:22:55       0     40     45      -      0      0      0      0      0      0   6500   1620      0      0   6948      7      0      -      -      0     54      1 
 20260917    13:22:56       0     41     45      -     17      1      0      0      0      0   6500   1620      0      0   6948      7      0      -      -      0   2735    285 
 20260917    13:22:57       0     41     45      -     18      1      0      0      0      0   6500   1620      0      0   6948      7      0      -      -      0   4604   7932 
 20260917    13:22:58       0     54     46      -     19      1      0      0      0      0   6500   1935      0      0   6948      7      0      -      -      0   2297    237 
 20260917    13:22:59       0     54     46      -      0      0      0      0      0      0   6500   1935      0      0   6948      7      0      -      -      0      0      6 
 20260917    13:23:01       0     41     45      -      1      0      0      0      0      0   6500   1620      0      0   6948      7      0      -      -      0      3      6 
 20260917    13:23:02       0     41     45      -      4      0      0      0      0      0   6500   1620      0      0   6948      7      0      -      -      0   2355   1556 
 20260917    13:23:03       0     55     46      -    100      4      0      0      0      0   6500   1935      0      0   6948      7      0      -      -      0      0      6 
 20260917    13:23:04       0     54     46      -      0      0      0      0      0      0   6500   1935      0      0   6948      7      0      -      -      0      0   3032 
 20260917    13:23:05       0     41     45      -      5      0      0      0      0      0   6500   1620      0      0   6948      7      0      -      -      0     54      0 
 20260917    13:23:06       0     40     45      -      1      0      0      0      0      0   6500   1620      0      0   6948      7      0      -      -      0     54     12 
 20260917    13:23:07       0     40     45      -      1      0      0      0      0      0   6500   1620      0      0   6948      7      0      -      -      0     54      6 
 20260917    13:23:08       0     41     45      -      1      0      0      0      0      0   6500   1620      0      0   6948      7      0      -      -      0     54      6 
 20260917    13:23:09       0     41     45      -      1      0      0      0      0      0   6500   1620      0      0   6948      7      0      -      -      0    109      6 
 20260917    13:23:10       0     40     45      -      0      0      0      0      0      0   6500   1620      0      0   6948      7      0      -      -      0     54      6 
 20260917    13:23:11       0     51     46      -    100      4      0      0      0      0   6500   1935      0      0   6948      7      0      -      -      0  13221   2950 
 20260917    13:23:12       0     54     46      -     11      0      0      0      0      0   6500   1935      0      0   6948      7      0      -      -      0   1459    144 
 20260917    13:23:13       0     54     46      -      5      0      0      0      0      0   6500   1620      0      0   6948      7      0      -      -      0   1422    237 
 20260917    13:23:14       0     56     46      -     89      4      0      0      0      0   6500   1935      0      0   6948      7      0      -      -      0      0  14339 
 20260917    13:23:15       0     54     46      -      2      0      0      0      0      0   6500   1935      0      0   6948      7      0      -      -      0     54      6 
 20260917    13:23:16       0     41     46      -     20      1      0      0      0      0   6500   1620      0      0   6948      7      0      -      -      0      0   2644 
 20260917    13:23:17       0     41     46      -      1      0      0      0      0      0   6500   1620      0      0   6948      7      0      -      -      0     54      6 
 20260917    13:23:18       0     41     46      -      1      0      0      0      0      0   6500   1620      0      0   6948      7      0      -      -      0    109      6 
 20260917    13:23:19       0     51     46      -     58      2      0      0      0      0   6500   1935      0      0   6948      7      0      -      -      0   8762      0 
 20260917    13:23:21       0     54     47      -      0      0      0      0      0      0   6500   1935      0      0   6948      7      0      -      -      0     54      6 
 20260917    13:23:22       0     54     47      -      0      0      0      0      0      0   6500   1935      0      0   6948      7      0      -      -      0     54      8 
 20260917    13:23:23       0     41     46      -      1      0      0      0      0      0   6500   1620      0      0   6948      7      0      -      -      0     54      0 
 20260917    13:23:24       0     41     46      -      7      0      0      0      0      0   6500   1620      0      0   6948      7      0      -      -      0     54     11 
 20260917    13:23:25       0     41     46      -     20      1      0      0      0      0   6500   1620      0      0   6948      7      0      -      -      0      0   3133 
 20260917    13:23:26       0     56     47      -    100      4      0      0      0      0   6500   1935      0      0   6948      7      0      -      -      0      0  14308 
 20260917    13:23:27       0     54     47      -     20      1      0      0      0      0   6500   1935      0      0   6948      7      0      -      -      0      0   3094 
 20260917    13:23:28       0     45     46      -      0      0      0      0      0      0   6500   1620      0      0   6948      7      0      -      -      0      0     12 
 20260917    13:23:29       0     41     46      -      1      0      0      0      0      0   6500   1620      0      0   6948      7      0      -      -      0     54     19 
 20260917    13:23:30       0     42     46      -     38      1      0      0      0      0   6500   1620      0      0   6948      7      0      -      -      0      0   7157 
 20260917    13:23:31       0     54     47      -      0      0      0      0      0      0   6500   1935      0      0   6948      7      0      -      -      0     54      0 
 20260917    13:23:32       0     54     47      -     19      1      0      0      0      0   6500   1935      0      0   6948      7      0      -      -      0      0     10 
#Date        Time         gpu    pwr  gtemp  mtemp     sm    mem    enc    dec    jpg    ofa   mclk   pclk  pviol  tviol     fb   bar1   ccpm  sbecc  dbecc    pci  rxpci  txpci 
#YYYYMMDD    HH:MM:SS     Idx      W      C      C      %      %      %      %      %      %    MHz    MHz      %   bool     MB     MB     MB   errs   errs   errs   MB/s   MB/s 
 20260917    13:23:33       0     41     46      -      0      0      0      0      0      0   6500   1620      0      0   6948      7      0      -      -      0    109      6 
 20260917    13:23:34       0     41     46      -      0      0      0      0      0      0   6500   1620      0      0   6948      7      0      -      -      0     54      6 
 20260917    13:23:35       0     57     47      -     83      3      0      0      0      0   6500   1935      0      0   6948      7      0      -      -      0      0      0 
 20260917    13:23:36       0     54     47      -      1      0      0      0      0      0   6500   1935      0      0   6948      7      0      -      -      0     54     12 
 20260917    13:23:37       0     41     47      -      1      0      0      0      0      0   6500   1620      0      0   6948      7      0      -      -      0     54      6 
 20260917    13:23:38       0     41     46      -     19      1      0      0      0      0   6500   1620      0      0   6948      7      0      -      -      0     54      0 
 20260917    13:23:40       0     41     46      -      1      0      0      0      0      0   6500   1620      0      0   6948      7      0      -      -      0     54     12 
 20260917    13:23:41       0     41     46      -      1      0      0      0      0      0   6500   1620      0      0   6948      7      0      -      -      0     54      6 
 20260917    13:23:42       0     41     46      -      0      0      0      0      0      0   6500   1620      0      0   6948      7      0      -      -      0     54      6 
 20260917    13:23:43       0     41     46      -      1      0      0      0      0      0   6500   1620      0      0   6948      7      0      -      -      0     58      6 
 20260917    13:23:44       0     42     46      -     22      1      0      0      0      0   6500   1620      0      0   6948      7      0      -      -      0   2691    293 
 20260917    13:23:45       0     57     47      -    100      4      0      0      0      0   6500   1935      0      0   6948      7      0      -      -      0     54    319 
 20260917    13:23:46       0     55     47      -     22      1      0      0      0      0   6500   1935      0      0   6948      7      0      -      -      0   2680    294 
 20260917    13:23:47       0     57     47      -     89      3      0      0      0      0   6500   1935      0      0   6948      7      0      -      -      0      0   6980 
 20260917    13:23:48       0     55     47      -      7      0      0      0      0      0   6500   1935      0      0   6948      7      0      -      -      0      0      6 
 20260917    13:23:49       0     47     47      -     20      1      0      0      0      0   6500   1620      0      0   6948      7      0      -      -      0      0   2503 
 20260917    13:23:50       0     42     47      -      0      0      0      0      0      0   6500   1620      0      0   6948      7      0      -      -      0      0      0 
 20260917    13:23:51       0     42     47      -      0      0      0      0      0      0   6500   1620      0      0   6948      7      0      -      -      0      0      0 
 20260917    13:23:52       0     42     47      -      0      0      0      0      0      0   6500   1620      0      0   6948      7      0      -      -      0      0      6 
 20260917    13:23:53       0     42     47      -      0      0      0      0      0      0   6500   1620      0      0   6948      7      0      -      -      0     69      6 
 20260917    13:23:54       0     41     47      -      0      0      0      0      0      0   6500   1620      0      0   6948      7      0      -      -      0     54      6 
 20260917    13:23:55       0     42     47      -      0      0      0      0      0      0   6500   1620      0      0   6948      7      0      -      -      0     54      6 
 20260917    13:23:56       0     42     47      -      0      0      0      0      0      0   6500   1620      0      0   6948      7      0      -      -      0    109     19 
 20260917    13:23:57       0     42     47      -      0      0      0      0      0      0   6500   1620      0      0   6948      7      0      -      -      0   1750    206 
 20260917    13:23:58       0     55     47      -      0      0      0      0      0      0   6500   1935      0      0   6948      7      0      -      -      0      0      0 
 20260917    13:24:00       0     55     48      -      0      0      0      0      0      0   6500   1935      0      0   6948      7      0      -      -      0      0      0 
 20260917    13:24:01       0     42     47      -      0      0      0      0      0      0   6500   1620      0      0   6948      7      0      -      -      0      0      0 
 20260917    13:24:02       0     42     47      -      0      0      0      0      0      0   6500   1620      0      0   6948      7      0      -      -      0      0      0 
 20260917    13:24:03       0     42     47      -      0      0      0      0      0      0   6500   1620      0      0   6948      7      0      -      -      0      0      0 
 20260917    13:24:04       0     42     47      -      0      0      0      0      0      0   6500   1620      0      0   8566      7      0      -      -      0      0      0 
 20260917    13:24:05       0     42     47      -      0      0      0      0      0      0   6500   1620      0      0   8566      7      0      -      -      0      0      0 
 20260917    13:24:06       0     42     47      -      0      0      0      0      0      0   6500   1620      0      0   8566      7      0      -      -      0      0      0 
 20260917    13:24:07       0     42     47      -      0      0      0      0      0      0   6500   1620      0      0   8566      7      0      -      -      0      0      0 
 20260917    13:24:08       0     42     47      -      1      1      0      0      0      0   6500   1620      0      0   8574    175      0      -      -      0   1389      0 
 20260917    13:24:09       0     54     48      -     54      4      0      0      0      0   6500   1935      0      0   8782    175      0      -      -      0   4076      0 
 20260917    13:24:10       0    122     52      -    100     63      0      0      0      0   6500   1680      0      0   9618    175      0      -      -      0   4986    976 
 20260917    13:24:11       0     58     49      -     58      4      0      0      0      0   6500   1935      0      0   9618    175      0      -      -      0   3287      0 
 20260917    13:24:12       0     55     49      -      1      1      0      0      0      0   6500   1920      0      0   9618    175      0      -      -      0   1384      0 
 20260917    13:24:13       0    197     54      -     38     27      0      0      0      0   6500   1740      0      0   9618    175      0      -      -      0  12858   1153 
 20260917    13:24:14       0    210     51      -    100     54      0      0      0      0   6500   1920      0      0   9618    175      0      -      -      0  12530    972 
 20260917    13:24:15       0     57     53      -     16      5      0      0      0      0   6500   1770      0      0   9618    175      0      -      -      0     26      9 
 20260917    13:24:16       0    214     54      -     65     43      0      0      0      0   6500   1725      0      0   9618    175      0      -      -      0  12790   1010 
 20260917    13:24:17       0     59     51      -    100     44      0      0      0      0   6500   1920      0      0   9618    175      0      -      -      0  12557    974 
 20260917    13:24:19       0    138     54      -     57      4      0      0      0      0   6500   1755      0      0   9618    175      0      -      -      0  12785   1482 
#Date        Time         gpu    pwr  gtemp  mtemp     sm    mem    enc    dec    jpg    ofa   mclk   pclk  pviol  tviol     fb   bar1   ccpm  sbecc  dbecc    pci  rxpci  txpci 
#YYYYMMDD    HH:MM:SS     Idx      W      C      C      %      %      %      %      %      %    MHz    MHz      %   bool     MB     MB     MB   errs   errs   errs   MB/s   MB/s 
 20260917    13:24:20       0    145     54      -    100     42      0      0      0      0   6500   1905      0      0   9618    175      0      -      -      0   4168     10 
 20260917    13:24:21       0     59     52      -    100     26      0      0      0      0   6500   1920      0      0   9618    175      0      -      -      0   9471      1 
 20260917    13:24:22       0    195     56      -     31     18      0      0      0      0   6500   1695      0      0   9618    175      0      -      -      0  12790   1499 
 20260917    13:24:23       0    110     53      -    100     65      0      0      0      0   6500   1920      0      0   9618    175      0      -      -      0  12694    990 
 20260917    13:24:24       0     60     53      -    100     45      0      0      0      0   6500   1920      0      0   9618    175      0      -      -      0   4041      0 
 20260917    13:24:25       0    209     56      -     68     45      0      0      0      0   6500   1695      0      0   9618    175      0      -      -      0  12975   1319 
 20260917    13:24:26       0     91     54      -    100     54      0      0      0      0   6500   1920      0      0   9618    175      0      -      -      0  12519    974 
 20260917    13:24:27       0     58     57      -     64      4      0      0      0      0   6500   1740      0      0   9618    175      0      -      -      0     23      9 
 20260917    13:24:28       0    197     57      -     14      3      0      0      0      0   6500   1725      0      0   9618    175      0      -      -      0  12816    982 
 20260917    13:24:29       0     58     54      -      6      7      0      0      0      0   6500   1920      0      0   9618    175      0      -      -      0   4062      0 
 20260917    13:24:30       0     56     54      -      0      0      0      0      0      0   6500   1920      0      0   9618    175      0      -      -      0      0      0 
 20260917    13:24:31       0     44     53      -      0      0      0      0      0      0   6500   1620      0      0  10062    175      0      -      -      0     35      0 
 20260917    13:24:32       0     60     54      -     64      8      0      0      0      0   6500   1920      0      0  14798    175      0      -      -      0   9535    971 
 20260917    13:24:33       0     59     53      -     73      5      0      0      0      0   6500   1920      0      0  14798    175      0      -      -      0   1672   1196 
 20260917    13:24:34       0     61     54      -    100      5      0      0      0      0   6500   1920      0      0  14798    175      0      -      -      0   2254    387 
 20260917    13:24:35       0     61     54      -    100      8      0      0      0      0   6500   1920      0      0  14798    175      0      -      -      0   3905      0 
 20260917    13:24:36       0     61     54      -     52      9      0      0      0      0   6500   1920      0      0  14798    175      0      -      -      0  12559    974 
 20260917    13:24:38       0     61     54      -    100      8      0      0      0      0   6500   1920      0      0  14798    175      0      -      -      0  12559    978 
 20260917    13:24:39       0     75     54      -     76      9      0      0      0      0   6500   1920      0      0  14798    175      0      -      -      0  12555    980 
 20260917    13:24:40       0     59     54      -    100      6      0      0      0      0   6500   1920      0      0  14798    175      0      -      -      0  12780   1108 
 20260917    13:24:41       0     89     55      -    100      8      0      0      0      0   6500   1920      0      0  14798    175      0      -      -      0  12607   1056 
 20260917    13:24:42       0     61     54      -    100      9      0      0      0      0   6500   1920      0      0  14798    175      0      -      -      0  10103      1 
 20260917    13:24:43       0     61     54      -    100      8      0      0      0      0   6500   1920      0      0  14798    175      0      -      -      0  12574    974 
 20260917    13:24:44       0     77     54      -     90     10      0      0      0      0   6500   1920      0      0  14798    175      0      -      -      0  12557    975 
 20260917    13:24:45       0     90     54      -     82      5      0      0      0      0   6500   1920      0      0  14798    175      0      -      -      0  12567    979 
 20260917    13:24:46       0     59     54      -      1      2      0      0      0      0   6500   1920      0      0  15324    175      0      -      -      0      0      0 
 20260917    13:24:47       0     56     54      -      0      0      0      0      0      0   6500   1920      0      0  15324    175      0      -      -      0      0      0 
 20260917    13:24:48       0     73     54      -     32      4      0      0      0      0   6500   1620      0      0  15786    175      0      -      -      0      0      0 
 20260917    13:24:49       0    146     57      -    100     34      0      0      0      0   6500   1905      8      0  15746    175      0      -      -      0   4176      2 
 20260917    13:24:50       0    159     59      -    100     13      0      0      0      0   6500   1605      7      0  15746    175      0      -      -      0    292      3 
 20260917    13:24:51       0    210     57      -    100     44      0      0      0      0   6500   1905      7      0  15746    175      0      -      -      0   9528      0 
 20260917    13:24:52       0     94     57      -    100     41      0      0      0      0   6500   1905      8      0  15746    175      0      -      -      0  12612   1043 
 20260917    13:24:53       0    116     58      -    100     47      0      0      0      0   6500   1905      8      0  15746    175      0      -      -      0   4184     11 
 20260917    13:24:54       0    211     59      -    100     44      0      0      0      0   6500   1860      8      0  15746    175      0      -      -      0   1411      2 
 20260917    13:24:55       0    107     59      -    100     34      0      0      0      0   6500   1905      6      0  15746    175      0      -      -      0      3      0 
 20260917    13:24:57       0    227     61      -    100      0      0      0      0      0   6500   1695     12      0  15746    175      0      -      -      0  12911   1500 
 20260917    13:24:58       0    122     59      -    100      6      0      0      0      0   6500   1905      4      0  15746    175      0      -      -      0      0      0 
 20260917    13:24:59       0    102     60      -    100     21      0      0      0      0   6500   1905      8      0  15746    175      0      -      -      0   4170      3 
 20260917    13:25:00       0    215     60      -    100     45      0      0      0      0   6500   1890      8      0  15746    175      0      -      -      0  12967   1497 
 20260917    13:25:01       0    114     60      -    100      4      0      0      0      0   6500   1890      2      0  15746    175      0      -      -      0      9      7 
 20260917    13:25:02       0     61     60      -    100     44      0      0      0      0   6500   1890     12      0  15746    175      0      -      -      0      0      0 
 20260917    13:25:03       0    175     62      -    100      5      0      0      0      0   6500   1695     10      0  15746    175      0      -      -      0  12607    978 
 20260917    13:25:04       0    121     61      -    100     43      0      0      0      0   6500   1890      8      0  15746    175      0      -      -      0   4019      3 
 20260917    13:25:05       0    238     61      -    100     48      0      0      0      0   6500   1875      8      0  15746    175      0      -      -      0  12885   1496 
#Date        Time         gpu    pwr  gtemp  mtemp     sm    mem    enc    dec    jpg    ofa   mclk   pclk  pviol  tviol     fb   bar1   ccpm  sbecc  dbecc    pci  rxpci  txpci 
#YYYYMMDD    HH:MM:SS     Idx      W      C      C      %      %      %      %      %      %    MHz    MHz      %   bool     MB     MB     MB   errs   errs   errs   MB/s   MB/s 
 20260917    13:25:06       0    127     61      -    100     31      0      0      0      0   6500   1875     12      0  15746    175      0      -      -      0  12606    975 
 20260917    13:25:07       0    114     62      -    100     45      0      0      0      0   6500   1890      8      0  15746    175      0      -      -      0   4170      5 
 20260917    13:25:08       0    256     64      -    100     18      0      0      0      0   6500   1710     12      0  15746    175      0      -      -      0   3063      0 
 20260917    13:25:09       0    126     62      -    100     47      0      0      0      0   6500   1890      8      0  15746    175      0      -      -      0      0      0 
 20260917    13:25:10       0    198     65      -    100      2      0      0      0      0   6500   1560      9      0  15746    175      0      -      -      0     25    688 
 20260917    13:25:11       0     99     62      -    100     24      0      0      0      0   6500   1890      8      0  15746    175      0      -      -      0      0      0 
 20260917    13:25:12       0    125     63      -    100      2      0      0      0      0   6500   1890     10      0  15746    175      0      -      -      0   3767      2 
 20260917    13:25:13       0    116     63      -    100     16      0      0      0      0   6500   1890      8      0  15746    175      0      -      -      0      0      7 
 20260917    13:25:14       0    229     64      -    100     13      0      0      0      0   6500   1680     12      0  15746    175      0      -      -      0  12922   1500 
 20260917    13:25:16       0    116     63      -    100      7      0      0      0      0   6500   1890      6      0  15746    175      0      -      -      0      0      3 
 20260917    13:25:17       0     63     63      -    100     33      0      0      0      0   6500   1890     12      0  15746    175      0      -      -      0  10631      2 
 20260917    13:25:18       0    153     67      -    100     15      0      0      0      0   6500   1545      8      0  15746    175      0      -      -      0   4189    786 
 20260917    13:25:19       0    109     65      -    100     49      0      0      0      0   6500   1890      9      0  15746    175      0      -      -      0  12160      0 
 20260917    13:25:20       0    117     65      -    100      5      0      0      0      0   6500   1890      8      0  15746    175      0      -      -      0     24     10 
 20260917    13:25:21       0     63     64      -    100     46      0      0      0      0   6500   1890     10      0  15746    175      0      -      -      0      0      0 
 20260917    13:25:22       0    122     65      -    100      4      0      0      0      0   6500   1890      8      0  15746    175      0      -      -      0   4159      3 
 20260917    13:25:23       0    162     65      -    100     45      0      0      0      0   6500   1890      8      0  15746    175      0      -      -      0   3657      0 
 20260917    13:25:24       0     59     64      -    100     44      0      0      0      0   6500   1890      6      0  15746    175      0      -      -      0   1279      3 
 20260917    13:25:25       0    153     68      -    100      0      0      0      0      0   6500   1635      4      0  15746    175      0      -      -      0   2636      0 
 20260917    13:25:26       0    123     66      -    100      0      0      0      0      0   6500   1890      4      0  15746    175      0      -      -      0      0      1 
 20260917    13:25:27       0    121     66      -    100      1      0      0      0      0   6500   1890      8      0  15746    175      0      -      -      0      0      2 
 20260917    13:25:28       0    121     66      -    100      4      0      0      0      0   6500   1890      8      0  15746    175      0      -      -      0      0      0 
 20260917    13:25:29       0    120     66      -    100     45      0      0      0      0   6500   1890      8      0  15746    175      0      -      -      0   4169      2 
 20260917    13:25:30       0    132     67      -    100      0      0      0      0      0   6500   1860     10      0  15746    175      0      -      -      0  12954   1498 
 20260917    13:25:31       0    172     66      -    100     46      0      0      0      0   6500   1875      8      0  15746    175      0      -      -      0  12922   1497 
 20260917    13:25:32       0    202     69      -    100      0      0      0      0      0   6500   1575      6      0  15746    175      0      -      -      0     24      9 
 20260917    13:25:33       0    123     67      -    100      3      0      0      0      0   6500   1890      6      0  15746    175      0      -      -      0      0      0 
 20260917    13:25:35       0    126     67      -    100      4      0      0      0      0   6500   1890      8      0  15746    175      0      -      -      0   4155      3 
 20260917    13:25:36       0    116     67      -    100     27      0      0      0      0   6500   1890      8      0  15746    175      0      -      -      0      0      3 
 20260917    13:25:37       0    122     67      -    100     43      0      0      0      0   6500   1890     10      0  15746    175      0      -      -      0   4158      2 
 20260917    13:25:38       0    247     68      -    100      6      0      0      0      0   6500   1860      8      0  15746    175      0      -      -      0  12930   1498 
 20260917    13:25:39       0    110     67      -    100      4      0      0      0      0   6500   1860      7      0  15746    175      0      -      -      0  12956   1500 
 20260917    13:25:40       0    123     71      -    100      0      0      0      0      0   6500   1800      6      0  15746    175      0      -      -      0     20      9 
 20260917    13:25:41       0    124     68      -    100      0      0      0      0      0   6500   1890      9      0  15746    175      0      -      -      0      0      0 
 20260917    13:25:42       0    126     68      -    100     20      0      0      0      0   6500   1890      8      0  15746    175      0      -      -      0   4105      2 
 20260917    13:25:43       0    131     68      -    100     40      0      0      0      0   6500   1875     10      0  15746    175      0      -      -      0      0      0 
 20260917    13:25:44       0     63     68      -    100     32      0      0      0      0   6500   1890      8      0  15746    175      0      -      -      0      3      0 
 20260917    13:25:45       0    195     69      -    100     22      0      0      0      0   6500   1740     10      0  15746    175      0      -      -      0  12955   1501 
 20260917    13:25:46       0    249     69      -    100      4      0      0      0      0   6500   1755      8      0  15746    175      0      -      -      0  12868   1494 
 20260917    13:25:47       0    123     68      -    100      3      0      0      0      0   6500   1890      4      0  15746    175      0      -      -      0     22     10 
 20260917    13:25:48       0    123     69      -    100      0      0      0      0      0   6500   1890     10      0  15746    175      0      -      -      0      0      0 
 20260917    13:25:49       0    123     69      -    100      5      0      0      0      0   6500   1890     10      0  15746    175      0      -      -      0   4165      3 
 20260917    13:25:50       0    119     69      -    100     46      0      0      0      0   6500   1875      8      0  15746    175      0      -      -      0   1324      0 
 20260917    13:25:51       0    123     68      -    100     33      0      0      0      0   6500   1875      9      0  15746    175      0      -      -      0   4145      0 
#Date        Time         gpu    pwr  gtemp  mtemp     sm    mem    enc    dec    jpg    ofa   mclk   pclk  pviol  tviol     fb   bar1   ccpm  sbecc  dbecc    pci  rxpci  txpci 
#YYYYMMDD    HH:MM:SS     Idx      W      C      C      %      %      %      %      %      %    MHz    MHz      %   bool     MB     MB     MB   errs   errs   errs   MB/s   MB/s 
 20260917    13:25:52       0    238     71      -    100     35      0      0      0      0   6500   1650      8      0  15746    175      0      -      -      0   2262      0 
 20260917    13:25:54       0    125     69      -    100      0      0      0      0      0   6500   1890      4      0  15746    175      0      -      -      0      0      0 
 20260917    13:25:55       0    124     69      -    100      2      0      0      0      0   6500   1890      8      0  15746    175      0      -      -      0      0      0 
 20260917    13:25:56       0    124     69      -    100      6      0      0      0      0   6500   1890      8      0  15746    175      0      -      -      0      0      5 
 20260917    13:25:57       0    126     69      -    100     48      0      0      0      0   6500   1890      8      0  15746    175      0      -      -      0   4174      2 
 20260917    13:25:58       0    205     70      -    100     41      0      0      0      0   6500   1860      8      0  15746    175      0      -      -      0  12936   1499 
 20260917    13:25:59       0    241     69      -    100     38      0      0      0      0   6500   1860      7      0  15746    175      0      -      -      0  12937   1496 
 20260917    13:26:00       0    125     72      -    100      0      0      0      0      0   6500   1560      4      0  15746    175      0      -      -      0     23     10 
 20260917    13:26:01       0    124     70      -    100      4      0      0      0      0   6500   1890      9      0  15746    175      0      -      -      0      1      0 
 20260917    13:26:02       0    129     70      -    100      4      0      0      0      0   6500   1890      8      0  15746    175      0      -      -      0   4164      2 
 20260917    13:26:03       0    126     70      -    100     48      0      0      0      0   6500   1890      8      0  15746    175      0      -      -      0      0      0 
 20260917    13:26:04       0    118     70      -    100     47      0      0      0      0   6500   1890      8      0  15746    175      0      -      -      0   4159      6 
 20260917    13:26:05       0    220     71      -    100      0      0      0      0      0   6500   1695      8      0  15746    175      0      -      -      0  12873   1499 
 20260917    13:26:06       0    254     70      -    100     42      0      0      0      0   6500   1815      8      0  15746    175      0      -      -      0  12892   1500 
 20260917    13:26:07       0    125     70      -    100      0      0      0      0      0   6500   1890      3      0  15746    175      0      -      -      0     16      8 
 20260917    13:26:08       0    138     70      -    100     13      0      0      0      0   6500   1890      8      0  15746    175      0      -      -      0      0      0 
 20260917    13:26:09       0    255     70      -    100      3      0      0      0      0   6500   1860     10      0  15746    175      0      -      -      0   2972      1 
 20260917    13:26:10       0    127     70      -    100      0      0      0      0      0   6500   1890      6      0  15746    175      0      -      -      0     10      9 
 20260917    13:26:11       0    129     70      -    100      5      0      0      0      0   6500   1890     10      0  15746    175      0      -      -      0   4156      2 
 20260917    13:26:13       0    122     70      -    100     47      0      0      0      0   6500   1890     10      0  15746    175      0      -      -      0      0      0 
 20260917    13:26:14       0    129     70      -    100     38      0      0      0      0   6500   1875      9      0  15746    175      0      -      -      0   4136      3 
 20260917    13:26:15       0    214     74      -    100     22      0      0      0      0   6500   1575      5      0  15746    175      0      -      -      0  12864   1500 
 20260917    13:26:16       0    207     73      -    100      5      0      0      0      0   6500   1575     10      0  15746    175      0      -      -      0   8434   1494 
 20260917    13:26:17       0    122     70      -    100     25      0      0      0      0   6500   1875      6      0  15746    175      0      -      -      0      0      0 
 20260917    13:26:18       0    141     70      -    100      4      0      0      0      0   6500   1875     10      0  15746    175      0      -      -      0      0      0 
 20260917    13:26:19       0    246     71      -    100     42      0      0      0      0   6500   1845     12      0  15746    175      0      -      -      0   4185      2 
 20260917    13:26:20       0    126     70      -    100      0      0      0      0      0   6500   1875      6      0  15746    175      0      -      -      0     21      9 
 20260917    13:26:21       0    127     71      -    100      3      0      0      0      0   6500   1875     10      0  15746    175      0      -      -      0   4170      3 
 20260917    13:26:22       0    120     71      -    100     19      0      0      0      0   6500   1875     10      0  15746    175      0      -      -      0      0      0 
 20260917    13:26:23       0    144     71      -    100     46      0      0      0      0   6500   1860      7      0  15746    175      0      -      -      0   2399      3 
 20260917    13:26:24       0    153     74      -    100      0      0      0      0      0   6500   1680      4      0  15746    175      0      -      -      0     20      9 
 20260917    13:26:25       0    128     71      -    100      4      0      0      0      0   6500   1875     12      0  15746    175      0      -      -      0   2635      7 
 20260917    13:26:26       0    122     71      -    100      3      0      0      0      0   6500   1875      9      0  15746    175      0      -      -      0      0      0 
 20260917    13:26:27       0     63     71      -    100     37      0      0      0      0   6500   1875     12      0  15746    175      0      -      -      0      1      0 
 20260917    13:26:28       0    237     73      -    100      0      0      0      0      0   6500   1620     10      0  15746    175      0      -      -      0   4106      3 
 20260917    13:26:30       0    124     71      -    100      3      0      0      0      0   6500   1875      4      0  15746    175      0      -      -      0      0      0 
 20260917    13:26:31       0    128     71      -    100      5      0      0      0      0   6500   1875     10      0  15746    175      0      -      -      0   4183      4 
 20260917    13:26:32       0    181     71      -    100     41      0      0      0      0   6500   1860     11      0  15746    175      0      -      -      0  12939   1166 
 20260917    13:26:33       0    189     71      -    100     12      0      0      0      0   6500   1755     11      0  15746    175      0      -      -      0   2528      0 
 20260917    13:26:34       0    125     71      -    100      0      0      0      0      0   6500   1875      6      0  15746    175      0      -      -      0      0      0 
 20260917    13:26:35       0    126     71      -    100     31      0      0      0      0   6500   1875     10      0  15746    175      0      -      -      0   4150      6 
 20260917    13:26:36       0    119     71      -    100     44      0      0      0      0   6500   1860      8      0  15746    175      0      -      -      0      0      0 
 20260917    13:26:37       0    248     70      -    100     44      0      0      0      0   6500   1845     12      0  15746    175      0      -      -      0  12961   1500 
 20260917    13:26:38       0    124     71      -    100      1      0      0      0      0   6500   1875      4      0  15746    175      0      -      -      0     10      9 
#Date        Time         gpu    pwr  gtemp  mtemp     sm    mem    enc    dec    jpg    ofa   mclk   pclk  pviol  tviol     fb   bar1   ccpm  sbecc  dbecc    pci  rxpci  txpci 
#YYYYMMDD    HH:MM:SS     Idx      W      C      C      %      %      %      %      %      %    MHz    MHz      %   bool     MB     MB     MB   errs   errs   errs   MB/s   MB/s 
 20260917    13:26:39       0    124     71      -    100      7      0      0      0      0   6500   1875     10      0  15746    175      0      -      -      0      0      0 
 20260917    13:26:40       0    119     71      -    100     24      0      0      0      0   6500   1875     11      0  15746    175      0      -      -      0   4176      2 
 20260917    13:26:41       0    146     73      -    100      4      0      0      0      0   6500   1560     10      0  15746    175      0      -      -      0  11634   1500 
 20260917    13:26:42       0    136     75      -    100      0      0      0      0      0   6500   1695      6      0  15746    175      0      -      -      0     21      8 
 20260917    13:26:43       0    124     71      -    100      4      0      0      0      0   6500   1875     10      0  15746    175      0      -      -      0      0      3 
 20260917    13:26:44       0    122     71      -    100      3      0      0      0      0   6500   1875      8      0  15746    175      0      -      -      0   4178      3 
 20260917    13:26:45       0    232     72      -    100     30      0      0      0      0   6500   1770      8      0  15746    175      0      -      -      0  12922   1503 
 20260917    13:26:46       0    230     73      -    100      5      0      0      0      0   6500   1620     10      0  15746    175      0      -      -      0  12884   1496 
 20260917    13:26:47       0    124     71      -    100     16      0      0      0      0   6500   1875      5      0  15746    175      0      -      -      0      0      0 
 20260917    13:26:49       0    124     71      -    100      4      0      0      0      0   6500   1875     10      0  15746    175      0      -      -      0      0      0 
 20260917    13:26:50       0    184     71      -    100     45      0      0      0      0   6500   1860      8      0  15746    175      0      -      -      0   4017      2 
 20260917    13:26:51       0    127     72      -    100      0      0      0      0      0   6500   1875      6      0  15746    175      0      -      -      0     17      8 
 20260917    13:26:52       0    123     71      -    100      3      0      0      0      0   6500   1875     10      0  15746    175      0      -      -      0      0      0 
 20260917    13:26:53       0    124     71      -    100      3      0      0      0      0   6500   1875     10      0  15746    175      0      -      -      0      0      0 
 20260917    13:26:54       0    129     71      -    100     47      0      0      0      0   6500   1860      9      0  15746    175      0      -      -      0   4154      3 
 20260917    13:26:55       0    211     75      -    100      0      0      0      0      0   6500   1530      7      0  15746    175      0      -      -      0    329    428 
 20260917    13:26:56       0    132     72      -    100      7      0      0      0      0   6500   1875      8      0  15746    175      0      -      -      0   4097      4 
 20260917    13:26:57       0    127     71      -    100      0      0      0      0      0   6500   1875      4      0  15746    175      0      -      -      0      9      7 
 20260917    13:26:58       0    120     72      -    100     22      0      0      0      0   6500   1875     10      0  15746    175      0      -      -      0   4161      4 
 20260917    13:26:59       0    126     71      -    100      0      0      0      0      0   6500   1875      6      0  15746    175      0      -      -      0      0      0 
 20260917    13:27:00       0    126     74      -    100      0      0      0      0      0   6500   1575      7      0  15746    175      0      -      -      0    172      0 
 20260917    13:27:01       0     64     70      -     34      2      0      0      0      0   6500   1875      6      0  15746    175      0      -      -      0    598      0 
 20260917    13:27:02       0    114     71      -     30      3      0      0      0      0   6500   1875      0      0  15746    175      0      -      -      0      0      0 
 20260917    13:27:03       0    125     71      -    100      1      0      0      0      0   6500   1875      6      0  15746    175      0      -      -      0      3      0 
 20260917    13:27:04       0    219     72      -    100      2      0      0      0      0   6500   1650     10      0  15746    175      0      -      -      0   2121      0 
 20260917    13:27:05       0    123     71      -    100      3      0      0      0      0   6500   1875      6      0  15746    175      0      -      -      0      0      0 
 20260917    13:27:06       0    125     71      -    100      0      0      0      0      0   6500   1875      4      0  15746    175      0      -      -      0      1      0 
 20260917    13:27:08       0     61     70      -    100     22      0      0      0      0   6500   1860     10      0  15746    175      0      -      -      0  12942    387 
 20260917    13:27:09       0    122     71      -    100     31      0      0      0      0   6500   1875      6      0  15746    175      0      -      -      0      0      0 
 20260917    13:27:10       0    131     71      -    100      4      0      0      0      0   6500   1875      6      0  15746    175      0      -      -      0      0      0 
 20260917    13:27:11       0    239     71      -    100     28      0      0      0      0   6500   1800     10      0  15746    175      0      -      -      0  12879   1492 
 20260917    13:27:12       0    129     71      -    100      6      0      0      0      0   6500   1875      6      0  15746    175      0      -      -      0   4161      4 
 20260917    13:27:13       0    127     71      -    100      0      0      0      0      0   6500   1875      4      0  15746    175      0      -      -      0      0      0 
 20260917    13:27:14       0    201     71      -    100      5      0      0      0      0   6500   1860     10      0  15746    175      0      -      -      0   4163      4 
 20260917    13:27:15       0    124     71      -    100      0      0      0      0      0   6500   1875      4      0  15746    175      0      -      -      0      1      0 
 20260917    13:27:16       0    126     71      -    100      0      0      0      0      0   6500   1875      6      0  15746    175      0      -      -      0      3      7 
 20260917    13:27:17       0    122     71      -    100     31      0      0      0      0   6500   1875     10      0  15746    175      0      -      -      0   4190      3 
 20260917    13:27:18       0    126     71      -    100      3      0      0      0      0   6500   1875      4      0  15746    175      0      -      -      0      3      0 
 20260917    13:27:19       0    161     74      -    100      4      0      0      0      0   6500   1530      7      0  15746    175      0      -      -      0   1296      3 
 20260917    13:27:20       0    117     71      -    100      5      0      0      0      0   6500   1875      9      0  15746    175      0      -      -      0      1      0 
 20260917    13:27:21       0    124     71      -    100      0      0      0      0      0   6500   1875      6      0  15746    175      0      -      -      0      1      0 
 20260917    13:27:22       0    213     71      -    100      4      0      0      0      0   6500   1815      8      0  15746    175      0      -      -      0  12934   1497 
 20260917    13:27:23       0    122     71      -    100      5      0      0      0      0   6500   1875      6      0  15746    175      0      -      -      0      2      5 
 20260917    13:27:24       0    131     71      -    100      7      0      0      0      0   6500   1875      6      0  15746    175      0      -      -      0   1363      1 
#Date        Time         gpu    pwr  gtemp  mtemp     sm    mem    enc    dec    jpg    ofa   mclk   pclk  pviol  tviol     fb   bar1   ccpm  sbecc  dbecc    pci  rxpci  txpci 
#YYYYMMDD    HH:MM:SS     Idx      W      C      C      %      %      %      %      %      %    MHz    MHz      %   bool     MB     MB     MB   errs   errs   errs   MB/s   MB/s 
 20260917    13:27:25       0    209     74      -    100      0      0      0      0      0   6500   1605      8      0  15746    175      0      -      -      0  12915   1498 
 20260917    13:27:27       0    126     71      -    100     32      0      0      0      0   6500   1875      7      0  15746    175      0      -      -      0   4181      3 
 20260917    13:27:28       0    127     71      -    100      0      0      0      0      0   6500   1875      4      0  15746    175      0      -      -      0      0      0 
 20260917    13:27:29       0    246     71      -    100     26      0      0      0      0   6500   1845     10      0  15746    175      0      -      -      0  12925   1494 
 20260917    13:27:30       0    130     72      -    100      6      0      0      0      0   6500   1875      6      0  15746    175      0      -      -      0   4096      4 
 20260917    13:27:31       0    127     71      -    100      0      0      0      0      0   6500   1875      4      0  15746    175      0      -      -      0      2      0 
 20260917    13:27:32       0    117     71      -    100     28      0      0      0      0   6500   1860     10      0  15746    175      0      -      -      0   4161      3 
 20260917    13:27:33       0    125     71      -    100      1      0      0      0      0   6500   1875      6      0  15746    175      0      -      -      0      2      1 
 20260917    13:27:34       0    127     72      -    100      0      0      0      0      0   6500   1875      4      0  15746    175      0      -      -      0     16      9 
 20260917    13:27:35       0     99     71      -    100     31      0      0      0      0   6500   1875     10      0  15746    175      0      -      -      0      0      0 
 20260917    13:27:36       0    124     71      -    100      0      0      0      0      0   6500   1875      6      0  15746    175      0      -      -      0      0      4 
 20260917    13:27:37       0    166     74      -    100      5      0      0      0      0   6500   1575      9      0  15746    175      0      -      -      0  12927   1498 
 20260917    13:27:38       0    120     71      -    100     28      0      0      0      0   6500   1860      7      0  15746    175      0      -      -      0      4      2 
 20260917    13:27:39       0    132     72      -    100      7      0      0      0      0   6500   1875      4      0  15746    175      0      -      -      0   1965      1 
 20260917    13:27:40       0    168     74      -    100      4      0      0      0      0   6500   1800      4      0  15746    175      0      -      -      0     24      5 
 20260917    13:27:41       0    122     71      -    100      4      0      0      0      0   6500   1875     12      0  15746    175      0      -      -      0      1      0 
 20260917    13:27:42       0    131     72      -    100      7      0      0      0      0   6500   1875      4      0  15746    175      0      -      -      0      0      0 
 20260917    13:27:43       0    227     72      -    100      2      0      0      0      0   6500   1650      8      0  15746    175      0      -      -      0  12981   1497 
 20260917    13:27:44       0    129     72      -    100     30      0      0      0      0   6500   1875      6      0  15746    175      0      -      -      0   4186      5 
 20260917    13:27:45       0    127     72      -    100      0      0      0      0      0   6500   1875      4      0  15746    175      0      -      -      0      1      0 
 20260917    13:27:47       0    241     72      -    100     24      0      0      0      0   6500   1860     10      0  15746    175      0      -      -      0   4164      3 
 20260917    13:27:48       0    124     71      -    100      4      0      0      0      0   6500   1875      6      0  15746    175      0      -      -      0      2      0 
 20260917    13:27:49       0    127     72      -    100      1      0      0      0      0   6500   1875      4      0  15746    175      0      -      -      0      3      1 
 20260917    13:27:50       0     85     71      -    100     25      0      0      0      0   6500   1875     10      0  15746    175      0      -      -      0      0      0 
 20260917    13:27:51       0    124     71      -    100      2      0      0      0      0   6500   1875      6      0  15746    175      0      -      -      0      1      0 
 20260917    13:27:52       0    127     74      -    100      6      0      0      0      0   6500   1830      6      0  15746    175      0      -      -      0     32      4 
 20260917    13:27:53       0    161     72      -    100      6      0      0      0      0   6500   1860      8      0  15746    175      0      -      -      0   5605      1 
 20260917    13:27:54       0    124     71      -    100      1      0      0      0      0   6500   1875     12      0  15746    175      0      -      -      0      0      0 
 20260917    13:27:55       0    188     72      -    100      7      0      0      0      0   6500   1680     10      0  15746    175      0      -      -      0  12962   1502 
 20260917    13:27:56       0    121     71      -    100     35      0      0      0      0   6500   1875      6      0  15746    175      0      -      -      0      0      0 
 20260917    13:27:57       0    131     72      -    100      7      0      0      0      0   6500   1875      6      0  15746    175      0      -      -      0    280     56 
 20260917    13:27:58       0    177     75      -    100      5      0      0      0      0   6500   1680      4      0  15746    175      0      -      -      0    304    476 
 20260917    13:27:59       0     73     70      -     27      6      0      0      0      0   6500   1875      8      0  15746    175      0      -      -      0  12536    972 
 20260917    13:28:00       0     75     70      -     67      9      0      0      0      0   6500   1875      0      0  15746    175      0      -      -      0  12530    973 
 20260917    13:28:01       0     66     70      -    100      5      0      0      0      0   6500   1875      0      0  15746    175      0      -      -      0  12619    974 
 20260917    13:28:02       0     67     69      -     80      5      0      0      0      0   6500   1875      0      0  15746    175      0      -      -      0   2080    892 
 20260917    13:28:03       0     68     69      -    100      8      0      0      0      0   6500   1890      0      0  15746    175      0      -      -      0   2650      4 
 20260917    13:28:05       0     64     68      -      0      0      0      0      0      0   6500   1890      0      0  15746    175      0      -      -      0    698      0 
 20260917    13:28:06       0     64     68      -      0      0      0      0      0      0   6500   1890      0      0  15746    175      0      -      -      0    713      0 
 20260917    13:28:07       0     68     68      -     95      7      0      0      0      0   6500   1890      0      0  15746    175      0      -      -      0   4116      1 
 20260917    13:28:08       0     73     68      -     60      9      0      0      0      0   6500   1890      0      0  15746    175      0      -      -      0  12535    984 
 20260917    13:28:09       0     79     68      -     41      3      0      0      0      0   6500   1890      0      0  15746    175      0      -      -      0  12713   1228 
 20260917    13:28:10       0     68     67      -     91      5      0      0      0      0   6500   1890      0      0  15746    175      0      -      -      0   3071   1302 
 20260917    13:28:11       0     68     67      -    100      8      0      0      0      0   6500   1890      0      0  15746    175      0      -      -      0   1401      0 
#Date        Time         gpu    pwr  gtemp  mtemp     sm    mem    enc    dec    jpg    ofa   mclk   pclk  pviol  tviol     fb   bar1   ccpm  sbecc  dbecc    pci  rxpci  txpci 
#YYYYMMDD    HH:MM:SS     Idx      W      C      C      %      %      %      %      %      %    MHz    MHz      %   bool     MB     MB     MB   errs   errs   errs   MB/s   MB/s 
 20260917    13:28:12       0     74     67      -    100      7      0      0      0      0   6500   1890      0      0  15746    175      0      -      -      0  12538    977 
 20260917    13:28:13       0     78     66      -     57      3      0      0      0      0   6500   1890      0      0  15746    175      0      -      -      0  12578    976 
 20260917    13:28:14       0     76     66      -     65      9      0      0      0      0   6500   1890      0      0  15746    175      0      -      -      0  12530    984 
 20260917    13:28:15       0     68     66      -    100      8      0      0      0      0   6500   1890      0      0  15746    175      0      -      -      0   3261      0 
 20260917    13:28:16       0     67     66      -    100      8      0      0      0      0   6500   1890      0      0  15746    175      0      -      -      0   4156      4 
 20260917    13:28:17       0     74     66      -     78      9      0      0      0      0   6500   1890      0      0  15746    175      0      -      -      0  12613    978 
 20260917    13:28:18       0     68     65      -     62      9      0      0      0      0   6500   1890      0      0  15746    175      0      -      -      0  12575    973 
 20260917    13:28:19       0     79     65      -     54      9      0      0      0      0   6500   1890      0      0  15746    175      0      -      -      0  12570    989 
 20260917    13:28:20       0     70     65      -     53      4      0      0      0      0   6500   1890      0      0  15746    175      0      -      -      0  12714   1326 
 20260917    13:28:21       0     67     65      -     89      5      0      0      0      0   6500   1890      0      0  15746    175      0      -      -      0   2335      0 
 20260917    13:28:22       0     67     65      -    100      8      0      0      0      0   6500   1890      0      0  15746    175      0      -      -      0   3948      0 
 20260917    13:28:23       0     68     65      -    100      7      0      0      0      0   6500   1890      0      0  15746    175      0      -      -      0  12591    999 
 20260917    13:28:25       0     66     64      -      4      4      0      0      0      0   6500   1890      0      0  15746    175      0      -      -      0  12525    930 
 20260917    13:28:26       0     76     64      -     58      8      0      0      0      0   6500   1890      0      0  15746    175      0      -      -      0  12807    977 
 20260917    13:28:27       0     67     64      -    100      7      0      0      0      0   6500   1890      0      0  15746    175      0      -      -      0  11407    792 
 20260917    13:28:28       0     72     64      -     70      4      0      0      0      0   6500   1890      0      0  15746    175      0      -      -      0  12576    976 
 20260917    13:28:29       0     61     64      -     99      5      0      0      0      0   6500   1890      0      0  15746    175      0      -      -      0  12724   1326 
 20260917    13:28:30       0     65     63      -    100      8      0      0      0      0   6500   1890      0      0  15746    175      0      -      -      0  12588    978 
 20260917    13:28:31       0     72     63      -    100      8      0      0      0      0   6500   1890      0      0  15746    175      0      -      -      0  12575    972 
 20260917    13:28:32       0     65     63      -    100     10      0      0      0      0   6500   1890      0      0  15746    175      0      -      -      0  12571    977 
 20260917    13:28:33       0     76     63      -     69      5      0      0      0      0   6500   1890      0      0  15746    175      0      -      -      0  12776   1336 
 20260917    13:28:34       0     62     63      -     49      4      0      0      0      0   6500   1890      0      0  15746    175      0      -      -      0  12580    979 
 20260917    13:28:35       0     64     63      -     87      5      0      0      0      0   6500   1890      0      0  15746    175      0      -      -      0   1461   1330 
 20260917    13:28:36       0     71     63      -     89     10      0      0      0      0   6500   1890      0      0  15746    175      0      -      -      0  12569    977 
 20260917    13:28:37       0     65     62      -     53      9      0      0      0      0   6500   1890      0      0  15746    175      0      -      -      0  12713   1220 
 20260917    13:28:38       0     64     62      -     70      8      0      0      0      0   6500   1890      0      0  15746    175      0      -      -      0   9817    980 
 20260917    13:28:39       0     65     62      -    100      6      0      0      0      0   6500   1890      0      0  15746    175      0      -      -      0   2201    321 
 20260917    13:28:40       0     64     62      -    100      8      0      0      0      0   6500   1890      0      0  15746    175      0      -      -      0   4023      0 
 20260917    13:28:41       0     65     62      -    100      6      0      0      0      0   6500   1890      0      0  15746    175      0      -      -      0  12320      1 
 20260917    13:28:43       0     65     62      -     73     10      0      0      0      0   6500   1890      0      0  15746    175      0      -      -      0  12395    683 
 20260917    13:28:44       0     76     62      -     46      9      0      0      0      0   6500   1890      0      0  15746    175      0      -      -      0  12520    985 
 20260917    13:28:45       0     74     62      -     40      3      0      0      0      0   6500   1890      0      0  15746    175      0      -      -      0  12940   1502 
 20260917    13:28:46       0     64     61      -     98      5      0      0      0      0   6500   1890      0      0  15746    175      0      -      -      0   3332      0 
 20260917    13:28:47       0     65     61      -    100      8      0      0      0      0   6500   1890      0      0  15746    175      0      -      -      0  12530    382 
 20260917    13:28:48       0     68     61      -    100      7      0      0      0      0   6500   1890      0      0  15746    175      0      -      -      0   9830    976 
 20260917    13:28:49       0     63     61      -     55      4      0      0      0      0   6500   1890      0      0  15746    175      0      -      -      0  12577    979 
 20260917    13:28:50       0     74     61      -     66      9      0      0      0      0   6500   1890      0      0  15746    175      0      -      -      0  12612   1246 
 20260917    13:28:51       0     64     61      -    100      8      0      0      0      0   6500   1890      0      0  15746    175      0      -      -      0   3692      0 
 20260917    13:28:52       0     65     61      -    100     10      0      0      0      0   6500   1890      0      0  15750    175      0      -      -      0  12587    973 
 20260917    13:28:53       0     70     61      -     47      8      0      0      0      0   6500   1890      0      0  15750    175      0      -      -      0  12579    972 
 20260917    13:28:54       0     62     60      -     27      3      0      0      0      0   6500   1890      0      0  15750    175      0      -      -      0   9660    980 
 20260917    13:28:55       0     63     60      -     90      5      0      0      0      0   6500   1890      0      0  15750    175      0      -      -      0   3804   1058 
 20260917    13:28:56       0     64     60      -    100      8      0      0      0      0   6500   1890      0      0  15750    175      0      -      -      0   3740      0 
 20260917    13:28:57       0     64     61      -     37      9      0      0      0      0   6500   1890      0      0  15750    175      0      -      -      0  12562    976 
#Date        Time         gpu    pwr  gtemp  mtemp     sm    mem    enc    dec    jpg    ofa   mclk   pclk  pviol  tviol     fb   bar1   ccpm  sbecc  dbecc    pci  rxpci  txpci 
#YYYYMMDD    HH:MM:SS     Idx      W      C      C      %      %      %      %      %      %    MHz    MHz      %   bool     MB     MB     MB   errs   errs   errs   MB/s   MB/s 
 20260917    13:28:58       0     64     61      -    100      6      0      0      0      0   6500   1890      0      0  15750    175      0      -      -      0  12568    977 
 20260917    13:28:59       0     62     60      -     62      8      0      0      0      0   6500   1890      0      0  15750    175      0      -      -      0  12658   1087 
 20260917    13:29:00       0     64     60      -    100      5      0      0      0      0   6500   1890      0      0  15750    175      0      -      -      0   3878   1498 
 20260917    13:29:01       0     58     60      -      0      0      0      0      0      0   6500   1890      0      0  15750    175      0      -      -      0      0      0 
 20260917    13:29:03       0     56     59      -      0      0      0      0      0      0   6500   1620      0      0  15750    175      0      -      -      0      0      0 
 20260917    13:29:04       0     47     59      -      0      0      0      0      0      0   6500   1620      0      0  15750    175      0      -      -      0      0      0 
 20260917    13:29:05       0     47     59      -      0      0      0      0      0      0   6500   1620      0      0  15750    175      0      -      -      0      0      3 
 20260917    13:29:06       0     46     58      -      0      0      0      0      0      0   6500   1620      0      0  15750    175      0      -      -      0      0      0 
 20260917    13:29:07       0     47     58      -      0      0      0      0      0      0   6500   1620      0      0  15750    175      0      -      -      0      0      0 
 20260917    13:29:08       0     47     58      -      0      0      0      0      0      0   6500   1620      0      0  15750    175      0      -      -      0      0      0 
 20260917    13:29:09       0     47     58      -      0      0      0      0      0      0   6500   1620      0      0  15750    175      0      -      -      0      0      0 
 20260917    13:29:10       0     47     58      -      0      0      0      0      0      0   6500   1620      0      0  15750    175      0      -      -      0      0      0 
 20260917    13:29:11       0     47     58      -      0      0      0      0      0      0   6500   1620      0      0  15750    175      0      -      -      0      0      0 
 20260917    13:29:12       0     46     57      -      0      0      0      0      0      0   6500   1620      0      0  15750    175      0      -      -      0      0      0 
 20260917    13:29:13       0     46     57      -      0      0      0      0      0      0   6500   1620      0      0  15750    175      0      -      -      0      0      0 
 20260917    13:29:14       0     46     57      -      0      0      0      0      0      0   6500   1620      0      0  15750    175      0      -      -      0      0      0 
 20260917    13:29:15       0     46     57      -      0      0      0      0      0      0   6500   1620      0      0  15750    175      0      -      -      0      0      0 
 20260917    13:29:16       0     46     57      -      0      0      0      0      0      0   6500   1620      0      0  15750    175      0      -      -      0      0      0 
 20260917    13:29:17       0     46     57      -      0      0      0      0      0      0   6500   1620      0      0  15750    175      0      -      -      0      0      3 
 20260917    13:29:18       0      7     55      -      0      0      0      0      0      0    405    375      0      0  15750    175      0      -      -      0      0      0 
 20260917    13:29:19       0      8     55      -      0      0      0      0      0      0    405    300      0      0  15750    175      0      -      -      0      0      0 
 20260917    13:29:20       0      8     55      -      0      0      0      0      0      0    405    300      0      0  15750    175      0      -      -      0      0      0 
 20260917    13:29:22       0      9     54      -      0      0      0      0      0      0    405    300      0      0  15750    175      0      -      -      0      0      0 
 20260917    13:29:23       0      7     54      -      0      0      0      0      0      0    405    300      0      0  15750    175      0      -      -      0      0      0 
 20260917    13:29:24       0      9     54      -      0      0      0      0      0      0    405    300      0      0  15750    175      0      -      -      0      0      0 
 20260917    13:29:25       0      8     53      -      0      0      0      0      0      0    405    300      0      0  15750    175      0      -      -      0      3      0 
 20260917    13:29:26       0      7     53      -      0      0      0      0      0      0    405    300      0      0  15750    175      0      -      -      0      0      0 
 20260917    13:29:27       0      8     53      -      0      0      0      0      0      0    405    300      0      0  15750    175      0      -      -      0      0      0 
 20260917    13:29:28       0      7     53      -      0      0      0      0      0      0    405    300      0      0  15750    175      0      -      -      0      0      0 
 20260917    13:29:29       0      7     52      -      0      0      0      0      0      0    405    300      0      0  15750    175      0      -      -      0      0      0 
 20260917    13:29:30       0      7     52      -      0      0      0      0      0      0    405    300      0      0  15750    175      0      -      -      0      0      0 
 20260917    13:29:31       0      7     52      -      0      0      0      0      0      0    405    300      0      0  15750    175      0      -      -      0      0      0 
 20260917    13:29:32       0      7     52      -      0      0      0      0      0      0    405    300      0      0  15750    175      0      -      -      0      0      0 
 20260917    13:29:33       0      7     52      -      0      0      0      0      0      0    405    300      0      0  15750    175      0      -      -      0      0      0 
 20260917    13:29:34       0      7     51      -      0      0      0      0      0      0    405    300      0      0  15750    175      0      -      -      0      0      0 
 20260917    13:29:35       0      7     51      -      0      0      0      0      0      0    405    300      0      0  15750    175      0      -      -      0      0      4 
 20260917    13:29:36       0      7     51      -      0      0      0      0      0      0    405    300      0      0  15750    175      0      -      -      0      0      0 
 20260917    13:29:37       0      8     51      -      0      0      0      0      0      0    405    300      0      0  15750    175      0      -      -      0      0      0 
 20260917    13:29:39       0      7     51      -      0      0      0      0      0      0    405    300      0      0  15750    175      0      -      -      0      0      0 
 20260917    13:29:40       0      8     51      -      0      0      0      0      0      0    405    300      0      0  15750    175      0      -      -      0      0      0 
 20260917    13:29:41       0      8     51      -      0      0      0      0      0      0    405    300      0      0  15750    175      0      -      -      0      0      0 
 20260917    13:29:42       0      7     50      -      0      0      0      0      0      0    405    300      0      0  15750    175      0      -      -      0      0      0 
 20260917    13:29:43       0      7     50      -      0      0      0      0      0      0    405    300      0      0  15750    175      0      -      -      0      3      0 
 20260917    13:29:44       0      7     50      -      0      0      0      0      0      0    405    300      0      0  15750    175      0      -      -      0      0      0 
#Date        Time         gpu    pwr  gtemp  mtemp     sm    mem    enc    dec    jpg    ofa   mclk   pclk  pviol  tviol     fb   bar1   ccpm  sbecc  dbecc    pci  rxpci  txpci 
#YYYYMMDD    HH:MM:SS     Idx      W      C      C      %      %      %      %      %      %    MHz    MHz      %   bool     MB     MB     MB   errs   errs   errs   MB/s   MB/s 
 20260917    13:29:45       0      7     50      -      0      0      0      0      0      0    405    300      0      0  15750    175      0      -      -      0      0      0 
 20260917    13:29:46       0      7     50      -      0      0      0      0      0      0    405    300      0      0  15750    175      0      -      -      0      0      0 
 20260917    13:29:47       0      7     50      -      0      0      0      0      0      0    405    300      0      0  15750    175      0      -      -      0      0      0 
 20260917    13:29:48       0      7     50      -      0      0      0      0      0      0    405    300      0      0  15750    175      0      -      -      0      0      0 
 20260917    13:29:49       0      7     49      -      0      0      0      0      0      0    405    300      0      0  15750    175      0      -      -      0      0      0 
 20260917    13:29:50       0      7     49      -      0      0      0      0      0      0    405    300      0      0  15750    175      0      -      -      0      0      0 
 20260917    13:29:51       0      7     49      -      0      0      0      0      0      0    405    300      0      0  15750    175      0      -      -      0      0      0 
 20260917    13:29:52       0      7     49      -      0      0      0      0      0      0    405    300      0      0  15750    175      0      -      -      0      0      0 
 20260917    13:29:53       0      7     49      -      0      0      0      0      0      0    405    300      0      0  15750    175      0      -      -      0      0      4 
 20260917    13:29:54       0      7     49      -      0      0      0      0      0      0    405    300      0      0  15750    175      0      -      -      0      0      0 
 20260917    13:29:56       0      7     49      -      0      0      0      0      0      0    405    300      0      0  15750    175      0      -      -      0      0      0 
 20260917    13:29:57       0      7     49      -      0      0      0      0      0      0    405    300      0      0  15750    175      0      -      -      0      0      0 
 20260917    13:29:58       0      8     49      -      0      0      0      0      0      0    405    300      0      0  15750    175      0      -      -      0      0      0 
 20260917    13:29:59       0      7     48      -      0      0      0      0      0      0    405    300      0      0  15750    175      0      -      -      0      0      0 
 20260917    13:30:00       0      7     48      -      0      0      0      0      0      0    405    300      0      0  15750    175      0      -      -      0      0      0 
 20260917    13:30:01       0      7     48      -      0      0      0      0      0      0    405    300      0      0  15750    175      0      -      -      0      1      0 
 20260917    13:30:02       0      7     48      -      0      0      0      0      0      0    405    300      0      0  15750    175      0      -      -      0      0      0 
 20260917    13:30:03       0      7     48      -      0      0      0      0      0      0    405    300      0      0  15750    175      0      -      -      0      0      0 
 20260917    13:30:04       0      8     48      -      0      0      0      0      0      0    405    300      0      0  15750    175      0      -      -      0      0      0 
 20260917    13:30:05       0      8     48      -      0      0      0      0      0      0    405    300      0      0  15750    175      0      -      -      0      0      0 
 20260917    13:30:06       0      8     48      -      0      0      0      0      0      0    405    300      0      0  15750    175      0      -      -      0      0      0 
 20260917    13:30:07       0      7     48      -      0      0      0      0      0      0    405    300      0      0  15750    175      0      -      -      0      0      0 
 20260917    13:30:08       0      7     48      -      0      0      0      0      0      0    405    300      0      0  15750    175      0      -      -      0      0      0 
 20260917    13:30:09       0      7     48      -      0      0      0      0      0      0    405    300      0      0  15750    175      0      -      -      0      0      0 
 20260917    13:30:10       0      7     47      -      0      0      0      0      0      0    405    300      0      0  15750    175      0      -      -      0      0      0 
 20260917    13:30:12       0      7     47      -      0      0      0      0      0      0    405    300      0      0  15750    175      0      -      -      0      0      0 
 20260917    13:30:13       0      7     47      -      0      0      0      0      0      0    405    300      0      0  15750    175      0      -      -      0      0      0 
 20260917    13:30:14       0      7     47      -      0      0      0      0      0      0    405    300      0      0  15750    175      0      -      -      0      0      0 
 20260917    13:30:15       0      7     47      -      0      0      0      0      0      0    405    300      0      0  15750    175      0      -      -      0      0      0 
 20260917    13:30:16       0      8     47      -      0      0      0      0      0      0    405    300      0      0  15750    175      0      -      -      0      0      0 
 20260917    13:30:17       0     58     49      -      1      2      0      0      0      0   6500   1935      0      0  15750    175      0      -      -      0   2209    432 
 20260917    13:30:18       0     59     50      -    100      8      0      0      0      0   6500   1935      0      0  15750    175      0      -      -      0   4131      0 
 20260917    13:30:19       0     61     51      -    100      8      0      0      0      0   6500   1935      0      0  15750    175      0      -      -      0  12576    976 
 20260917    13:30:20       0     66     51      -    100     11      0      0      0      0   6500   1935      0      0  15750    175      0      -      -      0  12515    971 
 20260917    13:30:21       0     59     51      -     58      8      0      0      0      0   6500   1935      0      0  15750    175      0      -      -      0  12550    974 
 20260917    13:30:22       0     72     51      -    100      8      0      0      0      0   6500   1935      0      0  15750    175      0      -      -      0  12597    975 
 20260917    13:30:23       0     60     52      -     55      9      0      0      0      0   6500   1935      0      0  15750    175      0      -      -      0  12719   1111 
 20260917    13:30:24       0     61     52      -    100      8      0      0      0      0   6500   1935      0      0  15750    175      0      -      -      0  12567    988 
 20260917    13:30:25       0     68     52      -    100      8      0      0      0      0   6500   1935      0      0  15750    175      0      -      -      0  12578    975 
 20260917    13:30:26       0     68     52      -     81      9      0      0      0      0   6500   1935      0      0  15750    175      0      -      -      0  12560    971 
 20260917    13:30:27       0     72     52      -     49      9      0      0      0      0   6500   1935      0      0  15750    175      0      -      -      0  12529    972 
 20260917    13:30:28       0     73     52      -     51      9      0      0      0      0   6500   1935      0      0  15750    175      0      -      -      0  12567    976 
 20260917    13:30:30       0     72     52      -     78      5      0      0      0      0   6500   1935      0      0  15750    175      0      -      -      0  12904   1500 
 20260917    13:30:31       0     62     52      -    100      6      0      0      0      0   6500   1935      0      0  15750    175      0      -      -      0  12558    380 
#Date        Time         gpu    pwr  gtemp  mtemp     sm    mem    enc    dec    jpg    ofa   mclk   pclk  pviol  tviol     fb   bar1   ccpm  sbecc  dbecc    pci  rxpci  txpci 
#YYYYMMDD    HH:MM:SS     Idx      W      C      C      %      %      %      %      %      %    MHz    MHz      %   bool     MB     MB     MB   errs   errs   errs   MB/s   MB/s 
 20260917    13:30:32       0     68     52      -    100      8      0      0      0      0   6500   1935      0      0  15750    175      0      -      -      0  12585    978 
 20260917    13:30:33       0     66     52      -     83     11      0      0      0      0   6500   1935      0      0  15750    175      0      -      -      0  12567    976 
 20260917    13:30:34       0     72     52      -     89      5      0      0      0      0   6500   1935      0      0  15750    175      0      -      -      0  12563    977 
 20260917    13:30:35       0     68     53      -    100      8      0      0      0      0   6500   1935      0      0  15750    175      0      -      -      0  12808   1004 
 20260917    13:30:36       0     62     53      -    100      8      0      0      0      0   6500   1935      0      0  15750    175      0      -      -      0  10433      0 
 20260917    13:30:37       0     62     53      -    100      8      0      0      0      0   6500   1935      0      0  15750    175      0      -      -      0  12568    924 
 20260917    13:30:38       0     62     53      -    100      7      0      0      0      0   6500   1935      0      0  15750    175      0      -      -      0  12562    973 
 20260917    13:30:39       0     72     53      -     59      9      0      0      0      0   6500   1935      0      0  15750    175      0      -      -      0  12562    975 
 20260917    13:30:40       0     73     53      -     40      9      0      0      0      0   6500   1935      0      0  15750    175      0      -      -      0  12585    976 
 20260917    13:30:41       0     59     53      -     43      4      0      0      0      0   6500   1935      0      0  15750    175      0      -      -      0  12911   1498 
 20260917    13:30:42       0     62     53      -    100      8      0      0      0      0   6500   1935      0      0  15750    175      0      -      -      0  12561    975 
 20260917    13:30:43       0     68     53      -     71      8      0      0      0      0   6500   1935      0      0  15750    175      0      -      -      0  12555    975 
 20260917    13:30:44       0     60     53      -    100      7      0      0      0      0   6500   1920      0      0  15750    175      0      -      -      0  12563    678 
 20260917    13:30:45       0     78     53      -     66     13      0      0      0      0   6500   1920      0      0  15750    175      0      -      -      0  12716   1115 
 20260917    13:30:46       0    110     56      -    100     43      0      0      0      0   6500   1905      6      0  15750    175      0      -      -      0      0      0 
 20260917    13:30:47       0    118     59      -    100      5      0      0      0      0   6500   1740     15      0  15750    175      0      -      -      0  12902   1498 
 20260917    13:30:49       0    118     56      -     97      7      0      0      0      0   6500   1905      6      0  15750    175      0      -      -      0      0      0 
 20260917    13:30:50       0    104     57      -    100     32      0      0      0      0   6500   1890     10      0  15750    175      0      -      -      0   4179      2 
 20260917    13:30:51       0    115     61      -    100      7      0      0      0      0   6500   1725      4      0  15750    175      0      -      -      0     21      9 
 20260917    13:30:52       0    152     58      -    100     47      0      0      0      0   6500   1890     12      0  15750    175      0      -      -      0  12930   1493 
 20260917    13:30:53       0    116     58      -    100      5      0      0      0      0   6500   1905      6      0  15750    175      0      -      -      0      0      7 
 20260917    13:30:54       0     60     57      -    100     47      0      0      0      0   6500   1905     10      0  15750    175      0      -      -      0    337      0 
 20260917    13:30:55       0    130     61      -    100     34      0      0      0      0   6500   1650     10      0  15750    175      0      -      -      0   9052    973 
 20260917    13:30:56       0    112     59      -    100     45      0      0      0      0   6500   1890      8      0  15750    175      0      -      -      0   7823      0 
 20260917    13:30:57       0    117     61      -    100      4      0      0      0      0   6500   1905      6      0  15750    175      0      -      -      0     28     10 
 20260917    13:30:58       0    100     60      -    100     45      0      0      0      0   6500   1905     10      0  15750    175      0      -      -      0      0      3 
 20260917    13:30:59       0    240     60      -    100      5      0      0      0      0   6500   1845     12      0  15750    175      0      -      -      0  12601   1135 
 20260917    13:31:00       0    116     61      -    100     29      0      0      0      0   6500   1905      8      0  15750    175      0      -      -      0   4105      2 
 20260917    13:31:01       0    178     63      -    100      2      0      0      0      0   6500   1605     10      0  15750    175      0      -      -      0     20      0 
 20260917    13:31:02       0    240     61      -    100     31      0      0      0      0   6500   1875      4      0  15750    175      0      -      -      0  12859    434 
 20260917    13:31:03       0    145     61      -    100      4      0      0      0      0   6500   1875     12      0  15750    175      0      -      -      0  12663   1058 
 20260917    13:31:04       0    109     62      -    100      8      0      0      0      0   6500   1890      8      0  15750    175      0      -      -      0   3787      5 
 20260917    13:31:05       0    237     64      -    100     16      0      0      0      0   6500   1650     12      0  15750    175      0      -      -      0   2891      0 
 20260917    13:31:07       0    146     63      -    100     41      0      0      0      0   6500   1875      8      0  15750    175      0      -      -      0      0      0 
 20260917    13:31:08       0    118     65      -    100      5      0      0      0      0   6500   1860      7      0  15750    175      0      -      -      0     25      8 
 20260917    13:31:09       0     62     63      -    100      7      0      0      0      0   6500   1890     10      0  15750    175      0      -      -      0      0      0 
 20260917    13:31:10       0    244     64      -    100     32      0      0      0      0   6500   1785     12      0  15750    175      0      -      -      0   3616      0 
 20260917    13:31:11       0    118     64      -    100     47      0      0      0      0   6500   1875      8      0  15750    175      0      -      -      0      0      0 
 20260917    13:31:12       0    201     67      -    100      4      0      0      0      0   6500   1530      7      0  15750    175      0      -      -      0     26    735 
 20260917    13:31:13       0     95     64      -    100      6      0      0      0      0   6500   1890      9      0  15750    175      0      -      -      0      0      0 
 20260917    13:31:14       0    112     64      -    100     40      0      0      0      0   6500   1875     12      0  15750    175      0      -      -      0  12562   1150 
 20260917    13:31:15       0    115     65      -    100     36      0      0      0      0   6500   1890      6      0  15750    175      0      -      -      0   4162      6 
 20260917    13:31:16       0    242     67      -    100      5      0      0      0      0   6500   1650     12      0  15750    175      0      -      -      0  12886   1499 
 20260917    13:31:17       0    125     65      -    100     32      0      0      0      0   6500   1890      8      0  15750    175      0      -      -      0      0      0 
#Date        Time         gpu    pwr  gtemp  mtemp     sm    mem    enc    dec    jpg    ofa   mclk   pclk  pviol  tviol     fb   bar1   ccpm  sbecc  dbecc    pci  rxpci  txpci 
#YYYYMMDD    HH:MM:SS     Idx      W      C      C      %      %      %      %      %      %    MHz    MHz      %   bool     MB     MB     MB   errs   errs   errs   MB/s   MB/s 
 20260917    13:31:18       0     62     64      -    100     47      0      0      0      0   6500   1875     12      0  15750    175      0      -      -      0  12679   1217 
 20260917    13:31:19       0    125     66      -    100     26      0      0      0      0   6500   1890      8      0  15750    175      0      -      -      0   4136      2 
 20260917    13:31:20       0    122     66      -    100      2      0      0      0      0   6500   1890      3      0  15750    175      0      -      -      0      1      0 
 20260917    13:31:21       0    121     66      -    100      0      0      0      0      0   6500   1890      4      0  15750    175      0      -      -      0      0      0 
 20260917    13:31:22       0    233     67      -    100     24      0      0      0      0   6500   1770      8      0  15750    175      0      -      -      0  12916   1502 
 20260917    13:31:23       0    153     67      -    100     47      0      0      0      0   6500   1875      4      0  15750    175      0      -      -      0  12870    255 
 20260917    13:31:24       0    126     67      -    100      7      0      0      0      0   6500   1890      3      0  15750    175      0      -      -      0   4145      2 
 20260917    13:31:26       0    126     67      -    100      4      0      0      0      0   6500   1890      4      0  15750    175      0      -      -      0      0      0 
 20260917    13:31:27       0    123     67      -    100      0      0      0      0      0   6500   1890      4      0  15750    175      0      -      -      0      0      4 
 20260917    13:31:28       0    162     67      -    100     47      0      0      0      0   6500   1875      8      0  15750    175      0      -      -      0   4164      3 
 20260917    13:31:29       0    131     67      -    100      9      0      0      0      0   6500   1890      4      0  15750    175      0      -      -      0      0      0 
 20260917    13:31:30       0    120     67      -    100      3      0      0      0      0   6500   1890      6      0  15750    175      0      -      -      0      0      0 
 20260917    13:31:31       0    125     68      -    100      3      0      0      0      0   6500   1890      4      0  15750    175      0      -      -      0      2      1 
 20260917    13:31:32       0    133     71      -    100      3      0      0      0      0   6500   1680      4      0  15750    175      0      -      -      0     24     10 
 20260917    13:31:33       0    123     68      -    100     47      0      0      0      0   6500   1890      8      0  15750    175      0      -      -      0   4159      3 
 20260917    13:31:34       0    121     68      -    100      5      0      0      0      0   6500   1890      5      0  15750    175      0      -      -      0      0      0 
 20260917    13:31:35       0    121     68      -    100      0      0      0      0      0   6500   1890      4      0  15750    175      0      -      -      0      1      0 
 20260917    13:31:36       0    124     71      -    100      2      0      0      0      0   6500   1815      4      0  15750    175      0      -      -      0     22      6 
 20260917    13:31:37       0    202     70      -    100      1      0      0      0      0   6500   1695      9      0  15750    175      0      -      -      0  12934   1492 
 20260917    13:31:38       0    128     69      -    100     49      0      0      0      0   6500   1890      4      0  15750    175      0      -      -      0   4179      5 
 20260917    13:31:39       0    122     69      -    100      0      0      0      0      0   6500   1890      5      0  15750    175      0      -      -      0      0      1 
 20260917    13:31:40       0    122     69      -    100      0      0      0      0      0   6500   1875      0      0  15750    175      0      -      -      0      2      1 
 20260917    13:31:41       0    180     71      -    100      0      0      0      0      0   6500   1650     12      0  15750    175      0      -      -      0   2607      0 
 20260917    13:31:42       0    117     69      -    100     46      0      0      0      0   6500   1875      5      0  15750    175      0      -      -      0      3      2 
 20260917    13:31:43       0    118     69      -    100      2      0      0      0      0   6500   1875      5      0  15750    175      0      -      -      0      0      0 
 20260917    13:31:45       0    127     69      -    100      7      0      0      0      0   6500   1875      6      0  15750    175      0      -      -      0      0      0 
 20260917    13:31:46       0    123     69      -    100      1      0      0      0      0   6500   1875      4      0  15750    175      0      -      -      0      0      0 
 20260917    13:31:47       0    192     70      -    100      0      0      0      0      0   6500   1800     12      0  15750    175      0      -      -      0   2452      2 
 20260917    13:31:48       0    119     69      -    100      5      0      0      0      0   6500   1875      4      0  15750    175      0      -      -      0      0      0 
 20260917    13:31:49       0    119     69      -    100      1      0      0      0      0   6500   1875      4      0  15750    175      0      -      -      0      0      0 
 20260917    13:31:50       0    130     70      -    100     11      0      0      0      0   6500   1875      4      0  15750    175      0      -      -      0      7      2 
 20260917    13:31:51       0    123     70      -    100      1      0      0      0      0   6500   1875      4      0  15750    175      0      -      -      0      5      2 
 20260917    13:31:52       0    180     70      -    100      0      0      0      0      0   6500   1860     10      0  15750    175      0      -      -      0   3846      1 
 20260917    13:31:53       0    119     70      -    100      4      0      0      0      0   6500   1875      4      0  15750    175      0      -      -      0      0      0 
 20260917    13:31:54       0    121     70      -    100      4      0      0      0      0   6500   1875      4      0  15750    175      0      -      -      0      6      1 
 20260917    13:31:55       0    125     70      -    100      3      0      0      0      0   6500   1875      4      0  15750    175      0      -      -      0      0      0 
 20260917    13:31:56       0    251     70      -    100     46      0      0      0      0   6500   1830     10      0  15750    175      0      -      -      0  12960   1502 
 20260917    13:31:57       0    114     70      -    100     39      0      0      0      0   6500   1860      4      0  15750    175      0      -      -      0      0      0 
 20260917    13:31:58       0    127     70      -    100      7      0      0      0      0   6500   1875      4      0  15750    175      0      -      -      0   4217      5 
 20260917    13:31:59       0    125     70      -    100      3      0      0      0      0   6500   1875      5      0  15750    175      0      -      -      0      0      0 
 20260917    13:32:00       0    123     70      -    100      0      0      0      0      0   6500   1875      4      0  15750    175      0      -      -      0      1      7 
 20260917    13:32:01       0    240     69      -    100     43      0      0      0      0   6500   1860     12      0  15750    175      0      -      -      0  12971   1342 
 20260917    13:32:02       0    116     70      -    100     48      0      0      0      0   6500   1875      4      0  15750    175      0      -      -      0      0      0 
 20260917    13:32:04       0    128     71      -    100      8      0      0      0      0   6500   1875      6      0  15750    175      0      -      -      0   4179      4 
#Date        Time         gpu    pwr  gtemp  mtemp     sm    mem    enc    dec    jpg    ofa   mclk   pclk  pviol  tviol     fb   bar1   ccpm  sbecc  dbecc    pci  rxpci  txpci 
#YYYYMMDD    HH:MM:SS     Idx      W      C      C      %      %      %      %      %      %    MHz    MHz      %   bool     MB     MB     MB   errs   errs   errs   MB/s   MB/s 
 20260917    13:32:05       0    124     71      -    100      2      0      0      0      0   6500   1875      5      0  15750    175      0      -      -      0      2      0 
 20260917    13:32:06       0    124     72      -    100      1      0      0      0      0   6500   1875      4      0  15750    175      0      -      -      0     21      8 
 20260917    13:32:07       0     62     69      -    100     45      0      0      0      0   6500   1860     10      0  15750    175      0      -      -      0      6      0 
 20260917    13:32:08       0    117     71      -    100     43      0      0      0      0   6500   1875      4      0  15750    175      0      -      -      0      1      1 
 20260917    13:32:09       0    122     71      -    100      2      0      0      0      0   6500   1875      4      0  15750    175      0      -      -      0      0      0 
 20260917    13:32:10       0    126     71      -    100      2      0      0      0      0   6500   1875      4      0  15750    175      0      -      -      0      0      3 
 20260917    13:32:11       0    202     74      -    100      3      0      0      0      0   6500   1560      7      0  15750    175      0      -      -      0     23     10 
 20260917    13:32:12       0    113     71      -    100     45      0      0      0      0   6500   1875      8      0  15750    175      0      -      -      0   4165      3 
 20260917    13:32:13       0    122     71      -    100      4      0      0      0      0   6500   1875      5      0  15750    175      0      -      -      0      0      0 
 20260917    13:32:14       0    122     71      -    100      1      0      0      0      0   6500   1875      4      0  15750    175      0      -      -      0      0      0 
 20260917    13:32:15       0    127     73      -    100      4      0      0      0      0   6500   1875      4      0  15750    175      0      -      -      0     25     10 
 20260917    13:32:16       0    226     73      -    100      5      0      0      0      0   6500   1650     10      0  15750    175      0      -      -      0  12911   1498 
 20260917    13:32:17       0    117     71      -    100     46      0      0      0      0   6500   1875      5      0  15750    175      0      -      -      0   4174      6 
 20260917    13:32:18       0    122     71      -    100      4      0      0      0      0   6500   1875      4      0  15750    175      0      -      -      0      1      0 
 20260917    13:32:19       0    122     71      -    100      0      0      0      0      0   6500   1875      5      0  15750    175      0      -      -      0      3      0 
 20260917    13:32:20       0    179     74      -    100      2      0      0      0      0   6500   1560      6      0  15750    175      0      -      -      0     13   1107 
 20260917    13:32:21       0    228     71      -    100      6      0      0      0      0   6500   1815      5      0  15750    175      0      -      -      0  12865   1499 
 20260917    13:32:22       0    123     71      -    100     49      0      0      0      0   6500   1875      3      0  15750    175      0      -      -      0      5      2 
 20260917    13:32:24       0    127     71      -    100      6      0      0      0      0   6500   1875      4      0  15750    175      0      -      -      0   2438      0 
 20260917    13:32:25       0    124     71      -    100      1      0      0      0      0   6500   1875      4      0  15750    175      0      -      -      0      0      0 
 20260917    13:32:26       0    201     72      -    100      0      0      0      0      0   6500   1770      8      0  15750    175      0      -      -      0   4063      3 
 20260917    13:32:27       0    119     71      -    100      5      0      0      0      0   6500   1875      4      0  15750    175      0      -      -      0    267     62 
 20260917    13:32:28       0    121     71      -    100      1      0      0      0      0   6500   1875      4      0  15750    175      0      -      -      0    205     47 
 20260917    13:32:29       0     65     70      -      1      2      0      0      0      0   6500   1875      4      0  15750    175      0      -      -      0  12573    975 
 20260917    13:32:30       0     65     69      -    100      8      0      0      0      0   6500   1875      0      0  15750    175      0      -      -      0   1980   1142 
 20260917    13:32:31       0     73     69      -    100      8      0      0      0      0   6500   1875      0      0  15750    175      0      -      -      0  12564    982 
 20260917    13:32:32       0     72     69      -    100      8      0      0      0      0   6500   1875      0      0  15750    175      0      -      -      0  12561    977 
 20260917    13:32:33       0     71     68      -     82     11      0      0      0      0   6500   1875      0      0  15750    175      0      -      -      0  12665   1093 
 20260917    13:32:34       0     76     68      -     93      5      0      0      0      0   6500   1875      0      0  15750    175      0      -      -      0  12516    972 
 20260917    13:32:35       0     65     68      -     63      9      0      0      0      0   6500   1875      0      0  15750    175      0      -      -      0  12602    980 
 20260917    13:32:36       0     67     68      -    100      8      0      0      0      0   6500   1875      0      0  15750    175      0      -      -      0   4103      1 
 20260917    13:32:37       0     67     67      -    100      8      0      0      0      0   6500   1875      0      0  15750    175      0      -      -      0  11407      0 
 20260917    13:32:38       0     66     67      -    100      8      0      0      0      0   6500   1875      0      0  15750    175      0      -      -      0  12518    489 
 20260917    13:32:39       0     67     67      -     84     10      0      0      0      0   6500   1875      0      0  15750    175      0      -      -      0  12544    758 
 20260917    13:32:40       0     67     67      -     47      9      0      0      0      0   6500   1875      0      0  15750    175      0      -      -      0  12567    976 
 20260917    13:32:41       0     75     67      -     43      8      0      0      0      0   6500   1875      0      0  15750    175      0      -      -      0  12636   1154 
 20260917    13:32:43       0     65     66      -    100      8      0      0      0      0   6500   1875      0      0  15750    175      0      -      -      0  12789   1240 
 20260917    13:32:44       0     66     66      -    100      8      0      0      0      0   6500   1875      0      0  15750    175      0      -      -      0   2885      0 
 20260917    13:32:45       0     71     66      -    100      7      0      0      0      0   6500   1875      0      0  15750    175      0      -      -      0  12523    971 
 20260917    13:32:46       0     66     66      -     68      9      0      0      0      0   6500   1875      0      0  15750    175      0      -      -      0  12559    975 
 20260917    13:32:47       0     71     66      -     64      9      0      0      0      0   6500   1875      0      0  15750    175      0      -      -      0  12563    972 
 20260917    13:32:48       0     63     66      -     35      3      0      0      0      0   6500   1875      0      0  15750    175      0      -      -      0  12629    975 
 20260917    13:32:49       0     63     65      -     76      5      0      0      0      0   6500   1890      0      0  15750    175      0      -      -      0  12517    975 
 20260917    13:32:50       0     74     65      -    100      7      0      0      0      0   6500   1890      0      0  15750    175      0      -      -      0  12938   1499 
#Date        Time         gpu    pwr  gtemp  mtemp     sm    mem    enc    dec    jpg    ofa   mclk   pclk  pviol  tviol     fb   bar1   ccpm  sbecc  dbecc    pci  rxpci  txpci 
#YYYYMMDD    HH:MM:SS     Idx      W      C      C      %      %      %      %      %      %    MHz    MHz      %   bool     MB     MB     MB   errs   errs   errs   MB/s   MB/s 
 20260917    13:32:51       0     71     65      -    100      8      0      0      0      0   6500   1890      0      0  15750    175      0      -      -      0  12582    974 
 20260917    13:32:52       0     66     65      -    100      8      0      0      0      0   6500   1890      0      0  15750    175      0      -      -      0  12559    975 
 20260917    13:32:53       0     70     64      -     99     12      0      0      0      0   6500   1890      0      0  15750    175      0      -      -      0  10142    974 
 20260917    13:32:54       0     65     64      -     77      4      0      0      0      0   6500   1890      0      0  15750    175      0      -      -      0  12563    694 
 20260917    13:32:55       0     74     64      -     65      9      0      0      0      0   6500   1890      0      0  15750    175      0      -      -      0  12729    977 
 20260917    13:32:56       0     65     64      -    100      8      0      0      0      0   6500   1890      0      0  15750    175      0      -      -      0   2489      1 
 20260917    13:32:57       0     65     64      -    100      8      0      0      0      0   6500   1890      0      0  15750    175      0      -      -      0   3954      0 
 20260917    13:32:58       0     65     64      -    100      8      0      0      0      0   6500   1890      0      0  15750    175      0      -      -      0   4151      4 
 20260917    13:32:59       0     66     64      -     93     10      0      0      0      0   6500   1890      0      0  15750    175      0      -      -      0  12557    978 
 20260917    13:33:01       0     66     63      -     59      9      0      0      0      0   6500   1890      0      0  15750    175      0      -      -      0  10106    972 
 20260917    13:33:02       0     74     63      -     34      8      0      0      0      0   6500   1890      0      0  15750    175      0      -      -      0  12667   1168 
 20260917    13:33:03       0     64     63      -    100      8      0      0      0      0   6500   1890      0      0  15750    175      0      -      -      0  12552    971 
 20260917    13:33:04       0     69     63      -     87      5      0      0      0      0   6500   1890      0      0  15750    175      0      -      -      0  12547   1136 
 20260917    13:33:05       0     68     63      -    100      8      0      0      0      0   6500   1890      0      0  15750    175      0      -      -      0  12567    988 
 20260917    13:33:06       0     64     63      -     93     10      0      0      0      0   6500   1890      0      0  15750    175      0      -      -      0  12560    973 
 20260917    13:33:07       0     70     63      -    100      8      0      0      0      0   6500   1890      0      0  15750    175      0      -      -      0  12561    976 
 20260917    13:33:08       0     75     62      -     21      8      0      0      0      0   6500   1890      0      0  15750    175      0      -      -      0  12519    972 
 20260917    13:33:09       0     72     62      -     57      4      0      0      0      0   6500   1890      0      0  15750    175      0      -      -      0  12511    972 
 20260917    13:33:10       0     72     62      -     95      5      0      0      0      0   6500   1890      0      0  15750    175      0      -      -      0  12931   1500 
 20260917    13:33:11       0     64     62      -    100      8      0      0      0      0   6500   1890      0      0  15750    175      0      -      -      0   5058      0 
 20260917    13:33:12       0     65     62      -    100      8      0      0      0      0   6500   1890      0      0  15750    175      0      -      -      0  12561    974 
 20260917    13:33:13       0     64     62      -    100      7      0      0      0      0   6500   1890      0      0  15750    175      0      -      -      0  12515    970 
 20260917    13:33:14       0     64     62      -     58      5      0      0      0      0   6500   1890      0      0  15750    175      0      -      -      0  12564    698 
 20260917    13:33:15       0     68     62      -     76      9      0      0      0      0   6500   1890      0      0  15750    175      0      -      -      0  10179    975 
 20260917    13:33:16       0     62     61      -     89      5      0      0      0      0   6500   1890      0      0  15750    175      0      -      -      0   2615    231 
 20260917    13:33:17       0     64     61      -    100      8      0      0      0      0   6500   1890      0      0  15750    175      0      -      -      0   3930      0 
 20260917    13:33:18       0     63     61      -    100      8      0      0      0      0   6500   1890      0      0  15750    175      0      -      -      0   4151      5 
 20260917    13:33:20       0     64     61      -     97     11      0      0      0      0   6500   1890      0      0  15750    175      0      -      -      0  12554    975 
 20260917    13:33:21       0     64     61      -     52      9      0      0      0      0   6500   1890      0      0  15750    175      0      -      -      0  10152    973 
 20260917    13:33:22       0     72     61      -     31      8      0      0      0      0   6500   1890      0      0  15750    175      0      -      -      0  12763   1224 
 20260917    13:33:23       0     63     61      -    100      8      0      0      0      0   6500   1890      0      0  15750    175      0      -      -      0   6412   1036 
 20260917    13:33:24       0     64     61      -     99      5      0      0      0      0   6500   1890      0      0  15750    175      0      -      -      0   2788   1156 
 20260917    13:33:25       0     69     61      -    100      8      0      0      0      0   6500   1890      0      0  15750    175      0      -      -      0  12568    974 
 20260917    13:33:26       0     69     61      -     89     13      0      0      0      0   6500   1890      0      0  15750    175      0      -      -      0  12563    975 
 20260917    13:33:27       0     69     60      -     66      9      0      0      0      0   6500   1890      0      0  15750    175      0      -      -      0  12587    977 
 20260917    13:33:28       0     67     60      -     42      9      0      0      0      0   6500   1890      0      0  15750    175      0      -      -      0  12517    975 
 20260917    13:33:29       0     71     60      -     50      4      0      0      0      0   6500   1905      0      0  15750    175      0      -      -      0  12519    972 
 20260917    13:33:30       0     61     60      -     86      5      0      0      0      0   6500   1905      0      0  15750    175      0      -      -      0  12924   1492 
 20260917    13:33:31       0     64     60      -    100      8      0      0      0      0   6500   1905      0      0  15750    175      0      -      -      0   6359      0 
 20260917    13:33:32       0     70     60      -    100      8      0      0      0      0   6500   1905      0      0  15750    175      0      -      -      0  12566    931 
 20260917    13:33:33       0     64     60      -    100      7      0      0      0      0   6500   1905      0      0  15750    175      0      -      -      0  12562    971 
 20260917    13:33:34       0     67     60      -     65      9      0      0      0      0   6500   1905      0      0  15750    175      0      -      -      0  10154    974 
 20260917    13:33:35       0     63     60      -     92     10      0      0      0      0   6500   1905      0      0  15750    175      0      -      -      0  10156    975 
 20260917    13:33:36       0     64     60      -     74      5      0      0      0      0   6500   1905      0      0  15750    175      0      -      -      0   2427    543 
#Date        Time         gpu    pwr  gtemp  mtemp     sm    mem    enc    dec    jpg    ofa   mclk   pclk  pviol  tviol     fb   bar1   ccpm  sbecc  dbecc    pci  rxpci  txpci 
#YYYYMMDD    HH:MM:SS     Idx      W      C      C      %      %      %      %      %      %    MHz    MHz      %   bool     MB     MB     MB   errs   errs   errs   MB/s   MB/s 
 20260917    13:33:37       0     63     60      -    100      8      0      0      0      0   6500   1905      0      0  15750    175      0      -      -      0   2472      0 
 20260917    13:33:38       0     64     60      -    100      8      0      0      0      0   6500   1905      0      0  15750    175      0      -      -      0   4031      0 
 20260917    13:33:40       0     69     60      -    100      8      0      0      0      0   6500   1905      0      0  15750    175      0      -      -      0  12565    985 
 20260917    13:33:41       0     64     60      -     96     11      0      0      0      0   6500   1905      0      0  15750    175      0      -      -      0  12586    976 
 20260917    13:33:42       0     68     60      -     69      8      0      0      0      0   6500   1905      0      0  15750    175      0      -      -      0  12570    975 
 20260917    13:33:43       0     62     60      -     97      5      0      0      0      0   6500   1905      0      0  15750    175      0      -      -      0  12570    975 
 20260917    13:33:44       0     71     60      -     66      9      0      0      0      0   6500   1905      0      0  15750    175      0      -      -      0  12706    975 
 20260917    13:33:45       0     63     59      -    100      8      0      0      0      0   6500   1905      0      0  15750    175      0      -      -      0   4933      0 
 20260917    13:33:46       0     63     59      -    100      8      0      0      0      0   6500   1905      0      0  15750    175      0      -      -      0  12564    975 
 20260917    13:33:47       0     63     59      -     95     10      0      0      0      0   6500   1905      0      0  15750    175      0      -      -      0  12559    972 
 20260917    13:33:48       0     63     59      -     87     10      0      0      0      0   6500   1905      0      0  15750    175      0      -      -      0  12174    746 
 20260917    13:33:49       0     63     59      -     54      9      0      0      0      0   6500   1905      0      0  15750    175      0      -      -      0  12560    697 
 20260917    13:33:50       0     72     59      -     27      8      0      0      0      0   6500   1905      0      0  15750    175      0      -      -      0  12610   1180 
 20260917    13:33:51       0     62     59      -    100      8      0      0      0      0   6500   1905      0      0  15750    175      0      -      -      0   4481   1044 
 20260917    13:33:52       0     63     59      -     90      5      0      0      0      0   6500   1905      0      0  15750    175      0      -      -      0  11372   1237 
 20260917    13:33:53       0     67     59      -    100      8      0      0      0      0   6500   1905      0      0  15750    175      0      -      -      0  12520    976 
 20260917    13:33:54       0     69     59      -     98     14      0      0      0      0   6500   1905      0      0  15750    175      0      -      -      0  12558    971 
 20260917    13:33:55       0     68     59      -    100      8      0      0      0      0   6500   1905      0      0  15750    175      0      -      -      0  12558    983 
 20260917    13:33:56       0     60     59      -     28      8      0      0      0      0   6500   1905      0      0  15750    175      0      -      -      0  12560    975 
 20260917    13:33:58       0     72     59      -     67      4      0      0      0      0   6500   1905      0      0  15750    175      0      -      -      0  12518    972 
 20260917    13:33:59       0     61     59      -     92      5      0      0      0      0   6500   1905      0      0  15750    175      0      -      -      0  12927   1499 
 20260917    13:34:00       0     63     59      -    100      8      0      0      0      0   6500   1905      0      0  15750    175      0      -      -      0   9878      4 
 20260917    13:34:01       0     69     59      -    100      8      0      0      0      0   6500   1905      0      0  15750    175      0      -      -      0  12567    985 
 20260917    13:34:02       0     63     59      -    100      7      0      0      0      0   6500   1905      0      0  15750    175      0      -      -      0  12559    978 
 20260917    13:34:03       0     67     59      -     66      9      0      0      0      0   6500   1905      0      0  15750    175      0      -      -      0  10161    975 
 20260917    13:34:04       0     62     59      -     93     10      0      0      0      0   6500   1905      0      0  15750    175      0      -      -      0  10250    974 
 20260917    13:34:05       0     63     59      -     77      5      0      0      0      0   6500   1905      0      0  15750    175      0      -      -      0   2798      0 
 20260917    13:34:06       0     63     59      -    100      8      0      0      0      0   6500   1905      0      0  15750    175      0      -      -      0   3841      0 
 20260917    13:34:07       0     63     59      -    100      8      0      0      0      0   6500   1905      0      0  15750    175      0      -      -      0   3931      0 
 20260917    13:34:08       0     69     59      -    100      8      0      0      0      0   6500   1905      0      0  15750    175      0      -      -      0  12555    974 
 20260917    13:34:09       0    122     60      -    100      1      0      0      0      0   6500   1905      0      0  15750    175      0      -      -      0      6      9 
 20260917    13:34:10       0    253     61      -    100     16      0      0      0      0   6500   1815      8      0  15750    175      0      -      -      0  12878   1493 
 20260917    13:34:11       0    125     61      -    100     11      0      0      0      0   6500   1905      4      0  15750    175      0      -      -      0   4170      6 
 20260917    13:34:12       0    121     62      -    100      0      0      0      0      0   6500   1905      4      0  15750    175      0      -      -      0      3      0 
 20260917    13:34:13       0    239     62      -    100     47      0      0      0      0   6500   1890      8      0  15750    175      0      -      -      0   4129      2 
 20260917    13:34:14       0    119     62      -    100      4      0      0      0      0   6500   1905      4      0  15750    175      0      -      -      0      2      1 
 20260917    13:34:15       0    120     62      -    100      0      0      0      0      0   6500   1905      4      0  15750    175      0      -      -      0      0      0 
 20260917    13:34:16       0    103     63      -    100     21      0      0      0      0   6500   1875      5      0  15750    175      0      -      -      0   2921      2 
 20260917    13:34:18       0    118     63      -    100      0      0      0      0      0   6500   1890      4      0  15750    175      0      -      -      0      0      0 
 20260917    13:34:19       0    121     63      -    100      0      0      0      0      0   6500   1890      3      0  15750    175      0      -      -      0      2      8 
 20260917    13:34:20       0     58     63      -    100     43      0      0      0      0   6500   1890      8      0  15750    175      0      -      -      0      0      0 
 20260917    13:34:21       0    118     63      -    100     24      0      0      0      0   6500   1890      4      0  15750    175      0      -      -      0      3      0 
 20260917    13:34:22       0    124     64      -    100      5      0      0      0      0   6500   1890      4      0  15750    175      0      -      -      0     19      9 
 20260917    13:34:23       0    147     64      -    100     37      0      0      0      0   6500   1830      8      0  15750    175      0      -      -      0  12947   1501 
#Date        Time         gpu    pwr  gtemp  mtemp     sm    mem    enc    dec    jpg    ofa   mclk   pclk  pviol  tviol     fb   bar1   ccpm  sbecc  dbecc    pci  rxpci  txpci 
#YYYYMMDD    HH:MM:SS     Idx      W      C      C      %      %      %      %      %      %    MHz    MHz      %   bool     MB     MB     MB   errs   errs   errs   MB/s   MB/s 
 20260917    13:34:24       0    125     64      -    100      7      0      0      0      0   6500   1890      4      0  15750    175      0      -      -      0   4165      5 
 20260917    13:34:25       0    122     64      -    100      1      0      0      0      0   6500   1890      4      0  15750    175      0      -      -      0      0      0 
 20260917    13:34:26       0    174     65      -    100     46      0      0      0      0   6500   1860      8      0  15750    175      0      -      -      0   4147      3 
 20260917    13:34:27       0    119     65      -    100      3      0      0      0      0   6500   1890      4      0  15750    175      0      -      -      0      0      0 
 20260917    13:34:28       0    122     65      -    100      0      0      0      0      0   6500   1890      4      0  15750    175      0      -      -      0      0      0 
 20260917    13:34:29       0    195     65      -    100     24      0      0      0      0   6500   1875      8      0  15750    175      0      -      -      0   4157      2 
 20260917    13:34:30       0    122     65      -    100      6      0      0      0      0   6500   1890      4      0  15750    175      0      -      -      0      5      2 
 20260917    13:34:31       0    122     66      -    100      1      0      0      0      0   6500   1890      4      0  15750    175      0      -      -      0      0      0 
 20260917    13:34:32       0     60     64      -    100     39      0      0      0      0   6500   1875      8      0  15750    175      0      -      -      0    212      0 
 20260917    13:34:33       0    119     66      -    100     21      0      0      0      0   6500   1890      4      0  15750    175      0      -      -      0      0      0 
 20260917    13:34:34       0    126     66      -    100      9      0      0      0      0   6500   1890      4      0  15750    175      0      -      -      0      1      3 
 20260917    13:34:35       0    226     67      -    100     40      0      0      0      0   6500   1785      8      0  15750    175      0      -      -      0  12914   1498 
 20260917    13:34:36       0    127     67      -    100      7      0      0      0      0   6500   1890      4      0  15750    175      0      -      -      0   4151      4 
 20260917    13:34:38       0    124     67      -    100      1      0      0      0      0   6500   1890      4      0  15750    175      0      -      -      0      0      0 
 20260917    13:34:39       0    154     67      -    100      0      0      0      0      0   6500   1830      8      0  15750    175      0      -      -      0   2068      0 
 20260917    13:34:40       0    120     67      -    100      3      0      0      0      0   6500   1890      4      0  15750    175      0      -      -      0      0      0 
 20260917    13:34:41       0    123     67      -    100      2      0      0      0      0   6500   1890      4      0  15750    175      0      -      -      0      2      1 
 20260917    13:34:42       0    195     67      -    100     29      0      0      0      0   6500   1860      8      0  15750    175      0      -      -      0   4173      2 
 20260917    13:34:43       0    122     68      -    100      5      0      0      0      0   6500   1890      4      0  15750    175      0      -      -      0      0      0 
 20260917    13:34:44       0    121     68      -    100      0      0      0      0      0   6500   1875      0      0  15750    175      0      -      -      0      0      0 
 20260917    13:34:45       0    215     67      -    100     42      0      0      0      0   6500   1860     10      0  15750    175      0      -      -      0  12938    739 
 20260917    13:34:46       0    119     68      -    100     24      0      0      0      0   6500   1875      4      0  15750    175      0      -      -      0      0      0 
 20260917    13:34:47       0    127     68      -    100      6      0      0      0      0   6500   1875      4      0  15750    175      0      -      -      0      0      0 
 20260917    13:34:48       0    202     71      -    100     30      0      0      0      0   6500   1575      8      0  15750    175      0      -      -      0   5070   1502 
 20260917    13:34:49       0    121     69      -    100      6      0      0      0      0   6500   1875      6      0  15750    175      0      -      -      0   4164      2 
 20260917    13:34:50       0    123     68      -    100      1      0      0      0      0   6500   1875      4      0  15750    175      0      -      -      0      0      0 
 20260917    13:34:51       0    128     71      -    100      1      0      0      0      0   6500   1575      9      0  15750    175      0      -      -      0     24      1 
 20260917    13:34:52       0    120     69      -    100     45      0      0      0      0   6500   1875      6      0  15750    175      0      -      -      0      0      0 
 20260917    13:34:53       0    121     69      -    100      0      0      0      0      0   6500   1875      4      0  15750    175      0      -      -      0      0      0 
 20260917    13:34:54       0    233     71      -    100      0      0      0      0      0   6500   1575      7      0  15750    175      0      -      -      0     24      6 
 20260917    13:34:55       0    123     69      -    100     27      0      0      0      0   6500   1875      4      0  15750    175      0      -      -      0      5      0 
 20260917    13:34:57       0    122     69      -    100      3      0      0      0      0   6500   1875      5      0  15750    175      0      -      -      0      0      0 
 20260917    13:34:58       0    184     72      -    100     23      0      0      0      0   6500   1590      9      0  15750    175      0      -      -      0  11038   1500 
 20260917    13:34:59       0    115     70      -    100     46      0      0      0      0   6500   1860      4      0  15750    175      0      -      -      0      0      0 
 20260917    13:35:00       0    130     70      -    100      9      0      0      0      0   6500   1875      5      0  15750    175      0      -      -      0   3123      2 
 20260917    13:35:01       0    124     70      -    100      1      0      0      0      0   6500   1875      4      0  15750    175      0      -      -      0      0      3 
 20260917    13:35:02       0    111     70      -    100     36      0      0      0      0   6500   1860      9      0  15750    175      0      -      -      0   1835      2 
 20260917    13:35:03       0    122     70      -    100      1      0      0      0      0   6500   1875      4      0  15750    175      0      -      -      0      0      0 
 20260917    13:35:04       0    125     70      -    100      1      0      0      0      0   6500   1875      6      0  15750    175      0      -      -      0      4      5 
 20260917    13:35:05       0    100     70      -    100     43      0      0      0      0   6500   1875     10      0  15750    175      0      -      -      0      0      0 
 20260917    13:35:06       0    124     70      -    100      3      0      0      0      0   6500   1875      4      0  15750    175      0      -      -      0      0      0 
 20260917    13:35:07       0    125     70      -    100      1      0      0      0      0   6500   1875      5      0  15750    175      0      -      -      0      3      6 
 20260917    13:35:08       0     64     70      -    100     43      0      0      0      0   6500   1875      8      0  15750    175      0      -      -      0      0      0 
 20260917    13:35:09       0    121     71      -    100     16      0      0      0      0   6500   1875      5      0  15750    175      0      -      -      0      0      0 
#Date        Time         gpu    pwr  gtemp  mtemp     sm    mem    enc    dec    jpg    ofa   mclk   pclk  pviol  tviol     fb   bar1   ccpm  sbecc  dbecc    pci  rxpci  txpci 
#YYYYMMDD    HH:MM:SS     Idx      W      C      C      %      %      %      %      %      %    MHz    MHz      %   bool     MB     MB     MB   errs   errs   errs   MB/s   MB/s 
 20260917    13:35:10       0    128     71      -    100      9      0      0      0      0   6500   1875      4      0  15750    175      0      -      -      0    214     60 
 20260917    13:35:11       0    231     71      -    100     34      0      0      0      0   6500   1770     10      0  15750    175      0      -      -      0  12912   1495 
 20260917    13:35:12       0     67     69      -    100      9      0      0      0      0   6500   1875      6      0  15750    175      0      -      -      0  12518    971 
 20260917    13:35:13       0     67     69      -    100     11      0      0      0      0   6500   1875      0      0  15750    175      0      -      -      0   1362      0 
 20260917    13:35:14       0     84     70      -     74      5      0      0      0      0   6500   1875      0      0  15750    175      0      -      -      0      1      0 
 20260917    13:35:15       0     65     70      -     20      3      0      0      0      0   6500   1875      0      0  15750    175      0      -      -      0      3      0 
 20260917    13:35:17       0    161     71      -     68      2      0      0      0      0   6500   1860      0      0  15750    175      0      -      -      0  12904   1499 
 20260917    13:35:18       0    122     71      -    100      8      0      0      0      0   6500   1845      0      0  15750    175      0      -      -      0   3177      3 
 20260917    13:35:19       0    117     70      -    100     10      0      0      0      0   6500   1875      0      0  15750    175      0      -      -      0   3876    970 
 20260917    13:35:20       0    150     70      -    100      9      0      0      0      0   6500   1860      0      0  15750    175      0      -      -      0   4177    528 
 20260917    13:35:21       0     69     69      -    100     12      0      0      0      0   6500   1875      0      0  15750    175      0      -      -      0  12560    974 
 20260917    13:35:22       0     67     69      -    100     11      0      0      0      0   6500   1875      0      0  15750    175      0      -      -      0   3808      0 
 20260917    13:35:23       0    102     70      -     61      4      0      0      0      0   6500   1875      0      0  15750    175      0      -      -      0      1      4 
 20260917    13:35:24       0    140     70      -     93      8      0      0      0      0   6500   1845      0      0  15750    175      0      -      -      0  12900   1498 
 20260917    13:35:25       0    158     70      -     68      2      0      0      0      0   6500   1860      0      0  15750    175      0      -      -      0  12904   1497 
 20260917    13:35:26       0    118     71      -    100      8      0      0      0      0   6500   1800      0      0  15750    175      0      -      -      0   2144      0 
 20260917    13:35:27       0    155     70      -    100     10      0      0      0      0   6500   1875      0      0  15750    175      0      -      -      0   8800    973 
 20260917    13:35:28       0     67     69      -    100     11      0      0      0      0   6500   1875      0      0  15750    175      0      -      -      0  12558    499 
 20260917    13:35:29       0    128     69      -    100     10      0      0      0      0   6500   1875      0      0  15750    175      0      -      -      0  12559    975 
 20260917    13:35:30       0     67     68      -    100     10      0      0      0      0   6500   1875      0      0  15750    175      0      -      -      0   4151      0 
 20260917    13:35:31       0     66     69      -     98      5      0      0      0      0   6500   1875      0      0  15750    175      0      -      -      0      0      0 
 20260917    13:35:32       0    123     71      -     77      2      0      0      0      0   6500   1830      0      0  15750    175      0      -      -      0  12920   1495 
 20260917    13:35:33       0    159     71      -    100      9      0      0      0      0   6500   1875      0      0  15750    175      0      -      -      0  12966   1501 
 20260917    13:35:34       0    118     70      -    100      8      0      0      0      0   6500   1875      0      0  15750    175      0      -      -      0    204      2 
 20260917    13:35:36       0    154     69      -    100      9      0      0      0      0   6500   1875      0      0  15750    175      0      -      -      0   2727    306 
 20260917    13:35:37       0     78     68      -     66      9      0      0      0      0   6500   1875      0      0  15750    175      0      -      -      0  12640   1326 
 20260917    13:35:38       0     74     67      -    100      8      0      0      0      0   6500   1875      0      0  15750    175      0      -      -      0  12608    855 
 20260917    13:35:39       0     67     67      -    100      8      0      0      0      0   6500   1875      0      0  15750    175      0      -      -      0  12523    971 
 20260917    13:35:40       0     74     67      -     88      9      0      0      0      0   6500   1875      0      0  15750    175      0      -      -      0  12566    972 
 20260917    13:35:41       0     75     67      -     64      9      0      0      0      0   6500   1875      0      0  15750    175      0      -      -      0  12554    975 
 20260917    13:35:42       0     78     67      -     52      9      0      0      0      0   6500   1875      0      0  15750    175      0      -      -      0  12561    975 
 20260917    13:35:43       0     77     67      -     34      3      0      0      0      0   6500   1875      0      0  15750    175      0      -      -      0  12931   1499 
 20260917    13:35:44       0     67     66      -    100      8      0      0      0      0   6500   1875      0      0  15750    175      0      -      -      0   3791      0 
 20260917    13:35:45       0     66     66      -    100      5      0      0      0      0   6500   1875      0      0  15750    175      0      -      -      0   3978      0 
 20260917    13:35:46       0     67     66      -    100      7      0      0      0      0   6500   1890      0      0  15750    175      0      -      -      0  12520    974 
 20260917    13:35:47       0     67     66      -     69      9      0      0      0      0   6500   1890      0      0  15750    175      0      -      -      0  12588    975 
 20260917    13:35:48       0     66     66      -     68      9      0      0      0      0   6500   1890      0      0  15750    175      0      -      -      0  12517    971 
 20260917    13:35:49       0     77     66      -     45      9      0      0      0      0   6500   1890      0      0  15750    175      0      -      -      0  12571    980 
 20260917    13:35:50       0     65     66      -     50      4      0      0      0      0   6500   1890      0      0  15750    175      0      -      -      0  12562    975 
 20260917    13:35:51       0     64     65      -     85      5      0      0      0      0   6500   1890      0      0  15750    175      0      -      -      0   1817   1194 
 20260917    13:35:52       0     73     65      -     86     10      0      0      0      0   6500   1890      0      0  15750    175      0      -      -      0  12561    977 
 20260917    13:35:53       0     73     65      -    100      8      0      0      0      0   6500   1890      0      0  15750    175      0      -      -      0  12606    974 
 20260917    13:35:54       0     71     65      -    100      7      0      0      0      0   6500   1890      0      0  15750    175      0      -      -      0  12562    975 
 20260917    13:35:56       0     77     65      -     64      8      0      0      0      0   6500   1890      0      0  15750    175      0      -      -      0  12638   1193 
#Date        Time         gpu    pwr  gtemp  mtemp     sm    mem    enc    dec    jpg    ofa   mclk   pclk  pviol  tviol     fb   bar1   ccpm  sbecc  dbecc    pci  rxpci  txpci 
#YYYYMMDD    HH:MM:SS     Idx      W      C      C      %      %      %      %      %      %    MHz    MHz      %   bool     MB     MB     MB   errs   errs   errs   MB/s   MB/s 
 20260917    13:35:57       0     76     65      -     92      5      0      0      0      0   6500   1890      0      0  15750    175      0      -      -      0  12566    995 
 20260917    13:35:58       0     66     64      -     98      6      0      0      0      0   6500   1890      0      0  15750    175      0      -      -      0   4162      0 
 20260917    13:35:59       0     73     64      -    100      8      0      0      0      0   6500   1890      0      0  15750    175      0      -      -      0  12562    976 
 20260917    13:36:00       0     66     64      -    100      8      0      0      0      0   6500   1890      0      0  15750    175      0      -      -      0  12561    975 
 20260917    13:36:01       0     78     64      -     31      3      0      0      0      0   6500   1890      0      0  15750    175      0      -      -      0  12557    975 
 20260917    13:36:02       0     66     64      -     69      9      0      0      0      0   6500   1890      0      0  15750    175      0      -      -      0  12560    975 
 20260917    13:36:03       0     76     64      -     27      8      0      0      0      0   6500   1890      0      0  15750    175      0      -      -      0  12906   1472 
 20260917    13:36:04       0     66     64      -    100      8      0      0      0      0   6500   1890      0      0  15750    175      0      -      -      0   2459    164 
 20260917    13:36:05       0     66     63      -    100      8      0      0      0      0   6500   1890      0      0  15750    175      0      -      -      0  12584    501 
 20260917    13:36:06       0     66     64      -    100      8      0      0      0      0   6500   1890      0      0  15750    175      0      -      -      0  12516    975 
 20260917    13:36:07       0     77     63      -     52      8      0      0      0      0   6500   1890      0      0  15750    175      0      -      -      0  12519    705 
 20260917    13:36:08       0     64     63      -     67      9      0      0      0      0   6500   1890      0      0  15750    175      0      -      -      0  12560    707 
 20260917    13:36:09       0     66     63      -    100      8      0      0      0      0   6500   1890      0      0  15750    175      0      -      -      0   2563    204 
 20260917    13:36:10       0     65     63      -     88      5      0      0      0      0   6500   1890      0      0  15750    175      0      -      -      0   2894      0 
 20260917    13:36:11       0     65     63      -    100      8      0      0      0      0   6500   1890      0      0  15750    175      0      -      -      0   4016      0 
 20260917    13:36:12       0     65     63      -     66      9      0      0      0      0   6500   1890      0      0  15750    175      0      -      -      0  12565    972 
 20260917    13:36:13       0     65     63      -     53      9      0      0      0      0   6500   1890      0      0  15750    175      0      -      -      0  12527    972 
 20260917    13:36:14       0     70     62      -    100      7      0      0      0      0   6500   1890      0      0  15750    175      0      -      -      0  12590   1029 
 20260917    13:36:16       0     63     62      -     64      9      0      0      0      0   6500   1890      0      0  15750    175      0      -      -      0  12557    972 
 20260917    13:36:17       0     75     62      -     85      5      0      0      0      0   6500   1890      0      0  15750    175      0      -      -      0  12564    995 
 20260917    13:36:18       0     65     62      -    100      8      0      0      0      0   6500   1890      0      0  15750    175      0      -      -      0   3955      5 
 20260917    13:36:19       0     65     62      -    100      5      0      0      0      0   6500   1890      0      0  15750    175      0      -      -      0   4136      0 
 20260917    13:36:20       0     69     62      -    100      8      0      0      0      0   6500   1890      0      0  15750    175      0      -      -      0  12525    965 
 20260917    13:36:21       0     66     62      -     43      9      0      0      0      0   6500   1890      0      0  15750    175      0      -      -      0  12560    705 
 20260917    13:36:22       0     65     62      -     60      9      0      0      0      0   6500   1890      0      0  15750    175      0      -      -      0  10208    971 
 20260917    13:36:23       0     63     62      -     79     11      0      0      0      0   6500   1890      0      0  15750    175      0      -      -      0  12630   1323 
 20260917    13:36:24       0     65     62      -     91      5      0      0      0      0   6500   1890      0      0  15750    175      0      -      -      0  12776   1042 
 20260917    13:36:25       0     63     62      -    100      8      0      0      0      0   6500   1890      0      0  15750    175      0      -      -      0  12600   1085 
 20260917    13:36:26       0     71     62      -    100     10      0      0      0      0   6500   1890      0      0  15750    175      0      -      -      0  12542    520 
 20260917    13:36:27       0     71     61      -    100      8      0      0      0      0   6500   1890      0      0  15750    175      0      -      -      0  12574    972 
 20260917    13:36:28       0     64     62      -     85      9      0      0      0      0   6500   1890      0      0  15750    175      0      -      -      0  12562    975 
 20260917    13:36:29       0     62     62      -     70      5      0      0      0      0   6500   1890      0      0  15750    175      0      -      -      0  12558    972 
 20260917    13:36:30       0     63     62      -    100      5      0      0      0      0   6500   1890      0      0  15750    175      0      -      -      0  12556    976 
 20260917    13:36:31       0     62     61      -     57      4      0      0      0      0   6500   1890      0      0  15750    175      0      -      -      0   8268   1497 
 20260917    13:36:32       0     71     61      -    100      8      0      0      0      0   6500   1890      0      0  15750    175      0      -      -      0  12567    975 
 20260917    13:36:33       0     71     61      -    100      6      0      0      0      0   6500   1905      0      0  15750    175      0      -      -      0  12563    975 
 20260917    13:36:35       0     70     61      -     65      8      0      0      0      0   6500   1905      0      0  15750    175      0      -      -      0  12567    975 
 20260917    13:36:36       0     76     61      -     62      8      0      0      0      0   6500   1905      0      0  15750    175      0      -      -      0  12657   1173 
 20260917    13:36:37       0     75     61      -     67      9      0      0      0      0   6500   1905      0      0  15750    175      0      -      -      0  12601    977 
 20260917    13:36:38       0     64     61      -    100      8      0      0      0      0   6500   1905      0      0  15750    175      0      -      -      0   4151      0 
 20260917    13:36:39       0     65     61      -    100      8      0      0      0      0   6500   1905      0      0  15750    175      0      -      -      0   2678      0 
 20260917    13:36:40       0     65     61      -    100      8      0      0      0      0   6500   1905      0      0  15750    175      0      -      -      0   4043      0 
 20260917    13:36:41       0     65     61      -     63      9      0      0      0      0   6500   1905      0      0  15750    175      0      -      -      0  10203    976 
 20260917    13:36:42       0     65     61      -     44      9      0      0      0      0   6500   1905      0      0  15750    175      0      -      -      0  11705    819 
#Date        Time         gpu    pwr  gtemp  mtemp     sm    mem    enc    dec    jpg    ofa   mclk   pclk  pviol  tviol     fb   bar1   ccpm  sbecc  dbecc    pci  rxpci  txpci 
#YYYYMMDD    HH:MM:SS     Idx      W      C      C      %      %      %      %      %      %    MHz    MHz      %   bool     MB     MB     MB   errs   errs   errs   MB/s   MB/s 
 20260917    13:36:43       0     70     61      -     51      4      0      0      0      0   6500   1905      0      0  15750    175      0      -      -      0  12670   1310 
 20260917    13:36:44       0     64     61      -     86      5      0      0      0      0   6500   1905      0      0  15750    175      0      -      -      0  12646   1324 
 20260917    13:36:45       0     63     60      -    100      8      0      0      0      0   6500   1905      0      0  15750    175      0      -      -      0  11096   1230 
 20260917    13:36:46       0     71     60      -    100      7      0      0      0      0   6500   1905      0      0  15750    175      0      -      -      0  12559    976 
 20260917    13:36:47       0     65     60      -    100      8      0      0      0      0   6500   1905      0      0  15750    175      0      -      -      0  12570    976 
 20260917    13:36:48       0     71     60      -    100      8      0      0      0      0   6500   1905      0      0  15750    175      0      -      -      0  12566    974 
 20260917    13:36:49       0     77     60      -     45      4      0      0      0      0   6500   1905      0      0  15750    175      0      -      -      0  12593    972 
 20260917    13:36:50       0     74     60      -     72      5      0      0      0      0   6500   1905      0      0  15750    175      0      -      -      0  12560    975 
 20260917    13:36:51       0     74     60      -     28      8      0      0      0      0   6500   1905      0      0  15750    175      0      -      -      0  12922   1499 
 20260917    13:36:52       0     64     60      -    100      8      0      0      0      0   6500   1905      0      0  15750    175      0      -      -      0  12558    254 
 20260917    13:36:54       0     65     60      -    100      8      0      0      0      0   6500   1905      0      0  15750    175      0      -      -      0  11359      0 
 20260917    13:36:55       0     64     60      -    100      7      0      0      0      0   6500   1905      0      0  15750    175      0      -      -      0  12562    998 
 20260917    13:36:56       0     70     60      -    100      8      0      0      0      0   6500   1905      0      0  15750    175      0      -      -      0  12575    975 
 20260917    13:36:57       0     63     60      -     77      9      0      0      0      0   6500   1905      0      0  15750    175      0      -      -      0  12558    975 
 20260917    13:36:58       0     61     61      -     87      5      0      0      0      0   6500   1905      0      0  15750    175      0      -      -      0  12552    975 
 20260917    13:36:59       0     64     60      -    100      8      0      0      0      0   6500   1905      0      0  15750    175      0      -      -      0  12560    971 
 20260917    13:37:00       0     63     60      -     67      4      0      0      0      0   6500   1905      0      0  15750    175      0      -      -      0  12844   1494 
 20260917    13:37:01       0     67     60      -    100      8      0      0      0      0   6500   1905      0      0  15750    175      0      -      -      0  12566    974 
 20260917    13:37:02       0     72     60      -     78     10      0      0      0      0   6500   1905      0      0  15750    175      0      -      -      0  12520    971 
 20260917    13:37:03       0     63     60      -     35      8      0      0      0      0   6500   1905      0      0  15750    175      0      -      -      0  12560    972 
 20260917    13:37:04       0     74     60      -     68      9      0      0      0      0   6500   1905      0      0  15750    175      0      -      -      0  12561    976 
 20260917    13:37:05       0     75     60      -     68      4      0      0      0      0   6500   1905      0      0  15750    175      0      -      -      0  12564    973 
 20260917    13:37:06       0     64     60      -    100      8      0      0      0      0   6500   1905      0      0  15750    175      0      -      -      0   4151      1 
 20260917    13:37:07       0     64     60      -    100      8      0      0      0      0   6500   1905      0      0  15750    175      0      -      -      0  12561    615 
 20260917    13:37:08       0     65     60      -    100      8      0      0      0      0   6500   1905      0      0  15750    175      0      -      -      0  12519    971 
 20260917    13:37:09       0     64     60      -     37      9      0      0      0      0   6500   1905      0      0  15750    175      0      -      -      0  12576    881 
 20260917    13:37:10       0     76     60      -     37      3      0      0      0      0   6500   1905      0      0  15750    175      0      -      -      0  12558   1108 
 20260917    13:37:11       0     74     60      -     30      8      0      0      0      0   6500   1905      0      0  15750    175      0      -      -      0  12874   1493 
 20260917    13:37:13       0     64     59      -    100      8      0      0      0      0   6500   1905      0      0  15750    175      0      -      -      0  12564    975 
 20260917    13:37:14       0     71     59      -    100      8      0      0      0      0   6500   1905      0      0  15750    175      0      -      -      0  12560    976 
 20260917    13:37:15       0     69     59      -     66      8      0      0      0      0   6500   1905      0      0  15750    175      0      -      -      0  12749    977 
 20260917    13:37:16       0     77     59      -     61     12      0      0      0      0   6500   1905      0      0  15750    175      0      -      -      0  12624   1078 
 20260917    13:37:17       0     58     59      -      0      0      0      0      0      0   6500   1905      0      0  15750    175      0      -      -      0      0      0 
 20260917    13:37:18       0     48     58      -      0      0      0      0      0      0   6500   1620      0      0  15750    175      0      -      -      0      0      0 
 20260917    13:37:19       0     47     58      -      0      0      0      0      0      0   6500   1620      0      0  15750    175      0      -      -      0      0      1 
 20260917    13:37:20       0     47     58      -      0      0      0      0      0      0   6500   1620      0      0  15750    175      0      -      -      0      0      0 
 20260917    13:37:21       0     46     58      -      0      0      0      0      0      0   6500   1620      0      0  15750    175      0      -      -      0      0      0 
 20260917    13:37:22       0     47     58      -      0      0      0      0      0      0   6500   1620      0      0  15750    175      0      -      -      0      0      0 
 20260917    13:37:23       0     47     58      -      0      0      0      0      0      0   6500   1620      0      0  15750    175      0      -      -      0      0      0 
 20260917    13:37:24       0     47     58      -      0      0      0      0      0      0   6500   1620      0      0  15750    175      0      -      -      0      0      0 
 20260917    13:37:25       0     46     57      -      0      0      0      0      0      0   6500   1620      0      0  15750    175      0      -      -      0      0      0 
 20260917    13:37:26       0     46     57      -      0      0      0      0      0      0   6500   1620      0      0  15750    175      0      -      -      0      0      4 
 20260917    13:37:27       0     46     57      -      0      0      0      0      0      0   6500   1620      0      0  15750    175      0      -      -      0      0      0 
 20260917    13:37:28       0     46     57      -      0      0      0      0      0      0   6500   1620      0      0  15750    175      0      -      -      0      0      0 
#Date        Time         gpu    pwr  gtemp  mtemp     sm    mem    enc    dec    jpg    ofa   mclk   pclk  pviol  tviol     fb   bar1   ccpm  sbecc  dbecc    pci  rxpci  txpci 
#YYYYMMDD    HH:MM:SS     Idx      W      C      C      %      %      %      %      %      %    MHz    MHz      %   bool     MB     MB     MB   errs   errs   errs   MB/s   MB/s 
 20260917    13:37:29       0     46     57      -      0      0      0      0      0      0   6500   1620      0      0  15750    175      0      -      -      0      0      0 
 20260917    13:37:30       0     46     57      -      0      0      0      0      0      0   6500   1620      0      0  15750    175      0      -      -      0      0      0 
 20260917    13:37:31       0     79     58      -     52      4      0      0      0      0   6500   1905      0      0  15752    175      0      -      -      0  12535    606 
 20260917    13:37:33       0     63     58      -     83      5      0      0      0      0   6500   1905      0      0  15752    175      0      -      -      0   3884      0 
 20260917    13:37:34       0     63     58      -    100      8      0      0      0      0   6500   1905      0      0  15752    175      0      -      -      0   4099      0 
 20260917    13:37:35       0     63     58      -    100      8      0      0      0      0   6500   1905      0      0  15752    175      0      -      -      0   4163      0 
 20260917    13:37:36       0     63     58      -     36      8      0      0      0      0   6500   1905      0      0  15752    175      0      -      -      0   8275    978 
 20260917    13:37:37       0     63     58      -     81     10      0      0      0      0   6500   1905      0      0  15752    175      0      -      -      0  12580    976 
 20260917    13:37:38       0     77     58      -     25      8      0      0      0      0   6500   1905      0      0  15752    175      0      -      -      0  12941   1498 
 20260917    13:37:39       0     63     58      -    100      8      0      0      0      0   6500   1905      0      0  15752    175      0      -      -      0  11020      0 
 20260917    13:37:40       0     63     58      -    100      8      0      0      0      0   6500   1905      0      0  15752    175      0      -      -      0  12522    813 
 20260917    13:37:41       0     63     58      -    100      7      0      0      0      0   6500   1905      0      0  15752    175      0      -      -      0  12559    974 
 20260917    13:37:42       0     79     58      -     65      9      0      0      0      0   6500   1905      0      0  15752    175      0      -      -      0  12576    972 
 20260917    13:37:43       0     74     58      -     63      7      0      0      0      0   6500   1905      0      0  15752    175      0      -      -      0  12573    993 
 20260917    13:37:44       0     64     58      -    100      8      0      0      0      0   6500   1905      0      0  15752    175      0      -      -      0   2528      0 
 20260917    13:37:45       0     63     58      -     92      5      0      0      0      0   6500   1905      0      0  15752    175      0      -      -      0   2352      0 
 20260917    13:37:46       0     63     58      -    100      8      0      0      0      0   6500   1905      0      0  15752    175      0      -      -      0   4130      1 
 20260917    13:37:47       0     64     58      -     49      9      0      0      0      0   6500   1905      0      0  15752    175      0      -      -      0  12585    708 
 20260917    13:37:48       0     74     58      -     42      3      0      0      0      0   6500   1905      0      0  15752    175      0      -      -      0  12569    976 
 20260917    13:37:49       0     62     59      -     69      8      0      0      0      0   6500   1905      0      0  15752    175      0      -      -      0  12597   1169 
 20260917    13:37:50       0     64     58      -     99      5      0      0      0      0   6500   1905      0      0  15752    175      0      -      -      0  12611   1091 
 20260917    13:37:52       0     63     58      -    100      8      0      0      0      0   6500   1905      0      0  15752    175      0      -      -      0   4243   1062 
 20260917    13:37:53       0     69     58      -    100      7      0      0      0      0   6500   1905      0      0  15752    175      0      -      -      0  12515    975 
 20260917    13:37:54       0     69     58      -    100      8      0      0      0      0   6500   1905      0      0  15752    175      0      -      -      0  12534    981 
 20260917    13:37:55       0     63     59      -     71      9      0      0      0      0   6500   1905      0      0  15752    175      0      -      -      0  12560    974 
 20260917    13:37:56       0     60     59      -     86      5      0      0      0      0   6500   1905      0      0  15752    175      0      -      -      0  12561    975 
 20260917    13:37:57       0     62     58      -    100      8      0      0      0      0   6500   1905      0      0  15752    175      0      -      -      0   2714   1066 
 20260917    13:37:58       0     62     58      -     78      5      0      0      0      0   6500   1905      0      0  15752    175      0      -      -      0   2580      3 
 20260917    13:37:59       0     69     58      -    100      8      0      0      0      0   6500   1905      0      0  15752    175      0      -      -      0  12564    973 
 20260917    13:38:00       0     69     58      -     78     10      0      0      0      0   6500   1905      0      0  15752    175      0      -      -      0  12563    975 
 20260917    13:38:01       0     67     58      -     50      8      0      0      0      0   6500   1905      0      0  15752    175      0      -      -      0  12559    978 
 20260917    13:38:02       0     73     58      -     67      9      0      0      0      0   6500   1905      0      0  15752    175      0      -      -      0  12738   1075 
 20260917    13:38:03       0     71     58      -     65      9      0      0      0      0   6500   1905      0      0  15752    175      0      -      -      0  12568    979 
 20260917    13:38:04       0     64     58      -    100      8      0      0      0      0   6500   1905      0      0  15752    175      0      -      -      0   3880      0 
 20260917    13:38:05       0     64     58      -    100      8      0      0      0      0   6500   1905      0      0  15752    175      0      -      -      0   9351      0 
 20260917    13:38:06       0     64     58      -    100      8      0      0      0      0   6500   1905      0      0  15752    175      0      -      -      0   7919      0 
 20260917    13:38:07       0     69     58      -     54      9      0      0      0      0   6500   1905      0      0  15752    175      0      -      -      0  10169    980 
 20260917    13:38:08       0     64     58      -     44      9      0      0      0      0   6500   1905      0      0  15752    175      0      -      -      0  12561    699 
 20260917    13:38:09       0     72     58      -     52      4      0      0      0      0   6500   1905      0      0  15752    175      0      -      -      0  12796   1310 
 20260917    13:38:10       0     64     58      -    100      8      0      0      0      0   6500   1905      0      0  15752    175      0      -      -      0   2591      0 
 20260917    13:38:12       0     64     58      -    100      8      0      0      0      0   6500   1905      0      0  15752    175      0      -      -      0   3933      0 
 20260917    13:38:13       0     69     58      -    100      7      0      0      0      0   6500   1905      0      0  15752    175      0      -      -      0  12585    977 
 20260917    13:38:14       0     63     58      -     66     13      0      0      0      0   6500   1905      0      0  15752    175      0      -      -      0  12524    976 
 20260917    13:38:15       0     63     58      -     90     10      0      0      0      0   6500   1905      0      0  15752    175      0      -      -      0  12561    976 
#Date        Time         gpu    pwr  gtemp  mtemp     sm    mem    enc    dec    jpg    ofa   mclk   pclk  pviol  tviol     fb   bar1   ccpm  sbecc  dbecc    pci  rxpci  txpci 
#YYYYMMDD    HH:MM:SS     Idx      W      C      C      %      %      %      %      %      %    MHz    MHz      %   bool     MB     MB     MB   errs   errs   errs   MB/s   MB/s 
 20260917    13:38:16       0     63     58      -     84      5      0      0      0      0   6500   1905      0      0  15752    175      0      -      -      0  12516    972 
 20260917    13:38:17       0     62     59      -    100      8      0      0      0      0   6500   1905      0      0  15752    175      0      -      -      0  12560    972 
 20260917    13:38:18       0     60     59      -     38      3      0      0      0      0   6500   1905      0      0  15752    175      0      -      -      0  12909   1498 
 20260917    13:38:19       0     69     58      -    100      8      0      0      0      0   6500   1905      0      0  15752    175      0      -      -      0  12562    976 
 20260917    13:38:20       0     69     58      -    100      5      0      0      0      0   6500   1905      0      0  15752    175      0      -      -      0  12569    976 
 20260917    13:38:21       0     72     58      -      1      1      0      0      0      0   6500   1905      0      0  15752    175      0      -      -      0  12666   1262 
 20260917    13:38:22       0     62     58      -     88      5      0      0      0      0   6500   1905      0      0  15752    175      0      -      -      0   1363      0 
 20260917    13:38:23       0     63     58      -    100      8      0      0      0      0   6500   1905      0      0  15752    175      0      -      -      0  12522    544 
 20260917    13:38:24       0     69     59      -    100      7      0      0      0      0   6500   1905      0      0  15752    175      0      -      -      0  12562    975 
 20260917    13:38:25       0     63     58      -     68      9      0      0      0      0   6500   1905      0      0  15752    175      0      -      -      0  12487    974 
 20260917    13:38:26       0     63     59      -    100     10      0      0      0      0   6500   1905      0      0  15752    175      0      -      -      0  12527    975 
 20260917    13:38:27       0     61     59      -     70      5      0      0      0      0   6500   1905      0      0  15752    175      0      -      -      0  12598    992 
 20260917    13:38:28       0     60     58      -     91      5      0      0      0      0   6500   1905      0      0  15752    175      0      -      -      0   1950   1108 
 20260917    13:38:29       0     63     58      -    100      8      0      0      0      0   6500   1905      0      0  15752    175      0      -      -      0   3388      0 
 20260917    13:38:31       0     70     59      -    100      8      0      0      0      0   6500   1905      0      0  15752    175      0      -      -      0  12561    972 
 20260917    13:38:32       0     64     59      -     88     10      0      0      0      0   6500   1905      0      0  15752    175      0      -      -      0  12562    971 
 20260917    13:38:33       0     68     59      -     39      8      0      0      0      0   6500   1905      0      0  15752    175      0      -      -      0  12716   1324 
 20260917    13:38:34       0     63     59      -    100      8      0      0      0      0   6500   1905      0      0  15752    175      0      -      -      0  12698   1100 
 20260917    13:38:35       0     61     58      -     66      4      0      0      0      0   6500   1905      0      0  15752    175      0      -      -      0  12684   1198 
 20260917    13:38:36       0     63     59      -    100      8      0      0      0      0   6500   1905      0      0  15752    175      0      -      -      0  12628    985 
 20260917    13:38:37       0     63     59      -    100      8      0      0      0      0   6500   1905      0      0  15752    175      0      -      -      0  12561    976 
 20260917    13:38:38       0     69     59      -     56      8      0      0      0      0   6500   1905      0      0  15752    175      0      -      -      0  12566    975 
 20260917    13:38:39       0     72     59      -     26      8      0      0      0      0   6500   1905      0      0  15752    175      0      -      -      0  12561    975 
 20260917    13:38:40       0     61     59      -     59      4      0      0      0      0   6500   1905      0      0  15752    175      0      -      -      0  12569    975 
 20260917    13:38:41       0     64     59      -     91      5      0      0      0      0   6500   1905      0      0  15752    175      0      -      -      0  12914   1498 
 20260917    13:38:42       0     69     59      -     85     10      0      0      0      0   6500   1905      0      0  15752    175      0      -      -      0  12574    974 
 20260917    13:38:43       0     69     59      -    100      8      0      0      0      0   6500   1905      0      0  15752    175      0      -      -      0  12585    971 
 20260917    13:38:44       0     67     59      -     94     12      0      0      0      0   6500   1905      0      0  15752    175      0      -      -      0  12622    977 
 20260917    13:38:45       0     71     59      -     82      5      0      0      0      0   6500   1905      0      0  15752    175      0      -      -      0  12608    976 
 20260917    13:38:46       0     62     59      -    100      8      0      0      0      0   6500   1905      0      0  15752    175      0      -      -      0  12813   1052 
 20260917    13:38:47       0     63     59      -    100      8      0      0      0      0   6500   1905      0      0  15752    175      0      -      -      0  12567    468 
 20260917    13:38:48       0     63     59      -    100      8      0      0      0      0   6500   1905      0      0  15752    175      0      -      -      0  12564     88 
 20260917    13:38:49       0     63     59      -    100      7      0      0      0      0   6500   1905      0      0  15752    175      0      -      -      0  12522    970 
 20260917    13:38:51       0     71     59      -     83      5      0      0      0      0   6500   1905      0      0  15752    175      0      -      -      0  12578    973 
 20260917    13:38:52       0     72     59      -     24      8      0      0      0      0   6500   1905      0      0  15752    175      0      -      -      0  12569    972 
 20260917    13:38:53       0     61     59      -     57      4      0      0      0      0   6500   1905      0      0  15752    175      0      -      -      0  12874   1498 
 20260917    13:38:54       0     63     59      -    100      7      0      0      0      0   6500   1905      0      0  15752    175      0      -      -      0  12559    974 
 20260917    13:38:55       0     69     59      -    100      8      0      0      0      0   6500   1905      0      0  15752    175      0      -      -      0  12520    972 
 20260917    13:38:56       0     63     59      -    100      7      0      0      0      0   6500   1905      0      0  15752    175      0      -      -      0  12500    970 
 20260917    13:38:57       0     63     59      -     63     12      0      0      0      0   6500   1905      0      0  15752    175      0      -      -      0  12500    970 
 20260917    13:38:58       0     62     59      -     66      9      0      0      0      0   6500   1905      0      0  15752    175      0      -      -      0  10097    970 
 20260917    13:38:59       0     61     59      -     65      4      0      0      0      0   6500   1905      0      0  15752    175      0      -      -      0   2093    935 
 20260917    13:39:00       0     63     59      -     93      5      0      0      0      0   6500   1905      0      0  15752    175      0      -      -      0   2279     74 
 20260917    13:39:01       0     62     59      -    100      8      0      0      0      0   6500   1905      0      0  15752    175      0      -      -      0   4156      0 
#Date        Time         gpu    pwr  gtemp  mtemp     sm    mem    enc    dec    jpg    ofa   mclk   pclk  pviol  tviol     fb   bar1   ccpm  sbecc  dbecc    pci  rxpci  txpci 
#YYYYMMDD    HH:MM:SS     Idx      W      C      C      %      %      %      %      %      %    MHz    MHz      %   bool     MB     MB     MB   errs   errs   errs   MB/s   MB/s 
 20260917    13:39:02       0     63     59      -     48      9      0      0      0      0   6500   1905      0      0  15752    175      0      -      -      0  12516    971 
 20260917    13:39:03       0     63     59      -    100      8      0      0      0      0   6500   1905      0      0  15752    175      0      -      -      0  12570    982 
 20260917    13:39:04       0     61     59      -     64      8      0      0      0      0   6500   1905      0      0  15752    175      0      -      -      0  12650    977 
 20260917    13:39:05       0     70     59      -    100      8      0      0      0      0   6500   1905      0      0  15752    175      0      -      -      0  12611   1251 
 20260917    13:39:06       0     63     59      -    100      8      0      0      0      0   6500   1905      0      0  15752    175      0      -      -      0  12586   1078 
 20260917    13:39:07       0     64     59      -    100      8      0      0      0      0   6500   1905      0      0  15752    175      0      -      -      0  12568    204 
 20260917    13:39:08       0     69     59      -    100      8      0      0      0      0   6500   1905      0      0  15752    175      0      -      -      0  12557    974 
 20260917    13:39:10       0     64     59      -    100      8      0      0      0      0   6500   1905      0      0  15752    175      0      -      -      0  12580    974 
 20260917    13:39:11       0     73     59      -     56      4      0      0      0      0   6500   1905      0      0  15752    175      0      -      -      0  12585    976 
 20260917    13:39:12       0     73     59      -     23      8      0      0      0      0   6500   1905      0      0  15752    175      0      -      -      0  12564    972 
 20260917    13:39:13       0     61     59      -     53      4      0      0      0      0   6500   1905      0      0  15752    175      0      -      -      0  12925   1492 
 20260917    13:39:14       0     64     59      -    100      8      0      0      0      0   6500   1905      0      0  15752    175      0      -      -      0  12518    972 
 20260917    13:39:15       0     69     59      -     97     11      0      0      0      0   6500   1905      0      0  15752    175      0      -      -      0  12566    975 
 20260917    13:39:16       0     63     59      -    100      7      0      0      0      0   6500   1905      0      0  15752    175      0      -      -      0  10113    977 
 20260917    13:39:17       0     72     59      -     36      8      0      0      0      0   6500   1905      0      0  15752    175      0      -      -      0  12591    976 
 20260917    13:39:18       0     73     59      -     70      4      0      0      0      0   6500   1905      0      0  15752    175      0      -      -      0  12561    973 
 20260917    13:39:19       0     63     59      -    100      8      0      0      0      0   6500   1905      0      0  15752    175      0      -      -      0   4149      0 
 20260917    13:39:20       0     64     59      -    100      8      0      0      0      0   6500   1905      0      0  15752    175      0      -      -      0   4072      0 
 20260917    13:39:21       0     64     59      -    100      8      0      0      0      0   6500   1905      0      0  15752    175      0      -      -      0   3827      0 
 20260917    13:39:22       0     64     59      -     51      9      0      0      0      0   6500   1905      0      0  15752    175      0      -      -      0  12562    975 
 20260917    13:39:23       0     63     59      -    100      9      0      0      0      0   6500   1905      0      0  15752    175      0      -      -      0  11327    971 
 20260917    13:39:24       0     62     59      -     69      9      0      0      0      0   6500   1905      0      0  15752    175      0      -      -      0  12614    971 
 20260917    13:39:25       0     63     59      -     96      5      0      0      0      0   6500   1905      0      0  15752    175      0      -      -      0  12612   1228 
 20260917    13:39:26       0     92     61      -    100     28      0      0      0      0   6500   1905      2      0  15752    175      0      -      -      0      0      0 
 20260917    13:39:27       0    119     62      -    100      0      0      0      0      0   6500   1905      3      0  15752    175      0      -      -      0      0      0 
 20260917    13:39:29       0    110     61      -    100     31      0      0      0      0   6500   1890      6      0  15752    175      0      -      -      0  12943   1243 
 20260917    13:39:30       0    118     62      -    100      3      0      0      0      0   6500   1905      3      0  15752    175      0      -      -      0      0      0 
 20260917    13:39:31       0    177     65      -    100      8      0      0      0      0   6500   1605      4      0  15752    175      0      -      -      0   9599   1501 
 20260917    13:39:32       0    107     63      -    100     32      0      0      0      0   6500   1905      5      0  15752    175      0      -      -      0      0      0 
 20260917    13:39:33       0    125     63      -    100      4      0      0      0      0   6500   1905      2      0  15752    175      0      -      -      0      0      0 
 20260917    13:39:34       0     81     63      -    100     27      0      0      0      0   6500   1905      6      0  15752    175      0      -      -      0      0      0 
 20260917    13:39:35       0    121     64      -    100      1      0      0      0      0   6500   1905      4      0  15752    175      0      -      -      0      0      0 
 20260917    13:39:36       0    175     63      -    100      4      0      0      0      0   6500   1890      8      0  15752    175      0      -      -      0  12945   1214 
 20260917    13:39:37       0    121     64      -    100      1      0      0      0      0   6500   1905      2      0  15752    175      0      -      -      0      0      0 
 20260917    13:39:38       0    123     68      -    100      4      0      0      0      0   6500   1590     12      0  15752    175      0      -      -      0   1111   1502 
 20260917    13:39:39       0    117     65      -    100     34      0      0      0      0   6500   1890      6      0  15752    175      0      -      -      0      0      0 
 20260917    13:39:40       0    127     65      -    100      9      0      0      0      0   6500   1890      4      0  15752    175      0      -      -      0   2086      2 
 20260917    13:39:41       0    185     65      -    100     30      0      0      0      0   6500   1830      8      0  15752    175      0      -      -      0  12946   1498 
 20260917    13:39:42       0    128     66      -    100      9      0      0      0      0   6500   1890      4      0  15752    175      0      -      -      0   4176      4 
 20260917    13:39:43       0    125     66      -    100      0      0      0      0      0   6500   1890      4      0  15752    175      0      -      -      0     16      9 
 20260917    13:39:44       0    119     66      -    100     29      0      0      0      0   6500   1890      8      0  15752    175      0      -      -      0      3      0 
 20260917    13:39:45       0    128     67      -    100      4      0      0      0      0   6500   1890      3      0  15752    175      0      -      -      0     30     10 
 20260917    13:39:46       0    107     66      -    100     30      0      0      0      0   6500   1875      8      0  15752    175      0      -      -      0      0      0 
 20260917    13:39:48       0    129     67      -    100      8      0      0      0      0   6500   1890      4      0  15752    175      0      -      -      0   1806      1 
#Date        Time         gpu    pwr  gtemp  mtemp     sm    mem    enc    dec    jpg    ofa   mclk   pclk  pviol  tviol     fb   bar1   ccpm  sbecc  dbecc    pci  rxpci  txpci 
#YYYYMMDD    HH:MM:SS     Idx      W      C      C      %      %      %      %      %      %    MHz    MHz      %   bool     MB     MB     MB   errs   errs   errs   MB/s   MB/s 
 20260917    13:39:49       0    213     67      -    100      1      0      0      0      0   6500   1635      7      0  15752    175      0      -      -      0  12885   1494 
 20260917    13:39:50       0    128     67      -    100      8      0      0      0      0   6500   1890      3      0  15752    175      0      -      -      0   4147      5 
 20260917    13:39:51       0    125     67      -    100      2      0      0      0      0   6500   1890      4      0  15752    175      0      -      -      0      4      6 
 20260917    13:39:52       0    118     67      -    100     32      0      0      0      0   6500   1890      8      0  15752    175      0      -      -      0   4060      2 
 20260917    13:39:53       0    124     67      -    100      0      0      0      0      0   6500   1890      4      0  15752    175      0      -      -      0      2      1 
 20260917    13:39:54       0    238     68      -    100      0      0      0      0      0   6500   1875      8      0  15752    175      0      -      -      0   4173      3 
 20260917    13:39:55       0    122     68      -    100      0      0      0      0      0   6500   1890      4      0  15752    175      0      -      -      0      0      0 
 20260917    13:39:56       0    126     71      -    100      2      0      0      0      0   6500   1560      5      0  15752    175      0      -      -      0   3638   1500 
 20260917    13:39:57       0    128     68      -    100     11      0      0      0      0   6500   1890      6      0  15752    175      0      -      -      0   3963      3 
 20260917    13:39:58       0    125     68      -    100      1      0      0      0      0   6500   1890      4      0  15752    175      0      -      -      0      2      1 
 20260917    13:39:59       0    121     68      -    100     26      0      0      0      0   6500   1890      7      0  15752    175      0      -      -      0   4161      3 
 20260917    13:40:00       0    126     69      -    100      2      0      0      0      0   6500   1890      4      0  15752    175      0      -      -      0      0      0 
 20260917    13:40:01       0    207     69      -    100      0      0      0      0      0   6500   1830      8      0  15752    175      0      -      -      0   1416      0 
 20260917    13:40:02       0    123     69      -    100      5      0      0      0      0   6500   1890      4      0  15752    175      0      -      -      0      2      0 
 20260917    13:40:03       0    126     69      -    100      0      0      0      0      0   6500   1890      4      0  15752    175      0      -      -      0     26     12 
 20260917    13:40:04       0    119     69      -    100      7      0      0      0      0   6500   1890     16      0  15752    175      0      -      -      0      0      4 
 20260917    13:40:05       0    122     69      -    100      1      0      0      0      0   6500   1875      0      0  15752    175      0      -      -      0      4      0 
 20260917    13:40:06       0     76     68      -    100     25      0      0      0      0   6500   1860      8      0  15752    175      0      -      -      0      4      0 
 20260917    13:40:08       0    121     69      -    100      1      0      0      0      0   6500   1875      3      0  15752    175      0      -      -      0      2      0 
 20260917    13:40:09       0    164     72      -    100      1      0      0      0      0   6500   1590      7      0  15752    175      0      -      -      0   1562      0 
 20260917    13:40:10       0    122     70      -    100      5      0      0      0      0   6500   1875      4      0  15752    175      0      -      -      0      1      1 
 20260917    13:40:11       0    124     70      -    100      1      0      0      0      0   6500   1875      3      0  15752    175      0      -      -      0      0      3 
 20260917    13:40:12       0     59     69      -    100     10      0      0      0      0   6500   1875      8      0  15752    175      0      -      -      0      0      0 
 20260917    13:40:13       0    121     70      -    100      0      0      0      0      0   6500   1875      4      0  15752    175      0      -      -      0      0      0 
 20260917    13:40:14       0    202     69      -    100      9      0      0      0      0   6500   1830      8      0  15752    175      0      -      -      0  12981   1503 
 20260917    13:40:15       0    121     70      -    100     31      0      0      0      0   6500   1875      3      0  15752    175      0      -      -      0      1      0 
 20260917    13:40:16       0    129     70      -    100      8      0      0      0      0   6500   1875      6      0  15752    175      0      -      -      0     16      8 
 20260917    13:40:17       0    130     70      -    100     25      0      0      0      0   6500   1860      8      0  15752    175      0      -      -      0   1573      0 
 20260917    13:40:18       0    130     70      -    100      8      0      0      0      0   6500   1875      6      0  15752    175      0      -      -      0   3266      1 
 20260917    13:40:19       0    150     73      -    100      0      0      0      0      0   6500   1560      8      0  15752    175      0      -      -      0  12932   1499 
 20260917    13:40:20       0    124     71      -    100      3      0      0      0      0   6500   1875      6      0  15752    175      0      -      -      0      8      0 
 20260917    13:40:21       0    137     73      -    100      4      0      0      0      0   6500   1545      5      0  15752    175      0      -      -      0   7938   1501 
 20260917    13:40:22       0    117     71      -    100     32      0      0      0      0   6500   1875      7      0  15752    175      0      -      -      0      0      0 
 20260917    13:40:23       0    131     71      -    100      8      0      0      0      0   6500   1875      4      0  15752    175      0      -      -      0    266     60 
 20260917    13:40:24       0    182     71      -    100     30      0      0      0      0   6500   1770      8      0  15752    175      0      -      -      0  12868   1497 
 20260917    13:40:25       0     65     69      -     43      4      0      0      0      0   6500   1875      4      0  15752    175      0      -      -      0   4152      1 
 20260917    13:40:27       0     74     69      -    100      8      0      0      0      0   6500   1875      0      0  15752    175      0      -      -      0  12566    974 
 20260917    13:40:28       0     76     69      -     56      4      0      0      0      0   6500   1875      0      0  15752    175      0      -      -      0  12558    980 
 20260917    13:40:29       0     79     68      -     63      9      0      0      0      0   6500   1875      0      0  15752    175      0      -      -      0  12569    972 
 20260917    13:40:30       0     78     68      -     35      8      0      0      0      0   6500   1875      0      0  15752    175      0      -      -      0  12936   1426 
 20260917    13:40:31       0     67     68      -    100      8      0      0      0      0   6500   1875      0      0  15752    175      0      -      -      0   3444      0 
 20260917    13:40:32       0     67     68      -    100      8      0      0      0      0   6500   1875      0      0  15752    175      0      -      -      0   3454      0 
 20260917    13:40:33       0     67     67      -    100      8      0      0      0      0   6500   1890      0      0  15752    175      0      -      -      0  12565    982 
 20260917    13:40:34       0     67     67      -     66      9      0      0      0      0   6500   1890      0      0  15752    175      0      -      -      0   9768    977 
#Date        Time         gpu    pwr  gtemp  mtemp     sm    mem    enc    dec    jpg    ofa   mclk   pclk  pviol  tviol     fb   bar1   ccpm  sbecc  dbecc    pci  rxpci  txpci 
#YYYYMMDD    HH:MM:SS     Idx      W      C      C      %      %      %      %      %      %    MHz    MHz      %   bool     MB     MB     MB   errs   errs   errs   MB/s   MB/s 
 20260917    13:40:35       0     79     67      -     66      9      0      0      0      0   6500   1890      0      0  15752    175      0      -      -      0  12560    863 
 20260917    13:40:36       0     66     67      -    100      8      0      0      0      0   6500   1890      0      0  15752    175      0      -      -      0   2467    203 
 20260917    13:40:37       0     68     67      -     81      5      0      0      0      0   6500   1890      0      0  15752    175      0      -      -      0   2413      2 
 20260917    13:40:38       0     67     66      -     97      5      0      0      0      0   6500   1890      0      0  15752    175      0      -      -      0   4087      0 
 20260917    13:40:39       0     67     67      -     64     10      0      0      0      0   6500   1890      0      0  15752    175      0      -      -      0  12517    971 
 20260917    13:40:40       0     67     66      -     27      8      0      0      0      0   6500   1890      0      0  15752    175      0      -      -      0  12560    651 
 20260917    13:40:41       0     77     66      -     73      8      0      0      0      0   6500   1890      0      0  15752    175      0      -      -      0  12522   1002 
 20260917    13:40:42       0     66     66      -     94      5      0      0      0      0   6500   1890      0      0  15752    175      0      -      -      0  12675    994 
 20260917    13:40:43       0     67     66      -    100      8      0      0      0      0   6500   1890      0      0  15752    175      0      -      -      0   1932    979 
 20260917    13:40:44       0     73     66      -    100      7      0      0      0      0   6500   1890      0      0  15752    175      0      -      -      0  12594    975 
 20260917    13:40:46       0     67     65      -    100      8      0      0      0      0   6500   1890      0      0  15752    175      0      -      -      0  12562    980 
 20260917    13:40:47       0     73     65      -    100      7      0      0      0      0   6500   1890      0      0  15752    175      0      -      -      0  12525    972 
 20260917    13:40:48       0     64     65      -     70      5      0      0      0      0   6500   1890      0      0  15752    175      0      -      -      0  12548    977 
 20260917    13:40:49       0     67     65      -    100      6      0      0      0      0   6500   1890      0      0  15752    175      0      -      -      0  12565    975 
 20260917    13:40:50       0     65     65      -     34      3      0      0      0      0   6500   1890      0      0  15752    175      0      -      -      0  12911   1498 
 20260917    13:40:51       0     70     65      -    100      8      0      0      0      0   6500   1890      0      0  15752    175      0      -      -      0  12521    975 
 20260917    13:40:52       0     73     64      -    100      8      0      0      0      0   6500   1890      0      0  15752    175      0      -      -      0  12561    975 
 20260917    13:40:53       0     65     64      -     84     12      0      0      0      0   6500   1890      0      0  15752    175      0      -      -      0  10548    902 
 20260917    13:40:54       0     84     64      -     75     13      0      0      0      0   6500   1890      0      0  15752    175      0      -      -      0  12694    674 
 20260917    13:40:55       0     75     64      -     42      3      0      0      0      0   6500   1890      0      0  15752    175      0      -      -      0  12577    978 
 20260917    13:40:56       0     66     64      -    100      8      0      0      0      0   6500   1890      0      0  15752    175      0      -      -      0   4131      0 
 20260917    13:40:57       0     66     64      -    100      8      0      0      0      0   6500   1890      0      0  15752    175      0      -      -      0   7148      0 
 20260917    13:40:58       0     66     64      -    100      8      0      0      0      0   6500   1890      0      0  15752    175      0      -      -      0   4132      0 
 20260917    13:40:59       0     66     63      -     67     10      0      0      0      0   6500   1890      0      0  15752    175      0      -      -      0   9763    971 
 20260917    13:41:00       0     66     63      -     25      8      0      0      0      0   6500   1890      0      0  15752    175      0      -      -      0  12509    922 
 20260917    13:41:01       0     76     63      -     51      4      0      0      0      0   6500   1890      0      0  15752    175      0      -      -      0  12939   1184 
 20260917    13:41:02       0     66     63      -    100      8      0      0      0      0   6500   1890      0      0  15752    175      0      -      -      0   2180      0 
 20260917    13:41:03       0     65     63      -    100      8      0      0      0      0   6500   1890      0      0  15752    175      0      -      -      0   8001      0 
 20260917    13:41:05       0     71     63      -    100      7      0      0      0      0   6500   1890      0      0  15752    175      0      -      -      0  12532    972 
 20260917    13:41:06       0     65     63      -     68      6      0      0      0      0   6500   1890      0      0  15752    175      0      -      -      0   9714    971 
 20260917    13:41:07       0     65     63      -     75      9      0      0      0      0   6500   1890      0      0  15752    175      0      -      -      0  12540    975 
 20260917    13:41:08       0     64     63      -     95      6      0      0      0      0   6500   1890      0      0  15752    175      0      -      -      0  12566    993 
 20260917    13:41:09       0     64     62      -    100      8      0      0      0      0   6500   1905      0      0  15752    175      0      -      -      0   2219    570 
 20260917    13:41:10       0     66     62      -     75      5      0      0      0      0   6500   1905      0      0  15752    175      0      -      -      0   3450      0 
 20260917    13:41:11       0     72     62      -    100      6      0      0      0      0   6500   1905      0      0  15752    175      0      -      -      0  12534    974 
 20260917    13:41:12       0     66     62      -     48      9      0      0      0      0   6500   1905      0      0  15752    175      0      -      -      0  12594    976 
 20260917    13:41:13       0     64     62      -     25      3      0      0      0      0   6500   1905      0      0  15752    175      0      -      -      0  12688   1015 
 20260917    13:41:14       0     70     62      -     74      4      0      0      0      0   6500   1905      0      0  15752    175      0      -      -      0  12617    982 
 20260917    13:41:15       0     65     63      -    100      6      0      0      0      0   6500   1905      0      0  15752    175      0      -      -      0  12599   1034 
 20260917    13:41:16       0     66     62      -    100      8      0      0      0      0   6500   1905      0      0  15752    175      0      -      -      0  12511    195 
 20260917    13:41:17       0     72     62      -    100      8      0      0      0      0   6500   1905      0      0  15752    175      0      -      -      0  12562    998 
 20260917    13:41:18       0     68     62      -    100      8      0      0      0      0   6500   1905      0      0  15752    175      0      -      -      0  12507    970 
 20260917    13:41:19       0     75     62      -     21      3      0      0      0      0   6500   1905      0      0  15752    175      0      -      -      0  12508    970 
 20260917    13:41:20       0     76     61      -     77      5      0      0      0      0   6500   1905      0      0  15752    175      0      -      -      0  12501    970 
#Date        Time         gpu    pwr  gtemp  mtemp     sm    mem    enc    dec    jpg    ofa   mclk   pclk  pviol  tviol     fb   bar1   ccpm  sbecc  dbecc    pci  rxpci  txpci 
#YYYYMMDD    HH:MM:SS     Idx      W      C      C      %      %      %      %      %      %    MHz    MHz      %   bool     MB     MB     MB   errs   errs   errs   MB/s   MB/s 
 20260917    13:41:21       0     75     61      -     41      9      0      0      0      0   6500   1905      0      0  15752    175      0      -      -      0  12910   1499 
 20260917    13:41:23       0     65     61      -    100      8      0      0      0      0   6500   1905      0      0  15752    175      0      -      -      0  12556     59 
 20260917    13:41:24       0     65     61      -    100      8      0      0      0      0   6500   1905      0      0  15752    175      0      -      -      0  12560    977 
 20260917    13:41:25       0     65     61      -     74      9      0      0      0      0   6500   1905      0      0  15752    175      0      -      -      0   9754   1030 
 20260917    13:41:26       0     65     61      -     67      9      0      0      0      0   6500   1905      0      0  15752    175      0      -      -      0  12523    651 
 20260917    13:41:27       0     71     61      -     66      9      0      0      0      0   6500   1905      0      0  15752    175      0      -      -      0  12208    700 
 20260917    13:41:28       0     63     61      -    100      8      0      0      0      0   6500   1905      0      0  15752    175      0      -      -      0   2039    915 
 20260917    13:41:29       0     65     61      -    100      8      0      0      0      0   6500   1905      0      0  15752    175      0      -      -      0   2668      1 
 20260917    13:41:30       0     64     61      -     95      5      0      0      0      0   6500   1905      0      0  15752    175      0      -      -      0   3279      0 
 20260917    13:41:31       0     65     61      -     76     10      0      0      0      0   6500   1905      0      0  15752    175      0      -      -      0  12559    981 
 20260917    13:41:32       0     65     61      -     42      9      0      0      0      0   6500   1905      0      0  15752    175      0      -      -      0  12515    971 
 20260917    13:41:33       0     63     61      -    100      7      0      0      0      0   6500   1905      0      0  15752    175      0      -      -      0  12595   1028 
 20260917    13:41:34       0     75     61      -     71      4      0      0      0      0   6500   1905      0      0  15752    175      0      -      -      0  12813   1044 
 20260917    13:41:35       0     65     61      -    100      8      0      0      0      0   6500   1905      0      0  15752    175      0      -      -      0  12692   1162 
 20260917    13:41:36       0     65     60      -    100      8      0      0      0      0   6500   1905      0      0  15752    175      0      -      -      0  12568    974 
 20260917    13:41:37       0     71     60      -    100      8      0      0      0      0   6500   1905      0      0  15752    175      0      -      -      0  12553    971 
 20260917    13:41:38       0     71     60      -    100      7      0      0      0      0   6500   1905      0      0  15752    175      0      -      -      0  12564    976 
 20260917    13:41:39       0     62     60      -     69      4      0      0      0      0   6500   1905      0      0  15752    175      0      -      -      0  12594    975 
 20260917    13:41:40       0     62     61      -     94      5      0      0      0      0   6500   1905      0      0  15752    175      0      -      -      0  12615    975 
 20260917    13:41:41       0     63     60      -     47      3      0      0      0      0   6500   1905      0      0  15752    175      0      -      -      0  10829   1497 
 20260917    13:41:43       0     65     60      -    100      8      0      0      0      0   6500   1905      0      0  15752    175      0      -      -      0  12563    975 
 20260917    13:41:44       0     71     60      -    100      6      0      0      0      0   6500   1905      0      0  15752    175      0      -      -      0  12529    971 
 20260917    13:41:45       0     63     60      -     74      9      0      0      0      0   6500   1905      0      0  15752    175      0      -      -      0  10694    884 
 20260917    13:41:46       0     74     60      -     61      9      0      0      0      0   6500   1905      0      0  15752    175      0      -      -      0  12838    982 
 20260917    13:41:47       0     75     60      -     67      9      0      0      0      0   6500   1905      0      0  15752    175      0      -      -      0  12558   1263 
 20260917    13:41:48       0     65     60      -    100      8      0      0      0      0   6500   1905      0      0  15752    175      0      -      -      0   2723      0 
 20260917    13:41:49       0     65     60      -    100      8      0      0      0      0   6500   1905      0      0  15752    175      0      -      -      0   4035      0 
 20260917    13:41:50       0     65     60      -    100      8      0      0      0      0   6500   1905      0      0  15752    175      0      -      -      0   6516      0 
 20260917    13:41:51       0     64     60      -     75     10      0      0      0      0   6500   1905      0      0  15752    175      0      -      -      0  12560    975 
 20260917    13:41:52       0     64     60      -     35      9      0      0      0      0   6500   1905      0      0  15752    175      0      -      -      0   9758    975 
 20260917    13:41:53       0     75     60      -     37      3      0      0      0      0   6500   1905      0      0  15752    175      0      -      -      0  12652   1173 
 20260917    13:41:54       0     63     60      -     96      5      0      0      0      0   6500   1905      0      0  15752    175      0      -      -      0   6050   1087 
 20260917    13:41:55       0     65     60      -    100      8      0      0      0      0   6500   1905      0      0  15752    175      0      -      -      0   1757   1167 
 20260917    13:41:56       0     71     60      -    100      7      0      0      0      0   6500   1905      0      0  15752    175      0      -      -      0  12504    970 
 20260917    13:41:57       0     71     60      -    100      8      0      0      0      0   6500   1905      0      0  15752    175      0      -      -      0  12521    971 
 20260917    13:41:58       0     70     60      -    100      8      0      0      0      0   6500   1905      0      0  15752    175      0      -      -      0  12524    971 
 20260917    13:41:59       0     61     60      -     63      5      0      0      0      0   6500   1905      0      0  15752    175      0      -      -      0  12502    973 
 20260917    13:42:01       0     74     60      -    100      6      0      0      0      0   6500   1905      0      0  15752    175      0      -      -      0  12507    971 
 20260917    13:42:02       0     63     60      -     33      3      0      0      0      0   6500   1905      0      0  15752    175      0      -      -      0  12920   1494 
 20260917    13:42:03       0     71     60      -    100      8      0      0      0      0   6500   1905      0      0  15752    175      0      -      -      0  12571    974 
 20260917    13:42:04       0     64     60      -     79     10      0      0      0      0   6500   1905      0      0  15752    175      0      -      -      0  12556    978 
 20260917    13:42:05       0     69     59      -     45      8      0      0      0      0   6500   1905      0      0  15752    175      0      -      -      0  12520    972 
 20260917    13:42:06       0     75     60      -     64     13      0      0      0      0   6500   1905      0      0  15752    175      0      -      -      0  12553   1001 
 20260917    13:42:07       0    130     62      -    100     46      0      0      0      0   6500   1890      8      0  15752    175      0      -      -      0  12862     41 
#Date        Time         gpu    pwr  gtemp  mtemp     sm    mem    enc    dec    jpg    ofa   mclk   pclk  pviol  tviol     fb   bar1   ccpm  sbecc  dbecc    pci  rxpci  txpci 
#YYYYMMDD    HH:MM:SS     Idx      W      C      C      %      %      %      %      %      %    MHz    MHz      %   bool     MB     MB     MB   errs   errs   errs   MB/s   MB/s 
 20260917    13:42:08       0    119     62      -     84      5      0      0      0      0   6500   1905      6      0  15752    175      0      -      -      0      0      0 
 20260917    13:42:09       0     63     61      -    100     44      0      0      0      0   6500   1905     12      0  15752    175      0      -      -      0  10190      2 
 20260917    13:42:10       0    119     65      -    100     29      0      0      0      0   6500   1530      9      0  15752    175      0      -      -      0     26      5 
 20260917    13:42:11       0    112     63      -    100     45      0      0      0      0   6500   1890     10      0  15752    175      0      -      -      0  12118      0 
 20260917    13:42:12       0    120     64      -    100      4      0      0      0      0   6500   1905      8      0  15752    175      0      -      -      0     31      9 
 20260917    13:42:13       0    105     63      -    100     41      0      0      0      0   6500   1905     12      0  15752    175      0      -      -      0      0      0 
 20260917    13:42:14       0    244     64      -    100      5      0      0      0      0   6500   1815      7      0  15752    175      0      -      -      0  12583    976 
 20260917    13:42:15       0    153     64      -    100     26      0      0      0      0   6500   1890      4      0  15752    175      0      -      -      0   4148      2 
 20260917    13:42:16       0    153     67      -    100      2      0      0      0      0   6500   1545      9      0  15752    175      0      -      -      0     26   1058 
 20260917    13:42:17       0     64     64      -    100     18      0      0      0      0   6500   1890     10      0  15752    175      0      -      -      0      0      0 
 20260917    13:42:18       0    165     64      -    100      3      0      0      0      0   6500   1875     12      0  15752    175      0      -      -      0  12563    973 
 20260917    13:42:19       0    108     65      -    100     13      0      0      0      0   6500   1890      8      0  15752    175      0      -      -      0   4148      2 
 20260917    13:42:21       0    223     67      -    100     10      0      0      0      0   6500   1620     12      0  15752    175      0      -      -      0   4177      2 
 20260917    13:42:22       0    137     65      -    100     45      0      0      0      0   6500   1875      8      0  15752    175      0      -      -      0      0      0 
 20260917    13:42:23       0    121     68      -    100      5      0      0      0      0   6500   1785      8      0  15752    175      0      -      -      0     23      8 
 20260917    13:42:24       0    120     68      -    100      3      0      0      0      0   6500   1890     14      0  15752    175      0      -      -      0   4189     11 
 20260917    13:42:25       0    226     66      -    100     34      0      0      0      0   6500   1800     12      0  15752    175      0      -      -      0   4075      2 
 20260917    13:42:26       0    117     66      -    100     47      0      0      0      0   6500   1890      8      0  15752    175      0      -      -      0      0      3 
 20260917    13:42:27       0    188     70      -     96      4      0      0      0      0   6500   1545      8      0  15752    175      0      -      -      0     23    125 
 20260917    13:42:28       0     87     66      -     91      6      0      0      0      0   6500   1890     15      0  15752    175      0      -      -      0      0      0 
 20260917    13:42:29       0    133     66      -    100     42      0      0      0      0   6500   1860     12      0  15752    175      0      -      -      0  12579    976 
 20260917    13:42:30       0    110     67      -    100     45      0      0      0      0   6500   1890      8      0  15752    175      0      -      -      0      0      0 
 20260917    13:42:31       0    211     70      -     92      4      0      0      0      0   6500   1560     11      0  15752    175      0      -      -      0     25    479 
 20260917    13:42:32       0    109     67      -    100     42      0      0      0      0   6500   1890     10      0  15752    175      0      -      -      0      3      0 
 20260917    13:42:33       0    241     67      -    100     49      0      0      0      0   6500   1875     14      0  15752    175      0      -      -      0  12576   1013 
 20260917    13:42:34       0    119     68      -    100     39      0      0      0      0   6500   1890      8      0  15752    175      0      -      -      0   4174      5 
 20260917    13:42:35       0    120     70      -    100      3      0      0      0      0   6500   1605     15      0  15752    175      0      -      -      0   1956      0 
 20260917    13:42:36       0    120     68      -    100     19      0      0      0      0   6500   1875     10      0  15752    175      0      -      -      0      0      0 
 20260917    13:42:37       0    184     67      -    100     45      0      0      0      0   6500   1875     12      0  15752    175      0      -      -      0  12631   1187 
 20260917    13:42:38       0    124     70      -    100     11      0      0      0      0   6500   1890      8      0  15752    175      0      -      -      0   4172      9 
 20260917    13:42:40       0    248     69      -    100     18      0      0      0      0   6500   1800      8      0  15752    175      0      -      -      0   2064      0 
 20260917    13:42:41       0    216     69      -    100      0      0      0      0      0   6500   1770      4      0  15752    175      0      -      -      0  12941   1500 
 20260917    13:42:42       0     65     68      -    100      6      0      0      0      0   6500   1890      4      0  15752    175      0      -      -      0      0      0 
 20260917    13:42:43       0    122     69      -    100     20      0      0      0      0   6500   1890      4      0  15752    175      0      -      -      0   4169      3 
 20260917    13:42:44       0    114     69      -    100     23      0      0      0      0   6500   1890      4      0  15752    175      0      -      -      0      1      1 
 20260917    13:42:45       0    128     69      -    100      5      0      0      0      0   6500   1890      6      0  15752    175      0      -      -      0   4012      7 
 20260917    13:42:46       0    121     69      -    100     11      0      0      0      0   6500   1875      2      0  15752    175      0      -      -      0      6      7 
 20260917    13:42:47       0    121     69      -    100      0      0      0      0      0   6500   1875      6      0  15752    175      0      -      -      0     10     13 
 20260917    13:42:48       0    170     69      -    100     25      0      0      0      0   6500   1845     12      0  15752    175      0      -      -      0  12749   1423 
 20260917    13:42:49       0    208     70      -    100      3      0      0      0      0   6500   1830      6      0  15752    175      0      -      -      0   4174      3 
 20260917    13:42:50       0    171     70      -    100      0      0      0      0      0   6500   1845      6      0  15752    175      0      -      -      0  12906   1489 
 20260917    13:42:51       0     65     70      -    100      5      0      0      0      0   6500   1875      8      0  15752    175      0      -      -      0      1      0 
 20260917    13:42:52       0    119     70      -    100     12      0      0      0      0   6500   1875      8      0  15752    175      0      -      -      0      0      0 
 20260917    13:42:53       0    121     70      -    100      3      0      0      0      0   6500   1875      6      0  15752    175      0      -      -      0      0      0 
#Date        Time         gpu    pwr  gtemp  mtemp     sm    mem    enc    dec    jpg    ofa   mclk   pclk  pviol  tviol     fb   bar1   ccpm  sbecc  dbecc    pci  rxpci  txpci 
#YYYYMMDD    HH:MM:SS     Idx      W      C      C      %      %      %      %      %      %    MHz    MHz      %   bool     MB     MB     MB   errs   errs   errs   MB/s   MB/s 
 20260917    13:42:54       0    127     73      -    100      5      0      0      0      0   6500   1695      4      0  15752    175      0      -      -      0   6891    973 
 20260917    13:42:55       0    121     73      -    100      2      0      0      0      0   6500   1605      6      0  15752    175      0      -      -      0    537      0 
 20260917    13:42:56       0    124     73      -    100      0      0      0      0      0   6500   1575      7      0  15752    175      0      -      -      0  12891   1498 
 20260917    13:42:57       0    150     69      -    100     22      0      0      0      0   6500   1860      5      0  15752    175      0      -      -      0   6778      0 
 20260917    13:42:59       0    103     70      -    100      8      0      0      0      0   6500   1860      6      0  15752    175      0      -      -      0   4167      3 
 20260917    13:43:00       0    117     70      -    100     23      0      0      0      0   6500   1875      4      0  15752    175      0      -      -      0      1      0 
 20260917    13:43:01       0    127     71      -    100      5      0      0      0      0   6500   1875      6      0  15752    175      0      -      -      0   4014      4 
 20260917    13:43:02       0    122     71      -    100      8      0      0      0      0   6500   1875      8      0  15752    175      0      -      -      0      0      0 
 20260917    13:43:03       0    123     71      -    100      3      0      0      0      0   6500   1875      6      0  15752    175      0      -      -      0      0      0 
 20260917    13:43:04       0    156     70      -    100     24      0      0      0      0   6500   1845      6      0  15752    175      0      -      -      0  12739   1498 
 20260917    13:43:05       0    220     71      -    100      9      0      0      0      0   6500   1830      6      0  15752    175      0      -      -      0   4128      3 
 20260917    13:43:06       0    146     71      -    100      1      0      0      0      0   6500   1860      4      0  15752    175      0      -      -      0  12877   1499 
 20260917    13:43:07       0     83     71      -    100      5      0      0      0      0   6500   1875      6      0  15752    175      0      -      -      0      0      1 
 20260917    13:43:08       0    120     71      -    100      7      0      0      0      0   6500   1875      6      0  15752    175      0      -      -      0      0      0 
 20260917    13:43:09       0    122     71      -    100      3      0      0      0      0   6500   1875      4      0  15752    175      0      -      -      0      0      0 
 20260917    13:43:10       0    128     72      -    100      5      0      0      0      0   6500   1875      4      0  15752    175      0      -      -      0   4191      4 
 20260917    13:43:11       0    122     72      -    100      4      0      0      0      0   6500   1875      6      0  15752    175      0      -      -      0     27      6 
 20260917    13:43:12       0    124     72      -    100      0      0      0      0      0   6500   1875      6      0  15752    175      0      -      -      0     35      7 
 20260917    13:43:13       0    106     70      -    100     24      0      0      0      0   6500   1860      6      0  15752    175      0      -      -      0  12927   1405 
 20260917    13:43:14       0    211     71      -    100     15      0      0      0      0   6500   1860      4      0  15752    175      0      -      -      0   4040      3 
 20260917    13:43:15       0    111     71      -    100      1      0      0      0      0   6500   1860      4      0  15752    175      0      -      -      0   7796      0 
 20260917    13:43:16       0    124     71      -    100      5      0      0      0      0   6500   1875      6      0  15752    175      0      -      -      0   4152      4 
 20260917    13:43:18       0    121     71      -    100      4      0      0      0      0   6500   1875      8      0  15752    175      0      -      -      0      1      0 
 20260917    13:43:19       0    123     71      -    100      3      0      0      0      0   6500   1875      8      0  15752    175      0      -      -      0    252     57 
 20260917    13:43:20       0     66     70      -     64      4      0      0      0      0   6500   1875      8      0  15752    175      0      -      -      0   4151      0 
 20260917    13:43:21       0     68     69      -    100      8      0      0      0      0   6500   1875      0      0  15752    175      0      -      -      0   8180      0 
 20260917    13:43:22       0     68     69      -     72     10      0      0      0      0   6500   1875      0      0  15752    175      0      -      -      0  10309    975 
 20260917    13:43:23       0     68     69      -     56      9      0      0      0      0   6500   1875      0      0  15752    175      0      -      -      0  10293    975 
 20260917    13:43:24       0     72     69      -     34      8      0      0      0      0   6500   1875      0      0  15752    175      0      -      -      0  12605   1277 
 20260917    13:43:25       0     67     69      -     67      4      0      0      0      0   6500   1875      0      0  15752    175      0      -      -      0  12661   1256 
 20260917    13:43:26       0     67     68      -    100      6      0      0      0      0   6500   1875      0      0  15752    175      0      -      -      0   2401    758 
 20260917    13:43:27       0     74     68      -    100      8      0      0      0      0   6500   1875      0      0  15752    175      0      -      -      0  12585   1012 
 20260917    13:43:28       0     74     68      -     63      9      0      0      0      0   6500   1875      0      0  15752    175      0      -      -      0  12592    977 
 20260917    13:43:29       0     74     68      -    100      8      0      0      0      0   6500   1875      0      0  15752    175      0      -      -      0  12569    976 
 20260917    13:43:30       0     79     68      -     33      5      0      0      0      0   6500   1890      0      0  15752    175      0      -      -      0  12609    976 
 20260917    13:43:31       0     65     67      -     71      4      0      0      0      0   6500   1890      0      0  15752    175      0      -      -      0  12560    972 
 20260917    13:43:32       0     70     67      -    100      5      0      0      0      0   6500   1890      0      0  15752    175      0      -      -      0  12908   1500 
 20260917    13:43:33       0     74     67      -    100      8      0      0      0      0   6500   1890      0      0  15752    175      0      -      -      0  12592    972 
 20260917    13:43:34       0     74     67      -    100      8      0      0      0      0   6500   1890      0      0  15752    175      0      -      -      0  12519    971 
 20260917    13:43:35       0     72     67      -     95     12      0      0      0      0   6500   1890      0      0  15752    175      0      -      -      0  12560    761 
 20260917    13:43:37       0     67     66      -     74      4      0      0      0      0   6500   1890      0      0  15752    175      0      -      -      0  12594    972 
 20260917    13:43:38       0     78     66      -     68      9      0      0      0      0   6500   1890      0      0  15752    175      0      -      -      0  12756    772 
 20260917    13:43:39       0     66     66      -    100      5      0      0      0      0   6500   1890      0      0  15752    175      0      -      -      0   3491      0 
 20260917    13:43:40       0     67     66      -    100      8      0      0      0      0   6500   1890      0      0  15752    175      0      -      -      0   3098      0 
#Date        Time         gpu    pwr  gtemp  mtemp     sm    mem    enc    dec    jpg    ofa   mclk   pclk  pviol  tviol     fb   bar1   ccpm  sbecc  dbecc    pci  rxpci  txpci 
#YYYYMMDD    HH:MM:SS     Idx      W      C      C      %      %      %      %      %      %    MHz    MHz      %   bool     MB     MB     MB   errs   errs   errs   MB/s   MB/s 
 20260917    13:43:41       0     66     66      -    100      8      0      0      0      0   6500   1890      0      0  15752    175      0      -      -      0   2692      0 
 20260917    13:43:42       0     67     66      -    100      8      0      0      0      0   6500   1890      0      0  15752    175      0      -      -      0  12566    974 
 20260917    13:43:43       0     73     66      -     91     10      0      0      0      0   6500   1890      0      0  15752    175      0      -      -      0  12558    974 
 20260917    13:43:44       0     67     65      -     52      8      0      0      0      0   6500   1890      0      0  15752    175      0      -      -      0  12770   1085 
 20260917    13:43:45       0     76     65      -    100      8      0      0      0      0   6500   1890      0      0  15752    175      0      -      -      0  12528   1086 
 20260917    13:43:46       0     65     65      -     61      8      0      0      0      0   6500   1890      0      0  15752    175      0      -      -      0  12802   1015 
 20260917    13:43:47       0     66     65      -    100      8      0      0      0      0   6500   1890      0      0  15752    175      0      -      -      0  12563    975 
 20260917    13:43:48       0     66     65      -    100      8      0      0      0      0   6500   1890      0      0  15752    175      0      -      -      0  12561   1052 
 20260917    13:43:49       0     66     65      -     85      9      0      0      0      0   6500   1890      0      0  15752    175      0      -      -      0  12565    974 
 20260917    13:43:50       0     77     64      -     51      9      0      0      0      0   6500   1890      0      0  15752    175      0      -      -      0  12563    972 
 20260917    13:43:51       0     72     64      -     58      9      0      0      0      0   6500   1890      0      0  15752    175      0      -      -      0  12592    976 
 20260917    13:43:52       0     76     64      -     43      3      0      0      0      0   6500   1890      0      0  15752    175      0      -      -      0  12922   1494 
 20260917    13:43:53       0     66     64      -    100      8      0      0      0      0   6500   1890      0      0  15752    175      0      -      -      0   3415      0 
 20260917    13:43:54       0     66     64      -    100      8      0      0      0      0   6500   1890      0      0  15752    175      0      -      -      0   3994      0 
 20260917    13:43:55       0     73     64      -    100      7      0      0      0      0   6500   1890      0      0  15752    175      0      -      -      0  12569   1000 
 20260917    13:43:57       0     66     64      -     68      8      0      0      0      0   6500   1890      0      0  15752    175      0      -      -      0  12560    976 
 20260917    13:43:58       0     66     64      -     64      9      0      0      0      0   6500   1890      0      0  15752    175      0      -      -      0  12561    978 
 20260917    13:43:59       0     65     63      -     55      4      0      0      0      0   6500   1890      0      0  15752    175      0      -      -      0  12530    979 
 20260917    13:44:00       0     64     64      -     95      5      0      0      0      0   6500   1890      0      0  15752    175      0      -      -      0  12560    975 
 20260917    13:44:01       0     65     63      -    100      8      0      0      0      0   6500   1890      0      0  15752    175      0      -      -      0   5641   1498 
 20260917    13:44:02       0     72     63      -     67      9      0      0      0      0   6500   1890      0      0  15752    175      0      -      -      0  12520    971 
 20260917    13:44:03       0     66     63      -    100      8      0      0      0      0   6500   1890      0      0  15752    175      0      -      -      0  12560    972 
 20260917    13:44:04       0     70     63      -     70      8      0      0      0      0   6500   1890      0      0  15752    175      0      -      -      0  12601    975 
 20260917    13:44:05       0     64     63      -    100      5      0      0      0      0   6500   1890      0      0  15752    175      0      -      -      0  12562    972 
 20260917    13:44:06       0     75     63      -    100      8      0      0      0      0   6500   1890      0      0  15752    175      0      -      -      0  12541    973 
 20260917    13:44:07       0     66     63      -    100      8      0      0      0      0   6500   1905      0      0  15752    175      0      -      -      0   4150      0 
 20260917    13:44:08       0     66     62      -    100      8      0      0      0      0   6500   1905      0      0  15752    175      0      -      -      0  12557     70 
 20260917    13:44:09       0     72     62      -    100     12      0      0      0      0   6500   1905      0      0  15752    175      0      -      -      0  12585    971 
 20260917    13:44:10       0     78     62      -     69      9      0      0      0      0   6500   1905      0      0  15752    175      0      -      -      0  12520    972 
 20260917    13:44:11       0     66     62      -     54      9      0      0      0      0   6500   1905      0      0  15752    175      0      -      -      0  12575    975 
 20260917    13:44:12       0     76     62      -     31      3      0      0      0      0   6500   1905      0      0  15752    175      0      -      -      0  12894   1495 
 20260917    13:44:13       0     66     62      -    100      8      0      0      0      0   6500   1905      0      0  15752    175      0      -      -      0   4005      0 
 20260917    13:44:14       0     65     62      -    100      8      0      0      0      0   6500   1905      0      0  15752    175      0      -      -      0  12561    162 
 20260917    13:44:16       0     65     62      -    100      7      0      0      0      0   6500   1905      0      0  15752    175      0      -      -      0  12593    971 
 20260917    13:44:17       0     65     62      -     65     12      0      0      0      0   6500   1905      0      0  15752    175      0      -      -      0  12556    974 
 20260917    13:44:18       0     76     62      -     64      9      0      0      0      0   6500   1905      0      0  15752    175      0      -      -      0  12573    714 
 20260917    13:44:19       0     64     61      -    100      8      0      0      0      0   6500   1905      0      0  15752    175      0      -      -      0   2634      0 
 20260917    13:44:20       0     64     61      -     96      5      0      0      0      0   6500   1905      0      0  15752    175      0      -      -      0   3254      0 
 20260917    13:44:21       0     65     61      -    100      8      0      0      0      0   6500   1905      0      0  15752    175      0      -      -      0   4149      1 
 20260917    13:44:22       0     72     62      -     44      9      0      0      0      0   6500   1905      0      0  15752    175      0      -      -      0  12579    974 
 20260917    13:44:23       0     65     62      -    100      7      0      0      0      0   6500   1905      0      0  15752    175      0      -      -      0  12558    974 
 20260917    13:44:24       0     70     62      -     52      8      0      0      0      0   6500   1905      0      0  15752    175      0      -      -      0  12602   1081 
 20260917    13:44:25       0     64     62      -    100      8      0      0      0      0   6500   1905      0      0  15752    175      0      -      -      0  12620    999 
 20260917    13:44:26       0     64     62      -    100      8      0      0      0      0   6500   1905      0      0  15752    175      0      -      -      0  12759   1227 
#Date        Time         gpu    pwr  gtemp  mtemp     sm    mem    enc    dec    jpg    ofa   mclk   pclk  pviol  tviol     fb   bar1   ccpm  sbecc  dbecc    pci  rxpci  txpci 
#YYYYMMDD    HH:MM:SS     Idx      W      C      C      %      %      %      %      %      %    MHz    MHz      %   bool     MB     MB     MB   errs   errs   errs   MB/s   MB/s 
 20260917    13:44:27       0     65     61      -    100      8      0      0      0      0   6500   1905      0      0  15752    175      0      -      -      0  12600    975 
 20260917    13:44:28       0     72     61      -    100      8      0      0      0      0   6500   1905      0      0  15752    175      0      -      -      0  12579    974 
 20260917    13:44:29       0     71     61      -     79      9      0      0      0      0   6500   1905      0      0  15752    175      0      -      -      0  12521    980 
 20260917    13:44:30       0     76     61      -     80      5      0      0      0      0   6500   1905      0      0  15752    175      0      -      -      0  12566    983 
 20260917    13:44:31       0     62     61      -     30      8      0      0      0      0   6500   1905      0      0  15752    175      0      -      -      0  12562    976 
 20260917    13:44:32       0     62     61      -     62      4      0      0      0      0   6500   1905      0      0  15752    175      0      -      -      0  12879   1499 
 20260917    13:44:33       0     71     61      -    100      8      0      0      0      0   6500   1905      0      0  15752    175      0      -      -      0  12518    972 
 20260917    13:44:34       0     65     61      -    100     10      0      0      0      0   6500   1905      0      0  15752    175      0      -      -      0  12560    975 
 20260917    13:44:36       0     64     61      -    100      7      0      0      0      0   6500   1905      0      0  15752    175      0      -      -      0  10281    982 
 20260917    13:44:37       0     64     61      -     60      8      0      0      0      0   6500   1905      0      0  15752    175      0      -      -      0  10762    948 
 20260917    13:44:38       0     75     61      -     65      9      0      0      0      0   6500   1905      0      0  15752    175      0      -      -      0  12573   1315 
 20260917    13:44:39       0     64     60      -    100      8      0      0      0      0   6500   1905      0      0  15752    175      0      -      -      0   2597      0 
 20260917    13:44:40       0     65     60      -    100      6      0      0      0      0   6500   1905      0      0  15752    175      0      -      -      0   3369      0 
 20260917    13:44:41       0     65     60      -    100      8      0      0      0      0   6500   1905      0      0  15752    175      0      -      -      0   4158      0 
 20260917    13:44:42       0     65     60      -     30      8      0      0      0      0   6500   1905      0      0  15752    175      0      -      -      0  12561    977 
 20260917    13:44:43       0     64     60      -     48      4      0      0      0      0   6500   1905      0      0  15752    175      0      -      -      0  12564    976 
 20260917    13:44:44       0     75     60      -     68      8      0      0      0      0   6500   1905      0      0  15752    175      0      -      -      0  12647   1187 
 20260917    13:44:45       0     63     60      -    100      5      0      0      0      0   6500   1905      0      0  15752    175      0      -      -      0   1587   1271 
 20260917    13:44:46       0     64     60      -    100      8      0      0      0      0   6500   1905      0      0  15752    175      0      -      -      0   2525      0 
 20260917    13:44:47       0     71     60      -    100      7      0      0      0      0   6500   1905      0      0  15752    175      0      -      -      0  12577    975 
 20260917    13:44:48       0     64     60      -    100      8      0      0      0      0   6500   1905      0      0  15752    175      0      -      -      0  12558    975 
 20260917    13:44:49       0     71     60      -    100      8      0      0      0      0   6500   1905      0      0  15752    175      0      -      -      0  12561    976 
 20260917    13:44:50       0     74     60      -     69      4      0      0      0      0   6500   1905      0      0  15752    175      0      -      -      0  12538    979 
 20260917    13:44:51       0     75     60      -     95      5      0      0      0      0   6500   1905      0      0  15752    175      0      -      -      0  12523    972 
 20260917    13:44:52       0     61     60      -     22      8      0      0      0      0   6500   1905      0      0  15752    175      0      -      -      0  12915   1499 
 20260917    13:44:53       0     64     60      -    100      8      0      0      0      0   6500   1905      0      0  15752    175      0      -      -      0  12561    975 
 20260917    13:44:55       0     71     60      -    100      8      0      0      0      0   6500   1905      0      0  15752    175      0      -      -      0  12571    981 
 20260917    13:44:56       0     70     60      -     97     12      0      0      0      0   6500   1905      0      0  15752    175      0      -      -      0  12516    971 
 20260917    13:44:57       0     63     60      -     78      9      0      0      0      0   6500   1905      0      0  15752    175      0      -      -      0  12592    718 
 20260917    13:44:58       0     63     60      -     66      9      0      0      0      0   6500   1905      0      0  15752    175      0      -      -      0  12594    727 
 20260917    13:44:59       0     64     60      -    100      8      0      0      0      0   6500   1905      0      0  15752    175      0      -      -      0   2258      0 
 20260917    13:45:00       0     62     60      -     43      4      0      0      0      0   6500   1905      0      0  15752    175      0      -      -      0   4023      0 
 20260917    13:45:01       0     59     59      -      0      0      0      0      0      0   6500   1905      0      0  15752    175      0      -      -      0      0      0 
 20260917    13:45:02       0     46     59      -      0      0      0      0      0      0   6500   1620      0      0  15752    175      0      -      -      0      0      0 
 20260917    13:45:03       0     46     58      -      0      0      0      0      0      0   6500   1620      0      0  15752    175      0      -      -      0      0      0 
 20260917    13:45:04       0     46     58      -      0      0      0      0      0      0   6500   1620      0      0  15752    175      0      -      -      0      0      0 
 20260917    13:45:05       0     46     58      -      0      0      0      0      0      0   6500   1620      0      0  15752    175      0      -      -      0      0      0 
 20260917    13:45:06       0     46     58      -      0      0      0      0      0      0   6500   1620      0      0  15752    175      0      -      -      0      0      0 
 20260917    13:45:07       0     46     58      -      0      0      0      0      0      0   6500   1620      0      0  15752    175      0      -      -      0      0      0 
 20260917    13:45:08       0     46     58      -      0      0      0      0      0      0   6500   1620      0      0  15752    175      0      -      -      0      0      0 
 20260917    13:45:09       0     46     58      -      0      0      0      0      0      0   6500   1620      0      0  15752    175      0      -      -      0      0      0 
 20260917    13:45:10       0     46     58      -      0      0      0      0      0      0   6500   1620      0      0  15752    175      0      -      -      0      0      0 
 20260917    13:45:11       0     46     57      -      0      0      0      0      0      0   6500   1620      0      0  15752    175      0      -      -      0      3      0 
 20260917    13:45:12       0     46     57      -      0      0      0      0      0      0   6500   1620      0      0  15752    175      0      -      -      0      0      0 
#Date        Time         gpu    pwr  gtemp  mtemp     sm    mem    enc    dec    jpg    ofa   mclk   pclk  pviol  tviol     fb   bar1   ccpm  sbecc  dbecc    pci  rxpci  txpci 
#YYYYMMDD    HH:MM:SS     Idx      W      C      C      %      %      %      %      %      %    MHz    MHz      %   bool     MB     MB     MB   errs   errs   errs   MB/s   MB/s 
 20260917    13:45:13       0     46     57      -      0      0      0      0      0      0   6500   1620      0      0  15752    175      0      -      -      0      0      0 
 20260917    13:45:15       0     46     57      -      0      0      0      0      0      0   6500   1620      0      0  15752    175      0      -      -      0      0      0 
 20260917    13:45:16       0     57     58      -      1      0      0      0      0      0   6500   1905      0      0   8656    175      0      -      -      0      0      0 
