timestamp, utilization.gpu [%], utilization.memory [%], memory.used [MiB], memory.total [MiB], power.draw [W], temperature.gpu
2026/09/17 20:05:05.574, 0 %, 0 %, 18 MiB, 16384 MiB, 8.08 W, 52
2026/09/17 20:05:06.584, 0 %, 0 %, 18 MiB, 16384 MiB, 7.78 W, 52
2026/09/17 20:05:07.590, 0 %, 0 %, 18 MiB, 16384 MiB, 7.76 W, 51
2026/09/17 20:05:08.596, 0 %, 0 %, 18 MiB, 16384 MiB, 7.65 W, 51
2026/09/17 20:05:09.602, 0 %, 0 %, 18 MiB, 16384 MiB, 7.77 W, 51
2026/09/17 20:05:10.609, 0 %, 0 %, 18 MiB, 16384 MiB, 7.55 W, 51
2026/09/17 20:05:11.615, 0 %, 0 %, 18 MiB, 16384 MiB, 7.44 W, 51
2026/09/17 20:05:12.621, 0 %, 0 %, 18 MiB, 16384 MiB, 7.40 W, 51
2026/09/17 20:05:13.627, 0 %, 0 %, 18 MiB, 16384 MiB, 7.44 W, 51
2026/09/17 20:05:14.633, 0 %, 0 %, 18 MiB, 16384 MiB, 7.39 W, 51
2026/09/17 20:05:15.638, 0 %, 0 %, 18 MiB, 16384 MiB, 7.29 W, 51
2026/09/17 20:05:16.644, 0 %, 0 %, 18 MiB, 16384 MiB, 7.41 W, 50
2026/09/17 20:05:17.650, 2 %, 0 %, 134 MiB, 16384 MiB, 45.15 W, 52
2026/09/17 20:05:18.653, 1 %, 0 %, 238 MiB, 16384 MiB, 44.70 W, 52
2026/09/17 20:05:19.655, 12 %, 0 %, 4364 MiB, 16384 MiB, 45.53 W, 53
2026/09/17 20:05:20.657, 14 %, 1 %, 4372 MiB, 16384 MiB, 44.75 W, 53
2026/09/17 20:05:21.660, 37 %, 2 %, 4378 MiB, 16384 MiB, 58.92 W, 54
2026/09/17 20:05:22.662, 45 %, 2 %, 4386 MiB, 16384 MiB, 57.88 W, 54
2026/09/17 20:05:23.664, 30 %, 1 %, 4394 MiB, 16384 MiB, 57.55 W, 54
2026/09/17 20:05:24.666, 25 %, 1 %, 4402 MiB, 16384 MiB, 57.27 W, 54
2026/09/17 20:05:25.668, 12 %, 0 %, 4410 MiB, 16384 MiB, 57.55 W, 54
2026/09/17 20:05:26.670, 37 %, 2 %, 4416 MiB, 16384 MiB, 57.85 W, 54
2026/09/17 20:05:27.672, 56 %, 2 %, 4424 MiB, 16384 MiB, 56.86 W, 54
2026/09/17 20:05:28.675, 30 %, 1 %, 4432 MiB, 16384 MiB, 58.62 W, 54
2026/09/17 20:05:29.677, 16 %, 1 %, 4438 MiB, 16384 MiB, 58.05 W, 54
2026/09/17 20:05:30.679, 38 %, 2 %, 4446 MiB, 16384 MiB, 57.58 W, 54
2026/09/17 20:05:31.681, 25 %, 1 %, 4454 MiB, 16384 MiB, 56.97 W, 55
2026/09/17 20:05:32.683, 19 %, 1 %, 4462 MiB, 16384 MiB, 58.52 W, 55
2026/09/17 20:05:33.691, 27 %, 1 %, 4468 MiB, 16384 MiB, 58.34 W, 55
2026/09/17 20:05:34.693, 49 %, 2 %, 4476 MiB, 16384 MiB, 57.79 W, 55
2026/09/17 20:05:35.695, 25 %, 1 %, 4484 MiB, 16384 MiB, 57.14 W, 55
2026/09/17 20:05:36.697, 12 %, 0 %, 4490 MiB, 16384 MiB, 58.73 W, 55
2026/09/17 20:05:37.702, 37 %, 2 %, 4498 MiB, 16384 MiB, 58.32 W, 55
2026/09/17 20:05:38.704, 36 %, 1 %, 4508 MiB, 16384 MiB, 47.00 W, 54
2026/09/17 20:05:39.707, 20 %, 1 %, 4514 MiB, 16384 MiB, 60.31 W, 55
2026/09/17 20:05:40.711, 12 %, 0 %, 4520 MiB, 16384 MiB, 60.44 W, 55
2026/09/17 20:05:41.714, 6 %, 0 %, 4526 MiB, 16384 MiB, 48.13 W, 55
2026/09/17 20:05:42.718, 16 %, 1 %, 4534 MiB, 16384 MiB, 58.10 W, 55
2026/09/17 20:05:43.722, 37 %, 2 %, 4540 MiB, 16384 MiB, 59.47 W, 55
2026/09/17 20:05:44.726, 19 %, 1 %, 6920 MiB, 16384 MiB, 48.74 W, 55
2026/09/17 20:05:45.735, 0 %, 0 %, 6920 MiB, 16384 MiB, 45.13 W, 55
2026/09/17 20:05:46.737, 0 %, 0 %, 6920 MiB, 16384 MiB, 45.40 W, 55
2026/09/17 20:05:47.740, 0 %, 0 %, 6920 MiB, 16384 MiB, 44.84 W, 55
2026/09/17 20:05:48.742, 0 %, 0 %, 6920 MiB, 16384 MiB, 57.21 W, 55
2026/09/17 20:05:49.744, 0 %, 0 %, 6920 MiB, 16384 MiB, 57.23 W, 55
2026/09/17 20:05:50.747, 0 %, 0 %, 6920 MiB, 16384 MiB, 45.02 W, 55
2026/09/17 20:05:51.751, 0 %, 0 %, 6920 MiB, 16384 MiB, 45.24 W, 55
2026/09/17 20:05:52.755, 0 %, 0 %, 6920 MiB, 16384 MiB, 45.05 W, 55
2026/09/17 20:05:53.758, 0 %, 0 %, 6920 MiB, 16384 MiB, 44.96 W, 55
2026/09/17 20:05:54.761, 0 %, 0 %, 6920 MiB, 16384 MiB, 44.94 W, 55
2026/09/17 20:05:55.764, 0 %, 0 %, 6920 MiB, 16384 MiB, 45.06 W, 55
2026/09/17 20:05:56.774, 0 %, 0 %, 6920 MiB, 16384 MiB, 45.01 W, 55
2026/09/17 20:05:57.777, 0 %, 0 %, 6920 MiB, 16384 MiB, 45.24 W, 55
2026/09/17 20:05:58.779, 0 %, 0 %, 6920 MiB, 16384 MiB, 45.98 W, 55
2026/09/17 20:05:59.781, 0 %, 0 %, 6920 MiB, 16384 MiB, 46.19 W, 55
2026/09/17 20:06:00.783, 0 %, 0 %, 6920 MiB, 16384 MiB, 45.17 W, 55
2026/09/17 20:06:01.790, 0 %, 0 %, 6920 MiB, 16384 MiB, 45.23 W, 55
2026/09/17 20:06:02.792, 0 %, 0 %, 6920 MiB, 16384 MiB, 45.08 W, 55
2026/09/17 20:06:03.794, 0 %, 0 %, 6920 MiB, 16384 MiB, 45.08 W, 55
2026/09/17 20:06:04.797, 0 %, 0 %, 6920 MiB, 16384 MiB, 45.19 W, 55
2026/09/17 20:06:05.799, 0 %, 0 %, 6920 MiB, 16384 MiB, 7.75 W, 53
2026/09/17 20:06:06.805, 0 %, 0 %, 6920 MiB, 16384 MiB, 7.38 W, 53
2026/09/17 20:06:07.811, 0 %, 0 %, 6920 MiB, 16384 MiB, 7.38 W, 53
2026/09/17 20:06:08.817, 0 %, 0 %, 6920 MiB, 16384 MiB, 7.54 W, 53
2026/09/17 20:06:09.823, 0 %, 0 %, 6920 MiB, 16384 MiB, 7.60 W, 52
2026/09/17 20:06:10.829, 0 %, 0 %, 6920 MiB, 16384 MiB, 7.33 W, 52
2026/09/17 20:06:11.835, 0 %, 0 %, 6920 MiB, 16384 MiB, 7.45 W, 52
2026/09/17 20:06:12.841, 0 %, 0 %, 6920 MiB, 16384 MiB, 10.39 W, 52
2026/09/17 20:06:13.847, 0 %, 0 %, 6920 MiB, 16384 MiB, 7.20 W, 52
2026/09/17 20:06:14.852, 1 %, 0 %, 6920 MiB, 16384 MiB, 7.73 W, 51
2026/09/17 20:06:15.858, 0 %, 0 %, 6920 MiB, 16384 MiB, 7.49 W, 51
2026/09/17 20:06:16.865, 0 %, 0 %, 6920 MiB, 16384 MiB, 7.30 W, 51
2026/09/17 20:06:17.871, 0 %, 0 %, 6920 MiB, 16384 MiB, 7.44 W, 51
2026/09/17 20:06:18.877, 0 %, 0 %, 6920 MiB, 16384 MiB, 7.54 W, 51
2026/09/17 20:06:19.883, 0 %, 0 %, 6920 MiB, 16384 MiB, 7.47 W, 51
2026/09/17 20:06:20.889, 0 %, 0 %, 6920 MiB, 16384 MiB, 7.43 W, 51
2026/09/17 20:06:21.902, 0 %, 0 %, 6920 MiB, 16384 MiB, 7.47 W, 51
2026/09/17 20:06:22.908, 0 %, 0 %, 6920 MiB, 16384 MiB, 7.31 W, 50
2026/09/17 20:06:23.914, 0 %, 0 %, 6920 MiB, 16384 MiB, 8.02 W, 50
2026/09/17 20:06:24.919, 0 %, 0 %, 6920 MiB, 16384 MiB, 7.84 W, 50
2026/09/17 20:06:25.925, 0 %, 0 %, 6920 MiB, 16384 MiB, 11.01 W, 50
2026/09/17 20:06:26.931, 0 %, 0 %, 6920 MiB, 16384 MiB, 7.64 W, 50
2026/09/17 20:06:27.937, 0 %, 0 %, 6920 MiB, 16384 MiB, 7.55 W, 50
2026/09/17 20:06:28.943, 0 %, 0 %, 6920 MiB, 16384 MiB, 7.45 W, 50
2026/09/17 20:06:29.949, 0 %, 0 %, 6920 MiB, 16384 MiB, 7.05 W, 50
2026/09/17 20:06:30.954, 0 %, 0 %, 6920 MiB, 16384 MiB, 7.10 W, 50
2026/09/17 20:06:31.960, 0 %, 0 %, 6920 MiB, 16384 MiB, 7.33 W, 50
2026/09/17 20:06:32.966, 0 %, 0 %, 6920 MiB, 16384 MiB, 7.41 W, 49
2026/09/17 20:06:33.972, 0 %, 0 %, 6920 MiB, 16384 MiB, 7.46 W, 49
2026/09/17 20:06:34.978, 0 %, 0 %, 6920 MiB, 16384 MiB, 7.45 W, 49
2026/09/17 20:06:35.984, 0 %, 0 %, 6920 MiB, 16384 MiB, 7.45 W, 49
2026/09/17 20:06:36.990, 0 %, 0 %, 6920 MiB, 16384 MiB, 10.47 W, 49
2026/09/17 20:06:37.996, 0 %, 0 %, 6920 MiB, 16384 MiB, 8.20 W, 49
2026/09/17 20:06:39.010, 0 %, 0 %, 6920 MiB, 16384 MiB, 7.48 W, 49
2026/09/17 20:06:40.016, 0 %, 0 %, 6920 MiB, 16384 MiB, 7.41 W, 49
2026/09/17 20:06:41.022, 0 %, 0 %, 6920 MiB, 16384 MiB, 7.43 W, 49
2026/09/17 20:06:42.028, 0 %, 0 %, 6920 MiB, 16384 MiB, 7.62 W, 49
2026/09/17 20:06:43.034, 0 %, 0 %, 6920 MiB, 16384 MiB, 7.43 W, 49
2026/09/17 20:06:44.040, 0 %, 0 %, 6920 MiB, 16384 MiB, 7.53 W, 48
2026/09/17 20:06:45.046, 0 %, 0 %, 6920 MiB, 16384 MiB, 7.41 W, 48
2026/09/17 20:06:46.051, 0 %, 0 %, 6920 MiB, 16384 MiB, 11.11 W, 48
2026/09/17 20:06:47.057, 0 %, 0 %, 6920 MiB, 16384 MiB, 7.90 W, 48
2026/09/17 20:06:48.063, 0 %, 0 %, 6920 MiB, 16384 MiB, 7.85 W, 48
2026/09/17 20:06:49.069, 0 %, 0 %, 6920 MiB, 16384 MiB, 10.81 W, 48
2026/09/17 20:06:50.075, 0 %, 0 %, 6920 MiB, 16384 MiB, 7.84 W, 48
2026/09/17 20:06:51.080, 0 %, 0 %, 6920 MiB, 16384 MiB, 7.43 W, 48
2026/09/17 20:06:52.086, 0 %, 0 %, 6920 MiB, 16384 MiB, 7.50 W, 48
2026/09/17 20:06:53.092, 0 %, 0 %, 6920 MiB, 16384 MiB, 7.54 W, 48
2026/09/17 20:06:54.098, 0 %, 0 %, 6920 MiB, 16384 MiB, 7.47 W, 48
2026/09/17 20:06:55.104, 0 %, 0 %, 6920 MiB, 16384 MiB, 7.28 W, 48
2026/09/17 20:06:56.110, 0 %, 0 %, 6920 MiB, 16384 MiB, 7.54 W, 48
2026/09/17 20:06:57.116, 0 %, 0 %, 6920 MiB, 16384 MiB, 7.48 W, 48
2026/09/17 20:06:58.121, 0 %, 0 %, 6920 MiB, 16384 MiB, 7.47 W, 48
2026/09/17 20:06:59.127, 0 %, 0 %, 6920 MiB, 16384 MiB, 7.42 W, 47
2026/09/17 20:07:00.141, 0 %, 0 %, 6920 MiB, 16384 MiB, 7.42 W, 47
2026/09/17 20:07:01.146, 0 %, 0 %, 6920 MiB, 16384 MiB, 7.38 W, 47
2026/09/17 20:07:02.152, 0 %, 0 %, 6920 MiB, 16384 MiB, 10.54 W, 47
2026/09/17 20:07:03.158, 0 %, 0 %, 6920 MiB, 16384 MiB, 7.03 W, 47
2026/09/17 20:07:04.174, 0 %, 0 %, 6920 MiB, 16384 MiB, 7.28 W, 47
2026/09/17 20:07:05.180, 0 %, 0 %, 6920 MiB, 16384 MiB, 7.15 W, 47
2026/09/17 20:07:06.186, 0 %, 0 %, 6920 MiB, 16384 MiB, 7.04 W, 47
2026/09/17 20:07:07.192, 0 %, 0 %, 6920 MiB, 16384 MiB, 7.18 W, 47
2026/09/17 20:07:08.198, 0 %, 0 %, 6920 MiB, 16384 MiB, 7.08 W, 47
2026/09/17 20:07:09.204, 0 %, 0 %, 6920 MiB, 16384 MiB, 6.95 W, 47
2026/09/17 20:07:10.210, 0 %, 0 %, 6920 MiB, 16384 MiB, 7.11 W, 47
2026/09/17 20:07:11.216, 0 %, 0 %, 6920 MiB, 16384 MiB, 7.23 W, 47
2026/09/17 20:07:12.222, 1 %, 0 %, 6920 MiB, 16384 MiB, 6.92 W, 47
2026/09/17 20:07:13.228, 0 %, 0 %, 6920 MiB, 16384 MiB, 7.22 W, 47
2026/09/17 20:07:14.234, 0 %, 0 %, 6920 MiB, 16384 MiB, 10.52 W, 46
2026/09/17 20:07:15.239, 0 %, 0 %, 6920 MiB, 16384 MiB, 7.04 W, 46
2026/09/17 20:07:16.256, 0 %, 0 %, 6920 MiB, 16384 MiB, 7.11 W, 46
2026/09/17 20:07:17.262, 0 %, 0 %, 6920 MiB, 16384 MiB, 7.19 W, 46
2026/09/17 20:07:18.268, 0 %, 0 %, 6920 MiB, 16384 MiB, 7.19 W, 46
2026/09/17 20:07:19.274, 0 %, 0 %, 6920 MiB, 16384 MiB, 7.15 W, 46
2026/09/17 20:07:20.280, 0 %, 0 %, 6920 MiB, 16384 MiB, 7.33 W, 46
2026/09/17 20:07:21.285, 0 %, 0 %, 6920 MiB, 16384 MiB, 7.14 W, 46
2026/09/17 20:07:22.291, 0 %, 0 %, 6920 MiB, 16384 MiB, 7.84 W, 46
2026/09/17 20:07:23.297, 0 %, 0 %, 6920 MiB, 16384 MiB, 7.82 W, 46
2026/09/17 20:07:24.303, 0 %, 0 %, 6920 MiB, 16384 MiB, 7.50 W, 46
2026/09/17 20:07:25.309, 0 %, 0 %, 6920 MiB, 16384 MiB, 7.76 W, 46
2026/09/17 20:07:26.319, 0 %, 0 %, 6920 MiB, 16384 MiB, 9.93 W, 46
2026/09/17 20:07:27.325, 0 %, 0 %, 6920 MiB, 16384 MiB, 9.02 W, 46
2026/09/17 20:07:28.335, 0 %, 0 %, 6920 MiB, 16384 MiB, 7.19 W, 46
2026/09/17 20:07:29.341, 0 %, 0 %, 6920 MiB, 16384 MiB, 7.43 W, 46
2026/09/17 20:07:30.347, 0 %, 0 %, 6920 MiB, 16384 MiB, 7.41 W, 46
2026/09/17 20:07:31.353, 0 %, 0 %, 6920 MiB, 16384 MiB, 7.56 W, 46
2026/09/17 20:07:32.359, 0 %, 0 %, 6920 MiB, 16384 MiB, 7.48 W, 46
2026/09/17 20:07:33.366, 0 %, 0 %, 6920 MiB, 16384 MiB, 7.65 W, 46
2026/09/17 20:07:34.372, 0 %, 0 %, 6920 MiB, 16384 MiB, 7.23 W, 46
2026/09/17 20:07:35.378, 0 %, 0 %, 6920 MiB, 16384 MiB, 7.16 W, 45
2026/09/17 20:07:36.384, 0 %, 0 %, 6920 MiB, 16384 MiB, 6.95 W, 45
2026/09/17 20:07:37.390, 0 %, 0 %, 6920 MiB, 16384 MiB, 6.93 W, 45
2026/09/17 20:07:38.396, 0 %, 0 %, 6920 MiB, 16384 MiB, 10.32 W, 45
2026/09/17 20:07:39.402, 0 %, 0 %, 6920 MiB, 16384 MiB, 7.24 W, 45
2026/09/17 20:07:40.411, 0 %, 0 %, 6920 MiB, 16384 MiB, 7.39 W, 45
2026/09/17 20:07:41.417, 0 %, 0 %, 6920 MiB, 16384 MiB, 7.57 W, 45
2026/09/17 20:07:42.423, 0 %, 0 %, 6920 MiB, 16384 MiB, 7.50 W, 45
2026/09/17 20:07:43.430, 0 %, 0 %, 6920 MiB, 16384 MiB, 7.30 W, 45
2026/09/17 20:07:44.436, 0 %, 0 %, 6920 MiB, 16384 MiB, 7.39 W, 45
2026/09/17 20:07:45.442, 0 %, 0 %, 6920 MiB, 16384 MiB, 7.21 W, 45
2026/09/17 20:07:46.448, 0 %, 0 %, 6920 MiB, 16384 MiB, 7.48 W, 45
2026/09/17 20:07:47.454, 0 %, 0 %, 6920 MiB, 16384 MiB, 7.45 W, 45
2026/09/17 20:07:48.460, 0 %, 0 %, 6920 MiB, 16384 MiB, 7.56 W, 45
2026/09/17 20:07:49.466, 0 %, 0 %, 6920 MiB, 16384 MiB, 7.95 W, 45
2026/09/17 20:07:50.482, 0 %, 0 %, 6920 MiB, 16384 MiB, 7.39 W, 45
2026/09/17 20:07:51.488, 0 %, 0 %, 6920 MiB, 16384 MiB, 10.47 W, 45
2026/09/17 20:07:52.494, 0 %, 0 %, 6920 MiB, 16384 MiB, 6.91 W, 45
2026/09/17 20:07:53.500, 0 %, 0 %, 6920 MiB, 16384 MiB, 6.98 W, 45
2026/09/17 20:07:54.506, 0 %, 0 %, 6920 MiB, 16384 MiB, 7.02 W, 45
2026/09/17 20:07:55.512, 0 %, 0 %, 6920 MiB, 16384 MiB, 7.04 W, 45
2026/09/17 20:07:56.518, 0 %, 0 %, 6920 MiB, 16384 MiB, 6.83 W, 45
2026/09/17 20:07:57.524, 0 %, 0 %, 6920 MiB, 16384 MiB, 7.22 W, 44
2026/09/17 20:07:58.530, 0 %, 0 %, 6920 MiB, 16384 MiB, 7.14 W, 44
2026/09/17 20:07:59.536, 0 %, 0 %, 6920 MiB, 16384 MiB, 6.97 W, 45
2026/09/17 20:08:00.542, 0 %, 0 %, 6920 MiB, 16384 MiB, 6.96 W, 44
2026/09/17 20:08:01.548, 0 %, 0 %, 6920 MiB, 16384 MiB, 6.96 W, 44
2026/09/17 20:08:02.555, 0 %, 0 %, 6920 MiB, 16384 MiB, 7.81 W, 44
2026/09/17 20:08:03.560, 0 %, 0 %, 6920 MiB, 16384 MiB, 9.63 W, 44
2026/09/17 20:08:04.566, 0 %, 0 %, 6920 MiB, 16384 MiB, 7.11 W, 44
2026/09/17 20:08:05.572, 0 %, 0 %, 6920 MiB, 16384 MiB, 7.03 W, 44
2026/09/17 20:08:06.578, 0 %, 0 %, 6920 MiB, 16384 MiB, 7.10 W, 44
2026/09/17 20:08:07.584, 0 %, 0 %, 6920 MiB, 16384 MiB, 6.97 W, 44
2026/09/17 20:08:08.590, 0 %, 0 %, 6920 MiB, 16384 MiB, 6.96 W, 44
2026/09/17 20:08:09.596, 1 %, 0 %, 6920 MiB, 16384 MiB, 7.15 W, 44
2026/09/17 20:08:10.602, 0 %, 0 %, 6920 MiB, 16384 MiB, 6.99 W, 44
2026/09/17 20:08:11.609, 0 %, 0 %, 6920 MiB, 16384 MiB, 7.16 W, 44
2026/09/17 20:08:12.615, 0 %, 0 %, 6920 MiB, 16384 MiB, 7.08 W, 44
2026/09/17 20:08:13.621, 0 %, 0 %, 6920 MiB, 16384 MiB, 7.11 W, 44
2026/09/17 20:08:14.627, 0 %, 0 %, 6920 MiB, 16384 MiB, 10.66 W, 44
2026/09/17 20:08:15.633, 0 %, 0 %, 6920 MiB, 16384 MiB, 7.00 W, 44
2026/09/17 20:08:16.638, 0 %, 0 %, 6920 MiB, 16384 MiB, 7.06 W, 44
2026/09/17 20:08:17.644, 0 %, 0 %, 6920 MiB, 16384 MiB, 7.11 W, 44
2026/09/17 20:08:18.650, 0 %, 0 %, 6920 MiB, 16384 MiB, 7.26 W, 44
2026/09/17 20:08:19.656, 0 %, 0 %, 6920 MiB, 16384 MiB, 7.17 W, 44
2026/09/17 20:08:20.662, 0 %, 0 %, 6920 MiB, 16384 MiB, 7.32 W, 44
2026/09/17 20:08:21.668, 0 %, 0 %, 6920 MiB, 16384 MiB, 7.57 W, 44
2026/09/17 20:08:22.673, 0 %, 0 %, 6920 MiB, 16384 MiB, 7.50 W, 44
2026/09/17 20:08:23.679, 0 %, 0 %, 6920 MiB, 16384 MiB, 7.42 W, 44
2026/09/17 20:08:24.685, 0 %, 0 %, 6920 MiB, 16384 MiB, 7.20 W, 44
2026/09/17 20:08:25.691, 0 %, 0 %, 6920 MiB, 16384 MiB, 7.03 W, 44
2026/09/17 20:08:26.696, 0 %, 0 %, 6920 MiB, 16384 MiB, 8.18 W, 44
2026/09/17 20:08:27.702, 0 %, 0 %, 6920 MiB, 16384 MiB, 9.65 W, 44
2026/09/17 20:08:28.707, 0 %, 0 %, 6920 MiB, 16384 MiB, 6.92 W, 44
2026/09/17 20:08:29.713, 0 %, 0 %, 6920 MiB, 16384 MiB, 7.15 W, 44
2026/09/17 20:08:30.719, 0 %, 0 %, 6920 MiB, 16384 MiB, 7.20 W, 44
2026/09/17 20:08:31.725, 0 %, 0 %, 6920 MiB, 16384 MiB, 7.30 W, 43
2026/09/17 20:08:32.731, 0 %, 0 %, 6920 MiB, 16384 MiB, 7.10 W, 43
2026/09/17 20:08:33.737, 0 %, 0 %, 6920 MiB, 16384 MiB, 7.17 W, 44
2026/09/17 20:08:34.742, 0 %, 0 %, 6920 MiB, 16384 MiB, 6.94 W, 43
2026/09/17 20:08:35.748, 0 %, 0 %, 6920 MiB, 16384 MiB, 7.06 W, 43
2026/09/17 20:08:36.754, 0 %, 0 %, 6920 MiB, 16384 MiB, 7.16 W, 43
2026/09/17 20:08:37.760, 0 %, 0 %, 6920 MiB, 16384 MiB, 7.09 W, 43
2026/09/17 20:08:38.766, 0 %, 0 %, 6920 MiB, 16384 MiB, 10.47 W, 43
2026/09/17 20:08:39.771, 0 %, 0 %, 6920 MiB, 16384 MiB, 7.20 W, 43
2026/09/17 20:08:40.779, 0 %, 0 %, 6920 MiB, 16384 MiB, 7.07 W, 43
2026/09/17 20:08:41.785, 0 %, 0 %, 6920 MiB, 16384 MiB, 54.34 W, 46
2026/09/17 20:08:42.787, 17 %, 1 %, 6920 MiB, 16384 MiB, 56.70 W, 47
2026/09/17 20:08:43.789, 1 %, 0 %, 6920 MiB, 16384 MiB, 54.62 W, 47
2026/09/17 20:08:44.791, 1 %, 0 %, 6920 MiB, 16384 MiB, 42.23 W, 46
2026/09/17 20:08:45.793, 0 %, 0 %, 6920 MiB, 16384 MiB, 40.95 W, 46
2026/09/17 20:08:46.796, 0 %, 0 %, 6920 MiB, 16384 MiB, 41.03 W, 46
2026/09/17 20:08:47.798, 0 %, 0 %, 6920 MiB, 16384 MiB, 40.75 W, 46
2026/09/17 20:08:48.800, 1 %, 0 %, 6920 MiB, 16384 MiB, 41.71 W, 47
2026/09/17 20:08:49.803, 19 %, 1 %, 6920 MiB, 16384 MiB, 41.48 W, 47
2026/09/17 20:08:50.805, 21 %, 1 %, 6920 MiB, 16384 MiB, 54.91 W, 47
2026/09/17 20:08:51.807, 5 %, 0 %, 6920 MiB, 16384 MiB, 54.74 W, 48
2026/09/17 20:08:52.809, 100 %, 4 %, 6920 MiB, 16384 MiB, 57.32 W, 48
2026/09/17 20:08:53.813, 1 %, 0 %, 6920 MiB, 16384 MiB, 54.76 W, 48
2026/09/17 20:08:54.816, 0 %, 0 %, 6920 MiB, 16384 MiB, 42.30 W, 48
2026/09/17 20:08:55.820, 0 %, 0 %, 6920 MiB, 16384 MiB, 41.87 W, 47
2026/09/17 20:08:56.824, 0 %, 0 %, 6920 MiB, 16384 MiB, 42.66 W, 47
2026/09/17 20:08:57.827, 0 %, 0 %, 6920 MiB, 16384 MiB, 42.38 W, 47
2026/09/17 20:08:58.831, 0 %, 0 %, 6920 MiB, 16384 MiB, 41.26 W, 48
2026/09/17 20:08:59.837, 1 %, 0 %, 6920 MiB, 16384 MiB, 41.60 W, 48
2026/09/17 20:09:00.839, 22 %, 1 %, 6920 MiB, 16384 MiB, 42.02 W, 48
2026/09/17 20:09:01.842, 100 %, 4 %, 6920 MiB, 16384 MiB, 58.40 W, 49
2026/09/17 20:09:02.844, 20 %, 1 %, 6920 MiB, 16384 MiB, 56.42 W, 49
2026/09/17 20:09:03.846, 1 %, 0 %, 6920 MiB, 16384 MiB, 55.77 W, 49
2026/09/17 20:09:04.848, 1 %, 0 %, 6920 MiB, 16384 MiB, 41.89 W, 48
2026/09/17 20:09:05.851, 100 %, 4 %, 6920 MiB, 16384 MiB, 57.66 W, 49
2026/09/17 20:09:06.853, 18 %, 1 %, 6920 MiB, 16384 MiB, 56.39 W, 49
2026/09/17 20:09:07.855, 91 %, 4 %, 6920 MiB, 16384 MiB, 58.73 W, 49
2026/09/17 20:09:08.857, 0 %, 0 %, 6920 MiB, 16384 MiB, 55.92 W, 49
2026/09/17 20:09:09.859, 0 %, 0 %, 6920 MiB, 16384 MiB, 55.90 W, 49
2026/09/17 20:09:10.862, 0 %, 0 %, 6920 MiB, 16384 MiB, 42.14 W, 49
2026/09/17 20:09:11.864, 16 %, 1 %, 6920 MiB, 16384 MiB, 42.47 W, 49
2026/09/17 20:09:12.866, 31 %, 1 %, 6920 MiB, 16384 MiB, 44.88 W, 49
2026/09/17 20:09:13.868, 18 %, 1 %, 6920 MiB, 16384 MiB, 56.61 W, 50
2026/09/17 20:09:14.871, 0 %, 0 %, 6920 MiB, 16384 MiB, 56.13 W, 50
2026/09/17 20:09:15.873, 20 %, 1 %, 6920 MiB, 16384 MiB, 44.88 W, 49
2026/09/17 20:09:16.876, 12 %, 0 %, 6920 MiB, 16384 MiB, 57.53 W, 50
2026/09/17 20:09:17.880, 10 %, 0 %, 6920 MiB, 16384 MiB, 59.26 W, 50
2026/09/17 20:09:18.883, 2 %, 0 %, 6920 MiB, 16384 MiB, 43.22 W, 49
2026/09/17 20:09:19.887, 3 %, 0 %, 6920 MiB, 16384 MiB, 43.29 W, 49
2026/09/17 20:09:20.891, 100 %, 4 %, 6920 MiB, 16384 MiB, 59.56 W, 50
2026/09/17 20:09:21.894, 0 %, 0 %, 6920 MiB, 16384 MiB, 56.27 W, 50
2026/09/17 20:09:22.898, 0 %, 0 %, 6920 MiB, 16384 MiB, 43.08 W, 50
2026/09/17 20:09:23.901, 1 %, 0 %, 6920 MiB, 16384 MiB, 42.81 W, 50
2026/09/17 20:09:24.905, 2 %, 0 %, 6920 MiB, 16384 MiB, 43.79 W, 50
2026/09/17 20:09:25.909, 14 %, 1 %, 6920 MiB, 16384 MiB, 43.28 W, 50
2026/09/17 20:09:26.912, 100 %, 4 %, 6920 MiB, 16384 MiB, 56.92 W, 51
2026/09/17 20:09:27.916, 19 %, 1 %, 6920 MiB, 16384 MiB, 56.89 W, 51
2026/09/17 20:09:28.920, 4 %, 0 %, 6920 MiB, 16384 MiB, 43.66 W, 50
2026/09/17 20:09:29.924, 53 %, 2 %, 6920 MiB, 16384 MiB, 56.40 W, 51
2026/09/17 20:09:30.928, 19 %, 1 %, 6920 MiB, 16384 MiB, 56.99 W, 51
2026/09/17 20:09:31.931, 0 %, 0 %, 6920 MiB, 16384 MiB, 42.97 W, 50
2026/09/17 20:09:32.933, 0 %, 0 %, 6920 MiB, 16384 MiB, 43.27 W, 50
2026/09/17 20:09:33.936, 85 %, 3 %, 6920 MiB, 16384 MiB, 56.34 W, 51
2026/09/17 20:09:34.938, 1 %, 0 %, 6920 MiB, 16384 MiB, 56.56 W, 51
2026/09/17 20:09:35.940, 0 %, 0 %, 6920 MiB, 16384 MiB, 43.08 W, 51
2026/09/17 20:09:36.942, 1 %, 0 %, 6920 MiB, 16384 MiB, 42.93 W, 51
2026/09/17 20:09:37.945, 2 %, 0 %, 6920 MiB, 16384 MiB, 44.26 W, 51
2026/09/17 20:09:38.947, 19 %, 1 %, 6920 MiB, 16384 MiB, 44.75 W, 51
2026/09/17 20:09:39.949, 26 %, 1 %, 6920 MiB, 16384 MiB, 59.63 W, 51
2026/09/17 20:09:40.952, 8 %, 0 %, 6920 MiB, 16384 MiB, 56.30 W, 51
2026/09/17 20:09:41.956, 0 %, 0 %, 6920 MiB, 16384 MiB, 43.26 W, 51
2026/09/17 20:09:42.958, 100 %, 4 %, 6920 MiB, 16384 MiB, 59.69 W, 52
2026/09/17 20:09:43.961, 16 %, 1 %, 6920 MiB, 16384 MiB, 57.06 W, 52
2026/09/17 20:09:44.964, 0 %, 0 %, 6920 MiB, 16384 MiB, 56.61 W, 52
2026/09/17 20:09:46.276, 17 %, 1 %, 6920 MiB, 16384 MiB, 44.83 W, 51
2026/09/17 20:09:47.280, 0 %, 0 %, 6920 MiB, 16384 MiB, 56.49 W, 52
2026/09/17 20:09:48.286, 0 %, 0 %, 6920 MiB, 16384 MiB, 56.61 W, 52
2026/09/17 20:09:49.288, 0 %, 0 %, 6920 MiB, 16384 MiB, 43.69 W, 51
2026/09/17 20:09:50.291, 0 %, 0 %, 6920 MiB, 16384 MiB, 43.44 W, 51
2026/09/17 20:09:51.293, 0 %, 0 %, 6920 MiB, 16384 MiB, 43.38 W, 51
2026/09/17 20:09:52.295, 1 %, 0 %, 6920 MiB, 16384 MiB, 43.10 W, 51
2026/09/17 20:09:53.297, 19 %, 1 %, 6920 MiB, 16384 MiB, 43.78 W, 51
2026/09/17 20:09:54.300, 20 %, 1 %, 6920 MiB, 16384 MiB, 57.23 W, 52
2026/09/17 20:09:55.302, 0 %, 0 %, 6920 MiB, 16384 MiB, 56.81 W, 52
2026/09/17 20:09:56.304, 100 %, 4 %, 6920 MiB, 16384 MiB, 59.78 W, 52
2026/09/17 20:09:57.306, 0 %, 0 %, 6920 MiB, 16384 MiB, 56.74 W, 52
2026/09/17 20:09:58.308, 3 %, 0 %, 6920 MiB, 16384 MiB, 55.85 W, 52
2026/09/17 20:09:59.311, 0 %, 0 %, 6920 MiB, 16384 MiB, 43.08 W, 52
2026/09/17 20:10:00.313, 0 %, 0 %, 6920 MiB, 16384 MiB, 43.39 W, 52
2026/09/17 20:10:01.316, 0 %, 0 %, 6920 MiB, 16384 MiB, 43.42 W, 52
2026/09/17 20:10:02.320, 52 %, 2 %, 6920 MiB, 16384 MiB, 57.35 W, 53
2026/09/17 20:10:03.322, 15 %, 1 %, 6920 MiB, 16384 MiB, 57.14 W, 53
2026/09/17 20:10:04.325, 1 %, 0 %, 6920 MiB, 16384 MiB, 43.77 W, 52
2026/09/17 20:10:05.329, 16 %, 1 %, 6920 MiB, 16384 MiB, 45.38 W, 52
2026/09/17 20:10:06.332, 100 %, 4 %, 6920 MiB, 16384 MiB, 60.53 W, 53
2026/09/17 20:10:07.335, 0 %, 0 %, 6920 MiB, 16384 MiB, 56.81 W, 53
2026/09/17 20:10:08.337, 13 %, 1 %, 6920 MiB, 16384 MiB, 43.78 W, 52
2026/09/17 20:10:09.341, 1 %, 0 %, 6920 MiB, 16384 MiB, 43.53 W, 52
2026/09/17 20:10:10.343, 1 %, 0 %, 6920 MiB, 16384 MiB, 43.81 W, 52
2026/09/17 20:10:11.346, 0 %, 0 %, 6920 MiB, 16384 MiB, 43.91 W, 52
2026/09/17 20:10:12.349, 1 %, 0 %, 6920 MiB, 16384 MiB, 43.79 W, 52
2026/09/17 20:10:13.352, 1 %, 0 %, 6920 MiB, 16384 MiB, 43.65 W, 52
2026/09/17 20:10:14.355, 100 %, 4 %, 6920 MiB, 16384 MiB, 60.05 W, 53
2026/09/17 20:10:15.359, 22 %, 1 %, 6920 MiB, 16384 MiB, 57.81 W, 53
2026/09/17 20:10:16.362, 100 %, 4 %, 6920 MiB, 16384 MiB, 60.61 W, 53
2026/09/17 20:10:17.366, 6 %, 0 %, 6920 MiB, 16384 MiB, 57.01 W, 53
2026/09/17 20:10:18.370, 21 %, 1 %, 6920 MiB, 16384 MiB, 57.03 W, 53
2026/09/17 20:10:19.374, 0 %, 0 %, 6920 MiB, 16384 MiB, 43.67 W, 52
2026/09/17 20:10:20.377, 1 %, 0 %, 6920 MiB, 16384 MiB, 43.69 W, 52
2026/09/17 20:10:21.381, 100 %, 4 %, 6920 MiB, 16384 MiB, 60.08 W, 53
2026/09/17 20:10:22.384, 0 %, 0 %, 6920 MiB, 16384 MiB, 56.99 W, 53
2026/09/17 20:10:23.386, 0 %, 0 %, 6920 MiB, 16384 MiB, 58.33 W, 53
2026/09/17 20:10:24.389, 0 %, 0 %, 6920 MiB, 16384 MiB, 45.00 W, 53
2026/09/17 20:10:25.392, 0 %, 0 %, 6920 MiB, 16384 MiB, 43.69 W, 53
2026/09/17 20:10:26.397, 0 %, 0 %, 6920 MiB, 16384 MiB, 43.89 W, 53
2026/09/17 20:10:27.400, 6 %, 0 %, 6920 MiB, 16384 MiB, 43.85 W, 53
2026/09/17 20:10:28.402, 6 %, 0 %, 6920 MiB, 16384 MiB, 43.95 W, 53
2026/09/17 20:10:29.405, 22 %, 1 %, 6920 MiB, 16384 MiB, 44.11 W, 53
2026/09/17 20:10:30.407, 18 %, 1 %, 6920 MiB, 16384 MiB, 44.42 W, 53
2026/09/17 20:10:31.410, 18 %, 1 %, 6920 MiB, 16384 MiB, 56.79 W, 53
2026/09/17 20:10:32.413, 0 %, 0 %, 6920 MiB, 16384 MiB, 56.24 W, 54
2026/09/17 20:10:33.415, 1 %, 0 %, 6920 MiB, 16384 MiB, 43.46 W, 53
2026/09/17 20:10:34.417, 19 %, 1 %, 6920 MiB, 16384 MiB, 44.56 W, 53
2026/09/17 20:10:35.420, 93 %, 4 %, 6920 MiB, 16384 MiB, 60.04 W, 54
2026/09/17 20:10:36.422, 0 %, 0 %, 6920 MiB, 16384 MiB, 56.34 W, 54
2026/09/17 20:10:37.424, 21 %, 1 %, 6920 MiB, 16384 MiB, 57.03 W, 54
2026/09/17 20:10:38.426, 0 %, 0 %, 6920 MiB, 16384 MiB, 43.92 W, 53
2026/09/17 20:10:39.429, 0 %, 0 %, 6920 MiB, 16384 MiB, 43.90 W, 53
2026/09/17 20:10:40.431, 0 %, 0 %, 6920 MiB, 16384 MiB, 44.01 W, 53
2026/09/17 20:10:41.433, 0 %, 0 %, 6920 MiB, 16384 MiB, 44.04 W, 53
2026/09/17 20:10:42.435, 0 %, 0 %, 6920 MiB, 16384 MiB, 43.86 W, 53
2026/09/17 20:10:43.438, 1 %, 0 %, 6920 MiB, 16384 MiB, 44.05 W, 53
2026/09/17 20:10:44.440, 100 %, 4 %, 6920 MiB, 16384 MiB, 49.23 W, 53
2026/09/17 20:10:45.442, 21 %, 1 %, 6920 MiB, 16384 MiB, 59.51 W, 54
2026/09/17 20:10:46.445, 6 %, 0 %, 6920 MiB, 16384 MiB, 56.97 W, 54
2026/09/17 20:10:47.447, 0 %, 0 %, 6920 MiB, 16384 MiB, 56.48 W, 54
2026/09/17 20:10:48.451, 0 %, 0 %, 6920 MiB, 16384 MiB, 56.57 W, 54
2026/09/17 20:10:49.454, 0 %, 0 %, 6920 MiB, 16384 MiB, 44.05 W, 53
2026/09/17 20:10:50.458, 0 %, 0 %, 6920 MiB, 16384 MiB, 43.63 W, 53
2026/09/17 20:10:51.461, 0 %, 0 %, 6920 MiB, 16384 MiB, 43.89 W, 53
2026/09/17 20:10:52.465, 4 %, 1 %, 5190 MiB, 16384 MiB, 44.86 W, 53
2026/09/17 20:10:53.468, 0 %, 0 %, 5190 MiB, 16384 MiB, 43.59 W, 53
2026/09/17 20:10:54.472, 0 %, 0 %, 8538 MiB, 16384 MiB, 44.19 W, 53
2026/09/17 20:10:55.475, 0 %, 0 %, 8538 MiB, 16384 MiB, 44.30 W, 53
2026/09/17 20:10:56.478, 0 %, 0 %, 8538 MiB, 16384 MiB, 43.91 W, 53
2026/09/17 20:10:57.482, 0 %, 0 %, 8538 MiB, 16384 MiB, 44.18 W, 53
2026/09/17 20:10:58.485, 0 %, 0 %, 8538 MiB, 16384 MiB, 44.06 W, 53
2026/09/17 20:10:59.488, 2 %, 3 %, 8546 MiB, 16384 MiB, 45.99 W, 53
2026/09/17 20:11:00.490, 15 %, 3 %, 8754 MiB, 16384 MiB, 59.44 W, 54
2026/09/17 20:11:01.494, 100 %, 45 %, 9590 MiB, 16384 MiB, 58.59 W, 55
2026/09/17 20:11:02.496, 35 %, 7 %, 9590 MiB, 16384 MiB, 130.78 W, 58
2026/09/17 20:11:03.500, 75 %, 53 %, 9590 MiB, 16384 MiB, 195.98 W, 59
2026/09/17 20:11:04.503, 100 %, 43 %, 9590 MiB, 16384 MiB, 213.36 W, 57
2026/09/17 20:11:05.505, 54 %, 4 %, 9590 MiB, 16384 MiB, 61.33 W, 56
2026/09/17 20:11:06.508, 100 %, 70 %, 9590 MiB, 16384 MiB, 194.92 W, 58
2026/09/17 20:11:07.510, 76 %, 52 %, 9590 MiB, 16384 MiB, 128.16 W, 60
2026/09/17 20:11:08.513, 100 %, 44 %, 9590 MiB, 16384 MiB, 61.95 W, 57
2026/09/17 20:11:09.515, 48 %, 3 %, 9590 MiB, 16384 MiB, 217.77 W, 61
2026/09/17 20:11:10.518, 100 %, 64 %, 9590 MiB, 16384 MiB, 176.17 W, 61
2026/09/17 20:11:11.520, 100 %, 61 %, 9590 MiB, 16384 MiB, 61.45 W, 58
2026/09/17 20:11:12.523, 66 %, 4 %, 9590 MiB, 16384 MiB, 139.70 W, 61
2026/09/17 20:11:13.526, 95 %, 65 %, 9590 MiB, 16384 MiB, 163.64 W, 62
2026/09/17 20:11:14.529, 100 %, 56 %, 9590 MiB, 16384 MiB, 89.31 W, 60
2026/09/17 20:11:15.532, 100 %, 15 %, 9590 MiB, 16384 MiB, 61.58 W, 59
2026/09/17 20:11:16.534, 52 %, 38 %, 9590 MiB, 16384 MiB, 186.72 W, 61
2026/09/17 20:11:17.537, 100 %, 50 %, 9590 MiB, 16384 MiB, 63.33 W, 60
2026/09/17 20:11:18.539, 100 %, 29 %, 9590 MiB, 16384 MiB, 62.85 W, 60
2026/09/17 20:11:19.542, 40 %, 15 %, 9590 MiB, 16384 MiB, 184.73 W, 64
2026/09/17 20:11:20.548, 0 %, 0 %, 9590 MiB, 16384 MiB, 59.82 W, 60
2026/09/17 20:11:21.550, 24 %, 22 %, 9590 MiB, 16384 MiB, 55.58 W, 59
2026/09/17 20:11:22.553, 100 %, 9 %, 15476 MiB, 16384 MiB, 63.07 W, 61
2026/09/17 20:11:23.563, 100 %, 8 %, 15476 MiB, 16384 MiB, 78.70 W, 60
2026/09/17 20:11:24.566, 86 %, 10 %, 15476 MiB, 16384 MiB, 63.40 W, 60
2026/09/17 20:11:25.568, 66 %, 9 %, 15476 MiB, 16384 MiB, 62.72 W, 61
2026/09/17 20:11:26.571, 100 %, 6 %, 15476 MiB, 16384 MiB, 62.98 W, 61
2026/09/17 20:11:27.574, 100 %, 8 %, 15476 MiB, 16384 MiB, 63.06 W, 60
2026/09/17 20:11:28.576, 100 %, 8 %, 15476 MiB, 16384 MiB, 63.32 W, 60
2026/09/17 20:11:29.579, 45 %, 9 %, 15476 MiB, 16384 MiB, 68.01 W, 60
2026/09/17 20:11:30.582, 50 %, 9 %, 15476 MiB, 16384 MiB, 91.99 W, 60
2026/09/17 20:11:31.586, 75 %, 5 %, 15476 MiB, 16384 MiB, 60.84 W, 60
2026/09/17 20:11:32.590, 100 %, 9 %, 15476 MiB, 16384 MiB, 68.93 W, 60
2026/09/17 20:11:33.593, 100 %, 9 %, 15476 MiB, 16384 MiB, 79.17 W, 60
2026/09/17 20:11:34.597, 87 %, 12 %, 15476 MiB, 16384 MiB, 77.29 W, 60
2026/09/17 20:11:35.600, 93 %, 5 %, 15476 MiB, 16384 MiB, 61.93 W, 62
2026/09/17 20:11:36.607, 0 %, 0 %, 15476 MiB, 16384 MiB, 58.21 W, 60
2026/09/17 20:11:37.609, 0 %, 0 %, 15476 MiB, 16384 MiB, 55.88 W, 60
2026/09/17 20:11:38.612, 0 %, 0 %, 15476 MiB, 16384 MiB, 47.66 W, 59
2026/09/17 20:11:39.615, 35 %, 3 %, 15708 MiB, 16384 MiB, 87.11 W, 60
2026/09/17 20:11:40.619, 100 %, 32 %, 15708 MiB, 16384 MiB, 252.78 W, 63
2026/09/17 20:11:41.621, 100 %, 47 %, 15708 MiB, 16384 MiB, 111.43 W, 63
2026/09/17 20:11:42.625, 100 %, 3 %, 15708 MiB, 16384 MiB, 116.52 W, 66
2026/09/17 20:11:43.629, 100 %, 46 %, 15708 MiB, 16384 MiB, 112.26 W, 64
2026/09/17 20:11:44.632, 100 %, 4 %, 15708 MiB, 16384 MiB, 117.40 W, 67
2026/09/17 20:11:45.635, 100 %, 26 %, 15708 MiB, 16384 MiB, 241.36 W, 65
2026/09/17 20:11:46.638, 100 %, 6 %, 15708 MiB, 16384 MiB, 122.99 W, 64
2026/09/17 20:11:47.640, 100 %, 42 %, 15708 MiB, 16384 MiB, 205.46 W, 64
2026/09/17 20:11:48.642, 100 %, 44 %, 15708 MiB, 16384 MiB, 108.79 W, 65
2026/09/17 20:11:49.645, 100 %, 9 %, 15708 MiB, 16384 MiB, 119.22 W, 66
2026/09/17 20:11:50.647, 100 %, 34 %, 15708 MiB, 16384 MiB, 64.96 W, 64
2026/09/17 20:11:51.650, 100 %, 3 %, 15708 MiB, 16384 MiB, 135.49 W, 69
2026/09/17 20:11:52.653, 100 %, 36 %, 15708 MiB, 16384 MiB, 240.87 W, 67
2026/09/17 20:11:53.660, 100 %, 47 %, 15708 MiB, 16384 MiB, 107.58 W, 66
2026/09/17 20:11:54.662, 100 %, 3 %, 15708 MiB, 16384 MiB, 122.13 W, 67
2026/09/17 20:11:55.664, 100 %, 34 %, 15708 MiB, 16384 MiB, 65.41 W, 66
2026/09/17 20:11:56.670, 100 %, 3 %, 15708 MiB, 16384 MiB, 117.17 W, 67
2026/09/17 20:11:57.673, 100 %, 28 %, 15708 MiB, 16384 MiB, 123.26 W, 69
2026/09/17 20:11:58.677, 100 %, 6 %, 15708 MiB, 16384 MiB, 65.20 W, 67
2026/09/17 20:11:59.682, 100 %, 41 %, 15708 MiB, 16384 MiB, 185.33 W, 69
2026/09/17 20:12:00.686, 100 %, 45 %, 15708 MiB, 16384 MiB, 191.05 W, 68
2026/09/17 20:12:01.688, 100 %, 44 %, 15708 MiB, 16384 MiB, 113.96 W, 68
2026/09/17 20:12:02.691, 100 %, 5 %, 15708 MiB, 16384 MiB, 123.66 W, 72
2026/09/17 20:12:03.698, 100 %, 38 %, 15708 MiB, 16384 MiB, 119.97 W, 69
2026/09/17 20:12:04.700, 100 %, 39 %, 15708 MiB, 16384 MiB, 122.94 W, 71
2026/09/17 20:12:05.702, 100 %, 0 %, 15708 MiB, 16384 MiB, 242.05 W, 69
2026/09/17 20:12:06.705, 100 %, 22 %, 15708 MiB, 16384 MiB, 139.19 W, 69
2026/09/17 20:12:07.707, 100 %, 4 %, 15708 MiB, 16384 MiB, 168.15 W, 69
2026/09/17 20:12:08.709, 100 %, 44 %, 15708 MiB, 16384 MiB, 115.18 W, 69
2026/09/17 20:12:09.712, 100 %, 45 %, 15708 MiB, 16384 MiB, 123.14 W, 71
2026/09/17 20:12:10.714, 100 %, 46 %, 15708 MiB, 16384 MiB, 66.89 W, 68
2026/09/17 20:12:11.717, 100 %, 32 %, 15708 MiB, 16384 MiB, 155.62 W, 73
2026/09/17 20:12:12.719, 100 %, 2 %, 15708 MiB, 16384 MiB, 209.76 W, 70
2026/09/17 20:12:13.724, 100 %, 27 %, 15708 MiB, 16384 MiB, 64.04 W, 69
2026/09/17 20:12:14.727, 100 %, 45 %, 15708 MiB, 16384 MiB, 116.53 W, 70
2026/09/17 20:12:15.732, 100 %, 13 %, 15708 MiB, 16384 MiB, 129.65 W, 70
2026/09/17 20:12:16.734, 100 %, 0 %, 15708 MiB, 16384 MiB, 125.40 W, 70
2026/09/17 20:12:17.736, 100 %, 0 %, 15708 MiB, 16384 MiB, 125.39 W, 71
2026/09/17 20:12:18.739, 100 %, 3 %, 15708 MiB, 16384 MiB, 127.76 W, 73
2026/09/17 20:12:19.741, 100 %, 0 %, 15708 MiB, 16384 MiB, 127.77 W, 74
2026/09/17 20:12:20.745, 100 %, 47 %, 15708 MiB, 16384 MiB, 157.06 W, 71
2026/09/17 20:12:21.751, 100 %, 8 %, 15708 MiB, 16384 MiB, 128.72 W, 71
2026/09/17 20:12:22.753, 100 %, 0 %, 15708 MiB, 16384 MiB, 125.43 W, 71
2026/09/17 20:12:23.755, 100 %, 0 %, 15708 MiB, 16384 MiB, 126.65 W, 71
2026/09/17 20:12:24.757, 100 %, 3 %, 15708 MiB, 16384 MiB, 128.07 W, 73
2026/09/17 20:12:25.759, 100 %, 0 %, 15708 MiB, 16384 MiB, 128.05 W, 74
2026/09/17 20:12:26.764, 100 %, 47 %, 15708 MiB, 16384 MiB, 140.59 W, 71
2026/09/17 20:12:27.769, 100 %, 5 %, 15708 MiB, 16384 MiB, 125.71 W, 71
2026/09/17 20:12:28.771, 100 %, 2 %, 15708 MiB, 16384 MiB, 125.38 W, 71
2026/09/17 20:12:29.773, 100 %, 6 %, 15708 MiB, 16384 MiB, 131.68 W, 72
2026/09/17 20:12:30.775, 100 %, 0 %, 15708 MiB, 16384 MiB, 128.98 W, 72
2026/09/17 20:12:31.778, 100 %, 0 %, 15708 MiB, 16384 MiB, 132.01 W, 75
2026/09/17 20:12:32.782, 100 %, 45 %, 15708 MiB, 16384 MiB, 82.89 W, 70
2026/09/17 20:12:33.784, 100 %, 46 %, 15708 MiB, 16384 MiB, 118.50 W, 72
2026/09/17 20:12:34.786, 100 %, 2 %, 15708 MiB, 16384 MiB, 126.02 W, 72
2026/09/17 20:12:35.788, 100 %, 6 %, 15708 MiB, 16384 MiB, 132.85 W, 72
2026/09/17 20:12:36.790, 100 %, 0 %, 15708 MiB, 16384 MiB, 128.99 W, 72
2026/09/17 20:12:37.793, 100 %, 0 %, 15708 MiB, 16384 MiB, 167.44 W, 75
2026/09/17 20:12:38.798, 100 %, 41 %, 15708 MiB, 16384 MiB, 62.51 W, 71
2026/09/17 20:12:39.800, 100 %, 38 %, 15708 MiB, 16384 MiB, 119.21 W, 72
2026/09/17 20:12:40.803, 100 %, 6 %, 15708 MiB, 16384 MiB, 130.79 W, 72
2026/09/17 20:12:41.805, 100 %, 0 %, 15708 MiB, 16384 MiB, 128.34 W, 72
2026/09/17 20:12:42.807, 100 %, 0 %, 15708 MiB, 16384 MiB, 127.84 W, 72
2026/09/17 20:12:43.809, 100 %, 0 %, 15708 MiB, 16384 MiB, 198.57 W, 75
2026/09/17 20:12:44.812, 100 %, 16 %, 15708 MiB, 16384 MiB, 245.35 W, 74
2026/09/17 20:12:45.815, 100 %, 40 %, 15708 MiB, 16384 MiB, 121.29 W, 72
2026/09/17 20:12:46.817, 100 %, 4 %, 15708 MiB, 16384 MiB, 139.64 W, 72
2026/09/17 20:12:47.819, 100 %, 0 %, 15708 MiB, 16384 MiB, 125.58 W, 72
2026/09/17 20:12:48.823, 100 %, 0 %, 15708 MiB, 16384 MiB, 126.99 W, 72
2026/09/17 20:12:49.825, 100 %, 1 %, 15708 MiB, 16384 MiB, 128.55 W, 73
2026/09/17 20:12:50.827, 100 %, 8 %, 15708 MiB, 16384 MiB, 129.04 W, 76
2026/09/17 20:12:51.830, 100 %, 43 %, 15708 MiB, 16384 MiB, 169.29 W, 73
2026/09/17 20:12:52.832, 100 %, 4 %, 15708 MiB, 16384 MiB, 130.54 W, 72
2026/09/17 20:12:53.835, 100 %, 1 %, 15708 MiB, 16384 MiB, 125.49 W, 73
2026/09/17 20:12:54.837, 100 %, 6 %, 15708 MiB, 16384 MiB, 132.40 W, 73
2026/09/17 20:12:55.839, 100 %, 0 %, 15708 MiB, 16384 MiB, 129.42 W, 73
2026/09/17 20:12:56.841, 100 %, 0 %, 15708 MiB, 16384 MiB, 129.61 W, 73
2026/09/17 20:12:57.845, 100 %, 0 %, 15708 MiB, 16384 MiB, 225.16 W, 72
2026/09/17 20:12:58.848, 100 %, 4 %, 15708 MiB, 16384 MiB, 153.96 W, 73
2026/09/17 20:12:59.853, 100 %, 46 %, 15708 MiB, 16384 MiB, 129.50 W, 73
2026/09/17 20:13:00.856, 100 %, 4 %, 15708 MiB, 16384 MiB, 127.23 W, 73
2026/09/17 20:13:01.859, 100 %, 1 %, 15708 MiB, 16384 MiB, 127.35 W, 73
2026/09/17 20:13:02.861, 100 %, 0 %, 15708 MiB, 16384 MiB, 129.20 W, 73
2026/09/17 20:13:03.863, 100 %, 2 %, 15708 MiB, 16384 MiB, 246.46 W, 73
2026/09/17 20:13:04.866, 100 %, 0 %, 15708 MiB, 16384 MiB, 191.97 W, 73
2026/09/17 20:13:05.870, 100 %, 48 %, 15708 MiB, 16384 MiB, 128.43 W, 73
2026/09/17 20:13:06.872, 100 %, 5 %, 15708 MiB, 16384 MiB, 127.06 W, 73
2026/09/17 20:13:07.875, 100 %, 2 %, 15708 MiB, 16384 MiB, 127.49 W, 73
2026/09/17 20:13:08.877, 100 %, 6 %, 15708 MiB, 16384 MiB, 130.33 W, 73
2026/09/17 20:13:09.879, 100 %, 0 %, 15708 MiB, 16384 MiB, 129.64 W, 73
2026/09/17 20:13:10.881, 100 %, 0 %, 15708 MiB, 16384 MiB, 247.81 W, 74
2026/09/17 20:13:11.887, 100 %, 43 %, 15708 MiB, 16384 MiB, 107.79 W, 73
2026/09/17 20:13:12.891, 100 %, 49 %, 15708 MiB, 16384 MiB, 125.85 W, 73
2026/09/17 20:13:13.893, 100 %, 6 %, 15708 MiB, 16384 MiB, 132.42 W, 73
2026/09/17 20:13:14.895, 100 %, 0 %, 15708 MiB, 16384 MiB, 129.74 W, 73
2026/09/17 20:13:15.897, 100 %, 0 %, 15708 MiB, 16384 MiB, 129.69 W, 73
2026/09/17 20:13:16.899, 100 %, 0 %, 15708 MiB, 16384 MiB, 238.58 W, 75
2026/09/17 20:13:17.904, 100 %, 45 %, 15708 MiB, 16384 MiB, 92.78 W, 74
2026/09/17 20:13:18.909, 100 %, 49 %, 15708 MiB, 16384 MiB, 124.45 W, 73
2026/09/17 20:13:19.911, 100 %, 5 %, 15708 MiB, 16384 MiB, 131.39 W, 73
2026/09/17 20:13:20.913, 100 %, 0 %, 15708 MiB, 16384 MiB, 128.61 W, 73
2026/09/17 20:13:21.915, 100 %, 0 %, 15708 MiB, 16384 MiB, 129.12 W, 73
2026/09/17 20:13:22.917, 100 %, 7 %, 15708 MiB, 16384 MiB, 124.91 W, 73
2026/09/17 20:13:23.919, 100 %, 8 %, 15708 MiB, 16384 MiB, 236.80 W, 73
2026/09/17 20:13:24.922, 60 %, 4 %, 15708 MiB, 16384 MiB, 128.18 W, 73
2026/09/17 20:13:25.924, 100 %, 46 %, 15708 MiB, 16384 MiB, 103.91 W, 72
2026/09/17 20:13:26.926, 100 %, 46 %, 15708 MiB, 16384 MiB, 116.56 W, 73
2026/09/17 20:13:27.929, 100 %, 3 %, 15708 MiB, 16384 MiB, 127.28 W, 74
2026/09/17 20:13:28.931, 100 %, 44 %, 15708 MiB, 16384 MiB, 66.13 W, 72
2026/09/17 20:13:29.936, 100 %, 25 %, 15708 MiB, 16384 MiB, 127.17 W, 74
2026/09/17 20:13:30.939, 100 %, 3 %, 15708 MiB, 16384 MiB, 130.87 W, 77
2026/09/17 20:13:31.941, 100 %, 19 %, 15708 MiB, 16384 MiB, 252.53 W, 75
2026/09/17 20:13:32.944, 100 %, 7 %, 15708 MiB, 16384 MiB, 126.65 W, 73
2026/09/17 20:13:33.946, 100 %, 12 %, 15708 MiB, 16384 MiB, 234.49 W, 76
2026/09/17 20:13:34.949, 100 %, 46 %, 15708 MiB, 16384 MiB, 155.05 W, 74
2026/09/17 20:13:35.952, 100 %, 5 %, 15708 MiB, 16384 MiB, 127.10 W, 74
2026/09/17 20:13:36.954, 100 %, 43 %, 15708 MiB, 16384 MiB, 155.37 W, 73
2026/09/17 20:13:37.956, 100 %, 44 %, 15708 MiB, 16384 MiB, 230.78 W, 74
2026/09/17 20:13:38.958, 100 %, 24 %, 15708 MiB, 16384 MiB, 119.41 W, 74
2026/09/17 20:13:39.961, 100 %, 0 %, 15708 MiB, 16384 MiB, 127.21 W, 75
2026/09/17 20:13:40.963, 100 %, 32 %, 15708 MiB, 16384 MiB, 129.00 W, 74
2026/09/17 20:13:41.967, 100 %, 3 %, 15708 MiB, 16384 MiB, 123.31 W, 74
2026/09/17 20:13:42.969, 100 %, 17 %, 15708 MiB, 16384 MiB, 128.72 W, 77
2026/09/17 20:13:43.972, 100 %, 7 %, 15708 MiB, 16384 MiB, 68.88 W, 74
2026/09/17 20:13:44.974, 100 %, 45 %, 15708 MiB, 16384 MiB, 129.73 W, 77
2026/09/17 20:13:45.980, 100 %, 16 %, 15708 MiB, 16384 MiB, 227.76 W, 76
2026/09/17 20:13:46.988, 100 %, 0 %, 15708 MiB, 16384 MiB, 186.43 W, 74
2026/09/17 20:13:47.994, 100 %, 25 %, 15708 MiB, 16384 MiB, 198.65 W, 76
2026/09/17 20:13:48.997, 100 %, 3 %, 15708 MiB, 16384 MiB, 238.77 W, 74
2026/09/17 20:13:49.999, 100 %, 20 %, 15708 MiB, 16384 MiB, 129.26 W, 74
2026/09/17 20:13:51.002, 100 %, 7 %, 15708 MiB, 16384 MiB, 127.75 W, 74
2026/09/17 20:13:52.004, 100 %, 10 %, 15708 MiB, 16384 MiB, 108.26 W, 73
2026/09/17 20:13:53.006, 100 %, 42 %, 15708 MiB, 16384 MiB, 122.35 W, 74
2026/09/17 20:13:54.010, 100 %, 48 %, 15708 MiB, 16384 MiB, 126.14 W, 74
2026/09/17 20:13:55.012, 100 %, 36 %, 15708 MiB, 16384 MiB, 68.60 W, 73
2026/09/17 20:13:56.014, 100 %, 48 %, 15708 MiB, 16384 MiB, 125.44 W, 74
2026/09/17 20:13:57.016, 100 %, 37 %, 15708 MiB, 16384 MiB, 124.95 W, 75
2026/09/17 20:13:58.019, 100 %, 20 %, 15708 MiB, 16384 MiB, 248.68 W, 73
2026/09/17 20:13:59.021, 100 %, 37 %, 15708 MiB, 16384 MiB, 185.03 W, 74
2026/09/17 20:14:00.023, 100 %, 25 %, 15712 MiB, 16384 MiB, 129.69 W, 74
2026/09/17 20:14:01.025, 100 %, 2 %, 15712 MiB, 16384 MiB, 127.64 W, 74
2026/09/17 20:14:02.029, 100 %, 0 %, 15712 MiB, 16384 MiB, 128.24 W, 74
2026/09/17 20:14:03.031, 100 %, 5 %, 15712 MiB, 16384 MiB, 131.51 W, 74
2026/09/17 20:14:04.033, 100 %, 0 %, 15712 MiB, 16384 MiB, 130.57 W, 77
2026/09/17 20:14:05.035, 100 %, 40 %, 15712 MiB, 16384 MiB, 172.46 W, 74
2026/09/17 20:14:06.038, 100 %, 20 %, 15712 MiB, 16384 MiB, 129.96 W, 74
2026/09/17 20:14:07.040, 100 %, 0 %, 15712 MiB, 16384 MiB, 127.96 W, 74
2026/09/17 20:14:08.044, 100 %, 0 %, 15712 MiB, 16384 MiB, 128.95 W, 74
2026/09/17 20:14:09.046, 100 %, 3 %, 15712 MiB, 16384 MiB, 130.99 W, 74
2026/09/17 20:14:10.048, 100 %, 0 %, 15712 MiB, 16384 MiB, 130.98 W, 76
2026/09/17 20:14:11.051, 100 %, 44 %, 15712 MiB, 16384 MiB, 158.23 W, 74
2026/09/17 20:14:12.055, 100 %, 14 %, 15712 MiB, 16384 MiB, 138.32 W, 74
2026/09/17 20:14:13.057, 100 %, 3 %, 15712 MiB, 16384 MiB, 127.67 W, 74
2026/09/17 20:14:14.060, 100 %, 6 %, 15712 MiB, 16384 MiB, 134.24 W, 74
2026/09/17 20:14:15.062, 100 %, 0 %, 15712 MiB, 16384 MiB, 130.70 W, 74
2026/09/17 20:14:16.066, 100 %, 0 %, 15712 MiB, 16384 MiB, 130.64 W, 76
2026/09/17 20:14:17.069, 100 %, 44 %, 15712 MiB, 16384 MiB, 114.01 W, 73
2026/09/17 20:14:18.072, 100 %, 47 %, 15712 MiB, 16384 MiB, 121.31 W, 74
2026/09/17 20:14:19.076, 100 %, 3 %, 15712 MiB, 16384 MiB, 127.47 W, 74
2026/09/17 20:14:20.078, 100 %, 6 %, 15712 MiB, 16384 MiB, 133.95 W, 74
2026/09/17 20:14:21.080, 100 %, 0 %, 15712 MiB, 16384 MiB, 130.62 W, 74
2026/09/17 20:14:22.082, 100 %, 0 %, 15712 MiB, 16384 MiB, 130.65 W, 74
2026/09/17 20:14:23.084, 100 %, 42 %, 15712 MiB, 16384 MiB, 100.85 W, 73
2026/09/17 20:14:24.088, 100 %, 46 %, 15712 MiB, 16384 MiB, 112.26 W, 74
2026/09/17 20:14:25.093, 100 %, 5 %, 15712 MiB, 16384 MiB, 132.45 W, 74
2026/09/17 20:14:26.095, 100 %, 0 %, 15712 MiB, 16384 MiB, 127.86 W, 74
2026/09/17 20:14:27.097, 100 %, 0 %, 15712 MiB, 16384 MiB, 128.26 W, 74
2026/09/17 20:14:28.099, 100 %, 1 %, 15712 MiB, 16384 MiB, 131.08 W, 74
2026/09/17 20:14:29.101, 100 %, 0 %, 15712 MiB, 16384 MiB, 130.65 W, 78
2026/09/17 20:14:30.104, 100 %, 46 %, 15712 MiB, 16384 MiB, 208.25 W, 74
2026/09/17 20:14:31.110, 100 %, 4 %, 15712 MiB, 16384 MiB, 123.37 W, 74
2026/09/17 20:14:32.114, 100 %, 2 %, 15712 MiB, 16384 MiB, 126.56 W, 74
2026/09/17 20:14:33.116, 100 %, 0 %, 15712 MiB, 16384 MiB, 128.19 W, 74
2026/09/17 20:14:34.118, 100 %, 2 %, 15712 MiB, 16384 MiB, 131.78 W, 74
2026/09/17 20:14:35.120, 100 %, 0 %, 15712 MiB, 16384 MiB, 130.64 W, 77
2026/09/17 20:14:36.125, 100 %, 44 %, 15712 MiB, 16384 MiB, 194.47 W, 74
2026/09/17 20:14:37.129, 100 %, 4 %, 15712 MiB, 16384 MiB, 126.90 W, 74
2026/09/17 20:14:38.132, 100 %, 1 %, 15712 MiB, 16384 MiB, 127.39 W, 74
2026/09/17 20:14:39.134, 100 %, 6 %, 15712 MiB, 16384 MiB, 134.08 W, 74
2026/09/17 20:14:40.136, 100 %, 0 %, 15712 MiB, 16384 MiB, 130.83 W, 74
2026/09/17 20:14:41.139, 100 %, 1 %, 15712 MiB, 16384 MiB, 131.11 W, 76
2026/09/17 20:14:42.141, 100 %, 43 %, 15712 MiB, 16384 MiB, 154.19 W, 73
2026/09/17 20:14:43.146, 100 %, 38 %, 15712 MiB, 16384 MiB, 128.31 W, 74
2026/09/17 20:14:44.150, 100 %, 6 %, 15712 MiB, 16384 MiB, 132.42 W, 74
2026/09/17 20:14:45.156, 100 %, 0 %, 15712 MiB, 16384 MiB, 129.26 W, 74
2026/09/17 20:14:46.161, 100 %, 0 %, 15712 MiB, 16384 MiB, 129.75 W, 74
2026/09/17 20:14:47.164, 100 %, 0 %, 15712 MiB, 16384 MiB, 131.07 W, 76
2026/09/17 20:14:48.167, 100 %, 1 %, 15712 MiB, 16384 MiB, 131.02 W, 73
2026/09/17 20:14:49.169, 100 %, 18 %, 15712 MiB, 16384 MiB, 121.93 W, 74
2026/09/17 20:14:50.171, 100 %, 37 %, 15712 MiB, 16384 MiB, 133.02 W, 74
2026/09/17 20:14:51.175, 100 %, 3 %, 15712 MiB, 16384 MiB, 129.48 W, 74
2026/09/17 20:14:52.177, 100 %, 0 %, 15712 MiB, 16384 MiB, 130.27 W, 74
2026/09/17 20:14:53.179, 100 %, 5 %, 15712 MiB, 16384 MiB, 130.91 W, 74
2026/09/17 20:14:54.181, 100 %, 0 %, 15712 MiB, 16384 MiB, 174.00 W, 78
2026/09/17 20:14:55.184, 100 %, 21 %, 15712 MiB, 16384 MiB, 122.86 W, 74
2026/09/17 20:14:56.187, 100 %, 35 %, 15712 MiB, 16384 MiB, 127.68 W, 74
2026/09/17 20:14:57.189, 100 %, 19 %, 15712 MiB, 16384 MiB, 128.04 W, 74
2026/09/17 20:14:58.191, 100 %, 7 %, 15712 MiB, 16384 MiB, 134.38 W, 74
2026/09/17 20:14:59.193, 100 %, 0 %, 15712 MiB, 16384 MiB, 131.24 W, 74
2026/09/17 20:15:00.195, 100 %, 0 %, 15712 MiB, 16384 MiB, 196.63 W, 78
2026/09/17 20:15:01.200, 100 %, 25 %, 15712 MiB, 16384 MiB, 230.49 W, 74
2026/09/17 20:15:02.202, 100 %, 31 %, 15712 MiB, 16384 MiB, 117.17 W, 74
2026/09/17 20:15:03.205, 100 %, 15 %, 15712 MiB, 16384 MiB, 126.66 W, 74
2026/09/17 20:15:04.207, 100 %, 6 %, 15712 MiB, 16384 MiB, 133.72 W, 74
2026/09/17 20:15:05.209, 100 %, 0 %, 15712 MiB, 16384 MiB, 131.77 W, 74
2026/09/17 20:15:06.211, 100 %, 0 %, 15712 MiB, 16384 MiB, 131.55 W, 77
2026/09/17 20:15:07.216, 0 %, 1 %, 15712 MiB, 16384 MiB, 81.22 W, 72
2026/09/17 20:15:08.218, 90 %, 5 %, 15712 MiB, 16384 MiB, 70.45 W, 72
2026/09/17 20:15:09.221, 52 %, 9 %, 15712 MiB, 16384 MiB, 71.13 W, 72
2026/09/17 20:15:10.223, 41 %, 9 %, 15712 MiB, 16384 MiB, 81.65 W, 71
2026/09/17 20:15:11.226, 57 %, 4 %, 15712 MiB, 16384 MiB, 79.36 W, 71
2026/09/17 20:15:12.230, 45 %, 9 %, 15712 MiB, 16384 MiB, 70.46 W, 71
2026/09/17 20:15:13.234, 58 %, 9 %, 15712 MiB, 16384 MiB, 70.63 W, 70
2026/09/17 20:15:14.236, 58 %, 9 %, 15712 MiB, 16384 MiB, 77.91 W, 70
2026/09/17 20:15:15.238, 65 %, 9 %, 15712 MiB, 16384 MiB, 68.68 W, 70
2026/09/17 20:15:16.241, 53 %, 9 %, 15712 MiB, 16384 MiB, 68.66 W, 70
2026/09/17 20:15:17.243, 43 %, 9 %, 15712 MiB, 16384 MiB, 77.65 W, 69
2026/09/17 20:15:18.245, 100 %, 8 %, 15712 MiB, 16384 MiB, 68.40 W, 69
2026/09/17 20:15:19.247, 100 %, 8 %, 15712 MiB, 16384 MiB, 68.40 W, 69
2026/09/17 20:15:20.250, 100 %, 8 %, 15712 MiB, 16384 MiB, 67.62 W, 69
2026/09/17 20:15:21.252, 70 %, 12 %, 15712 MiB, 16384 MiB, 83.90 W, 69
2026/09/17 20:15:22.254, 100 %, 8 %, 15712 MiB, 16384 MiB, 67.34 W, 69
2026/09/17 20:15:23.256, 100 %, 8 %, 15712 MiB, 16384 MiB, 73.06 W, 68
2026/09/17 20:15:24.259, 81 %, 9 %, 15712 MiB, 16384 MiB, 73.16 W, 68
2026/09/17 20:15:25.262, 68 %, 9 %, 15712 MiB, 16384 MiB, 67.11 W, 68
2026/09/17 20:15:26.266, 100 %, 7 %, 15712 MiB, 16384 MiB, 68.89 W, 67
2026/09/17 20:15:27.270, 100 %, 8 %, 15712 MiB, 16384 MiB, 68.49 W, 67
2026/09/17 20:15:28.273, 100 %, 8 %, 15712 MiB, 16384 MiB, 67.66 W, 67
2026/09/17 20:15:29.278, 56 %, 9 %, 15712 MiB, 16384 MiB, 67.34 W, 67
2026/09/17 20:15:30.282, 61 %, 9 %, 15712 MiB, 16384 MiB, 67.23 W, 67
2026/09/17 20:15:31.285, 54 %, 9 %, 15712 MiB, 16384 MiB, 75.99 W, 67
2026/09/17 20:15:32.289, 100 %, 8 %, 15712 MiB, 16384 MiB, 67.11 W, 66
2026/09/17 20:15:33.292, 100 %, 8 %, 15712 MiB, 16384 MiB, 67.12 W, 66
2026/09/17 20:15:34.295, 100 %, 7 %, 15712 MiB, 16384 MiB, 66.95 W, 66
2026/09/17 20:15:35.297, 70 %, 13 %, 15712 MiB, 16384 MiB, 65.75 W, 66
2026/09/17 20:15:36.300, 77 %, 5 %, 15712 MiB, 16384 MiB, 74.67 W, 66
2026/09/17 20:15:37.302, 100 %, 8 %, 15712 MiB, 16384 MiB, 66.87 W, 66
2026/09/17 20:15:38.304, 100 %, 8 %, 15712 MiB, 16384 MiB, 69.63 W, 65
2026/09/17 20:15:39.307, 100 %, 10 %, 15712 MiB, 16384 MiB, 72.24 W, 65
2026/09/17 20:15:40.309, 63 %, 4 %, 15712 MiB, 16384 MiB, 75.12 W, 65
2026/09/17 20:15:41.311, 87 %, 5 %, 15712 MiB, 16384 MiB, 64.26 W, 65
2026/09/17 20:15:42.314, 100 %, 8 %, 15712 MiB, 16384 MiB, 66.17 W, 65
2026/09/17 20:15:43.316, 98 %, 11 %, 15712 MiB, 16384 MiB, 71.73 W, 65
2026/09/17 20:15:44.318, 77 %, 10 %, 15712 MiB, 16384 MiB, 66.45 W, 65
2026/09/17 20:15:45.320, 41 %, 8 %, 15712 MiB, 16384 MiB, 65.93 W, 64
2026/09/17 20:15:46.323, 100 %, 8 %, 15712 MiB, 16384 MiB, 68.75 W, 64
2026/09/17 20:15:47.325, 100 %, 8 %, 15712 MiB, 16384 MiB, 67.31 W, 64
2026/09/17 20:15:48.328, 100 %, 7 %, 15712 MiB, 16384 MiB, 71.37 W, 64
2026/09/17 20:15:49.331, 70 %, 13 %, 15712 MiB, 16384 MiB, 65.33 W, 64
2026/09/17 20:15:50.335, 63 %, 9 %, 15712 MiB, 16384 MiB, 74.89 W, 64
2026/09/17 20:15:51.338, 100 %, 8 %, 15712 MiB, 16384 MiB, 65.43 W, 64
2026/09/17 20:15:52.340, 100 %, 8 %, 15712 MiB, 16384 MiB, 65.62 W, 64
2026/09/17 20:15:53.342, 100 %, 8 %, 15712 MiB, 16384 MiB, 71.00 W, 64
2026/09/17 20:15:54.345, 52 %, 9 %, 15712 MiB, 16384 MiB, 75.62 W, 63
2026/09/17 20:15:55.347, 70 %, 4 %, 15712 MiB, 16384 MiB, 74.42 W, 63
2026/09/17 20:15:56.349, 87 %, 5 %, 15712 MiB, 16384 MiB, 73.55 W, 63
2026/09/17 20:15:57.351, 100 %, 8 %, 15712 MiB, 16384 MiB, 65.28 W, 63
2026/09/17 20:15:58.354, 100 %, 8 %, 15712 MiB, 16384 MiB, 70.65 W, 63
2026/09/17 20:15:59.356, 92 %, 12 %, 15712 MiB, 16384 MiB, 69.05 W, 63
2026/09/17 20:16:00.358, 79 %, 5 %, 15712 MiB, 16384 MiB, 73.51 W, 63
2026/09/17 20:16:01.361, 98 %, 6 %, 15712 MiB, 16384 MiB, 62.56 W, 63
2026/09/17 20:16:02.364, 100 %, 8 %, 15712 MiB, 16384 MiB, 64.88 W, 63
2026/09/17 20:16:03.368, 100 %, 8 %, 15712 MiB, 16384 MiB, 70.29 W, 63
2026/09/17 20:16:04.371, 80 %, 9 %, 15712 MiB, 16384 MiB, 70.95 W, 63
2026/09/17 20:16:05.375, 68 %, 4 %, 15712 MiB, 16384 MiB, 74.63 W, 62
2026/09/17 20:16:06.378, 97 %, 5 %, 15712 MiB, 16384 MiB, 64.79 W, 62
2026/09/17 20:16:07.382, 100 %, 8 %, 15712 MiB, 16384 MiB, 65.65 W, 62
2026/09/17 20:16:08.386, 85 %, 10 %, 15712 MiB, 16384 MiB, 70.01 W, 62
2026/09/17 20:16:09.389, 59 %, 9 %, 15712 MiB, 16384 MiB, 64.70 W, 62
2026/09/17 20:16:10.393, 60 %, 9 %, 15712 MiB, 16384 MiB, 62.76 W, 62
2026/09/17 20:16:11.397, 100 %, 8 %, 15712 MiB, 16384 MiB, 64.13 W, 62
2026/09/17 20:16:12.400, 100 %, 8 %, 15712 MiB, 16384 MiB, 64.48 W, 62
2026/09/17 20:16:13.403, 100 %, 7 %, 15712 MiB, 16384 MiB, 69.97 W, 62
2026/09/17 20:16:14.405, 62 %, 9 %, 15712 MiB, 16384 MiB, 64.00 W, 62
2026/09/17 20:16:15.407, 64 %, 9 %, 15712 MiB, 16384 MiB, 67.70 W, 62
2026/09/17 20:16:16.409, 100 %, 8 %, 15712 MiB, 16384 MiB, 64.44 W, 62
2026/09/17 20:16:17.412, 81 %, 7 %, 15712 MiB, 16384 MiB, 64.27 W, 62
2026/09/17 20:16:18.414, 75 %, 9 %, 15712 MiB, 16384 MiB, 64.99 W, 62
2026/09/17 20:16:19.417, 75 %, 4 %, 15712 MiB, 16384 MiB, 73.93 W, 62
2026/09/17 20:16:20.419, 100 %, 5 %, 15712 MiB, 16384 MiB, 63.16 W, 61
2026/09/17 20:16:21.421, 100 %, 8 %, 15712 MiB, 16384 MiB, 63.73 W, 61
2026/09/17 20:16:22.423, 83 %, 10 %, 15712 MiB, 16384 MiB, 70.82 W, 62
2026/09/17 20:16:23.426, 67 %, 9 %, 15712 MiB, 16384 MiB, 64.38 W, 61
2026/09/17 20:16:24.429, 46 %, 8 %, 15712 MiB, 16384 MiB, 63.12 W, 61
2026/09/17 20:16:25.432, 100 %, 8 %, 15712 MiB, 16384 MiB, 65.87 W, 61
2026/09/17 20:16:26.434, 100 %, 8 %, 15712 MiB, 16384 MiB, 66.55 W, 61
2026/09/17 20:16:27.436, 100 %, 7 %, 15712 MiB, 16384 MiB, 70.96 W, 61
2026/09/17 20:16:28.439, 72 %, 9 %, 15712 MiB, 16384 MiB, 66.58 W, 61
2026/09/17 20:16:29.443, 66 %, 9 %, 15712 MiB, 16384 MiB, 64.08 W, 61
2026/09/17 20:16:30.446, 100 %, 5 %, 15712 MiB, 16384 MiB, 62.69 W, 61
2026/09/17 20:16:31.449, 100 %, 7 %, 15712 MiB, 16384 MiB, 124.19 W, 65
2026/09/17 20:16:32.456, 100 %, 31 %, 15712 MiB, 16384 MiB, 173.83 W, 64
2026/09/17 20:16:33.458, 100 %, 42 %, 15712 MiB, 16384 MiB, 112.36 W, 64
2026/09/17 20:16:34.460, 100 %, 3 %, 15712 MiB, 16384 MiB, 118.56 W, 64
2026/09/17 20:16:35.462, 100 %, 47 %, 15712 MiB, 16384 MiB, 135.29 W, 64
2026/09/17 20:16:36.465, 100 %, 8 %, 15712 MiB, 16384 MiB, 114.61 W, 65
2026/09/17 20:16:37.467, 100 %, 18 %, 15712 MiB, 16384 MiB, 149.27 W, 67
2026/09/17 20:16:38.472, 100 %, 7 %, 15712 MiB, 16384 MiB, 65.58 W, 65
2026/09/17 20:16:39.474, 100 %, 29 %, 15712 MiB, 16384 MiB, 194.77 W, 66
2026/09/17 20:16:40.476, 100 %, 46 %, 15712 MiB, 16384 MiB, 172.17 W, 65
2026/09/17 20:16:41.479, 100 %, 20 %, 15712 MiB, 16384 MiB, 113.36 W, 65
2026/09/17 20:16:42.481, 100 %, 40 %, 15712 MiB, 16384 MiB, 95.64 W, 65
2026/09/17 20:16:43.483, 100 %, 5 %, 15712 MiB, 16384 MiB, 118.49 W, 66
2026/09/17 20:16:44.485, 100 %, 24 %, 15712 MiB, 16384 MiB, 174.84 W, 69
2026/09/17 20:16:45.490, 100 %, 42 %, 15712 MiB, 16384 MiB, 207.04 W, 67
2026/09/17 20:16:46.495, 100 %, 4 %, 15712 MiB, 16384 MiB, 119.21 W, 66
2026/09/17 20:16:47.497, 100 %, 45 %, 15712 MiB, 16384 MiB, 111.00 W, 66
2026/09/17 20:16:48.499, 100 %, 12 %, 15712 MiB, 16384 MiB, 116.44 W, 67
2026/09/17 20:16:49.503, 100 %, 6 %, 15712 MiB, 16384 MiB, 121.36 W, 70
2026/09/17 20:16:50.505, 100 %, 43 %, 15712 MiB, 16384 MiB, 65.04 W, 68
2026/09/17 20:16:51.507, 100 %, 40 %, 15712 MiB, 16384 MiB, 186.18 W, 71
2026/09/17 20:16:52.513, 100 %, 4 %, 15712 MiB, 16384 MiB, 211.26 W, 68
2026/09/17 20:16:53.516, 100 %, 21 %, 15712 MiB, 16384 MiB, 103.58 W, 68
2026/09/17 20:16:54.519, 100 %, 7 %, 15712 MiB, 16384 MiB, 120.39 W, 68
2026/09/17 20:16:55.521, 100 %, 34 %, 15712 MiB, 16384 MiB, 155.42 W, 68
2026/09/17 20:16:56.525, 100 %, 44 %, 15712 MiB, 16384 MiB, 113.92 W, 68
2026/09/17 20:16:57.527, 100 %, 4 %, 15712 MiB, 16384 MiB, 122.09 W, 71
2026/09/17 20:16:58.530, 100 %, 43 %, 15712 MiB, 16384 MiB, 66.25 W, 69
2026/09/17 20:16:59.532, 100 %, 12 %, 15712 MiB, 16384 MiB, 124.14 W, 71
2026/09/17 20:17:00.538, 100 %, 8 %, 15712 MiB, 16384 MiB, 253.23 W, 69
2026/09/17 20:17:01.540, 100 %, 42 %, 15712 MiB, 16384 MiB, 126.62 W, 69
2026/09/17 20:17:02.542, 100 %, 16 %, 15712 MiB, 16384 MiB, 229.20 W, 69
2026/09/17 20:17:03.546, 100 %, 48 %, 15712 MiB, 16384 MiB, 118.35 W, 70
2026/09/17 20:17:04.551, 100 %, 40 %, 15712 MiB, 16384 MiB, 120.11 W, 70
2026/09/17 20:17:05.553, 100 %, 16 %, 15712 MiB, 16384 MiB, 219.18 W, 69
2026/09/17 20:17:06.556, 100 %, 28 %, 15712 MiB, 16384 MiB, 177.61 W, 70
2026/09/17 20:17:07.558, 100 %, 33 %, 15712 MiB, 16384 MiB, 124.07 W, 70
2026/09/17 20:17:08.560, 100 %, 3 %, 15712 MiB, 16384 MiB, 121.95 W, 70
2026/09/17 20:17:09.563, 100 %, 0 %, 15712 MiB, 16384 MiB, 122.68 W, 70
2026/09/17 20:17:10.566, 100 %, 5 %, 15712 MiB, 16384 MiB, 124.97 W, 71
2026/09/17 20:17:11.568, 100 %, 1 %, 15712 MiB, 16384 MiB, 125.00 W, 71
2026/09/17 20:17:12.570, 100 %, 16 %, 15712 MiB, 16384 MiB, 230.18 W, 71
2026/09/17 20:17:13.573, 100 %, 41 %, 15712 MiB, 16384 MiB, 123.76 W, 71
2026/09/17 20:17:14.575, 100 %, 4 %, 15712 MiB, 16384 MiB, 122.10 W, 71
2026/09/17 20:17:15.579, 100 %, 1 %, 15712 MiB, 16384 MiB, 123.22 W, 71
2026/09/17 20:17:16.582, 100 %, 6 %, 15712 MiB, 16384 MiB, 126.43 W, 71
2026/09/17 20:17:17.584, 100 %, 0 %, 15712 MiB, 16384 MiB, 125.64 W, 71
2026/09/17 20:17:18.586, 100 %, 3 %, 15712 MiB, 16384 MiB, 234.45 W, 73
2026/09/17 20:17:19.590, 100 %, 45 %, 15712 MiB, 16384 MiB, 96.99 W, 72
2026/09/17 20:17:20.594, 100 %, 40 %, 15712 MiB, 16384 MiB, 121.10 W, 72
2026/09/17 20:17:21.598, 100 %, 6 %, 15712 MiB, 16384 MiB, 127.87 W, 72
2026/09/17 20:17:22.601, 100 %, 0 %, 15712 MiB, 16384 MiB, 124.50 W, 72
2026/09/17 20:17:23.603, 100 %, 0 %, 15712 MiB, 16384 MiB, 124.89 W, 72
2026/09/17 20:17:24.605, 100 %, 1 %, 15712 MiB, 16384 MiB, 126.13 W, 75
2026/09/17 20:17:25.608, 100 %, 4 %, 15712 MiB, 16384 MiB, 126.11 W, 74
2026/09/17 20:17:26.611, 100 %, 44 %, 15712 MiB, 16384 MiB, 139.59 W, 72
2026/09/17 20:17:27.614, 100 %, 6 %, 15712 MiB, 16384 MiB, 127.41 W, 72
2026/09/17 20:17:28.616, 100 %, 0 %, 15712 MiB, 16384 MiB, 124.36 W, 72
2026/09/17 20:17:29.618, 100 %, 0 %, 15712 MiB, 16384 MiB, 125.09 W, 72
2026/09/17 20:17:30.620, 100 %, 1 %, 15712 MiB, 16384 MiB, 126.90 W, 72
2026/09/17 20:17:31.623, 100 %, 0 %, 15712 MiB, 16384 MiB, 126.47 W, 76
2026/09/17 20:17:32.626, 100 %, 45 %, 15712 MiB, 16384 MiB, 173.65 W, 73
2026/09/17 20:17:33.630, 100 %, 5 %, 15712 MiB, 16384 MiB, 126.69 W, 72
2026/09/17 20:17:34.634, 100 %, 2 %, 15712 MiB, 16384 MiB, 122.32 W, 73
2026/09/17 20:17:35.636, 100 %, 6 %, 15712 MiB, 16384 MiB, 129.07 W, 73
2026/09/17 20:17:36.638, 100 %, 0 %, 15712 MiB, 16384 MiB, 126.24 W, 73
2026/09/17 20:17:37.641, 100 %, 0 %, 15712 MiB, 16384 MiB, 126.49 W, 73
2026/09/17 20:17:38.643, 100 %, 42 %, 15712 MiB, 16384 MiB, 223.76 W, 72
2026/09/17 20:17:39.648, 100 %, 44 %, 15712 MiB, 16384 MiB, 157.49 W, 73
2026/09/17 20:17:40.653, 100 %, 3 %, 15712 MiB, 16384 MiB, 122.26 W, 73
2026/09/17 20:17:41.655, 100 %, 6 %, 15712 MiB, 16384 MiB, 129.35 W, 73
2026/09/17 20:17:42.657, 100 %, 0 %, 15712 MiB, 16384 MiB, 126.89 W, 73
2026/09/17 20:17:43.659, 100 %, 0 %, 15712 MiB, 16384 MiB, 127.05 W, 73
2026/09/17 20:17:44.661, 100 %, 42 %, 15712 MiB, 16384 MiB, 239.09 W, 74
2026/09/17 20:17:45.665, 100 %, 46 %, 15712 MiB, 16384 MiB, 211.38 W, 73
2026/09/17 20:17:46.669, 100 %, 4 %, 15712 MiB, 16384 MiB, 125.88 W, 73
2026/09/17 20:17:47.672, 100 %, 0 %, 15712 MiB, 16384 MiB, 123.90 W, 73
2026/09/17 20:17:48.675, 100 %, 3 %, 15712 MiB, 16384 MiB, 124.98 W, 73
2026/09/17 20:17:49.677, 100 %, 6 %, 15712 MiB, 16384 MiB, 128.32 W, 73
2026/09/17 20:17:50.679, 100 %, 0 %, 15712 MiB, 16384 MiB, 127.41 W, 73
2026/09/17 20:17:51.681, 100 %, 1 %, 15712 MiB, 16384 MiB, 247.66 W, 75
2026/09/17 20:17:52.686, 100 %, 36 %, 15712 MiB, 16384 MiB, 98.18 W, 73
2026/09/17 20:17:53.689, 100 %, 47 %, 15712 MiB, 16384 MiB, 122.33 W, 73
2026/09/17 20:17:54.691, 100 %, 7 %, 15712 MiB, 16384 MiB, 124.62 W, 73
2026/09/17 20:17:55.693, 100 %, 6 %, 15712 MiB, 16384 MiB, 131.26 W, 74
2026/09/17 20:17:56.695, 100 %, 0 %, 15712 MiB, 16384 MiB, 125.51 W, 73
2026/09/17 20:17:57.697, 100 %, 0 %, 15712 MiB, 16384 MiB, 125.57 W, 77
2026/09/17 20:17:58.702, 100 %, 9 %, 15712 MiB, 16384 MiB, 213.01 W, 72
2026/09/17 20:17:59.705, 100 %, 30 %, 15712 MiB, 16384 MiB, 160.00 W, 74
2026/09/17 20:18:00.711, 100 %, 35 %, 15712 MiB, 16384 MiB, 125.28 W, 74
2026/09/17 20:18:01.714, 100 %, 3 %, 15712 MiB, 16384 MiB, 123.04 W, 73
2026/09/17 20:18:02.716, 100 %, 0 %, 15712 MiB, 16384 MiB, 123.52 W, 73
2026/09/17 20:18:03.719, 100 %, 6 %, 15712 MiB, 16384 MiB, 126.64 W, 74
2026/09/17 20:18:04.721, 100 %, 1 %, 15712 MiB, 16384 MiB, 125.34 W, 74
2026/09/17 20:18:05.723, 100 %, 0 %, 15712 MiB, 16384 MiB, 227.06 W, 74
2026/09/17 20:18:06.727, 100 %, 42 %, 15712 MiB, 16384 MiB, 68.10 W, 73
2026/09/17 20:18:07.730, 100 %, 43 %, 15712 MiB, 16384 MiB, 119.99 W, 74
2026/09/17 20:18:08.733, 100 %, 2 %, 15712 MiB, 16384 MiB, 122.87 W, 74
2026/09/17 20:18:09.735, 100 %, 6 %, 15712 MiB, 16384 MiB, 129.44 W, 74
2026/09/17 20:18:10.737, 100 %, 0 %, 15712 MiB, 16384 MiB, 125.98 W, 74
2026/09/17 20:18:11.739, 100 %, 0 %, 15712 MiB, 16384 MiB, 144.65 W, 76
2026/09/17 20:18:12.743, 100 %, 41 %, 15712 MiB, 16384 MiB, 89.93 W, 72
2026/09/17 20:18:13.748, 100 %, 43 %, 15712 MiB, 16384 MiB, 111.60 W, 74
2026/09/17 20:18:14.753, 100 %, 7 %, 15712 MiB, 16384 MiB, 166.87 W, 76
2026/09/17 20:18:15.756, 100 %, 43 %, 15712 MiB, 16384 MiB, 130.10 W, 74
2026/09/17 20:18:16.759, 70 %, 5 %, 15714 MiB, 16384 MiB, 103.36 W, 73
2026/09/17 20:18:17.761, 100 %, 3 %, 15714 MiB, 16384 MiB, 221.53 W, 76
2026/09/17 20:18:18.767, 100 %, 23 %, 15714 MiB, 16384 MiB, 191.39 W, 74
2026/09/17 20:18:19.772, 100 %, 7 %, 15714 MiB, 16384 MiB, 122.76 W, 74
2026/09/17 20:18:20.774, 100 %, 23 %, 15714 MiB, 16384 MiB, 164.04 W, 73
2026/09/17 20:18:21.777, 100 %, 45 %, 15714 MiB, 16384 MiB, 113.39 W, 74
2026/09/17 20:18:22.780, 100 %, 42 %, 15714 MiB, 16384 MiB, 121.17 W, 74
2026/09/17 20:18:23.782, 100 %, 0 %, 15714 MiB, 16384 MiB, 208.66 W, 77
2026/09/17 20:18:24.785, 100 %, 36 %, 15714 MiB, 16384 MiB, 67.09 W, 74
2026/09/17 20:18:25.787, 100 %, 3 %, 15714 MiB, 16384 MiB, 120.53 W, 77
2026/09/17 20:18:26.790, 100 %, 17 %, 15714 MiB, 16384 MiB, 192.49 W, 76
2026/09/17 20:18:27.792, 100 %, 6 %, 15714 MiB, 16384 MiB, 96.18 W, 74
2026/09/17 20:18:28.794, 100 %, 26 %, 15714 MiB, 16384 MiB, 205.87 W, 75
2026/09/17 20:18:29.797, 100 %, 49 %, 15714 MiB, 16384 MiB, 185.26 W, 74
2026/09/17 20:18:30.799, 100 %, 36 %, 15714 MiB, 16384 MiB, 114.86 W, 74
2026/09/17 20:18:31.801, 100 %, 0 %, 15714 MiB, 16384 MiB, 123.59 W, 76
2026/09/17 20:18:32.804, 100 %, 30 %, 15714 MiB, 16384 MiB, 113.68 W, 74
2026/09/17 20:18:33.807, 100 %, 3 %, 15714 MiB, 16384 MiB, 120.71 W, 75
2026/09/17 20:18:34.809, 100 %, 29 %, 15714 MiB, 16384 MiB, 228.87 W, 76
2026/09/17 20:18:35.816, 100 %, 6 %, 15714 MiB, 16384 MiB, 105.81 W, 74
2026/09/17 20:18:36.818, 100 %, 30 %, 15714 MiB, 16384 MiB, 226.09 W, 77
2026/09/17 20:18:37.822, 100 %, 45 %, 15714 MiB, 16384 MiB, 153.42 W, 74
2026/09/17 20:18:38.826, 100 %, 28 %, 15714 MiB, 16384 MiB, 115.89 W, 74
2026/09/17 20:18:39.833, 100 %, 45 %, 15714 MiB, 16384 MiB, 118.29 W, 74
2026/09/17 20:18:40.835, 100 %, 21 %, 15714 MiB, 16384 MiB, 116.21 W, 74
2026/09/17 20:18:41.837, 100 %, 47 %, 15714 MiB, 16384 MiB, 121.57 W, 74
2026/09/17 20:18:42.839, 100 %, 4 %, 15714 MiB, 16384 MiB, 124.27 W, 77
2026/09/17 20:18:43.842, 100 %, 45 %, 15714 MiB, 16384 MiB, 67.72 W, 74
2026/09/17 20:18:44.844, 100 %, 28 %, 15714 MiB, 16384 MiB, 125.48 W, 77
2026/09/17 20:18:45.851, 100 %, 2 %, 15714 MiB, 16384 MiB, 232.71 W, 75
2026/09/17 20:18:46.856, 100 %, 25 %, 15714 MiB, 16384 MiB, 112.17 W, 74
2026/09/17 20:18:47.858, 100 %, 3 %, 15714 MiB, 16384 MiB, 229.74 W, 74
2026/09/17 20:18:48.861, 100 %, 30 %, 15714 MiB, 16384 MiB, 156.14 W, 75
2026/09/17 20:18:49.864, 100 %, 36 %, 15714 MiB, 16384 MiB, 121.72 W, 75
2026/09/17 20:18:50.867, 100 %, 32 %, 15714 MiB, 16384 MiB, 121.54 W, 75
2026/09/17 20:18:51.870, 100 %, 7 %, 15714 MiB, 16384 MiB, 128.65 W, 75
2026/09/17 20:18:52.872, 100 %, 0 %, 15714 MiB, 16384 MiB, 125.72 W, 75
2026/09/17 20:18:53.874, 100 %, 0 %, 15714 MiB, 16384 MiB, 126.69 W, 75
2026/09/17 20:18:54.876, 100 %, 2 %, 15714 MiB, 16384 MiB, 219.33 W, 76
2026/09/17 20:18:55.882, 100 %, 1 %, 15714 MiB, 16384 MiB, 246.90 W, 75
2026/09/17 20:18:56.886, 100 %, 48 %, 15714 MiB, 16384 MiB, 119.92 W, 75
2026/09/17 20:18:57.888, 100 %, 5 %, 15714 MiB, 16384 MiB, 128.53 W, 75
2026/09/17 20:18:58.890, 100 %, 0 %, 15714 MiB, 16384 MiB, 125.22 W, 74
2026/09/17 20:18:59.892, 100 %, 0 %, 15714 MiB, 16384 MiB, 125.55 W, 74
2026/09/17 20:19:00.895, 100 %, 3 %, 15714 MiB, 16384 MiB, 126.36 W, 76
2026/09/17 20:19:01.897, 100 %, 1 %, 15714 MiB, 16384 MiB, 144.06 W, 78
2026/09/17 20:19:02.901, 100 %, 40 %, 15714 MiB, 16384 MiB, 130.65 W, 75
2026/09/17 20:19:03.907, 100 %, 23 %, 15714 MiB, 16384 MiB, 125.15 W, 74
2026/09/17 20:19:04.911, 100 %, 9 %, 15714 MiB, 16384 MiB, 123.48 W, 74
2026/09/17 20:19:05.913, 100 %, 6 %, 15714 MiB, 16384 MiB, 129.32 W, 75
2026/09/17 20:19:06.915, 100 %, 0 %, 15714 MiB, 16384 MiB, 126.28 W, 74
2026/09/17 20:19:07.917, 100 %, 0 %, 15714 MiB, 16384 MiB, 126.42 W, 74
2026/09/17 20:19:08.919, 100 %, 3 %, 15714 MiB, 16384 MiB, 253.98 W, 75
2026/09/17 20:19:09.924, 100 %, 18 %, 15714 MiB, 16384 MiB, 185.32 W, 75
2026/09/17 20:19:10.929, 100 %, 45 %, 15714 MiB, 16384 MiB, 121.41 W, 74
2026/09/17 20:19:11.931, 100 %, 6 %, 15714 MiB, 16384 MiB, 128.38 W, 74
2026/09/17 20:19:12.934, 100 %, 0 %, 15714 MiB, 16384 MiB, 126.04 W, 74
2026/09/17 20:19:13.936, 100 %, 0 %, 15714 MiB, 16384 MiB, 125.11 W, 74
2026/09/17 20:19:14.938, 100 %, 2 %, 15714 MiB, 16384 MiB, 126.81 W, 77
2026/09/17 20:19:15.942, 100 %, 1 %, 15714 MiB, 16384 MiB, 126.13 W, 77
2026/09/17 20:19:16.947, 100 %, 45 %, 15714 MiB, 16384 MiB, 190.86 W, 74
2026/09/17 20:19:17.951, 100 %, 5 %, 15714 MiB, 16384 MiB, 119.12 W, 74
2026/09/17 20:19:18.954, 100 %, 3 %, 15714 MiB, 16384 MiB, 121.94 W, 74
2026/09/17 20:19:19.956, 100 %, 6 %, 15714 MiB, 16384 MiB, 128.22 W, 74
2026/09/17 20:19:20.958, 100 %, 0 %, 15714 MiB, 16384 MiB, 126.25 W, 74
2026/09/17 20:19:21.961, 100 %, 0 %, 15714 MiB, 16384 MiB, 126.26 W, 74
2026/09/17 20:19:22.963, 100 %, 25 %, 15714 MiB, 16384 MiB, 216.65 W, 74
2026/09/17 20:19:23.967, 100 %, 39 %, 15714 MiB, 16384 MiB, 237.77 W, 74
2026/09/17 20:19:24.971, 100 %, 23 %, 15714 MiB, 16384 MiB, 119.24 W, 74
2026/09/17 20:19:25.975, 100 %, 6 %, 15714 MiB, 16384 MiB, 128.26 W, 74
2026/09/17 20:19:26.977, 100 %, 0 %, 15714 MiB, 16384 MiB, 125.26 W, 74
2026/09/17 20:19:27.979, 100 %, 1 %, 15714 MiB, 16384 MiB, 125.89 W, 74
2026/09/17 20:19:28.981, 100 %, 1 %, 15714 MiB, 16384 MiB, 126.57 W, 78
2026/09/17 20:19:29.985, 100 %, 4 %, 15714 MiB, 16384 MiB, 145.39 W, 76
2026/09/17 20:19:30.990, 100 %, 44 %, 15714 MiB, 16384 MiB, 130.88 W, 74
2026/09/17 20:19:31.995, 100 %, 4 %, 15714 MiB, 16384 MiB, 127.83 W, 74
2026/09/17 20:19:32.998, 100 %, 2 %, 15714 MiB, 16384 MiB, 123.54 W, 74
2026/09/17 20:19:34.000, 100 %, 6 %, 15714 MiB, 16384 MiB, 129.82 W, 74
2026/09/17 20:19:35.003, 100 %, 0 %, 15714 MiB, 16384 MiB, 126.47 W, 74
2026/09/17 20:19:36.005, 100 %, 0 %, 15714 MiB, 16384 MiB, 126.58 W, 74
2026/09/17 20:19:37.007, 100 %, 45 %, 15714 MiB, 16384 MiB, 227.99 W, 74
2026/09/17 20:19:38.011, 100 %, 45 %, 15714 MiB, 16384 MiB, 165.57 W, 74
2026/09/17 20:19:39.016, 100 %, 3 %, 15714 MiB, 16384 MiB, 121.70 W, 74
2026/09/17 20:19:40.018, 100 %, 6 %, 15714 MiB, 16384 MiB, 128.35 W, 74
2026/09/17 20:19:41.020, 100 %, 0 %, 15714 MiB, 16384 MiB, 125.96 W, 74
2026/09/17 20:19:42.023, 100 %, 1 %, 15714 MiB, 16384 MiB, 126.45 W, 74
2026/09/17 20:19:43.025, 100 %, 18 %, 15714 MiB, 16384 MiB, 206.09 W, 77
2026/09/17 20:19:44.029, 100 %, 36 %, 15714 MiB, 16384 MiB, 235.86 W, 76
2026/09/17 20:19:45.036, 100 %, 32 %, 15714 MiB, 16384 MiB, 117.99 W, 74
2026/09/17 20:19:46.042, 100 %, 3 %, 15714 MiB, 16384 MiB, 122.83 W, 74
2026/09/17 20:19:47.046, 100 %, 0 %, 15714 MiB, 16384 MiB, 123.25 W, 74
2026/09/17 20:19:48.048, 100 %, 6 %, 15714 MiB, 16384 MiB, 129.69 W, 74
2026/09/17 20:19:49.050, 100 %, 1 %, 15714 MiB, 16384 MiB, 126.44 W, 74
2026/09/17 20:19:50.053, 100 %, 1 %, 15714 MiB, 16384 MiB, 131.52 W, 76
2026/09/17 20:19:51.055, 100 %, 44 %, 15714 MiB, 16384 MiB, 95.28 W, 73
2026/09/17 20:19:52.060, 100 %, 45 %, 15714 MiB, 16384 MiB, 108.50 W, 74
2026/09/17 20:19:53.065, 100 %, 2 %, 15714 MiB, 16384 MiB, 123.41 W, 74
2026/09/17 20:19:54.070, 100 %, 7 %, 15714 MiB, 16384 MiB, 130.10 W, 74
2026/09/17 20:19:55.075, 100 %, 0 %, 15714 MiB, 16384 MiB, 126.88 W, 74
2026/09/17 20:19:56.081, 100 %, 1 %, 15714 MiB, 16384 MiB, 126.66 W, 74
2026/09/17 20:19:57.085, 100 %, 3 %, 15714 MiB, 16384 MiB, 245.86 W, 76
2026/09/17 20:19:58.088, 100 %, 1 %, 15714 MiB, 16384 MiB, 194.24 W, 75
2026/09/17 20:19:59.090, 100 %, 46 %, 15714 MiB, 16384 MiB, 75.09 W, 73
2026/09/17 20:20:00.093, 100 %, 8 %, 15714 MiB, 16384 MiB, 69.68 W, 72
2026/09/17 20:20:01.095, 100 %, 8 %, 15714 MiB, 16384 MiB, 75.35 W, 72
2026/09/17 20:20:02.098, 67 %, 9 %, 15714 MiB, 16384 MiB, 69.77 W, 72
2026/09/17 20:20:03.100, 69 %, 9 %, 15714 MiB, 16384 MiB, 69.12 W, 71
2026/09/17 20:20:04.102, 100 %, 8 %, 15714 MiB, 16384 MiB, 69.65 W, 71
2026/09/17 20:20:05.105, 100 %, 8 %, 15714 MiB, 16384 MiB, 69.43 W, 71
2026/09/17 20:20:06.107, 100 %, 8 %, 15714 MiB, 16384 MiB, 69.93 W, 70
2026/09/17 20:20:07.109, 34 %, 3 %, 15714 MiB, 16384 MiB, 81.91 W, 70
2026/09/17 20:20:08.112, 81 %, 5 %, 15714 MiB, 16384 MiB, 80.70 W, 70
2026/09/17 20:20:09.115, 100 %, 5 %, 15714 MiB, 16384 MiB, 72.81 W, 70
2026/09/17 20:20:10.118, 100 %, 6 %, 15714 MiB, 16384 MiB, 72.03 W, 70
2026/09/17 20:20:11.124, 91 %, 10 %, 15714 MiB, 16384 MiB, 74.97 W, 69
2026/09/17 20:20:12.127, 63 %, 8 %, 15714 MiB, 16384 MiB, 73.19 W, 69
2026/09/17 20:20:13.131, 99 %, 5 %, 15714 MiB, 16384 MiB, 84.73 W, 69
2026/09/17 20:20:14.135, 100 %, 8 %, 15714 MiB, 16384 MiB, 68.41 W, 69
2026/09/17 20:20:15.138, 100 %, 7 %, 15714 MiB, 16384 MiB, 74.07 W, 69
2026/09/17 20:20:16.142, 64 %, 9 %, 15714 MiB, 16384 MiB, 73.98 W, 68
2026/09/17 20:20:17.145, 66 %, 9 %, 15714 MiB, 16384 MiB, 67.47 W, 68
2026/09/17 20:20:18.149, 100 %, 8 %, 15714 MiB, 16384 MiB, 68.03 W, 68
2026/09/17 20:20:19.152, 100 %, 8 %, 15714 MiB, 16384 MiB, 68.09 W, 68
2026/09/17 20:20:20.155, 100 %, 8 %, 15714 MiB, 16384 MiB, 68.12 W, 67
2026/09/17 20:20:21.159, 57 %, 9 %, 15714 MiB, 16384 MiB, 67.67 W, 67
2026/09/17 20:20:22.163, 51 %, 9 %, 15714 MiB, 16384 MiB, 67.72 W, 68
2026/09/17 20:20:23.167, 61 %, 4 %, 15714 MiB, 16384 MiB, 76.46 W, 67
2026/09/17 20:20:24.171, 100 %, 8 %, 15714 MiB, 16384 MiB, 67.40 W, 67
2026/09/17 20:20:25.174, 100 %, 8 %, 15714 MiB, 16384 MiB, 67.40 W, 67
2026/09/17 20:20:26.177, 100 %, 7 %, 15714 MiB, 16384 MiB, 67.46 W, 67
2026/09/17 20:20:27.181, 70 %, 13 %, 15714 MiB, 16384 MiB, 70.13 W, 67
2026/09/17 20:20:28.183, 79 %, 5 %, 15714 MiB, 16384 MiB, 77.92 W, 66
2026/09/17 20:20:29.186, 100 %, 8 %, 15714 MiB, 16384 MiB, 67.61 W, 66
2026/09/17 20:20:30.188, 100 %, 8 %, 15714 MiB, 16384 MiB, 67.41 W, 66
2026/09/17 20:20:31.190, 96 %, 10 %, 15714 MiB, 16384 MiB, 73.07 W, 66
2026/09/17 20:20:32.193, 58 %, 4 %, 15714 MiB, 16384 MiB, 77.72 W, 66
2026/09/17 20:20:33.195, 82 %, 4 %, 15714 MiB, 16384 MiB, 76.01 W, 66
2026/09/17 20:20:34.197, 100 %, 8 %, 15714 MiB, 16384 MiB, 65.06 W, 66
2026/09/17 20:20:35.200, 100 %, 9 %, 15714 MiB, 16384 MiB, 72.64 W, 65
2026/09/17 20:20:36.202, 85 %, 10 %, 15714 MiB, 16384 MiB, 72.43 W, 65
2026/09/17 20:20:37.204, 60 %, 8 %, 15714 MiB, 16384 MiB, 71.01 W, 65
2026/09/17 20:20:38.207, 100 %, 5 %, 15714 MiB, 16384 MiB, 75.43 W, 65
2026/09/17 20:20:39.209, 100 %, 8 %, 15714 MiB, 16384 MiB, 64.70 W, 65
2026/09/17 20:20:40.211, 100 %, 5 %, 15714 MiB, 16384 MiB, 66.88 W, 65
2026/09/17 20:20:41.213, 89 %, 13 %, 15714 MiB, 16384 MiB, 66.92 W, 64
2026/09/17 20:20:42.216, 62 %, 9 %, 15714 MiB, 16384 MiB, 66.65 W, 64
2026/09/17 20:20:43.220, 100 %, 8 %, 15714 MiB, 16384 MiB, 64.64 W, 64
2026/09/17 20:20:44.224, 100 %, 8 %, 15714 MiB, 16384 MiB, 66.02 W, 64
2026/09/17 20:20:45.227, 100 %, 8 %, 15714 MiB, 16384 MiB, 66.55 W, 64
2026/09/17 20:20:46.231, 59 %, 9 %, 15714 MiB, 16384 MiB, 66.67 W, 64
2026/09/17 20:20:47.235, 60 %, 9 %, 15714 MiB, 16384 MiB, 68.91 W, 64
2026/09/17 20:20:48.238, 55 %, 4 %, 15714 MiB, 16384 MiB, 76.11 W, 64
2026/09/17 20:20:49.242, 100 %, 8 %, 15714 MiB, 16384 MiB, 66.01 W, 64
2026/09/17 20:20:50.246, 100 %, 8 %, 15714 MiB, 16384 MiB, 66.17 W, 63
2026/09/17 20:20:51.249, 100 %, 7 %, 15714 MiB, 16384 MiB, 65.65 W, 63
2026/09/17 20:20:52.253, 68 %, 4 %, 15714 MiB, 16384 MiB, 75.88 W, 63
2026/09/17 20:20:53.256, 90 %, 5 %, 15714 MiB, 16384 MiB, 74.43 W, 63
2026/09/17 20:20:54.260, 100 %, 8 %, 15714 MiB, 16384 MiB, 65.72 W, 63
2026/09/17 20:20:55.264, 100 %, 8 %, 15714 MiB, 16384 MiB, 65.89 W, 63
2026/09/17 20:20:56.267, 66 %, 9 %, 15714 MiB, 16384 MiB, 71.37 W, 63
2026/09/17 20:20:57.271, 88 %, 5 %, 15714 MiB, 16384 MiB, 74.39 W, 63
2026/09/17 20:20:58.275, 100 %, 5 %, 15714 MiB, 16384 MiB, 63.49 W, 63
2026/09/17 20:20:59.279, 100 %, 8 %, 15714 MiB, 16384 MiB, 65.37 W, 63
2026/09/17 20:21:00.282, 73 %, 9 %, 15714 MiB, 16384 MiB, 70.98 W, 63
2026/09/17 20:21:01.286, 54 %, 9 %, 15714 MiB, 16384 MiB, 65.48 W, 63
2026/09/17 20:21:02.289, 45 %, 8 %, 15714 MiB, 16384 MiB, 69.35 W, 63
2026/09/17 20:21:03.293, 100 %, 8 %, 15714 MiB, 16384 MiB, 64.74 W, 63
2026/09/17 20:21:04.296, 100 %, 8 %, 15714 MiB, 16384 MiB, 67.99 W, 62
2026/09/17 20:21:05.300, 100 %, 7 %, 15714 MiB, 16384 MiB, 73.52 W, 62
2026/09/17 20:21:06.305, 62 %, 9 %, 15714 MiB, 16384 MiB, 65.61 W, 62
2026/09/17 20:21:07.308, 65 %, 9 %, 15714 MiB, 16384 MiB, 64.96 W, 62
2026/09/17 20:21:08.317, 100 %, 8 %, 15714 MiB, 16384 MiB, 64.27 W, 63
2026/09/17 20:21:09.319, 100 %, 8 %, 15714 MiB, 16384 MiB, 64.97 W, 62
2026/09/17 20:21:10.321, 100 %, 6 %, 15714 MiB, 16384 MiB, 65.75 W, 62
2026/09/17 20:21:11.324, 44 %, 3 %, 15714 MiB, 16384 MiB, 77.00 W, 62
2026/09/17 20:21:12.326, 79 %, 5 %, 15714 MiB, 16384 MiB, 74.33 W, 62
2026/09/17 20:21:13.329, 100 %, 8 %, 15714 MiB, 16384 MiB, 62.29 W, 62
2026/09/17 20:21:14.332, 99 %, 10 %, 15714 MiB, 16384 MiB, 71.13 W, 62
2026/09/17 20:21:15.335, 82 %, 10 %, 15714 MiB, 16384 MiB, 71.11 W, 62
2026/09/17 20:21:16.338, 60 %, 8 %, 15714 MiB, 16384 MiB, 69.46 W, 62
2026/09/17 20:21:17.340, 100 %, 5 %, 15714 MiB, 16384 MiB, 74.26 W, 62
2026/09/17 20:21:18.342, 100 %, 8 %, 15714 MiB, 16384 MiB, 62.41 W, 62
2026/09/17 20:21:19.345, 100 %, 7 %, 15714 MiB, 16384 MiB, 64.88 W, 62
2026/09/17 20:21:20.347, 81 %, 9 %, 15714 MiB, 16384 MiB, 71.22 W, 62
2026/09/17 20:21:21.349, 64 %, 9 %, 15714 MiB, 16384 MiB, 71.42 W, 62
2026/09/17 20:21:22.352, 100 %, 5 %, 15714 MiB, 16384 MiB, 65.41 W, 62
2026/09/17 20:21:23.354, 100 %, 6 %, 15714 MiB, 16384 MiB, 216.71 W, 64
2026/09/17 20:21:24.358, 100 %, 34 %, 15714 MiB, 16384 MiB, 113.43 W, 64
2026/09/17 20:21:25.360, 100 %, 45 %, 15714 MiB, 16384 MiB, 117.10 W, 65
2026/09/17 20:21:26.363, 100 %, 3 %, 15714 MiB, 16384 MiB, 204.73 W, 66
2026/09/17 20:21:27.368, 100 %, 43 %, 15714 MiB, 16384 MiB, 120.13 W, 68
2026/09/17 20:21:28.373, 100 %, 3 %, 15714 MiB, 16384 MiB, 224.22 W, 66
2026/09/17 20:21:29.376, 100 %, 27 %, 15714 MiB, 16384 MiB, 138.70 W, 65
2026/09/17 20:21:30.378, 100 %, 7 %, 15714 MiB, 16384 MiB, 119.80 W, 65
2026/09/17 20:21:31.380, 100 %, 36 %, 15714 MiB, 16384 MiB, 72.35 W, 64
2026/09/17 20:21:32.383, 100 %, 43 %, 15714 MiB, 16384 MiB, 120.34 W, 66
2026/09/17 20:21:33.385, 100 %, 18 %, 15714 MiB, 16384 MiB, 182.04 W, 69
2026/09/17 20:21:34.388, 100 %, 42 %, 15714 MiB, 16384 MiB, 95.09 W, 66
2026/09/17 20:21:35.390, 100 %, 6 %, 15714 MiB, 16384 MiB, 233.13 W, 69
2026/09/17 20:21:36.393, 100 %, 22 %, 15714 MiB, 16384 MiB, 118.16 W, 67
2026/09/17 20:21:37.395, 100 %, 46 %, 15714 MiB, 16384 MiB, 144.02 W, 67
2026/09/17 20:21:38.397, 100 %, 4 %, 15714 MiB, 16384 MiB, 120.64 W, 67
2026/09/17 20:21:39.401, 100 %, 41 %, 15714 MiB, 16384 MiB, 62.36 W, 66
2026/09/17 20:21:40.403, 100 %, 15 %, 15714 MiB, 16384 MiB, 119.35 W, 70
2026/09/17 20:21:41.405, 100 %, 4 %, 15714 MiB, 16384 MiB, 196.58 W, 70
2026/09/17 20:21:42.411, 100 %, 7 %, 15714 MiB, 16384 MiB, 101.40 W, 68
2026/09/17 20:21:43.413, 100 %, 24 %, 15714 MiB, 16384 MiB, 228.19 W, 68
2026/09/17 20:21:44.415, 100 %, 48 %, 15714 MiB, 16384 MiB, 146.26 W, 68
2026/09/17 20:21:45.418, 100 %, 27 %, 15714 MiB, 16384 MiB, 119.40 W, 68
2026/09/17 20:21:46.420, 100 %, 0 %, 15714 MiB, 16384 MiB, 138.12 W, 71
2026/09/17 20:21:47.423, 100 %, 11 %, 15714 MiB, 16384 MiB, 120.25 W, 69
2026/09/17 20:21:48.425, 100 %, 6 %, 15714 MiB, 16384 MiB, 193.29 W, 71
2026/09/17 20:21:49.432, 100 %, 44 %, 15714 MiB, 16384 MiB, 181.71 W, 69
2026/09/17 20:21:50.434, 100 %, 5 %, 15714 MiB, 16384 MiB, 121.21 W, 69
2026/09/17 20:21:51.436, 100 %, 43 %, 15714 MiB, 16384 MiB, 111.89 W, 69
2026/09/17 20:21:52.442, 100 %, 33 %, 15714 MiB, 16384 MiB, 116.33 W, 70
2026/09/17 20:21:53.447, 100 %, 3 %, 15714 MiB, 16384 MiB, 119.52 W, 70
2026/09/17 20:21:54.449, 100 %, 28 %, 15714 MiB, 16384 MiB, 66.02 W, 69
2026/09/17 20:21:55.452, 100 %, 3 %, 15714 MiB, 16384 MiB, 123.96 W, 70
2026/09/17 20:21:56.454, 100 %, 35 %, 15714 MiB, 16384 MiB, 121.27 W, 72
2026/09/17 20:21:57.457, 100 %, 26 %, 15714 MiB, 16384 MiB, 105.86 W, 69
2026/09/17 20:21:58.460, 100 %, 16 %, 15714 MiB, 16384 MiB, 118.73 W, 70
2026/09/17 20:21:59.465, 100 %, 6 %, 15714 MiB, 16384 MiB, 126.94 W, 71
2026/09/17 20:22:00.468, 100 %, 0 %, 15714 MiB, 16384 MiB, 122.81 W, 71
2026/09/17 20:22:01.472, 100 %, 0 %, 15714 MiB, 16384 MiB, 123.87 W, 71
2026/09/17 20:22:02.474, 100 %, 5 %, 15714 MiB, 16384 MiB, 125.23 W, 74
2026/09/17 20:22:03.482, 100 %, 0 %, 15714 MiB, 16384 MiB, 125.12 W, 73
2026/09/17 20:22:04.488, 100 %, 18 %, 15714 MiB, 16384 MiB, 146.76 W, 71
2026/09/17 20:22:05.493, 100 %, 40 %, 15714 MiB, 16384 MiB, 125.12 W, 71
2026/09/17 20:22:06.497, 100 %, 4 %, 15714 MiB, 16384 MiB, 122.84 W, 71
2026/09/17 20:22:07.502, 100 %, 0 %, 15714 MiB, 16384 MiB, 123.93 W, 71
2026/09/17 20:22:08.504, 100 %, 6 %, 15714 MiB, 16384 MiB, 125.75 W, 72
2026/09/17 20:22:09.506, 100 %, 0 %, 15714 MiB, 16384 MiB, 125.81 W, 75
2026/09/17 20:22:10.509, 100 %, 3 %, 15714 MiB, 16384 MiB, 193.43 W, 72
2026/09/17 20:22:11.511, 100 %, 46 %, 15714 MiB, 16384 MiB, 120.25 W, 72
2026/09/17 20:22:12.514, 100 %, 40 %, 15714 MiB, 16384 MiB, 121.35 W, 72
2026/09/17 20:22:13.516, 100 %, 6 %, 15714 MiB, 16384 MiB, 128.58 W, 72
2026/09/17 20:22:14.519, 100 %, 0 %, 15714 MiB, 16384 MiB, 125.86 W, 72
2026/09/17 20:22:15.521, 100 %, 0 %, 15714 MiB, 16384 MiB, 126.25 W, 72
2026/09/17 20:22:16.523, 100 %, 0 %, 15714 MiB, 16384 MiB, 249.54 W, 72
2026/09/17 20:22:17.526, 100 %, 6 %, 15714 MiB, 16384 MiB, 173.15 W, 72
2026/09/17 20:22:18.529, 100 %, 46 %, 15714 MiB, 16384 MiB, 121.95 W, 72
2026/09/17 20:22:19.531, 100 %, 6 %, 15714 MiB, 16384 MiB, 129.01 W, 73
2026/09/17 20:22:20.535, 100 %, 0 %, 15714 MiB, 16384 MiB, 126.59 W, 72
2026/09/17 20:22:21.537, 100 %, 0 %, 15714 MiB, 16384 MiB, 126.39 W, 72
2026/09/17 20:22:22.539, 100 %, 1 %, 15714 MiB, 16384 MiB, 236.61 W, 75
2026/09/17 20:22:23.542, 100 %, 0 %, 15714 MiB, 16384 MiB, 253.11 W, 73
2026/09/17 20:22:24.545, 100 %, 43 %, 15714 MiB, 16384 MiB, 123.25 W, 73
2026/09/17 20:22:25.547, 100 %, 5 %, 15714 MiB, 16384 MiB, 123.64 W, 73
2026/09/17 20:22:26.549, 100 %, 2 %, 15714 MiB, 16384 MiB, 124.04 W, 73
2026/09/17 20:22:27.552, 100 %, 7 %, 15714 MiB, 16384 MiB, 127.49 W, 73
2026/09/17 20:22:28.555, 100 %, 0 %, 15714 MiB, 16384 MiB, 126.69 W, 73
2026/09/17 20:22:29.557, 100 %, 0 %, 15714 MiB, 16384 MiB, 245.80 W, 75
2026/09/17 20:22:30.560, 100 %, 46 %, 15714 MiB, 16384 MiB, 92.27 W, 73
2026/09/17 20:22:31.562, 100 %, 46 %, 15714 MiB, 16384 MiB, 122.17 W, 73
2026/09/17 20:22:32.564, 100 %, 2 %, 15714 MiB, 16384 MiB, 123.91 W, 73
2026/09/17 20:22:33.567, 100 %, 6 %, 15714 MiB, 16384 MiB, 129.82 W, 73
2026/09/17 20:22:34.569, 100 %, 0 %, 15714 MiB, 16384 MiB, 127.23 W, 73
2026/09/17 20:22:35.571, 100 %, 0 %, 15714 MiB, 16384 MiB, 222.21 W, 76
2026/09/17 20:22:36.574, 100 %, 39 %, 15714 MiB, 16384 MiB, 158.33 W, 72
2026/09/17 20:22:37.576, 100 %, 46 %, 15714 MiB, 16384 MiB, 140.52 W, 73
2026/09/17 20:22:38.579, 100 %, 4 %, 15714 MiB, 16384 MiB, 128.82 W, 74
2026/09/17 20:22:39.582, 100 %, 0 %, 15714 MiB, 16384 MiB, 125.04 W, 73
2026/09/17 20:22:40.584, 100 %, 0 %, 15714 MiB, 16384 MiB, 126.19 W, 73
2026/09/17 20:22:41.586, 100 %, 3 %, 15714 MiB, 16384 MiB, 127.55 W, 75
2026/09/17 20:22:42.588, 100 %, 0 %, 15714 MiB, 16384 MiB, 127.41 W, 77
2026/09/17 20:22:43.592, 100 %, 44 %, 15714 MiB, 16384 MiB, 164.31 W, 74
2026/09/17 20:22:44.596, 100 %, 6 %, 15714 MiB, 16384 MiB, 131.33 W, 74
2026/09/17 20:22:45.598, 100 %, 3 %, 15714 MiB, 16384 MiB, 123.69 W, 74
2026/09/17 20:22:46.600, 100 %, 0 %, 15714 MiB, 16384 MiB, 125.49 W, 74
2026/09/17 20:22:47.602, 100 %, 4 %, 15714 MiB, 16384 MiB, 128.19 W, 74
2026/09/17 20:22:48.604, 100 %, 0 %, 15714 MiB, 16384 MiB, 127.40 W, 74
2026/09/17 20:22:49.607, 100 %, 42 %, 15714 MiB, 16384 MiB, 218.20 W, 74
2026/09/17 20:22:50.611, 100 %, 20 %, 15714 MiB, 16384 MiB, 115.22 W, 74
2026/09/17 20:22:51.615, 100 %, 5 %, 15714 MiB, 16384 MiB, 123.20 W, 74
2026/09/17 20:22:52.618, 100 %, 6 %, 15714 MiB, 16384 MiB, 130.33 W, 74
2026/09/17 20:22:53.620, 100 %, 0 %, 15714 MiB, 16384 MiB, 127.80 W, 74
2026/09/17 20:22:54.622, 100 %, 0 %, 15714 MiB, 16384 MiB, 127.62 W, 74
2026/09/17 20:22:55.624, 100 %, 24 %, 15714 MiB, 16384 MiB, 234.03 W, 74
2026/09/17 20:22:56.627, 100 %, 41 %, 15714 MiB, 16384 MiB, 198.79 W, 74
2026/09/17 20:22:57.631, 100 %, 16 %, 15714 MiB, 16384 MiB, 125.85 W, 74
2026/09/17 20:22:58.635, 100 %, 0 %, 15714 MiB, 16384 MiB, 123.15 W, 74
2026/09/17 20:22:59.637, 100 %, 0 %, 15714 MiB, 16384 MiB, 123.26 W, 74
2026/09/17 20:23:00.639, 100 %, 0 %, 15714 MiB, 16384 MiB, 125.77 W, 74
2026/09/17 20:23:01.642, 100 %, 3 %, 15714 MiB, 16384 MiB, 205.84 W, 77
2026/09/17 20:23:02.647, 100 %, 17 %, 15714 MiB, 16384 MiB, 241.09 W, 76
2026/09/17 20:23:03.651, 100 %, 41 %, 15714 MiB, 16384 MiB, 118.97 W, 74
2026/09/17 20:23:04.655, 100 %, 4 %, 15714 MiB, 16384 MiB, 123.03 W, 74
2026/09/17 20:23:05.658, 100 %, 1 %, 15714 MiB, 16384 MiB, 123.18 W, 74
2026/09/17 20:23:06.660, 100 %, 35 %, 15714 MiB, 16384 MiB, 68.22 W, 73
2026/09/17 20:23:07.663, 100 %, 27 %, 15714 MiB, 16384 MiB, 247.84 W, 76
2026/09/17 20:23:08.667, 100 %, 1 %, 15714 MiB, 16384 MiB, 183.93 W, 77
2026/09/17 20:23:09.675, 100 %, 14 %, 15714 MiB, 16384 MiB, 65.56 W, 73
2026/09/17 20:23:10.677, 100 %, 2 %, 15714 MiB, 16384 MiB, 118.56 W, 75
2026/09/17 20:23:11.680, 100 %, 32 %, 15714 MiB, 16384 MiB, 128.31 W, 76
2026/09/17 20:23:12.685, 100 %, 6 %, 15714 MiB, 16384 MiB, 67.56 W, 74
2026/09/17 20:23:13.689, 100 %, 38 %, 15714 MiB, 16384 MiB, 143.74 W, 76
2026/09/17 20:23:14.693, 100 %, 3 %, 15714 MiB, 16384 MiB, 247.93 W, 74
2026/09/17 20:23:15.696, 100 %, 22 %, 15714 MiB, 16384 MiB, 134.95 W, 74
2026/09/17 20:23:16.699, 100 %, 6 %, 15714 MiB, 16384 MiB, 122.91 W, 74
2026/09/17 20:23:17.701, 100 %, 23 %, 15714 MiB, 16384 MiB, 126.16 W, 74
2026/09/17 20:23:18.704, 100 %, 45 %, 15714 MiB, 16384 MiB, 119.31 W, 74
2026/09/17 20:23:19.706, 100 %, 5 %, 15714 MiB, 16384 MiB, 135.25 W, 77
2026/09/17 20:23:20.713, 100 %, 47 %, 15714 MiB, 16384 MiB, 67.50 W, 74
2026/09/17 20:23:21.715, 100 %, 30 %, 15714 MiB, 16384 MiB, 159.49 W, 77
2026/09/17 20:23:22.718, 100 %, 2 %, 15714 MiB, 16384 MiB, 249.68 W, 75
2026/09/17 20:23:23.721, 100 %, 24 %, 15714 MiB, 16384 MiB, 125.27 W, 74
2026/09/17 20:23:24.724, 100 %, 3 %, 15714 MiB, 16384 MiB, 237.40 W, 75
2026/09/17 20:23:25.726, 100 %, 29 %, 15714 MiB, 16384 MiB, 124.76 W, 75
2026/09/17 20:23:26.730, 100 %, 47 %, 15714 MiB, 16384 MiB, 120.40 W, 74
2026/09/17 20:23:27.732, 100 %, 4 %, 15714 MiB, 16384 MiB, 158.13 W, 77
2026/09/17 20:23:28.735, 100 %, 41 %, 15714 MiB, 16384 MiB, 75.83 W, 73
2026/09/17 20:23:29.737, 100 %, 26 %, 15714 MiB, 16384 MiB, 122.29 W, 76
2026/09/17 20:23:30.740, 100 %, 2 %, 15714 MiB, 16384 MiB, 136.17 W, 77
2026/09/17 20:23:31.743, 100 %, 26 %, 15714 MiB, 16384 MiB, 68.68 W, 74
2026/09/17 20:23:32.745, 100 %, 4 %, 15714 MiB, 16384 MiB, 134.30 W, 77
2026/09/17 20:23:33.750, 100 %, 29 %, 15714 MiB, 16384 MiB, 251.86 W, 75
2026/09/17 20:23:34.755, 100 %, 44 %, 15714 MiB, 16384 MiB, 126.86 W, 75
2026/09/17 20:23:35.759, 100 %, 4 %, 15714 MiB, 16384 MiB, 123.64 W, 75
2026/09/17 20:23:36.762, 100 %, 46 %, 15714 MiB, 16384 MiB, 76.84 W, 73
2026/09/17 20:23:37.764, 100 %, 35 %, 15714 MiB, 16384 MiB, 119.51 W, 75
2026/09/17 20:23:38.767, 100 %, 0 %, 15714 MiB, 16384 MiB, 125.23 W, 78
2026/09/17 20:23:39.770, 100 %, 32 %, 15714 MiB, 16384 MiB, 67.92 W, 75
2026/09/17 20:23:40.772, 100 %, 1 %, 15714 MiB, 16384 MiB, 124.61 W, 75
2026/09/17 20:23:41.775, 100 %, 1 %, 15714 MiB, 16384 MiB, 125.46 W, 75
2026/09/17 20:23:42.778, 100 %, 1 %, 15714 MiB, 16384 MiB, 125.28 W, 75
2026/09/17 20:23:43.780, 100 %, 4 %, 15714 MiB, 16384 MiB, 128.52 W, 75
2026/09/17 20:23:44.782, 100 %, 0 %, 15714 MiB, 16384 MiB, 126.32 W, 75
2026/09/17 20:23:45.784, 100 %, 33 %, 15714 MiB, 16384 MiB, 233.86 W, 76
2026/09/17 20:23:46.787, 100 %, 27 %, 15714 MiB, 16384 MiB, 107.82 W, 74
2026/09/17 20:23:47.789, 100 %, 13 %, 15714 MiB, 16384 MiB, 121.91 W, 75
2026/09/17 20:23:48.792, 100 %, 0 %, 15714 MiB, 16384 MiB, 123.51 W, 75
2026/09/17 20:23:49.794, 100 %, 6 %, 15714 MiB, 16384 MiB, 129.07 W, 75
2026/09/17 20:23:50.797, 100 %, 0 %, 15714 MiB, 16384 MiB, 126.42 W, 75
2026/09/17 20:23:51.799, 100 %, 0 %, 15714 MiB, 16384 MiB, 190.67 W, 78
2026/09/17 20:23:52.803, 100 %, 41 %, 15714 MiB, 16384 MiB, 245.30 W, 73
2026/09/17 20:23:53.807, 100 %, 48 %, 15714 MiB, 16384 MiB, 175.38 W, 75
2026/09/17 20:23:54.810, 100 %, 6 %, 15714 MiB, 16384 MiB, 125.30 W, 75
2026/09/17 20:23:55.813, 100 %, 0 %, 15714 MiB, 16384 MiB, 122.93 W, 74
2026/09/17 20:23:56.815, 100 %, 0 %, 15714 MiB, 16384 MiB, 123.68 W, 75
2026/09/17 20:23:57.817, 100 %, 2 %, 15714 MiB, 16384 MiB, 126.73 W, 75
2026/09/17 20:23:58.819, 100 %, 0 %, 15714 MiB, 16384 MiB, 125.92 W, 75
2026/09/17 20:23:59.821, 100 %, 47 %, 15714 MiB, 16384 MiB, 224.64 W, 75
2026/09/17 20:24:00.825, 100 %, 6 %, 15714 MiB, 16384 MiB, 66.75 W, 74
2026/09/17 20:24:01.828, 100 %, 3 %, 15714 MiB, 16384 MiB, 121.05 W, 74
2026/09/17 20:24:02.830, 100 %, 0 %, 15714 MiB, 16384 MiB, 123.44 W, 74
2026/09/17 20:24:03.832, 100 %, 4 %, 15714 MiB, 16384 MiB, 129.52 W, 75
2026/09/17 20:24:04.835, 100 %, 0 %, 15714 MiB, 16384 MiB, 126.25 W, 74
2026/09/17 20:24:05.837, 100 %, 0 %, 15714 MiB, 16384 MiB, 126.18 W, 77
2026/09/17 20:24:06.841, 100 %, 5 %, 15714 MiB, 16384 MiB, 116.47 W, 73
2026/09/17 20:24:07.846, 100 %, 24 %, 15714 MiB, 16384 MiB, 123.80 W, 75
2026/09/17 20:24:08.849, 100 %, 38 %, 15714 MiB, 16384 MiB, 127.71 W, 74
2026/09/17 20:24:09.852, 100 %, 4 %, 15714 MiB, 16384 MiB, 124.64 W, 74
2026/09/17 20:24:10.854, 100 %, 0 %, 15714 MiB, 16384 MiB, 124.05 W, 74
2026/09/17 20:24:11.856, 100 %, 5 %, 15714 MiB, 16384 MiB, 126.28 W, 74
2026/09/17 20:24:12.860, 100 %, 0 %, 15714 MiB, 16384 MiB, 125.89 W, 74
2026/09/17 20:24:13.862, 100 %, 0 %, 15714 MiB, 16384 MiB, 201.15 W, 75
2026/09/17 20:24:14.867, 100 %, 44 %, 15714 MiB, 16384 MiB, 114.77 W, 74
2026/09/17 20:24:15.869, 100 %, 45 %, 15714 MiB, 16384 MiB, 121.57 W, 74
2026/09/17 20:24:16.871, 100 %, 2 %, 15714 MiB, 16384 MiB, 123.50 W, 74
2026/09/17 20:24:17.873, 100 %, 6 %, 15714 MiB, 16384 MiB, 128.57 W, 74
2026/09/17 20:24:18.876, 100 %, 0 %, 15714 MiB, 16384 MiB, 126.00 W, 74
2026/09/17 20:24:19.878, 100 %, 0 %, 15714 MiB, 16384 MiB, 222.38 W, 76
2026/09/17 20:24:20.884, 100 %, 34 %, 15714 MiB, 16384 MiB, 66.15 W, 74
2026/09/17 20:24:21.889, 100 %, 47 %, 15714 MiB, 16384 MiB, 120.33 W, 74
2026/09/17 20:24:22.892, 100 %, 9 %, 15714 MiB, 16384 MiB, 128.21 W, 75
2026/09/17 20:24:23.894, 100 %, 0 %, 15714 MiB, 16384 MiB, 125.52 W, 74
2026/09/17 20:24:24.897, 100 %, 0 %, 15714 MiB, 16384 MiB, 126.29 W, 74
2026/09/17 20:24:25.899, 100 %, 4 %, 15714 MiB, 16384 MiB, 126.55 W, 74
2026/09/17 20:24:26.901, 100 %, 0 %, 15714 MiB, 16384 MiB, 173.10 W, 78
2026/09/17 20:24:27.904, 100 %, 24 %, 15714 MiB, 16384 MiB, 120.93 W, 74
2026/09/17 20:24:28.909, 100 %, 39 %, 15714 MiB, 16384 MiB, 123.13 W, 74
2026/09/17 20:24:29.912, 100 %, 25 %, 15714 MiB, 16384 MiB, 123.43 W, 74
2026/09/17 20:24:30.914, 100 %, 1 %, 15714 MiB, 16384 MiB, 123.61 W, 74
2026/09/17 20:24:31.916, 100 %, 6 %, 15714 MiB, 16384 MiB, 130.28 W, 74
2026/09/17 20:24:32.919, 100 %, 0 %, 15714 MiB, 16384 MiB, 126.24 W, 74
2026/09/17 20:24:33.921, 100 %, 0 %, 15714 MiB, 16384 MiB, 164.78 W, 76
2026/09/17 20:24:34.924, 100 %, 42 %, 15714 MiB, 16384 MiB, 79.54 W, 74
2026/09/17 20:24:35.927, 100 %, 48 %, 15714 MiB, 16384 MiB, 114.12 W, 74
2026/09/17 20:24:36.929, 100 %, 5 %, 15714 MiB, 16384 MiB, 128.24 W, 74
2026/09/17 20:24:37.931, 100 %, 0 %, 15714 MiB, 16384 MiB, 125.02 W, 74
2026/09/17 20:24:38.933, 100 %, 0 %, 15714 MiB, 16384 MiB, 125.33 W, 74
2026/09/17 20:24:39.935, 100 %, 2 %, 15714 MiB, 16384 MiB, 126.35 W, 77
2026/09/17 20:24:40.938, 100 %, 0 %, 15714 MiB, 16384 MiB, 126.58 W, 77
2026/09/17 20:24:41.943, 100 %, 41 %, 15714 MiB, 16384 MiB, 166.55 W, 74
2026/09/17 20:24:42.948, 100 %, 18 %, 15714 MiB, 16384 MiB, 124.71 W, 74
2026/09/17 20:24:43.950, 100 %, 5 %, 15714 MiB, 16384 MiB, 121.96 W, 74
2026/09/17 20:24:44.953, 100 %, 0 %, 15714 MiB, 16384 MiB, 123.88 W, 74
2026/09/17 20:24:45.955, 100 %, 6 %, 15714 MiB, 16384 MiB, 128.00 W, 74
2026/09/17 20:24:46.957, 100 %, 0 %, 15714 MiB, 16384 MiB, 126.66 W, 74
2026/09/17 20:24:47.959, 100 %, 7 %, 15714 MiB, 16384 MiB, 233.90 W, 76
2026/09/17 20:24:48.964, 100 %, 44 %, 15714 MiB, 16384 MiB, 65.92 W, 74
2026/09/17 20:24:49.966, 100 %, 39 %, 15714 MiB, 16384 MiB, 122.00 W, 74
2026/09/17 20:24:50.969, 51 %, 4 %, 15714 MiB, 16384 MiB, 67.19 W, 73
2026/09/17 20:24:51.971, 83 %, 5 %, 15714 MiB, 16384 MiB, 68.21 W, 72
2026/09/17 20:24:52.973, 100 %, 7 %, 15714 MiB, 16384 MiB, 69.61 W, 72
2026/09/17 20:24:53.975, 66 %, 9 %, 15714 MiB, 16384 MiB, 69.38 W, 72
2026/09/17 20:24:54.978, 67 %, 9 %, 15714 MiB, 16384 MiB, 78.96 W, 71
2026/09/17 20:24:55.980, 100 %, 8 %, 15714 MiB, 16384 MiB, 68.64 W, 71
2026/09/17 20:24:56.984, 85 %, 10 %, 15714 MiB, 16384 MiB, 69.76 W, 71
2026/09/17 20:24:57.986, 69 %, 9 %, 15714 MiB, 16384 MiB, 69.47 W, 70
2026/09/17 20:24:58.988, 39 %, 3 %, 15714 MiB, 16384 MiB, 66.94 W, 70
2026/09/17 20:24:59.991, 100 %, 7 %, 15714 MiB, 16384 MiB, 74.67 W, 70
2026/09/17 20:25:00.993, 71 %, 9 %, 15714 MiB, 16384 MiB, 68.90 W, 70
2026/09/17 20:25:01.995, 50 %, 4 %, 15714 MiB, 16384 MiB, 66.42 W, 69
2026/09/17 20:25:02.998, 100 %, 9 %, 15714 MiB, 16384 MiB, 74.21 W, 69
2026/09/17 20:25:04.000, 76 %, 9 %, 15714 MiB, 16384 MiB, 68.73 W, 69
2026/09/17 20:25:05.002, 83 %, 5 %, 15714 MiB, 16384 MiB, 67.39 W, 69
2026/09/17 20:25:06.004, 99 %, 6 %, 15714 MiB, 16384 MiB, 69.11 W, 69
2026/09/17 20:25:07.007, 100 %, 8 %, 15714 MiB, 16384 MiB, 69.64 W, 69
2026/09/17 20:25:08.011, 44 %, 9 %, 15714 MiB, 16384 MiB, 75.88 W, 68
2026/09/17 20:25:09.013, 60 %, 9 %, 15714 MiB, 16384 MiB, 78.12 W, 68
2026/09/17 20:25:10.016, 61 %, 4 %, 15714 MiB, 16384 MiB, 73.07 W, 68
2026/09/17 20:25:11.019, 100 %, 8 %, 15714 MiB, 16384 MiB, 68.04 W, 68
2026/09/17 20:25:12.023, 100 %, 8 %, 15714 MiB, 16384 MiB, 73.47 W, 68
2026/09/17 20:25:13.027, 91 %, 12 %, 15714 MiB, 16384 MiB, 72.02 W, 67
2026/09/17 20:25:14.031, 76 %, 4 %, 15714 MiB, 16384 MiB, 75.88 W, 67
2026/09/17 20:25:15.051, 90 %, 5 %, 15714 MiB, 16384 MiB, 66.44 W, 67
2026/09/17 20:25:16.054, 100 %, 8 %, 15714 MiB, 16384 MiB, 71.10 W, 67
2026/09/17 20:25:17.056, 100 %, 5 %, 15714 MiB, 16384 MiB, 73.77 W, 67
2026/09/17 20:25:18.058, 91 %, 10 %, 15714 MiB, 16384 MiB, 73.46 W, 67
2026/09/17 20:25:19.061, 65 %, 4 %, 15714 MiB, 16384 MiB, 76.45 W, 67
2026/09/17 20:25:20.063, 80 %, 5 %, 15714 MiB, 16384 MiB, 66.08 W, 66
2026/09/17 20:25:21.065, 100 %, 8 %, 15714 MiB, 16384 MiB, 67.60 W, 66
2026/09/17 20:25:22.067, 82 %, 10 %, 15714 MiB, 16384 MiB, 67.68 W, 66
2026/09/17 20:25:23.070, 54 %, 9 %, 15714 MiB, 16384 MiB, 67.82 W, 66
2026/09/17 20:25:24.072, 34 %, 8 %, 15714 MiB, 16384 MiB, 76.60 W, 66
2026/09/17 20:25:25.074, 100 %, 8 %, 15714 MiB, 16384 MiB, 68.74 W, 65
2026/09/17 20:25:26.077, 100 %, 8 %, 15714 MiB, 16384 MiB, 69.93 W, 65
2026/09/17 20:25:27.081, 100 %, 7 %, 15714 MiB, 16384 MiB, 68.72 W, 65
2026/09/17 20:25:28.084, 67 %, 9 %, 15714 MiB, 16384 MiB, 66.64 W, 65
2026/09/17 20:25:29.088, 65 %, 9 %, 15714 MiB, 16384 MiB, 76.63 W, 65
2026/09/17 20:25:30.091, 100 %, 8 %, 15714 MiB, 16384 MiB, 67.08 W, 65
2026/09/17 20:25:31.095, 100 %, 8 %, 15714 MiB, 16384 MiB, 67.03 W, 65
2026/09/17 20:25:32.098, 100 %, 8 %, 15714 MiB, 16384 MiB, 72.77 W, 65
2026/09/17 20:25:33.102, 59 %, 9 %, 15714 MiB, 16384 MiB, 76.95 W, 64
2026/09/17 20:25:34.106, 47 %, 4 %, 15714 MiB, 16384 MiB, 64.08 W, 64
2026/09/17 20:25:35.109, 100 %, 8 %, 15714 MiB, 16384 MiB, 66.43 W, 64
2026/09/17 20:25:36.113, 100 %, 7 %, 15714 MiB, 16384 MiB, 72.13 W, 64
2026/09/17 20:25:37.116, 82 %, 10 %, 15714 MiB, 16384 MiB, 66.79 W, 64
2026/09/17 20:25:38.120, 54 %, 8 %, 15714 MiB, 16384 MiB, 70.55 W, 64
2026/09/17 20:25:39.123, 100 %, 7 %, 15714 MiB, 16384 MiB, 65.71 W, 64
2026/09/17 20:25:40.127, 100 %, 8 %, 15714 MiB, 16384 MiB, 66.33 W, 64
2026/09/17 20:25:41.131, 100 %, 8 %, 15714 MiB, 16384 MiB, 71.78 W, 64
2026/09/17 20:25:42.134, 70 %, 9 %, 15714 MiB, 16384 MiB, 66.29 W, 64
2026/09/17 20:25:43.138, 65 %, 9 %, 15714 MiB, 16384 MiB, 65.68 W, 63
2026/09/17 20:25:44.141, 100 %, 8 %, 15714 MiB, 16384 MiB, 66.05 W, 63
2026/09/17 20:25:45.145, 100 %, 8 %, 15714 MiB, 16384 MiB, 68.72 W, 63
2026/09/17 20:25:46.148, 100 %, 8 %, 15714 MiB, 16384 MiB, 68.66 W, 63
2026/09/17 20:25:47.152, 48 %, 9 %, 15714 MiB, 16384 MiB, 66.10 W, 63
2026/09/17 20:25:48.157, 20 %, 3 %, 15714 MiB, 16384 MiB, 74.49 W, 63
2026/09/17 20:25:49.160, 85 %, 5 %, 15714 MiB, 16384 MiB, 63.84 W, 63
2026/09/17 20:25:50.164, 100 %, 8 %, 15714 MiB, 16384 MiB, 71.20 W, 63
2026/09/17 20:25:51.167, 92 %, 11 %, 15714 MiB, 16384 MiB, 71.25 W, 63
2026/09/17 20:25:52.171, 68 %, 8 %, 15714 MiB, 16384 MiB, 69.64 W, 63
2026/09/17 20:25:53.175, 89 %, 5 %, 15714 MiB, 16384 MiB, 74.26 W, 63
2026/09/17 20:25:54.179, 100 %, 5 %, 15714 MiB, 16384 MiB, 64.19 W, 62
2026/09/17 20:25:55.183, 100 %, 8 %, 15714 MiB, 16384 MiB, 70.95 W, 62
2026/09/17 20:25:56.186, 84 %, 9 %, 15714 MiB, 16384 MiB, 71.07 W, 63
2026/09/17 20:25:57.189, 62 %, 9 %, 15714 MiB, 16384 MiB, 65.59 W, 62
2026/09/17 20:25:58.191, 100 %, 5 %, 15714 MiB, 16384 MiB, 64.30 W, 62
2026/09/17 20:25:59.193, 100 %, 8 %, 15714 MiB, 16384 MiB, 65.66 W, 62
2026/09/17 20:26:00.196, 100 %, 8 %, 15714 MiB, 16384 MiB, 65.63 W, 62
2026/09/17 20:26:01.198, 56 %, 9 %, 15714 MiB, 16384 MiB, 66.24 W, 62
2026/09/17 20:26:02.200, 15 %, 3 %, 15714 MiB, 16384 MiB, 76.64 W, 62
2026/09/17 20:26:03.203, 81 %, 5 %, 15714 MiB, 16384 MiB, 64.66 W, 62
2026/09/17 20:26:04.205, 100 %, 8 %, 15714 MiB, 16384 MiB, 74.06 W, 62
2026/09/17 20:26:05.207, 96 %, 11 %, 15714 MiB, 16384 MiB, 75.31 W, 62
2026/09/17 20:26:06.209, 79 %, 11 %, 15714 MiB, 16384 MiB, 71.41 W, 62
2026/09/17 20:26:07.212, 89 %, 5 %, 15714 MiB, 16384 MiB, 76.49 W, 62
2026/09/17 20:26:08.214, 100 %, 5 %, 15714 MiB, 16384 MiB, 64.51 W, 62
2026/09/17 20:26:09.216, 100 %, 8 %, 15714 MiB, 16384 MiB, 72.44 W, 62
2026/09/17 20:26:10.219, 94 %, 10 %, 15714 MiB, 16384 MiB, 72.36 W, 62
2026/09/17 20:26:11.221, 70 %, 9 %, 15714 MiB, 16384 MiB, 65.89 W, 62
2026/09/17 20:26:12.224, 77 %, 5 %, 15714 MiB, 16384 MiB, 62.97 W, 61
2026/09/17 20:26:13.227, 100 %, 8 %, 15714 MiB, 16384 MiB, 65.82 W, 62
2026/09/17 20:26:14.230, 100 %, 8 %, 15714 MiB, 16384 MiB, 65.89 W, 61
2026/09/17 20:26:15.233, 79 %, 10 %, 15714 MiB, 16384 MiB, 65.79 W, 62
2026/09/17 20:26:16.236, 100 %, 43 %, 15714 MiB, 16384 MiB, 87.56 W, 63
2026/09/17 20:26:17.239, 100 %, 4 %, 15714 MiB, 16384 MiB, 225.96 W, 67
2026/09/17 20:26:18.242, 100 %, 44 %, 15714 MiB, 16384 MiB, 228.12 W, 64
2026/09/17 20:26:19.246, 100 %, 41 %, 15714 MiB, 16384 MiB, 143.47 W, 64
2026/09/17 20:26:20.248, 100 %, 42 %, 15714 MiB, 16384 MiB, 254.03 W, 64
2026/09/17 20:26:21.250, 100 %, 34 %, 15714 MiB, 16384 MiB, 124.95 W, 65
2026/09/17 20:26:22.253, 100 %, 3 %, 15714 MiB, 16384 MiB, 118.17 W, 67
2026/09/17 20:26:23.255, 100 %, 28 %, 15714 MiB, 16384 MiB, 188.13 W, 67
2026/09/17 20:26:24.259, 100 %, 6 %, 15714 MiB, 16384 MiB, 98.06 W, 65
2026/09/17 20:26:25.264, 100 %, 45 %, 15714 MiB, 16384 MiB, 229.55 W, 66
2026/09/17 20:26:26.269, 100 %, 43 %, 15714 MiB, 16384 MiB, 137.83 W, 66
2026/09/17 20:26:27.272, 100 %, 1 %, 15714 MiB, 16384 MiB, 120.85 W, 66
2026/09/17 20:26:28.274, 100 %, 17 %, 15714 MiB, 16384 MiB, 61.34 W, 65
2026/09/17 20:26:29.278, 100 %, 46 %, 15714 MiB, 16384 MiB, 121.47 W, 67
2026/09/17 20:26:30.280, 100 %, 26 %, 15714 MiB, 16384 MiB, 224.01 W, 69
2026/09/17 20:26:31.284, 100 %, 0 %, 15714 MiB, 16384 MiB, 146.79 W, 67
2026/09/17 20:26:32.288, 100 %, 8 %, 15714 MiB, 16384 MiB, 121.02 W, 67
2026/09/17 20:26:33.290, 100 %, 10 %, 15714 MiB, 16384 MiB, 117.69 W, 68
2026/09/17 20:26:34.293, 100 %, 45 %, 15714 MiB, 16384 MiB, 119.80 W, 68
2026/09/17 20:26:35.295, 100 %, 5 %, 15714 MiB, 16384 MiB, 122.22 W, 71
2026/09/17 20:26:36.297, 100 %, 44 %, 15714 MiB, 16384 MiB, 64.00 W, 68
2026/09/17 20:26:37.300, 100 %, 28 %, 15714 MiB, 16384 MiB, 122.64 W, 72
2026/09/17 20:26:38.305, 100 %, 2 %, 15714 MiB, 16384 MiB, 221.34 W, 69
2026/09/17 20:26:39.308, 100 %, 39 %, 15714 MiB, 16384 MiB, 157.68 W, 69
2026/09/17 20:26:40.311, 100 %, 9 %, 15714 MiB, 16384 MiB, 236.95 W, 68
2026/09/17 20:26:41.313, 100 %, 47 %, 15714 MiB, 16384 MiB, 136.57 W, 69
2026/09/17 20:26:42.315, 100 %, 46 %, 15714 MiB, 16384 MiB, 119.05 W, 69
2026/09/17 20:26:43.319, 100 %, 2 %, 15714 MiB, 16384 MiB, 142.81 W, 72
2026/09/17 20:26:44.322, 100 %, 32 %, 15714 MiB, 16384 MiB, 82.02 W, 69
2026/09/17 20:26:45.324, 100 %, 3 %, 15714 MiB, 16384 MiB, 201.98 W, 72
2026/09/17 20:26:46.330, 100 %, 31 %, 15714 MiB, 16384 MiB, 194.43 W, 70
2026/09/17 20:26:47.335, 100 %, 6 %, 15714 MiB, 16384 MiB, 121.68 W, 70
2026/09/17 20:26:48.337, 100 %, 38 %, 15714 MiB, 16384 MiB, 139.65 W, 69
2026/09/17 20:26:49.340, 100 %, 46 %, 15714 MiB, 16384 MiB, 115.06 W, 70
2026/09/17 20:26:50.343, 100 %, 5 %, 15714 MiB, 16384 MiB, 122.62 W, 70
2026/09/17 20:26:51.345, 100 %, 2 %, 15714 MiB, 16384 MiB, 122.47 W, 70
2026/09/17 20:26:52.347, 100 %, 6 %, 15714 MiB, 16384 MiB, 128.80 W, 71
2026/09/17 20:26:53.349, 100 %, 0 %, 15714 MiB, 16384 MiB, 124.97 W, 71
2026/09/17 20:26:54.352, 100 %, 0 %, 15714 MiB, 16384 MiB, 180.19 W, 74
2026/09/17 20:26:55.355, 100 %, 44 %, 15714 MiB, 16384 MiB, 64.37 W, 70
2026/09/17 20:26:56.357, 100 %, 47 %, 15714 MiB, 16384 MiB, 116.42 W, 71
2026/09/17 20:26:57.361, 100 %, 2 %, 15714 MiB, 16384 MiB, 121.97 W, 71
2026/09/17 20:26:58.363, 100 %, 6 %, 15714 MiB, 16384 MiB, 128.54 W, 71
2026/09/17 20:26:59.365, 100 %, 0 %, 15714 MiB, 16384 MiB, 124.96 W, 71
2026/09/17 20:27:00.367, 100 %, 0 %, 15714 MiB, 16384 MiB, 125.48 W, 72
2026/09/17 20:27:01.370, 100 %, 43 %, 15714 MiB, 16384 MiB, 230.21 W, 71
2026/09/17 20:27:02.374, 100 %, 47 %, 15714 MiB, 16384 MiB, 229.20 W, 72
2026/09/17 20:27:03.376, 100 %, 4 %, 15714 MiB, 16384 MiB, 123.84 W, 72
2026/09/17 20:27:04.379, 100 %, 0 %, 15714 MiB, 16384 MiB, 122.81 W, 72
2026/09/17 20:27:05.381, 100 %, 0 %, 15714 MiB, 16384 MiB, 123.10 W, 72
2026/09/17 20:27:06.383, 100 %, 2 %, 15714 MiB, 16384 MiB, 126.33 W, 72
2026/09/17 20:27:07.385, 100 %, 0 %, 15714 MiB, 16384 MiB, 125.69 W, 72
2026/09/17 20:27:08.387, 100 %, 46 %, 15714 MiB, 16384 MiB, 245.72 W, 72
2026/09/17 20:27:09.391, 100 %, 7 %, 15714 MiB, 16384 MiB, 94.60 W, 72
2026/09/17 20:27:10.393, 100 %, 3 %, 15714 MiB, 16384 MiB, 121.30 W, 72
2026/09/17 20:27:11.395, 100 %, 0 %, 15714 MiB, 16384 MiB, 123.33 W, 72
2026/09/17 20:27:12.397, 100 %, 4 %, 15714 MiB, 16384 MiB, 129.16 W, 73
2026/09/17 20:27:13.400, 100 %, 0 %, 15714 MiB, 16384 MiB, 126.36 W, 73
2026/09/17 20:27:14.402, 100 %, 34 %, 15714 MiB, 16384 MiB, 217.30 W, 74
2026/09/17 20:27:15.405, 100 %, 23 %, 15714 MiB, 16384 MiB, 63.97 W, 72
2026/09/17 20:27:16.408, 100 %, 6 %, 15714 MiB, 16384 MiB, 119.39 W, 73
2026/09/17 20:27:17.413, 100 %, 6 %, 15714 MiB, 16384 MiB, 128.14 W, 73
2026/09/17 20:27:18.415, 100 %, 0 %, 15714 MiB, 16384 MiB, 126.00 W, 73
2026/09/17 20:27:19.418, 100 %, 0 %, 15714 MiB, 16384 MiB, 126.13 W, 73
2026/09/17 20:27:20.420, 100 %, 24 %, 15714 MiB, 16384 MiB, 166.30 W, 76
2026/09/17 20:27:21.428, 100 %, 43 %, 15714 MiB, 16384 MiB, 226.97 W, 75
2026/09/17 20:27:22.432, 100 %, 20 %, 15714 MiB, 16384 MiB, 115.53 W, 73
2026/09/17 20:27:23.437, 100 %, 1 %, 15714 MiB, 16384 MiB, 123.69 W, 73
2026/09/17 20:27:24.439, 100 %, 11 %, 15714 MiB, 16384 MiB, 123.81 W, 73
2026/09/17 20:27:25.443, 100 %, 0 %, 15714 MiB, 16384 MiB, 126.24 W, 73
2026/09/17 20:27:26.445, 100 %, 6 %, 15714 MiB, 16384 MiB, 127.43 W, 76
2026/09/17 20:27:27.448, 100 %, 0 %, 15714 MiB, 16384 MiB, 190.29 W, 76
2026/09/17 20:27:28.451, 100 %, 15 %, 15714 MiB, 16384 MiB, 117.01 W, 73
2026/09/17 20:27:29.454, 100 %, 34 %, 15714 MiB, 16384 MiB, 124.64 W, 73
2026/09/17 20:27:30.456, 100 %, 24 %, 15714 MiB, 16384 MiB, 124.61 W, 73
2026/09/17 20:27:31.459, 100 %, 6 %, 15714 MiB, 16384 MiB, 131.09 W, 74
2026/09/17 20:27:32.461, 100 %, 0 %, 15714 MiB, 16384 MiB, 127.84 W, 74
2026/09/17 20:27:33.463, 100 %, 0 %, 15714 MiB, 16384 MiB, 127.13 W, 75
2026/09/17 20:27:34.465, 100 %, 2 %, 15714 MiB, 16384 MiB, 90.28 W, 73
2026/09/17 20:27:35.469, 100 %, 20 %, 15714 MiB, 16384 MiB, 112.23 W, 74
2026/09/17 20:27:36.472, 100 %, 37 %, 15714 MiB, 16384 MiB, 125.25 W, 74
2026/09/17 20:27:37.475, 100 %, 3 %, 15714 MiB, 16384 MiB, 124.47 W, 74
2026/09/17 20:27:38.477, 100 %, 0 %, 15714 MiB, 16384 MiB, 122.98 W, 74
2026/09/17 20:27:39.480, 100 %, 0 %, 15714 MiB, 16384 MiB, 125.74 W, 74
2026/09/17 20:27:40.482, 100 %, 1 %, 15714 MiB, 16384 MiB, 204.56 W, 74
2026/09/17 20:27:41.485, 100 %, 1 %, 15714 MiB, 16384 MiB, 237.71 W, 74
2026/09/17 20:27:42.489, 100 %, 47 %, 15714 MiB, 16384 MiB, 117.43 W, 74
2026/09/17 20:27:43.492, 100 %, 5 %, 15714 MiB, 16384 MiB, 122.82 W, 74
2026/09/17 20:27:44.494, 100 %, 2 %, 15714 MiB, 16384 MiB, 122.60 W, 74
2026/09/17 20:27:45.497, 100 %, 6 %, 15714 MiB, 16384 MiB, 129.92 W, 74
2026/09/17 20:27:46.499, 100 %, 0 %, 15714 MiB, 16384 MiB, 125.96 W, 74
2026/09/17 20:27:47.501, 100 %, 0 %, 15714 MiB, 16384 MiB, 134.10 W, 76
2026/09/17 20:27:48.506, 100 %, 42 %, 15714 MiB, 16384 MiB, 95.61 W, 73
2026/09/17 20:27:49.510, 100 %, 46 %, 15714 MiB, 16384 MiB, 110.83 W, 74
2026/09/17 20:27:50.515, 100 %, 4 %, 15714 MiB, 16384 MiB, 128.38 W, 74
2026/09/17 20:27:51.517, 100 %, 0 %, 15714 MiB, 16384 MiB, 124.29 W, 74
2026/09/17 20:27:52.535, 100 %, 0 %, 15714 MiB, 16384 MiB, 124.41 W, 74
2026/09/17 20:27:53.537, 100 %, 0 %, 15714 MiB, 16384 MiB, 126.13 W, 74
2026/09/17 20:27:54.539, 100 %, 10 %, 15714 MiB, 16384 MiB, 244.42 W, 73
2026/09/17 20:27:55.541, 100 %, 28 %, 15714 MiB, 16384 MiB, 170.63 W, 74
2026/09/17 20:27:56.544, 100 %, 33 %, 15714 MiB, 16384 MiB, 124.96 W, 74
2026/09/17 20:27:57.546, 100 %, 4 %, 15714 MiB, 16384 MiB, 124.00 W, 74
2026/09/17 20:27:58.548, 100 %, 0 %, 15714 MiB, 16384 MiB, 124.28 W, 74
2026/09/17 20:27:59.550, 100 %, 26 %, 15714 MiB, 16384 MiB, 67.98 W, 72
2026/09/17 20:28:00.553, 100 %, 15 %, 15714 MiB, 16384 MiB, 246.42 W, 74
2026/09/17 20:28:01.555, 100 %, 22 %, 15714 MiB, 16384 MiB, 214.22 W, 74
2026/09/17 20:28:02.566, 93 %, 5 %, 15714 MiB, 16384 MiB, 67.13 W, 74
2026/09/17 20:28:03.570, 100 %, 9 %, 15714 MiB, 16384 MiB, 137.17 W, 77
2026/09/17 20:28:04.577, 100 %, 6 %, 15714 MiB, 16384 MiB, 247.77 W, 75
2026/09/17 20:28:05.584, 100 %, 8 %, 15714 MiB, 16384 MiB, 133.91 W, 74
2026/09/17 20:28:06.586, 100 %, 18 %, 15714 MiB, 16384 MiB, 230.56 W, 74
2026/09/17 20:28:07.589, 100 %, 46 %, 15714 MiB, 16384 MiB, 124.38 W, 74
2026/09/17 20:28:08.591, 100 %, 37 %, 15714 MiB, 16384 MiB, 119.60 W, 74
2026/09/17 20:28:09.593, 100 %, 3 %, 15714 MiB, 16384 MiB, 144.69 W, 77
2026/09/17 20:28:10.598, 100 %, 43 %, 15714 MiB, 16384 MiB, 121.47 W, 74
2026/09/17 20:28:11.600, 100 %, 4 %, 15714 MiB, 16384 MiB, 165.34 W, 77
2026/09/17 20:28:12.603, 100 %, 16 %, 15714 MiB, 16384 MiB, 152.84 W, 76
2026/09/17 20:28:13.610, 100 %, 7 %, 15714 MiB, 16384 MiB, 67.87 W, 74
2026/09/17 20:28:14.612, 100 %, 17 %, 15714 MiB, 16384 MiB, 159.81 W, 76
2026/09/17 20:28:15.614, 100 %, 44 %, 15714 MiB, 16384 MiB, 237.76 W, 75
2026/09/17 20:28:16.616, 100 %, 40 %, 15714 MiB, 16384 MiB, 116.82 W, 74
2026/09/17 20:28:17.620, 100 %, 45 %, 15714 MiB, 16384 MiB, 217.77 W, 74
2026/09/17 20:28:18.626, 100 %, 42 %, 15714 MiB, 16384 MiB, 125.32 W, 75
2026/09/17 20:28:19.628, 100 %, 3 %, 15714 MiB, 16384 MiB, 119.75 W, 74
2026/09/17 20:28:20.630, 100 %, 13 %, 15714 MiB, 16384 MiB, 164.19 W, 77
2026/09/17 20:28:21.637, 100 %, 7 %, 15714 MiB, 16384 MiB, 73.19 W, 74
2026/09/17 20:28:22.639, 100 %, 24 %, 15714 MiB, 16384 MiB, 182.55 W, 77
2026/09/17 20:28:23.642, 100 %, 47 %, 15714 MiB, 16384 MiB, 238.58 W, 75
2026/09/17 20:28:24.644, 100 %, 5 %, 15714 MiB, 16384 MiB, 135.12 W, 75
2026/09/17 20:28:25.646, 100 %, 45 %, 15714 MiB, 16384 MiB, 221.84 W, 74
2026/09/17 20:28:26.652, 100 %, 36 %, 15714 MiB, 16384 MiB, 116.59 W, 75
2026/09/17 20:28:27.655, 100 %, 38 %, 15714 MiB, 16384 MiB, 121.53 W, 75
2026/09/17 20:28:28.657, 100 %, 5 %, 15714 MiB, 16384 MiB, 181.99 W, 78
2026/09/17 20:28:29.666, 100 %, 47 %, 15714 MiB, 16384 MiB, 94.65 W, 75
2026/09/17 20:28:30.668, 100 %, 41 %, 15714 MiB, 16384 MiB, 206.52 W, 78
2026/09/17 20:28:31.670, 100 %, 2 %, 15714 MiB, 16384 MiB, 203.06 W, 76
2026/09/17 20:28:32.673, 100 %, 38 %, 15714 MiB, 16384 MiB, 93.18 W, 75
2026/09/17 20:28:33.675, 100 %, 4 %, 15714 MiB, 16384 MiB, 128.49 W, 75
2026/09/17 20:28:34.677, 100 %, 1 %, 15714 MiB, 16384 MiB, 125.82 W, 75
2026/09/17 20:28:35.680, 100 %, 1 %, 15714 MiB, 16384 MiB, 126.00 W, 75
2026/09/17 20:28:36.682, 100 %, 4 %, 15714 MiB, 16384 MiB, 126.70 W, 77
2026/09/17 20:28:37.684, 100 %, 0 %, 15714 MiB, 16384 MiB, 126.57 W, 78
2026/09/17 20:28:38.689, 100 %, 25 %, 15714 MiB, 16384 MiB, 184.03 W, 75
2026/09/17 20:28:39.694, 100 %, 36 %, 15714 MiB, 16384 MiB, 119.36 W, 75
2026/09/17 20:28:40.696, 100 %, 21 %, 15714 MiB, 16384 MiB, 121.50 W, 75
2026/09/17 20:28:41.699, 100 %, 1 %, 15714 MiB, 16384 MiB, 123.79 W, 75
2026/09/17 20:28:42.701, 100 %, 6 %, 15714 MiB, 16384 MiB, 128.57 W, 75
2026/09/17 20:28:43.703, 100 %, 0 %, 15714 MiB, 16384 MiB, 126.67 W, 75
2026/09/17 20:28:44.705, 100 %, 0 %, 15714 MiB, 16384 MiB, 221.14 W, 76
2026/09/17 20:28:45.707, 100 %, 43 %, 15714 MiB, 16384 MiB, 65.79 W, 74
2026/09/17 20:28:46.710, 100 %, 46 %, 15714 MiB, 16384 MiB, 120.42 W, 75
2026/09/17 20:28:47.712, 100 %, 5 %, 15714 MiB, 16384 MiB, 128.28 W, 75
2026/09/17 20:28:48.714, 100 %, 0 %, 15714 MiB, 16384 MiB, 125.57 W, 75
2026/09/17 20:28:49.716, 100 %, 1 %, 15714 MiB, 16384 MiB, 126.05 W, 75
2026/09/17 20:28:50.719, 100 %, 2 %, 15714 MiB, 16384 MiB, 126.29 W, 78
2026/09/17 20:28:51.721, 100 %, 0 %, 15714 MiB, 16384 MiB, 167.12 W, 77
2026/09/17 20:28:52.724, 100 %, 45 %, 15714 MiB, 16384 MiB, 120.69 W, 75
2026/09/17 20:28:53.726, 100 %, 16 %, 15714 MiB, 16384 MiB, 123.27 W, 75
2026/09/17 20:28:54.728, 100 %, 4 %, 15714 MiB, 16384 MiB, 123.39 W, 75
2026/09/17 20:28:55.731, 100 %, 0 %, 15714 MiB, 16384 MiB, 124.61 W, 75
2026/09/17 20:28:56.734, 100 %, 5 %, 15714 MiB, 16384 MiB, 126.62 W, 75
2026/09/17 20:28:57.736, 100 %, 0 %, 15714 MiB, 16384 MiB, 126.37 W, 75
2026/09/17 20:28:58.738, 100 %, 11 %, 15714 MiB, 16384 MiB, 246.42 W, 76
2026/09/17 20:28:59.740, 100 %, 43 %, 15714 MiB, 16384 MiB, 105.22 W, 74
2026/09/17 20:29:00.743, 100 %, 37 %, 15714 MiB, 16384 MiB, 120.92 W, 75
2026/09/17 20:29:01.745, 100 %, 6 %, 15714 MiB, 16384 MiB, 127.82 W, 75
2026/09/17 20:29:02.748, 100 %, 0 %, 15714 MiB, 16384 MiB, 126.06 W, 75
2026/09/17 20:29:03.756, 100 %, 0 %, 15714 MiB, 16384 MiB, 126.28 W, 75
2026/09/17 20:29:04.759, 100 %, 1 %, 15714 MiB, 16384 MiB, 189.80 W, 78
2026/09/17 20:29:05.762, 100 %, 0 %, 15714 MiB, 16384 MiB, 235.41 W, 77
2026/09/17 20:29:06.765, 100 %, 45 %, 15714 MiB, 16384 MiB, 174.45 W, 75
2026/09/17 20:29:07.767, 100 %, 5 %, 15714 MiB, 16384 MiB, 124.06 W, 74
2026/09/17 20:29:08.769, 100 %, 2 %, 15714 MiB, 16384 MiB, 121.98 W, 74
2026/09/17 20:29:09.771, 100 %, 0 %, 15714 MiB, 16384 MiB, 123.81 W, 75
2026/09/17 20:29:10.774, 100 %, 3 %, 15714 MiB, 16384 MiB, 127.36 W, 74
2026/09/17 20:29:11.776, 100 %, 0 %, 15714 MiB, 16384 MiB, 125.99 W, 74
2026/09/17 20:29:12.779, 100 %, 39 %, 15714 MiB, 16384 MiB, 228.97 W, 75
2026/09/17 20:29:13.781, 100 %, 22 %, 15714 MiB, 16384 MiB, 66.79 W, 74
2026/09/17 20:29:14.783, 100 %, 8 %, 15714 MiB, 16384 MiB, 121.03 W, 74
2026/09/17 20:29:15.785, 100 %, 6 %, 15714 MiB, 16384 MiB, 128.23 W, 75
2026/09/17 20:29:16.789, 100 %, 0 %, 15714 MiB, 16384 MiB, 125.71 W, 74
2026/09/17 20:29:17.791, 100 %, 0 %, 15714 MiB, 16384 MiB, 126.25 W, 74
2026/09/17 20:29:18.793, 100 %, 4 %, 15714 MiB, 16384 MiB, 126.34 W, 77
2026/09/17 20:29:19.797, 100 %, 15 %, 15714 MiB, 16384 MiB, 195.86 W, 76
2026/09/17 20:29:20.801, 100 %, 41 %, 15714 MiB, 16384 MiB, 110.72 W, 74
2026/09/17 20:29:21.803, 100 %, 4 %, 15714 MiB, 16384 MiB, 123.20 W, 74
2026/09/17 20:29:22.806, 100 %, 1 %, 15714 MiB, 16384 MiB, 123.58 W, 74
2026/09/17 20:29:23.808, 100 %, 0 %, 15714 MiB, 16384 MiB, 124.98 W, 74
2026/09/17 20:29:24.810, 100 %, 2 %, 15714 MiB, 16384 MiB, 126.71 W, 74
2026/09/17 20:29:25.812, 100 %, 0 %, 15714 MiB, 16384 MiB, 126.71 W, 75
2026/09/17 20:29:26.815, 100 %, 46 %, 15714 MiB, 16384 MiB, 179.13 W, 74
2026/09/17 20:29:27.820, 100 %, 5 %, 15714 MiB, 16384 MiB, 119.48 W, 74
2026/09/17 20:29:28.823, 100 %, 3 %, 15714 MiB, 16384 MiB, 122.57 W, 74
2026/09/17 20:29:29.825, 100 %, 6 %, 15714 MiB, 16384 MiB, 129.44 W, 74
2026/09/17 20:29:30.827, 100 %, 0 %, 15714 MiB, 16384 MiB, 126.76 W, 74
2026/09/17 20:29:31.829, 100 %, 0 %, 15714 MiB, 16384 MiB, 126.53 W, 74
2026/09/17 20:29:32.831, 100 %, 32 %, 15714 MiB, 16384 MiB, 232.21 W, 76
2026/09/17 20:29:33.844, 100 %, 46 %, 15714 MiB, 16384 MiB, 251.50 W, 76
2026/09/17 20:29:34.849, 100 %, 15 %, 15714 MiB, 16384 MiB, 122.01 W, 74
2026/09/17 20:29:35.851, 100 %, 1 %, 15714 MiB, 16384 MiB, 123.60 W, 74
2026/09/17 20:29:36.855, 100 %, 0 %, 15714 MiB, 16384 MiB, 123.38 W, 74
2026/09/17 20:29:37.861, 100 %, 0 %, 15714 MiB, 16384 MiB, 125.79 W, 74
2026/09/17 20:29:38.867, 100 %, 0 %, 15714 MiB, 16384 MiB, 126.46 W, 76
2026/09/17 20:29:39.873, 100 %, 15 %, 15714 MiB, 16384 MiB, 175.28 W, 77
2026/09/17 20:29:40.884, 100 %, 45 %, 15714 MiB, 16384 MiB, 122.00 W, 74
2026/09/17 20:29:41.886, 100 %, 4 %, 15714 MiB, 16384 MiB, 124.16 W, 74
2026/09/17 20:29:42.888, 100 %, 1 %, 15714 MiB, 16384 MiB, 124.12 W, 74
2026/09/17 20:29:43.890, 49 %, 2 %, 15714 MiB, 16384 MiB, 67.94 W, 73
2026/09/17 20:29:44.892, 99 %, 6 %, 15714 MiB, 16384 MiB, 68.58 W, 72
2026/09/17 20:29:45.895, 100 %, 7 %, 15714 MiB, 16384 MiB, 68.77 W, 72
2026/09/17 20:29:46.897, 63 %, 9 %, 15714 MiB, 16384 MiB, 75.82 W, 72
2026/09/17 20:29:47.899, 70 %, 4 %, 15714 MiB, 16384 MiB, 69.57 W, 71
2026/09/17 20:29:48.902, 100 %, 8 %, 15714 MiB, 16384 MiB, 67.76 W, 71
2026/09/17 20:29:49.904, 69 %, 9 %, 15714 MiB, 16384 MiB, 75.27 W, 71
2026/09/17 20:29:50.907, 68 %, 9 %, 15714 MiB, 16384 MiB, 75.41 W, 71
2026/09/17 20:29:51.909, 87 %, 5 %, 15714 MiB, 16384 MiB, 67.53 W, 70
2026/09/17 20:29:52.912, 100 %, 8 %, 15714 MiB, 16384 MiB, 69.31 W, 70
2026/09/17 20:29:53.914, 97 %, 10 %, 15714 MiB, 16384 MiB, 69.68 W, 70
2026/09/17 20:29:54.918, 36 %, 3 %, 15714 MiB, 16384 MiB, 78.08 W, 70
2026/09/17 20:29:55.921, 100 %, 8 %, 15714 MiB, 16384 MiB, 67.96 W, 69
2026/09/17 20:29:56.925, 100 %, 8 %, 15714 MiB, 16384 MiB, 68.62 W, 69
2026/09/17 20:29:57.928, 4 %, 2 %, 15714 MiB, 16384 MiB, 80.02 W, 69
2026/09/17 20:29:58.932, 100 %, 8 %, 15714 MiB, 16384 MiB, 67.99 W, 69
2026/09/17 20:29:59.935, 100 %, 8 %, 15714 MiB, 16384 MiB, 69.09 W, 69
2026/09/17 20:30:00.938, 1 %, 2 %, 15714 MiB, 16384 MiB, 78.82 W, 69
2026/09/17 20:30:01.945, 100 %, 8 %, 15714 MiB, 16384 MiB, 65.72 W, 68
2026/09/17 20:30:02.949, 100 %, 8 %, 15714 MiB, 16384 MiB, 67.36 W, 68
2026/09/17 20:30:03.951, 4 %, 5 %, 15714 MiB, 16384 MiB, 68.10 W, 68
2026/09/17 20:30:04.953, 70 %, 4 %, 15714 MiB, 16384 MiB, 68.13 W, 68
2026/09/17 20:30:05.957, 97 %, 5 %, 15714 MiB, 16384 MiB, 77.90 W, 67
2026/09/17 20:30:06.959, 83 %, 10 %, 15714 MiB, 16384 MiB, 68.18 W, 67
2026/09/17 20:30:07.961, 68 %, 10 %, 15714 MiB, 16384 MiB, 71.82 W, 67
2026/09/17 20:30:08.964, 55 %, 9 %, 15714 MiB, 16384 MiB, 73.50 W, 67
2026/09/17 20:30:09.966, 100 %, 8 %, 15714 MiB, 16384 MiB, 67.35 W, 67
2026/09/17 20:30:10.968, 100 %, 8 %, 15714 MiB, 16384 MiB, 67.83 W, 67
2026/09/17 20:30:11.971, 100 %, 7 %, 15714 MiB, 16384 MiB, 73.18 W, 66
2026/09/17 20:30:12.973, 70 %, 13 %, 15714 MiB, 16384 MiB, 67.25 W, 66
2026/09/17 20:30:13.975, 70 %, 4 %, 15714 MiB, 16384 MiB, 76.42 W, 66
2026/09/17 20:30:14.978, 100 %, 8 %, 15714 MiB, 16384 MiB, 67.43 W, 66
2026/09/17 20:30:15.980, 100 %, 8 %, 15714 MiB, 16384 MiB, 68.66 W, 66
2026/09/17 20:30:16.982, 100 %, 6 %, 15714 MiB, 16384 MiB, 73.95 W, 66
2026/09/17 20:30:17.984, 62 %, 9 %, 15714 MiB, 16384 MiB, 76.11 W, 65
2026/09/17 20:30:18.987, 67 %, 4 %, 15714 MiB, 16384 MiB, 77.30 W, 66
2026/09/17 20:30:19.993, 97 %, 5 %, 15714 MiB, 16384 MiB, 64.40 W, 65
2026/09/17 20:30:20.995, 100 %, 5 %, 15714 MiB, 16384 MiB, 72.61 W, 65
2026/09/17 20:30:21.997, 82 %, 10 %, 15714 MiB, 16384 MiB, 72.53 W, 65
2026/09/17 20:30:23.001, 54 %, 8 %, 15714 MiB, 16384 MiB, 71.05 W, 65
2026/09/17 20:30:24.004, 100 %, 6 %, 15714 MiB, 16384 MiB, 64.80 W, 65
2026/09/17 20:30:25.008, 100 %, 8 %, 15714 MiB, 16384 MiB, 65.89 W, 65
2026/09/17 20:30:26.011, 100 %, 7 %, 15714 MiB, 16384 MiB, 72.29 W, 65
2026/09/17 20:30:27.015, 68 %, 12 %, 15714 MiB, 16384 MiB, 72.29 W, 65
2026/09/17 20:30:28.018, 63 %, 9 %, 15714 MiB, 16384 MiB, 65.46 W, 65
2026/09/17 20:30:29.022, 100 %, 8 %, 15714 MiB, 16384 MiB, 66.45 W, 64
2026/09/17 20:30:30.025, 100 %, 8 %, 15714 MiB, 16384 MiB, 66.50 W, 64
2026/09/17 20:30:31.029, 100 %, 10 %, 15714 MiB, 16384 MiB, 72.08 W, 64
2026/09/17 20:30:32.032, 60 %, 4 %, 15714 MiB, 16384 MiB, 76.59 W, 64
2026/09/17 20:30:33.036, 83 %, 5 %, 15714 MiB, 16384 MiB, 75.70 W, 64
2026/09/17 20:30:34.039, 96 %, 5 %, 15714 MiB, 16384 MiB, 63.16 W, 64
2026/09/17 20:30:35.043, 100 %, 5 %, 15714 MiB, 16384 MiB, 72.74 W, 64
2026/09/17 20:30:36.046, 88 %, 10 %, 15714 MiB, 16384 MiB, 73.20 W, 64
2026/09/17 20:30:37.050, 62 %, 8 %, 15714 MiB, 16384 MiB, 70.30 W, 63
2026/09/17 20:30:38.053, 100 %, 5 %, 15714 MiB, 16384 MiB, 75.27 W, 63
2026/09/17 20:30:39.057, 100 %, 8 %, 15714 MiB, 16384 MiB, 66.26 W, 63
2026/09/17 20:30:40.061, 100 %, 7 %, 15714 MiB, 16384 MiB, 71.58 W, 63
2026/09/17 20:30:41.063, 76 %, 13 %, 15714 MiB, 16384 MiB, 71.65 W, 63
2026/09/17 20:30:42.065, 61 %, 9 %, 15714 MiB, 16384 MiB, 65.51 W, 63
2026/09/17 20:30:43.067, 100 %, 8 %, 15714 MiB, 16384 MiB, 65.19 W, 63
2026/09/17 20:30:44.070, 100 %, 8 %, 15714 MiB, 16384 MiB, 66.25 W, 63
2026/09/17 20:30:45.072, 100 %, 8 %, 15714 MiB, 16384 MiB, 65.89 W, 63
2026/09/17 20:30:46.074, 67 %, 9 %, 15714 MiB, 16384 MiB, 66.00 W, 63
2026/09/17 20:30:47.076, 46 %, 9 %, 15714 MiB, 16384 MiB, 65.89 W, 63
2026/09/17 20:30:48.079, 58 %, 4 %, 15714 MiB, 16384 MiB, 75.15 W, 63
2026/09/17 20:30:49.081, 100 %, 8 %, 15714 MiB, 16384 MiB, 65.71 W, 62
2026/09/17 20:30:50.083, 100 %, 8 %, 15714 MiB, 16384 MiB, 65.73 W, 63
2026/09/17 20:30:51.086, 100 %, 10 %, 15714 MiB, 16384 MiB, 65.09 W, 63
2026/09/17 20:30:52.090, 63 %, 4 %, 15714 MiB, 16384 MiB, 75.30 W, 62
2026/09/17 20:30:53.093, 89 %, 5 %, 15714 MiB, 16384 MiB, 74.47 W, 62
2026/09/17 20:30:54.097, 100 %, 8 %, 15714 MiB, 16384 MiB, 65.69 W, 62
2026/09/17 20:30:55.100, 100 %, 8 %, 15714 MiB, 16384 MiB, 67.69 W, 62
2026/09/17 20:30:56.102, 71 %, 9 %, 15714 MiB, 16384 MiB, 73.84 W, 62
2026/09/17 20:30:57.104, 77 %, 5 %, 15714 MiB, 16384 MiB, 77.08 W, 62
2026/09/17 20:30:58.106, 95 %, 5 %, 15714 MiB, 16384 MiB, 64.69 W, 62
2026/09/17 20:30:59.109, 100 %, 8 %, 15714 MiB, 16384 MiB, 66.37 W, 62
2026/09/17 20:31:00.113, 73 %, 9 %, 15714 MiB, 16384 MiB, 72.43 W, 62
2026/09/17 20:31:01.116, 52 %, 9 %, 15714 MiB, 16384 MiB, 65.95 W, 62
2026/09/17 20:31:02.118, 45 %, 8 %, 15714 MiB, 16384 MiB, 64.32 W, 62
2026/09/17 20:31:03.120, 100 %, 8 %, 15714 MiB, 16384 MiB, 65.28 W, 62
2026/09/17 20:31:04.122, 100 %, 8 %, 15714 MiB, 16384 MiB, 66.06 W, 62
2026/09/17 20:31:05.125, 100 %, 7 %, 15714 MiB, 16384 MiB, 72.46 W, 62
2026/09/17 20:31:06.127, 64 %, 9 %, 15714 MiB, 16384 MiB, 65.76 W, 62
2026/09/17 20:31:07.129, 62 %, 9 %, 15714 MiB, 16384 MiB, 65.30 W, 62
2026/09/17 20:31:08.131, 100 %, 8 %, 15714 MiB, 16384 MiB, 65.64 W, 62
2026/09/17 20:31:09.133, 100 %, 7 %, 15714 MiB, 16384 MiB, 126.66 W, 66
2026/09/17 20:31:10.138, 100 %, 3 %, 15714 MiB, 16384 MiB, 248.75 W, 64
2026/09/17 20:31:11.142, 100 %, 46 %, 15714 MiB, 16384 MiB, 106.03 W, 64
2026/09/17 20:31:12.144, 100 %, 5 %, 15714 MiB, 16384 MiB, 121.18 W, 65
2026/09/17 20:31:13.147, 100 %, 42 %, 15714 MiB, 16384 MiB, 113.24 W, 65
2026/09/17 20:31:14.150, 100 %, 38 %, 15714 MiB, 16384 MiB, 118.76 W, 67
2026/09/17 20:31:15.152, 100 %, 0 %, 15714 MiB, 16384 MiB, 227.84 W, 67
2026/09/17 20:31:16.154, 100 %, 20 %, 15714 MiB, 16384 MiB, 118.10 W, 65
2026/09/17 20:31:17.157, 100 %, 4 %, 15714 MiB, 16384 MiB, 252.37 W, 66
2026/09/17 20:31:18.161, 100 %, 43 %, 15714 MiB, 16384 MiB, 104.41 W, 66
2026/09/17 20:31:19.163, 100 %, 45 %, 15714 MiB, 16384 MiB, 119.06 W, 66
2026/09/17 20:31:20.165, 100 %, 47 %, 15714 MiB, 16384 MiB, 65.24 W, 65
2026/09/17 20:31:21.168, 100 %, 38 %, 15714 MiB, 16384 MiB, 114.76 W, 67
2026/09/17 20:31:22.170, 100 %, 3 %, 15714 MiB, 16384 MiB, 120.76 W, 69
2026/09/17 20:31:23.174, 100 %, 30 %, 15714 MiB, 16384 MiB, 229.34 W, 67
2026/09/17 20:31:24.178, 100 %, 6 %, 15714 MiB, 16384 MiB, 123.90 W, 67
2026/09/17 20:31:25.180, 100 %, 48 %, 15714 MiB, 16384 MiB, 241.99 W, 67
2026/09/17 20:31:26.183, 100 %, 45 %, 15714 MiB, 16384 MiB, 116.59 W, 68
2026/09/17 20:31:27.187, 100 %, 3 %, 15714 MiB, 16384 MiB, 123.23 W, 69
2026/09/17 20:31:28.190, 100 %, 30 %, 15714 MiB, 16384 MiB, 65.90 W, 68
2026/09/17 20:31:29.192, 100 %, 3 %, 15714 MiB, 16384 MiB, 125.04 W, 72
2026/09/17 20:31:30.199, 100 %, 37 %, 15714 MiB, 16384 MiB, 242.76 W, 69
2026/09/17 20:31:31.201, 100 %, 47 %, 15714 MiB, 16384 MiB, 126.17 W, 69
2026/09/17 20:31:32.204, 100 %, 3 %, 15714 MiB, 16384 MiB, 124.07 W, 69
2026/09/17 20:31:33.206, 100 %, 45 %, 15714 MiB, 16384 MiB, 108.10 W, 69
2026/09/17 20:31:34.208, 100 %, 7 %, 15714 MiB, 16384 MiB, 121.30 W, 69
2026/09/17 20:31:35.210, 100 %, 18 %, 15714 MiB, 16384 MiB, 243.96 W, 73
2026/09/17 20:31:36.242, 100 %, 6 %, 15714 MiB, 16384 MiB, 113.69 W, 69
2026/09/17 20:31:37.245, 100 %, 35 %, 15714 MiB, 16384 MiB, 244.10 W, 70
2026/09/17 20:31:38.247, 100 %, 44 %, 15714 MiB, 16384 MiB, 124.11 W, 70
2026/09/17 20:31:39.249, 100 %, 17 %, 15714 MiB, 16384 MiB, 119.10 W, 70
2026/09/17 20:31:40.251, 100 %, 47 %, 15714 MiB, 16384 MiB, 66.52 W, 69
2026/09/17 20:31:41.254, 100 %, 13 %, 15714 MiB, 16384 MiB, 122.10 W, 71
2026/09/17 20:31:42.256, 100 %, 11 %, 15714 MiB, 16384 MiB, 197.98 W, 74
2026/09/17 20:31:43.261, 100 %, 44 %, 15714 MiB, 16384 MiB, 229.86 W, 70
2026/09/17 20:31:44.263, 100 %, 41 %, 15714 MiB, 16384 MiB, 187.22 W, 71
2026/09/17 20:31:45.268, 100 %, 6 %, 15714 MiB, 16384 MiB, 125.35 W, 71
2026/09/17 20:31:46.271, 100 %, 4 %, 15714 MiB, 16384 MiB, 123.71 W, 71
2026/09/17 20:31:47.275, 100 %, 1 %, 15714 MiB, 16384 MiB, 124.71 W, 71
2026/09/17 20:31:48.279, 100 %, 6 %, 15714 MiB, 16384 MiB, 127.15 W, 71
2026/09/17 20:31:49.281, 100 %, 0 %, 15714 MiB, 16384 MiB, 126.64 W, 73
2026/09/17 20:31:50.284, 100 %, 0 %, 15714 MiB, 16384 MiB, 250.87 W, 72
2026/09/17 20:31:51.286, 100 %, 41 %, 15714 MiB, 16384 MiB, 122.07 W, 72
2026/09/17 20:31:52.288, 100 %, 4 %, 15714 MiB, 16384 MiB, 123.66 W, 72
2026/09/17 20:31:53.290, 100 %, 1 %, 15714 MiB, 16384 MiB, 124.20 W, 72
2026/09/17 20:31:54.292, 100 %, 6 %, 15714 MiB, 16384 MiB, 127.99 W, 72
2026/09/17 20:31:55.294, 100 %, 0 %, 15714 MiB, 16384 MiB, 126.98 W, 72
2026/09/17 20:31:56.296, 100 %, 0 %, 15714 MiB, 16384 MiB, 242.95 W, 72
2026/09/17 20:31:57.301, 100 %, 43 %, 15714 MiB, 16384 MiB, 89.79 W, 72
2026/09/17 20:31:58.303, 100 %, 43 %, 15714 MiB, 16384 MiB, 121.42 W, 72
2026/09/17 20:31:59.305, 100 %, 6 %, 15714 MiB, 16384 MiB, 129.47 W, 72
2026/09/17 20:32:00.307, 100 %, 0 %, 15714 MiB, 16384 MiB, 127.26 W, 72
2026/09/17 20:32:01.311, 100 %, 0 %, 15714 MiB, 16384 MiB, 127.80 W, 73
2026/09/17 20:32:02.313, 100 %, 2 %, 15714 MiB, 16384 MiB, 203.05 W, 74
2026/09/17 20:32:03.318, 100 %, 0 %, 15714 MiB, 16384 MiB, 230.03 W, 73
2026/09/17 20:32:04.321, 100 %, 48 %, 15714 MiB, 16384 MiB, 118.90 W, 73
2026/09/17 20:32:05.323, 100 %, 5 %, 15714 MiB, 16384 MiB, 129.70 W, 73
2026/09/17 20:32:06.327, 100 %, 0 %, 15714 MiB, 16384 MiB, 127.29 W, 73
2026/09/17 20:32:07.330, 100 %, 0 %, 15714 MiB, 16384 MiB, 127.72 W, 73
2026/09/17 20:32:08.332, 100 %, 2 %, 15714 MiB, 16384 MiB, 139.74 W, 76
2026/09/17 20:32:09.334, 100 %, 0 %, 15714 MiB, 16384 MiB, 220.23 W, 75
2026/09/17 20:32:10.338, 100 %, 41 %, 15714 MiB, 16384 MiB, 114.21 W, 73
2026/09/17 20:32:11.340, 100 %, 8 %, 15714 MiB, 16384 MiB, 125.17 W, 73
2026/09/17 20:32:12.342, 100 %, 3 %, 15714 MiB, 16384 MiB, 125.26 W, 73
2026/09/17 20:32:13.345, 100 %, 6 %, 15714 MiB, 16384 MiB, 131.56 W, 73
2026/09/17 20:32:14.347, 100 %, 0 %, 15714 MiB, 16384 MiB, 128.27 W, 73
2026/09/17 20:32:15.349, 100 %, 0 %, 15714 MiB, 16384 MiB, 155.78 W, 76
2026/09/17 20:32:16.351, 100 %, 34 %, 15714 MiB, 16384 MiB, 72.43 W, 72
2026/09/17 20:32:17.353, 100 %, 45 %, 15714 MiB, 16384 MiB, 115.47 W, 74
2026/09/17 20:32:18.357, 100 %, 6 %, 15714 MiB, 16384 MiB, 125.84 W, 73
2026/09/17 20:32:19.360, 100 %, 6 %, 15714 MiB, 16384 MiB, 132.65 W, 74
2026/09/17 20:32:20.364, 100 %, 0 %, 15714 MiB, 16384 MiB, 128.93 W, 74
2026/09/17 20:32:21.366, 100 %, 0 %, 15714 MiB, 16384 MiB, 129.02 W, 74
2026/09/17 20:32:22.368, 100 %, 27 %, 15714 MiB, 16384 MiB, 239.86 W, 73
2026/09/17 20:32:23.372, 100 %, 42 %, 15714 MiB, 16384 MiB, 250.23 W, 74
2026/09/17 20:32:24.377, 100 %, 18 %, 15714 MiB, 16384 MiB, 124.99 W, 74
2026/09/17 20:32:25.379, 100 %, 1 %, 15714 MiB, 16384 MiB, 125.92 W, 74
2026/09/17 20:32:26.381, 100 %, 0 %, 15714 MiB, 16384 MiB, 126.32 W, 74
2026/09/17 20:32:27.383, 100 %, 4 %, 15714 MiB, 16384 MiB, 129.92 W, 74
2026/09/17 20:32:28.385, 100 %, 0 %, 15714 MiB, 16384 MiB, 128.92 W, 74
2026/09/17 20:32:29.387, 100 %, 27 %, 15714 MiB, 16384 MiB, 234.56 W, 74
2026/09/17 20:32:30.391, 100 %, 28 %, 15714 MiB, 16384 MiB, 82.72 W, 74
2026/09/17 20:32:31.393, 100 %, 15 %, 15714 MiB, 16384 MiB, 121.71 W, 74
2026/09/17 20:32:32.395, 100 %, 0 %, 15714 MiB, 16384 MiB, 126.39 W, 74
2026/09/17 20:32:33.397, 100 %, 6 %, 15714 MiB, 16384 MiB, 132.21 W, 74
2026/09/17 20:32:34.399, 100 %, 0 %, 15714 MiB, 16384 MiB, 129.30 W, 74
2026/09/17 20:32:35.403, 100 %, 11 %, 15714 MiB, 16384 MiB, 218.88 W, 76
2026/09/17 20:32:36.406, 100 %, 39 %, 15714 MiB, 16384 MiB, 65.67 W, 74
2026/09/17 20:32:37.408, 100 %, 25 %, 15714 MiB, 16384 MiB, 121.31 W, 74
2026/09/17 20:32:38.410, 100 %, 6 %, 15714 MiB, 16384 MiB, 131.48 W, 74
2026/09/17 20:32:39.414, 100 %, 0 %, 15714 MiB, 16384 MiB, 128.76 W, 74
2026/09/17 20:32:40.416, 100 %, 0 %, 15714 MiB, 16384 MiB, 129.31 W, 74
2026/09/17 20:32:41.418, 100 %, 1 %, 15714 MiB, 16384 MiB, 159.11 W, 77
2026/09/17 20:32:42.420, 100 %, 13 %, 15714 MiB, 16384 MiB, 229.14 W, 76
2026/09/17 20:32:43.425, 100 %, 41 %, 15714 MiB, 16384 MiB, 118.19 W, 74
2026/09/17 20:32:44.429, 100 %, 4 %, 15714 MiB, 16384 MiB, 126.29 W, 74
2026/09/17 20:32:45.431, 100 %, 1 %, 15714 MiB, 16384 MiB, 126.30 W, 74
2026/09/17 20:32:46.433, 100 %, 0 %, 15714 MiB, 16384 MiB, 128.96 W, 74
2026/09/17 20:32:47.445, 100 %, 1 %, 15714 MiB, 16384 MiB, 129.88 W, 76
2026/09/17 20:32:48.447, 100 %, 0 %, 15714 MiB, 16384 MiB, 148.69 W, 77
2026/09/17 20:32:49.453, 100 %, 46 %, 15714 MiB, 16384 MiB, 131.12 W, 74
2026/09/17 20:32:50.458, 100 %, 5 %, 15714 MiB, 16384 MiB, 126.23 W, 74
2026/09/17 20:32:51.460, 100 %, 2 %, 15714 MiB, 16384 MiB, 127.21 W, 74
2026/09/17 20:32:52.462, 100 %, 40 %, 15714 MiB, 16384 MiB, 69.40 W, 73
2026/09/17 20:32:53.465, 100 %, 6 %, 15714 MiB, 16384 MiB, 198.37 W, 78
2026/09/17 20:32:54.469, 94 %, 4 %, 15714 MiB, 16384 MiB, 126.72 W, 74
2026/09/17 20:32:55.471, 100 %, 42 %, 15714 MiB, 16384 MiB, 68.01 W, 73
2026/09/17 20:32:56.474, 100 %, 4 %, 15714 MiB, 16384 MiB, 124.48 W, 75
2026/09/17 20:32:57.476, 100 %, 16 %, 15714 MiB, 16384 MiB, 266.03 W, 79
2026/09/17 20:32:58.499, 100 %, 7 %, 15714 MiB, 16384 MiB, 116.01 W, 74
2026/09/17 20:32:59.501, 100 %, 25 %, 15714 MiB, 16384 MiB, 241.04 W, 77
2026/09/17 20:33:00.506, 100 %, 43 %, 15714 MiB, 16384 MiB, 153.47 W, 75
2026/09/17 20:33:01.511, 100 %, 41 %, 15714 MiB, 16384 MiB, 117.01 W, 74
2026/09/17 20:33:02.513, 100 %, 0 %, 15714 MiB, 16384 MiB, 124.68 W, 75
2026/09/17 20:33:03.517, 100 %, 33 %, 15714 MiB, 16384 MiB, 149.76 W, 75
2026/09/17 20:33:04.519, 100 %, 3 %, 15714 MiB, 16384 MiB, 118.76 W, 74
2026/09/17 20:33:05.521, 100 %, 4 %, 15714 MiB, 16384 MiB, 125.06 W, 77
2026/09/17 20:33:06.527, 100 %, 45 %, 15714 MiB, 16384 MiB, 68.43 W, 74
2026/09/17 20:33:07.530, 100 %, 40 %, 15714 MiB, 16384 MiB, 125.02 W, 78
2026/09/17 20:33:08.532, 100 %, 3 %, 15714 MiB, 16384 MiB, 242.11 W, 75
2026/09/17 20:33:09.536, 100 %, 13 %, 15714 MiB, 16384 MiB, 146.18 W, 75
2026/09/17 20:33:10.541, 100 %, 3 %, 15714 MiB, 16384 MiB, 240.49 W, 75
2026/09/17 20:33:11.544, 100 %, 17 %, 15714 MiB, 16384 MiB, 147.21 W, 75
2026/09/17 20:33:12.546, 100 %, 47 %, 15714 MiB, 16384 MiB, 118.90 W, 75
2026/09/17 20:33:13.548, 100 %, 5 %, 15714 MiB, 16384 MiB, 125.82 W, 77
2026/09/17 20:33:14.555, 100 %, 36 %, 15714 MiB, 16384 MiB, 68.44 W, 73
2026/09/17 20:33:15.557, 100 %, 34 %, 15714 MiB, 16384 MiB, 127.15 W, 77
2026/09/17 20:33:16.559, 100 %, 3 %, 15714 MiB, 16384 MiB, 236.35 W, 77
2026/09/17 20:33:17.570, 100 %, 37 %, 15714 MiB, 16384 MiB, 119.96 W, 75
2026/09/17 20:33:18.572, 100 %, 4 %, 15714 MiB, 16384 MiB, 240.81 W, 77
2026/09/17 20:33:19.575, 100 %, 18 %, 15714 MiB, 16384 MiB, 149.14 W, 75
2026/09/17 20:33:20.580, 100 %, 45 %, 15714 MiB, 16384 MiB, 118.12 W, 75
2026/09/17 20:33:21.583, 100 %, 5 %, 15714 MiB, 16384 MiB, 126.42 W, 75
2026/09/17 20:33:22.585, 100 %, 45 %, 15714 MiB, 16384 MiB, 69.04 W, 73
2026/09/17 20:33:23.587, 100 %, 39 %, 15714 MiB, 16384 MiB, 118.27 W, 75
2026/09/17 20:33:24.589, 100 %, 1 %, 15714 MiB, 16384 MiB, 126.22 W, 77
2026/09/17 20:33:25.595, 100 %, 33 %, 15714 MiB, 16384 MiB, 68.66 W, 75
2026/09/17 20:33:26.597, 100 %, 4 %, 15714 MiB, 16384 MiB, 128.24 W, 75
2026/09/17 20:33:27.599, 100 %, 3 %, 15714 MiB, 16384 MiB, 127.47 W, 75
2026/09/17 20:33:28.601, 100 %, 0 %, 15714 MiB, 16384 MiB, 125.80 W, 75
2026/09/17 20:33:29.603, 100 %, 4 %, 15714 MiB, 16384 MiB, 128.68 W, 75
2026/09/17 20:33:30.605, 100 %, 0 %, 15714 MiB, 16384 MiB, 127.76 W, 75
2026/09/17 20:33:31.607, 100 %, 23 %, 15714 MiB, 16384 MiB, 232.49 W, 75
2026/09/17 20:33:32.627, 100 %, 40 %, 15714 MiB, 16384 MiB, 66.62 W, 75
2026/09/17 20:33:33.629, 100 %, 26 %, 15714 MiB, 16384 MiB, 122.21 W, 75
2026/09/17 20:33:34.631, 100 %, 1 %, 15714 MiB, 16384 MiB, 124.58 W, 75
2026/09/17 20:33:35.634, 100 %, 6 %, 15714 MiB, 16384 MiB, 131.50 W, 75
2026/09/17 20:33:36.636, 100 %, 0 %, 15714 MiB, 16384 MiB, 127.67 W, 75
2026/09/17 20:33:37.638, 100 %, 0 %, 15714 MiB, 16384 MiB, 127.62 W, 77
2026/09/17 20:33:38.645, 100 %, 46 %, 15714 MiB, 16384 MiB, 107.97 W, 74
2026/09/17 20:33:39.650, 100 %, 46 %, 15714 MiB, 16384 MiB, 125.46 W, 75
2026/09/17 20:33:40.655, 100 %, 5 %, 15714 MiB, 16384 MiB, 129.45 W, 75
2026/09/17 20:33:41.660, 100 %, 0 %, 15714 MiB, 16384 MiB, 125.60 W, 75
2026/09/17 20:33:42.662, 100 %, 0 %, 15714 MiB, 16384 MiB, 126.64 W, 75
2026/09/17 20:33:43.664, 100 %, 2 %, 15714 MiB, 16384 MiB, 128.03 W, 75
2026/09/17 20:33:44.666, 100 %, 0 %, 15714 MiB, 16384 MiB, 127.95 W, 77
2026/09/17 20:33:45.668, 100 %, 44 %, 15714 MiB, 16384 MiB, 206.35 W, 75
2026/09/17 20:33:46.672, 100 %, 19 %, 15714 MiB, 16384 MiB, 113.87 W, 75
2026/09/17 20:33:47.674, 100 %, 6 %, 15714 MiB, 16384 MiB, 123.28 W, 75
2026/09/17 20:33:48.677, 100 %, 0 %, 15714 MiB, 16384 MiB, 125.09 W, 75
2026/09/17 20:33:49.679, 100 %, 5 %, 15714 MiB, 16384 MiB, 129.03 W, 75
2026/09/17 20:33:50.681, 100 %, 0 %, 15714 MiB, 16384 MiB, 127.76 W, 75
2026/09/17 20:33:51.683, 100 %, 7 %, 15714 MiB, 16384 MiB, 216.98 W, 77
2026/09/17 20:33:52.688, 100 %, 43 %, 15714 MiB, 16384 MiB, 65.45 W, 75
2026/09/17 20:33:53.691, 100 %, 40 %, 15714 MiB, 16384 MiB, 120.03 W, 75
2026/09/17 20:33:54.695, 100 %, 6 %, 15714 MiB, 16384 MiB, 129.80 W, 75
2026/09/17 20:33:55.697, 100 %, 0 %, 15714 MiB, 16384 MiB, 126.69 W, 75
2026/09/17 20:33:56.699, 100 %, 0 %, 15714 MiB, 16384 MiB, 126.77 W, 75
2026/09/17 20:33:57.701, 100 %, 1 %, 15714 MiB, 16384 MiB, 127.70 W, 75
2026/09/17 20:33:58.703, 100 %, 0 %, 15714 MiB, 16384 MiB, 127.51 W, 77
2026/09/17 20:33:59.705, 100 %, 46 %, 15714 MiB, 16384 MiB, 143.57 W, 75
2026/09/17 20:34:00.710, 100 %, 5 %, 15714 MiB, 16384 MiB, 140.18 W, 75
2026/09/17 20:34:01.714, 100 %, 3 %, 15714 MiB, 16384 MiB, 124.85 W, 75
2026/09/17 20:34:02.716, 100 %, 0 %, 15714 MiB, 16384 MiB, 125.93 W, 75
2026/09/17 20:34:03.718, 100 %, 4 %, 15714 MiB, 16384 MiB, 128.06 W, 75
2026/09/17 20:34:04.720, 100 %, 0 %, 15714 MiB, 16384 MiB, 127.74 W, 75
2026/09/17 20:34:05.722, 100 %, 25 %, 15714 MiB, 16384 MiB, 246.82 W, 76
2026/09/17 20:34:06.726, 100 %, 33 %, 15714 MiB, 16384 MiB, 109.92 W, 75
2026/09/17 20:34:07.730, 100 %, 21 %, 15714 MiB, 16384 MiB, 120.01 W, 74
2026/09/17 20:34:08.732, 100 %, 6 %, 15714 MiB, 16384 MiB, 129.86 W, 75
2026/09/17 20:34:09.735, 100 %, 0 %, 15714 MiB, 16384 MiB, 125.91 W, 74
2026/09/17 20:34:10.737, 100 %, 0 %, 15714 MiB, 16384 MiB, 126.72 W, 75
2026/09/17 20:34:11.739, 100 %, 0 %, 15714 MiB, 16384 MiB, 128.07 W, 75
2026/09/17 20:34:12.741, 100 %, 11 %, 15714 MiB, 16384 MiB, 127.78 W, 78
2026/09/17 20:34:13.745, 100 %, 45 %, 15714 MiB, 16384 MiB, 198.95 W, 75
2026/09/17 20:34:14.749, 100 %, 4 %, 15714 MiB, 16384 MiB, 116.53 W, 74
2026/09/17 20:34:15.752, 100 %, 1 %, 15714 MiB, 16384 MiB, 122.59 W, 74
2026/09/17 20:34:16.754, 100 %, 0 %, 15714 MiB, 16384 MiB, 125.56 W, 75
2026/09/17 20:34:17.756, 100 %, 7 %, 15714 MiB, 16384 MiB, 130.01 W, 75
2026/09/17 20:34:18.758, 100 %, 0 %, 15714 MiB, 16384 MiB, 127.91 W, 74
2026/09/17 20:34:19.761, 100 %, 0 %, 15714 MiB, 16384 MiB, 224.49 W, 76
2026/09/17 20:34:20.764, 100 %, 36 %, 15714 MiB, 16384 MiB, 65.45 W, 74
2026/09/17 20:34:21.767, 100 %, 48 %, 15714 MiB, 16384 MiB, 119.74 W, 74
2026/09/17 20:34:22.770, 100 %, 9 %, 15714 MiB, 16384 MiB, 129.93 W, 75
2026/09/17 20:34:23.772, 100 %, 0 %, 15714 MiB, 16384 MiB, 127.01 W, 75
2026/09/17 20:34:24.774, 100 %, 0 %, 15714 MiB, 16384 MiB, 127.64 W, 74
2026/09/17 20:34:25.776, 100 %, 4 %, 15714 MiB, 16384 MiB, 127.81 W, 77
2026/09/17 20:34:26.780, 100 %, 0 %, 15714 MiB, 16384 MiB, 149.47 W, 77
2026/09/17 20:34:27.784, 100 %, 19 %, 15714 MiB, 16384 MiB, 133.92 W, 75
2026/09/17 20:34:28.789, 100 %, 36 %, 15714 MiB, 16384 MiB, 125.15 W, 74
2026/09/17 20:34:29.793, 100 %, 23 %, 15714 MiB, 16384 MiB, 124.79 W, 74
2026/09/17 20:34:30.796, 100 %, 1 %, 15714 MiB, 16384 MiB, 126.15 W, 74
2026/09/17 20:34:31.798, 100 %, 6 %, 15714 MiB, 16384 MiB, 128.68 W, 74
2026/09/17 20:34:32.800, 100 %, 0 %, 15714 MiB, 16384 MiB, 127.89 W, 74
2026/09/17 20:34:33.802, 100 %, 0 %, 15714 MiB, 16384 MiB, 245.96 W, 75
2026/09/17 20:34:34.806, 100 %, 44 %, 15714 MiB, 16384 MiB, 103.12 W, 74
2026/09/17 20:34:35.808, 100 %, 46 %, 15714 MiB, 16384 MiB, 122.73 W, 74
2026/09/17 20:34:36.810, 74 %, 4 %, 15714 MiB, 16384 MiB, 76.56 W, 73
2026/09/17 20:34:37.812, 100 %, 8 %, 15714 MiB, 16384 MiB, 79.79 W, 73
2026/09/17 20:34:38.816, 100 %, 7 %, 15714 MiB, 16384 MiB, 70.90 W, 72
2026/09/17 20:34:39.819, 66 %, 9 %, 15714 MiB, 16384 MiB, 69.95 W, 72
2026/09/17 20:34:40.821, 92 %, 5 %, 15714 MiB, 16384 MiB, 80.04 W, 72
2026/09/17 20:34:41.824, 100 %, 7 %, 15714 MiB, 16384 MiB, 69.51 W, 71
2026/09/17 20:34:42.826, 69 %, 9 %, 15714 MiB, 16384 MiB, 71.16 W, 71
2026/09/17 20:34:43.828, 68 %, 9 %, 15714 MiB, 16384 MiB, 70.11 W, 71
2026/09/17 20:34:44.831, 100 %, 5 %, 15714 MiB, 16384 MiB, 67.90 W, 70
2026/09/17 20:34:45.833, 87 %, 9 %, 15714 MiB, 16384 MiB, 72.84 W, 70
2026/09/17 20:34:46.836, 65 %, 9 %, 15714 MiB, 16384 MiB, 75.29 W, 70
2026/09/17 20:34:47.840, 75 %, 4 %, 15714 MiB, 16384 MiB, 67.31 W, 70
2026/09/17 20:34:48.843, 100 %, 5 %, 15714 MiB, 16384 MiB, 69.55 W, 70
2026/09/17 20:34:49.846, 95 %, 10 %, 15714 MiB, 16384 MiB, 69.99 W, 69
2026/09/17 20:34:50.850, 37 %, 3 %, 15714 MiB, 16384 MiB, 67.37 W, 69
2026/09/17 20:34:51.854, 100 %, 8 %, 15714 MiB, 16384 MiB, 70.32 W, 69
2026/09/17 20:34:52.857, 95 %, 10 %, 15714 MiB, 16384 MiB, 70.18 W, 69
2026/09/17 20:34:53.861, 30 %, 3 %, 15714 MiB, 16384 MiB, 78.04 W, 69
2026/09/17 20:34:54.864, 100 %, 8 %, 15714 MiB, 16384 MiB, 67.60 W, 68
2026/09/17 20:34:55.868, 100 %, 8 %, 15714 MiB, 16384 MiB, 70.35 W, 68
2026/09/17 20:34:56.871, 43 %, 8 %, 15714 MiB, 16384 MiB, 70.41 W, 68
2026/09/17 20:34:57.875, 62 %, 7 %, 15714 MiB, 16384 MiB, 69.33 W, 68
2026/09/17 20:34:58.877, 73 %, 4 %, 15714 MiB, 16384 MiB, 79.74 W, 68
2026/09/17 20:34:59.879, 100 %, 8 %, 15714 MiB, 16384 MiB, 69.09 W, 68
2026/09/17 20:35:00.882, 100 %, 8 %, 15714 MiB, 16384 MiB, 69.11 W, 67
2026/09/17 20:35:01.884, 65 %, 9 %, 15714 MiB, 16384 MiB, 67.72 W, 67
2026/09/17 20:35:02.886, 100 %, 5 %, 15714 MiB, 16384 MiB, 77.57 W, 67
2026/09/17 20:35:03.889, 100 %, 8 %, 15714 MiB, 16384 MiB, 77.76 W, 67
2026/09/17 20:35:04.891, 100 %, 8 %, 15714 MiB, 16384 MiB, 68.72 W, 67
2026/09/17 20:35:05.893, 77 %, 13 %, 15714 MiB, 16384 MiB, 74.31 W, 67
2026/09/17 20:35:06.895, 59 %, 9 %, 15714 MiB, 16384 MiB, 68.67 W, 66
2026/09/17 20:35:07.898, 100 %, 8 %, 15714 MiB, 16384 MiB, 68.13 W, 66
2026/09/17 20:35:08.900, 100 %, 8 %, 15714 MiB, 16384 MiB, 69.16 W, 66
2026/09/17 20:35:09.902, 100 %, 8 %, 15714 MiB, 16384 MiB, 74.89 W, 66
2026/09/17 20:35:10.904, 46 %, 9 %, 15714 MiB, 16384 MiB, 78.33 W, 66
2026/09/17 20:35:11.906, 60 %, 8 %, 15714 MiB, 16384 MiB, 77.20 W, 66
2026/09/17 20:35:12.909, 74 %, 4 %, 15714 MiB, 16384 MiB, 71.57 W, 65
2026/09/17 20:35:13.912, 100 %, 8 %, 15714 MiB, 16384 MiB, 74.99 W, 65
2026/09/17 20:35:14.915, 100 %, 8 %, 15714 MiB, 16384 MiB, 74.73 W, 65
2026/09/17 20:35:15.919, 90 %, 12 %, 15714 MiB, 16384 MiB, 71.90 W, 65
2026/09/17 20:35:16.922, 76 %, 5 %, 15714 MiB, 16384 MiB, 70.53 W, 65
2026/09/17 20:35:17.927, 100 %, 6 %, 15714 MiB, 16384 MiB, 67.30 W, 65
2026/09/17 20:35:18.930, 100 %, 8 %, 15714 MiB, 16384 MiB, 73.28 W, 65
2026/09/17 20:35:19.932, 100 %, 10 %, 15714 MiB, 16384 MiB, 73.20 W, 65
2026/09/17 20:35:20.936, 63 %, 9 %, 15714 MiB, 16384 MiB, 66.95 W, 65
2026/09/17 20:35:21.939, 100 %, 5 %, 15714 MiB, 16384 MiB, 66.48 W, 65
2026/09/17 20:35:22.943, 100 %, 8 %, 15714 MiB, 16384 MiB, 67.35 W, 64
2026/09/17 20:35:23.946, 100 %, 8 %, 15714 MiB, 16384 MiB, 67.32 W, 64
2026/09/17 20:35:24.949, 49 %, 9 %, 15714 MiB, 16384 MiB, 67.14 W, 64
2026/09/17 20:35:25.952, 59 %, 9 %, 15714 MiB, 16384 MiB, 78.00 W, 64
2026/09/17 20:35:26.956, 47 %, 4 %, 15714 MiB, 16384 MiB, 75.48 W, 64
2026/09/17 20:35:27.960, 100 %, 8 %, 15714 MiB, 16384 MiB, 66.99 W, 64
2026/09/17 20:35:28.963, 100 %, 8 %, 15714 MiB, 16384 MiB, 73.87 W, 64
2026/09/17 20:35:29.966, 100 %, 7 %, 15714 MiB, 16384 MiB, 74.36 W, 64
2026/09/17 20:35:30.970, 70 %, 4 %, 15714 MiB, 16384 MiB, 68.47 W, 64
2026/09/17 20:35:31.973, 90 %, 5 %, 15714 MiB, 16384 MiB, 77.00 W, 63
2026/09/17 20:35:32.977, 100 %, 8 %, 15714 MiB, 16384 MiB, 67.01 W, 63
2026/09/17 20:35:33.980, 100 %, 8 %, 15714 MiB, 16384 MiB, 67.15 W, 63
2026/09/17 20:35:34.983, 63 %, 9 %, 15714 MiB, 16384 MiB, 73.59 W, 63
2026/09/17 20:35:35.987, 86 %, 5 %, 15714 MiB, 16384 MiB, 78.72 W, 63
2026/09/17 20:35:36.990, 96 %, 5 %, 15714 MiB, 16384 MiB, 74.00 W, 64
2026/09/17 20:35:37.994, 100 %, 8 %, 15714 MiB, 16384 MiB, 65.32 W, 63
2026/09/17 20:35:38.997, 63 %, 9 %, 15714 MiB, 16384 MiB, 67.48 W, 63
2026/09/17 20:35:39.999, 59 %, 9 %, 15714 MiB, 16384 MiB, 67.51 W, 63
2026/09/17 20:35:41.002, 53 %, 9 %, 15714 MiB, 16384 MiB, 76.79 W, 63
2026/09/17 20:35:42.005, 100 %, 8 %, 15714 MiB, 16384 MiB, 67.34 W, 63
2026/09/17 20:35:43.007, 100 %, 8 %, 15714 MiB, 16384 MiB, 67.28 W, 63
2026/09/17 20:35:44.009, 100 %, 7 %, 15714 MiB, 16384 MiB, 67.06 W, 63
2026/09/17 20:35:45.012, 62 %, 9 %, 15714 MiB, 16384 MiB, 66.75 W, 62
2026/09/17 20:35:46.014, 65 %, 9 %, 15714 MiB, 16384 MiB, 76.87 W, 62
2026/09/17 20:35:47.016, 100 %, 8 %, 15714 MiB, 16384 MiB, 66.94 W, 62
2026/09/17 20:35:48.018, 100 %, 8 %, 15714 MiB, 16384 MiB, 68.60 W, 62
2026/09/17 20:35:49.021, 100 %, 8 %, 15714 MiB, 16384 MiB, 74.95 W, 62
2026/09/17 20:35:50.023, 48 %, 9 %, 15714 MiB, 16384 MiB, 79.51 W, 62
2026/09/17 20:35:51.026, 53 %, 4 %, 15714 MiB, 16384 MiB, 78.02 W, 62
2026/09/17 20:35:52.028, 76 %, 4 %, 15714 MiB, 16384 MiB, 66.07 W, 62
2026/09/17 20:35:53.030, 100 %, 8 %, 15714 MiB, 16384 MiB, 75.13 W, 62
2026/09/17 20:35:54.032, 100 %, 8 %, 15714 MiB, 16384 MiB, 73.69 W, 62
2026/09/17 20:35:55.035, 76 %, 10 %, 15714 MiB, 16384 MiB, 71.84 W, 62
2026/09/17 20:35:56.037, 85 %, 5 %, 15714 MiB, 16384 MiB, 74.31 W, 62
2026/09/17 20:35:57.039, 95 %, 5 %, 15714 MiB, 16384 MiB, 65.49 W, 62
2026/09/17 20:35:58.042, 100 %, 8 %, 15714 MiB, 16384 MiB, 73.89 W, 62
2026/09/17 20:35:59.045, 89 %, 10 %, 15714 MiB, 16384 MiB, 73.68 W, 62
2026/09/17 20:36:00.048, 65 %, 9 %, 15714 MiB, 16384 MiB, 67.06 W, 62
2026/09/17 20:36:01.051, 94 %, 5 %, 15714 MiB, 16384 MiB, 65.42 W, 62
2026/09/17 20:36:02.054, 100 %, 4 %, 15714 MiB, 16384 MiB, 183.82 W, 64
2026/09/17 20:36:03.061, 100 %, 48 %, 15714 MiB, 16384 MiB, 131.13 W, 64
2026/09/17 20:36:04.064, 100 %, 29 %, 15714 MiB, 16384 MiB, 118.52 W, 67
2026/09/17 20:36:05.066, 100 %, 0 %, 15714 MiB, 16384 MiB, 202.74 W, 67
2026/09/17 20:36:06.071, 100 %, 7 %, 15714 MiB, 16384 MiB, 122.69 W, 68
2026/09/17 20:36:07.074, 100 %, 10 %, 15714 MiB, 16384 MiB, 229.37 W, 66
2026/09/17 20:36:08.076, 100 %, 43 %, 15714 MiB, 16384 MiB, 139.69 W, 65
2026/09/17 20:36:09.080, 100 %, 5 %, 15714 MiB, 16384 MiB, 121.87 W, 66
2026/09/17 20:36:10.082, 100 %, 43 %, 15714 MiB, 16384 MiB, 72.64 W, 65
2026/09/17 20:36:11.084, 100 %, 25 %, 15714 MiB, 16384 MiB, 120.96 W, 66
2026/09/17 20:36:12.087, 100 %, 2 %, 15714 MiB, 16384 MiB, 194.08 W, 69
2026/09/17 20:36:13.092, 100 %, 16 %, 15714 MiB, 16384 MiB, 95.03 W, 66
2026/09/17 20:36:14.094, 100 %, 5 %, 15714 MiB, 16384 MiB, 223.63 W, 69
2026/09/17 20:36:15.097, 100 %, 45 %, 15714 MiB, 16384 MiB, 142.81 W, 67
2026/09/17 20:36:16.102, 100 %, 45 %, 15714 MiB, 16384 MiB, 116.51 W, 67
2026/09/17 20:36:17.107, 100 %, 2 %, 15714 MiB, 16384 MiB, 123.93 W, 69
2026/09/17 20:36:18.110, 100 %, 32 %, 15714 MiB, 16384 MiB, 66.24 W, 66
2026/09/17 20:36:19.112, 100 %, 3 %, 15714 MiB, 16384 MiB, 118.90 W, 70
2026/09/17 20:36:20.116, 100 %, 26 %, 15714 MiB, 16384 MiB, 140.21 W, 69
2026/09/17 20:36:21.123, 100 %, 7 %, 15714 MiB, 16384 MiB, 66.29 W, 68
2026/09/17 20:36:22.125, 100 %, 39 %, 15714 MiB, 16384 MiB, 206.16 W, 69
2026/09/17 20:36:23.127, 100 %, 48 %, 15714 MiB, 16384 MiB, 174.14 W, 68
2026/09/17 20:36:24.130, 100 %, 12 %, 15714 MiB, 16384 MiB, 113.94 W, 69
2026/09/17 20:36:25.132, 100 %, 7 %, 15714 MiB, 16384 MiB, 124.78 W, 72
2026/09/17 20:36:26.134, 100 %, 3 %, 15714 MiB, 16384 MiB, 117.44 W, 69
2026/09/17 20:36:27.137, 100 %, 19 %, 15714 MiB, 16384 MiB, 123.17 W, 72
2026/09/17 20:36:28.175, 100 %, 44 %, 15714 MiB, 16384 MiB, 252.10 W, 69
2026/09/17 20:36:29.178, 100 %, 4 %, 15714 MiB, 16384 MiB, 139.12 W, 69
2026/09/17 20:36:30.181, 100 %, 44 %, 15714 MiB, 16384 MiB, 172.22 W, 69
2026/09/17 20:36:31.183, 100 %, 15 %, 15714 MiB, 16384 MiB, 113.88 W, 70
2026/09/17 20:36:32.185, 100 %, 9 %, 15714 MiB, 16384 MiB, 123.27 W, 73
2026/09/17 20:36:33.188, 100 %, 43 %, 15714 MiB, 16384 MiB, 69.13 W, 69
2026/09/17 20:36:34.190, 100 %, 49 %, 15714 MiB, 16384 MiB, 127.29 W, 74
2026/09/17 20:36:35.196, 100 %, 5 %, 15714 MiB, 16384 MiB, 252.57 W, 71
2026/09/17 20:36:36.198, 100 %, 40 %, 15714 MiB, 16384 MiB, 97.03 W, 70
2026/09/17 20:36:37.200, 100 %, 46 %, 15714 MiB, 16384 MiB, 122.27 W, 71
2026/09/17 20:36:38.203, 100 %, 5 %, 15714 MiB, 16384 MiB, 128.49 W, 71
2026/09/17 20:36:39.205, 100 %, 0 %, 15714 MiB, 16384 MiB, 126.53 W, 71
2026/09/17 20:36:40.208, 100 %, 0 %, 15714 MiB, 16384 MiB, 126.95 W, 71
2026/09/17 20:36:41.210, 100 %, 3 %, 15714 MiB, 16384 MiB, 217.81 W, 73
2026/09/17 20:36:42.213, 100 %, 0 %, 15714 MiB, 16384 MiB, 243.18 W, 73
2026/09/17 20:36:43.216, 100 %, 46 %, 15714 MiB, 16384 MiB, 120.05 W, 71
2026/09/17 20:36:44.218, 100 %, 6 %, 15714 MiB, 16384 MiB, 128.87 W, 71
2026/09/17 20:36:45.220, 100 %, 0 %, 15714 MiB, 16384 MiB, 126.65 W, 71
2026/09/17 20:36:46.224, 100 %, 0 %, 15714 MiB, 16384 MiB, 126.97 W, 72
2026/09/17 20:36:47.226, 100 %, 3 %, 15714 MiB, 16384 MiB, 127.25 W, 75
2026/09/17 20:36:48.229, 100 %, 0 %, 15714 MiB, 16384 MiB, 127.08 W, 74
2026/09/17 20:36:49.231, 100 %, 36 %, 15714 MiB, 16384 MiB, 166.52 W, 72
2026/09/17 20:36:50.234, 100 %, 19 %, 15714 MiB, 16384 MiB, 128.64 W, 72
2026/09/17 20:36:51.236, 100 %, 3 %, 15714 MiB, 16384 MiB, 124.06 W, 72
2026/09/17 20:36:52.239, 100 %, 6 %, 15714 MiB, 16384 MiB, 130.38 W, 72
2026/09/17 20:36:53.241, 100 %, 0 %, 15714 MiB, 16384 MiB, 127.36 W, 72
2026/09/17 20:36:54.243, 100 %, 0 %, 15714 MiB, 16384 MiB, 127.94 W, 74
2026/09/17 20:36:55.245, 100 %, 28 %, 15714 MiB, 16384 MiB, 212.85 W, 71
2026/09/17 20:36:56.247, 100 %, 42 %, 15714 MiB, 16384 MiB, 156.09 W, 73
2026/09/17 20:36:57.250, 100 %, 17 %, 15714 MiB, 16384 MiB, 123.04 W, 73
2026/09/17 20:36:58.253, 100 %, 6 %, 15714 MiB, 16384 MiB, 130.07 W, 73
2026/09/17 20:36:59.255, 100 %, 0 %, 15714 MiB, 16384 MiB, 127.77 W, 73
2026/09/17 20:37:00.257, 100 %, 0 %, 15714 MiB, 16384 MiB, 127.93 W, 73
2026/09/17 20:37:01.259, 100 %, 8 %, 15714 MiB, 16384 MiB, 246.53 W, 72
2026/09/17 20:37:02.262, 100 %, 33 %, 15714 MiB, 16384 MiB, 213.12 W, 73
2026/09/17 20:37:03.265, 100 %, 31 %, 15714 MiB, 16384 MiB, 126.16 W, 73
2026/09/17 20:37:04.267, 100 %, 3 %, 15714 MiB, 16384 MiB, 124.98 W, 73
2026/09/17 20:37:05.270, 100 %, 0 %, 15714 MiB, 16384 MiB, 125.64 W, 73
2026/09/17 20:37:06.272, 100 %, 5 %, 15714 MiB, 16384 MiB, 128.62 W, 73
2026/09/17 20:37:07.274, 100 %, 0 %, 15714 MiB, 16384 MiB, 128.07 W, 73
2026/09/17 20:37:08.276, 100 %, 13 %, 15714 MiB, 16384 MiB, 241.22 W, 74
2026/09/17 20:37:09.279, 100 %, 43 %, 15714 MiB, 16384 MiB, 98.44 W, 73
2026/09/17 20:37:10.282, 100 %, 28 %, 15714 MiB, 16384 MiB, 123.56 W, 73
2026/09/17 20:37:11.285, 100 %, 1 %, 15714 MiB, 16384 MiB, 125.24 W, 73
2026/09/17 20:37:12.287, 100 %, 6 %, 15714 MiB, 16384 MiB, 131.13 W, 74
2026/09/17 20:37:13.289, 100 %, 0 %, 15714 MiB, 16384 MiB, 128.61 W, 74
2026/09/17 20:37:14.291, 100 %, 0 %, 15714 MiB, 16384 MiB, 212.45 W, 76
2026/09/17 20:37:15.294, 100 %, 45 %, 15714 MiB, 16384 MiB, 66.12 W, 72
2026/09/17 20:37:16.298, 100 %, 43 %, 15714 MiB, 16384 MiB, 122.13 W, 74
2026/09/17 20:37:17.302, 100 %, 6 %, 15714 MiB, 16384 MiB, 130.90 W, 74
2026/09/17 20:37:18.306, 100 %, 0 %, 15714 MiB, 16384 MiB, 128.18 W, 74
2026/09/17 20:37:19.308, 100 %, 0 %, 15714 MiB, 16384 MiB, 128.54 W, 74
2026/09/17 20:37:20.310, 100 %, 1 %, 15714 MiB, 16384 MiB, 163.89 W, 77
2026/09/17 20:37:21.313, 100 %, 1 %, 15714 MiB, 16384 MiB, 234.20 W, 76
2026/09/17 20:37:22.316, 100 %, 44 %, 15714 MiB, 16384 MiB, 178.86 W, 74
2026/09/17 20:37:23.319, 100 %, 4 %, 15714 MiB, 16384 MiB, 125.13 W, 74
2026/09/17 20:37:24.321, 100 %, 1 %, 15714 MiB, 16384 MiB, 125.28 W, 74
2026/09/17 20:37:25.325, 100 %, 0 %, 15714 MiB, 16384 MiB, 126.99 W, 74
2026/09/17 20:37:26.327, 100 %, 2 %, 15714 MiB, 16384 MiB, 130.18 W, 74
2026/09/17 20:37:27.329, 100 %, 0 %, 15714 MiB, 16384 MiB, 128.73 W, 77
2026/09/17 20:37:28.331, 100 %, 47 %, 15714 MiB, 16384 MiB, 239.90 W, 74
2026/09/17 20:37:29.334, 100 %, 5 %, 15714 MiB, 16384 MiB, 112.53 W, 74
2026/09/17 20:37:30.336, 100 %, 2 %, 15714 MiB, 16384 MiB, 124.70 W, 74
2026/09/17 20:37:31.340, 100 %, 6 %, 15714 MiB, 16384 MiB, 131.37 W, 74
2026/09/17 20:37:32.342, 100 %, 0 %, 15714 MiB, 16384 MiB, 129.24 W, 74
2026/09/17 20:37:33.344, 100 %, 0 %, 15714 MiB, 16384 MiB, 128.65 W, 74
2026/09/17 20:37:34.348, 100 %, 44 %, 15714 MiB, 16384 MiB, 235.93 W, 74
2026/09/17 20:37:35.350, 100 %, 43 %, 15714 MiB, 16384 MiB, 196.77 W, 74
2026/09/17 20:37:36.353, 100 %, 5 %, 15714 MiB, 16384 MiB, 128.01 W, 74
2026/09/17 20:37:37.356, 100 %, 0 %, 15714 MiB, 16384 MiB, 126.54 W, 74
2026/09/17 20:37:38.358, 100 %, 0 %, 15714 MiB, 16384 MiB, 126.75 W, 74
2026/09/17 20:37:39.360, 100 %, 0 %, 15714 MiB, 16384 MiB, 129.38 W, 74
2026/09/17 20:37:40.362, 100 %, 38 %, 15714 MiB, 16384 MiB, 228.30 W, 76
2026/09/17 20:37:41.368, 100 %, 46 %, 15714 MiB, 16384 MiB, 249.52 W, 75
2026/09/17 20:37:42.373, 100 %, 5 %, 15714 MiB, 16384 MiB, 125.37 W, 75
2026/09/17 20:37:43.375, 100 %, 10 %, 15714 MiB, 16384 MiB, 126.89 W, 74
2026/09/17 20:37:44.379, 100 %, 3 %, 15714 MiB, 16384 MiB, 127.28 W, 74
2026/09/17 20:37:45.381, 100 %, 43 %, 15714 MiB, 16384 MiB, 70.46 W, 73
2026/09/17 20:37:46.383, 100 %, 47 %, 15714 MiB, 16384 MiB, 127.66 W, 75
2026/09/17 20:37:47.385, 100 %, 18 %, 15714 MiB, 16384 MiB, 242.00 W, 76
2026/09/17 20:37:48.391, 100 %, 4 %, 15714 MiB, 16384 MiB, 135.35 W, 74
2026/09/17 20:37:49.393, 100 %, 6 %, 15714 MiB, 16384 MiB, 250.71 W, 75
2026/09/17 20:37:50.396, 100 %, 10 %, 15714 MiB, 16384 MiB, 126.92 W, 75
2026/09/17 20:37:51.400, 100 %, 44 %, 15714 MiB, 16384 MiB, 124.01 W, 75
2026/09/17 20:37:52.403, 100 %, 5 %, 15714 MiB, 16384 MiB, 126.79 W, 76
2026/09/17 20:37:53.405, 100 %, 46 %, 15714 MiB, 16384 MiB, 79.30 W, 73
2026/09/17 20:37:54.408, 100 %, 39 %, 15714 MiB, 16384 MiB, 125.18 W, 76
2026/09/17 20:37:55.410, 100 %, 5 %, 15714 MiB, 16384 MiB, 140.62 W, 77
2026/09/17 20:37:56.414, 100 %, 36 %, 15714 MiB, 16384 MiB, 69.24 W, 75
2026/09/17 20:37:57.416, 100 %, 3 %, 15714 MiB, 16384 MiB, 166.23 W, 77
2026/09/17 20:37:58.422, 100 %, 25 %, 15714 MiB, 16384 MiB, 226.60 W, 75
2026/09/17 20:37:59.426, 100 %, 45 %, 15714 MiB, 16384 MiB, 114.48 W, 75
2026/09/17 20:38:00.428, 100 %, 4 %, 15714 MiB, 16384 MiB, 126.75 W, 75
2026/09/17 20:38:01.430, 100 %, 46 %, 15714 MiB, 16384 MiB, 68.26 W, 73
2026/09/17 20:38:02.433, 100 %, 28 %, 15714 MiB, 16384 MiB, 124.29 W, 75
2026/09/17 20:38:03.435, 100 %, 0 %, 15714 MiB, 16384 MiB, 207.01 W, 77
2026/09/17 20:38:04.438, 100 %, 22 %, 15714 MiB, 16384 MiB, 103.38 W, 75
2026/09/17 20:38:05.441, 100 %, 3 %, 15714 MiB, 16384 MiB, 217.27 W, 77
2026/09/17 20:38:06.446, 100 %, 40 %, 15714 MiB, 16384 MiB, 160.16 W, 75
2026/09/17 20:38:07.451, 100 %, 43 %, 15714 MiB, 16384 MiB, 119.84 W, 75
2026/09/17 20:38:08.454, 100 %, 4 %, 15714 MiB, 16384 MiB, 127.62 W, 75
2026/09/17 20:38:09.456, 100 %, 47 %, 15714 MiB, 16384 MiB, 119.97 W, 75
2026/09/17 20:38:10.460, 100 %, 19 %, 15714 MiB, 16384 MiB, 126.01 W, 75
2026/09/17 20:38:11.462, 100 %, 1 %, 15714 MiB, 16384 MiB, 127.93 W, 77
2026/09/17 20:38:12.464, 100 %, 13 %, 15714 MiB, 16384 MiB, 69.41 W, 75
2026/09/17 20:38:13.466, 100 %, 10 %, 15714 MiB, 16384 MiB, 129.19 W, 77
2026/09/17 20:38:14.470, 100 %, 39 %, 15714 MiB, 16384 MiB, 247.28 W, 75
2026/09/17 20:38:15.472, 100 %, 46 %, 15714 MiB, 16384 MiB, 143.10 W, 75
2026/09/17 20:38:16.474, 100 %, 47 %, 15714 MiB, 16384 MiB, 240.87 W, 75
2026/09/17 20:38:17.476, 100 %, 45 %, 15714 MiB, 16384 MiB, 141.69 W, 75
2026/09/17 20:38:18.479, 100 %, 5 %, 15714 MiB, 16384 MiB, 123.55 W, 75
2026/09/17 20:38:19.481, 100 %, 48 %, 15714 MiB, 16384 MiB, 242.84 W, 75
2026/09/17 20:38:20.486, 100 %, 46 %, 15714 MiB, 16384 MiB, 253.87 W, 75
2026/09/17 20:38:21.491, 100 %, 6 %, 15714 MiB, 16384 MiB, 126.40 W, 75
2026/09/17 20:38:22.493, 100 %, 0 %, 15714 MiB, 16384 MiB, 126.88 W, 75
2026/09/17 20:38:23.495, 100 %, 0 %, 15714 MiB, 16384 MiB, 127.39 W, 75
2026/09/17 20:38:24.497, 100 %, 3 %, 15714 MiB, 16384 MiB, 131.27 W, 75
2026/09/17 20:38:25.499, 100 %, 0 %, 15714 MiB, 16384 MiB, 130.20 W, 75
2026/09/17 20:38:26.501, 100 %, 0 %, 15714 MiB, 16384 MiB, 233.92 W, 77
2026/09/17 20:38:27.509, 100 %, 31 %, 15714 MiB, 16384 MiB, 117.86 W, 75
2026/09/17 20:38:28.513, 100 %, 27 %, 15714 MiB, 16384 MiB, 126.50 W, 75
2026/09/17 20:38:29.517, 100 %, 11 %, 15714 MiB, 16384 MiB, 126.91 W, 75
2026/09/17 20:38:30.519, 100 %, 7 %, 15714 MiB, 16384 MiB, 132.16 W, 75
2026/09/17 20:38:31.521, 100 %, 0 %, 15714 MiB, 16384 MiB, 129.91 W, 75
2026/09/17 20:38:32.525, 100 %, 0 %, 15714 MiB, 16384 MiB, 192.53 W, 78
2026/09/17 20:38:33.528, 100 %, 15 %, 15714 MiB, 16384 MiB, 64.74 W, 74
2026/09/17 20:38:34.531, 100 %, 34 %, 15714 MiB, 16384 MiB, 119.67 W, 75
2026/09/17 20:38:35.534, 100 %, 30 %, 15714 MiB, 16384 MiB, 131.68 W, 75
2026/09/17 20:38:36.537, 100 %, 3 %, 15714 MiB, 16384 MiB, 128.43 W, 75
2026/09/17 20:38:37.539, 100 %, 1 %, 15714 MiB, 16384 MiB, 129.21 W, 75
2026/09/17 20:38:38.541, 100 %, 6 %, 15714 MiB, 16384 MiB, 129.75 W, 75
2026/09/17 20:38:39.543, 100 %, 0 %, 15714 MiB, 16384 MiB, 192.32 W, 78
2026/09/17 20:38:40.547, 100 %, 14 %, 15714 MiB, 16384 MiB, 117.50 W, 75
2026/09/17 20:38:41.550, 100 %, 38 %, 15714 MiB, 16384 MiB, 127.20 W, 75
2026/09/17 20:38:42.552, 100 %, 4 %, 15714 MiB, 16384 MiB, 126.61 W, 75
2026/09/17 20:38:43.554, 100 %, 1 %, 15714 MiB, 16384 MiB, 127.30 W, 75
2026/09/17 20:38:44.556, 100 %, 6 %, 15714 MiB, 16384 MiB, 131.07 W, 75
2026/09/17 20:38:45.558, 100 %, 0 %, 15714 MiB, 16384 MiB, 130.18 W, 75
2026/09/17 20:38:46.561, 100 %, 2 %, 15714 MiB, 16384 MiB, 241.76 W, 75
2026/09/17 20:38:47.568, 100 %, 43 %, 15714 MiB, 16384 MiB, 80.71 W, 75
2026/09/17 20:38:48.570, 100 %, 39 %, 15714 MiB, 16384 MiB, 124.31 W, 75
2026/09/17 20:38:49.573, 100 %, 6 %, 15714 MiB, 16384 MiB, 131.35 W, 75
2026/09/17 20:38:50.576, 100 %, 0 %, 15714 MiB, 16384 MiB, 128.95 W, 75
2026/09/17 20:38:51.578, 100 %, 0 %, 15714 MiB, 16384 MiB, 129.33 W, 75
2026/09/17 20:38:52.580, 100 %, 1 %, 15714 MiB, 16384 MiB, 206.40 W, 76
2026/09/17 20:38:53.583, 100 %, 1 %, 15714 MiB, 16384 MiB, 241.44 W, 75
2026/09/17 20:38:54.587, 100 %, 48 %, 15714 MiB, 16384 MiB, 121.44 W, 75
2026/09/17 20:38:55.589, 100 %, 5 %, 15714 MiB, 16384 MiB, 131.62 W, 75
2026/09/17 20:38:56.591, 100 %, 0 %, 15714 MiB, 16384 MiB, 128.76 W, 75
2026/09/17 20:38:57.594, 100 %, 0 %, 15714 MiB, 16384 MiB, 129.70 W, 75
2026/09/17 20:38:58.596, 100 %, 2 %, 15714 MiB, 16384 MiB, 130.44 W, 78
2026/09/17 20:38:59.599, 100 %, 0 %, 15714 MiB, 16384 MiB, 197.34 W, 77
2026/09/17 20:39:00.602, 100 %, 46 %, 15714 MiB, 16384 MiB, 107.81 W, 75
2026/09/17 20:39:01.605, 100 %, 5 %, 15714 MiB, 16384 MiB, 126.76 W, 75
2026/09/17 20:39:02.607, 100 %, 3 %, 15714 MiB, 16384 MiB, 127.37 W, 75
2026/09/17 20:39:03.609, 100 %, 6 %, 15714 MiB, 16384 MiB, 133.77 W, 75
2026/09/17 20:39:04.611, 100 %, 0 %, 15714 MiB, 16384 MiB, 130.32 W, 75
2026/09/17 20:39:05.613, 100 %, 0 %, 15714 MiB, 16384 MiB, 130.80 W, 78
2026/09/17 20:39:06.617, 100 %, 40 %, 15714 MiB, 16384 MiB, 92.16 W, 74
2026/09/17 20:39:07.619, 100 %, 45 %, 15714 MiB, 16384 MiB, 114.54 W, 75
2026/09/17 20:39:08.624, 100 %, 3 %, 15714 MiB, 16384 MiB, 126.89 W, 75
2026/09/17 20:39:09.627, 100 %, 6 %, 15714 MiB, 16384 MiB, 133.39 W, 75
2026/09/17 20:39:10.629, 100 %, 0 %, 15714 MiB, 16384 MiB, 130.19 W, 75
2026/09/17 20:39:11.631, 100 %, 0 %, 15714 MiB, 16384 MiB, 130.09 W, 75
2026/09/17 20:39:12.642, 100 %, 30 %, 15714 MiB, 16384 MiB, 140.83 W, 74
2026/09/17 20:39:13.644, 100 %, 48 %, 15714 MiB, 16384 MiB, 134.34 W, 75
2026/09/17 20:39:14.646, 100 %, 13 %, 15714 MiB, 16384 MiB, 131.58 W, 75
2026/09/17 20:39:15.648, 100 %, 0 %, 15714 MiB, 16384 MiB, 127.92 W, 75
2026/09/17 20:39:16.651, 100 %, 0 %, 15714 MiB, 16384 MiB, 128.55 W, 75
2026/09/17 20:39:17.653, 100 %, 4 %, 15714 MiB, 16384 MiB, 130.08 W, 75
2026/09/17 20:39:18.655, 100 %, 0 %, 15714 MiB, 16384 MiB, 130.08 W, 75
2026/09/17 20:39:19.657, 100 %, 29 %, 15714 MiB, 16384 MiB, 168.39 W, 75
2026/09/17 20:39:20.660, 100 %, 30 %, 15714 MiB, 16384 MiB, 66.04 W, 75
2026/09/17 20:39:21.662, 100 %, 15 %, 15714 MiB, 16384 MiB, 123.52 W, 75
2026/09/17 20:39:22.664, 100 %, 1 %, 15714 MiB, 16384 MiB, 127.28 W, 75
2026/09/17 20:39:23.666, 100 %, 6 %, 15714 MiB, 16384 MiB, 134.35 W, 75
2026/09/17 20:39:24.668, 100 %, 0 %, 15714 MiB, 16384 MiB, 130.22 W, 75
2026/09/17 20:39:25.671, 100 %, 9 %, 15714 MiB, 16384 MiB, 135.96 W, 77
2026/09/17 20:39:26.674, 100 %, 42 %, 15714 MiB, 16384 MiB, 92.76 W, 75
2026/09/17 20:39:27.677, 100 %, 31 %, 15714 MiB, 16384 MiB, 115.38 W, 75
2026/09/17 20:39:28.679, 35 %, 4 %, 15714 MiB, 16384 MiB, 70.26 W, 73
2026/09/17 20:39:29.688, 86 %, 10 %, 15714 MiB, 16384 MiB, 70.74 W, 73
2026/09/17 20:39:30.691, 59 %, 4 %, 15714 MiB, 16384 MiB, 69.56 W, 72
2026/09/17 20:39:31.693, 100 %, 6 %, 15714 MiB, 16384 MiB, 70.94 W, 72
2026/09/17 20:39:32.695, 100 %, 8 %, 15714 MiB, 16384 MiB, 70.74 W, 72
2026/09/17 20:39:33.699, 42 %, 8 %, 15714 MiB, 16384 MiB, 79.71 W, 72
2026/09/17 20:39:34.702, 61 %, 9 %, 15714 MiB, 16384 MiB, 79.16 W, 71
2026/09/17 20:39:35.706, 54 %, 4 %, 15714 MiB, 16384 MiB, 68.72 W, 71
2026/09/17 20:39:36.709, 100 %, 8 %, 15714 MiB, 16384 MiB, 75.71 W, 71
2026/09/17 20:39:37.713, 100 %, 5 %, 15714 MiB, 16384 MiB, 69.92 W, 71
2026/09/17 20:39:38.716, 80 %, 10 %, 15714 MiB, 16384 MiB, 70.06 W, 70
2026/09/17 20:39:39.719, 86 %, 5 %, 15714 MiB, 16384 MiB, 69.65 W, 70
2026/09/17 20:39:40.724, 100 %, 8 %, 15714 MiB, 16384 MiB, 69.81 W, 70
2026/09/17 20:39:41.727, 100 %, 5 %, 15714 MiB, 16384 MiB, 69.78 W, 70
2026/09/17 20:39:42.730, 93 %, 14 %, 15714 MiB, 16384 MiB, 68.94 W, 70
2026/09/17 20:39:43.734, 63 %, 9 %, 15714 MiB, 16384 MiB, 79.53 W, 69
2026/09/17 20:39:44.737, 100 %, 8 %, 15714 MiB, 16384 MiB, 70.80 W, 69
2026/09/17 20:39:45.740, 100 %, 8 %, 15714 MiB, 16384 MiB, 69.94 W, 69
2026/09/17 20:39:46.743, 100 %, 8 %, 15714 MiB, 16384 MiB, 75.29 W, 69
2026/09/17 20:39:47.747, 51 %, 9 %, 15714 MiB, 16384 MiB, 80.08 W, 68
2026/09/17 20:39:48.750, 50 %, 9 %, 15714 MiB, 16384 MiB, 68.04 W, 68
2026/09/17 20:39:49.752, 67 %, 4 %, 15714 MiB, 16384 MiB, 68.42 W, 68
2026/09/17 20:39:50.754, 100 %, 8 %, 15714 MiB, 16384 MiB, 74.76 W, 68
2026/09/17 20:39:51.757, 100 %, 8 %, 15714 MiB, 16384 MiB, 74.79 W, 68
2026/09/17 20:39:52.759, 100 %, 11 %, 15714 MiB, 16384 MiB, 73.20 W, 68
2026/09/17 20:39:53.761, 63 %, 9 %, 15714 MiB, 16384 MiB, 67.34 W, 68
2026/09/17 20:39:54.764, 74 %, 5 %, 15714 MiB, 16384 MiB, 68.37 W, 68
2026/09/17 20:39:55.766, 100 %, 8 %, 15714 MiB, 16384 MiB, 74.38 W, 67
2026/09/17 20:39:56.769, 100 %, 8 %, 15714 MiB, 16384 MiB, 74.35 W, 67
2026/09/17 20:39:57.771, 90 %, 10 %, 15714 MiB, 16384 MiB, 68.40 W, 67
2026/09/17 20:39:58.773, 67 %, 4 %, 15714 MiB, 16384 MiB, 67.67 W, 67
2026/09/17 20:39:59.776, 83 %, 5 %, 15714 MiB, 16384 MiB, 68.05 W, 66
2026/09/17 20:40:00.779, 100 %, 8 %, 15714 MiB, 16384 MiB, 68.51 W, 66
2026/09/17 20:40:01.783, 96 %, 10 %, 15714 MiB, 16384 MiB, 68.38 W, 66
2026/09/17 20:40:02.786, 79 %, 10 %, 15714 MiB, 16384 MiB, 68.46 W, 66
2026/09/17 20:40:03.790, 52 %, 8 %, 15714 MiB, 16384 MiB, 78.89 W, 66
2026/09/17 20:40:04.793, 100 %, 8 %, 15714 MiB, 16384 MiB, 68.19 W, 66
2026/09/17 20:40:05.797, 100 %, 8 %, 15714 MiB, 16384 MiB, 68.19 W, 66
2026/09/17 20:40:06.803, 100 %, 8 %, 15714 MiB, 16384 MiB, 69.44 W, 66
2026/09/17 20:40:07.806, 75 %, 9 %, 15714 MiB, 16384 MiB, 68.79 W, 65
2026/09/17 20:40:08.808, 66 %, 9 %, 15714 MiB, 16384 MiB, 77.86 W, 65
2026/09/17 20:40:09.811, 100 %, 5 %, 15714 MiB, 16384 MiB, 67.91 W, 65
2026/09/17 20:40:10.814, 100 %, 6 %, 15714 MiB, 16384 MiB, 67.84 W, 65
2026/09/17 20:40:11.817, 100 %, 8 %, 15714 MiB, 16384 MiB, 73.09 W, 65
2026/09/17 20:40:12.821, 49 %, 9 %, 15714 MiB, 16384 MiB, 77.32 W, 65
2026/09/17 20:40:13.824, 39 %, 8 %, 15714 MiB, 16384 MiB, 65.71 W, 65
2026/09/17 20:40:14.828, 64 %, 4 %, 15714 MiB, 16384 MiB, 66.23 W, 65
2026/09/17 20:40:15.831, 100 %, 8 %, 15714 MiB, 16384 MiB, 72.89 W, 64
2026/09/17 20:40:16.834, 100 %, 8 %, 15714 MiB, 16384 MiB, 72.81 W, 64
2026/09/17 20:40:17.838, 100 %, 7 %, 15714 MiB, 16384 MiB, 71.48 W, 64
2026/09/17 20:40:18.841, 68 %, 9 %, 15714 MiB, 16384 MiB, 69.01 W, 64
2026/09/17 20:40:19.845, 78 %, 4 %, 15714 MiB, 16384 MiB, 65.14 W, 64
2026/09/17 20:40:20.847, 100 %, 8 %, 15714 MiB, 16384 MiB, 71.54 W, 64
2026/09/17 20:40:21.849, 100 %, 8 %, 15714 MiB, 16384 MiB, 71.68 W, 64
2026/09/17 20:40:22.852, 89 %, 10 %, 15714 MiB, 16384 MiB, 67.12 W, 64
2026/09/17 20:40:23.855, 72 %, 4 %, 15714 MiB, 16384 MiB, 65.86 W, 64
2026/09/17 20:40:24.857, 69 %, 5 %, 15714 MiB, 16384 MiB, 64.72 W, 63
2026/09/17 20:40:25.859, 100 %, 8 %, 15714 MiB, 16384 MiB, 65.86 W, 63
2026/09/17 20:40:26.862, 74 %, 9 %, 15714 MiB, 16384 MiB, 67.03 W, 63
2026/09/17 20:40:27.864, 41 %, 9 %, 15714 MiB, 16384 MiB, 76.40 W, 63
2026/09/17 20:40:28.866, 56 %, 9 %, 15714 MiB, 16384 MiB, 73.50 W, 63
2026/09/17 20:40:29.868, 100 %, 8 %, 15714 MiB, 16384 MiB, 65.38 W, 63
2026/09/17 20:40:30.871, 100 %, 8 %, 15714 MiB, 16384 MiB, 70.95 W, 63
2026/09/17 20:40:31.873, 100 %, 7 %, 15714 MiB, 16384 MiB, 64.79 W, 63
2026/09/17 20:40:32.876, 67 %, 9 %, 15714 MiB, 16384 MiB, 74.79 W, 63
2026/09/17 20:40:33.878, 66 %, 9 %, 15714 MiB, 16384 MiB, 73.65 W, 63
2026/09/17 20:40:34.881, 100 %, 8 %, 15714 MiB, 16384 MiB, 65.33 W, 63
2026/09/17 20:40:35.885, 100 %, 8 %, 15714 MiB, 16384 MiB, 71.00 W, 63
2026/09/17 20:40:36.888, 100 %, 8 %, 15714 MiB, 16384 MiB, 71.14 W, 62
2026/09/17 20:40:37.892, 56 %, 9 %, 15714 MiB, 16384 MiB, 74.32 W, 63
2026/09/17 20:40:38.896, 25 %, 4 %, 15714 MiB, 16384 MiB, 62.86 W, 62
2026/09/17 20:40:39.900, 92 %, 5 %, 15714 MiB, 16384 MiB, 65.14 W, 62
2026/09/17 20:40:40.903, 100 %, 5 %, 15714 MiB, 16384 MiB, 65.21 W, 62
2026/09/17 20:40:41.906, 73 %, 10 %, 15714 MiB, 16384 MiB, 65.61 W, 62
2026/09/17 20:40:42.910, 48 %, 8 %, 15714 MiB, 16384 MiB, 76.63 W, 62
2026/09/17 20:40:43.913, 100 %, 5 %, 15714 MiB, 16384 MiB, 66.18 W, 62
2026/09/17 20:40:44.917, 100 %, 8 %, 15714 MiB, 16384 MiB, 65.24 W, 62
2026/09/17 20:40:45.921, 100 %, 5 %, 15714 MiB, 16384 MiB, 65.32 W, 62
2026/09/17 20:40:46.924, 89 %, 9 %, 15714 MiB, 16384 MiB, 66.25 W, 62
2026/09/17 20:40:47.928, 66 %, 9 %, 15714 MiB, 16384 MiB, 64.68 W, 62
2026/09/17 20:40:48.932, 94 %, 5 %, 15714 MiB, 16384 MiB, 65.16 W, 62
2026/09/17 20:40:49.937, 100 %, 8 %, 15714 MiB, 16384 MiB, 64.91 W, 62
2026/09/17 20:40:50.939, 100 %, 8 %, 15714 MiB, 16384 MiB, 64.98 W, 62
2026/09/17 20:40:51.942, 77 %, 10 %, 15714 MiB, 16384 MiB, 64.92 W, 62
2026/09/17 20:40:52.946, 100 %, 45 %, 15714 MiB, 16384 MiB, 83.22 W, 62
2026/09/17 20:40:53.948, 100 %, 4 %, 15714 MiB, 16384 MiB, 121.07 W, 67
2026/09/17 20:40:54.951, 100 %, 33 %, 15714 MiB, 16384 MiB, 240.42 W, 65
2026/09/17 20:40:55.954, 100 %, 47 %, 15714 MiB, 16384 MiB, 133.46 W, 65
2026/09/17 20:40:56.958, 100 %, 43 %, 15714 MiB, 16384 MiB, 218.45 W, 65
2026/09/17 20:40:57.960, 100 %, 39 %, 15714 MiB, 16384 MiB, 107.45 W, 65
2026/09/17 20:40:58.962, 100 %, 3 %, 15714 MiB, 16384 MiB, 119.51 W, 65
2026/09/17 20:40:59.964, 100 %, 5 %, 15714 MiB, 16384 MiB, 224.73 W, 68
2026/09/17 20:41:00.968, 100 %, 46 %, 15714 MiB, 16384 MiB, 111.82 W, 66
2026/09/17 20:41:01.970, 100 %, 21 %, 15714 MiB, 16384 MiB, 123.41 W, 68
2026/09/17 20:41:02.973, 100 %, 2 %, 15714 MiB, 16384 MiB, 236.41 W, 66
2026/09/17 20:41:03.975, 100 %, 13 %, 15714 MiB, 16384 MiB, 125.69 W, 66
2026/09/17 20:41:04.978, 100 %, 9 %, 15714 MiB, 16384 MiB, 221.95 W, 66
2026/09/17 20:41:05.980, 100 %, 45 %, 15714 MiB, 16384 MiB, 107.03 W, 67
2026/09/17 20:41:06.982, 100 %, 37 %, 15714 MiB, 16384 MiB, 120.10 W, 70
2026/09/17 20:41:07.991, 100 %, 0 %, 15714 MiB, 16384 MiB, 224.69 W, 68
2026/09/17 20:41:08.997, 100 %, 22 %, 15714 MiB, 16384 MiB, 115.07 W, 67
2026/09/17 20:41:09.999, 100 %, 2 %, 15714 MiB, 16384 MiB, 251.77 W, 68
2026/09/17 20:41:11.002, 100 %, 45 %, 15714 MiB, 16384 MiB, 123.20 W, 68
2026/09/17 20:41:12.006, 100 %, 5 %, 15714 MiB, 16384 MiB, 123.53 W, 68
2026/09/17 20:41:13.008, 100 %, 46 %, 15714 MiB, 16384 MiB, 66.26 W, 67
2026/09/17 20:41:14.011, 100 %, 38 %, 15714 MiB, 16384 MiB, 125.24 W, 69
2026/09/17 20:41:15.013, 100 %, 3 %, 15714 MiB, 16384 MiB, 236.88 W, 71
2026/09/17 20:41:16.017, 100 %, 30 %, 15714 MiB, 16384 MiB, 145.90 W, 69
2026/09/17 20:41:17.019, 100 %, 5 %, 15714 MiB, 16384 MiB, 246.74 W, 71
2026/09/17 20:41:18.022, 100 %, 45 %, 15714 MiB, 16384 MiB, 121.89 W, 69
2026/09/17 20:41:19.024, 100 %, 45 %, 15714 MiB, 16384 MiB, 124.54 W, 69
2026/09/17 20:41:20.026, 100 %, 3 %, 15714 MiB, 16384 MiB, 125.10 W, 72
2026/09/17 20:41:21.030, 100 %, 35 %, 15714 MiB, 16384 MiB, 64.84 W, 69
2026/09/17 20:41:22.032, 100 %, 3 %, 15714 MiB, 16384 MiB, 126.25 W, 73
2026/09/17 20:41:23.035, 100 %, 33 %, 15714 MiB, 16384 MiB, 236.09 W, 71
2026/09/17 20:41:24.040, 100 %, 6 %, 15714 MiB, 16384 MiB, 114.94 W, 70
2026/09/17 20:41:25.042, 100 %, 43 %, 15714 MiB, 16384 MiB, 249.45 W, 70
2026/09/17 20:41:26.045, 100 %, 49 %, 15714 MiB, 16384 MiB, 127.54 W, 71
2026/09/17 20:41:27.049, 100 %, 4 %, 15714 MiB, 16384 MiB, 125.86 W, 71
2026/09/17 20:41:28.053, 100 %, 2 %, 15714 MiB, 16384 MiB, 125.42 W, 71
2026/09/17 20:41:29.055, 100 %, 6 %, 15714 MiB, 16384 MiB, 131.76 W, 71
2026/09/17 20:41:30.057, 100 %, 0 %, 15714 MiB, 16384 MiB, 128.44 W, 71
2026/09/17 20:41:31.060, 100 %, 3 %, 15714 MiB, 16384 MiB, 137.01 W, 75
2026/09/17 20:41:32.063, 100 %, 42 %, 15714 MiB, 16384 MiB, 76.62 W, 70
2026/09/17 20:41:33.067, 100 %, 28 %, 15714 MiB, 16384 MiB, 116.78 W, 71
2026/09/17 20:41:34.070, 100 %, 1 %, 15714 MiB, 16384 MiB, 125.29 W, 72
2026/09/17 20:41:35.072, 100 %, 6 %, 15714 MiB, 16384 MiB, 131.92 W, 72
2026/09/17 20:41:36.074, 100 %, 0 %, 15714 MiB, 16384 MiB, 128.46 W, 72
2026/09/17 20:41:37.076, 100 %, 1 %, 15714 MiB, 16384 MiB, 128.38 W, 74
2026/09/17 20:41:38.078, 100 %, 42 %, 15714 MiB, 16384 MiB, 96.80 W, 71
2026/09/17 20:41:39.083, 100 %, 42 %, 15714 MiB, 16384 MiB, 110.25 W, 72
2026/09/17 20:41:40.088, 100 %, 6 %, 15714 MiB, 16384 MiB, 130.79 W, 72
2026/09/17 20:41:41.092, 100 %, 0 %, 15714 MiB, 16384 MiB, 127.14 W, 72
2026/09/17 20:41:42.094, 100 %, 1 %, 15714 MiB, 16384 MiB, 128.07 W, 72
2026/09/17 20:41:43.096, 100 %, 6 %, 15714 MiB, 16384 MiB, 128.96 W, 73
2026/09/17 20:41:44.098, 100 %, 0 %, 15714 MiB, 16384 MiB, 129.15 W, 73
2026/09/17 20:41:45.100, 100 %, 0 %, 15714 MiB, 16384 MiB, 247.72 W, 73
2026/09/17 20:41:46.104, 100 %, 45 %, 15714 MiB, 16384 MiB, 92.08 W, 73
2026/09/17 20:41:47.107, 100 %, 48 %, 15714 MiB, 16384 MiB, 123.35 W, 73
2026/09/17 20:41:48.109, 100 %, 2 %, 15714 MiB, 16384 MiB, 126.59 W, 73
2026/09/17 20:41:49.111, 100 %, 6 %, 15714 MiB, 16384 MiB, 133.02 W, 73
2026/09/17 20:41:50.114, 100 %, 0 %, 15714 MiB, 16384 MiB, 129.72 W, 73
2026/09/17 20:41:51.116, 100 %, 0 %, 15714 MiB, 16384 MiB, 213.27 W, 74
2026/09/17 20:41:52.120, 100 %, 43 %, 15714 MiB, 16384 MiB, 65.70 W, 73
2026/09/17 20:41:53.124, 100 %, 47 %, 15714 MiB, 16384 MiB, 121.20 W, 73
2026/09/17 20:41:54.126, 100 %, 5 %, 15714 MiB, 16384 MiB, 131.48 W, 73
2026/09/17 20:41:55.128, 100 %, 0 %, 15714 MiB, 16384 MiB, 128.60 W, 73
2026/09/17 20:41:56.130, 100 %, 0 %, 15714 MiB, 16384 MiB, 129.36 W, 73
2026/09/17 20:41:57.132, 100 %, 2 %, 15714 MiB, 16384 MiB, 133.85 W, 76
2026/09/17 20:41:58.138, 100 %, 0 %, 15714 MiB, 16384 MiB, 210.93 W, 75
2026/09/17 20:41:59.142, 100 %, 42 %, 15714 MiB, 16384 MiB, 112.81 W, 74
2026/09/17 20:42:00.147, 100 %, 5 %, 15714 MiB, 16384 MiB, 126.43 W, 74
2026/09/17 20:42:01.149, 100 %, 3 %, 15714 MiB, 16384 MiB, 126.86 W, 74
2026/09/17 20:42:02.152, 100 %, 0 %, 15714 MiB, 16384 MiB, 129.07 W, 74
2026/09/17 20:42:03.154, 100 %, 4 %, 15714 MiB, 16384 MiB, 130.03 W, 76
2026/09/17 20:42:04.158, 100 %, 0 %, 15714 MiB, 16384 MiB, 142.95 W, 77
2026/09/17 20:42:05.162, 100 %, 39 %, 15714 MiB, 16384 MiB, 128.88 W, 74
2026/09/17 20:42:06.164, 100 %, 21 %, 15714 MiB, 16384 MiB, 127.17 W, 74
2026/09/17 20:42:07.168, 100 %, 5 %, 15714 MiB, 16384 MiB, 127.49 W, 74
2026/09/17 20:42:08.170, 100 %, 6 %, 15714 MiB, 16384 MiB, 134.24 W, 74
2026/09/17 20:42:09.172, 100 %, 0 %, 15714 MiB, 16384 MiB, 130.75 W, 74
2026/09/17 20:42:10.174, 100 %, 0 %, 15714 MiB, 16384 MiB, 130.93 W, 75
2026/09/17 20:42:11.177, 100 %, 25 %, 15714 MiB, 16384 MiB, 115.93 W, 73
2026/09/17 20:42:12.181, 100 %, 45 %, 15714 MiB, 16384 MiB, 119.90 W, 74
2026/09/17 20:42:13.185, 100 %, 17 %, 15714 MiB, 16384 MiB, 132.54 W, 74
2026/09/17 20:42:14.188, 100 %, 1 %, 15714 MiB, 16384 MiB, 128.84 W, 74
2026/09/17 20:42:15.190, 100 %, 0 %, 15714 MiB, 16384 MiB, 129.07 W, 74
2026/09/17 20:42:16.192, 100 %, 0 %, 15714 MiB, 16384 MiB, 130.57 W, 74
2026/09/17 20:42:17.194, 100 %, 6 %, 15714 MiB, 16384 MiB, 194.99 W, 74
2026/09/17 20:42:18.198, 100 %, 26 %, 15714 MiB, 16384 MiB, 149.55 W, 74
2026/09/17 20:42:19.203, 100 %, 34 %, 15714 MiB, 16384 MiB, 129.87 W, 74
2026/09/17 20:42:20.205, 100 %, 3 %, 15714 MiB, 16384 MiB, 128.55 W, 74
2026/09/17 20:42:21.209, 100 %, 0 %, 15714 MiB, 16384 MiB, 129.19 W, 74
2026/09/17 20:42:22.211, 100 %, 6 %, 15714 MiB, 16384 MiB, 135.15 W, 74
2026/09/17 20:42:23.213, 100 %, 0 %, 15714 MiB, 16384 MiB, 131.15 W, 74
2026/09/17 20:42:24.215, 100 %, 9 %, 15714 MiB, 16384 MiB, 188.11 W, 76
2026/09/17 20:42:25.219, 100 %, 41 %, 15714 MiB, 16384 MiB, 64.43 W, 74
2026/09/17 20:42:26.221, 100 %, 34 %, 15714 MiB, 16384 MiB, 120.31 W, 74
2026/09/17 20:42:27.224, 100 %, 6 %, 15714 MiB, 16384 MiB, 133.15 W, 75
2026/09/17 20:42:28.226, 100 %, 0 %, 15714 MiB, 16384 MiB, 129.92 W, 75
2026/09/17 20:42:29.228, 100 %, 0 %, 15714 MiB, 16384 MiB, 130.46 W, 75
2026/09/17 20:42:30.231, 100 %, 0 %, 15714 MiB, 16384 MiB, 131.30 W, 77
2026/09/17 20:42:31.234, 100 %, 45 %, 15714 MiB, 16384 MiB, 96.46 W, 73
2026/09/17 20:42:32.237, 100 %, 44 %, 15714 MiB, 16384 MiB, 112.06 W, 74
2026/09/17 20:42:33.241, 100 %, 6 %, 15714 MiB, 16384 MiB, 132.92 W, 75
2026/09/17 20:42:34.244, 100 %, 0 %, 15714 MiB, 16384 MiB, 130.35 W, 75
2026/09/17 20:42:35.246, 100 %, 0 %, 15714 MiB, 16384 MiB, 130.35 W, 75
2026/09/17 20:42:36.249, 47 %, 3 %, 15714 MiB, 16384 MiB, 67.29 W, 73
2026/09/17 20:42:37.251, 100 %, 31 %, 15714 MiB, 16384 MiB, 117.14 W, 75
2026/09/17 20:42:38.253, 100 %, 41 %, 15714 MiB, 16384 MiB, 113.40 W, 74
2026/09/17 20:42:39.255, 57 %, 5 %, 15714 MiB, 16384 MiB, 143.99 W, 74
2026/09/17 20:42:40.258, 100 %, 44 %, 15714 MiB, 16384 MiB, 218.84 W, 75
2026/09/17 20:42:41.261, 100 %, 45 %, 15714 MiB, 16384 MiB, 111.28 W, 75
2026/09/17 20:42:42.263, 100 %, 3 %, 15714 MiB, 16384 MiB, 128.19 W, 75
2026/09/17 20:42:43.266, 100 %, 36 %, 15714 MiB, 16384 MiB, 69.04 W, 74
2026/09/17 20:42:44.268, 100 %, 4 %, 15714 MiB, 16384 MiB, 127.99 W, 75
2026/09/17 20:42:45.270, 100 %, 22 %, 15714 MiB, 16384 MiB, 231.29 W, 78
2026/09/17 20:42:46.286, 100 %, 46 %, 15714 MiB, 16384 MiB, 165.23 W, 75
2026/09/17 20:42:47.288, 100 %, 30 %, 15714 MiB, 16384 MiB, 230.99 W, 77
2026/09/17 20:42:48.291, 100 %, 3 %, 15714 MiB, 16384 MiB, 236.31 W, 75
2026/09/17 20:42:49.296, 100 %, 24 %, 15714 MiB, 16384 MiB, 148.89 W, 75
2026/09/17 20:42:50.298, 100 %, 6 %, 15714 MiB, 16384 MiB, 127.74 W, 75
2026/09/17 20:42:51.300, 100 %, 31 %, 15714 MiB, 16384 MiB, 97.81 W, 74
2026/09/17 20:42:52.303, 100 %, 48 %, 15714 MiB, 16384 MiB, 124.50 W, 75
2026/09/17 20:42:53.305, 100 %, 27 %, 15714 MiB, 16384 MiB, 126.98 W, 77
2026/09/17 20:42:54.308, 100 %, 46 %, 15714 MiB, 16384 MiB, 69.65 W, 75
2026/09/17 20:42:55.310, 100 %, 26 %, 15714 MiB, 16384 MiB, 136.93 W, 78
2026/09/17 20:42:56.316, 100 %, 2 %, 15714 MiB, 16384 MiB, 250.63 W, 75
2026/09/17 20:42:57.318, 100 %, 36 %, 15714 MiB, 16384 MiB, 118.87 W, 75
2026/09/17 20:42:58.320, 100 %, 6 %, 15714 MiB, 16384 MiB, 128.83 W, 75
2026/09/17 20:42:59.322, 100 %, 42 %, 15714 MiB, 16384 MiB, 68.95 W, 74
2026/09/17 20:43:00.325, 100 %, 47 %, 15714 MiB, 16384 MiB, 125.26 W, 75
2026/09/17 20:43:01.327, 100 %, 4 %, 15714 MiB, 16384 MiB, 179.76 W, 78
2026/09/17 20:43:02.331, 100 %, 46 %, 15714 MiB, 16384 MiB, 94.56 W, 75
2026/09/17 20:43:03.334, 100 %, 8 %, 15714 MiB, 16384 MiB, 210.75 W, 78
2026/09/17 20:43:04.337, 100 %, 13 %, 15714 MiB, 16384 MiB, 211.63 W, 76
2026/09/17 20:43:05.341, 100 %, 44 %, 15714 MiB, 16384 MiB, 171.49 W, 75
2026/09/17 20:43:06.343, 100 %, 5 %, 15714 MiB, 16384 MiB, 128.42 W, 75
2026/09/17 20:43:07.345, 100 %, 40 %, 15714 MiB, 16384 MiB, 155.90 W, 75
2026/09/17 20:43:08.349, 100 %, 40 %, 15714 MiB, 16384 MiB, 118.77 W, 75
2026/09/17 20:43:09.352, 100 %, 0 %, 15714 MiB, 16384 MiB, 130.24 W, 79
2026/09/17 20:43:10.354, 100 %, 6 %, 15714 MiB, 16384 MiB, 136.77 W, 76
2026/09/17 20:43:11.357, 100 %, 0 %, 15714 MiB, 16384 MiB, 132.13 W, 75
2026/09/17 20:43:12.359, 100 %, 0 %, 15714 MiB, 16384 MiB, 131.55 W, 79
2026/09/17 20:43:13.362, 100 %, 43 %, 15714 MiB, 16384 MiB, 119.15 W, 74
2026/09/17 20:43:14.364, 100 %, 46 %, 15714 MiB, 16384 MiB, 122.98 W, 75
2026/09/17 20:43:15.366, 100 %, 6 %, 15714 MiB, 16384 MiB, 133.16 W, 75
2026/09/17 20:43:16.368, 100 %, 0 %, 15714 MiB, 16384 MiB, 129.05 W, 75
2026/09/17 20:43:17.371, 100 %, 0 %, 15714 MiB, 16384 MiB, 129.88 W, 75
2026/09/17 20:43:18.373, 100 %, 0 %, 15714 MiB, 16384 MiB, 131.27 W, 75
2026/09/17 20:43:19.375, 100 %, 38 %, 15714 MiB, 16384 MiB, 204.97 W, 75
2026/09/17 20:43:20.377, 100 %, 38 %, 15714 MiB, 16384 MiB, 148.21 W, 75
2026/09/17 20:43:21.382, 100 %, 5 %, 15714 MiB, 16384 MiB, 130.33 W, 75
2026/09/17 20:43:22.384, 100 %, 0 %, 15714 MiB, 16384 MiB, 129.16 W, 75
2026/09/17 20:43:23.386, 100 %, 0 %, 15714 MiB, 16384 MiB, 129.63 W, 75
2026/09/17 20:43:24.388, 100 %, 4 %, 15714 MiB, 16384 MiB, 132.43 W, 75
2026/09/17 20:43:25.390, 100 %, 0 %, 15714 MiB, 16384 MiB, 131.64 W, 75
2026/09/17 20:43:26.392, 100 %, 42 %, 15714 MiB, 16384 MiB, 216.13 W, 76
2026/09/17 20:43:27.397, 100 %, 14 %, 15714 MiB, 16384 MiB, 114.95 W, 75
2026/09/17 20:43:28.399, 100 %, 3 %, 15714 MiB, 16384 MiB, 126.14 W, 75
2026/09/17 20:43:29.401, 100 %, 6 %, 15714 MiB, 16384 MiB, 133.32 W, 75
2026/09/17 20:43:30.404, 100 %, 0 %, 15714 MiB, 16384 MiB, 130.00 W, 75
2026/09/17 20:43:31.406, 100 %, 0 %, 15714 MiB, 16384 MiB, 130.76 W, 75
2026/09/17 20:43:32.408, 100 %, 0 %, 15714 MiB, 16384 MiB, 131.52 W, 77
2026/09/17 20:43:33.414, 100 %, 20 %, 15714 MiB, 16384 MiB, 119.82 W, 74
2026/09/17 20:43:34.418, 100 %, 36 %, 15714 MiB, 16384 MiB, 126.32 W, 75
2026/09/17 20:43:35.424, 100 %, 24 %, 15714 MiB, 16384 MiB, 132.77 W, 75
2026/09/17 20:43:36.427, 100 %, 3 %, 15714 MiB, 16384 MiB, 129.49 W, 75
2026/09/17 20:43:37.429, 100 %, 0 %, 15714 MiB, 16384 MiB, 129.88 W, 75
2026/09/17 20:43:38.431, 100 %, 5 %, 15714 MiB, 16384 MiB, 131.24 W, 78
2026/09/17 20:43:39.434, 100 %, 0 %, 15714 MiB, 16384 MiB, 131.43 W, 78
2026/09/17 20:43:40.437, 100 %, 18 %, 15714 MiB, 16384 MiB, 159.51 W, 75
2026/09/17 20:43:41.439, 100 %, 43 %, 15714 MiB, 16384 MiB, 135.40 W, 75
2026/09/17 20:43:42.444, 100 %, 27 %, 15714 MiB, 16384 MiB, 127.72 W, 75
2026/09/17 20:43:43.447, 100 %, 6 %, 15714 MiB, 16384 MiB, 134.60 W, 75
2026/09/17 20:43:44.450, 100 %, 0 %, 15714 MiB, 16384 MiB, 131.24 W, 75
2026/09/17 20:43:45.452, 100 %, 0 %, 15714 MiB, 16384 MiB, 131.33 W, 75
2026/09/17 20:43:46.454, 100 %, 2 %, 15714 MiB, 16384 MiB, 219.24 W, 75
2026/09/17 20:43:47.459, 100 %, 42 %, 15714 MiB, 16384 MiB, 117.76 W, 75
2026/09/17 20:43:48.461, 100 %, 40 %, 15714 MiB, 16384 MiB, 126.91 W, 75
2026/09/17 20:43:49.465, 100 %, 6 %, 15714 MiB, 16384 MiB, 134.24 W, 75
2026/09/17 20:43:50.467, 100 %, 0 %, 15714 MiB, 16384 MiB, 131.51 W, 75
2026/09/17 20:43:51.469, 100 %, 0 %, 15714 MiB, 16384 MiB, 131.38 W, 75
2026/09/17 20:43:52.471, 100 %, 1 %, 15714 MiB, 16384 MiB, 247.34 W, 75
2026/09/17 20:43:53.476, 100 %, 3 %, 15714 MiB, 16384 MiB, 215.22 W, 75
2026/09/17 20:43:54.480, 100 %, 47 %, 15714 MiB, 16384 MiB, 129.21 W, 75
2026/09/17 20:43:55.482, 100 %, 4 %, 15714 MiB, 16384 MiB, 128.56 W, 75
2026/09/17 20:43:56.486, 100 %, 1 %, 15714 MiB, 16384 MiB, 129.27 W, 75
2026/09/17 20:43:57.488, 100 %, 6 %, 15714 MiB, 16384 MiB, 133.48 W, 75
2026/09/17 20:43:58.490, 100 %, 0 %, 15714 MiB, 16384 MiB, 131.65 W, 75
2026/09/17 20:43:59.492, 100 %, 0 %, 15714 MiB, 16384 MiB, 243.29 W, 77
2026/09/17 20:44:00.495, 100 %, 45 %, 15714 MiB, 16384 MiB, 122.91 W, 75
2026/09/17 20:44:01.499, 100 %, 5 %, 15714 MiB, 16384 MiB, 128.30 W, 75
2026/09/17 20:44:02.502, 100 %, 2 %, 15714 MiB, 16384 MiB, 128.49 W, 75
2026/09/17 20:44:03.504, 100 %, 6 %, 15714 MiB, 16384 MiB, 133.74 W, 75
2026/09/17 20:44:04.506, 100 %, 0 %, 15714 MiB, 16384 MiB, 131.63 W, 75
2026/09/17 20:44:05.508, 100 %, 0 %, 15714 MiB, 16384 MiB, 220.07 W, 78
2026/09/17 20:44:06.514, 100 %, 46 %, 15714 MiB, 16384 MiB, 66.92 W, 74
2026/09/17 20:44:07.516, 100 %, 47 %, 15714 MiB, 16384 MiB, 148.73 W, 75
2026/09/17 20:44:08.520, 100 %, 5 %, 15714 MiB, 16384 MiB, 130.96 W, 75
2026/09/17 20:44:09.522, 100 %, 0 %, 15714 MiB, 16384 MiB, 129.06 W, 75
2026/09/17 20:44:10.524, 100 %, 0 %, 15714 MiB, 16384 MiB, 129.52 W, 75
2026/09/17 20:44:11.526, 100 %, 4 %, 15714 MiB, 16384 MiB, 132.45 W, 75
2026/09/17 20:44:12.528, 100 %, 0 %, 15714 MiB, 16384 MiB, 131.52 W, 79
2026/09/17 20:44:13.533, 100 %, 47 %, 15714 MiB, 16384 MiB, 185.38 W, 75
2026/09/17 20:44:14.538, 100 %, 11 %, 15714 MiB, 16384 MiB, 129.84 W, 75
2026/09/17 20:44:15.542, 100 %, 0 %, 15714 MiB, 16384 MiB, 128.75 W, 75
2026/09/17 20:44:16.544, 100 %, 0 %, 15714 MiB, 16384 MiB, 129.36 W, 75
2026/09/17 20:44:17.547, 100 %, 3 %, 15714 MiB, 16384 MiB, 132.33 W, 75
2026/09/17 20:44:18.549, 100 %, 0 %, 15714 MiB, 16384 MiB, 132.22 W, 75
2026/09/17 20:44:19.551, 100 %, 32 %, 15714 MiB, 16384 MiB, 255.77 W, 74
2026/09/17 20:44:20.557, 100 %, 8 %, 15714 MiB, 16384 MiB, 75.38 W, 73
2026/09/17 20:44:21.560, 100 %, 8 %, 15714 MiB, 16384 MiB, 71.58 W, 73
2026/09/17 20:44:22.563, 66 %, 9 %, 15714 MiB, 16384 MiB, 77.65 W, 72
2026/09/17 20:44:23.566, 67 %, 9 %, 15714 MiB, 16384 MiB, 80.21 W, 72
2026/09/17 20:44:24.570, 100 %, 8 %, 15714 MiB, 16384 MiB, 71.49 W, 72
2026/09/17 20:44:25.573, 100 %, 8 %, 15714 MiB, 16384 MiB, 76.79 W, 72
2026/09/17 20:44:26.577, 100 %, 8 %, 15714 MiB, 16384 MiB, 76.75 W, 71
2026/09/17 20:44:27.580, 52 %, 9 %, 15714 MiB, 16384 MiB, 80.97 W, 71
2026/09/17 20:44:28.584, 56 %, 4 %, 15714 MiB, 16384 MiB, 71.83 W, 71
2026/09/17 20:44:29.587, 84 %, 5 %, 15714 MiB, 16384 MiB, 70.01 W, 70
2026/09/17 20:44:30.590, 100 %, 9 %, 15714 MiB, 16384 MiB, 74.91 W, 70
2026/09/17 20:44:31.594, 89 %, 10 %, 15714 MiB, 16384 MiB, 70.57 W, 70
2026/09/17 20:44:32.597, 63 %, 9 %, 15714 MiB, 16384 MiB, 68.59 W, 70
2026/09/17 20:44:33.601, 100 %, 5 %, 15714 MiB, 16384 MiB, 69.40 W, 71
2026/09/17 20:44:34.604, 100 %, 8 %, 15714 MiB, 16384 MiB, 71.61 W, 69
2026/09/17 20:44:35.606, 100 %, 7 %, 15714 MiB, 16384 MiB, 71.05 W, 69
2026/09/17 20:44:36.609, 67 %, 9 %, 15714 MiB, 16384 MiB, 69.79 W, 69
2026/09/17 20:44:37.612, 68 %, 9 %, 15714 MiB, 16384 MiB, 80.11 W, 69
2026/09/17 20:44:38.614, 100 %, 8 %, 15714 MiB, 16384 MiB, 73.68 W, 69
2026/09/17 20:44:39.617, 100 %, 8 %, 15714 MiB, 16384 MiB, 73.64 W, 69
2026/09/17 20:44:40.619, 100 %, 8 %, 15714 MiB, 16384 MiB, 76.35 W, 68
2026/09/17 20:44:41.621, 60 %, 9 %, 15714 MiB, 16384 MiB, 81.74 W, 68
2026/09/17 20:44:42.623, 52 %, 9 %, 15714 MiB, 16384 MiB, 79.95 W, 68
2026/09/17 20:44:43.626, 66 %, 4 %, 15714 MiB, 16384 MiB, 67.78 W, 68
2026/09/17 20:44:44.628, 100 %, 8 %, 15714 MiB, 16384 MiB, 76.02 W, 68
2026/09/17 20:44:45.630, 100 %, 8 %, 15714 MiB, 16384 MiB, 76.01 W, 67
2026/09/17 20:44:46.633, 87 %, 12 %, 15714 MiB, 16384 MiB, 74.21 W, 67
2026/09/17 20:44:47.635, 71 %, 4 %, 15714 MiB, 16384 MiB, 85.95 W, 67
2026/09/17 20:44:48.637, 100 %, 8 %, 15714 MiB, 16384 MiB, 69.44 W, 67
2026/09/17 20:44:49.640, 100 %, 8 %, 15714 MiB, 16384 MiB, 75.18 W, 67
2026/09/17 20:44:50.643, 85 %, 9 %, 15714 MiB, 16384 MiB, 69.34 W, 67
2026/09/17 20:44:51.646, 68 %, 9 %, 15714 MiB, 16384 MiB, 68.03 W, 66
2026/09/17 20:44:52.650, 100 %, 8 %, 15714 MiB, 16384 MiB, 69.38 W, 66
2026/09/17 20:44:53.653, 100 %, 8 %, 15714 MiB, 16384 MiB, 69.30 W, 66
2026/09/17 20:44:54.656, 100 %, 8 %, 15714 MiB, 16384 MiB, 69.66 W, 66
2026/09/17 20:44:55.660, 51 %, 9 %, 15714 MiB, 16384 MiB, 69.58 W, 66
2026/09/17 20:44:56.663, 54 %, 9 %, 15714 MiB, 16384 MiB, 81.79 W, 66
2026/09/17 20:44:57.667, 52 %, 7 %, 15714 MiB, 16384 MiB, 79.53 W, 66
2026/09/17 20:44:58.670, 100 %, 8 %, 15714 MiB, 16384 MiB, 68.98 W, 66
2026/09/17 20:44:59.675, 100 %, 8 %, 15714 MiB, 16384 MiB, 74.98 W, 65
2026/09/17 20:45:00.677, 100 %, 9 %, 15714 MiB, 16384 MiB, 73.37 W, 65
2026/09/17 20:45:01.681, 70 %, 13 %, 15714 MiB, 16384 MiB, 85.39 W, 65
2026/09/17 20:45:02.684, 97 %, 6 %, 15714 MiB, 16384 MiB, 68.40 W, 65
2026/09/17 20:45:03.688, 100 %, 8 %, 15714 MiB, 16384 MiB, 74.19 W, 65
2026/09/17 20:45:04.692, 100 %, 7 %, 15714 MiB, 16384 MiB, 74.51 W, 65
2026/09/17 20:45:05.695, 73 %, 9 %, 15714 MiB, 16384 MiB, 68.24 W, 65
2026/09/17 20:45:06.699, 84 %, 5 %, 15714 MiB, 16384 MiB, 67.22 W, 65
2026/09/17 20:45:07.702, 100 %, 5 %, 15714 MiB, 16384 MiB, 68.20 W, 64
2026/09/17 20:45:08.706, 100 %, 8 %, 15714 MiB, 16384 MiB, 66.31 W, 64
2026/09/17 20:45:09.708, 76 %, 10 %, 15714 MiB, 16384 MiB, 66.17 W, 64
2026/09/17 20:45:10.711, 61 %, 9 %, 15714 MiB, 16384 MiB, 66.20 W, 64
2026/09/17 20:45:11.713, 61 %, 9 %, 15714 MiB, 16384 MiB, 76.03 W, 64
2026/09/17 20:45:12.722, 100 %, 8 %, 15714 MiB, 16384 MiB, 66.02 W, 64
2026/09/17 20:45:13.725, 100 %, 8 %, 15714 MiB, 16384 MiB, 66.22 W, 64
2026/09/17 20:45:14.727, 100 %, 7 %, 15714 MiB, 16384 MiB, 66.00 W, 64
2026/09/17 20:45:15.729, 70 %, 13 %, 15714 MiB, 16384 MiB, 66.91 W, 63
2026/09/17 20:45:16.732, 64 %, 9 %, 15714 MiB, 16384 MiB, 77.05 W, 63
2026/09/17 20:45:17.734, 100 %, 8 %, 15714 MiB, 16384 MiB, 67.01 W, 63
2026/09/17 20:45:18.736, 100 %, 8 %, 15714 MiB, 16384 MiB, 67.05 W, 63
2026/09/17 20:45:19.740, 100 %, 8 %, 15714 MiB, 16384 MiB, 71.36 W, 63
2026/09/17 20:45:20.743, 62 %, 9 %, 15714 MiB, 16384 MiB, 75.36 W, 63
2026/09/17 20:45:21.745, 61 %, 9 %, 15714 MiB, 16384 MiB, 74.18 W, 63
2026/09/17 20:45:22.747, 65 %, 4 %, 15714 MiB, 16384 MiB, 62.67 W, 63
2026/09/17 20:45:23.751, 100 %, 8 %, 15714 MiB, 16384 MiB, 70.99 W, 63
2026/09/17 20:45:24.755, 100 %, 8 %, 15714 MiB, 16384 MiB, 70.79 W, 63
2026/09/17 20:45:25.758, 100 %, 11 %, 15714 MiB, 16384 MiB, 69.70 W, 63
2026/09/17 20:45:26.762, 62 %, 7 %, 15714 MiB, 16384 MiB, 73.53 W, 63
2026/09/17 20:45:27.765, 83 %, 5 %, 15714 MiB, 16384 MiB, 63.06 W, 63
2026/09/17 20:45:28.769, 100 %, 8 %, 15714 MiB, 16384 MiB, 70.70 W, 63
2026/09/17 20:45:29.772, 100 %, 8 %, 15714 MiB, 16384 MiB, 71.89 W, 62
2026/09/17 20:45:30.776, 80 %, 9 %, 15714 MiB, 16384 MiB, 65.25 W, 63
2026/09/17 20:45:31.778, 70 %, 4 %, 15714 MiB, 16384 MiB, 62.73 W, 62
2026/09/17 20:45:32.784, 100 %, 5 %, 15714 MiB, 16384 MiB, 64.71 W, 62
2026/09/17 20:45:33.787, 100 %, 8 %, 15714 MiB, 16384 MiB, 65.19 W, 62
2026/09/17 20:45:34.791, 92 %, 10 %, 15714 MiB, 16384 MiB, 65.87 W, 62
2026/09/17 20:45:35.795, 76 %, 9 %, 15714 MiB, 16384 MiB, 68.08 W, 62
2026/09/17 20:45:36.797, 51 %, 8 %, 15714 MiB, 16384 MiB, 64.99 W, 62
2026/09/17 20:45:37.799, 100 %, 5 %, 15714 MiB, 16384 MiB, 65.11 W, 62
2026/09/17 20:45:38.802, 100 %, 8 %, 15714 MiB, 16384 MiB, 65.43 W, 62
2026/09/17 20:45:39.804, 100 %, 8 %, 15714 MiB, 16384 MiB, 71.71 W, 62
2026/09/17 20:45:40.806, 71 %, 9 %, 15714 MiB, 16384 MiB, 65.22 W, 62
2026/09/17 20:45:41.809, 68 %, 9 %, 15714 MiB, 16384 MiB, 64.34 W, 62
2026/09/17 20:45:42.811, 100 %, 8 %, 15714 MiB, 16384 MiB, 65.07 W, 62
2026/09/17 20:45:43.813, 100 %, 7 %, 15714 MiB, 16384 MiB, 124.18 W, 63
2026/09/17 20:45:44.816, 100 %, 34 %, 15714 MiB, 16384 MiB, 249.08 W, 65
2026/09/17 20:45:45.819, 100 %, 45 %, 15714 MiB, 16384 MiB, 114.43 W, 64
2026/09/17 20:45:46.822, 100 %, 4 %, 15714 MiB, 16384 MiB, 118.01 W, 64
2026/09/17 20:45:47.824, 100 %, 40 %, 15714 MiB, 16384 MiB, 115.90 W, 65
2026/09/17 20:45:48.826, 100 %, 4 %, 15714 MiB, 16384 MiB, 118.54 W, 65
2026/09/17 20:45:49.828, 100 %, 26 %, 15714 MiB, 16384 MiB, 119.04 W, 67
2026/09/17 20:45:50.831, 100 %, 6 %, 15714 MiB, 16384 MiB, 65.06 W, 65
2026/09/17 20:45:51.833, 100 %, 44 %, 15714 MiB, 16384 MiB, 182.56 W, 67
2026/09/17 20:45:52.836, 100 %, 42 %, 15714 MiB, 16384 MiB, 189.20 W, 66
2026/09/17 20:45:53.842, 100 %, 8 %, 15714 MiB, 16384 MiB, 111.67 W, 66
2026/09/17 20:45:54.844, 100 %, 14 %, 15714 MiB, 16384 MiB, 108.24 W, 66
2026/09/17 20:45:55.846, 100 %, 45 %, 15714 MiB, 16384 MiB, 119.24 W, 67
2026/09/17 20:45:56.849, 100 %, 34 %, 15714 MiB, 16384 MiB, 155.27 W, 69
2026/09/17 20:45:57.851, 100 %, 0 %, 15714 MiB, 16384 MiB, 222.99 W, 67
2026/09/17 20:45:58.854, 100 %, 17 %, 15714 MiB, 16384 MiB, 126.39 W, 67
2026/09/17 20:45:59.856, 100 %, 8 %, 15714 MiB, 16384 MiB, 122.87 W, 67
2026/09/17 20:46:00.859, 100 %, 47 %, 15714 MiB, 16384 MiB, 116.64 W, 68
2026/09/17 20:46:01.862, 100 %, 5 %, 15714 MiB, 16384 MiB, 127.04 W, 68
2026/09/17 20:46:02.864, 100 %, 44 %, 15714 MiB, 16384 MiB, 66.40 W, 67
2026/09/17 20:46:03.866, 100 %, 37 %, 15714 MiB, 16384 MiB, 145.99 W, 71
2026/09/17 20:46:04.869, 100 %, 3 %, 15714 MiB, 16384 MiB, 248.96 W, 71
2026/09/17 20:46:05.871, 100 %, 34 %, 15714 MiB, 16384 MiB, 241.44 W, 69
2026/09/17 20:46:06.875, 100 %, 6 %, 15714 MiB, 16384 MiB, 141.59 W, 69
2026/09/17 20:46:07.877, 100 %, 38 %, 15714 MiB, 16384 MiB, 202.39 W, 69
2026/09/17 20:46:08.879, 100 %, 41 %, 15714 MiB, 16384 MiB, 112.64 W, 69
2026/09/17 20:46:09.882, 100 %, 3 %, 15714 MiB, 16384 MiB, 128.45 W, 73
2026/09/17 20:46:10.886, 100 %, 41 %, 15714 MiB, 16384 MiB, 68.67 W, 70
2026/09/17 20:46:11.888, 100 %, 4 %, 15714 MiB, 16384 MiB, 131.30 W, 73
2026/09/17 20:46:12.897, 100 %, 27 %, 15714 MiB, 16384 MiB, 245.43 W, 70
2026/09/17 20:46:13.899, 100 %, 44 %, 15714 MiB, 16384 MiB, 130.83 W, 70
2026/09/17 20:46:14.902, 100 %, 34 %, 15714 MiB, 16384 MiB, 223.51 W, 70
2026/09/17 20:46:15.904, 100 %, 46 %, 15714 MiB, 16384 MiB, 116.01 W, 71
2026/09/17 20:46:16.906, 100 %, 20 %, 15714 MiB, 16384 MiB, 121.86 W, 71
2026/09/17 20:46:17.909, 100 %, 39 %, 15714 MiB, 16384 MiB, 210.95 W, 70
2026/09/17 20:46:18.914, 100 %, 47 %, 15714 MiB, 16384 MiB, 161.68 W, 71
2026/09/17 20:46:19.917, 100 %, 12 %, 15714 MiB, 16384 MiB, 131.59 W, 71
2026/09/17 20:46:20.919, 100 %, 0 %, 15714 MiB, 16384 MiB, 129.50 W, 71
2026/09/17 20:46:21.921, 100 %, 0 %, 15714 MiB, 16384 MiB, 129.63 W, 71
2026/09/17 20:46:22.923, 100 %, 3 %, 15714 MiB, 16384 MiB, 130.05 W, 72
2026/09/17 20:46:23.926, 100 %, 1 %, 15714 MiB, 16384 MiB, 129.86 W, 72
2026/09/17 20:46:24.929, 100 %, 46 %, 15714 MiB, 16384 MiB, 160.38 W, 72
2026/09/17 20:46:25.931, 100 %, 11 %, 15714 MiB, 16384 MiB, 131.66 W, 72
2026/09/17 20:46:26.934, 100 %, 0 %, 15714 MiB, 16384 MiB, 130.07 W, 72
2026/09/17 20:46:27.936, 100 %, 0 %, 15714 MiB, 16384 MiB, 130.35 W, 72
2026/09/17 20:46:28.938, 100 %, 4 %, 15714 MiB, 16384 MiB, 133.84 W, 72
2026/09/17 20:46:29.940, 100 %, 1 %, 15714 MiB, 16384 MiB, 130.64 W, 72
2026/09/17 20:46:30.942, 100 %, 45 %, 15714 MiB, 16384 MiB, 214.36 W, 73
2026/09/17 20:46:31.946, 100 %, 9 %, 15714 MiB, 16384 MiB, 58.28 W, 72
2026/09/17 20:46:32.948, 100 %, 3 %, 15714 MiB, 16384 MiB, 121.54 W, 72
2026/09/17 20:46:33.950, 100 %, 6 %, 15714 MiB, 16384 MiB, 131.00 W, 73
2026/09/17 20:46:34.953, 100 %, 0 %, 15714 MiB, 16384 MiB, 128.40 W, 73
2026/09/17 20:46:35.955, 100 %, 0 %, 15714 MiB, 16384 MiB, 129.22 W, 73
2026/09/17 20:46:36.957, 100 %, 35 %, 15714 MiB, 16384 MiB, 192.80 W, 75
2026/09/17 20:46:37.965, 100 %, 45 %, 15714 MiB, 16384 MiB, 235.75 W, 73
2026/09/17 20:46:38.969, 100 %, 4 %, 15714 MiB, 16384 MiB, 120.43 W, 73
2026/09/17 20:46:39.971, 100 %, 13 %, 15714 MiB, 16384 MiB, 131.32 W, 73
2026/09/17 20:46:40.974, 100 %, 0 %, 15714 MiB, 16384 MiB, 128.50 W, 73
2026/09/17 20:46:41.976, 100 %, 0 %, 15714 MiB, 16384 MiB, 129.55 W, 73
2026/09/17 20:46:42.979, 100 %, 4 %, 15714 MiB, 16384 MiB, 129.87 W, 76
2026/09/17 20:46:43.982, 100 %, 0 %, 15714 MiB, 16384 MiB, 199.32 W, 75
2026/09/17 20:46:44.987, 100 %, 30 %, 15714 MiB, 16384 MiB, 108.68 W, 73
2026/09/17 20:46:45.989, 100 %, 27 %, 15714 MiB, 16384 MiB, 126.53 W, 73
2026/09/17 20:46:46.992, 100 %, 12 %, 15714 MiB, 16384 MiB, 126.67 W, 73
2026/09/17 20:46:47.994, 100 %, 6 %, 15714 MiB, 16384 MiB, 132.87 W, 74
2026/09/17 20:46:48.996, 100 %, 0 %, 15714 MiB, 16384 MiB, 130.12 W, 74
2026/09/17 20:46:49.998, 100 %, 0 %, 15714 MiB, 16384 MiB, 130.16 W, 77
2026/09/17 20:46:51.001, 100 %, 13 %, 15714 MiB, 16384 MiB, 93.51 W, 73
2026/09/17 20:46:52.007, 100 %, 33 %, 15714 MiB, 16384 MiB, 114.25 W, 74
2026/09/17 20:46:53.010, 100 %, 29 %, 15714 MiB, 16384 MiB, 126.99 W, 74
2026/09/17 20:46:54.012, 100 %, 6 %, 15714 MiB, 16384 MiB, 133.85 W, 74
2026/09/17 20:46:55.014, 100 %, 0 %, 15714 MiB, 16384 MiB, 130.45 W, 74
2026/09/17 20:46:56.016, 100 %, 0 %, 15714 MiB, 16384 MiB, 130.52 W, 74
2026/09/17 20:46:57.018, 100 %, 1 %, 15714 MiB, 16384 MiB, 134.28 W, 73
2026/09/17 20:46:58.021, 100 %, 17 %, 15714 MiB, 16384 MiB, 122.20 W, 74
2026/09/17 20:46:59.025, 100 %, 37 %, 15714 MiB, 16384 MiB, 131.97 W, 74
2026/09/17 20:47:00.028, 100 %, 3 %, 15714 MiB, 16384 MiB, 128.79 W, 74
2026/09/17 20:47:01.030, 100 %, 0 %, 15714 MiB, 16384 MiB, 129.29 W, 74
2026/09/17 20:47:02.032, 100 %, 6 %, 15714 MiB, 16384 MiB, 132.43 W, 74
2026/09/17 20:47:03.034, 100 %, 0 %, 15714 MiB, 16384 MiB, 130.79 W, 74
2026/09/17 20:47:04.036, 100 %, 7 %, 15714 MiB, 16384 MiB, 238.14 W, 74
2026/09/17 20:47:05.040, 100 %, 47 %, 15714 MiB, 16384 MiB, 66.91 W, 74
2026/09/17 20:47:06.042, 100 %, 31 %, 15714 MiB, 16384 MiB, 124.06 W, 74
2026/09/17 20:47:07.044, 100 %, 1 %, 15714 MiB, 16384 MiB, 127.65 W, 74
2026/09/17 20:47:08.046, 100 %, 6 %, 15714 MiB, 16384 MiB, 134.81 W, 74
2026/09/17 20:47:09.048, 100 %, 0 %, 15714 MiB, 16384 MiB, 130.96 W, 74
2026/09/17 20:47:10.051, 100 %, 0 %, 15714 MiB, 16384 MiB, 193.26 W, 76
2026/09/17 20:47:11.056, 100 %, 47 %, 15714 MiB, 16384 MiB, 64.53 W, 74
2026/09/17 20:47:12.060, 100 %, 46 %, 15714 MiB, 16384 MiB, 120.23 W, 74
2026/09/17 20:47:13.063, 100 %, 6 %, 15714 MiB, 16384 MiB, 132.70 W, 75
2026/09/17 20:47:14.065, 100 %, 0 %, 15714 MiB, 16384 MiB, 130.35 W, 74
2026/09/17 20:47:15.067, 100 %, 1 %, 15714 MiB, 16384 MiB, 131.08 W, 74
2026/09/17 20:47:16.069, 100 %, 1 %, 15714 MiB, 16384 MiB, 131.25 W, 77
2026/09/17 20:47:17.073, 100 %, 0 %, 15714 MiB, 16384 MiB, 194.34 W, 76
2026/09/17 20:47:18.079, 100 %, 45 %, 15714 MiB, 16384 MiB, 112.85 W, 74
2026/09/17 20:47:19.084, 100 %, 5 %, 15714 MiB, 16384 MiB, 127.85 W, 74
2026/09/17 20:47:20.086, 100 %, 2 %, 15714 MiB, 16384 MiB, 128.15 W, 74
2026/09/17 20:47:21.088, 100 %, 0 %, 15714 MiB, 16384 MiB, 130.00 W, 75
2026/09/17 20:47:22.091, 100 %, 2 %, 15714 MiB, 16384 MiB, 131.37 W, 75
2026/09/17 20:47:23.093, 100 %, 0 %, 15714 MiB, 16384 MiB, 131.12 W, 78
2026/09/17 20:47:24.097, 100 %, 43 %, 15714 MiB, 16384 MiB, 128.54 W, 75
2026/09/17 20:47:25.102, 100 %, 5 %, 15714 MiB, 16384 MiB, 127.56 W, 74
2026/09/17 20:47:26.104, 100 %, 2 %, 15714 MiB, 16384 MiB, 128.40 W, 75
2026/09/17 20:47:27.106, 100 %, 42 %, 15714 MiB, 16384 MiB, 67.50 W, 73
2026/09/17 20:47:28.108, 100 %, 3 %, 15714 MiB, 16384 MiB, 165.79 W, 78
2026/09/17 20:47:29.112, 75 %, 3 %, 15714 MiB, 16384 MiB, 129.21 W, 75
2026/09/17 20:47:30.115, 100 %, 48 %, 15714 MiB, 16384 MiB, 69.30 W, 73
2026/09/17 20:47:31.120, 100 %, 18 %, 15714 MiB, 16384 MiB, 124.72 W, 75
2026/09/17 20:47:32.122, 100 %, 2 %, 15714 MiB, 16384 MiB, 128.30 W, 78
2026/09/17 20:47:33.126, 100 %, 11 %, 15714 MiB, 16384 MiB, 69.28 W, 75
2026/09/17 20:47:34.128, 100 %, 11 %, 15714 MiB, 16384 MiB, 129.27 W, 78
2026/09/17 20:47:35.131, 100 %, 46 %, 15714 MiB, 16384 MiB, 226.40 W, 75
2026/09/17 20:47:36.134, 100 %, 42 %, 15714 MiB, 16384 MiB, 147.33 W, 75
2026/09/17 20:47:37.137, 100 %, 3 %, 15714 MiB, 16384 MiB, 127.99 W, 75
2026/09/17 20:47:38.139, 100 %, 36 %, 15714 MiB, 16384 MiB, 134.48 W, 75
2026/09/17 20:47:39.141, 100 %, 3 %, 15714 MiB, 16384 MiB, 123.44 W, 75
2026/09/17 20:47:40.144, 100 %, 4 %, 15714 MiB, 16384 MiB, 149.88 W, 78
2026/09/17 20:47:41.147, 100 %, 45 %, 15714 MiB, 16384 MiB, 69.92 W, 75
2026/09/17 20:47:42.149, 100 %, 34 %, 15714 MiB, 16384 MiB, 183.48 W, 77
2026/09/17 20:47:43.152, 100 %, 2 %, 15714 MiB, 16384 MiB, 192.76 W, 75
2026/09/17 20:47:44.154, 100 %, 30 %, 15714 MiB, 16384 MiB, 113.82 W, 75
2026/09/17 20:47:45.156, 100 %, 3 %, 15714 MiB, 16384 MiB, 142.07 W, 74
2026/09/17 20:47:46.159, 100 %, 35 %, 15714 MiB, 16384 MiB, 117.93 W, 75
2026/09/17 20:47:47.161, 100 %, 46 %, 15714 MiB, 16384 MiB, 126.40 W, 75
2026/09/17 20:47:48.163, 100 %, 4 %, 15714 MiB, 16384 MiB, 129.52 W, 78
2026/09/17 20:47:49.166, 100 %, 45 %, 15714 MiB, 16384 MiB, 69.36 W, 75
2026/09/17 20:47:50.168, 100 %, 13 %, 15714 MiB, 16384 MiB, 129.63 W, 78
2026/09/17 20:47:51.173, 100 %, 5 %, 15714 MiB, 16384 MiB, 234.26 W, 75
2026/09/17 20:47:52.175, 100 %, 7 %, 15714 MiB, 16384 MiB, 114.23 W, 75
2026/09/17 20:47:53.178, 100 %, 10 %, 15714 MiB, 16384 MiB, 242.69 W, 75
2026/09/17 20:47:54.182, 100 %, 43 %, 15714 MiB, 16384 MiB, 139.58 W, 75
2026/09/17 20:47:55.187, 100 %, 46 %, 15714 MiB, 16384 MiB, 122.78 W, 75
2026/09/17 20:47:56.189, 100 %, 3 %, 15714 MiB, 16384 MiB, 129.73 W, 78
2026/09/17 20:47:57.192, 100 %, 39 %, 15714 MiB, 16384 MiB, 70.61 W, 75
2026/09/17 20:47:58.194, 100 %, 3 %, 15714 MiB, 16384 MiB, 133.97 W, 78
2026/09/17 20:47:59.197, 100 %, 11 %, 15714 MiB, 16384 MiB, 253.07 W, 76
2026/09/17 20:48:00.199, 100 %, 7 %, 15714 MiB, 16384 MiB, 133.90 W, 75
2026/09/17 20:48:01.202, 100 %, 2 %, 15714 MiB, 16384 MiB, 130.69 W, 75
2026/09/17 20:48:02.204, 100 %, 1 %, 15714 MiB, 16384 MiB, 132.29 W, 75
2026/09/17 20:48:03.206, 100 %, 1 %, 15714 MiB, 16384 MiB, 132.67 W, 75
2026/09/17 20:48:04.208, 100 %, 4 %, 15714 MiB, 16384 MiB, 176.68 W, 79
2026/09/17 20:48:05.213, 100 %, 3 %, 15714 MiB, 16384 MiB, 228.82 W, 77
2026/09/17 20:48:06.218, 100 %, 45 %, 15714 MiB, 16384 MiB, 120.98 W, 75
2026/09/17 20:48:07.221, 100 %, 4 %, 15714 MiB, 16384 MiB, 128.59 W, 75
2026/09/17 20:48:08.223, 100 %, 2 %, 15714 MiB, 16384 MiB, 128.40 W, 75
2026/09/17 20:48:09.225, 100 %, 0 %, 15714 MiB, 16384 MiB, 129.10 W, 75
2026/09/17 20:48:10.228, 100 %, 2 %, 15714 MiB, 16384 MiB, 132.35 W, 75
2026/09/17 20:48:11.230, 100 %, 1 %, 15714 MiB, 16384 MiB, 131.85 W, 78
2026/09/17 20:48:12.234, 100 %, 47 %, 15714 MiB, 16384 MiB, 253.57 W, 75
2026/09/17 20:48:13.238, 100 %, 5 %, 15714 MiB, 16384 MiB, 106.41 W, 75
2026/09/17 20:48:14.241, 100 %, 2 %, 15714 MiB, 16384 MiB, 126.35 W, 75
2026/09/17 20:48:15.243, 100 %, 6 %, 15714 MiB, 16384 MiB, 133.70 W, 75
2026/09/17 20:48:16.246, 100 %, 0 %, 15714 MiB, 16384 MiB, 131.79 W, 75
2026/09/17 20:48:17.248, 100 %, 1 %, 15714 MiB, 16384 MiB, 132.42 W, 75
2026/09/17 20:48:18.250, 100 %, 39 %, 15714 MiB, 16384 MiB, 231.20 W, 75
2026/09/17 20:48:19.253, 100 %, 46 %, 15714 MiB, 16384 MiB, 232.44 W, 75
2026/09/17 20:48:20.259, 100 %, 5 %, 15714 MiB, 16384 MiB, 126.74 W, 75
2026/09/17 20:48:21.261, 100 %, 0 %, 15714 MiB, 16384 MiB, 128.70 W, 75
2026/09/17 20:48:22.263, 100 %, 0 %, 15714 MiB, 16384 MiB, 128.70 W, 75
2026/09/17 20:48:23.265, 100 %, 1 %, 15714 MiB, 16384 MiB, 131.70 W, 75
2026/09/17 20:48:24.267, 100 %, 32 %, 15714 MiB, 16384 MiB, 201.75 W, 77
2026/09/17 20:48:25.273, 100 %, 43 %, 15714 MiB, 16384 MiB, 233.45 W, 76
2026/09/17 20:48:26.277, 100 %, 12 %, 15714 MiB, 16384 MiB, 123.02 W, 75
2026/09/17 20:48:27.280, 100 %, 0 %, 15714 MiB, 16384 MiB, 128.71 W, 75
2026/09/17 20:48:28.282, 100 %, 0 %, 15714 MiB, 16384 MiB, 127.96 W, 75
2026/09/17 20:48:29.285, 100 %, 6 %, 15714 MiB, 16384 MiB, 135.29 W, 75
2026/09/17 20:48:30.287, 100 %, 0 %, 15714 MiB, 16384 MiB, 131.55 W, 75
2026/09/17 20:48:31.289, 100 %, 1 %, 15714 MiB, 16384 MiB, 194.95 W, 77
2026/09/17 20:48:32.294, 100 %, 23 %, 15714 MiB, 16384 MiB, 64.98 W, 74
2026/09/17 20:48:33.299, 100 %, 40 %, 15714 MiB, 16384 MiB, 120.68 W, 75
2026/09/17 20:48:34.305, 100 %, 22 %, 15714 MiB, 16384 MiB, 133.33 W, 75
2026/09/17 20:48:35.307, 100 %, 2 %, 15714 MiB, 16384 MiB, 130.80 W, 75
2026/09/17 20:48:36.309, 100 %, 0 %, 15714 MiB, 16384 MiB, 130.98 W, 75
2026/09/17 20:48:37.311, 100 %, 1 %, 15714 MiB, 16384 MiB, 132.06 W, 78
2026/09/17 20:48:38.313, 100 %, 4 %, 15714 MiB, 16384 MiB, 102.33 W, 74
2026/09/17 20:48:39.318, 100 %, 21 %, 15714 MiB, 16384 MiB, 110.81 W, 75
2026/09/17 20:48:40.322, 100 %, 36 %, 15714 MiB, 16384 MiB, 133.56 W, 75
2026/09/17 20:48:41.324, 100 %, 3 %, 15714 MiB, 16384 MiB, 130.39 W, 75
2026/09/17 20:48:42.326, 100 %, 0 %, 15714 MiB, 16384 MiB, 130.97 W, 75
2026/09/17 20:48:43.328, 100 %, 6 %, 15714 MiB, 16384 MiB, 132.20 W, 75
2026/09/17 20:48:44.330, 100 %, 1 %, 15714 MiB, 16384 MiB, 145.77 W, 77
2026/09/17 20:48:45.333, 100 %, 9 %, 15714 MiB, 16384 MiB, 245.49 W, 75
2026/09/17 20:48:46.335, 100 %, 38 %, 15714 MiB, 16384 MiB, 99.38 W, 75
2026/09/17 20:48:47.337, 100 %, 32 %, 15714 MiB, 16384 MiB, 126.54 W, 75
2026/09/17 20:48:48.339, 100 %, 6 %, 15714 MiB, 16384 MiB, 133.60 W, 75
2026/09/17 20:48:49.341, 100 %, 0 %, 15714 MiB, 16384 MiB, 131.74 W, 75
2026/09/17 20:48:50.344, 100 %, 1 %, 15714 MiB, 16384 MiB, 131.70 W, 75
2026/09/17 20:48:51.346, 100 %, 0 %, 15714 MiB, 16384 MiB, 227.53 W, 76
2026/09/17 20:48:52.348, 100 %, 40 %, 15714 MiB, 16384 MiB, 67.09 W, 75
2026/09/17 20:48:53.350, 100 %, 45 %, 15714 MiB, 16384 MiB, 124.24 W, 75
2026/09/17 20:48:54.353, 100 %, 6 %, 15714 MiB, 16384 MiB, 133.60 W, 75
2026/09/17 20:48:55.356, 100 %, 0 %, 15714 MiB, 16384 MiB, 130.73 W, 75
2026/09/17 20:48:56.358, 100 %, 0 %, 15714 MiB, 16384 MiB, 132.04 W, 75
2026/09/17 20:48:57.360, 100 %, 2 %, 15714 MiB, 16384 MiB, 162.35 W, 77
2026/09/17 20:48:58.363, 100 %, 0 %, 15714 MiB, 16384 MiB, 225.85 W, 77
2026/09/17 20:48:59.368, 100 %, 45 %, 15714 MiB, 16384 MiB, 117.65 W, 75
2026/09/17 20:49:00.371, 100 %, 5 %, 15714 MiB, 16384 MiB, 128.44 W, 75
2026/09/17 20:49:01.373, 100 %, 2 %, 15714 MiB, 16384 MiB, 128.52 W, 75
2026/09/17 20:49:02.376, 100 %, 7 %, 15714 MiB, 16384 MiB, 135.56 W, 75
2026/09/17 20:49:03.378, 100 %, 1 %, 15714 MiB, 16384 MiB, 132.03 W, 75
2026/09/17 20:49:04.380, 100 %, 1 %, 15714 MiB, 16384 MiB, 171.93 W, 78
2026/09/17 20:49:05.383, 100 %, 47 %, 15714 MiB, 16384 MiB, 126.37 W, 75
2026/09/17 20:49:06.387, 100 %, 5 %, 15714 MiB, 16384 MiB, 128.54 W, 75
2026/09/17 20:49:07.391, 100 %, 3 %, 15714 MiB, 16384 MiB, 128.61 W, 75
2026/09/17 20:49:08.393, 100 %, 6 %, 15714 MiB, 16384 MiB, 135.87 W, 75
2026/09/17 20:49:09.396, 100 %, 1 %, 15714 MiB, 16384 MiB, 133.02 W, 75
2026/09/17 20:49:10.398, 100 %, 1 %, 15714 MiB, 16384 MiB, 132.29 W, 75
2026/09/17 20:49:11.400, 89 %, 10 %, 15714 MiB, 16384 MiB, 78.09 W, 73
2026/09/17 20:49:12.402, 71 %, 9 %, 15714 MiB, 16384 MiB, 77.69 W, 73
2026/09/17 20:49:13.405, 100 %, 8 %, 15714 MiB, 16384 MiB, 71.33 W, 72
2026/09/17 20:49:14.407, 100 %, 8 %, 15714 MiB, 16384 MiB, 71.52 W, 72
2026/09/17 20:49:15.409, 100 %, 8 %, 15714 MiB, 16384 MiB, 71.53 W, 72
2026/09/17 20:49:16.411, 69 %, 9 %, 15714 MiB, 16384 MiB, 70.58 W, 72
2026/09/17 20:49:17.414, 68 %, 9 %, 15714 MiB, 16384 MiB, 80.31 W, 71
2026/09/17 20:49:18.417, 100 %, 8 %, 15714 MiB, 16384 MiB, 74.43 W, 71
2026/09/17 20:49:19.420, 100 %, 8 %, 15714 MiB, 16384 MiB, 79.27 W, 71
2026/09/17 20:49:20.423, 100 %, 9 %, 15714 MiB, 16384 MiB, 76.30 W, 71
2026/09/17 20:49:21.426, 55 %, 4 %, 15714 MiB, 16384 MiB, 78.71 W, 71
2026/09/17 20:49:22.429, 100 %, 6 %, 15714 MiB, 16384 MiB, 69.84 W, 70
2026/09/17 20:49:23.432, 100 %, 8 %, 15714 MiB, 16384 MiB, 70.38 W, 70
2026/09/17 20:49:24.436, 87 %, 10 %, 15714 MiB, 16384 MiB, 75.52 W, 70
2026/09/17 20:49:25.439, 41 %, 9 %, 15714 MiB, 16384 MiB, 70.30 W, 70
2026/09/17 20:49:26.442, 69 %, 9 %, 15714 MiB, 16384 MiB, 69.10 W, 69
2026/09/17 20:49:27.445, 100 %, 8 %, 15714 MiB, 16384 MiB, 70.85 W, 69
2026/09/17 20:49:28.447, 100 %, 8 %, 15714 MiB, 16384 MiB, 70.60 W, 69
2026/09/17 20:49:29.449, 100 %, 7 %, 15714 MiB, 16384 MiB, 70.39 W, 69
2026/09/17 20:49:30.451, 69 %, 9 %, 15714 MiB, 16384 MiB, 69.86 W, 69
2026/09/17 20:49:31.454, 68 %, 9 %, 15714 MiB, 16384 MiB, 80.60 W, 69
2026/09/17 20:49:32.457, 100 %, 8 %, 15714 MiB, 16384 MiB, 70.32 W, 68
2026/09/17 20:49:33.459, 100 %, 8 %, 15714 MiB, 16384 MiB, 75.57 W, 68
2026/09/17 20:49:34.461, 100 %, 8 %, 15714 MiB, 16384 MiB, 73.54 W, 68
2026/09/17 20:49:35.464, 39 %, 6 %, 15714 MiB, 16384 MiB, 68.74 W, 68
2026/09/17 20:49:36.466, 81 %, 5 %, 15714 MiB, 16384 MiB, 72.57 W, 68
2026/09/17 20:49:37.469, 92 %, 5 %, 15714 MiB, 16384 MiB, 70.94 W, 67
2026/09/17 20:49:38.471, 100 %, 5 %, 15714 MiB, 16384 MiB, 69.33 W, 67
2026/09/17 20:49:39.473, 61 %, 9 %, 15714 MiB, 16384 MiB, 80.31 W, 67
2026/09/17 20:49:40.476, 70 %, 9 %, 15714 MiB, 16384 MiB, 78.52 W, 67
2026/09/17 20:49:41.479, 100 %, 8 %, 15714 MiB, 16384 MiB, 69.22 W, 67
2026/09/17 20:49:42.482, 100 %, 8 %, 15714 MiB, 16384 MiB, 74.93 W, 66
2026/09/17 20:49:43.486, 100 %, 7 %, 15714 MiB, 16384 MiB, 68.53 W, 66
2026/09/17 20:49:44.489, 69 %, 9 %, 15714 MiB, 16384 MiB, 78.62 W, 66
2026/09/17 20:49:45.493, 68 %, 9 %, 15714 MiB, 16384 MiB, 78.15 W, 66
2026/09/17 20:49:46.497, 100 %, 8 %, 15714 MiB, 16384 MiB, 68.80 W, 66
2026/09/17 20:49:47.500, 100 %, 8 %, 15714 MiB, 16384 MiB, 74.51 W, 66
2026/09/17 20:49:48.503, 100 %, 8 %, 15714 MiB, 16384 MiB, 74.39 W, 66
2026/09/17 20:49:49.507, 42 %, 9 %, 15714 MiB, 16384 MiB, 72.21 W, 66
2026/09/17 20:49:50.511, 65 %, 5 %, 15714 MiB, 16384 MiB, 67.85 W, 66
2026/09/17 20:49:51.514, 78 %, 5 %, 15714 MiB, 16384 MiB, 68.57 W, 66
2026/09/17 20:49:52.517, 100 %, 8 %, 15714 MiB, 16384 MiB, 74.20 W, 65
2026/09/17 20:49:53.519, 100 %, 8 %, 15714 MiB, 16384 MiB, 68.39 W, 65
2026/09/17 20:49:54.521, 83 %, 11 %, 15714 MiB, 16384 MiB, 66.66 W, 65
2026/09/17 20:49:55.524, 88 %, 5 %, 15714 MiB, 16384 MiB, 69.32 W, 65
2026/09/17 20:49:56.527, 100 %, 8 %, 15714 MiB, 16384 MiB, 69.34 W, 65
2026/09/17 20:49:57.529, 100 %, 8 %, 15714 MiB, 16384 MiB, 69.18 W, 65
2026/09/17 20:49:58.532, 80 %, 9 %, 15714 MiB, 16384 MiB, 67.48 W, 65
2026/09/17 20:49:59.534, 68 %, 9 %, 15714 MiB, 16384 MiB, 77.68 W, 64
2026/09/17 20:50:00.537, 99 %, 5 %, 15714 MiB, 16384 MiB, 66.35 W, 64
2026/09/17 20:50:01.540, 100 %, 8 %, 15714 MiB, 16384 MiB, 66.10 W, 64
2026/09/17 20:50:02.542, 100 %, 8 %, 15714 MiB, 16384 MiB, 71.65 W, 64
2026/09/17 20:50:03.544, 64 %, 9 %, 15714 MiB, 16384 MiB, 76.56 W, 64
2026/09/17 20:50:04.547, 63 %, 9 %, 15714 MiB, 16384 MiB, 74.96 W, 64
2026/09/17 20:50:05.549, 44 %, 9 %, 15714 MiB, 16384 MiB, 62.80 W, 64
2026/09/17 20:50:06.551, 100 %, 8 %, 15714 MiB, 16384 MiB, 70.42 W, 64
2026/09/17 20:50:07.554, 100 %, 8 %, 15714 MiB, 16384 MiB, 68.73 W, 64
2026/09/17 20:50:08.556, 100 %, 11 %, 15714 MiB, 16384 MiB, 69.31 W, 63
2026/09/17 20:50:09.558, 67 %, 4 %, 15714 MiB, 16384 MiB, 64.24 W, 64
2026/09/17 20:50:10.561, 87 %, 5 %, 15714 MiB, 16384 MiB, 65.27 W, 63
2026/09/17 20:50:11.563, 100 %, 8 %, 15714 MiB, 16384 MiB, 70.62 W, 63
2026/09/17 20:50:12.566, 100 %, 8 %, 15714 MiB, 16384 MiB, 65.37 W, 63
2026/09/17 20:50:13.568, 96 %, 10 %, 15714 MiB, 16384 MiB, 65.02 W, 63
2026/09/17 20:50:14.570, 57 %, 4 %, 15714 MiB, 16384 MiB, 64.95 W, 63
2026/09/17 20:50:15.573, 92 %, 5 %, 15714 MiB, 16384 MiB, 66.43 W, 63
2026/09/17 20:50:16.576, 100 %, 6 %, 15714 MiB, 16384 MiB, 66.78 W, 63
2026/09/17 20:50:17.579, 86 %, 10 %, 15714 MiB, 16384 MiB, 66.45 W, 63
2026/09/17 20:50:18.582, 61 %, 9 %, 15714 MiB, 16384 MiB, 75.44 W, 63
2026/09/17 20:50:19.586, 38 %, 8 %, 15714 MiB, 16384 MiB, 72.75 W, 63
2026/09/17 20:50:20.589, 100 %, 8 %, 15714 MiB, 16384 MiB, 64.45 W, 62
2026/09/17 20:50:21.593, 100 %, 8 %, 15714 MiB, 16384 MiB, 71.21 W, 63
2026/09/17 20:50:22.596, 100 %, 7 %, 15714 MiB, 16384 MiB, 69.33 W, 62
2026/09/17 20:50:23.600, 67 %, 9 %, 15714 MiB, 16384 MiB, 74.62 W, 62
2026/09/17 20:50:24.603, 68 %, 4 %, 15714 MiB, 16384 MiB, 63.93 W, 63
2026/09/17 20:50:25.607, 100 %, 8 %, 15714 MiB, 16384 MiB, 71.07 W, 62
2026/09/17 20:50:26.610, 100 %, 8 %, 15714 MiB, 16384 MiB, 71.39 W, 62
2026/09/17 20:50:27.614, 100 %, 8 %, 15714 MiB, 16384 MiB, 69.79 W, 62
2026/09/17 20:50:28.617, 50 %, 9 %, 15714 MiB, 16384 MiB, 61.88 W, 62
2026/09/17 20:50:29.620, 66 %, 4 %, 15714 MiB, 16384 MiB, 63.76 W, 63
2026/09/17 20:50:30.623, 87 %, 5 %, 15714 MiB, 16384 MiB, 64.90 W, 62
2026/09/17 20:50:31.627, 100 %, 9 %, 15714 MiB, 16384 MiB, 64.81 W, 62
2026/09/17 20:50:32.630, 74 %, 10 %, 15714 MiB, 16384 MiB, 65.24 W, 62
2026/09/17 20:50:33.634, 54 %, 8 %, 15714 MiB, 16384 MiB, 76.43 W, 62
2026/09/17 20:50:34.637, 100 %, 8 %, 15714 MiB, 16384 MiB, 66.22 W, 62
2026/09/17 20:50:35.641, 100 %, 3 %, 15714 MiB, 16384 MiB, 118.38 W, 64
2026/09/17 20:50:36.643, 100 %, 36 %, 15714 MiB, 16384 MiB, 63.60 W, 63
2026/09/17 20:50:37.646, 100 %, 3 %, 15714 MiB, 16384 MiB, 121.55 W, 66
2026/09/17 20:50:38.648, 100 %, 28 %, 15714 MiB, 16384 MiB, 203.20 W, 67
2026/09/17 20:50:39.651, 100 %, 6 %, 15714 MiB, 16384 MiB, 99.83 W, 65
2026/09/17 20:50:40.654, 100 %, 41 %, 15714 MiB, 16384 MiB, 232.06 W, 67
2026/09/17 20:50:41.660, 100 %, 43 %, 15714 MiB, 16384 MiB, 126.11 W, 66
2026/09/17 20:50:42.662, 100 %, 40 %, 15714 MiB, 16384 MiB, 119.03 W, 66
2026/09/17 20:50:43.664, 100 %, 5 %, 15714 MiB, 16384 MiB, 151.30 W, 69
2026/09/17 20:50:44.668, 100 %, 43 %, 15714 MiB, 16384 MiB, 67.94 W, 67
2026/09/17 20:50:45.670, 100 %, 41 %, 15714 MiB, 16384 MiB, 200.77 W, 70
2026/09/17 20:50:46.673, 100 %, 1 %, 15714 MiB, 16384 MiB, 184.69 W, 67
2026/09/17 20:50:47.678, 100 %, 31 %, 15714 MiB, 16384 MiB, 99.79 W, 67
2026/09/17 20:50:48.680, 100 %, 3 %, 15714 MiB, 16384 MiB, 223.13 W, 66
2026/09/17 20:50:49.682, 100 %, 38 %, 15714 MiB, 16384 MiB, 142.87 W, 67
2026/09/17 20:50:50.684, 100 %, 46 %, 15714 MiB, 16384 MiB, 118.47 W, 67
2026/09/17 20:50:51.687, 100 %, 3 %, 15714 MiB, 16384 MiB, 118.86 W, 70
2026/09/17 20:50:52.690, 100 %, 44 %, 15714 MiB, 16384 MiB, 122.25 W, 68
2026/09/17 20:50:53.692, 100 %, 7 %, 15714 MiB, 16384 MiB, 157.80 W, 70
2026/09/17 20:50:54.699, 100 %, 16 %, 15714 MiB, 16384 MiB, 221.76 W, 68
2026/09/17 20:50:55.703, 100 %, 7 %, 15714 MiB, 16384 MiB, 127.66 W, 68
2026/09/17 20:50:56.705, 100 %, 26 %, 15714 MiB, 16384 MiB, 145.90 W, 68
2026/09/17 20:50:57.708, 100 %, 45 %, 15714 MiB, 16384 MiB, 114.17 W, 69
2026/09/17 20:50:58.710, 100 %, 26 %, 15714 MiB, 16384 MiB, 119.70 W, 71
2026/09/17 20:50:59.716, 100 %, 42 %, 15714 MiB, 16384 MiB, 66.84 W, 68
2026/09/17 20:51:00.718, 100 %, 20 %, 15714 MiB, 16384 MiB, 123.21 W, 72
2026/09/17 20:51:01.721, 100 %, 5 %, 15714 MiB, 16384 MiB, 247.88 W, 72
2026/09/17 20:51:02.725, 100 %, 47 %, 15714 MiB, 16384 MiB, 124.92 W, 70
2026/09/17 20:51:03.728, 100 %, 5 %, 15714 MiB, 16384 MiB, 120.23 W, 70
2026/09/17 20:51:04.730, 100 %, 43 %, 15714 MiB, 16384 MiB, 65.74 W, 69
2026/09/17 20:51:05.733, 100 %, 41 %, 15714 MiB, 16384 MiB, 119.45 W, 70
2026/09/17 20:51:06.735, 100 %, 0 %, 15714 MiB, 16384 MiB, 120.69 W, 73
2026/09/17 20:51:07.738, 100 %, 28 %, 15714 MiB, 16384 MiB, 66.09 W, 70
2026/09/17 20:51:08.740, 100 %, 1 %, 15714 MiB, 16384 MiB, 122.39 W, 70
2026/09/17 20:51:09.742, 100 %, 1 %, 15714 MiB, 16384 MiB, 123.04 W, 71
2026/09/17 20:51:10.744, 100 %, 4 %, 15714 MiB, 16384 MiB, 126.61 W, 71
2026/09/17 20:51:11.747, 100 %, 2 %, 15714 MiB, 16384 MiB, 123.53 W, 71
2026/09/17 20:51:12.749, 100 %, 0 %, 15714 MiB, 16384 MiB, 123.84 W, 71
2026/09/17 20:51:13.751, 100 %, 44 %, 15714 MiB, 16384 MiB, 214.65 W, 71
2026/09/17 20:51:14.756, 100 %, 5 %, 15714 MiB, 16384 MiB, 113.38 W, 71
2026/09/17 20:51:15.760, 100 %, 2 %, 15714 MiB, 16384 MiB, 121.27 W, 71
2026/09/17 20:51:16.762, 100 %, 0 %, 15714 MiB, 16384 MiB, 122.49 W, 71
2026/09/17 20:51:17.764, 100 %, 3 %, 15714 MiB, 16384 MiB, 125.12 W, 71
2026/09/17 20:51:18.767, 100 %, 0 %, 15714 MiB, 16384 MiB, 124.13 W, 72
2026/09/17 20:51:19.769, 100 %, 48 %, 15714 MiB, 16384 MiB, 249.03 W, 72
2026/09/17 20:51:20.772, 100 %, 10 %, 15714 MiB, 16384 MiB, 97.83 W, 72
2026/09/17 20:51:21.775, 100 %, 3 %, 15714 MiB, 16384 MiB, 122.63 W, 72
2026/09/17 20:51:22.777, 100 %, 6 %, 15714 MiB, 16384 MiB, 127.80 W, 72
2026/09/17 20:51:23.779, 100 %, 0 %, 15714 MiB, 16384 MiB, 124.49 W, 72
2026/09/17 20:51:24.781, 100 %, 0 %, 15714 MiB, 16384 MiB, 124.55 W, 72
2026/09/17 20:51:25.783, 100 %, 37 %, 15714 MiB, 16384 MiB, 235.73 W, 74
2026/09/17 20:51:26.789, 100 %, 46 %, 15714 MiB, 16384 MiB, 229.85 W, 73
2026/09/17 20:51:27.793, 100 %, 4 %, 15714 MiB, 16384 MiB, 126.23 W, 72
2026/09/17 20:51:28.795, 100 %, 0 %, 15714 MiB, 16384 MiB, 123.28 W, 72
2026/09/17 20:51:29.797, 100 %, 3 %, 15714 MiB, 16384 MiB, 123.81 W, 72
2026/09/17 20:51:30.800, 100 %, 0 %, 15714 MiB, 16384 MiB, 125.28 W, 72
2026/09/17 20:51:31.802, 100 %, 4 %, 15714 MiB, 16384 MiB, 216.82 W, 75
2026/09/17 20:51:32.828, 100 %, 44 %, 15714 MiB, 16384 MiB, 247.79 W, 74
2026/09/17 20:51:33.833, 100 %, 11 %, 15714 MiB, 16384 MiB, 125.11 W, 73
2026/09/17 20:51:34.836, 100 %, 0 %, 15714 MiB, 16384 MiB, 126.49 W, 73
2026/09/17 20:51:35.838, 100 %, 0 %, 15714 MiB, 16384 MiB, 126.88 W, 73
2026/09/17 20:51:36.840, 100 %, 4 %, 15714 MiB, 16384 MiB, 131.86 W, 73
2026/09/17 20:51:37.842, 100 %, 0 %, 15714 MiB, 16384 MiB, 129.50 W, 73
2026/09/17 20:51:38.845, 100 %, 0 %, 15714 MiB, 16384 MiB, 235.96 W, 75
2026/09/17 20:51:39.857, 100 %, 24 %, 15714 MiB, 16384 MiB, 68.71 W, 73
2026/09/17 20:51:40.860, 100 %, 45 %, 15714 MiB, 16384 MiB, 122.68 W, 73
2026/09/17 20:51:41.863, 100 %, 16 %, 15714 MiB, 16384 MiB, 131.73 W, 74
2026/09/17 20:51:42.865, 100 %, 0 %, 15714 MiB, 16384 MiB, 129.46 W, 73
2026/09/17 20:51:43.869, 100 %, 0 %, 15714 MiB, 16384 MiB, 130.22 W, 74
2026/09/17 20:51:44.871, 100 %, 0 %, 15714 MiB, 16384 MiB, 210.08 W, 77
2026/09/17 20:51:45.874, 100 %, 11 %, 15714 MiB, 16384 MiB, 216.42 W, 72
2026/09/17 20:51:46.876, 100 %, 30 %, 15714 MiB, 16384 MiB, 151.21 W, 74
2026/09/17 20:51:47.878, 100 %, 29 %, 15714 MiB, 16384 MiB, 130.06 W, 74
2026/09/17 20:51:48.882, 100 %, 3 %, 15714 MiB, 16384 MiB, 127.63 W, 74
2026/09/17 20:51:49.884, 100 %, 0 %, 15714 MiB, 16384 MiB, 128.53 W, 74
2026/09/17 20:51:50.886, 100 %, 5 %, 15714 MiB, 16384 MiB, 130.64 W, 74
2026/09/17 20:51:51.888, 100 %, 0 %, 15714 MiB, 16384 MiB, 130.44 W, 77
2026/09/17 20:51:52.892, 100 %, 16 %, 15714 MiB, 16384 MiB, 203.14 W, 74
2026/09/17 20:51:53.896, 100 %, 36 %, 15714 MiB, 16384 MiB, 121.49 W, 74
2026/09/17 20:51:54.899, 100 %, 23 %, 15714 MiB, 16384 MiB, 125.14 W, 74
2026/09/17 20:51:55.901, 100 %, 6 %, 15714 MiB, 16384 MiB, 133.51 W, 74
2026/09/17 20:51:56.903, 100 %, 0 %, 15714 MiB, 16384 MiB, 130.79 W, 74
2026/09/17 20:51:57.905, 100 %, 0 %, 15714 MiB, 16384 MiB, 130.70 W, 74
2026/09/17 20:51:58.908, 100 %, 3 %, 15714 MiB, 16384 MiB, 256.52 W, 74
2026/09/17 20:51:59.912, 100 %, 43 %, 15714 MiB, 16384 MiB, 107.05 W, 74
2026/09/17 20:52:00.914, 100 %, 38 %, 15714 MiB, 16384 MiB, 125.48 W, 74
2026/09/17 20:52:01.917, 100 %, 6 %, 15714 MiB, 16384 MiB, 133.10 W, 75
2026/09/17 20:52:02.919, 100 %, 0 %, 15714 MiB, 16384 MiB, 131.46 W, 74
2026/09/17 20:52:03.921, 100 %, 0 %, 15714 MiB, 16384 MiB, 131.12 W, 74
2026/09/17 20:52:04.923, 100 %, 1 %, 15714 MiB, 16384 MiB, 228.25 W, 76
2026/09/17 20:52:05.930, 100 %, 5 %, 15714 MiB, 16384 MiB, 245.60 W, 75
2026/09/17 20:52:06.936, 100 %, 47 %, 15714 MiB, 16384 MiB, 127.83 W, 75
2026/09/17 20:52:07.938, 100 %, 4 %, 15714 MiB, 16384 MiB, 127.68 W, 74
2026/09/17 20:52:08.940, 100 %, 1 %, 15714 MiB, 16384 MiB, 128.53 W, 74
2026/09/17 20:52:09.942, 100 %, 6 %, 15714 MiB, 16384 MiB, 134.21 W, 75
2026/09/17 20:52:10.944, 100 %, 0 %, 15714 MiB, 16384 MiB, 131.40 W, 75
2026/09/17 20:52:11.946, 100 %, 0 %, 15714 MiB, 16384 MiB, 240.66 W, 76
2026/09/17 20:52:12.953, 100 %, 45 %, 15714 MiB, 16384 MiB, 121.73 W, 75
2026/09/17 20:52:13.955, 100 %, 5 %, 15714 MiB, 16384 MiB, 128.09 W, 75
2026/09/17 20:52:14.957, 100 %, 2 %, 15714 MiB, 16384 MiB, 128.52 W, 75
2026/09/17 20:52:15.959, 100 %, 6 %, 15714 MiB, 16384 MiB, 133.61 W, 75
2026/09/17 20:52:16.961, 100 %, 0 %, 15714 MiB, 16384 MiB, 131.87 W, 75
2026/09/17 20:52:17.963, 100 %, 0 %, 15714 MiB, 16384 MiB, 214.60 W, 78
2026/09/17 20:52:18.970, 100 %, 2 %, 15714 MiB, 16384 MiB, 236.62 W, 77
2026/09/17 20:52:19.978, 100 %, 25 %, 15714 MiB, 16384 MiB, 68.87 W, 75
2026/09/17 20:52:20.980, 100 %, 3 %, 15714 MiB, 16384 MiB, 129.50 W, 77
2026/09/17 20:52:21.983, 100 %, 40 %, 15714 MiB, 16384 MiB, 245.03 W, 75
2026/09/17 20:52:22.987, 100 %, 6 %, 15714 MiB, 16384 MiB, 125.29 W, 75
2026/09/17 20:52:23.990, 100 %, 46 %, 15714 MiB, 16384 MiB, 251.71 W, 74
2026/09/17 20:52:24.993, 100 %, 46 %, 15714 MiB, 16384 MiB, 125.58 W, 75
2026/09/17 20:52:25.995, 100 %, 14 %, 15714 MiB, 16384 MiB, 122.93 W, 75
2026/09/17 20:52:26.998, 100 %, 4 %, 15714 MiB, 16384 MiB, 142.32 W, 77
2026/09/17 20:52:28.000, 100 %, 7 %, 15714 MiB, 16384 MiB, 69.79 W, 75
2026/09/17 20:52:29.002, 100 %, 11 %, 15714 MiB, 16384 MiB, 167.54 W, 77
2026/09/17 20:52:30.007, 100 %, 46 %, 15714 MiB, 16384 MiB, 226.66 W, 75
2026/09/17 20:52:31.010, 100 %, 5 %, 15714 MiB, 16384 MiB, 139.74 W, 75
2026/09/17 20:52:32.012, 100 %, 43 %, 15714 MiB, 16384 MiB, 171.07 W, 74
2026/09/17 20:52:33.016, 100 %, 33 %, 15714 MiB, 16384 MiB, 114.09 W, 75
2026/09/17 20:52:34.018, 100 %, 3 %, 15714 MiB, 16384 MiB, 125.85 W, 75
2026/09/17 20:52:35.020, 100 %, 25 %, 15714 MiB, 16384 MiB, 226.34 W, 77
2026/09/17 20:52:36.031, 100 %, 3 %, 15714 MiB, 16384 MiB, 129.89 W, 75
2026/09/17 20:52:37.034, 100 %, 33 %, 15714 MiB, 16384 MiB, 234.80 W, 77
2026/09/17 20:52:38.043, 100 %, 0 %, 15714 MiB, 16384 MiB, 139.21 W, 75
2026/09/17 20:52:39.045, 100 %, 21 %, 15714 MiB, 16384 MiB, 126.18 W, 75
2026/09/17 20:52:40.047, 100 %, 4 %, 15714 MiB, 16384 MiB, 242.45 W, 74
2026/09/17 20:52:41.052, 100 %, 37 %, 15714 MiB, 16384 MiB, 129.23 W, 75
2026/09/17 20:52:42.057, 100 %, 47 %, 15714 MiB, 16384 MiB, 124.45 W, 76
2026/09/17 20:52:43.059, 100 %, 35 %, 15714 MiB, 16384 MiB, 66.64 W, 74
2026/09/17 20:52:44.061, 100 %, 48 %, 15714 MiB, 16384 MiB, 125.99 W, 76
2026/09/17 20:52:45.064, 100 %, 13 %, 15714 MiB, 16384 MiB, 169.36 W, 77
2026/09/17 20:52:46.067, 100 %, 5 %, 15714 MiB, 16384 MiB, 236.43 W, 75
2026/09/17 20:52:47.069, 100 %, 7 %, 15714 MiB, 16384 MiB, 144.21 W, 75
2026/09/17 20:52:48.071, 100 %, 18 %, 15714 MiB, 16384 MiB, 168.44 W, 74
2026/09/17 20:52:49.074, 100 %, 45 %, 15714 MiB, 16384 MiB, 112.91 W, 75
2026/09/17 20:52:50.076, 100 %, 5 %, 15714 MiB, 16384 MiB, 129.29 W, 75
2026/09/17 20:52:51.078, 100 %, 44 %, 15714 MiB, 16384 MiB, 68.90 W, 74
2026/09/17 20:52:52.080, 100 %, 43 %, 15714 MiB, 16384 MiB, 127.17 W, 75
2026/09/17 20:52:53.083, 100 %, 4 %, 15714 MiB, 16384 MiB, 129.81 W, 75
2026/09/17 20:52:54.085, 100 %, 1 %, 15714 MiB, 16384 MiB, 129.79 W, 75
2026/09/17 20:52:55.090, 100 %, 6 %, 15714 MiB, 16384 MiB, 132.01 W, 76
2026/09/17 20:52:56.092, 100 %, 0 %, 15714 MiB, 16384 MiB, 131.19 W, 75
2026/09/17 20:52:57.094, 100 %, 1 %, 15714 MiB, 16384 MiB, 255.80 W, 77
2026/09/17 20:52:58.097, 100 %, 44 %, 15714 MiB, 16384 MiB, 105.03 W, 75
2026/09/17 20:52:59.099, 100 %, 43 %, 15714 MiB, 16384 MiB, 112.91 W, 75
2026/09/17 20:53:00.101, 100 %, 2 %, 15714 MiB, 16384 MiB, 128.46 W, 75
2026/09/17 20:53:01.103, 100 %, 6 %, 15714 MiB, 16384 MiB, 135.00 W, 76
2026/09/17 20:53:02.106, 100 %, 0 %, 15714 MiB, 16384 MiB, 131.43 W, 75
2026/09/17 20:53:03.108, 100 %, 0 %, 15714 MiB, 16384 MiB, 131.12 W, 79
2026/09/17 20:53:04.111, 100 %, 40 %, 15714 MiB, 16384 MiB, 152.32 W, 74
2026/09/17 20:53:05.113, 100 %, 44 %, 15714 MiB, 16384 MiB, 132.54 W, 75
2026/09/17 20:53:06.115, 100 %, 5 %, 15714 MiB, 16384 MiB, 132.32 W, 75
2026/09/17 20:53:07.119, 100 %, 0 %, 15714 MiB, 16384 MiB, 129.35 W, 75
2026/09/17 20:53:08.121, 100 %, 0 %, 15714 MiB, 16384 MiB, 129.88 W, 75
2026/09/17 20:53:09.123, 100 %, 1 %, 15714 MiB, 16384 MiB, 131.45 W, 75
2026/09/17 20:53:10.125, 100 %, 0 %, 15714 MiB, 16384 MiB, 131.43 W, 78
2026/09/17 20:53:11.130, 100 %, 47 %, 15714 MiB, 16384 MiB, 163.49 W, 75
2026/09/17 20:53:12.133, 100 %, 5 %, 15714 MiB, 16384 MiB, 128.97 W, 75
2026/09/17 20:53:13.135, 100 %, 2 %, 15714 MiB, 16384 MiB, 127.17 W, 75
2026/09/17 20:53:14.137, 100 %, 0 %, 15714 MiB, 16384 MiB, 129.07 W, 75
2026/09/17 20:53:15.139, 100 %, 3 %, 15714 MiB, 16384 MiB, 132.29 W, 75
2026/09/17 20:53:16.141, 100 %, 0 %, 15714 MiB, 16384 MiB, 131.60 W, 75
2026/09/17 20:53:17.144, 100 %, 43 %, 15714 MiB, 16384 MiB, 243.83 W, 76
2026/09/17 20:53:18.147, 100 %, 12 %, 15714 MiB, 16384 MiB, 110.43 W, 75
2026/09/17 20:53:19.151, 100 %, 3 %, 15714 MiB, 16384 MiB, 125.29 W, 75
2026/09/17 20:53:20.153, 100 %, 6 %, 15714 MiB, 16384 MiB, 133.16 W, 75
2026/09/17 20:53:21.156, 100 %, 0 %, 15714 MiB, 16384 MiB, 131.16 W, 75
2026/09/17 20:53:22.158, 100 %, 0 %, 15714 MiB, 16384 MiB, 131.31 W, 75
2026/09/17 20:53:23.160, 100 %, 22 %, 15714 MiB, 16384 MiB, 229.60 W, 77
2026/09/17 20:53:24.164, 100 %, 43 %, 15714 MiB, 16384 MiB, 244.14 W, 76
2026/09/17 20:53:25.171, 100 %, 13 %, 15714 MiB, 16384 MiB, 127.78 W, 75
2026/09/17 20:53:26.173, 100 %, 0 %, 15714 MiB, 16384 MiB, 127.72 W, 75
2026/09/17 20:53:27.175, 100 %, 0 %, 15714 MiB, 16384 MiB, 128.30 W, 75
2026/09/17 20:53:28.177, 100 %, 0 %, 15714 MiB, 16384 MiB, 131.22 W, 75
2026/09/17 20:53:29.179, 100 %, 12 %, 15714 MiB, 16384 MiB, 191.42 W, 79
2026/09/17 20:53:30.183, 100 %, 28 %, 15714 MiB, 16384 MiB, 240.19 W, 77
2026/09/17 20:53:31.188, 100 %, 29 %, 15714 MiB, 16384 MiB, 121.48 W, 75
2026/09/17 20:53:32.194, 100 %, 3 %, 15714 MiB, 16384 MiB, 128.20 W, 75
2026/09/17 20:53:33.198, 100 %, 0 %, 15714 MiB, 16384 MiB, 128.30 W, 75
2026/09/17 20:53:34.200, 100 %, 6 %, 15714 MiB, 16384 MiB, 134.62 W, 75
2026/09/17 20:53:35.202, 100 %, 0 %, 15714 MiB, 16384 MiB, 131.41 W, 75
2026/09/17 20:53:36.204, 100 %, 0 %, 15714 MiB, 16384 MiB, 131.64 W, 78
2026/09/17 20:53:37.208, 100 %, 4 %, 15714 MiB, 16384 MiB, 204.16 W, 74
2026/09/17 20:53:38.210, 100 %, 24 %, 15714 MiB, 16384 MiB, 155.35 W, 75
2026/09/17 20:53:39.215, 100 %, 38 %, 15714 MiB, 16384 MiB, 130.30 W, 75
2026/09/17 20:53:40.217, 100 %, 3 %, 15714 MiB, 16384 MiB, 129.49 W, 75
2026/09/17 20:53:41.219, 100 %, 0 %, 15714 MiB, 16384 MiB, 129.28 W, 75
2026/09/17 20:53:42.221, 100 %, 0 %, 15714 MiB, 16384 MiB, 131.50 W, 75
2026/09/17 20:53:43.224, 100 %, 1 %, 15714 MiB, 16384 MiB, 243.55 W, 74
2026/09/17 20:53:44.227, 100 %, 6 %, 15714 MiB, 16384 MiB, 212.27 W, 75
2026/09/17 20:53:45.232, 100 %, 45 %, 15714 MiB, 16384 MiB, 128.88 W, 75
2026/09/17 20:53:46.235, 100 %, 4 %, 15714 MiB, 16384 MiB, 128.48 W, 75
2026/09/17 20:53:47.237, 100 %, 1 %, 15714 MiB, 16384 MiB, 129.21 W, 75
2026/09/17 20:53:48.239, 100 %, 6 %, 15714 MiB, 16384 MiB, 132.45 W, 75
2026/09/17 20:53:49.242, 100 %, 0 %, 15714 MiB, 16384 MiB, 131.39 W, 75
2026/09/17 20:53:50.244, 100 %, 0 %, 15714 MiB, 16384 MiB, 247.36 W, 75
2026/09/17 20:53:51.248, 100 %, 43 %, 15714 MiB, 16384 MiB, 97.12 W, 75
2026/09/17 20:53:52.250, 100 %, 47 %, 15714 MiB, 16384 MiB, 125.64 W, 75
2026/09/17 20:53:53.252, 100 %, 6 %, 15714 MiB, 16384 MiB, 133.43 W, 75
2026/09/17 20:53:54.255, 100 %, 0 %, 15714 MiB, 16384 MiB, 131.35 W, 75
2026/09/17 20:53:55.258, 100 %, 0 %, 15714 MiB, 16384 MiB, 131.39 W, 75
2026/09/17 20:53:56.260, 100 %, 0 %, 15714 MiB, 16384 MiB, 217.70 W, 77
2026/09/17 20:53:57.265, 100 %, 42 %, 15714 MiB, 16384 MiB, 67.33 W, 75
2026/09/17 20:53:58.269, 100 %, 47 %, 15714 MiB, 16384 MiB, 123.09 W, 75
2026/09/17 20:53:59.272, 100 %, 5 %, 15714 MiB, 16384 MiB, 132.88 W, 75
2026/09/17 20:54:00.274, 100 %, 0 %, 15714 MiB, 16384 MiB, 130.91 W, 75
2026/09/17 20:54:01.276, 100 %, 0 %, 15714 MiB, 16384 MiB, 131.26 W, 75
2026/09/17 20:54:02.278, 2 %, 3 %, 15714 MiB, 16384 MiB, 67.60 W, 73
2026/09/17 20:54:03.280, 100 %, 8 %, 15714 MiB, 16384 MiB, 72.22 W, 73
2026/09/17 20:54:04.283, 1 %, 2 %, 15714 MiB, 16384 MiB, 80.79 W, 73
2026/09/17 20:54:05.285, 100 %, 8 %, 15714 MiB, 16384 MiB, 69.74 W, 72
2026/09/17 20:54:06.287, 100 %, 8 %, 15714 MiB, 16384 MiB, 71.01 W, 72
2026/09/17 20:54:07.289, 2 %, 2 %, 15714 MiB, 16384 MiB, 75.97 W, 72
2026/09/17 20:54:08.292, 72 %, 4 %, 15714 MiB, 16384 MiB, 80.70 W, 71
2026/09/17 20:54:09.295, 100 %, 5 %, 15714 MiB, 16384 MiB, 79.62 W, 71
2026/09/17 20:54:10.299, 50 %, 9 %, 15714 MiB, 16384 MiB, 70.54 W, 71
2026/09/17 20:54:11.302, 69 %, 9 %, 15714 MiB, 16384 MiB, 70.93 W, 71
2026/09/17 20:54:12.306, 44 %, 8 %, 15714 MiB, 16384 MiB, 76.00 W, 70
2026/09/17 20:54:13.308, 100 %, 6 %, 15714 MiB, 16384 MiB, 74.32 W, 70
2026/09/17 20:54:14.313, 84 %, 10 %, 15714 MiB, 16384 MiB, 74.31 W, 70
2026/09/17 20:54:15.315, 61 %, 9 %, 15714 MiB, 16384 MiB, 73.03 W, 70
2026/09/17 20:54:16.318, 100 %, 8 %, 15714 MiB, 16384 MiB, 68.50 W, 69
2026/09/17 20:54:17.320, 100 %, 5 %, 15714 MiB, 16384 MiB, 70.11 W, 69
2026/09/17 20:54:18.322, 83 %, 12 %, 15714 MiB, 16384 MiB, 68.33 W, 69
2026/09/17 20:54:19.325, 100 %, 8 %, 15714 MiB, 16384 MiB, 68.20 W, 69
2026/09/17 20:54:20.330, 100 %, 6 %, 15714 MiB, 16384 MiB, 69.82 W, 69
2026/09/17 20:54:21.332, 79 %, 11 %, 15714 MiB, 16384 MiB, 67.41 W, 68
2026/09/17 20:54:22.335, 90 %, 5 %, 15714 MiB, 16384 MiB, 76.61 W, 68
2026/09/17 20:54:23.338, 100 %, 6 %, 15714 MiB, 16384 MiB, 76.19 W, 68
2026/09/17 20:54:24.340, 100 %, 8 %, 15714 MiB, 16384 MiB, 67.89 W, 68
2026/09/17 20:54:25.342, 81 %, 9 %, 15714 MiB, 16384 MiB, 73.16 W, 68
2026/09/17 20:54:26.344, 65 %, 9 %, 15714 MiB, 16384 MiB, 73.19 W, 68
2026/09/17 20:54:27.347, 100 %, 8 %, 15714 MiB, 16384 MiB, 65.74 W, 67
2026/09/17 20:54:28.349, 100 %, 8 %, 15714 MiB, 16384 MiB, 67.09 W, 67
2026/09/17 20:54:29.352, 100 %, 8 %, 15714 MiB, 16384 MiB, 67.75 W, 67
2026/09/17 20:54:30.356, 50 %, 9 %, 15714 MiB, 16384 MiB, 69.05 W, 67
2026/09/17 20:54:31.359, 23 %, 3 %, 15714 MiB, 16384 MiB, 79.05 W, 67
2026/09/17 20:54:32.362, 89 %, 5 %, 15714 MiB, 16384 MiB, 75.58 W, 66
2026/09/17 20:54:33.366, 100 %, 8 %, 15714 MiB, 16384 MiB, 67.06 W, 66
2026/09/17 20:54:34.369, 100 %, 10 %, 15714 MiB, 16384 MiB, 72.35 W, 66
2026/09/17 20:54:35.372, 77 %, 11 %, 15714 MiB, 16384 MiB, 66.01 W, 66
2026/09/17 20:54:36.375, 86 %, 5 %, 15714 MiB, 16384 MiB, 75.62 W, 66
2026/09/17 20:54:37.379, 100 %, 8 %, 15714 MiB, 16384 MiB, 76.34 W, 66
2026/09/17 20:54:38.382, 100 %, 8 %, 15714 MiB, 16384 MiB, 67.85 W, 66
2026/09/17 20:54:39.386, 98 %, 10 %, 15714 MiB, 16384 MiB, 66.16 W, 65
2026/09/17 20:54:40.388, 78 %, 9 %, 15714 MiB, 16384 MiB, 66.38 W, 65
2026/09/17 20:54:41.391, 81 %, 5 %, 15714 MiB, 16384 MiB, 65.41 W, 65
2026/09/17 20:54:42.393, 100 %, 8 %, 15714 MiB, 16384 MiB, 66.61 W, 65
2026/09/17 20:54:43.395, 100 %, 8 %, 15714 MiB, 16384 MiB, 66.60 W, 65
2026/09/17 20:54:44.398, 67 %, 9 %, 15714 MiB, 16384 MiB, 66.39 W, 65
2026/09/17 20:54:45.400, 17 %, 8 %, 15714 MiB, 16384 MiB, 74.66 W, 65
2026/09/17 20:54:46.402, 63 %, 4 %, 15714 MiB, 16384 MiB, 63.36 W, 64
2026/09/17 20:54:47.405, 100 %, 8 %, 15714 MiB, 16384 MiB, 70.76 W, 64
2026/09/17 20:54:48.407, 100 %, 8 %, 15714 MiB, 16384 MiB, 72.41 W, 64
2026/09/17 20:54:49.409, 83 %, 11 %, 15714 MiB, 16384 MiB, 71.25 W, 64
2026/09/17 20:54:50.412, 85 %, 5 %, 15714 MiB, 16384 MiB, 64.49 W, 64
2026/09/17 20:54:51.414, 100 %, 8 %, 15714 MiB, 16384 MiB, 65.81 W, 64
2026/09/17 20:54:52.419, 100 %, 8 %, 15714 MiB, 16384 MiB, 71.18 W, 64
2026/09/17 20:54:53.422, 90 %, 10 %, 15714 MiB, 16384 MiB, 65.82 W, 64
2026/09/17 20:54:54.424, 66 %, 9 %, 15714 MiB, 16384 MiB, 65.70 W, 64
2026/09/17 20:54:55.427, 86 %, 5 %, 15714 MiB, 16384 MiB, 66.20 W, 64
2026/09/17 20:54:56.429, 100 %, 8 %, 15714 MiB, 16384 MiB, 67.19 W, 63
2026/09/17 20:54:57.431, 100 %, 8 %, 15714 MiB, 16384 MiB, 65.64 W, 63
2026/09/17 20:54:58.434, 75 %, 10 %, 15714 MiB, 16384 MiB, 65.36 W, 63
2026/09/17 20:54:59.436, 32 %, 8 %, 15714 MiB, 16384 MiB, 74.96 W, 63
2026/09/17 20:55:00.438, 56 %, 9 %, 15714 MiB, 16384 MiB, 73.46 W, 63
2026/09/17 20:55:01.440, 100 %, 8 %, 15714 MiB, 16384 MiB, 65.46 W, 63
2026/09/17 20:55:02.443, 100 %, 8 %, 15714 MiB, 16384 MiB, 70.13 W, 63
2026/09/17 20:55:03.445, 100 %, 7 %, 15714 MiB, 16384 MiB, 68.83 W, 63
2026/09/17 20:55:04.448, 69 %, 9 %, 15714 MiB, 16384 MiB, 73.14 W, 63
2026/09/17 20:55:05.450, 82 %, 4 %, 15714 MiB, 16384 MiB, 63.18 W, 63
2026/09/17 20:55:06.453, 100 %, 8 %, 15714 MiB, 16384 MiB, 64.98 W, 63
2026/09/17 20:55:07.456, 100 %, 8 %, 15714 MiB, 16384 MiB, 71.46 W, 62
2026/09/17 20:55:08.459, 100 %, 8 %, 15714 MiB, 16384 MiB, 71.49 W, 62
2026/09/17 20:55:09.461, 50 %, 4 %, 15714 MiB, 16384 MiB, 61.74 W, 62
2026/09/17 20:55:10.464, 97 %, 5 %, 15714 MiB, 16384 MiB, 64.19 W, 63
2026/09/17 20:55:11.467, 100 %, 6 %, 15714 MiB, 16384 MiB, 64.86 W, 63
2026/09/17 20:55:12.471, 100 %, 5 %, 15714 MiB, 16384 MiB, 70.09 W, 62
2026/09/17 20:55:13.473, 62 %, 9 %, 15714 MiB, 16384 MiB, 64.88 W, 63
2026/09/17 20:55:14.478, 54 %, 8 %, 15714 MiB, 16384 MiB, 75.83 W, 62
2026/09/17 20:55:15.480, 100 %, 8 %, 15714 MiB, 16384 MiB, 65.71 W, 62
2026/09/17 20:55:16.484, 100 %, 8 %, 15714 MiB, 16384 MiB, 64.17 W, 62
2026/09/17 20:55:17.489, 100 %, 7 %, 15714 MiB, 16384 MiB, 64.06 W, 62
2026/09/17 20:55:18.494, 70 %, 9 %, 15714 MiB, 16384 MiB, 63.12 W, 62
2026/09/17 20:55:19.499, 68 %, 9 %, 15714 MiB, 16384 MiB, 74.47 W, 62
2026/09/17 20:55:20.504, 100 %, 8 %, 15714 MiB, 16384 MiB, 64.49 W, 62
2026/09/17 20:55:21.508, 100 %, 8 %, 15714 MiB, 16384 MiB, 64.34 W, 62
2026/09/17 20:55:22.511, 100 %, 8 %, 15714 MiB, 16384 MiB, 70.72 W, 62
2026/09/17 20:55:23.513, 42 %, 9 %, 15714 MiB, 16384 MiB, 75.20 W, 62
2026/09/17 20:55:24.517, 59 %, 6 %, 15714 MiB, 16384 MiB, 73.89 W, 62
2026/09/17 20:55:25.520, 76 %, 5 %, 15714 MiB, 16384 MiB, 61.99 W, 62
2026/09/17 20:55:26.524, 100 %, 8 %, 15714 MiB, 16384 MiB, 70.42 W, 62
2026/09/17 20:55:27.527, 100 %, 5 %, 15714 MiB, 16384 MiB, 127.75 W, 63
2026/09/17 20:55:28.529, 100 %, 42 %, 15714 MiB, 16384 MiB, 195.37 W, 63
2026/09/17 20:55:29.532, 100 %, 40 %, 15714 MiB, 16384 MiB, 108.15 W, 64
2026/09/17 20:55:30.534, 100 %, 6 %, 15714 MiB, 16384 MiB, 115.91 W, 68
2026/09/17 20:55:31.537, 100 %, 34 %, 15714 MiB, 16384 MiB, 63.10 W, 65
2026/09/17 20:55:32.539, 100 %, 3 %, 15714 MiB, 16384 MiB, 120.40 W, 68
2026/09/17 20:55:33.543, 100 %, 32 %, 15714 MiB, 16384 MiB, 251.29 W, 65
2026/09/17 20:55:34.546, 100 %, 42 %, 15714 MiB, 16384 MiB, 127.17 W, 66
2026/09/17 20:55:35.548, 100 %, 3 %, 15714 MiB, 16384 MiB, 118.52 W, 66
2026/09/17 20:55:36.550, 100 %, 45 %, 15714 MiB, 16384 MiB, 62.64 W, 65
2026/09/17 20:55:37.552, 100 %, 7 %, 15714 MiB, 16384 MiB, 116.87 W, 66
2026/09/17 20:55:38.555, 100 %, 11 %, 15714 MiB, 16384 MiB, 222.10 W, 69
2026/09/17 20:55:39.559, 100 %, 6 %, 15714 MiB, 16384 MiB, 117.21 W, 66
2026/09/17 20:55:40.562, 100 %, 35 %, 15714 MiB, 16384 MiB, 245.29 W, 67
2026/09/17 20:55:41.565, 100 %, 46 %, 15714 MiB, 16384 MiB, 120.90 W, 67
2026/09/17 20:55:42.567, 100 %, 18 %, 15714 MiB, 16384 MiB, 117.01 W, 67
2026/09/17 20:55:43.569, 100 %, 3 %, 15714 MiB, 16384 MiB, 187.54 W, 71
2026/09/17 20:55:44.578, 100 %, 8 %, 15714 MiB, 16384 MiB, 107.27 W, 68
2026/09/17 20:55:45.580, 100 %, 11 %, 15714 MiB, 16384 MiB, 116.72 W, 71
2026/09/17 20:55:46.583, 100 %, 45 %, 15714 MiB, 16384 MiB, 218.84 W, 68
2026/09/17 20:55:47.588, 100 %, 5 %, 15714 MiB, 16384 MiB, 104.28 W, 68
2026/09/17 20:55:48.590, 100 %, 6 %, 15714 MiB, 16384 MiB, 233.82 W, 68
2026/09/17 20:55:49.592, 100 %, 19 %, 15714 MiB, 16384 MiB, 135.86 W, 69
2026/09/17 20:55:50.595, 100 %, 45 %, 15714 MiB, 16384 MiB, 115.62 W, 69
2026/09/17 20:55:51.597, 100 %, 29 %, 15714 MiB, 16384 MiB, 84.16 W, 68
2026/09/17 20:55:52.599, 100 %, 44 %, 15714 MiB, 16384 MiB, 116.93 W, 69
2026/09/17 20:55:53.602, 100 %, 34 %, 15714 MiB, 16384 MiB, 128.47 W, 72
2026/09/17 20:55:54.605, 100 %, 0 %, 15714 MiB, 16384 MiB, 250.47 W, 70
2026/09/17 20:55:55.609, 100 %, 20 %, 15714 MiB, 16384 MiB, 136.99 W, 69
2026/09/17 20:55:56.611, 100 %, 5 %, 15714 MiB, 16384 MiB, 182.43 W, 69
2026/09/17 20:55:57.616, 100 %, 42 %, 15714 MiB, 16384 MiB, 109.55 W, 70
2026/09/17 20:55:58.618, 100 %, 5 %, 15714 MiB, 16384 MiB, 122.19 W, 70
2026/09/17 20:55:59.620, 100 %, 45 %, 15714 MiB, 16384 MiB, 64.81 W, 69
2026/09/17 20:56:00.623, 100 %, 50 %, 15714 MiB, 16384 MiB, 123.32 W, 70
2026/09/17 20:56:01.625, 100 %, 7 %, 15714 MiB, 16384 MiB, 124.14 W, 70
2026/09/17 20:56:02.627, 100 %, 1 %, 15714 MiB, 16384 MiB, 122.31 W, 71
2026/09/17 20:56:03.629, 100 %, 6 %, 15714 MiB, 16384 MiB, 125.23 W, 71
2026/09/17 20:56:04.633, 100 %, 0 %, 15714 MiB, 16384 MiB, 124.80 W, 71
2026/09/17 20:56:05.635, 100 %, 0 %, 15714 MiB, 16384 MiB, 253.55 W, 73
2026/09/17 20:56:06.639, 100 %, 44 %, 15714 MiB, 16384 MiB, 92.55 W, 71
2026/09/17 20:56:07.641, 100 %, 48 %, 15714 MiB, 16384 MiB, 111.34 W, 71
2026/09/17 20:56:08.643, 100 %, 2 %, 15714 MiB, 16384 MiB, 122.21 W, 71
2026/09/17 20:56:09.645, 100 %, 6 %, 15714 MiB, 16384 MiB, 128.47 W, 71
2026/09/17 20:56:10.648, 100 %, 0 %, 15714 MiB, 16384 MiB, 124.88 W, 71
2026/09/17 20:56:11.650, 100 %, 0 %, 15714 MiB, 16384 MiB, 125.14 W, 74
2026/09/17 20:56:12.653, 100 %, 43 %, 15714 MiB, 16384 MiB, 135.37 W, 70
2026/09/17 20:56:13.655, 100 %, 45 %, 15714 MiB, 16384 MiB, 125.96 W, 72
2026/09/17 20:56:14.657, 100 %, 5 %, 15714 MiB, 16384 MiB, 126.41 W, 72
2026/09/17 20:56:15.659, 100 %, 0 %, 15714 MiB, 16384 MiB, 123.72 W, 72
2026/09/17 20:56:16.663, 100 %, 0 %, 15714 MiB, 16384 MiB, 124.09 W, 72
2026/09/17 20:56:17.665, 100 %, 2 %, 15714 MiB, 16384 MiB, 125.84 W, 74
2026/09/17 20:56:18.668, 100 %, 0 %, 15714 MiB, 16384 MiB, 125.81 W, 76
2026/09/17 20:56:19.670, 100 %, 48 %, 15714 MiB, 16384 MiB, 146.97 W, 72
2026/09/17 20:56:20.673, 100 %, 5 %, 15714 MiB, 16384 MiB, 136.12 W, 72
2026/09/17 20:56:21.675, 100 %, 2 %, 15714 MiB, 16384 MiB, 123.09 W, 72
2026/09/17 20:56:22.677, 100 %, 0 %, 15714 MiB, 16384 MiB, 124.32 W, 72
2026/09/17 20:56:23.679, 100 %, 3 %, 15714 MiB, 16384 MiB, 126.49 W, 73
2026/09/17 20:56:24.682, 100 %, 0 %, 15714 MiB, 16384 MiB, 126.30 W, 73
2026/09/17 20:56:25.684, 100 %, 45 %, 15714 MiB, 16384 MiB, 174.74 W, 73
2026/09/17 20:56:26.688, 100 %, 10 %, 15714 MiB, 16384 MiB, 126.11 W, 73
2026/09/17 20:56:27.690, 100 %, 3 %, 15714 MiB, 16384 MiB, 122.38 W, 73
2026/09/17 20:56:28.693, 100 %, 6 %, 15714 MiB, 16384 MiB, 129.24 W, 73
2026/09/17 20:56:29.695, 100 %, 0 %, 15714 MiB, 16384 MiB, 126.35 W, 73
2026/09/17 20:56:30.697, 100 %, 0 %, 15714 MiB, 16384 MiB, 126.51 W, 73
2026/09/17 20:56:31.699, 100 %, 29 %, 15714 MiB, 16384 MiB, 226.00 W, 73
2026/09/17 20:56:32.703, 100 %, 42 %, 15714 MiB, 16384 MiB, 154.35 W, 73
2026/09/17 20:56:33.707, 100 %, 7 %, 15714 MiB, 16384 MiB, 125.87 W, 73
2026/09/17 20:56:34.710, 100 %, 0 %, 15714 MiB, 16384 MiB, 124.39 W, 73
2026/09/17 20:56:35.712, 100 %, 0 %, 15714 MiB, 16384 MiB, 124.94 W, 73
2026/09/17 20:56:36.714, 100 %, 0 %, 15714 MiB, 16384 MiB, 127.11 W, 73
2026/09/17 20:56:37.716, 100 %, 22 %, 15714 MiB, 16384 MiB, 232.10 W, 75
2026/09/17 20:56:38.726, 100 %, 38 %, 15714 MiB, 16384 MiB, 213.81 W, 74
2026/09/17 20:56:39.729, 100 %, 23 %, 15714 MiB, 16384 MiB, 123.33 W, 73
2026/09/17 20:56:40.731, 100 %, 3 %, 15714 MiB, 16384 MiB, 122.43 W, 73
2026/09/17 20:56:41.733, 100 %, 0 %, 15714 MiB, 16384 MiB, 122.34 W, 73
2026/09/17 20:56:42.735, 100 %, 6 %, 15714 MiB, 16384 MiB, 128.85 W, 74
2026/09/17 20:56:43.737, 100 %, 0 %, 15714 MiB, 16384 MiB, 125.32 W, 73
2026/09/17 20:56:44.740, 100 %, 3 %, 15714 MiB, 16384 MiB, 125.48 W, 77
2026/09/17 20:56:45.742, 100 %, 36 %, 15714 MiB, 16384 MiB, 206.40 W, 72
2026/09/17 20:56:46.745, 100 %, 41 %, 15714 MiB, 16384 MiB, 154.68 W, 74
2026/09/17 20:56:47.749, 100 %, 6 %, 15714 MiB, 16384 MiB, 125.06 W, 74
2026/09/17 20:56:48.752, 100 %, 0 %, 15714 MiB, 16384 MiB, 123.19 W, 74
2026/09/17 20:56:49.754, 100 %, 0 %, 15714 MiB, 16384 MiB, 123.28 W, 74
2026/09/17 20:56:50.756, 100 %, 0 %, 15714 MiB, 16384 MiB, 125.42 W, 74
2026/09/17 20:56:51.758, 100 %, 3 %, 15714 MiB, 16384 MiB, 204.65 W, 74
2026/09/17 20:56:52.762, 100 %, 0 %, 15714 MiB, 16384 MiB, 234.26 W, 74
2026/09/17 20:56:53.766, 100 %, 50 %, 15714 MiB, 16384 MiB, 118.63 W, 74
2026/09/17 20:56:54.768, 100 %, 10 %, 15714 MiB, 16384 MiB, 122.99 W, 74
2026/09/17 20:56:55.770, 100 %, 3 %, 15714 MiB, 16384 MiB, 122.64 W, 74
2026/09/17 20:56:56.773, 100 %, 6 %, 15714 MiB, 16384 MiB, 129.44 W, 74
2026/09/17 20:56:57.775, 100 %, 0 %, 15714 MiB, 16384 MiB, 126.20 W, 74
2026/09/17 20:56:58.777, 100 %, 0 %, 15714 MiB, 16384 MiB, 125.69 W, 77
2026/09/17 20:56:59.781, 100 %, 14 %, 15714 MiB, 16384 MiB, 103.65 W, 73
2026/09/17 20:57:00.784, 100 %, 29 %, 15714 MiB, 16384 MiB, 124.76 W, 74
2026/09/17 20:57:01.788, 100 %, 32 %, 15714 MiB, 16384 MiB, 127.79 W, 74
2026/09/17 20:57:02.790, 100 %, 3 %, 15714 MiB, 16384 MiB, 124.53 W, 74
2026/09/17 20:57:03.792, 100 %, 1 %, 15714 MiB, 16384 MiB, 124.65 W, 74
2026/09/17 20:57:04.794, 100 %, 0 %, 15714 MiB, 16384 MiB, 126.48 W, 74
2026/09/17 20:57:05.796, 100 %, 1 %, 15714 MiB, 16384 MiB, 250.16 W, 74
2026/09/17 20:57:06.801, 100 %, 0 %, 15714 MiB, 16384 MiB, 210.92 W, 74
2026/09/17 20:57:07.805, 100 %, 45 %, 15714 MiB, 16384 MiB, 125.05 W, 74
2026/09/17 20:57:08.808, 100 %, 5 %, 15714 MiB, 16384 MiB, 123.55 W, 74
2026/09/17 20:57:09.810, 100 %, 2 %, 15714 MiB, 16384 MiB, 124.00 W, 74
2026/09/17 20:57:10.812, 100 %, 47 %, 15714 MiB, 16384 MiB, 69.01 W, 73
2026/09/17 20:57:11.815, 100 %, 3 %, 15714 MiB, 16384 MiB, 251.98 W, 76
2026/09/17 20:57:12.818, 100 %, 6 %, 15714 MiB, 16384 MiB, 154.96 W, 74
2026/09/17 20:57:13.823, 100 %, 9 %, 15714 MiB, 16384 MiB, 68.64 W, 73
2026/09/17 20:57:14.825, 100 %, 35 %, 15714 MiB, 16384 MiB, 146.72 W, 76
2026/09/17 20:57:15.827, 100 %, 0 %, 15714 MiB, 16384 MiB, 123.99 W, 76
2026/09/17 20:57:16.832, 100 %, 31 %, 15714 MiB, 16384 MiB, 67.83 W, 74
2026/09/17 20:57:17.834, 100 %, 3 %, 15714 MiB, 16384 MiB, 148.42 W, 76
2026/09/17 20:57:18.838, 100 %, 28 %, 15714 MiB, 16384 MiB, 255.73 W, 74
2026/09/17 20:57:19.840, 100 %, 49 %, 15714 MiB, 16384 MiB, 119.96 W, 74
2026/09/17 20:57:20.844, 100 %, 4 %, 15714 MiB, 16384 MiB, 123.08 W, 74
2026/09/17 20:57:21.846, 100 %, 47 %, 15714 MiB, 16384 MiB, 127.75 W, 74
2026/09/17 20:57:22.849, 100 %, 27 %, 15714 MiB, 16384 MiB, 119.87 W, 74
2026/09/17 20:57:23.851, 100 %, 0 %, 15714 MiB, 16384 MiB, 140.87 W, 76
2026/09/17 20:57:24.854, 100 %, 27 %, 15714 MiB, 16384 MiB, 69.26 W, 74
2026/09/17 20:57:25.856, 100 %, 3 %, 15714 MiB, 16384 MiB, 149.84 W, 77
2026/09/17 20:57:26.859, 100 %, 30 %, 15714 MiB, 16384 MiB, 240.87 W, 75
2026/09/17 20:57:27.862, 100 %, 48 %, 15714 MiB, 16384 MiB, 124.06 W, 75
2026/09/17 20:57:28.865, 100 %, 34 %, 15714 MiB, 16384 MiB, 227.05 W, 74
2026/09/17 20:57:29.868, 100 %, 46 %, 15714 MiB, 16384 MiB, 130.23 W, 75
2026/09/17 20:57:30.870, 100 %, 29 %, 15714 MiB, 16384 MiB, 119.81 W, 75
2026/09/17 20:57:31.872, 100 %, 0 %, 15714 MiB, 16384 MiB, 142.39 W, 77
2026/09/17 20:57:32.879, 100 %, 25 %, 15714 MiB, 16384 MiB, 69.07 W, 75
2026/09/17 20:57:33.882, 100 %, 3 %, 15714 MiB, 16384 MiB, 176.84 W, 78
2026/09/17 20:57:34.884, 100 %, 30 %, 15714 MiB, 16384 MiB, 241.76 W, 76
2026/09/17 20:57:35.890, 100 %, 7 %, 15714 MiB, 16384 MiB, 68.80 W, 74
2026/09/17 20:57:36.893, 100 %, 33 %, 15714 MiB, 16384 MiB, 129.45 W, 77
2026/09/17 20:57:37.896, 100 %, 47 %, 15714 MiB, 16384 MiB, 247.81 W, 75
2026/09/17 20:57:38.898, 100 %, 32 %, 15714 MiB, 16384 MiB, 133.41 W, 75
2026/09/17 20:57:39.900, 100 %, 0 %, 15714 MiB, 16384 MiB, 123.63 W, 75
2026/09/17 20:57:40.902, 100 %, 27 %, 15714 MiB, 16384 MiB, 81.03 W, 73
2026/09/17 20:57:41.905, 100 %, 47 %, 15714 MiB, 16384 MiB, 120.31 W, 75
2026/09/17 20:57:42.907, 100 %, 5 %, 15714 MiB, 16384 MiB, 124.93 W, 78
2026/09/17 20:57:43.910, 100 %, 45 %, 15714 MiB, 16384 MiB, 68.12 W, 75
2026/09/17 20:57:44.912, 100 %, 42 %, 15714 MiB, 16384 MiB, 128.83 W, 75
2026/09/17 20:57:45.914, 100 %, 4 %, 15714 MiB, 16384 MiB, 125.79 W, 75
2026/09/17 20:57:46.916, 100 %, 4 %, 15714 MiB, 16384 MiB, 128.67 W, 75
2026/09/17 20:57:47.918, 100 %, 6 %, 15714 MiB, 16384 MiB, 126.63 W, 75
2026/09/17 20:57:48.920, 100 %, 0 %, 15714 MiB, 16384 MiB, 126.34 W, 75
2026/09/17 20:57:49.922, 100 %, 0 %, 15714 MiB, 16384 MiB, 238.84 W, 75
2026/09/17 20:57:50.927, 100 %, 44 %, 15714 MiB, 16384 MiB, 108.61 W, 75
2026/09/17 20:57:51.929, 100 %, 47 %, 15714 MiB, 16384 MiB, 121.25 W, 75
2026/09/17 20:57:52.931, 100 %, 3 %, 15714 MiB, 16384 MiB, 123.48 W, 75
2026/09/17 20:57:53.933, 100 %, 6 %, 15714 MiB, 16384 MiB, 129.99 W, 75
2026/09/17 20:57:54.935, 100 %, 0 %, 15714 MiB, 16384 MiB, 126.56 W, 75
2026/09/17 20:57:55.937, 100 %, 0 %, 15714 MiB, 16384 MiB, 197.93 W, 78
2026/09/17 20:57:56.942, 100 %, 26 %, 15714 MiB, 16384 MiB, 64.82 W, 74
2026/09/17 20:57:57.945, 100 %, 42 %, 15714 MiB, 16384 MiB, 117.93 W, 75
2026/09/17 20:57:58.950, 100 %, 17 %, 15714 MiB, 16384 MiB, 128.26 W, 75
2026/09/17 20:57:59.954, 100 %, 2 %, 15714 MiB, 16384 MiB, 124.93 W, 75
2026/09/17 20:58:00.956, 100 %, 0 %, 15714 MiB, 16384 MiB, 124.02 W, 75
2026/09/17 20:58:01.958, 100 %, 5 %, 15714 MiB, 16384 MiB, 127.06 W, 75
2026/09/17 20:58:02.960, 100 %, 0 %, 15714 MiB, 16384 MiB, 126.50 W, 75
2026/09/17 20:58:03.962, 100 %, 7 %, 15714 MiB, 16384 MiB, 230.14 W, 75
2026/09/17 20:58:04.966, 100 %, 43 %, 15714 MiB, 16384 MiB, 67.72 W, 75
2026/09/17 20:58:05.969, 100 %, 40 %, 15714 MiB, 16384 MiB, 119.74 W, 75
2026/09/17 20:58:06.973, 100 %, 2 %, 15714 MiB, 16384 MiB, 123.49 W, 75
2026/09/17 20:58:07.975, 100 %, 6 %, 15714 MiB, 16384 MiB, 129.94 W, 75
2026/09/17 20:58:08.977, 100 %, 0 %, 15714 MiB, 16384 MiB, 126.59 W, 75
2026/09/17 20:58:09.979, 100 %, 0 %, 15714 MiB, 16384 MiB, 126.33 W, 77
2026/09/17 20:58:10.983, 100 %, 43 %, 15714 MiB, 16384 MiB, 119.71 W, 73
2026/09/17 20:58:11.986, 100 %, 48 %, 15714 MiB, 16384 MiB, 125.54 W, 75
2026/09/17 20:58:12.990, 100 %, 4 %, 15714 MiB, 16384 MiB, 127.94 W, 75
2026/09/17 20:58:13.993, 100 %, 0 %, 15714 MiB, 16384 MiB, 124.38 W, 75
2026/09/17 20:58:14.996, 100 %, 0 %, 15714 MiB, 16384 MiB, 124.35 W, 75
2026/09/17 20:58:16.000, 100 %, 3 %, 15714 MiB, 16384 MiB, 126.16 W, 75
2026/09/17 20:58:17.002, 100 %, 0 %, 15714 MiB, 16384 MiB, 126.38 W, 75
2026/09/17 20:58:18.004, 100 %, 33 %, 15714 MiB, 16384 MiB, 232.64 W, 75
2026/09/17 20:58:19.009, 100 %, 28 %, 15714 MiB, 16384 MiB, 109.55 W, 75
2026/09/17 20:58:20.011, 100 %, 17 %, 15714 MiB, 16384 MiB, 121.78 W, 75
2026/09/17 20:58:21.014, 100 %, 0 %, 15714 MiB, 16384 MiB, 123.07 W, 75
2026/09/17 20:58:22.016, 100 %, 6 %, 15714 MiB, 16384 MiB, 129.45 W, 75
2026/09/17 20:58:23.019, 100 %, 0 %, 15714 MiB, 16384 MiB, 126.38 W, 75
2026/09/17 20:58:24.021, 100 %, 0 %, 15714 MiB, 16384 MiB, 201.07 W, 77
2026/09/17 20:58:25.024, 100 %, 41 %, 15714 MiB, 16384 MiB, 64.62 W, 73
2026/09/17 20:58:26.026, 100 %, 42 %, 15714 MiB, 16384 MiB, 117.48 W, 75
2026/09/17 20:58:27.031, 100 %, 6 %, 15714 MiB, 16384 MiB, 128.29 W, 75
2026/09/17 20:58:28.034, 100 %, 0 %, 15714 MiB, 16384 MiB, 125.13 W, 75
2026/09/17 20:58:29.036, 100 %, 0 %, 15714 MiB, 16384 MiB, 125.57 W, 75
2026/09/17 20:58:30.038, 100 %, 2 %, 15714 MiB, 16384 MiB, 126.24 W, 75
2026/09/17 20:58:31.040, 100 %, 0 %, 15714 MiB, 16384 MiB, 126.16 W, 77
2026/09/17 20:58:32.043, 100 %, 46 %, 15714 MiB, 16384 MiB, 145.66 W, 75
2026/09/17 20:58:33.046, 100 %, 9 %, 15714 MiB, 16384 MiB, 139.02 W, 75
2026/09/17 20:58:34.049, 100 %, 3 %, 15714 MiB, 16384 MiB, 123.40 W, 74
2026/09/17 20:58:35.051, 100 %, 0 %, 15714 MiB, 16384 MiB, 124.42 W, 74
2026/09/17 20:58:36.053, 100 %, 5 %, 15714 MiB, 16384 MiB, 127.15 W, 75
2026/09/17 20:58:37.055, 100 %, 0 %, 15714 MiB, 16384 MiB, 126.25 W, 75
2026/09/17 20:58:38.057, 100 %, 18 %, 15714 MiB, 16384 MiB, 126.38 W, 76
2026/09/17 20:58:39.063, 100 %, 35 %, 15714 MiB, 16384 MiB, 100.17 W, 74
2026/09/17 20:58:40.066, 100 %, 25 %, 15714 MiB, 16384 MiB, 114.96 W, 75
2026/09/17 20:58:41.069, 100 %, 6 %, 15714 MiB, 16384 MiB, 128.39 W, 75
2026/09/17 20:58:42.071, 100 %, 0 %, 15714 MiB, 16384 MiB, 124.49 W, 75
2026/09/17 20:58:43.073, 100 %, 0 %, 15714 MiB, 16384 MiB, 125.29 W, 75
2026/09/17 20:58:44.075, 100 %, 1 %, 15714 MiB, 16384 MiB, 126.63 W, 76
2026/09/17 20:58:45.078, 100 %, 3 %, 15714 MiB, 16384 MiB, 126.50 W, 78
2026/09/17 20:58:46.082, 100 %, 51 %, 15714 MiB, 16384 MiB, 202.09 W, 75
2026/09/17 20:58:47.086, 100 %, 5 %, 15714 MiB, 16384 MiB, 111.80 W, 74
2026/09/17 20:58:48.089, 100 %, 2 %, 15714 MiB, 16384 MiB, 122.48 W, 74
2026/09/17 20:58:49.091, 100 %, 0 %, 15714 MiB, 16384 MiB, 123.73 W, 74
2026/09/17 20:58:50.093, 100 %, 4 %, 15714 MiB, 16384 MiB, 129.81 W, 74
2026/09/17 20:58:51.095, 100 %, 0 %, 15714 MiB, 16384 MiB, 126.40 W, 74
2026/09/17 20:58:52.097, 100 %, 39 %, 15714 MiB, 16384 MiB, 209.95 W, 76
2026/09/17 20:58:53.103, 100 %, 21 %, 15714 MiB, 16384 MiB, 66.05 W, 74
2026/09/17 20:58:54.106, 100 %, 7 %, 15714 MiB, 16384 MiB, 118.90 W, 74
2026/09/17 20:58:55.109, 3 %, 1 %, 15714 MiB, 16384 MiB, 65.48 W, 73
2026/09/17 20:58:56.111, 61 %, 9 %, 15714 MiB, 16384 MiB, 67.83 W, 73
2026/09/17 20:58:57.113, 99 %, 8 %, 15714 MiB, 16384 MiB, 68.90 W, 72
2026/09/17 20:58:58.115, 77 %, 9 %, 15714 MiB, 16384 MiB, 76.83 W, 72
2026/09/17 20:58:59.118, 65 %, 9 %, 15714 MiB, 16384 MiB, 77.94 W, 71
2026/09/17 20:59:00.120, 100 %, 9 %, 15714 MiB, 16384 MiB, 69.04 W, 71
2026/09/17 20:59:01.123, 67 %, 4 %, 15714 MiB, 16384 MiB, 68.53 W, 71
2026/09/17 20:59:02.125, 97 %, 5 %, 15714 MiB, 16384 MiB, 78.68 W, 71
2026/09/17 20:59:03.128, 100 %, 7 %, 15714 MiB, 16384 MiB, 67.61 W, 71
2026/09/17 20:59:04.130, 65 %, 9 %, 15714 MiB, 16384 MiB, 69.89 W, 71
2026/09/17 20:59:05.132, 65 %, 9 %, 15714 MiB, 16384 MiB, 70.32 W, 70
2026/09/17 20:59:06.134, 100 %, 8 %, 15714 MiB, 16384 MiB, 66.66 W, 70
2026/09/17 20:59:07.136, 64 %, 9 %, 15714 MiB, 16384 MiB, 74.32 W, 70
2026/09/17 20:59:08.139, 66 %, 9 %, 15714 MiB, 16384 MiB, 74.40 W, 70
2026/09/17 20:59:09.142, 79 %, 5 %, 15714 MiB, 16384 MiB, 66.19 W, 69
2026/09/17 20:59:10.145, 100 %, 15 %, 15714 MiB, 16384 MiB, 68.42 W, 69
2026/09/17 20:59:11.148, 63 %, 9 %, 15714 MiB, 16384 MiB, 75.22 W, 69
2026/09/17 20:59:12.151, 70 %, 4 %, 15714 MiB, 16384 MiB, 67.36 W, 69
2026/09/17 20:59:13.155, 100 %, 8 %, 15714 MiB, 16384 MiB, 68.30 W, 68
2026/09/17 20:59:14.158, 93 %, 10 %, 15714 MiB, 16384 MiB, 68.16 W, 68
2026/09/17 20:59:15.162, 65 %, 4 %, 15714 MiB, 16384 MiB, 78.85 W, 68
2026/09/17 20:59:16.165, 99 %, 5 %, 15714 MiB, 16384 MiB, 77.24 W, 68
2026/09/17 20:59:17.169, 100 %, 8 %, 15714 MiB, 16384 MiB, 76.28 W, 68
2026/09/17 20:59:18.172, 76 %, 10 %, 15714 MiB, 16384 MiB, 73.00 W, 68
2026/09/17 20:59:19.175, 47 %, 9 %, 15714 MiB, 16384 MiB, 72.90 W, 67
2026/09/17 20:59:20.179, 45 %, 9 %, 15714 MiB, 16384 MiB, 73.41 W, 67
2026/09/17 20:59:21.183, 100 %, 8 %, 15714 MiB, 16384 MiB, 67.63 W, 67
2026/09/17 20:59:22.187, 100 %, 8 %, 15714 MiB, 16384 MiB, 67.63 W, 67
2026/09/17 20:59:23.191, 97 %, 12 %, 15714 MiB, 16384 MiB, 67.39 W, 67
2026/09/17 20:59:24.195, 100 %, 15 %, 15714 MiB, 16384 MiB, 67.77 W, 67
2026/09/17 20:59:25.198, 63 %, 9 %, 15714 MiB, 16384 MiB, 76.54 W, 66
2026/09/17 20:59:26.203, 100 %, 8 %, 15714 MiB, 16384 MiB, 67.47 W, 66
2026/09/17 20:59:27.205, 83 %, 9 %, 15714 MiB, 16384 MiB, 67.49 W, 66
2026/09/17 20:59:28.207, 68 %, 9 %, 15714 MiB, 16384 MiB, 72.79 W, 66
2026/09/17 20:59:29.209, 100 %, 7 %, 15714 MiB, 16384 MiB, 76.20 W, 66
2026/09/17 20:59:30.212, 100 %, 8 %, 15714 MiB, 16384 MiB, 72.70 W, 66
2026/09/17 20:59:31.214, 100 %, 8 %, 15714 MiB, 16384 MiB, 67.00 W, 65
2026/09/17 20:59:32.216, 64 %, 9 %, 15714 MiB, 16384 MiB, 72.81 W, 65
2026/09/17 20:59:33.218, 55 %, 9 %, 15714 MiB, 16384 MiB, 72.11 W, 65
2026/09/17 20:59:34.221, 40 %, 9 %, 15714 MiB, 16384 MiB, 70.69 W, 65
2026/09/17 20:59:35.223, 100 %, 8 %, 15714 MiB, 16384 MiB, 66.33 W, 65
2026/09/17 20:59:36.225, 100 %, 8 %, 15714 MiB, 16384 MiB, 67.18 W, 65
2026/09/17 20:59:37.228, 100 %, 7 %, 15714 MiB, 16384 MiB, 72.20 W, 65
2026/09/17 20:59:38.230, 70 %, 13 %, 15714 MiB, 16384 MiB, 66.61 W, 65
2026/09/17 20:59:39.233, 97 %, 6 %, 15714 MiB, 16384 MiB, 75.89 W, 65
2026/09/17 20:59:40.235, 100 %, 8 %, 15714 MiB, 16384 MiB, 66.70 W, 64
2026/09/17 20:59:41.237, 100 %, 9 %, 15714 MiB, 16384 MiB, 66.67 W, 64
2026/09/17 20:59:42.240, 68 %, 9 %, 15714 MiB, 16384 MiB, 71.89 W, 64
2026/09/17 20:59:43.242, 91 %, 5 %, 15714 MiB, 16384 MiB, 77.23 W, 64
2026/09/17 20:59:44.245, 100 %, 5 %, 15714 MiB, 16384 MiB, 76.16 W, 64
2026/09/17 20:59:45.248, 100 %, 8 %, 15714 MiB, 16384 MiB, 71.56 W, 64
2026/09/17 20:59:46.252, 86 %, 10 %, 15714 MiB, 16384 MiB, 66.30 W, 64
2026/09/17 20:59:47.255, 62 %, 9 %, 15714 MiB, 16384 MiB, 71.93 W, 64
2026/09/17 20:59:48.259, 42 %, 8 %, 15714 MiB, 16384 MiB, 70.32 W, 64
2026/09/17 20:59:49.262, 100 %, 8 %, 15714 MiB, 16384 MiB, 67.42 W, 64
2026/09/17 20:59:50.266, 100 %, 8 %, 15714 MiB, 16384 MiB, 66.63 W, 64
2026/09/17 20:59:51.270, 100 %, 7 %, 15714 MiB, 16384 MiB, 72.97 W, 63
2026/09/17 20:59:52.273, 70 %, 13 %, 15714 MiB, 16384 MiB, 71.91 W, 63
2026/09/17 20:59:53.277, 68 %, 4 %, 15714 MiB, 16384 MiB, 65.71 W, 63
2026/09/17 20:59:54.279, 100 %, 8 %, 15714 MiB, 16384 MiB, 65.66 W, 63
2026/09/17 20:59:55.283, 100 %, 8 %, 15714 MiB, 16384 MiB, 66.00 W, 63
2026/09/17 20:59:56.286, 100 %, 10 %, 15714 MiB, 16384 MiB, 66.32 W, 63
2026/09/17 20:59:57.290, 51 %, 3 %, 15714 MiB, 16384 MiB, 66.04 W, 63
2026/09/17 20:59:58.293, 78 %, 4 %, 15714 MiB, 16384 MiB, 76.56 W, 63
2026/09/17 20:59:59.297, 100 %, 5 %, 15714 MiB, 16384 MiB, 74.06 W, 63
2026/09/17 21:00:00.300, 100 %, 5 %, 15714 MiB, 16384 MiB, 65.70 W, 63
2026/09/17 21:00:01.304, 89 %, 10 %, 15714 MiB, 16384 MiB, 65.73 W, 63
2026/09/17 21:00:02.307, 56 %, 8 %, 15714 MiB, 16384 MiB, 64.32 W, 63
2026/09/17 21:00:03.311, 100 %, 5 %, 15714 MiB, 16384 MiB, 74.67 W, 62
2026/09/17 21:00:04.314, 100 %, 8 %, 15714 MiB, 16384 MiB, 75.08 W, 62
2026/09/17 21:00:05.318, 100 %, 7 %, 15714 MiB, 16384 MiB, 65.50 W, 62
2026/09/17 21:00:06.321, 71 %, 13 %, 15714 MiB, 16384 MiB, 71.70 W, 62
2026/09/17 21:00:07.325, 63 %, 9 %, 15714 MiB, 16384 MiB, 65.48 W, 62
2026/09/17 21:00:08.329, 52 %, 9 %, 15714 MiB, 16384 MiB, 62.85 W, 63
2026/09/17 21:00:09.333, 63 %, 4 %, 15714 MiB, 16384 MiB, 64.10 W, 62
2026/09/17 21:00:10.336, 98 %, 5 %, 15714 MiB, 16384 MiB, 66.21 W, 62
2026/09/17 21:00:11.339, 100 %, 5 %, 15714 MiB, 16384 MiB, 66.50 W, 62
2026/09/17 21:00:12.342, 94 %, 10 %, 15714 MiB, 16384 MiB, 64.90 W, 62
2026/09/17 21:00:13.346, 65 %, 8 %, 15714 MiB, 16384 MiB, 75.54 W, 62
2026/09/17 21:00:14.349, 93 %, 5 %, 15714 MiB, 16384 MiB, 64.99 W, 62
2026/09/17 21:00:15.352, 100 %, 7 %, 15714 MiB, 16384 MiB, 64.81 W, 62
2026/09/17 21:00:16.355, 100 %, 6 %, 15714 MiB, 16384 MiB, 64.76 W, 62
2026/09/17 21:00:17.359, 78 %, 9 %, 15714 MiB, 16384 MiB, 64.28 W, 62
2026/09/17 21:00:18.362, 67 %, 9 %, 15714 MiB, 16384 MiB, 75.69 W, 62
2026/09/17 21:00:19.366, 96 %, 5 %, 15714 MiB, 16384 MiB, 64.55 W, 62
2026/09/17 21:00:20.369, 100 %, 6 %, 15714 MiB, 16384 MiB, 124.64 W, 63
2026/09/17 21:00:21.373, 100 %, 45 %, 15714 MiB, 16384 MiB, 230.67 W, 66
2026/09/17 21:00:22.375, 100 %, 1 %, 15714 MiB, 16384 MiB, 139.21 W, 64
2026/09/17 21:00:23.378, 100 %, 7 %, 15714 MiB, 16384 MiB, 118.88 W, 64
2026/09/17 21:00:24.380, 100 %, 11 %, 15714 MiB, 16384 MiB, 114.74 W, 65
2026/09/17 21:00:25.382, 100 %, 46 %, 15714 MiB, 16384 MiB, 117.70 W, 65
2026/09/17 21:00:26.386, 100 %, 4 %, 15714 MiB, 16384 MiB, 203.30 W, 68
2026/09/17 21:00:27.389, 100 %, 46 %, 15714 MiB, 16384 MiB, 96.58 W, 65
2026/09/17 21:00:28.391, 100 %, 27 %, 15714 MiB, 16384 MiB, 229.32 W, 68
2026/09/17 21:00:29.394, 100 %, 2 %, 15714 MiB, 16384 MiB, 226.86 W, 66
2026/09/17 21:00:30.396, 100 %, 42 %, 15714 MiB, 16384 MiB, 155.40 W, 66
2026/09/17 21:00:31.398, 100 %, 10 %, 15714 MiB, 16384 MiB, 247.83 W, 66
2026/09/17 21:00:32.401, 100 %, 45 %, 15714 MiB, 16384 MiB, 128.73 W, 67
2026/09/17 21:00:33.403, 100 %, 41 %, 15714 MiB, 16384 MiB, 117.64 W, 68
2026/09/17 21:00:34.405, 100 %, 0 %, 15714 MiB, 16384 MiB, 182.91 W, 69
2026/09/17 21:00:35.410, 100 %, 24 %, 15714 MiB, 16384 MiB, 99.76 W, 67
2026/09/17 21:00:36.412, 100 %, 5 %, 15714 MiB, 16384 MiB, 229.10 W, 68
2026/09/17 21:00:37.415, 100 %, 46 %, 15714 MiB, 16384 MiB, 140.36 W, 68
2026/09/17 21:00:38.417, 100 %, 5 %, 15714 MiB, 16384 MiB, 121.30 W, 68
2026/09/17 21:00:39.419, 100 %, 44 %, 15714 MiB, 16384 MiB, 62.50 W, 67
2026/09/17 21:00:40.422, 100 %, 29 %, 15714 MiB, 16384 MiB, 119.84 W, 68
2026/09/17 21:00:41.424, 100 %, 2 %, 15714 MiB, 16384 MiB, 210.60 W, 71
2026/09/17 21:00:42.427, 100 %, 34 %, 15714 MiB, 16384 MiB, 165.42 W, 69
2026/09/17 21:00:43.429, 100 %, 6 %, 15714 MiB, 16384 MiB, 120.27 W, 69
2026/09/17 21:00:44.432, 100 %, 39 %, 15714 MiB, 16384 MiB, 155.93 W, 69
2026/09/17 21:00:45.434, 100 %, 45 %, 15714 MiB, 16384 MiB, 112.78 W, 69
2026/09/17 21:00:46.436, 100 %, 4 %, 15714 MiB, 16384 MiB, 120.79 W, 69
2026/09/17 21:00:47.438, 100 %, 45 %, 15714 MiB, 16384 MiB, 110.75 W, 68
2026/09/17 21:00:48.441, 100 %, 10 %, 15714 MiB, 16384 MiB, 117.50 W, 70
2026/09/17 21:00:49.443, 100 %, 11 %, 15714 MiB, 16384 MiB, 120.18 W, 72
2026/09/17 21:00:50.447, 100 %, 43 %, 15714 MiB, 16384 MiB, 245.27 W, 70
2026/09/17 21:00:51.451, 100 %, 25 %, 15714 MiB, 16384 MiB, 165.56 W, 72
2026/09/17 21:00:52.454, 100 %, 48 %, 15714 MiB, 16384 MiB, 233.77 W, 71
2026/09/17 21:00:53.457, 100 %, 31 %, 15714 MiB, 16384 MiB, 107.26 W, 70
2026/09/17 21:00:54.459, 100 %, 23 %, 15714 MiB, 16384 MiB, 175.39 W, 73
2026/09/17 21:00:55.464, 100 %, 42 %, 15714 MiB, 16384 MiB, 225.52 W, 72
2026/09/17 21:00:56.468, 100 %, 21 %, 15714 MiB, 16384 MiB, 114.18 W, 71
2026/09/17 21:00:57.471, 100 %, 2 %, 15714 MiB, 16384 MiB, 122.09 W, 71
2026/09/17 21:00:58.473, 100 %, 0 %, 15714 MiB, 16384 MiB, 122.04 W, 71
2026/09/17 21:00:59.476, 100 %, 4 %, 15714 MiB, 16384 MiB, 128.25 W, 71
2026/09/17 21:01:00.478, 100 %, 0 %, 15714 MiB, 16384 MiB, 125.66 W, 71
2026/09/17 21:01:01.480, 100 %, 26 %, 15714 MiB, 16384 MiB, 190.01 W, 74
2026/09/17 21:01:02.485, 100 %, 33 %, 15714 MiB, 16384 MiB, 103.98 W, 72
2026/09/17 21:01:03.490, 100 %, 3 %, 15714 MiB, 16384 MiB, 122.28 W, 71
2026/09/17 21:01:04.494, 100 %, 0 %, 15714 MiB, 16384 MiB, 122.78 W, 72
2026/09/17 21:01:05.496, 100 %, 6 %, 15714 MiB, 16384 MiB, 128.90 W, 72
2026/09/17 21:01:06.498, 100 %, 0 %, 15714 MiB, 16384 MiB, 126.06 W, 72
2026/09/17 21:01:07.500, 100 %, 0 %, 15714 MiB, 16384 MiB, 129.23 W, 75
2026/09/17 21:01:08.505, 100 %, 3 %, 15714 MiB, 16384 MiB, 89.01 W, 71
2026/09/17 21:01:09.508, 100 %, 21 %, 15714 MiB, 16384 MiB, 110.55 W, 72
2026/09/17 21:01:10.511, 100 %, 39 %, 15714 MiB, 16384 MiB, 127.79 W, 72
2026/09/17 21:01:11.514, 100 %, 3 %, 15714 MiB, 16384 MiB, 124.88 W, 72
2026/09/17 21:01:12.517, 100 %, 0 %, 15714 MiB, 16384 MiB, 125.56 W, 72
2026/09/17 21:01:13.519, 100 %, 6 %, 15714 MiB, 16384 MiB, 126.53 W, 73
2026/09/17 21:01:14.521, 100 %, 0 %, 15714 MiB, 16384 MiB, 164.27 W, 75
2026/09/17 21:01:15.525, 100 %, 9 %, 15714 MiB, 16384 MiB, 124.64 W, 73
2026/09/17 21:01:16.528, 100 %, 47 %, 15714 MiB, 16384 MiB, 128.24 W, 73
2026/09/17 21:01:17.530, 100 %, 4 %, 15714 MiB, 16384 MiB, 124.40 W, 73
2026/09/17 21:01:18.532, 100 %, 1 %, 15714 MiB, 16384 MiB, 123.58 W, 73
2026/09/17 21:01:19.534, 100 %, 6 %, 15714 MiB, 16384 MiB, 128.25 W, 73
2026/09/17 21:01:20.536, 100 %, 0 %, 15714 MiB, 16384 MiB, 126.67 W, 73
2026/09/17 21:01:21.539, 100 %, 0 %, 15714 MiB, 16384 MiB, 218.09 W, 73
2026/09/17 21:01:22.544, 100 %, 40 %, 15714 MiB, 16384 MiB, 65.61 W, 73
2026/09/17 21:01:23.546, 100 %, 47 %, 15714 MiB, 16384 MiB, 119.98 W, 73
2026/09/17 21:01:24.551, 100 %, 6 %, 15714 MiB, 16384 MiB, 128.62 W, 73
2026/09/17 21:01:25.555, 100 %, 0 %, 15714 MiB, 16384 MiB, 125.82 W, 73
2026/09/17 21:01:26.557, 100 %, 0 %, 15714 MiB, 16384 MiB, 126.53 W, 73
2026/09/17 21:01:27.559, 100 %, 1 %, 15714 MiB, 16384 MiB, 186.13 W, 75
2026/09/17 21:01:28.562, 100 %, 1 %, 15714 MiB, 16384 MiB, 233.78 W, 74
2026/09/17 21:01:29.566, 100 %, 43 %, 15714 MiB, 16384 MiB, 118.88 W, 73
2026/09/17 21:01:30.569, 100 %, 5 %, 15714 MiB, 16384 MiB, 128.81 W, 74
2026/09/17 21:01:31.573, 100 %, 0 %, 15714 MiB, 16384 MiB, 126.20 W, 74
2026/09/17 21:01:32.575, 100 %, 0 %, 15714 MiB, 16384 MiB, 126.66 W, 74
2026/09/17 21:01:33.577, 100 %, 1 %, 15714 MiB, 16384 MiB, 139.50 W, 76
2026/09/17 21:01:34.580, 100 %, 0 %, 15714 MiB, 16384 MiB, 219.70 W, 76
2026/09/17 21:01:35.584, 100 %, 46 %, 15714 MiB, 16384 MiB, 111.39 W, 74
2026/09/17 21:01:36.588, 100 %, 5 %, 15714 MiB, 16384 MiB, 124.35 W, 74
2026/09/17 21:01:37.590, 100 %, 2 %, 15714 MiB, 16384 MiB, 124.87 W, 74
2026/09/17 21:01:38.593, 100 %, 6 %, 15714 MiB, 16384 MiB, 130.78 W, 74
2026/09/17 21:01:39.595, 100 %, 0 %, 15714 MiB, 16384 MiB, 127.45 W, 74
2026/09/17 21:01:40.597, 100 %, 0 %, 15714 MiB, 16384 MiB, 148.45 W, 77
2026/09/17 21:01:41.600, 100 %, 42 %, 15714 MiB, 16384 MiB, 77.84 W, 73
2026/09/17 21:01:42.602, 100 %, 49 %, 15714 MiB, 16384 MiB, 114.81 W, 74
2026/09/17 21:01:43.604, 100 %, 3 %, 15714 MiB, 16384 MiB, 124.73 W, 74
2026/09/17 21:01:44.608, 100 %, 6 %, 15714 MiB, 16384 MiB, 131.67 W, 74
2026/09/17 21:01:45.610, 100 %, 0 %, 15714 MiB, 16384 MiB, 127.58 W, 74
2026/09/17 21:01:46.612, 100 %, 0 %, 15714 MiB, 16384 MiB, 128.01 W, 75
2026/09/17 21:01:47.615, 100 %, 37 %, 15714 MiB, 16384 MiB, 109.05 W, 73
2026/09/17 21:01:48.618, 100 %, 46 %, 15714 MiB, 16384 MiB, 117.32 W, 74
2026/09/17 21:01:49.620, 100 %, 5 %, 15714 MiB, 16384 MiB, 129.71 W, 74
2026/09/17 21:01:50.622, 100 %, 0 %, 15714 MiB, 16384 MiB, 126.34 W, 74
2026/09/17 21:01:51.624, 100 %, 0 %, 15714 MiB, 16384 MiB, 126.76 W, 74
2026/09/17 21:01:52.626, 100 %, 3 %, 15714 MiB, 16384 MiB, 127.86 W, 74
2026/09/17 21:01:53.628, 100 %, 0 %, 15714 MiB, 16384 MiB, 127.65 W, 74
2026/09/17 21:01:54.633, 100 %, 40 %, 15714 MiB, 16384 MiB, 236.45 W, 74
2026/09/17 21:01:55.635, 100 %, 16 %, 15714 MiB, 16384 MiB, 88.61 W, 74
2026/09/17 21:01:56.637, 100 %, 3 %, 15714 MiB, 16384 MiB, 123.05 W, 74
2026/09/17 21:01:57.640, 100 %, 0 %, 15714 MiB, 16384 MiB, 125.04 W, 74
2026/09/17 21:01:58.642, 100 %, 5 %, 15714 MiB, 16384 MiB, 130.96 W, 74
2026/09/17 21:01:59.644, 100 %, 0 %, 15714 MiB, 16384 MiB, 125.82 W, 74
2026/09/17 21:02:00.646, 100 %, 24 %, 15714 MiB, 16384 MiB, 198.36 W, 77
2026/09/17 21:02:01.651, 100 %, 37 %, 15714 MiB, 16384 MiB, 63.20 W, 74
2026/09/17 21:02:02.653, 100 %, 24 %, 15714 MiB, 16384 MiB, 115.00 W, 74
2026/09/17 21:02:03.655, 100 %, 32 %, 15714 MiB, 16384 MiB, 207.03 W, 75
2026/09/17 21:02:04.657, 100 %, 30 %, 15714 MiB, 16384 MiB, 114.21 W, 74
2026/09/17 21:02:05.660, 72 %, 3 %, 15714 MiB, 16384 MiB, 123.22 W, 74
2026/09/17 21:02:06.662, 100 %, 41 %, 15714 MiB, 16384 MiB, 134.35 W, 73
2026/09/17 21:02:07.664, 100 %, 35 %, 15714 MiB, 16384 MiB, 107.51 W, 74
2026/09/17 21:02:08.666, 100 %, 0 %, 15714 MiB, 16384 MiB, 122.98 W, 74
2026/09/17 21:02:09.669, 100 %, 34 %, 15714 MiB, 16384 MiB, 66.69 W, 73
2026/09/17 21:02:10.671, 100 %, 3 %, 15714 MiB, 16384 MiB, 123.25 W, 75
2026/09/17 21:02:11.673, 100 %, 42 %, 15714 MiB, 16384 MiB, 180.93 W, 78
2026/09/17 21:02:12.681, 100 %, 3 %, 15714 MiB, 16384 MiB, 201.96 W, 75
2026/09/17 21:02:13.687, 100 %, 40 %, 15714 MiB, 16384 MiB, 137.89 W, 74
2026/09/17 21:02:14.689, 100 %, 8 %, 15714 MiB, 16384 MiB, 233.14 W, 76
2026/09/17 21:02:15.692, 100 %, 4 %, 15714 MiB, 16384 MiB, 118.85 W, 75
2026/09/17 21:02:16.697, 100 %, 9 %, 15714 MiB, 16384 MiB, 135.24 W, 74
2026/09/17 21:02:17.699, 100 %, 13 %, 15714 MiB, 16384 MiB, 230.21 W, 74
2026/09/17 21:02:18.701, 100 %, 47 %, 15714 MiB, 16384 MiB, 117.62 W, 75
2026/09/17 21:02:19.705, 100 %, 44 %, 15714 MiB, 16384 MiB, 120.79 W, 77
2026/09/17 21:02:20.709, 100 %, 3 %, 15714 MiB, 16384 MiB, 166.00 W, 77
2026/09/17 21:02:21.712, 100 %, 40 %, 15714 MiB, 16384 MiB, 122.56 W, 76
2026/09/17 21:02:22.714, 100 %, 6 %, 15714 MiB, 16384 MiB, 165.35 W, 77
2026/09/17 21:02:23.718, 100 %, 9 %, 15714 MiB, 16384 MiB, 247.16 W, 75
2026/09/17 21:02:24.722, 100 %, 7 %, 15714 MiB, 16384 MiB, 138.61 W, 75
2026/09/17 21:02:25.724, 100 %, 18 %, 15714 MiB, 16384 MiB, 199.54 W, 74
2026/09/17 21:02:26.726, 100 %, 42 %, 15714 MiB, 16384 MiB, 104.20 W, 75
2026/09/17 21:02:27.729, 100 %, 39 %, 15714 MiB, 16384 MiB, 120.52 W, 75
2026/09/17 21:02:28.732, 100 %, 43 %, 15714 MiB, 16384 MiB, 66.57 W, 74
2026/09/17 21:02:29.735, 100 %, 45 %, 15714 MiB, 16384 MiB, 122.70 W, 75
2026/09/17 21:02:30.737, 100 %, 7 %, 15714 MiB, 16384 MiB, 160.72 W, 78
2026/09/17 21:02:31.741, 100 %, 9 %, 15714 MiB, 16384 MiB, 245.60 W, 76
2026/09/17 21:02:32.747, 100 %, 8 %, 15714 MiB, 16384 MiB, 136.66 W, 75
2026/09/17 21:02:33.749, 100 %, 15 %, 15714 MiB, 16384 MiB, 221.54 W, 75
2026/09/17 21:02:34.752, 100 %, 48 %, 15714 MiB, 16384 MiB, 125.75 W, 75
2026/09/17 21:02:35.755, 100 %, 5 %, 15714 MiB, 16384 MiB, 124.00 W, 75
2026/09/17 21:02:36.757, 100 %, 40 %, 15714 MiB, 16384 MiB, 251.74 W, 74
2026/09/17 21:02:37.760, 100 %, 36 %, 15714 MiB, 16384 MiB, 122.23 W, 75
2026/09/17 21:02:38.762, 100 %, 4 %, 15714 MiB, 16384 MiB, 123.81 W, 75
2026/09/17 21:02:39.764, 100 %, 2 %, 15714 MiB, 16384 MiB, 124.06 W, 75
2026/09/17 21:02:40.766, 100 %, 6 %, 15714 MiB, 16384 MiB, 129.83 W, 75
2026/09/17 21:02:41.770, 100 %, 0 %, 15714 MiB, 16384 MiB, 126.52 W, 75
2026/09/17 21:02:42.772, 100 %, 0 %, 15714 MiB, 16384 MiB, 126.31 W, 77
2026/09/17 21:02:43.774, 100 %, 42 %, 15714 MiB, 16384 MiB, 230.80 W, 74
2026/09/17 21:02:44.777, 100 %, 44 %, 15714 MiB, 16384 MiB, 164.07 W, 75
2026/09/17 21:02:45.779, 100 %, 3 %, 15714 MiB, 16384 MiB, 122.09 W, 75
2026/09/17 21:02:46.781, 100 %, 6 %, 15714 MiB, 16384 MiB, 128.24 W, 75
2026/09/17 21:02:47.785, 100 %, 0 %, 15714 MiB, 16384 MiB, 126.10 W, 75
2026/09/17 21:02:48.787, 100 %, 0 %, 15714 MiB, 16384 MiB, 126.13 W, 75
2026/09/17 21:02:49.789, 100 %, 19 %, 15714 MiB, 16384 MiB, 199.76 W, 77
2026/09/17 21:02:50.793, 100 %, 36 %, 15714 MiB, 16384 MiB, 227.38 W, 76
2026/09/17 21:02:51.796, 100 %, 23 %, 15714 MiB, 16384 MiB, 115.14 W, 75
2026/09/17 21:02:52.798, 100 %, 3 %, 15714 MiB, 16384 MiB, 123.29 W, 75
2026/09/17 21:02:53.801, 100 %, 1 %, 15714 MiB, 16384 MiB, 123.06 W, 75
2026/09/17 21:02:54.803, 100 %, 5 %, 15714 MiB, 16384 MiB, 128.80 W, 75
2026/09/17 21:02:55.805, 100 %, 0 %, 15714 MiB, 16384 MiB, 126.13 W, 75
2026/09/17 21:02:56.807, 100 %, 2 %, 15714 MiB, 16384 MiB, 126.38 W, 78
2026/09/17 21:02:57.811, 100 %, 45 %, 15714 MiB, 16384 MiB, 106.99 W, 74
2026/09/17 21:02:58.814, 100 %, 42 %, 15714 MiB, 16384 MiB, 116.88 W, 75
2026/09/17 21:02:59.819, 100 %, 2 %, 15714 MiB, 16384 MiB, 123.50 W, 75
2026/09/17 21:03:00.821, 100 %, 7 %, 15714 MiB, 16384 MiB, 129.46 W, 75
2026/09/17 21:03:01.823, 100 %, 0 %, 15714 MiB, 16384 MiB, 126.50 W, 75
2026/09/17 21:03:02.825, 100 %, 0 %, 15714 MiB, 16384 MiB, 126.42 W, 75
2026/09/17 21:03:03.828, 100 %, 41 %, 15714 MiB, 16384 MiB, 245.87 W, 76
2026/09/17 21:03:04.832, 100 %, 45 %, 15714 MiB, 16384 MiB, 193.57 W, 75
2026/09/17 21:03:05.837, 100 %, 47 %, 15714 MiB, 16384 MiB, 124.42 W, 75
2026/09/17 21:03:06.841, 100 %, 14 %, 15714 MiB, 16384 MiB, 123.08 W, 75
2026/09/17 21:03:07.843, 100 %, 3 %, 15714 MiB, 16384 MiB, 123.12 W, 75
2026/09/17 21:03:08.845, 100 %, 6 %, 15714 MiB, 16384 MiB, 127.18 W, 75
2026/09/17 21:03:09.847, 100 %, 0 %, 15714 MiB, 16384 MiB, 126.17 W, 75
2026/09/17 21:03:10.849, 100 %, 0 %, 15714 MiB, 16384 MiB, 218.40 W, 78
2026/09/17 21:03:11.855, 100 %, 15 %, 15714 MiB, 16384 MiB, 67.52 W, 73
2026/09/17 21:03:12.857, 100 %, 31 %, 15714 MiB, 16384 MiB, 148.68 W, 75
2026/09/17 21:03:13.861, 100 %, 32 %, 15714 MiB, 16384 MiB, 122.52 W, 75
2026/09/17 21:03:14.863, 100 %, 6 %, 15714 MiB, 16384 MiB, 128.45 W, 75
2026/09/17 21:03:15.866, 100 %, 0 %, 15714 MiB, 16384 MiB, 126.00 W, 75
2026/09/17 21:03:16.868, 100 %, 0 %, 15714 MiB, 16384 MiB, 126.20 W, 75
2026/09/17 21:03:17.870, 100 %, 1 %, 15714 MiB, 16384 MiB, 209.46 W, 75
2026/09/17 21:03:18.874, 100 %, 0 %, 15714 MiB, 16384 MiB, 235.78 W, 75
2026/09/17 21:03:19.880, 100 %, 42 %, 15714 MiB, 16384 MiB, 118.40 W, 75
2026/09/17 21:03:20.882, 100 %, 5 %, 15714 MiB, 16384 MiB, 123.29 W, 75
2026/09/17 21:03:21.886, 100 %, 2 %, 15714 MiB, 16384 MiB, 123.75 W, 75
2026/09/17 21:03:22.888, 100 %, 7 %, 15714 MiB, 16384 MiB, 128.79 W, 75
2026/09/17 21:03:23.890, 100 %, 0 %, 15714 MiB, 16384 MiB, 126.54 W, 75
2026/09/17 21:03:24.892, 100 %, 0 %, 15714 MiB, 16384 MiB, 165.78 W, 76
2026/09/17 21:03:25.898, 100 %, 42 %, 15714 MiB, 16384 MiB, 77.90 W, 75
2026/09/17 21:03:26.900, 100 %, 45 %, 15714 MiB, 16384 MiB, 114.13 W, 75
2026/09/17 21:03:27.902, 100 %, 6 %, 15714 MiB, 16384 MiB, 123.28 W, 74
2026/09/17 21:03:28.904, 100 %, 7 %, 15714 MiB, 16384 MiB, 130.14 W, 75
2026/09/17 21:03:29.906, 100 %, 0 %, 15714 MiB, 16384 MiB, 126.46 W, 74
2026/09/17 21:03:30.909, 100 %, 0 %, 15714 MiB, 16384 MiB, 126.54 W, 74
2026/09/17 21:03:31.911, 100 %, 5 %, 15714 MiB, 16384 MiB, 233.28 W, 74
2026/09/17 21:03:32.914, 100 %, 25 %, 15714 MiB, 16384 MiB, 165.35 W, 75
2026/09/17 21:03:33.918, 100 %, 35 %, 15714 MiB, 16384 MiB, 126.04 W, 75
2026/09/17 21:03:34.922, 100 %, 4 %, 15714 MiB, 16384 MiB, 123.96 W, 74
2026/09/17 21:03:35.924, 100 %, 1 %, 15714 MiB, 16384 MiB, 124.33 W, 74
2026/09/17 21:03:36.926, 100 %, 6 %, 15714 MiB, 16384 MiB, 127.30 W, 75
2026/09/17 21:03:37.928, 100 %, 0 %, 15714 MiB, 16384 MiB, 126.39 W, 74
2026/09/17 21:03:38.930, 100 %, 0 %, 15714 MiB, 16384 MiB, 231.87 W, 76
2026/09/17 21:03:39.934, 100 %, 42 %, 15714 MiB, 16384 MiB, 79.21 W, 74
2026/09/17 21:03:40.937, 100 %, 46 %, 15714 MiB, 16384 MiB, 120.85 W, 74
2026/09/17 21:03:41.940, 100 %, 2 %, 15714 MiB, 16384 MiB, 123.47 W, 74
2026/09/17 21:03:42.942, 100 %, 6 %, 15714 MiB, 16384 MiB, 129.98 W, 75
2026/09/17 21:03:43.944, 100 %, 0 %, 15714 MiB, 16384 MiB, 126.39 W, 74
2026/09/17 21:03:44.946, 100 %, 0 %, 15714 MiB, 16384 MiB, 126.95 W, 76
2026/09/17 21:03:45.948, 100 %, 33 %, 15714 MiB, 16384 MiB, 106.40 W, 74
2026/09/17 21:03:46.954, 100 %, 47 %, 15714 MiB, 16384 MiB, 121.15 W, 74
2026/09/17 21:03:47.959, 100 %, 21 %, 15714 MiB, 16384 MiB, 68.37 W, 73
2026/09/17 21:03:48.962, 100 %, 8 %, 15714 MiB, 16384 MiB, 69.82 W, 72
2026/09/17 21:03:49.964, 100 %, 10 %, 15714 MiB, 16384 MiB, 72.50 W, 72
2026/09/17 21:03:50.966, 100 %, 8 %, 15714 MiB, 16384 MiB, 70.12 W, 72
2026/09/17 21:03:51.969, 100 %, 8 %, 15714 MiB, 16384 MiB, 70.44 W, 72
2026/09/17 21:03:52.971, 100 %, 7 %, 15714 MiB, 16384 MiB, 68.28 W, 71
2026/09/17 21:03:53.973, 81 %, 4 %, 15714 MiB, 16384 MiB, 68.63 W, 71
2026/09/17 21:03:54.976, 96 %, 5 %, 15714 MiB, 16384 MiB, 69.45 W, 71
2026/09/17 21:03:55.978, 100 %, 7 %, 15714 MiB, 16384 MiB, 73.69 W, 71
2026/09/17 21:03:56.981, 68 %, 9 %, 15714 MiB, 16384 MiB, 77.98 W, 70
2026/09/17 21:03:57.983, 66 %, 4 %, 15714 MiB, 16384 MiB, 68.57 W, 70
2026/09/17 21:03:58.985, 100 %, 7 %, 15714 MiB, 16384 MiB, 68.48 W, 70
2026/09/17 21:03:59.988, 58 %, 8 %, 15714 MiB, 16384 MiB, 68.60 W, 70
2026/09/17 21:04:00.990, 86 %, 5 %, 15714 MiB, 16384 MiB, 68.36 W, 70
2026/09/17 21:04:01.992, 100 %, 7 %, 15714 MiB, 16384 MiB, 73.83 W, 69
2026/09/17 21:04:02.994, 71 %, 13 %, 15714 MiB, 16384 MiB, 67.30 W, 69
2026/09/17 21:04:03.997, 62 %, 9 %, 15714 MiB, 16384 MiB, 72.75 W, 69
2026/09/17 21:04:05.000, 100 %, 8 %, 15714 MiB, 16384 MiB, 68.30 W, 69
2026/09/17 21:04:06.004, 100 %, 8 %, 15714 MiB, 16384 MiB, 73.89 W, 68
2026/09/17 21:04:07.007, 100 %, 8 %, 15714 MiB, 16384 MiB, 73.76 W, 68
2026/09/17 21:04:08.010, 55 %, 4 %, 15714 MiB, 16384 MiB, 67.39 W, 68
2026/09/17 21:04:09.014, 85 %, 5 %, 15714 MiB, 16384 MiB, 68.57 W, 68
2026/09/17 21:04:10.017, 98 %, 5 %, 15714 MiB, 16384 MiB, 67.83 W, 68
2026/09/17 21:04:11.020, 100 %, 10 %, 15714 MiB, 16384 MiB, 67.55 W, 68
2026/09/17 21:04:12.024, 70 %, 10 %, 15714 MiB, 16384 MiB, 67.58 W, 68
2026/09/17 21:04:13.027, 51 %, 8 %, 15714 MiB, 16384 MiB, 76.10 W, 67
2026/09/17 21:04:14.031, 100 %, 8 %, 15714 MiB, 16384 MiB, 67.66 W, 67
2026/09/17 21:04:15.033, 100 %, 8 %, 15714 MiB, 16384 MiB, 67.93 W, 67
2026/09/17 21:04:16.035, 100 %, 7 %, 15714 MiB, 16384 MiB, 67.28 W, 67
2026/09/17 21:04:17.038, 71 %, 13 %, 15714 MiB, 16384 MiB, 74.29 W, 67
2026/09/17 21:04:18.040, 62 %, 9 %, 15714 MiB, 16384 MiB, 77.46 W, 66
2026/09/17 21:04:19.042, 100 %, 8 %, 15714 MiB, 16384 MiB, 67.48 W, 66
2026/09/17 21:04:20.045, 100 %, 8 %, 15714 MiB, 16384 MiB, 73.26 W, 66
2026/09/17 21:04:21.047, 100 %, 8 %, 15714 MiB, 16384 MiB, 73.19 W, 66
2026/09/17 21:04:22.049, 58 %, 9 %, 15714 MiB, 16384 MiB, 75.77 W, 66
2026/09/17 21:04:23.052, 58 %, 4 %, 15714 MiB, 16384 MiB, 65.17 W, 66
2026/09/17 21:04:24.054, 88 %, 5 %, 15714 MiB, 16384 MiB, 66.60 W, 65
2026/09/17 21:04:25.056, 100 %, 6 %, 15714 MiB, 16384 MiB, 66.99 W, 65
2026/09/17 21:04:26.059, 88 %, 10 %, 15714 MiB, 16384 MiB, 66.95 W, 65
2026/09/17 21:04:27.061, 47 %, 8 %, 15714 MiB, 16384 MiB, 76.57 W, 65
2026/09/17 21:04:28.064, 100 %, 8 %, 15714 MiB, 16384 MiB, 68.17 W, 65
2026/09/17 21:04:29.066, 100 %, 8 %, 15714 MiB, 16384 MiB, 67.23 W, 65
2026/09/17 21:04:30.068, 100 %, 7 %, 15714 MiB, 16384 MiB, 66.66 W, 65
2026/09/17 21:04:31.071, 72 %, 13 %, 15714 MiB, 16384 MiB, 65.76 W, 65
2026/09/17 21:04:32.073, 62 %, 9 %, 15714 MiB, 16384 MiB, 74.99 W, 65
2026/09/17 21:04:33.076, 100 %, 8 %, 15714 MiB, 16384 MiB, 66.54 W, 64
2026/09/17 21:04:34.078, 100 %, 8 %, 15714 MiB, 16384 MiB, 66.71 W, 64
2026/09/17 21:04:35.080, 100 %, 8 %, 15714 MiB, 16384 MiB, 71.86 W, 64
2026/09/17 21:04:36.082, 45 %, 8 %, 15714 MiB, 16384 MiB, 75.03 W, 64
2026/09/17 21:04:37.085, 62 %, 7 %, 15714 MiB, 16384 MiB, 69.66 W, 64
2026/09/17 21:04:38.087, 72 %, 4 %, 15714 MiB, 16384 MiB, 64.92 W, 64
2026/09/17 21:04:39.089, 100 %, 8 %, 15714 MiB, 16384 MiB, 71.90 W, 64
2026/09/17 21:04:40.091, 100 %, 8 %, 15714 MiB, 16384 MiB, 71.72 W, 64
2026/09/17 21:04:41.094, 99 %, 12 %, 15714 MiB, 16384 MiB, 70.19 W, 64
2026/09/17 21:04:42.096, 74 %, 4 %, 15714 MiB, 16384 MiB, 64.64 W, 64
2026/09/17 21:04:43.099, 100 %, 6 %, 15714 MiB, 16384 MiB, 66.23 W, 63
2026/09/17 21:04:44.101, 100 %, 8 %, 15714 MiB, 16384 MiB, 71.47 W, 63
2026/09/17 21:04:45.103, 99 %, 14 %, 15714 MiB, 16384 MiB, 66.24 W, 63
2026/09/17 21:04:46.105, 63 %, 9 %, 15714 MiB, 16384 MiB, 69.21 W, 63
2026/09/17 21:04:47.108, 98 %, 5 %, 15714 MiB, 16384 MiB, 67.07 W, 63
2026/09/17 21:04:48.112, 100 %, 8 %, 15714 MiB, 16384 MiB, 67.17 W, 63
2026/09/17 21:04:49.115, 100 %, 8 %, 15714 MiB, 16384 MiB, 65.74 W, 63
2026/09/17 21:04:50.118, 51 %, 9 %, 15714 MiB, 16384 MiB, 74.10 W, 63
2026/09/17 21:04:51.122, 63 %, 9 %, 15714 MiB, 16384 MiB, 75.43 W, 63
2026/09/17 21:04:52.125, 56 %, 9 %, 15714 MiB, 16384 MiB, 73.87 W, 63
2026/09/17 21:04:53.128, 100 %, 8 %, 15714 MiB, 16384 MiB, 65.70 W, 63
2026/09/17 21:04:54.132, 100 %, 8 %, 15714 MiB, 16384 MiB, 65.59 W, 63
2026/09/17 21:04:55.135, 100 %, 7 %, 15714 MiB, 16384 MiB, 64.82 W, 63
2026/09/17 21:04:56.139, 64 %, 9 %, 15714 MiB, 16384 MiB, 75.11 W, 63
2026/09/17 21:04:57.142, 65 %, 9 %, 15714 MiB, 16384 MiB, 75.20 W, 62
2026/09/17 21:04:58.145, 100 %, 8 %, 15714 MiB, 16384 MiB, 65.29 W, 62
2026/09/17 21:04:59.147, 100 %, 8 %, 15714 MiB, 16384 MiB, 65.38 W, 62
2026/09/17 21:05:00.149, 100 %, 8 %, 15714 MiB, 16384 MiB, 71.68 W, 62
2026/09/17 21:05:01.151, 47 %, 9 %, 15714 MiB, 16384 MiB, 75.27 W, 62
2026/09/17 21:05:02.154, 63 %, 4 %, 15714 MiB, 16384 MiB, 63.34 W, 63
2026/09/17 21:05:03.158, 100 %, 5 %, 15714 MiB, 16384 MiB, 64.89 W, 62
2026/09/17 21:05:04.161, 100 %, 8 %, 15714 MiB, 16384 MiB, 71.69 W, 62
2026/09/17 21:05:05.163, 100 %, 5 %, 15714 MiB, 16384 MiB, 65.53 W, 62
2026/09/17 21:05:06.165, 79 %, 11 %, 15714 MiB, 16384 MiB, 70.21 W, 62
2026/09/17 21:05:07.167, 86 %, 5 %, 15714 MiB, 16384 MiB, 66.67 W, 62
2026/09/17 21:05:08.179, 100 %, 5 %, 15714 MiB, 16384 MiB, 67.36 W, 62
2026/09/17 21:05:09.181, 100 %, 8 %, 15714 MiB, 16384 MiB, 72.41 W, 62
2026/09/17 21:05:10.183, 88 %, 10 %, 15714 MiB, 16384 MiB, 66.12 W, 62
2026/09/17 21:05:11.185, 69 %, 9 %, 15714 MiB, 16384 MiB, 65.59 W, 62
2026/09/17 21:05:12.188, 89 %, 5 %, 15714 MiB, 16384 MiB, 65.02 W, 63
2026/09/17 21:05:13.191, 100 %, 4 %, 15714 MiB, 16384 MiB, 127.85 W, 67
2026/09/17 21:05:14.195, 100 %, 46 %, 15714 MiB, 16384 MiB, 160.29 W, 64
2026/09/17 21:05:15.200, 100 %, 25 %, 15714 MiB, 16384 MiB, 114.75 W, 64
2026/09/17 21:05:16.202, 100 %, 0 %, 15714 MiB, 16384 MiB, 120.51 W, 68
2026/09/17 21:05:17.206, 100 %, 14 %, 15714 MiB, 16384 MiB, 119.32 W, 65
2026/09/17 21:05:18.208, 100 %, 6 %, 15714 MiB, 16384 MiB, 170.49 W, 68
2026/09/17 21:05:19.213, 100 %, 46 %, 15714 MiB, 16384 MiB, 196.47 W, 66
2026/09/17 21:05:20.215, 100 %, 5 %, 15714 MiB, 16384 MiB, 130.08 W, 65
2026/09/17 21:05:21.217, 100 %, 44 %, 15714 MiB, 16384 MiB, 138.06 W, 65
2026/09/17 21:05:22.223, 100 %, 30 %, 15714 MiB, 16384 MiB, 115.20 W, 66
2026/09/17 21:05:23.226, 100 %, 3 %, 15714 MiB, 16384 MiB, 118.91 W, 66
2026/09/17 21:05:24.228, 100 %, 23 %, 15714 MiB, 16384 MiB, 71.38 W, 65
2026/09/17 21:05:25.232, 100 %, 46 %, 15714 MiB, 16384 MiB, 117.20 W, 67
2026/09/17 21:05:26.234, 100 %, 24 %, 15714 MiB, 16384 MiB, 139.46 W, 69
2026/09/17 21:05:27.237, 100 %, 1 %, 15714 MiB, 16384 MiB, 243.15 W, 67
2026/09/17 21:05:28.240, 100 %, 9 %, 15714 MiB, 16384 MiB, 120.75 W, 67
2026/09/17 21:05:29.242, 100 %, 21 %, 15714 MiB, 16384 MiB, 129.85 W, 66
2026/09/17 21:05:30.244, 100 %, 47 %, 15714 MiB, 16384 MiB, 116.62 W, 68
2026/09/17 21:05:31.246, 100 %, 4 %, 15714 MiB, 16384 MiB, 122.70 W, 71
2026/09/17 21:05:32.251, 100 %, 47 %, 15714 MiB, 16384 MiB, 65.74 W, 68
2026/09/17 21:05:33.253, 100 %, 19 %, 15714 MiB, 16384 MiB, 163.52 W, 71
2026/09/17 21:05:34.256, 100 %, 4 %, 15714 MiB, 16384 MiB, 227.76 W, 69
2026/09/17 21:05:35.259, 100 %, 47 %, 15714 MiB, 16384 MiB, 109.92 W, 69
2026/09/17 21:05:36.262, 100 %, 5 %, 15714 MiB, 16384 MiB, 122.93 W, 69
2026/09/17 21:05:37.264, 100 %, 44 %, 15714 MiB, 16384 MiB, 113.04 W, 69
2026/09/17 21:05:38.267, 100 %, 40 %, 15714 MiB, 16384 MiB, 119.40 W, 69
2026/09/17 21:05:39.270, 100 %, 0 %, 15714 MiB, 16384 MiB, 227.86 W, 71
2026/09/17 21:05:40.273, 100 %, 30 %, 15714 MiB, 16384 MiB, 116.47 W, 69
2026/09/17 21:05:41.276, 100 %, 4 %, 15714 MiB, 16384 MiB, 244.85 W, 72
2026/09/17 21:05:42.282, 100 %, 31 %, 15714 MiB, 16384 MiB, 247.14 W, 70
2026/09/17 21:05:43.284, 100 %, 46 %, 15714 MiB, 16384 MiB, 129.97 W, 70
2026/09/17 21:05:44.286, 100 %, 43 %, 15714 MiB, 16384 MiB, 235.11 W, 69
2026/09/17 21:05:45.288, 100 %, 48 %, 15714 MiB, 16384 MiB, 120.48 W, 70
2026/09/17 21:05:46.291, 100 %, 13 %, 15714 MiB, 16384 MiB, 119.32 W, 72
2026/09/17 21:05:47.293, 100 %, 45 %, 15714 MiB, 16384 MiB, 240.58 W, 70
2026/09/17 21:05:48.295, 100 %, 44 %, 15714 MiB, 16384 MiB, 191.91 W, 71
2026/09/17 21:05:49.299, 100 %, 8 %, 15714 MiB, 16384 MiB, 123.54 W, 71
2026/09/17 21:05:50.302, 100 %, 0 %, 15714 MiB, 16384 MiB, 122.09 W, 71
2026/09/17 21:05:51.305, 100 %, 0 %, 15714 MiB, 16384 MiB, 122.59 W, 71
2026/09/17 21:05:52.307, 100 %, 3 %, 15714 MiB, 16384 MiB, 125.21 W, 71
2026/09/17 21:05:53.309, 100 %, 0 %, 15714 MiB, 16384 MiB, 125.13 W, 71
2026/09/17 21:05:54.311, 100 %, 34 %, 15714 MiB, 16384 MiB, 241.19 W, 72
2026/09/17 21:05:55.314, 100 %, 24 %, 15714 MiB, 16384 MiB, 120.43 W, 71
2026/09/17 21:05:56.316, 100 %, 2 %, 15714 MiB, 16384 MiB, 121.86 W, 71
2026/09/17 21:05:57.322, 100 %, 0 %, 15714 MiB, 16384 MiB, 122.79 W, 72
2026/09/17 21:05:58.324, 100 %, 4 %, 15714 MiB, 16384 MiB, 126.55 W, 72
2026/09/17 21:05:59.326, 100 %, 0 %, 15714 MiB, 16384 MiB, 125.75 W, 72
2026/09/17 21:06:00.328, 100 %, 24 %, 15714 MiB, 16384 MiB, 230.23 W, 74
2026/09/17 21:06:01.331, 100 %, 30 %, 15714 MiB, 16384 MiB, 86.89 W, 72
2026/09/17 21:06:02.334, 100 %, 14 %, 15714 MiB, 16384 MiB, 121.48 W, 72
2026/09/17 21:06:03.336, 100 %, 6 %, 15714 MiB, 16384 MiB, 127.53 W, 72
2026/09/17 21:06:04.339, 100 %, 0 %, 15714 MiB, 16384 MiB, 125.32 W, 72
2026/09/17 21:06:05.342, 100 %, 0 %, 15714 MiB, 16384 MiB, 125.98 W, 72
2026/09/17 21:06:06.344, 100 %, 12 %, 15714 MiB, 16384 MiB, 219.32 W, 75
2026/09/17 21:06:07.346, 100 %, 29 %, 15714 MiB, 16384 MiB, 245.73 W, 75
2026/09/17 21:06:08.349, 100 %, 26 %, 15714 MiB, 16384 MiB, 119.45 W, 72
2026/09/17 21:06:09.352, 100 %, 6 %, 15714 MiB, 16384 MiB, 127.50 W, 73
2026/09/17 21:06:10.355, 100 %, 0 %, 15714 MiB, 16384 MiB, 125.37 W, 73
2026/09/17 21:06:11.357, 100 %, 0 %, 15714 MiB, 16384 MiB, 126.09 W, 73
2026/09/17 21:06:12.359, 100 %, 2 %, 15714 MiB, 16384 MiB, 167.37 W, 76
2026/09/17 21:06:13.361, 100 %, 18 %, 15714 MiB, 16384 MiB, 234.20 W, 75
2026/09/17 21:06:14.365, 100 %, 37 %, 15714 MiB, 16384 MiB, 174.43 W, 73
2026/09/17 21:06:15.367, 100 %, 3 %, 15714 MiB, 16384 MiB, 126.77 W, 73
2026/09/17 21:06:16.369, 100 %, 0 %, 15714 MiB, 16384 MiB, 122.49 W, 73
2026/09/17 21:06:17.372, 100 %, 5 %, 15714 MiB, 16384 MiB, 129.44 W, 73
2026/09/17 21:06:18.374, 100 %, 0 %, 15714 MiB, 16384 MiB, 126.45 W, 73
2026/09/17 21:06:19.377, 100 %, 0 %, 15714 MiB, 16384 MiB, 126.56 W, 76
2026/09/17 21:06:20.379, 100 %, 1 %, 15714 MiB, 16384 MiB, 217.41 W, 72
2026/09/17 21:06:21.381, 100 %, 16 %, 15714 MiB, 16384 MiB, 154.03 W, 73
2026/09/17 21:06:22.384, 100 %, 42 %, 15714 MiB, 16384 MiB, 122.58 W, 73
2026/09/17 21:06:23.386, 100 %, 6 %, 15714 MiB, 16384 MiB, 129.08 W, 74
2026/09/17 21:06:24.388, 100 %, 0 %, 15714 MiB, 16384 MiB, 126.68 W, 73
2026/09/17 21:06:25.390, 100 %, 0 %, 15714 MiB, 16384 MiB, 126.86 W, 74
2026/09/17 21:06:26.392, 100 %, 1 %, 15714 MiB, 16384 MiB, 238.39 W, 73
2026/09/17 21:06:27.395, 100 %, 3 %, 15714 MiB, 16384 MiB, 197.94 W, 74
2026/09/17 21:06:28.399, 100 %, 43 %, 15714 MiB, 16384 MiB, 125.29 W, 74
2026/09/17 21:06:29.402, 100 %, 4 %, 15714 MiB, 16384 MiB, 124.49 W, 74
2026/09/17 21:06:30.407, 100 %, 1 %, 15714 MiB, 16384 MiB, 125.18 W, 74
2026/09/17 21:06:31.409, 100 %, 6 %, 15714 MiB, 16384 MiB, 128.10 W, 74
2026/09/17 21:06:32.411, 100 %, 0 %, 15714 MiB, 16384 MiB, 127.53 W, 74
2026/09/17 21:06:33.413, 100 %, 0 %, 15714 MiB, 16384 MiB, 258.30 W, 74
2026/09/17 21:06:34.418, 100 %, 45 %, 15714 MiB, 16384 MiB, 103.12 W, 74
2026/09/17 21:06:35.421, 100 %, 47 %, 15714 MiB, 16384 MiB, 122.42 W, 74
2026/09/17 21:06:36.423, 100 %, 2 %, 15714 MiB, 16384 MiB, 124.59 W, 74
2026/09/17 21:06:37.425, 100 %, 6 %, 15714 MiB, 16384 MiB, 130.53 W, 74
2026/09/17 21:06:38.427, 100 %, 0 %, 15714 MiB, 16384 MiB, 127.58 W, 74
2026/09/17 21:06:39.429, 100 %, 0 %, 15714 MiB, 16384 MiB, 236.72 W, 76
2026/09/17 21:06:40.434, 100 %, 41 %, 15714 MiB, 16384 MiB, 85.40 W, 74
2026/09/17 21:06:41.436, 100 %, 47 %, 15714 MiB, 16384 MiB, 122.24 W, 74
2026/09/17 21:06:42.439, 100 %, 5 %, 15714 MiB, 16384 MiB, 129.59 W, 74
2026/09/17 21:06:43.441, 100 %, 0 %, 15714 MiB, 16384 MiB, 127.25 W, 74
2026/09/17 21:06:44.443, 100 %, 0 %, 15714 MiB, 16384 MiB, 127.99 W, 74
2026/09/17 21:06:45.445, 100 %, 2 %, 15714 MiB, 16384 MiB, 216.46 W, 77
2026/09/17 21:06:46.449, 100 %, 0 %, 15714 MiB, 16384 MiB, 252.06 W, 76
2026/09/17 21:06:47.456, 100 %, 44 %, 15714 MiB, 16384 MiB, 123.23 W, 74
2026/09/17 21:06:48.460, 100 %, 5 %, 15714 MiB, 16384 MiB, 124.73 W, 74
2026/09/17 21:06:49.462, 100 %, 2 %, 15714 MiB, 16384 MiB, 125.15 W, 74
2026/09/17 21:06:50.466, 100 %, 0 %, 15714 MiB, 16384 MiB, 126.17 W, 74
2026/09/17 21:06:51.468, 100 %, 2 %, 15714 MiB, 16384 MiB, 127.97 W, 77
2026/09/17 21:06:52.470, 100 %, 0 %, 15714 MiB, 16384 MiB, 128.32 W, 77
2026/09/17 21:06:53.473, 100 %, 48 %, 15714 MiB, 16384 MiB, 170.88 W, 74
2026/09/17 21:06:54.475, 100 %, 5 %, 15714 MiB, 16384 MiB, 129.78 W, 74
2026/09/17 21:06:55.477, 100 %, 3 %, 15714 MiB, 16384 MiB, 125.49 W, 74
2026/09/17 21:06:56.479, 100 %, 43 %, 15714 MiB, 16384 MiB, 98.29 W, 73
2026/09/17 21:06:57.482, 100 %, 3 %, 15714 MiB, 16384 MiB, 125.07 W, 76
2026/09/17 21:06:58.485, 84 %, 3 %, 15714 MiB, 16384 MiB, 126.15 W, 76
2026/09/17 21:06:59.488, 100 %, 43 %, 15714 MiB, 16384 MiB, 66.51 W, 73
2026/09/17 21:07:00.490, 100 %, 12 %, 15714 MiB, 16384 MiB, 121.41 W, 76
2026/09/17 21:07:01.493, 100 %, 0 %, 15714 MiB, 16384 MiB, 156.54 W, 77
2026/09/17 21:07:02.496, 100 %, 20 %, 15714 MiB, 16384 MiB, 67.93 W, 74
2026/09/17 21:07:03.498, 100 %, 3 %, 15714 MiB, 16384 MiB, 173.02 W, 77
2026/09/17 21:07:04.501, 100 %, 35 %, 15714 MiB, 16384 MiB, 252.48 W, 75
2026/09/17 21:07:05.503, 100 %, 44 %, 15714 MiB, 16384 MiB, 123.99 W, 74
2026/09/17 21:07:06.505, 100 %, 4 %, 15714 MiB, 16384 MiB, 124.04 W, 74
2026/09/17 21:07:07.508, 100 %, 45 %, 15714 MiB, 16384 MiB, 123.75 W, 74
2026/09/17 21:07:08.510, 100 %, 23 %, 15714 MiB, 16384 MiB, 120.32 W, 74
2026/09/17 21:07:09.512, 100 %, 0 %, 15714 MiB, 16384 MiB, 154.77 W, 78
2026/09/17 21:07:10.516, 100 %, 17 %, 15714 MiB, 16384 MiB, 79.12 W, 75
2026/09/17 21:07:11.520, 100 %, 5 %, 15714 MiB, 16384 MiB, 185.97 W, 78
2026/09/17 21:07:12.522, 100 %, 44 %, 15714 MiB, 16384 MiB, 182.06 W, 76
2026/09/17 21:07:13.525, 100 %, 45 %, 15714 MiB, 16384 MiB, 243.37 W, 75
2026/09/17 21:07:14.528, 100 %, 41 %, 15714 MiB, 16384 MiB, 165.76 W, 76
2026/09/17 21:07:15.530, 100 %, 46 %, 15714 MiB, 16384 MiB, 254.76 W, 75
2026/09/17 21:07:16.533, 100 %, 30 %, 15714 MiB, 16384 MiB, 126.01 W, 75
2026/09/17 21:07:17.535, 100 %, 6 %, 15714 MiB, 16384 MiB, 124.82 W, 75
2026/09/17 21:07:18.538, 100 %, 32 %, 15714 MiB, 16384 MiB, 76.43 W, 73
2026/09/17 21:07:19.540, 100 %, 45 %, 15714 MiB, 16384 MiB, 122.11 W, 75
2026/09/17 21:07:20.542, 100 %, 30 %, 15714 MiB, 16384 MiB, 147.56 W, 77
2026/09/17 21:07:21.545, 100 %, 44 %, 15714 MiB, 16384 MiB, 68.86 W, 75
2026/09/17 21:07:22.547, 100 %, 30 %, 15714 MiB, 16384 MiB, 134.76 W, 78
2026/09/17 21:07:23.550, 100 %, 3 %, 15714 MiB, 16384 MiB, 245.11 W, 76
2026/09/17 21:07:24.553, 100 %, 21 %, 15714 MiB, 16384 MiB, 134.21 W, 75
2026/09/17 21:07:25.556, 100 %, 7 %, 15714 MiB, 16384 MiB, 125.07 W, 75
2026/09/17 21:07:26.558, 100 %, 25 %, 15714 MiB, 16384 MiB, 92.01 W, 74
2026/09/17 21:07:27.561, 100 %, 50 %, 15714 MiB, 16384 MiB, 119.61 W, 75
2026/09/17 21:07:28.565, 100 %, 5 %, 15714 MiB, 16384 MiB, 126.46 W, 75
2026/09/17 21:07:29.567, 100 %, 42 %, 15714 MiB, 16384 MiB, 68.95 W, 74
2026/09/17 21:07:30.569, 100 %, 40 %, 15714 MiB, 16384 MiB, 128.62 W, 75
2026/09/17 21:07:31.571, 100 %, 7 %, 15714 MiB, 16384 MiB, 128.65 W, 75
2026/09/17 21:07:32.574, 100 %, 1 %, 15714 MiB, 16384 MiB, 124.83 W, 75
2026/09/17 21:07:33.576, 100 %, 6 %, 15714 MiB, 16384 MiB, 131.46 W, 75
2026/09/17 21:07:34.579, 100 %, 0 %, 15714 MiB, 16384 MiB, 127.90 W, 75
2026/09/17 21:07:35.581, 100 %, 0 %, 15714 MiB, 16384 MiB, 127.77 W, 77
2026/09/17 21:07:36.584, 100 %, 42 %, 15714 MiB, 16384 MiB, 122.05 W, 74
2026/09/17 21:07:37.587, 100 %, 47 %, 15714 MiB, 16384 MiB, 131.60 W, 75
2026/09/17 21:07:38.589, 100 %, 3 %, 15714 MiB, 16384 MiB, 123.91 W, 75
2026/09/17 21:07:39.591, 100 %, 6 %, 15714 MiB, 16384 MiB, 131.07 W, 75
2026/09/17 21:07:40.595, 100 %, 0 %, 15714 MiB, 16384 MiB, 127.95 W, 75
2026/09/17 21:07:41.597, 100 %, 0 %, 15714 MiB, 16384 MiB, 127.93 W, 75
2026/09/17 21:07:42.599, 100 %, 16 %, 15714 MiB, 16384 MiB, 239.82 W, 75
2026/09/17 21:07:43.602, 100 %, 36 %, 15714 MiB, 16384 MiB, 242.94 W, 75
2026/09/17 21:07:44.604, 100 %, 26 %, 15714 MiB, 16384 MiB, 122.58 W, 75
2026/09/17 21:07:45.606, 100 %, 3 %, 15714 MiB, 16384 MiB, 124.60 W, 75
2026/09/17 21:07:46.609, 100 %, 0 %, 15714 MiB, 16384 MiB, 124.70 W, 75
2026/09/17 21:07:47.611, 100 %, 6 %, 15714 MiB, 16384 MiB, 129.82 W, 75
2026/09/17 21:07:48.614, 100 %, 0 %, 15714 MiB, 16384 MiB, 127.84 W, 75
2026/09/17 21:07:49.616, 100 %, 0 %, 15714 MiB, 16384 MiB, 180.61 W, 77
2026/09/17 21:07:50.619, 100 %, 42 %, 15714 MiB, 16384 MiB, 74.05 W, 73
2026/09/17 21:07:51.621, 100 %, 46 %, 15714 MiB, 16384 MiB, 115.04 W, 75
2026/09/17 21:07:52.625, 100 %, 2 %, 15714 MiB, 16384 MiB, 125.13 W, 75
2026/09/17 21:07:53.628, 100 %, 6 %, 15714 MiB, 16384 MiB, 131.26 W, 75
2026/09/17 21:07:54.630, 100 %, 0 %, 15714 MiB, 16384 MiB, 128.06 W, 75
2026/09/17 21:07:55.634, 100 %, 0 %, 15714 MiB, 16384 MiB, 127.96 W, 75
2026/09/17 21:07:56.636, 100 %, 38 %, 15714 MiB, 16384 MiB, 203.09 W, 74
2026/09/17 21:07:57.639, 100 %, 45 %, 15714 MiB, 16384 MiB, 157.13 W, 75
2026/09/17 21:07:58.644, 100 %, 11 %, 15714 MiB, 16384 MiB, 126.76 W, 75
2026/09/17 21:07:59.646, 100 %, 0 %, 15714 MiB, 16384 MiB, 124.84 W, 75
2026/09/17 21:08:00.649, 100 %, 0 %, 15714 MiB, 16384 MiB, 125.00 W, 75
2026/09/17 21:08:01.651, 100 %, 4 %, 15714 MiB, 16384 MiB, 128.20 W, 75
2026/09/17 21:08:02.653, 100 %, 0 %, 15714 MiB, 16384 MiB, 127.31 W, 75
2026/09/17 21:08:03.655, 100 %, 17 %, 15714 MiB, 16384 MiB, 231.52 W, 77
2026/09/17 21:08:04.659, 100 %, 39 %, 15714 MiB, 16384 MiB, 76.33 W, 75
2026/09/17 21:08:05.661, 100 %, 24 %, 15714 MiB, 16384 MiB, 121.46 W, 75
2026/09/17 21:08:06.663, 100 %, 1 %, 15714 MiB, 16384 MiB, 124.38 W, 75
2026/09/17 21:08:07.667, 100 %, 6 %, 15714 MiB, 16384 MiB, 131.36 W, 75
2026/09/17 21:08:08.670, 100 %, 0 %, 15714 MiB, 16384 MiB, 127.77 W, 75
2026/09/17 21:08:09.672, 100 %, 0 %, 15714 MiB, 16384 MiB, 127.97 W, 75
2026/09/17 21:08:10.674, 100 %, 43 %, 15714 MiB, 16384 MiB, 240.87 W, 74
2026/09/17 21:08:11.677, 100 %, 47 %, 15714 MiB, 16384 MiB, 225.22 W, 75
2026/09/17 21:08:12.680, 100 %, 5 %, 15714 MiB, 16384 MiB, 123.88 W, 75
2026/09/17 21:08:13.683, 100 %, 0 %, 15714 MiB, 16384 MiB, 124.76 W, 75
2026/09/17 21:08:14.685, 100 %, 0 %, 15714 MiB, 16384 MiB, 125.07 W, 75
2026/09/17 21:08:15.687, 100 %, 2 %, 15714 MiB, 16384 MiB, 129.42 W, 75
2026/09/17 21:08:16.689, 100 %, 0 %, 15714 MiB, 16384 MiB, 127.95 W, 75
2026/09/17 21:08:17.691, 100 %, 40 %, 15714 MiB, 16384 MiB, 198.20 W, 77
2026/09/17 21:08:18.695, 100 %, 15 %, 15714 MiB, 16384 MiB, 64.23 W, 74
2026/09/17 21:08:19.698, 100 %, 46 %, 15714 MiB, 16384 MiB, 117.56 W, 75
2026/09/17 21:08:20.714, 100 %, 0 %, 15714 MiB, 16384 MiB, 124.59 W, 75
2026/09/17 21:08:21.717, 100 %, 6 %, 15714 MiB, 16384 MiB, 131.40 W, 75
2026/09/17 21:08:22.719, 100 %, 0 %, 15714 MiB, 16384 MiB, 127.67 W, 75
2026/09/17 21:08:23.721, 100 %, 13 %, 15714 MiB, 16384 MiB, 127.51 W, 78
2026/09/17 21:08:24.726, 100 %, 42 %, 15714 MiB, 16384 MiB, 149.91 W, 73
2026/09/17 21:08:25.731, 100 %, 32 %, 15714 MiB, 16384 MiB, 140.44 W, 75
2026/09/17 21:08:26.737, 100 %, 6 %, 15714 MiB, 16384 MiB, 127.78 W, 75
2026/09/17 21:08:27.740, 100 %, 0 %, 15714 MiB, 16384 MiB, 126.16 W, 75
2026/09/17 21:08:28.742, 100 %, 1 %, 15714 MiB, 16384 MiB, 126.39 W, 75
2026/09/17 21:08:29.744, 100 %, 6 %, 15714 MiB, 16384 MiB, 127.93 W, 75
2026/09/17 21:08:30.746, 100 %, 0 %, 15714 MiB, 16384 MiB, 127.46 W, 75
2026/09/17 21:08:31.749, 100 %, 0 %, 15714 MiB, 16384 MiB, 254.36 W, 75
2026/09/17 21:08:32.754, 100 %, 44 %, 15714 MiB, 16384 MiB, 100.80 W, 75
2026/09/17 21:08:33.756, 100 %, 48 %, 15714 MiB, 16384 MiB, 121.96 W, 75
2026/09/17 21:08:34.758, 100 %, 3 %, 15714 MiB, 16384 MiB, 125.09 W, 75
2026/09/17 21:08:35.761, 100 %, 6 %, 15714 MiB, 16384 MiB, 130.84 W, 75
2026/09/17 21:08:36.763, 100 %, 0 %, 15714 MiB, 16384 MiB, 128.00 W, 75
2026/09/17 21:08:37.765, 100 %, 0 %, 15714 MiB, 16384 MiB, 173.98 W, 77
2026/09/17 21:08:38.768, 100 %, 18 %, 15714 MiB, 16384 MiB, 72.41 W, 73
2026/09/17 21:08:39.770, 100 %, 40 %, 15714 MiB, 16384 MiB, 116.20 W, 74
2026/09/17 21:08:40.774, 100 %, 29 %, 15714 MiB, 16384 MiB, 66.80 W, 73
2026/09/17 21:08:41.777, 100 %, 8 %, 15714 MiB, 16384 MiB, 70.65 W, 72
2026/09/17 21:08:42.780, 100 %, 7 %, 15714 MiB, 16384 MiB, 70.26 W, 72
2026/09/17 21:08:43.782, 94 %, 5 %, 15714 MiB, 16384 MiB, 79.94 W, 72
2026/09/17 21:08:44.784, 100 %, 8 %, 15714 MiB, 16384 MiB, 79.43 W, 72
2026/09/17 21:08:45.786, 100 %, 9 %, 15714 MiB, 16384 MiB, 70.12 W, 71
2026/09/17 21:08:46.789, 71 %, 4 %, 15714 MiB, 16384 MiB, 70.00 W, 71
2026/09/17 21:08:47.791, 89 %, 5 %, 15714 MiB, 16384 MiB, 81.28 W, 71
2026/09/17 21:08:48.794, 100 %, 7 %, 15714 MiB, 16384 MiB, 70.31 W, 71
2026/09/17 21:08:49.796, 68 %, 9 %, 15714 MiB, 16384 MiB, 69.99 W, 71
2026/09/17 21:08:50.798, 60 %, 9 %, 15714 MiB, 16384 MiB, 69.60 W, 70
2026/09/17 21:08:51.800, 100 %, 8 %, 15714 MiB, 16384 MiB, 67.53 W, 70
2026/09/17 21:08:52.803, 64 %, 9 %, 15714 MiB, 16384 MiB, 76.31 W, 70
2026/09/17 21:08:53.805, 65 %, 9 %, 15714 MiB, 16384 MiB, 75.52 W, 70
2026/09/17 21:08:54.808, 100 %, 8 %, 15714 MiB, 16384 MiB, 67.42 W, 69
2026/09/17 21:08:55.810, 100 %, 8 %, 15714 MiB, 16384 MiB, 69.16 W, 69
2026/09/17 21:08:56.814, 95 %, 10 %, 15714 MiB, 16384 MiB, 70.05 W, 69
2026/09/17 21:08:57.817, 51 %, 4 %, 15714 MiB, 16384 MiB, 74.26 W, 69
2026/09/17 21:08:58.821, 89 %, 5 %, 15714 MiB, 16384 MiB, 78.28 W, 69
2026/09/17 21:08:59.824, 100 %, 8 %, 15714 MiB, 16384 MiB, 66.73 W, 69
2026/09/17 21:09:00.827, 73 %, 9 %, 15714 MiB, 16384 MiB, 74.49 W, 68
2026/09/17 21:09:01.831, 60 %, 9 %, 15714 MiB, 16384 MiB, 74.21 W, 68
2026/09/17 21:09:02.835, 46 %, 9 %, 15714 MiB, 16384 MiB, 73.24 W, 68
2026/09/17 21:09:03.838, 100 %, 8 %, 15714 MiB, 16384 MiB, 77.78 W, 68
2026/09/17 21:09:04.841, 100 %, 8 %, 15714 MiB, 16384 MiB, 67.36 W, 67
2026/09/17 21:09:05.843, 100 %, 7 %, 15714 MiB, 16384 MiB, 68.97 W, 67
2026/09/17 21:09:06.845, 59 %, 9 %, 15714 MiB, 16384 MiB, 75.74 W, 67
2026/09/17 21:09:07.847, 65 %, 9 %, 15714 MiB, 16384 MiB, 69.89 W, 67
2026/09/17 21:09:08.850, 100 %, 8 %, 15714 MiB, 16384 MiB, 66.66 W, 67
2026/09/17 21:09:09.852, 100 %, 8 %, 15714 MiB, 16384 MiB, 67.77 W, 67
2026/09/17 21:09:10.854, 100 %, 6 %, 15714 MiB, 16384 MiB, 69.94 W, 66
2026/09/17 21:09:11.856, 56 %, 9 %, 15714 MiB, 16384 MiB, 69.56 W, 66
2026/09/17 21:09:12.858, 68 %, 4 %, 15714 MiB, 16384 MiB, 78.92 W, 66
2026/09/17 21:09:13.861, 100 %, 5 %, 15714 MiB, 16384 MiB, 76.95 W, 66
2026/09/17 21:09:14.863, 100 %, 10 %, 15714 MiB, 16384 MiB, 68.14 W, 66
2026/09/17 21:09:15.865, 75 %, 9 %, 15714 MiB, 16384 MiB, 73.82 W, 66
2026/09/17 21:09:16.868, 61 %, 8 %, 15714 MiB, 16384 MiB, 68.46 W, 66
2026/09/17 21:09:17.870, 100 %, 5 %, 15714 MiB, 16384 MiB, 76.62 W, 66
2026/09/17 21:09:18.872, 100 %, 8 %, 15714 MiB, 16384 MiB, 72.57 W, 66
2026/09/17 21:09:19.875, 100 %, 7 %, 15714 MiB, 16384 MiB, 67.94 W, 65
2026/09/17 21:09:20.879, 68 %, 9 %, 15714 MiB, 16384 MiB, 73.52 W, 65
2026/09/17 21:09:21.882, 65 %, 9 %, 15714 MiB, 16384 MiB, 73.17 W, 65
2026/09/17 21:09:22.885, 100 %, 8 %, 15714 MiB, 16384 MiB, 76.12 W, 65
2026/09/17 21:09:23.887, 100 %, 8 %, 15714 MiB, 16384 MiB, 65.32 W, 65
2026/09/17 21:09:24.889, 100 %, 8 %, 15714 MiB, 16384 MiB, 67.31 W, 65
2026/09/17 21:09:25.892, 49 %, 9 %, 15714 MiB, 16384 MiB, 68.69 W, 65
2026/09/17 21:09:26.895, 47 %, 4 %, 15714 MiB, 16384 MiB, 69.13 W, 64
2026/09/17 21:09:27.897, 77 %, 4 %, 15714 MiB, 16384 MiB, 76.19 W, 64
2026/09/17 21:09:28.899, 100 %, 8 %, 15714 MiB, 16384 MiB, 73.32 W, 64
2026/09/17 21:09:29.902, 100 %, 8 %, 15714 MiB, 16384 MiB, 73.80 W, 64
2026/09/17 21:09:30.904, 85 %, 12 %, 15714 MiB, 16384 MiB, 71.10 W, 64
2026/09/17 21:09:31.906, 69 %, 4 %, 15714 MiB, 16384 MiB, 75.52 W, 64
2026/09/17 21:09:32.911, 85 %, 5 %, 15714 MiB, 16384 MiB, 68.71 W, 64
2026/09/17 21:09:33.913, 100 %, 8 %, 15714 MiB, 16384 MiB, 66.83 W, 64
2026/09/17 21:09:34.916, 100 %, 8 %, 15714 MiB, 16384 MiB, 72.28 W, 64
2026/09/17 21:09:35.918, 90 %, 10 %, 15714 MiB, 16384 MiB, 72.24 W, 64
2026/09/17 21:09:36.920, 74 %, 4 %, 15714 MiB, 16384 MiB, 71.78 W, 64
2026/09/17 21:09:37.923, 80 %, 5 %, 15714 MiB, 16384 MiB, 64.56 W, 64
2026/09/17 21:09:38.926, 100 %, 8 %, 15714 MiB, 16384 MiB, 66.31 W, 63
2026/09/17 21:09:39.928, 63 %, 9 %, 15714 MiB, 16384 MiB, 66.16 W, 63
2026/09/17 21:09:40.930, 37 %, 9 %, 15714 MiB, 16384 MiB, 74.88 W, 63
2026/09/17 21:09:41.933, 40 %, 3 %, 15714 MiB, 16384 MiB, 74.05 W, 63
2026/09/17 21:09:42.937, 100 %, 8 %, 15714 MiB, 16384 MiB, 66.22 W, 63
2026/09/17 21:09:43.940, 100 %, 8 %, 15714 MiB, 16384 MiB, 73.29 W, 63
2026/09/17 21:09:44.944, 100 %, 7 %, 15714 MiB, 16384 MiB, 66.44 W, 63
2026/09/17 21:09:45.947, 66 %, 9 %, 15714 MiB, 16384 MiB, 74.93 W, 63
2026/09/17 21:09:46.950, 79 %, 4 %, 15714 MiB, 16384 MiB, 74.30 W, 63
2026/09/17 21:09:47.953, 100 %, 8 %, 15714 MiB, 16384 MiB, 68.54 W, 63
2026/09/17 21:09:48.955, 100 %, 8 %, 15714 MiB, 16384 MiB, 74.08 W, 63
2026/09/17 21:09:49.957, 85 %, 10 %, 15714 MiB, 16384 MiB, 69.39 W, 63
2026/09/17 21:09:50.959, 78 %, 4 %, 15714 MiB, 16384 MiB, 67.99 W, 63
2026/09/17 21:09:51.963, 84 %, 5 %, 15714 MiB, 16384 MiB, 65.33 W, 62
2026/09/17 21:09:52.965, 100 %, 8 %, 15714 MiB, 16384 MiB, 67.15 W, 62
2026/09/17 21:09:53.968, 72 %, 9 %, 15714 MiB, 16384 MiB, 67.10 W, 63
2026/09/17 21:09:54.970, 36 %, 8 %, 15714 MiB, 16384 MiB, 67.35 W, 62
2026/09/17 21:09:55.972, 40 %, 7 %, 15714 MiB, 16384 MiB, 77.75 W, 62
2026/09/17 21:09:56.975, 100 %, 8 %, 15714 MiB, 16384 MiB, 66.97 W, 62
2026/09/17 21:09:57.977, 100 %, 8 %, 15714 MiB, 16384 MiB, 66.92 W, 62
2026/09/17 21:09:58.979, 100 %, 7 %, 15714 MiB, 16384 MiB, 66.86 W, 62
2026/09/17 21:09:59.981, 67 %, 9 %, 15714 MiB, 16384 MiB, 66.43 W, 62
2026/09/17 21:10:00.984, 64 %, 9 %, 15714 MiB, 16384 MiB, 79.01 W, 62
2026/09/17 21:10:01.986, 100 %, 8 %, 15714 MiB, 16384 MiB, 67.08 W, 62
2026/09/17 21:10:02.988, 100 %, 8 %, 15714 MiB, 16384 MiB, 68.33 W, 62
2026/09/17 21:10:03.990, 100 %, 8 %, 15714 MiB, 16384 MiB, 71.22 W, 62
2026/09/17 21:10:04.993, 48 %, 9 %, 15714 MiB, 16384 MiB, 72.91 W, 62
2026/09/17 21:10:05.995, 100 %, 42 %, 15714 MiB, 16384 MiB, 117.84 W, 62
2026/09/17 21:10:07.000, 100 %, 24 %, 15714 MiB, 16384 MiB, 123.45 W, 68
2026/09/17 21:10:08.003, 100 %, 3 %, 15714 MiB, 16384 MiB, 228.10 W, 66
2026/09/17 21:10:09.006, 100 %, 45 %, 15714 MiB, 16384 MiB, 147.11 W, 65
2026/09/17 21:10:10.011, 100 %, 16 %, 15714 MiB, 16384 MiB, 240.65 W, 65
2026/09/17 21:10:11.013, 100 %, 46 %, 15714 MiB, 16384 MiB, 130.20 W, 65
2026/09/17 21:10:12.016, 100 %, 38 %, 15714 MiB, 16384 MiB, 116.79 W, 65
2026/09/17 21:10:13.018, 100 %, 0 %, 15714 MiB, 16384 MiB, 153.55 W, 69
2026/09/17 21:10:14.021, 100 %, 24 %, 15714 MiB, 16384 MiB, 90.14 W, 66
2026/09/17 21:10:15.023, 100 %, 3 %, 15714 MiB, 16384 MiB, 222.41 W, 69
2026/09/17 21:10:16.029, 100 %, 43 %, 15714 MiB, 16384 MiB, 167.01 W, 67
2026/09/17 21:10:17.034, 100 %, 6 %, 15714 MiB, 16384 MiB, 122.47 W, 66
2026/09/17 21:10:18.036, 100 %, 44 %, 15714 MiB, 16384 MiB, 109.01 W, 66
2026/09/17 21:10:19.038, 100 %, 43 %, 15714 MiB, 16384 MiB, 118.14 W, 67
2026/09/17 21:10:20.043, 100 %, 3 %, 15714 MiB, 16384 MiB, 117.47 W, 69
2026/09/17 21:10:21.045, 100 %, 29 %, 15714 MiB, 16384 MiB, 158.72 W, 70
2026/09/17 21:10:22.048, 100 %, 6 %, 15714 MiB, 16384 MiB, 92.82 W, 68
2026/09/17 21:10:23.050, 100 %, 41 %, 15714 MiB, 16384 MiB, 221.44 W, 69
2026/09/17 21:10:24.052, 100 %, 43 %, 15714 MiB, 16384 MiB, 172.42 W, 68
2026/09/17 21:10:25.055, 100 %, 3 %, 15714 MiB, 16384 MiB, 123.63 W, 68
2026/09/17 21:10:26.057, 100 %, 37 %, 15714 MiB, 16384 MiB, 89.93 W, 67
2026/09/17 21:10:27.059, 100 %, 4 %, 15714 MiB, 16384 MiB, 121.89 W, 69
2026/09/17 21:10:28.061, 100 %, 41 %, 15714 MiB, 16384 MiB, 169.93 W, 71
2026/09/17 21:10:29.067, 100 %, 0 %, 15714 MiB, 16384 MiB, 220.80 W, 69
2026/09/17 21:10:30.072, 100 %, 27 %, 15714 MiB, 16384 MiB, 221.05 W, 71
2026/09/17 21:10:31.075, 100 %, 2 %, 15714 MiB, 16384 MiB, 176.28 W, 70
2026/09/17 21:10:32.078, 100 %, 38 %, 15714 MiB, 16384 MiB, 116.75 W, 69
2026/09/17 21:10:33.082, 100 %, 5 %, 15714 MiB, 16384 MiB, 125.69 W, 71
2026/09/17 21:10:34.085, 100 %, 43 %, 15714 MiB, 16384 MiB, 67.22 W, 69
2026/09/17 21:10:35.088, 100 %, 44 %, 15714 MiB, 16384 MiB, 147.23 W, 73
2026/09/17 21:10:36.090, 100 %, 4 %, 15714 MiB, 16384 MiB, 249.94 W, 72
2026/09/17 21:10:37.093, 100 %, 32 %, 15714 MiB, 16384 MiB, 137.09 W, 70
2026/09/17 21:10:38.095, 100 %, 3 %, 15714 MiB, 16384 MiB, 162.93 W, 71
2026/09/17 21:10:39.098, 100 %, 27 %, 15714 MiB, 16384 MiB, 228.92 W, 71
2026/09/17 21:10:40.101, 100 %, 33 %, 15714 MiB, 16384 MiB, 108.12 W, 71
2026/09/17 21:10:41.104, 100 %, 20 %, 15714 MiB, 16384 MiB, 122.08 W, 71
2026/09/17 21:10:42.106, 100 %, 6 %, 15714 MiB, 16384 MiB, 128.64 W, 71
2026/09/17 21:10:43.109, 100 %, 0 %, 15714 MiB, 16384 MiB, 126.41 W, 71
2026/09/17 21:10:44.111, 100 %, 0 %, 15714 MiB, 16384 MiB, 126.48 W, 71
2026/09/17 21:10:45.113, 100 %, 6 %, 15714 MiB, 16384 MiB, 237.95 W, 71
2026/09/17 21:10:46.117, 100 %, 19 %, 15714 MiB, 16384 MiB, 229.31 W, 71
2026/09/17 21:10:47.120, 100 %, 35 %, 15714 MiB, 16384 MiB, 122.32 W, 72
2026/09/17 21:10:48.122, 100 %, 6 %, 15714 MiB, 16384 MiB, 128.93 W, 72
2026/09/17 21:10:49.125, 100 %, 0 %, 15714 MiB, 16384 MiB, 126.53 W, 72
2026/09/17 21:10:50.128, 100 %, 0 %, 15714 MiB, 16384 MiB, 126.93 W, 72
2026/09/17 21:10:51.130, 100 %, 0 %, 15714 MiB, 16384 MiB, 211.71 W, 73
2026/09/17 21:10:52.133, 100 %, 11 %, 15714 MiB, 16384 MiB, 237.44 W, 72
2026/09/17 21:10:53.136, 100 %, 41 %, 15714 MiB, 16384 MiB, 120.41 W, 72
2026/09/17 21:10:54.138, 100 %, 4 %, 15714 MiB, 16384 MiB, 124.12 W, 72
2026/09/17 21:10:55.141, 100 %, 1 %, 15714 MiB, 16384 MiB, 124.07 W, 72
2026/09/17 21:10:56.143, 100 %, 6 %, 15714 MiB, 16384 MiB, 128.74 W, 72
2026/09/17 21:10:57.145, 100 %, 0 %, 15714 MiB, 16384 MiB, 127.50 W, 72
2026/09/17 21:10:58.147, 100 %, 1 %, 15714 MiB, 16384 MiB, 232.15 W, 74
2026/09/17 21:10:59.152, 100 %, 45 %, 15714 MiB, 16384 MiB, 66.24 W, 73
2026/09/17 21:11:00.154, 100 %, 38 %, 15714 MiB, 16384 MiB, 121.96 W, 73
2026/09/17 21:11:01.157, 100 %, 1 %, 15714 MiB, 16384 MiB, 124.82 W, 73
2026/09/17 21:11:02.159, 100 %, 6 %, 15714 MiB, 16384 MiB, 130.96 W, 73
2026/09/17 21:11:03.161, 100 %, 0 %, 15714 MiB, 16384 MiB, 127.76 W, 73
2026/09/17 21:11:04.164, 100 %, 0 %, 15714 MiB, 16384 MiB, 208.47 W, 75
2026/09/17 21:11:05.171, 100 %, 41 %, 15714 MiB, 16384 MiB, 64.83 W, 72
2026/09/17 21:11:06.174, 100 %, 45 %, 15714 MiB, 16384 MiB, 120.74 W, 73
2026/09/17 21:11:07.178, 100 %, 6 %, 15714 MiB, 16384 MiB, 130.10 W, 73
2026/09/17 21:11:08.181, 100 %, 0 %, 15714 MiB, 16384 MiB, 127.71 W, 73
2026/09/17 21:11:09.183, 100 %, 0 %, 15714 MiB, 16384 MiB, 127.84 W, 73
2026/09/17 21:11:10.185, 100 %, 1 %, 15714 MiB, 16384 MiB, 142.69 W, 76
2026/09/17 21:11:11.187, 100 %, 0 %, 15714 MiB, 16384 MiB, 224.87 W, 76
2026/09/17 21:11:12.190, 100 %, 47 %, 15714 MiB, 16384 MiB, 115.38 W, 73
2026/09/17 21:11:13.193, 100 %, 5 %, 15714 MiB, 16384 MiB, 125.30 W, 73
2026/09/17 21:11:14.196, 100 %, 2 %, 15714 MiB, 16384 MiB, 125.01 W, 74
2026/09/17 21:11:15.198, 100 %, 0 %, 15714 MiB, 16384 MiB, 126.63 W, 74
2026/09/17 21:11:16.200, 100 %, 3 %, 15714 MiB, 16384 MiB, 130.13 W, 74
2026/09/17 21:11:17.202, 100 %, 0 %, 15714 MiB, 16384 MiB, 128.84 W, 75
2026/09/17 21:11:18.205, 100 %, 47 %, 15714 MiB, 16384 MiB, 246.42 W, 74
2026/09/17 21:11:19.209, 100 %, 5 %, 15714 MiB, 16384 MiB, 104.01 W, 74
2026/09/17 21:11:20.212, 100 %, 2 %, 15714 MiB, 16384 MiB, 124.01 W, 74
2026/09/17 21:11:21.214, 100 %, 6 %, 15714 MiB, 16384 MiB, 130.85 W, 74
2026/09/17 21:11:22.217, 100 %, 0 %, 15714 MiB, 16384 MiB, 128.96 W, 74
2026/09/17 21:11:23.219, 100 %, 0 %, 15714 MiB, 16384 MiB, 128.99 W, 74
2026/09/17 21:11:24.221, 100 %, 42 %, 15714 MiB, 16384 MiB, 235.90 W, 74
2026/09/17 21:11:25.229, 100 %, 46 %, 15714 MiB, 16384 MiB, 248.51 W, 74
2026/09/17 21:11:26.232, 100 %, 4 %, 15714 MiB, 16384 MiB, 126.49 W, 74
2026/09/17 21:11:27.235, 100 %, 0 %, 15714 MiB, 16384 MiB, 126.25 W, 74
2026/09/17 21:11:28.237, 100 %, 0 %, 15714 MiB, 16384 MiB, 126.74 W, 74
2026/09/17 21:11:29.239, 100 %, 0 %, 15714 MiB, 16384 MiB, 128.92 W, 74
2026/09/17 21:11:30.241, 100 %, 33 %, 15714 MiB, 16384 MiB, 205.09 W, 76
2026/09/17 21:11:31.244, 100 %, 43 %, 15714 MiB, 16384 MiB, 244.35 W, 75
2026/09/17 21:11:32.248, 100 %, 9 %, 15714 MiB, 16384 MiB, 124.19 W, 74
2026/09/17 21:11:33.250, 100 %, 0 %, 15714 MiB, 16384 MiB, 126.57 W, 74
2026/09/17 21:11:34.253, 100 %, 0 %, 15714 MiB, 16384 MiB, 126.55 W, 74
2026/09/17 21:11:35.255, 100 %, 4 %, 15714 MiB, 16384 MiB, 131.64 W, 74
2026/09/17 21:11:36.257, 100 %, 0 %, 15714 MiB, 16384 MiB, 129.26 W, 74
2026/09/17 21:11:37.259, 100 %, 0 %, 15714 MiB, 16384 MiB, 221.94 W, 76
2026/09/17 21:11:38.263, 100 %, 31 %, 15714 MiB, 16384 MiB, 66.49 W, 74
2026/09/17 21:11:39.269, 100 %, 46 %, 15714 MiB, 16384 MiB, 124.10 W, 74
2026/09/17 21:11:40.271, 100 %, 11 %, 15714 MiB, 16384 MiB, 131.69 W, 75
2026/09/17 21:11:41.273, 100 %, 0 %, 15714 MiB, 16384 MiB, 129.21 W, 74
2026/09/17 21:11:42.277, 100 %, 0 %, 15714 MiB, 16384 MiB, 129.40 W, 74
2026/09/17 21:11:43.279, 100 %, 0 %, 15714 MiB, 16384 MiB, 175.46 W, 78
2026/09/17 21:11:44.282, 100 %, 12 %, 15714 MiB, 16384 MiB, 67.37 W, 73
2026/09/17 21:11:45.284, 100 %, 31 %, 15714 MiB, 16384 MiB, 120.67 W, 75
2026/09/17 21:11:46.287, 100 %, 29 %, 15714 MiB, 16384 MiB, 131.51 W, 75
2026/09/17 21:11:47.289, 100 %, 3 %, 15714 MiB, 16384 MiB, 129.12 W, 75
2026/09/17 21:11:48.292, 100 %, 0 %, 15714 MiB, 16384 MiB, 129.38 W, 75
2026/09/17 21:11:49.294, 100 %, 17 %, 15714 MiB, 16384 MiB, 66.65 W, 73
2026/09/17 21:11:50.296, 100 %, 32 %, 15714 MiB, 16384 MiB, 151.49 W, 74
2026/09/17 21:11:51.299, 100 %, 21 %, 15714 MiB, 16384 MiB, 232.89 W, 74
2026/09/17 21:11:52.302, 100 %, 5 %, 15714 MiB, 16384 MiB, 69.12 W, 74
2026/09/17 21:11:53.305, 100 %, 7 %, 15714 MiB, 16384 MiB, 133.36 W, 77
2026/09/17 21:11:54.308, 100 %, 11 %, 15714 MiB, 16384 MiB, 252.50 W, 75
2026/09/17 21:11:55.311, 100 %, 7 %, 15714 MiB, 16384 MiB, 137.73 W, 75
2026/09/17 21:11:56.314, 100 %, 27 %, 15714 MiB, 16384 MiB, 210.57 W, 74
2026/09/17 21:11:57.316, 100 %, 47 %, 15714 MiB, 16384 MiB, 115.18 W, 75
2026/09/17 21:11:58.318, 100 %, 35 %, 15714 MiB, 16384 MiB, 124.26 W, 75
2026/09/17 21:11:59.320, 100 %, 1 %, 15714 MiB, 16384 MiB, 173.18 W, 77
2026/09/17 21:12:00.323, 100 %, 35 %, 15714 MiB, 16384 MiB, 126.08 W, 75
2026/09/17 21:12:01.326, 100 %, 3 %, 15714 MiB, 16384 MiB, 197.94 W, 77
2026/09/17 21:12:02.331, 100 %, 24 %, 15714 MiB, 16384 MiB, 189.72 W, 75
2026/09/17 21:12:03.335, 100 %, 6 %, 15714 MiB, 16384 MiB, 126.50 W, 75
2026/09/17 21:12:04.337, 100 %, 37 %, 15714 MiB, 16384 MiB, 125.75 W, 74
2026/09/17 21:12:05.340, 100 %, 43 %, 15714 MiB, 16384 MiB, 121.36 W, 75
2026/09/17 21:12:06.343, 100 %, 18 %, 15714 MiB, 16384 MiB, 124.61 W, 75
2026/09/17 21:12:07.346, 100 %, 45 %, 15714 MiB, 16384 MiB, 71.32 W, 74
2026/09/17 21:12:08.348, 100 %, 13 %, 15714 MiB, 16384 MiB, 128.88 W, 75
2026/09/17 21:12:09.351, 100 %, 10 %, 15714 MiB, 16384 MiB, 125.67 W, 77
2026/09/17 21:12:10.356, 100 %, 47 %, 15714 MiB, 16384 MiB, 240.95 W, 75
2026/09/17 21:12:11.359, 100 %, 5 %, 15714 MiB, 16384 MiB, 126.13 W, 75
2026/09/17 21:12:12.361, 100 %, 45 %, 15714 MiB, 16384 MiB, 252.20 W, 74
2026/09/17 21:12:13.364, 100 %, 44 %, 15714 MiB, 16384 MiB, 131.66 W, 75
2026/09/17 21:12:14.366, 100 %, 3 %, 15714 MiB, 16384 MiB, 124.91 W, 75
2026/09/17 21:12:15.369, 100 %, 36 %, 15714 MiB, 16384 MiB, 82.13 W, 74
2026/09/17 21:12:16.371, 100 %, 4 %, 15714 MiB, 16384 MiB, 122.33 W, 75
2026/09/17 21:12:17.374, 100 %, 12 %, 15714 MiB, 16384 MiB, 126.50 W, 78
2026/09/17 21:12:18.377, 100 %, 48 %, 15714 MiB, 16384 MiB, 249.10 W, 76
2026/09/17 21:12:19.380, 100 %, 5 %, 15714 MiB, 16384 MiB, 131.61 W, 75
2026/09/17 21:12:20.382, 100 %, 42 %, 15714 MiB, 16384 MiB, 248.91 W, 76
2026/09/17 21:12:21.384, 100 %, 4 %, 15714 MiB, 16384 MiB, 132.91 W, 75
2026/09/17 21:12:22.386, 100 %, 10 %, 15714 MiB, 16384 MiB, 125.40 W, 75
2026/09/17 21:12:23.389, 100 %, 4 %, 15714 MiB, 16384 MiB, 131.31 W, 75
2026/09/17 21:12:24.392, 100 %, 1 %, 15714 MiB, 16384 MiB, 128.58 W, 75
2026/09/17 21:12:25.394, 100 %, 1 %, 15714 MiB, 16384 MiB, 130.04 W, 75
2026/09/17 21:12:26.396, 100 %, 3 %, 15714 MiB, 16384 MiB, 245.44 W, 77
2026/09/17 21:12:27.400, 100 %, 0 %, 15714 MiB, 16384 MiB, 213.97 W, 76
2026/09/17 21:12:28.404, 100 %, 44 %, 15714 MiB, 16384 MiB, 125.30 W, 75
2026/09/17 21:12:29.406, 100 %, 8 %, 15714 MiB, 16384 MiB, 124.35 W, 75
2026/09/17 21:12:30.409, 100 %, 3 %, 15714 MiB, 16384 MiB, 124.60 W, 75
2026/09/17 21:12:31.411, 100 %, 0 %, 15714 MiB, 16384 MiB, 126.10 W, 75
2026/09/17 21:12:32.413, 100 %, 5 %, 15714 MiB, 16384 MiB, 127.75 W, 76
2026/09/17 21:12:33.415, 100 %, 0 %, 15714 MiB, 16384 MiB, 127.66 W, 78
2026/09/17 21:12:34.418, 100 %, 19 %, 15714 MiB, 16384 MiB, 232.79 W, 75
2026/09/17 21:12:35.422, 100 %, 42 %, 15714 MiB, 16384 MiB, 106.62 W, 75
2026/09/17 21:12:36.424, 100 %, 31 %, 15714 MiB, 16384 MiB, 123.50 W, 75
2026/09/17 21:12:37.426, 100 %, 6 %, 15714 MiB, 16384 MiB, 129.57 W, 75
2026/09/17 21:12:38.428, 100 %, 0 %, 15714 MiB, 16384 MiB, 127.41 W, 75
2026/09/17 21:12:39.430, 100 %, 0 %, 15714 MiB, 16384 MiB, 127.68 W, 75
2026/09/17 21:12:40.432, 100 %, 1 %, 15714 MiB, 16384 MiB, 195.38 W, 77
2026/09/17 21:12:41.436, 100 %, 0 %, 15714 MiB, 16384 MiB, 238.76 W, 75
2026/09/17 21:12:42.441, 100 %, 44 %, 15714 MiB, 16384 MiB, 117.58 W, 75
2026/09/17 21:12:43.444, 100 %, 5 %, 15714 MiB, 16384 MiB, 124.75 W, 75
2026/09/17 21:12:44.446, 100 %, 2 %, 15714 MiB, 16384 MiB, 124.76 W, 75
2026/09/17 21:12:45.449, 100 %, 0 %, 15714 MiB, 16384 MiB, 126.62 W, 75
2026/09/17 21:12:46.451, 100 %, 3 %, 15714 MiB, 16384 MiB, 127.64 W, 76
2026/09/17 21:12:47.453, 100 %, 0 %, 15714 MiB, 16384 MiB, 127.82 W, 78
2026/09/17 21:12:48.457, 100 %, 36 %, 15714 MiB, 16384 MiB, 148.18 W, 75
2026/09/17 21:12:49.462, 100 %, 24 %, 15714 MiB, 16384 MiB, 134.71 W, 75
2026/09/17 21:12:50.465, 100 %, 11 %, 15714 MiB, 16384 MiB, 124.14 W, 75
2026/09/17 21:12:51.467, 100 %, 6 %, 15714 MiB, 16384 MiB, 130.35 W, 75
2026/09/17 21:12:52.470, 100 %, 0 %, 15714 MiB, 16384 MiB, 127.17 W, 75
2026/09/17 21:12:53.472, 100 %, 0 %, 15714 MiB, 16384 MiB, 127.36 W, 75
2026/09/17 21:12:54.474, 100 %, 2 %, 15714 MiB, 16384 MiB, 241.09 W, 76
2026/09/17 21:12:55.478, 100 %, 11 %, 15714 MiB, 16384 MiB, 232.82 W, 75
2026/09/17 21:12:56.482, 100 %, 47 %, 15714 MiB, 16384 MiB, 123.97 W, 75
2026/09/17 21:12:57.485, 100 %, 4 %, 15714 MiB, 16384 MiB, 124.39 W, 75
2026/09/17 21:12:58.487, 100 %, 1 %, 15714 MiB, 16384 MiB, 124.49 W, 75
2026/09/17 21:12:59.489, 100 %, 0 %, 15714 MiB, 16384 MiB, 127.40 W, 75
2026/09/17 21:13:00.492, 100 %, 2 %, 15714 MiB, 16384 MiB, 127.89 W, 77
2026/09/17 21:13:01.494, 100 %, 0 %, 15714 MiB, 16384 MiB, 194.68 W, 78
2026/09/17 21:13:02.499, 100 %, 48 %, 15714 MiB, 16384 MiB, 123.64 W, 75
2026/09/17 21:13:03.501, 100 %, 7 %, 15714 MiB, 16384 MiB, 124.82 W, 75
2026/09/17 21:13:04.504, 100 %, 3 %, 15714 MiB, 16384 MiB, 124.96 W, 75
2026/09/17 21:13:05.506, 100 %, 6 %, 15714 MiB, 16384 MiB, 131.15 W, 75
2026/09/17 21:13:06.509, 100 %, 0 %, 15714 MiB, 16384 MiB, 127.54 W, 75
2026/09/17 21:13:07.511, 100 %, 0 %, 15714 MiB, 16384 MiB, 127.88 W, 75
2026/09/17 21:13:08.513, 100 %, 22 %, 15714 MiB, 16384 MiB, 183.86 W, 75
2026/09/17 21:13:09.516, 100 %, 40 %, 15714 MiB, 16384 MiB, 224.93 W, 75
2026/09/17 21:13:10.522, 100 %, 20 %, 15714 MiB, 16384 MiB, 118.71 W, 75
2026/09/17 21:13:11.525, 100 %, 2 %, 15714 MiB, 16384 MiB, 126.27 W, 75
2026/09/17 21:13:12.528, 100 %, 0 %, 15714 MiB, 16384 MiB, 126.33 W, 75
2026/09/17 21:13:13.530, 100 %, 0 %, 15714 MiB, 16384 MiB, 129.02 W, 75
2026/09/17 21:13:14.532, 100 %, 4 %, 15714 MiB, 16384 MiB, 129.55 W, 77
2026/09/17 21:13:15.537, 100 %, 24 %, 15714 MiB, 16384 MiB, 197.39 W, 76
2026/09/17 21:13:16.541, 100 %, 37 %, 15714 MiB, 16384 MiB, 110.02 W, 75
2026/09/17 21:13:17.543, 100 %, 3 %, 15714 MiB, 16384 MiB, 126.30 W, 75
2026/09/17 21:13:18.545, 100 %, 0 %, 15714 MiB, 16384 MiB, 126.60 W, 75
2026/09/17 21:13:19.547, 100 %, 5 %, 15714 MiB, 16384 MiB, 132.65 W, 75
2026/09/17 21:13:20.550, 100 %, 0 %, 15714 MiB, 16384 MiB, 129.70 W, 75
2026/09/17 21:13:21.552, 100 %, 8 %, 15714 MiB, 16384 MiB, 135.14 W, 77
2026/09/17 21:13:22.555, 100 %, 40 %, 15714 MiB, 16384 MiB, 87.43 W, 73
2026/09/17 21:13:23.560, 100 %, 31 %, 15714 MiB, 16384 MiB, 113.24 W, 75
2026/09/17 21:13:24.563, 100 %, 6 %, 15714 MiB, 16384 MiB, 131.67 W, 75
2026/09/17 21:13:25.565, 100 %, 0 %, 15714 MiB, 16384 MiB, 128.58 W, 75
2026/09/17 21:13:26.567, 100 %, 0 %, 15714 MiB, 16384 MiB, 128.57 W, 75
2026/09/17 21:13:27.570, 100 %, 0 %, 15714 MiB, 16384 MiB, 129.83 W, 77
2026/09/17 21:13:28.572, 100 %, 43 %, 15714 MiB, 16384 MiB, 133.27 W, 74
2026/09/17 21:13:29.577, 100 %, 44 %, 15714 MiB, 16384 MiB, 134.05 W, 75
2026/09/17 21:13:30.583, 100 %, 6 %, 15714 MiB, 16384 MiB, 130.47 W, 75
2026/09/17 21:13:31.585, 100 %, 0 %, 15714 MiB, 16384 MiB, 128.51 W, 75
2026/09/17 21:13:32.588, 100 %, 0 %, 15714 MiB, 16384 MiB, 128.68 W, 75
2026/09/17 21:13:33.590, 1 %, 2 %, 15714 MiB, 16384 MiB, 68.05 W, 73
2026/09/17 21:13:34.592, 100 %, 8 %, 15714 MiB, 16384 MiB, 76.80 W, 73
2026/09/17 21:13:35.594, 1 %, 2 %, 15714 MiB, 16384 MiB, 68.54 W, 72
2026/09/17 21:13:36.597, 85 %, 5 %, 15714 MiB, 16384 MiB, 70.65 W, 72
2026/09/17 21:13:37.599, 100 %, 5 %, 15714 MiB, 16384 MiB, 70.27 W, 72
2026/09/17 21:13:38.601, 44 %, 8 %, 15714 MiB, 16384 MiB, 80.20 W, 72
2026/09/17 21:13:39.604, 49 %, 9 %, 15714 MiB, 16384 MiB, 70.86 W, 72
2026/09/17 21:13:40.606, 62 %, 4 %, 15714 MiB, 16384 MiB, 68.73 W, 71
2026/09/17 21:13:41.610, 84 %, 10 %, 15714 MiB, 16384 MiB, 70.11 W, 71
2026/09/17 21:13:42.614, 64 %, 9 %, 15714 MiB, 16384 MiB, 75.63 W, 71
2026/09/17 21:13:43.617, 50 %, 9 %, 15714 MiB, 16384 MiB, 79.85 W, 70
2026/09/17 21:13:44.620, 100 %, 8 %, 15714 MiB, 16384 MiB, 76.97 W, 70
2026/09/17 21:13:45.625, 100 %, 8 %, 15714 MiB, 16384 MiB, 73.09 W, 70
2026/09/17 21:13:46.628, 87 %, 12 %, 15714 MiB, 16384 MiB, 70.50 W, 70
2026/09/17 21:13:47.631, 100 %, 8 %, 15714 MiB, 16384 MiB, 69.40 W, 69
2026/09/17 21:13:48.634, 100 %, 8 %, 15714 MiB, 16384 MiB, 74.90 W, 69
2026/09/17 21:13:49.638, 100 %, 7 %, 15714 MiB, 16384 MiB, 73.28 W, 69
2026/09/17 21:13:50.642, 100 %, 8 %, 15714 MiB, 16384 MiB, 69.14 W, 69
2026/09/17 21:13:51.645, 100 %, 8 %, 15714 MiB, 16384 MiB, 74.09 W, 69
2026/09/17 21:13:52.650, 100 %, 7 %, 15714 MiB, 16384 MiB, 71.17 W, 68
2026/09/17 21:13:53.675, 68 %, 9 %, 15714 MiB, 16384 MiB, 67.09 W, 68
2026/09/17 21:13:54.678, 79 %, 4 %, 15714 MiB, 16384 MiB, 68.20 W, 68
2026/09/17 21:13:55.680, 100 %, 8 %, 15714 MiB, 16384 MiB, 74.42 W, 68
2026/09/17 21:13:56.682, 100 %, 8 %, 15714 MiB, 16384 MiB, 73.96 W, 68
2026/09/17 21:13:57.684, 90 %, 10 %, 15714 MiB, 16384 MiB, 68.39 W, 67
2026/09/17 21:13:58.687, 74 %, 5 %, 15714 MiB, 16384 MiB, 67.61 W, 67
2026/09/17 21:13:59.689, 100 %, 5 %, 15714 MiB, 16384 MiB, 68.45 W, 67
2026/09/17 21:14:00.691, 100 %, 8 %, 15714 MiB, 16384 MiB, 68.70 W, 67
2026/09/17 21:14:01.694, 88 %, 10 %, 15714 MiB, 16384 MiB, 69.84 W, 67
2026/09/17 21:14:02.696, 47 %, 9 %, 15714 MiB, 16384 MiB, 80.01 W, 67
2026/09/17 21:14:03.698, 53 %, 9 %, 15714 MiB, 16384 MiB, 77.06 W, 67
2026/09/17 21:14:04.700, 100 %, 8 %, 15714 MiB, 16384 MiB, 69.63 W, 66
2026/09/17 21:14:05.703, 100 %, 8 %, 15714 MiB, 16384 MiB, 74.61 W, 66
2026/09/17 21:14:06.705, 100 %, 7 %, 15714 MiB, 16384 MiB, 72.32 W, 66
2026/09/17 21:14:07.707, 69 %, 9 %, 15714 MiB, 16384 MiB, 76.92 W, 66
2026/09/17 21:14:08.710, 68 %, 9 %, 15714 MiB, 16384 MiB, 76.78 W, 66
2026/09/17 21:14:09.713, 100 %, 8 %, 15714 MiB, 16384 MiB, 68.02 W, 66
2026/09/17 21:14:10.717, 100 %, 8 %, 15714 MiB, 16384 MiB, 73.55 W, 66
2026/09/17 21:14:11.720, 100 %, 8 %, 15714 MiB, 16384 MiB, 73.39 W, 66
2026/09/17 21:14:12.722, 53 %, 9 %, 15714 MiB, 16384 MiB, 76.89 W, 65
2026/09/17 21:14:13.725, 66 %, 9 %, 15714 MiB, 16384 MiB, 66.81 W, 65
2026/09/17 21:14:14.727, 68 %, 5 %, 15714 MiB, 16384 MiB, 66.66 W, 65
2026/09/17 21:14:15.729, 100 %, 8 %, 15714 MiB, 16384 MiB, 73.36 W, 65
2026/09/17 21:14:16.731, 96 %, 11 %, 15714 MiB, 16384 MiB, 67.88 W, 65
2026/09/17 21:14:17.734, 76 %, 10 %, 15714 MiB, 16384 MiB, 65.93 W, 65
2026/09/17 21:14:18.736, 94 %, 5 %, 15714 MiB, 16384 MiB, 67.78 W, 64
2026/09/17 21:14:19.738, 100 %, 8 %, 15714 MiB, 16384 MiB, 67.30 W, 64
2026/09/17 21:14:20.741, 100 %, 7 %, 15714 MiB, 16384 MiB, 67.09 W, 64
2026/09/17 21:14:21.743, 69 %, 9 %, 15714 MiB, 16384 MiB, 67.82 W, 64
2026/09/17 21:14:22.745, 68 %, 9 %, 15714 MiB, 16384 MiB, 77.64 W, 64
2026/09/17 21:14:23.747, 100 %, 8 %, 15714 MiB, 16384 MiB, 67.18 W, 64
2026/09/17 21:14:24.752, 100 %, 8 %, 15714 MiB, 16384 MiB, 67.90 W, 64
2026/09/17 21:14:25.755, 100 %, 8 %, 15714 MiB, 16384 MiB, 73.18 W, 64
2026/09/17 21:14:26.757, 52 %, 9 %, 15714 MiB, 16384 MiB, 77.44 W, 64
2026/09/17 21:14:27.759, 62 %, 9 %, 15714 MiB, 16384 MiB, 75.96 W, 64
2026/09/17 21:14:28.763, 55 %, 9 %, 15714 MiB, 16384 MiB, 64.21 W, 64
2026/09/17 21:14:29.766, 100 %, 8 %, 15714 MiB, 16384 MiB, 71.86 W, 63
2026/09/17 21:14:30.770, 100 %, 8 %, 15714 MiB, 16384 MiB, 66.83 W, 64
2026/09/17 21:14:31.774, 95 %, 12 %, 15714 MiB, 16384 MiB, 68.71 W, 63
2026/09/17 21:14:32.776, 67 %, 4 %, 15714 MiB, 16384 MiB, 63.66 W, 63
2026/09/17 21:14:33.778, 100 %, 8 %, 15714 MiB, 16384 MiB, 64.92 W, 63
2026/09/17 21:14:34.781, 100 %, 7 %, 15714 MiB, 16384 MiB, 70.60 W, 63
2026/09/17 21:14:35.783, 69 %, 9 %, 15714 MiB, 16384 MiB, 70.29 W, 63
2026/09/17 21:14:36.786, 68 %, 9 %, 15714 MiB, 16384 MiB, 64.90 W, 63
2026/09/17 21:14:37.788, 100 %, 8 %, 15714 MiB, 16384 MiB, 72.20 W, 63
2026/09/17 21:14:38.791, 100 %, 8 %, 15714 MiB, 16384 MiB, 63.06 W, 63
2026/09/17 21:14:39.793, 100 %, 8 %, 15714 MiB, 16384 MiB, 64.51 W, 63
2026/09/17 21:14:40.795, 52 %, 9 %, 15714 MiB, 16384 MiB, 70.33 W, 63
2026/09/17 21:14:41.798, 66 %, 6 %, 15714 MiB, 16384 MiB, 66.18 W, 62
2026/09/17 21:14:42.801, 78 %, 5 %, 15714 MiB, 16384 MiB, 64.20 W, 63
2026/09/17 21:14:43.805, 100 %, 8 %, 15714 MiB, 16384 MiB, 65.49 W, 62
2026/09/17 21:14:44.809, 100 %, 8 %, 15714 MiB, 16384 MiB, 65.93 W, 62
2026/09/17 21:14:45.812, 87 %, 11 %, 15714 MiB, 16384 MiB, 70.32 W, 63
2026/09/17 21:14:46.817, 84 %, 5 %, 15714 MiB, 16384 MiB, 63.74 W, 62
2026/09/17 21:14:47.820, 100 %, 8 %, 15714 MiB, 16384 MiB, 74.87 W, 62
2026/09/17 21:14:48.823, 100 %, 8 %, 15714 MiB, 16384 MiB, 64.35 W, 62
2026/09/17 21:14:49.826, 84 %, 10 %, 15714 MiB, 16384 MiB, 64.51 W, 62
2026/09/17 21:14:50.830, 70 %, 9 %, 15714 MiB, 16384 MiB, 64.30 W, 62
2026/09/17 21:14:51.834, 75 %, 4 %, 15714 MiB, 16384 MiB, 64.46 W, 62
2026/09/17 21:14:52.836, 100 %, 8 %, 15714 MiB, 16384 MiB, 75.87 W, 62
2026/09/17 21:14:53.839, 100 %, 8 %, 15714 MiB, 16384 MiB, 73.63 W, 62
2026/09/17 21:14:54.841, 77 %, 10 %, 15714 MiB, 16384 MiB, 64.17 W, 62
2026/09/17 21:14:55.844, 69 %, 9 %, 15714 MiB, 16384 MiB, 70.72 W, 62
2026/09/17 21:14:56.846, 56 %, 9 %, 15714 MiB, 16384 MiB, 68.42 W, 62
2026/09/17 21:14:57.848, 100 %, 8 %, 15714 MiB, 16384 MiB, 62.37 W, 62
2026/09/17 21:14:58.851, 100 %, 2 %, 15714 MiB, 16384 MiB, 210.43 W, 64
2026/09/17 21:14:59.854, 100 %, 27 %, 15714 MiB, 16384 MiB, 106.01 W, 64
2026/09/17 21:15:00.856, 100 %, 3 %, 15714 MiB, 16384 MiB, 244.85 W, 64
2026/09/17 21:15:01.859, 100 %, 41 %, 15714 MiB, 16384 MiB, 126.50 W, 65
2026/09/17 21:15:02.861, 100 %, 5 %, 15714 MiB, 16384 MiB, 116.80 W, 65
2026/09/17 21:15:03.863, 100 %, 43 %, 15714 MiB, 16384 MiB, 64.35 W, 64
2026/09/17 21:15:04.866, 100 %, 36 %, 15714 MiB, 16384 MiB, 120.72 W, 69
2026/09/17 21:15:05.868, 100 %, 3 %, 15714 MiB, 16384 MiB, 217.96 W, 68
2026/09/17 21:15:06.872, 100 %, 29 %, 15714 MiB, 16384 MiB, 130.29 W, 66
2026/09/17 21:15:07.878, 100 %, 7 %, 15714 MiB, 16384 MiB, 121.45 W, 66
2026/09/17 21:15:08.880, 100 %, 36 %, 15714 MiB, 16384 MiB, 130.69 W, 66
2026/09/17 21:15:09.882, 100 %, 49 %, 15714 MiB, 16384 MiB, 117.78 W, 67
2026/09/17 21:15:10.885, 100 %, 4 %, 15714 MiB, 16384 MiB, 153.85 W, 70
2026/09/17 21:15:11.887, 100 %, 41 %, 15714 MiB, 16384 MiB, 75.58 W, 67
2026/09/17 21:15:12.889, 100 %, 5 %, 15714 MiB, 16384 MiB, 215.64 W, 70
2026/09/17 21:15:13.894, 100 %, 26 %, 15714 MiB, 16384 MiB, 157.53 W, 68
2026/09/17 21:15:14.896, 100 %, 45 %, 15714 MiB, 16384 MiB, 116.15 W, 68
2026/09/17 21:15:15.898, 100 %, 40 %, 15714 MiB, 16384 MiB, 241.56 W, 67
2026/09/17 21:15:16.902, 100 %, 46 %, 15714 MiB, 16384 MiB, 127.79 W, 68
2026/09/17 21:15:17.905, 100 %, 10 %, 15714 MiB, 16384 MiB, 121.52 W, 70
2026/09/17 21:15:18.907, 100 %, 12 %, 15714 MiB, 16384 MiB, 193.67 W, 70
2026/09/17 21:15:19.912, 100 %, 7 %, 15714 MiB, 16384 MiB, 101.35 W, 68
2026/09/17 21:15:20.914, 100 %, 29 %, 15714 MiB, 16384 MiB, 227.46 W, 69
2026/09/17 21:15:21.916, 100 %, 44 %, 15714 MiB, 16384 MiB, 143.85 W, 69
2026/09/17 21:15:22.920, 100 %, 4 %, 15714 MiB, 16384 MiB, 123.99 W, 69
2026/09/17 21:15:23.922, 100 %, 45 %, 15714 MiB, 16384 MiB, 79.84 W, 68
2026/09/17 21:15:24.924, 100 %, 12 %, 15714 MiB, 16384 MiB, 122.59 W, 70
2026/09/17 21:15:25.926, 100 %, 14 %, 15714 MiB, 16384 MiB, 186.07 W, 72
2026/09/17 21:15:26.929, 100 %, 49 %, 15714 MiB, 16384 MiB, 196.47 W, 70
2026/09/17 21:15:27.932, 100 %, 5 %, 15714 MiB, 16384 MiB, 124.74 W, 70
2026/09/17 21:15:28.934, 100 %, 41 %, 15714 MiB, 16384 MiB, 147.21 W, 70
2026/09/17 21:15:29.936, 100 %, 27 %, 15714 MiB, 16384 MiB, 120.37 W, 70
2026/09/17 21:15:30.939, 100 %, 6 %, 15714 MiB, 16384 MiB, 125.40 W, 70
2026/09/17 21:15:31.941, 100 %, 6 %, 15714 MiB, 16384 MiB, 129.54 W, 71
2026/09/17 21:15:32.943, 100 %, 1 %, 15714 MiB, 16384 MiB, 126.56 W, 71
2026/09/17 21:15:33.945, 100 %, 0 %, 15714 MiB, 16384 MiB, 126.56 W, 72
2026/09/17 21:15:34.947, 100 %, 3 %, 15714 MiB, 16384 MiB, 230.99 W, 70
2026/09/17 21:15:35.952, 100 %, 20 %, 15714 MiB, 16384 MiB, 156.16 W, 71
2026/09/17 21:15:36.958, 100 %, 36 %, 15714 MiB, 16384 MiB, 126.72 W, 71
2026/09/17 21:15:37.960, 100 %, 3 %, 15714 MiB, 16384 MiB, 124.14 W, 71
2026/09/17 21:15:38.962, 100 %, 0 %, 15714 MiB, 16384 MiB, 124.81 W, 71
2026/09/17 21:15:39.964, 100 %, 0 %, 15714 MiB, 16384 MiB, 126.92 W, 71
2026/09/17 21:15:40.966, 100 %, 1 %, 15714 MiB, 16384 MiB, 234.71 W, 71
2026/09/17 21:15:41.970, 100 %, 6 %, 15714 MiB, 16384 MiB, 212.19 W, 72
2026/09/17 21:15:42.976, 100 %, 47 %, 15714 MiB, 16384 MiB, 125.10 W, 72
2026/09/17 21:15:43.979, 100 %, 4 %, 15714 MiB, 16384 MiB, 124.14 W, 72
2026/09/17 21:15:44.981, 100 %, 1 %, 15714 MiB, 16384 MiB, 124.56 W, 72
2026/09/17 21:15:45.984, 100 %, 6 %, 15714 MiB, 16384 MiB, 129.47 W, 72
2026/09/17 21:15:46.986, 100 %, 0 %, 15714 MiB, 16384 MiB, 127.41 W, 72
2026/09/17 21:15:47.988, 100 %, 0 %, 15714 MiB, 16384 MiB, 247.32 W, 73
2026/09/17 21:15:48.992, 100 %, 40 %, 15714 MiB, 16384 MiB, 96.21 W, 72
2026/09/17 21:15:49.994, 100 %, 43 %, 15714 MiB, 16384 MiB, 122.85 W, 72
2026/09/17 21:15:50.997, 100 %, 6 %, 15714 MiB, 16384 MiB, 129.77 W, 73
2026/09/17 21:15:51.999, 100 %, 0 %, 15714 MiB, 16384 MiB, 127.46 W, 73
2026/09/17 21:15:53.001, 100 %, 0 %, 15714 MiB, 16384 MiB, 127.99 W, 73
2026/09/17 21:15:54.003, 100 %, 1 %, 15714 MiB, 16384 MiB, 227.30 W, 75
2026/09/17 21:15:55.009, 100 %, 41 %, 15714 MiB, 16384 MiB, 66.06 W, 73
2026/09/17 21:15:56.013, 100 %, 46 %, 15714 MiB, 16384 MiB, 122.74 W, 73
2026/09/17 21:15:57.015, 100 %, 6 %, 15714 MiB, 16384 MiB, 129.93 W, 73
2026/09/17 21:15:58.020, 100 %, 0 %, 15714 MiB, 16384 MiB, 127.35 W, 73
2026/09/17 21:15:59.023, 100 %, 0 %, 15714 MiB, 16384 MiB, 127.90 W, 73
2026/09/17 21:16:00.025, 100 %, 2 %, 15714 MiB, 16384 MiB, 190.44 W, 77
2026/09/17 21:16:01.027, 100 %, 0 %, 15714 MiB, 16384 MiB, 234.84 W, 75
2026/09/17 21:16:02.031, 100 %, 43 %, 15714 MiB, 16384 MiB, 120.47 W, 73
2026/09/17 21:16:03.034, 100 %, 5 %, 15714 MiB, 16384 MiB, 124.72 W, 73
2026/09/17 21:16:04.037, 100 %, 2 %, 15714 MiB, 16384 MiB, 125.10 W, 73
2026/09/17 21:16:05.039, 100 %, 6 %, 15714 MiB, 16384 MiB, 131.23 W, 74
2026/09/17 21:16:06.041, 100 %, 0 %, 15714 MiB, 16384 MiB, 128.32 W, 73
2026/09/17 21:16:07.043, 100 %, 0 %, 15714 MiB, 16384 MiB, 128.40 W, 77
2026/09/17 21:16:08.048, 100 %, 45 %, 15714 MiB, 16384 MiB, 216.12 W, 74
2026/09/17 21:16:09.050, 100 %, 7 %, 15714 MiB, 16384 MiB, 116.45 W, 73
2026/09/17 21:16:10.053, 100 %, 3 %, 15714 MiB, 16384 MiB, 124.12 W, 74
2026/09/17 21:16:11.055, 100 %, 6 %, 15714 MiB, 16384 MiB, 131.31 W, 74
2026/09/17 21:16:12.058, 100 %, 0 %, 15714 MiB, 16384 MiB, 128.70 W, 74
2026/09/17 21:16:13.060, 100 %, 0 %, 15714 MiB, 16384 MiB, 128.51 W, 74
2026/09/17 21:16:14.062, 100 %, 35 %, 15714 MiB, 16384 MiB, 238.24 W, 73
2026/09/17 21:16:15.065, 100 %, 46 %, 15714 MiB, 16384 MiB, 196.98 W, 74
2026/09/17 21:16:16.076, 100 %, 8 %, 15714 MiB, 16384 MiB, 127.22 W, 74
2026/09/17 21:16:17.078, 100 %, 0 %, 15714 MiB, 16384 MiB, 125.91 W, 74
2026/09/17 21:16:18.080, 100 %, 0 %, 15714 MiB, 16384 MiB, 126.56 W, 74
2026/09/17 21:16:19.082, 100 %, 5 %, 15714 MiB, 16384 MiB, 130.65 W, 74
2026/09/17 21:16:20.084, 100 %, 0 %, 15714 MiB, 16384 MiB, 128.85 W, 74
2026/09/17 21:16:21.086, 100 %, 44 %, 15714 MiB, 16384 MiB, 235.43 W, 74
2026/09/17 21:16:22.090, 100 %, 15 %, 15714 MiB, 16384 MiB, 125.11 W, 74
2026/09/17 21:16:23.094, 100 %, 0 %, 15714 MiB, 16384 MiB, 125.84 W, 74
2026/09/17 21:16:24.096, 100 %, 0 %, 15714 MiB, 16384 MiB, 126.50 W, 74
2026/09/17 21:16:25.098, 100 %, 4 %, 15714 MiB, 16384 MiB, 130.40 W, 74
2026/09/17 21:16:26.100, 100 %, 0 %, 15714 MiB, 16384 MiB, 129.38 W, 74
2026/09/17 21:16:27.102, 100 %, 30 %, 15714 MiB, 16384 MiB, 245.14 W, 76
2026/09/17 21:16:28.106, 100 %, 27 %, 15714 MiB, 16384 MiB, 94.04 W, 74
2026/09/17 21:16:29.109, 100 %, 9 %, 15714 MiB, 16384 MiB, 124.45 W, 74
2026/09/17 21:16:30.111, 100 %, 7 %, 15714 MiB, 16384 MiB, 131.20 W, 74
2026/09/17 21:16:31.113, 100 %, 0 %, 15714 MiB, 16384 MiB, 129.83 W, 74
2026/09/17 21:16:32.115, 100 %, 1 %, 15714 MiB, 16384 MiB, 129.63 W, 74
2026/09/17 21:16:33.117, 100 %, 16 %, 15714 MiB, 16384 MiB, 216.52 W, 76
2026/09/17 21:16:34.130, 100 %, 33 %, 15714 MiB, 16384 MiB, 237.32 W, 76
2026/09/17 21:16:35.133, 100 %, 24 %, 15714 MiB, 16384 MiB, 123.96 W, 74
2026/09/17 21:16:36.135, 100 %, 6 %, 15714 MiB, 16384 MiB, 131.48 W, 75
2026/09/17 21:16:37.138, 100 %, 0 %, 15714 MiB, 16384 MiB, 129.12 W, 74
2026/09/17 21:16:38.140, 100 %, 1 %, 15714 MiB, 16384 MiB, 129.60 W, 74
2026/09/17 21:16:39.142, 100 %, 5 %, 15714 MiB, 16384 MiB, 185.42 W, 78
2026/09/17 21:16:40.145, 100 %, 26 %, 15714 MiB, 16384 MiB, 219.86 W, 76
2026/09/17 21:16:41.148, 100 %, 39 %, 15714 MiB, 16384 MiB, 116.20 W, 74
2026/09/17 21:16:42.150, 100 %, 19 %, 15714 MiB, 16384 MiB, 128.71 W, 78
2026/09/17 21:16:43.155, 88 %, 5 %, 15714 MiB, 16384 MiB, 68.92 W, 73
2026/09/17 21:16:44.157, 100 %, 3 %, 15714 MiB, 16384 MiB, 252.33 W, 74
2026/09/17 21:16:45.160, 100 %, 23 %, 15714 MiB, 16384 MiB, 136.20 W, 74
2026/09/17 21:16:46.162, 100 %, 3 %, 15714 MiB, 16384 MiB, 252.43 W, 74
2026/09/17 21:16:47.164, 100 %, 29 %, 15714 MiB, 16384 MiB, 132.06 W, 75
2026/09/17 21:16:48.167, 100 %, 44 %, 15714 MiB, 16384 MiB, 122.62 W, 75
2026/09/17 21:16:49.169, 100 %, 4 %, 15714 MiB, 16384 MiB, 133.40 W, 77
2026/09/17 21:16:50.175, 100 %, 45 %, 15714 MiB, 16384 MiB, 68.73 W, 74
2026/09/17 21:16:51.179, 100 %, 19 %, 15714 MiB, 16384 MiB, 174.62 W, 77
2026/09/17 21:16:52.182, 100 %, 2 %, 15714 MiB, 16384 MiB, 243.56 W, 75
2026/09/17 21:16:53.185, 100 %, 13 %, 15714 MiB, 16384 MiB, 144.33 W, 75
2026/09/17 21:16:54.188, 100 %, 9 %, 15714 MiB, 16384 MiB, 177.97 W, 74
2026/09/17 21:16:55.191, 100 %, 41 %, 15714 MiB, 16384 MiB, 114.20 W, 75
2026/09/17 21:16:56.193, 100 %, 45 %, 15714 MiB, 16384 MiB, 123.98 W, 75
2026/09/17 21:16:57.195, 100 %, 3 %, 15714 MiB, 16384 MiB, 227.01 W, 77
2026/09/17 21:16:58.198, 100 %, 38 %, 15714 MiB, 16384 MiB, 111.68 W, 75
2026/09/17 21:16:59.200, 100 %, 3 %, 15714 MiB, 16384 MiB, 241.39 W, 77
2026/09/17 21:17:00.204, 100 %, 17 %, 15714 MiB, 16384 MiB, 152.05 W, 75
2026/09/17 21:17:01.207, 100 %, 6 %, 15714 MiB, 16384 MiB, 117.51 W, 75
2026/09/17 21:17:02.209, 100 %, 34 %, 15714 MiB, 16384 MiB, 244.89 W, 74
2026/09/17 21:17:03.213, 100 %, 45 %, 15714 MiB, 16384 MiB, 138.87 W, 75
2026/09/17 21:17:04.215, 100 %, 20 %, 15714 MiB, 16384 MiB, 122.71 W, 75
2026/09/17 21:17:05.217, 100 %, 0 %, 15714 MiB, 16384 MiB, 132.65 W, 77
2026/09/17 21:17:06.221, 100 %, 17 %, 15714 MiB, 16384 MiB, 125.51 W, 75
2026/09/17 21:17:07.223, 100 %, 2 %, 15714 MiB, 16384 MiB, 146.80 W, 77
2026/09/17 21:17:08.226, 100 %, 42 %, 15714 MiB, 16384 MiB, 249.45 W, 75
2026/09/17 21:17:09.229, 100 %, 6 %, 15714 MiB, 16384 MiB, 138.67 W, 75
2026/09/17 21:17:10.231, 100 %, 47 %, 15714 MiB, 16384 MiB, 200.76 W, 74
2026/09/17 21:17:11.233, 100 %, 45 %, 15714 MiB, 16384 MiB, 110.64 W, 75
2026/09/17 21:17:12.235, 100 %, 9 %, 15714 MiB, 16384 MiB, 125.04 W, 75
2026/09/17 21:17:13.237, 100 %, 39 %, 15714 MiB, 16384 MiB, 68.71 W, 74
2026/09/17 21:17:14.240, 100 %, 4 %, 15714 MiB, 16384 MiB, 128.10 W, 75
2026/09/17 21:17:15.242, 100 %, 18 %, 15714 MiB, 16384 MiB, 230.21 W, 78
2026/09/17 21:17:16.248, 100 %, 41 %, 15714 MiB, 16384 MiB, 67.22 W, 74
2026/09/17 21:17:17.250, 100 %, 36 %, 15714 MiB, 16384 MiB, 121.47 W, 75
2026/09/17 21:17:18.255, 100 %, 6 %, 15714 MiB, 16384 MiB, 131.44 W, 75
2026/09/17 21:17:19.258, 100 %, 0 %, 15714 MiB, 16384 MiB, 128.49 W, 75
2026/09/17 21:17:20.261, 100 %, 1 %, 15714 MiB, 16384 MiB, 129.63 W, 75
2026/09/17 21:17:21.263, 100 %, 1 %, 15714 MiB, 16384 MiB, 130.96 W, 75
2026/09/17 21:17:22.265, 100 %, 7 %, 15714 MiB, 16384 MiB, 130.06 W, 79
2026/09/17 21:17:23.270, 100 %, 47 %, 15714 MiB, 16384 MiB, 232.68 W, 75
2026/09/17 21:17:24.273, 100 %, 6 %, 15714 MiB, 16384 MiB, 126.84 W, 75
2026/09/17 21:17:25.276, 100 %, 0 %, 15714 MiB, 16384 MiB, 126.70 W, 75
2026/09/17 21:17:26.281, 100 %, 0 %, 15714 MiB, 16384 MiB, 126.95 W, 75
2026/09/17 21:17:27.286, 100 %, 1 %, 15714 MiB, 16384 MiB, 130.72 W, 75
2026/09/17 21:17:28.290, 100 %, 1 %, 15714 MiB, 16384 MiB, 130.11 W, 75
2026/09/17 21:17:29.292, 100 %, 1 %, 15714 MiB, 16384 MiB, 242.26 W, 75
2026/09/17 21:17:30.294, 100 %, 38 %, 15714 MiB, 16384 MiB, 93.85 W, 75
2026/09/17 21:17:31.296, 100 %, 41 %, 15714 MiB, 16384 MiB, 124.84 W, 75
2026/09/17 21:17:32.298, 100 %, 6 %, 15714 MiB, 16384 MiB, 131.83 W, 75
2026/09/17 21:17:33.301, 100 %, 0 %, 15714 MiB, 16384 MiB, 129.47 W, 75
2026/09/17 21:17:34.304, 100 %, 0 %, 15714 MiB, 16384 MiB, 130.23 W, 75
2026/09/17 21:17:35.306, 100 %, 3 %, 15714 MiB, 16384 MiB, 216.41 W, 76
2026/09/17 21:17:36.308, 100 %, 1 %, 15714 MiB, 16384 MiB, 234.08 W, 75
2026/09/17 21:17:37.311, 100 %, 46 %, 15714 MiB, 16384 MiB, 122.68 W, 75
2026/09/17 21:17:38.313, 100 %, 5 %, 15714 MiB, 16384 MiB, 131.76 W, 75
2026/09/17 21:17:39.315, 100 %, 0 %, 15714 MiB, 16384 MiB, 128.96 W, 75
2026/09/17 21:17:40.317, 100 %, 0 %, 15714 MiB, 16384 MiB, 129.69 W, 75
2026/09/17 21:17:41.320, 100 %, 3 %, 15714 MiB, 16384 MiB, 151.04 W, 78
2026/09/17 21:17:42.323, 100 %, 1 %, 15714 MiB, 16384 MiB, 222.42 W, 77
2026/09/17 21:17:43.330, 100 %, 44 %, 15714 MiB, 16384 MiB, 117.31 W, 75
2026/09/17 21:17:44.335, 100 %, 10 %, 15714 MiB, 16384 MiB, 126.57 W, 75
2026/09/17 21:17:45.337, 100 %, 3 %, 15714 MiB, 16384 MiB, 126.73 W, 75
2026/09/17 21:17:46.345, 100 %, 6 %, 15714 MiB, 16384 MiB, 132.14 W, 75
2026/09/17 21:17:47.347, 100 %, 0 %, 15714 MiB, 16384 MiB, 129.82 W, 75
2026/09/17 21:17:48.349, 100 %, 1 %, 15714 MiB, 16384 MiB, 168.79 W, 78
2026/09/17 21:17:49.352, 100 %, 33 %, 15714 MiB, 16384 MiB, 69.64 W, 74
2026/09/17 21:17:50.354, 100 %, 42 %, 15714 MiB, 16384 MiB, 118.21 W, 75
2026/09/17 21:17:51.356, 100 %, 7 %, 15714 MiB, 16384 MiB, 126.82 W, 75
2026/09/17 21:17:52.358, 100 %, 6 %, 15714 MiB, 16384 MiB, 133.79 W, 75
2026/09/17 21:17:53.360, 100 %, 0 %, 15714 MiB, 16384 MiB, 129.68 W, 75
2026/09/17 21:17:54.362, 100 %, 0 %, 15714 MiB, 16384 MiB, 130.32 W, 75
2026/09/17 21:17:55.365, 100 %, 18 %, 15714 MiB, 16384 MiB, 110.30 W, 74
2026/09/17 21:17:56.367, 100 %, 36 %, 15714 MiB, 16384 MiB, 121.40 W, 75
2026/09/17 21:17:57.372, 100 %, 23 %, 15714 MiB, 16384 MiB, 131.86 W, 75
2026/09/17 21:17:58.374, 100 %, 3 %, 15714 MiB, 16384 MiB, 128.37 W, 75
2026/09/17 21:17:59.376, 100 %, 0 %, 15714 MiB, 16384 MiB, 127.23 W, 75
2026/09/17 21:18:00.379, 100 %, 5 %, 15714 MiB, 16384 MiB, 131.82 W, 75
2026/09/17 21:18:01.381, 100 %, 1 %, 15714 MiB, 16384 MiB, 130.42 W, 75
2026/09/17 21:18:02.383, 100 %, 18 %, 15714 MiB, 16384 MiB, 239.35 W, 75
2026/09/17 21:18:03.387, 100 %, 37 %, 15714 MiB, 16384 MiB, 74.05 W, 75
2026/09/17 21:18:04.389, 100 %, 20 %, 15714 MiB, 16384 MiB, 125.13 W, 75
2026/09/17 21:18:05.392, 100 %, 0 %, 15714 MiB, 16384 MiB, 127.22 W, 75
2026/09/17 21:18:06.394, 100 %, 6 %, 15714 MiB, 16384 MiB, 134.00 W, 75
2026/09/17 21:18:07.396, 100 %, 1 %, 15714 MiB, 16384 MiB, 130.31 W, 75
2026/09/17 21:18:08.398, 100 %, 7 %, 15714 MiB, 16384 MiB, 210.35 W, 77
2026/09/17 21:18:09.403, 100 %, 43 %, 15714 MiB, 16384 MiB, 65.38 W, 75
2026/09/17 21:18:10.405, 100 %, 31 %, 15714 MiB, 16384 MiB, 123.66 W, 75
2026/09/17 21:18:11.408, 100 %, 6 %, 15714 MiB, 16384 MiB, 131.79 W, 75
2026/09/17 21:18:12.410, 100 %, 0 %, 15714 MiB, 16384 MiB, 129.24 W, 75
2026/09/17 21:18:13.412, 100 %, 1 %, 15714 MiB, 16384 MiB, 130.31 W, 75
2026/09/17 21:18:14.414, 100 %, 1 %, 15714 MiB, 16384 MiB, 154.84 W, 77
2026/09/17 21:18:15.419, 100 %, 10 %, 15714 MiB, 16384 MiB, 219.32 W, 77
2026/09/17 21:18:16.423, 100 %, 43 %, 15714 MiB, 16384 MiB, 115.62 W, 75
2026/09/17 21:18:17.428, 100 %, 4 %, 15714 MiB, 16384 MiB, 127.19 W, 75
2026/09/17 21:18:18.431, 100 %, 1 %, 15714 MiB, 16384 MiB, 127.14 W, 75
2026/09/17 21:18:19.434, 100 %, 1 %, 15714 MiB, 16384 MiB, 129.76 W, 75
2026/09/17 21:18:20.436, 100 %, 1 %, 15714 MiB, 16384 MiB, 130.65 W, 78
2026/09/17 21:18:21.439, 100 %, 1 %, 15714 MiB, 16384 MiB, 175.25 W, 78
2026/09/17 21:18:22.442, 100 %, 46 %, 15714 MiB, 16384 MiB, 121.93 W, 75
2026/09/17 21:18:23.451, 100 %, 4 %, 15714 MiB, 16384 MiB, 127.42 W, 75
2026/09/17 21:18:24.453, 100 %, 2 %, 15714 MiB, 16384 MiB, 127.62 W, 75
2026/09/17 21:18:25.455, 2 %, 3 %, 15714 MiB, 16384 MiB, 69.35 W, 73
2026/09/17 21:18:26.457, 100 %, 8 %, 15714 MiB, 16384 MiB, 71.20 W, 73
2026/09/17 21:18:27.461, 36 %, 8 %, 15714 MiB, 16384 MiB, 82.02 W, 72
2026/09/17 21:18:28.464, 38 %, 3 %, 15714 MiB, 16384 MiB, 79.51 W, 72
2026/09/17 21:18:29.467, 78 %, 4 %, 15714 MiB, 16384 MiB, 68.91 W, 72
2026/09/17 21:18:30.471, 100 %, 8 %, 15714 MiB, 16384 MiB, 75.97 W, 72
2026/09/17 21:18:31.474, 79 %, 10 %, 15714 MiB, 16384 MiB, 70.31 W, 71
2026/09/17 21:18:32.477, 50 %, 9 %, 15714 MiB, 16384 MiB, 70.36 W, 71
2026/09/17 21:18:33.480, 100 %, 8 %, 15714 MiB, 16384 MiB, 70.21 W, 71
2026/09/17 21:18:34.484, 100 %, 8 %, 15714 MiB, 16384 MiB, 70.03 W, 71
2026/09/17 21:18:35.487, 100 %, 7 %, 15714 MiB, 16384 MiB, 69.16 W, 70
2026/09/17 21:18:36.490, 63 %, 9 %, 15714 MiB, 16384 MiB, 79.35 W, 70
2026/09/17 21:18:37.494, 66 %, 10 %, 15714 MiB, 16384 MiB, 78.86 W, 70
2026/09/17 21:18:38.497, 100 %, 8 %, 15714 MiB, 16384 MiB, 72.37 W, 70
2026/09/17 21:18:39.501, 100 %, 8 %, 15714 MiB, 16384 MiB, 70.71 W, 70
2026/09/17 21:18:40.504, 100 %, 9 %, 15714 MiB, 16384 MiB, 75.21 W, 69
2026/09/17 21:18:41.506, 45 %, 8 %, 15714 MiB, 16384 MiB, 79.01 W, 69
2026/09/17 21:18:42.508, 67 %, 4 %, 15714 MiB, 16384 MiB, 67.61 W, 69
2026/09/17 21:18:43.510, 100 %, 5 %, 15714 MiB, 16384 MiB, 69.09 W, 69
2026/09/17 21:18:44.513, 98 %, 10 %, 15714 MiB, 16384 MiB, 69.26 W, 69
2026/09/17 21:18:45.515, 85 %, 10 %, 15714 MiB, 16384 MiB, 69.27 W, 68
2026/09/17 21:18:46.517, 62 %, 8 %, 15714 MiB, 16384 MiB, 67.25 W, 68
2026/09/17 21:18:47.519, 100 %, 5 %, 15714 MiB, 16384 MiB, 68.99 W, 68
2026/09/17 21:18:48.521, 100 %, 8 %, 15714 MiB, 16384 MiB, 68.89 W, 68
2026/09/17 21:18:49.524, 100 %, 7 %, 15714 MiB, 16384 MiB, 74.35 W, 68
2026/09/17 21:18:50.526, 71 %, 9 %, 15714 MiB, 16384 MiB, 68.71 W, 67
2026/09/17 21:18:51.529, 66 %, 9 %, 15714 MiB, 16384 MiB, 67.60 W, 67
2026/09/17 21:18:52.531, 100 %, 6 %, 15714 MiB, 16384 MiB, 68.27 W, 67
2026/09/17 21:18:53.533, 100 %, 8 %, 15714 MiB, 16384 MiB, 68.58 W, 67
2026/09/17 21:18:54.536, 100 %, 8 %, 15714 MiB, 16384 MiB, 74.20 W, 67
2026/09/17 21:18:55.540, 52 %, 9 %, 15714 MiB, 16384 MiB, 79.26 W, 67
2026/09/17 21:18:56.543, 60 %, 9 %, 15714 MiB, 16384 MiB, 77.47 W, 67
2026/09/17 21:18:57.547, 59 %, 4 %, 15714 MiB, 16384 MiB, 66.83 W, 67
2026/09/17 21:18:58.550, 100 %, 8 %, 15714 MiB, 16384 MiB, 69.96 W, 66
2026/09/17 21:18:59.553, 100 %, 8 %, 15714 MiB, 16384 MiB, 74.51 W, 66
2026/09/17 21:19:00.556, 100 %, 7 %, 15714 MiB, 16384 MiB, 72.02 W, 66
2026/09/17 21:19:01.560, 67 %, 4 %, 15714 MiB, 16384 MiB, 76.43 W, 66
2026/09/17 21:19:02.563, 81 %, 5 %, 15714 MiB, 16384 MiB, 65.75 W, 66
2026/09/17 21:19:03.567, 100 %, 8 %, 15714 MiB, 16384 MiB, 73.57 W, 66
2026/09/17 21:19:04.570, 100 %, 8 %, 15714 MiB, 16384 MiB, 73.45 W, 65
2026/09/17 21:19:05.574, 94 %, 10 %, 15714 MiB, 16384 MiB, 67.82 W, 65
2026/09/17 21:19:06.577, 59 %, 4 %, 15714 MiB, 16384 MiB, 64.73 W, 65
2026/09/17 21:19:07.581, 86 %, 5 %, 15714 MiB, 16384 MiB, 66.22 W, 65
2026/09/17 21:19:08.585, 100 %, 8 %, 15714 MiB, 16384 MiB, 67.28 W, 65
2026/09/17 21:19:09.588, 74 %, 9 %, 15714 MiB, 16384 MiB, 67.25 W, 65
2026/09/17 21:19:10.591, 37 %, 9 %, 15714 MiB, 16384 MiB, 77.27 W, 65
2026/09/17 21:19:11.595, 50 %, 9 %, 15714 MiB, 16384 MiB, 75.80 W, 65
2026/09/17 21:19:12.598, 100 %, 8 %, 15714 MiB, 16384 MiB, 67.12 W, 64
2026/09/17 21:19:13.601, 100 %, 8 %, 15714 MiB, 16384 MiB, 67.05 W, 64
2026/09/17 21:19:14.604, 100 %, 7 %, 15714 MiB, 16384 MiB, 66.59 W, 64
2026/09/17 21:19:15.607, 68 %, 9 %, 15714 MiB, 16384 MiB, 75.53 W, 64
2026/09/17 21:19:16.609, 66 %, 9 %, 15714 MiB, 16384 MiB, 75.33 W, 64
2026/09/17 21:19:17.612, 100 %, 8 %, 15714 MiB, 16384 MiB, 67.09 W, 64
2026/09/17 21:19:18.614, 100 %, 8 %, 15714 MiB, 16384 MiB, 72.13 W, 64
2026/09/17 21:19:19.616, 100 %, 8 %, 15714 MiB, 16384 MiB, 71.16 W, 64
2026/09/17 21:19:20.619, 64 %, 9 %, 15714 MiB, 16384 MiB, 74.34 W, 64
2026/09/17 21:19:21.621, 60 %, 5 %, 15714 MiB, 16384 MiB, 62.91 W, 63
2026/09/17 21:19:22.623, 100 %, 8 %, 15714 MiB, 16384 MiB, 65.17 W, 63
2026/09/17 21:19:23.625, 100 %, 5 %, 15714 MiB, 16384 MiB, 70.65 W, 63
2026/09/17 21:19:24.628, 79 %, 10 %, 15714 MiB, 16384 MiB, 65.39 W, 63
2026/09/17 21:19:25.630, 51 %, 8 %, 15714 MiB, 16384 MiB, 63.38 W, 63
2026/09/17 21:19:26.632, 100 %, 5 %, 15714 MiB, 16384 MiB, 64.99 W, 63
2026/09/17 21:19:27.635, 100 %, 8 %, 15714 MiB, 16384 MiB, 65.61 W, 63
2026/09/17 21:19:28.637, 100 %, 7 %, 15714 MiB, 16384 MiB, 65.25 W, 63
2026/09/17 21:19:29.639, 67 %, 9 %, 15714 MiB, 16384 MiB, 64.31 W, 63
2026/09/17 21:19:30.642, 65 %, 9 %, 15714 MiB, 16384 MiB, 62.68 W, 63
2026/09/17 21:19:31.644, 100 %, 8 %, 15714 MiB, 16384 MiB, 70.75 W, 63
2026/09/17 21:19:32.646, 100 %, 8 %, 15714 MiB, 16384 MiB, 70.54 W, 63
2026/09/17 21:19:33.649, 100 %, 8 %, 15714 MiB, 16384 MiB, 66.42 W, 63
2026/09/17 21:19:34.651, 50 %, 9 %, 15714 MiB, 16384 MiB, 68.97 W, 63
2026/09/17 21:19:35.653, 25 %, 3 %, 15714 MiB, 16384 MiB, 63.88 W, 63
2026/09/17 21:19:36.657, 96 %, 5 %, 15714 MiB, 16384 MiB, 65.58 W, 62
2026/09/17 21:19:37.660, 100 %, 8 %, 15714 MiB, 16384 MiB, 64.78 W, 63
2026/09/17 21:19:38.662, 100 %, 11 %, 15714 MiB, 16384 MiB, 64.97 W, 63
2026/09/17 21:19:39.666, 67 %, 8 %, 15714 MiB, 16384 MiB, 74.75 W, 63
2026/09/17 21:19:40.669, 99 %, 5 %, 15714 MiB, 16384 MiB, 64.39 W, 62
2026/09/17 21:19:41.673, 100 %, 8 %, 15714 MiB, 16384 MiB, 64.65 W, 62
2026/09/17 21:19:42.677, 100 %, 8 %, 15714 MiB, 16384 MiB, 64.58 W, 62
2026/09/17 21:19:43.680, 95 %, 10 %, 15714 MiB, 16384 MiB, 63.93 W, 62
2026/09/17 21:19:44.684, 69 %, 9 %, 15714 MiB, 16384 MiB, 75.08 W, 62
2026/09/17 21:19:45.687, 94 %, 5 %, 15714 MiB, 16384 MiB, 64.80 W, 62
2026/09/17 21:19:46.690, 100 %, 8 %, 15714 MiB, 16384 MiB, 64.55 W, 62
2026/09/17 21:19:47.694, 100 %, 8 %, 15714 MiB, 16384 MiB, 71.19 W, 62
2026/09/17 21:19:48.698, 78 %, 9 %, 15714 MiB, 16384 MiB, 76.84 W, 62
2026/09/17 21:19:49.702, 100 %, 45 %, 15714 MiB, 16384 MiB, 178.95 W, 62
2026/09/17 21:19:50.707, 100 %, 4 %, 15714 MiB, 16384 MiB, 120.78 W, 66
2026/09/17 21:19:51.709, 100 %, 33 %, 15714 MiB, 16384 MiB, 162.91 W, 66
2026/09/17 21:19:52.714, 100 %, 43 %, 15714 MiB, 16384 MiB, 240.25 W, 65
2026/09/17 21:19:53.720, 100 %, 40 %, 15714 MiB, 16384 MiB, 210.58 W, 65
2026/09/17 21:19:54.724, 100 %, 43 %, 15714 MiB, 16384 MiB, 165.68 W, 65
2026/09/17 21:19:55.727, 100 %, 4 %, 15714 MiB, 16384 MiB, 118.72 W, 65
2026/09/17 21:19:56.730, 100 %, 5 %, 15714 MiB, 16384 MiB, 119.71 W, 69
2026/09/17 21:19:57.734, 100 %, 45 %, 15714 MiB, 16384 MiB, 65.24 W, 66
2026/09/17 21:19:58.738, 100 %, 24 %, 15714 MiB, 16384 MiB, 189.88 W, 68
2026/09/17 21:19:59.744, 100 %, 2 %, 15714 MiB, 16384 MiB, 212.95 W, 67
2026/09/17 21:20:00.746, 100 %, 18 %, 15714 MiB, 16384 MiB, 117.51 W, 66
2026/09/17 21:20:01.748, 100 %, 5 %, 15714 MiB, 16384 MiB, 135.36 W, 66
2026/09/17 21:20:02.751, 100 %, 41 %, 15714 MiB, 16384 MiB, 117.42 W, 67
2026/09/17 21:20:03.753, 100 %, 46 %, 15714 MiB, 16384 MiB, 117.70 W, 69
2026/09/17 21:20:04.755, 100 %, 2 %, 15714 MiB, 16384 MiB, 239.51 W, 69
2026/09/17 21:20:05.760, 100 %, 27 %, 15714 MiB, 16384 MiB, 127.93 W, 67
2026/09/17 21:20:06.762, 100 %, 2 %, 15714 MiB, 16384 MiB, 212.14 W, 69
2026/09/17 21:20:07.767, 100 %, 30 %, 15714 MiB, 16384 MiB, 110.38 W, 68
2026/09/17 21:20:08.771, 100 %, 5 %, 15714 MiB, 16384 MiB, 118.98 W, 68
2026/09/17 21:20:09.773, 100 %, 44 %, 15714 MiB, 16384 MiB, 125.09 W, 67
2026/09/17 21:20:10.776, 100 %, 44 %, 15714 MiB, 16384 MiB, 116.45 W, 68
2026/09/17 21:20:11.778, 100 %, 7 %, 15714 MiB, 16384 MiB, 118.76 W, 71
2026/09/17 21:20:12.781, 100 %, 9 %, 15714 MiB, 16384 MiB, 239.31 W, 69
2026/09/17 21:20:13.783, 100 %, 2 %, 15714 MiB, 16384 MiB, 128.43 W, 71
2026/09/17 21:20:14.788, 100 %, 20 %, 15714 MiB, 16384 MiB, 246.25 W, 69
2026/09/17 21:20:15.791, 100 %, 46 %, 15714 MiB, 16384 MiB, 131.20 W, 69
2026/09/17 21:20:16.793, 100 %, 4 %, 15714 MiB, 16384 MiB, 119.75 W, 69
2026/09/17 21:20:17.796, 100 %, 42 %, 15714 MiB, 16384 MiB, 66.07 W, 68
2026/09/17 21:20:18.798, 100 %, 23 %, 15714 MiB, 16384 MiB, 123.35 W, 70
2026/09/17 21:20:19.800, 100 %, 2 %, 15714 MiB, 16384 MiB, 186.66 W, 73
2026/09/17 21:20:20.803, 100 %, 17 %, 15714 MiB, 16384 MiB, 94.25 W, 70
2026/09/17 21:20:21.805, 100 %, 6 %, 15714 MiB, 16384 MiB, 218.39 W, 73
2026/09/17 21:20:22.810, 100 %, 47 %, 15714 MiB, 16384 MiB, 163.97 W, 71
2026/09/17 21:20:23.816, 100 %, 18 %, 15714 MiB, 16384 MiB, 120.71 W, 70
2026/09/17 21:20:24.818, 100 %, 5 %, 15714 MiB, 16384 MiB, 119.98 W, 71
2026/09/17 21:20:25.820, 100 %, 6 %, 15714 MiB, 16384 MiB, 127.32 W, 71
2026/09/17 21:20:26.822, 100 %, 0 %, 15714 MiB, 16384 MiB, 123.35 W, 71
2026/09/17 21:20:27.824, 100 %, 0 %, 15714 MiB, 16384 MiB, 123.39 W, 71
2026/09/17 21:20:28.827, 100 %, 24 %, 15714 MiB, 16384 MiB, 240.57 W, 72
2026/09/17 21:20:29.830, 100 %, 44 %, 15714 MiB, 16384 MiB, 157.56 W, 71
2026/09/17 21:20:30.834, 100 %, 11 %, 15714 MiB, 16384 MiB, 121.16 W, 71
2026/09/17 21:20:31.836, 100 %, 6 %, 15714 MiB, 16384 MiB, 127.23 W, 71
2026/09/17 21:20:32.838, 100 %, 0 %, 15714 MiB, 16384 MiB, 126.69 W, 72
2026/09/17 21:20:33.840, 100 %, 0 %, 15714 MiB, 16384 MiB, 127.65 W, 72
2026/09/17 21:20:34.842, 100 %, 21 %, 15714 MiB, 16384 MiB, 128.31 W, 74
2026/09/17 21:20:35.849, 100 %, 39 %, 15714 MiB, 16384 MiB, 196.51 W, 73
2026/09/17 21:20:36.854, 100 %, 17 %, 15714 MiB, 16384 MiB, 109.85 W, 72
2026/09/17 21:20:37.858, 100 %, 2 %, 15714 MiB, 16384 MiB, 125.24 W, 72
2026/09/17 21:20:38.861, 100 %, 0 %, 15714 MiB, 16384 MiB, 125.54 W, 72
2026/09/17 21:20:39.863, 100 %, 4 %, 15714 MiB, 16384 MiB, 131.81 W, 72
2026/09/17 21:20:40.865, 100 %, 0 %, 15714 MiB, 16384 MiB, 128.80 W, 72
2026/09/17 21:20:41.867, 100 %, 32 %, 15714 MiB, 16384 MiB, 154.87 W, 74
2026/09/17 21:20:42.872, 100 %, 27 %, 15714 MiB, 16384 MiB, 75.80 W, 73
2026/09/17 21:20:43.877, 100 %, 12 %, 15714 MiB, 16384 MiB, 116.98 W, 73
2026/09/17 21:20:44.880, 100 %, 0 %, 15714 MiB, 16384 MiB, 126.08 W, 73
2026/09/17 21:20:45.882, 100 %, 5 %, 15714 MiB, 16384 MiB, 132.76 W, 73
2026/09/17 21:20:46.884, 100 %, 0 %, 15714 MiB, 16384 MiB, 129.09 W, 73
2026/09/17 21:20:47.886, 100 %, 10 %, 15714 MiB, 16384 MiB, 129.02 W, 77
2026/09/17 21:20:48.893, 100 %, 44 %, 15714 MiB, 16384 MiB, 128.15 W, 72
2026/09/17 21:20:49.895, 100 %, 21 %, 15714 MiB, 16384 MiB, 128.22 W, 73
2026/09/17 21:20:50.898, 100 %, 40 %, 15714 MiB, 16384 MiB, 130.28 W, 73
2026/09/17 21:20:51.902, 100 %, 3 %, 15714 MiB, 16384 MiB, 127.61 W, 73
2026/09/17 21:20:52.904, 100 %, 0 %, 15714 MiB, 16384 MiB, 128.25 W, 73
2026/09/17 21:20:53.906, 100 %, 5 %, 15714 MiB, 16384 MiB, 129.59 W, 73
2026/09/17 21:20:54.908, 100 %, 0 %, 15714 MiB, 16384 MiB, 129.94 W, 76
2026/09/17 21:20:55.912, 100 %, 5 %, 15714 MiB, 16384 MiB, 143.67 W, 73
2026/09/17 21:20:56.916, 100 %, 45 %, 15714 MiB, 16384 MiB, 142.50 W, 73
2026/09/17 21:20:57.919, 100 %, 34 %, 15714 MiB, 16384 MiB, 127.01 W, 74
2026/09/17 21:20:58.923, 100 %, 1 %, 15714 MiB, 16384 MiB, 128.20 W, 74
2026/09/17 21:20:59.925, 100 %, 6 %, 15714 MiB, 16384 MiB, 130.67 W, 74
2026/09/17 21:21:00.927, 100 %, 0 %, 15714 MiB, 16384 MiB, 130.21 W, 74
2026/09/17 21:21:01.929, 100 %, 0 %, 15714 MiB, 16384 MiB, 182.73 W, 74
2026/09/17 21:21:02.933, 100 %, 44 %, 15714 MiB, 16384 MiB, 123.89 W, 74
2026/09/17 21:21:03.935, 100 %, 45 %, 15714 MiB, 16384 MiB, 126.39 W, 74
2026/09/17 21:21:04.938, 100 %, 6 %, 15714 MiB, 16384 MiB, 133.65 W, 74
2026/09/17 21:21:05.940, 100 %, 0 %, 15714 MiB, 16384 MiB, 130.50 W, 74
2026/09/17 21:21:06.942, 100 %, 0 %, 15714 MiB, 16384 MiB, 130.78 W, 74
2026/09/17 21:21:07.944, 100 %, 1 %, 15714 MiB, 16384 MiB, 234.31 W, 76
2026/09/17 21:21:08.948, 100 %, 0 %, 15714 MiB, 16384 MiB, 210.27 W, 74
2026/09/17 21:21:09.953, 100 %, 46 %, 15714 MiB, 16384 MiB, 111.05 W, 74
2026/09/17 21:21:10.957, 100 %, 5 %, 15714 MiB, 16384 MiB, 127.15 W, 74
2026/09/17 21:21:11.959, 100 %, 2 %, 15714 MiB, 16384 MiB, 127.33 W, 74
2026/09/17 21:21:12.961, 100 %, 0 %, 15714 MiB, 16384 MiB, 129.90 W, 74
2026/09/17 21:21:13.963, 100 %, 3 %, 15714 MiB, 16384 MiB, 130.57 W, 77
2026/09/17 21:21:14.967, 100 %, 0 %, 15714 MiB, 16384 MiB, 141.58 W, 76
2026/09/17 21:21:15.971, 100 %, 48 %, 15714 MiB, 16384 MiB, 133.16 W, 74
2026/09/17 21:21:16.975, 100 %, 5 %, 15714 MiB, 16384 MiB, 126.89 W, 74
2026/09/17 21:21:17.978, 100 %, 2 %, 15714 MiB, 16384 MiB, 127.60 W, 74
2026/09/17 21:21:18.980, 100 %, 6 %, 15714 MiB, 16384 MiB, 134.21 W, 75
2026/09/17 21:21:19.982, 100 %, 0 %, 15714 MiB, 16384 MiB, 131.11 W, 74
2026/09/17 21:21:20.984, 100 %, 0 %, 15714 MiB, 16384 MiB, 131.05 W, 78
2026/09/17 21:21:21.989, 100 %, 45 %, 15714 MiB, 16384 MiB, 124.14 W, 73
2026/09/17 21:21:22.994, 100 %, 48 %, 15714 MiB, 16384 MiB, 126.85 W, 74
2026/09/17 21:21:24.000, 100 %, 4 %, 15714 MiB, 16384 MiB, 132.88 W, 75
2026/09/17 21:21:25.004, 100 %, 0 %, 15714 MiB, 16384 MiB, 129.51 W, 74
2026/09/17 21:21:26.006, 100 %, 0 %, 15714 MiB, 16384 MiB, 129.72 W, 75
2026/09/17 21:21:27.008, 100 %, 0 %, 15714 MiB, 16384 MiB, 131.25 W, 75
2026/09/17 21:21:28.011, 100 %, 28 %, 15714 MiB, 16384 MiB, 223.37 W, 74
2026/09/17 21:21:29.014, 100 %, 45 %, 15714 MiB, 16384 MiB, 155.66 W, 75
2026/09/17 21:21:30.017, 100 %, 18 %, 15714 MiB, 16384 MiB, 130.48 W, 75
2026/09/17 21:21:31.019, 100 %, 0 %, 15714 MiB, 16384 MiB, 128.96 W, 75
2026/09/17 21:21:32.022, 100 %, 0 %, 15714 MiB, 16384 MiB, 129.65 W, 75
2026/09/17 21:21:33.024, 100 %, 6 %, 15714 MiB, 16384 MiB, 72.24 W, 73
2026/09/17 21:21:34.026, 100 %, 44 %, 15714 MiB, 16384 MiB, 121.15 W, 75
2026/09/17 21:21:35.030, 100 %, 33 %, 15714 MiB, 16384 MiB, 195.12 W, 75
2026/09/17 21:21:36.032, 91 %, 7 %, 15714 MiB, 16384 MiB, 132.95 W, 75
2026/09/17 21:21:37.034, 100 %, 23 %, 15714 MiB, 16384 MiB, 254.57 W, 76
2026/09/17 21:21:38.038, 100 %, 47 %, 15714 MiB, 16384 MiB, 126.46 W, 75
2026/09/17 21:21:39.044, 100 %, 4 %, 15714 MiB, 16384 MiB, 127.71 W, 75
2026/09/17 21:21:40.046, 100 %, 44 %, 15714 MiB, 16384 MiB, 226.75 W, 74
2026/09/17 21:21:41.048, 100 %, 28 %, 15714 MiB, 16384 MiB, 117.53 W, 75
2026/09/17 21:21:42.050, 100 %, 2 %, 15714 MiB, 16384 MiB, 125.25 W, 78
2026/09/17 21:21:43.053, 100 %, 29 %, 15714 MiB, 16384 MiB, 172.65 W, 77
2026/09/17 21:21:44.056, 100 %, 3 %, 15714 MiB, 16384 MiB, 127.19 W, 77
2026/09/17 21:21:45.058, 100 %, 36 %, 15714 MiB, 16384 MiB, 196.12 W, 77
2026/09/17 21:21:46.061, 100 %, 48 %, 15714 MiB, 16384 MiB, 195.96 W, 75
2026/09/17 21:21:47.064, 100 %, 3 %, 15714 MiB, 16384 MiB, 127.58 W, 75
2026/09/17 21:21:48.066, 100 %, 3 %, 15714 MiB, 16384 MiB, 143.04 W, 74
2026/09/17 21:21:49.068, 100 %, 37 %, 15714 MiB, 16384 MiB, 118.87 W, 75
2026/09/17 21:21:50.070, 100 %, 49 %, 15714 MiB, 16384 MiB, 125.19 W, 76
2026/09/17 21:21:51.072, 100 %, 40 %, 15714 MiB, 16384 MiB, 69.63 W, 74
2026/09/17 21:21:52.075, 100 %, 48 %, 15714 MiB, 16384 MiB, 128.53 W, 75
2026/09/17 21:21:53.077, 100 %, 19 %, 15714 MiB, 16384 MiB, 233.41 W, 77
2026/09/17 21:21:54.082, 100 %, 2 %, 15714 MiB, 16384 MiB, 146.04 W, 75
2026/09/17 21:21:55.085, 100 %, 10 %, 15714 MiB, 16384 MiB, 128.29 W, 75
2026/09/17 21:21:56.087, 100 %, 11 %, 15714 MiB, 16384 MiB, 94.79 W, 74
2026/09/17 21:21:57.090, 100 %, 43 %, 15714 MiB, 16384 MiB, 144.29 W, 75
2026/09/17 21:21:58.092, 100 %, 5 %, 15714 MiB, 16384 MiB, 128.58 W, 75
2026/09/17 21:21:59.094, 100 %, 43 %, 15714 MiB, 16384 MiB, 91.16 W, 74
2026/09/17 21:22:00.097, 100 %, 43 %, 15714 MiB, 16384 MiB, 125.66 W, 75
2026/09/17 21:22:01.099, 100 %, 4 %, 15714 MiB, 16384 MiB, 141.89 W, 77
2026/09/17 21:22:02.102, 100 %, 20 %, 15714 MiB, 16384 MiB, 245.91 W, 75
2026/09/17 21:22:03.104, 100 %, 7 %, 15714 MiB, 16384 MiB, 141.19 W, 75
2026/09/17 21:22:04.106, 100 %, 28 %, 15714 MiB, 16384 MiB, 231.78 W, 75
2026/09/17 21:22:05.109, 100 %, 44 %, 15714 MiB, 16384 MiB, 111.66 W, 75
2026/09/17 21:22:06.111, 100 %, 4 %, 15714 MiB, 16384 MiB, 129.94 W, 75
2026/09/17 21:22:07.113, 100 %, 4 %, 15714 MiB, 16384 MiB, 135.40 W, 76
2026/09/17 21:22:08.116, 100 %, 1 %, 15714 MiB, 16384 MiB, 132.81 W, 76
2026/09/17 21:22:09.119, 100 %, 0 %, 15714 MiB, 16384 MiB, 131.62 W, 76
2026/09/17 21:22:10.121, 100 %, 37 %, 15714 MiB, 16384 MiB, 127.16 W, 75
2026/09/17 21:22:11.124, 100 %, 46 %, 15714 MiB, 16384 MiB, 129.35 W, 75
2026/09/17 21:22:12.126, 100 %, 5 %, 15714 MiB, 16384 MiB, 133.98 W, 76
2026/09/17 21:22:13.130, 100 %, 0 %, 15714 MiB, 16384 MiB, 129.45 W, 75
2026/09/17 21:22:14.133, 100 %, 0 %, 15714 MiB, 16384 MiB, 130.01 W, 75
2026/09/17 21:22:15.135, 100 %, 0 %, 15714 MiB, 16384 MiB, 131.61 W, 75
2026/09/17 21:22:16.137, 100 %, 24 %, 15714 MiB, 16384 MiB, 219.63 W, 76
2026/09/17 21:22:17.142, 100 %, 42 %, 15714 MiB, 16384 MiB, 150.12 W, 75
2026/09/17 21:22:18.151, 100 %, 19 %, 15714 MiB, 16384 MiB, 130.90 W, 76
2026/09/17 21:22:19.153, 100 %, 1 %, 15714 MiB, 16384 MiB, 128.83 W, 75
2026/09/17 21:22:20.155, 100 %, 0 %, 15714 MiB, 16384 MiB, 129.82 W, 75
2026/09/17 21:22:21.157, 100 %, 5 %, 15714 MiB, 16384 MiB, 135.79 W, 75
2026/09/17 21:22:22.160, 100 %, 0 %, 15714 MiB, 16384 MiB, 131.45 W, 75
2026/09/17 21:22:23.162, 100 %, 26 %, 15714 MiB, 16384 MiB, 156.04 W, 77
2026/09/17 21:22:24.165, 100 %, 35 %, 15714 MiB, 16384 MiB, 77.87 W, 75
2026/09/17 21:22:25.168, 100 %, 21 %, 15714 MiB, 16384 MiB, 118.27 W, 75
2026/09/17 21:22:26.170, 100 %, 6 %, 15714 MiB, 16384 MiB, 133.36 W, 75
2026/09/17 21:22:27.173, 100 %, 0 %, 15714 MiB, 16384 MiB, 130.38 W, 75
2026/09/17 21:22:28.177, 100 %, 0 %, 15714 MiB, 16384 MiB, 130.85 W, 75
2026/09/17 21:22:29.179, 100 %, 6 %, 15714 MiB, 16384 MiB, 131.47 W, 78
2026/09/17 21:22:30.181, 100 %, 44 %, 15714 MiB, 16384 MiB, 134.96 W, 74
2026/09/17 21:22:31.184, 100 %, 38 %, 15714 MiB, 16384 MiB, 125.84 W, 75
2026/09/17 21:22:32.186, 100 %, 6 %, 15714 MiB, 16384 MiB, 133.32 W, 76
2026/09/17 21:22:33.189, 100 %, 0 %, 15714 MiB, 16384 MiB, 129.69 W, 75
2026/09/17 21:22:34.195, 100 %, 0 %, 15714 MiB, 16384 MiB, 129.64 W, 75
2026/09/17 21:22:35.198, 100 %, 1 %, 15714 MiB, 16384 MiB, 131.41 W, 75
2026/09/17 21:22:36.201, 100 %, 2 %, 15714 MiB, 16384 MiB, 131.38 W, 79
2026/09/17 21:22:37.204, 100 %, 45 %, 15714 MiB, 16384 MiB, 164.81 W, 75
2026/09/17 21:22:38.206, 100 %, 4 %, 15714 MiB, 16384 MiB, 133.02 W, 75
2026/09/17 21:22:39.208, 100 %, 1 %, 15714 MiB, 16384 MiB, 127.90 W, 75
2026/09/17 21:22:40.210, 100 %, 6 %, 15714 MiB, 16384 MiB, 134.61 W, 75
2026/09/17 21:22:41.212, 100 %, 0 %, 15714 MiB, 16384 MiB, 131.62 W, 75
2026/09/17 21:22:42.214, 100 %, 0 %, 15714 MiB, 16384 MiB, 131.40 W, 75
2026/09/17 21:22:43.217, 100 %, 0 %, 15714 MiB, 16384 MiB, 239.42 W, 75
2026/09/17 21:22:44.219, 100 %, 44 %, 15714 MiB, 16384 MiB, 113.94 W, 75
2026/09/17 21:22:45.221, 100 %, 47 %, 15714 MiB, 16384 MiB, 126.14 W, 75
2026/09/17 21:22:46.223, 100 %, 6 %, 15714 MiB, 16384 MiB, 133.80 W, 75
2026/09/17 21:22:47.227, 100 %, 0 %, 15714 MiB, 16384 MiB, 131.61 W, 75
2026/09/17 21:22:48.229, 100 %, 0 %, 15714 MiB, 16384 MiB, 131.71 W, 75
2026/09/17 21:22:49.231, 100 %, 3 %, 15714 MiB, 16384 MiB, 240.16 W, 77
2026/09/17 21:22:50.236, 100 %, 0 %, 15714 MiB, 16384 MiB, 222.13 W, 76
2026/09/17 21:22:51.239, 100 %, 44 %, 15714 MiB, 16384 MiB, 129.64 W, 75
2026/09/17 21:22:52.241, 100 %, 5 %, 15714 MiB, 16384 MiB, 128.51 W, 75
2026/09/17 21:22:53.244, 100 %, 3 %, 15714 MiB, 16384 MiB, 129.13 W, 75
2026/09/17 21:22:54.247, 100 %, 6 %, 15714 MiB, 16384 MiB, 134.14 W, 75
2026/09/17 21:22:55.249, 100 %, 0 %, 15714 MiB, 16384 MiB, 131.75 W, 75
2026/09/17 21:22:56.251, 100 %, 0 %, 15714 MiB, 16384 MiB, 247.62 W, 77
2026/09/17 21:22:57.255, 100 %, 44 %, 15714 MiB, 16384 MiB, 143.92 W, 75
2026/09/17 21:22:58.258, 100 %, 18 %, 15714 MiB, 16384 MiB, 141.73 W, 75
2026/09/17 21:22:59.260, 100 %, 3 %, 15714 MiB, 16384 MiB, 128.81 W, 75
2026/09/17 21:23:00.263, 100 %, 6 %, 15714 MiB, 16384 MiB, 135.15 W, 75
2026/09/17 21:23:01.265, 100 %, 0 %, 15714 MiB, 16384 MiB, 131.87 W, 75
2026/09/17 21:23:02.268, 100 %, 0 %, 15714 MiB, 16384 MiB, 131.66 W, 78
2026/09/17 21:23:03.270, 100 %, 29 %, 15714 MiB, 16384 MiB, 167.36 W, 74
2026/09/17 21:23:04.273, 100 %, 43 %, 15714 MiB, 16384 MiB, 146.15 W, 75
2026/09/17 21:23:05.276, 100 %, 19 %, 15714 MiB, 16384 MiB, 131.74 W, 75
2026/09/17 21:23:06.279, 100 %, 0 %, 15714 MiB, 16384 MiB, 129.51 W, 75
2026/09/17 21:23:07.281, 100 %, 0 %, 15714 MiB, 16384 MiB, 130.04 W, 75
2026/09/17 21:23:08.283, 100 %, 4 %, 15714 MiB, 16384 MiB, 132.36 W, 75
2026/09/17 21:23:09.285, 100 %, 0 %, 15714 MiB, 16384 MiB, 132.14 W, 78
2026/09/17 21:23:10.287, 100 %, 29 %, 15714 MiB, 16384 MiB, 188.32 W, 75
2026/09/17 21:23:11.293, 100 %, 31 %, 15714 MiB, 16384 MiB, 130.30 W, 75
2026/09/17 21:23:12.295, 100 %, 4 %, 15714 MiB, 16384 MiB, 129.28 W, 75
2026/09/17 21:23:13.297, 100 %, 0 %, 15714 MiB, 16384 MiB, 129.48 W, 75
2026/09/17 21:23:14.299, 100 %, 5 %, 15714 MiB, 16384 MiB, 133.20 W, 75
2026/09/17 21:23:15.301, 100 %, 0 %, 15714 MiB, 16384 MiB, 132.35 W, 75
2026/09/17 21:23:16.303, 100 %, 7 %, 15714 MiB, 16384 MiB, 241.19 W, 75
2026/09/17 21:23:17.308, 100 %, 8 %, 15714 MiB, 16384 MiB, 72.15 W, 73
2026/09/17 21:23:18.311, 100 %, 8 %, 15714 MiB, 16384 MiB, 71.07 W, 73
2026/09/17 21:23:19.314, 64 %, 9 %, 15714 MiB, 16384 MiB, 81.23 W, 72
2026/09/17 21:23:20.317, 86 %, 5 %, 15714 MiB, 16384 MiB, 80.41 W, 72
2026/09/17 21:23:21.321, 100 %, 8 %, 15714 MiB, 16384 MiB, 70.99 W, 72
2026/09/17 21:23:22.324, 100 %, 7 %, 15714 MiB, 16384 MiB, 76.62 W, 72
2026/09/17 21:23:23.327, 83 %, 9 %, 15714 MiB, 16384 MiB, 76.54 W, 72
2026/09/17 21:23:24.331, 79 %, 5 %, 15714 MiB, 16384 MiB, 76.56 W, 71
2026/09/17 21:23:25.333, 100 %, 6 %, 15714 MiB, 16384 MiB, 69.25 W, 71
2026/09/17 21:23:26.335, 100 %, 8 %, 15714 MiB, 16384 MiB, 69.80 W, 71
2026/09/17 21:23:27.337, 78 %, 10 %, 15714 MiB, 16384 MiB, 72.77 W, 71
2026/09/17 21:23:28.340, 64 %, 9 %, 15714 MiB, 16384 MiB, 70.24 W, 70
2026/09/17 21:23:29.342, 53 %, 9 %, 15714 MiB, 16384 MiB, 68.22 W, 70
2026/09/17 21:23:30.344, 100 %, 8 %, 15714 MiB, 16384 MiB, 70.89 W, 70
2026/09/17 21:23:31.346, 100 %, 8 %, 15714 MiB, 16384 MiB, 70.90 W, 70
2026/09/17 21:23:32.348, 100 %, 7 %, 15714 MiB, 16384 MiB, 70.21 W, 69
2026/09/17 21:23:33.354, 66 %, 9 %, 15714 MiB, 16384 MiB, 69.29 W, 69
2026/09/17 21:23:34.356, 79 %, 4 %, 15714 MiB, 16384 MiB, 81.16 W, 69
2026/09/17 21:23:35.359, 100 %, 8 %, 15714 MiB, 16384 MiB, 71.74 W, 69
2026/09/17 21:23:36.361, 100 %, 8 %, 15714 MiB, 16384 MiB, 76.13 W, 69
2026/09/17 21:23:37.365, 96 %, 10 %, 15714 MiB, 16384 MiB, 75.98 W, 69
2026/09/17 21:23:38.368, 53 %, 4 %, 15714 MiB, 16384 MiB, 79.77 W, 68
2026/09/17 21:23:39.370, 84 %, 5 %, 15714 MiB, 16384 MiB, 69.73 W, 68
2026/09/17 21:23:40.372, 100 %, 8 %, 15714 MiB, 16384 MiB, 68.69 W, 68
2026/09/17 21:23:41.375, 100 %, 6 %, 15714 MiB, 16384 MiB, 75.18 W, 68
2026/09/17 21:23:42.377, 94 %, 11 %, 15714 MiB, 16384 MiB, 75.44 W, 68
2026/09/17 21:23:43.379, 66 %, 8 %, 15714 MiB, 16384 MiB, 73.63 W, 67
2026/09/17 21:23:44.382, 94 %, 5 %, 15714 MiB, 16384 MiB, 85.65 W, 68
2026/09/17 21:23:45.384, 100 %, 8 %, 15714 MiB, 16384 MiB, 69.29 W, 67
2026/09/17 21:23:46.386, 100 %, 7 %, 15714 MiB, 16384 MiB, 75.03 W, 67
2026/09/17 21:23:47.389, 66 %, 9 %, 15714 MiB, 16384 MiB, 68.82 W, 67
2026/09/17 21:23:48.392, 68 %, 9 %, 15714 MiB, 16384 MiB, 71.37 W, 67
2026/09/17 21:23:49.394, 100 %, 8 %, 15714 MiB, 16384 MiB, 70.20 W, 66
2026/09/17 21:23:50.398, 100 %, 8 %, 15714 MiB, 16384 MiB, 70.37 W, 66
2026/09/17 21:23:51.403, 100 %, 8 %, 15714 MiB, 16384 MiB, 68.97 W, 66
2026/09/17 21:23:52.406, 36 %, 8 %, 15714 MiB, 16384 MiB, 69.11 W, 66
2026/09/17 21:23:53.409, 56 %, 9 %, 15714 MiB, 16384 MiB, 81.82 W, 66
2026/09/17 21:23:54.412, 57 %, 4 %, 15714 MiB, 16384 MiB, 78.69 W, 66
2026/09/17 21:23:55.416, 100 %, 8 %, 15714 MiB, 16384 MiB, 74.49 W, 66
2026/09/17 21:23:56.419, 100 %, 6 %, 15714 MiB, 16384 MiB, 74.57 W, 65
2026/09/17 21:23:57.422, 84 %, 12 %, 15714 MiB, 16384 MiB, 73.15 W, 65
2026/09/17 21:23:58.425, 75 %, 4 %, 15714 MiB, 16384 MiB, 84.91 W, 65
2026/09/17 21:23:59.429, 100 %, 8 %, 15714 MiB, 16384 MiB, 67.72 W, 65
2026/09/17 21:24:00.432, 100 %, 8 %, 15714 MiB, 16384 MiB, 74.06 W, 65
2026/09/17 21:24:01.435, 88 %, 10 %, 15714 MiB, 16384 MiB, 74.25 W, 65
2026/09/17 21:24:02.439, 68 %, 9 %, 15714 MiB, 16384 MiB, 68.32 W, 65
2026/09/17 21:24:03.442, 100 %, 5 %, 15714 MiB, 16384 MiB, 66.59 W, 65
2026/09/17 21:24:04.445, 100 %, 8 %, 15714 MiB, 16384 MiB, 67.92 W, 65
2026/09/17 21:24:05.448, 100 %, 8 %, 15714 MiB, 16384 MiB, 67.78 W, 64
2026/09/17 21:24:06.450, 54 %, 9 %, 15714 MiB, 16384 MiB, 66.15 W, 64
2026/09/17 21:24:07.453, 71 %, 10 %, 15714 MiB, 16384 MiB, 66.26 W, 64
2026/09/17 21:24:08.455, 47 %, 9 %, 15714 MiB, 16384 MiB, 74.49 W, 64
2026/09/17 21:24:09.457, 100 %, 8 %, 15714 MiB, 16384 MiB, 67.15 W, 64
2026/09/17 21:24:10.459, 100 %, 8 %, 15714 MiB, 16384 MiB, 67.75 W, 64
2026/09/17 21:24:11.462, 100 %, 7 %, 15714 MiB, 16384 MiB, 65.65 W, 64
2026/09/17 21:24:12.464, 71 %, 13 %, 15714 MiB, 16384 MiB, 82.43 W, 64
2026/09/17 21:24:13.466, 100 %, 6 %, 15714 MiB, 16384 MiB, 65.33 W, 64
2026/09/17 21:24:14.469, 100 %, 8 %, 15714 MiB, 16384 MiB, 67.51 W, 63
2026/09/17 21:24:15.472, 94 %, 10 %, 15714 MiB, 16384 MiB, 71.78 W, 63
2026/09/17 21:24:16.474, 68 %, 9 %, 15714 MiB, 16384 MiB, 66.14 W, 63
2026/09/17 21:24:17.476, 94 %, 5 %, 15714 MiB, 16384 MiB, 63.38 W, 63
2026/09/17 21:24:18.480, 100 %, 8 %, 15714 MiB, 16384 MiB, 65.06 W, 63
2026/09/17 21:24:19.483, 100 %, 8 %, 15714 MiB, 16384 MiB, 65.69 W, 63
2026/09/17 21:24:20.487, 86 %, 10 %, 15714 MiB, 16384 MiB, 71.17 W, 63
2026/09/17 21:24:21.490, 65 %, 9 %, 15714 MiB, 16384 MiB, 65.61 W, 63
2026/09/17 21:24:22.494, 44 %, 8 %, 15714 MiB, 16384 MiB, 63.92 W, 63
2026/09/17 21:24:23.497, 100 %, 8 %, 15714 MiB, 16384 MiB, 65.08 W, 63
2026/09/17 21:24:24.500, 100 %, 8 %, 15714 MiB, 16384 MiB, 65.61 W, 63
2026/09/17 21:24:25.504, 100 %, 7 %, 15714 MiB, 16384 MiB, 65.32 W, 63
2026/09/17 21:24:26.507, 71 %, 13 %, 15714 MiB, 16384 MiB, 65.71 W, 63
2026/09/17 21:24:27.510, 62 %, 9 %, 15714 MiB, 16384 MiB, 76.55 W, 63
2026/09/17 21:24:28.513, 100 %, 8 %, 15714 MiB, 16384 MiB, 65.80 W, 63
2026/09/17 21:24:29.517, 100 %, 8 %, 15714 MiB, 16384 MiB, 66.75 W, 62
2026/09/17 21:24:30.520, 100 %, 8 %, 15714 MiB, 16384 MiB, 65.61 W, 62
2026/09/17 21:24:31.524, 61 %, 9 %, 15714 MiB, 16384 MiB, 65.61 W, 62
2026/09/17 21:24:32.528, 57 %, 4 %, 15714 MiB, 16384 MiB, 77.74 W, 62
2026/09/17 21:24:33.532, 78 %, 5 %, 15714 MiB, 16384 MiB, 75.84 W, 63
2026/09/17 21:24:34.534, 100 %, 8 %, 15714 MiB, 16384 MiB, 64.97 W, 62
2026/09/17 21:24:35.537, 100 %, 8 %, 15714 MiB, 16384 MiB, 71.35 W, 62
2026/09/17 21:24:36.539, 91 %, 12 %, 15714 MiB, 16384 MiB, 64.18 W, 62
2026/09/17 21:24:37.541, 74 %, 4 %, 15714 MiB, 16384 MiB, 74.96 W, 62
2026/09/17 21:24:38.544, 97 %, 6 %, 15714 MiB, 16384 MiB, 74.51 W, 62
2026/09/17 21:24:39.546, 100 %, 8 %, 15714 MiB, 16384 MiB, 65.18 W, 62
2026/09/17 21:24:40.548, 100 %, 9 %, 15714 MiB, 16384 MiB, 141.74 W, 63
2026/09/17 21:24:41.551, 100 %, 20 %, 15714 MiB, 16384 MiB, 117.05 W, 64
2026/09/17 21:24:42.553, 100 %, 3 %, 15714 MiB, 16384 MiB, 249.11 W, 66
2026/09/17 21:24:43.561, 100 %, 6 %, 15714 MiB, 16384 MiB, 63.17 W, 64
2026/09/17 21:24:44.563, 100 %, 17 %, 15714 MiB, 16384 MiB, 163.13 W, 67
2026/09/17 21:24:45.566, 100 %, 44 %, 15714 MiB, 16384 MiB, 245.74 W, 65
2026/09/17 21:24:46.569, 100 %, 4 %, 15714 MiB, 16384 MiB, 118.41 W, 65
2026/09/17 21:24:47.572, 100 %, 43 %, 15714 MiB, 16384 MiB, 134.15 W, 64
2026/09/17 21:24:48.575, 100 %, 26 %, 15714 MiB, 16384 MiB, 111.77 W, 66
2026/09/17 21:24:49.577, 100 %, 2 %, 15714 MiB, 16384 MiB, 118.19 W, 69
2026/09/17 21:24:50.587, 100 %, 38 %, 15714 MiB, 16384 MiB, 234.20 W, 67
2026/09/17 21:24:51.592, 100 %, 7 %, 15714 MiB, 16384 MiB, 121.11 W, 69
2026/09/17 21:24:52.596, 100 %, 45 %, 15714 MiB, 16384 MiB, 249.10 W, 67
2026/09/17 21:24:53.598, 100 %, 45 %, 15714 MiB, 16384 MiB, 122.66 W, 67
2026/09/17 21:24:54.600, 100 %, 1 %, 15714 MiB, 16384 MiB, 117.74 W, 67
2026/09/17 21:24:55.603, 100 %, 32 %, 15714 MiB, 16384 MiB, 63.36 W, 66
2026/09/17 21:24:56.605, 100 %, 3 %, 15714 MiB, 16384 MiB, 121.40 W, 67
2026/09/17 21:24:57.607, 100 %, 30 %, 15714 MiB, 16384 MiB, 224.48 W, 69
2026/09/17 21:24:58.612, 100 %, 6 %, 15714 MiB, 16384 MiB, 106.19 W, 68
2026/09/17 21:24:59.614, 100 %, 37 %, 15714 MiB, 16384 MiB, 229.37 W, 70
2026/09/17 21:25:00.617, 100 %, 2 %, 15714 MiB, 16384 MiB, 137.23 W, 68
2026/09/17 21:25:01.621, 100 %, 38 %, 15714 MiB, 16384 MiB, 119.59 W, 68
2026/09/17 21:25:02.623, 100 %, 5 %, 15714 MiB, 16384 MiB, 142.30 W, 70
2026/09/17 21:25:03.626, 100 %, 40 %, 15714 MiB, 16384 MiB, 62.97 W, 67
2026/09/17 21:25:04.628, 100 %, 44 %, 15714 MiB, 16384 MiB, 120.25 W, 71
2026/09/17 21:25:05.635, 100 %, 3 %, 15714 MiB, 16384 MiB, 172.85 W, 71
2026/09/17 21:25:06.638, 100 %, 36 %, 15714 MiB, 16384 MiB, 95.35 W, 69
2026/09/17 21:25:07.640, 100 %, 3 %, 15714 MiB, 16384 MiB, 214.52 W, 69
2026/09/17 21:25:08.644, 100 %, 29 %, 15714 MiB, 16384 MiB, 159.49 W, 70
2026/09/17 21:25:09.648, 100 %, 47 %, 15714 MiB, 16384 MiB, 117.49 W, 70
2026/09/17 21:25:10.650, 100 %, 4 %, 15714 MiB, 16384 MiB, 120.49 W, 73
2026/09/17 21:25:11.653, 100 %, 45 %, 15714 MiB, 16384 MiB, 121.63 W, 70
2026/09/17 21:25:12.655, 100 %, 13 %, 15714 MiB, 16384 MiB, 140.32 W, 73
2026/09/17 21:25:13.660, 100 %, 7 %, 15714 MiB, 16384 MiB, 248.36 W, 70
2026/09/17 21:25:14.663, 100 %, 6 %, 15714 MiB, 16384 MiB, 126.49 W, 71
2026/09/17 21:25:15.665, 100 %, 1 %, 15714 MiB, 16384 MiB, 124.38 W, 71
2026/09/17 21:25:16.668, 100 %, 27 %, 15714 MiB, 16384 MiB, 162.19 W, 71
2026/09/17 21:25:17.672, 100 %, 33 %, 15714 MiB, 16384 MiB, 127.70 W, 71
2026/09/17 21:25:18.675, 100 %, 16 %, 15714 MiB, 16384 MiB, 120.55 W, 71
2026/09/17 21:25:19.677, 100 %, 6 %, 15714 MiB, 16384 MiB, 127.81 W, 71
2026/09/17 21:25:20.680, 100 %, 0 %, 15714 MiB, 16384 MiB, 123.56 W, 71
2026/09/17 21:25:21.682, 100 %, 0 %, 15714 MiB, 16384 MiB, 123.63 W, 71
2026/09/17 21:25:22.684, 100 %, 14 %, 15714 MiB, 16384 MiB, 191.79 W, 72
2026/09/17 21:25:23.688, 100 %, 37 %, 15714 MiB, 16384 MiB, 119.56 W, 71
2026/09/17 21:25:24.690, 100 %, 25 %, 15714 MiB, 16384 MiB, 121.00 W, 71
2026/09/17 21:25:25.692, 100 %, 6 %, 15714 MiB, 16384 MiB, 127.84 W, 72
2026/09/17 21:25:26.694, 100 %, 0 %, 15714 MiB, 16384 MiB, 124.22 W, 72
2026/09/17 21:25:27.696, 100 %, 0 %, 15714 MiB, 16384 MiB, 124.18 W, 72
2026/09/17 21:25:28.698, 100 %, 5 %, 15714 MiB, 16384 MiB, 131.54 W, 74
2026/09/17 21:25:29.705, 100 %, 27 %, 15714 MiB, 16384 MiB, 211.44 W, 72
2026/09/17 21:25:30.711, 100 %, 31 %, 15714 MiB, 16384 MiB, 114.35 W, 72
2026/09/17 21:25:31.713, 100 %, 3 %, 15714 MiB, 16384 MiB, 125.42 W, 72
2026/09/17 21:25:32.715, 100 %, 0 %, 15714 MiB, 16384 MiB, 126.09 W, 72
2026/09/17 21:25:33.717, 100 %, 6 %, 15714 MiB, 16384 MiB, 133.61 W, 72
2026/09/17 21:25:34.721, 100 %, 0 %, 15714 MiB, 16384 MiB, 129.29 W, 72
2026/09/17 21:25:35.723, 100 %, 13 %, 15714 MiB, 16384 MiB, 172.55 W, 74
2026/09/17 21:25:36.729, 100 %, 43 %, 15714 MiB, 16384 MiB, 117.68 W, 73
2026/09/17 21:25:37.732, 100 %, 4 %, 15714 MiB, 16384 MiB, 125.83 W, 73
2026/09/17 21:25:38.734, 100 %, 1 %, 15714 MiB, 16384 MiB, 126.50 W, 73
2026/09/17 21:25:39.736, 100 %, 5 %, 15714 MiB, 16384 MiB, 132.57 W, 73
2026/09/17 21:25:40.738, 100 %, 0 %, 15714 MiB, 16384 MiB, 129.37 W, 73
2026/09/17 21:25:41.740, 100 %, 1 %, 15714 MiB, 16384 MiB, 129.39 W, 76
2026/09/17 21:25:42.747, 100 %, 43 %, 15714 MiB, 16384 MiB, 98.61 W, 72
2026/09/17 21:25:43.749, 100 %, 37 %, 15714 MiB, 16384 MiB, 108.95 W, 73
2026/09/17 21:25:44.752, 100 %, 6 %, 15714 MiB, 16384 MiB, 131.30 W, 73
2026/09/17 21:25:45.754, 100 %, 0 %, 15714 MiB, 16384 MiB, 128.04 W, 73
2026/09/17 21:25:46.756, 100 %, 0 %, 15714 MiB, 16384 MiB, 128.62 W, 73
2026/09/17 21:25:47.758, 100 %, 1 %, 15714 MiB, 16384 MiB, 129.92 W, 73
2026/09/17 21:25:48.761, 100 %, 3 %, 15714 MiB, 16384 MiB, 131.59 W, 76
2026/09/17 21:25:49.763, 100 %, 42 %, 15714 MiB, 16384 MiB, 132.66 W, 74
2026/09/17 21:25:50.766, 100 %, 6 %, 15714 MiB, 16384 MiB, 130.51 W, 74
2026/09/17 21:25:51.768, 100 %, 0 %, 15714 MiB, 16384 MiB, 128.18 W, 74
2026/09/17 21:25:52.770, 100 %, 0 %, 15714 MiB, 16384 MiB, 128.73 W, 74
2026/09/17 21:25:53.772, 100 %, 1 %, 15714 MiB, 16384 MiB, 130.37 W, 74
2026/09/17 21:25:54.775, 100 %, 0 %, 15714 MiB, 16384 MiB, 130.47 W, 74
2026/09/17 21:25:55.777, 100 %, 44 %, 15714 MiB, 16384 MiB, 156.10 W, 74
2026/09/17 21:25:56.779, 100 %, 45 %, 15714 MiB, 16384 MiB, 135.88 W, 74
2026/09/17 21:25:57.781, 100 %, 46 %, 15714 MiB, 16384 MiB, 127.24 W, 74
2026/09/17 21:25:58.783, 100 %, 6 %, 15714 MiB, 16384 MiB, 133.75 W, 74
2026/09/17 21:25:59.788, 100 %, 0 %, 15714 MiB, 16384 MiB, 130.33 W, 74
2026/09/17 21:26:00.790, 100 %, 0 %, 15714 MiB, 16384 MiB, 130.12 W, 74
2026/09/17 21:26:01.792, 100 %, 2 %, 15714 MiB, 16384 MiB, 174.53 W, 75
2026/09/17 21:26:02.794, 100 %, 0 %, 15714 MiB, 16384 MiB, 234.10 W, 74
2026/09/17 21:26:03.799, 100 %, 48 %, 15714 MiB, 16384 MiB, 120.94 W, 74
2026/09/17 21:26:04.813, 100 %, 4 %, 15714 MiB, 16384 MiB, 132.51 W, 74
2026/09/17 21:26:05.816, 100 %, 0 %, 15714 MiB, 16384 MiB, 129.75 W, 74
2026/09/17 21:26:06.818, 100 %, 0 %, 15714 MiB, 16384 MiB, 130.14 W, 74
2026/09/17 21:26:07.820, 100 %, 3 %, 15714 MiB, 16384 MiB, 130.90 W, 76
2026/09/17 21:26:08.827, 100 %, 0 %, 15714 MiB, 16384 MiB, 199.99 W, 75
2026/09/17 21:26:09.832, 100 %, 46 %, 15714 MiB, 16384 MiB, 111.12 W, 75
2026/09/17 21:26:10.835, 100 %, 7 %, 15714 MiB, 16384 MiB, 127.25 W, 74
2026/09/17 21:26:11.837, 100 %, 3 %, 15714 MiB, 16384 MiB, 127.60 W, 74
2026/09/17 21:26:12.839, 100 %, 6 %, 15714 MiB, 16384 MiB, 134.12 W, 74
2026/09/17 21:26:13.841, 100 %, 0 %, 15714 MiB, 16384 MiB, 130.48 W, 74
2026/09/17 21:26:14.843, 100 %, 0 %, 15714 MiB, 16384 MiB, 144.55 W, 76
2026/09/17 21:26:15.851, 100 %, 36 %, 15714 MiB, 16384 MiB, 81.32 W, 73
2026/09/17 21:26:16.853, 100 %, 48 %, 15714 MiB, 16384 MiB, 113.92 W, 74
2026/09/17 21:26:17.855, 100 %, 8 %, 15714 MiB, 16384 MiB, 128.17 W, 74
2026/09/17 21:26:18.857, 100 %, 6 %, 15714 MiB, 16384 MiB, 134.43 W, 75
2026/09/17 21:26:19.859, 100 %, 0 %, 15714 MiB, 16384 MiB, 131.03 W, 75
2026/09/17 21:26:20.862, 100 %, 0 %, 15714 MiB, 16384 MiB, 131.34 W, 76
2026/09/17 21:26:21.864, 100 %, 18 %, 15714 MiB, 16384 MiB, 157.29 W, 74
2026/09/17 21:26:22.866, 100 %, 35 %, 15714 MiB, 16384 MiB, 138.08 W, 75
2026/09/17 21:26:23.869, 100 %, 30 %, 15714 MiB, 16384 MiB, 129.26 W, 78
2026/09/17 21:26:24.871, 100 %, 26 %, 15714 MiB, 16384 MiB, 128.21 W, 78
2026/09/17 21:26:25.877, 100 %, 0 %, 15714 MiB, 16384 MiB, 255.12 W, 76
2026/09/17 21:26:26.879, 100 %, 15 %, 15714 MiB, 16384 MiB, 125.98 W, 75
2026/09/17 21:26:27.881, 100 %, 2 %, 15714 MiB, 16384 MiB, 256.57 W, 77
2026/09/17 21:26:28.886, 100 %, 40 %, 15714 MiB, 16384 MiB, 126.92 W, 75
2026/09/17 21:26:29.889, 100 %, 6 %, 15714 MiB, 16384 MiB, 127.86 W, 75
2026/09/17 21:26:30.891, 100 %, 44 %, 15714 MiB, 16384 MiB, 67.57 W, 74
2026/09/17 21:26:31.893, 100 %, 48 %, 15714 MiB, 16384 MiB, 130.37 W, 75
2026/09/17 21:26:32.898, 100 %, 14 %, 15714 MiB, 16384 MiB, 123.64 W, 77
2026/09/17 21:26:33.900, 100 %, 3 %, 15714 MiB, 16384 MiB, 145.86 W, 77
2026/09/17 21:26:34.903, 100 %, 9 %, 15714 MiB, 16384 MiB, 126.85 W, 77
2026/09/17 21:26:35.906, 100 %, 13 %, 15714 MiB, 16384 MiB, 184.88 W, 77
2026/09/17 21:26:36.909, 100 %, 44 %, 15714 MiB, 16384 MiB, 214.26 W, 75
2026/09/17 21:26:37.911, 100 %, 5 %, 15714 MiB, 16384 MiB, 132.69 W, 75
2026/09/17 21:26:38.913, 100 %, 43 %, 15714 MiB, 16384 MiB, 159.89 W, 74
2026/09/17 21:26:39.916, 100 %, 34 %, 15714 MiB, 16384 MiB, 117.19 W, 75
2026/09/17 21:26:40.918, 100 %, 3 %, 15714 MiB, 16384 MiB, 125.03 W, 76
2026/09/17 21:26:41.921, 100 %, 29 %, 15714 MiB, 16384 MiB, 69.89 W, 74
2026/09/17 21:26:42.923, 100 %, 3 %, 15714 MiB, 16384 MiB, 129.48 W, 75
2026/09/17 21:26:43.925, 100 %, 28 %, 15714 MiB, 16384 MiB, 230.79 W, 77
2026/09/17 21:26:44.930, 100 %, 46 %, 15714 MiB, 16384 MiB, 148.35 W, 75
2026/09/17 21:26:45.932, 100 %, 4 %, 15714 MiB, 16384 MiB, 128.33 W, 75
2026/09/17 21:26:46.934, 100 %, 3 %, 15714 MiB, 16384 MiB, 86.67 W, 74
2026/09/17 21:26:47.938, 100 %, 31 %, 15714 MiB, 16384 MiB, 137.81 W, 75
2026/09/17 21:26:48.945, 100 %, 6 %, 15714 MiB, 16384 MiB, 128.52 W, 75
2026/09/17 21:26:49.947, 100 %, 34 %, 15714 MiB, 16384 MiB, 93.82 W, 74
2026/09/17 21:26:50.950, 100 %, 44 %, 15714 MiB, 16384 MiB, 124.98 W, 75
2026/09/17 21:26:51.952, 100 %, 18 %, 15714 MiB, 16384 MiB, 155.77 W, 77
2026/09/17 21:26:52.955, 100 %, 3 %, 15714 MiB, 16384 MiB, 246.76 W, 75
2026/09/17 21:26:53.958, 100 %, 8 %, 15714 MiB, 16384 MiB, 147.09 W, 75
2026/09/17 21:26:54.960, 100 %, 11 %, 15714 MiB, 16384 MiB, 187.27 W, 75
2026/09/17 21:26:55.962, 100 %, 43 %, 15714 MiB, 16384 MiB, 111.26 W, 75
2026/09/17 21:26:56.964, 100 %, 5 %, 15714 MiB, 16384 MiB, 130.12 W, 75
2026/09/17 21:26:57.966, 100 %, 6 %, 15714 MiB, 16384 MiB, 136.48 W, 76
2026/09/17 21:26:58.969, 100 %, 1 %, 15714 MiB, 16384 MiB, 133.20 W, 75
2026/09/17 21:26:59.971, 100 %, 2 %, 15714 MiB, 16384 MiB, 132.02 W, 77
2026/09/17 21:27:00.973, 100 %, 18 %, 15714 MiB, 16384 MiB, 130.81 W, 74
2026/09/17 21:27:01.976, 100 %, 35 %, 15714 MiB, 16384 MiB, 123.99 W, 75
2026/09/17 21:27:02.979, 100 %, 20 %, 15714 MiB, 16384 MiB, 133.65 W, 76
2026/09/17 21:27:03.981, 100 %, 3 %, 15714 MiB, 16384 MiB, 129.56 W, 75
2026/09/17 21:27:04.983, 100 %, 0 %, 15714 MiB, 16384 MiB, 130.38 W, 75
2026/09/17 21:27:05.986, 100 %, 0 %, 15714 MiB, 16384 MiB, 131.85 W, 75
2026/09/17 21:27:06.988, 100 %, 3 %, 15714 MiB, 16384 MiB, 230.97 W, 75
2026/09/17 21:27:07.991, 100 %, 18 %, 15714 MiB, 16384 MiB, 157.43 W, 75
2026/09/17 21:27:08.996, 100 %, 39 %, 15714 MiB, 16384 MiB, 130.49 W, 75
2026/09/17 21:27:09.998, 100 %, 4 %, 15714 MiB, 16384 MiB, 129.30 W, 75
2026/09/17 21:27:11.001, 100 %, 1 %, 15714 MiB, 16384 MiB, 129.70 W, 75
2026/09/17 21:27:12.003, 100 %, 6 %, 15714 MiB, 16384 MiB, 135.82 W, 75
2026/09/17 21:27:13.005, 100 %, 0 %, 15714 MiB, 16384 MiB, 131.69 W, 75
2026/09/17 21:27:14.007, 100 %, 2 %, 15714 MiB, 16384 MiB, 148.49 W, 77
2026/09/17 21:27:15.011, 100 %, 44 %, 15714 MiB, 16384 MiB, 83.56 W, 75
2026/09/17 21:27:16.014, 100 %, 42 %, 15714 MiB, 16384 MiB, 114.29 W, 75
2026/09/17 21:27:17.017, 100 %, 6 %, 15714 MiB, 16384 MiB, 133.40 W, 75
2026/09/17 21:27:18.020, 100 %, 0 %, 15714 MiB, 16384 MiB, 130.37 W, 75
2026/09/17 21:27:19.022, 100 %, 0 %, 15714 MiB, 16384 MiB, 130.85 W, 75
2026/09/17 21:27:20.024, 100 %, 0 %, 15714 MiB, 16384 MiB, 131.54 W, 78
2026/09/17 21:27:21.027, 100 %, 44 %, 15714 MiB, 16384 MiB, 140.61 W, 74
2026/09/17 21:27:22.029, 100 %, 40 %, 15714 MiB, 16384 MiB, 126.61 W, 75
2026/09/17 21:27:23.031, 100 %, 6 %, 15714 MiB, 16384 MiB, 132.65 W, 75
2026/09/17 21:27:24.035, 100 %, 0 %, 15714 MiB, 16384 MiB, 129.48 W, 75
2026/09/17 21:27:25.037, 100 %, 0 %, 15714 MiB, 16384 MiB, 129.92 W, 75
2026/09/17 21:27:26.039, 100 %, 2 %, 15714 MiB, 16384 MiB, 131.26 W, 75
2026/09/17 21:27:27.041, 100 %, 0 %, 15714 MiB, 16384 MiB, 131.39 W, 78
2026/09/17 21:27:28.045, 100 %, 45 %, 15714 MiB, 16384 MiB, 160.65 W, 75
2026/09/17 21:27:29.048, 100 %, 5 %, 15714 MiB, 16384 MiB, 134.29 W, 75
2026/09/17 21:27:30.051, 100 %, 2 %, 15714 MiB, 16384 MiB, 127.69 W, 75
2026/09/17 21:27:31.053, 100 %, 6 %, 15714 MiB, 16384 MiB, 134.30 W, 75
2026/09/17 21:27:32.055, 100 %, 0 %, 15714 MiB, 16384 MiB, 131.46 W, 75
2026/09/17 21:27:33.057, 100 %, 0 %, 15714 MiB, 16384 MiB, 131.27 W, 75
2026/09/17 21:27:34.059, 100 %, 45 %, 15714 MiB, 16384 MiB, 234.95 W, 75
2026/09/17 21:27:35.064, 100 %, 15 %, 15714 MiB, 16384 MiB, 111.51 W, 75
2026/09/17 21:27:36.067, 100 %, 3 %, 15714 MiB, 16384 MiB, 125.54 W, 75
2026/09/17 21:27:37.069, 100 %, 6 %, 15714 MiB, 16384 MiB, 133.78 W, 75
2026/09/17 21:27:38.071, 100 %, 0 %, 15714 MiB, 16384 MiB, 131.64 W, 75
2026/09/17 21:27:39.074, 100 %, 0 %, 15714 MiB, 16384 MiB, 131.56 W, 75
2026/09/17 21:27:40.076, 100 %, 27 %, 15714 MiB, 16384 MiB, 230.51 W, 77
2026/09/17 21:27:41.081, 100 %, 41 %, 15714 MiB, 16384 MiB, 240.51 W, 76
2026/09/17 21:27:42.085, 100 %, 16 %, 15714 MiB, 16384 MiB, 128.75 W, 75
2026/09/17 21:27:43.089, 100 %, 0 %, 15714 MiB, 16384 MiB, 128.30 W, 75
2026/09/17 21:27:44.091, 100 %, 0 %, 15714 MiB, 16384 MiB, 128.13 W, 75
2026/09/17 21:27:45.093, 100 %, 5 %, 15714 MiB, 16384 MiB, 134.01 W, 75
2026/09/17 21:27:46.095, 100 %, 0 %, 15714 MiB, 16384 MiB, 131.07 W, 75
2026/09/17 21:27:47.097, 100 %, 27 %, 15714 MiB, 16384 MiB, 238.15 W, 77
2026/09/17 21:27:48.103, 100 %, 32 %, 15714 MiB, 16384 MiB, 163.95 W, 75
2026/09/17 21:27:49.106, 100 %, 3 %, 15714 MiB, 16384 MiB, 134.01 W, 75
2026/09/17 21:27:50.110, 100 %, 0 %, 15714 MiB, 16384 MiB, 128.44 W, 75
2026/09/17 21:27:51.112, 100 %, 6 %, 15714 MiB, 16384 MiB, 134.43 W, 75
2026/09/17 21:27:52.114, 100 %, 0 %, 15714 MiB, 16384 MiB, 131.57 W, 75
2026/09/17 21:27:53.117, 100 %, 0 %, 15714 MiB, 16384 MiB, 131.41 W, 78
2026/09/17 21:27:54.119, 100 %, 1 %, 15714 MiB, 16384 MiB, 224.01 W, 74
2026/09/17 21:27:55.123, 100 %, 17 %, 15714 MiB, 16384 MiB, 158.13 W, 75
2026/09/17 21:27:56.127, 100 %, 41 %, 15714 MiB, 16384 MiB, 131.15 W, 75
2026/09/17 21:27:57.132, 100 %, 4 %, 15714 MiB, 16384 MiB, 128.74 W, 75
2026/09/17 21:27:58.134, 100 %, 1 %, 15714 MiB, 16384 MiB, 129.89 W, 75
2026/09/17 21:27:59.136, 100 %, 6 %, 15714 MiB, 16384 MiB, 132.11 W, 75
2026/09/17 21:28:00.138, 100 %, 0 %, 15714 MiB, 16384 MiB, 131.71 W, 76
2026/09/17 21:28:01.141, 100 %, 1 %, 15714 MiB, 16384 MiB, 231.91 W, 75
2026/09/17 21:28:02.144, 100 %, 45 %, 15714 MiB, 16384 MiB, 128.51 W, 75
2026/09/17 21:28:03.147, 100 %, 4 %, 15714 MiB, 16384 MiB, 128.78 W, 75
2026/09/17 21:28:04.150, 100 %, 1 %, 15714 MiB, 16384 MiB, 129.06 W, 75
2026/09/17 21:28:05.152, 100 %, 6 %, 15714 MiB, 16384 MiB, 133.13 W, 75
2026/09/17 21:28:06.154, 100 %, 0 %, 15714 MiB, 16384 MiB, 132.29 W, 75
2026/09/17 21:28:07.158, 100 %, 0 %, 15714 MiB, 16384 MiB, 235.83 W, 75
2026/09/17 21:28:08.162, 100 %, 8 %, 15714 MiB, 16384 MiB, 72.39 W, 73
2026/09/17 21:28:09.165, 94 %, 13 %, 15714 MiB, 16384 MiB, 71.32 W, 73
2026/09/17 21:28:10.167, 92 %, 5 %, 15714 MiB, 16384 MiB, 81.35 W, 72
2026/09/17 21:28:11.170, 100 %, 8 %, 15714 MiB, 16384 MiB, 70.78 W, 72
2026/09/17 21:28:12.172, 100 %, 8 %, 15714 MiB, 16384 MiB, 77.09 W, 72
2026/09/17 21:28:13.178, 70 %, 9 %, 15714 MiB, 16384 MiB, 76.84 W, 72
2026/09/17 21:28:14.180, 62 %, 9 %, 15714 MiB, 16384 MiB, 70.97 W, 72
2026/09/17 21:28:15.183, 100 %, 6 %, 15714 MiB, 16384 MiB, 68.82 W, 71
2026/09/17 21:28:16.186, 100 %, 8 %, 15714 MiB, 16384 MiB, 70.36 W, 71
2026/09/17 21:28:17.189, 100 %, 8 %, 15714 MiB, 16384 MiB, 70.81 W, 71
2026/09/17 21:28:18.192, 56 %, 9 %, 15714 MiB, 16384 MiB, 70.55 W, 70
2026/09/17 21:28:19.196, 62 %, 9 %, 15714 MiB, 16384 MiB, 70.32 W, 70
2026/09/17 21:28:20.199, 51 %, 4 %, 15714 MiB, 16384 MiB, 67.90 W, 70
2026/09/17 21:28:21.201, 100 %, 8 %, 15714 MiB, 16384 MiB, 68.52 W, 70
2026/09/17 21:28:22.203, 100 %, 6 %, 15714 MiB, 16384 MiB, 69.03 W, 69
2026/09/17 21:28:23.206, 98 %, 12 %, 15714 MiB, 16384 MiB, 68.70 W, 69
2026/09/17 21:28:24.208, 72 %, 4 %, 15714 MiB, 16384 MiB, 79.04 W, 69
2026/09/17 21:28:25.210, 100 %, 5 %, 15714 MiB, 16384 MiB, 76.90 W, 69
2026/09/17 21:28:26.213, 100 %, 8 %, 15714 MiB, 16384 MiB, 68.19 W, 68
2026/09/17 21:28:27.215, 97 %, 10 %, 15714 MiB, 16384 MiB, 73.52 W, 68
2026/09/17 21:28:28.217, 83 %, 9 %, 15714 MiB, 16384 MiB, 73.60 W, 68
2026/09/17 21:28:29.220, 90 %, 5 %, 15714 MiB, 16384 MiB, 78.80 W, 68
2026/09/17 21:28:30.222, 100 %, 5 %, 15714 MiB, 16384 MiB, 77.23 W, 68
2026/09/17 21:28:31.224, 100 %, 8 %, 15714 MiB, 16384 MiB, 66.47 W, 67
2026/09/17 21:28:32.227, 74 %, 10 %, 15714 MiB, 16384 MiB, 73.16 W, 67
2026/09/17 21:28:33.231, 63 %, 9 %, 15714 MiB, 16384 MiB, 67.76 W, 67
2026/09/17 21:28:34.234, 48 %, 9 %, 15714 MiB, 16384 MiB, 71.49 W, 67
2026/09/17 21:28:35.237, 100 %, 8 %, 15714 MiB, 16384 MiB, 65.88 W, 68
2026/09/17 21:28:36.241, 100 %, 8 %, 15714 MiB, 16384 MiB, 67.25 W, 67
2026/09/17 21:28:37.243, 100 %, 7 %, 15714 MiB, 16384 MiB, 67.14 W, 67
2026/09/17 21:28:38.245, 68 %, 9 %, 15714 MiB, 16384 MiB, 66.45 W, 66
2026/09/17 21:28:39.248, 77 %, 4 %, 15714 MiB, 16384 MiB, 76.27 W, 66
2026/09/17 21:28:40.250, 100 %, 8 %, 15714 MiB, 16384 MiB, 66.76 W, 66
2026/09/17 21:28:41.252, 100 %, 8 %, 15714 MiB, 16384 MiB, 66.64 W, 66
2026/09/17 21:28:42.254, 100 %, 9 %, 15714 MiB, 16384 MiB, 72.31 W, 66
2026/09/17 21:28:43.257, 51 %, 4 %, 15714 MiB, 16384 MiB, 77.81 W, 66
2026/09/17 21:28:44.259, 84 %, 5 %, 15714 MiB, 16384 MiB, 75.64 W, 66
2026/09/17 21:28:45.263, 100 %, 5 %, 15714 MiB, 16384 MiB, 73.95 W, 65
2026/09/17 21:28:46.265, 100 %, 7 %, 15714 MiB, 16384 MiB, 67.59 W, 65
2026/09/17 21:28:47.268, 88 %, 10 %, 15714 MiB, 16384 MiB, 71.94 W, 65
2026/09/17 21:28:48.270, 63 %, 8 %, 15714 MiB, 16384 MiB, 70.72 W, 65
2026/09/17 21:28:49.272, 100 %, 5 %, 15714 MiB, 16384 MiB, 85.22 W, 65
2026/09/17 21:28:50.275, 100 %, 8 %, 15714 MiB, 16384 MiB, 66.07 W, 65
2026/09/17 21:28:51.278, 100 %, 7 %, 15714 MiB, 16384 MiB, 72.09 W, 65
2026/09/17 21:28:52.280, 67 %, 9 %, 15714 MiB, 16384 MiB, 72.29 W, 64
2026/09/17 21:28:53.283, 68 %, 9 %, 15714 MiB, 16384 MiB, 66.21 W, 64
2026/09/17 21:28:54.285, 100 %, 8 %, 15714 MiB, 16384 MiB, 64.86 W, 64
2026/09/17 21:28:55.287, 100 %, 8 %, 15714 MiB, 16384 MiB, 65.84 W, 64
2026/09/17 21:28:56.289, 100 %, 8 %, 15714 MiB, 16384 MiB, 66.07 W, 64
2026/09/17 21:28:57.293, 47 %, 9 %, 15714 MiB, 16384 MiB, 66.22 W, 64
2026/09/17 21:28:58.297, 64 %, 9 %, 15714 MiB, 16384 MiB, 66.17 W, 64
2026/09/17 21:28:59.300, 50 %, 4 %, 15714 MiB, 16384 MiB, 64.10 W, 64
2026/09/17 21:29:00.303, 100 %, 8 %, 15714 MiB, 16384 MiB, 66.03 W, 64
2026/09/17 21:29:01.307, 100 %, 8 %, 15714 MiB, 16384 MiB, 66.03 W, 64
2026/09/17 21:29:02.310, 97 %, 12 %, 15714 MiB, 16384 MiB, 66.94 W, 63
2026/09/17 21:29:03.314, 70 %, 13 %, 15714 MiB, 16384 MiB, 66.51 W, 63
2026/09/17 21:29:04.317, 85 %, 5 %, 15714 MiB, 16384 MiB, 74.56 W, 63
2026/09/17 21:29:05.321, 100 %, 8 %, 15714 MiB, 16384 MiB, 66.00 W, 63
2026/09/17 21:29:06.324, 97 %, 10 %, 15714 MiB, 16384 MiB, 71.22 W, 63
2026/09/17 21:29:07.328, 76 %, 9 %, 15714 MiB, 16384 MiB, 71.08 W, 63
2026/09/17 21:29:08.331, 93 %, 5 %, 15714 MiB, 16384 MiB, 75.87 W, 63
2026/09/17 21:29:09.335, 100 %, 5 %, 15714 MiB, 16384 MiB, 74.52 W, 63
2026/09/17 21:29:10.339, 100 %, 8 %, 15714 MiB, 16384 MiB, 63.56 W, 63
2026/09/17 21:29:11.342, 87 %, 10 %, 15714 MiB, 16384 MiB, 70.84 W, 63
2026/09/17 21:29:12.346, 65 %, 9 %, 15714 MiB, 16384 MiB, 70.83 W, 63
2026/09/17 21:29:13.349, 41 %, 8 %, 15714 MiB, 16384 MiB, 69.20 W, 63
2026/09/17 21:29:14.352, 100 %, 8 %, 15714 MiB, 16384 MiB, 63.69 W, 62
2026/09/17 21:29:15.356, 100 %, 8 %, 15714 MiB, 16384 MiB, 65.13 W, 62
2026/09/17 21:29:16.358, 100 %, 7 %, 15714 MiB, 16384 MiB, 70.53 W, 62
2026/09/17 21:29:17.361, 70 %, 12 %, 15714 MiB, 16384 MiB, 71.89 W, 62
2026/09/17 21:29:18.364, 63 %, 4 %, 15714 MiB, 16384 MiB, 64.60 W, 62
2026/09/17 21:29:19.367, 100 %, 8 %, 15714 MiB, 16384 MiB, 63.91 W, 62
2026/09/17 21:29:20.370, 100 %, 8 %, 15714 MiB, 16384 MiB, 65.38 W, 62
2026/09/17 21:29:21.373, 100 %, 8 %, 15714 MiB, 16384 MiB, 65.35 W, 62
2026/09/17 21:29:22.376, 67 %, 9 %, 15714 MiB, 16384 MiB, 66.36 W, 62
2026/09/17 21:29:23.379, 61 %, 9 %, 15714 MiB, 16384 MiB, 65.25 W, 62
2026/09/17 21:29:24.382, 60 %, 4 %, 15714 MiB, 16384 MiB, 75.22 W, 62
2026/09/17 21:29:25.384, 100 %, 8 %, 15714 MiB, 16384 MiB, 64.86 W, 62
2026/09/17 21:29:26.386, 100 %, 8 %, 15714 MiB, 16384 MiB, 64.92 W, 62
2026/09/17 21:29:27.389, 100 %, 9 %, 15714 MiB, 16384 MiB, 66.45 W, 62
2026/09/17 21:29:28.391, 63 %, 9 %, 15714 MiB, 16384 MiB, 65.32 W, 62
2026/09/17 21:29:29.393, 80 %, 5 %, 15714 MiB, 16384 MiB, 75.46 W, 62
2026/09/17 21:29:30.395, 100 %, 8 %, 15714 MiB, 16384 MiB, 65.07 W, 62
2026/09/17 21:29:31.398, 100 %, 8 %, 15714 MiB, 16384 MiB, 65.13 W, 62
2026/09/17 21:29:32.400, 64 %, 9 %, 15714 MiB, 16384 MiB, 71.35 W, 62
2026/09/17 21:29:33.403, 89 %, 5 %, 15714 MiB, 16384 MiB, 75.39 W, 62
2026/09/17 21:29:34.405, 100 %, 5 %, 15714 MiB, 16384 MiB, 62.11 W, 61
2026/09/17 21:29:35.407, 100 %, 8 %, 15714 MiB, 16384 MiB, 63.76 W, 61
2026/09/17 21:29:36.409, 67 %, 9 %, 15714 MiB, 16384 MiB, 71.12 W, 62
2026/09/17 21:29:37.412, 54 %, 9 %, 15714 MiB, 16384 MiB, 64.67 W, 62
2026/09/17 21:29:38.415, 48 %, 8 %, 15714 MiB, 16384 MiB, 69.27 W, 62
2026/09/17 21:29:39.418, 100 %, 8 %, 15714 MiB, 16384 MiB, 63.42 W, 61
2026/09/17 21:29:40.420, 100 %, 8 %, 15714 MiB, 16384 MiB, 64.20 W, 61
2026/09/17 21:29:41.423, 100 %, 7 %, 15714 MiB, 16384 MiB, 72.24 W, 61
2026/09/17 21:29:42.426, 63 %, 9 %, 15714 MiB, 16384 MiB, 65.83 W, 61
2026/09/17 21:29:43.430, 65 %, 9 %, 15714 MiB, 16384 MiB, 64.80 W, 61
2026/09/17 21:29:44.433, 100 %, 8 %, 15714 MiB, 16384 MiB, 63.13 W, 61
2026/09/17 21:29:45.437, 40 %, 4 %, 15714 MiB, 16384 MiB, 62.42 W, 61
2026/09/17 21:29:46.440, 0 %, 0 %, 15714 MiB, 16384 MiB, 60.35 W, 61
2026/09/17 21:29:47.444, 0 %, 0 %, 15714 MiB, 16384 MiB, 48.49 W, 60
2026/09/17 21:29:48.448, 0 %, 0 %, 15714 MiB, 16384 MiB, 47.73 W, 60
2026/09/17 21:29:49.451, 0 %, 0 %, 15714 MiB, 16384 MiB, 47.69 W, 60
2026/09/17 21:29:50.454, 0 %, 0 %, 15714 MiB, 16384 MiB, 47.77 W, 60
2026/09/17 21:29:51.457, 0 %, 0 %, 15714 MiB, 16384 MiB, 47.85 W, 60
2026/09/17 21:29:52.459, 0 %, 0 %, 15714 MiB, 16384 MiB, 47.38 W, 60
2026/09/17 21:29:53.462, 0 %, 0 %, 15714 MiB, 16384 MiB, 47.36 W, 59
2026/09/17 21:29:54.464, 0 %, 0 %, 15714 MiB, 16384 MiB, 47.41 W, 59
2026/09/17 21:29:55.467, 0 %, 0 %, 15714 MiB, 16384 MiB, 47.37 W, 59
2026/09/17 21:29:56.469, 0 %, 0 %, 15714 MiB, 16384 MiB, 47.12 W, 59
2026/09/17 21:29:57.471, 0 %, 0 %, 15714 MiB, 16384 MiB, 47.23 W, 59
2026/09/17 21:29:58.474, 0 %, 0 %, 15714 MiB, 16384 MiB, 47.47 W, 59
2026/09/17 21:29:59.476, 0 %, 0 %, 15714 MiB, 16384 MiB, 47.27 W, 59
2026/09/17 21:30:00.478, 100 %, 7 %, 15716 MiB, 16384 MiB, 71.46 W, 60
2026/09/17 21:30:01.481, 54 %, 4 %, 15716 MiB, 16384 MiB, 73.05 W, 60
2026/09/17 21:30:02.483, 100 %, 8 %, 15716 MiB, 16384 MiB, 65.81 W, 60
2026/09/17 21:30:03.486, 94 %, 11 %, 15716 MiB, 16384 MiB, 78.20 W, 60
2026/09/17 21:30:04.490, 41 %, 8 %, 15716 MiB, 16384 MiB, 75.30 W, 60
2026/09/17 21:30:05.492, 100 %, 8 %, 15716 MiB, 16384 MiB, 62.83 W, 60
2026/09/17 21:30:06.494, 100 %, 8 %, 15716 MiB, 16384 MiB, 64.64 W, 60
2026/09/17 21:30:07.497, 100 %, 12 %, 15716 MiB, 16384 MiB, 76.00 W, 60
2026/09/17 21:30:08.499, 80 %, 4 %, 15716 MiB, 16384 MiB, 61.87 W, 60
2026/09/17 21:30:09.502, 100 %, 8 %, 15716 MiB, 16384 MiB, 64.11 W, 61
2026/09/17 21:30:10.506, 100 %, 7 %, 15716 MiB, 16384 MiB, 70.31 W, 60
2026/09/17 21:30:11.509, 61 %, 9 %, 15716 MiB, 16384 MiB, 70.37 W, 60
2026/09/17 21:30:12.512, 63 %, 7 %, 15716 MiB, 16384 MiB, 87.43 W, 60
2026/09/17 21:30:13.516, 100 %, 8 %, 15716 MiB, 16384 MiB, 64.72 W, 60
2026/09/17 21:30:14.519, 100 %, 14 %, 15716 MiB, 16384 MiB, 64.90 W, 60
2026/09/17 21:30:15.523, 63 %, 9 %, 15716 MiB, 16384 MiB, 65.11 W, 60
2026/09/17 21:30:16.526, 100 %, 8 %, 15716 MiB, 16384 MiB, 73.50 W, 61
2026/09/17 21:30:17.530, 100 %, 8 %, 15716 MiB, 16384 MiB, 63.02 W, 60
2026/09/17 21:30:18.533, 100 %, 8 %, 15716 MiB, 16384 MiB, 64.81 W, 60
2026/09/17 21:30:19.536, 50 %, 9 %, 15716 MiB, 16384 MiB, 64.81 W, 60
2026/09/17 21:30:20.540, 55 %, 9 %, 15716 MiB, 16384 MiB, 64.57 W, 60
2026/09/17 21:30:21.542, 53 %, 4 %, 15716 MiB, 16384 MiB, 62.98 W, 60
2026/09/17 21:30:22.545, 100 %, 8 %, 15716 MiB, 16384 MiB, 65.43 W, 60
2026/09/17 21:30:23.548, 100 %, 8 %, 15716 MiB, 16384 MiB, 65.26 W, 60
2026/09/17 21:30:24.554, 100 %, 7 %, 15716 MiB, 16384 MiB, 69.90 W, 60
2026/09/17 21:30:25.556, 64 %, 9 %, 15716 MiB, 16384 MiB, 64.41 W, 60
2026/09/17 21:30:26.559, 67 %, 4 %, 15716 MiB, 16384 MiB, 65.47 W, 60
2026/09/17 21:30:27.561, 100 %, 8 %, 15716 MiB, 16384 MiB, 65.44 W, 60
2026/09/17 21:30:28.564, 100 %, 8 %, 15716 MiB, 16384 MiB, 64.36 W, 60
2026/09/17 21:30:29.566, 91 %, 10 %, 15716 MiB, 16384 MiB, 70.19 W, 60
2026/09/17 21:30:30.568, 60 %, 4 %, 15716 MiB, 16384 MiB, 69.91 W, 60
2026/09/17 21:30:31.571, 84 %, 5 %, 15716 MiB, 16384 MiB, 62.58 W, 60
2026/09/17 21:30:32.573, 100 %, 5 %, 15716 MiB, 16384 MiB, 64.17 W, 60
2026/09/17 21:30:33.575, 85 %, 10 %, 15716 MiB, 16384 MiB, 64.20 W, 60
2026/09/17 21:30:34.578, 64 %, 9 %, 15716 MiB, 16384 MiB, 64.45 W, 60
2026/09/17 21:30:35.580, 34 %, 8 %, 15716 MiB, 16384 MiB, 73.37 W, 60
2026/09/17 21:30:36.582, 100 %, 8 %, 15716 MiB, 16384 MiB, 64.05 W, 60
2026/09/17 21:30:37.584, 100 %, 8 %, 15716 MiB, 16384 MiB, 64.23 W, 60
2026/09/17 21:30:38.587, 100 %, 7 %, 15716 MiB, 16384 MiB, 63.47 W, 60
2026/09/17 21:30:39.589, 64 %, 9 %, 15716 MiB, 16384 MiB, 72.97 W, 60
2026/09/17 21:30:40.592, 66 %, 7 %, 15716 MiB, 16384 MiB, 73.28 W, 60
2026/09/17 21:30:41.595, 100 %, 8 %, 15716 MiB, 16384 MiB, 65.39 W, 60
2026/09/17 21:30:42.599, 100 %, 8 %, 15716 MiB, 16384 MiB, 69.85 W, 60
2026/09/17 21:30:43.602, 92 %, 10 %, 15716 MiB, 16384 MiB, 69.81 W, 60
2026/09/17 21:30:44.605, 72 %, 4 %, 15716 MiB, 16384 MiB, 72.59 W, 60
2026/09/17 21:30:45.609, 83 %, 5 %, 15716 MiB, 16384 MiB, 63.99 W, 61
2026/09/17 21:30:46.612, 100 %, 8 %, 15716 MiB, 16384 MiB, 64.12 W, 60
2026/09/17 21:30:47.616, 90 %, 10 %, 15716 MiB, 16384 MiB, 64.31 W, 60
2026/09/17 21:30:48.620, 74 %, 9 %, 15716 MiB, 16384 MiB, 64.47 W, 61
2026/09/17 21:30:49.623, 47 %, 8 %, 15716 MiB, 16384 MiB, 62.64 W, 60
2026/09/17 21:30:50.626, 100 %, 8 %, 15716 MiB, 16384 MiB, 64.10 W, 61
2026/09/17 21:30:51.629, 100 %, 8 %, 15716 MiB, 16384 MiB, 64.57 W, 60
2026/09/17 21:30:52.633, 100 %, 7 %, 15716 MiB, 16384 MiB, 64.19 W, 60
2026/09/17 21:30:53.636, 65 %, 9 %, 15716 MiB, 16384 MiB, 63.75 W, 60
2026/09/17 21:30:54.640, 65 %, 9 %, 15716 MiB, 16384 MiB, 73.36 W, 60
2026/09/17 21:30:55.643, 100 %, 8 %, 15716 MiB, 16384 MiB, 64.31 W, 60
2026/09/17 21:30:56.647, 100 %, 8 %, 15716 MiB, 16384 MiB, 64.33 W, 60
2026/09/17 21:30:57.650, 100 %, 9 %, 15716 MiB, 16384 MiB, 69.72 W, 60
2026/09/17 21:30:58.654, 47 %, 3 %, 15716 MiB, 16384 MiB, 72.67 W, 61
2026/09/17 21:30:59.658, 83 %, 5 %, 15716 MiB, 16384 MiB, 63.12 W, 61
2026/09/17 21:31:00.661, 100 %, 8 %, 15716 MiB, 16384 MiB, 65.57 W, 60
2026/09/17 21:31:01.664, 90 %, 10 %, 15716 MiB, 16384 MiB, 64.43 W, 61
2026/09/17 21:31:02.668, 65 %, 9 %, 15716 MiB, 16384 MiB, 64.32 W, 61
2026/09/17 21:31:03.671, 49 %, 8 %, 15716 MiB, 16384 MiB, 64.02 W, 61
2026/09/17 21:31:04.675, 100 %, 8 %, 15716 MiB, 16384 MiB, 65.84 W, 61
2026/09/17 21:31:05.679, 100 %, 8 %, 15716 MiB, 16384 MiB, 64.31 W, 61
2026/09/17 21:31:06.682, 100 %, 7 %, 15716 MiB, 16384 MiB, 63.86 W, 61
2026/09/17 21:31:07.686, 64 %, 9 %, 15716 MiB, 16384 MiB, 73.65 W, 60
2026/09/17 21:31:08.689, 66 %, 9 %, 15716 MiB, 16384 MiB, 72.93 W, 61
2026/09/17 21:31:09.693, 100 %, 8 %, 15716 MiB, 16384 MiB, 64.45 W, 60
2026/09/17 21:31:10.696, 100 %, 8 %, 15716 MiB, 16384 MiB, 64.45 W, 60
2026/09/17 21:31:11.699, 100 %, 7 %, 15716 MiB, 16384 MiB, 69.79 W, 61
2026/09/17 21:31:12.703, 40 %, 8 %, 15716 MiB, 16384 MiB, 73.17 W, 61
2026/09/17 21:31:13.706, 65 %, 4 %, 15716 MiB, 16384 MiB, 61.08 W, 61
2026/09/17 21:31:14.710, 100 %, 5 %, 15716 MiB, 16384 MiB, 63.26 W, 61
2026/09/17 21:31:15.714, 91 %, 10 %, 15716 MiB, 16384 MiB, 64.18 W, 61
2026/09/17 21:31:16.717, 60 %, 9 %, 15716 MiB, 16384 MiB, 64.29 W, 61
2026/09/17 21:31:17.720, 39 %, 8 %, 15716 MiB, 16384 MiB, 73.09 W, 61
2026/09/17 21:31:18.724, 100 %, 8 %, 15716 MiB, 16384 MiB, 64.36 W, 60
2026/09/17 21:31:19.728, 100 %, 8 %, 15716 MiB, 16384 MiB, 65.85 W, 61
2026/09/17 21:31:20.732, 100 %, 7 %, 15716 MiB, 16384 MiB, 65.67 W, 61
2026/09/17 21:31:21.735, 61 %, 9 %, 15716 MiB, 16384 MiB, 63.70 W, 61
2026/09/17 21:31:22.739, 65 %, 9 %, 15716 MiB, 16384 MiB, 66.43 W, 61
2026/09/17 21:31:23.743, 100 %, 8 %, 15716 MiB, 16384 MiB, 62.73 W, 61
2026/09/17 21:31:24.746, 100 %, 8 %, 15716 MiB, 16384 MiB, 63.65 W, 61
2026/09/17 21:31:25.750, 100 %, 8 %, 15716 MiB, 16384 MiB, 66.10 W, 61
2026/09/17 21:31:26.754, 43 %, 9 %, 15716 MiB, 16384 MiB, 65.71 W, 61
2026/09/17 21:31:27.757, 57 %, 4 %, 15716 MiB, 16384 MiB, 64.94 W, 61
2026/09/17 21:31:28.760, 84 %, 5 %, 15716 MiB, 16384 MiB, 73.30 W, 61
2026/09/17 21:31:29.764, 100 %, 8 %, 15716 MiB, 16384 MiB, 64.82 W, 61
2026/09/17 21:31:30.766, 100 %, 5 %, 15716 MiB, 16384 MiB, 64.65 W, 61
2026/09/17 21:31:31.769, 87 %, 12 %, 15716 MiB, 16384 MiB, 64.40 W, 61
2026/09/17 21:31:32.772, 82 %, 4 %, 15716 MiB, 16384 MiB, 65.73 W, 61
2026/09/17 21:31:33.775, 96 %, 5 %, 15716 MiB, 16384 MiB, 73.88 W, 61
2026/09/17 21:31:34.779, 100 %, 8 %, 15716 MiB, 16384 MiB, 64.93 W, 61
2026/09/17 21:31:35.782, 96 %, 10 %, 15716 MiB, 16384 MiB, 64.99 W, 61
2026/09/17 21:31:36.786, 70 %, 9 %, 15716 MiB, 16384 MiB, 69.94 W, 61
2026/09/17 21:31:37.788, 89 %, 5 %, 15716 MiB, 16384 MiB, 74.12 W, 61
2026/09/17 21:31:38.791, 100 %, 6 %, 15716 MiB, 16384 MiB, 64.93 W, 61
2026/09/17 21:31:39.793, 100 %, 8 %, 15716 MiB, 16384 MiB, 65.44 W, 61
2026/09/17 21:31:40.795, 64 %, 9 %, 15716 MiB, 16384 MiB, 64.33 W, 61
2026/09/17 21:31:41.797, 52 %, 9 %, 15716 MiB, 16384 MiB, 64.52 W, 61
2026/09/17 21:31:42.800, 52 %, 9 %, 15716 MiB, 16384 MiB, 74.45 W, 61
2026/09/17 21:31:43.802, 100 %, 8 %, 15716 MiB, 16384 MiB, 65.65 W, 61
2026/09/17 21:31:44.804, 100 %, 8 %, 15716 MiB, 16384 MiB, 64.43 W, 61
2026/09/17 21:31:45.806, 100 %, 7 %, 15716 MiB, 16384 MiB, 64.30 W, 61
2026/09/17 21:31:46.808, 68 %, 9 %, 15716 MiB, 16384 MiB, 63.75 W, 61
2026/09/17 21:31:47.812, 65 %, 9 %, 15716 MiB, 16384 MiB, 73.41 W, 61
2026/09/17 21:31:48.814, 100 %, 8 %, 15716 MiB, 16384 MiB, 64.54 W, 61
2026/09/17 21:31:49.816, 100 %, 8 %, 15716 MiB, 16384 MiB, 64.63 W, 61
2026/09/17 21:31:50.819, 100 %, 8 %, 15716 MiB, 16384 MiB, 64.96 W, 61
2026/09/17 21:31:51.822, 59 %, 9 %, 15716 MiB, 16384 MiB, 64.59 W, 61
2026/09/17 21:31:52.826, 2 %, 3 %, 15716 MiB, 16384 MiB, 62.29 W, 61
2026/09/17 21:31:53.829, 1 %, 2 %, 15716 MiB, 16384 MiB, 62.04 W, 61
2026/09/17 21:31:54.832, 77 %, 5 %, 15716 MiB, 16384 MiB, 61.93 W, 62
2026/09/17 21:31:55.836, 100 %, 8 %, 15716 MiB, 16384 MiB, 81.43 W, 61
2026/09/17 21:31:56.839, 57 %, 6 %, 15716 MiB, 16384 MiB, 129.63 W, 61
2026/09/17 21:31:57.843, 100 %, 7 %, 15716 MiB, 16384 MiB, 64.75 W, 61
2026/09/17 21:31:58.846, 100 %, 10 %, 15716 MiB, 16384 MiB, 95.16 W, 62
2026/09/17 21:31:59.850, 100 %, 5 %, 15716 MiB, 16384 MiB, 64.85 W, 63
2026/09/17 21:32:00.853, 100 %, 8 %, 15716 MiB, 16384 MiB, 89.86 W, 61
2026/09/17 21:32:01.857, 68 %, 8 %, 15716 MiB, 16384 MiB, 64.43 W, 62
2026/09/17 21:32:02.861, 100 %, 8 %, 15716 MiB, 16384 MiB, 66.31 W, 61
2026/09/17 21:32:03.864, 100 %, 11 %, 15716 MiB, 16384 MiB, 94.12 W, 62
2026/09/17 21:32:04.868, 36 %, 3 %, 15716 MiB, 16384 MiB, 129.27 W, 62
2026/09/17 21:32:05.872, 100 %, 8 %, 15716 MiB, 16384 MiB, 98.82 W, 62
2026/09/17 21:32:06.876, 56 %, 8 %, 15716 MiB, 16384 MiB, 96.73 W, 62
2026/09/17 21:32:07.880, 92 %, 5 %, 15716 MiB, 16384 MiB, 63.14 W, 63
2026/09/17 21:32:08.883, 80 %, 9 %, 15716 MiB, 16384 MiB, 65.66 W, 63
2026/09/17 21:32:09.887, 20 %, 3 %, 15716 MiB, 16384 MiB, 62.02 W, 62
2026/09/17 21:32:10.891, 100 %, 8 %, 15716 MiB, 16384 MiB, 64.83 W, 62
2026/09/17 21:32:11.894, 58 %, 9 %, 15716 MiB, 16384 MiB, 64.94 W, 62
2026/09/17 21:32:12.898, 36 %, 8 %, 15716 MiB, 16384 MiB, 75.34 W, 62
2026/09/17 21:32:13.902, 49 %, 3 %, 15716 MiB, 16384 MiB, 72.85 W, 62
2026/09/17 21:32:14.905, 100 %, 8 %, 15716 MiB, 16384 MiB, 65.08 W, 62
2026/09/17 21:32:15.909, 100 %, 8 %, 15716 MiB, 16384 MiB, 70.46 W, 62
2026/09/17 21:32:16.912, 100 %, 9 %, 15716 MiB, 16384 MiB, 63.87 W, 62
2026/09/17 21:32:17.916, 68 %, 6 %, 15716 MiB, 16384 MiB, 73.36 W, 62
2026/09/17 21:32:18.919, 87 %, 5 %, 15716 MiB, 16384 MiB, 65.22 W, 62
2026/09/17 21:32:19.922, 100 %, 8 %, 15716 MiB, 16384 MiB, 65.97 W, 62
2026/09/17 21:32:20.926, 100 %, 5 %, 15716 MiB, 16384 MiB, 70.55 W, 62
2026/09/17 21:32:21.929, 90 %, 10 %, 15716 MiB, 16384 MiB, 70.31 W, 62
2026/09/17 21:32:22.934, 64 %, 4 %, 15716 MiB, 16384 MiB, 73.05 W, 62
2026/09/17 21:32:23.937, 82 %, 5 %, 15716 MiB, 16384 MiB, 64.19 W, 62
2026/09/17 21:32:24.940, 100 %, 8 %, 15716 MiB, 16384 MiB, 64.77 W, 62
2026/09/17 21:32:25.944, 77 %, 10 %, 15716 MiB, 16384 MiB, 64.88 W, 62
2026/09/17 21:32:26.947, 45 %, 9 %, 15716 MiB, 16384 MiB, 65.11 W, 62
2026/09/17 21:32:27.951, 39 %, 8 %, 15716 MiB, 16384 MiB, 73.27 W, 62
2026/09/17 21:32:28.954, 100 %, 8 %, 15716 MiB, 16384 MiB, 65.06 W, 62
2026/09/17 21:32:29.958, 100 %, 8 %, 15716 MiB, 16384 MiB, 65.59 W, 62
2026/09/17 21:32:30.962, 100 %, 7 %, 15716 MiB, 16384 MiB, 71.24 W, 62
2026/09/17 21:32:31.965, 66 %, 9 %, 15716 MiB, 16384 MiB, 65.71 W, 62
2026/09/17 21:32:32.969, 69 %, 4 %, 15716 MiB, 16384 MiB, 65.13 W, 62
2026/09/17 21:32:33.972, 100 %, 8 %, 15716 MiB, 16384 MiB, 64.33 W, 62
2026/09/17 21:32:34.975, 100 %, 8 %, 15716 MiB, 16384 MiB, 65.44 W, 62
2026/09/17 21:32:35.978, 100 %, 5 %, 15716 MiB, 16384 MiB, 65.62 W, 62
2026/09/17 21:32:36.981, 49 %, 4 %, 15716 MiB, 16384 MiB, 65.33 W, 62
2026/09/17 21:32:37.984, 65 %, 5 %, 15716 MiB, 16384 MiB, 74.99 W, 62
2026/09/17 21:32:38.987, 100 %, 8 %, 15716 MiB, 16384 MiB, 73.70 W, 62
2026/09/17 21:32:39.990, 100 %, 5 %, 15716 MiB, 16384 MiB, 65.21 W, 62
2026/09/17 21:32:40.993, 73 %, 10 %, 15716 MiB, 16384 MiB, 71.90 W, 62
2026/09/17 21:32:41.996, 49 %, 8 %, 15716 MiB, 16384 MiB, 70.61 W, 62
2026/09/17 21:32:42.999, 100 %, 8 %, 15716 MiB, 16384 MiB, 73.72 W, 62
2026/09/17 21:32:44.001, 100 %, 8 %, 15716 MiB, 16384 MiB, 75.00 W, 62
2026/09/17 21:32:45.004, 100 %, 7 %, 15716 MiB, 16384 MiB, 70.74 W, 62
2026/09/17 21:32:46.006, 67 %, 9 %, 15716 MiB, 16384 MiB, 64.82 W, 62
2026/09/17 21:32:47.008, 64 %, 9 %, 15716 MiB, 16384 MiB, 63.94 W, 62
2026/09/17 21:32:48.011, 100 %, 8 %, 15716 MiB, 16384 MiB, 64.53 W, 62
2026/09/17 21:32:49.013, 100 %, 8 %, 15716 MiB, 16384 MiB, 64.74 W, 62
2026/09/17 21:32:50.015, 100 %, 8 %, 15716 MiB, 16384 MiB, 70.79 W, 62
2026/09/17 21:32:51.018, 50 %, 9 %, 15716 MiB, 16384 MiB, 75.38 W, 62
2026/09/17 21:32:52.020, 44 %, 4 %, 15716 MiB, 16384 MiB, 61.50 W, 62
2026/09/17 21:32:53.022, 100 %, 5 %, 15716 MiB, 16384 MiB, 63.80 W, 62
2026/09/17 21:32:54.025, 100 %, 5 %, 15716 MiB, 16384 MiB, 70.12 W, 62
2026/09/17 21:32:55.028, 70 %, 10 %, 15716 MiB, 16384 MiB, 64.90 W, 62
2026/09/17 21:32:56.032, 62 %, 8 %, 15716 MiB, 16384 MiB, 68.50 W, 62
2026/09/17 21:32:57.035, 100 %, 8 %, 15716 MiB, 16384 MiB, 63.94 W, 62
2026/09/17 21:32:58.039, 100 %, 8 %, 15716 MiB, 16384 MiB, 64.80 W, 62
2026/09/17 21:32:59.043, 100 %, 7 %, 15716 MiB, 16384 MiB, 71.46 W, 62
2026/09/17 21:33:00.046, 70 %, 9 %, 15716 MiB, 16384 MiB, 65.49 W, 62
2026/09/17 21:33:01.050, 64 %, 9 %, 15716 MiB, 16384 MiB, 64.08 W, 62
2026/09/17 21:33:02.052, 100 %, 8 %, 15716 MiB, 16384 MiB, 65.61 W, 62
2026/09/17 21:33:03.055, 100 %, 8 %, 15716 MiB, 16384 MiB, 66.10 W, 62
2026/09/17 21:33:04.057, 100 %, 8 %, 15716 MiB, 16384 MiB, 65.12 W, 62
2026/09/17 21:33:05.059, 58 %, 9 %, 15716 MiB, 16384 MiB, 68.43 W, 62
2026/09/17 21:33:06.062, 46 %, 4 %, 15716 MiB, 16384 MiB, 73.31 W, 62
2026/09/17 21:33:07.065, 86 %, 5 %, 15716 MiB, 16384 MiB, 61.99 W, 62
2026/09/17 21:33:08.067, 100 %, 8 %, 15716 MiB, 16384 MiB, 67.83 W, 62
2026/09/17 21:33:09.070, 100 %, 9 %, 15716 MiB, 16384 MiB, 70.29 W, 62
2026/09/17 21:33:10.072, 85 %, 12 %, 15716 MiB, 16384 MiB, 69.18 W, 62
2026/09/17 21:33:11.075, 69 %, 4 %, 15716 MiB, 16384 MiB, 72.89 W, 62
2026/09/17 21:33:12.077, 88 %, 5 %, 15716 MiB, 16384 MiB, 72.98 W, 62
2026/09/17 21:33:13.079, 100 %, 8 %, 15716 MiB, 16384 MiB, 64.71 W, 62
2026/09/17 21:33:14.081, 100 %, 8 %, 15716 MiB, 16384 MiB, 70.09 W, 62
2026/09/17 21:33:15.084, 92 %, 10 %, 15716 MiB, 16384 MiB, 70.27 W, 62
2026/09/17 21:33:16.086, 70 %, 4 %, 15716 MiB, 16384 MiB, 67.44 W, 62
2026/09/17 21:33:17.089, 100 %, 5 %, 15716 MiB, 16384 MiB, 63.59 W, 62
2026/09/17 21:33:18.091, 100 %, 8 %, 15716 MiB, 16384 MiB, 65.87 W, 62
2026/09/17 21:33:19.093, 86 %, 10 %, 15716 MiB, 16384 MiB, 71.41 W, 62
2026/09/17 21:33:20.097, 45 %, 9 %, 15716 MiB, 16384 MiB, 64.85 W, 62
2026/09/17 21:33:21.100, 53 %, 9 %, 15716 MiB, 16384 MiB, 74.04 W, 62
2026/09/17 21:33:22.105, 100 %, 8 %, 15716 MiB, 16384 MiB, 66.52 W, 62
2026/09/17 21:33:23.107, 100 %, 8 %, 15716 MiB, 16384 MiB, 65.96 W, 62
2026/09/17 21:33:24.111, 100 %, 7 %, 15716 MiB, 16384 MiB, 64.29 W, 62
2026/09/17 21:33:25.114, 69 %, 9 %, 15716 MiB, 16384 MiB, 72.94 W, 62
2026/09/17 21:33:26.117, 72 %, 4 %, 15716 MiB, 16384 MiB, 72.73 W, 62
2026/09/17 21:33:27.120, 100 %, 8 %, 15716 MiB, 16384 MiB, 64.89 W, 62
2026/09/17 21:33:28.122, 100 %, 7 %, 15716 MiB, 16384 MiB, 70.04 W, 62
2026/09/17 21:33:29.125, 85 %, 10 %, 15716 MiB, 16384 MiB, 70.34 W, 62
2026/09/17 21:33:30.127, 69 %, 4 %, 15716 MiB, 16384 MiB, 62.04 W, 62
2026/09/17 21:33:31.129, 100 %, 8 %, 15716 MiB, 16384 MiB, 63.76 W, 62
2026/09/17 21:33:32.131, 100 %, 8 %, 15716 MiB, 16384 MiB, 64.48 W, 62
2026/09/17 21:33:33.134, 91 %, 10 %, 15716 MiB, 16384 MiB, 70.23 W, 62
2026/09/17 21:33:34.136, 39 %, 9 %, 15716 MiB, 16384 MiB, 65.01 W, 62
2026/09/17 21:33:35.138, 70 %, 9 %, 15716 MiB, 16384 MiB, 68.24 W, 62
2026/09/17 21:33:36.141, 100 %, 8 %, 15716 MiB, 16384 MiB, 64.94 W, 62
2026/09/17 21:33:37.143, 100 %, 8 %, 15716 MiB, 16384 MiB, 64.79 W, 62
2026/09/17 21:33:38.145, 100 %, 7 %, 15716 MiB, 16384 MiB, 66.01 W, 62
2026/09/17 21:33:39.147, 69 %, 9 %, 15716 MiB, 16384 MiB, 63.78 W, 62
2026/09/17 21:33:40.150, 72 %, 4 %, 15716 MiB, 16384 MiB, 73.08 W, 62
2026/09/17 21:33:41.156, 100 %, 8 %, 15716 MiB, 16384 MiB, 64.57 W, 62
2026/09/17 21:33:42.158, 100 %, 8 %, 15716 MiB, 16384 MiB, 71.46 W, 62
2026/09/17 21:33:43.161, 94 %, 10 %, 15716 MiB, 16384 MiB, 71.23 W, 62
2026/09/17 21:33:44.163, 65 %, 4 %, 15716 MiB, 16384 MiB, 73.12 W, 62
2026/09/17 21:33:45.166, 93 %, 5 %, 15716 MiB, 16384 MiB, 72.39 W, 62
2026/09/17 21:33:46.169, 100 %, 6 %, 15716 MiB, 16384 MiB, 63.40 W, 62
2026/09/17 21:33:47.172, 100 %, 8 %, 15716 MiB, 16384 MiB, 70.40 W, 62
2026/09/17 21:33:48.175, 1 %, 2 %, 15716 MiB, 16384 MiB, 62.31 W, 62
2026/09/17 21:33:49.177, 2 %, 3 %, 15716 MiB, 16384 MiB, 62.50 W, 62
2026/09/17 21:33:50.180, 100 %, 8 %, 15716 MiB, 16384 MiB, 64.89 W, 62
2026/09/17 21:33:51.183, 100 %, 10 %, 15716 MiB, 16384 MiB, 77.63 W, 63
2026/09/17 21:33:52.185, 94 %, 5 %, 15716 MiB, 16384 MiB, 62.75 W, 64
2026/09/17 21:33:53.187, 100 %, 8 %, 15716 MiB, 16384 MiB, 85.42 W, 62
2026/09/17 21:33:54.190, 57 %, 8 %, 15716 MiB, 16384 MiB, 71.75 W, 63
2026/09/17 21:33:55.192, 100 %, 8 %, 15716 MiB, 16384 MiB, 65.71 W, 62
2026/09/17 21:33:56.194, 95 %, 10 %, 15716 MiB, 16384 MiB, 74.53 W, 63
2026/09/17 21:33:57.197, 45 %, 3 %, 15716 MiB, 16384 MiB, 125.22 W, 63
2026/09/17 21:33:58.199, 100 %, 8 %, 15716 MiB, 16384 MiB, 100.26 W, 63
2026/09/17 21:33:59.201, 46 %, 8 %, 15716 MiB, 16384 MiB, 90.97 W, 63
2026/09/17 21:34:00.204, 95 %, 5 %, 15716 MiB, 16384 MiB, 63.40 W, 63
2026/09/17 21:34:01.206, 77 %, 9 %, 15716 MiB, 16384 MiB, 66.32 W, 63
2026/09/17 21:34:02.208, 65 %, 4 %, 15716 MiB, 16384 MiB, 101.15 W, 64
2026/09/17 21:34:03.211, 100 %, 8 %, 15716 MiB, 16384 MiB, 67.04 W, 63
2026/09/17 21:34:04.214, 59 %, 9 %, 15716 MiB, 16384 MiB, 92.60 W, 63
2026/09/17 21:34:05.217, 48 %, 4 %, 15716 MiB, 16384 MiB, 61.84 W, 63
2026/09/17 21:34:06.221, 100 %, 8 %, 15716 MiB, 16384 MiB, 64.23 W, 63
2026/09/17 21:34:07.224, 46 %, 6 %, 15716 MiB, 16384 MiB, 73.99 W, 63
2026/09/17 21:34:08.228, 74 %, 5 %, 15716 MiB, 16384 MiB, 72.47 W, 63
2026/09/17 21:34:09.232, 92 %, 5 %, 15716 MiB, 16384 MiB, 62.49 W, 63
2026/09/17 21:34:10.235, 100 %, 5 %, 15716 MiB, 16384 MiB, 69.63 W, 63
2026/09/17 21:34:11.239, 89 %, 10 %, 15716 MiB, 16384 MiB, 69.69 W, 63
2026/09/17 21:34:12.242, 67 %, 8 %, 15716 MiB, 16384 MiB, 68.30 W, 62
2026/09/17 21:34:13.245, 92 %, 5 %, 15716 MiB, 16384 MiB, 72.68 W, 63
2026/09/17 21:34:14.249, 100 %, 5 %, 15716 MiB, 16384 MiB, 62.84 W, 63
2026/09/17 21:34:15.252, 100 %, 7 %, 15716 MiB, 16384 MiB, 69.64 W, 63
2026/09/17 21:34:16.255, 66 %, 9 %, 15716 MiB, 16384 MiB, 64.40 W, 63
2026/09/17 21:34:17.259, 62 %, 9 %, 15716 MiB, 16384 MiB, 65.20 W, 63
2026/09/17 21:34:18.262, 100 %, 8 %, 15716 MiB, 16384 MiB, 65.43 W, 62
2026/09/17 21:34:19.266, 100 %, 8 %, 15716 MiB, 16384 MiB, 64.11 W, 62
2026/09/17 21:34:20.269, 100 %, 8 %, 15716 MiB, 16384 MiB, 64.12 W, 63
2026/09/17 21:34:21.273, 49 %, 9 %, 15716 MiB, 16384 MiB, 65.78 W, 62
2026/09/17 21:34:22.276, 38 %, 6 %, 15716 MiB, 16384 MiB, 75.42 W, 63
2026/09/17 21:34:23.280, 68 %, 4 %, 15716 MiB, 16384 MiB, 72.10 W, 62
2026/09/17 21:34:24.284, 100 %, 8 %, 15716 MiB, 16384 MiB, 69.56 W, 62
2026/09/17 21:34:25.288, 100 %, 5 %, 15716 MiB, 16384 MiB, 69.89 W, 62
2026/09/17 21:34:26.291, 84 %, 11 %, 15716 MiB, 16384 MiB, 68.51 W, 62
2026/09/17 21:34:27.295, 78 %, 4 %, 15716 MiB, 16384 MiB, 72.29 W, 62
2026/09/17 21:34:28.299, 97 %, 5 %, 15716 MiB, 16384 MiB, 64.73 W, 62
2026/09/17 21:34:29.303, 100 %, 8 %, 15716 MiB, 16384 MiB, 64.49 W, 62
2026/09/17 21:34:30.305, 88 %, 10 %, 15716 MiB, 16384 MiB, 69.65 W, 62
2026/09/17 21:34:31.307, 74 %, 9 %, 15716 MiB, 16384 MiB, 64.55 W, 62
2026/09/17 21:34:32.309, 86 %, 5 %, 15716 MiB, 16384 MiB, 61.25 W, 63
2026/09/17 21:34:33.312, 100 %, 6 %, 15716 MiB, 16384 MiB, 62.86 W, 62
2026/09/17 21:34:34.314, 100 %, 8 %, 15716 MiB, 16384 MiB, 64.31 W, 62
2026/09/17 21:34:35.316, 68 %, 9 %, 15716 MiB, 16384 MiB, 64.64 W, 63
2026/09/17 21:34:36.318, 39 %, 9 %, 15716 MiB, 16384 MiB, 66.10 W, 62
2026/09/17 21:34:37.321, 38 %, 3 %, 15716 MiB, 16384 MiB, 74.20 W, 62
2026/09/17 21:34:38.323, 100 %, 8 %, 15716 MiB, 16384 MiB, 64.55 W, 62
2026/09/17 21:34:39.325, 100 %, 8 %, 15716 MiB, 16384 MiB, 64.56 W, 62
2026/09/17 21:34:40.328, 100 %, 7 %, 15716 MiB, 16384 MiB, 65.23 W, 62
2026/09/17 21:34:41.330, 68 %, 9 %, 15716 MiB, 16384 MiB, 75.35 W, 62
2026/09/17 21:34:42.332, 73 %, 4 %, 15716 MiB, 16384 MiB, 72.56 W, 62
2026/09/17 21:34:43.335, 100 %, 8 %, 15716 MiB, 16384 MiB, 64.53 W, 62
2026/09/17 21:34:44.337, 100 %, 8 %, 15716 MiB, 16384 MiB, 64.49 W, 62
2026/09/17 21:34:45.340, 100 %, 5 %, 15716 MiB, 16384 MiB, 69.99 W, 62
2026/09/17 21:34:46.342, 63 %, 9 %, 15716 MiB, 16384 MiB, 74.26 W, 62
2026/09/17 21:34:47.346, 58 %, 5 %, 15716 MiB, 16384 MiB, 61.48 W, 63
2026/09/17 21:34:48.349, 100 %, 8 %, 15716 MiB, 16384 MiB, 63.84 W, 62
2026/09/17 21:34:49.352, 92 %, 10 %, 15716 MiB, 16384 MiB, 69.79 W, 62
2026/09/17 21:34:50.355, 56 %, 9 %, 15716 MiB, 16384 MiB, 64.56 W, 62
2026/09/17 21:34:51.359, 38 %, 8 %, 15716 MiB, 16384 MiB, 62.82 W, 63
2026/09/17 21:34:52.362, 100 %, 8 %, 15716 MiB, 16384 MiB, 64.41 W, 62
2026/09/17 21:34:53.365, 100 %, 8 %, 15716 MiB, 16384 MiB, 64.36 W, 62
2026/09/17 21:34:54.368, 100 %, 7 %, 15716 MiB, 16384 MiB, 63.99 W, 63
2026/09/17 21:34:55.371, 69 %, 9 %, 15716 MiB, 16384 MiB, 63.29 W, 62
2026/09/17 21:34:56.374, 66 %, 9 %, 15716 MiB, 16384 MiB, 74.74 W, 62
2026/09/17 21:34:57.377, 100 %, 8 %, 15716 MiB, 16384 MiB, 64.19 W, 62
2026/09/17 21:34:58.381, 100 %, 8 %, 15716 MiB, 16384 MiB, 64.07 W, 62
2026/09/17 21:34:59.384, 100 %, 5 %, 15716 MiB, 16384 MiB, 71.18 W, 62
2026/09/17 21:35:00.387, 50 %, 8 %, 15716 MiB, 16384 MiB, 75.59 W, 62
2026/09/17 21:35:01.391, 60 %, 5 %, 15716 MiB, 16384 MiB, 61.00 W, 62
2026/09/17 21:35:02.394, 100 %, 8 %, 15716 MiB, 16384 MiB, 63.26 W, 62
2026/09/17 21:35:03.397, 86 %, 10 %, 15716 MiB, 16384 MiB, 69.86 W, 62
2026/09/17 21:35:04.401, 53 %, 9 %, 15716 MiB, 16384 MiB, 64.38 W, 62
2026/09/17 21:35:05.405, 65 %, 9 %, 15716 MiB, 16384 MiB, 62.81 W, 62
2026/09/17 21:35:06.408, 100 %, 8 %, 15716 MiB, 16384 MiB, 64.13 W, 62
2026/09/17 21:35:07.411, 100 %, 8 %, 15716 MiB, 16384 MiB, 64.49 W, 62
2026/09/17 21:35:08.414, 100 %, 7 %, 15716 MiB, 16384 MiB, 69.91 W, 62
2026/09/17 21:35:09.417, 70 %, 9 %, 15716 MiB, 16384 MiB, 64.42 W, 62
2026/09/17 21:35:10.420, 67 %, 9 %, 15716 MiB, 16384 MiB, 64.13 W, 62
2026/09/17 21:35:11.424, 100 %, 8 %, 15716 MiB, 16384 MiB, 63.38 W, 62
2026/09/17 21:35:12.427, 100 %, 8 %, 15716 MiB, 16384 MiB, 64.37 W, 62
2026/09/17 21:35:13.430, 100 %, 8 %, 15716 MiB, 16384 MiB, 64.47 W, 62
2026/09/17 21:35:14.433, 60 %, 9 %, 15716 MiB, 16384 MiB, 64.25 W, 62
2026/09/17 21:35:15.436, 27 %, 4 %, 15716 MiB, 16384 MiB, 75.33 W, 62
2026/09/17 21:35:16.439, 79 %, 5 %, 15716 MiB, 16384 MiB, 73.46 W, 62
2026/09/17 21:35:17.442, 100 %, 8 %, 15716 MiB, 16384 MiB, 64.62 W, 62
2026/09/17 21:35:18.445, 98 %, 11 %, 15716 MiB, 16384 MiB, 69.63 W, 62
2026/09/17 21:35:19.448, 68 %, 8 %, 15716 MiB, 16384 MiB, 69.49 W, 62
2026/09/17 21:35:20.451, 100 %, 5 %, 15716 MiB, 16384 MiB, 63.61 W, 62
2026/09/17 21:35:21.455, 100 %, 8 %, 15716 MiB, 16384 MiB, 63.66 W, 63
2026/09/17 21:35:22.458, 100 %, 5 %, 15716 MiB, 16384 MiB, 69.87 W, 62
2026/09/17 21:35:23.461, 84 %, 9 %, 15716 MiB, 16384 MiB, 69.62 W, 62
2026/09/17 21:35:24.465, 66 %, 9 %, 15716 MiB, 16384 MiB, 64.12 W, 62
2026/09/17 21:35:25.468, 100 %, 5 %, 15716 MiB, 16384 MiB, 66.01 W, 62
2026/09/17 21:35:26.471, 100 %, 8 %, 15716 MiB, 16384 MiB, 63.38 W, 62
2026/09/17 21:35:27.474, 100 %, 8 %, 15716 MiB, 16384 MiB, 64.39 W, 62
2026/09/17 21:35:28.477, 80 %, 10 %, 15716 MiB, 16384 MiB, 69.77 W, 62
2026/09/17 21:35:29.481, 28 %, 8 %, 15716 MiB, 16384 MiB, 64.21 W, 62
2026/09/17 21:35:30.484, 68 %, 9 %, 15716 MiB, 16384 MiB, 73.23 W, 62
2026/09/17 21:35:31.487, 100 %, 8 %, 15716 MiB, 16384 MiB, 64.60 W, 62
2026/09/17 21:35:32.490, 100 %, 8 %, 15716 MiB, 16384 MiB, 64.38 W, 62
2026/09/17 21:35:33.493, 100 %, 7 %, 15716 MiB, 16384 MiB, 64.19 W, 63
2026/09/17 21:35:34.497, 70 %, 9 %, 15716 MiB, 16384 MiB, 63.29 W, 62
2026/09/17 21:35:35.499, 70 %, 4 %, 15716 MiB, 16384 MiB, 73.60 W, 62
2026/09/17 21:35:36.502, 100 %, 8 %, 15716 MiB, 16384 MiB, 65.64 W, 62
2026/09/17 21:35:37.504, 100 %, 8 %, 15716 MiB, 16384 MiB, 64.38 W, 62
2026/09/17 21:35:38.508, 100 %, 7 %, 15716 MiB, 16384 MiB, 69.70 W, 62
2026/09/17 21:35:39.511, 57 %, 4 %, 15716 MiB, 16384 MiB, 74.20 W, 62
2026/09/17 21:35:40.513, 100 %, 5 %, 15716 MiB, 16384 MiB, 63.28 W, 62
2026/09/17 21:35:41.516, 100 %, 8 %, 15716 MiB, 16384 MiB, 62.80 W, 62
2026/09/17 21:35:42.520, 79 %, 10 %, 15716 MiB, 16384 MiB, 69.73 W, 62
2026/09/17 21:35:43.522, 2 %, 3 %, 15716 MiB, 16384 MiB, 61.76 W, 62
2026/09/17 21:35:44.525, 1 %, 2 %, 15716 MiB, 16384 MiB, 61.34 W, 62
2026/09/17 21:35:45.527, 100 %, 8 %, 15716 MiB, 16384 MiB, 64.22 W, 62
2026/09/17 21:35:46.529, 92 %, 9 %, 15716 MiB, 16384 MiB, 96.95 W, 62
2026/09/17 21:35:47.531, 100 %, 8 %, 15716 MiB, 16384 MiB, 64.06 W, 62
2026/09/17 21:35:48.534, 100 %, 11 %, 15716 MiB, 16384 MiB, 97.65 W, 63
2026/09/17 21:35:49.536, 51 %, 6 %, 15716 MiB, 16384 MiB, 100.44 W, 63
2026/09/17 21:35:50.538, 100 %, 8 %, 15716 MiB, 16384 MiB, 65.31 W, 63
2026/09/17 21:35:51.540, 70 %, 9 %, 15716 MiB, 16384 MiB, 65.34 W, 63
2026/09/17 21:35:52.544, 66 %, 4 %, 15716 MiB, 16384 MiB, 74.40 W, 64
2026/09/17 21:35:53.547, 100 %, 10 %, 15716 MiB, 16384 MiB, 97.54 W, 63
2026/09/17 21:35:54.551, 34 %, 3 %, 15716 MiB, 16384 MiB, 129.48 W, 63
2026/09/17 21:35:55.554, 100 %, 8 %, 15716 MiB, 16384 MiB, 66.08 W, 63
2026/09/17 21:35:56.557, 51 %, 9 %, 15716 MiB, 16384 MiB, 79.91 W, 63
2026/09/17 21:35:57.561, 96 %, 5 %, 15716 MiB, 16384 MiB, 64.81 W, 64
2026/09/17 21:35:58.564, 100 %, 8 %, 15716 MiB, 16384 MiB, 65.33 W, 63
2026/09/17 21:35:59.568, 60 %, 4 %, 15716 MiB, 16384 MiB, 105.63 W, 64
2026/09/17 21:36:00.571, 100 %, 8 %, 15716 MiB, 16384 MiB, 64.12 W, 63
2026/09/17 21:36:01.575, 68 %, 9 %, 15716 MiB, 16384 MiB, 64.98 W, 63
2026/09/17 21:36:02.578, 85 %, 5 %, 15716 MiB, 16384 MiB, 73.27 W, 63
2026/09/17 21:36:03.582, 95 %, 5 %, 15716 MiB, 16384 MiB, 62.40 W, 63
2026/09/17 21:36:04.586, 100 %, 8 %, 15716 MiB, 16384 MiB, 64.06 W, 63
2026/09/17 21:36:05.589, 75 %, 9 %, 15716 MiB, 16384 MiB, 69.96 W, 63
2026/09/17 21:36:06.592, 58 %, 9 %, 15716 MiB, 16384 MiB, 64.82 W, 63
2026/09/17 21:36:07.595, 65 %, 9 %, 15716 MiB, 16384 MiB, 68.64 W, 63
2026/09/17 21:36:08.599, 100 %, 8 %, 15716 MiB, 16384 MiB, 63.93 W, 63
2026/09/17 21:36:09.603, 100 %, 8 %, 15716 MiB, 16384 MiB, 64.85 W, 63
2026/09/17 21:36:10.606, 100 %, 7 %, 15716 MiB, 16384 MiB, 70.10 W, 63
2026/09/17 21:36:11.609, 65 %, 9 %, 15716 MiB, 16384 MiB, 64.96 W, 63
2026/09/17 21:36:12.613, 67 %, 9 %, 15716 MiB, 16384 MiB, 64.11 W, 63
2026/09/17 21:36:13.617, 100 %, 8 %, 15716 MiB, 16384 MiB, 64.61 W, 63
2026/09/17 21:36:14.620, 100 %, 8 %, 15716 MiB, 16384 MiB, 66.22 W, 63
2026/09/17 21:36:15.623, 100 %, 7 %, 15716 MiB, 16384 MiB, 71.72 W, 63
2026/09/17 21:36:16.626, 47 %, 4 %, 15716 MiB, 16384 MiB, 75.14 W, 63
2026/09/17 21:36:17.628, 76 %, 5 %, 15716 MiB, 16384 MiB, 72.79 W, 63
2026/09/17 21:36:18.630, 100 %, 5 %, 15716 MiB, 16384 MiB, 62.75 W, 63
2026/09/17 21:36:19.633, 100 %, 7 %, 15716 MiB, 16384 MiB, 70.68 W, 63
2026/09/17 21:36:20.635, 82 %, 10 %, 15716 MiB, 16384 MiB, 71.54 W, 63
2026/09/17 21:36:21.637, 61 %, 8 %, 15716 MiB, 16384 MiB, 68.74 W, 63
2026/09/17 21:36:22.645, 100 %, 8 %, 15716 MiB, 16384 MiB, 62.94 W, 63
2026/09/17 21:36:23.647, 100 %, 8 %, 15716 MiB, 16384 MiB, 63.92 W, 63
2026/09/17 21:36:24.650, 100 %, 7 %, 15716 MiB, 16384 MiB, 70.34 W, 63
2026/09/17 21:36:25.652, 63 %, 9 %, 15716 MiB, 16384 MiB, 65.74 W, 63
2026/09/17 21:36:26.654, 66 %, 9 %, 15716 MiB, 16384 MiB, 64.90 W, 63
2026/09/17 21:36:27.657, 100 %, 8 %, 15716 MiB, 16384 MiB, 63.82 W, 63
2026/09/17 21:36:28.659, 100 %, 8 %, 15716 MiB, 16384 MiB, 64.72 W, 63
2026/09/17 21:36:29.661, 100 %, 8 %, 15716 MiB, 16384 MiB, 67.72 W, 63
2026/09/17 21:36:30.665, 49 %, 9 %, 15716 MiB, 16384 MiB, 75.42 W, 63
2026/09/17 21:36:31.668, 69 %, 4 %, 15716 MiB, 16384 MiB, 73.31 W, 63
2026/09/17 21:36:32.672, 100 %, 5 %, 15716 MiB, 16384 MiB, 62.43 W, 63
2026/09/17 21:36:33.676, 100 %, 5 %, 15716 MiB, 16384 MiB, 70.17 W, 63
2026/09/17 21:36:34.680, 81 %, 10 %, 15716 MiB, 16384 MiB, 71.79 W, 63
2026/09/17 21:36:35.683, 53 %, 8 %, 15716 MiB, 16384 MiB, 69.95 W, 63
2026/09/17 21:36:36.687, 100 %, 5 %, 15716 MiB, 16384 MiB, 62.21 W, 63
2026/09/17 21:36:37.699, 100 %, 8 %, 15716 MiB, 16384 MiB, 63.85 W, 63
2026/09/17 21:36:38.702, 100 %, 7 %, 15716 MiB, 16384 MiB, 70.14 W, 63
2026/09/17 21:36:39.705, 64 %, 9 %, 15716 MiB, 16384 MiB, 66.16 W, 63
2026/09/17 21:36:40.707, 66 %, 9 %, 15716 MiB, 16384 MiB, 64.88 W, 63
2026/09/17 21:36:41.710, 100 %, 8 %, 15716 MiB, 16384 MiB, 64.29 W, 62
2026/09/17 21:36:42.713, 100 %, 8 %, 15716 MiB, 16384 MiB, 64.34 W, 62
2026/09/17 21:36:43.715, 100 %, 8 %, 15716 MiB, 16384 MiB, 64.39 W, 63
2026/09/17 21:36:44.717, 67 %, 9 %, 15716 MiB, 16384 MiB, 64.57 W, 62
2026/09/17 21:36:45.720, 55 %, 5 %, 15716 MiB, 16384 MiB, 74.73 W, 63
2026/09/17 21:36:46.722, 77 %, 4 %, 15716 MiB, 16384 MiB, 72.70 W, 63
2026/09/17 21:36:47.726, 100 %, 8 %, 15716 MiB, 16384 MiB, 64.44 W, 63
2026/09/17 21:36:48.729, 100 %, 8 %, 15716 MiB, 16384 MiB, 64.76 W, 63
2026/09/17 21:36:49.733, 100 %, 7 %, 15716 MiB, 16384 MiB, 64.59 W, 62
2026/09/17 21:36:50.736, 67 %, 9 %, 15716 MiB, 16384 MiB, 69.03 W, 62
2026/09/17 21:36:51.740, 86 %, 5 %, 15716 MiB, 16384 MiB, 72.82 W, 63
2026/09/17 21:36:52.743, 100 %, 8 %, 15716 MiB, 16384 MiB, 64.84 W, 62
2026/09/17 21:36:53.747, 97 %, 10 %, 15716 MiB, 16384 MiB, 71.44 W, 62
2026/09/17 21:36:54.750, 71 %, 9 %, 15716 MiB, 16384 MiB, 71.50 W, 63
2026/09/17 21:36:55.754, 88 %, 5 %, 15716 MiB, 16384 MiB, 72.86 W, 62
2026/09/17 21:36:56.757, 93 %, 6 %, 15716 MiB, 16384 MiB, 62.44 W, 62
2026/09/17 21:36:57.761, 100 %, 8 %, 15716 MiB, 16384 MiB, 64.87 W, 62
2026/09/17 21:36:58.764, 72 %, 9 %, 15716 MiB, 16384 MiB, 71.51 W, 63
2026/09/17 21:36:59.768, 37 %, 9 %, 15716 MiB, 16384 MiB, 65.92 W, 62
2026/09/17 21:37:00.771, 38 %, 6 %, 15716 MiB, 16384 MiB, 73.65 W, 62
2026/09/17 21:37:01.775, 100 %, 8 %, 15716 MiB, 16384 MiB, 64.36 W, 62
2026/09/17 21:37:02.778, 100 %, 8 %, 15716 MiB, 16384 MiB, 64.65 W, 62
2026/09/17 21:37:03.782, 100 %, 7 %, 15716 MiB, 16384 MiB, 64.75 W, 63
2026/09/17 21:37:04.785, 68 %, 9 %, 15716 MiB, 16384 MiB, 64.47 W, 62
2026/09/17 21:37:05.788, 65 %, 9 %, 15716 MiB, 16384 MiB, 63.88 W, 62
2026/09/17 21:37:06.792, 100 %, 8 %, 15716 MiB, 16384 MiB, 64.53 W, 62
2026/09/17 21:37:07.795, 100 %, 8 %, 15716 MiB, 16384 MiB, 64.58 W, 62
2026/09/17 21:37:08.799, 100 %, 5 %, 15716 MiB, 16384 MiB, 70.32 W, 63
2026/09/17 21:37:09.802, 67 %, 9 %, 15716 MiB, 16384 MiB, 64.67 W, 62
2026/09/17 21:37:10.806, 51 %, 4 %, 15716 MiB, 16384 MiB, 72.27 W, 63
2026/09/17 21:37:11.810, 100 %, 8 %, 15716 MiB, 16384 MiB, 62.90 W, 63
2026/09/17 21:37:12.814, 100 %, 6 %, 15716 MiB, 16384 MiB, 70.12 W, 62
2026/09/17 21:37:13.818, 76 %, 10 %, 15716 MiB, 16384 MiB, 70.95 W, 62
2026/09/17 21:37:14.822, 61 %, 8 %, 15716 MiB, 16384 MiB, 69.30 W, 62
2026/09/17 21:37:15.825, 100 %, 5 %, 15716 MiB, 16384 MiB, 72.76 W, 62
2026/09/17 21:37:16.831, 100 %, 8 %, 15716 MiB, 16384 MiB, 62.94 W, 63
2026/09/17 21:37:17.833, 100 %, 7 %, 15716 MiB, 16384 MiB, 71.04 W, 62
2026/09/17 21:37:18.836, 78 %, 9 %, 15716 MiB, 16384 MiB, 71.11 W, 62
2026/09/17 21:37:19.840, 65 %, 9 %, 15716 MiB, 16384 MiB, 64.79 W, 63
2026/09/17 21:37:20.842, 98 %, 5 %, 15716 MiB, 16384 MiB, 62.06 W, 63
2026/09/17 21:37:21.846, 100 %, 8 %, 15716 MiB, 16384 MiB, 64.53 W, 62
2026/09/17 21:37:22.848, 100 %, 8 %, 15716 MiB, 16384 MiB, 64.62 W, 62
2026/09/17 21:37:23.851, 50 %, 9 %, 15716 MiB, 16384 MiB, 64.46 W, 63
2026/09/17 21:37:24.853, 12 %, 3 %, 15716 MiB, 16384 MiB, 73.80 W, 62
2026/09/17 21:37:25.855, 90 %, 5 %, 15716 MiB, 16384 MiB, 72.34 W, 62
2026/09/17 21:37:26.857, 100 %, 8 %, 15716 MiB, 16384 MiB, 64.51 W, 62
2026/09/17 21:37:27.859, 100 %, 7 %, 15716 MiB, 16384 MiB, 69.79 W, 62
2026/09/17 21:37:28.862, 81 %, 11 %, 15716 MiB, 16384 MiB, 63.13 W, 62
2026/09/17 21:37:29.864, 87 %, 5 %, 15716 MiB, 16384 MiB, 72.54 W, 62
2026/09/17 21:37:30.867, 100 %, 8 %, 15716 MiB, 16384 MiB, 62.34 W, 63
2026/09/17 21:37:31.870, 100 %, 8 %, 15716 MiB, 16384 MiB, 64.69 W, 62
2026/09/17 21:37:32.874, 88 %, 9 %, 15716 MiB, 16384 MiB, 71.38 W, 62
2026/09/17 21:37:33.877, 65 %, 9 %, 15716 MiB, 16384 MiB, 71.00 W, 62
2026/09/17 21:37:34.881, 96 %, 5 %, 15716 MiB, 16384 MiB, 61.63 W, 63
2026/09/17 21:37:35.885, 100 %, 8 %, 15716 MiB, 16384 MiB, 64.24 W, 62
2026/09/17 21:37:36.887, 100 %, 8 %, 15716 MiB, 16384 MiB, 64.79 W, 62
2026/09/17 21:37:37.891, 45 %, 9 %, 15716 MiB, 16384 MiB, 65.95 W, 62
2026/09/17 21:37:38.894, 1 %, 3 %, 15716 MiB, 16384 MiB, 63.33 W, 62
2026/09/17 21:37:39.898, 2 %, 3 %, 15716 MiB, 16384 MiB, 62.40 W, 62
2026/09/17 21:37:40.903, 100 %, 8 %, 15716 MiB, 16384 MiB, 64.10 W, 62
2026/09/17 21:37:41.905, 88 %, 9 %, 15716 MiB, 16384 MiB, 97.26 W, 63
2026/09/17 21:37:42.908, 100 %, 8 %, 15716 MiB, 16384 MiB, 63.92 W, 62
2026/09/17 21:37:43.912, 100 %, 10 %, 15716 MiB, 16384 MiB, 98.14 W, 63
2026/09/17 21:37:44.916, 26 %, 3 %, 15716 MiB, 16384 MiB, 122.00 W, 63
2026/09/17 21:37:45.919, 100 %, 8 %, 15716 MiB, 16384 MiB, 88.68 W, 63
2026/09/17 21:37:46.922, 16 %, 2 %, 15716 MiB, 16384 MiB, 115.44 W, 63
2026/09/17 21:37:47.926, 100 %, 6 %, 15716 MiB, 16384 MiB, 63.10 W, 63
2026/09/17 21:37:48.929, 42 %, 5 %, 15716 MiB, 16384 MiB, 84.33 W, 63
2026/09/17 21:37:49.933, 100 %, 5 %, 15716 MiB, 16384 MiB, 62.29 W, 63
2026/09/17 21:37:50.936, 100 %, 8 %, 15716 MiB, 16384 MiB, 65.63 W, 63
2026/09/17 21:37:51.940, 59 %, 4 %, 15716 MiB, 16384 MiB, 91.78 W, 65
2026/09/17 21:37:52.944, 100 %, 8 %, 15716 MiB, 16384 MiB, 66.33 W, 63
2026/09/17 21:37:53.947, 91 %, 9 %, 15716 MiB, 16384 MiB, 98.39 W, 64
2026/09/17 21:37:54.954, 100 %, 8 %, 15716 MiB, 16384 MiB, 64.11 W, 63
2026/09/17 21:37:55.956, 100 %, 13 %, 15716 MiB, 16384 MiB, 64.74 W, 63
2026/09/17 21:37:56.958, 73 %, 5 %, 15716 MiB, 16384 MiB, 73.60 W, 63
2026/09/17 21:37:57.961, 100 %, 8 %, 15716 MiB, 16384 MiB, 66.35 W, 63
2026/09/17 21:37:58.964, 100 %, 8 %, 15716 MiB, 16384 MiB, 65.99 W, 63
2026/09/17 21:37:59.968, 100 %, 10 %, 15716 MiB, 16384 MiB, 70.53 W, 63
2026/09/17 21:38:00.971, 49 %, 6 %, 15716 MiB, 16384 MiB, 72.64 W, 63
2026/09/17 21:38:01.975, 74 %, 4 %, 15716 MiB, 16384 MiB, 74.42 W, 63
2026/09/17 21:38:02.979, 93 %, 5 %, 15716 MiB, 16384 MiB, 73.05 W, 63
2026/09/17 21:38:03.982, 100 %, 8 %, 15716 MiB, 16384 MiB, 65.13 W, 63
2026/09/17 21:38:04.985, 98 %, 11 %, 15716 MiB, 16384 MiB, 70.37 W, 63
2026/09/17 21:38:05.989, 75 %, 9 %, 15716 MiB, 16384 MiB, 67.93 W, 63
2026/09/17 21:38:06.992, 95 %, 5 %, 15716 MiB, 16384 MiB, 73.21 W, 63
2026/09/17 21:38:07.996, 100 %, 8 %, 15716 MiB, 16384 MiB, 63.11 W, 63
2026/09/17 21:38:08.999, 100 %, 8 %, 15716 MiB, 16384 MiB, 70.29 W, 63
2026/09/17 21:38:10.003, 91 %, 13 %, 15716 MiB, 16384 MiB, 70.40 W, 63
2026/09/17 21:38:11.006, 61 %, 9 %, 15716 MiB, 16384 MiB, 65.91 W, 63
2026/09/17 21:38:12.009, 100 %, 8 %, 15716 MiB, 16384 MiB, 64.31 W, 63
2026/09/17 21:38:13.014, 100 %, 8 %, 15716 MiB, 16384 MiB, 64.34 W, 63
2026/09/17 21:38:14.017, 100 %, 8 %, 15716 MiB, 16384 MiB, 64.87 W, 63
2026/09/17 21:38:15.020, 50 %, 9 %, 15716 MiB, 16384 MiB, 64.70 W, 63
2026/09/17 21:38:16.024, 49 %, 9 %, 15716 MiB, 16384 MiB, 64.59 W, 63
2026/09/17 21:38:17.027, 62 %, 4 %, 15716 MiB, 16384 MiB, 73.71 W, 63
2026/09/17 21:38:18.031, 100 %, 8 %, 15716 MiB, 16384 MiB, 66.18 W, 63
2026/09/17 21:38:19.034, 100 %, 8 %, 15716 MiB, 16384 MiB, 66.41 W, 63
2026/09/17 21:38:20.037, 96 %, 12 %, 15716 MiB, 16384 MiB, 64.73 W, 63
2026/09/17 21:38:21.041, 63 %, 8 %, 15716 MiB, 16384 MiB, 65.32 W, 63
2026/09/17 21:38:22.044, 77 %, 5 %, 15716 MiB, 16384 MiB, 73.73 W, 63
2026/09/17 21:38:23.049, 100 %, 8 %, 15716 MiB, 16384 MiB, 64.81 W, 63
2026/09/17 21:38:24.051, 100 %, 8 %, 15716 MiB, 16384 MiB, 64.76 W, 63
2026/09/17 21:38:25.055, 72 %, 9 %, 15716 MiB, 16384 MiB, 70.06 W, 63
2026/09/17 21:38:26.058, 91 %, 5 %, 15716 MiB, 16384 MiB, 72.51 W, 63
2026/09/17 21:38:27.062, 100 %, 8 %, 15716 MiB, 16384 MiB, 62.72 W, 63
2026/09/17 21:38:28.066, 100 %, 8 %, 15716 MiB, 16384 MiB, 64.49 W, 63
2026/09/17 21:38:29.068, 64 %, 9 %, 15716 MiB, 16384 MiB, 70.02 W, 63
2026/09/17 21:38:30.072, 59 %, 9 %, 15716 MiB, 16384 MiB, 64.77 W, 63
2026/09/17 21:38:31.075, 60 %, 9 %, 15716 MiB, 16384 MiB, 70.18 W, 63
2026/09/17 21:38:32.079, 100 %, 8 %, 15716 MiB, 16384 MiB, 65.33 W, 63
2026/09/17 21:38:33.084, 100 %, 8 %, 15716 MiB, 16384 MiB, 64.87 W, 63
2026/09/17 21:38:34.086, 100 %, 7 %, 15716 MiB, 16384 MiB, 64.71 W, 63
2026/09/17 21:38:35.090, 62 %, 9 %, 15716 MiB, 16384 MiB, 64.01 W, 63
2026/09/17 21:38:36.093, 74 %, 5 %, 15716 MiB, 16384 MiB, 73.98 W, 63
2026/09/17 21:38:37.097, 100 %, 8 %, 15716 MiB, 16384 MiB, 64.64 W, 63
2026/09/17 21:38:38.100, 100 %, 8 %, 15716 MiB, 16384 MiB, 64.68 W, 63
2026/09/17 21:38:39.103, 77 %, 9 %, 15716 MiB, 16384 MiB, 71.27 W, 63
2026/09/17 21:38:40.106, 81 %, 5 %, 15716 MiB, 16384 MiB, 73.92 W, 63
2026/09/17 21:38:41.110, 100 %, 5 %, 15716 MiB, 16384 MiB, 61.67 W, 63
2026/09/17 21:38:42.115, 100 %, 8 %, 15716 MiB, 16384 MiB, 63.45 W, 62
2026/09/17 21:38:43.118, 75 %, 9 %, 15716 MiB, 16384 MiB, 70.26 W, 63
2026/09/17 21:38:44.120, 57 %, 9 %, 15716 MiB, 16384 MiB, 64.58 W, 63
2026/09/17 21:38:45.122, 47 %, 8 %, 15716 MiB, 16384 MiB, 68.29 W, 63
2026/09/17 21:38:46.125, 100 %, 8 %, 15716 MiB, 16384 MiB, 63.11 W, 63
2026/09/17 21:38:47.127, 100 %, 8 %, 15716 MiB, 16384 MiB, 64.52 W, 62
2026/09/17 21:38:48.129, 100 %, 7 %, 15716 MiB, 16384 MiB, 69.82 W, 63
2026/09/17 21:38:49.132, 63 %, 9 %, 15716 MiB, 16384 MiB, 64.50 W, 63
2026/09/17 21:38:50.134, 65 %, 9 %, 15716 MiB, 16384 MiB, 63.92 W, 63
2026/09/17 21:38:51.136, 100 %, 8 %, 15716 MiB, 16384 MiB, 65.05 W, 62
2026/09/17 21:38:52.138, 100 %, 8 %, 15716 MiB, 16384 MiB, 66.22 W, 62
2026/09/17 21:38:53.140, 100 %, 8 %, 15716 MiB, 16384 MiB, 70.39 W, 63
2026/09/17 21:38:54.143, 47 %, 9 %, 15716 MiB, 16384 MiB, 64.78 W, 63
2026/09/17 21:38:55.145, 68 %, 4 %, 15716 MiB, 16384 MiB, 73.87 W, 63
2026/09/17 21:38:56.148, 96 %, 5 %, 15716 MiB, 16384 MiB, 70.00 W, 63
2026/09/17 21:38:57.152, 100 %, 5 %, 15716 MiB, 16384 MiB, 66.85 W, 63
2026/09/17 21:38:58.155, 89 %, 10 %, 15716 MiB, 16384 MiB, 71.39 W, 63
2026/09/17 21:38:59.159, 61 %, 8 %, 15716 MiB, 16384 MiB, 70.38 W, 62
2026/09/17 21:39:00.162, 100 %, 5 %, 15716 MiB, 16384 MiB, 72.98 W, 63
2026/09/17 21:39:01.165, 100 %, 8 %, 15716 MiB, 16384 MiB, 62.93 W, 63
2026/09/17 21:39:02.169, 100 %, 7 %, 15716 MiB, 16384 MiB, 70.27 W, 62
2026/09/17 21:39:03.173, 71 %, 9 %, 15716 MiB, 16384 MiB, 70.07 W, 63
2026/09/17 21:39:04.176, 64 %, 9 %, 15716 MiB, 16384 MiB, 65.00 W, 63
2026/09/17 21:39:05.180, 100 %, 8 %, 15716 MiB, 16384 MiB, 62.54 W, 63
2026/09/17 21:39:06.183, 100 %, 8 %, 15716 MiB, 16384 MiB, 62.97 W, 62
2026/09/17 21:39:07.186, 100 %, 8 %, 15716 MiB, 16384 MiB, 64.58 W, 62
2026/09/17 21:39:08.189, 48 %, 9 %, 15716 MiB, 16384 MiB, 64.83 W, 62
2026/09/17 21:39:09.193, 41 %, 3 %, 15716 MiB, 16384 MiB, 75.15 W, 62
2026/09/17 21:39:10.196, 87 %, 5 %, 15716 MiB, 16384 MiB, 72.88 W, 62
2026/09/17 21:39:11.200, 100 %, 8 %, 15716 MiB, 16384 MiB, 64.67 W, 62
2026/09/17 21:39:12.204, 92 %, 10 %, 15716 MiB, 16384 MiB, 70.84 W, 62
2026/09/17 21:39:13.207, 69 %, 8 %, 15716 MiB, 16384 MiB, 70.11 W, 62
2026/09/17 21:39:14.210, 96 %, 5 %, 15716 MiB, 16384 MiB, 72.88 W, 62
2026/09/17 21:39:15.214, 100 %, 8 %, 15716 MiB, 16384 MiB, 64.15 W, 63
2026/09/17 21:39:16.217, 100 %, 7 %, 15716 MiB, 16384 MiB, 69.45 W, 62
2026/09/17 21:39:17.221, 74 %, 9 %, 15716 MiB, 16384 MiB, 70.29 W, 62
2026/09/17 21:39:18.224, 63 %, 9 %, 15716 MiB, 16384 MiB, 66.16 W, 63
2026/09/17 21:39:19.227, 100 %, 8 %, 15716 MiB, 16384 MiB, 71.68 W, 63
2026/09/17 21:39:20.231, 100 %, 8 %, 15716 MiB, 16384 MiB, 63.00 W, 62
2026/09/17 21:39:21.234, 100 %, 8 %, 15716 MiB, 16384 MiB, 64.70 W, 62
2026/09/17 21:39:22.238, 69 %, 9 %, 15716 MiB, 16384 MiB, 69.97 W, 62
2026/09/17 21:39:23.241, 31 %, 8 %, 15716 MiB, 16384 MiB, 64.82 W, 62
2026/09/17 21:39:24.245, 42 %, 3 %, 15716 MiB, 16384 MiB, 71.96 W, 62
2026/09/17 21:39:25.248, 100 %, 8 %, 15716 MiB, 16384 MiB, 64.45 W, 62
2026/09/17 21:39:26.251, 100 %, 8 %, 15716 MiB, 16384 MiB, 64.56 W, 62
2026/09/17 21:39:27.255, 100 %, 7 %, 15716 MiB, 16384 MiB, 64.87 W, 63
2026/09/17 21:39:28.259, 65 %, 9 %, 15716 MiB, 16384 MiB, 63.92 W, 62
2026/09/17 21:39:29.262, 78 %, 4 %, 15716 MiB, 16384 MiB, 73.46 W, 62
2026/09/17 21:39:30.266, 100 %, 8 %, 15716 MiB, 16384 MiB, 64.57 W, 62
2026/09/17 21:39:31.269, 100 %, 8 %, 15716 MiB, 16384 MiB, 64.78 W, 62
2026/09/17 21:39:32.273, 86 %, 10 %, 15716 MiB, 16384 MiB, 71.33 W, 62
2026/09/17 21:39:33.276, 72 %, 4 %, 15716 MiB, 16384 MiB, 75.35 W, 62
2026/09/17 21:39:34.280, 1 %, 2 %, 15716 MiB, 16384 MiB, 62.32 W, 62
2026/09/17 21:39:35.286, 2 %, 3 %, 15716 MiB, 16384 MiB, 62.38 W, 62
2026/09/17 21:39:36.288, 100 %, 8 %, 15716 MiB, 16384 MiB, 86.61 W, 62
2026/09/17 21:39:37.291, 37 %, 5 %, 15716 MiB, 16384 MiB, 85.41 W, 63
2026/09/17 21:39:38.294, 100 %, 8 %, 15716 MiB, 16384 MiB, 67.01 W, 63
2026/09/17 21:39:39.297, 52 %, 8 %, 15716 MiB, 16384 MiB, 65.63 W, 63
2026/09/17 21:39:40.300, 83 %, 5 %, 15716 MiB, 16384 MiB, 91.95 W, 64
2026/09/17 21:39:41.303, 89 %, 9 %, 15716 MiB, 16384 MiB, 97.67 W, 63
2026/09/17 21:39:42.307, 43 %, 3 %, 15716 MiB, 16384 MiB, 123.95 W, 63
2026/09/17 21:39:43.309, 100 %, 8 %, 15716 MiB, 16384 MiB, 63.57 W, 63
2026/09/17 21:39:44.312, 37 %, 5 %, 15716 MiB, 16384 MiB, 80.14 W, 63
2026/09/17 21:39:45.315, 100 %, 5 %, 15716 MiB, 16384 MiB, 61.79 W, 64
2026/09/17 21:39:46.318, 100 %, 8 %, 15716 MiB, 16384 MiB, 65.17 W, 63
2026/09/17 21:39:47.321, 77 %, 5 %, 15716 MiB, 16384 MiB, 100.32 W, 64
2026/09/17 21:39:48.323, 100 %, 8 %, 15716 MiB, 16384 MiB, 65.25 W, 63
2026/09/17 21:39:49.326, 79 %, 9 %, 15716 MiB, 16384 MiB, 94.13 W, 64
2026/09/17 21:39:50.330, 100 %, 8 %, 15716 MiB, 16384 MiB, 64.34 W, 63
2026/09/17 21:39:51.332, 100 %, 13 %, 15716 MiB, 16384 MiB, 66.19 W, 63
2026/09/17 21:39:52.335, 68 %, 4 %, 15716 MiB, 16384 MiB, 73.62 W, 63
2026/09/17 21:39:53.338, 100 %, 8 %, 15716 MiB, 16384 MiB, 64.81 W, 63
2026/09/17 21:39:54.341, 100 %, 8 %, 15716 MiB, 16384 MiB, 65.11 W, 63
2026/09/17 21:39:55.344, 100 %, 7 %, 15716 MiB, 16384 MiB, 64.85 W, 63
2026/09/17 21:39:56.347, 62 %, 9 %, 15716 MiB, 16384 MiB, 65.19 W, 63
2026/09/17 21:39:57.350, 59 %, 4 %, 15716 MiB, 16384 MiB, 76.47 W, 63
2026/09/17 21:39:58.353, 76 %, 4 %, 15716 MiB, 16384 MiB, 74.26 W, 63
2026/09/17 21:39:59.356, 100 %, 8 %, 15716 MiB, 16384 MiB, 65.03 W, 63
2026/09/17 21:40:00.360, 90 %, 10 %, 15716 MiB, 16384 MiB, 70.51 W, 63
2026/09/17 21:40:01.362, 62 %, 8 %, 15716 MiB, 16384 MiB, 69.05 W, 63
2026/09/17 21:40:02.365, 100 %, 5 %, 15716 MiB, 16384 MiB, 73.01 W, 63
2026/09/17 21:40:03.368, 100 %, 8 %, 15716 MiB, 16384 MiB, 62.97 W, 63
2026/09/17 21:40:04.371, 100 %, 7 %, 15716 MiB, 16384 MiB, 70.23 W, 63
2026/09/17 21:40:05.375, 70 %, 13 %, 15716 MiB, 16384 MiB, 70.34 W, 63
2026/09/17 21:40:06.378, 63 %, 9 %, 15716 MiB, 16384 MiB, 65.05 W, 63
2026/09/17 21:40:07.380, 100 %, 8 %, 15716 MiB, 16384 MiB, 62.67 W, 63
2026/09/17 21:40:08.382, 100 %, 8 %, 15716 MiB, 16384 MiB, 64.21 W, 63
2026/09/17 21:40:09.384, 100 %, 8 %, 15716 MiB, 16384 MiB, 64.92 W, 63
2026/09/17 21:40:10.387, 41 %, 8 %, 15716 MiB, 16384 MiB, 65.34 W, 63
2026/09/17 21:40:11.389, 62 %, 9 %, 15716 MiB, 16384 MiB, 66.23 W, 63
2026/09/17 21:40:12.391, 70 %, 4 %, 15716 MiB, 16384 MiB, 73.68 W, 63
2026/09/17 21:40:13.393, 100 %, 8 %, 15716 MiB, 16384 MiB, 64.79 W, 63
2026/09/17 21:40:14.396, 100 %, 8 %, 15716 MiB, 16384 MiB, 64.90 W, 63
2026/09/17 21:40:15.398, 91 %, 12 %, 15716 MiB, 16384 MiB, 63.95 W, 63
2026/09/17 21:40:16.400, 80 %, 5 %, 15716 MiB, 16384 MiB, 74.65 W, 63
2026/09/17 21:40:17.403, 97 %, 6 %, 15716 MiB, 16384 MiB, 74.79 W, 63
2026/09/17 21:40:18.407, 100 %, 8 %, 15716 MiB, 16384 MiB, 64.50 W, 63
2026/09/17 21:40:19.410, 100 %, 8 %, 15716 MiB, 16384 MiB, 64.98 W, 63
2026/09/17 21:40:20.414, 63 %, 9 %, 15716 MiB, 16384 MiB, 70.60 W, 63
2026/09/17 21:40:21.417, 93 %, 5 %, 15716 MiB, 16384 MiB, 73.95 W, 63
2026/09/17 21:40:22.421, 100 %, 5 %, 15716 MiB, 16384 MiB, 62.21 W, 63
2026/09/17 21:40:23.424, 100 %, 8 %, 15716 MiB, 16384 MiB, 63.97 W, 63
2026/09/17 21:40:24.427, 66 %, 9 %, 15716 MiB, 16384 MiB, 70.28 W, 63
2026/09/17 21:40:25.430, 65 %, 9 %, 15716 MiB, 16384 MiB, 64.92 W, 63
2026/09/17 21:40:26.433, 50 %, 9 %, 15716 MiB, 16384 MiB, 68.90 W, 63
2026/09/17 21:40:27.436, 100 %, 8 %, 15716 MiB, 16384 MiB, 62.70 W, 63
2026/09/17 21:40:28.439, 100 %, 8 %, 15716 MiB, 16384 MiB, 64.52 W, 63
2026/09/17 21:40:29.442, 100 %, 7 %, 15716 MiB, 16384 MiB, 70.32 W, 63
2026/09/17 21:40:30.445, 64 %, 9 %, 15716 MiB, 16384 MiB, 66.20 W, 63
2026/09/17 21:40:31.448, 66 %, 9 %, 15716 MiB, 16384 MiB, 65.92 W, 63
2026/09/17 21:40:32.451, 100 %, 8 %, 15716 MiB, 16384 MiB, 63.03 W, 63
2026/09/17 21:40:33.457, 100 %, 8 %, 15716 MiB, 16384 MiB, 64.71 W, 63
2026/09/17 21:40:34.459, 98 %, 10 %, 15716 MiB, 16384 MiB, 66.68 W, 63
2026/09/17 21:40:35.462, 55 %, 4 %, 15716 MiB, 16384 MiB, 67.95 W, 63
2026/09/17 21:40:36.464, 79 %, 5 %, 15716 MiB, 16384 MiB, 74.63 W, 63
2026/09/17 21:40:37.466, 100 %, 6 %, 15716 MiB, 16384 MiB, 62.28 W, 63
2026/09/17 21:40:38.469, 89 %, 10 %, 15716 MiB, 16384 MiB, 70.19 W, 63
2026/09/17 21:40:39.471, 64 %, 9 %, 15716 MiB, 16384 MiB, 70.33 W, 63
2026/09/17 21:40:40.474, 46 %, 8 %, 15716 MiB, 16384 MiB, 68.42 W, 63
2026/09/17 21:40:41.477, 100 %, 8 %, 15716 MiB, 16384 MiB, 62.80 W, 63
2026/09/17 21:40:42.480, 100 %, 8 %, 15716 MiB, 16384 MiB, 64.62 W, 63
2026/09/17 21:40:43.482, 100 %, 7 %, 15716 MiB, 16384 MiB, 69.93 W, 63
2026/09/17 21:40:44.485, 63 %, 9 %, 15716 MiB, 16384 MiB, 64.63 W, 63
2026/09/17 21:40:45.488, 66 %, 4 %, 15716 MiB, 16384 MiB, 64.17 W, 63
2026/09/17 21:40:46.491, 100 %, 8 %, 15716 MiB, 16384 MiB, 64.26 W, 63
2026/09/17 21:40:47.494, 100 %, 8 %, 15716 MiB, 16384 MiB, 64.80 W, 62
2026/09/17 21:40:48.497, 100 %, 5 %, 15716 MiB, 16384 MiB, 64.47 W, 63
2026/09/17 21:40:49.500, 49 %, 3 %, 15716 MiB, 16384 MiB, 65.89 W, 63
2026/09/17 21:40:50.503, 79 %, 4 %, 15716 MiB, 16384 MiB, 73.52 W, 63
2026/09/17 21:40:51.506, 100 %, 8 %, 15716 MiB, 16384 MiB, 61.52 W, 63
2026/09/17 21:40:52.509, 97 %, 10 %, 15716 MiB, 16384 MiB, 69.96 W, 63
2026/09/17 21:40:53.512, 68 %, 9 %, 15716 MiB, 16384 MiB, 70.33 W, 63
2026/09/17 21:40:54.514, 55 %, 8 %, 15716 MiB, 16384 MiB, 68.60 W, 63
2026/09/17 21:40:55.518, 100 %, 8 %, 15716 MiB, 16384 MiB, 74.02 W, 63
2026/09/17 21:40:56.521, 100 %, 8 %, 15716 MiB, 16384 MiB, 64.96 W, 63
2026/09/17 21:40:57.524, 100 %, 7 %, 15716 MiB, 16384 MiB, 70.23 W, 63
2026/09/17 21:40:58.527, 60 %, 9 %, 15716 MiB, 16384 MiB, 66.14 W, 63
2026/09/17 21:40:59.530, 65 %, 9 %, 15716 MiB, 16384 MiB, 64.00 W, 63
2026/09/17 21:41:00.533, 100 %, 8 %, 15716 MiB, 16384 MiB, 63.55 W, 62
2026/09/17 21:41:01.536, 100 %, 8 %, 15716 MiB, 16384 MiB, 64.41 W, 62
2026/09/17 21:41:02.539, 91 %, 10 %, 15716 MiB, 16384 MiB, 69.98 W, 62
2026/09/17 21:41:03.542, 65 %, 4 %, 15716 MiB, 16384 MiB, 74.90 W, 63
2026/09/17 21:41:04.545, 91 %, 5 %, 15716 MiB, 16384 MiB, 72.64 W, 63
2026/09/17 21:41:05.548, 100 %, 8 %, 15716 MiB, 16384 MiB, 62.22 W, 63
2026/09/17 21:41:06.551, 86 %, 10 %, 15716 MiB, 16384 MiB, 69.77 W, 62
2026/09/17 21:41:07.554, 57 %, 9 %, 15716 MiB, 16384 MiB, 69.83 W, 63
2026/09/17 21:41:08.557, 56 %, 9 %, 15716 MiB, 16384 MiB, 68.25 W, 63
2026/09/17 21:41:09.561, 100 %, 8 %, 15716 MiB, 16384 MiB, 65.41 W, 63
2026/09/17 21:41:10.564, 100 %, 8 %, 15716 MiB, 16384 MiB, 65.24 W, 62
2026/09/17 21:41:11.567, 100 %, 7 %, 15716 MiB, 16384 MiB, 69.93 W, 63
2026/09/17 21:41:12.571, 63 %, 9 %, 15716 MiB, 16384 MiB, 64.46 W, 63
2026/09/17 21:41:13.574, 66 %, 9 %, 15716 MiB, 16384 MiB, 64.21 W, 62
2026/09/17 21:41:14.576, 100 %, 8 %, 15716 MiB, 16384 MiB, 63.25 W, 62
2026/09/17 21:41:15.578, 100 %, 8 %, 15716 MiB, 16384 MiB, 65.38 W, 62
2026/09/17 21:41:16.581, 99 %, 10 %, 15716 MiB, 16384 MiB, 65.92 W, 62
2026/09/17 21:41:17.583, 58 %, 4 %, 15716 MiB, 16384 MiB, 64.73 W, 63
2026/09/17 21:41:18.585, 79 %, 4 %, 15716 MiB, 16384 MiB, 73.35 W, 62
2026/09/17 21:41:19.588, 100 %, 8 %, 15716 MiB, 16384 MiB, 61.72 W, 63
2026/09/17 21:41:20.590, 100 %, 8 %, 15716 MiB, 16384 MiB, 64.44 W, 62
2026/09/17 21:41:21.592, 83 %, 10 %, 15716 MiB, 16384 MiB, 69.83 W, 62
2026/09/17 21:41:22.594, 63 %, 8 %, 15716 MiB, 16384 MiB, 63.94 W, 62
2026/09/17 21:41:23.597, 100 %, 5 %, 15716 MiB, 16384 MiB, 73.24 W, 62
2026/09/17 21:41:24.599, 100 %, 8 %, 15716 MiB, 16384 MiB, 72.73 W, 62
2026/09/17 21:41:25.601, 100 %, 7 %, 15716 MiB, 16384 MiB, 64.60 W, 62
2026/09/17 21:41:26.604, 70 %, 9 %, 15716 MiB, 16384 MiB, 69.99 W, 62
2026/09/17 21:41:27.608, 66 %, 9 %, 15716 MiB, 16384 MiB, 70.27 W, 63
2026/09/17 21:41:28.611, 100 %, 5 %, 15716 MiB, 16384 MiB, 73.70 W, 62
2026/09/17 21:41:29.615, 10 %, 3 %, 15716 MiB, 16384 MiB, 63.61 W, 62
2026/09/17 21:41:30.618, 1 %, 2 %, 15716 MiB, 16384 MiB, 62.23 W, 62
2026/09/17 21:41:31.621, 100 %, 10 %, 15716 MiB, 16384 MiB, 80.98 W, 63
2026/09/17 21:41:32.624, 69 %, 4 %, 15716 MiB, 16384 MiB, 112.70 W, 63
2026/09/17 21:41:33.627, 96 %, 10 %, 15716 MiB, 16384 MiB, 98.06 W, 63
2026/09/17 21:41:34.631, 37 %, 3 %, 15716 MiB, 16384 MiB, 118.56 W, 63
2026/09/17 21:41:35.635, 100 %, 8 %, 15716 MiB, 16384 MiB, 64.46 W, 62
2026/09/17 21:41:36.638, 42 %, 5 %, 15716 MiB, 16384 MiB, 66.78 W, 63
2026/09/17 21:41:37.642, 100 %, 5 %, 15716 MiB, 16384 MiB, 61.63 W, 64
2026/09/17 21:41:38.645, 100 %, 7 %, 15716 MiB, 16384 MiB, 65.08 W, 63
2026/09/17 21:41:39.648, 78 %, 5 %, 15716 MiB, 16384 MiB, 113.83 W, 64
2026/09/17 21:41:40.652, 100 %, 8 %, 15716 MiB, 16384 MiB, 64.81 W, 63
2026/09/17 21:41:41.655, 98 %, 9 %, 15716 MiB, 16384 MiB, 95.31 W, 63
2026/09/17 21:41:42.659, 100 %, 8 %, 15716 MiB, 16384 MiB, 62.63 W, 63
2026/09/17 21:41:43.662, 100 %, 7 %, 15716 MiB, 16384 MiB, 65.59 W, 63
2026/09/17 21:41:44.666, 55 %, 6 %, 15716 MiB, 16384 MiB, 65.46 W, 63
2026/09/17 21:41:45.669, 100 %, 8 %, 15716 MiB, 16384 MiB, 64.83 W, 63
2026/09/17 21:41:46.673, 78 %, 12 %, 15716 MiB, 16384 MiB, 69.36 W, 63
2026/09/17 21:41:47.677, 100 %, 8 %, 15716 MiB, 16384 MiB, 72.76 W, 63
2026/09/17 21:41:48.681, 100 %, 8 %, 15716 MiB, 16384 MiB, 66.09 W, 63
2026/09/17 21:41:49.684, 97 %, 10 %, 15716 MiB, 16384 MiB, 66.32 W, 63
2026/09/17 21:41:50.687, 69 %, 9 %, 15716 MiB, 16384 MiB, 70.41 W, 63
2026/09/17 21:41:51.691, 100 %, 8 %, 15716 MiB, 16384 MiB, 72.56 W, 63
2026/09/17 21:41:52.695, 100 %, 8 %, 15716 MiB, 16384 MiB, 62.53 W, 63
2026/09/17 21:41:53.698, 100 %, 8 %, 15716 MiB, 16384 MiB, 63.69 W, 63
2026/09/17 21:41:54.702, 52 %, 9 %, 15716 MiB, 16384 MiB, 70.34 W, 63
2026/09/17 21:41:55.705, 58 %, 9 %, 15716 MiB, 16384 MiB, 65.93 W, 63
2026/09/17 21:41:56.709, 44 %, 5 %, 15716 MiB, 16384 MiB, 64.00 W, 63
2026/09/17 21:41:57.712, 100 %, 8 %, 15716 MiB, 16384 MiB, 64.13 W, 63
2026/09/17 21:41:58.715, 100 %, 8 %, 15716 MiB, 16384 MiB, 64.78 W, 63
2026/09/17 21:41:59.719, 100 %, 7 %, 15716 MiB, 16384 MiB, 70.05 W, 63
2026/09/17 21:42:00.722, 70 %, 13 %, 15716 MiB, 16384 MiB, 64.40 W, 63
2026/09/17 21:42:01.726, 91 %, 5 %, 15716 MiB, 16384 MiB, 73.57 W, 63
2026/09/17 21:42:02.729, 100 %, 8 %, 15716 MiB, 16384 MiB, 64.65 W, 63
2026/09/17 21:42:03.732, 100 %, 8 %, 15716 MiB, 16384 MiB, 64.71 W, 63
2026/09/17 21:42:04.736, 85 %, 9 %, 15716 MiB, 16384 MiB, 64.49 W, 63
2026/09/17 21:42:05.739, 86 %, 5 %, 15716 MiB, 16384 MiB, 73.85 W, 63
2026/09/17 21:42:06.743, 100 %, 5 %, 15716 MiB, 16384 MiB, 72.86 W, 63
2026/09/17 21:42:07.746, 100 %, 8 %, 15716 MiB, 16384 MiB, 62.56 W, 63
2026/09/17 21:42:08.749, 76 %, 10 %, 15716 MiB, 16384 MiB, 71.51 W, 63
2026/09/17 21:42:09.752, 52 %, 9 %, 15716 MiB, 16384 MiB, 70.18 W, 63
2026/09/17 21:42:10.755, 28 %, 8 %, 15716 MiB, 16384 MiB, 66.31 W, 63
2026/09/17 21:42:11.759, 100 %, 8 %, 15716 MiB, 16384 MiB, 64.43 W, 63
2026/09/17 21:42:12.762, 100 %, 8 %, 15716 MiB, 16384 MiB, 64.77 W, 63
2026/09/17 21:42:13.765, 99 %, 12 %, 15716 MiB, 16384 MiB, 64.93 W, 63
2026/09/17 21:42:14.769, 70 %, 11 %, 15716 MiB, 16384 MiB, 64.22 W, 63
2026/09/17 21:42:15.773, 98 %, 6 %, 15716 MiB, 16384 MiB, 73.75 W, 63
2026/09/17 21:42:16.777, 100 %, 8 %, 15716 MiB, 16384 MiB, 66.27 W, 63
2026/09/17 21:42:17.779, 100 %, 8 %, 15716 MiB, 16384 MiB, 64.73 W, 63
2026/09/17 21:42:18.786, 77 %, 9 %, 15716 MiB, 16384 MiB, 69.87 W, 63
2026/09/17 21:42:19.790, 92 %, 5 %, 15716 MiB, 16384 MiB, 73.06 W, 63
2026/09/17 21:42:20.793, 100 %, 8 %, 15716 MiB, 16384 MiB, 72.79 W, 63
2026/09/17 21:42:21.795, 100 %, 8 %, 15716 MiB, 16384 MiB, 62.34 W, 63
2026/09/17 21:42:22.797, 84 %, 10 %, 15716 MiB, 16384 MiB, 69.79 W, 63
2026/09/17 21:42:23.799, 58 %, 9 %, 15716 MiB, 16384 MiB, 69.87 W, 63
2026/09/17 21:42:24.802, 41 %, 8 %, 15716 MiB, 16384 MiB, 68.70 W, 63
2026/09/17 21:42:25.804, 100 %, 8 %, 15716 MiB, 16384 MiB, 68.04 W, 63
2026/09/17 21:42:26.807, 100 %, 8 %, 15716 MiB, 16384 MiB, 63.75 W, 63
2026/09/17 21:42:27.809, 100 %, 7 %, 15716 MiB, 16384 MiB, 71.27 W, 63
2026/09/17 21:42:28.812, 70 %, 13 %, 15716 MiB, 16384 MiB, 71.00 W, 63
2026/09/17 21:42:29.814, 61 %, 9 %, 15716 MiB, 16384 MiB, 64.43 W, 63
2026/09/17 21:42:30.816, 100 %, 8 %, 15716 MiB, 16384 MiB, 62.68 W, 63
2026/09/17 21:42:31.820, 100 %, 8 %, 15716 MiB, 16384 MiB, 63.97 W, 63
2026/09/17 21:42:32.822, 100 %, 8 %, 15716 MiB, 16384 MiB, 64.79 W, 63
2026/09/17 21:42:33.824, 62 %, 9 %, 15716 MiB, 16384 MiB, 64.94 W, 63
2026/09/17 21:42:34.826, 62 %, 4 %, 15716 MiB, 16384 MiB, 64.91 W, 63
2026/09/17 21:42:35.830, 81 %, 5 %, 15716 MiB, 16384 MiB, 74.58 W, 63
2026/09/17 21:42:36.833, 100 %, 6 %, 15716 MiB, 16384 MiB, 64.76 W, 63
2026/09/17 21:42:37.836, 97 %, 11 %, 15716 MiB, 16384 MiB, 64.47 W, 63
2026/09/17 21:42:38.840, 69 %, 9 %, 15716 MiB, 16384 MiB, 63.86 W, 63
2026/09/17 21:42:39.843, 96 %, 5 %, 15716 MiB, 16384 MiB, 73.61 W, 63
2026/09/17 21:42:40.847, 100 %, 8 %, 15716 MiB, 16384 MiB, 72.81 W, 63
2026/09/17 21:42:41.850, 100 %, 8 %, 15716 MiB, 16384 MiB, 64.57 W, 63
2026/09/17 21:42:42.854, 87 %, 13 %, 15716 MiB, 16384 MiB, 64.72 W, 63
2026/09/17 21:42:43.857, 63 %, 9 %, 15716 MiB, 16384 MiB, 70.24 W, 63
2026/09/17 21:42:44.861, 100 %, 8 %, 15716 MiB, 16384 MiB, 64.73 W, 63
2026/09/17 21:42:45.864, 100 %, 8 %, 15716 MiB, 16384 MiB, 63.33 W, 63
2026/09/17 21:42:46.868, 100 %, 8 %, 15716 MiB, 16384 MiB, 64.54 W, 63
2026/09/17 21:42:47.871, 65 %, 9 %, 15716 MiB, 16384 MiB, 71.26 W, 63
2026/09/17 21:42:48.875, 50 %, 9 %, 15716 MiB, 16384 MiB, 65.90 W, 63
2026/09/17 21:42:49.878, 53 %, 9 %, 15716 MiB, 16384 MiB, 66.46 W, 63
2026/09/17 21:42:50.884, 100 %, 8 %, 15716 MiB, 16384 MiB, 64.04 W, 63
2026/09/17 21:42:51.888, 100 %, 8 %, 15716 MiB, 16384 MiB, 64.68 W, 63
2026/09/17 21:42:52.890, 100 %, 7 %, 15716 MiB, 16384 MiB, 70.38 W, 63
2026/09/17 21:42:53.893, 66 %, 9 %, 15716 MiB, 16384 MiB, 64.96 W, 63
2026/09/17 21:42:54.896, 67 %, 10 %, 15716 MiB, 16384 MiB, 64.11 W, 63
2026/09/17 21:42:55.900, 100 %, 8 %, 15716 MiB, 16384 MiB, 65.75 W, 63
2026/09/17 21:42:56.903, 100 %, 8 %, 15716 MiB, 16384 MiB, 66.12 W, 63
2026/09/17 21:42:57.906, 87 %, 9 %, 15716 MiB, 16384 MiB, 64.90 W, 63
2026/09/17 21:42:58.910, 68 %, 4 %, 15716 MiB, 16384 MiB, 75.48 W, 63
2026/09/17 21:42:59.913, 100 %, 5 %, 15716 MiB, 16384 MiB, 73.26 W, 63
2026/09/17 21:43:00.917, 100 %, 8 %, 15716 MiB, 16384 MiB, 62.09 W, 63
2026/09/17 21:43:01.921, 89 %, 10 %, 15716 MiB, 16384 MiB, 70.07 W, 63
2026/09/17 21:43:02.924, 72 %, 9 %, 15716 MiB, 16384 MiB, 69.95 W, 63
2026/09/17 21:43:03.928, 56 %, 8 %, 15716 MiB, 16384 MiB, 68.99 W, 63
2026/09/17 21:43:04.931, 100 %, 5 %, 15716 MiB, 16384 MiB, 72.64 W, 63
2026/09/17 21:43:05.935, 100 %, 8 %, 15716 MiB, 16384 MiB, 72.71 W, 63
2026/09/17 21:43:06.938, 100 %, 7 %, 15716 MiB, 16384 MiB, 65.13 W, 63
2026/09/17 21:43:07.942, 73 %, 9 %, 15716 MiB, 16384 MiB, 71.38 W, 63
2026/09/17 21:43:08.945, 67 %, 9 %, 15716 MiB, 16384 MiB, 71.32 W, 63
2026/09/17 21:43:09.949, 100 %, 8 %, 15716 MiB, 16384 MiB, 72.66 W, 63
2026/09/17 21:43:10.953, 100 %, 8 %, 15716 MiB, 16384 MiB, 61.88 W, 62
2026/09/17 21:43:11.956, 100 %, 8 %, 15716 MiB, 16384 MiB, 64.38 W, 62
2026/09/17 21:43:12.960, 48 %, 9 %, 15716 MiB, 16384 MiB, 64.65 W, 63
2026/09/17 21:43:13.963, 56 %, 4 %, 15716 MiB, 16384 MiB, 65.15 W, 63
2026/09/17 21:43:14.967, 86 %, 5 %, 15716 MiB, 16384 MiB, 72.82 W, 63
2026/09/17 21:43:15.971, 100 %, 8 %, 15716 MiB, 16384 MiB, 65.96 W, 62
2026/09/17 21:43:16.973, 100 %, 5 %, 15716 MiB, 16384 MiB, 65.99 W, 62
2026/09/17 21:43:17.975, 78 %, 11 %, 15716 MiB, 16384 MiB, 64.28 W, 63
2026/09/17 21:43:18.978, 85 %, 5 %, 15716 MiB, 16384 MiB, 67.81 W, 62
2026/09/17 21:43:19.980, 100 %, 5 %, 15716 MiB, 16384 MiB, 72.55 W, 63
2026/09/17 21:43:20.983, 100 %, 8 %, 15716 MiB, 16384 MiB, 64.33 W, 62
2026/09/17 21:43:21.985, 89 %, 10 %, 15716 MiB, 16384 MiB, 64.52 W, 62
2026/09/17 21:43:22.988, 67 %, 9 %, 15716 MiB, 16384 MiB, 70.14 W, 63
2026/09/17 21:43:23.990, 90 %, 5 %, 15716 MiB, 16384 MiB, 73.53 W, 63
2026/09/17 21:43:24.992, 2 %, 3 %, 15716 MiB, 16384 MiB, 61.87 W, 62
2026/09/17 21:43:25.994, 1 %, 3 %, 15716 MiB, 16384 MiB, 61.88 W, 62
2026/09/17 21:43:26.997, 100 %, 8 %, 15716 MiB, 16384 MiB, 82.07 W, 63
2026/09/17 21:43:28.000, 43 %, 3 %, 15716 MiB, 16384 MiB, 70.01 W, 64
2026/09/17 21:43:29.003, 100 %, 8 %, 15716 MiB, 16384 MiB, 65.14 W, 63
2026/09/17 21:43:30.007, 38 %, 6 %, 15716 MiB, 16384 MiB, 65.07 W, 63
2026/09/17 21:43:31.010, 93 %, 5 %, 15716 MiB, 16384 MiB, 79.44 W, 64
2026/09/17 21:43:32.014, 68 %, 9 %, 15716 MiB, 16384 MiB, 97.81 W, 63
2026/09/17 21:43:33.017, 67 %, 4 %, 15716 MiB, 16384 MiB, 117.01 W, 63
2026/09/17 21:43:34.021, 100 %, 8 %, 15716 MiB, 16384 MiB, 63.59 W, 63
2026/09/17 21:43:35.024, 36 %, 5 %, 15716 MiB, 16384 MiB, 66.79 W, 63
2026/09/17 21:43:36.028, 100 %, 6 %, 15716 MiB, 16384 MiB, 72.91 W, 64
2026/09/17 21:43:37.031, 100 %, 8 %, 15716 MiB, 16384 MiB, 66.63 W, 63
2026/09/17 21:43:38.035, 68 %, 4 %, 15716 MiB, 16384 MiB, 121.97 W, 64
2026/09/17 21:43:39.039, 100 %, 8 %, 15716 MiB, 16384 MiB, 65.15 W, 63
2026/09/17 21:43:40.042, 77 %, 9 %, 15716 MiB, 16384 MiB, 98.51 W, 64
2026/09/17 21:43:41.046, 100 %, 8 %, 15716 MiB, 16384 MiB, 62.89 W, 64
2026/09/17 21:43:42.049, 100 %, 14 %, 15716 MiB, 16384 MiB, 64.96 W, 63
2026/09/17 21:43:43.053, 62 %, 8 %, 15716 MiB, 16384 MiB, 64.82 W, 63
2026/09/17 21:43:44.056, 100 %, 8 %, 15716 MiB, 16384 MiB, 63.46 W, 63
2026/09/17 21:43:45.059, 100 %, 8 %, 15716 MiB, 16384 MiB, 64.64 W, 63
2026/09/17 21:43:46.063, 100 %, 8 %, 15716 MiB, 16384 MiB, 64.96 W, 63
2026/09/17 21:43:47.067, 51 %, 3 %, 15716 MiB, 16384 MiB, 66.18 W, 63
2026/09/17 21:43:48.070, 81 %, 4 %, 15716 MiB, 16384 MiB, 69.16 W, 63
2026/09/17 21:43:49.072, 96 %, 5 %, 15716 MiB, 16384 MiB, 73.10 W, 63
2026/09/17 21:43:50.076, 100 %, 6 %, 15716 MiB, 16384 MiB, 64.79 W, 63
2026/09/17 21:43:51.078, 93 %, 10 %, 15716 MiB, 16384 MiB, 65.08 W, 63
2026/09/17 21:43:52.080, 69 %, 8 %, 15716 MiB, 16384 MiB, 64.41 W, 63
2026/09/17 21:43:53.083, 98 %, 5 %, 15716 MiB, 16384 MiB, 73.71 W, 63
2026/09/17 21:43:54.085, 100 %, 8 %, 15716 MiB, 16384 MiB, 72.92 W, 63
2026/09/17 21:43:55.087, 100 %, 7 %, 15716 MiB, 16384 MiB, 65.86 W, 63
2026/09/17 21:43:56.090, 70 %, 13 %, 15716 MiB, 16384 MiB, 71.64 W, 63
2026/09/17 21:43:57.092, 60 %, 9 %, 15716 MiB, 16384 MiB, 65.04 W, 63
2026/09/17 21:43:58.094, 100 %, 8 %, 15716 MiB, 16384 MiB, 62.52 W, 63
2026/09/17 21:43:59.097, 100 %, 8 %, 15716 MiB, 16384 MiB, 64.07 W, 63
2026/09/17 21:44:00.099, 100 %, 8 %, 15716 MiB, 16384 MiB, 64.96 W, 63
2026/09/17 21:44:01.102, 46 %, 9 %, 15716 MiB, 16384 MiB, 64.74 W, 63
2026/09/17 21:44:02.105, 55 %, 4 %, 15716 MiB, 16384 MiB, 64.75 W, 63
2026/09/17 21:44:03.109, 87 %, 5 %, 15716 MiB, 16384 MiB, 73.54 W, 63
2026/09/17 21:44:04.112, 100 %, 8 %, 15716 MiB, 16384 MiB, 64.86 W, 63
2026/09/17 21:44:05.116, 93 %, 10 %, 15716 MiB, 16384 MiB, 64.85 W, 63
2026/09/17 21:44:06.119, 72 %, 9 %, 15716 MiB, 16384 MiB, 64.05 W, 63
2026/09/17 21:44:07.123, 100 %, 5 %, 15716 MiB, 16384 MiB, 74.88 W, 63
2026/09/17 21:44:08.126, 100 %, 8 %, 15716 MiB, 16384 MiB, 74.55 W, 63
2026/09/17 21:44:09.129, 100 %, 5 %, 15716 MiB, 16384 MiB, 64.85 W, 63
2026/09/17 21:44:10.131, 89 %, 13 %, 15716 MiB, 16384 MiB, 64.80 W, 63
2026/09/17 21:44:11.133, 64 %, 9 %, 15716 MiB, 16384 MiB, 70.38 W, 63
2026/09/17 21:44:12.136, 100 %, 5 %, 15716 MiB, 16384 MiB, 73.14 W, 63
2026/09/17 21:44:13.138, 100 %, 8 %, 15716 MiB, 16384 MiB, 63.01 W, 63
2026/09/17 21:44:14.140, 100 %, 8 %, 15716 MiB, 16384 MiB, 65.85 W, 63
2026/09/17 21:44:15.142, 65 %, 9 %, 15716 MiB, 16384 MiB, 71.21 W, 63
2026/09/17 21:44:16.145, 55 %, 9 %, 15716 MiB, 16384 MiB, 69.00 W, 63
2026/09/17 21:44:17.147, 40 %, 6 %, 15716 MiB, 16384 MiB, 68.79 W, 63
2026/09/17 21:44:18.149, 100 %, 8 %, 15716 MiB, 16384 MiB, 63.08 W, 63
2026/09/17 21:44:19.152, 100 %, 8 %, 15716 MiB, 16384 MiB, 64.55 W, 63
2026/09/17 21:44:20.154, 100 %, 9 %, 15716 MiB, 16384 MiB, 70.10 W, 63
2026/09/17 21:44:21.156, 65 %, 4 %, 15716 MiB, 16384 MiB, 64.14 W, 63
2026/09/17 21:44:22.159, 88 %, 5 %, 15716 MiB, 16384 MiB, 65.98 W, 63
2026/09/17 21:44:23.162, 100 %, 8 %, 15716 MiB, 16384 MiB, 64.80 W, 63
2026/09/17 21:44:24.166, 100 %, 10 %, 15716 MiB, 16384 MiB, 64.64 W, 63
2026/09/17 21:44:25.170, 62 %, 9 %, 15716 MiB, 16384 MiB, 70.16 W, 63
2026/09/17 21:44:26.173, 100 %, 5 %, 15716 MiB, 16384 MiB, 75.15 W, 63
2026/09/17 21:44:27.177, 100 %, 8 %, 15716 MiB, 16384 MiB, 68.93 W, 63
2026/09/17 21:44:28.180, 100 %, 8 %, 15716 MiB, 16384 MiB, 63.27 W, 63
2026/09/17 21:44:29.186, 54 %, 9 %, 15716 MiB, 16384 MiB, 70.03 W, 63
2026/09/17 21:44:30.189, 53 %, 9 %, 15716 MiB, 16384 MiB, 64.83 W, 63
2026/09/17 21:44:31.191, 65 %, 9 %, 15716 MiB, 16384 MiB, 68.55 W, 63
2026/09/17 21:44:32.194, 100 %, 8 %, 15716 MiB, 16384 MiB, 63.35 W, 63
2026/09/17 21:44:33.198, 100 %, 8 %, 15716 MiB, 16384 MiB, 63.95 W, 63
2026/09/17 21:44:34.201, 100 %, 7 %, 15716 MiB, 16384 MiB, 71.64 W, 63
2026/09/17 21:44:35.204, 65 %, 9 %, 15716 MiB, 16384 MiB, 66.36 W, 63
2026/09/17 21:44:36.208, 64 %, 9 %, 15716 MiB, 16384 MiB, 64.79 W, 63
2026/09/17 21:44:37.212, 100 %, 8 %, 15716 MiB, 16384 MiB, 62.60 W, 63
2026/09/17 21:44:38.215, 100 %, 8 %, 15716 MiB, 16384 MiB, 63.19 W, 63
2026/09/17 21:44:39.219, 100 %, 8 %, 15716 MiB, 16384 MiB, 64.94 W, 63
2026/09/17 21:44:40.223, 51 %, 9 %, 15716 MiB, 16384 MiB, 65.13 W, 63
2026/09/17 21:44:41.227, 59 %, 4 %, 15716 MiB, 16384 MiB, 65.17 W, 63
2026/09/17 21:44:42.230, 94 %, 5 %, 15716 MiB, 16384 MiB, 73.01 W, 63
2026/09/17 21:44:43.234, 100 %, 7 %, 15716 MiB, 16384 MiB, 64.81 W, 63
2026/09/17 21:44:44.238, 86 %, 10 %, 15716 MiB, 16384 MiB, 64.69 W, 63
2026/09/17 21:44:45.242, 64 %, 8 %, 15716 MiB, 16384 MiB, 64.81 W, 63
2026/09/17 21:44:46.246, 96 %, 5 %, 15716 MiB, 16384 MiB, 74.45 W, 63
2026/09/17 21:44:47.249, 100 %, 8 %, 15716 MiB, 16384 MiB, 74.58 W, 63
2026/09/17 21:44:48.253, 100 %, 8 %, 15716 MiB, 16384 MiB, 64.92 W, 63
2026/09/17 21:44:49.257, 77 %, 9 %, 15716 MiB, 16384 MiB, 70.36 W, 63
2026/09/17 21:44:50.260, 65 %, 9 %, 15716 MiB, 16384 MiB, 70.25 W, 63
2026/09/17 21:44:51.264, 99 %, 5 %, 15716 MiB, 16384 MiB, 73.76 W, 63
2026/09/17 21:44:52.267, 100 %, 8 %, 15716 MiB, 16384 MiB, 61.79 W, 62
2026/09/17 21:44:53.270, 100 %, 8 %, 15716 MiB, 16384 MiB, 64.62 W, 63
2026/09/17 21:44:54.274, 50 %, 9 %, 15716 MiB, 16384 MiB, 71.46 W, 63
2026/09/17 21:44:55.278, 47 %, 9 %, 15716 MiB, 16384 MiB, 66.13 W, 63
2026/09/17 21:44:56.281, 66 %, 5 %, 15716 MiB, 16384 MiB, 68.59 W, 63
2026/09/17 21:44:57.287, 100 %, 8 %, 15716 MiB, 16384 MiB, 64.10 W, 63
2026/09/17 21:44:58.289, 100 %, 8 %, 15716 MiB, 16384 MiB, 64.44 W, 63
2026/09/17 21:44:59.291, 100 %, 7 %, 15716 MiB, 16384 MiB, 70.00 W, 63
2026/09/17 21:45:00.294, 67 %, 9 %, 15716 MiB, 16384 MiB, 70.16 W, 63
2026/09/17 21:45:01.296, 77 %, 4 %, 15716 MiB, 16384 MiB, 63.36 W, 63
2026/09/17 21:45:02.298, 100 %, 8 %, 15716 MiB, 16384 MiB, 64.83 W, 63
2026/09/17 21:45:03.301, 100 %, 5 %, 15716 MiB, 16384 MiB, 64.86 W, 63
2026/09/17 21:45:04.303, 88 %, 10 %, 15716 MiB, 16384 MiB, 64.99 W, 63
2026/09/17 21:45:05.305, 66 %, 4 %, 15716 MiB, 16384 MiB, 74.66 W, 63
2026/09/17 21:45:06.307, 100 %, 6 %, 15716 MiB, 16384 MiB, 74.57 W, 63
2026/09/17 21:45:07.310, 100 %, 8 %, 15716 MiB, 16384 MiB, 63.26 W, 63
2026/09/17 21:45:08.313, 79 %, 10 %, 15716 MiB, 16384 MiB, 70.32 W, 63
2026/09/17 21:45:09.316, 42 %, 9 %, 15716 MiB, 16384 MiB, 70.48 W, 63
2026/09/17 21:45:10.318, 33 %, 8 %, 15716 MiB, 16384 MiB, 68.60 W, 63
2026/09/17 21:45:11.320, 100 %, 8 %, 15716 MiB, 16384 MiB, 62.63 W, 63
2026/09/17 21:45:12.324, 100 %, 8 %, 15716 MiB, 16384 MiB, 63.92 W, 62
2026/09/17 21:45:13.326, 100 %, 7 %, 15716 MiB, 16384 MiB, 70.37 W, 63
2026/09/17 21:45:14.329, 62 %, 9 %, 15716 MiB, 16384 MiB, 71.17 W, 63
2026/09/17 21:45:15.333, 65 %, 9 %, 15716 MiB, 16384 MiB, 65.97 W, 63
2026/09/17 21:45:16.336, 100 %, 8 %, 15716 MiB, 16384 MiB, 62.48 W, 62
2026/09/17 21:45:17.339, 100 %, 8 %, 15716 MiB, 16384 MiB, 63.86 W, 63
2026/09/17 21:45:18.343, 100 %, 8 %, 15716 MiB, 16384 MiB, 64.84 W, 63
2026/09/17 21:45:19.346, 57 %, 9 %, 15716 MiB, 16384 MiB, 64.63 W, 63
2026/09/17 21:45:20.350, 1 %, 2 %, 15716 MiB, 16384 MiB, 62.29 W, 62
2026/09/17 21:45:21.353, 2 %, 3 %, 15716 MiB, 16384 MiB, 62.19 W, 62
2026/09/17 21:45:22.356, 100 %, 8 %, 15716 MiB, 16384 MiB, 64.45 W, 63
2026/09/17 21:45:23.360, 70 %, 8 %, 15716 MiB, 16384 MiB, 84.53 W, 63
2026/09/17 21:45:24.364, 100 %, 8 %, 15716 MiB, 16384 MiB, 62.99 W, 63
2026/09/17 21:45:25.367, 98 %, 10 %, 15716 MiB, 16384 MiB, 84.58 W, 63
2026/09/17 21:45:26.371, 38 %, 3 %, 15716 MiB, 16384 MiB, 78.40 W, 63
2026/09/17 21:45:27.375, 100 %, 8 %, 15716 MiB, 16384 MiB, 66.36 W, 63
2026/09/17 21:45:28.378, 37 %, 6 %, 15716 MiB, 16384 MiB, 65.97 W, 64
2026/09/17 21:45:29.382, 95 %, 5 %, 15716 MiB, 16384 MiB, 99.60 W, 64
2026/09/17 21:45:30.385, 67 %, 9 %, 15716 MiB, 16384 MiB, 98.20 W, 64
2026/09/17 21:45:31.388, 69 %, 4 %, 15716 MiB, 16384 MiB, 117.88 W, 64
2026/09/17 21:45:32.392, 100 %, 8 %, 15716 MiB, 16384 MiB, 64.05 W, 63
2026/09/17 21:45:33.395, 34 %, 3 %, 15716 MiB, 16384 MiB, 66.42 W, 63
2026/09/17 21:45:34.399, 100 %, 8 %, 15716 MiB, 16384 MiB, 63.71 W, 64
2026/09/17 21:45:35.402, 100 %, 7 %, 15716 MiB, 16384 MiB, 66.49 W, 63
2026/09/17 21:45:36.406, 95 %, 5 %, 15716 MiB, 16384 MiB, 99.90 W, 64
2026/09/17 21:45:37.410, 100 %, 7 %, 15716 MiB, 16384 MiB, 63.08 W, 63
2026/09/17 21:45:38.413, 62 %, 9 %, 15716 MiB, 16384 MiB, 64.83 W, 63
2026/09/17 21:45:39.417, 100 %, 8 %, 15716 MiB, 16384 MiB, 62.06 W, 64
2026/09/17 21:45:40.420, 100 %, 8 %, 15716 MiB, 16384 MiB, 63.30 W, 63
2026/09/17 21:45:41.424, 100 %, 8 %, 15716 MiB, 16384 MiB, 64.93 W, 63
2026/09/17 21:45:42.427, 45 %, 8 %, 15716 MiB, 16384 MiB, 65.03 W, 63
2026/09/17 21:45:43.431, 64 %, 5 %, 15716 MiB, 16384 MiB, 65.07 W, 63
2026/09/17 21:45:44.434, 69 %, 4 %, 15716 MiB, 16384 MiB, 74.17 W, 63
2026/09/17 21:45:45.438, 100 %, 8 %, 15716 MiB, 16384 MiB, 65.00 W, 63
2026/09/17 21:45:46.442, 100 %, 7 %, 15716 MiB, 16384 MiB, 66.00 W, 63
2026/09/17 21:45:47.445, 81 %, 11 %, 15716 MiB, 16384 MiB, 65.72 W, 63
2026/09/17 21:45:48.449, 90 %, 5 %, 15716 MiB, 16384 MiB, 63.92 W, 63
2026/09/17 21:45:49.454, 100 %, 8 %, 15716 MiB, 16384 MiB, 73.47 W, 63
2026/09/17 21:45:50.457, 100 %, 8 %, 15716 MiB, 16384 MiB, 64.88 W, 63
2026/09/17 21:45:51.459, 98 %, 14 %, 15716 MiB, 16384 MiB, 65.00 W, 63
2026/09/17 21:45:52.462, 62 %, 8 %, 15716 MiB, 16384 MiB, 69.96 W, 63
2026/09/17 21:45:53.466, 100 %, 5 %, 15716 MiB, 16384 MiB, 73.10 W, 63
2026/09/17 21:45:54.469, 100 %, 8 %, 15716 MiB, 16384 MiB, 63.71 W, 63
2026/09/17 21:45:55.473, 100 %, 8 %, 15716 MiB, 16384 MiB, 65.40 W, 63
2026/09/17 21:45:56.476, 62 %, 9 %, 15716 MiB, 16384 MiB, 70.13 W, 63
2026/09/17 21:45:57.481, 59 %, 9 %, 15716 MiB, 16384 MiB, 64.86 W, 63
2026/09/17 21:45:58.484, 59 %, 4 %, 15716 MiB, 16384 MiB, 62.99 W, 63
2026/09/17 21:45:59.487, 100 %, 8 %, 15716 MiB, 16384 MiB, 64.29 W, 63
2026/09/17 21:46:00.489, 100 %, 8 %, 15716 MiB, 16384 MiB, 64.74 W, 63
2026/09/17 21:46:01.491, 96 %, 12 %, 15716 MiB, 16384 MiB, 70.46 W, 63
2026/09/17 21:46:02.493, 66 %, 4 %, 15716 MiB, 16384 MiB, 64.35 W, 63
2026/09/17 21:46:03.496, 96 %, 5 %, 15716 MiB, 16384 MiB, 66.69 W, 63
2026/09/17 21:46:04.498, 100 %, 8 %, 15716 MiB, 16384 MiB, 64.54 W, 63
2026/09/17 21:46:05.500, 100 %, 14 %, 15716 MiB, 16384 MiB, 65.03 W, 63
2026/09/17 21:46:06.502, 64 %, 9 %, 15716 MiB, 16384 MiB, 71.37 W, 63
2026/09/17 21:46:07.505, 97 %, 5 %, 15716 MiB, 16384 MiB, 75.45 W, 63
2026/09/17 21:46:08.507, 100 %, 8 %, 15716 MiB, 16384 MiB, 67.49 W, 63
2026/09/17 21:46:09.509, 100 %, 8 %, 15716 MiB, 16384 MiB, 63.49 W, 63
2026/09/17 21:46:10.511, 45 %, 8 %, 15716 MiB, 16384 MiB, 70.30 W, 63
2026/09/17 21:46:11.514, 59 %, 9 %, 15716 MiB, 16384 MiB, 64.88 W, 63
2026/09/17 21:46:12.518, 49 %, 3 %, 15716 MiB, 16384 MiB, 68.75 W, 63
2026/09/17 21:46:13.521, 100 %, 8 %, 15716 MiB, 16384 MiB, 63.21 W, 63
2026/09/17 21:46:14.524, 100 %, 8 %, 15716 MiB, 16384 MiB, 66.37 W, 63
2026/09/17 21:46:15.528, 100 %, 11 %, 15716 MiB, 16384 MiB, 71.51 W, 63
2026/09/17 21:46:16.532, 71 %, 4 %, 15716 MiB, 16384 MiB, 64.42 W, 63
2026/09/17 21:46:17.535, 98 %, 6 %, 15716 MiB, 16384 MiB, 68.20 W, 63
2026/09/17 21:46:18.538, 100 %, 8 %, 15716 MiB, 16384 MiB, 64.85 W, 63
2026/09/17 21:46:19.542, 100 %, 15 %, 15716 MiB, 16384 MiB, 64.93 W, 63
2026/09/17 21:46:20.545, 62 %, 9 %, 15716 MiB, 16384 MiB, 70.13 W, 63
2026/09/17 21:46:21.549, 100 %, 5 %, 15716 MiB, 16384 MiB, 73.91 W, 63
2026/09/17 21:46:22.552, 100 %, 8 %, 15716 MiB, 16384 MiB, 72.18 W, 63
2026/09/17 21:46:23.556, 100 %, 8 %, 15716 MiB, 16384 MiB, 62.71 W, 63
2026/09/17 21:46:24.559, 58 %, 9 %, 15716 MiB, 16384 MiB, 70.18 W, 63
2026/09/17 21:46:25.563, 59 %, 9 %, 15716 MiB, 16384 MiB, 71.27 W, 63
2026/09/17 21:46:26.567, 58 %, 9 %, 15716 MiB, 16384 MiB, 70.02 W, 63
2026/09/17 21:46:27.570, 100 %, 8 %, 15716 MiB, 16384 MiB, 72.86 W, 63
2026/09/17 21:46:28.574, 100 %, 8 %, 15716 MiB, 16384 MiB, 62.68 W, 63
2026/09/17 21:46:29.578, 100 %, 7 %, 15716 MiB, 16384 MiB, 65.09 W, 63
2026/09/17 21:46:30.581, 64 %, 9 %, 15716 MiB, 16384 MiB, 70.41 W, 63
2026/09/17 21:46:31.584, 65 %, 9 %, 15716 MiB, 16384 MiB, 64.78 W, 63
2026/09/17 21:46:32.588, 100 %, 8 %, 15716 MiB, 16384 MiB, 61.79 W, 63
2026/09/17 21:46:33.593, 100 %, 8 %, 15716 MiB, 16384 MiB, 64.43 W, 63
2026/09/17 21:46:34.595, 97 %, 10 %, 15716 MiB, 16384 MiB, 66.18 W, 63
2026/09/17 21:46:35.598, 54 %, 4 %, 15716 MiB, 16384 MiB, 64.75 W, 63
2026/09/17 21:46:36.602, 96 %, 5 %, 15716 MiB, 16384 MiB, 73.61 W, 63
2026/09/17 21:46:37.605, 100 %, 8 %, 15716 MiB, 16384 MiB, 72.60 W, 63
2026/09/17 21:46:38.608, 93 %, 10 %, 15716 MiB, 16384 MiB, 64.72 W, 63
2026/09/17 21:46:39.612, 78 %, 10 %, 15716 MiB, 16384 MiB, 64.68 W, 63
2026/09/17 21:46:40.615, 63 %, 8 %, 15716 MiB, 16384 MiB, 64.38 W, 63
2026/09/17 21:46:41.618, 100 %, 5 %, 15716 MiB, 16384 MiB, 72.02 W, 63
2026/09/17 21:46:42.622, 100 %, 8 %, 15716 MiB, 16384 MiB, 73.01 W, 63
2026/09/17 21:46:43.626, 100 %, 8 %, 15716 MiB, 16384 MiB, 64.77 W, 63
2026/09/17 21:46:44.630, 84 %, 9 %, 15716 MiB, 16384 MiB, 64.84 W, 63
2026/09/17 21:46:45.634, 66 %, 9 %, 15716 MiB, 16384 MiB, 71.66 W, 63
2026/09/17 21:46:46.637, 100 %, 5 %, 15716 MiB, 16384 MiB, 75.32 W, 63
2026/09/17 21:46:47.640, 100 %, 8 %, 15716 MiB, 16384 MiB, 61.84 W, 62
2026/09/17 21:46:48.645, 100 %, 8 %, 15716 MiB, 16384 MiB, 64.14 W, 63
2026/09/17 21:46:49.647, 39 %, 8 %, 15716 MiB, 16384 MiB, 70.23 W, 63
2026/09/17 21:46:50.651, 47 %, 4 %, 15716 MiB, 16384 MiB, 64.88 W, 63
2026/09/17 21:46:51.654, 80 %, 5 %, 15716 MiB, 16384 MiB, 73.48 W, 62
2026/09/17 21:46:52.658, 100 %, 8 %, 15716 MiB, 16384 MiB, 64.71 W, 63
2026/09/17 21:46:53.661, 100 %, 5 %, 15716 MiB, 16384 MiB, 66.17 W, 63
2026/09/17 21:46:54.665, 86 %, 12 %, 15716 MiB, 16384 MiB, 66.20 W, 63
2026/09/17 21:46:55.668, 78 %, 4 %, 15716 MiB, 16384 MiB, 64.43 W, 63
2026/09/17 21:46:56.672, 98 %, 5 %, 15716 MiB, 16384 MiB, 64.22 W, 63
2026/09/17 21:46:57.675, 100 %, 8 %, 15716 MiB, 16384 MiB, 64.86 W, 63
2026/09/17 21:46:58.679, 100 %, 6 %, 15716 MiB, 16384 MiB, 64.92 W, 62
2026/09/17 21:46:59.682, 99 %, 10 %, 15716 MiB, 16384 MiB, 65.12 W, 62
2026/09/17 21:47:00.686, 59 %, 4 %, 15716 MiB, 16384 MiB, 64.64 W, 62
2026/09/17 21:47:01.691, 74 %, 5 %, 15716 MiB, 16384 MiB, 74.00 W, 63
2026/09/17 21:47:02.695, 59 %, 9 %, 15716 MiB, 16384 MiB, 72.54 W, 63
2026/09/17 21:47:03.698, 79 %, 10 %, 15716 MiB, 16384 MiB, 64.86 W, 62
2026/09/17 21:47:04.705, 100 %, 8 %, 15716 MiB, 16384 MiB, 70.90 W, 63
2026/09/17 21:47:05.708, 100 %, 7 %, 15716 MiB, 16384 MiB, 69.77 W, 63
2026/09/17 21:47:06.714, 69 %, 9 %, 15716 MiB, 16384 MiB, 73.43 W, 63
2026/09/17 21:47:07.716, 79 %, 4 %, 15716 MiB, 16384 MiB, 64.58 W, 62
2026/09/17 21:47:08.719, 100 %, 7 %, 15716 MiB, 16384 MiB, 70.45 W, 62
2026/09/17 21:47:09.721, 67 %, 9 %, 15716 MiB, 16384 MiB, 70.46 W, 63
2026/09/17 21:47:10.724, 70 %, 4 %, 15716 MiB, 16384 MiB, 64.99 W, 62
2026/09/17 21:47:11.726, 100 %, 8 %, 15716 MiB, 16384 MiB, 63.77 W, 62
2026/09/17 21:47:12.728, 100 %, 8 %, 15716 MiB, 16384 MiB, 65.48 W, 62
2026/09/17 21:47:13.730, 100 %, 5 %, 15716 MiB, 16384 MiB, 66.49 W, 62
2026/09/17 21:47:14.733, 63 %, 9 %, 15716 MiB, 16384 MiB, 66.04 W, 62
2026/09/17 21:47:15.735, 2 %, 3 %, 15716 MiB, 16384 MiB, 62.68 W, 62
2026/09/17 21:47:16.737, 2 %, 3 %, 15716 MiB, 16384 MiB, 62.93 W, 62
2026/09/17 21:47:17.739, 100 %, 8 %, 15716 MiB, 16384 MiB, 64.84 W, 62
2026/09/17 21:47:18.742, 56 %, 6 %, 15716 MiB, 16384 MiB, 97.75 W, 63
2026/09/17 21:47:19.744, 100 %, 8 %, 15716 MiB, 16384 MiB, 64.49 W, 62
2026/09/17 21:47:20.747, 72 %, 9 %, 15716 MiB, 16384 MiB, 98.64 W, 63
2026/09/17 21:47:21.749, 61 %, 4 %, 15716 MiB, 16384 MiB, 111.17 W, 63
2026/09/17 21:47:22.751, 99 %, 10 %, 15716 MiB, 16384 MiB, 66.27 W, 63
2026/09/17 21:47:23.754, 33 %, 3 %, 15716 MiB, 16384 MiB, 66.58 W, 63
2026/09/17 21:47:24.757, 100 %, 8 %, 15716 MiB, 16384 MiB, 65.51 W, 63
2026/09/17 21:47:25.760, 38 %, 5 %, 15716 MiB, 16384 MiB, 74.13 W, 64
2026/09/17 21:47:26.764, 100 %, 5 %, 15716 MiB, 16384 MiB, 123.56 W, 65
2026/09/17 21:47:27.767, 100 %, 8 %, 15716 MiB, 16384 MiB, 65.67 W, 63
2026/09/17 21:47:28.771, 59 %, 4 %, 15716 MiB, 16384 MiB, 95.47 W, 63
2026/09/17 21:47:29.775, 100 %, 8 %, 15716 MiB, 16384 MiB, 64.01 W, 63
2026/09/17 21:47:30.779, 100 %, 9 %, 15716 MiB, 16384 MiB, 66.37 W, 63
2026/09/17 21:47:31.782, 100 %, 5 %, 15716 MiB, 16384 MiB, 96.40 W, 65
2026/09/17 21:47:32.786, 100 %, 10 %, 15716 MiB, 16384 MiB, 65.04 W, 63
2026/09/17 21:47:33.789, 64 %, 9 %, 15716 MiB, 16384 MiB, 66.94 W, 63
2026/09/17 21:47:34.793, 100 %, 8 %, 15716 MiB, 16384 MiB, 62.90 W, 63
2026/09/17 21:47:35.796, 100 %, 8 %, 15716 MiB, 16384 MiB, 64.41 W, 63
2026/09/17 21:47:36.799, 100 %, 8 %, 15716 MiB, 16384 MiB, 65.54 W, 63
2026/09/17 21:47:37.803, 60 %, 9 %, 15716 MiB, 16384 MiB, 65.75 W, 63
2026/09/17 21:47:38.806, 66 %, 4 %, 15716 MiB, 16384 MiB, 65.59 W, 63
2026/09/17 21:47:39.810, 90 %, 5 %, 15716 MiB, 16384 MiB, 63.66 W, 63
2026/09/17 21:47:40.813, 100 %, 8 %, 15716 MiB, 16384 MiB, 65.62 W, 63
2026/09/17 21:47:41.817, 100 %, 8 %, 15716 MiB, 16384 MiB, 65.32 W, 63
2026/09/17 21:47:42.819, 85 %, 12 %, 15716 MiB, 16384 MiB, 70.45 W, 63
2026/09/17 21:47:43.822, 83 %, 5 %, 15716 MiB, 16384 MiB, 66.33 W, 63
2026/09/17 21:47:44.824, 100 %, 6 %, 15716 MiB, 16384 MiB, 65.72 W, 63
2026/09/17 21:47:45.826, 100 %, 8 %, 15716 MiB, 16384 MiB, 65.43 W, 63
2026/09/17 21:47:46.829, 100 %, 8 %, 15716 MiB, 16384 MiB, 65.48 W, 63
2026/09/17 21:47:47.831, 61 %, 9 %, 15716 MiB, 16384 MiB, 70.68 W, 63
2026/09/17 21:47:48.834, 100 %, 8 %, 15716 MiB, 16384 MiB, 75.54 W, 63
2026/09/17 21:47:49.836, 100 %, 8 %, 15716 MiB, 16384 MiB, 73.93 W, 63
2026/09/17 21:47:50.839, 100 %, 8 %, 15716 MiB, 16384 MiB, 62.97 W, 63
2026/09/17 21:47:51.841, 61 %, 9 %, 15716 MiB, 16384 MiB, 70.54 W, 63
2026/09/17 21:47:52.843, 63 %, 9 %, 15716 MiB, 16384 MiB, 72.15 W, 63
2026/09/17 21:47:53.845, 62 %, 9 %, 15716 MiB, 16384 MiB, 70.50 W, 63
2026/09/17 21:47:54.848, 100 %, 8 %, 15716 MiB, 16384 MiB, 73.47 W, 63
2026/09/17 21:47:55.850, 100 %, 8 %, 15716 MiB, 16384 MiB, 64.97 W, 63
2026/09/17 21:47:56.852, 100 %, 7 %, 15716 MiB, 16384 MiB, 67.80 W, 63
2026/09/17 21:47:57.855, 63 %, 9 %, 15716 MiB, 16384 MiB, 64.12 W, 63
2026/09/17 21:47:58.858, 67 %, 4 %, 15716 MiB, 16384 MiB, 74.07 W, 63
2026/09/17 21:47:59.861, 100 %, 8 %, 15716 MiB, 16384 MiB, 64.66 W, 63
2026/09/17 21:48:00.864, 100 %, 8 %, 15716 MiB, 16384 MiB, 65.19 W, 63
2026/09/17 21:48:01.866, 100 %, 10 %, 15716 MiB, 16384 MiB, 71.85 W, 63
2026/09/17 21:48:02.868, 43 %, 3 %, 15716 MiB, 16384 MiB, 75.23 W, 63
2026/09/17 21:48:03.871, 82 %, 5 %, 15716 MiB, 16384 MiB, 61.73 W, 63
2026/09/17 21:48:04.873, 100 %, 8 %, 15716 MiB, 16384 MiB, 63.48 W, 63
2026/09/17 21:48:05.875, 78 %, 10 %, 15716 MiB, 16384 MiB, 70.49 W, 63
2026/09/17 21:48:06.878, 62 %, 9 %, 15716 MiB, 16384 MiB, 65.00 W, 63
2026/09/17 21:48:07.880, 49 %, 8 %, 15716 MiB, 16384 MiB, 68.99 W, 63
2026/09/17 21:48:08.882, 100 %, 8 %, 15716 MiB, 16384 MiB, 63.64 W, 63
2026/09/17 21:48:09.884, 100 %, 8 %, 15716 MiB, 16384 MiB, 64.89 W, 63
2026/09/17 21:48:10.887, 100 %, 7 %, 15716 MiB, 16384 MiB, 71.87 W, 63
2026/09/17 21:48:11.889, 63 %, 9 %, 15716 MiB, 16384 MiB, 66.35 W, 63
2026/09/17 21:48:12.891, 65 %, 9 %, 15716 MiB, 16384 MiB, 64.51 W, 63
2026/09/17 21:48:13.894, 100 %, 8 %, 15716 MiB, 16384 MiB, 63.71 W, 63
2026/09/17 21:48:14.896, 100 %, 8 %, 15716 MiB, 16384 MiB, 64.52 W, 63
2026/09/17 21:48:15.899, 100 %, 6 %, 15716 MiB, 16384 MiB, 70.25 W, 63
2026/09/17 21:48:16.902, 40 %, 8 %, 15716 MiB, 16384 MiB, 67.18 W, 63
2026/09/17 21:48:17.905, 63 %, 4 %, 15716 MiB, 16384 MiB, 73.40 W, 63
2026/09/17 21:48:18.909, 100 %, 5 %, 15716 MiB, 16384 MiB, 62.27 W, 63
2026/09/17 21:48:19.913, 100 %, 8 %, 15716 MiB, 16384 MiB, 70.24 W, 63
2026/09/17 21:48:20.915, 96 %, 10 %, 15716 MiB, 16384 MiB, 71.42 W, 63
2026/09/17 21:48:21.918, 81 %, 11 %, 15716 MiB, 16384 MiB, 66.41 W, 63
2026/09/17 21:48:22.920, 83 %, 4 %, 15716 MiB, 16384 MiB, 72.91 W, 63
2026/09/17 21:48:23.922, 100 %, 5 %, 15716 MiB, 16384 MiB, 72.97 W, 63
2026/09/17 21:48:24.926, 100 %, 8 %, 15716 MiB, 16384 MiB, 70.12 W, 63
2026/09/17 21:48:25.928, 82 %, 9 %, 15716 MiB, 16384 MiB, 70.04 W, 63
2026/09/17 21:48:26.931, 65 %, 9 %, 15716 MiB, 16384 MiB, 64.74 W, 63
2026/09/17 21:48:27.933, 100 %, 5 %, 15716 MiB, 16384 MiB, 62.10 W, 63
2026/09/17 21:48:28.935, 100 %, 8 %, 15716 MiB, 16384 MiB, 63.07 W, 62
2026/09/17 21:48:29.938, 100 %, 8 %, 15716 MiB, 16384 MiB, 64.68 W, 62
2026/09/17 21:48:30.940, 48 %, 9 %, 15716 MiB, 16384 MiB, 65.92 W, 63
2026/09/17 21:48:31.942, 34 %, 6 %, 15716 MiB, 16384 MiB, 76.64 W, 63
2026/09/17 21:48:32.946, 68 %, 4 %, 15716 MiB, 16384 MiB, 72.65 W, 63
2026/09/17 21:48:33.950, 100 %, 8 %, 15716 MiB, 16384 MiB, 64.61 W, 62
2026/09/17 21:48:34.953, 100 %, 8 %, 15716 MiB, 16384 MiB, 67.54 W, 62
2026/09/17 21:48:35.957, 92 %, 12 %, 15716 MiB, 16384 MiB, 63.90 W, 63
2026/09/17 21:48:36.960, 80 %, 4 %, 15716 MiB, 16384 MiB, 73.48 W, 62
2026/09/17 21:48:37.964, 100 %, 5 %, 15716 MiB, 16384 MiB, 73.15 W, 62
2026/09/17 21:48:38.967, 100 %, 8 %, 15716 MiB, 16384 MiB, 64.99 W, 62
2026/09/17 21:48:39.970, 97 %, 10 %, 15716 MiB, 16384 MiB, 70.25 W, 62
2026/09/17 21:48:40.974, 79 %, 9 %, 15716 MiB, 16384 MiB, 71.59 W, 62
2026/09/17 21:48:41.977, 84 %, 5 %, 15716 MiB, 16384 MiB, 74.12 W, 63
2026/09/17 21:48:42.981, 100 %, 6 %, 15716 MiB, 16384 MiB, 62.58 W, 63
2026/09/17 21:48:43.985, 100 %, 8 %, 15716 MiB, 16384 MiB, 64.98 W, 62
2026/09/17 21:48:44.989, 46 %, 9 %, 15716 MiB, 16384 MiB, 65.01 W, 63
2026/09/17 21:48:45.992, 55 %, 9 %, 15716 MiB, 16384 MiB, 64.94 W, 62
2026/09/17 21:48:46.995, 55 %, 4 %, 15716 MiB, 16384 MiB, 73.54 W, 63
2026/09/17 21:48:47.999, 100 %, 8 %, 15716 MiB, 16384 MiB, 64.82 W, 62
2026/09/17 21:48:49.002, 100 %, 8 %, 15716 MiB, 16384 MiB, 64.69 W, 62
2026/09/17 21:48:50.006, 100 %, 7 %, 15716 MiB, 16384 MiB, 64.51 W, 63
2026/09/17 21:48:51.009, 68 %, 9 %, 15716 MiB, 16384 MiB, 64.45 W, 62
2026/09/17 21:48:52.013, 77 %, 4 %, 15716 MiB, 16384 MiB, 75.06 W, 62
2026/09/17 21:48:53.016, 100 %, 8 %, 15716 MiB, 16384 MiB, 64.60 W, 62
2026/09/17 21:48:54.020, 100 %, 8 %, 15716 MiB, 16384 MiB, 64.63 W, 62
2026/09/17 21:48:55.024, 100 %, 7 %, 15716 MiB, 16384 MiB, 70.05 W, 62
2026/09/17 21:48:56.027, 62 %, 9 %, 15716 MiB, 16384 MiB, 69.31 W, 62
2026/09/17 21:48:57.031, 57 %, 5 %, 15716 MiB, 16384 MiB, 69.97 W, 62
2026/09/17 21:48:58.034, 100 %, 8 %, 15716 MiB, 16384 MiB, 63.11 W, 63
2026/09/17 21:48:59.038, 94 %, 10 %, 15716 MiB, 16384 MiB, 70.11 W, 62
2026/09/17 21:49:00.041, 58 %, 9 %, 15716 MiB, 16384 MiB, 65.93 W, 62
2026/09/17 21:49:01.045, 38 %, 8 %, 15716 MiB, 16384 MiB, 64.12 W, 62
2026/09/17 21:49:02.048, 100 %, 8 %, 15716 MiB, 16384 MiB, 64.29 W, 63
2026/09/17 21:49:03.052, 100 %, 8 %, 15716 MiB, 16384 MiB, 64.75 W, 62
2026/09/17 21:49:04.056, 100 %, 7 %, 15716 MiB, 16384 MiB, 70.32 W, 62
2026/09/17 21:49:05.060, 67 %, 9 %, 15716 MiB, 16384 MiB, 67.48 W, 62
2026/09/17 21:49:06.063, 66 %, 9 %, 15716 MiB, 16384 MiB, 64.54 W, 63
2026/09/17 21:49:07.067, 100 %, 8 %, 15716 MiB, 16384 MiB, 64.01 W, 63
2026/09/17 21:49:08.070, 100 %, 8 %, 15716 MiB, 16384 MiB, 64.65 W, 62
2026/09/17 21:49:09.074, 100 %, 8 %, 15716 MiB, 16384 MiB, 64.80 W, 62
2026/09/17 21:49:10.077, 47 %, 9 %, 15716 MiB, 16384 MiB, 64.57 W, 63
2026/09/17 21:49:11.081, 1 %, 2 %, 15716 MiB, 16384 MiB, 62.78 W, 62
2026/09/17 21:49:12.084, 1 %, 3 %, 15716 MiB, 16384 MiB, 63.32 W, 62
2026/09/17 21:49:13.088, 100 %, 8 %, 15716 MiB, 16384 MiB, 64.97 W, 62
2026/09/17 21:49:14.091, 100 %, 12 %, 15716 MiB, 16384 MiB, 64.31 W, 63
2026/09/17 21:49:15.095, 100 %, 5 %, 15716 MiB, 16384 MiB, 62.09 W, 64
2026/09/17 21:49:16.098, 100 %, 8 %, 15716 MiB, 16384 MiB, 79.82 W, 63
2026/09/17 21:49:17.101, 47 %, 8 %, 15716 MiB, 16384 MiB, 70.49 W, 63
2026/09/17 21:49:18.104, 100 %, 8 %, 15716 MiB, 16384 MiB, 64.93 W, 63
2026/09/17 21:49:19.108, 70 %, 9 %, 15716 MiB, 16384 MiB, 65.37 W, 63
2026/09/17 21:49:20.111, 66 %, 4 %, 15716 MiB, 16384 MiB, 111.53 W, 63
2026/09/17 21:49:21.115, 100 %, 11 %, 15716 MiB, 16384 MiB, 99.72 W, 63
2026/09/17 21:49:22.118, 58 %, 6 %, 15716 MiB, 16384 MiB, 83.82 W, 63
2026/09/17 21:49:23.122, 100 %, 5 %, 15716 MiB, 16384 MiB, 62.30 W, 64
2026/09/17 21:49:24.126, 67 %, 9 %, 15716 MiB, 16384 MiB, 65.45 W, 64
2026/09/17 21:49:25.129, 70 %, 4 %, 15716 MiB, 16384 MiB, 100.14 W, 64
2026/09/17 21:49:26.133, 100 %, 8 %, 15716 MiB, 16384 MiB, 65.21 W, 63
2026/09/17 21:49:27.136, 37 %, 3 %, 15716 MiB, 16384 MiB, 119.53 W, 63
2026/09/17 21:49:28.140, 94 %, 5 %, 15716 MiB, 16384 MiB, 63.03 W, 63
2026/09/17 21:49:29.143, 100 %, 8 %, 15716 MiB, 16384 MiB, 65.16 W, 63
2026/09/17 21:49:30.146, 57 %, 9 %, 15716 MiB, 16384 MiB, 65.22 W, 63
2026/09/17 21:49:31.150, 61 %, 10 %, 15716 MiB, 16384 MiB, 65.32 W, 63
2026/09/17 21:49:32.154, 70 %, 4 %, 15716 MiB, 16384 MiB, 74.78 W, 63
2026/09/17 21:49:33.158, 100 %, 8 %, 15716 MiB, 16384 MiB, 66.11 W, 63
2026/09/17 21:49:34.161, 100 %, 8 %, 15716 MiB, 16384 MiB, 64.88 W, 63
2026/09/17 21:49:35.165, 98 %, 12 %, 15716 MiB, 16384 MiB, 64.83 W, 63
2026/09/17 21:49:36.170, 69 %, 9 %, 15716 MiB, 16384 MiB, 64.59 W, 63
2026/09/17 21:49:37.173, 71 %, 4 %, 15716 MiB, 16384 MiB, 74.36 W, 63
2026/09/17 21:49:38.177, 100 %, 8 %, 15716 MiB, 16384 MiB, 65.07 W, 63
2026/09/17 21:49:39.179, 100 %, 8 %, 15716 MiB, 16384 MiB, 65.08 W, 63
2026/09/17 21:49:40.182, 100 %, 10 %, 15716 MiB, 16384 MiB, 70.56 W, 63
2026/09/17 21:49:41.184, 68 %, 4 %, 15716 MiB, 16384 MiB, 76.20 W, 63
2026/09/17 21:49:42.187, 74 %, 5 %, 15716 MiB, 16384 MiB, 63.19 W, 63
2026/09/17 21:49:43.189, 100 %, 8 %, 15716 MiB, 16384 MiB, 64.37 W, 63
2026/09/17 21:49:44.191, 84 %, 10 %, 15716 MiB, 16384 MiB, 70.39 W, 63
2026/09/17 21:49:45.194, 50 %, 9 %, 15716 MiB, 16384 MiB, 64.93 W, 63
2026/09/17 21:49:46.196, 56 %, 9 %, 15716 MiB, 16384 MiB, 68.97 W, 63
2026/09/17 21:49:47.198, 100 %, 8 %, 15716 MiB, 16384 MiB, 63.40 W, 63
2026/09/17 21:49:48.200, 100 %, 8 %, 15716 MiB, 16384 MiB, 64.86 W, 63
2026/09/17 21:49:49.203, 100 %, 7 %, 15716 MiB, 16384 MiB, 70.44 W, 63
2026/09/17 21:49:50.205, 66 %, 9 %, 15716 MiB, 16384 MiB, 64.38 W, 63
2026/09/17 21:49:51.207, 67 %, 4 %, 15716 MiB, 16384 MiB, 69.24 W, 63
2026/09/17 21:49:52.210, 100 %, 8 %, 15716 MiB, 16384 MiB, 66.24 W, 63
2026/09/17 21:49:53.212, 100 %, 8 %, 15716 MiB, 16384 MiB, 66.11 W, 63
2026/09/17 21:49:54.216, 96 %, 10 %, 15716 MiB, 16384 MiB, 70.08 W, 63
2026/09/17 21:49:55.219, 64 %, 4 %, 15716 MiB, 16384 MiB, 75.40 W, 63
2026/09/17 21:49:56.222, 76 %, 5 %, 15716 MiB, 16384 MiB, 72.93 W, 63
2026/09/17 21:49:57.226, 100 %, 8 %, 15716 MiB, 16384 MiB, 62.59 W, 63
2026/09/17 21:49:58.229, 100 %, 6 %, 15716 MiB, 16384 MiB, 70.51 W, 63
2026/09/17 21:49:59.233, 72 %, 10 %, 15716 MiB, 16384 MiB, 70.29 W, 63
2026/09/17 21:50:00.236, 48 %, 8 %, 15716 MiB, 16384 MiB, 69.42 W, 63
2026/09/17 21:50:01.239, 100 %, 8 %, 15716 MiB, 16384 MiB, 73.61 W, 63
2026/09/17 21:50:02.243, 100 %, 8 %, 15716 MiB, 16384 MiB, 63.52 W, 63
2026/09/17 21:50:03.246, 100 %, 8 %, 15716 MiB, 16384 MiB, 70.35 W, 63
2026/09/17 21:50:04.250, 71 %, 9 %, 15716 MiB, 16384 MiB, 70.27 W, 63
2026/09/17 21:50:05.254, 63 %, 9 %, 15716 MiB, 16384 MiB, 65.64 W, 63
2026/09/17 21:50:06.257, 100 %, 7 %, 15716 MiB, 16384 MiB, 62.53 W, 63
2026/09/17 21:50:07.261, 100 %, 8 %, 15716 MiB, 16384 MiB, 64.29 W, 63
2026/09/17 21:50:08.264, 100 %, 8 %, 15716 MiB, 16384 MiB, 65.09 W, 62
2026/09/17 21:50:09.267, 53 %, 9 %, 15716 MiB, 16384 MiB, 64.94 W, 63
2026/09/17 21:50:10.271, 19 %, 8 %, 15716 MiB, 16384 MiB, 64.76 W, 63
2026/09/17 21:50:11.274, 71 %, 4 %, 15716 MiB, 16384 MiB, 73.37 W, 63
2026/09/17 21:50:12.278, 100 %, 8 %, 15716 MiB, 16384 MiB, 66.46 W, 63
2026/09/17 21:50:13.281, 100 %, 10 %, 15716 MiB, 16384 MiB, 71.01 W, 63
2026/09/17 21:50:14.285, 79 %, 11 %, 15716 MiB, 16384 MiB, 64.09 W, 63
2026/09/17 21:50:15.288, 80 %, 4 %, 15716 MiB, 16384 MiB, 73.90 W, 62
2026/09/17 21:50:16.292, 100 %, 5 %, 15716 MiB, 16384 MiB, 72.82 W, 62
2026/09/17 21:50:17.295, 100 %, 8 %, 15716 MiB, 16384 MiB, 64.55 W, 62
2026/09/17 21:50:18.299, 99 %, 10 %, 15716 MiB, 16384 MiB, 70.22 W, 63
2026/09/17 21:50:19.302, 74 %, 9 %, 15716 MiB, 16384 MiB, 70.21 W, 63
2026/09/17 21:50:20.305, 87 %, 5 %, 15716 MiB, 16384 MiB, 75.07 W, 63
2026/09/17 21:50:21.309, 100 %, 5 %, 15716 MiB, 16384 MiB, 73.84 W, 63
2026/09/17 21:50:22.312, 100 %, 8 %, 15716 MiB, 16384 MiB, 62.86 W, 63
2026/09/17 21:50:23.316, 95 %, 10 %, 15716 MiB, 16384 MiB, 70.40 W, 63
2026/09/17 21:50:24.319, 48 %, 9 %, 15716 MiB, 16384 MiB, 65.09 W, 63
2026/09/17 21:50:25.323, 53 %, 9 %, 15716 MiB, 16384 MiB, 65.54 W, 63
2026/09/17 21:50:26.326, 100 %, 8 %, 15716 MiB, 16384 MiB, 63.84 W, 63
2026/09/17 21:50:27.330, 100 %, 8 %, 15716 MiB, 16384 MiB, 64.57 W, 63
2026/09/17 21:50:28.334, 100 %, 7 %, 15716 MiB, 16384 MiB, 70.00 W, 62
2026/09/17 21:50:29.337, 68 %, 9 %, 15716 MiB, 16384 MiB, 64.78 W, 63
2026/09/17 21:50:30.341, 66 %, 9 %, 15716 MiB, 16384 MiB, 64.44 W, 63
2026/09/17 21:50:31.344, 100 %, 8 %, 15716 MiB, 16384 MiB, 64.18 W, 63
2026/09/17 21:50:32.348, 100 %, 8 %, 15716 MiB, 16384 MiB, 65.95 W, 62
2026/09/17 21:50:33.351, 100 %, 8 %, 15716 MiB, 16384 MiB, 64.60 W, 62
2026/09/17 21:50:34.354, 61 %, 9 %, 15716 MiB, 16384 MiB, 64.64 W, 63
2026/09/17 21:50:35.358, 63 %, 9 %, 15716 MiB, 16384 MiB, 64.67 W, 62
2026/09/17 21:50:36.362, 63 %, 5 %, 15716 MiB, 16384 MiB, 72.92 W, 63
2026/09/17 21:50:37.366, 100 %, 8 %, 15716 MiB, 16384 MiB, 64.52 W, 62
2026/09/17 21:50:38.368, 88 %, 10 %, 15716 MiB, 16384 MiB, 70.10 W, 62
2026/09/17 21:50:39.372, 61 %, 8 %, 15716 MiB, 16384 MiB, 69.74 W, 62
2026/09/17 21:50:40.375, 100 %, 5 %, 15716 MiB, 16384 MiB, 73.88 W, 62
2026/09/17 21:50:41.378, 100 %, 8 %, 15716 MiB, 16384 MiB, 63.33 W, 63
2026/09/17 21:50:42.382, 100 %, 7 %, 15716 MiB, 16384 MiB, 69.90 W, 62
2026/09/17 21:50:43.385, 69 %, 9 %, 15716 MiB, 16384 MiB, 70.14 W, 62
2026/09/17 21:50:44.390, 68 %, 9 %, 15716 MiB, 16384 MiB, 66.30 W, 62
2026/09/17 21:50:45.395, 100 %, 8 %, 15716 MiB, 16384 MiB, 61.78 W, 62
2026/09/17 21:50:46.399, 100 %, 8 %, 15716 MiB, 16384 MiB, 63.36 W, 62
2026/09/17 21:50:47.402, 100 %, 8 %, 15716 MiB, 16384 MiB, 64.05 W, 62
2026/09/17 21:50:48.404, 53 %, 9 %, 15716 MiB, 16384 MiB, 64.44 W, 62
2026/09/17 21:50:49.406, 52 %, 9 %, 15716 MiB, 16384 MiB, 64.84 W, 63
2026/09/17 21:50:50.409, 57 %, 4 %, 15716 MiB, 16384 MiB, 73.35 W, 63
2026/09/17 21:50:51.411, 100 %, 8 %, 15716 MiB, 16384 MiB, 65.79 W, 62
2026/09/17 21:50:52.413, 100 %, 5 %, 15716 MiB, 16384 MiB, 65.49 W, 62
2026/09/17 21:50:53.416, 80 %, 11 %, 15716 MiB, 16384 MiB, 63.00 W, 63
2026/09/17 21:50:54.418, 97 %, 5 %, 15716 MiB, 16384 MiB, 72.88 W, 62
2026/09/17 21:50:55.423, 100 %, 8 %, 15716 MiB, 16384 MiB, 68.43 W, 62
2026/09/17 21:50:56.425, 100 %, 8 %, 15716 MiB, 16384 MiB, 69.84 W, 62
2026/09/17 21:50:57.428, 85 %, 10 %, 15716 MiB, 16384 MiB, 69.89 W, 62
2026/09/17 21:50:58.430, 69 %, 9 %, 15716 MiB, 16384 MiB, 70.11 W, 62
2026/09/17 21:50:59.432, 89 %, 5 %, 15716 MiB, 16384 MiB, 74.36 W, 62
2026/09/17 21:51:00.435, 100 %, 8 %, 15716 MiB, 16384 MiB, 74.21 W, 62
2026/09/17 21:51:01.437, 100 %, 8 %, 15716 MiB, 16384 MiB, 63.29 W, 63
2026/09/17 21:51:02.440, 82 %, 10 %, 15716 MiB, 16384 MiB, 70.14 W, 62
2026/09/17 21:51:03.442, 57 %, 9 %, 15716 MiB, 16384 MiB, 70.10 W, 62
2026/09/17 21:51:04.444, 55 %, 9 %, 15716 MiB, 16384 MiB, 68.47 W, 62
2026/09/17 21:51:05.447, 100 %, 8 %, 15716 MiB, 16384 MiB, 62.69 W, 63
2026/09/17 21:51:06.450, 2 %, 3 %, 15716 MiB, 16384 MiB, 62.03 W, 62
2026/09/17 21:51:07.453, 2 %, 3 %, 15716 MiB, 16384 MiB, 62.14 W, 63
2026/09/17 21:51:08.456, 49 %, 8 %, 15716 MiB, 16384 MiB, 64.49 W, 63
2026/09/17 21:51:09.460, 100 %, 8 %, 15716 MiB, 16384 MiB, 64.88 W, 62
2026/09/17 21:51:10.464, 61 %, 8 %, 15716 MiB, 16384 MiB, 75.86 W, 63
2026/09/17 21:51:11.468, 96 %, 5 %, 15716 MiB, 16384 MiB, 99.44 W, 63
2026/09/17 21:51:12.472, 100 %, 7 %, 15716 MiB, 16384 MiB, 99.76 W, 63
2026/09/17 21:51:13.476, 64 %, 4 %, 15716 MiB, 16384 MiB, 123.16 W, 63
2026/09/17 21:51:14.479, 100 %, 8 %, 15716 MiB, 16384 MiB, 64.38 W, 63
2026/09/17 21:51:15.482, 96 %, 9 %, 15716 MiB, 16384 MiB, 81.24 W, 63
2026/09/17 21:51:16.486, 100 %, 8 %, 15716 MiB, 16384 MiB, 62.25 W, 64
2026/09/17 21:51:17.489, 100 %, 8 %, 15716 MiB, 16384 MiB, 64.97 W, 63
2026/09/17 21:51:18.492, 46 %, 8 %, 15716 MiB, 16384 MiB, 80.27 W, 63
2026/09/17 21:51:19.496, 100 %, 8 %, 15716 MiB, 16384 MiB, 66.14 W, 63
2026/09/17 21:51:20.499, 85 %, 10 %, 15716 MiB, 16384 MiB, 97.77 W, 63
2026/09/17 21:51:21.503, 51 %, 4 %, 15716 MiB, 16384 MiB, 129.53 W, 63
2026/09/17 21:51:22.507, 100 %, 10 %, 15716 MiB, 16384 MiB, 91.04 W, 63
2026/09/17 21:51:23.513, 2 %, 3 %, 15716 MiB, 16384 MiB, 75.49 W, 63
2026/09/17 21:51:24.515, 91 %, 5 %, 15716 MiB, 16384 MiB, 72.58 W, 63
2026/09/17 21:51:25.518, 100 %, 8 %, 15716 MiB, 16384 MiB, 64.83 W, 63
2026/09/17 21:51:26.520, 85 %, 10 %, 15716 MiB, 16384 MiB, 69.90 W, 63
2026/09/17 21:51:27.524, 62 %, 8 %, 15716 MiB, 16384 MiB, 69.17 W, 63
2026/09/17 21:51:28.528, 93 %, 5 %, 15716 MiB, 16384 MiB, 73.29 W, 63
2026/09/17 21:51:29.532, 100 %, 6 %, 15716 MiB, 16384 MiB, 72.52 W, 63
2026/09/17 21:51:30.536, 100 %, 5 %, 15716 MiB, 16384 MiB, 65.08 W, 63
2026/09/17 21:51:31.539, 100 %, 8 %, 15716 MiB, 16384 MiB, 71.85 W, 63
2026/09/17 21:51:32.542, 100 %, 8 %, 15716 MiB, 16384 MiB, 70.93 W, 63
2026/09/17 21:51:33.545, 53 %, 9 %, 15716 MiB, 16384 MiB, 72.95 W, 63
2026/09/17 21:51:34.548, 51 %, 9 %, 15716 MiB, 16384 MiB, 62.90 W, 63
2026/09/17 21:51:35.550, 54 %, 4 %, 15716 MiB, 16384 MiB, 64.73 W, 63
2026/09/17 21:51:36.553, 100 %, 8 %, 15716 MiB, 16384 MiB, 65.18 W, 63
2026/09/17 21:51:37.555, 96 %, 11 %, 15716 MiB, 16384 MiB, 65.21 W, 63
2026/09/17 21:51:38.559, 77 %, 11 %, 15716 MiB, 16384 MiB, 73.71 W, 63
2026/09/17 21:51:39.562, 90 %, 5 %, 15716 MiB, 16384 MiB, 66.22 W, 63
2026/09/17 21:51:40.565, 100 %, 8 %, 15716 MiB, 16384 MiB, 71.79 W, 63
2026/09/17 21:51:41.568, 100 %, 7 %, 15716 MiB, 16384 MiB, 64.13 W, 63
2026/09/17 21:51:42.571, 85 %, 10 %, 15716 MiB, 16384 MiB, 74.44 W, 63
2026/09/17 21:51:43.574, 68 %, 9 %, 15716 MiB, 16384 MiB, 73.07 W, 63
2026/09/17 21:51:44.577, 97 %, 5 %, 15716 MiB, 16384 MiB, 64.63 W, 63
2026/09/17 21:51:45.580, 100 %, 8 %, 15716 MiB, 16384 MiB, 70.01 W, 63
2026/09/17 21:51:46.583, 100 %, 8 %, 15716 MiB, 16384 MiB, 70.46 W, 63
2026/09/17 21:51:47.586, 55 %, 9 %, 15716 MiB, 16384 MiB, 73.29 W, 63
2026/09/17 21:51:48.588, 70 %, 9 %, 15716 MiB, 16384 MiB, 62.94 W, 63
2026/09/17 21:51:49.591, 46 %, 9 %, 15716 MiB, 16384 MiB, 63.86 W, 63
2026/09/17 21:51:50.594, 100 %, 8 %, 15716 MiB, 16384 MiB, 71.92 W, 63
2026/09/17 21:51:51.598, 100 %, 8 %, 15716 MiB, 16384 MiB, 66.81 W, 63
2026/09/17 21:51:52.601, 100 %, 7 %, 15716 MiB, 16384 MiB, 67.48 W, 63
2026/09/17 21:51:53.604, 66 %, 9 %, 15716 MiB, 16384 MiB, 64.28 W, 63
2026/09/17 21:51:54.606, 86 %, 5 %, 15716 MiB, 16384 MiB, 64.87 W, 63
2026/09/17 21:51:55.609, 100 %, 8 %, 15716 MiB, 16384 MiB, 65.08 W, 63
2026/09/17 21:51:56.614, 100 %, 8 %, 15716 MiB, 16384 MiB, 64.33 W, 63
2026/09/17 21:51:57.616, 82 %, 9 %, 15716 MiB, 16384 MiB, 74.14 W, 63
2026/09/17 21:51:58.621, 73 %, 4 %, 15716 MiB, 16384 MiB, 64.85 W, 63
2026/09/17 21:51:59.626, 100 %, 5 %, 15716 MiB, 16384 MiB, 66.22 W, 63
2026/09/17 21:52:00.630, 100 %, 8 %, 15716 MiB, 16384 MiB, 65.93 W, 63
2026/09/17 21:52:01.635, 89 %, 10 %, 15716 MiB, 16384 MiB, 73.78 W, 63
2026/09/17 21:52:02.639, 67 %, 9 %, 15716 MiB, 16384 MiB, 73.84 W, 63
2026/09/17 21:52:03.644, 44 %, 8 %, 15716 MiB, 16384 MiB, 61.61 W, 63
2026/09/17 21:52:04.647, 100 %, 8 %, 15716 MiB, 16384 MiB, 64.94 W, 63
2026/09/17 21:52:05.649, 100 %, 8 %, 15716 MiB, 16384 MiB, 70.45 W, 63
2026/09/17 21:52:06.652, 100 %, 7 %, 15716 MiB, 16384 MiB, 68.81 W, 63
2026/09/17 21:52:07.655, 67 %, 9 %, 15716 MiB, 16384 MiB, 73.01 W, 63
2026/09/17 21:52:08.658, 68 %, 9 %, 15716 MiB, 16384 MiB, 63.17 W, 63
2026/09/17 21:52:09.662, 100 %, 8 %, 15716 MiB, 16384 MiB, 71.59 W, 63
2026/09/17 21:52:10.665, 100 %, 8 %, 15716 MiB, 16384 MiB, 71.37 W, 63
2026/09/17 21:52:11.669, 100 %, 8 %, 15716 MiB, 16384 MiB, 70.50 W, 63
2026/09/17 21:52:12.673, 49 %, 9 %, 15716 MiB, 16384 MiB, 62.80 W, 63
2026/09/17 21:52:13.676, 64 %, 9 %, 15716 MiB, 16384 MiB, 63.84 W, 63
2026/09/17 21:52:14.679, 54 %, 4 %, 15716 MiB, 16384 MiB, 64.58 W, 63
2026/09/17 21:52:15.683, 100 %, 8 %, 15716 MiB, 16384 MiB, 66.39 W, 63
2026/09/17 21:52:16.686, 100 %, 8 %, 15716 MiB, 16384 MiB, 65.17 W, 63
2026/09/17 21:52:17.689, 100 %, 7 %, 15716 MiB, 16384 MiB, 63.17 W, 63
2026/09/17 21:52:18.693, 71 %, 13 %, 15716 MiB, 16384 MiB, 64.95 W, 63
2026/09/17 21:52:19.696, 88 %, 5 %, 15716 MiB, 16384 MiB, 66.12 W, 62
2026/09/17 21:52:20.700, 100 %, 8 %, 15716 MiB, 16384 MiB, 70.15 W, 63
2026/09/17 21:52:21.703, 100 %, 8 %, 15716 MiB, 16384 MiB, 64.72 W, 63
2026/09/17 21:52:22.707, 93 %, 10 %, 15716 MiB, 16384 MiB, 63.19 W, 63
2026/09/17 21:52:23.710, 75 %, 4 %, 15716 MiB, 16384 MiB, 64.62 W, 62
2026/09/17 21:52:24.713, 94 %, 5 %, 15716 MiB, 16384 MiB, 64.59 W, 62
2026/09/17 21:52:25.717, 100 %, 8 %, 15716 MiB, 16384 MiB, 64.78 W, 62
2026/09/17 21:52:26.720, 100 %, 5 %, 15716 MiB, 16384 MiB, 64.96 W, 63
2026/09/17 21:52:27.724, 88 %, 10 %, 15716 MiB, 16384 MiB, 71.24 W, 62
2026/09/17 21:52:28.727, 65 %, 8 %, 15716 MiB, 16384 MiB, 73.06 W, 63
2026/09/17 21:52:29.730, 99 %, 5 %, 15716 MiB, 16384 MiB, 66.13 W, 62
2026/09/17 21:52:30.734, 100 %, 8 %, 15716 MiB, 16384 MiB, 70.52 W, 63
2026/09/17 21:52:31.738, 100 %, 7 %, 15716 MiB, 16384 MiB, 67.03 W, 62
2026/09/17 21:52:32.741, 71 %, 13 %, 15716 MiB, 16384 MiB, 64.88 W, 63
2026/09/17 21:52:33.745, 62 %, 9 %, 15716 MiB, 16384 MiB, 73.22 W, 63
2026/09/17 21:52:34.748, 100 %, 8 %, 15716 MiB, 16384 MiB, 65.14 W, 62
2026/09/17 21:52:35.751, 100 %, 8 %, 15716 MiB, 16384 MiB, 65.38 W, 62
2026/09/17 21:52:36.755, 100 %, 8 %, 15716 MiB, 16384 MiB, 70.60 W, 63
2026/09/17 21:52:37.758, 66 %, 9 %, 15716 MiB, 16384 MiB, 73.76 W, 62
2026/09/17 21:52:38.761, 59 %, 5 %, 15716 MiB, 16384 MiB, 72.93 W, 63
2026/09/17 21:52:39.764, 78 %, 5 %, 15716 MiB, 16384 MiB, 62.41 W, 62
2026/09/17 21:52:40.767, 100 %, 8 %, 15716 MiB, 16384 MiB, 66.78 W, 63
2026/09/17 21:52:41.770, 100 %, 8 %, 15716 MiB, 16384 MiB, 70.48 W, 63
2026/09/17 21:52:42.775, 92 %, 12 %, 15716 MiB, 16384 MiB, 68.82 W, 63
2026/09/17 21:52:43.778, 66 %, 8 %, 15716 MiB, 16384 MiB, 72.96 W, 63
2026/09/17 21:52:44.780, 84 %, 5 %, 15716 MiB, 16384 MiB, 62.63 W, 62
2026/09/17 21:52:45.783, 100 %, 8 %, 15716 MiB, 16384 MiB, 69.88 W, 62
2026/09/17 21:52:46.786, 100 %, 15 %, 15716 MiB, 16384 MiB, 69.87 W, 63
2026/09/17 21:52:47.788, 62 %, 9 %, 15716 MiB, 16384 MiB, 63.81 W, 62
2026/09/17 21:52:48.791, 100 %, 5 %, 15716 MiB, 16384 MiB, 64.04 W, 62
2026/09/17 21:52:49.793, 100 %, 8 %, 15716 MiB, 16384 MiB, 64.59 W, 63
2026/09/17 21:52:50.796, 100 %, 8 %, 15716 MiB, 16384 MiB, 65.61 W, 62
2026/09/17 21:52:51.800, 60 %, 9 %, 15716 MiB, 16384 MiB, 65.81 W, 63
2026/09/17 21:52:52.803, 53 %, 9 %, 15716 MiB, 16384 MiB, 74.87 W, 62
2026/09/17 21:52:53.806, 53 %, 7 %, 15716 MiB, 16384 MiB, 72.63 W, 63
2026/09/17 21:52:54.809, 100 %, 8 %, 15716 MiB, 16384 MiB, 64.55 W, 62
2026/09/17 21:52:55.812, 100 %, 8 %, 15716 MiB, 16384 MiB, 64.93 W, 62
2026/09/17 21:52:56.816, 100 %, 7 %, 15716 MiB, 16384 MiB, 63.94 W, 62
2026/09/17 21:52:57.819, 64 %, 9 %, 15716 MiB, 16384 MiB, 73.74 W, 62
2026/09/17 21:52:58.822, 67 %, 8 %, 15716 MiB, 16384 MiB, 73.36 W, 63
2026/09/17 21:52:59.825, 100 %, 8 %, 15716 MiB, 16384 MiB, 66.39 W, 62
2026/09/17 21:53:00.828, 56 %, 4 %, 15716 MiB, 16384 MiB, 62.70 W, 62
2026/09/17 21:53:01.831, 2 %, 3 %, 15716 MiB, 16384 MiB, 62.51 W, 62
2026/09/17 21:53:02.835, 100 %, 9 %, 15716 MiB, 16384 MiB, 78.90 W, 63
2026/09/17 21:53:03.838, 100 %, 8 %, 15716 MiB, 16384 MiB, 64.57 W, 62
2026/09/17 21:53:04.841, 75 %, 9 %, 15716 MiB, 16384 MiB, 66.32 W, 63
2026/09/17 21:53:05.845, 54 %, 4 %, 15716 MiB, 16384 MiB, 62.13 W, 62
2026/09/17 21:53:06.848, 100 %, 8 %, 15716 MiB, 16384 MiB, 65.80 W, 63
2026/09/17 21:53:07.852, 50 %, 3 %, 15716 MiB, 16384 MiB, 105.27 W, 64
2026/09/17 21:53:08.855, 100 %, 7 %, 15716 MiB, 16384 MiB, 65.40 W, 63
2026/09/17 21:53:09.859, 100 %, 10 %, 15716 MiB, 16384 MiB, 97.80 W, 63
2026/09/17 21:53:10.862, 77 %, 5 %, 15716 MiB, 16384 MiB, 64.17 W, 63
2026/09/17 21:53:11.865, 100 %, 8 %, 15716 MiB, 16384 MiB, 65.79 W, 63
2026/09/17 21:53:12.869, 88 %, 9 %, 15716 MiB, 16384 MiB, 65.41 W, 63
2026/09/17 21:53:13.872, 100 %, 8 %, 15716 MiB, 16384 MiB, 65.40 W, 63
2026/09/17 21:53:14.876, 100 %, 8 %, 15716 MiB, 16384 MiB, 98.49 W, 64
2026/09/17 21:53:15.879, 56 %, 6 %, 15716 MiB, 16384 MiB, 125.37 W, 64
2026/09/17 21:53:16.883, 100 %, 8 %, 15716 MiB, 16384 MiB, 85.62 W, 63
2026/09/17 21:53:17.886, 73 %, 12 %, 15716 MiB, 16384 MiB, 70.11 W, 63
2026/09/17 21:53:18.890, 87 %, 5 %, 15716 MiB, 16384 MiB, 64.84 W, 63
2026/09/17 21:53:19.893, 100 %, 8 %, 15716 MiB, 16384 MiB, 66.66 W, 63
2026/09/17 21:53:20.897, 100 %, 8 %, 15716 MiB, 16384 MiB, 70.84 W, 63
2026/09/17 21:53:21.900, 95 %, 10 %, 15716 MiB, 16384 MiB, 70.91 W, 63
2026/09/17 21:53:22.903, 54 %, 3 %, 15716 MiB, 16384 MiB, 73.42 W, 63
2026/09/17 21:53:23.907, 82 %, 5 %, 15716 MiB, 16384 MiB, 62.82 W, 63
2026/09/17 21:53:24.911, 95 %, 5 %, 15716 MiB, 16384 MiB, 64.02 W, 63
2026/09/17 21:53:25.915, 100 %, 9 %, 15716 MiB, 16384 MiB, 70.68 W, 63
2026/09/17 21:53:26.918, 85 %, 10 %, 15716 MiB, 16384 MiB, 65.34 W, 63
2026/09/17 21:53:27.922, 56 %, 8 %, 15716 MiB, 16384 MiB, 63.73 W, 63
2026/09/17 21:53:28.926, 100 %, 5 %, 15716 MiB, 16384 MiB, 66.01 W, 63
2026/09/17 21:53:29.929, 100 %, 8 %, 15716 MiB, 16384 MiB, 66.44 W, 63
2026/09/17 21:53:30.932, 100 %, 7 %, 15716 MiB, 16384 MiB, 70.62 W, 63
2026/09/17 21:53:31.938, 70 %, 12 %, 15716 MiB, 16384 MiB, 64.49 W, 63
2026/09/17 21:53:32.940, 62 %, 9 %, 15716 MiB, 16384 MiB, 73.56 W, 63
2026/09/17 21:53:33.944, 100 %, 8 %, 15716 MiB, 16384 MiB, 65.30 W, 63
2026/09/17 21:53:34.947, 100 %, 8 %, 15716 MiB, 16384 MiB, 64.64 W, 63
2026/09/17 21:53:35.949, 100 %, 8 %, 15716 MiB, 16384 MiB, 65.10 W, 63
2026/09/17 21:53:36.952, 48 %, 9 %, 15716 MiB, 16384 MiB, 75.14 W, 63
2026/09/17 21:53:37.954, 58 %, 9 %, 15716 MiB, 16384 MiB, 74.43 W, 63
2026/09/17 21:53:38.957, 72 %, 4 %, 15716 MiB, 16384 MiB, 74.61 W, 63
2026/09/17 21:53:39.959, 100 %, 8 %, 15716 MiB, 16384 MiB, 71.62 W, 63
2026/09/17 21:53:40.961, 100 %, 8 %, 15716 MiB, 16384 MiB, 70.67 W, 63
2026/09/17 21:53:41.964, 92 %, 12 %, 15716 MiB, 16384 MiB, 69.18 W, 63
2026/09/17 21:53:42.966, 70 %, 4 %, 15716 MiB, 16384 MiB, 73.11 W, 63
2026/09/17 21:53:43.968, 99 %, 6 %, 15716 MiB, 16384 MiB, 64.07 W, 63
2026/09/17 21:53:44.970, 100 %, 8 %, 15716 MiB, 16384 MiB, 70.32 W, 63
2026/09/17 21:53:45.973, 100 %, 14 %, 15716 MiB, 16384 MiB, 70.79 W, 63
2026/09/17 21:53:46.975, 62 %, 9 %, 15716 MiB, 16384 MiB, 64.57 W, 63
2026/09/17 21:53:47.978, 100 %, 5 %, 15716 MiB, 16384 MiB, 64.27 W, 63
2026/09/17 21:53:48.981, 100 %, 8 %, 15716 MiB, 16384 MiB, 66.62 W, 63
2026/09/17 21:53:49.984, 100 %, 8 %, 15716 MiB, 16384 MiB, 66.31 W, 63
2026/09/17 21:53:50.988, 63 %, 9 %, 15716 MiB, 16384 MiB, 65.19 W, 63
2026/09/17 21:53:51.991, 47 %, 9 %, 15716 MiB, 16384 MiB, 64.99 W, 63
2026/09/17 21:53:52.995, 52 %, 9 %, 15716 MiB, 16384 MiB, 73.36 W, 63
2026/09/17 21:53:53.998, 100 %, 8 %, 15716 MiB, 16384 MiB, 64.98 W, 63
2026/09/17 21:53:55.001, 100 %, 8 %, 15716 MiB, 16384 MiB, 65.12 W, 63
2026/09/17 21:53:56.005, 100 %, 7 %, 15716 MiB, 16384 MiB, 64.17 W, 63
2026/09/17 21:53:57.008, 62 %, 9 %, 15716 MiB, 16384 MiB, 73.72 W, 63
2026/09/17 21:53:58.011, 71 %, 4 %, 15716 MiB, 16384 MiB, 72.98 W, 63
2026/09/17 21:53:59.015, 100 %, 8 %, 15716 MiB, 16384 MiB, 65.92 W, 63
2026/09/17 21:54:00.018, 100 %, 8 %, 15716 MiB, 16384 MiB, 66.23 W, 63
2026/09/17 21:54:01.022, 86 %, 9 %, 15716 MiB, 16384 MiB, 70.49 W, 63
2026/09/17 21:54:02.025, 73 %, 4 %, 15716 MiB, 16384 MiB, 61.85 W, 63
2026/09/17 21:54:03.029, 100 %, 5 %, 15716 MiB, 16384 MiB, 63.99 W, 63
2026/09/17 21:54:04.032, 100 %, 8 %, 15716 MiB, 16384 MiB, 64.89 W, 63
2026/09/17 21:54:05.036, 79 %, 10 %, 15716 MiB, 16384 MiB, 65.09 W, 63
2026/09/17 21:54:06.039, 55 %, 9 %, 15716 MiB, 16384 MiB, 65.14 W, 63
2026/09/17 21:54:07.043, 50 %, 9 %, 15716 MiB, 16384 MiB, 73.92 W, 63
2026/09/17 21:54:08.047, 100 %, 8 %, 15716 MiB, 16384 MiB, 65.03 W, 63
2026/09/17 21:54:09.050, 100 %, 8 %, 15716 MiB, 16384 MiB, 66.53 W, 63
2026/09/17 21:54:10.054, 100 %, 7 %, 15716 MiB, 16384 MiB, 66.31 W, 63
2026/09/17 21:54:11.057, 61 %, 9 %, 15716 MiB, 16384 MiB, 64.43 W, 63
2026/09/17 21:54:12.060, 65 %, 9 %, 15716 MiB, 16384 MiB, 71.91 W, 63
2026/09/17 21:54:13.063, 100 %, 8 %, 15716 MiB, 16384 MiB, 64.69 W, 63
2026/09/17 21:54:14.067, 100 %, 8 %, 15716 MiB, 16384 MiB, 64.84 W, 63
2026/09/17 21:54:15.070, 100 %, 8 %, 15716 MiB, 16384 MiB, 70.25 W, 63
2026/09/17 21:54:16.073, 48 %, 9 %, 15716 MiB, 16384 MiB, 64.85 W, 63
2026/09/17 21:54:17.077, 37 %, 3 %, 15716 MiB, 16384 MiB, 73.56 W, 63
2026/09/17 21:54:18.080, 74 %, 4 %, 15716 MiB, 16384 MiB, 62.03 W, 63
2026/09/17 21:54:19.085, 100 %, 8 %, 15716 MiB, 16384 MiB, 71.68 W, 63
2026/09/17 21:54:20.088, 100 %, 8 %, 15716 MiB, 16384 MiB, 71.66 W, 63
2026/09/17 21:54:21.091, 88 %, 12 %, 15716 MiB, 16384 MiB, 68.74 W, 63
2026/09/17 21:54:22.094, 76 %, 4 %, 15716 MiB, 16384 MiB, 73.03 W, 63
2026/09/17 21:54:23.098, 100 %, 5 %, 15716 MiB, 16384 MiB, 63.90 W, 62
2026/09/17 21:54:24.102, 100 %, 8 %, 15716 MiB, 16384 MiB, 70.78 W, 63
2026/09/17 21:54:25.106, 92 %, 10 %, 15716 MiB, 16384 MiB, 70.33 W, 63
2026/09/17 21:54:26.109, 75 %, 9 %, 15716 MiB, 16384 MiB, 65.08 W, 63
2026/09/17 21:54:27.113, 80 %, 5 %, 15716 MiB, 16384 MiB, 62.72 W, 62
2026/09/17 21:54:28.117, 96 %, 6 %, 15716 MiB, 16384 MiB, 63.82 W, 63
2026/09/17 21:54:29.120, 100 %, 8 %, 15716 MiB, 16384 MiB, 66.23 W, 63
2026/09/17 21:54:30.124, 50 %, 9 %, 15716 MiB, 16384 MiB, 65.88 W, 63
2026/09/17 21:54:31.128, 44 %, 9 %, 15716 MiB, 16384 MiB, 74.47 W, 63
2026/09/17 21:54:32.131, 56 %, 4 %, 15716 MiB, 16384 MiB, 72.75 W, 63
2026/09/17 21:54:33.134, 100 %, 8 %, 15716 MiB, 16384 MiB, 65.49 W, 63
2026/09/17 21:54:34.138, 100 %, 8 %, 15716 MiB, 16384 MiB, 70.43 W, 63
2026/09/17 21:54:35.142, 100 %, 10 %, 15716 MiB, 16384 MiB, 67.19 W, 63
2026/09/17 21:54:36.145, 68 %, 9 %, 15716 MiB, 16384 MiB, 72.91 W, 62
2026/09/17 21:54:37.148, 81 %, 5 %, 15716 MiB, 16384 MiB, 72.98 W, 63
2026/09/17 21:54:38.152, 100 %, 8 %, 15716 MiB, 16384 MiB, 66.29 W, 63
2026/09/17 21:54:39.155, 100 %, 8 %, 15716 MiB, 16384 MiB, 71.42 W, 63
2026/09/17 21:54:40.158, 100 %, 10 %, 15716 MiB, 16384 MiB, 70.15 W, 63
2026/09/17 21:54:41.162, 62 %, 7 %, 15716 MiB, 16384 MiB, 73.16 W, 63
2026/09/17 21:54:42.164, 60 %, 5 %, 15716 MiB, 16384 MiB, 61.84 W, 62
2026/09/17 21:54:43.166, 100 %, 8 %, 15716 MiB, 16384 MiB, 64.44 W, 63
2026/09/17 21:54:44.169, 99 %, 10 %, 15716 MiB, 16384 MiB, 70.41 W, 63
2026/09/17 21:54:45.171, 69 %, 10 %, 15716 MiB, 16384 MiB, 64.76 W, 62
2026/09/17 21:54:46.173, 38 %, 8 %, 15716 MiB, 16384 MiB, 62.92 W, 62
2026/09/17 21:54:47.176, 100 %, 8 %, 15716 MiB, 16384 MiB, 64.75 W, 63
2026/09/17 21:54:48.178, 100 %, 8 %, 15716 MiB, 16384 MiB, 64.83 W, 62
2026/09/17 21:54:49.180, 100 %, 7 %, 15716 MiB, 16384 MiB, 71.57 W, 63
2026/09/17 21:54:50.183, 67 %, 9 %, 15716 MiB, 16384 MiB, 66.17 W, 62
2026/09/17 21:54:51.186, 65 %, 9 %, 15716 MiB, 16384 MiB, 64.15 W, 62
2026/09/17 21:54:52.189, 100 %, 8 %, 15716 MiB, 16384 MiB, 64.43 W, 62
2026/09/17 21:54:53.191, 100 %, 8 %, 15716 MiB, 16384 MiB, 64.98 W, 62
2026/09/17 21:54:54.195, 100 %, 8 %, 15716 MiB, 16384 MiB, 65.29 W, 63
2026/09/17 21:54:55.198, 53 %, 9 %, 15716 MiB, 16384 MiB, 65.11 W, 63
2026/09/17 21:54:56.201, 1 %, 2 %, 15716 MiB, 16384 MiB, 62.52 W, 62
2026/09/17 21:54:57.205, 1 %, 3 %, 15716 MiB, 16384 MiB, 62.64 W, 62
2026/09/17 21:54:58.208, 100 %, 8 %, 15716 MiB, 16384 MiB, 66.62 W, 63
2026/09/17 21:54:59.212, 73 %, 9 %, 15716 MiB, 16384 MiB, 73.96 W, 63
2026/09/17 21:55:00.215, 100 %, 8 %, 15716 MiB, 16384 MiB, 65.09 W, 63
2026/09/17 21:55:01.219, 100 %, 10 %, 15716 MiB, 16384 MiB, 81.84 W, 64
2026/09/17 21:55:02.222, 32 %, 3 %, 15716 MiB, 16384 MiB, 114.25 W, 65
2026/09/17 21:55:03.226, 100 %, 8 %, 15716 MiB, 16384 MiB, 97.96 W, 63
2026/09/17 21:55:04.229, 50 %, 8 %, 15716 MiB, 16384 MiB, 91.10 W, 63
2026/09/17 21:55:05.232, 82 %, 5 %, 15716 MiB, 16384 MiB, 62.86 W, 63
2026/09/17 21:55:06.236, 83 %, 9 %, 15716 MiB, 16384 MiB, 65.98 W, 63
2026/09/17 21:55:07.239, 54 %, 4 %, 15716 MiB, 16384 MiB, 102.61 W, 64
2026/09/17 21:55:08.243, 100 %, 8 %, 15716 MiB, 16384 MiB, 66.82 W, 63
2026/09/17 21:55:09.246, 39 %, 6 %, 15716 MiB, 16384 MiB, 122.15 W, 64
2026/09/17 21:55:10.250, 100 %, 5 %, 15716 MiB, 16384 MiB, 64.30 W, 63
2026/09/17 21:55:11.253, 100 %, 8 %, 15716 MiB, 16384 MiB, 91.91 W, 63
2026/09/17 21:55:12.257, 70 %, 4 %, 15716 MiB, 16384 MiB, 62.09 W, 63
2026/09/17 21:55:13.260, 100 %, 8 %, 15716 MiB, 16384 MiB, 65.62 W, 63
2026/09/17 21:55:14.263, 89 %, 10 %, 15716 MiB, 16384 MiB, 71.13 W, 63
2026/09/17 21:55:15.267, 67 %, 6 %, 15716 MiB, 16384 MiB, 73.99 W, 63
2026/09/17 21:55:16.271, 75 %, 5 %, 15716 MiB, 16384 MiB, 63.51 W, 64
2026/09/17 21:55:17.275, 100 %, 5 %, 15716 MiB, 16384 MiB, 65.33 W, 63
2026/09/17 21:55:18.278, 100 %, 8 %, 15716 MiB, 16384 MiB, 72.11 W, 63
2026/09/17 21:55:19.281, 88 %, 10 %, 15716 MiB, 16384 MiB, 70.84 W, 63
2026/09/17 21:55:20.285, 69 %, 8 %, 15716 MiB, 16384 MiB, 69.35 W, 63
2026/09/17 21:55:21.288, 97 %, 5 %, 15716 MiB, 16384 MiB, 63.56 W, 63
2026/09/17 21:55:22.292, 100 %, 8 %, 15716 MiB, 16384 MiB, 65.29 W, 63
2026/09/17 21:55:23.295, 100 %, 7 %, 15716 MiB, 16384 MiB, 70.33 W, 63
2026/09/17 21:55:24.299, 64 %, 9 %, 15716 MiB, 16384 MiB, 65.31 W, 63
2026/09/17 21:55:25.302, 65 %, 9 %, 15716 MiB, 16384 MiB, 64.48 W, 63
2026/09/17 21:55:26.306, 100 %, 8 %, 15716 MiB, 16384 MiB, 65.18 W, 63
2026/09/17 21:55:27.309, 100 %, 8 %, 15716 MiB, 16384 MiB, 65.81 W, 63
2026/09/17 21:55:28.313, 100 %, 8 %, 15716 MiB, 16384 MiB, 71.90 W, 63
2026/09/17 21:55:29.316, 46 %, 9 %, 15716 MiB, 16384 MiB, 75.64 W, 63
2026/09/17 21:55:30.320, 54 %, 4 %, 15716 MiB, 16384 MiB, 73.15 W, 63
2026/09/17 21:55:31.323, 89 %, 5 %, 15716 MiB, 16384 MiB, 63.23 W, 63
2026/09/17 21:55:32.327, 100 %, 5 %, 15716 MiB, 16384 MiB, 70.54 W, 63
2026/09/17 21:55:33.330, 94 %, 10 %, 15716 MiB, 16384 MiB, 70.46 W, 63
2026/09/17 21:55:34.334, 70 %, 9 %, 15716 MiB, 16384 MiB, 68.47 W, 63
2026/09/17 21:55:35.337, 96 %, 5 %, 15716 MiB, 16384 MiB, 62.88 W, 63
2026/09/17 21:55:36.341, 100 %, 8 %, 15716 MiB, 16384 MiB, 64.84 W, 63
2026/09/17 21:55:37.344, 100 %, 8 %, 15716 MiB, 16384 MiB, 72.17 W, 63
2026/09/17 21:55:38.348, 68 %, 9 %, 15716 MiB, 16384 MiB, 66.74 W, 63
2026/09/17 21:55:39.350, 63 %, 9 %, 15716 MiB, 16384 MiB, 64.72 W, 63
2026/09/17 21:55:40.353, 100 %, 8 %, 15716 MiB, 16384 MiB, 64.46 W, 63
2026/09/17 21:55:41.355, 100 %, 8 %, 15716 MiB, 16384 MiB, 65.57 W, 63
2026/09/17 21:55:42.357, 100 %, 8 %, 15716 MiB, 16384 MiB, 70.79 W, 63
2026/09/17 21:55:43.359, 45 %, 9 %, 15716 MiB, 16384 MiB, 65.11 W, 63
2026/09/17 21:55:44.362, 60 %, 9 %, 15716 MiB, 16384 MiB, 74.84 W, 63
2026/09/17 21:55:45.364, 62 %, 4 %, 15716 MiB, 16384 MiB, 73.17 W, 63
2026/09/17 21:55:46.366, 100 %, 8 %, 15716 MiB, 16384 MiB, 65.30 W, 63
2026/09/17 21:55:47.368, 100 %, 8 %, 15716 MiB, 16384 MiB, 66.02 W, 63
2026/09/17 21:55:48.371, 100 %, 12 %, 15716 MiB, 16384 MiB, 68.81 W, 63
2026/09/17 21:55:49.374, 71 %, 4 %, 15716 MiB, 16384 MiB, 64.33 W, 63
2026/09/17 21:55:50.377, 92 %, 5 %, 15716 MiB, 16384 MiB, 64.46 W, 63
2026/09/17 21:55:51.380, 100 %, 8 %, 15716 MiB, 16384 MiB, 66.17 W, 63
2026/09/17 21:55:52.384, 94 %, 10 %, 15716 MiB, 16384 MiB, 64.21 W, 63
2026/09/17 21:55:53.387, 74 %, 9 %, 15716 MiB, 16384 MiB, 67.92 W, 63
2026/09/17 21:55:54.391, 87 %, 5 %, 15716 MiB, 16384 MiB, 73.71 W, 63
2026/09/17 21:55:55.394, 82 %, 5 %, 15716 MiB, 16384 MiB, 63.01 W, 63
2026/09/17 21:55:56.398, 100 %, 8 %, 15716 MiB, 16384 MiB, 66.93 W, 63
2026/09/17 21:55:57.401, 64 %, 9 %, 15716 MiB, 16384 MiB, 66.38 W, 63
2026/09/17 21:55:58.404, 37 %, 9 %, 15716 MiB, 16384 MiB, 65.29 W, 63
2026/09/17 21:55:59.407, 54 %, 9 %, 15716 MiB, 16384 MiB, 73.69 W, 63
2026/09/17 21:56:00.410, 100 %, 8 %, 15716 MiB, 16384 MiB, 65.21 W, 63
2026/09/17 21:56:01.414, 100 %, 8 %, 15716 MiB, 16384 MiB, 64.76 W, 63
2026/09/17 21:56:02.417, 100 %, 7 %, 15716 MiB, 16384 MiB, 64.83 W, 63
2026/09/17 21:56:03.421, 70 %, 9 %, 15716 MiB, 16384 MiB, 64.07 W, 63
2026/09/17 21:56:04.424, 66 %, 9 %, 15716 MiB, 16384 MiB, 74.11 W, 63
2026/09/17 21:56:05.427, 100 %, 8 %, 15716 MiB, 16384 MiB, 65.08 W, 63
2026/09/17 21:56:06.431, 100 %, 8 %, 15716 MiB, 16384 MiB, 64.98 W, 63
2026/09/17 21:56:07.434, 100 %, 8 %, 15716 MiB, 16384 MiB, 69.68 W, 63
2026/09/17 21:56:08.438, 68 %, 9 %, 15716 MiB, 16384 MiB, 66.40 W, 63
2026/09/17 21:56:09.442, 24 %, 3 %, 15716 MiB, 16384 MiB, 73.33 W, 63
2026/09/17 21:56:10.444, 100 %, 5 %, 15716 MiB, 16384 MiB, 63.27 W, 63
2026/09/17 21:56:11.449, 100 %, 8 %, 15716 MiB, 16384 MiB, 70.36 W, 63
2026/09/17 21:56:12.451, 97 %, 11 %, 15716 MiB, 16384 MiB, 70.22 W, 63
2026/09/17 21:56:13.454, 72 %, 8 %, 15716 MiB, 16384 MiB, 68.68 W, 63
2026/09/17 21:56:14.458, 91 %, 5 %, 15716 MiB, 16384 MiB, 73.02 W, 63
2026/09/17 21:56:15.461, 100 %, 8 %, 15716 MiB, 16384 MiB, 65.63 W, 63
2026/09/17 21:56:16.464, 100 %, 8 %, 15716 MiB, 16384 MiB, 71.63 W, 63
2026/09/17 21:56:17.468, 84 %, 9 %, 15716 MiB, 16384 MiB, 70.20 W, 63
2026/09/17 21:56:18.471, 67 %, 9 %, 15716 MiB, 16384 MiB, 64.84 W, 63
2026/09/17 21:56:19.475, 100 %, 5 %, 15716 MiB, 16384 MiB, 63.56 W, 62
2026/09/17 21:56:20.478, 100 %, 8 %, 15716 MiB, 16384 MiB, 64.80 W, 62
2026/09/17 21:56:21.482, 100 %, 8 %, 15716 MiB, 16384 MiB, 65.04 W, 63
2026/09/17 21:56:22.485, 80 %, 10 %, 15716 MiB, 16384 MiB, 64.86 W, 63
2026/09/17 21:56:23.489, 35 %, 9 %, 15716 MiB, 16384 MiB, 64.66 W, 63
2026/09/17 21:56:24.492, 55 %, 9 %, 15716 MiB, 16384 MiB, 73.24 W, 63
2026/09/17 21:56:25.495, 100 %, 8 %, 15716 MiB, 16384 MiB, 65.01 W, 63
2026/09/17 21:56:26.499, 100 %, 8 %, 15716 MiB, 16384 MiB, 66.75 W, 63
2026/09/17 21:56:27.502, 100 %, 7 %, 15716 MiB, 16384 MiB, 65.56 W, 63
2026/09/17 21:56:28.506, 69 %, 9 %, 15716 MiB, 16384 MiB, 74.34 W, 63
2026/09/17 21:56:29.509, 76 %, 4 %, 15716 MiB, 16384 MiB, 73.19 W, 63
2026/09/17 21:56:30.512, 100 %, 8 %, 15716 MiB, 16384 MiB, 64.97 W, 62
2026/09/17 21:56:31.516, 100 %, 8 %, 15716 MiB, 16384 MiB, 70.43 W, 62
2026/09/17 21:56:32.520, 100 %, 10 %, 15716 MiB, 16384 MiB, 70.17 W, 63
2026/09/17 21:56:33.524, 60 %, 4 %, 15716 MiB, 16384 MiB, 73.62 W, 63
2026/09/17 21:56:34.528, 89 %, 5 %, 15716 MiB, 16384 MiB, 63.88 W, 62
2026/09/17 21:56:35.531, 100 %, 8 %, 15716 MiB, 16384 MiB, 65.72 W, 62
2026/09/17 21:56:36.535, 94 %, 10 %, 15716 MiB, 16384 MiB, 70.23 W, 63
2026/09/17 21:56:37.540, 66 %, 9 %, 15716 MiB, 16384 MiB, 65.29 W, 63
2026/09/17 21:56:38.543, 57 %, 8 %, 15716 MiB, 16384 MiB, 64.34 W, 63
2026/09/17 21:56:39.546, 100 %, 8 %, 15716 MiB, 16384 MiB, 64.43 W, 62
2026/09/17 21:56:40.550, 100 %, 8 %, 15716 MiB, 16384 MiB, 64.96 W, 62
2026/09/17 21:56:41.553, 100 %, 7 %, 15716 MiB, 16384 MiB, 65.09 W, 63
2026/09/17 21:56:42.557, 69 %, 9 %, 15716 MiB, 16384 MiB, 65.09 W, 62
2026/09/17 21:56:43.560, 68 %, 9 %, 15716 MiB, 16384 MiB, 64.08 W, 62
2026/09/17 21:56:44.564, 100 %, 8 %, 15716 MiB, 16384 MiB, 64.62 W, 62
2026/09/17 21:56:45.568, 100 %, 8 %, 15716 MiB, 16384 MiB, 64.89 W, 62
2026/09/17 21:56:46.570, 100 %, 8 %, 15716 MiB, 16384 MiB, 66.39 W, 62
2026/09/17 21:56:47.573, 50 %, 9 %, 15716 MiB, 16384 MiB, 66.38 W, 63
2026/09/17 21:56:48.575, 56 %, 9 %, 15716 MiB, 16384 MiB, 74.68 W, 62
2026/09/17 21:56:49.577, 72 %, 5 %, 15716 MiB, 16384 MiB, 72.39 W, 63
2026/09/17 21:56:50.579, 100 %, 8 %, 15716 MiB, 16384 MiB, 64.74 W, 62
2026/09/17 21:56:51.582, 1 %, 2 %, 15716 MiB, 16384 MiB, 62.68 W, 62
2026/09/17 21:56:52.584, 1 %, 3 %, 15716 MiB, 16384 MiB, 62.60 W, 62
2026/09/17 21:56:53.586, 60 %, 4 %, 15716 MiB, 16384 MiB, 102.87 W, 64
2026/09/17 21:56:54.589, 100 %, 8 %, 15716 MiB, 16384 MiB, 98.77 W, 63
2026/09/17 21:56:55.591, 57 %, 6 %, 15716 MiB, 16384 MiB, 83.71 W, 63
2026/09/17 21:56:56.595, 100 %, 7 %, 15716 MiB, 16384 MiB, 65.12 W, 63
2026/09/17 21:56:57.599, 100 %, 10 %, 15716 MiB, 16384 MiB, 84.34 W, 63
2026/09/17 21:56:58.603, 97 %, 5 %, 15716 MiB, 16384 MiB, 64.69 W, 63
2026/09/17 21:56:59.606, 100 %, 8 %, 15716 MiB, 16384 MiB, 97.74 W, 63
2026/09/17 21:57:00.608, 70 %, 8 %, 15716 MiB, 16384 MiB, 123.39 W, 64
2026/09/17 21:57:01.610, 100 %, 8 %, 15716 MiB, 16384 MiB, 98.24 W, 63
2026/09/17 21:57:02.613, 95 %, 10 %, 15716 MiB, 16384 MiB, 86.35 W, 64
2026/09/17 21:57:03.615, 47 %, 4 %, 15716 MiB, 16384 MiB, 62.49 W, 64
2026/09/17 21:57:04.617, 100 %, 8 %, 15716 MiB, 16384 MiB, 66.84 W, 64
2026/09/17 21:57:05.619, 45 %, 8 %, 15716 MiB, 16384 MiB, 100.47 W, 64
2026/09/17 21:57:06.622, 98 %, 6 %, 15716 MiB, 16384 MiB, 64.93 W, 63
2026/09/17 21:57:07.624, 78 %, 9 %, 15716 MiB, 16384 MiB, 115.62 W, 63
2026/09/17 21:57:08.626, 24 %, 4 %, 15716 MiB, 16384 MiB, 62.23 W, 63
2026/09/17 21:57:09.629, 100 %, 8 %, 15716 MiB, 16384 MiB, 64.74 W, 63
2026/09/17 21:57:10.631, 94 %, 10 %, 15716 MiB, 16384 MiB, 65.03 W, 63
2026/09/17 21:57:11.633, 61 %, 9 %, 15716 MiB, 16384 MiB, 75.39 W, 63
2026/09/17 21:57:12.636, 48 %, 8 %, 15716 MiB, 16384 MiB, 74.48 W, 63
2026/09/17 21:57:13.638, 100 %, 8 %, 15716 MiB, 16384 MiB, 65.95 W, 63
2026/09/17 21:57:14.641, 100 %, 8 %, 15716 MiB, 16384 MiB, 70.34 W, 63
2026/09/17 21:57:15.645, 100 %, 7 %, 15716 MiB, 16384 MiB, 69.10 W, 63
2026/09/17 21:57:16.650, 68 %, 9 %, 15716 MiB, 16384 MiB, 73.18 W, 63
2026/09/17 21:57:17.652, 63 %, 9 %, 15716 MiB, 16384 MiB, 63.84 W, 63
2026/09/17 21:57:18.655, 100 %, 8 %, 15716 MiB, 16384 MiB, 70.37 W, 63
2026/09/17 21:57:19.658, 100 %, 8 %, 15716 MiB, 16384 MiB, 70.26 W, 63
2026/09/17 21:57:20.662, 100 %, 8 %, 15716 MiB, 16384 MiB, 70.38 W, 63
2026/09/17 21:57:21.665, 52 %, 9 %, 15716 MiB, 16384 MiB, 73.01 W, 63
2026/09/17 21:57:22.669, 37 %, 4 %, 15716 MiB, 16384 MiB, 62.36 W, 63
2026/09/17 21:57:23.672, 100 %, 5 %, 15716 MiB, 16384 MiB, 65.04 W, 63
2026/09/17 21:57:24.676, 100 %, 5 %, 15716 MiB, 16384 MiB, 66.03 W, 63
2026/09/17 21:57:25.679, 83 %, 10 %, 15716 MiB, 16384 MiB, 64.96 W, 63
2026/09/17 21:57:26.683, 64 %, 8 %, 15716 MiB, 16384 MiB, 73.71 W, 63
2026/09/17 21:57:27.686, 100 %, 5 %, 15716 MiB, 16384 MiB, 64.54 W, 63
2026/09/17 21:57:28.689, 100 %, 8 %, 15716 MiB, 16384 MiB, 64.72 W, 63
2026/09/17 21:57:29.692, 100 %, 8 %, 15716 MiB, 16384 MiB, 64.51 W, 63
2026/09/17 21:57:30.696, 69 %, 9 %, 15716 MiB, 16384 MiB, 63.78 W, 63
2026/09/17 21:57:31.700, 66 %, 9 %, 15716 MiB, 16384 MiB, 73.52 W, 63
2026/09/17 21:57:32.703, 100 %, 8 %, 15716 MiB, 16384 MiB, 66.17 W, 63
2026/09/17 21:57:33.707, 100 %, 8 %, 15716 MiB, 16384 MiB, 64.88 W, 63
2026/09/17 21:57:34.710, 100 %, 8 %, 15716 MiB, 16384 MiB, 70.47 W, 63
2026/09/17 21:57:35.713, 65 %, 9 %, 15716 MiB, 16384 MiB, 74.37 W, 63
2026/09/17 21:57:36.717, 16 %, 5 %, 15716 MiB, 16384 MiB, 62.14 W, 63
2026/09/17 21:57:37.721, 77 %, 4 %, 15716 MiB, 16384 MiB, 64.18 W, 63
2026/09/17 21:57:38.724, 100 %, 8 %, 15716 MiB, 16384 MiB, 70.11 W, 63
2026/09/17 21:57:39.728, 100 %, 8 %, 15716 MiB, 16384 MiB, 64.81 W, 63
2026/09/17 21:57:40.731, 72 %, 8 %, 15716 MiB, 16384 MiB, 62.98 W, 63
2026/09/17 21:57:41.734, 86 %, 5 %, 15716 MiB, 16384 MiB, 64.68 W, 63
2026/09/17 21:57:42.738, 100 %, 5 %, 15716 MiB, 16384 MiB, 64.69 W, 63
2026/09/17 21:57:43.741, 100 %, 8 %, 15716 MiB, 16384 MiB, 71.70 W, 63
2026/09/17 21:57:44.744, 100 %, 8 %, 15716 MiB, 16384 MiB, 66.07 W, 63
2026/09/17 21:57:45.748, 80 %, 9 %, 15716 MiB, 16384 MiB, 64.37 W, 63
2026/09/17 21:57:46.751, 78 %, 5 %, 15716 MiB, 16384 MiB, 64.13 W, 63
2026/09/17 21:57:47.755, 100 %, 5 %, 15716 MiB, 16384 MiB, 64.61 W, 63
2026/09/17 21:57:48.758, 100 %, 8 %, 15716 MiB, 16384 MiB, 64.74 W, 63
2026/09/17 21:57:49.762, 87 %, 10 %, 15716 MiB, 16384 MiB, 64.69 W, 63
2026/09/17 21:57:50.765, 42 %, 9 %, 15716 MiB, 16384 MiB, 73.56 W, 63
2026/09/17 21:57:51.769, 58 %, 9 %, 15716 MiB, 16384 MiB, 73.74 W, 63
2026/09/17 21:57:52.772, 100 %, 8 %, 15716 MiB, 16384 MiB, 65.96 W, 63
2026/09/17 21:57:53.775, 100 %, 8 %, 15716 MiB, 16384 MiB, 70.35 W, 63
2026/09/17 21:57:54.779, 100 %, 7 %, 15716 MiB, 16384 MiB, 69.02 W, 63
2026/09/17 21:57:55.783, 69 %, 9 %, 15716 MiB, 16384 MiB, 72.99 W, 63
2026/09/17 21:57:56.786, 69 %, 7 %, 15716 MiB, 16384 MiB, 63.14 W, 63
2026/09/17 21:57:57.790, 100 %, 8 %, 15716 MiB, 16384 MiB, 64.60 W, 63
2026/09/17 21:57:58.794, 100 %, 8 %, 15716 MiB, 16384 MiB, 70.02 W, 63
2026/09/17 21:57:59.798, 100 %, 8 %, 15716 MiB, 16384 MiB, 70.17 W, 63
2026/09/17 21:58:00.800, 59 %, 9 %, 15716 MiB, 16384 MiB, 72.89 W, 63
2026/09/17 21:58:01.803, 54 %, 4 %, 15716 MiB, 16384 MiB, 62.61 W, 63
2026/09/17 21:58:02.805, 81 %, 5 %, 15716 MiB, 16384 MiB, 65.69 W, 63
2026/09/17 21:58:03.808, 100 %, 8 %, 15716 MiB, 16384 MiB, 71.00 W, 63
2026/09/17 21:58:04.811, 94 %, 10 %, 15716 MiB, 16384 MiB, 64.81 W, 63
2026/09/17 21:58:05.813, 71 %, 9 %, 15716 MiB, 16384 MiB, 62.92 W, 63
2026/09/17 21:58:06.818, 86 %, 5 %, 15716 MiB, 16384 MiB, 64.80 W, 63
2026/09/17 21:58:07.820, 100 %, 8 %, 15716 MiB, 16384 MiB, 64.67 W, 62
2026/09/17 21:58:08.822, 100 %, 5 %, 15716 MiB, 16384 MiB, 64.87 W, 63
2026/09/17 21:58:09.825, 89 %, 10 %, 15716 MiB, 16384 MiB, 64.86 W, 63
2026/09/17 21:58:10.827, 73 %, 9 %, 15716 MiB, 16384 MiB, 63.71 W, 62
2026/09/17 21:58:11.829, 88 %, 5 %, 15716 MiB, 16384 MiB, 65.91 W, 62
2026/09/17 21:58:12.832, 100 %, 8 %, 15716 MiB, 16384 MiB, 65.98 W, 62
2026/09/17 21:58:13.836, 100 %, 8 %, 15716 MiB, 16384 MiB, 64.90 W, 63
2026/09/17 21:58:14.839, 80 %, 10 %, 15716 MiB, 16384 MiB, 64.77 W, 63
2026/09/17 21:58:15.843, 62 %, 9 %, 15716 MiB, 16384 MiB, 75.47 W, 62
2026/09/17 21:58:16.847, 52 %, 9 %, 15716 MiB, 16384 MiB, 72.56 W, 63
2026/09/17 21:58:17.850, 100 %, 8 %, 15716 MiB, 16384 MiB, 64.72 W, 62
2026/09/17 21:58:18.853, 100 %, 8 %, 15716 MiB, 16384 MiB, 70.04 W, 62
2026/09/17 21:58:19.857, 100 %, 7 %, 15716 MiB, 16384 MiB, 68.27 W, 62
2026/09/17 21:58:20.860, 64 %, 9 %, 15716 MiB, 16384 MiB, 72.41 W, 62
2026/09/17 21:58:21.863, 77 %, 4 %, 15716 MiB, 16384 MiB, 63.96 W, 63
2026/09/17 21:58:22.867, 100 %, 8 %, 15716 MiB, 16384 MiB, 71.40 W, 62
2026/09/17 21:58:23.870, 100 %, 8 %, 15716 MiB, 16384 MiB, 70.06 W, 62
2026/09/17 21:58:24.873, 100 %, 7 %, 15716 MiB, 16384 MiB, 64.67 W, 63
2026/09/17 21:58:25.877, 65 %, 7 %, 15716 MiB, 16384 MiB, 62.64 W, 62
2026/09/17 21:58:26.880, 77 %, 4 %, 15716 MiB, 16384 MiB, 63.66 W, 63
2026/09/17 21:58:27.884, 90 %, 5 %, 15716 MiB, 16384 MiB, 64.46 W, 62
2026/09/17 21:58:28.888, 100 %, 6 %, 15716 MiB, 16384 MiB, 64.70 W, 62
2026/09/17 21:58:29.891, 84 %, 10 %, 15716 MiB, 16384 MiB, 64.39 W, 63
2026/09/17 21:58:30.894, 51 %, 8 %, 15716 MiB, 16384 MiB, 74.65 W, 63
2026/09/17 21:58:31.898, 100 %, 8 %, 15716 MiB, 16384 MiB, 65.91 W, 62
2026/09/17 21:58:32.901, 100 %, 8 %, 15716 MiB, 16384 MiB, 70.22 W, 62
2026/09/17 21:58:33.904, 100 %, 7 %, 15716 MiB, 16384 MiB, 63.45 W, 62
2026/09/17 21:58:34.908, 67 %, 9 %, 15716 MiB, 16384 MiB, 73.14 W, 62
2026/09/17 21:58:35.912, 68 %, 9 %, 15716 MiB, 16384 MiB, 69.81 W, 62
2026/09/17 21:58:36.915, 100 %, 8 %, 15716 MiB, 16384 MiB, 64.48 W, 62
2026/09/17 21:58:37.918, 100 %, 8 %, 15716 MiB, 16384 MiB, 69.85 W, 62
2026/09/17 21:58:38.922, 100 %, 8 %, 15716 MiB, 16384 MiB, 70.02 W, 62
2026/09/17 21:58:39.925, 34 %, 8 %, 15716 MiB, 16384 MiB, 61.45 W, 62
2026/09/17 21:58:40.928, 71 %, 4 %, 15716 MiB, 16384 MiB, 63.35 W, 62
2026/09/17 21:58:41.932, 99 %, 5 %, 15716 MiB, 16384 MiB, 64.66 W, 62
2026/09/17 21:58:42.935, 100 %, 7 %, 15716 MiB, 16384 MiB, 65.89 W, 62
2026/09/17 21:58:43.938, 89 %, 10 %, 15716 MiB, 16384 MiB, 64.98 W, 62
2026/09/17 21:58:44.942, 58 %, 8 %, 15716 MiB, 16384 MiB, 73.64 W, 62
2026/09/17 21:58:45.945, 100 %, 5 %, 15716 MiB, 16384 MiB, 64.49 W, 62
2026/09/17 21:58:46.949, 2 %, 3 %, 15716 MiB, 16384 MiB, 61.99 W, 62
2026/09/17 21:58:47.953, 2 %, 3 %, 15716 MiB, 16384 MiB, 62.17 W, 62
2026/09/17 21:58:48.955, 48 %, 8 %, 15716 MiB, 16384 MiB, 122.50 W, 63
2026/09/17 21:58:49.957, 100 %, 8 %, 15716 MiB, 16384 MiB, 82.86 W, 62
2026/09/17 21:58:50.960, 87 %, 9 %, 15716 MiB, 16384 MiB, 86.31 W, 63
2026/09/17 21:58:51.962, 72 %, 4 %, 15716 MiB, 16384 MiB, 64.46 W, 64
2026/09/17 21:58:52.964, 100 %, 8 %, 15716 MiB, 16384 MiB, 64.58 W, 63
2026/09/17 21:58:53.966, 61 %, 6 %, 15716 MiB, 16384 MiB, 105.81 W, 63
2026/09/17 21:58:54.969, 100 %, 5 %, 15716 MiB, 16384 MiB, 64.62 W, 63
2026/09/17 21:58:55.971, 100 %, 7 %, 15716 MiB, 16384 MiB, 97.32 W, 63
2026/09/17 21:58:56.973, 81 %, 4 %, 15716 MiB, 16384 MiB, 64.19 W, 63
2026/09/17 21:58:57.976, 100 %, 8 %, 15716 MiB, 16384 MiB, 90.07 W, 63
2026/09/17 21:58:58.978, 92 %, 9 %, 15716 MiB, 16384 MiB, 78.35 W, 64
2026/09/17 21:58:59.980, 100 %, 8 %, 15716 MiB, 16384 MiB, 64.86 W, 63
2026/09/17 21:59:00.982, 100 %, 8 %, 15716 MiB, 16384 MiB, 84.41 W, 63
2026/09/17 21:59:01.985, 40 %, 8 %, 15716 MiB, 16384 MiB, 110.87 W, 63
2026/09/17 21:59:02.988, 100 %, 8 %, 15716 MiB, 16384 MiB, 99.28 W, 63
2026/09/17 21:59:03.992, 37 %, 9 %, 15716 MiB, 16384 MiB, 73.67 W, 63
2026/09/17 21:59:04.995, 69 %, 9 %, 15716 MiB, 16384 MiB, 73.05 W, 63
2026/09/17 21:59:05.999, 100 %, 8 %, 15716 MiB, 16384 MiB, 64.71 W, 63
2026/09/17 21:59:07.002, 100 %, 8 %, 15716 MiB, 16384 MiB, 70.09 W, 63
2026/09/17 21:59:08.006, 100 %, 7 %, 15716 MiB, 16384 MiB, 69.06 W, 63
2026/09/17 21:59:09.009, 71 %, 9 %, 15716 MiB, 16384 MiB, 73.11 W, 63
2026/09/17 21:59:10.013, 68 %, 9 %, 15716 MiB, 16384 MiB, 73.02 W, 63
2026/09/17 21:59:11.017, 100 %, 8 %, 15716 MiB, 16384 MiB, 64.71 W, 63
2026/09/17 21:59:12.020, 100 %, 8 %, 15716 MiB, 16384 MiB, 71.67 W, 63
2026/09/17 21:59:13.024, 100 %, 8 %, 15716 MiB, 16384 MiB, 71.32 W, 63
2026/09/17 21:59:14.027, 60 %, 9 %, 15716 MiB, 16384 MiB, 73.24 W, 63
2026/09/17 21:59:15.031, 54 %, 4 %, 15716 MiB, 16384 MiB, 62.31 W, 63
2026/09/17 21:59:16.035, 81 %, 5 %, 15716 MiB, 16384 MiB, 63.87 W, 63
2026/09/17 21:59:17.038, 100 %, 8 %, 15716 MiB, 16384 MiB, 70.39 W, 63
2026/09/17 21:59:18.042, 75 %, 10 %, 15716 MiB, 16384 MiB, 64.86 W, 63
2026/09/17 21:59:19.044, 51 %, 8 %, 15716 MiB, 16384 MiB, 73.45 W, 63
2026/09/17 21:59:20.047, 100 %, 8 %, 15716 MiB, 16384 MiB, 64.78 W, 63
2026/09/17 21:59:21.049, 100 %, 8 %, 15716 MiB, 16384 MiB, 64.61 W, 63
2026/09/17 21:59:22.051, 100 %, 7 %, 15716 MiB, 16384 MiB, 65.55 W, 63
2026/09/17 21:59:23.054, 70 %, 9 %, 15716 MiB, 16384 MiB, 74.99 W, 63
2026/09/17 21:59:24.056, 70 %, 9 %, 15716 MiB, 16384 MiB, 72.85 W, 63
2026/09/17 21:59:25.058, 100 %, 8 %, 15716 MiB, 16384 MiB, 64.68 W, 63
2026/09/17 21:59:26.061, 100 %, 8 %, 15716 MiB, 16384 MiB, 67.03 W, 63
2026/09/17 21:59:27.063, 100 %, 8 %, 15716 MiB, 16384 MiB, 70.02 W, 63
2026/09/17 21:59:28.065, 49 %, 9 %, 15716 MiB, 16384 MiB, 74.08 W, 63
2026/09/17 21:59:29.068, 57 %, 9 %, 15716 MiB, 16384 MiB, 72.63 W, 63
2026/09/17 21:59:30.070, 61 %, 4 %, 15716 MiB, 16384 MiB, 62.53 W, 63
2026/09/17 21:59:31.073, 100 %, 8 %, 15716 MiB, 16384 MiB, 70.80 W, 63
2026/09/17 21:59:32.076, 100 %, 8 %, 15716 MiB, 16384 MiB, 65.84 W, 63
2026/09/17 21:59:33.080, 75 %, 9 %, 15716 MiB, 16384 MiB, 62.83 W, 63
2026/09/17 21:59:34.083, 88 %, 5 %, 15716 MiB, 16384 MiB, 64.32 W, 63
2026/09/17 21:59:35.087, 100 %, 8 %, 15716 MiB, 16384 MiB, 64.40 W, 63
2026/09/17 21:59:36.090, 100 %, 6 %, 15716 MiB, 16384 MiB, 64.65 W, 63
2026/09/17 21:59:37.094, 82 %, 10 %, 15716 MiB, 16384 MiB, 64.30 W, 63
2026/09/17 21:59:38.097, 69 %, 9 %, 15716 MiB, 16384 MiB, 63.55 W, 63
2026/09/17 21:59:39.101, 91 %, 5 %, 15716 MiB, 16384 MiB, 64.44 W, 63
2026/09/17 21:59:40.104, 100 %, 8 %, 15716 MiB, 16384 MiB, 64.44 W, 63
2026/09/17 21:59:41.108, 100 %, 8 %, 15716 MiB, 16384 MiB, 65.46 W, 63
2026/09/17 21:59:42.111, 66 %, 9 %, 15716 MiB, 16384 MiB, 66.03 W, 63
2026/09/17 21:59:43.115, 60 %, 9 %, 15716 MiB, 16384 MiB, 74.66 W, 63
2026/09/17 21:59:44.118, 57 %, 9 %, 15716 MiB, 16384 MiB, 72.48 W, 63
2026/09/17 21:59:45.124, 100 %, 8 %, 15716 MiB, 16384 MiB, 64.23 W, 63
2026/09/17 21:59:46.126, 100 %, 8 %, 15716 MiB, 16384 MiB, 70.02 W, 63
2026/09/17 21:59:47.129, 100 %, 7 %, 15716 MiB, 16384 MiB, 63.74 W, 63
2026/09/17 21:59:48.133, 66 %, 9 %, 15716 MiB, 16384 MiB, 72.87 W, 63
2026/09/17 21:59:49.136, 69 %, 9 %, 15716 MiB, 16384 MiB, 72.72 W, 63
2026/09/17 21:59:50.140, 100 %, 8 %, 15716 MiB, 16384 MiB, 65.70 W, 62
2026/09/17 21:59:51.143, 100 %, 8 %, 15716 MiB, 16384 MiB, 71.41 W, 63
2026/09/17 21:59:52.147, 100 %, 8 %, 15716 MiB, 16384 MiB, 68.87 W, 63
2026/09/17 21:59:53.150, 50 %, 6 %, 15716 MiB, 16384 MiB, 61.84 W, 63
2026/09/17 21:59:54.154, 73 %, 4 %, 15716 MiB, 16384 MiB, 63.21 W, 63
2026/09/17 21:59:55.157, 98 %, 5 %, 15716 MiB, 16384 MiB, 64.90 W, 62
2026/09/17 21:59:56.160, 100 %, 8 %, 15716 MiB, 16384 MiB, 64.92 W, 63
2026/09/17 21:59:57.164, 93 %, 10 %, 15716 MiB, 16384 MiB, 65.00 W, 63
2026/09/17 21:59:58.167, 51 %, 8 %, 15716 MiB, 16384 MiB, 73.91 W, 63
2026/09/17 21:59:59.171, 100 %, 8 %, 15716 MiB, 16384 MiB, 64.58 W, 62
2026/09/17 22:00:00.174, 100 %, 8 %, 15716 MiB, 16384 MiB, 70.50 W, 62
2026/09/17 22:00:01.178, 100 %, 7 %, 15716 MiB, 16384 MiB, 69.93 W, 62
2026/09/17 22:00:02.182, 65 %, 9 %, 15716 MiB, 16384 MiB, 73.62 W, 62
2026/09/17 22:00:03.185, 81 %, 4 %, 15716 MiB, 16384 MiB, 63.07 W, 63
2026/09/17 22:00:04.188, 100 %, 8 %, 15716 MiB, 16384 MiB, 69.89 W, 62
2026/09/17 22:00:05.192, 100 %, 8 %, 15716 MiB, 16384 MiB, 69.85 W, 62
2026/09/17 22:00:06.195, 100 %, 7 %, 15716 MiB, 16384 MiB, 64.59 W, 62
2026/09/17 22:00:07.199, 62 %, 4 %, 15716 MiB, 16384 MiB, 62.20 W, 63
2026/09/17 22:00:08.203, 83 %, 5 %, 15716 MiB, 16384 MiB, 63.49 W, 63
2026/09/17 22:00:09.206, 89 %, 5 %, 15716 MiB, 16384 MiB, 64.11 W, 62
2026/09/17 22:00:10.209, 100 %, 7 %, 15716 MiB, 16384 MiB, 65.89 W, 63
2026/09/17 22:00:11.213, 72 %, 10 %, 15716 MiB, 16384 MiB, 65.82 W, 62
2026/09/17 22:00:12.216, 41 %, 8 %, 15716 MiB, 16384 MiB, 72.54 W, 62
2026/09/17 22:00:13.220, 100 %, 8 %, 15716 MiB, 16384 MiB, 64.04 W, 62
2026/09/17 22:00:14.223, 100 %, 8 %, 15716 MiB, 16384 MiB, 67.20 W, 62
2026/09/17 22:00:15.227, 100 %, 7 %, 15716 MiB, 16384 MiB, 64.12 W, 63
2026/09/17 22:00:16.230, 65 %, 9 %, 15716 MiB, 16384 MiB, 70.52 W, 62
2026/09/17 22:00:17.234, 67 %, 9 %, 15716 MiB, 16384 MiB, 72.46 W, 62
2026/09/17 22:00:18.238, 100 %, 8 %, 15716 MiB, 16384 MiB, 64.50 W, 62
2026/09/17 22:00:19.241, 100 %, 8 %, 15716 MiB, 16384 MiB, 64.57 W, 62
2026/09/17 22:00:20.245, 100 %, 8 %, 15716 MiB, 16384 MiB, 70.72 W, 62
2026/09/17 22:00:21.249, 53 %, 9 %, 15716 MiB, 16384 MiB, 75.76 W, 62
2026/09/17 22:00:22.252, 66 %, 9 %, 15716 MiB, 16384 MiB, 73.42 W, 62
2026/09/17 22:00:23.256, 50 %, 4 %, 15716 MiB, 16384 MiB, 61.61 W, 62
2026/09/17 22:00:24.261, 100 %, 8 %, 15716 MiB, 16384 MiB, 64.71 W, 62
2026/09/17 22:00:25.265, 100 %, 8 %, 15716 MiB, 16384 MiB, 70.09 W, 62
2026/09/17 22:00:26.267, 100 %, 7 %, 15716 MiB, 16384 MiB, 69.18 W, 62
2026/09/17 22:00:27.269, 71 %, 13 %, 15716 MiB, 16384 MiB, 80.04 W, 62
2026/09/17 22:00:28.272, 74 %, 5 %, 15716 MiB, 16384 MiB, 62.75 W, 62
2026/09/17 22:00:29.274, 100 %, 8 %, 15716 MiB, 16384 MiB, 64.36 W, 62
2026/09/17 22:00:30.277, 100 %, 8 %, 15716 MiB, 16384 MiB, 71.08 W, 62
2026/09/17 22:00:31.279, 97 %, 10 %, 15716 MiB, 16384 MiB, 64.80 W, 62
2026/09/17 22:00:32.281, 66 %, 4 %, 15716 MiB, 16384 MiB, 63.18 W, 62
2026/09/17 22:00:33.284, 76 %, 4 %, 15716 MiB, 16384 MiB, 62.92 W, 63
2026/09/17 22:00:34.286, 96 %, 5 %, 15716 MiB, 16384 MiB, 64.06 W, 62
2026/09/17 22:00:35.288, 100 %, 8 %, 15716 MiB, 16384 MiB, 69.98 W, 62
2026/09/17 22:00:36.290, 100 %, 8 %, 15716 MiB, 16384 MiB, 69.80 W, 62
2026/09/17 22:00:37.293, 87 %, 12 %, 15716 MiB, 16384 MiB, 68.60 W, 62
2026/09/17 22:00:38.296, 74 %, 4 %, 15716 MiB, 16384 MiB, 62.81 W, 62
2026/09/17 22:00:39.299, 90 %, 5 %, 15716 MiB, 16384 MiB, 63.90 W, 63
2026/09/17 22:00:40.303, 100 %, 8 %, 15716 MiB, 16384 MiB, 71.18 W, 62
2026/09/17 22:00:41.306, 81 %, 4 %, 15716 MiB, 16384 MiB, 63.96 W, 62
2026/09/17 22:00:42.310, 0 %, 0 %, 15716 MiB, 16384 MiB, 58.83 W, 62
2026/09/17 22:00:43.313, 0 %, 0 %, 15716 MiB, 16384 MiB, 47.67 W, 61
2026/09/17 22:00:44.317, 0 %, 0 %, 15716 MiB, 16384 MiB, 47.55 W, 61
2026/09/17 22:00:45.320, 0 %, 0 %, 15716 MiB, 16384 MiB, 47.64 W, 61
2026/09/17 22:00:46.324, 0 %, 0 %, 15716 MiB, 16384 MiB, 47.21 W, 61
2026/09/17 22:00:47.327, 0 %, 0 %, 15716 MiB, 16384 MiB, 47.54 W, 61
2026/09/17 22:00:48.330, 0 %, 0 %, 15716 MiB, 16384 MiB, 47.52 W, 61
2026/09/17 22:00:49.334, 0 %, 0 %, 15716 MiB, 16384 MiB, 47.87 W, 61
2026/09/17 22:00:50.337, 0 %, 0 %, 15716 MiB, 16384 MiB, 47.85 W, 61
2026/09/17 22:00:51.340, 0 %, 0 %, 15716 MiB, 16384 MiB, 47.50 W, 61
2026/09/17 22:00:52.344, 0 %, 0 %, 15716 MiB, 16384 MiB, 47.24 W, 60
2026/09/17 22:00:53.347, 0 %, 0 %, 15716 MiB, 16384 MiB, 47.01 W, 60
2026/09/17 22:00:54.350, 0 %, 0 %, 15716 MiB, 16384 MiB, 47.29 W, 60
2026/09/17 22:00:55.353, 0 %, 0 %, 15716 MiB, 16384 MiB, 47.31 W, 60
2026/09/17 22:00:56.357, 0 %, 0 %, 15716 MiB, 16384 MiB, 47.31 W, 60
2026/09/17 22:00:57.360, 34 %, 5 %, 8630 MiB, 16384 MiB, 47.04 W, 60
