wall_ns,read_MBps,write_MBps,read_lat_ms,write_lat_ms,inflight
1789376222110826370,16.8,0.2,0.11,1.00,0
1789376222154421467,18.2,0.2,0.11,1.67,0
1789376223137498090,22.4,0.0,0.10,0.00,0
1789376223180373957,21.3,0.0,0.09,0.00,0
1789376224164407961,30.8,0.0,0.10,0.00,0
1789376224206743040,32.6,0.0,0.11,0.00,0
1789376225189018721,7.7,0.0,0.13,0.00,0
1789376225233604110,5.3,0.0,0.13,0.00,0
1789376226215730420,0.6,0.0,1.13,0.00,0
1789376226261140131,0.5,0.0,1.19,0.00,0
1789376227245342475,17.6,0.0,0.28,8.50,0
1789376227290610198,19.8,0.0,0.24,8.50,0
1789376228273638754,10.4,0.0,0.11,0.00,0
1789376228319054526,8.2,0.0,0.11,0.00,0
1789376229303293874,1.6,0.0,0.77,0.00,0
1789376229348624181,1.6,0.0,0.77,0.00,0
1789376230331624498,11.3,0.0,0.10,0.00,0
1789376230377465955,11.3,0.0,0.10,0.00,0
1789376231359398054,28.8,0.0,0.17,0.00,0
1789376231406083690,29.4,0.0,0.16,0.00,0
1789376232386748410,49.5,1.1,0.12,0.29,0
1789376232434482039,48.9,1.1,0.12,0.29,0
1789376233414149064,1.5,0.0,0.47,0.00,0
1789376233461458985,1.5,0.0,0.47,0.00,0
1789376234443402734,0.0,0.0,7.00,0.00,0
1789376234489694208,0.0,0.0,7.00,0.00,0
1789376235472674551,0.0,0.0,0.00,0.00,0
1789376235517744223,0.0,0.0,0.00,0.00,0
1789376236502342552,0.0,0.0,0.00,0.00,0
1789376236546308214,0.0,0.0,0.00,0.00,0
1789376237531573310,0.0,0.8,1.00,2.98,0
1789376237575452386,0.0,0.8,1.00,2.98,0
1789376238560811032,0.0,0.0,0.00,0.00,0
1789376238605144957,0.0,0.0,0.00,0.00,0
1789376239589736298,0.0,0.0,0.00,0.00,0
1789376239634122475,0.0,0.0,0.00,0.00,0
1789376240618364583,0.1,0.0,14.00,0.00,0
1789376240662255625,0.1,0.0,14.00,0.00,0
1789376241647296718,0.0,0.0,0.00,0.00,0
1789376241691201533,0.0,0.0,0.00,0.00,0
1789376242679387103,0.1,0.7,14.17,0.25,0
1789376242720574611,0.1,0.7,14.17,0.25,0
1789376243709211267,0.0,0.0,0.00,0.00,0
1789376243749967864,0.0,0.0,0.00,0.00,0
1789376244739007187,0.0,0.0,0.00,0.00,0
1789376244779257450,0.0,0.0,0.00,0.00,0
1789376245769016415,0.1,0.0,6.00,0.00,0
1789376245808032119,0.1,0.0,6.00,0.00,0
1789376246798098476,0.0,0.0,0.00,0.00,0
1789376246834999856,0.0,0.0,0.00,0.00,0
1789376247826989994,0.0,0.5,0.00,2.83,0
1789376247863961927,0.0,0.5,0.00,2.83,0
1789376248856225506,0.0,0.0,0.00,0.00,0
1789376248893211030,0.0,0.0,0.00,0.00,0
1789376249885757722,0.3,0.0,0.94,0.00,0
1789376249921070543,0.3,0.0,0.94,0.00,0
1789376250907283025,428.4,0.0,0.41,14.00,2
1789376250948572710,494.8,0.0,0.41,14.00,2
1789376251937262229,1843.9,0.3,0.42,2.25,0
1789376251978850247,1853.6,0.3,0.43,2.25,1
1789376252966379191,1974.9,0.5,0.44,0.42,1
1789376253008429562,1977.4,0.5,0.44,0.42,1
1789376253995734050,2012.5,0.0,0.44,0.00,1
1789376254037730312,2012.7,0.0,0.44,0.00,1
1789376255025556455,2037.1,0.0,0.44,0.00,0
1789376255067310737,2040.6,0.0,0.44,0.00,0
1789376256055009978,834.3,0.2,0.45,3.00,0
1789376256095647024,751.4,0.2,0.45,3.00,0
1789376257078263874,0.0,125.7,0.00,2.76,0
1789376257118838008,0.0,149.3,0.00,2.80,0
1789376258095339204,0.0,952.3,0.00,6.27,3
1789376258135539083,0.0,981.9,0.00,6.14,6
1789376259155987092,0.1,2147.0,2.29,20.41,6
1789376259129290019,0.0,2115.3,2.00,20.44,1
1789376260183748700,16.7,1100.4,54.60,191.97,7
1789376260191378751,16.2,1120.9,50.26,183.00,7
1789376261214763070,1346.3,0.0,0.50,34.00,0
1789376261222086506,1356.8,0.0,0.50,34.00,0
1789376262244165109,1843.2,0.0,0.44,0.00,0
1789376262250712707,1847.4,0.0,0.44,0.00,1
1789376263272917375,1951.8,0.0,0.43,0.00,1
1789376263279391880,1952.3,0.0,0.43,0.00,0
1789376264302374306,1871.8,0.0,0.40,0.00,2
1789376264308296324,1871.7,0.0,0.40,0.00,2
1789376265329347905,675.9,381.2,2.86,4.17,2
1789376265337421693,664.8,385.2,2.90,4.14,4
1789376266361812143,190.0,532.4,9.24,2.21,6
1789376266368753106,190.7,534.0,9.25,2.21,4
1789376267394675506,172.0,511.9,11.49,2.21,5
1789376267402022747,172.4,507.7,11.50,2.22,5
1789376268427588935,161.7,527.6,13.00,2.14,1
1789376268435087795,160.7,531.3,13.02,2.14,2
1789376269460733858,171.9,547.6,11.68,2.07,3
1789376269466411513,172.1,544.1,11.69,2.07,2
1789376270493352851,179.1,512.7,11.20,2.21,3
1789376270497745025,178.2,512.4,11.19,2.21,3
1789376271525496472,162.4,530.4,12.91,1.88,3
1789376271528684021,162.5,533.0,12.91,1.87,2
1789376272554943269,69.2,517.8,14.18,5.60,24
1789376272557511822,69.2,516.9,14.18,5.72,23
1789376273569681886,0.0,537.9,115.50,193.14,4
1789376273572221652,0.0,537.9,115.50,193.08,3
1789376274588334810,0.0,533.5,101.43,78.96,63
1789376274587037724,0.0,533.8,101.43,79.11,62
1789376275613037746,0.0,579.6,0.00,131.05,131
1789376275614996922,0.0,579.5,0.00,130.83,131
1789376276645000010,0.0,591.9,425.00,115.48,273
1789376276645629110,0.0,591.6,425.00,115.48,276
1789376277672545597,51.0,578.8,30.56,340.06,5
1789376277673623470,51.7,579.6,30.30,339.03,3
1789376278699832430,163.0,524.6,11.52,1.81,5
1789376278701738309,162.2,523.4,11.51,1.81,5
1789376279730651611,153.7,502.4,12.32,2.16,2
1789376279732579689,153.6,502.0,12.32,2.16,5
1789376280761355486,183.1,470.7,10.36,2.38,3
1789376280763402805,183.1,474.3,10.36,2.36,3
1789376281792122878,1526.0,92.0,0.73,2.32,1
1789376281794155196,1529.9,88.4,0.73,2.40,1
1789376282821241482,1907.4,0.0,0.29,0.00,3
1789376282822304329,1905.2,0.0,0.29,0.00,2
1789376283849484444,1220.1,0.0,0.18,0.00,0
1789376283850467697,1221.5,0.0,0.18,0.00,1
1789376284879061523,1843.8,0.0,0.40,0.00,1
1789376284878806561,1843.7,0.0,0.40,0.00,2
1789376285913992233,1342.9,0.1,0.42,6.00,0
1789376285913695376,1314.8,0.1,0.42,6.00,0
1789376286984133874,0.0,245.2,0.00,86.45,312
1789376286986213526,0.0,250.2,0.00,86.45,311
1789376288012677737,74.7,532.9,16.98,233.46,4
1789376288014568702,75.2,533.8,16.95,233.09,5
1789376289044162558,225.3,498.5,7.66,1.46,5
1789376289045321221,224.8,498.9,7.66,1.46,4
1789376290076250306,191.3,540.3,9.71,1.66,5
1789376290077684739,191.3,540.4,9.71,1.66,5
1789376291108405704,159.1,535.7,11.90,1.87,5
1789376291109585451,159.2,534.8,11.90,1.87,5
1789376292140761353,147.3,524.4,13.61,1.72,3
1789376292141656170,147.3,525.6,13.61,1.72,3
1789376293172313280,151.6,526.7,13.46,1.47,3
1789376293173579536,152.8,525.8,13.44,1.47,1
1789376294204315780,176.4,493.9,11.52,1.51,2
1789376294205510586,175.2,493.5,11.53,1.51,3
1789376295236435902,219.9,484.5,8.49,2.01,1
1789376295237649856,220.0,484.5,8.49,2.01,1
1789376296268880574,201.2,520.5,9.37,1.75,3
1789376296269510591,201.2,520.5,9.37,1.75,3
1789376297300394173,672.9,324.4,2.42,1.94,0
1789376297301459064,674.3,324.5,2.42,1.94,0
1789376298329986342,1985.1,0.0,0.44,0.00,1
1789376298329816254,1985.5,0.0,0.44,0.00,0
1789376299357370162,1864.7,0.0,0.43,0.00,0
1789376299358936777,1864.3,0.0,0.43,0.00,1
1789376300387567706,1805.7,0.1,0.50,6.00,1
1789376300386579420,1805.0,0.1,0.50,6.00,1
1789376301414016374,944.2,0.0,1.03,0.00,0
1789376301414094106,944.2,0.0,1.03,0.00,0
1789376302432445030,0.0,0.0,1.00,0.00,0
1789376302432528195,0.0,0.0,1.00,0.00,0
1789376303451851088,0.0,301.3,1.00,15.01,29
1789376303451856330,0.0,301.3,1.00,15.01,29
1789376304470575345,0.0,547.0,117.00,224.91,441
1789376304471080795,0.0,546.8,117.00,224.91,441
1789376305501850612,0.1,590.2,111.38,902.66,2
1789376305501422787,0.1,590.0,111.38,902.66,2
1789376307584163139,183.5,547.7,9.51,3.02,4
1789376307585277468,183.6,549.3,9.51,3.01,2
1789376308616323977,212.0,547.5,8.50,1.88,4
1789376308617723318,212.0,545.3,8.50,1.88,3
1789376309647042797,347.0,402.8,5.42,2.32,1
1789376309648501780,348.8,402.6,5.37,2.32,1
1789376310675414659,1921.6,0.0,0.43,0.00,1
1789376310676885552,1922.0,0.0,0.43,0.00,1
1789376311704023477,1951.7,0.2,0.45,3.67,0
1789376311705373464,1950.9,0.2,0.45,3.67,2
1789376312733569728,1267.5,0.0,0.40,0.00,2
1789376312733003819,1267.5,0.0,0.40,0.00,2
1789376313762478435,14.6,563.3,5.20,152.20,87
1789376313763301299,14.6,563.1,5.20,152.20,87
1789376314790045869,0.0,551.0,257.50,142.52,365
1789376314790072221,0.0,552.2,257.50,142.85,364
1789376315806717440,0.0,518.2,0.00,476.30,139
1789376315807039854,0.0,516.7,0.00,476.65,139
1789376316837820412,0.2,550.3,127.50,103.54,8
1789376316840225524,0.2,552.5,127.50,102.92,9
1789376317867520512,166.4,531.6,10.95,2.18,2
1789376317870096287,166.4,529.5,10.95,2.13,2
1789376318898793674,178.9,579.0,10.56,1.52,2
1789376318901103557,178.9,578.1,10.57,1.52,2
1789376319930009474,187.4,523.0,10.49,2.10,2
1789376319931857165,187.5,523.2,10.49,2.10,3
1789376320961758682,178.4,529.7,11.10,1.83,2
1789376320963382186,178.4,529.8,11.10,1.83,3
1789376321992982536,183.0,526.0,11.11,1.70,3
1789376321994381413,184.3,530.2,11.12,1.70,2
1789376323024308827,391.1,408.4,4.67,1.81,0
1789376323025614768,391.3,404.4,4.63,1.81,0
1789376324053244679,1190.7,0.0,0.94,0.00,1
1789376324053247596,1190.5,0.0,0.94,0.00,1
1789376325082611402,1258.9,0.0,0.87,0.00,1
1789376325082645891,1259.2,0.0,0.87,0.00,0
1789376326108038338,1223.2,0.0,0.91,0.00,0
1789376326110046575,1221.5,0.0,0.91,0.00,0
1789376327135908692,1221.2,0.1,1.02,5.50,2
1789376327137623971,1223.0,0.1,1.02,5.50,1
1789376328165155403,853.7,150.3,1.77,6.75,3
1789376328166634106,851.1,151.1,1.77,6.76,3
1789376329196436567,769.3,369.9,2.01,2.57,1
1789376329198196850,773.0,369.1,2.01,2.55,1
1789376330224029936,1026.0,241.9,0.47,14.73,21
1789376330225373266,1023.2,243.3,0.47,14.79,22
1789376331240219698,0.0,574.4,0.00,213.64,692
1789376331241422077,0.0,573.3,0.00,213.98,692
1789376332268813742,0.0,591.2,116.00,777.94,100
1789376332268049059,0.0,590.5,116.00,777.94,100
1789376333298614008,0.0,504.3,496.00,334.69,9
1789376333299194018,0.0,505.0,496.00,334.22,10
1789376334328029176,0.0,506.9,0.00,289.13,508
1789376334328736341,0.0,506.5,0.00,289.53,511
1789376335624811564,0.1,518.4,125.50,1129.14,398
1789376335624669706,0.1,519.4,125.50,1129.17,397
1789376336656404862,0.0,536.4,120.00,906.35,135
1789376336657205798,0.0,535.4,120.00,902.11,134
1789376337693954326,0.0,521.6,0.00,496.07,306
1789376337696782485,0.0,522.8,0.00,498.59,304
1789376338726211887,0.0,596.7,811.00,832.40,1
1789376338728562669,0.0,594.9,811.00,832.35,1
1789376339756829554,49.0,573.2,12.45,3.82,5
1789376339758157773,49.0,576.6,12.45,3.81,4
1789376340785804113,189.6,520.3,9.52,1.73,5
1789376340787070956,190.9,516.9,9.54,1.73,3
1789376341816547426,172.0,483.8,11.46,2.04,5
1789376341818129425,170.8,483.8,11.44,2.04,5
1789376342848524156,184.2,461.3,10.26,1.89,1
1789376342849711617,184.2,461.3,10.26,1.89,2
1789376343880380617,193.0,448.0,9.90,2.17,3
1789376343881902576,192.9,449.1,9.90,2.17,2
1789376344912138358,208.4,441.3,9.21,1.75,2
1789376344913851993,208.4,440.1,9.21,1.75,2
1789376345943734218,173.2,454.0,11.71,2.39,2
1789376345945321144,173.3,454.0,11.71,2.39,3
1789376346975286837,1443.3,92.0,0.77,2.25,0
1789376346976570054,1445.8,92.1,0.77,2.25,1
1789376348004668918,1952.8,0.0,0.45,0.00,0
1789376348004935336,1951.6,0.0,0.45,0.00,0
1789376349033695870,1807.3,0.0,0.41,0.00,1
1789376349034076641,1807.7,0.0,0.41,0.00,2
1789376350063485869,1726.6,0.0,0.40,0.00,2
1789376350063308391,1726.0,0.0,0.40,0.00,0
1789376351102479413,997.1,0.0,0.34,0.00,0
1789376351102479223,997.0,0.0,0.34,0.00,0
1789376352168682536,0.8,259.6,1.81,105.07,368
1789376352187823022,0.8,263.2,1.81,107.69,360
1789376353197971967,37.0,478.6,23.84,446.05,8
1789376353216188105,40.4,478.2,22.63,443.66,5
1789376354229893847,175.0,446.6,10.64,2.03,4
1789376354247953809,175.1,447.1,10.63,2.02,6
1789376355262406565,192.4,436.2,9.48,2.27,2
1789376355279261362,191.7,436.8,9.44,2.29,5
1789376356295314657,188.4,430.9,9.84,2.00,5
1789376356310734086,189.8,430.3,9.89,1.99,2
1789376357327938363,189.1,433.5,9.48,1.50,4
1789376357341696173,188.2,433.3,9.56,1.50,5
1789376358359832999,186.8,431.8,10.46,2.32,4
1789376358372854345,187.0,432.5,10.44,2.34,2
1789376359392580290,198.6,417.4,9.77,2.35,1
1789376359404494088,199.9,415.9,9.62,2.33,1
1789376360424672470,220.5,409.1,8.49,2.13,1
1789376360435526445,219.7,407.7,8.52,2.15,2
1789376361457902208,185.2,417.0,10.53,2.01,3
1789376361466563902,184.3,417.6,10.62,2.01,4
1789376362489523805,169.5,348.1,10.28,2.92,2
1789376362497432724,169.6,349.6,10.27,2.91,2
1789376363521970197,180.0,401.1,11.21,2.07,2
1789376363529111656,178.9,401.9,11.22,2.07,2
1789376364553598203,596.3,204.4,2.97,3.55,1
1789376364560080345,609.0,200.4,2.92,3.57,0
1789376365582745445,1941.1,0.0,0.43,0.00,1
1789376365589172002,1941.2,0.0,0.43,0.00,0
1789376366661872829,1347.9,0.0,0.41,0.00,0
1789376366662986664,1342.9,0.0,0.41,0.00,2
1789376367685952987,1849.8,0.3,0.43,6.50,2
1789376367690361070,1853.8,0.3,0.43,6.50,0
1789376368728301070,1014.7,0.0,0.42,0.00,0
1789376368728306839,1018.5,0.0,0.42,0.00,0
1789376369868484061,72.6,0.0,0.41,0.00,0
1789376369868414129,72.6,0.0,0.41,0.00,0
1789376370898477790,1732.8,0.0,0.42,0.00,1
1789376370898534047,1733.3,0.0,0.42,0.00,0
1789376371926909965,1820.8,0.0,0.46,4.50,1
1789376371927608777,1820.8,0.0,0.46,4.50,0
1789376372954968942,1926.7,0.0,0.43,0.00,1
1789376372956189520,1925.7,0.0,0.43,0.00,1
1789376373984322967,1318.6,0.0,0.40,0.00,0
1789376373984126386,1318.7,0.0,0.40,0.00,1
1789376375011701431,1740.0,0.4,0.43,0.50,1
1789376375012127416,1740.5,0.4,0.43,0.50,1
1789376376054476878,493.1,0.0,0.41,0.00,0
1789376376054476498,494.0,0.0,0.41,0.00,0
1789376377146824579,423.3,0.0,0.37,6.50,2
1789376377146541577,424.2,0.0,0.37,6.50,2
1789376378175340515,1822.8,0.0,0.45,0.00,1
1789376378176229201,1822.9,0.0,0.45,0.00,0
1789376379204682366,1957.3,0.0,0.45,0.00,1
1789376379204954261,1957.9,0.0,0.45,0.00,0
1789376380283188117,1585.8,0.0,0.40,0.00,0
1789376380300592401,1586.8,0.0,0.40,0.00,0
1789376381320973692,1832.6,0.0,0.41,0.00,1
1789376381325396313,1832.4,0.0,0.41,0.00,1
1789376382366289883,1285.7,0.0,0.44,5.50,0
1789376382366288193,1288.4,0.0,0.44,5.50,0
1789376383454139681,0.0,0.0,0.00,0.00,0
1789376383454129602,0.0,0.0,0.00,0.00,0
1789376384482267519,1304.1,0.0,0.39,0.00,0
1789376384482842896,1303.9,0.0,0.39,0.00,1
1789376385511854504,1872.9,0.4,0.49,0.20,1
1789376385511674639,1872.7,0.4,0.49,0.20,0
1789376386539875441,1919.1,0.0,0.44,0.00,1
1789376386540253267,1917.9,0.0,0.44,0.00,0
1789376387568491479,1764.5,0.1,0.38,5.50,1
1789376387569315949,1763.8,0.1,0.38,5.50,3
1789376388597156748,1758.4,0.0,0.41,0.00,0
1789376388596719744,1756.8,0.0,0.41,0.00,1
1789376389634673295,515.1,0.0,0.37,0.00,0
1789376389634671402,516.0,0.0,0.37,0.00,0
1789376390655155193,244.9,0.6,0.38,0.62,0
1789376390655240947,244.9,0.6,0.38,0.62,0
1789376391685126248,1807.6,0.0,0.41,0.00,2
1789376391685160924,1807.6,0.0,0.41,0.00,2
1789376392714402442,1958.7,0.2,0.45,2.50,1
1789376392714344034,1958.9,0.2,0.45,2.50,0
1789376393743025187,1826.7,0.0,0.42,0.00,1
1789376393742527205,1827.5,0.0,0.42,0.00,0
1789376394771420520,1781.5,0.0,0.41,0.00,1
1789376394771617614,1780.9,0.0,0.41,0.00,1
1789376395817387255,1099.7,1.1,0.41,0.20,0
1789376395817387019,1099.7,1.1,0.41,0.20,0
1789376396957816551,0.0,0.0,0.00,4.00,0
1789376396957797517,0.0,0.0,0.00,4.00,0
1789376397986376375,1636.7,0.0,0.38,0.00,0
1789376397986602531,1636.7,0.0,0.38,0.00,0
1789376399016044710,1909.8,0.0,0.44,0.00,0
1789376399016028842,1910.5,0.0,0.44,0.00,0
1789376400045955219,1873.3,0.7,0.41,0.17,0
1789376400045955329,1873.0,0.7,0.41,0.17,0
1789376401076267517,1813.3,0.0,0.40,0.00,2
1789376401076137952,1813.4,0.0,0.40,0.00,2
1789376402105810408,1585.7,0.2,0.44,1.40,0
1789376402104410621,1586.1,0.2,0.44,1.40,0
1789376403126662709,0.0,0.0,0.00,0.00,0
1789376403127311330,0.0,0.0,0.00,0.00,0
1789376404141522406,0.0,395.6,1.20,1.69,0
1789376404141522233,0.0,395.5,1.20,1.69,0
1789376405159206335,0.0,787.5,7.00,3.66,0
1789376405159303481,0.0,787.0,7.00,3.66,0
1789376406181485818,13.0,1165.8,12.13,6.36,8
1789376406181378975,13.4,1164.5,12.26,6.36,7
1789376407210181821,140.7,543.3,14.38,9.68,4
1789376407210927662,140.1,544.1,14.37,9.66,6
1789376408242373552,172.4,424.1,10.17,2.37,5
1789376408243255931,172.3,424.0,10.17,2.38,4
1789376409273406667,730.1,248.8,2.59,2.28,1
1789376409274926086,732.9,247.7,2.58,2.28,0
1789376410302440096,1937.7,0.0,0.43,0.00,0
1789376410303137958,1936.5,0.0,0.43,0.00,1
1789376411332221031,1952.8,0.0,0.42,0.00,0
1789376411332268275,1953.1,0.0,0.42,0.00,0
1789376412362401279,1733.4,0.2,0.41,7.00,1
1789376412362557012,1733.3,0.2,0.41,7.00,1
1789376413392331327,1819.3,0.0,0.42,0.00,1
1789376413392408124,1819.0,0.0,0.42,0.00,0
1789376414418934308,635.1,293.2,0.46,1.82,1
1789376414419361467,633.9,293.2,0.46,1.82,1
1789376415433601748,0.1,441.4,9.62,12.04,13
1789376415433150813,0.1,440.2,9.62,11.96,14
1789376416462945259,0.0,436.6,31.22,43.66,0
1789376416463699082,0.0,437.0,31.22,43.69,0
1789376417493206091,0.0,435.0,13.33,11.78,0
1789376417494298580,0.0,438.4,13.33,11.72,1
1789376418525652683,0.0,444.2,24.86,12.28,3
1789376418526614204,0.0,441.0,24.86,12.34,3
1789376419556350238,0.0,436.9,9.12,19.49,76
1789376419557178893,0.0,437.7,9.12,19.67,75
1789376420586671996,0.0,427.6,34.20,36.57,9
1789376420586862740,0.0,426.8,34.20,36.42,9
1789376421618256681,0.0,434.0,14.83,27.66,71
1789376421619104634,0.0,435.1,14.83,27.80,70
1789376422650067583,0.2,423.3,38.61,246.66,0
1789376422650976632,0.2,422.9,38.61,246.49,2
1789376423681425278,0.1,428.0,16.47,9.48,1
1789376423682351708,0.1,427.6,16.47,9.50,1
1789376424711067830,0.1,418.5,10.67,6.72,3
1789376424712976886,0.1,419.1,10.67,6.72,4
1789376425743761895,0.1,428.9,17.71,9.05,6
1789376425744709925,0.1,429.1,17.71,9.06,5
1789376426775555730,0.0,426.2,110.00,23.16,2
1789376426776546348,0.0,425.0,110.00,23.17,2
1789376427817939409,0.0,420.1,263.33,165.45,18
1789376427819040294,0.0,420.1,263.33,165.45,18
1789376428845851615,0.0,407.1,23.50,29.71,6
1789376428847060688,0.0,408.1,23.50,29.67,5
1789376429873846037,0.2,413.3,7.68,3.78,1
1789376429875517570,0.2,413.1,7.68,3.76,3
1789376430902173656,0.0,425.6,8.20,7.19,0
1789376430904000977,0.0,425.1,8.20,7.20,3
1789376431929415742,0.0,413.1,9.00,7.47,0
1789376431931085199,0.0,412.9,9.00,7.45,2
1789376432957658517,0.0,414.4,11.89,17.83,27
1789376432959637627,0.0,415.0,11.89,17.99,26
1789376433984876169,0.1,407.8,22.64,17.06,0
1789376433987094022,0.1,407.3,22.64,16.86,3
1789376435012409080,0.0,419.5,12.64,12.38,9
1789376435014714615,0.0,420.4,12.64,12.35,12
1789376436040554880,0.0,146.9,24.50,45.43,0
1789376436042640742,0.0,145.3,24.50,46.12,0
1789376437067495381,0.0,0.4,2.00,6.50,0
1789376437069515847,0.0,0.4,2.00,6.50,0
1789376438094093754,0.0,0.0,0.00,0.00,0
1789376438097171853,0.0,0.0,0.00,0.00,0
1789376439121209808,472.6,61.7,0.12,1.51,0
1789376439124013603,473.1,64.3,0.12,1.50,3
1789376440149749196,18.3,622.1,17.90,8.92,4
1789376440150583054,18.4,620.3,17.90,8.97,6
1789376441180168949,48.3,410.7,9.69,5.12,2
1789376441181632093,48.3,411.4,9.69,5.11,5
1789376442210678384,47.2,414.0,10.08,2.86,2
1789376442212358976,47.2,414.3,10.08,2.85,3
1789376443241727113,40.5,409.7,11.79,1.86,2
1789376443243271106,40.5,408.7,11.79,1.86,2
1789376444273119128,41.1,405.5,10.15,2.02,3
1789376444274206526,41.1,405.5,10.15,2.02,2
1789376445303630880,42.5,399.6,11.21,2.18,3
1789376445304657146,42.5,399.6,11.21,2.18,3
1789376446334684282,44.7,401.3,10.43,1.69,3
1789376446336085836,44.7,401.6,10.43,1.69,3
1789376447365203666,47.3,414.1,9.98,2.15,3
1789376447367158921,47.3,413.7,9.98,2.15,3
1789376448396079816,43.8,411.6,11.04,2.27,2
1789376448397699677,43.8,411.6,11.04,2.27,3
1789376449426987319,46.1,405.7,10.35,2.65,1
1789376449428723577,46.1,405.6,10.35,2.65,3
1789376450458113851,46.1,393.5,10.37,2.41,2
1789376450459890597,46.3,393.4,10.37,2.41,3
1789376451489630024,220.0,325.2,2.02,1.65,3
1789376451491020039,220.3,326.5,2.02,1.65,3
1789376452521226792,52.1,375.9,9.13,1.81,0
1789376452522679483,53.1,374.8,8.89,1.81,0
1789376453552792530,1117.0,0.0,0.11,0.00,1
1789376453553784646,1117.8,0.0,0.11,0.00,1
1789376454582553951,1163.7,0.0,0.12,0.00,1
1789376454582790873,1162.7,0.0,0.12,0.00,1
1789376455612448584,1202.5,0.0,0.12,0.00,1
1789376455612399978,1203.2,0.0,0.12,0.00,1
1789376456641198794,975.8,86.4,0.17,0.88,3
1789376456641544315,974.6,86.9,0.17,0.88,3
1789376457669654239,469.1,292.8,0.83,1.68,1
1789376457669391592,468.8,293.1,0.83,1.68,1
1789376458697782144,78.1,373.1,5.37,4.14,1
1789376458698496206,79.5,372.8,5.27,4.14,1
1789376459729015684,708.7,243.3,0.41,5.76,8
1789376459730272963,707.1,244.8,0.41,5.76,6
1789376460757728963,35.3,395.6,11.63,5.35,3
1789376460759067940,35.3,394.1,11.63,5.34,3
1789376461788763577,598.9,307.4,0.48,6.60,3
1789376461790740715,598.8,308.5,0.48,6.60,3
1789376462819960087,41.5,448.0,11.63,3.20,3
1789376462821753620,41.9,448.0,11.65,3.19,3
1789376463850959700,442.3,337.8,0.77,1.59,1
1789376463853321306,441.6,337.4,0.76,1.59,3
1789376464882249953,57.9,429.6,8.16,3.02,2
1789376464884264708,57.9,428.9,8.16,3.02,5
1789376465913728885,47.3,392.7,10.18,2.91,3
1789376465915471048,47.3,392.7,10.18,2.91,3
1789376466944856473,49.2,366.9,8.78,3.76,3
1789376466946429443,49.2,367.0,8.78,3.76,3
1789376467976186841,47.3,408.5,10.19,3.92,3
1789376467977371618,47.3,409.2,10.19,3.91,2
1789376469006671596,36.9,494.8,13.18,2.00,3
1789376469008432330,36.9,495.1,13.18,2.00,2
1789376470037854723,35.9,515.3,13.55,2.23,3
1789376470039496267,35.9,513.7,13.55,2.23,3
1789376471067845707,47.8,517.0,9.98,2.18,3
1789376471069944451,48.1,518.7,9.98,2.18,3
1789376472098682821,1076.0,53.7,0.17,2.36,0
1789376472099321534,1076.6,52.5,0.17,2.35,0
1789376473126478040,1260.8,0.0,0.12,0.00,0
1789376473126979353,1261.0,0.0,0.12,0.00,0
1789376474154931342,637.5,313.3,0.38,1.91,2
1789376474156013768,637.0,313.1,0.38,1.91,2
1789376475185203429,489.0,382.0,0.68,2.40,3
1789376475186539525,489.1,383.3,0.68,2.40,3
1789376476215050536,724.7,282.8,0.51,2.55,1
1789376476216456663,727.6,281.6,0.51,2.56,1
1789376477244378557,69.4,399.4,5.02,6.08,4
1789376477245357241,66.5,399.3,5.23,6.08,4
1789376478275177517,598.3,303.0,0.47,3.52,4
1789376478276077414,598.6,304.2,0.47,3.53,3
1789376479303545156,44.7,432.0,10.84,2.26,2
1789376479304620547,44.6,430.8,10.84,2.25,2
1789376480334915062,447.0,385.8,0.73,3.39,3
1789376480336016214,447.2,385.9,0.73,3.39,3
1789376481366222946,59.2,432.7,8.12,2.91,0
1789376481367429510,59.6,432.6,8.06,2.91,0
1789376482397078024,132.2,384.0,3.07,3.42,2
1789376482398730212,132.4,383.8,3.09,3.42,1
1789376483427906222,35.6,368.7,12.20,2.38,3
1789376483430157188,34.9,368.7,12.33,2.38,3
1789376484459261500,34.9,334.6,15.32,3.48,3
1789376484461138128,34.9,334.8,15.32,3.48,2
1789376485490490711,43.9,410.7,11.00,2.89,2
1789376485492667302,43.9,410.5,11.00,2.89,2
1789376486521351729,51.0,412.4,8.89,3.68,2
1789376486523483351,51.0,413.3,8.89,3.67,2
1789376487553086635,54.5,438.4,8.72,2.44,3
1789376487554966923,54.6,437.8,8.72,2.44,3
1789376488584902217,353.4,380.3,0.93,1.57,0
1789376488585703817,353.6,380.6,0.93,1.57,0
1789376489613181978,1227.0,0.0,0.11,0.00,2
1789376489614040595,1228.3,0.0,0.11,0.00,2
1789376490642152218,1292.7,0.0,0.12,0.00,0
1789376490643495880,1291.0,0.0,0.12,0.00,0
1789376491670836813,472.8,371.1,0.76,2.59,1
1789376491671796602,472.8,373.5,0.76,2.61,1
1789376492699299029,157.6,434.4,2.29,4.08,2
1789376492700577218,157.6,433.1,2.29,4.06,1
1789376493727222363,632.2,358.2,0.37,4.38,3
1789376493728134623,632.2,356.9,0.37,4.39,3
1789376494755279341,426.9,362.4,1.03,2.54,1
1789376494756400979,429.8,362.4,1.03,2.54,1
1789376495784077710,233.9,469.2,1.40,2.66,2
1789376495785204275,231.0,470.2,1.42,2.65,2
1789376496811547424,440.4,330.0,0.86,1.41,2
1789376496811851851,440.8,329.3,0.86,1.41,2
1789376497839696075,52.8,456.3,8.37,3.94,3
1789376497840856767,53.0,456.5,8.38,3.94,2
1789376498870837697,52.4,505.4,9.13,1.83,2
1789376498872524915,52.1,504.8,9.13,1.83,3
1789376499902102511,46.3,480.1,10.43,2.08,3
1789376499903412138,46.3,480.6,10.43,2.07,3
1789376500934495435,42.4,465.2,10.16,1.87,1
1789376500935824775,42.4,464.7,10.16,1.88,2
1789376501966008636,38.3,421.9,12.28,2.24,3
1789376501967274445,38.8,421.7,12.52,2.24,1
1789376502997923431,54.5,439.4,8.90,2.47,3
1789376502999072091,54.0,439.6,8.70,2.47,3
1789376504031142671,100.5,570.8,4.72,1.34,1
1789376504029828312,101.2,569.4,4.69,1.34,0
1789376505058815872,1051.7,0.0,0.11,0.00,0
1789376505060040321,1052.7,0.0,0.11,0.00,0
1789376506080286340,1246.0,0.0,0.12,0.00,0
1789376506086172274,1240.0,0.0,0.12,0.00,0
1789376507109273116,641.3,349.4,0.41,2.79,2
1789376507114504988,641.8,353.6,0.41,2.77,3
1789376508140602134,474.5,419.1,0.65,2.80,3
1789376508144279843,475.4,418.5,0.65,2.81,2
1789376509170855730,771.9,273.8,0.39,1.41,0
1789376509172783151,772.4,271.3,0.39,1.42,0
1789376510199384899,28.4,573.1,13.65,3.73,0
1789376510200559873,28.4,573.4,13.65,3.73,2
1789376511230487789,621.9,343.9,0.43,3.01,3
1789376511232139313,621.4,343.7,0.43,3.01,3
1789376512321221588,347.2,249.0,0.81,1.86,1
1789376512348229503,349.4,248.6,0.80,1.86,1
1789376513403806776,106.8,397.7,3.50,5.63,3
1789376513403955484,103.7,397.8,3.60,5.63,3
1789376514432112085,40.5,391.0,11.89,7.63,4
1789376514432456729,40.5,391.7,11.89,7.63,3
1789376515462941003,50.9,412.0,9.36,2.65,3
1789376515464357842,50.9,410.9,9.36,2.65,3
1789376516493843969,36.4,412.3,11.73,2.57,4
1789376516494732501,36.4,412.5,11.67,2.56,4
1789376517524272052,49.1,380.8,9.36,5.39,3
1789376517525556017,49.0,380.6,9.39,5.39,3
1789376518554956600,27.7,221.6,17.55,4.56,2
1789376518556533434,27.6,222.5,17.55,4.55,3
1789376519585773622,22.3,227.4,22.11,5.19,3
1789376519587252702,22.3,226.6,22.11,5.20,3
1789376520616688914,45.4,431.3,10.60,2.42,3
1789376520618375859,45.3,432.1,10.60,2.41,3
1789376521647315431,41.7,447.7,11.52,2.39,2
1789376521649363170,41.7,449.0,11.52,2.39,3
1789376522677269915,1063.2,105.0,0.21,1.73,0
1789376522679253253,1062.9,102.6,0.21,1.73,0
1789376523704125655,315.1,0.0,0.11,0.00,0
1789376523705822267,315.2,0.0,0.11,0.00,0
1789376524731693775,0.0,374.6,1.00,93.50,320
1789376524732835239,0.0,375.9,1.00,94.02,319
1789376525758155610,0.0,426.7,0.00,458.89,362
1789376525759884238,0.0,425.4,0.00,458.62,362
1789376526785757588,0.0,431.9,0.00,496.49,526
1789376526787451589,0.0,432.1,0.00,497.34,526
1789376527816532905,0.1,418.5,168.50,1046.86,86
1789376527817902087,0.1,419.4,168.50,1048.90,85
1789376528846975338,0.0,460.4,0.00,606.01,404
1789376528848637389,0.0,461.0,0.00,604.66,402
1789376529877608637,0.0,422.4,0.00,1141.22,464
1789376529879529682,0.0,422.2,0.00,1141.04,463
1789376530905998446,0.0,460.7,0.00,1249.96,550
1789376530907526742,0.0,460.5,0.00,1252.02,549
1789376531934736843,0.0,476.0,0.00,966.26,265
1789376531933902712,0.0,476.2,0.00,967.07,265
1789376533655216087,0.0,485.8,0.00,955.85,416
1789376533655748092,0.0,485.6,0.00,955.85,416
1789376534683318509,0.0,472.7,0.00,1151.53,476
1789376534684242743,0.0,472.6,0.00,1151.53,476
1789376535714662032,0.0,397.7,120.00,1173.40,31
1789376535715846988,0.0,397.5,120.00,1173.40,31
1789376536745207998,44.4,391.2,16.43,98.45,3
1789376536746597360,44.4,392.5,16.43,98.27,2
1789376537775448956,36.9,553.5,13.14,1.23,3
1789376537777392748,36.9,552.9,13.14,1.23,3
1789376538806311922,21.8,660.8,22.00,1.15,3
1789376538808171704,21.8,660.9,22.00,1.15,3
1789376539837356279,39.1,523.0,12.59,1.56,3
1789376539839117868,39.0,521.8,12.59,1.56,3
1789376540867725064,42.4,493.3,11.24,2.11,2
1789376540869872188,42.7,494.7,11.25,2.11,2
1789376541898506525,316.3,469.2,1.10,1.87,3
1789376541900718859,315.9,468.9,1.09,1.87,3
1789376542929432318,51.6,500.3,9.12,1.55,3
1789376542931525904,52.1,500.5,9.16,1.55,1
1789376543960107954,38.4,430.7,12.70,1.53,3
1789376543961597200,37.9,430.5,12.69,1.54,3
1789376544989657316,38.1,515.6,12.26,1.98,0
1789376544991637101,38.1,516.4,12.26,1.97,0
1789376546019941173,18.3,661.3,22.20,1.25,3
1789376546022171975,18.3,661.1,22.20,1.25,3
1789376547051322798,26.7,616.5,18.20,1.37,3
1789376547053288305,26.7,616.0,18.20,1.37,2
1789376548082043885,22.8,667.6,21.64,1.24,3
1789376548084347287,22.8,668.2,21.64,1.24,3
1789376549112777774,19.9,665.6,24.62,1.31,2
1789376549114809211,19.9,664.7,24.62,1.31,2
1789376550143686286,18.4,656.6,26.41,0.64,2
1789376550145007743,18.4,658.0,26.41,0.64,3
1789376551174151441,602.4,261.3,0.50,1.11,2
1789376551175575520,605.4,259.2,0.50,1.10,0
1789376552202773490,1094.7,0.0,0.15,4.50,1
1789376552203554298,1093.5,0.0,0.15,4.50,2
1789376553232032440,1230.4,0.0,0.14,0.00,1
1789376553231768076,1230.6,0.0,0.14,0.00,2
1789376554260558074,1014.9,0.0,0.14,0.00,1
1789376554260864019,1014.8,0.0,0.14,0.00,1
1789376555288501214,992.5,87.9,0.16,4.79,5
1789376555289382198,990.9,89.0,0.16,4.78,4
1789376556315849196,475.7,477.0,0.65,2.23,3
1789376556317902868,475.5,477.0,0.65,2.23,3
1789376557346663160,454.8,444.2,0.90,1.67,1
1789376557348639878,458.3,443.0,0.89,1.67,2
1789376558374713773,338.3,529.3,0.86,4.00,3
1789376558377215644,334.9,531.7,0.87,3.99,3
1789376559404211395,620.2,196.8,0.44,1.53,0
1789376559406075076,620.1,194.3,0.44,1.54,0
1789376560432134335,133.0,555.5,2.49,7.73,1
1789376560434070841,136.0,555.7,2.44,7.73,0
1789376561462546833,365.6,442.1,0.90,3.74,2
1789376561464324706,362.8,443.1,0.91,3.73,3
1789376562493425395,45.6,528.4,10.26,1.86,4
1789376562495202345,45.6,531.2,10.26,1.86,4
1789376563522937794,21.1,667.1,18.64,1.59,3
1789376563525432748,21.1,663.8,18.64,1.59,3
1789376564553178719,41.3,508.6,11.55,1.69,3
1789376564556071743,41.5,508.6,11.53,1.69,2
1789376565583737934,47.8,422.5,8.88,2.09,3
1789376565586857823,47.5,422.2,8.88,2.10,2
1789376566614987785,29.8,616.8,15.87,1.46,3
1789376566617832283,29.8,616.9,15.87,1.46,2
1789376567740750798,368.9,162.7,0.58,1.48,0
1789376567722600647,375.4,164.9,0.58,1.48,2
1789376568891868398,164.2,0.4,0.13,0.04,0
1789376568893761328,162.0,0.4,0.13,0.04,0
1789376569919268883,20.7,0.0,0.09,0.00,0
1789376569920681399,20.7,0.0,0.09,0.00,0
1789376570947138282,10.3,414.9,2.95,44.60,0
1789376570948095849,10.3,415.0,2.95,44.60,0
1789376571975091560,0.3,476.0,7.32,6.36,1
1789376571976661282,0.3,475.7,7.32,6.36,1
1789376573002052696,0.0,643.4,30.00,5.63,3
1789376573004572382,0.0,644.2,30.00,5.62,8
1789376574029311657,0.2,573.9,9.35,8.91,2
1789376574031752334,0.2,573.8,9.35,8.93,3
1789376575056566354,0.6,518.0,7.92,1.11,6
1789376575059419668,0.6,518.5,7.92,1.11,8
1789376576083916421,0.5,1047.9,5.89,27.73,254
1789376576086738666,0.5,1049.0,5.89,28.09,252
1789376577112414301,0.4,662.8,17.82,136.71,0
1789376577114343453,0.4,661.4,17.82,136.31,0
1789376578142935953,46.7,428.8,8.87,2.20,2
1789376578143773154,47.2,428.8,8.89,2.20,3
1789376579173007989,58.6,397.6,7.95,2.42,6
1789376579172869827,59.0,397.1,7.97,2.41,6
1789376580201609184,59.0,480.5,8.06,2.09,8
1789376580202434604,58.9,480.8,8.06,2.09,10
1789376581232429497,76.5,434.3,6.17,3.75,6
1789376581233310278,76.5,433.7,6.17,3.75,6
1789376582260636025,385.4,749.7,1.10,5.54,1
1789376582261182916,385.9,750.2,1.10,5.54,2
1789376583289720886,40.2,514.2,8.47,3.83,2
1789376583290061876,39.9,513.9,8.52,3.83,3
1789376584317701124,46.8,523.3,10.18,1.79,2
1789376584318693703,46.8,523.4,10.18,1.79,3
1789376585348001997,37.6,515.5,12.69,1.73,3
1789376585349928973,37.6,516.0,12.69,1.73,2
1789376586377897300,41.5,555.2,10.43,1.58,3
1789376586380168261,41.5,555.4,10.43,1.58,3
1789376587407564538,39.5,582.0,12.09,1.49,3
1789376587408975522,39.6,581.0,12.09,1.49,3
1789376588438767808,47.3,541.2,10.09,1.59,4
1789376588440601961,47.2,542.2,10.09,1.59,3
1789376589470435117,33.5,578.3,14.54,1.80,2
1789376589472176171,33.4,577.6,14.54,1.80,3
1789376590501617705,22.7,605.9,17.28,4.13,2
1789376590503268834,22.7,606.9,17.28,4.13,3
1789376591530899733,24.8,651.3,19.90,1.44,3
1789376591532447621,24.7,649.9,19.90,1.44,3
1789376592561490750,17.5,663.4,28.04,1.64,3
1789376592563677426,17.5,664.0,28.04,1.64,3
1789376593592323291,911.5,37.7,0.18,1.40,0
1789376593594424982,911.6,36.5,0.18,1.38,0
1789376594620573520,1260.4,0.1,0.12,0.00,0
1789376594622206577,1261.3,0.1,0.12,0.00,0
1789376595648810036,1260.7,0.1,0.12,0.62,0
1789376595650031594,1261.2,0.1,0.12,0.62,0
1789376596676957479,644.7,0.1,0.13,0.00,0
1789376596677837144,644.8,0.1,0.13,0.00,0
1789376597704829242,4.3,0.0,0.32,0.12,0
1789376597705189052,4.3,0.0,0.32,0.12,0
1789376598732393113,0.0,0.0,0.00,0.07,0
1789376598733034870,0.0,0.0,0.00,0.07,0
1789376599760020783,0.0,0.0,0.12,0.06,0
1789376599760795128,0.0,0.0,0.12,0.06,0
1789376600787942889,0.0,0.0,0.00,0.31,0
1789376600788610922,0.0,0.0,0.00,0.31,0
1789376601816013955,0.0,516.0,0.00,135.24,207
1789376601816989796,0.0,516.1,0.00,135.57,206
1789376602846927946,0.0,584.3,0.00,356.95,0
1789376602848152179,0.0,583.9,0.00,356.95,0
1789376603878268950,0.0,612.9,1.00,236.93,211
1789376603879358407,0.0,613.8,1.00,237.47,211
1789376604909949626,0.0,606.7,0.00,404.95,207
1789376604911097113,0.0,606.9,0.00,404.89,206
1789376605941619135,0.0,599.0,0.00,400.62,80
1789376605942494541,0.0,597.5,0.00,400.36,80
1789376606972939301,0.0,571.9,58.80,230.59,284
1789376606974543846,0.0,571.3,58.80,230.59,284
1789376608004039635,5.2,486.1,5.44,457.12,8
1789376608008162042,5.2,487.5,5.44,455.23,15
1789376609035397349,632.8,421.7,2.92,165.48,8
1789376609038642149,643.0,420.3,2.91,166.22,10
1789376610066896930,1280.3,0.0,1.17,0.00,0
1789376610069306887,1270.8,0.0,1.17,0.00,0
1789376611096620711,9.0,2.5,0.27,0.62,0
1789376611098697486,8.9,2.5,0.27,0.62,0
1789376612123480923,0.2,0.0,1.43,0.00,0
1789376612125468661,0.2,0.0,1.43,0.00,0
1789376613150579339,0.0,0.0,0.00,0.00,0
1789376613152459834,0.0,0.0,0.00,0.00,0
1789376614177539947,0.0,0.0,0.00,0.00,0
1789376614179591494,0.0,0.0,0.00,0.00,0
1789376615203751222,0.0,0.0,0.00,0.00,0
1789376615206604823,0.0,0.0,0.00,0.00,0
1789376616230875368,0.0,0.0,0.00,5.00,0
1789376616233446355,0.0,0.0,0.00,5.00,0
1789376617257467749,0.0,0.0,0.00,0.00,0
1789376617260027029,0.0,0.0,0.00,0.00,0
1789376618284667074,0.0,0.0,0.00,0.00,0
1789376618286651648,0.0,0.0,0.00,0.00,0
1789376619310474459,0.0,0.0,0.00,0.00,0
1789376619313700334,0.0,0.0,0.00,0.00,0
1789376620337320477,1.5,0.1,0.27,2.67,0
1789376620340707119,1.5,0.1,0.27,2.67,0
1789376621364070833,0.0,0.0,0.00,0.00,0
1789376621367326107,0.0,0.0,0.00,0.00,0
1789376622391099381,0.0,0.0,0.00,0.00,0
1789376622393509139,0.0,0.0,0.00,0.00,0
1789376623417692099,0.0,1.5,14.00,1.24,0
1789376623419818345,0.0,1.5,14.00,1.24,0
1789376624445603138,1217.7,0.3,2.95,1.00,6
1789376624447260984,1222.0,0.3,2.95,1.00,6
1789376625476787022,2429.2,0.0,1.75,12.00,3
1789376625478190826,2430.7,0.0,1.74,12.00,1
1789376626507291106,2015.3,0.0,1.93,0.00,0
1789376626508534978,2010.4,0.0,1.93,0.00,0
1789376627534482835,1917.3,0.0,2.00,0.00,26
1789376627536016553,1923.1,0.0,2.02,0.00,18
1789376628561716145,2462.5,0.0,2.25,1.00,10
1789376628562815803,2461.2,0.0,2.23,1.00,9
1789376629591296732,2462.6,0.0,1.89,7.00,7
1789376629593040369,2463.8,0.0,1.88,7.00,7
1789376630621439259,2449.6,0.0,1.72,0.00,3
1789376630622977665,2449.0,0.0,1.72,0.00,1
1789376631651841729,2043.2,0.0,1.83,0.00,0
1789376631653261710,2037.4,0.0,1.83,0.00,0
1789376632679185638,1892.7,0.0,1.96,0.00,0
1789376632680976796,1893.2,0.0,1.96,0.00,0
1789376633703802905,2462.4,0.0,2.18,0.00,10
1789376633707694809,2469.9,0.0,2.18,0.00,9
1789376634733660871,2441.7,0.0,1.95,6.50,8
1789376634736797934,2439.0,0.0,1.95,6.50,8
1789376635765017765,2447.8,0.0,1.74,0.00,2
1789376635767049046,2448.0,0.0,1.74,0.00,3
1789376636795555478,2091.8,0.0,1.80,0.00,0
1789376636797291757,2086.6,0.0,1.80,0.00,0
1789376637823395988,1892.7,0.0,1.91,0.00,0
1789376637824916949,1893.3,0.0,1.91,0.00,0
1789376638850537835,2273.3,0.0,3.27,0.00,52
1789376638851667770,2273.7,0.0,3.28,0.00,45
1789376639879065911,2359.5,0.0,2.18,2.00,8
1789376639880736033,2364.6,0.0,2.16,2.00,11
1789376640909091459,2479.9,0.0,1.75,0.00,4
1789376640911173934,2480.9,0.0,1.75,0.00,5
1789376641939299287,2328.8,0.0,1.74,0.00,0
1789376641941394992,2321.7,0.0,1.75,0.00,0
1789376642969085589,1891.7,0.0,1.98,0.00,0
1789376642970539267,1891.4,0.0,1.98,0.00,0
1789376643995412550,2038.0,1.1,2.42,0.09,23
1789376643997383491,2045.0,1.1,2.44,0.09,12
1789376645022189701,1989.6,0.3,17.49,1.50,137
1789376645023899865,1983.9,0.3,17.59,1.50,122
1789376646053211103,2349.7,0.0,2.94,0.00,12
1789376646054601671,2353.1,0.0,2.84,0.00,8
1789376647083529734,2469.4,0.0,1.88,0.00,6
1789376647085052406,2470.1,0.0,1.87,0.00,4
1789376648113729098,2397.2,0.0,1.77,0.00,1
1789376648115639685,2395.1,0.0,1.77,0.00,1
1789376649144081658,1976.4,0.4,1.96,0.77,0
1789376649145429644,1973.0,0.4,1.96,0.77,0
1789376650171524538,1969.9,0.2,2.32,7.50,36
1789376650172688089,1973.8,0.2,2.34,7.50,36
1789376651198559937,1822.0,0.0,1.67,0.00,0
1789376651199637790,1819.7,0.0,1.65,0.00,0
1789376652226823449,302.0,65.2,0.28,0.37,6
1789376652226614251,301.9,65.1,0.28,0.37,3
1789376653255114666,87.4,37.7,0.38,0.57,1
1789376653254695278,87.3,37.7,0.38,0.57,1
1789376654281190283,15.0,0.4,0.17,11.80,0
1789376654282009381,15.0,0.4,0.17,11.80,0
1789376655307188038,0.0,0.2,0.00,8.50,0
1789376655308881312,0.0,0.2,0.00,8.50,0
1789376656333761887,0.0,0.0,0.00,0.00,0
1789376656335633364,0.0,0.0,0.00,0.00,0
1789376657360403974,0.0,0.0,0.00,0.00,0
1789376657362411425,0.0,0.0,0.00,0.00,0
1789376658387360205,0.0,0.0,0.00,0.00,0
1789376658389342315,0.0,0.0,0.00,0.00,0
1789376659414120256,928.3,0.4,2.47,2.00,15
1789376659417048688,937.4,0.4,2.47,2.00,27
1789376660444797099,3158.7,0.1,1.99,6.00,10
1789376660447072650,3158.0,0.1,1.99,6.00,10
1789376661475168521,3299.7,0.0,1.74,0.00,2
1789376661477181407,3298.3,0.0,1.74,0.00,2
1789376662505582153,3172.0,0.0,2.08,0.00,7
1789376662507025273,3173.6,0.0,2.08,0.00,6
1789376663535993427,3169.7,0.0,1.96,0.00,8
1789376663537187890,3169.3,0.0,1.96,0.00,8
1789376664566233030,3222.1,0.4,1.70,1.60,1
1789376664567446669,3220.1,0.4,1.69,1.60,1
1789376665596572489,3242.3,0.2,2.03,2.00,4
1789376665598278207,3244.3,0.2,2.03,2.00,6
1789376666627334149,3149.2,0.0,1.99,0.00,10
1789376666628816048,3149.3,0.0,2.00,0.00,9
1789376667658358793,3156.9,0.0,1.82,0.00,35
1789376667659147861,3155.0,0.0,1.83,0.00,30
1789376668688452653,3288.7,2.9,1.91,1.74,7
1789376668690141874,3283.7,2.9,1.91,1.76,5
1789376669718775462,3035.7,0.6,2.79,0.77,20
1789376669721385571,3040.1,0.6,2.79,0.73,18
1789376670749800047,3136.5,0.0,1.81,0.00,33
1789376670751970497,3139.1,0.0,1.81,0.00,20
1789376671780331649,3291.4,0.0,1.88,0.00,5
1789376671782824667,3291.0,0.0,1.87,0.00,6
1789376672810764371,3155.3,0.0,2.06,0.00,11
1789376672812957357,3154.7,0.0,2.07,0.00,14
1789376673841053938,2965.9,0.0,4.72,0.00,431
1789376673842500861,2963.6,0.0,4.78,0.00,425
1789376674871836247,2806.4,0.6,12.97,0.62,9
1789376674873479987,2809.5,0.6,12.93,0.62,8
1789376675902850038,3164.2,0.0,1.94,0.00,11
1789376675904312826,3163.4,0.0,1.94,0.00,12
1789376676934778169,3269.5,0.0,1.72,0.00,1
1789376676936226994,3269.0,0.0,1.72,0.00,0
1789376677965958086,3221.4,0.0,2.11,0.00,4
1789376677967000756,3222.6,0.0,2.10,0.00,4
1789376678996387446,706.8,44.2,0.38,0.36,0
1789376678997852742,701.7,44.3,0.38,0.36,0
1789376680023955708,7.2,0.6,0.14,0.19,0
1789376680025308776,7.2,0.6,0.14,0.19,0
1789376681050891340,0.0,0.0,0.00,0.00,0
1789376681052407187,0.0,0.0,0.00,0.00,0
1789376682077748783,0.0,0.0,13.80,0.00,0
1789376682079164348,0.0,0.0,13.80,0.00,0
1789376683104665760,0.0,0.0,0.00,0.00,0
1789376683106258419,0.0,0.0,0.00,0.00,0
1789376684131340312,0.0,0.0,0.00,0.00,0
1789376684133264099,0.0,0.0,0.00,0.00,0
1789376685158411868,0.0,0.6,0.00,5.37,0
1789376685160519386,0.0,0.6,0.00,5.37,0
1789376686185601563,0.1,0.0,2.50,0.00,0
1789376686186933033,0.1,0.0,2.50,0.00,0
1789376687213252748,0.0,0.0,0.00,0.00,0
1789376687214134468,0.0,0.0,0.00,0.00,0
1789376688240293899,0.0,0.0,0.00,0.00,0
1789376688240686516,0.0,0.0,0.00,0.00,0
1789376689266823775,0.0,0.0,0.00,0.00,0
1789376689267734237,0.0,0.0,0.00,0.00,0
1789376690293136083,0.0,0.5,0.00,6.15,0
1789376690294188828,0.0,0.5,0.00,6.15,0
1789376691318948783,0.0,0.0,0.00,0.00,0
1789376691320396251,0.0,0.0,0.00,0.00,0
1789376692345249688,0.0,0.0,0.00,0.00,0
1789376692346229559,0.0,0.0,0.00,0.00,0
1789376693372086817,901.0,0.0,3.39,0.00,8
1789376693373648634,905.9,0.0,3.39,0.00,10
1789376694402563015,2507.2,0.0,1.74,0.00,5
1789376694404088473,2506.5,0.0,1.74,0.00,4
1789376695432825465,2254.1,0.5,1.71,0.41,0
1789376695434544719,2248.7,0.5,1.71,0.41,0
1789376696461382602,1893.5,0.0,1.96,0.00,0
1789376696463459581,1891.9,0.0,1.96,0.00,0
1789376697487687233,2325.4,0.0,2.39,0.00,9
1789376697490378950,2335.1,0.0,2.39,0.00,9
1789376698516122555,2471.3,0.0,1.93,0.00,7
1789376698518743909,2471.3,0.0,1.93,0.00,6
1789376699545974438,2482.9,0.0,1.78,0.00,4
1789376699548359194,2481.8,0.0,1.78,0.00,4
1789376700576337759,2164.9,0.5,1.87,0.55,0
1789376700578697382,2157.9,0.5,1.87,0.55,0
1789376701605396353,1891.7,0.0,1.99,0.00,0
1789376701606669284,1894.2,0.0,1.99,0.00,0
1789376702632971387,2319.2,0.0,2.08,0.00,10
1789376702633891999,2323.2,0.0,2.08,0.00,8
1789376703661390071,2469.6,0.0,2.07,0.00,7
1789376703662659417,2468.6,0.0,2.07,0.00,8
1789376704692364729,2454.1,0.2,1.80,6.00,6
1789376704693344805,2455.2,0.2,1.80,6.00,5
1789376705722855598,2197.8,0.6,1.84,1.00,0
1789376705724440778,2191.4,0.6,1.84,1.00,0
1789376706751312654,1892.4,0.0,1.95,0.00,0
1789376706753464882,1892.2,0.0,1.95,0.00,0
1789376707778475182,2257.6,0.0,2.85,0.00,211
1789376707780225726,2261.1,0.0,2.87,0.00,150
1789376708806810964,2405.0,0.0,2.17,0.00,9
1789376708808379105,2407.0,0.0,2.13,0.00,12
1789376709837513038,2433.8,0.2,1.87,7.00,4
1789376709838673087,2434.0,0.2,1.87,7.00,4
1789376710868422265,2336.0,0.4,1.79,1.80,1
1789376710869469486,2334.1,0.4,1.79,1.80,1
1789376711898403291,1902.0,0.0,1.92,0.00,0
1789376711899826723,1899.6,0.0,1.92,0.00,0
1789376712925604624,2141.3,0.0,2.37,0.00,10
1789376712926514298,2145.5,0.0,2.37,0.00,9
1789376713953678662,2071.2,0.0,17.46,0.00,12
1789376713954486809,2070.6,0.0,17.46,0.00,11
1789376714984383921,2290.5,0.2,3.04,2.00,9
1789376714985463703,2291.5,0.2,3.04,2.00,10
1789376716015151300,2458.6,0.4,1.84,1.45,6
1789376716016971428,2459.2,0.4,1.83,1.45,5
1789376717045168813,2290.3,0.0,1.85,0.00,0
1789376717047251227,2285.4,0.0,1.85,0.00,1
1789376718074753506,1966.1,0.0,2.07,0.00,0
1789376718076919729,1964.2,0.0,2.07,0.00,0
1789376719102091149,2028.1,0.0,2.37,0.00,37
1789376719103799271,2034.4,0.0,2.37,0.00,27
1789376720129278865,1758.8,31.3,1.57,2.91,7
1789376720130973349,1752.6,32.3,1.57,2.96,7
1789376721155799598,3.4,239.3,3.90,4.60,0
1789376721157572717,3.3,238.4,3.87,4.60,0
1789376722182426445,0.0,0.0,0.00,0.00,0
1789376722184581507,0.0,0.0,0.00,0.00,0
1789376723209171592,0.0,0.0,0.00,0.00,0
1789376723211259051,0.0,0.0,0.00,0.00,0
1789376724236104153,0.0,0.0,0.00,0.00,0
1789376724238002624,0.0,0.0,0.00,0.00,0
1789376725262772650,0.0,0.4,0.00,8.50,0
1789376725265168956,0.0,0.4,0.00,8.50,0
1789376726290077169,1244.3,0.6,2.47,1.64,7
1789376726292512183,1252.1,0.6,2.46,1.64,7
1789376727320646133,3024.3,0.0,2.01,0.00,9
1789376727323216427,3026.5,0.0,2.01,0.00,9
1789376728351073935,3253.4,0.0,1.66,0.00,1
1789376728353350549,3248.6,0.0,1.65,0.00,1
1789376729381652226,3263.5,0.0,2.06,0.00,5
1789376729383444535,3265.2,0.0,2.06,0.00,6
1789376730411846830,3175.3,5.0,1.98,5.36,17
1789376730413941244,3171.8,6.0,1.98,5.25,16
1789376731442111404,1111.3,389.3,2.26,3.45,6
1789376731443976964,1109.1,389.5,2.26,3.44,6
1789376732473022332,1908.6,766.2,1.91,1.13,23
1789376732474818138,1912.5,765.5,1.91,1.13,26
1789376733503432388,2253.8,621.7,2.06,1.45,14
1789376733505502553,2256.5,621.0,2.07,1.45,22
1789376734533733857,2174.9,733.7,1.92,1.10,13
1789376734535711056,2174.9,733.7,1.90,1.10,13
1789376735563992943,2247.4,701.5,1.83,1.13,10
1789376735566232815,2247.9,701.5,1.83,1.13,9
1789376736594410080,2003.2,733.5,2.15,1.22,7
1789376736596578965,2002.4,733.5,2.15,1.22,8
1789376737624776869,672.2,435.3,2.98,2.12,6
1789376737626970960,665.9,436.2,3.00,2.12,6
1789376738655600905,73.8,407.6,12.18,5.07,8
1789376738658127121,73.8,408.3,12.18,5.07,4
1789376739686111641,1697.7,191.6,3.02,5.50,3
1789376739688264812,1698.8,190.8,3.02,5.51,5
1789376740716943654,129.6,399.9,11.37,3.34,5
1789376740719186824,129.1,399.9,11.37,3.35,6
1789376741747085144,76.2,383.3,13.33,5.71,21
1789376741749849517,84.2,382.2,14.01,5.72,12
1789376742777864483,1700.9,184.7,2.99,5.43,7
1789376742780675439,1692.9,186.7,2.92,5.44,5
1789376743808597824,120.7,371.6,10.36,3.80,7
1789376743811176374,120.7,371.2,10.36,3.80,6
1789376744839149233,150.3,358.2,13.56,5.52,10
1789376744841709605,150.2,356.7,13.56,5.52,10
1789376745869522826,1651.4,192.2,2.80,3.93,8
1789376745871993934,1652.2,193.6,2.81,3.93,8
1789376746899867866,94.2,376.5,12.08,4.22,2
1789376746902766678,93.2,374.9,12.09,4.22,4
1789376747930235361,154.4,362.0,14.64,3.70,8
1789376747933267213,154.9,361.9,14.63,3.70,9
1789376748960505213,1635.2,163.3,7.99,4.07,8
1789376748963520450,1635.6,165.7,7.99,4.04,6
1789376749991467079,91.3,361.1,12.64,5.19,24
1789376749993909316,91.8,359.4,12.71,5.20,26
1789376751022206028,1492.4,192.6,2.51,5.15,8
1789376751024701505,1500.2,192.0,2.49,5.16,5
1789376752052320824,3188.6,0.0,1.84,0.00,10
1789376752055012756,3189.3,0.0,1.84,0.00,10
1789376753083402455,3104.3,1.9,1.78,2.28,20
1789376753086036841,3104.3,1.9,1.79,2.28,13
1789376754114339135,3297.2,0.0,1.72,0.00,7
1789376754116436601,3295.1,0.0,1.72,0.00,6
1789376755145110646,2569.8,0.6,14.26,8.33,9
1789376755147214728,2570.5,0.6,14.26,8.33,43
1789376756175772371,3272.3,0.0,1.66,0.00,2
1789376756178173831,3268.7,0.0,1.66,0.00,2
1789376757206519142,3184.3,0.0,2.02,0.00,9
1789376757208628864,3187.6,0.0,2.03,0.00,9
1789376758236757383,3205.5,0.9,1.80,1.89,10
1789376758239186286,3206.8,0.9,1.80,1.89,11
1789376759266988136,1262.7,0.0,1.19,0.00,0
1789376759269229633,1254.7,0.0,1.18,0.00,0
1789376760293047300,0.0,0.2,0.00,7.00,0
1789376760296320798,0.0,0.2,0.00,7.00,0
1789376761319939834,0.0,0.0,0.00,0.00,0
1789376761322889196,0.0,0.0,0.00,0.00,0
1789376762346885505,0.0,0.0,0.00,0.00,0
1789376762349742403,0.0,0.0,0.00,0.00,0
1789376763374102185,0.0,0.4,0.00,0.13,0
1789376763376135407,0.0,0.4,0.00,0.13,0
1789376764400842370,52.1,0.0,12.22,0.00,48
1789376764402807364,57.6,0.0,11.86,0.00,43
1789376765428342386,3286.3,0.2,1.95,11.50,8
1789376765430031898,3287.3,0.2,1.95,11.50,6
1789376766459222733,3215.4,0.0,1.87,0.00,12
1789376766460711840,3213.7,0.0,1.88,0.00,11
1789376767488782235,3211.7,0.0,1.78,0.00,11
1789376767490865620,3214.5,0.0,1.78,0.00,10
1789376768519300632,3298.0,0.4,1.65,0.64,4
1789376768520791927,3296.4,0.4,1.65,0.64,1
1789376769550187386,3206.3,0.0,1.95,0.00,10
1789376769551722561,3205.8,0.0,1.95,0.00,10
1789376770580950766,3179.9,0.1,1.81,5.00,11
1789376770582858077,3179.0,0.1,1.81,5.00,11
1789376771611611949,3200.7,0.0,1.57,0.00,51
1789376771613224546,3202.5,0.0,1.57,0.00,43
1789376772642807233,3317.3,0.0,1.93,0.00,8
1789376772644309279,3316.4,0.0,1.93,0.00,6
1789376773674203980,3193.9,0.3,1.86,1.54,10
1789376773675250746,3193.7,0.3,1.86,1.54,11
1789376774705633874,3169.5,0.2,1.78,2.00,12
1789376774706535456,3169.1,0.2,1.78,2.00,10
1789376775737291463,3220.0,0.0,2.27,0.00,8
1789376775737917492,3222.0,0.0,2.27,0.00,5
1789376776768490059,3179.8,0.0,1.90,0.00,10
1789376776769483653,3177.9,0.0,1.90,0.00,11
1789376777799393751,3175.2,0.0,1.79,0.00,11
1789376777800634498,3175.3,0.0,1.79,0.00,12
1789376778830698551,3263.8,0.4,1.63,0.68,2
1789376778831870708,3262.6,0.4,1.63,0.68,2
1789376779861540858,2601.7,0.2,13.97,4.50,10
1789376779862867786,2603.0,0.2,13.97,4.50,11
1789376780893149618,3195.4,0.0,1.61,0.00,59
1789376780894322952,3195.9,0.0,1.61,0.00,54
1789376781923924438,3303.9,0.0,1.92,0.00,7
1789376781925156396,3303.7,0.0,1.91,0.00,6
1789376782954539209,3224.6,0.0,1.86,0.00,12
1789376782955972610,3225.2,0.0,1.86,0.00,11
1789376783985664926,965.9,0.4,1.05,0.10,0
1789376783987172583,960.7,0.4,1.04,0.10,0
1789376785012529781,0.0,0.2,0.00,6.00,0
1789376785014069608,0.0,0.2,0.00,6.00,0
1789376786039539869,0.1,0.0,2.00,0.00,0
1789376786041156184,0.1,0.0,2.00,0.00,0
1789376787065964619,0.0,0.0,0.00,0.00,0
1789376787068090429,0.0,0.0,0.00,0.00,0
1789376788092922072,0.0,0.0,0.00,0.00,0
1789376788094299305,0.0,0.0,0.00,0.00,0
1789376789119426761,321.3,0.3,5.08,0.12,11
1789376789121030978,326.0,0.3,5.02,0.12,10
1789376790147588475,3312.7,0.1,1.64,2.00,3
1789376790149345944,3312.1,0.1,1.64,2.00,3
1789376791180184742,3221.0,0.0,1.95,0.00,10
1789376791178841087,3220.6,0.0,1.95,0.00,8
1789376792209341140,3214.5,0.0,1.78,0.00,12
1789376792210314341,3215.1,0.0,1.78,0.00,12
1789376793240403735,3202.4,0.0,1.63,0.00,38
1789376793241521154,3201.3,0.0,1.64,0.00,30
1789376794271257685,3298.1,0.3,1.88,1.57,6
1789376794272906049,3299.0,0.3,1.87,1.57,6
1789376795302539823,3189.0,0.1,1.88,7.50,10
1789376795303979242,3187.5,0.1,1.88,7.50,11
1789376796333515214,3192.9,0.0,1.79,0.00,11
1789376796334978927,3194.8,0.0,1.79,0.00,10
1789376797364898362,3308.1,0.0,1.64,0.00,2
1789376797365860228,3306.0,0.0,1.64,0.00,3
1789376798395633913,3200.0,0.0,1.95,0.00,11
1789376798397067270,3201.3,0.0,1.95,0.00,11
1789376799426912024,3094.9,0.3,2.20,0.09,12
1789376799428377256,3095.5,0.3,2.20,0.09,11
1789376800458113142,3217.8,0.2,1.64,6.50,0
1789376800459250377,3213.3,0.2,1.64,6.50,2
1789376801488100053,3226.0,0.0,1.94,0.00,21
1789376801489750517,3228.2,0.0,1.94,0.00,23
1789376802518777362,3179.2,0.0,1.83,0.00,10
1789376802520239585,3180.6,0.0,1.83,0.00,11
1789376803549966649,3116.7,0.0,1.96,0.00,662
1789376803551227854,3113.6,0.0,1.99,0.00,657
1789376804580892242,2804.5,0.4,12.50,3.16,19
1789376804582893976,2809.2,0.4,12.46,3.16,16
1789376805611430839,3183.3,0.2,1.79,6.50,11
1789376805613274066,3182.2,0.2,1.79,6.50,10
1789376806642300093,3295.6,0.0,1.65,0.00,2
1789376806644525679,3294.0,0.0,1.64,0.00,3
1789376807672931039,3232.6,0.0,1.96,0.00,6
1789376807674929942,3236.4,0.0,1.96,0.00,5
1789376808702355120,655.5,0.0,0.83,0.00,0
1789376808704638846,647.2,0.0,0.83,0.00,0
1789376809729129850,0.0,0.5,0.00,0.29,0
1789376809731319015,0.0,0.5,0.00,0.29,0
1789376810756176815,0.0,0.0,0.00,0.00,0
1789376810758124634,0.0,0.0,0.00,0.00,0
1789376811783038888,0.0,0.0,0.00,0.00,0
1789376811785295598,0.0,0.0,0.00,0.00,0
1789376812809765717,0.0,0.0,0.00,0.00,0
1789376812812421980,0.0,0.0,0.00,0.00,0
1789376813837593825,648.5,0.0,3.52,0.00,12
1789376813839753026,656.4,0.0,3.50,0.00,10
1789376814869162925,3202.4,0.5,1.66,1.44,20
1789376814870982190,3201.8,0.5,1.67,1.44,32
1789376815900419328,3329.0,0.0,1.82,0.00,5
1789376815902182341,3328.3,0.0,1.81,0.00,6
1789376816930945639,3230.5,0.0,1.86,0.00,8
1789376816933331292,3231.0,0.0,1.86,0.00,8
1789376817961964453,3210.0,0.0,1.77,0.00,12
1789376817963681281,3210.4,0.0,1.77,0.00,11
1789376818992775852,3270.6,0.0,1.62,0.00,2
1789376818993822638,3268.9,0.0,1.62,0.00,0
1789376820024005866,3206.7,0.5,1.97,3.64,6
1789376820025306311,3208.5,0.5,1.97,3.64,7
1789376821055452475,3193.5,0.0,1.81,0.00,10
1789376821057359450,3193.2,0.0,1.81,0.00,12
1789376822088488942,3200.6,0.0,1.70,0.00,10
1789376822089685074,3202.2,0.0,1.71,0.00,45
1789376823120456609,3314.9,0.0,1.77,0.00,6
1789376823122617839,3313.9,0.0,1.77,0.00,8
1789376824151218418,3087.9,0.0,2.48,0.00,13
1789376824153117800,3089.1,0.0,2.49,0.00,12
1789376825182253323,3165.8,0.5,1.76,1.43,11
1789376825184127649,3163.6,0.5,1.76,1.43,11
1789376826212896403,3305.9,0.0,1.67,0.00,7
1789376826214854228,3307.0,0.0,1.67,0.00,8
1789376827243430193,3187.7,0.0,1.94,0.00,10
1789376827245090070,3187.7,0.0,1.94,0.00,8
1789376828273037255,2869.6,0.0,7.72,0.00,207
1789376828274468621,2866.5,0.0,7.74,0.00,202
1789376829303411399,3103.3,0.0,4.17,0.00,6
1789376829305231908,3104.9,0.0,4.15,0.00,8
1789376830334016996,3154.0,0.6,1.89,0.80,13
1789376830335306198,3155.1,0.6,1.89,0.80,12
1789376831364522598,3209.9,0.0,1.78,0.00,17
1789376831366473358,3211.4,0.0,1.78,0.00,10
1789376832395105065,3333.8,0.0,1.70,0.00,6
1789376832397201981,3332.7,0.0,1.69,0.00,6
1789376833425250710,230.6,0.0,0.45,0.00,0
1789376833427222170,224.6,0.0,0.44,0.00,0
1789376834451529346,0.0,0.0,0.00,0.00,16
1789376834454228724,0.0,0.0,0.00,0.00,16
1789376835478586336,2.6,0.6,0.13,3.53,0
1789376835480649213,2.6,0.6,0.13,3.53,0
1789376836505355625,0.0,0.0,0.00,0.00,0
1789376836507628550,0.0,0.0,0.00,0.00,0
1789376837532002605,0.0,0.0,0.00,0.00,0
1789376837534415496,0.0,0.0,0.00,0.00,0
1789376838559272963,1103.6,0.0,2.51,0.00,9
1789376838562280819,1112.8,0.0,2.51,0.00,10
1789376839590268504,3210.1,0.4,1.78,1.73,11
1789376839593155561,3208.3,0.6,1.78,1.73,13
1789376840620960850,3231.9,0.2,1.57,7.00,0
1789376840623570892,3225.2,0.0,1.57,12.00,0
1789376841651336910,3298.5,0.0,1.96,0.00,6
1789376841654357101,3307.7,0.0,1.96,0.00,8
1789376842681993669,3206.3,0.0,1.84,0.00,10
1789376842685001607,3206.7,0.0,1.85,0.00,11
1789376843712516562,3183.1,0.0,1.78,0.00,11
1789376843715292617,3183.2,0.0,1.78,0.00,11
1789376844742932851,3306.9,0.5,1.68,0.50,6
1789376844745726632,3308.2,0.5,1.68,0.50,4
1789376845773153853,3197.1,0.0,1.93,0.00,10
1789376845774931206,3194.4,0.0,1.94,0.00,10
1789376846801824244,3194.2,0.0,1.80,0.00,11
1789376846804511055,3195.3,0.0,1.80,0.00,10
1789376847832031324,3237.7,0.0,1.56,0.00,1
1789376847835024657,3233.3,0.0,1.56,0.00,2
1789376848863010422,3158.6,0.0,2.55,0.00,6
1789376848865693872,3163.2,0.0,2.55,0.00,8
1789376849892980294,3148.4,0.5,1.78,1.95,12
1789376849896134604,3148.2,0.5,1.79,1.95,11
1789376850923620084,3168.7,0.0,1.56,0.00,42
1789376850926140156,3167.7,0.0,1.57,0.00,31
1789376851954438130,3308.7,0.0,1.94,0.00,6
1789376851956815946,3308.3,0.0,1.93,0.00,7
1789376852984893841,2624.9,0.0,15.25,0.00,27
1789376852987209499,2621.2,0.0,15.29,0.00,22
1789376854015384727,3209.4,0.0,1.84,0.00,6
1789376854017452190,3213.6,0.0,1.82,0.00,7
1789376855045638813,3170.5,0.5,1.95,1.88,10
1789376855047979946,3170.7,0.5,1.95,1.88,10
1789376856075679800,3198.8,0.0,1.81,0.00,10
1789376856077783027,3198.8,0.0,1.81,0.00,9
1789376857106287603,3284.6,0.0,1.61,0.00,2
1789376857108144997,3282.8,0.0,1.61,0.00,2
1789376858136539269,50.6,0.0,0.38,0.00,0
1789376858138094471,46.7,0.0,0.39,0.00,0
1789376859163358380,0.0,0.0,0.00,0.00,0
1789376859165171565,0.0,0.0,0.00,0.00,0
1789376860189862182,0.0,0.5,0.00,5.37,0
1789376860190706861,0.0,0.5,0.00,5.37,0
1789376861216420688,0.0,0.0,0.00,0.00,0
1789376861217320194,0.0,0.0,0.00,0.00,0
1789376862242581037,0.0,0.0,0.00,0.00,0
1789376862244161665,0.0,0.0,0.00,0.00,0
1789376863270087334,1285.1,0.0,2.69,0.00,6
1789376863271663048,1290.5,0.0,2.68,0.00,7
1789376864300680637,3215.8,0.0,1.81,0.00,10
1789376864302501452,3216.6,0.0,1.81,0.00,10
1789376865331340933,3197.5,0.5,1.73,0.81,20
1789376865333024732,3197.3,0.5,1.74,0.81,10
1789376866361103809,3321.6,0.0,1.76,0.00,8
1789376866362756383,3322.5,0.0,1.75,0.00,6
1789376867391629593,3213.6,0.0,1.90,0.00,8
1789376867393406382,3211.5,0.0,1.90,0.00,10
1789376868422265496,3185.6,0.0,1.77,0.00,10
1789376868423863457,3185.3,0.0,1.78,0.00,10
1789376869452987204,3266.7,0.0,1.61,0.00,2
1789376869454953926,3263.6,0.0,1.61,0.00,2
1789376870483254439,3231.4,0.5,1.97,1.90,8
1789376870485374862,3236.1,0.5,1.97,1.90,7
1789376871513781190,3208.1,0.0,1.82,0.00,12
1789376871516120203,3208.2,0.0,1.82,0.00,10
1789376872544673930,3185.2,0.0,1.70,0.00,14
1789376872546718197,3185.4,0.0,1.71,0.00,31
1789376873575739421,3191.6,0.0,2.42,0.00,8
1789376873577632894,3192.1,0.0,2.41,0.00,6
1789376874606482156,3166.7,0.2,1.88,7.00,12
1789376874608839428,3164.9,0.2,1.88,7.00,12
1789376875636891217,3166.0,0.4,1.76,0.59,21
1789376875639368687,3168.0,0.4,1.76,0.59,14
1789376876667153114,3306.5,0.0,1.72,0.00,6
1789376876669388677,3305.2,0.0,1.71,0.00,6
1789376877698153397,2631.3,0.0,15.33,0.00,11
1789376877699547391,2631.8,0.0,15.33,0.00,12
1789376878729083416,3207.5,0.0,1.61,0.00,1
1789376878730569007,3204.5,0.0,1.60,0.00,1
1789376879759204531,3216.8,0.2,1.98,7.00,6
1789376879761051673,3220.3,0.2,1.98,7.00,7
1789376880790077667,3191.8,0.4,1.86,2.02,10
1789376880791520721,3190.8,0.4,1.86,2.02,11
1789376881820509117,3093.9,0.0,1.54,0.00,0
1789376881822071004,3090.0,0.0,1.54,0.00,0
1789376882847530084,0.0,0.0,0.00,0.00,0
1789376882849085241,0.0,0.0,0.00,0.00,0
1789376883874534412,0.0,0.0,0.00,0.00,0
1789376883875763329,0.0,0.0,0.00,0.00,0
1789376884902090511,0.0,0.0,7.00,0.00,0
1789376884902974432,0.0,0.0,7.00,0.00,0
1789376885929449351,0.0,0.6,14.00,0.59,0
1789376885930057975,0.0,0.6,14.00,0.59,0
1789376886956421731,0.0,0.0,0.00,0.00,0
1789376886956953525,0.0,0.0,0.00,0.00,0
1789376887983833117,1541.0,0.0,2.37,0.00,8
1789376887984949292,1544.7,0.0,2.37,0.00,6
1789376889014396748,3217.4,0.0,1.90,0.00,9
1789376889015894128,3218.0,0.0,1.90,0.00,9
1789376890045600667,3208.8,0.0,1.78,0.00,11
1789376890047273524,3209.8,0.0,1.78,0.00,10
1789376891077180349,3269.7,0.5,1.62,1.16,2
1789376891078337711,3267.1,0.5,1.61,1.16,2
1789376892108245202,3248.7,0.0,1.96,0.00,6
1789376892109669758,3250.6,0.0,1.96,0.00,7
1789376893139154264,3186.0,0.0,1.82,0.00,10
1789376893140749387,3185.4,0.0,1.82,0.00,11
1789376894170205659,3187.0,0.0,1.73,0.00,28
1789376894171475031,3186.6,0.0,1.73,0.00,23
1789376895200888325,3315.8,0.2,1.77,7.00,7
1789376895202686852,3318.0,0.2,1.77,7.00,7
1789376896231399128,3212.1,0.4,1.89,1.57,9
1789376896233879293,3209.5,0.4,1.89,1.57,10
1789376897261572157,3188.7,0.0,1.76,0.00,13
1789376897264497809,3190.0,0.0,1.76,0.00,10
1789376898292338029,3187.5,0.0,2.13,0.00,6
1789376898295052318,3187.1,0.0,2.13,0.00,6
1789376899324024893,3162.2,0.0,1.76,0.00,12
1789376899326127044,3163.4,0.0,1.76,0.00,11
1789376900355335992,3156.2,0.2,1.66,6.00,12
1789376900357436313,3155.4,0.2,1.66,6.00,12
1789376901386004231,3256.1,0.4,1.61,0.50,2
1789376901387928202,3252.0,0.4,1.61,0.50,2
1789376902417324906,2672.7,0.0,15.22,0.00,14
1789376902419230580,2677.0,0.0,15.21,0.00,14
1789376903448607582,3110.3,0.0,1.68,0.00,26
1789376903450461691,3109.2,0.0,1.69,0.00,19
1789376904479382183,3303.4,0.0,1.88,0.00,9
1789376904481385849,3303.9,0.0,1.87,0.00,6
1789376905510217340,3157.4,0.1,1.81,6.50,12
1789376905511973208,3156.8,0.1,1.82,6.50,13
1789376906539679156,2922.5,0.3,1.43,0.29,0
1789376906542136034,2915.8,0.3,1.43,0.29,0
1789376907566945723,0.8,0.0,0.47,0.00,0
1789376907569348276,0.8,0.0,0.47,0.00,0
1789376908593896082,0.0,0.0,0.20,0.00,0
1789376908596600494,0.0,0.0,0.20,0.00,0
1789376909620980785,0.0,0.0,14.00,0.00,0
1789376909623229794,0.0,0.0,14.00,0.00,0
1789376910647889862,0.0,0.1,0.00,8.50,0
1789376910650106683,0.0,0.1,0.00,8.50,0
1789376911674752649,0.0,0.3,0.00,3.05,0
1789376911676973999,0.0,0.3,0.00,3.05,0
1789376912701749639,1.4,0.0,0.27,0.00,0
1789376912703755134,1.4,0.0,0.27,0.00,0
1789376913727600051,3.4,0.0,0.14,0.00,0
1789376913730236872,3.5,0.0,0.14,0.00,1
1789376914754212439,0.2,0.0,0.15,0.00,0
1789376914757310774,0.1,0.0,0.11,0.00,0
1789376915780873717,0.0,0.2,0.00,9.50,0
1789376915783883874,0.0,0.2,0.00,9.50,0
1789376916807534927,0.0,0.4,0.00,2.95,0
1789376916810548139,0.0,0.4,0.00,2.95,0
1789376917834537435,0.0,0.0,0.00,0.00,0
1789376917837473009,0.0,0.0,0.00,0.00,0
1789376918861656816,0.0,0.0,0.00,0.00,0
1789376918863973782,0.0,0.0,0.00,0.00,0
1789376919889180731,0.0,0.2,0.00,4.25,0
1789376919891093588,0.0,0.2,0.00,4.25,0
1789376920916446540,1888.9,0.0,2.01,0.00,0
1789376920918307990,1888.7,0.0,2.01,0.00,0
1789376921946145090,1892.4,0.0,1.82,0.00,0
1789376921947601585,1891.7,0.0,1.82,0.00,0
1789376922972840667,2316.1,0.4,2.15,4.19,11
1789376922974708093,2321.5,0.4,2.14,4.19,11
1789376924001262410,2504.7,0.0,1.83,0.00,10
1789376924003268790,2505.1,0.0,1.83,0.00,10
1789376925032233902,2485.2,0.2,1.67,11.50,8
1789376925034554367,2485.1,0.2,1.67,11.50,6
1789376926062151288,2139.3,0.0,1.64,0.00,0
1789376926064684451,2132.0,0.0,1.65,0.00,0
1789376927089753268,1904.1,0.0,1.81,0.00,50
1789376927091791724,1911.8,0.0,1.82,0.00,39
1789376928117122144,2477.4,0.3,2.13,4.05,10
1789376928119476063,2476.9,0.3,2.12,4.05,12
1789376929148170755,2519.1,0.0,1.75,0.00,7
1789376929150452493,2519.8,0.0,1.75,0.00,8
1789376930179454069,2459.6,0.1,1.58,2.00,2
1789376930181132418,2457.3,0.1,1.58,2.00,2
1789376931209419043,1970.3,0.0,1.77,0.00,0
1789376931211063239,1966.3,0.0,1.78,0.00,0
1789376932236750560,2124.1,0.0,2.19,0.00,12
1789376932238457889,2129.2,0.0,2.19,0.00,16
1789376933264892563,2458.2,0.3,1.82,1.51,13
1789376933266967116,2458.4,0.3,1.81,1.51,12
1789376934295246434,2486.2,0.0,1.69,0.00,8
1789376934297661099,2487.0,0.0,1.69,0.00,6
1789376935326450235,2342.3,0.2,2.19,3.50,2
1789376935328592989,2338.9,0.2,2.19,3.50,1
1789376936356409534,1919.2,0.0,1.79,0.00,0
1789376936359025434,1914.0,0.0,1.80,0.00,0
1789376937383492179,2193.6,0.3,2.13,1.86,11
1789376937386155815,2203.9,0.3,2.13,1.86,10
1789376938410341078,2465.7,0.0,1.86,0.00,11
1789376938413506218,2465.4,0.0,1.86,0.00,11
1789376939441190779,2487.1,0.0,1.70,0.00,8
1789376939442681049,2484.9,0.0,1.70,0.00,8
1789376940472930032,2294.3,0.2,1.66,1.50,0
1789376940473991811,2290.6,0.2,1.66,1.50,0
1789376941502831239,1888.8,0.0,12.13,0.00,0
1789376941504192294,1888.5,0.0,12.13,0.00,0
1789376942531102450,1893.0,0.3,1.93,0.29,0
1789376942532612979,1892.5,0.3,1.93,0.29,0
1789376943558323720,2421.0,0.0,2.16,0.00,12
1789376943559604439,2426.9,0.0,2.16,0.00,10
1789376944587698216,2484.6,0.0,1.83,0.00,9
1789376944589201429,2482.6,0.0,1.83,0.00,10
1789376945619024203,2490.6,0.2,1.61,7.00,3
1789376945620175662,2491.3,0.2,1.61,7.00,2
1789376946648611132,2047.0,0.0,1.70,0.00,0
1789376946650672507,2039.8,0.0,1.70,0.00,0
1789376947674473293,0.1,140.6,4.73,2.99,0
1789376947677524306,0.1,140.6,4.73,2.99,0
1789376948701310949,0.0,0.0,0.00,0.00,0
1789376948704368737,0.0,0.0,0.00,0.00,0
1789376949728799385,0.0,0.4,0.00,8.50,0
1789376949731438139,0.0,0.4,0.00,8.50,0
1789376950755163791,0.0,0.0,0.00,0.00,0
1789376950758248559,0.0,0.0,0.00,0.00,0
1789376951782295793,0.0,0.0,0.00,0.00,0
1789376951785295090,0.0,0.0,0.00,0.00,0
1789376952810436853,905.6,0.6,3.22,1.93,12
1789376952812441889,912.7,0.6,3.21,1.93,11
1789376953841531417,3205.0,0.0,1.77,0.00,12
1789376953843353687,3204.6,0.0,1.77,0.00,12
1789376954873564152,3299.9,0.1,1.64,7.00,4
1789376954874937877,3299.7,0.1,1.64,7.00,2
1789376955905426720,3233.0,0.0,1.94,0.00,7
1789376955907287707,3233.8,0.0,1.94,0.00,7
1789376956937186510,2533.6,463.5,1.64,0.84,5
1789376956938684250,2527.3,466.3,1.64,0.84,6
1789376957968821186,1980.1,864.0,1.92,1.17,6
1789376957970695725,1981.4,862.7,1.92,1.17,9
1789376959000676800,2048.3,833.8,2.02,1.22,32
1789376959002508423,2052.3,833.1,2.02,1.22,42
1789376960031397452,2082.9,822.6,1.99,1.25,13
1789376960033131402,2082.2,822.1,1.99,1.25,12
1789376961061491940,2279.2,685.1,1.90,1.25,10
1789376961064345212,2282.5,683.9,1.90,1.25,11
1789376962092102264,1012.0,502.9,1.88,2.71,5
1789376962095065488,1001.3,503.5,1.88,2.72,7
1789376963122186903,152.0,382.2,14.77,5.86,16
1789376963126118359,153.3,381.1,14.79,5.86,17
1789376964152765240,1634.7,202.1,2.70,4.20,8
1789376964157098384,1632.7,202.0,2.69,4.20,8
1789376965183333855,83.5,397.7,14.58,5.00,7
1789376965187666833,83.5,400.4,14.58,5.02,6
1789376966214040394,59.3,399.8,15.41,5.65,26
1789376966217449695,60.8,397.3,15.54,5.64,24
1789376967244067877,1702.6,190.3,3.12,5.44,7
1789376967247389326,1701.2,192.7,3.11,5.44,7
1789376968274581472,118.5,383.2,11.60,3.69,7
1789376968277980696,118.4,381.6,11.60,3.71,7
1789376969306477629,90.2,375.7,15.53,4.20,23
1789376969309455146,94.6,374.9,15.75,4.19,18
1789376970336705978,1687.5,186.3,3.15,5.82,6
1789376970340031562,1683.1,188.2,3.12,5.81,6
1789376971367045877,108.2,372.5,13.23,4.64,7
1789376971371290077,107.7,371.0,13.21,4.63,6
1789376972397726603,83.5,369.8,14.51,6.13,21
1789376972402182510,83.5,369.2,14.51,6.13,29
1789376973428387251,1678.9,166.1,3.16,6.46,5
1789376973432596280,1679.7,167.8,3.17,6.44,3
1789376974459035381,119.5,369.9,12.51,3.57,8
1789376974463417501,118.9,370.2,12.52,3.59,8
1789376975489851617,348.9,325.5,6.50,5.63,11
1789376975493545131,362.9,323.5,6.33,5.61,13
1789376976520186620,3200.5,0.0,2.36,0.00,6
1789376976524045341,3199.8,0.0,2.36,0.00,8
1789376977550263515,3179.4,0.0,1.89,0.00,8
1789376977552673381,3180.0,0.0,1.89,0.00,10
1789376978580322181,3143.2,1.1,1.77,3.75,10
1789376978582009642,3142.2,1.1,1.77,3.75,14
1789376979609160345,3303.2,0.0,1.64,0.00,4
1789376979611334556,3303.1,0.0,1.64,0.00,3
1789376980636365165,2584.1,1.5,15.87,2.22,11
1789376980637315399,2584.1,1.5,15.89,2.22,12
1789376981664562396,3168.2,0.0,1.61,0.00,1
1789376981665043404,3166.0,0.0,1.60,0.00,2
1789376982691978018,3242.7,0.0,1.97,0.00,8
1789376982693879421,3244.8,0.0,1.97,0.00,8
1789376983720842595,3164.6,0.2,1.77,12.00,10
1789376983722949304,3164.5,0.2,1.78,12.00,12
1789376984750779664,3107.0,0.2,1.57,3.00,0
1789376984752076241,3102.7,0.2,1.57,3.00,0
1789376985778461133,0.9,0.5,0.10,0.07,0
1789376985779852939,0.9,0.5,0.10,0.07,0
1789376986805425286,0.4,0.0,0.64,0.00,0
1789376986806037794,0.4,0.0,0.64,0.00,0
1789376987832079372,0.1,0.0,0.55,0.00,0
1789376987833070154,0.1,0.0,0.55,0.00,0
1789376988858862336,0.0,0.0,0.00,0.00,0
1789376988860346510,0.0,0.0,0.00,0.00,0
1789376989885968519,1.8,0.2,0.24,8.00,0
1789376989887049343,1.8,0.2,0.24,8.00,0
1789376990913447390,1485.8,0.4,2.28,0.12,8
1789376990913846355,1487.5,0.4,2.27,0.12,7
1789376991942322697,3198.6,0.3,1.86,4.00,11
1789376991943132790,3199.8,0.3,1.86,4.00,11
1789376992973134765,3220.9,0.0,1.78,0.00,10
1789376992974791096,3221.5,0.0,1.78,0.00,10
1789376994003650251,3306.8,0.0,1.63,0.00,4
1789376994005712354,3306.6,0.0,1.63,0.00,4
1789376995034525090,3225.8,0.0,1.95,0.00,7
1789376995036241637,3226.6,0.0,1.95,0.00,8
1789376996065248767,3168.5,0.6,1.81,0.44,12
1789376996066484655,3166.7,0.6,1.81,0.44,11
1789376997095560159,3197.1,0.0,1.61,0.00,57
1789376997097187001,3198.0,0.0,1.61,0.00,52
1789376998126400696,3312.8,0.0,1.88,0.00,6
1789376998128363060,3312.8,0.0,1.87,0.00,7
1789376999156962446,3216.1,0.0,1.87,0.00,10
1789376999159328782,3216.5,0.0,1.88,0.00,11
1789377000187448133,3185.2,0.0,1.75,0.00,12
1789377000189839672,3183.6,0.0,1.75,0.00,13
1789377001218592966,3152.9,0.6,2.41,0.79,7
1789377001221453856,3154.6,0.6,2.41,0.79,8
1789377002248722651,3173.5,0.0,1.90,0.00,8
1789377002251926266,3172.7,0.0,1.90,0.00,10
1789377003279176025,3167.2,0.0,1.79,0.00,10
1789377003282624476,3168.9,0.0,1.79,0.00,11
1789377004310083609,3290.4,0.0,1.63,0.00,1
1789377004312847438,3285.5,0.0,1.63,0.00,2
1789377005340865296,2708.9,0.0,13.86,0.00,10
1789377005343323639,2713.1,0.0,13.85,0.00,11
1789377006371078651,3115.6,0.6,1.66,0.34,36
1789377006373842373,3115.4,0.6,1.67,0.34,24
1789377007401321976,3290.5,0.0,1.89,0.00,7
1789377007403258081,3290.6,0.0,1.87,0.00,7
1789377008431833165,3205.5,0.0,1.91,0.00,10
1789377008433696695,3205.3,0.0,1.91,0.00,10
1789377009461999212,2872.9,0.0,1.52,0.00,0
1789377009463869180,2866.0,0.0,1.52,0.00,0
1789377010488724989,0.0,0.0,0.00,0.00,0
1789377010490669269,0.0,0.0,0.00,0.00,0
1789377011515634510,0.2,0.5,2.25,0.13,0
1789377011517376863,0.2,0.5,2.25,0.13,0
1789377012542388237,0.0,0.0,0.00,0.00,0
1789377012544377608,0.0,0.0,0.00,0.00,0
1789377013569294882,0.0,0.0,2.25,0.00,0
1789377013571257217,0.0,0.0,2.25,0.00,0
1789377014596372123,0.1,0.0,4.00,0.00,0
1789377014598405113,0.1,0.0,4.00,0.00,0
1789377015624092135,1770.6,0.0,2.07,0.00,4
1789377015626020378,1776.0,0.0,2.06,0.00,2
1789377016654742162,3212.1,0.5,1.96,0.50,7
1789377016656328559,3212.8,0.5,1.96,0.50,6
1789377017685187488,3210.6,0.0,1.80,0.00,12
1789377017686916852,3211.0,0.0,1.80,0.00,12
1789377018715530414,3204.8,0.0,1.66,0.00,26
1789377018717563001,3203.8,0.0,1.68,0.00,36
1789377019745882925,3318.2,0.0,1.84,0.00,5
1789377019748023885,3319.3,0.0,1.82,0.00,6
1789377020775445377,3186.3,0.0,1.89,0.00,12
1789377020777880298,3185.8,0.0,1.89,0.00,11
1789377021806117710,3174.2,0.5,1.78,1.66,10
1789377021808766370,3176.4,0.5,1.78,1.66,11
1789377022836946317,3303.1,0.0,1.63,0.00,1
1789377022839030203,3299.5,0.0,1.63,0.00,4
1789377023867310997,3213.5,0.0,1.95,0.00,9
1789377023870096607,3215.2,0.0,1.96,0.00,11
1789377024897909326,3190.6,0.0,1.77,0.00,11
1789377024900615478,3191.7,0.0,1.77,0.00,11
1789377025928777079,3139.0,0.0,2.22,0.00,0
1789377025930961542,3134.1,0.0,2.22,0.00,2
1789377026959206841,3227.5,0.5,1.98,1.34,6
1789377026961340393,3230.9,0.5,1.98,1.34,8
1789377027989876268,3186.4,0.0,1.82,0.00,12
1789377027992175235,3186.2,0.0,1.82,0.00,12
1789377029020854306,3176.0,0.0,1.74,0.00,22
1789377029022903116,3176.3,0.0,1.75,0.00,10
1789377030051848458,2816.8,0.0,14.63,0.00,10
1789377030054226383,2816.8,0.0,14.62,0.00,10
1789377031082485177,3105.2,0.2,1.78,7.50,11
1789377031084983193,3105.6,0.2,1.78,7.50,13
1789377032112906752,3285.8,0.4,1.65,0.15,0
1789377032115186812,3282.1,0.4,1.65,0.15,2
1789377033143527867,3223.1,0.0,1.98,0.00,7
1789377033145916128,3226.7,0.0,1.98,0.00,7
1789377034173856183,2540.9,0.0,1.53,0.00,0
1789377034176177803,2533.5,0.0,1.53,0.00,0
1789377035200842304,0.0,0.0,0.00,0.00,0
1789377035202958042,0.0,0.0,0.00,0.00,0
1789377036227181374,0.0,0.2,0.00,4.50,0
1789377036229499970,0.0,0.2,0.00,4.50,0
1789377037253960578,0.0,0.4,0.00,0.25,0
1789377037255675411,0.0,0.4,0.00,0.25,0
1789377038281017335,0.0,0.0,0.00,0.00,0
1789377038282388804,0.0,0.0,0.00,0.00,0
1789377039306936789,0.0,0.0,0.00,0.00,0
1789377039309471883,0.0,0.0,0.00,0.00,0
1789377040334315876,1988.2,0.0,2.12,0.00,16
1789377040337003527,1995.4,0.0,2.13,0.00,26
1789377041364477858,3300.7,0.2,1.79,6.50,6
1789377041366676531,3302.1,0.2,1.78,6.50,8
1789377042395001937,3206.8,0.3,1.90,1.15,11
1789377042397306441,3205.3,0.3,1.90,1.15,9
1789377043425934479,3208.1,0.0,1.77,0.00,12
1789377043427253641,3207.2,0.0,1.77,0.00,11
1789377044456767666,3294.7,0.0,1.62,0.00,1
1789377044458643393,3292.8,0.0,1.62,0.00,2
1789377045487043793,3202.1,0.0,1.97,0.00,6
1789377045489196761,3204.0,0.0,1.97,0.00,8
1789377046517527873,3190.9,0.2,1.79,6.50,10
1789377046519952390,3192.5,0.2,1.80,6.50,11
1789377047548528359,3189.1,0.4,1.62,1.61,48
1789377047550606263,3188.6,0.4,1.63,1.61,39
1789377048578981618,3334.3,0.0,1.87,0.00,7
1789377048581407322,3332.9,0.0,1.86,0.00,8
1789377049609085013,3192.7,0.0,1.85,0.00,13
1789377049611008277,3195.4,0.0,1.85,0.00,12
1789377050639887311,3084.6,0.0,2.33,0.00,11
1789377050641174522,3082.8,0.0,2.33,0.00,11
1789377051670465497,3301.9,0.2,1.68,5.50,6
1789377051671930098,3301.8,0.2,1.68,5.50,6
1789377052701547164,3161.7,0.3,1.91,0.19,9
1789377052702935914,3163.3,0.3,1.91,0.19,8
1789377053732530490,3177.6,0.0,1.82,0.00,13
1789377053734667118,3177.1,0.0,1.82,0.00,13
1789377054763581414,2769.5,0.0,14.33,0.00,6
1789377054765526038,2769.2,0.0,14.33,0.00,9
1789377055794037062,3123.0,0.0,1.81,0.00,10
1789377055795918633,3122.4,0.0,1.81,0.00,12
1789377056824674349,3153.3,0.1,1.67,6.00,52
1789377056826557575,3154.3,0.1,1.69,6.00,42
1789377057855393118,3326.6,0.4,1.87,4.32,6
1789377057857277634,3326.4,0.4,1.86,4.32,6
1789377058885908464,2272.2,0.0,1.59,0.00,0
1789377058887180513,2267.8,0.0,1.59,0.00,0
1789377059913181937,0.0,0.0,0.00,0.00,0
1789377059914525366,0.0,0.0,0.00,0.00,0
1789377060940175557,0.0,0.0,0.00,0.00,0
1789377060941763204,0.0,0.0,0.00,0.00,0
1789377061966525723,0.0,0.2,0.00,9.00,0
1789377061968601882,0.0,0.2,0.00,9.00,0
1789377062993546014,0.4,0.8,1.50,4.79,0
1789377062995468429,0.4,0.8,1.50,4.79,0
1789377064021072068,0.9,0.0,0.40,0.00,0
1789377064022607435,0.9,0.0,0.40,0.00,0
1789377065049376896,2263.9,0.0,2.29,0.00,10
1789377065050038636,2267.1,0.0,2.29,0.00,12
1789377066079914568,3293.5,0.3,1.63,8.25,2
1789377066081056510,3293.1,0.3,1.63,8.25,0
1789377067110070715,3241.2,0.0,1.94,0.00,7
1789377067110702301,3242.1,0.0,1.94,0.00,7
1789377068139539684,3194.5,0.4,1.82,1.38,10
1789377068140604273,3195.0,0.4,1.82,1.38,10
1789377069168530960,3194.3,0.0,1.67,0.00,19
1789377069171065252,3194.9,0.0,1.69,0.00,26
1789377070196548677,3314.3,0.0,1.83,0.00,6
1789377070199630097,3314.7,0.0,1.81,0.00,6
1789377071226885199,3173.4,0.2,1.90,5.67,11
1789377071230029616,3172.5,0.2,1.90,5.67,10
1789377072257869165,3195.2,0.0,1.77,0.00,10
1789377072261006965,3195.5,0.0,1.77,0.00,11
1789377073289054103,3304.9,0.4,1.65,3.84,4
1789377073291842328,3304.0,0.4,1.65,3.84,2
1789377074319555225,3191.3,0.0,1.96,0.00,11
1789377074322517116,3192.1,0.0,1.96,0.00,9
1789377075350215774,3084.2,0.0,2.42,0.00,12
1789377075353225840,3084.2,0.0,2.42,0.00,12
1789377076380512014,3240.2,0.2,1.59,5.50,2
1789377076383310479,3236.2,0.2,1.58,5.50,2
1789377077410812456,3221.5,0.0,1.96,0.00,6
1789377077414190181,3226.1,0.0,1.96,0.00,6
1789377078441015632,3190.3,0.4,1.83,1.60,12
1789377078444219212,3190.0,0.4,1.83,1.60,11
1789377079471678148,2835.8,0.0,10.53,0.00,7
1789377079474472129,2836.0,0.0,10.53,0.00,6
1789377080501900846,3157.5,0.0,1.97,0.00,8
1789377080504308526,3155.8,0.0,1.97,0.00,8
1789377081532495687,3170.4,0.1,1.82,6.00,12
1789377081534857863,3170.8,0.1,1.82,6.00,13
1789377082562668132,3292.2,0.0,1.59,0.00,2
1789377082565712661,3289.1,0.0,1.59,0.00,0
1789377083593089936,1943.1,0.3,1.73,0.74,0
1789377083595961188,1937.1,0.3,1.74,0.74,0
1789377084620397766,0.0,0.0,0.00,0.00,0
1789377084622584038,0.0,0.0,0.00,0.00,0
1789377085646964360,0.0,0.2,0.00,8.50,0
1789377085649438690,0.0,0.2,0.00,8.50,0
1789377086673892583,0.0,0.0,0.00,0.00,0
1789377086676241814,0.0,0.0,0.00,0.00,0
1789377087700336724,0.0,0.0,0.00,0.00,0
1789377087703177115,0.0,0.0,0.00,0.00,0
1789377088726913173,0.0,0.4,0.00,2.42,0
1789377088730342574,0.0,0.4,0.00,2.42,0
1789377089754261290,2627.4,0.0,2.24,0.00,10
1789377089757927502,2639.2,0.0,2.24,0.00,10
1789377090784754333,3192.8,0.2,1.75,6.00,25
1789377090788016114,3192.7,0.2,1.75,6.00,10
1789377091815348408,3333.9,0.0,1.72,0.00,7
1789377091818034696,3333.9,0.0,1.71,0.00,6
1789377092846002164,3197.9,0.0,1.90,0.00,9
1789377092848916690,3197.3,0.0,1.90,0.00,9
1789377093876543957,3180.7,0.3,1.80,1.44,10
1789377093879030884,3180.7,0.3,1.80,1.44,10
1789377094907319869,3272.7,0.0,1.60,0.00,1
1789377094910006907,3270.4,0.0,1.60,0.00,0
1789377095937998412,3234.0,0.2,1.99,10.50,8
1789377095941140951,3236.2,0.2,1.99,10.50,6
1789377096969376353,3197.7,0.0,1.81,0.00,10
1789377096972373868,3197.5,0.0,1.81,0.00,12
1789377098001115515,3190.1,0.0,1.71,0.00,39
1789377098004677714,3188.3,0.0,1.72,0.00,21
1789377099032839908,3313.1,0.4,1.76,0.58,10
1789377099036739395,3317.1,0.4,1.75,0.58,9
1789377100065284665,3094.1,0.0,2.48,0.00,13
1789377100068444686,3092.8,0.0,2.48,0.00,13
1789377101096058723,3176.0,0.1,1.77,6.50,11
1789377101099053014,3175.7,0.1,1.77,6.50,12
1789377102126775136,3290.8,0.0,1.66,0.00,4
1789377102129393047,3289.6,0.0,1.65,0.00,4
1789377103157286399,3199.2,0.0,1.96,0.00,10
1789377103159994244,3200.7,0.0,1.97,0.00,8
1789377104187878594,2625.5,0.3,14.08,12.59,0
1789377104190565968,2620.8,0.3,14.08,12.59,1
1789377105218609821,3245.5,0.0,1.97,0.00,7
1789377105221079386,3249.6,0.0,1.97,0.00,9
1789377106248821939,3162.8,0.2,1.88,7.50,10
1789377106251240610,3162.9,0.2,1.88,7.50,11
1789377107279207432,3215.8,0.0,1.75,0.00,28
1789377107282265948,3216.4,0.0,1.75,0.00,19
1789377108309823413,1716.8,0.0,1.45,0.00,0
1789377108312409504,1707.2,0.0,1.44,0.00,0
1789377109336476619,0.0,0.4,0.00,2.95,0
1789377109338777191,0.0,0.4,0.00,2.95,0
1789377110363112775,0.0,0.0,0.00,0.00,0
1789377110365654491,0.0,0.0,0.00,0.00,0
1789377111389913017,0.0,0.2,0.00,8.50,0
1789377111392335029,0.0,0.2,0.00,8.50,0
1789377112416605809,0.0,0.0,0.00,0.00,0
1789377112419184585,0.0,0.0,0.00,0.00,0
1789377113443178315,0.0,0.0,0.00,0.00,0
1789377113446022645,0.0,0.0,0.00,0.00,0
1789377114470662071,2913.8,0.4,2.20,0.56,8
1789377114473524667,2921.5,0.4,2.20,0.56,7
1789377115501189506,3204.7,0.0,1.76,0.00,11
1789377115504263637,3206.2,0.0,1.76,0.00,11
1789377116531717196,3269.3,0.2,1.60,8.50,2
1789377116534949457,3264.7,0.2,1.60,8.50,2
1789377117562708806,3262.5,0.0,1.96,0.00,8
1789377117565317419,3267.5,0.0,1.96,0.00,6
1789377118593203908,3193.8,0.0,1.83,0.00,10
1789377118595751779,3193.3,0.0,1.84,0.00,10
1789377119623902980,3193.3,0.4,1.72,1.53,30
1789377119626368062,3194.3,0.4,1.73,1.53,21
1789377120654849589,3302.2,0.2,1.74,6.50,7
1789377120657245017,3300.9,0.2,1.73,6.50,6
1789377121686036158,3206.4,0.0,1.88,0.00,10
1789377121688368969,3205.8,0.0,1.88,0.00,9
1789377122715510449,3194.0,0.0,1.77,0.00,16
1789377122718428259,3195.1,0.0,1.77,0.00,15
1789377123745199426,3267.9,0.0,1.59,0.00,2
1789377123749432727,3261.3,0.0,1.59,0.00,0
1789377124776030568,3129.2,0.4,2.59,0.66,11
1789377124780649990,3135.3,0.4,2.60,0.66,10
1789377125807187023,3178.9,0.2,1.77,2.50,11
1789377125811217283,3178.2,0.2,1.77,2.50,10
1789377126838330923,3183.0,0.0,1.57,0.00,0
1789377126842229139,3179.1,0.0,1.57,0.00,57
1789377127869517936,3293.3,0.0,1.98,0.00,8
1789377127872842448,3297.9,0.0,1.97,0.00,8
1789377128900127773,2571.3,0.0,14.37,0.00,31
1789377128902916299,2570.5,0.0,14.39,0.00,21
1789377129931101941,3282.3,0.4,1.72,1.44,8
1789377129933354967,3284.0,0.4,1.72,1.44,7
1789377130962225014,3172.4,0.2,1.94,2.50,9
1789377130963944861,3170.9,0.2,1.94,2.50,10
1789377131992682282,3221.1,0.0,1.76,0.00,10
1789377131994458772,3221.0,0.0,1.76,0.00,11
1789377133022070491,1438.7,0.0,1.29,0.00,0
1789377133024646693,1430.3,0.0,1.29,0.00,0
1789377134048204854,0.0,0.0,0.00,0.00,0
1789377134051612780,0.0,0.0,0.00,0.00,0
1789377135074803749,0.0,0.4,0.00,2.80,0
1789377135078427586,0.0,0.4,0.00,2.80,0
1789377136101419531,0.0,0.1,0.00,8.50,0
1789377136104752305,0.0,0.1,0.00,8.50,0
1789377137128342392,0.0,0.0,0.00,0.00,0
1789377137131471835,0.0,0.0,0.00,0.00,0
1789377138154727343,0.0,0.0,0.00,0.00,0
1789377138158537963,0.0,0.0,0.00,0.00,0
1789377139181724228,0.0,0.0,0.00,0.00,0
1789377139185542646,0.0,0.0,0.00,0.00,0
1789377140208615375,0.0,0.3,14.00,2.83,0
1789377140212480462,0.0,0.4,14.00,2.83,0
1789377141235819887,0.0,0.2,0.00,8.50,0
1789377141238817684,0.0,0.2,0.00,8.50,0
1789377142262827832,0.0,0.0,0.00,0.00,0
1789377142265581372,0.0,0.0,0.00,0.00,0
1789377143290030494,0.0,0.0,0.00,0.00,0
1789377143292170151,0.0,0.0,0.00,0.00,0
1789377144316829112,0.0,0.0,14.00,0.00,0
1789377144318707422,0.0,0.0,14.00,0.00,0
1789377145343698730,0.0,0.4,0.00,2.27,0
1789377145345845407,0.0,0.4,0.00,2.27,0
1789377146369996375,502.8,0.1,4.27,8.50,10
1789377146372809555,511.6,0.1,4.22,8.50,11
1789377147399302494,2520.9,0.0,1.81,0.00,9
1789377147402463229,2521.4,0.0,1.81,0.00,11
1789377148430003306,2490.8,0.0,1.62,0.00,3
1789377148432871895,2489.5,0.0,1.61,0.00,2
1789377149460671144,2035.7,0.0,1.68,0.00,0
1789377149462496538,2029.9,0.0,1.69,0.00,0
1789377150488041154,2062.0,0.4,2.09,0.59,20
1789377150489750374,2068.7,0.4,2.10,0.59,22
1789377151515277100,2493.1,0.2,1.89,7.00,11
1789377151516823777,2492.1,0.2,1.89,7.00,9
1789377152545989069,2505.3,0.0,1.71,0.00,7
1789377152547597591,2505.3,0.0,1.71,0.00,6
1789377153576508957,2381.5,0.0,1.57,0.00,0
1789377153577974685,2376.6,0.0,1.57,0.00,0
1789377154606293009,1891.6,0.0,1.85,0.00,0
1789377154608115153,1890.6,0.0,1.85,0.00,0
1789377155633190844,2231.6,0.6,2.24,0.52,10
1789377155635239673,2238.4,0.6,2.24,0.52,10
1789377156661542030,2500.5,0.0,1.81,0.00,9
1789377156663477470,2499.0,0.0,1.81,0.00,11
1789377157691872254,2502.8,0.0,1.66,0.00,5
1789377157694156424,2504.4,0.0,1.66,0.00,6
1789377158722394080,2210.7,0.0,1.66,0.00,0
1789377158724442757,2203.2,0.0,1.66,0.00,0
1789377159750474231,1892.3,0.0,1.84,0.00,0
1789377159752490994,1893.5,0.0,1.84,0.00,0
1789377160777584077,2338.9,0.0,2.91,2.00,13
1789377160779156205,2344.5,0.0,2.91,2.00,11
1789377161806459501,2468.0,0.7,1.86,1.61,8
1789377161807464380,2467.3,0.7,1.86,1.61,8
1789377162836808756,2484.4,0.0,1.64,0.00,6
1789377162838261665,2484.8,0.0,1.64,0.00,7
1789377163867330036,2151.5,0.0,1.63,0.00,0
1789377163868808405,2145.6,0.0,1.63,0.00,0
1789377164894307506,1894.9,0.0,1.82,0.00,0
1789377164897004657,1892.8,0.0,1.82,0.00,27
1789377165921062116,2460.9,0.2,2.18,2.00,11
1789377165924166157,2471.3,0.2,2.18,2.00,10
1789377166951135264,1929.6,0.5,18.51,1.63,11
1789377166954524301,1929.5,0.5,18.52,1.63,11
1789377167982581576,2422.4,0.0,1.78,0.00,11
1789377167985207718,2421.7,0.0,1.78,0.00,10
1789377169012731251,2506.6,0.0,1.59,0.00,3
1789377169015448685,2505.3,0.0,1.59,0.00,4
1789377170042595308,2007.0,0.0,1.77,0.00,0
1789377170045095336,2001.2,0.0,1.77,0.00,0
1789377171070319175,2044.6,0.2,2.16,6.00,26
1789377171072056614,2051.2,0.2,2.16,6.00,21
1789377172098731086,2509.8,0.5,1.90,1.86,11
1789377172100108733,2509.7,0.5,1.89,1.86,12
1789377173129202458,1113.7,140.1,1.15,0.83,0
1789377173130220565,1108.8,140.0,1.14,0.83,0
1789377174155929993,0.0,0.0,0.00,0.00,0
1789377174157429645,0.0,0.0,0.00,0.00,0
1789377175182663195,0.0,0.0,0.00,0.00,0
1789377175183975415,0.0,0.0,0.00,0.00,0
1789377176209848876,0.0,1.0,14.00,0.31,0
1789377176210860799,0.0,1.0,14.00,0.31,0
1789377177235505196,0.0,0.0,0.00,0.00,0
1789377177237847017,0.0,0.0,0.00,0.00,0
1789377178261694490,0.0,0.0,0.00,0.00,0
1789377178265007091,0.0,0.0,0.00,0.00,0
1789377179289291793,2662.7,0.0,2.24,0.00,11
1789377179292279298,2673.3,0.0,2.24,0.00,12
1789377180319494938,3205.1,0.0,1.76,0.00,28
1789377180321979493,3205.4,0.0,1.76,0.00,20
1789377181348934375,3310.4,0.6,1.70,1.02,6
1789377181351280665,3312.1,0.6,1.70,1.02,7
1789377182378778423,3211.4,0.0,1.90,0.00,9
1789377182381058727,3209.3,0.0,1.91,0.00,9
1789377183408678326,790.8,397.1,2.53,4.02,6
1789377183410311667,784.0,397.3,2.54,4.02,6
1789377184439044296,1780.6,320.9,2.25,4.06,4
1789377184440829904,1781.4,323.3,2.25,4.04,6
1789377185468760581,1952.6,902.9,1.89,1.14,3
1789377185470569260,1952.0,904.2,1.89,1.14,4
1789377186498005937,1919.7,927.9,1.91,1.37,5
1789377186500118285,1919.9,927.0,1.91,1.37,6
1789377187527516928,1913.0,900.1,1.99,1.08,4
1789377187529301201,1913.5,901.3,1.99,1.08,7
1789377188557837621,1843.8,626.8,2.01,1.66,3
1789377188559990296,1842.1,622.7,2.01,1.67,2
1789377189588300530,134.4,358.2,14.42,5.95,11
1789377189590555330,134.9,360.0,14.42,5.94,5
1789377190618438531,1640.6,189.9,2.93,4.89,12
1789377190620977593,1642.5,188.3,2.93,4.89,12
1789377191654858898,105.9,381.4,12.50,4.67,7
1789377191656166355,105.8,382.1,12.50,4.67,7
1789377192684805083,117.9,370.7,15.49,4.42,11
1789377192686662465,118.9,369.6,15.51,4.42,11
1789377193715445543,1665.7,187.3,2.84,4.65,9
1789377193717657269,1664.8,191.1,2.85,4.68,6
1789377194745988476,103.9,383.3,12.71,4.27,4
1789377194748719156,102.9,381.2,12.69,4.25,4
1789377195776607972,112.7,359.4,18.08,6.15,12
1789377195778987085,113.2,360.5,18.08,6.13,11
1789377196805475010,1659.2,191.9,2.89,5.14,7
1789377196807661500,1658.5,189.4,2.88,5.20,8
1789377197835468409,109.9,371.9,11.97,3.53,7
1789377197837590732,109.9,372.5,11.97,3.53,9
1789377198864750369,65.1,379.1,14.35,5.54,6
1789377198866845943,66.1,378.4,14.43,5.54,6
1789377199894706446,1688.0,175.7,3.15,6.48,6
1789377199897178378,1686.8,175.7,3.13,6.47,7
1789377200924693586,121.5,373.5,12.50,4.12,11
1789377200927009616,122.5,374.7,12.53,4.12,9
1789377201954071370,61.2,378.8,15.08,6.01,9
1789377201956357834,60.2,378.5,15.07,6.04,9
1789377202984008125,2344.5,88.3,3.02,4.22,14
1789377202986309355,2352.8,87.1,3.01,4.14,13
1789377204014611448,3235.8,2.0,1.63,0.95,1
1789377204017389787,3230.3,2.0,1.63,0.95,0
1789377205043870335,3207.4,0.0,1.93,0.00,6
1789377205047015468,3211.9,0.0,1.93,0.00,9
1789377206074229065,3130.4,1.2,1.82,6.75,12
1789377206077072026,3131.1,1.2,1.82,6.75,13
1789377207104556023,3198.0,0.0,1.62,0.00,0
1789377207107018946,3189.7,0.0,1.62,0.00,0
1789377208134183456,2700.0,0.0,13.27,0.00,12
1789377208136644633,2709.0,0.0,13.25,0.00,14
1789377209165206541,3170.1,1.3,1.78,0.31,20
1789377209167166496,3170.5,1.4,1.78,0.31,16
1789377210194916486,3291.4,0.0,1.74,0.00,8
1789377210197141566,3289.8,0.0,1.74,0.00,8
1789377211226284219,3198.2,0.2,1.91,10.50,8
1789377211227830662,3196.9,0.2,1.92,10.50,9
1789377212256691526,845.8,0.0,0.96,0.00,0
1789377212258257576,842.1,0.0,0.96,0.00,0
1789377213283668361,0.0,0.0,0.00,0.00,0
1789377213285213877,0.0,0.0,0.00,0.00,0
1789377214310638904,0.0,0.4,0.00,0.11,0
1789377214311856962,0.0,0.4,0.00,0.11,0
1789377215337636117,0.0,0.0,0.00,0.00,0
1789377215338868011,0.0,0.0,0.00,0.00,0
1789377216363093260,0.0,0.2,0.00,7.00,0
1789377216364638085,0.0,0.2,0.00,7.00,0
1789377217390535174,466.4,0.0,3.98,0.00,12
1789377217391873354,473.0,0.0,3.95,0.00,12
1789377218417074590,3273.8,0.0,1.59,0.00,2
1789377218419869538,3270.4,0.0,1.58,0.00,0
1789377219446732009,3253.4,0.4,1.97,1.71,6
1789377219449636398,3255.8,0.4,1.97,1.71,7
1789377220476780467,3226.0,0.0,1.81,0.00,12
1789377220479387342,3226.5,0.0,1.81,0.00,11
1789377221506256417,3178.3,0.1,1.75,8.50,25
1789377221508676607,3178.7,0.1,1.75,8.50,18
1789377222536415827,3300.4,0.0,1.73,0.00,7
1789377222538821588,3300.2,0.0,1.73,0.00,7
1789377223566388364,3201.3,0.0,1.90,0.00,8
1789377223568484486,3199.9,0.0,1.90,0.00,10
1789377224595863436,3192.0,0.3,1.79,0.69,10
1789377224597463976,3192.4,0.3,1.79,0.69,11
1789377225625303904,3276.7,0.0,1.60,0.00,2
1789377225626861752,3275.3,0.0,1.60,0.00,2
1789377226654430919,3218.5,0.2,1.96,3.00,7
1789377226656006595,3220.8,0.2,1.96,3.00,7
1789377227683568102,3093.1,0.0,2.39,0.00,11
1789377227685220909,3092.2,0.0,2.39,0.00,14
1789377228712961880,3201.5,0.0,1.56,0.00,0
1789377228715004209,3194.8,0.0,1.56,0.00,0
1789377229742435525,3269.9,0.4,1.96,1.68,8
1789377229744280041,3277.0,0.4,1.96,1.68,8
1789377230772406844,3176.6,0.2,1.87,7.00,11
1789377230774270774,3175.3,0.2,1.87,7.00,12
1789377231801160767,3060.6,0.0,3.09,0.00,484
1789377231803317822,3057.3,0.0,3.19,0.00,469
1789377232830559126,2824.6,0.0,11.49,0.00,10
1789377232832362287,2828.4,0.0,11.41,0.00,7
1789377233860274745,3188.4,0.0,1.79,0.00,12
1789377233862014880,3189.6,0.0,1.79,0.00,11
1789377234886980879,3277.9,0.4,1.66,0.72,0
1789377234890396472,3276.6,0.4,1.65,0.72,2
1789377235916044180,3231.9,0.2,1.96,8.00,8
1789377235917366569,3232.6,0.2,1.96,8.00,8
1789377236943258820,647.1,0.0,0.83,0.00,0
1789377236946054096,637.4,0.0,0.82,0.00,0
1789377237968978801,0.0,0.0,1.00,0.00,0
1789377237973201765,0.0,0.0,1.00,0.00,0
1789377238996451311,0.0,0.0,0.00,0.00,0
1789377239000438931,0.0,0.0,0.00,0.00,0
1789377240024074138,0.0,0.4,0.00,0.11,0
1789377240028059028,0.0,0.4,0.00,0.11,0
1789377241049484431,0.0,0.2,0.00,4.00,0
1789377241055398675,0.0,0.2,0.00,4.00,0
1789377242077363232,670.1,0.0,3.36,0.00,11
1789377242082994408,686.4,0.0,3.32,0.00,10
1789377243106254714,3215.8,0.0,1.69,0.00,18
1789377243112297237,3218.2,0.0,1.70,0.00,17
1789377244135999442,3320.5,0.0,1.80,0.00,7
1789377244141818695,3320.0,0.0,1.78,0.00,8
1789377245166282810,3212.2,0.4,1.88,1.57,10
1789377245170423245,3215.9,0.4,1.89,1.57,9
1789377246196154594,3191.7,0.1,1.78,7.00,12
1789377246197124194,3185.0,0.1,1.78,7.00,11
1789377247225549659,3281.5,0.0,1.64,0.00,1
1789377247227072764,3280.1,0.0,1.64,0.00,0
1789377248255052114,3233.7,0.0,1.94,0.00,6
1789377248257068961,3235.1,0.0,1.94,0.00,7
1789377249284798484,3205.9,0.0,1.80,0.00,11
1789377249286765100,3206.2,0.0,1.81,0.00,11
1789377250314739753,3191.1,0.4,1.68,0.40,33
1789377250316483672,3190.4,0.4,1.68,0.40,27
1789377251344761841,3294.6,0.2,1.81,6.50,8
1789377251345599542,3294.9,0.2,1.80,6.50,9
1789377252374743864,3090.7,0.0,2.44,0.00,13
1789377252376413780,3090.4,0.0,2.44,0.00,12
1789377253404543606,3185.1,0.0,1.73,0.00,18
1789377253406307358,3186.7,0.0,1.73,0.00,15
1789377254434596747,3303.8,0.0,1.67,0.00,5
1789377254436367015,3302.8,0.0,1.67,0.00,6
1789377255464686380,3191.7,0.4,1.94,1.49,9
1789377255466700690,3192.3,0.4,1.94,1.49,10
1789377256494652102,2867.2,0.2,7.91,7.00,195
1789377256496842305,2862.9,0.2,8.18,7.00,177
1789377257524645690,2949.8,0.0,9.16,0.00,8
1789377257526846291,2954.1,0.0,8.94,0.00,7
1789377258554852352,3184.8,0.0,1.82,0.00,10
1789377258556800315,3183.7,0.0,1.82,0.00,10
1789377259584873916,3209.3,0.0,1.65,0.00,46
1789377259586868913,3210.9,0.0,1.66,0.00,44
1789377260614692332,3326.7,0.4,1.86,1.52,6
1789377260616965460,3326.0,0.4,1.85,1.52,7
1789377261644370923,392.9,0.2,0.74,5.50,0
1789377261646454140,385.7,0.2,0.74,5.50,0
1789377262671748733,0.0,0.0,0.00,0.00,0
1789377262673143746,0.0,0.0,0.00,0.00,0
1789377263698199659,0.0,0.0,0.00,0.00,0
1789377263700010361,0.0,0.0,0.00,0.00,0
1789377264725131736,0.0,0.0,3.50,0.00,0
1789377264726647994,0.0,0.0,3.50,0.00,0
1789377265751643282,0.0,0.6,0.00,0.22,0
1789377265753559832,0.0,0.6,0.00,0.22,0
1789377266779064467,911.2,0.0,2.90,0.00,12
1789377266781095073,918.7,0.0,2.89,0.00,10
1789377267809796412,3219.3,0.0,1.77,0.00,11
1789377267811730986,3219.5,0.0,1.77,0.00,10
1789377268840696521,3308.9,0.0,1.63,0.00,2
1789377268842819445,3306.9,0.0,1.63,0.00,2
1789377269871436740,3239.2,0.0,1.95,0.00,7
1789377269873342090,3239.7,0.0,1.95,0.00,6
1789377270901590509,3188.0,0.5,1.81,0.18,10
1789377270904060813,3188.0,0.5,1.81,0.18,12
1789377271932161205,3177.6,0.0,1.65,0.00,36
1789377271935210160,3179.8,0.0,1.68,0.00,20
1789377272963064754,3299.6,0.2,1.87,5.00,6
1789377272965883178,3299.2,0.2,1.84,5.00,6
1789377273993821516,3199.6,0.0,1.90,0.00,11
1789377273996868184,3199.4,0.0,1.90,0.00,10
1789377275024738874,3200.8,0.0,1.78,0.00,13
1789377275027364246,3201.4,0.0,1.78,0.00,12
1789377276055467865,3305.3,0.3,1.62,1.56,3
1789377276058141867,3303.7,0.3,1.61,1.56,2
1789377277086560990,3116.5,0.0,2.44,0.00,10
1789377277088844343,3118.5,0.0,2.44,0.00,8
1789377278116887059,3158.3,0.2,1.79,6.50,11
1789377278119076628,3157.5,0.2,1.79,6.50,10
1789377279147292107,3242.7,0.0,1.59,0.00,2
1789377279149188181,3240.4,0.0,1.59,0.00,2
1789377280177508710,3253.0,0.0,1.97,0.00,6
1789377280179391077,3254.7,0.0,1.97,0.00,6
1789377281208443727,2707.0,0.3,13.51,0.20,194
1789377281210511837,2703.1,0.3,13.75,0.20,141
1789377282239071365,3161.5,0.0,2.94,0.00,6
1789377282240765304,3165.0,0.0,2.65,0.00,7
1789377283269293181,3177.5,0.2,1.90,2.50,11
1789377283271167066,3178.0,0.2,1.90,2.50,14
1789377284298068637,3205.5,0.0,1.79,0.00,11
1789377284300003978,3205.5,0.0,1.78,0.00,12
1789377285328651219,3313.5,0.0,1.62,0.00,0
1789377285330801040,3310.8,0.0,1.62,0.00,1
1789377286359037691,93.4,0.4,0.29,2.58,0
1789377286361383235,89.0,0.4,0.29,2.58,0
1789377287385276074,0.0,0.0,0.00,0.00,0
1789377287388528054,0.0,0.0,0.00,0.00,0
1789377288412400152,0.0,0.2,0.00,8.50,0
1789377288415289438,0.0,0.2,0.00,8.50,0
1789377289438902374,0.0,0.0,0.00,0.00,0
1789377289442332496,0.0,0.0,0.00,0.00,0
1789377290466136234,0.0,0.0,0.00,0.00,0
1789377290469004399,0.0,0.0,0.00,0.00,0
1789377291493333095,1235.2,0.4,2.78,3.63,7
1789377291496249468,1245.0,0.4,2.76,3.63,7
1789377292522544659,3207.3,0.0,1.80,0.00,10
1789377292525217604,3207.0,0.0,1.80,0.00,11
1789377293550067425,3203.9,0.1,1.69,12.00,32
1789377293553900194,3203.8,0.1,1.70,12.00,22
1789377294580181370,3320.5,0.0,1.83,0.00,8
1789377294583379531,3320.4,0.0,1.81,0.00,7
1789377295609850277,3201.8,0.0,1.90,0.00,10
1789377295611901878,3201.2,0.0,1.90,0.00,12
1789377296639290027,3170.0,0.3,1.78,1.19,12
1789377296641774700,3170.0,0.3,1.78,1.19,12
1789377297668732790,3293.3,0.0,1.64,0.00,4
1789377297671706479,3294.5,0.0,1.64,0.00,2
1789377298699232362,3201.1,0.2,1.95,7.00,10
1789377298702163552,3200.8,0.2,1.96,7.00,8
1789377299730070943,3203.4,0.0,1.81,0.00,12
1789377299732868499,3203.9,0.0,1.81,0.00,10
1789377300760329032,3188.8,0.0,1.55,0.00,41
1789377300762910097,3188.3,0.0,1.56,0.00,30
1789377301791348321,3176.8,0.6,2.63,1.74,7
1789377301793627108,3177.3,0.6,2.62,1.74,6
1789377302821920155,3181.3,0.0,1.80,0.00,12
1789377302823976611,3180.5,0.0,1.80,0.00,12
1789377303852787751,3172.9,0.0,1.71,0.00,20
1789377303854736441,3174.3,0.0,1.71,0.00,11
1789377304882905608,3315.8,0.0,1.79,0.00,7
1789377304884861009,3315.2,0.0,1.78,0.00,7
1789377305914451368,2663.1,0.0,14.63,0.00,13
1789377305915514300,2661.6,0.0,14.63,0.00,12
1789377306944252460,3219.5,0.6,1.64,1.17,3
1789377306946028963,3220.3,0.6,1.64,1.17,3
1789377307975078206,3217.0,0.0,1.96,0.00,6
1789377307976400630,3216.8,0.0,1.96,0.00,6
1789377309005650543,3207.7,0.0,1.81,0.00,12
1789377309006805751,3209.1,0.0,1.81,0.00,11
1789377310036244653,3126.5,0.0,1.55,0.00,0
1789377310037468884,3119.8,0.0,1.54,0.00,0
1789377311063150157,0.0,0.0,0.00,0.00,0
1789377311064189605,0.0,0.0,0.00,0.00,0
1789377312089844106,0.0,0.5,0.00,6.02,0
1789377312091179744,0.0,0.5,0.00,6.02,0
1789377313116391297,0.0,0.0,0.00,0.00,0
1789377313118165617,0.0,0.0,0.00,0.00,0
1789377314143013130,0.0,0.0,0.00,0.00,0
1789377314145436836,0.0,0.0,0.00,0.00,0
1789377315170180512,0.0,0.0,14.00,0.00,0
1789377315172526841,0.0,0.0,14.00,0.00,0
1789377316197670890,1504.7,0.0,2.37,0.00,6
1789377316199865889,1513.0,0.0,2.36,0.00,6
1789377317228830035,3188.8,0.5,1.91,4.39,12
1789377317230799103,3188.3,0.5,1.91,4.39,10
1789377318259347474,3210.4,0.0,1.77,0.00,10
1789377318261937108,3209.9,0.0,1.77,0.00,11
1789377319289867409,3312.3,0.0,1.63,0.00,2
1789377319292931802,3308.4,0.0,1.63,0.00,2
1789377320320518887,3216.9,0.0,1.99,0.00,8
1789377320323687763,3221.2,0.0,1.99,0.00,6
1789377321351063524,3170.4,0.0,1.80,0.00,10
1789377321354751428,3170.5,0.0,1.81,0.00,11
1789377322382412184,3173.4,0.5,1.60,1.64,23
1789377322384983756,3172.3,0.5,1.62,1.64,12
1789377323413199690,3320.8,0.0,1.91,0.00,6
1789377323415550978,3320.3,0.0,1.89,0.00,6
1789377324443376173,3203.7,0.0,1.88,0.00,11
1789377324446375999,3204.8,0.0,1.88,0.00,11
1789377325473453277,3191.9,0.0,1.76,0.00,11
1789377325475975724,3192.0,0.0,1.76,0.00,12
1789377326504322711,3211.4,0.0,2.21,0.00,7
1789377326506724959,3212.3,0.0,2.21,0.00,7
1789377327534767711,3169.6,0.5,1.91,4.48,10
1789377327537300693,3169.0,0.5,1.91,4.48,11
1789377328566108685,3177.7,0.0,1.77,0.00,11
1789377328568155929,3176.4,0.0,1.77,0.00,12
1789377329597153514,3270.8,0.0,1.61,0.00,2
1789377329598998117,3267.6,0.0,1.61,0.00,1
1789377330627688912,2666.5,0.0,15.39,0.00,12
1789377330630088006,2670.6,0.0,15.38,0.00,12
1789377331659285277,3090.2,0.2,1.66,2.50,45
1789377331661291940,3089.7,0.2,1.66,2.50,57
1789377332690609072,3302.4,0.4,1.92,0.60,6
1789377332692429072,3303.5,0.4,1.91,0.60,6
1789377333721304077,3207.9,0.0,1.89,0.00,12
1789377333723384342,3207.3,0.0,1.89,0.00,11
1789377334751751081,2886.8,0.0,1.54,0.00,0
1789377334754082161,2874.6,0.0,1.54,0.00,0
1789377335777189760,0.0,0.0,0.00,0.00,0
1789377335781076194,0.0,0.0,0.00,0.00,0
1789377336804261027,0.0,0.2,0.00,9.50,0
1789377336807467338,0.0,0.2,0.00,9.50,0
1789377337831375788,0.0,0.3,0.00,2.83,0
1789377337834339665,0.0,0.3,0.00,2.83,0
1789377338858390861,0.0,0.0,0.00,0.00,0
1789377338861269834,0.0,0.0,0.00,0.00,0
1789377339885191715,0.0,0.0,0.00,0.00,0
1789377339887597517,0.0,0.0,0.00,0.00,0
1789377340913347727,1733.0,0.0,2.17,0.00,2
1789377340915225183,1738.3,0.0,2.17,0.00,4
1789377341945469053,3219.1,0.2,1.96,9.50,10
1789377341947120350,3220.2,0.2,1.96,9.50,9
1789377342976834607,3219.6,0.3,1.78,1.51,12
1789377342979316471,3220.1,0.3,1.78,1.51,11
1789377344008033834,3203.0,0.0,1.64,0.00,43
1789377344009969479,3202.9,0.0,1.65,0.00,34
1789377345039050357,3320.9,0.0,1.86,0.00,8
1789377345041208467,3320.6,0.0,1.85,0.00,6
1789377346069706613,3195.3,0.0,1.91,0.00,12
1789377346071879778,3196.0,0.0,1.91,0.00,10
1789377347101047652,3188.4,0.1,1.78,6.50,10
1789377347102660742,3187.8,0.1,1.78,6.50,12
1789377348132483462,3295.9,0.3,1.65,0.59,3
1789377348134083356,3295.6,0.3,1.65,0.59,4
1789377349163928109,3202.4,0.0,2.00,0.00,11
1789377349165123997,3202.0,0.0,2.00,0.00,11
1789377350195397268,3189.1,0.0,1.78,0.00,11
1789377350196640059,3190.3,0.0,1.78,0.00,11
1789377351226591580,3140.9,0.0,2.14,0.00,1
1789377351228176938,3139.2,0.0,2.14,0.00,2
1789377352258073757,3246.5,0.2,1.96,5.50,7
1789377352259310310,3247.7,0.2,1.96,5.50,6
1789377353289476258,3169.8,0.4,1.83,3.63,13
1789377353290755751,3169.7,0.4,1.83,3.63,10
1789377354320937257,3188.0,0.0,1.76,0.00,11
1789377354322190566,3188.0,0.0,1.76,0.00,25
1789377355352762933,2797.6,0.0,14.27,0.00,12
1789377355353704676,2796.4,0.0,14.26,0.00,11
1789377356383516738,3105.9,0.0,1.80,0.00,11
1789377356385479054,3108.9,0.0,1.80,0.00,12
1789377357414719428,3279.2,0.2,1.64,6.50,2
1789377357416774276,3275.8,0.2,1.63,6.50,2
1789377358444673923,3230.0,0.3,1.96,1.55,8
1789377358447356503,3232.1,0.3,1.96,1.55,8
1789377359474514769,2524.2,0.0,1.53,0.00,0
1789377359477483358,2514.7,0.0,1.53,0.00,0
1789377360501777299,0.0,0.0,0.00,0.00,0
1789377360504715797,0.0,0.0,0.00,0.00,0
1789377361527952903,0.0,0.0,0.00,0.00,0
1789377361530844247,0.0,0.0,0.00,0.00,0
1789377362554540894,0.0,0.2,0.00,8.50,0
1789377362557546162,0.0,0.2,0.00,8.50,0
1789377363581240820,0.0,0.4,0.00,2.54,0
1789377363584539458,0.0,0.4,0.00,2.54,0
1789377364607436671,0.0,0.0,0.00,0.00,0
1789377364611530311,0.0,0.0,0.00,0.00,0
1789377365634015412,0.0,0.0,14.00,0.00,0
1789377365638469227,0.0,0.0,14.00,0.00,0
1789377366660574224,0.0,0.2,0.00,8.50,0
1789377366665239578,0.0,0.2,0.00,8.50,0
1789377367686791132,0.0,0.0,0.00,0.00,0
1789377367692390056,0.0,0.0,0.00,0.00,0
1789377368714107541,0.0,0.0,14.00,0.00,0
1789377368719056600,0.0,0.0,14.00,0.00,8
1789377369740994672,0.0,0.3,0.00,3.08,0
1789377369745583796,0.0,0.3,0.00,3.08,0
1789377370767753201,0.0,0.0,0.00,0.00,0
1789377370772490976,0.0,0.0,0.00,0.00,0
1789377371794295095,0.0,0.2,0.00,8.50,0
1789377371799388573,0.0,0.2,0.00,8.50,0
1789377372820813196,0.0,0.0,0.00,0.00,0
1789377372826208161,0.0,0.0,0.00,0.00,0
1789377373847743903,1892.0,0.3,2.05,0.30,0
1789377373853179565,1891.8,0.3,2.05,0.30,0
1789377374875285612,2435.9,0.0,2.10,0.00,12
1789377374880893504,2454.4,0.0,2.10,0.00,12
1789377375905151909,2501.8,0.0,1.80,0.00,10
1789377375910628693,2501.7,0.0,1.80,0.00,9
1789377376936984272,2478.6,0.2,1.65,7.50,2
1789377376941511697,2474.2,0.2,1.64,7.50,2
1789377377967632392,2020.1,0.0,1.69,0.00,0
1789377377973075174,2006.5,0.0,1.70,0.00,0
1789377378995165586,2075.7,0.4,2.08,4.10,15
1789377379001100009,2096.0,0.4,2.09,4.10,19
1789377380024078032,2507.0,0.0,1.85,0.00,12
1789377380029855974,2505.7,0.0,1.84,0.00,12
1789377381056717862,2502.6,0.0,1.72,0.00,6
1789377381061746928,2501.6,0.0,1.72,0.00,8
1789377382087291732,2346.9,0.2,1.60,7.00,0
1789377382093169053,2330.8,0.2,1.61,7.00,0
1789377383117848115,1891.0,0.0,1.79,0.00,0
1789377383121812415,1892.5,0.0,1.79,0.00,0
1789377384144692509,2288.1,0.4,2.16,2.21,11
1789377384149030897,2302.9,0.4,2.16,2.21,11
1789377385172422819,2505.9,0.0,1.82,0.00,11
1789377385177243137,2503.9,0.0,1.82,0.00,10
1789377386202062617,2496.4,0.0,1.62,0.00,8
1789377386207041499,2498.1,0.0,1.62,0.00,7
1789377387232031139,2158.0,0.2,1.64,8.50,0
1789377387237409409,2140.3,0.2,1.65,8.50,0
1789377388259707499,1893.9,0.0,2.62,0.00,0
1789377388265121556,1893.2,0.0,2.62,0.00,0
1789377389286181937,2356.0,0.5,2.11,2.15,11
1789377389291694581,2374.7,0.5,2.11,2.15,12
1789377390315169338,2491.9,0.0,1.81,0.00,11
1789377390320325514,2492.6,0.0,1.80,0.00,11
1789377391346307042,2475.4,0.0,1.68,0.00,7
1789377391351214854,2474.1,0.0,1.68,0.00,6
1789377392376163388,2118.7,0.2,1.68,2.00,0
1789377392381340993,2102.0,0.2,1.68,2.00,0
1789377393403941016,1914.7,0.0,2.01,0.00,707
1789377393409246532,1922.8,0.0,2.08,0.00,694
1789377394430749824,1951.1,0.4,16.63,0.07,23
1789377394433755125,1956.2,0.4,16.60,0.07,30
1789377395457714341,2474.0,0.0,1.97,0.00,10
1789377395460459687,2473.7,0.0,1.95,0.00,13
1789377396488269501,2483.5,0.0,1.84,0.00,6
1789377396491266251,2483.4,0.0,1.84,0.00,7
1789377397518724267,2442.5,0.2,1.60,5.00,0
1789377397521642326,2439.9,0.2,1.60,5.00,2
1789377398548295928,1962.0,0.0,1.74,0.00,0
1789377398550698987,1956.5,0.0,1.74,0.00,0
1789377399575133397,1900.4,53.6,1.81,2.30,3
1789377399577759382,1895.0,55.4,1.81,2.31,3
1789377400598082231,0.0,87.2,0.00,2.75,0
1789377400601817045,0.0,85.4,0.00,2.75,0
1789377401624020551,0.0,0.0,0.00,0.00,1
1789377401628298208,0.0,0.5,0.00,9.00,0
1789377402654487236,0.0,0.5,0.00,9.00,0
1789377402668845527,0.0,0.0,0.00,0.00,0
1789377403681107276,0.0,0.0,0.00,0.00,0
1789377403694854251,0.0,0.0,0.00,0.00,0
1789377404707831748,0.0,0.7,0.00,1.20,0
1789377404721339125,0.0,0.7,0.00,1.20,0
1789377405735004389,1635.6,0.0,2.29,0.00,7
1789377405748070205,1681.4,0.0,2.25,0.00,4
1789377406764813161,3198.1,0.2,1.91,9.00,9
1789377406778402397,3198.0,0.2,1.92,9.00,10
1789377407794550399,3221.3,0.0,1.78,0.00,10
1789377407807921829,3219.8,0.0,1.78,0.00,9
1789377408824892399,3251.3,0.0,1.59,0.00,2
1789377408838086135,3228.2,0.0,1.58,0.00,0
1789377409855024283,1835.2,253.8,2.35,2.98,5
1789377409868304291,1816.7,259.5,2.37,2.99,7
1789377410885057339,1150.6,375.6,3.41,4.57,7
1789377410898512608,1190.4,369.9,3.32,4.58,8
1789377411915397384,2146.9,771.2,1.78,1.20,8
1789377411928296754,2149.1,771.0,1.78,1.20,6
1789377412944680051,2175.3,769.1,1.75,1.27,6
1789377412958291255,2172.6,770.9,1.75,1.27,8
1789377413974838980,2009.5,856.9,1.89,1.10,7
1789377413988107793,1980.2,876.5,1.91,1.10,8
1789377415005452121,1934.2,878.8,1.90,1.59,5
1789377415018603160,1928.1,885.2,1.90,1.58,7
1789377416035358800,58.3,521.1,15.91,4.49,7
1789377416048494094,53.4,499.2,17.36,4.70,7
1789377417065169206,242.8,365.4,13.06,6.75,39
1789377417078428850,266.0,360.5,12.64,6.78,33
1789377418094974640,1549.2,233.0,2.51,3.40,5
1789377418108900015,1526.6,237.8,2.42,3.36,8
1789377419125196331,84.0,399.9,13.63,4.68,7
1789377419138885301,82.5,399.9,13.72,4.70,7
1789377420155446213,154.8,374.0,15.26,5.83,14
1789377420169380559,158.7,371.0,15.21,5.87,46
1789377421186075348,1632.8,193.5,2.97,2.78,7
1789377421200130987,1628.8,196.3,2.94,2.76,6
1789377422216432618,91.0,366.2,13.11,4.66,4
1789377422230594351,91.1,365.5,13.09,4.60,4
1789377423246823498,121.4,357.4,16.60,6.41,18
1789377423260119049,122.9,355.5,16.62,6.69,10
1789377424276384673,1650.1,187.8,2.94,5.52,7
1789377424290020591,1648.9,190.2,2.94,5.17,5
1789377425306488366,95.2,342.7,15.78,4.91,5
1789377425320636418,94.7,342.6,15.82,4.90,6
1789377426336732678,59.3,401.9,15.77,5.48,7
1789377426350434853,59.3,401.2,15.83,5.48,9
1789377427366602903,1260.4,201.0,4.05,5.13,6
1789377427380917043,1306.6,196.4,3.91,5.14,8
1789377428397078775,548.9,354.3,3.60,3.62,6
1789377428410702076,502.9,360.2,3.87,3.61,7
1789377429427286699,2796.7,30.1,2.70,3.09,10
1789377429441091420,2842.4,24.3,2.69,2.98,11
1789377430457617296,3177.4,0.0,1.74,0.00,14
1789377430471203161,3177.9,0.0,1.76,0.00,11
1789377431487828007,3300.9,0.0,1.70,0.00,8
1789377431501754182,3301.0,0.0,1.68,0.00,2
1789377432517825972,3117.3,2.6,2.01,0.40,11
1789377432531565480,3117.8,2.6,2.02,0.40,9
1789377433546705319,2930.5,0.0,6.06,0.00,289
1789377433560748472,2897.7,0.0,7.87,0.00,195
1789377434576949194,2969.5,0.0,9.83,0.00,8
1789377434591075454,3001.6,0.0,8.33,0.00,8
1789377435606255591,3181.8,0.0,1.82,0.00,13
1789377435621519949,3183.5,0.0,1.83,0.00,11
1789377436636262156,3206.4,0.2,1.64,8.00,54
1789377436650637726,3190.9,0.2,1.70,8.00,33
1789377437666169703,3290.7,0.4,1.94,2.07,7
1789377437681397489,3305.3,0.4,1.86,2.07,6
1789377438695610828,437.1,0.0,0.73,0.00,0
1789377438710802570,384.0,0.0,0.69,0.00,0
1789377439721797504,0.0,0.0,0.00,0.00,0
1789377439737678061,0.0,0.0,0.00,0.00,0
1789377440748265330,0.0,0.0,3.00,0.00,0
1789377440764358411,0.0,0.0,3.00,0.00,0
1789377441774530101,0.0,0.2,0.00,7.50,0
1789377441790575002,0.0,0.2,0.00,7.50,0
1789377442800821301,0.0,0.4,0.00,0.13,0
1789377442816832484,0.0,0.4,0.00,0.13,0
1789377443827709817,879.6,0.0,3.02,0.00,10
1789377443844493240,936.3,0.0,2.95,0.00,10
1789377444857844883,3211.7,0.0,1.78,0.00,12
1789377444874740474,3209.2,0.0,1.78,0.00,12
1789377445888218646,3316.8,0.0,1.64,0.00,2
1789377445905854891,3306.1,0.0,1.62,0.00,2
1789377446918427542,3219.6,0.2,1.95,8.50,9
1789377446935914777,3234.1,0.2,1.96,8.50,7
1789377447948832253,3206.7,0.3,1.79,2.26,10
1789377447965726561,3202.7,0.3,1.80,2.26,10
1789377448978192952,3175.6,0.0,1.59,0.00,32
1789377448996125459,3176.3,0.0,1.69,0.00,34
1789377450008223048,3317.9,0.0,1.92,0.00,7
1789377450026524615,3318.2,0.0,1.81,0.00,8
1789377451037926453,3196.0,0.0,1.87,0.00,10
1789377451055927490,3197.0,0.0,1.88,0.00,10
1789377452068191420,3187.5,0.2,1.79,7.50,10
1789377452085998542,3187.7,0.2,1.79,7.50,10
1789377453098630455,3303.2,0.4,1.65,1.00,2
1789377453116592910,3300.2,0.4,1.62,1.00,2
1789377454128693341,3086.5,0.0,2.61,0.00,8
1789377454146627295,3089.5,0.0,2.63,0.00,9
1789377455158648267,3176.8,0.0,1.75,0.00,10
1789377455176771663,3176.1,0.0,1.76,0.00,10
1789377456189096724,3268.7,0.0,1.62,0.00,0
1789377456206448544,3244.0,0.0,1.60,0.00,2
1789377457219160715,3210.6,0.2,1.97,6.00,7
1789377457236892405,3234.7,0.2,1.97,6.00,6
1789377458249726670,2759.8,0.4,12.64,10.27,687
1789377458267484133,2721.4,0.4,12.95,10.27,442
1789377459280579454,3100.5,0.0,4.68,0.00,6
1789377459298264268,3139.1,0.0,4.23,0.00,8
1789377460310952974,3188.2,0.0,1.89,0.00,10
1789377460328573781,3188.6,0.0,1.91,0.00,10
1789377461341728831,3204.8,0.0,1.79,0.00,10
1789377461359061766,3205.3,0.0,1.79,0.00,12
1789377462371877322,3317.5,0.2,1.65,6.00,2
1789377462389229144,3307.9,0.2,1.63,6.00,4
1789377463401750429,169.3,0.0,0.42,0.00,0
1789377463418765061,119.7,0.0,0.37,0.00,0
1789377464428504589,0.0,0.3,0.00,0.13,0
1789377464445867319,0.0,0.3,0.00,0.13,0
1789377465455405255,0.0,0.0,0.00,0.00,0
1789377465472690082,0.0,0.0,0.00,0.00,0
1789377466481636897,0.0,0.0,0.00,0.00,0
1789377466499511227,0.0,0.0,0.00,0.00,0
1789377467507678016,0.0,0.2,0.00,4.00,0
1789377467526154778,0.0,0.2,0.00,4.00,0
1789377468535018813,1152.7,0.0,2.65,0.00,11
1789377468553425017,1215.6,0.0,2.58,0.00,6
1789377469564977993,3213.4,0.3,1.79,3.08,12
1789377469583775152,3212.8,0.3,1.80,3.08,12
1789377470595084058,3216.9,0.0,1.59,0.00,24
1789377470614146138,3215.1,0.0,1.68,0.00,25
1789377471624156242,3335.2,0.0,1.91,0.00,7
1789377471643919788,3327.2,0.2,1.80,6.00,6
1789377472654405268,3204.1,0.2,1.88,6.00,11
1789377472674636682,3213.5,0.0,1.89,0.00,9
1789377473684256605,3181.9,0.0,1.80,0.00,11
1789377473703714775,3182.0,0.0,1.80,0.00,11
1789377474713682889,3302.5,0.4,1.66,1.05,1
1789377474733952443,3288.1,0.4,1.63,1.05,0
1789377475742618177,3197.2,0.0,1.96,0.00,11
1789377475763609442,3211.2,0.0,1.98,0.00,6
1789377476771366574,3195.8,0.2,1.81,11.00,12
1789377476792115331,3196.9,0.2,1.82,11.00,11
1789377477800600302,3212.1,0.0,1.56,0.00,1
1789377477818572762,3180.7,0.0,1.57,0.00,30
1789377478830604849,3180.8,0.0,2.60,0.00,5
1789377478848063534,3210.2,0.0,2.56,0.00,6
1789377479860610849,3173.9,0.4,1.80,4.37,10
1789377479878090328,3175.8,0.4,1.81,4.37,10
1789377480890709317,3177.0,0.0,1.69,0.00,27
1789377480908149855,3176.1,0.0,1.73,0.00,14
1789377481921203773,3296.3,0.2,1.83,8.50,8
1789377481938633592,3297.2,0.2,1.77,8.50,7
1789377482950935172,2700.7,0.0,13.68,0.00,14
1789377482968508763,2699.3,0.0,13.72,0.00,11
1789377483980155749,3228.4,0.0,1.65,0.00,3
1789377483998284150,3209.9,0.0,1.63,0.00,0
1789377485010383017,3187.2,0.3,2.00,1.53,11
1789377485028372260,3206.5,0.3,2.01,1.53,7
1789377486040559697,3207.8,0.0,1.80,0.00,11
1789377486058514955,3208.3,0.0,1.81,0.00,10
1789377487071131803,3162.7,0.2,1.57,7.00,0
1789377487088412646,3103.3,0.2,1.56,7.00,0
1789377488098171271,0.0,0.0,0.00,0.00,0
1789377488115252294,0.0,0.0,0.00,0.00,0
1789377489124730700,0.0,0.0,0.00,0.00,0
1789377489141693245,0.0,0.0,0.00,0.00,0
1789377490151600837,0.0,0.4,0.00,0.13,0
1789377490168506463,0.0,0.4,0.00,0.13,0
1789377491178555992,0.0,0.0,0.00,0.00,0
1789377491194686840,0.0,0.0,0.00,0.00,0
1789377492205270962,0.0,0.2,0.00,3.50,0
1789377492221643402,0.0,0.2,0.00,3.50,0
1789377493232736758,1448.3,0.0,2.46,0.00,7
1789377493249171457,1505.0,0.0,2.40,0.00,6
1789377494264303688,3227.7,0.0,1.87,0.00,11
1789377494279104685,3225.0,0.0,1.88,0.00,11
1789377495295539919,3205.1,0.3,1.79,0.54,11
1789377495309601527,3205.0,0.3,1.79,0.54,12
1789377496326341513,3317.7,0.0,1.63,0.00,3
1789377496339716750,3302.7,0.0,1.61,0.00,2
1789377497356378937,3213.4,0.2,1.97,7.50,6
1789377497369909253,3226.8,0.2,1.97,7.50,8
1789377498387375816,3174.3,0.0,1.80,0.00,11
1789377498400297008,3176.4,0.0,1.81,0.00,11
1789377499418303888,3193.6,0.0,1.61,0.00,14
1789377499430581744,3194.2,0.0,1.67,0.00,20
1789377500449032303,3303.6,0.4,1.91,1.42,6
1789377500461147496,3302.1,0.4,1.83,1.42,7
1789377501480327268,3207.4,0.0,1.88,0.00,11
1789377501491934086,3207.5,0.0,1.89,0.00,11
1789377502511145325,3170.3,0.1,1.78,5.50,12
1789377502522750151,3171.4,0.1,1.78,5.50,11
1789377503541990141,3234.0,0.0,2.15,0.00,6
1789377503553766513,3233.6,0.0,2.14,0.00,5
1789377504572833172,3188.0,0.0,1.90,0.00,9
1789377504583889656,3186.6,0.0,1.91,0.00,9
1789377505603674923,3171.9,0.3,1.78,0.60,11
1789377505614863634,3171.2,0.3,1.79,0.60,10
1789377506634777907,3255.0,0.2,1.62,2.00,2
1789377506646185886,3239.6,0.2,1.61,2.00,2
1789377507665533312,2714.4,0.0,14.35,0.00,11
1789377507676907835,2729.7,0.0,14.32,0.00,10
1789377508696860009,3119.9,0.0,1.70,0.00,36
1789377508707473276,3119.4,0.0,1.73,0.00,17
1789377509727697017,3300.2,0.0,1.81,0.00,8
1789377509738668755,3301.4,0.0,1.78,0.00,8
1789377510758492235,3203.1,0.4,1.91,0.16,9
1789377510769595918,3202.9,0.4,1.92,0.16,9
1789377511789048666,2816.3,0.2,1.51,2.50,0
1789377511799662452,2780.3,0.2,1.51,2.50,0
1789377512816414373,0.0,0.0,0.00,0.00,0
1789377512826728642,0.0,0.0,0.00,0.00,0
1789377513843424261,0.0,0.0,0.00,0.00,0
1789377513853852392,0.0,0.0,0.00,0.00,0
1789377514870162844,0.0,0.0,0.00,0.00,0
1789377514880622043,0.0,0.0,0.00,0.00,0
1789377515897181269,0.0,0.3,0.00,3.11,0
1789377515906804776,0.0,0.3,0.00,3.11,0
1789377516924081717,0.0,0.2,0.00,8.50,0
1789377516933740881,0.0,0.2,0.00,8.50,0
1789377517951628499,1789.1,0.0,2.12,0.00,1
1789377517961021148,1809.0,0.0,2.09,0.00,2
1789377518982850158,3235.7,0.0,1.94,0.00,7
1789377518992026274,3244.7,0.0,1.94,0.00,6
1789377520014440264,3221.2,0.1,1.80,1.50,14
1789377520023404239,3221.8,0.3,1.81,1.61,11
1789377521046688798,3202.9,0.3,1.72,1.59,31
1789377521055372582,3204.4,0.1,1.74,1.55,11
1789377522079548213,3014.5,0.2,1.30,3.50,9
1789377522087292918,3011.9,0.2,1.29,3.50,8
1789377523110741437,3181.0,0.0,1.71,0.00,10
1789377523118871269,3183.9,0.0,1.72,0.00,11
1789377524142704412,3187.5,0.0,1.64,0.00,43
1789377524149889461,3187.1,0.0,1.69,0.00,27
1789377525172723249,3309.7,0.3,1.87,0.33,6
1789377525180356351,3310.0,0.3,1.81,0.33,8
1789377526203003433,3204.7,0.0,1.88,0.00,11
1789377526210600437,3203.8,0.0,1.88,0.00,11
1789377527233719173,3166.5,0.2,1.76,7.50,12
1789377527240949270,3166.8,0.2,1.76,7.50,13
1789377528263214083,3217.8,0.0,2.26,0.00,7
1789377528270909173,3217.6,0.0,2.26,0.00,6
1789377529293579981,3186.9,0.0,1.87,0.00,8
1789377529301665735,3187.6,0.0,1.88,0.00,11
1789377530323819011,3182.8,0.4,1.77,1.71,12
1789377530332141995,3183.3,0.4,1.77,1.71,10
1789377531354171804,3263.9,0.0,1.61,0.00,2
1789377531362418005,3249.8,0.0,1.60,0.00,2
1789377532383216188,2665.7,0.2,15.68,7.50,11
1789377532392379611,2678.6,0.2,15.63,7.50,11
1789377533413218047,3121.5,0.0,1.67,0.00,29
1789377533422528551,3122.8,0.0,1.71,0.00,26
1789377534443289769,3311.4,0.0,1.86,0.00,7
1789377534452621507,3310.9,0.0,1.80,0.00,7
1789377535470858983,3198.4,0.4,1.90,1.66,13
1789377535480931568,3198.7,0.4,1.91,1.66,11
1789377536499818422,2873.8,0.0,1.52,0.00,0
1789377536509950607,2836.9,0.0,1.52,0.00,0
1789377537524057703,0.0,0.2,0.00,2.00,0
1789377537535550533,0.0,0.2,0.00,2.00,0
1789377538550904360,0.0,0.0,0.00,0.00,0
1789377538561660547,0.0,0.0,0.00,0.00,0
1789377539577777787,0.0,0.0,0.00,0.00,0
1789377539587950074,0.0,0.0,0.00,0.00,0
1789377540604662517,0.0,0.4,0.00,2.67,0
1789377540614013338,0.0,0.4,0.00,2.67,0
1789377541631395820,0.0,0.0,0.00,0.00,0
1789377541641123208,0.0,0.2,0.00,8.50,0
1789377542663531280,1736.3,0.2,2.17,8.50,2
1789377542678212872,1785.1,0.0,2.13,0.00,2
1789377543693406824,3219.1,0.0,1.95,0.00,9
1789377543707915083,3226.6,0.0,1.96,0.00,6
1789377544723417494,3202.6,0.0,1.80,0.00,10
1789377544738170369,3204.4,0.0,1.81,0.00,10
1789377545753681289,3203.0,0.4,1.61,0.63,40
1789377545768029087,3201.8,0.4,1.68,0.63,27
1789377546783762728,3308.6,0.2,1.90,6.50,6
1789377546798029682,3308.2,0.2,1.81,6.50,8
1789377547814153258,3194.7,0.0,1.87,0.00,11
1789377547827510309,3193.2,0.0,1.88,0.00,9
1789377548843681572,3191.3,0.0,1.77,0.00,10
1789377548857829398,3192.9,0.0,1.77,0.00,12
1789377549873880157,3312.7,0.0,1.65,0.00,3
1789377549887477160,3306.1,0.0,1.64,0.00,3
1789377550903401509,3214.9,0.4,1.93,1.48,11
1789377550917467208,3222.2,0.4,1.94,1.48,6
1789377551933188843,3023.8,17.6,1.86,3.02,14
1789377551960376671,3030.1,17.4,1.86,3.02,12
1789377552963624052,3215.8,0.0,2.17,0.00,3
1789377553019890915,3154.5,0.0,2.12,0.00,2
1789377553992963303,3199.9,0.0,1.93,0.00,10
1789377554049164922,3268.1,0.0,1.94,0.00,6
1789377555022681291,3163.3,0.0,1.79,0.00,11
1789377555078587755,3165.2,0.0,1.83,0.00,10
1789377556053157894,3219.0,0.0,1.60,0.00,0
1789377556107677373,3182.9,0.0,1.76,0.00,21
1789377557082562858,2716.5,0.5,14.07,3.34,12
1789377557137649207,2751.6,0.5,13.79,3.34,9
1789377558112260729,3119.1,0.0,1.74,0.00,11
1789377558167515438,3117.3,0.0,1.77,0.00,11
1789377559141944196,3305.4,0.0,1.76,0.00,6
1789377559197341934,3293.7,0.0,1.67,0.00,2
1789377560171001717,3208.6,0.0,1.91,0.00,11
1789377560226687150,3220.1,0.0,1.96,0.00,11
1789377561199286193,2766.0,0.0,1.52,0.00,0
1789377561255513815,2579.1,0.6,1.52,0.18,0
1789377562226063618,0.2,0.8,0.67,0.22,0
1789377562282079438,0.2,0.2,0.67,2.00,0
1789377563252565011,0.0,0.0,0.00,0.00,0
1789377563308555731,0.0,0.0,0.00,0.00,0
1789377564278928790,0.0,0.0,0.00,0.00,0
1789377564334830582,0.0,0.0,0.00,0.00,0
1789377565305508502,0.0,0.0,0.00,0.00,0
1789377565361300810,0.0,0.0,0.00,0.00,0
1789377566331491958,0.0,0.0,0.00,0.00,0
1789377566387401523,0.0,0.5,0.00,1.33,0
1789377567358240333,1839.9,0.7,1.83,1.34,2
1789377567414236563,1965.9,0.2,1.96,2.00,25
1789377568387870115,3257.2,0.0,1.96,0.00,6
1789377568444089726,3317.4,0.0,1.83,0.00,8
1789377569417827049,3227.4,0.0,1.82,0.00,12
1789377569474354853,3226.4,0.0,1.87,0.00,12
1789377570447970136,3206.3,0.0,1.77,0.00,27
1789377570504376635,3207.0,0.0,1.79,0.00,10
1789377571477733797,3315.1,0.4,1.71,0.62,7
1789377571534299639,3284.2,0.4,1.63,0.62,2
1789377572507900471,3160.9,0.2,1.95,11.50,9
1789377572564370361,3192.3,0.2,2.00,11.50,8
1789377573537717132,3188.9,0.0,1.79,0.00,10
1789377573593899604,3187.7,0.0,1.80,0.00,12
1789377574567272300,3276.1,0.0,1.61,0.00,2
1789377574623009030,3200.5,0.0,1.60,0.00,22
1789377575596778397,3253.5,0.0,1.96,0.00,7
1789377575652996115,3330.8,0.0,1.89,0.00,6
1789377576625884342,3177.2,0.4,1.81,1.75,11
1789377576682757447,3164.2,0.6,1.87,1.95,11
1789377577655476057,3084.2,0.2,2.17,8.00,0
1789377577712652358,3083.9,0.0,2.32,0.00,24
1789377578683646594,3300.6,0.0,1.94,0.00,7
1789377578742647986,3313.1,0.0,1.72,0.00,7
1789377579712472163,3180.9,0.0,1.85,0.00,10
1789377579772087297,3180.4,0.0,1.90,0.00,9
1789377580741566762,3180.8,0.0,1.79,0.00,18
1789377580801673093,3182.1,0.0,1.81,0.00,11
1789377581771663540,2705.6,0.5,15.33,1.77,11
1789377581831316275,2705.8,0.5,15.30,1.77,6
1789377582801483480,3115.1,0.0,1.78,0.00,12
1789377582858921227,3114.3,0.0,1.80,0.00,13
1789377583831560368,3280.7,0.0,1.67,0.00,4
1789377583887337482,3203.2,0.0,1.62,0.00,2
1789377584861746645,3217.8,0.0,1.97,0.00,8
1789377584916115193,3294.4,0.0,1.97,0.00,7
1789377585891034484,2568.0,0.0,1.51,0.00,0
1789377585945018768,2386.4,0.0,1.55,0.00,0
1789377586918520748,0.0,0.5,0.00,0.93,0
1789377586972765619,0.0,0.5,0.00,0.93,0
1789377587947585198,0.0,0.0,0.00,0.00,0
1789377588001368235,0.0,0.0,0.00,0.00,0
1789377588976738987,0.0,0.0,0.00,0.00,0
1789377589030620564,0.0,0.0,0.00,0.00,0
1789377590006344432,0.0,0.0,0.00,0.00,0
1789377590060162299,0.0,0.0,0.00,0.00,0
1789377591036058222,0.0,0.0,0.00,0.00,0
1789377591089935652,0.0,0.0,0.00,0.00,0
1789377592065625665,0.0,0.5,0.00,1.02,0
1789377592119167692,0.0,0.5,0.00,1.02,0
1789377593095154942,0.0,0.0,0.00,0.00,0
1789377593148311949,0.0,0.0,0.00,0.00,0
1789377594124651855,0.0,0.0,0.00,0.00,0
1789377594177847218,0.0,0.0,0.00,0.00,0
1789377595154425156,0.0,0.0,0.00,0.00,0
1789377595206608607,0.0,0.0,0.00,0.00,0
1789377596184155187,0.0,0.0,0.00,0.00,0
1789377596235701780,0.0,0.0,0.00,0.00,0
1789377597213606986,0.0,0.6,0.00,5.21,0
1789377597263688190,0.0,0.6,0.00,5.21,0
1789377598242902574,0.0,0.0,0.00,0.00,0
1789377598292363733,0.0,0.0,0.00,0.00,0
1789377599272666601,0.0,0.0,0.00,0.00,0
1789377599321352752,0.0,0.0,0.00,0.00,0
1789377600301936131,0.0,0.0,0.00,0.00,0
1789377600350480708,0.0,0.0,0.00,0.00,0
1789377601330569883,0.0,0.0,0.00,0.00,0
1789377601379161128,0.0,0.0,0.00,0.00,0
1789377602357144757,0.0,0.5,0.00,2.71,0
1789377602405916700,0.0,0.5,0.00,2.71,0
1789377603383735062,0.0,0.0,0.00,0.00,0
1789377603432282125,0.0,0.0,0.00,0.00,0
1789377604410233270,0.0,0.0,0.00,0.00,0
1789377604459033725,0.0,0.0,0.00,0.00,0
1789377605436650568,0.0,0.0,0.00,0.00,0
1789377605485706663,0.0,0.0,0.00,0.00,0
1789377606463073832,0.0,0.0,7.00,0.00,0
1789377606512303097,0.0,0.0,7.00,0.00,0
1789377607490359583,2841.0,0.5,2.09,1.86,11
1789377607539029544,3005.9,0.5,2.07,1.86,8
1789377608520649133,3135.6,0.0,1.78,0.00,12
1789377608568840039,3134.9,0.0,1.79,0.00,12
1789377609550808781,3293.4,0.0,1.65,0.00,4
1789377609598484617,3246.3,0.0,1.60,0.00,0
1789377610581608581,3145.1,0.0,1.94,0.00,10
1789377610628116616,3192.7,0.0,1.97,0.00,6
1789377611611736549,3129.1,0.0,1.79,0.00,12
1789377611657868245,3118.2,0.1,1.81,6.50,11
1789377612642583926,3244.1,0.5,1.61,1.43,0
1789377612687635425,3183.9,0.3,1.55,1.16,0
1789377613673302481,3167.7,0.0,1.98,0.00,8
1789377613717596183,3237.2,0.0,1.98,0.00,7
1789377614703116108,3128.0,0.0,1.79,0.00,11
1789377614747209568,3128.6,0.0,1.84,0.00,10
1789377615733542755,3209.4,0.0,1.58,0.00,1
1789377615777152889,3136.7,0.0,1.63,0.00,42
1789377616763986550,3198.9,0.2,1.97,6.50,8
1789377616806815455,3268.0,0.2,1.88,6.50,6
1789377617794116926,3018.7,0.3,2.26,0.15,10
1789377617836647753,3021.2,0.3,2.30,0.15,13
1789377618824833131,3204.5,0.0,1.56,0.00,2
1789377618866350508,3123.1,0.0,1.57,0.00,24
1789377619854607723,3191.6,0.0,1.97,0.00,6
1789377619896577892,3264.9,0.0,1.90,0.00,8
1789377620884786647,3126.5,0.0,1.83,0.00,10
1789377620926484356,3135.0,0.0,1.87,0.00,13
1789377621915161797,2722.1,0.2,14.36,7.00,7
1789377621956389781,2702.9,0.2,13.90,7.00,8
1789377622946108454,3067.8,0.4,1.88,0.13,11
1789377622986476893,3085.7,0.4,1.94,0.13,12
1789377623976943764,3108.8,0.0,1.72,0.00,13
1789377624016173758,3108.7,0.0,1.80,0.00,11
1789377625007458523,3300.7,0.0,1.80,0.00,7
1789377625046202023,3302.1,0.0,1.69,0.00,6
1789377626037531243,2259.8,140.1,1.59,0.78,0
1789377626075694413,2130.1,140.1,1.63,0.78,0
1789377627064460945,0.0,0.5,0.00,8.50,0
1789377627102294983,0.0,0.5,0.00,8.50,0
1789377628090914679,0.0,0.7,0.00,1.13,0
1789377628128460339,0.0,0.7,0.00,1.13,0
1789377629117833333,0.0,0.0,0.00,0.00,0
1789377629154891173,0.0,0.0,0.00,0.00,0
1789377630144590604,0.0,0.0,0.00,0.00,0
1789377630181623291,0.0,0.0,0.00,0.00,0
1789377631171016506,0.0,0.0,0.00,0.00,0
1789377631207326140,0.0,0.0,0.00,0.00,0
1789377632199020646,2157.4,0.2,2.31,7.00,12
1789377632234521975,2278.1,0.2,2.29,7.00,11
1789377633230439452,3316.1,0.3,1.66,1.56,2
1789377633264398768,3292.9,0.3,1.62,1.56,2
1789377634261280869,3220.0,0.0,1.92,0.00,9
1789377634294164164,3241.1,0.0,1.95,0.00,8
1789377635292861078,3206.8,0.0,1.79,0.00,10
1789377635324267146,3207.3,0.0,1.81,0.00,12
1789377636323298464,3074.9,139.7,1.68,1.20,3
1789377636353625835,3034.4,139.9,1.65,1.20,2
1789377637354396092,3194.4,0.5,1.97,7.50,8
1789377637383267383,3231.9,0.5,1.97,7.50,6
1789377638385592707,3177.8,0.6,1.79,0.55,10
1789377638413031619,3179.7,0.6,1.82,0.55,12
1789377639416597285,3193.6,0.0,1.59,0.00,27
1789377639442233923,3193.3,0.0,1.71,0.00,35
1789377640447572369,3321.6,0.0,1.92,0.00,6
1789377640472472261,3320.9,0.0,1.78,0.00,6
1789377641478340067,3184.7,0.0,1.87,0.00,16
1789377641502975199,3184.7,0.0,1.89,0.00,11
1789377642509064185,3068.6,0.2,2.31,5.50,11
1789377642532951670,3068.2,0.2,2.34,5.50,11
1789377643539145036,3310.6,0.4,1.72,1.35,7
1789377643562996350,3311.3,0.4,1.67,1.35,7
1789377644570332684,3179.3,0.0,1.90,0.00,10
1789377644592975051,3177.6,0.0,1.92,0.00,10
1789377645601001945,3185.7,0.0,1.79,0.00,10
1789377645622855194,3186.2,0.0,1.80,0.00,12
1789377646631710532,2804.2,0.0,13.85,0.00,7
1789377646653198214,2784.3,0.2,13.46,5.50,18
1789377647663299009,3119.7,0.2,1.81,5.50,11
1789377647682900578,3140.7,0.0,1.85,0.00,12
1789377648694507865,3178.7,0.4,1.72,1.64,28
1789377648712559080,3177.0,0.4,1.76,1.64,10
1789377649725581176,3341.9,0.0,1.80,0.00,6
1789377649743225309,3341.8,0.0,1.73,0.00,6
1789377650756230200,2225.0,0.0,1.61,0.00,0
1789377650772782906,2168.5,0.0,1.62,0.00,0
1789377651783055005,0.0,0.2,0.00,9.50,0
1789377651799597789,0.0,0.2,0.00,9.50,0
1789377652810360074,0.0,0.0,0.00,0.00,0
1789377652826390916,0.0,0.0,0.00,0.00,0
1789377653837653035,0.0,0.4,0.00,2.37,0
1789377653853239687,0.0,0.4,0.00,2.37,0
1789377654864256399,0.0,0.0,0.00,0.00,0
1789377654879984695,0.0,0.0,0.00,0.00,0
1789377655891154440,0.0,0.0,0.00,0.00,0
1789377655907117359,0.0,0.0,0.00,0.00,0
1789377656918969916,2272.6,0.2,2.32,7.00,10
1789377656934035316,2325.8,0.2,2.31,7.00,11
1789377657950475885,3300.1,0.0,1.62,0.00,2
1789377657965081108,3283.6,0.0,1.60,0.00,0
1789377658981794698,3240.4,0.4,1.96,0.32,7
1789377658995331060,3255.8,0.4,1.96,0.32,7
1789377660013339047,3212.4,0.0,1.82,0.00,10
1789377660026218126,3213.7,0.0,1.84,0.00,11
1789377661044832744,3194.0,0.0,1.73,0.00,35
1789377661057133346,3190.7,0.0,1.75,0.00,24
1789377662076145968,3297.0,0.2,1.79,9.50,6
1789377662088834965,3300.5,0.2,1.75,9.50,6
1789377663107894301,3198.1,0.0,1.90,0.00,11
1789377663120368066,3197.1,0.0,1.91,0.00,10
1789377664140158557,3185.4,0.4,1.78,1.57,12
1789377664152689991,3185.3,0.4,1.78,1.57,12
1789377665172016928,3290.4,0.0,1.61,0.00,2
1789377665184004369,3273.5,0.0,1.60,0.00,1
1789377666203280917,3226.5,0.0,1.95,0.00,6
1789377666214655687,3240.1,0.0,1.94,0.00,9
1789377667232337228,3058.4,0.2,2.48,6.50,13
1789377667244362568,3061.7,0.2,2.49,6.50,12
1789377668261870275,3223.2,0.0,1.56,0.00,1
1789377668274453848,3189.1,0.0,1.55,0.00,0
1789377669291903638,3253.3,0.4,1.96,0.49,8
1789377669304934620,3283.4,0.4,1.95,0.49,6
1789377670321756867,3188.0,0.0,1.86,0.00,11
1789377670335153160,3192.3,0.0,1.87,0.00,11
1789377671351639667,2763.4,0.0,12.53,0.00,7
1789377671365183764,2762.1,0.0,12.52,0.00,2
1789377672381255994,3149.6,0.1,1.96,7.00,10
1789377672393742195,3149.4,0.1,1.97,7.00,11
1789377673410671648,3182.9,0.0,1.82,0.00,10
1789377673424373563,3182.4,0.0,1.82,0.00,12
1789377674440942188,3288.5,0.3,1.60,0.11,0
1789377674454590343,3272.5,0.3,1.58,0.11,2
1789377675470429777,1953.7,0.0,1.73,0.00,0
1789377675484149663,1923.6,0.0,1.75,0.00,0
1789377676497004458,0.0,0.0,0.00,0.00,0
1789377676510906750,0.0,0.0,0.00,0.00,0
1789377677523359999,0.0,0.2,0.00,9.00,0
1789377677537783265,0.0,0.2,0.00,9.00,0
1789377678549300475,0.0,0.0,0.00,0.00,0
1789377678564695170,0.0,0.0,0.00,0.00,0
1789377679576112703,0.0,0.4,0.00,2.70,0
1789377679591451692,0.0,0.4,0.00,2.70,0
1789377680602143827,0.0,0.0,0.00,0.00,0
1789377680617841295,0.0,0.0,0.00,0.00,0
1789377681628674589,2599.9,0.0,2.28,0.00,12
1789377681645514407,2648.5,0.2,2.28,2.00,13
1789377682658532242,3205.8,0.2,1.73,7.50,33
1789377682676256923,3212.0,0.0,1.77,13.00,27
1789377683688271511,3341.4,0.0,1.74,0.00,7
1789377683706695445,3341.5,0.0,1.69,0.00,6
1789377684716174497,3197.3,0.4,1.92,1.24,10
1789377684735033896,3198.2,0.4,1.93,1.24,8
1789377685745735839,3202.6,0.0,1.78,0.00,12
1789377685765083613,3202.5,0.0,1.79,0.00,10
1789377686775840400,3270.2,0.2,1.61,6.00,2
1789377686795032812,3242.8,0.2,1.59,6.00,0
1789377687804328529,3237.5,0.0,1.96,0.00,8
1789377687824235688,3263.9,0.0,1.96,0.00,6
1789377688831638645,3192.8,0.0,1.80,0.00,12
1789377688852322377,3193.1,0.0,1.82,0.00,9
1789377689859964748,3174.9,0.4,1.72,4.65,24
1789377689880813992,3175.1,0.4,1.79,4.65,18
1789377690888053233,3312.0,0.0,1.83,0.00,8
1789377690910346873,3312.3,0.0,1.75,0.00,6
1789377691915049243,3048.3,0.2,2.54,3.00,12
1789377691938481663,3050.7,0.2,2.57,3.00,14
1789377692940675211,3179.7,0.0,1.72,0.00,14
1789377692965904400,3178.7,0.0,1.76,0.00,11
1789377693969761055,3290.6,0.0,1.74,0.00,6
1789377693993578853,3291.3,0.0,1.68,0.00,7
1789377694999417511,3191.3,0.3,1.92,1.54,11
1789377695022101601,3191.7,0.3,1.94,1.54,8
1789377696029279189,2722.6,0.0,13.42,0.00,2
1789377696047818356,2690.3,0.0,13.53,0.00,2
1789377697058940320,3166.0,0.1,2.02,3.00,9
1789377697076331079,3194.0,0.1,2.02,3.00,6
1789377698088891639,3180.0,0.0,1.82,0.00,12
1789377698106479639,3181.7,0.0,1.84,0.00,10
1789377699119529233,3226.6,0.0,1.63,0.00,46
1789377699136876917,3225.6,0.0,1.71,0.00,35
1789377700149284885,1836.2,0.3,1.67,0.72,0
1789377700166151742,1778.2,0.3,1.52,0.72,0
1789377701175804162,0.0,0.0,0.00,0.00,0
1789377701192696500,0.0,0.0,0.00,0.00,0
1789377702202382330,0.0,0.2,0.00,10.50,0
1789377702218769648,0.0,0.2,0.00,10.50,0
1789377703228914810,0.0,0.0,0.00,0.00,0
1789377703245024659,0.0,0.0,0.00,0.00,0
1789377704255438286,0.0,0.0,0.00,0.00,0
1789377704271719452,0.0,0.0,0.00,0.00,0
1789377705281536356,0.0,0.4,0.00,2.61,0
1789377705298367236,0.0,0.4,0.00,2.61,0
1789377706308747776,2824.1,0.0,2.05,0.00,11
1789377706325361575,2880.4,0.0,2.05,0.00,9
1789377707338976255,3205.8,0.2,1.77,14.00,11
1789377707356238297,3205.2,0.2,1.77,14.00,10
1789377708369264142,3309.4,0.0,1.62,0.00,2
1789377708386733003,3288.5,0.0,1.60,0.00,2
1789377709399370009,3229.6,0.0,1.96,0.00,6
1789377709417370478,3251.1,0.0,1.96,0.00,6
1789377710429473490,3190.2,0.4,1.81,1.60,12
1789377710447218213,3190.1,0.4,1.83,1.60,12
1789377711459633695,3189.8,0.0,1.65,0.00,28
1789377711477989464,3189.9,0.0,1.71,0.00,38
1789377712489918585,3310.7,0.2,1.85,7.00,6
1789377712508623433,3311.0,0.2,1.77,7.00,7
1789377713520099926,3203.8,0.0,1.87,0.00,11
1789377713538234094,3204.1,0.0,1.89,0.00,11
1789377714550444067,3196.0,0.0,1.77,0.00,10
1789377714567807879,3194.2,0.0,1.77,0.00,12
1789377715580153482,3292.3,0.4,1.62,0.62,4
1789377715597537118,3275.9,0.4,1.60,0.62,2
1789377716610052756,3096.2,0.0,2.43,0.00,8
1789377716627990923,3113.9,0.0,2.45,0.00,10
1789377717640383908,3182.4,0.2,1.76,7.00,10
1789377717657910867,3182.1,0.2,1.77,7.00,11
1789377718670641325,3237.9,0.0,1.61,0.00,1
1789377718687993471,3219.0,0.0,1.59,0.00,2
1789377719700306933,3246.5,0.0,1.98,0.00,7
1789377719718461655,3263.6,0.0,1.98,0.00,7
1789377720730402182,2626.6,0.4,14.14,10.06,24
1789377720748438697,2626.1,0.4,14.21,10.06,17
1789377721760666549,3263.5,0.2,1.80,8.00,9
1789377721778619402,3266.0,0.2,1.75,8.00,10
1789377722790955320,3171.2,0.0,1.95,0.00,10
1789377722808843676,3171.1,0.0,1.96,0.00,10
1789377723821757958,3218.7,0.0,1.77,0.00,11
1789377723839126985,3218.6,0.0,1.77,0.00,10
1789377724851679060,1510.4,0.0,1.32,5.67,0
1789377724869006363,1452.1,0.0,1.30,5.67,0
1789377725878161958,0.1,0.5,1.00,1.44,0
1789377725894429239,0.1,0.5,1.00,1.44,0
1789377726904899412,0.0,0.0,0.00,0.00,0
1789377726920085577,0.0,0.0,0.00,0.00,0
1789377727931690765,0.0,0.0,0.00,0.00,0
1789377727946748869,0.0,0.0,0.00,0.00,0
1789377728958127954,0.0,0.0,0.00,0.00,0
1789377728972260301,0.0,0.0,0.00,0.00,0
1789377729984802234,0.2,0.2,9.67,8.50,0
1789377729998695025,0.2,0.2,9.67,8.50,0
1789377731012378402,3132.7,0.5,2.01,0.59,8
1789377731025541331,3176.7,0.5,1.99,0.59,7
1789377732042451951,3197.9,0.0,1.81,0.00,11
1789377732055286934,3199.4,0.0,1.83,0.00,11
1789377733072165340,3227.1,0.0,1.70,0.00,29
1789377733084902538,3224.3,0.0,1.73,0.00,27
1789377734102703062,3324.1,0.0,1.77,0.00,8
1789377734115756714,3325.1,0.0,1.72,0.00,7
1789377735132663345,3188.6,0.2,1.91,7.00,10
1789377735145968922,3188.4,0.2,1.92,7.00,8
1789377736162996329,3175.7,0.5,1.79,1.70,10
1789377736176604943,3175.7,0.5,1.79,1.70,11
1789377737193555815,3299.4,0.0,1.63,0.00,2
1789377737206723607,3283.8,0.0,1.61,0.00,0
1789377738223588674,3221.7,0.0,1.95,0.00,7
1789377738237140608,3238.6,0.0,1.95,0.00,8
1789377739254463332,3184.5,0.0,1.82,0.00,11
1789377739267444763,3183.5,0.0,1.84,0.00,13
1789377740285378932,3177.0,0.2,1.62,6.50,54
1789377740298399564,3177.9,0.2,1.69,6.50,25
1789377741316606676,3175.3,0.4,2.49,0.22,7
1789377741329223841,3175.1,0.4,2.41,0.22,6
1789377742347904150,3191.6,0.0,1.81,0.00,10
1789377742360616223,3191.5,0.0,1.83,0.00,11
1789377743379773848,3176.5,0.0,1.76,0.00,16
1789377743391588593,3175.6,0.0,1.78,0.00,19
1789377744410580382,3286.5,0.0,1.75,0.00,8
1789377744422507654,3287.5,0.0,1.72,0.00,6
1789377745441442506,2620.1,0.2,13.82,6.50,67
1789377745452989011,2602.9,0.2,13.67,6.50,14
1789377746472229781,3273.3,0.4,1.62,0.70,0
1789377746483543510,3272.0,0.4,1.59,0.70,2
1789377747503215532,3216.0,0.0,2.01,0.00,6
1789377747515126292,3233.8,0.0,2.00,0.00,6
1789377748534600946,3231.8,0.0,1.81,0.00,10
1789377748546297405,3231.8,0.0,1.82,0.00,10
1789377749565357159,1173.8,0.0,1.18,0.00,0
1789377749576887952,1134.2,0.0,1.15,0.00,0
1789377750592350414,0.0,0.2,0.00,9.50,0
1789377750602959812,0.0,0.2,0.00,9.50,0
1789377751619371542,0.0,0.4,0.00,2.58,0
1789377751629207772,0.0,0.4,0.00,2.58,0
1789377752646091183,0.0,0.0,0.00,0.00,0
1789377752654547825,0.0,0.0,0.00,0.00,0
1789377753673358050,0.0,0.0,0.00,0.00,0
1789377753681331296,0.0,0.0,0.00,0.00,0
1789377754700680929,120.7,0.0,10.33,0.00,18
1789377754707445722,142.7,0.0,9.20,0.00,23
1789377755728714516,3321.1,0.1,1.77,7.00,7
1789377755735005818,3321.4,0.1,1.75,7.00,6
1789377756760784480,3201.1,0.3,1.90,1.58,9
1789377756766231422,3201.5,0.3,1.91,1.58,9
1789377757792778066,3224.1,0.0,1.77,0.00,10
1789377757796487642,3223.1,0.0,1.77,0.00,10
1789377758824140058,3278.7,0.0,1.60,0.00,1
1789377758827134595,3276.2,0.0,1.60,0.00,0
1789377759854676734,3255.0,0.0,1.96,0.00,7
1789377759856718296,3256.8,0.0,1.96,0.00,6
1789377760885975900,3183.4,0.2,1.83,3.00,11
1789377760887419380,3183.4,0.2,1.83,3.00,11
1789377761916617125,3181.7,0.4,1.72,0.24,31
1789377761918498866,3182.5,0.4,1.72,0.24,21
1789377762946451429,3318.2,0.0,1.75,0.00,6
1789377762948487426,3317.0,0.0,1.75,0.00,7
1789377763976615754,3194.6,0.0,1.90,0.00,10
1789377763978706195,3196.0,0.0,1.90,0.00,10
1789377765007020929,3140.6,0.2,2.06,1.00,158
1789377765009439979,3132.6,0.2,2.08,1.00,147
1789377766037420656,3247.2,0.0,2.13,20.00,4
1789377766039868909,3253.6,0.0,2.11,20.00,1
1789377767067518571,3186.5,0.4,1.93,1.82,8
1789377767070435106,3187.0,0.4,1.93,1.82,9
1789377768098428375,3184.5,0.0,1.79,0.00,11
1789377768101521606,3183.6,0.0,1.79,0.00,12
1789377769129131389,3216.4,0.0,1.59,0.00,2
1789377769131595732,3213.1,0.0,1.59,0.00,0
1789377770159485483,2667.2,0.2,13.26,7.00,12
1789377770162320728,2672.0,0.2,13.25,7.00,9
1789377771189833889,3194.3,0.0,1.76,0.00,17
1789377771192356614,3194.3,0.0,1.76,0.00,10
1789377772220827330,3298.4,0.4,1.75,1.60,8
1789377772223114029,3298.6,0.4,1.74,1.60,7
1789377773251578700,3223.0,0.0,1.90,0.00,9
1789377773253811584,3223.3,0.0,1.90,0.00,9
1789377774282129867,834.1,0.0,0.94,0.00,0
1789377774284344037,825.6,0.0,0.93,0.00,0
1789377775308955435,0.0,0.2,0.00,8.50,0
1789377775311030111,0.0,0.2,0.00,8.50,0
1789377776335504667,0.0,0.0,0.00,0.00,0
1789377776338212436,0.0,0.0,0.00,0.00,0
1789377777362310579,0.0,0.4,0.00,2.23,0
1789377777364856422,0.0,0.4,0.00,2.23,0
1789377778388641918,0.0,0.0,0.00,0.00,0
1789377778391720529,0.0,0.0,0.00,0.00,0
1789377779415598924,459.4,0.0,4.51,0.00,12
1789377779418450989,468.4,0.0,4.46,0.00,11
1789377780444495297,3268.1,0.1,1.60,7.00,2
1789377780447754298,3266.6,0.1,1.60,7.00,2
1789377781475437320,3264.6,0.0,1.97,0.00,7
1789377781478501082,3269.5,0.0,1.97,0.00,8
1789377782505937332,3195.8,0.3,1.83,0.20,10
1789377782509170771,3194.5,0.3,1.83,0.20,12
1789377783536527936,3213.9,0.0,1.74,0.00,17
1789377783539588346,3214.0,0.0,1.75,0.00,23
1789377784566887431,3306.4,0.0,1.71,0.00,8
1789377784570257144,3307.4,0.0,1.71,0.00,6
1789377785597904199,3191.9,0.2,1.92,6.00,10
1789377785600936520,3190.7,0.2,1.92,6.00,9
1789377786628170207,3190.8,0.0,1.79,0.00,12
1789377786631126636,3192.8,0.0,1.79,0.00,9
1789377787658827654,3270.3,0.4,1.59,1.31,0
1789377787661340957,3265.7,0.4,1.58,1.31,2
1789377788689608863,3239.5,0.0,1.95,0.00,7
1789377788692152323,3241.8,0.0,1.95,0.00,7
1789377789719917352,3092.4,0.0,2.44,0.00,12
1789377789723227664,3093.3,0.0,2.44,0.00,12
1789377790750524446,3164.1,0.2,1.56,5.50,40
1789377790753891382,3165.5,0.2,1.57,5.50,26
1789377791781800234,3307.7,0.0,1.92,0.00,5
1789377791784755144,3306.5,0.0,1.90,0.00,8
1789377792812295751,3192.5,0.4,1.87,0.20,12
1789377792815227347,3191.5,0.4,1.88,0.20,12
1789377793842229836,3005.7,0.0,4.05,0.00,427
1789377793844585523,3000.7,0.0,4.10,0.00,420
1789377794872523647,2864.3,0.0,11.69,0.00,9
1789377794875061341,2869.4,0.0,11.65,0.00,10
1789377795902438357,3182.0,0.2,1.81,6.00,12
1789377795904286978,3182.6,0.2,1.81,6.00,10
1789377796932927522,3249.7,0.0,1.64,0.00,2
1789377796934680639,3248.3,0.0,1.64,0.00,2
1789377797963305480,3274.2,0.4,1.96,3.53,7
1789377797965144961,3275.5,0.4,1.96,3.53,8
1789377798992700091,3086.8,0.0,1.42,0.00,8
1789377798994899942,3086.6,0.0,1.42,0.00,15
1789377800019346472,3355.3,0.2,1.44,1.00,11
1789377800022066045,3352.4,0.2,1.45,7.50,10
1789377801046194004,873.4,0.0,1.39,14.00,0
1789377801049144266,866.7,0.0,1.39,0.00,0
1789377802073050810,0.0,0.0,0.00,0.00,0
1789377802075981465,0.0,0.0,0.00,0.00,0
1789377803099566926,0.0,0.4,0.00,2.32,0
1789377803102937391,0.0,0.4,0.00,2.32,0
1789377804126180755,0.0,0.0,0.00,0.00,0
1789377804129470106,0.0,0.0,0.00,0.00,0
1789377805152815968,200.6,0.2,6.08,10.00,26
1789377805156431133,211.3,0.2,5.97,10.00,16
1789377806180945746,3331.4,0.0,1.69,0.00,6
1789377806184126105,3331.5,0.0,1.69,0.00,7
1789377807211763475,3198.6,0.0,1.92,0.00,10
1789377807214602943,3198.4,0.0,1.92,0.00,9
1789377808243164305,3203.0,0.4,1.79,0.93,10
1789377808245717446,3202.5,0.4,1.79,0.93,11
1789377809274241821,3250.8,0.0,1.57,0.00,2
1789377809278026224,3249.0,0.0,1.57,0.00,1
1789377810307185317,3245.1,0.2,1.98,7.00,7
1789377810310659274,3247.3,0.2,1.98,7.00,6
1789377811339290431,3189.8,0.0,1.84,0.00,9
1789377811342476058,3190.4,0.0,1.84,0.00,12
1789377812370341110,3188.4,0.0,1.73,3.50,24
1789377812373428205,3187.6,0.1,1.74,4.00,14
1789377813401155495,3307.4,0.3,1.72,2.71,8
1789377813404606414,3308.4,0.3,1.71,2.50,6
1789377814431814280,3190.1,0.0,1.90,0.00,8
1789377814435215963,3189.2,0.0,1.90,0.00,10
1789377815462705302,3109.3,0.2,2.09,6.50,11
1789377815465863896,3107.8,0.2,2.09,6.50,14
1789377816493177817,3285.0,0.0,1.63,0.00,3
1789377816497191273,3285.4,0.0,1.62,0.00,0
1789377817524506813,3183.5,0.3,1.96,1.23,10
1789377817528136811,3185.8,0.3,1.96,1.23,9
1789377818555193889,3177.1,0.0,1.80,0.00,12
1789377818559003810,3177.9,0.0,1.80,0.00,12
1789377819585665387,3192.8,0.0,1.58,0.00,0
1789377819588067894,3184.0,0.0,1.58,0.00,0
1789377820616069857,2637.1,0.2,14.24,7.00,11
1789377820618354509,2644.7,0.2,14.21,7.00,10
1789377821646813884,3179.3,0.0,1.75,0.00,27
1789377821649155012,3178.7,0.0,1.75,0.00,14
1789377822676475904,3279.7,0.4,1.78,0.70,6
1789377822679340900,3279.5,0.4,1.77,0.70,8
1789377823706842617,3220.8,0.0,1.88,0.00,7
1789377823709762752,3221.0,0.0,1.88,0.00,9
1789377824736929387,897.0,35.0,0.96,0.94,0
1789377824739972804,887.3,35.0,0.96,0.94,0
1789377825763447117,0.0,0.2,0.00,4.00,0
1789377825766682359,0.0,0.2,0.00,4.00,0
1789377826789976894,0.5,0.0,2.14,0.00,0
1789377826793303050,0.5,0.0,2.14,0.00,0
1789377827815189076,0.5,0.4,0.29,1.89,0
1789377827820047481,0.5,0.4,0.29,1.89,0
1789377828842181737,0.0,0.0,0.00,0.00,0
1789377828846721869,0.0,0.0,0.00,0.00,0
1789377829869458381,272.7,0.0,6.45,0.00,12
1789377829874043800,289.2,0.0,6.17,0.00,12
1789377830897628798,3325.1,0.2,1.67,7.00,4
1789377830902957693,3322.4,0.2,1.66,7.00,4
1789377831928049221,3213.1,0.0,1.96,0.00,8
1789377831933423076,3216.2,0.0,1.96,0.00,8
1789377832957940578,3223.4,0.6,1.79,1.64,10
1789377832963013199,3222.2,0.6,1.79,1.64,11
1789377833988546177,3213.4,0.0,1.60,0.00,16
1789377833993396586,3212.6,0.0,1.62,0.00,51
1789377835017910195,3293.1,0.2,1.93,5.50,6
1789377835024042152,3294.1,0.2,1.90,5.50,5
1789377836046556324,3205.5,0.0,1.87,0.00,12
1789377836053507683,3207.1,0.0,1.87,0.00,10
1789377837074730993,3206.9,0.0,1.78,0.00,10
1789377837082080046,3205.2,0.0,1.78,0.00,11
1789377838101159462,3323.1,0.4,1.64,0.72,3
1789377838110279686,3318.7,0.4,1.63,0.72,4
1789377839128898450,3213.7,0.0,1.92,0.00,13
1789377839139000684,3218.4,0.0,1.93,0.00,9
1789377840154191033,3088.0,0.2,2.38,11.50,17
1789377840167321751,3092.3,0.2,2.38,11.50,12
1789377841182779669,3248.0,0.0,1.65,0.00,1
1789377841193905508,3227.6,0.0,1.64,0.00,2
1789377842212000518,3224.5,0.0,1.95,0.00,9
1789377842222567666,3239.9,0.0,1.94,0.00,13
1789377843241967947,3183.4,0.4,1.82,3.74,12
1789377843249583889,3183.9,0.4,1.83,3.74,12
1789377844272179381,3136.3,0.0,1.67,0.00,708
1789377844279369868,3122.9,0.0,1.85,0.00,692
1789377845302781699,2758.4,0.2,12.81,3.00,11
1789377845309870137,2770.7,0.2,12.68,3.00,12
1789377846332622650,3190.0,0.0,1.79,0.00,14
1789377846339678974,3191.0,0.0,1.79,0.00,14
1789377847362722791,3301.6,0.0,1.67,0.00,4
1789377847370607733,3297.7,0.0,1.66,0.00,2
1789377848392556485,3236.9,0.4,1.93,1.57,9
1789377848401254949,3241.3,0.4,1.94,1.57,5
1789377849422195762,703.7,0.0,0.86,0.00,0
1789377849430862447,673.7,0.0,0.83,0.00,0
1789377850448755120,0.0,0.2,0.00,8.50,0
1789377850458101443,0.0,0.2,0.00,8.50,0
1789377851474950832,0.0,0.0,0.00,0.00,0
1789377851485271464,0.0,0.0,0.00,0.00,0
1789377852501261073,0.0,0.0,0.00,0.00,0
1789377852511742571,0.0,0.0,0.00,0.00,0
1789377853527796968,0.0,0.4,0.00,2.58,0
1789377853538525421,0.0,0.4,0.00,2.58,0
1789377854553831738,122.2,0.0,10.49,0.00,19
1789377854565450536,162.1,0.0,8.75,0.00,20
1789377855581280841,3304.6,0.2,1.78,6.00,5
1789377855593103262,3305.8,0.2,1.74,6.00,8
1789377856611703225,3194.7,0.0,1.90,0.00,10
1789377856623569753,3192.7,0.0,1.91,0.00,10
1789377857641429238,3172.2,0.0,1.78,0.00,11
1789377857654414337,3173.5,0.0,1.78,0.00,11
1789377858671665196,3287.2,0.4,1.65,1.35,2
1789377858684221277,3272.7,0.4,1.63,1.35,2
1789377859701690184,3166.3,0.0,1.96,0.00,8
1789377859714932442,3180.6,0.0,1.97,0.00,9
1789377860732099096,3154.4,0.2,1.80,9.50,11
1789377860745557818,3154.3,0.2,1.80,9.50,10
1789377861762490526,3227.4,0.0,1.58,0.00,0
1789377861775986941,3200.1,0.0,1.57,0.00,0
1789377862792663380,3244.5,0.0,1.96,0.00,6
1789377862806093319,3271.7,0.0,1.95,0.00,6
1789377863822680631,3153.8,0.4,1.87,0.14,11
1789377863836564659,3154.1,0.4,1.88,0.14,11
1789377864853370009,3152.5,0.0,1.71,0.00,21
1789377864866781280,3152.3,0.0,1.74,0.00,30
1789377865883327112,3192.4,0.2,2.45,7.50,8
1789377865896258493,3193.5,0.2,2.41,7.50,7
1789377866913521069,3153.2,0.0,1.84,0.00,12
1789377866925902761,3152.1,0.0,1.86,0.00,11
1789377867943247388,3153.5,0.0,1.74,0.00,26
1789377867956907548,3153.2,0.0,1.76,0.00,27
1789377868973927092,3281.8,0.4,1.76,1.44,6
1789377868987181566,3280.8,0.4,1.73,1.44,6
1789377870003803328,2586.5,0.0,14.47,0.00,12
1789377870017340075,2582.4,0.1,14.45,2.00,15
1789377871034109487,3251.3,0.1,1.69,7.00,4
1789377871047574226,3251.3,0.0,1.67,12.00,4
1789377872064165157,3156.1,0.0,2.00,0.00,9
1789377872078146018,3161.5,0.0,2.01,0.00,9
1789377873094534610,3201.9,0.0,1.77,0.00,12
1789377873108602196,3203.3,0.0,1.77,0.00,11
1789377874124402295,1347.5,70.4,1.26,0.44,0
1789377874138197500,1300.7,70.4,1.24,0.44,0
1789377875151086065,0.0,0.4,0.00,8.50,0
1789377875163929837,0.0,0.4,0.00,8.50,0
1789377876178008493,0.0,0.0,0.00,0.00,0
1789377876190371706,0.0,0.0,0.00,0.00,0
1789377877204910992,0.0,0.0,0.00,0.00,0
1789377877217000736,0.0,0.0,0.00,0.00,0
1789377878231728625,0.0,0.0,0.00,0.00,0
1789377878243756028,0.0,0.0,0.00,0.00,0
1789377879258317958,0.0,0.6,0.00,1.42,0
1789377879270612302,0.0,0.6,0.00,1.42,58
1789377880285158912,3245.1,0.2,2.10,8.00,8
1789377880297832070,3288.1,0.2,2.09,8.00,8
1789377881315019864,3196.4,0.0,1.84,0.00,12
1789377881328210403,3195.2,0.0,1.86,0.00,11
1789377882345290832,3208.4,0.0,1.75,0.00,20
1789377882358853772,3208.0,0.0,1.76,0.00,11
1789377883376188052,3328.5,0.0,1.69,0.00,7
1789377883389496909,3325.3,0.0,1.66,0.00,4
1789377884406717744,3185.7,0.4,1.95,0.12,9
1789377884419863775,3188.6,0.4,1.96,0.12,10
1789377885436783916,3169.8,0.2,1.81,6.50,12
1789377885450210040,3170.4,0.2,1.82,6.50,11
1789377886466876130,3260.8,0.0,1.61,0.00,2
1789377886479945113,3244.3,0.0,1.59,0.00,2
1789377887497088876,3243.4,0.0,1.98,0.00,6
1789377887510028345,3260.1,0.0,1.98,0.00,7
1789377888527040661,3190.1,0.0,1.82,0.00,12
1789377888540091330,3190.0,0.0,1.83,0.00,12
1789377889557605493,3178.0,0.4,1.73,1.59,15
1789377889570252413,3177.9,0.4,1.76,1.59,16
1789377890588371136,3192.9,0.2,2.41,5.50,7
1789377890600685312,3193.2,0.2,2.37,5.50,6
1789377891619002372,3177.9,0.0,1.86,0.00,10
1789377891631491180,3176.4,0.0,1.87,0.00,12
1789377892649561109,3190.4,0.0,1.77,0.00,11
1789377892662216965,3191.0,0.0,1.77,0.00,12
1789377893680226213,3283.0,0.0,1.70,0.00,8
1789377893693237875,3280.0,0.0,1.69,0.00,4
1789377894710309082,2566.0,0.4,13.76,1.21,12
1789377894723994041,2570.8,0.4,13.77,1.21,13
1789377895740819670,3269.7,0.1,1.60,5.50,2
1789377895754443511,3247.6,0.1,1.59,5.50,2
1789377896770871317,3212.7,0.0,2.02,0.00,6
1789377896784603472,3233.9,0.0,2.02,0.00,7
1789377897801045792,3224.7,0.0,1.80,0.00,8
1789377897814955822,3225.0,0.0,1.82,0.00,10
1789377898830543549,1173.6,0.0,1.19,0.00,0
1789377898844644039,1125.3,0.0,1.16,0.00,0
1789377899857488119,0.0,0.4,0.00,2.27,0
1789377899871765230,0.0,0.4,0.00,2.27,0
1789377900883595302,0.0,0.2,0.00,8.50,0
1789377900898730272,0.0,0.2,0.00,8.50,0
1789377901910225963,0.2,0.0,7.12,0.00,0
1789377901925822987,0.2,0.0,7.12,0.00,0
1789377902936786562,0.0,0.0,0.00,0.00,0
1789377902952746796,0.0,0.0,0.00,0.00,0
1789377903963286156,114.4,0.0,11.02,0.00,29
1789377903979472940,169.0,0.0,8.52,0.00,19
1789377904990630637,3331.7,0.6,1.78,3.63,8
1789377905006827269,3334.4,0.6,1.72,3.63,6
1789377906022014160,3192.8,0.2,1.91,5.50,9
1789377906037050793,3191.3,0.2,1.92,5.50,8
1789377907053161489,3220.0,0.0,1.78,0.00,10
1789377907067301671,3218.7,0.0,1.78,0.00,10
1789377908082713928,3276.8,0.0,1.60,0.00,0
1789377908096727543,3258.6,0.0,1.59,0.00,1
1789377909112793316,3233.3,0.0,1.97,0.00,7
1789377909127063694,3248.6,0.0,1.97,0.00,7
1789377910143802364,3180.3,0.6,1.83,1.54,10
1789377910157441716,3182.7,0.6,1.84,1.54,11
1789377911174783625,3186.4,0.0,1.69,0.00,22
1789377911188344448,3186.6,0.0,1.72,0.00,31
1789377912205240680,3322.9,0.0,1.79,0.00,6
1789377912218815081,3323.5,0.0,1.75,0.00,6
1789377913234992785,3184.5,0.0,1.90,0.00,11
1789377913248512981,3185.1,0.0,1.92,0.00,9
1789377914266069029,3168.3,0.0,1.88,0.00,78
1789377914279018320,3141.9,0.0,2.05,0.00,99
1789377915296594755,3230.6,0.6,2.14,0.38,3
1789377915309450245,3250.9,0.6,1.97,0.38,1
1789377916326666660,3185.8,0.0,1.92,0.00,8
1789377916340096421,3191.3,0.0,1.94,0.00,8
1789377917356773370,3178.6,0.0,1.79,0.00,12
1789377917370083622,3178.7,0.0,1.79,0.00,11
1789377918386836573,3240.8,0.0,1.60,0.00,2
1789377918400345199,3219.2,0.0,1.58,0.00,2
1789377919417104208,2654.2,0.0,13.32,0.00,10
1789377919430587172,2676.0,0.0,13.28,0.00,12
1789377920447249416,3188.1,0.5,1.74,1.76,20
1789377920461089727,3188.7,0.5,1.77,1.76,18
1789377921477940627,3309.4,0.0,1.77,0.00,6
1789377921491527494,3308.5,0.0,1.73,0.00,6
1789377922508039818,3217.4,0.0,1.89,0.00,8
1789377922522134210,3217.7,0.0,1.90,0.00,9
1789377923537828119,873.6,0.0,0.98,0.00,0
1789377923551640837,827.3,0.0,0.95,0.00,0
1789377924564516153,0.0,0.0,0.00,0.00,0
1789377924578250257,0.0,0.0,0.00,0.00,0
1789377925591002547,0.0,0.5,0.00,2.29,0
1789377925605161930,0.0,0.5,0.00,2.29,0
1789377926618046148,0.1,0.0,8.60,0.00,0
1789377926631735394,0.1,0.0,8.60,0.00,0
1789377927645138050,0.0,0.0,0.00,0.00,0
1789377927658356917,0.0,0.0,0.00,0.00,0
1789377928671998439,419.2,0.0,4.80,0.00,12
1789377928685453524,464.7,0.0,4.51,0.00,11
1789377929700512143,3291.8,0.0,1.61,0.00,2
1789377929714094920,3273.8,0.0,1.59,0.00,2
1789377930730969936,3237.6,0.5,1.96,0.62,7
1789377930744426901,3253.5,0.5,1.96,0.62,8
1789377931761667972,3220.1,0.0,1.80,0.00,11
1789377931775009571,3220.5,0.0,1.82,0.00,11
1789377932792779345,3201.6,0.0,1.73,0.00,21
1789377932805753615,3200.6,0.0,1.75,0.00,23
1789377933823637859,3309.6,0.0,1.73,0.00,6
1789377933836526261,3310.7,0.0,1.70,0.00,7
1789377934853947763,3205.1,0.0,1.89,0.00,8
1789377934867163293,3204.9,0.0,1.90,0.00,9
1789377935884757528,3185.8,0.5,1.78,2.16,10
1789377935897975813,3185.4,0.5,1.78,2.16,12
1789377936915866096,3270.1,0.0,1.62,0.00,0
1789377936928448367,3257.7,0.0,1.60,0.00,2
1789377937947016329,3237.4,0.0,1.96,0.00,7
1789377937959038811,3250.6,0.0,1.97,0.00,6
1789377938978037002,3096.7,0.0,2.41,0.00,10
1789377938989802217,3096.9,0.0,2.42,0.00,11
1789377940008582559,3173.0,0.0,1.57,0.00,49
1789377940020822960,3174.4,0.2,1.63,5.00,36
1789377941039343764,3302.9,0.5,1.94,1.92,7
1789377941053773778,3302.3,0.3,1.87,1.84,6
1789377942069663765,3194.5,0.0,1.88,0.00,12
1789377942083609924,3192.0,0.0,1.90,0.00,14
1789377943100550999,3011.6,0.0,3.70,0.00,451
1789377943114097951,2983.3,0.0,4.69,0.00,398
1789377944131339162,2884.4,0.0,10.83,0.00,10
1789377944144247877,2914.4,0.0,10.03,0.00,10
1789377945162125264,3171.8,0.2,1.85,18.00,12
1789377945174919126,3156.4,0.2,1.86,18.00,26
1789377946193073369,3236.7,0.4,1.63,1.47,2
1789377946205851876,3238.0,0.4,1.61,1.47,2
1789377947223692101,3266.1,0.0,1.95,0.00,6
1789377947236276494,3279.3,0.0,1.96,0.00,7
1789377948253285618,556.5,0.0,0.78,0.00,0
1789377948265952735,513.3,0.0,0.76,0.00,0
1789377949280340530,0.0,0.0,0.00,0.00,0
1789377949292715194,0.0,0.0,0.00,0.00,0
1789377950307679145,0.0,0.2,0.00,8.50,0
1789377950319429568,0.0,0.2,0.00,8.50,0
1789377951334830778,0.0,0.4,0.00,2.76,0
1789377951346678614,0.0,0.3,0.00,2.76,0
1789377952361864837,0.0,0.0,0.00,0.00,0
1789377952374456870,0.0,0.0,0.00,0.00,0
1789377953389914070,756.2,0.0,3.46,0.00,9
1789377953402403100,799.4,0.0,3.38,0.00,10
1789377954422507116,3218.0,0.0,1.77,0.00,21
1789377954434174882,3219.2,0.0,1.79,0.00,10
1789377955454513689,3313.9,0.2,1.71,9.00,7
1789377955466039248,3309.9,0.2,1.68,9.00,7
1789377956486363033,3218.5,0.4,1.89,0.78,8
1789377956495673994,3219.4,0.4,1.90,0.78,10
1789377957517199176,3205.4,0.0,1.79,0.00,12
1789377957526035923,3205.6,0.0,1.79,0.00,12
1789377958547128884,3232.3,0.0,1.58,0.00,1
1789377958555613830,3222.1,0.0,1.56,0.00,2
1789377959577464258,3273.4,0.0,1.95,0.00,6
1789377959586429195,3282.1,0.0,1.95,0.00,6
1789377960607939571,3174.1,0.2,1.86,8.00,10
1789377960616950699,3176.6,0.2,1.87,8.00,10
1789377961638334109,3197.2,0.4,1.75,1.37,18
1789377961647089203,3196.4,0.4,1.77,1.37,11
1789377962669063084,3307.6,0.0,1.70,0.00,6
1789377962677886150,3306.6,0.0,1.67,0.00,7
1789377963698949152,3066.7,0.0,2.53,0.00,11
1789377963708353937,3067.7,0.0,2.54,0.00,11
1789377964729945328,3187.1,0.0,1.76,0.00,12
1789377964738724821,3187.9,0.0,1.76,0.00,10
1789377965760932891,3293.9,0.2,1.63,6.00,4
1789377965768901425,3289.5,0.2,1.62,6.00,2
1789377966791363324,3195.3,0.3,1.96,0.26,9
1789377966798949294,3197.8,0.3,1.96,0.26,8
1789377967821999284,2815.3,0.0,11.34,0.00,121
1789377967829244579,2798.8,0.0,11.64,0.00,102
1789377968852516662,3056.0,0.0,5.23,0.00,6
1789377968860386188,3073.2,0.0,5.00,0.00,6
1789377969882844053,3189.8,0.0,1.87,0.00,14
1789377969891040509,3189.7,0.0,1.88,0.00,12
1789377970913154009,3195.1,0.2,1.77,5.50,28
1789377970921601713,3195.1,0.2,1.78,5.50,16
1789377971942813976,3333.8,0.3,1.69,0.70,7
1789377971950977115,3334.6,0.3,1.67,0.70,6
1789377972973832508,240.2,0.0,0.52,0.00,0
1789377972981037671,213.1,0.0,0.46,0.00,0
1789377974000790944,0.0,0.0,0.00,0.00,0
1789377974007953265,0.0,0.0,0.00,0.00,0
1789377975027945999,0.0,0.2,0.00,8.50,0
1789377975034488435,0.0,0.2,0.00,8.50,0
1789377976065139529,0.0,0.0,0.00,0.00,0
1789377976065377575,0.0,0.0,0.00,0.00,0
1789377977092347223,0.0,0.4,0.00,3.05,0
1789377977092697533,0.0,0.4,0.00,3.05,0
1789377978120067645,1105.2,0.0,2.91,0.00,9
1789377978120642523,1107.5,0.0,2.91,0.00,9
1789377979151103468,3217.9,0.0,1.78,0.00,10
1789377979152354384,3217.5,0.0,1.78,0.00,10
1789377980181365741,3225.4,0.2,1.57,5.50,0
1789377980182679517,3221.6,0.2,1.57,5.50,0
1789377981211183154,3311.0,0.0,1.94,0.00,6
1789377981212768253,3315.3,0.0,1.94,0.00,8
1789377982241956812,3204.8,0.4,1.85,0.67,11
1789377982243330294,3206.0,0.4,1.85,0.67,11
1789377983272044783,3178.4,0.0,1.79,0.00,11
1789377983272979344,3177.3,0.0,1.79,0.00,10
1789377984302480335,3316.6,0.0,1.67,0.00,2
1789377984303306980,3315.6,0.0,1.67,0.00,4
1789377985332271895,3201.9,0.2,1.93,12.00,9
1789377985333199740,3201.8,0.2,1.93,12.00,10
1789377986359910737,3209.5,0.0,1.79,0.00,13
1789377986361723173,3210.3,0.0,1.79,0.00,13
1789377987388752744,3233.5,0.3,1.54,1.58,0
1789377987388439150,3231.5,0.3,1.54,1.58,2
1789377988417504055,3180.0,0.0,2.56,0.00,9
1789377988417582988,3183.2,0.0,2.56,0.00,7
1789377989444524156,3183.0,0.0,1.80,0.00,11
1789377989446287852,3181.6,0.0,1.80,0.00,12
1789377990472689938,3172.2,0.2,1.64,7.50,27
1789377990475498214,3173.1,0.2,1.66,7.50,33
1789377991502589955,3315.4,0.0,1.85,0.00,7
1789377991505135408,3314.0,0.0,1.83,0.00,7
1789377992532345209,2596.7,0.4,15.44,0.27,13
1789377992534730941,2598.0,0.4,15.45,0.27,15
1789377993562791482,3252.7,0.0,1.65,0.00,1
1789377993564835674,3250.7,0.0,1.65,0.00,3
1789377994592566000,3187.7,0.0,1.95,0.00,10
1789377994595134816,3189.6,0.0,1.95,0.00,8
1789377995622206763,3192.7,0.2,1.80,6.50,12
1789377995624218701,3192.6,0.2,1.81,6.50,10
1789377996652281895,3250.1,0.0,1.56,0.00,2
1789377996654493920,3243.8,0.0,1.56,0.00,0
1789377997681102484,3.7,0.6,0.26,0.16,0
1789377997683464122,1.7,0.6,0.26,0.16,0
1789377998707691384,0.3,0.0,6.14,0.00,0
1789377998710276687,0.3,0.0,6.14,0.00,0
1789377999734574361,0.1,0.0,14.00,0.00,0
1789377999736528036,0.1,0.0,14.00,0.00,0
1789378000761070861,0.0,0.2,0.00,8.50,0
1789378000762585950,0.0,0.2,0.00,8.50,0
1789378001787122057,0.0,0.0,0.00,0.00,0
1789378001789039138,0.0,0.0,0.00,0.00,0
1789378002814538624,1514.5,0.5,2.13,0.06,8
1789378002816411016,1522.0,0.5,2.12,0.06,8
1789378003844948694,3220.7,0.0,1.88,0.00,9
1789378003847154584,3221.4,0.0,1.88,0.00,7
1789378004875307300,3210.3,0.0,1.77,0.00,12
1789378004877312495,3210.0,0.0,1.77,0.00,11
1789378005906206737,3283.1,0.2,1.62,7.00,2
1789378005907991609,3279.7,0.2,1.62,7.00,0
1789378006936793063,3242.9,0.0,1.94,0.00,6
1789378006938656774,3245.6,0.0,1.94,0.00,6
1789378007967222787,3191.8,0.5,1.81,1.32,10
1789378007969325239,3191.3,0.5,1.81,1.32,11
1789378008998259606,3203.3,0.0,1.69,0.00,28
1789378009000110166,3203.3,0.0,1.69,0.00,19
1789378010029057017,3309.1,0.2,1.78,5.50,7
1789378010030967105,3311.0,0.2,1.77,5.50,7
1789378011060186447,3220.2,0.0,1.91,0.00,9
1789378011061695776,3218.7,0.0,1.91,0.00,8
1789378012091367202,3203.6,0.0,1.75,0.00,13
1789378012092902328,3204.7,0.0,1.75,0.00,15
1789378013122067617,3197.8,0.6,2.29,0.06,2
1789378013123633763,3196.7,0.6,2.28,0.06,4
1789378014153047770,3196.2,0.0,1.94,0.00,10
1789378014154512042,3197.4,0.0,1.94,0.00,8
1789378015183202767,3175.4,0.2,1.79,15.50,12
1789378015184730925,3174.6,0.2,1.79,15.50,12
1789378016213760494,3213.2,0.0,1.58,0.00,0
1789378016215489080,3207.7,0.0,1.58,0.00,0
1789378017244997857,2742.9,0.0,15.41,0.00,11
1789378017246804620,2748.1,0.0,15.39,0.00,13
1789378018275918302,3126.5,0.5,1.76,1.52,19
1789378018278131924,3126.4,0.5,1.76,1.52,14
1789378019307059354,3308.2,0.0,1.73,0.00,7
1789378019309084868,3308.3,0.0,1.73,0.00,8
1789378020337760255,3194.8,0.1,1.95,16.50,10
1789378020339659202,3196.1,0.1,1.95,16.50,8
1789378021368409242,3196.1,0.0,1.52,0.00,10
1789378021370208823,3193.9,0.0,1.52,0.00,9
1789378022395537382,3309.5,0.0,1.48,0.00,8
1789378022397585443,3311.0,0.0,1.48,0.00,7
1789378023422252576,382.9,0.5,1.36,0.19,0
1789378023424684188,375.9,0.5,1.36,0.19,0
1789378024448966774,0.0,0.0,0.00,0.00,0
1789378024451496320,0.0,0.0,0.00,0.00,0
1789378025475847284,0.2,0.4,0.50,7.25,0
1789378025478590023,0.2,0.4,0.50,7.25,0
1789378026502648602,0.0,0.0,13.00,0.00,0
1789378026505346406,0.0,0.0,13.00,0.00,0
1789378027530047466,574.6,0.0,4.00,0.00,11
1789378027532226919,582.0,0.0,3.97,0.00,12
1789378028561080521,3216.0,0.5,1.56,0.10,39
1789378028563059776,3216.1,0.5,1.57,0.10,31
1789378029592337661,3333.1,0.0,1.94,0.00,8
1789378029593791542,3331.1,0.0,1.94,0.00,8
1789378030623296976,3199.2,0.2,1.88,7.50,11
1789378030625131002,3201.1,0.2,1.88,7.50,11
1789378031653046416,3201.5,0.0,1.78,0.00,11
1789378031655033897,3201.9,0.0,1.78,0.00,11
1789378032684326962,3292.8,0.0,1.65,0.00,4
1789378032685525470,3291.4,0.0,1.65,0.00,4
1789378033715211725,3205.3,0.6,1.94,1.26,10
1789378033716759812,3206.3,0.6,1.95,1.26,9
1789378034746377200,3188.5,0.0,1.80,0.00,10
1789378034748000139,3187.8,0.0,1.80,0.00,11
1789378035777433463,3190.9,0.2,1.58,5.50,3
1789378035779228118,3190.7,0.2,1.58,5.50,61
1789378036808191619,3310.3,0.0,1.94,0.00,6
1789378036809382174,3310.5,0.0,1.94,0.00,8
1789378037839569648,3134.3,0.0,2.28,0.00,11
1789378037840971740,3134.7,0.0,2.28,0.00,23
1789378038871058645,3193.1,0.5,1.73,0.09,17
1789378038872584355,3192.7,0.5,1.73,0.09,13
1789378039902288031,3315.3,0.0,1.69,0.00,6
1789378039903891993,3316.4,0.0,1.69,0.00,6
1789378040933269072,3183.1,0.2,1.93,15.00,9
1789378040934842977,3182.7,0.2,1.93,15.00,9
1789378041963196821,2878.9,0.0,9.23,0.00,114
1789378041965339480,2873.5,0.0,9.95,0.00,80
1789378042994210215,3053.3,0.0,5.97,0.00,7
1789378042996272559,3059.4,0.0,5.34,0.00,7
1789378044025503994,3178.5,0.5,1.85,1.71,13
1789378044027115851,3179.3,0.5,1.85,1.71,13
1789378045055995882,3200.8,0.2,1.77,13.00,16
1789378045057255610,3198.7,0.2,1.77,13.00,17
1789378046087496700,3333.5,0.0,1.72,0.00,8
1789378046089042509,3334.8,0.0,1.72,0.00,7
1789378047118244396,3241.9,0.0,1.37,0.00,19
1789378047119118456,3238.1,0.0,1.37,0.00,19
1789378048145437280,1233.0,0.0,1.43,0.00,0
1789378048146365425,1232.9,0.0,1.43,0.00,0
1789378049172152038,0.0,0.6,0.00,1.12,0
1789378049173597766,0.0,0.6,0.00,1.12,0
1789378050199000698,0.0,0.2,0.00,11.00,0
1789378050200482382,0.0,0.2,0.00,11.00,0
1789378051226141733,0.1,0.0,14.00,0.00,0
1789378051227606814,0.1,0.0,14.00,0.00,0
1789378052253398894,0.0,0.0,0.00,0.00,0
1789378052254792338,0.0,0.0,0.00,0.00,0
1789378053281307798,2685.6,0.0,2.23,0.00,10
1789378053282609180,2689.5,0.0,2.23,0.00,12
1789378054312671487,3182.8,0.6,1.76,0.53,16
1789378054313465893,3182.2,0.6,1.76,0.53,15
1789378055343261193,3302.8,0.2,1.71,8.50,6
1789378055344930380,3303.5,0.2,1.70,8.50,5
1789378056374798862,3200.5,0.0,1.91,0.00,10
1789378056376182864,3200.1,0.0,1.91,0.00,10
1789378057407015439,3185.4,0.0,1.79,0.00,10
1789378057407805008,3185.0,0.0,1.79,0.00,10
1789378058438214249,3254.6,0.0,1.60,0.00,1
1789378058439298706,3254.4,0.0,1.59,0.00,1
1789378059469274610,3236.3,0.5,1.97,1.45,5
1789378059470109095,3236.4,0.5,1.97,1.45,8
1789378060499940162,3164.6,0.2,1.83,7.00,10
1789378060501338612,3165.3,0.2,1.83,7.00,10
1789378061531370797,3174.3,0.0,1.70,0.00,25
1789378061532417020,3174.0,0.0,1.70,0.00,40
1789378062562551094,3312.4,0.0,1.77,0.00,8
1789378062563938537,3312.6,0.0,1.77,0.00,8
1789378063593795463,3072.7,0.0,2.54,0.00,13
1789378063594739505,3071.6,0.0,2.54,0.00,13
1789378064625240753,3166.2,0.5,1.73,0.42,15
1789378064626082946,3167.1,0.5,1.74,0.42,12
1789378065656645619,3265.6,0.2,1.70,6.50,6
1789378065657672143,3266.5,0.2,1.70,6.50,7
1789378066687892332,3186.0,0.0,1.93,0.00,12
1789378066689244538,3186.2,0.0,1.93,0.00,10
1789378067719059705,2705.2,0.0,12.08,0.00,1
1789378067720653503,2702.2,0.0,12.09,0.00,2
1789378068750127730,3218.3,0.0,2.00,0.00,6
1789378068751627763,3220.1,0.0,2.00,0.00,8
1789378069781665901,3157.6,0.6,1.86,0.14,12
1789378069783580072,3157.9,0.6,1.86,0.14,13
1789378070812991667,3208.0,0.2,1.70,6.50,17
1789378070815032505,3207.7,0.2,1.71,6.50,28
1789378071843500431,1766.7,35.0,1.51,0.44,0
1789378071845230515,1760.7,35.0,1.50,0.44,0
1789378072870757435,0.0,0.0,0.00,0.00,0
1789378072872211051,0.0,0.0,0.00,0.00,0
1789378073897964244,0.1,0.0,13.50,0.00,0
1789378073898935442,0.1,0.0,13.50,0.00,0
1789378074924562830,0.0,0.5,0.00,1.31,0
1789378074925819463,0.0,0.5,0.00,1.31,0
1789378075951622772,0.0,0.2,0.00,8.50,0
1789378075952956806,0.0,0.2,0.00,8.50,0
1789378076978573791,0.0,0.0,0.00,0.00,0
1789378076980140579,0.0,0.0,0.00,0.00,0
1789378078005959321,2971.2,0.0,2.19,0.00,10
1789378078007830595,2976.2,0.0,2.19,0.00,11
1789378079036854347,3212.7,0.0,1.78,0.00,10
1789378079038802860,3213.8,0.0,1.79,0.00,11
1789378080067875260,3242.1,0.8,1.58,1.51,0
1789378080069520597,3240.0,0.8,1.58,1.51,2
1789378081098337157,3294.2,0.0,1.96,0.00,7
1789378081100545758,3297.0,0.0,1.96,0.00,6
1789378082129072413,3200.9,0.0,1.85,0.00,11
1789378082131156653,3200.8,0.0,1.86,0.00,12
1789378083160745497,3186.3,0.0,1.77,0.00,12
1789378083162252218,3186.0,0.0,1.77,0.00,11
1789378084192269914,3317.3,0.0,1.67,0.00,3
1789378084193426698,3317.5,0.0,1.67,0.00,0
1789378085225097382,3179.8,0.7,1.92,0.29,8
1789378085225630572,3180.1,0.7,1.93,0.29,8
1789378086256859823,3206.8,0.0,1.79,0.00,12
1789378086257884334,3205.7,0.0,1.79,0.00,12
1789378087288356319,3225.9,0.0,1.57,0.00,2
1789378087289732657,3223.0,0.0,1.57,0.00,2
1789378088319198570,3176.7,0.0,2.58,0.00,7
1789378088321555236,3179.3,0.0,2.57,0.00,8
1789378089349857897,3194.7,0.0,1.80,0.00,10
1789378089352209095,3196.0,0.0,1.80,0.00,11
1789378090380020623,3171.0,0.5,1.71,1.65,15
1789378090382693089,3171.4,0.5,1.72,1.65,41
1789378091410619460,3300.2,0.0,1.82,0.00,7
1789378091413079734,3298.7,0.0,1.81,0.00,6
1789378092440461955,2603.9,0.0,13.83,0.00,11
1789378092443576808,2605.8,0.0,13.82,0.00,14
1789378093470356280,3288.0,0.0,1.68,0.00,2
1789378093473372114,3285.9,0.0,1.68,0.00,4
1789378094500442990,3199.1,0.4,2.00,1.27,9
1789378094503147044,3201.4,0.4,2.00,1.27,9
1789378095530292807,3214.6,0.2,1.79,8.00,10
1789378095532683527,3213.4,0.2,1.79,8.00,11
1789378096560330945,1283.3,0.0,1.24,0.00,0
1789378096562037009,1276.2,0.0,1.24,0.00,0
1789378097586516345,0.0,0.0,0.00,0.00,0
1789378097589005318,0.0,0.0,0.00,0.00,0
1789378098613344250,0.0,0.0,0.00,0.00,0
1789378098615177915,0.0,0.0,0.00,0.00,0
1789378099640112063,0.0,0.4,0.00,2.07,0
1789378099641797784,0.0,0.4,0.00,2.07,0
1789378100666473521,0.0,0.2,0.00,8.00,0
1789378100668521080,0.0,0.2,0.00,8.00,0
1789378101693005987,0.0,0.0,0.00,0.00,0
1789378101694749631,0.0,0.0,0.00,0.00,0
1789378102720237709,2873.1,0.0,2.25,0.00,8
1789378102721616001,2877.4,0.0,2.25,0.00,9
1789378103750439437,3180.8,0.0,1.76,0.00,9
1789378103752650693,3181.1,0.0,1.76,0.00,10
1789378104780720478,3281.5,0.4,1.61,0.69,2
1789378104783473971,3279.5,0.4,1.60,0.69,0
1789378105811394340,3186.5,0.1,1.98,7.00,9
1789378105813877758,3188.1,0.1,1.98,7.00,6
1789378106842316330,3165.9,0.0,1.79,0.00,10
1789378106844890042,3166.8,0.0,1.79,0.00,10
1789378107873127307,3179.9,0.0,1.57,0.00,0
1789378107875272197,3171.1,0.0,1.57,0.00,0
1789378108902983993,3280.0,0.0,1.97,0.00,6
1789378108905557523,3288.7,0.0,1.97,0.00,7
1789378109933078966,3146.0,0.4,1.85,1.60,11
1789378109934755923,3147.1,0.4,1.85,1.60,12
1789378110963565085,3155.0,0.2,1.73,6.50,22
1789378110965903019,3155.0,0.2,1.74,6.50,12
1789378111995485128,3299.4,0.0,1.75,0.00,8
1789378111996792670,3298.7,0.0,1.74,0.00,8
1789378113026540504,3059.0,0.0,2.52,0.00,12
1789378113027635639,3058.0,0.0,2.52,0.00,14
1789378114056566389,3152.5,0.0,1.75,0.00,20
1789378114058323769,3153.3,0.0,1.75,0.00,14
1789378115087394965,3258.1,0.6,1.70,0.98,6
1789378115088800113,3257.6,0.6,1.70,0.98,7
1789378116117752051,3169.3,0.0,1.93,0.00,11
1789378116119929356,3169.8,0.0,1.93,0.00,10
1789378117148768665,2663.4,0.0,13.82,0.00,0
1789378117150779526,2661.4,0.0,13.82,0.00,4
1789378118179895009,3145.9,0.0,2.00,0.00,10
1789378118182389312,3146.9,0.0,2.00,0.00,11
1789378119210740051,3135.3,0.0,1.84,0.00,10
1789378119213532313,3136.4,0.0,1.84,0.00,10
1789378120242109768,3239.5,0.5,1.57,0.92,0
1789378120244550107,3238.1,0.5,1.57,0.92,2
1789378121272904937,1904.0,70.1,1.77,2.02,0
1789378121274285827,1900.7,70.0,1.77,2.02,0
1789378122299378835,0.0,0.0,0.00,0.00,0
1789378122301230429,0.0,0.0,0.00,0.00,0
1789378123328015067,0.0,0.0,0.00,0.00,0
1789378123328362084,0.0,0.0,0.00,0.00,0
1789378124355247222,0.0,0.0,0.00,0.00,0
1789378124355704152,0.0,0.0,0.00,0.00,0
1789378125382592938,0.0,0.9,0.00,0.55,0
1789378125383212908,0.0,0.9,0.00,0.55,0
1789378126409492510,0.0,0.0,0.00,0.00,0
1789378126410487112,0.0,0.0,0.00,0.00,0
1789378127437338139,2640.5,0.0,2.25,0.00,11
1789378127438425534,2644.8,0.0,2.25,0.00,11
1789378128468119616,3208.4,0.0,1.76,0.00,15
1789378128469140612,3208.0,0.0,1.76,0.00,11
1789378129498791281,3339.0,0.0,1.70,0.00,6
1789378129500209309,3339.1,0.0,1.70,0.00,7
1789378130529083062,3195.1,0.6,1.92,2.07,10
1789378130530821853,3195.8,0.6,1.92,2.07,9
1789378131559522403,3201.5,0.0,1.78,0.00,10
1789378131561427440,3199.9,0.0,1.78,0.00,11
1789378132590291870,3251.6,0.0,1.58,0.00,2
1789378132592533055,3246.4,0.0,1.58,0.00,2
1789378133620601247,3252.1,0.0,1.97,0.00,7
1789378133623365247,3258.7,0.0,1.97,0.00,6
1789378134650946031,3190.2,0.0,1.83,0.00,10
1789378134653901979,3189.3,0.0,1.83,0.00,12
1789378135681575127,3170.4,0.5,1.78,1.70,17
1789378135684609013,3171.3,0.5,1.79,1.70,27
1789378136712516555,3313.3,0.0,1.73,0.00,7
1789378136715362323,3313.0,0.0,1.72,0.00,8
1789378137742585174,3096.8,0.0,2.47,0.00,12
1789378137745692499,3097.4,0.0,2.47,0.00,12
1789378138772522448,3178.5,0.0,1.77,0.00,10
1789378138775830264,3178.1,0.0,1.77,0.00,12
1789378139802848321,3290.2,0.0,1.65,0.00,4
1789378139806543896,3289.4,0.0,1.64,0.00,3
1789378140833145321,3189.2,0.5,1.96,3.00,10
1789378140836865297,3190.7,0.5,1.96,3.00,9
1789378141863069049,2651.9,0.0,12.15,0.00,0
1789378141866578141,2639.7,0.0,12.18,0.00,0
1789378142892724433,3258.9,0.0,2.01,0.00,11
1789378142896844259,3269.7,0.0,2.00,0.00,8
1789378143921959983,3172.0,0.0,1.90,0.00,12
1789378143925444114,3173.7,0.0,1.90,0.00,12
1789378144950915790,3228.0,0.0,1.75,0.00,16
1789378144954125895,3227.5,0.0,1.76,0.00,20
1789378145979186768,1679.1,0.5,1.41,0.58,0
1789378145982666161,1668.3,0.5,1.39,0.58,0
1789378147005947454,0.0,0.0,0.00,0.00,0
1789378147008248254,0.0,0.0,0.00,0.00,0
1789378148033048379,0.0,0.0,14.00,0.00,0
1789378148034819007,0.0,0.0,14.00,0.00,0
1789378149059971097,0.0,0.0,0.00,0.00,0
1789378149060565262,0.0,0.0,0.00,0.00,0
1789378150086685582,0.0,0.2,0.00,8.50,0
1789378150088058045,0.0,0.2,0.00,8.50,0
1789378151113828301,0.0,0.4,0.00,2.80,0
1789378151115565969,0.0,0.4,0.00,2.80,0
1789378152141202045,2975.0,0.0,2.09,0.00,10
1789378152143228718,2982.1,0.0,2.09,0.00,9
1789378153171155612,3207.2,0.0,1.79,0.00,10
1789378153173795164,3207.5,0.0,1.79,0.00,12
1789378154201818584,3247.9,0.0,1.57,0.00,0
1789378154203150762,3245.7,0.0,1.56,0.00,2
1789378155231756899,3272.5,0.2,1.95,7.50,8
1789378155233582289,3274.6,0.2,1.95,7.50,6
1789378156262527498,3197.8,0.4,1.85,1.62,11
1789378156264774868,3198.0,0.4,1.85,1.62,10
1789378157292767147,3188.7,0.0,1.76,0.00,11
1789378157295286026,3189.0,0.0,1.77,0.00,18
1789378158322755645,3313.0,0.0,1.70,0.00,8
1789378158324962836,3309.6,0.0,1.69,0.00,7
1789378159352805675,3207.4,0.0,1.91,0.00,10
1789378159355064772,3210.7,0.0,1.91,0.00,9
1789378160382804943,3192.8,0.2,1.78,5.50,13
1789378160385672621,3191.9,0.2,1.78,5.50,11
1789378161412867639,3237.2,0.3,1.58,0.62,2
1789378161416293732,3233.2,0.3,1.58,0.62,2
1789378162443813801,3136.7,0.0,2.64,0.00,6
1789378162447094126,3141.0,0.0,2.64,0.00,8
1789378163474585352,3160.6,0.0,1.80,0.00,9
1789378163477640389,3160.6,0.0,1.80,0.00,12
1789378164504910176,3177.9,0.0,1.57,0.00,38
1789378164507977948,3174.3,0.0,1.57,0.00,57
1789378165535191335,3270.9,0.1,1.99,8.00,7
1789378165537927061,3273.5,0.1,1.99,8.00,8
1789378166566145209,2596.5,0.3,14.29,0.19,26
1789378166568830670,2596.8,0.3,14.31,0.19,17
1789378167596706868,3285.0,0.0,1.74,0.00,8
1789378167599078280,3285.2,0.0,1.73,0.00,7
1789378168627100317,3170.2,0.0,1.97,0.00,11
1789378168629948557,3170.1,0.0,1.97,0.00,8
1789378169656991912,3226.5,0.0,1.78,0.00,10
1789378169660766784,3226.6,0.0,1.78,0.00,11
1789378170686649699,1432.5,0.2,1.30,5.50,0
1789378170690227556,1421.1,0.2,1.30,5.50,0
1789378171713896085,0.0,0.0,0.00,0.00,0
1789378171716589977,0.0,0.0,0.00,0.00,0
1789378172740627663,0.0,0.4,0.00,2.90,0
1789378172743442146,0.0,0.4,0.00,2.90,0
1789378173767561484,0.0,0.0,0.00,0.00,0
1789378173770276891,0.0,0.0,0.00,0.00,0
1789378174794445271,0.0,0.0,0.00,0.00,0
1789378174796906711,0.0,0.0,0.00,0.00,0
1789378175820385713,0.0,0.2,0.00,8.50,0
1789378175823428084,0.0,0.2,0.00,8.50,0
1789378176847419701,3190.6,0.0,2.14,0.00,5
1789378176850196782,3198.0,0.0,2.14,0.00,7
1789378177877679033,3210.4,0.3,1.82,0.57,10
1789378177880260879,3210.6,0.3,1.83,0.57,11
1789378178908384721,3208.1,0.0,1.76,0.00,29
1789378178910473438,3208.6,0.0,1.76,0.00,22
1789378179938991429,3322.2,0.0,1.72,0.00,6
1789378179941336611,3321.6,0.0,1.72,0.00,6
1789378180969605611,3178.7,0.2,1.91,2.00,8
1789378180972137240,3179.3,0.2,1.92,2.00,8
1789378182000600008,3193.9,0.0,1.78,0.00,11
1789378182003060651,3193.4,0.0,1.78,0.00,12
1789378183031587587,3265.8,0.4,1.61,0.25,0
1789378183033755717,3263.3,0.4,1.61,0.25,2
1789378184061681799,3244.4,0.0,1.95,0.00,6
1789378184064476409,3247.0,0.0,1.95,0.00,8
1789378185092167650,3158.9,0.2,1.85,8.50,11
1789378185094955756,3158.6,0.2,1.85,8.50,13
1789378186122930786,3196.3,0.0,1.67,0.00,22
1789378186125312654,3195.6,0.0,1.68,0.00,18
1789378187152719808,3225.3,0.0,2.37,0.00,8
1789378187156106552,3226.9,0.0,2.36,0.00,6
1789378188183402877,3174.8,0.4,1.86,1.78,11
1789378188186859306,3175.2,0.4,1.87,1.78,12
1789378189213746878,3179.4,0.0,1.80,0.00,12
1789378189216421818,3179.6,0.0,1.80,0.00,12
1789378190244171295,3279.5,0.2,1.70,6.50,8
1789378190246029062,3278.9,0.2,1.70,6.50,6
1789378191275147928,2626.9,0.0,12.21,0.00,12
1789378191277185951,2625.3,0.0,12.21,0.00,14
1789378192305132563,3251.6,0.0,1.57,0.00,0
1789378192307229576,3249.5,0.0,1.57,0.00,2
1789378193335441297,3227.4,0.4,2.05,1.61,6
1789378193337606400,3230.8,0.4,2.04,1.61,7
1789378194365278981,3221.2,0.0,1.84,0.00,10
1789378194367893972,3222.6,0.0,1.84,0.00,10
1789378195395772838,1133.0,0.2,1.15,1.50,0
1789378195397690293,1124.6,0.2,1.14,1.50,0
1789378196422562891,0.0,0.0,0.00,0.00,0
1789378196424548968,0.0,0.0,0.00,0.00,0
1789378197449272957,0.0,0.0,0.00,0.00,0
1789378197450844020,0.0,0.0,0.00,0.00,0
1789378198475860885,0.0,0.4,0.00,2.19,0
1789378198477628928,0.0,0.4,0.00,2.19,0
1789378199502606892,0.0,0.0,13.00,0.00,0
1789378199504462970,0.0,0.0,13.00,0.00,0
1789378200529646952,192.3,0.1,6.40,10.00,13
1789378200531374393,198.1,0.1,6.33,10.00,27
1789378201557442217,3332.6,0.0,1.71,0.00,8
1789378201559213331,3332.5,0.0,1.70,0.00,7
1789378202587743682,3202.8,0.0,1.90,0.00,10
1789378202589205545,3202.0,0.0,1.91,0.00,10
1789378203616838823,3212.0,0.5,1.77,0.35,10
1789378203618786249,3213.0,0.5,1.77,0.35,10
1789378204647462940,3247.4,0.0,1.58,0.00,2
1789378204649384515,3245.6,0.0,1.58,0.00,1
1789378205678152504,3240.2,0.2,1.99,6.50,8
1789378205680197319,3241.5,0.2,1.99,6.50,7
1789378206708302762,3187.1,0.0,1.85,0.00,12
1789378206710540864,3189.0,0.0,1.85,0.00,12
1789378207738673788,3195.1,0.0,1.75,0.00,25
1789378207741056582,3194.4,0.0,1.75,0.00,12
1789378208768908200,3318.0,0.4,1.73,1.46,6
1789378208771374237,3317.4,0.4,1.73,1.46,8
1789378209799598628,3194.2,0.0,1.91,0.00,10
1789378209801672217,3194.6,0.0,1.91,0.00,11
1789378210829813613,3122.7,0.2,2.15,2.50,19
1789378210831347930,3119.9,0.2,2.16,2.50,119
1789378211860178140,3268.3,0.0,1.82,0.00,4
1789378211861107032,3269.9,0.0,1.80,0.00,4
1789378212890867091,3186.9,0.0,1.95,0.00,10
1789378212892590003,3188.3,0.0,1.95,0.00,8
1789378213922055549,3185.2,0.3,1.80,0.59,12
1789378213923348359,3183.6,0.3,1.81,0.59,9
1789378214952755637,3198.3,0.0,1.59,0.00,0
1789378214954594739,3193.1,0.0,1.59,0.00,0
1789378215982786194,2665.4,0.2,14.51,19.50,12
1789378215985267725,2672.1,0.2,14.49,19.50,10
1789378217012439071,3187.2,0.0,1.76,0.00,16
1789378217015279163,3187.3,0.0,1.77,0.00,27
1789378218044055259,3313.9,0.0,1.73,0.00,7
1789378218046624848,3313.4,0.0,1.72,0.00,7
1789378219074849504,3218.9,0.4,1.90,0.12,8
1789378219077562021,3218.9,0.4,1.90,0.12,8
1789378220104648590,821.1,0.2,0.94,8.50,0
1789378220106800556,812.1,0.2,0.93,8.50,0
1789378221130812031,0.0,0.0,0.00,0.00,0
1789378221133651541,0.0,0.0,0.00,0.00,0
1789378222157882981,0.0,0.0,0.00,0.00,0
1789378222160714285,0.0,0.0,0.00,0.00,0
1789378223184966664,0.0,0.0,0.00,0.00,0
1789378223187410502,0.0,0.0,0.00,0.00,0
1789378224211886196,0.0,0.3,0.00,2.97,0
1789378224213816228,0.0,0.3,0.00,2.97,0
1789378225238928695,513.5,0.2,3.29,8.50,11
1789378225240881245,519.9,0.2,3.27,8.50,11
1789378226268807405,3254.1,0.0,1.57,0.00,0
1789378226270444022,3250.1,0.0,1.57,0.00,2
1789378227301382430,3296.7,0.0,1.95,0.00,7
1789378227302424829,3298.7,0.0,1.95,0.00,7
1789378228333363420,3210.2,0.0,1.85,0.00,10
1789378228334434764,3212.2,0.0,1.85,0.00,10
1789378229364376513,3198.6,0.3,1.76,1.05,11
1789378229365609007,3198.4,0.3,1.76,1.05,10
1789378230395763808,3295.8,0.1,1.67,8.00,2
1789378230397370218,3295.7,0.1,1.67,8.00,4
1789378231426251908,3200.0,0.0,1.93,0.00,10
1789378231427825750,3199.2,0.0,1.93,0.00,8
1789378232457102251,3193.3,0.0,1.79,0.00,10
1789378232458450664,3193.3,0.0,1.79,0.00,12
1789378233487470992,3233.2,0.3,1.56,0.09,0
1789378233488952362,3228.6,0.3,1.56,0.09,0
1789378234517270897,3295.1,0.0,1.95,0.00,8
1789378234519159364,3300.6,0.0,1.94,0.00,7
1789378235547805232,3077.2,0.2,2.48,6.50,13
1789378235549620389,3077.1,0.2,2.48,6.50,12
1789378236578271404,3180.1,0.0,1.69,0.00,30
1789378236580245827,3179.8,0.0,1.69,0.00,18
1789378237609313037,3301.5,0.0,1.77,0.00,6
1789378237611136726,3302.2,0.0,1.76,0.00,7
1789378238639576825,3187.4,0.3,1.90,1.46,11
1789378238641474063,3186.7,0.3,1.90,1.46,10
1789378239670413493,2946.8,0.0,5.47,0.00,329
1789378239672412797,2941.7,0.0,5.53,0.00,323
1789378240700997967,2928.6,0.2,9.98,7.00,10
1789378240703186525,2933.2,0.2,9.92,7.00,9
1789378241731035451,3185.1,0.0,1.82,0.00,12
1789378241733529893,3185.7,0.0,1.82,0.00,12
1789378242761357534,3209.5,0.0,1.57,0.00,52
1789378242763164326,3207.8,0.0,1.58,0.00,41
1789378243790933112,3330.4,0.4,1.93,0.69,7
1789378243793595682,3331.8,0.4,1.92,0.69,6
1789378244819384208,436.7,0.0,0.73,0.00,0
1789378244822352582,427.2,0.0,0.73,0.00,0
1789378245845879620,0.0,0.2,0.00,8.50,0
1789378245849515366,0.0,0.2,0.00,8.50,0
1789378246873010473,0.0,0.0,0.00,0.00,0
1789378246876103632,0.0,0.0,0.00,0.00,0
1789378247899570856,0.0,0.0,0.00,0.00,0
1789378247902403829,0.0,0.0,0.00,0.00,0
1789378248926558129,0.0,0.4,0.00,2.64,0
1789378248929552880,0.0,0.4,0.00,2.64,0
1789378249953889495,968.8,0.0,3.11,0.00,7
1789378249956595022,978.6,0.0,3.09,0.00,8
1789378250984560510,3222.1,0.2,1.77,5.50,11
1789378250987060824,3221.2,0.2,1.77,5.50,10
1789378252015315968,3287.3,0.0,1.60,0.00,0
1789378252017842778,3284.6,0.0,1.60,0.00,2
1789378253046070299,3262.9,0.0,1.95,0.00,8
1789378253048572499,3265.8,0.0,1.95,0.00,6
1789378254076756531,3214.0,0.3,1.82,1.55,10
1789378254079079720,3214.2,0.3,1.82,1.55,11
1789378255107642945,3176.6,0.1,1.75,2.00,13
1789378255110177594,3175.9,0.1,1.75,2.00,20
1789378256138071457,3313.8,0.0,1.73,0.00,6
1789378256141227249,3314.5,0.0,1.72,0.00,8
1789378257168814466,3214.5,0.0,1.89,0.00,8
1789378257171242700,3216.2,0.0,1.89,0.00,10
1789378258199622111,3195.3,0.0,1.79,0.00,10
1789378258201196159,3194.0,0.0,1.79,0.00,11
1789378259230258180,3262.0,0.3,1.60,0.66,2
1789378259232259520,3258.7,0.3,1.60,0.66,0
1789378260261386098,3124.4,0.1,2.62,6.50,9
1789378260262916107,3126.8,0.1,2.62,6.50,9
1789378261292073408,3190.9,0.0,1.78,0.00,11
1789378261294017517,3190.8,0.0,1.78,0.00,12
1789378262322704037,3183.9,0.0,1.56,0.00,54
1789378262324873006,3184.3,0.0,1.56,0.00,46
1789378263353766050,3319.3,0.0,1.95,0.00,5
1789378263355694562,3318.8,0.0,1.95,0.00,7
1789378264385360759,2623.7,0.4,15.30,11.57,52
1789378264386958213,2621.7,0.4,15.32,11.57,49
1789378265417072727,3214.1,0.2,2.15,7.00,6
1789378265418329771,3215.9,0.2,2.15,7.00,6
1789378266448428411,3180.4,0.0,1.96,0.00,9
1789378266449589326,3180.8,0.0,1.96,0.00,10
1789378267479845117,3226.7,0.0,1.78,0.00,12
1789378267481388881,3227.7,0.0,1.78,0.00,10
1789378268510902475,3268.9,0.0,1.57,0.00,2
1789378268512835965,3265.5,0.0,1.57,0.00,2
1789378269540960030,3179.7,0.0,1.62,0.00,7
1789378269542321067,3181.8,0.0,1.62,0.00,8
1789378270568399759,1029.7,0.6,1.47,0.89,0
1789378270569559675,1025.6,0.6,1.47,0.89,0
1789378271595645228,0.0,0.0,0.00,0.00,0
1789378271597013841,0.0,0.0,0.00,0.00,0
1789378272622745609,0.0,0.0,0.00,0.00,0
1789378272624210542,0.0,0.0,0.00,0.00,0
1789378273649970960,0.0,0.0,0.00,0.00,0
1789378273651311980,0.0,0.0,0.00,0.00,0
1789378274676761059,12.7,0.0,17.32,0.00,49
1789378274677120867,13.7,0.0,17.40,0.00,47
1789378275704541336,3325.1,0.6,2.08,3.73,7
1789378275705444121,3325.6,0.6,2.07,3.73,8
1789378276735092133,3215.7,0.0,1.86,0.00,11
1789378276737159181,3215.5,0.0,1.86,0.00,11
1789378277765535723,3224.1,0.0,1.77,0.00,10
1789378277768029398,3224.8,0.0,1.77,0.00,10
1789378278796921722,3310.4,0.0,1.63,0.00,4
1789378278799141858,3310.0,0.0,1.63,0.00,2
1789378279827741323,3216.1,0.0,1.96,0.00,6
1789378279830284411,3216.7,0.0,1.96,0.00,6
1789378280859189137,3192.7,0.5,1.81,5.14,10
1789378280861467477,3192.0,0.5,1.81,5.14,12
1789378281890409061,3196.4,0.0,1.64,0.00,43
1789378281892798045,3197.5,0.0,1.65,0.00,36
1789378282921367311,3323.0,0.0,1.86,0.00,6
1789378282923891624,3322.7,0.0,1.85,0.00,7
1789378283952783437,3196.1,0.0,1.87,0.00,11
1789378283954951781,3196.1,0.0,1.88,0.00,11
1789378284983599094,3181.3,0.0,1.81,0.00,151
1789378284985767447,3177.9,0.0,1.85,0.00,108
1789378286015190514,3222.1,0.5,2.24,1.39,5
1789378286017107819,3226.0,0.5,2.19,1.39,2
1789378287046471010,3191.4,0.0,1.93,0.00,8
1789378287048491285,3190.3,0.0,1.93,0.00,9
1789378288077075925,3195.0,0.0,1.79,0.00,13
1789378288079121631,3195.0,0.0,1.79,0.00,11
1789378289107123328,3225.1,0.0,1.60,0.00,0
1789378289109352155,3221.9,0.0,1.60,0.00,2
1789378290137766501,2675.9,0.2,12.28,8.00,12
1789378290140238991,2677.8,0.2,12.27,8.00,12
1789378291167130079,3205.0,0.4,1.76,0.68,19
1789378291170602852,3206.9,0.4,1.77,0.68,32
1789378292196966556,3313.8,0.0,1.74,0.00,7
1789378292200405310,3312.7,0.0,1.73,0.00,8
1789378293225391438,3226.1,0.0,1.91,0.00,9
1789378293229385901,3226.7,0.0,1.91,0.00,10
1789378294254018450,3185.6,0.0,1.81,0.00,12
1789378294258023305,3187.0,0.0,1.81,0.00,7
1789378295281282126,1816.4,0.2,1.43,2.00,0
1789378295284848396,1804.3,0.2,1.43,2.00,0
1789378296308071896,0.0,0.4,0.00,2.61,0
1789378296310872139,0.0,0.4,0.00,2.61,0
1789378297334587750,0.0,0.0,0.00,0.00,0
1789378297336812085,0.0,0.0,0.00,0.00,0
1789378298361356512,0.0,0.0,0.00,0.00,0
1789378298363076123,0.0,0.0,0.00,0.00,0
1789378299387958838,0.0,0.0,0.00,0.00,0
1789378299390521996,0.0,0.0,0.00,0.00,0
1789378300415503629,2104.0,0.2,2.34,7.00,17
1789378300416500862,2110.7,0.2,2.34,7.00,13
1789378301445672382,3312.6,0.4,1.69,0.69,7
1789378301447176997,3314.1,0.4,1.69,0.69,7
1789378302476211027,3200.9,0.0,1.91,0.00,9
1789378302477531580,3200.1,0.0,1.91,0.00,7
1789378303506467147,3199.5,0.0,1.77,0.00,11
1789378303508243678,3199.3,0.0,1.77,0.00,10
1789378304537235267,3238.1,0.0,1.59,0.00,2
1789378304538948259,3236.9,0.0,1.59,0.00,0
1789378305568425974,3229.4,0.1,1.98,6.00,7
1789378305569424133,3231.2,0.1,1.98,6.00,7
1789378306598907027,3181.6,0.3,1.83,1.50,11
1789378306600659872,3181.5,0.3,1.83,1.50,12
1789378307628978270,3182.9,0.0,1.72,0.00,23
1789378307630893517,3181.7,0.0,1.73,0.00,12
1789378308659714937,3317.2,0.0,1.77,0.00,7
1789378308661897344,3317.4,0.0,1.76,0.00,7
1789378309690381405,3178.8,0.0,1.88,0.00,12
1789378309692724147,3179.1,0.0,1.88,0.00,8
1789378310721220026,3045.3,0.2,2.48,10.00,11
1789378310723129393,3045.3,0.2,2.49,10.00,11
1789378311752165711,3302.4,0.4,1.67,0.42,6
1789378311754079170,3302.1,0.4,1.67,0.42,8
1789378312783166131,3164.8,0.0,1.92,0.00,10
1789378312785221747,3165.9,0.0,1.92,0.00,11
1789378313814173975,3177.3,0.0,1.80,0.00,12
1789378313816394489,3177.0,0.0,1.80,0.00,11
1789378314845204004,2732.0,0.0,14.74,0.00,6
1789378314847431525,2731.1,0.0,14.73,0.00,8
1789378315876648175,3099.8,0.1,1.83,2.00,11
1789378315878726610,3101.3,0.1,1.84,2.00,11
1789378316907278887,3168.3,0.3,1.61,0.65,35
1789378316909226133,3168.3,0.3,1.61,0.65,31
1789378317937105016,3326.8,0.0,1.95,0.00,8
1789378317938400605,3326.0,0.0,1.94,0.00,7
1789378318967515556,2317.7,35.0,1.57,0.26,0
1789378318968772267,2311.5,35.0,1.57,0.26,0
1789378319993458399,0.0,0.0,0.00,0.00,0
1789378319996103285,0.0,0.0,0.00,0.00,0
1789378321020158962,0.0,0.3,0.00,9.00,0
1789378321022813952,0.0,0.3,0.00,9.00,0
1789378322046806351,0.0,0.5,0.00,1.63,0
1789378322049052502,0.0,0.5,0.00,1.63,0
1789378323073674618,0.0,0.0,0.00,0.00,0
1789378323076113285,0.0,0.0,0.00,0.00,0
1789378324100641188,0.0,0.0,0.00,0.00,0
1789378324102644686,0.0,0.0,0.00,0.00,0
1789378325128083801,2331.3,0.2,2.15,1.00,12
1789378325130524576,2338.4,0.2,2.15,1.00,10
1789378326158890933,3275.4,0.0,1.60,0.00,2
1789378326161532891,3270.0,0.0,1.60,0.00,2
1789378327189801670,3270.0,0.3,1.94,1.58,7
1789378327192446559,3275.2,0.3,1.94,1.58,8
1789378328220782715,3214.4,0.0,1.84,0.00,10
1789378328223046091,3215.8,0.0,1.84,0.00,10
1789378329250816914,3209.7,0.0,1.76,0.00,20
1789378329253399968,3208.2,0.0,1.76,0.00,12
1789378330281543014,3312.7,0.1,1.70,7.00,5
1789378330284415391,3313.3,0.1,1.70,7.00,7
1789378331312695623,3200.2,0.0,1.92,0.00,8
1789378331314982733,3199.9,0.0,1.92,0.00,10
1789378332343392186,3196.8,0.3,1.78,0.14,12
1789378332345856456,3196.8,0.3,1.78,0.14,10
1789378333374367260,3250.3,0.0,1.60,0.00,2
1789378333377258826,3245.9,0.0,1.59,0.00,2
1789378334405620392,3270.9,0.0,1.92,0.00,7
1789378334408121826,3275.5,0.0,1.92,0.00,7
1789378335436889890,3119.6,0.2,2.21,6.00,11
1789378335438879382,3118.5,0.2,2.22,6.00,10
1789378336467773041,3194.4,0.0,1.68,0.00,15
1789378336470314458,3194.8,0.0,1.69,0.00,30
1789378337499221374,3289.1,0.4,1.78,1.67,7
1789378337501344934,3289.5,0.4,1.77,1.67,8
1789378338529755812,3208.6,0.0,1.91,0.00,7
1789378338530899546,3209.2,0.0,1.91,0.00,10
1789378339559596877,2723.1,0.0,13.50,0.00,2
1789378339561430562,2720.1,0.0,13.51,0.00,1
1789378340590735420,3186.4,0.2,2.01,5.50,7
1789378340592525988,3188.8,0.2,2.01,5.50,6
1789378341621823132,3195.2,0.0,1.82,0.00,13
1789378341623179118,3194.3,0.0,1.82,0.00,11
1789378342652980867,3228.2,0.4,1.69,1.28,15
1789378342654752310,3229.7,0.4,1.70,1.28,24
1789378343682663598,1791.7,0.0,1.55,0.00,0
1789378343684449775,1786.8,0.0,1.53,0.00,0
1789378344709607121,0.0,0.0,0.00,0.00,0
1789378344710777302,0.0,0.0,0.00,0.00,0
1789378345736523282,0.0,0.1,14.00,8.50,0
1789378345738186350,0.0,0.1,14.00,8.50,0
1789378346763643622,0.0,0.0,0.00,0.00,0
1789378346765112939,0.0,0.0,0.00,0.00,0
1789378347789764886,0.0,0.4,0.00,2.78,0
1789378347791533940,0.0,0.4,0.00,2.78,0
1789378348815463082,0.0,0.0,0.00,0.00,0
1789378348818203562,0.0,0.0,0.00,0.00,0
1789378349842982146,2186.0,0.0,2.35,0.00,11
1789378349845646368,2193.5,0.0,2.35,0.00,12
1789378350873641726,3282.0,0.2,1.66,7.00,4
1789378350875874915,3282.7,0.2,1.66,7.00,1
1789378351904919952,3184.7,0.0,1.92,0.00,10
1789378351906995578,3184.6,0.0,1.92,0.00,10
1789378352935520603,3162.7,0.4,1.79,0.56,11
1789378352938139767,3164.8,0.4,1.79,0.56,10
1789378353966884625,3231.4,0.0,1.60,0.00,2
1789378353969263543,3226.8,0.0,1.59,0.00,0
1789378354998198771,3205.5,0.0,1.99,0.00,7
1789378355000164367,3209.3,0.0,1.99,0.00,7
1789378356028394763,3143.2,0.1,1.82,6.00,12
1789378356029843053,3143.2,0.1,1.82,6.00,11
1789378357058933171,3158.9,0.0,1.60,0.00,18
1789378357060806584,3158.1,0.0,1.61,0.00,26
1789378358088876176,3314.2,0.3,1.90,1.39,8
1789378358090881153,3314.4,0.3,1.89,1.39,8
1789378359119663643,3156.7,0.0,1.83,0.00,10
1789378359122034602,3157.9,0.0,1.83,0.00,14
1789378360152082176,3025.2,0.1,2.39,5.00,10
1789378360153962994,3022.8,0.1,2.39,5.00,41
1789378361183631262,3294.3,0.0,1.79,0.00,7
1789378361185331527,3293.8,0.0,1.79,0.00,8
1789378362215057964,3131.0,0.0,1.87,0.00,10
1789378362216698553,3132.1,0.0,1.88,0.00,12
1789378363246687607,3149.4,0.4,1.79,0.87,12
1789378363248218422,3149.9,0.4,1.79,0.87,11
1789378364277627696,2737.2,0.0,14.78,0.00,10
1789378364279194473,2736.6,0.0,14.79,0.00,9
1789378365307933372,3075.4,0.2,1.80,6.00,11
1789378365309113436,3076.0,0.2,1.80,6.00,12
1789378366338799435,3265.8,0.0,1.63,0.00,2
1789378366340293165,3262.5,0.0,1.63,0.00,2
1789378367369083380,3193.7,0.0,1.97,0.00,8
1789378367370999645,3197.1,0.0,1.97,0.00,6
1789378368398535027,2569.6,105.5,1.53,0.74,0
1789378368400671596,2556.1,105.2,1.53,0.74,0
1789378369425368821,0.0,0.0,2.00,0.00,0
1789378369430220516,0.0,0.0,2.00,0.00,0
1789378370451954786,0.0,0.4,0.00,8.50,0
1789378370456757055,0.0,0.4,0.00,8.50,0
1789378371478723411,0.0,0.0,0.00,0.00,0
1789378371483666726,0.0,0.0,0.00,0.00,0
1789378372505480272,0.0,0.0,0.00,0.00,8
1789378372510756494,0.0,0.6,0.00,1.42,0
1789378373532425100,0.0,0.6,0.00,1.42,0
1789378373537883664,0.0,0.0,0.00,0.00,0
1789378374559969171,1888.6,0.0,2.02,0.00,0
1789378374564999651,1895.6,0.0,2.02,0.00,55
1789378375590086762,3290.6,0.1,1.97,7.00,8
1789378375595796791,3301.9,0.1,1.96,7.00,8
1789378376620675022,3211.2,0.0,1.85,0.00,10
1789378376626879532,3209.4,0.0,1.85,0.00,11
1789378377651899746,3210.8,0.3,1.76,3.03,10
1789378377657905894,3211.4,0.3,1.76,3.03,12
1789378378682836093,3313.7,0.0,1.66,0.00,2
1789378378688589326,3309.8,0.0,1.66,0.00,4
1789378379714076288,3198.3,0.0,1.93,0.00,8
1789378379719009998,3202.0,0.0,1.93,0.00,8
1789378380744300060,3190.4,0.1,1.79,7.50,12
1789378380749808382,3191.8,0.1,1.79,7.50,12
1789378381775004357,3217.5,0.0,1.57,0.00,0
1789378381780699126,3201.8,0.0,1.56,0.00,57
1789378382806069389,3313.7,0.3,1.94,0.87,7
1789378382811666287,3328.5,0.3,1.94,0.87,6
1789378383836750656,3183.1,0.0,1.85,0.00,11
1789378383842298124,3183.7,0.0,1.85,0.00,14
1789378384866882314,3084.5,0.0,2.28,0.00,19
1789378384872795786,3084.3,0.0,2.30,0.00,13
1789378385898075445,3304.0,0.2,1.75,7.00,8
1789378385903419531,3302.4,0.2,1.73,7.00,6
1789378386928467762,3172.7,0.0,1.89,0.00,7
1789378386934394776,3174.4,0.0,1.89,0.00,9
1789378387957825237,3171.9,0.4,1.82,4.89,11
1789378387963888014,3172.3,0.4,1.82,4.89,12
1789378388989275503,2776.3,0.0,14.00,0.00,6
1789378388994293227,2775.2,0.0,13.99,0.00,7
1789378390020089459,3115.1,0.0,1.82,0.00,10
1789378390025248179,3114.4,0.0,1.82,0.00,11
1789378391050620474,3171.6,0.1,1.60,8.00,10
1789378391055896035,3171.4,0.1,1.60,8.00,46
1789378392081066779,3334.6,0.0,1.95,0.00,7
1789378392086366491,3335.7,0.0,1.94,0.00,7
1789378393111564271,2330.3,0.4,1.57,0.30,0
1789378393115622462,2315.9,0.4,1.58,0.30,0
1789378394138516082,0.0,0.0,0.00,0.00,0
1789378394142001956,0.0,0.0,0.00,0.00,0
1789378395165566774,0.0,0.2,0.00,8.50,0
1789378395167842557,0.0,0.2,0.00,8.50,0
1789378396191979291,0.0,0.0,0.00,0.00,0
1789378396194027374,0.0,0.0,0.00,0.00,0
1789378397218705566,0.0,0.0,0.00,0.00,0
1789378397220152632,0.0,0.0,0.00,0.00,0
1789378398245153994,0.0,0.4,0.00,2.50,0
1789378398246551476,0.0,0.4,0.00,2.50,0
1789378399271342065,2184.6,0.0,2.32,0.00,11
1789378399273424666,2190.9,0.0,2.32,0.00,11
1789378400301468691,3298.7,0.1,1.66,7.50,4
1789378400305237009,3299.3,0.1,1.65,7.50,4
1789378401332519304,3226.1,0.0,1.92,0.00,10
1789378401336083671,3228.0,0.0,1.92,0.00,10
1789378402363093350,3197.1,0.0,1.81,0.00,12
1789378402366378322,3197.0,0.0,1.81,0.00,10
1789378403394385826,3196.8,0.3,1.56,0.37,48
1789378403397289881,3196.0,0.3,1.57,0.37,34
1789378404425119107,3312.3,0.0,1.96,0.00,7
1789378404427767677,3312.0,0.0,1.94,0.00,8
1789378405456004741,3187.0,0.1,1.87,5.50,12
1789378405458201829,3186.9,0.1,1.88,5.50,12
1789378406487158220,3193.0,0.0,1.77,0.00,11
1789378406489269952,3193.6,0.0,1.77,0.00,10
1789378407518272037,3319.5,0.0,1.67,0.00,4
1789378407519999589,3317.1,0.0,1.67,0.00,2
1789378408549317773,3171.1,0.3,1.95,1.67,9
1789378408551173478,3173.3,0.3,1.95,1.67,8
1789378409580389133,3082.9,0.0,2.45,0.00,11
1789378409581745121,3082.4,0.0,2.45,0.00,12
1789378410610948660,3267.8,0.2,1.61,2.50,1
1789378410612225597,3267.1,0.2,1.60,2.50,1
1789378411642084042,3205.1,0.0,1.96,0.00,7
1789378411643198168,3205.1,0.0,1.96,0.00,7
1789378412673443095,3189.4,0.0,1.82,0.00,13
1789378412674309055,3191.2,0.0,1.82,0.00,11
1789378413704319405,2706.4,0.4,14.46,1.50,70
1789378413705934324,2705.4,0.4,14.37,1.50,17
1789378414735232137,3147.3,0.0,1.93,0.00,12
1789378414736686515,3148.2,0.0,1.93,0.00,11
1789378415767084210,3159.0,0.1,1.83,2.00,12
1789378415768300809,3158.3,0.1,1.83,2.00,11
1789378416798603127,3331.2,0.0,1.67,0.00,4
1789378416799497664,3330.2,0.0,1.67,0.00,4
1789378417828913096,2084.6,0.0,1.65,0.00,0
1789378417830426491,2080.6,0.0,1.65,0.00,0
1789378418856078064,0.0,0.3,0.00,3.14,0
1789378418857700297,0.0,0.3,0.00,3.14,0
1789378419882991976,0.0,0.0,14.00,0.00,0
1789378419884512394,0.0,0.0,14.00,0.00,0
1789378420910286614,0.0,0.2,0.00,8.50,0
1789378420911747030,0.0,0.2,0.00,8.50,0
1789378421936779514,0.0,0.0,0.00,0.00,0
1789378421938660213,0.0,0.0,0.00,0.00,0
1789378422963691670,0.0,0.0,0.00,0.00,0
1789378422965731501,0.0,0.0,0.00,0.00,0
1789378423990834054,2430.1,0.4,2.27,0.48,10
1789378423993376516,2437.7,0.4,2.27,0.48,10
1789378425021123778,3233.7,0.0,1.58,0.00,0
1789378425023519902,3224.3,0.0,1.58,0.00,0
1789378426051348933,3296.8,0.1,1.97,14.00,8
1789378426054299612,3306.6,0.1,1.96,14.00,6
1789378427081934817,3216.8,0.0,1.85,0.00,10
1789378427084631566,3215.6,0.0,1.85,0.00,11
1789378428112971167,3197.3,0.0,1.78,0.00,10
1789378428115522234,3195.9,0.0,1.78,0.00,12
1789378429143904584,3306.5,0.3,1.66,1.57,1
1789378429146032945,3307.6,0.3,1.66,1.57,1
1789378430175264309,3193.6,0.1,1.95,8.00,9
1789378430177328023,3193.2,0.1,1.95,8.00,10
1789378431206334669,3187.3,0.0,1.79,0.00,11
1789378431208442740,3188.1,0.0,1.79,0.00,9
1789378432237351141,3227.3,0.0,1.59,0.00,0
1789378432239271914,3223.2,0.0,1.59,0.00,3
1789378433268008058,3280.7,0.0,1.93,0.00,8
1789378433270228881,3285.2,0.0,1.93,0.00,6
1789378434299486199,3067.3,0.4,2.49,2.05,11
1789378434301280724,3067.5,0.4,2.49,2.05,13
1789378435330099997,3176.6,0.2,1.68,6.50,26
1789378435331938770,3177.1,0.2,1.68,6.50,19
1789378436361393018,3284.4,0.0,1.83,0.00,8
1789378436363229985,3281.8,0.0,1.82,0.00,7
1789378437392183523,3200.5,0.0,1.90,0.00,10
1789378437394081286,3202.4,0.0,1.90,0.00,11
1789378438423330076,2686.2,0.0,13.91,0.00,3
1789378438425290752,2685.8,0.0,13.90,0.00,1
1789378439454137636,3158.2,0.4,1.97,2.12,11
1789378439455989095,3157.5,0.4,1.97,2.12,9
1789378440484857589,3164.2,0.1,1.82,7.00,11
1789378440486831506,3166.9,0.1,1.82,7.00,12
1789378441515958121,3261.8,0.0,1.57,0.00,2
1789378441518169712,3257.6,0.0,1.57,0.00,0
1789378442546509734,1896.4,0.0,1.77,0.00,0
1789378442548711318,1892.2,0.0,1.78,0.00,0
1789378443574224382,0.0,0.0,0.00,0.00,0
1789378443575453619,0.0,0.0,0.00,0.00,0
1789378444601501764,0.0,0.3,0.00,2.80,0
1789378444602735451,0.0,0.3,0.00,2.80,0
1789378445628936504,0.1,0.1,14.00,8.50,0
1789378445630317953,0.1,0.1,14.00,8.50,0
1789378446656081226,0.0,0.0,0.00,0.00,0
1789378446657865955,0.0,0.0,0.00,0.00,0
1789378447682915132,0.0,0.0,0.00,0.00,0
1789378447684956766,0.0,0.0,0.00,0.00,0
1789378448709941427,2694.4,0.0,2.25,0.00,12
1789378448711974075,2701.3,0.0,2.24,0.00,12
1789378449739372472,3202.1,0.3,1.77,0.64,13
1789378449741351834,3202.0,0.3,1.77,0.64,10
1789378450767391511,3311.9,0.2,1.69,6.50,5
1789378450768368338,3313.5,0.2,1.68,6.50,6
1789378451795983768,3208.7,0.0,1.91,0.00,10
1789378451796702144,3205.5,0.0,1.91,0.00,9
1789378452823937205,3195.5,0.0,1.78,0.00,12
1789378452826211216,3198.0,0.0,1.78,0.00,11
1789378453852779910,3250.2,0.0,1.59,0.00,2
1789378453854130568,3246.8,0.0,1.59,0.00,1
1789378454880814323,3246.3,0.4,1.97,1.65,8
1789378454884561461,3249.5,0.4,1.97,1.65,6
1789378455911372307,3185.1,0.1,1.82,2.00,10
1789378455915965666,3184.6,0.1,1.82,2.00,11
1789378456942635909,3191.4,0.0,1.72,0.00,17
1789378456946654854,3191.6,0.0,1.73,0.00,20
1789378457973857339,3311.3,0.0,1.74,0.00,7
1789378457977252651,3311.3,0.0,1.72,0.00,6
1789378459005158243,3076.4,0.0,2.60,0.00,12
1789378459007509780,3077.2,0.0,2.60,0.00,11
1789378460036428980,3165.1,0.3,1.78,0.63,11
1789378460038727227,3165.6,0.3,1.78,0.63,11
1789378461067204895,3278.0,0.1,1.69,7.00,7
1789378461070046356,3277.4,0.1,1.69,7.00,4
1789378462098051862,3210.8,0.0,1.94,0.00,9
1789378462100551144,3209.5,0.0,1.94,0.00,11
1789378463129045022,2620.6,0.0,14.29,0.00,2
1789378463131161847,2617.9,0.0,14.29,0.00,2
1789378464159256456,3214.8,0.0,2.00,5.33,6
1789378464162302073,3216.6,0.0,2.00,5.33,5
1789378465189450371,3156.1,0.6,1.86,0.18,11
1789378465192574343,3157.8,0.6,1.86,0.18,9
1789378466220920204,3222.8,0.0,1.71,0.00,24
1789378466223424456,3221.1,0.0,1.72,0.00,10
1789378467250837928,1772.8,0.0,1.52,0.00,0
1789378467254303840,1762.5,0.0,1.50,0.00,0
1789378468276834333,0.0,0.0,0.00,0.00,0
1789378468281401772,0.0,0.0,0.00,0.00,0
1789378469303513568,0.0,0.2,0.00,8.50,0
1789378469308243895,0.0,0.2,0.00,8.50,0
1789378470330388560,0.0,0.4,0.00,2.42,0
1789378470334630076,0.0,0.4,0.00,2.42,0
1789378471357092071,0.0,0.0,0.00,0.00,0
1789378471361693004,0.0,0.0,0.00,0.00,0
1789378472383060734,0.0,0.0,0.00,0.00,0
1789378472388504920,0.0,0.0,0.00,0.00,0
1789378473410100268,2845.6,0.0,2.21,0.00,12
1789378473416154902,2864.8,0.0,2.21,0.00,10
1789378474441429241,3197.1,0.1,1.76,7.50,10
1789378474447651962,3198.3,0.1,1.77,7.50,10
1789378475472671670,3287.5,0.4,1.61,0.68,2
1789378475478713917,3280.4,0.4,1.61,0.68,0
1789378476504529338,3235.3,0.0,1.95,0.00,6
1789378476509953689,3242.8,0.0,1.95,0.00,6
1789378477535714537,3202.2,0.0,1.80,0.00,11
1789378477540501535,3200.7,0.0,1.81,0.00,11
1789378478567124911,3191.5,0.0,1.70,0.00,29
1789378478571410695,3192.1,0.0,1.70,0.00,26
1789378479598572817,3303.8,0.2,1.80,4.50,6
1789378479601467580,3303.2,0.2,1.79,4.50,7
1789378480628423808,3187.6,0.4,1.89,1.58,12
1789378480631329669,3187.4,0.4,1.89,1.58,12
1789378481659301652,3195.0,0.0,1.77,0.00,11
1789378481662104470,3195.0,0.0,1.77,0.00,11
1789378482690733237,3299.5,0.0,1.61,0.00,3
1789378482693278362,3297.4,0.0,1.61,0.00,2
1789378483722383237,3104.4,0.0,2.57,0.00,10
1789378483723876183,3106.7,0.0,2.57,0.00,9
1789378484753432289,3168.9,0.2,1.78,10.00,12
1789378484754678711,3168.0,0.2,1.78,10.00,12
1789378485785111627,3227.0,0.4,1.59,0.34,2
1789378485786522164,3225.2,0.4,1.59,0.34,2
1789378486814803281,3249.8,0.0,1.99,0.00,6
1789378486817217570,3252.3,0.0,1.98,0.00,7
1789378487845553755,2564.7,0.0,14.19,0.00,25
1789378487848318673,2564.4,0.0,14.20,0.00,11
1789378488876308943,3288.9,0.0,1.81,0.00,8
1789378488878619564,3288.3,0.0,1.80,0.00,7
1789378489906674553,3149.0,0.1,1.98,12.50,9
1789378489909022797,3149.9,0.1,1.98,12.50,12
1789378490937015451,3226.0,0.4,1.77,0.21,12
1789378490939575883,3226.6,0.4,1.77,0.21,10
1789378491966958849,1537.6,0.0,1.32,0.00,0
1789378491969697246,1527.7,0.0,1.32,0.00,0
1789378492993883029,0.0,0.0,0.00,0.00,0
1789378492996317258,0.0,0.0,0.00,0.00,0
1789378494020870234,0.0,0.0,0.00,0.00,0
1789378494023080282,0.0,0.0,0.00,0.00,0
1789378495047804755,0.0,0.2,0.00,8.50,0
1789378495050295248,0.0,0.2,0.00,8.50,0
1789378496073982985,0.0,0.3,0.00,2.67,0
1789378496077858188,0.0,0.3,0.00,2.67,0
1789378497101061528,0.0,0.0,0.00,0.00,0
1789378497105287493,0.0,0.0,0.00,0.00,0
1789378498129824728,3206.7,0.0,2.12,0.00,6
1789378498133520719,3220.9,0.0,2.12,0.00,8
1789378499162218055,3198.5,0.1,1.83,7.50,12
1789378499165905909,3197.7,0.1,1.84,7.50,11
1789378500193777136,3222.7,0.0,1.75,0.00,23
1789378500197311102,3223.0,0.0,1.75,0.00,15
1789378501225462505,3325.0,0.3,1.70,1.41,7
1789378501228685903,3324.6,0.3,1.70,1.41,7
1789378502255078819,3206.2,0.0,1.92,0.00,10
1789378502258465778,3204.5,0.0,1.92,0.00,9
1789378503285319390,3192.3,0.0,1.78,0.00,11
1789378503288983347,3194.9,0.0,1.78,0.00,10
1789378504314455161,3254.1,0.2,1.58,7.00,2
1789378504319622634,3245.1,0.2,1.58,7.00,2
1789378505345067049,3272.6,0.0,1.94,0.00,8
1789378505350299952,3281.8,0.0,1.94,0.00,7
1789378506376113171,3188.9,0.6,1.86,0.06,11
1789378506380368063,3188.1,0.6,1.86,0.06,12
1789378507407414161,3193.3,0.0,1.76,0.00,11
1789378507411030663,3193.0,0.0,1.76,0.00,25
1789378508438431279,3199.5,0.0,2.24,0.00,8
1789378508441590696,3199.9,0.0,2.23,0.00,8
1789378509468756720,3184.7,0.2,1.88,6.00,12
1789378509471727934,3185.4,0.2,1.88,6.00,10
1789378510498564113,3200.0,0.0,1.78,0.00,10
1789378510501487433,3196.9,0.0,1.78,0.00,12
1789378511528942088,3284.5,0.4,1.66,1.50,1
1789378511531957140,3284.2,0.4,1.65,1.50,3
1789378512559604076,2686.0,0.0,11.47,0.00,12
1789378512562667349,2688.3,0.0,11.47,0.00,10
1789378513589766844,3205.3,0.0,1.70,0.00,29
1789378513593251659,3205.4,0.0,1.71,0.00,19
1789378514620403963,3296.2,0.1,1.86,6.00,6
1789378514623945023,3295.1,0.1,1.85,6.00,8
1789378515651336335,3224.9,0.0,1.90,0.00,10
1789378515654589165,3225.1,0.0,1.90,0.00,7
1789378516680319819,934.9,0.4,1.01,2.70,0
1789378516684133192,924.4,0.4,1.00,2.70,0
1789378517706996432,0.0,0.0,14.00,0.00,0
1789378517710148831,0.0,0.0,14.00,0.00,0
1789378518734244568,0.0,0.0,0.00,0.00,0
1789378518736776446,0.0,0.0,0.00,0.00,0
1789378519760559062,0.0,0.1,0.00,8.50,0
1789378519763320928,0.0,0.1,0.00,8.50,0
1789378520787295213,0.0,0.0,0.00,0.00,0
1789378520790182320,0.0,0.0,0.00,0.00,0
1789378521814510178,509.7,0.3,3.30,3.14,12
1789378521817346244,520.3,0.3,3.27,3.14,11
1789378522843556324,3258.7,0.0,1.56,0.00,0
1789378522845985153,3253.0,0.0,1.56,0.00,0
1789378523873300925,3298.9,0.0,1.94,0.00,8
1789378523875983688,3304.4,0.0,1.94,0.00,6
1789378524902962546,3221.1,0.2,1.86,16.00,11
1789378524906334563,3220.2,0.2,1.87,16.00,9
1789378525933375106,3214.4,0.0,1.78,0.00,11
1789378525936676638,3215.3,0.0,1.78,0.00,10
1789378526963943823,3302.9,0.4,1.67,0.21,2
1789378526967281684,3301.2,0.4,1.66,0.21,2
1789378527994351393,3210.4,0.0,1.94,0.00,9
1789378527997991912,3211.6,0.0,1.95,0.00,10
1789378529025346211,3194.0,0.0,1.78,0.00,10
1789378529028281614,3194.4,0.0,1.78,0.00,10
1789378530056122306,3206.1,0.2,1.57,8.00,0
1789378530058740967,3196.3,0.2,1.57,8.00,0
1789378531086572268,3296.5,0.0,1.95,0.00,7
1789378531089175882,3305.2,0.0,1.95,0.00,7
1789378532116989155,3082.6,0.4,2.56,2.80,12
1789378532120060878,3083.2,0.4,2.56,2.80,11
1789378533147696982,3176.9,0.0,1.70,0.00,19
1789378533150111833,3176.7,0.0,1.71,0.00,32
1789378534178135599,3297.0,0.2,1.77,6.50,6
1789378534180634770,3297.2,0.2,1.76,6.50,7
1789378535209034233,3203.1,0.0,1.90,0.00,6
1789378535211712231,3202.5,0.0,1.90,0.00,9
1789378536238659524,2934.1,0.0,6.71,0.00,195
1789378536242171018,2926.8,0.0,6.82,0.00,183
1789378537269493078,2939.2,0.4,8.88,1.42,10
1789378537273129898,2947.3,0.4,8.79,1.42,10
1789378538300221590,3201.3,0.0,1.81,0.00,10
1789378538303590052,3199.7,0.0,1.81,0.00,11
1789378539330207743,3200.3,0.1,1.62,7.00,17
1789378539335680657,3202.1,0.1,1.64,7.00,49
1789378540360659214,3340.6,0.0,1.89,0.00,8
1789378540366359888,3341.2,0.0,1.87,0.00,7
1789378541390982152,398.1,0.0,0.68,0.00,0
1789378541396938296,379.9,0.0,0.66,0.00,0
1789378542421130108,0.0,0.3,0.00,2.97,0
1789378542427533042,0.0,0.3,0.00,2.97,0
1789378543451151588,0.0,0.0,0.00,0.00,0
1789378543458615185,0.0,0.0,0.00,0.00,0
1789378544481611707,0.0,0.1,0.00,10.00,0
1789378544489032841,0.0,0.1,0.00,10.00,0
1789378545511690514,0.0,0.0,0.00,0.00,0
1789378545519260473,0.0,0.0,0.00,0.00,0
1789378546541901759,0.0,32.1,0.00,0.61,0
1789378546549481255,0.0,32.1,0.00,0.61,0
1789378547571040840,0.0,0.4,0.00,2.68,0
1789378547578660283,0.0,0.4,0.00,2.68,0
1789378548600314309,0.0,0.0,0.00,0.00,0
1789378548609148348,0.0,0.0,0.00,0.00,0
1789378549629644467,0.0,0.2,0.00,9.50,0
1789378549638735133,0.0,0.2,0.00,9.50,0
1789378550659747399,0.0,0.0,0.00,0.00,0
1789378550669178562,0.0,0.0,0.00,0.00,0
1789378551690116622,0.0,0.0,0.00,0.00,0
1789378551698685944,0.0,0.0,0.00,0.00,0
1789378552720022671,0.0,0.4,14.00,0.29,0
1789378552728004697,0.0,0.4,14.00,0.29,0
1789378553750382110,0.0,0.0,0.00,0.00,0
1789378553757596281,0.0,0.0,0.00,0.00,0
1789378554780509710,0.0,0.1,0.00,9.00,0
1789378554787525338,0.0,0.1,0.00,9.00,0
1789378555810772591,0.0,0.0,0.00,0.00,0
1789378555817356822,0.0,0.0,0.00,0.00,0
1789378556838839802,1.5,0.0,0.26,0.00,0
1789378557832466906,28.6,0.0,0.09,0.00,0
