wall_ns,MemAvailable_kB,Dirty_kB,Writeback_kB,Shmem_kB,Mlocked_kB
1789376222110826370,126204348,644,0,1648,0
1789376222154421467,126203340,644,0,1648,0
1789376223137498090,126208704,676,0,1648,0
1789376223180373957,126206688,684,0,1648,0
1789376224164407961,126150296,724,0,1648,0
1789376224206743040,126149544,724,0,1648,0
1789376225189018721,126123584,780,0,1648,0
1789376225233604110,126121568,780,0,1648,0
1789376226215730420,126114224,848,0,1648,0
1789376226261140131,126114224,848,0,1648,0
1789376227245342475,126102256,936,0,1648,0
1789376227290610198,126099200,936,0,1648,0
1789376228273638754,126079092,996,0,1648,0
1789376228319054526,126079600,996,0,1648,0
1789376229303293874,125978288,1032,0,1648,0
1789376229348624181,125978288,1032,0,1648,0
1789376230331624498,125502704,1080,0,1648,0
1789376230377465955,125491112,1080,0,1648,0
1789376231359398054,125211700,1120,0,11888,0
1789376231406083690,125210692,1120,0,11888,0
1789376232386748410,125490800,0,0,278128,0
1789376232434482039,125490808,0,0,278128,0
1789376233414149064,123284328,160,0,278128,0
1789376233461458985,122957232,160,0,278128,0
1789376234443402734,119277776,200,0,278140,0
1789376234489694208,118957736,200,0,278140,0
1789376235472674551,115070192,256,0,278128,0
1789376235517744223,114841376,256,0,278128,0
1789376236502342552,110881956,288,0,278128,0
1789376236546308214,110786700,288,0,278128,0
1789376237531573310,106877072,0,84,278128,0
1789376237575452386,106729400,0,84,278128,0
1789376238560811032,102672220,272,0,278128,0
1789376238605144957,102652564,280,0,278128,0
1789376239589736298,98632208,324,0,278128,0
1789376239634122475,98616592,324,0,278128,0
1789376240618364583,94561144,360,0,278128,0
1789376240662255625,94547284,376,0,278128,0
1789376241647296718,90507576,448,0,278128,0
1789376241691201533,90382584,448,0,278128,0
1789376242679387103,86426408,0,204,278128,0
1789376242720574611,86271976,0,0,278128,0
1789376243709211267,82228552,156,0,278128,0
1789376243749967864,82054452,156,0,278128,0
1789376244739007187,78177156,200,0,278128,0
1789376244779257450,77917120,200,0,278128,0
1789376245769016415,73957540,240,0,278128,0
1789376245808032119,73702824,240,0,278128,0
1789376246798098476,69741944,272,0,278128,0
1789376246834999856,69485416,272,0,278128,0
1789376247826989994,65763504,16,72,278128,0
1789376247863961927,65506968,16,72,278128,0
1789376248856225506,61560888,112,0,278128,0
1789376248893211030,61302848,112,0,278128,0
1789376249885757722,58552080,212,0,278128,0
1789376249921070543,58547556,212,0,278128,0
1789376250907283025,58109372,260,0,278132,0
1789376250948572710,58040384,260,0,278132,0
1789376251937262229,56172988,640,0,278132,0
1789376251978850247,56090096,640,0,278132,0
1789376252966379191,54086244,4,0,278132,0
1789376253008429562,54002076,4,0,278132,0
1789376253995734050,51962920,164,0,278132,0
1789376254037730312,51877240,164,0,278132,0
1789376255025556455,49806668,216,0,278132,0
1789376255067310737,49718740,216,0,278132,0
1789376256055009978,48952968,2026300,0,278132,0
1789376256095647024,48957064,2173468,0,278132,0
1789376257078263874,48952236,5379392,10580,278132,0
1789376257118838008,48950992,5478680,9564,278132,0
1789376258095339204,48949240,7347876,14372,278132,0
1789376258135539083,48946420,7366736,12356,278132,0
1789376259129290019,55746936,6382636,9312,277724,0
1789376259155987092,56266056,6320140,13960,277724,0
1789376260183748700,58707044,5157044,0,277724,0
1789376260191378751,58711892,5157044,0,277724,0
1789376261214763070,57295096,5157924,0,277724,0
1789376261222086506,57287564,5157924,0,277724,0
1789376262244165109,55349272,5157968,0,277724,0
1789376262250712707,55336168,5157968,0,277724,0
1789376263272917375,53295048,5157992,0,277724,0
1789376263279391880,53280688,5157992,0,277724,0
1789376264302374306,51333948,5158048,0,277724,0
1789376264308296324,51323100,5158048,0,277724,0
1789376265329347905,50608084,4756716,8192,277724,0
1789376265337421693,50609692,4748652,8192,277724,0
1789376266361812143,50416032,4193984,7900,277724,0
1789376266368753106,50416048,4185792,13572,277724,0
1789376267394675506,50237840,3655140,8020,277724,0
1789376267402022747,50237124,3647076,7892,277724,0
1789376268427588935,50062652,3094192,8508,277724,0
1789376268435087795,50059380,3089656,13044,277724,0
1789376269460733858,49872680,2514692,14096,277724,0
1789376269466411513,49870916,2512676,8048,277724,0
1789376270493352851,49680248,1972004,7952,277724,0
1789376270497745025,49678232,1972004,7952,277724,0
1789376271525496472,49514332,1413508,5316,277724,0
1789376271528684021,49512820,1413508,5316,277724,0
1789376272554943269,49443676,2466376,33896,277724,0
1789376272557511822,49445188,2471920,35912,277724,0
1789376273569681886,49430056,5264688,10548,277724,0
1789376273572221652,49431064,5270736,12060,277724,0
1789376274588334810,49429384,7527360,81004,277724,0
1789376274587037724,49428632,7528368,81004,277724,0
1789376275613037746,49420180,7871620,151808,277724,0
1789376275614996922,49420180,7872124,151808,277724,0
1789376276645000010,58390140,7534868,289312,277724,0
1789376276645629110,58395180,7534364,289816,277724,0
1789376277672545597,58646328,7203348,10632,277724,0
1789376277673623470,58643520,7202844,4584,277724,0
1789376278699832430,58472188,6648668,10476,277724,0
1789376278701738309,58471684,6647156,11988,277724,0
1789376279730651611,58309480,6119644,5756,277724,0
1789376279732579689,58307720,6119644,5756,277724,0
1789376280761355486,58106120,5617816,13856,277724,0
1789376280763402805,58105848,5615296,16376,277724,0
1789376281792122878,56500388,5524444,0,277724,0
1789376281794155196,56496356,5524444,0,277724,0
1789376282821241482,54412476,5524496,0,277724,0
1789376282822304329,54409452,5524496,0,277724,0
1789376283849484444,52499764,5524544,0,277724,0
1789376283850467697,52497244,5524544,0,277724,0
1789376284878806561,50557568,5524588,0,277724,0
1789376284879061523,50557040,5524588,0,277724,0
1789376285913992233,49080656,5524664,0,277724,0
1789376285913695376,49080656,5524664,0,277724,0
1789376286984133874,55504648,4947360,323552,277724,0
1789376286986213526,55545976,4947360,323552,277724,0
1789376288012677737,58627948,4703784,3816,277724,0
1789376288014568702,58627948,4701972,5628,277724,0
1789376289044162558,58385204,4174520,8696,277724,0
1789376289045321221,58384700,4173008,10208,277724,0
1789376290076250306,58174864,3602012,5560,277724,0
1789376290077684739,58173856,3601608,5964,277724,0
1789376291108405704,58002696,3036652,10636,277724,0
1789376291109585451,58002192,3036652,5596,277724,0
1789376292140761353,57841716,2483076,3400,277724,0
1789376292141656170,57841212,2483076,3400,277724,0
1789376293172313280,57675180,1928976,4588,277724,0
1789376293173579536,57674172,1928472,5092,277724,0
1789376294204315780,57482884,1405416,10052,277724,0
1789376294205510586,57482884,1405416,3500,277724,0
1789376295236435902,57250488,894896,8616,277724,0
1789376295237649856,57250720,892376,11136,277724,0
1789376296268880574,57034488,344172,7744,277724,0
1789376296269510591,57034552,344172,2704,277724,0
1789376297300394173,56330668,704,0,277724,0
1789376297301459064,56328652,704,0,277724,0
1789376298329816254,54228564,728,0,277724,0
1789376298329986342,54228060,728,0,277724,0
1789376299357370162,52306364,780,0,277724,0
1789376299358936777,52302836,780,0,277724,0
1789376300387567706,50394456,876,0,277724,0
1789376300386579420,50394456,876,0,277724,0
1789376301414016374,49399476,602700,0,277724,0
1789376301414094106,49399476,602700,0,277724,0
1789376302432528195,49399520,3345648,0,277724,0
1789376302432445030,49400024,3345648,0,277724,0
1789376303451856330,49367324,6334404,34920,277724,0
1789376303451851088,49367324,6334404,34920,277724,0
1789376304470575345,49378352,7259912,490324,277724,0
1789376304471080795,49381376,7259912,490324,277724,0
1789376305501422787,55819356,7145876,677348,277724,0
1789376305501850612,55845060,7145876,672812,277724,0
1789376307584163139,58461020,6566620,12160,277724,0
1789376307585277468,58461020,6566620,10144,277724,0
1789376308616323977,58231180,5987576,7768,277724,0
1789376308617723318,58229924,5987576,7768,277724,0
1789376309647042797,57868160,5563272,0,277724,0
1789376309648501780,57865640,5563272,0,277724,0
1789376310675414659,55835020,5563104,0,277724,0
1789376310676885552,55831996,5563104,0,277724,0
1789376311704023477,53799440,5563140,0,277724,0
1789376311705373464,53797280,5563140,0,277724,0
1789376312733003819,52521612,5563300,0,277724,0
1789376312733569728,52521108,5563300,0,277724,0
1789376313762478435,52467012,7820292,151552,277724,0
1789376313763301299,52465904,7820796,151552,277724,0
1789376314790045869,52425872,8031716,405624,277724,0
1789376314790072221,52425872,8031716,405624,277724,0
1789376315806717440,52435432,8549660,172324,277724,0
1789376315807039854,52435432,8550668,172324,277724,0
1789376316837820412,57744608,8570028,13068,277724,0
1789376316840225524,57744608,8569020,14076,277724,0
1789376317867520512,57561648,8020528,6636,277724,0
1789376317870096287,57560136,8019520,7644,277724,0
1789376318898793674,57365536,7405844,8320,277724,0
1789376318901103557,57364820,7405844,8320,277724,0
1789376319930009474,57165172,6856612,4508,277724,0
1789376319931857165,57164668,6852928,8192,277724,0
1789376320961758682,56967960,6296368,5832,277724,0
1789376320963382186,56967960,6296368,5832,277724,0
1789376321992982536,56769232,5739220,8192,277724,0
1789376321994381413,56769232,5737708,9704,277724,0
1789376323024308827,56358836,5309168,0,277724,0
1789376323025614768,56356820,5309168,0,277724,0
1789376324053247596,55096008,5309216,0,277724,0
1789376324053244679,55096008,5309216,0,277724,0
1789376325082611402,53797468,5309268,0,277724,0
1789376325082645891,53793436,5309268,0,277724,0
1789376326108038338,52508556,5309308,0,277724,0
1789376326110046575,52507044,5309308,0,277724,0
1789376327135908692,51220632,5309368,0,277724,0
1789376327137623971,51218616,5309368,0,277724,0
1789376328165155403,50305952,5148252,5516,277724,0
1789376328166634106,50305952,5148252,5516,277724,0
1789376329196436567,49507916,4760580,0,277724,0
1789376329198196850,49503380,4760580,0,277724,0
1789376330224029936,49322656,5681316,29704,277724,0
1789376330225373266,49322656,5682828,31216,277724,0
1789376331240219698,49338676,6922536,753784,277724,0
1789376331241422077,49338676,6922536,753784,277724,0
1789376332268813742,49337748,7959600,131072,277724,0
1789376332268049059,49338252,7961112,131072,277724,0
1789376333298614008,49341500,8371992,11144,277724,0
1789376333299194018,49340492,8371488,11648,277724,0
1789376334328029176,49338628,7707992,567288,277724,0
1789376334328736341,49340084,7706984,568296,277724,0
1789376335624811564,49329140,8408212,423916,277724,0
1789376335624669706,49328132,8408212,423916,277724,0
1789376336656404862,49324724,8771372,180224,277724,0
1789376336657205798,49324220,8771372,180224,277724,0
1789376337693954326,49324072,8670420,361912,277724,0
1789376337696782485,49318524,8672436,353848,277724,0
1789376338726211887,49324380,8989752,6048,277724,0
1789376338728562669,49322668,8989288,7560,277724,0
1789376339756829554,58573656,8466892,4576,277724,0
1789376339758157773,58574132,8465884,5584,277724,0
1789376340785804113,58364388,7918728,7872,277724,0
1789376340787070956,58363884,7918728,7872,277724,0
1789376341816547426,58178756,7409068,7912,277724,0
1789376341818129425,58177748,7409068,7912,277724,0
1789376342848524156,57977984,6925468,3420,277724,0
1789376342849711617,57977480,6923956,3924,277724,0
1789376343880380617,57772220,6448036,6996,277724,0
1789376343881902576,57771716,6447028,8004,277724,0
1789376344912138358,57547416,5982728,7184,277724,0
1789376344913851993,57545916,5981344,8192,277724,0
1789376345943734218,57357200,5505216,5132,277724,0
1789376345945321144,57356696,5504420,5928,277724,0
1789376346975286837,55842464,5406452,0,277724,0
1789376346976570054,55840952,5406452,0,277724,0
1789376348004668918,53794004,5406496,0,277724,0
1789376348004935336,53792964,5406496,0,277724,0
1789376349033695870,51906172,5406532,0,277724,0
1789376349034076641,51906172,5406532,0,277724,0
1789376350063308391,50101376,5406580,0,277724,0
1789376350063485869,50100856,5406580,0,277724,0
1789376351102479223,48899460,5406620,0,277724,0
1789376351102479413,48899460,5406620,0,277724,0
1789376352168682536,56402656,4717284,419032,277724,0
1789376352187823022,56686180,4717284,410840,277724,0
1789376353197971967,58484960,4626412,8192,277724,0
1789376353216188105,58481992,4618432,7980,277724,0
1789376354229893847,58296668,4152760,6608,277724,0
1789376354247953809,58293468,4143688,7616,277724,0
1789376355262406565,58094316,3689756,8696,277724,0
1789376355279261362,58089276,3678716,11544,277724,0
1789376356295314657,57892260,3236036,3956,277724,0
1789376356310734086,57889236,3231500,1436,277724,0
1789376357327938363,57684248,2778100,7768,277724,0
1789376357341696173,57682252,2770036,7768,277724,0
1789376358359832999,57485324,2321148,5768,277724,0
1789376358372854345,57481816,2318780,1808,277724,0
1789376359392580290,57270004,1883044,6416,277724,0
1789376359404494088,57267504,1879012,1880,277724,0
1789376360424672470,57032724,1450496,680,277724,0
1789376360435526445,57028204,1443944,6512,277724,0
1789376361457902208,56830332,1008348,4512,277724,0
1789376361466563902,56827308,1004820,7536,277724,0
1789376362489523805,56651424,641904,2676,277724,0
1789376362497432724,56649912,636864,7716,277724,0
1789376363521970197,56459292,217656,7116,277724,0
1789376363529111656,56456504,213120,11652,277724,0
1789376364553598203,55833480,1588,272,277724,0
1789376364560080345,55822392,1588,272,277724,0
1789376365582745445,53780056,1612,0,277724,0
1789376365589172002,53766200,1612,0,277724,0
1789376366661872829,52368544,1652,0,277724,0
1789376366662986664,52364368,1652,0,277724,0
1789376367685952987,50555168,1968,0,277724,0
1789376367690361070,50547360,1968,0,277724,0
1789376368728306839,49379912,2016,0,277724,0
1789376368728301070,49379912,2016,0,277724,0
1789376369868414129,58603224,2052,0,277724,0
1789376369868484061,58603224,2052,0,277724,0
1789376370898477790,56775516,2112,0,277724,0
1789376370898534047,56775516,2112,0,277724,0
1789376371926909965,54846160,2148,0,277724,0
1789376371927608777,54844648,2148,0,277724,0
1789376372954968942,52828936,2196,0,277724,0
1789376372956189520,52827928,2196,0,277724,0
1789376373984322967,51338536,2236,0,277724,0
1789376373984126386,51336272,2236,0,277724,0
1789376375011701431,49622384,1872,0,277724,0
1789376375012127416,49621128,1872,0,277724,0
1789376376054476878,49054932,1920,0,277724,0
1789376376054476498,49054932,1920,0,277724,0
1789376377146824579,58232456,1968,0,277724,0
1789376377146541577,58231952,1968,0,277724,0
1789376378175340515,56308880,2020,0,277724,0
1789376378176229201,56307368,2020,0,277724,0
1789376379204682366,54237056,2064,0,277724,0
1789376379204954261,54236048,2064,0,277724,0
1789376380283188117,52359520,2108,0,277724,0
1789376380300592401,52352148,2108,0,277724,0
1789376381320973692,50583304,2152,0,277724,0
1789376381325396313,50573224,2152,0,277724,0
1789376382366288193,49122156,2196,0,277724,0
1789376382366289883,49122156,2196,0,277724,0
1789376383454139681,54737892,2232,0,277724,0
1789376383454129602,54737388,2232,0,277724,0
1789376384482267519,57321780,2272,0,277724,0
1789376384482842896,57320772,2272,0,277724,0
1789376385511854504,55335032,1920,0,277724,0
1789376385511674639,55335536,1920,0,277724,0
1789376386539875441,53313332,1976,0,277724,0
1789376386540253267,53312828,1976,0,277724,0
1789376387568491479,51464120,2028,0,277724,0
1789376387569315949,51462608,2028,0,277724,0
1789376388596719744,49609628,2068,0,277724,0
1789376388597156748,49609068,2068,0,277724,0
1789376389634671402,49053304,2124,0,277724,0
1789376389634673295,49053304,2124,0,277724,0
1789376390655155193,58438124,1592,0,277724,0
1789376390655240947,58437612,1592,0,277724,0
1789376391685126248,56524796,1660,0,277724,0
1789376391685160924,56524292,1660,0,277724,0
1789376392714344034,54452032,1780,0,277724,0
1789376392714402442,54452032,1780,0,277724,0
1789376393742527205,52523504,1848,0,277724,0
1789376393743025187,52522496,1848,0,277724,0
1789376394771617614,50679100,1884,0,277724,0
1789376394771420520,50679100,1884,0,277724,0
1789376395817387019,49398876,916,0,277724,0
1789376395817387255,49398876,916,0,277724,0
1789376396957816551,58117076,664,0,277724,0
1789376396957797517,58121580,664,0,277724,0
1789376397986376375,56974992,696,0,277724,0
1789376397986602531,56974992,696,0,277724,0
1789376399016044710,54954328,744,0,277724,0
1789376399016028842,54954328,744,0,277724,0
1789376400045955329,52978008,276,0,277724,0
1789376400045955219,52978008,276,0,277724,0
1789376401076137952,51069388,136,0,277724,0
1789376401076267517,51068868,136,0,277724,0
1789376402104410621,49298288,217392,0,277724,0
1789376402105810408,49297960,235536,0,277724,0
1789376403126662709,49389748,3659892,0,277724,0
1789376403127311330,49388236,3660900,0,277724,0
1789376404141522406,49373560,6639708,884,277724,0
1789376404141522233,49373560,6639708,884,277724,0
1789376405159303481,49385160,7713812,7592,277724,0
1789376405159206335,49385160,7714316,8096,277724,0
1789376406181485818,58676052,6832856,15888,277724,0
1789376406181378975,58675044,6832856,15888,277724,0
1789376407210181821,58518360,6263244,5428,277724,0
1789376407210927662,58518360,6263244,5428,277724,0
1789376408242373552,58330064,5812408,5384,277724,0
1789376408243255931,58329560,5812408,5384,277724,0
1789376409273406667,57565024,5551572,0,277724,0
1789376409274926086,57563008,5551572,0,277724,0
1789376410302440096,55513148,5551612,0,277724,0
1789376410303137958,55512140,5551612,0,277724,0
1789376411332221031,53468248,5551656,0,277724,0
1789376411332268275,53468240,5551656,0,277724,0
1789376412362401279,51640044,5551884,0,277724,0
1789376412362557012,51640540,5551884,0,277724,0
1789376413392331327,49726052,5551928,0,277724,0
1789376413392408124,49724740,5551928,0,277724,0
1789376414418934308,49049016,7343696,8216,277724,0
1789376414419361467,49048512,7343696,8216,277724,0
1789376415433150813,49033352,8018576,13352,277724,0
1789376415433601748,49033856,8021096,13856,277724,0
1789376416462945259,49030724,8372396,8192,277724,0
1789376416463699082,49030220,8372396,8192,277724,0
1789376417493206091,49022628,8655028,3652,277724,0
1789376417494298580,49023636,8654020,4660,277724,0
1789376418525652683,49024880,8846540,8532,277724,0
1789376418526614204,49024376,8849060,8532,277724,0
1789376419556350238,49017384,8933008,78824,277724,0
1789376419557178893,49016844,8933008,78824,277724,0
1789376420586671996,49010980,9095764,14548,277724,0
1789376420586862740,49010980,9095764,14548,277724,0
1789376421618256681,49015808,9092176,51536,277724,0
1789376421619104634,49015808,9091672,52040,277724,0
1789376422650067583,49014432,9115800,24576,277724,0
1789376422650976632,49012920,9116304,24576,277724,0
1789376423681425278,49015928,9089848,9464,277724,0
1789376423682351708,49015932,9088900,10472,277724,0
1789376424711067830,49006232,9097064,6844,277724,0
1789376424712976886,49005728,9097064,6844,277724,0
1789376425743761895,49011372,9080788,6588,277724,0
1789376425744709925,49010868,9077764,9612,277724,0
1789376426775555730,49005576,9045668,31540,277724,0
1789376426776546348,49005576,9046172,31540,277724,0
1789376427817939409,51322984,8947244,14092,277724,0
1789376427819040294,51333568,8946236,15100,277724,0
1789376428845851615,58631256,8518068,15392,277724,0
1789376428847060688,58626688,8518068,15392,277724,0
1789376429873846037,58622556,8091856,9584,277724,0
1789376429875517570,58622556,8088832,12608,277724,0
1789376430902173656,58616052,7647376,6876,277724,0
1789376430904000977,58616052,7646368,7884,277724,0
1789376431929415742,58610072,7213796,5088,277724,0
1789376431931085199,58610072,7213796,5088,277724,0
1789376432957658517,58601780,6749940,40960,277724,0
1789376432959637627,58601780,6749940,40960,277724,0
1789376433984876169,58595868,6347828,4860,277724,0
1789376433987094022,58595868,6347828,4860,277724,0
1789376435012409080,58589284,5910384,2272,277724,0
1789376435014714615,58588780,5906856,5800,277724,0
1789376436040554880,58584416,5752704,0,277724,0
1789376436042640742,58584416,5752704,0,277724,0
1789376437067495381,58581468,5753064,0,277724,0
1789376437069515847,58581468,5753064,0,277724,0
1789376438094093754,58575492,5753116,0,277724,0
1789376438097171853,58574988,5753116,0,277724,0
1789376439121209808,58571584,5857220,1888,277724,0
1789376439124013603,58572088,5857724,5920,277724,0
1789376440149749196,58569756,5526064,12096,277724,0
1789376440150583054,58569756,5526064,12096,277724,0
1789376441180168949,58566492,5096920,7112,277724,0
1789376441181632093,58566492,5096920,7112,277724,0
1789376442210678384,58563484,4661644,4088,277724,0
1789376442212358976,58563484,4659628,2576,277724,0
1789376443241727113,58561800,4230204,1560,277724,0
1789376443243271106,58561800,4230204,1056,277724,0
1789376444273119128,58562912,3965924,3096,277724,0
1789376444274206526,58563416,3965924,3096,277724,0
1789376445303630880,58564120,3546472,7832,277724,0
1789376445304657146,58564120,3546472,3296,277724,0
1789376446334684282,58564940,3120956,7408,277724,0
1789376446336085836,58564940,3120452,7912,277724,0
1789376447365203666,58567688,2686584,1008,277724,0
1789376447367158921,58567688,2685024,2064,277724,0
1789376448396079816,58566076,2249848,4796,277724,0
1789376448397699677,58566064,2249848,4796,277724,0
1789376449426987319,58564020,1822392,8136,277724,0
1789376449428723577,58564020,1822392,8136,277724,0
1789376450458113851,58562868,1410108,556,277724,0
1789376450459890597,58562868,1404564,6100,277724,0
1789376451489630024,58561656,1064356,2944,277724,0
1789376451491020039,58561656,1060324,4960,277724,0
1789376452521226792,58561828,667948,408,277724,0
1789376452522679483,58561324,667948,408,277724,0
1789376453552792530,58557220,1995068,0,277724,0
1789376453553784646,58557220,1995068,0,277724,0
1789376454582790873,58549356,3322228,0,277724,0
1789376454582553951,58549356,3322228,0,277724,0
1789376455612399978,58545284,4649360,0,277724,0
1789376455612448584,58545284,4649360,0,277724,0
1789376456641198794,58542300,5886280,2336,277724,0
1789376456641544315,58542300,5886280,2336,277724,0
1789376457669391592,58542928,5815416,2416,277724,0
1789376457669654239,58542928,5816928,2416,277724,0
1789376458697782144,58543804,5681900,0,277724,0
1789376458698496206,58544308,5681900,0,277724,0
1789376459729015684,58539488,5992968,4180,277724,0
1789376459730272963,58539488,5994672,5432,277724,0
1789376460757728963,58538028,5833340,8228,277724,0
1789376460759067940,58538028,5833340,8228,277724,0
1789376461788763577,58533524,6173676,8680,277724,0
1789376461790740715,58534024,6173548,8196,277724,0
1789376462819960087,58532128,5700612,15900,277724,0
1789376462821753620,58532128,5700612,15900,277724,0
1789376463850959700,58528696,5845924,2556,277724,0
1789376463853321306,58528696,5843852,4572,277724,0
1789376464882249953,58527872,5391428,4428,277724,0
1789376464884264708,58527872,5391428,4428,277724,0
1789376465913728885,58525324,4978324,6808,277724,0
1789376465915471048,58525576,4975180,3104,277724,0
1789376466944856473,58526252,4754628,8712,277724,0
1789376466946429443,58526252,4752612,10224,277724,0
1789376467976186841,58526472,4323836,4108,277724,0
1789376467977371618,58526460,4323836,2060,277724,0
1789376469006671596,58525672,3800224,7684,277724,0
1789376469008432330,58525672,3800224,7684,277724,0
1789376470037854723,58524096,3253464,8180,277724,0
1789376470039496267,58524096,3253464,8180,277724,0
1789376471067845707,58523772,2704668,16352,277724,0
1789376471069944451,58523268,2704668,16352,277724,0
1789376472098682821,58529048,3686992,0,277724,0
1789376472099321534,58528544,3688504,0,277724,0
1789376473126478040,58529652,4987928,0,277724,0
1789376473126979353,58529652,4989440,0,277724,0
1789376474154931342,58552460,5642268,16668,277724,0
1789376474156013768,58551956,5642268,16668,277724,0
1789376475185203429,58549636,5675552,78280,277724,0
1789376475186539525,58549168,5675552,78280,277724,0
1789376476215050536,58543820,5605592,0,277724,0
1789376476216456663,58542848,5605592,0,277724,0
1789376477244378557,58534808,5817540,52544,277724,0
1789376477245357241,58534808,5817540,52544,277724,0
1789376478275177517,58544652,6191648,4068,277724,0
1789376478276077414,58544652,6191648,4068,277724,0
1789376479303545156,58537060,5737032,0,277724,0
1789376479304620547,58537060,5737032,0,277724,0
1789376480334915062,58539100,5825144,16956,277724,0
1789376480336016214,58538596,5825144,16956,277724,0
1789376481366222946,58531888,5301200,81624,277724,0
1789376481367429510,58532392,5299688,83136,277724,0
1789376482397078024,58534084,5131104,114996,277724,0
1789376482398730212,58534084,5131104,114996,277724,0
1789376483427906222,58527676,4739776,2468,277724,0
1789376483430157188,58527676,4739776,2468,277724,0
1789376484459261500,58521252,4389624,8196,277724,0
1789376484461138128,58521756,4387104,10716,277724,0
1789376485490490711,58522312,3934836,80092,277724,0
1789376485492667302,58522312,3927780,87148,277724,0
1789376486521351729,58520092,3521720,1960,277724,0
1789376486523483351,58519084,3520208,1456,277724,0
1789376487553086635,58521952,3058832,3280,277724,0
1789376487554966923,58521952,3058832,3280,277724,0
1789376488584902217,58517084,3234756,0,277724,0
1789376488585703817,58517084,3236772,0,277724,0
1789376489613181978,58537784,4479976,0,277724,0
1789376489614040595,58537088,4479976,0,277724,0
1789376490642152218,58599548,5677888,0,277724,0
1789376490643495880,58599964,5681416,0,277724,0
1789376491670836813,58586988,5746552,23876,277724,0
1789376491671796602,58584948,5746552,25388,277724,0
1789376492699299029,58581636,5786364,22684,277724,0
1789376492700577218,58581636,5786364,14012,277724,0
1789376493727222363,58579228,6072796,5156,277724,0
1789376493728134623,58579228,6071668,6676,277724,0
1789376494755279341,58585020,5693712,0,277724,0
1789376494756400979,58584376,5693712,0,277724,0
1789376495784077710,58581784,5865320,1044,277724,0
1789376495785204275,58581784,5864816,1548,277724,0
1789376496811547424,58572812,5843220,11180,277724,0
1789376496811851851,58572276,5843724,11684,277724,0
1789376497839696075,58573324,5532904,9096,277724,0
1789376497840856767,58573324,5532904,9096,277724,0
1789376498870837697,58571520,5000012,6320,277724,0
1789376498872524915,58571016,4999508,2792,277724,0
1789376499902102511,58565996,4494272,1208,277724,0
1789376499903412138,58565996,4492760,1208,277724,0
1789376500934495435,58562360,4166720,4164,277724,0
1789376500935824775,58562360,4166720,4164,277724,0
1789376501966008636,58558132,3718776,7124,277724,0
1789376501967274445,58557628,3718776,7124,277724,0
1789376502997923431,58551772,3258844,4196,277724,0
1789376502999072091,58551772,3258844,4196,277724,0
1789376504029828312,58562224,2654884,0,277724,0
1789376504031142671,58562088,2654884,0,277724,0
1789376505058815872,58597268,3982036,0,277724,0
1789376505060040321,58595260,3982036,0,277724,0
1789376506080286340,58577608,5174832,0,277724,0
1789376506086172274,58572872,5190456,0,277724,0
1789376507109273116,58572372,5605660,2448,277724,0
1789376507114504988,58572372,5603700,1964,277724,0
1789376508140602134,58569324,5658992,5432,277724,0
1789376508144279843,58568316,5658992,5432,277724,0
1789376509170855730,58556856,5715740,1512,277724,0
1789376509172783151,58556608,5717756,3024,277724,0
1789376510199384899,58548040,5595388,16328,277724,0
1789376510200559873,58547536,5595388,16328,277724,0
1789376511230487789,58541508,5894592,5108,277724,0
1789376511232139313,58541508,5894592,5108,277724,0
1789376512321221588,58605352,5605864,0,277724,0
1789376512348229503,58602652,5605864,0,277724,0
1789376513403806776,58580884,5682948,8300,277724,0
1789376513403955484,58581388,5682948,8300,277724,0
1789376514432112085,58570412,5271908,4172,277724,0
1789376514432456729,58569660,5271908,4172,277724,0
1789376515462941003,58565596,4837984,8228,277724,0
1789376515464357842,58565596,4837984,8228,277724,0
1789376516493843969,58560356,4569364,3868,277724,0
1789376516494732501,58560356,4569364,3868,277724,0
1789376517524272052,58560100,4168764,7820,277724,0
1789376517525556017,58560100,4165236,10844,277724,0
1789376518554956600,58553076,3934232,2500,277724,0
1789376518556533434,58552572,3934232,2500,277724,0
1789376519585773622,58549796,3694548,4148,277724,0
1789376519587252702,58549796,3692028,6164,277724,0
1789376520616688914,58546816,3240856,1496,277724,0
1789376520618375859,58545560,3238820,2524,277724,0
1789376521647315431,58552444,2765924,8196,277724,0
1789376521649363170,58552948,2765924,8196,277724,0
1789376522677269915,58598920,3478444,0,277724,0
1789376522679253253,58598168,3483484,0,277724,0
1789376523704125655,58582684,5355668,0,277724,0
1789376523705822267,58582180,5361212,0,277724,0
1789376524731693775,58568360,6331080,343660,277724,0
1789376524732835239,58568360,6333600,343660,277724,0
1789376525758155610,58562864,7523256,337964,277724,0
1789376525759884238,58562864,7527792,337964,277724,0
1789376526785757588,58554888,8040928,506732,277724,0
1789376526787451589,58554888,8043448,506732,277724,0
1789376527816532905,58551812,8476952,81856,277724,0
1789376527817902087,58551308,8478464,81856,277724,0
1789376528846975338,58543292,8165312,395384,277724,0
1789376528848637389,58543292,8165312,395384,277724,0
1789376529877608637,58537948,8114772,499864,277724,0
1789376529879529682,58537948,8114772,497344,277724,0
1789376530905998446,58534592,8349976,534444,277724,0
1789376530907526742,58534592,8349976,531924,277724,0
1789376531933902712,58531712,8332068,564736,277724,0
1789376531934736843,58531712,8332508,564736,277724,0
1789376533655216087,58526492,8481524,441240,277724,0
1789376533655748092,58526492,8482028,441240,277724,0
1789376534683318509,58522708,8481372,456656,277724,0
1789376534684242743,58522708,8481372,456656,277724,0
1789376535714662032,58523856,8481408,34148,277724,0
1789376535715846988,58523856,8481408,34148,277724,0
1789376536745207998,58525456,8100644,916,277724,0
1789376536746597360,58525456,8100648,900,277724,0
1789376537775448956,58525152,7515572,4204,277724,0
1789376537777392748,58524648,7514564,3196,277724,0
1789376538806311922,58521556,6821928,1532,277724,0
1789376538808171704,58521556,6820920,1028,277724,0
1789376539837356279,58521200,6267732,3944,277724,0
1789376539839117868,58520192,6266220,2432,277724,0
1789376540867725064,58542772,5745864,6736,277724,0
1789376540869872188,58542772,5745864,6736,277724,0
1789376541898506525,58536352,5750088,3816,277724,0
1789376541900718859,58536352,5748072,2304,277724,0
1789376542929432318,58532688,5220340,3628,277724,0
1789376542931525904,58532688,5220340,3628,277724,0
1789376543960107954,58534420,4766444,2032,277724,0
1789376543961597200,58534420,4765940,2536,277724,0
1789376544989657316,58531472,4236832,3300,277724,0
1789376544991637101,58531472,4236832,3152,277724,0
1789376546019941173,58530868,3695080,2552,277724,0
1789376546022171975,58530364,3693568,1544,277724,0
1789376547051322798,58528716,3041784,6476,277724,0
1789376547053288305,58528716,3041280,4964,277724,0
1789376548082043885,58524628,2333876,4220,277724,0
1789376548084347287,58524124,2333876,4220,277724,0
1789376549112777774,58521748,1632728,6844,277724,0
1789376549114809211,58521796,1632728,6844,277724,0
1789376550143686286,58519372,939508,7252,277724,0
1789376550145007743,58519372,939508,7252,277724,0
1789376551174151441,58523380,1327720,0,277724,0
1789376551175575520,58523428,1327720,0,277724,0
1789376552202773490,58537120,2489012,0,277724,0
1789376552203554298,58537120,2489012,0,277724,0
1789376553232032440,58537104,3318484,0,277724,0
1789376553231768076,58537608,3318484,0,277724,0
1789376554260864019,58569924,4645644,0,277724,0
1789376554260558074,58569900,4645644,0,277724,0
1789376555288501214,58553044,5880532,3024,277724,0
1789376555289382198,58553044,5880532,3024,277724,0
1789376556315849196,58560388,5878592,8572,277724,0
1789376556317902868,58559132,5873552,13612,277724,0
1789376557346663160,58546032,5572768,0,277724,0
1789376557348639878,58545576,5572768,0,277724,0
1789376558374713773,58542664,5673212,16344,277724,0
1789376558377215644,58542160,5673212,16344,277724,0
1789376559404211395,58572684,5560204,0,277724,0
1789376559406075076,58571436,5565244,0,277724,0
1789376560432134335,58560240,5550380,0,277724,0
1789376560434070841,58562644,5550380,0,277724,0
1789376561462546833,58557996,5583452,1052,277724,0
1789376561464324706,58558500,5582444,1052,277724,0
1789376562493425395,58553052,5024588,8360,277724,0
1789376562495202345,58552548,5024588,8360,277724,0
1789376563522937794,58541752,4319932,14244,277724,0
1789376563525432748,58541500,4319932,6684,277724,0
1789376564553178719,58535240,3785880,3696,277724,0
1789376564556071743,58535240,3785880,2688,277724,0
1789376565583737934,58528160,3504072,7908,277724,0
1789376565586857823,58528664,3504072,7908,277724,0
1789376566614987785,58521888,2856880,3488,277724,0
1789376566617832283,58521384,2853856,3488,277724,0
1789376567722600647,58573700,2654988,0,277724,0
1789376567740750798,58573828,2654988,0,277724,0
1789376568891868398,58565308,3573104,0,277724,0
1789376568893761328,58565308,3577640,0,277724,0
1789376569919268883,58545352,5153260,0,277724,0
1789376569920681399,58545352,5157292,0,277724,0
1789376570947138282,58538164,5536008,0,277724,0
1789376570948095849,58538164,5536008,0,277724,0
1789376571975091560,58530964,6359780,8456,277724,0
1789376571976661282,58530212,6359780,8456,277724,0
1789376573002052696,58523856,7191576,3156,277724,0
1789376573004572382,58523856,7195104,2652,277724,0
1789376574029311657,58517540,7733780,6264,277724,0
1789376574031752334,58517540,7733480,4108,277724,0
1789376575056566354,58512496,8205276,4128,277724,0
1789376575059419668,58512496,8206788,6144,277724,0
1789376576083916421,58508244,7840144,243732,277724,0
1789376576086738666,58507740,7840144,242276,277724,0
1789376577112414301,58503460,7881812,3388,277724,0
1789376577114343453,58503460,7881812,3388,277724,0
1789376578142935953,58527620,7592220,2500,277724,0
1789376578143773154,58530112,7592220,2500,277724,0
1789376579173007989,58526820,7173012,3920,277724,0
1789376579172869827,58526820,7173012,3920,277724,0
1789376580201609184,58521868,6666828,2520,277724,0
1789376580202434604,58521364,6666828,2520,277724,0
1789376581232429497,58538420,6210260,9968,277724,0
1789376581233310278,58537952,6210260,9968,277724,0
1789376582260636025,58543472,5419492,0,277724,0
1789376582261182916,58542944,5419492,0,277724,0
1789376583289720886,58548716,5542304,4288,277724,0
1789376583290061876,58549180,5542304,4288,277724,0
1789376584317701124,58543660,4992700,1580,277724,0
1789376584318693703,58543660,4992700,1580,277724,0
1789376585348001997,58537076,4445868,7480,277724,0
1789376585349928973,58536572,4445152,5760,277724,0
1789376586377897300,58529592,3862144,6128,277724,0
1789376586380168261,58529592,3862144,6128,277724,0
1789376587407564538,58524308,3251144,9996,277724,0
1789376587408975522,58524308,3250136,3444,277724,0
1789376588438767808,58522848,2676816,4436,277724,0
1789376588440601961,58522848,2676816,4436,277724,0
1789376589470435117,58543176,2067268,5828,277724,0
1789376589472176171,58543164,2065252,7844,277724,0
1789376590501617705,58537644,1429556,3452,277724,0
1789376590503268834,58537140,1428012,2948,277724,0
1789376591530899733,58532532,741720,2708,277724,0
1789376591532447621,58532532,740208,2204,277724,0
1789376592561490750,58527320,42568,7020,277724,0
1789376592563677426,58526816,41560,8028,277724,0
1789376593592323291,58522408,1267520,0,277724,0
1789376593594424982,58522408,1273064,0,277724,0
1789376594620573520,58530360,2464408,0,277724,0
1789376594622206577,58530360,2468440,0,277724,0
1789376595648810036,58543976,3661140,0,277724,0
1789376595650031594,58543224,3664164,0,277724,0
1789376596676957479,58536668,4645460,0,277724,0
1789376596677837144,58535924,4645460,0,277724,0
1789376597704829242,58541008,4645504,0,277724,0
1789376597705189052,58541008,4645504,0,277724,0
1789376598732393113,58564032,4645564,0,277724,0
1789376598733034870,58563528,4645564,0,277724,0
1789376599760020783,58592472,4645588,0,277724,0
1789376599760795128,58592472,4645588,0,277724,0
1789376600787942889,58612828,4645648,0,277724,0
1789376600788610922,58612828,4645648,0,277724,0
1789376601816013955,58615152,3982132,128736,277724,0
1789376601816989796,58615152,3982132,127728,277724,0
1789376602846927946,58615628,3484516,0,277724,0
1789376602848152179,58615628,3484516,0,277724,0
1789376603878268950,58610408,2655116,186108,277724,0
1789376603879358407,58610408,2655116,186108,277724,0
1789376604909949626,58610096,1991588,208936,277724,0
1789376604911097113,58609592,1991588,208936,277724,0
1789376605941619135,58607552,1494028,71888,277724,0
1789376605942494541,58607048,1494028,71888,277724,0
1789376606972939301,58604900,664588,301724,277724,0
1789376606974543846,58604900,664588,301724,277724,0
1789376608004039635,58611748,447432,4784,277724,0
1789376608008162042,58612252,442392,6800,277724,0
1789376609035397349,58536548,1120,0,277724,0
1789376609038642149,58536548,1120,0,277724,0
1789376610066896930,58450264,1152,0,277724,0
1789376610069306887,58451260,1152,0,277724,0
1789376611096620711,58380644,1216,0,277724,0
1789376611098697486,58380644,1216,0,277724,0
1789376612123480923,58375952,1264,0,277724,0
1789376612125468661,58375952,1264,0,277724,0
1789376613150579339,58370508,1288,0,277724,0
1789376613152459834,58370508,1288,0,277724,0
1789376614177539947,58365784,1344,0,277724,0
1789376614179591494,58366288,1344,0,277724,0
1789376615203751222,58361084,1380,0,277724,0
1789376615206604823,58361084,1380,0,277724,0
1789376616230875368,58357684,1428,0,277724,0
1789376616233446355,58357684,1428,0,277724,0
1789376617257467749,58354348,1460,0,277724,0
1789376617260027029,58354348,1460,0,277724,0
1789376618284667074,58352668,1508,0,277724,0
1789376618286651648,58352668,1508,0,277724,0
1789376619310474459,58351228,1552,0,277724,0
1789376619313700334,58350724,1552,0,277724,0
1789376620337320477,58351424,1768,0,277724,0
1789376620340707119,58351424,1768,0,277724,0
1789376621364070833,58347756,1816,0,277724,0
1789376621367326107,58347756,1816,0,277724,0
1789376622391099381,58346636,1836,0,277724,0
1789376622393509139,58346636,1836,0,277724,0
1789376623417692099,58343664,144,340,277724,0
1789376623419818345,58343664,144,340,277724,0
1789376624445603138,58342744,280,0,277724,0
1789376624447260984,58342744,280,0,277724,0
1789376625476787022,58339148,612,0,277724,0
1789376625478190826,58339652,612,0,277724,0
1789376626507291106,58334968,644,0,277724,0
1789376626508534978,58334968,644,0,277724,0
1789376627534482835,58335448,692,0,277724,0
1789376627536016553,58335448,692,0,277724,0
1789376628561716145,58333536,728,0,277724,0
1789376628562815803,58333536,728,0,277724,0
1789376629591296732,58332676,768,0,277724,0
1789376629593040369,58332172,768,0,277724,0
1789376630621439259,58331552,816,0,277724,0
1789376630622977665,58331552,816,0,277724,0
1789376631651841729,58330892,852,0,277724,0
1789376631653261710,58330892,852,0,277724,0
1789376632679185638,58330600,912,0,277724,0
1789376632680976796,58330600,912,0,277724,0
1789376633703802905,58330992,952,0,277724,0
1789376633707694809,58330240,952,0,277724,0
1789376634733660871,58329460,996,0,277724,0
1789376634736797934,58329460,996,0,277724,0
1789376635765017765,58331924,1032,0,277724,0
1789376635767049046,58332176,1032,0,277724,0
1789376636795555478,58330836,1088,0,277724,0
1789376636797291757,58330836,1088,0,277724,0
1789376637823395988,58330316,1112,0,277724,0
1789376637824916949,58330316,1112,0,277724,0
1789376638850537835,58331792,1172,0,277724,0
1789376638851667770,58331792,1172,0,277724,0
1789376639879065911,58332196,1212,0,277724,0
1789376639880736033,58332196,1212,0,277724,0
1789376640909091459,58330592,1256,0,277724,0
1789376640911173934,58330592,1256,0,277724,0
1789376641939299287,58331144,1300,0,277724,0
1789376641941394992,58331144,1300,0,277724,0
1789376642969085589,58332392,1348,0,277724,0
1789376642970539267,58332392,1348,0,277724,0
1789376643995412550,58329304,32,0,277724,0
1789376643997383491,58329304,32,0,277724,0
1789376645022189701,58326408,424,0,277724,0
1789376645023899865,58326408,424,0,277724,0
1789376646053211103,58328092,468,0,277724,0
1789376646054601671,58328092,468,0,277724,0
1789376647083529734,58328964,504,0,277724,0
1789376647085052406,58328964,504,0,277724,0
1789376648113729098,58329400,556,0,277724,0
1789376648115639685,58329400,556,0,277724,0
1789376649144081658,58328900,44,0,277724,0
1789376649145429644,58328900,44,0,277724,0
1789376650171524538,58330856,344,0,277724,0
1789376650172688089,58330856,344,0,277724,0
1789376651198559937,58321684,384,0,277724,0
1789376651199637790,58321180,384,0,277724,0
1789376652226614251,58422240,432,504,277648,0
1789376652226823449,58421728,432,504,277648,0
1789376653255114666,58437104,460,0,277648,0
1789376653254695278,58437104,460,0,277648,0
1789376654281190283,58426360,24,140,277648,0
1789376654282009381,58426360,24,140,277648,0
1789376655307188038,58419924,332,0,277648,0
1789376655308881312,58419924,332,0,277648,0
1789376656333761887,58413956,376,0,277648,0
1789376656335633364,58413956,376,0,277648,0
1789376657360403974,58410476,412,0,277648,0
1789376657362411425,58410476,412,0,277648,0
1789376658387360205,58404736,452,0,277648,0
1789376658389342315,58404736,452,0,277648,0
1789376659414120256,58401288,524,0,277648,0
1789376659417048688,58401288,524,0,277648,0
1789376660444797099,58397300,296,0,277648,0
1789376660447072650,58397300,296,0,277648,0
1789376661475168521,58395380,356,0,277648,0
1789376661477181407,58395380,356,0,277648,0
1789376662505582153,58392132,404,0,277648,0
1789376662507025273,58392132,404,0,277648,0
1789376663535993427,58389428,440,0,277648,0
1789376663537187890,58389428,440,0,277648,0
1789376664566233030,58387240,504,0,277648,0
1789376664567446669,58387240,504,0,277648,0
1789376665596572489,58384100,332,0,277648,0
1789376665598278207,58384100,332,0,277648,0
1789376666627334149,58379428,364,0,277648,0
1789376666628816048,58379428,364,0,277648,0
1789376667658358793,58376776,416,0,277648,0
1789376667659147861,58376776,416,0,277648,0
1789376668688452653,58375060,456,148,277648,0
1789376668690141874,58375908,456,500,277648,0
1789376669718775462,58373592,160,0,277648,0
1789376669721385571,58373592,160,0,277648,0
1789376670749800047,58372692,312,0,277648,0
1789376670751970497,58372692,312,0,277648,0
1789376671780331649,58372532,360,0,277648,0
1789376671782824667,58372532,360,0,277648,0
1789376672810764371,58371364,396,0,277648,0
1789376672812957357,58371364,396,0,277648,0
1789376673841053938,58367748,440,0,277648,0
1789376673842500861,58367748,440,0,277648,0
1789376674871836247,58370220,184,0,277648,0
1789376674873479987,58370220,184,0,277648,0
1789376675902850038,58369780,340,0,277648,0
1789376675904312826,58369780,340,0,277648,0
1789376676934778169,58369144,384,0,277648,0
1789376676936226994,58369144,384,0,277648,0
1789376677965958086,58366796,428,0,277648,0
1789376677967000756,58366796,428,0,277648,0
1789376678996387446,58397240,464,0,277648,0
1789376678997852742,58396736,464,0,277648,0
1789376680023955708,58366840,48,0,277648,0
1789376680025308776,58366840,48,0,277648,0
1789376681050891340,58366280,164,0,277648,0
1789376681052407187,58366280,164,0,277648,0
1789376682077748783,58366616,204,0,277648,0
1789376682079164348,58366112,204,0,277648,0
1789376683104665760,58361712,256,0,277648,0
1789376683106258419,58361712,256,0,277648,0
1789376684131340312,58360492,292,0,277648,0
1789376684133264099,58359740,292,0,277648,0
1789376685158411868,58358552,20,0,277648,0
1789376685160519386,58358552,20,0,277648,0
1789376686185601563,58359560,164,0,277648,0
1789376686186933033,58359056,164,0,277648,0
1789376687213252748,58357112,208,0,277648,0
1789376687214134468,58357112,208,0,277648,0
1789376688240293899,58355952,240,0,277648,0
1789376688240686516,58355952,240,0,277648,0
1789376689266823775,58354088,284,0,277648,0
1789376689267734237,58354088,284,0,277648,0
1789376690293136083,58353152,0,0,277648,0
1789376690294188828,58352648,0,0,277648,0
1789376691318948783,58354540,156,0,277648,0
1789376691320396251,58354540,156,0,277648,0
1789376692345249688,58355180,212,0,277648,0
1789376692346229559,58355180,212,0,277648,0
1789376693372086817,58354208,228,0,277648,0
1789376693373648634,58354208,228,0,277648,0
1789376694402563015,58355972,304,0,277648,0
1789376694404088473,58355972,304,0,277648,0
1789376695432825465,58354068,32,24,277648,0
1789376695434544719,58354068,32,24,277648,0
1789376696461382602,58352360,172,0,277648,0
1789376696463459581,58352360,172,0,277648,0
1789376697487687233,58353068,204,0,277648,0
1789376697490378950,58353100,208,0,277648,0
1789376698516122555,58355420,244,0,277648,0
1789376698518743909,58355168,248,0,277648,0
1789376699545974438,58355596,284,0,277648,0
1789376699548359194,58355596,284,0,277648,0
1789376700576337759,58357764,296,92,277648,0
1789376700578697382,58357260,296,92,277648,0
1789376701605396353,58356836,348,0,277648,0
1789376701606669284,58356836,348,0,277648,0
1789376702632971387,58357476,416,0,277648,0
1789376702633891999,58357476,416,0,277648,0
1789376703661390071,58357852,448,0,277648,0
1789376703662659417,58357852,448,0,277648,0
1789376704692364729,58358948,692,0,277648,0
1789376704693344805,58358948,692,0,277648,0
1789376705722855598,58358404,28,460,277648,0
1789376705724440778,58358404,28,460,277648,0
1789376706751312654,58358300,180,0,277648,0
1789376706753464882,58358300,180,0,277648,0
1789376707778475182,58358320,212,0,277648,0
1789376707780225726,58358320,212,0,277648,0
1789376708806810964,58357512,268,0,277648,0
1789376708808379105,58357512,268,0,277648,0
1789376709837513038,58357124,308,0,277648,0
1789376709838673087,58357124,308,0,277648,0
1789376710868422265,58357252,68,0,277648,0
1789376710869469486,58357252,68,0,277648,0
1789376711898403291,58355904,176,0,277648,0
1789376711899826723,58355904,176,0,277648,0
1789376712925604624,58354260,216,0,277648,0
1789376712926514298,58354260,216,0,277648,0
1789376713953678662,58353596,256,0,277648,0
1789376713954486809,58353596,256,0,277648,0
1789376714984383921,58351696,464,0,277648,0
1789376714985463703,58351696,464,0,277648,0
1789376716015151300,58350764,92,0,277648,0
1789376716016971428,58350764,92,0,277648,0
1789376717045168813,58349564,168,0,277648,0
1789376717047251227,58349564,168,0,277648,0
1789376718074753506,58348700,212,0,277648,0
1789376718076919729,58347444,212,0,277648,0
1789376719102091149,58346612,264,0,277648,0
1789376719103799271,58346612,264,0,277648,0
1789376720129278865,58344732,412,0,277648,0
1789376720130973349,58344732,412,0,277648,0
1789376721155799598,58352140,12,0,277648,0
1789376721157572717,58352140,12,0,277648,0
1789376722182426445,58350780,104,0,277648,0
1789376722184581507,58351032,104,0,277648,0
1789376723209171592,58348500,212,0,277648,0
1789376723211259051,58347996,212,0,277648,0
1789376724236104153,58349056,232,0,277648,0
1789376724238002624,58349056,232,0,277648,0
1789376725262772650,58349884,660,0,277648,0
1789376725265168956,58349884,660,0,277648,0
1789376726290077169,58350768,188,0,277648,0
1789376726292512183,58350768,188,0,277648,0
1789376727320646133,58349096,160,0,277648,0
1789376727323216427,58349096,160,0,277648,0
1789376728351073935,58347680,200,0,277648,0
1789376728353350549,58347680,200,0,277648,0
1789376729381652226,58346696,228,0,277648,0
1789376729383444535,58346696,228,0,277648,0
1789376730411846830,58344036,416,0,277648,0
1789376730413941244,58341556,416,0,277648,0
1789376731442111404,58338896,456,0,277648,0
1789376731443976964,58338896,456,0,277648,0
1789376732473022332,58338440,108,0,277648,0
1789376732474818138,58338440,108,0,277648,0
1789376733503432388,58340840,200,0,277648,0
1789376733505502553,58340336,200,0,277648,0
1789376734533733857,58340316,232,0,277648,0
1789376734535711056,58340316,232,0,277648,0
1789376735563992943,58341320,2952,0,277648,0
1789376735566232815,58341320,2952,0,277648,0
1789376736594410080,58341620,3008,0,277648,0
1789376736596578965,58341620,3008,0,277648,0
1789376737624776869,58339200,68,0,277648,0
1789376737626970960,58339200,68,0,277648,0
1789376738655600905,58338288,196,0,277648,0
1789376738658127121,58338288,196,0,277648,0
1789376739686111641,58337292,2772,0,277648,0
1789376739688264812,58337796,2772,0,277648,0
1789376740716943654,58337772,2820,0,277648,0
1789376740719186824,58337268,2820,0,277648,0
1789376741747085144,58336916,2864,0,277648,0
1789376741749849517,58336916,2864,0,277648,0
1789376742777864483,58337888,108,0,277648,0
1789376742780675439,58337888,108,0,277648,0
1789376743808597824,58337600,200,0,277648,0
1789376743811176374,58337600,200,0,277648,0
1789376744839149233,58336940,2296,0,277648,0
1789376744841709605,58336436,2296,0,277648,0
1789376745869522826,58336256,2332,0,277648,0
1789376745871993934,58336764,2332,0,277648,0
1789376746899867866,58336280,2380,0,277648,0
1789376746902766678,58336280,2380,0,277648,0
1789376747930235361,58334328,92,0,277648,0
1789376747933267213,58334328,92,0,277648,0
1789376748960505213,58333648,192,0,277648,0
1789376748963520450,58333648,192,0,277648,0
1789376749991467079,58333012,2216,0,277648,0
1789376749993909316,58333012,2216,0,277648,0
1789376751022206028,58330100,2256,0,277648,0
1789376751024701505,58330604,2256,0,277648,0
1789376752052320824,58328492,2292,0,277648,0
1789376752055012756,58328492,2292,0,277648,0
1789376753083402455,58329908,96,0,277648,0
1789376753086036841,58329908,96,0,277648,0
1789376754114339135,58329912,192,0,277648,0
1789376754116436601,58329912,192,0,277648,0
1789376755145110646,58326720,888,0,277648,0
1789376755147214728,58326720,888,0,277648,0
1789376756175772371,58327820,936,0,277648,0
1789376756178173831,58327820,936,0,277648,0
1789376757206519142,58327512,996,0,277648,0
1789376757208628864,58327512,996,0,277648,0
1789376758236757383,58329224,92,0,277648,0
1789376758239186286,58328720,92,0,277648,0
1789376759266988136,58325460,176,0,277648,0
1789376759269229633,58325460,176,0,277648,0
1789376760293047300,58326128,400,0,277648,0
1789376760296320798,58326128,400,0,277648,0
1789376761319939834,58327428,440,0,277648,0
1789376761322889196,58327428,440,0,277648,0
1789376762346885505,58326256,484,0,277648,0
1789376762349742403,58326256,484,0,277648,0
1789376763374102185,58325556,72,0,277648,0
1789376763376135407,58324300,72,0,277648,0
1789376764400842370,58324000,184,0,277648,0
1789376764402807364,58324000,184,0,277648,0
1789376765428342386,58325544,380,0,277648,0
1789376765430031898,58325544,380,0,277648,0
1789376766459222733,58324648,424,0,277648,0
1789376766460711840,58324144,424,0,277648,0
1789376767488782235,58324984,480,0,277648,0
1789376767490865620,58324480,480,0,277648,0
1789376768519300632,58325644,64,0,277648,0
1789376768520791927,58325644,64,0,277648,0
1789376769550187386,58324292,188,0,277648,0
1789376769551722561,58324292,188,0,277648,0
1789376770580950766,58323712,352,0,277648,0
1789376770582858077,58323712,352,0,277648,0
1789376771611611949,58322904,412,0,277648,0
1789376771613224546,58322400,412,0,277648,0
1789376772642807233,58321268,432,0,277648,0
1789376772644309279,58321268,432,0,277648,0
1789376773674203980,58321464,80,92,277648,0
1789376773675250746,58321464,80,92,277648,0
1789376774705633874,58321624,188,0,277648,0
1789376774706535456,58321624,188,0,277648,0
1789376775737291463,58320828,396,0,277648,0
1789376775737917492,58320828,396,0,277648,0
1789376776768490059,58321620,408,0,277648,0
1789376776769483653,58321620,408,0,277648,0
1789376777799393751,58321292,488,0,277648,0
1789376777800634498,58321292,488,0,277648,0
1789376778830698551,58319496,92,0,277648,0
1789376778831870708,58319496,92,0,277648,0
1789376779861540858,58319196,344,0,277648,0
1789376779862867786,58319196,344,0,277648,0
1789376780893149618,58320032,388,0,277648,0
1789376780894322952,58320032,388,0,277648,0
1789376781923924438,58322660,428,0,277648,0
1789376781925156396,58322660,428,0,277648,0
1789376782954539209,58322528,468,0,277648,0
1789376782955972610,58322528,468,0,277648,0
1789376783985664926,58323108,112,0,277648,0
1789376783987172583,58323108,112,0,277648,0
1789376785012529781,58323224,336,0,277648,0
1789376785014069608,58323224,336,0,277648,0
1789376786039539869,58322628,380,0,277648,0
1789376786041156184,58322628,380,0,277648,0
1789376787065964619,58322240,416,0,277648,0
1789376787068090429,58322240,416,0,277648,0
1789376788092922072,58321944,460,0,277648,0
1789376788094299305,58321944,460,0,277648,0
1789376789119426761,58323080,104,0,277648,0
1789376789121030978,58323080,104,0,277648,0
1789376790147588475,58321296,320,0,277648,0
1789376790149345944,58321296,320,0,277648,0
1789376791178841087,58321028,348,0,277648,0
1789376791180184742,58321028,348,0,277648,0
1789376792209341140,58322196,412,0,277648,0
1789376792210314341,58322196,412,0,277648,0
1789376793240403735,58324688,432,0,277648,0
1789376793241521154,58324688,432,0,277648,0
1789376794271257685,58324848,152,0,277648,0
1789376794272906049,58324344,152,0,277648,0
1789376795302539823,58323540,344,0,277648,0
1789376795303979242,58323540,344,0,277648,0
1789376796333515214,58323500,396,0,277648,0
1789376796334978927,58323500,396,0,277648,0
1789376797364898362,58326504,416,0,277648,0
1789376797365860228,58326504,416,0,277648,0
1789376798395633913,58325444,476,0,277648,0
1789376798397067270,58325696,476,0,277648,0
1789376799426912024,58324796,108,0,277648,0
1789376799428377256,58324796,108,0,277648,0
1789376800458113142,58322200,328,0,277648,0
1789376800459250377,58322200,328,0,277648,0
1789376801488100053,58321872,388,0,277648,0
1789376801489750517,58321872,388,0,277648,0
1789376802518777362,58321228,428,0,277648,0
1789376802520239585,58321228,428,0,277648,0
1789376803549966649,58319944,472,0,277648,0
1789376803551227854,58319944,472,0,277648,0
1789376804580892242,58319900,56,0,277648,0
1789376804582893976,58319396,56,0,277648,0
1789376805611430839,58321032,360,0,277648,0
1789376805613274066,58321032,360,0,277648,0
1789376806642300093,58322752,420,0,277648,0
1789376806644525679,58322752,420,0,277648,0
1789376807672931039,58323004,456,0,277648,0
1789376807674929942,58322760,456,0,277648,0
1789376808702355120,58321872,504,0,277648,0
1789376808704638846,58321872,504,0,277648,0
1789376809729129850,58322516,264,0,277648,0
1789376809731319015,58322516,264,0,277648,0
1789376810756176815,58321600,356,0,277648,0
1789376810758124634,58321600,356,0,277648,0
1789376811783038888,58319728,396,0,277648,0
1789376811785295598,58319728,396,0,277648,0
1789376812809765717,58319112,436,0,277648,0
1789376812812421980,58319112,436,0,277648,0
1789376813837593825,58318672,480,0,277648,0
1789376813839753026,58318672,480,0,277648,0
1789376814869162925,58320128,248,0,277648,0
1789376814870982190,58320128,248,0,277648,0
1789376815900419328,58317016,328,0,277648,0
1789376815902182341,58317016,328,0,277648,0
1789376816930945639,58316060,368,0,277648,0
1789376816933331292,58316060,368,0,277648,0
1789376817961964453,58316248,428,0,277648,0
1789376817963681281,58316248,428,0,277648,0
1789376818992775852,58315868,476,0,277648,0
1789376818993822638,58315868,476,0,277648,0
1789376820024005866,58314224,268,0,277648,0
1789376820025306311,58314224,268,0,277648,0
1789376821055452475,58313096,364,0,277648,0
1789376821057359450,58313096,364,0,277648,0
1789376822088488942,58313164,400,0,277648,0
1789376822089685074,58313164,400,0,277648,0
1789376823120456609,58310012,440,0,277648,0
1789376823122617839,58311020,440,0,277648,0
1789376824151218418,58310736,484,0,277648,0
1789376824153117800,58310736,484,0,277648,0
1789376825182253323,58310456,260,0,277648,0
1789376825184127649,58310456,260,0,277648,0
1789376826212896403,58311792,340,0,277648,0
1789376826214854228,58311288,340,0,277648,0
1789376827243430193,58313364,400,0,277648,0
1789376827245090070,58313364,400,0,277648,0
1789376828273037255,58314592,432,0,277648,0
1789376828274468621,58314592,432,0,277648,0
1789376829303411399,58314904,492,0,277648,0
1789376829305231908,58314904,492,0,277648,0
1789376830334016996,58315056,308,0,277648,0
1789376830335306198,58315056,308,0,277648,0
1789376831364522598,58317236,372,0,277648,0
1789376831366473358,58316984,372,0,277648,0
1789376832395105065,58317716,412,0,277648,0
1789376832397201981,58317716,412,0,277648,0
1789376833425250710,58318392,460,0,277648,0
1789376833427222170,58318392,460,0,277648,0
1789376834451529346,58318920,492,0,277648,0
1789376834454228724,58318920,492,0,277648,0
1789376835478586336,58317740,244,0,277648,0
1789376835480649213,58317740,244,0,277648,0
1789376836505355625,58316252,328,0,277648,0
1789376836507628550,58316756,328,0,277648,0
1789376837532002605,58313568,360,0,277648,0
1789376837534415496,58313568,360,0,277648,0
1789376838559272963,58312244,408,0,277648,0
1789376838562280819,58312244,408,0,277648,0
1789376839590268504,58314676,452,0,277648,0
1789376839593155561,58314676,452,0,277648,0
1789376840620960850,58312636,308,0,277648,0
1789376840623570892,58312636,308,0,277648,0
1789376841651336910,58315304,356,0,277648,0
1789376841654357101,58315556,356,0,277648,0
1789376842681993669,58315360,412,0,277648,0
1789376842685001607,58315360,412,0,277648,0
1789376843712516562,58316548,440,0,277648,0
1789376843715292617,58316548,440,0,277648,0
1789376844742932851,58312980,0,0,277648,0
1789376844745726632,58312980,0,0,277648,0
1789376845773153853,58315384,144,0,277648,0
1789376845774931206,58315384,144,0,277648,0
1789376846801824244,58312224,192,0,277648,0
1789376846804511055,58312224,192,0,277648,0
1789376847832031324,58312488,236,0,277648,0
1789376847835024657,58312488,236,0,277648,0
1789376848863010422,58311000,284,0,277648,0
1789376848865693872,58311000,284,0,277648,0
1789376849892980294,58311664,332,0,277648,0
1789376849896134604,58311664,332,0,277648,0
1789376850923620084,58311808,168,0,277648,0
1789376850926140156,58311808,168,0,277648,0
1789376851954438130,58312528,212,0,277648,0
1789376851956815946,58312528,212,0,277648,0
1789376852984893841,58313952,264,0,277648,0
1789376852987209499,58314460,264,0,277648,0
1789376854015384727,58316168,292,0,277648,0
1789376854017452190,58316168,292,0,277648,0
1789376855045638813,58313640,40,200,277648,0
1789376855047979946,58313640,40,200,277648,0
1789376856075679800,58315872,172,0,277648,0
1789376856077783027,58315872,172,0,277648,0
1789376857106287603,58315984,220,0,277648,0
1789376857108144997,58315984,220,0,277648,0
1789376858136539269,58317052,252,0,277648,0
1789376858138094471,58317052,252,0,277648,0
1789376859163358380,58315724,304,0,277648,0
1789376859165171565,58315724,304,0,277648,0
1789376860189862182,58315444,4,216,277648,0
1789376860190706861,58315444,4,216,277648,0
1789376861216420688,58314728,136,0,277648,0
1789376861217320194,58314728,136,0,277648,0
1789376862242581037,58314680,200,0,277648,0
1789376862244161665,58314680,200,0,277648,0
1789376863270087334,58316028,228,0,277648,0
1789376863271663048,58316028,228,0,277648,0
1789376864300680637,58315392,284,0,277648,0
1789376864302501452,58315392,284,0,277648,0
1789376865331340933,58316808,500,0,277648,0
1789376865333024732,58316808,500,0,277648,0
1789376866361103809,58317132,156,0,277648,0
1789376866362756383,58316628,156,0,277648,0
1789376867391629593,58318028,196,0,277648,0
1789376867393406382,58318028,196,0,277648,0
1789376868422265496,58316736,244,0,277648,0
1789376868423863457,58316232,244,0,277648,0
1789376869452987204,58314404,292,0,277648,0
1789376869454953926,58314404,292,0,277648,0
1789376870483254439,58313608,4,0,277648,0
1789376870485374862,58313608,4,0,277648,0
1789376871513781190,58312904,112,0,277648,0
1789376871516120203,58312904,112,0,277648,0
1789376872544673930,58312896,200,0,277648,0
1789376872546718197,58312896,200,0,277648,0
1789376873575739421,58312204,248,0,277648,0
1789376873577632894,58312204,248,0,277648,0
1789376874606482156,58311880,288,0,277648,0
1789376874608839428,58311880,444,0,277648,0
1789376875636891217,58310456,8,0,277648,0
1789376875639368687,58310456,8,0,277648,0
1789376876667153114,58310644,156,0,277648,0
1789376876669388677,58310644,156,0,277648,0
1789376877698153397,58308324,208,0,277648,0
1789376877699547391,58308324,208,0,277648,0
1789376878729083416,58308672,232,0,277648,0
1789376878730569007,58308672,232,0,277648,0
1789376879759204531,58306976,292,0,277648,0
1789376879761051673,58306976,292,0,277648,0
1789376880790077667,58307420,528,0,277648,0
1789376880791520721,58307424,0,276,277648,0
1789376881820509117,58306364,144,0,277648,0
1789376881822071004,58306364,144,0,277648,0
1789376882847530084,58307396,184,0,277648,0
1789376882849085241,58307396,184,0,277648,0
1789376883874534412,58307164,240,0,277648,0
1789376883875763329,58307164,240,0,277648,0
1789376884902090511,58307728,272,0,277648,0
1789376884902974432,58307728,272,0,277648,0
1789376885929449351,58305656,8,0,277648,0
1789376885930057975,58305152,8,0,277648,0
1789376886956421731,58305976,164,0,277648,0
1789376886956953525,58305976,164,0,277648,0
1789376887983833117,58308096,208,0,277648,0
1789376887984949292,58308096,208,0,277648,0
1789376889014396748,58311036,252,0,277648,0
1789376889015894128,58311036,252,0,277648,0
1789376890045600667,58311796,284,0,277648,0
1789376890047273524,58311796,284,0,277648,0
1789376891077180349,58311040,0,44,277648,0
1789376891078337711,58311040,0,44,277648,0
1789376892108245202,58309100,156,0,277648,0
1789376892109669758,58309100,156,0,277648,0
1789376893139154264,58309996,200,0,277648,0
1789376893140749387,58309996,200,0,277648,0
1789376894170205659,58310368,236,0,277648,0
1789376894171475031,58310368,236,0,277648,0
1789376895200888325,58312236,432,0,277648,0
1789376895202686852,58312236,432,0,277648,0
1789376896231399128,58311676,20,132,277648,0
1789376896233879293,58311676,20,132,277648,0
1789376897261572157,58311520,156,0,277648,0
1789376897264497809,58311520,156,0,277648,0
1789376898292338029,58319484,200,0,277648,0
1789376898295052318,58319988,200,0,277648,0
1789376899324024893,58316736,240,0,277648,0
1789376899326127044,58317240,240,0,277648,0
1789376900355335992,58315396,456,0,277648,0
1789376900357436313,58315396,456,0,277648,0
1789376901386004231,58313252,80,160,277648,0
1789376901387928202,58313256,80,160,277648,0
1789376902417324906,58306472,164,0,277648,0
1789376902419230580,58306472,164,0,277648,0
1789376903448607582,58307356,204,0,277648,0
1789376903450461691,58307356,204,0,277648,0
1789376904479382183,58306196,248,0,277648,0
1789376904481385849,58306196,248,0,277648,0
1789376905510217340,58306068,408,0,277648,0
1789376905511973208,58306068,408,0,277648,0
1789376906539679156,58306744,16,340,277648,0
1789376906542136034,58306744,20,340,277648,0
1789376907566945723,58304660,160,0,277648,0
1789376907569348276,58304660,160,0,277648,0
1789376908593896082,58301812,200,0,277648,0
1789376908596600494,58301812,200,0,277648,0
1789376909620980785,58299632,240,0,277648,0
1789376909623229794,58299128,240,0,277648,0
1789376910647889862,58296720,436,0,277648,0
1789376910650106683,58296720,436,0,277648,0
1789376911674752649,58296868,8,0,277648,0
1789376911676973999,58296868,8,0,277648,0
1789376912701749639,58297108,136,0,277648,0
1789376912703755134,58297360,136,0,277648,0
1789376913727600051,58297516,228,0,277648,0
1789376913730236872,58297012,228,0,277648,0
1789376914754212439,58297304,256,0,277648,0
1789376914757310774,58297304,256,0,277648,0
1789376915780873717,58295400,452,0,277648,0
1789376915783883874,58295904,452,0,277648,0
1789376916807534927,58295224,0,0,277648,0
1789376916810548139,58294720,0,0,277648,0
1789376917834537435,58293340,156,0,277648,0
1789376917837473009,58293340,156,0,277648,0
1789376918861656816,58294000,200,0,277648,0
1789376918863973782,58294000,200,0,277648,0
1789376919889180731,58291360,424,0,277648,0
1789376919891093588,58290892,432,0,277648,0
1789376920916446540,58290312,472,0,277648,0
1789376920918307990,58290312,472,0,277648,0
1789376921946145090,58290860,524,0,277648,0
1789376921947601585,58290860,524,0,277648,0
1789376922972840667,58290952,136,0,277648,0
1789376922974708093,58290952,136,0,277648,0
1789376924001262410,58290852,196,0,277648,0
1789376924003268790,58290852,196,0,277648,0
1789376925032233902,58292728,396,0,277648,0
1789376925034554367,58292728,396,0,277648,0
1789376926062151288,58292340,432,0,277648,0
1789376926064684451,58292340,432,0,277648,0
1789376927089753268,58291116,468,0,277648,0
1789376927091791724,58290612,468,0,277648,0
1789376928117122144,58290460,140,0,277648,0
1789376928119476063,58289956,140,0,277648,0
1789376929148170755,58290684,208,0,277648,0
1789376929150452493,58290684,208,0,277648,0
1789376930179454069,58289316,376,0,277648,0
1789376930181132418,58289316,376,0,277648,0
1789376931209419043,58290660,416,0,277648,0
1789376931211063239,58290660,416,0,277648,0
1789376932236750560,58289260,472,0,277648,0
1789376932238457889,58289260,472,0,277648,0
1789376933264892563,58289500,92,0,277648,0
1789376933266967116,58289500,92,0,277648,0
1789376934295246434,58287892,196,0,277648,0
1789376934297661099,58287892,196,0,277648,0
1789376935326450235,58285824,384,0,277648,0
1789376935328592989,58285824,384,0,277648,0
1789376936356409534,58284156,428,0,277648,0
1789376936359025434,58283652,428,0,277648,0
1789376937383492179,58283244,64,164,277648,0
1789376937386155815,58283244,64,164,277648,0
1789376938410341078,58281844,132,0,277648,0
1789376938413506218,58281844,132,0,277648,0
1789376939441190779,58282828,196,0,277648,0
1789376939442681049,58283336,196,0,277648,0
1789376940472930032,58284208,396,0,277648,0
1789376940473991811,58284208,396,0,277648,0
1789376941502831239,58282312,428,0,277648,0
1789376941504192294,58282312,428,0,277648,0
1789376942531102450,58283820,484,0,277648,0
1789376942532612979,58283316,484,0,277648,0
1789376943558323720,58284212,148,0,277648,0
1789376943559604439,58283708,148,0,277648,0
1789376944587698216,58285408,216,0,277648,0
1789376944589201429,58285408,216,0,277648,0
1789376945619024203,58284576,400,0,277648,0
1789376945620175662,58284576,400,0,277648,0
1789376946648611132,58287456,436,0,277648,0
1789376946650672507,58287456,436,0,277648,0
1789376947674473293,58286532,12,0,277648,0
1789376947677524306,58286532,12,0,277648,0
1789376948701310949,58284796,124,0,277648,0
1789376948704368737,58284796,124,0,277648,0
1789376949728799385,58286260,600,0,277648,0
1789376949731438139,58286260,600,0,277648,0
1789376950755163791,58286112,636,0,277648,0
1789376950758248559,58286112,636,0,277648,0
1789376951782295793,58284968,676,0,277648,0
1789376951785295090,58284968,676,0,277648,0
1789376952810436853,58284528,0,0,277648,0
1789376952812441889,58284528,0,0,277648,0
1789376953841531417,58283104,164,0,277648,0
1789376953843353687,58283112,164,0,277648,0
1789376954873564152,58283188,328,0,277648,0
1789376954874937877,58283188,328,0,277648,0
1789376955905426720,58280280,372,0,277648,0
1789376955907287707,58280280,372,0,277648,0
1789376956937186510,58281052,416,0,277648,0
1789376956938684250,58281052,416,0,277648,0
1789376957968821186,58282404,0,0,277648,0
1789376957970695725,58282404,0,0,277648,0
1789376959000676800,58283428,164,0,277648,0
1789376959002508423,58282924,164,0,277648,0
1789376960031397452,58281592,2720,0,277648,0
1789376960033131402,58281592,2720,0,277648,0
1789376961061491940,58281308,2756,0,277648,0
1789376961064345212,58281308,2756,0,277648,0
1789376962092102264,58283172,2804,0,277648,0
1789376962095065488,58283172,2804,0,277648,0
1789376963122186903,58283848,724,432,277648,0
1789376963126118359,58283848,724,432,277648,0
1789376964152765240,58283988,172,0,277648,0
1789376964157098384,58283988,172,0,277648,0
1789376965183333855,58285764,2920,0,277648,0
1789376965187666833,58285764,2920,0,277648,0
1789376966214040394,58285072,2952,0,277648,0
1789376966217449695,58285072,2952,0,277648,0
1789376967244067877,58287020,3000,0,277648,0
1789376967247389326,58287524,3000,0,277648,0
1789376968274581472,58288648,3036,0,277648,0
1789376968277980696,58288648,3036,0,277648,0
1789376969306477629,58287308,108,0,277648,0
1789376969309455146,58287308,108,0,277648,0
1789376970336705978,58287292,2092,0,277648,0
1789376970340031562,58287312,2092,0,277648,0
1789376971367045877,58289232,2132,0,277648,0
1789376971371290077,58289232,2132,0,277648,0
1789376972397726603,58287572,2176,0,277648,0
1789376972402182510,58287572,2176,0,277648,0
1789376973428387251,58289908,3300,0,277648,0
1789376973432596280,58289908,3300,0,277648,0
1789376974459035381,58290216,1328,276,277648,0
1789376974463417501,58290216,1332,276,277648,0
1789376975489851617,58290444,364,0,277648,0
1789376975493545131,58289940,364,0,277648,0
1789376976520186620,58289752,400,0,277648,0
1789376976524045341,58289752,400,0,277648,0
1789376977550263515,58290856,440,0,277648,0
1789376977552673381,58290856,440,0,277648,0
1789376978580322181,58291452,1604,0,277648,0
1789376978582009642,58291956,1604,0,277648,0
1789376979609160345,58292136,1636,0,277648,0
1789376979611334556,58292136,1636,0,277648,0
1789376980636365165,58290168,84,0,277648,0
1789376980637315399,58290168,84,0,277648,0
1789376981664562396,58290636,188,0,277648,0
1789376981665043404,58290636,188,0,277648,0
1789376982691978018,58289756,240,0,277648,0
1789376982693879421,58289756,240,0,277648,0
1789376983720842595,58292644,444,0,277648,0
1789376983722949304,58292644,444,0,277648,0
1789376984750779664,58287844,700,0,277648,0
1789376984752076241,58287844,700,0,277648,0
1789376985778461133,58297120,320,0,277648,0
1789376985779852939,58297120,320,0,277648,0
1789376986805425286,58295848,188,0,277648,0
1789376986806037794,58295848,188,0,277648,0
1789376987832079372,58293928,224,0,277648,0
1789376987833070154,58293928,224,0,277648,0
1789376988858862336,58294340,276,0,277648,0
1789376988860346510,58294340,276,0,277648,0
1789376989885968519,58292740,548,0,277648,0
1789376989887049343,58292236,552,0,277648,0
1789376990913447390,58273008,100,0,277648,0
1789376990913846355,58273008,100,0,277648,0
1789376991942322697,58271676,416,0,277648,0
1789376991943132790,58271676,416,0,277648,0
1789376992973134765,58271216,464,0,277648,0
1789376992974791096,58271468,464,0,277648,0
1789376994003650251,58269080,508,0,277648,0
1789376994005712354,58269584,508,0,277648,0
1789376995034525090,58269168,552,0,277648,0
1789376995036241637,58269672,552,0,277648,0
1789376996065248767,58268280,312,0,277648,0
1789376996066484655,58268280,312,0,277648,0
1789376997095560159,58266856,412,0,277648,0
1789376997097187001,58266856,412,0,277648,0
1789376998126400696,58266500,444,0,277648,0
1789376998128363060,58266500,444,0,277648,0
1789376999156962446,58266940,492,0,277648,0
1789376999159328782,58266436,492,0,277648,0
1789377000187448133,58265028,528,0,277648,0
1789377000189839672,58265028,528,0,277648,0
1789377001218592966,58263800,256,0,277648,0
1789377001221453856,58263800,256,0,277648,0
1789377002248722651,58263184,348,0,277648,0
1789377002251926266,58263184,348,0,277648,0
1789377003279176025,58264580,376,0,277648,0
1789377003282624476,58264580,376,0,277648,0
1789377004310083609,58266708,436,0,277648,0
1789377004312847438,58266484,436,0,277648,0
1789377005340865296,58261096,480,0,277648,0
1789377005343323639,58261096,480,0,277648,0
1789377006371078651,58262736,236,0,277648,0
1789377006373842373,58262736,236,0,277648,0
1789377007401321976,58262044,344,0,277648,0
1789377007403258081,58262044,344,0,277648,0
1789377008431833165,58251804,388,0,277648,0
1789377008433696695,58251804,388,0,277648,0
1789377009461999212,58252880,436,0,277648,0
1789377009463869180,58252880,436,0,277648,0
1789377010488724989,58253488,456,0,277648,0
1789377010490669269,58252984,456,0,277648,0
1789377011515634510,58258884,44,312,277648,0
1789377011517376863,58258884,44,312,277648,0
1789377012542388237,58259228,144,0,277648,0
1789377012544377608,58258724,144,0,277648,0
1789377013569294882,58260256,220,0,277648,0
1789377013571257217,58260760,220,0,277648,0
1789377014596372123,58262724,236,0,277648,0
1789377014598405113,58262724,236,0,277648,0
1789377015624092135,58262664,296,0,277648,0
1789377015626020378,58262664,296,0,277648,0
1789377016654742162,58260512,568,0,277648,0
1789377016656328559,58260512,568,0,277648,0
1789377017685187488,58261116,192,0,277648,0
1789377017686916852,58261116,192,0,277648,0
1789377018715530414,58261004,212,0,277648,0
1789377018717563001,58261004,212,0,277648,0
1789377019745882925,58262592,276,0,277648,0
1789377019748023885,58262592,276,0,277648,0
1789377020775445377,58262680,296,0,277648,0
1789377020777880298,58262680,296,0,277648,0
1789377021806117710,58263112,0,0,277648,0
1789377021808766370,58262608,0,0,277648,0
1789377022836946317,58261260,168,0,277648,0
1789377022839030203,58261260,168,0,277648,0
1789377023867310997,58261096,200,0,277648,0
1789377023870096607,58261096,200,0,277648,0
1789377024897909326,58260788,256,0,277648,0
1789377024900615478,58260788,256,0,277648,0
1789377025928777079,58259116,300,0,277648,0
1789377025930961542,58259116,300,0,277648,0
1789377026959206841,58257988,84,0,277648,0
1789377026961340393,58257988,84,0,277648,0
1789377027989876268,58259664,188,0,277648,0
1789377027992175235,58259664,188,0,277648,0
1789377029020854306,58259800,236,0,277648,0
1789377029022903116,58259800,236,0,277648,0
1789377030051848458,58256668,272,0,277648,0
1789377030054226383,58256668,272,0,277648,0
1789377031082485177,58257808,328,0,277648,0
1789377031084983193,58257808,328,0,277648,0
1789377032112906752,58259440,112,0,277648,0
1789377032115186812,58259440,112,0,277648,0
1789377033143527867,58259544,180,0,277648,0
1789377033145916128,58259040,180,0,277648,0
1789377034173856183,58260892,224,0,277648,0
1789377034176177803,58260892,224,0,277648,0
1789377035200842304,58262260,256,0,277648,0
1789377035202958042,58262260,256,0,277648,0
1789377036227181374,58261920,504,0,277648,0
1789377036229499970,58261920,504,0,277648,0
1789377037253960578,58260944,36,0,277648,0
1789377037255675411,58260944,36,0,277648,0
1789377038281017335,58260324,184,0,277648,0
1789377038282388804,58260324,184,0,277648,0
1789377039306936789,58258404,212,0,277648,0
1789377039309471883,58258404,212,0,277648,0
1789377040334315876,58257344,260,0,277648,0
1789377040337003527,58257344,260,0,277648,0
1789377041364477858,58258480,464,0,277648,0
1789377041366676531,58258480,464,0,277648,0
1789377042395001937,58258400,60,0,277648,0
1789377042397306441,58258400,60,0,277648,0
1789377043425934479,58256736,184,0,277648,0
1789377043427253641,58256736,184,0,277648,0
1789377044456767666,58258408,236,0,277648,0
1789377044458643393,58258408,236,0,277648,0
1789377045487043793,58257716,268,0,277648,0
1789377045489196761,58257716,268,0,277648,0
1789377046517527873,58258636,480,0,277648,0
1789377046519952390,58258636,480,0,277648,0
1789377047548528359,58258452,24,0,277648,0
1789377047550606263,58257948,24,0,277648,0
1789377048578981618,58257316,172,0,277648,0
1789377048581407322,58257316,172,0,277648,0
1789377049609085013,58254472,196,0,277648,0
1789377049611008277,58254472,196,0,277648,0
1789377050639887311,58254600,252,0,277648,0
1789377050641174522,58254096,252,0,277648,0
1789377051670465497,58258292,264,0,277648,0
1789377051671930098,58258292,264,0,277648,0
1789377052701547164,58259456,72,0,277648,0
1789377052702935914,58259456,72,0,277648,0
1789377053732530490,58261604,176,0,277648,0
1789377053734667118,58261604,176,0,277648,0
1789377054763581414,58257376,232,0,277648,0
1789377054765526038,58257376,232,0,277648,0
1789377055794037062,58257224,284,0,277648,0
1789377055795918633,58257224,284,0,277648,0
1789377056824674349,58256072,456,0,277648,0
1789377056826557575,58256576,456,0,277648,0
1789377057855393118,58255656,500,32,277648,0
1789377057857277634,58255656,500,32,277648,0
1789377058885908464,58254320,188,0,277648,0
1789377058887180513,58254320,188,0,277648,0
1789377059913181937,58254916,228,0,277648,0
1789377059914525366,58254916,228,0,277648,0
1789377060940175557,58255252,276,0,277648,0
1789377060941763204,58255252,276,0,277648,0
1789377061966525723,58258392,524,0,277648,0
1789377061968601882,58258392,524,0,277648,0
1789377062993546014,58256472,76,0,277648,0
1789377062995468429,58256472,76,0,277648,0
1789377064021072068,58252620,188,0,277648,0
1789377064022607435,58252620,188,0,277648,0
1789377065049376896,58255352,252,0,277648,0
1789377065050038636,58255352,252,0,277648,0
1789377066079914568,58233672,548,0,277648,0
1789377066081056510,58233420,548,0,277648,0
1789377067110070715,58235100,580,0,277648,0
1789377067110702301,58235100,580,0,277648,0
1789377068139539684,58267004,88,0,277648,0
1789377068140604273,58267004,88,0,277648,0
1789377069168530960,58251508,192,0,277648,0
1789377069171065252,58251508,192,0,277648,0
1789377070196548677,58254036,232,0,277648,0
1789377070199630097,58254036,232,0,277648,0
1789377071226885199,58256268,480,0,277648,0
1789377071230029616,58256268,480,0,277648,0
1789377072257869165,58254136,512,0,277648,0
1789377072261006965,58254136,512,0,277648,0
1789377073289054103,58255140,80,0,277648,0
1789377073291842328,58255140,80,0,277648,0
1789377074319555225,58255008,184,0,277648,0
1789377074322517116,58255008,184,0,277648,0
1789377075350215774,58255260,224,0,277648,0
1789377075353225840,58255764,224,0,277648,0
1789377076380512014,58255132,432,0,277648,0
1789377076383310479,58255132,432,0,277648,0
1789377077410812456,58257772,480,0,277648,0
1789377077414190181,58257772,480,0,277648,0
1789377078441015632,58256856,400,116,277648,0
1789377078444219212,58256856,400,116,277648,0
1789377079471678148,58255568,180,0,277648,0
1789377079474472129,58255568,180,0,277648,0
1789377080501900846,58254964,228,0,277648,0
1789377080504308526,58254964,228,0,277648,0
1789377081532495687,58256324,396,0,277648,0
1789377081534857863,58256324,396,0,277648,0
1789377082562668132,58258772,448,0,277648,0
1789377082565712661,58258772,448,0,277648,0
1789377083593089936,58256584,92,0,277648,0
1789377083595961188,58256584,92,0,277648,0
1789377084620397766,58256740,196,0,277648,0
1789377084622584038,58256740,196,0,277648,0
1789377085646964360,58256948,404,0,277648,0
1789377085649438690,58256948,404,0,277648,0
1789377086673892583,58256452,432,0,277648,0
1789377086676241814,58256452,432,0,277648,0
1789377087700336724,58255284,492,0,277648,0
1789377087703177115,58255284,492,0,277648,0
1789377088726913173,58255452,72,216,277648,0
1789377088730342574,58255452,72,216,277648,0
1789377089754261290,58256328,176,0,277648,0
1789377089757927502,58256328,176,0,277648,0
1789377090784754333,58256392,392,0,277648,0
1789377090788016114,58256896,392,0,277648,0
1789377091815348408,58257252,428,0,277648,0
1789377091818034696,58257252,428,0,277648,0
1789377092846002164,58259932,472,0,277648,0
1789377092848916690,58259932,472,0,277648,0
1789377093876543957,58261280,276,0,277648,0
1789377093879030884,58261280,276,0,277648,0
1789377094907319869,58259872,188,0,277648,0
1789377094910006907,58259872,188,0,277648,0
1789377095937998412,58258472,400,0,277648,0
1789377095941140951,58258472,400,0,277648,0
1789377096969376353,58256784,444,0,277648,0
1789377096972373868,58256784,444,0,277648,0
1789377098001115515,58258416,488,0,277648,0
1789377098004677714,58258416,488,0,277648,0
1789377099032839908,58258764,92,0,277648,0
1789377099036739395,58259772,92,0,277648,0
1789377100065284665,58259652,180,0,277648,0
1789377100068444686,58259652,180,0,277648,0
1789377101096058723,58260984,356,0,277648,0
1789377101099053014,58260480,356,0,277648,0
1789377102126775136,58259444,400,0,277648,0
1789377102129393047,58259444,400,0,277648,0
1789377103157286399,58257260,444,0,277648,0
1789377103159994244,58257260,444,0,277648,0
1789377104187878594,58253808,92,0,277648,0
1789377104190565968,58253808,92,0,277648,0
1789377105218609821,58255396,188,0,277648,0
1789377105221079386,58255396,188,0,277648,0
1789377106248821939,58258052,388,0,277648,0
1789377106251240610,58258052,388,0,277648,0
1789377107279207432,58259912,436,0,277648,0
1789377107282265948,58258656,436,0,277648,0
1789377108309823413,58259524,472,0,277648,0
1789377108312409504,58259524,472,0,277648,0
1789377109336476619,58256584,76,0,277648,0
1789377109338777191,58256836,76,0,277648,0
1789377110363112775,58255656,176,0,277648,0
1789377110365654491,58255152,176,0,277648,0
1789377111389913017,58254564,388,0,277648,0
1789377111392335029,58254564,388,0,277648,0
1789377112416605809,58256152,416,0,277648,0
1789377112419184585,58256152,416,0,277648,0
1789377113443178315,58255020,476,0,277648,0
1789377113446022645,58255020,476,0,277648,0
1789377114470662071,58254328,48,0,277648,0
1789377114473524667,58254328,48,0,277648,0
1789377115501189506,58253284,192,0,277648,0
1789377115504263637,58253284,192,0,277648,0
1789377116531717196,58253624,392,0,277648,0
1789377116534949457,58252900,392,0,277648,0
1789377117562708806,58252540,436,0,277648,0
1789377117565317419,58253044,436,0,277648,0
1789377118593203908,58251224,464,0,277648,0
1789377118595751779,58250720,464,0,277648,0
1789377119623902980,58251404,20,212,277648,0
1789377119626368062,58251404,20,212,277648,0
1789377120654849589,58251272,320,0,277648,0
1789377120657245017,58251524,320,0,277648,0
1789377121686036158,58249372,376,0,277648,0
1789377121688368969,58249372,376,0,277648,0
1789377122715510449,58252056,412,0,277648,0
1789377122718428259,58252056,412,0,277648,0
1789377123745199426,58250624,456,0,277648,0
1789377123749432727,58250624,456,0,277648,0
1789377124776030568,58250812,28,0,277648,0
1789377124780649990,58250060,28,0,277648,0
1789377125807187023,58251940,312,0,277648,0
1789377125811217283,58251940,312,0,277648,0
1789377126838330923,58252364,384,0,277648,0
1789377126842229139,58252364,384,0,277648,0
1789377127869517936,58251672,424,0,277648,0
1789377127872842448,58251672,424,0,277648,0
1789377128900127773,58249968,444,0,277648,0
1789377128902916299,58249968,444,0,277648,0
1789377129931101941,58252052,28,0,277648,0
1789377129933354967,58252052,28,0,277648,0
1789377130962225014,58251680,320,0,277648,0
1789377130963944861,58251680,320,0,277648,0
1789377131992682282,58253816,368,0,277648,0
1789377131994458772,58253816,368,0,277648,0
1789377133022070491,58254420,416,0,277648,0
1789377133024646693,58254420,416,0,277648,0
1789377134048204854,58254748,460,0,277648,0
1789377134051612780,58254748,460,0,277648,0
1789377135074803749,58255612,60,0,277648,0
1789377135078427586,58255612,60,0,277648,0
1789377136101419531,58256508,312,0,277648,0
1789377136104752305,58256508,312,0,277648,0
1789377137128342392,58259592,356,0,277648,0
1789377137131471835,58259592,356,0,277648,0
1789377138154727343,58261224,408,0,277648,0
1789377138158537963,58261224,408,0,277648,0
1789377139181724228,58263076,448,0,277648,0
1789377139185542646,58263076,448,0,277648,0
1789377140208615375,58263676,72,0,277648,0
1789377140212480462,58263676,76,0,277648,0
1789377141235819887,58262508,356,0,277648,0
1789377141238817684,58262508,360,0,277648,0
1789377142262827832,58262876,400,0,277648,0
1789377142265581372,58262876,400,0,277648,0
1789377143290030494,58264456,420,0,277648,0
1789377143292170151,58264456,420,0,277648,0
1789377144316829112,58265392,472,0,277648,0
1789377144318707422,58265392,472,0,277648,0
1789377145343698730,58264780,64,140,277648,0
1789377145345845407,58264780,64,140,277648,0
1789377146369996375,58263580,304,0,277648,0
1789377146372809555,58263580,304,0,277648,0
1789377147399302494,58262760,356,0,277648,0
1789377147402463229,58262760,356,0,277648,0
1789377148430003306,58263480,404,0,277648,0
1789377148432871895,58263480,404,0,277648,0
1789377149460671144,58264668,452,0,277648,0
1789377149462496538,58264164,452,0,277648,0
1789377150488041154,58263312,44,8,277648,0
1789377150489750374,58263312,44,8,277648,0
1789377151515277100,58263360,308,0,277648,0
1789377151516823777,58263360,308,0,277648,0
1789377152545989069,58263968,372,0,277648,0
1789377152547597591,58263968,372,0,277648,0
1789377153576508957,58263772,400,0,277648,0
1789377153577974685,58263772,400,0,277648,0
1789377154606293009,58263124,456,0,277648,0
1789377154608115153,58263124,456,0,277648,0
1789377155633190844,58262252,168,0,277648,0
1789377155635239673,58262252,168,0,277648,0
1789377156661542030,58263012,328,0,277648,0
1789377156663477470,58263012,336,0,277648,0
1789377157691872254,58263052,552,0,277648,0
1789377157694156424,58263052,552,0,277648,0
1789377158722394080,58262252,608,0,277648,0
1789377158724442757,58262252,608,0,277648,0
1789377159750474231,58261936,652,0,277648,0
1789377159752490994,58262944,652,0,277648,0
1789377160777584077,58263084,712,0,277648,0
1789377160779156205,58263084,712,0,277648,0
1789377161806459501,58262944,248,0,277648,0
1789377161807464380,58262440,248,0,277648,0
1789377162836808756,58264624,308,0,277648,0
1789377162838261665,58264624,308,0,277648,0
1789377163867330036,58267224,388,0,277648,0
1789377163868808405,58267224,388,0,277648,0
1789377164894307506,58266788,420,0,277648,0
1789377164897004657,58266788,420,0,277648,0
1789377165921062116,58265408,644,0,277648,0
1789377165924166157,58265408,644,0,277648,0
1789377166951135264,58262144,236,0,277648,0
1789377166954524301,58262144,236,0,277648,0
1789377167982581576,58262220,360,0,277648,0
1789377167985207718,58262220,360,0,277648,0
1789377169012731251,58260608,404,0,277648,0
1789377169015448685,58260608,404,0,277648,0
1789377170042595308,58261736,444,0,277648,0
1789377170045095336,58261736,444,0,277648,0
1789377171070319175,58262548,644,0,277648,0
1789377171072056614,58263052,644,0,277648,0
1789377172098731086,58263692,124,0,277648,0
1789377172100108733,58263692,124,0,277648,0
1789377173129202458,58263516,208,0,277648,0
1789377173130220565,58263516,208,0,277648,0
1789377174155929993,58262440,252,0,277648,0
1789377174157429645,58262440,252,0,277648,0
1789377175182663195,58262708,284,0,277648,0
1789377175183975415,58262708,284,0,277648,0
1789377176209848876,58262096,744,0,277648,0
1789377176210860799,58262096,744,0,277648,0
1789377177235505196,58261832,156,0,277648,0
1789377177237847017,58261832,156,0,277648,0
1789377178261694490,58261248,208,0,277648,0
1789377178265007091,58261248,208,0,277648,0
1789377179289291793,58259680,252,0,277648,0
1789377179292279298,58259680,252,0,277648,0
1789377180319494938,58259568,292,0,277648,0
1789377180321979493,58259568,292,0,277648,0
1789377181348934375,58260492,12,184,277648,0
1789377181351280665,58260492,12,184,277648,0
1789377182378778423,58260076,152,0,277648,0
1789377182381058727,58260076,152,0,277648,0
1789377183408678326,58259948,196,0,277648,0
1789377183410311667,58259948,196,0,277648,0
1789377184439044296,58259056,252,0,277648,0
1789377184440829904,58258552,252,0,277648,0
1789377185468760581,58257464,284,0,277648,0
1789377185470569260,58257464,284,0,277648,0
1789377186498005937,58256376,4,216,277648,0
1789377186500118285,58255872,4,216,277648,0
1789377187527516928,58254520,148,0,277648,0
1789377187529301201,58254520,148,0,277648,0
1789377188557837621,58255244,204,0,277648,0
1789377188559990296,58255244,204,0,277648,0
1789377189588300530,58253844,244,0,277648,0
1789377189590555330,58253844,244,0,277648,0
1789377190618438531,58255912,280,0,277648,0
1789377190620977593,58255912,280,0,277648,0
1789377191654858898,58256696,3552,24,277648,0
1789377191656166355,58256696,3552,24,277648,0
1789377192684805083,58254848,176,8,277648,0
1789377192686662465,58254848,180,8,277648,0
1789377193715445543,58254724,208,0,277648,0
1789377193717657269,58255228,208,0,277648,0
1789377194745988476,58253516,264,0,277648,0
1789377194748719156,58253516,264,0,277648,0
1789377195776607972,58253640,2304,0,277648,0
1789377195778987085,58253640,2304,0,277648,0
1789377196805475010,58274444,2328,0,277648,0
1789377196807661500,58274444,2328,0,277648,0
1789377197835468409,58273680,1900,8,277648,0
1789377197837590732,58273680,1900,8,277648,0
1789377198864750369,58275388,168,0,277648,0
1789377198866845943,58275388,168,0,277648,0
1789377199894706446,58277360,212,0,277648,0
1789377199897178378,58276856,212,0,277648,0
1789377200924693586,58277756,2408,0,277648,0
1789377200927009616,58277756,2408,0,277648,0
1789377201954071370,58279012,2452,0,277648,0
1789377201956357834,58279012,2452,0,277648,0
1789377202984008125,58278780,2484,0,277648,0
1789377202986309355,58278780,2484,0,277648,0
1789377204014611448,58278228,32,0,277648,0
1789377204017389787,58277724,32,0,277648,0
1789377205043870335,58279348,168,0,277648,0
1789377205047015468,58279348,168,0,277648,0
1789377206074229065,58278436,1404,0,277648,0
1789377206077072026,58278436,1404,0,277648,0
1789377207104556023,58278840,1460,0,277648,0
1789377207107018946,58278880,1472,0,277648,0
1789377208134183456,58279900,1500,0,277648,0
1789377208136644633,58279900,1500,0,277648,0
1789377209165206541,58281592,48,0,277648,0
1789377209167166496,58281088,48,0,277648,0
1789377210194916486,58281988,168,0,277648,0
1789377210197141566,58281988,168,0,277648,0
1789377211226284219,58281864,376,0,277648,0
1789377211227830662,58281864,376,0,277648,0
1789377212256691526,58280852,432,0,277648,0
1789377212258257576,58281356,432,0,277648,0
1789377213283668361,58279492,480,0,277648,0
1789377213285213877,58279492,480,0,277648,0
1789377214310638904,58278632,16,0,277648,0
1789377214311856962,58278632,16,0,277648,0
1789377215337636117,58280024,172,0,277648,0
1789377215338868011,58280024,172,0,277648,0
1789377216363093260,58280392,348,0,277648,0
1789377216364638085,58280392,348,0,277648,0
1789377217390535174,58281756,408,0,277648,0
1789377217391873354,58281756,408,0,277648,0
1789377218417074590,58279704,444,0,277648,0
1789377218419869538,58279704,444,0,277648,0
1789377219446732009,58280064,12,0,277648,0
1789377219449636398,58280064,12,0,277648,0
1789377220476780467,58281988,140,0,277648,0
1789377220479387342,58281988,140,0,277648,0
1789377221506256417,58282488,340,0,277648,0
1789377221508676607,58282488,340,0,277648,0
1789377222536415827,58281576,384,0,277648,0
1789377222538821588,58281576,384,0,277648,0
1789377223566388364,58280720,416,0,277648,0
1789377223568484486,58279968,416,0,277648,0
1789377224595863436,58279484,424,0,277648,0
1789377224597463976,58279484,424,0,277648,0
1789377225625303904,58277852,148,0,277648,0
1789377225626861752,58279868,148,0,277648,0
1789377226654430919,58278864,360,0,277648,0
1789377226656006595,58278864,360,0,277648,0
1789377227683568102,58278192,404,0,277648,0
1789377227685220909,58278192,404,0,277648,0
1789377228712961880,58277364,464,0,277648,0
1789377228715004209,58277364,464,0,277648,0
1789377229742435525,58277612,32,204,277648,0
1789377229744280041,58278116,32,204,277648,0
1789377230772406844,58279260,324,0,277648,0
1789377230774270774,58279260,324,0,277648,0
1789377231801160767,58277272,372,0,277648,0
1789377231803317822,58277272,372,0,277648,0
1789377232830559126,58279080,420,0,277648,0
1789377232832362287,58279080,420,0,277648,0
1789377233860274745,58280952,460,0,277648,0
1789377233862014880,58280952,460,0,277648,0
1789377234886980879,58280580,0,0,277648,0
1789377234890396472,58280580,0,0,277648,0
1789377235916044180,58281024,328,0,277648,0
1789377235917366569,58281024,328,0,277648,0
1789377236943258820,58281872,384,0,277648,0
1789377236946054096,58281368,384,0,277648,0
1789377237968978801,58282936,424,0,277648,0
1789377237973201765,58282936,424,0,277648,0
1789377238996451311,58283856,460,0,277648,0
1789377239000438931,58283856,460,0,277648,0
1789377240024074138,58284240,16,0,277648,0
1789377240028059028,58284240,16,0,277648,0
1789377241049484431,58284988,324,0,277648,0
1789377241055398675,58284988,324,0,277648,0
1789377242077363232,58284652,360,0,277648,0
1789377242082994408,58284148,360,0,277648,0
1789377243106254714,58284520,404,0,277648,0
1789377243112297237,58284520,404,0,277648,0
1789377244135999442,58283244,440,0,277648,0
1789377244141818695,58283244,440,0,277648,0
1789377245166282810,58279936,0,208,277648,0
1789377245170423245,58279456,0,208,277648,0
1789377246196154594,58281084,276,0,277648,0
1789377246197124194,58281084,276,0,277648,0
1789377247225549659,58283552,344,0,277648,0
1789377247227072764,58283552,344,0,277648,0
1789377248255052114,58283436,388,0,277648,0
1789377248257068961,58283436,388,0,277648,0
1789377249284798484,58283332,424,0,277648,0
1789377249286765100,58283332,424,0,277648,0
1789377250314739753,58280932,12,0,277648,0
1789377250316483672,58280932,12,0,277648,0
1789377251344761841,58281592,300,0,277648,0
1789377251345599542,58281592,300,0,277648,0
1789377252374743864,58279196,364,0,277648,0
1789377252376413780,58279196,364,0,277648,0
1789377253404543606,58281024,396,0,277648,0
1789377253406307358,58281024,396,0,277648,0
1789377254434596747,58283640,440,0,277648,0
1789377254436367015,58283640,440,0,277648,0
1789377255464686380,58285048,508,0,277648,0
1789377255466700690,58285048,508,0,277648,0
1789377256494652102,58284472,308,20,277648,0
1789377256496842305,58284472,308,20,277648,0
1789377257524645690,58284828,356,20,277648,0
1789377257526846291,58284828,356,20,277648,0
1789377258554852352,58282984,400,0,277648,0
1789377258556800315,58282984,400,0,277648,0
1789377259584873916,58281816,456,0,277648,0
1789377259586868913,58281816,456,0,277648,0
1789377260614692332,58281484,24,220,277648,0
1789377260616965460,58281484,24,220,277648,0
1789377261644370923,58283336,280,0,277648,0
1789377261646454140,58283336,280,0,277648,0
1789377262671748733,58281988,352,0,277648,0
1789377262673143746,58281988,352,0,277648,0
1789377263698199659,58283124,384,0,277648,0
1789377263700010361,58283124,384,0,277648,0
1789377264725131736,58281676,436,0,277648,0
1789377264726647994,58281676,436,0,277648,0
1789377265751643282,58282688,672,0,277648,0
1789377265753559832,58282688,672,0,277648,0
1789377266779064467,58281364,300,0,277648,0
1789377266781095073,58281364,300,0,277648,0
1789377267809796412,58281632,380,0,277648,0
1789377267811730986,58281632,380,0,277648,0
1789377268840696521,58281564,416,0,277648,0
1789377268842819445,58281564,416,0,277648,0
1789377269871436740,58281248,460,0,277648,0
1789377269873342090,58281248,460,0,277648,0
1789377270901590509,58281220,508,0,277648,0
1789377270904060813,58280716,20,0,277648,0
1789377271932161205,58279264,168,0,277648,0
1789377271935210160,58279264,168,0,277648,0
1789377272963064754,58279240,340,0,277648,0
1789377272965883178,58279240,340,0,277648,0
1789377273993821516,58278176,376,0,277648,0
1789377273996868184,58278176,376,0,277648,0
1789377275024738874,58277756,428,0,277648,0
1789377275027364246,58277756,428,0,277648,0
1789377276055467865,58278676,40,0,277648,0
1789377276058141867,58278676,40,0,277648,0
1789377277086560990,58279076,168,0,277648,0
1789377277088844343,58279076,168,0,277648,0
1789377278116887059,58280508,368,0,277648,0
1789377278119076628,58280508,368,0,277648,0
1789377279147292107,58278664,408,0,277648,0
1789377279149188181,58278664,408,0,277648,0
1789377280177508710,58277012,456,0,277648,0
1789377280179391077,58276508,456,0,277648,0
1789377281208443727,58273840,24,160,277648,0
1789377281210511837,58274348,24,160,277648,0
1789377282239071365,58275584,172,0,277648,0
1789377282240765304,58276088,172,0,277648,0
1789377283269293181,58276500,368,0,277648,0
1789377283271167066,58276500,368,0,277648,0
1789377284298068637,58275644,436,0,277648,0
1789377284300003978,58275644,436,0,277648,0
1789377285328651219,58278032,460,0,277648,0
1789377285330801040,58278284,460,0,277648,0
1789377286359037691,58278632,0,208,277648,0
1789377286361383235,58278632,0,208,277648,0
1789377287385276074,58278980,148,0,277648,0
1789377287388528054,58278980,148,0,277648,0
1789377288412400152,58278544,384,0,277648,0
1789377288415289438,58278544,384,0,277648,0
1789377289438902374,58280208,412,0,277648,0
1789377289442332496,58280208,412,0,277648,0
1789377290466136234,58281260,468,0,277648,0
1789377290469004399,58281260,468,0,277648,0
1789377291493333095,58280136,140,72,277648,0
1789377291496249468,58280136,140,72,277648,0
1789377292522544659,58280968,128,0,277648,0
1789377292525217604,58280968,128,0,277648,0
1789377293550067425,58280116,212,0,277648,0
1789377293553900194,58280116,212,0,277648,0
1789377294580181370,58278424,372,0,277648,0
1789377294583379531,58278424,372,0,277648,0
1789377295609850277,58276324,432,0,277648,0
1789377295611901878,58276324,432,0,277648,0
1789377296639290027,58277696,124,0,277648,0
1789377296641774700,58277696,124,0,277648,0
1789377297668732790,58277848,168,0,277648,0
1789377297671706479,58277848,168,0,277648,0
1789377298699232362,58277928,364,0,277648,0
1789377298702163552,58277928,364,0,277648,0
1789377299730070943,58276864,420,0,277648,0
1789377299732868499,58276864,420,0,277648,0
1789377300760329032,58274800,460,0,277648,0
1789377300762910097,58274800,460,0,277648,0
1789377301791348321,58276836,8,0,277648,0
1789377301793627108,58276836,8,0,277648,0
1789377302821920155,58278352,152,0,277648,0
1789377302823976611,58278352,152,0,277648,0
1789377303852787751,58278460,196,0,277648,0
1789377303854736441,58278460,196,0,277648,0
1789377304882905608,58280124,232,0,277648,0
1789377304884861009,58280124,232,0,277648,0
1789377305914451368,58277760,272,0,277648,0
1789377305915514300,58277760,272,0,277648,0
1789377306944252460,58275940,24,0,277648,0
1789377306946028963,58275940,24,0,277648,0
1789377307975078206,58275584,168,0,277648,0
1789377307976400630,58275584,168,0,277648,0
1789377309005650543,58275932,216,0,277648,0
1789377309006805751,58275932,216,0,277648,0
1789377310036244653,58275100,252,0,277648,0
1789377310037468884,58275100,252,0,277648,0
1789377311063150157,58276708,292,0,277648,0
1789377311064189605,58276708,292,0,277648,0
1789377312089844106,58275608,8,148,277648,0
1789377312091179744,58275608,8,148,277648,0
1789377313116391297,58274036,148,0,277648,0
1789377313118165617,58273532,148,0,277648,0
1789377314143013130,58272836,204,0,277648,0
1789377314145436836,58272836,204,0,277648,0
1789377315170180512,58274336,228,0,277648,0
1789377315172526841,58274336,228,0,277648,0
1789377316197670890,58274532,276,0,277648,0
1789377316199865889,58274532,276,0,277648,0
1789377317228830035,58273708,496,0,277648,0
1789377317230799103,58273708,496,0,277648,0
1789377318259347474,58272376,180,0,277648,0
1789377318261937108,58272376,180,0,277648,0
1789377319289867409,58272356,224,0,277648,0
1789377319292931802,58272356,224,0,277648,0
1789377320320518887,58272820,264,0,277648,0
1789377320323687763,58272820,264,0,277648,0
1789377321351063524,58275460,316,0,277648,0
1789377321354751428,58275460,316,0,277648,0
1789377322382412184,58275880,304,0,277648,0
1789377322384983756,58275880,304,0,277648,0
1789377323413199690,58276120,168,0,277648,0
1789377323415550978,58276120,168,0,277648,0
1789377324443376173,58274680,204,0,277648,0
1789377324446375999,58274680,204,0,277648,0
1789377325473453277,58272564,244,0,277648,0
1789377325475975724,58272564,244,0,277648,0
1789377326504322711,58271908,288,0,277648,0
1789377326506724959,58271908,288,0,277648,0
1789377327534767711,58271588,484,0,277648,0
1789377327537300693,58271588,484,0,277648,0
1789377328566108685,58270792,156,0,277648,0
1789377328568155929,58270796,156,0,277648,0
1789377329597153514,58268740,196,0,277648,0
1789377329598998117,58268740,196,0,277648,0
1789377330627688912,58266824,248,0,277648,0
1789377330630088006,58267328,248,0,277648,0
1789377331659285277,58267140,440,0,277648,0
1789377331661291940,58267140,440,0,277648,0
1789377332690609072,58268496,4,220,277648,0
1789377332692429072,58268496,4,220,277648,0
1789377333721304077,58266148,152,0,277648,0
1789377333723384342,58265644,152,0,277648,0
1789377334751751081,58265496,192,0,277648,0
1789377334754082161,58265496,192,0,277648,0
1789377335777189760,58266076,244,0,277648,0
1789377335781076194,58266076,244,0,277648,0
1789377336804261027,58267500,432,0,277648,0
1789377336807467338,58267500,432,0,277648,0
1789377337831375788,58267152,300,24,277648,0
1789377337834339665,58267152,300,24,277648,0
1789377338858390861,58265772,152,0,277648,0
1789377338861269834,58265772,152,0,277648,0
1789377339885191715,58265932,196,0,277648,0
1789377339887597517,58265932,196,0,277648,0
1789377340913347727,58266536,240,0,277648,0
1789377340915225183,58267360,244,0,277648,0
1789377341945469053,58266980,424,0,277648,0
1789377341947120350,58266980,424,0,277648,0
1789377342976834607,58270496,0,0,277648,0
1789377342979316471,58269992,0,0,277648,0
1789377344008033834,58268948,160,0,277648,0
1789377344009969479,58268948,160,0,277648,0
1789377345039050357,58270908,208,0,277648,0
1789377345041208467,58270908,208,0,277648,0
1789377346069706613,58273096,264,0,277648,0
1789377346071879778,58273096,264,0,277648,0
1789377347101047652,58271516,432,0,277648,0
1789377347102660742,58271516,432,0,277648,0
1789377348132483462,58269112,8,228,277648,0
1789377348134083356,58269112,8,228,277648,0
1789377349163928109,58268784,160,0,277648,0
1789377349165123997,58268784,160,0,277648,0
1789377350195397268,58269692,204,0,277648,0
1789377350196640059,58269692,204,0,277648,0
1789377351226591580,58268108,248,0,277648,0
1789377351228176938,58268108,248,0,277648,0
1789377352258073757,58270396,480,0,277648,0
1789377352259310310,58270396,480,0,277648,0
1789377353289476258,58271240,144,44,277648,0
1789377353290755751,58271240,144,44,277648,0
1789377354320937257,58269616,152,0,277648,0
1789377354322190566,58269616,152,0,277648,0
1789377355352762933,58266020,208,0,277648,0
1789377355353704676,58266020,208,0,277648,0
1789377356383516738,58266544,244,0,277648,0
1789377356385479054,58266544,244,0,277648,0
1789377357414719428,58267492,440,0,277648,0
1789377357416774276,58267492,440,0,277648,0
1789377358444673923,58263332,40,196,277648,0
1789377358447356503,58263332,40,196,277648,0
1789377359474514769,58266060,168,0,277648,0
1789377359477483358,58266060,168,0,277648,0
1789377360501777299,58265496,192,0,277648,0
1789377360504715797,58264992,192,0,277648,0
1789377361527952903,58266680,244,0,277648,0
1789377361530844247,58266680,244,0,277648,0
1789377362554540894,58268920,444,0,277648,0
1789377362557546162,58268920,444,0,277648,0
1789377363581240820,58269548,0,0,277648,0
1789377363584539458,58269548,0,0,277648,0
1789377364607436671,58270180,148,0,277648,0
1789377364611530311,58270180,148,0,277648,0
1789377365634015412,58270152,184,0,277648,0
1789377365638469227,58270152,184,0,277648,0
1789377366660574224,58271080,384,0,277648,0
1789377366665239578,58271584,384,0,277648,0
1789377367686791132,58273260,420,0,277648,0
1789377367692390056,58273260,420,0,277648,0
1789377368714107541,58273396,480,0,277648,0
1789377368719056600,58272388,480,0,277648,0
1789377369740994672,58270836,152,0,277648,0
1789377369745583796,58270836,152,0,277648,0
1789377370767753201,58269456,200,0,277648,0
1789377370772490976,58269504,200,0,277648,0
1789377371794295095,58269308,404,0,277648,0
1789377371799388573,58269056,404,0,277648,0
1789377372820813196,58267248,448,0,277648,0
1789377372826208161,58267248,448,0,277648,0
1789377373847743903,58267180,472,0,277648,0
1789377373853179565,58267180,472,0,277648,0
1789377374875285612,58265168,168,0,277648,0
1789377374880893504,58265168,168,0,277648,0
1789377375905151909,58265324,220,0,277648,0
1789377375910628693,58265324,220,0,277648,0
1789377376936984272,58265084,404,0,277648,0
1789377376941511697,58265084,404,0,277648,0
1789377377967632392,58267368,448,0,277648,0
1789377377973075174,58267872,448,0,277648,0
1789377378995165586,58269020,492,0,277648,0
1789377379001100009,58269020,492,0,277648,0
1789377380024078032,58268168,164,0,277648,0
1789377380029855974,58268168,164,0,277648,0
1789377381056717862,58269336,200,0,277648,0
1789377381061746928,58270348,200,0,277648,0
1789377382087291732,58270300,420,0,277648,0
1789377382093169053,58270300,420,0,277648,0
1789377383117848115,58270876,460,0,277648,0
1789377383121812415,58270876,460,0,277648,0
1789377384144692509,58270128,524,0,277648,0
1789377384149030897,58270128,524,0,277648,0
1789377385172422819,58269972,152,0,277648,0
1789377385177243137,58269972,152,0,277648,0
1789377386202062617,58270208,192,0,277648,0
1789377386207041499,58270208,192,0,277648,0
1789377387232031139,58270972,396,0,277648,0
1789377387237409409,58270972,396,0,277648,0
1789377388259707499,58269248,556,0,277648,0
1789377388265121556,58269248,556,0,277648,0
1789377389286181937,58270488,404,0,277648,0
1789377389291694581,58270488,408,0,277648,0
1789377390315169338,58272004,128,0,277648,0
1789377390320325514,58272004,128,0,277648,0
1789377391346307042,58272596,204,0,277648,0
1789377391351214854,58272596,204,0,277648,0
1789377392376163388,58272856,416,0,277648,0
1789377392381340993,58272856,416,0,277648,0
1789377393403941016,58270608,444,0,277648,0
1789377393409246532,58270608,444,0,277648,0
1789377394430749824,58273752,4,0,277648,0
1789377394433755125,58273752,8,0,277648,0
1789377395457714341,58270860,144,0,277648,0
1789377395460459687,58270860,144,0,277648,0
1789377396488269501,58270620,196,0,277648,0
1789377396491266251,58270620,196,0,277648,0
1789377397518724267,58272016,408,0,277648,0
1789377397521642326,58272016,408,0,277648,0
1789377398548295928,58271832,448,0,277648,0
1789377398550698987,58271832,448,0,277648,0
1789377399575133397,58271012,16,0,277648,0
1789377399577759382,58271012,16,0,277648,0
1789377400598082231,58271512,156,0,277648,0
1789377400601817045,58271512,156,0,277648,0
1789377401624020551,58272404,192,0,277648,0
1789377401628298208,58272404,192,0,277648,0
1789377402654487236,58272632,736,0,277648,0
1789377402668845527,58272632,736,0,277648,0
1789377403681107276,58273060,768,0,277648,0
1789377403694854251,58273060,768,0,277648,0
1789377404707831748,58274816,328,0,277648,0
1789377404721339125,58275320,328,0,277648,0
1789377405735004389,58278240,164,0,277648,0
1789377405748070205,58279248,164,0,277648,0
1789377406764813161,58277560,392,0,277648,0
1789377406778402397,58278064,392,0,277648,0
1789377407794550399,58279708,436,0,277648,0
1789377407807921829,58279708,436,0,277648,0
1789377408824892399,58277600,468,0,277648,0
1789377408838086135,58277600,468,0,277648,0
1789377409855024283,58277156,0,392,277648,0
1789377409868304291,58277660,0,392,277648,0
1789377410885057339,58277840,144,0,277648,0
1789377410898512608,58277868,152,0,277648,0
1789377411915397384,58279676,2300,0,277648,0
1789377411928296754,58280180,2300,0,277648,0
1789377412944680051,58279984,2328,0,277648,0
1789377412958291255,58279984,2328,0,277648,0
1789377413974838980,58280884,2384,0,277648,0
1789377413988107793,58280380,2384,0,277648,0
1789377415005452121,58285328,28,0,277648,0
1789377415018603160,58285336,28,0,277648,0
1789377416035358800,58285212,172,0,277648,0
1789377416048494094,58285212,172,0,277648,0
1789377417065169206,58285872,4644,0,277648,0
1789377417078428850,58285872,4644,0,277648,0
1789377418094974640,58286400,4680,0,277648,0
1789377418108900015,58285896,4680,0,277648,0
1789377419125196331,58286500,4736,0,277648,0
1789377419138885301,58286500,4736,0,277648,0
1789377420155446213,58286872,4312,204,277648,0
1789377420169380559,58286872,4312,204,277648,0
1789377421186075348,58285344,516,0,277648,0
1789377421200130987,58285344,516,0,277648,0
1789377422216432618,58287252,2984,0,277648,0
1789377422230594351,58287252,2984,0,277648,0
1789377423246823498,58286824,3036,0,277648,0
1789377423260119049,58286824,3036,0,277648,0
1789377424276384673,58288356,3088,0,277648,0
1789377424290020591,58288860,3088,0,277648,0
1789377425306488366,58287084,3124,0,277648,0
1789377425320636418,58287084,3124,0,277648,0
1789377426336732678,58289612,1724,8,277648,0
1789377426350434853,58289612,1716,8,277648,0
1789377427366602903,58289524,1036,0,277648,0
1789377427380917043,58289524,1036,0,277648,0
1789377428397078775,58290256,1080,0,277648,0
1789377428410702076,58290256,1080,0,277648,0
1789377429427286699,58288972,1128,0,277648,0
1789377429441091420,58289476,1128,0,277648,0
1789377430457617296,58290408,1184,0,277648,0
1789377430471203161,58290408,1184,0,277648,0
1789377431487828007,58292572,1208,0,277648,0
1789377431501754182,58292572,1208,0,277648,0
1789377432517825972,58292952,32,0,277648,0
1789377432531565480,58292728,36,0,277648,0
1789377433546705319,58292104,156,0,277648,0
1789377433560748472,58291600,156,0,277648,0
1789377434576949194,58290300,208,0,277648,0
1789377434591075454,58290804,208,0,277648,0
1789377435606255591,58289464,252,0,277648,0
1789377435621519949,58289464,252,0,277648,0
1789377436636262156,58288272,292,0,277648,0
1789377436650637726,58287768,292,0,277648,0
1789377437666169703,58285984,0,12,277648,0
1789377437681397489,58285480,20,12,277648,0
1789377438695610828,58286200,116,0,277648,0
1789377438710802570,58286456,116,0,277648,0
1789377439721797504,58287520,220,0,277648,0
1789377439737678061,58287020,220,0,277648,0
1789377440748265330,58286940,256,0,277648,0
1789377440764358411,58285932,256,0,277648,0
1789377441774530101,58284552,300,0,277648,0
1789377441790575002,58285056,300,0,277648,0
1789377442800821301,58286552,0,0,277648,0
1789377442816832484,58286552,0,0,277648,0
1789377443827709817,58285076,144,0,277648,0
1789377443844493240,58285076,144,0,277648,0
1789377444857844883,58282244,192,0,277648,0
1789377444874740474,58282244,192,0,277648,0
1789377445888218646,58283896,252,0,277648,0
1789377445905854891,58284400,252,0,277648,0
1789377446918427542,58282380,448,0,277648,0
1789377446935914777,58282884,448,0,277648,0
1789377447948832253,58282828,8,0,277648,0
1789377447965726561,58282576,8,0,277648,0
1789377448978192952,58281936,164,0,277648,0
1789377448996125459,58281432,164,0,277648,0
1789377450008223048,58280600,196,0,277648,0
1789377450026524615,58280600,196,0,277648,0
1789377451037926453,58278784,248,0,277648,0
1789377451055927490,58278816,248,0,277648,0
1789377452068191420,58276180,472,0,277648,0
1789377452085998542,58276684,472,0,277648,0
1789377453098630455,58276488,16,0,277648,0
1789377453116592910,58276488,16,0,277648,0
1789377454128693341,58275020,172,0,277648,0
1789377454146627295,58275020,172,0,277648,0
1789377455158648267,58277320,220,0,277648,0
1789377455176771663,58276816,220,0,277648,0
1789377456189096724,58277016,256,0,277648,0
1789377456206448544,58277016,256,0,277648,0
1789377457219160715,58276392,448,0,277648,0
1789377457236892405,58276392,448,0,277648,0
1789377458249726670,58273804,0,0,277648,0
1789377458267484133,58273132,0,0,277648,0
1789377459280579454,58274356,156,0,277648,0
1789377459298264268,58274356,156,0,277648,0
1789377460310952974,58273572,200,0,277648,0
1789377460328573781,58273068,200,0,277648,0
1789377461341728831,58274748,248,0,277648,0
1789377461359061766,58274244,248,0,277648,0
1789377462371877322,58273560,436,0,277648,0
1789377462389229144,58273056,436,0,277648,0
1789377463401750429,58271872,480,0,277648,0
1789377463418765061,58272376,480,0,277648,0
1789377464428504589,58272508,124,0,277648,0
1789377464445867319,58273012,124,0,277648,0
1789377465455405255,58273220,204,0,277648,0
1789377465472690082,58273224,204,0,277648,0
1789377466481636897,58272352,240,0,277648,0
1789377466499511227,58272352,240,0,277648,0
1789377467507678016,58272164,404,0,277648,0
1789377467526154778,58272164,404,0,277648,0
1789377468535018813,58273332,460,0,277648,0
1789377468553425017,58273332,460,0,277648,0
1789377469564977993,58273696,132,0,277648,0
1789377469583775152,58274200,132,0,277648,0
1789377470595084058,58271184,180,0,277648,0
1789377470614146138,58272192,180,0,277648,0
1789377471624156242,58274720,228,0,277648,0
1789377471643919788,58274732,228,0,277648,0
1789377472654405268,58275648,432,0,277648,0
1789377472674636682,58275144,432,0,277648,0
1789377473684256605,58276672,488,0,277648,0
1789377473703714775,58277176,500,0,277648,0
1789377474713682889,58277340,92,80,277648,0
1789377474733952443,58276836,92,80,277648,0
1789377475742618177,58277348,204,0,277648,0
1789377475763609442,58277348,204,0,277648,0
1789377476771366574,58277864,232,0,277648,0
1789377476792115331,58278368,232,0,277648,0
1789377477800600302,58277640,472,0,277648,0
1789377477818572762,58278148,472,0,277648,0
1789377478830604849,58276024,508,0,277648,0
1789377478848063534,58275520,508,0,277648,0
1789377479860610849,58276004,128,0,277648,0
1789377479878090328,58276004,128,0,277648,0
1789377480890709317,58275340,200,0,277648,0
1789377480908149855,58274836,200,0,277648,0
1789377481921203773,58276468,404,0,277648,0
1789377481938633592,58275964,404,0,277648,0
1789377482950935172,58277732,448,0,277648,0
1789377482968508763,58277732,448,0,277648,0
1789377483980155749,58277420,476,0,277648,0
1789377483998284150,58277420,476,0,277648,0
1789377485010383017,58278600,120,0,277648,0
1789377485028372260,58277344,120,0,277648,0
1789377486040559697,58279556,200,0,277648,0
1789377486058514955,58279556,200,0,277648,0
1789377487071131803,58279292,400,0,277648,0
1789377487088412646,58279292,400,0,277648,0
1789377488098171271,58278488,440,0,277648,0
1789377488115252294,58278992,440,0,277648,0
1789377489124730700,58278196,488,0,277648,0
1789377489141693245,58276684,488,0,277648,0
1789377490151600837,58277612,128,0,277648,0
1789377490168506463,58277108,128,0,277648,0
1789377491178555992,58276816,184,0,277648,0
1789377491194686840,58276816,184,0,277648,0
1789377492205270962,58277988,392,0,277648,0
1789377492221643402,58277488,392,0,277648,0
1789377493232736758,58279964,428,0,277648,0
1789377493249171457,58279964,428,0,277648,0
1789377494264303688,58278944,464,0,277648,0
1789377494279104685,58279448,464,0,277648,0
1789377495295539919,58280816,128,0,277648,0
1789377495309601527,58280816,128,0,277648,0
1789377496326341513,58281204,200,0,277648,0
1789377496339716750,58280700,200,0,277648,0
1789377497356378937,58283408,428,0,277648,0
1789377497369909253,58282904,428,0,277648,0
1789377498387375816,58283416,452,0,277648,0
1789377498400297008,58283696,452,0,277648,0
1789377499418303888,58282636,520,0,277648,0
1789377499430581744,58283144,520,0,277648,0
1789377500449032303,58284352,104,0,277648,0
1789377500461147496,58284352,104,0,277648,0
1789377501480327268,58282576,192,0,277648,0
1789377501491934086,58282576,192,0,277648,0
1789377502511145325,58282940,364,0,277648,0
1789377502522750151,58282940,364,0,277648,0
1789377503541990141,58283320,420,0,277648,0
1789377503553766513,58283320,420,0,277648,0
1789377504572833172,58281200,452,0,277648,0
1789377504583889656,58281200,452,0,277648,0
1789377505603674923,58279920,144,0,277648,0
1789377505614863634,58279416,144,0,277648,0
1789377506634777907,58276556,196,0,277648,0
1789377506646185886,58276556,196,0,277648,0
1789377507665533312,58272444,436,0,277648,0
1789377507676907835,58271940,436,0,277648,0
1789377508696860009,58272824,464,0,277648,0
1789377508707473276,58272824,464,0,277648,0
1789377509727697017,58273564,516,0,277648,0
1789377509738668755,58273060,516,0,277648,0
1789377510758492235,58275680,132,0,277648,0
1789377510769595918,58275680,132,0,277648,0
1789377511789048666,58276808,348,0,277648,0
1789377511799662452,58276808,348,0,277648,0
1789377512816414373,58276496,384,0,277648,0
1789377512826728642,58276496,384,0,277648,0
1789377513843424261,58278124,436,0,277648,0
1789377513853852392,58278628,436,0,277648,0
1789377514870162844,58277716,480,0,277648,0
1789377514880622043,58277716,480,0,277648,0
1789377515897181269,58278844,100,204,277648,0
1789377515906804776,58279348,100,204,277648,0
1789377516924081717,58278228,380,0,277648,0
1789377516933740881,58278732,380,0,277648,0
1789377517951628499,58276328,424,0,277648,0
1789377517961021148,58275824,424,0,277648,0
1789377518982850158,58275448,468,0,277648,0
1789377518992026274,58275448,468,0,277648,0
1789377520014440264,58275780,512,0,277648,0
1789377520023404239,58276284,512,0,277648,0
1789377521046688798,58275968,160,0,277648,0
1789377521055372582,58276980,160,0,277648,0
1789377522079548213,58271404,364,0,277648,0
1789377522087292918,58270648,364,0,277648,0
1789377523110741437,58266640,392,0,277648,0
1789377523118871269,58266136,392,0,277648,0
1789377524142704412,58263156,452,0,277648,0
1789377524149889461,58263156,452,0,277648,0
1789377525172723249,58259456,488,0,277648,0
1789377525180356351,58259456,488,0,277648,0
1789377526203003433,58255012,164,0,277648,0
1789377526210600437,58255012,164,0,277648,0
1789377527233719173,58253620,348,0,277648,0
1789377527240949270,58253620,348,0,277648,0
1789377528263214083,58250956,400,0,277648,0
1789377528270909173,58250956,400,0,277648,0
1789377529293579981,58250036,436,0,277648,0
1789377529301665735,58249028,436,0,277648,0
1789377530323819011,58250908,480,0,277648,0
1789377530332141995,58251412,480,0,277648,0
1789377531354171804,58251740,108,0,277648,0
1789377531362418005,58250988,120,0,277648,0
1789377532383216188,58247964,372,0,277648,0
1789377532392379611,58247964,372,0,277648,0
1789377533413218047,58249544,400,0,277648,0
1789377533422528551,58248792,400,0,277648,0
1789377534443289769,58248920,452,0,277648,0
1789377534452621507,58249428,452,0,277648,0
1789377535470858983,58249224,276,0,277648,0
1789377535480931568,58250004,32,4,277648,0
1789377536499818422,58250328,140,0,277648,0
1789377536509950607,58250328,140,0,277648,0
1789377537524057703,58249096,360,0,277648,0
1789377537535550533,58248088,360,0,277648,0
1789377538550904360,58246704,424,0,277648,0
1789377538561660547,58246200,428,0,277648,0
1789377539577777787,58246008,448,0,277648,0
1789377539587950074,58246008,448,0,277648,0
1789377540604662517,58247088,8,88,277648,0
1789377540614013338,58247088,8,88,277648,0
1789377541631395820,58245372,84,0,277648,0
1789377541641123208,58245372,84,0,277648,0
1789377542663531280,58246016,364,0,277648,0
1789377542678212872,58245264,372,0,277648,0
1789377543693406824,58244588,416,0,277648,0
1789377543707915083,58245092,416,0,277648,0
1789377544723417494,58245284,460,0,277648,0
1789377544738170369,58245284,460,0,277648,0
1789377545753681289,58244096,20,88,277648,0
1789377545768029087,58243592,20,88,277648,0
1789377546783762728,58244744,340,0,277648,0
1789377546798029682,58245256,340,0,277648,0
1789377547814153258,58244436,400,0,277648,0
1789377547827510309,58244940,400,0,277648,0
1789377548843681572,58243632,432,0,277648,0
1789377548857829398,58243884,432,0,277648,0
1789377549873880157,58244488,480,0,277648,0
1789377549887477160,58244996,480,0,277648,0
1789377550903401509,58243916,0,0,277648,0
1789377550917467208,58243916,0,0,277648,0
1789377551933188843,58298084,312,0,277648,0
1789377551960376671,58297612,320,0,277648,0
1789377552963624052,58291892,360,0,277648,0
1789377553019890915,58291392,360,0,277648,0
1789377553992963303,58287544,408,0,277648,0
1789377554049164922,58287040,412,0,277648,0
1789377555022681291,58283824,444,0,277648,0
1789377555078587755,58283572,444,0,277648,0
1789377556053157894,58280384,480,0,277648,0
1789377556107677373,58279884,480,0,277648,0
1789377557082562858,58275388,272,0,277648,0
1789377557137649207,58274884,272,0,277648,0
1789377558112260729,58272880,440,0,277648,0
1789377558167515438,58271624,444,0,277648,0
1789377559141944196,58271276,552,0,277648,0
1789377559197341934,58270268,552,0,277648,0
1789377560171001717,58266208,604,0,277648,0
1789377560226687150,58266208,604,0,277648,0
1789377561199286193,58265240,672,0,277648,0
1789377561255513815,58265744,176,484,277648,0
1789377562226063618,58267848,452,0,277648,0
1789377562282079438,58267344,452,0,277648,0
1789377563252565011,58267380,524,0,277648,0
1789377563308555731,58266628,524,0,277648,0
1789377564278928790,58266312,552,0,277648,0
1789377564334830582,58266312,552,0,277648,0
1789377565305508502,58265432,596,0,277648,0
1789377565361300810,58265432,596,0,277648,0
1789377566331491958,58265824,632,0,277648,0
1789377566387401523,58264816,0,148,277648,0
1789377567358240333,58263720,288,0,277648,0
1789377567414236563,58263976,288,0,277648,0
1789377568387870115,58262624,368,0,277648,0
1789377568444089726,58262120,368,0,277648,0
1789377569417827049,58261476,404,0,277648,0
1789377569474354853,58260468,404,0,277648,0
1789377570447970136,58261740,448,0,277648,0
1789377570504376635,58261236,448,0,277648,0
1789377571477733797,58262076,492,0,277648,0
1789377571534299639,58261836,0,204,277648,0
1789377572507900471,58261924,292,0,277648,0
1789377572564370361,58261172,292,0,277648,0
1789377573537717132,58261564,352,0,277648,0
1789377573593899604,58261568,352,0,277648,0
1789377574567272300,58260264,404,0,277648,0
1789377574623009030,58260264,404,0,277648,0
1789377575596778397,58259652,432,0,277648,0
1789377575652996115,58259152,432,0,277648,0
1789377576625884342,58259820,0,0,277648,0
1789377576682757447,58260324,0,0,277648,0
1789377577655476057,58260276,276,0,277648,0
1789377577712652358,58260284,300,0,277648,0
1789377578683646594,58260340,364,0,277648,0
1789377578742647986,58259584,364,0,277648,0
1789377579712472163,58261688,404,0,277648,0
1789377579772087297,58262200,404,0,277648,0
1789377580741566762,58261800,444,0,277648,0
1789377580801673093,58262304,444,0,277648,0
1789377581771663540,58260804,0,144,277648,0
1789377581831316275,58261064,0,0,277648,0
1789377582801483480,58262208,148,0,277648,0
1789377582858921227,58262220,148,0,277648,0
1789377583831560368,58264572,200,0,277648,0
1789377583887337482,58264068,200,0,277648,0
1789377584861746645,58263976,232,0,277648,0
1789377584916115193,58263472,232,0,277648,0
1789377585891034484,58267404,292,0,277648,0
1789377585945018768,58265952,292,0,277648,0
1789377586918520748,58265320,0,0,277648,0
1789377586972765619,58265320,16,0,277648,0
1789377587947585198,58263168,160,0,277648,0
1789377588001368235,58263168,160,0,277648,0
1789377588976738987,58263256,208,0,277648,0
1789377589030620564,58263256,208,0,277648,0
1789377590006344432,58263084,248,0,277648,0
1789377590060162299,58263084,256,0,277648,0
1789377591036058222,58262708,292,0,277648,0
1789377591089935652,58262204,292,0,277648,0
1789377592065625665,58260544,16,0,277648,0
1789377592119167692,58260544,20,0,277648,0
1789377593095154942,58258484,164,0,277648,0
1789377593148311949,58258484,172,0,277648,0
1789377594124651855,58258316,212,0,277648,0
1789377594177847218,58258316,212,0,277648,0
1789377595154425156,58259180,248,0,277648,0
1789377595206608607,58259180,248,0,277648,0
1789377596184155187,58257568,296,0,277648,0
1789377596235701780,58257064,296,0,277648,0
1789377597213606986,58256260,0,128,277648,0
1789377597263688190,58255756,4,128,277648,0
1789377598242902574,58256120,160,0,277648,0
1789377598292363733,58255872,160,0,277648,0
1789377599272666601,58253348,228,0,277648,0
1789377599321352752,58253852,228,0,277648,0
1789377600301936131,58253236,256,0,277648,0
1789377600350480708,58252984,256,0,277648,0
1789377601330569883,58252288,304,0,277648,0
1789377601379161128,58252296,304,0,277648,0
1789377602357144757,58251856,12,212,277648,0
1789377602405916700,58251856,20,212,277648,0
1789377603383735062,58251488,172,0,277648,0
1789377603432282125,58251992,172,0,277648,0
1789377604410233270,58251564,200,0,277648,0
1789377604459033725,58251564,200,0,277648,0
1789377605436650568,58251736,244,0,277648,0
1789377605485706663,58252748,244,0,277648,0
1789377606463073832,58254000,284,0,277648,0
1789377606512303097,58253244,284,0,277648,0
1789377607490359583,58253692,16,140,277648,0
1789377607539029544,58253692,16,140,277648,0
1789377608520649133,58254088,132,0,277648,0
1789377608568840039,58253584,132,0,277648,0
1789377609550808781,58252272,204,0,277648,0
1789377609598484617,58251768,204,0,277648,0
1789377610581608581,58251408,232,0,277648,0
1789377610628116616,58249648,232,0,277648,0
1789377611611736549,58249116,288,0,277648,0
1789377611657868245,58247604,428,0,277648,0
1789377612642583926,58248012,0,136,277648,0
1789377612687635425,58247260,4,136,277648,0
1789377613673302481,58246924,124,0,277648,0
1789377613717596183,58246924,124,0,277648,0
1789377614703116108,58249032,204,0,277648,0
1789377614747209568,58249036,204,0,277648,0
1789377615733542755,58249592,252,0,277648,0
1789377615777152889,58249600,252,0,277648,0
1789377616763986550,58250216,428,0,277648,0
1789377616806815455,58250480,428,0,277648,0
1789377617794116926,58250644,16,208,277648,0
1789377617836647753,58250140,16,208,277648,0
1789377618824833131,58253596,168,0,277648,0
1789377618866350508,58254100,168,0,277648,0
1789377619854607723,58255092,216,0,277648,0
1789377619896577892,58254628,216,0,277648,0
1789377620884786647,58255936,260,0,277648,0
1789377620926484356,58256004,260,0,277648,0
1789377621915161797,58254320,480,0,277648,0
1789377621956389781,58253816,480,0,277648,0
1789377622946108454,58253436,16,0,277648,0
1789377622986476893,58252932,16,0,277648,0
1789377623976943764,58252768,160,0,277648,0
1789377624016173758,58252768,160,0,277648,0
1789377625007458523,58252452,200,0,277648,0
1789377625046202023,58251948,200,0,277648,0
1789377626037531243,58253424,240,0,277648,0
1789377626075694413,58252920,240,0,277648,0
1789377627064460945,58252160,776,0,277648,0
1789377627102294983,58252416,776,0,277648,0
1789377628090914679,58252328,20,0,277648,0
1789377628128460339,58252328,20,0,277648,0
1789377629117833333,58253368,160,0,277648,0
1789377629154891173,58253116,164,0,277648,0
1789377630144590604,58251604,216,0,277648,0
1789377630181623291,58251100,216,0,277648,0
1789377631171016506,58250544,256,0,277648,0
1789377631207326140,58250048,256,0,277648,0
1789377632199020646,58250756,444,0,277648,0
1789377632234521975,58250756,444,0,277648,0
1789377633230439452,58251376,20,0,277648,0
1789377633264398768,58251884,20,0,277648,0
1789377634261280869,58250620,172,0,277648,0
1789377634294164164,58252132,172,0,277648,0
1789377635292861078,58250580,208,0,277648,0
1789377635324267146,58250580,208,0,277648,0
1789377636323298464,58251080,260,0,277648,0
1789377636353625835,58251584,260,0,277648,0
1789377637354396092,58252104,748,0,277648,0
1789377637383267383,58252612,748,0,277648,0
1789377638385592707,58251772,360,0,277648,0
1789377638413031619,58252024,368,0,277648,0
1789377639416597285,58250924,188,0,277648,0
1789377639442233923,58250420,188,0,277648,0
1789377640447572369,58251000,220,0,277648,0
1789377640472472261,58251504,220,0,277648,0
1789377641478340067,58254928,268,0,277648,0
1789377641502975199,58254928,268,0,277648,0
1789377642509064185,58255396,464,0,277648,0
1789377642532951670,58254892,464,0,277648,0
1789377643539145036,58254264,36,0,277648,0
1789377643562996350,58254768,36,0,277648,0
1789377644570332684,58253068,176,0,277648,0
1789377644592975051,58253572,176,0,277648,0
1789377645601001945,58255240,228,0,277648,0
1789377645622855194,58255240,228,0,277648,0
1789377646631710532,58252880,264,0,277648,0
1789377646653198214,58252204,264,0,277648,0
1789377647663299009,58251392,488,0,277648,0
1789377647682900578,58250384,488,0,277648,0
1789377648694507865,58251036,68,0,277648,0
1789377648712559080,58250532,68,0,277648,0
1789377649725581176,58249356,184,0,277648,0
1789377649743225309,58249356,184,0,277648,0
1789377650756230200,58248788,236,0,277648,0
1789377650772782906,58248788,236,0,277648,0
1789377651783055005,58248364,464,0,277648,0
1789377651799597789,58248896,464,0,277648,0
1789377652810360074,58249036,492,0,277648,0
1789377652826390916,58249036,492,0,277648,0
1789377653837653035,58250408,80,0,277648,0
1789377653853239687,58250412,80,0,277648,0
1789377654864256399,58249864,160,0,277648,0
1789377654879984695,58249616,160,0,277648,0
1789377655891154440,58251816,224,0,277648,0
1789377655907117359,58252572,224,0,277648,0
1789377656918969916,58252832,436,0,277648,0
1789377656934035316,58252328,436,0,277648,0
1789377657950475885,58251100,480,0,277648,0
1789377657965081108,58251100,480,0,277648,0
1789377658981794698,58249520,56,0,277648,0
1789377658995331060,58249268,60,0,277648,0
1789377660013339047,58249268,180,0,277648,0
1789377660026218126,58249772,180,0,277648,0
1789377661044832744,58251020,228,0,277648,0
1789377661057133346,58250516,228,0,277648,0
1789377662076145968,58250192,428,0,277648,0
1789377662088834965,58250192,428,0,277648,0
1789377663107894301,58251152,480,0,277648,0
1789377663120368066,58253168,480,0,277648,0
1789377664140158557,58255200,88,0,277648,0
1789377664152689991,58255704,88,0,277648,0
1789377665172016928,58254060,192,0,277648,0
1789377665184004369,58255572,192,0,277648,0
1789377666203280917,58253644,228,0,277648,0
1789377666214655687,58252892,228,0,277648,0
1789377667232337228,58253736,440,0,277648,0
1789377667244362568,58253232,440,0,277648,0
1789377668261870275,58254644,480,0,277648,0
1789377668274453848,58254140,480,0,277648,0
1789377669291903638,58253488,68,0,277648,0
1789377669304934620,58253992,68,0,277648,0
1789377670321756867,58254816,204,0,277648,0
1789377670335153160,58255320,204,0,277648,0
1789377671351639667,58254212,224,0,277648,0
1789377671365183764,58254212,224,0,277648,0
1789377672381255994,58254140,392,0,277648,0
1789377672393742195,58254144,392,0,277648,0
1789377673410671648,58254820,416,0,277648,0
1789377673424373563,58255832,416,0,277648,0
1789377674440942188,58253976,96,0,277648,0
1789377674454590343,58254244,128,0,277648,0
1789377675470429777,58255156,192,0,277648,0
1789377675484149663,58254660,192,0,277648,0
1789377676497004458,58254824,228,0,277648,0
1789377676510906750,58255580,228,0,277648,0
1789377677523359999,58255808,424,0,277648,0
1789377677537783265,58256312,424,0,277648,0
1789377678549300475,58255880,476,0,277648,0
1789377678564695170,58255376,476,0,277648,0
1789377679576112703,58255892,68,300,277648,0
1789377679591451692,58255892,68,300,277648,0
1789377680602143827,58255712,176,0,277648,0
1789377680617841295,58255208,176,0,277648,0
1789377681628674589,58255192,220,0,277648,0
1789377681645514407,58255696,220,0,277648,0
1789377682658532242,58255888,416,0,277648,0
1789377682676256923,58256644,416,0,277648,0
1789377683688271511,58256592,464,0,277648,0
1789377683706695445,58256088,472,0,277648,0
1789377684716174497,58257488,564,0,277648,0
1789377684735033896,58257992,576,0,277648,0
1789377685745735839,58256416,192,0,277648,0
1789377685765083613,58255916,192,0,277648,0
1789377686775840400,58256008,400,0,277648,0
1789377686795032812,58256524,400,0,277648,0
1789377687804328529,58256152,444,0,277648,0
1789377687824235688,58256152,444,0,277648,0
1789377688831638645,58257060,484,0,277648,0
1789377688852322377,58256556,484,0,277648,0
1789377689859964748,58258156,84,320,277648,0
1789377689880813992,58257404,84,320,277648,0
1789377690888053233,58257720,164,0,277648,0
1789377690910346873,58257004,164,0,277648,0
1789377691915049243,58253156,356,0,277648,0
1789377691938481663,58252148,356,0,277648,0
1789377692940675211,58251852,408,0,277648,0
1789377692965904400,58253364,408,0,277648,0
1789377693969761055,58253688,440,0,277648,0
1789377693993578853,58254696,440,0,277648,0
1789377694999417511,58253324,92,0,277648,0
1789377695022101601,58253828,92,0,277648,0
1789377696029279189,58252148,188,0,277648,0
1789377696047818356,58252148,188,0,277648,0
1789377697058940320,58249492,360,0,277648,0
1789377697076331079,58249996,360,0,277648,0
1789377698088891639,58249236,400,0,277648,0
1789377698106479639,58249236,400,0,277648,0
1789377699119529233,58248444,436,0,277648,0
1789377699136876917,58247720,436,0,277648,0
1789377700149284885,58247068,36,0,277648,0
1789377700166151742,58246060,36,0,277648,0
1789377701175804162,58244100,192,0,277648,0
1789377701192696500,58244604,192,0,277648,0
1789377702202382330,58245980,376,0,277648,0
1789377702218769648,58245476,376,0,277648,0
1789377703228914810,58245940,432,0,277648,0
1789377703245024659,58245188,432,0,277648,0
1789377704255438286,58245348,468,0,277648,0
1789377704271719452,58245348,468,0,277648,0
1789377705281536356,58245812,88,0,277648,0
1789377705298367236,58244804,88,0,277648,0
1789377706308747776,58245928,196,0,277648,0
1789377706325361575,58246432,196,0,277648,0
1789377707338976255,58244884,400,0,277648,0
1789377707356238297,58245388,400,0,277648,0
1789377708369264142,58247016,436,0,277648,0
1789377708386733003,58247520,436,0,277648,0
1789377709399370009,58249340,480,0,277648,0
1789377709417370478,58249844,480,0,277648,0
1789377710429473490,58247240,80,0,277648,0
1789377710447218213,58246232,80,0,277648,0
1789377711459633695,58247644,172,0,277648,0
1789377711477989464,58247140,172,0,277648,0
1789377712489918585,58245144,416,0,277648,0
1789377712508623433,58245648,416,0,277648,0
1789377713520099926,58245684,460,0,277648,0
1789377713538234094,58245936,460,0,277648,0
1789377714550444067,58242828,504,0,277648,0
1789377714567807879,58241820,504,0,277648,0
1789377715580153482,58244184,68,0,277648,0
1789377715597537118,58244184,76,0,277648,0
1789377716610052756,58242836,172,0,277648,0
1789377716627990923,58242836,172,0,277648,0
1789377717640383908,58245032,388,0,277648,0
1789377717657910867,58244280,388,0,277648,0
1789377718670641325,58245256,452,0,277648,0
1789377718687993471,58244752,452,0,277648,0
1789377719700306933,58244432,492,0,277648,0
1789377719718461655,58243928,492,0,277648,0
1789377720730402182,58244080,60,100,277648,0
1789377720748438697,58244080,60,100,277648,0
1789377721760666549,58244596,324,0,277648,0
1789377721778619402,58244596,324,0,277648,0
1789377722790955320,58244624,372,0,277648,0
1789377722808843676,58244624,372,0,277648,0
1789377723821757958,58245008,404,0,277648,0
1789377723839126985,58245260,404,0,277648,0
1789377724851679060,58246040,576,0,277648,0
1789377724869006363,58245788,576,0,277648,0
1789377725878161958,58250488,16,0,277648,0
1789377725894429239,58249984,16,0,277648,0
1789377726904899412,58252208,292,0,277648,0
1789377726920085577,58252492,292,0,277648,0
1789377727931690765,58251644,352,0,277648,0
1789377727946748869,58251644,352,0,277648,0
1789377728958127954,58250232,404,0,277648,0
1789377728972260301,58250232,404,0,277648,0
1789377729984802234,58251044,588,0,277648,0
1789377729998695025,58251044,588,0,277648,0
1789377731012378402,58250392,160,0,277648,0
1789377731025541331,58250392,160,0,277648,0
1789377732042451951,58251064,300,0,277648,0
1789377732055286934,58251568,300,0,277648,0
1789377733072165340,58250500,336,0,277648,0
1789377733084902538,58250500,336,0,277648,0
1789377734102703062,58249964,412,0,277648,0
1789377734115756714,58250472,412,0,277648,0
1789377735132663345,58250084,672,0,277648,0
1789377735145968922,58249580,672,0,277648,0
1789377736162996329,58246460,56,0,277648,0
1789377736176604943,58246460,56,0,277648,0
1789377737193555815,58247056,176,0,277648,0
1789377737206723607,58247056,176,0,277648,0
1789377738223588674,58246236,224,0,277648,0
1789377738237140608,58246740,224,0,277648,0
1789377739254463332,58246440,268,0,277648,0
1789377739267444763,58246440,268,0,277648,0
1789377740285378932,58243716,472,0,277648,0
1789377740298399564,58243728,472,0,277648,0
1789377741316606676,58244184,88,0,277648,0
1789377741329223841,58244184,88,0,277648,0
1789377742347904150,58245536,184,0,277648,0
1789377742360616223,58245536,184,0,277648,0
1789377743379773848,58247452,244,0,277648,0
1789377743391588593,58248460,244,0,277648,0
1789377744410580382,58249852,276,0,277648,0
1789377744422507654,58249348,276,0,277648,0
1789377745441442506,58246988,488,0,277648,0
1789377745452989011,58246988,488,0,277648,0
1789377746472229781,58248892,108,0,277648,0
1789377746483543510,58248892,108,0,277648,0
1789377747503215532,58246736,192,0,277648,0
1789377747515126292,58246488,192,0,277648,0
1789377748534600946,58248640,216,0,277648,0
1789377748546297405,58249148,216,0,277648,0
1789377749565357159,58247812,248,0,277648,0
1789377749576887952,58248316,248,0,277648,0
1789377750592350414,58248952,292,0,277648,0
1789377750602959812,58248448,292,0,277648,0
1789377751619371542,58248428,544,0,277648,0
1789377751629207772,58248428,544,0,277648,0
1789377752646091183,58247984,176,0,277648,0
1789377752654547825,58247984,176,0,277648,0
1789377753673358050,58250268,240,0,277648,0
1789377753681331296,58250772,240,0,277648,0
1789377754700680929,58250092,256,0,277648,0
1789377754707445722,58250092,256,0,277648,0
1789377755728714516,58249344,452,0,277648,0
1789377755735005818,58249848,452,0,277648,0
1789377756760784480,58249232,112,200,277648,0
1789377756766231422,58249232,112,200,277648,0
1789377757792778066,58249724,204,0,277648,0
1789377757796487642,58249724,204,0,277648,0
1789377758824140058,58252932,244,0,277648,0
1789377758827134595,58252932,244,0,277648,0
1789377759854676734,58252380,292,0,277648,0
1789377759856718296,58252380,292,0,277648,0
1789377760885975900,58252236,488,0,277648,0
1789377760887419380,58252236,488,0,277648,0
1789377761916617125,58250204,124,0,277648,0
1789377761918498866,58250204,124,0,277648,0
1789377762946451429,58250160,184,0,277648,0
1789377762948487426,58250160,184,0,277648,0
1789377763976615754,58250284,228,0,277648,0
1789377763978706195,58249780,228,0,277648,0
1789377765007020929,58249084,268,0,277648,0
1789377765009439979,58249084,268,0,277648,0
1789377766037420656,58248656,488,0,277648,0
1789377766039868909,58248656,488,0,277648,0
1789377767067518571,58250344,128,0,277648,0
1789377767070435106,58250848,128,0,277648,0
1789377768098428375,58247788,196,0,277648,0
1789377768101521606,58247788,196,0,277648,0
1789377769129131389,58246460,240,0,277648,0
1789377769131595732,58246460,240,0,277648,0
1789377770159485483,58245476,440,0,277648,0
1789377770162320728,58245476,440,0,277648,0
1789377771189833889,58246092,492,0,277648,0
1789377771192356614,58246596,492,0,277648,0
1789377772220827330,58245736,112,0,277648,0
1789377772223114029,58245988,112,0,277648,0
1789377773251578700,58245364,188,0,277648,0
1789377773253811584,58245364,188,0,277648,0
1789377774282129867,58245476,252,0,277648,0
1789377774284344037,58245476,252,0,277648,0
1789377775308955435,58244968,280,0,277648,0
1789377775311030111,58244968,280,0,277648,0
1789377776335504667,58244452,520,0,277648,0
1789377776338212436,58244452,520,0,277648,0
1789377777362310579,58244420,48,0,277648,0
1789377777364856422,58243916,48,0,277648,0
1789377778388641918,58242564,200,0,277648,0
1789377778391720529,58242564,200,0,277648,0
1789377779415598924,58246004,232,0,277648,0
1789377779418450989,58245780,232,0,277648,0
1789377780444495297,58247460,400,0,277648,0
1789377780447754298,58247460,400,0,277648,0
1789377781475437320,58247148,440,0,277648,0
1789377781478501082,58247148,440,0,277648,0
1789377782505937332,58248256,140,0,277648,0
1789377782509170771,58248256,144,0,277648,0
1789377783536527936,58246420,196,0,277648,0
1789377783539588346,58246420,196,0,277648,0
1789377784566887431,58246312,244,0,277648,0
1789377784570257144,58246312,244,0,277648,0
1789377785597904199,58248264,444,0,277648,0
1789377785600936520,58248264,444,0,277648,0
1789377786628170207,58247896,488,0,277648,0
1789377786631126636,58247896,488,0,277648,0
1789377787658827654,58245660,120,0,277648,0
1789377787661340957,58245660,120,0,277648,0
1789377788689608863,58248572,180,0,277648,0
1789377788692152323,58248068,180,0,277648,0
1789377789719917352,58246120,240,0,277648,0
1789377789723227664,58246120,240,0,277648,0
1789377790750524446,58246240,424,0,277648,0
1789377790753891382,58246744,424,0,277648,0
1789377791781800234,58244112,484,0,277648,0
1789377791784755144,58244112,484,0,277648,0
1789377792812295751,58244800,124,0,277648,0
1789377792815227347,58244296,124,0,277648,0
1789377793842229836,58243112,192,0,277648,0
1789377793844585523,58243112,192,0,277648,0
1789377794872523647,58243864,232,0,277648,0
1789377794875061341,58243360,232,0,277648,0
1789377795902438357,58245468,448,0,277648,0
1789377795904286978,58245468,448,0,277648,0
1789377796932927522,58246316,480,0,277648,0
1789377796934680639,58246316,480,0,277648,0
1789377797963305480,58247196,148,0,277648,0
1789377797965144961,58246692,148,0,277648,0
1789377798992700091,58245292,212,0,277648,0
1789377798994899942,58245292,212,0,277648,0
1789377800019346472,58245252,252,0,277648,0
1789377800022066045,58245252,252,0,277648,0
1789377801046194004,58244240,496,0,277648,0
1789377801049144266,58244240,496,0,277648,0
1789377802073050810,58243916,544,0,277648,0
1789377802075981465,58243916,544,0,277648,0
1789377803099566926,58244024,136,0,277648,0
1789377803102937391,58244024,136,0,277648,0
1789377804126180755,58246744,196,0,277648,0
1789377804129470106,58247248,196,0,277648,0
1789377805152815968,58249936,240,0,277648,0
1789377805156431133,58249936,240,0,277648,0
1789377806180945746,58251916,452,0,277648,0
1789377806184126105,58251916,452,0,277648,0
1789377807211763475,58253264,480,0,277648,0
1789377807214602943,58252760,480,0,277648,0
1789377808243164305,58251160,100,0,277648,0
1789377808245717446,58250656,100,0,277648,0
1789377809274241821,58251600,192,0,277648,0
1789377809278026224,58251600,192,0,277648,0
1789377810307185317,58253252,240,0,277648,0
1789377810310659274,58253252,240,0,277648,0
1789377811339290431,58255828,412,0,277648,0
1789377811342476058,58255828,412,0,277648,0
1789377812370341110,58253444,460,0,277648,0
1789377812373428205,58253444,460,0,277648,0
1789377813401155495,58253792,108,0,277648,0
1789377813404606414,58253792,108,0,277648,0
1789377814431814280,58253436,204,0,277648,0
1789377814435215963,58253436,204,0,277648,0
1789377815462705302,58254108,396,0,277648,0
1789377815465863896,58254108,396,0,277648,0
1789377816493177817,58257484,444,0,277648,0
1789377816497191273,58259012,444,0,277648,0
1789377817524506813,58259928,476,0,277648,0
1789377817528136811,58259928,476,0,277648,0
1789377818555193889,58259024,124,0,277648,0
1789377818559003810,58259024,124,0,277648,0
1789377819585665387,58257928,192,0,277648,0
1789377819588067894,58258432,192,0,277648,0
1789377820616069857,58258484,416,0,277648,0
1789377820618354509,58258484,416,0,277648,0
1789377821646813884,58258704,436,0,277648,0
1789377821649155012,58258704,436,0,277648,0
1789377822676475904,58261376,228,0,277648,0
1789377822679340900,58261376,228,0,277648,0
1789377823706842617,58260604,128,0,277648,0
1789377823709762752,58260604,128,0,277648,0
1789377824736929387,58245096,240,0,277648,0
1789377824739972804,58245096,240,0,277648,0
1789377825763447117,58242448,476,0,277648,0
1789377825766682359,58242448,476,0,277648,0
1789377826789976894,58241628,520,0,277648,0
1789377826793303050,58241628,520,0,277648,0
1789377827815189076,58239956,84,0,277648,0
1789377827820047481,58239956,84,0,277648,0
1789377828842181737,58240520,284,0,277648,0
1789377828846721869,58240520,284,0,277648,0
1789377829869458381,58242548,384,0,277648,0
1789377829874043800,58242552,388,0,277648,0
1789377830897628798,58241168,680,0,277648,0
1789377830902957693,58241924,680,0,277648,0
1789377831928049221,58240016,716,0,277648,0
1789377831933423076,58240016,716,0,277648,0
1789377832957940578,58241176,24,16,277648,0
1789377832963013199,58241176,24,16,277648,0
1789377833988546177,58242588,164,16,277648,0
1789377833993396586,58242588,164,16,277648,0
1789377835017910195,58240464,208,0,277648,0
1789377835024042152,58239960,208,0,277648,0
1789377836046556324,58239572,416,0,277648,0
1789377836053507683,58239572,416,0,277648,0
1789377837074730993,58239224,448,0,277648,0
1789377837082080046,58239224,448,0,277648,0
1789377838101159462,58239772,12,188,277648,0
1789377838110279686,58240276,12,188,277648,0
1789377839128898450,58238624,176,0,277648,0
1789377839139000684,58239128,176,0,277648,0
1789377840154191033,58238300,204,0,277648,0
1789377840167321751,58237796,204,0,277648,0
1789377841182779669,58238296,392,0,277648,0
1789377841193905508,58238296,392,0,277648,0
1789377842212000518,58239004,436,0,277648,0
1789377842222567666,58239004,436,0,277648,0
1789377843241967947,58238632,20,44,277648,0
1789377843249583889,58238632,20,44,277648,0
1789377844272179381,58234616,156,0,277648,0
1789377844279369868,58234616,156,0,277648,0
1789377845302781699,58239512,220,0,277648,0
1789377845309870137,58239512,220,0,277648,0
1789377846332622650,58239452,420,0,277648,0
1789377846339678974,58239452,420,0,277648,0
1789377847362722791,58239728,472,0,277648,0
1789377847370607733,58240736,472,0,277648,0
1789377848392556485,58239820,496,0,277648,0
1789377848401254949,58238812,496,0,277648,0
1789377849422195762,58236024,152,0,277648,0
1789377849430862447,58236024,152,0,277648,0
1789377850448755120,58234196,368,0,277648,0
1789377850458101443,58233692,368,0,277648,0
1789377851474950832,58230820,412,0,277648,0
1789377851485271464,58230820,412,0,277648,0
1789377852501261073,58229892,444,0,277648,0
1789377852511742571,58229892,444,0,277648,0
1789377853527796968,58230360,0,0,277648,0
1789377853538525421,58230864,4,0,277648,0
1789377854553831738,58229588,116,0,277648,0
1789377854565450536,58229844,116,0,277648,0
1789377855581280841,58230936,376,0,277648,0
1789377855593103262,58230432,376,0,277648,0
1789377856611703225,58230752,428,0,277648,0
1789377856623569753,58230752,428,0,277648,0
1789377857641429238,58232908,464,0,277648,0
1789377857654414337,58233164,464,0,277648,0
1789377858671665196,58231680,24,180,277648,0
1789377858684221277,58231176,24,180,277648,0
1789377859701690184,58229384,140,0,277648,0
1789377859714932442,58229888,140,0,277648,0
1789377860732099096,58231784,200,0,277648,0
1789377860745557818,58231280,200,0,277648,0
1789377861762490526,58229020,416,0,277648,0
1789377861775986941,58229020,416,0,277648,0
1789377862792663380,58230624,456,0,277648,0
1789377862806093319,58230120,456,0,277648,0
1789377863822680631,58229576,544,0,277648,0
1789377863836564659,58229592,544,0,277648,0
1789377864853370009,58228944,168,0,277648,0
1789377864866781280,58229448,168,0,277648,0
1789377865883327112,58228932,368,0,277648,0
1789377865896258493,58228436,368,0,277648,0
1789377866913521069,58229056,408,0,277648,0
1789377866925902761,58228552,408,0,277648,0
1789377867943247388,58229204,444,0,277648,0
1789377867956907548,58229236,444,0,277648,0
1789377868973927092,58228908,12,0,277648,0
1789377868987181566,58228420,12,0,277648,0
1789377870003803328,58224652,160,0,277648,0
1789377870017340075,58224652,160,0,277648,0
1789377871034109487,58225724,336,0,277648,0
1789377871047574226,58225724,336,0,277648,0
1789377872064165157,58226988,376,0,277648,0
1789377872078146018,58226232,376,0,277648,0
1789377873094534610,58225804,416,0,277648,0
1789377873108602196,58226308,416,0,277648,0
1789377874124402295,58225020,20,0,277648,0
1789377874138197500,58224516,20,0,277648,0
1789377875151086065,58226988,544,0,277648,0
1789377875163929837,58226484,548,0,277648,0
1789377876178008493,58227144,596,0,277648,0
1789377876190371706,58227144,596,0,277648,0
1789377877204910992,58227012,624,0,277648,0
1789377877217000736,58227012,624,0,277648,0
1789377878231728625,58228696,676,0,277648,0
1789377878243756028,58228192,676,0,277648,0
1789377879258317958,58228032,20,0,277648,0
1789377879270612302,58227528,20,0,277648,0
1789377880285158912,58228028,344,0,277648,0
1789377880297832070,58228532,344,0,277648,0
1789377881315019864,58229312,404,0,277648,0
1789377881328210403,58229312,404,0,277648,0
1789377882345290832,58231560,444,0,277648,0
1789377882358853772,58231056,444,0,277648,0
1789377883376188052,58231696,480,0,277648,0
1789377883389496909,58231696,480,0,277648,0
1789377884406717744,58233316,28,112,277648,0
1789377884419863775,58233316,28,112,277648,0
1789377885436783916,58235048,356,0,277648,0
1789377885450210040,58234544,356,0,277648,0
1789377886466876130,58233460,404,0,277648,0
1789377886479945113,58233964,404,0,277648,0
1789377887497088876,58234020,452,0,277648,0
1789377887510028345,58233516,452,0,277648,0
1789377888527040661,58234688,492,0,277648,0
1789377888540091330,58234688,492,0,277648,0
1789377889557605493,58234200,28,0,277648,0
1789377889570252413,58233696,32,0,277648,0
1789377890588371136,58229936,348,0,277648,0
1789377890600685312,58229936,348,0,277648,0
1789377891619002372,58229208,396,0,277648,0
1789377891631491180,58228704,396,0,277648,0
1789377892649561109,58225672,416,0,277648,0
1789377892662216965,58225672,416,0,277648,0
1789377893680226213,58226572,488,0,277648,0
1789377893693237875,58226068,488,0,277648,0
1789377894710309082,58225604,32,0,277648,0
1789377894723994041,58225100,32,0,277648,0
1789377895740819670,58226768,300,0,277648,0
1789377895754443511,58227776,300,0,277648,0
1789377896770871317,58226536,348,0,277648,0
1789377896784603472,58226536,348,0,277648,0
1789377897801045792,58226192,408,0,277648,0
1789377897814955822,58226960,408,0,277648,0
1789377898830543549,58226480,448,0,277648,0
1789377898844644039,58225976,448,0,277648,0
1789377899857488119,58229116,556,0,277648,0
1789377899871765230,58228620,556,0,277648,0
1789377900883595302,58227032,288,0,277648,0
1789377900898730272,58227792,288,0,277648,0
1789377901910225963,58228440,560,0,277648,0
1789377901925822987,58228948,560,0,277648,0
1789377902936786562,58227580,600,0,277648,0
1789377902952746796,58227580,600,0,277648,0
1789377903963286156,58229596,648,0,277648,0
1789377903979472940,58230100,648,0,277648,0
1789377904990630637,58230716,60,0,277648,0
1789377905006827269,58230716,60,0,277648,0
1789377906022014160,58229112,376,0,277648,0
1789377906037050793,58229616,376,0,277648,0
1789377907053161489,58231276,424,0,277648,0
1789377907067301671,58231276,424,0,277648,0
1789377908082713928,58230604,464,0,277648,0
1789377908096727543,58230604,464,0,277648,0
1789377909112793316,58229232,512,0,277648,0
1789377909127063694,58229232,512,0,277648,0
1789377910143802364,58230396,212,0,277648,0
1789377910157441716,58230396,212,0,277648,0
1789377911174783625,58230620,340,0,277648,0
1789377911188344448,58230620,340,0,277648,0
1789377912205240680,58229504,396,0,277648,0
1789377912218815081,58230008,396,0,277648,0
1789377913234992785,58230016,428,0,277648,0
1789377913248512981,58230016,428,0,277648,0
1789377914266069029,58228388,476,0,277648,0
1789377914279018320,58228892,484,0,277648,0
1789377915296594755,58230356,212,0,277648,0
1789377915309450245,58230356,212,0,277648,0
1789377916326666660,58229840,332,0,277648,0
1789377916340096421,58229840,332,0,277648,0
1789377917356773370,58233828,376,0,277648,0
1789377917370083622,58233828,376,0,277648,0
1789377918386836573,58234800,424,0,277648,0
1789377918400345199,58234560,424,0,277648,0
1789377919417104208,58231952,452,0,277648,0
1789377919430587172,58231952,452,0,277648,0
1789377920447249416,58231188,220,0,277648,0
1789377920461089727,58231188,220,0,277648,0
1789377921477940627,58232380,320,0,277648,0
1789377921491527494,58232128,320,0,277648,0
1789377922508039818,58234052,356,0,277648,0
1789377922522134210,58234556,356,0,277648,0
1789377923537828119,58232912,392,0,277648,0
1789377923551640837,58232408,392,0,277648,0
1789377924564516153,58231356,436,0,277648,0
1789377924578250257,58229844,436,0,277648,0
1789377925591002547,58229820,80,0,277648,0
1789377925605161930,58229316,80,0,277648,0
1789377926618046148,58232628,180,0,277648,0
1789377926631735394,58232628,180,0,277648,0
1789377927645138050,58229608,236,0,277648,0
1789377927658356917,58230112,236,0,277648,0
1789377928671998439,58232024,268,0,277648,0
1789377928685453524,58232024,268,0,277648,0
1789377929700512143,58231680,316,0,277648,0
1789377929714094920,58231208,324,0,277648,0
1789377930730969936,58232204,76,148,277648,0
1789377930744426901,58232204,76,148,277648,0
1789377931761667972,58231160,172,0,277648,0
1789377931775009571,58231160,172,0,277648,0
1789377932792779345,58231840,220,0,277648,0
1789377932805753615,58232344,220,0,277648,0
1789377933823637859,58231708,260,0,277648,0
1789377933836526261,58231708,260,0,277648,0
1789377934853947763,58231196,300,0,277648,0
1789377934867163293,58230944,300,0,277648,0
1789377935884757528,58229060,172,0,277648,0
1789377935897975813,58228916,100,0,277648,0
1789377936915866096,58227276,184,0,277648,0
1789377936928448367,58228548,188,0,277648,0
1789377937947016329,58229196,236,0,277648,0
1789377937959038811,58229196,236,0,277648,0
1789377938978037002,58228868,288,0,277648,0
1789377938989802217,58229380,288,0,277648,0
1789377940008582559,58228320,328,0,277648,0
1789377940020822960,58228320,328,0,277648,0
1789377941039343764,58228024,104,0,277648,0
1789377941053773778,58228024,104,0,277648,0
1789377942069663765,58227716,188,0,277648,0
1789377942083609924,58227212,188,0,277648,0
1789377943100550999,58225184,232,0,277648,0
1789377943114097951,58225184,232,0,277648,0
1789377944131339162,58227828,268,0,277648,0
1789377944144247877,58227828,268,0,277648,0
1789377945162125264,58228052,488,0,277648,0
1789377945174919126,58228052,488,0,277648,0
1789377946193073369,58226488,88,0,277648,0
1789377946205851876,58225984,88,0,277648,0
1789377947223692101,58228504,188,0,277648,0
1789377947236276494,58229512,188,0,277648,0
1789377948253285618,58229888,224,0,277648,0
1789377948265952735,58230896,224,0,277648,0
1789377949280340530,58230092,284,0,277648,0
1789377949292715194,58229588,284,0,277648,0
1789377950307679145,58229916,316,0,277648,0
1789377950319429568,58229412,316,0,277648,0
1789377951334830778,58229756,56,0,277648,0
1789377951346678614,58229252,56,0,277648,0
1789377952361864837,58229600,188,0,277648,0
1789377952374456870,58228096,188,0,277648,0
1789377953389914070,58227436,224,0,277648,0
1789377953402403100,58227436,224,0,277648,0
1789377954422507116,58226104,276,0,277648,0
1789377954434174882,58225600,276,0,277648,0
1789377955454513689,58227200,484,0,277648,0
1789377955466039248,58228208,484,0,277648,0
1789377956486363033,58225396,72,388,277648,0
1789377956495673994,58225396,72,388,277648,0
1789377957517199176,58225332,196,0,277648,0
1789377957526035923,58226844,196,0,277648,0
1789377958547128884,58225272,228,0,277648,0
1789377958555613830,58225776,228,0,277648,0
1789377959577464258,58226324,276,0,277648,0
1789377959586429195,58226828,276,0,277648,0
1789377960607939571,58228744,472,0,277648,0
1789377960616950699,58229248,472,0,277648,0
1789377961638334109,58229564,372,0,277648,0
1789377961647089203,58228812,372,0,277648,0
1789377962669063084,58230976,176,0,277648,0
1789377962677886150,58230724,176,0,277648,0
1789377963698949152,58231928,212,0,277648,0
1789377963708353937,58232432,212,0,277648,0
1789377964729945328,58234136,268,0,277648,0
1789377964738724821,58234392,268,0,277648,0
1789377965760932891,58234580,436,0,277648,0
1789377965768901425,58234076,436,0,277648,0
1789377966791363324,58232056,100,0,277648,0
1789377966798949294,58231804,100,0,277648,0
1789377967821999284,58229112,176,0,277648,0
1789377967829244579,58229112,176,0,277648,0
1789377968852516662,58228752,212,0,277648,0
1789377968860386188,58229004,212,0,277648,0
1789377969882844053,58226716,264,0,277648,0
1789377969891040509,58226716,264,0,277648,0
1789377970913154009,58226752,468,0,277648,0
1789377970921601713,58226752,468,0,277648,0
1789377971942813976,58226632,92,0,277648,0
1789377971950977115,58226632,92,0,277648,0
1789377972973832508,58225948,192,0,277648,0
1789377972981037671,58225948,192,0,277648,0
1789377974000790944,58227228,224,0,277648,0
1789377974007953265,58226724,224,0,277648,0
1789377975027945999,58226776,276,0,277648,0
1789377975034488435,58226776,276,0,277648,0
1789377976065139529,58228524,452,0,277648,0
1789377976065377575,58229028,452,0,277648,0
1789377977092347223,58227404,48,0,277648,0
1789377977092697533,58227404,48,0,277648,0
1789377978120067645,58228220,156,0,277648,0
1789377978120642523,58228220,156,0,277648,0
1789377979151103468,58228108,204,0,277648,0
1789377979152354384,58228108,204,0,277648,0
1789377980181365741,58226864,416,0,277648,0
1789377980182679517,58226864,416,0,277648,0
1789377981211183154,58228848,440,0,277648,0
1789377981212768253,58228848,440,0,277648,0
1789377982241956812,58227980,72,0,277648,0
1789377982243330294,58227980,72,0,277648,0
1789377983272044783,58227860,168,0,277648,0
1789377983272979344,58227860,168,0,277648,0
1789377984302480335,58229048,212,0,277648,0
1789377984303306980,58229048,212,0,277648,0
1789377985332271895,58227416,408,0,277648,0
1789377985333199740,58227416,408,0,277648,0
1789377986359910737,58229856,436,0,277648,0
1789377986361723173,58229856,436,0,277648,0
1789377987388439150,58231584,540,0,277648,0
1789377987388752744,58231584,540,0,277648,0
1789377988417504055,58230172,164,0,277648,0
1789377988417582988,58230172,164,0,277648,0
1789377989444524156,58228092,228,0,277648,0
1789377989446287852,58228596,228,0,277648,0
1789377990472689938,58228972,400,0,277648,0
1789377990475498214,58228748,400,0,277648,0
1789377991502589955,58227392,444,0,277648,0
1789377991505135408,58227392,444,0,277648,0
1789377992532345209,58224148,36,164,277648,0
1789377992534730941,58223644,36,164,277648,0
1789377993562791482,58221612,312,0,277648,0
1789377993564835674,58221612,312,0,277648,0
1789377994592566000,58222604,392,0,277648,0
1789377994595134816,58222604,392,0,277648,0
1789377995622206763,58221616,628,0,277648,0
1789377995624218701,58221616,628,0,277648,0
1789377996652281895,58220692,648,0,277648,0
1789377996654493920,58220692,648,0,277648,0
1789377997681102484,58203776,36,0,277648,0
1789377997683464122,58203776,36,0,277648,0
1789377998707691384,58204916,152,0,277648,0
1789377998710276687,58204412,152,0,277648,0
1789377999734574361,58205136,372,0,277648,0
1789377999736528036,58205136,372,0,277648,0
1789378000761070861,58204620,620,0,277648,0
1789378000762585950,58204620,620,0,277648,0
1789378001787122057,58204924,680,0,277648,0
1789378001789039138,58204924,680,0,277648,0
1789378002814538624,58204780,152,0,277648,0
1789378002816411016,58204780,152,0,277648,0
1789378003844948694,58207348,296,0,277648,0
1789378003847154584,58207348,296,0,277648,0
1789378004875307300,58207312,356,0,277648,0
1789378004877312495,58207312,356,0,277648,0
1789378005906206737,58207172,588,0,277648,0
1789378005907991609,58207172,588,0,277648,0
1789378006936793063,58205364,656,0,277648,0
1789378006938656774,58205364,656,0,277648,0
1789378007967222787,58207896,52,0,277648,0
1789378007969325239,58207896,52,0,277648,0
1789378008998259606,58209912,292,0,277648,0
1789378009000110166,58209912,292,0,277648,0
1789378010029057017,58208468,344,0,277648,0
1789378010030967105,58208468,344,0,277648,0
1789378011060186447,58212232,672,0,277648,0
1789378011061695776,58212232,672,0,277648,0
1789378012091367202,58210872,780,0,277648,0
1789378012092902328,58211376,780,0,277648,0
1789378013122067617,58212124,48,0,277648,0
1789378013123633763,58212628,48,0,277648,0
1789378014153047770,58214812,296,0,277648,0
1789378014154512042,58214812,296,0,277648,0
1789378015183202767,58215308,496,0,277648,0
1789378015184730925,58215308,496,0,277648,0
1789378016213760494,58214400,584,0,277648,0
1789378016215489080,58214400,584,0,277648,0
1789378017244997857,58212084,620,0,277648,0
1789378017246804620,58211836,620,0,277648,0
1789378018275918302,58212136,84,0,277648,0
1789378018278131924,58212136,84,0,277648,0
1789378019307059354,58210380,180,0,277648,0
1789378019309084868,58210380,180,0,277648,0
1789378020337760255,58210764,484,0,277648,0
1789378020339659202,58210764,484,0,277648,0
1789378021368409242,58211440,568,0,277648,0
1789378021370208823,58211440,568,0,277648,0
1789378022395537382,58213580,612,0,277648,0
1789378022397585443,58213328,612,0,277648,0
1789378023422252576,58213192,16,0,277648,0
1789378023424684188,58213192,16,0,277648,0
1789378024448966774,58214364,292,0,277648,0
1789378024451496320,58214364,292,0,277648,0
1789378025475847284,58215180,600,0,277648,0
1789378025478590023,58215180,600,0,277648,0
1789378026502648602,58219828,628,0,277648,0
1789378026505346406,58219828,628,0,277648,0
1789378027530047466,58219748,688,0,277648,0
1789378027532226919,58219748,688,0,277648,0
1789378028561080521,58219408,56,100,277648,0
1789378028563059776,58219408,56,100,277648,0
1789378029592337661,58219608,344,0,277648,0
1789378029593791542,58219608,344,0,277648,0
1789378030623296976,58218104,600,0,277648,0
1789378030625131002,58218104,600,0,277648,0
1789378031653046416,58219224,636,0,277648,0
1789378031655033897,58219224,636,0,277648,0
1789378032684326962,58220156,708,0,277648,0
1789378032685525470,58220156,708,0,277648,0
1789378033715211725,58218192,84,400,277648,0
1789378033716759812,58218192,84,400,277648,0
1789378034746377200,58219064,296,0,277648,0
1789378034748000139,58219064,296,0,277648,0
1789378035777433463,58220424,536,0,277648,0
1789378035779228118,58220424,536,0,277648,0
1789378036808191619,58219032,604,0,277648,0
1789378036809382174,58219032,604,0,277648,0
1789378037839569648,58216376,648,0,277648,0
1789378037840971740,58216376,648,0,277648,0
1789378038871058645,58217060,88,328,277648,0
1789378038872584355,58217060,88,328,277648,0
1789378039902288031,58216496,332,0,277648,0
1789378039903891993,58216496,332,0,277648,0
1789378040933269072,58214680,556,0,277648,0
1789378040934842977,58214680,556,0,277648,0
1789378041963196821,58214820,620,0,277648,0
1789378041965339480,58215324,620,0,277648,0
1789378042994210215,58212056,656,0,277648,0
1789378042996272559,58212056,656,0,277648,0
1789378044025503994,58212648,220,0,277648,0
1789378044027115851,58212648,220,0,277648,0
1789378045055995882,58211244,292,0,277648,0
1789378045057255610,58210740,292,0,277648,0
1789378046087496700,58209016,596,0,277648,0
1789378046089042509,58209016,596,0,277648,0
1789378047118244396,58209956,676,0,277648,0
1789378047119118456,58209956,676,0,277648,0
1789378048145437280,58211348,764,0,277648,0
1789378048146365425,58211348,764,0,277648,0
1789378049172152038,58213088,120,0,277648,0
1789378049173597766,58213088,120,0,277648,0
1789378050199000698,58214072,328,0,277648,0
1789378050200482382,58214072,328,0,277648,0
1789378051226141733,58211520,580,0,277648,0
1789378051227606814,58211520,580,0,277648,0
1789378052253398894,58213368,648,0,277648,0
1789378052254792338,58213368,648,0,277648,0
1789378053281307798,58213220,728,0,277648,0
1789378053282609180,58213220,728,0,277648,0
1789378054312671487,58214104,92,0,277648,0
1789378054313465893,58213600,92,0,277648,0
1789378055343261193,58214052,516,0,277648,0
1789378055344930380,58214052,516,0,277648,0
1789378056374798862,58212416,564,0,277648,0
1789378056376182864,58212416,564,0,277648,0
1789378057407015439,58213536,616,0,277648,0
1789378057407805008,58213536,616,0,277648,0
1789378058438214249,58212508,676,0,277648,0
1789378058439298706,58212508,676,0,277648,0
1789378059469274610,58210200,96,0,277648,0
1789378059470109095,58210200,96,0,277648,0
1789378060499940162,58210440,480,0,277648,0
1789378060501338612,58210440,480,0,277648,0
1789378061531370797,58210388,516,0,277648,0
1789378061532417020,58210388,516,0,277648,0
1789378062562551094,58209816,592,0,277648,0
1789378062563938537,58209816,592,0,277648,0
1789378063593795463,58209796,620,0,277648,0
1789378063594739505,58209796,620,0,277648,0
1789378064625240753,58212224,300,0,277648,0
1789378064626082946,58211720,304,0,277648,0
1789378065656645619,58210844,560,0,277648,0
1789378065657672143,58210844,560,0,277648,0
1789378066687892332,58209548,636,0,277648,0
1789378066689244538,58209548,636,0,277648,0
1789378067719059705,58207344,684,0,277648,0
1789378067720653503,58207344,684,0,277648,0
1789378068750127730,58207292,760,0,277648,0
1789378068751627763,58207292,760,0,277648,0
1789378069781665901,58206164,256,0,277648,0
1789378069783580072,58206164,256,0,277648,0
1789378070812991667,58208432,548,0,277648,0
1789378070815032505,58208432,548,0,277648,0
1789378071843500431,58206772,612,0,277648,0
1789378071845230515,58206772,612,0,277648,0
1789378072870757435,58208380,644,0,277648,0
1789378072872211051,58208380,644,0,277648,0
1789378073897964244,58207940,688,0,277648,0
1789378073898935442,58207940,688,0,277648,0
1789378074924562830,58208120,148,0,277648,0
1789378074925819463,58208120,148,0,277648,0
1789378075951622772,58210628,588,0,277648,0
1789378075952956806,58210628,588,0,277648,0
1789378076978573791,58212788,628,0,277648,0
1789378076980140579,58212788,628,0,277648,0
1789378078005959321,58211212,680,0,277648,0
1789378078007830595,58211212,680,0,277648,0
1789378079036854347,58210032,732,0,277648,0
1789378079038802860,58210032,732,0,277648,0
1789378080067875260,58208220,312,0,277648,0
1789378080069520597,58208220,312,0,277648,0
1789378081098337157,58206856,376,0,277648,0
1789378081100545758,58206856,376,0,277648,0
1789378082129072413,58207648,552,0,277648,0
1789378082131156653,58207648,552,0,277648,0
1789378083160745497,58209140,652,0,277648,0
1789378083162252218,58209140,652,0,277648,0
1789378084192269914,58211512,696,0,277648,0
1789378084193426698,58211512,696,0,277648,0
1789378085225097382,58209940,292,0,277648,0
1789378085225630572,58209940,292,0,277648,0
1789378086256859823,58214444,356,0,277648,0
1789378086257884334,58214444,356,0,277648,0
1789378087288356319,58213772,400,0,277648,0
1789378087289732657,58213772,400,0,277648,0
1789378088319198570,58212220,440,0,277648,0
1789378088321555236,58212220,440,0,277648,0
1789378089349857897,58213620,476,0,277648,0
1789378089352209095,58213872,476,0,277648,0
1789378090380020623,58215532,288,0,277648,0
1789378090382693089,58215532,288,0,277648,0
1789378091410619460,58216944,348,0,277648,0
1789378091413079734,58216944,348,0,277648,0
1789378092440461955,58214920,392,0,277648,0
1789378092443576808,58214920,392,0,277648,0
1789378093470356280,58214048,432,0,277648,0
1789378093473372114,58214048,432,0,277648,0
1789378094500442990,58213732,472,0,277648,0
1789378094503147044,58213732,472,0,277648,0
1789378095530292807,58215456,312,0,277648,0
1789378095532683527,58215456,312,0,277648,0
1789378096560330945,58215868,336,0,277648,0
1789378096562037009,58215868,336,0,277648,0
1789378097586516345,58215496,404,0,277648,0
1789378097589005318,58215496,404,0,277648,0
1789378098613344250,58215604,436,0,277648,0
1789378098615177915,58215356,436,0,277648,0
1789378099640112063,58216264,0,132,277648,0
1789378099641797784,58216264,0,132,277648,0
1789378100666473521,58215464,112,0,277648,0
1789378100668521080,58215464,112,0,277648,0
1789378101693005987,58215636,372,0,277648,0
1789378101694749631,58215636,372,0,277648,0
1789378102720237709,58216668,432,0,277648,0
1789378102721616001,58216668,432,0,277648,0
1789378103750439437,58215248,468,0,277648,0
1789378103752650693,58215248,468,0,277648,0
1789378104780720478,58216736,0,196,277648,0
1789378104783473971,58216736,0,196,277648,0
1789378105811394340,58217696,276,0,277648,0
1789378105813877758,58217696,276,0,277648,0
1789378106842316330,58217132,348,0,277648,0
1789378106844890042,58217132,348,0,277648,0
1789378107873127307,58217272,392,0,277648,0
1789378107875272197,58217272,392,0,277648,0
1789378108902983993,58218028,424,0,277648,0
1789378108905557523,58218028,424,0,277648,0
1789378109933078966,58217040,468,0,277648,0
1789378109934755923,58217296,4,0,277648,0
1789378110963565085,58218088,320,0,277648,0
1789378110965903019,58218088,320,0,277648,0
1789378111995485128,58219520,352,0,277648,0
1789378111996792670,58219520,352,0,277648,0
1789378113026540504,58218740,396,0,277648,0
1789378113027635639,58218740,396,0,277648,0
1789378114056566389,58217300,436,0,277648,0
1789378114058323769,58216796,444,0,277648,0
1789378115087394965,58215984,156,0,277648,0
1789378115088800113,58215984,156,0,277648,0
1789378116117752051,58216840,296,0,277648,0
1789378116119929356,58216840,296,0,277648,0
1789378117148768665,58217140,344,0,277648,0
1789378117150779526,58217140,344,0,277648,0
1789378118179895009,58216764,388,0,277648,0
1789378118182389312,58216764,388,0,277648,0
1789378119210740051,58218236,436,0,277648,0
1789378119213532313,58218236,436,0,277648,0
1789378120242109768,58218204,12,0,277648,0
1789378120244550107,58218204,12,0,277648,0
1789378121272904937,58217208,152,0,277648,0
1789378121274285827,58216704,152,0,277648,0
1789378122299378835,58217352,220,0,277648,0
1789378122301230429,58217352,220,0,277648,0
1789378123328015067,58216560,264,0,277648,0
1789378123328362084,58216560,264,0,277648,0
1789378124355247222,58215496,308,0,277648,0
1789378124355704152,58215496,308,0,277648,0
1789378125382592938,58215652,44,576,277648,0
1789378125383212908,58215652,44,576,277648,0
1789378126409492510,58214036,156,0,277648,0
1789378126410487112,58214036,156,0,277648,0
1789378127437338139,58212708,216,0,277648,0
1789378127438425534,58212708,216,0,277648,0
1789378128468119616,58211208,256,0,277648,0
1789378128469140612,58211208,256,0,277648,0
1789378129498791281,58211148,276,0,277648,0
1789378129500209309,58211148,276,0,277648,0
1789378130529083062,58208800,28,0,277648,0
1789378130530821853,58208800,28,0,277648,0
1789378131559522403,58209016,160,0,277648,0
1789378131561427440,58209016,160,0,277648,0
1789378132590291870,58208680,196,0,277648,0
1789378132592533055,58208680,196,0,277648,0
1789378133620601247,58207084,260,0,277648,0
1789378133623365247,58207084,260,0,277648,0
1789378134650946031,58205468,300,0,277648,0
1789378134653901979,58205468,300,0,277648,0
1789378135681575127,58206192,20,0,277648,0
1789378135684609013,58206192,20,0,277648,0
1789378136712516555,58206084,132,0,277648,0
1789378136715362323,58206084,132,0,277648,0
1789378137742585174,58204604,208,0,277648,0
1789378137745692499,58204604,208,0,277648,0
1789378138772522448,58203744,240,0,277648,0
1789378138775830264,58203744,240,0,277648,0
1789378139802848321,58202788,296,0,277648,0
1789378139806543896,58202788,296,0,277648,0
1789378140833145321,58203468,64,32,277648,0
1789378140836865297,58203468,72,32,277648,0
1789378141863069049,58203676,168,0,277648,0
1789378141866578141,58203676,168,0,277648,0
1789378142892724433,58203588,216,0,277648,0
1789378142896844259,58203840,216,0,277648,0
1789378143921959983,58203872,272,0,277648,0
1789378143925444114,58203872,272,0,277648,0
1789378144950915790,58203500,308,0,277648,0
1789378144954125895,58203500,308,0,277648,0
1789378145979186768,58204856,16,0,277648,0
1789378145982666161,58204856,16,0,277648,0
1789378147005947454,58204872,160,0,277648,0
1789378147008248254,58204624,160,0,277648,0
1789378148033048379,58205156,204,0,277648,0
1789378148034819007,58205156,204,0,277648,0
1789378149059971097,58204636,236,0,277648,0
1789378149060565262,58204636,236,0,277648,0
1789378150086685582,58204064,444,0,277648,0
1789378150088058045,58203560,444,0,277648,0
1789378151113828301,58202500,12,0,277648,0
1789378151115565969,58202500,12,0,277648,0
1789378152141202045,58201932,160,0,277648,0
1789378152143228718,58201932,160,0,277648,0
1789378153171155612,58202112,204,0,277648,0
1789378153173795164,58202112,204,0,277648,0
1789378154201818584,58202372,256,0,277648,0
1789378154203150762,58202372,256,0,277648,0
1789378155231756899,58202996,452,0,277648,0
1789378155233582289,58202996,452,0,277648,0
1789378156262527498,58205104,16,0,277648,0
1789378156264774868,58205104,16,0,277648,0
1789378157292767147,58206572,164,0,277648,0
1789378157295286026,58206348,164,0,277648,0
1789378158322755645,58208128,208,0,277648,0
1789378158324962836,58208128,208,0,277648,0
1789378159352805675,58210168,236,0,277648,0
1789378159355064772,58210168,236,0,277648,0
1789378160382804943,58208200,456,0,277648,0
1789378160385672621,58208200,456,0,277648,0
1789378161412867639,58209080,0,0,277648,0
1789378161416293732,58209080,0,0,277648,0
1789378162443813801,58208824,172,0,277648,0
1789378162447094126,58208824,172,0,277648,0
1789378163474585352,58210492,196,0,277648,0
1789378163477640389,58210492,196,0,277648,0
1789378164504910176,58212224,244,0,277648,0
1789378164507977948,58212224,244,0,277648,0
1789378165535191335,58210260,412,0,277648,0
1789378165537927061,58210260,412,0,277648,0
1789378166566145209,58209432,0,72,277648,0
1789378166568830670,58209432,0,72,277648,0
1789378167596706868,58207596,156,0,277648,0
1789378167599078280,58207596,156,0,277648,0
1789378168627100317,58207800,196,0,277648,0
1789378168629948557,58207800,196,0,277648,0
1789378169656991912,58206468,236,0,277648,0
1789378169660766784,58206468,236,0,277648,0
1789378170686649699,58206584,428,0,277648,0
1789378170690227556,58206584,428,0,277648,0
1789378171713896085,58206784,480,0,277648,0
1789378171716589977,58206784,480,0,277648,0
1789378172740627663,58207988,144,0,277648,0
1789378172743442146,58207988,144,0,277648,0
1789378173767561484,58207220,184,0,277648,0
1789378173770276891,58207220,184,0,277648,0
1789378174794445271,58206388,224,0,277648,0
1789378174796906711,58206388,224,0,277648,0
1789378175820385713,58205660,448,0,277648,0
1789378175823428084,58205660,448,0,277648,0
1789378176847419701,58204780,480,0,277648,0
1789378176850196782,58204836,480,0,277648,0
1789378177877679033,58207264,152,80,277648,0
1789378177880260879,58206760,152,80,277648,0
1789378178908384721,58206264,216,0,277648,0
1789378178910473438,58206264,216,0,277648,0
1789378179938991429,58206704,252,0,277648,0
1789378179941336611,58206704,252,0,277648,0
1789378180969605611,58205580,440,0,277648,0
1789378180972137240,58205580,440,0,277648,0
1789378182000600008,58204800,484,0,277648,0
1789378182003060651,58204800,484,0,277648,0
1789378183031587587,58204144,100,0,277648,0
1789378183033755717,58204144,100,0,277648,0
1789378184061681799,58204412,192,0,277648,0
1789378184064476409,58204412,192,0,277648,0
1789378185092167650,58204828,420,0,277648,0
1789378185094955756,58204828,420,0,277648,0
1789378186122930786,58206264,460,0,277648,0
1789378186125312654,58206264,460,0,277648,0
1789378187152719808,58208520,500,0,277648,0
1789378187156106552,58208520,500,0,277648,0
1789378188183402877,58207196,116,0,277648,0
1789378188186859306,58207196,116,0,277648,0
1789378189213746878,58205696,192,0,277648,0
1789378189216421818,58206200,192,0,277648,0
1789378190244171295,58206524,412,0,277648,0
1789378190246029062,58206524,412,0,277648,0
1789378191275147928,58208408,452,0,277648,0
1789378191277185951,58208408,452,0,277648,0
1789378192305132563,58210888,496,0,277648,0
1789378192307229576,58210888,496,0,277648,0
1789378193335441297,58212048,144,0,277648,0
1789378193337606400,58212048,144,0,277648,0
1789378194365278981,58212684,188,0,277648,0
1789378194367893972,58212684,188,0,277648,0
1789378195395772838,58212800,432,0,277648,0
1789378195397690293,58212800,432,0,277648,0
1789378196422562891,58212964,484,0,277648,0
1789378196424548968,58212964,484,0,277648,0
1789378197449272957,58211608,524,0,277648,0
1789378197450844020,58211104,524,0,277648,0
1789378198475860885,58210528,120,0,277648,0
1789378198477628928,58210528,120,0,277648,0
1789378199502606892,58210336,196,0,277648,0
1789378199504462970,58210336,196,0,277648,0
1789378200529646952,58209996,372,0,277648,0
1789378200531374393,58209996,372,0,277648,0
1789378201557442217,58211700,640,0,277648,0
1789378201559213331,58211700,640,0,277648,0
1789378202587743682,58211864,676,0,277648,0
1789378202589205545,58211360,676,0,277648,0
1789378203616838823,58211496,76,0,277648,0
1789378203618786249,58211496,76,0,277648,0
1789378204647462940,58211980,188,0,277648,0
1789378204649384515,58211980,188,0,277648,0
1789378205678152504,58210284,408,0,277648,0
1789378205680197319,58210284,408,0,277648,0
1789378206708302762,58211176,468,0,277648,0
1789378206710540864,58211176,468,0,277648,0
1789378207738673788,58209828,516,0,277648,0
1789378207741056582,58209828,516,0,277648,0
1789378208768908200,58210440,108,0,277648,0
1789378208771374237,58210440,108,0,277648,0
1789378209799598628,58213424,192,0,277648,0
1789378209801672217,58213424,192,0,277648,0
1789378210829813613,58213228,228,0,277648,0
1789378210831347930,58212780,228,0,277648,0
1789378211860178140,58213972,432,0,277648,0
1789378211861107032,58213972,432,0,277648,0
1789378212890867091,58213120,472,0,277648,0
1789378212892590003,58213120,472,0,277648,0
1789378213922055549,58214636,132,0,277648,0
1789378213923348359,58214636,132,0,277648,0
1789378214952755637,58215880,208,0,277648,0
1789378214954594739,58215880,208,0,277648,0
1789378215982786194,58214088,400,0,277648,0
1789378215985267725,58213584,400,0,277648,0
1789378217012439071,58214232,452,0,277648,0
1789378217015279163,58214736,452,0,277648,0
1789378218044055259,58211588,492,0,277648,0
1789378218046624848,58211588,492,0,277648,0
1789378219074849504,58209948,132,0,277648,0
1789378219077562021,58209948,132,0,277648,0
1789378220104648590,58211756,192,0,277648,0
1789378220106800556,58211756,192,0,277648,0
1789378221130812031,58212416,396,0,277648,0
1789378221133651541,58212416,396,0,277648,0
1789378222157882981,58212104,432,0,277648,0
1789378222160714285,58212104,432,0,277648,0
1789378223184966664,58211504,464,0,277648,0
1789378223187410502,58211000,464,0,277648,0
1789378224211886196,58212436,148,0,277648,0
1789378224213816228,58212436,148,0,277648,0
1789378225238928695,58212796,188,0,277648,0
1789378225240881245,58212796,188,0,277648,0
1789378226268807405,58213532,416,0,277648,0
1789378226270444022,58213532,416,0,277648,0
1789378227301382430,58212484,456,0,277648,0
1789378227302424829,58212260,456,0,277648,0
1789378228333363420,58212124,488,0,277648,0
1789378228334434764,58212124,488,0,277648,0
1789378229364376513,58214040,144,0,277648,0
1789378229365609007,58214040,144,0,277648,0
1789378230395763808,58212744,200,0,277648,0
1789378230397370218,58212744,200,0,277648,0
1789378231426251908,58211876,384,0,277648,0
1789378231427825750,58211372,384,0,277648,0
1789378232457102251,58209948,412,0,277648,0
1789378232458450664,58209948,412,0,277648,0
1789378233487470992,58208316,468,0,277648,0
1789378233488952362,58208316,468,0,277648,0
1789378234517270897,58207928,116,0,277648,0
1789378234519159364,58207928,116,0,277648,0
1789378235547805232,58206148,356,0,277648,0
1789378235549620389,58206148,356,0,277648,0
1789378236578271404,58205668,392,0,277648,0
1789378236580245827,58205668,392,0,277648,0
1789378237609313037,58204376,436,0,277648,0
1789378237611136726,58205384,436,0,277648,0
1789378238639576825,58206016,456,0,277648,0
1789378238641474063,58206016,456,0,277648,0
1789378239670413493,58204340,108,0,277648,0
1789378239672412797,58204340,108,0,277648,0
1789378240700997967,58201324,416,0,277648,0
1789378240703186525,58201324,416,0,277648,0
1789378241731035451,58202260,452,0,277648,0
1789378241733529893,58202260,452,0,277648,0
1789378242761357534,58204072,512,0,277648,0
1789378242763164326,58204072,512,0,277648,0
1789378243790933112,58205064,24,0,277648,0
1789378243793595682,58205064,24,0,277648,0
1789378244819384208,58203712,156,0,277648,0
1789378244822352582,58203712,156,0,277648,0
1789378245845879620,58202008,348,0,277648,0
1789378245849515366,58202008,348,0,277648,0
1789378246873010473,58204996,408,0,277648,0
1789378246876103632,58204996,408,0,277648,0
1789378247899570856,58207216,448,0,277648,0
1789378247902403829,58207216,448,0,277648,0
1789378248926558129,58207672,4,0,277648,0
1789378248929552880,58207672,4,0,277648,0
1789378249953889495,58207324,164,0,277648,0
1789378249956595022,58207324,164,0,277648,0
1789378250984560510,58207032,372,0,277648,0
1789378250987060824,58207032,372,0,277648,0
1789378252015315968,58204980,404,0,277648,0
1789378252017842778,58204980,404,0,277648,0
1789378253046070299,58204204,448,0,277648,0
1789378253048572499,58204204,448,0,277648,0
1789378254076756531,58204948,160,0,277648,0
1789378254079079720,58204948,160,0,277648,0
1789378255107642945,58204620,292,0,277648,0
1789378255110177594,58204620,292,0,277648,0
1789378256138071457,58207288,336,0,277648,0
1789378256141227249,58207320,336,0,277648,0
1789378257168814466,58205948,376,0,277648,0
1789378257171242700,58205948,376,0,277648,0
1789378258199622111,58207156,428,0,277648,0
1789378258201196159,58207156,428,0,277648,0
1789378259230258180,58206608,16,0,277648,0
1789378259232259520,58206608,16,0,277648,0
1789378260261386098,58209100,156,0,277648,0
1789378260262916107,58209100,156,0,277648,0
1789378261292073408,58209496,348,0,277648,0
1789378261294017517,58209496,348,0,277648,0
1789378262322704037,58209420,400,0,277648,0
1789378262324873006,58209420,400,0,277648,0
1789378263353766050,58209844,432,0,277648,0
1789378263355694562,58210852,432,0,277648,0
1789378264385360759,58208404,0,224,277648,0
1789378264386958213,58207900,0,224,277648,0
1789378265417072727,58209440,280,0,277648,0
1789378265418329771,58209440,280,0,277648,0
1789378266448428411,58209148,352,0,277648,0
1789378266449589326,58209148,352,0,277648,0
1789378267479845117,58209564,380,0,277648,0
1789378267481388881,58209564,380,0,277648,0
1789378268510902475,58209620,436,0,277648,0
1789378268512835965,58209116,436,0,277648,0
1789378269540960030,58208668,472,0,277648,0
1789378269542321067,58208668,472,0,277648,0
1789378270568399759,58209016,128,0,277648,0
1789378270569559675,58209016,128,0,277648,0
1789378271595645228,58209648,376,0,277648,0
1789378271597013841,58209648,376,0,277648,0
1789378272622745609,58207540,440,0,277648,0
1789378272624210542,58207540,440,0,277648,0
1789378273649970960,58207416,456,0,277648,0
1789378273651311980,58207416,456,0,277648,0
1789378274676761059,58205428,524,0,277648,0
1789378274677120867,58205428,524,0,277648,0
1789378275704541336,58207756,216,0,277648,0
1789378275705444121,58207756,216,0,277648,0
1789378276735092133,58208636,344,0,277648,0
1789378276737159181,58208636,344,0,277648,0
1789378277765535723,58208932,380,0,277648,0
1789378277768029398,58208428,380,0,277648,0
1789378278796921722,58209136,428,0,277648,0
1789378278799141858,58209136,428,0,277648,0
1789378279827741323,58209664,452,0,277648,0
1789378279830284411,58209664,452,0,277648,0
1789378280859189137,58208352,128,0,277648,0
1789378280861467477,58208352,128,0,277648,0
1789378281890409061,58208880,192,0,277648,0
1789378281892798045,58208656,192,0,277648,0
1789378282921367311,58209924,240,0,277648,0
1789378282923891624,58209924,240,0,277648,0
1789378283952783437,58210668,280,0,277648,0
1789378283954951781,58210668,280,0,277648,0
1789378284983599094,58209604,320,0,277648,0
1789378284985767447,58209380,320,0,277648,0
1789378286015190514,58212540,120,0,277648,0
1789378286017107819,58212540,120,0,277648,0
1789378287046471010,58211168,188,0,277648,0
1789378287048491285,58211168,188,0,277648,0
1789378288077075925,58207876,232,0,277648,0
1789378288079121631,58207876,232,0,277648,0
1789378289107123328,58205996,272,0,277648,0
1789378289109352155,58205996,272,0,277648,0
1789378290137766501,58204456,472,0,277648,0
1789378290140238991,58204456,472,0,277648,0
1789378291167130079,58206076,92,0,277648,0
1789378291170602852,58206076,100,0,277648,0
1789378292196966556,58206416,196,0,277648,0
1789378292200405310,58206416,196,0,277648,0
1789378293225391438,58208344,244,0,277648,0
1789378293229385901,58208344,244,0,277648,0
1789378294254018450,58205604,296,0,277648,0
1789378294258023305,58205604,296,0,277648,0
1789378295281282126,58205456,492,0,277648,0
1789378295284848396,58205456,492,0,277648,0
1789378296308071896,58204268,56,0,277648,0
1789378296310872139,58204268,60,0,277648,0
1789378297334587750,58202620,192,0,277648,0
1789378297336812085,58202620,192,0,277648,0
1789378298361356512,58203028,232,0,277648,0
1789378298363076123,58203532,232,0,277648,0
1789378299387958838,58205176,260,0,277648,0
1789378299390521996,58205176,260,0,277648,0
1789378300415503629,58205344,468,0,277648,0
1789378300416500862,58205344,468,0,277648,0
1789378301445672382,58207568,72,0,277648,0
1789378301447176997,58207568,72,0,277648,0
1789378302476211027,58208964,192,0,277648,0
1789378302477531580,58208964,192,0,277648,0
1789378303506467147,58209868,224,0,277648,0
1789378303508243678,58209868,224,0,277648,0
1789378304537235267,58211532,260,0,277648,0
1789378304538948259,58211532,260,0,277648,0
1789378305568425974,58211036,432,0,277648,0
1789378305569424133,58211036,432,0,277648,0
1789378306598907027,58211840,76,176,277648,0
1789378306600659872,58211840,76,176,277648,0
1789378307628978270,58211476,172,0,277648,0
1789378307630893517,58211476,172,0,277648,0
1789378308659714937,58213356,228,0,277648,0
1789378308661897344,58213356,228,0,277648,0
1789378309690381405,58211488,268,0,277648,0
1789378309692724147,58211488,268,0,277648,0
1789378310721220026,58211456,484,0,277648,0
1789378310723129393,58211456,484,0,277648,0
1789378311752165711,58211840,68,0,277648,0
1789378311754079170,58211840,68,0,277648,0
1789378312783166131,58209016,180,0,277648,0
1789378312785221747,58208512,180,0,277648,0
1789378313814173975,58207180,216,0,277648,0
1789378313816394489,58207180,216,0,277648,0
1789378314845204004,58206736,268,0,277648,0
1789378314847431525,58206988,268,0,277648,0
1789378315876648175,58209180,432,0,277648,0
1789378315878726610,58208676,432,0,277648,0
1789378316907278887,58209544,92,196,277648,0
1789378316909226133,58209040,92,196,277648,0
1789378317937105016,58209972,188,0,277648,0
1789378317938400605,58209972,188,0,277648,0
1789378318967515556,58209568,236,0,277648,0
1789378318968772267,58209568,236,0,277648,0
1789378319993458399,58208908,280,0,277648,0
1789378319996103285,58208404,280,0,277648,0
1789378321020158962,58208112,588,0,277648,0
1789378321022813952,58208112,588,0,277648,0
1789378322046806351,58207744,76,0,277648,0
1789378322049052502,58207744,76,0,277648,0
1789378323073674618,58207160,168,0,277648,0
1789378323076113285,58206656,168,0,277648,0
1789378324100641188,58206504,200,0,277648,0
1789378324102644686,58206504,200,0,277648,0
1789378325128083801,58206908,408,0,277648,0
1789378325130524576,58206908,408,0,277648,0
1789378326158890933,58207608,440,0,277648,0
1789378326161532891,58207608,440,0,277648,0
1789378327189801670,58206780,108,0,277648,0
1789378327192446559,58206780,108,0,277648,0
1789378328220782715,58207448,188,0,277648,0
1789378328223046091,58206944,188,0,277648,0
1789378329250816914,58205568,244,0,277648,0
1789378329253399968,58205568,244,0,277648,0
1789378330281543014,58206452,388,0,277648,0
1789378330284415391,58206704,388,0,277648,0
1789378331312695623,58205408,452,0,277648,0
1789378331314982733,58205408,452,0,277648,0
1789378332343392186,58205388,112,0,277648,0
1789378332345856456,58205388,112,0,277648,0
1789378333374367260,58207052,196,0,277648,0
1789378333377258826,58207052,196,0,277648,0
1789378334405620392,58208224,232,0,277648,0
1789378334408121826,58208224,232,0,277648,0
1789378335436889890,58210836,272,0,277648,0
1789378335438879382,58210836,272,0,277648,0
1789378336467773041,58210176,484,0,277648,0
1789378336470314458,58210176,484,0,277648,0
1789378337499221374,58209860,136,0,277648,0
1789378337501344934,58208852,136,0,277648,0
1789378338529755812,58208780,200,0,277648,0
1789378338530899546,58208780,200,0,277648,0
1789378339559596877,58210960,248,0,277648,0
1789378339561430562,58210960,248,0,277648,0
1789378340590735420,58208080,428,0,277648,0
1789378340592525988,58208080,428,0,277648,0
1789378341621823132,58208752,468,0,277648,0
1789378341623179118,58209256,468,0,277648,0
1789378342652980867,58210104,96,0,277648,0
1789378342654752310,58210104,96,0,277648,0
1789378343682663598,58207636,204,0,277648,0
1789378343684449775,58207636,204,0,277648,0
1789378344709607121,58208060,240,0,277648,0
1789378344710777302,58207556,240,0,277648,0
1789378345736523282,58207384,408,0,277648,0
1789378345738186350,58207384,408,0,277648,0
1789378346763643622,58207032,460,0,277648,0
1789378346765112939,58207032,460,0,277648,0
1789378347789764886,58207188,92,0,277648,0
1789378347791533940,58207188,92,0,277648,0
1789378348815463082,58209628,192,0,277648,0
1789378348818203562,58209628,192,0,277648,0
1789378349842982146,58209912,220,0,277648,0
1789378349845646368,58209912,220,0,277648,0
1789378350873641726,58211536,428,0,277648,0
1789378350875874915,58211536,428,0,277648,0
1789378351904919952,58212232,472,0,277648,0
1789378351906995578,58211728,472,0,277648,0
1789378352935520603,58212164,140,0,277648,0
1789378352938139767,58212164,140,0,277648,0
1789378353966884625,58213600,200,0,277648,0
1789378353969263543,58213600,200,0,277648,0
1789378354998198771,58213384,240,0,277648,0
1789378355000164367,58213384,240,0,277648,0
1789378356028394763,58212544,404,0,277648,0
1789378356029843053,58212544,404,0,277648,0
1789378357058933171,58210456,444,0,277648,0
1789378357060806584,58209952,444,0,277648,0
1789378358088876176,58209136,144,0,277648,0
1789378358090881153,58209136,144,0,277648,0
1789378359119663643,58210588,216,0,277648,0
1789378359122034602,58210588,216,0,277648,0
1789378360152082176,58211220,244,0,277648,0
1789378360153962994,58211220,244,0,277648,0
1789378361183631262,58211384,448,0,277648,0
1789378361185331527,58210880,448,0,277648,0
1789378362215057964,58210648,484,0,277648,0
1789378362216698553,58210648,484,0,277648,0
1789378363246687607,58211000,128,0,277648,0
1789378363248218422,58211000,128,0,277648,0
1789378364277627696,58207600,184,0,277648,0
1789378364279194473,58207600,184,0,277648,0
1789378365307933372,58204808,416,0,277648,0
1789378365309113436,58204808,416,0,277648,0
1789378366338799435,58203484,452,0,277648,0
1789378366340293165,58203484,452,0,277648,0
1789378367369083380,58204104,500,0,277648,0
1789378367370999645,58204104,500,0,277648,0
1789378368398535027,58205904,152,0,277648,0
1789378368400671596,58206408,152,0,277648,0
1789378369425368821,58208064,212,0,277648,0
1789378369430220516,58208064,212,0,277648,0
1789378370451954786,58209972,620,0,277648,0
1789378370456757055,58209972,620,0,277648,0
1789378371478723411,58211604,632,0,277648,0
1789378371483666726,58211352,632,0,277648,0
1789378372505480272,58210956,696,0,277648,0
1789378372510756494,58211460,696,0,277648,0
1789378373532425100,58212388,80,0,277648,0
1789378373537883664,58212644,80,0,277648,0
1789378374559969171,58212816,192,0,277648,0
1789378374564999651,58212816,192,0,277648,0
1789378375590086762,58211412,240,0,277648,0
1789378375595796791,58210908,240,0,277648,0
1789378376620675022,58211364,416,0,277648,0
1789378376626879532,58210860,416,0,277648,0
1789378377651899746,58212568,0,48,277648,0
1789378377657905894,58212064,0,48,277648,0
1789378378682836093,58212948,144,0,277648,0
1789378378688589326,58212948,144,0,277648,0
1789378379714076288,58212612,204,0,277648,0
1789378379719009998,58211860,204,0,277648,0
1789378380744300060,58212000,364,0,277648,0
1789378380749808382,58212000,364,0,277648,0
1789378381775004357,58210704,428,0,277648,0
1789378381780699126,58211208,428,0,277648,0
1789378382806069389,58206324,4,216,277648,0
1789378382811666287,58206324,8,216,277648,0
1789378383836750656,58206504,156,0,277648,0
1789378383842298124,58206000,156,0,277648,0
1789378384866882314,58203460,192,0,277648,0
1789378384872795786,58203460,192,0,277648,0
1789378385898075445,58203960,412,0,277648,0
1789378385903419531,58203960,412,0,277648,0
1789378386928467762,58202580,448,0,277648,0
1789378386934394776,58203084,448,0,277648,0
1789378387957825237,58203076,4,108,277648,0
1789378387963888014,58202324,4,108,277648,0
1789378388989275503,58201260,168,0,277648,0
1789378388994293227,58201260,168,0,277648,0
1789378390020089459,58203220,220,0,277648,0
1789378390025248179,58203220,220,0,277648,0
1789378391050620474,58204120,388,0,277648,0
1789378391055896035,58204120,388,0,277648,0
1789378392081066779,58203496,440,0,277648,0
1789378392086366491,58203496,440,0,277648,0
1789378393111564271,58203388,12,160,277648,0
1789378393115622462,58203388,12,160,277648,0
1789378394138516082,58204740,156,0,277648,0
1789378394142001956,58204740,156,0,277648,0
1789378395165566774,58204608,200,0,277648,0
1789378395167842557,58204104,200,0,277648,0
1789378396191979291,58203576,420,0,277648,0
1789378396194027374,58203576,420,0,277648,0
1789378397218705566,58204112,460,0,277648,0
1789378397220152632,58204112,460,0,277648,0
1789378398245153994,58204912,12,200,277648,0
1789378398246551476,58204912,12,200,277648,0
1789378399271342065,58205536,136,0,277648,0
1789378399273424666,58205536,136,0,277648,0
1789378400301468691,58204496,328,0,277648,0
1789378400305237009,58204496,328,0,277648,0
1789378401332519304,58204856,356,0,277648,0
1789378401336083671,58204856,356,0,277648,0
1789378402363093350,58203752,408,0,277648,0
1789378402366378322,58203248,408,0,277648,0
1789378403394385826,58205160,4,0,277648,0
1789378403397289881,58205160,4,0,277648,0
1789378404425119107,58204840,156,0,277648,0
1789378404427767677,58204840,156,0,277648,0
1789378405456004741,58205488,324,0,277648,0
1789378405458201829,58204480,324,0,277648,0
1789378406487158220,58203408,384,0,277648,0
1789378406489269952,58203408,384,0,277648,0
1789378407518272037,58201792,416,0,277648,0
1789378407519999589,58201792,416,0,277648,0
1789378408549317773,58200772,12,0,277648,0
1789378408551173478,58200772,12,0,277648,0
1789378409580389133,58200728,132,0,277648,0
1789378409581745121,58200728,132,0,277648,0
1789378410610948660,58200960,356,0,277648,0
1789378410612225597,58200960,356,0,277648,0
1789378411642084042,58200948,388,0,277648,0
1789378411643198168,58200948,388,0,277648,0
1789378412673443095,58202868,432,0,277648,0
1789378412674309055,58202868,432,0,277648,0
1789378413704319405,58203720,500,0,277648,0
1789378413705934324,58203720,500,0,277648,0
1789378414735232137,58202348,184,0,277648,0
1789378414736686515,58202348,184,0,277648,0
1789378415767084210,58201528,352,0,277648,0
1789378415768300809,58201528,352,0,277648,0
1789378416798603127,58202420,392,0,277648,0
1789378416799497664,58202420,392,0,277648,0
1789378417828913096,58203480,436,0,277648,0
1789378417830426491,58203480,436,0,277648,0
1789378418856078064,58203652,68,0,277648,0
1789378418857700297,58203652,68,0,277648,0
1789378419882991976,58203016,164,0,277648,0
1789378419884512394,58203016,164,0,277648,0
1789378420910286614,58201884,388,0,277648,0
1789378420911747030,58201884,388,0,277648,0
1789378421936779514,58204148,436,0,277648,0
1789378421938660213,58204148,436,0,277648,0
1789378422963691670,58204288,472,0,277648,0
1789378422965731501,58204792,472,0,277648,0
1789378423990834054,58204584,64,0,277648,0
1789378423993376516,58204584,64,0,277648,0
1789378425021123778,58204308,176,0,277648,0
1789378425023519902,58204308,176,0,277648,0
1789378426051348933,58203972,348,0,277648,0
1789378426054299612,58203468,348,0,277648,0
1789378427081934817,58206820,380,0,277648,0
1789378427084631566,58206820,380,0,277648,0
1789378428112971167,58210252,424,0,277648,0
1789378428115522234,58210252,424,0,277648,0
1789378429143904584,58209224,36,0,277648,0
1789378429146032945,58209224,36,0,277648,0
1789378430175264309,58208108,312,0,277648,0
1789378430177328023,58208108,312,0,277648,0
1789378431206334669,58207364,368,0,277648,0
1789378431208442740,58207364,368,0,277648,0
1789378432237351141,58207868,412,0,277648,0
1789378432239271914,58207868,412,0,277648,0
1789378433268008058,58205480,456,0,277648,0
1789378433270228881,58205480,456,0,277648,0
1789378434299486199,58204168,0,0,277648,0
1789378434301280724,58204168,0,0,277648,0
1789378435330099997,58204080,340,0,277648,0
1789378435331938770,58204080,340,0,277648,0
1789378436361393018,58204204,368,0,277648,0
1789378436363229985,58204204,368,0,277648,0
1789378437392183523,58205228,424,0,277648,0
1789378437394081286,58205228,424,0,277648,0
1789378438423330076,58205884,456,0,277648,0
1789378438425290752,58205884,456,0,277648,0
1789378439454137636,58208500,28,164,277648,0
1789378439455989095,58207996,28,164,277648,0
1789378440484857589,58207392,296,0,277648,0
1789378440486831506,58207392,296,0,277648,0
1789378441515958121,58208364,332,0,277648,0
1789378441518169712,58208364,332,0,277648,0
1789378442546509734,58209312,388,0,277648,0
1789378442548711318,58209312,388,0,277648,0
1789378443574224382,58211496,412,0,277648,0
1789378443575453619,58211496,412,0,277648,0
1789378444601501764,58211204,8,140,277648,0
1789378444602735451,58211204,8,140,277648,0
1789378445628936504,58207108,280,0,277648,0
1789378445630317953,58207108,280,0,277648,0
1789378446656081226,58210224,332,0,277648,0
1789378446657865955,58210224,332,0,277648,0
1789378447682915132,58209112,364,0,277648,0
1789378447684956766,58209112,364,0,277648,0
1789378448709941427,58209272,412,0,277648,0
1789378448711974075,58209272,412,0,277648,0
1789378449739372472,58208376,484,0,277648,0
1789378449741351834,58208376,484,0,277648,0
1789378450767391511,58208216,328,0,277648,0
1789378450768368338,58208216,328,0,277648,0
1789378451795983768,58209072,368,0,277648,0
1789378451796702144,58209072,368,0,277648,0
1789378452823937205,58208092,404,0,277648,0
1789378452826211216,58208092,404,0,277648,0
1789378453852779910,58208900,448,0,277648,0
1789378453854130568,58209404,448,0,277648,0
1789378454880814323,58208112,48,8,277648,0
1789378454884561461,58208112,48,8,277648,0
1789378455911372307,58208352,296,0,277648,0
1789378455915965666,58208352,296,0,277648,0
1789378456942635909,58207500,340,0,277648,0
1789378456946654854,58207500,340,0,277648,0
1789378457973857339,58207584,372,0,277648,0
1789378457977252651,58207080,372,0,277648,0
1789378459005158243,58208856,424,0,277648,0
1789378459007509780,58208856,424,0,277648,0
1789378460036428980,58208676,16,0,277648,0
1789378460038727227,58208676,16,0,277648,0
1789378461067204895,58211176,316,0,277648,0
1789378461070046356,58211680,316,0,277648,0
1789378462098051862,58210080,356,0,277648,0
1789378462100551144,58210080,356,0,277648,0
1789378463129045022,58208956,396,0,277648,0
1789378463131161847,58208956,396,0,277648,0
1789378464159256456,58208956,460,0,277648,0
1789378464162302073,58208956,460,0,277648,0
1789378465189450371,58208160,232,0,277648,0
1789378465192574343,58208160,232,0,277648,0
1789378466220920204,58207276,176,0,277648,0
1789378466223424456,58207276,176,0,277648,0
1789378467250837928,58207632,196,0,277648,0
1789378467254303840,58207632,196,0,277648,0
1789378468276834333,58205024,252,0,277648,0
1789378468281401772,58205024,252,0,277648,0
1789378469303513568,58205872,276,0,277648,0
1789378469308243895,58205872,284,0,277648,0
1789378470330388560,58208100,0,144,277648,0
1789378470334630076,58208100,0,144,277648,0
1789378471357092071,58207244,156,0,277648,0
1789378471361693004,58207244,156,0,277648,0
1789378472383060734,58209204,204,0,277648,0
1789378472388504920,58209204,204,0,277648,0
1789378473410100268,58208048,256,0,277648,0
1789378473416154902,58208048,256,0,277648,0
1789378474441429241,58209716,428,0,277648,0
1789378474447651962,58209716,428,0,277648,0
1789378475472671670,58210336,472,0,277648,0
1789378475478713917,58210336,472,0,277648,0
1789378476504529338,58209776,132,0,277648,0
1789378476509953689,58209776,132,0,277648,0
1789378477535714537,58209916,200,0,277648,0
1789378477540501535,58209916,200,0,277648,0
1789378478567124911,58211616,232,0,277648,0
1789378478571410695,58211112,232,0,277648,0
1789378479598572817,58211176,456,0,277648,0
1789378479601467580,58211176,456,0,277648,0
1789378480628423808,58210296,0,0,277648,0
1789378480631329669,58210296,0,0,277648,0
1789378481659301652,58210876,168,0,277648,0
1789378481662104470,58210876,168,0,277648,0
1789378482690733237,58209812,208,0,277648,0
1789378482693278362,58209812,208,0,277648,0
1789378483722383237,58208412,252,0,277648,0
1789378483723876183,58208412,252,0,277648,0
1789378484753432289,58208392,456,0,277648,0
1789378484754678711,58208400,456,0,277648,0
1789378485785111627,58208316,36,188,277648,0
1789378485786522164,58208316,36,188,277648,0
1789378486814803281,58207288,152,0,277648,0
1789378486817217570,58207288,152,0,277648,0
1789378487845553755,58206260,204,0,277648,0
1789378487848318673,58206260,204,0,277648,0
1789378488876308943,58204936,252,0,277648,0
1789378488878619564,58204936,252,0,277648,0
1789378489906674553,58206740,432,0,277648,0
1789378489909022797,58206740,432,0,277648,0
1789378490937015451,58207800,28,0,277648,0
1789378490939575883,58207800,28,0,277648,0
1789378491966958849,58207740,156,0,277648,0
1789378491969697246,58207740,156,0,277648,0
1789378492993883029,58208376,204,0,277648,0
1789378492996317258,58208376,204,0,277648,0
1789378494020870234,58206768,244,0,277648,0
1789378494023080282,58206768,244,0,277648,0
1789378495047804755,58207496,424,0,277648,0
1789378495050295248,58207496,424,0,277648,0
1789378496073982985,58206200,8,120,277648,0
1789378496077858188,58206200,8,120,277648,0
1789378497101061528,58207428,176,0,277648,0
1789378497105287493,58206924,176,0,277648,0
1789378498129824728,58208092,220,0,277648,0
1789378498133520719,58208092,220,0,277648,0
1789378499162218055,58209736,372,0,277648,0
1789378499165905909,58209232,372,0,277648,0
1789378500193777136,58211172,420,0,277648,0
1789378500197311102,58211676,420,0,277648,0
1789378501225462505,58210304,16,0,277648,0
1789378501228685903,58210304,16,0,277648,0
1789378502255078819,58211832,380,0,277648,0
1789378502258465778,58211832,380,0,277648,0
1789378503285319390,58210776,416,0,277648,0
1789378503288983347,58210776,416,0,277648,0
1789378504314455161,58211964,644,0,277648,0
1789378504319622634,58212468,644,0,277648,0
1789378505345067049,58212876,684,0,277648,0
1789378505350299952,58212876,684,0,277648,0
1789378506376113171,58213016,36,0,277648,0
1789378506380368063,58213016,36,0,277648,0
1789378507407414161,58212424,180,0,277648,0
1789378507411030663,58212424,180,0,277648,0
1789378508438431279,58212120,216,0,277648,0
1789378508441590696,58212120,216,0,277648,0
1789378509468756720,58211016,400,0,277648,0
1789378509471727934,58211016,400,0,277648,0
1789378510498564113,58210380,456,0,277648,0
1789378510501487433,58210380,456,0,277648,0
1789378511528942088,58210888,20,0,277648,0
1789378511531957140,58210888,20,0,277648,0
1789378512559604076,58209932,152,0,277648,0
1789378512562667349,58209932,152,0,277648,0
1789378513589766844,58209528,184,0,277648,0
1789378513593251659,58209528,184,0,277648,0
1789378514620403963,58207396,244,0,277648,0
1789378514623945023,58207396,244,0,277648,0
1789378515651336335,58204524,428,0,277648,0
1789378515654589165,58204524,428,0,277648,0
1789378516680319819,58205324,0,200,277648,0
1789378516684133192,58205324,0,200,277648,0
1789378517706996432,58207428,132,0,277648,0
1789378517710148831,58207428,132,0,277648,0
1789378518734244568,58207804,200,0,277648,0
1789378518736776446,58207804,200,0,277648,0
1789378519760559062,58207848,364,0,277648,0
1789378519763320928,58207848,364,0,277648,0
1789378520787295213,58206856,432,0,277648,0
1789378520790182320,58206352,432,0,277648,0
1789378521814510178,58208728,12,148,277648,0
1789378521817346244,58208728,12,148,277648,0
1789378522843556324,58210324,168,0,277648,0
1789378522845985153,58210324,168,0,277648,0
1789378523873300925,58210200,216,0,277648,0
1789378523875983688,58210200,216,0,277648,0
1789378524902962546,58211096,404,0,277648,0
1789378524906334563,58211096,404,0,277648,0
1789378525933375106,58211356,448,0,277648,0
1789378525936676638,58211356,448,0,277648,0
1789378526963943823,58210948,8,0,277648,0
1789378526967281684,58210948,8,0,277648,0
1789378527994351393,58210348,160,0,277648,0
1789378527997991912,58210348,160,0,277648,0
1789378529025346211,58209824,208,0,277648,0
1789378529028281614,58209824,208,0,277648,0
1789378530056122306,58211500,408,0,277648,0
1789378530058740967,58211500,408,0,277648,0
1789378531086572268,58213116,436,0,277648,0
1789378531089175882,58212388,436,0,277648,0
1789378532116989155,58211824,396,0,277648,0
1789378532120060878,58211824,396,0,277648,0
1789378533147696982,58210956,172,0,277648,0
1789378533150111833,58210956,172,0,277648,0
1789378534178135599,58211024,212,0,277648,0
1789378534180634770,58211528,212,0,277648,0
1789378535209034233,58210692,416,0,277648,0
1789378535211712231,58210692,416,0,277648,0
1789378536238659524,58209416,452,0,277648,0
1789378536242171018,58210444,452,0,277648,0
1789378537269493078,58208504,12,200,277648,0
1789378537273129898,58208504,12,200,277648,0
1789378538300221590,58209384,160,0,277648,0
1789378538303590052,58209384,160,0,277648,0
1789378539330207743,58208556,224,0,277648,0
1789378539335680657,58209564,224,0,277648,0
1789378540360659214,58208240,388,0,277648,0
1789378540366359888,58207484,388,0,277648,0
1789378541390982152,58207352,436,0,277648,0
1789378541396938296,58207352,436,0,277648,0
1789378542421130108,58206052,0,212,277648,0
1789378542427533042,58206052,0,212,277648,0
1789378543451151588,58205340,156,0,277648,0
1789378543458615185,58205340,156,0,277648,0
1789378544481611707,58204504,208,0,277648,0
1789378544489032841,58204504,208,0,277648,0
1789378545511690514,58203724,384,0,277648,0
1789378545519260473,58203220,384,0,277648,0
1789378546541901759,58278868,416,0,277648,0
1789378546549481255,58278868,416,0,277648,0
1789378547571040840,58275572,0,112,277648,0
1789378547578660283,58274564,0,112,277648,0
1789378548600314309,58270688,156,0,277648,0
1789378548609148348,58270184,156,0,277648,0
1789378549629644467,58267488,192,0,277648,0
1789378549638735133,58267488,192,0,277648,0
1789378550659747399,58264040,420,0,277648,0
1789378550669178562,58264040,420,0,277648,0
1789378551690116622,58261800,444,0,277648,0
1789378551698685944,58261800,444,0,277648,0
1789378552720022671,58260588,0,152,277648,0
1789378552728004697,58260604,0,152,277648,0
1789378553750382110,58256644,148,0,277648,0
1789378553757596281,58256644,148,0,277648,0
1789378554780509710,58254700,344,0,277648,0
1789378554787525338,58254700,344,0,277648,0
1789378555810772591,58253856,400,0,277648,0
1789378555817356822,58253856,400,0,277648,0
1789378556838839802,58253616,440,0,277648,0
1789378557832466906,58258400,428,0,277648,0
