wall_ns,MemAvailable_kB,Dirty_kB,Writeback_kB,Shmem_kB,Mlocked_kB
1789425280090373972,125909396,292,0,908,0
1789425281118142653,125847660,484,0,908,0
1789425282146275757,125792504,496,0,908,0
1789425283173925924,125767536,556,0,908,0
1789425284202956174,125768112,20,0,908,0
1789425285234749316,125738144,204,0,908,0
1789425286262305447,125737236,376,0,908,0
1789425287291497217,125574792,388,0,908,0
1789425288318856832,125416312,404,0,908,0
1789425289345921828,125348796,12,0,908,0
1789425290371416617,124880380,72,0,908,0
1789425291395711699,124584928,200,0,11148,0
1789425292423310421,125030032,216,0,146316,0
1789425293450761600,123012472,372,0,146328,0
1789425294480013498,118698080,0,80,146328,0
1789425295509602842,114770284,380,0,146316,0
1789425296539285367,110654532,408,0,146316,0
1789425297569483784,106218196,424,0,146316,0
1789425298601662580,102229452,428,0,146316,0
1789425299631286251,97724368,392,56,146316,0
1789425300660625085,93697828,36,0,146316,0
1789425301690273310,89556712,384,0,146316,0
1789425302719257332,85269352,456,0,146316,0
1789425303748918203,81135420,472,0,146316,0
1789425304778605451,76629840,488,0,146316,0
1789425305808413648,72634556,324,0,146316,0
1789425306837485330,68489880,356,0,146316,0
1789425307866812013,64326972,396,0,146316,0
1789425308897359546,60151524,408,0,146316,0
1789425309926856475,57802048,0,0,146316,0
1789425310954104709,57808596,2500,0,146316,0
1789425311982963436,57824548,2504,0,146316,0
1789425313008196132,57834464,2528,0,146316,0
1789425314036691608,57920316,2684,0,146316,0
1789425315064269580,58093252,0,0,146316,0
1789425316092299870,58190720,3032,0,146316,0
1789425317123223800,57962264,3056,0,146320,0
1789425318157124735,56728676,3088,0,146320,0
1789425319190366190,55804812,3096,0,146320,0
1789425320219510147,58247376,148,44,146320,0
1789425321253669233,58258092,632,0,146320,0
1789425322288111273,58263444,652,0,146320,0
1789425323320433263,58266180,676,0,146320,0
1789425324355046009,58268884,684,0,146320,0
1789425325388098986,58268376,732,0,146320,0
1789425326418622356,58264940,280,0,146320,0
1789425327453512233,58273112,336,0,146320,0
1789425328488381969,58272832,380,0,146320,0
1789425329522581393,58272840,396,0,146320,0
1789425330553993509,58282844,432,0,146320,0
1789425331588860563,58279560,148,0,146320,0
1789425332622545349,58275828,204,0,146320,0
1789425333655170812,58273504,228,0,146320,0
1789425334685852053,58280660,240,0,146320,0
1789425335720670553,58279372,260,0,146320,0
1789425336754862861,58276288,164,0,146320,0
1789425337789624610,58282492,376,0,146320,0
1789425338822988517,58281608,392,0,146320,0
1789425339857651931,58281568,436,0,146320,0
1789425340891537133,58286220,448,0,146320,0
1789425341925790175,58284672,32,0,146320,0
1789425342960554985,58281004,192,0,146320,0
1789425343995362902,58282012,212,0,146320,0
1789425345029918048,58281548,228,0,146320,0
1789425346064649744,58280280,248,0,146320,0
1789425347100267900,58277976,4,0,146320,0
1789425348134750664,58278472,76,0,146320,0
1789425349169328963,58281216,220,0,146320,0
1789425350203955489,58283120,292,0,146320,0
1789425351238877089,58281924,428,0,146320,0
1789425352273808762,58280620,0,0,146320,0
1789425353307819160,58287492,64,0,146320,0
1789425354340357066,58283668,84,0,146320,0
1789425355374614477,58281976,96,0,146320,0
1789425356408508333,58287432,236,0,146320,0
1789425357441835891,58284248,248,0,146320,0
1789425358475244855,58282176,44,0,146320,0
1789425359507748464,58277880,80,0,146320,0
1789425360541764215,58278488,100,0,146320,0
1789425361576413499,58275940,400,0,146320,0
1789425362610408303,58275328,208,24,146320,0
1789425363643407498,58301764,172,0,146320,0
1789425364681110866,58841232,232,0,146320,0
1789425365713519218,58872280,248,0,146320,0
1789425366747277741,58884608,388,0,146320,0
1789425367781113324,58878884,392,0,146320,0
1789425368810657281,58875472,52,0,146320,0
1789425369841580821,58880084,80,0,146320,0
1789425370876598785,58879920,96,0,146320,0
1789425371910537212,58862672,216,0,146320,0
1789425372944708587,58829780,376,312,146320,0
1789425373975578515,58950060,160,0,146320,0
1789425375019282264,58943408,384248,0,146320,0
1789425376051238187,58951880,1589452,0,146320,0
1789425377078573338,58953636,2657120,0,146320,0
1789425378110768449,58943464,3857704,0,146320,0
1789425379143994309,58940512,5033320,0,146320,0
1789425380174199005,58950396,5928336,11708,146320,0
1789425381205983792,58936476,6613840,7696,146320,0
1789425382237436155,58952512,7398420,4532,146320,0
1789425383270243165,58943016,8148032,3020,146320,0
1789425384299911877,58943636,8742016,11904,146320,0
1789425385329658404,58938492,9658948,10208,146320,0
1789425386357857168,58932356,9360212,8048,146320,0
1789425387386479679,58928172,9165416,9480,146320,0
1789425388415646342,58929636,8987976,7916,146320,0
1789425389450152974,58934688,9539532,4620,146320,0
1789425390482189413,58939988,9760004,7820,146320,0
1789425391512282657,58922940,9814840,13236,146320,0
1789425392544650787,58920160,9960456,6496,146320,0
1789425393577647511,58914104,9999980,15248,146320,0
1789425394609252677,58907236,10042808,7716,146320,0
1789425395641164509,58904592,10009724,11884,146320,0
1789425396673205910,58902408,9935132,7936,146320,0
1789425397702476387,58905152,9988244,11464,146320,0
1789425398733119769,58902208,10010212,8192,146320,0
1789425399766089956,58899112,10029404,14776,146320,0
1789425400798940535,58897872,10111080,6676,146320,0
1789425401831432336,58894768,10100456,13240,146320,0
1789425402864601851,58890616,10188592,5988,146320,0
1789425403897266442,58885940,10151372,14108,146320,0
1789425404929228768,58881840,10224744,12780,146320,0
1789425405962234602,58881388,10056120,8192,146320,0
1789425406994003280,58882120,10278540,8192,146320,0
1789425408028298735,58879884,10203716,5992,146320,0
1789425409061142168,58872548,10129196,8192,146320,0
1789425410095072201,58875344,10161828,8296,146320,0
1789425411128417411,58872860,10218860,8192,146320,0
1789425412161492970,58869936,10235720,13940,146320,0
1789425413193284194,58868208,10248072,7656,146320,0
1789425414226168017,58862940,10243444,6876,146320,0
1789425415257336899,58864088,10162088,8192,146320,0
1789425416281402426,58876284,10205156,11464,146320,0
1789425417312054163,58869892,10235676,8192,146320,0
1789425418344916892,58867116,10238876,13192,146320,0
1789425419377405812,58859988,10225680,13848,146320,0
1789425420411021116,58853844,10233316,8992,146320,0
1789425421443306148,58848748,10199764,11848,146320,0
1789425422474270679,58844336,10217000,7724,146320,0
1789425423509444746,58846360,10229768,10712,146320,0
1789425424539749621,58841660,10177900,15664,146320,0
1789425425561866104,58854892,10204324,8192,146320,0
1789425426594047666,58844156,10205784,11056,146320,0
1789425427627226717,58843764,10206736,3932,146320,0
1789425428659941583,58834552,10195728,5076,146320,0
1789425429690863697,58834276,10251128,6512,146320,0
1789425430720927957,58845604,10212332,11456,146320,0
1789425431754051536,58838524,10232956,7324,146320,0
1789425432785362734,58829544,10164032,14488,146320,0
1789425433819224143,58814420,10116156,4236,146320,0
1789425434849999198,58830248,10116272,7844,146320,0
1789425435881248679,58839212,10212184,7724,146320,0
1789425436915226493,58830964,10153148,5040,146320,0
1789425437946972224,58827328,10165240,6424,146320,0
1789425438979717794,58830420,10191604,8972,146320,0
1789425440013108484,58818984,10184584,3288,146320,0
1789425441046045178,58815480,10153600,8192,146320,0
1789425442075932043,58818108,10154704,6036,146320,0
1789425443107461161,58811096,10177568,7064,146320,0
1789425444139443183,58807420,10216056,3100,146320,0
1789425445168836964,58805296,10166624,9648,146320,0
1789425446197759652,58804420,10142544,4456,146320,0
1789425447228074050,58807132,10131744,11420,146320,0
1789425448257141440,58789408,10151740,12068,146320,0
1789425449289208977,58811216,10153384,6692,146320,0
1789425450321444026,58788996,10157316,4428,146320,0
1789425451354985061,58791880,10166684,9672,146320,0
1789425452393770212,58792372,10171432,0,146320,0
1789425453425335679,58783008,10093336,8508,146320,0
1789425454450803554,58788948,10109364,8912,146320,0
1789425455480401031,58780400,10127952,5028,146320,0
1789425456511876898,58774420,10153564,6520,146320,0
1789425457543466424,58779264,10142116,6832,146320,0
1789425458573910623,58783848,10209140,4724,146320,0
1789425459605627492,58778268,10166100,8168,146320,0
1789425460635445505,58776804,10141708,11976,146320,0
1789425461668582595,58761444,10135744,8292,146320,0
1789425462701538913,58768584,10127724,5596,146320,0
1789425463731885294,58756520,10169944,7676,146320,0
1789425464760726876,58779080,10168152,8696,146320,0
1789425465791774064,58764264,10164796,7028,146320,0
1789425466824021327,58765636,10060444,12812,146320,0
1789425467857534525,58770800,10082916,3992,146320,0
1789425468886498672,58774020,10107016,7912,146320,0
1789425469918726161,58763344,10100060,8196,146320,0
1789425470950713235,58743812,10117192,7720,146320,0
1789425471980101106,58777456,10088972,4536,146320,0
1789425473009820745,58768044,9928496,7848,146320,0
1789425474042611943,58770868,10076724,8192,146320,0
1789425475074575326,58767788,10136796,6236,146320,0
1789425476106391108,58772032,10138704,4160,146320,0
1789425477137241942,58763048,10175700,4992,146320,0
1789425478169354108,58756728,10145136,8192,146320,0
1789425479201083402,58758012,10125320,4032,146320,0
1789425480231884681,58765988,10121320,8320,146320,0
1789425481261675268,58748384,10123864,6032,146320,0
1789425482291126857,58764308,10018568,7532,146320,0
1789425483320532273,58741604,10183960,9984,146320,0
1789425484349266177,58763196,10127752,8576,146320,0
1789425485380602442,58763068,10134132,9556,146320,0
1789425486411119872,58754148,10143504,5496,146320,0
1789425487440964430,58755772,10136988,11160,146320,0
1789425488470361918,58748064,10136236,4824,146320,0
1789425489500257374,58742188,10085856,6272,146320,0
1789425490527694146,58754044,10163292,8004,146320,0
1789425491559001308,58748828,10165920,2116,146320,0
1789425492600935525,58754372,10196528,5512,146320,0
1789425493630087591,58752408,10133756,16660,146320,0
1789425494659172015,58747596,10143888,6764,146320,0
1789425495689407782,58745700,10063076,8988,146320,0
1789425496720854609,58747396,10151224,10912,146320,0
1789425497750507171,58743336,10088904,14324,146320,0
1789425498782259112,58740716,10162948,11332,146320,0
1789425499815538506,58736032,10113960,11540,146320,0
1789425500847011540,58740560,10142064,11336,146320,0
1789425501876071235,58741376,10080628,8192,146320,0
1789425502906522735,58740048,10149968,8576,146320,0
1789425503936003460,58746364,10117944,9648,146320,0
1789425504966616600,58744372,10084012,12224,146320,0
1789425505998859996,58742408,10128692,10104,146320,0
1789425507030116981,58737408,10083500,8192,146320,0
1789425508062510877,58718656,10130820,10740,146320,0
1789425509092586585,58724152,10138856,6552,146320,0
1789425510124139306,58716120,10153596,8448,146320,0
1789425511154781522,58730692,10134232,12260,146320,0
1789425512182674075,58742208,10232368,7624,146320,0
1789425513218325994,58741236,10248368,8208,146320,0
1789425514250581196,58739188,10256124,9200,146320,0
1789425515283726905,58731552,10196588,7928,146320,0
1789425516316737561,58733948,10147372,10564,146320,0
1789425517349709172,58692056,10135204,6708,146320,0
1789425518381113148,58725968,10066632,8368,146320,0
1789425519412276316,58725908,10021308,6680,146320,0
1789425520438571012,58722540,10066772,8088,146320,0
1789425521467093755,58726964,10114060,7496,146320,0
1789425522499416394,58722720,10080212,4960,146320,0
1789425523532567891,58715504,10160976,8712,146320,0
1789425524565558675,58724132,10140836,7148,146320,0
1789425525597562439,58721428,10154296,7092,146320,0
1789425526624116972,58712708,10123012,10380,146320,0
1789425527655981207,58724344,10068604,10208,146320,0
1789425528687734198,58710488,10120572,5064,146320,0
1789425529719693504,58721420,10079148,14720,146320,0
1789425530753359873,58203700,9913544,12692,146320,0
1789425531795395750,57240184,9788436,12136,146320,0
1789425532824283226,56282992,9659832,8852,146320,0
1789425533850306771,58726340,9431768,10524,146320,0
1789425534881176433,58718564,9570464,7724,146320,0
1789425535913109231,58722600,9179952,980,146320,0
1789425536942591898,58725828,8506840,13356,146320,0
1789425537969972990,58729076,7836732,5952,146320,0
1789425538997903791,58726572,7232508,8064,146320,0
1789425540025472017,58725052,6618016,12368,146320,0
1789425541053206379,58721972,5987428,8236,146320,0
1789425542081004981,58721048,5358740,6536,146320,0
1789425543108548173,58718208,4781712,10212,146320,0
1789425544137331144,58719288,4171068,47484,146320,0
1789425545164398132,58717100,3628280,11364,146320,0
1789425546193037710,58713700,3061620,6240,146320,0
1789425547223430823,58718620,2548824,3656,146320,0
1789425548253719860,58713044,2062524,10712,146320,0
1789425549284448491,58713216,1558296,6576,146320,0
1789425550313561618,58713036,1114212,8272,146320,0
1789425551342706149,58732184,789356,2200,146320,0
1789425552373284352,58725884,337600,7800,146320,0
1789425553403853078,58720676,298436,0,146320,0
1789425554432483800,58727072,1748372,0,146320,0
1789425555460823403,58731860,2945740,0,146320,0
1789425556489346533,58738064,3646880,3192,146320,0
1789425557519341108,58732276,3351804,8844,146320,0
1789425558549552835,58729552,3039500,8196,146320,0
1789425559579360150,58727568,2654896,8512,146320,0
1789425560608142693,58727532,2306564,8352,146320,0
1789425561637679587,58721400,2118660,4560,146320,0
1789425562668115462,58729832,1840044,8292,146320,0
1789425563698586265,58729964,1565532,8196,146320,0
1789425564728645049,58728296,1015128,16768,146320,0
1789425565760703641,58722816,549960,8552,146320,0
1789425566791076841,58692544,121212,16596,146320,0
1789425567821003367,58657368,665532,0,146320,0
1789425568849690384,58731116,630432,16720,146320,0
1789425569879654238,58727132,197672,12324,146320,0
1789425570909533876,58729740,769236,0,146320,0
1789425571937857083,58727560,1714448,0,146320,0
1789425572964245534,58736360,2563804,0,146316,0
1789425573992214818,58726140,4196856,0,146316,0
1789425575021340704,58728536,5143036,0,146316,0
1789425576049263958,58710336,5587468,8640,146316,0
1789425577079036539,58718896,6180108,108148,146316,0
1789425578106745199,58720564,5738880,16784,146316,0
1789425579137026017,58711608,5743848,1028,146316,0
1789425580166661746,58710796,5659256,4432,146316,0
1789425581195401084,58714544,6262012,122296,146316,0
1789425582222814918,58711132,5982012,24172,146316,0
1789425583253426219,58706696,5524012,8476,146316,0
1789425584284285358,58704152,4913592,4100,146316,0
1789425585315080682,58702228,4337852,4084,146316,0
1789425586345696732,58696232,3721624,4980,146316,0
1789425587376211057,58708428,3042196,5132,146316,0
1789425588406214818,58704860,3428900,0,146316,0
1789425589435690196,58705620,4506160,0,146316,0
1789425590464928294,58707756,5716700,4952,146316,0
1789425591493470343,58698832,5622216,568,146316,0
1789425592523450823,58698604,5558708,248,146316,0
1789425593552195203,58703336,5611720,0,146316,0
1789425594582070895,58700640,6058196,78096,146316,0
1789425595611186215,58701836,5699012,504,146316,0
1789425596638001491,58692092,5425256,7084,146316,0
1789425597667070269,58691644,4878928,8608,146316,0
1789425598697729162,58689944,4311396,6436,146316,0
1789425599727741590,58686880,3758404,2676,146316,0
1789425600758352176,58684064,3427028,4140,146316,0
1789425601789181032,58681556,2934072,5368,146316,0
1789425602819912368,58678496,2455216,0,146316,0
1789425603849511704,58682352,3539536,0,146316,0
1789425604874645570,58685648,4884936,0,146316,0
1789425605903078589,58702068,5517724,86976,146316,0
1789425606933434834,58704928,5492960,0,146316,0
1789425607961098501,58696752,5855560,5672,146316,0
1789425608989219205,58696732,5899304,8744,146316,0
1789425610017983291,58692516,5731116,4100,146316,0
1789425611045841166,58685944,6227864,72644,146316,0
1789425612071896739,58681724,5841192,16388,146316,0
1789425613103468927,58678852,5350352,3640,146316,0
1789425614134444667,58679504,4745628,3180,146316,0
1789425615164747324,58677100,4151008,2960,146316,0
1789425616194338302,58674812,3463264,8356,146316,0
1789425617225227976,58671728,2791920,2044,146316,0
1789425618255101601,58684644,3703072,0,146316,0
1789425619280677109,58678312,5273892,0,146316,0
1789425620310908441,58711212,5652012,236776,146316,0
1789425621341920842,58696504,5906252,10896,146316,0
1789425622370177602,58690792,5497072,416,146316,0
1789425623401417522,58693776,5547480,0,146316,0
1789425624429885846,58688168,5808724,8732,146316,0
1789425625457994518,58684544,5862680,10032,146316,0
1789425626487266911,58679844,5300720,1808,146316,0
1789425627518386898,58675596,4609768,2040,146316,0
1789425628549338701,58673104,3904772,6356,146316,0
1789425629579174950,58670592,3214752,1484,146316,0
1789425630609996862,58665168,2522696,2112,146316,0
1789425631640875044,58666964,2482368,0,146316,0
1789425632670777990,58678932,4057472,0,146316,0
1789425633698710455,58684364,5142836,0,146316,0
1789425634725974187,58659536,5628180,492,146316,0
1789425635756105003,58693192,6124092,16660,146316,0
1789425636786536107,58679412,5672168,2224,146316,0
1789425637814980452,58674980,5703340,3284,146316,0
1789425638844862933,58685444,5642480,0,146316,0
1789425639874759195,58681020,6138216,8196,146316,0
1789425640905607953,58674908,5707468,8308,146316,0
1789425641936496157,58670784,5085904,5084,146316,0
1789425642967359768,58667920,4594684,2780,146316,0
1789425643997174121,58664636,4059096,2452,146316,0
1789425645027953801,58662200,3432724,4108,146316,0
1789425646058805457,58656088,2797444,8228,146316,0
1789425647089537474,58662556,3766464,0,146316,0
1789425648117865549,58675288,5274012,0,146316,0
1789425649147914299,58667168,5621772,154440,146316,0
1789425650178948803,58667516,5730396,3720,146316,0
1789425651209801037,58669860,5533776,200,146316,0
1789425652239964570,58668864,6149140,8124,146316,0
1789425653270486717,58666144,5713944,3596,146316,0
1789425654299729274,58666020,5589256,0,146316,0
1789425655328810077,58663276,5273696,3376,146316,0
1789425656359085658,58659492,4729340,3348,146316,0
1789425657389199530,58656292,4279804,8864,146316,0
1789425658419274504,58656740,3584700,4976,146316,0
1789425659450181879,58655268,2890508,2888,146316,0
1789425660482907740,58655180,2482540,0,146316,0
1789425661513740472,58666780,4196732,0,146316,0
1789425662542539153,58672488,5400476,0,146316,0
1789425663570839208,58672760,5640384,0,146316,0
1789425664600700502,58668260,6017968,1048,146316,0
1789425665631379160,58666396,5587028,0,146316,0
1789425666660575710,58664928,5662828,0,146316,0
1789425667691068618,58667656,5531904,0,146316,0
1789425668721961811,58667172,6003500,7648,146316,0
1789425669753184723,58664552,5396640,3028,146316,0
1789425670784450943,58660832,4698572,3456,146316,0
1789425671815461526,58665512,4065884,4204,146316,0
1789425672845260317,58659420,3634512,1532,146316,0
1789425673876013891,58655352,3144224,3768,146316,0
1789425674906648528,58654256,3194492,0,146316,0
1789425675935594262,58663364,3559824,0,146316,0
1789425676966086906,58665080,5175192,0,146316,0
1789425677994640536,58664632,5708600,262964,146316,0
1789425679025541903,58658632,5573292,132,146316,0
1789425680057320967,58656884,5577308,6372,146316,0
1789425681086088753,58657612,5753520,14616,146316,0
1789425682113035722,58670060,5870812,24268,146316,0
1789425683139559391,58658736,6192156,1076,146316,0
1789425684168056507,58656476,5862476,11980,146316,0
1789425685198506153,58653888,5923680,9576,146316,0
1789425686226893985,58652260,5507684,2852,146316,0
1789425687258234391,58649528,4910516,1224,146316,0
1789425688288976941,58647444,4397624,1344,146316,0
1789425689319678387,58644232,3688688,4076,146316,0
1789425690349217974,58640628,3191624,3912,146316,0
1789425691378661323,58635904,2556684,5548,146316,0
1789425692409374806,58696080,2482584,0,146316,0
1789425693438716712,58688472,4196768,0,146316,0
1789425694467970437,58681760,5477624,0,146316,0
1789425695496303736,58677332,5505212,0,146316,0
1789425696526272370,58679204,5977688,8212,146316,0
1789425697554195885,58676424,5970588,6112,146316,0
1789425698582186212,58670608,5644936,828,146316,0
1789425699610247233,58676536,6010556,10192,146316,0
1789425700639272800,58677348,5758236,3716,146316,0
1789425701669674181,58677832,5799036,4584,146316,0
1789425702701577505,58671436,5117792,3140,146316,0
1789425703733101501,58668688,4446292,3384,146316,0
1789425704764188710,58663140,3759400,5832,146316,0
1789425705794929686,58658760,3166872,8796,146316,0
1789425706826371635,58655100,2760848,16340,146316,0
1789425707857646152,58651016,2145368,5784,146316,0
1789425708888655498,58647312,1472092,2824,146316,0
1789425709918779141,58644976,1026908,3960,146316,0
1789425710949722448,58650328,768292,0,146316,0
1789425711979155628,58671016,1757828,0,146316,0
1789425713007381507,58673400,2335788,4516,146316,0
1789425714036045180,58666300,1671836,1516,146316,0
1789425715067661403,58663964,1034876,6148,146316,0
1789425716099605995,58663008,639328,2040,146316,0
1789425717131805303,58659480,131296,4108,146316,0
1789425718162914596,58676776,1057816,0,146316,0
1789425719191126650,58675940,2336876,0,146316,0
1789425720218844792,58674780,3428628,0,146316,0
1789425721246581433,58674056,5011744,0,146316,0
1789425722275467610,58664992,4673172,4100,146316,0
1789425723305290821,58663568,3977072,3228,146316,0
1789425724336504942,58659396,3374496,5196,146316,0
1789425725367640481,58657380,2737292,2596,146316,0
1789425726398566360,58654068,2070876,8084,146316,0
1789425727428720605,58650768,1387548,3764,146316,0
1789425728458828116,58647100,692504,4104,146316,0
1789425729488556769,58647044,1436,2964,146316,0
1789425730517792315,58666812,1555148,0,146316,0
1789425731544950395,58670260,2660684,0,146316,0
1789425732571873919,58664828,2424152,1900,146316,0
1789425733602620007,58661096,1729140,2392,146316,0
1789425734632771286,58658956,1021332,6664,146316,0
1789425735661308767,58656424,473388,432,146316,0
1789425736689027606,58683012,473332,0,146316,0
1789425737715835501,58705736,473356,0,146316,0
1789425738742331673,58731240,473372,0,146316,0
1789425739769576351,58755592,473392,0,146316,0
1789425740796699497,58778196,473400,0,146316,0
1789425741824192164,58689584,428,0,146316,0
1789425742853468564,58568520,460,0,146316,0
1789425743879692319,58567160,480,0,146316,0
1789425744906362503,58566412,480,0,146316,0
1789425745932885524,58564208,508,0,146316,0
1789425746958882256,58559936,540,0,146316,0
1789425747985498939,58559220,544,0,146316,0
1789425749011227648,58558736,564,0,146316,0
1789425750037719962,58555236,580,0,146316,0
1789425751063275443,58552484,592,0,146316,0
1789425752089822529,58551500,604,0,146316,0
1789425753115936712,58548772,624,0,146316,0
1789425754142230199,58548276,636,0,146316,0
1789425755168602346,58547296,652,0,146316,0
1789425756195295419,58547584,680,0,146316,0
1789425757222091315,58546104,692,0,146316,0
1789425758249115553,58550032,696,0,146316,0
1789425759278559884,58576352,724,0,146316,0
1789425760308227079,58572108,736,0,146316,0
1789425761335246179,58568656,752,0,146316,0
1789425762365156275,58565904,780,0,146316,0
1789425763394233734,58562696,788,0,146316,0
1789425764421218098,58560212,800,0,146316,0
1789425765450961394,58557232,816,0,146316,0
1789425766479767632,58554540,104,0,146316,0
1789425767506867403,58550804,304,0,146316,0
1789425768536022513,58549108,324,0,146316,0
1789425769563139370,58546624,348,0,146316,0
1789425770591197197,58546532,356,0,146316,0
1789425771620244465,58547672,376,0,146316,0
1789425772647253697,58547224,184,0,146316,0
1789425773677382154,58545744,208,0,146316,0
1789425774706046193,58543796,232,0,146316,0
1789425775733183357,58542052,248,0,146316,0
1789425776762354274,58542328,4,0,146316,0
1789425777789463360,58543348,172,0,146316,0
1789425778818618619,58541108,200,0,146316,0
1789425779848312129,58539108,208,0,146316,0
1789425780875167162,58538132,228,0,146316,0
1789425781905174010,58538452,0,0,146316,0
1789425782932813047,58538548,140,0,146316,0
1789425783959112389,58539596,188,0,146316,0
1789425784988051304,58541152,200,0,146316,0
1789425786014907173,58540920,220,0,146316,0
1789425787044634941,58539664,232,0,146316,0
1789425788073937717,58536668,196,0,146316,0
1789425789100148429,58510124,204,0,146316,0
1789425790128635929,58477940,220,0,146316,0
1789425791155612377,58473660,248,0,146316,0
1789425792182298716,58470972,0,0,146316,0
1789425793208869202,58470020,64,0,146316,0
1789425794235262193,58468524,76,0,146316,0
1789425795262114765,58466536,100,0,146316,0
1789425796289214473,58465044,112,0,146316,0
1789425797319186005,58465328,0,0,146316,0
1789425798349809257,58463872,64,0,146316,0
1789425799379935716,58463888,76,0,146316,0
1789425800410213171,58463144,88,0,146316,0
1789425801440583743,58460892,108,0,146316,0
1789425802470241993,58457688,4,0,146316,0
1789425803500684019,58457704,52,0,146316,0
1789425804530728215,58456996,64,0,146316,0
1789425805560323617,58454816,88,0,146316,0
1789425806590674821,58457156,108,0,146316,0
1789425807620909498,58453420,4,48,146316,0
1789425808650922023,58452972,60,0,146316,0
1789425809680571681,58452480,84,0,146316,0
1789425810710819147,58452756,100,0,146316,0
1789425811740950262,58453304,116,0,146316,0
1789425812770964903,58451576,4,0,146316,0
1789425813801181813,58451608,60,0,146316,0
1789425814830979781,58451188,84,0,146316,0
1789425815861109724,58452720,100,0,146316,0
1789425816890910127,58450724,124,0,146316,0
1789425817920720215,58449012,252,0,146316,0
1789425818950505982,58435024,60,0,146316,0
1789425819973773950,58381160,88,0,146316,0
1789425821001111019,58379164,104,0,146316,0
1789425822027207503,58377676,120,0,146316,0
1789425823053376915,58377296,292,0,146316,0
1789425824079085471,58378600,168,0,146316,0
1789425825105193399,58375984,256,0,146316,0
1789425826130990304,58378276,268,0,146316,0
1789425827157677536,58377272,304,0,146316,0
1789425828184363969,58377752,484,0,146316,0
1789425829210759918,58375764,20,0,146316,0
1789425830237283332,58374792,76,0,146316,0
1789425831264330572,58375384,228,0,146316,0
1789425832290808424,58373636,368,0,146316,0
1789425833317419719,58371676,380,0,146316,0
1789425834343711841,58369496,48,0,146316,0
1789425835370271872,58368816,192,0,146316,0
1789425836397133892,58369364,248,0,146316,0
1789425837423813684,58368656,388,0,146316,0
1789425838450381321,58370468,464,0,146316,0
1789425839476986756,58370156,152,0,146316,0
1789425840503384133,58371628,276,0,146316,0
1789425841529575141,58369920,280,0,146316,0
1789425842556005909,58370576,320,0,146316,0
1789425843582323975,58369160,452,0,146316,0
1789425844608906842,58368404,24,0,146316,0
1789425845635395713,58365664,48,0,146316,0
1789425846662335282,58365368,204,0,146316,0
1789425847689075102,58366144,356,0,146316,0
1789425848715867917,58366632,400,0,146316,0
1789425849742411697,58366664,552,0,146316,0
1789425850769094163,58367192,172,0,146316,0
1789425851796074295,58368224,204,0,146316,0
1789425852822710455,58368052,380,0,146316,0
1789425853849042780,58367832,396,0,146316,0
1789425854875185182,58366836,416,0,146316,0
1789425855901827687,58367152,180,0,146316,0
1789425856928718827,58366688,260,0,146316,0
1789425857955476643,58366680,472,0,146316,0
1789425858982635690,58366484,492,0,146316,0
1789425860012162329,58367828,0,0,146316,0
1789425861038970851,58367056,196,0,146316,0
1789425862065678741,58367688,240,0,146316,0
1789425863093985446,58367504,388,0,146316,0
1789425864123431399,58367140,416,0,146316,0
1789425865149628992,58366948,12,0,146316,0
1789425866177125060,58368196,68,0,146316,0
1789425867206507668,58369608,340,0,146316,0
1789425868231758917,58367572,392,0,146316,0
1789425869258610189,58367408,408,0,146316,0
1789425870286189411,58367460,444,0,146316,0
1789425871315659247,58366720,56,0,146316,0
1789425872342221774,58365344,344,0,146316,0
1789425873369255199,58364416,352,0,146316,0
1789425874398828485,58363984,396,0,146316,0
1789425875426109290,58363900,0,0,146316,0
1789425876452793979,58365684,192,0,146316,0
1789425877480030978,58365504,328,0,146316,0
1789425878509644840,58363532,364,0,146316,0
1789425879536510026,58364744,424,0,146316,0
1789425880563669140,58364260,464,0,146316,0
1789425881593490750,58362616,60,0,146316,0
1789425882621754273,58360616,192,0,146316,0
1789425883648523161,58359376,216,0,146316,0
1789425884676045663,58359944,252,0,146316,0
1789425885705737315,58360504,0,280,146316,0
1789425886732548227,58360784,64,0,146316,0
1789425887759475483,58360332,188,0,146316,0
1789425888787325936,58358672,260,0,146316,0
1789425889816425378,58352668,272,0,146316,0
1789425890843621072,58355244,0,64,146316,0
1789425891871225408,58356400,60,0,146316,0
1789425892900503275,58357716,252,0,146316,0
1789425893927521980,58357716,308,0,146316,0
1789425894954199723,58357412,360,0,146316,0
1789425895981216745,58356504,0,0,146316,0
1789425897010366654,58356592,188,0,146316,0
1789425898036189723,58357168,236,0,146316,0
1789425899062902192,58356896,272,0,146316,0
1789425900092323890,58356660,284,0,146316,0
1789425901119708230,58355340,464,0,146316,0
1789425902145981762,58357560,236,0,146316,0
1789425903171926678,58357236,316,0,146316,0
1789425904201888354,58356720,352,0,146316,0
1789425905227741102,58355768,532,0,146316,0
1789425906253251805,58357568,548,0,146316,0
1789425907280307923,58356364,160,0,146316,0
1789425908309274531,58354908,204,0,146316,0
1789425909334790288,58353716,288,0,146316,0
1789425910361711848,58352532,440,0,146316,0
1789425911391629401,58351044,448,0,146316,0
1789425912418226181,58350332,48,0,146316,0
1789425913444090445,58349864,80,0,146316,0
1789425914471314780,58350644,84,0,146316,0
1789425915500680567,58349180,236,0,146316,0
1789425916526205758,58349960,252,0,146316,0
1789425917552917215,58350228,20,0,146316,0
1789425918582170177,58353580,76,0,146316,0
1789425919607978671,58353300,108,0,146316,0
1789425920632787687,58352600,232,0,146316,0
1789425921658450291,58351160,248,0,146316,0
1789425922684376109,58345808,12,136,146316,0
1789425923710593580,58346404,72,0,146316,0
1789425924735478884,58347992,72,0,146316,0
1789425925762226081,58349648,212,0,146316,0
1789425926788763608,58350216,228,0,146316,0
1789425927815661319,58347964,248,0,146316,0
1789425928842233945,58347844,72,0,146316,0
1789425929868880411,58348624,84,0,146316,0
1789425930894990710,58347400,208,0,146316,0
1789425931921284466,58348716,232,0,146316,0
1789425932947069294,58348800,8,0,146316,0
1789425933973877647,58350348,44,0,146316,0
1789425935000064858,58350928,72,0,146316,0
1789425936026028926,58351488,208,0,146316,0
1789425937052180949,58351316,216,0,146316,0
1789425938078317189,58348628,4,0,146316,0
1789425939104677757,58349400,60,0,146316,0
1789425940131010331,58348156,80,0,146316,0
1789425941160864207,58347728,220,0,146316,0
1789425942187505920,58348016,228,0,146316,0
1789425943214179198,58348836,8,56,146316,0
1789425944240996713,58347880,64,0,146316,0
1789425945267594900,58348404,176,0,146316,0
1789425946294009529,58349964,204,0,146316,0
1789425947320505077,58350760,208,0,146316,0
1789425948346764120,58349580,0,0,146316,0
1789425949372708156,58350596,44,0,146316,0
1789425950399537017,58350916,192,0,146316,0
1789425951426374057,58348920,204,0,146316,0
1789425952452274503,58348948,216,0,146316,0
1789425953478213300,58349728,232,0,146316,0
1789425954504624743,58349804,60,0,146316,0
1789425955531331666,58346684,192,0,146316,0
1789425956557862278,58346236,208,0,146316,0
1789425957584102186,58345792,212,0,146316,0
1789425958610496136,58345848,88,0,146316,0
1789425959637070719,58346640,32,0,146316,0
1789425960663797407,58346752,188,0,146316,0
1789425961690638196,58347048,212,0,146316,0
1789425962717000696,58349380,228,0,146316,0
1789425963743530399,58349404,0,48,146316,0
1789425964770229911,58350264,48,0,146316,0
1789425965796948176,58351568,172,0,146316,0
1789425966823426458,58350872,192,0,146316,0
1789425967849624541,58349384,196,0,146316,0
1789425968876487766,58348144,216,0,146316,0
1789425969902825157,58347700,44,0,146316,0
1789425970929539991,58347572,188,0,146316,0
1789425971955942134,58347660,200,0,146316,0
1789425972981893821,58347432,216,0,146316,0
1789425974007954014,58347244,4,0,146316,0
1789425975034569071,58348800,64,0,146316,0
1789425976062483820,58348868,172,0,146316,0
1789425977088937222,58348628,184,0,146316,0
1789425978118380275,58347892,204,0,146316,0
1789425979145262618,58348708,0,48,146316,0
1789425980173485415,58346204,72,0,146316,0
1789425981199682900,58349528,196,0,146316,0
1789425982226039381,58347936,220,0,146316,0
1789425983251752503,58347020,228,0,146316,0
1789425984278374947,58347584,0,0,146316,0
1789425985307413045,58346876,68,0,146316,0
1789425986334454985,58348292,176,0,146316,0
1789425987363525190,58349608,196,0,146316,0
1789425988390251597,58348964,216,0,146316,0
1789425989417365778,58350272,4,104,146316,0
1789425990443485695,58351236,180,0,146316,0
1789425991470018349,58352252,188,0,146316,0
1789425992497163700,58352296,196,0,146316,0
1789425993524115377,58353824,220,0,146316,0
1789425994553418977,58351844,12,80,146316,0
1789425995580156959,58351348,52,0,146316,0
1789425996609035458,58348388,188,0,146316,0
1789425997635410215,58349416,204,0,146316,0
1789425998661812840,58348416,224,0,146316,0
1789425999688511941,58347740,4,32,146316,0
1789426000715432614,58346248,36,0,146316,0
1789426001744993873,58348600,188,0,146316,0
1789426002772043438,58349652,200,0,146316,0
1789426003801636089,58348696,216,0,146316,0
1789426004828383942,58349224,0,0,146316,0
1789426005855851157,58346792,176,0,146316,0
1789426006882806929,58346296,184,0,146316,0
1789426007909710241,58344632,204,0,146316,0
1789426008936697521,58344164,216,0,146316,0
1789426009963599294,58343172,4,0,146316,0
1789426010993339226,58343720,172,0,146316,0
1789426012019613324,58342032,188,0,146316,0
1789426013049282665,58342868,204,0,146316,0
1789426014075608490,58343432,216,0,146316,0
1789426015102280604,58342684,228,0,146316,0
1789426016128890872,58342256,52,0,146316,0
1789426017155582024,58341764,84,0,146316,0
1789426018184140755,58343116,92,0,146316,0
1789426019211173747,58341172,112,0,146316,0
1789426020240653881,58339976,228,0,146316,0
1789426021267628093,58340524,56,0,146316,0
1789426022295059463,58340808,72,0,146316,0
1789426023321523418,58340072,92,0,146316,0
1789426024347855793,58339600,100,0,146316,0
1789426025374065592,58339444,128,0,146316,0
1789426026401495944,58341820,48,0,146316,0
1789426027430966998,58341664,76,0,146316,0
1789426028458069769,58340720,76,0,146316,0
1789426029487766182,58340012,104,0,146316,0
1789426030513839099,58338840,4,0,146316,0
1789426031540548379,58341620,36,0,146316,0
1789426032567133683,58341996,88,0,146316,0
1789426033593717111,58342528,88,0,146316,0
1789426034621569746,58342096,116,0,146316,0
1789426035648129649,58343872,220,0,146316,0
1789426036677501843,58342452,52,0,146316,0
1789426037704531789,58341964,76,0,146316,0
1789426038732508766,58342756,100,0,146316,0
1789426039758668272,58343592,108,0,146316,0
1789426040785256920,58343400,216,0,146316,0
1789426041812405125,58344740,164,0,146316,0
1789426042839543875,58344796,184,0,146316,0
1789426043869915094,58346588,208,0,146316,0
1789426044897471060,58347864,216,0,146316,0
1789426045926608388,58347688,0,0,146316,0
1789426046952846999,58346448,164,0,146316,0
1789426047976567413,58345760,176,0,146316,0
1789426049001789608,58279984,196,0,146316,0
1789426050027984835,58282536,212,0,146316,0
1789426051054831082,58282520,4,0,146316,0
1789426052081933599,58281304,6820,0,146316,0
1789426053108124241,58281080,6840,0,146316,0
1789426054134313335,58279652,6848,0,146316,0
1789426055161022938,58280196,6872,0,146316,0
1789426056188325153,58280464,0,0,146316,0
1789426057218278387,58280528,236,0,146316,0
1789426058248617722,58278064,252,0,146316,0
1789426059278907999,58277352,272,0,146316,0
1789426060309046162,58277616,284,0,146316,0
1789426061339350459,58278640,296,0,146316,0
1789426062369563624,58279176,324,0,146316,0
1789426063399374487,58277932,340,0,146316,0
1789426064429652443,58279724,352,0,146316,0
1789426065459113158,58282296,376,0,146316,0
1789426066489030244,58281572,8,120,146316,0
1789426067518879288,58280092,60,0,146316,0
1789426068549886254,58279820,196,0,146316,0
1789426069579387757,58278344,208,0,146316,0
1789426070608396348,58279372,216,0,146316,0
1789426071638251000,58279432,12,80,146316,0
1789426072668034856,58279460,52,0,146316,0
1789426073698147611,58277964,204,0,146316,0
1789426074728216686,58277736,212,0,146316,0
1789426075758954892,58277320,236,0,146316,0
1789426076789474577,58276900,100,0,146316,0
1789426077820010135,58275704,160,0,146316,0
1789426078849879524,58276776,188,0,146316,0
1789426079876800270,58276548,208,0,146316,0
1789426080903527324,58277600,224,0,146316,0
1789426081930136754,58274136,0,0,146316,0
1789426082956430083,58273656,176,0,146316,0
1789426083982678974,58274692,184,0,146316,0
1789426085007487072,58273740,204,0,146316,0
1789426086037782293,58274024,220,0,146316,0
1789426087067233576,58272060,236,0,146316,0
1789426088097205235,58271340,184,0,146316,0
1789426089126951871,58271164,200,0,146316,0
1789426090157464398,58271736,216,0,146316,0
1789426091187980145,58270784,224,0,146316,0
1789426092218332624,58271120,132,0,146316,0
1789426093248388396,58270984,64,0,146316,0
1789426094277986069,58270284,84,0,146316,0
1789426095307496332,58269552,104,0,146316,0
1789426096337575264,58269336,116,0,146316,0
1789426097367600765,58268632,0,40,146316,0
1789426098397707076,58266928,60,0,146316,0
1789426099427058400,58266728,72,0,146316,0
1789426100456908398,58267288,92,0,146316,0
1789426101486408750,58267596,104,0,146316,0
1789426102516154056,58266880,128,0,146316,0
1789426103546352167,58267196,64,0,146316,0
1789426104576255344,58269272,84,0,146316,0
1789426105606354251,58270828,92,0,146316,0
1789426106635594668,58270644,116,0,146316,0
1789426107661954796,58271216,244,0,146316,0
1789426108688268831,58273828,60,0,146316,0
1789426109714900673,58273428,84,0,146316,0
1789426110741288567,58275228,100,0,146316,0
1789426111767202014,58275052,112,0,146316,0
1789426112793741754,58274568,132,0,146316,0
1789426113824345384,58275920,56,0,146316,0
1789426114854546168,58275716,80,0,146316,0
1789426115884351440,58274232,100,0,146316,0
1789426116914119518,58275772,112,0,146316,0
1789426117943740507,58276856,0,0,146316,0
1789426118973788922,58278284,56,0,146316,0
1789426120001701844,58279048,76,0,146316,0
1789426121032555569,58277124,84,0,146316,0
1789426122063265858,58276416,108,0,146316,0
1789426123093733964,58275508,236,0,146316,0
1789426124124758820,58274060,44,0,146316,0
1789426125155039493,58274616,72,0,146316,0
1789426126185078433,58277440,88,0,146316,0
1789426127215041720,58277536,212,0,146316,0
1789426128245332609,58277344,224,0,146316,0
1789426129275250694,58274936,60,0,146316,0
1789426130305645971,58274448,80,0,146316,0
1789426131335741315,58275276,96,0,146316,0
1789426132365661948,58274336,116,0,146316,0
1789426133395375711,58274352,228,0,146316,0
1789426134425000569,58275388,72,0,146316,0
1789426135454059191,58275928,88,0,146316,0
1789426136481026763,58275696,108,0,146316,0
1789426137507710186,58275204,232,0,146316,0
1789426138534040176,58274484,168,4,146316,0
1789426139560630453,58274244,40,0,146316,0
1789426140587427335,58274000,80,0,146316,0
1789426141617733771,58274304,88,0,146316,0
1789426142648029015,58273564,108,0,146316,0
1789426143678437999,58273884,256,0,146316,0
1789426144709138711,58273904,68,0,146316,0
1789426145739556445,58273188,80,0,146316,0
1789426146770077100,58272216,96,0,146316,0
1789426147800255308,58272252,232,0,146316,0
1789426148830405813,58272032,0,64,146316,0
1789426149861730156,58270324,68,0,146316,0
1789426150892589976,58270600,84,0,146316,0
1789426151923353926,58270104,96,0,146316,0
1789426152952698043,58270408,220,0,146316,0
1789426153984506090,58271492,0,0,146316,0
1789426155014632668,58271568,72,0,146316,0
1789426156044349270,58270896,84,0,146316,0
1789426157074654858,58271980,100,0,146316,0
1789426158105109584,58271832,236,0,146316,0
1789426159136420983,58272156,248,0,146316,0
1789426160166690131,58273292,64,0,146316,0
1789426161197303121,58275584,84,0,146316,0
1789426162228226161,58275128,204,0,146316,0
1789426163257868311,58277432,212,0,146316,0
1789426164284313170,58275944,248,0,146316,0
1789426165310587698,58275728,56,0,146316,0
1789426166337445602,58272220,72,0,146316,0
1789426167364459523,58273496,244,0,146316,0
1789426168391143684,58273272,248,0,146316,0
1789426169418430297,58274300,272,0,146316,0
1789426170448627393,58272832,12,0,146316,0
1789426171478870986,58271584,72,0,146316,0
1789426172508556933,58273408,84,0,146316,0
1789426173538887590,58272180,216,0,146316,0
1789426174569371988,58273004,236,0,146316,0
1789426175599472216,58274284,32,0,146316,0
1789426176629965018,58272616,76,0,146316,0
1789426177659941761,58270884,208,0,146316,0
1789426178689957443,58271932,220,0,146316,0
1789426179719286438,58272444,240,0,146316,0
1789426180749886208,58273740,16,84,146316,0
1789426181779851839,58271748,64,0,146316,0
1789426182809560402,58272340,188,0,146316,0
1789426183839235532,58272664,208,0,146316,0
1789426184868188585,58270616,228,0,146316,0
1789426185898672636,58274744,16,48,146316,0
1789426186928382772,58272052,72,0,146316,0
1789426187957951852,58272100,208,0,146316,0
1789426188987054173,58272688,220,0,146316,0
1789426190017612071,58273200,232,0,146316,0
1789426191047129428,58273512,8,0,146316,0
1789426192073645686,58273060,68,0,146316,0
1789426193099385155,58273900,200,0,146316,0
1789426194125444036,58272192,212,0,146316,0
1789426195151738243,58272792,236,0,146316,0
1789426196178044175,58274600,0,0,146316,0
1789426197204963145,58276188,184,0,146316,0
1789426198234689573,58277088,200,0,146316,0
1789426199265078856,58277368,212,0,146316,0
1789426200294993393,58276624,232,0,146316,0
1789426201324542518,58275932,0,0,146316,0
1789426202354541129,58275212,168,0,146316,0
1789426203384529737,58274804,176,0,146316,0
1789426204414058290,58275700,196,0,146316,0
1789426205444007570,58277244,212,0,146316,0
1789426206474135261,58275100,232,0,146316,0
1789426207503510375,58274672,180,0,146316,0
1789426208532973766,58272668,188,0,146316,0
1789426209562750366,58274708,208,0,146316,0
1789426210592441795,58273748,220,0,146316,0
1789426211622272361,58274072,236,0,146316,0
1789426212652245030,58274404,152,0,146316,0
1789426213681975225,58275464,188,0,146316,0
1789426214711974171,58274996,200,0,146316,0
1789426215741829810,58274304,220,0,146316,0
1789426216771840185,58274580,240,0,146316,0
1789426217801782850,58275476,152,0,146316,0
1789426218831972589,58274500,188,0,146316,0
1789426219861340817,58261048,208,0,146316,0
1789426220888002340,58258572,220,0,146316,0
1789426221914673739,58259344,236,0,146316,0
1789426222940757615,58259892,40,0,146316,0
1789426223967000511,58258416,64,0,146316,0
1789426224993924118,58257480,84,0,146316,0
1789426226023659057,58257504,100,0,146316,0
1789426227053829671,58257532,116,0,146316,0
1789426228084475477,58256552,4,0,146316,0
1789426229114616365,58255596,60,0,146316,0
1789426230144796459,58254388,76,0,146316,0
1789426231174827710,58255940,88,0,146316,0
1789426232205429836,58255460,112,0,146316,0
1789426233235457206,58255504,8,0,146316,0
1789426234265448113,58255064,72,0,146316,0
1789426235295321768,58254104,96,0,146316,0
1789426236325217241,58253152,108,0,146316,0
1789426237355290780,58253964,252,0,146316,0
1789426238385328112,58254764,264,0,146316,0
1789426239415004429,58255580,180,0,146316,0
1789426240444851844,58256716,372,0,146316,0
1789426241474686341,58256736,384,0,146316,0
1789426242504097685,58256624,404,0,146316,0
1789426243534007195,58256876,188,52,146316,0
1789426244564254146,58255652,180,0,146316,0
1789426245593868569,58256696,328,0,146316,0
1789426246624187022,58258536,340,0,146316,0
1789426247653961944,58257032,372,0,146316,0
1789426248680369041,58257068,388,0,146316,0
1789426249706980552,58258212,184,0,146316,0
1789426250733943252,58260028,196,0,146316,0
1789426251760528932,58259116,212,0,146316,0
1789426252786929368,58257864,224,0,146316,0
1789426253813604547,58258216,0,0,146316,0
1789426254840272698,58258784,160,0,146316,0
1789426255866895089,58259120,200,0,146316,0
1789426256893328687,58260396,212,0,146316,0
1789426257920036936,58260680,236,0,146316,0
1789426258946580083,58261472,0,0,146316,0
1789426259973337628,58259992,192,0,146316,0
1789426261000368524,58259800,208,0,146316,0
1789426262026719022,58258312,224,0,146316,0
1789426263052978456,58257836,236,0,146316,0
1789426264079457849,58256124,256,0,146316,0
1789426265105949060,58255400,184,0,146316,0
1789426266132587599,58256948,196,0,146316,0
1789426267158686625,58258720,216,0,146316,0
1789426268185007679,58258520,240,0,146316,0
1789426269211547740,58258560,356,0,146316,0
1789426270237867001,58257832,184,0,146316,0
1789426271263918099,58257844,192,0,146316,0
1789426272290082380,58257636,212,0,146316,0
1789426273316271130,58256392,216,0,146316,0
1789426274342369413,58257172,0,12,146316,0
1789426275369062390,58257948,48,0,146316,0
1789426276395382871,58258232,72,0,146316,0
1789426277421438932,58257504,88,0,146316,0
1789426278448226001,58258084,112,0,146316,0
1789426279474433055,58257104,244,0,146316,0
1789426280500825823,58256664,52,0,146316,0
1789426281527285677,58255924,76,0,146316,0
1789426282553798389,58256696,84,0,146316,0
1789426283580126309,58256616,104,0,146316,0
1789426284606426517,58255920,120,0,146316,0
1789426285632796426,58256192,48,0,146316,0
1789426286658985445,58253468,80,0,146316,0
1789426287685616211,58251752,92,0,146316,0
1789426288712120561,58253052,120,0,146316,0
1789426289738607845,58249804,240,0,146316,0
1789426290765143011,58248372,228,0,146316,0
1789426291791642540,58248920,248,0,146316,0
1789426292818152312,58248992,284,0,146316,0
1789426293844553326,58249640,316,0,146316,0
1789426294870934496,58247640,452,0,146316,0
1789426295897471949,58247184,44,0,146316,0
1789426296924266723,58249848,232,0,146316,0
1789426297950640368,58249916,248,0,146316,0
1789426298977731222,58252088,304,0,146316,0
1789426300004306830,58251656,468,0,146316,0
1789426301031635072,58253100,248,0,146316,0
1789426302061445549,58254716,324,0,146316,0
1789426303087953273,58253544,356,0,146316,0
1789426304115110182,58254580,388,0,146316,0
1789426305141559387,58253852,540,0,146316,0
1789426306168717204,58253092,52,0,146316,0
1789426307198627162,58251660,84,0,146316,0
1789426308225546575,58250272,204,0,146316,0
1789426309253220897,58248540,392,0,146316,0
1789426310279702913,58248804,400,0,146316,0
1789426311306989582,58247824,48,0,146316,0
1789426312336595471,58250392,192,0,146316,0
1789426313363484131,58250176,212,0,146316,0
1789426314391227791,58252736,332,0,146316,0
1789426315418163392,58252492,364,0,146316,0
1789426316445237832,58252024,48,0,146316,0
1789426317474749156,58250548,68,0,146316,0
1789426318501849017,58250608,208,0,146316,0
1789426319530470230,58248908,352,0,146316,0
1789426320557080368,58249920,464,0,146316,0
1789426321584229888,58249180,32,0,146316,0
1789426322613782852,58248228,64,0,146316,0
1789426323641040397,58248552,84,0,146316,0
1789426324670123737,58248316,216,0,146316,0
1789426325696871757,58250936,240,0,146316,0
1789426326723908204,58249684,4,0,146316,0
1789426327753341157,58249496,76,0,146316,0
1789426328780121305,58249032,96,0,146316,0
1789426329810196431,58246740,236,0,146316,0
1789426330836898516,58245936,424,0,146316,0
1789426331864029481,58249424,12,0,146316,0
1789426332891813492,58250028,68,0,146316,0
1789426333919430695,58250804,84,0,146316,0
1789426334949036870,58252876,332,0,146316,0
1789426335975773518,58254008,344,0,146316,0
1789426337002678579,58253728,52,0,146316,0
1789426338030379099,58254280,76,0,146316,0
1789426339057802535,58253864,204,0,146316,0
1789426340087326271,58252620,344,0,146316,0
1789426341114303628,58252740,360,0,146316,0
1789426342141224122,58251632,148,0,146316,0
1789426343168200581,58250748,192,0,146316,0
1789426344195507744,58249760,332,0,146316,0
1789426345225498376,58249132,344,0,146316,0
1789426346252475464,58249968,364,0,146316,0
1789426347279444689,58248988,32,0,146316,0
1789426348306514390,58250464,80,0,146316,0
1789426349333624917,58253100,92,0,146316,0
1789426350362625392,58254272,364,0,146316,0
1789426351388994648,58254036,444,0,146316,0
1789426352415989898,58251556,52,0,146316,0
1789426353442619557,58251172,64,0,146316,0
1789426354469742292,58249976,232,0,146316,0
1789426355499443911,58250508,248,0,146316,0
1789426356525502946,58249812,260,0,146316,0
1789426357552366697,58251596,28,0,146316,0
1789426358578819917,58251352,84,0,146316,0
1789426359605836553,58251396,92,0,146316,0
1789426360636158015,58250784,360,0,146316,0
1789426361662852728,58249304,404,0,146316,0
1789426362689761500,58249972,44,0,146316,0
1789426363716343998,58248220,76,0,146316,0
1789426364743588231,58247744,240,0,146316,0
1789426365773640509,58247668,380,0,146316,0
1789426366800428508,58245728,388,0,146316,0
1789426367827450488,58244268,28,0,146316,0
1789426368854133608,58243788,92,0,146316,0
1789426369881070469,58243152,212,0,146316,0
1789426370907691138,58241952,364,0,146316,0
1789426371933916866,58241204,380,0,146316,0
1789426372960602009,58240508,156,0,146316,0
1789426373986860794,58242076,188,0,146316,0
1789426375013614720,58244120,1152,0,146316,0
1789426376040586192,58245160,1180,0,146316,0
1789426377067506070,58244200,1208,0,146316,0
1789426378094494740,58243212,32,0,146316,0
1789426379121335663,58242564,76,0,146316,0
1789426380148276515,58243356,336,0,146316,0
1789426381175126481,58245964,424,0,146316,0
1789426382202195279,58246240,448,0,146316,0
1789426383228703483,58244348,48,0,146316,0
1789426384255391218,58243860,200,0,146316,0
1789426385281933321,58243880,212,0,146316,0
1789426386308368613,58247168,236,0,146316,0
1789426387333866311,58246448,244,0,146316,0
1789426388359701266,58246256,56,0,146316,0
1789426389386018913,58245024,80,0,146316,0
1789426390412812303,58244780,196,0,146316,0
1789426391439532798,58245092,228,0,146316,0
1789426392466215606,58246620,372,0,146316,0
1789426393492870668,58246536,152,0,146316,0
1789426394519485038,58247820,204,0,146316,0
1789426395546263506,58249244,388,0,146316,0
1789426396573010114,58248636,404,0,146316,0
1789426397600115815,58248404,420,0,146316,0
1789426398626974154,58246956,56,0,146316,0
1789426399654215960,58249276,208,0,146316,0
1789426400680565460,58249836,236,0,146316,0
1789426401707485907,58249388,244,0,146316,0
1789426402734127681,58250464,264,0,146316,0
1789426403759891567,58251488,40,0,146316,0
1789426404786015236,58251540,368,0,146316,0
1789426405813244229,58252104,384,0,146316,0
1789426406839703682,58250516,412,0,146316,0
1789426407865487420,58250816,428,0,146316,0
1789426408891610694,58250088,144,0,146316,0
1789426409918213082,58249384,328,0,146316,0
1789426410944896235,58249260,360,0,146316,0
1789426411972620842,58249376,384,0,146316,0
1789426413002276673,58249448,396,0,146316,0
1789426414029191280,58247676,148,0,146316,0
1789426415055948625,58249240,316,0,146316,0
1789426416083287822,58247912,368,0,146316,0
1789426417112184384,58247500,384,0,146316,0
1789426418138078193,58246820,400,0,146316,0
1789426419164603530,58247404,300,0,146316,0
1789426420194020393,58248516,360,0,146316,0
1789426421220295937,58246604,388,0,146316,0
1789426422247179062,58245456,412,0,146316,0
1789426423276366775,58247260,432,0,146316,0
1789426424303231638,58247136,52,0,146316,0
1789426425329581806,58247468,212,0,146316,0
1789426426357010570,58246900,352,0,146316,0
1789426427386250852,58247452,364,0,146316,0
1789426428412705851,58247384,416,0,146316,0
1789426429439417822,58246140,16,0,146316,0
1789426430468552428,58247400,388,0,146316,0
1789426431494882264,58245692,400,0,146316,0
1789426432521725535,58245792,420,0,146316,0
1789426433549095896,58245836,432,0,146316,0
1789426434578052679,58245364,568,0,146316,0
1789426435604056337,58243620,204,0,146316,0
1789426436630705419,58243144,216,0,146316,0
1789426437659840254,58243256,236,0,146316,0
1789426438686226297,58244036,248,0,146316,0
1789426439712782443,58244084,364,0,146316,0
1789426440741442261,58243740,172,0,146316,0
1789426441768497707,58243768,352,0,146316,0
1789426442794989927,58245312,364,0,146316,0
1789426443822156456,58246284,412,0,146316,0
1789426444851636644,58246072,468,0,146316,0
1789426445878493731,58248896,164,0,146316,0
1789426446905636545,58246340,196,0,146316,0
1789426447934850469,58247524,236,0,146316,0
1789426448961269468,58248100,248,0,146316,0
1789426449988267671,58248932,24,0,146316,0
1789426451016490628,58248976,188,0,146316,0
1789426452045393324,58249008,208,0,146316,0
1789426453072163835,58251048,248,0,146316,0
1789426454099388950,58251124,276,0,146316,0
1789426455128549703,58252424,12,0,146316,0
1789426456154797644,58251716,188,0,146316,0
1789426457182015877,58250980,232,0,146316,0
1789426458212001531,58250776,264,0,146316,0
1789426459239378006,58250792,280,0,146316,0
1789426460265655962,58249344,44,0,146316,0
1789426461293003510,58249444,80,0,146316,0
1789426462322575240,58250748,220,0,146316,0
1789426463349304323,58250300,244,0,146316,0
1789426464376227670,58251416,356,0,146316,0
1789426465405637614,58250976,24,0,146316,0
1789426466432338135,58249336,80,0,146316,0
1789426467458709834,58247628,96,0,146316,0
1789426468486952534,58247164,96,0,146316,0
1789426469515205323,58244960,120,0,146316,0
1789426470541623666,58244268,64,0,146316,0
1789426471566105849,58245032,88,0,146316,0
1789426472592746869,58244560,112,0,146316,0
1789426473619359051,58243448,288,0,146316,0
1789426474645962700,58241704,444,0,146316,0
1789426475672509306,58242876,32,84,146316,0
1789426476698587453,58242956,196,0,146316,0
1789426477725759242,58246024,204,0,146316,0
1789426478756164560,58246076,232,0,146316,0
1789426479786571283,58245496,256,0,146316,0
1789426480817198568,58244764,40,0,146316,0
1789426481847285866,58244376,204,0,146316,0
1789426482877138802,58244416,256,0,146316,0
1789426483907576909,58244744,260,0,146316,0
1789426484936845459,58243784,412,0,146316,0
1789426485966575470,58244112,152,0,146316,0
1789426486996220108,58245924,192,0,146316,0
1789426488026472265,58245700,232,0,146316,0
1789426489056614679,58244716,256,0,146316,0
1789426490086631577,58246552,452,0,146316,0
1789426491116999224,58245592,32,0,146316,0
1789426492147164409,58244872,72,0,146316,0
1789426493177720063,58243668,84,0,146316,0
1789426494208056614,58243940,252,0,146316,0
1789426495238554199,58244208,268,0,146316,0
1789426496268796497,58242112,28,0,146316,0
1789426497298947916,58240960,72,0,146316,0
1789426498328831605,58240264,92,0,146316,0
1789426499358578743,58239308,276,0,146316,0
1789426500388347091,58258712,420,0,146316,0
1789426501413966315,58256372,308,240,146316,0
1789426502439651127,58258488,336,0,146316,0
1789426503465139480,58257384,384,0,146316,0
1789426504491192475,58256648,392,0,146316,0
1789426505517751031,58255840,568,0,146316,0
1789426506547755062,58254600,160,0,146316,0
1789426507577730404,58253132,192,0,146316,0
1789426508607774262,58253468,228,0,146316,0
1789426509637670335,58253732,364,0,146316,0
1789426510667818921,58253756,392,0,146316,0
1789426511698131997,58252812,428,0,146316,0
1789426512728713279,58255884,80,0,146316,0
1789426513758572866,58254144,212,0,146316,0
1789426514788675628,58252924,360,0,146316,0
1789426515818862834,58251924,400,0,146316,0
1789426516848629829,58252972,16,0,146316,0
1789426517878040033,58252812,192,0,146316,0
1789426518908503014,58252364,204,0,146316,0
1789426519938099258,58253456,368,0,146316,0
1789426520968065781,58251456,380,0,146316,0
1789426521997770061,58250324,136,4,146316,0
1789426523028040850,58250168,188,0,146316,0
1789426524058705479,58251888,312,0,146316,0
1789426525088761091,58251004,468,0,146316,0
1789426526119038311,58249000,476,0,146316,0
1789426527148733420,58248036,16,0,146316,0
1789426528178241558,58246328,64,0,146316,0
1789426529203745603,58243576,84,0,146316,0
1789426530229170906,58242836,240,0,146316,0
1789426531254499681,58240352,256,0,146316,0
1789426532280531567,58239628,32,0,146316,0
1789426533306644257,58239148,80,0,146316,0
1789426534336377356,58238580,392,0,146316,0
1789426535366689029,58237108,404,0,146316,0
1789426536397889870,58234912,432,0,146316,0
1789426537427538586,58234200,40,0,146316,0
1789426538457646489,58234632,184,0,146316,0
1789426539487404630,58234744,352,0,146316,0
1789426540517250514,58232864,400,0,146316,0
1789426541547068284,58235436,408,0,146316,0
1789426542577277371,58236032,160,72,146316,0
1789426543607239179,58237120,204,0,146316,0
1789426544636359362,58237216,224,0,146316,0
1789426545666260507,58237760,408,0,146316,0
1789426546696710213,58236268,420,0,146316,0
1789426547726057736,58235892,572,0,146316,0
1789426548756260823,58236204,192,0,146316,0
1789426549786833180,58235720,236,0,146316,0
1789426550817251770,58236748,372,0,146316,0
1789426551847474444,58237112,408,0,146316,0
1789426552878429528,58237416,140,0,146316,0
1789426553908917885,58237012,192,0,146316,0
1789426554939050794,58238788,432,0,146316,0
1789426555968332471,58237804,456,0,146316,0
1789426556994676928,58237872,468,0,146316,0
1789426558021026405,58238192,20,0,146316,0
1789426559047141875,58238304,68,0,146316,0
1789426560073436182,58237836,88,0,146316,0
1789426561099932299,58238388,224,0,146316,0
1789426562127178791,58237676,244,0,146316,0
1789426563157353289,58236472,24,0,146316,0
1789426564187441489,58238460,268,0,146316,0
1789426565217035156,58237724,288,0,146316,0
1789426566246619380,58235456,464,0,146316,0
1789426567277194224,58237792,496,0,146316,0
1789426568307433884,58236948,40,0,146316,0
1789426569337749368,58236024,76,0,146316,0
1789426570368693641,58237808,216,0,146316,0
1789426571399430553,58236568,368,0,146316,0
1789426572430483007,58238840,464,0,146316,0
1789426573460707594,58237120,44,0,146316,0
1789426574491259748,58236888,80,0,146316,0
1789426575521473672,58236148,96,0,146316,0
1789426576552073161,58237172,252,0,146316,0
1789426577583049931,58237184,272,0,146316,0
1789426578612784273,58234904,40,0,146316,0
1789426579643484683,58233660,80,0,146316,0
1789426580674401161,58232964,96,0,146316,0
1789426581704344064,58232744,228,0,146316,0
1789426582734661645,58230944,412,0,146316,0
1789426583764629349,58231716,440,0,146316,0
1789426584792001614,58231000,196,0,146316,0
1789426585818742904,58232496,376,0,146316,0
1789426586845250567,58231504,416,0,146316,0
1789426587871911910,58230512,428,0,146316,0
1789426588898447956,58230052,16,32,146316,0
1789426589925731592,58229100,180,0,146316,0
1789426590955721900,58229664,320,0,146316,0
1789426591986272308,58230000,364,0,146316,0
1789426593016408032,58230360,372,0,146316,0
1789426594046674709,58230156,16,0,146316,0
1789426595076559570,58231688,76,0,146316,0
1789426596106379849,58231864,344,0,146316,0
1789426597136151687,58230424,360,0,146316,0
1789426598166328141,58230868,412,0,146316,0
1789426599196283321,58231192,148,0,146316,0
1789426600226536266,58232988,176,0,146316,0
1789426601256551845,58235036,336,0,146316,0
1789426602286961878,58237836,368,0,146316,0
1789426603316995856,58238916,388,0,146316,0
1789426604347085833,58240020,424,0,146316,0
1789426605377254038,58244280,268,0,146316,0
1789426606406749491,58242416,428,0,146316,0
1789426607435959370,58240412,452,0,146316,0
1789426608466273370,58241008,464,0,146316,0
1789426609496752415,58242040,484,0,146316,0
1789426610525660110,58242152,152,0,146316,0
1789426611553183488,58244104,176,0,146316,0
1789426612582550812,58242100,180,0,146316,0
1789426613609439322,58238896,204,0,146316,0
1789426614636261692,58239668,0,0,146316,0
1789426615662485008,58240740,68,0,146316,0
1789426616689448359,58241276,208,0,146316,0
1789426617717350913,58242168,348,0,146316,0
1789426618747527729,58248044,384,0,146316,0
1789426619777888853,58245928,396,0,146316,0
1789426620807888892,58246228,280,0,146316,0
1789426621838156191,58243728,308,0,146316,0
1789426622868420287,58243120,352,0,146316,0
1789426623898789456,58243884,364,0,146316,0
1789426624929433119,58243572,416,0,146316,0
1789426625959406381,58244132,188,0,146316,0
1789426626989394785,58243428,220,0,146316,0
1789426628018992438,58242712,344,0,146316,0
1789426629048843859,58241272,368,0,146316,0
1789426630078887898,58240840,0,0,146316,0
1789426631108791734,58239392,336,0,146316,0
1789426632138854314,58238984,348,0,146316,0
1789426633168534940,58238804,364,0,146316,0
1789426634198508645,58245356,416,0,146316,0
1789426635228647065,58245748,0,116,146316,0
1789426636258421025,58246304,72,0,146316,0
1789426637288605570,58246344,92,0,146316,0
1789426638318547219,58243128,104,0,146316,0
1789426639349243253,58244656,116,0,146316,0
1789426640379389622,58228692,0,0,146316,0
1789426641406311421,58227996,40,0,146316,0
1789426642433011840,58226512,80,0,146316,0
1789426643459367990,58226188,88,0,146316,0
1789426644486120116,58226988,100,0,146316,0
1789426645512122332,58227536,116,0,146316,0
1789426646538650805,58229576,228,0,146316,0
1789426647568007249,58227380,248,0,146316,0
1789426648597626097,58227876,284,0,146316,0
1789426649627869820,58228200,308,0,146316,0
1789426650658042060,58227304,0,60,146316,0
1789426651687721942,58226084,64,0,146316,0
1789426652718070601,58225604,88,0,146316,0
1789426653748781678,58225132,208,0,146316,0
1789426654779271645,58226804,224,0,146316,0
1789426655809349273,58226152,304,0,146316,0
1789426656839103685,58224176,44,0,146316,0
1789426657869362830,58222184,80,0,146316,0
1789426658899942418,58222452,88,0,146316,0
1789426659930634809,58222508,116,0,146316,0
1789426660960798905,58223056,256,0,146316,0
1789426661991151761,58223084,56,0,146316,0
1789426663021370876,58223880,72,0,146316,0
1789426664051583899,58224216,92,0,146316,0
1789426665081762162,58224940,280,0,146316,0
1789426666112617250,58224508,448,0,146316,0
1789426667142952201,58222776,32,0,146316,0
1789426668172247979,58224192,208,0,146316,0
1789426669196750453,58221492,232,0,146316,0
1789426670223728687,58220996,432,0,146316,0
1789426671250380153,58222812,444,0,146316,0
1789426672277217833,58222620,28,0,146316,0
1789426673303589098,58222880,196,0,146316,0
1789426674330219666,58223408,200,0,146316,0
1789426675356899204,58221656,228,0,146316,0
1789426676383549828,58224248,396,0,146316,0
1789426677410254016,58222788,4,80,146316,0
1789426678436447916,58222612,196,0,146316,0
1789426679462783821,58220996,232,0,146316,0
1789426680489382315,58221544,256,0,146316,0
1789426681515844276,58220836,400,0,146316,0
1789426682542222338,58221868,24,0,146316,0
1789426683568906281,58222000,168,0,146316,0
1789426684594974699,58221508,192,0,146316,0
1789426685620939976,58222156,364,0,146316,0
1789426686647729770,58222208,380,0,146316,0
1789426687674130905,58221992,532,0,146316,0
1789426688700351729,58220540,184,0,146316,0
1789426689726813366,58220568,304,0,146316,0
1789426690753426968,58221336,316,0,146316,0
1789426691780267567,58221092,488,0,146316,0
1789426692807494078,58220668,0,0,146316,0
1789426693835162203,58219500,60,0,146316,0
1789426694865175010,58219096,88,0,146316,0
1789426695895206376,58218108,100,0,146316,0
1789426696924551207,58219748,236,0,146316,0
1789426697954629711,58219796,12,0,146316,0
1789426698984481786,58217600,68,0,146316,0
1789426700013732235,58217904,84,0,146316,0
1789426701041195794,58218680,412,0,146316,0
1789426702068189766,58217508,428,0,146316,0
1789426703094894040,58219064,20,0,146316,0
1789426704121917273,58219440,192,0,146316,0
1789426705148858961,58220268,196,0,146316,0
1789426706177009116,58223416,368,0,146316,0
1789426707206906927,58222492,392,0,146316,0
1789426708236613510,58221296,20,0,146316,0
1789426709265980947,58218708,200,0,146316,0
1789426710295537910,58219072,208,0,146316,0
1789426711323325675,58219900,376,0,146316,0
1789426712350339307,58219768,388,0,146316,0
1789426713377337088,58219604,432,0,146316,0
1789426714404112737,58219904,64,0,146316,0
1789426715430727619,58220036,244,0,146316,0
1789426716456348342,58220324,372,0,146316,0
1789426717484145045,58219092,392,0,146316,0
1789426718514568449,58218916,28,0,146316,0
1789426719544769370,58219248,72,0,146316,0
1789426720574895479,58220552,228,0,146316,0
1789426721604590630,58222084,380,0,146316,0
1789426722634476425,58223876,400,0,146316,0
1789426723663074209,58221924,24,0,146316,0
1789426724690302468,58222756,236,0,146316,0
1789426725717286652,58225880,272,0,146316,0
1789426726744310268,58225704,420,0,146316,0
1789426727771106296,58221944,436,0,146316,0
1789426728798654296,58222096,0,0,146316,0
1789426729825396065,58223176,24,0,146316,0
1789426730851902403,58224020,364,0,146316,0
1789426731878595396,58223320,388,0,146316,0
1789426732905353128,58224372,392,0,146316,0
1789426733932223445,58225472,0,0,146316,0
1789426734959188607,58227164,244,0,146316,0
1789426735986218350,58227072,376,0,146316,0
1789426737012988949,58227252,412,0,146316,0
1789426738039494353,58227560,432,0,146316,0
1789426739066475835,58228088,468,0,146316,0
1789426740092978456,58227204,164,0,146316,0
1789426741119455556,58225680,428,0,146316,0
1789426742146984565,58224000,444,0,146316,0
1789426743178048030,58224808,460,0,146316,0
1789426744207401139,58224124,484,0,146316,0
1789426745235469968,58225532,200,0,146316,0
1789426746264609159,58222112,228,0,146316,0
1789426747292094662,58222916,236,0,146316,0
1789426748321395397,58223000,256,0,146316,0
1789426749350474305,58223800,272,0,146316,0
1789426750378453688,58223800,20,0,146316,0
1789426751408474016,58224148,216,0,146316,0
1789426752436104867,58224800,340,0,146316,0
1789426753466146215,58224380,388,0,146316,0
1789426754494997498,58224408,392,0,146316,0
1789426755523119225,58226768,164,0,146316,0
1789426756552731584,58227840,324,0,146316,0
1789426757579937444,58227096,340,0,146316,0
1789426758609687559,58228888,380,0,146316,0
1789426759637252061,58228660,396,0,146316,0
1789426760667287228,58226256,200,0,146316,0
1789426761696757802,58226292,216,0,146316,0
1789426762723748923,58226140,364,0,146316,0
1789426763753211279,58227928,372,0,146316,0
1789426764781054078,58228344,420,0,146316,0
1789426765811363385,58227096,24,0,146316,0
1789426766841208427,58226128,320,0,146316,0
1789426767869454465,58227180,332,0,146316,0
1789426768899142198,58226824,384,0,146316,0
1789426769926902780,58225184,416,0,146316,0
1789426770957330053,58226208,388,0,146316,0
1789426771986333383,58225304,416,0,146316,0
1789426773014255476,58224588,448,0,146316,0
1789426774041073700,58223140,460,0,146316,0
1789426775068108070,58224388,472,0,146316,0
1789426776095011677,58221624,36,0,146316,0
1789426777122006905,58221660,72,0,146316,0
1789426778148686321,58222692,88,0,146316,0
1789426779176307777,58223304,104,0,146316,0
1789426780206761327,58224104,128,0,146316,0
1789426781237492196,58225924,48,0,146316,0
1789426782267992218,58225948,80,0,146316,0
1789426783298157199,58225244,260,0,146316,0
1789426784328562087,58225520,284,0,146316,0
1789426785358821932,58225884,320,0,146316,0
1789426786389663658,58225436,32,0,146316,0
1789426787420378065,58225068,196,0,146316,0
1789426788450673079,58225148,220,0,146316,0
1789426789480631427,58222792,248,0,146316,0
1789426790510473813,58222300,428,0,146316,0
1789426791540782720,58220612,36,0,146316,0
1789426792570867141,58218928,188,0,146316,0
1789426793601036331,58219276,208,0,146316,0
1789426794631042528,58218208,252,0,146316,0
1789426795661757061,58218544,264,0,146316,0
1789426796691771523,58219340,456,0,146316,0
1789426797722358684,58218960,80,0,146316,0
1789426798752473766,58219736,208,0,146316,0
1789426799782997691,58219016,236,0,146316,0
1789426800813813310,58217548,276,0,146316,0
1789426801843728104,58217100,456,0,146316,0
1789426802870555046,58216876,380,0,146316,0
1789426803897653838,58215716,432,0,146316,0
1789426804924502715,58216512,528,0,146316,0
1789426805951201017,58216300,700,0,146316,0
1789426806978755640,58216420,28,0,146316,0
1789426808008133818,58217760,72,0,146316,0
1789426809039171364,58219064,88,0,146316,0
1789426810070435676,58217364,104,0,146316,0
1789426811101376263,58217636,248,0,146316,0
1789426812131991218,58218424,28,0,146316,0
1789426813162644261,58218244,68,0,146316,0
1789426814193447314,58217576,84,0,146316,0
1789426815223921430,58215400,372,0,146316,0
1789426816254493802,58214948,460,0,146316,0
1789426817283640384,58215532,140,0,146316,0
1789426818313783167,58217856,196,0,146316,0
1789426819343600774,58218440,232,0,146316,0
1789426820374254164,58216480,424,0,146316,0
1789426821404132307,58216532,432,0,146316,0
1789426822432958385,58217352,136,0,146316,0
1789426823461087246,58216452,220,0,146316,0
1789426824490887866,58217012,232,0,146316,0
1789426825521120200,58218092,384,0,146316,0
1789426826551578897,58214832,400,0,146316,0
1789426827581915818,58214164,24,4,146316,0
1789426828612035990,58213536,64,0,146316,0
1789426829641477911,58213468,212,0,146316,0
1789426830668475488,58212992,216,0,146316,0
1789426831694533731,58215892,372,0,146316,0
1789426832721340362,58218224,8,84,146316,0
1789426833747735421,58217796,72,0,146316,0
1789426834773523399,58217320,80,0,146316,0
1789426835800312332,58216888,88,0,146316,0
1789426836831055896,58215748,276,0,146316,0
1789426837861295759,58216304,60,0,146316,0
1789426838891626166,58215368,64,0,146316,0
1789426839922618827,58216008,376,0,146316,0
1789426840949838717,58214308,396,0,146316,0
1789426841981272229,58214576,424,0,146316,0
1789426843013260069,58215156,8,0,146316,0
1789426844043714751,58216228,188,0,146316,0
1789426845074361759,58216748,328,0,146316,0
1789426846105067321,58218576,352,0,146316,0
1789426847136065948,58218124,384,0,146316,0
1789426848168202245,58216484,0,212,146316,0
1789426849198597593,58217036,48,0,146316,0
1789426850228715430,58216072,312,0,146316,0
1789426851258343924,58216668,336,0,146316,0
1789426852287526890,58218272,376,0,146316,0
1789426853318116767,58218604,0,56,146316,0
1789426854348331124,58219964,184,0,146316,0
1789426855378209855,58218260,336,0,146316,0
1789426856407668483,58216800,348,0,146316,0
1789426857438349325,58217712,408,0,146316,0
1789426858467912297,58216256,428,0,146316,0
1789426859494320424,58215048,60,0,146316,0
1789426860521134315,58215364,232,0,146316,0
1789426861547310436,58215456,252,0,146316,0
1789426862573869634,58216728,388,0,146316,0
1789426863601204210,58218324,0,212,146316,0
1789426864630656706,58219640,284,0,146316,0
1789426865660216722,58221192,448,0,146316,0
1789426866690031806,58222740,464,0,146316,0
1789426867719695557,58221840,480,0,146316,0
1789426868748929615,58221908,392,56,146316,0
1789426869778362594,58222692,60,0,146316,0
1789426870807372175,58221492,208,0,146316,0
1789426871836156659,58222772,216,0,146316,0
1789426872865814313,58223108,236,0,146316,0
1789426873893581283,58223928,0,64,146316,0
1789426874923158940,58223636,248,0,146316,0
1789426875952262336,58223240,404,0,146316,0
1789426876981286171,58223284,428,0,146316,0
1789426878010209510,58221088,444,0,146316,0
1789426879039404118,58219652,0,0,146316,0
1789426880067680699,58220456,56,0,146316,0
1789426881095844122,58219752,200,0,146316,0
1789426882124756771,58217344,332,0,146316,0
1789426883153237993,58217160,388,0,146316,0
1789426884181823233,58219704,4,204,146316,0
1789426885209986847,58220544,72,0,146316,0
1789426886237764933,58216824,372,0,146316,0
1789426887264630467,58217108,388,0,146316,0
1789426888291184307,58216648,424,0,146316,0
1789426889318010101,58216744,132,0,146316,0
1789426890344477951,58216804,308,0,146316,0
1789426891370406714,58218108,324,0,146316,0
1789426892397822906,58218168,376,0,146316,0
1789426893427246894,58218244,388,0,146316,0
1789426894456743475,58219556,0,0,146316,0
1789426895486767163,58218804,204,0,146316,0
1789426896516713032,58217200,340,0,146316,0
1789426897546724703,58215212,352,0,146316,0
1789426898576874385,58216044,364,0,146316,0
1789426899606857346,58215428,372,32,146316,0
1789426900636986296,58216232,232,0,146316,0
1789426901666832345,58216532,376,0,146316,0
1789426902697092856,58214352,392,0,146316,0
1789426903726948078,58212680,412,0,146316,0
1789426904756661760,58212960,0,60,146316,0
1789426905786430318,58211660,192,0,146316,0
1789426906816108966,58213192,200,0,146316,0
1789426907845995513,58212620,220,0,146316,0
1789426908875908056,58212764,232,0,146316,0
1789426909905862204,58211552,432,0,146316,0
1789426910935931675,58211132,188,0,146316,0
1789426911966141406,58209972,200,0,146316,0
1789426912995994474,58209376,344,0,146316,0
1789426914025924279,58211668,356,0,146316,0
1789426915053095989,58212448,4,0,146316,0
1789426916079551754,58213744,204,0,146316,0
1789426917106044409,58213052,332,0,146316,0
1789426918132531388,58212056,348,0,146316,0
1789426919158658333,58211832,384,0,146316,0
1789426920185724405,58211888,0,80,146316,0
1789426921216219855,58211716,304,0,146316,0
1789426922246338875,58212016,316,0,146316,0
1789426923276302454,58212360,364,0,146316,0
1789426924306328051,58210148,376,0,146316,0
1789426925335712825,58209476,0,0,146316,0
1789426926366048512,58212548,56,0,146316,0
1789426927396124296,58214472,232,0,146316,0
1789426928426345456,58213852,252,0,146316,0
1789426929456134399,58212460,272,0,146316,0
1789426930485923711,58213312,408,0,146316,0
1789426931516027083,58211872,44,0,146316,0
1789426932545934163,58213192,72,0,146316,0
1789426933575677713,58212240,84,0,146316,0
1789426934605596180,58212772,108,0,146316,0
1789426935635799826,58212044,260,0,146316,0
1789426936665908890,58212048,232,0,146316,0
1789426937695700239,58211568,268,0,146316,0
1789426938726331854,58213532,304,0,146316,0
1789426939755983682,58214324,332,0,146316,0
1789426940786257087,58213960,460,0,146316,0
1789426941816170813,58214244,144,0,146316,0
1789426942846285836,58214148,192,0,146316,0
1789426943872907556,58213468,208,0,146316,0
1789426944899426709,58213608,228,0,146316,0
1789426945925922063,58212880,432,0,146316,0
1789426946952639933,58215176,168,0,146316,0
1789426947979552527,58215232,196,0,146316,0
1789426949007933450,58214572,208,0,146316,0
1789426950038815275,58213628,260,0,146316,0
1789426951068910638,58213208,0,96,146316,0
1789426952099048185,58211780,60,0,146316,0
1789426953128988060,58211592,204,0,146316,0
1789426954158438622,58211160,228,0,146316,0
1789426955188291227,58209452,268,0,146316,0
1789426956218169160,58209756,428,0,146316,0
1789426957248251363,58211304,68,0,146316,0
1789426958277961931,58211364,100,0,146316,0
1789426959307882381,58210804,232,0,146316,0
1789426960337695614,58213220,508,0,146316,0
1789426961367663377,58213116,16,0,146316,0
1789426962397609530,58212920,64,0,146316,0
1789426963426538286,58211976,76,0,146316,0
1789426964456690728,58212784,100,0,146316,0
1789426965486584511,58214324,240,0,146316,0
1789426966515934889,58212852,0,156,146316,0
1789426967546180222,58213548,240,0,146316,0
1789426968576052420,58214356,268,0,146316,0
1789426969606001839,58214576,348,0,146316,0
1789426970635551129,58214168,508,0,146316,0
1789426971662063435,58210396,172,0,146316,0
1789426972688713672,58211172,176,0,146316,0
1789426973715010551,58212264,236,0,146316,0
1789426974741554999,58211804,256,0,146316,0
1789426975768184558,58213192,444,0,146316,0
1789426976794498171,58212764,124,68,146316,0
1789426977821180198,58213532,172,0,146316,0
1789426978847715251,58213616,192,0,146316,0
1789426979874287631,58214640,208,0,146316,0
1789426980900890206,58214156,392,0,146316,0
1789426981927861832,58213432,12,0,146316,0
1789426982954917265,58212976,192,0,146316,0
1789426983982239901,58215076,228,0,146316,0
1789426985009531627,58216640,264,0,146316,0
1789426986036507246,58219692,492,0,146316,0
1789426987063383823,58220984,388,0,146316,0
1789426988090288434,58222016,68,0,146316,0
1789426989117429210,58221320,72,0,146316,0
1789426990144262970,58221600,92,0,146316,0
1789426991170506306,58220648,304,0,146316,0
1789426992197425067,58218680,332,0,146316,0
1789426993224029328,58220212,64,0,146316,0
1789426994250418156,58219748,80,0,146316,0
1789426995277513051,58220532,104,0,146316,0
1789426996305038212,58221092,392,0,146316,0
1789426997332109531,58219852,424,0,146316,0
1789426998357563490,58219976,184,0,146316,0
1789426999383818602,58219512,200,0,146316,0
1789427000410412050,58218272,356,0,146316,0
1789427001436948942,58219088,388,0,146316,0
1789427002463473245,58218876,0,40,146316,0
1789427003489237557,58218404,168,0,146316,0
1789427004517367633,58220108,196,0,146316,0
1789427005546533231,58222144,348,0,146316,0
1789427006576261981,58221056,444,0,146316,0
1789427007606179320,58220588,448,0,146316,0
1789427008635828224,58219608,48,0,146316,0
1789427009665760916,58219644,84,0,146316,0
1789427010696000182,58219664,224,0,146316,0
1789427011726055084,58218960,240,0,146316,0
1789427012755741023,58218544,416,0,146316,0
1789427013786245491,58216560,48,0,146316,0
1789427014816122841,58217088,80,0,146316,0
1789427015844095929,58217660,360,0,146316,0
1789427016871065648,58215952,388,0,146316,0
1789427017897671778,58215708,400,0,146316,0
1789427018923073205,58216996,184,0,146316,0
1789427019950067880,58218272,200,0,146316,0
1789427020976929830,58219332,356,0,146316,0
1789427022003321226,58220168,388,0,146316,0
1789427023030164218,58220960,408,0,146316,0
1789427024057202483,58221488,176,0,146316,0
1789427025084113065,58221280,224,0,146316,0
1789427026111111787,58226844,384,0,146316,0
1789427027139181030,58227408,424,0,146316,0
1789427028168608841,58225948,432,0,146316,0
1789427029198568482,58224472,48,0,146316,0
1789427030228412021,58223496,216,0,146316,0
1789427031258506777,58222540,360,0,146316,0
1789427032288348031,58222964,464,0,146316,0
1789427033317989469,58223788,0,0,146316,0
1789427034347982168,58221284,48,0,146316,0
1789427035377989034,58222064,68,0,146316,0
1789427036405152403,58220364,220,0,146316,0
1789427037432081952,58220024,240,0,146316,0
1789427038459147767,58218536,252,0,146316,0
1789427039484120296,58218556,44,0,146316,0
1789427040510653666,58217076,188,0,146316,0
1789427041537182845,58217124,208,0,146316,0
1789427042563933305,58218396,404,0,146316,0
1789427043589606159,58218936,0,260,146316,0
1789427044614961149,58219560,52,0,146316,0
1789427045641257229,58222352,196,0,146316,0
1789427046667661443,58220184,348,0,146316,0
1789427047694468192,58220008,392,0,146316,0
1789427048724294815,58219304,0,0,146316,0
1789427049754305721,58220080,52,0,146316,0
1789427050784276618,58218232,352,0,146316,0
1789427051814412014,58216888,408,0,146316,0
1789427052844409431,58215944,432,0,146316,0
1789427053874598612,58215540,4,52,146316,0
1789427054905042408,58215960,188,0,146316,0
1789427055935115448,58215776,352,0,146316,0
1789427056965505408,58216308,388,0,146316,0
1789427057995667573,58215876,432,0,146316,0
1789427059026165364,58215708,0,0,146316,0
1789427060056946722,58218200,276,0,146316,0
1789427061086747893,58217048,432,0,146316,0
1789427062116830033,58215424,440,0,146316,0
1789427063146889975,58214724,456,0,146316,0
1789427064176914782,58215508,4,16,146316,0
1789427065206938682,58214572,196,0,146316,0
1789427066236714767,58212892,396,0,146316,0
1789427067266866580,58213492,412,0,146316,0
1789427068296773126,58213876,444,0,146316,0
1789427069326438263,58214724,16,0,146316,0
1789427070353128245,58212588,348,0,146316,0
1789427071379334766,58213464,388,0,146316,0
1789427072405857317,58214284,408,0,146316,0
1789427073432050965,58214716,468,0,146316,0
1789427074458138058,58213272,0,76,146316,0
1789427075484811358,58212544,180,0,146316,0
1789427076511159313,58210828,200,0,146316,0
1789427077537981466,58209864,212,0,146316,0
1789427078564583359,58210164,232,0,146316,0
1789427079590732182,58210964,0,76,146316,0
1789427080617042760,58210320,152,0,146316,0
1789427081643422535,58209188,356,0,146316,0
1789427082670050809,58209764,380,0,146316,0
1789427083696580346,58208928,436,0,146316,0
1789427084723369807,58211488,0,0,146316,0
1789427085750158144,58210120,200,0,146316,0
1789427086776675944,58209912,212,0,146316,0
1789427087803268580,58208876,352,0,146316,0
1789427088829820963,58209424,368,0,146316,0
1789427089856472095,58208452,392,0,146316,0
1789427090883289434,58209284,176,0,146316,0
1789427091910243634,58208564,324,0,146316,0
1789427092936174366,58209200,380,0,146316,0
1789427093962727961,58207956,396,0,146316,0
1789427094989171119,58207744,412,0,146316,0
1789427096015930622,58208060,324,0,146316,0
1789427097042721439,58207584,348,0,146316,0
1789427098070119264,58207168,360,0,146316,0
1789427099097002403,58207012,412,0,146316,0
1789427100123848039,58206952,116,0,146316,0
1789427101150347159,58208036,396,0,146316,0
1789427102177202299,58207788,532,0,146316,0
1789427103203848916,58209624,548,0,146316,0
1789427104230292584,58209140,564,0,146316,0
1789427105255987262,58209420,16,0,146316,0
1789427106282413290,58211800,204,0,146316,0
1789427107307663215,58211088,236,0,146316,0
1789427108334819933,58211864,260,0,146316,0
1789427109364232776,58211724,452,0,146316,0
1789427110390564543,58212496,0,0,146316,0
1789427111417799680,58210800,176,0,146316,0
1789427112447205469,58211072,192,0,146316,0
1789427113475440133,58211368,236,0,146316,0
1789427114501658636,58210996,276,0,146316,0
1789427115528843926,58210016,0,84,146316,0
1789427116558139508,58208028,140,0,146316,0
1789427117584849168,58206284,200,0,146316,0
1789427118611232797,58208120,200,0,146316,0
1789427119638714088,58207716,252,0,146316,0
1789427120668050425,58209528,0,0,146316,0
1789427121694605687,58211896,64,0,146316,0
1789427122721907025,58210960,184,0,146316,0
1789427123751236413,58212104,212,0,146316,0
1789427124780111908,58212180,260,0,146316,0
1789427125806536016,58216020,268,0,146316,0
1789427126833938061,58215092,52,0,146316,0
1789427127863814067,58213352,208,0,146316,0
1789427128891168322,58212888,216,0,146316,0
1789427129917123340,58213996,240,0,146316,0
1789427130944293045,58215528,384,0,146316,0
1789427131974345949,58213984,52,0,146316,0
1789427133000845020,58214320,76,0,146316,0
1789427134027521325,58212356,92,0,146316,0
1789427135055544686,58211204,104,0,146316,0
1789427136085440357,58211752,240,0,146316,0
1789427137112304769,58211572,48,0,146316,0
1789427138139684940,58210656,80,0,146316,0
1789427139169156791,58210992,100,0,146316,0
1789427140198987735,58211024,232,0,146316,0
1789427141225156972,58212552,456,0,146316,0
1789427142252140441,58213688,40,0,146316,0
1789427143281935780,58215280,184,0,146316,0
1789427144308706576,58216852,200,0,146316,0
1789427145334943174,58218496,252,0,146316,0
1789427146362269885,58217800,256,0,146316,0
1789427147391762661,58217320,168,0,146316,0
1789427148418445324,58214956,196,0,146316,0
1789427149445441779,58214512,240,0,146316,0
1789427150473584397,58213344,260,0,146316,0
1789427151503108326,58212092,424,0,146316,0
1789427152528868981,58211912,36,0,146316,0
1789427153555695593,58212816,192,0,146316,0
1789427154585206421,58212168,208,0,146316,0
1789427155612466025,58211968,248,0,146316,0
1789427156638197788,58213092,468,0,146316,0
1789427157664915579,58211224,488,0,146316,0
1789427158694177065,58212320,68,0,146316,0
1789427159720919362,58213904,88,0,146316,0
1789427160747137828,58214472,120,0,146316,0
1789427161774827699,58213532,272,0,146316,0
1789427162804202748,58214664,12,0,146316,0
1789427163830703828,58213508,52,0,146316,0
1789427164857248864,58213892,76,0,146316,0
1789427165887041730,58215724,104,0,146316,0
1789427166915159140,58214360,448,0,146316,0
1789427167942334442,58217288,4,0,146316,0
1789427168969392414,58215000,180,0,146316,0
1789427169995341465,58216784,220,0,146316,0
1789427171022435394,58216096,240,0,146316,0
1789427172048970680,58217152,4540,0,146316,0
1789427173076117570,58215200,192,0,146316,0
1789427174106022158,58213232,352,0,146316,0
1789427175136573187,58214068,392,0,146316,0
1789427176167339329,58213128,400,0,146316,0
1789427177197930591,58212716,536,0,146316,0
1789427178227952957,58211480,24,0,146316,0
1789427179258949477,58210876,88,0,146316,0
1789427180289726276,58213984,288,0,146316,0
1789427181321070700,58215388,428,0,146316,0
1789427182351173441,58216188,444,0,146316,0
1789427183381768171,58218024,40,0,146316,0
1789427184411966652,58217580,68,0,146316,0
1789427185441859669,58217360,100,0,146316,0
1789427186471968691,58217024,216,0,146316,0
1789427187502497442,58215292,236,0,146316,0
1789427188533213854,58215372,28,0,146316,0
1789427189563229181,58214424,60,0,146316,0
1789427190593936322,58212520,92,0,146316,0
1789427191624090624,58213404,412,0,146316,0
1789427192654447880,58212944,432,0,146316,0
1789427193684443699,58215520,620,0,146316,0
1789427194714063893,58217368,196,0,146316,0
1789427195743123650,58217676,224,0,146316,0
1789427196769965168,58216960,364,0,146316,0
1789427197796388003,58219268,380,0,146316,0
1789427198822549483,58219056,0,0,146316,0
1789427199849385526,58219348,60,0,146316,0
1789427200876335765,58220272,76,0,146316,0
1789427201903709703,58220168,220,0,146316,0
1789427202934237713,58221248,236,0,146316,0
1789427203964755905,58219784,4,0,146316,0
1789427204995069465,58218304,64,0,146316,0
1789427206025590163,58217080,80,0,146316,0
1789427207056573684,58215860,200,0,146316,0
1789427208086351997,58215880,220,0,146316,0
1789427209116902390,58216164,20,0,146316,0
1789427210146915533,58216948,68,0,146316,0
1789427211176920206,58216716,84,0,146316,0
1789427212206875622,58216508,224,0,146316,0
1789427213236216520,58216864,240,0,146316,0
1789427214266964325,58215696,0,88,146316,0
1789427215297509001,58214952,60,0,146316,0
1789427216328096058,58215504,184,0,146316,0
1789427217358332577,58215048,184,0,146316,0
1789427218388954783,58213860,212,0,146316,0
1789427219419101203,58213196,0,0,146316,0
1789427220449172162,58216332,80,0,146316,0
1789427221479662519,58216408,204,0,146316,0
1789427222510472951,58215280,216,0,146316,0
1789427223540356223,58215876,236,0,146316,0
1789427224566158924,58215444,0,0,146316,0
1789427225592066660,58215224,44,0,146316,0
1789427226618217850,58217304,204,0,146316,0
1789427227645052176,58216840,220,0,146316,0
1789427228671769994,58215880,240,0,146316,0
1789427229698679335,58214148,4,0,146316,0
1789427230728832308,58213928,64,0,146316,0
1789427231759059069,58213004,192,0,146316,0
1789427232788977808,58213788,208,0,146316,0
1789427233819141570,58211772,220,0,146316,0
1789427234849112983,58209324,4,72,146316,0
1789427235879423062,58208324,60,0,146316,0
1789427236909973410,58207592,188,0,146316,0
1789427237940487488,58208144,216,0,146316,0
1789427238971109065,58207932,220,0,146316,0
1789427240001251347,58210056,4,0,146316,0
1789427241031236950,58209596,60,0,146316,0
1789427242061844022,58208956,184,0,146316,0
1789427243092699504,58210600,380,0,146316,0
1789427244123084069,58211948,396,0,146316,0
1789427245153559168,58213252,428,0,146316,0
1789427246183917807,58215068,40,0,146316,0
1789427247215341929,58214920,324,0,146316,0
1789427248245598407,58214448,344,0,146316,0
1789427249276221579,58212776,400,0,146316,0
1789427250306634455,58211816,412,0,146316,0
1789427251337314080,58210988,296,0,146316,0
1789427252367420430,58212576,376,0,146316,0
1789427253394497352,58211344,396,0,146316,0
1789427254421191180,58210384,416,0,146316,0
1789427255448182974,58210440,432,0,146316,0
1789427256474998446,58209708,172,0,146316,0
1789427257501800794,58210028,224,0,146316,0
1789427258529340413,58211120,236,0,146316,0
1789427259559595089,58209944,252,0,146316,0
1789427260589899713,58209768,272,0,146316,0
1789427261620457861,58208620,160,0,146316,0
1789427262650698574,58208208,196,0,146316,0
1789427263680436726,58208736,208,0,146316,0
1789427264710809107,58208320,232,0,146316,0
1789427265740995591,58208644,244,0,146316,0
1789427266768969741,58209436,132,0,146316,0
1789427267799294046,58210544,180,0,146316,0
1789427268830112618,58210092,192,0,146316,0
1789427269860685381,58211160,208,0,146316,0
1789427270890609537,58211692,220,0,146316,0
1789427271921180075,58211488,12,0,146316,0
1789427272951945185,58212084,68,0,146316,0
1789427273982344716,58211644,80,0,146316,0
1789427275013142130,58211452,96,0,146316,0
1789427276043457255,58211496,108,0,146316,0
1789427277074274419,58212136,8,0,146316,0
1789427278104483595,58212200,64,0,146316,0
1789427279134897651,58210252,88,0,146316,0
1789427280165144663,58211580,112,0,146316,0
1789427281192435767,58210624,120,0,146316,0
1789427282219539840,58210260,4,0,146316,0
1789427283246068955,58209764,72,0,146316,0
1789427284273137909,58211312,80,0,146316,0
1789427285300179796,58210352,104,0,146316,0
1789427286327707140,58212732,248,0,146316,0
1789427287359131337,58214020,16,0,146316,0
1789427288391133603,58211816,68,0,146316,0
1789427289421538366,58211892,88,0,146316,0
1789427290452039816,58211948,96,0,146316,0
1789427291482530018,58211972,208,0,146316,0
1789427292512616798,58211808,240,0,146316,0
1789427293542563476,58212344,68,0,146316,0
1789427294573549511,58211440,84,0,146316,0
1789427295605103293,58212724,96,0,146316,0
1789427296636123347,58214044,224,0,146316,0
1789427297666453564,58213896,0,0,146316,0
1789427298696325423,58215732,40,0,146316,0
1789427299723964224,58216332,76,0,146316,0
1789427300753632425,58214876,88,0,146316,0
1789427301783034158,58214452,204,0,146316,0
1789427302812714543,58214224,228,0,146316,0
1789427303842889140,58212828,52,0,146316,0
1789427304873961280,58214672,80,0,146316,0
1789427305904532803,58213740,88,0,146316,0
1789427306934916844,58215320,240,0,146316,0
1789427307964752877,58215928,0,0,146316,0
1789427308994350893,58216240,64,0,146316,0
1789427310021136151,58217292,80,0,146316,0
1789427311047977448,58216848,92,0,146316,0
1789427312074666335,58217156,216,0,146316,0
1789427313101245556,58216984,232,0,146316,0
1789427314128526749,58215524,64,0,146316,0
1789427315158176557,58216064,88,0,146316,0
1789427316188187180,58217880,96,0,146316,0
1789427317218396717,58219188,224,0,146316,0
1789427318248960664,58219728,236,0,146316,0
1789427319278794364,58220008,68,0,146316,0
1789427320309079494,58220800,84,0,146316,0
1789427321339106338,58220604,208,0,146316,0
1789427322369345345,58221136,224,0,146316,0
1789427323399030953,58219988,8,60,146316,0
1789427324429220146,58220040,72,0,146316,0
1789427325459232950,58220636,88,0,146316,0
1789427326489770361,58220960,208,0,146316,0
1789427327519983923,58222020,232,0,146316,0
1789427328550978714,58221788,244,0,146316,0
1789427329579819801,58220288,60,0,146316,0
1789427330609859459,58219836,76,0,146316,0
1789427331639908485,58219872,200,0,146316,0
1789427332669936811,58218708,208,0,146316,0
1789427333700186889,58217508,0,0,146316,0
1789427334730530497,58216844,72,0,146316,0
1789427335760658878,58217904,88,0,146316,0
1789427336790128382,58219268,224,0,146316,0
1789427337816387049,58219032,236,0,146316,0
1789427338841999520,58218576,248,0,146316,0
1789427339868449860,58216844,316,0,146316,0
1789427340894979001,58216364,76,0,146316,0
1789427341921141657,58217168,220,0,146316,0
1789427342947464302,58216968,236,0,146316,0
1789427343973301655,58215256,248,0,146316,0
1789427344999657668,58216288,56,0,146316,0
1789427346025605154,58219120,84,0,146316,0
1789427347051275914,58218148,208,0,146316,0
1789427348076885463,58216912,220,0,146316,0
1789427349103427973,58217028,244,0,146316,0
1789427350130044569,58216048,12,0,146316,0
1789427351156721401,58214892,60,0,146316,0
1789427352183183607,58214452,192,0,146316,0
1789427353210077865,58216080,208,0,146316,0
1789427354236532662,58215148,236,0,146316,0
1789427355263029808,58215936,0,0,146316,0
1789427356289660998,58215976,80,0,146316,0
1789427357315922692,58216272,204,0,146316,0
1789427358342450181,58215284,228,0,146316,0
1789427359369073265,58215560,232,0,146316,0
1789427360395684976,58215332,28,52,146316,0
1789427361422396097,58216128,184,0,146316,0
1789427362448903917,58215892,196,0,146316,0
1789427363475831151,58217680,224,0,146316,0
1789427364502723475,58219752,244,0,146316,0
1789427365528705493,58219208,272,0,146316,0
1789427366552811113,58219496,60,0,146316,0
1789427367579431487,58218284,196,0,146316,0
1789427368605977524,58217556,212,0,146316,0
1789427369632853147,58216828,220,0,146316,0
1789427370659638095,58217120,236,0,146316,0
1789427371686766552,58216668,148,0,146316,0
1789427372713449430,58215724,176,0,146316,0
1789427373740128285,58215248,188,0,146316,0
1789427374766516529,58215044,200,0,146316,0
1789427375793233074,58213796,228,0,146316,0
1789427376819944936,58213604,176,0,146316,0
1789427377844881029,58214384,208,0,146316,0
1789427378872413419,58215404,212,0,146316,0
1789427379901757218,58215484,236,0,146316,0
1789427380929153687,58214800,0,0,146316,0
1789427381955851463,58216144,168,0,146316,0
1789427382982692959,58215696,176,0,146316,0
1789427384012150770,58214488,200,0,146316,0
1789427385038963419,58215048,212,0,146316,0
1789427386066781832,58214328,0,0,146316,0
1789427387096509982,58215852,176,0,146316,0
1789427388122496420,58215640,188,0,146316,0
1789427389149278752,58213652,204,0,146316,0
1789427390177929395,58213192,216,0,146316,0
1789427391204977346,58215000,0,0,146316,0
1789427392231998565,58214536,172,0,146316,0
1789427393259857176,58214064,188,0,146316,0
1789427394287612371,58212600,208,0,146316,0
1789427395314357797,58212388,232,0,146316,0
1789427396341840868,58213420,0,0,146316,0
1789427397371268128,58213044,60,0,146316,0
1789427398397774009,58215860,80,0,146316,0
1789427399424877958,58216892,96,0,146316,0
1789427400453589150,58216444,112,0,146316,0
1789427401480150892,58216736,0,68,146316,0
1789427402507196553,58218532,64,0,146316,0
1789427403536737036,58217796,76,0,146316,0
1789427404563456401,58217832,100,0,146316,0
1789427405589993244,58217648,104,0,146316,0
1789427406617251240,58217460,244,0,146316,0
1789427407646555722,58216528,64,0,146316,0
1789427408672304819,58215292,76,0,146316,0
1789427409698642640,58214844,92,0,146316,0
1789427410728151683,58214620,104,0,146316,0
1789427411752736468,58213900,0,0,146316,0
1789427412779820234,58214424,44,0,146316,0
1789427413809587067,58213464,76,0,146316,0
1789427414836596574,58215020,96,0,146316,0
1789427415863262281,58214280,100,0,146316,0
1789427416891143518,58214884,236,0,146316,0
1789427417919120570,58214152,48,0,146316,0
1789427418945925368,58214448,76,0,146316,0
1789427419972110000,58215032,88,0,146316,0
1789427421001114424,58215816,108,0,146316,0
1789427422028075939,58214100,232,0,146316,0
1789427423055441710,58214412,56,0,146316,0
1789427424085026485,58215692,76,0,146316,0
1789427425111242559,58213480,92,0,146316,0
1789427426138624310,58214500,112,0,146316,0
1789427427167830281,58214020,248,0,146316,0
1789427428195094033,58213860,44,0,146316,0
1789427429222000497,58214168,76,0,146316,0
1789427430249222461,58212680,88,0,146316,0
1789427431278536045,58211208,220,0,146316,0
1789427432304910151,58212508,228,0,146316,0
1789427433331568586,58211288,40,0,146316,0
1789427434360999246,58210836,76,0,146316,0
1789427435387575996,58213168,96,0,146316,0
1789427436414522721,58212708,224,0,146316,0
1789427437443767165,58212224,236,0,146316,0
1789427438470608750,58212528,56,0,146316,0
1789427439497434265,58211020,72,0,146316,0
1789427440524291286,58210768,92,0,146316,0
1789427441550477975,58211612,1908,0,146316,0
1789427442577493416,58210624,1932,0,146316,0
1789427443604362261,58210504,28,0,146316,0
1789427444631499411,58209788,72,0,146316,0
1789427445659938337,58215648,88,0,146316,0
1789427446690062633,58216480,228,0,146316,0
1789427447720275210,58217592,240,0,146316,0
1789427448750182836,58217864,292,0,146316,0
1789427449779427980,58217932,80,0,146316,0
1789427450809160176,58219252,96,0,146316,0
1789427451839245927,58219128,216,0,146316,0
1789427452869304789,58218920,232,0,146316,0
1789427453899381831,58216172,28,0,146316,0
1789427454928588863,58214808,72,0,146316,0
1789427455959178439,58214828,92,0,146316,0
1789427456989016804,58214040,224,0,146316,0
1789427458019634432,58215112,240,0,146316,0
1789427459050345658,58214452,24,0,146316,0
1789427460080878719,58212708,60,0,146316,0
1789427461111362585,58213300,80,0,146316,0
1789427462141299465,58213376,212,0,146316,0
1789427463171337451,58215768,228,0,146316,0
1789427464201874735,58215616,12,0,146316,0
1789427465232575183,58215452,68,0,146316,0
1789427466262998349,58213472,208,0,146316,0
1789427467292583436,58214748,236,0,146316,0
1789427468318971226,58214532,260,0,146316,0
1789427469345251238,58215564,12,0,146316,0
1789427470371314442,58217100,68,0,146316,0
1789427471396901020,58217172,204,0,146316,0
1789427472423142652,58217004,220,0,146316,0
1789427473449299634,58215760,232,0,146316,0
1789427474475446889,58214788,28,0,146316,0
1789427475501574253,58215596,64,0,146316,0
1789427476528162167,58215120,180,0,146316,0
1789427477554766566,58214392,208,0,146316,0
1789427478584159732,58212936,228,0,146316,0
1789427479613709829,58214488,248,0,146316,0
1789427480641277153,58213044,72,0,146316,0
1789427481669973898,58212620,88,0,146316,0
1789427482696808870,58212732,216,0,146316,0
1789427483725416642,58212848,236,0,146316,0
1789427484754338319,58215664,20,56,146316,0
1789427485783675438,58218252,68,0,146316,0
1789427486813199459,58219572,84,0,146316,0
1789427487841163128,58218896,212,0,146316,0
1789427488870865902,58217404,224,0,146316,0
1789427489900372839,58218964,16,0,146316,0
1789427490929710828,58216760,64,0,146316,0
1789427491959340676,58217076,216,0,146316,0
1789427492986970397,58216836,232,0,146316,0
1789427494015895170,58216192,248,0,146316,0
1789427495044455894,58217216,0,0,146316,0
1789427496074689069,58217768,68,0,146316,0
1789427497104439172,58217572,184,0,146316,0
1789427498133143002,58217916,204,0,146316,0
1789427499162550905,58215456,224,0,146316,0
1789427500190375595,58217292,0,56,146316,0
1789427501221006761,58216904,68,0,146316,0
1789427502250850714,58215468,188,0,146316,0
1789427503280643501,58216024,208,0,146316,0
1789427504308921332,58217332,232,0,146316,0
1789427505335792514,58216096,248,0,146316,0
1789427506362333226,58214872,168,0,146316,0
1789427507388911100,58214660,180,0,146316,0
1789427508415954726,58214996,208,0,146316,0
1789427509442637434,58215276,212,0,146316,0
1789427510469433956,58215620,176,4,146316,0
1789427511499173838,58215960,184,0,146316,0
1789427512529390482,58215800,204,0,146316,0
1789427513559396027,58216648,220,0,146316,0
1789427514589673024,58216492,240,0,146316,0
1789427515619615012,58218600,0,0,146316,0
1789427516649534103,58219640,172,0,146316,0
1789427517680369064,58221180,192,0,146316,0
1789427518710666713,58221988,204,0,146316,0
1789427519740758526,58223052,224,0,146316,0
1789427520770807689,58224404,0,68,146316,0
1789427521800587373,58223940,164,0,146316,0
1789427522830660616,58223996,184,0,146316,0
1789427523860996497,58224292,204,0,146316,0
1789427524890669439,58224684,212,0,146316,0
1789427525920963606,58224008,4,104,146316,0
1789427526950747275,58223820,164,0,146316,0
1789427527979716535,58222896,184,0,146316,0
1789427529007135503,58222960,200,0,146316,0
1789427530037344741,58223008,216,0,146316,0
1789427531067683233,58223308,4,0,146316,0
1789427532097819540,58224900,180,0,146316,0
1789427533126879271,58224728,208,0,146316,0
1789427534153495382,58223796,220,0,146316,0
1789427535180064320,58224108,240,0,146316,0
1789427536206143140,58224192,260,0,146316,0
1789427537232812430,58224756,36,0,146316,0
1789427538259445960,58225056,76,0,146316,0
1789427539285375619,58224816,88,0,146316,0
1789427540311468943,58223900,108,0,146316,0
1789427541337136985,58223432,260,0,146316,0
1789427542363712084,58223072,56,0,146316,0
1789427543394531390,58222640,88,0,146316,0
1789427544424218830,58222196,96,0,146316,0
1789427545454462962,58222276,112,0,146316,0
1789427546484337408,58219344,236,0,146316,0
1789427547513537704,58219676,56,0,146316,0
1789427548544008961,58220512,76,0,146316,0
1789427549573882511,58222560,96,0,146316,0
1789427550601937829,58221128,112,0,146316,0
1789427551632024781,58220388,240,0,146316,0
1789427552662021389,58220944,40,0,146316,0
1789427553691810392,58220288,76,0,146316,0
1789427554722538376,58221608,84,0,146316,0
1789427555752707431,58220644,108,0,146316,0
1789427556780485862,58219412,136,0,146316,0
1789427557811007013,58218348,48,0,146316,0
1789427558841222645,58217912,80,0,146316,0
1789427559868035535,58217200,92,0,146316,0
1789427560898040293,58216856,100,0,146316,0
1789427561925238773,58214912,0,0,146316,0
1789427562953038030,58214692,72,0,146316,0
1789427563983507091,58213736,84,0,146316,0
1789427565013858912,58214264,96,0,146316,0
1789427566042767851,58216596,112,0,146316,0
1789427567072361682,58215148,232,0,146316,0
1789427568101252162,58214660,68,0,146316,0
1789427569127327206,58213228,80,0,146316,0
1789427570153027085,58212100,100,0,146316,0
1789427571179425995,58212164,128,0,146316,0
1789427572205068475,58213988,252,0,146316,0
1789427573231374028,58214272,60,0,146316,0
1789427574258879554,58215312,80,0,146316,0
1789427575289776587,58215080,100,0,146316,0
1789427576320722570,58215112,212,0,146316,0
1789427577351242601,58213408,8,48,146316,0
1789427578382019708,58214480,68,0,146316,0
1789427579412773603,58217092,80,0,146316,0
1789427580443002772,58217160,96,0,146316,0
1789427581473207579,58216264,232,0,146316,0
1789427582503468462,58216356,4,76,146316,0
1789427583533379361,58218436,48,0,146316,0
1789427584562119772,58218736,76,0,146316,0
1789427585591073771,58219840,96,0,146316,0
1789427586616689048,58219116,220,0,146316,0
1789427587645650215,58218440,240,0,146316,0
1789427588675237445,58218972,48,0,146316,0
1789427589705303456,58220336,84,0,146316,0
1789427590735196629,58221896,96,0,146316,0
1789427591765649964,58221460,228,0,146316,0
1789427592795932935,58220492,8,0,146316,0
1789427593826566273,58219532,60,0,146316,0
1789427594857061549,58218288,68,0,146316,0
1789427595886311852,58218868,100,0,146316,0
1789427596913297645,58218620,104,0,146316,0
1789427597939752331,58218208,12,0,146316,0
1789427598966489015,58217484,72,0,146316,0
1789427599993181563,58215748,84,0,146316,0
1789427601019934528,58217528,100,0,146316,0
1789427602047209346,58217568,232,0,146316,0
1789427603077505352,58219136,0,0,146316,0
1789427604108282890,58220484,52,0,146316,0
1789427605138916482,58220540,76,0,146316,0
1789427606170040618,58216812,92,0,146316,0
1789427607200653006,58216332,220,0,146316,0
1789427608231461309,58218620,236,0,146316,0
1789427609261791006,58216876,64,0,146316,0
1789427610292267300,58218472,88,0,146316,0
1789427611322805002,58217260,200,0,146316,0
1789427612353129947,58215604,228,0,146316,0
1789427613383024100,58216628,240,0,146316,0
1789427614412859350,58217904,60,0,146316,0
1789427615442633775,58216948,72,0,146316,0
1789427616472599550,58216236,200,0,146316,0
1789427617502662413,58217820,216,0,146316,0
1789427618532699781,58219912,228,0,146316,0
1789427619562985388,58218964,68,0,146316,0
1789427620593071074,58217764,88,0,146316,0
1789427621622785736,58216836,212,0,146316,0
1789427622652613428,58216620,224,0,146316,0
1789427623682191763,58216200,260,0,146316,0
1789427624709540521,58218544,64,0,146316,0
1789427625736095265,58218848,76,0,146316,0
1789427626762681661,58218652,96,0,146316,0
1789427627789402508,58218204,216,0,146316,0
1789427628816319528,58217716,4,24,146316,0
1789427629843497452,58216068,60,0,146316,0
1789427630874207008,58219916,88,0,146316,0
1789427631904543276,58219468,224,0,146316,0
1789427632934765419,58219992,248,0,146316,0
1789427633965246846,58221276,8,0,146316,0
1789427634995593136,58221544,60,0,146316,0
1789427636026376818,58222104,80,0,146316,0
1789427637057194609,58223384,212,0,146316,0
1789427638087477710,58223656,232,0,146316,0
1789427639117706175,58222444,184,0,146316,0
1789427640148401548,58222528,68,0,146316,0
1789427641179092206,58221540,84,0,146316,0
1789427642209917155,58220560,208,0,146316,0
1789427643241097689,58220136,224,0,146316,0
1789427644271550895,58221436,248,0,146316,0
1789427645302432568,58220284,60,0,146316,0
1789427646333118034,58221308,184,0,146316,0
1789427647363191094,58221620,204,0,146316,0
1789427648393968197,58221148,220,0,146316,0
1789427649424942985,58220180,232,0,146316,0
1789427650455409273,58218216,60,0,146316,0
1789427651486546454,58220792,208,0,146316,0
1789427652516515256,58222568,220,0,146316,0
1789427653543243697,58223108,240,0,146316,0
1789427654570026486,58222624,0,80,146316,0
1789427655597176892,58222176,60,0,146316,0
1789427656624051724,58221212,184,0,146316,0
1789427657651253815,58221752,196,0,146316,0
1789427658680905099,58223784,212,0,146316,0
1789427659711164179,58221508,224,0,146316,0
1789427660741929055,58220844,64,0,146316,0
1789427661771903834,58219396,200,0,146316,0
1789427662802752113,58218416,220,0,146316,0
1789427663833482370,58217224,240,0,146316,0
1789427664863900911,58217272,260,0,146316,0
1789427665894824584,58221608,64,0,146316,0
1789427666926134280,58220656,196,0,146316,0
1789427667956384046,58219992,208,0,146316,0
1789427668986896271,58218804,224,0,146316,0
1789427670017147842,58217824,92,24,146316,0
1789427671046663248,58216392,64,0,146316,0
1789427672076224937,58215400,188,0,146316,0
1789427673106894067,58214744,208,0,146316,0
1789427674137627450,58215584,224,0,146316,0
1789427675168868696,58214876,0,0,146316,0
1789427676198894642,58215428,64,0,146316,0
1789427677230097386,58215000,204,0,146316,0
1789427678259862773,58214568,224,0,146316,0
1789427679290877392,58214392,244,0,146316,0
1789427680320386460,58214240,264,0,146316,0
1789427681346166884,58214560,156,0,146316,0
1789427682371754422,58214352,180,0,146316,0
1789427683397346395,58214672,188,0,146316,0
1789427684423165102,58214456,212,0,146316,0
1789427685450174509,58213752,232,0,146316,0
1789427686477247599,58216548,36,0,146316,0
1789427687504164118,58216320,180,0,146316,0
1789427688530933069,58215584,196,0,146316,0
1789427689557357869,58214868,216,0,146316,0
1789427690584507384,58214640,228,0,146316,0
1789427691611407877,58213224,124,0,146316,0
1789427692638387256,58213452,188,0,146316,0
1789427693665213266,58214240,196,0,146316,0
1789427694691807682,58216344,224,0,146316,0
1789427695717947924,58216872,228,0,146316,0
1789427696744081278,58216644,368,0,146316,0
1789427697770613308,58217228,196,0,146316,0
1789427698797303372,58220060,216,0,146316,0
1789427699823605282,58219836,224,0,146316,0
1789427700850197674,58220108,252,0,146316,0
1789427701875658869,58219180,200,0,146316,0
1789427702901824271,58219240,384,0,146316,0
1789427703928912873,58219036,404,0,146316,0
1789427704955371845,58220608,420,0,146316,0
1789427705982087188,58221440,436,0,146316,0
1789427707008481603,58220768,24,0,146316,0
1789427708034869088,58219828,64,0,146316,0
1789427709061657899,58218396,76,0,146316,0
1789427710088453982,58219720,92,0,146316,0
1789427711115306078,58221812,104,0,146316,0
1789427712142278781,58221600,12,0,146316,0
1789427713169214905,58222176,76,0,146316,0
1789427714196616520,58221984,84,0,146316,0
1789427715226784181,58221016,104,0,146316,0
1789427716254492166,58220300,124,0,146316,0
1789427717281351297,58221088,256,0,146316,0
1789427718308953290,58221120,68,0,146316,0
1789427719339103266,58220880,76,0,146316,0
1789427720369247552,58220160,100,0,146316,0
1789427721395960132,58219456,120,0,146316,0
1789427722422552916,58220028,244,0,146316,0
1789427723450309621,58221084,44,0,146316,0
1789427724480880264,58221660,80,0,146316,0
1789427725508532728,58218460,92,0,146316,0
1789427726535284121,58219576,116,0,146316,0
1789427727562324640,58219140,256,0,146316,0
1789427728590178769,58218400,44,0,146316,0
1789427729619688157,58219680,64,0,146316,0
1789427730646407512,58221724,88,0,146316,0
1789427731672536505,58221992,100,0,146316,0
1789427732699251802,58221016,0,0,146316,0
1789427733728963649,58220064,52,0,146316,0
1789427734759404719,58220348,80,0,146316,0
1789427735786060953,58221632,104,0,146316,0
1789427736812253836,58219896,116,0,146316,0
1789427737839450234,58219424,128,4,146316,0
1789427738869644450,58219488,64,0,146316,0
1789427739899338100,58219260,84,0,146316,0
1789427740925114812,58219528,92,0,146316,0
1789427741952075149,58219304,220,0,146316,0
1789427742980022488,58219132,4,0,146316,0
1789427744010007738,58219448,64,0,146316,0
1789427745037658777,58219468,84,0,146316,0
1789427746064751147,58222812,96,0,146316,0
1789427747092406084,58223372,244,0,146316,0
1789427748121859368,58223184,268,0,146316,0
1789427749151994667,58221444,64,0,146316,0
1789427750178936745,58222052,80,0,146316,0
1789427751205804087,58222368,92,0,146316,0
1789427752233196871,58225960,236,0,146316,0
1789427753264943931,58224780,248,0,146316,0
1789427754294712392,58224100,76,0,146316,0
1789427755321334449,58223432,88,0,146316,0
1789427756348153105,58223476,112,0,146316,0
1789427757374805053,58222248,232,0,146316,0
1789427758401415929,58223184,252,0,146316,0
1789427759428514919,58224244,32,0,146316,0
1789427760454406443,58225288,72,0,146316,0
1789427761481801698,58224796,92,0,146316,0
1789427762510290382,58224064,92,0,146316,0
1789427763539892137,58223852,244,0,146316,0
1789427764566689042,58223620,48,0,146316,0
1789427765593257541,58223672,72,0,146316,0
1789427766620996597,58226724,84,0,146316,0
1789427767651321881,58226308,220,0,146316,0
1789427768681447970,58226356,248,0,146316,0
1789427769708866197,58226648,36,104,146316,0
1789427770734701167,58224692,64,0,146316,0
1789427771760920026,58224496,92,0,146316,0
1789427772786582857,58223324,1104,0,146316,0
1789427773813117999,58222900,1316,0,146316,0
1789427774838815002,58222968,12,0,146316,0
1789427775864677861,58223528,64,0,146316,0
1789427776890249557,58224332,88,0,146316,0
1789427777916822416,58223396,208,0,146316,0
1789427778943148429,58223732,232,0,146316,0
1789427779968539226,58224752,32,0,146316,0
1789427780994241256,58226280,68,0,146316,0
1789427782020442922,58225076,88,0,146316,0
1789427783046646969,58224356,204,0,146316,0
1789427784072220620,58223356,220,0,146316,0
1789427785097446917,58222396,24,0,146316,0
1789427786123354401,58225736,72,0,146316,0
1789427787149183864,58224780,84,0,146316,0
1789427788175151748,58224064,212,0,146316,0
1789427789200764969,58223356,236,0,146316,0
1789427790226943560,58221216,24,0,146316,0
1789427791253596691,58221524,72,0,146316,0
1789427792279698467,58220572,212,0,146316,0
1789427793306130072,58221148,212,0,146316,0
1789427794332311965,58221192,236,0,146316,0
1789427795358461407,58223476,24,0,146316,0
1789427796384762522,58222740,76,0,146316,0
1789427797410854835,58223284,80,0,146316,0
1789427798437049466,58221584,220,0,146316,0
1789427799463510522,58224376,228,0,146316,0
1789427800489719689,58224216,268,0,146316,0
1789427801515954506,58222728,64,0,146316,0
1789427802541959411,58222520,80,0,146316,0
1789427803567866685,58222052,200,0,146316,0
1789427804594004310,58223592,220,0,146316,0
1789427805620208408,58223864,4,56,146316,0
1789427806646160727,58223448,72,0,146316,0
1789427807672282827,58224988,200,0,146316,0
1789427808698059631,58222976,204,0,146316,0
1789427809724256543,58222508,228,0,146316,0
1789427810750485073,58223276,0,0,146316,0
1789427811778044438,58221036,56,0,146316,0
1789427812804863477,58220820,184,0,146316,0
1789427813832299080,58220852,208,0,146316,0
1789427814860320488,58221876,216,0,146316,0
1789427815886380657,58220908,0,0,146316,0
1789427816913422785,58220428,60,0,146316,0
1789427817942677778,58219464,208,0,146316,0
1789427818968587460,58219780,220,0,146316,0
1789427819995454101,58217336,244,0,146316,0
1789427821024926350,58216372,8,0,146316,0
1789427822051446400,58216920,252,0,146316,0
1789427823078232243,58214444,408,0,146316,0
1789427824105772698,58214476,420,0,146316,0
1789427825132390748,58214304,440,0,146316,0
1789427826159150734,58217892,468,0,146316,0
1789427827187250742,58217696,56,0,146316,0
1789427828213909791,58216468,200,0,146316,0
1789427829240878741,58215780,216,0,146316,0
1789427830270099379,58216828,228,0,146316,0
1789427831297256833,58218140,12,48,146316,0
1789427832323629830,58218684,160,0,146316,0
1789427833351063504,58218756,180,0,146316,0
1789427834378676513,58218816,204,0,146316,0
1789427835405464823,58217844,216,0,146316,0
1789427836432982435,58218372,88,0,146316,0
1789427837462228088,58217688,52,0,146316,0
1789427838488866453,58219008,196,0,146316,0
1789427839515736017,58218780,200,0,146316,0
1789427840545580098,58219400,228,0,146316,0
1789427841572063229,58219708,4,0,146316,0
1789427842599251120,58219520,60,0,146316,0
1789427843629014112,58218536,172,0,146316,0
1789427844655564108,58219388,200,0,146316,0
1789427845682743330,58218392,208,0,146316,0
1789427846712386085,58217172,224,0,146316,0
1789427847738518786,58215952,168,0,146316,0
1789427848765429870,58216740,188,0,146316,0
1789427849794026583,58216820,208,0,146316,0
1789427850821233104,58215824,224,0,146316,0
1789427851848011887,58216096,84,0,146316,0
1789427852875340117,58214436,168,0,146316,0
1789427853904838690,58215756,180,0,146316,0
1789427854931368545,58216164,372,0,146316,0
1789427855958408164,58214732,392,0,146316,0
1789427856987931364,58214032,424,0,146316,0
1789427858014504770,58213584,312,0,146316,0
1789427859041728925,58213684,340,0,146316,0
1789427860071576121,58212784,352,0,146316,0
1789427861098278042,58212108,368,0,146316,0
1789427862125985534,58213460,392,0,146316,0
1789427863155722116,58213276,180,0,146316,0
1789427864182600506,58213576,216,0,146316,0
1789427865209943891,58212876,228,0,146316,0
1789427866239291219,58212952,244,0,146316,0
1789427867265816876,58214508,256,0,146316,0
1789427868292683651,58214844,52,0,146316,0
1789427869318390136,58215144,72,0,146316,0
1789427870345191944,58214732,92,0,146316,0
1789427871371673762,58214784,112,0,146316,0
1789427872399313530,58216328,232,0,146316,0
1789427873427475655,58217388,28,0,146316,0
1789427874454168740,58217924,80,0,146316,0
1789427875480837584,58219720,96,0,146316,0
1789427876507317966,58221532,116,0,146316,0
1789427877533885903,58221812,136,0,146316,0
1789427878560202820,58222096,216,4,146316,0
1789427879586473267,58220124,60,0,146316,0
1789427880614514236,58221408,88,0,146316,0
1789427881645032030,58221932,104,0,146316,0
1789427882675053049,58220260,224,0,146316,0
1789427883704959501,58219616,20,76,146316,0
1789427884734936107,58215136,56,0,146316,0
1789427885765374330,58215944,80,0,146316,0
1789427886794936037,58216020,100,0,146316,0
1789427887825187608,58214016,112,0,146316,0
1789427888855215350,58212940,264,0,146316,0
1789427889884959566,58211988,72,0,146316,0
1789427890914937562,58211768,88,0,146316,0
1789427891945061663,58210052,96,0,146316,0
1789427892974911554,58210352,224,0,146316,0
1789427894005158041,58212388,4,0,146316,0
1789427895035431099,58213420,68,0,146316,0
1789427896065383949,58215268,80,0,146316,0
1789427897095071587,58216804,100,0,146316,0
1789427898125217181,58217344,224,0,146316,0
1789427899155088866,58218164,248,0,146316,0
1789427900185051837,58217724,56,0,146316,0
1789427901215258986,58219284,80,0,146316,0
1789427902244918224,58219132,96,0,146316,0
1789427903284771583,58217908,212,0,146316,0
1789427904310819949,58218428,16,0,146316,0
1789427905337288445,58217204,72,0,146316,0
1789427906363668265,58216240,92,0,146316,0
1789427907389551505,58215552,108,0,146316,0
1789427908416542476,58215124,240,0,146316,0
1789427909446287923,58213876,0,0,146316,0
1789427910476547421,58216176,72,0,146316,0
1789427911506324582,58217216,84,0,146316,0
1789427912536871244,58216480,216,0,146316,0
1789427913566778257,58217784,236,0,146316,0
1789427914597288378,58217572,236,0,146316,0
1789427915627554152,58217348,52,0,146316,0
1789427916657928447,58216896,72,0,146316,0
1789427917688134224,58218948,192,0,146316,0
1789427918718167756,58219720,324,0,146316,0
1789427919748275287,58219288,356,0,146316,0
1789427920778362027,58220112,16,0,146316,0
1789427921808166523,58217620,48,0,146316,0
1789427922838549627,58219440,228,0,146316,0
1789427923868787898,58220236,240,0,146316,0
1789427924899226745,58219056,252,0,146316,0
1789427925929252044,58218832,20,0,146316,0
1789427926958974004,58219132,72,0,146316,0
1789427927988988788,58217996,200,0,146316,0
1789427929019284349,58217012,212,0,146316,0
1789427930048736294,58216068,244,0,146316,0
1789427931075587980,58217336,16,0,146316,0
1789427932101873554,58218368,68,0,146316,0
1789427933128724640,58218632,212,0,146316,0
1789427934155761503,58219668,224,0,146316,0
1789427935182639595,58217772,240,0,146316,0
1789427936210185739,58217540,20,0,146316,0
1789427937240490628,58217896,68,0,146316,0
1789427938282111026,58218488,192,0,146316,0
1789427939312696416,58217492,200,0,146316,0
1789427940342911814,58217048,220,0,146316,0
1789427941373006916,58215624,28,0,146316,0
1789427942402943380,58216652,76,0,146316,0
1789427943432839925,58214684,200,0,146316,0
1789427944462525655,58215224,216,0,146316,0
1789427945492286148,58214764,228,0,146316,0
1789427946522453033,58215084,128,0,146316,0
1789427947552352227,58214900,184,0,146316,0
1789427948582508921,58216452,204,0,146316,0
1789427949612747787,58215720,216,0,146316,0
1789427950642925511,58217772,240,0,146316,0
1789427951673079977,58218552,12,88,146316,0
1789427952702677707,58218416,68,0,146316,0
1789427953732821763,58219192,192,0,146316,0
1789427954762354336,58217492,212,0,146316,0
1789427955792754339,58217812,236,0,146316,0
1789427956822569507,58218144,12,0,146316,0
1789427957852787674,58216224,172,0,146316,0
1789427958882098000,58216764,192,0,146316,0
1789427959907901434,58216528,212,0,146316,0
1789427960933896294,58215836,228,0,146316,0
1789427961959759799,58214924,8,0,146316,0
1789427962985492923,58215228,180,0,146316,0
1789427964012105154,58214536,192,0,146316,0
1789427965042385074,58213856,208,0,146316,0
1789427966072259184,58213880,216,0,146316,0
1789427967101529490,58213184,376,0,146316,0
1789427968132004718,58213732,156,0,146316,0
1789427969160497366,58214812,324,0,146316,0
1789427970188805642,58214340,340,0,146316,0
1789427971217198640,58215672,380,0,146316,0
1789427972246909976,58214460,396,0,146316,0
1789427973276920071,58215508,44,0,146316,0
1789427974306767294,58213664,204,0,146316,0
1789427975337141225,58213200,280,0,146316,0
1789427976367247876,58213968,296,0,146316,0
1789427977397762028,58212840,0,0,146316,0
1789427978428715981,58212376,64,0,146316,0
1789427979459002564,58215688,200,0,146316,0
1789427980488785823,58214440,212,0,146316,0
1789427981518923192,58213480,232,0,146316,0
1789427982548973456,58214276,240,0,146316,0
1789427983579608197,58215144,64,0,146316,0
1789427984610052554,58214404,84,0,146316,0
1789427985640315241,58213232,280,0,146316,0
1789427986670172039,58213008,296,0,146316,0
1789427987696904398,58211728,428,0,146316,0
1789427988723362935,58210272,44,0,146316,0
1789427989749549409,58214968,224,0,146316,0
1789427990776054867,58213988,228,0,146316,0
1789427991802508702,58214524,252,0,146316,0
1789427992829732603,58213556,0,0,146316,0
1789427993859609351,58213616,48,0,146316,0
1789427994890230461,58212924,72,0,146316,0
1789427995920802149,58211720,84,0,146316,0
1789427996950970897,58213812,236,0,146316,0
1789427997981193117,58212580,0,0,146316,0
1789427999010679702,58212372,68,0,146316,0
1789428000040599574,58214176,208,0,146316,0
1789428001070981635,58213964,220,0,146316,0
1789428002101352547,58215884,268,0,146316,0
1789428003131604771,58216472,284,0,146316,0
1789428004161900631,58217024,40,0,146316,0
1789428005192346108,58216336,72,0,146316,0
1789428006223366639,58217376,92,0,146316,0
1789428007254065338,58216500,224,0,146316,0
1789428008284075228,58215084,236,0,146316,0
1789428009313579478,58215688,44,0,146316,0
1789428010343644053,58215996,324,0,146316,0
1789428011374096152,58215288,348,0,146316,0
1789428012404487824,58214828,396,0,146316,0
1789428013435137624,58215388,428,0,146316,0
1789428014465090455,58215156,40,0,146316,0
1789428015491809696,58213928,220,0,146316,0
1789428016518255390,58215504,232,0,146316,0
1789428017544386315,58214760,256,0,146316,0
1789428018571060412,58214052,256,0,146316,0
1789428019597985446,58211568,40,0,146316,0
1789428020624841248,58212116,312,0,146316,0
1789428021654994470,58212928,344,0,146316,0
1789428022685314577,58213216,356,0,146316,0
1789428023715599881,58214784,400,0,146316,0
1789428024745964006,58218348,320,0,146316,0
1789428025776549612,58216372,348,0,146316,0
1789428026806464100,58216396,360,0,146316,0
1789428027836844613,58216988,376,0,146316,0
1789428028866980868,58215784,388,0,146316,0
1789428029896764234,58216312,192,4,146316,0
1789428030926982253,58217136,172,0,146316,0
1789428031957278528,58216432,192,0,146316,0
1789428032988379287,58215560,344,0,146316,0
1789428034019046024,58216336,396,0,146316,0
1789428035049103618,58216876,144,0,146316,0
1789428036079267526,58217692,308,0,146316,0
1789428037109710427,58219748,324,0,146316,0
1789428038140624953,58219552,340,0,146316,0
1789428039171163444,58219324,360,0,146316,0
1789428040202006234,58220108,132,0,146316,0
1789428041232657085,58219168,200,0,146316,0
1789428042263766491,58218496,216,0,146316,0
1789428043292133939,58217016,240,0,146316,0
1789428044318935847,58216784,248,0,146316,0
1789428045345529485,58216096,152,80,146316,0
1789428046372631799,58216124,320,0,146316,0
1789428047398640892,58216968,340,0,146316,0
1789428048425906677,58219508,380,0,146316,0
1789428049456673991,58218580,400,0,146316,0
1789428050487039757,58217592,160,0,146316,0
1789428051517687792,58218160,200,0,146316,0
1789428052548037560,58219200,212,0,146316,0
1789428053578550834,58219752,228,0,146316,0
1789428054609135607,58219324,252,0,146316,0
1789428055639240274,58220600,140,0,146316,0
1789428056669602566,58219620,196,0,146316,0
1789428057699930488,58219180,220,0,146316,0
1789428058730287334,58221260,360,0,146316,0
1789428059760424632,58221056,388,0,146316,0
1789428060791061839,58218828,28,0,146316,0
1789428061821909369,58219356,68,0,146316,0
1789428062852263657,58219376,92,0,146316,0
1789428063882623598,58218684,104,0,146316,0
1789428064913172392,58218448,120,0,146316,0
1789428065943544557,58218520,16,0,146316,0
1789428066973672888,58220320,64,0,146316,0
1789428068003553187,58219828,216,0,146316,0
1789428069033632960,58221132,236,0,146316,0
1789428070063163283,58221248,284,0,146316,0
1789428071090505550,58220792,4,0,146316,0
1789428072120150779,58221708,188,0,146316,0
1789428073149785440,58222480,200,0,146316,0
1789428074179536760,58220004,224,0,146316,0
1789428075209540822,58220004,228,0,146316,0
1789428076239216386,58219852,0,0,146316,0
1789428077269235611,58220192,64,0,146316,0
1789428078299136198,58219204,72,0,146316,0
1789428079329222116,58220524,232,0,146316,0
1789428080358905601,58219816,360,0,146316,0
1789428081388352252,58219132,0,76,146316,0
1789428082418184344,58218932,44,0,146316,0
1789428083448225171,58220776,88,0,146316,0
1789428084477806219,58220924,228,0,146316,0
1789428085507077690,58219984,368,0,146316,0
1789428086533539514,58219804,12,0,146316,0
1789428087560469516,58218844,48,0,146316,0
1789428088586746277,58218892,76,0,146316,0
1789428089613485066,58217936,84,0,146316,0
1789428090640177355,58217456,208,0,146316,0
1789428091667457245,58216496,4,0,146316,0
1789428092697583547,58217072,176,0,146316,0
1789428093727857407,58217148,196,0,146316,0
1789428094757816024,58217764,244,0,146316,0
1789428095787652644,58219360,388,0,146316,0
1789428096818013209,58220428,408,0,146316,0
1789428097848402080,58219956,52,0,146316,0
1789428098878721534,58219032,76,0,146316,0
1789428099908929458,58218100,88,0,146316,0
1789428100939259854,58218480,212,0,146316,0
1789428101969008536,58219788,360,0,146316,0
1789428102998726753,58219572,56,0,146316,0
1789428104029111597,58220636,84,0,146316,0
1789428105059282558,58220908,232,0,146316,0
1789428106090098150,58223252,388,0,146316,0
1789428107119721638,58223048,408,0,146316,0
1789428108150438456,58223068,24,0,146316,0
1789428109181231847,58222628,68,0,146316,0
1789428110211734602,58222680,80,0,146316,0
1789428111242393696,58222972,208,0,146316,0
1789428112273311444,58223812,228,0,146316,0
1789428113303647307,58224104,172,0,146316,0
1789428114333510537,58224972,228,0,146316,0
1789428115360808748,58224312,6324,0,146316,0
1789428116387769709,58228012,6512,0,146316,0
1789428117414579046,58228216,6544,0,146316,0
1789428118441087431,58224212,2164,0,146316,0
1789428119468320283,58223416,2192,0,146316,0
1789428120495656061,58223744,10516,0,146316,0
1789428121526657577,58223000,10532,0,146316,0
1789428122557349163,58221820,10548,0,146316,0
1789428123588237325,58222672,3732,0,146316,0
1789428124618112428,58222944,3788,0,146316,0
1789428125649038372,58225872,3832,0,146316,0
1789428126679436852,58225160,3856,0,146316,0
1789428127710867420,58223744,3896,0,146316,0
1789428128741396398,58223792,3908,0,146316,0
1789428129772294403,58222564,3920,0,146316,0
1789428130803082465,58221828,3932,0,146316,0
1789428131833471497,58222904,3956,0,146316,0
1789428132864113389,58222172,3972,0,146316,0
1789428133893981174,58220760,476,0,146316,0
1789428134922992248,58221380,68,0,146316,0
1789428135952058696,58222568,400,0,146316,0
1789428136981904611,58221644,420,0,146316,0
1789428138012308780,58222924,428,0,146316,0
1789428139042876359,58222448,28,0,146316,0
1789428140073381966,58223320,68,0,146316,0
1789428141103965597,58224860,324,0,146316,0
1789428142134929640,58226648,340,0,146316,0
1789428143164653342,58226680,360,0,146316,0
1789428144191734983,58226200,24,0,146316,0
1789428145218327625,58226244,60,0,146316,0
1789428146245086040,58226284,332,0,146316,0
1789428147271793870,58226844,404,0,146316,0
1789428148298632659,58226428,416,0,146316,0
1789428149329411614,58225184,152,0,146316,0
1789428150360226860,58226740,320,0,146316,0
1789428151391169848,58225624,352,0,146316,0
1789428152422090811,58225188,368,0,146316,0
1789428153453075029,58226756,396,0,146316,0
1789428154483887613,58226804,28,0,146316,0
1789428155515062860,58226884,200,0,146316,0
1789428156546233890,58225172,220,0,146316,0
1789428157577246556,58224272,428,0,146316,0
1789428158606977718,58224340,440,0,146316,0
1789428159638124523,58223368,52,244,146316,0
1789428160668315289,58223664,340,0,146316,0
1789428161699033440,58223772,356,0,146316,0
1789428162730609494,58223564,392,0,146316,0
1789428163761806355,58223592,404,0,146316,0
1789428164792496483,58221920,440,0,146316,0
1789428165823049831,58226788,196,0,146316,0
1789428166854308712,58228104,212,0,146316,0
1789428167885820854,58228448,236,0,146316,0
1789428168916677147,58228508,376,0,146316,0
1789428169946732980,58226024,12,0,146316,0
1789428170976148316,58227604,188,0,146316,0
1789428172002879074,58225296,336,0,146316,0
1789428173029221010,58227332,352,0,146316,0
1789428174053476394,58225840,372,0,146316,0
1789428175079987184,58224060,0,0,146316,0
1789428176107101622,58224140,180,0,146316,0
1789428177135334885,58227004,200,0,146316,0
1789428178165947422,58227336,216,0,146316,0
1789428179197049385,58226948,232,0,146316,0
1789428180226726623,58226308,0,316,146316,0
1789428181257237356,58224108,348,0,146316,0
1789428182287899017,58222888,372,0,146316,0
1789428183318147228,58222216,412,0,146316,0
1789428184346177534,58222792,436,0,146316,0
1789428185377248816,58223900,140,0,146316,0
1789428186408522426,58225724,200,0,146316,0
1789428187439200442,58224548,212,0,146316,0
1789428188470344804,58224084,240,0,146316,0
1789428189501134881,58223692,248,0,146316,0
1789428190531701415,58223724,280,0,146316,0
1789428191563256630,58223036,60,0,146316,0
1789428192593926641,58223100,260,0,146316,0
1789428193625174869,58222688,272,0,146316,0
1789428194656337866,58221768,316,0,146316,0
1789428195687206094,58221840,0,0,146316,0
1789428196718673745,58222896,64,0,146316,0
1789428197750344636,58223992,84,0,146316,0
1789428198781003994,58223576,100,0,146316,0
1789428199808459686,58224892,112,0,146316,0
1789428200835398511,58225212,260,0,146316,0
1789428201862285161,58224260,52,0,146316,0
1789428202889414324,58223384,264,0,146316,0
1789428203916815018,58224196,276,0,146316,0
1789428204945431149,58227876,312,0,146316,0
1789428205977604206,58228704,472,0,146316,0
1789428207008666023,58229796,64,0,146316,0
1789428208040113545,58230332,80,0,146316,0
1789428209069662734,58227892,104,0,146316,0
1789428210098559841,58226740,124,0,146316,0
1789428211128161800,58228800,244,0,146316,0
1789428212158723023,58228164,64,0,146316,0
1789428213190909643,58230012,216,0,146316,0
1789428214222762671,58230372,280,0,146316,0
1789428215253262703,58229700,308,0,146316,0
1789428216284955768,58229764,0,0,146316,0
1789428217312864737,58229104,60,0,146316,0
1789428218344229784,58227912,80,0,146316,0
1789428219375977386,58227688,100,0,146316,0
1789428220407612370,58226204,108,0,146316,0
1789428221439552730,58226064,264,0,146316,0
1789428222469853266,58225084,56,0,146316,0
1789428223499959853,58224672,76,0,146316,0
1789428224529878568,58224976,228,0,146316,0
1789428225560012228,58223792,396,0,146316,0
1789428226590002105,58224696,444,0,146316,0
1789428227615334564,58227228,44,0,146316,0
1789428228641940272,58227644,200,0,146316,0
1789428229668647583,58226904,200,0,146316,0
1789428230694935161,58226188,368,0,146316,0
1789428231720771042,58226724,376,0,146316,0
1789428232747069360,58226268,64,0,146316,0
1789428233776718528,58225568,76,0,146316,0
1789428234806583876,58224352,88,0,146316,0
1789428235836481573,58222636,380,0,146316,0
1789428236867312760,58223172,8,80,146316,0
1789428237897506694,58223016,192,0,146316,0
1789428238928053594,58223824,204,0,146316,0
1789428239957727751,58224116,244,0,146316,0
1789428240987801556,58224904,388,0,146316,0
1789428242017984120,58226704,4,0,146316,0
1789428243048274751,58225248,60,0,146316,0
1789428244078530380,58225832,80,0,146316,0
1789428245108645514,58228148,96,0,146316,0
1789428246137865852,58226472,204,0,146316,0
1789428247166564799,58226244,160,40,146316,0
1789428248193318603,58225032,232,0,146316,0
1789428249222797300,58224452,268,0,146316,0
1789428250252738499,58225224,276,0,146316,0
1789428251292885630,58226520,436,0,146316,0
1789428252322691379,58226820,12,256,146316,0
1789428253352215358,58225848,64,0,146316,0
1789428254382227929,58224900,88,0,146316,0
1789428255411587126,58223468,240,0,146316,0
1789428256438356734,58221484,264,0,146316,0
1789428257464802823,58220784,272,0,146316,0
1789428258491012190,58221064,192,0,146316,0
1789428259517183288,58223092,252,0,146316,0
1789428260543375082,58222656,284,0,146316,0
1789428261572833410,58221976,436,0,146316,0
1789428262602960037,58222520,0,0,146316,0
1789428263633245258,58222572,56,0,146316,0
1789428264663275167,58221828,76,0,146316,0
1789428265693050786,58225132,212,0,146316,0
1789428266722679208,58224204,224,0,146316,0
1789428267752499513,58221988,12,32,146316,0
1789428268782948582,58220780,48,0,146316,0
1789428269813129599,58220544,208,0,146316,0
1789428270843145945,58220872,384,0,146316,0
1789428271873566731,58223412,408,0,146316,0
1789428272903035992,58225264,400,0,146316,0
1789428273932826454,58224580,64,0,146316,0
1789428274963427930,58225516,208,0,146316,0
1789428275993849304,58226076,344,0,146316,0
1789428277023985912,58225888,360,0,146316,0
1789428278053991028,58225160,4,0,146316,0
1789428279084026192,58224988,72,0,146316,0
1789428280114152851,58224044,88,0,146316,0
1789428281144497799,58223572,228,0,146316,0
1789428282174658239,58221048,244,0,146316,0
1789428283204415647,58220904,0,72,146316,0
1789428284230545494,58219692,192,0,146316,0
1789428285257320102,58219204,256,0,146316,0
1789428286297265064,58218740,384,0,146316,0
1789428287323704945,58219052,432,0,146316,0
1789428288350775023,58217400,436,0,146316,0
1789428289380315201,58218752,172,0,146316,0
1789428290410540245,58218080,196,0,146316,0
1789428291440619125,58217500,340,0,146316,0
1789428292470493915,58216612,388,0,146316,0
1789428293500529429,58216424,460,0,146316,0
1789428294530638513,58214472,68,0,146316,0
1789428295560504322,58215052,308,0,146316,0
1789428296590309107,58217976,356,0,146316,0
1789428297620837552,58220336,368,0,146316,0
1789428298650860468,58219392,356,0,146316,0
1789428299681047558,58217208,64,0,146316,0
1789428300710951551,58218052,224,0,146316,0
1789428301741868534,58218156,240,0,146316,0
1789428302772400690,58218244,468,0,146316,0
1789428303802602051,58218292,0,84,146316,0
1789428304833251219,58216592,52,0,146316,0
1789428305862609559,58215988,232,0,146316,0
1789428306892452547,58214856,372,0,146316,0
1789428307922059654,58216288,412,0,146316,0
1789428308952485701,58216832,0,0,146316,0
1789428309982827603,58219180,220,0,146316,0
1789428311012026678,58219772,252,0,146316,0
1789428312038817143,58219324,272,0,146316,0
1789428313065889743,58220132,280,0,146316,0
1789428314092599042,58218888,0,156,146316,0
1789428315119424568,58219320,204,0,146316,0
1789428316146116995,58218344,240,0,146316,0
1789428317172908409,58218144,256,0,146316,0
1789428318199645860,58219424,292,0,146316,0
1789428319225369516,58217748,432,0,146316,0
1789428320251547549,58217772,56,0,146316,0
1789428321278163037,58217808,80,0,146316,0
1789428322304804370,58217064,104,0,146316,0
1789428323330996375,58216428,124,0,146316,0
1789428324357791530,58217000,0,0,146316,0
1789428325384645152,58215964,14880,0,146316,0
1789428326411335452,58214796,14892,0,146316,0
1789428327437936679,58216104,14904,0,146316,0
1789428328464351655,58215372,14932,0,146316,0
1789428329490733608,58213664,328,0,146316,0
1789428330517167814,58213180,356,0,146316,0
1789428331543305895,58212712,372,0,146316,0
1789428332569612672,58212988,384,0,146316,0
1789428333596393916,58214036,404,0,146316,0
1789428334622985417,58214300,404,0,146316,0
1789428335649226018,58214844,436,0,146316,0
1789428336675674014,58214852,440,0,146316,0
1789428337702921136,58214680,516,0,146316,0
1789428338732710540,58214448,544,0,146316,0
1789428339762710955,58213748,568,0,146316,0
1789428340792182094,58216564,84,0,146316,0
1789428341821561865,58217588,116,0,146316,0
1789428342850650185,58217120,136,0,146316,0
1789428343878225693,58217436,148,0,146316,0
1789428344904544432,58216436,292,0,146316,0
1789428345930679834,58214868,56,0,146316,0
1789428346956820552,58213132,84,0,146316,0
1789428347982900359,58212192,152,0,146316,0
1789428349009409309,58211224,184,0,146316,0
1789428350035356190,58211024,320,0,146316,0
1789428351061297351,58210368,44,0,146316,0
1789428352087731197,58209676,80,0,146316,0
1789428353115641830,58211456,140,0,146316,0
1789428354145196661,58211252,156,0,146316,0
1789428355173476558,58211520,300,0,146316,0
1789428356201958192,58211336,44,0,146316,0
1789428357229198082,58211128,72,0,146316,0
1789428358259004928,58209688,84,0,146316,0
1789428359289434607,58207492,164,0,146316,0
1789428360318025076,58207012,328,0,146316,0
1789428361345640027,58206552,20,0,146316,0
1789428362372200229,58207340,120,0,146316,0
1789428363398919042,58208388,144,0,146316,0
1789428364425693015,58208188,168,0,146316,0
1789428365452579604,58209004,184,0,146316,0
1789428366478562538,58208576,8,0,146316,0
1789428367505047881,58208860,64,0,146316,0
1789428368531812747,58209900,80,0,146316,0
1789428369559096586,58211212,88,0,146316,0
1789428370587333739,58210788,224,0,146316,0
1789428371617025400,58212340,52,200,146316,0
1789428372646711985,58213144,104,0,146316,0
1789428373677026176,58211728,136,0,146316,0
1789428374706970005,58212012,168,0,146316,0
1789428375736801687,58212064,328,0,146316,0
1789428376766702901,58213400,356,0,146316,0
1789428377796160985,58213512,68,0,146316,0
1789428378823040925,58212556,92,0,146316,0
1789428379849987302,58212336,100,0,146316,0
1789428380876104041,58211536,236,0,146316,0
1789428381902767042,58213064,0,84,146316,0
1789428382929079498,58214900,52,0,146316,0
1789428383955816420,58217272,144,0,146316,0
1789428384982645607,58218492,172,0,146316,0
1789428386009467980,58219092,5992,0,146316,0
1789428387036328670,58219612,1720,0,146316,0
1789428388063031803,58219464,1776,0,146316,0
1789428389089946181,58218312,1792,0,146316,0
1789428390118534224,58217940,1804,0,146316,0
1789428391147400751,58217520,1916,0,146316,0
1789428392173768649,58216144,216,0,146316,0
1789428393203081373,58217264,232,0,146316,0
1789428394233345137,58217116,248,0,146316,0
1789428395264592456,58216496,260,0,146316,0
1789428396312255240,58216048,288,0,146316,0
1789428397342461983,58215436,300,0,146316,0
1789428398372776896,58216032,72,0,146316,0
1789428399403082092,58215376,88,0,146316,0
1789428400432720891,58215440,228,0,146316,0
1789428401462967256,58216316,300,0,146316,0
1789428402493521643,58218144,4,84,146316,0
1789428403523983329,58218160,68,0,146316,0
1789428404553956749,58218172,72,0,146316,0
1789428405583548311,58218720,220,0,146316,0
1789428406613398778,58221784,232,0,146316,0
1789428407643522707,58222060,24,24,146316,0
1789428408673878851,58222620,56,0,146316,0
1789428409704322875,58223944,80,0,146316,0
1789428410734444866,58221896,196,0,146316,0
1789428411763527067,58221924,220,0,146316,0
1789428412788811273,58220212,240,0,146316,0
1789428413815159394,58220988,44,0,146316,0
1789428414841973086,58221500,76,0,146316,0
1789428415868637484,58221036,100,0,146316,0
1789428416895256119,58220552,212,0,146316,0
1789428417922642383,58220580,236,0,146316,0
1789428418953290884,58222664,96,0,146316,0
1789428419983405724,58221772,124,0,146316,0
1789428421012844946,58222092,304,0,146316,0
1789428422042531929,58221932,324,0,146316,0
1789428423070903178,58223004,0,80,146316,0
1789428424100948334,58222780,64,0,146316,0
1789428425131266115,58223052,76,0,146316,0
1789428426161164941,58222824,220,0,146316,0
1789428427191342642,58223868,232,0,146316,0
1789428428221374112,58225684,0,56,146316,0
1789428429251459916,58224988,68,0,146316,0
1789428430282499896,58225280,76,0,146316,0
1789428431312979615,58225100,200,0,146316,0
1789428432342840983,58222848,212,0,146316,0
1789428433372899181,58222648,0,80,146316,0
1789428434402926753,58224196,64,0,146316,0
1789428435432890026,58224224,192,0,146316,0
1789428436463059463,58224020,208,0,146316,0
1789428437492152147,58223560,216,0,146316,0
1789428438522379972,58224884,0,40,146316,0
1789428439551638529,58225424,40,0,146316,0
1789428440578821660,58226192,64,0,146316,0
1789428441605510014,58224248,196,0,146316,0
1789428442632126571,58223540,220,0,146316,0
1789428443658772626,58222840,0,0,146316,0
1789428444684992180,58221360,44,0,146316,0
1789428445712230497,58220040,180,0,146316,0
1789428446741636392,58221572,196,0,146316,0
1789428447771868559,58222160,208,0,146316,0
1789428448802000177,58223436,224,0,146316,0
1789428449832564213,58223964,68,0,146316,0
1789428450862673455,58224032,192,0,146316,0
1789428451891931581,58222852,212,0,146316,0
1789428452919090957,58222968,224,0,146316,0
1789428453947568880,58222340,244,0,146316,0
1789428454977732166,58222984,52,0,146316,0
1789428456008061044,58222808,204,0,146316,0
1789428457038163230,58222816,224,0,146316,0
1789428458068084559,58222864,236,0,146316,0
1789428459098006051,58220624,12,0,146316,0
1789428460128554080,58220408,64,0,146316,0
1789428461159179105,58218712,176,0,146316,0
1789428462189733043,58218784,204,0,146316,0
1789428463220035025,58220884,220,0,146316,0
1789428464250340887,58222248,8,120,146316,0
1789428465280860696,58222028,60,0,146316,0
1789428466311056148,58222356,204,0,146316,0
1789428467341674954,58222928,212,0,146316,0
1789428468371184902,58221964,232,0,146316,0
1789428469398105884,58220480,172,0,146316,0
1789428470425124590,58219744,52,0,146316,0
1789428471451846131,58221528,184,0,146316,0
1789428472478536005,58220548,196,0,146316,0
1789428473505696884,58220100,220,0,146316,0
1789428474535506704,58219888,244,0,146316,0
1789428475565958335,58220708,176,0,146316,0
1789428476596442106,58219748,188,0,146316,0
1789428477626871665,58218516,208,0,146316,0
1789428478657254340,58219044,220,0,146316,0
1789428479687091943,58218604,4,68,146316,0
1789428480717138895,58219656,168,0,146316,0
1789428481746928655,58217192,176,0,146316,0
1789428482775936889,58217040,196,0,146316,0
1789428483804514142,58218116,204,0,146316,0
1789428484834104269,58219164,0,28,146316,0
1789428485864531173,58222492,180,0,146316,0
1789428486894720647,58223548,196,0,146316,0
1789428487924783585,58224828,212,0,146316,0
1789428488954657986,58224892,228,0,146316,0
1789428489984692461,58225668,8,48,146316,0
1789428491014953635,58227232,184,0,146316,0
1789428492044848627,58228016,196,0,146316,0
1789428493075162405,58228572,220,0,146316,0
1789428494105021494,58228340,232,0,146316,0
1789428495135067657,58226644,4,16,146316,0
1789428496164359302,58227948,184,0,146316,0
1789428497191002181,58225716,204,0,146316,0
1789428498218112448,58225504,228,0,146316,0
1789428499244907222,58223496,236,0,146316,0
1789428500271331590,58222768,0,0,146316,0
1789428501298163508,58221292,180,0,146316,0
1789428502325729786,58220848,196,0,146316,0
1789428503356608296,58222632,212,0,146316,0
1789428504386788604,58221460,228,0,146316,0
1789428505417321375,58221508,264,0,146316,0
1789428506447840201,58220528,48,0,146316,0
1789428507478552758,58219540,72,0,146316,0
1789428508509216488,58220752,92,0,146316,0
1789428509539852688,58218500,108,0,146316,0
1789428510570995843,58219792,124,0,146316,0
1789428511601723821,58217616,40,0,146316,0
1789428512632102437,58215888,76,0,146316,0
1789428513661319918,58215940,92,0,146316,0
1789428514689443229,58216720,104,0,146316,0
1789428515718517958,58216252,264,0,146316,0
1789428516748755656,58217040,16,40,146316,0
1789428517778912528,58216164,68,0,146316,0
1789428518809065496,58216188,84,0,146316,0
1789428519839312133,58215752,104,0,146316,0
1789428520869207801,58216548,208,0,146316,0
1789428521898923957,58217640,20,0,146316,0
1789428522928691810,58216444,76,0,146316,0
1789428523956976326,58216716,92,0,146316,0
1789428524983822264,58214468,108,0,146316,0
1789428526010349673,58218040,244,0,146316,0
1789428527037029398,58217300,32,0,146316,0
1789428528063552423,58215304,68,0,146316,0
1789428529090234445,58214824,92,0,146316,0
1789428530117591407,58214872,100,0,146316,0
1789428531147738132,58215148,220,0,146316,0
1789428532178331093,58215196,36,0,146316,0
1789428533209187177,58215288,68,0,146316,0
1789428534239800124,58215364,84,0,146316,0
1789428535270789367,58213676,100,0,146316,0
1789428536301937421,58213240,236,0,146316,0
1789428537332970980,58212156,24,0,146316,0
1789428538362996463,58211672,68,0,146316,0
1789428539393731966,58211776,84,0,146316,0
1789428540424315145,58211328,208,0,146316,0
1789428541454903586,58209660,216,0,146316,0
1789428542485422359,58209516,32,28,146316,0
1789428543516332533,58209080,68,0,146316,0
1789428544546860324,58208628,96,0,146316,0
1789428545577065839,58208988,108,0,146316,0
1789428546605634133,58212896,220,0,146316,0
1789428547634844413,58213172,180,0,146316,0
1789428548664631646,58212692,60,0,146316,0
1789428549695093209,58211220,88,0,146316,0
1789428550725498215,58211760,104,0,146316,0
1789428551755675275,58211780,244,0,146316,0
1789428552785571307,58212608,260,0,146316,0
1789428553812432795,58213944,48,0,146316,0
1789428554838792121,58214568,84,0,146316,0
1789428555865498339,58214400,208,0,146316,0
1789428556892383978,58214460,224,0,146316,0
1789428557919878267,58214808,4,0,146316,0
1789428558950132800,58215312,52,0,146316,0
1789428559980584455,58215632,72,0,146316,0
1789428561011178673,58215484,196,0,146316,0
1789428562041675366,58215128,216,0,146316,0
1789428563072711110,58215480,228,0,146316,0
1789428564102816580,58216048,60,0,146316,0
1789428565133441247,58216392,84,0,146316,0
1789428566164371273,58214580,208,0,146316,0
1789428567195391713,58215928,224,0,146316,0
1789428568226267838,58215000,0,32,146316,0
1789428569256591987,58215028,52,0,146316,0
1789428570287474428,58214572,84,0,146316,0
1789428571318426086,58215384,204,0,146316,0
1789428572349295337,58214716,220,0,146316,0
1789428573379387667,58214764,224,0,146316,0
1789428574409560833,58219196,60,0,146316,0
1789428575437427347,58254232,320,0,146316,0
1789428576464817820,58251988,336,0,146316,0
1789428577494079357,58250496,352,0,146316,0
1789428578524071118,58250316,384,0,146316,0
1789428579554573235,58248112,240,0,146316,0
1789428580584578940,58245628,260,0,146316,0
1789428581610929846,58243660,276,0,146316,0
1789428582637858996,58241168,292,0,146316,0
1789428583664648477,58239416,300,0,146316,0
1789428584691217349,58237668,72,0,146316,0
1789428585718136504,58235444,172,0,146316,0
1789428586747347573,58233216,200,0,146316,0
1789428587777701609,58232492,220,0,146316,0
1789428588808846389,58232012,0,0,146316,0
1789428589839533578,58233048,168,0,146316,0
1789428590869907981,58232840,184,0,146316,0
1789428591900395234,58231668,204,0,146316,0
1789428592930609648,58230492,220,0,146316,0
1789428593960808991,58229524,0,20,146316,0
1789428594991094511,58229896,72,0,146316,0
1789428596020728980,58228688,192,0,146316,0
1789428597050673703,58227728,208,0,146316,0
1789428598081310451,58226768,228,0,146316,0
1789428599111952929,58226540,8,0,146316,0
1789428600142683928,58228084,188,0,146316,0
1789428601173367646,58230116,204,0,146316,0
1789428602203964552,58231180,352,0,146316,0
1789428603234410348,58231464,364,0,146316,0
1789428604265408667,58229380,12,0,146316,0
1789428605295831121,58230460,68,0,146316,0
1789428606324990761,58229004,252,0,146316,0
1789428607353041406,58227084,252,0,146316,0
1789428608381166359,58226100,292,0,146316,0
1789428609407989594,58224360,16,0,146316,0
1789428610434253652,58223624,72,0,146316,0
1789428611460697883,58220096,192,0,146316,0
1789428612486657815,58219184,212,0,146316,0
1789428613512387272,58218700,220,0,146316,0
1789428614538107556,58217252,16,0,146316,0
1789428615564006037,58217560,56,0,146316,0
1789428616590433409,58218844,84,0,146316,0
1789428617616891868,58219116,104,0,146316,0
1789428618642780313,58219148,108,0,146316,0
1789428619669276567,58219920,0,0,146316,0
1789428620695867907,58220212,56,0,146316,0
1789428621722522106,58219468,64,0,146316,0
1789428622749058775,58222048,92,0,146316,0
1789428623776031160,58221844,96,0,146316,0
1789428624802065333,58221364,216,0,146316,0
1789428625828497723,58223976,56,0,146316,0
1789428626854846769,58222768,76,0,146316,0
1789428627880814082,58221780,96,0,146316,0
1789428628907538256,58222364,116,0,146316,0
1789428629933537879,58222900,0,0,146316,0
1789428630960202164,58223444,68,0,146316,0
1789428631986325441,58222964,84,0,146316,0
1789428633012608911,58222732,92,0,146316,0
1789428634038969437,58220988,112,0,146316,0
1789428635065219939,58220512,0,104,146316,0
1789428636091032437,58220568,52,0,146316,0
1789428637116162518,58221344,76,0,146316,0
1789428638142656909,58221620,88,0,146316,0
1789428639169290757,58221380,112,0,146316,0
1789428640196140328,58219896,240,0,146316,0
1789428641222887119,58219948,68,0,146316,0
1789428642249786116,58219524,80,0,146316,0
1789428643276733253,58219092,96,0,146316,0
1789428644303190792,58217008,112,0,146316,0
1789428645332622775,58216532,228,0,146316,0
1789428646359294866,58217844,56,0,146316,0
1789428647385809467,58218380,80,0,146316,0
1789428648412438596,58219956,108,0,146316,0
1789428649438515006,58217996,224,0,146316,0
1789428650465019754,58218072,244,0,146316,0
1789428651490875284,58218424,32,0,146316,0
1789428652516692072,58218980,80,0,146316,0
1789428653542514526,58221044,84,0,146316,0
1789428654568791444,58221068,104,0,146316,0
1789428655595299000,58221096,0,32,146316,0
1789428656621834585,58219352,44,0,146316,0
1789428657648980660,58218868,80,0,146316,0
1789428658675125424,58219428,88,0,146316,0
1789428659702500419,58218948,232,0,146316,0
1789428660732317311,58218480,0,0,146316,0
1789428661758854315,58219500,44,0,146316,0
1789428662785656162,58218016,76,0,146316,0
1789428663812680393,58216056,96,0,146316,0
1789428664839699053,58215852,212,0,146316,0
1789428665868126089,58220664,228,0,146316,0
1789428666894239462,58220472,64,0,146316,0
1789428667922347265,58221048,80,0,146316,0
1789428668949306014,58220304,96,0,146316,0
1789428669976760964,58221844,220,0,146316,0
1789428671005110302,58221912,4,0,146316,0
1789428672032592578,58221936,60,0,146316,0
1789428673061977138,58222968,76,0,146316,0
1789428674088935925,58222980,92,0,146316,0
1789428675115820906,58221236,212,0,146316,0
1789428676142184190,58221024,0,56,146316,0
1789428677170096264,58219568,60,0,146316,0
1789428678199693051,58219116,80,0,146316,0
1789428679226476535,58219908,100,0,146316,0
1789428680253896969,58221448,224,0,146316,0
1789428681280753039,58221516,240,0,146316,0
1789428682308275222,58220280,32,0,146316,0
1789428683337962347,58221068,72,0,146316,0
1789428684365510661,58219632,204,0,146316,0
1789428685395914608,58218696,220,0,146316,0
1789428686422536950,58218224,236,0,146316,0
1789428687449523266,58217788,44,0,146316,0
1789428688477514031,58217056,84,0,146316,0
1789428689505178097,58216352,200,0,146316,0
1789428690535362936,58215640,224,0,146316,0
1789428691562205852,58215160,248,0,146316,0
1789428692588897165,58215708,28,0,146316,0
1789428693615608569,58218276,84,0,146316,0
1789428694643152191,58219592,92,0,146316,0
1789428695673562423,58219876,224,0,146316,0
1789428696701047623,58220164,244,0,146316,0
1789428697728537514,58220948,8,76,146316,0
1789428698755824974,58220536,80,0,146316,0
1789428699783682389,58220552,96,0,146316,0
1789428700814593783,58221888,228,0,146316,0
1789428701842908035,58221420,248,0,146316,0
1789428702872992200,58221956,4,0,146316,0
1789428703900319034,58220472,68,0,146316,0
1789428704926552753,58220752,184,0,146316,0
1789428705954271030,58225316,200,0,146316,0
1789428706981804081,58224828,216,0,146316,0
1789428708011535956,58221864,0,0,146316,0
1789428709038319205,58221128,64,0,146316,0
1789428710065317099,58221232,176,0,146316,0
1789428711091619824,58222272,196,0,146316,0
1789428712119121059,58220792,208,0,146316,0
1789428713149786627,58220804,224,0,146316,0
1789428714177001132,58222144,68,0,146316,0
1789428715205067622,58222672,180,0,146316,0
1789428716231357319,58222968,204,0,146316,0
1789428717258329125,58220968,220,0,146316,0
1789428718286698670,58220760,232,0,146316,0
1789428719314085601,58221804,64,0,146316,0
1789428720343073456,58223352,208,0,146316,0
1789428721370226087,58225632,236,0,146316,0
1789428722397014039,58226168,236,0,146316,0
1789428723423136384,58225692,0,84,146316,0
1789428724450377329,58228744,24,0,146316,0
1789428725479643918,58231040,176,0,146316,0
1789428726506269007,58229576,192,0,146316,0
1789428727533282517,58227076,204,0,146316,0
1789428728559737582,58223820,0,56,146316,0
1789428729586628501,58223592,144,0,146316,0
1789428730616198713,58222920,180,0,146316,0
1789428731643031268,58222464,196,0,146316,0
1789428732672056209,58223052,216,0,146316,0
1789428733698664437,58225944,232,0,146316,0
1789428734725188009,58229992,5644,0,146316,0
1789428735752000596,58228764,5656,0,146316,0
1789428736778760972,58228292,6596,0,146316,0
1789428737804548880,58226572,6640,0,146316,0
1789428738830994670,58223832,2492,124,146316,0
1789428739860458277,58225892,2488,0,146316,0
1789428740890427435,58223648,2504,0,146316,0
1789428741920404871,58223204,2532,0,146316,0
1789428742950135910,58222812,2664,0,146316,0
1789428743978665173,58223092,332,0,146316,0
1789428745008248506,58223172,340,0,146316,0
1789428746037353875,58223528,360,0,146316,0
1789428747067245116,58222140,372,0,146316,0
1789428748095873723,58221116,392,0,146316,0
1789428749125095658,58221704,4,0,146316,0
1789428750155209784,58220836,72,0,146316,0
1789428751185573183,58222688,96,0,146316,0
1789428752215046878,58222516,104,0,146316,0
1789428753245122052,58221844,252,0,146316,0
1789428754273984119,58220188,4,152,146316,0
1789428755302083117,58220240,60,0,146316,0
1789428756330841998,58219796,80,0,146316,0
1789428757360653447,58219340,204,0,146316,0
1789428758390564286,58219964,228,0,146316,0
1789428759420545427,58219780,252,0,146316,0
1789428760450215504,58220288,76,0,146316,0
1789428761478899014,58220368,112,0,146316,0
1789428762505237408,58221428,232,0,146316,0
1789428763531622767,58221252,236,0,146316,0
1789428764558228635,58221308,8,0,146316,0
1789428765584717219,58222328,36,0,146316,0
1789428766611363432,58224952,76,0,146316,0
1789428767638512346,58225320,204,0,146316,0
1789428768668609573,58225916,220,0,146316,0
1789428769698376571,58225460,16,0,146316,0
1789428770727704640,58224468,76,0,146316,0
1789428771757322240,58225764,84,0,146316,0
1789428772787001858,58225056,220,0,146316,0
1789428773816427939,58223416,236,0,146316,0
1789428774846348900,58224444,4,0,146316,0
1789428775875896917,58224508,64,0,146316,0
1789428776906064927,58224064,80,0,146316,0
1789428777936112060,58223588,200,0,146316,0
1789428778966022782,58222424,220,0,146316,0
1789428779995541185,58223000,4,0,146316,0
1789428781023142833,58221752,72,0,146316,0
1789428782050637355,58222056,84,0,146316,0
1789428783080735265,58221864,212,0,146316,0
1789428784111351919,58220944,224,0,146316,0
1789428785141617022,58220256,0,0,146316,0
1789428786172367453,58221068,64,0,146316,0
1789428787202730998,58221604,80,0,146316,0
1789428788233432023,58221888,192,0,146316,0
1789428789263709911,58221664,208,0,146316,0
1789428790293671340,58221956,0,68,146316,0
1789428791320548248,58223480,56,0,146316,0
1789428792347082106,58225060,208,0,146316,0
1789428793373733199,58224844,228,0,146316,0
1789428794400294275,58226124,236,0,146316,0
1789428795427442533,58226420,0,0,146316,0
1789428796457621340,58226740,60,0,146316,0
1789428797487485316,58228564,180,0,146316,0
1789428798517502042,58229088,196,0,146316,0
1789428799547533386,58228616,200,0,146316,0
1789428800577680394,58228396,0,60,146316,0
1789428801607475730,58226432,76,0,146316,0
1789428802637699873,58225212,88,0,146316,0
1789428803667116708,58222768,204,0,146316,0
1789428804697691572,58225808,212,0,146316,0
1789428805727193602,58225140,4,0,146316,0
1789428806755487244,58225208,48,0,146316,0
1789428807783900984,58224772,192,0,146316,0
1789428808813663280,58225308,204,0,146316,0
1789428809843554659,58225652,224,0,146316,0
1789428810873624246,58226192,12,0,146316,0
1789428811904123827,58225968,60,0,146316,0
1789428812934238981,58224564,204,0,146316,0
1789428813964763652,58224216,224,0,146316,0
1789428814994579284,58223540,236,0,146316,0
1789428816024905621,58220548,8,0,146316,0
1789428817055379937,58221132,64,0,146316,0
1789428818083875790,58220688,196,0,146316,0
1789428819110792421,58220244,208,0,146316,0
1789428820137206302,58223564,224,0,146316,0
1789428821162058610,58224100,244,0,146316,0
1789428822188687272,58223664,52,0,146316,0
1789428823215688856,58223720,176,0,146316,0
1789428824243000766,58224300,188,0,146316,0
1789428825273219623,58225688,204,0,146316,0
1789428826304588264,58226240,0,44,146316,0
1789428827334943497,58223824,72,0,146316,0
1789428828365219573,58225152,188,0,146316,0
1789428829394886742,58224696,196,0,146316,0
1789428830424394432,58223712,220,0,146316,0
1789428831453620215,58222220,8,0,146316,0
1789428832481510462,58220236,64,0,146316,0
1789428833510631496,58221296,204,0,146316,0
1789428834540464343,58218592,224,0,146316,0
1789428835570620340,58219120,232,0,146316,0
1789428836600790911,58218672,0,20,146316,0
1789428837631005027,58216984,172,0,146316,0
1789428838661162478,58217764,192,0,146316,0
1789428839690791305,58217152,212,0,146316,0
1789428840720525975,58216664,224,0,146316,0
1789428841748061166,58215608,8,76,146316,0
1789428842778299635,58215156,152,0,146316,0
1789428843809052967,58214496,188,0,146316,0
1789428844838643530,58213756,192,0,146316,0
1789428845868248932,58215060,216,0,146316,0
1789428846897589232,58215348,156,36,146316,0
1789428847923825159,58216140,168,0,146316,0
1789428848950470162,58218924,184,0,146316,0
1789428849977289551,58219968,200,0,146316,0
1789428851003925678,58220020,212,0,146316,0
1789428852031051078,58220588,232,0,146316,0
1789428853061238917,58220116,168,0,146316,0
1789428854092374868,58220748,196,0,146316,0
1789428855123041010,58222828,212,0,146316,0
1789428856152748141,58221648,236,0,146316,0
1789428857182140694,58222476,244,0,146316,0
1789428858210339833,58223304,20,0,146316,0
1789428859239256725,58223616,64,0,146316,0
1789428860268552193,58223960,80,0,146316,0
1789428861298670554,58223224,96,0,146316,0
1789428862328768180,58221780,248,0,146316,0
1789428863358945695,58222612,24,0,146316,0
1789428864389013731,58221364,64,0,146316,0
1789428865418938728,58220908,92,0,146316,0
1789428866449151852,58221680,104,0,146316,0
1789428867479440494,58221452,120,0,146316,0
1789428868509752651,58221788,36,0,146316,0
1789428869539590218,58221548,72,0,146316,0
1789428870569841185,58222148,92,0,146316,0
1789428871599937892,58220156,100,0,146316,0
1789428872629993208,58220992,116,0,146316,0
1789428873659727451,58219904,88,0,146316,0
1789428874686432927,58218676,80,0,146316,0
1789428875713145502,58218208,88,0,146316,0
1789428876739624271,58217228,320,0,146316,0
1789428877766113235,58216748,332,0,146316,0
1789428878792669364,58215596,20,84,146316,0
1789428879819615741,58216904,56,0,146316,0
1789428880846884722,58216204,88,0,146316,0
1789428881877227333,58216792,96,0,146316,0
1789428882906831040,58216160,224,0,146316,0
1789428883934774997,58216992,12,0,146316,0
1789428884963444073,58216572,52,0,146316,0
1789428885993615184,58216608,88,0,146316,0
1789428887023927429,58215376,104,0,146316,0
1789428888053859851,58217452,244,0,146316,0
1789428889084246985,58217236,8,0,146316,0
1789428890114344132,58218044,68,0,146316,0
1789428891144475777,58217344,84,0,146316,0
1789428892174410351,58216860,92,0,146316,0
1789428893204820007,58217968,236,0,146316,0
1789428894235033150,58217552,4,0,146316,0
1789428895265565444,58217584,64,0,146316,0
1789428896295712336,58217360,80,0,146316,0
1789428897326168361,58216956,104,0,146316,0
1789428898356856280,58215984,220,0,146316,0
1789428899387281422,58216268,8,0,146316,0
1789428900416827502,58219320,72,0,146316,0
1789428901447399618,58217876,84,0,146316,0
1789428902478031317,58217388,324,0,146316,0
1789428903505249742,58216436,336,0,146316,0
1789428904532353149,58217468,8,88,146316,0
1789428905559044156,58217272,60,0,146316,0
1789428906585948360,58214568,84,0,146316,0
1789428907611628571,58214836,212,0,146316,0
1789428908638518527,58215368,224,0,146316,0
1789428909666774845,58215176,260,0,146316,0
1789428910696381141,58214276,68,0,146316,0
1789428911726372405,58215052,80,0,146316,0
1789428912756941939,58215576,196,0,146316,0
1789428913787682482,58216628,212,0,146316,0
1789428914818518834,58216940,12,0,146316,0
1789428915849117952,58217292,72,0,146316,0
1789428916879348531,58218352,88,0,146316,0
1789428917909653537,58219148,220,0,146316,0
1789428918940249197,58219220,240,0,146316,0
1789428919970846334,58218524,4,0,146316,0
1789428921001330716,58219820,72,0,146316,0
1789428922031595275,58220096,84,0,146316,0
1789428923061975113,58219660,216,0,146316,0
1789428924092113043,58220228,232,0,146316,0
1789428925122249621,58221796,4,0,146316,0
1789428926152569135,58221120,68,0,146316,0
1789428927182764615,58220680,80,0,146316,0
1789428928213384129,58220724,208,0,146316,0
1789428929243907311,58220772,224,0,146316,0
1789428930274654557,58220572,0,60,146316,0
1789428931304669767,58219340,68,0,146316,0
1789428932330990407,58219400,80,0,146316,0
1789428933357832281,58218936,208,0,146316,0
1789428934384627656,58217732,236,0,146316,0
1789428935411321532,58217552,248,0,146316,0
1789428936438748845,58215796,64,0,146316,0
1789428937469003651,58216576,212,0,146316,0
1789428938499084152,58215952,224,0,146316,0
1789428939529572822,58215888,240,0,146316,0
1789428940560084051,58215004,0,0,146316,0
1789428941590369080,58216328,72,0,146316,0
1789428942620423160,58214868,216,0,146316,0
1789428943650561941,58215700,236,0,146316,0
1789428944680338291,58215200,240,0,146316,0
1789428945710719195,58214976,4,4,146316,0
1789428946741047363,58214288,68,0,146316,0
1789428947771292234,58213580,204,0,146316,0
1789428948801617531,58213884,220,0,146316,0
1789428949831992667,58213660,240,0,146316,0
1789428950862534093,58213468,12,0,146316,0
1789428951892570231,58213524,64,0,146316,0
1789428952923058623,58213952,200,0,146316,0
1789428953953552424,58214260,220,0,146316,0
1789428954984167081,58213580,228,0,146316,0
1789428956014853918,58213348,8,0,146316,0
1789428957045048023,58215140,68,0,146316,0
1789428958074311034,58215456,188,0,146316,0
1789428959103275803,58217484,216,0,146316,0
1789428960130129829,58216744,236,0,146316,0
1789428961156623282,58214516,4,0,146316,0
1789428962183335530,58214276,52,0,146316,0
1789428963209896519,58213816,200,0,146316,0
1789428964236449048,58212824,212,0,146316,0
1789428965263223854,58212860,232,0,146316,0
1789428966290039196,58214896,244,0,146316,0
1789428967316684086,58213432,60,0,146316,0
1789428968355413210,58214240,196,0,146316,0
1789428969381984697,58215056,204,0,146316,0
1789428970408569644,58215608,224,0,146316,0
1789428971435141895,58214884,0,72,146316,0
1789428972461796386,58213748,64,0,146316,0
1789428973488414805,58215048,196,0,146316,0
1789428974514965624,58215616,212,0,146316,0
1789428975541922495,58215924,224,0,146316,0
1789428976568690824,58214716,236,0,146316,0
1789428977595430148,58216316,172,0,146316,0
1789428978622516422,58218148,192,0,146316,0
1789428979652158404,58219244,212,0,146316,0
1789428980682718367,58220076,232,0,146316,0
1789428981713256958,58220356,0,0,146316,0
1789428982743661868,58220448,56,0,146316,0
1789428983773468789,58221328,184,0,146316,0
1789428984800796627,58223116,200,0,146316,0
1789428985827027781,58220872,216,0,146316,0
1789428986853855042,58222188,4,0,146316,0
1789428987880923769,58221544,164,0,146316,0
1789428988910377992,58222356,200,0,146316,0
1789428989940137028,58221676,208,0,146316,0
1789428990970261925,58222544,224,0,146316,0
1789428992000267645,58223360,0,0,146316,0
1789428993027722105,58223168,164,0,146316,0
1789428994054459740,58222204,180,0,146316,0
1789428995080763187,58220964,196,0,146316,0
1789428996107646074,58222072,220,0,146316,0
1789428997135952827,58221100,4,72,146316,0
1789428998166118443,58219384,192,0,146316,0
1789428999195596225,58218660,200,0,146316,0
1789429000224735329,58217680,220,0,146316,0
1789429001253339201,58217188,232,0,146316,0
1789429002279254769,58216704,136,40,146316,0
1789429003304859506,58215540,180,0,146316,0
1789429004330940400,58214804,192,0,146316,0
1789429005358567577,58212872,204,0,146316,0
1789429006387309166,58212484,228,0,146316,0
1789429007417537370,58213796,244,0,146316,0
1789429008445840568,58215916,36,0,146316,0
1789429009474039801,58216684,76,0,146316,0
1789429010501707728,58216492,96,0,146316,0
1789429011528608084,58215804,104,0,146316,0
1789429012555406336,58215100,224,0,146316,0
1789429013582717892,58213140,20,0,146316,0
1789429014613374959,58212772,72,0,146316,0
1789429015643981462,58213824,80,0,146316,0
1789429016674537555,58211680,88,0,146316,0
1789429017704232088,58211164,916,0,146316,0
1789429018731035128,58215008,380,4,146316,0
1789429019757161664,58212692,80,0,146316,0
1789429020782886225,58211568,84,0,146316,0
1789429021809221190,58210476,108,0,146316,0
1789429022835874927,58209828,5700,0,146316,0
1789429023863588786,58209008,1516,80,146316,0
1789429024894470144,58211396,1540,0,146316,0
1789429025924964881,58210700,1568,0,146316,0
1789429026955266924,58214308,1592,0,146316,0
1789429027985405189,58213568,1704,0,146316,0
1789429029015945933,58212188,240,0,146316,0
1789429030046342446,58211220,260,0,146316,0
1789429031075374059,58211288,276,0,146316,0
1789429032104062160,58210824,280,0,146316,0
1789429033134108171,58210928,308,0,146316,0
1789429034164926273,58211284,28,0,146316,0
1789429035195566818,58212344,64,0,146316,0
1789429036226059730,58211556,140,0,146316,0
1789429037256640383,58213836,240,0,146316,0
1789429038285184883,58213296,256,0,146316,0
1789429039315849205,58210848,20,0,146316,0
1789429040346377017,58211160,68,0,146316,0
1789429041376359562,58210996,84,0,146316,0
1789429042406646457,58212072,224,0,146316,0
1789429043437311046,58211828,224,0,146316,0
1789429044467581309,58211624,24,0,146316,0
1789429045497380081,58212204,68,0,146316,0
1789429046524075216,58213752,92,0,146316,0
1789429047550835814,58212516,240,0,146316,0
1789429048577758074,58211552,248,0,146316,0
1789429049604673463,58212904,288,0,146316,0
1789429050631688414,58211700,64,0,146316,0
1789429051658452146,58213220,88,0,146316,0
1789429052684482206,58212728,92,0,146316,0
1789429053711026973,58212092,256,0,146316,0
1789429054737895295,58211344,288,0,146316,0
1789429055764683926,58212452,72,0,146316,0
1789429056791318807,58212496,76,0,146316,0
1789429057818695752,58210836,100,0,146316,0
1789429058848375969,58210956,232,0,146316,0
1789429059876602010,58213116,24,0,146316,0
1789429060907004984,58212932,68,0,146316,0
1789429061936515563,58213212,84,0,146316,0
1789429062966808064,58214536,224,0,146316,0
1789429063996519071,58213812,232,0,146316,0
1789429065025208877,58214848,48,0,146316,0
1789429066054615469,58214888,76,0,146316,0
1789429067082163320,58215476,92,0,146316,0
1789429068111884943,58216300,216,0,146316,0
1789429069137254375,58217132,228,0,146316,0
1789429070167945055,58217456,36,0,146316,0
1789429071195611308,58217720,72,0,146316,0
1789429072225889622,58216476,88,0,146316,0
1789429073253617200,58215532,236,0,146316,0
1789429074281907806,58216084,244,0,146316,0
1789429075310336960,58216128,24,0,146316,0
1789429076336322337,58216472,60,0,146316,0
1789429077365992673,58216032,184,0,146316,0
1789429078394357333,58214308,204,0,146316,0
1789429079423993719,58213108,220,0,146316,0
1789429080451868713,58213696,248,0,146316,0
1789429081481938996,58213552,68,0,146316,0
1789429082509524088,58214096,204,0,146316,0
1789429083538992186,58214152,224,0,146316,0
1789429084566884263,58213012,240,0,146316,0
1789429085597596471,58213348,8,60,146316,0
1789429086625623591,58211684,76,0,146316,0
1789429087656221442,58211512,272,0,146316,0
1789429088683371036,58213360,412,0,146316,0
1789429089710338003,58213924,428,0,146316,0
1789429090737322351,58215016,464,0,146316,0
1789429091764354507,58215588,64,0,146316,0
1789429092790843952,58216116,3172,0,146316,0
1789429093818513339,58215236,3204,0,146316,0
1789429094849516482,58214300,3212,0,146316,0
1789429095880045619,58214352,224,0,146316,0
1789429096909356672,58212384,60,0,146316,0
1789429097937072782,58211168,196,0,146316,0
1789429098966670273,58209744,208,0,146316,0
1789429099997366484,58211272,232,0,146316,0
1789429101027672151,58211804,32,36,146316,0
1789429102058417358,58212368,64,36,146316,0
1789429103088892678,58213792,188,0,146316,0
1789429104116831713,58212568,204,0,146316,0
1789429105146596907,58212596,216,0,146316,0
1789429106177407453,58210460,16,0,146316,0
1789429107208428122,58211028,72,0,146316,0
1789429108239323697,58211592,180,0,146316,0
1789429109270298092,58212180,200,0,146316,0
1789429110301009135,58212472,220,0,146316,0
1789429111331437753,58213300,252,0,146316,0
1789429112362418963,58214904,196,0,146316,0
1789429113393190075,58212956,204,0,146316,0
1789429114423646578,58213832,224,0,146316,0
1789429115453949987,58213844,240,0,146316,0
1789429116481559507,58213100,260,0,146316,0
1789429117508297753,58212896,188,0,146316,0
1789429118534895211,58213932,204,0,146316,0
1789429119561738915,58215208,212,0,146316,0
1789429120588348637,58214232,232,0,146316,0
1789429121615369238,58213252,8,76,146316,0
1789429122646463320,58214380,172,0,146316,0
1789429123676998188,58213740,184,0,146316,0
1789429124707382538,58212796,204,0,146316,0
1789429125737827239,58211044,216,0,146316,0
1789429126768765184,58211828,0,0,146316,0
1789429127799286957,58210828,156,0,146316,0
1789429128830121548,58212644,180,0,146316,0
1789429129860963395,58212684,196,0,146316,0
1789429130891182229,58213196,212,0,146316,0
1789429131922112948,58213232,232,0,146316,0
1789429132952452361,58213264,152,0,146316,0
1789429133982797232,58212280,180,0,146316,0
1789429135013198370,58213900,196,0,146316,0
1789429136044387188,58212632,216,0,146316,0
1789429137075304992,58211396,0,0,146316,0
1789429138106242918,58211212,172,0,146316,0
1789429139136931763,58212260,188,0,146316,0
1789429140167237725,58212068,204,0,146316,0
1789429141195700599,58212132,216,0,146316,0
1789429142224721708,58210180,0,80,146316,0
1789429143255512734,58209992,164,0,146316,0
1789429144286111523,58209268,336,0,146316,0
1789429145313558459,58210416,348,0,146316,0
1789429146340677642,58211484,368,0,146316,0
1789429147366956952,58209992,0,72,146316,0
1789429148393191805,58209584,188,0,146316,0
1789429149419774127,58210104,200,0,146316,0
1789429150447873423,58209412,228,0,146316,0
1789429151479557277,58209464,240,0,146316,0
1789429152510697708,58208988,0,72,146316,0
1789429153541682112,58209808,64,0,146316,0
1789429154572634492,58209120,84,0,146316,0
1789429155603407794,58208972,92,0,146316,0
1789429156633078500,58209288,104,0,146316,0
1789429157663612350,58211132,0,32,146316,0
1789429158695662760,58212952,44,0,146316,0
1789429159727923950,58213988,76,0,146316,0
1789429160758875996,58215316,96,0,146316,0
1789429161787268300,58213368,108,0,146316,0
1789429162816592717,58214452,240,0,146316,0
1789429163846435515,58214008,48,0,146316,0
1789429164877075721,58213540,76,0,146316,0
1789429165908178579,58211036,88,0,146316,0
1789429166940663427,58212100,112,0,146316,0
1789429167971878186,58212396,236,0,146316,0
1789429169002779880,58209772,48,0,146316,0
1789429170033449536,58211136,72,0,146316,0
1789429171064445027,58212688,100,0,146316,0
1789429172094180956,58211704,112,0,146316,0
1789429173121335072,58210728,252,0,146316,0
1789429174148554020,58211760,52,0,146316,0
1789429175175950597,58212812,76,0,146316,0
1789429176201955727,58214096,88,0,146316,0
1789429177228913205,58215128,104,0,146316,0
1789429178255807297,58215188,224,0,146316,0
1789429179285683925,58216480,40,0,146316,0
1789429180316236938,58214816,76,0,146316,0
1789429181347058863,58214664,96,0,146316,0
1789429182377341531,58214980,120,0,146316,0
1789429183405903199,58215824,248,0,146316,0
1789429184434490819,58214928,64,0,146316,0
1789429185464009559,58215788,84,0,146316,0
1789429186493976694,58219404,92,0,146316,0
1789429187523690735,58219692,228,0,146316,0
1789429188553538990,58218444,236,0,146316,0
1789429189583504394,58219248,68,0,146316,0
1789429190614160132,58218796,72,0,146316,0
1789429191644921373,58220076,92,0,146316,0
1789429192675141577,58221132,220,0,146316,0
1789429193705014635,58222412,0,0,146316,0
1789429194735002062,58222412,64,0,146316,0
1789429195765206258,58220980,84,0,146316,0
1789429196794692948,58220484,96,0,146316,0
1789429197824553245,58219844,224,0,146316,0
1789429198854424278,58219196,0,0,146316,0
1789429199884474838,58219996,64,0,146316,0
1789429200914378354,58219316,76,0,146316,0
1789429201941048642,58218636,100,0,146316,0
1789429202967551255,58217960,228,0,146316,0
1789429203994136230,58218540,4,0,146316,0
1789429205020765809,58219884,68,0,146316,0
1789429206047843892,58220704,88,0,146316,0
1789429207077639078,58221536,100,0,146316,0
1789429208107430948,58222620,216,0,146316,0
1789429209137470991,58222396,4,52,146316,0
1789429210167273056,58222468,60,0,146316,0
1789429211197646126,58222024,76,0,146316,0
1789429212227651589,58221860,96,0,146316,0
1789429213257947626,58222184,228,0,146316,0
1789429214287849129,58222740,4,0,146316,0
1789429215318276278,58220272,68,0,146316,0
1789429216349031043,58220292,76,0,146316,0
1789429217378920097,58220332,216,0,146316,0
1789429218408916863,58219104,228,0,146316,0
1789429219439076109,58218164,8,0,146316,0
1789429220469196911,58218528,64,0,146316,0
1789429221499121737,58218608,80,0,146316,0
1789429222528634196,58219424,204,0,146316,0
1789429223558566343,58217716,224,0,146316,0
1789429224588276028,58217028,8,12,146316,0
1789429225617582177,58217296,44,0,146316,0
1789429226645643975,58218408,76,0,146316,0
1789429227674251484,58217468,212,0,146316,0
1789429228703927134,58218032,228,0,146316,0
1789429229730053635,58218300,232,0,146316,0
1789429230756083665,58217108,52,0,146316,0
1789429231782156742,58216876,68,0,146316,0
1789429232808921182,58217700,204,0,146316,0
1789429233835321911,58217488,212,0,146316,0
1789429234862263301,58218072,4,0,146316,0
1789429235892249851,58218632,56,0,146316,0
1789429236922763950,58217936,72,0,146316,0
1789429237952767870,58219532,192,0,146316,0
1789429238983230833,58221340,204,0,146316,0
1789429240013503091,58221620,8,0,146316,0
1789429241042768796,58222652,72,0,146316,0
1789429242072718973,58222192,88,0,146316,0
1789429243102751965,58221952,204,0,146316,0
1789429244133150615,58220532,220,0,146316,0
1789429245163233836,58220608,244,0,146316,0
1789429246193293879,58221660,60,0,146316,0
1789429247221449423,58221716,80,0,146316,0
1789429248248101372,58221792,212,0,146316,0
1789429249277659939,58221392,220,0,146316,0
1789429250308064256,58220408,8,0,146316,0
1789429251338208331,58220928,56,0,146316,0
1789429252368525060,58220764,196,0,146316,0
1789429253398527976,58218788,208,0,146316,0
1789429254428084285,58216584,236,0,146316,0
1789429255458013959,58213860,156,52,146316,0
1789429256487143412,58212892,76,0,146316,0
1789429257513806783,58211164,80,0,146316,0
1789429258540341613,58211184,236,0,146316,0
1789429259566815070,58210260,244,0,146316,0
1789429260593410431,58211100,0,56,146316,0
1789429261619271230,58212368,88,0,146316,0
1789429262645883381,58210452,268,0,146316,0
1789429263672504981,58210536,300,0,146316,0
1789429264699093625,58211820,316,0,146316,0
1789429265726009532,58215616,328,0,146316,0
1789429266752532988,58211292,24,0,146316,0
1789429267779394310,58212088,192,0,146316,0
1789429268806170910,58211944,212,0,146316,0
1789429269832857988,58210736,292,0,146316,0
1789429270859533130,58209780,304,0,146316,0
1789429271885682424,58209868,4,84,146316,0
1789429272911924359,58209656,180,0,146316,0
1789429273938076159,58210508,216,0,146316,0
1789429274964758477,58212136,292,0,146316,0
1789429275991387400,58212232,348,0,146316,0
1789429277018008180,58211996,84,0,146316,0
1789429278044548133,58211760,280,0,146316,0
1789429279071039024,58211792,320,0,146316,0
1789429280097471625,58211848,336,0,146316,0
1789429281123880175,58210640,352,0,146316,0
1789429282150382876,58210192,24,0,146316,0
1789429283176918458,58209220,272,0,146316,0
1789429284203713616,58210804,292,0,146316,0
1789429285229555397,58209824,308,0,146316,0
1789429286256565956,58210108,332,0,146316,0
1789429287283370773,58208860,16,0,146316,0
1789429288310352487,58212192,260,0,146316,0
1789429289337034186,58211988,264,0,146316,0
1789429290363871732,58211780,300,0,146316,0
1789429291392638731,58211808,316,0,146316,0
1789429292421330757,58209964,564,0,146316,0
1789429293448034778,58210988,280,0,146316,0
1789429294474552277,58210508,304,0,146316,0
1789429295501484455,58209020,320,0,146316,0
1789429296531296721,58207064,352,0,146316,0
1789429297561092629,58207156,148,44,146316,0
1789429298587667501,58207432,184,0,146316,0
1789429299614426676,58207756,280,0,146316,0
1789429300641499292,58208524,308,0,146316,0
1789429301670276744,58210128,344,0,146316,0
1789429302699771223,58210408,0,0,146316,0
1789429303726359951,58210764,72,0,146316,0
1789429304753185533,58209344,172,0,146316,0
1789429305780350996,58208208,184,0,146316,0
1789429306809665818,58210276,212,0,146316,0
1789429307839273393,58207412,228,0,146316,0
1789429308866141252,58209028,156,0,146316,0
1789429309892724289,58208408,172,0,146316,0
1789429310919595577,58208236,240,0,146316,0
1789429311948286630,58208028,276,0,146316,0
1789429312977952529,58208336,156,60,146316,0
1789429314004823531,58207412,136,0,146316,0
1789429315031374664,58208452,160,0,146316,0
1789429316058432340,58210244,184,0,146316,0
1789429317086501428,58211328,196,0,146316,0
1789429318116108438,58212184,0,0,146316,0
1789429319143161008,58211988,124,0,146316,0
1789429320169467970,58212516,132,0,146316,0
1789429321196749687,58211848,156,0,146316,0
1789429322226745532,58210872,188,0,146316,0
1789429323256540987,58210412,336,0,146316,0
1789429324283240764,58210176,136,0,146316,0
1789429325310266983,58210548,196,0,146316,0
1789429326337535571,58216148,236,0,146316,0
1789429327367334920,58215672,392,0,146316,0
1789429328397020380,58216456,8,0,146316,0
1789429329423460835,58215272,120,0,146316,0
1789429330449988429,58215832,160,0,146316,0
1789429331477171354,58214600,176,0,146316,0
1789429332505130358,58213592,316,0,146316,0
1789429333532827189,58213860,328,0,146316,0
1789429334559456414,58214404,128,0,146316,0
1789429335586141792,58213972,160,0,146316,0
1789429336612889842,58216496,172,0,146316,0
1789429337641902551,58216820,344,0,146316,0
1789429338670666916,58215836,360,0,146316,0
1789429339697291080,58218192,60,0,146316,0
1789429340723668274,58219460,72,0,146316,0
1789429341750675799,58218740,192,0,146316,0
1789429342779926437,58219584,344,0,146316,0
1789429343809489807,58219960,384,0,146316,0
1789429344835697563,58221180,392,0,146316,0
1789429345861798263,58220728,76,0,146316,0
1789429346888201719,58221348,96,0,146316,0
1789429347914577050,58221036,4196,0,146316,0
1789429348940735582,58221412,4212,0,146316,0
1789429349967848229,58221516,28,0,146316,0
1789429350997302434,58222076,76,0,146316,0
1789429352025850175,58221596,80,0,146316,0
1789429353054001426,58222692,224,0,146316,0
1789429354083975520,58223036,236,0,146316,0
1789429355114191388,58223316,8,0,146316,0
1789429356144267151,58223368,68,0,146316,0
1789429357174373094,58223652,88,0,146316,0
1789429358205079592,58223964,212,0,146316,0
1789429359235295334,58224020,224,0,146316,0
1789429360265815534,58223096,16,72,146316,0
1789429361295918781,58224628,68,0,146316,0
1789429362326400871,58223904,76,0,146316,0
1789429363365858102,58224428,200,0,146316,0
1789429364396079981,58224996,220,0,146316,0
1789429365426265231,58226856,20,0,146316,0
1789429366457051981,58226396,52,0,146316,0
1789429367487522994,58225176,220,0,146316,0
1789429368517308480,58223480,236,0,146316,0
1789429369547596408,58222052,248,0,146316,0
1789429370578152289,58221340,28,64,146316,0
1789429371608099649,58221128,68,0,146316,0
1789429372637245716,58219640,224,0,146316,0
1789429373664286304,58220204,240,0,146316,0
1789429374690502091,58219716,256,0,146316,0
1789429375716490221,58219240,288,0,146316,0
1789429376742821151,58217756,40,0,146316,0
1789429377769490797,58217016,72,0,146316,0
1789429378795706790,58215032,200,0,146316,0
1789429379822210562,58214064,212,0,146316,0
1789429380848579746,58213380,0,68,146316,0
1789429381874411509,58214168,48,0,146316,0
1789429382900311531,58214440,72,0,146316,0
1789429383927059414,58215976,92,0,146316,0
1789429384953581826,58217256,100,0,146316,0
1789429385980233952,58220592,12,0,146316,0
1789429387007049359,58220596,60,0,146316,0
1789429388033870775,58219164,200,0,146316,0
1789429389060660433,58218932,220,0,146316,0
1789429390087560512,58219280,228,0,146316,0
1789429391111742454,58217312,0,0,146316,0
1789429392138491480,58218124,60,0,146316,0
1789429393165168953,58218408,212,0,146316,0
1789429394191676591,58217700,224,0,146316,0
1789429395217942301,58220492,240,0,146316,0
1789429396244674874,58221276,8,160,146316,0
1789429397271245857,58222036,60,0,146316,0
1789429398298188169,58220172,196,0,146316,0
1789429399325136803,58221236,208,0,146316,0
1789429400351474506,58222272,228,0,146316,0
1789429401378064247,58221028,8,0,146316,0
1789429402404473990,58220304,64,0,146316,0
1789429403431075544,58219564,192,0,146316,0
1789429404457941395,58219852,212,0,146316,0
1789429405484671748,58219420,228,0,146316,0
1789429406511495449,58222212,244,0,146316,0
1789429407538380503,58221984,148,0,146316,0
1789429408565157702,58221284,184,0,146316,0
1789429409591713148,58222068,192,0,146316,0
1789429410618677075,58222388,212,0,146316,0
1789429411645450592,58221948,228,0,146316,0
1789429412672104890,58220484,164,0,146316,0
1789429413698589777,58220308,180,0,146316,0
1789429414725476755,58220388,196,0,146316,0
1789429415752290758,58219184,208,0,146316,0
1789429416778411794,58219240,232,0,146316,0
1789429417805205310,58221596,148,0,146316,0
1789429418832234718,58220404,200,0,146316,0
1789429419858994646,58220440,212,0,146316,0
1789429420885717298,58218944,212,0,146316,0
1789429421912755836,58217280,240,0,146316,0
1789429422940664857,58216832,172,0,146316,0
1789429423967226152,58218932,200,0,146316,0
1789429424995757041,58220492,212,0,146316,0
1789429426022238646,58221788,228,0,146316,0
1789429427049374738,58222072,244,0,146316,0
1789429428077219620,58220912,24,0,146316,0
1789429429104552178,58219928,68,0,146316,0
1789429430134073972,58220704,88,0,146316,0
1789429431160696287,58221084,96,0,146316,0
1789429432187536084,58219596,112,0,146316,0
1789429433214731099,58221636,4,0,146316,0
1789429434241232707,58220964,60,0,146316,0
1789429435270662657,58222064,76,0,146316,0
1789429436297309152,58222088,88,0,146316,0
1789429437324047535,58222160,104,0,146316,0
1789429438351542966,58221448,24,0,146316,0
1789429439379065828,58222236,88,0,146316,0
1789429440408555210,58221996,96,0,146316,0
1789429441435345158,58222032,112,0,146316,0
1789429442462490798,58221836,236,0,146316,0
1789429443490310684,58222620,44,0,146316,0
1789429444517626807,58223180,76,0,146316,0
1789429445547544257,58221964,92,0,146316,0
1789429446574420488,58222236,112,0,146316,0
1789429447601554962,58223792,244,0,146316,0
1789429448628931535,58224096,40,0,146316,0
1789429449656277751,58224144,76,0,146316,0
1789429450685826651,58223144,88,0,146316,0
1789429451712850963,58222808,108,0,146316,0
1789429452739908983,58221864,256,0,146316,0
1789429453767421942,58222676,48,76,146316,0
1789429454794703230,58223220,72,0,146316,0
1789429455824039580,58222024,88,0,146316,0
1789429456850259184,58221788,100,0,146316,0
1789429457877399828,58225128,256,0,146316,0
1789429458904834572,58224440,32,0,146316,0
1789429459932411529,58224028,84,0,146316,0
1789429460962135371,58224056,104,0,146316,0
1789429461988794729,58222820,112,0,146316,0
1789429463015813547,58223896,240,0,146316,0
1789429464043131121,58223516,16,0,146316,0
1789429465070748631,58222800,72,0,146316,0
1789429466101035015,58222828,84,0,146316,0
1789429467127669271,58225616,104,0,146316,0
1789429468154492417,58226424,236,0,146316,0
1789429469181867605,58226216,8,0,146316,0
1789429470209115050,58225740,72,0,146316,0
1789429471238898219,58225004,80,0,146316,0
1789429472265919694,58223768,92,0,146316,0
1789429473292894440,58224568,232,0,146316,0
1789429474320113573,58225128,8,0,146316,0
1789429475346855900,58224644,60,0,146316,0
1789429476376208811,58225696,84,0,146316,0
1789429477402822152,58226008,204,0,146316,0
1789429478429922523,58225520,220,0,146316,0
1789429479457117445,58227348,248,0,146316,0
1789429480483946534,58225872,76,0,146316,0
1789429481513476608,58225384,88,0,146316,0
1789429482540063308,58227204,232,0,146316,0
1789429483567023494,58226464,236,0,146316,0
1789429484594212769,58226768,12,0,146316,0
1789429485621933270,58224556,36,0,146316,0
1789429486652019709,58224132,80,0,146316,0
1789429487679108573,58224176,88,0,146316,0
1789429488706287380,58223484,232,0,146316,0
1789429489733408516,58222764,256,0,146316,0
1789429490761066757,58221324,36,0,146316,0
1789429491790967199,58221928,76,0,146316,0
1789429492818047919,58222500,96,0,146316,0
1789429493845730883,58223320,224,0,146316,0
1789429494872461842,58223440,228,0,146316,0
1789429495899629110,58227696,68,0,146316,0
1789429496926377453,58225680,80,0,146316,0
1789429497953362360,58224652,8220,0,146316,0
1789429498979972776,58224244,8236,0,146316,0
1789429500007222146,58225092,4032,0,146316,0
1789429501038024227,58225204,4092,0,146316,0
1789429502068746061,58222720,4332,0,146316,0
1789429503099249089,58221996,4352,0,146316,0
1789429504129651957,58221368,4364,0,146316,0
1789429505160219047,58222464,356,0,146316,0
1789429506190751460,58222472,364,0,146316,0
1789429507221132812,58222648,408,0,146316,0
1789429508251209240,58222212,420,0,146316,0
1789429509280836260,58223760,440,0,146316,0
1789429510309068599,58222328,0,0,146316,0
1789429511338952905,58222612,68,0,146316,0
1789429512369650302,58223132,252,0,146316,0
1789429513399494038,58222676,264,0,146316,0
1789429514430075308,58223264,284,0,146316,0
1789429515459868601,58221584,300,0,146316,0
1789429516490191342,58220676,60,0,146316,0
1789429517520252005,58221216,184,0,146316,0
1789429518551528229,58219996,204,0,146316,0
1789429519582356288,58219040,216,0,146316,0
1789429520613209062,58217548,0,8,146316,0
1789429521643836115,58216816,68,0,146316,0
1789429522673824964,58217140,200,0,146316,0
1789429523700952193,58218204,216,0,146316,0
1789429524728088972,58217528,228,0,146316,0
1789429525754131471,58218596,0,76,146316,0
1789429526781509277,58219152,48,0,146316,0
1789429527808461961,58218464,168,0,146316,0
1789429528836233201,58217280,188,0,146316,0
1789429529864406115,58215984,204,0,146316,0
1789429530895154083,58216352,228,0,146316,0
1789429531926141868,58216228,68,0,146316,0
1789429532957175772,58215848,196,0,146316,0
1789429533988350431,58216940,216,0,146316,0
1789429535019376381,58216972,232,0,146316,0
1789429536050022348,58216788,244,0,146316,0
1789429537081556153,58217568,296,0,146316,0
1789429538112581918,58217628,200,0,146316,0
1789429539142432265,58216908,208,0,146316,0
1789429540173237643,58219768,232,0,146316,0
1789429541204253708,58222624,240,0,146316,0
1789429542235225574,58222684,28,0,146316,0
1789429543266146951,58224016,176,0,146316,0
1789429544297101510,58224120,196,0,146316,0
1789429545326513021,58224220,212,0,146316,0
1789429546352004088,58223492,224,0,146316,0
1789429547381234822,58224088,8,0,146316,0
1789429548411763144,58226156,156,0,146316,0
1789429549442694517,58228800,192,0,146316,0
1789429550472802363,58229388,220,0,146316,0
1789429551499690725,58227692,236,0,146316,0
1789429552526471572,58228756,264,0,146316,0
1789429553553177178,58230044,40,0,146316,0
1789429554580054157,58229128,84,0,146316,0
1789429555606854716,58230152,84,0,146316,0
1789429556634679405,58229520,112,0,146316,0
1789429557665747994,58229608,0,64,146316,0
1789429558696757967,58229116,60,0,146316,0
1789429559727052069,58229428,80,0,146316,0
1789429560758279372,58230268,104,0,146316,0
1789429561789342251,58231964,112,0,146316,0
1789429562817150746,58231264,264,0,146316,0
1789429563846211196,58230540,52,0,146316,0
1789429564876719340,58229096,80,0,146316,0
1789429565907422081,58229232,88,0,146316,0
1789429566938323019,58228020,108,0,146316,0
1789429567969138963,58226536,264,0,146316,0
1789429568999992151,58227300,56,0,146316,0
1789429570031475256,58227860,72,0,146316,0
1789429571062794847,58229696,92,0,146316,0
1789429572093953934,58230216,108,0,146316,0
1789429573125214408,58229788,236,0,146316,0
1789429574156690923,58229624,68,0,146316,0
1789429575187552350,58228880,80,0,146316,0
1789429576218892729,58227920,92,0,146316,0
1789429577250849832,58227776,104,0,146316,0
1789429578282537495,58227620,8,0,146316,0
1789429579313973533,58227680,64,0,146316,0
1789429580341344917,58227868,84,0,146316,0
1789429581369405237,58228160,100,0,146316,0
1789429582396146220,58227168,124,0,146316,0
1789429583423196378,58226476,260,0,146316,0
1789429584450824928,58225488,64,0,146316,0
1789429585482258324,58224768,84,0,146316,0
1789429586513291119,58224284,100,0,146316,0
1789429587545213378,58223380,224,0,146316,0
1789429588575728935,58222132,244,0,146316,0
1789429589606241545,58222744,68,0,146316,0
1789429590636588770,58221252,80,0,146316,0
1789429591667281563,58220104,104,0,146316,0
1789429592698480347,58221132,112,0,146316,0
1789429593730313562,58222492,16,88,146316,0
1789429594762152179,58222732,72,0,146316,0
1789429595793247530,58223304,88,0,146316,0
1789429596823774372,58225404,96,0,146316,0
1789429597852389104,58225452,104,0,146316,0
1789429598879567811,58225224,260,0,146316,0
1789429599908110307,58224528,72,0,146316,0
1789429600937995244,58224588,84,0,146316,0
1789429601968015941,58224100,108,0,146316,0
1789429602998227343,58223376,232,0,146316,0
1789429604028566688,58227220,4,0,146316,0
1789429605058975285,58226996,68,0,146316,0
1789429606088660570,58227020,80,0,146316,0
1789429607117932886,58227336,100,0,146316,0
1789429608144551403,58227128,244,0,146316,0
1789429609170940674,58226648,0,0,146316,0
1789429610197440654,58224728,60,0,146316,0
1789429611224012028,58224808,72,0,146316,0
1789429612250337648,58225628,88,0,146316,0
1789429613277500790,58223692,212,0,146316,0
1789429614307011108,58223216,0,64,146316,0
1789429615334708067,58222764,60,0,146316,0
1789429616362472774,58222292,80,0,146316,0
1789429617391912101,58222584,100,0,146316,0
1789429618421492415,58224660,220,0,146316,0
1789429619451148707,58224956,16,80,146316,0
1789429620480894430,58223260,64,0,146316,0
1789429621510653853,58222036,84,0,146316,0
1789429622540608976,58223112,224,0,146316,0
1789429623570802653,58223152,244,0,146316,0
1789429624601454750,58223268,260,0,146316,0
1789429625631887476,58221364,64,0,146316,0
1789429626661985327,58221160,72,0,146316,0
1789429627691394880,58221180,248,0,146316,0
1789429628720861635,58220720,372,0,146316,0
1789429629750542937,58221308,400,0,146316,0
1789429630780165030,58221380,60,0,146316,0
1789429631809658763,58224720,84,0,146316,0
1789429632837182401,58224024,304,0,146316,0
1789429633866013392,58225340,320,0,146316,0
1789429634895192823,58223336,8,0,146316,0
1789429635917828947,58223148,64,0,146316,0
1789429636944266636,58221688,80,0,146316,0
1789429637970525439,58221236,208,0,146316,0
1789429638997080012,58221036,216,0,146316,0
1789429640023671348,58221628,4,0,146316,0
1789429641050534499,58221948,60,0,146316,0
1789429642080400317,58223772,80,0,146316,0
1789429643110324712,58224884,200,0,146316,0
1789429644139928720,58224696,220,0,146316,0
1789429645169965011,58225764,244,0,146316,0
1789429646199924741,58226584,60,0,146316,0
1789429647230128362,58227144,84,0,146316,0
1789429648259889533,58227688,212,0,146316,0
1789429649288525574,58229008,228,0,146316,0
1789429650316443121,58228540,240,0,146316,0
1789429651345169209,58226580,64,0,146316,0
1789429652375302918,58227416,84,0,146316,0
1789429653405633921,58226680,232,0,146316,0
1789429654436177089,58228212,256,0,146316,0
1789429655466085101,58229036,0,0,146316,0
1789429656496133686,58228588,64,0,146316,0
1789429657526321802,58227692,188,0,146316,0
1789429658556889884,58229788,208,0,146316,0
1789429659587248463,58228836,224,0,146316,0
1789429660616370941,58228872,0,100,146316,0
1789429661645982572,58227688,56,0,146316,0
1789429662675845127,58225748,200,0,146316,0
1789429663705029510,58225564,228,0,146316,0
1789429664731811363,58225828,236,0,146316,0
1789429665758398684,58231672,260,0,146316,0
1789429666785480586,58229952,48,0,146316,0
1789429667812358818,58229208,76,0,146316,0
1789429668839224544,58229040,212,0,146316,0
1789429669869069967,58228084,232,0,146316,0
1789429670899013368,58228640,4,0,146316,0
1789429671929078181,58227136,64,0,146316,0
1789429672958811710,58227676,200,0,146316,0
1789429673988869343,58227740,216,0,146316,0
1789429675018272176,58227284,232,0,146316,0
1789429676048586094,58225560,252,0,146316,0
1789429677079151646,58224320,64,0,146316,0
1789429678109066640,58224364,200,0,146316,0
1789429679138047255,58223924,216,0,146316,0
1789429680168159184,58225236,236,0,146316,0
1789429681197831796,58225300,244,0,146316,0
1789429682227768443,58224084,68,0,146316,0
1789429683257321938,58223400,200,0,146316,0
1789429684285751625,58222192,216,0,146316,0
1789429685312541899,58220760,228,0,146316,0
1789429686342007814,58222280,248,0,146316,0
1789429687372173113,58221088,48,0,146316,0
1789429688402008045,58221916,184,0,146316,0
1789429689432610728,58221016,204,0,146316,0
1789429690462606864,58221036,216,0,146316,0
1789429691492003959,58220576,244,0,146316,0
1789429692518279934,58220088,48,0,146316,0
1789429693544196764,58219532,192,0,146316,0
1789429694570357781,58220352,208,0,146316,0
1789429695596511804,58218892,216,0,146316,0
1789429696622850345,58218468,240,0,146316,0
1789429697649735120,58217284,40,0,146316,0
1789429698679641978,58218592,200,0,146316,0
1789429699709821305,58219420,212,0,146316,0
1789429700739427741,58219984,232,0,146316,0
1789429701767224622,58220260,240,0,146316,0
1789429702795704418,58220056,132,0,146316,0
1789429703825972683,58221204,188,0,146316,0
1789429704856041668,58220488,204,0,146316,0
1789429705885981065,58218524,228,0,146316,0
1789429706915840267,58219616,244,0,146316,0
1789429707945566179,58219668,200,0,146316,0
1789429708976322323,58220484,212,0,146316,0
1789429710006521086,58221272,224,0,146316,0
1789429711036443636,58221540,240,0,146316,0
1789429712066643531,58221588,256,0,146316,0
1789429713096957627,58222884,164,0,146316,0
1789429714127228565,58222208,184,0,146316,0
1789429715158091254,58222760,200,0,146316,0
1789429716187847521,58220576,212,0,146316,0
1789429717217901129,58220844,236,0,146316,0
1789429718247262747,58220904,184,0,146316,0
1789429719275507268,58222200,196,0,146316,0
1789429720303022934,58222968,220,0,146316,0
1789429721329551944,58224280,236,0,146316,0
1789429722355936444,58225052,0,0,146316,0
1789429723382303663,58223868,176,0,146316,0
1789429724408909715,58224920,200,0,146316,0
1789429725435427571,58225200,212,0,146316,0
1789429726463046306,58226540,236,0,146316,0
1789429727493430086,58227392,0,72,146316,0
1789429728523663111,58227676,64,0,146316,0
1789429729554051041,58227984,72,0,146316,0
1789429730584627136,58229068,88,0,146316,0
1789429731615150399,58229368,108,0,146316,0
1789429732645209776,58229684,0,0,146316,0
1789429733675045341,58230252,64,0,146316,0
1789429734704768177,58231588,80,0,146316,0
1789429735734223608,58232704,104,0,146316,0
1789429736761821917,58232960,116,0,146316,0
1789429737789495196,58232512,248,0,146316,0
1789429738819075074,58231676,40,0,146316,0
1789429739849086929,58231960,76,0,146316,0
1789429740878101372,58232556,96,0,146316,0
1789429741908292345,58233884,116,0,146316,0
1789429742938085203,58233652,232,0,146316,0
1789429743968239808,58233168,48,0,146316,0
1789429744998612114,58232460,80,0,146316,0
1789429746028292670,58236556,88,0,146316,0
1789429747058074455,58234572,112,0,146316,0
1789429748087210546,58234092,276,0,146316,0
1789429749113595784,58235120,36,0,146316,0
1789429750140120485,58233628,72,0,146316,0
1789429751166011307,58231676,84,0,146316,0
1789429752192363500,58231940,96,0,146316,0
1789429753218263154,58231972,212,0,146316,0
1789429754242139145,58230252,32,0,146316,0
1789429755269082083,58231544,76,0,146316,0
1789429756294894273,58229064,92,0,146316,0
1789429757321375422,58226072,116,0,146316,0
1789429758347740879,58226848,240,0,146316,0
1789429759374308237,58226392,8,0,146316,0
1789429760400649093,58227460,60,0,146316,0
1789429761426917895,58227232,80,0,146316,0
1789429762453186387,58226244,216,0,146316,0
1789429763480075735,58226764,240,0,146316,0
1789429764506599904,58226056,188,80,146316,0
1789429765533018468,58225332,68,0,146316,0
1789429766559338610,58226156,84,0,146316,0
1789429767585585850,58226176,228,0,146316,0
1789429768612611616,58227492,240,0,146316,0
1789429769640053790,58225876,152,4,146316,0
1789429770666990510,58226164,60,0,146316,0
1789429771693785573,58226996,72,0,146316,0
1789429772720557843,58226032,192,0,146316,0
1789429773747445365,58225580,212,0,146316,0
1789429774775235811,58228116,0,36,146316,0
1789429775805044322,58229184,64,0,146316,0
1789429776835213456,58228452,80,0,146316,0
1789429777865585509,58227544,104,0,146316,0
1789429778895494404,58226080,224,0,146316,0
1789429779923103515,58226700,4,0,146316,0
1789429780950160955,58226984,60,0,146316,0
1789429781977012581,58226252,76,0,146316,0
1789429783003406230,58225300,196,0,146316,0
1789429784030522705,58225080,216,0,146316,0
1789429785058665318,58225356,0,48,146316,0
1789429786088802632,58228660,68,0,146316,0
1789429787118316764,58227668,84,0,146316,0
1789429788146773970,58226700,220,0,146316,0
1789429789172919931,58225484,232,0,146316,0
1789429790200147028,58225044,4,12,146316,0
1789429791226993413,58226432,56,0,146316,0
1789429792254046135,58224568,80,0,146316,0
1789429793280554712,58223108,212,0,146316,0
1789429794307916086,58222924,224,0,146316,0
1789429795336629824,58219760,240,0,146316,0
1789429796366860713,58219844,64,0,146316,0
1789429797397745409,58220440,192,0,146316,0
1789429798427768251,58218732,204,0,146316,0
1789429799457791201,58219312,232,0,146316,0
1789429800485587223,58217316,248,0,146316,0
1789429801512555846,58218640,200,0,146316,0
1789429802539388677,58218408,216,0,146316,0
1789429803566305377,58217948,228,0,146316,0
1789429804593712854,58217724,244,0,146316,0
1789429805621571036,58216780,12,0,146316,0
1789429806649710828,58215808,56,0,146316,0
1789429807677694121,58216544,196,0,146316,0
1789429808704606060,58217000,208,0,146316,0
1789429809731215962,58217444,232,0,146316,0
1789429810757314942,58216764,0,76,146316,0
1789429811784414830,58217028,36,0,146316,0
1789429812811552210,58216872,2676,0,146316,0
1789429813838833247,58216880,2684,0,146316,0
1789429814868894912,58217244,2700,0,146316,0
1789429815899053007,58217784,2724,0,146316,0
1789429816929666287,58218064,168,0,146316,0
1789429817959844612,58219380,200,0,146316,0
1789429818990645487,58218952,224,0,146316,0
1789429820020999059,58218508,236,0,146316,0
1789429821051418554,58219840,248,0,146316,0
1789429822081824424,58220908,60,0,146316,0
1789429823110721364,58220256,188,0,146316,0
1789429824136604728,58219944,204,0,146316,0
1789429825166120932,58219488,212,0,146316,0
1789429826195938101,58224380,236,0,146316,0
1789429827225516109,58225420,152,0,146316,0
1789429828255759537,58225948,184,0,146316,0
1789429829286258796,58225992,200,0,146316,0
1789429830316823178,58224548,216,0,146316,0
1789429831347357897,58225832,236,0,146316,0
1789429832377526971,58226128,32,0,146316,0
1789429833408069323,58225420,196,0,146316,0
1789429834438446711,58226968,212,0,146316,0
1789429835468363887,58226980,232,0,146316,0
1789429836495949705,58227024,236,0,146316,0
1789429837522658423,58226588,140,0,146316,0
1789429838549465828,58225104,184,0,146316,0
1789429839576647390,58224664,200,0,146316,0
1789429840602987872,58225208,212,0,146316,0
1789429841630525993,58224228,236,0,146316,0
1789429842660730609,58223768,384,0,146316,0
1789429843691003650,58224792,200,0,146316,0
1789429844720827730,58225156,216,0,146316,0
1789429845750850028,58225184,228,0,146316,0
1789429846780915143,58225960,240,0,146316,0
1789429847811057260,58225992,0,16,146316,0
1789429848841464070,58225028,56,0,146316,0
1789429849871721816,58224800,80,0,146316,0
1789429850902135965,58224580,96,0,146316,0
1789429851932817848,58224108,112,0,146316,0
1789429852963368424,58223636,16,0,146316,0
1789429853993963820,58224408,64,0,146316,0
1789429855024588333,58224704,84,0,146316,0
1789429856054453067,58224020,96,0,146316,0
1789429857082224926,58223056,120,0,146316,0
1789429858111338696,58222136,12,0,146316,0
1789429859141941941,58223660,68,0,146316,0
1789429860172851339,58224220,80,0,146316,0
1789429861202488923,58224764,104,0,146316,0
1789429862232765095,58224324,116,0,146316,0
1789429863263307429,58224136,4,0,146316,0
1789429864293118378,58223908,72,0,146316,0
1789429865320209179,58222724,80,0,146316,0
1789429866346830105,58222256,100,0,146316,0
1789429867373427431,58222536,108,0,146316,0
1789429868407355286,58221564,8,0,146316,0
1789429869434752980,58221092,72,0,146316,0
1789429870465738238,58221880,84,0,146316,0
1789429871496973704,58222188,96,0,146316,0
1789429872527079834,58222304,116,0,146316,0
1789429873555098353,58221596,16,0,146316,0
1789429874583052171,58222416,60,0,146316,0
1789429875613411744,58223960,80,0,146316,0
1789429876644321059,58224528,100,0,146316,0
1789429877674567018,58223520,228,0,146316,0
1789429878704599641,58222544,4,0,146316,0
1789429879734889539,58223324,60,0,146316,0
1789429880765541834,58223388,80,0,146316,0
1789429881795447364,58221944,92,0,146316,0
1789429882825713475,58222972,236,0,146316,0
1789429883856621801,58221984,260,0,146316,0
1789429884886832577,58223848,52,0,146316,0
1789429885917418411,58223380,72,0,146316,0
1789429886947893921,58222684,88,0,146316,0
1789429887978669410,58224296,204,0,146316,0
1789429889009086568,58226352,0,0,146316,0
1789429890039094709,58224720,76,0,146316,0
1789429891067690130,58224492,92,0,146316,0
1789429892095305083,58224808,108,0,146316,0
1789429893121437373,58223852,236,0,146316,0
1789429894147466969,58222368,8,0,146316,0
1789429895173709973,58221376,60,0,146316,0
1789429896199656349,58221132,76,0,146316,0
1789429897226320605,58220420,100,0,146316,0
1789429898253228977,58221004,208,0,146316,0
1789429899283248986,58221360,0,0,146316,0
1789429900313748547,58223396,60,0,146316,0
1789429901344530193,58224444,84,0,146316,0
1789429902375177731,58224492,96,0,146316,0
1789429903405443541,58222760,224,0,146316,0
1789429904436444658,58223032,248,0,146316,0
1789429905467363559,58223348,44,0,146316,0
1789429906498192363,58223368,68,0,146316,0
1789429907526928204,58222388,208,0,146316,0
1789429908553475021,58222944,228,0,146316,0
1789429909583119527,58222776,240,0,146316,0
1789429910613911459,58221328,44,0,146316,0
1789429911644105339,58220368,92,0,146316,0
1789429912674065267,58218404,212,0,146316,0
1789429913704428050,58217752,228,0,146316,0
1789429914734850980,58215512,240,0,146316,0
1789429915765360346,58215824,64,0,146316,0
1789429916796382717,58216848,76,0,146316,0
1789429917827393280,58217672,204,0,146316,0
1789429918858269666,58217452,220,0,146316,0
1789429919888436288,58217320,232,0,146316,0
1789429920915544380,58216844,260,0,146316,0
1789429921942521040,58218440,72,0,146316,0
1789429922969343708,58217392,224,0,146316,0
1789429923996058476,58218196,232,0,146316,0
1789429925022366850,58217520,260,0,146316,0
1789429926048921794,58217844,24,0,146316,0
1789429927079381185,58217700,68,0,146316,0
1789429928109793766,58217472,200,0,146316,0
1789429929140178261,58218308,216,0,146316,0
1789429930171143491,58218108,232,0,146316,0
1789429931200933863,58217184,48,0,146316,0
1789429932231697778,58218540,84,0,146316,0
1789429933262169007,58219116,216,0,146316,0
1789429934292665477,58217948,236,0,146316,0
1789429935323160375,58219756,248,0,146316,0
1789429936353235228,58218272,40,0,146316,0
1789429937382890415,58217836,68,0,146316,0
1789429938412975150,58217132,192,0,146316,0
1789429939443073341,58216668,204,0,146316,0
1789429940471798451,58215180,220,0,146316,0
1789429941500226580,58215972,40,0,146316,0
1789429942531070336,58217296,80,0,146316,0
1789429943562064713,58219168,212,0,146316,0
1789429944592637725,58220956,228,0,146316,0
1789429945623287964,58220784,248,0,146316,0
1789429946654187498,58220136,36,72,146316,0
1789429947684928545,58219684,176,0,146316,0
1789429948714875683,58220752,200,0,146316,0
1789429949742030915,58219764,208,0,146316,0
1789429950769027754,58220592,240,0,146316,0
1789429951796181609,58220688,276,0,146316,0
1789429952823080364,58222496,84,0,146316,0
1789429953850985599,58223816,228,0,146316,0
1789429954881328562,58225396,244,0,146316,0
1789429955909057158,58223680,264,0,146316,0
1789429956938438870,58223528,24,0,146316,0
1789429957966689880,58222288,204,0,146316,0
1789429958995989701,58222564,212,0,146316,0
1789429960026769647,58222596,228,0,146316,0
1789429961056996216,58221628,248,0,146316,0
1789429962086877870,58222216,16,0,146316,0
1789429963117381774,58221028,176,0,146316,0
1789429964147449402,58221112,196,0,146316,0
1789429965177323079,58219916,204,0,146316,0
1789429966207822862,58219488,224,0,146316,0
1789429967238464040,58219320,252,0,146316,0
1789429968268721977,58220888,172,0,146316,0
1789429969299516844,58219684,188,0,146316,0
1789429970330440061,58217728,208,0,146316,0
1789429971361667136,58217028,224,0,146316,0
1789429972392584833,58217868,256,0,146316,0
1789429973422986502,58218956,188,0,146316,0
1789429974451841627,58217716,208,0,146316,0
1789429975480423672,58218524,228,0,146316,0
1789429976510280467,58220664,244,0,146316,0
1789429977537281277,58219988,132,100,146316,0
1789429978564041862,58219540,188,0,146316,0
1789429979590767317,58219396,200,0,146316,0
1789429980617491558,58219248,216,0,146316,0
1789429981644597595,58218588,232,0,146316,0
1789429982673372333,58220632,116,192,146316,0
1789429983704151265,58218924,184,0,146316,0
1789429984735617413,58218708,192,0,146316,0
1789429985767030678,58217988,212,0,146316,0
1789429986798097084,58219800,228,0,146316,0
1789429987828577326,58218968,4,52,146316,0
1789429988858472324,58217748,56,0,146316,0
1789429989889102185,58219800,80,0,146316,0
1789429990918168475,58218820,96,0,146316,0
1789429991946951091,58218596,108,0,146316,0
1789429992975766317,58217876,8,0,146316,0
1789429994006729240,58217908,60,0,146316,0
1789429995037537540,58217180,80,0,146316,0
1789429996068587529,58219480,92,0,146316,0
1789429997099476006,58218752,116,0,146316,0
1789429998130844744,58218812,8,0,146316,0
1789429999161376165,58217864,64,0,146316,0
1789430000191879343,58217144,80,0,146316,0
1789430001222523985,58216932,88,0,146316,0
1789430002251973120,58216780,112,0,146316,0
1789430003282811454,58215060,260,0,146316,0
1789430004313056760,58214952,76,0,146316,0
1789430005343279822,58214836,88,0,146316,0
1789430006373176192,58215156,112,0,146316,0
1789430007400360656,58215460,124,0,146316,0
1789430008427985153,58215744,0,0,146316,0
1789430009457378087,58216804,72,0,146316,0
1789430010487335344,58218140,92,0,146316,0
1789430011517309998,58218160,92,0,146316,0
1789430012547454665,58217948,128,0,146316,0
1789430013577492740,58216496,0,0,146316,0
1789430014607745749,58216552,56,0,146316,0
1789430015637916150,58215604,76,0,146316,0
1789430016667421148,58216884,88,0,146316,0
1789430017696960539,58216952,116,0,146316,0
1789430018726502252,58216508,252,0,146316,0
1789430019756078548,58216288,100,0,146316,0
1789430021365484350,58252204,116,0,146316,0
