procs -----------------------memory---------------------- ---swap-- -----io---- -system-- --------cpu-------- -----timestamp-----
 r  b         swpd         free         buff        cache   si   so    bi    bo   in   cs  us  sy  id  wa  st                 KST
 3  1       551200     68111536        89456     59056272    2    3 13535   590    0    1   1   1  97   2   0 2026-09-15 07:34:39
 3  0       551200     67999824        90308     59074076    0    0 18424     0 3616 5621   3   1  97   0   0 2026-09-15 07:34:40
 2  0       551200     67916512        91168     59094812   20    0 21560   100 4749 7537   3   1  96   0   0 2026-09-15 07:34:41
 1  0       551200     67823784        92440     59134640    0    0 41280     0 5951 6837   5   7  88   0   0 2026-09-15 07:34:42
 1  0       551200     67789552        92900     59139372    0    0  4824     0 3200 4517   3   0  97   0   0 2026-09-15 07:34:43
 1  0       551200     67790064        92900     59139452    0    0    68   428 2610 3628   0   0  99   0   0 2026-09-15 07:34:44
 2  0       551200     67741712        93140     59169252    0    0 30512     0 3006 4610   1   1  98   0   0 2026-09-15 07:34:45
 1  0       551200     67722832        93360     59176116   16    0  6572   172 2928 4460   1   0  99   0   0 2026-09-15 07:34:46
 1  0       551200     67585744        93368     59184248    0    0  8128     0 2513 3692   1   1  98   0   0 2026-09-15 07:34:47
 1  0       551200     67427752        93368     59184264    0    0     0     0 2641 3637   3   0  97   0   0 2026-09-15 07:34:48
 1  0       551200     67360976        93368     59184276    0    0     0     0 2502 3645   3   0  97   0   0 2026-09-15 07:34:49
 3  0       551200     66975432        93908     59193176    0    0  9568   328 3647 5333   3   1  96   0   0 2026-09-15 07:34:50
 2  1       551200     66586784        94032     59242648   64    0 39684   104 9623 6906  19   1  79   0   0 2026-09-15 07:34:51
 1  0       551200     66946004        95504     59396040    0    0 103336     0 7477 9907   6   1  92   1   0 2026-09-15 07:34:52
 2  0       551200     66228104        95516     59493888    0    0 14076     0 8137 11139   3   2  95   0   0 2026-09-15 07:34:53
 1  0       551200     62006436        95516     59494216    0    0     4     0 8459 12559   4   3  94   0   0 2026-09-15 07:34:54
 1  0       551200     58273120        95516     59494216    0    0     0   304 7753 12546   1   2  97   0   0 2026-09-15 07:34:55
 1  0       551200     54318136        95528     59494232    0    0     0   216 7844 12612   1   2  97   0   0 2026-09-15 07:34:56
 1  0       551200     49903464        95528     59494248    0    0     0     0 7471 12375   1   2  97   0   0 2026-09-15 07:34:57
 1  0       551200     46069148        95528     59494256    0    0     0     0 7635 12414   1   2  97   0   0 2026-09-15 07:34:58
 1  0       551200     42020664        95528     59494272    0    0     0     0 7459 12454   1   2  97   0   0 2026-09-15 07:34:59
procs -----------------------memory---------------------- ---swap-- -----io---- -system-- --------cpu-------- -----timestamp-----
 r  b         swpd         free         buff        cache   si   so    bi    bo   in   cs  us  sy  id  wa  st                 KST
 1  1       550944     37614092        95528     59494288   16    0    16   348 7817 12456   1   2  97   0   0 2026-09-15 07:35:00
 2  0       550944     33781856        95536     59494296  116    0   116   116 7890 12570   1   2  96   0   0 2026-09-15 07:35:01
 2  0       550944     29786328        95536     59494344    0    0    24     0 7766 12556   1   2  96   0   0 2026-09-15 07:35:02
 1  0       550944     25340664        95536     59494352    0    0     0     0 7655 12712   1   2  96   0   0 2026-09-15 07:35:03
 1  0       550944     21460264        95536     59494372    0    0     0     0 7488 12403   1   2  97   0   0 2026-09-15 07:35:04
 1  0       550944     17523680        95536     59494384    0    0     0   400 7486 12492   1   2  97   0   0 2026-09-15 07:35:05
 2  0       550944     13119384        95548     59494396    0    0     0   164 7823 12894   1   2  97   0   0 2026-09-15 07:35:06
 1  0       550944      9213752        95548     59494416    0    0     0     0 7697 12553   1   2  97   0   0 2026-09-15 07:35:07
 1  0       550944      5248708        95548     59494432    0    0     0     0 7398 12419   1   2  97   0   0 2026-09-15 07:35:08
 1  0       550944       981836        95544     59411896    0    0     0     0 7756 12531   1   2  97   0   0 2026-09-15 07:35:09
 2  0       550944      7324828        95864     52588848    0    0   456   312 125239 12966   1   4  96   0   0 2026-09-15 07:35:10
 2  0       550944     16007152        95948     43913656    0    0    64  2448 86580 12850   0   6  94   0   0 2026-09-15 07:35:11
 2  0       550944     24402768        96008     35529032    0    0    92     0 34552 12571   0   6  94   0   0 2026-09-15 07:35:12
 2  0       550944     32968100        96096     26973452    0    0    88     0 30171 12649   0   6  94   0   0 2026-09-15 07:35:13
 2  0       550944     42711372        96144     17250300    0    0    80     0 9818 12726   0   3  96   0   0 2026-09-15 07:35:14
 1  0       550944     52087748        96224      7910880    0    0    80  2300 8299 12676   0   3  97   0   0 2026-09-15 07:35:15
 1  0       550944     57084592        96276      2933600    0    0   480  2868 8053 12439   0   2  98   0   0 2026-09-15 07:35:16
 5 13       550944     56640356        96280      3185160    0    0 254112     4 8569 15091   1   2  91   6   0 2026-09-15 07:35:17
 3 15       550944     54261508        96280      4376012    0    0 1189632     0 13682 21014   5   6  63  26   0 2026-09-15 07:35:18
 1  0       550944     52265192        96280      5367848    0    0 990464     0 12692 19810   5   5  68  22   0 2026-09-15 07:35:19
 3 17       550944     53899952        96280      6177404    0    0 810596   296 11220 18512   4   3  71  22   0 2026-09-15 07:35:20
procs -----------------------memory---------------------- ---swap-- -----io---- -system-- --------cpu-------- -----timestamp-----
 r  b         swpd         free         buff        cache   si   so    bi    bo   in   cs  us  sy  id  wa  st                 KST
 1 17       550944     52911396        96296      7173840    0    0 997168  2912 12791 20011   5   4  63  28   0 2026-09-15 07:35:21
 2 16       550944     51692228        96296      8398852    0    0 1225232     0 13670 21599   5   4  60  31   0 2026-09-15 07:35:22
 5 14       550944     50471036        96296      9623548    0    0 1223732     0 13812 21835   6   4  59  31   0 2026-09-15 07:35:23
 3 15       550944     49430052        96300     10668296    0    0 1044708     0 12959 20392   6   4  63  28   0 2026-09-15 07:35:24
 2 16       550944     48208136        96300     11889520    0    0 1220440     0 13454 21532   5   4  61  30   0 2026-09-15 07:35:25
 5 14       550944     46976616        96308     13118008    0    0 1229256   760 14147 22311   6   5  57  32   0 2026-09-15 07:35:26
 1  0       550944     45860764        96312     14233372    0    0 1114888     0 13253 20631   7   4  61  29   0 2026-09-15 07:35:27
 2 16       550944     44679424        96312     15424204    0    0 1190232     0 13391 21389   5   4  61  30   0 2026-09-15 07:35:28
 3 15       550944     43454200        96312     16646932    0    0 1223696     0 13534 21872   6   4  60  31   0 2026-09-15 07:35:29
 4 14       550944     42226708        96312     17880712    0    0 1233504     0 13771 21538   6   4  59  31   0 2026-09-15 07:35:30
 3 16       550944     41119928        96324     18989984    0    0 1109760   540 13226 20842   6   4  60  30   0 2026-09-15 07:35:31
 4 14       550944     39897000        96324     20210604    0    0 1220880     0 13443 21655   5   4  59  31   0 2026-09-15 07:35:32
 4 14       550944     38672056        96324     21433168    0    0 1222196     0 13696 21601   6   4  59  30   0 2026-09-15 07:35:33
 0 18       550944     37610920        96328     22501352    0    0 1067068     0 12981 20515   6   3  63  28   0 2026-09-15 07:35:34
 4 14       550944     36383432        96328     23724312    0    0 1223740     0 13451 21516   6   4  60  30   0 2026-09-15 07:35:35
 4 16       550944     35158964        96336     24947580    0    0 1224184   356 13223 21571   6   4  59  31   0 2026-09-15 07:35:36
 3 15       550944     34055708        96340     26055724    0    0 1107464     0 13312 20702   6   4  62  28   0 2026-09-15 07:35:37
 6 13       550944     32820160        96340     27293064    0    0 1237592     0 13465 21616   5   4  61  30   0 2026-09-15 07:35:38
 1 17       550944     31594936        96340     28515736    0    0 1222196     0 13275 21588   6   4  60  30   0 2026-09-15 07:35:39
 1  0       550944     30448340        96344     29662236    0    0 1145700     0 13342 21067   7   3  59  31   0 2026-09-15 07:35:40
 2 17       550944     29257140        96352     30858052    0    0 1196888    48 13126 21367   5   4  61  30   0 2026-09-15 07:35:41
procs -----------------------memory---------------------- ---swap-- -----io---- -system-- --------cpu-------- -----timestamp-----
 r  b         swpd         free         buff        cache   si   so    bi    bo   in   cs  us  sy  id  wa  st                 KST
 2 16       550944     28027664        96352     32083964    0    0 1225488   456 13418 21668   6   3  60  31   0 2026-09-15 07:35:42
 0 18       550944     26818820        96352     33289648    0    0 1206880     0 13715 21637   6   4  57  33   0 2026-09-15 07:35:43
 4 15       550944     25677544        96356     34432756    0    0 1141504     0 13641 20924   6   4  61  30   0 2026-09-15 07:35:44
 0 18       550944     24439224        96356     35668540    4    0 1237068     0 13650 21585   6   4  58  32   0 2026-09-15 07:35:45
 7 15       550944     23209772        96364     36897880    0    0 1229108   152 13578 21790   6   4  58  32   0 2026-09-15 07:35:46
 3 16       550944     22081096        96368     38025748    0    0 1127724   300 13240 20842   6   4  59  31   0 2026-09-15 07:35:47
 2 16       550944     20854868        96368     39251268    0    0 1225744     0 13432 21583   5   4  60  31   0 2026-09-15 07:35:48
 3 15       550944     19624604        96368     40485516    0    0 1232976     0 13409 21502   6   5  58  31   0 2026-09-15 07:35:49
 4 14       550944     18499688        96372     41611800    0    0 1127140     0 13173 20967   6   4  60  30   0 2026-09-15 07:35:50
 4 14       550944     17272452        96380     42838824    0    0 1226628   120 13617 21472   5   4  61  30   0 2026-09-15 07:35:51
 3 17       550944     16025836        96380     44082728    0    0 1245448   184 13497 21615   6   4  57  33   0 2026-09-15 07:35:52
 2 16       550944     14914264        96384     45200012    0    0 1115656   196 13139 20588   6   4  58  32   0 2026-09-15 07:35:53
 3 15       550944     13707696        96384     46403144    0    0 1204056     0 13474 21611   5   5  60  31   0 2026-09-15 07:35:54
 7 12       550944     12496836        96384     47612672    0    0 1208336     0 13396 21739   5   4  57  33   0 2026-09-15 07:35:55
 4 15       550944     11264556        96392     48842688    0    0 1230424   136 13413 21412   6   4  57  33   0 2026-09-15 07:35:56
 3 15       550944     10157020        96396     49956992    0    0 1113608     0 13013 20557   6   4  62  28   0 2026-09-15 07:35:57
 2 16       550944      8926256        96396     51185312    0    0 1228304   164 13306 21601   5   4  60  31   0 2026-09-15 07:35:58
 4 14       550944      7703584        96396     52405672    0    0 1221428     0 13519 21453   6   4  56  34   0 2026-09-15 07:35:59
 1 17       550944      6598848        96400     53509544    0    0 1103916     0 13221 20719   6   3  62  28   0 2026-09-15 07:36:00
 4 15       550944      5351200        96408     54754456    0    0 1244788   116 13506 21541   5   4  60  31   0 2026-09-15 07:36:01
 4 14       550944      4128500        96408     55974724    0    0 1221172     0 13462 21498   6   4  57  33   0 2026-09-15 07:36:02
procs -----------------------memory---------------------- ---swap-- -----io---- -system-- --------cpu-------- -----timestamp-----
 r  b         swpd         free         buff        cache   si   so    bi    bo   in   cs  us  sy  id  wa  st                 KST
 2 16       550688      3048456        96412     57076004   68    0 1099828   332 13415 22069   7   4  61  28   0 2026-09-15 07:36:03
 3 16       550688      2141208        96412     57992344    0    0 1225860     0 13527 21660   6   4  58  32   0 2026-09-15 07:36:04
 5 14       550688      1772940        96412     58392460    0    0 1211284     0 406121 21811   7   6  57  30   0 2026-09-15 07:36:05
 4 14       550688      1628724        96424     58554028    0    0 1046268   132 38545 21227   7   5  61  28   0 2026-09-15 07:36:06
 0 18       550688      1463808        96424     58722156    0    0 1208152     0 573091 22061   7   6  57  30   0 2026-09-15 07:36:07
 3 15       550688      1312592        96424     58877248    0    0 1198096   296 606330 21746   7   6  59  28   0 2026-09-15 07:36:08
11  9       550688      1137240        96424     59045948    0    0 1194336     0 631061 21800   8   7  56  29   0 2026-09-15 07:36:09
 4 15       550688      1000808        96428     59181308    0    0 1040900     0 47068 20590   5   5  65  25   0 2026-09-15 07:36:10
 5 15       550688       866944        96436     59319828    0    0 1217296   120 669718 21769   7   7  59  28   0 2026-09-15 07:36:11
 2 16       550688       827576        96436     59352140    0    0 1220916     0 13727 21455   6   5  59  30   0 2026-09-15 07:36:12
12  7       589712      1099832        96428     59137104    0 38828 1006888 38828 37641 21587   5   5  63  27   0 2026-09-15 07:36:13
 3 15       589712       926560        96408     59346200   52  104 1195452   388 958654 21510   9   6  57  28   0 2026-09-15 07:36:14
 4 15       589712       762320        96376     59500692    0    0 1188920     0 142998 21507   6  11  55  28   0 2026-09-15 07:36:15
10  9       589712       787876        96332     59467088    0    0 1165884   164 14265 21155   6  19  52  24   0 2026-09-15 07:36:16
 7 11       589712       897584        96312     59361284    0    0 1035780     0 13537 20119   5  15  58  21   0 2026-09-15 07:36:17
 9 10       589712       866964        96304     59396868    0    0 1165832     0 1662115 21294   8  19  50  22   0 2026-09-15 07:36:18
11  8       589712       872720        96292     59382992    0    0 1151220 12604 587974 21443   7  20  50  23   0 2026-09-15 07:36:19
13  8       589712       872876        96288     59382160    0    0 953628 41004 1011481 19743   8  15  57  20   0 2026-09-15 07:36:20
 9 12       589712       893596        96292     59354508    0    0 831232 188764 641983 19685   5  18  48  28   0 2026-09-15 07:36:21
10  9       589712       873660        96288     59382460    0    0 903952 147488 759585 20302   6  16  50  28   0 2026-09-15 07:36:22
 6 15       589712       869360        96284     59373796    0    0 862292 163840 1124138 20231   8  17  48  27   0 2026-09-15 07:36:23
procs -----------------------memory---------------------- ---swap-- -----io---- -system-- --------cpu-------- -----timestamp-----
 r  b         swpd         free         buff        cache   si   so    bi    bo   in   cs  us  sy  id  wa  st                 KST
15  6       589712       885552        96284     59365184    0    0 887504 319664 503714 20665   6  16  56  22   0 2026-09-15 07:36:24
 5 16       589712       871708        96072     59382612    0    0 1084504 188416 1824498 21975   9  20  49  23   0 2026-09-15 07:36:25
12  9       589712       832860        96076     59411140    0    0 752056 978948 876486 18512   6  13  53  29   0 2026-09-15 07:36:26
15  5       589712       879728        96072     59353540    0    0 850244 919112 1212188 19469   7  16  50  27   0 2026-09-15 07:36:27
 1 18       589712       845908        96072     59396620    0    0 787076 1125548 1484819 18441   6  17  52  25   0 2026-09-15 07:36:28
11  9       589712       816524        96068     59423784    4    0 693960 237568 273209 18653   5  14  55  26   0 2026-09-15 07:36:29
 2 18       589712       835744        96044     59396544    0    0 685528 262144 538688 18583   5  14  51  30   0 2026-09-15 07:36:30
 3 15       589712       864740        96040     59370368    0    0 470016 391720 525280 16710   3   8  57  32   0 2026-09-15 07:36:31
 0 19       589712       844916        96052     59382208    0    0 466476 350356 216544 16556   3   8  55  34   0 2026-09-15 07:36:32
 5 15       589712       848452        96052     59375408    0    0 438040 357112 196503 16796   4   7  55  34   0 2026-09-15 07:36:33
 0 19       589712       876692        96052     59342512    0    0 397044 445160 219184 16685   3   8  53  37   0 2026-09-15 07:36:34
 4 16       589712       816480        96028     59395416    0    0 440640 382332 191412 16495   3   9  52  36   0 2026-09-15 07:36:35
 5 16       589712       851964        96032     59357348    0    0 422544 451672 271039 16245   3   7  56  34   0 2026-09-15 07:36:36
 6 13       589712       836948        96032     59374308    0    0 432284 424556 292764 16766   4   7  58  30   0 2026-09-15 07:36:37
18  2       589712       796872        96020     59406904    0    0 417624 409600 248741 15678   3   8  55  34   0 2026-09-15 07:36:38
 6 13       589712       942516        96000     59261460    0    0 425548 419108 237509 16468   3   7  55  35   0 2026-09-15 07:36:39
 1 18       589712       876408        95992     59329000    0    0 419760 353948 194736 16396   3   6  56  35   0 2026-09-15 07:36:40
 1 19       589712       848736        95996     59351612    0    0 416276 372612 238066 16222   4   8  53  35   0 2026-09-15 07:36:41
 1 18       589712       783604        95992     59412420    0    0 421620 408096 200572 16374   2   7  56  35   0 2026-09-15 07:36:42
14  6       589712       807212        95980     59385028    0    0 419072 382032 210164 16395   3   6  55  36   0 2026-09-15 07:36:43
 8 11       589712       862748        95972     59325988    8    0 413236 448780 243147 16012   3   7  56  34   0 2026-09-15 07:36:44
procs -----------------------memory---------------------- ---swap-- -----io---- -system-- --------cpu-------- -----timestamp-----
 r  b         swpd         free         buff        cache   si   so    bi    bo   in   cs  us  sy  id  wa  st                 KST
 4 15       589712       805380        95964     59382856    0    0 426832 329516 227481 16697   4   7  54  34   0 2026-09-15 07:36:45
 7 13       589712       854236        95964     59335176    0    0 378768 422164 245690 16050   3   8  58  30   0 2026-09-15 07:36:46
 6 13       589712       852720        95956     59334476    0    0 432472 360452 186544 16697   3   7  53  38   0 2026-09-15 07:36:47
 5 15       589712       825172        95948     59359464    0    0 410880 509344 254048 15636   3   8  54  35   0 2026-09-15 07:36:48
 1 19       589712       674356        95936     59503924    0    0 428544 444188 229093 15967   3  10  54  34   0 2026-09-15 07:36:49
 0 19       589712       847800        95896     59332524    0    0 416096 373324 233435 16265   3   7  54  37   0 2026-09-15 07:36:50
 3 15       589712       837432        95896     59339016    0    0 407892 411864 202649 15774   2   7  54  37   0 2026-09-15 07:36:51
 8 13       589712       791752        95844     59382460    0    0 408240 358376 145374 15953   2   8  52  38   0 2026-09-15 07:36:52
 9 11       589712       884448        95840     59288764    0    0 384320 387572 270679 16761   4   7  54  35   0 2026-09-15 07:36:53
 5 14       589712       866684        95840     59300756    0    0 390656 386068 216469 16184   2   6  52  40   0 2026-09-15 07:36:54
 1  1       589712       874520        95840     59294188    0    0 353228 389120 264479 16078   4   7  55  34   0 2026-09-15 07:36:55
 8 12       589712       827516        95844     59355056    0    0 439812 422344 622313 16466   3   9  58  30   0 2026-09-15 07:36:56
 0 19       589712       831256        95840     59344644    0    0 405336 393224 189668 16154   2   7  60  31   0 2026-09-15 07:36:57
 0 19       589712       863844        95836     59308820    0    0 406624 421888 233182 16295   3   7  55  35   0 2026-09-15 07:36:58
 2 18       589712       819996        95836     59345312    0    0 390476 389120 184646 16164   2   6  61  31   0 2026-09-15 07:36:59
 4 16       589712       870936        95832     59287668    0    0 388096 379968 174457 16208   2   6  59  33   0 2026-09-15 07:37:00
10 10       589712       792172        95836     59361904    0    0 400172 402648 227947 16137   3   6  58  33   0 2026-09-15 07:37:01
 0 19       589712       842564        95764     59311832    0    0 392988 407556 237359 16115   3   7  55  35   0 2026-09-15 07:37:02
 1 19       589712       892076        95764     59259756    0    0 365652 409600 181114 15419   2   7  55  35   0 2026-09-15 07:37:03
 5 13       589712       858540        95760     59291424    0    0 414296 438272 201170 15742   2   7  54  36   0 2026-09-15 07:37:04
14  6       589712       862984        95736     59298200    0    0 357248 446532 890003 16288   7   9  60  25   0 2026-09-15 07:37:05
procs -----------------------memory---------------------- ---swap-- -----io---- -system-- --------cpu-------- -----timestamp-----
 r  b         swpd         free         buff        cache   si   so    bi    bo   in   cs  us  sy  id  wa  st                 KST
 2 20       589712       802296        95708     59350252    0    0 508508 344372 235165 17609   3   8  58  32   0 2026-09-15 07:37:06
 4  3       589712       865340        95692     59288968    0    0 378984 438088 227912 16296   2   6  57  34   0 2026-09-15 07:37:07
 6 13       589712       815296        95676     59331960    0    0 421552 386312 195158 16598   2   7  53  38   0 2026-09-15 07:37:08
 4 15       589712       847416        95652     59299392    0    0 420608 421536 258993 16586   3   7  55  36   0 2026-09-15 07:37:09
 2 14       589712       861096        95632     59297832    0    0 379620 335872 750828 16789   4   8  57  31   0 2026-09-15 07:37:10
 1 16       589712       855240        95604     59289616    0    0 388612 403592 195576 16063   2   6  59  33   0 2026-09-15 07:37:11
19  2       589712       796556        95592     59346896    0    0 382708 432332 214498 15920   2   6  58  34   0 2026-09-15 07:37:12
12  8       589712       860708        95552     59277176    0    0 417368 425984 250977 16075   3   7  56  34   0 2026-09-15 07:37:13
14  6       589712       836344        95532     59296840    0    0 414868 468664 277733 16087   4   9  54  34   0 2026-09-15 07:37:14
 3 17       589712       879052        95508     59255044    0    0 427940 383304 645586 17129   4   9  61  26   0 2026-09-15 07:37:15
 1 17       589712       847364        95484     59292348    0    0 402016 380036 385840 16612   2   7  58  33   0 2026-09-15 07:37:16
 1 19       589712       857528        95472     59274608    0    0 418048 424444 267630 16297   3   8  55  34   0 2026-09-15 07:37:17
 8 12       589712       876036        95456     59253040    0    0 412716 410760 258498 16495   3   7  57  33   0 2026-09-15 07:37:18
 3 17       589712       859644        95436     59268200    0    0 398884 403364 652154 16738   4   8  58  30   0 2026-09-15 07:37:19
 3 16       589712       858460        95424     59263420    0    0 403476 398908 211331 16393   2   7  58  32   0 2026-09-15 07:37:20
11  8       589712       856168        95412     59261324    0    0 414848 395776 234684 16265   3   8  56  34   0 2026-09-15 07:37:21
19  0       589712       867444        95392     59252728    0    0 386816 469316 533886 16254   3   8  56  33   0 2026-09-15 07:37:22
 4 14       589712       830604        95376     59285220    0    0 435236 374784 305544 16375   4  10  56  31   0 2026-09-15 07:37:23
 4 16       589712       843536        95296     59274044    0    0 396596 366592 252917 16379   4   8  60  28   0 2026-09-15 07:37:24
 6 14       589712       866516        95280     59248092    0    0 389976 421888 425437 16498   3   8  54  36   0 2026-09-15 07:37:25
 7 15       589712       829744        95252     59284200    0    0 395904 409604 332392 16885   3   7  56  34   0 2026-09-15 07:37:26
procs -----------------------memory---------------------- ---swap-- -----io---- -system-- --------cpu-------- -----timestamp-----
 r  b         swpd         free         buff        cache   si   so    bi    bo   in   cs  us  sy  id  wa  st                 KST
 9  3       589712       871188        95240     59240972    0    0 391508 421900 219438 16661   2   6  59  33   0 2026-09-15 07:37:27
 4 16       589712       866152        95220     59240592    0    0 425904 397780 222195 16565   2   6  60  31   0 2026-09-15 07:37:28
 1 18       589712       826120        95208     59292240    0    0 410128 410288 642841 16740   3   8  55  34   0 2026-09-15 07:37:29
 4 15       589712       853088        95124     59250192    0    0 402432 396832 169831 16566   2   6  55  37   0 2026-09-15 07:37:30
 5 13       589712       707896        95104     59389996    0    0 402760 396372 271255 16436   4   8  58  31   0 2026-09-15 07:37:31
 5 14       589712       876820        95028     59220488    0    0 389300 386724 228383 16694   3   6  56  35   0 2026-09-15 07:37:32
 1 19       589712       797620        94936     59291420    0    0 408372 434492 473535 16092   4   8  56  31   0 2026-09-15 07:37:33
 3 16       589712       848420        94900     59248048    0    0 417892 438272 526665 16892   4   8  61  27   0 2026-09-15 07:37:34
 6 14       589712       841672        94772     59250416    0    0 418376 451608 265853 16661   3   6  56  35   0 2026-09-15 07:37:35
 5 14       589712       875900        94752     59211824    0    0 425728 380488 248262 16345   3   7  57  33   0 2026-09-15 07:37:36
 3 17       589712       835752        94760     59251016    0    0 387088 386836 224271 16146   2   6  57  34   0 2026-09-15 07:37:37
 2 17       589712       842100        94736     59249152    0    0 404992 380928 636000 16490   3   8  59  31   0 2026-09-15 07:37:38
19  0       589712       858232        94724     59228812    0    0 355840 344064 177645 16146   2   5  62  31   0 2026-09-15 07:37:39
 4 17       589712       811864        94780     59271840    0    0 407168 421968 318115 16483   5   7  55  33   0 2026-09-15 07:37:40
 1 18       589712       849716        94768     59230728    0    0 367860 429448 245143 16056   2   6  57  35   0 2026-09-15 07:37:41
 1 18       589712       857648        94776     59217588    0    0 431448 406448 211009 16727   2   7  54  37   0 2026-09-15 07:37:42
 2  0       589712       859420        94780     59211840    0    0 329632 426124 321271 16317   5   6  62  27   0 2026-09-15 07:37:43
 2 16       589712       844784        94800     59244200    0    0 468440 333572 684548 17672   3   9  56  32   0 2026-09-15 07:37:44
 1 18       589712       850380        94796     59232988    0    0 385900 381992 248007 16275   3   5  59  33   0 2026-09-15 07:37:45
 6 15       589712       825648        94788     59252708    0    0 384272 411528 233901 16821   3   6  59  33   0 2026-09-15 07:37:46
 0 19       589712       879564        94800     59198076    0    0 417368 470540 280695 16379   2   7  56  35   0 2026-09-15 07:37:47
procs -----------------------memory---------------------- ---swap-- -----io---- -system-- --------cpu-------- -----timestamp-----
 r  b         swpd         free         buff        cache   si   so    bi    bo   in   cs  us  sy  id  wa  st                 KST
 2 18       589712       864912        94792     59220920    0    0 397384 416412 722727 16562   5   8  56  31   0 2026-09-15 07:37:48
 3 16       589712       849548        94788     59229200    0    0 447228 408436 270902 16910   3   8  57  32   0 2026-09-15 07:37:49
 4 15       589712       893056        94784     59182580    0    0 414968 423192 217979 16804   2   7  55  35   0 2026-09-15 07:37:50
 6 13       589712       915456        94780     59157300    0    0 420356 416980 275409 16434   3   7  59  31   0 2026-09-15 07:37:51
 0 16       589712       895904        94780     59179280    0    0 412528 435112 740517 16686   4   8  56  32   0 2026-09-15 07:37:52
 6 16       589712       851848        94784     59226916    0    0 419196 405528 284551 16288   4   9  60  28   0 2026-09-15 07:37:53
 0 19       589712       827932        94780     59248096    0    0 422848 452200 290606 16261   3   8  57  32   0 2026-09-15 07:37:54
 2 18       589712       892068        94776     59178260    0    0 411180 318344 221822 16114   2   7  56  34   0 2026-09-15 07:37:55
 9 11       589712       854904        94780     59215596    0    0 390964 414180 579821 16255   3   9  57  31   0 2026-09-15 07:37:56
 1 19       589712       886920        94788     59182204    0    0 406172 354344 234473 16551   4   7  57  33   0 2026-09-15 07:37:57
 3 17       589712       855224        94784     59216084    0    0 379892 391128 195578 16138   2   6  57  35   0 2026-09-15 07:37:58
10  8       589712       856908        94780     59210676    0    0 384172 438272 304008 16295   2   6  57  35   0 2026-09-15 07:37:59
 9 11       589712       850332        94784     59219656    0    0 416600 407556 672637 16696   3   8  57  32   0 2026-09-15 07:38:00
 7 11       589712       933704        94780     59133188    0    0 367940 370572 257214 16708   4   8  60  28   0 2026-09-15 07:38:01
 1 19       589712       850484        94792     59218420    0    0 338888 438676 265761 16551   4   7  62  26   0 2026-09-15 07:38:02
 8 13       589712       865224        94792     59202656    0    0 485468 325264 694290 17361   4  10  53  34   0 2026-09-15 07:38:03
 7 13       589712       850452        94784     59219884    0    0 386476 439768 196285 16239   2   7  57  35   0 2026-09-15 07:38:04
 3 17       589712       836444        94788     59234576    0    0 386596 392068 220681 16363   2   6  57  35   0 2026-09-15 07:38:05
 5 13       589712       850324        94788     59212780    0    4 396092 386984 223989 16821   3   6  59  32   0 2026-09-15 07:38:06
 2 17       589712       843372        94780     59220992    0    0 411408 414832 230491 16458   2   7  56  35   0 2026-09-15 07:38:07
 4 15       589712       834668        94772     59223788    0    0 395300 393552 237675 16376   2   7  57  34   0 2026-09-15 07:38:08
procs -----------------------memory---------------------- ---swap-- -----io---- -system-- --------cpu-------- -----timestamp-----
 r  b         swpd         free         buff        cache   si   so    bi    bo   in   cs  us  sy  id  wa  st                 KST
 5 14       589712       765196        94760     59294720    0    0 405548 423796 251828 16509   3   6  60  31   0 2026-09-15 07:38:09
 8 15       589712       873684        94736     59189704    0    0 409744 360588 817008 17019   5   7  57  30   0 2026-09-15 07:38:10
 3 17       589712       952804        95016     59104020    0    4 407904 324624 210747 16231   3   6  60  32   0 2026-09-15 07:38:11
 9 14       589712       796028        95748     59264916    0    8 336300 486780 310049 16194   4   7  62  28   0 2026-09-15 07:38:12
 5 15       589712       805332        97820     59249676    0    8 483312 372744 217311 17498   4   7  56  34   0 2026-09-15 07:38:13
 7 14       589712       810696        99220     59241664    0    0 404720 440420 245095 16256   2   7  55  35   0 2026-09-15 07:38:14
 4 10       589712       825264       104536     59217904    0    0 412360 418276 238575 16853   2   7  52  39   0 2026-09-15 07:38:15
 2 17       589712       875084       107040     59165728    0    0 435396 399228 219749 16694   3   9  57  32   0 2026-09-15 07:38:16
 2 19       589712       887472       112028     59144912    0    0 412212 413140 216792 16541   2   7  57  34   0 2026-09-15 07:38:17
 7 11       589712       829428       113360     59202076    0    0 386488 364288 255674 16864   4   7  56  34   0 2026-09-15 07:38:18
 0 20       589712       865344       114404     59161148    0    0 396220 413276 240069 17117   3   6  57  34   0 2026-09-15 07:38:19
 1 19       589712       717784       116472     59304572    0    0 398556 374688 226282 16698   2   8  54  36   0 2026-09-15 07:38:20
 4 16       589712       725444       117888     59296880    0    0 393304 368912 245741 17103   3   8  54  36   0 2026-09-15 07:38:21
 3 18       589712       837708       120752     59187240    0    0 403036 389512 248430 17041   4   7  58  31   0 2026-09-15 07:38:22
 3 18       589712       833068       123680     59194040    0    0 390224 415640 721614 16536   3   8  52  37   0 2026-09-15 07:38:23
 4 17       589712       819052       124408     59202584    0    0 412920 483160 286818 16199   3   7  54  36   0 2026-09-15 07:38:24
 5 16       589712       856780       125020     59160576    0    0 419348 419488 271400 16420   2   8  53  36   0 2026-09-15 07:38:25
 1 20       589712       834604       128056     59182360    0    0 384532 403112 251594 16556   3   7  57  34   0 2026-09-15 07:38:26
 1 20       589712       871228       128820     59136984    0    0 448744 392844 284019 17295   4   9  54  32   0 2026-09-15 07:38:27
 0 20       589712       857064       129696     59148024    0    0 367812 438460 226205 15848   3   7  52  38   0 2026-09-15 07:38:28
 0 20       589712       853632       130988     59149128    0    0 439664 421060 257806 16858   3   8  52  38   0 2026-09-15 07:38:29
procs -----------------------memory---------------------- ---swap-- -----io---- -system-- --------cpu-------- -----timestamp-----
 r  b         swpd         free         buff        cache   si   so    bi    bo   in   cs  us  sy  id  wa  st                 KST
 9  6       589712       864252       132408     59134684    0    0 431128 376976 228666 16413   2   8  51  39   0 2026-09-15 07:38:30
 3  1       589712       893280       133280     59120512    0    0 297632 412580 776730 16308   6   8  61  25   0 2026-09-15 07:38:31
 2 18       589712       870888       134148     59133972    0    8 482384 301676 187615 17325   3   6  54  36   0 2026-09-15 07:38:32
 0 20       589712       868316       135652     59137740    0    0 411812 340384 191127 16429   2   7  53  39   0 2026-09-15 07:38:33
 0 20       589712       875972       136560     59127212    0    0 378684 398324 221059 16791   2   6  57  35   0 2026-09-15 07:38:34
 5 15       589712       868564       137240     59127892    0    0 381972 400848 272580 16259   4   7  50  39   0 2026-09-15 07:38:35
 3 18       589712       855228       138128     59140312    0    0 388500 463332 241660 16577   3   6  54  37   0 2026-09-15 07:38:36
 2 20       589712       863280       138264     59130088    0    0 411652 421792 233275 16275   3   8  52  38   0 2026-09-15 07:38:37
 1 19       589712       885164       138688     59103448    0    0 417032 476892 287411 16404   3   8  51  38   0 2026-09-15 07:38:38
10 10       589712       923208       139196     59064212    0    0 414264 437004 467020 16151   4   9  51  37   0 2026-09-15 07:38:39
 1 19       589712       907324       139960     59081860    0    0 423556 372480 751202 17039   6   9  52  32   0 2026-09-15 07:38:40
 4 19       589712       843992       141612     59145700    0    0 423636 420272 295260 17213   4   7  61  29   0 2026-09-15 07:38:41
 5 20       589712       827972       144708     59155636    0    0 419656 449944 269922 16673   2   8  51  39   0 2026-09-15 07:38:42
 9 17       589712       812768       146668     59164364    0    0 408896 312976 157853 16507   3   6  52  39   0 2026-09-15 07:38:43
 8 15       589712       873540       148028     59100520    0    0 409172 446972 273175 16836   2   7  55  36   0 2026-09-15 07:38:44
 2 18       589712       842548       149172     59131020    0    0 411420 371408 202335 16624   3   7  54  37   0 2026-09-15 07:38:45
 5 16       589712       871884       150604     59113988    0    0 403624 425828 679102 17316   3   8  55  34   0 2026-09-15 07:38:46
 6  7       589712       865460       151740     59110164    0    0 399036 502260 286636 16763   2   7  54  36   0 2026-09-15 07:38:47
 2 19       589712       871964       152440     59097120    0    0 438444 360000 429953 16977   5  10  53  31   0 2026-09-15 07:38:48
 4 17       589712       856884       153188     59116532    0    0 360364 420244 632103 16764   4   7  56  33   0 2026-09-15 07:38:49
 1 19       589712       790984       153824     59012892    0    0 448556 370020 182484 16742   4   8  54  34   0 2026-09-15 07:38:50
procs -----------------------memory---------------------- ---swap-- -----io---- -system-- --------cpu-------- -----timestamp-----
 r  b         swpd         free         buff        cache   si   so    bi    bo   in   cs  us  sy  id  wa  st                 KST
 0 20       589712       889408       155524     58000244    0    8 912788 121564 116905 20374   4   7  57  32   0 2026-09-15 07:38:51
 3 17       589712       728644       157892     57214340    0    0 942964 122556 116032 20565   4   7  54  35   0 2026-09-15 07:38:52
 2  2       589712      3087152       159316     56648936    0    0 402228 420064 219114 17700   4   5  73  18   0 2026-09-15 07:38:53
 4 17       589712      2424556       161004     57542876    0    0 540264 289976 613634 17601   3  11  54  32   0 2026-09-15 07:38:54
 1  2       589712      1962996       164104     57999360    4    0 411432 494816 302178 16561   3  10  56  30   0 2026-09-15 07:38:55
 2  1       589712      2060792       168412     57917436    0    0  4904 598416 335373 14644   3   3  90   4   0 2026-09-15 07:38:56
 3  2       589712      2111560       171536     57844584    0    0  3240 626348 201573 13916   3   2  91   4   0 2026-09-15 07:38:57
 1  2       589712      2149672       173180     57807088    0    0  1776 643644 173062 13928   3   2  91   4   0 2026-09-15 07:38:58
 2  1       589712      2201572       175192     57748112    0    0  2144 589824 159882 14165   3   2  91   4   0 2026-09-15 07:38:59
 2  1       589712      2226868       175740     57721748    0    0   708 614024 165459 13202   3   2  91   4   0 2026-09-15 07:39:00
 1  2       589712      2243496       176244     57702404    0    0   572 606584 163386 13126   3   2  91   4   0 2026-09-15 07:39:01
 1  2       589712      2296072       177884     57646184    4    0  1972 593932 160304 14627   3   2  91   5   0 2026-09-15 07:39:02
 3  0       589712      2322904       179052     57615272    0    0  1760 556328 152066 13160   3   2  91   5   0 2026-09-15 07:39:03
 1  2       589712      2350040       179604     57587868    0    0   600 552660 148392 12959   3   1  91   5   0 2026-09-15 07:39:04
 1  2       589712      2373416       180708     57562132    0    0  1232 571024 153843 13060   3   2  91   4   0 2026-09-15 07:39:05
 0  3       589712      2403612       181176     57528640    4    0 10968 533212 99955 13336   2   1  91   6   0 2026-09-15 07:39:06
 1  3       589712      2394016       181672     57541480    0    0 40932 517300 14142 13247   0   1  91   7   0 2026-09-15 07:39:07
 0  3       589712      2410288       182112     57519528    0    0 28596 461424 10849 13369   0   1  91   8   0 2026-09-15 07:39:08
 0  3       589712      2418452       182684     57511712    0    0 37308 478000 13871 13620   0   1  91   7   0 2026-09-15 07:39:09
 0  3       589712      2439836       183216     57521320    0    0 32660 436440 15881 13484   0   2  90   7   0 2026-09-15 07:39:10
 1  3       589712      2409020       184116     57538836    0    0 27012 478400 54794 13328   0   2  91   7   0 2026-09-15 07:39:11
procs -----------------------memory---------------------- ---swap-- -----io---- -system-- --------cpu-------- -----timestamp-----
 r  b         swpd         free         buff        cache   si   so    bi    bo   in   cs  us  sy  id  wa  st                 KST
 2  2       589712      2378508       185120     57562512    0    0 44260 434948 13568 14089   0   1  91   7   0 2026-09-15 07:39:12
 1  1       589712      1617688       207656     58303332    0    0 875316 172428 15749 21805   1   2  93   4   0 2026-09-15 07:39:13
 0  2       589712      1285852       244268     58611552    0    0 769924     0 19664 28879   1   3  93   2   0 2026-09-15 07:39:14
 2  0       589712      1276608       286624     58569840    0    0 1206516     0 22669 28401   1   4  93   2   0 2026-09-15 07:39:15
 0  3       589712      1461356       350864     58330980    0    0 850748 55840 230755 24804   1   5  92   2   0 2026-09-15 07:39:16
 1  3       589712      1489940       354428     58291748    0    0 31380 279900 11365 13228   0   1  91   8   0 2026-09-15 07:39:17
 1  3       589712      1549196       356188     58224524    0    0 25744 303040 10325 13416   0   1  91   8   0 2026-09-15 07:39:18
 1  3       589712      1609232       358864     58158800    0    0 41972 376420 11010 13488   0   1  92   7   0 2026-09-15 07:39:19
 0  3       589712      1663624       362704     58098640    0    0 44444 342472 10967 13587   1   1  91   8   0 2026-09-15 07:39:20
 0  3       589712      1674284       363484     58087648    0    0 22568 206256 8992 12830   0   1  91   8   0 2026-09-15 07:39:21
 1  3       589712      1680268       364752     58078608    0    0 32364 340608 15042 13184   0   1  91   8   0 2026-09-15 07:39:22
 1  2       589712      1721656       365832     58044520    0    0 18744 163716 10578 13159   0   1  91   8   0 2026-09-15 07:39:23
 0  3       589712      1719236       366876     58043636    0    0 36956 430048 11257 13069   0   1  91   7   0 2026-09-15 07:39:24
 0  3       589712      1710692       367324     58049116    0    0 33728 558204 11497 12980   0   1  91   7   0 2026-09-15 07:39:25
 0  3       589712      1732404       367888     58021564    0    0 30492 410332 11679 13524   0   1  91   7   0 2026-09-15 07:39:26
 1  1       589712      1535896       376296     58208260    0    0 377696 285008 13503 16012   1   1  92   6   0 2026-09-15 07:39:27
 0  3       589712      1657168       418724     58063508    0    0 702968 113548 232736 25184   1   4  92   3   0 2026-09-15 07:39:28
 0  3       589712      1699216       419636     58015252    0    0 29324 437552 11148 12928   0   1  92   7   0 2026-09-15 07:39:29
 2  0       589712      1693864       421984     58013200    0    0 59772 401160 11666 13452   0   1  92   7   0 2026-09-15 07:39:30
 2  0       589712      1108268       458008     58575596    0    0 1265672     0 207518 27149   1   5  92   2   0 2026-09-15 07:39:31
 2  0       589712      1264424       490492     58377364    0    0 712312  5440 177949 20620   1   4  93   1   0 2026-09-15 07:39:32
procs -----------------------memory---------------------- ---swap-- -----io---- -system-- --------cpu-------- -----timestamp-----
 r  b         swpd         free         buff        cache   si   so    bi    bo   in   cs  us  sy  id  wa  st                 KST
 2  0       589712       788300       490320     58854628    0   12 1293828    12 55002 16749   1   3  96   0   0 2026-09-15 07:39:33
 1  0       589712       871116       483220     58769940    0   24 1489416    24 20164 18053   1   4  95   0   0 2026-09-15 07:39:34
 3  2       589712      1057728       483208     58589276    0    0 637060 46724 218050 14522   1   4  95   0   0 2026-09-15 07:39:35
 3  0       589712       800176       483188     58842656    0    4 544260 309788 15059 13519   1   2  95   3   0 2026-09-15 07:39:36
 1  1       589712      1175328       483160     58477096    0   12 538112 347236 99181 13948   1   3  94   2   0 2026-09-15 07:39:37
 2  0       589712       721816       483160     58916216    0    0 439320 456956 29731 14625   1   3  94   3   0 2026-09-15 07:39:38
 2  0       589712       919148       483020     58708992    0    0 87296 540672 69250 14566   1   3  93   3   0 2026-09-15 07:39:39
 1  0       589712       897828       483000     58732032    0    8 336900 319496 125884 14331   1   3  93   3   0 2026-09-15 07:39:40
 0  2       589712       977016       482840     58653956    0   24 847104 289840 88597 14791   1   3  94   2   0 2026-09-15 07:39:41
 1  2       589712       927884       482848     58698776    0    0 45056 349224 12016 13657   0   1  94   5   0 2026-09-15 07:39:42
 0  2       589712       842500       482848     58780468    0    0 81408 467040 17260 13961   0   1  94   4   0 2026-09-15 07:39:43
 0  2       589712       796384       482848     58824252    0    0 43776 578788 16298 14135   0   1  94   4   0 2026-09-15 07:39:44
 0  2       589712       766184       482848     58852708    0    0 28444 570144 13129 13874   0   1  94   5   0 2026-09-15 07:39:45
 1  1       589712       728672       482848     58883944    0    0 31488 608076 12863 14822   0   1  94   4   0 2026-09-15 07:39:46
 1  2       589712       871852       482848     58752772    0    0 27748 655496 14601 14369   0   1  94   5   0 2026-09-15 07:39:47
 1  0       589712       754020       482820     58867044    0    8 412160 241672 13286 14373   1   2  95   3   0 2026-09-15 07:39:48
 2  0       589712       747188       474028     58883936    0   32 1402368    32 19333 16914   1   3  95   0   0 2026-09-15 07:39:49
 1  0       589968       874688       473792     58759032    0   24 1355008    24 20495 17046   1   3  95   0   0 2026-09-15 07:39:50
 1  2       589968       878540       473792     58747428    0    0 17152 591100 113594 13145   1   2  94   3   0 2026-09-15 07:39:51
 0  2       589968       909512       473748     58715848    0   20 466496 482064 52807 14026   1   2  95   2   0 2026-09-15 07:39:52
 2  0       589968       754576       473372     58875896    0   20 689152 303964 51809 15131   1   3  94   2   0 2026-09-15 07:39:53
procs -----------------------memory---------------------- ---swap-- -----io---- -system-- --------cpu-------- -----timestamp-----
 r  b         swpd         free         buff        cache   si   so    bi    bo   in   cs  us  sy  id  wa  st                 KST
 0  2       589968      1014660       472028     58614592    0   44 542976 499756 140644 14354   1   3  94   2   0 2026-09-15 07:39:54
 1  0       589968       950676       472028     58672536    0    0 58880 442368 13861 13817   0   2  94   4   0 2026-09-15 07:39:55
 1  2       590224       866180       470640     58757744    0   16 427264 538364 50457 14732   1   2  94   3   0 2026-09-15 07:39:56
 1  2       590224       817968       470648     58804392    0    0 46848 527384 18245 14057   0   2  94   5   0 2026-09-15 07:39:57
 0  2       590224       773648       470648     58848140    0    0 43520 567820 16161 14331   0   1  94   4   0 2026-09-15 07:39:58
 0  2       590224       726536       470648     58892536    0    0 44544 554348 14707 14491   0   1  94   4   0 2026-09-15 07:39:59
 3  0       590224       854200       470016     58761072    0    4 35584 476612 25045 14073   1   2  94   4   0 2026-09-15 07:40:00
 0  2       590224       809876       470016     58802168    0    0 41216 449860 15972 13671   0   1  94   5   0 2026-09-15 07:40:01
 1  1       590224       751668       470024     58859660    0    0 57344 574304 18412 14741   0   1  94   5   0 2026-09-15 07:40:02
 2  0       590224       955592       461408     58667560    0   52 957440 213044 18919 15471   1   3  95   2   0 2026-09-15 07:40:03
 2  0       590224       829576       453900     58796404    0   64 1224448    64 17710 16920   1   3  96   0   0 2026-09-15 07:40:04
 1  0       590224       921372       450688     58744748    0   32 962816    32 198351 15026   1   4  95   0   0 2026-09-15 07:40:05
 0  2       590224       911996       450000     58740428    0    4 181924 418060 37395 14221   0   2  92   5   0 2026-09-15 07:40:06
 0  2       590224       860924       448652     58790956    0   68 1060096 262336 78090 15220   1   3  95   1   0 2026-09-15 07:40:07
 0  1       590224       823396       448652     58825284    0    0 34304 532604 17524 14120   0   1  94   5   0 2026-09-15 07:40:08
 2  1       590224       849056       445620     58794124    0   36 452608 487556 45225 14477   1   2  94   3   0 2026-09-15 07:40:09
 2  0       590224       752244       443240     58895532    0   40 607744 298956 27220 14923   1   2  94   3   0 2026-09-15 07:40:10
 0  2       590224       934344       437556     58715236    0   44 627712 352300 80624 14602   1   3  94   2   0 2026-09-15 07:40:11
 1  1       590224       890460       437564     58751860    0    0 36608 568392 19155 14244   0   2  93   5   0 2026-09-15 07:40:12
 1  2       590224       848392       437564     58792572    0    0 40704 502292 14951 14313   0   1  94   4   0 2026-09-15 07:40:13
 1  2       590224       805312       437564     58835336    0    0 42752 522444 13772 14529   0   1  94   5   0 2026-09-15 07:40:14
procs -----------------------memory---------------------- ---swap-- -----io---- -system-- --------cpu-------- -----timestamp-----
 r  b         swpd         free         buff        cache   si   so    bi    bo   in   cs  us  sy  id  wa  st                 KST
 0  2       590224       773088       437564     58865316    0    0 29952 631044 13555 14390   0   1  94   4   0 2026-09-15 07:40:15
 0  2       590224       747136       437564     58889400    0    0 24064 678120 13238 14279   0   1  94   4   0 2026-09-15 07:40:16
 2  0       590224       820044       434832     58816876    0   32 290048 526168 17401 14692   0   2  94   4   0 2026-09-15 07:40:17
 1  0       590224       918484       425676     58739056    0   48 1241088    48 18831 16919   1   3  96   0   0 2026-09-15 07:40:18
 1  0       590224       810388       418032     58855400    0   36 1317632    36 18974 15963   1   3  96   0   0 2026-09-15 07:40:19
 0  2       590224       949804       414632     58743772    0   16 397824 568112 309396 13684   1   4  93   2   0 2026-09-15 07:40:20
 0  2       590224       895460       411832     58788156    0   12 473856 181784 60212 13862   1   3  93   4   0 2026-09-15 07:40:21
 1  0       590224       782064       411840     58896304    0    0 109056 446576 18586 14011   0   1  94   4   0 2026-09-15 07:40:22
 3  0       590728       877936       403128     58813572    0   52 1129988 254120 27968 16354   1   3  95   2   0 2026-09-15 07:40:23
 1  2       590728       959984       403008     58724924    0    4 13056 667780 86423 13210   1   2  94   3   0 2026-09-15 07:40:24
 1  1       590728       925924       398436     58760356    0   12 460032 337524 86319 14219   1   2  94   3   0 2026-09-15 07:40:25
 1  1       590728       901288       398316     58780976    0    0 32872 605252 25225 14810   0   2  93   4   0 2026-09-15 07:40:26
 2  1       590728       867820       398324     58809152    0    0 28160 666556 13584 14647   0   1  94   5   0 2026-09-15 07:40:27
 0  2       590728       848672       398324     58825788    0    0 17152 682768 12789 14624   0   1  94   4   0 2026-09-15 07:40:28
 0  2       590728       829300       398324     58842724    0    0 16640 679484 12155 14452   0   1  94   4   0 2026-09-15 07:40:29
 0  2       590728       807912       398324     58858860    0    0 16128 669644 11673 14714   1   1  94   4   0 2026-09-15 07:40:30
 3  0       590728       789100       396452     58878336    0    0 296192 460852 13622 15065   1   2  94   3   0 2026-09-15 07:40:31
 1  0       590728       917496       384344     58773912    0   24 1307136    68 19500 16320   1   3  96   0   0 2026-09-15 07:40:32
 1  0       590728       982772       376340     58726780    0   12 1241096    12 19414 16838   1   3  96   0   0 2026-09-15 07:40:33
 0  2       590728       958688       373448     58770460    0    4 638836 232104 203186 13749   1   3  95   1   0 2026-09-15 07:40:34
 3  0       590728      1079300       367424     58647316    0   28 1075968 310280 85890 15220   1   4  95   1   0 2026-09-15 07:40:35
procs -----------------------memory---------------------- ---swap-- -----io---- -system-- --------cpu-------- -----timestamp-----
 r  b         swpd         free         buff        cache   si   so    bi    bo   in   cs  us  sy  id  wa  st                 KST
 1  2       590728      1092592       367200     58629020    0    0 32256 496236 20952 13563   0   1  94   4   0 2026-09-15 07:40:36
 1  1       590728      1023884       365332     58689296    0    4 440832 370880 46359 13951   1   3  94   3   0 2026-09-15 07:40:37
 0  2       590728       837996       365332     58873248    0    0 178688 492384 50596 14455   1   2  94   4   0 2026-09-15 07:40:38
 1  1       590728       935708       357748     58788904    0   28 1062400 318824 77698 15681   1   3  94   1   0 2026-09-15 07:40:39
 0  2       590728       887868       357752     58832176    0    0 39172 442812 32398 13548   0   1  94   4   0 2026-09-15 07:40:40
 2  1       590728       843048       357752     58873416    0    0 41216 521092 12240 13951   0   1  94   4   0 2026-09-15 07:40:41
 0  2       590728       789152       357760     58922072    0    0 48640 545036 16244 14666   0   1  94   5   0 2026-09-15 07:40:42
 0  2       590728       736484       357760     58972260    0    0 50176 444632 14692 14242   0   1  94   5   0 2026-09-15 07:40:43
 0  2       590728       918964       355884     58789532    0    8 43900 622696 16605 14585   0   1  94   5   0 2026-09-15 07:40:44
 0  2       590728       875372       355884     58829204    0    0 39424 545560 14246 14371   0   1  94   5   0 2026-09-15 07:40:45
 2  0       590728       797852       353804     58904860    0    8 317696 437488 13411 14951   1   2  95   3   0 2026-09-15 07:40:46
 1  0       590728       824968       340720     58893816    0   28 1297348    68 21067 16494   1   3  96   0   0 2026-09-15 07:40:47
 1  0       590728       926816       332848     58816152    0   28 1549540    28 25277 16998   1   4  95   0   0 2026-09-15 07:40:48
 0  2       590728       893900       332848     58839036    0    0  4096 631180 229491 12444   1   3  94   3   0 2026-09-15 07:40:49
 1  1       590728       980388       322948     58762756    0   20 480516 502968 48201 14999   1   2  94   3   0 2026-09-15 07:40:50
 3  0       590728       888292       314360     58869628    0   16 753300 320284 28992 15520   1   2  95   2   0 2026-09-15 07:40:51
 1  1       590728       868752       312548     58886172    0    4 471824 460312 79357 14393   1   3  94   3   0 2026-09-15 07:40:52
 0  2       590728      1131444       306144     58631184    0   40 448248 469876 47063 15074   1   2  94   3   0 2026-09-15 07:40:53
 1  2       590728       956124       306144     58803420    0    0 168044 494700 18950 14096   1   1  95   4   0 2026-09-15 07:40:54
 1  1       590728       889908       306144     58866852    0    0 63416 454768 15628 14192   0   1  94   4   0 2026-09-15 07:40:55
 0  2       590728       846852       306144     58906288    0    0 39420 559612 14549 13725   0   1  94   5   0 2026-09-15 07:40:56
procs -----------------------memory---------------------- ---swap-- -----io---- -system-- --------cpu-------- -----timestamp-----
 r  b         swpd         free         buff        cache   si   so    bi    bo   in   cs  us  sy  id  wa  st                 KST
 0  2       590728       797724       306152     58952392    0    0 42740 554196 23467 14326   0   1  94   4   0 2026-09-15 07:40:57
 1  2       590728       773948       306152     58976624    0    0 24216 681164 13872 14834   0   1  94   4   0 2026-09-15 07:40:58
 1  1       590728       754120       306152     58994300    0    0 17916 670716 12028 14558   0   1  94   4   0 2026-09-15 07:40:59
 2  0       590728       871860       289460     58894992    0   16 743752 420604 20139 14855   1   2  94   3   0 2026-09-15 07:41:00
 2  0       590728       716840       285328     59063788    0   52 904084    52 17278 14474   1   3  96   0   0 2026-09-15 07:41:01
 2  0       590728       743688       277088     59052012    0   56 1390356    96 23469 17042   1   3  95   0   0 2026-09-15 07:41:02
 2  0       590728       822668       272544     58974668    4   36 807408 270628 44554 14886   1   3  95   2   0 2026-09-15 07:41:03
 0  2       590984      1163300       268704     58635956    0   44 465648 503724 144430 13724   1   3  94   3   0 2026-09-15 07:41:04
 0  2       590984      1121272       268704     58677692    0    0 41728 487592 13214 14078   0   1  94   5   0 2026-09-15 07:41:05
 0  2       590984       829764       267260     58967996    0    0 456508 328168 36499 15061   1   2  95   3   0 2026-09-15 07:41:06
 0  2       590984       724220       266424     59073004    0    0 275972 489744 28663 14574   0   2  95   3   0 2026-09-15 07:41:07
 0  2       590984       832124       261244     58973412    0   48 940484 348296 96851 14937   1   3  95   1   0 2026-09-15 07:41:08
 0  2       590984       782732       261244     59020276    0    0 46848 535756 12826 13985   0   1  94   5   0 2026-09-15 07:41:09
 1  1       590984       757532       261244     59042300    0    0 22016 678256 12913 15039   0   1  94   4   0 2026-09-15 07:41:10
 0  2       590984       734404       261244     59061780    0    0 19456 672040 12916 15118   0   1  94   4   0 2026-09-15 07:41:11
 0  2       590984       850368       260408     58948592    0    0 63488 448136 14224 13989   0   1  94   5   0 2026-09-15 07:41:12
 1  2       590984       799752       260408     58994948    0    0 46592 459864 14530 14793   0   1  94   4   0 2026-09-15 07:41:13
 1  2       590984       757172       260408     59036416    0    0 41728 504264 14117 14447   0   1  94   5   0 2026-09-15 07:41:14
 2  0       590984       854964       256072     58943936    0    8 724368 53616 16581 17181   1   3  96   1   0 2026-09-15 07:41:15
 1  0       591240       782696       252304     59028412    0   24 912060    24 15496 17846   1   3  96   1   0 2026-09-15 07:41:16
 2  0       591240       874344       243800     58952032    0   68 1549572   108 25496 17301   1   3  95   0   0 2026-09-15 07:41:17
procs -----------------------memory---------------------- ---swap-- -----io---- -system-- --------cpu-------- -----timestamp-----
 r  b         swpd         free         buff        cache   si   so    bi    bo   in   cs  us  sy  id  wa  st                 KST
 1  2       591240       987068       243612     58825296    0    0  2308 511612 140925 12524   1   2  94   3   0 2026-09-15 07:41:18
 0  2       591240       884976       241868     58934448    0   16 472876 246432 38383 13843   1   2  94   3   0 2026-09-15 07:41:19
 0  2       591240       841700       241868     58970856    0    0 36096 421868 17819 13851   0   2  93   5   0 2026-09-15 07:41:20
 0  2       591240       855104       240560     58967480    0    0 277508 237220 23123 14541   1   2  94   3   0 2026-09-15 07:41:21
 0  2       591240      1001064       235484     58832248    0   24 925700 188976 60364 15229   1   3  94   2   0 2026-09-15 07:41:22
 2  1       591240       958992       235484     58862972    0    0 30960 287988 18493 13473   0   2  93   5   0 2026-09-15 07:41:23
 0  2       591240       924724       235484     58894964    0    0 31984 314156 11602 13348   0   1  94   5   0 2026-09-15 07:41:24
 0  2       591240       852992       233780     58970612    0    4 425512 420920 41020 14119   1   2  94   3   0 2026-09-15 07:41:25
 1  2       591240       810576       233780     59006392    0    0 35772 414648 16426 14492   0   1  94   5   0 2026-09-15 07:41:26
 0  2       591240       750604       233788     59063756    0    0 57344 549356 15429 14239   0   1  94   4   0 2026-09-15 07:41:27
 0  2       591240       886712       232976     58926120    0    0 33280 527600 11666 14219   0   1  94   5   0 2026-09-15 07:41:28
 0  2       591240       865580       232976     58944524    0    0 18176 688452 12353 14636   0   1  94   4   0 2026-09-15 07:41:29
 1  2       591240       844952       232944     58959172    0    0 18688 622244 32668 14536   0   2  94   4   0 2026-09-15 07:41:30
 2  1       591240       812084       232944     58990408    0    0 31232 629096 13849 14366   0   1  94   4   0 2026-09-15 07:41:31
 1  0       591240       880512       228196     58984272    0   32 1031192 159804 234674 14081   1   3  94   2   0 2026-09-15 07:41:32
 1  1       591240       741568       224476     59120408    0   48 902720    48 17372 15950   1   3  96   0   0 2026-09-15 07:41:33
 2  0       591240       843084       217872     59023396    0   32 1281784    32 22628 16371   1   3  96   0   0 2026-09-15 07:41:34
 1  1       591240       747684       215456     59116964    0   12 512940 405816 53772 13780   1   3  95   2   0 2026-09-15 07:41:35
 0  2       591240      1149784       210856     58718380    0   96 725224 422136 167141 15020   1   4  93   2   0 2026-09-15 07:41:36
 2  0       591240       754296       210516     59111236    0    0 464372 477500 88771 14848   1   3  94   3   0 2026-09-15 07:41:37
 2  0       591240       830092       209792     59032528    0    0 86324 526024 45895 13939   0   2  93   4   0 2026-09-15 07:41:38
procs -----------------------memory---------------------- ---swap-- -----io---- -system-- --------cpu-------- -----timestamp-----
 r  b         swpd         free         buff        cache   si   so    bi    bo   in   cs  us  sy  id  wa  st                 KST
 2  0       591244       731152       205292     59141436    0    8 1127848 190784 105447 16768   1   3  95   1   0 2026-09-15 07:41:39
 0  2       591244       724076       205188     59147160    0    0 10752 686048 69910 13351   1   2  94   4   0 2026-09-15 07:41:40
 0  2       591244      1123628       201468     58752544    0   64 451936 428336 50831 14095   1   2  94   3   0 2026-09-15 07:41:41
 0  2       591244      1080064       201476     58789520    0    0 36956 640096 14290 14226   0   1  94   5   0 2026-09-15 07:41:42
 0  2       591244      1048828       201476     58817576    0    0 28040 651720 14858 14669   0   1  94   4   0 2026-09-15 07:41:43
 1  1       591244      1018092       201476     58844544    0    0 26948 664832 14303 14702   0   1  94   4   0 2026-09-15 07:41:44
 1  1       591244       975544       201476     58882280    0    0 37724 601012 13916 14201   0   1  94   4   0 2026-09-15 07:41:45
 2  0       591244       925404       201476     58928164    0    0 41828 565264 30766 14426   1   1  94   4   0 2026-09-15 07:41:46
 0  2       591244       873024       201484     58976688    0    0 48508 556216 14509 14173   0   1  94   4   0 2026-09-15 07:41:47
 1  2       591244       832988       201484     59013128    0    0 36584 629712 14843 14402   0   1  94   4   0 2026-09-15 07:41:48
 0  2       591244       791208       201488     59052372    0    0 35756 580644 25347 14179   0   1  94   4   0 2026-09-15 07:41:49
 1  0       591244       831840       200052     59013852    0    0 159536 545764 18300 14838   0   1  94   4   0 2026-09-15 07:41:50
 1  0       591244       880004       197252     58994804    0   12 770776    12 15244 16527   1   3  96   1   0 2026-09-15 07:41:51
 3  0       591244       795640       194372     59084020    0   16 757280    52 21059 17047   1   3  96   1   0 2026-09-15 07:41:52
 2  2       591244       981324       191744     58892084    0   32 415432 456800 21443 16610   0   3  94   3   0 2026-09-15 07:41:53
 0  2       591244       944356       191744     58925876    0    0 33768 612120 15857 14940   1   1  94   4   0 2026-09-15 07:41:54
 0  2       591244       896008       191744     58975372    0    0 49764 471872 14505 14277   0   1  94   5   0 2026-09-15 07:41:55
 0  2       591244       833512       191744     59034180    0    0 58512 380164 14992 14319   0   1  94   5   0 2026-09-15 07:41:56
 2  0       591244       738508       191072     59129736    0    8 234296 561624 15135 14710   0   2  94   4   0 2026-09-15 07:41:57
 1  0       591244       810412       187244     59079960    0   36 868168    36 18180 15652   1   3  96   0   0 2026-09-15 07:41:58
 1  1       591500       817676       180972     59076328    0   48 1365728    48 22676 17245   1   3  95   0   0 2026-09-15 07:41:59
procs -----------------------memory---------------------- ---swap-- -----io---- -system-- --------cpu-------- -----timestamp-----
 r  b         swpd         free         buff        cache   si   so    bi    bo   in   cs  us  sy  id  wa  st                 KST
 1  0       591500       979904       175592     58919828    0   52 1338804    52 23000 17173   1   4  95   0   0 2026-09-15 07:42:00
 3  0       591512       774776       171648     59127612    0   40 1068532    40 64273 15713   1   3  96   0   0 2026-09-15 07:42:01
 1  1       591512       916996       170352     58976504    0   12 263948 596308 24551 14926   0   2  93   4   0 2026-09-15 07:42:02
 1  1       591512       892484       170352     59000056    0    0 23792 679944 17545 15190   0   2  94   4   0 2026-09-15 07:42:03
 1  1       591512       847884       170352     59039736    0    0 39424 559080 15206 14444   0   1  94   4   0 2026-09-15 07:42:04
 0  2       591512       819408       170352     59067404    0    0 27644 637964 14339 14366   0   1  94   4   0 2026-09-15 07:42:05
 1  1       591512       786144       170352     59096964    0    0 29608 646132 12836 15002   0   1  94   4   0 2026-09-15 07:42:06
 0  2       591512       750672       170360     59129040    0    0 32000 664648 14549 14772   0   1  94   4   0 2026-09-15 07:42:07
 3  1       591512       726992       170360     59149540    0    0 20480 674788 13305 14450   0   1  94   4   0 2026-09-15 07:42:08
 1  1       591512       850316       169736     59026784    0    0 17664 671740 13208 14535   0   1  94   4   0 2026-09-15 07:42:09
 2  0       591768      1015432       165952     58885260    0   44 826484 12332 18330 14819   1   3  96   0   0 2026-09-15 07:42:10
 2  0       591768       724156       163812     59179020    0    4 820340     4 14595 15793   1   2  96   0   0 2026-09-15 07:42:11
 1  1       591768       925096       161636     58980052    0   20 175268 641632 59370 14091   0   2  94   3   0 2026-09-15 07:42:12
 2  2       591768       914280       161644     58985420    0    0  5220 677204 11558 14838   0   1  94   4   0 2026-09-15 07:42:13
 0  2       591768       907984       161644     58989276    0    0  3844 687800 37048 14746   1   1  94   4   0 2026-09-15 07:42:14
 0  2       591768       899700       161644     58995136    0    0  5844 648004 32321 14584   1   1  94   4   0 2026-09-15 07:42:15
 1  0       591768       901972       161688     59006016    0    0 10856  6144 7711 12833   2   1  97   0   0 2026-09-15 07:42:16
 1  0       591768       931708       161772     59005912    0    0    76    44 7860 12788   0   3  97   0   0 2026-09-15 07:42:17
 1  0       591768       956400       161836     59005952    0    0    64     0 7834 12797   0   3  97   0   0 2026-09-15 07:42:18
 2  0       591768       979344       161884     59006116    0    0    48     0 7884 12741   0   3  97   0   0 2026-09-15 07:42:19
 1  0       591768      1003020       161936     59006224    0    0    52     0 7722 12795   0   3  97   0   0 2026-09-15 07:42:20
procs -----------------------memory---------------------- ---swap-- -----io---- -system-- --------cpu-------- -----timestamp-----
 r  b         swpd         free         buff        cache   si   so    bi    bo   in   cs  us  sy  id  wa  st                 KST
 0  1       591768      1009400       161948     59006384    0    0    12 473088 9329 12480   0   2  97   1   0 2026-09-15 07:42:21
 1  0       591768       915768       161980     59010064    0    0 1717856    48 10290 15767   1   1  92   5   0 2026-09-15 07:42:22
 1  0       591768       752508       161992     59052624    0    0 42552     0 8346 13053   3   1  97   0   0 2026-09-15 07:42:23
 1  0       591768       751508       161992     59052624    0    0     0     0 7648 12402   3   0  97   0   0 2026-09-15 07:42:24
 1  0       591768       750280       161992     59052644    0    0     0     0 7599 12388   3   0  97   0   0 2026-09-15 07:42:25
 1  0       591768       744240       161992     59052660    0    0     0     0 7982 12622   3   0  97   0   0 2026-09-15 07:42:26
 1  0       591768       744248       162000     59052680    0    0     0    52 7633 12319   3   0  97   0   0 2026-09-15 07:42:27
 1  0       591768       743752       162000     59052692    0    0     0     0 7508 12270   3   0  97   0   0 2026-09-15 07:42:28
 1  0       591768       741488       162000     59052708    0    0     0     0 7840 12431   3   0  97   0   0 2026-09-15 07:42:29
 1  0       591768       737972       162000     59052724    0    0     0     0 7469 12368   3   0  97   0   0 2026-09-15 07:42:30
 2  0       591768       736480       162000     59052728    0    0     0     0 7268 12392   3   0  97   0   0 2026-09-15 07:42:31
 2  0       591768       734716       162008     59052760    0    0     0    32 7213 12230   3   0  97   0   0 2026-09-15 07:42:32
 2  0       591768       733964       162008     59052760    0    0     0     0 7590 12360   3   0  97   0   0 2026-09-15 07:42:33
 1  0       591768       732708       162008     59052788    0    0     0     0 7610 12370   3   0  97   0   0 2026-09-15 07:42:34
 1  0       591768       733484       162008     59052792    0    0     0     0 7609 12377   3   0  97   0   0 2026-09-15 07:42:35
 3  0       591768       734004       162008     59052820    0    0     0     0 100162 12341   3   1  96   0   0 2026-09-15 07:42:36
 1  5       591768       730016       162032     59052836    0    0 2184208    40 32644 16086   1   1  90   8   0 2026-09-15 07:42:37
 1  4       591768       911776       161420     58903020    0    0 2558172     0 11348 17503   1   1  91   7   0 2026-09-15 07:42:38
 1  0       591768       908552       161436     58904344    0    0 2126800     0 10217 16434   1   1  91   6   0 2026-09-15 07:42:39
 1  6       591768       905536       161468     58904360    0    0 1984544     0 10286 15689   1   1  90   7   0 2026-09-15 07:42:40
 1  4       591768       902036       161484     58904372    0    0 2550800     0 11030 17364   1   1  89   9   0 2026-09-15 07:42:41
procs -----------------------memory---------------------- ---swap-- -----io---- -system-- --------cpu-------- -----timestamp-----
 r  b         swpd         free         buff        cache   si   so    bi    bo   in   cs  us  sy  id  wa  st                 KST
 1  0       591768       899020       161500     58904392    0    0 2321416    44 10829 16762   1   1  91   7   0 2026-09-15 07:42:42
 0  7       591768       896276       161516     58904400    0    0 1885200     0 10130 15629   1   1  90   7   0 2026-09-15 07:42:43
 0  5       591768       893516       161520     58904412    0    0 2595332     0 11116 17233   1   1  89   9   0 2026-09-15 07:42:44
 2  0       591768       890500       161520     58904428    0    0 2376192     0 10849 16891   1   1  91   7   0 2026-09-15 07:42:45
 4  7       591768       887764       161524     58904452    0    0 1889284   672 10331 15857   2   1  90   7   0 2026-09-15 07:42:46
 0  4       591768       885776       161532     58904468    0    0 2577920   156 11102 17135   1   1  88  10   0 2026-09-15 07:42:47
 1  0       591768       883068       161532     58904476    0    0 2389504     0 10942 16820   1   1  90   8   0 2026-09-15 07:42:48
 2  5       591768       880800       161532     58904496    0    0 1894400     0 10263 15538   1   1  91   7   0 2026-09-15 07:42:49
 1  5       591768       880360       161532     58904620    0    0 2646128     0 11114 17508   1   1  89   8   0 2026-09-15 07:42:50
 3  0       591768       880360       161532     58904632    0    0 2316288   324 10773 16549   1   1  90   8   0 2026-09-15 07:42:51
 1  6       591768       880620       161540     58904780    0    0 2029704   140 10516 15674   1   1  89   8   0 2026-09-15 07:42:52
 1  4       591768       879864       161540     58904804    0    0 2640896     0 11557 17445   1   1  88  10   0 2026-09-15 07:42:53
 1  0       591768       878372       161540     58904820    0    0 2186240     0 11074 16660   1   1  91   6   0 2026-09-15 07:42:54
 1  5       591768       876148       161540     58904832    0    0 2158592     0 11046 16122   1   1  89   8   0 2026-09-15 07:42:55
 1  4       591768       876408       161540     58904848    0    0 2615296     0 11106 17342   1   1  89   9   0 2026-09-15 07:42:56
 1  0       591768       876912       161548     58904856    0    0 2082816   332 10488 16204   1   1  91   7   0 2026-09-15 07:42:57
 1  6       591768       874900       161548     58904876    0    0 2156544     0 10511 16064   1   1  89   8   0 2026-09-15 07:42:58
 1  4       591768       872640       161548     58904888    0    0 2641920     0 11087 17236   1   1  89   9   0 2026-09-15 07:42:59
 1  0       591768       871632       161548     58904904    0    0 2058240     0 10260 16146   2   1  91   7   0 2026-09-15 07:43:00
 2  5       591768       868396       161548     58908704    0    0 2195140     0 10520 16212   1   1  91   7   0 2026-09-15 07:43:01
 0  5       591768       868176       161556     58908780    0    0 2618436   296 11100 17398   1   1  89   8   0 2026-09-15 07:43:02
procs -----------------------memory---------------------- ---swap-- -----io---- -system-- --------cpu-------- -----timestamp-----
 r  b         swpd         free         buff        cache   si   so    bi    bo   in   cs  us  sy  id  wa  st                 KST
 1  0       591768       868940       161556     58908796    0    0 2046976     0 10232 16174   2   1  91   6   0 2026-09-15 07:43:03
 0  6       591768       869444       161556     58908812    0    0 2208768     0 10891 16345   1   1  90   7   0 2026-09-15 07:43:04
 0  5       591768       870996       161556     58908832    0    0 2617344     0 11412 17333   1   1  89   9   0 2026-09-15 07:43:05
 1  0       591768       868984       161556     58908836    0    0 2030592     0 10832 16479   2   1  91   7   0 2026-09-15 07:43:06
 0  6       591768       867024       161564     58908860    0    0 2359296   296 11087 16521   1   1  88  10   0 2026-09-15 07:43:07
 2  0       591768       750856       162488     58982528    0    0 1143628     0 9545 15438   2   1  94   3   0 2026-09-15 07:43:08
 1  0       591768       881744       160616     58837036    0    0 364088     0 8130 13019   3   1  96   0   0 2026-09-15 07:43:09
 1  0       591768       861196       161464     58850536    0    0 15340     0 135341 13176   3   1  96   0   0 2026-09-15 07:43:10
 1  0       591768       857452       161464     58851476    0    0   500     0 7221 12248   3   0  97   0   0 2026-09-15 07:43:11
 1  0       591768       857236       161472     58851484    0    0     0   380 7045 12366   3   0  97   0   0 2026-09-15 07:43:12
 2  0       591768       855752       161472     58851504    0    0     0     0 6838 12216   3   0  97   0   0 2026-09-15 07:43:13
 1  0       591768       853240       161472     58851512    0    0     0     0 7239 12432   3   0  97   0   0 2026-09-15 07:43:14
 1  0       591768       852236       161472     58851536    0    0     0     0 7149 12294   3   0  97   0   0 2026-09-15 07:43:15
 0  5       591768       851236       161472     58851548    0    0 1273860     0 9022 14605   2   1  92   5   0 2026-09-15 07:43:16
 0  5       591768       850488       161484     58851572    0    0 3228164   276 12034 18172   1   1  88  10   0 2026-09-15 07:43:17
 0  6       591768       850272       161484     58851588    0    0 3029504     0 11803 17851   1   1  88  11   0 2026-09-15 07:43:18
 1  6       591768       849268       161484     58851600    0    0 3104768     0 11875 17997   1   1  90   8   0 2026-09-15 07:43:19
 0  7       591768       848016       161484     58851612    0    0 3267584     0 11849 18240   1   1  89   9   0 2026-09-15 07:43:20
 0  1       591768       845508       161484     58851632    0    0 3226112     0 11914 18375   1   1  87  11   0 2026-09-15 07:43:21
 1  3       591768       844004       161492     58851652    0    0 3236352   276 11971 18191   1   1  86  12   0 2026-09-15 07:43:22
 2  4       591768       843508       161492     58851656    0    0 3245056     0 12185 18246   1   1  88  10   0 2026-09-15 07:43:23
procs -----------------------memory---------------------- ---swap-- -----io---- -system-- --------cpu-------- -----timestamp-----
 r  b         swpd         free         buff        cache   si   so    bi    bo   in   cs  us  sy  id  wa  st                 KST
 0  5       591768       843792       161492     58851664    0    0 3203072     0 11850 18210   1   1  88  10   0 2026-09-15 07:43:24
 0  5       591768       841596       161492     58851688    0    0 3233280     0 11924 18192   1   1  88   9   0 2026-09-15 07:43:25
 1  5       591768       843416       161492     58851704    0    0 3261952     0 12585 18786   1   1  88  10   0 2026-09-15 07:43:26
 1  5       591768       839924       161500     58851712    0    0 3122176   248 11937 17936   1   1  87  11   0 2026-09-15 07:43:27
 2  6       591768       838696       161500     58851732    0    0 3214336     0 11891 18161   1   1  87  11   0 2026-09-15 07:43:28
 3  5       591768       839208       161500     58851748    0    0 3302316     0 12096 18478   1   1  88  10   0 2026-09-15 07:43:29
 1  1       591768       839716       161500     58851760    0    0 3292756     0 12014 18480   1   1  88  10   0 2026-09-15 07:43:30
 1  4       591768       839724       161500     58851780    0    0 3273216     0 11724 18223   1   1  87  11   0 2026-09-15 07:43:31
 3  5       591768       838248       161508     58851792    0    0 3154944   116 11907 17974   1   1  87  11   0 2026-09-15 07:43:32
 4  4       591768       838756       161508     58851808    0    0 3226112   128 11863 18128   1   1  88  10   0 2026-09-15 07:43:33
 2  5       591768       839520       161508     58851820    0    0 3243520     0 11897 18286   1   1  88  10   0 2026-09-15 07:43:34
 1  5       591768       837820       161508     58851840    0    0 3208192     0 11991 18348   1   1  88   9   0 2026-09-15 07:43:35
 1  6       591768       837836       161508     58851860    0    0 3135488     0 11657 18028   1   1  87  11   0 2026-09-15 07:43:36
 0  7       591768       836860       161516     58851872    0    0 3260416   128 11962 18183   1   1  87  11   0 2026-09-15 07:43:37
 0  1       591768       834848       161664     58851736    0    0 3252664   148 12184 18526   1   1  88  10   0 2026-09-15 07:43:38
 0  1       591768       749448       163452     58916812    0    0 66804     0 8757 15098   2   0  97   0   0 2026-09-15 07:43:39
 1  0       591768       932980       163232     58684700    0    4 98832     4 8318 13088   3   1  97   0   0 2026-09-15 07:43:40
 1  0       591768       929720       163232     58684704    0    0     0     0 7205 12333   3   0  97   0   0 2026-09-15 07:43:41
 2  0       591768       928972       163240     58684720    0    0     0   168 7160 12341   3   0  97   0   0 2026-09-15 07:43:42
 1  0       591768       926744       163244     58686068   12    0  1344   204 7505 12496   3   0  97   0   0 2026-09-15 07:43:43
 1  0       591768       925984       163248     58688260    0    0  2000     0 148006 12439   3   1  96   0   0 2026-09-15 07:43:44
procs -----------------------memory---------------------- ---swap-- -----io---- -system-- --------cpu-------- -----timestamp-----
 r  b         swpd         free         buff        cache   si   so    bi    bo   in   cs  us  sy  id  wa  st                 KST
 1  0       591768       922968       163248     58688284    0    0     0     0 7269 12493   3   0  97   0   0 2026-09-15 07:43:45
 2  0       591768       925244       163248     58688292    0    0   196     0 7515 12874   3   0  97   0   0 2026-09-15 07:43:46
 1  0       591768       924252       163256     58688696    0    0   184   152 7423 12327   3   0  97   0   0 2026-09-15 07:43:47
 1  0       591768       925024       163256     58688724    0    0     0   372 7294 12427   3   0  97   0   0 2026-09-15 07:43:48
 1  0       591768       923272       163256     58688728    0    0     0     0 7356 12320   3   0  97   0   0 2026-09-15 07:43:49
 1  0       591768       922300       163256     58688760    0    0   196     0 7453 12354   3   0  97   0   0 2026-09-15 07:43:50
 1  0       591768       921304       163256     58689060    0    0    96     0 7478 12320   3   0  97   0   0 2026-09-15 07:43:51
 2  0       591768       920560       163264     58689076    0    0     0   136 7304 12243   3   0  97   0   0 2026-09-15 07:43:52
 1  0       591768       918328       163264     58689080    0    0     0   276 7127 12314   3   0  97   0   0 2026-09-15 07:43:53
 1  0       591768       915616       163264     58689108    0    0   300     0 7198 12488   3   0  97   0   0 2026-09-15 07:43:54
 1  0       591768       913608       163264     58691428    0    0  2264     0 7314 12488   3   0  97   0   0 2026-09-15 07:43:55
 1  0       591768       913904       163264     58691940    0    0   112     0 7361 12340   3   0  97   0   0 2026-09-15 07:43:56
 1  0       591768       912940       163272     58691948    0    0     0   140 7485 12404   3   0  97   0   0 2026-09-15 07:43:57
 1  0       591768       914740       163272     58692700    0    0   732     0 7768 12430   3   1  96   0   0 2026-09-15 07:43:58
 1  0       591768       913768       163272     58693384    4    0   684   344 7458 12580   3   0  97   0   0 2026-09-15 07:43:59
 1  0       591768       915064       163272     58693560    0    0   136     0 7448 12376   3   0  97   0   0 2026-09-15 07:44:00
 2  0       591768       912840       163272     58693564    0    0     0     0 7284 12134   3   0  97   0   0 2026-09-15 07:44:01
 1  0       591768       913104       163280     58693968    0    0   392   136 7484 12440   3   0  97   0   0 2026-09-15 07:44:02
 1  0       591768       911664       163280     58693984    0    0     0     0 7593 12329   3   0  97   0   0 2026-09-15 07:44:03
 1  0       591768       910720       163280     58694208    0    0   200   364 7569 12416   3   0  96   0   0 2026-09-15 07:44:04
 1  0       591768       910480       163280     58694216    0    0     0     0 7751 12424   3   0  97   0   0 2026-09-15 07:44:05
procs -----------------------memory---------------------- ---swap-- -----io---- -system-- --------cpu-------- -----timestamp-----
 r  b         swpd         free         buff        cache   si   so    bi    bo   in   cs  us  sy  id  wa  st                 KST
 1  0       591768       907476       163280     58694368    0    0   124     0 7591 12694   3   0  97   0   0 2026-09-15 07:44:06
 2  0       591768       907736       163288     58694376    0    0     0   152 7413 12469   3   0  97   0   0 2026-09-15 07:44:07
 1  0       591768       908028       163288     58694584    0    0   200     0 7098 12370   3   0  97   0   0 2026-09-15 07:44:08
 2  0       591768       908536       163288     58694600    8    0     8   308 7109 12381   3   0  97   0   0 2026-09-15 07:44:09
 1  0       591768       908812       163288     58694612    0    0     0     0 7396 12607   3   0  97   0   0 2026-09-15 07:44:10
 1  0       591768       909584       163288     58694632    0    0     0     0 7199 12419   3   0  97   0   0 2026-09-15 07:44:11
 2  0       591768       910376       163296     58694888    0    0   244   152 7190 12344   3   0  97   0   0 2026-09-15 07:44:12
 1  0       591768       909916       163296     58694904    0    0     0     0 7254 12274   3   0  97   0   0 2026-09-15 07:44:13
 1  0       591768       909436       163296     58694912    0    0     0   312 7417 12432   3   0  97   0   0 2026-09-15 07:44:14
 1  0       591768       908936       163296     58694940    0    0     0     0 7249 12400   3   0  97   0   0 2026-09-15 07:44:15
 1  0       591768       909988       163296     58694952    0    0   324     0 7746 12465   3   0  97   0   0 2026-09-15 07:44:16
 1  0       591768       907160       163304     58695520    0    0   228   136 137405 12530   3   1  96   0   0 2026-09-15 07:44:17
 1  0       591768       907176       163304     58695756    0    0   216     0 7536 12403   3   0  97   0   0 2026-09-15 07:44:18
 1  0       591768       907496       163304     58695760    0    0 1714176     0 9885 15460   2   1  92   6   0 2026-09-15 07:44:19
 0  1       591768       908524       163304     58695768    0    0 1674916   376 9959 15486   2   1  93   5   0 2026-09-15 07:44:20
 2  6       591768       906796       163304     58695956    0    0 229888     0 7839 12439   3   0  95   2   0 2026-09-15 07:44:21
 1  0       591768       907812       163312     58696324    0    0 1524060   140 9903 15509   2   1  93   4   0 2026-09-15 07:44:22
 1  0       591768       907576       163312     58696464    0    0 1714300     0 10220 15385   2   1  91   7   0 2026-09-15 07:44:23
 1  5       591768       906872       163312     58696476    0    0 567296     0 8511 13135   2   0  94   3   0 2026-09-15 07:44:24
 1  0       591768       907132       163312     58696500    0    0 1146880   316 8893 14722   2   1  94   3   0 2026-09-15 07:44:25
 1  0       591768       907652       163312     58697548    0    0 1715216     0 10315 16082   2   1  91   7   0 2026-09-15 07:44:26
procs -----------------------memory---------------------- ---swap-- -----io---- -system-- --------cpu-------- -----timestamp-----
 r  b         swpd         free         buff        cache   si   so    bi    bo   in   cs  us  sy  id  wa  st                 KST
 2  4       591768       907672       163320     58697664    0    0 1138800   152 9176 14357   2   1  93   4   0 2026-09-15 07:44:27
 1  0       591768       906460       163320     58697768    0    0 575560     0 8294 13498   3   0  96   1   0 2026-09-15 07:44:28
 1  0       591768       905524       163320     58697784    0    0 1714176     0 9794 15519   2   1  91   6   0 2026-09-15 07:44:29
 0  1       591768       905316       163320     58697796    0    0 1652224   312 9657 15527   2   1  93   5   0 2026-09-15 07:44:30
 0  8       591768       905076       163320     58697808    0    0 227840     0 7441 12561   3   0  95   2   0 2026-09-15 07:44:31
 1  0       591768       902568       163328     58697952    0    0 1548408   156 9451 15367   2   1  91   6   0 2026-09-15 07:44:32
 1  0       591768       901592       163328     58698288    0    0 1714508     0 9803 15491   2   1  90   7   0 2026-09-15 07:44:33
 2  5       591768       901628       163328     58698308    0    0 684368     0 8544 13522   3   0  94   3   0 2026-09-15 07:44:34
 1  0       591768       901652       163328     58699144    0    0 1030568   488 8669 14508   2   1  95   2   0 2026-09-15 07:44:35
 1  0       591768       902176       163328     58699380    0    0 1714392     0 10036 15569   2   1  92   5   0 2026-09-15 07:44:36
 1  4       591768       902504       163336     58699388    0    0 1171456   140 8922 14314   2   1  91   6   0 2026-09-15 07:44:37
 1  0       591768       901004       163336     58699416    0    0 542936     0 8091 13612   3   1  95   1   0 2026-09-15 07:44:38
 2  0       591768       901516       163336     58699656    0    0 1714176     0 9843 15428   2   1  91   6   0 2026-09-15 07:44:39
 1  1       591768       901020       163352     58699648    0    0 1694216   428 9755 15435   2   1  92   6   0 2026-09-15 07:44:40
 0  7       591768       899296       163352     58699684    0    0 215552     0 7823 12467   3   0  95   2   0 2026-09-15 07:44:41
 2  0       591768       897280       163352     58699700    0    0 1518592     0 9518 15441   2   1  93   4   0 2026-09-15 07:44:42
 1  0       591768       896028       163352     58699716    0    0 1714176     0 9679 15446   2   1  92   6   0 2026-09-15 07:44:43
 1  5       591768       896576       163352     58699724    0    0 723968     0 8352 13409   2   1  93   4   0 2026-09-15 07:44:44
 1  0       591768       895324       163360     58699748    0    0 990208   204 8715 14329   2   0  94   3   0 2026-09-15 07:44:45
 1  0       591768       897352       163360     58700300    4    0 1714716   364 10337 16022   2   1  93   4   0 2026-09-15 07:44:46
 0  5       591768       896388       163360     58700304    0    0 1361920     0 9226 14714   2   1  93   5   0 2026-09-15 07:44:47
procs -----------------------memory---------------------- ---swap-- -----io---- -system-- --------cpu-------- -----timestamp-----
 r  b         swpd         free         buff        cache   si   so    bi    bo   in   cs  us  sy  id  wa  st                 KST
 2  0       591768       894384       163360     58700436    0    0 352360     0 7701 13177   3   0  96   1   0 2026-09-15 07:44:48
 2  0       591768       893892       163360     58700444    0    0 1714176     0 80631 15491   2   1  90   7   0 2026-09-15 07:44:49
 1  0       591768       890352       163368     58700464    0    0 1714292   144 67537 15497   2   1  90   7   0 2026-09-15 07:44:50
 1  6       591768       891660       163368     58700588    0    0 277504   312 7690 12597   3   0  95   2   0 2026-09-15 07:44:51
 1  0       591768       894432       163368     58700864    0    0 1436928     0 9350 15177   2   1  93   5   0 2026-09-15 07:44:52
 2  0       591768       894220       163368     58701368    0    0 1714660     0 10205 15622   2   1  91   6   0 2026-09-15 07:44:53
 1  6       591768       892720       163368     58701468    0    0 875620     0 8831 13789   2   1  93   4   0 2026-09-15 07:44:54
 1  0       591768       887716       163380     58706100    0    0 843276   140 8554 14119   2   1  95   2   0 2026-09-15 07:44:55
 1  0       591768       886524       163380     58706372    0    0 1714420   408 10030 15627   2   1  92   6   0 2026-09-15 07:44:56
 1  5       591768       886536       163380     58706740    0    0 1459556     0 9716 15030   2   1  93   5   0 2026-09-15 07:44:57
 0  8       591768       886300       163380     58706884    0    0 328832     0 8101 13252   3   1  96   1   0 2026-09-15 07:44:58
 1  0       591768       886588       163380     58706904    0    0 1640448     0 9697 15415   2   1  92   5   0 2026-09-15 07:44:59
 1  0       591768       885108       163388     58706908    0    0 1714176   160 9888 15456   2   1  92   6   0 2026-09-15 07:45:00
 1  5       591768       885960       163388     58708656    0    0 580224   340 8417 13262   3   1  94   3   0 2026-09-15 07:45:01
 1  0       591768       885744       163388     58708768    0    0 1135716     0 8992 14877   2   1  95   2   0 2026-09-15 07:45:02
 1  0       591768       885532       163388     58708784    0    0 1714176     0 9929 15466   2   1  91   6   0 2026-09-15 07:45:03
 0  5       591768       884056       163388     58708988    0    0 1173692     0 9038 14370   2   1  92   5   0 2026-09-15 07:45:04
 2  0       591768       882840       163396     58709004    0    0 540672   168 7988 13405   3   0  96   1   0 2026-09-15 07:45:05
 2  0       591768       884364       163396     58709024    0    0 1714176   440 10238 15815   2   1  90   7   0 2026-09-15 07:45:06
 1  0       591768       883648       163396     58709036    0    0 1652224     0 9910 15341   2   1  91   6   0 2026-09-15 07:45:07
 0  8       591768       882172       163396     58709056    0    0 239104     0 7767 12706   3   0  95   2   0 2026-09-15 07:45:08
procs -----------------------memory---------------------- ---swap-- -----io---- -system-- --------cpu-------- -----timestamp-----
 r  b         swpd         free         buff        cache   si   so    bi    bo   in   cs  us  sy  id  wa  st                 KST
 1  0       591768       880420       163396     58709412    0    0 1537368     0 9554 15478   2   1  92   5   0 2026-09-15 07:45:09
 2  0       591768       879172       163404     58709428    0    0 1714176   144 9833 15812   2   1  91   6   0 2026-09-15 07:45:10
 0  6       591768       876908       163404     58709440    0    0 556032   340 8096 13180   3   1  94   3   0 2026-09-15 07:45:11
 1  0       591768       876444       163404     58709456    0    0 1158144     0 8810 14576   2   1  95   3   0 2026-09-15 07:45:12
 1  0       591768       877464       163404     58709476    0    0 1714176     0 9891 15425   2   1  91   7   0 2026-09-15 07:45:13
 1  4       591768       877976       163404     58709480    0    0 1128448     0 9213 14367   2   1  92   5   0 2026-09-15 07:45:14
 1  0       591768       875984       163412     58709500    0    0 585728   144 7922 13518   3   0  95   1   0 2026-09-15 07:45:15
 3  0       591768       876744       163412     58709516    0    0 1714176    92 9633 15419   2   1  90   7   0 2026-09-15 07:45:16
 1  1       591768       878516       163412     58709520    0    0 1669632    60 9894 15328   2   1  92   5   0 2026-09-15 07:45:17
 1  0       591768       879304       163412     58710072    0    0 45076     0 7632 12565   3   0  97   0   0 2026-09-15 07:45:18
 1  0       591768       878836       163412     58710280    0    0   236     0 7512 12407   3   0  97   0   0 2026-09-15 07:45:19
 1  0       591768       878596       163420     58710344    0    0     0   124 7343 12397   3   0  97   0   0 2026-09-15 07:45:20
 1  0       591768       877148       163420     58710360    0    0     0     0 7214 12296   3   0  97   0   0 2026-09-15 07:45:21
 2  0       591768       871784       163420     58710368    0    0     0   152 136675 12375   3   1  96   0   0 2026-09-15 07:45:22
 1  0       591768       872364       163420     58710392    0    0     0     0 7342 12346   3   0  97   0   0 2026-09-15 07:45:23
 1  0       591768       873944       163420     58710392    0    0     0     0 7295 12429   3   0  97   0   0 2026-09-15 07:45:24
 3  0       591768       872216       163428     58710420    0    0     0   124 7046 12308   3   0  97   0   0 2026-09-15 07:45:25
 1  0       591768       875812       163428     58710436    0    0     0     0 7559 12603   3   0  97   0   0 2026-09-15 07:45:26
 1  0       591768       874312       163428     58710440    0    0     0   136 7306 12382   3   0  97   0   0 2026-09-15 07:45:27
 1  0       591768       874132       163428     58710468    0    0     0     0 7117 12304   3   0  97   0   0 2026-09-15 07:45:28
 2  0       591768       874176       163428     58710476    0    0     0     0 7156 12406   3   0  97   0   0 2026-09-15 07:45:29
procs -----------------------memory---------------------- ---swap-- -----io---- -system-- --------cpu-------- -----timestamp-----
 r  b         swpd         free         buff        cache   si   so    bi    bo   in   cs  us  sy  id  wa  st                 KST
 1  0       591768       873204       163436     58710484    0    0     0   128 7198 12452   3   0  97   0   0 2026-09-15 07:45:30
 1  0       591768       874500       163436     58710504    0    0     0     0 7127 12234   3   0  97   0   0 2026-09-15 07:45:31
 1  0       591768       874280       163436     58710520    0    0     0   148 7103 12319   3   0  97   0   0 2026-09-15 07:45:32
 1  0       591768       876092       163436     58710540    0    0     0     0 7120 12248   3   0  97   0   0 2026-09-15 07:45:33
 1  0       591768       876648       163436     58710548    0    0     0     0 7471 12431   3   0  97   0   0 2026-09-15 07:45:34
 1  0       591768       875680       163444     58710564    0    0     0   120 7023 12216   3   0  97   0   0 2026-09-15 07:45:35
 3  0       591768       875944       163444     58710584    0    0     0     0 7169 12218   3   0  97   0   0 2026-09-15 07:45:36
 1  0       591768       876488       163444     58710604    0    0     0     0 7297 12208   3   0  97   0   0 2026-09-15 07:45:37
 1  0       591768       875044       163444     58710612    0    0     0   136 7419 12426   3   0  97   0   0 2026-09-15 07:45:38
 1  0       591768       874804       163444     58710632    0    0     0     0 7294 12366   3   0  97   0   0 2026-09-15 07:45:39
 2  0       591768       873804       163452     58710624    0    0     0   136 7323 12315   3   0  97   0   0 2026-09-15 07:45:40
 1  0       591768       874400       163452     58710656    0    0     0     0 7230 12270   3   0  97   0   0 2026-09-15 07:45:41
 1  0       591768       873400       163452     58710660    0    0     0     0 7364 12308   3   0  97   0   0 2026-09-15 07:45:42
 1  0       591768       873948       163452     58710684    0    0     0   148 7698 12269   3   0  97   0   0 2026-09-15 07:45:43
 1  0       591768       873960       163452     58710700   16    0    16     0 7250 12352   3   0  97   0   0 2026-09-15 07:45:44
 1  0       591768       874476       163460     58710704    0    0     0   116 7112 12302   3   0  97   0   0 2026-09-15 07:45:45
 1  0       591768       874988       163460     58710780    0    0    48     0 7499 13087   3   0  97   0   0 2026-09-15 07:45:46
 2  0       591768       875780       163460     58710788    0    0     0     0 7304 12325   3   0  97   0   0 2026-09-15 07:45:47
 1  0       591768       875040       163460     58710812    0    0     0   132 7320 12503   3   0  97   0   0 2026-09-15 07:45:48
 1  0       591768       876056       163460     58710820    0    0     0     0 7207 12374   3   0  97   0   0 2026-09-15 07:45:49
 1  0       591768       875572       163468     58710836    0    0     0   124 7303 12388   3   0  97   0   0 2026-09-15 07:45:50
procs -----------------------memory---------------------- ---swap-- -----io---- -system-- --------cpu-------- -----timestamp-----
 r  b         swpd         free         buff        cache   si   so    bi    bo   in   cs  us  sy  id  wa  st                 KST
 1  0       591768       874568       163468     58710848    0    0     0     0 7243 12271   3   0  97   0   0 2026-09-15 07:45:51
 1  0       591768       874580       163468     58710864    0    0     0     0 6847 12237   3   0  97   0   0 2026-09-15 07:45:52
 1  0       591768       875096       163468     58710880    0    0     0   132 7131 12271   3   0  97   0   0 2026-09-15 07:45:53
 1  0       591768       874156       163468     58710900    0    0     0     0 7070 12326   3   0  97   0   0 2026-09-15 07:45:54
 1  0       591768       871764       163476     58710916    0    0     0   120 135981 12291   3   1  96   0   0 2026-09-15 07:45:55
 2  0       591768       871280       163476     58710932    0    0     0     0 7065 12301   3   0  97   0   0 2026-09-15 07:45:56
 2  0       591768       871088       163476     58710936    0    0     0     0 7100 12232   3   0  97   0   0 2026-09-15 07:45:57
 1  0       591768       870872       163476     58710964    0    0     0   140 6962 12420   3   0  97   0   0 2026-09-15 07:45:58
 2  0       591768       871904       163476     58710964    0    0     0     0 6965 12260   3   0  97   0   0 2026-09-15 07:45:59
 1  0       591768       872000       163484     58710984    0    0     0   128 7169 12447   3   0  97   0   0 2026-09-15 07:46:00
 1  0       591768       873028       163484     58711008    0    0     0     0 6964 12258   3   0  97   0   0 2026-09-15 07:46:01
 1  0       591768       874580       163484     58711024    0    0     0     0 7037 12324   3   0  97   0   0 2026-09-15 07:46:02
 1  0       591768       874596       163484     58711032    0    0     0     0 7171 12281   3   0  97   0   0 2026-09-15 07:46:03
 1  0       591768       874932       163484     58711048    0    0     0   152 7109 12299   3   0  97   0   0 2026-09-15 07:46:04
 1  0       591768       874936       163492     58711060    0    0     0   120 7021 12309   3   0  97   0   0 2026-09-15 07:46:05
 1  0       591768       875472       163492     58711080    0    0     0     0 7271 12681   3   0  97   0   0 2026-09-15 07:46:06
 1  0       591768       874012       163492     58711084    0    0     0     0 7084 12248   3   0  97   0   0 2026-09-15 07:46:07
 1  0       591768       873020       163492     58711104    0    0     0     0 7042 12386   3   0  97   0   0 2026-09-15 07:46:08
 2  0       591768       873060       163492     58711120    0    0     0   128 7065 12246   3   0  97   0   0 2026-09-15 07:46:09
 1  0       591768       873364       163500     58711140    0    0     0   116 7276 12600   3   0  96   0   0 2026-09-15 07:46:10
 1  0       591768       873660       163500     58711140    0    0     0     0 7029 12291   3   0  97   0   0 2026-09-15 07:46:11
procs -----------------------memory---------------------- ---swap-- -----io---- -system-- --------cpu-------- -----timestamp-----
 r  b         swpd         free         buff        cache   si   so    bi    bo   in   cs  us  sy  id  wa  st                 KST
 1  0       591768       871712       163500     58711168    0    0     0     0 6868 12197   3   0  97   0   0 2026-09-15 07:46:12
 1  0       591768       871976       163500     58711180    0    0 1714176     0 9814 15349   2   1  92   5   0 2026-09-15 07:46:13
 1  0       591768       873060       163500     58711192    0    0     0   132 6970 12474   3   0  97   0   0 2026-09-15 07:46:14
 1  0       591768       872860       163508     58711204    0    0 1714176   108 9744 15477   2   1  91   7   0 2026-09-15 07:46:15
 1  0       591768       873624       163508     58711220    0    0     0     0 7083 12373   3   0  97   0   0 2026-09-15 07:46:16
 1  0       591768       873884       163508     58711244    0    0 1714176     0 9647 15522   2   1  92   5   0 2026-09-15 07:46:17
 1  8       591768       872888       163508     58711244    0    0 89088     0 7365 12483   3   0  96   1   0 2026-09-15 07:46:18
 1  0       591768       871680       163508     58711268    0    0 1625088   128 9919 15478   2   1  93   5   0 2026-09-15 07:46:19
 1  5       591768       874716       163516     58711272    0    0 566272   124 8328 13268   3   1  94   3   0 2026-09-15 07:46:20
 1  0       591768       873048       163516     58711300    0    0 1147904     0 8900 14562   2   1  94   3   0 2026-09-15 07:46:21
 2  4       591768       871856       163516     58711316    0    0 1112064     0 8925 14237   2   1  92   5   0 2026-09-15 07:46:22
 1  0       591768       871164       163516     58711324    0    0 602112     0 7920 13637   3   0  96   1   0 2026-09-15 07:46:23
 1  1       591768       871960       163516     58711340    0    0 1631744   152 9667 15229   2   1  91   6   0 2026-09-15 07:46:24
 1  0       591768       872728       163524     58711352    0    0 82432   116 7083 12502   3   0  97   0   0 2026-09-15 07:46:25
 1  0       591768       872736       163524     58711508    0    0 1714312     0 10071 15904   2   1  93   5   0 2026-09-15 07:46:26
 1  0       591768       874040       163524     58711524    0    0     0     0 7161 12223   3   0  97   0   0 2026-09-15 07:46:27
 2  0       591768       873624       163524     58711544    0    0 1714176     0 48391 15399   2   1  91   6   0 2026-09-15 07:46:28
 0  8       591768       874920       163524     58711560    0    0 143360   136 7752 12512   3   0  96   1   0 2026-09-15 07:46:29
 1  0       591768       875492       163532     58711708    0    0 1570944   112 9706 15729   2   1  95   3   0 2026-09-15 07:46:30
 1  5       591768       876752       163532     58711716    0    0 686080     0 8316 13454   2   1  94   4   0 2026-09-15 07:46:31
 1  0       591768       877020       163532     58711720    0    0 1028096     0 8551 14290   2   1  95   2   0 2026-09-15 07:46:32
procs -----------------------memory---------------------- ---swap-- -----io---- -system-- --------cpu-------- -----timestamp-----
 r  b         swpd         free         buff        cache   si   so    bi    bo   in   cs  us  sy  id  wa  st                 KST
 2  4       591768       877280       163532     58711744    0    0 1268736     0 9006 14428   2   0  92   5   0 2026-09-15 07:46:33
 1  0       591768       875776       163532     58711764    0    0 445440   152 7719 13259   3   0  96   1   0 2026-09-15 07:46:34
 2  0       591768       875776       163540     58711764    0    0 1714176   128 9641 15426   2   1  92   6   0 2026-09-15 07:46:35
 1  0       591768       873280       163540     58711788    0    0     0     0 7047 12206   3   0  97   0   0 2026-09-15 07:46:36
 1  0       591768       873800       163540     58711804    0    0 1714176     0 9560 15429   2   1  90   7   0 2026-09-15 07:46:37
 1  0       591768       873044       163540     58711824    0    0     0     0 7170 12456   3   0  97   0   0 2026-09-15 07:46:38
 1  0       591768       872076       163540     58711832    0    0 1714176   168 9994 15517   2   1  90   7   0 2026-09-15 07:46:39
 1  8       591768       871080       163548     58711828    0    0 163840   112 7532 12489   3   0  95   1   0 2026-09-15 07:46:40
 2  0       591768       872888       163548     58711864    0    0 1550336     0 9495 15313   2   1  93   5   0 2026-09-15 07:46:41
 0  6       591768       873928       163548     58711880    0    0 697344     0 8353 13493   2   0  93   4   0 2026-09-15 07:46:42
 1  0       591768       872716       163548     58711892    0    0 1016832     0 8557 14405   2   1  96   2   0 2026-09-15 07:46:43
 2  5       591768       873228       163548     58711900    0    0 1310720     0 9061 14576   2   1  92   5   0 2026-09-15 07:46:44
 1  0       591768       870976       163556     58711928    0    0 403456   308 7787 13171   3   0  96   1   0 2026-09-15 07:46:45
 1  0       591768       870508       163556     58711936    0    0 1714176     0 9944 15847   2   1  92   6   0 2026-09-15 07:46:46
 1  0       591768       869556       163556     58711948    0    0     0     0 7019 12312   3   0  97   0   0 2026-09-15 07:46:47
 1  0       591768       867588       163556     58711968    0    0 1714176     0 9763 15412   2   1  92   6   0 2026-09-15 07:46:48
 1  0       591768       866588       163556     58711976    0    0     0     0 7149 12407   3   0  97   0   0 2026-09-15 07:46:49
 1  0       591768       866600       163564     58712000    0    0 1714176   324 9744 15483   2   1  91   6   0 2026-09-15 07:46:50
 0  7       591768       866632       163564     58712016    0    0 234496     0 7910 12536   3   1  95   2   0 2026-09-15 07:46:51
 1  0       591768       866672       163564     58712032    0    0 1479680     0 9283 15319   2   1  94   3   0 2026-09-15 07:46:52
 0  6       591768       867244       163564     58712044    0    0 791552     0 8603 13683   2   0  93   4   0 2026-09-15 07:46:53
procs -----------------------memory---------------------- ---swap-- -----io---- -system-- --------cpu-------- -----timestamp-----
 r  b         swpd         free         buff        cache   si   so    bi    bo   in   cs  us  sy  id  wa  st                 KST
 1  0       591768       866024       163564     58712060    0    0 922624     0 8681 14419   2   1  94   2   0 2026-09-15 07:46:54
 0  5       591768       865024       163572     58712052    0    0 1426432   260 9377 14893   2   1  91   6   0 2026-09-15 07:46:55
 1  0       591768       866072       163572     58712088    0    0 287744     0 7599 12867   3   1  96   1   0 2026-09-15 07:46:56
 1  0       591768       866088       163572     58712100    0    0 1714176     0 9872 15382   2   1  91   6   0 2026-09-15 07:46:57
 1  0       591768       865148       163572     58712116    0    0     0     0 7161 12369   3   0  97   0   0 2026-09-15 07:46:58
 2  0       591768       864448       163572     58712132    0    0 1714176     0 9843 15459   2   1  92   6   0 2026-09-15 07:46:59
 2  0       591768       863460       163580     58712140    0    0     0   248 70656 12355   3   1  96   0   0 2026-09-15 07:47:00
 1  0       591768       864768       163580     58712160    0    0 1714176     0 41977 15547   2   1  91   7   0 2026-09-15 07:47:01
 0  7       591768       863008       163580     58712168    0    0 304128     0 7643 12686   3   0  95   2   0 2026-09-15 07:47:02
 1  0       591768       863776       163580     58712192    0    0 1410048     0 9043 15231   2   1  94   3   0 2026-09-15 07:47:03
 1  4       591768       862808       163580     58712196    0    0 900608     0 8467 13750   2   1  92   5   0 2026-09-15 07:47:04
 1  0       591768       862872       163588     58712216    4    0 813572   244 8344 14048   2   1  95   2   0 2026-09-15 07:47:05
 0  4       591768       866476       163588     58712232    0    0 1485824     0 9803 15454   2   1  92   6   0 2026-09-15 07:47:06
 1  0       591768       865316       163588     58712248    0    0 228352     0 7434 12854   3   0  96   0   0 2026-09-15 07:47:07
 1  0       591768       864348       163588     58712248    0    0 1714176     0 9843 15469   2   1  91   7   0 2026-09-15 07:47:08
 1  0       591768       863852       163588     58712280    0    0     0     0 7105 12364   3   0  97   0   0 2026-09-15 07:47:09
 1  0       591768       862668       163596     58712288    0    0 1714176   264 10139 15812   2   1  92   6   0 2026-09-15 07:47:10
 1  0       591768       865952       163596     58712296    0    0     0     0 7400 12408   3   0  97   0   0 2026-09-15 07:47:11
 1  0       591768       865552       163596     58712324    0    0 1714176     0 9680 15400   2   1  92   6   0 2026-09-15 07:47:12
 0  6       591768       866320       163596     58712324    0    0 414720     0 7923 12840   3   0  94   3   0 2026-09-15 07:47:13
 2  0       591768       865852       163596     58712352    0    0 1299456     0 9058 14949   2   1  93   4   0 2026-09-15 07:47:14
procs -----------------------memory---------------------- ---swap-- -----io---- -system-- --------cpu-------- -----timestamp-----
 r  b         swpd         free         buff        cache   si   so    bi    bo   in   cs  us  sy  id  wa  st                 KST
 0  5       591768       867628       163604     58712352    0    0 1116160   244 8968 14260   2   1  93   4   0 2026-09-15 07:47:15
 1  0       591768       865680       163604     58712376    0    0 598016     0 8194 13520   3   0  96   1   0 2026-09-15 07:47:16
 0  1       591768       865688       163604     58712392    0    0 1703424     0 9617 15358   2   1  93   5   0 2026-09-15 07:47:17
 1  0       591768       867452       163604     58712416    0    0 10752     0 7199 12460   3   0  97   0   0 2026-09-15 07:47:18
 1  0       591768       867268       163604     58712424    0    0 1714176     0 9658 15414   2   1  92   5   0 2026-09-15 07:47:19
 1  0       591768       867576       163612     58712424    0    0     0   112 6978 12471   3   0  97   0   0 2026-09-15 07:47:20
 1  0       591768       868132       163612     58712460    0    0 1714176   140 9637 15525   2   1  93   5   0 2026-09-15 07:47:21
 1  8       591768       868416       163620     58712468    0    0 93184   132 7323 12352   3   0  96   1   0 2026-09-15 07:47:22
 1  0       591768       869428       163620     58712492    0    0 1620992     0 9235 15492   2   1  92   5   0 2026-09-15 07:47:23
 0  6       591768       871956       163620     58712500    0    0 703488     0 8219 13406   2   0  94   3   0 2026-09-15 07:47:24
 2  0       591768       870712       163620     58712524    0    0 1010688     0 8490 14468   2   1  94   3   0 2026-09-15 07:47:25
 1  4       591768       869748       163620     58712532    0    0 1275904   140 9062 14847   2   1  91   6   0 2026-09-15 07:47:26
 1  0       591768       869252       163628     58712556    0    0 438272   108 7679 13173   3   0  96   1   0 2026-09-15 07:47:27
 5  0       591768       859244       163628     58715588    0    0 1717216     0 9658 15460   2   1  92   5   0 2026-09-15 07:47:28
 5  0       591768       799304       163628     58717032    0    0  1408     0 8170 12356  13   1  85   0   0 2026-09-15 07:47:29
 1  4       591768       796572       166132     58717404    0    0  1404 980992 10432 15342   5   1  87   6   0 2026-09-15 07:47:30
 2  0       591768       792324       170040     58719660    0    0   616 1614988 10625 16609   3   1  90   6   0 2026-09-15 07:47:31
 1  0       591768       791072       170072     58719680    0    0     0  6784 7369 12399   3   0  96   0   0 2026-09-15 07:47:32
 1  0       591768       789144       170072     58719692    0    0     0     0 138902 12246   3   1  96   0   0 2026-09-15 07:47:33
 1  0       591768       790168       170072     58719704    0    0     0     0 7339 12368   3   1  96   0   0 2026-09-15 07:47:34
 1  0       591768       790424       170072     58719720    0    0     0     0 7263 12371   3   0  96   0   0 2026-09-15 07:47:35
procs -----------------------memory---------------------- ---swap-- -----io---- -system-- --------cpu-------- -----timestamp-----
 r  b         swpd         free         buff        cache   si   so    bi    bo   in   cs  us  sy  id  wa  st                 KST
 1  5       591768       790180       170072     58719728    0    0 2381824  6704 10721 16501   1   1  89   9   0 2026-09-15 07:47:36
 1  5       591768       788448       170080     58719748    0    0 3215360   180 11919 18148   1   1  89   9   0 2026-09-15 07:47:37
 1  7       591768       786936       170080     58719764    0    0 3136656     0 11885 18161   1   1  89  10   0 2026-09-15 07:47:38
 0  1       591768       786944       170080     58719776    0    0 3218800     0 12159 18438   1   1  88  10   0 2026-09-15 07:47:39
 1  4       591768       788468       170080     58719792    0    0 3175936     0 11869 18053   1   1  88  10   0 2026-09-15 07:47:40
 1  5       591768       789224       170080     58719800    0    0 3201024     0 12093 18178   1   1  88  10   0 2026-09-15 07:47:41
 1  4       591768       787728       170088     58719816    0    0 3154432    36 12257 18130   1   1  87  11   0 2026-09-15 07:47:42
 0  6       591768       788992       170088     58719836    0    0 3213824     0 12212 18185   1   1  86  12   0 2026-09-15 07:47:43
 1  5       591768       792532       170088     58719852    0    0 3183616     0 12089 18168   0   1  88  10   0 2026-09-15 07:47:44
 0  7       591768       791568       170088     58719868    0    0 3266560     0 12109 18467   1   1  87  11   0 2026-09-15 07:47:45
 4  5       591768       790072       170088     58719892    0    0 3267584   292 12025 18356   1   1  87  11   0 2026-09-15 07:47:46
 0  1       591768       789068       170096     58719896    0    0 3239424   128 12002 18417   1   1  85  13   0 2026-09-15 07:47:47
 1  5       591768       789116       170096     58719832    0    0 3063296     0 11453 17930   1   1  87  11   0 2026-09-15 07:47:48
 0  5       591768       789372       170096     58719844    0    0 3293184     0 11807 18338   1   1  87  11   0 2026-09-15 07:47:49
 1  4       591768       788624       170096     58719852    0    0 3199488     0 12057 18247   1   1  87  11   0 2026-09-15 07:47:50
 2  5       591768       789172       170096     58719880    0    0 3270144   152 12015 18284   1   1  88  10   0 2026-09-15 07:47:51
 1  5       591768       788684       170104     58719876    0    0 3194880   132 12059 18261   1   1  87  11   0 2026-09-15 07:47:52
 0  7       591768       787688       170104     58719892    0    0 3222528     0 11977 18284   1   1  89   9   0 2026-09-15 07:47:53
 0  7       591768       787440       170104     58719900    0    0 3283968     0 11908 18313   1   1  89   9   0 2026-09-15 07:47:54
 0  1       591768       786748       170104     58719920    0    0 3240448     0 11937 18488   1   1  89   9   0 2026-09-15 07:47:55
 0  4       591768       786572       170104     58719932    0    0 3310080   164 12172 18379   1   1  88  10   0 2026-09-15 07:47:56
procs -----------------------memory---------------------- ---swap-- -----io---- -system-- --------cpu-------- -----timestamp-----
 r  b         swpd         free         buff        cache   si   so    bi    bo   in   cs  us  sy  id  wa  st                 KST
 1  3       591768       785612       170112     58719944    0    0 3325952   120 12153 18272   1   1  88  10   0 2026-09-15 07:47:57
 1  0       591768       786412       170112     58719956    0    0 1936384     0 10092 15920   2   1  91   6   0 2026-09-15 07:47:58
 1  0       591768       786176       170112     58719976    0    0     0     0 7188 12288   3   0  97   0   0 2026-09-15 07:47:59
 1  0       591768       786696       170112     58719992    0    0     0     0 7302 12281   3   0  97   0   0 2026-09-15 07:48:00
 1  0       591768       783204       170112     58720008    0    0     0     0 7331 12379   3   0  97   0   0 2026-09-15 07:48:01
 2  0       591768       782968       170120     58720016    0    0     0   308 7163 12536   3   0  97   0   0 2026-09-15 07:48:02
 1  0       591768       783732       170120     58720032    0    0     0     0 7177 12242   3   0  97   0   0 2026-09-15 07:48:03
 1  5       591768       782992       170120     58720044    0    0 2100224     0 10244 15957   1   1  90   8   0 2026-09-15 07:48:04
 0  8       591768       783032       170120     58720064    0    0 3119104     0 11639 18358   1   1  88  10   0 2026-09-15 07:48:05
 0  4       591768       780516       170120     58720080    0    0 3198976     0 46416 18369   1   2  87  10   0 2026-09-15 07:48:06
 1  4       591768       780808       170128     58720084    0    0 3075072   324 11756 17856   0   1  88  11   0 2026-09-15 07:48:07
 1  4       591768       779312       170128     58720112    0    0 3222016     0 11944 18121   1   1  87  11   0 2026-09-15 07:48:08
 1  5       591768       780388       170128     58720124    0    0 3246592     0 11985 18165   1   1  87  11   0 2026-09-15 07:48:09
 1  5       591768       780968       170128     58720140    0    0 3074048     0 11784 17978   1   1  86  12   0 2026-09-15 07:48:10
 1  6       591768       779248       170128     58720152    0    0 3230720     0 12065 18296   1   1  87  11   0 2026-09-15 07:48:11
 0  8       591768       779836       170136     58720168    0    0 3270656   276 11749 18318   1   1  90   8   0 2026-09-15 07:48:12
 1  3       591768       780132       170136     58720184    0    0 3195904     0 12027 18344   1   1  87  11   0 2026-09-15 07:48:13
 1  4       591768       779172       170136     58720204    0    0 3270656     0 11967 18410   1   1  87  11   0 2026-09-15 07:48:14
 1  4       591768       778168       170136     58720220    0    0 3260416     0 11996 18312   1   1  87  11   0 2026-09-15 07:48:15
 0  5       591768       778208       170136     58720232    0    0 3124736     0 11862 17893   1   1  85  13   0 2026-09-15 07:48:16
 1  6       591768       776236       170144     58720248    0    0 3179008   256 11866 17978   1   1  86  12   0 2026-09-15 07:48:17
procs -----------------------memory---------------------- ---swap-- -----io---- -system-- --------cpu-------- -----timestamp-----
 r  b         swpd         free         buff        cache   si   so    bi    bo   in   cs  us  sy  id  wa  st                 KST
 5  5       591768       774256       170144     58720264    0    0 3201024     0 11991 18188   1   1  86  12   0 2026-09-15 07:48:18
 1  8       591768       775780       170144     58720276    0    0 3109888     0 11545 17918   1   1  88  10   0 2026-09-15 07:48:19
 1  0       591768       776584       170144     58720292    0    0 3260416     0 12065 18428   1   1  88  10   0 2026-09-15 07:48:20
 2  1       591768       775872       170144     58720300    0    0 3342848     0 12034 18334   1   1  87  11   0 2026-09-15 07:48:21
 0  5       591768       775896       170152     58720312    0    0 3223040   280 12094 18231   1   1  88  10   0 2026-09-15 07:48:22
 1  4       591768       775940       170152     58720328    0    0 3119104     0 12111 18027   1   1  87  11   0 2026-09-15 07:48:23
 2  4       591768       778248       170152     58720348    0    0 3235328     0 11956 18184   1   1  86  12   0 2026-09-15 07:48:24
 1  5       591768       779540       170152     58720356    0    0 3305984     0 12170 18696   1   1  87  11   0 2026-09-15 07:48:25
 2  0       591768       779832       170152     58720376    0    0 2629632     0 11208 17301   1   1  90   8   0 2026-09-15 07:48:26
 1  0       591768       780404       170160     58720444    0    0    56   252 7314 12245   3   0  97   0   0 2026-09-15 07:48:27
 1  0       591768       781932       170160     58720460    4    0     4     0 7247 12262   3   0  97   0   0 2026-09-15 07:48:28
 1  0       591768       783276       170160     58720480    0    0     0     0 7302 12293   3   0  97   0   0 2026-09-15 07:48:29
 1  0       591768       783032       170160     58720496    0    0     0     0 7327 12358   3   0  97   0   0 2026-09-15 07:48:30
 1  0       591768       784584       170160     58720508    0    0     0     0 7112 12331   3   0  97   0   0 2026-09-15 07:48:31
 0  1       591768       783112       170168     58720512    0    0 1634816   120 9687 15318   2   1  91   7   0 2026-09-15 07:48:32
 1  4       591768       784924       170168     58720536    0    0 3128832   136 12153 18110   1   1  87  11   0 2026-09-15 07:48:33
 1  4       591768       784968       170168     58720548    0    0 3138048     0 11954 18180   1   1  87  11   0 2026-09-15 07:48:34
 1  5       591768       782960       170168     58720572    0    0 3089920     0 11865 17931   1   1  87  11   0 2026-09-15 07:48:35
 1  5       591768       782968       170168     58720584    0    0 3260416     0 12004 18382   1   1  87  11   0 2026-09-15 07:48:36
 1  6       591768       784272       170176     58720600    0    0 3172352   132 11787 18122   1   1  88  10   0 2026-09-15 07:48:37
 3  5       591768       787080       170176     58720620    0    0 3282944   156 12018 18356   1   1  90   9   0 2026-09-15 07:48:38
procs -----------------------memory---------------------- ---swap-- -----io---- -system-- --------cpu-------- -----timestamp-----
 r  b         swpd         free         buff        cache   si   so    bi    bo   in   cs  us  sy  id  wa  st                 KST
 0  1       591768       785692       170176     58720640    0    0 3270144     0 80703 18499   1   2  87  10   0 2026-09-15 07:48:39
 1  4       591768       786764       170176     58720648    0    0 3189248     0 11809 18022   1   1  87  11   0 2026-09-15 07:48:40
 1  5       591768       785296       170176     58720664    0    0 3138560     0 11753 17965   1   1  87  11   0 2026-09-15 07:48:41
 1  4       591768       785840       170184     58720688    0    0 3232256   120 12181 18317   1   1  87  11   0 2026-09-15 07:48:42
 1  5       591768       783864       170184     58720700    0    0 3114496   148 11869 17980   1   1  85  13   0 2026-09-15 07:48:43
 1  5       591768       782652       170184     58720712    0    0 3191808     0 11973 18382   1   1  86  11   0 2026-09-15 07:48:44
 1  6       591768       786220       170184     58720728    0    0 3255296     0 12102 18619   1   1  88  10   0 2026-09-15 07:48:45
 0  8       591768       785512       170184     58720740    0    0 3331072     0 11970 18611   1   1  87  11   0 2026-09-15 07:48:46
 0  1       591768       785808       170192     58720756    0    0 3267072   120 12192 18575   1   1  87  11   0 2026-09-15 07:48:47
 1  3       591768       784880       170196     58720776    0    0 3241476   128 12158 18244   1   1  88  10   0 2026-09-15 07:48:48
 0  5       591768       783916       170196     58720796    0    0 3283968     0 12079 18243   1   1  87  11   0 2026-09-15 07:48:49
 1  4       591768       783924       170196     58720804    0    0 3279872     0 12144 18346   1   1  87  11   0 2026-09-15 07:48:50
 0  6       591768       783760       170196     58720824    0    0 3068928     0 11447 17783   1   1  86  12   0 2026-09-15 07:48:51
 0  6       591768       782260       170204     58720828    0    0 3176448   116 11710 18128   1   1  86  12   0 2026-09-15 07:48:52
 1  5       591768       783020       170204     58720852    0    0 3212288   124 12024 18094   1   1  87  11   0 2026-09-15 07:48:53
 1  0       591768       783536       170204     58720872    0    0 3035136     0 11956 18359   1   1  89   9   0 2026-09-15 07:48:54
 1  0       591768       785060       170204     58720872    0    0     0     0 7064 12371   3   0  97   0   0 2026-09-15 07:48:55
 1  0       591768       784312       170204     58720904    0    0     0     0 7019 12298   3   0  97   0   0 2026-09-15 07:48:56
 1  0       591768       783564       170212     58720904    0    0     0   124 7102 12274   3   0  97   0   0 2026-09-15 07:48:57
 1  0       591768       782808       170212     58720928    0    0     0   144 7285 12362   3   0  97   0   0 2026-09-15 07:48:58
 1  0       591768       783068       170212     58720932    0    0     0     0 7113 12282   3   0  97   0   0 2026-09-15 07:48:59
procs -----------------------memory---------------------- ---swap-- -----io---- -system-- --------cpu-------- -----timestamp-----
 r  b         swpd         free         buff        cache   si   so    bi    bo   in   cs  us  sy  id  wa  st                 KST
 2  4       591768       782072       170212     58720956    0    0 1214464     0 9031 14463   2   1  92   5   0 2026-09-15 07:49:00
 2  4       591768       781824       170212     58720968    0    0 3199488     0 11936 18026   1   1  86  12   0 2026-09-15 07:49:01
 1  5       591768       781576       170220     58720976    0    0 3051008   132 11972 17949   1   1  87  12   0 2026-09-15 07:49:02
 3  5       591768       782380       170220     58721000    0    0 3171328   144 12068 18161   1   1  87  11   0 2026-09-15 07:49:03
 0  7       591768       782396       170220     58721016    0    0 3265536     0 12044 18383   1   1  87  10   0 2026-09-15 07:49:04
 1  0       591768       781900       170220     58721028    0    0 3239936     0 12221 18849   1   2  87  11   0 2026-09-15 07:49:05
 2  3       591768       780668       170220     58721044    0    0 3240960     0 12157 18415   1   2  86  12   0 2026-09-15 07:49:06
 9  4       591768       780436       170228     58721052    0    0 3099648   136 11651 17997   1   1  87  11   0 2026-09-15 07:49:07
 9  4       591768       781200       170228     58721072    0    0 3205632     0 11736 18186   1   1  88  10   0 2026-09-15 07:49:08
 2  5       591768       780228       170228     58721084    0    0 3171840   148 11783 18078   1   1  87  11   0 2026-09-15 07:49:09
 1  6       591768       779236       170228     58721104    0    0 3268608     0 12132 18407   1   1  88  10   0 2026-09-15 07:49:10
10  6       591768       778268       170228     58721108    0    0 3227648     0 29146 18153   1   2  88  10   0 2026-09-15 07:49:11
 8  8       591768       778504       170236     58721128    0    0 3236864   116 44749 18152   1   2  87  10   0 2026-09-15 07:49:12
 8  1       591768       779312       170236     58721144    0    0 3225088     0 11936 18564   1   1  90   8   0 2026-09-15 07:49:13
 1  4       591768       779636       170236     58721160    0    0 3236352   124 12157 18529   1   1  87  11   0 2026-09-15 07:49:14
 2  4       591768       779176       170236     58721176    0    0 3239936     0 11992 18176   1   1  88  11   0 2026-09-15 07:49:15
 3  4       591768       779996       170236     58721188    0    0 3205632     0 11832 18251   1   1  88  10   0 2026-09-15 07:49:16
 2  6       591768       780056       170244     58721208    0    0 3133952   128 11662 18090   1   1  87  11   0 2026-09-15 07:49:17
 1  6       591768       780892       170244     58721224    0    0 3193856     0 11836 18166   1   2  86  12   0 2026-09-15 07:49:18
 2  5       591768       781224       170244     58721236    0    0 3287040   144 12217 18303   1   1  89   9   0 2026-09-15 07:49:19
 1  7       591768       781264       170244     58721252    0    0 3213312     0 11904 18147   1   1  88  10   0 2026-09-15 07:49:20
procs -----------------------memory---------------------- ---swap-- -----io---- -system-- --------cpu-------- -----timestamp-----
 r  b         swpd         free         buff        cache   si   so    bi    bo   in   cs  us  sy  id  wa  st                 KST
 1  8       591768       783816       170244     58721268    0    0 3312640     0 12121 18618   1   1  87  11   0 2026-09-15 07:49:21
 1  4       591768       783320       170252     58721280    0    0 3180544   116 11881 18238   1   1  88  10   0 2026-09-15 07:49:22
 2  0       591768       785348       170252     58721284    0    0 174080     0 7529 12749   3   0  97   0   0 2026-09-15 07:49:23
 2  0       591768       783344       170252     58721316    0    0     0   148 7048 12317   3   0  97   0   0 2026-09-15 07:49:24
 2  0       591768       781340       170252     58721332    0    0     0     0 7308 12765   3   0  97   0   0 2026-09-15 07:49:25
 2  0       591768       780592       170252     58721336    0    0     0     0 6993 12332   3   0  97   0   0 2026-09-15 07:49:26
 2  0       591768       781604       170260     58721364    0    0     0   160 6921 12225   3   0  97   0   0 2026-09-15 07:49:27
 1  6       591768       780856       170260     58721364    0    0 762880     0 8134 13520   2   0  93   4   0 2026-09-15 07:49:28
 2  5       591768       781628       170260     58721392    0    0 3247104     0 11853 18116   1   1  88  10   0 2026-09-15 07:49:29
 1  7       591768       780884       170260     58721408    0    0 3136512   176 11818 18096   1   1  87  11   0 2026-09-15 07:49:30
 1  8       591768       779628       170260     58721424    0    0 3212288     0 11955 18289   1   1  87  11   0 2026-09-15 07:49:31
 2  3       591768       780924       170268     58721428    0    0 3173376   128 11838 18145   1   1  87  11   0 2026-09-15 07:49:32
 2  4       591768       780184       170268     58721452    0    0 3202048     0 11719 18141   1   1  88  10   0 2026-09-15 07:49:33
 1  5       591768       780732       170268     58721464    0    0 3237888     0 11731 18230   1   1  90   8   0 2026-09-15 07:49:34
 2  4       591768       780992       170268     58721480    0    0 3234304   132 11760 18376   1   2  88  10   0 2026-09-15 07:49:35
 1  5       591768       781084       170268     58721488    0    0 3269120     0 11709 18235   1   1  88  10   0 2026-09-15 07:49:36
 2  6       591768       779340       170276     58721508    4    0 3076100   124 11477 17910   1   1  88  10   0 2026-09-15 07:49:37
 2  6       591768       779848       170276     58721520    0    0 3273728     0 11932 18261   1   1  88  10   0 2026-09-15 07:49:38
 2  7       591768       780356       170276     58721540    0    0 3331240     0 11698 18399   1   1  88  10   0 2026-09-15 07:49:39
 1  0       591768       781628       170276     58721556    0    0 3196248   148 11938 18341   1   1  88  10   0 2026-09-15 07:49:40
 1  4       591768       780128       170276     58721568    0    0 3245568     0 11842 18226   1   1  87  11   0 2026-09-15 07:49:41
procs -----------------------memory---------------------- ---swap-- -----io---- -system-- --------cpu-------- -----timestamp-----
 r  b         swpd         free         buff        cache   si   so    bi    bo   in   cs  us  sy  id  wa  st                 KST
 1  4       591768       779948       170284     58721580    0    0 3126272   120 11631 18015   1   1  86  13   0 2026-09-15 07:49:42
 0  5       591768       780496       170284     58721600    0    0 3184128     0 11587 18088   1   1  88  10   0 2026-09-15 07:49:43
 1  5       591768       778940       170284     58721616    0    0 3211776     0 50484 18230   1   2  87  10   0 2026-09-15 07:49:44
 0  6       591768       782296       170284     58721632    0    0 3232768   140 12221 18534   1   1  87  11   0 2026-09-15 07:49:45
 2  6       591768       779812       170284     58721648    0    0 3192832     0 12029 18349   1   1  88  11   0 2026-09-15 07:49:46
 0  8       591768       779380       170292     58721664    0    0 3241984   136 11642 18277   1   1  89  10   0 2026-09-15 07:49:47
 2  0       591768       780392       170292     58721680    0    0 3280384     0 12122 18376   1   1  88  10   0 2026-09-15 07:49:48
 1  4       591768       780936       170292     58721688    0    0 3234304     0 11927 18244   1   1  86  12   0 2026-09-15 07:49:49
 0  5       591768       780216       170292     58721704    0    0 3220480     0 11901 18302   1   1  88  10   0 2026-09-15 07:49:50
 1  0       591768       780256       170292     58721720    0    0 472064   144 7934 13328   3   1  96   1   0 2026-09-15 07:49:51
 1  0       591768       779796       170300     58721720    0    0     0   128 7277 12308   3   0  97   0   0 2026-09-15 07:49:52
 1  0       591768       781124       170300     58721744    0    0     0     0 7080 12226   3   0  97   0   0 2026-09-15 07:49:53
 1  0       591768       780888       170300     58721764    0    0     0     0 7252 12372   3   0  97   0   0 2026-09-15 07:49:54
 1  0       591768       781736       170300     58721776    0    0     0     0 7024 12314   3   0  97   0   0 2026-09-15 07:49:55
 0  6       591768       781536       170300     58721780    0    0 411648   140 7673 12908   3   0  94   3   0 2026-09-15 07:49:56
 0  8       591768       784096       170308     58721804    0    0 3192832   124 11830 18154   1   1  87  11   0 2026-09-15 07:49:57
 2  0       591768       783676       170308     58721820    0    0 3197440     0 11718 18395   1   1  88  11   0 2026-09-15 07:49:58
 1  5       591768       784944       170308     58721832    0    0 3078656     0 11719 17815   1   1  86  12   0 2026-09-15 07:49:59
 1  4       591768       783940       170308     58721852    0    0 3235840     0 11853 18187   1   1  86  12   0 2026-09-15 07:50:00
 0  5       591768       782740       170308     58721864    0    0 3286528   140 11934 18277   1   1  87  11   0 2026-09-15 07:50:01
 1  5       591768       782552       170316     58721880    0    0 3156480   116 11972 18269   1   1  86  12   0 2026-09-15 07:50:02
procs -----------------------memory---------------------- ---swap-- -----io---- -system-- --------cpu-------- -----timestamp-----
 r  b         swpd         free         buff        cache   si   so    bi    bo   in   cs  us  sy  id  wa  st                 KST
 1  5       591768       782092       170316     58721892    0    0 3202048     0 12011 18109   1   1  87  11   0 2026-09-15 07:50:03
 1  6       591768       783228       170316     58721904    0    0 3181568     0 12037 18187   1   1  88  10   0 2026-09-15 07:50:04
 0  8       591768       782004       170316     58721920    0    0 3271744     0 11963 18757   1   1  89   9   0 2026-09-15 07:50:05
 1  3       591768       782512       170316     58722008    0    0 3214336   132 12217 18560   1   1  89   9   0 2026-09-15 07:50:06
 1  4       591768       781788       170324     58722020    0    0 3156992   128 11734 18085   1   1  87  11   0 2026-09-15 07:50:07
 0  5       591768       780536       170324     58722036    0    0 3210240     0 11980 18133   1   1  88  10   0 2026-09-15 07:50:08
 1  5       591768       781808       170324     58722052    0    0 3166208     0 11737 17989   1   1  88  10   0 2026-09-15 07:50:09
 1  5       591768       781376       170324     58722060    0    0 3181568     0 11890 18273   1   2  86  12   0 2026-09-15 07:50:10
 0  7       591768       780408       170324     58722076    0    0 3101696     0 11470 18043   1   1  89   9   0 2026-09-15 07:50:11
 0  8       591768       780948       170332     58722092    0    0 3253248   272 11780 18391   1   1  86  12   0 2026-09-15 07:50:12
 1  3       591768       783248       170332     58722108    0    0 3254272     0 11759 18282   1   1  88  11   0 2026-09-15 07:50:13
 1  5       591768       782256       170332     58722120    0    0 3144704     0 11763 18137   1   1  88  10   0 2026-09-15 07:50:14
 1  5       591768       781548       170332     58722136    0    0 3277824     0 11876 18197   1   1  87  11   0 2026-09-15 07:50:15
 0  5       591768       781800       170332     58722152    0    0 3193344     0 11845 18184   1   1  87  11   0 2026-09-15 07:50:16
 0  6       591768       781928       170340     58722164    0    0 3276288   312 83269 18319   1   2  87  10   0 2026-09-15 07:50:17
 2  6       591768       781688       170340     58722176    0    0 3105792     0 11730 17951   1   1  87  11   0 2026-09-15 07:50:18
 1  0       591768       766356       170340     58723812    0    0 1245776     0 8995 14786   2   1  93   4   0 2026-09-15 07:50:19
 1  0       591768       764352       170340     58723824    0    0     0     0 7192 12368   3   0  97   0   0 2026-09-15 07:50:20
 1  0       591768       764636       170340     58723836    0    0     0     0 7024 12314   3   0  97   0   0 2026-09-15 07:50:21
 1  0       591768       765160       170348     58723848    0    0     0   268 7134 12388   3   0  96   0   0 2026-09-15 07:50:22
 1  0       591768       763408       170348     58723860    0    0     0     0 7347 12333   3   0  97   0   0 2026-09-15 07:50:23
procs -----------------------memory---------------------- ---swap-- -----io---- -system-- --------cpu-------- -----timestamp-----
 r  b         swpd         free         buff        cache   si   so    bi    bo   in   cs  us  sy  id  wa  st                 KST
 1  0       591768       763452       170348     58723876    0    0     0     0 7282 12290   3   0  97   0   0 2026-09-15 07:50:24
 1  4       591768       762464       170348     58723896    0    0 3000320     0 11965 18121   1   1  88  10   0 2026-09-15 07:50:25
 1  4       591768       763232       170348     58723908    0    0 3069440     0 12011 18130   1   1  89   9   0 2026-09-15 07:50:26
 1  5       591768       761980       170356     58723932    0    0 3080704   124 11788 18032   1   1  87  11   0 2026-09-15 07:50:27
 1  6       591768       760256       170356     58723944    0    0 3146752   148 11946 18035   1   1  88  10   0 2026-09-15 07:50:28
 0  8       591768       760516       170356     58723960    0    0 3240960     0 11789 18267   1   1  87  11   0 2026-09-15 07:50:29
 0  1       591768       760832       170356     58723976    0    0 3271168     0 11991 18480   1   1  87  11   0 2026-09-15 07:50:30
 0  5       591768       762100       170356     58723980    0    0 3192320     0 11737 18102   0   1  91   7   0 2026-09-15 07:50:31
 1  4       591768       761104       170364     58723992    0    0 3115008   120 11748 17931   1   1  87  11   0 2026-09-15 07:50:32
 1  5       591768       760132       170364     58724020    0    0 3165184   124 11798 18028   1   1  89  10   0 2026-09-15 07:50:33
 1  5       591768       759640       170364     58724036    0    0 3161088     0 11805 18190   1   1  86  12   0 2026-09-15 07:50:34
 1  5       591768       759656       170364     58724052    0    0 3293184     0 12280 18466   1   1  87  10   0 2026-09-15 07:50:35
 4  6       591768       759940       170364     58724068    0    0 3225600     0 12154 18225   1   1  87  11   0 2026-09-15 07:50:36
 0  8       591768       759752       170372     58724084    0    0 3252224   136 12056 18525   1   1  89   9   0 2026-09-15 07:50:37
 1  4       591768       760268       170372     58724096    0    0 3065856   160 11865 18089   1   1  86  12   0 2026-09-15 07:50:38
 0  5       591768       760556       170380     58724684    0    0 3138080   136 11826 18058   1   1  86  12   0 2026-09-15 07:50:39
 1  4       591768       761600       170380     58724712    0    0 3277312     0 12089 18213   1   1  87  11   0 2026-09-15 07:50:40
 1  5       591768       761616       170380     58724728    0    0 3216896     0 12061 18149   1   1  89   9   0 2026-09-15 07:50:41
 2  5       591768       761212       170380     58724744    0    0 3318240     0 12300 18483   1   1  88  10   0 2026-09-15 07:50:42
 1  6       591768       760472       170380     58725264    0    0 3281948   336 12061 18385   1   1  87  11   0 2026-09-15 07:50:43
 0  7       591768       759984       170388     58725272    0    0 3193856   144 12039 18175   1   1  88  10   0 2026-09-15 07:50:44
procs -----------------------memory---------------------- ---swap-- -----io---- -system-- --------cpu-------- -----timestamp-----
 r  b         swpd         free         buff        cache   si   so    bi    bo   in   cs  us  sy  id  wa  st                 KST
 0  7       591768       764312       170388     58725292    0    0 3337216     0 12528 18863   1   1  89   9   0 2026-09-15 07:50:45
 1  8       591768       762588       170388     58725488    0    0 3386560     0 12243 18767   1   2  88  10   0 2026-09-15 07:50:46
 3  0       591768       760844       170388     58725772    0    0 1566976     0 9797 15573   2   1  93   5   0 2026-09-15 07:50:47
 1  0       591768       760372       170388     58725784    0    0     0   288 7518 12300   3   0  97   0   0 2026-09-15 07:50:48
 2  0       591768       762484       170396     58725800    0    0     0   132 7093 12318   3   0  97   0   0 2026-09-15 07:50:49
 2  0       591768       763540       170396     58725812    0    0     0     0 134064 12377   3   1  96   0   0 2026-09-15 07:50:50
 1  0       591768       762624       170396     58725828    0    0     0     0 7313 12313   3   0  97   0   0 2026-09-15 07:50:51
 1  0       591768       761372       170396     58725840    0    0     0     0 7155 12259   3   0  97   0   0 2026-09-15 07:50:52
 1  1       591768       761720       170396     58725848    0    0     0    64 7359 12375   3   0  97   0   0 2026-09-15 07:50:53
 2  0       591768       762236       170404     58725872    0    0     0   188 7414 12447   3   0  96   0   0 2026-09-15 07:50:54
 1  0       591768       763056       170404     58725892    0    0     0     0 7280 12406   3   0  96   0   0 2026-09-15 07:50:55
 1  0       591768       763568       170404     58725904    0    0     0     0 7359 12331   3   0  97   0   0 2026-09-15 07:50:56
 1  0       591768       763832       170404     58725924    0    0     0     0 7610 12362   3   0  96   0   0 2026-09-15 07:50:57
 2  0       591768       764088       170404     58725936    0    0     0     0 7579 12265   3   0  97   0   0 2026-09-15 07:50:58
 1  0       591768       763848       170412     58725944    0    0     0   300 7667 12289   3   0  97   0   0 2026-09-15 07:50:59
 1  0       591768       762852       170412     58725968    0    0     0     0 7563 12260   3   0  97   0   0 2026-09-15 07:51:00
 1  0       591768       761884       170412     58725984    0    0     0     0 7582 12325   3   0  97   0   0 2026-09-15 07:51:01
 1  0       591768       760884       170412     58725992    0    0     0     0 7447 12354   3   0  97   0   0 2026-09-15 07:51:02
 1  0       591768       760392       170412     58726012    0    0     0     0 7406 12267   3   0  97   0   0 2026-09-15 07:51:03
 1  0       591768       758420       170420     58726024    0    0     0   332 7622 12294   3   0  97   0   0 2026-09-15 07:51:04
 1  0       591768       760700       170420     58726044    0    0     0     0 7850 12699   3   0  97   0   0 2026-09-15 07:51:05
procs -----------------------memory---------------------- ---swap-- -----io---- -system-- --------cpu-------- -----timestamp-----
 r  b         swpd         free         buff        cache   si   so    bi    bo   in   cs  us  sy  id  wa  st                 KST
 1  0       591768       761220       170420     58726056    0    0     0     0 7562 12408   3   0  97   0   0 2026-09-15 07:51:06
 1  0       591768       761988       170420     58726064    0    0     0     0 7414 12451   3   1  96   0   0 2026-09-15 07:51:07
 1  0       591768       761772       170420     58726088    0    0     0     0 7476 12318   3   0  97   0   0 2026-09-15 07:51:08
 1  0       591768       761784       170428     58726088    0    0     0   336 7438 12352   3   0  97   0   0 2026-09-15 07:51:09
 1  0       591768       761032       170428     58726116    0    0     0     0 7511 12489   3   0  97   0   0 2026-09-15 07:51:10
 1  0       591768       760032       170428     58726120    0    0     0     0 7462 12261   3   0  97   0   0 2026-09-15 07:51:11
 1  0       591768       760036       170428     58726140    0    0     0     0 7282 12308   3   0  97   0   0 2026-09-15 07:51:12
 1  0       591768       760044       170428     58726148    0    0     0     0 7297 12298   3   0  96   0   0 2026-09-15 07:51:13
 1  0       591768       760812       170436     58726164    0    0     0   264 7393 12443   3   0  97   0   0 2026-09-15 07:51:14
 1  0       591768       760816       170436     58726180    0    0     0     0 7336 12300   3   0  97   0   0 2026-09-15 07:51:15
 1  0       591768       761588       170436     58726200    0    0     0     0 7412 12412   3   0  97   0   0 2026-09-15 07:51:16
 3  0       591768       760336       170436     58726208    0    0     0     0 7526 12413   3   0  97   0   0 2026-09-15 07:51:17
 1  0       591768       760624       170436     58726232    0    0     0     0 7435 12302   3   0  97   0   0 2026-09-15 07:51:18
 1  0       591768       759624       170444     58726252    0    0     0   268 7312 12302   3   0  96   0   0 2026-09-15 07:51:19
 2  0       591768       760168       170444     58726264    0    0     0     0 7435 12330   3   0  97   0   0 2026-09-15 07:51:20
 1  0       591768       759672       170444     58726284    0    0     0     0 7521 12225   3   0  97   0   0 2026-09-15 07:51:21
 2  0       591768       759932       170444     58726292    0    0     0     0 59165 12398   3   1  96   0   0 2026-09-15 07:51:22
 1  0       591768       759068       170444     58726312    0    0     0     0 78659 12377   3   1  96   0   0 2026-09-15 07:51:23
 1  0       591768       759360       170452     58726316    0    0     0   284 7521 12246   3   0  97   0   0 2026-09-15 07:51:24
 2  0       591768       757856       170452     58726336    0    0     0     0 7568 12655   3   0  97   0   0 2026-09-15 07:51:25
 1  0       591768       755612       170452     58726352    0    0     0     0 7662 12523   3   0  96   0   0 2026-09-15 07:51:26
procs -----------------------memory---------------------- ---swap-- -----io---- -system-- --------cpu-------- -----timestamp-----
 r  b         swpd         free         buff        cache   si   so    bi    bo   in   cs  us  sy  id  wa  st                 KST
 1  0       591768       754636       170452     58726364    0    0     0     0 7107 12328   3   0  97   0   0 2026-09-15 07:51:27
 1  0       591768       756164       170452     58726388    0    0     0     0 7232 12545   3   0  96   0   0 2026-09-15 07:51:28
 2  0       591768       752656       170460     58726396    0    0     0   124 7496 12301   3   0  96   0   0 2026-09-15 07:51:29
 1  0       591768       750932       170460     58726944    0    0   528   144 7376 12523   3   0  97   0   0 2026-09-15 07:51:30
 1  0       591768       751216       170460     58726976    0    0    20     0 7081 12352   3   0  97   0   0 2026-09-15 07:51:31
 1  0       591768       751252       170460     58726992    0    0     0     0 7263 12286   3   0  97   0   0 2026-09-15 07:51:32
 1  0       591768       751512       170460     58727372    0    0   364     0 7506 12346   3   0  97   0   0 2026-09-15 07:51:33
 1  0       591768       749508       170468     58727384    0    0     0   136 7255 12393   3   0  97   0   0 2026-09-15 07:51:34
 1  0       591768       748784       170468     58727400    0    0     0   360 7143 12343   3   0  97   0   0 2026-09-15 07:51:35
 2  0       591768       750308       170468     58727416    0    0   192     0 7493 12447   3   0  96   0   0 2026-09-15 07:51:36
 1  3       591768       751084       170468     58728084    0    0 1501588     0 9476 14949   2   1  92   6   0 2026-09-15 07:51:37
 1  0       591768       753612       170468     58728100    0    0 213104     0 7623 13042   3   0  96   0   0 2026-09-15 07:51:38
 1  0       591768       752412       170476     58728476    0    0 1714432   148 10249 15489   2   1  92   6   0 2026-09-15 07:51:39
 1  8       591768       753176       170476     58728500    0    0 70012   344 7343 12489   3   0  97   0   0 2026-09-15 07:51:40
 2  0       591768       754456       170476     58729276    0    0 1644932     0 9815 15446   2   1  92   6   0 2026-09-15 07:51:41
 2  5       591768       754708       170476     58729296    0    0 876568     0 8598 13834   2   1  93   4   0 2026-09-15 07:51:42
 1  0       591768       753456       170476     58729348    0    0 837632     0 8567 14056   2   1  95   2   0 2026-09-15 07:51:43
 1  0       591768       753708       170484     58729348    0    0 1714176   136 9869 15577   2   1  92   6   0 2026-09-15 07:51:44
 2  0       591768       752252       170484     58729612    0    0   236   428 7399 12591   3   0  97   0   0 2026-09-15 07:51:45
 1  0       591768       751500       170484     58729620    0    0 1714176     0 9833 15572   2   1  91   6   0 2026-09-15 07:51:46
 1  6       591768       749744       170484     58729764    0    0 317564     0 7921 12838   3   0  95   2   0 2026-09-15 07:51:47
procs -----------------------memory---------------------- ---swap-- -----io---- -system-- --------cpu-------- -----timestamp-----
 r  b         swpd         free         buff        cache   si   so    bi    bo   in   cs  us  sy  id  wa  st                 KST
 1  0       591768       748492       170484     58729768    0    0 1396736     0 9241 15269   2   1  93   4   0 2026-09-15 07:51:48
 0  5       591768       747488       170492     58729796    0    0 1368064   168 9326 14774   2   1  92   5   0 2026-09-15 07:51:49
 2  0       591768       746984       170492     58729804    0    0 346112   300 7438 13119   3   0  96   1   0 2026-09-15 07:51:50
 2  0       591768       750268       170492     58730128    0    0 1714424     0 9704 15401   2   1  91   6   0 2026-09-15 07:51:51
 1  0       591768       749020       170492     58730144    0    0     0     0 7148 12254   3   0  97   0   0 2026-09-15 07:51:52
 1  0       591768       750544       170492     58730160    0    0 1714176     0 9647 15547   2   1  93   5   0 2026-09-15 07:51:53
 1  5       591768       750556       170500     58730164    0    0 832512   128 8566 13777   2   1  93   4   0 2026-09-15 07:51:54
 1  0       591768       750312       170500     58730436    0    0 881912   252 131044 14146   2   1  94   2   0 2026-09-15 07:51:55
 2  0       591768       750060       170500     58730452    0    0 1714176     0 9753 15371   2   1  91   7   0 2026-09-15 07:51:56
 2  0       591768       749324       170500     58730456    0    0     0     0 7382 12432   3   0  97   0   0 2026-09-15 07:51:57
 1  0       591768       748360       170500     58730480    0    0 1714176     0 9758 15648   2   1  91   6   0 2026-09-15 07:51:58
 1  6       591768       748412       170508     58730992    0    0 241296   140 7811 12589   3   0  95   2   0 2026-09-15 07:51:59
 2  0       591768       747224       170508     58731164    0    0 1473536     0 9457 15270   2   1  94   3   0 2026-09-15 07:52:00
 1  4       591768       746484       170508     58731184    0    0 1214464   356 9414 14407   2   1  92   5   0 2026-09-15 07:52:01
 2  0       591768       746524       170508     58731188    0    0 499712     0 7942 13441   3   1  96   1   0 2026-09-15 07:52:02
 1  0       591768       746316       170508     58731208    0    0 1714176     0 9794 15447   2   1  91   7   0 2026-09-15 07:52:03
 1  0       591768       746068       170516     58731220    0    0     0   136 7330 12406   3   0  96   0   0 2026-09-15 07:52:04
 1  0       591768       748388       170516     58731244    0    0 1714176     0 9932 15669   2   1  91   6   0 2026-09-15 07:52:05
 0  6       591768       746384       170516     58731248    0    0 586752   144 8194 13246   2   1  94   3   0 2026-09-15 07:52:06
 3  0       591768       747416       170516     58731272    0    0 1127424     0 8812 14669   2   1  94   3   0 2026-09-15 07:52:07
 1  4       591768       747452       170516     58731288    0    0 1565696     0 9570 15157   2   1  91   6   0 2026-09-15 07:52:08
procs -----------------------memory---------------------- ---swap-- -----io---- -system-- --------cpu-------- -----timestamp-----
 r  b         swpd         free         buff        cache   si   so    bi    bo   in   cs  us  sy  id  wa  st                 KST
 1  0       591768       744496       170524     58731428    0    0 148620   144 7572 12733   3   0  96   0   0 2026-09-15 07:52:09
 1  0       591768       743536       170524     58731584    0    0 1714304     0 9742 15556   2   1  91   6   0 2026-09-15 07:52:10
 0  8       591768       742792       170524     58735536    0    0 98144   328 7381 12524   3   0  96   1   0 2026-09-15 07:52:11
 1  0       591768       743832       170524     58735636    0    0 1620052     0 9569 15384   2   1  92   5   0 2026-09-15 07:52:12
 1  4       591768       744600       170524     58735644    0    0 952832     0 8732 14025   2   1  92   5   0 2026-09-15 07:52:13
 1  0       591768       746880       170532     58735668    0    0 761344   136 8463 13933   2   1  95   2   0 2026-09-15 07:52:14
 1  0       591768       747200       170532     58735672    0    0 1714176     0 9900 15501   2   1  92   5   0 2026-09-15 07:52:15
 1  0       591768       748528       170532     58735688    0    0   128   240 7137 12282   3   0  97   0   0 2026-09-15 07:52:16
 1  0       591768       747864       170532     58735836    0    0 1714176     0 9868 15503   2   1  91   6   0 2026-09-15 07:52:17
 0  6       591768       747376       170532     58735852    0    0 393216     0 8048 12892   3   0  95   2   0 2026-09-15 07:52:18
 1  0       591768       745680       170540     58735852    0    0 1320960   132 9191 15085   2   1  95   3   0 2026-09-15 07:52:19
 0  5       591768       746948       170540     58735880    0    0 1278976     0 9202 14604   2   1  92   6   0 2026-09-15 07:52:20
 1  0       591768       744556       170540     58735888    0    0 435200   260 7755 13242   3   0  96   1   0 2026-09-15 07:52:21
 1  0       591768       743848       170540     58736012    0    0 1714276     0 9912 15492   2   1  92   5   0 2026-09-15 07:52:22
 2  0       591768       742668       170540     58736020    0    0     0     0 7136 12328   3   0  97   0   0 2026-09-15 07:52:23
 2  0       591768       742668       170548     58736036    0    0 1714176   132 9839 15435   2   1  92   6   0 2026-09-15 07:52:24
 1  5       591768       742524       170548     58736052    0    0 684032     0 8337 13620   3   1  94   3   0 2026-09-15 07:52:25
 1  0       591768       741824       170548     58736072    0    0 1030144   268 8716 14452   2   1  94   3   0 2026-09-15 07:52:26
 0  0       591768       742332       170548     58736080    0    0 1643008     0 10053 15360   2   1  91   6   0 2026-09-15 07:52:27
 1  0       591768       746168       170548     58736100    0    0 71168     0 128469 12650   3   1  96   0   0 2026-09-15 07:52:28
 1  0       591768       746932       170556     58736108    0    0 1714584   136 9989 15608   2   1  91   6   0 2026-09-15 07:52:29
procs -----------------------memory---------------------- ---swap-- -----io---- -system-- --------cpu-------- -----timestamp-----
 r  b         swpd         free         buff        cache   si   so    bi    bo   in   cs  us  sy  id  wa  st                 KST
 0  8       591768       745456       170556     58736996    0    0 175560     0 7795 12461   3   0  96   1   0 2026-09-15 07:52:30
 1  0       591768       743444       170556     58737008    0    0 1539072   340 9474 15410   2   1  93   5   0 2026-09-15 07:52:31
 0  5       591768       743508       170556     58737028    0    0 1065472     0 9038 14210   2   1  92   5   0 2026-09-15 07:52:32
 1  0       591768       741820       170556     58737036    0    0 648704     0 8124 13650   3   0  95   2   0 2026-09-15 07:52:33
 1  0       591768       742596       170564     58737060    0    0 1714176   156 9996 15484   2   1  91   6   0 2026-09-15 07:52:34
 1  0       591768       742100       170564     58737072    0    0     0     0 7344 12200   3   0  97   0   0 2026-09-15 07:52:35
 1  0       591768       743904       170564     58737088    0    0 1714176   156 9831 15397   2   1  93   5   0 2026-09-15 07:52:36
 1  5       591768       743408       170564     58737092    0    0 556032     0 8300 13104   3   0  94   3   0 2026-09-15 07:52:37
 1  0       591768       743156       170564     58737116    0    0 1158144     0 9092 14865   2   1  95   2   0 2026-09-15 07:52:38
 2  3       591768       743176       170572     58737116    0    0 1554544   124 9712 15278   2   1  91   6   0 2026-09-15 07:52:39
 1  0       591768       741428       170572     58737256    0    0 159744     0 7320 12805   3   0  97   0   0 2026-09-15 07:52:40
 2  0       591768       741448       170572     58737520    0    0 1714556   312 9938 15460   2   1  92   5   0 2026-09-15 07:52:41
 0  8       591768       740444       170572     58737672    0    0 142336     0 7730 12485   3   0  96   1   0 2026-09-15 07:52:42
 1  0       591768       739188       170572     58737692    0    0 1571840     0 9620 15435   2   1  92   6   0 2026-09-15 07:52:43
 0  5       591768       740208       170580     58737696    0    0 1106944   172 9072 14193   2   1  93   5   0 2026-09-15 07:52:44
 2  0       591768       738964       170580     58737848    0    0 607360     0 8430 13957   3   0  95   2   0 2026-09-15 07:52:45
 1  0       591768       737012       170580     58737856    0    0 1714176     0 9881 15508   2   1  92   6   0 2026-09-15 07:52:46
 1  0       591768       735268       170580     58737872    0    0     0   280 7329 12463   3   0  97   0   0 2026-09-15 07:52:47
 5  0       591768       735276       170580     58737888    0    0 1714176     0 10381 15701   6   1  87   6   0 2026-09-15 07:52:48
 1  4       591768       734312       170960     58737600    0    0    64 141444 8626 12999  12   0  86   2   0 2026-09-15 07:52:49
 1  0       591768       732584       171220     58738120    0    0    36 99328 7770 12858   3   1  95   1   0 2026-09-15 07:52:50
procs -----------------------memory---------------------- ---swap-- -----io---- -system-- --------cpu-------- -----timestamp-----
 r  b         swpd         free         buff        cache   si   so    bi    bo   in   cs  us  sy  id  wa  st                 KST
 1  0       591768       731332       171220     58738124    0    0     0     0 7343 12309   3   0  97   0   0 2026-09-15 07:52:51
 1  0       591768       731084       171220     58738144    0    0     0   280 7166 12328   3   0  97   0   0 2026-09-15 07:52:52
 2  0       591768       731916       171220     58738164    0    0     0     0 7187 12306   3   0  97   0   0 2026-09-15 07:52:53
 1  0       591768       734696       171228     58738168    0    0     0   968 7059 12395   3   0  97   0   0 2026-09-15 07:52:54
 1  0       591768       734960       171228     58738188    0    0     0     0 6995 12296   3   0  97   0   0 2026-09-15 07:52:55
 1  0       591768       734968       171228     58738216    0    0     0     0 7159 12221   3   0  97   0   0 2026-09-15 07:52:56
 1  0       591768       734264       171228     58738232    0    0     0  1088 7181 12357   3   0  97   0   0 2026-09-15 07:52:57
 1  0       591768       732260       171228     58738236    0    0     0     0 7360 12509   3   0  96   0   0 2026-09-15 07:52:58
 1  0       591768       733340       171236     58738252    0    0     0   148 7092 12307   3   0  97   0   0 2026-09-15 07:52:59
 2  0       591768       734604       171236     58738272    0    0   116     0 7198 12452   3   0  96   0   0 2026-09-15 07:53:00
 1  0       591768       735428       171236     58738528    0    0   124     0 127719 12289   3   1  96   0   0 2026-09-15 07:53:01
 1  0       591768       735472       171236     58738548    4    0     4   332 7209 12385   3   0  96   0   0 2026-09-15 07:53:02
 1  0       591768       733520       171236     58738556    0    0     0     0 7409 12478   3   0  97   0   0 2026-09-15 07:53:03
 2  0       591768       734040       171244     58738572    0    0     0   140 7103 12263   3   0  97   0   0 2026-09-15 07:53:04
 4  0       591768       737572       171244     58738584    0    0     0     0 7420 12573   3   0  97   0   0 2026-09-15 07:53:05
 2  0       591768       736828       171244     58738604    0    0     0     0 7198 12254   3   0  97   0   0 2026-09-15 07:53:06
 2  0       591768       736360       171244     58738616    0    0     0   140 7276 12400   3   0  97   0   0 2026-09-15 07:53:07
 1  0       591768       735368       171244     58738632    0    0     0     0 7225 12273   3   0  97   0   0 2026-09-15 07:53:08
 1  0       591768       734620       171252     58738632    0    0     0   120 7236 12555   3   0  96   0   0 2026-09-15 07:53:09
 1  0       591768       734376       171252     58738656    0    0     0     0 7389 12580   3   0  96   0   0 2026-09-15 07:53:10
 2  0       591768       735140       171252     58738680    0    0     0     0 7019 12323   3   0  97   0   0 2026-09-15 07:53:11
procs -----------------------memory---------------------- ---swap-- -----io---- -system-- --------cpu-------- -----timestamp-----
 r  b         swpd         free         buff        cache   si   so    bi    bo   in   cs  us  sy  id  wa  st                 KST
 1  0       591768       737160       171252     58738680    0    0     0   280 7098 12381   3   0  97   0   0 2026-09-15 07:53:12
 1  0       591768       736444       171252     58738824    0    0   124     0 7261 12483   3   1  96   0   0 2026-09-15 07:53:13
 2  0       591768       740236       171260     58739224    0    0   388   148 7346 12490   3   0  97   0   0 2026-09-15 07:53:14
 2  0       591768       739016       171260     58739244    0    0     0     0 7340 12366   3   0  97   0   0 2026-09-15 07:53:15
 1  0       591768       737852       171260     58739260    0    0     0     0 7144 12302   3   0  97   0   0 2026-09-15 07:53:16
 1  0       591768       738108       171260     58739276    0    0     0     0 7117 12247   3   0  97   0   0 2026-09-15 07:53:17
 1  0       591768       737396       171260     58739296    0    0     0   304 7309 12476   3   0  97   0   0 2026-09-15 07:53:18
 1  0       591768       738444       171268     58739300    0    0     0   148 7397 12425   3   0  96   0   0 2026-09-15 07:53:19
 1  0       591768       738972       171268     58739328    0    0     0     0 7292 12400   3   0  97   0   0 2026-09-15 07:53:20
 1  0       591768       738512       171268     58739332    0    0     0     0 7090 12328   3   0  97   0   0 2026-09-15 07:53:21
 1  0       591768       739560       171268     58739352    0    0     0     0 7181 12350   3   0  97   0   0 2026-09-15 07:53:22
 1  0       591768       740320       171268     58739372    0    0     0   168 7093 12297   3   0  97   0   0 2026-09-15 07:53:23
 2  0       591768       740112       171276     58739632    0    0   248   136 7022 12269   3   0  97   0   0 2026-09-15 07:53:24
 2  0       591768       740152       171276     58739648    0    0     0     0 7245 12636   3   0  97   0   0 2026-09-15 07:53:25
 1  0       591768       739184       171276     58739784    0    0   124     0 7131 12468   3   0  97   0   0 2026-09-15 07:53:26
 1  0       591768       739476       171276     58739800    0    0     0     0 7059 12352   3   0  97   0   0 2026-09-15 07:53:27
 1  0       591768       738232       171276     58739812    0    0     0   316 7246 12425   3   0  97   0   0 2026-09-15 07:53:28
 1  0       591768       738492       171284     58739828    0    0     0   140 7132 12386   3   0  96   0   0 2026-09-15 07:53:29
 1  0       591768       738780       171284     58739972    0    0 1714304     0 9891 15487   2   1  91   6   0 2026-09-15 07:53:30
 1  5       591768       736808       171284     58739984    0    0 992768     0 8754 14069   2   1  92   5   0 2026-09-15 07:53:31
 1  0       591768       738080       171284     58740004    0    0 721408     0 8357 13771   2   0  95   2   0 2026-09-15 07:53:32
procs -----------------------memory---------------------- ---swap-- -----io---- -system-- --------cpu-------- -----timestamp-----
 r  b         swpd         free         buff        cache   si   so    bi    bo   in   cs  us  sy  id  wa  st                 KST
 2  0       591768       738644       171284     58740004    0    0 1714176   284 57466 15501   2   1  92   5   0 2026-09-15 07:53:33
 0  5       591768       736116       171292     58740028    0    0 1209344   140 81435 14470   2   1  94   3   0 2026-09-15 07:53:34
 1  0       591768       736380       171292     58740172    4    0 504960     0 8018 13404   3   0  96   1   0 2026-09-15 07:53:35
 1  0       591768       735952       171292     58740184    0    0 1714176     0 9570 15329   2   1  92   6   0 2026-09-15 07:53:36
 0  5       591768       734760       171292     58740204    0    0 1463296     0 9295 15038   2   1  91   7   0 2026-09-15 07:53:37
 1  0       591768       735332       171292     58740216    0    0 250880   288 7567 12959   3   0  96   0   0 2026-09-15 07:53:38
 1  0       591768       735632       171300     58740236    0    0 1714176   156 9753 15568   2   1  91   6   0 2026-09-15 07:53:39
 1  0       591768       736448       171300     58740336    4    0 1714280     0 9687 15492   2   1  92   6   0 2026-09-15 07:53:40
 1  6       591768       733760       171300     58740364    0    0 220160     0 7577 12670   3   0  95   2   0 2026-09-15 07:53:41
 1  0       591768       733528       171300     58740372    0    0 1494016     0 9083 15408   2   1  92   5   0 2026-09-15 07:53:42
 1  0       591768       735336       171300     58740384    0    0 1714176   320 9550 15472   2   1  91   7   0 2026-09-15 07:53:43
 1  5       591768       735452       171308     58740400    0    0 501760   144 8104 13039   3   0  94   3   0 2026-09-15 07:53:44
 1  0       591768       735496       171308     58740420    0    0 1212416     0 8960 14994   2   1  93   4   0 2026-09-15 07:53:45
 1  0       591768       735508       171308     58740596    0    0 1714272     0 9638 15487   2   1  93   5   0 2026-09-15 07:53:46
 1  5       591768       735040       171308     58740604    0    0 821248     0 8278 13674   2   0  93   4   0 2026-09-15 07:53:47
 1  0       591768       735308       171308     58740748    0    0 893052     0 8282 14202   2   1  95   2   0 2026-09-15 07:53:48
 2  0       591768       735320       171316     58740740    0    0 1714332   428 9727 15486   2   1  92   6   0 2026-09-15 07:53:49
 0  5       591768       734644       171316     58740936    0    0 1129472     0 9095 14406   2   1  92   5   0 2026-09-15 07:53:50
 2  0       591768       733900       171316     58740948    0    0 584704     0 8072 13588   3   1  96   1   0 2026-09-15 07:53:51
 1  0       591768       733216       171316     58740964    0    0 1714176     0 10029 15393   2   1  91   7   0 2026-09-15 07:53:52
 0  5       591768       732248       171316     58740976    0    0 1433600     0 9544 14940   2   1  91   6   0 2026-09-15 07:53:53
procs -----------------------memory---------------------- ---swap-- -----io---- -system-- --------cpu-------- -----timestamp-----
 r  b         swpd         free         buff        cache   si   so    bi    bo   in   cs  us  sy  id  wa  st                 KST
 1  0       591768       732524       171324     58740996    0    0 280576   492 7809 12991   3   0  96   1   0 2026-09-15 07:53:54
 1  0       591768       731772       171324     58741008    0    0 1714176     0 9758 15377   2   1  91   7   0 2026-09-15 07:53:55
 1  0       591768       731028       171324     58741020    0    0 1665536     0 9929 15265   2   1  91   6   0 2026-09-15 07:53:56
 0  8       591768       730356       171324     58741040    0    0 204288     0 7857 12513   3   0  96   1   0 2026-09-15 07:53:57
 1  0       591768       731132       171324     58741052    0    0 1558528     0 9928 15358   2   1  92   6   0 2026-09-15 07:53:58
 1  0       591768       731424       171332     58741060    0    0 1714176   312 10085 15338   2   1  92   5   0 2026-09-15 07:53:59
 1  5       591768       730808       171332     58741088    0    0 468992     0 8561 12995   3   0  94   3   0 2026-09-15 07:54:00
 1  0       591768       730820       171332     58741092    0    0 1245184     0 9477 14939   2   1  94   3   0 2026-09-15 07:54:01
 1  0       591768       732852       171332     58741100    0    0 1714288     0 9859 15553   2   1  91   7   0 2026-09-15 07:54:02
 2  5       591768       733176       171332     58741236    0    0 754688     0 8397 13473   2   0  94   3   0 2026-09-15 07:54:03
 1  0       591768       733192       171340     58741256    0    0 959488   480 8596 14247   2   0  96   1   0 2026-09-15 07:54:04
 2  0       591768       736012       171340     58741268    4    0 1714180     0 9990 15681   2   1  91   7   0 2026-09-15 07:54:05
 1  4       591768       733440       171340     58741288    0    0 950784     0 34280 13885   2   1  91   5   0 2026-09-15 07:54:06
 2  0       591768       734744       171340     58741424    0    0 763452     0 8189 13801   2   0  95   2   0 2026-09-15 07:54:07
 1  0       591768       735004       171340     58741436    0    0 1714176     0 9800 15436   2   1  91   6   0 2026-09-15 07:54:08
 2  4       591768       735344       171348     58741444    0    0 1374208   436 9227 14760   2   1  92   5   0 2026-09-15 07:54:09
 1  0       591768       736136       171348     58741464    0    0 339968     0 7693 13292   3   0  96   1   0 2026-09-15 07:54:10
 1  0       591768       735144       171348     58741484    0    0 1714176     0 9758 15382   2   1  91   7   0 2026-09-15 07:54:11
 0  1       591768       736664       171348     58741492    0    0 1648128     0 9791 15382   2   1  92   6   0 2026-09-15 07:54:12
 0  8       591768       736432       171348     58741508    0    0 209408     0 7432 12531   3   0  96   1   0 2026-09-15 07:54:13
 1  0       591768       738004       171356     58741528    0    0 1570816   448 9599 15445   2   1  93   5   0 2026-09-15 07:54:14
procs -----------------------memory---------------------- ---swap-- -----io---- -system-- --------cpu-------- -----timestamp-----
 r  b         swpd         free         buff        cache   si   so    bi    bo   in   cs  us  sy  id  wa  st                 KST
 2  0       591768       738508       171356     58741532    0    0 1714176     0 9896 15481   2   1  91   6   0 2026-09-15 07:54:15
 0  6       591768       738028       171356     58741552    0    0 442624     0 8066 12949   3   0  95   2   0 2026-09-15 07:54:16
 1  0       591768       736776       171356     58741816    0    0 1271808     0 9103 14883   2   1  95   3   0 2026-09-15 07:54:17
 1  0       591768       737540       171356     58741844    0    0 1714176     0 9763 15563   2   1  91   6   0 2026-09-15 07:54:18
 1  5       591768       737300       171364     58741844    0    0 794624   444 8351 13553   2   1  94   3   0 2026-09-15 07:54:19
 1  0       591768       735080       171364     58741876    0    0 919552     0 8731 14258   2   1  94   2   0 2026-09-15 07:54:20
 1  0       591768       734928       171364     58742140    0    0 1714300     0 10072 15415   2   1  92   6   0 2026-09-15 07:54:21
 1  4       591768       736216       171364     58742160    0    0 1028608     0 8834 14247   2   1  93   5   0 2026-09-15 07:54:22
 1  0       591768       736732       171364     58742676    0    0 686132     0 8199 13823   3   1  95   2   0 2026-09-15 07:54:23
 1  0       591768       737060       171376     58742744    0    0 1714180   548 9785 15491   2   1  91   6   0 2026-09-15 07:54:24
 1  4       591768       736116       171376     58742764    4    0 1310724     0 9607 15019   2   1  92   6   0 2026-09-15 07:54:25
 2  0       591768       734388       171376     58742788    0    0 403456     0 7820 13248   3   1  96   1   0 2026-09-15 07:54:26
 1  0       591768       733696       171376     58742804    0    0 1714176     0 9834 15452   2   1  90   7   0 2026-09-15 07:54:27
 1  3       591768       732692       171376     58742804    0    0 1595392     0 9761 15234   2   1  91   6   0 2026-09-15 07:54:28
 0  8       591768       730976       171384     58742820    0    0 274432   308 7783 12743   3   0  96   1   0 2026-09-15 07:54:29
 2  0       591768       729756       171384     58742844    0    0 1558528     0 9706 15418   2   1  93   4   0 2026-09-15 07:54:30
 2  0       591768       730016       171384     58742860    0    0     0     0 7457 12317   3   0  97   0   0 2026-09-15 07:54:31
 1  0       591768       729772       171384     58742876    0    0     0     0 7186 12398   3   0  97   0   0 2026-09-15 07:54:32
 1  0       591768       728520       171384     58743012    0    0   128     0 7107 12371   3   0  97   0   0 2026-09-15 07:54:33
 1  0       591768       727524       171392     58743036    0    0    96   140 7167 12398   3   0  97   0   0 2026-09-15 07:54:34
 1  0       591768       728820       171392     58743144    0    0     0   348 7194 12372   3   0  97   0   0 2026-09-15 07:54:35
procs -----------------------memory---------------------- ---swap-- -----io---- -system-- --------cpu-------- -----timestamp-----
 r  b         swpd         free         buff        cache   si   so    bi    bo   in   cs  us  sy  id  wa  st                 KST
 1  0       591768       728332       171392     58743248    0    0    84     0 7019 12314   3   0  97   0   0 2026-09-15 07:54:36
 1  5       591768       730640       171392     58743256    0    0 2909184     0 11455 17552   1   1  87  11   0 2026-09-15 07:54:37
 0  5       591768       731156       171392     58743264    0    0 3160576     0 11845 18176   1   1  88  10   0 2026-09-15 07:54:38
 1  5       591768       730284       171400     58743280    0    0 3001856   156 80871 17765   1   2  87  10   0 2026-09-15 07:54:39
 1  7       591768       730304       171400     58743304    0    0 3104768   296 11618 17910   1   1  87  11   0 2026-09-15 07:54:40
 0  8       591768       729060       171400     58743652    0    0 3325196     0 12070 18646   1   1  88  10   0 2026-09-15 07:54:41
 0  3       591768       728588       171400     58743672    0    0 3264512     0 12165 18566   1   1  88  10   0 2026-09-15 07:54:42
 1  4       591768       729636       171400     58743676    0    0 3112960     0 11717 17946   1   1  86  12   0 2026-09-15 07:54:43
 1  4       591768       728408       171408     58743696    0    0 3224576   144 12094 18158   1   1  87  12   0 2026-09-15 07:54:44
 1  5       591768       728704       171408     58743704    0    0 3194880   312 11875 18492   1   1  88  10   0 2026-09-15 07:54:45
 1  5       591768       730284       171408     58743724    0    0 3206144     0 11872 18198   1   1  86  12   0 2026-09-15 07:54:46
 3  4       591768       730544       171408     58743732    0    0 3298304     0 12116 18490   1   1  87  11   0 2026-09-15 07:54:47
 1  6       591768       728788       171408     58743752    0    0 3182592     0 11626 18030   1   1  88  10   0 2026-09-15 07:54:48
 0  8       591768       730824       171416     58743772    0    0 3228672   136 11925 18499   1   1  89   9   0 2026-09-15 07:54:49
 2  2       591768       730824       171416     58743788    0    0 3168256   344 12125 18295   1   1  87  11   0 2026-09-15 07:54:50
 1  4       591768       729604       171416     58743796    0    0 3146752     0 11830 18035   1   1  86  12   0 2026-09-15 07:54:51
 0  5       591768       728104       171416     58743816    0    0 3243520     0 11950 18273   1   1  87  11   0 2026-09-15 07:54:52
 1  5       591768       727648       171416     58743828    0    0 3192320     0 11924 18322   1   2  87  11   0 2026-09-15 07:54:53
 1  5       591768       727148       171424     58743844    0    0 3248128   152 11692 18201   1   1  88  10   0 2026-09-15 07:54:54
 1  5       591768       727752       171424     58743860    0    0 3205120   172 11791 18215   1   1  88  10   0 2026-09-15 07:54:55
 0  8       591768       727084       171424     58743872    0    0 3162112     0 11857 18164   1   1  86  12   0 2026-09-15 07:54:56
procs -----------------------memory---------------------- ---swap-- -----io---- -system-- --------cpu-------- -----timestamp-----
 r  b         swpd         free         buff        cache   si   so    bi    bo   in   cs  us  sy  id  wa  st                 KST
 1  0       591768       725636       171424     58743888    0    0 3272704     0 12093 18604   1   1  88  10   0 2026-09-15 07:54:57
 0  1       591768       725412       171424     58743904    0    0 3385856     0 12152 18675   1   1  87  11   0 2026-09-15 07:54:58
 1  0       591768       908948       170848     58581432    0    0 1756672   136 9843 15626   2   1  92   5   0 2026-09-15 07:54:59
 1  0       591768       905716       170848     58581136    0    0     0   316 7293 12323   3   0  97   0   0 2026-09-15 07:55:00
 2  0       591768       903492       170848     58581320    0    0   168     0 7373 12456   3   0  96   0   0 2026-09-15 07:55:01
 1  0       591768       905508       170848     58581328    0    0     0     0 7145 12373   3   0  97   0   0 2026-09-15 07:55:02
 1  0       591768       904012       170848     58581476    0    0   124     0 7171 12492   3   0  96   0   0 2026-09-15 07:55:03
 1  0       591768       903512       170856     58581476    0    0   148   160 6915 12250   3   0  96   0   0 2026-09-15 07:55:04
 1  5       591768       901788       170856     58581648    0    0 2512896     0 11092 17187   1   1  89   9   0 2026-09-15 07:55:05
 1  6       591768       900812       170856     58581660    0    0 3143680   444 11972 18296   1   1  87  11   0 2026-09-15 07:55:06
 0  7       591768       900064       170856     58581676    0    0 3089408     0 11896 18078   1   1  88  11   0 2026-09-15 07:55:07
 1  0       591768       899344       170856     58581976    0    0 3253536     0 11743 18594   1   1  87  11   0 2026-09-15 07:55:08
 2  3       591768       900356       170864     58581988    0    0 3277824   136 11909 18316   1   1  88  11   0 2026-09-15 07:55:09
 1  4       591768       899860       170864     58582008    0    0 3225600     0 12022 18394   1   2  86  12   0 2026-09-15 07:55:10
 2  4       591768       898888       170864     58582020    0    0 3287040   284 11809 18320   1   1  86  11   0 2026-09-15 07:55:11
 1  4       591768       902184       170864     58582040    0    0 3185152     0 62495 18233   1   2  87  10   0 2026-09-15 07:55:12
 0  6       591768       900432       170864     58582048    0    0 3164672     0 11914 18227   1   1  86  12   0 2026-09-15 07:55:13
 1  5       591768       899460       170872     58582064    0    0 3204096   152 12107 18352   1   1  88  10   0 2026-09-15 07:55:14
 0  7       591768       897952       170872     58582080    0    0 3239936     0 12097 18321   1   1  88  10   0 2026-09-15 07:55:15
 1  8       591768       899720       170872     58582100    0    0 3283968   308 11827 18287   1   1  87  11   0 2026-09-15 07:55:16
 0  2       591768       899536       170872     58582120    0    0 3188224     0 12063 18385   1   1  87  11   0 2026-09-15 07:55:17
procs -----------------------memory---------------------- ---swap-- -----io---- -system-- --------cpu-------- -----timestamp-----
 r  b         swpd         free         buff        cache   si   so    bi    bo   in   cs  us  sy  id  wa  st                 KST
 2  3       591768       898816       170872     58582128    0    0 3270144     0 12036 18309   0   1  87  11   0 2026-09-15 07:55:18
 0  5       591768       900340       170880     58582228    0    0 3209304   136 11814 18188   1   1  88  11   0 2026-09-15 07:55:19
 0  5       591768       898072       170880     58582248    0    0 3172864     0 11900 18024   1   1  87  11   0 2026-09-15 07:55:20
 1  5       591768       897092       170880     58582268    0    0 3276288   292 12258 18323   1   1  88  10   0 2026-09-15 07:55:21
 3  5       591768       896588       170880     58582376    0    0 3281016     0 12435 18553   1   1  88   9   0 2026-09-15 07:55:22
 0  6       591768       898144       170880     58582420    0    0 3122352     0 12207 18291   1   1  87  10   0 2026-09-15 07:55:23
 7  7       591768       897396       170888     58582608    0    0 3213312   148 11833 18125   1   1  90   8   0 2026-09-15 07:55:24
11  0       591768       895956       170888     58582624    0    0 3252224     0 12361 18860   1   1  88  10   0 2026-09-15 07:55:25
 3  3       591768       894196       170888     58582644    0    0 3300352   376 12377 18508   1   1  86  12   0 2026-09-15 07:55:26
 2  0       591768       892760       170888     58582656    0    0 1842176     0 9764 15806   2   1  91   6   0 2026-09-15 07:55:27
 2  0       591768       890504       170888     58582656    0    0     0     0 7180 12365   3   0  97   0   0 2026-09-15 07:55:28
 2  0       591768       888492       170896     58582672    0    0     0   152 7088 12218   3   0  96   0   0 2026-09-15 07:55:29
 2  0       591768       887488       170896     58582696    0    0     0     0 7209 12326   3   0  97   0   0 2026-09-15 07:55:30
 2  0       591768       884728       170896     58582712    0    0     0   160 7167 12273   3   0  97   0   0 2026-09-15 07:55:31
 2  0       591768       884744       170896     58582728    0    0     0     0 7303 12386   3   0  96   0   0 2026-09-15 07:55:32
 2  5       591768       884496       170896     58582740    0    0 2305132     0 10535 16413   1   1  89   9   0 2026-09-15 07:55:33
 2  6       591768       883548       170904     58582864    0    0 3056640   140 11971 17994   1   1  88  10   0 2026-09-15 07:55:34
 2  1       591768       881600       170904     58582876    0    0 3201536     0 11741 18486   1   1  89  10   0 2026-09-15 07:55:35
 1  6       591768       881148       170904     58582892    0    0 3180032   256 12034 18036   1   1  87  11   0 2026-09-15 07:55:36
 1  5       591768       880428       170904     58582908    0    0 3179580    60 11968 18169   1   1  89  10   0 2026-09-15 07:55:37
 1  5       591768       880212       170904     58583036    0    0 3284480     0 12076 18397   1   1  87  11   0 2026-09-15 07:55:38
procs -----------------------memory---------------------- ---swap-- -----io---- -system-- --------cpu-------- -----timestamp-----
 r  b         swpd         free         buff        cache   si   so    bi    bo   in   cs  us  sy  id  wa  st                 KST
 2  5       591768       879992       170936     58583060    0    0 3176020   336 11915 18156   1   1  87  11   0 2026-09-15 07:55:39
 2  5       591768       879792       170936     58583192    0    0 3134492     0 12002 17992   1   1  88  10   0 2026-09-15 07:55:40
 2  6       591768       881308       170936     58583200    0    0 3251200     0 11777 18192   1   1  89  10   0 2026-09-15 07:55:41
 4  6       591768       881832       170936     58583292    0    0 3275852   288 12171 18609   1   1  90   8   0 2026-09-15 07:55:42
 1  0       591768       883128       170936     58583304    0    0 3238912     0 11869 18424   1   1  89   9   0 2026-09-15 07:55:43
 2  3       591768       882952       170944     58583312    0    0 3316736   140 31924 18496   1   2  87  11   0 2026-09-15 07:55:44
 1  4       591768       883332       170944     58583456    0    0 3226740     0 35965 18540   1   2  87  10   0 2026-09-15 07:55:45
 3  3       591768       881572       170944     58583468    0    0 3209216     0 12067 18149   1   1  87  11   0 2026-09-15 07:55:46
 1  4       591768       880568       170944     58583580    0    0 3190372   308 11879 18157   1   1  88  10   0 2026-09-15 07:55:47
 1  5       591768       881612       170944     58583600    0    0 3191296     0 11631 18157   1   1  88  10   0 2026-09-15 07:55:48
 1  5       591768       880868       170952     58583620    0    0 3226624   140 11851 18214   1   1  87  11   0 2026-09-15 07:55:49
 2  6       591768       882388       170952     58583624    0    0 3233792     0 11735 18255   1   1  88  10   0 2026-09-15 07:55:50
 1  8       591768       881432       170952     58583704    0    0 3286064     0 11851 18300   1   1  86  12   0 2026-09-15 07:55:51
 0  1       591768       882476       170952     58583716    0    0 3177984   292 11652 18339   1   1  87  11   0 2026-09-15 07:55:52
 1  4       591768       882052       170952     58583728    0    0 3256832     0 11890 18271   1   1  87  11   0 2026-09-15 07:55:53
 0  5       591768       883328       170952     58583936    0    0 3172552     0 12169 18456   1   1  87  11   0 2026-09-15 07:55:54
 1  0       591768       883108       170960     58583964    0    0 2224128   140 10451 16571   1   1  91   6   0 2026-09-15 07:55:55
 1  0       591768       882892       170960     58583976    0    0     0     0 7153 12264   3   0  97   0   0 2026-09-15 07:55:56
 1  0       591768       883440       170964     58583988    0    0     4   372 7083 12301   3   0  97   0   0 2026-09-15 07:55:57
 1  0       591768       883020       170964     58584004    0    0     0     0 7040 12420   3   0  97   0   0 2026-09-15 07:55:58
 1  0       591768       882820       170964     58584020    0    0     0     0 7057 12318   3   0  97   0   0 2026-09-15 07:55:59
procs -----------------------memory---------------------- ---swap-- -----io---- -system-- --------cpu-------- -----timestamp-----
 r  b         swpd         free         buff        cache   si   so    bi    bo   in   cs  us  sy  id  wa  st                 KST
 1  0       591768       882856       170972     58584028    0    0     0   140 7001 12310   3   0  97   0   0 2026-09-15 07:56:00
 1  6       591768       881604       170972     58584052    0    0 1986560     0 10116 15771   1   1  90   8   0 2026-09-15 07:56:01
 0  8       591768       881376       170972     58584068    0    0 3231744   148 11965 18511   1   1  89   9   0 2026-09-15 07:56:02
 0  4       591768       882424       170972     58584084    0    0 3220908     0 11831 18436   1   1  87  11   0 2026-09-15 07:56:03
 1  5       591768       881932       170972     58584520    0    0 3128320     0 11688 18081   1   1  87  11   0 2026-09-15 07:56:04
 2  5       591768       879696       170980     58584532    0    0 3252396   152 12216 18571   1   1  88  10   0 2026-09-15 07:56:05
 0  6       591768       881248       170980     58584784    0    0 3208248     0 11941 18228   1   1  87  11   0 2026-09-15 07:56:06
 0  6       591768       881068       170980     58584800    0    0 3274752   372 11955 18322   1   1  87  11   0 2026-09-15 07:56:07
 0  6       591768       879916       170980     58584812    0    0 3210240     0 12027 18246   1   1  87  11   0 2026-09-15 07:56:08
 1  6       591768       880700       170980     58584832    0    0 3238912     0 12047 18133   1   1  87  11   0 2026-09-15 07:56:09
 1  8       591768       880708       170988     58584840    0    0 3279872   148 12123 18502   1   1  87  11   0 2026-09-15 07:56:10
 1  0       591768       879964       170988     58584856    0    0 3249664     0 12023 18440   1   1  87  11   0 2026-09-15 07:56:11
 0  4       591768       881236       170988     58585112    0    0 3267308     0 12011 18301   1   1  87  11   0 2026-09-15 07:56:12
 1  4       591768       880240       170988     58585132    0    0 3189760   340 12087 18349   1   1  87  11   0 2026-09-15 07:56:13
 1  4       591768       880248       170988     58585144    0    0 3079680     0 11362 17847   1   1  88  10   0 2026-09-15 07:56:14
 1  5       591768       881772       170996     58585152    0    0 3256832   152 12047 18290   1   1  87  11   0 2026-09-15 07:56:15
 0  6       591768       881528       170996     58585172    0    0 3274752     0 11861 18293   1   1  88  10   0 2026-09-15 07:56:16
 1  5       591768       878680       170996     58585192    0    0 3208192     0 61021 18155   1   2  87  10   0 2026-09-15 07:56:17
 1  6       591768       878940       170996     58585204    0    0 3186688   168 11897 18118   1   1  87  11   0 2026-09-15 07:56:18
 0  8       591768       876928       170996     58585224    0    0 3328000     0 12138 18493   1   1  87  11   0 2026-09-15 07:56:19
 1  3       591768       875968       171004     58585232    0    0 3210240   128 11876 18334   1   1  86  12   0 2026-09-15 07:56:20
procs -----------------------memory---------------------- ---swap-- -----io---- -system-- --------cpu-------- -----timestamp-----
 r  b         swpd         free         buff        cache   si   so    bi    bo   in   cs  us  sy  id  wa  st                 KST
 1  4       591768       874968       171004     58585248    0    0 3272900     0 11969 18385   1   1  85  12   0 2026-09-15 07:56:21
 1  4       591768       873972       171004     58585460    0    0 3265536     0 11964 18327   1   1  87  11   0 2026-09-15 07:56:22
 2  0       591768       874500       171004     58585472    0    0 2174976   320 10660 16492   1   1  91   7   0 2026-09-15 07:56:23
 1  0       591768       874264       171004     58585492    0    0     0     0 7300 12316   3   0  97   0   0 2026-09-15 07:56:24
 1  0       591768       874800       171012     58585680    0    0   180   152 7440 12756   3   0  96   0   0 2026-09-15 07:56:25
 1  0       591768       874056       171012     58585700    0    0     0     0 7262 12360   3   0  97   0   0 2026-09-15 07:56:26
 2  0       591768       874060       171012     58585712    0    0     0     0 7106 12422   3   0  97   0   0 2026-09-15 07:56:27
 1  0       591768       873056       171012     58585732    0    0     0   324 7217 12307   3   0  97   0   0 2026-09-15 07:56:28
 1  7       591768       872564       171012     58585732    0    0 1905664     0 10096 15659   2   1  89   9   0 2026-09-15 07:56:29
 0  8       591768       872392       171020     58585760    0    0 3308544   136 12166 18463   1   1  88  10   0 2026-09-15 07:56:30
 1  3       591768       872456       171020     58585812    0    0 3153956     0 11812 18116   1   1  88  10   0 2026-09-15 07:56:31
 1  4       591768       873508       171020     58585820    0    0 3119104     0 11788 17960   1   1  87  11   0 2026-09-15 07:56:32
 0  5       591768       873296       171020     58585836    0    0 3236352   284 11842 18235   1   1  87  11   0 2026-09-15 07:56:33
 0  6       591768       874308       171020     58585860    0    0 3150336     0 12056 18177   1   1  86  11   0 2026-09-15 07:56:34
 1  5       591768       874624       171028     58585968    0    0 3147876   148 12110 18171   1   1  88  10   0 2026-09-15 07:56:35
 0  7       591768       873396       171028     58585988    0    0 3257344     0 12258 18243   1   2  87  11   0 2026-09-15 07:56:36
 0  8       591768       872208       171028     58586128    0    0 3221564     0 12046 18412   1   1  87  11   0 2026-09-15 07:56:37
 0  4       591768       873484       171028     58586132    0    0 3175424   300 12081 18220   1   1  87  11   0 2026-09-15 07:56:38
 1  4       591768       874760       171028     58586152    0    0 3238912     0 12003 18201   1   1  88  11   0 2026-09-15 07:56:39
 1  4       591768       877792       171036     58586168    0    0 3184640   140 11915 18015   1   1  88  10   0 2026-09-15 07:56:40
 1  5       591768       879824       171036     58586188    0    0 3178496     0 11787 18147   1   1  89   9   0 2026-09-15 07:56:41
procs -----------------------memory---------------------- ---swap-- -----io---- -system-- --------cpu-------- -----timestamp-----
 r  b         swpd         free         buff        cache   si   so    bi    bo   in   cs  us  sy  id  wa  st                 KST
 0  6       591768       881376       171036     58586192    0    0 3253248     0 12156 18286   1   1  88  10   0 2026-09-15 07:56:42
 2  6       591768       883212       171036     58586216    0    0 3256320     0 11864 18207   1   2  87  11   0 2026-09-15 07:56:43
 2  6       591768       885756       171036     58586232    0    0 3216596   288 12126 18280   1   1  87  11   0 2026-09-15 07:56:44
 0  8       591768       884816       171044     58586452    0    0 3212288   156 11837 18785   1   1  88  10   0 2026-09-15 07:56:45
 0  1       591768       882344       171044     58586468    0    0 3317248     0 12175 18597   1   2  89   9   0 2026-09-15 07:56:46
 0  4       591768       883108       171044     58586492    0    0 3307008     0 12111 18358   1   1  87  11   0 2026-09-15 07:56:47
 1  4       591768       883688       171044     58586504    0    0 3089408     0 11563 17898   1   1  86  12   0 2026-09-15 07:56:48
 1  4       591768       884700       171044     58586516    0    0 3244544   372 11944 18271   1   1  87  11   0 2026-09-15 07:56:49
 1  5       591768       886224       171052     58586528    0    0 3229184   120 82285 18220   1   2  86  11   0 2026-09-15 07:56:50
 1  0       591768       883464       171052     58586544    0    0 2591744     0 10995 17233   1   1  91   7   0 2026-09-15 07:56:51
 1  0       591768       882220       171052     58586544    0    0     0     0 7109 12291   3   0  97   0   0 2026-09-15 07:56:52
 1  0       591768       879996       171052     58586568    0    0     0     0 7113 12408   3   0  97   0   0 2026-09-15 07:56:53
 1  0       591768       883276       171052     58586568    0    0   272   324 7460 12650   3   1  96   0   0 2026-09-15 07:56:54
 1  0       591768       882788       171060     58586880    0    0     0   140 7118 12293   3   0  97   0   0 2026-09-15 07:56:55
 1  0       591768       883308       171060     58586884    0    0   100     0 7281 12349   3   1  96   0   0 2026-09-15 07:56:56
 1  0       591768       883820       171060     58587004    0    0 1714176     0 9631 15555   2   1  92   6   0 2026-09-15 07:56:57
 0  5       591768       881556       171060     58594636   80    0 3134996     0 11973 18235   1   1  86  13   0 2026-09-15 07:56:58
 0  5       591768       879832       171060     58594780    8    0 3100808   352 11668 18121   1   1  87  11   0 2026-09-15 07:56:59
 1  5       591768       879588       171068     58594792    0    0 3084288   136 11555 17935   1   1  87  11   0 2026-09-15 07:57:00
 1  5       591768       878340       171068     58594812    0    0 3275876     0 11844 18302   1   1  88  10   0 2026-09-15 07:57:01
 1  6       591768       876332       171068     58594928    0    0 3115008     0 11715 18068   1   1  89   9   0 2026-09-15 07:57:02
procs -----------------------memory---------------------- ---swap-- -----io---- -system-- --------cpu-------- -----timestamp-----
 r  b         swpd         free         buff        cache   si   so    bi    bo   in   cs  us  sy  id  wa  st                 KST
 2  8       591768       877092       171068     58594940    0    0 3230848     0 11781 18401   1   1  88  10   0 2026-09-15 07:57:03
 0  1       591768       877136       171068     58595088    0    0 3282432     0 11837 18477   1   1  88  10   0 2026-09-15 07:57:04
 0  4       591768       877672       171076     58595096    0    0 3270144   512 12050 18731   1   1  88  10   0 2026-09-15 07:57:05
 1  4       591768       876948       171076     58595116    0    0 3132416     0 11713 18153   1   1  87  11   0 2026-09-15 07:57:06
 1  5       591768       876464       171076     58595124    0    0 3194368     0 11887 18361   1   1  88  10   0 2026-09-15 07:57:07
 1  5       591768       875212       171076     58595148    0    0 3165696     0 11841 18028   1   1  87  11   0 2026-09-15 07:57:08
 0  6       591768       874288       171076     58595160    0    0 3210240     0 11805 18258   1   1  88  10   0 2026-09-15 07:57:09
 0  8       591768       873824       171088     58595232    0    0 3127344   524 11942 18252   1   1  86  12   0 2026-09-15 07:57:10
 0  8       591768       871316       171088     58595240    0    0 3325952     0 12098 18623   1   1  88  10   0 2026-09-15 07:57:11
 2  3       591768       871856       171088     58595256    0    0 3212288     0 11806 18330   1   1  87  11   0 2026-09-15 07:57:12
 0  5       591768       870936       171088     58601872   64    0 3264176     0 12165 18516   1   1  88  10   0 2026-09-15 07:57:13
 1  4       591768       872244       171088     58602052    4    0 3168320     0 11654 18287   1   1  90   8   0 2026-09-15 07:57:14
 1  4       591768       872260       171096     58602136    0    0 3261952   728 12158 18579   1   2  89   9   0 2026-09-15 07:57:15
 0  6       591768       872800       171096     58602152    0    0 3193344     0 11878 18192   1   1  87  11   0 2026-09-15 07:57:16
 0  6       591768       869824       171096     58602160    0    0 3156992     0 11773 18104   1   1  87  11   0 2026-09-15 07:57:17
 1  7       591768       870584       171096     58602176    0    0 3214336     0 11892 18272   1   1  87  11   0 2026-09-15 07:57:18
 1  0       591768       852448       171096     58605208    0    0 3177600     0 11969 18565   1   1  88  10   0 2026-09-15 07:57:19
 3  0       591768       850464       171104     58606164    0    0   768   352 7032 12301   3   0  97   0   0 2026-09-15 07:57:20
 3  0       591768       849464       171104     58606176    0    0     0     0 7012 12250   3   0  97   0   0 2026-09-15 07:57:21
 1  0       591768       848720       171104     58606204    0    0     0     0 7074 12467   3   0  97   0   0 2026-09-15 07:57:22
 1  0       591768       848916       171104     58606216    0    0     0     0 134872 12341   3   1  96   0   0 2026-09-15 07:57:23
procs -----------------------memory---------------------- ---swap-- -----io---- -system-- --------cpu-------- -----timestamp-----
 r  b         swpd         free         buff        cache   si   so    bi    bo   in   cs  us  sy  id  wa  st                 KST
 2  0       591768       848924       171104     58606224    0    0     0     0 7042 12239   3   0  97   0   0 2026-09-15 07:57:24
 0  5       591768       851724       171112     58606320    4    0 1304652   264 9367 15148   2   1  93   4   0 2026-09-15 07:57:25
 2  4       591768       850716       171112     58606500    0    0 3145320     0 12168 18089   1   1  88  10   0 2026-09-15 07:57:26
 1  5       591768       848960       171112     58606520    0    0 2980352     0 11948 17968   1   1  88  10   0 2026-09-15 07:57:27
 0  7       591768       849220       171228     58607708   12    0 3164444     0 12080 18239   1   1  89   9   0 2026-09-15 07:57:28
 1  7       591768       847960       171228     58607732    0    0 3304448     0 11773 18257   1   1  87  11   0 2026-09-15 07:57:29
 1  0       591768       846208       171236     58607848    0    0 3203688   484 11914 18531   1   1  88  10   0 2026-09-15 07:57:30
 1  4       591768       845960       171236     58607864    0    0 3105280     0 11652 17863   1   1  88  11   0 2026-09-15 07:57:31
 1  4       591768       846224       171236     58607880    0    0 3290112     0 11994 18468   1   1  86  12   0 2026-09-15 07:57:32
 0  5       591768       845728       171236     58609304    0    0 3181444     0 11920 18168   1   1  86  12   0 2026-09-15 07:57:33
 1  5       591768       845496       171236     58609868    8    0 3151916     0 12096 18020   1   1  86  12   0 2026-09-15 07:57:34
 1  5       591768       844000       171244     58609880    0    0 3236864   496 12395 18601   1   1  86  12   0 2026-09-15 07:57:35
 1  6       591768       842520       171244     58609892    0    0 3294208     0 12204 18339   1   1  89  10   0 2026-09-15 07:57:36
 0  8       591768       841020       171244     58609908    0    0 3243008     0 12224 18414   1   2  88  10   0 2026-09-15 07:57:37
 0  8       591768       840772       171244     58609920    0    0 3325952     0 12267 18647   1   1  86  12   0 2026-09-15 07:57:38
 1  4       591768       841036       171244     58609944    0    0 3213312     0 11804 18252   1   1  87  11   0 2026-09-15 07:57:39
 1  4       591768       841828       171252     58609960    0    0 3146752   136 11765 18205   1   1  86  12   0 2026-09-15 07:57:40
 0  5       591768       841328       171252     58609976    0    0 3160576   152 11836 18077   1   1  86  12   0 2026-09-15 07:57:41
 0  6       591768       842356       171252     58609984    0    0 3229184     0 11982 18431   1   1  86  12   0 2026-09-15 07:57:42
 1  5       591768       842108       171252     58610004    0    0 3202048     0 11708 18245   1   1  89   9   0 2026-09-15 07:57:43
 0  6       591768       842184       171392     58610788    0    0 3242888     0 11859 18331   1   1  87  11   0 2026-09-15 07:57:44
procs -----------------------memory---------------------- ---swap-- -----io---- -system-- --------cpu-------- -----timestamp-----
 r  b         swpd         free         buff        cache   si   so    bi    bo   in   cs  us  sy  id  wa  st                 KST
 2  6       591768       841212       171400     58610808    0    0 3200000   156 11911 18589   1   2  87  11   0 2026-09-15 07:57:45
 0  8       591768       840264       171400     58610824    0    0 3317760   360 12012 18650   1   1  87  11   0 2026-09-15 07:57:46
 0  1       591768       841284       171400     58610836    0    0 3290624     0 12065 18576   1   1  88  10   0 2026-09-15 07:57:47
 1  0       591768       838780       171400     58611028    0    0 300716     0 8099 13035   5   0  94   0   0 2026-09-15 07:57:48
 1  0       591768       838280       171400     58611036    0    0     0     0 7611 12374   3   0  97   0   0 2026-09-15 07:57:49
 1  0       591768       839576       171408     58611052    0    0     0   176 7537 12402   3   0  97   0   0 2026-09-15 07:57:50
 2  0       591768       840344       171408     58611056    0    0     0   336 7455 12309   3   0  97   0   0 2026-09-15 07:57:51
 5  0       591768       840096       171408     58611080    0    0     0     0 7493 12352   3   0  97   0   0 2026-09-15 07:57:52
 3  0       591768       839604       171408     58611096    0    0     0     0 7334 12313   3   0  97   0   0 2026-09-15 07:57:53
 1  0       591768       840116       171408     58611112    0    0     0     0 7464 12330   3   0  97   0   0 2026-09-15 07:57:54
 2  0       591768       839040       171416     58611220    0    0    92   136 41848 12251   3   1  96   0   0 2026-09-15 07:57:55
 2  0       591768       840816       171416     58611232    0    0     0     0 98590 12370   3   1  96   0   0 2026-09-15 07:57:56
 1  0       591768       840352       171416     58611360    0    0   116   288 7408 12547   3   0  97   0   0 2026-09-15 07:57:57
 1  0       591768       839852       171416     58611376    0    0     0     0 7540 12375   3   0  97   0   0 2026-09-15 07:57:58
 1  0       591768       837876       171416     58611484    0    0    88     0 7344 12320   3   0  97   0   0 2026-09-15 07:57:59
 2  0       591768       838132       171424     58611500    0    0     0   152 7615 12258   3   0  97   0   0 2026-09-15 07:58:00
 1  0       591768       838148       171424     58611512    0    0     0     0 7390 12227   3   0  97   0   0 2026-09-15 07:58:01
 2  0       591768       838912       171424     58611640    0    0   108   316 7427 12443   3   0  97   0   0 2026-09-15 07:58:02
 1  0       591768       838664       171424     58611644    0    0     0     0 7391 12303   3   0  97   0   0 2026-09-15 07:58:03
 1  0       591768       838416       171424     58611656    0    0    96     0 7494 12366   3   0  97   0   0 2026-09-15 07:58:04
 1  0       591768       838184       171432     58611772    0    0     0   144 7727 12652   3   0  96   0   0 2026-09-15 07:58:05
procs -----------------------memory---------------------- ---swap-- -----io---- -system-- --------cpu-------- -----timestamp-----
 r  b         swpd         free         buff        cache   si   so    bi    bo   in   cs  us  sy  id  wa  st                 KST
 1  0       591768       838704       171432     58611792    0    0     0     0 7630 12467   3   0  96   0   0 2026-09-15 07:58:06
 1  0       591768       838212       171432     58611812    0    0     0   300 7525 12420   3   0  96   0   0 2026-09-15 07:58:07
 0  8       591768       836248       171432     58611828    0    0 167936     0 7719 12564   3   0  95   1   0 2026-09-15 07:58:08
 1  6       591768       837520       171432     58611840    0    0 1779712     0 10083 15657   2   1  91   6   0 2026-09-15 07:58:09
 0  6       591768       837784       171440     58611852    0    0 1895424   168 10242 16057   2   1  92   6   0 2026-09-15 07:58:10
 1  5       591768       837592       171440     58611868    0    0 1854464     0 9969 15582   2   1  91   7   0 2026-09-15 07:58:11
 1  5       591768       836372       171440     58611880    0    0 1831936   388 10277 15754   2   1  90   7   0 2026-09-15 07:58:12
 1  5       591768       834656       171440     58611904    0    0 1838080     0 10281 15800   1   1  91   6   0 2026-09-15 07:58:13
 0  5       591768       835220       171440     58611920    0    0 1886720     0 10162 15852   2   1  91   6   0 2026-09-15 07:58:14
 0  5       591768       835012       171448     58611932    0    0 1923584   124 10383 15876   2   1  91   7   0 2026-09-15 07:58:15
 1  5       591768       836084       171448     58611952    0    0 1900544     0 10315 15804   2   1  90   7   0 2026-09-15 07:58:16
 0  4       591768       836628       171448     58611964    0    0 1841152   140 9950 15710   2   1  90   8   0 2026-09-15 07:58:17
 0  1       591768       833916       171448     58611976    0    0 1903104     0 10348 15946   2   1  90   7   0 2026-09-15 07:58:18
 1  0       591768       834432       171448     58611992    0    0 1747456     0 9968 15529   2   1  91   6   0 2026-09-15 07:58:19
 1  0       591768       834532       171456     58612204    0    0 1714372   148 9795 15522   2   1  92   6   0 2026-09-15 07:58:20
 1  0       591768       835088       171456     58612220    0    0 1714176     0 9897 15413   2   1  91   7   0 2026-09-15 07:58:21
 1  0       591768       835880       171456     58612516    0    0 1714460   352 9857 15594   2   1  90   7   0 2026-09-15 07:58:22
 1  0       591768       834908       171456     58612536    0    0 1714176     0 9989 15526   2   1  91   6   0 2026-09-15 07:58:23
 1  0       591768       836480       171456     58612540    0    0 1714176     0 9979 15375   2   1  91   7   0 2026-09-15 07:58:24
 1  0       591768       838056       171464     58612616    0    0 1714232   136 9929 15753   2   1  91   6   0 2026-09-15 07:58:25
 0  8       591768       838356       171464     58612624    0    0 1787904     0 10124 15625   2   1  91   7   0 2026-09-15 07:58:26
procs -----------------------memory---------------------- ---swap-- -----io---- -system-- --------cpu-------- -----timestamp-----
 r  b         swpd         free         buff        cache   si   so    bi    bo   in   cs  us  sy  id  wa  st                 KST
 1  7       591768       837928       171464     58612644    0    0 1896448   280 10277 15726   2   1  91   7   0 2026-09-15 07:58:27
 2  5       591768       834296       171464     58612720    0    0 1984576     0 102850 16231   2   2  90   7   0 2026-09-15 07:58:28
 1  5       591768       834084       171464     58612736    0    0 1931264     0 10149 15809   2   1  90   7   0 2026-09-15 07:58:29
 1  4       591768       834408       171472     58612740    0    0 1877504   140 10233 15958   2   1  91   7   0 2026-09-15 07:58:30
 1  5       591768       834924       171472     58612760    0    0 1869824     0 10222 15746   2   1  91   7   0 2026-09-15 07:58:31
 0  5       591768       835988       171472     58612820    0    0 1828396     0 10008 15790   2   1  90   8   0 2026-09-15 07:58:32
 0  5       591768       835300       171472     58612832    0    0 1826816   288 10053 15776   2   1  90   7   0 2026-09-15 07:58:33
 1  3       591768       835068       171472     58613192    0    0 1967336     0 10218 15978   2   1  91   7   0 2026-09-15 07:58:34
 1  0       591768       835076       171480     58613204    0    0 1886212   136 10020 15879   2   1  93   5   0 2026-09-15 07:58:35
 1  0       591768       835340       171480     58613216    0    0 1714176     0 9871 15340   2   1  90   7   0 2026-09-15 07:58:36
 1  0       591768       834596       171480     58613592    0    0 1714400     0 10001 15737   2   1  92   6   0 2026-09-15 07:58:37
 1  0       591768       833344       171480     58613608    0    0 1714176   304 10044 15728   2   1  91   6   0 2026-09-15 07:58:38
 1  0       591768       834396       171480     58613620    0    0 1714176     0 9623 15445   2   1  92   5   0 2026-09-15 07:58:39
 1  0       591768       834908       171488     58613640    0    0 1714176   156 9934 15471   2   1  91   6   0 2026-09-15 07:58:40
 2  0       591768       837184       171488     58613656    0    0 1714176     0 9999 15398   2   1  91   7   0 2026-09-15 07:58:41
 1  0       591768       837452       171488     58613672    0    0 1714176     0 10087 15518   2   1  91   6   0 2026-09-15 07:58:42
 1  0       591768       839000       171488     58613752    0    0 1714244   312 10114 15553   2   1  91   6   0 2026-09-15 07:58:43
 0  7       591768       837492       171488     58613752    0    0 1908736     0 10438 15491   2   1  90   8   0 2026-09-15 07:58:44
 0  7       591768       840344       171496     58613768    0    0 1886208   144 10536 16114   2   1  91   7   0 2026-09-15 07:58:45
 1  6       591768       840644       171496     58613796    0    0 1929216     0 10358 15941   2   1  91   6   0 2026-09-15 07:58:46
 0  6       591768       836116       171496     58613808    0    0 1907712     0 10320 16041   2   1  91   6   0 2026-09-15 07:58:47
procs -----------------------memory---------------------- ---swap-- -----io---- -system-- --------cpu-------- -----timestamp-----
 r  b         swpd         free         buff        cache   si   so    bi    bo   in   cs  us  sy  id  wa  st                 KST
 1  0       591768       835872       171712     58613840    0    0 939152 31084 9385 14482   7   1  90   2   0 2026-09-15 07:58:48
 1  0       591768       836412       171712     58613852    0    0     0     0 7597 12372   3   0  97   0   0 2026-09-15 07:58:49
 1  0       591768       837936       171720     58613872    0    0     0   308 7628 12382   3   0  97   0   0 2026-09-15 07:58:50
 1  0       591768       837476       171720     58613884    0    0     0     0 7563 12360   3   0  97   0   0 2026-09-15 07:58:51
 1  0       591768       838512       171720     58613896    0    0     0     0 7462 12280   3   0  97   0   0 2026-09-15 07:58:52
 2  0       591768       839592       171720     58613912    0    0     0   316 7150 12386   3   0  97   0   0 2026-09-15 07:58:53
 2  0       591768       841144       171720     58614096    0    0   140     0 7317 12375   3   0  97   0   0 2026-09-15 07:58:54
 1  0       591768       840988       171728     58614112    0    0     0   128 7241 12384   3   0  97   0   0 2026-09-15 07:58:55
 1  0       591768       841024       171728     58614276    0    0   148     0 7357 12353   3   0  97   0   0 2026-09-15 07:58:56
 1  0       591768       841284       171728     58614292    0    0     0     0 7605 12520   3   0  96   0   0 2026-09-15 07:58:57
 1  0       591768       841800       171728     58614312    0    0     0     0 7473 12404   3   0  97   0   0 2026-09-15 07:58:58
 1  0       591768       840836       171728     58614416    0    0   100   352 7713 12587   3   0  96   0   0 2026-09-15 07:58:59
 1  0       591768       839080       171736     58614436    0    0     0   164 7488 12301   3   0  97   0   0 2026-09-15 07:59:00
 1  7       591768       837380       171736     58614652    0    0 192716     0 132892 12421   3   1  95   1   0 2026-09-15 07:59:01
 0  5       591768       838144       171736     58614668    0    0 2579968     0 11209 17216   1   1  89   9   0 2026-09-15 07:59:02
 1  0       591768       838652       171736     58614692    0    0 2370048     0 10619 16810   1   1  90   7   0 2026-09-15 07:59:03
 1  6       591768       838476       171736     58614704    0    0 1978368   364 10278 15709   1   1  89   9   0 2026-09-15 07:59:04
 0  5       591768       836548       171744     58614716    0    0 2597888   156 11333 17554   1   1  88  10   0 2026-09-15 07:59:05
 1  0       591768       836868       171744     58614732    0    0 2280448     0 10766 16644   1   1  90   8   0 2026-09-15 07:59:06
 0  6       591768       835932       171744     58614748    0    0 2196480     0 10794 16340   1   1  88   9   0 2026-09-15 07:59:07
 1  4       591768       836488       171744     58614760    0    0 2667520     0 11242 17413   1   1  88  10   0 2026-09-15 07:59:08
procs -----------------------memory---------------------- ---swap-- -----io---- -system-- --------cpu-------- -----timestamp-----
 r  b         swpd         free         buff        cache   si   so    bi    bo   in   cs  us  sy  id  wa  st                 KST
 2  0       591768       837032       171744     58614976    0    0 1992900   340 10412 16261   2   1  91   7   0 2026-09-15 07:59:09
 0  6       591768       836624       171752     58614984    0    0 2546792   140 11113 16878   1   1  89   9   0 2026-09-15 07:59:10
 1  0       591768       837392       171752     58615112    0    0 2595840     0 11063 17178   1   1  90   8   0 2026-09-15 07:59:11
 0  8       591768       836680       171752     58615128    0    0 1886208     0 10248 15525   2   1  91   7   0 2026-09-15 07:59:12
 1  4       591768       837196       171752     58615196    0    0 2602556     0 11273 17237   1   1  89   9   0 2026-09-15 07:59:13
 1  0       591768       837988       171752     58615212    0    0 2368000   356 10946 16955   1   1  92   6   0 2026-09-15 07:59:14
 0  7       591768       838788       171760     58615228    0    0 2041856   148 10335 15782   1   1  90   7   0 2026-09-15 07:59:15
 0  5       591768       840592       171760     58615240    0    0 2703360     0 11214 17514   1   1  89   9   0 2026-09-15 07:59:16
 2  0       591768       840344       171760     58615256    0    0 2111488     0 10424 16259   1   1  91   7   0 2026-09-15 07:59:17
 1  5       591768       841124       171760     58615272    0    0 2456576     0 11170 16907   1   1  89   9   0 2026-09-15 07:59:18
 0  1       591768       840920       171760     58615296    0    0 2622976   380 11256 17605   1   1  91   6   0 2026-09-15 07:59:19
 1  7       591768       838428       171768     58615304    0    0 1933992   168 10142 15715   2   1  90   7   0 2026-09-15 07:59:20
 0  5       591768       838496       171768     58615604    0    0 2579060     0 11253 17260   1   1  90   8   0 2026-09-15 07:59:21
 3  0       591768       839008       171768     58615616    0    0 2406912     0 10970 17001   1   1  90   8   0 2026-09-15 07:59:22
 0  7       591768       839784       171768     58615744    0    0 2060396     0 10392 15885   2   1  89   8   0 2026-09-15 07:59:23
 0  5       591768       839832       171768     58615752    0    0 2691072   372 11266 17445   1   1  91   7   0 2026-09-15 07:59:24
 1  0       591768       839616       171776     58615772    4    0 2105348   132 10613 16744   2   1  91   6   0 2026-09-15 07:59:25
 0  6       591768       838108       171776     58615792    0    0 2418688     0 10901 16556   1   1  90   8   0 2026-09-15 07:59:26
 0  1       591768       839132       171776     58615800    0    0 2686464     0 11047 17413   1   1  91   7   0 2026-09-15 07:59:27
 0  8       591768       838396       171776     58615892    0    0 1843784     0 10200 15721   2   1  90   7   0 2026-09-15 07:59:28
 1  4       591768       836652       171776     58615980    0    0 2591308     0 11009 17088   1   1  88  10   0 2026-09-15 07:59:29
procs -----------------------memory---------------------- ---swap-- -----io---- -system-- --------cpu-------- -----timestamp-----
 r  b         swpd         free         buff        cache   si   so    bi    bo   in   cs  us  sy  id  wa  st                 KST
 3  0       591768       837952       171784     58616216    0    0 2459228   520 10962 17200   1   1  91   7   0 2026-09-15 07:59:30
 1  6       591768       837008       171784     58616232    0    0 2066432     0 10345 15776   1   1  90   8   0 2026-09-15 07:59:31
 1  0       591768       836780       171784     58616256    0    0 1361920     0 9215 14995   2   1  93   4   0 2026-09-15 07:59:32
 1  0       591768       835564       171784     58616268    0    0     0     0 7223 12419   3   0  97   0   0 2026-09-15 07:59:33
 1  0       591768       836036       171784     58616280    0    0     0     0 132582 12496   3   1  96   0   0 2026-09-15 07:59:34
 2  0       591768       833268       171792     58616292    0    0     0   484 7065 12393   3   0  97   0   0 2026-09-15 07:59:35
 3  0       591768       833784       171792     58616308    0    0     0     0 7006 12290   3   0  97   0   0 2026-09-15 07:59:36
 1  0       591768       834292       171792     58616320    0    0     0     0 6988 12296   3   0  97   0   0 2026-09-15 07:59:37
 0  1       591768       835104       171792     58616332    0    0 1694208     0 9686 15573   2   1  92   5   0 2026-09-15 07:59:38
 1  4       591768       835672       171792     58616352    0    0 3113472     0 11759 17885   1   1  88  10   0 2026-09-15 07:59:39
 0  5       591768       837480       171800     58616368    0    0 3084800   308 11531 18025   1   1  90   8   0 2026-09-15 07:59:40
 0  6       591768       837500       171800     58616376    0    0 3143168     0 11468 18118   1   1  89   9   0 2026-09-15 07:59:41
 1  5       591768       836760       171800     58616396    0    0 3231744     0 11983 18250   1   1  88  10   0 2026-09-15 07:59:42
 0  7       591768       836776       171800     58616404    0    0 3179520     0 11738 18261   1   1  89  10   0 2026-09-15 07:59:43
 0  8       591768       837544       171800     58616516    0    0 3217496     0 11905 18371   1   1  87  10   0 2026-09-15 07:59:44
 0  1       591768       837084       171808     58616524    0    0 3286628   472 12352 18945   1   1  86  12   0 2026-09-15 07:59:45
 0  5       591768       836868       171808     58616644    0    0 3201536     0 12015 18207   1   1  88  10   0 2026-09-15 07:59:46
 0  5       591768       836128       171808     58616660    0    0 3138560     0 11917 18044   1   1  88  10   0 2026-09-15 07:59:47
 1  5       591768       834876       171808     58616780    0    0 3233388     0 11983 18428   1   1  88  10   0 2026-09-15 07:59:48
 1  5       591768       834660       171808     58616796    0    0 3204608     0 11874 18094   1   1  88  10   0 2026-09-15 07:59:49
 0  6       591768       832948       171816     58616812    0    0 3192832   152 11964 18336   1   1  88   9   0 2026-09-15 07:59:50
procs -----------------------memory---------------------- ---swap-- -----io---- -system-- --------cpu-------- -----timestamp-----
 r  b         swpd         free         buff        cache   si   so    bi    bo   in   cs  us  sy  id  wa  st                 KST
 1  6       591768       831004       171816     58616832    0    0 3153920   324 11808 18013   1   1  88  10   0 2026-09-15 07:59:51
 0  8       591768       831052       171816     58616836    0    0 3280896     0 11749 18343   1   1  89   9   0 2026-09-15 07:59:52
 0  4       591768       829836       171816     58616952    0    0 3239004     0 11958 18438   1   1  88  10   0 2026-09-15 07:59:53
 2  4       591768       829428       171816     58616968    0    0 3152896     0 11704 18247   1   1  90   8   0 2026-09-15 07:59:54
 1  4       591768       829752       171824     58616976    0    0 3131904   152 11662 17999   1   1  88  10   0 2026-09-15 07:59:55
 0  6       591768       829304       171824     58616992    0    0 3138048   308 11727 18115   1   1  88  10   0 2026-09-15 07:59:56
 1  5       591768       829596       171824     58617008    0    0 3220480     0 11792 18130   1   1  88  10   0 2026-09-15 07:59:57
 1  6       591768       830608       171824     58617020    0    0 3138560     0 11717 18063   1   1  89   9   0 2026-09-15 07:59:58
 2  6       591768       829104       171824     58617036    0    0 3299304     0 12043 18586   1   1  87  11   0 2026-09-15 07:59:59
 1  0       591768       827132       171832     58617056    0    0 3264024   136 11867 18512   1   1  86  12   0 2026-09-15 08:00:00
 1  0       591768       828156       171832     58617372    0    0 55084   312 7272 12624   3   0  97   0   0 2026-09-15 08:00:01
 1  0       591768       827164       171832     58617380    0    0     0     0 7246 12439   3   0  97   0   0 2026-09-15 08:00:02
 2  0       591768       826196       171832     58617400    0    0     0     0 7405 12443   3   0  97   0   0 2026-09-15 08:00:03
 1  0       591768       827008       171832     58617632    0    0   156     0 7178 12352   3   0  97   0   0 2026-09-15 08:00:04
 1  0       591768       826772       171840     58617652    0    0     0   164 7186 12695   3   0  97   0   0 2026-09-15 08:00:05
 3  5       591768       825872       171840     58617660    0    0 840704   592 19344 13791   2   1  93   4   0 2026-09-15 08:00:06
 1  5       591768       827960       171840     58617680    0    0 3023872     0 73819 17840   1   2  86  12   0 2026-09-15 08:00:07
 0  8       591768       829244       171840     58617692    0    0 3160064     0 11765 18127   1   1  86  12   0 2026-09-15 08:00:08
 1  1       591768       827528       171840     58617704    0    0 3188224     0 12181 18467   1   1  87  11   0 2026-09-15 08:00:09
 1  5       591768       827788       171848     58617724    0    0 3218944   140 12117 18309   1   1  88  10   0 2026-09-15 08:00:10
 0  5       591768       828544       171848     58617736    0    0 3202048   156 12389 18329   1   1  88  10   0 2026-09-15 08:00:11
procs -----------------------memory---------------------- ---swap-- -----io---- -system-- --------cpu-------- -----timestamp-----
 r  b         swpd         free         buff        cache   si   so    bi    bo   in   cs  us  sy  id  wa  st                 KST
 1  4       591768       828348       171848     58617752    0    0 3141120     0 11775 17922   1   1  87  10   0 2026-09-15 08:00:12
 1  5       591768       827668       171848     58617764    0    0 3098112     0 11970 17927   1   1  87  11   0 2026-09-15 08:00:13
 0  6       591768       825476       171848     58617784    0    0 3237888     0 11726 18319   1   1  88  10   0 2026-09-15 08:00:14
 0  7       591768       825000       171856     58617860    0    0 3221560   140 11795 18264   1   1  87  11   0 2026-09-15 08:00:15
 0  8       591768       825764       171856     58617868    0    0 3310592   368 12081 18505   1   1  88  10   0 2026-09-15 08:00:16
 0  4       591768       826316       171856     58617884    0    0 3246080     0 12229 18374   1   1  85  13   0 2026-09-15 08:00:17
 1  4       591768       828364       171856     58617900    0    0 3174400     0 11921 18172   1   1  87  11   0 2026-09-15 08:00:18
 1  4       591768       826648       171856     58617912    0    0 3110400     0 12010 18164   1   1  87  11   0 2026-09-15 08:00:19
 1  5       591768       826460       171864     58617924    0    0 3206656   152 12062 18149   1   1  87  11   0 2026-09-15 08:00:20
 0  6       591768       827012       171864     58617944    0    0 3240960   344 12077 18519   1   1  87  11   0 2026-09-15 08:00:21
 0  7       591768       826068       171864     58617960    0    0 3179520     0 11959 18213   1   1  87  11   0 2026-09-15 08:00:22
 1  7       591768       826868       171864     58617968    0    0 3229696     0 12069 18299   1   1  86  12   0 2026-09-15 08:00:23
 1  8       591768       827420       171864     58617988    0    0 3324928     0 11877 18590   1   1  88  10   0 2026-09-15 08:00:25
 0  3       591768       825700       171872     58617996    0    0 3262464   136 12307 18631   1   1  86  12   0 2026-09-15 08:00:26
 1  4       591768       824756       171872     58618016    0    0 3107840     0 11950 18136   1   1  88  10   0 2026-09-15 08:00:27
 1  4       591768       824340       171872     58618024    0    0 3169792   312 12020 18169   1   1  88  11   0 2026-09-15 08:00:28
 1  5       591768       823120       171872     58618136    0    0 3253844     0 11939 18337   1   1  87  11   0 2026-09-15 08:00:29
 2  0       591768       823432       171872     58618152    0    0 845824     0 8278 13914   2   0  95   2   0 2026-09-15 08:00:30
 1  1       591768       824480       171880     58618164    0    0    20   140 7393 12544   3   0  96   0   0 2026-09-15 08:00:31
 1  0       591768       826312       171880     58618196    0    0     0     0 7385 12437   3   0  96   0   0 2026-09-15 08:00:32
 1  0       591768       826136       171880     58618212    0    0     0   340 7301 12422   3   0  97   0   0 2026-09-15 08:00:33
procs -----------------------memory---------------------- ---swap-- -----io---- -system-- --------cpu-------- -----timestamp-----
 r  b         swpd         free         buff        cache   si   so    bi    bo   in   cs  us  sy  id  wa  st                 KST
 1  0       591768       826912       171880     58618228    0    0     0     0 7055 12326   3   0  97   0   0 2026-09-15 08:00:34
 1  7       591768       826692       171880     58618236    0    0 83956     0 7218 12309   3   0  96   1   0 2026-09-15 08:00:35
 1  2       591768       825764       171888     58618260    0    0 3252236   164 11860 18307   1   1  86  12   0 2026-09-15 08:00:36
 1  4       591768       825844       171888     58618280    0    0 3139584     0 11615 17880   1   1  87  11   0 2026-09-15 08:00:37
 2  4       591768       824872       171888     58618284    0    0 3105280   176 11498 17993   1   1  87  11   0 2026-09-15 08:00:38
 1  5       591768       825172       171888     58618304    0    0 3220992     0 11986 18321   1   1  87  11   0 2026-09-15 08:00:39
 0  6       591768       825388       171904     58618460    0    0 3118220   168 55599 18065   1   2  85  13   0 2026-09-15 08:00:40
 0  7       591768       823668       171904     58618472    0    0 3221504     0 11876 18320   1   1  87  11   0 2026-09-15 08:00:41
 2  6       591768       824464       171904     58618700    0    0 3238192     0 11752 18378   1   1  87  11   0 2026-09-15 08:00:42
 1  1       591768       824264       171904     58618724    0    0 3283372   328 12067 18597   1   1  89  10   0 2026-09-15 08:00:43
 3  4       591768       825304       171904     58618740    0    0 3160576     0 11728 18179   1   1  86  12   0 2026-09-15 08:00:44
 0  5       591768       825808       171912     58618744    4    0 3200004   144 11893 18103   1   1  87  11   0 2026-09-15 08:00:45
 0  5       591768       827612       171912     58618784    4    0 3243544     0 12051 18505   1   2  88  10   0 2026-09-15 08:00:46
 1  5       591768       827652       171912     58618796    0    0 3269120     0 11979 18361   1   1  86  12   0 2026-09-15 08:00:47
 2  5       591768       826220       171912     58618812    0    0 3214336     0 11947 18242   1   1  87  11   0 2026-09-15 08:00:48
 2  5       591768       826020       171912     58618820    0    0 3209216   288 11924 18244   1   1  88  10   0 2026-09-15 08:00:49
 1  7       591768       825024       171920     58618844    0    0 3179520   132 11724 18107   1   1  88  10   0 2026-09-15 08:00:50
 0  1       591768       825824       171920     58618856    0    0 3207680     0 11989 18400   1   1  89   9   0 2026-09-15 08:00:51
 0  5       591768       827432       171920     58618868    0    0 3245568     0 11850 18120   1   1  88  10   0 2026-09-15 08:00:52
 0  5       591768       827504       171920     58618884    0    0 3037696     0 11744 17910   1   1  88  10   0 2026-09-15 08:00:53
 0  5       591768       828848       171920     58618896    0    0 3303424   280 12175 18444   1   1  88  10   0 2026-09-15 08:00:54
procs -----------------------memory---------------------- ---swap-- -----io---- -system-- --------cpu-------- -----timestamp-----
 r  b         swpd         free         buff        cache   si   so    bi    bo   in   cs  us  sy  id  wa  st                 KST
 1  5       591768       827628       171928     58618912    0    0 3077632   144 11726 17978   1   1  88  10   0 2026-09-15 08:00:55
 1  6       591768       825620       171928     58618928    0    0 3208192     0 11800 18118   1   1  87  11   0 2026-09-15 08:00:56
 1  7       591768       826444       171928     58618948    0    0 3237984     0 11843 18231   1   1  88  10   0 2026-09-15 08:00:57
 1  0       591768       824724       171928     58619064    0    0 1538048     0 9230 15398   2   1  93   5   0 2026-09-15 08:00:58
 1  0       591768       823744       171928     58619076    0    0     0   308 7099 12396   3   0  97   0   0 2026-09-15 08:00:59
 1  0       591768       824040       171936     58619092    0    0     0   156 7164 12374   3   0  97   0   0 2026-09-15 08:01:00
 1  0       591768       823576       171936     58619108    0    0     0     0 7366 12452   3   1  96   0   0 2026-09-15 08:01:01
 1  0       591768       825880       171936     58619124    0    0     0     0 7057 12303   3   0  97   0   0 2026-09-15 08:01:02
 1  0       591768       826948       171936     58619132    0    0     0     0 7438 12505   3   0  96   0   0 2026-09-15 08:01:03
 0  6       591768       827984       171936     58619164    0    0 2533376   284 10928 17003   1   1  88  10   0 2026-09-15 08:01:04
 0  6       591768       829280       171936     58619180    0    0 3160064     0 11943 18114   1   1  88  10   0 2026-09-15 08:01:05
 2  7       591768       831048       171944     58619188    0    0 3070976   160 11793 18278   1   1  88  10   0 2026-09-15 08:01:06
 0  8       591768       830860       171944     58619208    0    0 3308544     0 11975 18647   1   1  89   9   0 2026-09-15 08:01:07
 1  3       591768       829640       171944     58619216    0    0 3238912     0 12036 18377   1   1  88  10   0 2026-09-15 08:01:08
 1  5       591768       831212       171944     58619236    0    0 3212288   384 12047 18201   1   1  86  12   0 2026-09-15 08:01:09
 0  5       591768       831476       171944     58619248    0    0 3273728     0 11957 18471   1   1  88  10   0 2026-09-15 08:01:10
 1  4       591768       830248       171952     58619268    0    0 3219968   132 12179 18200   1   1  87  11   0 2026-09-15 08:01:11
 0  5       591768       831804       171952     58619284    0    0 3182080     0 11965 18238   1   1  86  12   0 2026-09-15 08:01:12
 1  5       591768       832344       171952     58619296    0    0 3171328     0 91497 18185   1   2  85  12   0 2026-09-15 08:01:13
 1  6       591768       832628       171952     58619308    0    0 3253248   152 11912 18226   1   1  88  11   0 2026-09-15 08:01:14
 1  7       591768       832444       171952     58619496    0    0 3245224     0 11963 18402   1   1  86  12   0 2026-09-15 08:01:15
procs -----------------------memory---------------------- ---swap-- -----io---- -system-- --------cpu-------- -----timestamp-----
 r  b         swpd         free         buff        cache   si   so    bi    bo   in   cs  us  sy  id  wa  st                 KST
 0  3       591768       831728       171960     58619512    0    0 3154944   152 11871 18351   1   1  87  11   0 2026-09-15 08:01:16
 1  4       591768       830540       171960     58619520    0    0 3230720     0 11781 18086   1   2  87  11   0 2026-09-15 08:01:17
 2  5       591768       829068       171960     58619540    0    0 3196928     0 11520 18180   1   1  89   9   0 2026-09-15 08:01:18
 1  5       591768       827348       171960     58619556    0    0 3202560   356 11857 18267   1   1  87  11   0 2026-09-15 08:01:19
 0  6       591768       827876       171960     58619564    0    0 3133952     0 11529 17976   1   1  88  10   0 2026-09-15 08:01:20
 1  6       591768       827660       171968     58619580    0    0 3209216   144 11873 18199   0   1  87  11   0 2026-09-15 08:01:21
 0  6       591768       825236       171968     58619596    0    0 3240960     0 12116 18244   0   1  88  10   0 2026-09-15 08:01:22
 0  8       591768       825528       171968     58619620    0    0 3259392     0 11963 18494   1   1  87  11   0 2026-09-15 08:01:23
 0  4       591768       827808       171968     58619628    0    0 3232768   280 12143 18622   1   1  87  11   0 2026-09-15 08:01:24
 0  5       591768       828636       171968     58619652    0    0 3056640     0 11735 17867   1   1  85  13   0 2026-09-15 08:01:25
 1  0       591768       825144       171976     58619664    0    0 2207744   180 10419 16773   1   1  90   8   0 2026-09-15 08:01:26
 1  0       591768       824908       171976     58619676    0    0     0     0 7055 12333   3   0  97   0   0 2026-09-15 08:01:27
 1  0       591768       825188       171976     58619692    0    0     0     0 7007 12446   3   0  97   0   0 2026-09-15 08:01:28
 1  0       591768       825204       171976     58619708    0    0     0     0 6944 12233   3   0  97   0   0 2026-09-15 08:01:29
 1  0       591768       824980       171976     58619808    0    0    84   320 6895 12322   3   0  97   0   0 2026-09-15 08:01:30
 1  0       591768       826252       171984     58619816    0    0     0   136 7003 12393   3   0  97   0   0 2026-09-15 08:01:31
 1  8       591768       826044       171984     58619840    0    0 1808384     0 9874 15613   2   1  91   6   0 2026-09-15 08:01:32
 1  1       591768       826100       171984     58619848    0    0 3248640     0 12012 18349   1   1  88  10   0 2026-09-15 08:01:33
 0  5       591768       826904       171984     58619868    0    0 3069440     0 11699 17948   1   1  86  12   0 2026-09-15 08:01:34
 0  5       591768       826656       171984     58619884    0    0 3145216   296 11869 18073   1   1  86  12   0 2026-09-15 08:01:35
 0  6       591768       825432       171992     58619896    0    0 3262976   148 11954 18270   1   1  88  10   0 2026-09-15 08:01:36
procs -----------------------memory---------------------- ---swap-- -----io---- -system-- --------cpu-------- -----timestamp-----
 r  b         swpd         free         buff        cache   si   so    bi    bo   in   cs  us  sy  id  wa  st                 KST
 0  6       591768       823460       171992     58620028    0    0 3127412     0 11690 17956   1   1  88  10   0 2026-09-15 08:01:37
 1  6       591768       824252       171992     58620036    0    0 3189760     0 11925 18107   1   1  85  13   0 2026-09-15 08:01:38
 0  8       591768       823284       171992     58620056    0    0 3294208     0 11978 18396   1   1  89  10   0 2026-09-15 08:01:39
 0  1       591768       823844       171992     58620120    0    0 3279408   292 12146 18619   1   1  86  12   0 2026-09-15 08:01:40
 1  4       591768       823852       172000     58620128    0    0 3136000   136 11724 17973   1   1  85  12   0 2026-09-15 08:01:41
 1  4       591768       821656       172000     58620148    0    0 3252224     0 12226 18469   1   2  86  12   0 2026-09-15 08:01:42
 0  5       591768       819684       172000     58620160    0    0 3106304     0 11684 17968   1   1  86  12   0 2026-09-15 08:01:43
 0  6       591768       820988       172000     58620176    0    0 3197440     0 11864 18310   1   1  89   9   0 2026-09-15 08:01:44
 1  5       591768       821252       172000     58620184    0    0 3177472   336 11861 18083   1   1  88  10   0 2026-09-15 08:01:45
 0  8       591768       819416       172008     58620208    0    0 3061760   132 68788 18270   1   2  86  12   0 2026-09-15 08:01:46
 2  0       591768       820940       172008     58620348    0    0 3276416     0 12085 18423   1   1  89   9   0 2026-09-15 08:01:47
 1  3       591768       821764       172008     58620364    0    0 3285504     0 11934 18309   1   1  86  12   0 2026-09-15 08:01:48
 0  5       591768       820544       172008     58620452    0    0 3126344     0 11766 18153   1   1  85  13   0 2026-09-15 08:01:49
 1  4       591768       819572       172008     58620464    0    0 3194368   360 11844 18139   1   1  86  12   0 2026-09-15 08:01:50
 2  5       591768       818356       172016     58620480    0    0 3222016   140 11772 18328   1   1  86  12   0 2026-09-15 08:01:51
 1  5       591768       817180       172016     58620492    0    0 3213312     0 11967 18341   1   2  87  11   0 2026-09-15 08:01:52
 0  7       591768       815988       172016     58620572    0    0 3177532     0 11863 18248   1   1  86  12   0 2026-09-15 08:01:53
 2  0       591768       818272       172016     58620580    0    0 3143680     0 11786 18404   1   1  88  10   0 2026-09-15 08:01:54
 2  0       591768       819544       172016     58620600    0    0     0   352 7084 12352   3   0  97   0   0 2026-09-15 08:01:55
 1  0       591768       820816       172024     58620616    0    0     0   152 6954 12296   3   0  97   0   0 2026-09-15 08:01:56
 1  0       591768       819604       172024     58620628    0    0     0     0 7035 12358   3   0  97   0   0 2026-09-15 08:01:57
procs -----------------------memory---------------------- ---swap-- -----io---- -system-- --------cpu-------- -----timestamp-----
 r  b         swpd         free         buff        cache   si   so    bi    bo   in   cs  us  sy  id  wa  st                 KST
 1  0       591768       818600       172024     58620644    0    0     0     0 6933 12282   3   0  97   0   0 2026-09-15 08:01:58
 2  0       591768       819112       172024     58620656    0    0     0     0 7183 12393   3   0  97   0   0 2026-09-15 08:01:59
 2  4       591768       818656       172024     58620668    0    0 1006080     0 8574 13964   2   1  93   5   0 2026-09-15 08:02:00
 1  5       591768       818468       172032     58620684    0    0 3121664   472 11770 17994   1   1  87  11   0 2026-09-15 08:02:01
 1  6       591768       818512       172032     58620700    0    0 3075072     0 11576 17806   1   1  86  12   0 2026-09-15 08:02:02
 1  7       591768       819092       172032     58620716    0    0 3237888     0 11951 18420   1   2  87  10   0 2026-09-15 08:02:03
 0  1       591768       818128       172032     58620728    0    0 3227136     0 12088 18552   1   1  89  10   0 2026-09-15 08:02:04
 1  4       591768       816656       172032     58620748    0    0 3127808     0 12006 18200   1   1  88  10   0 2026-09-15 08:02:05
 0  5       591768       819708       172040     58620752    0    0 3207168   452 12324 18513   1   1  88  10   0 2026-09-15 08:02:06
 0  5       591768       819728       172040     58620772    0    0 3215872     0 12009 18254   1   1  87  11   0 2026-09-15 08:02:07
 1  5       591768       820328       172040     58620904    0    0 3248760     0 12169 18378   1   1  86  12   0 2026-09-15 08:02:08
 1  5       591768       819708       172040     58620928    0    0 3160064     0 12258 18116   1   1  86  12   0 2026-09-15 08:02:09
 1  6       591768       820528       172040     58620944    0    0 3253248     0 11757 18364   1   1  86  11   0 2026-09-15 08:02:10
 0  8       591768       818540       172048     58620960    0    0 3284992   432 11892 18548   1   1  88  10   0 2026-09-15 08:02:11
 2  0       591768       819116       172048     58620972    0    0 3243520     0 11856 18671   1   1  88  10   0 2026-09-15 08:02:12
 1  4       591768       818156       172048     58620984    0    0 3188224     0 11954 18108   1   1  86  12   0 2026-09-15 08:02:13
 0  5       591768       818920       172048     58621000    0    0 3257344     0 12049 18386   1   1  88  10   0 2026-09-15 08:02:14
 0  5       591768       819184       172048     58621012    0    0 3205632     0 12200 18331   1   1  88  10   0 2026-09-15 08:02:15
 1  5       591768       818016       172056     58621140    0    0 3156592   316 11925 18253   1   1  88  10   0 2026-09-15 08:02:16
 1  5       591768       818052       172056     58621156    0    0 3109888     0 11661 17871   1   1  87  11   0 2026-09-15 08:02:17
 3  5       591768       818556       172056     58621200    0    0 3183640     0 17814 18063   1   1  88  10   0 2026-09-15 08:02:18
procs -----------------------memory---------------------- ---swap-- -----io---- -system-- --------cpu-------- -----timestamp-----
 r  b         swpd         free         buff        cache   si   so    bi    bo   in   cs  us  sy  id  wa  st                 KST
 0  8       591768       820756       172056     58621216    0    0 3310592     0 79248 18556   1   2  86  12   0 2026-09-15 08:02:19
 0  1       591768       820572       172056     58621228    0    0 3241472     0 11855 18345   1   1  87  11   0 2026-09-15 08:02:20
 1  4       591768       820636       172064     58621244    0    0 3258880   484 11985 18382   1   1  87  11   0 2026-09-15 08:02:21
 1  4       591768       820500       172064     58621260    0    0 3272704     0 12120 18222   1   1  86  11   0 2026-09-15 08:02:22
 1  0       591768       820032       172064     58621272    0    0 401408     0 7813 13280   3   1  96   1   0 2026-09-15 08:02:23
 1  0       591768       819880       172064     58621292    0    0     0     0 7161 12238   3   0  97   0   0 2026-09-15 08:02:24
 1  0       591768       819704       172064     58621300    0    0     0     0 7273 12307   3   0  97   0   0 2026-09-15 08:02:25
 2  0       591768       820720       172072     58621320    0    0     0   496 7382 12582   3   0  96   0   0 2026-09-15 08:02:26
 1  0       591768       820988       172072     58621328    0    0     0     0 7238 12300   3   0  97   0   0 2026-09-15 08:02:27
 3  5       591768       821532       172072     58621348    0    0 544768     0 7991 13112   2   0  94   3   0 2026-09-15 08:02:28
 0  7       591768       820852       172072     58621360    0    0 3173376     0 11949 17997   1   1  88  10   0 2026-09-15 08:02:29
 0  8       591768       819648       172072     58621616    0    0 3232944     0 11842 18298   1   1  87  11   0 2026-09-15 08:02:30
 2  4       591768       819216       172080     58621632    0    0 3155968   316 12064 18268   1   1  88  10   0 2026-09-15 08:02:31
 1  5       591768       817764       172080     58621648    0    0 3087360   108 11580 18014   1   1  88  11   0 2026-09-15 08:02:32
 0  5       591768       817052       172080     58621664    0    0 3129856     0 11760 17986   1   1  87  11   0 2026-09-15 08:02:33
 1  5       591768       816852       172080     58621684    0    0 3191296     0 11865 18314   1   1  88  10   0 2026-09-15 08:02:34
 2  5       591768       815380       172080     58621700    0    0 3210240     0 12006 18284   1   1  88  10   0 2026-09-15 08:02:35
 1  6       591768       816136       172088     58621712    0    0 3230720   152 12130 18207   1   1  88  10   0 2026-09-15 08:02:36
 1  8       591768       816684       172088     58621728    0    0 3259392   320 11913 18462   1   1  87  11   0 2026-09-15 08:02:37
 1  0       591768       817736       172088     58621752    0    0 3272192     0 12123 18391   1   1  86  12   0 2026-09-15 08:02:38
 1  4       591768       816760       172088     58621888    0    0 3133056     0 12111 18125   1   1  87  11   0 2026-09-15 08:02:39
procs -----------------------memory---------------------- ---swap-- -----io---- -system-- --------cpu-------- -----timestamp-----
 r  b         swpd         free         buff        cache   si   so    bi    bo   in   cs  us  sy  id  wa  st                 KST
 2  4       591768       818056       172088     58622092    0    0 3125944     0 12039 18077   1   1  87  11   0 2026-09-15 08:02:40
 6  5       591768       818852       172096     58622100    0    0 3207680   172 11848 18152   1   1  86  12   0 2026-09-15 08:02:41
 3  5       591768       818416       172096     58622116    0    0 3111936   412 11922 17943   1   1  86  12   0 2026-09-15 08:02:42
 1  6       591768       817700       172096     58622132    0    0 3193856     0 11929 18177   1   1  87  11   0 2026-09-15 08:02:43
 1  7       591768       816728       172096     58622148    0    0 3266704     0 12067 18426   1   1  88  10   0 2026-09-15 08:02:44
 1  0       591768       818248       172096     58622164    0    0 3275120     0 12063 18436   1   1  87  11   0 2026-09-15 08:02:45
 1  3       591768       819780       172104     58622176    0    0 3285504   140 12641 18761   1   1  85  12   0 2026-09-15 08:02:46
 1  4       591768       818556       172104     58622324    0    0 3265664   156 12171 18418   1   1  88  10   0 2026-09-15 08:02:47
 0  5       591768       820080       172104     58622332    0    0 3179520     0 11669 18121   1   1  87  11   0 2026-09-15 08:02:48
 1  4       591768       819612       172104     58622556    0    0 3276428     0 12231 18428   1   1  88  10   0 2026-09-15 08:02:49
 1  5       591768       818944       172104     58622568    0    0 3217920     0 11743 18181   1   2  88  10   0 2026-09-15 08:02:50
 1  0       591768       815384       172112     58622604    0    0 968716   136 131150 14396   2   1  94   2   0 2026-09-15 08:02:51
 1  0       591768       815904       172116     58622620    0    0     0   440 7274 12437   3   0  97   0   0 2026-09-15 08:02:52
 1  0       591768       816668       172116     58622636    0    0     0     0 7118 12299   3   0  97   0   0 2026-09-15 08:02:53
 1  0       591768       816452       172116     58622720    0    0    72     0 7334 12530   3   0  96   0   0 2026-09-15 08:02:54
 1  0       591768       817032       172116     58622732    0    0     0     0 7201 12353   3   0  96   0   0 2026-09-15 08:02:55
 1  0       591768       817840       172124     58622752    0    0     0   172 7354 12468   3   0  96   0   0 2026-09-15 08:02:56
 1  0       591768       817844       172124     58622768    0    0     0   356 7358 12395   3   0  97   0   0 2026-09-15 08:02:57
 1  0       591768       818384       172124     58622784    0    0     0     0 7429 12334   3   0  97   0   0 2026-09-15 08:02:58
 1  0       591768       818168       172124     58622800    0    0     0     0 7239 12328   3   0  97   0   0 2026-09-15 08:02:59
 2  0       591768       819184       172124     58622812    0    0     0     0 7358 12393   3   0  97   0   0 2026-09-15 08:03:00
procs -----------------------memory---------------------- ---swap-- -----io---- -system-- --------cpu-------- -----timestamp-----
 r  b         swpd         free         buff        cache   si   so    bi    bo   in   cs  us  sy  id  wa  st                 KST
 1  0       591768       818688       172132     58622828    0    0     0   152 7404 12371   3   0  97   0   0 2026-09-15 08:03:01
11  0       591768       818696       172132     58622836    0    0     0   296 7477 12332   3   0  97   0   0 2026-09-15 08:03:02
 1  0       591768       817224       172132     58622856    0    0     0     0 7321 12370   3   0  97   0   0 2026-09-15 08:03:03
 1  0       591768       819060       172132     58622864    0    0     0     0 7329 12395   3   0  96   0   0 2026-09-15 08:03:04
 1  0       591768       820832       172132     58622952    0    0    72     0 7401 12248   3   0  97   0   0 2026-09-15 08:03:05
 1  0       591768       823168       172604     58623160    0    0   648   148 7956 12818   3   1  96   0   0 2026-09-15 08:03:06
 4  0       591768       824688       172604     58623176    0    0     0   476 7558 12391   3   0  97   0   0 2026-09-15 08:03:07
 1  0       591768       825948       172604     58623196    0    0     0     0 7538 12235   3   0  97   0   0 2026-09-15 08:03:08
 1  0       591768       825488       172604     58623200    0    0     0     0 7578 12282   3   0  97   0   0 2026-09-15 08:03:09
 1  0       591768       825504       172604     58623220    0    0     0     0 7472 12419   3   0  97   0   0 2026-09-15 08:03:10
 1  0       591768       824536       172612     58623232    0    0     0   212 7623 12494   3   0  97   0   0 2026-09-15 08:03:11
 1  0       591768       822532       172612     58623248    0    0     0   220 7129 12254   3   0  97   0   0 2026-09-15 08:03:12
 1  0       591768       823044       172612     58623260    0    0     0     0 7208 12282   3   0  97   0   0 2026-09-15 08:03:13
 1  0       591768       823080       172612     58623280    0    0     0     0 7128 12284   3   0  97   0   0 2026-09-15 08:03:14
 1  0       591768       824356       172612     58623292    0    0     0     0 7468 12440   3   0  97   0   0 2026-09-15 08:03:15
 1  0       591768       824624       172620     58623304    0    0     0   120 7326 12487   3   0  96   0   0 2026-09-15 08:03:16
 1  0       591768       824124       172620     58623320    0    0 1714176     0 9820 15467   2   1  91   6   0 2026-09-15 08:03:17
 2  0       591768       823876       172620     58623444    0    0 1714284   312 9993 15593   2   1  91   6   0 2026-09-15 08:03:18
 2  0       591768       823884       172620     58623456    0    0 1714176     0 10091 15442   2   1  92   6   0 2026-09-15 08:03:19
 0  1       591768       823388       172620     58623480    0    0 1713664     0 10002 15469   2   1  91   7   0 2026-09-15 08:03:20
 0  5       591768       822168       172628     58623492    0    0 1415680   148 9459 14975   2   1  90   7   0 2026-09-15 08:03:21
procs -----------------------memory---------------------- ---swap-- -----io---- -system-- --------cpu-------- -----timestamp-----
 r  b         swpd         free         buff        cache   si   so    bi    bo   in   cs  us  sy  id  wa  st                 KST
 2  4       591768       822428       172628     58623512    0    0 1374720     0 9375 14742   2   1  91   6   0 2026-09-15 08:03:22
 0  6       591768       823712       172628     58623520    0    0 1399296   296 9462 15035   2   1  92   5   0 2026-09-15 08:03:23
 0  5       591768       824144       172628     58623540    0    0 1394688     0 132195 14860   2   1  91   6   0 2026-09-15 08:03:24
 1  6       591768       824920       172628     58623552    0    0 1505368     0 9567 15203   2   1  92   5   0 2026-09-15 08:03:25
 1  7       591768       824960       172636     58623660    0    0 1554432   152 9724 15664   2   1  92   5   0 2026-09-15 08:03:26
 1  0       591768       824468       172636     58623668    0    0 1641472     0 9953 15505   2   1  91   7   0 2026-09-15 08:03:27
 1  0       591768       824000       172636     58623688    0    0 1714176   336 10074 15471   2   1  91   7   0 2026-09-15 08:03:28
 1  0       591768       823012       172636     58623704    0    0 1714176     0 9840 15383   2   1  91   6   0 2026-09-15 08:03:29
 1  0       591768       823280       172636     58623712    0    0 1714176     0 9908 15454   2   1  90   7   0 2026-09-15 08:03:30
 1  0       591768       822280       172644     58623732    0    0 1714176   144 9782 15606   2   1  92   6   0 2026-09-15 08:03:31
 1  0       591768       822040       172644     58623816    0    0 1714248     0 9770 15541   2   1  92   5   0 2026-09-15 08:03:32
 2  0       591768       820792       172644     58623832    0    0 1714176   320 9937 15573   2   1  92   6   0 2026-09-15 08:03:33
 0  4       591768       820048       172644     58623844    0    0 1613848     0 9521 15197   2   1  91   6   0 2026-09-15 08:03:34
 2  3       591768       820576       172644     58623888    0    0 1401856     0 9475 15121   2   1  92   5   0 2026-09-15 08:03:35
 0  5       591768       820840       172652     58623900    0    0 1442304   136 9730 14935   2   1  92   5   0 2026-09-15 08:03:36
 1  6       591768       819096       172652     58623908    0    0 1503744     0 9906 15131   2   1  93   4   0 2026-09-15 08:03:37
 1  5       591768       818348       172652     58623924    0    0 1521664   288 9561 15103   2   1  93   5   0 2026-09-15 08:03:38
 3  6       591768       819868       172652     58623940    0    0 1386496     0 9644 14887   2   1  92   5   0 2026-09-15 08:03:39
 1  8       591768       821644       172652     58623952    0    0 1525760     0 9323 15155   2   1  92   5   0 2026-09-15 08:03:40
 1  0       591768       822412       172660     58623972    0    0 1603584   140 9783 15365   2   1  91   6   0 2026-09-15 08:03:41
 1  0       591768       822672       172660     58624052    0    0 1714236     0 9945 15450   2   1  91   7   0 2026-09-15 08:03:42
procs -----------------------memory---------------------- ---swap-- -----io---- -system-- --------cpu-------- -----timestamp-----
 r  b         swpd         free         buff        cache   si   so    bi    bo   in   cs  us  sy  id  wa  st                 KST
 1  0       591768       823440       172660     58624068    0    0 1714176   288 10055 15544   2   1  92   6   0 2026-09-15 08:03:43
 1  0       591768       824960       172660     58624080    0    0 1714176     0 9856 15494   2   1  91   7   0 2026-09-15 08:03:44
 2  0       591768       824228       172660     58624100    0    0 1714176     0 10148 15530   2   1  91   7   0 2026-09-15 08:03:45
 1  0       591768       829776       172668     58624108    0    0 1714176   160 10079 15767   2   1  92   6   0 2026-09-15 08:03:46
 0  1       591768       830068       172668     58624128    0    0 1673728     0 10130 15772   2   1  90   7   0 2026-09-15 08:03:47
 2  4       591768       828852       172668     58624136    0    0 1460736     0 9467 14851   2   1  91   6   0 2026-09-15 08:03:48
 1  4       591768       827868       172668     58624152    0    0 1366528   312 9286 14803   2   1  92   5   0 2026-09-15 08:03:49
 1  5       591768       826104       172668     58624180    0    0 1459720     0 9415 14892   2   1  93   4   0 2026-09-15 08:03:50
 1  5       591768       825124       172676     58624192    0    0 1434624   152 9422 15025   2   1  92   5   0 2026-09-15 08:03:51
 1  6       591768       825664       172676     58624328    0    0 1422464     0 9445 14873   2   1  93   4   0 2026-09-15 08:03:52
 0  8       591768       826432       172676     58624348    0    0 1541120     0 9391 15191   2   1  92   5   0 2026-09-15 08:03:53
 2  0       591768       823948       172676     58624364    0    0 1640448   356 9835 15506   2   1  92   5   0 2026-09-15 08:03:54
 1  0       591768       824456       172676     58624372    0    0 1714176     0 9890 15511   2   1  91   6   0 2026-09-15 08:03:55
 1  0       591768       823500       172684     58624392    0    0 1714176   136 10113 15596   2   1  91   6   0 2026-09-15 08:03:56
 1  0       591768       821632       172684     58624404    0    0 1714176     0 46885 15568   2   1  91   6   0 2026-09-15 08:03:57
 1  0       591768       821136       172684     58624420    0    0 1714176     0 9651 15448   2   1  91   6   0 2026-09-15 08:03:58
 2  0       591768       821396       172684     58624432    0    0 1714176   148 9943 15581   2   1  91   7   0 2026-09-15 08:03:59
 1  0       591768       820144       172684     58624448    0    0 1714176     0 9912 15571   2   1  92   6   0 2026-09-15 08:04:00
 1  3       591768       819172       172692     58624464    0    0 1579008   124 9855 15215   2   1  91   6   0 2026-09-15 08:04:01
 2  0       591768       820180       172692     58624524    0    0 135212     0 7668 12678   3   0  97   0   0 2026-09-15 08:04:02
 1  0       591768       820196       172692     58624536    0    0     0     0 7378 12343   3   0  97   0   0 2026-09-15 08:04:03
procs -----------------------memory---------------------- ---swap-- -----io---- -system-- --------cpu-------- -----timestamp-----
 r  b         swpd         free         buff        cache   si   so    bi    bo   in   cs  us  sy  id  wa  st                 KST
 1  0       591768       821972       172692     58624608    0    0    52   344 7185 12411   3   0  97   0   0 2026-09-15 08:04:04
 1  0       591768       821976       172692     58624616    0    0     0     0 7205 12257   3   0  97   0   0 2026-09-15 08:04:05
 1  0       591768       824528       172700     58624684    0    0    44   144 7569 12737   3   0  96   0   0 2026-09-15 08:04:06
 1  0       591768       823060       172700     58624700    0    0     0     0 7341 12410   3   0  97   0   0 2026-09-15 08:04:07
 2  5       591768       822860       172700     58624716    0    0 2317312     0 10771 16589   1   1  88   9   0 2026-09-15 08:04:08
 1  6       591768       822360       172700     58624728    0    0 3134464   304 11913 18027   1   1  88  10   0 2026-09-15 08:04:09
 0  8       591768       821360       172700     58624752    0    0 3194880     0 11704 18386   1   1  89   9   0 2026-09-15 08:04:10
 0  4       591768       819884       172708     58624884    0    0 3234936   164 12128 18436   1   1  88  10   0 2026-09-15 08:04:11
 1  5       591768       819160       172708     58625024    0    0 3276800     0 12030 18273   1   1  87  11   0 2026-09-15 08:04:12
 0  5       591768       817948       172708     58625040    0    0 3213312     0 11976 18098   1   1  86  12   0 2026-09-15 08:04:13
 1  4       591768       817516       172708     58625056    0    0 3186176   324 11799 18252   1   1  87  11   0 2026-09-15 08:04:14
 2  5       591768       818064       172708     58625184    0    0 3098224     0 11731 18287   1   1  87  11   0 2026-09-15 08:04:15
 1  5       591768       817320       172716     58625192    0    0 3150848   160 11918 18209   1   1  88  10   0 2026-09-15 08:04:16
 0  7       591768       818372       172716     58625208    0    0 3237888     0 11955 18108   1   1  86  12   0 2026-09-15 08:04:17
 0  8       591768       818172       172716     58625236    0    0 3313664     0 12033 18779   1   1  89   9   0 2026-09-15 08:04:18
 0  1       591768       817232       172716     58625244    0    0 3302912   324 12242 18569   1   1  87  11   0 2026-09-15 08:04:19
 0  5       591768       819828       172716     58625384    0    0 3179128     0 12247 18302   1   1  87  11   0 2026-09-15 08:04:20
 0  5       591768       818636       172724     58625400    0    0 3133440   152 12142 18103   1   2  87  10   0 2026-09-15 08:04:21
 2  5       591768       817504       172724     58625408    0    0 3160064     0 11842 17983   1   1  87  11   0 2026-09-15 08:04:22
 1  5       591768       816288       172724     58625424    0    0 3233792     0 12004 18285   1   1  87  11   0 2026-09-15 08:04:23
 1  5       591768       817056       172724     58625436    0    0 3283968   356 12003 18358   1   1  88  10   0 2026-09-15 08:04:24
procs -----------------------memory---------------------- ---swap-- -----io---- -system-- --------cpu-------- -----timestamp-----
 r  b         swpd         free         buff        cache   si   so    bi    bo   in   cs  us  sy  id  wa  st                 KST
 1  6       591768       816108       172724     58625460    0    0 3198976     0 11758 18135   1   1  88  10   0 2026-09-15 08:04:25
 1  8       591768       814392       172732     58625472    0    0 3321856   140 12507 18856   1   2  86  11   0 2026-09-15 08:04:26
 1  0       591768       814476       172732     58625492    0    0 3252224     0 12026 18577   1   1  88  10   0 2026-09-15 08:04:27
 2  1       591768       815532       172732     58625568    0    0 3343944     0 12142 18578   1   1  87  11   0 2026-09-15 08:04:28
 2  4       591768       815576       172732     58625596    0    0 3182080   348 17320 18091   1   1  86  12   0 2026-09-15 08:04:29
 1  0       591768       815432       172732     58625604    0    0 2044928     0 52576 16113   2   2  90   6   0 2026-09-15 08:04:30
 1  0       591768       813992       172740     58625620    0    0     0   168 7385 12430   3   0  97   0   0 2026-09-15 08:04:31
 1  0       591768       816080       172740     58625636    0    0     0     0 7405 12290   3   0  97   0   0 2026-09-15 08:04:32
 1  0       591768       816148       172740     58625780    0    0   128     0 7450 12338   3   0  97   0   0 2026-09-15 08:04:33
 1  0       591768       814420       172740     58625792    0    0     0     0 7439 12308   3   0  97   0   0 2026-09-15 08:04:34
 1  0       591768       813700       172740     58625808    0    0     0   368 7304 12401   3   0  97   0   0 2026-09-15 08:04:35
 1  0       591768       812224       172748     58625820    0    0     0   136 7606 12377   3   0  97   0   0 2026-09-15 08:04:36
 2  0       591768       811732       172748     58625832    0    0     0     0 7298 12355   3   0  97   0   0 2026-09-15 08:04:37
 2  0       591768       810484       172748     58625844    0    0     0     0 7231 12359   3   0  97   0   0 2026-09-15 08:04:38
 1  0       591768       811536       172748     58625868    0    0     0     0 7309 12393   3   0  97   0   0 2026-09-15 08:04:39
 1  0       591768       811852       172748     58625876    0    0     0   152 7237 12310   3   0  97   0   0 2026-09-15 08:04:40
 1  0       591768       811636       172756     58625972    0    0    80   124 7370 12331   3   0  97   0   0 2026-09-15 08:04:41
 1  0       591768       810700       172756     58625988    0    0     0     0 7369 12379   3   0  97   0   0 2026-09-15 08:04:42
 1  0       591768       811036       172756     58626080    0    0    72     0 7412 12425   3   0  97   0   0 2026-09-15 08:04:43
 1  0       591768       811328       172756     58626088    0    0     0     0 7412 12383   3   0  97   0   0 2026-09-15 08:04:44
 1  0       591768       811396       172756     58626108    0    0     0   348 7347 12466   3   0  97   0   0 2026-09-15 08:04:45
procs -----------------------memory---------------------- ---swap-- -----io---- -system-- --------cpu-------- -----timestamp-----
 r  b         swpd         free         buff        cache   si   so    bi    bo   in   cs  us  sy  id  wa  st                 KST
 2  0       591768       811216       172764     58626124    0    0     0   140 7357 12692   3   0  97   0   0 2026-09-15 08:04:46
 1  0       591768       810476       172764     58626132    0    0     0     0 7397 12617   3   0  96   0   0 2026-09-15 08:04:47
 2  0       591768       810012       172764     58626368    0    0   216     0 7222 12390   3   0  97   0   0 2026-09-15 08:04:48
 1  0       591768       810528       172764     58626372    0    0     0     0 7327 12458   3   0  96   0   0 2026-09-15 08:04:49
 2  0       591768       810312       172764     58626392    0    0     0   288 7353 12289   3   0  97   0   0 2026-09-15 08:04:50
 1  0       591768       808560       172772     58626404    0    0     0   140 7444 12452   3   0  97   0   0 2026-09-15 08:04:51
 1  0       591768       809080       172772     58626420    0    0    40     0 7306 12320   3   0  97   0   0 2026-09-15 08:04:52
 1  0       591768       809900       172772     58626484    0    0     0     0 7403 12328   3   0  97   0   0 2026-09-15 08:04:53
 1  0       591768       808644       172772     58626496    0    0     0     0 7444 12387   3   0  97   0   0 2026-09-15 08:04:54
 1  0       591768       808424       172772     58626508    0    0     0   304 7266 12393   3   0  97   0   0 2026-09-15 08:04:55
 1  0       591768       808464       172780     58626524    0    0     0   148 7154 12394   3   0  97   0   0 2026-09-15 08:04:56
 1  0       591768       807752       172780     58626540    0    0     0     0 7448 12582   3   0  96   0   0 2026-09-15 08:04:57
 1  0       591768       808048       172780     58626612    0    0    64     0 7280 12339   3   0  97   0   0 2026-09-15 08:04:58
 1  0       591768       807064       172780     58626632    0    0     0     0 7373 12558   3   1  96   0   0 2026-09-15 08:04:59
 2  0       591768       807084       172780     58626796    0    0   152   344 7363 12272   3   0  97   0   0 2026-09-15 08:05:00
 2  0       591768       808096       172788     58626852    0    0    44   144 7311 12419   3   0  97   0   0 2026-09-15 08:05:01
 1  0       591768       807856       172788     58626868    0    0     0     0 128292 12474   3   1  96   0   0 2026-09-15 08:05:02
 1  0       591768       809656       172788     58626884    0    0     0     0 7567 12365   3   0  97   0   0 2026-09-15 08:05:03
 1  0       591768       809664       172788     58626900    0    0     0     0 7497 12284   3   0  97   0   0 2026-09-15 08:05:04
 1  0       591768       809420       172788     58626912    0    0     0     0 7452 12287   3   0  97   0   0 2026-09-15 08:05:05
 1  0       591768       811732       172796     58626980    4    0    56   680 7780 12795   3   0  97   0   0 2026-09-15 08:05:06
procs -----------------------memory---------------------- ---swap-- -----io---- -system-- --------cpu-------- -----timestamp-----
 r  b         swpd         free         buff        cache   si   so    bi    bo   in   cs  us  sy  id  wa  st                 KST
 1  0       591768       810996       172796     58626996    0    0     0     0 7499 12446   3   0  97   0   0 2026-09-15 08:05:07
 0  8       591768       811508       172796     58627012    0    0 165888     0 7507 12383   3   0  95   1   0 2026-09-15 08:05:08
 1  0       591768       812532       172796     58627080    0    0 1548332     0 9576 15542   2   1  93   4   0 2026-09-15 08:05:09
 2  0       591768       812320       172796     58627084    0    0 1714176     0 9828 15628   2   1  93   5   0 2026-09-15 08:05:10
 1  5       591768       810312       172804     58627144    0    0 777252   516 8635 13687   2   1  93   4   0 2026-09-15 08:05:11
 2  0       591768       810824       172804     58627156    0    0 936960     0 8607 14146   2   0  95   2   0 2026-09-15 08:05:12
 1  0       591768       810836       172804     58627172    0    0 1714176     0 9727 15313   2   1  91   7   0 2026-09-15 08:05:13
 1  4       591768       810384       172804     58627240    0    0 1275956     0 9236 14569   2   1  92   5   0 2026-09-15 08:05:14
 1  0       591768       809424       172804     58627260    0    0 438272     0 8174 13295   3   0  96   1   0 2026-09-15 08:05:15
 1  0       591768       807920       172812     58627268    0    0 1714176   432 9881 15477   2   1  91   6   0 2026-09-15 08:05:16
 1  0       591768       805912       172812     58627288    0    0 1714176     0 9888 15463   2   1  91   6   0 2026-09-15 08:05:17
 1  5       591768       806960       172812     58627292    0    0 444416     0 8183 12983   3   0  94   2   0 2026-09-15 08:05:18
 1  0       591768       807760       172812     58627312    0    0 1269760     0 9128 15039   2   1  94   3   0 2026-09-15 08:05:19
 1  0       591768       809096       172812     58627324    0    0 1714176     0 9818 15477   2   1  93   4   0 2026-09-15 08:05:20
 3  4       591768       811400       172820     58627344    0    0 1179648   504 9154 14346   2   1  93   5   0 2026-09-15 08:05:21
 1  0       591768       812212       172820     58627356    0    0 534528     0 7965 13327   3   0  96   1   0 2026-09-15 08:05:22
 1  0       591768       811028       172820     58627420    0    0 1714220     0 9757 15560   2   1  91   6   0 2026-09-15 08:05:23
 1  0       591768       811824       172820     58627432    0    0 1714176     0 9979 15596   2   1  91   6   0 2026-09-15 08:05:24
 0  6       591768       811412       172820     58627444    0    0 495616     0 8047 13031   3   1  94   3   0 2026-09-15 08:05:25
 1  0       591768       814996       172828     58627456    0    0 1218560   416 9294 15204   2   1  94   3   0 2026-09-15 08:05:26
 1  0       591768       815000       172828     58627480    0    0 1714176     0 9940 15553   2   1  91   6   0 2026-09-15 08:05:27
procs -----------------------memory---------------------- ---swap-- -----io---- -system-- --------cpu-------- -----timestamp-----
 r  b         swpd         free         buff        cache   si   so    bi    bo   in   cs  us  sy  id  wa  st                 KST
 1  4       591768       812788       172828     58627492    0    0 1072640     0 9022 14303   2   1  92   5   0 2026-09-15 08:05:28
 1  0       591768       812092       172828     58627504    0    0 641536     0 8088 13630   2   1  95   2   0 2026-09-15 08:05:29
 1  0       591768       813864       172828     58627516    0    0 1714176     0 10135 15513   2   1  91   6   0 2026-09-15 08:05:30
 2  0       591768       814656       172836     58627656    0    0 1714300   532 10305 15719   2   1  93   5   0 2026-09-15 08:05:31
 1  5       591768       812688       172836     58627668    0    0 420864     0 7931 12834   3   0  94   3   0 2026-09-15 08:05:32
 1  0       591768       813004       172836     58627684    0    0 1293312     0 8853 14918   2   1  93   4   0 2026-09-15 08:05:33
 1  0       591768       811024       172836     58627708    0    0 1714176     0 9822 15475   2   1  91   7   0 2026-09-15 08:05:34
 1  4       591768       809608       172836     58627712    0    0 1124352     0 115434 14339   2   1  92   4   0 2026-09-15 08:05:35
 1  1       591768       811392       172844     58627728    0    0 589824   232 8119 13531   2   0  96   1   0 2026-09-15 08:05:36
 1  0       591768       810700       172844     58627748    0    0 1714176    48 9768 15489   2   1  91   6   0 2026-09-15 08:05:37
 2  0       591768       809760       172844     58627760    0    0 1714176     0 10001 15603   2   1  92   6   0 2026-09-15 08:05:38
 0  6       591768       810084       172844     58627780    0    0 449536     0 7915 12922   3   0  94   3   0 2026-09-15 08:05:39
 1  0       591768       810096       172852     58627792    0    0 1264640   132 9090 14922   2   1  94   3   0 2026-09-15 08:05:40
 2  0       591768       811424       172852     58627812    0    0 1714176     0 9974 15452   2   1  92   5   0 2026-09-15 08:05:41
 0  5       591768       812536       172860     58628016    0    0 1062592   388 9141 14185   2   1  92   5   0 2026-09-15 08:05:42
 1  0       591768       814112       172860     58628056    0    0 651808     0 8119 13690   2   0  95   2   0 2026-09-15 08:05:43
 1  0       591768       815168       172860     58628072    0    0 1714176     0 9819 15466   2   1  93   4   0 2026-09-15 08:05:44
 1  0       591768       817256       172860     58628092    0    0 1714176     0 9914 15470   2   1  91   7   0 2026-09-15 08:05:45
 1  5       591768       816768       172860     58628104    0    0 405504     0 8099 13149   3   0  94   2   0 2026-09-15 08:05:46
 1  0       591768       816556       172868     58628120    0    0 1308672   456 9352 15149   2   1  94   3   0 2026-09-15 08:05:47
 2  0       591768       813660       172868     58628140    0    0 1714176     0 10124 15704   2   1  92   5   0 2026-09-15 08:05:48
procs -----------------------memory---------------------- ---swap-- -----io---- -system-- --------cpu-------- -----timestamp-----
 r  b         swpd         free         buff        cache   si   so    bi    bo   in   cs  us  sy  id  wa  st                 KST
 1  4       591768       813196       172868     58628148    0    0 984576     0 8854 14045   2   1  92   5   0 2026-09-15 08:05:49
 1  0       591768       812228       172868     58628172    0    0 729600     0 8470 13924   3   1  96   1   0 2026-09-15 08:05:50
 1  0       591768       810500       172868     58628184    0    0 1714176     0 9835 15501   2   1  91   6   0 2026-09-15 08:05:51
 0  1       591768       810256       172876     58628200    0    0 1634816   468 9603 15286   2   1  93   4   0 2026-09-15 08:05:52
 0  7       591768       810808       172876     58628292    0    0 348756     0 7923 12770   3   0  95   2   0 2026-09-15 08:05:53
 2  0       591768       811636       172876     58628312    0    0 1444864     0 9216 15136   2   1  93   4   0 2026-09-15 08:05:54
 2  0       591768       811204       172876     58628324    0    0 1714176     0 9920 15555   2   1  91   6   0 2026-09-15 08:05:55
 3  5       591768       809480       172876     58628340    0    0 884736     0 8457 13722   2   1  93   4   0 2026-09-15 08:05:56
 1  0       591768       810528       172884     58628428    0    0 829508   496 8422 14056   2   1  95   2   0 2026-09-15 08:05:57
 1  0       591768       812176       172884     58628444    0    0 1714176     0 9878 15497   2   1  92   6   0 2026-09-15 08:05:58
 2  4       591768       812732       172884     58628460    0    0 1429504     0 9482 15025   2   1  92   6   0 2026-09-15 08:05:59
 0  8       591768       812800       172884     58628472    0    0 358400     0 7828 13019   3   1  96   1   0 2026-09-15 08:06:00
 1  0       591768       812840       172884     58628496    0    0 1640448     0 9682 15392   2   1  93   4   0 2026-09-15 08:06:01
 1  0       591768       813440       172892     58628508    0    0 1714176   156 9811 15460   2   1  91   6   0 2026-09-15 08:06:02
 2  5       591768       813012       172892     58628520    0    0 681984   184 8335 13399   2   1  93   3   0 2026-09-15 08:06:03
 1  0       591768       812828       172892     58628536    0    0 1032192     0 8682 14391   2   1  95   3   0 2026-09-15 08:06:04
 1  0       591768       813176       172892     58628556    0    0 1714176     0 9990 15375   2   1  91   7   0 2026-09-15 08:06:05
 1  4       591768       813232       172892     58628692    0    0 1342588     0 9593 15061   2   1  91   6   0 2026-09-15 08:06:06
 5  0       591768       812224       172900     58628708    0    0 371712   156 8966 13142  12   0  86   1   0 2026-09-15 08:06:07
 2  0       591768       809864       176688     58630164    0    0  1008 1393004 218670 16558   4   2  88   7   0 2026-09-15 08:06:08
 1  0       591768       807360       176688     58630180    0    0     0     0 7351 12470   3   0  97   0   0 2026-09-15 08:06:09
procs -----------------------memory---------------------- ---swap-- -----io---- -system-- --------cpu-------- -----timestamp-----
 r  b         swpd         free         buff        cache   si   so    bi    bo   in   cs  us  sy  id  wa  st                 KST
 1  0       591768       809384       176688     58630196    0    0     0     0 7309 12360   3   1  96   0   0 2026-09-15 08:06:10
 1  0       591768       809424       176688     58630208    0    0     0     0 7522 12705   3   0  97   0   0 2026-09-15 08:06:11
 1  0       591768       809432       176712     58630228    0    0     0  4304 7112 12340   3   0  97   0   0 2026-09-15 08:06:12
 1  5       591768       807196       176712     58630240    0    0 823296  4272 8444 13817   2   0  93   4   0 2026-09-15 08:06:13
 1  5       591768       805220       176712     58630252    0    0 3028992     0 11635 17865   1   1  87  11   0 2026-09-15 08:06:14
 0  8       591768       806792       176712     58630268    0    0 3172352     0 11845 18262   1   1  87  11   0 2026-09-15 08:06:15
 2  2       591768       805844       176712     58630276    0    0 3170304     0 11649 18269   1   1  88  10   0 2026-09-15 08:06:16
 0  5       591768       805412       176720     58630296    0    0 3223552   136 11862 18221   1   1  88  10   0 2026-09-15 08:06:17
 0  5       591768       804160       176720     58630308    0    0 3187712   436 11824 18214   1   1  88  10   0 2026-09-15 08:06:18
 0  5       591768       803532       176720     58630332    0    0 3267072     0 12237 18468   1   1  87  11   0 2026-09-15 08:06:19
 1  5       591768       806620       176720     58630340    0    0 3232256     0 12215 18380   1   1  87  11   0 2026-09-15 08:06:20
 1  5       591768       808208       176720     58630356    0    0 3253248     0 12144 18350   1   2  87  10   0 2026-09-15 08:06:21
 1  5       591768       808792       176728     58630372    0    0 3176448   140 12071 18147   1   1  87  11   0 2026-09-15 08:06:22
 1  6       591768       810624       176728     58630380    0    0 3218432   344 12035 18337   1   1  88  10   0 2026-09-15 08:06:23
 1  7       591768       810384       176728     58630396    0    0 3318784     0 12208 18664   1   2  88  10   0 2026-09-15 08:06:24
 0  1       591768       809928       176728     58630412    0    0 3276288     0 11903 18441   1   1  87  11   0 2026-09-15 08:06:25
 2  4       591768       810240       176728     58630460    0    0 3135004     0 12050 18614   1   1  87  12   0 2026-09-15 08:06:26
 2  3       591768       807800       176736     58630472    0    0 3225600   124 11973 18209   1   1  89  10   0 2026-09-15 08:06:27
 1  5       591768       807344       176736     58630488    0    0 3227136   140 11984 18269   1   1  88  10   0 2026-09-15 08:06:28
 0  6       591768       806624       176736     58630500    0    0 3201536     0 11980 18258   1   1  87  11   0 2026-09-15 08:06:29
 1  5       591768       805940       176736     58630512    0    0 3278848     0 11942 18293   1   1  88  10   0 2026-09-15 08:06:30
procs -----------------------memory---------------------- ---swap-- -----io---- -system-- --------cpu-------- -----timestamp-----
 r  b         swpd         free         buff        cache   si   so    bi    bo   in   cs  us  sy  id  wa  st                 KST
 1  6       591768       805512       176736     58630524    0    0 3213312     0 12079 18406   1   1  88  10   0 2026-09-15 08:06:31
 0  8       591768       805596       176744     58630540    0    0 3248128   152 11674 18222   1   1  88  10   0 2026-09-15 08:06:32
 0  1       591768       805148       176744     58630564    0    0 3242500     0 12014 18383   1   1  88  10   0 2026-09-15 08:06:33
 1  4       591768       809216       176744     58630588    0    0 3238400   356 12103 18217   1   1  86  12   0 2026-09-15 08:06:34
 1  4       591768       810012       176744     58630596    0    0 3247104     0 12048 18274   1   1  87  11   0 2026-09-15 08:06:35
 1  0       591768       809292       176744     58630612    0    0 389120     0 7671 13145   3   0  96   1   0 2026-09-15 08:06:36
 1  0       591768       811852       176752     58630620    0    0     0   148 7234 12313   3   0  97   0   0 2026-09-15 08:06:37
 1  0       591768       812112       176752     58630636    0    0     0     0 7351 12236   3   0  97   0   0 2026-09-15 08:06:38
 1  0       591768       811892       176752     58630648    0    0     0   288 7281 12421   3   0  97   0   0 2026-09-15 08:06:39
 2  0       591768       811992       176752     58630668    0    0     0     0 14769 12447   3   0  96   0   0 2026-09-15 08:06:40
 0  6       591768       811684       176752     58630680    0    0 518144     0 120956 13122   3   1  93   3   0 2026-09-15 08:06:41
 2  6       591768       813488       176760     58630700    0    0 3089408   124 11807 17894   1   1  87  11   0 2026-09-15 08:06:42
 1  0       591768       812232       176760     58630712    0    0 3220992     0 11765 18479   1   1  87  11   0 2026-09-15 08:06:43
 0  5       591768       809752       176760     58630724    0    0 3130880   140 11806 18004   1   1  88  10   0 2026-09-15 08:06:44
 0  5       591768       810024       176760     58630736    0    0 3222528     0 11890 18115   1   1  86  12   0 2026-09-15 08:06:45
 0  6       591768       809036       176760     58630756    0    0 3119104     0 11993 18407   1   1  85  12   0 2026-09-15 08:06:46
 1  5       591768       808548       176768     58630772    0    0 3229696   116 12271 18317   1   1  87  11   0 2026-09-15 08:06:47
 0  6       591768       808048       176768     58630788    0    0 3200000     0 12172 18158   1   1  89   9   0 2026-09-15 08:06:48
 2  7       591768       808804       176768     58630808    0    0 3158016   128 11930 18101   1   1  87  11   0 2026-09-15 08:06:49
 0  1       591768       808572       176768     58630816    0    0 3235328     0 12164 18767   1   1  88  10   0 2026-09-15 08:06:50
 2  3       591768       808824       176768     58630832    0    0 3245568     0 11837 18164   1   1  87  11   0 2026-09-15 08:06:51
procs -----------------------memory---------------------- ---swap-- -----io---- -system-- --------cpu-------- -----timestamp-----
 r  b         swpd         free         buff        cache   si   so    bi    bo   in   cs  us  sy  id  wa  st                 KST
 1  4       591768       809096       176776     58630848    0    0 3183616   132 11831 18200   1   1  86  11   0 2026-09-15 08:06:52
 1  4       591768       808936       176776     58630860    0    0 3168768     0 11704 18113   1   1  87  11   0 2026-09-15 08:06:53
 0  6       591768       807744       176776     58630868    0    0 3199488     0 12056 18251   1   1  86  12   0 2026-09-15 08:06:54
 1  6       591768       807000       176776     58630892    0    0 3162112   160 11708 18130   1   1  87  11   0 2026-09-15 08:06:55
 0  7       591768       807536       176776     58630904    0    0 3154944     0 11666 18051   1   1  88  10   0 2026-09-15 08:06:56
 0  8       591768       807068       176784     58630916    0    0 3260416   120 11879 18473   1   1  86  12   0 2026-09-15 08:06:57
 0  1       591768       805880       176784     58630928    0    0 3292672     0 12103 18515   1   1  87  11   0 2026-09-15 08:06:58
 1  3       591768       805184       176784     58630944    0    0 3283456     0 12477 18383   1   1  88  10   0 2026-09-15 08:06:59
 1  5       591768       808772       176784     58630964    0    0 3273728   116 12382 18324   1   2  88  10   0 2026-09-15 08:07:00
 0  5       591768       808568       176784     58630984    0    0 3176448     0 12092 18223   1   1  86  12   0 2026-09-15 08:07:01
 0  5       591768       807440       176792     58630996    0    0 3279360   120 12082 18378   1   1  86  12   0 2026-09-15 08:07:02
 0  6       591768       807768       176792     58631016    0    0 3270144     0 11974 18269   1   1  88  10   0 2026-09-15 08:07:03
 1  0       591768       806832       176792     58631028    0    0 920576     0 8787 14214   2   1  95   2   0 2026-09-15 08:07:04
 1  0       591768       807096       176792     58631040    0    0     0   144 7297 12279   3   0  97   0   0 2026-09-15 08:07:05
 2  0       591768       809160       176792     58631052    0    0     0     0 7315 12568   3   0  97   0   0 2026-09-15 08:07:06
 1  0       591768       808672       176800     58631072    0    0     0   144 7244 12383   3   0  97   0   0 2026-09-15 08:07:07
 1  0       591768       807924       176800     58631088    0    0     0     0 7150 12337   3   0  97   0   0 2026-09-15 08:07:08
 0  8       591768       805700       176800     58631100    0    0 74752     0 7099 12255   3   0  96   1   0 2026-09-15 08:07:09
 2  2       591768       805456       176800     58631120    0    0 3253248   152 12204 18409   1   2  87  11   0 2026-09-15 08:07:10
 0  5       591768       805468       176800     58631132    0    0 3137536     0 12130 18116   1   1  87  11   0 2026-09-15 08:07:11
 0  5       591768       805028       176808     58631148    0    0 3057152   120 11851 17980   1   2  87  11   0 2026-09-15 08:07:12
procs -----------------------memory---------------------- ---swap-- -----io---- -system-- --------cpu-------- -----timestamp-----
 r  b         swpd         free         buff        cache   si   so    bi    bo   in   cs  us  sy  id  wa  st                 KST
 2  5       591768       803984       176808     58631160    0    0 3160576     0 44956 17999   1   2  87  11   0 2026-09-15 08:07:13
 1  6       591768       801252       176808     58631180    0    0 3031040     0 11422 17751   1   1  85  13   0 2026-09-15 08:07:14
 1  7       591768       800032       176808     58631188    0    0 3289088   136 11893 18441   1   1  87  11   0 2026-09-15 08:07:15
 0  1       591768       798780       176808     58631204    0    0 3235328     0 12038 18438   1   1  90   8   0 2026-09-15 08:07:16
 1  3       591768       799796       176816     58631224    0    0 3253760   132 11859 18225   1   1  88  10   0 2026-09-15 08:07:17
 1  4       591768       799552       176816     58631236    0    0 3159040     0 11677 18068   1   1  88  10   0 2026-09-15 08:07:18
 2  4       591768       801356       176816     58631376    4    0 3165828     0 11818 18192   1   1  87  11   0 2026-09-15 08:07:19
 0  6       591768       800860       176816     58631388    0    0 3154432   136 11698 18144   1   1  86  12   0 2026-09-15 08:07:20
 1  5       591768       800936       176816     58631404    0    0 3121152     0 11813 18010   1   1  86  12   0 2026-09-15 08:07:21
 1  8       591768       802228       176824     58631420    0    0 3125248   120 11856 18333   1   1  89  10   0 2026-09-15 08:07:22
 1  0       591768       803504       176824     58631568    0    0 3303044     0 12250 18569   1   1  87  11   0 2026-09-15 08:07:23
 1  5       591768       803268       176824     58631580    0    0 3200512     0 11716 18054   1   1  89  10   0 2026-09-15 08:07:24
 1  4       591768       804308       176824     58631596    0    0 3248128     0 11917 18177   1   1  87  11   0 2026-09-15 08:07:25
 3  5       591768       806616       176824     58631612    0    0 3225088   340 12462 18566   1   1  86  12   0 2026-09-15 08:07:26
 5  6       591768       806440       176832     58631620    0    0 3197440   152 11967 18144   1   1  88  10   0 2026-09-15 08:07:27
 1  6       591768       805456       176832     58631636    0    0 3210240     0 12095 18124   1   1  87  11   0 2026-09-15 08:07:28
 0  7       591768       804512       176832     58631652    0    0 3037184     0 11748 17815   1   1  86  12   0 2026-09-15 08:07:29
 0  8       591768       803800       176832     58631668    0    0 3291136     0 12192 18594   1   1  87  11   0 2026-09-15 08:07:30
 1  0       591768       802692       176832     58631688    0    0 3302912   296 12277 18609   1   1  89   9   0 2026-09-15 08:07:31
 1  0       591768       803244       176840     58631708    0    0 1761792   140 10071 15556   2   1  92   5   0 2026-09-15 08:07:32
 1  0       591768       803272       176840     58631712    0    0     0     0 7311 12424   3   0  96   0   0 2026-09-15 08:07:33
procs -----------------------memory---------------------- ---swap-- -----io---- -system-- --------cpu-------- -----timestamp-----
 r  b         swpd         free         buff        cache   si   so    bi    bo   in   cs  us  sy  id  wa  st                 KST
 2  0       591768       801768       176840     58631736    0    0     0     0 7102 12347   3   0  97   0   0 2026-09-15 08:07:34
 2  0       591768       802312       176840     58631752    0    0     0     0 7008 12358   3   0  97   0   0 2026-09-15 08:07:35
 2  1       591768       800300       176844     58631760    0    0     0   516 7055 12344   3   0  97   0   0 2026-09-15 08:07:36
 1  0       591768       800844       176848     58631788    0    0     0     4 7241 12446   3   0  97   0   0 2026-09-15 08:07:37
 1  5       591768       801160       176848     58631804    0    0 2343936     0 10740 16473   1   1  88  10   0 2026-09-15 08:07:38
 1  6       591768       802492       176848     58631816    0    0 3075072     0 11674 17940   1   1  87  11   0 2026-09-15 08:07:39
 0  8       591768       801040       176848     58631828    0    0 3226624     0 11849 18355   1   1  88  10   0 2026-09-15 08:07:40
 1  3       591768       800880       176856     58631848    0    0 3140608   356 11868 18322   1   1  87  10   0 2026-09-15 08:07:41
 1  4       591768       800136       176856     58631856    0    0 3245056     0 11876 18304   1   1  87  11   0 2026-09-15 08:07:42
 1  4       591768       799712       176856     58631872    0    0 3257344     0 12359 18507   1   1  88  10   0 2026-09-15 08:07:43
 0  5       591768       799716       176856     58631896    0    0 3216896     0 12008 18264   1   1  88  10   0 2026-09-15 08:07:44
 1  5       591768       799780       176856     58631908    0    0 3243520     0 11819 18243   1   1  89   9   0 2026-09-15 08:07:45
 1  5       591768       800068       176864     58631916    0    0 3250176   312 82745 18616   1   2  88   9   0 2026-09-15 08:07:46
 0  7       591768       800388       176864     58631936    0    0 3226624     0 12082 18214   1   1  87  11   0 2026-09-15 08:07:47
 0  8       591768       801704       176864     58631940    0    0 3225600     0 12017 18258   1   1  86  11   0 2026-09-15 08:07:48
 1  0       591768       800492       176864     58631960    0    0 3260416     0 12037 18680   1   1  86  11   0 2026-09-15 08:07:49
 0  4       591768       802044       176864     58631980    0    0 3278848     0 11913 18137   1   1  88  10   0 2026-09-15 08:07:50
 0  5       591768       801548       176872     58631988    0    0 3286016    32 12044 18441   1   2  89   9   0 2026-09-15 08:07:51
 1  5       591768       802844       176872     58632000    0    0 3139584   216 11584 17897   1   1  85  13   0 2026-09-15 08:07:52
 1  4       591768       803164       176872     58632020    0    0 3204608     0 11925 18306   1   1  86  12   0 2026-09-15 08:07:53
 0  6       591768       802204       176872     58632028    0    0 3119616     0 11962 18042   1   1  86  12   0 2026-09-15 08:07:54
procs -----------------------memory---------------------- ---swap-- -----io---- -system-- --------cpu-------- -----timestamp-----
 r  b         swpd         free         buff        cache   si   so    bi    bo   in   cs  us  sy  id  wa  st                 KST
 0  6       591768       802756       176872     58632040    0    0 3271680     0 12109 18201   1   1  86  11   0 2026-09-15 08:07:55
 0  9       591768       802796       176876     58632056    0    0 3160064   120 11756 18082   1   1  88  11   0 2026-09-15 08:07:56
 1  0       591768       803152       176880     58632076    0    0 3219968   140 11884 18457   1   1  88  11   0 2026-09-15 08:07:57
 1  3       591768       802184       176880     58632096    0    0 3299840     0 12101 18312   1   1  88  10   0 2026-09-15 08:07:58
 0  5       591768       801476       176880     58632116    0    0 3303424     0 12071 18319   1   1  88  10   0 2026-09-15 08:07:59
 1  0       591768       802024       176880     58632132    0    0 1999872     0 10188 16012   2   1  92   6   0 2026-09-15 08:08:00
 1  0       591768       802568       176888     58632132    0    0     0   116 7271 12194   3   0  97   0   0 2026-09-15 08:08:01
 1  0       591768       800920       176888     58632156    0    0     0   140 7364 12416   3   0  97   0   0 2026-09-15 08:08:02
 3  0       591768       800416       176888     58632180    0    0     0     0 7204 12358   3   0  97   0   0 2026-09-15 08:08:03
 1  0       591768       801944       176888     58632184    0    0     0     0 7232 12287   3   0  97   0   0 2026-09-15 08:08:04
 1  0       591768       800980       176888     58632204    0    0     0     0 7270 12253   3   0  97   0   0 2026-09-15 08:08:05
 1  6       591768       803328       176896     58632220    0    0 2050048   144 10353 16197   1   1  88   9   0 2026-09-15 08:08:06
 0  8       591768       804592       176896     58632236    0    0 3248128   152 11940 18320   1   1  86  12   0 2026-09-15 08:08:07
 0  4       591768       803884       176896     58632244    0    0 3160064     0 12194 18293   1   1  88  10   0 2026-09-15 08:08:08
 1  5       591768       803948       176896     58632264    0    0 3020800     0 11770 17765   1   1  87  11   0 2026-09-15 08:08:09
 0  5       591768       802980       176896     58632276    0    0 3253760     0 12057 18322   1   1  89  10   0 2026-09-15 08:08:10
 1  5       591768       803240       176904     58632284    0    0 3240448   116 11845 18237   1   1  88  10   0 2026-09-15 08:08:11
 0  6       591768       801800       176904     58632300    0    0 3226624     0 12129 18194   1   1  86  12   0 2026-09-15 08:08:12
 1  6       591768       802320       176904     58632324    0    0 3121152   128 11702 18008   1   1  88  11   0 2026-09-15 08:08:13
 2  7       591768       801872       176904     58632336    0    0 3221504     0 11951 18391   1   1  88  10   0 2026-09-15 08:08:14
 1  0       591768       802420       176904     58632348    0    0 3252736     0 12050 18468   1   1  87  11   0 2026-09-15 08:08:15
procs -----------------------memory---------------------- ---swap-- -----io---- -system-- --------cpu-------- -----timestamp-----
 r  b         swpd         free         buff        cache   si   so    bi    bo   in   cs  us  sy  id  wa  st                 KST
 1  4       591768       804728       176912     58632360    0    0 3173888   124 11967 18092   1   1  87  11   0 2026-09-15 08:08:16
 0  5       591768       803812       176912     58632380    0    0 3250176     0 12157 18201   1   1  88  10   0 2026-09-15 08:08:17
 0  5       591768       805140       176912     58632388    4    0 3254788   140 12349 18407   1   1  86  12   0 2026-09-15 08:08:18
 1  5       591768       805968       176912     58632404    0    0 3212800     0 62742 18252   1   2  86  12   0 2026-09-15 08:08:19
 1  6       591768       805496       176912     58632420    0    0 3186688     0 11796 17958   1   1  87  11   0 2026-09-15 08:08:20
 1  5       591768       804804       176920     58632440    0    0 3252224   116 12061 18292   1   1  88  10   0 2026-09-15 08:08:21
 0  7       591768       803560       176920     58632452    0    0 3203072     0 12212 18221   1   1  88  10   0 2026-09-15 08:08:22
 1  0       591768       803604       176920     58632464    0    0 3238912   128 12083 18576   1   1  87  11   0 2026-09-15 08:08:23
 2  3       591768       804432       176920     58632484    0    0 3296256     0 12200 18455   1   1  86  12   0 2026-09-15 08:08:24
 0  5       591768       804476       176920     58632492    0    0 3125248     0 11829 17961   1   1  87  11   0 2026-09-15 08:08:25
 1  4       591768       804784       176928     58632504    0    0 3264512   136 11971 18571   1   1  88  10   0 2026-09-15 08:08:26
 1  5       591768       805344       176928     58632532    0    0 3227136     0 12114 18216   1   1  87  11   0 2026-09-15 08:08:27
 1  0       591768       806172       176928     58632544    0    0 2514432   148 10775 17252   1   1  90   7   0 2026-09-15 08:08:28
 1  0       591768       806720       176928     58632556    0    0     0     0 7153 12401   3   0  97   0   0 2026-09-15 08:08:29
 1  0       591768       807768       176928     58632564    0    0     0     0 7132 12389   3   0  97   0   0 2026-09-15 08:08:30
 1  0       591768       806796       176936     58632576    0    0     0   120 7008 12295   3   0  97   0   0 2026-09-15 08:08:31
 3  0       591768       805336       176936     58632592    0    0     0     0 7148 12446   3   0  96   0   0 2026-09-15 08:08:32
 1  0       591768       806140       176936     58632608    0    0     0   128 7047 12273   3   1  96   0   0 2026-09-15 08:08:33
 0  8       591768       805428       176936     58632624    0    0 1861632     0 9950 15729   2   1  92   5   0 2026-09-15 08:08:34
 0  1       591768       806704       176936     58632644    0    0 3228160     0 12141 18448   1   1  86  11   0 2026-09-15 08:08:35
 0  5       591768       808004       176944     58632652    0    0 3081728   124 11935 17943   1   1  86  13   0 2026-09-15 08:08:36
procs -----------------------memory---------------------- ---swap-- -----io---- -system-- --------cpu-------- -----timestamp-----
 r  b         swpd         free         buff        cache   si   so    bi    bo   in   cs  us  sy  id  wa  st                 KST
 1  4       591768       810056       176944     58632664    0    0 3123712     0 11649 17902   1   1  86  12   0 2026-09-15 08:08:37
 3  5       591768       810576       176944     58632684    0    0 3167744   132 11774 18075   1   1  86  12   0 2026-09-15 08:08:38
 1  5       591768       810592       176944     58632696    0    0 3159040     0 11947 17985   1   1  86  12   0 2026-09-15 08:08:39
 2  6       591768       811104       176944     58632712    0    0 3227648     0 11964 18115   1   1  87  11   0 2026-09-15 08:08:40
 0  8       591768       811648       176952     58632732    0    0 3312640   116 11853 18386   1   1  88  10   0 2026-09-15 08:08:41
 1  1       591768       811412       176952     58632748    0    0 3238400     0 12066 18449   1   1  88  10   0 2026-09-15 08:08:42
 0  4       591768       810244       176952     58632756    0    0 3242496     0 12052 18378   1   1  87  11   0 2026-09-15 08:08:43
 1  4       591768       809536       176952     58632772    0    0 3191808   132 11761 18137   1   1  87  12   0 2026-09-15 08:08:44
 1  4       591768       810340       176952     58632792    0    0 3225088     0 11936 18298   1   2  86  12   0 2026-09-15 08:08:45
 1  5       591768       810912       176960     58632796    0    0 3173888   124 11955 18396   1   1  87  11   0 2026-09-15 08:08:46
 1  5       591768       811940       176960     58632808    0    0 3254272     0 11951 18216   1   1  87  11   0 2026-09-15 08:08:47
 1  6       591768       811948       176960     58632840    0    0 3095552     0 11606 17938   1   1  88  10   0 2026-09-15 08:08:48
 1  8       591768       812204       176960     58632852    0    0 3291136   144 11661 18379   1   1  88  10   0 2026-09-15 08:08:49
 0  1       591768       810980       176960     58632856    0    0 3211776     0 12113 18413   1   1  88  10   0 2026-09-15 08:08:50
 2  3       591768       810240       176968     58632876    0    0 3283456   128 22558 18242   1   2  86  12   0 2026-09-15 08:08:51
 0  5       591768       808808       176968     58632888    0    0 3224576     0 41107 18151   1   2  86  11   0 2026-09-15 08:08:52
 0  5       591768       808340       176968     58632904    0    0 3244032     0 12002 18344   1   1  88  10   0 2026-09-15 08:08:53
 1  4       591768       807656       176968     58632916    0    0 3213824   132 12290 18270   1   1  86  12   0 2026-09-15 08:08:54
 0  6       591768       807700       176968     58632940    0    0 3199488     0 11946 18222   1   1  87  11   0 2026-09-15 08:08:55
 1  0       591768       807772       176976     58632952    0    0 2743296   124 11348 17556   1   1  90   8   0 2026-09-15 08:08:56
 1  0       591768       809036       176976     58632964    0    0     0     0 7207 12241   3   0  97   0   0 2026-09-15 08:08:57
procs -----------------------memory---------------------- ---swap-- -----io---- -system-- --------cpu-------- -----timestamp-----
 r  b         swpd         free         buff        cache   si   so    bi    bo   in   cs  us  sy  id  wa  st                 KST
 1  0       591768       809324       176976     58632980    0    0     0     0 7304 12468   3   0  97   0   0 2026-09-15 08:08:58
 1  0       591768       807824       176976     58633004    0    0     0   156 7269 12441   3   0  97   0   0 2026-09-15 08:08:59
 1  0       591768       806320       176976     58633016    0    0     0     0 7414 12328   3   0  96   0   0 2026-09-15 08:09:00
 1  0       591768       806836       176984     58633032    0    0     0   136 7315 12362   3   0  96   0   0 2026-09-15 08:09:01
11  0       591768       806852       176984     58633048    0    0     0     0 7257 12353   3   0  97   0   0 2026-09-15 08:09:02
 1  0       591768       806636       176984     58633064    4    0     4     0 7404 12509   3   1  96   0   0 2026-09-15 08:09:03
 1  0       591768       805416       176984     58633068    0    0     0   144 7253 12320   3   0  96   0   0 2026-09-15 08:09:04
 1  0       591768       806436       176984     58633088    0    0     0     0 7318 12430   3   0  96   0   0 2026-09-15 08:09:05
 1  0       591768       808996       176992     58633092    0    0     0   124 7459 12639   3   0  97   0   0 2026-09-15 08:09:06
 1  0       591768       808004       176992     58633116    0    0     0     0 7251 12299   3   0  97   0   0 2026-09-15 08:09:07
 1  0       591768       806260       176992     58633124    0    0     0     0 7475 12461   3   0  97   0   0 2026-09-15 08:09:08
 1  0       591768       807360       176992     58633152    0    0     0     0 7267 12287   3   0  97   0   0 2026-09-15 08:09:09
 1  0       591768       805100       176992     58633160    0    0     0   152 7354 12532   3   0  97   0   0 2026-09-15 08:09:10
 1  0       591768       803964       177000     58633176    0    0     0   128 7186 12298   3   0  97   0   0 2026-09-15 08:09:11
 1  0       591768       804736       177000     58633192    0    0     0     0 7062 12198   3   0  97   0   0 2026-09-15 08:09:12
 2  0       591768       805076       177000     58633200    0    0     0     0 7267 12336   3   0  97   0   0 2026-09-15 08:09:13
 1  0       591768       804640       177000     58633224    0    0     0     0 7559 12382   3   0  97   0   0 2026-09-15 08:09:14
 3  0       591768       804660       177000     58633224    0    0     0   132 7464 12393   3   0  96   0   0 2026-09-15 08:09:15
 1  0       591768       804928       177008     58633244    0    0     0   124 7379 12186   3   0  97   0   0 2026-09-15 08:09:16
 1  0       591768       805700       177008     58633264    0    0     0     0 7308 12379   3   0  97   0   0 2026-09-15 08:09:17
 2  0       591768       805204       177008     58633280    0    0     0     0 7463 12303   3   0  97   0   0 2026-09-15 08:09:18
procs -----------------------memory---------------------- ---swap-- -----io---- -system-- --------cpu-------- -----timestamp-----
 r  b         swpd         free         buff        cache   si   so    bi    bo   in   cs  us  sy  id  wa  st                 KST
 1  0       591768       805212       177008     58633292    0    0     0     0 7367 12225   3   0  97   0   0 2026-09-15 08:09:19
 1  0       591768       804972       177008     58633308    0    0     0   136 7481 12241   3   0  97   0   0 2026-09-15 08:09:20
 2  0       591768       804988       177016     58633324    0    0     0   128 7552 12233   3   0  97   0   0 2026-09-15 08:09:21
 1  0       591768       805248       177016     58633328    0    0     0     0 7596 12329   3   0  97   0   0 2026-09-15 08:09:22
 1  0       591768       807016       177016     58633360    0    0     0     0 7600 12281   3   0  97   0   0 2026-09-15 08:09:23
 1  0       591768       809040       177016     58633376    0    0     0     0 125389 12332   3   1  96   0   0 2026-09-15 08:09:24
 1  1       591768       809264       177016     58633380    0    0     0   108 7629 12263   3   0  97   0   0 2026-09-15 08:09:25
 1  0       591768       808780       177024     58633392    0    0     0   180 7765 12706   3   0  96   0   0 2026-09-15 08:09:26
 1  0       591768       808060       177024     58633408    0    0     0     0 7558 12405   3   0  97   0   0 2026-09-15 08:09:27
 1  0       591768       807580       177024     58633432    0    0     0     0 7269 12321   3   0  97   0   0 2026-09-15 08:09:28
 1  0       591768       806340       177024     58633436    0    0     0     0 7229 12301   3   0  97   0   0 2026-09-15 08:09:29
 1  0       591768       806376       177024     58633452    0    0     0     0 7300 12264   3   0  97   0   0 2026-09-15 08:09:30
 1  0       591768       806636       177032     58633480    0    0     0   288 7211 12208   3   0  96   0   0 2026-09-15 08:09:31
 1  0       591768       805168       177032     58633488    0    0     0     0 7286 12265   3   0  97   0   0 2026-09-15 08:09:32
 1  0       591768       805176       177032     58633504    0    0     0     0 7249 12175   3   0  97   0   0 2026-09-15 08:09:33
 1  0       591768       804460       177032     58633512    0    0     0     0 7336 12355   3   1  96   0   0 2026-09-15 08:09:34
 2  0       591768       803964       177032     58633536    0    0     0     0 7474 12259   3   0  97   0   0 2026-09-15 08:09:35
 3  0       591768       802968       177040     58633544    0    0     0   320 7658 12384   3   0  96   0   0 2026-09-15 08:09:36
 1  5       591768       802988       177040     58633568    0    0 1401856     0 9318 14733   2   1  92   5   0 2026-09-15 08:09:37
 1  0       591768       803492       177040     58633576    0    0 312320     0 7763 13048   3   0  96   1   0 2026-09-15 08:09:38
 1  0       591768       804792       177040     58633592    0    0 1714176     0 9939 15417   2   1  92   5   0 2026-09-15 08:09:39
procs -----------------------memory---------------------- ---swap-- -----io---- -system-- --------cpu-------- -----timestamp-----
 r  b         swpd         free         buff        cache   si   so    bi    bo   in   cs  us  sy  id  wa  st                 KST
 1  2       591768       804604       177040     58633608    0    0 1625088     0 9491 15230   2   1  93   4   0 2026-09-15 08:09:40
 0  8       591768       804136       177048     58633620    0    0 180224   320 7596 12583   3   0  96   1   0 2026-09-15 08:09:41
 1  0       591768       805944       177048     58633636    0    0 1623040     0 9836 15436   2   1  92   6   0 2026-09-15 08:09:42
 0  1       591768       804732       177048     58633648    0    0 1714176     0 9869 15516   2   1  92   6   0 2026-09-15 08:09:43
 0  8       591768       804504       177048     58633664    0    0 156672     0 7762 12506   3   0  96   1   0 2026-09-15 08:09:44
 1  0       591768       803540       177048     58633680    0    0 1557504     0 9566 15340   2   1  92   5   0 2026-09-15 08:09:45
 1  0       591768       804052       177056     58633692    0    0 1714176   312 10079 15906   2   1  92   6   0 2026-09-15 08:09:46
 1  7       591768       804312       177056     58633700    0    0 214016     0 7623 12367   3   0  95   2   0 2026-09-15 08:09:47
 1  0       591768       804828       177056     58633716    0    0 1500160     0 9178 15361   2   1  94   3   0 2026-09-15 08:09:48
 1  0       591768       803324       177056     58633736    0    0 1714176     0 9671 15488   2   1  92   5   0 2026-09-15 08:09:49
 1  6       591768       802372       177056     58633740    0    0 335872     0 7736 12680   3   0  94   3   0 2026-09-15 08:09:50
 1  0       591768       803640       177064     58633764    0    0 1378304   316 9148 15026   2   1  93   5   0 2026-09-15 08:09:51
 2  0       591768       802148       177064     58633780    0    0 1714176     0 10090 15491   2   1  91   7   0 2026-09-15 08:09:52
 1  5       591768       802916       177064     58633792    0    0 423936     0 8078 12898   3   0  94   3   0 2026-09-15 08:09:53
 2  0       591768       801444       177064     58633812    0    0 1290240     0 9212 14992   2   1  94   3   0 2026-09-15 08:09:54
 2  0       591768       801212       177064     58633832    0    0 1714176     0 9979 15513   2   1  92   6   0 2026-09-15 08:09:55
 1  5       591768       802236       177072     58633832    0    0 615424   284 8328 13314   3   1  94   3   0 2026-09-15 08:09:56
 1  0       591768       802088       177072     58633856    0    0 1098752     0 127406 14537   2   1  94   3   0 2026-09-15 08:09:57
 2  0       591768       805120       177072     58633872    0    0 1714176     0 10224 15560   2   1  92   6   0 2026-09-15 08:09:58
 1  5       591768       806144       177072     58633880    0    0 817152     0 8648 13596   2   1  93   4   0 2026-09-15 08:09:59
 1  0       591768       805672       177072     58633904    0    0 897024     0 8573 14072   2   1  95   2   0 2026-09-15 08:10:00
procs -----------------------memory---------------------- ---swap-- -----io---- -system-- --------cpu-------- -----timestamp-----
 r  b         swpd         free         buff        cache   si   so    bi    bo   in   cs  us  sy  id  wa  st                 KST
 2  0       591768       806428       177080     58633920    0    0 1714176   136 9897 15486   2   1  91   7   0 2026-09-15 08:10:01
 1  5       591768       807224       177080     58633932    0    0 899584   144 8458 13899   2   0  94   3   0 2026-09-15 08:10:02
 2  0       591768       806976       177080     58633948    0    0 814592     0 8342 13927   2   1  95   2   0 2026-09-15 08:10:03
 1  0       591768       806484       177080     58633960    0    0 1714176     0 9973 15337   2   1  91   6   0 2026-09-15 08:10:04
 1  3       591768       807020       177080     58633972    0    0 1116160     0 9222 14285   2   1  92   5   0 2026-09-15 08:10:05
 1  0       591768       806804       177088     58633988    0    0 598016   120 8287 13855   3   1  96   1   0 2026-09-15 08:10:06
 1  0       591768       805388       177088     58634008    0    0 1714176   140 10041 15573   2   1  92   5   0 2026-09-15 08:10:07
 0  5       591768       804384       177088     58634024    0    0 1377280     0 9446 14891   2   1  92   5   0 2026-09-15 08:10:08
 1  0       591768       803932       177088     58634036    0    0 336896     0 7816 13004   3   0  96   1   0 2026-09-15 08:10:09
 1  0       591768       803936       177088     58634056    0    0 1714176     0 9766 15613   2   1  90   7   0 2026-09-15 08:10:10
 1  3       591768       802196       177096     58634060    0    0 1491968   128 9426 14985   2   1  92   6   0 2026-09-15 08:10:11
 1  0       591768       802456       177096     58634076    0    0 222208   132 7641 12771   3   0  96   0   0 2026-09-15 08:10:12
 1  0       591768       802244       177096     58634096    0    0 1714176     0 9805 15467   2   1  92   6   0 2026-09-15 08:10:13
 0  1       591768       802756       177096     58634108    0    0 1677824     0 9670 15453   2   1  92   5   0 2026-09-15 08:10:14
 1  7       591768       802776       177096     58634116    0    0 174592     0 7516 12581   3   0  96   1   0 2026-09-15 08:10:15
 2  0       591768       804576       177104     58634136    0    0 1575936   120 9416 15410   2   1  92   5   0 2026-09-15 08:10:16
 1  0       591768       803864       177104     58634156    0    0 1714176   136 9914 15593   2   1  91   6   0 2026-09-15 08:10:17
 1  6       591768       802620       177104     58634164    0    0 222208     0 7714 12659   3   1  95   2   0 2026-09-15 08:10:18
 1  0       591768       802384       177104     58634180    0    0 1491968     0 9340 15332   2   1  95   3   0 2026-09-15 08:10:19
 2  0       591768       804220       177104     58634196    0    0 1714176     0 9828 15538   2   1  91   6   0 2026-09-15 08:10:20
 1  6       591768       803724       177112     58634212    0    0 400384   120 7714 12842   3   0  95   2   0 2026-09-15 08:10:21
procs -----------------------memory---------------------- ---swap-- -----io---- -system-- --------cpu-------- -----timestamp-----
 r  b         swpd         free         buff        cache   si   so    bi    bo   in   cs  us  sy  id  wa  st                 KST
 1  0       591768       803504       177112     58634232    0    0 1313792   128 8967 14935   2   1  95   2   0 2026-09-15 08:10:22
 1  0       591768       803272       177112     58634244    0    0 1714176     0 9589 15602   2   1  93   4   0 2026-09-15 08:10:23
 1  5       591768       803796       177112     58634252    0    0 635904     0 7963 13288   3   1  94   3   0 2026-09-15 08:10:24
 1  0       591768       802072       177112     58634272    0    0 1078272     0 8615 14632   2   1  94   3   0 2026-09-15 08:10:25
 1  0       591768       803344       177120     58634288    0    0 1714176   136 10041 15747   2   1  91   6   0 2026-09-15 08:10:26
 0  6       591768       802856       177120     58634292    0    0 798720   156 8616 13722   2   1  92   5   0 2026-09-15 08:10:27
 1  0       591768       802132       177120     58634316    0    0 915456     0 8540 14125   2   1  95   2   0 2026-09-15 08:10:28
 1  0       591768       802680       177120     58634336    0    0 1714176     0 9653 15416   2   1  93   5   0 2026-09-15 08:10:29
 0  5       591768       801188       177120     58634340    0    0 973312     0 126829 13944   2   1  92   4   0 2026-09-15 08:10:30
 1  0       591768       798936       177128     58634364    0    0 740864   120 8238 13879   2   1  95   2   0 2026-09-15 08:10:31
 2  0       591768       800716       177128     58634372    0    0 1714176     0 9880 15427   2   1  91   6   0 2026-09-15 08:10:32
 1  4       591768       798484       177128     58634380    0    0 1199104   124 9081 14375   2   1  91   6   0 2026-09-15 08:10:33
 1  0       591768       799020       177128     58634400    0    0 515072     0 8060 13463   3   1  96   1   0 2026-09-15 08:10:34
 2  0       591768       800576       177128     58634416    0    0 1714176     0 9915 15563   2   1  91   6   0 2026-09-15 08:10:35
 0  5       591768       801852       177136     58634436    0    0 1355776   120 9371 14687   2   1  91   6   0 2026-09-15 08:10:36
 1  0       591768       800360       177136     58634444    0    0 358400     0 7851 13087   3   0  96   1   0 2026-09-15 08:10:37
 6  0       591768       800132       177136     58634468    0    0 1714176   144 10243 15534   6   1  88   6   0 2026-09-15 08:10:38
 1  4       591256       799384       177956     58633976  192    0   376 323584 9007 13528   9   1  85   5   0 2026-09-15 08:10:39
 1  0       591256       797120       178416     58635200    0    0   148 157696 7883 12979   3   0  94   2   0 2026-09-15 08:10:40
 2  0       591256       797940       178428     58635212    0    0     0  1820 7070 12307   3   0  97   0   0 2026-09-15 08:10:41
 1  0       591256       796692       178428     58635232    0    0     0     0 7123 12397   3   0  97   0   0 2026-09-15 08:10:42
procs -----------------------memory---------------------- ---swap-- -----io---- -system-- --------cpu-------- -----timestamp-----
 r  b         swpd         free         buff        cache   si   so    bi    bo   in   cs  us  sy  id  wa  st                 KST
 1  0       591256       797036       178428     58635244    0    0     0  1828 7137 12379   3   0  97   0   0 2026-09-15 08:10:43
 2  0       591256       795568       178428     58635256    0    0     0     0 7116 12363   3   0  96   0   0 2026-09-15 08:10:44
 2  5       591256       797380       178428     58635276    0    0 2436096     0 10644 16535   1   1  87  10   0 2026-09-15 08:10:45
 2  6       591256       801456       178436     58635284    0    0 3065856   132 12024 18260   1   1  86  12   0 2026-09-15 08:10:46
 0  8       591256       803040       178436     58635304    0    0 3146752     0 11762 18248   1   1  87  10   0 2026-09-15 08:10:47
 0  3       591256       803052       178436     58635316    0    0 3252224   144 11982 18431   1   1  86  12   0 2026-09-15 08:10:48
 1  3       591256       803840       178436     58635336    0    0 3295232     0 11999 18334   1   1  87  10   0 2026-09-15 08:10:49
 1  4       591256       804672       178436     58635356    0    0 3171328     0 11764 18126   1   1  87  11   0 2026-09-15 08:10:50
 1  4       591256       805516       178444     58635364    0    0 3235328   124 11882 18162   1   1  87  11   0 2026-09-15 08:10:51
 2  5       591256       804296       178444     58635384    0    0 3216896     0 11918 18084   1   1  87  12   0 2026-09-15 08:10:52
 1  5       591256       802288       178444     58635396    0    0 3258368     0 11910 18199   1   1  87  11   0 2026-09-15 08:10:53
 1  5       591256       801144       178444     58635412    0    0 3166208   140 11941 18216   1   1  89   9   0 2026-09-15 08:10:54
 0  7       591256       799892       178444     58635424    0    0 3228672     0 11941 18146   1   1  87  11   0 2026-09-15 08:10:55
 1  0       591256       799144       178452     58635352    0    0 3238912   124 12198 18607   1   2  88  10   0 2026-09-15 08:10:56
 0  5       591256       800968       178452     58635372    0    0 3163136     0 12016 18032   1   1  86  12   0 2026-09-15 08:10:57
 1  4       591256       801256       178452     58635388    0    0 3295232     0 12212 18542   1   1  89   9   0 2026-09-15 08:10:58
 1  4       591256       800064       178452     58635404    0    0 3075584   148 11665 17916   1   1  88  10   0 2026-09-15 08:10:59
 0  6       591256       799312       178452     58635412    0    0 3245568     0 12064 18238   1   1  88  10   0 2026-09-15 08:11:00
 0  6       591256       799884       178460     58635428    0    0 3235840   132 12077 18278   1   1  87  11   0 2026-09-15 08:11:01
 2  5       591256       799700       178460     58635444    0    0 3279872     0 17898 18378   1   1  87  11   0 2026-09-15 08:11:02
 1  6       591256       801332       178460     58635456    0    0 3288064     0 71218 18396   1   2  86  11   0 2026-09-15 08:11:03
procs -----------------------memory---------------------- ---swap-- -----io---- -system-- --------cpu-------- -----timestamp-----
 r  b         swpd         free         buff        cache   si   so    bi    bo   in   cs  us  sy  id  wa  st                 KST
 0  8       591256       800636       178460     58635480    0    0 3276800   136 11889 18275   1   1  87  10   0 2026-09-15 08:11:04
 0  1       591256       800968       178460     58635492    0    0 3280896     0 12261 18465   1   1  90   9   0 2026-09-15 08:11:05
 2  3       591256       799216       178468     58635508    0    0 3271680   132 12406 18825   1   2  86  12   0 2026-09-15 08:11:06
 1  0       591256       800484       178468     58635516    0    0 1901568     0 10359 15823   2   1  91   7   0 2026-09-15 08:11:07
 2  0       591256       799736       178468     58635536    0    0     0     0 7516 12427   3   0  97   0   0 2026-09-15 08:11:08
 1  0       591256       800756       178468     58635544    0    0     0   164 7393 12218   3   0  97   0   0 2026-09-15 08:11:09
 1  0       591256       802784       178468     58635564    0    0     0     0 7298 12405   3   0  97   0   0 2026-09-15 08:11:10
 1  0       591256       802836       178476     58635580    0    0     0   132 7246 12249   3   0  97   0   0 2026-09-15 08:11:11
 1  0       591256       802656       178476     58635596    0    0     0     0 7253 12229   3   0  97   0   0 2026-09-15 08:11:12
 2  0       591256       801904       178476     58635604    0    0     0     0 7232 12280   3   0  97   0   0 2026-09-15 08:11:13
 1  0       591256       800904       178476     58635620    0    0     0   136 7326 12361   3   0  96   0   0 2026-09-15 08:11:14
 1  0       591256       801700       178476     58635632    0    0     0     0 7198 12268   3   0  97   0   0 2026-09-15 08:11:15
 2  0       591256       800952       178484     58635644    0    0     0   116 7378 12453   3   0  96   0   0 2026-09-15 08:11:16
 2  4       591256       799456       178484     58635660    0    0 1024512     0 8907 14064   2   1  93   4   0 2026-09-15 08:11:17
 3  0       591256       798228       178484     58635684    0    0 2403840     0 10972 16995   1   1  89   9   0 2026-09-15 08:11:18
 0  5       591256       798496       178484     58635692    0    0 2770432   132 11390 17207   1   1  87  11   0 2026-09-15 08:11:19
 0  8       591256       798028       178484     58635712    0    0 2463232     0 10914 16807   1   1  91   7   0 2026-09-15 08:11:20
 0  5       591256       798064       178492     58635716    0    0 2818048   128 11590 17505   1   1  87  11   0 2026-09-15 08:11:21
 1  6       591256       797912       178492     58635736    0    0 2460672     0 10997 16738   1   1  89   8   0 2026-09-15 08:11:22
 2  4       591256       797536       178492     58635752    0    0 2950144     0 11582 17815   1   1  87  11   0 2026-09-15 08:11:23
 2  6       591256       800096       178492     58635768    0    0 2312192   140 10888 16318   1   1  88  10   0 2026-09-15 08:11:24
procs -----------------------memory---------------------- ---swap-- -----io---- -system-- --------cpu-------- -----timestamp-----
 r  b         swpd         free         buff        cache   si   so    bi    bo   in   cs  us  sy  id  wa  st                 KST
 2  3       591256       800396       178492     58635780    0    0 2954240     0 11612 17915   1   1  88  10   0 2026-09-15 08:11:25
 1  5       591256       804232       178500     58635788    4    0 2455556   116 11520 17168   1   1  88  10   0 2026-09-15 08:11:26
 1  0       591256       803744       178500     58635824    0    0 2813952     0 11580 17744   1   1  91   7   0 2026-09-15 08:11:27
 0  6       591256       804788       178500     58635828    0    0 2537472     0 11152 16875   1   1  89   9   0 2026-09-15 08:11:28
 1  0       591256       803792       178500     58635848    0    0 2605056     0 11312 17397   1   1  90   8   0 2026-09-15 08:11:29
 2  4       591256       803844       178500     58635856    0    0 2806784   144 11503 17336   1   1  87  11   0 2026-09-15 08:11:30
 2  6       591256       802116       178508     58635876    0    0 2467840   148 10795 16779   1   1  90   8   0 2026-09-15 08:11:31
 1  4       591256       802156       178508     58635880    0    0 2891776     0 11612 17704   1   1  88  10   0 2026-09-15 08:11:32
 0  8       591256       801220       178508     58635904    0    0 2294784     0 10687 16468   1   1  88  10   0 2026-09-15 08:11:33
 1  4       591256       802236       178508     58635920    0    0 2923520     0 11884 17835   1   1  88  10   0 2026-09-15 08:11:34
 1  6       591256       803260       178508     58635932    0    0 2317312   152 74651 16365   1   2  88   9   0 2026-09-15 08:11:35
 1  3       591256       802524       178516     58635944    0    0 2948096   116 11476 17834   1   1  90   8   0 2026-09-15 08:11:36
 0  6       591256       801836       178516     58635960    0    0 2374656     0 10910 16725   1   1  89   9   0 2026-09-15 08:11:37
 0  1       591256       801896       178516     58635980    0    0 2930176     0 11370 17963   1   1  89   9   0 2026-09-15 08:11:38
 0  6       591256       801684       178516     58635988    0    0 2422272     0 10985 16712   1   1  89   9   0 2026-09-15 08:11:39
 2  0       591256       802988       178516     58636004    0    0 2763776   132 11221 17511   1   1  89   9   0 2026-09-15 08:11:40
 1  5       591256       801336       178524     58636020    0    0 2551808   124 11117 16733   1   1  88  10   0 2026-09-15 08:11:41
 1  0       591256       800128       178524     58636024    0    0 2590720     0 11224 17489   1   1  91   7   0 2026-09-15 08:11:42
 1  4       591256       801428       178524     58636044    0    0 2813952     0 11384 17389   1   1  87  11   0 2026-09-15 08:11:43
 1  0       591256       802212       178524     58636060    0    0 2328576     0 10748 16733   1   1  90   8   0 2026-09-15 08:11:44
 2  0       591256       801716       178524     58636076    0    0     0   148 7133 12304   3   0  97   0   0 2026-09-15 08:11:45
procs -----------------------memory---------------------- ---swap-- -----io---- -system-- --------cpu-------- -----timestamp-----
 r  b         swpd         free         buff        cache   si   so    bi    bo   in   cs  us  sy  id  wa  st                 KST
 1  0       591256       799960       178532     58636092    0    0     0   120 7450 12608   3   0  97   0   0 2026-09-15 08:11:46
 1  0       591256       799240       178532     58636104    0    0     0     0 7299 12512   3   0  96   0   0 2026-09-15 08:11:47
 1  0       591256       799540       178532     58636128    0    0     0     0 7164 12435   3   0  97   0   0 2026-09-15 08:11:48
 1  0       591256       800312       178532     58636132    0    0     0     0 7324 12453   3   0  96   0   0 2026-09-15 08:11:49
 0  5       591256       800616       178532     58636156    0    0 1271808     0 9074 14636   2   1  92   5   0 2026-09-15 08:11:50
 0  5       591256       800696       178540     58636168    0    0 3128832   272 11896 18031   1   1  86  12   0 2026-09-15 08:11:51
 0  6       591256       800292       178540     58636188    0    0 3032576     0 11623 17801   1   1  87  11   0 2026-09-15 08:11:52
 0  7       591256       801844       178540     58636200    0    0 3213312     0 12036 18236   1   1  88  10   0 2026-09-15 08:11:53
 0  7       591256       801888       178540     58636220    0    0 3243008     0 11951 18336   1   1  88  10   0 2026-09-15 08:11:54
 0  1       591256       804004       178540     58636232    0    0 3240448     0 11910 18484   1   1  87  11   0 2026-09-15 08:11:55
 0  3       591256       804552       178548     58636244    0    0 3230208   264 11691 18113   1   1  87  11   0 2026-09-15 08:11:56
 1  5       591256       806076       178548     58636260    0    0 3261440     0 12068 18354   1   1  86  12   0 2026-09-15 08:11:57
 1  4       591256       806344       178548     58636272    0    0 3245056     0 12314 18282   1   1  87  11   0 2026-09-15 08:11:58
 0  6       591256       807128       178548     58636284    0    0 3145728     0 11973 18277   1   1  87  11   0 2026-09-15 08:11:59
 1  5       591256       809440       178548     58636304    0    0 3215360     0 11931 18144   1   1  88  11   0 2026-09-15 08:12:00
 0  6       591256       808524       178556     58636316    0    0 3223552   288 11988 18262   1   1  89  10   0 2026-09-15 08:12:01
 1  7       591256       807776       178556     58636336    0    0 3307520     0 12114 18360   1   1  89   9   0 2026-09-15 08:12:02
 0  8       591256       808068       178556     58636348    0    0 3263488     0 11984 18310   1   1  88  10   0 2026-09-15 08:12:03
 1  1       591256       808384       178556     58636360    0    0 3242496     0 11995 18428   1   1  86  12   0 2026-09-15 08:12:04
 1  3       591256       808464       178556     58636372    0    0 3287552     0 12045 18206   1   1  85  13   0 2026-09-15 08:12:05
 0  5       591256       809040       178564     58636388    0    0 3196928   292 12278 18677   1   1  87  11   0 2026-09-15 08:12:06
procs -----------------------memory---------------------- ---swap-- -----io---- -system-- --------cpu-------- -----timestamp-----
 r  b         swpd         free         buff        cache   si   so    bi    bo   in   cs  us  sy  id  wa  st                 KST
 2  4       591256       807836       178564     58636404    0    0 3176960     0 12096 18096   1   1  87  12   0 2026-09-15 08:12:07
 1  4       591256       807624       178564     58636416    0    0 3273728     0 76036 18447   1   2  85  12   0 2026-09-15 08:12:08
 0  6       591256       807952       178564     58636436    0    0 3260928     0 12157 18297   1   1  86  12   0 2026-09-15 08:12:09
 0  6       591256       807964       178564     58636440    0    0 3221504     0 12267 18499   1   2  86  12   0 2026-09-15 08:12:10
 1  6       591256       808808       178572     58636460    0    0 3181568   320 11799 18109   1   1  87  11   0 2026-09-15 08:12:11
 1  0       591256       809848       178572     58636480    0    0 3131392     0 12077 18251   1   1  89   9   0 2026-09-15 08:12:12
 1  0       591256       808120       178572     58636504    0    0     0     0 7648 12352   3   0  97   0   0 2026-09-15 08:12:13
 1  0       591256       809192       178572     58636508    0    0     0     0 7792 12415   3   0  97   0   0 2026-09-15 08:12:14
 1  0       591256       809736       178572     58636532    0    0     0     0 7936 12329   3   0  97   0   0 2026-09-15 08:12:15
 1  0       591256       809800       178580     58636548    0    0     0   280 7819 12337   3   0  97   0   0 2026-09-15 08:12:16
 2  0       591256       809588       178580     58636556    0    0     0     0 7579 12289   3   0  97   0   0 2026-09-15 08:12:17
 2  0       591256       809636       178580     58636572    0    0     0     0 7975 12536   3   0  97   0   0 2026-09-15 08:12:18
 5  0       591256       807628       178580     58636584    0    0     0     0 7378 12309   3   0  97   0   0 2026-09-15 08:12:19
 2  0       591256       807932       178580     58636600    0    0     0     0 7523 12411   3   0  97   0   0 2026-09-15 08:12:20
 1  0       591256       807240       178588     58636612    0    0     0   152 7468 12225   3   0  97   0   0 2026-09-15 08:12:21
 3  4       591256       807568       178588     58636628    0    0 2799616   156 11592 17337   1   1  88  10   0 2026-09-15 08:12:22
 0  7       591256       807620       178588     58636648    0    0 2562048     0 11358 16823   1   1  90   8   0 2026-09-15 08:12:23
 0  4       591256       806916       178588     58636656    0    0 3021824     0 11686 17962   1   1  90   8   0 2026-09-15 08:12:24
 1  5       591256       806732       178588     58636672    0    0 2522112     0 10961 16774   1   1  87  10   0 2026-09-15 08:12:25
 2  0       591256       803024       178596     58636688    0    0 2807808   120 11743 17981   1   1  89   9   0 2026-09-15 08:12:26
 0  5       591256       804300       178596     58636704    0    0 2788864   132 11594 17219   1   1  88  10   0 2026-09-15 08:12:27
procs -----------------------memory---------------------- ---swap-- -----io---- -system-- --------cpu-------- -----timestamp-----
 r  b         swpd         free         buff        cache   si   so    bi    bo   in   cs  us  sy  id  wa  st                 KST
 1  6       591256       805384       178596     58636712    0    0 2622976     0 11402 17217   1   1  89   9   0 2026-09-15 08:12:28
 1  3       591256       805924       178596     58636732    0    0 3024896     0 11677 18060   1   1  89   9   0 2026-09-15 08:12:29
 0  6       591256       806220       178596     58636744    0    0 2571264     0 11385 17020   1   1  89   9   0 2026-09-15 08:12:30
 1  0       591256       804992       178604     58636756    0    0 2705408   124 10975 17503   1   1  91   7   0 2026-09-15 08:12:31
 1  4       591256       805256       178604     58636768    0    0 2965504   136 11647 17623   1   1  88  10   0 2026-09-15 08:12:32
 2  6       591256       805824       178604     58636784    0    0 2525184     0 10826 16908   1   1  89   9   0 2026-09-15 08:12:33
 1  1       591256       804888       178604     58636796    0    0 3003904     0 11502 18120   1   1  88  10   0 2026-09-15 08:12:34
 1  5       591256       805664       178604     58636808    0    0 2589184     0 10955 16888   1   1  89   9   0 2026-09-15 08:12:35
 2  8       590744       803948       178612     58636832  448    0 2702784   116 11414 17561   1   1  90   8   0 2026-09-15 08:12:36
 0  5       590744       803284       178612     58636856    0    0 2950144   136 11888 17805   1   1  89   9   0 2026-09-15 08:12:37
 3  5       590744       802092       178612     58636864    0    0 2536448     0 11216 16881   1   1  89   9   0 2026-09-15 08:12:38
 0  1       590744       801128       178612     58636880    0    0 2968064     0 11735 17953   1   1  88  10   0 2026-09-15 08:12:39
 2  4       590744       801168       178612     58636888    0    0 2664448     0 11387 17170   1   1  87  10   0 2026-09-15 08:12:40
 0  8       590744       801056       178620     58636904    0    0 2677248   144 78359 17104   1   2  89   8   0 2026-09-15 08:12:41
 0  5       590744       798832       178620     58636924    0    0 3009536   152 11802 18053   1   1  87  11   0 2026-09-15 08:12:42
 2  5       590744       798120       178620     58636944    0    0 2593792     0 11062 17054   1   1  90   8   0 2026-09-15 08:12:43
 1  0       590744       796872       178620     58636960    0    0 2811904     0 11543 17790   1   1  87  10   0 2026-09-15 08:12:44
 0  5       590744       797376       178620     58636968    0    0 2842624     0 11566 17354   1   1  88  10   0 2026-09-15 08:12:45
 0  7       590744       800212       178628     58636988    0    0 2639872   120 11191 17343   1   1  90   8   0 2026-09-15 08:12:46
 0  1       590744       798992       178628     58636996    0    0 3061248   128 11922 18068   1   1  89   9   0 2026-09-15 08:12:47
 1  0       590744       798000       178628     58637016    0    0 27136     0 7156 12381   3   0  97   0   0 2026-09-15 08:12:48
procs -----------------------memory---------------------- ---swap-- -----io---- -system-- --------cpu-------- -----timestamp-----
 r  b         swpd         free         buff        cache   si   so    bi    bo   in   cs  us  sy  id  wa  st                 KST
 1  0       590744       796276       178628     58637016    0    0     0     0 7267 12593   3   0  97   0   0 2026-09-15 08:12:49
 1  0       590744       796392       178628     58637044    0    0     0     0 7276 12344   3   0  97   0   0 2026-09-15 08:12:50
 1  0       590744       796192       178636     58637068    0    0     0   124 7521 12436   3   0  96   0   0 2026-09-15 08:12:51
 1  0       590744       797488       178636     58637076    0    0     0   148 7160 12285   3   0  97   0   0 2026-09-15 08:12:52
 0  6       590744       798760       178636     58637092    0    0 686080     0 8256 13384   2   1  94   3   0 2026-09-15 08:12:53
 1  6       590744       799284       178636     58637104    0    0 3088384     0 11829 18014   1   1  88  10   0 2026-09-15 08:12:54
 0  8       590744       799796       178636     58637124    0    0 3159040     0 11727 18240   1   1  88  10   0 2026-09-15 08:12:55
 1  4       590744       798552       178644     58637128    0    0 3191808   120 11832 18220   1   1  86  11   0 2026-09-15 08:12:56
 1  4       590744       797840       178644     58637152    4    0 3227652   128 12034 18223   1   2  86  12   0 2026-09-15 08:12:57
 2  4       590744       798384       178644     58637168    0    0 3221504     0 11906 18215   1   1  86  12   0 2026-09-15 08:12:58
 1  4       590744       800980       178644     58637176    0    0 3213824     0 11976 18268   1   1  86  12   0 2026-09-15 08:12:59
 2  5       590744       801036       178644     58637192    0    0 3244544     0 12016 18184   1   1  86  12   0 2026-09-15 08:13:00
 0  5       590744       800120       178652     58637208    0    0 3202048   124 12047 18219   0   1  87  11   0 2026-09-15 08:13:01
 1  6       590744       799684       178652     58637224    0    0 3223552   140 12019 18329   1   1  90   8   0 2026-09-15 08:13:02
 0  7       590744       802256       178652     58637224    0    0 3301376     0 11867 18433   1   1  88  10   0 2026-09-15 08:13:03
 2  6       590744       802796       178652     58637252    0    0 3340432     0 12134 18463   1   1  88  10   0 2026-09-15 08:13:04
 0  0       590744       803876       178652     58637272    0    0 3246448     0 11957 18304   1   1  88  10   0 2026-09-15 08:13:05
 0  5       590744       803144       178660     58637276    0    0 3171840   128 11912 18408   1   1  87  11   0 2026-09-15 08:13:06
 1  4       590744       801916       178660     58637296    0    0 3164160     0 11609 18072   1   1  87  11   0 2026-09-15 08:13:07
 1  4       590744       802204       178660     58637304    0    0 3289600   132 12093 18334   1   1  88  10   0 2026-09-15 08:13:08
 1  5       590744       803272       178660     58637324    0    0 3200512     0 12103 18218   1   1  86  11   0 2026-09-15 08:13:09
procs -----------------------memory---------------------- ---swap-- -----io---- -system-- --------cpu-------- -----timestamp-----
 r  b         swpd         free         buff        cache   si   so    bi    bo   in   cs  us  sy  id  wa  st                 KST
 1  5       590744       804352       178660     58637336    0    0 3250176     0 11962 18299   1   1  88  10   0 2026-09-15 08:13:10
 1  6       590744       805876       178668     58637356    0    0 3148800   124 12133 18072   1   1  86  12   0 2026-09-15 08:13:11
 0  8       590744       805164       178668     58637372    0    0 3215360     0 11882 18262   1   1  88  10   0 2026-09-15 08:13:12
 1  1       590744       804416       178668     58637384    0    0 3277312   140 16036 18415   1   1  89   9   0 2026-09-15 08:13:13
 0  4       590744       803436       178668     58637392    0    0 3270144     0 40685 18366   1   2  85  12   0 2026-09-15 08:13:14
 1  4       590744       802964       178668     58637412    0    0 3272704     0 11870 18233   1   1  86  12   0 2026-09-15 08:13:15
 1  0       590744       802500       178676     58637416    0    0 388096   120 7603 13109   3   0  96   1   0 2026-09-15 08:13:16
 1  0       590744       801756       178676     58637440    0    0     0     0 6925 12260   3   0  97   0   0 2026-09-15 08:13:17
 2  0       590744       801540       178676     58637452    0    0     0   136 7032 12362   3   0  97   0   0 2026-09-15 08:13:18
 1  0       590744       801304       178676     58637480    0    0     0     0 6847 12245   3   0  97   0   0 2026-09-15 08:13:19
 1  0       590744       799800       178676     58637480    0    0     0     0 7174 12458   3   0  96   0   0 2026-09-15 08:13:20
 2  5       590744       799808       178684     58637504    0    0 498688   128 7739 13033   3   0  93   4   0 2026-09-15 08:13:21
 0  7       590744       800580       178684     58637520    0    0 3179520     0 11764 18150   1   1  86  12   0 2026-09-15 08:13:22
 0  8       590744       802128       178684     58637536    0    0 3252224   152 11783 18577   1   1  87  11   0 2026-09-15 08:13:23
 1  3       590744       803220       178684     58637548    0    0 3215360     0 11949 18231   1   1  86  12   0 2026-09-15 08:13:24
 1  4       590744       803256       178684     58637568    0    0 3229696     0 12005 18237   1   1  86  11   0 2026-09-15 08:13:25
 1  5       590744       800008       178692     58637568    0    0 3217408   132 12200 18581   1   1  87  11   0 2026-09-15 08:13:26
 2  4       590744       799768       178692     58637588    0    0 3268096     0 11910 18278   1   1  88  10   0 2026-09-15 08:13:27
 0  6       590744       802040       178692     58637608    0    0 3227136   132 11762 18074   1   1  88  10   0 2026-09-15 08:13:28
 1  5       590744       800036       178692     58637620    0    0 3096576     0 11824 17944   1   1  87  11   0 2026-09-15 08:13:29
 1  6       590744       801604       178692     58637636    0    0 3169280     0 12184 18272   1   1  87  11   0 2026-09-15 08:13:30
procs -----------------------memory---------------------- ---swap-- -----io---- -system-- --------cpu-------- -----timestamp-----
 r  b         swpd         free         buff        cache   si   so    bi    bo   in   cs  us  sy  id  wa  st                 KST
 0  8       590744       800660       178700     58637644    0    0 3362816   120 12072 18427   1   1  89   9   0 2026-09-15 08:13:31
 0  8       590744       798948       178700     58637668    0    0 3352576     0 12082 18746   1   2  88  10   0 2026-09-15 08:13:32
 1  2       590744       799960       178700     58637680    0    0 3270656   144 12139 18352   1   1  87  11   0 2026-09-15 08:13:33
 0  5       590744       801224       178700     58637692    0    0 3171328     0 11928 18133   1   1  87  11   0 2026-09-15 08:13:34
 0  5       590744       800248       178700     58637704    0    0 3144704     0 11853 17873   1   1  87  11   0 2026-09-15 08:13:35
 1  4       590744       799532       178708     58637720    0    0 3293696   120 12220 18276   1   1  87  11   0 2026-09-15 08:13:36
 1  5       590744       801112       178708     58637740    0    0 3152384     0 11842 17991   1   1  87  11   0 2026-09-15 08:13:37
 1  5       590744       803168       178708     58637752    0    0 3197952     0 11886 18157   1   1  88  10   0 2026-09-15 08:13:38
 1  6       590744       802200       178708     58637772    0    0 3217408   124 11851 18324   1   1  88  10   0 2026-09-15 08:13:39
 0  8       590744       800472       178708     58637788    0    0 3340288     0 12213 18579   1   1  86  12   0 2026-09-15 08:13:40
 0  1       590744       800040       178716     58637800    0    0 3200512   124 12340 18327   1   1  86  12   0 2026-09-15 08:13:41
 1  3       590744       799804       178716     58637812    0    0 3330560     0 12439 18531   1   2  86  12   0 2026-09-15 08:13:42
 0  5       590744       799368       178716     58637828    0    0 3115008     0 11901 17958   1   1  86  12   0 2026-09-15 08:13:43
 1  0       590744       801192       178716     58637844    0    0 491520   140 7929 13310   3   0  96   1   0 2026-09-15 08:13:44
 1  0       590744       802240       178716     58637852    0    0     0     0 7088 12299   3   0  97   0   0 2026-09-15 08:13:45
 1  0       590744       803544       178724     58637864    0    0     0   120 125577 12610   3   1  96   0   0 2026-09-15 08:13:46
 1  0       590744       802576       178724     58637884    0    0     0     0 6950 12396   3   0  97   0   0 2026-09-15 08:13:47
 2  0       590744       801324       178724     58637900    0    0     0     0 7079 12335   3   0  97   0   0 2026-09-15 08:13:48
 0  6       590744       799852       178724     58637924    0    0 470016   132 7949 12948   3   1  94   3   0 2026-09-15 08:13:49
 2  8       590744       801696       178724     58637936    0    0 3134464     0 11691 18245   1   1  87  11   0 2026-09-15 08:13:50
 0  1       590744       802492       178732     58637956    0    0 3187200   132 11871 18356   1   1  88  10   0 2026-09-15 08:13:51
procs -----------------------memory---------------------- ---swap-- -----io---- -system-- --------cpu-------- -----timestamp-----
 r  b         swpd         free         buff        cache   si   so    bi    bo   in   cs  us  sy  id  wa  st                 KST
 1  4       590744       803252       178732     58637964    0    0 3125760     0 11747 17956   1   1  87  11   0 2026-09-15 08:13:52
 1  4       590744       804516       178732     58637984    0    0 3183616     0 11948 18136   1   1  86  12   0 2026-09-15 08:13:53
 2  5       590744       804524       178732     58637996    0    0 3214336   156 11942 18201   1   1  87  11   0 2026-09-15 08:13:54
 1  5       590744       804032       178732     58638008    0    0 3201024     0 11812 18172   1   1  89   9   0 2026-09-15 08:13:55
 1  5       590744       804824       178740     58638024    0    0 3250176   136 11788 18188   1   1  88  10   0 2026-09-15 08:13:56
 3  5       590744       806344       178740     58638036    0    0 3197952     0 11741 18229   1   1  88  10   0 2026-09-15 08:13:57
 0  8       590744       806380       178740     58638052    0    0 3251200     0 11960 18551   1   1  87  11   0 2026-09-15 08:13:58
 0  1       590744       805384       178740     58638064    0    0 3297792   136 12167 18487   1   1  86  12   0 2026-09-15 08:13:59
 2  3       590744       805180       178740     58638080    0    0 3298816     0 11901 18325   1   1  87  11   0 2026-09-15 08:14:00
 0  5       590744       804680       178748     58638088    0    0 3089408   120 11675 17978   1   1  86  12   0 2026-09-15 08:14:01
 0  4       590744       803172       178748     58638108    0    0 3199488     0 11870 18163   1   1  85  13   0 2026-09-15 08:14:02
 1  5       590744       803492       178748     58638124    0    0 3161600     0 11901 18232   1   2  87  11   0 2026-09-15 08:14:03
 1  5       590744       804272       178748     58638140    0    0 3207168   144 12037 18193   1   1  87  10   0 2026-09-15 08:14:04
 1  6       590744       803100       178748     58638160    0    0 3225600     0 11852 18105   1   1  87  11   0 2026-09-15 08:14:05
 0  8       590744       804112       178756     58638168    0    0 3325952   120 12151 18833   1   1  87  11   0 2026-09-15 08:14:06
 0  8       590744       804656       178756     58638188    0    0 3333120     0 12010 18519   1   1  88  10   0 2026-09-15 08:14:07
 1  3       590744       803912       178756     58638204    0    0 3234816     0 12194 18191   1   1  86  12   0 2026-09-15 08:14:08
 2  4       590744       802924       178756     58638216    0    0 3228672     0 11829 18117   1   1  87  11   0 2026-09-15 08:14:09
 1  4       590744       800948       178756     58638236    0    0 3274752   128 12156 18317   1   1  87  11   0 2026-09-15 08:14:10
 1  4       590744       803504       178764     58638248    0    0 3169792   136 11973 18224   1   1  86  12   0 2026-09-15 08:14:11
 1  0       590744       805272       178764     58638256    0    0 732672     0 8101 13867   3   0  95   2   0 2026-09-15 08:14:12
procs -----------------------memory---------------------- ---swap-- -----io---- -system-- --------cpu-------- -----timestamp-----
 r  b         swpd         free         buff        cache   si   so    bi    bo   in   cs  us  sy  id  wa  st                 KST
 1  0       590744       805788       178764     58638272    0    0     0     0 7261 12478   3   0  96   0   0 2026-09-15 08:14:13
 1  0       590744       805288       178764     58638296    0    0     0     0 7034 12351   3   0  97   0   0 2026-09-15 08:14:14
 1  0       590744       805048       178764     58638308    0    0     0   160 7111 12304   3   0  97   0   0 2026-09-15 08:14:15
 1  0       590744       804340       178772     58638324    0    0     0   120 6966 12302   3   0  97   0   0 2026-09-15 08:14:16
 0  6       590744       804352       178772     58638336    0    0 379904     0 7669 12770   3   0  94   3   0 2026-09-15 08:14:17
 0  8       590744       806376       178772     58638352    0    0 3216384     0 11772 18338   1   1  89   9   0 2026-09-15 08:14:18
 0  1       590744       804096       178772     58638360    0    0 3191296     0 45236 18372   1   2  86  12   0 2026-09-15 08:14:19
 2  5       590744       803916       178772     58638376    0    0 3103232   124 11685 17952   1   1  88  11   0 2026-09-15 08:14:20
 0  5       590744       802412       178780     58638396    0    0 3185152   132 11820 18141   1   1  87  11   0 2026-09-15 08:14:21
 1  5       590744       801200       178780     58638408    0    0 3223040     0 11879 18195   1   1  87  11   0 2026-09-15 08:14:22
 1  5       590744       799728       178780     58638424    0    0 3207168     0 12123 18312   1   1  87  11   0 2026-09-15 08:14:23
 1  5       590744       799264       178780     58638444    0    0 3266560     0 12163 18249   1   1  87  11   0 2026-09-15 08:14:24
 1  6       590744       801536       178780     58638452    0    0 3244032   148 11939 18292   1   2  86  11   0 2026-09-15 08:14:25
 3  5       590744       803364       178788     58638472    0    0 3261440   128 11979 18698   1   2  87  10   0 2026-09-15 08:14:26
 0  1       590744       803628       178788     58638480    0    0 3288576     0 12197 18600   1   1  88  10   0 2026-09-15 08:14:27
 0  3       590744       802712       178788     58638496    0    0 3338752     0 12140 18487   1   1  87  10   0 2026-09-15 08:14:28
 1  4       590744       802256       178788     58638512    0    0 3172352     0 11934 18249   1   1  88  10   0 2026-09-15 08:14:29
 1  4       590744       799784       178788     58638528    0    0 3167232   136 11977 18335   1   1  87  11   0 2026-09-15 08:14:30
 0  5       590744       798780       178796     58638544    0    0 3244544   116 12008 18355   1   1  88  10   0 2026-09-15 08:14:31
 0  6       590744       798284       178796     58638556    0    0 3272192     0 11825 18282   1   1  88  10   0 2026-09-15 08:14:32
 1  5       590744       798120       178796     58638580    0    0 3240960     0 12081 18386   1   1  86  12   0 2026-09-15 08:14:33
procs -----------------------memory---------------------- ---swap-- -----io---- -system-- --------cpu-------- -----timestamp-----
 r  b         swpd         free         buff        cache   si   so    bi    bo   in   cs  us  sy  id  wa  st                 KST
 1  5       590744       797160       178796     58638588    0    0 3301376     0 12133 18417   1   1  87  10   0 2026-09-15 08:14:34
 1  7       590744       797956       178796     58638604    0    0 3263488   136 11978 18198   1   1  88  10   0 2026-09-15 08:14:35
 1  7       590744       797236       178804     58638620    0    0 3303580   140 12159 18318   1   1  87  11   0 2026-09-15 08:14:36
 0  1       590744       797280       178804     58638628    0    0 3249508     0 11988 18444   1   1  88  10   0 2026-09-15 08:14:37
 2  4       590744       796328       178804     58638652    0    0 3187200     0 11743 18057   1   1  86  12   0 2026-09-15 08:14:38
 0  5       590744       796640       178804     58638668    0    0 3300352     0 12059 18274   1   1  88  10   0 2026-09-15 08:14:39
 1  0       590744       795968       178804     58638676    0    0 387072   164 7770 13101   3   0  96   1   0 2026-09-15 08:14:40
 1  0       590744       796304       178812     58638692    0    0     0   116 7179 12335   3   0  97   0   0 2026-09-15 08:14:41
 1  0       590744       796308       178812     58638704    0    0     0     0 7224 12488   3   0  97   0   0 2026-09-15 08:14:42
 1  0       590744       796108       178812     58638712    0    0     0     0 7032 12253   3   0  97   0   0 2026-09-15 08:14:43
 3  0       590744       796120       178812     58638732    0    0     0     0 7341 12503   3   1  96   0   0 2026-09-15 08:14:44
 1  0       590744       795912       178812     58638752    0    0     0     0 7215 12313   3   0  97   0   0 2026-09-15 08:14:45
 1  0       590744       798696       178820     58638752    0    0     0   252 7471 12712   3   0  97   0   0 2026-09-15 08:14:46
 2  0       590744       798452       178820     58638768    0    0     0     0 7198 12389   3   0  97   0   0 2026-09-15 08:14:47
 1  0       590744       797704       178820     58638788    0    0     0     0 7225 12394   3   0  97   0   0 2026-09-15 08:14:48
 1  0       590744       796964       178820     58638808    0    0     0     0 7263 12447   3   0  97   0   0 2026-09-15 08:14:49
 1  0       590744       796728       178820     58638820    0    0     0     0 7194 12457   3   0  97   0   0 2026-09-15 08:14:50
 2  0       590744       795292       178828     58638832    0    0     0   256 7245 12378   3   0  97   0   0 2026-09-15 08:14:51
 1  0       590744       795988       178828     58638856    0    0     0     0 125500 12406   3   1  96   0   0 2026-09-15 08:14:52
 1  0       590744       796756       178828     58638864    0    0     0     0 7191 12404   3   0  96   0   0 2026-09-15 08:14:53
 1  0       590744       798312       178828     58638888    0    0     0     0 7269 12571   3   0  97   0   0 2026-09-15 08:14:54
procs -----------------------memory---------------------- ---swap-- -----io---- -system-- --------cpu-------- -----timestamp-----
 r  b         swpd         free         buff        cache   si   so    bi    bo   in   cs  us  sy  id  wa  st                 KST
 1  0       590744       798856       178828     58638892    0    0     0     0 7227 12378   3   0  97   0   0 2026-09-15 08:14:55
 1  0       590744       798620       178836     58638904    0    0     0   336 7136 12328   3   0  97   0   0 2026-09-15 08:14:56
 1  0       590744       798668       178836     58638928    0    0     0     0 7327 12320   3   0  97   0   0 2026-09-15 08:14:57
 1  0       590744       801996       178836     58638944    0    0     0     0 7508 12446   3   0  97   0   0 2026-09-15 08:14:58
 1  0       590744       801748       178836     58638956    0    0     0     0 7085 12256   3   0  97   0   0 2026-09-15 08:14:59
 1  0       590744       802008       178836     58638976    0    0     0     0 7136 12301   3   0  97   0   0 2026-09-15 08:15:00
 1  0       590744       802016       178852     58638972    0    0    60   436 7205 12499   3   0  97   0   0 2026-09-15 08:15:01
 1  0       590744       801024       178852     58639064    0    0     0     0 7331 12404   3   0  96   0   0 2026-09-15 08:15:02
 1  0       590744       800312       178852     58639076    0    0     0     0 7322 12422   3   0  97   0   0 2026-09-15 08:15:03
 1  0       590744       802844       178852     58639092    0    0     0     0 7305 12361   3   0  97   0   0 2026-09-15 08:15:04
 2  0       590744       802924       178852     58639104    0    0     0     0 7227 12245   3   0  97   0   0 2026-09-15 08:15:05
 1  0       590744       802692       178852     58639124    0    0     0     0 7583 12568   3   0  97   0   0 2026-09-15 08:15:06
 1  0       590744       802796       178860     58639132    0    0     0   548 7439 12413   3   0  96   0   0 2026-09-15 08:15:07
 1  0       590744       800784       178860     58639152    0    0     0     0 7456 12284   3   0  96   0   0 2026-09-15 08:15:08
 1  0       590744       801160       178860     58639160    0    0     0     0 7558 12304   3   0  97   0   0 2026-09-15 08:15:09
 1  0       590744       800912       178860     58639180    0    0     0     0 7385 12414   3   0  97   0   0 2026-09-15 08:15:10
 1  0       590744       803996       178860     58639188    0    0     0     0 7353 12286   3   0  97   0   0 2026-09-15 08:15:11
 1  0       590744       803308       178868     58639208    0    0     0   248 7424 12400   3   0  96   0   0 2026-09-15 08:15:12
 1  0       590744       803332       178868     58639220    0    0     0     0 7396 12352   3   0  97   0   0 2026-09-15 08:15:13
 1  0       590744       804348       178868     58639236    0    0 1714176     0 10220 15586   2   1  90   7   0 2026-09-15 08:15:14
 1  5       590744       802620       178868     58639244    0    0 1087488     0 9020 14212   2   1  92   5   0 2026-09-15 08:15:15
procs -----------------------memory---------------------- ---swap-- -----io---- -system-- --------cpu-------- -----timestamp-----
 r  b         swpd         free         buff        cache   si   so    bi    bo   in   cs  us  sy  id  wa  st                 KST
 0  8       590744       801884       178868     58639264    0    0 719872     0 8173 13514   2   1  95   2   0 2026-09-15 08:15:16
 1  0       590744       802900       178876     58639280    0    0 1620992   264 9668 15394   2   1  91   7   0 2026-09-15 08:15:17
 1  0       590744       802660       178876     58639292    0    0 1714176     0 9862 15657   2   1  92   6   0 2026-09-15 08:15:18
 1  5       590744       801664       178876     58639300    0    0 1214464     0 9203 14439   2   1  91   6   0 2026-09-15 08:15:19
 0  8       590744       801668       178876     58639324    0    0 666624     0 8192 13350   3   0  94   3   0 2026-09-15 08:15:20
 2  0       590744       800200       178876     58639344    0    0 1547264     0 9390 15328   2   1  92   5   0 2026-09-15 08:15:21
 1  0       590744       801500       178884     58639360    0    0 1714176   248 9715 15456   2   1  92   6   0 2026-09-15 08:15:22
 2  4       590744       802544       178884     58639360    0    0 1375232     0 9476 14837   2   1  92   5   0 2026-09-15 08:15:23
 2  6       590744       802604       178884     58639384    0    0 650240     0 12357 13311   2   1  94   3   0 2026-09-15 08:15:24
 1  0       590744       799904       178884     58639392    0    0 1402880     0 81714 15263   2   2  92   4   0 2026-09-15 08:15:25
 1  0       590744       800944       178884     58639456    0    0 1714216     0 10225 15877   2   1  92   6   0 2026-09-15 08:15:26
 0  1       590744       800484       178892     58639468    0    0 1709568   292 9931 15361   2   1  92   6   0 2026-09-15 08:15:27
 1  5       590744       799732       178892     58639484    0    0 699904     0 8646 13446   2   0  93   4   0 2026-09-15 08:15:28
 1  0       590744       800748       178892     58639492    0    0 1018880     0 8737 14298   2   0  95   2   0 2026-09-15 08:15:29
 1  0       590744       802012       178892     58639516    0    0 1714176     0 9786 15465   2   1  91   7   0 2026-09-15 08:15:30
 1  0       590744       803288       178892     58639528    0    0 1714176     0 9820 15338   2   1  91   7   0 2026-09-15 08:15:31
 1  4       590744       802292       178900     58639536    0    0 989696   128 8820 13981   2   1  92   5   0 2026-09-15 08:15:32
 0  8       590744       801324       178900     58639560    0    0 794112   128 8480 13928   3   1  95   2   0 2026-09-15 08:15:33
 1  0       590744       801588       178900     58639572    0    0 1644544     0 9704 15443   2   1  92   5   0 2026-09-15 08:15:34
 1  0       590744       803372       178900     58639592    0    0 1714176     0 9930 15535   2   1  92   5   0 2026-09-15 08:15:35
 1  4       590744       801116       178900     58639604    0    0 1323008     0 9236 14540   2   1  91   6   0 2026-09-15 08:15:36
procs -----------------------memory---------------------- ---swap-- -----io---- -system-- --------cpu-------- -----timestamp-----
 r  b         swpd         free         buff        cache   si   so    bi    bo   in   cs  us  sy  id  wa  st                 KST
 1  6       590744       800616       178908     58639616    0    0 670720   128 8387 13326   3   1  94   3   0 2026-09-15 08:15:37
 1  0       590744       800884       178908     58639632    0    0 1434624   140 9298 15297   2   1  93   4   0 2026-09-15 08:15:38
 1  0       590744       800420       178908     58639648    0    0 1714176     0 9819 15472   2   1  91   7   0 2026-09-15 08:15:39
 0  1       590744       800424       178908     58639652    0    0 1660416     0 9691 15384   2   1  92   6   0 2026-09-15 08:15:40
 1  5       590744       800688       178908     58639672    0    0 626176     0 8289 13314   2   1  93   4   0 2026-09-15 08:15:41
 2  0       590744       799972       178916     58639680    0    0 1141760   116 8786 14563   2   1  94   4   0 2026-09-15 08:15:42
 1  0       590744       800524       178916     58639712    0    0 1714176   136 9962 15703   2   1  90   7   0 2026-09-15 08:15:43
 1  0       590744       801032       178916     58639724    0    0 1714176     0 10042 15488   2   1  91   7   0 2026-09-15 08:15:44
 1  4       590744       800076       178916     58639736    0    0 896512     0 8843 13915   2   1  93   4   0 2026-09-15 08:15:45
 1  0       590744       804648       178916     58639756    0    0 817664     0 8631 14395   2   1  96   1   0 2026-09-15 08:15:46
 1  0       590744       804408       178924     58639768    0    0 1714176   136 9672 15445   2   1  92   6   0 2026-09-15 08:15:47
 1  0       590744       802436       178924     58639788    0    0 1714176   148 9640 15494   2   1  90   7   0 2026-09-15 08:15:48
 1  5       590744       802448       178924     58639800    0    0 1031680     0 8736 14020   2   1  92   5   0 2026-09-15 08:15:49
 0  8       590744       802292       178924     58639820    0    0 754176     0 8487 13665   2   1  95   2   0 2026-09-15 08:15:50
 1  0       590744       803840       178924     58639828    0    0 1642496     0 9574 15412   2   1  92   6   0 2026-09-15 08:15:51
 1  0       590744       806428       178932     58639848    0    0 1714176   136 10041 15332   2   1  91   6   0 2026-09-15 08:15:52
 1  4       590744       805704       178932     58639848    0    0 1328128   144 9345 14799   2   1  93   5   0 2026-09-15 08:15:53
 0  7       590744       805000       178932     58639880    0    0 596992     0 8361 13359   2   1  94   3   0 2026-09-15 08:15:54
 1  0       590744       805580       178932     58639888    0    0 1503232     0 9517 15365   2   1  93   4   0 2026-09-15 08:15:55
 1  0       590744       804604       178932     58639908    0    0 1714176     0 9788 15314   2   1  91   6   0 2026-09-15 08:15:56
 1  3       590744       803608       178940     58639912    0    0 1508352   124 84748 14930   2   2  90   7   0 2026-09-15 08:15:57
procs -----------------------memory---------------------- ---swap-- -----io---- -system-- --------cpu-------- -----timestamp-----
 r  b         swpd         free         buff        cache   si   so    bi    bo   in   cs  us  sy  id  wa  st                 KST
 0  6       590744       803516       178940     58639932    0    0 647168     0 8475 13367   2   1  94   3   0 2026-09-15 08:15:58
 1  0       590744       804792       178944     58639956    0    0 1272836   152 8796 14784   2   1  94   3   0 2026-09-15 08:15:59
 1  0       590744       806580       178944     58639972    0    0 1714176     0 9895 15491   2   1  92   5   0 2026-09-15 08:16:00
 3  0       590744       805576       178944     58639992    0    0 1714176     0 9698 15361   2   1  93   5   0 2026-09-15 08:16:01
 0  6       590744       804328       178952     58639984    0    0 770048   140 8393 13635   2   0  94   3   0 2026-09-15 08:16:02
 2  0       590744       804596       178952     58640020    0    0 944128     0 8326 14221   2   1  95   2   0 2026-09-15 08:16:03
 1  0       590744       804608       178952     58640040    0    0 1714176   152 9931 15545   2   1  91   6   0 2026-09-15 08:16:04
 1  0       590744       804628       178952     58640048    0    0 1714176     0 9840 15446   2   1  92   6   0 2026-09-15 08:16:05
 0  5       590744       807420       178952     58640056    0    0 1138688     0 9469 14732   2   1  93   4   0 2026-09-15 08:16:06
 0  8       590744       805980       178960     58640080    0    0 739328   124 8268 13543   2   1  95   2   0 2026-09-15 08:16:07
 5  0       590744       805736       178960     58640096    0    0 1550336     0 9931 15550   8   1  87   5   0 2026-09-15 08:16:08
 2  0       590744       805776       179728     58640420    0    0   144 312476 8593 13479   6   0  89   5   0 2026-09-15 08:16:09
 1  0       590744       804780       179728     58640432    0    0     0     0 6992 12476   3   0  97   0   0 2026-09-15 08:16:10
 1  0       590744       803776       179728     58640456    0    0     0     0 7020 12273   3   0  97   0   0 2026-09-15 08:16:11
 1  0       590744       803092       179740     58640448    0    0     0  1212 7239 12239   3   0  96   0   0 2026-09-15 08:16:12
 1  0       590744       801656       179740     58640480    0    0     0     0 7268 12252   3   0  97   0   0 2026-09-15 08:16:13
 1  0       590744       802208       179740     58640492    0    0     0  1220 7498 12492   3   0  96   0   0 2026-09-15 08:16:14
 1  0       590744       803248       179740     58640500    0    0     0     0 7223 12347   3   0  97   0   0 2026-09-15 08:16:15
 1  0       590744       803284       179740     58640520    0    0     0     0 7155 12452   3   0  97   0   0 2026-09-15 08:16:16
 1  0       590744       802596       179748     58640532    0    0     0   124 7037 12411   3   0  97   0   0 2026-09-15 08:16:17
 1  0       590744       803360       179748     58640552    0    0     0     0 7022 12343   3   0  97   0   0 2026-09-15 08:16:18
procs -----------------------memory---------------------- ---swap-- -----io---- -system-- --------cpu-------- -----timestamp-----
 r  b         swpd         free         buff        cache   si   so    bi    bo   in   cs  us  sy  id  wa  st                 KST
 1  0       590744       803900       179748     58640556    0    0     0   128 7146 12284   3   0  96   0   0 2026-09-15 08:16:19
 1  0       590744       805168       179748     58640572    0    0     0     0 7084 12347   3   1  96   0   0 2026-09-15 08:16:20
 1  0       590744       804952       179748     58640580    0    0     0     0 7163 12266   3   0  97   0   0 2026-09-15 08:16:21
 1  0       590744       804700       179756     58640600    0    0     0   116 7156 12347   3   0  96   0   0 2026-09-15 08:16:22
 1  0       590744       802952       179756     58640608    0    0     0     0 7080 12232   3   0  97   0   0 2026-09-15 08:16:23
 2  0       590744       802708       179756     58640632    0    0     0   132 7320 12408   3   1  96   0   0 2026-09-15 08:16:24
 1  0       590744       802228       179756     58640648    0    0     0     0 7302 12397   3   0  97   0   0 2026-09-15 08:16:25
 1  0       590744       805040       179756     58640664    0    0     0     0 7720 12687   3   0  96   0   0 2026-09-15 08:16:26
 1  0       590744       804328       179764     58640668    0    0     0   124 7274 12280   3   0  96   0   0 2026-09-15 08:16:27
 1  0       590744       802580       179764     58640692    0    0     0     0 7230 12306   3   0  97   0   0 2026-09-15 08:16:28
 1  0       590744       801628       179764     58640708    0    0     0   140 7230 12326   3   0  97   0   0 2026-09-15 08:16:29
 1  0       590744       800736       179764     58640728    0    0     0     0 125339 12406   3   1  96   0   0 2026-09-15 08:16:30
 1  0       590744       800748       179764     58640740    0    0     0     0 7211 12309   3   0  97   0   0 2026-09-15 08:16:31
 1  0       590744       799524       179772     58640764    0    0     0   132 7142 12320   3   0  97   0   0 2026-09-15 08:16:32
 1  0       590744       800848       179772     58640764    0    0     0     0 7169 12335   3   0  97   0   0 2026-09-15 08:16:33
 1  0       590744       801356       179772     58640792    0    0     0     0 7396 12394   3   0  96   0   0 2026-09-15 08:16:34
 1  0       590744       802616       179772     58640796    0    0     0   144 7210 12423   3   0  97   0   0 2026-09-15 08:16:35
 2  0       590744       802136       179772     58640816    0    0     0     0 7271 12341   3   0  97   0   0 2026-09-15 08:16:36
 1  0       590744       801648       179780     58640812    0    0     0   124 7160 12293   3   0  97   0   0 2026-09-15 08:16:37
 1  0       590744       800928       179780     58640848    0    0     0     0 7048 12354   3   0  97   0   0 2026-09-15 08:16:38
 1  0       590744       802948       179780     58640856    0    0     0     0 7023 12258   3   0  97   0   0 2026-09-15 08:16:39
procs -----------------------memory---------------------- ---swap-- -----io---- -system-- --------cpu-------- -----timestamp-----
 r  b         swpd         free         buff        cache   si   so    bi    bo   in   cs  us  sy  id  wa  st                 KST
 2  0       590744       803276       179780     58640872    0    0     0   132 7304 12304   3   0  97   0   0 2026-09-15 08:16:40
 1  0       590744       801776       179780     58640880    0    0     0     0 7260 12310   3   0  97   0   0 2026-09-15 08:16:41
 1  0       590744       801544       179788     58640888    0    0     0   116 7256 12424   3   0  96   0   0 2026-09-15 08:16:42
 1  0       590744       801308       179788     58640912    0    0     0     0 7346 12243   3   0  97   0   0 2026-09-15 08:16:43
 2  0       590744       803076       179788     58640932    0    0     0     0 7332 12348   3   0  96   0   0 2026-09-15 08:16:44
 1  0       590744       802588       179788     58640940    0    0     0   132 7320 12495   3   1  96   0   0 2026-09-15 08:16:45
 2  0       590744       803596       179788     58640968    0    0     0     0 7268 12599   3   0  97   0   0 2026-09-15 08:16:46
 1  0       590744       803160       179796     58640976    0    0     0   128 7432 12404   3   1  96   0   0 2026-09-15 08:16:47
 1  0       590744       801400       179796     58640980    0    0     0     0 7350 12284   3   0  97   0   0 2026-09-15 08:16:48
 1  0       590744       801668       179796     58641004    0    0     0     0 7146 12384   3   0  97   0   0 2026-09-15 08:16:49
 1  0       590744       800412       179796     58641008    0    0     0   136 7194 12436   3   0  96   0   0 2026-09-15 08:16:50
 1  0       590744       799912       179796     58641028    0    0 1714176     0 9859 15520   2   1  93   4   0 2026-09-15 08:16:51
 1  4       590744       798908       179804     58641048    0    0 1134592   116 8917 14237   2   1  93   4   0 2026-09-15 08:16:52
 1  0       590744       799168       179804     58641072    0    0 579584     0 8027 13466   3   0  96   1   0 2026-09-15 08:16:53
 1  0       590744       800432       179804     58641080    0    0 1714176     0 9995 15588   2   1  92   5   0 2026-09-15 08:16:54
 1  4       590744       799720       179804     58641092    0    0 1152000   136 9294 14388   2   1  92   5   0 2026-09-15 08:16:55
 1  0       590744       799472       179804     58641116    0    0 562176     0 8021 13371   3   0  96   1   0 2026-09-15 08:16:56
 1  0       590744       798732       179812     58641132    0    0 1714176   136 9811 15704   2   1  90   7   0 2026-09-15 08:16:57
 1  4       590744       796760       179812     58641136    0    0 1018368     0 8673 14110   2   1  92   5   0 2026-09-15 08:16:58
 1  0       590744       795540       179812     58641164    0    0 695808     0 8134 13753   3   0  95   2   0 2026-09-15 08:16:59
 1  0       590744       795332       179812     58641168    0    0 1714176     0 9764 15617   2   1  93   4   0 2026-09-15 08:17:00
procs -----------------------memory---------------------- ---swap-- -----io---- -system-- --------cpu-------- -----timestamp-----
 r  b         swpd         free         buff        cache   si   so    bi    bo   in   cs  us  sy  id  wa  st                 KST
 2  3       590744       794332       179812     58641208    0    0 1033752   148 8775 14085   2   1  94   3   0 2026-09-15 08:17:01
 1  0       590744       795108       179820     58641204    0    0 680448   148 8107 13786   3   1  95   2   0 2026-09-15 08:17:02
 2  0       590744       792604       179820     58641244    0    0 1714176     0 84024 15417   2   2  91   6   0 2026-09-15 08:17:03
 1  4       590744       792648       179820     58641248    0    0 1019392     0 8812 14097   2   1  93   5   0 2026-09-15 08:17:04
 1  0       590744       792428       179820     58641268    0    0 694784     0 8242 13782   3   1  95   1   0 2026-09-15 08:17:05
 2  0       590744       795748       179820     58641288    0    0 1714176   364 10000 15839   2   1  91   6   0 2026-09-15 08:17:06
 6  4       590744       795532       179828     58641304    0    0 993792   136 8945 14184   2   1  92   5   0 2026-09-15 08:17:07
 2  0       590744       795548       179828     58641312    0    0 720384     0 8276 13852   2   1  95   2   0 2026-09-15 08:17:08
 1  0       590744       794328       179828     58641332    0    0 1714176     0 9802 15463   2   1  91   6   0 2026-09-15 08:17:09
 2  4       590744       795116       179828     58641336    0    0 889344     0 8616 13972   2   1  92   5   0 2026-09-15 08:17:10
 1  0       590744       796160       179828     58641360    0    0 824832   140 8255 13921   2   1  95   2   0 2026-09-15 08:17:11
 1  0       590744       796228       179836     58641364    0    0 1714176   116 9712 15464   2   1  92   6   0 2026-09-15 08:17:12
 0  5       590744       796996       179836     58641380    0    0 922112     0 8547 13839   2   1  94   3   0 2026-09-15 08:17:13
 1  0       590744       796784       179836     58641404    0    0 792064     0 8316 13929   2   0  96   1   0 2026-09-15 08:17:14
 1  0       590744       795796       179836     58641412    0    0 1714176     0 10085 15646   2   1  90   7   0 2026-09-15 08:17:15
 1  5       590744       795804       179836     58641424    0    0 851968   132 8569 13733   2   1  93   4   0 2026-09-15 08:17:16
 1  0       590744       795364       179844     58641436    0    0 862208   132 8446 14108   2   1  95   2   0 2026-09-15 08:17:17
 1  0       590744       797412       179844     58641456    0    0 1714176     0 9747 15493   2   1  92   6   0 2026-09-15 08:17:18
 1  6       590744       797176       179844     58641460    0    0 860160     0 8485 13612   2   0  93   4   0 2026-09-15 08:17:19
 1  0       590744       797276       179844     58641488    0    0 854016     0 8698 13962   2   0  95   2   0 2026-09-15 08:17:20
 1  0       590744       798308       179844     58641508    0    0 1714176   144 9964 15447   2   1  92   5   0 2026-09-15 08:17:21
procs -----------------------memory---------------------- ---swap-- -----io---- -system-- --------cpu-------- -----timestamp-----
 r  b         swpd         free         buff        cache   si   so    bi    bo   in   cs  us  sy  id  wa  st                 KST
 1  5       590744       798108       179852     58641512    0    0 877568   120 8572 13846   2   1  92   5   0 2026-09-15 08:17:22
 1  0       590744       797864       179852     58641524    0    0 836608     0 8507 14035   2   1  95   2   0 2026-09-15 08:17:23
 1  0       590744       796424       179852     58641552    0    0 1714176     0 9806 15449   2   1  92   5   0 2026-09-15 08:17:24
 1  6       590744       796696       179852     58641556    0    0 879616     0 8624 13780   2   1  92   5   0 2026-09-15 08:17:25
 1  0       590744       796200       179852     58641568    0    0 834560     0 8676 14515   2   1  95   2   0 2026-09-15 08:17:26
 2  0       590744       794196       179860     58641592    0    0 1714176   252 9826 15492   2   1  91   6   0 2026-09-15 08:17:27
 1  4       590744       794968       179860     58641604    0    0 993792     0 8656 14027   2   1  93   4   0 2026-09-15 08:17:28
 2  0       590744       795032       179860     58641620    0    0 720384     0 8175 13783   3   1  95   2   0 2026-09-15 08:17:29
 1  0       590744       795040       179860     58641640    0    0 1714176     0 9820 15601   2   1  92   6   0 2026-09-15 08:17:30
 1  4       590744       794552       179860     58641640    0    0 1000960     0 8674 13995   2   1  92   5   0 2026-09-15 08:17:31
 2  0       590744       793104       179868     58641664    0    0 713216   264 8248 13813   3   0  95   2   0 2026-09-15 08:17:32
 1  0       590744       792396       179868     58641676    0    0 1714176     0 9575 15500   2   1  92   6   0 2026-09-15 08:17:33
 0  5       590744       793700       179868     58641772    0    0 982604     0 8748 14073   2   1  92   5   0 2026-09-15 08:17:34
 2  0       590744       793748       179868     58641784    0    0 731648     0 11724 13760   2   1  95   2   0 2026-09-15 08:17:35
 1  0       590744       793056       179868     58641804    0    0 1714176     0 114738 15608   2   1  91   6   0 2026-09-15 08:17:36
 2  4       590744       792092       179876     58641808    0    0 955904   488 8638 13940   2   1  92   5   0 2026-09-15 08:17:37
 1  0       590744       791412       179876     58641836    0    0 758272     0 8522 14068   3   1  95   2   0 2026-09-15 08:17:38
 1  0       590744       791984       179876     58641852    0    0 1714176     0 9829 15450   2   1  91   6   0 2026-09-15 08:17:39
 1  4       590744       790268       179876     58641852    0    0 932352     0 8505 13807   2   1  93   4   0 2026-09-15 08:17:40
 1  0       590744       791864       179876     58641880    0    0 781824     0 8249 13797   2   1  96   2   0 2026-09-15 08:17:41
 1  0       590744       791180       179884     58641896    0    0 1714176   456 9738 15533   2   1  90   7   0 2026-09-15 08:17:42
procs -----------------------memory---------------------- ---swap-- -----io---- -system-- --------cpu-------- -----timestamp-----
 r  b         swpd         free         buff        cache   si   so    bi    bo   in   cs  us  sy  id  wa  st                 KST
 1  4       590744       791480       179884     58641912    0    0 976384     0 8492 13927   2   1  94   3   0 2026-09-15 08:17:43
 1  0       590744       791264       179884     58641928    0    0 737792     0 8227 13821   2   0  97   0   0 2026-09-15 08:17:44
 1  0       590744       790304       179884     58641944    0    0 1714176     0 9827 15436   2   1  92   5   0 2026-09-15 08:17:45
 1  4       590744       791076       179884     58641952    0    0 909824     0 8749 14260   2   1  92   5   0 2026-09-15 08:17:46
 1  0       590744       792404       179892     58641960    0    0 804352   272 8109 13905   2   1  95   2   0 2026-09-15 08:17:47
 1  0       590744       792716       179892     58641984    0    0 1714176     0 9811 15630   2   1  92   5   0 2026-09-15 08:17:48
 0  5       590744       792752       179892     58641988    0    0 946688     0 8529 13862   2   1  93   4   0 2026-09-15 08:17:49
 1  0       590744       791820       179892     58642012    0    0 767488     0 8337 13971   2   1  95   2   0 2026-09-15 08:17:50
 1  0       590744       792332       179892     58642032    0    0 1714176     0 9671 15421   2   1  90   7   0 2026-09-15 08:17:51
 1  4       590744       794608       179900     58642040    0    0 963584   120 8555 13872   2   1  92   5   0 2026-09-15 08:17:52
 1  0       590744       794904       179900     58642056    0    0 750592   132 8121 13790   2   1  95   2   0 2026-09-15 08:17:53
 1  0       590744       796420       179900     58642064    0    0     0     0 7252 12364   3   0  97   0   0 2026-09-15 08:17:54
 2  0       590744       797448       179900     58642080    0    0     0     0 7005 12259   3   0  97   0   0 2026-09-15 08:17:55
 1  0       590744       799256       179900     58642096    0    0     0     0 6944 12365   3   0  97   0   0 2026-09-15 08:17:56
 2  0       590744       799516       179908     58642108    0    0     0   124 6845 12359   3   0  97   0   0 2026-09-15 08:17:57
 1  0       590744       800272       179908     58642128    0    0     0   152 7013 12446   3   0  97   0   0 2026-09-15 08:17:58
 0  8       590744       798280       179908     58642140    0    0 164864     0 7067 12272   3   0  95   1   0 2026-09-15 08:17:59
 1  0       590744       799044       179908     58642160    0    0 3208704     0 11684 18302   1   1  87  11   0 2026-09-15 08:18:00
 1  4       590744       799560       179908     58642176    0    0 3098112     0 11618 18026   1   1  87  12   0 2026-09-15 08:18:01
 1  4       590744       798364       179916     58642188    0    0 3029504   120 11713 17820   1   1  87  11   0 2026-09-15 08:18:02
 1  5       590744       797200       179916     58642212    0    0 3228160   136 12118 18186   1   1  86  12   0 2026-09-15 08:18:03
procs -----------------------memory---------------------- ---swap-- -----io---- -system-- --------cpu-------- -----timestamp-----
 r  b         swpd         free         buff        cache   si   so    bi    bo   in   cs  us  sy  id  wa  st                 KST
 2  5       590744       794720       179916     58642216    0    0 3100672     0 11873 17952   1   1  87  11   0 2026-09-15 08:18:04
 0  7       590744       793240       179916     58642232    0    0 3281920     0 12071 18356   1   1  88  10   0 2026-09-15 08:18:05
 1  8       590744       793296       179916     58642248    0    0 3319808     0 12186 18747   1   1  87  11   0 2026-09-15 08:18:06
 0  1       590744       793056       179924     58642252    0    0 3216896   132 12086 18328   1   1  87  11   0 2026-09-15 08:18:07
 2  5       590744       790180       179924     58642276    0    0 3160576   144 83250 18010   1   2  86  12   0 2026-09-15 08:18:08
 1  4       590744       789716       179924     58642296    0    0 3275776     0 12339 18504   1   1  87  11   0 2026-09-15 08:18:09
 1  4       590744       789224       179924     58642312    0    0 3226112     0 12191 18371   1   1  86  12   0 2026-09-15 08:18:10
 0  6       590744       788980       179924     58642320    0    0 3125760     0 11668 18027   1   1  88  10   0 2026-09-15 08:18:11
 1  5       590744       787260       179932     58642336    0    0 3218432   120 11762 18232   1   1  89   9   0 2026-09-15 08:18:12
 0  7       590744       787780       179932     58642348    0    0 3187712     0 11879 18067   1   1  89   9   0 2026-09-15 08:18:13
 0  8       590744       789556       179932     58642368    0    0 3318784   128 12108 18506   1   1  89   9   0 2026-09-15 08:18:14
 0  1       590744       790860       179932     58642376    0    0 3206656     0 12011 18306   1   1  86  12   0 2026-09-15 08:18:15
 1  3       590744       792408       179932     58642392    0    0 3276288     0 12218 18538   1   2  86  12   0 2026-09-15 08:18:16
 2  3       590744       794180       179940     58642400    0    0 3217408   120 12143 18264   1   1  88  10   0 2026-09-15 08:18:17
 1  5       590744       794476       179940     58642416    0    0 3311616     0 12243 18418   1   1  87  11   0 2026-09-15 08:18:18
 0  5       590744       794772       179940     58642436    0    0 3234304   140 12269 18393   1   1  87  11   0 2026-09-15 08:18:19
 2  5       590744       795336       179940     58642452    0    0 3290624     0 12226 18314   1   1  87  11   0 2026-09-15 08:18:20
 2  5       590744       795624       179940     58642468    0    0 3156992     0 12068 18067   1   1  87  11   0 2026-09-15 08:18:21
 1  0       590744       795920       179948     58642480    0    0 1139712   120 9153 14665   2   1  95   2   0 2026-09-15 08:18:22
 1  0       590744       794928       179948     58642488    0    0     0     0 7005 12315   3   0  97   0   0 2026-09-15 08:18:23
 2  0       590744       795688       179948     58642508    0    0     0   128 7066 12424   3   0  97   0   0 2026-09-15 08:18:24
procs -----------------------memory---------------------- ---swap-- -----io---- -system-- --------cpu-------- -----timestamp-----
 r  b         swpd         free         buff        cache   si   so    bi    bo   in   cs  us  sy  id  wa  st                 KST
 1  0       590744       794192       179948     58642528    0    0     0     0 7038 12281   3   0  97   0   0 2026-09-15 08:18:25
 1  0       590744       793216       179948     58642544    0    0     0     0 7223 12676   3   0  97   0   0 2026-09-15 08:18:26
 0  8       590744       792760       179956     58642548    0    0 72704   124 7129 12435   3   0  96   0   0 2026-09-15 08:18:27
 0  4       590744       792052       179956     58642576    0    0 3191808     0 11923 18232   1   1  87  11   0 2026-09-15 08:18:28
 1  4       590744       790804       179956     58642580    0    0 3146752   148 11915 18285   1   1  87  11   0 2026-09-15 08:18:29
 2  4       590744       793080       179956     58642604    0    0 3073536     0 11745 17966   1   1  87  11   0 2026-09-15 08:18:30
 1  5       590744       794348       179956     58642616    0    0 3190272     0 11833 17981   1   1  87  11   0 2026-09-15 08:18:31
 4  4       590744       793608       179964     58642628    0    0 3173376   132 11683 18026   1   1  87  11   0 2026-09-15 08:18:32
 2  6       590744       794872       179964     58642648    0    0 3211264     0 11810 18131   1   1  88  10   0 2026-09-15 08:18:33
 0  1       590744       794660       179964     58642648    0    0 3218944     0 11974 18584   1   1  87  11   0 2026-09-15 08:18:34
 0  4       590744       794420       179964     58642676    0    0 3230208   144 12115 18188   1   1  85  13   0 2026-09-15 08:18:35
 1  4       590744       793956       179964     58642684    0    0 3117056     0 11909 17935   1   1  87  11   0 2026-09-15 08:18:36
 1  4       590744       795976       179972     58642708    0    0 3232256   116 12002 18344   1   1  87  11   0 2026-09-15 08:18:37
 0  6       590744       797252       179972     58642708    4    0 3281412     0 11981 18389   1   1  87  10   0 2026-09-15 08:18:38
 1  5       590744       796280       179972     58642736    0    0 3234816     0 11877 18368   1   1  88  10   0 2026-09-15 08:18:39
 0  6       590744       796576       179972     58642760    0    0 3167232   284 11828 18182   1   1  88  10   0 2026-09-15 08:18:40
 1  6       590744       795084       179972     58642764    0    0 3263488     0 95809 18356   1   2  86  11   0 2026-09-15 08:18:41
 2  0       590744       796140       179980     58642788    0    0 3191808   164 12036 18471   1   1  91   8   0 2026-09-15 08:18:42
 1  3       590744       797912       179980     58642800    0    0 3324928     0 12201 18419   1   1  89   9   0 2026-09-15 08:18:43
 1  4       590744       796948       179980     58642812    0    0 3284992     0 12118 18363   1   1  89   9   0 2026-09-15 08:18:44
 3  4       590744       795220       179980     58642828    0    0 3232768   160 11957 18127   1   1  87  11   0 2026-09-15 08:18:45
procs -----------------------memory---------------------- ---swap-- -----io---- -system-- --------cpu-------- -----timestamp-----
 r  b         swpd         free         buff        cache   si   so    bi    bo   in   cs  us  sy  id  wa  st                 KST
 1  4       590744       795732       179980     58642844    0    0 3279872     0 12044 18617   1   1  86  12   0 2026-09-15 08:18:46
 1  5       590744       795768       179988     58642856    0    0 3141632   116 11899 18029   1   1  86  12   0 2026-09-15 08:18:47
 2  6       590744       794840       179988     58642876    0    0 3308544     0 11993 18549   1   1  87  11   0 2026-09-15 08:18:48
 1  5       590744       794600       179988     58642892    0    0 3284992     0 11788 18282   1   1  89   9   0 2026-09-15 08:18:49
 1  0       590744       792632       179988     58642904    0    0 1140736   144 8989 14684   2   1  94   3   0 2026-09-15 08:18:50
 1  0       590744       794652       179988     58642908    0    0     0     0 7242 12330   3   0  97   0   0 2026-09-15 08:18:51
 1  0       590744       795172       179996     58642928    0    0     0   140 7098 12282   3   0  97   0   0 2026-09-15 08:18:52
 1  0       590744       796440       179996     58642952    0    0     0     0 7074 12335   3   0  97   0   0 2026-09-15 08:18:53
 1  0       590744       795704       179996     58642960    0    0     0     0 7167 12435   3   0  97   0   0 2026-09-15 08:18:54
 0  8       590744       794268       179996     58642980    0    0 69632     0 7067 12255   3   0  97   0   0 2026-09-15 08:18:55
 0  4       590744       794048       179996     58642996    0    0 3150848   148 11843 18187   1   1  86  12   0 2026-09-15 08:18:56
 1  4       590744       794384       180004     58643040    0    0 3116068   116 11987 17994   1   1  85  13   0 2026-09-15 08:18:57
 1  5       590744       795144       180004     58643056    0    0 3086336     0 11922 18080   1   1  86  12   0 2026-09-15 08:18:58
 1  5       590744       793164       180004     58643064    0    0 3174400     0 11664 18144   1   1  87  11   0 2026-09-15 08:18:59
 0  7       590744       793680       180004     58643080    0    0 3184640     0 11773 18188   1   1  88  10   0 2026-09-15 08:19:00
 0  8       590744       792236       180004     58643100    0    0 3241984   128 11676 18339   1   1  89   9   0 2026-09-15 08:19:01
 0  1       590744       792492       180012     58643108    0    0 3259904   124 12066 18541   1   1  86  12   0 2026-09-15 08:19:02
 1  3       590744       791520       180012     58643128    0    0 3303936     0 11955 18413   1   1  88  10   0 2026-09-15 08:19:03
 1  4       590744       791776       180012     58643144    0    0 3105792     0 11789 17951   1   1  86  12   0 2026-09-15 08:19:04
 0  5       590744       791308       180012     58643156    0    0 3180032     0 11960 18126   1   1  87  12   0 2026-09-15 08:19:05
 1  5       590744       792124       180012     58643164    0    0 3302400   124 12493 18792   1   2  85  12   0 2026-09-15 08:19:06
procs -----------------------memory---------------------- ---swap-- -----io---- -system-- --------cpu-------- -----timestamp-----
 r  b         swpd         free         buff        cache   si   so    bi    bo   in   cs  us  sy  id  wa  st                 KST
 1  6       590744       790920       180020     58643188    0    0 3154432   116 11707 17947   1   1  86  12   0 2026-09-15 08:19:07
 1  5       590744       792952       180020     58643204    0    0 3190784     0 12048 18204   1   1  86  12   0 2026-09-15 08:19:08
 1  6       590744       792204       180020     58643216    0    0 3276800     0 11813 18332   1   1  87  11   0 2026-09-15 08:19:09
 4  4       590744       794240       180020     58643236    0    0 3236996     0 12120 18652   1   1  87  11   0 2026-09-15 08:19:10
 1  3       590744       795004       180020     58643244    0    0 3195772   152 11827 18082   1   1  88  10   0 2026-09-15 08:19:11
 0  5       590744       794844       180028     58643252    0    0 3230720   136 11613 18106   1   1  88  10   0 2026-09-15 08:19:12
 0  5       590744       795612       180028     58643268    0    0 3155456     0 11601 18028   1   1  86  12   0 2026-09-15 08:19:13
 2  5       590744       793904       180028     58643292    0    0 3188224     0 86590 18160   1   2  85  12   0 2026-09-15 08:19:14
 1  5       590744       794216       180028     58643308    0    0 3024896     0 11670 17789   1   1  87  11   0 2026-09-15 08:19:15
 1  6       590744       794008       180028     58643328    0    0 3340288   148 12167 18439   1   1  87  11   0 2026-09-15 08:19:16
 1  7       590744       792324       180036     58643344    0    0 3260404   132 11920 18273   1   1  89  10   0 2026-09-15 08:19:17
 1  0       590744       793096       180036     58643352    0    0 1564684     0 9829 15561   2   1  92   5   0 2026-09-15 08:19:18
 1  0       590744       792852       180036     58643364    0    0     0     0 7180 12360   3   0  97   0   0 2026-09-15 08:19:19
 1  0       590744       792640       180036     58643384    0    0     0     0 6953 12350   3   0  97   0   0 2026-09-15 08:19:20
 1  0       590744       790952       180036     58643396    0    0     0     0 7076 12300   3   0  97   0   0 2026-09-15 08:19:21
 1  0       590744       792216       180044     58643408    0    0     0   284 6996 12378   3   0  97   0   0 2026-09-15 08:19:22
 3  0       590744       791252       180044     58643432    0    0     0     0 6825 12239   3   0  97   0   0 2026-09-15 08:19:23
 0  5       590744       790544       180044     58643448    0    0 2804736     0 11106 17310   1   1  86  12   0 2026-09-15 08:19:24
 0  6       590744       789832       180044     58643460    0    0 3059712     0 11646 17898   1   1  87  12   0 2026-09-15 08:19:25
 1  6       590744       790092       180044     58643476    0    0 3047424     0 11749 18181   1   1  87  11   0 2026-09-15 08:19:26
 0  8       590744       788876       180052     58643504    0    0 3163152   436 11638 18206   1   1  88  10   0 2026-09-15 08:19:27
procs -----------------------memory---------------------- ---swap-- -----io---- -system-- --------cpu-------- -----timestamp-----
 r  b         swpd         free         buff        cache   si   so    bi    bo   in   cs  us  sy  id  wa  st                 KST
 0  1       590744       789896       180052     58643520    0    0 3281408     0 11863 18498   1   1  86  12   0 2026-09-15 08:19:28
 0  5       590744       790192       180052     58643540    0    0 3225088     0 12099 18368   1   1  89   9   0 2026-09-15 08:19:29
 1  4       590744       791996       180052     58643548    0    0 3134464     0 12003 18100   1   1  86  12   0 2026-09-15 08:19:30
 1  5       590744       792032       180052     58643568    0    0 3143680     0 12100 18149   1   1  86  11   0 2026-09-15 08:19:31
 1  5       590744       790796       180060     58643576    0    0 3212288   452 11833 18186   1   1  88  10   0 2026-09-15 08:19:32
 1  5       590744       791344       180060     58643592    0    0 3241984     0 12036 18228   1   1  88  10   0 2026-09-15 08:19:33
 1  6       590744       790404       180060     58643676    0    0 3256388     0 12109 18370   1   1  87  11   0 2026-09-15 08:19:34
 0  8       590744       790164       180060     58643704    0    0 3215368     0 11624 18367   1   1  89   9   0 2026-09-15 08:19:35
 1  4       590744       789668       180060     58643712    0    0 3247104     0 11860 18200   1   1  88  10   0 2026-09-15 08:19:36
 1  4       590744       788776       180072     58643740    0    0 3228676   484 11909 18188   1   1  86  12   0 2026-09-15 08:19:37
 1  4       590744       789536       180072     58643756    0    0 3068416     0 11837 17946   1   1  85  13   0 2026-09-15 08:19:38
 0  6       590744       791316       180072     58643768    0    0 3041792     0 11685 18027   1   1  85  12   0 2026-09-15 08:19:39
 1  6       590744       790092       180072     58643780    0    0 3226624     0 11999 18081   1   1  86  12   0 2026-09-15 08:19:40
 2  6       590744       789092       180072     58643796    0    0 3273728     0 11913 18420   1   1  88  10   0 2026-09-15 08:19:41
 2  7       590744       790388       180080     58643796    0    0 3301376   444 11964 18438   1   1  86  12   0 2026-09-15 08:19:42
 2  0       590744       790988       180080     58643828    0    0 3242496     0 12237 18373   1   1  87  11   0 2026-09-15 08:19:43
 1  3       590744       790236       180080     58643840    0    0 3285504     0 12010 18314   1   1  86  11   0 2026-09-15 08:19:44
 0  5       590744       789012       180080     58643860    0    0 3267584     0 12108 18331   1   1  87  10   0 2026-09-15 08:19:45
 2  0       590744       788780       180080     58643872    0    0 2026496     0 12107 16546   2   1  91   6   0 2026-09-15 08:19:46
 1  0       590744       786984       180088     58643884    0    0     0   132 123282 12300   3   1  96   0   0 2026-09-15 08:19:47
 1  0       590744       786764       180088     58643896    0    0     0   332 7170 12394   3   0  96   0   0 2026-09-15 08:19:48
procs -----------------------memory---------------------- ---swap-- -----io---- -system-- --------cpu-------- -----timestamp-----
 r  b         swpd         free         buff        cache   si   so    bi    bo   in   cs  us  sy  id  wa  st                 KST
 1  0       590744       791064       180088     58644044    0    0   128     0 7301 12466   3   0  96   0   0 2026-09-15 08:19:49
 1  0       590744       789568       180088     58644048    0    0     0     0 7155 12429   3   0  97   0   0 2026-09-15 08:19:50
 1  0       590744       789328       180088     58644068    0    0     0     0 7187 12340   3   0  96   0   0 2026-09-15 08:19:51
 0  6       590744       789840       180096     58644092    0    0 2214912   144 10541 16083   1   1  88  10   0 2026-09-15 08:19:52
 0  7       590744       789636       180096     58644100    0    0 3135488   308 11633 17901   1   1  86  11   0 2026-09-15 08:19:53
 0  8       590744       788424       180096     58644116    0    0 3295232     0 12027 18555   1   1  90   8   0 2026-09-15 08:19:54
 1  3       590744       786948       180096     58644128    0    0 3195904     0 11705 18227   1   1  85  13   0 2026-09-15 08:19:55
 0  5       590744       788724       180096     58644148    0    0 3204096     0 11890 18146   1   1  87  11   0 2026-09-15 08:19:56
 1  4       590744       788032       180104     58644160    0    0 3132928   128 11821 18088   1   1  88  10   0 2026-09-15 08:19:57
 1  5       590744       787784       180104     58644180    0    0 3233280   312 12214 18322   1   1  86  12   0 2026-09-15 08:19:58
 1  5       590744       788084       180104     58644196    0    0 3170304     0 12091 18230   1   1  89   9   0 2026-09-15 08:19:59
 1  6       590744       789864       180104     58644208    0    0 3257344     0 12254 18236   1   1  88  11   0 2026-09-15 08:20:00
 1  8       590744       790880       180120     58644292    0    0 3182664   296 12012 18184   1   1  87  11   0 2026-09-15 08:20:01
 0  8       590744       790936       180120     58644312    0    0 3334144     0 12003 18544   1   1  88  10   0 2026-09-15 08:20:02
 0  4       590744       792520       180120     58644320    0    0 3251200   180 12084 18309   1   1  86  11   0 2026-09-15 08:20:03
 1  4       590744       792556       180120     58644340    0    0 3286016     0 12134 18410   1   1  86  12   0 2026-09-15 08:20:04
 1  4       590744       792848       180120     58644356    0    0 3275776     0 12078 18240   1   1  88  10   0 2026-09-15 08:20:05
 0  5       590744       790880       180120     58644388    4    0 3186200     0 12372 18713   1   1  88  10   0 2026-09-15 08:20:06
 2  5       590744       791240       180128     58644396    0    0 3194368   128 11966 18100   1   1  88  10   0 2026-09-15 08:20:07
 0  6       590744       790776       180128     58644416    0    0 3219456   144 12004 18226   1   1  88  10   0 2026-09-15 08:20:08
 0  7       590744       791104       180136     58644428    0    0 3136512   124 11763 18023   1   1  87  11   0 2026-09-15 08:20:09
procs -----------------------memory---------------------- ---swap-- -----io---- -system-- --------cpu-------- -----timestamp-----
 r  b         swpd         free         buff        cache   si   so    bi    bo   in   cs  us  sy  id  wa  st                 KST
 1  6       590744       791644       180136     58644448    0    0 3324928     0 12328 18741   1   1  87  11   0 2026-09-15 08:20:10
 1  0       590744       789664       180136     58644468    0    0 3193856     0 11961 18409   1   1  88  10   0 2026-09-15 08:20:11
 1  3       590744       789680       180136     58644480    0    0 3311616     0 12257 18535   1   1  86  12   0 2026-09-15 08:20:12
 0  5       590744       789724       180136     58644500    0    0 3248128   320 12248 18460   1   1  86  12   0 2026-09-15 08:20:13
 1  0       590744       789984       180144     58644504    0    0 2011136   152 10231 16152   2   1  92   6   0 2026-09-15 08:20:14
 1  0       590744       789240       180144     58644524    0    0     0     0 7115 12279   3   0  97   0   0 2026-09-15 08:20:15
 1  0       590744       790280       180144     58644536    0    0     0     0 6977 12271   3   0  97   0   0 2026-09-15 08:20:16
 1  0       590744       789780       180144     58644560    0    0     0     0 7099 12385   3   0  97   0   0 2026-09-15 08:20:17
 1  0       590744       788312       180144     58644560    0    0     0     0 7215 12408   3   0  97   0   0 2026-09-15 08:20:18
 2  0       590744       786572       180152     58644576    0    0     0   288 124525 12319   3   1  96   0   0 2026-09-15 08:20:19
 0  5       590744       787084       180152     58644596    0    0 2102272     0 10481 15962   1   1  88   9   0 2026-09-15 08:20:20
 0  8       590744       787880       180152     58644620    0    0 3208192     0 11796 18134   1   1  88  10   0 2026-09-15 08:20:21
 0  1       590744       788148       180152     58644628    0    0 3177984     0 12118 18464   1   1  87  11   0 2026-09-15 08:20:22
 1  4       590744       789700       180152     58644644    0    0 3133952     0 11894 18019   1   1  87  11   0 2026-09-15 08:20:23
 1  4       590744       793240       180152     58644668    0    0 3214336   308 12085 18178   1   1  86  12   0 2026-09-15 08:20:24
 2  5       590744       792488       180160     58644680    0    0 3112960   160 11724 17963   1   1  86  12   0 2026-09-15 08:20:25
 0  6       590744       791240       180160     58644740    4    0 3303476     0 12280 18799   1   1  87  11   0 2026-09-15 08:20:26
 1  5       590744       792040       180160     58644756    0    0 3170304     0 11825 17997   1   1  87  11   0 2026-09-15 08:20:27
 1  6       590744       790576       180160     58644768    0    0 3239936     0 11994 18213   1   1  87  11   0 2026-09-15 08:20:28
 0  8       590744       790580       180160     58644788    0    0 3264512   296 12084 18404   1   1  86  12   0 2026-09-15 08:20:29
 1  0       590744       792136       180168     58644796    0    0 3281408   112 12196 18512   1   1  87  11   0 2026-09-15 08:20:30
procs -----------------------memory---------------------- ---swap-- -----io---- -system-- --------cpu-------- -----timestamp-----
 r  b         swpd         free         buff        cache   si   so    bi    bo   in   cs  us  sy  id  wa  st                 KST
 0  5       590744       791160       180168     58644816    0    0 3254784     0 11896 18238   1   1  87  11   0 2026-09-15 08:20:31
 1  4       590744       790432       180168     58644872    0    0 3281972     0 12132 18528   1   1  88  10   0 2026-09-15 08:20:32
 2  4       590744       791000       180168     58644892    0    0 3239936     0 12064 18112   1   1  87  11   0 2026-09-15 08:20:33
 1  5       590744       790512       180168     58644912    0    0 3115008   340 11596 18058   1   1  88  10   0 2026-09-15 08:20:34
 1  5       590744       790768       180176     58644920    0    0 3232768   140 11997 18227   1   1  87  11   0 2026-09-15 08:20:35
 1  5       590744       794088       180176     58644940    0    0 3212288     0 12085 18310   1   1  87  11   0 2026-09-15 08:20:36
 1  6       590744       794624       180176     58644948    0    0 3271680     0 11794 18305   1   2  88  10   0 2026-09-15 08:20:37
 0  8       590744       794392       180176     58644972    0    0 3342336     0 11937 18550   1   1  89   9   0 2026-09-15 08:20:38
 2  0       590744       794904       180176     58644980    0    0 3248640     0 12208 18547   1   1  87  11   0 2026-09-15 08:20:39
 2  3       590744       794164       180184     58645000    0    0 3308032   456 12177 18418   1   1  87  11   0 2026-09-15 08:20:40
 0  5       590744       793200       180184     58645020    0    0 3259392     0 12206 18343   1   1  89   9   0 2026-09-15 08:20:41
 1  0       590744       792256       180184     58645032    0    0 2019328     0 10139 16126   2   1  91   6   0 2026-09-15 08:20:42
 1  0       590744       790756       180184     58645040    0    0     0     0 7284 12391   3   0  97   0   0 2026-09-15 08:20:43
 1  0       590744       790012       180184     58645048    0    0     0     0 7171 12385   3   0  96   0   0 2026-09-15 08:20:44
 1  0       590744       789804       180192     58645072    0    0     0   496 7129 12280   3   0  97   0   0 2026-09-15 08:20:45
 1  0       590744       790056       180192     58645116    0    0    36     0 7454 12782   3   0  96   0   0 2026-09-15 08:20:46
 1  0       590744       790856       180192     58645136    0    0     0     0 7111 12271   3   0  97   0   0 2026-09-15 08:20:47
 2  5       590744       793900       180192     58645152    0    0 2251776     0 10589 16323   1   1  88   9   0 2026-09-15 08:20:48
 2  5       590744       792680       180192     58645168    0    0 3225600     0 11902 18216   1   1  88  10   0 2026-09-15 08:20:49
 0  8       590744       792940       180200     58645188    0    0 3167232   464 11819 18362   1   1  88  10   0 2026-09-15 08:20:50
 0  4       590744       792976       180200     58645200    0    0 3217408     0 11985 18557   1   1  87  11   0 2026-09-15 08:20:51
procs -----------------------memory---------------------- ---swap-- -----io---- -system-- --------cpu-------- -----timestamp-----
 r  b         swpd         free         buff        cache   si   so    bi    bo   in   cs  us  sy  id  wa  st                 KST
 1  4       590744       793252       180200     58645212    0    0 3232768     0 43602 18302   1   2  87  11   0 2026-09-15 08:20:52
 1  4       590744       794044       180200     58645224    0    0 3227648     0 12191 18333   1   1  89   9   0 2026-09-15 08:20:53
 3  4       590744       793584       180200     58645248    0    0 3241472     0 11962 18318   1   1  86  12   0 2026-09-15 08:20:54
 1  5       590744       794848       180208     58645256    0    0 3218944   480 11994 18214   1   1  86  12   0 2026-09-15 08:20:55
 1  5       590744       793852       180208     58645276    0    0 3248128     0 12033 18291   1   1  86  11   0 2026-09-15 08:20:56
 0  7       590744       793404       180208     58645292    0    0 3198004     0 11849 18271   1   1  87  11   0 2026-09-15 08:20:57
 1  6       590744       794168       180208     58645348    0    0 3252224     0 12120 18449   1   1  87  11   0 2026-09-15 08:20:58
 1  1       590744       795188       180208     58645372    0    0 3207680     0 12004 18467   1   1  86  12   0 2026-09-15 08:20:59
 1  4       590744       793188       180216     58645380    0    0 3199488   412 11876 18180   1   1  86  12   0 2026-09-15 08:21:00
 1  4       590744       793700       180216     58645400    0    0 3170304     0 11762 18092   1   1  87  11   0 2026-09-15 08:21:01
 1  4       590744       793452       180216     58645416    0    0 3168768     0 11969 18152   1   1  88  10   0 2026-09-15 08:21:02
 0  6       590744       792740       180216     58645428    0    0 3215872     0 11996 18415   1   1  87  11   0 2026-09-15 08:21:03
 0  6       590744       792504       180216     58645444    0    0 3221504     0 12000 18132   0   1  88  10   0 2026-09-15 08:21:04
 3  7       590744       793048       180224     58645456    0    0 3215360   264 12024 18638   1   1  87  11   0 2026-09-15 08:21:05
 1  7       590744       794080       180224     58645464    0    0 3281920     0 12139 18610   1   2  86  12   0 2026-09-15 08:21:06
 1  1       590744       793832       180224     58645484    0    0 3199488     0 11880 18408   1   1  86  12   0 2026-09-15 08:21:07
 1  3       590744       795100       180224     58645512    0    0 3278352     0 12027 18345   1   1  87  11   0 2026-09-15 08:21:08
 1  4       590744       795172       180224     58645544    0    0 3236864     0 11994 18269   1   1  88  11   0 2026-09-15 08:21:09
 0  0       590744       794964       180232     58645584    0    0 2118688   444 10485 16460   1   1  92   7   0 2026-09-15 08:21:10
 0  0       590744       795988       180232     58645692    4    0   100     0 6996 12417   0   0  99   0   0 2026-09-15 08:21:11
 0  0       590744       796244       180232     58645696    0    0     0     0 6887 12289   0   0  99   0   0 2026-09-15 08:21:12
procs -----------------------memory---------------------- ---swap-- -----io---- -system-- --------cpu-------- -----timestamp-----
 r  b         swpd         free         buff        cache   si   so    bi    bo   in   cs  us  sy  id  wa  st                 KST
 0  0       590744       793752       180232     58645724    0    0     0     0 6784 12338   0   0  99   0   0 2026-09-15 08:21:13
 0  0       590744       792492       180232     58645728    0    0     0     0 6768 12403   0   1  99   0   0 2026-09-15 08:21:14
 0  0       590488       794016       180240     58645752    8    0     8   152 6770 12304   0   0  99   0   0 2026-09-15 08:21:15
 0  0       590488       794832       180240     58645760    0    0     0   284 6798 12256   0   0  99   0   0 2026-09-15 08:21:16
 2  0       590488       793644       180240     58645780    0    0     0     0 7057 12208   0   0  99   0   0 2026-09-15 08:21:17
 0  0       590488       792648       180240     58645780    0    0     0     0 7108 12232   0   0  99   0   0 2026-09-15 08:21:18
 0  0       590488       793460       180240     58645808    4    0     4     0 6889 12335   0   0  99   0   0 2026-09-15 08:21:19
 0  0       590488       792720       180248     58645816    0    0     0   128 7035 12333   0   0  99   0   0 2026-09-15 08:21:20
 0  0       590488       793276       180248     58645836    0    0     0   296 7119 12262   0   0  99   0   0 2026-09-15 08:21:21
 0  0       590488       793336       180248     58645844    0    0     0     0 7232 12460   0   0  99   0   0 2026-09-15 08:21:22
 0  0       590488       795696       180248     58645872    0    0    40     0 7033 12455   0   0  99   0   0 2026-09-15 08:21:23
 0  0       590488       794980       180248     58645920    0    0     0     0 6996 12447   0   0  99   0   0 2026-09-15 08:21:24
 2  0       590488       793284       180256     58645928    0    0     0   136 8231 12665   1   1  98   0   0 2026-09-15 08:21:25
 1  0       590488       793328       180256     58645952    0    0     0   284 7242 12373   3   0  97   0   0 2026-09-15 08:21:26
 1  0       590488       791600       180256     58645956    0    0     0     0 7100 12324   3   0  97   0   0 2026-09-15 08:21:27
 1  0       590488       792396       180256     58645976    0    0     0     0 7203 12330   3   0  97   0   0 2026-09-15 08:21:28
 1  0       590488       792180       180256     58645984    0    0     0     0 7167 12353   3   0  97   0   0 2026-09-15 08:21:29
 2  0       590488       790932       180264     58646004    0    0     0   120 7116 12370   3   0  97   0   0 2026-09-15 08:21:30
 0  1       590488       789960       180264     58646024    0    0 1664512   260 9751 15385   2   1  90   7   0 2026-09-15 08:21:31
 1  4       590488       790264       180264     58646036    0    0 3126784     0 11725 18147   1   1  87  11   0 2026-09-15 08:21:32
 1  4       590488       790072       180264     58646048    0    0 3036672     0 11605 17862   1   1  88  10   0 2026-09-15 08:21:33
procs -----------------------memory---------------------- ---swap-- -----io---- -system-- --------cpu-------- -----timestamp-----
 r  b         swpd         free         buff        cache   si   so    bi    bo   in   cs  us  sy  id  wa  st                 KST
 1  5       590488       791128       180264     58646072    0    0 3045888     0 12023 18102   1   1  87  10   0 2026-09-15 08:21:34
 1  5       590488       792716       180272     58646076    0    0 3217408   148 11698 18096   1   1  89   9   0 2026-09-15 08:21:35
 0  7       590488       793780       180272     58646100    0    0 3226624     0 11945 18332   1   1  87  11   0 2026-09-15 08:21:36
 0  1       590488       793036       180272     58646120    0    0 3206656   312 11837 18364   1   1  87  11   0 2026-09-15 08:21:37
 1  3       590488       792568       180272     58646132    0    0 3254784     0 11868 18164   1   1  87  11   0 2026-09-15 08:21:38
 1  4       590488       791100       180272     58646144    0    0 3123200     0 11826 17939   1   1  85  13   0 2026-09-15 08:21:39
 1  5       590488       791452       180280     58646164    0    0 3104768   116 11687 18108   1   1  87  11   0 2026-09-15 08:21:40
 2  6       590488       793004       180280     58646172    0    0 3216384     0 11990 18154   1   1  88  10   0 2026-09-15 08:21:41
 1  5       590488       792540       180280     58646188    4    0 3211268   260 12189 18360   1   1  88  10   0 2026-09-15 08:21:42
 1  6       590488       794068       180280     58646208    0    0 3205120     0 12016 18125   1   1  87  11   0 2026-09-15 08:21:43
 4  4       590488       793608       180280     58646216    0    0 3262560     0 12025 18657   1   1  89   9   0 2026-09-15 08:21:44
 2  3       590488       796648       180288     58646224    0    0 3130272   140 12236 18428   1   1  86  12   0 2026-09-15 08:21:45
 1  4       590488       795932       180288     58646248    0    0 3220480     0 12132 18402   1   1  86  12   0 2026-09-15 08:21:46
 1  4       590488       796224       180288     58646260    0    0 3165696   304 11801 18115   1   1  88  10   0 2026-09-15 08:21:47
 1  5       590488       795764       180288     58646276    0    0 3122688     0 11806 18051   1   1  88  11   0 2026-09-15 08:21:48
 1  6       590488       795296       180288     58646288    0    0 3214336     0 12038 18179   1   1  86  12   0 2026-09-15 08:21:49
 2  6       590488       795304       180296     58646296    0    0 3140608   128 11667 18094   1   1  88  10   0 2026-09-15 08:21:50
 0  1       590488       798156       180296     58646324    0    0 3227136     0 12133 18403   1   1  87  11   0 2026-09-15 08:21:51
 1  3       590488       797928       180296     58646336    0    0 3334656   140 12093 18384   1   1  86  11   0 2026-09-15 08:21:52
 0  4       590488       797940       180296     58646360    0    0 3138560     0 12008 18140   1   1  85  13   0 2026-09-15 08:21:53
 3  3       590488       794672       182076     58646132    0    0 398684 756736 10072 15721   3   1  88   9   0 2026-09-15 08:21:54
procs -----------------------memory---------------------- ---swap-- -----io---- -system-- --------cpu-------- -----timestamp-----
 r  b         swpd         free         buff        cache   si   so    bi    bo   in   cs  us  sy  id  wa  st                 KST
 7  3       590488       787656       187812     58648252    0    0  1040 2388176 12385 19015   3   1  86   9   0 2026-09-15 08:21:55
 4  4       590488       786412       190784     58650072    0    0   572 1347584 10432 16102   3   1  86  10   0 2026-09-15 08:21:56
 2  5       590488       785412       191972     58650360    0    0   248 502808 9578 13949   3   1  87   9   0 2026-09-15 08:21:57
 1  0       590488       781052       192544     58650580    0    0    68 283172 142286 13474   3   1  90   6   0 2026-09-15 08:21:58
 1  0       590488       779800       192544     58650632    0    0     0     0 7311 12272   3   0  96   0   0 2026-09-15 08:21:59
 1  4       590488       779812       192584     58650656    0    0 3182592  8428 11969 18032   1   1  87  11   0 2026-09-15 08:22:00
 1  4       590488       780068       192584     58650668    0    0 3104768     0 12091 18067   1   1  87  11   0 2026-09-15 08:22:01
 2  5       590488       778852       192584     58650688    0    0 3137536     0 11763 18061   1   1  88  10   0 2026-09-15 08:22:02
 0  5       590488       779432       192584     58650696    0    0 3031040  6960 11890 18084   1   1  87  11   0 2026-09-15 08:22:03
 1  6       590488       779196       192584     58650712    0    0 3173376     0 11621 18138   1   1  88  10   0 2026-09-15 08:22:04
 2  0       590488       782056       192592     58650744    0    0 3226624    56 11981 19000   1   1  89   9   0 2026-09-15 08:22:05
 1  3       590488       781584       192592     58650752    0    0 3243008     0 12032 18379   1   2  85  12   0 2026-09-15 08:22:06
 1  4       590488       780900       192592     58650772    0    0 3162112     0 11909 18022   1   2  87  11   0 2026-09-15 08:22:07
 0  5       590488       780428       192592     58650784    0    0 3112448     0 11647 18052   1   2  87  11   0 2026-09-15 08:22:08
 1  5       590488       778928       192592     58650796    0    0 3212800     0 12117 18263   1   1  88  10   0 2026-09-15 08:22:09
 1  6       590488       779236       192600     58650748    0    0 3216384    48 12014 18398   1   1  87  11   0 2026-09-15 08:22:10
 1  6       590488       778788       192600     58650772    0    0 3137536     0 11505 17921   1   1  88  10   0 2026-09-15 08:22:11
 0  8       590488       779308       192600     58650792    0    0 3273728     0 11978 18392   1   1  89   9   0 2026-09-15 08:22:12
 1  3       590488       778624       192600     58650796    0    0 3155968  3892 12521 18339   1   1  86  12   0 2026-09-15 08:22:13
 1  4       590488       777688       192600     58650816    0    0 3256320     0 12082 18323   1   1  88  10   0 2026-09-15 08:22:14
 1  4       590488       778728       192608     58650992    0    0 3205160   160 12160 18316   1   1  87  11   0 2026-09-15 08:22:15
procs -----------------------memory---------------------- ---swap-- -----io---- -system-- --------cpu-------- -----timestamp-----
 r  b         swpd         free         buff        cache   si   so    bi    bo   in   cs  us  sy  id  wa  st                 KST
 1  5       590488       777492       192608     58651012    0    0 3019776     0 11672 17716   1   1  86  12   0 2026-09-15 08:22:16
 0  6       590488       778792       192608     58651020    0    0 3270656     0 12012 18339   1   1  88  10   0 2026-09-15 08:22:17
 0  7       590488       779304       192608     58651036    0    0 3230720   344 12073 18264   1   1  87  11   0 2026-09-15 08:22:18
 2  6       590488       779064       192608     58651056    0    0 3212288     0 11779 18232   1   1  87  11   0 2026-09-15 08:22:19
 0  1       590488       779380       192616     58651060    0    0 3280384   144 12348 18473   1   1  86  12   0 2026-09-15 08:22:20
 1  3       590488       781404       192616     58651068    0    0 3271168     0 12053 18285   1   1  88  10   0 2026-09-15 08:22:21
 1  0       590488       783192       192616     58651080    0    0 1879040     0 10054 15829   2   1  91   6   0 2026-09-15 08:22:22
 1  0       590488       783196       192616     58651088    0    0     0   272 7625 12410   3   0  96   0   0 2026-09-15 08:22:23
 1  0       590488       782224       192616     58651104    0    0     0     0 7644 12466   3   0  97   0   0 2026-09-15 08:22:24
 1  0       590488       782228       192624     58650860    0    0     0   128 7516 12784   3   0  96   0   0 2026-09-15 08:22:25
 1  0       590488       782260       192624     58650900    0    0    24     0 7335 12465   3   0  97   0   0 2026-09-15 08:22:26
 1  0       590488       783272       192624     58650912    0    0     0     0 7160 12230   3   0  97   0   0 2026-09-15 08:22:27
 1  6       590488       782352       192624     58650928    0    0 2260992   316 10733 16322   1   1  88  10   0 2026-09-15 08:22:28
 1  6       590488       781852       192624     58650940    0    0 3159040     0 11933 18030   1   1  87  11   0 2026-09-15 08:22:29
 0  8       590488       780508       192632     58650952    0    0 3224576   136 67605 18521   1   2  88   9   0 2026-09-15 08:22:30
 0  4       590488       781840       192632     58650960    0    0 3162112     0 11972 18141   1   1  87  11   0 2026-09-15 08:22:31
 1  4       590488       781348       192632     58650988    0    0 3219456     0 11812 18296   1   1  88  10   0 2026-09-15 08:22:32
 0  5       590488       781636       192632     58651008    0    0 3088896     0 11908 18143   1   2  85  13   0 2026-09-15 08:22:33
 2  5       590488       782172       192632     58651016    0    0 3287552   292 12105 18460   1   1  88  10   0 2026-09-15 08:22:34
 2  5       590488       782688       192640     58651032    0    0 3145728   144 11932 18066   1   1  89   9   0 2026-09-15 08:22:35
 1  6       590488       780964       192640     58651048    0    0 3271680     0 12239 18299   1   1  87  10   0 2026-09-15 08:22:36
procs -----------------------memory---------------------- ---swap-- -----io---- -system-- --------cpu-------- -----timestamp-----
 r  b         swpd         free         buff        cache   si   so    bi    bo   in   cs  us  sy  id  wa  st                 KST
 1  8       590488       779796       192640     58651068    0    0 3202048     0 11657 18159   1   1  87  11   0 2026-09-15 08:22:37
 1  0       590488       779836       192640     58651076    0    0 3259904     0 12214 18699   1   2  87  11   0 2026-09-15 08:22:38
 0  1       590488       779352       192640     58651100    0    0 3345408   328 12002 18459   1   1  88  10   0 2026-09-15 08:22:39
 1  5       590488       779640       192648     58651108    0    0 3122688   140 11642 18002   1   1  87  11   0 2026-09-15 08:22:40
 0  5       590488       779716       192648     58651124    0    0 3251200     0 11871 18116   1   1  87  11   0 2026-09-15 08:22:41
 1  4       590488       779496       192648     58651140    0    0 3218944     0 12077 18220   1   1  88  10   0 2026-09-15 08:22:42
 0  6       590488       779256       192648     58651152    0    0 3180032     0 11974 18062   1   1  87  11   0 2026-09-15 08:22:43
 1  5       590488       777824       192648     58651168    0    0 3198976   304 12292 18365   1   1  87  11   0 2026-09-15 08:22:44
 1  6       590488       782672       192656     58651180    0    0 3305472   140 12366 18634   1   1  86  12   0 2026-09-15 08:22:45
 0  7       590488       782712       192656     58651192    0    0 3280896     0 12251 18516   1   1  87  11   0 2026-09-15 08:22:46
 1  8       590488       784292       192656     58651212    0    0 3311616     0 11860 18491   1   1  88  10   0 2026-09-15 08:22:47
 0  2       590488       783824       192656     58651220    0    0 3271168     0 12155 18583   1   1  86  12   0 2026-09-15 08:22:48
 0  5       590488       783868       192656     58651240    0    0 3193344   348 11954 18149   1   1  87  11   0 2026-09-15 08:22:49
 1  0       590488       782616       192664     58651248    0    0 2033664   136 10166 16256   2   1  91   7   0 2026-09-15 08:22:50
 1  0       590488       782156       192664     58651412    0    0   144     0 7098 12317   3   0  96   0   0 2026-09-15 08:22:51
 1  0       590488       783196       192664     58651420    0    0     0     0 7153 12438   3   0  96   0   0 2026-09-15 08:22:52
 1  0       590488       781956       192664     58651436    0    0     0     0 7154 12420   3   0  97   0   0 2026-09-15 08:22:53
 1  0       590488       780700       192664     58651448    0    0     0     0 7323 12569   3   0  96   0   0 2026-09-15 08:22:54
 1  0       590488       777992       192672     58652900   20    0  1452   452 7299 12470   3   0  97   0   0 2026-09-15 08:22:55
 0  7       590488       781116       192672     58652912    0    0 2068480     0 10364 15976   1   1  89   8   0 2026-09-15 08:22:56
 1  7       590488       782904       192672     58652932    0    0 3239936     0 11711 18194   1   1  87  11   0 2026-09-15 08:22:57
procs -----------------------memory---------------------- ---swap-- -----io---- -system-- --------cpu-------- -----timestamp-----
 r  b         swpd         free         buff        cache   si   so    bi    bo   in   cs  us  sy  id  wa  st                 KST
 1  0       590488       781492       192672     58652948    0    0 3183104     0 12012 18436   1   1  88  10   0 2026-09-15 08:22:58
 1  5       590488       781844       192672     58652956    0    0 3270144     0 12191 18279   1   1  88  10   0 2026-09-15 08:22:59
 1  4       590488       780144       192680     58652988    0    0 3260420   468 12108 18359   1   1  89   9   0 2026-09-15 08:23:00
 0  5       590488       777672       192680     58653000    0    0 3255296     0 12121 18153   1   1  86  12   0 2026-09-15 08:23:01
 1  5       590488       777176       192680     58653012    0    0 3187200     0 12039 18229   1   1  87  11   0 2026-09-15 08:23:02
 0  5       590488       774248       192680     58653032    0    0 3235328     0 78310 18193   1   2  85  12   0 2026-09-15 08:23:03
 1  6       590488       777088       192680     58653044    0    0 3155968     0 11896 18101   1   1  88  10   0 2026-09-15 08:23:04
 0  7       590488       779672       192688     58653056   32    0 3225636   564 12262 18750   1   1  87  11   0 2026-09-15 08:23:05
 1  7       590488       777916       192688     58653072    0    0 3285980     0 12320 18758   1   1  88  10   0 2026-09-15 08:23:06
 0  3       590488       778488       192688     58653092    0    0 3246116     0 12076 18357   1   1  87  10   0 2026-09-15 08:23:07
 0  5       590488       778012       192688     58653108    0    0 3279872     0 12179 18313   1   1  86  12   0 2026-09-15 08:23:08
 0  5       590488       777112       192688     58653116    0    0 3153920     0 12102 18086   1   1  86  12   0 2026-09-15 08:23:09
 1  4       590488       778380       192696     58653128    0    0 3170816   288 12254 18410   1   1  86  11   0 2026-09-15 08:23:10
 0  6       590488       776656       192696     58653144    0    0 3227136     0 11943 18384   1   1  86  11   0 2026-09-15 08:23:11
 1  6       590488       778216       192696     58653168    0    0 3280896     0 12064 18339   1   1  88   9   0 2026-09-15 08:23:12
 1  5       590488       776280       192696     58653176    0    0 3267584     0 12300 18236   1   1  88  10   0 2026-09-15 08:23:13
 2  7       590488       775352       192696     58653200    0    0 3195904     0 11824 18207   1   1  87  11   0 2026-09-15 08:23:14
 1  1       590488       775648       192704     58653208    0    0 3191472   488 12296 18487   1   2  87  11   0 2026-09-15 08:23:15
 1  4       590488       776504       192704     58653400    0    0 3149312     0 11840 18077   1   1  86  12   0 2026-09-15 08:23:16
 0  5       590488       777592       192704     58653416    0    0 3182592     0 11897 18264   1   1  87  11   0 2026-09-15 08:23:17
 1  0       590488       777160       192704     58653428    0    0 2282496     0 10472 16690   2   1  90   7   0 2026-09-15 08:23:18
procs -----------------------memory---------------------- ---swap-- -----io---- -system-- --------cpu-------- -----timestamp-----
 r  b         swpd         free         buff        cache   si   so    bi    bo   in   cs  us  sy  id  wa  st                 KST
 1  0       590488       778468       192704     58653440    0    0     0     0 7179 12278   3   0  97   0   0 2026-09-15 08:23:19
 1  0       590488       778760       192712     58653456    0    0     0   144 7382 12346   3   0  97   0   0 2026-09-15 08:23:20
 1  0       590488       777540       192712     58653468    0    0     0   160 7331 12239   3   0  97   0   0 2026-09-15 08:23:21
 1  0       590488       776560       192712     58653536    0    0    56     0 7355 12467   3   0  97   0   0 2026-09-15 08:23:22
 2  0       590488       777384       192712     58653548    0    0     0     0 7299 12401   3   0  97   0   0 2026-09-15 08:23:23
 0  7       590488       778184       192712     58653568    0    0 1907756     0 9906 15498   2   1  89   8   0 2026-09-15 08:23:24
 0  1       590488       778464       192720     58656772   24    0 3224164   132 12288 19150   1   2  87  11   0 2026-09-15 08:23:25
 0  4       590488       779988       192720     58656788    0    0 3212800   364 11722 18243   1   1  86  12   0 2026-09-15 08:23:26
 1  4       590488       778752       192720     58656808    0    0 3153920     0 11839 18182   1   1  86  12   0 2026-09-15 08:23:27
 0  5       590488       779804       192720     58656824    0    0 3284480     0 11900 18270   1   1  86  12   0 2026-09-15 08:23:28
 1  5       590488       777068       192720     58656844    0    0 3158528     0 11732 17980   1   1  86  12   0 2026-09-15 08:23:29
 1  5       590488       778152       192728     58656848    0    0 3181568   128 11856 18084   1   1  87  11   0 2026-09-15 08:23:30
 1  6       590488       777768       192728     58656876    0    0 3181568   144 11980 18126   1   1  87  11   0 2026-09-15 08:23:31
 1  8       590488       779292       192728     58656884    0    0 3289184     0 12073 18353   1   1  87  11   0 2026-09-15 08:23:32
 0  1       590488       781068       192728     58656996    0    0 3257856     0 12106 18477   1   1  88  10   0 2026-09-15 08:23:33
 1  2       590488       779420       192728     58657008    0    0 3340800     0 12433 18773   1   2  86  12   0 2026-09-15 08:23:34
 1  4       590488       778920       192736     58657040    0    0 3239936   156 12016 18241   1   1  86  12   0 2026-09-15 08:23:35
 1  4       590488       779492       192736     58657048    0    0 3120128   392 80380 18075   1   2  85  12   0 2026-09-15 08:23:36
 0  6       590488       778032       192736     58657064    0    0 3138560     0 11977 18125   1   1  86  12   0 2026-09-15 08:23:37
 1  5       590488       777576       192736     58657080    0    0 3218432     0 12142 18222   1   1  87  11   0 2026-09-15 08:23:38
 1  6       590488       777080       192736     58657092    0    0 3182592     0 12118 18044   1   1  89   9   0 2026-09-15 08:23:39
procs -----------------------memory---------------------- ---swap-- -----io---- -system-- --------cpu-------- -----timestamp-----
 r  b         swpd         free         buff        cache   si   so    bi    bo   in   cs  us  sy  id  wa  st                 KST
 1  7       590488       775332       192744     58657092    0    0 3226624   148 12098 18156   1   1  87  11   0 2026-09-15 08:23:40
 0  8       590488       775932       192744     58657116    0    0 3326976   164 12430 18735   1   1  87  11   0 2026-09-15 08:23:41
 0  1       590488       774716       192744     58657136    0    0 3296768     0 12329 18458   1   1  87  11   0 2026-09-15 08:23:42
 1  4       590488       775516       192744     58657144    0    0 3216896     0 12153 18127   1   1  88  10   0 2026-09-15 08:23:43
 1  4       590488       773796       192744     58657272    0    0 3332176     0 12430 18496   1   1  87  11   0 2026-09-15 08:23:44
 1  4       590488       775076       192752     58657292    0    0 3197952   128 12303 18495   1   1  87  11   0 2026-09-15 08:23:45
 1  0       590488       773348       192752     58657300    0    0 2309120   324 10779 16913   1   1  90   7   0 2026-09-15 08:23:46
 1  0       590488       777644       192752     58657428    0    0   124     0 7370 12507   3   0  96   0   0 2026-09-15 08:23:47
 1  0       590488       775644       192752     58657452    0    0     0     0 7362 12359   3   0  97   0   0 2026-09-15 08:23:48
 1  0       590488       776408       192752     58657452    0    0     0     0 7198 12327   3   0  97   0   0 2026-09-15 08:23:49
 2  0       590488       775664       192760     58657492    0    0     0   140 7265 12365   3   0  97   0   0 2026-09-15 08:23:50
 1  0       590488       776172       192760     58657500    0    0     0   280 7121 12357   3   0  97   0   0 2026-09-15 08:23:51
 3  7       590488       775708       192760     58657520    0    0 1904640     0 10005 15415   2   1  89   9   0 2026-09-15 08:23:52
 1  0       590488       774484       192760     58657532    0    0 3237888     0 11806 18487   1   1  87  10   0 2026-09-15 08:23:53
 0  5       590488       773512       192760     58657544    0    0 3187712     0 12153 18257   1   1  88  10   0 2026-09-15 08:23:54
 0  5       590488       772772       192768     58657556    0    0 3224576   124 12154 18169   1   1  88  10   0 2026-09-15 08:23:55
 1  5       590488       772036       192768     58657580    0    0 3252224   312 12229 18585   1   1  86  12   0 2026-09-15 08:23:56
 0  6       590488       771856       192768     58657592    0    0 3220480     0 12034 18276   1   1  87  11   0 2026-09-15 08:23:57
 1  5       590488       772404       192768     58657608    0    0 3126272     0 11920 18297   1   1  88  10   0 2026-09-15 08:23:58
 2  6       590488       773696       192768     58657616    0    0 3186688     0 11990 18101   1   1  87  11   0 2026-09-15 08:23:59
 0  8       590488       774712       192776     58657636    0    0 3254272   140 11834 18106   1   1  87  11   0 2026-09-15 08:24:00
procs -----------------------memory---------------------- ---swap-- -----io---- -system-- --------cpu-------- -----timestamp-----
 r  b         swpd         free         buff        cache   si   so    bi    bo   in   cs  us  sy  id  wa  st                 KST
 0  1       590488       775468       192776     58657644    4    0 3229188     0 11977 18478   1   1  87  11   0 2026-09-15 08:24:01
 1  3       590488       775024       192776     58657656    0    0 3309056   300 12426 18573   1   1  88  10   0 2026-09-15 08:24:02
 1  4       590488       775036       192776     58657680    0    0 3181568     0 11923 18088   1   1  86  12   0 2026-09-15 08:24:03
 0  5       590488       776864       192776     58657692    0    0 3081728     0 11657 17789   1   1  86  12   0 2026-09-15 08:24:04
 0  6       590488       777448       192784     58657700    4    0 3259908   116 12509 18477   1   1  88  10   0 2026-09-15 08:24:05
 0  6       590488       775708       192784     58657720    0    0 3248128     0 12211 18459   1   2  87  11   0 2026-09-15 08:24:06
 1  6       590488       774452       192784     58657732    0    0 3165184   128 11948 18000   1   1  88  10   0 2026-09-15 08:24:07
 0  7       590488       774736       192784     58657748    0    0 3259392     0 12089 18348   1   1  87  11   0 2026-09-15 08:24:08
 0  8       590488       773640       192784     58657764    0    0 3312640     0 78996 18447   1   2  88   9   0 2026-09-15 08:24:09
 0  1       590488       774400       192792     58657780    0    0 3287552   136 12279 18578   1   1  88  10   0 2026-09-15 08:24:10
 0  5       590488       775416       192792     58657796    0    0 3245568     0 11859 18138   1   1  87  11   0 2026-09-15 08:24:11
 0  5       590488       775696       192792     58657816    0    0 3254272   340 12033 18433   1   1  88  10   0 2026-09-15 08:24:12
 0  5       590488       774196       192792     58657840    0    0 3271680     0 11729 18245   1   1  88  10   0 2026-09-15 08:24:13
 1  0       590488       773532       192792     58657844    0    0 2294784     0 10518 16623   1   1  91   7   0 2026-09-15 08:24:14
 1  0       590488       772028       192800     58657856    0    0     0   156 7094 12299   3   0  97   0   0 2026-09-15 08:24:15
 1  0       590488       769560       192800     58657876    0    0     0     0 7279 12415   3   1  96   0   0 2026-09-15 08:24:16
 2  0       590488       769312       192800     58657880    0    0     0   176 6915 12370   3   0  97   0   0 2026-09-15 08:24:17
 1  0       590488       770832       192800     58657904    0    0     0     0 7232 12475   3   0  97   0   0 2026-09-15 08:24:18
 1  0       590488       772100       192800     58657912    0    0     0     0 6953 12259   3   0  97   0   0 2026-09-15 08:24:19
 0  8       590488       771672       192808     58657924    0    0 1882112   148 9931 15549   2   1  90   7   0 2026-09-15 08:24:20
 0  1       590488       771204       192808     58657944    0    0 3200512     0 11929 18422   1   1  88  10   0 2026-09-15 08:24:21
procs -----------------------memory---------------------- ---swap-- -----io---- -system-- --------cpu-------- -----timestamp-----
 r  b         swpd         free         buff        cache   si   so    bi    bo   in   cs  us  sy  id  wa  st                 KST
 0  5       590488       771212       192808     58657960    0    0 3064320   352 11861 18074   1   1  86  13   0 2026-09-15 08:24:22
 1  4       590488       771496       192808     58657972    0    0 3157504     0 11747 18081   1   1  87  11   0 2026-09-15 08:24:23
 0  6       590488       770992       192808     58657988    0    0 3249664     0 11896 18180   1   1  88  10   0 2026-09-15 08:24:24
 1  5       590488       773512       192816     58658008    0    0 3154944   128 11972 18458   1   1  87  10   0 2026-09-15 08:24:25
 2  6       590488       773076       192816     58658020    0    0 3217408     0 12145 18450   1   1  87  11   0 2026-09-15 08:24:26
 0  8       590488       770600       192816     58658036    0    0 3219456   144 11766 18174   1   1  88  10   0 2026-09-15 08:24:27
 2  2       590488       768876       192816     58658044    0    0 3195392     0 12195 18521   1   1  88  10   0 2026-09-15 08:24:28
 3  4       590488       768880       192816     58658064    0    0 3153408     0 12098 17931   1   1  86  12   0 2026-09-15 08:24:29
 0  5       590488       769424       192824     58658076    0    0 3229696   140 11916 18371   1   1  87  11   0 2026-09-15 08:24:30
 0  6       590488       771956       192824     58658096    0    0 3161088     0 11820 18100   1   1  88  10   0 2026-09-15 08:24:31
 0  6       590488       773480       192824     58658168    0    0 3275836     0 12125 18252   1   1  88  10   0 2026-09-15 08:24:32
 0  6       590488       773016       192824     58658184    0    0 3249152   316 11813 18348   1   1  91   7   0 2026-09-15 08:24:33
 1  6       590488       773788       192824     58658364    0    0 3233956     0 11933 18178   1   1  88  10   0 2026-09-15 08:24:34
 2  7       590488       774300       192832     58658376    0    0 3231744   132 11796 18205   1   1  87  11   0 2026-09-15 08:24:35
 0  1       590488       773576       192832     58658388    0    0 3249664     0 12002 18434   1   1  87  11   0 2026-09-15 08:24:36
 0  4       590488       773364       192832     58658412    0    0 3336704     0 12148 18464   1   1  89   9   0 2026-09-15 08:24:37
 0  4       590488       772400       192832     58658428    0    0 3309568   280 12224 18566   1   1  88  10   0 2026-09-15 08:24:38
 1  4       590488       773456       192832     58658440    0    0 3209216     0 12303 18374   1   2  87  11   0 2026-09-15 08:24:39
 0  4       590488       771224       192840     58658452    0    0 3239936   144 11999 18287   1   1  87  11   0 2026-09-15 08:24:40
 2  4       590488       770260       192840     58658460    0    0 3260928     0 72653 18283   1   2  86  12   0 2026-09-15 08:24:41
 1  0       590488       768796       192840     58658484    0    0 2513408     0 10907 17069   1   1  90   7   0 2026-09-15 08:24:42
procs -----------------------memory---------------------- ---swap-- -----io---- -system-- --------cpu-------- -----timestamp-----
 r  b         swpd         free         buff        cache   si   so    bi    bo   in   cs  us  sy  id  wa  st                 KST
 1  0       590488       768300       192840     58658488    0    0     0   160 7157 12370   3   0  97   0   0 2026-09-15 08:24:43
 1  0       590488       767336       192840     58658504    0    0     0     0 7109 12320   3   0  97   0   0 2026-09-15 08:24:44
 1  0       590488       767100       192848     58658524    0    0     0   128 7507 12596   3   0  96   0   0 2026-09-15 08:24:45
 1  0       590488       765880       192848     58658540    0    0     0     0 7187 12306   3   0  97   0   0 2026-09-15 08:24:46
 1  0       590488       766904       192848     58658556    0    0     0     0 7522 12387   3   0  96   0   0 2026-09-15 08:24:47
 1  8       590488       766528       192848     58658560    0    0 1787904   332 9935 15523   2   1  91   7   0 2026-09-15 08:24:48
 0  3       590488       767308       192848     58658584    0    0 3159040     0 12204 18275   1   1  87  11   0 2026-09-15 08:24:49
 1  5       590488       766368       192856     58658592    0    0 3008512   140 11776 17945   1   1  87  11   0 2026-09-15 08:24:50
 1  5       590488       765024       192856     58658620    0    0 3111944     0 11811 18012   1   1  86  11   0 2026-09-15 08:24:51
 2  5       590488       764848       192856     58658632    0    0 3134464     0 11770 18109   1   1  87  11   0 2026-09-15 08:24:52
 2  6       590488       765148       192856     58658656    0    0 3249152   340 11758 18194   1   1  88  10   0 2026-09-15 08:24:53
 0  8       590488       761944       192856     58658672    0    0 3286016     0 11967 18412   1   1  88  10   0 2026-09-15 08:24:54
 1  3       590488       762232       192864     58658672    0    0 3132416   136 11703 18179   1   1  86  12   0 2026-09-15 08:24:55
 0  5       590488       765592       192864     58658764    0    0 3200064     0 12087 18107   1   1  86  12   0 2026-09-15 08:24:56
 1  4       590488       768412       192864     58658776    0    0 3175424     0 11918 18284   1   1  88  10   0 2026-09-15 08:24:57
 0  5       590488       767444       192864     58658792    0    0 3249664   280 11963 18509   1   1  89   9   0 2026-09-15 08:24:58
 0  6       590488       765752       192864     58658808    0    0 3262976     0 11959 18337   1   1  88   9   0 2026-09-15 08:24:59
 1  5       590488       765308       192872     58658832    0    0 3133440   144 11830 18066   1   1  86  12   0 2026-09-15 08:25:00
 1  7       590488       766160       192872     58658840    0    0 3216384     0 12099 18224   1   1  88  10   0 2026-09-15 08:25:01
 0  8       590488       766232       192872     58658856    0    0 3249152     0 11709 18333   1   1  88  10   0 2026-09-15 08:25:02
 0  3       590488       766276       192872     58658864    0    0 3264512     0 12026 18454   1   1  88  10   0 2026-09-15 08:25:03
procs -----------------------memory---------------------- ---swap-- -----io---- -system-- --------cpu-------- -----timestamp-----
 r  b         swpd         free         buff        cache   si   so    bi    bo   in   cs  us  sy  id  wa  st                 KST
 0  5       590488       764532       192872     58658884    0    0 3211264   480 11932 18192   1   1  86  12   0 2026-09-15 08:25:04
 1  4       590488       763560       192880     58659032    0    0 3102848   160 11916 18411   1   1  89   9   0 2026-09-15 08:25:05
 1  5       590488       762620       192880     58659048    0    0 3200000     0 11911 18283   1   1  89   9   0 2026-09-15 08:25:06
 3  5       590488       763964       192880     58659096    0    0 3253276     0 11817 18214   1   1  90   8   0 2026-09-15 08:25:07
 0  6       590488       763548       192880     58659108    0    0 3175424     0 11962 18167   1   1  86  12   0 2026-09-15 08:25:08
 0  8       590488       765600       192896     58659124    0    0 3168256   476 11529 18062   1   1  86  12   0 2026-09-15 08:25:09
 2  0       590488       766904       192896     58659132    0    0 3241472     0 12124 18701   1   1  89   9   0 2026-09-15 08:25:10
 1  0       590488       766444       192896     58659156    0    0 3288576     0 13810 19008   3   1  88   8   0 2026-09-15 08:25:11
 1  0       590488       765752       192896     58659168    0    0     0     0 7840 12268   3   0  96   0   0 2026-09-15 08:25:12
 1  0       590488       767528       192904     58659184    0    0     0   252 7697 12306   3   0  97   0   0 2026-09-15 08:25:13
 1  0       590488       767172       192904     58659196    0    0     0   588 123210 12455   3   1  96   0   0 2026-09-15 08:25:14
 1  0       590488       766192       192904     58659216    0    0     0     0 7544 12280   3   0  97   0   0 2026-09-15 08:25:15
 1  0       590488       764936       192904     58659236    0    0    20     0 7363 12374   3   0  97   0   0 2026-09-15 08:25:16
 1  0       590488       767464       192904     58659260    0    0     0     0 7354 12284   3   0  96   0   0 2026-09-15 08:25:17
 1  0       590488       765988       192912     58659260    0    0     0   140 7614 12498   3   0  96   0   0 2026-09-15 08:25:18
 2  0       590488       766040       192912     58659288    0    0     0   328 7505 12307   3   0  97   0   0 2026-09-15 08:25:19
 1  0       590488       766052       192912     58659292    0    0     0     0 7865 12424   3   0  96   0   0 2026-09-15 08:25:20
 1  0       590488       764552       192912     58659324    0    0     0     0 7477 12267   3   0  97   0   0 2026-09-15 08:25:21
 1  0       590488       763796       192912     58659332    0    0     0     0 7607 12345   3   0  97   0   0 2026-09-15 08:25:22
 1  0       590488       764184       192920     58659348    0    0     0   124 7474 12366   3   0  96   0   0 2026-09-15 08:25:23
 2  0       590488       746580       194368     58675116    4    0  2236   572 7784 12709   3   0  96   0   0 2026-09-15 08:25:24
procs -----------------------memory---------------------- ---swap-- -----io---- -system-- --------cpu-------- -----timestamp-----
 r  b         swpd         free         buff        cache   si   so    bi    bo   in   cs  us  sy  id  wa  st                 KST
 1  0       590488       744072       194620     58676592    0    0  1020     0 7886 12837   3   0  96   0   0 2026-09-15 08:25:25
 1  0       590488       743068       194620     58676596    0    0     0     0 7380 12298   3   0  96   0   0 2026-09-15 08:25:26
 1  0       590488       744360       194620     58676616    0    0     0     0 7549 12376   3   0  97   0   0 2026-09-15 08:25:27
 1  0       590488       742612       194620     58676632    0    0     0     0 7440 12468   3   0  97   0   0 2026-09-15 08:25:28
 2  0       590488       742372       194620     58676644    0    0     0 14816 7502 12317   3   0  97   0   0 2026-09-15 08:25:29
 1  0       590488       741376       194632     58676656    0    0     0   304 7524 12452   3   0  97   0   0 2026-09-15 08:25:30
 2  0       590488       742136       194632     58676672    0    0     0     0 7320 12333   3   0  97   0   0 2026-09-15 08:25:31
 1  0       590488       742144       194632     58676684    0    0     0     0 7475 12286   3   0  97   0   0 2026-09-15 08:25:32
 1  0       590488       741656       194632     58676704    0    0     0     0 7456 12300   3   0  96   0   0 2026-09-15 08:25:33
 1  0       590488       742672       194632     58676704    0    0     0     0 7449 12409   3   0  97   0   0 2026-09-15 08:25:34
 1  0       590488       743936       194640     58676732    0    0     0    36 7267 12297   3   1  96   0   0 2026-09-15 08:25:35
 1  0       590488       743440       194640     58676736    0    0     0     0 7344 12312   3   1  96   0   0 2026-09-15 08:25:36
 0  1       590488       743240       194640     58676764    0    0 1696256     0 9862 15416   2   1  91   6   0 2026-09-15 08:25:37
 0  5       590488       742996       194640     58676776    0    0 1368576     0 9347 14981   2   1  91   6   0 2026-09-15 08:25:38
 2  4       590488       742028       194640     58676788    0    0 1424896     0 9285 14789   2   1  92   6   0 2026-09-15 08:25:39
 1  5       590488       744568       194648     58676808    0    0 1342976   588 9459 14816   2   1  92   6   0 2026-09-15 08:25:40
 1  6       590488       745832       194648     58676816    0    0 1337344     0 9224 14750   2   1  91   6   0 2026-09-15 08:25:41
 0  8       590488       745348       194648     58676836    0    0 1491968     0 9418 15230   2   1  93   4   0 2026-09-15 08:25:42
 1  0       590488       745396       194648     58676848    0    0 1623040     0 9681 15470   2   1  92   5   0 2026-09-15 08:25:43
 1  0       590488       744648       194648     58676864    0    0 1714176     0 10001 15443   2   1  92   5   0 2026-09-15 08:25:44
 1  0       590488       743020       194656     58676876   20    0 1714196   316 10168 15779   2   1  92   5   0 2026-09-15 08:25:45
procs -----------------------memory---------------------- ---swap-- -----io---- -system-- --------cpu-------- -----timestamp-----
 r  b         swpd         free         buff        cache   si   so    bi    bo   in   cs  us  sy  id  wa  st                 KST
 1  0       590488       741788       194656     58676892    0    0 1714176     0 10033 15575   2   1  91   6   0 2026-09-15 08:25:46
 1  0       590488       740076       194656     58676908    0    0 1714176     0 62247 15534   2   1  90   7   0 2026-09-15 08:25:47
 4  0       590488       738844       194656     58676916    0    0 1714176     0 9579 15508   2   1  91   6   0 2026-09-15 08:25:48
 1  3       590488       739120       194656     58676940    0    0 1540096     0 9484 15034   2   1  91   6   0 2026-09-15 08:25:49
 1  5       590488       738940       194664     58676960    0    0 1465344   360 9490 15037   2   1  92   5   0 2026-09-15 08:25:50
 0  5       590488       738452       194664     58676980    0    0 1384960     0 9296 14869   2   1  91   6   0 2026-09-15 08:25:51
 1  5       590488       738496       194664     58676992    0    0 1357312     0 9398 14835   2   1  91   6   0 2026-09-15 08:25:52
 0  7       590488       739276       194664     58677012    0    0 1381376     0 9440 14733   2   1  92   5   0 2026-09-15 08:25:53
 0  8       590488       739560       194664     58677020    0    0 1515520     0 9438 15401   2   1  93   4   0 2026-09-15 08:25:54
 1  0       590488       739068       194672     58677036    0    0 1640448   348 9630 15484   2   1  90   7   0 2026-09-15 08:25:55
 1  0       590488       738612       194672     58677052    0    0 1714176     0 9702 15428   2   1  91   6   0 2026-09-15 08:25:56
 1  0       590488       737668       194672     58677060    0    0 1714176     0 9921 15471   2   1  92   5   0 2026-09-15 08:25:57
 1  0       590488       736672       194672     58677080    0    0 1714176     0 9775 15551   2   1  91   7   0 2026-09-15 08:25:58
 1  0       590488       734952       194672     58677084    0    0 1714176     0 9880 15528   2   1  90   7   0 2026-09-15 08:25:59
 1  0       590488       734456       194680     58677104    0    0 1714176   144 9742 15490   2   1  90   8   0 2026-09-15 08:26:00
 1  3       590488       734248       194680     58677112    8    0 1552392   240 9551 15274   2   1  92   5   0 2026-09-15 08:26:01
 0  4       590488       735768       194680     58677136    0    0 1367040     0 9436 14801   2   1  92   6   0 2026-09-15 08:26:02
 0  6       590488       736072       194680     58677152    0    0 1363968     0 9359 14788   2   1  92   5   0 2026-09-15 08:26:03
 1  5       590488       736608       194680     58677164    0    0 1340416     0 9261 14681   2   1  92   5   0 2026-09-15 08:26:04
 1  6       590488       736664       194688     58677176    0    0 1423360   132 9515 15217   2   1  93   5   0 2026-09-15 08:26:05
 2  0       590488       735924       194688     58677192    0    0 1523712   212 9775 15478   2   1  92   5   0 2026-09-15 08:26:06
procs -----------------------memory---------------------- ---swap-- -----io---- -system-- --------cpu-------- -----timestamp-----
 r  b         swpd         free         buff        cache   si   so    bi    bo   in   cs  us  sy  id  wa  st                 KST
 1  0       590488       736692       194688     58677208    0    0 1714176     0 9874 15424   2   1  91   7   0 2026-09-15 08:26:07
 1  0       590488       738976       194688     58677220    0    0 1714176     0 10065 15521   2   1  92   6   0 2026-09-15 08:26:08
 1  0       590488       739772       194688     58677228    0    0 1714176     0 10539 15546   2   1  91   6   0 2026-09-15 08:26:09
 1  0       590488       738312       194696     58677252    0    0 1714176   120 10078 15607   2   1  91   7   0 2026-09-15 08:26:10
 1  0       590488       739588       194696     58677268    0    0 1714176   200 10069 15650   2   1  90   7   0 2026-09-15 08:26:11
 0  1       590488       740888       194696     58677280    0    0 1703424     0 9807 15387   2   1  91   6   0 2026-09-15 08:26:12
 1  4       590488       738960       194696     58677300    0    0 1455616     0 9417 14964   2   1  92   5   0 2026-09-15 08:26:13
 0  5       590488       739728       194696     58677316    0    0 1443840     0 9281 15003   2   1  92   6   0 2026-09-15 08:26:14
 1  4       590488       739992       194704     58677328    8    0 1468936   156 9378 14983   2   1  91   6   0 2026-09-15 08:26:15
 2  6       590488       741072       194704     58677340    0    0 1430016   244 9430 15007   2   1  93   4   0 2026-09-15 08:26:16
 0  7       590488       741164       194704     58677360    0    0 1364992     0 9246 14709   2   1  93   4   0 2026-09-15 08:26:17
 0  8       590488       740196       194704     58677380    0    0 1495040     0 9288 15254   2   1  93   4   0 2026-09-15 08:26:18
 1  0       590488       739960       194704     58677388    0    0 1637376     0 9742 15573   2   1  93   4   0 2026-09-15 08:26:19
 1  0       590488       739136       194712     58677408    0    0 1714176   128 41732 15490   2   1  92   5   0 2026-09-15 08:26:20
 1  0       590488       740656       194712     58677424    0    0 1714176     0 9913 15546   2   1  92   6   0 2026-09-15 08:26:21
 5  0       590488       742212       194712     58677440    0    0 1714176   224 10015 15558   4   1  89   6   0 2026-09-15 08:26:22
 3  3       590488       739232       198324     58678060    0    0   744 1565696 11170 16876   7   1  86   7   0 2026-09-15 08:26:23
 1  0       590488       740804       199108     58679068    0    0   224 303104 7825 13231   3   1  95   1   0 2026-09-15 08:26:24
 2  0       590488       740088       199136     58679080    0    0     0  5844 7206 12501   3   0  96   0   0 2026-09-15 08:26:25
 1  0       590488       741348       199136     58679092    0    0     0     0 6921 12372   3   0  97   0   0 2026-09-15 08:26:26
 1  0       590488       740372       199136     58679108    0    0     0  4212 7091 12337   3   1  96   0   0 2026-09-15 08:26:27
procs -----------------------memory---------------------- ---swap-- -----io---- -system-- --------cpu-------- -----timestamp-----
 r  b         swpd         free         buff        cache   si   so    bi    bo   in   cs  us  sy  id  wa  st                 KST
 1  0       590488       739964       199136     58679128    0    0     0     0 6961 12307   3   0  96   0   0 2026-09-15 08:26:28
 3  5       590488       739796       199136     58679136    0    0 3124224     0 11533 18010   1   1  88  10   0 2026-09-15 08:26:29
 1  4       590488       739132       199144     58679148    0    0 3096064   120 11869 18079   1   1  88  10   0 2026-09-15 08:26:30
 0  6       590488       737720       199144     58679168    0    0 3123712     0 11619 17878   1   1  87  11   0 2026-09-15 08:26:31
 2  5       590488       737804       199144     58679188    0    0 3233792  1716 11840 18303   1   1  89   9   0 2026-09-15 08:26:32
 1  5       590488       737168       199144     58679204    0    0 3251200     0 11946 18269   1   1  88  10   0 2026-09-15 08:26:33
 0  7       590488       737232       199144     58679216    0    0 3203072     0 11881 18238   1   1  88  10   0 2026-09-15 08:26:34
 0  1       590488       737600       199152     58679228    0    0 3242496    36 11625 18573   1   1  90   8   0 2026-09-15 08:26:35
 0  4       590488       736664       199152     58679248    0    0 3273216     0 11915 18258   1   1  87  11   0 2026-09-15 08:26:36
 1  4       590488       736756       199152     58679256    0    0 3230720   212 12062 18262   1   1  86  12   0 2026-09-15 08:26:37
 0  5       590488       736096       199152     58679276    0    0 3184640     0 11773 18102   1   1  86  11   0 2026-09-15 08:26:38
 0  5       590488       736424       199152     58679292    0    0 3283456     0 11786 18381   1   1  86  12   0 2026-09-15 08:26:39
 1  5       590488       737284       199160     58679304    0    0 3153408   132 11996 18122   1   1  87  11   0 2026-09-15 08:26:40
 2  5       590488       739336       199160     58679320    0    0 3216384     0 11926 18085   1   1  88  10   0 2026-09-15 08:26:41
 0  7       590488       739624       199160     58679332    0    0 3293184   216 12191 18554   1   1  87  11   0 2026-09-15 08:26:42
 4  7       590488       738876       199160     58679352    0    0 3255296     0 11949 18229   1   2  87  11   0 2026-09-15 08:26:43
 3  1       590488       738380       199160     58679360    0    0 3249664     0 11969 18518   1   1  86  12   0 2026-09-15 08:26:44
 2  4       590488       743188       199168     58679376    0    0 3268096   140 12091 18589   1   1  88  11   0 2026-09-15 08:26:45
 0  5       590488       743460       199168     58679388    0    0 3318784     0 12229 18384   1   2  87  11   0 2026-09-15 08:26:46
 0  5       590488       744756       199168     58679408    0    0 3173376   152 11925 18170   1   1  88  10   0 2026-09-15 08:26:47
 0  5       590488       744012       199168     58679424    0    0 3148288     0 11936 18171   1   1  87  11   0 2026-09-15 08:26:48
procs -----------------------memory---------------------- ---swap-- -----io---- -system-- --------cpu-------- -----timestamp-----
 r  b         swpd         free         buff        cache   si   so    bi    bo   in   cs  us  sy  id  wa  st                 KST
 1  5       590488       745060       199168     58679440    0    0 3226112     0 12166 18215   1   1  86  11   0 2026-09-15 08:26:49
 1  5       590488       743332       199176     58679364    0    0 3221504   116 12217 18395   1   1  88  10   0 2026-09-15 08:26:50
 1  0       590488       742592       199176     58679380    0    0 1224704     0 9062 14765   2   1  95   3   0 2026-09-15 08:26:51
 2  0       590488       740856       199176     58679396    0    0     0     0 120882 12331   3   1  96   0   0 2026-09-15 08:26:52
 1  0       590488       742124       199176     58679408    0    0     0   140 7297 12314   3   0  97   0   0 2026-09-15 08:26:53
 1  0       590488       743136       199176     58679424    0    0     0     0 7218 12401   3   1  96   0   0 2026-09-15 08:26:54
 1  0       590488       742640       199184     58679440    0    0     0   120 7293 12273   3   0  97   0   0 2026-09-15 08:26:55
 1  0       590488       741892       199184     58679452    0    0     0     0 7224 12247   3   0  96   0   0 2026-09-15 08:26:56
 0  4       590488       741136       199184     58679472    0    0 2680320     0 11377 17198   1   1  87  11   0 2026-09-15 08:26:57
 2  5       590488       742692       199184     58679480    0    0 3188224   136 12199 18291   1   1  87  11   0 2026-09-15 08:26:58
 1  6       590488       742984       199184     58679532    0    0 2987040     0 11702 17792   1   1  88  10   0 2026-09-15 08:26:59
 0  8       590488       744588       199192     58679528    0    0 3217408   136 12359 18522   1   2  86  11   0 2026-09-15 08:27:00
 0  1       590488       742888       199192     58679560    0    0 3277312     0 12256 18444   1   1  86  12   0 2026-09-15 08:27:01
 0  5       590488       743172       199192     58679572    0    0 3186176     0 12131 18151   1   1  86  12   0 2026-09-15 08:27:02
 0  4       590488       743216       199192     58679584    0    0 3143680   240 11835 18506   1   1  86  12   0 2026-09-15 08:27:03
 0  6       590488       744992       199192     58679608    0    0 3196928     0 11769 18044   1   1  88  10   0 2026-09-15 08:27:04
 0  6       590488       742476       199200     58679616    4    0 3181572   140 12318 18392   1   1  88  10   0 2026-09-15 08:27:05
 1  6       590488       743996       199200     58679632    0    0 3139584     0 11795 18128   1   1  87  10   0 2026-09-15 08:27:06
 3  8       590488       745024       199200     58679644    0    0 3249152     0 11724 18259   1   1  88  10   0 2026-09-15 08:27:07
 0  1       590488       746096       199200     58679664    0    0 3196416   148 11949 18406   1   1  88  10   0 2026-09-15 08:27:08
 1  5       590488       746624       199200     58679676    0    0 3091968     0 11649 17955   1   1  86  12   0 2026-09-15 08:27:09
procs -----------------------memory---------------------- ---swap-- -----io---- -system-- --------cpu-------- -----timestamp-----
 r  b         swpd         free         buff        cache   si   so    bi    bo   in   cs  us  sy  id  wa  st                 KST
 1  4       590488       746416       199208     58679692    0    0 3159552   112 11704 18163   1   1  88  10   0 2026-09-15 08:27:10
 1  6       590488       745420       199208     58679708    0    0 3243520     0 12011 18280   1   1  88   9   0 2026-09-15 08:27:11
 1  5       590488       743156       199208     58679716    0    0 3252224     0 11874 18271   1   1  89  10   0 2026-09-15 08:27:12
 0  6       590488       743200       199208     58679736    0    0 3226624   136 11846 18409   1   1  89   9   0 2026-09-15 08:27:13
 1  7       590488       744980       199208     58679748    0    0 3228672     0 12075 18288   1   1  89   9   0 2026-09-15 08:27:14
 1  0       590488       744484       199216     58679764    0    0 3149824   124 11669 18218   1   1  87  11   0 2026-09-15 08:27:15
 1  3       590488       743484       199216     58679784    0    0 3315712     0 12028 18318   1   1  87  11   0 2026-09-15 08:27:16
 1  4       590488       744528       199216     58679792    0    0 3269632     0 11946 18231   1   1  88  10   0 2026-09-15 08:27:17
 0  5       590488       745592       199216     58679816    0    0 3284992   144 12071 18460   1   1  87  10   0 2026-09-15 08:27:18
 1  0       590488       745856       199216     58679824    0    0 2128896     0 10354 16325   1   1  91   7   0 2026-09-15 08:27:19
 1  0       590488       746368       199224     58679824    0    0     0   124 7039 12348   3   0  96   0   0 2026-09-15 08:27:20
 1  0       590488       744644       199224     58679852    0    0     0     0 7208 12508   3   0  96   0   0 2026-09-15 08:27:21
 1  0       590488       743680       199224     58679872    0    0     0     0 7159 12335   3   0  97   0   0 2026-09-15 08:27:22
 1  0       590488       742712       199224     58679884    0    0     0   140 7360 12510   3   1  96   0   0 2026-09-15 08:27:23
 1  0       590488       741960       199224     58679892    0    0     0     0 7273 12280   3   0  96   0   0 2026-09-15 08:27:24
 0  7       590488       740140       199232     58679912    0    0 1904640   120 72964 15867   2   2  90   7   0 2026-09-15 08:27:25
 0  8       590488       742168       199232     58679928    0    0 3308544     0 11864 18550   1   1  90   8   0 2026-09-15 08:27:26
 1  5       590488       742712       199232     58679940    0    0 3085312     0 11780 17993   1   1  89   9   0 2026-09-15 08:27:27
 2  4       590488       743988       199232     58679952    0    0 3152896   120 11790 18085   1   1  87  11   0 2026-09-15 08:27:28
 1  4       590488       744500       199232     58679976    0    0 3192320     0 11955 18152   1   1  87  11   0 2026-09-15 08:27:29
 1  5       590488       744532       199240     58679996    0    0 3196416   112 12083 18154   1   1  87  11   0 2026-09-15 08:27:30
procs -----------------------memory---------------------- ---swap-- -----io---- -system-- --------cpu-------- -----timestamp-----
 r  b         swpd         free         buff        cache   si   so    bi    bo   in   cs  us  sy  id  wa  st                 KST
 2  5       590488       743344       199240     58680008    0    0 3210240     0 11979 18209   1   1  87  11   0 2026-09-15 08:27:31
 1  6       590488       743440       199240     58680024    0    0 3191808     0 11883 18090   1   1  87  11   0 2026-09-15 08:27:32
 0  8       590488       742800       199240     58680036    0    0 3332096   140 12257 18665   1   1  88  10   0 2026-09-15 08:27:33
 2  2       590488       743432       199240     58680048    0    0 3188736     0 12071 18341   1   1  87  11   0 2026-09-15 08:27:34
 1  4       590488       744480       199248     58680064    0    0 3203072   136 11791 18136   1   1  88  10   0 2026-09-15 08:27:35
 1  4       590488       742972       199248     58680080    0    0 3216384     0 11808 18071   1   1  88  10   0 2026-09-15 08:27:36
 1  4       590488       743256       199248     58680096    0    0 3209728     0 11831 18034   1   1  86  12   0 2026-09-15 08:27:37
 1  5       590488       742008       199248     58680108    0    0 3255808     0 11958 18327   1   1  87  10   0 2026-09-15 08:27:38
 2  5       590488       741512       199248     58680128    0    0 3142656   148 11691 18115   1   1  87  10   0 2026-09-15 08:27:39
 1  6       590488       740540       199256     58680124    0    0 3215360   112 11849 18178   1   1  86  12   0 2026-09-15 08:27:40
 0  8       590488       740852       199256     58680152    0    0 3297280     0 12193 18444   1   1  88   9   0 2026-09-15 08:27:41
 1  0       590488       741392       199256     58680172    0    0 3264512     0 12283 18742   1   1  89   9   0 2026-09-15 08:27:42
 1  3       590488       741484       199256     58680188    0    0 3252224     0 12455 18334   1   1  89   9   0 2026-09-15 08:27:43
 3  4       590488       742788       199256     58680204    0    0 3048448   140 11702 17837   1   1  87  11   0 2026-09-15 08:27:44
 0  5       590488       741036       199264     58680220    0    0 3198464   136 12233 18494   1   1  87  11   0 2026-09-15 08:27:45
 0  6       590488       742332       199264     58680232    0    0 3187200     0 11924 18163   1   1  87  11   0 2026-09-15 08:27:46
 4  0       590488       742664       199264     58680240    0    0 2741248     0 11085 17499   1   1  89   8   0 2026-09-15 08:27:47
 2  0       590488       741912       199264     58680256    0    0     0     0 7343 12323   3   0  97   0   0 2026-09-15 08:27:48
 1  0       590488       740416       199264     58680272    0    0     0   144 7269 12353   3   0  96   0   0 2026-09-15 08:27:49
 1  0       590488       740924       199272     58680268    0    0     0   112 7302 12425   3   0  97   0   0 2026-09-15 08:27:50
 1  0       590488       741688       199272     58680300    0    0     0     0 7150 12274   3   1  96   0   0 2026-09-15 08:27:51
procs -----------------------memory---------------------- ---swap-- -----io---- -system-- --------cpu-------- -----timestamp-----
 r  b         swpd         free         buff        cache   si   so    bi    bo   in   cs  us  sy  id  wa  st                 KST
 1  0       590488       740944       199272     58680308    0    0     0     0 7327 12312   3   0  96   0   0 2026-09-15 08:27:52
 1  1       590488       739976       199272     58680332    0    0 1634816     0 9698 15410   2   1  91   6   0 2026-09-15 08:27:53
 1  4       590488       739744       199272     58680344    0    0 3117568   128 11934 18132   1   1  86  12   0 2026-09-15 08:27:54
 1  4       590488       740796       199280     58680356    0    0 3091968   120 11724 17903   1   1  86  12   0 2026-09-15 08:27:55
 1  5       590488       739816       199280     58680368    0    0 3137024     0 11697 18047   1   1  88  10   0 2026-09-15 08:27:56
 0  6       590488       738568       199280     58680388    0    0 3318784     0 11991 18386   1   2  89   9   0 2026-09-15 08:27:57
 1  5       590488       738576       199280     58680400    0    0 3228672     0 40415 18250   1   2  85  12   0 2026-09-15 08:27:58
 0  7       590488       738368       199280     58680416    0    0 3217408   148 11889 18251   1   1  88  10   0 2026-09-15 08:27:59
 0  8       590488       738656       199288     58680436    0    0 3325952   112 12173 18575   1   1  87  11   0 2026-09-15 08:28:00
 0  1       590488       737184       199288     58680444    0    0 3280384     0 12102 18366   1   1  87  11   0 2026-09-15 08:28:01
 0  4       590488       736244       199288     58680460    0    0 3300864     0 12373 18489   1   1  88  10   0 2026-09-15 08:28:02
 1  5       590488       737564       199288     58680468    0    0 3312640     0 12391 18425   1   1  86  12   0 2026-09-15 08:28:03
 2  4       590488       739092       199288     58680488    0    0 3229696   128 11922 18278   1   1  87  11   0 2026-09-15 08:28:04
 1  4       590488       742652       199296     58680504    0    0 3157504   128 11955 18338   1   1  88  10   0 2026-09-15 08:28:05
 0  6       590488       743448       199296     58680520    0    0 3292672     0 12269 18515   1   1  89   8   0 2026-09-15 08:28:06
 1  5       590488       744968       199296     58680536    0    0 3164160     0 11984 18006   1   1  87  11   0 2026-09-15 08:28:07
 1  6       590488       744472       199296     58680548    0    0 3218432     0 11841 18219   1   1  87  11   0 2026-09-15 08:28:08
 0  7       590488       745520       199296     58680560    0    0 3287040     0 12042 18314   1   1  86  12   0 2026-09-15 08:28:09
 0  1       590488       746280       199304     58680568    0    0 3245568   260 12110 18729   1   1  87  11   0 2026-09-15 08:28:10
 0  3       590488       748084       199304     58680596    0    0 3319296     0 12216 18282   1   1  87  11   0 2026-09-15 08:28:11
 0  5       590488       748368       199304     58680604    0    0 3131392     0 11955 18137   1   1  86  11   0 2026-09-15 08:28:12
procs -----------------------memory---------------------- ---swap-- -----io---- -system-- --------cpu-------- -----timestamp-----
 r  b         swpd         free         buff        cache   si   so    bi    bo   in   cs  us  sy  id  wa  st                 KST
 1  4       590488       747632       199304     58680624    0    0 3300352     0 11853 18460   1   1  88  10   0 2026-09-15 08:28:13
 0  6       590488       747160       199304     58680644    0    0 3131392     0 11947 18132   1   1  87  11   0 2026-09-15 08:28:14
 1  0       590488       746924       199312     58680648    0    0 2551808   284 10780 17145   1   1  91   7   0 2026-09-15 08:28:15
 1  0       590488       746700       199312     58680668    0    0     0     0 7081 12284   3   0  97   0   0 2026-09-15 08:28:16
 1  0       590488       744948       199312     58680692    0    0     0     0 7015 12307   3   0  97   0   0 2026-09-15 08:28:17
 1  0       590488       743944       199312     58680704    0    0     0     0 7137 12462   3   0  97   0   0 2026-09-15 08:28:18
 1  0       590488       742688       199312     58680720    0    0     0     0 7141 12387   3   0  97   0   0 2026-09-15 08:28:19
 2  0       590488       742448       199320     58680728    0    0     0   328 7003 12328   3   0  97   0   0 2026-09-15 08:28:20
 1  0       590488       740952       199320     58680748    0    0 1714176     0 9636 15457   2   1  91   7   0 2026-09-15 08:28:21
 3  4       590488       742000       199320     58680756    0    0 3136512     0 11726 18155   1   1  86  12   0 2026-09-15 08:28:22
 0  5       590488       741756       199320     58680768    0    0 3082752     0 11779 17798   1   1  86  12   0 2026-09-15 08:28:23
 1  6       590488       741100       199320     58680784    0    0 3224064     0 11907 18227   1   1  89   9   0 2026-09-15 08:28:24
 1  5       590488       741112       199328     58680804    0    0 3085312   288 12172 18399   1   1  86  12   0 2026-09-15 08:28:25
 1  7       590488       740360       199328     58680816    0    0 3163136     0 11916 18100   1   1  88  10   0 2026-09-15 08:28:26
 0  8       590488       738132       199328     58680828    0    0 3242096     0 11836 18416   1   2  87  11   0 2026-09-15 08:28:27
 0  1       590488       739168       199328     58680960    0    0 3303936     0 12023 18335   1   1  89   9   0 2026-09-15 08:28:28
 1  4       590488       737912       199328     58680976    0    0 3073536     0 11765 17906   1   1  87  11   0 2026-09-15 08:28:29
 0  4       590488       738180       199336     58680984    0    0 3198976   112 12026 18257   1   1  87  11   0 2026-09-15 08:28:30
 1  5       590488       736500       199336     58681004    0    0 3141632   124 62410 18107   1   2  87  11   0 2026-09-15 08:28:31
 0  6       590488       734496       199336     58681016    0    0 3261440     0 11981 18184   1   1  88  10   0 2026-09-15 08:28:32
 1  5       590488       735544       199336     58681032    0    0 3229696     0 12067 18398   1   1  87  11   0 2026-09-15 08:28:33
procs -----------------------memory---------------------- ---swap-- -----io---- -system-- --------cpu-------- -----timestamp-----
 r  b         swpd         free         buff        cache   si   so    bi    bo   in   cs  us  sy  id  wa  st                 KST
 0  7       590488       735556       199336     58681044    0    0 3186688     0 11808 18265   1   1  88  10   0 2026-09-15 08:28:34
 0  1       590488       735828       199344     58681068    0    0 3238400   144 12217 18625   1   1  88  10   0 2026-09-15 08:28:35
 2  3       590488       735868       199344     58681068    0    0 3249664   168 12005 18183   1   1  85  13   0 2026-09-15 08:28:36
 1  5       590488       735192       199344     58681088    0    0 3120128     0 11741 17993   1   1  86  12   0 2026-09-15 08:28:37
 1  4       590488       735956       199344     58681104    0    0 3163648     0 11807 18097   1   1  87  10   0 2026-09-15 08:28:38
 2  5       590488       735000       199344     58681124    0    0 3183104     0 11555 18066   1   1  88  10   0 2026-09-15 08:28:39
 1  5       590488       735792       199352     58681128    0    0 3179520   112 11816 18052   1   1  89   9   0 2026-09-15 08:28:40
 1  7       590488       736840       199352     58681152    0    0 3217408   124 11704 18086   1   1  89   9   0 2026-09-15 08:28:41
 0  8       590488       735616       199352     58681164    0    0 3339264     0 12048 18529   1   1  87  11   0 2026-09-15 08:28:42
 1  0       590488       735380       199352     58681176    0    0 3260416     0 12182 18748   1   1  86  12   0 2026-09-15 08:28:43
 1  0       590488       734640       199352     58681184    0    0     0     0 7086 12406   3   0  96   0   0 2026-09-15 08:28:44
 1  0       590488       737932       199360     58681204    0    0     0   128 7418 12701   3   0  96   0   0 2026-09-15 08:28:45
 1  0       590488       736928       199360     58681212    0    0     0   148 7187 12382   3   0  97   0   0 2026-09-15 08:28:46
 1  0       590488       734668       199360     58681228    0    0     0     0 7075 12251   3   0  97   0   0 2026-09-15 08:28:47
 1  0       590488       734180       199360     58681248    0    0     0     0 7097 12265   3   0  97   0   0 2026-09-15 08:28:48
 3  4       590488       734440       199360     58681268    0    0 1091584     0 8864 14192   2   1  93   4   0 2026-09-15 08:28:49
 0  6       590488       734456       199368     58681272    0    0 3047424   116 11660 17860   1   1  86  12   0 2026-09-15 08:28:50
 0  7       590488       733228       199368     58681292    0    0 3070976   132 11720 18135   1   1  86  12   0 2026-09-15 08:28:51
 0  8       590488       735000       199368     58681312    0    0 3230720     0 11918 18332   1   1  90   8   0 2026-09-15 08:28:52
 0  3       590488       734096       199368     58681316    0    0 3178496     0 12269 18426   1   2  86  12   0 2026-09-15 08:28:53
 1  5       590488       733152       199368     58681336    0    0 3246080     0 11866 18328   1   1  88  10   0 2026-09-15 08:28:54
procs -----------------------memory---------------------- ---swap-- -----io---- -system-- --------cpu-------- -----timestamp-----
 r  b         swpd         free         buff        cache   si   so    bi    bo   in   cs  us  sy  id  wa  st                 KST
 0  5       590488       732188       199376     58681340    0    0 3247104   128 11865 18382   1   2  88  10   0 2026-09-15 08:28:55
 2  4       590488       731828       199376     58681364    0    0 3275776   148 11847 18363   1   1  88  10   0 2026-09-15 08:28:56
 0  5       590488       731116       199376     58681380    0    0 3269120     0 12008 18201   1   1  87  11   0 2026-09-15 08:28:57
 0  6       590488       730688       199376     58681392    0    0 3141120     0 11862 18170   1   1  87  11   0 2026-09-15 08:28:58
 0  6       590488       731244       199376     58681408    0    0 3230720     0 11696 18184   1   1  89   9   0 2026-09-15 08:28:59
 0  7       590488       730020       199384     58681428    0    0 3237888   116 12046 18222   1   1  87  11   0 2026-09-15 08:29:00
 0  8       590488       728868       199384     58681436    0    0 3306496     0 11731 18389   1   1  87  11   0 2026-09-15 08:29:01
 2  1       590488       728936       199384     58681456    0    0 3213824   124 12029 18383   1   1  87  11   0 2026-09-15 08:29:02
 2  4       590488       727656       199384     58681468    0    0 3205632     0 82989 18111   1   2  86  11   0 2026-09-15 08:29:03
 0  4       590488       727060       199384     58681488    0    0 3255296     0 15019 18341   1   1  87  11   0 2026-09-15 08:29:04
 0  5       590488       731600       199392     58681492    4    0 3215980   116 12120 18670   1   1  87  11   0 2026-09-15 08:29:05
 0  6       590488       731616       199392     58681612    0    0 3259904     0 12176 18477   1   2  85  12   0 2026-09-15 08:29:06
 1  6       590488       731368       199392     58681644    0    0 3279872   140 12000 18313   1   1  87  11   0 2026-09-15 08:29:07
 1  5       590488       731116       199392     58681648    0    0 3236864     0 12061 18190   1   1  88  10   0 2026-09-15 08:29:08
 0  7       590488       730140       199392     58681672    0    0 3238912     0 12179 18340   1   1  87  10   0 2026-09-15 08:29:09
 2  6       590488       730152       199400     58681680    0    0 3277824   140 11997 18477   1   1  88  10   0 2026-09-15 08:29:10
 1  0       590488       730416       199400     58681700    0    0 3237888     0 11985 18533   1   1  87  11   0 2026-09-15 08:29:11
 1  0       590488       731732       199400     58681712    0    0     0   160 7230 12382   3   0  97   0   0 2026-09-15 08:29:12
 1  0       590488       732048       199400     58681728    0    0     0     0 7223 12319   3   0  97   0   0 2026-09-15 08:29:13
 1  0       590488       733392       199400     58681748    0    0     0     0 7499 12550   3   0  96   0   0 2026-09-15 08:29:14
 2  0       590488       732952       199408     58681756    0    0     0   128 7207 12305   3   0  96   0   0 2026-09-15 08:29:15
procs -----------------------memory---------------------- ---swap-- -----io---- -system-- --------cpu-------- -----timestamp-----
 r  b         swpd         free         buff        cache   si   so    bi    bo   in   cs  us  sy  id  wa  st                 KST
 1  0       590488       733000       199408     58681768    0    0     0     0 7130 12341   3   0  96   0   0 2026-09-15 08:29:16
 1  4       590488       732572       199408     58681796    0    0 1113088   152 8682 14302   2   1  93   4   0 2026-09-15 08:29:17
 0  6       590488       733832       199408     58681800    0    0 3048448     0 11688 17895   1   1  87  11   0 2026-09-15 08:29:18
 0  6       590488       734344       199408     58681816    0    0 3163136     0 11914 18103   1   1  87  11   0 2026-09-15 08:29:19
 2  7       590488       733700       199416     58681820    0    0 3133440   128 11623 17952   1   1  87  11   0 2026-09-15 08:29:20
 1  7       590488       732988       199416     58681848    0    0 3328000     0 11814 18537   1   2  87  10   0 2026-09-15 08:29:21
 0  2       590488       733288       199548     58681856    0    0 3270272     0 12013 18371   1   1  87  11   0 2026-09-15 08:29:22
 1  4       590488       733800       199548     58681868    0    0 3228160   128 12009 18511   1   1  86  12   0 2026-09-15 08:29:23
 1  4       590488       734376       199548     58681892    0    0 3211264     0 11890 18316   1   1  88  10   0 2026-09-15 08:29:24
 0  5       590488       732656       199556     58682044    0    0 3136148   120 11971 18491   1   1  86  12   0 2026-09-15 08:29:25
 2  5       590488       734052       199556     58682064    0    0 3161600     0 11862 18093   1   1  86  12   0 2026-09-15 08:29:26
 2  4       590488       732824       199556     58682076    0    0 3241984     0 11872 18139   1   1  88  10   0 2026-09-15 08:29:27
 0  7       590488       732592       199556     58682096    0    0 3192832   140 11752 18105   1   1  86  12   0 2026-09-15 08:29:28
 0  8       590488       732092       199556     58682104    0    0 3274752     0 11966 18451   1   1  87  11   0 2026-09-15 08:29:29
 0  0       590488       733396       199564     58682128    0    0 3270144   116 12043 18578   1   1  87  10   0 2026-09-15 08:29:30
 1  4       590488       732936       199564     58682140    0    0 3272192     0 11824 18313   1   1  87  11   0 2026-09-15 08:29:31
 0  5       590488       732472       199564     58682156    0    0 3225600     0 12178 18133   1   2  88  10   0 2026-09-15 08:29:32
 0  6       590488       728508       199576     58690248   84    0 3214080   136 12182 18406   1   1  87  10   0 2026-09-15 08:29:33
 2  5       590232       923416       199216     58530544  468    0 3064240   248 12499 19752   2   1  85  11   0 2026-09-15 08:29:34
 1  5       590232       922436       199216     58530628    0    0 3261440     0 11871 18464   1   1  87  11   0 2026-09-15 08:29:35
 1  6       590232       921208       199216     58530640    0    0 3269632     0 12230 18343   1   1  87  11   0 2026-09-15 08:29:36
procs -----------------------memory---------------------- ---swap-- -----io---- -system-- --------cpu-------- -----timestamp-----
 r  b         swpd         free         buff        cache   si   so    bi    bo   in   cs  us  sy  id  wa  st                 KST
 1  7       590232       919656       199216     58530656    0    0 3238912     0 82558 18209   1   2  86  10   0 2026-09-15 08:29:37
 0  8       590232       918680       199216     58530684    0    0 3333120   220 11986 18679   1   1  89   9   0 2026-09-15 08:29:38
 0  1       590232       916432       199228     58530688    0    0 3277312   204 12164 18439   1   1  88  10   0 2026-09-15 08:29:39
 3  0       590232       915204       199228     58530704    0    0 78336     0 7148 12556   3   0  97   0   0 2026-09-15 08:29:40
 1  0       590232       913452       199228     58530716    0    0     0     0 7050 12236   3   0  97   0   0 2026-09-15 08:29:41
 1  0       590232       911192       199228     58530732    0    0     0     0 7202 12323   3   0  97   0   0 2026-09-15 08:29:42
 2  0       590232       908928       199228     58530736    0    0     0   200 7290 12325   3   0  97   0   0 2026-09-15 08:29:43
 1  0       590232       907164       199236     58530756    0    0     0   112 7252 12294   3   0  97   0   0 2026-09-15 08:29:44
 0  5       590232       905436       199236     58530764    0    0 1015296     0 8935 14391   2   1  92   5   0 2026-09-15 08:29:45
 1  5       590232       902920       199236     58530788    0    0 3205632     0 11707 18226   1   1  86  12   0 2026-09-15 08:29:46
 2  5       590232       902180       199236     58530804    0    0 3049472     0 11855 17874   1   1  88  10   0 2026-09-15 08:29:47
 0  8       590232       901936       199236     58530816    0    0 3162112   136 11748 18189   1   1  86  12   0 2026-09-15 08:29:48
 1  0       590232       902196       199244     58530832    0    0 3207680   120 12298 18481   1   1  87  11   0 2026-09-15 08:29:49
 2  4       590232       901980       199244     58530844    0    0 3209728     0 11750 18194   1   1  86  12   0 2026-09-15 08:29:50
 1  4       590232       902024       199244     58530856    0    0 3177472     0 11852 18193   1   1  89   9   0 2026-09-15 08:29:51
 1  4       590232       900556       199244     58530880    0    0 3223040     0 12007 18265   1   1  87  11   0 2026-09-15 08:29:52
 0  6       590232       899116       199244     58530888    0    0 3201536   124 11977 18229   1   1  86  12   0 2026-09-15 08:29:53
 0  6       590232       899720       199244     58530912    0    0 3197952     0 12139 18159   1   1  88  10   0 2026-09-15 08:29:54
 0  7       590232       898240       199252     58530924    0    0 3264512   112 12299 18438   1   1  87  10   0 2026-09-15 08:29:55
 0  7       590232       897232       199252     58530940    0    0 3271680     0 11879 18153   1   1  87  11   0 2026-09-15 08:29:56
 0  1       590232       896540       199252     58530948    0    0 3226112     0 12113 18541   1   1  86  12   0 2026-09-15 08:29:57
procs -----------------------memory---------------------- ---swap-- -----io---- -system-- --------cpu-------- -----timestamp-----
 r  b         swpd         free         buff        cache   si   so    bi    bo   in   cs  us  sy  id  wa  st                 KST
 1  3       590232       895536       199252     58530968    0    0 3296768     0 12104 18401   1   1  86  12   0 2026-09-15 08:29:58
 2  4       590232       896556       199252     58530984    0    0 3202048   136 11608 18145   1   1  87  11   0 2026-09-15 08:29:59
 2  3       590232       899584       199260     58530996    0    0 3278848   132 12093 18413   1   1  87  11   0 2026-09-15 08:30:00
 1  4       590232       900880       199260     58531016    0    0 3219968     0 11857 18188   1   1  86  12   0 2026-09-15 08:30:01
 0  6       590232       899648       199260     58531028    0    0 3215872     0 12058 18163   1   1  87  11   0 2026-09-15 08:30:02
 1  5       590232       898940       199260     58531048    0    0 3233792     0 11873 18282   1   1  88  10   0 2026-09-15 08:30:03
 1  5       590232       899196       199260     58531184    0    0 3280000   280 12002 18348   1   1  87  11   0 2026-09-15 08:30:04
 0  7       590232       898484       199268     58531196    0    0 3196928   164 12399 18824   1   1  86  12   0 2026-09-15 08:30:05
 0  8       590232       896552       199268     58531220    0    0 3306496     0 11942 18578   1   1  87  11   0 2026-09-15 08:30:06
 1  0       590232       895572       199268     58531232    0    0 3293696     0 12199 18592   1   1  87  11   0 2026-09-15 08:30:07
 1  0       590232       893816       199268     58531240    0    0 294400     0 7654 13034   3   0  96   1   0 2026-09-15 08:30:08
 1  0       590232       892812       199268     58531252    0    0     0   192 7090 12263   3   0  96   0   0 2026-09-15 08:30:09
 1  0       590232       891048       199276     58531264    0    0     0   120 7366 12533   3   0  97   0   0 2026-09-15 08:30:10
 1  0       590232       889024       199276     58531284    0    0     0     0 132911 12355   3   1  96   0   0 2026-09-15 08:30:11
 2  0       590232       887580       199276     58531300    0    0     0     0 7209 12292   3   0  96   0   0 2026-09-15 08:30:12
 1  0       590232       886840       199292     58531308    0    0     0    68 7137 12356   3   1  96   0   0 2026-09-15 08:30:13
 1  0       590232       886644       199292     58531328    0    0     0   148 7264 12417   3   0  97   0   0 2026-09-15 08:30:14
 1  0       590232       888672       199292     58531348    0    0     0     0 7374 12550   3   0  96   0   0 2026-09-15 08:30:15
 2  0       590232       887920       199292     58531356    0    0     0     0 7289 12231   3   0  97   0   0 2026-09-15 08:30:16
 1  0       590232       887680       199292     58531376    0    0     0     0 7230 12478   3   0  97   0   0 2026-09-15 08:30:17
 1  0       590232       888196       199292     58531380    0    0     0     0 7297 12412   3   0  97   0   0 2026-09-15 08:30:18
procs -----------------------memory---------------------- ---swap-- -----io---- -system-- --------cpu-------- -----timestamp-----
 r  b         swpd         free         buff        cache   si   so    bi    bo   in   cs  us  sy  id  wa  st                 KST
 2  0       590232       889460       199300     58531404    0    0     0   268 7007 12264   3   0  96   0   0 2026-09-15 08:30:19
 2  0       590232       888464       199300     58531416    0    0     0     0 7244 12294   3   0  97   0   0 2026-09-15 08:30:20
 2  0       590232       888248       199300     58531420    0    0     0     0 7429 12314   3   0  96   0   0 2026-09-15 08:30:21
 1  0       590232       890556       199300     58531448    0    0     0     0 7591 12436   3   1  96   0   0 2026-09-15 08:30:22
 2  0       590232       889556       199300     58531456    0    0     0     0 7316 12236   3   0  97   0   0 2026-09-15 08:30:23
 1  0       590232       889812       199308     58531472    0    0     0   236 7277 12245   3   0  97   0   0 2026-09-15 08:30:24
 1  0       590232       892900       199308     58531488    0    0     0     0 7483 12712   3   0  97   0   0 2026-09-15 08:30:25
 1  0       590232       892184       199308     58531512    0    0     0     0 7355 12457   3   0  96   0   0 2026-09-15 08:30:26
 1  0       590232       890676       199308     58531528    0    0     0     0 7232 12374   3   0  96   0   0 2026-09-15 08:30:27
 2  0       590232       891244       199308     58531540    0    0     0     0 7408 12413   3   0  96   0   0 2026-09-15 08:30:28
 1  1       590232       891752       199316     58531548    0    0     0   192 7405 12316   3   0  96   0   0 2026-09-15 08:30:29
 1  0       590232       892272       199316     58531568    0    0     0    92 7499 12435   3   0  97   0   0 2026-09-15 08:30:30
 1  0       590232       892276       199316     58531588    0    0     0     0 7231 12301   3   1  96   0   0 2026-09-15 08:30:31
 1  0       590232       891272       199316     58531596    0    0     0     0 7500 12331   3   0  97   0   0 2026-09-15 08:30:32
 3  0       590232       889768       199316     58531612    0    0     0     0 7319 12251   3   0  97   0   0 2026-09-15 08:30:33
 2  0       590232       889276       199324     58531628    0    0     0   124 7397 12339   3   0  97   0   0 2026-09-15 08:30:34
 1  0       590232       889316       199324     58531640    0    0     0   132 7357 12368   3   0  96   0   0 2026-09-15 08:30:35
 1  0       590232       890576       199324     58531652    0    0     0     0 7600 12321   3   0  96   0   0 2026-09-15 08:30:36
 1  0       590232       890348       199324     58531668    0    0     0     0 7107 12354   3   0  97   0   0 2026-09-15 08:30:37
 1  0       590232       890104       199324     58531688    0    0     0     0 7388 12540   3   0  97   0   0 2026-09-15 08:30:38
 2  0       590232       888604       199332     58531692    0    0     0   132 7306 12254   3   0  97   0   0 2026-09-15 08:30:39
procs -----------------------memory---------------------- ---swap-- -----io---- -system-- --------cpu-------- -----timestamp-----
 r  b         swpd         free         buff        cache   si   so    bi    bo   in   cs  us  sy  id  wa  st                 KST
 1  0       590232       887848       199332     58531704    0    0     0   140 7398 12274   3   0  97   0   0 2026-09-15 08:30:40
 1  0       590232       888180       199332     58531728    0    0     0     0 7331 12302   3   0  97   0   0 2026-09-15 08:30:41
 1  0       590232       887224       199332     58531736    0    0     0     0 7197 12350   3   0  97   0   0 2026-09-15 08:30:42
 2  0       590232       886736       199332     58531760    0    0     0     0 7330 12309   3   0  96   0   0 2026-09-15 08:30:43
 1  0       590232       884696       199340     58531764    0    0     0   112 134387 12312   3   1  96   0   0 2026-09-15 08:30:44
 1  0       590232       886672       199340     58531776    0    0     0   132 7544 12668   3   0  96   0   0 2026-09-15 08:30:45
 1  0       590232       886952       199340     58531796    0    0     0     0 7466 12532   3   1  96   0   0 2026-09-15 08:30:46
 1  0       590232       888508       199340     58531824    0    0     0     0 7331 12376   3   0  97   0   0 2026-09-15 08:30:47
 1  0       590232       886756       199340     58531832    0    0     0     0 7569 12427   3   0  97   0   0 2026-09-15 08:30:48
 1  0       590232       886596       199348     58531848    0    0     0   120 7523 12325   3   0  96   0   0 2026-09-15 08:30:49
 2  0       590232       887144       199348     58531864    0    0     0   148 7272 12402   3   0  97   0   0 2026-09-15 08:30:50
 1  0       590232       887436       199348     58531880    0    0     0     0 7246 12381   3   0  97   0   0 2026-09-15 08:30:51
 1  0       590232       889740       199348     58531892    0    0     0     0 7415 12260   3   0  97   0   0 2026-09-15 08:30:52
 1  0       590232       889024       199348     58531896    0    0     0     0 7326 12352   3   0  96   0   0 2026-09-15 08:30:53
 1  0       590232       889784       199356     58531924    0    0     0   124 7361 12479   3   0  96   0   0 2026-09-15 08:30:54
 1  0       590232       888032       199356     58531936    0    0     0   132 7369 12374   3   0  97   0   0 2026-09-15 08:30:55
 1  0       590232       887780       199356     58531944    0    0     0     0 7494 12444   3   0  96   0   0 2026-09-15 08:30:56
 1  0       590232       887824       199356     58531968    0    0     0     0 7214 12458   3   0  97   0   0 2026-09-15 08:30:57
 1  0       590232       887340       199356     58531976    0    0     0     0 7511 12507   3   1  96   0   0 2026-09-15 08:30:58
 1  0       590232       886844       199364     58531996    0    0 1714176   132 9772 15423   2   1  92   6   0 2026-09-15 08:30:59
 1  0       590232       887604       199364     58532008    0    0     0   148 7125 12353   3   0  97   0   0 2026-09-15 08:31:00
procs -----------------------memory---------------------- ---swap-- -----io---- -system-- --------cpu-------- -----timestamp-----
 r  b         swpd         free         buff        cache   si   so    bi    bo   in   cs  us  sy  id  wa  st                 KST
 1  0       590232       886356       199364     58532024    0    0 1714176     0 9587 15502   2   1  92   6   0 2026-09-15 08:31:01
 1  6       590232       884892       199364     58532036    0    0 280576     0 7647 12706   3   0  95   2   0 2026-09-15 08:31:02
 2  0       590232       884652       199364     58532056    0    0 1433600     0 9303 15165   2   1  93   5   0 2026-09-15 08:31:03
 2  4       590232       884408       199372     58532068    0    0 1174528   124 8814 14310   2   1  94   3   0 2026-09-15 08:31:04
 1  0       590232       888732       199372     58532084    0    0 539648   132 8077 13756   3   1  96   1   0 2026-09-15 08:31:05
 1  0       590232       889504       199372     58532096    0    0 1714176     0 9636 15477   2   1  91   6   0 2026-09-15 08:31:06
 3  0       590232       889304       199372     58532108    0    0     0     0 7226 12448   3   0  97   0   0 2026-09-15 08:31:07
 1  0       590232       888552       199372     58532124    0    0 1714176     0 9760 15363   2   1  93   5   0 2026-09-15 08:31:08
 1  7       590232       889824       199380     58532124    0    0 176128   120 7755 12599   3   0  95   1   0 2026-09-15 08:31:09
 1  0       590232       890116       199380     58532160    0    0 1538048   144 9485 15673   2   1  93   4   0 2026-09-15 08:31:10
 2  4       590232       890128       199380     58532172    0    0 1041920     0 8911 14169   2   1  92   5   0 2026-09-15 08:31:11
 1  0       590232       891144       199380     58532188    0    0 672256     0 8164 13715   3   1  96   1   0 2026-09-15 08:31:12
 2  0       590232       891152       199380     58532204    0    0 1714176     0 9628 15459   2   1  92   6   0 2026-09-15 08:31:13
 1  0       590232       889392       199388     58532212    0    0     0   124 6993 12375   3   0  96   0   0 2026-09-15 08:31:14
 1  0       590232       889156       199388     58532228    0    0 1714176     0 9733 15604   2   1  92   5   0 2026-09-15 08:31:15
 1  7       590232       888888       199388     58532240    0    0 212992   128 68672 12487   3   1  95   2   0 2026-09-15 08:31:16
 1  0       590232       886976       199388     58532256    0    0 1501184     0 24188 15412   2   1  92   4   0 2026-09-15 08:31:17
 0  5       590232       887484       199388     58532276    0    0 1087488     0 9023 14263   2   1  92   5   0 2026-09-15 08:31:18
 1  0       590232       889008       199396     58532288    0    0 626688   116 8106 13805   3   1  95   1   0 2026-09-15 08:31:19
 1  0       590232       889312       199396     58532308    0    0 1714176     0 9763 15523   2   1  91   7   0 2026-09-15 08:31:20
 1  0       590232       888568       199396     58532316    0    0     0   144 7241 12498   3   0  96   0   0 2026-09-15 08:31:21
procs -----------------------memory---------------------- ---swap-- -----io---- -system-- --------cpu-------- -----timestamp-----
 r  b         swpd         free         buff        cache   si   so    bi    bo   in   cs  us  sy  id  wa  st                 KST
 1  0       590232       889092       199396     58532332    0    0 1714176     0 9841 15568   2   1  92   5   0 2026-09-15 08:31:22
 0  8       590232       887392       199396     58532344    0    0 176128     0 7369 12511   3   0  96   1   0 2026-09-15 08:31:23
 2  0       590232       887160       199404     58532364    0    0 1538048   128 9448 15304   2   1  93   5   0 2026-09-15 08:31:24
 1  4       590232       885936       199404     58532380    0    0 1021440     0 8926 14367   2   1  93   4   0 2026-09-15 08:31:25
 1  0       590232       884688       199404     58532392    0    0 692736   144 8243 13762   3   1  95   2   0 2026-09-15 08:31:26
 2  0       590232       885700       199404     58532412    0    0 1714176     0 9972 15616   2   1  91   6   0 2026-09-15 08:31:27
 1  0       590232       884452       199404     58532424    0    0     0     0 6999 12327   3   0  97   0   0 2026-09-15 08:31:28
 2  0       590232       883500       199412     58532436    0    0 1714176   128 9945 15631   2   1  91   6   0 2026-09-15 08:31:29
 0  7       590232       883000       199412     58532456    0    0 177152     0 7699 12414   3   0  95   1   0 2026-09-15 08:31:30
 1  0       590232       883536       199412     58532472    0    0 1537024     0 9417 15368   2   1  94   4   0 2026-09-15 08:31:31
 3  4       590232       885832       199412     58532488    0    0 1018368   144 8741 13971   2   1  92   5   0 2026-09-15 08:31:32
 4  0       590232       887108       199412     58532508    0    0 695808     0 8132 13738   3   1  95   1   0 2026-09-15 08:31:33
 4  0       590232       887640       199420     58532524    0    0 1714176   140 9660 15482   2   1  92   5   0 2026-09-15 08:31:34
 1  0       590232       887912       199420     58532532    0    0     0     0 7118 12276   3   0  97   0   0 2026-09-15 08:31:35
 1  0       590232       888176       199420     58532548    0    0 1714176     0 9807 15423   2   1  90   7   0 2026-09-15 08:31:36
 1  7       590232       887492       199420     58532548    0    0 218112   152 7790 12510   3   0  95   2   0 2026-09-15 08:31:37
 1  0       590232       887752       199420     58532576    0    0 1496064     0 9440 15489   2   1  93   4   0 2026-09-15 08:31:38
 1  4       590232       889320       199428     58532596    0    0 1143808   128 9043 14388   2   1  93   4   0 2026-09-15 08:31:39
 1  0       590232       889080       199428     58532604    0    0 570368     0 8119 13552   3   1  95   1   0 2026-09-15 08:31:40
 2  0       590232       889592       199428     58532624    0    0 1714176     0 9794 15426   2   1  92   6   0 2026-09-15 08:31:41
 2  0       590232       888352       199428     58532628    0    0     0   156 7074 12328   3   0  97   0   0 2026-09-15 08:31:42
procs -----------------------memory---------------------- ---swap-- -----io---- -system-- --------cpu-------- -----timestamp-----
 r  b         swpd         free         buff        cache   si   so    bi    bo   in   cs  us  sy  id  wa  st                 KST
 1  0       590232       887100       199428     58532648    0    0 1714176     0 9584 15438   2   1  92   6   0 2026-09-15 08:31:43
 3  6       590232       889124       199436     58532660    0    0 288768   116 7641 12592   3   0  95   2   0 2026-09-15 08:31:44
 1  0       590232       892916       199436     58532676    0    0 1425408     0 9547 15423   2   1  95   2   0 2026-09-15 08:31:45
 3  4       590232       892420       199436     58532692    0    0 1176576     0 9343 14410   2   1  92   5   0 2026-09-15 08:31:46
 1  0       590232       890952       199436     58532708    0    0 537600   132 8249 13477   3   1  96   1   0 2026-09-15 08:31:47
 1  0       590232       889708       199436     58532720    0    0 1714176     0 9809 15513   2   1  91   7   0 2026-09-15 08:31:48
 1  0       590232       888292       199444     58532732    0    0     0   116 133091 12315   3   1  96   0   0 2026-09-15 08:31:49
 1  0       590232       889812       199444     58532748    0    0 1714176     0 9954 15628   2   1  92   5   0 2026-09-15 08:31:50
 1  6       590232       888312       199444     58532760    0    0 325632     0 7736 12633   3   0  95   2   0 2026-09-15 08:31:51
 1  0       590232       888072       199444     58532776    0    0 1388544     0 9140 15054   2   1  94   3   0 2026-09-15 08:31:52
 1  4       590232       887608       199444     58532796    0    0 1196032   128 9112 14389   2   1  91   6   0 2026-09-15 08:31:53
 1  0       590232       889640       199452     58532804    0    0 518144   116 7971 13487   3   1  96   1   0 2026-09-15 08:31:54
 1  0       590232       889904       199452     58532824    0    0 1714176     0 9850 15491   2   1  92   6   0 2026-09-15 08:31:55
 1  0       590232       890172       199452     58532844    0    0     0     0 7108 12257   3   0  97   0   0 2026-09-15 08:31:56
 2  0       590232       888924       199452     58532856    0    0 1714176     0 9874 15395   2   1  92   6   0 2026-09-15 08:31:57
 1  6       590232       888428       199452     58532864    0    0 233472   132 7689 12637   3   1  95   2   0 2026-09-15 08:31:58
 1  0       590232       888696       199460     58532884    0    0 1480704   140 9567 15363   2   1  93   4   0 2026-09-15 08:31:59
 2  3       590232       891976       199460     58532904    0    0 1077760     0 9025 14273   2   1  93   4   0 2026-09-15 08:32:00
 1  0       590232       893756       199460     58532912    0    0 636416     0 8117 13571   3   1  96   1   0 2026-09-15 08:32:01
 1  0       590232       893764       199460     58532932    0    0 1714176     0 9764 15412   2   1  90   7   0 2026-09-15 08:32:02
 3  0       590232       894028       199460     58532940    0    0     0   172 7165 12299   3   0  96   0   0 2026-09-15 08:32:03
procs -----------------------memory---------------------- ---swap-- -----io---- -system-- --------cpu-------- -----timestamp-----
 r  b         swpd         free         buff        cache   si   so    bi    bo   in   cs  us  sy  id  wa  st                 KST
 1  0       590232       896308       199468     58532956    0    0 1714176   116 9913 15442   2   1  90   7   0 2026-09-15 08:32:04
 0  8       590232       897828       199468     58532968    0    0 143360     0 7674 12678   3   0  95   1   0 2026-09-15 08:32:05
 1  0       590232       896096       199468     58532988    0    0 1570816     0 9547 15459   2   1  93   4   0 2026-09-15 08:32:06
 1  4       590232       893584       199468     58532996    0    0 984576     0 8750 14007   2   1  92   5   0 2026-09-15 08:32:07
 1  0       590232       891084       199468     58533016    0    0 729600   148 8371 14056   3   1  95   2   0 2026-09-15 08:32:08
 2  0       590232       890876       199476     58533028    0    0 1714176   116 9734 15425   2   1  91   7   0 2026-09-15 08:32:09
 1  0       590232       889900       199476     58533040    0    0     0     0 7361 12742   3   1  96   0   0 2026-09-15 08:32:10
 5  0       590232       889948       199476     58533056    0    0 1714176     0 10195 15488   5   1  89   6   0 2026-09-15 08:32:11
 1  4       590232       890268       199568     58533072    0    0    12 40960 8255 12622  14   0  85   1   0 2026-09-15 08:32:12
 1  4       590232       891040       201520     58533376    0    0   352 940196 9773 15081   3   1  88   8   0 2026-09-15 08:32:13
 2  0       590232       888560       204080     58535320    0    0   604 1088144 9989 15787   3   1  91   4   0 2026-09-15 08:32:14
 1  0       590232       888068       204080     58535336    0    0     0     0 7573 12353   3   1  96   0   0 2026-09-15 08:32:15
 1  0       590232       888100       204092     58535352    0    0     0  1440 7160 12361   3   1  96   0   0 2026-09-15 08:32:16
 1  0       590232       886360       204092     58535360    0    0     0     0 7174 12376   3   0  96   0   0 2026-09-15 08:32:17
 0  6       590232       885612       204092     58535380    0    0 809984  4236 8760 13977   2   1  93   4   0 2026-09-15 08:32:18
 2  5       590232       885624       204092     58535388    0    0 3120128     0 11936 18018   1   1  86  12   0 2026-09-15 08:32:19
 0  7       590232       884128       204092     58535412    0    0 3103744     0 11639 18020   1   1  87  11   0 2026-09-15 08:32:20
 1  0       590232       883160       204100     58535428    0    0 3251200   136 12112 18627   1   1  88  10   0 2026-09-15 08:32:21
 3  2       590232       883488       204100     58535444    0    0 3237888     0 69226 18280   1   2  87  10   0 2026-09-15 08:32:22
 0  5       590232       883244       204100     58535464    0    0 3048448  2352 11609 17933   1   1  87  11   0 2026-09-15 08:32:23
 0  5       590232       883560       204100     58535472    0    0 3201536     0 11766 18180   1   1  87  10   0 2026-09-15 08:32:24
procs -----------------------memory---------------------- ---swap-- -----io---- -system-- --------cpu-------- -----timestamp-----
 r  b         swpd         free         buff        cache   si   so    bi    bo   in   cs  us  sy  id  wa  st                 KST
 3  5       590232       883632       204100     58535492    0    0 3288576     0 12402 18741   1   1  89   9   0 2026-09-15 08:32:25
 2  5       590232       881740       204100     58535504    0    0 3171328     0 11978 18065   1   1  88  10   0 2026-09-15 08:32:26
 1  6       590232       881296       204108     58535428    0    0 3142656    36 12033 18026   1   1  85  13   0 2026-09-15 08:32:27
 1  7       590232       882372       204108     58535436    0    0 3267584   304 11915 18514   1   1  88  10   0 2026-09-15 08:32:28
 1  1       590232       881176       204108     58535452    0    0 3277312     0 12070 18534   1   1  88  10   0 2026-09-15 08:32:29
 2  3       590232       881244       204108     58535472    0    0 3293696     0 12069 18438   1   1  88  10   0 2026-09-15 08:32:30
 2  3       590232       883580       204108     58535484    0    0 3278848     0 12051 18339   1   1  87  11   0 2026-09-15 08:32:31
 1  4       590232       882452       204116     58535496    0    0 3188736   152 11918 17987   1   1  87  11   0 2026-09-15 08:32:32
 1  5       590232       881532       204116     58535512    0    0 3163136     0 11618 17981   1   1  86  12   0 2026-09-15 08:32:33
 0  6       590232       880812       204116     58535528    0    0 3181568   168 11940 18137   1   1  85  13   0 2026-09-15 08:32:34
 1  5       590232       879848       204116     58535540    0    0 3278848     0 11946 18271   1   1  87  11   0 2026-09-15 08:32:35
 1  6       590232       879884       204116     58535552    0    0 3298304     0 11844 18237   1   2  87  11   0 2026-09-15 08:32:36
 1  7       590232       878948       204124     58535572    0    0 3283968   124 12271 18478   1   1  87  11   0 2026-09-15 08:32:37
 2  0       590232       879212       204124     58535580    0    0 3251200     0 12016 18652   1   1  88  10   0 2026-09-15 08:32:38
 1  0       590232       880532       204124     58535600    0    0 3354112   128 12094 18486   1   2  85  12   0 2026-09-15 08:32:39
 1  4       590232       879532       204124     58535612    0    0 3227136     0 11774 18079   1   1  88  10   0 2026-09-15 08:32:40
 1  0       590232       881120       204124     58535628    0    0 275456     0 7804 12951   3   1  96   1   0 2026-09-15 08:32:41
 1  0       590232       881124       204132     58535640    0    0     0   120 7222 12304   3   0  97   0   0 2026-09-15 08:32:42
 1  0       590232       881184       204132     58535664    0    0     0     0 7223 12310   3   0  97   0   0 2026-09-15 08:32:43
 2  0       590232       880744       204132     58535676    0    0     0   172 7206 12320   3   0  97   0   0 2026-09-15 08:32:44
 1  0       590232       883520       204132     58535684    4    0     4     0 7388 12635   3   0  97   0   0 2026-09-15 08:32:45
procs -----------------------memory---------------------- ---swap-- -----io---- -system-- --------cpu-------- -----timestamp-----
 r  b         swpd         free         buff        cache   si   so    bi    bo   in   cs  us  sy  id  wa  st                 KST
 1  7       590232       884340       204132     58535704    0    0 176128     0 7426 12452   3   0  95   2   0 2026-09-15 08:32:46
 0  1       590232       885944       204140     58535712    0    0 3193344   124 12066 18448   1   1  85  12   0 2026-09-15 08:32:47
 1  4       590232       885768       204140     58535732    0    0 3045888     0 11720 17797   1   1  85  13   0 2026-09-15 08:32:48
 0  6       590232       885784       204140     58535744    0    0 3046912   128 11723 17965   1   1  87  11   0 2026-09-15 08:32:49
 2  5       590232       885568       204140     58535764    0    0 3186176     0 11919 18152   1   1  88  11   0 2026-09-15 08:32:50
 1  5       590232       886072       204140     58535768    0    0 3176448     0 11929 18121   1   1  87  11   0 2026-09-15 08:32:51
 1  7       590232       884348       204148     58535792    0    0 3182568   120 11672 18040   1   1  88  10   0 2026-09-15 08:32:52
 0  1       590232       882912       204148     58535808    0    0 3253784     0 12156 18462   1   1  88   9   0 2026-09-15 08:32:53
 0  5       590232       884188       204148     58535820    0    0 3161600   144 12002 18167   1   1  86  12   0 2026-09-15 08:32:54
 1  4       590232       884748       204148     58535836    0    0 3186688     0 62629 18244   1   2  85  12   0 2026-09-15 08:32:55
 1  5       590232       884280       204148     58535852    0    0 3101696     0 11824 17916   1   1  87  11   0 2026-09-15 08:32:56
 0  6       590232       883088       204156     58535864    0    0 3186688   124 11938 18005   1   1  88  10   0 2026-09-15 08:32:57
 1  6       590232       882100       204156     58535884    0    0 3251200     0 11829 18323   1   1  89   9   0 2026-09-15 08:32:58
 2  6       590232       882656       204156     58535888    0    0 3268608   128 11953 18336   1   1  89   9   0 2026-09-15 08:32:59
 0  8       590232       881400       204156     58535908    0    0 3314688     0 11965 18398   1   1  88  10   0 2026-09-15 08:33:00
 1  0       590232       882192       204156     58535916    0    0 3250688     0 11998 18532   1   1  86  12   0 2026-09-15 08:33:01
 1  4       590232       881228       204164     58535936    0    0 3235328   120 11884 18326   1   1  88  10   0 2026-09-15 08:33:02
 1  5       590232       881284       204164     58535948    0    0 3141632     0 11783 18003   1   1  88  10   0 2026-09-15 08:33:03
 3  4       590232       881328       204164     58535964    0    0 3140096     0 11883 18008   1   1  88  10   0 2026-09-15 08:33:04
 0  6       590232       879876       204164     58535980    0    0 3224064   140 12486 18516   1   1  87  11   0 2026-09-15 08:33:05
 0  5       590232       881392       204164     58535996    0    0 3182592     0 11986 18136   1   1  87  12   0 2026-09-15 08:33:06
procs -----------------------memory---------------------- ---swap-- -----io---- -system-- --------cpu-------- -----timestamp-----
 r  b         swpd         free         buff        cache   si   so    bi    bo   in   cs  us  sy  id  wa  st                 KST
 1  6       590232       880660       204172     58536012    0    0 3181568   112 11946 18196   1   1  87  11   0 2026-09-15 08:33:07
 1  0       590232       881672       204172     58536028    0    0 3192832     0 11748 18375   1   1  88  10   0 2026-09-15 08:33:08
 1  0       590232       882700       204172     58536048    0    0 1714176     0 9515 15512   2   1  91   6   0 2026-09-15 08:33:09
 1  0       590232       882964       204172     58536056    0    0     0   140 7097 12729   3   0  96   0   0 2026-09-15 08:33:10
 1  0       590232       883004       204172     58536076    0    0     0     0 6845 12351   3   0  97   0   0 2026-09-15 08:33:11
 1  0       590232       884528       204180     58536084    0    0     0   144 7074 12468   3   0  96   0   0 2026-09-15 08:33:12
 1  0       590232       885308       204180     58536100    0    0     0     0 7015 12475   3   0  97   0   0 2026-09-15 08:33:13
 1  0       590232       884816       204180     58536112    0    0     0     0 7191 12582   3   0  97   0   0 2026-09-15 08:33:14
 2  5       590232       886344       204180     58536128    0    0 2327552   164 10528 16431   1   1  88  10   0 2026-09-15 08:33:15
 0  7       590232       886636       204180     58536140    0    0 3056640     0 11351 17814   1   1  88  10   0 2026-09-15 08:33:16
 4  4       590232       887936       204188     58536156    0    0 3223684   112 11770 18285   1   1  87  11   0 2026-09-15 08:33:17
 2  4       590232       888448       204188     58536172    0    0 3107708     0 11690 18058   1   1  86  12   0 2026-09-15 08:33:18
 0  5       590232       887968       204188     58536188    0    0 3258368     0 11827 18233   1   1  87  11   0 2026-09-15 08:33:19
 1  4       590232       886968       204188     58536196    0    0 3259392   124 11965 18291   1   1  88  10   0 2026-09-15 08:33:20
 1  5       590232       885496       204188     58536224    0    0 3080192     0 11792 17874   1   1  88  10   0 2026-09-15 08:33:21
 0  6       590232       883500       204196     58536232    0    0 3177472   116 12024 18252   1   1  87  11   0 2026-09-15 08:33:22
 0  7       590232       883036       204196     58536252    0    0 3150848     0 11666 17998   1   1  87  11   0 2026-09-15 08:33:23
 0  8       590232       884812       204196     58536264    0    0 3287040     0 11890 18395   1   1  87  11   0 2026-09-15 08:33:24
 0  1       590232       884096       204196     58536356    0    0 3289676   144 12199 18657   1   1  88  10   0 2026-09-15 08:33:25
 0  5       590232       883884       204196     58536372    0    0 3260928     0 11768 18280   1   1  88  10   0 2026-09-15 08:33:26
 2  4       590232       883428       204204     58536384    0    0 3135488   132 65800 18131   1   2  86  12   0 2026-09-15 08:33:27
procs -----------------------memory---------------------- ---swap-- -----io---- -system-- --------cpu-------- -----timestamp-----
 r  b         swpd         free         buff        cache   si   so    bi    bo   in   cs  us  sy  id  wa  st                 KST
 1  4       590232       883436       204204     58536396    0    0 3145216     0 36880 17961   1   2  86  11   0 2026-09-15 08:33:28
 3  5       590232       884744       204204     58536412    0    0 3111424     0 11653 17922   1   1  89   9   0 2026-09-15 08:33:29
 0  7       590232       886024       204204     58536432    0    0 3194880   140 11856 18196   1   1  89   9   0 2026-09-15 08:33:30
 0  8       590232       884816       204204     58536448    0    0 3240960     0 11722 18065   1   1  88  10   0 2026-09-15 08:33:31
 0  1       590232       883348       204212     58536460    0    0 3243520   128 12035 18631   1   1  87  10   0 2026-09-15 08:33:32
 1  4       590232       882736       204212     58536480    0    0 3258880     0 11858 18138   1   1  86  12   0 2026-09-15 08:33:33
 1  5       590232       881788       204212     58536492    0    0 3200000     0 11843 18133   1   1  87  11   0 2026-09-15 08:33:34
 0  5       590232       880036       204212     58536504    0    0 3297280   144 12197 18324   1   1  87  11   0 2026-09-15 08:33:35
 0  5       590232       880336       204212     58536520    0    0 3234304     0 12025 18274   1   1  87  11   0 2026-09-15 08:33:37
 1  0       590232       880152       204220     58536536    0    0 2454016   128 11004 16918   1   1  91   7   0 2026-09-15 08:33:38
 1  0       590232       879196       204220     58536548    0    0     0     0 7181 12578   3   0  97   0   0 2026-09-15 08:33:39
 1  0       590232       882504       204220     58536564    0    0     0     0 7064 12456   3   0  96   0   0 2026-09-15 08:33:40
 1  0       590232       882772       204220     58536584    0    0     0     0 7167 12582   3   0  96   0   0 2026-09-15 08:33:41
 1  0       590232       883056       204220     58536588    0    0     0   148 7140 12438   3   0  96   0   0 2026-09-15 08:33:42
 3  0       590232       881580       204228     58536608    0    0     0   116 7236 12620   3   0  96   0   0 2026-09-15 08:33:43
 0  1       590232       883156       204228     58536620    0    0 1672704     0 9592 15463   2   1  92   6   0 2026-09-15 08:33:44
 0  5       590232       884244       204228     58536636    0    0 3151360     0 12028 18116   1   1  85  13   0 2026-09-15 08:33:45
 3  4       590232       885544       204228     58536644    0    0 3146752     0 11958 18365   1   1  87  11   0 2026-09-15 08:33:46
 0  6       590232       883132       204228     58536664    0    0 3206656   120 12017 18214   1   1  87  11   0 2026-09-15 08:33:47
 0  6       590232       883900       204236     58536680    0    0 3194368   116 12085 18172   1   1  88  10   0 2026-09-15 08:33:48
 1  5       590232       883952       204236     58536688    0    0 3153920     0 11884 18053   1   1  87  11   0 2026-09-15 08:33:49
procs -----------------------memory---------------------- ---swap-- -----io---- -system-- --------cpu-------- -----timestamp-----
 r  b         swpd         free         buff        cache   si   so    bi    bo   in   cs  us  sy  id  wa  st                 KST
 0  7       590232       882984       204236     58536700    0    0 3245056     0 11955 18138   1   1  88  10   0 2026-09-15 08:33:50
 0  8       590232       882240       204236     58536724    0    0 3301376     0 11835 18484   1   1  88  10   0 2026-09-15 08:33:51
 1  3       590232       880228       204236     58536736    0    0 3267584   136 12173 18521   1   2  88  10   0 2026-09-15 08:33:52
 0  5       590232       879484       204244     58536756    0    0 3195904   128 11884 18081   1   1  86  12   0 2026-09-15 08:33:53
 1  4       590232       878536       204244     58536772    0    0 3195904     0 12013 18364   1   2  87  11   0 2026-09-15 08:33:54
 0  5       590232       878036       204244     58536788    0    0 3243520     0 12048 18334   1   1  87  11   0 2026-09-15 08:33:55
 1  5       590232       877828       204244     58536796    0    0 3092992     0 11782 17887   1   1  87  11   0 2026-09-15 08:33:56
 1  5       590232       877072       204244     58536816    0    0 3232768   160 12157 18081   1   1  87  11   0 2026-09-15 08:33:57
 0  8       590232       876628       204252     58536816    0    0 3149824   128 11682 18030   1   1  88  10   0 2026-09-15 08:33:58
 0  1       590232       875964       204252     58536844    0    0 3249664     0 12025 18633   1   2  87  10   0 2026-09-15 08:33:59
 2  5       590232       875248       204252     58536856    0    0 3108352     0 11591 17926   1   1  88  10   0 2026-09-15 08:34:00
 0  5       590232       875396       204252     58536872    0    0 3198976     0 47895 18215   1   2  86  11   0 2026-09-15 08:34:01
 1  4       590232       874688       204252     58536888    0    0 3245568   164 11913 18416   1   2  86  11   0 2026-09-15 08:34:02
 1  5       590232       873216       204260     58536896    0    0 3249664   116 12042 18329   1   1  87  11   0 2026-09-15 08:34:03
 0  5       590232       873284       204260     58536916    0    0 3227648     0 12241 18368   1   2  87  10   0 2026-09-15 08:34:04
 1  6       590232       872064       204260     58536924    0    0 3296256     0 12113 18354   1   1  88  10   0 2026-09-15 08:34:05
 1  0       590232       874336       204260     58536944    0    0 2968576     0 11615 18167   1   1  90   8   0 2026-09-15 08:34:06
 1  0       590232       874344       204260     58536956    0    0     0   176 7096 12408   3   0  97   0   0 2026-09-15 08:34:07
 1  0       590232       875612       204268     58536972    0    0     0   116 7031 12338   3   0  96   0   0 2026-09-15 08:34:08
 1  0       590232       877636       204268     58536988    0    0     0     0 7029 12354   3   1  96   0   0 2026-09-15 08:34:09
 1  0       590232       877648       204268     58537004    0    0     0     0 7067 12377   3   1  96   0   0 2026-09-15 08:34:10
procs -----------------------memory---------------------- ---swap-- -----io---- -system-- --------cpu-------- -----timestamp-----
 r  b         swpd         free         buff        cache   si   so    bi    bo   in   cs  us  sy  id  wa  st                 KST
 2  0       590232       878952       204268     58537016    0    0     0     0 7102 12346   3   0  97   0   0 2026-09-15 08:34:11
 1  4       590232       879468       204268     58537020    0    0 1166336     0 8925 14369   2   1  92   5   0 2026-09-15 08:34:12
 0  6       590232       878512       204276     58537048    0    0 3013632   328 11616 17679   1   1  89   9   0 2026-09-15 08:34:13
 1  6       590232       879116       204276     58537060    0    0 3053568     0 11791 17929   1   1  88  10   0 2026-09-15 08:34:14
 2  7       590232       881404       204276     58537072    0    0 3131380     0 11688 18231   1   1  87  11   0 2026-09-15 08:34:15
 0  1       590232       880216       204276     58537096    0    0 3317260     0 11955 18397   1   1  87  11   0 2026-09-15 08:34:16
 0  5       590232       881016       204276     58537108    0    0 3184128     0 12037 17986   1   1  87  11   0 2026-09-15 08:34:17
 2  4       590232       881812       204284     58537128    0    0 3167232   272 11943 18039   1   1  86  12   0 2026-09-15 08:34:18
 1  4       590232       881388       204284     58537140    0    0 3282432     0 11983 18316   1   1  87  11   0 2026-09-15 08:34:19
 0  6       590232       882480       204284     58537156    0    0 3167744     0 11829 18010   1   1  86  12   0 2026-09-15 08:34:20
 0  6       590232       880972       204284     58537172    0    0 3090432     0 11786 17941   1   1  86  12   0 2026-09-15 08:34:21
 2  7       590232       880260       204284     58537192    0    0 3201024     0 11761 18062   1   1  88  10   0 2026-09-15 08:34:22
 1  0       590232       880560       204292     58537204    0    0 3222528   288 12022 18499   1   1  88  10   0 2026-09-15 08:34:23
 1  3       590232       880064       204292     58537216    0    0 3239936     0 11795 18209   1   1  87  11   0 2026-09-15 08:34:24
 1  4       590232       878320       204292     58537236    0    0 3194880     0 11778 18133   1   2  86  11   0 2026-09-15 08:34:25
 1  4       590232       880096       204292     58537244    0    0 3244032     0 11918 18400   1   1  87  11   0 2026-09-15 08:34:26
 0  5       590232       879344       204292     58537264    0    0 3257856     0 12057 18225   1   1  86  12   0 2026-09-15 08:34:27
 1  5       590232       880668       204300     58537276    0    0 3170816   268 11888 18172   1   2  87  11   0 2026-09-15 08:34:28
 2  5       590232       879164       204300     58537292    0    0 3234816     0 11920 18291   1   1  89   9   0 2026-09-15 08:34:29
 2  6       590232       880720       204300     58537304    0    0 3147776     0 11685 18039   1   1  88  10   0 2026-09-15 08:34:30
 0  8       590232       878736       204300     58537316    0    0 3296256     0 12005 18571   1   1  87  11   0 2026-09-15 08:34:31
procs -----------------------memory---------------------- ---swap-- -----io---- -system-- --------cpu-------- -----timestamp-----
 r  b         swpd         free         buff        cache   si   so    bi    bo   in   cs  us  sy  id  wa  st                 KST
 0  4       590232       878552       204300     58537332    0    0 3195904     0 11801 18359   1   1  89  10   0 2026-09-15 08:34:32
 1  4       590232       879316       204308     58537344    0    0 3204096   112 11822 18209   1   2  88  10   0 2026-09-15 08:34:33
 1  4       590232       878216       204308     58537360    0    0 3180864   124 84912 18250   1   2  86  11   0 2026-09-15 08:34:34
 2  0       590232       875968       204308     58537376    0    0 630464     0 8186 13813   3   1  95   1   0 2026-09-15 08:34:35
 1  0       590232       876812       204308     58537420    0    0    44     0 7100 12465   3   0  96   0   0 2026-09-15 08:34:36
 1  0       590232       875380       204308     58537516    0    0     0     0 7080 12327   3   0  97   0   0 2026-09-15 08:34:37
 1  0       590232       874168       204316     58537524    0    0     0   140 7182 12356   3   0  97   0   0 2026-09-15 08:34:38
 1  0       590232       874204       204316     58537540    0    0     0   372 7224 12397   3   0  96   0   0 2026-09-15 08:34:39
 0  7       590232       873988       204316     58537556    0    0 189440     0 7420 12359   3   0  95   2   0 2026-09-15 08:34:40
 0  1       590232       874316       204316     58537576    0    0 3223040     0 11970 18408   1   1  87  11   0 2026-09-15 08:34:41
 3  4       590232       874112       204316     58537584    0    0 3155456     0 11884 18084   1   1  86  12   0 2026-09-15 08:34:42
 1  4       590232       874700       204324     58537604    0    0 3022336   116 11825 18221   1   1  87  11   0 2026-09-15 08:34:43
 0  6       590232       874512       204324     58537620    0    0 3137024   132 11801 18245   1   1  87  11   0 2026-09-15 08:34:44
 0  6       590232       874340       204324     58537632    0    0 3077120     0 11651 17926   1   1  87  11   0 2026-09-15 08:34:45
 1  6       590232       874344       204324     58537648    0    0 3246080     0 12101 18551   1   1  88  10   0 2026-09-15 08:34:46
 2  0       590232       873604       204324     58537664    0    0 3233792     0 12073 18482   1   1  86  11   0 2026-09-15 08:34:47
 1  3       590232       875156       204332     58537684    0    0 3257344   132 12101 18164   1   1  85  13   0 2026-09-15 08:34:48
 1  4       590232       874920       204332     58537692    0    0 3151872   152 12048 18128   1   1  87  11   0 2026-09-15 08:34:49
 0  5       590232       875716       204332     58537712    0    0 3248128     0 12031 18227   1   1  88  10   0 2026-09-15 08:34:50
 1  4       590232       874496       204332     58537728    0    0 3275264     0 12057 18401   1   1  87  11   0 2026-09-15 08:34:51
 0  6       590232       873996       204332     58537736    0    0 3203584     0 11858 17951   1   1  88  10   0 2026-09-15 08:34:52
procs -----------------------memory---------------------- ---swap-- -----io---- -system-- --------cpu-------- -----timestamp-----
 r  b         swpd         free         buff        cache   si   so    bi    bo   in   cs  us  sy  id  wa  st                 KST
 1  5       590232       875588       204340     58537752    0    0 3147776   136 12004 18184   1   1  88  10   0 2026-09-15 08:34:53
 1  6       590232       875144       204340     58537768    0    0 3264512   152 12031 18318   1   1  89   9   0 2026-09-15 08:34:54
 0  8       590232       875920       204340     58537780    0    0 3328000     0 12179 18569   1   1  87  11   0 2026-09-15 08:34:55
 1  0       590232       874928       204340     58537796    0    0 3264512     0 11695 18496   1   1  87  10   0 2026-09-15 08:34:56
 0  3       590232       874740       204340     58537812    0    0 3273728     0 11697 18172   1   1  88  10   0 2026-09-15 08:34:57
 0  5       590232       873016       204348     58537828    0    0 3218432   120 11767 18103   1   1  89   9   0 2026-09-15 08:34:58
 3  4       590232       873780       204348     58537832    0    0 3293184     0 11842 18440   1   1  88  10   0 2026-09-15 08:34:59
 1  5       590232       875560       204348     58537852    0    0 3151360   136 11876 18037   1   1  87  11   0 2026-09-15 08:35:00
 0  5       590232       875076       204348     58537864    0    0 3243520     0 11810 18123   1   1  87  11   0 2026-09-15 08:35:01
 1  5       590232       874616       204348     58537880    0    0 3248128     0 12011 18124   1   1  88  10   0 2026-09-15 08:35:02
 1  0       590232       874616       204356     58537896    0    0 1141760   144 8839 14663   2   1  94   3   0 2026-09-15 08:35:03
 1  0       590232       874156       204356     58537916    0    0     0     0 7141 12425   3   0  96   0   0 2026-09-15 08:35:04
 1  0       590232       874444       204356     58537928    0    0     0   252 7122 12354   3   0  97   0   0 2026-09-15 08:35:05
 2  0       590232       872984       204356     58537940    0    0     0     0 7485 12838   3   0  96   0   0 2026-09-15 08:35:06
 1  0       590232       873260       204356     58537956    0    0     0     0 133528 12438   3   1  96   0   0 2026-09-15 08:35:07
 1  0       590232       872264       204364     58537968    0    0     0   136 7075 12395   3   0  96   0   0 2026-09-15 08:35:08
 1  4       590232       872304       204364     58537968    0    0 2946048     0 11430 17503   1   1  88  10   0 2026-09-15 08:35:09
 1  5       590232       872360       204364     58538000    0    0 3160576   148 12050 18123   1   1  87  11   0 2026-09-15 08:35:10
 1  5       590232       872652       204364     58538012    0    0 3100160     0 11930 18036   1   1  86  12   0 2026-09-15 08:35:11
 0  6       590232       873164       204364     58538032    0    0 3270656     0 12280 18277   1   1  88  10   0 2026-09-15 08:35:12
 0  7       590232       873928       204372     58538044    0    0 3208192   112 12052 18120   1   1  87  10   0 2026-09-15 08:35:13
procs -----------------------memory---------------------- ---swap-- -----io---- -system-- --------cpu-------- -----timestamp-----
 r  b         swpd         free         buff        cache   si   so    bi    bo   in   cs  us  sy  id  wa  st                 KST
 0  8       590232       874448       204372     58538056    0    0 3247104     0 12115 18540   1   1  88  10   0 2026-09-15 08:35:14
 1  4       590232       874516       204372     58538072    0    0 3224576   128 11843 18256   1   1  87  11   0 2026-09-15 08:35:15
 1  4       590232       874564       204372     58538088    0    0 3221504     0 12072 18224   1   1  87  11   0 2026-09-15 08:35:16
 2  3       590232       875836       204372     58538104    0    0 3150848     0 11742 18046   1   1  88  10   0 2026-09-15 08:35:17
 1  5       590232       876636       204380     58538116    0    0 3213312   132 11980 18223   1   1  87  11   0 2026-09-15 08:35:18
 1  5       590232       876424       204380     58538136    0    0 3248128     0 12146 18320   1   1  87  11   0 2026-09-15 08:35:19
 1  5       590232       875956       204380     58538144    0    0 3107840   148 11662 17984   1   1  86  12   0 2026-09-15 08:35:20
 1  6       590232       876976       204380     58538164    0    0 3265536     0 12011 18383   1   1  88  10   0 2026-09-15 08:35:21
 1  8       590232       877248       204380     58538176    0    0 3280896     0 12113 18359   1   1  87  11   0 2026-09-15 08:35:22
 0  4       590232       876792       204388     58538192    0    0 3240960   128 11988 18280   1   1  87  11   0 2026-09-15 08:35:23
 0  5       590232       876840       204388     58538204    0    0 3110912     0 11943 18227   1   2  85  12   0 2026-09-15 08:35:24
 0  5       590232       878900       204388     58538224    0    0 3198464   148 11902 18175   1   1  86  12   0 2026-09-15 08:35:25
 0  5       590232       878216       204388     58538240    4    0 3269636     0 12336 18796   1   2  87  11   0 2026-09-15 08:35:26
 0  5       590232       877248       204388     58538252    0    0 3275264     0 12202 18302   1   2  87  11   0 2026-09-15 08:35:27
 1  5       590232       878276       204396     58538264    0    0 3113984   124 11866 18042   1   1  87  11   0 2026-09-15 08:35:28
 2  6       590232       877812       204396     58538280    0    0 3270656     0 12009 18258   1   1  88  10   0 2026-09-15 08:35:29
 0  8       590232       877592       204396     58538292    0    0 3311616     0 12015 18273   1   1  89   9   0 2026-09-15 08:35:30
 1  0       590232       876584       204396     58538308    0    0 1558528   136 9588 15512   2   1  92   5   0 2026-09-15 08:35:31
 1  0       590232       876388       204396     58538324    0    0     0     0 7142 12257   3   0  97   0   0 2026-09-15 08:35:32
 1  0       590232       875892       204404     58538340    0    0     0   128 7233 12339   3   0  97   0   0 2026-09-15 08:35:33
 1  0       590232       874668       204404     58538348    0    0     0     0 7283 12488   3   0  96   0   0 2026-09-15 08:35:34
procs -----------------------memory---------------------- ---swap-- -----io---- -system-- --------cpu-------- -----timestamp-----
 r  b         swpd         free         buff        cache   si   so    bi    bo   in   cs  us  sy  id  wa  st                 KST
 1  0       590232       874480       204404     58538372    0    0     0     0 7206 12402   3   0  96   0   0 2026-09-15 08:35:35
 1  0       590232       872716       204404     58538380    0    0     0   156 7100 12497   3   0  96   0   0 2026-09-15 08:35:36
 2  3       590232       873228       204404     58538404    0    0 2753024     0 11411 17170   1   1  88  10   0 2026-09-15 08:35:37
 2  5       590232       873012       204412     58538420    0    0 3074560   132 11811 17890   1   1  87  11   0 2026-09-15 08:35:38
 2  6       590232       872088       204412     58538432    0    0 3010560     0 29768 17913   1   2  86  11   0 2026-09-15 08:35:39
 0  8       590232       871544       204412     58538456    0    0 3329024     0 20759 18339   1   1  87  10   0 2026-09-15 08:35:40
 1  8       590232       872628       204420     58538472    0    0 3334148   152 12192 18571   1   1  89   9   0 2026-09-15 08:35:41
 0  4       590232       871660       204420     58538492    0    0 3212288     0 12039 18257   1   1  86  12   0 2026-09-15 08:35:42
 1  4       590232       872432       204428     58538504    0    0 3196928   148 11895 18097   1   1  87  11   0 2026-09-15 08:35:43
 2  4       590232       872208       204428     58538520    0    0 3149312     0 11599 18103   1   1  86  12   0 2026-09-15 08:35:44
 1  5       590232       871712       204428     58538532    0    0 3237376     0 12050 18338   1   1  87  11   0 2026-09-15 08:35:45
 0  6       590232       870212       204428     58538548    0    0 3172352   168 12219 18522   1   2  86  12   0 2026-09-15 08:35:46
 0  6       590232       870008       204428     58538564    0    0 3253248     0 12165 18340   1   1  87  11   0 2026-09-15 08:35:47
 0  8       590232       870560       204436     58538580    0    0 3156992   132 11674 18063   1   1  86  12   0 2026-09-15 08:35:48
 1  0       590232       870324       204436     58538596    0    0 3182080     0 12085 18514   1   1  86  12   0 2026-09-15 08:35:49
 0  4       590232       870112       204436     58538612    0    0 3302912     0 11950 18323   1   1  88  10   0 2026-09-15 08:35:50
 2  4       590232       869908       204436     58538628    0    0 3190784   152 11807 18214   1   1  87  11   0 2026-09-15 08:35:51
 0  5       590232       870508       204436     58538640    0    0 3169792     0 11960 18050   1   1  87  11   0 2026-09-15 08:35:52
 1  5       590232       871616       204444     58538656    0    0 3218944   132 11951 18174   1   1  86  12   0 2026-09-15 08:35:53
 0  6       590232       869864       204444     58538676    0    0 3278848     0 11861 18151   1   1  88  10   0 2026-09-15 08:35:54
 0  6       590232       871668       204444     58538680    0    0 3236864     0 11937 18478   1   1  89   9   0 2026-09-15 08:35:55
procs -----------------------memory---------------------- ---swap-- -----io---- -system-- --------cpu-------- -----timestamp-----
 r  b         swpd         free         buff        cache   si   so    bi    bo   in   cs  us  sy  id  wa  st                 KST
 1  6       590232       870928       204444     58538700    0    0 3207168   148 11739 18114   1   1  89   9   0 2026-09-15 08:35:56
 1  8       590232       872452       204444     58538712    0    0 3261440     0 12142 18559   1   1  87  11   0 2026-09-15 08:35:57
 1  4       590232       871996       204452     58538728    0    0 3246080   120 12252 18318   1   1  86  12   0 2026-09-15 08:35:58
 2  0       590232       873508       204452     58538740    0    0 2568192     0 11491 17364   2   1  90   7   0 2026-09-15 08:35:59
 1  0       590232       873272       204452     58538760    0    0     0     0 7261 12332   3   0  97   0   0 2026-09-15 08:36:00
 1  0       590232       871004       204452     58538780    0    0     0   160 7344 12315   3   0  96   0   0 2026-09-15 08:36:01
 1  0       590232       870760       204452     58538784    0    0     0     0 7200 12232   3   0  96   0   0 2026-09-15 08:36:02
 1  0       590232       870260       204460     58538804    0    0     0   140 7260 12326   3   0  96   0   0 2026-09-15 08:36:03
 1  0       590232       868764       204460     58538816    0    0     0     0 7270 12342   3   0  97   0   0 2026-09-15 08:36:04
 1  0       590232       869288       204460     58538832    0    0     0     0 7398 12478   3   0  96   0   0 2026-09-15 08:36:05
 1  0       590232       871068       204460     58538844    0    0     0     0 7559 12653   3   0  97   0   0 2026-09-15 08:36:06
 1  0       590232       869824       204460     58538864    0    0     0   148 7325 12441   3   0  96   0   0 2026-09-15 08:36:07
 1  0       590232       870116       204468     58538876    0    0     0   120 7315 12354   3   0  96   0   0 2026-09-15 08:36:08
 1  0       590232       870912       204468     58538888    0    0     0     0 7314 12315   3   0  97   0   0 2026-09-15 08:36:09
 1  0       590232       871196       204468     58538904    0    0     0     0 7323 12418   3   1  96   0   0 2026-09-15 08:36:10
 2  0       590232       871204       204468     58538920    0    0     0     0 7519 12374   3   0  97   0   0 2026-09-15 08:36:11
 1  0       590232       869812       204468     58538936    0    0     0   140 132969 12369   3   1  96   0   0 2026-09-15 08:36:12
 1  0       590232       870832       204476     58538956    0    0     0   124 7381 12221   3   0  96   0   0 2026-09-15 08:36:13
 1  0       590232       873104       204476     58538968    0    0     0     0 7433 12328   3   0  97   0   0 2026-09-15 08:36:14
 2  0       590232       871652       204476     58538984    0    0     0     0 7653 12566   3   0  97   0   0 2026-09-15 08:36:15
 1  0       590232       870936       204476     58538992    0    0     0     0 7482 12251   3   0  97   0   0 2026-09-15 08:36:16
procs -----------------------memory---------------------- ---swap-- -----io---- -system-- --------cpu-------- -----timestamp-----
 r  b         swpd         free         buff        cache   si   so    bi    bo   in   cs  us  sy  id  wa  st                 KST
 3  0       590232       871992       204476     58539012    0    0     0   144 7541 12350   3   0  96   0   0 2026-09-15 08:36:17
 1  0       590232       874324       204484     58539024    0    0     0   132 7440 12246   3   0  96   0   0 2026-09-15 08:36:18
 1  0       590232       875636       204484     58539044    0    0 1714176     0 9832 15583   2   1  93   5   0 2026-09-15 08:36:19
 1  0       590232       875716       204484     58539056    0    0 1714176     0 9646 15398   2   1  92   6   0 2026-09-15 08:36:20
 2  0       590232       877008       204484     58539072    0    0 1714176     0 9824 15394   2   1  92   6   0 2026-09-15 08:36:21
 6  0       590232       875792       204484     58539092    0    0 1714176   152 9876 15415   2   1  91   6   0 2026-09-15 08:36:22
 1  0       590232       876608       204492     58539104    0    0 1714176   124 10016 15391   2   1  90   7   0 2026-09-15 08:36:23
 0  8       590232       877952       204492     58539116    0    0 1787904     0 9833 15470   2   1  90   7   0 2026-09-15 08:36:24
 1  6       590232       877964       204492     58539132    0    0 1869824     0 10218 15647   2   1  90   7   0 2026-09-15 08:36:25
 1  5       590232       877724       204492     58539152    0    0 1991680     0 10551 16393   2   1  90   7   0 2026-09-15 08:36:26
 1  5       590232       877528       204492     58539160    0    0 2089984   176 10437 16349   2   1  91   7   0 2026-09-15 08:36:27
 1  4       590232       876872       204500     58539180    0    0 1997824   128 10498 16197   2   1  90   7   0 2026-09-15 08:36:28
 2  3       590232       877668       204500     58539192    0    0 2030592     0 10215 16050   2   1  90   7   0 2026-09-15 08:36:29
 1  0       590232       877964       204500     58539200    0    0 1937920     0 10290 15844   1   1  90   8   0 2026-09-15 08:36:30
 2  0       590232       878788       204500     58539216    0    0 1721856     0 10075 15480   2   1  92   6   0 2026-09-15 08:36:31
 1  0       590232       880120       204500     58539232    0    0 1714176   184 9783 15513   2   1  92   6   0 2026-09-15 08:36:32
 1  0       590232       878624       204508     58539244    0    0 1714176   116 9707 15434   2   1  92   6   0 2026-09-15 08:36:33
 1  0       590232       878152       204508     58539260    0    0 1714176     0 9678 15553   2   1  91   6   0 2026-09-15 08:36:34
 1  8       590232       876900       204508     58539276    0    0 1787904     0 10059 15580   2   1  91   6   0 2026-09-15 08:36:35
 0  7       590232       877988       204508     58539296    0    0 1930240     0 10414 15833   2   1  89   8   0 2026-09-15 08:36:36
 1  5       590232       877508       204508     58539304    0    0 2058240   184 10265 16026   2   1  91   6   0 2026-09-15 08:36:37
procs -----------------------memory---------------------- ---swap-- -----io---- -system-- --------cpu-------- -----timestamp-----
 r  b         swpd         free         buff        cache   si   so    bi    bo   in   cs  us  sy  id  wa  st                 KST
 0  6       590232       876012       204516     58539324    0    0 1947648   128 10127 15998   2   1  91   7   0 2026-09-15 08:36:38
 0  5       590232       875016       204516     58539336    0    0 1954816     0 10243 15947   2   1  90   7   0 2026-09-15 08:36:39
 1  4       590232       873764       204516     58539356    0    0 1983488     0 10097 16010   2   1  90   8   0 2026-09-15 08:36:40
 0  1       590232       873516       204516     58539368    0    0 1980928     0 10162 15976   2   1  90   7   0 2026-09-15 08:36:41
 1  0       590232       873268       204516     58539384    0    0 1784320     0 9862 15542   2   1  90   8   0 2026-09-15 08:36:42
 1  0       590232       872836       204524     58539400    0    0 1714176   344 9824 15473   2   1  92   5   0 2026-09-15 08:36:43
 2  0       590232       871592       204524     58539408    0    0 1714176     0 9784 15371   2   1  91   6   0 2026-09-15 08:36:44
 1  0       590232       869652       204524     58539424    0    0 1714176     0 83418 15464   2   2  90   6   0 2026-09-15 08:36:45
 1  0       590232       869476       204524     58539436    0    0 1714176     0 10038 15831   2   1  91   6   0 2026-09-15 08:36:46
 0  7       590232       869520       204524     58539452    0    0 1902592     0 10340 15698   2   1  90   8   0 2026-09-15 08:36:47
 1  6       590232       870100       204532     58539468    0    0 1964032   272 10485 16130   2   1  91   7   0 2026-09-15 08:36:48
 1  5       590232       871616       204532     58539480    0    0 1967104     0 10300 16103   2   1  91   7   0 2026-09-15 08:36:49
 1  4       590232       872412       204532     58539500    0    0 2018816     0 10256 16245   2   1  91   7   0 2026-09-15 08:36:50
 2  5       590232       872464       204532     58539512    0    0 2013696     0 10364 16104   1   1  91   7   0 2026-09-15 08:36:51
 0  4       590232       870996       204532     58539524    0    0 1990656     0 10084 16052   2   1  91   7   0 2026-09-15 08:36:52
 1  0       590232       870032       204540     58539540    0    0 1856512   248 9959 15775   2   1  92   5   0 2026-09-15 08:36:53
 1  0       590232       869316       204540     58539556    0    0 1714176     0 9886 15458   2   1  91   6   0 2026-09-15 08:36:54
 2  0       590232       868160       204540     58539568    0    0 1714176     0 9786 15711   2   1  91   6   0 2026-09-15 08:36:55
 1  0       590232       868232       204540     58539580    0    0 1714176     0 9683 15631   2   1  91   6   0 2026-09-15 08:36:56
 1  4       590232       867776       204604     58539564    0    0 1714180 30720 10321 15622   6   1  86   7   0 2026-09-15 08:36:57
 4  4       590232       865808       205984     58540004    0    0   280 613924 9190 14602   3   1  86  10   0 2026-09-15 08:36:58
procs -----------------------memory---------------------- ---swap-- -----io---- -system-- --------cpu-------- -----timestamp-----
 r  b         swpd         free         buff        cache   si   so    bi    bo   in   cs  us  sy  id  wa  st                 KST
 1  0       590232       864432       208812     58541216    0    0   492 1333248 10150 16176   3   1  90   6   0 2026-09-15 08:36:59
 1  0       590232       862764       208812     58541228    0    0     0     0 6930 12432   3   0  97   0   0 2026-09-15 08:37:00
 1  0       590232       861096       208812     58541248    0    0     0     0 7085 12381   3   0  97   0   0 2026-09-15 08:37:01
 1  0       590232       860412       208812     58541256    0    0     0     0 7172 12501   3   0  97   0   0 2026-09-15 08:37:02
 1  5       590232       859556       208840     58541324    0    0 894464  5604 8621 14056   3   1  93   4   0 2026-09-15 08:37:03
 0  6       590232       859128       208840     58541340    0    0 2991616  4132 11554 17730   1   1  86  12   0 2026-09-15 08:37:04
 0  8       590232       861188       208840     58541348    0    0 3137536     0 11526 18036   1   1  90   8   0 2026-09-15 08:37:05
 1  0       590232       860976       208840     58541368    0    0 3188224     0 12069 18547   1   1  89   9   0 2026-09-15 08:37:06
 2  4       590232       863552       208840     58541384    0    0 3241472     0 12226 18362   1   2  88  10   0 2026-09-15 08:37:07
 0  5       590232       862332       208848     58541396    0    0 3166208   128 11767 18073   1   1  89   9   0 2026-09-15 08:37:08
 1  4       590232       861644       208848     58541408    0    0 3273216  1480 12176 18445   1   1  87  11   0 2026-09-15 08:37:09
 1  5       590232       860668       208848     58541428    0    0 3230208     0 11979 18344   1   1  88  10   0 2026-09-15 08:37:10
 0  6       590232       860964       208848     58541444    0    0 3145728     0 11904 18032   1   1  87  11   0 2026-09-15 08:37:11
 3  6       590232       860244       208848     58541448    0    0 3228672     0 11806 18087   1   1  86  12   0 2026-09-15 08:37:12
 1  7       590232       860344       208856     58541468    0    0 3227648    36 11892 18216   0   1  89  10   0 2026-09-15 08:37:13
 0  8       590232       860684       208856     58541484    0    0 3344384   232 12198 18566   1   1  87  11   0 2026-09-15 08:37:14
 0  1       590232       861740       208856     58541496    0    0 3273216     0 12279 18457   1   1  88  10   0 2026-09-15 08:37:15
 0  5       590232       861000       208856     58541636    0    0 3258880     0 12242 18315   1   1  85  12   0 2026-09-15 08:37:16
 0  5       590232       862616       208872     58541576    0    0 3237888   216 12180 18406   1   1  88  10   0 2026-09-15 08:37:17
 1  4       590232       862580       208872     58541592    0    0 3202560     0 43994 18139   1   2  87  10   0 2026-09-15 08:37:18
 1  5       590232       860584       208872     58541600    4    0 3181060   164 12139 18364   1   1  87  11   0 2026-09-15 08:37:19
procs -----------------------memory---------------------- ---swap-- -----io---- -system-- --------cpu-------- -----timestamp-----
 r  b         swpd         free         buff        cache   si   so    bi    bo   in   cs  us  sy  id  wa  st                 KST
 1  5       590232       860380       208872     58541620    0    0 3201024     0 11905 18073   1   1  87  11   0 2026-09-15 08:37:20
 1  6       590232       860960       208872     58541628    0    0 3220480     0 11820 18078   1   1  88  10   0 2026-09-15 08:37:21
 0  7       590232       861756       208880     58541652    0    0 3255296   128 11664 18146   1   1  87  11   0 2026-09-15 08:37:22
 1  0       590232       861508       208880     58541656    0    0 3233280     0 11959 18524   1   1  91   8   0 2026-09-15 08:37:23
 0  4       590232       861292       208880     58541680    0    0 3294720   144 12058 18306   1   1  88  10   0 2026-09-15 08:37:24
 1  5       590232       861088       208880     58541688    0    0 3123200     0 11552 17863   1   1  87  11   0 2026-09-15 08:37:25
 1  0       590232       863372       208880     58541708    0    0 444416     0 8207 13558   3   1  96   1   0 2026-09-15 08:37:26
 1  0       590232       862128       208888     58541724    0    0     0   124 7669 12547   3   1  96   0   0 2026-09-15 08:37:27
 1  0       590232       862140       208888     58541736    0    0     0     0 7439 12368   3   0  97   0   0 2026-09-15 08:37:28
 1  0       590232       861448       208892     58541744    0    0     0   156 7656 12558   3   0  96   0   0 2026-09-15 08:37:29
 1  0       590232       861240       208892     58541764    0    0     0     0 7582 12343   3   0  97   0   0 2026-09-15 08:37:30
 1  0       590232       861752       208892     58541780    0    0     0     0 7510 12431   3   0  97   0   0 2026-09-15 08:37:31
 1  0       590232       862268       208900     58541788    0    0     0   152 7252 12286   3   0  97   0   0 2026-09-15 08:37:32
 1  0       590232       861832       208900     58541808    0    0     0     0 7332 12296   3   0  96   0   0 2026-09-15 08:37:33
 1  0       590232       862120       208900     58541824    0    0     0   160 7325 12333   3   0  96   0   0 2026-09-15 08:37:34
 1  0       590232       860896       208900     58541840    0    0     0     0 7413 12351   3   0  96   0   0 2026-09-15 08:37:35
 1  0       590232       861716       208900     58541852    0    0     0     0 7348 12322   3   0  96   0   0 2026-09-15 08:37:36
 2  0       590232       860244       208908     58541852    0    0     0   112 7391 12365   3   0  96   0   0 2026-09-15 08:37:37
 1  0       590232       859840       208908     58541888    0    0 1714176     0 9677 15455   2   1  90   7   0 2026-09-15 08:37:38
 2  6       590232       860400       208908     58541904    0    0 2289664     0 10643 16396   1   1  88  10   0 2026-09-15 08:37:39
 0  4       590232       862052       208908     58541908    0    0 2728960   136 11140 17477   1   1  90   8   0 2026-09-15 08:37:40
procs -----------------------memory---------------------- ---swap-- -----io---- -system-- --------cpu-------- -----timestamp-----
 r  b         swpd         free         buff        cache   si   so    bi    bo   in   cs  us  sy  id  wa  st                 KST
 0  8       590232       862316       208908     58541928    0    0 2011136     0 10091 15742   1   1  92   6   0 2026-09-15 08:37:41
 0  5       590232       862584       208908     58541940    0    0 2707456     0 11099 17340   1   1  91   7   0 2026-09-15 08:37:42
 1  0       590232       862628       208916     58541956    0    0 2262016   132 10475 16654   1   1  91   7   0 2026-09-15 08:37:43
 0  6       590232       862644       208916     58541964    0    0 2548736     0 11133 16815   1   1  89   9   0 2026-09-15 08:37:44
 1  0       590232       863156       208916     58541992    0    0 2593792   136 11130 17175   1   1  90   8   0 2026-09-15 08:37:45
 1  5       590232       863960       208916     58542000    0    0 2167808     0 10640 16301   1   1  89   9   0 2026-09-15 08:37:46
 1  3       590232       864248       208916     58542016    0    0 2781184     0 11373 17636   1   1  88  10   0 2026-09-15 08:37:47
 1  8       590232       864556       208924     58542036    0    0 1981440   112 10420 16108   1   1  90   7   0 2026-09-15 08:37:48
 0  4       590232       865888       208924     58542048    0    0 2685440     0 11354 17271   1   1  88  10   0 2026-09-15 08:37:49
 2  0       590232       865704       208924     58542064    0    0 2383360   136 55503 16901   1   2  91   7   0 2026-09-15 08:37:50
 1  5       590232       866436       208924     58542076    0    0 2328576     0 43508 16375   1   1  88   9   0 2026-09-15 08:37:51
 0  1       590232       865692       208924     58542092    0    0 2768384     0 11176 17464   1   1  90   7   0 2026-09-15 08:37:52
 2  7       590232       864444       208932     58542108    0    0 2007552   140 10159 15692   1   1  90   7   0 2026-09-15 08:37:53
 1  5       590232       864772       208932     58542116    0    0 2764800     0 11239 17547   1   1  88  10   0 2026-09-15 08:37:54
 1  0       590232       865288       208932     58542136    0    0 2129920   156 10481 16328   2   1  91   7   0 2026-09-15 08:37:55
 0  5       590232       864612       208932     58542144    0    0 2622976     0 11123 16891   1   1  88   9   0 2026-09-15 08:37:56
 1  0       590232       864664       208932     58542164    0    0 2519552     0 10882 16988   1   1  90   8   0 2026-09-15 08:37:57
 1  5       590232       862916       208940     58542176    0    0 2273280   112 10924 16369   2   1  89   8   0 2026-09-15 08:37:58
 0  3       590232       862204       208940     58542196    0    0 2781184     0 11643 17743   1   1  90   8   0 2026-09-15 08:37:59
 2  6       590232       861776       208940     58542208    0    0 2026496   132 10371 15873   2   1  91   7   0 2026-09-15 08:38:00
 0  5       590232       862576       208940     58542224    0    0 2803712     0 11252 17526   1   1  88  10   0 2026-09-15 08:38:01
procs -----------------------memory---------------------- ---swap-- -----io---- -system-- --------cpu-------- -----timestamp-----
 r  b         swpd         free         buff        cache   si   so    bi    bo   in   cs  us  sy  id  wa  st                 KST
 1  0       590232       862392       208940     58542236    0    0 2114560     0 10286 16226   2   1  90   7   0 2026-09-15 08:38:02
 1  5       590232       862180       208948     58542256    0    0 2598912   132 11203 16915   1   1  87  10   0 2026-09-15 08:38:03
 1  0       590232       863012       208948     58542276    0    0 2543616     0 11160 17123   1   1  90   8   0 2026-09-15 08:38:04
 0  5       590232       862080       208948     58542280    0    0 2249728   140 10629 16178   1   1  89   9   0 2026-09-15 08:38:05
 1  4       590232       859344       208948     58542300    0    0 2747392     0 11611 17759   1   1  88   9   0 2026-09-15 08:38:06
 3  4       590232       861404       209100     58542180    0    0 1859616 54408 10473 16026   3   1  90   6   0 2026-09-15 08:38:07
 1  4       590232       860200       210264     58542712    0    0   176 612352 9570 14541   3   1  86  10   0 2026-09-15 08:38:08
 1  0       590232       858988       210956     58542972    0    0   192 275456 8037 13260   3   1  95   1   0 2026-09-15 08:38:09
 1  0       590232       860060       210956     58542988    0    0     0     0 7258 12551   3   0  96   0   0 2026-09-15 08:38:10
 1  0       590232       861108       210956     58543004    0    0     0   332 7206 12465   3   0  96   0   0 2026-09-15 08:38:11
 1  0       590232       860896       210956     58543012    0    0     0     0 7073 12231   3   0  96   0   0 2026-09-15 08:38:12
 1  4       590232       861944       210976     58543088    0    0 1069568  3116 8636 14063   2   1  93   5   0 2026-09-15 08:38:13
 0  6       590232       860716       210976     58543108    0    0 3079680     0 11549 17971   1   1  88  10   0 2026-09-15 08:38:14
 1  6       590232       860224       210976     58543112    0    0 2990080     0 11965 17789   1   1  85  13   0 2026-09-15 08:38:15
 1  0       590232       858468       210976     58543136    0    0 3145728  3112 11672 18376   1   1  88  10   0 2026-09-15 08:38:16
 1  0       590232       857252       210976     58543148    0    0 3346944     0 11935 18405   1   1  87  11   0 2026-09-15 08:38:17
 2  4       590232       856512       210984     58543164    0    0 3138048   124 11753 17931   1   1  87  11   0 2026-09-15 08:38:18
 1  5       590232       855572       210984     58543172    0    0 3226624     0 12106 18305   1   1  88  10   0 2026-09-15 08:38:19
 2  4       590232       856088       210984     58543192    0    0 3201536     0 11940 18029   1   1  86  12   0 2026-09-15 08:38:20
 2  5       590232       857356       210984     58543208    0    0 3075584   144 11816 17894   1   1  87  11   0 2026-09-15 08:38:21
 0  7       590232       856868       210984     58543216    0    0 3145728     0 11809 18046   1   1  87  11   0 2026-09-15 08:38:22
procs -----------------------memory---------------------- ---swap-- -----io---- -system-- --------cpu-------- -----timestamp-----
 r  b         swpd         free         buff        cache   si   so    bi    bo   in   cs  us  sy  id  wa  st                 KST
 0  7       590232       858280       210992     58543232    0    0 3325952   120 94859 18355   1   2  85  11   0 2026-09-15 08:38:23
 0  1       590232       857540       210992     58543248    0    0 3227136     0 11998 18449   1   1  89   9   0 2026-09-15 08:38:24
 1  4       590232       858052       210992     58543260    0    0 3300864     0 12009 18179   1   1  86  12   0 2026-09-15 08:38:25
 1  5       590232       856356       210992     58543272    0    0 3197952   128 12075 18418   1   1  87  11   0 2026-09-15 08:38:26
 0  5       590232       856420       210992     58543296    0    0 3217408     0 12050 18188   1   1  88  10   0 2026-09-15 08:38:27
 0  6       590232       856992       211000     58543304    0    0 3197952   112 11963 18411   1   1  87  11   0 2026-09-15 08:38:28
 0  6       590232       857564       211000     58543320    0    0 3238912     0 11989 18351   1   1  88  10   0 2026-09-15 08:38:29
 0  6       590232       857348       211000     58543336    0    0 3130368     0 11784 18018   1   1  88  10   0 2026-09-15 08:38:30
 0  8       590232       858652       211000     58543352    0    0 3189760   136 12174 18421   1   1  87  11   0 2026-09-15 08:38:31
 0  1       590232       860212       211000     58543372    0    0 3219968     0 11845 18349   1   1  89   9   0 2026-09-15 08:38:32
 0  5       590232       858744       211008     58543384    0    0 2951680   132 11492 17607   1   1  90   9   0 2026-09-15 08:38:33
 2  4       590232       859064       211008     58543404    0    0 3230208     0 12011 18160   1   1  86  12   0 2026-09-15 08:38:34
 0  6       590232       859132       211008     58543420    0    0 3211776     0 12058 18244   1   2  87  11   0 2026-09-15 08:38:35
 1  0       590232       858384       211008     58543428    0    0 935936   148 8598 14170   2   1  95   2   0 2026-09-15 08:38:36
 1  0       590232       858160       211008     58543448    0    0     0     0 7120 12275   3   0  96   0   0 2026-09-15 08:38:37
 1  0       590232       859676       211016     58543460    0    0     0   124 7081 12376   3   0  97   0   0 2026-09-15 08:38:38
 1  0       590232       860704       211016     58543476    0    0     0     0 7291 12512   3   1  96   0   0 2026-09-15 08:38:39
 2  0       590232       859452       211016     58543488    0    0     0     0 7396 12233   3   0  97   0   0 2026-09-15 08:38:40
 0  8       590232       858460       211016     58543504    0    0 69632     0 7566 12383   3   0  96   0   0 2026-09-15 08:38:41
 0  4       590232       859236       211016     58543524    0    0 3153920   144 11978 18150   1   1  85  13   0 2026-09-15 08:38:42
 1  4       590232       859332       211024     58543532    0    0 3045376   120 12193 17947   1   1  86  12   0 2026-09-15 08:38:43
procs -----------------------memory---------------------- ---swap-- -----io---- -system-- --------cpu-------- -----timestamp-----
 r  b         swpd         free         buff        cache   si   so    bi    bo   in   cs  us  sy  id  wa  st                 KST
 2  5       590232       858896       211024     58543548    0    0 3055616     0 12021 17824   1   1  85  13   0 2026-09-15 08:38:44
 1  5       590232       858428       211024     58543564    0    0 3203072     0 12112 18159   1   1  88  10   0 2026-09-15 08:38:45
 0  7       590232       857428       211024     58543576    0    0 3250176     0 12173 18472   1   1  87  11   0 2026-09-15 08:38:46
 1  8       590232       856676       211024     58543584    0    0 3246080   132 12030 18297   1   1  89   9   0 2026-09-15 08:38:47
 0  1       590232       856692       211032     58543604    0    0 3213824   112 11975 18450   1   1  87  11   0 2026-09-15 08:38:48
 0  4       590232       857720       211032     58543624    0    0 3278336     0 12064 18333   1   1  87  10   0 2026-09-15 08:38:49
 1  4       590232       858484       211032     58543628    0    0 3266560     0 11888 18245   1   2  87  11   0 2026-09-15 08:38:50
 9  5       590232       858496       211032     58543648    0    0 3158016     0 11868 18264   1   2  86  11   0 2026-09-15 08:38:51
 9  5       590232       858248       211032     58543660    0    0 3154944   148 11729 18129   1   2  87  11   0 2026-09-15 08:38:52
 3  5       590232       857752       211040     58543676    0    0 3102720   120 11846 17976   1   1  87  11   0 2026-09-15 08:38:53
 2  6       590232       858516       211040     58543688    0    0 3137536     0 11854 18045   1   2  87  10   0 2026-09-15 08:38:54
 1  8       590232       859628       211040     58543708    0    0 3309568     0 12015 18567   1   2  88  10   0 2026-09-15 08:38:55
 2  3       590232       857836       211040     58543728    0    0 3240960     0 61658 18409   1   2  86  11   0 2026-09-15 08:38:56
10  5       590232       856080       211040     58543736    0    0 3244032   176 11814 18210   1   1  87  11   0 2026-09-15 08:38:57
 2  4       590232       855376       211048     58543756    0    0 3235840   124 12012 18232   1   1  87  11   0 2026-09-15 08:38:58
 1  5       590232       856648       211048     58543768    0    0 3243520     0 12047 18151   1   1  87  11   0 2026-09-15 08:38:59
 1  4       590232       856440       211048     58543780    0    0 3288064     0 12054 18313   1   1  88  10   0 2026-09-15 08:39:00
 2  6       590232       856488       211048     58543792    0    0 3174912     0 11852 17982   1   1  87  11   0 2026-09-15 08:39:01
 2  5       590232       855528       211048     58543816    0    0 3241984     0 12077 18270   1   2  86  12   0 2026-09-15 08:39:02
 1  7       590232       854312       211056     58543824    4    0 3191812   348 12143 18437   1   1  89   9   0 2026-09-15 08:39:03
 2  0       590232       854076       211056     58543840   20    0 1488916     0 9543 15411   2   1  92   5   0 2026-09-15 08:39:04
procs -----------------------memory---------------------- ---swap-- -----io---- -system-- --------cpu-------- -----timestamp-----
 r  b         swpd         free         buff        cache   si   so    bi    bo   in   cs  us  sy  id  wa  st                 KST
 2  0       590232       855092       211056     58543980    0    0   128     0 7207 12297   3   0  97   0   0 2026-09-15 08:39:05
 2  0       590232       856376       211056     58544004    0    0     0     0 7360 12700   3   0  96   0   0 2026-09-15 08:39:06
 2  0       590232       855132       211056     58544020    0    0     0     0 6998 12326   3   0  97   0   0 2026-09-15 08:39:07
 2  0       590232       854668       211064     58544032    0    0     0   476 7008 12422   3   0  96   0   0 2026-09-15 08:39:08
 2  0       590232       854708       211064     58544040    0    0     0     0 7185 12375   3   1  96   0   0 2026-09-15 08:39:09
 2  4       590232       853964       211064     58544068    0    0 2686464     0 11282 17281   1   1  87  10   0 2026-09-15 08:39:10
 2  5       590232       854252       211064     58544076    0    0 3033600     0 11773 17825   1   1  86  12   0 2026-09-15 08:39:11
 1  7       590232       853540       211064     58544088    0    0 3119104     0 12019 18007   1   1  86  11   0 2026-09-15 08:39:12
 1  8       590232       854308       211072     58544104    0    0 3237888   288 12090 18401   1   1  87  11   0 2026-09-15 08:39:13
 2  1       590232       853852       211072     58544120    0    0 3295744     0 12074 18475   1   1  90   8   0 2026-09-15 08:39:14
 1  5       590232       853420       211072     58544136    0    0 3198464     0 11739 18221   1   1  87  11   0 2026-09-15 08:39:15
 1  5       590232       853996       211072     58544156    0    0 3246080     0 11994 18117   1   2  87  11   0 2026-09-15 08:39:16
 1  5       590232       855324       211072     58544176    0    0 3180032     0 11923 18124   1   1  87  11   0 2026-09-15 08:39:17
 1  6       590232       857388       211080     58544192    0    0 3112448   244 12024 17975   1   1  88  11   0 2026-09-15 08:39:18
 2  5       590232       858456       211080     58544208    0    0 3127296     0 12074 17966   1   1  88  10   0 2026-09-15 08:39:19
 2  6       590232       859780       211080     58544408    0    0 3269820     0 12239 18364   1   1  88  10   0 2026-09-15 08:39:20
 1  8       590232       858060       211080     58544428    0    0 3279872     0 11925 18471   1   1  89   9   0 2026-09-15 08:39:21
 1  4       590232       858880       211080     58544432    0    0 3192832     0 12143 18290   1   1  88  10   0 2026-09-15 08:39:22
 1  5       590232       858132       211088     58544460    0    0 3252224   276 12059 18448   1   1  87  11   0 2026-09-15 08:39:23
 1  5       590232       857932       211088     58544476    0    0 3136512     0 11913 17862   1   2  86  12   0 2026-09-15 08:39:24
 2  5       590232       858444       211088     58544484    0    0 3063808     0 11823 17853   1   1  87  11   0 2026-09-15 08:39:25
procs -----------------------memory---------------------- ---swap-- -----io---- -system-- --------cpu-------- -----timestamp-----
 r  b         swpd         free         buff        cache   si   so    bi    bo   in   cs  us  sy  id  wa  st                 KST
 0  6       590232       856464       211088     58544496   12    0 3259404     0 12338 18554   1   1  87  11   0 2026-09-15 08:39:26
 2  6       590232       856232       211088     58544516    0    0 3136512     0 11839 17987   1   1  88  10   0 2026-09-15 08:39:27
 0  8       590232       855992       211096     58544532    0    0 3331072   264 12076 18434   1   1  90   8   0 2026-09-15 08:39:28
 0  1       590232       854628       211096     58544540    0    0 3205632     0 80227 18606   1   2  88   9   0 2026-09-15 08:39:29
 1  4       590232       855960       211096     58544560    0    0 3255808     0 12480 18404   1   1  87  11   0 2026-09-15 08:39:30
 0  5       590232       857232       211096     58544580    0    0 3219456     0 11979 18256   1   2  87  10   0 2026-09-15 08:39:31
 1  0       590232       856236       211096     58544584    0    0 2155520     0 10641 16411   2   1  90   7   0 2026-09-15 08:39:32
 1  0       590232       854736       211104     58544604    0    0     0   288 7098 12246   3   0  96   0   0 2026-09-15 08:39:33
 1  0       590232       856004       211104     58544620    0    0     0     0 7086 12320   3   0  96   0   0 2026-09-15 08:39:34
 3  0       590232       856776       211104     58544636    0    0     0     0 7072 12265   3   0  97   0   0 2026-09-15 08:39:35
 2  0       590232       858048       211104     58544648    0    0     0     0 6870 12137   3   0  97   0   0 2026-09-15 08:39:36
 1  0       590232       858564       211104     58544664    0    0     0     0 6804 12244   3   0  96   0   0 2026-09-15 08:39:37
 0  7       590232       858604       211112     58544684    0    0 1904640   112 9588 15569   2   1  91   6   0 2026-09-15 08:39:38
 1  0       590232       859368       211112     58544696    0    0 3237888   124 11812 18623   1   1  89   9   0 2026-09-15 08:39:39
 1  5       590232       859204       211112     58544708    0    0 3183616     0 11718 18157   1   1  89   9   0 2026-09-15 08:39:40
 1  4       590232       859040       211112     58544732    0    0 3025408     0 11609 17888   1   1  87  11   0 2026-09-15 08:39:41
 1  5       590232       857824       211112     58544748    0    0 3216896     0 11648 18171   1   1  87  11   0 2026-09-15 08:39:42
 1  5       590232       859156       211120     58544756    0    0 3096576   128 11999 18165   1   1  87  11   0 2026-09-15 08:39:43
 2  6       590232       858692       211120     58544780    0    0 3239936   148 11975 18295   1   1  87  10   0 2026-09-15 08:39:44
 0  7       590232       858516       211120     58544792    0    0 3269632     0 11790 18231   1   1  88  10   0 2026-09-15 08:39:45
 0  8       590232       862876       211120     58544804    0    0 3322880     0 12428 19142   1   1  87  11   0 2026-09-15 08:39:46
procs -----------------------memory---------------------- ---swap-- -----io---- -system-- --------cpu-------- -----timestamp-----
 r  b         swpd         free         buff        cache   si   so    bi    bo   in   cs  us  sy  id  wa  st                 KST
 1  4       590232       863448       211120     58544820    0    0 3111936     0 11795 18079   1   1  87  11   0 2026-09-15 08:39:47
 0  5       590232       862700       211128     58544832    0    0 3274752   128 11733 18370   1   1  88  10   0 2026-09-15 08:39:48
 0  5       590232       863220       211128     58544848    0    0 3245056   136 11835 18239   1   1  87  11   0 2026-09-15 08:39:49
 1  5       590232       863232       211128     58544856    0    0 3145728     0 11812 17989   1   1  86  12   0 2026-09-15 08:39:50
 1  5       590232       864280       211128     58544868    0    0 3205120     0 12037 18265   1   1  87  11   0 2026-09-15 08:39:51
 1  5       590232       864064       211128     58544896    0    0 3201024     0 11932 18123   1   1  88  10   0 2026-09-15 08:39:52
 0  8       590232       866080       211136     58544904    0    0 3196928   116 11983 18317   1   1  86  11   0 2026-09-15 08:39:53
 1  1       590232       866080       211136     58544920    0    0 3210752   136 12079 18378   1   1  88  11   0 2026-09-15 08:39:54
 0  4       590232       864636       211136     58544936    0    0 3248640     0 11842 18242   1   1  86  12   0 2026-09-15 08:39:55
 0  5       590232       864136       211136     58544960    0    0 3281920     0 12159 18288   1   1  87  10   0 2026-09-15 08:39:56
 2  4       590232       864188       211136     58544964    0    0 3131904     0 11911 17970   1   1  87  11   0 2026-09-15 08:39:57
 1  5       590232       863752       211144     58544984    0    0 3224064   128 11998 18170   1   1  87  10   0 2026-09-15 08:39:58
 1  5       590232       863568       211144     58545004    0    0 3174400   144 11899 18292   1   1  89  10   0 2026-09-15 08:39:59
 1  0       590232       862596       211144     58545012    0    0 2845696     0 11192 17645   1   1  91   7   0 2026-09-15 08:40:00
 2  0       590232       862672       211144     58545024    0    0     0     0 88009 12406   3   1  96   0   0 2026-09-15 08:40:01
 1  0       590232       861716       211144     58545040    0    0     0     0 49854 12345   3   1  96   0   0 2026-09-15 08:40:02
 2  0       590232       861236       211152     58545056    0    0     0   128 7004 12389   3   1  96   0   0 2026-09-15 08:40:03
 1  0       590232       862056       211152     58545064    0    0     0   144 6999 12324   3   0  97   0   0 2026-09-15 08:40:04
 1  0       590232       863372       211152     58545096    0    0     0     0 6952 12268   3   0  97   0   0 2026-09-15 08:40:05
 0  5       590232       865420       211152     58545108    0    0 1369088     0 9258 15026   2   1  91   6   0 2026-09-15 08:40:06
 1  5       590232       865984       211152     58545116    0    0 3154944     0 11895 18116   1   1  87  11   0 2026-09-15 08:40:07
procs -----------------------memory---------------------- ---swap-- -----io---- -system-- --------cpu-------- -----timestamp-----
 r  b         swpd         free         buff        cache   si   so    bi    bo   in   cs  us  sy  id  wa  st                 KST
 1  5       590232       866300       211160     58545132    0    0 3095552   116 11698 17960   1   1  87  11   0 2026-09-15 08:40:08
 1  6       590232       866812       211160     58545144    0    0 3070976   132 11726 17900   1   1  87  10   0 2026-09-15 08:40:09
 0  7       590232       864612       211160     58545160    0    0 3213312     0 11806 18207   1   1  88  10   0 2026-09-15 08:40:10
 1  1       590232       865400       211160     58545172    0    0 3213824     0 11796 18437   1   1  88  10   0 2026-09-15 08:40:11
 1  4       590232       865476       211160     58545188    0    0 3202560     0 11903 18074   1   1  86  11   0 2026-09-15 08:40:12
 1  5       590232       866020       211168     58545204    0    0 3160064   128 11969 18197   1   2  87  10   0 2026-09-15 08:40:13
 1  4       590232       866316       211168     58545220    0    0 3219968   148 11947 18157   1   1  87  11   0 2026-09-15 08:40:14
 0  6       590232       863588       211168     58545240    0    0 3254784     0 11941 18344   1   1  88  10   0 2026-09-15 08:40:15
 0  6       590232       863588       211168     58545248    0    0 3267584     0 12031 18294   1   1  88  10   0 2026-09-15 08:40:16
 0  6       590232       862588       211168     58545272    0    0 3181568     0 11895 18108   1   1  86  12   0 2026-09-15 08:40:17
 1  7       590232       862620       211176     58545280    0    0 3211264   128 12068 18145   1   1  87  11   0 2026-09-15 08:40:18
 0  8       590232       860904       211176     58545300    0    0 3312640     0 12286 18561   1   1  89   9   0 2026-09-15 08:40:19
 0  4       590232       862204       211176     58545312    0    0 3251200   140 12163 18337   1   2  86  12   0 2026-09-15 08:40:20
 2  4       590232       862304       211176     58545324    0    0 3214336     0 12005 18195   1   1  88  10   0 2026-09-15 08:40:21
 2  4       590232       862608       211176     58545340    0    0 3241984     0 12077 18431   1   2  87  11   0 2026-09-15 08:40:22
 1  4       590232       862108       211184     58545352    0    0 3181056   116 11872 18179   1   1  86  12   0 2026-09-15 08:40:23
 0  5       590232       860136       211184     58545368    0    0 3230208     0 12055 18255   1   1  87  11   0 2026-09-15 08:40:24
 0  6       590232       860176       211184     58545384    0    0 3235840   140 11898 18242   1   1  87  10   0 2026-09-15 08:40:25
 2  5       590232       861244       211184     58545396    0    0 3282944     0 12249 18677   1   1  89   9   0 2026-09-15 08:40:26
 1  6       590232       860560       211184     58545416    0    0 3192832     0 11846 18117   1   1  88  10   0 2026-09-15 08:40:27
 1  0       590232       860316       211192     58545432    0    0 3236864   128 11778 18590   1   1  87  11   0 2026-09-15 08:40:28
procs -----------------------memory---------------------- ---swap-- -----io---- -system-- --------cpu-------- -----timestamp-----
 r  b         swpd         free         buff        cache   si   so    bi    bo   in   cs  us  sy  id  wa  st                 KST
 1  0       590232       860368       211192     58545440    0    0     0     0 7153 12375   3   0  97   0   0 2026-09-15 08:40:29
 1  0       590232       860120       211192     58545464    0    0     0   144 7229 12265   3   0  96   0   0 2026-09-15 08:40:30
 1  0       590232       860416       211192     58545476    0    0     0     0 6965 12307   3   0  96   0   0 2026-09-15 08:40:31
 1  0       590232       860460       211192     58545488    0    0     0     0 7226 12400   3   1  96   0   0 2026-09-15 08:40:32
 1  0       590232       858460       211200     58545500    0    0     0   128 7227 12321   3   0  96   0   0 2026-09-15 08:40:33
 1  5       590232       860288       211200     58545516    0    0 1321984     0 62071 14788   2   2  92   4   0 2026-09-15 08:40:34
 1  4       590232       860552       211200     58545532    0    0 3034624   148 11511 17835   1   1  87  11   0 2026-09-15 08:40:35
 0  6       590232       862384       211200     58545548    0    0 3112448     0 11952 18059   1   1  87  11   0 2026-09-15 08:40:36
 1  6       590232       862424       211200     58545560    0    0 3139584     0 11718 17948   1   1  88  10   0 2026-09-15 08:40:37
 0  7       590232       864008       211208     58545580    0    0 3280896   116 11955 18321   1   1  88  10   0 2026-09-15 08:40:38
 1  8       590232       864780       211208     58545584    0    0 3324928     0 12282 18616   1   2  88   9   0 2026-09-15 08:40:39
 0  4       590232       865288       211208     58545608    0    0 3219456   116 11966 18234   1   1  86  12   0 2026-09-15 08:40:40
 1  5       590232       864792       211208     58545620    0    0 3184640     0 11786 18061   1   1  86  12   0 2026-09-15 08:40:41
 0  5       590232       864804       211208     58545636    0    0 3167744     0 11926 18213   1   2  86  12   0 2026-09-15 08:40:42
 1  5       590232       863544       211216     58545652    0    0 3116544   116 11885 18123   1   1  87  11   0 2026-09-15 08:40:43
 0  6       590232       863120       211216     58545664    0    0 3292160     0 12269 18520   1   1  85  12   0 2026-09-15 08:40:44
 1  5       590232       863420       211216     58545680    0    0 3251200   144 11796 18158   1   1  87  11   0 2026-09-15 08:40:45
 1  7       590232       863708       211216     58545696    0    0 3246080     0 11967 18413   1   1  86  11   0 2026-09-15 08:40:46
 2  8       590232       864504       211216     58545712    0    0 3235840     0 11793 18312   1   1  86  12   0 2026-09-15 08:40:47
 0  4       590232       864292       211224     58545728    0    0 3166208   128 11620 18052   1   1  90   8   0 2026-09-15 08:40:48
 1  5       590232       864384       211224     58545736    0    0 3214336     0 11784 18222   1   1  88  10   0 2026-09-15 08:40:49
procs -----------------------memory---------------------- ---swap-- -----io---- -system-- --------cpu-------- -----timestamp-----
 r  b         swpd         free         buff        cache   si   so    bi    bo   in   cs  us  sy  id  wa  st                 KST
 1  4       590232       862880       211224     58545756    0    0 3231744   140 11786 18187   1   1  88  10   0 2026-09-15 08:40:50
 1  5       590232       863648       211224     58545772    0    0 3178496     0 11664 18210   1   1  86  12   0 2026-09-15 08:40:51
 3  5       590232       862448       211224     58545788    0    0 3156992     0 11670 18080   1   1  87  11   0 2026-09-15 08:40:52
 1  5       590232       861204       211232     58545800    0    0 3240960   116 11828 18248   1   1  88  10   0 2026-09-15 08:40:53
 0  7       590232       859736       211232     58545824    0    0 3197952     0 11900 18259   1   1  87  11   0 2026-09-15 08:40:54
 0  8       590232       857020       211232     58545836    0    0 3324928     0 12243 18711   1   2  88  10   0 2026-09-15 08:40:55
 0  1       590232       855284       211232     58545848    0    0 3275264   148 12302 18360   1   1  86  12   0 2026-09-15 08:40:56
 1  0       590232       853784       211232     58545856    0    0 157184     0 7639 12725   3   0  96   0   0 2026-09-15 08:40:57
 1  0       590232       853028       211240     58545872    0    0     0   144 7277 12348   3   0  96   0   0 2026-09-15 08:40:58
 1  0       590232       853304       211240     58545888    0    0     0     0 7157 12522   3   0  96   0   0 2026-09-15 08:40:59
 1  0       590232       854164       211240     58545900    0    0     0     0 7269 12299   3   0  96   0   0 2026-09-15 08:41:00
 2  0       590232       854668       211240     58545908    0    0     0   164 7026 12318   3   0  97   0   0 2026-09-15 08:41:01
 1  0       590232       853476       211240     58545932    0    0     0     0 7084 12305   3   0  97   0   0 2026-09-15 08:41:02
 1  0       590232       852512       211248     58545952    0    0     0   124 7292 12634   3   1  96   0   0 2026-09-15 08:41:03
 1  0       590232       854568       211248     58545964    0    0     0     0 7192 12343   3   0  97   0   0 2026-09-15 08:41:04
 1  0       590232       853576       211248     58545976    0    0     0     0 7329 12381   3   0  96   0   0 2026-09-15 08:41:05
 1  0       590232       856108       211248     58545988    0    0     0   228 7213 12650   3   0  96   0   0 2026-09-15 08:41:06
 1  0       590232       853808       211248     58546004    0    0     0     0 131909 12398   3   1  96   0   0 2026-09-15 08:41:07
 2  0       590232       853816       211256     58546024    0    0     0   136 7243 12357   3   0  96   0   0 2026-09-15 08:41:08
 4  0       590232       853656       211256     58546040    0    0     0     0 7017 12269   3   1  96   0   0 2026-09-15 08:41:09
 1  0       590232       852940       211256     58546052    0    0     0     0 7066 12370   3   0  96   0   0 2026-09-15 08:41:10
procs -----------------------memory---------------------- ---swap-- -----io---- -system-- --------cpu-------- -----timestamp-----
 r  b         swpd         free         buff        cache   si   so    bi    bo   in   cs  us  sy  id  wa  st                 KST
 1  0       590232       851716       211256     58546068    0    0     0   216 7065 12381   3   0  96   0   0 2026-09-15 08:41:11
 1  0       590232       853016       211256     58546088    0    0     0     0 7300 12402   3   0  96   0   0 2026-09-15 08:41:12
 1  0       590232       852556       211264     58546104    0    0     0   136 7383 12493   3   1  96   0   0 2026-09-15 08:41:13
 2  0       590232       853368       211264     58546116    0    0     0     0 7202 12401   3   0  96   0   0 2026-09-15 08:41:14
 1  0       590232       856464       211264     58546144    0    0     0     0 7395 12539   3   0  97   0   0 2026-09-15 08:41:15
 2  0       590232       854020       211264     58546152    0    0     0     0 7295 12325   3   0  96   0   0 2026-09-15 08:41:16
 1  0       590232       854536       211264     58546168    0    0     0   244 7172 12432   3   0  96   0   0 2026-09-15 08:41:17
 1  0       590232       854284       211272     58546180    0    0     0   160 7372 12382   3   0  96   0   0 2026-09-15 08:41:18
 1  0       590232       853816       211272     58546200    0    0     0     0 7445 12420   3   0  96   0   0 2026-09-15 08:41:19
 1  0       590232       853352       211272     58546216    0    0     0     0 7263 12421   3   0  96   0   0 2026-09-15 08:41:20
 1  0       590232       851880       211272     58546232    0    0     0     0 7615 12334   3   0  97   0   0 2026-09-15 08:41:21
 1  0       590232       852904       211272     58546252    0    0     0   244 7423 12320   3   0  97   0   0 2026-09-15 08:41:22
 1  0       590232       852412       211280     58546260    0    0     0   152 7600 12507   3   0  96   0   0 2026-09-15 08:41:23
 1  0       590232       853464       211280     58546280    0    0     0     0 7461 12317   3   0  97   0   0 2026-09-15 08:41:24
 2  0       590232       851968       211280     58546284    0    0     0     0 7408 12355   3   0  96   0   0 2026-09-15 08:41:25
 1  0       590232       852236       211280     58546332    0    0    20     0 7429 12805   3   0  96   0   0 2026-09-15 08:41:26
 1  0       590232       850980       211280     58546336    0    0     0   232 7470 12352   3   0  96   0   0 2026-09-15 08:41:27
 2  0       590232       852752       211288     58546356    0    0     0   132 7339 12457   3   1  96   0   0 2026-09-15 08:41:28
 1  0       590232       854304       211288     58546364    0    0     0     0 7280 12299   3   0  97   0   0 2026-09-15 08:41:29
 0  5       590232       854824       211288     58546388    0    0 1366016     0 9454 14741   2   1  91   6   0 2026-09-15 08:41:30
 0  6       590232       854332       211288     58546400    0    0 681984     0 8091 13330   2   1  94   3   0 2026-09-15 08:41:31
procs -----------------------memory---------------------- ---swap-- -----io---- -system-- --------cpu-------- -----timestamp-----
 r  b         swpd         free         buff        cache   si   so    bi    bo   in   cs  us  sy  id  wa  st                 KST
 1  0       590232       853448       211288     58546416    0    0 1380352   240 9188 15041   2   1  93   4   0 2026-09-15 08:41:32
 2  0       590232       853228       211296     58546424    0    0 1714176   128 9898 15620   2   1  91   6   0 2026-09-15 08:41:33
 2  0       590232       852980       211296     58546440    0    0 1714176     0 10098 15593   2   1  90   7   0 2026-09-15 08:41:34
 1  5       590232       852244       211296     58546456    0    0 822272     0 8559 13676   3   1  93   4   0 2026-09-15 08:41:35
 1  0       590232       851240       211296     58546468    0    0 891904     0 8400 14223   3   1  94   2   0 2026-09-15 08:41:36
 1  0       590232       849272       211296     58546492    0    0 1714176     0 9649 15523   2   1  90   7   0 2026-09-15 08:41:37
 1  0       590232       849312       211304     58546512    0    0 1714176   456 9762 15587   2   1  92   5   0 2026-09-15 08:41:38
 1  4       590232       849644       211304     58546516    0    0 1413120     0 9226 14831   2   1  92   5   0 2026-09-15 08:41:39
 1  6       590232       850392       211304     58546540    0    0 724992     0 131670 13648   2   1  93   3   0 2026-09-15 08:41:40
 2  0       590232       850176       211304     58546552    0    0 1290240     0 8872 14835   2   1  94   3   0 2026-09-15 08:41:41
 2  0       590232       851980       211304     58546568    8    0 1714184     0 9586 15542   2   1  91   6   0 2026-09-15 08:41:42
 1  0       590232       851796       211312     58546584    0    0 1714176   384 9757 15490   2   1  92   6   0 2026-09-15 08:41:43
 0  5       590232       852592       211312     58546608    0    0 943616     0 8760 14122   2   1  93   4   0 2026-09-15 08:41:44
 0  8       590232       850940       211312     58546624    0    0 840192     0 8290 13923   3   1  95   2   0 2026-09-15 08:41:45
 1  0       590232       849504       211312     58546632    0    0 1644544     0 10074 15813   2   1  91   6   0 2026-09-15 08:41:46
 1  0       590232       850888       211312     58546652    0    0 1714176     0 9789 15554   2   1  93   5   0 2026-09-15 08:41:47
 1  5       590232       849412       211320     58546668    0    0 1479680   388 9552 15041   2   1  91   7   0 2026-09-15 08:41:48
 0  6       590232       850544       211320     58546684    0    0 732160     0 8704 13588   3   1  94   3   0 2026-09-15 08:41:49
 1  0       590232       851124       211320     58546700    0    0 1216512     0 8998 14866   2   1  94   3   0 2026-09-15 08:41:50
 2  0       590232       849424       211320     58546716    0    0 1714176     0 9982 15405   2   1  91   6   0 2026-09-15 08:41:51
 1  0       590232       849952       211320     58546732    0    0 1714176     0 10057 15529   2   1  92   6   0 2026-09-15 08:41:52
procs -----------------------memory---------------------- ---swap-- -----io---- -system-- --------cpu-------- -----timestamp-----
 r  b         swpd         free         buff        cache   si   so    bi    bo   in   cs  us  sy  id  wa  st                 KST
 0  5       590232       849744       211328     58546748    0    0 1030656   464 8865 14118   2   1  93   4   0 2026-09-15 08:41:53
 1  8       590232       848560       211328     58546756    0    0 837120     0 8423 14018   3   1  96   1   0 2026-09-15 08:41:54
 2  0       590232       849832       211328     58546772    0    0 1560576     0 9468 15377   2   1  95   2   0 2026-09-15 08:41:55
 1  0       590232       851388       211328     58546784    0    0 1714176     0 9925 15551   2   1  91   6   0 2026-09-15 08:41:56
 0  4       590232       851684       211328     58546804    0    0 1553408     0 9723 15129   2   1  90   7   0 2026-09-15 08:41:57
 1  5       590232       853528       211336     58546816    0    0 664576   396 8458 13506   2   1  93   4   0 2026-09-15 08:41:58
 1  0       590232       853536       211336     58546832    0    0 1210368     0 9059 14835   2   1  93   4   0 2026-09-15 08:41:59
 1  0       590232       853800       211336     58546840    0    0 1714176     0 9801 15396   2   1  91   6   0 2026-09-15 08:42:00
 1  0       590232       852360       211336     58546864    0    0 1714176     0 9706 15513   2   1  92   5   0 2026-09-15 08:42:01
 1  5       590232       851868       211336     58546876    0    0 903680     0 8489 13855   2   1  93   4   0 2026-09-15 08:42:02
 0  8       590232       851876       211344     58546892    0    0 883200   348 8445 14092   2   1  95   2   0 2026-09-15 08:42:03
 1  0       590232       852140       211344     58546900    0    0 1641472     0 9736 15611   2   1  91   6   0 2026-09-15 08:42:04
 1  0       590232       851988       211344     58546924    0    0 1714176     0 10011 15535   2   1  90   7   0 2026-09-15 08:42:05
 0  5       590232       858080       211344     58546936    0    0 1455104     0 9767 15399   2   1  92   5   0 2026-09-15 08:42:06
 0  6       590232       857844       211344     58546948    0    0 712704     0 8394 13528   2   1  94   3   0 2026-09-15 08:42:07
 1  0       590232       858100       211352     58546964    0    0 1260544   156 9070 14851   2   1  95   2   0 2026-09-15 08:42:08
 2  0       590232       856648       211352     58546976    0    0 1714176   304 9756 15511   2   1  92   5   0 2026-09-15 08:42:09
 1  0       590232       857184       211352     58547000    0    0 1714176     0 9784 15597   2   1  91   7   0 2026-09-15 08:42:10
 0  5       590232       855432       211352     58547008    0    0 1014272     0 8836 13964   2   1  92   5   0 2026-09-15 08:42:11
 1  8       590232       855940       211352     58547028    0    0 808448     0 65056 13827   3   1  94   2   0 2026-09-15 08:42:12
 1  0       590232       855160       211360     58547044    0    0 1605632   132 25911 15280   2   1  92   5   0 2026-09-15 08:42:13
procs -----------------------memory---------------------- ---swap-- -----io---- -system-- --------cpu-------- -----timestamp-----
 r  b         swpd         free         buff        cache   si   so    bi    bo   in   cs  us  sy  id  wa  st                 KST
 2  0       590232       855424       211360     58547056    0    0 1714176   232 9719 15575   2   1  92   6   0 2026-09-15 08:42:14
 2  1       590232       855224       211360     58547076    0    0 1629696     0 9641 15365   2   1  91   6   0 2026-09-15 08:42:15
 1  5       590232       856492       211360     58547096    0    0 716288     0 8291 13521   3   1  93   4   0 2026-09-15 08:42:16
 1  0       590232       857784       211360     58547104    0    0 1082368     0 8953 14655   2   1  94   3   0 2026-09-15 08:42:17
 1  0       590232       857792       211368     58547120    0    0 1714176   148 9806 15494   2   1  91   6   0 2026-09-15 08:42:18
 1  0       590232       857552       211368     58547140    0    0 1714176   252 9672 15460   2   1  91   7   0 2026-09-15 08:42:19
 1  5       590232       859380       211368     58547152    0    0 1088512     0 8784 14197   2   1  93   4   0 2026-09-15 08:42:20
 0  8       590232       860408       211368     58547164    0    0 792576     0 8311 13746   3   1  94   3   0 2026-09-15 08:42:21
 2  0       590232       860472       211368     58547180    0    0 1547264     0 9329 15399   2   1  92   5   0 2026-09-15 08:42:22
 5  0       590232       860012       211376     58547196    0    0 1714176   156 9944 15474   5   1  88   7   0 2026-09-15 08:42:23
 2  3       590232       859904       213864     58547256    0    0   508 1185036 10280 15593   9   1  86   5   0 2026-09-15 08:42:24
 1  0       590232       858244       213912     58548224    0    0     4 23552 7238 12589   3   1  96   0   0 2026-09-15 08:42:25
 1  0       590232       858344       213912     58548248    0    0     0     0 7395 12630   3   0  96   0   0 2026-09-15 08:42:26
 1  0       590232       857944       213912     58548264    0    0     0     0 7131 12488   3   0  96   0   0 2026-09-15 08:42:27
 2  0       590232       858460       213936     58548380    0    0     0  4108 7034 12434   3   0  96   0   0 2026-09-15 08:42:28
 3  0       590232       858116       213936     58548392    0    0     0     0 6919 12370   3   0  96   0   0 2026-09-15 08:42:29
 0  5       590232       858656       213936     58548404    0    0 2621952  4112 11180 17126   1   1  88  10   0 2026-09-15 08:42:30
 0  6       590232       858920       213936     58548424    0    0 3036672     0 11623 17922   1   1  86  12   0 2026-09-15 08:42:31
 0  7       590232       858936       213936     58548436    0    0 3088384     0 11828 17968   1   1  87  11   0 2026-09-15 08:42:32
 0  1       590232       860260       213944     58548456    0    0 3245568   132 11804 18451   1   1  86  12   0 2026-09-15 08:42:33
 1  3       590232       860580       213944     58548468    0    0 3309056     0 12027 18449   1   2  87  11   0 2026-09-15 08:42:34
procs -----------------------memory---------------------- ---swap-- -----io---- -system-- --------cpu-------- -----timestamp-----
 r  b         swpd         free         buff        cache   si   so    bi    bo   in   cs  us  sy  id  wa  st                 KST
 3  4       590232       861128       213944     58548480    0    0 3202048   144 12060 18121   1   1  86  12   0 2026-09-15 08:42:35
 0  5       590232       860896       213944     58548492    0    0 3211264     0 11956 18138   1   1  86  12   0 2026-09-15 08:42:36
 0  5       590232       860432       213944     58548508    0    0 3184128     0 12051 18121   1   2  87  11   0 2026-09-15 08:42:37
 2  5       590232       860956       213952     58548524    0    0 3162624   124 11728 18065   1   1  86  12   0 2026-09-15 08:42:38
 2  4       590232       861232       213952     58548536    0    0 3265536     0 12023 18241   1   2  87  11   0 2026-09-15 08:42:39
 1  6       590232       860296       213952     58548556    0    0 3206144   136 11998 18124   1   1  87  11   0 2026-09-15 08:42:40
 0  8       590232       861820       213952     58548572    0    0 3254272     0 11978 18414   1   1  86  11   0 2026-09-15 08:42:41
 0  4       590232       861076       213952     58548580    0    0 3198976     0 11901 18265   1   1  87  11   0 2026-09-15 08:42:42
 1  4       590232       861584       213960     58548596    0    0 3197952   116 11894 18176   1   1  87  11   0 2026-09-15 08:42:43
 0  5       590232       862128       213960     58548616    0    0 3281920     0 11947 18390   1   1  87  11   0 2026-09-15 08:42:44
 1  4       590232       864000       213960     58548632    0    0 3158528   132 37813 18111   1   2  86  11   0 2026-09-15 08:42:45
 1  5       590232       863504       213960     58548640    0    0 3174912     0 12357 18696   1   1  85  13   0 2026-09-15 08:42:46
 0  6       590232       862260       213960     58548668    0    0 3240960     0 12201 18364   1   2  88  10   0 2026-09-15 08:42:47
 2  6       590232       860532       213968     58548680    0    0 3249152   136 11684 18224   1   1  89   9   0 2026-09-15 08:42:48
 0  8       590232       859564       213968     58548696    0    0 3281920     0 12180 18419   1   1  87  11   0 2026-09-15 08:42:49
 0  1       590232       858876       213968     58548704    0    0 3249664   144 12330 18545   1   1  86  12   0 2026-09-15 08:42:50
 1  3       590232       858404       213968     58548724    0    0 3276288     0 12124 18248   1   1  88  10   0 2026-09-15 08:42:51
 1  0       590232       858660       213968     58548736    0    0 1897472     0 10071 15773   2   1  92   6   0 2026-09-15 08:42:52
 1  0       590232       856688       213976     58548744    0    0     0   140 7551 12235   3   0  97   0   0 2026-09-15 08:42:53
 2  0       590232       856944       213976     58548764    0    0     0     0 7394 12335   3   0  97   0   0 2026-09-15 08:42:54
 1  0       590232       856696       213976     58548784    0    0     0     0 7296 12427   3   0  96   0   0 2026-09-15 08:42:55
procs -----------------------memory---------------------- ---swap-- -----io---- -system-- --------cpu-------- -----timestamp-----
 r  b         swpd         free         buff        cache   si   so    bi    bo   in   cs  us  sy  id  wa  st                 KST
 1  0       590232       855196       213976     58548796    0    0     0   180 7457 12390   3   0  96   0   0 2026-09-15 08:42:56
 1  0       590232       854944       213976     58548804    0    0     0     0 7403 12271   3   0  97   0   0 2026-09-15 08:42:57
 1  0       590232       853196       213984     58548832    0    0     0   120 7443 12493   3   1  96   0   0 2026-09-15 08:42:58
 2  0       590232       851940       213984     58548840    0    0     0     0 7378 12364   3   0  96   0   0 2026-09-15 08:42:59
 1  0       590232       850944       213992     58548852    0    0     0    72 7462 12382   3   0  97   0   0 2026-09-15 08:43:00
 2  0       590232       849992       213992     58548868    0    0     0   140 7305 12243   3   0  97   0   0 2026-09-15 08:43:01
 1  0       590232       851512       213992     58548884    0    0     0     0 7236 12324   3   0  97   0   0 2026-09-15 08:43:02
 1  0       590232       851268       213992     58548896    0    0     0     0 7457 12340   3   0  96   0   0 2026-09-15 08:43:03
 1  0       590232       852280       213992     58548912    0    0     0     0 7432 12298   3   0  97   0   0 2026-09-15 08:43:04
 1  0       590232       854308       214000     58548920    0    0     0   152 7321 12349   3   0  96   0   0 2026-09-15 08:43:05
 1  0       590232       857128       214000     58548940    0    0     0   156 7809 12759   3   0  96   0   0 2026-09-15 08:43:06
 1  0       590232       857128       214008     58548940    0    0     0   128 7376 12375   3   0  97   0   0 2026-09-15 08:43:07
 1  0       590232       855904       214008     58548976    0    0     0     0 7586 12480   3   0  96   0   0 2026-09-15 08:43:08
 1  0       590232       856172       214008     58548988    0    0     0     0 7418 12373   3   0  96   0   0 2026-09-15 08:43:09
 1  0       590232       855268       214008     58549008    0    0     0     0 7336 12497   3   1  96   0   0 2026-09-15 08:43:10
 1  0       590232       853536       214008     58549016    0    0     0   140 7084 12312   3   0  96   0   0 2026-09-15 08:43:11
 1  1       590232       855564       214012     58549036    0    0     0   140 7450 12415   3   0  97   0   0 2026-09-15 08:43:12
 1  0       590232       854844       214016     58549052    0    0     0     4 7405 12420   3   0  96   0   0 2026-09-15 08:43:13
 2  0       590232       854600       214016     58549060    0    0     0     0 7131 12280   3   0  97   0   0 2026-09-15 08:43:14
 1  0       590232       857124       214016     58549076    0    0     0     0 7161 12297   3   0  97   0   0 2026-09-15 08:43:15
 1  0       590232       857640       214016     58549096    0    0     0   160 7324 12359   3   1  96   0   0 2026-09-15 08:43:16
procs -----------------------memory---------------------- ---swap-- -----io---- -system-- --------cpu-------- -----timestamp-----
 r  b         swpd         free         buff        cache   si   so    bi    bo   in   cs  us  sy  id  wa  st                 KST
 1  1       590232       858148       214024     58549104    0    0     0   132 7437 12404   3   0  97   0   0 2026-09-15 08:43:17
 2  0       590232       856772       214024     58549120    0    0     0     0 131562 12392   3   1  96   0   0 2026-09-15 08:43:18
 1  0       590232       857788       214024     58549132    0    0     0     0 7332 12367   3   0  97   0   0 2026-09-15 08:43:19
 1  0       590232       858808       214024     58549152    0    0     0     0 7323 12290   3   0  97   0   0 2026-09-15 08:43:20
 1  0       590232       857560       214024     58549160    0    0     0   136 7386 12278   3   0  96   0   0 2026-09-15 08:43:21
 1  0       590232       856816       214024     58549180    0    0     0     0 7362 12323   3   0  97   0   0 2026-09-15 08:43:22
 1  0       590232       856060       214032     58549196    0    0     0   120 7540 12353   3   0  97   0   0 2026-09-15 08:43:23
 1  0       590232       855824       214032     58549204    0    0     0     0 7386 12431   3   0  97   0   0 2026-09-15 08:43:24
 1  0       590232       855872       214032     58549224    0    0     0     0 7320 12382   3   0  97   0   0 2026-09-15 08:43:25
 1  0       590232       858652       214032     58549236    0    0     0     0 7634 12810   3   1  96   0   0 2026-09-15 08:43:26
 2  0       590232       858408       214032     58549252    0    0     0   140 7146 12331   3   0  97   0   0 2026-09-15 08:43:27
 2  0       590232       858196       214040     58549260    0    0     0   120 7261 12468   3   0  96   0   0 2026-09-15 08:43:28
 9  0       590232       858456       214040     58549280    0    0     0     0 7216 12321   3   0  97   0   0 2026-09-15 08:43:29
 4  0       590232       857988       214040     58549292    0    0     0     0 7438 12443   3   0  97   0   0 2026-09-15 08:43:30
 9  0       590232       858264       214040     58549308    0    0     0     0 7501 12299   3   0  96   0   0 2026-09-15 08:43:31
 2  0       590232       857344       214040     58549320    0    0     0   136 7257 12396   3   0  96   0   0 2026-09-15 08:43:32
 2  0       590232       856624       214048     58549340    0    0     0   120 7356 12249   3   0  97   0   0 2026-09-15 08:43:33
 2  0       590232       856680       214048     58549352    0    0     0     0 7386 12406   3   0  97   0   0 2026-09-15 08:43:34
 2  0       590232       855708       214048     58549368    0    0     0     0 7274 12318   3   0  97   0   0 2026-09-15 08:43:35
 2  0       590232       854996       214048     58549380    0    0     0     0 7392 12420   3   0  96   0   0 2026-09-15 08:43:36
 2  0       590232       857080       214048     58549404    0    0     0   160 7348 12364   3   0  97   0   0 2026-09-15 08:43:37
procs -----------------------memory---------------------- ---swap-- -----io---- -system-- --------cpu-------- -----timestamp-----
 r  b         swpd         free         buff        cache   si   so    bi    bo   in   cs  us  sy  id  wa  st                 KST
 4  0       590232       858408       214056     58549416    0    0     0   132 7282 12368   3   0  96   0   0 2026-09-15 08:43:38
 2  0       590232       856652       214056     58549432    0    0     0     0 7392 12375   3   0  96   0   0 2026-09-15 08:43:39
 3  0       590232       855408       214056     58549440    0    0     0     0 7031 12259   3   0  97   0   0 2026-09-15 08:43:40
 2  0       590232       855196       214056     58549464    0    0     0     0 7342 12236   3   0  97   0   0 2026-09-15 08:43:41
 2  0       590232       853224       214056     58549476    0    0 1714176   176 10063 15548   2   1  91   6   0 2026-09-15 08:43:42
 2  0       590232       852764       214064     58549496    0    0     0   132 7258 12276   3   0  96   0   0 2026-09-15 08:43:43
 2  0       590232       855104       214064     58549508    0    0 1714176     0 9979 15360   2   1  91   6   0 2026-09-15 08:43:44
 1  7       590232       856380       214064     58549524    0    0 280576     0 7681 12688   3   0  95   2   0 2026-09-15 08:43:45
 2  0       590232       858164       214064     58549536    0    0 1433600     0 9443 15558   2   1  94   3   0 2026-09-15 08:43:46
 1  5       590232       857988       214064     58549548    0    0 1235968     0 9227 14658   2   1  92   5   0 2026-09-15 08:43:47
 1  0       590232       856488       214072     58549568    0    0 478208   260 7868 13316   3   0  95   1   0 2026-09-15 08:43:48
 2  0       590232       856508       214072     58549580    0    0 1714176     0 10041 15586   2   1  90   7   0 2026-09-15 08:43:49
 1  0       590232       856520       214072     58549596    0    0     0     0 7278 12426   3   0  97   0   0 2026-09-15 08:43:50
 1  0       590232       856880       214072     58549608    0    0 1714176     0 59688 15446   2   2  91   5   0 2026-09-15 08:43:51
 0  6       590232       856392       214072     58549624    0    0 672768     0 8299 13333   2   1  94   3   0 2026-09-15 08:43:52
 2  0       590232       857708       214080     58549636    0    0 1041408   252 8655 14407   2   1  94   2   0 2026-09-15 08:43:53
 1  1       590232       857768       214080     58549648    0    0 1656320     0 9755 15462   2   1  91   6   0 2026-09-15 08:43:54
 1  0       590232       858064       214080     58549664    0    0 57856     0 7202 12491   3   0  96   0   0 2026-09-15 08:43:55
 1  0       590232       858580       214080     58549676    0    0 1714176     0 9785 15539   2   1  91   6   0 2026-09-15 08:43:56
 1  7       590232       858116       214080     58549688    0    0 237568     0 7670 12548   3   0  95   2   0 2026-09-15 08:43:57
 2  0       590232       857384       214088     58549708    0    0 1476608   244 9160 15329   2   1  93   4   0 2026-09-15 08:43:58
procs -----------------------memory---------------------- ---swap-- -----io---- -system-- --------cpu-------- -----timestamp-----
 r  b         swpd         free         buff        cache   si   so    bi    bo   in   cs  us  sy  id  wa  st                 KST
 0  5       590232       858156       214088     58549728    0    0 1238016     0 9283 14788   2   1  91   6   0 2026-09-15 08:43:59
 1  0       590232       857908       214088     58549740    0    0 476160     0 7824 13242   3   0  96   1   0 2026-09-15 08:44:00
 1  0       590232       857932       214088     58549752    0    0 1714176     0 9813 15402   2   1  92   6   0 2026-09-15 08:44:01
 1  0       590232       857720       214088     58549772    0    0     0     0 7245 12311   3   0  96   0   0 2026-09-15 08:44:02
 2  0       590232       858484       214096     58549776    0    0 1714176   252 9791 15455   2   1  91   6   0 2026-09-15 08:44:03
 0  6       590232       858776       214096     58549800    0    0 729088     0 8320 13518   3   0  93   4   0 2026-09-15 08:44:04
 1  0       590232       857784       214096     58549812    0    0 985088     0 8455 14253   2   1  95   2   0 2026-09-15 08:44:05
 1  1       590232       858044       214096     58549832    0    0 1653248     0 9756 15674   2   1  90   7   0 2026-09-15 08:44:06
 1  0       590232       859588       214096     58549848    0    0 60928     0 7169 12542   3   0  97   0   0 2026-09-15 08:44:07
 1  0       590232       859856       214104     58549864    0    0 1714176   280 9920 15519   2   1  92   6   0 2026-09-15 08:44:08
 0  7       590232       859896       214104     58549880    0    0 260096     0 7767 12710   3   0  95   2   0 2026-09-15 08:44:09
 1  0       590232       858888       214104     58549900    0    0 1454080     0 9129 15411   2   1  93   4   0 2026-09-15 08:44:10
 1  4       590232       858740       214104     58549916    0    0 1268736     0 9204 14567   2   1  92   5   0 2026-09-15 08:44:11
 1  0       590232       858036       214104     58549928    0    0 445440     0 7731 13153   3   1  96   1   0 2026-09-15 08:44:12
 1  0       590232       858320       214112     58549952    0    0 1714176   300 9659 15508   2   1  91   7   0 2026-09-15 08:44:13
 2  0       590232       858860       214112     58549964    0    0     0     0 7274 12404   3   0  96   0   0 2026-09-15 08:44:14
 1  0       590232       857640       214112     58549980    0    0 1714176     0 9794 15502   2   1  90   7   0 2026-09-15 08:44:15
 1  5       590232       857396       214112     58549992    0    0 865280     0 8571 13809   2   0  93   4   0 2026-09-15 08:44:16
 1  0       590232       860724       214112     58550008    0    0 848896     0 8510 14151   3   1  95   2   0 2026-09-15 08:44:17
 2  1       590232       860232       214120     58550016    0    0 1714176   180 9980 15593   2   1  92   5   0 2026-09-15 08:44:18
 1  0       590232       858756       214120     58550028    0    0     0   124 7365 12565   3   1  96   0   0 2026-09-15 08:44:19
procs -----------------------memory---------------------- ---swap-- -----io---- -system-- --------cpu-------- -----timestamp-----
 r  b         swpd         free         buff        cache   si   so    bi    bo   in   cs  us  sy  id  wa  st                 KST
 5  0       590232       859584       214120     58550056    0    0 1714176     0 9956 15507   2   1  90   7   0 2026-09-15 08:44:20
 1  6       590232       859088       214120     58550072    0    0 346112     0 7881 12690   3   0  94   2   0 2026-09-15 08:44:21
 1  0       590232       858372       214120     58550080    0    0 1368064     0 9096 15081   2   1  93   4   0 2026-09-15 08:44:22
 1  5       590232       858644       214128     58550100    0    0 1331200   120 48709 14642   2   1  92   5   0 2026-09-15 08:44:23
 1  0       590232       859256       214128     58550116    0    0 382976   140 31445 13142   3   1  96   1   0 2026-09-15 08:44:24
 2  0       590232       859020       214128     58550128    0    0 1714176     0 10110 15540   2   1  91   6   0 2026-09-15 08:44:25
 1  0       590232       858020       214128     58550140    0    0     0     0 7633 12586   3   0  97   0   0 2026-09-15 08:44:26
 1  0       590232       860576       214128     58550164    0    0 1714176     0 9929 15427   2   1  92   5   0 2026-09-15 08:44:27
 0  6       590232       861344       214136     58550172    0    0 791552   128 8632 13851   3   1  92   4   0 2026-09-15 08:44:28
 1  0       590232       861620       214136     58550188    0    0 922624   144 8421 14253   3   1  94   3   0 2026-09-15 08:44:29
 0  1       590232       861376       214136     58550204    0    0 1696256     0 9935 15557   2   1  92   6   0 2026-09-15 08:44:30
 1  0       590232       860632       214136     58550212    0    0 17920     0 7060 12403   3   0  96   0   0 2026-09-15 08:44:31
 1  0       590232       859384       214136     58550228    0    0 1714176     0 9730 15404   2   1  91   6   0 2026-09-15 08:44:32
 2  6       590232       859904       214144     58550244    0    0 193536   136 7616 12409   3   0  95   2   0 2026-09-15 08:44:33
 2  0       590232       859920       214144     58550268    0    0 1520640   148 9536 15452   2   1  94   3   0 2026-09-15 08:44:34
 1  4       590232       859940       214144     58550276    0    0 1202176     0 9234 14514   2   1  93   4   0 2026-09-15 08:44:35
 2  0       590232       860960       214144     58550296    0    0 512000     0 8090 13310   3   1  96   1   0 2026-09-15 08:44:36
 1  0       590232       861476       214144     58550308    0    0 1714176     0 9746 15441   2   1  92   6   0 2026-09-15 08:44:37
 1  0       590232       860764       214152     58550320    0    0     0   116 7580 12528   3   0  96   0   0 2026-09-15 08:44:38
 1  0       590232       862572       214152     58550336    0    0 1714176   128 9800 15506   2   1  91   6   0 2026-09-15 08:44:39
 1  5       590232       861072       214152     58550352    0    0 693248     0 8509 13441   3   1  94   3   0 2026-09-15 08:44:40
procs -----------------------memory---------------------- ---swap-- -----io---- -system-- --------cpu-------- -----timestamp-----
 r  b         swpd         free         buff        cache   si   so    bi    bo   in   cs  us  sy  id  wa  st                 KST
 1  0       590232       860580       214152     58550364    0    0 1020928     0 8578 14296   2   1  96   1   0 2026-09-15 08:44:41
 1  0       590232       862388       214152     58550384    0    0 1670656     0 9918 15421   2   1  92   5   0 2026-09-15 08:44:42
 1  0       590232       861136       214160     58550392    0    0 43520   136 7123 12424   3   0  97   0   0 2026-09-15 08:44:43
 1  0       590232       862400       214160     58550416    0    0 1714176     0 9840 15408   2   1  92   6   0 2026-09-15 08:44:44
 0  8       590232       861184       214160     58550420    0    0 164864   156 7442 12400   3   0  95   2   0 2026-09-15 08:44:45
 1  0       590232       858928       214160     58550440    0    0 1549312     0 9764 15870   2   1  93   4   0 2026-09-15 08:44:46
 1  5       590232       859248       214160     58550452    0    0 1135616     0 8756 14363   2   1  92   5   0 2026-09-15 08:44:47
 1  0       590232       858316       214168     58550472    0    0 578560   128 8107 13599   3   1  96   1   0 2026-09-15 08:44:48
 1  0       590232       857824       214168     58550484    0    0 1714176     0 9622 15373   2   1  90   7   0 2026-09-15 08:44:49
 1  0       590232       856080       214168     58550500    0    0     0   144 7221 12476   3   0  96   0   0 2026-09-15 08:44:50
 1  0       590232       857156       214168     58550512    0    0 1714176     0 9686 15356   2   1  90   7   0 2026-09-15 08:44:51
 0  6       590232       858240       214168     58550528    0    0 600064     0 8135 13280   3   1  94   3   0 2026-09-15 08:44:52
 5  0       590232       858292       214176     58550540    0    0 1114112   124 9335 14575   9   1  88   2   0 2026-09-15 08:44:53
 1  4       590232       857820       214756     58550420    0    0    88 295936 8671 13414   9   0  86   5   0 2026-09-15 08:44:54
 1  4       590232       856380       217324     58550656    0    0   484 1263752 10498 16228   3   1  86  10   0 2026-09-15 08:44:55
 1  0       590232       853012       219396     58553024    0    0   424 954368 132304 15158   3   1  91   4   0 2026-09-15 08:44:56
 1  0       590232       852016       219396     58553032    0    0     0     0 7158 12293   3   0  97   0   0 2026-09-15 08:44:57
 2  0       590232       851332       219436     58553172    0    0     0  8172 7575 12566   3   1  96   0   0 2026-09-15 08:44:58
 3  0       590232       852164       219436     58553180    0    0     0     0 7154 12370   3   0  96   0   0 2026-09-15 08:44:59
 2  6       590232       852764       219436     58553196    0    0 2095104  4144 10380 16128   1   1  88   9   0 2026-09-15 08:45:00
 1  8       590232       850060       219436     58553208    0    0 3215360     0 11801 18196   1   2  87  11   0 2026-09-15 08:45:01
procs -----------------------memory---------------------- ---swap-- -----io---- -system-- --------cpu-------- -----timestamp-----
 r  b         swpd         free         buff        cache   si   so    bi    bo   in   cs  us  sy  id  wa  st                 KST
 4  2       590232       849596       219444     58553228    0    0 3166208   156 12025 18337   1   1  87  11   0 2026-09-15 08:45:02
 2  5       590232       848844       219444     58553268    0    0 3126292     0 11736 18058   1   1  88  10   0 2026-09-15 08:45:03
 1  5       590232       849896       219444     58553280    0    0 3174912     0 11782 18128   1   2  86  12   0 2026-09-15 08:45:04
 2  5       590232       849936       219444     58553300    0    0 3122688  4028 11799 18164   1   1  86  12   0 2026-09-15 08:45:05
 2  5       590232       850948       219444     58553308    0    0 3133440     0 12039 18508   1   1  87  11   0 2026-09-15 08:45:06
 2  6       590232       849444       219452     58553224    0    0 3250176    60 12037 18145   1   1  86  11   0 2026-09-15 08:45:07
 2  8       590232       848984       219452     58553236    0    0 3318784     0 11991 18437   1   1  89   9   0 2026-09-15 08:45:08
 1  0       590232       850764       219452     58553252    0    0 3252224     0 12216 18610   1   1  86  12   0 2026-09-15 08:45:09
 1  4       590232       849312       219452     58553264    0    0 3325952   348 12107 18475   1   1  84  13   0 2026-09-15 08:45:10
 3  4       590232       849580       219452     58553280    0    0 3224576     0 11996 18262   1   1  87  11   0 2026-09-15 08:45:11
 0  5       590232       850088       219460     58553296    0    0 3172352   180 11936 18008   1   1  87  11   0 2026-09-15 08:45:12
 1  4       590232       849616       219460     58553304    0    0 3226112     0 11900 18175   1   1  86  12   0 2026-09-15 08:45:13
 1  5       590232       850196       219460     58553320    0    0 3137024     0 12063 18193   1   1  85  13   0 2026-09-15 08:45:14
 1  5       590232       848496       219460     58553336    0    0 3255296     0 12169 18217   1   1  86  11   0 2026-09-15 08:45:15
 0  7       590232       847580       219460     58553348    0    0 3257344   196 12011 18296   1   1  88  10   0 2026-09-15 08:45:16
 0  8       590232       847592       219468     58553368    0    0 3281920   116 12010 18242   1   1  87  11   0 2026-09-15 08:45:17
 2  0       590232       846852       219468     58553380    0    0 3260416     0 11835 18593   1   1  88  10   0 2026-09-15 08:45:18
 1  3       590232       846384       219468     58553396    8    0 3251208     0 12184 18392   1   1  86  12   0 2026-09-15 08:45:19
 0  5       590232       844884       219468     58553400    0    0 3311616     0 12016 18351   1   1  87  11   0 2026-09-15 08:45:20
 1  5       590232       843636       219468     58553424    0    0 3253248   132 12196 18442   1   2  86  11   0 2026-09-15 08:45:21
 2  0       590232       844400       219476     58553436    0    0 2183168   124 10384 16493   2   1  91   7   0 2026-09-15 08:45:22
procs -----------------------memory---------------------- ---swap-- -----io---- -system-- --------cpu-------- -----timestamp-----
 r  b         swpd         free         buff        cache   si   so    bi    bo   in   cs  us  sy  id  wa  st                 KST
 1  0       590232       844724       219476     58553448    0    0     0     0 7081 12352   3   0  97   0   0 2026-09-15 08:45:23
 1  0       590232       844512       219476     58553468    0    0     0     0 7269 12426   3   0  96   0   0 2026-09-15 08:45:24
 1  0       590232       844304       219476     58553480    0    0     0     0 7092 12413   3   0  97   0   0 2026-09-15 08:45:25
 1  0       590232       845612       219476     58553496    0    0     0   144 7230 12655   3   0  96   0   0 2026-09-15 08:45:26
 1  0       590232       845428       219484     58553504    0    0     0   116 6879 12283   3   0  96   0   0 2026-09-15 08:45:27
 0  7       590232       844460       219484     58553524    0    0 1937408     0 9861 15523   2   1  90   7   0 2026-09-15 08:45:28
 1  1       590232       842676       219484     58553532    0    0 3195392     0 34214 18494   1   2  88  10   0 2026-09-15 08:45:29
 1  4       590232       843244       219484     58553552    0    0 3043840     0 11637 17877   1   1  85  13   0 2026-09-15 08:45:30
 0  5       590232       842544       219484     58553572    0    0 3190784   124 11951 18242   1   1  87  11   0 2026-09-15 08:45:31
 0  7       590232       843472       219492     58553584    0    0 3178496   136 11860 18087   1   1  88  10   0 2026-09-15 08:45:32
 1  5       590232       843008       219492     58553600    0    0 3201024     0 11735 18087   1   1  87  11   0 2026-09-15 08:45:33
 1  7       590232       844576       219492     58553612    0    0 3110912     0 11836 17974   1   1  87  11   0 2026-09-15 08:45:34
 0  8       590232       843340       219492     58553628    0    0 3308544     0 12025 18404   1   1  91   7   0 2026-09-15 08:45:35
 0  1       590232       843640       219492     58553644    0    0 3232256   144 11964 18501   1   1  88  10   0 2026-09-15 08:45:36
 1  3       590232       844400       219500     58553656    0    0 3301888   128 12263 18437   1   1  87  10   0 2026-09-15 08:45:37
 0  5       590232       843688       219500     58553676    0    0 3274752     0 11952 18354   1   1  88  10   0 2026-09-15 08:45:38
 0  5       590232       845964       219500     58553684    0    0 3231744     0 11993 18347   1   1  87  11   0 2026-09-15 08:45:39
 1  5       590232       848560       219500     58553704    0    0 3098624     0 11318 17947   1   1  88  10   0 2026-09-15 08:45:40
 2  6       590232       848876       219500     58553712    0    0 3266560     0 11940 18307   1   1  87  11   0 2026-09-15 08:45:41
 3  5       590232       849672       219508     58553728    0    0 3198976   276 12007 18240   1   1  87  11   0 2026-09-15 08:45:42
 2  6       590232       849996       219508     58553740    0    0 3210240     0 11871 18095   1   1  87  10   0 2026-09-15 08:45:43
procs -----------------------memory---------------------- ---swap-- -----io---- -system-- --------cpu-------- -----timestamp-----
 r  b         swpd         free         buff        cache   si   so    bi    bo   in   cs  us  sy  id  wa  st                 KST
 0  8       590232       849056       219508     58553760    0    0 3325952     0 11965 18465   1   2  88  10   0 2026-09-15 08:45:44
 1  0       590232       850648       219508     58553776    0    0 3215872     0 11888 18397   1   1  88  10   0 2026-09-15 08:45:45
 2  4       590232       849404       219508     58553788    0    0 3243520     0 12209 18711   1   1  86  12   0 2026-09-15 08:45:46
 0  5       590232       850988       219516     58553800    0    0 3174400   292 12039 18033   1   1  87  11   0 2026-09-15 08:45:47
 1  4       590232       852280       219516     58553816    0    0 3266048     0 12188 18191   1   1  87  12   0 2026-09-15 08:45:48
 0  5       590232       855156       219516     58553832    0    0 3282944     0 12145 18415   1   1  87  11   0 2026-09-15 08:45:49
 1  0       590232       855744       219516     58553848    0    0 2505216     0 11243 17187   1   1  90   7   0 2026-09-15 08:45:50
 1  0       590232       854024       219516     58553872    0    0     0     0 7069 12335   3   1  96   0   0 2026-09-15 08:45:51
 1  0       590232       854816       219524     58553868    0    0     0    40 7287 12437   3   1  96   0   0 2026-09-15 08:45:52
 1  0       590232       856588       219524     58553896    0    0     0   240 7193 12345   3   0  96   0   0 2026-09-15 08:45:53
 1  0       590232       855408       219524     58553916    0    0     0     0 7047 12354   3   0  97   0   0 2026-09-15 08:45:54
 1  0       590232       856932       219524     58553924    0    0     0     0 7152 12328   3   0  96   0   0 2026-09-15 08:45:55
 0  8       590232       855760       219524     58553940    0    0 1787904     0 9849 15480   2   1  91   7   0 2026-09-15 08:45:56
 1  4       590232       856336       219532     58553944    0    0 3131392   128 11981 18058   1   1  85  13   0 2026-09-15 08:45:57
 1  5       590232       855088       219532     58553968    0    0 3016192   136 11725 17789   1   1  87  11   0 2026-09-15 08:45:58
 1  6       590232       855616       219532     58553980    0    0 3136000     0 11638 17937   1   1  86  12   0 2026-09-15 08:45:59
 4  5       590232       856668       219532     58554004    0    0 3279872     0 12143 18436   1   1  88  10   0 2026-09-15 08:46:00
 2  5       590232       855700       219532     58554024    0    0 3177472     0 11735 18225   1   1  88  10   0 2026-09-15 08:46:01
 1  6       590232       857648       219540     58554028    0    0 3275776   136 75639 18649   1   2  87  10   0 2026-09-15 08:46:02
 0  8       590232       856648       219540     58554056    0    0 3266560   160 11987 18391   1   1  87  11   0 2026-09-15 08:46:03
 1  0       590232       855704       219540     58554076    0    0 3282432     0 11910 18620   1   1  88  10   0 2026-09-15 08:46:04
procs -----------------------memory---------------------- ---swap-- -----io---- -system-- --------cpu-------- -----timestamp-----
 r  b         swpd         free         buff        cache   si   so    bi    bo   in   cs  us  sy  id  wa  st                 KST
 2  4       590232       856008       219540     58554084    0    0 3189248     0 11933 18056   1   1  87  11   0 2026-09-15 08:46:05
 1  5       590232       855104       219540     58554100    0    0 3231744     0 12201 18643   1   2  87  10   0 2026-09-15 08:46:06
 1  4       590232       852848       219548     58554120    0    0 3203584   152 11850 18113   1   1  88  10   0 2026-09-15 08:46:07
 1  5       590232       853356       219548     58554136    0    0 3166720   160 11913 18036   1   1  88  11   0 2026-09-15 08:46:08
 2  5       590232       852128       219548     58554140    0    0 3203072     0 12035 18192   1   1  88  10   0 2026-09-15 08:46:09
 1  6       590232       853900       219548     58554152    0    0 3241984     0 12186 18541   1   1  88  10   0 2026-09-15 08:46:10
 0  8       590232       855448       219548     58554176    0    0 3284992     0 11927 18270   1   1  88  10   0 2026-09-15 08:46:11
 0  1       590232       856468       219556     58554188    0    0 3243520   124 11904 18544   1   1  89   9   0 2026-09-15 08:46:12
 0  5       590232       855528       219556     58554204    0    0 3161600   132 11730 17993   1   1  86  12   0 2026-09-15 08:46:13
 0  5       590232       855320       219556     58554216    0    0 3202048     0 11958 18181   1   1  86  12   0 2026-09-15 08:46:14
 1  4       590232       854820       219556     58554228    0    0 3187200     0 12009 18066   1   1  88  10   0 2026-09-15 08:46:15
 1  5       590232       853848       219556     58554244    0    0 3164672     0 11775 18060   1   1  88  10   0 2026-09-15 08:46:16
 0  6       590232       853944       219564     58554252    0    0 3127296   116 11720 17866   1   1  87  10   0 2026-09-15 08:46:17
 1  0       590232       854016       219564     58554276    0    0 3034112   120 11327 18198   1   1  90   8   0 2026-09-15 08:46:18
 1  0       590232       854064       219564     58554284    0    0     0     0 7082 12286   3   0  96   0   0 2026-09-15 08:46:19
 2  0       589976       854644       219564     58554404   60    0   164     0 7225 12554   3   1  96   0   0 2026-09-15 08:46:20
 2  0       589976       853908       219564     58554416    0    0     0     0 7272 12219   3   0  97   0   0 2026-09-15 08:46:21
 3  0       589976       852900       219572     58554432    0    0     0   132 7299 12316   3   0  96   0   0 2026-09-15 08:46:22
 1  0       589976       852188       219572     58554444    0    0     0   156 7375 12331   3   1  96   0   0 2026-09-15 08:46:23
 0  5       589976       851184       219572     58554460    0    0 1268736     0 9141 14560   2   1  92   5   0 2026-09-15 08:46:24
 1  4       589976       850440       219572     58554480    0    0 3058176     0 11767 17926   1   1  87  11   0 2026-09-15 08:46:25
procs -----------------------memory---------------------- ---swap-- -----io---- -system-- --------cpu-------- -----timestamp-----
 r  b         swpd         free         buff        cache   si   so    bi    bo   in   cs  us  sy  id  wa  st                 KST
 1  6       589976       849944       219572     58554496    0    0 3096064     0 11857 18283   1   1  88  10   0 2026-09-15 08:46:26
 1  7       589976       850240       219580     58554508   48    0 3081264   120 11679 17981   1   1  86  12   0 2026-09-15 08:46:27
 0  8       589976       849780       219580     58554524    0    0 3282944   132 12023 18756   1   1  86  11   0 2026-09-15 08:46:28
 0  1       589976       847856       219580     58554544    0    0 3277312     0 11974 18387   1   1  87  11   0 2026-09-15 08:46:29
 0  5       589976       847880       219580     58554552    0    0 3195392     0 11812 18200   1   1  87  11   0 2026-09-15 08:46:30
 1  4       589976       846936       219580     58554572    0    0 3168256     0 11700 18119   1   1  87  11   0 2026-09-15 08:46:31
 1  5       589976       846700       219588     58554572    0    0 3206656   120 11879 18060   1   1  88  10   0 2026-09-15 08:46:32
 0  6       589976       848012       219588     58554600    0    0 3216896     0 12000 18233   1   1  88  10   0 2026-09-15 08:46:33
 1  5       589976       848776       219588     58554604    0    0 3182592   136 42956 18207   1   2  87  11   0 2026-09-15 08:46:34
 1  6       589976       847744       219588     58554628    0    0 3231744     0 39855 18306   1   2  85  12   0 2026-09-15 08:46:35
 0  8       589976       850356       219588     58554648    0    0 3307520     0 12017 18313   1   2  86  12   0 2026-09-15 08:46:36
 0  1       589976       851412       219596     58554644    0    0 3213824   132 12043 18472   1   1  87  11   0 2026-09-15 08:46:37
 1  4       589976       851436       219596     58554672    0    0 3066368     0 11576 17892   1   1  85  12   0 2026-09-15 08:46:38
 1  4       589976       851476       219596     58554688    0    0 3217920   136 11710 18183   1   1  90   8   0 2026-09-15 08:46:39
 0  6       589976       850232       219596     58554704    0    0 3177984     0 11728 18081   1   1  88  10   0 2026-09-15 08:46:40
 1  5       589976       850744       219596     58554720    0    0 3230720     0 11868 18342   1   1  88  10   0 2026-09-15 08:46:41
 1  6       589976       848744       219604     58554732    0    0 3165184   120 11927 18068   1   1  87  11   0 2026-09-15 08:46:42
 0  7       589976       850304       219604     58554752    0    0 3286016     0 12146 18425   1   1  88  10   0 2026-09-15 08:46:43
 1  8       589976       852076       219604     58554760    0    0 3280896   136 11839 18467   1   1  88  10   0 2026-09-15 08:46:44
 0  1       589976       852592       219604     58554776    0    0 3300864     0 12200 18452   1   1  88  10   0 2026-09-15 08:46:45
 0  4       589976       851100       219604     58554792    0    0 3281408     0 12303 18769   1   1  88  10   0 2026-09-15 08:46:46
procs -----------------------memory---------------------- ---swap-- -----io---- -system-- --------cpu-------- -----timestamp-----
 r  b         swpd         free         buff        cache   si   so    bi    bo   in   cs  us  sy  id  wa  st                 KST
 1  0       589976       852656       219612     58554792    0    0 200704   144 7264 12761   3   1  96   0   0 2026-09-15 08:46:47
 1  0       589976       851944       219612     58554820    0    0     0     0 7003 12285   3   0  96   0   0 2026-09-15 08:46:48
 1  0       589976       851948       219612     58554836    0    0     0   160 7353 12351   3   0  96   0   0 2026-09-15 08:46:49
 1  0       589976       850260       219612     58554844   36    0    36     0 7478 12482   3   0  96   0   0 2026-09-15 08:46:50
 1  0       589976       849816       219612     58554860    0    0     0     0 7294 12393   3   1  96   0   0 2026-09-15 08:46:51
 0  6       589976       850368       219620     58554860    0    0 738304   120 8209 13490   2   1  93   4   0 2026-09-15 08:46:52
 0  6       589976       848660       219620     58554888    0    0 3078144     0 11909 18100   1   1  86  12   0 2026-09-15 08:46:53
 0  8       589976       848664       219620     58554908    0    0 3187712   124 12032 18254   1   2  88  10   0 2026-09-15 08:46:54
 1  3       589976       847700       219620     58554920    0    0 3142656     0 11681 18231   1   1  87  11   0 2026-09-15 08:46:55
 2  4       589976       848212       219620     58554936    0    0 3165184     0 11855 18022   1   1  86  12   0 2026-09-15 08:46:56
 3  3       589976       847732       219628     58554940    0    0 3180032   120 11750 17981   1   1  87  11   0 2026-09-15 08:46:57
 1  5       589976       849796       219628     58554960    0    0 3133952     0 11790 18091   1   1  86  11   0 2026-09-15 08:46:58
 1  5       589976       850568       219628     58554984    0    0 3115008   132 11535 18007   1   1  88  10   0 2026-09-15 08:46:59
 2  6       589976       848088       219628     58554992    0    0 3196928     0 11743 18173   1   1  86  12   0 2026-09-15 08:47:00
 1  8       589976       848376       219628     58555012    0    0 3276800     0 11949 18448   1   1  85  12   0 2026-09-15 08:47:01
 1  3       589976       847408       219636     58555024    0    0 3236864   132 12287 18479   1   2  86  11   0 2026-09-15 08:47:02
 0  4       589976       847176       219636     58555568    0    0 3347980     0 12220 18552   1   1  87  11   0 2026-09-15 08:47:03
 0  5       589976       847492       219636     58555588    0    0 3136512     0 11985 18218   1   1  87  11   0 2026-09-15 08:47:04
 1  4       589976       847848       219636     58555600    0    0 3165696   160 11944 18110   1   1  86  12   0 2026-09-15 08:47:05
 0  6       589976       845636       219636     58555612    0    0 3212800     0 12205 18612   1   1  86  12   0 2026-09-15 08:47:06
 0  6       589976       845128       219644     58555628    0    0 3251200   160 68265 18325   1   2  87  10   0 2026-09-15 08:47:07
procs -----------------------memory---------------------- ---swap-- -----io---- -system-- --------cpu-------- -----timestamp-----
 r  b         swpd         free         buff        cache   si   so    bi    bo   in   cs  us  sy  id  wa  st                 KST
 2  5       589976       845668       219644     58555640    0    0 3256320     0 11982 18408   1   1  87  11   0 2026-09-15 08:47:08
 0  8       589976       844952       219644     58555656    0    0 3196928     0 11855 18022   1   1  88  10   0 2026-09-15 08:47:09
 0  1       589976       846004       219644     58555668    0    0 3256832   280 12149 18613   1   1  86  12   0 2026-09-15 08:47:10
 1  4       589976       848572       219644     58555688    0    0 3193344     0 12097 18123   1   1  86  11   0 2026-09-15 08:47:11
 0  5       589976       849132       219652     58555696    0    0 3123200   136 11969 18052   1   1  86  11   0 2026-09-15 08:47:12
 0  5       589976       848644       219652     58555712    0    0 3269120     0 12073 18349   1   1  87  11   0 2026-09-15 08:47:13
 1  5       589976       848936       219652     58555724    0    0 3271168     0 12169 18522   1   2  87  11   0 2026-09-15 08:47:14
 1  0       589976       847944       219652     58555744    0    0 863232   232 8545 14077   3   1  95   2   0 2026-09-15 08:47:15
 1  0       589976       847240       219652     58555752    0    0     0     0 7178 12339   3   0  97   0   0 2026-09-15 08:47:16
 1  0       589976       846044       219660     58555752    0    0     0   120 7152 12343   3   0  96   0   0 2026-09-15 08:47:17
 1  0       589976       845588       219660     58555784    0    0     0     0 7381 12460   3   0  96   0   0 2026-09-15 08:47:18
 2  0       589976       845376       219660     58555796    0    0     0     0 7049 12299   3   0  97   0   0 2026-09-15 08:47:19
 1  6       589976       845380       219660     58555808    0    0 234496   128 7485 12467   3   0  95   2   0 2026-09-15 08:47:20
 0  8       589976       846232       219660     58555824    0    0 3267584     0 11981 18460   1   1  87  11   0 2026-09-15 08:47:21
 0  4       589976       847756       219668     58555840    0    0 3155968   120 12112 18301   1   2  86  12   0 2026-09-15 08:47:22
 1  4       589976       849328       219668     58555852    0    0 3022848     0 11861 17808   1   1  86  12   0 2026-09-15 08:47:23
 1  5       589976       848624       219668     58555876    0    0 3180544     0 11984 18280   1   1  87  11   0 2026-09-15 08:47:24
 0  6       589976       850428       219668     58555888    0    0 3215360   140 12032 18197   1   2  89   9   0 2026-09-15 08:47:25
 0  6       589976       851228       219668     58555904    0    0 3265536     0 12174 18890   1   2  88  10   0 2026-09-15 08:47:26
 1  6       589976       851768       219676     58555924    0    0 3282944   132 12081 18310   1   1  89   9   0 2026-09-15 08:47:27
 0  8       589976       852296       219676     58555936    0    0 3251200     0 12121 18270   1   1  86  12   0 2026-09-15 08:47:28
procs -----------------------memory---------------------- ---swap-- -----io---- -system-- --------cpu-------- -----timestamp-----
 r  b         swpd         free         buff        cache   si   so    bi    bo   in   cs  us  sy  id  wa  st                 KST
 0  1       589976       853348       219676     58555952    0    0 3204608     0 11904 18445   1   1  86  12   0 2026-09-15 08:47:29
 1  4       589976       852376       219676     58555968    0    0 3174912   132 11662 18036   1   1  88  10   0 2026-09-15 08:47:30
 1  5       589976       851152       219676     58555980    0    0 3254272     0 11784 18406   1   1  87  11   0 2026-09-15 08:47:31
 1  4       589976       851460       219684     58555988    0    0 3145216   144 11827 18135   1   1  86  12   0 2026-09-15 08:47:32
 1  5       589976       850204       219684     58556004    0    0 3170816     0 11841 18169   1   1  87  11   0 2026-09-15 08:47:33
 1  5       589976       852224       219684     58556024    0    0 3132416     0 11999 18091   1   1  87  11   0 2026-09-15 08:47:34
 0  8       589976       852780       219684     58556032    0    0 3223552     0 11820 18162   1   2  88  10   0 2026-09-15 08:47:35
 1  8       589976       852320       219684     58556052    0    0 3313664   160 12036 18620   1   1  87  11   0 2026-09-15 08:47:36
 2  3       589976       851900       219692     58556064    0    0 3234816   120 12105 18268   1   1  85  13   0 2026-09-15 08:47:37
 1  5       589976       852452       219692     58556084    0    0 3215360     0 11900 18164   1   1  86  12   0 2026-09-15 08:47:38
 1  5       589976       852504       219692     58556100    0    0 3295232     0 11736 18385   1   1  88  10   0 2026-09-15 08:47:39
 1  4       589976       852036       219692     58556104    0    0 3197440     0 73447 18173   1   2  87  10   0 2026-09-15 08:47:40
 1  4       589976       851324       219692     58556124    0    0 3311616   132 11850 18370   1   1  88  10   0 2026-09-15 08:47:41
 0  6       589976       850616       219700     58556140    0    0 3062272   128 11571 17940   1   1  85  13   0 2026-09-15 08:47:42
 2  0       589976       849676       219700     58556156    0    0 1418240     0 9486 15363   2   1  93   4   0 2026-09-15 08:47:43
 1  0       589976       849684       219700     58556164    0    0     0     0 7231 12405   3   0  97   0   0 2026-09-15 08:47:44
 1  0       589976       850952       219700     58556184    0    0     0     0 7419 12402   3   1  96   0   0 2026-09-15 08:47:45
 1  0       589976       854244       219700     58556204    0    0     0   160 7481 12649   3   1  96   0   0 2026-09-15 08:47:46
 2  0       589976       853020       219708     58556208    0    0     0   136 7185 12323   3   0  96   0   0 2026-09-15 08:47:47
 2  0       589976       852528       219708     58556228    0    0     0     0 7160 12340   3   0  97   0   0 2026-09-15 08:47:48
 1  4       589976       853092       219708     58556244    0    0 3122176     0 11790 17940   1   1  86  12   0 2026-09-15 08:47:49
procs -----------------------memory---------------------- ---swap-- -----io---- -system-- --------cpu-------- -----timestamp-----
 r  b         swpd         free         buff        cache   si   so    bi    bo   in   cs  us  sy  id  wa  st                 KST
 1  4       589976       851596       219708     58556264    0    0 3092992     0 11761 18115   1   1  87  11   0 2026-09-15 08:47:50
 1  5       589976       852868       219708     58556276    0    0 3055104   144 11876 17936   1   1  87  11   0 2026-09-15 08:47:51
 0  6       589976       850356       219716     58556284    0    0 3224576   128 11895 18122   1   1  88  10   0 2026-09-15 08:47:52
 0  7       589976       850904       219716     58556312    0    0 3172352     0 11779 18167   1   1  88  10   0 2026-09-15 08:47:53
 2  7       589976       850652       219716     58556320    0    0 3263488     0 11871 18573   1   1  89   9   0 2026-09-15 08:47:54
 0  1       589976       849968       219716     58556336    0    0 3269120     0 12139 18442   1   1  86  12   0 2026-09-15 08:47:55
 0  5       589976       848964       219716     58556348    0    0 3184128   144 12041 18106   1   1  85  12   0 2026-09-15 08:47:56
 1  4       589976       848244       219724     58556368    0    0 3192832   136 11967 18119   1   2  87  11   0 2026-09-15 08:47:57
 0  5       589976       847272       219724     58556376    0    0 3230208     0 12166 18365   1   1  87  11   0 2026-09-15 08:47:58
 1  5       589976       847812       219724     58556396    0    0 3304960     0 12164 18438   1   1  87  11   0 2026-09-15 08:47:59
 1  5       589976       849332       219724     58556412    0    0 3195904     0 12226 18176   1   1  87  11   0 2026-09-15 08:48:00
 1  6       589976       848360       219724     58556424    0    0 3125248   140 11941 17958   1   1  87  11   0 2026-09-15 08:48:01
 0  8       589976       847144       219732     58556440    0    0 3311616   128 12105 18452   1   1  88  10   0 2026-09-15 08:48:02
 1  0       589976       847176       219732     58556456    0    0 3224064     0 12388 18593   1   1  87  10   0 2026-09-15 08:48:03
 1  4       589976       845956       219732     58556468    0    0 3192320     0 11983 18123   1   1  87  11   0 2026-09-15 08:48:04
 0  4       589976       844264       219732     58556484    0    0 3160064     0 12120 18249   1   1  86  12   0 2026-09-15 08:48:05
 2  4       589976       845776       219732     58556496    0    0 3315200   148 12386 18642   1   1  88  10   0 2026-09-15 08:48:06
 1  5       589976       845072       219740     58556516    0    0 3230208   124 11947 18186   1   1  87  11   0 2026-09-15 08:48:07
 0  5       589976       844864       219740     58556520    0    0 3198976     0 12079 18392   1   1  88  10   0 2026-09-15 08:48:08
 2  5       589976       844456       219740     58556540    0    0 3288064     0 12109 18326   1   1  87  11   0 2026-09-15 08:48:09
 0  7       589976       844468       219740     58556552    0    0 3211264     0 12084 18348   1   1  89  10   0 2026-09-15 08:48:10
procs -----------------------memory---------------------- ---swap-- -----io---- -system-- --------cpu-------- -----timestamp-----
 r  b         swpd         free         buff        cache   si   so    bi    bo   in   cs  us  sy  id  wa  st                 KST
 1  4       589976       843984       219740     58556568    0    0 2799616     0 12292 17939   4   1  88   7   0 2026-09-15 08:48:11
 1  0       589976       843992       219748     58556576    0    0 23552   256 7229 12442   3   0  96   0   0 2026-09-15 08:48:12
 1  0       589976       842896       219748     58556604    0    0     0     0 127897 12488   3   1  96   0   0 2026-09-15 08:48:13
 2  0       589976       842944       219748     58556620    0    0     0     0 7094 12434   3   0  96   0   0 2026-09-15 08:48:14
 1  0       589976       841728       219748     58556624    0    0     0     0 7106 12479   3   1  96   0   0 2026-09-15 08:48:15
 2  0       589976       842032       219748     58556648    0    0     0     0 7060 12343   3   0  97   0   0 2026-09-15 08:48:16
 1  8       589976       840336       219756     58556648    0    0 1878016   272 9789 15593   2   1  93   5   0 2026-09-15 08:48:17
 2  0       589976       840876       219756     58556672    0    0 3192320     0 11986 18454   1   1  87  11   0 2026-09-15 08:48:18
 0  5       589976       842700       219756     58556680    0    0 3068416     0 11826 17920   1   1  86  12   0 2026-09-15 08:48:19
 1  5       589976       842736       219756     58556704    0    0 2993152     0 11738 17720   1   1  87  11   0 2026-09-15 08:48:20
 0  6       589976       844004       219756     58556716    0    0 3234816     0 12169 18154   1   1  88  10   0 2026-09-15 08:48:21
 1  6       589976       843284       219764     58556720    0    0 3151872   288 11845 18056   1   1  88  10   0 2026-09-15 08:48:22
 0  7       589976       842324       219764     58556748    0    0 3277824     0 12327 18363   1   1  88  10   0 2026-09-15 08:48:23
 1  7       589976       843932       219764     58556760    0    0 3278848     0 12371 18628   1   1  87  11   0 2026-09-15 08:48:24
 0  1       589976       843444       219764     58556776    0    0 3285504     0 11988 18406   1   1  86  11   0 2026-09-15 08:48:25
 1  4       589976       843240       219764     58556792    0    0 3113472     0 12124 18442   1   1  87  11   0 2026-09-15 08:48:26
 1  4       589976       842780       219772     58556808    0    0 3227648   324 12038 18213   1   1  87  11   0 2026-09-15 08:48:27
 0  4       589976       844580       219772     58556832    0    0 3195392     0 11942 18158   1   1  89   9   0 2026-09-15 08:48:28
 1  5       589976       844116       219772     58556836    0    0 3161600     0 11885 18011   1   1  88  10   0 2026-09-15 08:48:29
 2  5       589976       844880       219772     58556852    0    0 3240960     0 12063 18273   1   1  87  11   0 2026-09-15 08:48:30
 1  6       589976       844160       219772     58556864    0    0 3217408     0 11974 18292   1   1  89   9   0 2026-09-15 08:48:31
procs -----------------------memory---------------------- ---swap-- -----io---- -system-- --------cpu-------- -----timestamp-----
 r  b         swpd         free         buff        cache   si   so    bi    bo   in   cs  us  sy  id  wa  st                 KST
 0  8       589976       845432       219780     58556884    0    0 3268608   328 12107 18503   1   1  88  10   0 2026-09-15 08:48:32
 0  1       589976       846224       219780     58556892    0    0 3280384     0 12326 18551   1   1  86  12   0 2026-09-15 08:48:33
 1  4       589976       845256       219780     58556904    0    0 3246592     0 12312 18525   1   1  88   9   0 2026-09-15 08:48:34
 2  3       589976       845792       219780     58556924    0    0 3140608     0 11959 18028   1   1  86  12   0 2026-09-15 08:48:35
 0  4       589976       843324       219780     58556940    0    0 3188224     0 12005 18292   1   1  88  10   0 2026-09-15 08:48:36
 1  5       589976       844120       219788     58556952    0    0 3094016   340 12100 17956   1   1  88  10   0 2026-09-15 08:48:37
 0  7       589976       843404       219788     58556972    0    0 3207168     0 11822 18153   1   1  86  11   0 2026-09-15 08:48:38
 1  0       589976       844920       219788     58556988    0    0 3052544     0 11896 18138   1   1  88  10   0 2026-09-15 08:48:39
 1  0       589976       845928       219788     58556996    0    0     0     0 7251 12306   3   0  96   0   0 2026-09-15 08:48:40
 2  0       589976       846960       219788     58557020    0    0     0     0 7171 12284   3   0  96   0   0 2026-09-15 08:48:41
 1  0       589976       848232       219800     58557032    0    0     0   364 7321 12317   3   0  97   0   0 2026-09-15 08:48:42
 1  0       589976       846512       219800     58557044    0    0     0     0 7194 12274   3   0  96   0   0 2026-09-15 08:48:43
 1  0       589976       848068       219800     58557056    0    0     0     0 7325 12468   3   0  96   0   0 2026-09-15 08:48:44
 2  4       589976       848580       219800     58557068    0    0 1196032     0 44496 14393   2   1  92   5   0 2026-09-15 08:48:45
 1  6       589976       849080       219800     58557436    0    0 2978140     0 46175 18120   1   2  85  12   0 2026-09-15 08:48:46
 0  7       589976       849860       219808     58557452    0    0 3006464   272 11714 17729   1   1  85  12   0 2026-09-15 08:48:47
 1  7       589976       850124       219808     58557468    0    0 3214432     0 12036 18461   1   1  88  10   0 2026-09-15 08:48:48
 0  1       589976       850424       219808     58557476    0    0 3268000     0 12200 18423   1   1  87  11   0 2026-09-15 08:48:49
 0  5       589976       851484       219808     58557492    0    0 3176960     0 11835 18183   1   1  88  10   0 2026-09-15 08:48:50
 1  4       589976       851780       219808     58557512    0    0 3202048     0 12117 18175   1   1  88  11   0 2026-09-15 08:48:51
 1  4       589976       852072       219816     58557524    0    0 3304960   116 12258 18271   1   1  88  10   0 2026-09-15 08:48:52
procs -----------------------memory---------------------- ---swap-- -----io---- -system-- --------cpu-------- -----timestamp-----
 r  b         swpd         free         buff        cache   si   so    bi    bo   in   cs  us  sy  id  wa  st                 KST
 2  5       589976       852372       219816     58557540    0    0 3113472   120 11698 17874   1   1  86  12   0 2026-09-15 08:48:53
 2  5       589976       853676       219816     58557548    0    0 3111936     0 11662 18088   1   1  86  11   0 2026-09-15 08:48:54
 2  6       589976       854768       219816     58557572    0    0 3194880     0 12059 18128   1   1  87  11   0 2026-09-15 08:48:55
 1  8       589976       855032       219816     58557584    0    0 3305472     0 11944 18608   1   1  88  10   0 2026-09-15 08:48:56
 1  3       589976       855328       219824     58557588    0    0 3249152   136 11931 18366   1   2  88  10   0 2026-09-15 08:48:57
 1  5       589976       853920       219824     58557616    0    0 3088384   156 11849 17980   1   1  87  11   0 2026-09-15 08:48:58
 0  5       589976       854492       219824     58557628    0    0 3275776     0 12187 18305   1   1  87  11   0 2026-09-15 08:48:59
 1  5       589976       855288       219824     58557656    0    0 3076096     0 11867 17999   1   1  86  11   0 2026-09-15 08:49:00
 1  5       589976       856084       219824     58557668    0    0 3187712     0 12013 18240   1   1  86  12   0 2026-09-15 08:49:01
 0  7       589976       856872       219832     58557684    0    0 3161088   116 11867 18070   1   1  86  12   0 2026-09-15 08:49:02
 1  7       589976       856380       219832     58557696    0    0 3276920   136 11938 18446   1   2  88  10   0 2026-09-15 08:49:03
 1  1       589976       856140       219832     58557704    0    0 3304840     0 12089 18501   1   1  86  11   0 2026-09-15 08:49:04
 1  3       589976       855656       219832     58557728   16    0 3261968     0 12180 18603   1   1  87  11   0 2026-09-15 08:49:05
 2  4       589976       859232       219832     58557740    0    0 3313664     0 12451 18744   1   2  85  12   0 2026-09-15 08:49:06
 0  5       589976       857228       219840     58557748    0    0 3307520   156 12359 18432   1   1  88  10   0 2026-09-15 08:49:07
 1  0       589976       856984       219840     58557776    0    0 419840   180 7984 13293   3   1  96   1   0 2026-09-15 08:49:08
 1  0       589976       856232       219840     58557788    0    0     0     0 7407 12343   3   0  96   0   0 2026-09-15 08:49:09
 1  0       589976       855488       219840     58557808    0    0     0     0 7139 12460   3   0  97   0   0 2026-09-15 08:49:10
 1  0       589976       853764       219840     58557816    0    0     0     0 6990 12345   3   0  97   0   0 2026-09-15 08:49:11
 1  0       589976       854776       219848     58557832    0    0     0   116 7094 12310   3   0  96   0   0 2026-09-15 08:49:12
 1  0       589976       853032       219848     58557840    0    0     0     0 7191 12228   3   0  96   0   0 2026-09-15 08:49:13
procs -----------------------memory---------------------- ---swap-- -----io---- -system-- --------cpu-------- -----timestamp-----
 r  b         swpd         free         buff        cache   si   so    bi    bo   in   cs  us  sy  id  wa  st                 KST
 2  0       589976       852532       219848     58557872    0    0     0   116 7291 12460   3   0  96   0   0 2026-09-15 08:49:14
 1  0       589976       852056       219848     58557876    0    0     0     0 7157 12423   3   1  96   0   0 2026-09-15 08:49:15
 2  0       589976       850296       219848     58557896    0    0     0     0 7204 12415   3   0  97   0   0 2026-09-15 08:49:16
 1  0       589976       847544       219856     58557900    0    0     0   124 7275 12389   3   0  97   0   0 2026-09-15 08:49:17
 1  0       589976       848560       219856     58557928    0    0     0     0 129329 12481   3   1  96   0   0 2026-09-15 08:49:18
 1  0       589976       848080       219856     58557940    0    0     0   156 7221 12412   3   0  97   0   0 2026-09-15 08:49:19
 1  0       589976       849384       219856     58557948    4    0     4     0 7273 12402   3   0  96   0   0 2026-09-15 08:49:20
 1  0       589976       849656       219856     58557968    0    0     0     0 7212 12354   3   0  96   0   0 2026-09-15 08:49:21
 1  0       589976       848408       219864     58557976    0    0     0   140 7274 12328   3   0  96   0   0 2026-09-15 08:49:22
 2  0       589976       848668       219864     58558000    0    0     0     0 7227 12241   3   0  97   0   0 2026-09-15 08:49:23
 1  0       589976       847912       219864     58558016    0    0     0   148 7284 12273   3   0  97   0   0 2026-09-15 08:49:24
 1  0       589976       846672       219864     58558036    0    0     0     0 7312 12473   3   1  96   0   0 2026-09-15 08:49:25
 1  0       589976       847984       219864     58558084    4    0    40     0 7632 12801   3   0  96   0   0 2026-09-15 08:49:26
 1  0       589976       847992       219872     58558100    0    0     0   136 7463 12491   3   1  96   0   0 2026-09-15 08:49:27
 1  4       589976       849296       219872     58558112    0    0 1579008     0 9740 15299   2   1  91   6   0 2026-09-15 08:49:28
 1  0       589976       847876       219872     58558128    0    0 1839616   156 10116 15800   2   1  91   7   0 2026-09-15 08:49:29
 1  0       589976       848144       219872     58558144    0    0 1723904     0 10063 15649   2   1  93   4   0 2026-09-15 08:49:30
 1  0       589976       847716       219872     58558156    0    0 1714176     0 9981 15587   2   1  90   7   0 2026-09-15 08:49:31
 1  0       589976       847732       219880     58558172    0    0 1714176   116 9624 15434   2   1  91   6   0 2026-09-15 08:49:32
 1  0       589976       846764       219880     58558192    0    0 1714176     0 9870 15494   2   1  92   6   0 2026-09-15 08:49:33
 1  1       589976       849548       219880     58558196    0    0 1714176    72 9828 15543   2   1  91   6   0 2026-09-15 08:49:34
procs -----------------------memory---------------------- ---swap-- -----io---- -system-- --------cpu-------- -----timestamp-----
 r  b         swpd         free         buff        cache   si   so    bi    bo   in   cs  us  sy  id  wa  st                 KST
 1  8       589976       849832       219880     58558216    0    0 1783808    48 9995 15576   2   1  91   6   0 2026-09-15 08:49:35
 1  8       589976       850096       219880     58558224    4    0 1812484     0 10078 15575   2   1  90   7   0 2026-09-15 08:49:36
 0  7       589976       848408       219888     58558240    0    0 1904640   120 10085 15783   2   1  90   7   0 2026-09-15 08:49:37
 1  5       589976       847948       219888     58558260    0    0 1928192     0 10237 16025   2   1  90   7   0 2026-09-15 08:49:38
 1  6       589976       847712       219888     58558264    0    0 1917952     0 10098 15853   2   1  90   7   0 2026-09-15 08:49:39
 2  4       589976       848020       219888     58558284    0    0 1881600   140 9941 15841   2   1  91   7   0 2026-09-15 08:49:40
 0  5       589976       847024       219888     58558300    0    0 1971712     0 10220 15894   2   1  91   7   0 2026-09-15 08:49:41
 0  5       589976       847820       219896     58558312    0    0 1960960   120 10233 16134   2   1  92   5   0 2026-09-15 08:49:42
 0  1       589976       847076       219896     58558328    0    0 1919488     0 9993 15979   2   1  92   6   0 2026-09-15 08:49:43
 1  0       589976       846336       219896     58558344    0    0 1775104     0 9918 15715   2   1  91   7   0 2026-09-15 08:49:44
 1  0       589976       846340       219896     58558364    0    0 1714176   128 9846 15580   2   1  91   6   0 2026-09-15 08:49:45
 1  0       589976       848876       219896     58558376    4    0 1714180     0 10132 15915   2   1  91   6   0 2026-09-15 08:49:46
 1  0       589976       848128       219904     58558396    0    0 1714176   132 9742 15456   2   1  92   6   0 2026-09-15 08:49:47
 1  0       589976       846640       219904     58558408    0    0 1714176     0 10017 15574   2   1  91   6   0 2026-09-15 08:49:48
 0  8       589976       846924       219904     58558424    0    0 1787904     0 9852 15567   2   1  92   6   0 2026-09-15 08:49:49
 0  7       589976       846220       219904     58558440    0    0 1816576   148 9976 15549   2   1  91   6   0 2026-09-15 08:49:50
 1  6       589976       844912       219904     58559720   24    0 1918216     0 82748 15900   2   2  90   6   0 2026-09-15 08:49:51
 2  5       589976       844172       219912     58559736    0    0 1931264   132 10055 15947   2   1  91   7   0 2026-09-15 08:49:52
 0  6       589976       844236       219912     58559744    0    0 1940480     0 9861 15780   1   1  92   6   0 2026-09-15 08:49:53
 0  5       589976       842536       219912     58559752    0    0 1890816     0 9866 16055   2   1  91   6   0 2026-09-15 08:49:54
 0  5       589976       839832       219912     58559772    0    0 1946112   136 9913 15903   2   1  90   7   0 2026-09-15 08:49:55
procs -----------------------memory---------------------- ---swap-- -----io---- -system-- --------cpu-------- -----timestamp-----
 r  b         swpd         free         buff        cache   si   so    bi    bo   in   cs  us  sy  id  wa  st                 KST
 1  5       589976       840408       219912     58559784    0    0 1948672     0 10209 16239   2   1  91   6   0 2026-09-15 08:49:56
 0  1       589976       840960       219920     58559800    0    0 1885696   120 9843 15813   2   1  90   7   0 2026-09-15 08:49:57
 1  0       589976       838236       219920     58559808    0    0 1791488     0 10049 15797   2   1  91   6   0 2026-09-15 08:49:58
 1  0       589976       839288       219920     58559836    0    0 1714176     0 9504 15506   2   1  92   5   0 2026-09-15 08:49:59
 2  0       589976       837284       219920     58559848    0    0 1714176   132 9499 15383   2   1  92   5   0 2026-09-15 08:50:00
 1  0       589976       838600       219928     58559868    0    0 1714176   140 9623 15435   2   1  92   5   0 2026-09-15 08:50:01
 1  0       589976       838364       219928     58559884    0    0 1714176     0 9777 15444   2   1  90   7   0 2026-09-15 08:50:02
 1  0       589976       837900       219928     58559896    0    0 1714176     0 9647 15434   2   1  92   6   0 2026-09-15 08:50:03
 3  6       589976       837408       219928     58559908    0    0 1868800     0 9948 15565   2   1  90   7   0 2026-09-15 08:50:04
 0  7       589976       837448       219928     58559924    0    0 1874944   148 10039 15688   2   1  90   8   0 2026-09-15 08:50:05
 1  5       589976       835192       219928     58559936    0    0 1961984     0 10657 16302   2   1  91   6   0 2026-09-15 08:50:06
 1  4       589976       836228       221140     58559148    0    0 1151284 574584 10701 16322   7   1  87   6   0 2026-09-15 08:50:07
 1  0       589976       835008       221352     58560528    0    0    28 121856 7478 12796   3   1  96   0   0 2026-09-15 08:50:08
 1  0       589976       834848       221352     58560552    0    0     0     0 7126 12285   3   0  97   0   0 2026-09-15 08:50:09
 1  0       589976       834612       221352     58560568    0    0     0     0 7198 12458   3   0  96   0   0 2026-09-15 08:50:10
 1  0       589976       834872       221352     58560576    0    0     0   144 7066 12271   3   0  96   0   0 2026-09-15 08:50:11
 1  0       589976       834376       221368     58560656    0    0     0  2616 7233 12348   3   0  96   0   0 2026-09-15 08:50:12
 0  8       589976       834380       221368     58560664    0    0 1787904     0 9849 15417   2   1  91   6   0 2026-09-15 08:50:13
 1  3       589976       834412       221368     58560680    0    0 3224576     0 12238 18456   1   1  86  11   0 2026-09-15 08:50:14
 1  4       589976       834416       221368     58560696    0    0 3040256     0 11819 17741   1   1  88  10   0 2026-09-15 08:50:15
 3  5       589976       834928       221368     58560708    0    0 3124736  2624 11758 18060   1   2  87  10   0 2026-09-15 08:50:16
procs -----------------------memory---------------------- ---swap-- -----io---- -system-- --------cpu-------- -----timestamp-----
 r  b         swpd         free         buff        cache   si   so    bi    bo   in   cs  us  sy  id  wa  st                 KST
 1  6       589976       836712       221376     58560728    0    0 3196416   132 12045 18023   1   1  87  11   0 2026-09-15 08:50:17
 0  6       589976       835748       221376     58560740    0    0 3239936     0 11933 18276   1   1  86  11   0 2026-09-15 08:50:18
 0  7       589976       835552       221376     58560760    0    0 3249152     0 12399 18305   1   1  88  10   0 2026-09-15 08:50:19
 3  5       589976       835596       221376     58560764    0    0 3277824     0 12180 18319   1   1  87  11   0 2026-09-15 08:50:20
 0  1       589976       838676       221376     58560784    0    0 3246592   164 12117 18663   1   2  86  11   0 2026-09-15 08:50:21
 0  4       589976       837760       221384     58560792    0    0 3250688   120 12046 18324   1   1  86  12   0 2026-09-15 08:50:22
 1  4       589976       836296       221384     58560812    0    0 3256320     0 12012 18200   1   1  87  10   0 2026-09-15 08:50:23
 0  5       589976       836492       221384     58560828    0    0 3207168     0 55248 18269   1   2  87  10   0 2026-09-15 08:50:24
 2  5       589976       838572       221384     58560840    0    0 3209216     0 11909 18201   1   1  88  10   0 2026-09-15 08:50:25
 0  6       589976       842140       221384     58560856    0    0 3125248   168 12336 18719   1   1  86  12   0 2026-09-15 08:50:26
 1  6       589976       843160       221392     58560872    0    0 3123200   120 11898 18103   1   2  87  10   0 2026-09-15 08:50:27
 2  7       589976       842924       221392     58560884    0    0 3263488     0 11925 18408   1   1  90   9   0 2026-09-15 08:50:28
 0  1       589976       842688       221392     58560900    0    0 3307008     0 12166 18678   1   1  87  10   0 2026-09-15 08:50:29
 1  2       589976       842004       221392     58560912    0    0 3341824     0 12250 18510   1   1  87  11   0 2026-09-15 08:50:30
 0  5       589976       843020       221392     58560936    0    0 3169280     0 11778 18192   1   1  88  10   0 2026-09-15 08:50:31
 1  4       589976       843028       221400     58560936    0    0 3197952   304 11958 18225   1   1  88  10   0 2026-09-15 08:50:32
 0  5       589976       844552       221400     58560968    0    0 3227136     0 11994 18253   1   1  87  11   0 2026-09-15 08:50:33
 0  6       589976       845832       221400     58560984    0    0 3281408     0 12125 18522   1   1  88  10   0 2026-09-15 08:50:34
 1  0       589976       844824       221400     58560996    0    0 2648064     0 10948 17361   1   1  90   8   0 2026-09-15 08:50:35
 1  0       589976       843852       221400     58561000    0    0     0     0 7141 12235   3   0  97   0   0 2026-09-15 08:50:36
 2  0       589976       843896       221408     58561024    0    0     0   268 7149 12383   3   0  96   0   0 2026-09-15 08:50:37
procs -----------------------memory---------------------- ---swap-- -----io---- -system-- --------cpu-------- -----timestamp-----
 r  b         swpd         free         buff        cache   si   so    bi    bo   in   cs  us  sy  id  wa  st                 KST
 1  0       589976       842644       221408     58561032    0    0     0     0 7228 12416   3   0  97   0   0 2026-09-15 08:50:38
 3  0       589976       842180       221408     58561044    0    0     0     0 7333 12473   3   0  96   0   0 2026-09-15 08:50:39
 1  0       589976       843716       221408     58561056    0    0     0     0 7206 12317   3   0  97   0   0 2026-09-15 08:50:40
 0  4       589976       841476       221408     58561080    0    0 1573888     0 9597 15171   2   1  92   5   0 2026-09-15 08:50:41
 0  5       589976       840984       221416     58561096    0    0 3086336   320 11956 18007   1   1  87  11   0 2026-09-15 08:50:42
 1  5       589976       842256       221416     58561116    0    0 3044352     0 11818 17896   1   1  87  11   0 2026-09-15 08:50:43
 1  5       589976       841544       221416     58561132    4    0 3055888     0 11781 18083   1   1  87  11   0 2026-09-15 08:50:44
 1  6       589976       841824       221416     58561412    0    0 3200000     0 11644 18035   1   1  89   9   0 2026-09-15 08:50:45
 1  7       589976       842348       221416     58561424    0    0 3292160     0 12302 18976   1   1  88  10   0 2026-09-15 08:50:46
 0  1       589976       842860       221424     58561444    0    0 3243520   288 12219 18689   1   1  90   8   0 2026-09-15 08:50:47
 1  5       589976       841864       221424     58561464    0    0 3119616     0 11930 18016   1   2  87  11   0 2026-09-15 08:50:48
 4  4       589976       841884       221424     58561472    0    0 3193856     0 11986 18287   1   2  88  10   0 2026-09-15 08:50:49
 4  6       589976       840388       221424     58561484    0    0 3208192     0 11994 18236   1   1  87  11   0 2026-09-15 08:50:50
 1  5       589976       841652       221424     58561504    0    0 3321856     0 12179 18358   1   1  87  11   0 2026-09-15 08:50:51
 1  5       589976       840152       221432     58561520    0    0 3180544   132 12140 18185   1   1  86  12   0 2026-09-15 08:50:52
 0  7       589976       840916       221432     58561528    0    0 3265536   140 12177 18625   1   1  88  10   0 2026-09-15 08:50:53
 0  7       589976       840424       221432     58561548    0    0 3259392     0 11956 18540   1   1  88  10   0 2026-09-15 08:50:54
 3  8       589976       840964       221432     58561564    0    0 3311616     0 11914 18538   1   1  88  10   0 2026-09-15 08:50:55
 2  0       589976       840500       221432     58561588    0    0 3297792     0 46799 18470   1   2  86  11   0 2026-09-15 08:50:56
 1  4       589976       839048       221440     58561604    0    0 3197440   128 25568 18134   1   2  86  11   0 2026-09-15 08:50:57
 1  4       589976       839824       221440     58561616    0    0 3235840   144 12135 18423   1   2  86  12   0 2026-09-15 08:50:58
procs -----------------------memory---------------------- ---swap-- -----io---- -system-- --------cpu-------- -----timestamp-----
 r  b         swpd         free         buff        cache   si   so    bi    bo   in   cs  us  sy  id  wa  st                 KST
 1  4       589976       840588       221440     58561632    0    0 3241472     0 12060 18289   1   1  87  11   0 2026-09-15 08:50:59
 0  6       589976       840872       221440     58561644    0    0 3125760     0 11795 18139   1   1  87  11   0 2026-09-15 08:51:00
 2  5       589976       841168       221440     58561660    0    0 3234816     0 11780 18272   1   1  90   8   0 2026-09-15 08:51:01
 1  6       589976       841456       221448     58561668    0    0 3306496   156 12023 18414   1   1  87  11   0 2026-09-15 08:51:02
 1  0       589976       840740       221448     58561688    4    0 2999300   168 11705 18073   1   1  87  10   0 2026-09-15 08:51:03
 1  0       589976       840500       221448     58561704    0    0     0     0 7127 12421   3   1  96   0   0 2026-09-15 08:51:04
 1  0       589976       839556       221448     58561708    0    0     0     0 7019 12277   3   0  96   0   0 2026-09-15 08:51:05
 1  0       589976       838812       221448     58561732    0    0     0     0 7327 12628   3   0  96   0   0 2026-09-15 08:51:06
 1  0       589976       839088       221456     58561736    0    0     0   116 6977 12310   3   0  96   0   0 2026-09-15 08:51:07
 1  0       589976       838084       221456     58561764    0    0     0   136 7240 12472   3   1  96   0   0 2026-09-15 08:51:08
 1  4       589976       838104       221456     58561784    0    0 1242112     0 9126 14553   2   1  92   5   0 2026-09-15 08:51:09
 1  5       589976       838372       221456     58561792    0    0 3074048     0 12021 18139   1   2  86  11   0 2026-09-15 08:51:10
 1  5       589976       838664       221456     58561804    0    0 3076096     0 11830 17837   1   1  85  13   0 2026-09-15 08:51:11
 1  7       589976       838764       221464     58561816    0    0 3176448   132 11934 18128   1   1  88  10   0 2026-09-15 08:51:12
 1  8       589976       837544       221464     58561840    0    0 3319808   140 12001 18443   1   1  89  10   0 2026-09-15 08:51:13
 0  1       589976       838348       221464     58561848    0    0 3244544     0 11976 18569   1   1  88  10   0 2026-09-15 08:51:14
 1  3       589976       840372       221464     58561864    0    0 3247616     0 12059 18160   1   2  87  10   0 2026-09-15 08:51:15
 0  5       589976       841420       221464     58561884    0    0 3280896     0 12136 18332   1   1  86  11   0 2026-09-15 08:51:16
 1  4       589976       840412       221472     58561896    0    0 3212288   128 12149 18136   1   1  86  11   0 2026-09-15 08:51:17
 0  6       589976       838916       221472     58561908    0    0 3128320   144 12225 18156   1   1  86  12   0 2026-09-15 08:51:18
 0  6       589976       839180       221472     58561928    4    0 3180548     0 11882 18396   1   1  87  11   0 2026-09-15 08:51:19
procs -----------------------memory---------------------- ---swap-- -----io---- -system-- --------cpu-------- -----timestamp-----
 r  b         swpd         free         buff        cache   si   so    bi    bo   in   cs  us  sy  id  wa  st                 KST
 1  6       589976       839448       221472     58561940    0    0 3171328     0 11950 18129   1   1  87  11   0 2026-09-15 08:51:20
 0  7       589976       838972       221472     58561952    0    0 3303424     0 12136 18363   1   1  89   9   0 2026-09-15 08:51:21
 0  8       589976       838760       221480     58561972    0    0 3274752   136 12161 18522   1   1  88  10   0 2026-09-15 08:51:22
 0  1       589976       839520       221480     58561992    0    0 3292672     0 11915 18412   1   1  88  10   0 2026-09-15 08:51:23
 0  5       589976       839024       221480     58561996    0    0 3215872   152 11999 18182   1   2  87  11   0 2026-09-15 08:51:24
 1  5       589976       840124       221480     58562012    0    0 3232768     0 12063 18128   1   1  86  11   0 2026-09-15 08:51:25
 1  4       589976       839912       221480     58562024    0    0 3220992     0 12135 18578   1   1  87  11   0 2026-09-15 08:51:26
 1  5       589976       839176       221488     58562048    0    0 3275264   116 12162 18316   1   1  86  12   0 2026-09-15 08:51:27
 1  5       589976       841280       221488     58562056    0    0 3178496     0 12101 18343   1   2  86  11   0 2026-09-15 08:51:28
 0  7       589976       841120       221488     58562080    0    0 3139584   112 69035 18071   1   2  88  10   0 2026-09-15 08:51:29
 0  8       589976       840384       221488     58562100    0    0 3189760     0 11961 18419   1   1  87  11   0 2026-09-15 08:51:30
 1  1       589976       841436       221488     58562104    0    0 3280384     0 12002 18496   1   1  87  11   0 2026-09-15 08:51:31
 1  0       589976       840436       221496     58562120    0    0 37376   124 7070 12401   3   0  96   0   0 2026-09-15 08:51:32
 3  0       589976       839460       221496     58562140    0    0     0     0 7005 12227   3   0  96   0   0 2026-09-15 08:51:33
 2  0       589976       838712       221496     58562148    0    0     0   148 7005 12430   3   0  96   0   0 2026-09-15 08:51:34
 1  0       589976       836956       221496     58562160    0    0     0     0 6951 12294   3   0  96   0   0 2026-09-15 08:51:35
 2  0       589976       836712       221496     58562172    0    0     0     0 6920 12363   3   0  97   0   0 2026-09-15 08:51:36
 0  5       589976       835964       221504     58562192    0    0 949760   116 8385 13885   2   1  93   4   0 2026-09-15 08:51:37
 0  6       589976       836032       221504     58562208    0    0 3183104     0 11964 18127   1   1  86  12   0 2026-09-15 08:51:38
 1  6       589976       837372       221504     58562224    0    0 3099648   128 11910 18126   1   2  88  10   0 2026-09-15 08:51:39
 0  8       589976       838892       221504     58562240    0    0 3130368     0 11676 18156   1   1  88  10   0 2026-09-15 08:51:40
procs -----------------------memory---------------------- ---swap-- -----io---- -system-- --------cpu-------- -----timestamp-----
 r  b         swpd         free         buff        cache   si   so    bi    bo   in   cs  us  sy  id  wa  st                 KST
 0  1       589976       840416       221504     58562260    0    0 3318272     0 11941 18495   1   1  87  11   0 2026-09-15 08:51:41
 1  3       589976       839944       221512     58562276    0    0 3260928   124 11837 18271   1   2  87  11   0 2026-09-15 08:51:42
 2  4       589976       839700       221512     58562288    0    0 3196928     0 11803 18194   1   1  87  11   0 2026-09-15 08:51:43
 1  4       589976       838956       221512     58562312    0    0 3293184   148 11942 18384   1   1  87  11   0 2026-09-15 08:51:44
 1  4       589976       839748       221512     58562320    0    0 3277312     0 11847 18358   1   1  89   9   0 2026-09-15 08:51:45
 0  6       589976       839508       221512     58562332    0    0 3225088     0 12191 18585   1   2  89   9   0 2026-09-15 08:51:46
 1  5       589976       838260       221520     58562344    0    0 3177472   140 11952 18106   1   1  86  12   0 2026-09-15 08:51:47
 3  6       589976       838800       221520     58562364    0    0 3188736     0 11829 18070   1   1  86  12   0 2026-09-15 08:51:48
 0  8       589976       838624       221520     58562372    0    0 3198976     0 11768 18448   1   2  86  12   0 2026-09-15 08:51:49
 0  4       589976       837152       221520     58562388    0    0 3177472   136 12111 18308   1   1  86  12   0 2026-09-15 08:51:50
 1  4       589976       836168       221520     58562412    0    0 3169280     0 12231 18147   1   1  86  12   0 2026-09-15 08:51:51
 1  4       589976       834188       221528     58562420    0    0 3219968   124 12010 18146   1   1  88   9   0 2026-09-15 08:51:52
 1  5       589976       833520       221528     58562436    0    0 3086848     0 11805 18000   1   1  86  12   0 2026-09-15 08:51:53
 2  5       589976       831016       221528     58562448    0    0 3269632     0 11951 18408   1   2  88  10   0 2026-09-15 08:51:54
 2  6       589976       831780       221528     58562468    0    0 3211264   136 12018 18111   1   1  87  11   0 2026-09-15 08:51:55
 0  8       589976       832820       221528     58562476    0    0 3239936     0 11908 18255   1   1  87  11   0 2026-09-15 08:51:56
 0  3       589976       832088       221536     58562504    0    0 3136512   116 11968 18179   1   1  88  10   0 2026-09-15 08:51:57
 2  4       589976       834396       221536     58562516    0    0 3303424     0 12221 18340   1   1  87  10   0 2026-09-15 08:51:58
 0  5       589976       832680       221536     58562528    0    0 3179520     0 12108 18290   1   1  87  11   0 2026-09-15 08:51:59
 1  0       589976       832492       221536     58562536    0    0 501760   144 7951 13400   3   1  96   1   0 2026-09-15 08:52:00
 1  0       589976       834336       221536     58562560    0    0     0     0 7317 12381   3   1  96   0   0 2026-09-15 08:52:01
procs -----------------------memory---------------------- ---swap-- -----io---- -system-- --------cpu-------- -----timestamp-----
 r  b         swpd         free         buff        cache   si   so    bi    bo   in   cs  us  sy  id  wa  st                 KST
 1  0       589976       832972       221544     58562576    0    0     0   148 127969 12437   3   1  96   0   0 2026-09-15 08:52:02
 1  0       589976       833296       221544     58562584    0    0     0     0 7275 12478   3   1  96   0   0 2026-09-15 08:52:03
 1  0       589976       833604       221544     58562592    0    0     0     0 7099 12287   3   1  96   0   0 2026-09-15 08:52:04
 0  6       589976       833404       221544     58562628    0    0 551936   164 7870 13054   3   1  94   3   0 2026-09-15 08:52:05
 1  6       589976       832936       221544     58562632    0    0 3066880     0 12206 18343   1   1  86  12   0 2026-09-15 08:52:06
 0  1       589976       832504       221552     58562648    0    0 3228160   128 12013 18446   1   2  86  12   0 2026-09-15 08:52:07
 0  5       589976       832296       221552     58562668    0    0 3087872     0 11559 17903   1   1  86  12   0 2026-09-15 08:52:08
 0  4       589976       834320       221552     58562684    0    0 3225600     0 12180 18357   1   1  86  12   0 2026-09-15 08:52:09
 1  5       589976       833912       221552     58562688    0    0 3269120   132 12035 18408   1   1  87  11   0 2026-09-15 08:52:10
 2  5       589976       833480       221552     58562712    0    0 3198464     0 11908 18243   1   1  87  11   0 2026-09-15 08:52:11
 2  5       589976       834248       221560     58562716    0    0 3202048   136 12060 18191   1   1  88  10   0 2026-09-15 08:52:12
 1  5       589976       834060       221560     58562736    0    0 3264512     0 11962 18396   1   1  88  10   0 2026-09-15 08:52:13
 1  8       589976       833120       221560     58562752    0    0 3214336     0 12061 18162   1   1  88  10   0 2026-09-15 08:52:14
 2  0       589976       834668       221560     58562772    0    0 3260416   152 12033 18434   1   1  86  11   0 2026-09-15 08:52:15
 1  0       589976       832668       221560     58562788    0    0 3389952     0 12279 18522   1   1  87  11   0 2026-09-15 08:52:16
 1  3       589976       832212       221568     58562796    0    0 3244544   116 11800 18219   1   1  88  10   0 2026-09-15 08:52:17
 0  5       589976       832000       221568     58562816    0    0 3123200     0 11670 18130   1   1  88  10   0 2026-09-15 08:52:18
 1  5       589976       832008       221568     58562828    0    0 3087360     0 11592 17917   1   1  87  11   0 2026-09-15 08:52:19
 0  6       589976       830508       221568     58562852    0    0 3227648     0 12125 18261   1   2  86  11   0 2026-09-15 08:52:20
 1  6       589976       832028       221568     58562864    0    0 3257344   128 11921 18323   1   1  86  12   0 2026-09-15 08:52:21
 0  7       589976       832580       221576     58562872    0    0 3153920   136 11917 18142   1   1  87  11   0 2026-09-15 08:52:22
procs -----------------------memory---------------------- ---swap-- -----io---- -system-- --------cpu-------- -----timestamp-----
 r  b         swpd         free         buff        cache   si   so    bi    bo   in   cs  us  sy  id  wa  st                 KST
 1  8       589976       834436       221576     58562888    0    0 3306496     0 11892 18494   1   1  88  10   0 2026-09-15 08:52:23
 0  1       589976       836208       221576     58562904    0    0 3299840     0 11977 18447   1   1  88  10   0 2026-09-15 08:52:24
 1  4       589976       836020       221576     58562924    0    0 3229184     0 11945 18221   1   1  86  11   0 2026-09-15 08:52:25
 0  5       589976       835368       221576     58562936    0    0 3155968   144 11970 18460   1   1  86  12   0 2026-09-15 08:52:26
 1  4       589976       834896       221584     58562948    0    0 3136000   116 11658 17965   1   1  88  10   0 2026-09-15 08:52:27
 1  0       589976       835944       221584     58562968    0    0 814592     0 8405 14102   3   1  95   2   0 2026-09-15 08:52:28
 1  0       589976       834948       221584     58562976    0    0     0     0 7019 12430   3   0  96   0   0 2026-09-15 08:52:29
 1  0       589976       835752       221584     58563004    0    0     0     0 7292 12531   3   1  96   0   0 2026-09-15 08:52:30
 1  0       589976       836052       221584     58563016    0    0     0   140 7304 12307   3   1  96   0   0 2026-09-15 08:52:31
 1  0       589976       837612       221592     58563032    0    0     0   148 7336 12488   3   1  96   0   0 2026-09-15 08:52:32
 2  6       589976       838912       221592     58563048    0    0 290816     0 7566 12623   3   0  95   2   0 2026-09-15 08:52:33
 0  8       589976       840724       221592     58563068    0    0 3211264     0 11625 18385   1   1  88  10   0 2026-09-15 08:52:34
 0  5       589976       838984       221592     58563084    0    0 3096576     0 77095 17951   1   2  86  11   0 2026-09-15 08:52:35
 0  5       589976       838736       221592     58563096    0    0 3120128   160 11816 17997   1   1  87  10   0 2026-09-15 08:52:36
 2  3       589976       837064       221600     58563112    0    0 3184128   144 11798 18175   1   1  87  11   0 2026-09-15 08:52:37
 0  6       589976       837576       221600     58563124    0    0 3203584     0 12196 18211   1   1  87  11   0 2026-09-15 08:52:38
 1  6       589976       838344       221600     58563140    0    0 3169280     0 12094 18162   1   1  86  12   0 2026-09-15 08:52:39
 1  6       589976       836852       221600     58563156    0    0 3312640     0 12271 18428   1   2  85  12   0 2026-09-15 08:52:40
 0  8       589976       836856       221600     58563160    0    0 3198976     0 11752 18276   1   1  86  12   0 2026-09-15 08:52:41
 0  4       589976       836924       221608     58563180    0    0 3235840   280 12087 18424   1   1  85  12   0 2026-09-15 08:52:42
 1  4       589976       836980       221608     58563204    0    0 3158016     0 11938 18135   1   1  86  12   0 2026-09-15 08:52:43
procs -----------------------memory---------------------- ---swap-- -----io---- -system-- --------cpu-------- -----timestamp-----
 r  b         swpd         free         buff        cache   si   so    bi    bo   in   cs  us  sy  id  wa  st                 KST
 2  4       589976       836284       221608     58563216    0    0 3203072     0 11815 18241   1   1  87  11   0 2026-09-15 08:52:44
 2  5       589976       835324       221608     58563224    0    0 3150848     0 11844 18079   1   1  87  11   0 2026-09-15 08:52:45
 1  5       589976       833880       221608     58563240    0    0 3236864     0 12311 18694   1   1  88  10   0 2026-09-15 08:52:46
 1  5       589976       835204       221616     58563256    0    0 3211264   260 11944 18316   1   1  87  11   0 2026-09-15 08:52:47
 0  8       589976       835488       221616     58563268    0    0 3189760     0 11854 18290   1   1  87  11   0 2026-09-15 08:52:48
 1  0       589976       833768       221616     58563284    0    0 3252224     0 12042 18541   1   1  89   9   0 2026-09-15 08:52:49
 2  3       589976       831044       221616     58563300    0    0 3292160     0 11941 18368   1   1  87  11   0 2026-09-15 08:52:50
 1  4       589976       831836       221616     58563308    0    0 3169280     0 11625 18044   1   1  86  12   0 2026-09-15 08:52:51
 0  5       589976       833408       221624     58563320    0    0 3271680   276 11709 18234   1   1  87  10   0 2026-09-15 08:52:52
 1  4       589976       833480       221624     58563348    0    0 3227136     0 12044 18307   1   2  88  10   0 2026-09-15 08:52:53
 1  5       589976       832724       221624     58563356    0    0 3293696     0 12011 18424   1   2  87  11   0 2026-09-15 08:52:54
 1  5       589976       832288       221624     58563376    0    0 3321856     0 11948 18475   1   2  87  11   0 2026-09-15 08:52:55
 2  0       589976       834876       221624     58563384    0    0 994304     0 8539 14340   2   1  94   3   0 2026-09-15 08:52:56
 1  0       589976       834688       221632     58563408    0    0     0   312 7192 12348   3   0  96   0   0 2026-09-15 08:52:57
 1  0       589976       834216       221632     58563428    0    0     0     0 7167 12482   3   0  97   0   0 2026-09-15 08:52:58
 2  0       589976       834056       221632     58563440    0    0     0     0 7027 12231   3   0  97   0   0 2026-09-15 08:52:59
 1  0       589976       833896       221632     58563456    0    0     0     0 6949 12267   3   0  96   0   0 2026-09-15 08:53:00
 2  7       589976       833228       221632     58563468    0    0 166912     0 7415 12440   3   1  95   1   0 2026-09-15 08:53:01
 0  1       589976       835252       221640     58563480    0    0 3180032   320 12072 18339   1   1  85  12   0 2026-09-15 08:53:02
 1  4       589976       833524       221640     58563504    0    0 3163648     0 12121 18210   1   1  86  12   0 2026-09-15 08:53:03
 1  4       589976       833536       221640     58563512    0    0 3031552     0 11904 17861   1   1  87  11   0 2026-09-15 08:53:04
procs -----------------------memory---------------------- ---swap-- -----io---- -system-- --------cpu-------- -----timestamp-----
 r  b         swpd         free         buff        cache   si   so    bi    bo   in   cs  us  sy  id  wa  st                 KST
 1  5       589976       832792       221640     58563532    0    0 3232256     0 11820 18162   1   1  87  11   0 2026-09-15 08:53:05
 0  6       589976       834344       221640     58563548    0    0 3213312     0 12365 18644   1   2  87  10   0 2026-09-15 08:53:06
 3  6       589976       832900       221648     58563560    0    0 3174400   264 33805 17966   1   2  88  10   0 2026-09-15 08:53:07
 0  8       589976       832016       221648     58563572    0    0 3298304     0 39854 18413   1   2  87  10   0 2026-09-15 08:53:08
 0  1       589976       834044       221648     58563588    0    0 3226112     0 11820 18600   1   1  87  11   0 2026-09-15 08:53:09
 1  3       589976       832540       221648     58563608    0    0 3297792     0 11960 18477   1   1  88   9   0 2026-09-15 08:53:10
 1  4       589976       832560       221648     58563616    0    0 3229696     0 11990 18278   1   2  86  12   0 2026-09-15 08:53:11
 0  5       589976       832576       221656     58563636    0    0 3245056   132 11925 18279   1   1  86  12   0 2026-09-15 08:53:12
 2  5       589976       832080       221656     58563644    0    0 3060736   144 11635 17953   1   1  86  12   0 2026-09-15 08:53:13
 0  6       589976       831600       221656     58563656    0    0 3200000     0 11992 18220   1   1  86  12   0 2026-09-15 08:53:14
 0  7       589976       833368       221656     58563676    0    0 3215360     0 11999 18131   1   2  87  11   0 2026-09-15 08:53:15
 0  7       589976       833624       221656     58563692    0    0 3254272     0 12084 18321   1   2  87  10   0 2026-09-15 08:53:16
 1  0       589976       834152       221664     58563708    0    0 3235840   120 12015 18552   1   1  88  10   0 2026-09-15 08:53:17
 1  1       589976       833688       221664     58563716    0    0 3343872   128 12294 18451   1   1  86  12   0 2026-09-15 08:53:18
 1  3       589976       832204       221664     58563732    0    0 3286528     0 11862 18221   0   1  90   9   0 2026-09-15 08:53:19
 0  5       589976       831968       221664     58563748    0    0 3284992     0 12210 18320   1   1  88  10   0 2026-09-15 08:53:20
 0  5       589976       831784       221664     58563756    0    0 3129856     0 11784 18114   1   1  88   9   0 2026-09-15 08:53:21
 0  6       589976       829576       221672     58563768    0    0 3239424   132 12008 18295   1   1  88  10   0 2026-09-15 08:53:22
 0  6       589976       829424       221672     58563796    0    0 3203072   144 11922 18445   1   2  88  10   0 2026-09-15 08:53:23
 0  0       589976       828476       221672     58563812    0    0 1082368     0 8642 14655   1   1  97   2   0 2026-09-15 08:53:24
 0  0       589976       830092       221672     58563812    0    0     0     0 6877 12370   0   1  99   0   0 2026-09-15 08:53:25
procs -----------------------memory---------------------- ---swap-- -----io---- -system-- --------cpu-------- -----timestamp-----
 r  b         swpd         free         buff        cache   si   so    bi    bo   in   cs  us  sy  id  wa  st                 KST
 0  0       589976       829636       221672     58563848    0    0     0     0 7099 12733   0   0  99   0   0 2026-09-15 08:53:26
 0  0       589976       830428       221680     58563844    0    0     0   120 6770 12287   0   1  99   0   0 2026-09-15 08:53:27
 0  0       589976       831452       221680     58563852    0    0     0   132 6908 12397   0   0  99   0   0 2026-09-15 08:53:28
 1  0       589976       831740       221680     58563884    0    0     0     0 6854 12297   0   0  99   0   0 2026-09-15 08:53:29
 2  0       589976       832552       221680     58563900    0    0     0     0 6871 12249   0   0  99   0   0 2026-09-15 08:53:30
 0  0       589976       831808       221680     58563900    0    0     0     0 7280 12230   0   0  99   0   0 2026-09-15 08:53:31
 0  0       589976       831316       221688     58563924    0    0     0   120 7150 12537   1   0  99   0   0 2026-09-15 08:53:32
 0  0       589976       830612       221688     58563936    0    0     0   144 6935 12427   0   0  99   0   0 2026-09-15 08:53:33
 1  0       589976       830648       221688     58563956    0    0     0     0 7370 12448   1   0  99   0   0 2026-09-15 08:53:34
 1  0       589976       829684       221688     58563972    0    0     0     0 6973 12306   0   1  99   0   0 2026-09-15 08:53:35
 0  0       589976       830444       221688     58563984    0    0     0     0 7006 12360   0   0  99   0   0 2026-09-15 08:53:36
 0  0       589976       831004       221696     58564004    0    0     0   132 6811 12236   0   0  99   0   0 2026-09-15 08:53:37
 0  0       589976       830784       221696     58564028    0    0     0   148 6915 12443   0   0  99   0   0 2026-09-15 08:53:38
 1  0       589976       828792       221704     58565756    0    0  2140     0 7426 12506   2   1  97   0   0 2026-09-15 08:53:39
 0  0       589976       826256       221704     58566220    0    0     0     0 7185 10995   1   1  98   0   0 2026-09-15 08:53:40
