wall_ns,MemAvailable_kB,Dirty_kB,Writeback_kB,Shmem_kB,Mlocked_kB
1789406110826270624,125993596,3892,0,968,0
1789406111853836694,125933672,3912,0,968,0
1789406112884684400,125878776,408,0,968,0
1789406113912184435,125857092,88,0,968,0
1789406114942630071,125854084,280,0,968,0
1789406115971071506,125847348,336,0,968,0
1789406117000516688,125708752,392,0,968,0
1789406118042908234,125552280,144,0,968,0
1789406119071238580,125481236,204,0,968,0
1789406120099127982,125051388,236,0,972,0
1789406121130539739,124754976,244,0,11208,0
1789406122156716818,125136656,424,0,146376,0
1789406123184868918,122655052,16,0,146388,0
1789406124214652622,118550908,84,0,146376,0
1789406125246228551,114410344,92,0,146376,0
1789406126275641485,109853056,232,0,146376,0
1789406127304525028,105847436,300,0,146376,0
1789406128335001125,101559632,68,40,146376,0
1789406129364436827,97421212,168,0,146376,0
1789406130393775852,93253096,188,0,146376,0
1789406131423566317,88872972,204,0,146376,0
1789406132455348349,84758256,248,0,146376,0
1789406133484978493,80161392,48,36,146376,0
1789406134513613077,76169624,68,0,146376,0
1789406135542775006,71865192,80,0,146376,0
1789406136571996134,67807892,280,0,146376,0
1789406137601571257,63562624,428,0,146376,0
1789406138630939968,59196392,468,0,146376,0
1789406139662334824,58711800,48,0,146376,0
1789406140689976632,58712760,76,0,146376,0
1789406141717922204,58722328,212,0,146376,0
1789406142746042407,58737080,4756,0,146376,0
1789406143773849847,58736876,0,28,146380,0
1789406144805335453,57624216,88,0,146380,0
1789406145839221028,56397720,108,0,146380,0
1789406146872956822,58778804,200,460,146380,0
1789406147907122516,58785768,796,0,146380,0
1789406148942064961,58770532,24,0,146380,0
1789406149977083270,58791904,72,0,146380,0
1789406151011160913,58801456,204,0,146380,0
1789406152043799136,58799580,240,0,146380,0
1789406153077982334,58800680,476,0,146380,0
1789406154111984126,58801276,48,0,146380,0
1789406155143061626,58799560,80,0,146380,0
1789406156175649653,58797096,92,0,146380,0
1789406157209662684,58795580,108,0,146380,0
1789406158233731609,58800828,432,0,146380,0
1789406159267159038,58796936,20,0,146380,0
1789406160297327243,58797712,176,0,146380,0
1789406161328588775,58799772,224,0,146380,0
1789406162362949499,58799476,240,0,146380,0
1789406163396189948,58793180,372,0,146380,0
1789406164430182067,58795564,32,0,146380,0
1789406165465370936,58792472,72,0,146380,0
1789406166499420757,58792216,88,0,146380,0
1789406167533770649,58794144,108,0,146380,0
1789406168568375772,58788404,252,0,146380,0
1789406169603186454,58784888,200,8,146380,0
1789406170637322550,58789624,208,0,146380,0
1789406171672455668,58787664,216,0,146380,0
1789406172708668768,58784036,268,0,146380,0
1789406173742555165,58783688,396,0,146380,0
1789406174775433669,58784724,20,0,146380,0
1789406175810427049,58786324,196,0,146380,0
1789406176844089852,58791140,216,0,146380,0
1789406177875841631,58785172,336,0,146380,0
1789406178909574395,58784644,384,0,146380,0
1789406179944817253,58785772,48,0,146380,0
1789406180977460392,58783380,76,0,146380,0
1789406182008969234,58786960,216,0,146380,0
1789406183041500407,58837032,356,0,146380,0
1789406184069405361,58871048,388,0,146380,0
1789406185103535651,58866124,44,0,146380,0
1789406186134101498,58866864,76,0,146380,0
1789406187165786900,58872412,100,0,146380,0
1789406188200863202,58865252,232,0,146380,0
1789406189234386728,58853948,376,0,146376,0
1789406190269031003,58881392,64,0,146376,0
1789406191315703019,58876476,272,0,146376,0
1789406192349898158,58877132,288,0,146376,0
1789406193384734289,58879900,436,0,146376,0
1789406194418118359,58879944,464,0,146376,0
1789406195449065990,58875652,172,0,146376,0
1789406196482407888,58891192,204,0,146376,0
1789406197516050831,58891920,244,0,146376,0
1789406198549241249,58884312,384,0,146376,0
1789406199583498890,58947504,412,0,146376,0
1789406200616843726,58948060,180,0,146376,0
1789406201650530451,58944592,480872,0,146376,0
1789406202680334357,58939964,1690784,0,146376,0
1789406203707157088,58945936,2745572,0,146376,0
1789406204737695570,58937800,3946304,4,146376,0
1789406205769725794,58901240,5097680,0,146376,0
1789406206800994305,58943996,5964744,7928,146376,0
1789406207834546521,58894840,6701672,8000,146376,0
1789406208869414531,58932304,7556600,5740,146376,0
1789406209902622787,58936508,8492400,10364,146376,0
1789406210935046373,58942804,9163300,8192,146376,0
1789406211968783947,58932144,9731048,8528,146376,0
1789406212997220312,58925208,9097444,11216,146376,0
1789406214027325551,58917856,9348192,9936,146376,0
1789406215055230650,58919864,8867564,13592,146376,0
1789406216085829757,58912428,9612684,11904,146376,0
1789406217119715608,58916472,10374424,11288,146376,0
1789406218153985605,58911468,10688748,8192,146376,0
1789406219188175633,58910848,10722496,16000,146376,0
1789406220220999554,58920908,10734448,3804,146376,0
1789406221253150175,58908076,10742872,14008,146376,0
1789406222287285769,58905800,10792324,400,146376,0
1789406223321155508,58911960,10759652,14012,146376,0
1789406224352505115,58910624,10723060,6020,146376,0
1789406225383805803,58896252,10716988,4096,146376,0
1789406226418178930,58906476,10732984,12816,146376,0
1789406227451041830,58905532,10728988,8192,146376,0
1789406228485874104,58901784,10717240,5960,146376,0
1789406229519490225,58907056,10833672,6768,146376,0
1789406230552021768,58902108,10910676,16512,146376,0
1789406231585453991,58917640,10894184,7608,146376,0
1789406232616919657,58910564,10972884,5680,146376,0
1789406233648950778,58898852,10848024,5824,146376,0
1789406234680686364,58912368,10753440,8192,146376,0
1789406235713514130,58906964,10766912,8044,146376,0
1789406236746240428,58903260,10656568,7408,146376,0
1789406237779265771,58901112,10728764,10672,146376,0
1789406238811727309,58906964,10698872,5540,146376,0
1789406239842689341,58903012,10632704,7188,146376,0
1789406240871182147,58896036,10562960,4420,146376,0
1789406241902628374,58892340,10427376,6788,146376,0
1789406243002975294,58860564,10251728,10712,146376,0
1789406244034743133,58902752,10306136,5500,146376,0
1789406245068511737,58894188,10280020,11328,146376,0
1789406246101021425,58909804,10297112,11352,146376,0
1789406247132126303,58873260,10228368,15028,146376,0
1789406248164906389,58898656,10336160,4476,146376,0
1789406249196429718,58887408,10220004,14716,146376,0
1789406250250837575,58870484,10260292,6492,146376,0
1789406251285057899,58863252,10268852,7508,146376,0
1789406252315760604,58881096,10313348,6892,146376,0
1789406253347402277,58872992,10300112,5976,146376,0
1789406254380171324,58876240,10273472,8192,146376,0
1789406255412934062,58857208,10277944,7796,146376,0
1789406256444681270,58880508,10221556,6780,146376,0
1789406257475296322,58858964,10207820,18592,146376,0
1789406258504980518,58862432,10208080,10928,146376,0
1789406259565039608,58862728,10247604,6800,146376,0
1789406260617770660,58859740,10187268,6404,146376,0
1789406261649317338,58854552,10210404,9040,146376,0
1789406262679836892,58855976,10040116,11816,146376,0
1789406263709697986,58848464,10199092,3260,146376,0
1789406264742822948,58866532,10231280,11648,146376,0
1789406265775427039,58853804,10182916,7680,146376,0
1789406266808443114,58849360,10141232,19832,146376,0
1789406267848302141,58852004,10137420,9848,146376,0
1789406268896566304,58810968,10129780,7440,146376,0
1789406269928432525,58849732,10173132,8192,146376,0
1789406270959345878,58807488,10204832,7688,146376,0
1789406271991171866,58828772,10236684,7728,146376,0
1789406273022862402,58841260,10251140,7580,146376,0
1789406274054434937,58810112,10311744,5040,146376,0
1789406275080933518,58840300,10282680,6764,146376,0
1789406276109942657,58841908,10263912,3684,146376,0
1789406277137936217,58833308,10311660,3956,146376,0
1789406278168833692,58829836,10247276,4348,146376,0
1789406279198810172,58829348,10247020,8176,146376,0
1789406280231337611,58824484,10205480,3716,146376,0
1789406281261611286,58824112,10144672,6120,146376,0
1789406282294028147,58829264,10207036,7212,146376,0
1789406283326565486,58826224,10195140,4312,146376,0
1789406284358854828,58826096,10243284,7696,146376,0
1789406285390512634,58820196,10262864,3800,146376,0
1789406286421764987,58818804,10246972,7160,146376,0
1789406287454407505,58817640,10239904,7848,146376,0
1789406288484881889,58818352,10229468,5012,146376,0
1789406289515697643,58812624,10164772,6504,146376,0
1789406290547418648,58815864,10138724,5548,146376,0
1789406291576932269,58809476,10072296,8192,146376,0
1789406292607641245,58822840,10243788,3780,146376,0
1789406293636289426,58823660,10180820,6480,146376,0
1789406294666232933,58816476,10167792,7136,146376,0
1789406295698061189,58815048,10162984,4884,146376,0
1789406296727632661,58816224,10097564,12372,146376,0
1789406297756087184,58814628,10099780,16080,146376,0
1789406298787045332,58814044,10123468,2788,146376,0
1789406299815824363,58811960,10153240,4004,146376,0
1789406300846110503,58810328,10061576,14636,146376,0
1789406301874702382,58816196,10192752,5912,146376,0
1789406302905180843,58811856,10262976,4536,146376,0
1789406303936334396,58809748,10212268,4188,146376,0
1789406304967899354,58812464,10248512,11636,146376,0
1789406305999879991,58806472,10259440,6884,146376,0
1789406307033225168,58808252,10299964,5560,146376,0
1789406308066327130,58808184,10300412,13588,146376,0
1789406309098314281,58799828,10272488,9108,146376,0
1789406310126978351,58822676,10234412,5004,146376,0
1789406311158741475,58809780,10198544,16512,146376,0
1789406312190324970,58807908,10148712,7304,146376,0
1789406313221417742,58806096,10166368,7564,146376,0
1789406314252917634,58803360,10139660,8380,146376,0
1789406315284443535,58793204,10162384,9940,146376,0
1789406316315714152,58798684,10113796,5528,146376,0
1789406317348571855,58794272,10195796,7224,146376,0
1789406318378507434,58791256,10152188,8360,146376,0
1789406319411738844,58795096,10125136,8352,146376,0
1789406320444679645,58803840,10206344,7824,146376,0
1789406321474952392,58801004,10173728,5016,146376,0
1789406322504399724,58794340,10153412,6916,146376,0
1789406323534021895,58787036,10140888,5620,146376,0
1789406324567647586,58791380,10145920,9728,146376,0
1789406325599609801,58794624,10158336,8272,146376,0
1789406326630910071,58786304,10138040,7692,146376,0
1789406327662076612,58794560,10136632,7500,146376,0
1789406328690078881,58785340,10110488,7712,146376,0
1789406329722795673,58797424,10210864,6252,146376,0
1789406330755333452,58793988,10158284,8192,146376,0
1789406331787623752,58797836,10106644,12848,146376,0
1789406332820927593,58792680,10132872,5116,146376,0
1789406333854159617,58779072,10132768,8192,146376,0
1789406334885947520,58754016,10202864,5008,146376,0
1789406335919424010,58788552,10165504,5592,146376,0
1789406336949678741,58780936,10144724,4536,146376,0
1789406337980889079,58762232,10182664,2176,146376,0
1789406339013177130,58755948,10066344,8192,146376,0
1789406340045480355,58780684,10159116,7824,146376,0
1789406341078253224,58783444,10150664,8196,146376,0
1789406342109948824,58776256,10100388,7972,146376,0
1789406343149517819,58802008,10075228,7696,146376,0
1789406344180851691,58787144,10055116,8192,146376,0
1789406345212744073,58762684,10129408,6896,146376,0
1789406346243315503,58779740,10140272,8192,146376,0
1789406347275990761,58777332,10179212,8768,146376,0
1789406348305872594,58765312,10145988,8192,146376,0
1789406349337604321,58772728,10144940,4752,146376,0
1789406350369498576,58771928,10126316,6400,146376,0
1789406351402137778,58780896,10135828,3348,146376,0
1789406352433042809,58769716,10115556,4232,146376,0
1789406353462366011,58769536,10018836,8460,146376,0
1789406354494305758,58776260,10076460,11520,146376,0
1789406355529471051,58738712,10072880,6076,146376,0
1789406356561844151,58713524,10074720,7660,146376,0
1789406357593290351,58543052,9900052,8192,146376,0
1789406358625346824,57615708,9773768,12408,146376,0
1789406359657119606,56719464,9650608,6172,146376,0
1789406360688668623,58776164,9260912,8192,146376,0
1789406361718461694,58770656,9555160,5672,146376,0
1789406362748569378,58771876,9481032,6020,146376,0
1789406363776392926,58752900,8850968,5040,146376,0
1789406364808673296,58749596,8163952,8192,146376,0
1789406365838305751,58745452,7548936,12760,146376,0
1789406366865746081,58743184,6937764,11792,146376,0
1789406367893048888,58739224,6337220,8192,146376,0
1789406368921824378,58735832,5667056,10724,146376,0
1789406369948935151,58732708,5028564,14484,146376,0
1789406370977198794,58729636,4391048,4976,146376,0
1789406372004744922,58726028,3776632,2524,146376,0
1789406373033093238,58723148,3195424,2116,146376,0
1789406374061752654,58724248,2636076,8192,146376,0
1789406375093103181,58722092,2122348,7920,146376,0
1789406376123617991,58718932,1633468,8192,146376,0
1789406377154396972,58716604,1324088,24576,146376,0
1789406378185089605,58715464,881748,8192,146376,0
1789406379215901011,58711752,432352,7048,146376,0
1789406380246482158,58710416,296116,0,146376,0
1789406381275766575,58731392,1936268,0,146376,0
1789406382304416526,58741900,2990384,0,146376,0
1789406383333105746,58740968,2945068,49428,146376,0
1789406384363510487,58736808,2539748,8168,146376,0
1789406385393935677,58734288,2111388,2728,146376,0
1789406386424775943,58734872,1678888,35332,146376,0
1789406387456479722,58729952,1206740,5368,146376,0
1789406388487199556,58727484,510532,2928,146376,0
1789406389517389342,58735648,992428,0,146376,0
1789406390546012292,58750268,2009612,0,146376,0
1789406391575056167,58752132,3588160,0,146376,0
1789406392603811157,58750660,4670012,0,146376,0
1789406393633276673,58749596,5744460,3024,146376,0
1789406394662245582,58744848,5834804,13516,146376,0
1789406395693438504,58745900,5996368,4148,146376,0
1789406396722336351,58743104,5566660,8196,146376,0
1789406397753426791,58739728,4930900,13224,146376,0
1789406398784195707,58739824,4396284,9192,146376,0
1789406399814580813,58734636,3977760,15376,146376,0
1789406400845066873,58731728,3470208,16388,146376,0
1789406401877178157,58734176,3174624,6700,146376,0
1789406402907634354,58730156,2750952,1684,146376,0
1789406403938964920,58727904,2202200,3716,146376,0
1789406404970507223,58724296,1740672,3196,146376,0
1789406406000722704,58721148,1153260,4116,146376,0
1789406407030365009,58724020,1054672,0,146376,0
1789406408056556024,58734208,2482588,0,146376,0
1789406409085082079,58725812,3901872,0,146376,0
1789406410113706701,58773852,5142980,0,146376,0
1789406411142413146,58773040,5664944,0,146376,0
1789406412172285631,58767752,6103640,1564,146376,0
1789406413202831038,58759824,5781968,4936,146376,0
1789406414231454999,58758276,5538624,3332,146376,0
1789406415262015698,58763496,5642360,0,146376,0
1789406416291011094,58759968,5972128,2056,146376,0
1789406417319373497,58757580,5744424,4116,146376,0
1789406418347142891,58752964,5514824,3116,146376,0
1789406419377851555,58749540,4827296,8196,146376,0
1789406420407466105,58748608,4198292,4940,146376,0
1789406421435951802,58746496,3580636,16904,146376,0
1789406422466472668,58750420,3117520,2508,146376,0
1789406423496683097,58743904,2464948,3032,146376,0
1789406424526890599,58746328,1814040,7100,146376,0
1789406425556183037,58747196,1441828,3372,146376,0
1789406426586092491,58743300,942120,1240,146376,0
1789406427616121219,58748080,1450608,0,146376,0
1789406428641517806,58745624,2482384,0,146376,0
1789406429668087883,58759956,4065500,0,146376,0
1789406430696020308,58756756,5142768,0,146376,0
1789406431725094982,58748776,5632920,828,146376,0
1789406432754117222,58747608,6196032,7136,146376,0
1789406433784732967,58743260,5584576,1556,146376,0
1789406434815348681,58737960,5646616,488,146376,0
1789406435845793733,58748664,5675212,0,146376,0
1789406436875411595,58742376,6046876,56468,146376,0
1789406437905700804,58741400,5646636,268,146376,0
1789406438934314735,58735008,5612936,2228,146376,0
1789406439962553845,58735068,5065556,2252,146376,0
1789406440992983375,58733356,4588296,1864,146376,0
1789406442023849714,58735868,4214264,4400,146376,0
1789406443054021104,58729232,3624648,3148,146376,0
1789406444084508656,58741272,3559772,0,146376,0
1789406445113836093,58751688,4979060,0,146376,0
1789406446141947639,58734520,5760584,271152,146376,0
1789406447169617851,58742232,5767128,1132,146376,0
1789406448197847118,58737780,5774724,2520,146376,0
1789406449224958652,58743644,5808504,5480,146376,0
1789406450253633781,58700164,5980180,2628,146376,0
1789406451280458266,58737312,5794996,4308,146376,0
1789406452308883095,58730676,5463644,2772,146376,0
1789406453339010897,58728420,4903688,1752,146376,0
1789406454369410331,58724188,4385436,3256,146376,0
1789406455399587066,58730160,3985544,1920,146376,0
1789406456426366527,58723744,3412320,2480,146376,0
1789406457457050129,58721480,2950604,1824,146376,0
1789406458487388751,58716544,2462164,3028,146376,0
1789406459517426838,58713352,3423540,0,146376,0
1789406460545003809,58726060,4196780,0,146376,0
1789406461574280631,58718524,5596328,57528,146376,0
1789406462602245364,58717256,6088544,18960,146376,0
1789406463630193896,58705372,5759116,4220,146376,0
1789406464658374881,58707632,5834120,2084,146376,0
1789406465687070878,58706920,5744420,8620,146376,0
1789406466714590577,58697156,6332864,41340,146376,0
1789406467740803257,58700152,5884636,8284,146376,0
1789406468771324414,58711916,5779272,2896,146376,0
1789406469799586557,58707032,5398824,2444,146376,0
1789406470829757060,58700456,4700488,8308,146376,0
1789406471859846215,58703456,4131396,1540,146376,0
1789406472890377309,58697520,3516732,4396,146376,0
1789406473920524249,58698040,3140764,11220,146376,0
1789406474950781731,58691184,2626752,5672,146376,0
1789406475981459785,58692352,2013664,6316,146376,0
1789406477011228453,58706736,1630732,4092,146376,0
1789406478041316113,58699500,1119680,3060,146376,0
1789406479071195821,58700960,768292,312,146376,0
1789406480101604923,58736632,2256112,0,146376,0
1789406481130191871,58730336,3428676,0,146376,0
1789406482159580219,58727324,4605936,0,146376,0
1789406483187251963,58731880,5534884,45732,146376,0
1789406484218216823,58740516,6359004,30584,146376,0
1789406485329141080,58720824,5693084,3564,146376,0
1789406486357591882,58712260,5740840,2724,146376,0
1789406487386896149,58721856,5605744,8676,146376,0
1789406488417250344,58721672,6241560,11640,146368,0
1789406489445744804,58718500,5741184,2440,146368,0
1789406490475026585,58713892,5187324,2840,146368,0
1789406491502620214,58710908,4679388,7060,146368,0
1789406492533285751,58707876,3976524,2696,146368,0
1789406493563732553,58707184,3316256,8528,146368,0
1789406494594190964,58703000,3030880,172,146368,0
1789406495630923843,58707076,4282516,0,146368,0
1789406496659582381,58712928,5273972,0,146368,0
1789406497689215785,58710196,5660140,4296,146368,0
1789406498719180635,58704196,5636780,19864,146368,0
1789406499748039016,58703244,5491644,1052,146368,0
1789406500776726407,58701328,4982812,1752,146368,0
1789406501807425960,58697804,4381104,2612,146368,0
1789406502837740611,58696496,3813964,7876,146368,0
1789406503868825291,58693360,3250688,8888,146368,0
1789406504899662521,58699416,2699936,6180,146368,0
1789406505930890541,58698568,2150348,2040,146368,0
1789406506962067967,58700540,1552544,2460,146368,0
1789406507993193093,58705196,1039304,6268,146368,0
1789406509023848905,58700396,498208,14244,146368,0
1789406510054737688,58706420,137048,0,146368,0
1789406511083697753,58704140,1714664,0,146368,0
1789406512114158509,58702248,3088752,0,146368,0
1789406513142366809,58707672,4198476,0,146368,0
1789406514171499350,58729312,5143060,0,146368,0
1789406515200739630,58713736,5579132,1532,146364,0
1789406516228586577,58712208,5578944,10428,146364,0
1789406517259591632,58711276,4911712,4100,146364,0
1789406518290857424,58709320,4306236,1052,146364,0
1789406519322353471,58705244,3684960,3908,146364,0
1789406520353311357,58705100,3156392,16864,146364,0
1789406521384484026,58701464,2639704,7696,146364,0
1789406522415523916,58697088,2044576,1304,146364,0
1789406523446019644,58688996,1608132,1824,146364,0
1789406524476521630,58701600,1042884,8196,146364,0
1789406525506910774,58711652,880728,0,146364,0
1789406526535176245,58713004,2482524,0,146364,0
1789406527564933182,58710964,3888868,0,146364,0
1789406528593394217,58716128,5120060,0,146364,0
1789406529621448667,58821596,5533892,7664,146364,0
1789406530652694246,59027960,5624004,252,146364,0
1789406531732136131,59080360,6088488,7560,146364,0
1789406532886451269,59197292,5746712,556,146364,0
1789406533915410129,59235780,5704972,3284,146364,0
1789406534945869295,59269424,5423268,4132,146364,0
1789406535976600881,59266612,4851972,4100,146364,0
1789406537007009534,59262444,4506684,1036,146364,0
1789406538037406344,59301640,4101112,1804,146364,0
1789406539069220503,59310948,3566920,3060,146364,0
1789406540100139575,59306580,2969936,2376,146364,0
1789406541130739658,59304404,2448392,2060,146364,0
1789406542161456743,59353020,1863588,10724,146364,0
1789406543191927946,59507472,2375348,0,146364,0
1789406544219902023,59677832,3428760,23640,146364,0
1789406545247233075,59728640,4506020,0,146364,0
1789406546276761596,59744460,5449568,0,146364,0
1789406547305746083,59738864,5687288,1140,146364,0
1789406548334413526,59734744,5776348,5924,146364,0
1789406549365053544,59734580,5648772,2060,146364,0
1789406550395061929,59732992,6281648,25704,146364,0
1789406551422207357,59727916,5722548,188,146364,0
1789406552452610090,59726788,5728352,16388,146364,0
1789406553482145034,59722540,5186244,3596,146364,0
1789406554512431306,59719744,4586704,2524,146364,0
1789406555542507234,59714928,3993264,4668,146364,0
1789406556572422837,59712364,3440932,16360,146364,0
1789406557602445754,59711680,2874832,13172,146364,0
1789406558630400587,59704364,2223560,8888,146364,0
1789406559660203926,59652172,2187592,0,146364,0
1789406560690170201,59597624,2187612,0,146364,0
1789406561719701586,59528612,2187616,0,146364,0
1789406562750113574,59469944,2187648,0,146364,0
1789406563779510244,59396336,2187656,0,146364,0
1789406564809798513,59337724,2187676,0,146364,0
1789406565840564105,59302996,2187688,0,146364,0
1789406566868046895,59332320,2187712,0,146364,0
1789406567895730404,59351940,2187724,0,146364,0
1789406568923434180,59376212,2187736,0,146364,0
1789406569951399255,59401368,2187756,0,146364,0
1789406570977362619,59412044,1857272,89084,146364,0
1789406572006441314,59406548,615904,705096,146364,0
1789406573034569792,59407880,567836,114940,146364,0
1789406574064737941,59407276,552,51812,146364,0
1789406575095391643,59319408,656,0,146364,0
1789406576122170118,59193620,668,0,146364,0
1789406577148598901,59192140,704,0,146364,0
1789406578175022290,59192164,716,0,146364,0
1789406579201278363,59191196,236,16,146364,0
1789406580228253317,59190980,248,0,146364,0
1789406581254861529,59189272,276,0,146364,0
1789406582281270806,59188540,368,0,146364,0
1789406583308100639,59187844,384,0,146364,0
1789406584334725584,59186392,220,0,146364,0
1789406585361426267,59184932,244,0,146364,0
1789406586387805921,59183188,252,0,146364,0
1789406587414375934,59182208,288,0,146364,0
1789406588440952628,59184008,304,0,146364,0
1789406589467372236,59182280,312,0,146364,0
1789406590494653619,59180548,320,0,146364,0
1789406591524674206,59212112,344,0,146364,0
1789406592552912056,59207268,376,0,146364,0
1789406593580753793,59204336,400,0,146364,0
1789406594608554595,59201328,404,0,146364,0
1789406595635924520,59197876,424,0,146364,0
1789406596664510012,59195924,436,0,146364,0
1789406597694197024,59193200,460,0,146364,0
1789406598721409008,59189520,480,0,146364,0
1789406599751338003,59186536,496,0,146364,0
1789406600781067425,59186144,508,0,146364,0
1789406601809024123,59182188,524,0,146364,0
1789406602838710416,59180708,552,0,146364,0
1789406603866444401,59178736,560,0,146364,0
1789406604894299974,59176744,16,0,146364,0
1789406605923822000,59175744,64,0,146364,0
1789406606948348102,59173004,216,0,146364,0
1789406607978410849,59170760,232,0,146364,0
1789406609007658593,59169004,248,0,146364,0
1789406610034714800,59167012,4,0,146364,0
1789406611064005622,59163512,60,0,146364,0
1789406612093276497,59162264,188,0,146364,0
1789406613120758845,59162324,204,0,146364,0
1789406614150523772,59163592,224,0,146364,0
1789406615177959068,59162364,240,0,146364,0
1789406616206659053,59160612,68,0,146364,0
1789406617236124076,59160160,192,0,146364,0
1789406618263318991,59158920,204,0,146364,0
1789406619292652244,59157488,216,0,146364,0
1789406620322077565,59156248,248,0,146364,0
1789406621348826537,59141224,60,0,146364,0
1789406622376653613,59116700,188,0,146364,0
1789406623405134577,59112308,208,0,146364,0
1789406624431566933,59102912,228,0,146364,0
1789406625458065407,59099216,8,76,146364,0
1789406626484995138,59094340,56,0,146364,0
1789406627511933794,59089644,192,0,146364,0
1789406628538497260,59086624,208,0,146364,0
1789406629565511434,59112476,220,0,146364,0
1789406630594488304,59110140,312,0,146364,0
1789406631624886945,59106664,60,0,146364,0
1789406632655237023,59101536,324,0,146364,0
1789406633686065880,59099032,340,0,146364,0
1789406634716372155,59097036,376,0,146364,0
1789406635746435596,59095032,0,76,146364,0
1789406636777004491,59091108,56,0,146364,0
1789406637807542244,59088112,192,0,146364,0
1789406638837521945,59086616,204,0,146364,0
1789406639867664554,59084356,220,0,146364,0
1789406640897903966,59082120,4,0,146364,0
1789406641927827747,59080156,176,0,146364,0
1789406642957804850,59079932,196,0,146364,0
1789406643987980446,59079200,208,0,146364,0
1789406645018020043,59077956,224,0,146364,0
1789406646047714217,59075740,4,0,146364,0
1789406647077243843,59077072,160,0,146364,0
1789406648107224273,59076632,188,0,146364,0
1789406649137686145,59075972,200,0,146364,0
1789406650168014204,59077532,212,0,146364,0
1789406651198935297,59078564,4,0,146364,0
1789406652229133770,59079924,160,0,146364,0
1789406653257799200,59066572,176,0,146364,0
1789406654285726166,59021856,196,0,146364,0
1789406655312768954,59019352,216,0,146364,0
1789406656339429739,59016856,232,0,146364,0
1789406657366059114,59014136,176,0,146364,0
1789406658392699035,59011920,208,0,146364,0
1789406659419574406,59011220,216,0,146364,0
1789406660447068283,59009688,232,0,146364,0
1789406661474089200,59007452,240,0,146364,0
1789406662500787703,59006964,168,0,146364,0
1789406663527392972,59005756,196,0,146364,0
1789406664554096630,59005780,208,0,146364,0
1789406665581112644,59003020,224,0,146364,0
1789406666608046401,59003352,236,0,146364,0
1789406667634939252,59000872,152,0,146364,0
1789406668661420033,59000996,164,0,146364,0
1789406669688145405,58998252,192,0,146364,0
1789406670714887775,58996576,204,0,146364,0
1789406671741879696,58996104,228,0,146364,0
1789406672768878122,58994400,152,0,146364,0
1789406673795812068,58993416,184,0,146364,0
1789406674822474559,58991756,200,0,146364,0
1789406675849217628,58991068,212,0,146364,0
1789406676875967980,58991128,232,0,146364,0
1789406677902771296,58991444,48,0,146364,0
1789406678929919195,58991228,68,0,146364,0
1789406679957025573,58991796,92,0,146364,0
1789406680983919098,58991316,108,0,146364,0
1789406682010787813,58990336,0,0,146364,0
1789406683037611881,58990676,60,0,146364,0
1789406684064181557,58991968,84,0,146364,0
1789406685090341788,58991728,96,0,146364,0
1789406686117027482,58991744,112,0,146364,0
1789406687143937173,58991012,224,0,146364,0
1789406688170896448,58992040,56,0,146364,0
1789406689197865907,58992564,76,0,146364,0
1789406690224565768,58992108,96,0,146364,0
1789406691250977548,58991664,104,0,146364,0
1789406692277585111,58988080,224,0,146364,0
1789406693304400028,58987704,60,0,146364,0
1789406694331598379,58990564,84,0,146364,0
1789406695360903960,58991604,100,0,146364,0
1789406696388872724,58992132,112,0,146364,0
1789406697415361264,58994708,4,0,146364,0
1789406698442731932,58995784,60,0,146364,0
1789406699472121507,58995376,76,0,146364,0
1789406700498673529,58995432,96,0,146364,0
1789406701525805431,58997292,112,0,146364,0
1789406702554966644,58998668,0,76,146364,0
1789406703583072381,58999240,56,0,146364,0
1789406704609860987,58998056,80,0,146364,0
1789406705637101492,58999108,92,0,146364,0
1789406706666548422,58996452,100,0,146364,0
1789406707693534870,58994368,352,0,146364,0
1789406708721126860,58991500,64,0,146364,0
1789406709750759653,58990072,204,0,146364,0
1789406710779668693,58991908,224,0,146364,0
1789406711806279798,58989912,256,0,146364,0
1789406712833349856,58989188,0,0,146364,0
1789406713862687209,58988452,52,0,146364,0
1789406714886370236,58987996,84,0,146364,0
1789406715912945554,58987080,104,0,146364,0
1789406716940702792,58985144,116,0,146364,0
1789406717970003401,58984628,16,0,146364,0
1789406718996566591,58984780,212,0,146364,0
1789406720023939915,58983780,260,0,146364,0
1789406721053528781,58982348,276,0,146364,0
1789406722080374370,58984292,424,0,146364,0
1789406723106924267,58984824,4,0,146364,0
1789406724135125059,58984148,60,0,146364,0
1789406725164487165,58981712,88,0,146364,0
1789406726190740080,58981252,104,0,146364,0
1789406727217466623,58981848,244,0,146364,0
1789406728246616377,58983184,0,84,146364,0
1789406729273083300,58982716,56,0,146364,0
1789406730299951838,58983532,76,0,146364,0
1789406731328063046,58983336,88,0,146364,0
1789406732357974010,58983412,212,0,146364,0
1789406733384706746,58981932,4,0,146364,0
1789406734411407273,58980240,56,0,146364,0
1789406735441051604,58980856,84,0,146364,0
1789406736468154955,58982700,96,0,146364,0
1789406737494917499,58982728,204,0,146364,0
1789406738522778448,58981996,4,52,146364,0
1789406739551602178,58982044,72,0,146364,0
1789406740578308692,58984352,84,0,146364,0
1789406741605539136,58983896,100,0,146364,0
1789406742634579324,58981420,212,0,146364,0
1789406743661801469,58981752,228,0,146364,0
1789406744687709049,58980100,56,0,146364,0
1789406745715050563,58980600,76,0,146364,0
1789406746744534182,58980112,92,0,146364,0
1789406747771299392,58980144,204,0,146364,0
1789406748798371369,58979720,220,0,146364,0
1789406749828154334,58981428,52,0,146364,0
1789406750855643846,58981772,80,0,146364,0
1789406751882497207,58981844,188,0,146364,0
1789406752909930316,58979628,200,0,146364,0
1789406753936354992,58978468,232,0,146364,0
1789406754962633325,58979028,56,0,146364,0
1789406755989235932,58979100,224,0,146364,0
1789406757015855869,58978668,356,0,146364,0
1789406758042469031,58981484,400,0,146364,0
1789406759069289619,58982028,352,76,146364,0
1789406760096034040,58984052,48,0,146364,0
1789406761122466073,58982824,80,0,146364,0
1789406762149017961,58983364,212,0,146364,0
1789406763175674413,58982144,236,0,146364,0
1789406764202398955,58981924,0,0,146364,0
1789406765229439426,58982448,60,0,146364,0
1789406766256026364,58981472,76,0,146364,0
1789406767282685713,58981280,192,0,146364,0
1789406768309353043,58980800,212,0,146364,0
1789406769335771641,58980576,220,0,146364,0
1789406770362466252,58979832,52,0,146364,0
1789406771389247364,58978184,88,0,146364,0
1789406772416141608,58976496,204,0,146364,0
1789406773442681740,58975252,220,0,146364,0
1789406774469471349,58976044,232,0,146364,0
1789406775496090398,58974828,64,0,146364,0
1789406776522936428,58974620,76,0,146364,0
1789406777549679517,58975660,192,0,146364,0
1789406778576359109,58974680,204,0,146364,0
1789406779603127512,58974432,12,0,146364,0
1789406780629922460,58976460,40,0,146364,0
1789406781656728023,58976104,80,0,146364,0
1789406782683408883,58976152,188,0,146364,0
1789406783709824524,58974724,208,0,146364,0
1789406784736623416,58975032,0,40,146364,0
1789406785763229157,58980616,72,0,146364,0
1789406786789318769,58980888,76,0,146364,0
1789406787816233236,58980172,204,0,146364,0
1789406788842741412,58980484,212,0,146364,0
1789406789869417667,58979532,236,0,146364,0
1789406790896159967,58978868,60,0,146364,0
1789406791922630164,58978148,204,0,146364,0
1789406792949235532,58977668,212,0,146364,0
1789406793975896801,58979204,236,0,146364,0
1789406795002416822,58980504,0,84,146364,0
1789406796028837061,58980312,76,0,146364,0
1789406797055450545,58981380,204,0,146364,0
1789406798082201534,58979168,220,0,146364,0
1789406799108541146,58979580,236,0,146364,0
1789406800135130477,58977864,184,4,146364,0
1789406801161899646,58978388,60,0,146364,0
1789406802188504485,58977416,196,0,146364,0
1789406803215246544,58978300,384,0,146364,0
1789406804242087507,58977060,396,0,146364,0
1789406805268698092,58977596,4,68,146364,0
1789406806295541211,58977896,180,0,146364,0
1789406807322364678,58977696,196,0,146364,0
1789406808349122162,58977232,220,0,146364,0
1789406809376304363,58976848,224,0,146364,0
1789406810404688621,58976420,164,0,146364,0
1789406811432115601,58976932,44,0,146364,0
1789406812461923280,58976004,200,0,146364,0
1789406813489246776,58976316,212,0,146364,0
1789406814518349520,58976340,232,0,146364,0
1789406815545159662,58973856,0,76,146364,0
1789406816571875210,58972656,68,0,146364,0
1789406817598204426,58972692,200,0,146364,0
1789406818625223971,58972212,208,0,146364,0
1789406819653490650,58972508,228,0,146364,0
1789406820680775072,58971532,248,0,146364,0
1789406821710437594,58971804,168,0,146364,0
1789406822737107535,58971816,188,0,146364,0
1789406823764275254,58970556,216,0,146364,0
1789406824790864182,58970072,224,0,146364,0
1789406825817452117,58970344,236,0,146364,0
1789406826843971401,58969624,160,0,146364,0
1789406827870988574,58969956,188,0,146364,0
1789406828900582721,58970280,208,0,146364,0
1789406829928053656,58968784,224,0,146364,0
1789406830957515349,58968548,248,0,146364,0
1789406831984195427,58968836,156,0,146364,0
1789406833010972286,58967136,184,0,146364,0
1789406834037525826,58967916,200,0,146364,0
1789406835063885947,58968696,216,0,146364,0
1789406836090689079,58967712,228,0,146364,0
1789406837117623718,58966528,164,0,146364,0
1789406838146527011,58965328,192,0,146364,0
1789406839173823610,58964916,204,0,146364,0
1789406840203024552,58963964,216,0,146364,0
1789406841229664808,58964020,244,0,146364,0
1789406842256741302,58963052,164,0,146364,0
1789406843283059958,58963080,188,0,146364,0
1789406844310182071,58962364,204,0,146364,0
1789406845337831442,58962412,216,0,146364,0
1789406846365307551,58964476,228,0,146364,0
1789406847394881390,58964812,168,0,146364,0
1789406848422105161,58966884,184,0,146364,0
1789406849451560247,58967912,196,0,146364,0
1789406850478328895,58967516,212,0,146364,0
1789406851504853163,58968040,220,0,146364,0
1789406852531453797,58967332,164,0,146364,0
1789406853558430376,58967116,176,0,146364,0
1789406854588050708,58965424,196,0,146364,0
1789406855615024305,58965456,212,0,146364,0
1789406856642484157,58964224,232,0,146364,0
1789406857669628285,58964508,164,0,146364,0
1789406858692508635,58964320,192,0,146364,0
1789406859718585902,58963344,204,0,146364,0
1789406860744814889,58961896,216,0,146364,0
1789406861771140005,58960924,232,0,146364,0
1789406862798294344,58959964,56,0,146364,0
1789406863827642328,58959728,88,0,146364,0
1789406864854579580,58960540,100,0,146364,0
1789406865883949786,58962176,124,0,146364,0
1789406866910902613,58962948,0,80,146364,0
1789406867938094023,58961608,204,0,146364,0
1789406868964703406,58960976,252,0,146364,0
1789406869991581415,58963076,284,0,146364,0
1789406871018726565,58964472,448,0,146364,0
1789406872045562906,58964520,236,0,146364,0
1789406873074249455,58963288,68,0,146364,0
1789406874101327602,58960348,80,0,146364,0
1789406875130105482,58960156,100,0,146364,0
1789406876156301623,58959200,108,0,146364,0
1789406877182267134,58958768,0,0,146364,0
1789406878208448983,58958332,72,0,146364,0
1789406879235143214,58956888,84,0,146364,0
1789406880263114259,58957508,248,0,146364,0
1789406881290667108,58960080,284,0,146364,0
1789406882320440992,58963384,4,244,146364,0
1789406883347670533,58964088,196,0,146364,0
1789406884377517663,58898604,208,0,146364,0
1789406885404316521,58897928,232,0,146364,0
1789406886431297147,58896984,244,0,146364,0
1789406887458101640,58896272,0,0,146364,0
1789406888484750911,58896392,48,0,146364,0
1789406889511899477,58896672,76,0,146364,0
1789406890538990899,58895692,96,0,146364,0
1789406891568641518,58895236,104,0,146364,0
1789406892599023842,58894500,228,0,146364,0
1789406893630017187,58893808,56,0,146364,0
1789406894660731703,58893184,92,0,146364,0
1789406895691140180,58893408,272,0,146364,0
1789406896721547178,58892852,304,0,146364,0
1789406897751870322,58891652,440,0,146364,0
1789406898782125045,58889892,52,0,146364,0
1789406899812488184,58891168,76,0,146364,0
1789406900842790862,58890748,88,0,146364,0
1789406901873313607,58888504,108,0,146364,0
1789406902903566238,58890340,268,0,146364,0
1789406903934923820,58890608,52,0,146364,0
1789406904965938721,58891932,84,0,146364,0
1789406905996783622,58892716,100,0,146364,0
1789406907027020023,58891008,216,0,146364,0
1789406908057263108,58889264,240,0,146364,0
1789406909087395425,58887524,56,0,146364,0
1789406910117499273,58886568,76,0,146364,0
1789406911148426864,58885360,88,0,146364,0
1789406912179311312,58885624,208,0,146364,0
1789406913209722586,58884948,64,0,146364,0
1789406914236379884,58886728,56,0,146364,0
1789406915263680020,58887788,88,0,146364,0
1789406916290549350,58887804,104,0,146364,0
1789406917317573748,58888076,220,0,146364,0
1789406918344874001,58888628,0,0,146364,0
1789406919372568336,58887396,64,0,146364,0
1789406920403406004,58888424,80,0,146364,0
1789406921433174813,58887464,96,0,146364,0
1789406922462847446,58887748,224,0,146364,0
1789406923492876594,58888016,240,0,146364,0
1789406924523188398,58888032,60,0,146364,0
1789406925554335450,58886096,92,0,146364,0
1789406926585908083,58886880,104,0,146364,0
1789406927617140444,58885728,224,0,146364,0
1789406928647236103,58886084,0,80,146364,0
1789406929676433644,58888164,68,0,146364,0
1789406930706496808,58887724,80,0,146364,0
1789406931736276958,58888548,92,0,146364,0
1789406932765995244,58890152,224,0,146364,0
1789406933795513106,58890984,0,0,146364,0
1789406934825600908,58891300,52,0,146364,0
1789406935855309327,58892876,84,0,146364,0
1789406936884764153,58893144,196,0,146364,0
1789406937914306947,58892928,212,0,146364,0
1789406938944304448,58892464,232,0,146364,0
1789406939974180161,58892296,56,0,146364,0
1789406941004303753,58890600,88,0,146364,0
1789406942034025050,58889864,224,0,146364,0
1789406943059751762,58889116,240,0,146364,0
1789406944085883278,58886368,252,0,146364,0
1789406945112661515,58887420,28,0,146364,0
1789406946139335034,58889776,72,0,146364,0
1789406947165922425,58888064,208,0,146364,0
1789406948193287983,58888128,224,0,146364,0
1789406949222957491,58886920,236,0,146364,0
1789406950253084261,58886288,40,0,146364,0
1789406951283059641,58887052,80,0,146364,0
1789406952312625288,58887104,200,0,146364,0
1789406953342268766,58887380,220,0,146364,0
1789406954371753742,58888140,236,0,146364,0
1789406955401238449,58886936,40,0,146364,0
1789406956430730621,58886008,84,0,146364,0
1789406957461272785,58886316,204,0,146364,0
1789406958491150890,58886380,212,0,146364,0
1789406959521176811,58886000,228,0,146364,0
1789406960550586410,58885336,44,0,146364,0
1789406961580389175,58884880,76,0,146364,0
1789406962610385908,58886912,200,0,146364,0
1789406963640883898,58886748,220,0,146364,0
1789406964670698426,58887516,228,0,146364,0
1789406965700469775,58888300,24,0,146364,0
1789406966730580335,58888348,64,0,146364,0
1789406967761141007,58889884,200,0,146364,0
1789406968791121900,58889404,204,0,146364,0
1789406969820699052,58891952,220,0,146364,0
1789406970847741279,58892244,252,0,146364,0
1789406971874182768,58893280,76,0,146364,0
1789406972900527754,58894080,188,0,146364,0
1789406973926961967,58892592,348,0,146364,0
1789406974953322912,58891476,364,0,146364,0
1789406975980053644,58893268,36,0,146364,0
1789406977009859149,58891816,80,0,146364,0
1789406978040026792,58890100,92,0,146364,0
1789406979069924832,58889360,280,0,146364,0
1789406980099976118,58888644,296,0,146364,0
1789406981130052969,58888928,28,0,146364,0
1789406982159899631,58888224,80,0,146364,0
1789406983189671739,58887776,92,0,146364,0
1789406984219935648,58889832,204,0,146364,0
1789406985250238434,58888624,228,0,146364,0
1789406986280440448,58888904,28,0,146364,0
1789406987310603742,58887248,72,0,146364,0
1789406988340696566,58889800,84,0,146364,0
1789406989371072061,58890936,208,0,146364,0
1789406990401450483,58890232,224,0,146364,0
1789406991432011232,58891060,272,0,146364,0
1789406992461608849,58890072,68,0,146364,0
1789406993491849090,58889348,84,0,146364,0
1789406994522620089,58887652,204,0,146364,0
1789406995553006253,58887156,216,0,146364,0
1789406996583096007,58886952,24,72,146364,0
1789406997612851755,58886964,64,0,146364,0
1789406998642251252,58885268,88,0,146364,0
1789406999669064990,58884276,220,0,146364,0
1789407000695366998,58885572,240,0,146364,0
1789407001721352381,58886596,16,0,146364,0
1789407002747820044,58887636,68,0,146364,0
1789407003774700137,58888376,80,0,146364,0
1789407004802484566,58886488,356,0,146364,0
1789407005832674457,58885416,428,0,146364,0
1789407006862981641,58885444,16,0,146364,0
1789407007892819878,58885260,60,0,146364,0
1789407008922982468,58884280,204,0,146364,0
1789407009952998307,58884316,228,0,146364,0
1789407010982893045,58884164,236,0,146364,0
1789407012013042173,58885184,24,0,146364,0
1789407013043154452,58886000,76,0,146364,0
1789407014073279667,58885800,200,0,146364,0
1789407015103311871,58885880,220,0,146364,0
1789407016133856484,58885908,224,0,146364,0
1789407017163904233,58885464,36,0,146364,0
1789407018194026477,58883256,76,0,146364,0
1789407019223389051,58881544,208,0,146364,0
1789407020250771586,58881068,228,0,146364,0
1789407021280316548,58880584,240,0,146364,0
1789407022310070306,58879408,8,156,146364,0
1789407023340194095,58877712,64,0,146364,0
1789407024370766433,58877780,188,0,146364,0
1789407025401062318,58878056,204,0,146364,0
1789407026430830248,58878580,220,0,146364,0
1789407027457656512,58878920,244,0,146364,0
1789407028484433489,58879476,60,0,146364,0
1789407029510663662,58879052,180,0,146364,0
1789407030536480808,58879568,188,0,146364,0
1789407031562742398,58880036,336,0,146364,0
1789407032589811877,58879948,400,0,146364,0
1789407033620114026,58878988,68,0,146364,0
1789407034650154132,58879032,308,0,146364,0
1789407035680132135,58879860,352,0,146364,0
1789407036709998352,58880152,372,0,146364,0
1789407037739718889,58878940,392,0,146364,0
1789407038770527463,58880472,48,0,146364,0
1789407039801132378,58879812,200,0,146364,0
1789407040831246421,58879088,220,0,146364,0
1789407041860920358,58879148,236,0,146364,0
1789407042891135267,58879180,252,0,146364,0
1789407043920992818,58879744,156,0,146364,0
1789407044950775975,58880068,192,0,146364,0
1789407045981112210,58881592,208,0,146364,0
1789407047010846359,58879696,224,0,146364,0
1789407048041044623,58880260,240,0,146364,0
1789407049070760129,58883056,144,0,146364,0
1789407050101441805,58883076,184,0,146364,0
1789407051131729332,58882620,188,0,146364,0
1789407052161974367,58882036,208,0,146364,0
1789407053189542771,58883148,224,0,146364,0
1789407054219617356,58880908,140,0,146364,0
1789407055249498304,58867284,180,0,146364,0
1789407056276410506,58867900,200,0,146364,0
1789407057302515520,58866524,212,0,146364,0
1789407058328922459,58865848,224,0,146364,0
1789407059355969785,58864448,124,0,146364,0
1789407060382702540,58864456,176,0,146364,0
1789407061410095609,58863240,196,0,146364,0
1789407062440640389,58863008,208,0,146364,0
1789407063471087282,58864552,228,0,146364,0
1789407064501092384,58865116,28,0,146364,0
1789407065531251645,58865144,68,0,146364,0
1789407066561631594,58865676,84,0,146364,0
1789407067592270418,58864192,100,0,146364,0
1789407068622637889,58863468,116,0,146364,0
1789407069652837780,58862992,24,28,146364,0
1789407070683156314,58862788,68,0,146364,0
1789407071713522270,58863336,84,0,146364,0
1789407072743358064,58862616,100,0,146364,0
1789407073773560107,58863500,116,0,146364,0
1789407074803963027,58863860,244,0,146364,0
1789407075834032441,58865032,236,0,146364,0
1789407076864614054,58863136,252,0,146364,0
1789407077895177150,58862408,280,0,146364,0
1789407078925531047,58861716,304,0,146364,0
1789407079955326678,58862944,16,0,146364,0
1789407080985278607,58862512,72,0,146364,0
1789407082015610158,58862024,80,0,146364,0
1789407083045779236,58861056,100,0,146364,0
1789407084075396266,58862108,248,0,146364,0
1789407085101952634,58866336,8,0,146364,0
1789407086128688122,58869256,64,0,146364,0
1789407087155371094,58870072,80,0,146364,0
1789407088182065165,58870096,96,0,146364,0
1789407089208739135,58868616,224,0,146364,0
1789407090235516547,58868896,0,0,146364,0
1789407091262332161,58867948,60,0,146364,0
1789407092289256706,58869752,84,0,146364,0
1789407093316060947,58871784,92,0,146364,0
1789407094342752959,58869296,228,0,146364,0
1789407095369492555,58869320,240,0,146364,0
1789407096396333149,58867832,48,0,146364,0
1789407097423073123,58865588,68,0,146364,0
1789407098449742342,58865356,92,0,146364,0
1789407099476558223,58864876,220,0,146364,0
1789407100502816595,58864136,236,0,146364,0
1789407101529512386,58863144,28,0,146364,0
1789407102556231375,58862148,72,0,146364,0
1789407103582599855,58861696,84,0,146364,0
1789407104609332697,58863492,216,0,146364,0
1789407105635755280,58866044,224,0,146364,0
1789407106661381901,58863548,40,60,146364,0
1789407107687520095,58861796,64,0,146364,0
1789407108713639417,58861824,84,0,146364,0
1789407109739959415,58861852,200,0,146364,0
1789407110766365929,58860616,224,0,146364,0
1789407111792603026,58861132,32,40,146364,0
1789407112818664689,58860924,72,0,146364,0
1789407113845729883,58860940,80,0,146364,0
1789407114872660837,58861736,220,0,146364,0
1789407115899125434,58861256,244,0,146364,0
1789407116925091405,58862568,256,0,146364,0
1789407117951635677,58860168,72,0,146364,0
1789407118978259080,58860652,200,0,146364,0
1789407120004892382,58859448,216,0,146364,0
1789407121031309741,58859508,228,0,146364,0
1789407122057670846,58860788,24,0,146364,0
1789407123084964694,58860316,76,0,146364,0
1789407124111863630,58860332,200,0,146364,0
1789407125138771544,58858616,216,0,146364,0
1789407126165141010,58858964,232,0,146364,0
1789407127191359635,58860504,24,0,146364,0
1789407128217939263,58859772,68,0,146364,0
1789407129244664720,58858288,192,0,146364,0
1789407130271170181,58859336,208,0,146364,0
1789407131297543476,58858072,348,0,146364,0
1789407132323917339,58856756,20,0,146364,0
1789407133350214494,58857272,76,0,146364,0
1789407134377099110,58856736,328,0,146364,0
1789407135404223799,58855316,340,0,146364,0
1789407136434839573,58858644,392,0,146364,0
1789407137461671711,58858420,408,0,146364,0
1789407138488952326,58857968,68,0,146364,0
1789407139515404898,58857604,200,0,146364,0
1789407140541851546,58856620,224,0,146364,0
1789407141570673655,58856944,236,0,146364,0
1789407142597384492,58855740,0,0,146364,0
1789407143625434448,58856272,64,0,146364,0
1789407144651850210,58853804,188,0,146364,0
1789407145677872594,58858120,200,0,146364,0
1789407146705178542,58856160,224,0,146364,0
1789407147732082326,58854444,236,0,146364,0
1789407148761135072,58854032,56,0,146364,0
1789407149787233532,58856320,176,0,146364,0
1789407150813831469,58852580,200,0,146364,0
1789407151841229204,58853680,216,0,146364,0
1789407152868360486,58854708,0,80,146364,0
1789407153897416565,58854508,156,0,146364,0
1789407154923742112,58855104,192,0,146364,0
1789407155950158065,58854636,212,0,146364,0
1789407156977281506,58854436,232,0,146364,0
1789407158004503757,58855248,0,0,146364,0
1789407159034039014,58854528,172,0,146364,0
1789407160060470841,58853560,184,0,146364,0
1789407161086829865,58853344,208,0,146364,0
1789407162113547478,58853968,220,0,146364,0
1789407163140534228,58853300,236,0,146364,0
1789407164168146087,58852368,164,0,146364,0
1789407165194206001,58854976,180,0,146364,0
1789407166221064185,58853756,196,0,146364,0
1789407167247065512,58853084,220,0,146364,0
1789407168273899479,58852624,0,100,146364,0
1789407169303473107,58854412,64,0,146364,0
1789407170330207020,58854696,72,0,146364,0
1789407171358441471,58856236,96,0,146364,0
1789407172385074265,58854752,208,0,146364,0
1789407173412226518,58856320,8,0,146364,0
1789407174441620916,58857104,60,0,146364,0
1789407175468876676,58857128,80,0,146364,0
1789407176498264848,58857656,100,0,146364,0
1789407177524832024,58857240,216,0,146364,0
1789407178550797324,58857036,0,40,146364,0
1789407179578292002,58858832,64,0,146364,0
1789407180605974637,58857104,76,0,146364,0
1789407181635264937,58856872,96,0,146364,0
1789407182662230902,58857952,232,0,146364,0
1789407183689226986,58857492,4,36,146364,0
1789407184716596292,58857540,52,0,146364,0
1789407185743908428,58857308,76,0,146364,0
1789407186773032282,58856096,96,0,146364,0
1789407187799728253,58855652,216,0,146364,0
1789407188826524613,58854724,248,0,146364,0
1789407189853606950,58855764,64,0,146364,0
1789407190881061228,58854512,76,0,146364,0
1789407191910324669,58854292,216,0,146364,0
1789407192937155557,58854100,228,0,146364,0
1789407193964017930,58854656,24,0,146364,0
1789407194990311026,58856228,68,0,146364,0
1789407196016634781,58854496,96,0,146364,0
1789407197045333905,58854808,220,0,146364,0
1789407198070969170,58854088,236,0,146364,0
1789407199097823861,58853864,8,0,146364,0
1789407200124551942,58853884,68,0,146364,0
1789407201151718645,58852456,76,0,146364,0
1789407202181644011,58853048,380,0,146364,0
1789407203208309404,58851620,404,0,146364,0
1789407204235276283,58851160,0,0,146364,0
1789407205260700906,58851508,72,0,146364,0
1789407206283832436,58855184,220,0,146364,0
1789407207309196607,58854516,388,0,146364,0
1789407208335386999,58854576,400,0,146364,0
1789407209362145886,58855144,412,0,146364,0
1789407210388710026,58855192,52,0,146364,0
1789407211415497362,58854708,80,0,146364,0
1789407212442164254,58855056,224,0,146364,0
1789407213468887999,58855340,244,0,146364,0
1789407214495560549,58856360,252,0,146364,0
1789407215522276963,58855392,48,0,146364,0
1789407216548688495,58854568,76,0,146364,0
1789407217575025102,58856652,216,0,146364,0
1789407218601284670,58855440,224,0,146364,0
1789407219627867223,58853968,0,68,146364,0
1789407220653937953,58854016,68,0,146364,0
1789407221680266301,58854596,184,0,146364,0
1789407222706936130,58855164,200,0,146364,0
1789407223733654583,58855228,216,0,146364,0
1789407224760493941,58857012,4,0,146364,0
1789407225786429116,58861364,60,0,146364,0
1789407226813185561,58859120,76,0,146364,0
1789407227839625299,58859912,212,0,146364,0
1789407228866378587,58859428,224,0,146364,0
1789407229893007816,58859204,248,0,146364,0
1789407230919387100,58858476,68,0,146364,0
1789407231946107346,58857508,196,0,146364,0
1789407232972684088,58857300,216,0,146364,0
1789407233999354983,58859836,232,0,146364,0
1789407235025762571,58859356,0,0,146364,0
1789407236052002105,58859884,68,0,146364,0
1789407237078553194,58859412,192,0,146364,0
1789407238104750956,58859944,212,0,146364,0
1789407239130860900,58859720,224,0,146364,0
1789407240156469001,58858736,236,0,146364,0
1789407241182712049,58860544,68,0,146364,0
1789407242208855403,58859804,184,0,146364,0
1789407243235273989,58858584,200,0,146364,0
1789407244261478964,58856844,216,0,146364,0
1789407245288239855,58859672,228,0,146364,0
1789407246314816886,58860708,68,0,146364,0
1789407247341755528,58859724,188,0,146364,0
1789407248368593902,58859504,204,0,146364,0
1789407249398312651,58856100,220,0,146364,0
1789407250425092126,58857624,244,0,146364,0
1789407251451996373,58855888,48,0,146364,0
1789407252482085590,58855472,184,0,146364,0
1789407253508805646,58855512,196,0,146364,0
1789407254535140890,58853548,216,0,146364,0
1789407255563088923,58852636,132,56,146364,0
1789407256593132601,58854164,212,0,146364,0
1789407257619924689,58853808,380,0,146364,0
1789407258647096053,58853696,432,0,146364,0
1789407259676357868,58854336,468,0,146364,0
1789407260703195898,58854868,0,0,146364,0
1789407261729082704,58853900,60,0,146364,0
1789407262756869971,58852220,208,0,146364,0
1789407263784740214,58851264,220,0,146364,0
1789407264811299005,58850836,240,0,146364,0
1789407265838659486,58849844,252,0,146364,0
1789407266868083202,58850156,40,0,146364,0
1789407267894519306,58850704,172,0,146364,0
1789407268921564864,58851788,208,0,146364,0
1789407269951027778,58852116,220,0,146364,0
1789407270978028785,58852160,232,0,146364,0
1789407272004725492,58852536,156,0,146364,0
1789407273032299477,58853132,184,0,146364,0
1789407274061590750,58855472,200,0,146364,0
1789407275088475112,58856264,216,0,146364,0
1789407276115672044,58859344,236,0,146364,0
1789407277145183592,58859884,152,0,146364,0
1789407278171932901,58859912,184,0,146364,0
1789407279198840241,58862228,200,0,146364,0
1789407280227913847,58862784,216,0,146364,0
1789407281254525887,58862076,228,0,146364,0
1789407282281248639,58859588,148,0,146364,0
1789407283308597728,58859416,184,0,146364,0
1789407284338287849,58859428,196,0,146364,0
1789407285365266127,58858472,216,0,146364,0
1789407286392927553,58862016,228,0,146364,0
1789407287422503937,58863116,140,0,146364,0
1789407288448920374,58863392,176,0,146364,0
1789407289476195668,58862700,200,0,146364,0
1789407290506054703,58861560,220,0,146364,0
1789407291533589391,58860128,228,0,146364,0
1789407292560311747,58859140,156,0,146364,0
1789407293587623003,58857908,180,0,146364,0
1789407294617922943,58856996,208,0,146364,0
1789407295644831662,58857536,220,0,146364,0
1789407296672068475,58856296,236,0,146364,0
1789407297701598086,58857372,264,0,146364,0
1789407298728345448,58856408,76,0,146364,0
1789407299755619343,58856212,92,0,146364,0
1789407300785591684,58855496,100,0,146364,0
1789407301812929631,58857228,308,0,146364,0
1789407302839656260,58856756,12,0,146364,0
1789407303867244724,58856056,68,0,146364,0
1789407304897534940,58855072,88,0,146364,0
1789407305924515583,58854600,108,0,146364,0
1789407306951736907,58854864,124,0,146364,0
1789407307981298604,58854648,36,0,146364,0
1789407309007306499,58854952,56,0,146364,0
1789407310034305913,58854796,92,0,146364,0
1789407311060813058,58856120,108,0,146364,0
1789407312087453355,58857260,228,0,146364,0
1789407313114134210,58858872,244,0,146364,0
1789407314141225850,58859752,64,0,146364,0
1789407315169115952,58857580,92,0,146364,0
1789407316199213993,58856880,104,0,146364,0
1789407317229799677,58855664,220,0,146364,0
1789407318259957495,58857284,12,0,146364,0
1789407319290275750,58858856,76,0,146364,0
1789407320320642168,58858936,88,0,146364,0
1789407321350972685,58858484,108,0,146364,0
1789407322380755922,58858256,228,0,146364,0
1789407323410611530,58856316,244,0,146364,0
1789407324440408621,58855600,64,0,146364,0
1789407325470821839,58856692,88,0,146364,0
1789407326500819326,58852992,100,0,146364,0
1789407327530456942,58852252,236,0,146364,0
1789407328560221964,58850884,16,0,146364,0
1789407329590793061,58849780,68,0,146364,0
1789407330620945155,58850840,84,0,146364,0
1789407331651275296,58850880,96,0,146364,0
1789407332682267483,58852952,220,0,146364,0
1789407333713099293,58851784,244,0,146364,0
1789407334742977490,58851836,60,0,146364,0
1789407335773289007,58852904,76,0,146364,0
1789407336802527500,58852940,104,0,146364,0
1789407337829101318,58854556,208,0,146364,0
1789407338855845504,58853324,0,0,146364,0
1789407339882448069,58852392,68,0,146364,0
1789407340909266001,58851224,80,0,146364,0
1789407341936143577,58852500,208,0,146364,0
1789407342963425511,58854328,224,0,146364,0
1789407343993787745,58855860,20,0,146364,0
1789407345023608548,58857708,68,0,146364,0
1789407346053917109,58858144,88,0,146364,0
1789407347083874642,58858604,212,0,146364,0
1789407348112236450,58858224,232,0,146364,0
1789407349142582708,58858296,16,12,146364,0
1789407350173021503,58859584,76,0,146364,0
1789407351203299018,58858656,92,0,146364,0
1789407352232566828,58858176,220,0,146364,0
1789407353262651937,58859576,232,0,146364,0
1789407354293248996,58860888,264,0,146364,0
1789407355323255997,58861240,64,0,146364,0
1789407356353348548,58860824,80,0,146364,0
1789407357383322728,58863652,200,0,146364,0
1789407358413962392,58863208,216,0,146364,0
1789407359444620963,58861960,4,84,146364,0
1789407360475026802,58862564,60,0,146364,0
1789407361505741780,58860876,80,0,146364,0
1789407362535666207,58858912,200,0,146364,0
1789407363566572192,58858188,212,0,146364,0
1789407364597043125,58856960,192,0,146364,0
1789407365627975752,58859004,40,0,146364,0
1789407366654438601,58858100,88,0,146364,0
1789407367680174385,58857140,200,0,146364,0
1789407368706872781,58855672,396,0,146364,0
1789407369733272229,58855688,0,0,146364,0
1789407370760682337,58856560,176,0,146364,0
1789407371791070916,58859464,212,0,146364,0
1789407372823202214,58859500,348,0,146364,0
1789407373854354286,58862068,372,0,146364,0
1789407374885422704,58860124,0,0,146364,0
1789407375915976210,58858928,72,0,146364,0
1789407376947324698,58860488,192,0,146364,0
1789407377978404165,58859836,212,0,146364,0
1789407379009331441,58860404,228,0,146364,0
1789407380040469879,58858956,244,0,146364,0
1789407381071225580,58858760,44,0,146364,0
1789407382101870151,58857292,192,0,146364,0
1789407383131560864,58855600,204,0,146364,0
1789407384161097005,58853644,216,0,146364,0
1789407385191256562,58852908,232,0,146364,0
1789407386221723819,58851228,180,0,146364,0
1789407387253375595,58851008,336,0,146364,0
1789407388283812583,58850156,352,0,146364,0
1789407389314362798,58850432,404,0,146364,0
1789407390345082620,58848524,420,0,146364,0
1789407391375094424,58850568,28,0,146364,0
1789407392405288910,58849612,72,0,146364,0
1789407393434578336,58850220,220,0,146364,0
1789407394461516488,58851000,236,0,146364,0
1789407395488283405,58851520,248,0,146364,0
1789407396514751116,58851296,24,0,146364,0
1789407397541559915,58853592,196,0,146364,0
1789407398567721859,58853880,212,0,146364,0
1789407399594937319,58854680,228,0,146364,0
1789407400624947390,58855220,244,0,146364,0
1789407401655161715,58854760,40,0,146364,0
1789407402685067596,58853568,184,0,146364,0
1789407403714966877,58853384,204,0,146364,0
1789407404744631166,58853664,224,0,146364,0
1789407405774592113,58852420,240,0,146364,0
1789407406804838163,58852228,24,0,146364,0
1789407407834393830,58850772,184,0,146364,0
1789407408864358153,58851540,200,0,146364,0
1789407409894529276,58851864,212,0,146364,0
1789407410924574551,58851628,228,0,146364,0
1789407411954749393,58850168,48,0,146364,0
1789407412984687389,58849672,184,0,146364,0
1789407414014477873,58851228,204,0,146364,0
1789407415044471421,58850024,220,0,146364,0
1789407416074410863,58849212,228,0,146364,0
1789407417104458038,58848788,152,0,146364,0
1789407418134653761,58850468,192,0,146364,0
1789407419164782393,58849816,204,0,146364,0
1789407420194719593,58848572,220,0,146364,0
1789407421224584174,58848420,236,0,146364,0
1789407422253673794,58847208,148,0,146364,0
1789407423280231119,58846980,184,0,146364,0
1789407424306674285,58848272,200,0,146364,0
1789407425333169697,58849388,216,0,146364,0
1789407426360143610,58847644,232,0,146364,0
1789407427387121457,58846428,296,0,146364,0
1789407428416845419,58846228,336,0,146364,0
1789407429446962664,58846788,368,0,146364,0
1789407430476765735,58847792,412,0,146364,0
1789407431506474083,58847844,424,0,146364,0
1789407432536282437,58848420,176,0,146364,0
1789407433565942914,58848192,208,0,146364,0
1789407434595279592,58846016,228,0,146364,0
1789407435625949353,58846392,244,0,146364,0
1789407436655934563,58846008,260,0,146364,0
1789407437685824456,58846788,284,0,146364,0
1789407438716321488,58846724,72,0,146364,0
1789407439746284790,58846296,88,0,146364,0
1789407440776409433,58846604,100,0,146364,0
1789407441806468697,58846944,116,0,146364,0
1789407442836349233,58848220,24,20,146364,0
1789407443866494384,58848800,64,0,146364,0
1789407444896623456,58848876,80,0,146364,0
1789407445926547801,58849308,104,0,146364,0
1789407446956409436,58848708,224,0,146364,0
1789407447986354025,58848088,36,0,146364,0
1789407449016454561,58848688,76,0,146364,0
1789407450046041976,58848004,96,0,146364,0
1789407451073080886,58848816,108,0,146364,0
1789407452099669319,58848580,228,0,146364,0
1789407453126510686,58850404,24,0,146364,0
1789407454153299468,58850492,68,0,146364,0
1789407455180056279,58849032,84,0,146364,0
1789407456206934691,58848404,100,0,146364,0
1789407457237649119,58849752,112,0,146364,0
1789407458267696437,58851620,36,0,146364,0
1789407459297003503,58853728,84,0,146364,0
1789407460326047736,58854820,92,0,146364,0
1789407461355573770,58855204,116,0,146364,0
1789407462385325620,58855024,236,0,146364,0
1789407463415201762,58856112,24,0,146364,0
1789407464445760481,58857680,72,0,146364,0
1789407465475341055,58859728,84,0,146364,0
1789407466505367103,58861032,108,0,146364,0
1789407467535823351,58862360,228,0,146364,0
1789407468566266868,58861484,32,64,146364,0
1789407469596215446,58859848,76,0,146364,0
1789407470626150919,58859616,88,0,146364,0
1789407471656414041,58859884,100,0,146364,0
1789407472686119966,58860252,216,0,146364,0
1789407473716254820,58860568,28,40,146364,0
1789407474746399073,58861640,68,0,146364,0
1789407475776632379,58860980,84,0,146364,0
1789407476806393163,58859732,96,0,146364,0
1789407477837046980,58859584,212,0,146364,0
1789407478866624465,58848304,28,0,146364,0
1789407479893264580,58847856,68,0,146364,0
1789407480919525769,58847384,96,0,146364,0
1789407481945971894,58847416,216,0,146364,0
1789407482972533109,58847436,220,0,146364,0
1789407483998756849,58847472,28,0,146364,0
1789407485026112590,58847756,68,0,146364,0
1789407486055587930,58847020,84,0,146364,0
1789407487085498185,58847596,196,0,146364,0
1789407488115379991,58845896,220,0,146364,0
1789407489145240529,58845208,36,0,146364,0
1789407490175297444,58845228,88,0,146364,0
1789407491204953186,58844500,104,0,146364,0
1789407492234981391,58843028,220,0,146364,0
1789407493265036020,58841844,232,0,146364,0
1789407494295045892,58844144,40,0,146364,0
1789407495324914509,58844424,68,0,146364,0
1789407496354676509,58843948,92,0,146364,0
1789407497384902433,58844220,240,0,146364,0
1789407498413613620,58844012,256,0,146364,0
1789407499442152317,58842584,32,0,146364,0
1789407500471601783,58843112,72,0,146364,0
1789407501501544310,58843148,212,0,146364,0
1789407502530993664,58842228,224,0,146364,0
1789407503561186930,58840264,236,0,146364,0
1789407504591414407,58839024,272,0,146364,0
1789407505621704912,58838600,76,0,146364,0
1789407506651025680,58838744,92,0,146364,0
1789407507677465484,58837784,204,0,146364,0
1789407508703878773,58836804,228,0,146364,0
1789407509730435483,58834828,20,36,146364,0
1789407510757235168,58834076,328,0,146364,0
1789407511784081759,58839676,408,0,146364,0
1789407512810452938,58837708,412,0,146364,0
1789407513837347667,58839536,456,0,146364,0
1789407514864120928,58838352,12,104,146364,0
1789407515890512733,58839896,184,0,146364,0
1789407516916757256,58839180,316,0,146364,0
1789407517943668349,58838748,344,0,146364,0
1789407518970243413,58838576,368,0,146364,0
1789407519996902809,58838352,28,0,146364,0
1789407521023460997,58836596,196,0,146364,0
1789407522050117359,58836424,204,0,146364,0
1789407523076609837,58836728,224,0,146364,0
1789407524103363477,58836488,236,0,146364,0
1789407525130074443,58836772,32,0,146364,0
1789407526156749956,58839820,184,0,146364,0
1789407527183445536,58837384,196,0,146364,0
1789407528210239431,58837908,216,0,146364,0
1789407529236731042,58838452,220,0,146364,0
1789407530263246013,58838724,32,0,146364,0
1789407531289556205,58838236,188,0,146364,0
1789407532316006828,58838028,204,0,146364,0
1789407533342401884,58838048,340,0,146364,0
1789407534369151756,58838628,404,0,146364,0
1789407535396271314,58839240,128,0,146364,0
1789407536423188741,58839264,316,0,146364,0
1789407537450846953,58840368,324,0,146364,0
1789407538480878401,58840704,336,0,146364,0
1789407539510970993,58842056,352,0,146364,0
1789407540541033128,58841332,128,0,146364,0
1789407541570813074,58841376,160,0,146364,0
1789407542598229621,58840912,172,0,146364,0
1789407543625177152,58840156,188,0,146364,0
1789407544652724486,58841400,204,0,146364,0
1789407545680048662,58841200,404,0,146364,0
1789407546704060967,58841220,160,0,146364,0
1789407547731488549,58839764,184,0,146364,0
1789407548761149733,58840304,200,0,146364,0
1789407549791750874,58841340,224,0,146364,0
1789407550822881371,58840884,244,0,146364,0
1789407551853046099,58839428,28,0,146364,0
1789407552880320788,58839476,180,0,146364,0
1789407553904198646,58841008,196,0,146364,0
1789407554930426206,58840644,388,0,146364,0
1789407555956887310,58839700,428,0,146364,0
1789407556983021453,58839488,52,0,146364,0
1789407558010368258,58838012,80,0,146364,0
1789407559039617419,58837548,88,0,146364,0
1789407560069958718,58838600,104,0,146364,0
1789407561098983367,58836408,256,0,146364,0
1789407562128399540,58836188,52,0,146364,0
1789407563156828809,58835744,68,0,146364,0
1789407564183257582,58836380,84,0,146364,0
1789407565209880370,58835968,104,0,146364,0
1789407566236711801,58840356,0,0,146364,0
1789407567263426715,58839176,64,0,146364,0
1789407568290734842,58838760,84,0,146364,0
1789407569319096140,58839080,96,0,146364,0
1789407570348430049,58839140,108,0,146364,0
1789407571377888426,58837644,224,0,146364,0
1789407572407290497,58836772,48,0,146364,0
1789407573435990441,58837120,68,0,146364,0
1789407574462692565,58838184,92,0,146364,0
1789407575489532003,58839580,112,0,146364,0
1789407576516101199,58840716,236,0,146364,0
1789407577542800307,58840800,56,0,146364,0
1789407578569868704,58840848,68,0,146364,0
1789407579598796234,58841372,84,0,146364,0
1789407580627739429,58842748,100,0,146364,0
1789407581657452409,58843544,220,0,146364,0
1789407582686572132,58843876,76,0,146364,0
1789407583713008826,58842900,92,0,146364,0
1789407584738662354,58842200,108,0,146364,0
1789407585764711836,58843224,116,0,146364,0
1789407586790027493,58841512,0,68,146364,0
1789407587816191359,58841532,32,0,146364,0
1789407588842522161,58841360,76,0,146364,0
1789407589869306517,58841644,80,0,146364,0
1789407590895649551,58842684,100,0,146364,0
1789407591935582711,58841708,4,0,146364,0
1789407592962081031,58841744,76,0,146364,0
1789407593988242282,58842292,92,0,146364,0
1789407595014008919,58842596,108,0,146364,0
1789407596040412680,58841120,228,0,146364,0
1789407597067869594,58838520,140,0,146364,0
1789407598097683379,58836968,264,0,146364,0
1789407599126110717,58838264,292,0,146364,0
1789407600153571676,58835652,340,0,146364,0
1789407601183031501,58836192,508,0,146364,0
1789407602209809290,58834760,0,0,146364,0
1789407603239992067,58834168,192,0,146364,0
1789407604268117345,58834944,212,0,146364,0
1789407605296319712,58834416,260,0,146364,0
1789407606325957208,58833964,404,0,146364,0
1789407607353440151,58833868,472,0,146364,0
1789407608384228225,58833028,212,0,146364,0
1789407609413331404,58830100,240,0,146364,0
1789407610441382442,58869924,296,0,146364,0
1789407611471421880,58867768,440,0,146364,0
1789407612498498587,58867096,456,0,146364,0
1789407613528772884,58867112,52,0,146364,0
1789407614558248078,58866880,76,0,146364,0
1789407615586089447,58864660,92,0,146364,0
1789407616615660408,58861656,204,0,146364,0
1789407617643732284,58860428,232,0,146364,0
1789407618673943101,58857200,44,0,146364,0
1789407619703166091,58855476,60,0,146364,0
1789407620730698709,58853528,88,0,146364,0
1789407621760129538,58852088,204,0,146364,0
1789407622787919426,58850896,224,0,146364,0
1789407623818276104,58848968,24,68,146364,0
1789407624847398353,58847464,72,0,146364,0
1789407625874885982,58847052,88,0,146364,0
1789407626904737801,58847108,208,0,146364,0
1789407627932478621,58846928,232,0,146364,0
1789407628959096195,58848712,40,0,146364,0
1789407629985871750,58848752,80,0,146364,0
1789407631012687019,58848520,180,0,146364,0
1789407632039400985,58848096,208,0,146364,0
1789407633066183256,58848144,228,0,146364,0
1789407634097008959,58846908,36,0,146364,0
1789407635126839554,58846180,76,0,146364,0
1789407636156651439,58844088,216,0,146364,0
1789407637186760829,58846024,404,0,146364,0
1789407638217117248,58844536,420,0,146364,0
1789407639247193691,58844548,148,0,146364,0
1789407640277312095,58844352,188,0,146364,0
1789407641307457799,58845080,340,0,146364,0
1789407642337544294,58844604,360,0,146364,0
1789407643367308601,58843356,376,0,146364,0
1789407644397331140,58838692,48,204,146364,0
1789407645427111968,58840020,84,0,146364,0
1789407646457587021,58840552,212,0,146364,0
1789407647487562176,58839588,232,0,146364,0
1789407648517492045,58839608,244,0,146364,0
1789407649547100921,58840148,44,0,146364,0
1789407650576908242,58840936,76,0,146364,0
1789407651606909650,58840984,88,0,146364,0
1789407652637060449,58840516,212,0,146364,0
1789407653666825639,58840048,232,0,146364,0
1789407654696228083,58840100,28,0,146364,0
1789407655725306052,58842384,64,0,146364,0
1789407656751352577,58841908,76,0,146364,0
1789407657777585761,58840684,196,0,146364,0
1789407658802437428,58841208,208,0,146364,0
1789407659828538173,58840488,16,0,146364,0
1789407660855004801,58842284,64,0,146364,0
1789407661882158330,58841536,176,0,146364,0
1789407662912525740,58840824,196,0,146364,0
1789407663942272674,58840344,220,0,146364,0
1789407664972300685,58841368,44,0,146364,0
1789407666001877411,58842708,168,0,146364,0
1789407667030730772,58844264,196,0,146364,0
1789407668060408449,58845036,216,0,146364,0
1789407669090780043,58842520,224,0,146364,0
1789407670120570919,58840108,32,0,146364,0
1789407671149853234,58838672,72,0,146364,0
1789407672180201303,58837940,196,0,146364,0
1789407673209881249,58839252,208,0,146364,0
1789407674239510002,58839284,228,0,146364,0
1789407675270275802,58838600,36,0,146364,0
1789407676300075384,58838872,168,0,146364,0
1789407677329710481,58840328,188,0,146364,0
1789407678359610877,58839136,200,0,146364,0
1789407679389140596,58838676,220,0,146364,0
1789407680418800580,58839880,36,0,146364,0
1789407681448880224,58840184,176,0,146364,0
1789407682478970680,58841568,188,0,146364,0
1789407683509051135,58841660,204,0,146364,0
1789407684538528154,58840760,224,0,146364,0
1789407685564911784,58839588,28,0,146364,0
1789407686591536630,58838344,160,0,146364,0
1789407687617972178,58836860,180,0,146364,0
1789407688643688061,58835900,204,0,146364,0
1789407689670221570,58836708,228,0,146364,0
1789407690699992495,58836296,36,228,146364,0
1789407691730767349,58836336,212,0,146364,0
1789407692761493654,58835508,348,0,146364,0
1789407693792133944,58835372,376,0,146364,0
1789407694822386038,58834420,400,0,146364,0
1789407695852586792,58835804,0,0,146364,0
1789407696882873539,58836348,56,0,146364,0
1789407697913194826,58835872,212,0,146364,0
1789407698943199320,58836160,240,0,146364,0
1789407699973112875,58834216,256,0,146364,0
1789407701002860701,58835500,132,0,146364,0
1789407702033178678,58836820,188,0,146364,0
1789407703063373225,58837624,204,0,146364,0
1789407704093310139,58838208,212,0,146364,0
1789407705123017670,58838512,236,0,146364,0
1789407706152267998,58838052,120,0,146364,0
1789407707181876189,58836848,176,0,146364,0
1789407708211668048,58836388,188,0,146364,0
1789407709241882577,58834472,208,0,146364,0
1789407710271818959,58834488,220,0,146364,0
1789407711302135581,58833744,240,0,146364,0
1789407712331675276,58833096,68,0,146364,0
1789407713357545281,58832360,80,0,146364,0
1789407714383611042,58830900,96,0,146364,0
1789407715409438931,58831192,120,0,146364,0
1789407716435992396,58829956,248,0,146364,0
1789407717462426806,58830004,68,0,146364,0
1789407718489490381,58830040,76,0,146364,0
1789407719519180368,58829136,100,0,146364,0
1789407720549013923,58830720,116,0,146364,0
1789407721578681970,58829988,16,68,146364,0
1789407722609336070,58830292,72,0,146364,0
1789407723639010385,58830620,80,0,146364,0
1789407724669127459,58830676,92,0,146364,0
1789407725699077380,58833772,120,0,146364,0
1789407726729127511,58833852,12,92,146364,0
1789407727759178022,58836700,56,0,146364,0
1789407728789939443,58836508,72,0,146364,0
1789407729820498838,58835600,96,0,146364,0
1789407730850289523,58837192,108,0,146364,0
1789407731880835641,58836492,4,0,146364,0
1789407732911081653,58837032,64,0,146364,0
1789407733940978026,58837544,80,0,146364,0
1789407734970859335,58836812,96,0,146364,0
1789407736000983625,58838168,220,0,146364,0
1789407737031204519,58837192,16,0,146364,0
1789407738061562154,58837808,76,0,146364,0
1789407739092233100,58837388,88,0,146364,0
1789407740122535780,58836484,112,0,146364,0
1789407741152331787,58836316,228,0,146364,0
1789407742178758137,58835836,24,0,146364,0
1789407743205450033,58835572,76,0,146364,0
1789407744231840253,58835364,88,0,146364,0
1789407745258168757,58835176,104,0,146364,0
1789407746284506184,58840036,124,0,146364,0
1789407747311549324,58841164,16,60,146364,0
1789407748341917252,58841208,60,60,146364,0
1789407749370973834,58840016,80,0,146364,0
1789407750401367264,58838808,88,0,146364,0
1789407751431870072,58840356,224,0,146364,0
1789407752462091006,58840144,8,0,146364,0
1789407753492459332,58839676,68,0,146364,0
1789407754523138353,58838716,88,0,146364,0
1789407755553205484,58837984,96,0,146364,0
1789407756583432066,58836276,220,0,146364,0
1789407757614198716,58837848,20,0,146364,0
1789407758644739790,58838116,68,0,146364,0
1789407759675140886,58838880,84,0,146364,0
1789407760706022698,58836676,232,0,146364,0
1789407761735992158,58835008,408,0,146364,0
1789407762765765066,58833384,0,0,146364,0
1789407763796535907,58833992,180,0,146364,0
1789407764827034688,58834256,204,0,146364,0
1789407765856713993,58833560,220,0,146364,0
1789407766886700745,58831896,368,0,146364,0
1789407767917196913,58832504,388,0,146364,0
1789407768947745706,58833544,168,0,146364,0
1789407769977514753,58834088,296,0,146364,0
1789407771004193267,58834432,312,0,146364,0
1789407772030874698,58833980,476,0,146364,0
1789407773057452585,58835116,504,0,146364,0
1789407774084168253,58836156,52,0,146364,0
1789407775111106078,58835276,80,0,146364,0
1789407776138875787,58835400,244,0,146364,0
1789407777169217404,58835984,264,0,146364,0
1789407778199470060,58834748,276,0,146364,0
1789407779230389833,58834548,52,0,146364,0
1789407780261276613,58833616,80,0,146364,0
1789407781292022784,58834472,216,0,146364,0
1789407782322161800,58834020,240,0,146364,0
1789407783352678460,58834072,248,0,146364,0
1789407784382998193,58835656,40,0,146364,0
1789407785413403537,58834664,72,0,146364,0
1789407786443919197,58835672,200,0,146364,0
1789407787474900945,58835996,208,0,146364,0
1789407788506067820,58836540,228,0,146364,0
1789407789536446165,58837584,32,0,146364,0
1789407790566956277,58838180,76,0,146364,0
1789407791598057091,58836696,216,0,146364,0
1789407792628912079,58836212,216,0,146364,0
1789407793659112445,58834524,248,0,146364,0
1789407794691035655,58832856,40,0,146364,0
1789407795722400976,58834452,80,0,146364,0
1789407796753427872,58833732,204,0,146364,0
1789407797784500440,58833524,228,0,146364,0
1789407798811353926,58832308,232,0,146364,0
1789407799837801440,58831120,28,72,146364,0
1789407800864894861,58830396,68,0,146364,0
1789407801891941903,58828680,196,0,146364,0
1789407802919138502,58828704,212,0,146364,0
1789407803946650132,58828044,232,0,146364,0
1789407804977101651,58829100,28,0,146364,0
1789407806007005621,58828192,172,0,146364,0
1789407807037183614,58829808,196,0,146364,0
1789407808067436692,58830912,208,0,146364,0
1789407809098875417,58830768,224,0,146364,0
1789407810130142855,58831348,0,0,146364,0
1789407811160778602,58831896,188,0,146364,0
1789407812191193138,58833208,212,0,146364,0
1789407813221344653,58834572,224,0,146364,0
1789407814251257863,58833128,236,0,146364,0
1789407815281694308,58831988,4,60,146364,0
1789407816311291103,58832032,184,0,146364,0
1789407817341319074,58831372,192,0,146364,0
1789407818372725137,58830968,220,0,146364,0
1789407819403137672,58832540,236,0,146364,0
1789407820433602991,58833864,4,144,146364,0
1789407821463002722,58835208,184,0,146364,0
1789407822492505534,58833492,196,0,146364,0
1789407823522071273,58833516,212,0,146364,0
1789407824550842262,58834392,232,0,146364,0
1789407825580191206,58835428,0,120,146364,0
1789407826606456782,58834960,164,0,146364,0
1789407827632987950,58833000,180,0,146364,0
1789407828659488120,58835784,200,0,146364,0
1789407829686226442,58835060,224,0,146364,0
1789407830712874475,58835100,0,0,146364,0
1789407831739613749,58834124,44,0,146364,0
1789407832766008465,58833888,76,0,146364,0
1789407833792722315,58833188,84,0,146364,0
1789407834819377218,58833448,104,0,146364,0
1789407835846052214,58832724,0,140,146364,0
1789407836872673287,58833232,24,0,146364,0
1789407837899153859,58832544,80,0,146364,0
1789407838925392063,58833376,100,0,146364,0
1789407839952324315,58833148,108,0,146364,0
1789407840978905442,58831504,12,0,146364,0
1789407842005671874,58831280,72,0,146364,0
1789407843032624429,58831052,88,0,146364,0
1789407844059327690,58830824,96,0,146364,0
1789407845086035588,58831864,116,0,146364,0
1789407846112624275,58836296,236,0,146364,0
1789407847139306502,58835068,64,0,146364,0
1789407848166061432,58834596,68,0,146364,0
1789407849192493448,58834960,96,0,146364,0
1789407850219092196,58834464,404,0,146364,0
1789407851245939097,58832712,0,236,146364,0
1789407852272779536,58831124,180,0,146364,0
1789407853299421821,58832412,212,0,146364,0
1789407854325865991,58836568,244,0,146364,0
1789407855352146157,58838100,388,0,146364,0
1789407856378155093,58836652,0,0,146364,0
1789407857405370438,58836948,60,0,146364,0
1789407858433279883,58837004,80,0,146364,0
1789407859462539545,58837016,88,0,146364,0
1789407860492654714,58837076,220,0,146364,0
1789407861522723451,58836576,240,0,146364,0
1789407862552868320,58837172,52,0,146364,0
1789407863582331740,58836204,80,0,146364,0
1789407864612729758,58834232,92,0,146364,0
1789407865643108717,58835280,208,0,146364,0
1789407866672923898,58832768,0,20,146364,0
1789407867701283253,58832360,64,0,146364,0
1789407868728842549,58832896,80,0,146364,0
1789407869756059562,58833204,200,0,146364,0
1789407870781556518,58833992,216,0,146364,0
1789407871808242154,58832500,240,0,146364,0
1789407872834870463,58833296,56,0,146364,0
1789407873861796347,58831124,88,0,146364,0
1789407874888573208,58829908,204,0,146364,0
1789407875915355884,58830952,208,0,146364,0
1789407876942128821,58832032,20,0,146364,0
1789407877968860604,58830812,68,0,146364,0
1789407878996081646,58830608,84,0,146364,0
1789407880023349952,58832212,212,0,146364,0
1789407881053022369,58831316,356,0,146364,0
1789407882082844498,58831192,12,0,146364,0
1789407883112864615,58831316,72,0,146364,0
1789407884142589040,58830172,216,0,146364,0
1789407885172938150,58831960,360,0,146364,0
1789407886203266159,58836852,388,0,146364,0
1789407887233018425,58835884,0,0,146364,0
1789407888260968842,58835924,72,0,146364,0
1789407889288401183,58836260,92,0,146364,0
1789407890315498640,58835532,244,0,146364,0
1789407891342214307,58835304,256,0,146364,0
1789407892369204998,58835140,276,0,146364,0
1789407893395882962,58835196,60,0,146364,0
1789407894422694254,58834812,80,0,146364,0
1789407895449339564,58834140,216,0,146364,0
1789407896475735179,58833732,240,0,146364,0
1789407897503046134,58835300,176,0,146364,0
1789407898529532363,58833848,56,0,146364,0
1789407899556526140,58832944,72,0,146364,0
1789407900583168284,58833736,200,0,146364,0
1789407901610222665,58832296,220,0,146364,0
1789407902636798863,58832652,188,0,146364,0
1789407903663385328,58833160,32,0,146364,0
1789407904689287172,58833228,76,0,146364,0
1789407905715371007,58836300,248,0,146364,0
1789407906741526670,58834800,260,0,146364,0
1789407907767722319,58833812,264,0,146364,0
1789407908794014936,58833172,60,0,146364,0
1789407909820790446,58832212,80,0,146364,0
1789407910847516696,58831252,92,0,146364,0
1789407911874288287,58831088,212,0,146364,0
1789407912900950529,58831892,232,0,146364,0
1789407913927697087,58830684,64,0,146364,0
1789407914954283051,58829992,192,0,146364,0
1789407915981135232,58829808,208,0,146364,0
1789407917007710759,58831596,228,0,146364,0
1789407918034058370,58831612,0,72,146364,0
1789407919060564516,58830432,64,0,146364,0
1789407920087093948,58830004,188,0,146364,0
1789407921113600802,58829804,196,0,146364,0
1789407922140318937,58829588,212,0,146364,0
1789407923166318705,58829408,0,32,146364,0
1789407924192332558,58829184,64,0,146364,0
1789407925218584149,58829468,184,0,146364,0
1789407926245452878,58834064,200,0,146364,0
1789407927272091182,58832076,216,0,146364,0
1789407928298569167,58831868,232,0,146364,0
1789407929325134248,58831676,60,60,146364,0
1789407930351922119,58831960,192,0,146364,0
1789407931378336681,58830284,208,0,146364,0
1789407932404930990,58830368,224,0,146364,0
1789407933431469566,58829628,0,60,146364,0
1789407934457951656,58829400,64,0,146364,0
1789407935484561036,58829436,80,0,146364,0
1789407936511119208,58828720,208,0,146364,0
1789407937538542539,58828260,228,0,146364,0
1789407938567661857,58829560,252,0,146364,0
1789407939597400485,58830756,48,0,146364,0
1789407940624517485,58828584,176,0,146364,0
1789407941651890474,58827400,192,0,146364,0
1789407942681738807,58827488,212,0,146364,0
1789407943708351467,58827572,8,0,146364,0
1789407944734630162,58828268,64,0,146364,0
1789407945762664791,58826320,204,0,146364,0
1789407946792522608,58825368,208,0,146364,0
1789407947818896168,58827136,220,0,146364,0
1789407948846426053,58826920,240,0,146364,0
1789407949876507645,58824208,64,0,146364,0
1789407950903858352,58825512,196,0,146364,0
1789407951930330734,58825320,212,0,146364,0
1789407952957537317,58825628,228,0,146364,0
1789407953987005268,58827448,12,0,146364,0
1789407955013789542,58827496,172,0,146364,0
1789407956040938675,58829552,184,0,146364,0
1789407957068761294,58830076,200,0,146364,0
1789407958097829183,58830100,220,0,146364,0
1789407959124032332,58829644,144,4,146364,0
1789407960150515712,58829156,176,0,146364,0
1789407961180219655,58830012,200,0,146364,0
1789407962207441118,58830044,208,0,146364,0
1789407963234106340,58830560,224,0,146364,0
1789407964261478257,58830600,240,0,146364,0
1789407965290494488,58829384,172,0,146364,0
1789407966317126808,58829652,188,0,146364,0
1789407967343062324,58829944,200,0,146364,0
1789407968372391412,58829212,220,0,146364,0
1789407969401562718,58828744,4,60,146364,0
1789407970428467280,58827256,176,0,146364,0
1789407971454799406,58828324,184,0,146364,0
1789407972483163211,58829708,212,0,146364,0
1789407973509655831,58831820,220,0,146364,0
1789407974535986908,58831876,236,0,146364,0
1789407975563934200,58830916,48,0,146364,0
1789407976593932572,58829700,192,0,146364,0
1789407977620533568,58830276,208,0,146364,0
1789407978647857440,58832052,224,0,146364,0
1789407979676698675,58831832,40,44,146364,0
1789407980706307786,58833620,176,0,146364,0
1789407981733166059,58833452,196,0,146364,0
1789407982760581363,58834240,212,0,146364,0
1789407983790625385,58834256,228,0,146364,0
1789407984818175516,58833532,0,64,146364,0
1789407985845005129,58833648,156,0,146364,0
1789407986872515826,58833696,184,0,146364,0
1789407987901832068,58832208,200,0,146364,0
1789407988928580990,58831500,216,0,146364,0
1789407989955874319,58831268,112,0,146364,0
1789407990986373878,58830060,172,0,146364,0
1789407992014644801,58831112,188,0,146364,0
1789407993041368775,58832196,216,0,146364,0
1789407994068612345,58832768,224,0,146364,0
1789407995097828694,58830292,0,84,146364,0
1789407996124505682,58828368,68,0,146364,0
1789407997151722826,58828184,84,0,146364,0
1789407998178630665,58829996,104,0,146364,0
1789407999205619609,58829780,116,0,146364,0
1789408000232735395,58830092,0,0,146364,0
1789408001260140695,58827912,64,0,146364,0
1789408002290099554,58827692,76,0,146364,0
1789408003320555126,58826996,96,0,146364,0
1789408004350348811,58825780,112,0,146364,0
1789408005378089888,58827500,368,0,146364,0
1789408006407847939,58828500,192,0,146364,0
1789408007438193892,58828360,216,0,146364,0
1789408008469308479,58828008,260,0,146364,0
1789408009499125581,58828284,280,0,146364,0
1789408010528894581,58829184,0,0,146364,0
1789408011558560104,58828036,64,0,146364,0
1789408012588277624,58828096,88,0,146364,0
1789408013618733217,58827416,92,0,146364,0
1789408014648835498,58828980,284,0,146364,0
1789408015678205029,58830052,420,0,146364,0
1789408016708350072,58826640,172,0,146364,0
1789408017738314169,58828680,228,0,146364,0
1789408018768476599,58830228,240,0,146364,0
1789408019798290071,58831788,252,0,146364,0
1789408020828272649,58831816,384,0,146364,0
1789408021858342784,58830604,60,0,146364,0
1789408022888525943,58831204,80,0,146364,0
1789408023917913017,58831980,100,0,146364,0
1789408024944117177,58834284,128,0,146364,0
1789408025969840516,58835316,264,0,146364,0
1789408026995481928,58834096,40,0,146364,0
1789408028021832499,58834880,68,0,146364,0
1789408029048181702,58835464,92,0,146364,0
1789408030075168494,58835480,216,0,146364,0
1789408031105379529,58835004,236,0,146364,0
1789408032134856508,58834144,40,0,146364,0
1789408033165058262,58835076,212,0,146364,0
1789408034194966645,58833596,224,0,146364,0
1789408035224984832,58832844,384,0,146364,0
1789408036254856333,58831848,400,0,146364,0
1789408037284794988,58828360,36,0,146364,0
1789408038312218850,58828200,204,0,146364,0
1789408039341585218,58828476,224,0,146364,0
1789408040371231874,58828792,336,0,146364,0
1789408041400913940,58827368,360,0,146364,0
1789408042430900913,58829756,28,0,146364,0
1789408043461163246,58830052,68,0,146364,0
1789408044490824598,58829380,92,0,146364,0
1789408045521402888,58830696,236,0,146364,0
1789408046551600002,58832004,244,0,146364,0
1789408047581844473,58830372,88,36,146364,0
1789408048611608279,58829692,64,0,146364,0
1789408049641774078,58831480,88,0,146364,0
1789408050671728155,58830560,212,0,146364,0
1789408051702188744,58830632,228,0,146364,0
1789408052731942614,58830396,0,76,146364,0
1789408053758596217,58830964,72,0,146364,0
1789408054784992961,58830476,96,0,146364,0
1789408055811430906,58830488,208,0,146364,0
1789408056838291898,58829732,428,0,146364,0
1789408057865473004,58831060,84,272,146364,0
1789408058895591860,58830884,72,0,146364,0
1789408059926179959,58831644,88,0,146364,0
1789408060956688171,58831500,240,0,146364,0
1789408061986610220,58829296,260,0,146364,0
1789408063017076600,58829320,24,0,146364,0
1789408064046901426,58830156,80,0,146364,0
1789408065075525655,58829724,196,0,146364,0
1789408066105798660,58827816,212,0,146364,0
1789408067136360436,58827336,228,0,146364,0
1789408068166312070,58826872,0,80,146364,0
1789408069196323968,58827680,64,0,146364,0
1789408070226835938,58827904,180,0,146364,0
1789408071256968541,58826216,192,0,146364,0
1789408072287184862,58826012,204,0,146364,0
1789408073317059872,58825868,4,64,146364,0
1789408074346629242,58825700,72,0,146364,0
1789408075376701523,58824964,196,0,146364,0
1789408076406608249,58824592,212,0,146364,0
1789408077436508402,58825924,228,0,146364,0
1789408078466482078,58826008,0,132,146364,0
1789408079496663156,58825552,64,0,146364,0
1789408080526279906,58825856,192,0,146364,0
1789408081552900428,58825372,204,0,146364,0
1789408082579402706,58827192,232,0,146364,0
1789408083606213572,58826212,236,0,146364,0
1789408084632860900,58825008,72,0,146364,0
1789408085659163600,58824776,84,0,146364,0
1789408086686575700,58824308,204,0,146364,0
1789408087716854900,58826108,212,0,146364,0
1789408088746797593,58826760,216,24,146364,0
1789408089777017100,58826064,44,0,146364,0
1789408090807282169,58827128,72,0,146364,0
1789408091837998134,58827656,212,0,146364,0
1789408092868466402,58829724,216,0,146364,0
1789408093898684389,58828548,232,0,146364,0
1789408094928992593,58827352,68,0,146364,0
1789408095959018901,58827184,180,0,146364,0
1789408096989025389,58826476,200,0,146364,0
1789408098019291436,58825996,208,0,146364,0
1789408099049660622,58824520,128,24,146364,0
1789408100079917638,58823788,160,0,146364,0
1789408101109877201,58823056,176,0,146364,0
1789408102139838651,58822644,188,0,146364,0
1789408103170299929,58821340,204,0,146364,0
1789408104200850023,58820928,0,32,146364,0
1789408105231051712,58824296,168,0,146364,0
1789408106261783774,58823316,176,0,146364,0
1789408107292278237,58823952,192,0,146364,0
1789408108322565450,58825072,204,0,146364,0
1789408109352312723,58826860,0,60,146364,0
1789408110378878134,58824660,40,0,146364,0
1789408111405707811,58826988,184,0,146364,0
1789408112432667844,58827276,204,0,146364,0
1789408113459371129,58827532,212,0,146364,0
1789408114486390296,58827588,232,0,146364,0
1789408115517027033,58825616,40,0,146364,0
1789408116547812013,58826140,164,0,146364,0
1789408117578486369,58825732,184,0,146364,0
1789408118608969120,58828324,188,0,146364,0
1789408119639378897,58825240,208,0,146364,0
1789408120669770796,58825904,148,0,146364,0
1789408121699721559,58825428,168,0,146364,0
1789408122729617166,58824740,180,0,146364,0
1789408123759656761,58826604,196,0,146364,0
1789408124789583561,58825184,216,0,146364,0
1789408125819388493,58825000,40,0,146364,0
1789408126849615205,58825020,168,0,146364,0
1789408127880577640,58825156,176,0,146364,0
1789408128911389016,58825304,372,0,146364,0
1789408129941825900,58825624,380,0,146364,0
1789408130972582573,58825480,188,0,146364,0
1789408132002893995,58826060,220,0,146364,0
1789408133033049032,58827624,228,0,146364,0
1789408134062751430,58828924,248,0,146364,0
1789408135092589659,58830784,0,24,146364,0
1789408136122525424,58830812,0,0,146364,0
1789408137152211150,58831380,88,0,146364,0
1789408138178927539,58832676,104,0,146364,0
1789408139205981267,58831692,116,0,146364,0
1789408140232756478,58831232,0,0,146364,0
1789408141259349186,58831744,48,0,146364,0
1789408142285757570,58832280,68,0,146364,0
1789408143313154238,58832332,88,0,146364,0
1789408144343513653,58833656,108,0,146364,0
1789408145373659083,58834472,0,0,146364,0
1789408146403638906,58836772,64,0,146364,0
1789408147434564006,58835280,80,0,146364,0
1789408148464823735,58834576,88,0,146364,0
1789408149495082119,58834124,108,0,146364,0
1789408150525592114,58832388,8,0,146364,0
1789408151556742499,58831476,72,0,146364,0
1789408152587504721,58829020,84,0,146364,0
1789408153618027124,58826800,100,0,146364,0
1789408154648804358,58826604,116,0,146364,0
1789408155679116905,58825632,4,60,146364,0
1789408156710290377,58825684,68,0,146364,0
1789408157740903616,58825720,80,0,146364,0
1789408158771345880,58825788,100,0,146364,0
1789408159801757046,58824040,220,0,146364,0
1789408160832392644,58823564,0,0,146364,0
1789408161862750673,58823936,60,0,146364,0
1789408162892864452,58825224,76,0,146364,0
1789408163922740586,58827048,92,0,146364,0
1789408164953342037,58828116,200,0,146364,0
1789408165983175354,58828436,20,0,146364,0
1789408167010069572,58829736,80,0,146364,0
1789408168036984211,58829024,92,0,146364,0
1789408169063802927,58827308,112,0,146364,0
1789408170090476344,58827616,220,0,146364,0
1789408171117926159,58825636,12,0,146364,0
1789408172148290855,58826684,72,0,146364,0
1789408173178490741,58827252,88,0,146364,0
1789408174209174222,58825752,104,0,146364,0
1789408175239361031,58825320,224,0,146364,0
1789408176269771822,58823896,12,64,146364,0
1789408177299816913,58822604,388,0,146364,0
1789408178329956675,58822920,404,0,146364,0
1789408179360019668,58822940,424,0,146364,0
1789408180390570325,58821468,440,0,146364,0
1789408181420643769,58821152,336,124,146364,0
1789408182450907021,58819436,232,0,146364,0
1789408183481161045,58821024,376,0,146364,0
1789408184511265189,58822836,412,0,146364,0
1789408185542052195,58825788,444,0,146364,0
1789408186572449897,58825936,632,0,146364,0
1789408187602982781,58825560,276,0,146364,0
1789408188633332094,58825624,420,0,146364,0
1789408189663672546,58826016,440,0,146364,0
1789408190693797010,58826584,452,0,146364,0
1789408191724295660,58825632,8,0,146364,0
1789408192755058141,58826972,60,0,146364,0
1789408193784635801,58827652,212,0,146364,0
1789408194811606917,58826944,224,0,146364,0
1789408195838467212,58827048,236,0,146364,0
1789408196864919112,58828840,244,0,146364,0
1789408197891171058,58828664,172,0,146364,0
1789408198918233474,58828212,188,0,146364,0
1789408199945436437,58827752,196,0,146364,0
1789408200972371273,58825460,216,0,146364,0
1789408201999399200,58826452,20,0,146364,0
1789408203026184589,58827984,156,0,146364,0
1789408204052955593,58827792,184,0,146364,0
1789408205080192790,58828080,188,0,146364,0
1789408206106825308,58830116,216,0,146364,0
1789408207133851553,58830428,0,0,146364,0
1789408208160661965,58829976,172,0,146364,0
1789408209186753494,58830304,180,0,146364,0
1789408210213792477,58829568,208,0,146364,0
1789408211240686174,58828372,212,0,146364,0
1789408212267103872,58826924,8,0,146364,0
1789408213294156349,58827736,156,0,146364,0
1789408214320847288,58827256,176,0,146364,0
1789408215347532047,58825768,180,0,146364,0
1789408216373926365,58825836,204,0,146364,0
1789408217399874958,58825640,0,0,146364,0
1789408218426471884,58825160,60,0,146364,0
1789408219453124939,58824936,164,0,146364,0
1789408220479580565,58824236,184,0,146364,0
1789408221506111499,58823508,196,0,146364,0
1789408222532993781,58823840,216,0,146364,0
1789408223560010546,58824136,36,0,146364,0
1789408224586498300,58824444,176,0,146364,0
1789408225613106909,58824480,188,0,146364,0
1789408226639923486,58826020,208,0,146364,0
1789408227666825154,58826588,224,0,146364,0
1789408228693702262,58825352,152,0,146364,0
1789408229720513379,58825644,192,0,146364,0
1789408230747084735,58826924,208,0,146364,0
1789408231774192617,58825956,228,0,146364,0
1789408232800951650,58825988,240,0,146364,0
1789408233827435095,58824872,140,0,146364,0
1789408234854143363,58824900,168,0,146364,0
1789408235881886364,58824444,188,0,146364,0
1789408236911576979,58826736,200,0,146364,0
1789408237938876790,58828048,216,0,146364,0
1789408238966207344,58827136,52,0,146364,0
1789408239995621689,58827448,84,0,146364,0
1789408241022145045,58826748,100,0,146364,0
1789408242049486901,58826580,108,0,146364,0
1789408243079375149,58826340,224,0,146364,0
1789408244106148660,58825148,48,0,146364,0
1789408245133088177,58826180,72,0,146364,0
1789408246162589621,58830556,84,0,146364,0
1789408247190658699,58830124,104,0,146364,0
1789408248217222088,58831444,0,0,146364,0
1789408249245293037,58831088,60,0,146364,0
1789408250274934291,58830956,264,0,146364,0
1789408251301044711,58829776,284,0,146364,0
1789408252328601332,58829040,296,0,146364,0
1789408253358779070,58828928,0,76,146364,0
1789408254385346462,58829820,176,0,146364,0
1789408255412732642,58830140,180,0,146364,0
1789408256441221347,58828992,208,0,146364,0
1789408257468882706,58830304,220,0,146364,0
1789408258495454279,58830084,0,0,146364,0
1789408259523162076,58831160,40,0,146364,0
1789408260554117597,58831168,88,0,146364,0
1789408261580920100,58832696,88,0,146364,0
1789408262608562664,58833496,116,0,146364,0
1789408263637765846,58832316,0,0,146364,0
1789408264664091830,58832624,60,0,146364,0
1789408265691046205,58832664,64,0,146364,0
1789408266718976653,58830620,96,0,146364,0
1789408267747014004,58830652,104,0,146364,0
1789408268773558236,58828680,128,0,146364,0
1789408269800335424,58828248,44,0,146364,0
1789408270829678145,58826812,84,0,146364,0
1789408271856782560,58826632,88,0,146364,0
1789408272883753236,58825712,116,0,146364,0
1789408273912996004,58826808,0,0,146364,0
1789408274939439152,58827928,60,0,146364,0
1789408275966564088,58829488,76,0,146364,0
1789408276994645033,58829808,92,0,146364,0
1789408278022653057,58830648,204,0,146364,0
1789408279048437501,58830792,12,0,146364,0
1789408280075401273,58829864,76,0,146364,0
1789408281104149139,58829144,92,0,146364,0
1789408282130570467,58828204,104,0,146364,0
1789408283157442430,58826776,124,0,146364,0
1789408284186614300,58827824,228,0,146364,0
1789408285213115165,58827940,76,0,146364,0
1789408286240088677,58831508,88,0,146364,0
1789408287269726909,58830520,100,0,146364,0
1789408288296547450,58829164,216,0,146364,0
1789408289323260615,58828188,0,44,146364,0
1789408290350515439,58827232,64,0,146364,0
1789408291380032369,58825756,84,0,146364,0
1789408292406434492,58826796,92,0,146364,0
1789408293433156938,58828560,104,0,146364,0
1789408294461217201,58828332,252,0,146364,0
1789408295486791343,58828384,80,0,146364,0
1789408296512729390,58827916,100,0,146364,0
1789408297539283010,58828000,116,0,146364,0
1789408298564916577,58829040,220,0,146364,0
1789408299591470732,58828232,0,84,146364,0
1789408300618090690,58828504,64,0,146364,0
1789408301644579371,58828764,72,0,146364,0
1789408302671032068,58828296,92,0,146364,0
1789408303697574486,58828052,108,0,146364,0
1789408304723301985,58826324,0,4,146364,0
1789408305748612923,58824380,52,0,146364,0
1789408306774890551,58825148,64,0,146364,0
1789408307800994328,58827192,88,0,146364,0
1789408308827634535,58828328,192,0,146364,0
1789408309853967377,58826656,0,112,146364,0
1789408310880762774,58827204,56,0,146364,0
1789408311910067679,58827488,76,0,146364,0
1789408312937090056,58827028,96,0,146364,0
1789408313967296894,58827600,204,0,146364,0
1789408314997026592,58827144,12,0,146364,0
1789408316024629105,58825404,68,0,146364,0
1789408317054026707,58823924,84,0,146364,0
1789408318081023174,58825208,104,0,146364,0
1789408319108467691,58826756,220,0,146364,0
1789408320138723371,58826804,32,0,146364,0
1789408321166481569,58825568,72,0,146364,0
1789408322194656606,58825380,92,0,146364,0
1789408323224448444,58825684,204,0,146364,0
1789408324251198472,58825716,224,0,146364,0
1789408325280769218,58825244,20,0,146364,0
1789408326309823840,58825256,64,0,146364,0
1789408327337285400,58827348,72,0,146364,0
1789408328367327633,58826444,92,0,146364,0
1789408329396162169,58827528,208,0,146364,0
1789408330423205094,58827792,8,0,146364,0
1789408331452986503,58826808,72,0,146364,0
1789408332481001681,58827444,88,0,146364,0
1789408333508525387,58829308,200,0,146364,0
1789408334538175384,58831088,204,0,146364,0
1789408335566122199,58829204,0,56,146364,0
1789408336594128506,58830012,60,0,146364,0
1789408337624614880,58830312,84,0,146364,0
1789408338652179992,58828624,204,0,146364,0
1789408339680659289,58828144,220,0,146364,0
1789408340710426626,58828476,0,144,146364,0
1789408341737392501,58828512,68,0,146364,0
1789408342765888567,58826776,84,0,146364,0
1789408343791971635,58827376,100,0,146364,0
1789408344818280694,58829668,216,0,146364,0
1789408345844341159,58829976,0,96,146364,0
1789408346871122575,58830572,44,0,146364,0
1789408347897170517,58832380,76,0,146364,0
1789408348923903888,58832180,196,0,146364,0
1789408349954071293,58831852,220,0,146364,0
1789408350983397045,58830432,8,0,146364,0
1789408352013547171,58830960,200,0,146364,0
1789408353043687710,58832108,372,0,146364,0
1789408354074024630,58832396,372,0,146364,0
1789408355103458123,58833828,416,0,146364,0
1789408356133742812,58832376,428,0,146364,0
1789408357163450810,58831176,60,0,146364,0
1789408358193612991,58832728,184,0,146364,0
1789408359223473495,58832332,200,0,146364,0
1789408360253493523,58832648,216,0,146364,0
1789408361284076681,58833720,224,0,146364,0
1789408362313875116,58832224,52,0,146364,0
1789408363343287565,58831520,84,0,146364,0
1789408364372874672,58831340,196,0,146364,0
1789408365403015392,58828400,212,0,146364,0
1789408366433468888,58828968,240,0,146364,0
1789408367463934193,58829596,40,0,146364,0
1789408368494768919,58828596,188,0,146364,0
1789408369524675098,58828156,208,0,146364,0
1789408370555114247,58827944,220,0,146364,0
1789408371585118039,58829016,360,0,146364,0
1789408372611839282,58828468,52,0,146364,0
1789408373638618066,58827248,200,0,146364,0
1789408374665161699,58825804,328,0,146364,0
1789408375691818564,58828596,340,0,146364,0
1789408376718991375,58827892,364,0,146364,0
1789408377749247515,58827480,424,0,146364,0
1789408378779058035,58826736,168,0,146364,0
1789408379809256666,58825520,208,0,146364,0
1789408380839377186,58824796,216,0,146364,0
1789408381869764837,58823056,268,0,146364,0
1789408382899743769,58823100,28,0,146364,0
1789408383930085760,58823144,72,0,146364,0
1789408384960479986,58823720,80,0,146364,0
1789408385990810043,58824248,240,0,146364,0
1789408387018630131,58823520,268,0,146364,0
1789408388049055067,58823812,32,0,146364,0
1789408389079352480,58824112,76,0,146364,0
1789408390109231853,58823408,92,0,146364,0
1789408391139854743,58822208,204,0,146364,0
1789408392170383345,58822580,228,0,146364,0
1789408393200957546,58822632,20,0,146364,0
1789408394231233434,58823976,68,0,146364,0
1789408395262938172,58823824,92,0,146364,0
1789408396294485884,58823376,216,0,146364,0
1789408397324832866,58823656,240,0,146364,0
1789408398355155682,58823392,8,0,146364,0
1789408399385103355,58823288,72,0,146364,0
1789408400411951954,58825336,76,0,146364,0
1789408401438623381,58826920,200,0,146364,0
1789408402465918860,58825968,212,0,146364,0
1789408403493042176,58825260,12,0,146364,0
1789408404520206480,58826540,72,0,146364,0
1789408405547517475,58825304,84,0,146364,0
1789408406577730448,58826612,196,0,146364,0
1789408407608777543,58827172,220,0,146364,0
1789408408639752332,58825192,8,0,146364,0
1789408409671846215,58823948,56,0,146364,0
1789408410703370785,58824236,80,0,146364,0
1789408411734549882,58823068,188,0,146364,0
1789408412764170343,58822624,204,0,146364,0
1789408413793609410,58823404,192,0,146364,0
1789408414822061614,58821948,68,0,146364,0
1789408415851376100,58820484,188,0,146364,0
1789408416881817613,58820076,204,0,146364,0
1789408417912254068,58822104,220,0,146364,0
1789408418942647602,58822928,236,0,146364,0
1789408419972148690,58822192,44,0,146364,0
1789408421002067043,58823244,168,0,146364,0
1789408422031971255,58822800,188,0,146364,0
1789408423061671977,58821960,212,0,146364,0
1789408424091428650,58821012,0,4,146364,0
1789408425121513775,58822564,64,0,146364,0
1789408426151756314,58823128,180,0,146364,0
1789408427181326445,58824168,200,0,146364,0
1789408428210374791,58824744,216,0,146364,0
1789408429236351755,58826532,0,0,146364,0
1789408430262603056,58826056,48,0,146364,0
1789408431288890203,58826696,160,0,146364,0
1789408432314821811,58827512,180,0,146364,0
1789408433341704816,58829120,200,0,146364,0
1789408434371396966,58828000,184,0,146364,0
1789408435401002252,58828300,48,0,146364,0
1789408436430604441,58828208,180,0,146364,0
1789408437460639472,58828804,200,0,146364,0
1789408438490290989,58829392,212,0,146364,0
1789408439520657669,58829756,36,0,146364,0
1789408440550691869,58828324,52,0,146364,0
1789408441580696361,58827656,72,0,146364,0
1789408442610999135,58827788,184,0,146364,0
1789408443641118655,58828632,204,0,146364,0
1789408444670662846,58828192,4,60,146364,0
1789408445700451621,58827212,60,0,146364,0
1789408446730562352,58826768,168,0,146364,0
1789408447760555799,58825568,196,0,146364,0
1789408448790328342,58825084,208,0,146364,0
1789408449820529939,58826112,224,0,146364,0
1789408450850399186,58825940,60,0,146364,0
1789408451880798022,58825460,176,0,146364,0
1789408452911082776,58824988,188,0,146364,0
1789408453941611426,58826068,208,0,146364,0
1789408454971381172,58825388,220,0,146364,0
1789408455999236764,58823388,140,0,146364,0
1789408457025158654,58822932,184,0,146364,0
1789408458051696802,58822236,204,0,146364,0
1789408459078275998,58823560,216,0,146364,0
1789408460105057931,58822588,240,0,146364,0
1789408461131833669,58823640,152,0,146364,0
1789408462158837888,58823168,188,0,146364,0
1789408463188754136,58822388,196,0,146364,0
1789408464216613210,58820736,220,0,146364,0
1789408465246588596,58820256,232,0,146364,0
1789408466276825851,58819368,136,0,146364,0
1789408467306439435,58818188,176,0,146364,0
1789408468336568517,58817004,196,0,146364,0
1789408469366804166,58818848,212,0,146364,0
1789408470396885007,58818168,224,0,146364,0
1789408471426878139,58818460,120,0,146364,0
1789408472456995057,58820272,164,0,146364,0
1789408473486751289,58820048,176,0,146364,0
1789408474516962395,58818844,204,0,146364,0
1789408475547085843,58820168,216,0,146364,0
1789408476577485083,58820512,136,0,146364,0
1789408477608031202,58819532,180,0,146364,0
1789408478638024977,58818376,200,0,146364,0
1789408479668459244,58818896,220,0,146364,0
1789408480698656436,58819444,236,0,146364,0
1789408481729030384,58818272,28,88,146364,0
1789408482758837065,58819652,180,0,146364,0
1789408483789508659,58819508,192,0,146364,0
1789408484818626518,58820588,220,0,146364,0
1789408485845499181,58819352,232,0,146364,0
1789408486872550932,58818144,252,0,146364,0
1789408487899410172,58818224,172,0,146364,0
1789408488926340445,58818552,188,0,146364,0
1789408489953786981,58819408,200,0,146364,0
1789408490984296160,58820492,212,0,146364,0
1789408492014609567,58819044,12,0,146364,0
1789408493044600004,58820468,372,0,146364,0
1789408494074614878,58821804,384,0,146364,0
1789408495104732392,58821692,428,0,146364,0
1789408496134447459,58820248,436,0,146364,0
1789408497162792462,58823624,16,0,146364,0
1789408498193158071,58824440,188,0,146364,0
1789408499223188384,58823768,208,0,146364,0
1789408500253068476,58824072,224,0,146364,0
1789408501283438938,58824336,232,0,146364,0
1789408502313951073,58824324,0,0,146364,0
1789408503344327454,58824156,192,0,146364,0
1789408504374378365,58825240,212,0,146364,0
1789408505404405691,58824848,228,0,146364,0
1789408506434616497,58823956,252,0,146364,0
1789408507465015063,58824312,4,0,146364,0
1789408508494817584,58823136,172,0,146364,0
1789408509524426682,58821748,200,0,146364,0
1789408510554466170,58823452,384,0,146364,0
1789408511584701422,58824516,396,0,146364,0
1789408512614480045,58825040,8,0,146364,0
1789408513641204951,58824340,188,0,146364,0
1789408514667854071,58827004,320,0,146364,0
1789408515693886140,58826532,344,0,146364,0
1789408516720299597,58826080,356,0,146364,0
1789408517746875721,58826612,268,100,146364,0
1789408518774502038,58826916,176,0,146364,0
1789408519804664896,58829044,200,0,146364,0
1789408520835107067,58828352,216,0,146364,0
1789408521865001178,58827900,228,0,146364,0
1789408522895079193,58828988,112,0,146364,0
1789408523926466290,58828320,168,0,146364,0
1789408524956762403,58827616,180,0,146364,0
1789408525986987920,58829172,200,0,146364,0
1789408527017149616,58827428,224,0,146364,0
1789408528047294405,58824956,136,0,146364,0
1789408529077432837,58823800,184,0,146364,0
1789408530107233474,58821576,204,0,146364,0
1789408531137818946,58820396,220,0,146364,0
1789408532167702435,58818924,236,0,146364,0
1789408533197958013,58817200,248,0,146364,0
1789408534227942993,58819056,64,0,146364,0
1789408535258535738,58820908,80,0,146364,0
1789408536288834675,58819984,96,0,146364,0
1789408537319155793,58818060,116,0,146364,0
1789408538349210558,58817604,228,0,146364,0
1789408539379052671,58818460,56,0,146364,0
1789408540408663687,58816528,76,0,146364,0
1789408541438240975,58816108,108,0,146364,0
1789408542464876207,58815616,108,0,146364,0
1789408543491684399,58816464,232,0,146364,0
1789408544518257392,58816516,44,0,146364,0
1789408545544432333,58816332,76,0,146364,0
1789408546570720692,58819176,92,0,146364,0
1789408547597466394,58820444,96,0,146364,0
1789408548624511662,58820832,0,0,146364,0
1789408549651586474,58821612,56,0,146364,0
1789408550678308850,58820948,60,0,146364,0
1789408551704915176,58822240,96,0,146364,0
1789408552731831178,58821320,116,0,146364,0
1789408553758470023,58823100,124,0,146364,0
1789408554785122102,58823668,64,0,146364,0
1789408555811263690,58824248,80,0,146364,0
1789408556837899917,58823760,84,0,146364,0
1789408557864662947,58823604,108,0,146364,0
1789408558891349483,58824164,0,0,146364,0
1789408559918076096,58824224,56,0,146364,0
1789408560944897481,58824552,76,0,146364,0
1789408561971405178,58824020,96,0,146364,0
1789408562998111279,58824320,216,0,146364,0
1789408564024659171,58824368,16,0,146364,0
1789408565051055455,58823380,68,0,146364,0
1789408566077306452,58824504,88,0,146364,0
1789408567103849977,58825544,100,0,146364,0
1789408568130541549,58826376,120,0,146364,0
1789408569157574178,58826204,232,0,146364,0
1789408570184402049,58826036,64,0,146364,0
1789408571210794331,58825820,84,0,146364,0
1789408572237307215,58826080,92,0,146364,0
1789408573264012621,58825620,216,0,146364,0
1789408574290271806,58825712,8,0,146364,0
1789408575317686647,58826728,60,0,146364,0
1789408576347459422,58825824,76,0,146364,0
1789408577374411657,58825140,100,0,146364,0
1789408578401185216,58823928,120,0,146364,0
1789408579428441663,58823504,244,0,146364,0
1789408580458639558,58823272,48,0,146364,0
1789408581486860942,58823800,76,0,146364,0
1789408582513663759,58824836,92,0,146364,0
1789408583540455279,58826124,216,0,146364,0
1789408584568087133,58826404,224,0,146364,0
1789408585597327661,58827756,40,0,146364,0
1789408586624831243,58827012,76,0,146364,0
1789408587651698137,58825816,104,0,146364,0
1789408588677313250,58827084,116,0,146364,0
1789408589705891194,58828416,228,0,146364,0
1789408590732960285,58827932,64,0,146364,0
1789408591759604617,58827692,84,0,146364,0
1789408592786354864,58828516,88,0,146364,0
1789408593814056933,58827812,232,0,146364,0
1789408594844806703,58828648,240,0,146364,0
1789408595874204379,58826672,48,0,146364,0
1789408596900720795,58827280,68,0,146364,0
1789408597927196991,58827604,100,0,146364,0
1789408598955039391,58826864,208,0,146364,0
1789408599984784749,58826192,172,52,146364,0
1789408601011531642,58827476,56,0,146364,0
1789408602037920334,58827564,76,0,146364,0
1789408603064974870,58825660,92,0,146364,0
1789408604095075698,58824692,216,0,146364,0
1789408605124836808,58823488,224,0,146364,0
1789408606151556775,58827292,60,0,146364,0
1789408607178450931,58826580,72,0,146364,0
1789408608205992014,58826408,104,0,146364,0
1789408609235895687,58824460,204,0,146364,0
1789408610263582112,58822472,224,0,146364,0
1789408611290340470,58821016,60,0,146364,0
1789408612317022377,58817548,80,0,146364,0
1789408613345543989,58816544,88,0,146364,0
1789408614375098095,58816612,220,0,146364,0
1789408615401402432,58815628,0,72,146364,0
1789408616427537494,58818232,244,0,146364,0
1789408617454613574,58819348,256,0,146364,0
1789408618484695136,58820400,392,0,146364,0
1789408619514241826,58820024,428,0,146364,0
1789408620540595809,58822148,560,0,146364,0
1789408621566923036,58821444,172,0,146364,0
1789408622594317169,58822476,200,0,146364,0
1789408623623842168,58822344,216,0,146364,0
1789408624652880444,58822888,352,0,146364,0
1789408625679432297,58824452,376,0,146364,0
1789408626706867840,58825220,40,0,146364,0
1789408627735825430,58823976,68,0,146364,0
1789408628765756825,58823016,88,0,146364,0
1789408629792761182,58824040,332,0,146364,0
1789408630819443240,58826088,344,0,146364,0
1789408631846271919,58825856,48,0,146364,0
1789408632872996367,58826144,76,0,146364,0
1789408633899833915,58826660,80,0,146364,0
1789408634925980640,58828976,216,0,146364,0
1789408635952689557,58829268,240,0,146364,0
1789408636979361212,58829288,36,0,146364,0
1789408638006260592,58827824,168,0,146364,0
1789408639033043638,58828352,184,0,146364,0
1789408640059668856,58827624,200,0,146364,0
1789408641086402285,58827388,208,0,146364,0
1789408642113142450,58828176,28,0,146364,0
1789408643139983101,58826444,72,0,146364,0
1789408644166385300,58826752,192,0,146364,0
1789408645193201011,58827040,208,0,146364,0
1789408646219713945,58827348,224,0,146364,0
1789408647246467377,58828384,20,0,146364,0
1789408648273158381,58828664,168,0,146364,0
1789408649299762690,58830012,188,0,146364,0
1789408650326332621,58830816,200,0,146364,0
1789408651353070514,58828828,220,0,146364,0
1789408652379817318,58828356,240,0,146364,0
1789408653406157481,58827860,176,0,146364,0
1789408654432695751,58828168,180,0,146364,0
1789408655459505895,58829944,204,0,146364,0
1789408656486197189,58830064,208,0,146364,0
1789408657512788372,58830596,252,0,146364,0
1789408658539408101,58831400,168,0,146364,0
1789408659565994175,58829904,180,0,146364,0
1789408660592670016,58827324,204,0,146364,0
1789408661619284914,58825844,208,0,146364,0
1789408662646038455,58825140,244,0,146364,0
1789408663672685042,58823652,60,0,146364,0
1789408664699353168,58824228,180,0,146364,0
1789408665725832557,58823532,196,0,146364,0
1789408666752231476,58822824,204,0,146364,0
1789408667778762794,58822360,228,0,146364,0
1789408668805831958,58824396,172,0,146364,0
1789408669832699724,58825732,184,0,146364,0
1789408670859403933,58826548,188,0,146364,0
1789408671885411770,58826804,396,0,146364,0
1789408672912393079,58825112,400,0,146364,0
1789408673940298145,58825688,384,0,146364,0
1789408674970161935,58826728,416,0,146364,0
1789408675997189581,58827024,428,0,146364,0
1789408677024998684,58826372,456,0,146364,0
1789408678054664430,58827692,24,0,146364,0
1789408679081543132,58829020,196,0,146364,0
1789408680109472384,58826432,344,0,146364,0
1789408681138937965,58825808,412,0,146364,0
1789408682166588556,58824376,416,0,146364,0
1789408683193417041,58824396,508,0,146364,0
1789408684218252119,58824452,300,0,146364,0
1789408685247900535,58825108,356,0,146364,0
1789408686274659977,58825456,368,0,146364,0
1789408687302503485,58825976,376,0,146364,0
1789408688332701183,58825276,392,0,146364,0
1789408689359804494,58827080,68,0,146364,0
1789408690387319095,58826416,200,0,146364,0
1789408691415853031,58826688,268,0,146364,0
1789408692442577506,58827004,284,0,146364,0
1789408693470166818,58825428,540,0,146364,0
1789408694500340769,58826260,192,0,146364,0
1789408695527300675,58828372,228,0,146364,0
1789408696555112177,58827380,244,0,146364,0
1789408697584941733,58827936,248,0,146364,0
1789408698612249879,58827956,420,0,146364,0
1789408699638800812,58828016,52,0,146364,0
1789408700667569787,58825832,204,0,146364,0
1789408701695330095,58825032,272,0,146364,0
1789408702722474351,58824836,284,0,146364,0
1789408703750723719,58825708,0,84,146364,0
1789408704780224254,58827796,180,0,146364,0
1789408705806731876,58827564,188,0,146364,0
1789408706833835646,58828372,220,0,146364,0
1789408707863171782,58827748,228,0,146364,0
1789408708889300550,58825240,392,0,146364,0
1789408709915626652,58824396,192,0,146364,0
1789408710946544955,58824496,244,0,146364,0
1789408711973748628,58823260,308,0,146364,0
1789408713001429779,58823560,452,0,146364,0
1789408714031090570,58823876,12,0,146364,0
1789408715058155701,58826092,228,0,146364,0
1789408716084852424,58824912,236,0,146364,0
1789408717112445100,58824932,264,0,146364,0
1789408718141495990,58824852,296,0,146364,0
1789408719167907305,58824384,0,0,146364,0
1789408720195239241,58822980,176,0,146364,0
1789408721225384296,58821296,200,0,146364,0
1789408722251906541,58821432,280,0,146364,0
1789408723278782808,58820968,288,0,146364,0
1789408724308073663,58820344,0,0,146364,0
1789408725334560195,58820360,188,0,146364,0
1789408726362053648,58824256,252,0,146364,0
1789408727391769165,58823268,264,0,146364,0
1789408728418389624,58823956,416,0,146364,0
1789408729444777404,58824064,120,44,146364,0
1789408730473340490,58825132,168,0,146364,0
1789408731499893310,58824640,204,0,146364,0
1789408732527094253,58825416,268,0,146364,0
1789408733555747994,58824980,412,0,146364,0
1789408734583107023,58824928,460,0,146364,0
1789408735609439566,58823708,184,0,146364,0
1789408736636133911,58823232,220,0,146364,0
1789408737663016059,58823364,276,0,146364,0
1789408738689654966,58821880,464,0,146364,0
1789408739716065027,58823668,480,0,146364,0
1789408740743187326,58820576,64,0,146364,0
1789408741771057660,58820000,280,0,146364,0
1789408742802026485,58819040,312,0,146364,0
1789408743832188525,58819596,492,0,146364,0
1789408744862252829,58819004,540,0,146364,0
1789408745892440672,58822060,172,0,146364,0
1789408746922714227,58821364,208,0,146364,0
1789408747953117459,58820660,252,0,146364,0
1789408748983649940,58819596,424,0,146364,0
1789408750013664245,58819352,464,0,146364,0
1789408751043566741,58821264,208,0,146364,0
1789408752073807905,58821164,232,0,146364,0
1789408753104042645,58821260,384,0,146364,0
1789408754134613508,58821572,396,0,146364,0
1789408755164822691,58821572,4,44,146364,0
1789408756194629587,58822192,204,0,146364,0
1789408757224348716,58820032,304,0,146364,0
1789408758253889072,58816656,456,0,146364,0
1789408759281862117,58817140,480,0,146364,0
1789408760312256115,58817344,0,0,146364,0
1789408761342455433,58818188,216,0,146364,0
1789408762372854980,58818236,228,0,146364,0
1789408763402559662,58817600,384,0,146364,0
1789408764428057578,58819656,448,0,146364,0
1789408765454589257,58820188,160,64,146364,0
1789408766481492158,58820972,208,0,146364,0
1789408767508305232,58821748,244,0,146364,0
1789408768534875352,58824852,412,0,146364,0
1789408769561955456,58825112,436,0,146364,0
1789408770591951350,58828080,160,0,146364,0
1789408771622630144,58828096,64,0,146364,0
1789408772653165026,58830764,220,0,146364,0
1789408773683181944,58830276,268,0,146364,0
1789408774713783804,58830592,396,0,146364,0
1789408775743977013,58830488,0,236,146364,0
1789408776774541189,58830728,68,0,146364,0
1789408777804989092,58830052,220,0,146364,0
1789408778835119545,58829072,352,0,146364,0
1789408779865435925,58829728,396,0,146364,0
1789408780895937849,58829500,408,0,146364,0
1789408781926074031,58829116,56,0,146364,0
1789408782957108237,58828384,196,0,146364,0
1789408783987089349,58828500,332,0,146364,0
1789408785016312928,58829032,344,0,146364,0
1789408786046301891,58827804,412,0,146364,0
1789408787076713539,58829144,220,0,146364,0
1789408788106901823,58828940,284,0,146364,0
1789408789136738935,58829472,436,0,146364,0
1789408790167043059,58832268,444,0,146364,0
1789408791197247608,58828792,468,0,146364,0
1789408792227110486,58827840,28,0,146364,0
1789408793253439819,58827704,220,0,146364,0
1789408794280399477,58827092,248,0,146364,0
1789408795307371816,58827168,256,0,146364,0
1789408796333996864,58826168,264,0,146364,0
1789408797360694369,58827224,28,0,146364,0
1789408798388282972,58824984,80,0,146364,0
1789408799418496235,58825280,204,0,146364,0
1789408800448383798,58827608,252,0,146364,0
1789408801478445265,58826372,376,0,146364,0
1789408802508870940,58824752,240,0,146364,0
1789408803538692219,58825072,280,0,146364,0
1789408804569091711,58822860,296,0,146364,0
1789408805598896726,58821404,312,0,146364,0
1789408806628876762,58819532,332,0,146364,0
1789408807660362884,58819156,172,0,146364,0
1789408808690966802,58820192,220,0,146364,0
1789408809720579046,58822272,240,0,146364,0
1789408810750826163,58824184,304,0,146364,0
1789408811780366769,58823440,444,0,146364,0
1789408812810455365,58823228,44,0,146364,0
1789408813840407776,58822496,76,0,146364,0
1789408814871188485,58822320,96,0,146364,0
1789408815902313699,58820640,112,0,146364,0
1789408816934772558,58822044,252,0,146364,0
1789408817965327878,58822116,212,0,146364,0
1789408818995841037,58821404,248,0,146364,0
1789408820026168366,58821300,288,0,146364,0
1789408821053571923,58822316,304,0,146364,0
1789408822080707229,58825896,456,0,146364,0
1789408823107905377,58825212,52,0,146364,0
1789408824134702309,58824956,76,0,146364,0
1789408825161783516,58825012,92,0,146364,0
1789408826188980812,58829836,108,0,146364,0
1789408827219162768,58828616,220,0,146364,0
1789408828249798688,58825944,36,0,146364,0
1789408829280966774,58823008,292,0,146364,0
1789408830311828453,58822848,340,0,146364,0
1789408831342770336,58823976,404,0,146364,0
1789408832372399748,58824992,552,0,146364,0
1789408833402541675,58826276,76,0,146364,0
1789408834432338400,58827192,196,0,146364,0
1789408835462539605,58827716,212,0,146364,0
1789408836492368128,58828496,228,0,146364,0
1789408837522658582,58828372,360,0,146364,0
1789408838553312620,58827720,520,0,146364,0
1789408839583428667,58827372,248,0,146364,0
1789408840614356644,58826456,264,0,146364,0
1789408841644756962,58827056,296,0,146364,0
1789408842674757845,58826328,432,0,146364,0
1789408843704165672,58826464,120,0,146364,0
1789408844733409182,58825528,176,0,146364,0
1789408845762767909,58824608,188,0,146364,0
1789408846792723563,58825920,204,0,146364,0
1789408847822679827,58824492,328,0,146364,0
1789408848852075829,58824588,16,0,146364,0
1789408849878606024,58826636,72,0,146364,0
1789408850905300672,58825212,256,0,146364,0
1789408851932286956,58824612,408,0,146364,0
1789408852958667176,58825896,424,0,146364,0
1789408853985147602,58825956,28,0,146364,0
1789408855012449985,58826772,176,0,146364,0
1789408856042358536,58825804,192,0,146364,0
1789408857072402248,58825580,344,0,146364,0
1789408858102385002,58827168,360,0,146364,0
1789408859132448895,58825528,28,0,146364,0
1789408860162588337,58825616,208,0,146364,0
1789408861192997904,58826688,268,0,146364,0
1789408862222833791,58826628,400,0,146364,0
1789408863253004762,58827200,424,0,146364,0
1789408864283132772,58828032,28,0,146364,0
1789408865312053037,58828904,88,0,146364,0
1789408866341769855,58829468,100,0,146364,0
1789408867371509240,58828768,228,0,146364,0
1789408868401603828,58827812,248,0,146364,0
1789408869431432801,58826576,28,0,146364,0
1789408870461971402,58825364,64,0,146364,0
1789408871492459784,58824496,216,0,146364,0
1789408872522265061,58824320,380,0,146364,0
1789408873552845094,58824100,392,0,146364,0
1789408874583442811,58823620,440,0,146364,0
1789408875613011581,58822956,80,0,146364,0
1789408876643154278,58823836,200,0,146364,0
1789408877672973854,58823888,336,0,146364,0
1789408878699819649,58826244,348,0,146364,0
1789408879726295301,58824788,4,0,146364,0
1789408880752233117,58825876,56,0,146364,0
1789408881778896714,58823660,72,0,146364,0
1789408882805698283,58824100,388,0,146364,0
1789408883835839157,58824380,408,0,146364,0
1789408884865927184,58824552,0,0,146364,0
1789408885895690739,58823412,72,0,146364,0
1789408886926347422,58824160,216,0,146364,0
1789408887956885086,58825444,360,0,146364,0
1789408888986941476,58824480,384,0,146364,0
1789408890016740087,58824780,8,0,146364,0
1789408891045900180,58824640,64,0,146364,0
1789408892076065172,58822480,188,0,146364,0
1789408893106087812,58822344,216,0,146364,0
1789408894136068731,58821644,384,0,146364,0
1789408895166378741,58819688,0,0,146364,0
1789408896196281113,58819076,192,0,146364,0
1789408897226575303,58821460,312,0,146364,0
1789408898256768653,58823252,336,0,146364,0
1789408899286916535,58825576,372,0,146364,0
1789408900316785500,58823876,32,4,146364,0
1789408901346876415,58824652,52,0,146364,0
1789408902376540296,58824972,188,0,146364,0
1789408903406726463,58825112,348,0,146364,0
1789408904437869985,58822092,404,0,146364,0
1789408905467670457,58822140,428,0,146364,0
1789408906494532850,58820508,168,0,146364,0
1789408907521369110,58821300,200,0,146364,0
1789408908548162033,58823336,340,0,146364,0
1789408909574587297,58822604,360,0,146364,0
1789408910601231653,58822120,0,0,146364,0
1789408911628627778,58821144,56,0,146364,0
1789408912658908159,58819428,76,0,146364,0
1789408913689403653,58820460,204,0,146364,0
1789408914719488653,58819516,400,0,146364,0
1789408915749979261,58820812,0,0,146364,0
1789408916780542115,58819100,180,0,146364,0
1789408917810435863,58819976,312,0,146364,0
1789408918841256410,58821260,340,0,146364,0
1789408919870707804,58822300,352,0,146364,0
1789408920900560514,58822852,372,0,146364,0
1789408921930025862,58819396,60,0,146364,0
1789408922957569318,58818492,176,0,146364,0
1789408923988073234,58818052,196,0,146364,0
1789408925018496862,58816972,380,0,146364,0
1789408926049188168,58817052,400,0,146364,0
1789408927079339164,58816312,168,0,146364,0
1789408928108849292,58819008,396,0,146364,0
1789408929139323794,58820644,440,0,146364,0
1789408930170033561,58819188,452,0,146364,0
1789408931200935119,58819472,468,0,146364,0
1789408932230530372,58821044,200,0,146364,0
1789408933259451075,58820088,232,0,146364,0
1789408934289461476,58818948,260,0,146364,0
1789408935318702984,58817476,280,0,146364,0
1789408936348041671,58817608,452,0,146364,0
1789408937377411802,58817684,176,0,146364,0
1789408938406577935,58817716,308,0,146364,0
1789408939436085366,58820540,332,0,146364,0
1789408940465728250,58821356,356,0,146364,0
1789408941495321281,58821372,360,0,146364,0
1789408942523467039,58821692,176,0,146364,0
1789408943552209305,58821228,180,0,146364,0
1789408944581006698,58819580,208,0,146364,0
1789408945611398737,58817584,216,0,146364,0
1789408946640790030,58820216,60,0,146364,0
1789408947670234081,58819528,312,0,146364,0
1789408948699506513,58817776,328,0,146364,0
1789408949726066467,58817032,384,0,146364,0
1789408950752198299,58817912,404,0,146364,0
1789408951778273398,58818932,400,0,146364,0
1789408952804589814,58819252,172,0,146364,0
1789408953831327453,58819144,308,0,146364,0
1789408954858493822,58822476,320,0,146364,0
1789408955887171528,58823596,344,0,146364,0
1789408956917298779,58822528,4,0,146364,0
1789408957947285661,58823348,348,0,146364,0
1789408958977170789,58823460,368,0,146364,0
1789408960007336170,58822492,376,0,146364,0
1789408961037966829,58824848,436,0,146364,0
1789408962068605368,58824880,12,24,146364,0
1789408963098699321,58824960,328,0,146364,0
1789408964128890060,58825244,344,0,146364,0
1789408965159108949,58825544,356,0,146364,0
1789408966189671243,58824068,372,0,146364,0
1789408967220252726,58824936,12,0,146364,0
1789408968250501864,58825756,64,0,146364,0
1789408969280687302,58824604,268,0,146364,0
1789408970311090625,58823508,284,0,146364,0
1789408971341684241,58824796,304,0,146364,0
1789408972372232025,58824092,0,0,146364,0
1789408973402627527,58824388,72,0,146364,0
1789408974432463215,58823428,196,0,146364,0
1789408975462495744,58823508,212,0,146364,0
1789408976492770319,58823532,228,0,146364,0
1789408977522274257,58822076,8,0,146364,0
1789408978548677362,58822624,28,0,146364,0
1789408979575569525,58821936,84,0,146364,0
1789408980602115108,58822956,268,0,146364,0
1789408981628753887,58822516,288,0,146364,0
1789408982655713235,58823544,0,0,146364,0
1789408983682831628,58822832,64,0,146364,0
1789408984712759167,58822640,196,0,146364,0
1789408985743098404,58824684,236,0,146364,0
1789408986773769644,58825252,248,0,146364,0
1789408987804537458,58825520,264,16,146364,0
1789408988834556642,58823584,52,0,146364,0
1789408989864658799,58821904,72,0,146364,0
1789408990895009708,58819696,104,0,146364,0
1789408991925479483,58818944,288,0,146364,0
1789408992956478436,58819760,284,0,146364,0
1789408993986934356,58819840,180,0,146364,0
1789408995017636178,58821456,192,0,146364,0
1789408996048214604,58823568,236,0,146364,0
1789408997078840798,58821492,360,0,146364,0
1789408998109201526,58821008,0,80,146364,0
1789408999139370445,58819840,64,0,146364,0
1789409000169514444,58819452,196,0,146364,0
1789409001199988130,58818788,224,0,146364,0
1789409002230257783,58818328,396,0,146364,0
1789409003260292314,58817884,4,0,146364,0
1789409004290551418,58817992,52,0,146364,0
1789409005320859676,58817804,196,0,146364,0
1789409006350505942,58821652,200,0,146364,0
1789409007377357187,58820772,364,0,146364,0
1789409008404125823,58820836,16,0,146364,0
1789409009430855340,58819132,60,0,146364,0
1789409010457558811,58819404,76,0,146364,0
1789409011484852258,58818740,100,0,146364,0
1789409012515217517,58817072,212,0,146364,0
1789409013545805659,58816404,0,0,146364,0
1789409014575547509,58815484,176,0,146364,0
1789409015606032401,58817284,200,0,146364,0
1789409016636144112,58819836,228,0,146364,0
1789409017666651277,58821624,364,0,146364,0
1789409018696672840,58823028,0,208,146364,0
1789409019727094598,58822556,56,0,146364,0
1789409020757761595,58821720,72,0,146364,0
1789409021787532237,58821012,96,0,146364,0
1789409022818083380,58821140,224,0,146364,0
1789409023848504046,58821740,360,0,146364,0
1789409024879130966,58821532,156,216,146364,0
1789409025909139834,58824368,236,0,146364,0
1789409026940246455,58821896,248,0,146364,0
1789409027970766411,58822480,376,0,146364,0
1789409029001521756,58824040,416,0,146364,0
1789409030032030663,58824348,48,0,146364,0
1789409031062976968,58823432,76,0,146364,0
1789409032093749670,58825504,84,0,146364,0
1789409033124483741,58823772,212,0,146364,0
1789409034154599824,58822336,224,0,146364,0
1789409035181417822,58822408,168,0,146364,0
1789409036208226954,58821684,264,0,146364,0
1789409037234994796,58821200,280,0,146364,0
1789409038261733161,58821764,408,0,146364,0
1789409039288646579,58821324,428,0,146364,0
1789409040316005059,58822368,48,0,146364,0
1789409041345745405,58823404,196,0,146364,0
1789409042375310940,58824936,360,0,146364,0
1789409043404932112,58823324,384,0,146364,0
1789409044435133910,58822480,396,0,146364,0
1789409045465975746,58822008,36,0,146364,0
1789409046496247974,58822088,212,0,146364,0
1789409047526863650,58821412,380,0,146364,0
1789409048557237903,58821500,408,0,146364,0
1789409049587375601,58821092,436,0,146364,0
1789409050617469771,58822924,168,0,146364,0
1789409051647567970,58821680,188,0,146364,0
1789409052677612908,58823516,320,0,146364,0
1789409053708267837,58821956,336,0,146364,0
1789409054738936511,58820068,352,0,146364,0
1789409055769559495,58820836,20,0,146364,0
1789409056799877896,58823632,72,0,146364,0
1789409057830774470,58822432,364,0,146364,0
1789409058861562452,58820948,396,0,146364,0
1789409059891837837,58823252,436,0,146364,0
1789409060922599789,58822576,28,0,146364,0
1789409061953386909,58823884,76,0,146364,0
1789409062983558967,58822656,208,0,146364,0
1789409064010501761,58822972,224,0,146364,0
1789409065037273708,58822736,248,0,146364,0
1789409066064492906,58822804,36,0,146364,0
1789409067091398392,58821088,60,0,146364,0
1789409068118250249,58820204,368,0,146364,0
1789409069148567442,58821036,400,0,146364,0
1789409070178760561,58820392,420,0,146364,0
1789409071209047208,58822292,24,0,146364,0
1789409072239690436,58821404,204,0,146364,0
1789409073270026425,58819504,220,0,146364,0
1789409074300806114,58819836,232,0,146364,0
1789409075330979323,58820148,256,0,146364,0
1789409076362032598,58819952,28,0,146364,0
1789409077392393180,58819984,164,0,146364,0
1789409078422703871,58821048,180,0,146364,0
1789409079453169532,58821608,196,0,146364,0
1789409080483445987,58821392,212,0,146364,0
1789409081513568868,58821176,32,0,146364,0
1789409082543622623,58820976,168,0,146364,0
1789409083574093798,58821020,184,0,146364,0
1789409084604861824,58819372,212,0,146364,0
1789409085634702471,58818420,228,0,146364,0
1789409086663633002,58821148,24,0,146364,0
1789409087694766252,58821672,188,0,146364,0
1789409088725957824,58822248,208,0,146364,0
1789409089756602290,58823524,212,0,146364,0
1789409090786626436,58824180,240,0,146364,0
1789409091814212771,58824440,240,0,146364,0
1789409092841373140,58825040,68,0,146364,0
1789409093868222118,58825056,160,0,146364,0
1789409094894569896,58824392,172,0,146364,0
1789409095921435344,58825044,208,0,146364,0
1789409096948870868,58825364,8,0,146364,0
1789409097979646333,58824908,60,0,146364,0
1789409099010346576,58825480,80,0,146364,0
1789409100041398991,58824012,92,0,146364,0
1789409101071961003,58824828,120,0,146364,0
1789409102102576808,58825208,308,0,146364,0
1789409103133593816,58825772,356,0,146364,0
1789409104163947667,58825832,372,0,146364,0
1789409105194719937,58824676,392,0,146364,0
1789409106225160031,58823956,408,0,146364,0
1789409107255896036,58823524,12,0,146364,0
1789409108286498941,58823852,60,0,146364,0
1789409109316951234,58825168,88,0,146364,0
1789409110347258815,58825480,104,0,146364,0
1789409111378118242,58826288,120,0,146364,0
1789409112408503153,58824836,16,0,146364,0
1789409113438917250,58823608,68,0,146364,0
1789409114469403948,58824148,76,0,146364,0
1789409115499614284,58825464,104,0,146364,0
1789409116530346682,58825984,104,0,146364,0
1789409117560694718,58824528,12,0,146364,0
1789409118590491246,58827168,56,0,146364,0
1789409119617770893,58828968,76,0,146364,0
1789409120644766426,58828988,84,0,146364,0
1789409121672101766,58828260,116,0,146364,0
1789409122698896121,58829900,4,0,146364,0
1789409123725310221,58830440,56,0,146364,0
1789409124752023451,58830720,84,0,146364,0
1789409125782787344,58831500,100,0,146364,0
1789409126813585126,58830760,108,0,146364,0
1789409127844348822,58829820,0,60,146364,0
1789409128874991520,58831392,56,0,146364,0
1789409129905763609,58830956,72,0,146364,0
1789409130936429691,58833040,88,0,146364,0
1789409131967182617,58833164,108,0,146364,0
1789409132997859402,58833232,0,0,146364,0
1789409134028932480,58832744,60,0,146364,0
1789409135060143481,58833024,88,0,146364,0
1789409136091078986,58832584,112,0,146364,0
1789409137121609214,58831692,224,0,146364,0
1789409138152882851,58832224,0,56,146364,0
1789409139184601829,58830544,60,0,146364,0
1789409140215899433,58831892,76,0,146364,0
1789409141246661893,58830140,80,0,146364,0
1789409142278261717,58832016,216,0,146364,0
1789409143309064836,58832928,8,0,146364,0
1789409144339622696,58832468,60,0,146364,0
1789409145371326502,58832728,76,0,146364,0
1789409146402597724,58829532,92,0,146364,0
1789409147432811991,58829828,204,0,146364,0
1789409148459357665,58830108,208,0,146364,0
1789409149485883682,58828888,68,0,146364,0
1789409150512733949,58828656,72,0,146364,0
1789409151539502506,58826752,92,0,146364,0
1789409152566526110,58828676,204,0,146364,0
1789409153593893067,58828552,12,0,146364,0
1789409154624744461,58828312,68,0,146364,0
1789409155654968086,58828124,88,0,146364,0
1789409156684962470,58826912,108,0,146364,0
1789409157714336328,58825200,124,0,146364,0
1789409158743523311,58824960,212,0,146364,0
1789409159773486228,58824752,72,0,146364,0
1789409160803120031,58823404,84,0,146364,0
1789409161832768375,58822160,100,0,146364,0
1789409162862626657,58820940,228,0,146364,0
1789409163892482735,58822516,0,0,146364,0
1789409164922345340,58821832,56,0,146364,0
1789409165952374564,58820904,264,0,146364,0
1789409166982298856,58819924,280,0,146364,0
1789409168012186493,58819748,436,0,146364,0
1789409169042486402,58821284,16,0,146364,0
1789409170072307220,58820836,76,0,146364,0
1789409171102655289,58822156,92,0,146364,0
1789409172132235309,58819500,100,0,146364,0
1789409173161875425,58820080,236,0,146364,0
1789409174191496817,58819908,12,0,146364,0
1789409175221330989,58819236,68,0,146364,0
1789409176250615342,58819780,88,0,146364,0
1789409177276891649,58818616,200,0,146364,0
1789409178303289087,58818180,224,0,146364,0
1789409179329732520,58816276,4,0,146364,0
1789409180356078041,58815792,60,0,146364,0
1789409181382856579,58814884,80,0,146364,0
1789409182409073377,58813148,96,0,146364,0
1789409183435199402,58813920,212,0,146364,0
1789409184461830135,58811480,236,0,146364,0
1789409185488349626,58813776,64,0,146364,0
1789409186514904662,58814324,64,0,146364,0
1789409187541249372,58817120,208,0,146364,0
1789409188567862510,58819676,224,0,146364,0
1789409189594413752,58820456,224,0,146364,0
1789409190621104907,58820220,64,0,146364,0
1789409191647439873,58822520,84,0,146364,0
1789409192673998945,58821792,92,0,146364,0
1789409193700533909,58820540,196,0,146364,0
1789409194726934667,58820332,0,0,146364,0
1789409195753504907,58820360,48,0,146364,0
1789409196779736315,58823388,64,0,146364,0
1789409197806335742,58820668,192,0,146364,0
1789409198832855173,58822440,192,0,146364,0
1789409199859308823,58822504,0,0,146364,0
1789409200886077349,58823308,32,0,146364,0
1789409201912678187,58822648,80,0,146364,0
1789409202939014304,58822172,188,0,146364,0
1789409203965311807,58821472,196,0,146364,0
1789409204991936858,58821044,0,0,146364,0
1789409206018756033,58825132,60,0,146364,0
1789409207045737552,58826436,184,0,146364,0
1789409208072582339,58823952,200,0,146364,0
1789409209098752486,58821452,220,0,146364,0
1789409210125177340,58819484,0,72,146364,0
1789409211151773150,58817736,68,0,146364,0
1789409212178469120,58816736,180,0,146364,0
1789409213205273874,58815024,196,0,146364,0
1789409214232178790,58816060,208,0,146364,0
1789409215259192151,58815600,8,68,146364,0
1789409216286196053,58814128,40,0,146364,0
1789409217312741792,58812288,72,0,146364,0
1789409218340010573,58814612,176,0,146364,0
1789409219367094670,58815660,200,0,146364,0
1789409220394122145,58814932,204,0,146364,0
1789409221421258258,58816300,60,0,146364,0
1789409222448085544,58817104,76,0,146364,0
1789409223474922133,58816660,196,0,146364,0
1789409224501864774,58817684,204,0,146364,0
1789409225528326922,58817524,4,0,146364,0
1789409226554928544,58820368,64,0,146364,0
1789409227581486181,58818404,68,0,146364,0
1789409228608357882,58818228,204,0,146364,0
1789409229635011694,58817004,212,0,146364,0
1789409230661915579,58816776,0,0,146364,0
1789409231688573515,58816320,40,0,146364,0
1789409232714607972,58815612,76,0,146364,0
1789409233740644102,58816488,188,0,146364,0
1789409234766848593,58815844,208,0,146364,0
1789409235792821049,58815980,216,0,146364,0
1789409236818523370,58817612,156,0,146364,0
1789409237844318844,58816668,284,0,146364,0
1789409238870300826,58816216,300,0,146364,0
1789409239896895094,58816252,324,0,146364,0
1789409240926087067,58816312,0,0,146364,0
1789409241952695199,58818120,60,0,146364,0
1789409242979689924,58817932,176,0,146364,0
1789409244005862253,58817704,192,0,146364,0
1789409245032999872,58818736,204,0,146364,0
1789409246060046350,58821064,224,0,146364,0
1789409247086928687,58819384,148,0,146364,0
1789409248112976574,58819684,164,0,146364,0
1789409249138815651,58818260,192,0,146364,0
1789409250165003444,58819852,200,0,146364,0
1789409251190815923,58820952,220,0,146364,0
1789409252216731584,58819220,140,0,146364,0
1789409253243168517,58818064,176,0,146364,0
1789409254270051566,58818836,192,0,146364,0
1789409255296749935,58818140,216,0,146364,0
1789409256323060781,58818436,224,0,146364,0
1789409257349829827,58819316,128,0,146364,0
1789409258376319396,58819092,168,0,146364,0
1789409259402618377,58818968,188,0,146364,0
1789409260429332780,58819232,196,0,146364,0
1789409261455703955,58818884,216,0,146364,0
1789409262482867186,58818424,112,0,146364,0
1789409263509389210,58819024,164,0,146364,0
1789409264536451945,58818800,184,0,146364,0
1789409265562962964,58818076,200,0,146364,0
1789409266590675813,58819356,212,0,146364,0
1789409267617216494,58819660,124,0,146364,0
1789409268645384547,58818668,164,0,146364,0
1789409269672825609,58817980,188,0,146364,0
1789409270702215810,58817524,196,0,146364,0
1789409271728831367,58818312,224,0,146364,0
1789409272757735723,58818340,252,0,146364,0
1789409273784995333,58818428,64,0,146364,0
1789409274814458814,58819772,84,0,146364,0
1789409275841119207,58819608,100,0,146364,0
1789409276869977586,58817948,108,0,146364,0
1789409277896967775,58818732,20,0,146364,0
1789409278926403670,58817800,72,0,146364,0
1789409279953247208,58818344,92,0,146364,0
1789409280982249884,58817616,108,0,146364,0
1789409282009227344,58817164,120,0,146364,0
1789409283038487017,58818292,28,0,146364,0
1789409284065574437,58817656,76,0,146364,0
1789409285095111963,58817992,96,0,146364,0
1789409286122109177,58817760,112,0,146364,0
1789409287150574720,58815804,124,0,146364,0
1789409288176992284,58817328,36,0,146364,0
1789409289204173402,58818404,72,0,146364,0
1789409290230506582,58821212,92,0,146364,0
1789409291257061727,58822232,96,0,146364,0
1789409292283369647,58822576,236,0,146364,0
1789409293309419667,58822092,24,0,146364,0
1789409294335666985,58822912,72,0,146364,0
1789409295361940333,58825260,92,0,146364,0
1789409296388143724,58826296,100,0,146364,0
1789409297414304765,58826104,220,0,146364,0
1789409298440389732,58825656,8,0,146364,0
1789409299466149214,58825812,76,0,146364,0
1789409300492227764,58826828,84,0,146364,0
1789409301518424972,58826172,112,0,146364,0
1789409302544905422,58826192,112,0,146364,0
1789409303571055286,58825256,16,0,146364,0
1789409304597139600,58828284,44,0,146364,0
1789409305623564066,58827832,76,0,146364,0
1789409306650244903,58829620,84,0,146364,0
1789409307676928713,58828412,216,0,146364,0
1789409308702261594,58827672,8,0,146364,0
1789409309727819247,58828980,56,0,146364,0
1789409310754196034,58831016,80,0,146364,0
1789409311781192097,58832292,96,0,146364,0
1789409312808949211,58832108,212,0,146364,0
1789409313836178127,58830648,224,0,146364,0
1789409314865942080,58828456,56,0,146364,0
1789409315893367517,58826216,80,0,146364,0
1789409316922621949,58825008,104,0,146364,0
1789409317949496175,58825044,216,0,146364,0
1789409318978573762,58824296,0,0,146364,0
1789409320005709534,58824568,68,0,146364,0
1789409321035013630,58822884,84,0,146364,0
1789409322061757758,58823956,212,0,146364,0
1789409323091040674,58825540,216,0,146364,0
1789409324118669423,58825096,244,0,146364,0
1789409325147444300,58823912,56,0,146364,0
1789409326173807824,58821668,76,0,146364,0
1789409327204084624,58822516,204,0,146364,0
1789409328230799616,58822092,224,0,146364,0
1789409329257583723,58821392,228,0,146364,0
1789409330284590580,58820500,60,0,146364,0
1789409331310760406,58820836,224,0,146364,0
1789409332337426560,58819700,296,0,146364,0
1789409333364278525,58820776,436,0,146364,0
1789409334390700811,58821880,456,0,146364,0
1789409335417541433,58822896,32,0,146364,0
1789409336444333431,58821476,96,0,146364,0
1789409337471035165,58822504,228,0,146364,0
1789409338497599023,58822164,252,0,146364,0
1789409339524295749,58821444,256,0,146364,0
1789409340550578642,58821560,44,0,146364,0
1789409341577063395,58821572,68,0,146364,0
1789409342603279800,58821396,96,0,146364,0
1789409343629503171,58821676,212,0,146364,0
1789409344655815652,58822060,236,0,146364,0
1789409345682202929,58825192,16,72,146364,0
1789409346708870971,58823812,72,0,146364,0
1789409347735156367,58823344,80,0,146364,0
1789409348761081507,58823304,216,0,146364,0
1789409349787259415,58821804,236,0,146364,0
1789409350813489550,58824696,276,0,146364,0
1789409351840417329,58823776,68,0,146364,0
1789409352866797800,58825064,192,0,146364,0
1789409353893676887,58824852,196,0,146364,0
1789409354920356902,58826392,216,0,146364,0
1789409355946923030,58828168,40,0,146364,0
1789409356973145784,58826956,80,0,146364,0
1789409357999047668,58826500,196,0,146364,0
1789409359025578263,58826048,212,0,146364,0
1789409360052455388,58826096,232,0,146364,0
1789409361078284574,58822844,36,0,146364,0
1789409362104388639,58823904,72,0,146364,0
1789409363130479412,58824200,204,0,146364,0
1789409364157108074,58823784,208,0,146364,0
1789409365183514622,58824120,228,0,146364,0
1789409366210073462,58826688,0,60,146364,0
1789409367236586816,58824736,180,0,146364,0
1789409368262980405,58824288,188,0,146364,0
1789409369289723086,58822584,204,0,146364,0
1789409370316334614,58823108,224,0,146364,0
1789409371342851719,58822376,232,0,146364,0
1789409372369241530,58822152,156,0,146364,0
1789409373395654405,58819908,168,0,146364,0
1789409374423032262,58819436,188,0,146364,0
1789409375452576871,58819444,192,0,146364,0
1789409376479085178,58819472,4,0,146364,0
1789409377506294319,58818740,152,0,146364,0
1789409378535833667,58819052,188,0,146364,0
1789409379562423892,58818324,196,0,146364,0
1789409380589455778,58819120,220,0,146364,0
1789409381616332903,58815000,232,0,146364,0
1789409382643277729,58815028,68,0,146364,0
1789409383672189187,58813376,180,0,146364,0
1789409384698616989,58814944,204,0,146364,0
1789409385725561373,58814984,212,0,146364,0
1789409386754878911,58815072,4,0,146364,0
1789409387781442504,58816636,148,0,146364,0
1789409388808860029,58816456,196,0,146364,0
1789409389838474676,58816512,336,0,146364,0
1789409390865084830,58817828,352,0,146364,0
1789409391891674523,58820632,0,80,146364,0
1789409392919559970,58821536,320,0,146364,0
1789409393945867593,58823828,348,0,146364,0
1789409394972686259,58824672,392,0,146364,0
1789409395999479170,58823988,404,0,146364,0
1789409397026334646,58824776,436,0,146364,0
1789409398055347156,58823804,64,0,146364,0
1789409399082029106,58824872,80,0,146364,0
1789409400108988292,58824152,92,0,146364,0
1789409401138258614,58824456,104,0,146364,0
1789409402164438172,58824024,444,0,146364,0
1789409403191262473,58824808,48,0,146364,0
1789409404220191372,58825332,68,0,146364,0
1789409405246524176,58824092,96,0,146364,0
1789409406273353031,58823648,108,0,146364,0
1789409407300806869,58822404,252,0,146364,0
1789409408327144139,58822832,48,0,146364,0
1789409409355864005,58822444,88,0,146364,0
1789409410382216756,58821492,100,0,146364,0
1789409411409556851,58821044,116,0,146364,0
1789409412438725311,58820608,272,0,146364,0
1789409413465116786,58817328,32,4,146364,0
1789409414491595514,58816916,168,0,146364,0
1789409415521127669,58817812,220,0,146364,0
1789409416548146403,58817444,236,0,146364,0
1789409417574960245,58818476,372,0,146364,0
1789409418604606288,58817832,12,0,146364,0
1789409419630688213,58819612,44,0,146364,0
1789409420657864696,58820220,76,0,146364,0
1789409421684964062,58822272,96,0,146364,0
1789409422712141999,58822324,108,0,146364,0
1789409423742237425,58824124,0,0,146364,0
1789409424768821260,58824432,60,0,146364,0
1789409425796115571,58823940,68,0,146364,0
1789409426826095407,58825312,96,0,146364,0
1789409427852965272,58826592,208,0,146364,0
1789409428880508502,58828128,232,0,146364,0
1789409429910405744,58829220,64,0,146364,0
1789409430937089521,58829244,80,0,146364,0
1789409431964054425,58828760,92,0,146364,0
1789409432991710632,58828864,224,0,146364,0
1789409434019023570,58828412,0,0,146364,0
1789409435048665732,58827688,60,0,146364,0
1789409436075276321,58827476,88,0,146364,0
1789409437102624760,58826300,212,0,146364,0
1789409438132058336,58826580,220,0,146364,0
1789409439158956138,58825640,0,60,146364,0
1789409440186498575,58825148,60,0,146364,0
1789409441216112272,58824748,84,0,146364,0
1789409442242952865,58824048,100,0,146364,0
1789409443270072853,58823852,232,0,146364,0
1789409444296814476,58823640,244,0,146364,0
1789409445323668803,58823224,56,0,146364,0
1789409446350447068,58826768,64,0,146364,0
1789409447377325865,58826688,88,0,146364,0
1789409448403965045,58827704,192,0,146364,0
1789409449430643767,58827296,0,0,146364,0
1789409450457336390,58828320,44,0,146364,0
1789409451484991263,58827672,80,0,146364,0
1789409452514715039,58827224,196,0,146364,0
1789409453545093029,58825284,208,0,146364,0
1789409454574931453,58825348,0,0,146364,0
1789409455604738857,58825224,56,0,146364,0
1789409456634287714,58824804,68,0,146364,0
1789409457663948233,58825400,200,0,146364,0
1789409458693816540,58825968,212,0,146364,0
1789409459721979647,58825292,236,0,146364,0
1789409460751863478,58826820,40,0,146364,0
1789409461780770643,58827864,72,0,146364,0
1789409462808936838,58825620,192,0,146364,0
1789409463839579147,58827180,208,0,146364,0
1789409464868006329,58824700,228,0,146364,0
1789409465893983012,58824732,48,0,146364,0
1789409466924229077,58825536,80,0,146364,0
1789409467954415074,58825116,188,0,146364,0
1789409468982873700,58825156,204,0,146364,0
1789409470013848300,58823432,228,0,146364,0
1789409471044468462,58823208,28,0,146364,0
1789409472073270675,58823484,184,0,146364,0
1789409473103658554,58822880,200,0,146364,0
1789409474134245377,58822260,216,0,146364,0
1789409475163218645,58822296,228,0,146364,0
1789409476194124241,58821848,44,0,146364,0
1789409477224516685,58821632,72,0,146364,0
1789409478251043110,58819936,188,0,146364,0
1789409479277299516,58819492,208,0,146364,0
1789409480304310440,58821316,220,0,146364,0
1789409481331403962,58820152,16,0,146364,0
1789409482357852153,58819424,68,0,146364,0
1789409483385635684,58818760,188,0,146364,0
1789409484416651068,58819368,208,0,146364,0
1789409485447188433,58819196,224,0,146364,0
1789409486477611282,58818660,44,0,146364,0
1789409487508325869,58819184,172,0,146364,0
1789409488538891733,58820552,188,0,146364,0
1789409489569445247,58820204,204,0,146364,0
1789409490599977983,58818216,224,0,146364,0
1789409491630028775,58818272,16,0,146364,0
1789409492660712562,58818784,188,0,146364,0
1789409493691207122,58820676,200,0,146364,0
1789409494721740257,58821000,376,0,146364,0
1789409495752751823,58819288,404,0,146364,0
1789409496783344033,58818312,132,0,146364,0
1789409497814717379,58817116,284,0,146364,0
1789409498844662115,58818412,328,0,146364,0
1789409499875182441,58817464,344,0,146364,0
1789409500905684053,58818044,360,0,146364,0
1789409501936595690,58820372,20,0,146364,0
1789409502966714581,58820436,168,0,146364,0
1789409503997801346,58819748,192,0,146364,0
1789409505028636463,58821592,204,0,146364,0
1789409506058736954,58825396,224,0,146364,0
1789409507085607742,58825036,44,0,146364,0
1789409508112420777,58823800,176,0,146364,0
1789409509138971067,58824832,196,0,146364,0
1789409510165975352,58824148,200,0,146364,0
1789409511193475180,58822456,228,0,146364,0
1789409512223935155,58821628,0,140,146364,0
1789409513254952589,58822672,68,0,146364,0
1789409514285837698,58822952,80,0,146364,0
1789409515316775753,58822780,92,0,146364,0
1789409516347397447,58823864,112,0,146364,0
1789409517377628292,58822376,0,24,146364,0
1789409518408083913,58822736,52,0,146364,0
1789409519438092159,58822260,72,0,146364,0
1789409520468538239,58824052,84,0,146364,0
1789409521499325833,58823820,116,0,146364,0
1789409522529869139,58823136,224,0,146364,0
1789409523560875767,58822948,52,0,146364,0
1789409524591714941,58822760,84,0,146364,0
1789409525622790715,58822032,100,0,146364,0
1789409526653923558,58821332,120,0,146364,0
1789409527684494356,58819856,236,0,146364,0
1789409528714907530,58820132,40,0,146364,0
1789409529745500620,58819460,80,0,146364,0
1789409530776547841,58818516,92,0,146364,0
1789409531807243047,58818576,104,0,146364,0
1789409532837873556,58819360,240,0,146364,0
1789409533867862108,58820916,12,84,146364,0
1789409534894903661,58819492,52,0,146364,0
1789409535921969643,58817572,88,0,146364,0
1789409536948932353,58817132,108,0,146364,0
1789409537975908520,58816192,212,0,146364,0
1789409539002588122,58815460,12,0,146364,0
1789409540030252536,58814496,60,0,146364,0
1789409541061145277,58814296,76,0,146364,0
1789409542092063193,58814852,100,0,146364,0
1789409543122564308,58815412,212,0,146364,0
1789409544152892912,58815212,32,0,146364,0
1789409545183325981,58814480,76,0,146364,0
1789409546213792733,58816828,88,0,146364,0
1789409547244328786,58817380,108,0,146364,0
1789409548274566943,58817500,220,0,146364,0
1789409549304851062,58817528,36,8,146364,0
1789409550335324451,58816612,76,0,146364,0
1789409551366027670,58816232,96,0,146364,0
1789409552396118330,58814492,220,0,146364,0
1789409553427145840,58814320,240,0,146364,0
1789409554457470940,58814336,0,88,146364,0
1789409555488203971,58814988,60,0,146364,0
1789409556518325494,58814312,80,0,146364,0
1789409557548567165,58813824,96,0,146364,0
1789409558579113169,58812628,216,0,146364,0
1789409559609965186,58813940,240,0,146364,0
1789409560640546512,58814536,56,0,146364,0
1789409561671063259,58813344,72,0,146364,0
1789409562701353915,58813656,192,0,146364,0
1789409563728412359,58815272,212,0,146364,0
1789409564755134328,58817088,20,32,146364,0
1789409565781944211,58818428,64,0,146364,0
1789409566808616220,58819220,84,0,146364,0
1789409567835453309,58819756,192,0,146364,0
1789409568863121933,58819812,216,0,146364,0
1789409569894199025,58819140,8,56,146364,0
1789409570925079306,58819712,72,0,146364,0
1789409571955481500,58819532,92,0,146364,0
1789409572986343990,58819572,204,0,146364,0
1789409574017235575,58821132,220,0,146364,0
1789409575047800710,58819952,4,0,146364,0
1789409576078075953,58820544,72,0,146364,0
1789409577109108623,58820132,200,0,146364,0
1789409578138927932,58816924,224,0,146364,0
1789409579169772152,58817472,236,0,146364,0
1789409580201118420,58817428,24,0,146364,0
1789409581232606507,58818284,72,0,146364,0
1789409582263900319,58820340,180,0,146364,0
1789409583295311510,58821684,200,0,146364,0
1789409584325952860,58821712,216,0,146364,0
1789409585356860940,58822744,12,56,146364,0
1789409586388247871,58821796,68,0,146364,0
1789409587419551184,58821116,188,0,146364,0
1789409588451431899,58822188,208,0,146364,0
1789409589482255814,58820944,216,0,146364,0
1789409590512869298,58822284,120,80,146364,0
1789409591540777292,58822292,60,0,146364,0
1789409592567704632,58820376,196,0,146364,0
1789409593594711246,58822168,208,0,146364,0
1789409594622233748,58820780,228,0,146364,0
1789409595649507334,58820852,4,76,146364,0
1789409596677115509,58819396,48,0,146364,0
1789409597707657596,58821476,200,0,146364,0
1789409598737832282,58822788,216,0,146364,0
1789409599767511655,58824124,236,0,146364,0
1789409600796997423,58824896,252,0,146364,0
1789409601826049411,58824732,68,0,146364,0
1789409602857324016,58824256,192,0,146364,0
1789409603888709040,58824384,212,0,146364,0
1789409604919573910,58824412,224,0,146364,0
1789409605950645399,58823308,0,0,146364,0
1789409606981713055,58822144,60,0,146364,0
1789409608013233332,58819692,184,0,146364,0
1789409609043095900,58821780,200,0,146364,0
1789409610073232898,58822080,212,0,146364,0
1789409611101062194,58820188,236,0,146364,0
1789409612131579700,58821756,136,0,146364,0
1789409613162777887,58823076,172,0,146364,0
1789409614193734609,58824680,192,0,146364,0
1789409615224038888,58823956,200,0,146364,0
1789409616253612700,58822772,220,0,146364,0
1789409617284154141,58822312,148,0,146364,0
1789409618315469915,58819688,180,0,146364,0
1789409619346297962,58818484,192,0,146364,0
1789409620372717943,58817748,220,0,146364,0
1789409621399057830,58819284,232,0,146364,0
1789409622425067515,58820568,164,0,146364,0
1789409623451596730,58821104,196,0,146364,0
1789409624478355095,58820624,212,0,146364,0
1789409625505654154,58821428,228,0,146364,0
1789409626535453942,58820212,248,0,146364,0
1789409627565660042,58818716,268,16,146364,0
1789409628596422251,58818276,168,0,146364,0
1789409629626708357,58819128,196,0,146364,0
1789409630656453821,58818984,200,0,146364,0
1789409631686413702,58818088,216,0,146364,0
1789409632715556190,58818440,232,0,146364,0
1789409633745659711,58817736,52,0,146364,0
1789409634775332129,58818364,88,0,146364,0
1789409635804586795,58817924,100,0,146364,0
1789409636834177268,58818020,116,0,146364,0
1789409637863841474,58818048,12,60,146364,0
1789409638892647479,58818644,64,0,146364,0
1789409639922646603,58818480,76,0,146364,0
1789409640952618967,58819324,104,0,146364,0
1789409641982489766,58819860,116,0,146364,0
1789409643011418546,58819340,8,0,146364,0
1789409644040889545,58818136,64,0,146364,0
1789409645070980309,58819192,80,0,146364,0
1789409646100652125,58818484,104,0,146364,0
1789409647130584812,58820304,224,0,146364,0
1789409648159358392,58822132,12,0,146364,0
1789409649185431907,58823704,76,0,146364,0
1789409650212232421,58823784,80,0,146364,0
1789409651238642762,58824588,104,0,146364,0
1789409652265252787,58821940,112,0,146364,0
1789409653292197041,58822260,24,0,146364,0
1789409654321053764,58823104,72,0,146364,0
1789409655351287741,58822160,220,0,146364,0
1789409656381453319,58823724,248,0,146364,0
1789409657411094234,58823284,396,0,146364,0
1789409658441595343,58824580,0,88,146364,0
1789409659470949369,58823604,64,0,146364,0
1789409660500411454,58824644,76,0,146364,0
1789409661530505237,58825976,104,0,146364,0
1789409662560420537,58826788,220,0,146364,0
1789409663590185151,58826568,8,0,146364,0
1789409664620223387,58826636,40,0,146364,0
1789409665650343028,58825432,84,0,146364,0
1789409666680635356,58826708,96,0,146364,0
1789409667710334573,58825028,108,0,146364,0
1789409668740700763,58822784,0,0,146364,0
1789409669770765783,58822548,60,0,146364,0
1789409670800939918,58822576,80,0,146364,0
1789409671831059485,58822840,92,0,146364,0
1789409672861216328,58820388,112,0,146364,0
1789409673891339885,58821208,0,0,146364,0
1789409674921744624,58820792,68,0,146364,0
1789409675951250143,58819592,88,0,146364,0
1789409676978194984,58820468,108,0,146364,0
1789409678002801917,58819232,220,0,146364,0
1789409679029011978,58818272,12,0,146364,0
1789409680054432513,58818312,60,0,146364,0
1789409681080989045,58820140,84,0,146364,0
1789409682107641918,58821172,188,0,146364,0
1789409683134161794,58819236,212,0,146364,0
1789409684160542697,58819260,16,0,146364,0
1789409685187351169,58818060,72,0,146364,0
1789409686213276521,58824640,84,0,146364,0
1789409687239255311,58824160,208,0,146364,0
1789409688264839057,58823172,220,0,146364,0
1789409689291273128,58822512,240,0,146364,0
1789409690317760240,58821776,72,0,146364,0
1789409691344371539,58822048,80,0,146364,0
1789409692370043835,58822336,88,0,146364,0
1789409693396778688,58821148,240,0,146364,0
1789409694423415165,58821204,0,0,146364,0
1789409695449929282,58822280,60,0,146364,0
1789409696476467983,58821084,76,0,146364,0
1789409697502610452,58820892,200,0,146364,0
1789409698529174345,58821720,212,0,146364,0
1789409699555540433,58821756,236,0,146364,0
1789409700582254422,58820072,36,0,146364,0
1789409701609190594,58819848,68,0,146364,0
1789409702637268887,58819912,420,0,146364,0
1789409703666281978,58820944,432,0,146364,0
1789409704696413455,58821096,4,0,146364,0
1789409705726638045,58821136,40,0,146364,0
1789409706756926979,58821512,88,0,146364,0
1789409707787387162,58822280,200,0,146364,0
1789409708817398617,58821972,220,0,146364,0
1789409709847534099,58820764,0,0,146364,0
1789409710877716588,58820804,56,0,146364,0
1789409711907569006,58819372,80,0,146364,0
1789409712937958821,58819352,380,0,146364,0
1789409713968253592,58816612,384,0,146364,0
1789409714998207897,58816960,428,0,146364,0
1789409716026949943,58817768,56,0,146364,0
1789409717054289150,58818048,192,0,146364,0
1789409718085978643,58821612,352,0,146364,0
1789409719112838989,58823148,400,0,146364,0
1789409720139545610,58824176,424,0,146364,0
1789409721166017669,58824476,36,0,146364,0
1789409722192699537,58823736,184,0,146364,0
1789409723219079030,58826044,400,0,146364,0
1789409724246238823,58825824,408,0,146364,0
1789409725273135878,58825836,436,0,146364,0
1789409726299568118,58828172,36,0,146364,0
1789409727326321561,58828440,76,0,146364,0
1789409728352752526,58826968,220,0,146364,0
1789409729379279371,58825760,228,0,146364,0
1789409730406251184,58826076,244,0,146364,0
1789409731433570939,58825584,276,0,146364,0
1789409732460605873,58823092,176,0,146364,0
1789409733488531366,58822108,188,0,146364,0
1789409734517058452,58823132,204,0,146364,0
1789409735546688353,58823692,224,0,146364,0
1789409736576484761,58822480,0,0,146364,0
1789409737606132013,58822768,160,0,146364,0
1789409738635731806,58822804,176,0,146364,0
1789409739665427459,58822592,204,0,146364,0
1789409740695426804,58822964,204,0,146364,0
1789409741725010011,58821252,240,0,146364,0
1789409742755189892,58820832,60,0,146364,0
1789409743786112261,58821116,164,0,146364,0
1789409744817093830,58821456,184,0,146364,0
1789409745846836201,58820280,224,0,146364,0
1789409746873798864,58818584,232,0,146364,0
1789409747900553506,58817864,180,0,146364,0
1789409748927359323,58818144,200,0,146364,0
1789409749953967847,58818924,212,0,146364,0
1789409750980409694,58820712,228,0,146364,0
1789409752006759421,58819520,8,0,146364,0
1789409753033450300,58820556,160,0,146364,0
1789409754059743314,58821588,176,0,146364,0
1789409755086227439,58819852,196,0,146364,0
1789409756113011456,58819392,208,0,146364,0
1789409757139442350,58819688,120,0,146364,0
1789409758166213030,58818960,180,0,146364,0
1789409759192846169,58818728,180,0,146364,0
1789409760219501053,58818516,204,0,146364,0
1789409761245912000,58818024,224,0,146364,0
1789409762272687378,58817272,120,0,146364,0
1789409763299390316,58815784,184,0,146364,0
1789409764325664645,58814316,196,0,146364,0
1789409765352929773,58815340,212,0,146364,0
1789409766379417836,58818944,220,0,146364,0
1789409767406247305,58819220,256,0,146364,0
1789409768432848626,58817256,76,0,146364,0
1789409769459291413,58818064,80,0,146364,0
1789409770485986477,58817612,104,0,146364,0
1789409771512672400,58818384,124,0,146364,0
1789409772538850010,58817196,16,0,146364,0
1789409773565378115,58817220,64,0,146364,0
1789409774592599507,58815312,80,0,146364,0
1789409775620008191,58814856,84,0,146364,0
1789409776645371983,58813684,104,0,146364,0
1789409777672850452,58812200,232,0,146364,0
1789409778700313527,58814328,64,0,146364,0
1789409779727614021,58814156,80,0,146364,0
1789409780754690127,58816744,104,0,146364,0
1789409781782025743,58815764,116,0,146364,0
1789409782809198531,58815664,80,0,146364,0
1789409783836494824,58816188,44,0,146364,0
1789409784863619579,58816232,76,0,146364,0
1789409785890904599,58816744,84,0,146364,0
1789409786918231524,58817344,108,0,146364,0
1789409787945644292,58815876,0,28,146364,0
1789409788972926086,58816684,68,0,146364,0
1789409789999927163,58816064,76,0,146364,0
1789409791027673000,58816644,96,0,146364,0
1789409792055304747,58819456,120,0,146364,0
1789409793082645897,58818532,4,0,146364,0
1789409794109992298,58817572,64,0,146364,0
1789409795137494725,58817348,88,0,146364,0
1789409796165625075,58816876,96,0,146364,0
1789409797193344077,58816920,116,0,146364,0
1789409798221398113,58815508,20,0,146364,0
1789409799248876081,58818056,72,0,146364,0
1789409800276101733,58818392,84,0,146364,0
1789409801304069310,58821436,96,0,146364,0
1789409802331582889,58821764,112,0,146364,0
1789409803359640933,58819832,0,80,146364,0
1789409804387245484,58818196,68,0,146364,0
1789409805414919081,58818244,84,0,146364,0
1789409806442976957,58819820,104,0,146364,0
1789409807470704803,58820004,112,0,146364,0
1789409808500666918,58822132,220,0,146364,0
1789409809529273471,58822424,40,0,146364,0
1789409810559038396,58823732,72,0,146364,0
1789409811588563345,58823280,88,0,146364,0
1789409812618773743,58823088,224,0,146364,0
1789409813647439654,58822160,244,0,146364,0
1789409814673995633,58821468,44,0,146364,0
1789409815700646648,58820556,60,0,146364,0
1789409816727148219,58819084,96,0,146364,0
1789409817753147668,58818896,388,0,146364,0
1789409818779630132,58820464,408,0,146364,0
1789409819807047723,58822536,144,0,146364,0
1789409820836874931,58824116,204,0,146364,0
1789409821867174902,58824476,352,0,146364,0
1789409822897259307,58824748,372,0,146364,0
1789409823927132545,58824612,524,0,146364,0
1789409824957495445,58822872,40,0,146364,0
1789409825988389861,58821124,68,0,146364,0
1789409827018618461,58821412,92,0,146364,0
1789409828049281965,58821520,212,0,146364,0
1789409829078761444,58820104,236,0,146364,0
1789409830109449531,58821172,36,0,146364,0
1789409831139477415,58819472,76,0,146364,0
1789409832169869859,58820264,204,0,146364,0
1789409833200282198,58820804,212,0,146364,0
1789409834230321115,58819632,236,0,146364,0
1789409835260958207,58819916,28,0,146364,0
1789409836291245012,58819952,68,0,146364,0
1789409837319587077,58820236,196,0,146364,0
1789409838349607527,58821780,212,0,146364,0
1789409839379516401,58819836,228,0,146364,0
1789409840407268655,58819592,20,0,146364,0
1789409841437779742,58820172,80,0,146364,0
1789409842467044171,58821940,192,0,146364,0
1789409843493784070,58821252,208,0,146364,0
1789409844520065060,58822020,228,0,146364,0
1789409845545828301,58819780,4,64,146364,0
1789409846571821025,58823640,52,0,146364,0
1789409847598820226,58824932,180,0,146364,0
1789409848628551039,58825976,204,0,146364,0
1789409849658788054,58827548,228,0,146364,0
1789409850688979009,58828576,220,0,146364,0
1789409851719119233,58828868,56,0,146364,0
1789409852749431292,58827916,192,0,146364,0
1789409853779813925,58826748,204,0,146364,0
1789409854809990594,58827076,228,0,146364,0
1789409855840190196,58827632,244,0,146364,0
1789409856870715804,58827684,52,0,146364,0
1789409857901302428,58826476,168,0,146364,0
1789409858931991969,58826768,192,0,146364,0
1789409859962660151,58828084,208,0,146364,0
1789409860993158445,58827652,220,0,146364,0
1789409862023309729,58827696,68,0,146364,0
1789409863053638688,58827760,196,0,146364,0
1789409864084121775,58826780,216,0,146364,0
1789409865114465315,58823820,240,0,146364,0
1789409866145134752,58823132,252,0,146364,0
1789409867175593927,58824448,176,0,146364,0
1789409868206707315,58826024,304,0,146364,0
1789409869237377143,58826292,324,0,146364,0
1789409870267946821,58823888,348,0,146364,0
1789409871294796250,58825172,0,68,146364,0
1789409872321419085,58822088,68,0,146364,0
1789409873347159028,58822128,188,0,146364,0
1789409874373893497,58821168,216,0,146364,0
1789409875400279942,58819908,216,0,146364,0
1789409876427064030,58820720,244,0,146364,0
1789409877457430474,58820988,172,0,146364,0
1789409878488410866,58820524,184,0,146364,0
1789409879518941772,58822868,200,0,146364,0
1789409880549556079,58822432,220,0,146364,0
1789409881580216501,58820680,4,72,146364,0
1789409882610869943,58821980,284,0,146364,0
1789409883641272983,58821236,304,0,146364,0
1789409884671129823,58822556,324,0,146364,0
1789409885701724754,58822140,336,0,146364,0
1789409886732185294,58823220,4,0,146364,0
1789409887762702848,58823276,188,0,146364,0
1789409888793246363,58824300,200,0,146364,0
1789409889823317156,58823420,220,0,146364,0
1789409890853273081,58823948,232,0,146364,0
1789409891883525529,58822316,0,216,146364,0
1789409892913867325,58824140,164,0,146364,0
1789409893944218846,58824692,188,0,146364,0
1789409894974701783,58825280,204,0,146364,0
1789409896005007417,58824332,220,0,146364,0
1789409897035402324,58823604,240,0,146364,0
1789409898065264610,58821748,40,0,146364,0
1789409899095069120,58820792,72,0,146364,0
1789409900121759764,58819808,92,0,146364,0
1789409901148325690,58819584,104,0,146364,0
1789409902175059949,58819140,124,0,146364,0
1789409903202029402,58818420,28,0,146364,0
1789409904228829953,58819532,76,0,146364,0
1789409905256530233,58819508,100,0,146364,0
1789409906287456501,58822584,104,0,146364,0
1789409907318035739,58823416,124,0,146364,0
1789409908348979554,58824716,28,0,146364,0
1789409909379494327,58825292,68,0,146364,0
1789409910410249133,58825852,76,0,146364,0
1789409911440939443,58826412,108,0,146364,0
1789409912471320462,58825704,216,0,146364,0
1789409913501917925,58824748,24,0,146364,0
1789409914532347518,58823524,76,0,146364,0
1789409915562524356,58823592,88,0,146364,0
1789409916592702970,58823880,112,0,146364,0
1789409917622776083,58822668,236,0,146364,0
1789409918653161114,58821708,28,88,146364,0
1789409919683410893,58822244,68,0,146364,0
1789409920713977290,58820748,80,0,146364,0
1789409921744631319,58821876,104,0,146364,0
1789409922774814807,58819888,120,0,146364,0
1789409923804789162,58819400,260,0,146364,0
1789409924835178336,58818720,76,0,146364,0
1789409925866027355,58820560,84,0,146364,0
1789409926896863450,58819104,104,0,146364,0
1789409927926069639,58818956,244,0,146364,0
1789409928952923872,58818472,16,0,146364,0
1789409929979671574,58818248,60,0,146364,0
1789409931006122253,58818280,76,0,146364,0
1789409932032629365,58818324,96,0,146364,0
1789409933060099242,58817628,208,0,146364,0
1789409934090547199,58816652,8,0,146364,0
1789409935120969786,58817708,72,0,146364,0
1789409936151075198,58817724,84,0,146364,0
1789409937181439011,58818780,208,0,146364,0
1789409938212108845,58818928,216,0,146364,0
1789409939243074365,58818440,16,0,146364,0
1789409940273641879,58818732,68,0,146364,0
1789409941304401902,58818076,80,0,146364,0
1789409942334760655,58816332,200,0,146364,0
1789409943365306458,58818124,216,0,146364,0
1789409944395702826,58819652,0,24,146364,0
1789409945427067715,58818984,64,0,146364,0
1789409946457649421,58818308,84,0,146364,0
1789409947488015505,58816856,216,0,146364,0
1789409948518090055,58818924,232,0,146364,0
1789409949549187389,58818968,0,0,146364,0
1789409950579017694,58819780,52,0,146364,0
1789409951609905631,58822100,72,0,146364,0
1789409952640193483,58820976,184,0,146364,0
1789409953670526726,58821068,204,0,146364,0
1789409954700876287,58820940,224,0,146364,0
1789409955730407422,58820976,32,0,146364,0
1789409956757338412,58819744,76,0,146364,0
1789409957783276181,58819512,192,0,146364,0
1789409958809869715,58819588,204,0,146364,0
1789409959836627987,58822156,216,0,146364,0
1789409960863346783,58820728,28,0,146364,0
1789409961891083696,58820268,64,0,146364,0
1789409962922014534,58821120,196,0,146364,0
1789409963952491446,58820876,200,0,146364,0
1789409964983455310,58819160,0,0,146364,0
1789409966014136729,58817948,52,0,146364,0
1789409967044626277,58816996,84,0,146364,0
1789409968075103826,58817532,200,0,146364,0
1789409969105443591,58818348,216,0,146364,0
1789409970135412293,58817392,248,0,146364,0
1789409971166157419,58816088,56,0,146364,0
1789409972196812977,58815948,184,0,146364,0
1789409973227211301,58816244,196,0,146364,0
1789409974257937858,58815756,220,0,146364,0
1789409975289006505,58815568,224,0,146364,0
1789409976320479746,58817128,68,0,146364,0
1789409977351370384,58819308,204,0,146364,0
1789409978381991565,58818368,216,0,146364,0
1789409979412986723,58817248,236,0,146364,0
1789409980443437320,58816820,0,0,146364,0
1789409981474153203,58817116,60,0,146364,0
1789409982504561026,58816700,320,0,146364,0
1789409983535164349,58817840,356,0,146364,0
1789409984564988757,58818668,372,0,146364,0
1789409985591244234,58818196,388,0,146364,0
1789409986617411914,58819260,44,0,146364,0
1789409987643689386,58820312,196,0,146364,0
1789409988669784718,58820348,224,0,146364,0
1789409989696849737,58820436,240,0,146364,0
1789409990726042328,58818748,248,0,146364,0
1789409991757274160,58816784,48,0,146364,0
1789409992787449354,58817092,172,0,146364,0
1789409993817732728,58816176,192,0,146364,0
1789409994848338808,58816744,212,0,146364,0
1789409995878795503,58817300,224,0,146364,0
1789409996909593355,58816564,40,0,146364,0
1789409997940178782,58818684,184,0,146364,0
1789409998970880015,58819244,196,0,146364,0
1789410000001899357,58819304,212,0,146364,0
1789410001032629048,58818348,224,0,146364,0
1789410002063404431,58819172,152,0,146364,0
1789410003093386483,58817932,188,0,146364,0
1789410004123859310,58818576,216,0,146364,0
1789410005154812640,58820636,236,0,146364,0
1789410006185334174,58825492,244,0,146364,0
1789410007216371866,58823520,140,0,146364,0
1789410008247166533,58822300,184,0,146364,0
1789410009277548442,58822640,204,0,146364,0
1789410010308591593,58823420,216,0,146364,0
1789410011339058777,58822732,228,0,146364,0
1789410012368871785,58822496,152,0,146364,0
1789410013395829369,58824892,192,0,146364,0
1789410014422693857,58823396,216,0,146364,0
1789410015449294033,58823696,224,0,146364,0
1789410016476247882,58822984,240,0,146364,0
1789410017503058501,58823296,108,0,146364,0
1789410018529399039,58822076,184,0,146364,0
1789410019556519210,58822132,192,0,146364,0
1789410020583196338,58821904,212,0,146364,0
1789410021610092170,58822688,220,0,146364,0
1789410022636719495,58824720,12,36,146364,0
1789410023663645712,58826256,64,0,146364,0
1789410024690469755,58826824,84,0,146364,0
1789410025717056824,58829876,100,0,146364,0
1789410026743686858,58829656,120,0,146364,0
1789410027770110852,58829432,256,0,146364,0
1789410028797016048,58828236,72,0,146364,0
1789410029825020544,58828540,84,0,146364,0
1789410030855530939,58828064,104,0,146364,0
1789410031885513674,58827596,112,0,146364,0
1789410032913445790,58825380,244,0,146364,0
1789410033941617598,58824984,68,0,146364,0
1789410034972247619,58825508,88,0,146364,0
1789410036002314708,58824528,104,0,146364,0
1789410037029738058,58822348,120,0,146364,0
1789410038057420368,58822644,0,0,146364,0
1789410039088675936,58821664,64,0,146364,0
1789410040118526968,58820688,88,0,146364,0
1789410041145887625,58821228,108,0,146364,0
1789410042173571934,58819556,224,0,146364,0
1789410043203679913,58819864,240,0,146364,0
1789410044233756356,58818948,56,0,146364,0
1789410045261214759,58819980,80,0,146364,0
1789410046289183536,58819744,92,0,146364,0
1789410047319269394,58818312,224,0,146364,0
1789410048349402688,58817624,236,0,146364,0
1789410049376704637,58817392,56,0,146364,0
1789410050404737054,58817700,80,0,146364,0
1789410051435299811,58817716,88,0,146364,0
1789410052465144386,58818240,108,0,146364,0
1789410053492682547,58817508,228,0,146364,0
1789410054521459775,58816888,44,0,146364,0
1789410055552094181,58816196,80,0,146364,0
1789410056581232067,58815536,88,0,146364,0
1789410057608222329,58816548,108,0,146364,0
1789410058636813977,58816124,224,0,146364,0
1789410059667603822,58817192,40,0,146364,0
1789410060697529935,58816776,84,0,146364,0
1789410061725100711,58818592,100,0,146364,0
1789410062755342117,58818872,116,0,146364,0
1789410063785503842,58819160,0,0,146364,0
1789410064812326317,58818184,56,0,146364,0
1789410065838259299,58820580,80,0,146364,0
1789410066864566901,58820112,92,0,146364,0
1789410067890789570,58820936,240,0,146364,0
1789410068917907962,58820984,244,0,146364,0
1789410069945326419,58821496,68,0,146364,0
1789410070972422922,58820296,84,0,146364,0
1789410071999020158,58819836,96,0,146364,0
1789410073025116341,58819100,212,0,146364,0
1789410074051829054,58818952,224,0,146364,0
1789410075078617289,58818252,56,0,146364,0
1789410076105917724,58818316,88,0,146364,0
1789410077133167743,58818112,104,0,146364,0
1789410078160274910,58816416,212,0,146364,0
1789410079186920215,58816000,0,0,146364,0
1789410080214212635,58814792,68,0,146364,0
1789410081241053536,58815640,76,0,146364,0
1789410082268148980,58813888,96,0,146364,0
1789410083295536805,58814672,212,0,146364,0
1789410084323084347,58815220,236,0,146364,0
1789410085350355961,58816276,60,0,146364,0
1789410086378070272,58814396,72,0,146364,0
1789410087404652591,58813024,228,0,146364,0
1789410088430796503,58812592,236,0,146364,0
1789410089457899098,58811120,0,20,146364,0
1789410090485202231,58811220,60,0,146364,0
1789410091512260942,58811024,84,0,146364,0
1789410092539048321,58811608,200,0,146364,0
1789410093565844879,58810936,212,0,146364,0
1789410094592343433,58810980,232,0,146364,0
1789410095618602948,58811596,68,0,146364,0
1789410096645518708,58810660,84,0,146364,0
1789410097672502663,58811952,204,0,146364,0
1789410098699199149,58813240,208,0,146364,0
1789410099725243092,58813284,0,24,146364,0
1789410100751298580,58814856,56,0,146364,0
1789410101778067180,58818296,80,0,146364,0
1789410102804820991,58818076,200,0,146364,0
1789410103831812943,58817872,216,0,146364,0
1789410104861350850,58817928,16,64,146364,0
1789410105888102610,58823772,32,0,146364,0
1789410106915007635,58823396,80,0,146364,0
1789410107944667351,58822756,232,0,146364,0
1789410108971264744,58823572,244,0,146364,0
1789410109998338863,58823880,0,0,146364,0
1789410111028096137,58823940,72,0,146364,0
1789410112054997327,58824528,84,0,146364,0
1789410113081598852,58825104,212,0,146364,0
1789410114109155479,58822652,228,0,146364,0
1789410115138593095,58823240,144,64,146364,0
1789410116165282179,58823664,68,0,146364,0
1789410117192558390,58823736,196,0,146364,0
1789410118222105517,58823288,204,0,146364,0
1789410119248108344,58823104,224,0,146364,0
1789410120274116676,58824220,0,80,146364,0
1789410121303832351,58826352,48,0,146364,0
1789410122330743426,58827124,80,0,146364,0
1789410123357656616,58826912,200,0,146364,0
1789410124384792134,58827172,204,0,146364,0
1789410125413767507,58826204,232,0,146364,0
1789410126440142583,58825716,40,0,146364,0
1789410127467055682,58824732,76,0,146364,0
1789410128495988149,58824304,204,0,146364,0
1789410129522531710,58823060,212,0,146364,0
1789410130549638950,58823412,220,0,146364,0
1789410131577964987,58822188,36,0,146364,0
1789410132605094919,58821016,76,0,146364,0
1789410133631265018,58820648,208,0,146364,0
1789410134658149188,58820852,212,0,146364,0
1789410135687538277,58818120,216,0,146364,0
1789410136714212199,58818420,28,0,146364,0
1789410137741315183,58817716,168,0,146364,0
1789410138770644272,58816244,184,0,146364,0
1789410139797697184,58816804,212,0,146364,0
1789410140824384386,58816420,224,0,146364,0
1789410141851213161,58816688,240,0,146364,0
1789410142881496145,58817252,180,0,146364,0
1789410143908274526,58818044,192,0,146364,0
1789410144935375473,58819108,204,0,146364,0
1789410145964627762,58820940,220,0,146364,0
1789410146991186003,58820056,24,0,146364,0
1789410148017881068,58819848,192,0,146364,0
1789410149046143964,58820676,204,0,146364,0
1789410150074059101,58820480,220,0,146364,0
1789410151100589430,58819520,236,0,146364,0
1789410152127470707,58818100,8,0,146364,0
1789410153156752827,58819148,184,0,146364,0
1789410154182850424,58818480,200,0,146364,0
1789410155209750783,58818756,216,0,146364,0
1789410156238756289,58817524,232,0,146364,0
1789410157264138820,58818072,248,0,146364,0
1789410158291291033,58816620,56,0,146364,0
1789410159320239541,58818700,68,0,146364,0
1789410160348291269,58818796,96,0,146364,0
1789410161375017356,58819124,108,0,146364,0
1789410162402258810,58817912,52,36,146364,0
1789410163431824165,58819744,64,0,146364,0
1789410164458319050,58819792,72,0,146364,0
1789410165485062402,58821616,92,0,146364,0
1789410166511638596,58821636,100,0,146364,0
1789410167538258136,58821664,228,0,146364,0
1789410168564922610,58821596,48,0,146364,0
1789410169591209770,58821128,80,0,146364,0
1789410170617759647,58820388,84,0,146364,0
1789410171644634358,58820692,112,0,146364,0
1789410172674382517,58819692,128,0,146364,0
1789410173704174479,58820032,56,0,146364,0
1789410174734359473,58819864,88,0,146364,0
1789410175764270058,58822424,88,0,146364,0
1789410176794381222,58821256,112,0,146364,0
1789410177824297215,58821088,0,64,146364,0
1789410178855063173,58822660,56,0,146364,0
1789410179885326817,58822920,76,0,146364,0
1789410180915397575,58822248,88,0,146364,0
1789410181944490033,58822036,112,0,146364,0
1789410182974468121,58820876,16,72,146364,0
1789410184004590507,58821184,64,0,146364,0
1789410185034410670,58819724,84,0,146364,0
1789410186064448470,58820596,100,0,146364,0
1789410187094178866,58819648,112,0,146364,0
1789410188124409267,58819924,260,0,146364,0
1789410189154422037,58819984,80,0,146364,0
1789410190184608217,58819804,92,0,146364,0
1789410191215095564,58819616,112,0,146364,0
1789410192245357382,58818924,128,0,146364,0
1789410193275357635,58820484,256,0,146364,0
1789410194304706281,58821016,72,0,146364,0
1789410195331457888,58819808,92,0,146364,0
1789410196357667991,58819340,100,0,146364,0
1789410197383830891,58819136,216,0,146364,0
1789410198410415102,58817404,228,0,146364,0
1789410199437280069,58819744,68,0,146364,0
1789410200467189231,58820516,80,0,146364,0
1789410201497025417,58821336,88,0,146364,0
1789410202527075882,58821164,236,0,146364,0
1789410203557149096,58821700,0,0,146364,0
1789410204587151374,58824784,56,0,146364,0
1789410205617370264,58825108,80,0,146364,0
1789410206647229089,58829412,88,0,146364,0
1789410207676914831,58830704,108,0,146364,0
1789410208706785341,58830000,232,0,146364,0
1789410209736584761,58831820,64,0,146364,0
1789410210766529654,58831340,68,0,146364,0
1789410211796938233,58831120,92,0,146364,0
1789410212827326381,58830900,116,0,146364,0
1789410213857420964,58830200,0,60,146364,0
1789410214888037948,58829724,56,0,146364,0
1789410215918275044,58828496,76,0,146364,0
1789410216948774679,58828260,92,0,146364,0
1789410217978921601,58828064,216,0,146364,0
1789410219008586715,58829876,8,0,146364,0
1789410220038600795,58828920,64,0,146364,0
1789410221068863937,58829988,84,0,146364,0
1789410222097221674,58831268,96,0,146364,0
1789410223124169644,58831548,220,0,146364,0
1789410224150818554,58830864,4,0,146364,0
1789410225177744398,58830644,56,0,146364,0
1789410226204110268,58829688,76,0,146364,0
1789410227230428120,58829976,212,0,146364,0
1789410228257303672,58829056,220,0,146364,0
1789410229287627982,58830852,240,0,146364,0
1789410230317135866,58829672,68,0,146364,0
1789410231347056953,58829444,72,0,146364,0
1789410232376771571,58828476,208,0,146364,0
1789410233406136269,58828816,224,0,146364,0
1789410234435918376,58828332,0,32,146364,0
1789410235465025352,58827096,64,0,146364,0
1789410236494478333,58825436,76,0,146364,0
1789410237525322047,58826516,196,0,146364,0
1789410238555635341,58825824,208,0,146364,0
1789410239586104179,58825144,228,0,146364,0
1789410240616107826,58826432,48,0,146364,0
1789410241646160145,58826748,84,0,146364,0
1789410242676449943,58823776,196,0,146364,0
1789410243706523868,58824568,212,0,146364,0
1789410244736714781,58823696,228,0,146364,0
1789410245767436082,58825788,56,0,146364,0
1789410246797807218,58824296,80,0,146364,0
1789410247829021648,58824320,208,0,146364,0
1789410248859225907,58826116,220,0,146364,0
1789410249889798609,58826920,92,52,146364,0
1789410250919651581,58827228,56,0,146364,0
1789410251946576637,58825244,76,0,146364,0
1789410252973557575,58825008,196,0,146364,0
1789410254000536041,58825292,216,0,146364,0
1789410255027399205,58825064,244,0,146364,0
1789410256053791341,58825344,60,0,146364,0
1789410257081836540,58825144,72,0,146364,0
1789410258124892652,58824420,204,0,146364,0
1789410259155019931,58824264,224,0,146364,0
1789410260185258060,58823848,8,0,146364,0
1789410261215821627,58823656,64,0,146364,0
1789410262246095200,58823724,188,0,146364,0
1789410263276059939,58824540,196,0,146364,0
1789410264305849185,58823640,212,0,146364,0
1789410265335322711,58822664,4,0,146364,0
1789410266363357761,58822208,60,0,146364,0
1789410267394120192,58822512,176,0,146364,0
1789410268424600332,58824292,196,0,146364,0
1789410269455414407,58822916,212,0,146364,0
1789410270484856977,58823552,232,0,146364,0
1789410271514773093,58823092,56,0,146364,0
1789410272544692423,58823360,192,0,146364,0
1789410273574670203,58822640,204,0,146364,0
1789410274604836916,58823992,220,0,146364,0
1789410275634888270,58825796,0,0,146364,0
1789410276664638379,58824556,72,0,146364,0
1789410277694403524,58824440,200,0,146364,0
1789410278724383500,58823536,248,0,146364,0
1789410279750237243,58822316,268,0,146364,0
1789410280776507457,58823592,284,0,146364,0
1789410281803319856,58822896,56,0,146364,0
1789410282830009937,58822732,84,0,146364,0
1789410283856606753,58824060,104,0,146364,0
1789410284883614372,58823332,124,0,146364,0
1789410285914138379,58825476,284,0,146364,0
1789410286944758723,58825052,48,0,146364,0
1789410287975092273,58825908,76,0,146364,0
1789410289005244461,58824416,92,0,146364,0
1789410290034891977,58822932,104,0,146364,0
1789410291065268430,58822752,252,0,146364,0
1789410292095511969,58823028,44,0,146364,0
1789410293125899923,58822412,72,0,146364,0
1789410294156090963,58820952,88,0,146364,0
1789410295186837545,58821284,224,0,146364,0
1789410296217017348,58822164,236,0,146364,0
1789410297247504206,58820700,60,0,146364,0
1789410298277442229,58820840,80,0,146364,0
1789410299305338769,58820704,96,0,146364,0
1789410300335462742,58821068,204,0,146364,0
1789410301365744357,58822112,196,0,146364,0
1789410302395338823,58822936,240,0,146364,0
1789410303425500138,58823496,260,0,146364,0
1789410304455740514,58822328,276,0,146364,0
1789410305486443717,58819892,440,0,146364,0
1789410306516951837,58820452,0,68,146364,0
1789410307546975942,58819744,64,0,146364,0
1789410308573565487,58821020,196,0,146364,0
1789410309600314290,58821384,220,0,146364,0
1789410310626577934,58822920,368,0,146364,0
1789410311653196113,58825288,380,0,146364,0
1789410312680135907,58823332,52,0,146364,0
1789410313707544022,58823616,72,0,146364,0
1789410314737663191,58824756,88,0,146364,0
1789410315767648655,58824840,244,0,146364,0
1789410316797918021,58825620,260,0,146364,0
1789410317828004819,58826400,48,0,146364,0
1789410318858555882,58827184,80,0,146364,0
1789410319888538515,58827204,96,0,146364,0
1789410320919356207,58826552,208,0,146364,0
1789410321949728936,58827620,4,0,146364,0
1789410322981123526,58827728,64,0,146364,0
1789410324011034348,58825484,76,0,146364,0
1789410325041523437,58824804,88,0,146364,0
1789410326071316840,58828640,216,0,146364,0
1789410327101926506,58829520,88,0,146364,0
1789410328132497066,58829336,64,0,146364,0
1789410329162733234,58828656,92,0,146364,0
1789410330192758946,58828792,204,0,146364,0
1789410331223186962,58830136,228,0,146364,0
1789410332253843387,58829284,244,0,146364,0
1789410333284248172,58828548,48,0,146364,0
1789410334314596847,58827860,72,0,146364,0
1789410335344550278,58827672,208,0,146364,0
1789410336371818052,58827732,228,0,146364,0
1789410337398709209,58828528,236,0,146364,0
1789410338425594642,58828572,48,0,146364,0
1789410339452204190,58829092,68,0,146364,0
1789410340478561706,58829664,92,0,146364,0
1789410341505852945,58831196,236,0,146364,0
1789410342536599670,58832012,248,0,146364,0
1789410343567042922,58833368,56,0,146364,0
1789410344597893343,58831660,72,0,146364,0
1789410345628729426,58831072,88,0,146364,0
1789410346659423801,58831740,224,0,146364,0
1789410347690214224,58834532,236,0,146364,0
1789410348720907289,58834108,60,0,146364,0
1789410349751228655,58835116,76,0,146364,0
1789410350780871531,58835712,192,0,146364,0
1789410351811324117,58835480,204,0,146364,0
1789410352841955928,58836328,0,0,146364,0
1789410353872622819,58836644,64,0,146364,0
1789410354902752948,58835924,88,0,146364,0
1789410355933313527,58835192,196,0,146364,0
1789410356963213730,58832700,224,0,146364,0
1789410357993430733,58832776,0,56,146364,0
1789410359023313238,58833568,64,0,146364,0
1789410360053511024,58833168,72,0,146364,0
1789410361084129982,58832712,208,0,146364,0
1789410362114796053,58832308,228,0,146364,0
1789410363145285706,58831620,196,0,146364,0
1789410364174944403,58832528,68,0,146364,0
1789410365201290698,58831340,200,0,146364,0
1789410366226672706,58828344,216,0,146364,0
1789410367253608019,58828904,232,0,146364,0
1789410368279497467,58827712,12,84,146364,0
1789410369305695908,58826268,56,0,146364,0
1789410370331758535,58825800,188,0,146364,0
1789410371358229276,58826648,208,0,146364,0
1789410372383951506,58826480,224,0,146364,0
1789410373410356912,58827080,180,0,146364,0
1789410374435906687,58825928,72,0,146364,0
1789410375461808432,58824008,184,0,146364,0
1789410376487817901,58824816,200,0,146364,0
1789410377514158158,58824140,224,0,146364,0
1789410378540655909,58826168,0,0,146364,0
1789410379566319786,58826800,60,0,146364,0
1789410380592245881,58825568,172,0,146364,0
1789410381617785117,58825676,200,0,146364,0
1789410382644310212,58824736,200,0,146364,0
1789410383670618118,58825044,232,0,146364,0
1789410384697342203,58826876,28,0,146364,0
1789410385723826493,58825948,200,0,146364,0
1789410386750578386,58825524,208,0,146364,0
1789410387777321134,58824816,220,0,146364,0
1789410388804251033,58826368,248,0,146364,0
1789410389830972128,58825964,48,0,146364,0
1789410390857595960,58825512,184,0,146364,0
1789410391884533681,58825564,208,0,146364,0
1789410392911357654,58826088,212,0,146364,0
1789410393938024538,58827472,240,0,146364,0
1789410394964759162,58828252,36,0,146364,0
1789410395991511938,58830048,196,0,146364,0
1789410397018177592,58828944,212,0,146364,0
1789410398044868867,58826992,228,0,146364,0
1789410399071711174,58826772,240,0,146364,0
1789410400098571078,58826540,44,0,146364,0
1789410401133438764,58825064,188,0,146364,0
1789410402160109457,58825624,204,0,146364,0
1789410403186635289,58825172,220,0,146364,0
1789410404213289780,58822700,244,0,146364,0
1789410405239924249,58821496,132,0,146364,0
1789410406266685949,58820068,172,0,146364,0
1789410407293538112,58819624,184,0,146364,0
1789410408320447260,58818892,200,0,146364,0
1789410409347087007,58818440,220,0,146364,0
1789410410373664671,58818500,156,0,146364,0
1789410411400333681,58819796,176,0,146364,0
1789410412426912044,58822140,200,0,146364,0
1789410413453824598,58822928,212,0,146364,0
1789410414480654617,58823980,236,0,146364,0
1789410415507592837,58822492,152,0,146364,0
1789410416535913636,58823028,184,0,146364,0
1789410417563192871,58825060,192,0,146364,0
1789410418593328875,58825876,212,0,146364,0
1789410419620072087,58825132,220,0,146364,0
1789410420646840089,58823152,160,0,146364,0
1789410421674027032,58821180,172,0,146364,0
1789410422701515707,58820732,192,0,146364,0
1789410423731483946,58819792,208,0,146364,0
1789410424758371060,58820824,220,0,146364,0
1789410425785398405,58825180,172,0,146364,0
1789410426812726145,58824740,196,0,146364,0
1789410427840016483,58823236,200,0,146364,0
1789410428869396118,58821520,356,0,146364,0
1789410429896542805,58820012,116,8,146364,0
1789410430924001917,58819576,320,0,146364,0
1789410431949136291,58820632,348,0,146364,0
1789410432976646362,58819920,364,0,146364,0
1789410434005981365,58818472,380,0,146364,0
1789410435032549723,58820768,0,0,146364,0
1789410436059390575,58821052,180,0,146364,0
1789410437084406038,58821832,188,0,146364,0
1789410438111666524,58820116,212,0,146364,0
1789410439141292758,58819680,224,0,146364,0
1789410440168175963,58817972,352,0,146364,0
1789410441195271021,58818788,164,0,146364,0
1789410442222160619,58819608,188,0,146364,0
1789410443249464276,58821136,192,0,146364,0
1789410444279225898,58822452,212,0,146364,0
1789410445306451604,58823028,0,0,146364,0
1789410446333404844,58827336,40,0,146364,0
1789410447360493846,58825628,76,0,146364,0
1789410448387523336,58826176,88,0,146364,0
1789410449417000248,58825968,112,0,146364,0
1789410450443949771,58827028,0,0,146364,0
1789410451473485909,58826808,60,0,146364,0
1789410452500272027,58826360,80,0,146364,0
1789410453527554285,58826636,84,0,146364,0
1789410454557716849,58828444,112,0,146364,0
1789410455585496548,58828000,0,36,146364,0
1789410456615357574,58826352,52,0,146364,0
1789410457641654748,58827156,76,0,146364,0
1789410458669069311,58826472,96,0,146364,0
1789410459697913808,58826748,108,0,146364,0
1789410460724462739,58827508,108,0,146364,0
1789410461754205987,58827804,56,0,146364,0
1789410462780991175,58826632,80,0,146364,0
1789410463808144198,58827432,92,0,146364,0
1789410464837200466,58828204,108,0,146364,0
1789410465864713283,58828468,0,72,146364,0
1789410466894656484,58827272,52,0,146364,0
1789410467921632320,58829340,76,0,146364,0
1789410468948778076,58830112,88,0,146364,0
1789410469977058044,58828916,112,0,146364,0
1789410471004259780,58827920,80,20,146364,0
1789410472034066537,58826944,56,0,146364,0
1789410473060762179,58825712,76,0,146364,0
1789410474087905144,58825496,88,0,146364,0
1789410475115460176,58823496,104,0,146364,0
1789410476142959741,58823268,16,0,146364,0
1789410477171982855,58822292,68,0,146364,0
1789410478198815726,58822316,84,0,146364,0
1789410479225826881,58824600,96,0,146364,0
1789410480252474845,58824896,224,0,146364,0
1789410481279770524,58824172,244,0,146364,0
1789410482309548559,58823188,72,0,146364,0
1789410483335983120,58822532,88,0,146364,0
1789410484362334618,58822300,104,0,146364,0
1789410485389289551,58822884,252,0,146364,0
1789410486416296195,58825516,0,0,146364,0
1789410487442846687,58825028,72,0,146364,0
1789410488469651544,58825816,80,0,146364,0
1789410489495836204,58826084,88,0,146364,0
1789410490522504122,58826108,248,0,146364,0
1789410491549379827,58827156,184,88,146364,0
1789410492576291214,58827936,36,0,146364,0
1789410493602518313,58827448,64,0,146364,0
1789410494629155800,58827012,84,0,146364,0
1789410495655847179,58824792,212,0,146364,0
1789410496681580471,58823808,228,0,146364,0
1789410497708330694,58824840,64,0,146364,0
1789410498734879732,58823128,64,0,146364,0
1789410499761894331,58823900,88,0,146364,0
1789410500789553581,58823984,216,0,146364,0
1789410501819557136,58824284,228,0,146364,0
1789410502849049451,58824604,56,0,146364,0
1789410503876937812,58824676,80,0,146364,0
1789410504906388018,58823772,100,0,146364,0
1789410505934235154,58827900,220,0,146364,0
1789410506965000130,58827256,236,0,146364,0
1789410507994058806,58824796,68,0,146364,0
1789410509022713786,58823832,84,0,146364,0
1789410510052367030,58823936,96,0,146364,0
1789410511080131251,58822528,240,0,146364,0
1789410512110352148,58822320,8,0,146364,0
1789410513138283336,58822176,68,0,146364,0
1789410514168378681,58821224,84,0,146364,0
1789410515198504185,58821232,212,0,146364,0
1789410516226699463,58822080,228,0,146364,0
1789410517255342019,58821676,4,0,146364,0
1789410518282966660,58822480,64,0,146364,0
1789410519312993527,58823760,76,0,146364,0
1789410520341310581,58824880,196,0,146364,0
1789410521371723905,58822664,208,0,146364,0
1789410522401145018,58821956,0,24,146364,0
1789410523429513895,58822312,56,0,146364,0
1789410524459316044,58822644,80,0,146364,0
1789410525486692859,58822180,204,0,146364,0
1789410526517470985,58822248,216,0,146364,0
1789410527545704104,58821272,236,0,146364,0
1789410528573783715,58821076,28,0,146364,0
1789410529604008701,58821864,80,0,146364,0
1789410530631300377,58823640,196,0,146364,0
1789410531658151243,58825460,220,0,146364,0
1789410532684674190,58825980,236,0,146364,0
1789410533711828863,58826280,184,60,146364,0
1789410534738936102,58825848,72,0,146364,0
1789410535766591922,58827120,196,0,146364,0
1789410536797720843,58827668,208,0,146364,0
1789410537829448270,58829520,232,0,146364,0
1789410538861129733,58830860,260,0,146364,0
1789410539892981872,58830928,72,0,146364,0
1789410540925460749,58830004,196,0,146364,0
1789410541956848672,58828112,216,0,146364,0
1789410542987422600,58828124,232,0,146364,0
1789410544018414317,58829156,16,0,146364,0
1789410545049179977,58828792,196,0,146364,0
1789410546079610072,58825852,356,0,146364,0
1789410547110912065,58824884,372,0,146364,0
1789410548142112611,58826984,416,0,146364,0
1789410549172699938,58827280,24,0,146364,0
1789410550203205193,58826584,188,0,146364,0
1789410551234533118,58825108,208,0,146364,0
1789410552265144046,58825956,220,0,146364,0
1789410553296223863,58825200,240,0,146364,0
1789410554327079591,58825020,16,44,146364,0
1789410555357387685,58827080,176,0,146364,0
1789410556386475993,58829184,184,0,146364,0
1789410557416401572,58829736,196,0,146364,0
1789410558446441127,58830820,228,0,146364,0
1789410559473093132,58830168,240,0,146364,0
1789410560498860459,58829040,68,0,146364,0
1789410561525121886,58828808,192,0,146364,0
1789410562551604081,58829160,220,0,146364,0
1789410563578245919,58830696,220,0,146364,0
1789410564604902097,58829500,8,0,146364,0
1789410565635292879,58830052,180,0,146364,0
1789410566665307306,58831352,204,0,146364,0
1789410567694969641,58831652,212,0,146364,0
1789410568724789872,58831052,412,0,146364,0
1789410569754525868,58831368,252,0,146364,0
1789410570784521356,58831912,312,0,146364,0
1789410571814435371,58830180,332,0,146364,0
1789410572844319578,58830740,364,0,146364,0
1789410573874518028,58831540,388,0,146364,0
1789410574904718121,58828596,416,0,146364,0
1789410575934696755,58828640,276,0,146364,0
1789410576964637637,58828416,304,0,146364,0
1789410577994696133,58827940,324,0,146364,0
1789410579024214406,58827140,364,0,146364,0
1789410580053880912,58826648,396,0,146364,0
1789410581084222351,58827224,164,0,146364,0
1789410582114344512,58827000,344,0,146364,0
1789410583143116015,58825544,364,0,146364,0
1789410584172714873,58826372,400,0,146364,0
1789410585202651295,58827152,416,0,146364,0
1789410586232033349,58828052,360,0,146364,0
1789410587259320100,58826340,408,0,146364,0
1789410588286025087,58826904,456,0,146364,0
1789410589312609424,58827712,484,0,146364,0
1789410590339110991,58828500,516,0,146364,0
1789410591365340334,58829064,144,0,146364,0
1789410592392212606,58828580,328,0,146364,0
1789410593422213163,58828028,380,0,146364,0
1789410594452301847,58827624,392,0,146364,0
1789410595482639989,58827696,416,0,146364,0
1789410596512556557,58827576,176,0,146364,0
1789410597542807097,58829112,336,0,146364,0
1789410598572734494,58828188,376,0,146364,0
1789410599602793199,58827964,396,0,146364,0
1789410600632999710,58826284,428,0,146364,0
1789410601663318615,58828144,168,0,146364,0
1789410602693755257,58824732,328,0,146364,0
1789410603723356081,58824748,368,0,146364,0
1789410604752842157,58828208,440,0,146364,0
1789410605782532774,58828792,484,0,146364,0
1789410606812469532,58829824,164,0,146364,0
1789410607842174660,58830432,356,0,146364,0
1789410608871818257,58829304,376,0,146364,0
1789410609901690728,58829872,404,0,146364,0
1789410610931499438,58829884,420,0,146364,0
1789410611961704769,58829196,16,0,146364,0
1789410612991347676,58827724,76,0,146364,0
1789410614021057594,58828020,232,0,146364,0
1789410615050721778,58828352,248,0,146364,0
1789410616077226475,58828632,272,0,146364,0
1789410617104192690,58829148,136,0,146364,0
1789410618130967140,58830212,192,0,146364,0
1789410619157805166,58830240,272,0,146364,0
1789410620184400765,58831532,296,0,146364,0
1789410621211241750,58833076,524,0,146364,0
1789410622240973775,58833388,16,328,146364,0
1789410623271123044,58833180,80,0,146364,0
1789410624300873018,58833452,216,0,146364,0
1789410625331147470,58832504,260,0,146364,0
1789410626361305285,58832280,428,0,146364,0
1789410627391672658,58832624,464,0,146364,0
1789410628421626887,58832204,200,0,146364,0
1789410629451575396,58831504,216,0,146364,0
1789410630481392400,58831856,248,0,146364,0
1789410631511318349,58830912,268,0,146364,0
1789410632541364874,58830520,424,0,146364,0
1789410633571267357,58830304,48,0,146364,0
1789410634601486930,58831980,196,0,146364,0
1789410635631316524,58831004,208,0,146364,0
1789410636660432178,58831368,280,0,146364,0
1789410637690452046,58830924,460,0,146364,0
1789410638720797321,58829232,44,0,146364,0
1789410639750692676,58829588,204,0,146364,0
1789410640780880325,58828880,216,0,146364,0
1789410641810837018,58829500,360,0,146364,0
1789410642840470584,58828552,392,0,146364,0
1789410643869922342,58826816,60,0,146364,0
1789410644896758979,58826840,192,0,146364,0
1789410645923693616,58824524,244,0,146364,0
1789410646950341335,58825604,388,0,146364,0
1789410647977190439,58825908,324,0,146364,0
1789410649004472012,58826740,196,0,146364,0
1789410650034693637,58827320,212,0,146364,0
1789410651065157779,58829976,256,0,146364,0
1789410652095277603,58828396,396,0,146364,0
1789410653125550881,58829672,488,0,146364,0
1789410654155560199,58830776,72,0,146364,0
1789410655185472226,58830592,84,0,146364,0
1789410656215860971,58828900,384,0,146364,0
1789410657245908986,58827948,396,0,146364,0
1789410658276305555,58827032,0,0,146364,0
1789410659306126463,58826788,184,0,146364,0
1789410660336303418,58827396,212,0,146364,0
1789410661366663243,58826956,336,0,146364,0
1789410662396762935,58826748,360,0,146364,0
1789410663427106680,58828432,4,0,146364,0
1789410664456935920,58828484,68,0,146364,0
1789410665486567885,58828816,80,0,146364,0
1789410666516187517,58830644,216,0,146364,0
1789410667545981126,58830968,232,0,146364,0
1789410668576387625,58831016,4,0,146364,0
1789410669606112451,58830536,64,0,146364,0
1789410670635676272,58828396,88,0,146364,0
1789410671665736357,58827216,104,0,146364,0
1789410672692488885,58826548,208,0,146364,0
1789410673719199922,58826136,252,0,146364,0
1789410674745827005,58825432,28,0,146364,0
1789410675772648388,58823716,80,0,146364,0
1789410676798829577,58825276,188,0,146364,0
1789410677826130368,58826172,216,0,146364,0
1789410678856860930,58827272,8,0,146364,0
1789410679886965014,58825772,68,0,146364,0
1789410680917083374,58826316,80,0,146364,0
1789410681947183652,58825740,220,0,146364,0
1789410682977141208,58826588,240,0,146364,0
1789410684006833443,58826388,8,0,146364,0
1789410685037100335,58823908,68,0,146364,0
1789410686067408415,58822752,80,0,146364,0
1789410687098095848,58823280,232,0,146364,0
1789410688128627787,58822332,244,0,146364,0
1789410689158963593,58823660,272,0,146364,0
1789410690189503681,58824188,72,0,146364,0
1789410691219810165,58823488,216,0,146364,0
1789410692250259310,58822680,220,0,146364,0
1789410693280365507,58824528,240,0,146364,0
1789410694310628797,58825136,264,0,146364,0
1789410695340908600,58825928,60,0,146364,0
1789410696371138854,58826448,180,0,146364,0
1789410697401154813,58826760,196,0,146364,0
1789410698431295405,58827048,208,0,146364,0
1789410699461188669,58827408,0,40,146364,0
1789410700490374799,58827680,56,0,146364,0
1789410701516693726,58828724,176,0,146364,0
1789410702542496544,58826988,196,0,146364,0
1789410703569218547,58826024,208,0,146364,0
1789410704595452775,58824064,0,84,146364,0
1789410705621795308,58824416,52,0,146364,0
1789410706649799087,58826588,196,0,146364,0
1789410707680022944,58825124,200,0,146364,0
1789410708709863113,58822124,224,0,146364,0
1789410709739875628,58821648,4,124,146364,0
1789410710769840401,58822688,56,0,146364,0
1789410711800183335,58824284,204,0,146364,0
1789410712830983171,58822540,220,0,146364,0
1789410713860963808,58823852,228,0,146364,0
1789410714890816508,58824372,252,0,146364,0
1789410715921237658,58824188,68,0,146364,0
1789410716951252386,58824468,192,0,146364,0
1789410717981881193,58825528,212,0,146364,0
1789410719011636998,58826128,228,0,146364,0
1789410720041958020,58825148,12,0,146364,0
1789410721072323872,58825424,60,0,146364,0
1789410722102520856,58825460,184,0,146364,0
1789410723132652596,58824732,196,0,146364,0
1789410724162348553,58824760,208,0,146364,0
1789410725190002156,58824392,12,76,146364,0
1789410726220696672,58823968,72,0,146364,0
1789410727250870771,58822772,192,0,146364,0
1789410728280872019,58822064,212,0,146364,0
1789410729307839825,58822088,220,0,146364,0
1789410730334549642,58824884,240,0,146364,0
1789410731361481276,58825656,40,0,146364,0
1789410732388701571,58826720,184,0,146364,0
1789410733414905053,58826004,208,0,146364,0
1789410734441429940,58827536,224,0,146364,0
1789410735467857616,58828068,224,0,146364,0
1789410736494295208,58828364,184,0,146364,0
1789410737521065210,58828176,208,0,146364,0
1789410738547860174,58829196,220,0,146364,0
1789410739574368643,58829716,232,0,146364,0
1789410740600961531,58829004,252,0,146364,0
1789410741627673342,58829528,152,0,146364,0
1789410742654273722,58828844,192,0,146364,0
1789410743680982388,58827856,204,0,146364,0
1789410744707730714,58828396,224,0,146364,0
1789410745734648979,58830184,232,0,146364,0
1789410746761368053,58830976,168,0,146364,0
1789410747787838168,58830484,184,0,146364,0
1789410748814427715,58830276,200,0,146364,0
1789410749841061891,58829536,204,0,146364,0
1789410750867982387,58829852,232,0,146364,0
1789410751894777661,58828612,160,0,146364,0
1789410752921381261,58829392,188,0,146364,0
1789410753948073413,58828232,200,0,146364,0
1789410754974887277,58827820,220,0,146364,0
1789410756000951958,58826332,84,104,146364,0
1789410757027884145,58826864,184,0,146364,0
1789410758053814567,58825384,196,0,146364,0
1789410759080469183,58825436,208,0,146364,0
1789410760107283047,58825488,228,0,146364,0
1789410761134171771,58825060,0,68,146364,0
1789410762160872555,58825872,60,0,146364,0
1789410763187522105,58824896,76,0,146364,0
1789410764214751911,58824940,88,0,146364,0
1789410765244550326,58825516,104,0,146364,0
1789410766271210921,58823328,232,0,146364,0
1789410767297918579,58824232,76,0,146364,0
1789410768325676936,58824804,80,0,146364,0
1789410769355837457,58825100,240,0,146364,0
1789410770383209603,58825180,252,0,146364,0
1789410771409011822,58825236,0,0,146364,0
1789410772436815854,58825364,60,0,146364,0
1789410773466713322,58826172,188,0,146364,0
1789410774494227964,58826740,212,0,146364,0
1789410775521313750,58824348,232,0,146364,0
1789410776548876742,58825660,372,0,146364,0
1789410777578520829,58825212,64,0,146364,0
1789410778606280586,58823476,76,0,146364,0
1789410779633203440,58823500,92,0,146364,0
1789410780660684098,58822508,104,0,146364,0
1789410781690203875,58821056,0,0,146364,0
1789410782720138692,58820876,68,0,146364,0
1789410783746724442,58824000,92,0,146364,0
1789410784773606781,58824520,96,0,146364,0
1789410785801439627,58826408,120,0,146364,0
1789410786831342032,58825236,8,0,146364,0
1789410787857947259,58823816,68,0,146364,0
1789410788885077355,58774688,84,0,146364,0
1789410789913795150,58768012,104,0,146364,0
1789410790943952312,58764788,116,0,146364,0
1789410791970825612,58763292,8,0,146364,0
1789410792997724759,58761328,72,0,146364,0
1789410794025223976,58759088,84,0,146364,0
1789410795055449297,58757592,104,0,146364,0
1789410796084779617,58756092,120,0,146364,0
1789410797110767993,58753620,8,0,146364,0
1789410798137643679,58752628,68,0,146364,0
1789410799165599746,58751656,92,0,146364,0
1789410800195156686,58749908,100,0,146364,0
1789410801221849218,58748664,220,0,146364,0
1789410802248554588,58746984,20,0,146364,0
1789410803276528668,58745488,68,0,146364,0
1789410804306575699,58778436,92,0,146364,0
1789410805333605729,58777188,100,0,146364,0
1789410806360548940,58775232,244,0,146364,0
1789410807387924314,58773236,200,40,146364,0
1789410808418131727,58771000,64,0,146364,0
1789410809445332728,58768252,80,0,146364,0
1789410810471962542,58767512,92,0,146364,0
1789410811499397324,58765568,212,0,146364,0
1789410812529867308,58765080,220,0,146364,0
1789410813559479556,58760604,48,0,146364,0
1789410814586188590,58759172,68,0,146364,0
1789410815613535135,58757932,96,0,146364,0
1789410816642851357,58756972,108,0,146364,0
1789410817672157653,58756004,232,0,146364,0
1789410818698857550,58754508,48,0,146364,0
1789410819726210809,58753036,72,0,146364,0
1789410820753974067,58750556,96,0,146364,0
1789410821780642983,58749824,224,0,146364,0
1789410822807471095,58748344,248,0,146364,0
1789410823834266713,58749540,56,0,146364,0
1789410824861026299,58748292,76,0,146364,0
1789410825887748134,58746804,96,0,146364,0
1789410826915100286,58746060,104,0,146364,0
1789410827945065779,58743592,236,0,146364,0
1789410828975685345,58744160,64,0,146364,0
1789410830006406967,58743980,80,0,146364,0
1789410831037057748,58742048,88,0,146364,0
1789410832067238211,58741848,224,0,146364,0
1789410833097813986,58739148,0,56,146364,0
1789410834128010503,58738928,64,0,146364,0
1789410835158204508,58736996,92,0,146364,0
1789410836188405715,58737832,208,0,146364,0
1789410837218905468,58738384,220,0,146364,0
1789410838249365992,58739504,0,0,146364,0
1789410839279867338,58741580,68,0,146364,0
1789410840310251366,58741716,80,0,146364,0
1789410841341265205,58740788,92,0,146364,0
1789410842371980814,58740612,232,0,146364,0
1789410843402799456,58739168,0,36,146364,0
1789410844433842991,58738808,64,0,146364,0
1789410845464780112,58739140,84,0,146364,0
1789410846495293475,58740456,208,0,146364,0
1789410847525750117,58738740,224,0,146364,0
1789410848556406230,58738576,240,0,146364,0
1789410849586019906,58739380,28,0,146364,0
1789410850613062999,58737960,80,0,146364,0
1789410851639492519,58738780,92,0,146364,0
1789410852665902942,58738084,232,0,146364,0
1789410853692442000,58736664,252,0,146364,0
1789410854720184456,58739276,32,0,146364,0
1789410855750711830,58738164,72,0,146364,0
1789410856780970995,58735476,192,0,146364,0
1789410857811403922,58737280,212,0,146364,0
1789410858841982336,58736136,224,0,146364,0
1789410859872562348,58735040,48,0,146364,0
1789410860902818441,58735828,76,0,146364,0
1789410861933492514,58735384,208,0,146364,0
1789410862963947512,58734452,232,0,146364,0
1789410863994506453,58732316,240,0,146364,0
1789410865024970616,58730924,56,0,146364,0
1789410866053895931,58731760,88,0,146364,0
1789410867084321022,58731548,196,0,146364,0
1789410868114929323,58733404,212,0,146364,0
1789410869145190049,58734216,228,0,146364,0
1789410870176165069,58733548,52,0,146364,0
1789410871206779057,58733624,80,0,146364,0
1789410872237734703,58734740,188,0,146364,0
1789410873268304999,58734036,208,0,146364,0
1789410874298576799,58735144,224,0,146364,0
1789410875329014697,58734756,64,0,146364,0
1789410876359430506,58735028,208,0,146364,0
1789410877388723553,58733308,224,0,146364,0
1789410878415761644,58731904,248,0,146364,0
1789410879442503988,58731952,8,76,146364,0
1789410880468919141,58732776,52,0,146364,0
1789410881495475253,58729540,88,0,146364,0
1789410882522109371,58729360,220,0,146364,0
1789410883549465585,58729920,236,0,146364,0
1789410884580467027,58730500,0,0,146364,0
1789410885611004940,58729792,68,0,146364,0
1789410886641703729,58726336,204,0,146364,0
1789410887672732010,58727860,244,0,146364,0
1789410888703273833,58728668,264,0,146364,0
1789410889733965317,58729280,0,0,146364,0
1789410890764541772,58730248,72,0,146364,0
1789410891795281845,58731544,80,0,146364,0
1789410892825878950,58731620,100,0,146364,0
1789410893856311921,58732676,104,0,146364,0
1789410894886677268,58732460,4,0,146364,0
1789410895917158077,58734264,52,0,146364,0
1789410896947465526,58735040,80,0,146364,0
1789410897977900036,58733552,96,0,146364,0
1789410899008225819,58732312,112,0,146364,0
1789410900039180529,58730316,228,0,146364,0
1789410901070103655,58731660,48,0,146364,0
1789410902100773465,58730484,272,0,146364,0
1789410903131560329,58731072,288,0,146364,0
1789410904160931817,58731668,428,0,146364,0
1789410905191162726,58731788,448,0,146364,0
1789410906221069969,58728080,56,0,146364,0
1789410907247744505,58729912,76,0,146364,0
1789410908274406260,58728224,104,0,146364,0
1789410909301047568,58729044,220,0,146364,0
1789410910327617053,58727152,240,0,146364,0
1789410911355141292,58726712,32,0,146364,0
1789410912385499217,58726100,84,0,146364,0
1789410913416207285,58725428,96,0,146364,0
1789410914446788629,58724476,204,0,146364,0
1789410915477365697,58725260,232,0,146364,0
1789410916508103494,58725836,28,0,146364,0
1789410917538803796,58724884,76,0,146364,0
1789410918569274017,58724896,88,0,146364,0
1789410919599486434,58724240,216,0,146364,0
1789410920629711850,58724336,232,0,146364,0
1789410921660174425,58724912,24,72,146364,0
1789410922690585030,58725240,72,0,146364,0
1789410923719866697,58725184,96,0,146364,0
1789410924750411366,58726056,208,0,146364,0
1789410925781303506,58727620,228,0,146364,0
1789410926812325462,58727732,0,0,146364,0
1789410927842917437,58729148,64,0,146364,0
1789410928872788176,58730020,76,0,146364,0
1789410929903007291,58729104,200,0,146364,0
1789410930934436791,58729444,216,0,146364,0
1789410931965425949,58730296,4,76,146364,0
1789410932996727193,58731392,68,0,146364,0
1789410934026970014,58731704,84,0,146364,0
1789410935054161443,58732012,208,0,146364,0
1789410936080952059,58731284,224,0,146364,0
1789410937107919508,58730836,16,0,146364,0
1789410938134150645,58731140,68,0,146364,0
1789410939161098962,58731228,92,0,146364,0
1789410940188695983,58730816,208,0,146364,0
1789410941219274033,58731636,220,0,146364,0
1789410942250062569,58731960,24,0,146364,0
1789410943280800122,58732020,68,0,146364,0
1789410944311581058,58731592,84,0,146364,0
1789410945342018737,58730596,204,0,146364,0
1789410946371896441,58728392,220,0,146364,0
1789410947403024370,58728952,0,52,146364,0
1789410948433852471,58727500,60,0,146364,0
1789410949465063514,58726548,168,0,146364,0
1789410950495698826,58726896,192,0,146364,0
1789410951526311297,58726924,200,0,146364,0
1789410952557369383,58727264,224,0,146364,0
1789410953588442996,58725780,36,0,146364,0
1789410954618685087,58725852,168,0,146364,0
1789410955649001166,58726308,180,0,146364,0
1789410956676662238,58723876,192,0,146364,0
1789410957706840743,58724936,212,0,146364,0
1789410958737872697,58723744,64,0,146364,0
1789410959768992517,58724292,80,0,146364,0
1789410960799695114,58726104,196,0,146364,0
1789410961830501175,58725388,204,0,146364,0
1789410962857394471,58724944,228,0,146364,0
1789410963884311275,58723952,24,0,146364,0
1789410964910523580,58724484,176,0,146364,0
1789410965937142236,58728864,204,0,146364,0
1789410966964058512,58728648,216,0,146364,0
1789410967990996407,58728200,0,60,146364,0
1789410969020371959,58728284,64,0,146364,0
1789410970051233067,58727588,184,0,146364,0
1789410971082185529,58726368,188,0,146364,0
1789410972112907102,58726408,212,0,146364,0
1789410973143748963,58727012,60,0,146364,0
1789410974174677543,58726524,144,0,146364,0
1789410975205503648,58728104,192,0,146364,0
1789410976236520284,58728624,204,0,146364,0
1789410977267556996,58727668,216,0,146364,0
1789410978298240976,58728716,12,0,146364,0
1789410979329249884,58729044,72,0,146364,0
1789410980360227850,58730392,204,0,146364,0
1789410981391149567,58732936,232,0,146364,0
1789410982421069427,58731452,240,0,146364,0
1789410983452682881,58732272,12,0,146364,0
1789410984483290358,58731896,172,0,146364,0
1789410985514425726,58731208,188,0,146364,0
1789410986545587217,58729212,208,0,146364,0
1789410987576150869,58729256,220,0,146364,0
1789410988606350831,58726968,0,68,146364,0
1789410989637674025,58726496,172,68,146364,0
1789410990668479058,58727460,200,0,146364,0
1789410991695636754,58727984,212,0,146364,0
1789410992722251833,58728544,232,0,146364,0
1789410993749329155,58728620,244,0,146364,0
1789410994776123729,58729720,160,0,146364,0
1789410995802995264,58730532,192,0,146364,0
1789410996831011347,58731080,332,0,146364,0
1789410997863424992,58730668,388,0,146364,0
1789410998895632067,58730232,400,0,146364,0
1789410999927716736,58732528,156,0,146364,0
1789411000957662847,58729336,196,0,146364,0
1789411001987733095,58728084,212,0,146364,0
1789411003017190915,58728656,228,0,146364,0
1789411004048883482,58728508,244,0,146364,0
1789411005080525470,58727612,24,0,146364,0
1789411006112197035,58728208,60,0,146364,0
1789411007143357709,58727284,80,0,146364,0
1789411008174582592,58726052,96,0,146364,0
1789411009204167248,58725872,204,0,146364,0
1789411010234751640,58725688,36,0,146364,0
1789411011264971652,58725740,80,0,146364,0
1789411012295298318,58725808,92,0,146364,0
1789411013326133419,58725620,104,0,146364,0
1789411014356732650,58723700,228,0,146364,0
1789411015387464309,58725288,32,0,146364,0
1789411016417764471,58725356,76,0,146364,0
1789411017447610292,58726192,92,0,146364,0
1789411018477424017,58726256,116,0,146364,0
1789411019505686630,58725804,132,0,146364,0
1789411020536837482,58725564,272,0,146364,0
1789411021568092004,58723724,68,0,146364,0
1789411022598723572,58724284,84,0,146364,0
1789411023629044760,58723580,100,0,146364,0
1789411024658821511,58723644,116,0,146364,0
1789411025688563295,58724984,240,0,146364,0
1789411026718441957,58722800,56,0,146364,0
1789411027748074190,58722604,76,0,146364,0
1789411028777069346,58723176,88,0,146364,0
1789411029807149076,58724988,184,0,146364,0
1789411030837512445,58726048,8,0,146364,0
1789411031867309167,58726644,68,0,146364,0
1789411032897087108,58725940,72,0,146364,0
1789411033926346607,58727156,144,0,146364,0
1789411035596248366,58740252,0,16,146364,0
