timestamp, utilization.gpu [%], utilization.memory [%], memory.used [MiB], memory.total [MiB], power.draw [W], temperature.gpu
2026/09/15 02:15:09.855, 0 %, 0 %, 15 MiB, 16384 MiB, 8.17 W, 50
2026/09/15 02:15:10.867, 0 %, 0 %, 15 MiB, 16384 MiB, 7.22 W, 50
2026/09/15 02:15:11.874, 0 %, 0 %, 15 MiB, 16384 MiB, 7.38 W, 50
2026/09/15 02:15:12.880, 0 %, 0 %, 15 MiB, 16384 MiB, 7.22 W, 50
2026/09/15 02:15:13.887, 0 %, 0 %, 15 MiB, 16384 MiB, 7.41 W, 50
2026/09/15 02:15:14.893, 0 %, 0 %, 15 MiB, 16384 MiB, 7.39 W, 49
2026/09/15 02:15:15.899, 0 %, 0 %, 15 MiB, 16384 MiB, 7.51 W, 49
2026/09/15 02:15:16.906, 0 %, 0 %, 15 MiB, 16384 MiB, 7.38 W, 49
2026/09/15 02:15:17.912, 0 %, 0 %, 15 MiB, 16384 MiB, 7.66 W, 49
2026/09/15 02:15:18.918, 0 %, 0 %, 15 MiB, 16384 MiB, 7.64 W, 49
2026/09/15 02:15:19.925, 0 %, 0 %, 15 MiB, 16384 MiB, 7.43 W, 49
2026/09/15 02:15:20.931, 0 %, 0 %, 28 MiB, 16384 MiB, 20.51 W, 50
2026/09/15 02:15:21.936, 1 %, 0 %, 312 MiB, 16384 MiB, 43.80 W, 51
2026/09/15 02:15:22.940, 6 %, 0 %, 4430 MiB, 16384 MiB, 44.47 W, 51
2026/09/15 02:15:23.944, 37 %, 2 %, 4438 MiB, 16384 MiB, 56.11 W, 52
2026/09/15 02:15:24.948, 32 %, 1 %, 4444 MiB, 16384 MiB, 54.49 W, 52
2026/09/15 02:15:25.952, 12 %, 0 %, 4452 MiB, 16384 MiB, 57.48 W, 52
2026/09/15 02:15:26.954, 37 %, 2 %, 4460 MiB, 16384 MiB, 56.46 W, 52
2026/09/15 02:15:27.956, 30 %, 1 %, 4468 MiB, 16384 MiB, 55.95 W, 52
2026/09/15 02:15:28.959, 21 %, 1 %, 4476 MiB, 16384 MiB, 46.94 W, 52
2026/09/15 02:15:29.961, 56 %, 2 %, 4484 MiB, 16384 MiB, 57.00 W, 52
2026/09/15 02:15:30.963, 30 %, 1 %, 4490 MiB, 16384 MiB, 55.65 W, 52
2026/09/15 02:15:31.967, 35 %, 1 %, 4498 MiB, 16384 MiB, 57.08 W, 53
2026/09/15 02:15:32.971, 47 %, 2 %, 4506 MiB, 16384 MiB, 51.56 W, 52
2026/09/15 02:15:33.973, 16 %, 1 %, 4516 MiB, 16384 MiB, 56.08 W, 53
2026/09/15 02:15:34.975, 37 %, 2 %, 4522 MiB, 16384 MiB, 56.31 W, 53
2026/09/15 02:15:35.978, 34 %, 1 %, 4530 MiB, 16384 MiB, 53.64 W, 53
2026/09/15 02:15:36.980, 12 %, 0 %, 4538 MiB, 16384 MiB, 56.85 W, 53
2026/09/15 02:15:37.983, 40 %, 2 %, 4546 MiB, 16384 MiB, 56.76 W, 53
2026/09/15 02:15:38.985, 19 %, 1 %, 4552 MiB, 16384 MiB, 55.85 W, 53
2026/09/15 02:15:39.987, 0 %, 0 %, 4552 MiB, 16384 MiB, 43.79 W, 52
2026/09/15 02:15:40.989, 0 %, 0 %, 4552 MiB, 16384 MiB, 43.91 W, 52
2026/09/15 02:15:41.992, 0 %, 0 %, 4552 MiB, 16384 MiB, 43.75 W, 52
2026/09/15 02:15:42.994, 0 %, 0 %, 6928 MiB, 16384 MiB, 43.49 W, 52
2026/09/15 02:15:43.996, 0 %, 0 %, 6928 MiB, 16384 MiB, 43.65 W, 52
2026/09/15 02:15:44.999, 0 %, 0 %, 6928 MiB, 16384 MiB, 43.98 W, 52
2026/09/15 02:15:46.001, 7 %, 0 %, 6928 MiB, 16384 MiB, 44.78 W, 52
2026/09/15 02:15:47.003, 0 %, 0 %, 6928 MiB, 16384 MiB, 55.65 W, 53
2026/09/15 02:15:48.006, 0 %, 0 %, 6928 MiB, 16384 MiB, 50.53 W, 52
2026/09/15 02:15:49.010, 0 %, 0 %, 6928 MiB, 16384 MiB, 43.50 W, 52
2026/09/15 02:15:50.012, 0 %, 0 %, 6928 MiB, 16384 MiB, 43.92 W, 52
2026/09/15 02:15:51.015, 0 %, 0 %, 6928 MiB, 16384 MiB, 43.79 W, 52
2026/09/15 02:15:52.018, 0 %, 0 %, 6928 MiB, 16384 MiB, 43.89 W, 52
2026/09/15 02:15:53.021, 0 %, 0 %, 6928 MiB, 16384 MiB, 43.75 W, 52
2026/09/15 02:15:54.024, 0 %, 0 %, 6928 MiB, 16384 MiB, 43.84 W, 52
2026/09/15 02:15:55.027, 0 %, 0 %, 6928 MiB, 16384 MiB, 43.66 W, 52
2026/09/15 02:15:56.030, 0 %, 0 %, 6928 MiB, 16384 MiB, 43.74 W, 52
2026/09/15 02:15:57.033, 0 %, 0 %, 6928 MiB, 16384 MiB, 43.78 W, 52
2026/09/15 02:15:58.037, 0 %, 0 %, 6928 MiB, 16384 MiB, 43.52 W, 52
2026/09/15 02:15:59.040, 0 %, 0 %, 6928 MiB, 16384 MiB, 43.31 W, 52
2026/09/15 02:16:00.043, 0 %, 0 %, 6928 MiB, 16384 MiB, 43.55 W, 52
2026/09/15 02:16:01.046, 0 %, 0 %, 6928 MiB, 16384 MiB, 43.71 W, 52
2026/09/15 02:16:02.049, 0 %, 0 %, 6928 MiB, 16384 MiB, 43.57 W, 52
2026/09/15 02:16:03.053, 0 %, 0 %, 6928 MiB, 16384 MiB, 43.88 W, 52
2026/09/15 02:16:04.056, 0 %, 0 %, 6928 MiB, 16384 MiB, 7.44 W, 51
2026/09/15 02:16:05.062, 1 %, 0 %, 6928 MiB, 16384 MiB, 9.16 W, 50
2026/09/15 02:16:06.068, 0 %, 0 %, 6928 MiB, 16384 MiB, 8.60 W, 50
2026/09/15 02:16:07.074, 0 %, 0 %, 6928 MiB, 16384 MiB, 7.57 W, 50
2026/09/15 02:16:08.081, 0 %, 0 %, 6928 MiB, 16384 MiB, 7.68 W, 50
2026/09/15 02:16:09.087, 0 %, 0 %, 6928 MiB, 16384 MiB, 7.52 W, 49
2026/09/15 02:16:10.093, 0 %, 0 %, 6928 MiB, 16384 MiB, 7.56 W, 49
2026/09/15 02:16:11.100, 0 %, 0 %, 6928 MiB, 16384 MiB, 7.37 W, 49
2026/09/15 02:16:12.106, 1 %, 0 %, 6928 MiB, 16384 MiB, 7.89 W, 49
2026/09/15 02:16:13.113, 0 %, 0 %, 6928 MiB, 16384 MiB, 7.66 W, 49
2026/09/15 02:16:14.119, 0 %, 0 %, 6928 MiB, 16384 MiB, 7.62 W, 49
2026/09/15 02:16:15.126, 0 %, 0 %, 6928 MiB, 16384 MiB, 7.57 W, 49
2026/09/15 02:16:16.132, 0 %, 0 %, 6928 MiB, 16384 MiB, 7.68 W, 48
2026/09/15 02:16:17.138, 0 %, 0 %, 6928 MiB, 16384 MiB, 7.51 W, 48
2026/09/15 02:16:18.144, 0 %, 0 %, 6928 MiB, 16384 MiB, 7.60 W, 48
2026/09/15 02:16:19.150, 0 %, 0 %, 6928 MiB, 16384 MiB, 7.39 W, 48
2026/09/15 02:16:20.156, 0 %, 0 %, 6928 MiB, 16384 MiB, 7.65 W, 48
2026/09/15 02:16:21.162, 0 %, 0 %, 6928 MiB, 16384 MiB, 9.32 W, 48
2026/09/15 02:16:22.168, 0 %, 0 %, 6928 MiB, 16384 MiB, 8.02 W, 48
2026/09/15 02:16:23.174, 0 %, 0 %, 6928 MiB, 16384 MiB, 7.61 W, 47
2026/09/15 02:16:24.180, 0 %, 0 %, 6928 MiB, 16384 MiB, 7.56 W, 47
2026/09/15 02:16:25.187, 0 %, 0 %, 6928 MiB, 16384 MiB, 7.49 W, 47
2026/09/15 02:16:26.193, 0 %, 0 %, 6928 MiB, 16384 MiB, 7.33 W, 47
2026/09/15 02:16:27.199, 0 %, 0 %, 6928 MiB, 16384 MiB, 7.16 W, 47
2026/09/15 02:16:28.205, 0 %, 0 %, 6928 MiB, 16384 MiB, 7.20 W, 47
2026/09/15 02:16:29.211, 0 %, 0 %, 6928 MiB, 16384 MiB, 7.29 W, 47
2026/09/15 02:16:30.218, 0 %, 0 %, 6928 MiB, 16384 MiB, 7.34 W, 47
2026/09/15 02:16:31.224, 0 %, 0 %, 6928 MiB, 16384 MiB, 7.36 W, 47
2026/09/15 02:16:32.230, 0 %, 0 %, 6928 MiB, 16384 MiB, 7.30 W, 47
2026/09/15 02:16:33.236, 0 %, 0 %, 6928 MiB, 16384 MiB, 7.18 W, 46
2026/09/15 02:16:34.242, 0 %, 0 %, 6928 MiB, 16384 MiB, 7.16 W, 46
2026/09/15 02:16:35.248, 0 %, 0 %, 6928 MiB, 16384 MiB, 7.17 W, 46
2026/09/15 02:16:36.254, 0 %, 0 %, 6928 MiB, 16384 MiB, 7.19 W, 46
2026/09/15 02:16:37.261, 0 %, 0 %, 6928 MiB, 16384 MiB, 7.19 W, 46
2026/09/15 02:16:38.267, 0 %, 0 %, 6928 MiB, 16384 MiB, 7.92 W, 46
2026/09/15 02:16:39.273, 0 %, 0 %, 6928 MiB, 16384 MiB, 9.08 W, 46
2026/09/15 02:16:40.279, 0 %, 0 %, 6928 MiB, 16384 MiB, 7.46 W, 46
2026/09/15 02:16:41.284, 0 %, 0 %, 6928 MiB, 16384 MiB, 7.44 W, 46
2026/09/15 02:16:42.291, 0 %, 0 %, 6928 MiB, 16384 MiB, 7.41 W, 46
2026/09/15 02:16:43.297, 0 %, 0 %, 6928 MiB, 16384 MiB, 7.27 W, 46
2026/09/15 02:16:44.303, 0 %, 0 %, 6928 MiB, 16384 MiB, 7.23 W, 46
2026/09/15 02:16:45.310, 0 %, 0 %, 6928 MiB, 16384 MiB, 7.20 W, 45
2026/09/15 02:16:46.316, 0 %, 0 %, 6928 MiB, 16384 MiB, 7.23 W, 45
2026/09/15 02:16:47.323, 0 %, 0 %, 6928 MiB, 16384 MiB, 7.33 W, 45
2026/09/15 02:16:48.336, 0 %, 0 %, 6928 MiB, 16384 MiB, 7.38 W, 45
2026/09/15 02:16:49.342, 0 %, 0 %, 6928 MiB, 16384 MiB, 7.30 W, 45
2026/09/15 02:16:50.348, 0 %, 0 %, 6928 MiB, 16384 MiB, 7.39 W, 45
2026/09/15 02:16:51.354, 0 %, 0 %, 6928 MiB, 16384 MiB, 7.27 W, 45
2026/09/15 02:16:52.360, 0 %, 0 %, 6928 MiB, 16384 MiB, 7.40 W, 45
2026/09/15 02:16:53.366, 0 %, 0 %, 6928 MiB, 16384 MiB, 7.50 W, 45
2026/09/15 02:16:54.372, 0 %, 0 %, 6928 MiB, 16384 MiB, 7.58 W, 45
2026/09/15 02:16:55.378, 0 %, 0 %, 6928 MiB, 16384 MiB, 9.34 W, 45
2026/09/15 02:16:56.384, 0 %, 0 %, 6928 MiB, 16384 MiB, 8.49 W, 45
2026/09/15 02:16:57.389, 0 %, 0 %, 6928 MiB, 16384 MiB, 7.58 W, 45
2026/09/15 02:16:58.396, 0 %, 0 %, 6928 MiB, 16384 MiB, 7.56 W, 45
2026/09/15 02:16:59.402, 0 %, 0 %, 6928 MiB, 16384 MiB, 7.45 W, 44
2026/09/15 02:17:00.408, 0 %, 0 %, 6928 MiB, 16384 MiB, 7.43 W, 44
2026/09/15 02:17:01.415, 0 %, 0 %, 6928 MiB, 16384 MiB, 7.40 W, 44
2026/09/15 02:17:02.421, 1 %, 0 %, 6928 MiB, 16384 MiB, 7.59 W, 44
2026/09/15 02:17:03.428, 0 %, 0 %, 6928 MiB, 16384 MiB, 7.53 W, 44
2026/09/15 02:17:04.434, 0 %, 0 %, 6928 MiB, 16384 MiB, 7.52 W, 44
2026/09/15 02:17:05.440, 0 %, 0 %, 6928 MiB, 16384 MiB, 7.71 W, 44
2026/09/15 02:17:06.446, 0 %, 0 %, 6928 MiB, 16384 MiB, 7.68 W, 44
2026/09/15 02:17:07.453, 0 %, 0 %, 6928 MiB, 16384 MiB, 7.58 W, 44
2026/09/15 02:17:08.459, 0 %, 0 %, 6928 MiB, 16384 MiB, 7.58 W, 44
2026/09/15 02:17:09.465, 1 %, 0 %, 6928 MiB, 16384 MiB, 7.28 W, 44
2026/09/15 02:17:10.471, 0 %, 0 %, 6928 MiB, 16384 MiB, 7.57 W, 44
2026/09/15 02:17:11.477, 0 %, 0 %, 6928 MiB, 16384 MiB, 9.17 W, 44
2026/09/15 02:17:12.483, 0 %, 0 %, 6928 MiB, 16384 MiB, 7.50 W, 44
2026/09/15 02:17:13.488, 0 %, 0 %, 6928 MiB, 16384 MiB, 7.24 W, 44
2026/09/15 02:17:14.495, 0 %, 0 %, 6928 MiB, 16384 MiB, 7.25 W, 44
2026/09/15 02:17:15.501, 0 %, 0 %, 6928 MiB, 16384 MiB, 11.15 W, 43
2026/09/15 02:17:16.508, 0 %, 0 %, 6928 MiB, 16384 MiB, 7.80 W, 43
2026/09/15 02:17:17.514, 0 %, 0 %, 6928 MiB, 16384 MiB, 7.45 W, 43
2026/09/15 02:17:18.520, 0 %, 0 %, 6928 MiB, 16384 MiB, 7.30 W, 43
2026/09/15 02:17:19.526, 0 %, 0 %, 6928 MiB, 16384 MiB, 7.24 W, 43
2026/09/15 02:17:20.533, 0 %, 0 %, 6928 MiB, 16384 MiB, 7.05 W, 43
2026/09/15 02:17:21.539, 0 %, 0 %, 6928 MiB, 16384 MiB, 7.23 W, 43
2026/09/15 02:17:22.545, 0 %, 0 %, 6928 MiB, 16384 MiB, 7.42 W, 43
2026/09/15 02:17:23.551, 0 %, 0 %, 6928 MiB, 16384 MiB, 7.29 W, 43
2026/09/15 02:17:24.557, 0 %, 0 %, 6928 MiB, 16384 MiB, 7.12 W, 43
2026/09/15 02:17:25.563, 0 %, 0 %, 6928 MiB, 16384 MiB, 7.09 W, 43
2026/09/15 02:17:26.569, 0 %, 0 %, 6928 MiB, 16384 MiB, 7.19 W, 43
2026/09/15 02:17:27.575, 0 %, 0 %, 6928 MiB, 16384 MiB, 7.23 W, 43
2026/09/15 02:17:28.581, 0 %, 0 %, 6928 MiB, 16384 MiB, 9.07 W, 43
2026/09/15 02:17:29.588, 0 %, 0 %, 6928 MiB, 16384 MiB, 8.14 W, 43
2026/09/15 02:17:30.594, 0 %, 0 %, 6928 MiB, 16384 MiB, 7.07 W, 43
2026/09/15 02:17:31.600, 0 %, 0 %, 6928 MiB, 16384 MiB, 7.11 W, 43
2026/09/15 02:17:32.607, 0 %, 0 %, 6928 MiB, 16384 MiB, 7.32 W, 43
2026/09/15 02:17:33.613, 0 %, 0 %, 6928 MiB, 16384 MiB, 7.23 W, 43
2026/09/15 02:17:34.620, 0 %, 0 %, 6928 MiB, 16384 MiB, 7.29 W, 43
2026/09/15 02:17:35.626, 0 %, 0 %, 6928 MiB, 16384 MiB, 7.12 W, 42
2026/09/15 02:17:36.632, 0 %, 0 %, 6928 MiB, 16384 MiB, 7.33 W, 42
2026/09/15 02:17:37.639, 0 %, 0 %, 6928 MiB, 16384 MiB, 7.41 W, 42
2026/09/15 02:17:38.645, 0 %, 0 %, 6928 MiB, 16384 MiB, 7.52 W, 42
2026/09/15 02:17:39.651, 0 %, 0 %, 6928 MiB, 16384 MiB, 7.48 W, 42
2026/09/15 02:17:40.657, 0 %, 0 %, 6928 MiB, 16384 MiB, 7.43 W, 42
2026/09/15 02:17:41.664, 0 %, 0 %, 6928 MiB, 16384 MiB, 7.34 W, 42
2026/09/15 02:17:42.670, 0 %, 0 %, 6928 MiB, 16384 MiB, 7.17 W, 42
2026/09/15 02:17:43.676, 0 %, 0 %, 6928 MiB, 16384 MiB, 7.34 W, 42
2026/09/15 02:17:44.682, 0 %, 0 %, 6928 MiB, 16384 MiB, 8.95 W, 42
2026/09/15 02:17:45.688, 0 %, 0 %, 6928 MiB, 16384 MiB, 8.01 W, 42
2026/09/15 02:17:46.694, 0 %, 0 %, 6928 MiB, 16384 MiB, 7.34 W, 42
2026/09/15 02:17:47.704, 0 %, 0 %, 6928 MiB, 16384 MiB, 7.37 W, 42
2026/09/15 02:17:48.711, 0 %, 0 %, 6928 MiB, 16384 MiB, 7.54 W, 42
2026/09/15 02:17:49.717, 0 %, 0 %, 6928 MiB, 16384 MiB, 7.59 W, 42
2026/09/15 02:17:50.723, 0 %, 0 %, 6928 MiB, 16384 MiB, 7.43 W, 42
2026/09/15 02:17:51.730, 0 %, 0 %, 6928 MiB, 16384 MiB, 7.23 W, 42
2026/09/15 02:17:52.736, 0 %, 0 %, 6928 MiB, 16384 MiB, 7.31 W, 42
2026/09/15 02:17:53.742, 0 %, 0 %, 6928 MiB, 16384 MiB, 7.39 W, 42
2026/09/15 02:17:54.749, 0 %, 0 %, 6928 MiB, 16384 MiB, 7.31 W, 42
2026/09/15 02:17:55.755, 0 %, 0 %, 6928 MiB, 16384 MiB, 7.08 W, 42
2026/09/15 02:17:56.761, 0 %, 0 %, 6928 MiB, 16384 MiB, 7.20 W, 42
2026/09/15 02:17:57.767, 0 %, 0 %, 6928 MiB, 16384 MiB, 7.25 W, 42
2026/09/15 02:17:58.774, 0 %, 0 %, 6928 MiB, 16384 MiB, 6.92 W, 42
2026/09/15 02:17:59.780, 0 %, 0 %, 6928 MiB, 16384 MiB, 7.22 W, 41
2026/09/15 02:18:00.786, 0 %, 0 %, 6928 MiB, 16384 MiB, 7.24 W, 41
2026/09/15 02:18:01.792, 0 %, 0 %, 6928 MiB, 16384 MiB, 7.84 W, 41
2026/09/15 02:18:02.798, 0 %, 0 %, 6928 MiB, 16384 MiB, 9.06 W, 41
2026/09/15 02:18:03.804, 0 %, 0 %, 6928 MiB, 16384 MiB, 7.23 W, 41
2026/09/15 02:18:04.815, 0 %, 0 %, 6928 MiB, 16384 MiB, 7.20 W, 41
2026/09/15 02:18:05.822, 0 %, 0 %, 6928 MiB, 16384 MiB, 7.06 W, 41
2026/09/15 02:18:06.828, 1 %, 0 %, 6928 MiB, 16384 MiB, 7.05 W, 41
2026/09/15 02:18:07.834, 0 %, 0 %, 6928 MiB, 16384 MiB, 7.14 W, 41
2026/09/15 02:18:08.841, 0 %, 0 %, 6928 MiB, 16384 MiB, 6.98 W, 41
2026/09/15 02:18:09.847, 0 %, 0 %, 6928 MiB, 16384 MiB, 7.11 W, 41
2026/09/15 02:18:10.854, 0 %, 0 %, 6928 MiB, 16384 MiB, 7.19 W, 41
2026/09/15 02:18:11.860, 0 %, 0 %, 6928 MiB, 16384 MiB, 7.31 W, 41
2026/09/15 02:18:12.866, 0 %, 0 %, 6928 MiB, 16384 MiB, 7.35 W, 41
2026/09/15 02:18:13.873, 0 %, 0 %, 6928 MiB, 16384 MiB, 7.31 W, 41
2026/09/15 02:18:14.879, 0 %, 0 %, 6928 MiB, 16384 MiB, 7.32 W, 41
2026/09/15 02:18:15.885, 0 %, 0 %, 6928 MiB, 16384 MiB, 7.43 W, 41
2026/09/15 02:18:16.892, 0 %, 0 %, 6928 MiB, 16384 MiB, 7.38 W, 41
2026/09/15 02:18:17.898, 0 %, 0 %, 6928 MiB, 16384 MiB, 7.99 W, 41
2026/09/15 02:18:18.904, 0 %, 0 %, 6928 MiB, 16384 MiB, 9.15 W, 41
2026/09/15 02:18:19.910, 0 %, 0 %, 6928 MiB, 16384 MiB, 7.31 W, 41
2026/09/15 02:18:20.915, 0 %, 0 %, 6928 MiB, 16384 MiB, 8.62 W, 41
2026/09/15 02:18:21.925, 0 %, 0 %, 6928 MiB, 16384 MiB, 7.16 W, 41
2026/09/15 02:18:22.932, 0 %, 0 %, 6928 MiB, 16384 MiB, 6.84 W, 41
2026/09/15 02:18:23.938, 0 %, 0 %, 6928 MiB, 16384 MiB, 7.14 W, 41
2026/09/15 02:18:24.945, 0 %, 0 %, 6928 MiB, 16384 MiB, 7.03 W, 41
2026/09/15 02:18:25.951, 0 %, 0 %, 6928 MiB, 16384 MiB, 7.08 W, 41
2026/09/15 02:18:26.957, 0 %, 0 %, 6928 MiB, 16384 MiB, 7.42 W, 41
2026/09/15 02:18:27.963, 0 %, 0 %, 6928 MiB, 16384 MiB, 7.14 W, 40
2026/09/15 02:18:28.969, 0 %, 0 %, 6928 MiB, 16384 MiB, 7.07 W, 41
2026/09/15 02:18:29.975, 0 %, 0 %, 6928 MiB, 16384 MiB, 7.10 W, 40
2026/09/15 02:18:30.982, 0 %, 0 %, 6928 MiB, 16384 MiB, 7.13 W, 40
2026/09/15 02:18:31.988, 0 %, 0 %, 6928 MiB, 16384 MiB, 7.05 W, 40
2026/09/15 02:18:32.994, 0 %, 0 %, 6928 MiB, 16384 MiB, 7.03 W, 40
2026/09/15 02:18:34.000, 0 %, 0 %, 6928 MiB, 16384 MiB, 6.90 W, 40
2026/09/15 02:18:35.006, 0 %, 0 %, 6928 MiB, 16384 MiB, 7.17 W, 40
2026/09/15 02:18:36.012, 0 %, 0 %, 6928 MiB, 16384 MiB, 8.95 W, 40
2026/09/15 02:18:37.017, 0 %, 0 %, 6928 MiB, 16384 MiB, 8.60 W, 40
2026/09/15 02:18:38.023, 0 %, 0 %, 6928 MiB, 16384 MiB, 7.32 W, 40
2026/09/15 02:18:39.034, 0 %, 0 %, 6928 MiB, 16384 MiB, 7.36 W, 40
2026/09/15 02:18:40.040, 0 %, 0 %, 6928 MiB, 16384 MiB, 7.00 W, 40
2026/09/15 02:18:41.046, 0 %, 0 %, 6928 MiB, 16384 MiB, 7.21 W, 40
2026/09/15 02:18:42.053, 0 %, 0 %, 6928 MiB, 16384 MiB, 7.22 W, 40
2026/09/15 02:18:43.059, 0 %, 0 %, 6928 MiB, 16384 MiB, 7.00 W, 40
2026/09/15 02:18:44.065, 0 %, 0 %, 6928 MiB, 16384 MiB, 7.02 W, 40
2026/09/15 02:18:45.071, 0 %, 0 %, 6928 MiB, 16384 MiB, 6.95 W, 40
2026/09/15 02:18:46.078, 0 %, 0 %, 6928 MiB, 16384 MiB, 7.09 W, 40
2026/09/15 02:18:47.084, 0 %, 0 %, 6928 MiB, 16384 MiB, 7.22 W, 40
2026/09/15 02:18:48.090, 0 %, 0 %, 6928 MiB, 16384 MiB, 7.16 W, 40
2026/09/15 02:18:49.096, 0 %, 0 %, 6928 MiB, 16384 MiB, 6.98 W, 40
2026/09/15 02:18:50.102, 0 %, 0 %, 6928 MiB, 16384 MiB, 6.91 W, 40
2026/09/15 02:18:51.108, 0 %, 0 %, 6928 MiB, 16384 MiB, 6.92 W, 40
2026/09/15 02:18:52.114, 0 %, 0 %, 6928 MiB, 16384 MiB, 7.23 W, 40
2026/09/15 02:18:53.120, 0 %, 0 %, 6928 MiB, 16384 MiB, 7.37 W, 40
2026/09/15 02:18:54.127, 0 %, 0 %, 6928 MiB, 16384 MiB, 8.98 W, 40
2026/09/15 02:18:55.132, 0 %, 0 %, 6928 MiB, 16384 MiB, 7.00 W, 40
2026/09/15 02:18:56.143, 0 %, 0 %, 6928 MiB, 16384 MiB, 6.79 W, 40
2026/09/15 02:18:57.150, 0 %, 0 %, 6928 MiB, 16384 MiB, 7.02 W, 40
2026/09/15 02:18:58.156, 0 %, 0 %, 6928 MiB, 16384 MiB, 7.02 W, 40
2026/09/15 02:18:59.170, 0 %, 0 %, 6928 MiB, 16384 MiB, 7.11 W, 40
2026/09/15 02:19:00.176, 0 %, 0 %, 6928 MiB, 16384 MiB, 7.12 W, 40
2026/09/15 02:19:01.182, 0 %, 0 %, 6928 MiB, 16384 MiB, 7.26 W, 40
2026/09/15 02:19:02.189, 0 %, 0 %, 6928 MiB, 16384 MiB, 7.20 W, 40
2026/09/15 02:19:03.195, 0 %, 0 %, 6928 MiB, 16384 MiB, 7.07 W, 40
2026/09/15 02:19:04.201, 1 %, 0 %, 6928 MiB, 16384 MiB, 6.97 W, 40
2026/09/15 02:19:05.207, 0 %, 0 %, 6928 MiB, 16384 MiB, 7.18 W, 40
2026/09/15 02:19:06.213, 0 %, 0 %, 6928 MiB, 16384 MiB, 6.87 W, 40
2026/09/15 02:19:07.220, 0 %, 0 %, 6928 MiB, 16384 MiB, 7.05 W, 40
2026/09/15 02:19:08.226, 0 %, 0 %, 6928 MiB, 16384 MiB, 7.22 W, 39
2026/09/15 02:19:09.232, 0 %, 0 %, 6928 MiB, 16384 MiB, 8.24 W, 40
2026/09/15 02:19:10.238, 0 %, 0 %, 6928 MiB, 16384 MiB, 8.95 W, 40
2026/09/15 02:19:11.243, 0 %, 0 %, 6928 MiB, 16384 MiB, 7.28 W, 39
2026/09/15 02:19:12.249, 0 %, 0 %, 6928 MiB, 16384 MiB, 7.88 W, 39
2026/09/15 02:19:13.261, 0 %, 0 %, 6928 MiB, 16384 MiB, 7.29 W, 39
2026/09/15 02:19:14.268, 0 %, 0 %, 6928 MiB, 16384 MiB, 7.00 W, 39
2026/09/15 02:19:15.274, 0 %, 0 %, 6928 MiB, 16384 MiB, 7.01 W, 39
2026/09/15 02:19:16.280, 0 %, 0 %, 6928 MiB, 16384 MiB, 7.09 W, 39
2026/09/15 02:19:17.286, 0 %, 0 %, 6928 MiB, 16384 MiB, 7.03 W, 39
2026/09/15 02:19:18.293, 0 %, 0 %, 6928 MiB, 16384 MiB, 7.06 W, 39
2026/09/15 02:19:19.299, 0 %, 0 %, 6928 MiB, 16384 MiB, 6.82 W, 39
2026/09/15 02:19:20.305, 0 %, 0 %, 6928 MiB, 16384 MiB, 41.90 W, 41
2026/09/15 02:19:21.307, 0 %, 0 %, 6928 MiB, 16384 MiB, 54.01 W, 42
2026/09/15 02:19:22.310, 0 %, 0 %, 6928 MiB, 16384 MiB, 54.04 W, 43
2026/09/15 02:19:23.312, 100 %, 4 %, 6928 MiB, 16384 MiB, 56.51 W, 43
2026/09/15 02:19:24.315, 99 %, 4 %, 6928 MiB, 16384 MiB, 56.88 W, 43
2026/09/15 02:19:25.317, 100 %, 4 %, 6928 MiB, 16384 MiB, 56.44 W, 44
2026/09/15 02:19:26.320, 100 %, 4 %, 6928 MiB, 16384 MiB, 56.87 W, 44
2026/09/15 02:19:27.322, 100 %, 4 %, 6928 MiB, 16384 MiB, 56.63 W, 44
2026/09/15 02:19:28.324, 100 %, 4 %, 6928 MiB, 16384 MiB, 58.15 W, 44
2026/09/15 02:19:29.327, 100 %, 4 %, 6928 MiB, 16384 MiB, 58.10 W, 44
2026/09/15 02:19:30.329, 100 %, 4 %, 6928 MiB, 16384 MiB, 56.32 W, 45
2026/09/15 02:19:31.336, 100 %, 4 %, 6928 MiB, 16384 MiB, 56.73 W, 45
2026/09/15 02:19:32.339, 100 %, 4 %, 6928 MiB, 16384 MiB, 56.29 W, 45
2026/09/15 02:19:33.341, 100 %, 4 %, 6928 MiB, 16384 MiB, 55.31 W, 45
2026/09/15 02:19:34.343, 0 %, 0 %, 6928 MiB, 16384 MiB, 54.07 W, 45
2026/09/15 02:19:35.347, 1 %, 0 %, 6928 MiB, 16384 MiB, 40.78 W, 44
2026/09/15 02:19:36.350, 0 %, 0 %, 6928 MiB, 16384 MiB, 40.45 W, 44
2026/09/15 02:19:37.353, 0 %, 0 %, 6928 MiB, 16384 MiB, 40.70 W, 44
2026/09/15 02:19:38.356, 0 %, 0 %, 6928 MiB, 16384 MiB, 40.89 W, 44
2026/09/15 02:19:39.360, 0 %, 0 %, 6928 MiB, 16384 MiB, 40.62 W, 44
2026/09/15 02:19:40.363, 19 %, 1 %, 6928 MiB, 16384 MiB, 41.22 W, 44
2026/09/15 02:19:41.365, 19 %, 1 %, 6928 MiB, 16384 MiB, 41.09 W, 44
2026/09/15 02:19:42.369, 19 %, 1 %, 6928 MiB, 16384 MiB, 41.13 W, 45
2026/09/15 02:19:43.372, 0 %, 0 %, 6928 MiB, 16384 MiB, 40.69 W, 45
2026/09/15 02:19:44.378, 0 %, 0 %, 6928 MiB, 16384 MiB, 40.84 W, 45
2026/09/15 02:19:45.382, 0 %, 0 %, 6928 MiB, 16384 MiB, 40.79 W, 45
2026/09/15 02:19:46.387, 1 %, 0 %, 6928 MiB, 16384 MiB, 40.67 W, 45
2026/09/15 02:19:47.389, 1 %, 0 %, 6928 MiB, 16384 MiB, 40.46 W, 45
2026/09/15 02:19:48.393, 0 %, 0 %, 6928 MiB, 16384 MiB, 40.84 W, 45
2026/09/15 02:19:49.397, 21 %, 1 %, 6928 MiB, 16384 MiB, 42.10 W, 45
2026/09/15 02:19:50.400, 20 %, 1 %, 6928 MiB, 16384 MiB, 42.01 W, 45
2026/09/15 02:19:51.403, 20 %, 1 %, 6928 MiB, 16384 MiB, 41.40 W, 45
2026/09/15 02:19:52.405, 23 %, 1 %, 6928 MiB, 16384 MiB, 41.42 W, 45
2026/09/15 02:19:53.408, 21 %, 1 %, 6928 MiB, 16384 MiB, 41.49 W, 45
2026/09/15 02:19:54.412, 0 %, 0 %, 6928 MiB, 16384 MiB, 41.08 W, 45
2026/09/15 02:19:55.415, 9 %, 0 %, 6928 MiB, 16384 MiB, 41.58 W, 45
2026/09/15 02:19:56.419, 0 %, 0 %, 6928 MiB, 16384 MiB, 41.25 W, 45
2026/09/15 02:19:57.422, 1 %, 0 %, 6928 MiB, 16384 MiB, 41.39 W, 45
2026/09/15 02:19:58.426, 0 %, 0 %, 6928 MiB, 16384 MiB, 41.29 W, 45
2026/09/15 02:19:59.429, 1 %, 0 %, 6928 MiB, 16384 MiB, 41.29 W, 45
2026/09/15 02:20:00.432, 0 %, 0 %, 6928 MiB, 16384 MiB, 41.64 W, 46
2026/09/15 02:20:01.435, 1 %, 0 %, 6928 MiB, 16384 MiB, 41.70 W, 46
2026/09/15 02:20:02.438, 0 %, 0 %, 6928 MiB, 16384 MiB, 41.33 W, 46
2026/09/15 02:20:03.441, 0 %, 0 %, 6928 MiB, 16384 MiB, 41.63 W, 46
2026/09/15 02:20:04.445, 1 %, 0 %, 6928 MiB, 16384 MiB, 41.47 W, 46
2026/09/15 02:20:05.448, 0 %, 0 %, 6928 MiB, 16384 MiB, 41.73 W, 46
2026/09/15 02:20:06.453, 0 %, 0 %, 6928 MiB, 16384 MiB, 41.66 W, 46
2026/09/15 02:20:07.456, 18 %, 1 %, 6928 MiB, 16384 MiB, 42.09 W, 46
2026/09/15 02:20:08.461, 22 %, 1 %, 6928 MiB, 16384 MiB, 42.12 W, 46
2026/09/15 02:20:09.465, 20 %, 1 %, 6928 MiB, 16384 MiB, 41.81 W, 46
2026/09/15 02:20:10.469, 22 %, 1 %, 6928 MiB, 16384 MiB, 42.62 W, 46
2026/09/15 02:20:11.473, 20 %, 1 %, 6928 MiB, 16384 MiB, 42.71 W, 46
2026/09/15 02:20:12.478, 0 %, 0 %, 6928 MiB, 16384 MiB, 41.29 W, 46
2026/09/15 02:20:13.481, 7 %, 0 %, 6928 MiB, 16384 MiB, 41.49 W, 46
2026/09/15 02:20:14.483, 13 %, 0 %, 6928 MiB, 16384 MiB, 42.07 W, 46
2026/09/15 02:20:15.486, 19 %, 1 %, 6928 MiB, 16384 MiB, 42.15 W, 46
2026/09/15 02:20:16.489, 0 %, 0 %, 6928 MiB, 16384 MiB, 41.35 W, 46
2026/09/15 02:20:17.491, 17 %, 1 %, 6928 MiB, 16384 MiB, 41.85 W, 46
2026/09/15 02:20:18.494, 0 %, 0 %, 6928 MiB, 16384 MiB, 41.53 W, 46
2026/09/15 02:20:19.498, 0 %, 0 %, 6928 MiB, 16384 MiB, 41.64 W, 46
2026/09/15 02:20:20.501, 1 %, 0 %, 6928 MiB, 16384 MiB, 41.60 W, 46
2026/09/15 02:20:21.504, 0 %, 0 %, 6928 MiB, 16384 MiB, 41.62 W, 46
2026/09/15 02:20:22.507, 1 %, 0 %, 6928 MiB, 16384 MiB, 41.67 W, 46
2026/09/15 02:20:23.511, 0 %, 0 %, 6928 MiB, 16384 MiB, 41.51 W, 46
2026/09/15 02:20:24.514, 0 %, 0 %, 6928 MiB, 16384 MiB, 41.70 W, 46
2026/09/15 02:20:25.517, 4 %, 0 %, 6928 MiB, 16384 MiB, 41.81 W, 47
2026/09/15 02:20:26.521, 0 %, 0 %, 6928 MiB, 16384 MiB, 41.65 W, 47
2026/09/15 02:20:27.524, 20 %, 1 %, 6928 MiB, 16384 MiB, 42.62 W, 47
2026/09/15 02:20:28.527, 20 %, 1 %, 6928 MiB, 16384 MiB, 42.16 W, 47
2026/09/15 02:20:29.530, 22 %, 1 %, 6928 MiB, 16384 MiB, 42.13 W, 47
2026/09/15 02:20:30.534, 22 %, 1 %, 6928 MiB, 16384 MiB, 42.31 W, 47
2026/09/15 02:20:31.538, 0 %, 0 %, 6928 MiB, 16384 MiB, 42.34 W, 47
2026/09/15 02:20:32.541, 13 %, 0 %, 6928 MiB, 16384 MiB, 42.17 W, 47
2026/09/15 02:20:33.544, 1 %, 0 %, 6928 MiB, 16384 MiB, 41.38 W, 47
2026/09/15 02:20:34.548, 0 %, 0 %, 6928 MiB, 16384 MiB, 41.55 W, 47
2026/09/15 02:20:35.552, 9 %, 0 %, 6928 MiB, 16384 MiB, 42.02 W, 47
2026/09/15 02:20:36.555, 3 %, 0 %, 6928 MiB, 16384 MiB, 41.64 W, 47
2026/09/15 02:20:37.559, 0 %, 0 %, 6928 MiB, 16384 MiB, 41.78 W, 47
2026/09/15 02:20:38.563, 0 %, 0 %, 6928 MiB, 16384 MiB, 41.69 W, 47
2026/09/15 02:20:39.567, 1 %, 0 %, 6928 MiB, 16384 MiB, 41.79 W, 47
2026/09/15 02:20:40.570, 0 %, 0 %, 6928 MiB, 16384 MiB, 41.74 W, 47
2026/09/15 02:20:41.574, 7 %, 0 %, 6928 MiB, 16384 MiB, 41.83 W, 47
2026/09/15 02:20:42.577, 0 %, 0 %, 6928 MiB, 16384 MiB, 41.92 W, 47
2026/09/15 02:20:43.581, 8 %, 0 %, 6928 MiB, 16384 MiB, 42.07 W, 47
2026/09/15 02:20:44.585, 22 %, 1 %, 6928 MiB, 16384 MiB, 42.50 W, 47
2026/09/15 02:20:45.588, 20 %, 1 %, 6928 MiB, 16384 MiB, 42.35 W, 47
2026/09/15 02:20:46.592, 0 %, 0 %, 6928 MiB, 16384 MiB, 41.85 W, 47
2026/09/15 02:20:47.596, 0 %, 0 %, 6928 MiB, 16384 MiB, 42.13 W, 47
2026/09/15 02:20:48.599, 0 %, 0 %, 6928 MiB, 16384 MiB, 41.97 W, 47
2026/09/15 02:20:49.603, 12 %, 0 %, 6928 MiB, 16384 MiB, 42.13 W, 47
2026/09/15 02:20:50.606, 0 %, 0 %, 6928 MiB, 16384 MiB, 41.96 W, 47
2026/09/15 02:20:51.610, 1 %, 0 %, 6928 MiB, 16384 MiB, 42.00 W, 47
2026/09/15 02:20:52.613, 0 %, 0 %, 6928 MiB, 16384 MiB, 42.72 W, 47
2026/09/15 02:20:53.617, 0 %, 0 %, 6928 MiB, 16384 MiB, 42.80 W, 47
2026/09/15 02:20:54.621, 0 %, 0 %, 6928 MiB, 16384 MiB, 42.47 W, 47
2026/09/15 02:20:55.626, 0 %, 0 %, 6928 MiB, 16384 MiB, 42.18 W, 47
2026/09/15 02:20:56.629, 0 %, 0 %, 6928 MiB, 16384 MiB, 42.45 W, 47
2026/09/15 02:20:57.631, 0 %, 0 %, 6928 MiB, 16384 MiB, 42.53 W, 47
2026/09/15 02:20:58.635, 0 %, 0 %, 6928 MiB, 16384 MiB, 42.28 W, 47
2026/09/15 02:20:59.638, 20 %, 1 %, 6928 MiB, 16384 MiB, 43.04 W, 47
2026/09/15 02:21:00.641, 21 %, 1 %, 6928 MiB, 16384 MiB, 43.02 W, 48
2026/09/15 02:21:01.644, 3 %, 0 %, 6928 MiB, 16384 MiB, 42.33 W, 48
2026/09/15 02:21:02.648, 17 %, 1 %, 6928 MiB, 16384 MiB, 42.94 W, 48
2026/09/15 02:21:03.651, 0 %, 0 %, 6928 MiB, 16384 MiB, 42.29 W, 48
2026/09/15 02:21:04.655, 0 %, 0 %, 6928 MiB, 16384 MiB, 42.35 W, 48
2026/09/15 02:21:05.658, 19 %, 1 %, 6928 MiB, 16384 MiB, 43.12 W, 48
2026/09/15 02:21:06.662, 20 %, 1 %, 6928 MiB, 16384 MiB, 43.17 W, 48
2026/09/15 02:21:07.665, 0 %, 0 %, 6928 MiB, 16384 MiB, 42.47 W, 48
2026/09/15 02:21:08.669, 11 %, 0 %, 6928 MiB, 16384 MiB, 42.81 W, 48
2026/09/15 02:21:09.673, 0 %, 0 %, 6928 MiB, 16384 MiB, 42.34 W, 48
2026/09/15 02:21:10.676, 0 %, 0 %, 6928 MiB, 16384 MiB, 42.57 W, 48
2026/09/15 02:21:11.680, 0 %, 0 %, 6928 MiB, 16384 MiB, 42.54 W, 48
2026/09/15 02:21:12.683, 0 %, 0 %, 6928 MiB, 16384 MiB, 43.15 W, 48
2026/09/15 02:21:13.687, 0 %, 0 %, 6928 MiB, 16384 MiB, 43.01 W, 48
2026/09/15 02:21:14.690, 0 %, 0 %, 6928 MiB, 16384 MiB, 42.18 W, 48
2026/09/15 02:21:15.694, 0 %, 0 %, 6928 MiB, 16384 MiB, 42.63 W, 48
2026/09/15 02:21:16.698, 0 %, 0 %, 6928 MiB, 16384 MiB, 42.58 W, 48
2026/09/15 02:21:17.701, 0 %, 0 %, 6928 MiB, 16384 MiB, 42.47 W, 48
2026/09/15 02:21:18.703, 0 %, 0 %, 6928 MiB, 16384 MiB, 42.48 W, 48
2026/09/15 02:21:19.706, 21 %, 1 %, 6928 MiB, 16384 MiB, 43.17 W, 48
2026/09/15 02:21:20.708, 21 %, 1 %, 6928 MiB, 16384 MiB, 43.05 W, 48
2026/09/15 02:21:21.711, 20 %, 1 %, 6928 MiB, 16384 MiB, 43.01 W, 48
2026/09/15 02:21:22.714, 20 %, 1 %, 6928 MiB, 16384 MiB, 43.06 W, 48
2026/09/15 02:21:23.716, 20 %, 1 %, 6928 MiB, 16384 MiB, 43.16 W, 48
2026/09/15 02:21:24.719, 0 %, 0 %, 6928 MiB, 16384 MiB, 42.30 W, 48
2026/09/15 02:21:25.721, 17 %, 1 %, 6928 MiB, 16384 MiB, 42.88 W, 48
2026/09/15 02:21:26.724, 0 %, 0 %, 6928 MiB, 16384 MiB, 42.37 W, 48
2026/09/15 02:21:27.726, 21 %, 1 %, 6928 MiB, 16384 MiB, 43.11 W, 48
2026/09/15 02:21:28.729, 0 %, 0 %, 6928 MiB, 16384 MiB, 42.48 W, 48
2026/09/15 02:21:29.731, 1 %, 0 %, 6928 MiB, 16384 MiB, 42.54 W, 48
2026/09/15 02:21:30.734, 0 %, 0 %, 6928 MiB, 16384 MiB, 42.37 W, 48
2026/09/15 02:21:31.736, 0 %, 0 %, 6928 MiB, 16384 MiB, 42.46 W, 48
2026/09/15 02:21:32.739, 0 %, 0 %, 6928 MiB, 16384 MiB, 42.42 W, 48
2026/09/15 02:21:33.742, 1 %, 0 %, 6928 MiB, 16384 MiB, 42.78 W, 48
2026/09/15 02:21:34.746, 22 %, 1 %, 6928 MiB, 16384 MiB, 43.82 W, 48
2026/09/15 02:21:35.749, 20 %, 1 %, 6928 MiB, 16384 MiB, 43.18 W, 48
2026/09/15 02:21:36.753, 21 %, 1 %, 6928 MiB, 16384 MiB, 43.10 W, 48
2026/09/15 02:21:37.756, 0 %, 0 %, 6928 MiB, 16384 MiB, 42.28 W, 48
2026/09/15 02:21:38.759, 0 %, 0 %, 6928 MiB, 16384 MiB, 42.47 W, 48
2026/09/15 02:21:39.763, 12 %, 0 %, 6928 MiB, 16384 MiB, 43.07 W, 48
2026/09/15 02:21:40.766, 1 %, 0 %, 6928 MiB, 16384 MiB, 42.35 W, 48
2026/09/15 02:21:41.770, 0 %, 0 %, 6928 MiB, 16384 MiB, 42.08 W, 48
2026/09/15 02:21:42.774, 1 %, 0 %, 6928 MiB, 16384 MiB, 42.58 W, 48
2026/09/15 02:21:43.777, 1 %, 0 %, 6928 MiB, 16384 MiB, 42.49 W, 48
2026/09/15 02:21:44.780, 1 %, 0 %, 6928 MiB, 16384 MiB, 42.53 W, 48
2026/09/15 02:21:45.783, 1 %, 0 %, 6928 MiB, 16384 MiB, 42.72 W, 48
2026/09/15 02:21:46.786, 0 %, 0 %, 6928 MiB, 16384 MiB, 42.75 W, 48
2026/09/15 02:21:47.789, 0 %, 0 %, 6928 MiB, 16384 MiB, 42.53 W, 49
2026/09/15 02:21:48.793, 0 %, 0 %, 6928 MiB, 16384 MiB, 42.81 W, 48
2026/09/15 02:21:49.796, 0 %, 0 %, 6928 MiB, 16384 MiB, 42.87 W, 48
2026/09/15 02:21:50.800, 18 %, 1 %, 6928 MiB, 16384 MiB, 43.33 W, 49
2026/09/15 02:21:51.804, 20 %, 1 %, 6928 MiB, 16384 MiB, 43.22 W, 49
2026/09/15 02:21:52.806, 21 %, 1 %, 6928 MiB, 16384 MiB, 43.07 W, 49
2026/09/15 02:21:53.809, 19 %, 1 %, 6928 MiB, 16384 MiB, 43.29 W, 49
2026/09/15 02:21:54.811, 7 %, 0 %, 6928 MiB, 16384 MiB, 43.53 W, 49
2026/09/15 02:21:55.814, 10 %, 0 %, 6928 MiB, 16384 MiB, 43.34 W, 49
2026/09/15 02:21:56.816, 0 %, 0 %, 6928 MiB, 16384 MiB, 42.77 W, 49
2026/09/15 02:21:57.818, 0 %, 0 %, 6928 MiB, 16384 MiB, 42.47 W, 49
2026/09/15 02:21:58.821, 0 %, 0 %, 6928 MiB, 16384 MiB, 42.81 W, 49
2026/09/15 02:21:59.823, 0 %, 0 %, 6928 MiB, 16384 MiB, 42.58 W, 49
2026/09/15 02:22:00.826, 0 %, 0 %, 6928 MiB, 16384 MiB, 42.57 W, 49
2026/09/15 02:22:01.829, 1 %, 0 %, 6928 MiB, 16384 MiB, 42.70 W, 49
2026/09/15 02:22:02.831, 1 %, 0 %, 6928 MiB, 16384 MiB, 42.58 W, 49
2026/09/15 02:22:03.834, 0 %, 0 %, 6928 MiB, 16384 MiB, 42.75 W, 49
2026/09/15 02:22:04.836, 1 %, 0 %, 6928 MiB, 16384 MiB, 42.70 W, 49
2026/09/15 02:22:05.839, 22 %, 1 %, 6928 MiB, 16384 MiB, 43.25 W, 49
2026/09/15 02:22:06.841, 18 %, 1 %, 6928 MiB, 16384 MiB, 43.04 W, 49
2026/09/15 02:22:07.844, 21 %, 1 %, 6928 MiB, 16384 MiB, 43.26 W, 49
2026/09/15 02:22:08.846, 15 %, 1 %, 6928 MiB, 16384 MiB, 42.85 W, 49
2026/09/15 02:22:09.849, 4 %, 0 %, 6928 MiB, 16384 MiB, 42.89 W, 49
2026/09/15 02:22:10.852, 8 %, 0 %, 6928 MiB, 16384 MiB, 42.94 W, 49
2026/09/15 02:22:11.855, 0 %, 0 %, 6928 MiB, 16384 MiB, 42.91 W, 49
2026/09/15 02:22:12.858, 10 %, 0 %, 6928 MiB, 16384 MiB, 42.90 W, 49
2026/09/15 02:22:13.862, 1 %, 0 %, 6928 MiB, 16384 MiB, 42.99 W, 49
2026/09/15 02:22:14.866, 1 %, 0 %, 6928 MiB, 16384 MiB, 42.89 W, 49
2026/09/15 02:22:15.869, 0 %, 0 %, 6928 MiB, 16384 MiB, 43.38 W, 49
2026/09/15 02:22:16.872, 4 %, 0 %, 6928 MiB, 16384 MiB, 43.50 W, 49
2026/09/15 02:22:17.876, 0 %, 0 %, 6928 MiB, 16384 MiB, 43.09 W, 49
2026/09/15 02:22:18.878, 1 %, 0 %, 6928 MiB, 16384 MiB, 42.96 W, 49
2026/09/15 02:22:19.881, 0 %, 0 %, 6928 MiB, 16384 MiB, 42.63 W, 49
2026/09/15 02:22:20.884, 1 %, 0 %, 6928 MiB, 16384 MiB, 42.72 W, 49
2026/09/15 02:22:21.887, 1 %, 0 %, 6928 MiB, 16384 MiB, 42.91 W, 49
2026/09/15 02:22:22.890, 11 %, 0 %, 6928 MiB, 16384 MiB, 42.92 W, 49
2026/09/15 02:22:23.894, 12 %, 0 %, 6928 MiB, 16384 MiB, 43.30 W, 49
2026/09/15 02:22:24.897, 19 %, 1 %, 6928 MiB, 16384 MiB, 43.57 W, 49
2026/09/15 02:22:25.901, 19 %, 1 %, 6928 MiB, 16384 MiB, 43.35 W, 49
2026/09/15 02:22:26.904, 0 %, 0 %, 6928 MiB, 16384 MiB, 42.87 W, 49
2026/09/15 02:22:27.907, 20 %, 1 %, 6928 MiB, 16384 MiB, 43.72 W, 49
2026/09/15 02:22:28.910, 1 %, 0 %, 6928 MiB, 16384 MiB, 42.90 W, 49
2026/09/15 02:22:29.914, 17 %, 1 %, 6928 MiB, 16384 MiB, 43.65 W, 49
2026/09/15 02:22:30.918, 1 %, 0 %, 6928 MiB, 16384 MiB, 43.13 W, 49
2026/09/15 02:22:31.921, 11 %, 0 %, 6928 MiB, 16384 MiB, 43.37 W, 49
2026/09/15 02:22:32.925, 0 %, 0 %, 6928 MiB, 16384 MiB, 43.31 W, 49
2026/09/15 02:22:33.928, 0 %, 0 %, 6928 MiB, 16384 MiB, 43.31 W, 49
2026/09/15 02:22:34.931, 0 %, 0 %, 6928 MiB, 16384 MiB, 43.24 W, 49
2026/09/15 02:22:35.935, 0 %, 0 %, 6928 MiB, 16384 MiB, 43.88 W, 49
2026/09/15 02:22:36.938, 0 %, 0 %, 6928 MiB, 16384 MiB, 43.67 W, 49
2026/09/15 02:22:37.941, 0 %, 0 %, 6928 MiB, 16384 MiB, 43.15 W, 49
2026/09/15 02:22:38.944, 0 %, 0 %, 6928 MiB, 16384 MiB, 43.22 W, 49
2026/09/15 02:22:39.948, 0 %, 0 %, 6928 MiB, 16384 MiB, 43.01 W, 49
2026/09/15 02:22:40.950, 0 %, 0 %, 6928 MiB, 16384 MiB, 43.03 W, 49
2026/09/15 02:22:41.954, 0 %, 0 %, 6928 MiB, 16384 MiB, 43.08 W, 49
2026/09/15 02:22:42.957, 0 %, 0 %, 6928 MiB, 16384 MiB, 42.88 W, 49
2026/09/15 02:22:43.960, 0 %, 0 %, 6928 MiB, 16384 MiB, 42.97 W, 49
2026/09/15 02:22:44.963, 0 %, 0 %, 6928 MiB, 16384 MiB, 42.88 W, 49
2026/09/15 02:22:45.966, 0 %, 0 %, 6872 MiB, 16384 MiB, 42.79 W, 49
2026/09/15 02:22:46.969, 0 %, 0 %, 6872 MiB, 16384 MiB, 43.01 W, 49
2026/09/15 02:22:47.973, 0 %, 0 %, 6872 MiB, 16384 MiB, 43.04 W, 49
2026/09/15 02:22:48.976, 0 %, 0 %, 6872 MiB, 16384 MiB, 42.86 W, 49
2026/09/15 02:22:49.979, 0 %, 0 %, 6872 MiB, 16384 MiB, 43.04 W, 49
2026/09/15 02:22:50.982, 0 %, 0 %, 6872 MiB, 16384 MiB, 43.09 W, 49
2026/09/15 02:22:51.986, 0 %, 0 %, 6872 MiB, 16384 MiB, 42.78 W, 49
2026/09/15 02:22:52.989, 0 %, 0 %, 6872 MiB, 16384 MiB, 42.80 W, 49
2026/09/15 02:22:53.992, 0 %, 0 %, 6872 MiB, 16384 MiB, 42.71 W, 49
2026/09/15 02:22:54.995, 70 %, 3 %, 6880 MiB, 16384 MiB, 45.67 W, 50
2026/09/15 02:22:55.998, 100 %, 23 %, 8950 MiB, 16384 MiB, 142.19 W, 54
2026/09/15 02:22:57.001, 100 %, 49 %, 8950 MiB, 16384 MiB, 65.28 W, 52
2026/09/15 02:22:58.003, 100 %, 75 %, 8950 MiB, 16384 MiB, 171.74 W, 54
2026/09/15 02:22:59.006, 100 %, 57 %, 8950 MiB, 16384 MiB, 195.73 W, 56
2026/09/15 02:23:00.009, 100 %, 21 %, 8950 MiB, 16384 MiB, 61.25 W, 56
2026/09/15 02:23:01.013, 100 %, 54 %, 8950 MiB, 16384 MiB, 191.85 W, 54
2026/09/15 02:23:02.016, 100 %, 29 %, 8950 MiB, 16384 MiB, 214.59 W, 57
2026/09/15 02:23:03.019, 100 %, 66 %, 8950 MiB, 16384 MiB, 101.05 W, 57
2026/09/15 02:23:04.023, 100 %, 74 %, 8950 MiB, 16384 MiB, 113.81 W, 55
2026/09/15 02:23:05.026, 100 %, 32 %, 8950 MiB, 16384 MiB, 186.64 W, 57
2026/09/15 02:23:06.028, 100 %, 44 %, 8950 MiB, 16384 MiB, 194.24 W, 59
2026/09/15 02:23:07.031, 100 %, 77 %, 8950 MiB, 16384 MiB, 59.52 W, 59
2026/09/15 02:23:08.034, 100 %, 69 %, 8950 MiB, 16384 MiB, 112.58 W, 56
2026/09/15 02:23:09.036, 100 %, 29 %, 8950 MiB, 16384 MiB, 192.95 W, 60
2026/09/15 02:23:10.039, 1 %, 2 %, 8950 MiB, 16384 MiB, 166.81 W, 59
2026/09/15 02:23:11.042, 85 %, 73 %, 8950 MiB, 16384 MiB, 115.51 W, 57
2026/09/15 02:23:12.045, 1 %, 2 %, 8950 MiB, 16384 MiB, 59.43 W, 56
2026/09/15 02:23:13.048, 1 %, 2 %, 8950 MiB, 16384 MiB, 126.11 W, 59
2026/09/15 02:23:14.050, 84 %, 70 %, 8950 MiB, 16384 MiB, 114.85 W, 58
2026/09/15 02:23:15.053, 3 %, 3 %, 8950 MiB, 16384 MiB, 60.96 W, 57
2026/09/15 02:23:16.055, 1 %, 2 %, 8950 MiB, 16384 MiB, 142.42 W, 60
2026/09/15 02:23:17.060, 90 %, 74 %, 8950 MiB, 16384 MiB, 97.90 W, 58
2026/09/15 02:23:18.063, 1 %, 2 %, 8950 MiB, 16384 MiB, 59.78 W, 57
2026/09/15 02:23:19.067, 1 %, 2 %, 8950 MiB, 16384 MiB, 59.86 W, 60
2026/09/15 02:23:20.070, 92 %, 79 %, 8950 MiB, 16384 MiB, 193.26 W, 59
2026/09/15 02:23:21.072, 1 %, 2 %, 8950 MiB, 16384 MiB, 60.07 W, 58
2026/09/15 02:23:22.075, 1 %, 2 %, 8950 MiB, 16384 MiB, 59.83 W, 61
2026/09/15 02:23:23.079, 93 %, 76 %, 8950 MiB, 16384 MiB, 193.89 W, 59
2026/09/15 02:23:24.082, 1 %, 2 %, 8950 MiB, 16384 MiB, 60.19 W, 58
2026/09/15 02:23:25.086, 1 %, 2 %, 8950 MiB, 16384 MiB, 60.35 W, 61
2026/09/15 02:23:26.088, 100 %, 79 %, 8950 MiB, 16384 MiB, 193.72 W, 59
2026/09/15 02:23:27.091, 1 %, 2 %, 8950 MiB, 16384 MiB, 60.33 W, 59
2026/09/15 02:23:28.093, 1 %, 2 %, 8950 MiB, 16384 MiB, 60.07 W, 62
2026/09/15 02:23:29.097, 100 %, 86 %, 8950 MiB, 16384 MiB, 190.02 W, 60
2026/09/15 02:23:30.099, 1 %, 2 %, 8950 MiB, 16384 MiB, 60.57 W, 59
2026/09/15 02:23:31.102, 1 %, 2 %, 8950 MiB, 16384 MiB, 60.47 W, 62
2026/09/15 02:23:32.105, 100 %, 82 %, 8950 MiB, 16384 MiB, 174.10 W, 60
2026/09/15 02:23:33.107, 2 %, 3 %, 8950 MiB, 16384 MiB, 61.04 W, 60
2026/09/15 02:23:34.110, 1 %, 2 %, 8950 MiB, 16384 MiB, 61.83 W, 63
2026/09/15 02:23:35.115, 95 %, 80 %, 8950 MiB, 16384 MiB, 159.27 W, 61
2026/09/15 02:23:36.118, 1 %, 2 %, 8950 MiB, 16384 MiB, 61.65 W, 60
2026/09/15 02:23:37.122, 2 %, 3 %, 8950 MiB, 16384 MiB, 60.71 W, 62
2026/09/15 02:23:38.124, 99 %, 85 %, 8950 MiB, 16384 MiB, 196.27 W, 62
2026/09/15 02:23:39.127, 2 %, 3 %, 8950 MiB, 16384 MiB, 61.36 W, 60
2026/09/15 02:23:40.129, 1 %, 2 %, 8950 MiB, 16384 MiB, 61.28 W, 60
2026/09/15 02:23:41.132, 62 %, 54 %, 8950 MiB, 16384 MiB, 205.09 W, 64
2026/09/15 02:23:42.136, 0 %, 0 %, 8950 MiB, 16384 MiB, 58.76 W, 60
2026/09/15 02:23:43.139, 0 %, 0 %, 8950 MiB, 16384 MiB, 57.02 W, 60
2026/09/15 02:23:44.141, 100 %, 10 %, 13740 MiB, 16384 MiB, 78.70 W, 60
2026/09/15 02:23:45.144, 100 %, 7 %, 13740 MiB, 16384 MiB, 62.64 W, 61
2026/09/15 02:23:46.146, 100 %, 7 %, 13740 MiB, 16384 MiB, 78.64 W, 60
2026/09/15 02:23:47.149, 100 %, 10 %, 13740 MiB, 16384 MiB, 78.50 W, 61
2026/09/15 02:23:48.151, 100 %, 7 %, 13740 MiB, 16384 MiB, 62.59 W, 61
2026/09/15 02:23:49.154, 100 %, 7 %, 13740 MiB, 16384 MiB, 78.44 W, 61
2026/09/15 02:23:50.156, 4 %, 5 %, 13740 MiB, 16384 MiB, 61.58 W, 60
2026/09/15 02:23:51.158, 4 %, 4 %, 13740 MiB, 16384 MiB, 57.96 W, 60
2026/09/15 02:23:52.161, 1 %, 2 %, 13740 MiB, 16384 MiB, 48.20 W, 60
2026/09/15 02:23:53.164, 1 %, 2 %, 13740 MiB, 16384 MiB, 48.57 W, 59
2026/09/15 02:23:54.166, 1 %, 2 %, 13740 MiB, 16384 MiB, 48.57 W, 59
2026/09/15 02:23:55.169, 1 %, 2 %, 13740 MiB, 16384 MiB, 48.93 W, 59
2026/09/15 02:23:56.171, 5 %, 5 %, 13740 MiB, 16384 MiB, 49.13 W, 59
2026/09/15 02:23:57.174, 5 %, 4 %, 13740 MiB, 16384 MiB, 47.64 W, 59
2026/09/15 02:23:58.176, 4 %, 4 %, 13740 MiB, 16384 MiB, 57.68 W, 59
2026/09/15 02:23:59.179, 1 %, 2 %, 13740 MiB, 16384 MiB, 48.27 W, 59
2026/09/15 02:24:00.182, 1 %, 2 %, 13740 MiB, 16384 MiB, 48.34 W, 59
2026/09/15 02:24:01.184, 1 %, 2 %, 13740 MiB, 16384 MiB, 48.20 W, 59
2026/09/15 02:24:02.187, 1 %, 2 %, 13740 MiB, 16384 MiB, 48.37 W, 59
2026/09/15 02:24:03.190, 5 %, 5 %, 13740 MiB, 16384 MiB, 48.48 W, 59
2026/09/15 02:24:04.192, 5 %, 5 %, 13740 MiB, 16384 MiB, 48.19 W, 59
2026/09/15 02:24:05.195, 5 %, 5 %, 13740 MiB, 16384 MiB, 57.36 W, 59
2026/09/15 02:24:06.197, 1 %, 2 %, 13740 MiB, 16384 MiB, 47.93 W, 59
2026/09/15 02:24:07.200, 1 %, 2 %, 13740 MiB, 16384 MiB, 48.46 W, 58
2026/09/15 02:24:08.203, 1 %, 2 %, 13740 MiB, 16384 MiB, 48.20 W, 58
2026/09/15 02:24:09.205, 1 %, 3 %, 13740 MiB, 16384 MiB, 48.11 W, 58
2026/09/15 02:24:10.208, 1 %, 2 %, 13740 MiB, 16384 MiB, 48.12 W, 58
2026/09/15 02:24:11.210, 5 %, 4 %, 13740 MiB, 16384 MiB, 47.92 W, 58
2026/09/15 02:24:12.213, 17 %, 16 %, 14190 MiB, 16384 MiB, 94.09 W, 59
2026/09/15 02:24:13.215, 0 %, 0 %, 14190 MiB, 16384 MiB, 57.99 W, 59
2026/09/15 02:24:14.218, 100 %, 21 %, 15864 MiB, 16384 MiB, 239.84 W, 64
2026/09/15 02:24:15.224, 100 %, 11 %, 15864 MiB, 16384 MiB, 260.01 W, 66
2026/09/15 02:24:16.235, 100 %, 11 %, 15864 MiB, 16384 MiB, 224.29 W, 64
2026/09/15 02:24:17.242, 100 %, 6 %, 15864 MiB, 16384 MiB, 198.99 W, 65
2026/09/15 02:24:18.244, 100 %, 2 %, 15864 MiB, 16384 MiB, 189.94 W, 65
2026/09/15 02:24:19.247, 100 %, 0 %, 15864 MiB, 16384 MiB, 157.89 W, 65
2026/09/15 02:24:20.250, 100 %, 0 %, 15864 MiB, 16384 MiB, 134.72 W, 65
2026/09/15 02:24:21.252, 100 %, 0 %, 15864 MiB, 16384 MiB, 122.34 W, 63
2026/09/15 02:24:22.255, 100 %, 0 %, 15864 MiB, 16384 MiB, 120.14 W, 63
2026/09/15 02:24:23.257, 100 %, 0 %, 15864 MiB, 16384 MiB, 119.45 W, 63
2026/09/15 02:24:24.259, 100 %, 0 %, 15864 MiB, 16384 MiB, 120.90 W, 64
2026/09/15 02:24:25.262, 100 %, 0 %, 15864 MiB, 16384 MiB, 120.49 W, 64
2026/09/15 02:24:26.265, 100 %, 0 %, 15864 MiB, 16384 MiB, 121.38 W, 64
2026/09/15 02:24:27.268, 100 %, 0 %, 15864 MiB, 16384 MiB, 119.58 W, 64
2026/09/15 02:24:28.270, 100 %, 0 %, 15864 MiB, 16384 MiB, 119.19 W, 65
2026/09/15 02:24:29.272, 100 %, 0 %, 15864 MiB, 16384 MiB, 119.00 W, 65
2026/09/15 02:24:30.275, 100 %, 0 %, 15864 MiB, 16384 MiB, 118.91 W, 65
2026/09/15 02:24:31.277, 100 %, 0 %, 15864 MiB, 16384 MiB, 119.21 W, 65
2026/09/15 02:24:32.280, 100 %, 0 %, 15864 MiB, 16384 MiB, 118.84 W, 65
2026/09/15 02:24:33.282, 100 %, 4 %, 15864 MiB, 16384 MiB, 118.70 W, 66
2026/09/15 02:24:34.285, 100 %, 7 %, 15864 MiB, 16384 MiB, 120.99 W, 66
2026/09/15 02:24:35.287, 100 %, 8 %, 15864 MiB, 16384 MiB, 120.59 W, 66
2026/09/15 02:24:36.289, 100 %, 8 %, 15864 MiB, 16384 MiB, 120.65 W, 66
2026/09/15 02:24:37.291, 100 %, 9 %, 15864 MiB, 16384 MiB, 120.49 W, 67
2026/09/15 02:24:38.294, 100 %, 9 %, 15864 MiB, 16384 MiB, 119.41 W, 67
2026/09/15 02:24:39.296, 100 %, 9 %, 15864 MiB, 16384 MiB, 120.15 W, 67
2026/09/15 02:24:40.298, 100 %, 10 %, 15864 MiB, 16384 MiB, 120.24 W, 67
2026/09/15 02:24:41.300, 100 %, 15 %, 15864 MiB, 16384 MiB, 115.49 W, 67
2026/09/15 02:24:42.303, 100 %, 24 %, 15864 MiB, 16384 MiB, 111.98 W, 67
2026/09/15 02:24:43.307, 100 %, 27 %, 15864 MiB, 16384 MiB, 108.46 W, 67
2026/09/15 02:24:44.310, 100 %, 34 %, 15864 MiB, 16384 MiB, 128.29 W, 68
2026/09/15 02:24:45.312, 100 %, 44 %, 15864 MiB, 16384 MiB, 62.33 W, 68
2026/09/15 02:24:46.314, 100 %, 62 %, 15864 MiB, 16384 MiB, 65.26 W, 68
2026/09/15 02:24:47.321, 100 %, 70 %, 15864 MiB, 16384 MiB, 98.92 W, 70
2026/09/15 02:24:48.324, 100 %, 82 %, 15864 MiB, 16384 MiB, 142.20 W, 67
2026/09/15 02:24:49.326, 100 %, 86 %, 15864 MiB, 16384 MiB, 177.46 W, 67
2026/09/15 02:24:50.329, 100 %, 74 %, 15864 MiB, 16384 MiB, 201.52 W, 68
2026/09/15 02:24:51.332, 100 %, 65 %, 15864 MiB, 16384 MiB, 211.28 W, 69
2026/09/15 02:24:52.336, 100 %, 54 %, 15864 MiB, 16384 MiB, 216.23 W, 71
2026/09/15 02:24:53.338, 100 %, 0 %, 15864 MiB, 16384 MiB, 119.62 W, 68
2026/09/15 02:24:54.340, 1 %, 3 %, 15864 MiB, 16384 MiB, 65.04 W, 69
2026/09/15 02:24:55.343, 81 %, 74 %, 15864 MiB, 16384 MiB, 113.17 W, 68
2026/09/15 02:24:56.346, 100 %, 0 %, 15864 MiB, 16384 MiB, 121.86 W, 69
2026/09/15 02:24:57.348, 28 %, 10 %, 15864 MiB, 16384 MiB, 147.07 W, 68
2026/09/15 02:24:58.352, 15 %, 14 %, 15864 MiB, 16384 MiB, 63.69 W, 67
2026/09/15 02:24:59.354, 100 %, 0 %, 15864 MiB, 16384 MiB, 122.19 W, 71
2026/09/15 02:25:00.357, 98 %, 8 %, 15864 MiB, 16384 MiB, 118.63 W, 69
2026/09/15 02:25:01.359, 1 %, 2 %, 15864 MiB, 16384 MiB, 64.33 W, 67
2026/09/15 02:25:02.362, 100 %, 46 %, 15864 MiB, 16384 MiB, 218.35 W, 71
2026/09/15 02:25:03.367, 100 %, 0 %, 15864 MiB, 16384 MiB, 122.46 W, 69
2026/09/15 02:25:04.369, 1 %, 2 %, 15864 MiB, 16384 MiB, 63.92 W, 67
2026/09/15 02:25:05.373, 94 %, 85 %, 15864 MiB, 16384 MiB, 142.57 W, 68
2026/09/15 02:25:06.376, 100 %, 0 %, 15864 MiB, 16384 MiB, 122.57 W, 69
2026/09/15 02:25:07.378, 33 %, 9 %, 15864 MiB, 16384 MiB, 150.96 W, 68
2026/09/15 02:25:08.380, 9 %, 9 %, 15864 MiB, 16384 MiB, 63.75 W, 67
2026/09/15 02:25:09.383, 100 %, 0 %, 15864 MiB, 16384 MiB, 124.00 W, 71
2026/09/15 02:25:10.387, 100 %, 0 %, 15864 MiB, 16384 MiB, 119.60 W, 69
2026/09/15 02:25:11.390, 1 %, 2 %, 15864 MiB, 16384 MiB, 64.68 W, 67
2026/09/15 02:25:12.392, 100 %, 60 %, 15864 MiB, 16384 MiB, 213.27 W, 71
2026/09/15 02:25:13.395, 100 %, 0 %, 15864 MiB, 16384 MiB, 123.00 W, 69
2026/09/15 02:25:14.398, 1 %, 2 %, 15864 MiB, 16384 MiB, 77.90 W, 70
2026/09/15 02:25:15.400, 52 %, 44 %, 15864 MiB, 16384 MiB, 61.38 W, 68
2026/09/15 02:25:16.403, 100 %, 0 %, 15864 MiB, 16384 MiB, 123.17 W, 69
2026/09/15 02:25:17.405, 61 %, 8 %, 15864 MiB, 16384 MiB, 131.29 W, 69
2026/09/15 02:25:18.407, 1 %, 1 %, 15864 MiB, 16384 MiB, 62.16 W, 68
2026/09/15 02:25:19.411, 100 %, 0 %, 15864 MiB, 16384 MiB, 122.50 W, 69
2026/09/15 02:25:20.414, 98 %, 7 %, 15864 MiB, 16384 MiB, 109.76 W, 69
2026/09/15 02:25:21.416, 1 %, 2 %, 15864 MiB, 16384 MiB, 64.21 W, 68
2026/09/15 02:25:22.418, 100 %, 39 %, 15864 MiB, 16384 MiB, 178.58 W, 72
2026/09/15 02:25:23.424, 100 %, 0 %, 15864 MiB, 16384 MiB, 122.49 W, 69
2026/09/15 02:25:24.427, 1 %, 2 %, 15864 MiB, 16384 MiB, 64.40 W, 67
2026/09/15 02:25:25.430, 77 %, 71 %, 15864 MiB, 16384 MiB, 201.69 W, 69
2026/09/15 02:25:26.432, 100 %, 0 %, 15864 MiB, 16384 MiB, 121.36 W, 69
2026/09/15 02:25:27.434, 1 %, 2 %, 15864 MiB, 16384 MiB, 112.79 W, 69
2026/09/15 02:25:28.438, 100 %, 87 %, 15864 MiB, 16384 MiB, 62.58 W, 68
2026/09/15 02:25:29.442, 100 %, 0 %, 15864 MiB, 16384 MiB, 123.05 W, 69
2026/09/15 02:25:30.445, 22 %, 8 %, 15864 MiB, 16384 MiB, 118.24 W, 69
2026/09/15 02:25:31.448, 23 %, 20 %, 15864 MiB, 16384 MiB, 64.93 W, 68
2026/09/15 02:25:32.450, 100 %, 0 %, 15864 MiB, 16384 MiB, 247.37 W, 71
2026/09/15 02:25:33.453, 92 %, 6 %, 15864 MiB, 16384 MiB, 120.28 W, 69
2026/09/15 02:25:34.455, 1 %, 2 %, 15864 MiB, 16384 MiB, 64.44 W, 68
2026/09/15 02:25:35.459, 100 %, 38 %, 15864 MiB, 16384 MiB, 187.87 W, 69
2026/09/15 02:25:36.461, 100 %, 0 %, 15864 MiB, 16384 MiB, 121.93 W, 69
2026/09/15 02:25:37.463, 2 %, 3 %, 15864 MiB, 16384 MiB, 122.55 W, 69
2026/09/15 02:25:38.466, 91 %, 76 %, 15864 MiB, 16384 MiB, 63.49 W, 68
2026/09/15 02:25:39.468, 100 %, 0 %, 15864 MiB, 16384 MiB, 123.42 W, 69
2026/09/15 02:25:40.470, 32 %, 10 %, 15864 MiB, 16384 MiB, 116.47 W, 69
2026/09/15 02:25:41.473, 14 %, 13 %, 15864 MiB, 16384 MiB, 64.88 W, 68
2026/09/15 02:25:42.475, 100 %, 0 %, 15864 MiB, 16384 MiB, 254.74 W, 72
2026/09/15 02:25:43.478, 96 %, 7 %, 15864 MiB, 16384 MiB, 122.43 W, 69
2026/09/15 02:25:44.480, 1 %, 2 %, 15864 MiB, 16384 MiB, 64.92 W, 68
2026/09/15 02:25:45.483, 100 %, 47 %, 15864 MiB, 16384 MiB, 166.15 W, 69
2026/09/15 02:25:46.487, 100 %, 0 %, 15864 MiB, 16384 MiB, 122.19 W, 69
2026/09/15 02:25:47.491, 2 %, 3 %, 15864 MiB, 16384 MiB, 125.74 W, 69
2026/09/15 02:25:48.493, 89 %, 76 %, 15864 MiB, 16384 MiB, 117.21 W, 68
2026/09/15 02:25:49.496, 100 %, 0 %, 15864 MiB, 16384 MiB, 123.13 W, 69
2026/09/15 02:25:50.498, 28 %, 7 %, 15864 MiB, 16384 MiB, 144.69 W, 69
2026/09/15 02:25:51.500, 16 %, 15 %, 15864 MiB, 16384 MiB, 64.38 W, 68
2026/09/15 02:25:52.503, 100 %, 0 %, 15864 MiB, 16384 MiB, 123.71 W, 72
2026/09/15 02:25:53.509, 100 %, 0 %, 15864 MiB, 16384 MiB, 124.22 W, 70
2026/09/15 02:25:54.513, 100 %, 7 %, 15864 MiB, 16384 MiB, 116.61 W, 70
2026/09/15 02:25:55.515, 100 %, 17 %, 15864 MiB, 16384 MiB, 246.03 W, 72
2026/09/15 02:25:56.519, 100 %, 0 %, 15864 MiB, 16384 MiB, 123.52 W, 70
2026/09/15 02:25:57.521, 100 %, 1 %, 15864 MiB, 16384 MiB, 122.45 W, 70
2026/09/15 02:25:58.523, 100 %, 76 %, 15864 MiB, 16384 MiB, 184.15 W, 69
2026/09/15 02:25:59.526, 100 %, 0 %, 15864 MiB, 16384 MiB, 123.60 W, 70
2026/09/15 02:26:00.528, 100 %, 1 %, 15864 MiB, 16384 MiB, 122.58 W, 70
2026/09/15 02:26:01.531, 100 %, 44 %, 15864 MiB, 16384 MiB, 70.19 W, 70
2026/09/15 02:26:02.533, 100 %, 0 %, 15864 MiB, 16384 MiB, 124.07 W, 70
2026/09/15 02:26:03.535, 100 %, 0 %, 15864 MiB, 16384 MiB, 123.78 W, 70
2026/09/15 02:26:04.538, 100 %, 9 %, 15864 MiB, 16384 MiB, 112.47 W, 70
2026/09/15 02:26:05.540, 100 %, 1 %, 15864 MiB, 16384 MiB, 208.88 W, 73
2026/09/15 02:26:06.546, 100 %, 0 %, 15864 MiB, 16384 MiB, 124.11 W, 71
2026/09/15 02:26:07.549, 100 %, 0 %, 15864 MiB, 16384 MiB, 121.79 W, 71
2026/09/15 02:26:08.551, 100 %, 66 %, 15864 MiB, 16384 MiB, 205.35 W, 71
2026/09/15 02:26:09.553, 100 %, 0 %, 15864 MiB, 16384 MiB, 123.77 W, 71
2026/09/15 02:26:10.556, 100 %, 0 %, 15864 MiB, 16384 MiB, 124.00 W, 71
2026/09/15 02:26:11.558, 100 %, 43 %, 15864 MiB, 16384 MiB, 64.40 W, 72
2026/09/15 02:26:12.564, 100 %, 0 %, 15864 MiB, 16384 MiB, 124.00 W, 71
2026/09/15 02:26:13.567, 100 %, 0 %, 15864 MiB, 16384 MiB, 124.13 W, 71
2026/09/15 02:26:14.569, 100 %, 7 %, 15864 MiB, 16384 MiB, 117.99 W, 71
2026/09/15 02:26:15.571, 100 %, 1 %, 15864 MiB, 16384 MiB, 207.20 W, 74
2026/09/15 02:26:16.574, 100 %, 0 %, 15864 MiB, 16384 MiB, 124.26 W, 71
2026/09/15 02:26:17.576, 100 %, 0 %, 15864 MiB, 16384 MiB, 120.99 W, 71
2026/09/15 02:26:18.578, 100 %, 63 %, 15864 MiB, 16384 MiB, 204.58 W, 73
2026/09/15 02:26:19.582, 100 %, 0 %, 15864 MiB, 16384 MiB, 124.69 W, 71
2026/09/15 02:26:20.584, 100 %, 0 %, 15864 MiB, 16384 MiB, 121.78 W, 71
2026/09/15 02:26:21.587, 100 %, 55 %, 15864 MiB, 16384 MiB, 64.00 W, 70
2026/09/15 02:26:22.590, 100 %, 0 %, 15864 MiB, 16384 MiB, 124.48 W, 71
2026/09/15 02:26:23.592, 100 %, 0 %, 15864 MiB, 16384 MiB, 123.97 W, 71
2026/09/15 02:26:24.594, 100 %, 9 %, 15864 MiB, 16384 MiB, 92.89 W, 71
2026/09/15 02:26:25.597, 100 %, 0 %, 15864 MiB, 16384 MiB, 125.15 W, 73
2026/09/15 02:26:26.599, 100 %, 0 %, 15864 MiB, 16384 MiB, 124.46 W, 71
2026/09/15 02:26:27.602, 100 %, 4 %, 15864 MiB, 16384 MiB, 118.78 W, 71
2026/09/15 02:26:28.604, 100 %, 42 %, 15864 MiB, 16384 MiB, 225.24 W, 74
2026/09/15 02:26:29.607, 100 %, 0 %, 15864 MiB, 16384 MiB, 124.91 W, 72
2026/09/15 02:26:30.610, 100 %, 0 %, 15864 MiB, 16384 MiB, 123.30 W, 72
2026/09/15 02:26:31.612, 100 %, 60 %, 15864 MiB, 16384 MiB, 188.02 W, 71
2026/09/15 02:26:32.615, 100 %, 0 %, 15864 MiB, 16384 MiB, 124.61 W, 71
2026/09/15 02:26:33.617, 100 %, 0 %, 15864 MiB, 16384 MiB, 122.72 W, 72
2026/09/15 02:26:34.620, 100 %, 83 %, 15864 MiB, 16384 MiB, 65.43 W, 71
2026/09/15 02:26:35.622, 100 %, 0 %, 15864 MiB, 16384 MiB, 124.59 W, 72
2026/09/15 02:26:36.624, 100 %, 0 %, 15864 MiB, 16384 MiB, 124.72 W, 72
2026/09/15 02:26:37.627, 100 %, 32 %, 15864 MiB, 16384 MiB, 116.49 W, 72
2026/09/15 02:26:38.629, 100 %, 0 %, 15864 MiB, 16384 MiB, 206.86 W, 74
2026/09/15 02:26:39.634, 100 %, 0 %, 15864 MiB, 16384 MiB, 124.74 W, 72
2026/09/15 02:26:40.637, 100 %, 7 %, 15864 MiB, 16384 MiB, 121.98 W, 72
2026/09/15 02:26:41.640, 100 %, 17 %, 15864 MiB, 16384 MiB, 207.60 W, 72
2026/09/15 02:26:42.642, 100 %, 0 %, 15864 MiB, 16384 MiB, 124.84 W, 72
2026/09/15 02:26:43.644, 100 %, 0 %, 15864 MiB, 16384 MiB, 122.76 W, 72
2026/09/15 02:26:44.647, 100 %, 81 %, 15864 MiB, 16384 MiB, 64.84 W, 73
2026/09/15 02:26:45.652, 100 %, 0 %, 15864 MiB, 16384 MiB, 124.83 W, 72
2026/09/15 02:26:46.654, 100 %, 0 %, 15864 MiB, 16384 MiB, 124.81 W, 72
2026/09/15 02:26:47.656, 42 %, 37 %, 15864 MiB, 16384 MiB, 61.14 W, 70
2026/09/15 02:26:48.659, 100 %, 0 %, 15864 MiB, 16384 MiB, 125.09 W, 72
2026/09/15 02:26:49.661, 1 %, 2 %, 15864 MiB, 16384 MiB, 66.25 W, 70
2026/09/15 02:26:50.664, 100 %, 0 %, 15864 MiB, 16384 MiB, 124.72 W, 72
2026/09/15 02:26:51.666, 1 %, 2 %, 15864 MiB, 16384 MiB, 117.20 W, 71
2026/09/15 02:26:52.669, 100 %, 0 %, 15864 MiB, 16384 MiB, 125.04 W, 71
2026/09/15 02:26:53.672, 22 %, 7 %, 15864 MiB, 16384 MiB, 123.36 W, 71
2026/09/15 02:26:54.674, 100 %, 0 %, 15864 MiB, 16384 MiB, 257.01 W, 74
2026/09/15 02:26:55.677, 99 %, 7 %, 15864 MiB, 16384 MiB, 124.58 W, 71
2026/09/15 02:26:56.679, 100 %, 44 %, 15864 MiB, 16384 MiB, 211.54 W, 71
2026/09/15 02:26:57.682, 100 %, 0 %, 15864 MiB, 16384 MiB, 122.88 W, 71
2026/09/15 02:26:58.684, 62 %, 55 %, 15864 MiB, 16384 MiB, 64.09 W, 70
2026/09/15 02:26:59.686, 100 %, 0 %, 15864 MiB, 16384 MiB, 124.52 W, 71
2026/09/15 02:27:00.689, 2 %, 3 %, 15864 MiB, 16384 MiB, 66.22 W, 70
2026/09/15 02:27:01.694, 100 %, 0 %, 15864 MiB, 16384 MiB, 124.58 W, 71
2026/09/15 02:27:02.696, 1 %, 2 %, 15864 MiB, 16384 MiB, 66.59 W, 72
2026/09/15 02:27:03.699, 100 %, 0 %, 15864 MiB, 16384 MiB, 124.96 W, 71
2026/09/15 02:27:04.701, 30 %, 8 %, 15864 MiB, 16384 MiB, 142.96 W, 71
2026/09/15 02:27:05.703, 100 %, 0 %, 15864 MiB, 16384 MiB, 152.39 W, 73
2026/09/15 02:27:06.706, 100 %, 1 %, 15864 MiB, 16384 MiB, 122.17 W, 71
2026/09/15 02:27:07.709, 100 %, 64 %, 15864 MiB, 16384 MiB, 200.87 W, 70
2026/09/15 02:27:08.711, 100 %, 1 %, 15864 MiB, 16384 MiB, 123.45 W, 71
2026/09/15 02:27:09.713, 37 %, 33 %, 15864 MiB, 16384 MiB, 65.14 W, 69
2026/09/15 02:27:10.716, 100 %, 0 %, 15864 MiB, 16384 MiB, 124.40 W, 71
2026/09/15 02:27:11.719, 1 %, 2 %, 15864 MiB, 16384 MiB, 66.03 W, 69
2026/09/15 02:27:12.721, 100 %, 0 %, 15864 MiB, 16384 MiB, 124.59 W, 71
2026/09/15 02:27:13.724, 1 %, 2 %, 15864 MiB, 16384 MiB, 66.18 W, 72
2026/09/15 02:27:14.726, 100 %, 0 %, 15864 MiB, 16384 MiB, 124.91 W, 71
2026/09/15 02:27:15.729, 48 %, 7 %, 15864 MiB, 16384 MiB, 116.85 W, 70
2026/09/15 02:27:16.731, 100 %, 1 %, 15864 MiB, 16384 MiB, 215.09 W, 73
2026/09/15 02:27:17.736, 100 %, 0 %, 15864 MiB, 16384 MiB, 121.26 W, 71
2026/09/15 02:27:18.739, 100 %, 81 %, 15864 MiB, 16384 MiB, 134.69 W, 70
2026/09/15 02:27:19.744, 100 %, 0 %, 15864 MiB, 16384 MiB, 124.32 W, 71
2026/09/15 02:27:20.747, 22 %, 21 %, 15864 MiB, 16384 MiB, 65.74 W, 69
2026/09/15 02:27:21.749, 100 %, 0 %, 15864 MiB, 16384 MiB, 124.08 W, 71
2026/09/15 02:27:22.752, 1 %, 2 %, 15864 MiB, 16384 MiB, 65.93 W, 69
2026/09/15 02:27:23.754, 100 %, 0 %, 15864 MiB, 16384 MiB, 123.92 W, 70
2026/09/15 02:27:24.757, 1 %, 2 %, 15864 MiB, 16384 MiB, 65.39 W, 72
2026/09/15 02:27:25.760, 100 %, 0 %, 15864 MiB, 16384 MiB, 124.49 W, 70
2026/09/15 02:27:26.762, 60 %, 7 %, 15864 MiB, 16384 MiB, 116.07 W, 70
2026/09/15 02:27:27.765, 100 %, 9 %, 15864 MiB, 16384 MiB, 246.25 W, 73
2026/09/15 02:27:28.771, 100 %, 0 %, 15864 MiB, 16384 MiB, 121.11 W, 70
2026/09/15 02:27:29.774, 100 %, 73 %, 15864 MiB, 16384 MiB, 148.24 W, 70
2026/09/15 02:27:30.777, 100 %, 1 %, 15864 MiB, 16384 MiB, 123.38 W, 70
2026/09/15 02:27:31.779, 17 %, 16 %, 15864 MiB, 16384 MiB, 64.88 W, 69
2026/09/15 02:27:32.782, 100 %, 0 %, 15864 MiB, 16384 MiB, 124.43 W, 70
2026/09/15 02:27:33.784, 2 %, 3 %, 15864 MiB, 16384 MiB, 66.14 W, 69
2026/09/15 02:27:34.786, 100 %, 0 %, 15864 MiB, 16384 MiB, 124.80 W, 70
2026/09/15 02:27:35.789, 1 %, 2 %, 15864 MiB, 16384 MiB, 65.67 W, 71
2026/09/15 02:27:36.791, 100 %, 0 %, 15864 MiB, 16384 MiB, 124.01 W, 70
2026/09/15 02:27:37.793, 77 %, 6 %, 15864 MiB, 16384 MiB, 136.44 W, 70
2026/09/15 02:27:38.796, 100 %, 25 %, 15864 MiB, 16384 MiB, 152.07 W, 73
2026/09/15 02:27:39.799, 100 %, 0 %, 15864 MiB, 16384 MiB, 120.86 W, 70
2026/09/15 02:27:40.801, 82 %, 72 %, 15864 MiB, 16384 MiB, 203.05 W, 70
2026/09/15 02:27:41.806, 100 %, 0 %, 15864 MiB, 16384 MiB, 124.33 W, 70
2026/09/15 02:27:42.808, 1 %, 2 %, 15864 MiB, 16384 MiB, 64.48 W, 69
2026/09/15 02:27:43.811, 100 %, 0 %, 15864 MiB, 16384 MiB, 124.58 W, 70
2026/09/15 02:27:44.813, 2 %, 3 %, 15864 MiB, 16384 MiB, 65.56 W, 68
2026/09/15 02:27:45.816, 100 %, 0 %, 15864 MiB, 16384 MiB, 123.62 W, 70
2026/09/15 02:27:46.818, 9 %, 6 %, 15864 MiB, 16384 MiB, 65.60 W, 70
2026/09/15 02:27:47.820, 100 %, 0 %, 15864 MiB, 16384 MiB, 124.54 W, 70
2026/09/15 02:27:48.823, 92 %, 6 %, 15864 MiB, 16384 MiB, 112.44 W, 70
2026/09/15 02:27:49.825, 100 %, 41 %, 15864 MiB, 16384 MiB, 208.58 W, 73
2026/09/15 02:27:50.828, 100 %, 0 %, 15864 MiB, 16384 MiB, 121.27 W, 70
2026/09/15 02:27:51.830, 71 %, 63 %, 15864 MiB, 16384 MiB, 183.64 W, 69
2026/09/15 02:27:52.832, 100 %, 0 %, 15864 MiB, 16384 MiB, 123.38 W, 70
2026/09/15 02:27:53.835, 1 %, 2 %, 15864 MiB, 16384 MiB, 65.00 W, 69
2026/09/15 02:27:54.837, 100 %, 0 %, 15864 MiB, 16384 MiB, 124.15 W, 70
2026/09/15 02:27:55.839, 1 %, 2 %, 15864 MiB, 16384 MiB, 65.47 W, 68
2026/09/15 02:27:56.842, 100 %, 0 %, 15864 MiB, 16384 MiB, 123.65 W, 70
2026/09/15 02:27:57.844, 2 %, 3 %, 15864 MiB, 16384 MiB, 66.62 W, 70
2026/09/15 02:27:58.846, 100 %, 0 %, 15864 MiB, 16384 MiB, 124.48 W, 70
2026/09/15 02:27:59.849, 10 %, 8 %, 15864 MiB, 16384 MiB, 116.83 W, 70
2026/09/15 02:28:00.851, 100 %, 0 %, 15864 MiB, 16384 MiB, 242.86 W, 73
2026/09/15 02:28:01.856, 97 %, 7 %, 15864 MiB, 16384 MiB, 121.45 W, 70
2026/09/15 02:28:02.858, 100 %, 41 %, 15864 MiB, 16384 MiB, 111.87 W, 69
2026/09/15 02:28:03.864, 100 %, 0 %, 15864 MiB, 16384 MiB, 123.70 W, 70
2026/09/15 02:28:04.866, 100 %, 77 %, 15864 MiB, 16384 MiB, 70.71 W, 69
2026/09/15 02:28:05.868, 100 %, 6 %, 15864 MiB, 16384 MiB, 65.48 W, 68
2026/09/15 02:28:06.871, 100 %, 6 %, 15864 MiB, 16384 MiB, 71.80 W, 68
2026/09/15 02:28:07.884, 100 %, 9 %, 15864 MiB, 16384 MiB, 71.62 W, 68
2026/09/15 02:28:08.886, 100 %, 6 %, 15864 MiB, 16384 MiB, 65.28 W, 68
2026/09/15 02:28:09.888, 100 %, 6 %, 15864 MiB, 16384 MiB, 71.55 W, 67
2026/09/15 02:28:10.891, 2 %, 3 %, 15864 MiB, 16384 MiB, 64.71 W, 67
2026/09/15 02:28:11.893, 4 %, 5 %, 15864 MiB, 16384 MiB, 64.60 W, 67
2026/09/15 02:28:12.896, 4 %, 4 %, 15864 MiB, 16384 MiB, 50.66 W, 66
2026/09/15 02:28:13.898, 1 %, 2 %, 15864 MiB, 16384 MiB, 50.33 W, 65
2026/09/15 02:28:14.901, 2 %, 3 %, 15864 MiB, 16384 MiB, 50.18 W, 65
2026/09/15 02:28:15.903, 1 %, 2 %, 15864 MiB, 16384 MiB, 54.04 W, 65
2026/09/15 02:28:16.906, 1 %, 2 %, 15864 MiB, 16384 MiB, 50.01 W, 65
2026/09/15 02:28:17.908, 1 %, 2 %, 15864 MiB, 16384 MiB, 50.42 W, 64
2026/09/15 02:28:18.911, 1 %, 2 %, 15864 MiB, 16384 MiB, 50.21 W, 64
2026/09/15 02:28:19.913, 4 %, 4 %, 15864 MiB, 16384 MiB, 50.86 W, 64
2026/09/15 02:28:20.916, 4 %, 4 %, 15864 MiB, 16384 MiB, 50.88 W, 64
2026/09/15 02:28:21.918, 4 %, 4 %, 15864 MiB, 16384 MiB, 49.89 W, 63
2026/09/15 02:28:22.924, 1 %, 2 %, 15864 MiB, 16384 MiB, 49.54 W, 63
2026/09/15 02:28:23.926, 1 %, 2 %, 15864 MiB, 16384 MiB, 53.38 W, 63
2026/09/15 02:28:24.929, 1 %, 2 %, 15864 MiB, 16384 MiB, 49.73 W, 63
2026/09/15 02:28:25.932, 1 %, 3 %, 15864 MiB, 16384 MiB, 49.87 W, 62
2026/09/15 02:28:26.934, 1 %, 2 %, 15864 MiB, 16384 MiB, 49.75 W, 62
2026/09/15 02:28:27.937, 4 %, 5 %, 15864 MiB, 16384 MiB, 49.96 W, 62
2026/09/15 02:28:28.940, 4 %, 4 %, 15864 MiB, 16384 MiB, 49.71 W, 62
2026/09/15 02:28:29.942, 4 %, 4 %, 15864 MiB, 16384 MiB, 49.82 W, 62
2026/09/15 02:28:30.945, 1 %, 2 %, 15864 MiB, 16384 MiB, 49.44 W, 62
2026/09/15 02:28:31.947, 1 %, 3 %, 15864 MiB, 16384 MiB, 53.12 W, 61
2026/09/15 02:28:32.950, 1 %, 2 %, 15864 MiB, 16384 MiB, 49.44 W, 61
2026/09/15 02:28:33.952, 100 %, 9 %, 15864 MiB, 16384 MiB, 69.61 W, 62
2026/09/15 02:28:34.955, 100 %, 6 %, 15864 MiB, 16384 MiB, 69.39 W, 62
2026/09/15 02:28:35.957, 100 %, 6 %, 15864 MiB, 16384 MiB, 63.57 W, 62
2026/09/15 02:28:36.960, 100 %, 9 %, 15864 MiB, 16384 MiB, 69.40 W, 62
2026/09/15 02:28:37.962, 100 %, 7 %, 15864 MiB, 16384 MiB, 69.35 W, 62
2026/09/15 02:28:38.964, 52 %, 5 %, 15864 MiB, 16384 MiB, 62.55 W, 61
2026/09/15 02:28:39.967, 1 %, 2 %, 15864 MiB, 16384 MiB, 61.67 W, 61
2026/09/15 02:28:40.969, 1 %, 2 %, 15864 MiB, 16384 MiB, 53.18 W, 61
2026/09/15 02:28:41.972, 1 %, 2 %, 15864 MiB, 16384 MiB, 49.21 W, 60
2026/09/15 02:28:42.975, 2 %, 3 %, 15864 MiB, 16384 MiB, 48.95 W, 60
2026/09/15 02:28:43.978, 1 %, 2 %, 15864 MiB, 16384 MiB, 48.86 W, 60
2026/09/15 02:28:44.980, 4 %, 4 %, 15864 MiB, 16384 MiB, 48.96 W, 60
2026/09/15 02:28:45.983, 4 %, 4 %, 15864 MiB, 16384 MiB, 48.88 W, 60
2026/09/15 02:28:46.986, 1 %, 2 %, 15864 MiB, 16384 MiB, 48.37 W, 59
2026/09/15 02:28:47.988, 1 %, 2 %, 15864 MiB, 16384 MiB, 51.88 W, 59
2026/09/15 02:28:48.991, 1 %, 2 %, 15864 MiB, 16384 MiB, 48.33 W, 59
2026/09/15 02:28:49.995, 1 %, 2 %, 15864 MiB, 16384 MiB, 48.70 W, 59
2026/09/15 02:28:50.997, 4 %, 4 %, 15864 MiB, 16384 MiB, 48.55 W, 59
2026/09/15 02:28:52.000, 4 %, 4 %, 15864 MiB, 16384 MiB, 48.56 W, 59
2026/09/15 02:28:53.003, 4 %, 5 %, 15864 MiB, 16384 MiB, 48.15 W, 59
2026/09/15 02:28:54.005, 1 %, 2 %, 15864 MiB, 16384 MiB, 48.26 W, 59
2026/09/15 02:28:55.008, 1 %, 2 %, 15864 MiB, 16384 MiB, 51.65 W, 58
2026/09/15 02:28:56.010, 2 %, 3 %, 15864 MiB, 16384 MiB, 51.87 W, 58
2026/09/15 02:28:57.013, 1 %, 3 %, 15864 MiB, 16384 MiB, 48.38 W, 58
2026/09/15 02:28:58.015, 1 %, 2 %, 15864 MiB, 16384 MiB, 48.06 W, 58
2026/09/15 02:28:59.018, 4 %, 4 %, 15864 MiB, 16384 MiB, 48.26 W, 58
2026/09/15 02:29:00.020, 5 %, 5 %, 15864 MiB, 16384 MiB, 48.37 W, 58
2026/09/15 02:29:01.023, 1 %, 2 %, 15864 MiB, 16384 MiB, 48.09 W, 58
2026/09/15 02:29:02.026, 100 %, 6 %, 15864 MiB, 16384 MiB, 62.91 W, 59
2026/09/15 02:29:03.028, 100 %, 6 %, 15864 MiB, 16384 MiB, 68.02 W, 59
2026/09/15 02:29:04.030, 100 %, 9 %, 15864 MiB, 16384 MiB, 67.71 W, 59
2026/09/15 02:29:05.033, 100 %, 6 %, 15864 MiB, 16384 MiB, 61.91 W, 59
2026/09/15 02:29:06.035, 100 %, 6 %, 15864 MiB, 16384 MiB, 68.06 W, 59
2026/09/15 02:29:07.038, 100 %, 9 %, 15864 MiB, 16384 MiB, 67.94 W, 59
2026/09/15 02:29:08.040, 4 %, 4 %, 15864 MiB, 16384 MiB, 60.90 W, 59
2026/09/15 02:29:09.043, 4 %, 4 %, 15864 MiB, 16384 MiB, 60.83 W, 58
2026/09/15 02:29:10.046, 1 %, 2 %, 15864 MiB, 16384 MiB, 47.64 W, 58
2026/09/15 02:29:11.049, 1 %, 2 %, 15864 MiB, 16384 MiB, 51.28 W, 58
2026/09/15 02:29:12.052, 1 %, 2 %, 15864 MiB, 16384 MiB, 47.74 W, 57
2026/09/15 02:29:13.055, 1 %, 2 %, 15864 MiB, 16384 MiB, 47.73 W, 57
2026/09/15 02:29:14.058, 1 %, 2 %, 15864 MiB, 16384 MiB, 47.91 W, 57
2026/09/15 02:29:15.061, 4 %, 4 %, 15864 MiB, 16384 MiB, 47.89 W, 57
2026/09/15 02:29:16.064, 4 %, 4 %, 15864 MiB, 16384 MiB, 47.76 W, 57
2026/09/15 02:29:17.067, 4 %, 4 %, 15864 MiB, 16384 MiB, 47.70 W, 57
2026/09/15 02:29:18.070, 1 %, 2 %, 15864 MiB, 16384 MiB, 47.49 W, 57
2026/09/15 02:29:19.074, 1 %, 2 %, 15864 MiB, 16384 MiB, 51.00 W, 57
2026/09/15 02:29:20.077, 1 %, 2 %, 15864 MiB, 16384 MiB, 47.65 W, 57
2026/09/15 02:29:21.080, 1 %, 2 %, 15864 MiB, 16384 MiB, 48.28 W, 57
2026/09/15 02:29:22.084, 1 %, 2 %, 15864 MiB, 16384 MiB, 48.17 W, 57
2026/09/15 02:29:23.087, 4 %, 4 %, 15864 MiB, 16384 MiB, 47.59 W, 57
2026/09/15 02:29:24.090, 4 %, 4 %, 15864 MiB, 16384 MiB, 47.88 W, 57
2026/09/15 02:29:25.093, 2 %, 3 %, 15864 MiB, 16384 MiB, 47.52 W, 57
2026/09/15 02:29:26.096, 1 %, 2 %, 15864 MiB, 16384 MiB, 51.26 W, 57
2026/09/15 02:29:27.100, 1 %, 2 %, 15864 MiB, 16384 MiB, 47.59 W, 57
2026/09/15 02:29:28.103, 2 %, 3 %, 15864 MiB, 16384 MiB, 47.97 W, 56
2026/09/15 02:29:29.107, 1 %, 2 %, 15864 MiB, 16384 MiB, 47.53 W, 56
2026/09/15 02:29:30.111, 74 %, 10 %, 15864 MiB, 16384 MiB, 66.58 W, 57
2026/09/15 02:29:31.114, 100 %, 6 %, 15864 MiB, 16384 MiB, 61.19 W, 57
2026/09/15 02:29:32.118, 100 %, 9 %, 15864 MiB, 16384 MiB, 67.21 W, 57
2026/09/15 02:29:33.121, 100 %, 7 %, 15864 MiB, 16384 MiB, 67.33 W, 57
2026/09/15 02:29:34.124, 100 %, 6 %, 15864 MiB, 16384 MiB, 61.01 W, 57
2026/09/15 02:29:35.128, 100 %, 7 %, 15864 MiB, 16384 MiB, 67.24 W, 57
2026/09/15 02:29:36.131, 1 %, 2 %, 15864 MiB, 16384 MiB, 65.03 W, 57
2026/09/15 02:29:37.134, 1 %, 2 %, 15864 MiB, 16384 MiB, 59.80 W, 58
2026/09/15 02:29:38.138, 1 %, 2 %, 15864 MiB, 16384 MiB, 47.96 W, 56
2026/09/15 02:29:39.141, 4 %, 4 %, 15864 MiB, 16384 MiB, 47.71 W, 56
2026/09/15 02:29:40.145, 4 %, 5 %, 15864 MiB, 16384 MiB, 47.56 W, 56
2026/09/15 02:29:41.148, 4 %, 4 %, 15864 MiB, 16384 MiB, 48.11 W, 56
2026/09/15 02:29:42.151, 4 %, 5 %, 15864 MiB, 16384 MiB, 48.27 W, 56
2026/09/15 02:29:43.155, 1 %, 2 %, 15864 MiB, 16384 MiB, 47.26 W, 56
2026/09/15 02:29:44.158, 1 %, 2 %, 15864 MiB, 16384 MiB, 50.96 W, 56
2026/09/15 02:29:45.161, 1 %, 2 %, 15864 MiB, 16384 MiB, 51.20 W, 56
2026/09/15 02:29:46.164, 1 %, 2 %, 15864 MiB, 16384 MiB, 47.46 W, 56
2026/09/15 02:29:47.169, 1 %, 2 %, 15864 MiB, 16384 MiB, 47.49 W, 56
2026/09/15 02:29:48.172, 4 %, 4 %, 15864 MiB, 16384 MiB, 47.27 W, 56
2026/09/15 02:29:49.176, 4 %, 4 %, 15864 MiB, 16384 MiB, 47.39 W, 56
2026/09/15 02:29:50.179, 1 %, 2 %, 15864 MiB, 16384 MiB, 47.49 W, 56
2026/09/15 02:29:51.182, 1 %, 2 %, 15864 MiB, 16384 MiB, 47.26 W, 56
2026/09/15 02:29:52.184, 1 %, 2 %, 15864 MiB, 16384 MiB, 50.87 W, 56
2026/09/15 02:29:53.187, 1 %, 2 %, 15864 MiB, 16384 MiB, 51.16 W, 56
2026/09/15 02:29:54.189, 1 %, 2 %, 15864 MiB, 16384 MiB, 47.35 W, 56
2026/09/15 02:29:55.192, 1 %, 3 %, 15864 MiB, 16384 MiB, 47.28 W, 56
2026/09/15 02:29:56.195, 5 %, 5 %, 15864 MiB, 16384 MiB, 47.38 W, 56
2026/09/15 02:29:57.197, 4 %, 4 %, 15864 MiB, 16384 MiB, 47.31 W, 56
2026/09/15 02:29:58.200, 11 %, 8 %, 15864 MiB, 16384 MiB, 51.39 W, 56
2026/09/15 02:29:59.202, 100 %, 6 %, 15864 MiB, 16384 MiB, 60.53 W, 57
2026/09/15 02:30:00.205, 100 %, 6 %, 15864 MiB, 16384 MiB, 66.92 W, 57
2026/09/15 02:30:01.207, 100 %, 9 %, 15864 MiB, 16384 MiB, 67.08 W, 57
2026/09/15 02:30:02.210, 100 %, 6 %, 15864 MiB, 16384 MiB, 62.54 W, 57
2026/09/15 02:30:03.212, 100 %, 6 %, 15864 MiB, 16384 MiB, 66.41 W, 57
2026/09/15 02:30:04.214, 1 %, 3 %, 15864 MiB, 16384 MiB, 59.65 W, 56
2026/09/15 02:30:05.217, 1 %, 2 %, 15864 MiB, 16384 MiB, 59.96 W, 56
2026/09/15 02:30:06.219, 4 %, 4 %, 15864 MiB, 16384 MiB, 47.49 W, 56
2026/09/15 02:30:07.222, 4 %, 4 %, 15864 MiB, 16384 MiB, 47.21 W, 56
2026/09/15 02:30:08.224, 4 %, 4 %, 15864 MiB, 16384 MiB, 47.38 W, 56
2026/09/15 02:30:09.227, 1 %, 2 %, 15864 MiB, 16384 MiB, 50.58 W, 56
2026/09/15 02:30:10.229, 1 %, 2 %, 15864 MiB, 16384 MiB, 47.31 W, 56
2026/09/15 02:30:11.232, 1 %, 2 %, 15864 MiB, 16384 MiB, 47.34 W, 56
2026/09/15 02:30:12.235, 1 %, 2 %, 15864 MiB, 16384 MiB, 47.37 W, 56
2026/09/15 02:30:13.237, 4 %, 5 %, 15864 MiB, 16384 MiB, 47.21 W, 56
2026/09/15 02:30:14.240, 4 %, 4 %, 15864 MiB, 16384 MiB, 47.27 W, 55
2026/09/15 02:30:15.243, 4 %, 4 %, 15864 MiB, 16384 MiB, 47.02 W, 55
2026/09/15 02:30:16.246, 1 %, 2 %, 15864 MiB, 16384 MiB, 46.75 W, 55
2026/09/15 02:30:17.249, 1 %, 2 %, 15864 MiB, 16384 MiB, 46.98 W, 55
2026/09/15 02:30:18.251, 1 %, 2 %, 15864 MiB, 16384 MiB, 50.14 W, 55
2026/09/15 02:30:19.254, 1 %, 2 %, 15864 MiB, 16384 MiB, 46.92 W, 55
2026/09/15 02:30:20.256, 1 %, 2 %, 15864 MiB, 16384 MiB, 47.28 W, 55
2026/09/15 02:30:21.259, 4 %, 5 %, 15864 MiB, 16384 MiB, 47.23 W, 55
2026/09/15 02:30:22.262, 4 %, 4 %, 15864 MiB, 16384 MiB, 47.84 W, 55
2026/09/15 02:30:23.264, 4 %, 4 %, 15864 MiB, 16384 MiB, 47.92 W, 55
2026/09/15 02:30:24.267, 1 %, 2 %, 15864 MiB, 16384 MiB, 47.22 W, 55
2026/09/15 02:30:25.270, 1 %, 2 %, 15864 MiB, 16384 MiB, 50.68 W, 55
2026/09/15 02:30:26.273, 1 %, 2 %, 15864 MiB, 16384 MiB, 46.69 W, 55
2026/09/15 02:30:27.275, 100 %, 6 %, 15864 MiB, 16384 MiB, 67.12 W, 56
2026/09/15 02:30:28.278, 100 %, 9 %, 15864 MiB, 16384 MiB, 67.07 W, 56
2026/09/15 02:30:29.280, 100 %, 6 %, 15864 MiB, 16384 MiB, 62.76 W, 56
2026/09/15 02:30:30.284, 100 %, 6 %, 15864 MiB, 16384 MiB, 62.75 W, 56
2026/09/15 02:30:31.286, 100 %, 9 %, 15864 MiB, 16384 MiB, 67.25 W, 56
2026/09/15 02:30:32.288, 38 %, 5 %, 15864 MiB, 16384 MiB, 60.51 W, 56
2026/09/15 02:30:33.291, 3 %, 4 %, 15864 MiB, 16384 MiB, 60.28 W, 56
2026/09/15 02:30:34.293, 1 %, 2 %, 15864 MiB, 16384 MiB, 46.89 W, 56
2026/09/15 02:30:35.296, 1 %, 2 %, 15864 MiB, 16384 MiB, 47.04 W, 55
2026/09/15 02:30:36.298, 1 %, 2 %, 15864 MiB, 16384 MiB, 47.17 W, 55
2026/09/15 02:30:37.301, 4 %, 4 %, 15864 MiB, 16384 MiB, 46.83 W, 55
2026/09/15 02:30:38.303, 4 %, 4 %, 15864 MiB, 16384 MiB, 46.79 W, 55
2026/09/15 02:30:39.306, 4 %, 5 %, 15864 MiB, 16384 MiB, 50.32 W, 55
2026/09/15 02:30:40.308, 1 %, 2 %, 15864 MiB, 16384 MiB, 50.95 W, 55
2026/09/15 02:30:41.311, 1 %, 2 %, 15864 MiB, 16384 MiB, 47.44 W, 55
2026/09/15 02:30:42.313, 1 %, 2 %, 15864 MiB, 16384 MiB, 46.71 W, 55
2026/09/15 02:30:43.316, 1 %, 2 %, 15864 MiB, 16384 MiB, 46.84 W, 55
2026/09/15 02:30:44.320, 4 %, 4 %, 15864 MiB, 16384 MiB, 46.82 W, 55
2026/09/15 02:30:45.323, 4 %, 4 %, 15864 MiB, 16384 MiB, 46.44 W, 55
2026/09/15 02:30:46.325, 1 %, 2 %, 15864 MiB, 16384 MiB, 49.96 W, 55
2026/09/15 02:30:47.328, 1 %, 2 %, 15864 MiB, 16384 MiB, 46.66 W, 55
2026/09/15 02:30:48.331, 1 %, 2 %, 15864 MiB, 16384 MiB, 46.83 W, 55
2026/09/15 02:30:49.334, 2 %, 3 %, 15864 MiB, 16384 MiB, 46.83 W, 55
2026/09/15 02:30:50.337, 1 %, 2 %, 15864 MiB, 16384 MiB, 46.74 W, 55
2026/09/15 02:30:51.341, 4 %, 4 %, 15864 MiB, 16384 MiB, 46.84 W, 55
2026/09/15 02:30:52.344, 4 %, 5 %, 15864 MiB, 16384 MiB, 46.31 W, 55
2026/09/15 02:30:53.347, 2 %, 3 %, 15864 MiB, 16384 MiB, 49.55 W, 55
2026/09/15 02:30:54.351, 1 %, 2 %, 15864 MiB, 16384 MiB, 46.49 W, 55
2026/09/15 02:30:55.354, 99 %, 9 %, 15864 MiB, 16384 MiB, 60.67 W, 56
2026/09/15 02:30:56.357, 100 %, 6 %, 15864 MiB, 16384 MiB, 66.61 W, 56
2026/09/15 02:30:57.361, 100 %, 6 %, 15864 MiB, 16384 MiB, 66.81 W, 56
2026/09/15 02:30:58.364, 100 %, 9 %, 15864 MiB, 16384 MiB, 61.03 W, 56
2026/09/15 02:30:59.368, 100 %, 6 %, 15864 MiB, 16384 MiB, 66.75 W, 56
2026/09/15 02:31:00.371, 100 %, 6 %, 15864 MiB, 16384 MiB, 67.93 W, 56
2026/09/15 02:31:01.374, 3 %, 4 %, 15864 MiB, 16384 MiB, 60.39 W, 56
2026/09/15 02:31:02.378, 1 %, 2 %, 15864 MiB, 16384 MiB, 61.46 W, 56
2026/09/15 02:31:03.382, 1 %, 2 %, 15864 MiB, 16384 MiB, 50.22 W, 55
2026/09/15 02:31:04.386, 1 %, 2 %, 15864 MiB, 16384 MiB, 46.34 W, 55
2026/09/15 02:31:05.389, 1 %, 3 %, 15864 MiB, 16384 MiB, 46.60 W, 55
2026/09/15 02:31:06.391, 1 %, 2 %, 15864 MiB, 16384 MiB, 46.72 W, 55
2026/09/15 02:31:07.395, 4 %, 5 %, 15864 MiB, 16384 MiB, 46.48 W, 55
2026/09/15 02:31:08.398, 4 %, 4 %, 15864 MiB, 16384 MiB, 46.43 W, 55
2026/09/15 02:31:09.401, 4 %, 4 %, 15864 MiB, 16384 MiB, 46.58 W, 55
2026/09/15 02:31:10.405, 1 %, 2 %, 15864 MiB, 16384 MiB, 46.51 W, 55
2026/09/15 02:31:11.408, 1 %, 2 %, 15864 MiB, 16384 MiB, 49.71 W, 55
2026/09/15 02:31:12.411, 1 %, 2 %, 15864 MiB, 16384 MiB, 49.83 W, 55
2026/09/15 02:31:13.414, 1 %, 2 %, 15864 MiB, 16384 MiB, 46.90 W, 55
2026/09/15 02:31:14.418, 1 %, 2 %, 15864 MiB, 16384 MiB, 46.71 W, 55
2026/09/15 02:31:15.421, 4 %, 4 %, 15864 MiB, 16384 MiB, 46.85 W, 55
2026/09/15 02:31:16.424, 4 %, 4 %, 15864 MiB, 16384 MiB, 46.79 W, 55
2026/09/15 02:31:17.427, 4 %, 4 %, 15864 MiB, 16384 MiB, 46.89 W, 55
2026/09/15 02:31:18.431, 1 %, 3 %, 15864 MiB, 16384 MiB, 46.56 W, 55
2026/09/15 02:31:19.434, 1 %, 2 %, 15864 MiB, 16384 MiB, 50.13 W, 55
2026/09/15 02:31:20.437, 1 %, 3 %, 15864 MiB, 16384 MiB, 46.80 W, 55
2026/09/15 02:31:21.442, 2 %, 3 %, 15864 MiB, 16384 MiB, 47.13 W, 55
2026/09/15 02:31:22.445, 4 %, 4 %, 15864 MiB, 16384 MiB, 47.58 W, 55
2026/09/15 02:31:23.448, 50 %, 9 %, 15864 MiB, 16384 MiB, 106.12 W, 57
2026/09/15 02:31:24.452, 100 %, 1 %, 15864 MiB, 16384 MiB, 203.09 W, 61
2026/09/15 02:31:25.455, 100 %, 1 %, 15864 MiB, 16384 MiB, 120.89 W, 59
2026/09/15 02:31:26.458, 100 %, 0 %, 15864 MiB, 16384 MiB, 119.91 W, 59
2026/09/15 02:31:27.460, 100 %, 9 %, 15864 MiB, 16384 MiB, 114.47 W, 59
2026/09/15 02:31:28.462, 100 %, 44 %, 15864 MiB, 16384 MiB, 210.42 W, 59
2026/09/15 02:31:29.465, 100 %, 0 %, 15864 MiB, 16384 MiB, 120.50 W, 60
2026/09/15 02:31:30.467, 100 %, 0 %, 15864 MiB, 16384 MiB, 120.39 W, 60
2026/09/15 02:31:31.469, 100 %, 7 %, 15864 MiB, 16384 MiB, 115.56 W, 60
2026/09/15 02:31:32.472, 100 %, 80 %, 15864 MiB, 16384 MiB, 104.04 W, 60
2026/09/15 02:31:33.474, 100 %, 0 %, 15864 MiB, 16384 MiB, 121.12 W, 64
2026/09/15 02:31:34.477, 100 %, 1 %, 15864 MiB, 16384 MiB, 121.85 W, 61
2026/09/15 02:31:35.479, 100 %, 0 %, 15864 MiB, 16384 MiB, 118.86 W, 62
2026/09/15 02:31:36.482, 100 %, 62 %, 15864 MiB, 16384 MiB, 79.65 W, 62
2026/09/15 02:31:37.484, 100 %, 0 %, 15864 MiB, 16384 MiB, 222.37 W, 65
2026/09/15 02:31:38.487, 100 %, 1 %, 15864 MiB, 16384 MiB, 122.12 W, 63
2026/09/15 02:31:39.489, 100 %, 1 %, 15864 MiB, 16384 MiB, 122.57 W, 63
2026/09/15 02:31:40.491, 100 %, 27 %, 15864 MiB, 16384 MiB, 158.05 W, 63
2026/09/15 02:31:41.494, 100 %, 28 %, 15864 MiB, 16384 MiB, 209.93 W, 66
2026/09/15 02:31:42.500, 100 %, 0 %, 15864 MiB, 16384 MiB, 122.27 W, 64
2026/09/15 02:31:43.503, 100 %, 1 %, 15864 MiB, 16384 MiB, 122.93 W, 64
2026/09/15 02:31:44.506, 100 %, 9 %, 15864 MiB, 16384 MiB, 115.38 W, 64
2026/09/15 02:31:45.508, 100 %, 60 %, 15864 MiB, 16384 MiB, 184.39 W, 65
2026/09/15 02:31:46.511, 100 %, 0 %, 15864 MiB, 16384 MiB, 122.84 W, 65
2026/09/15 02:31:47.513, 100 %, 0 %, 15864 MiB, 16384 MiB, 122.87 W, 65
2026/09/15 02:31:48.518, 100 %, 9 %, 15864 MiB, 16384 MiB, 121.25 W, 65
2026/09/15 02:31:49.520, 100 %, 81 %, 15864 MiB, 16384 MiB, 105.05 W, 65
2026/09/15 02:31:50.523, 100 %, 0 %, 15864 MiB, 16384 MiB, 123.35 W, 66
2026/09/15 02:31:51.525, 100 %, 0 %, 15864 MiB, 16384 MiB, 123.36 W, 66
2026/09/15 02:31:52.527, 100 %, 5 %, 15864 MiB, 16384 MiB, 121.25 W, 66
2026/09/15 02:31:53.531, 100 %, 69 %, 15864 MiB, 16384 MiB, 144.19 W, 65
2026/09/15 02:31:54.533, 100 %, 0 %, 15864 MiB, 16384 MiB, 124.05 W, 69
2026/09/15 02:31:55.536, 100 %, 0 %, 15864 MiB, 16384 MiB, 124.18 W, 67
2026/09/15 02:31:56.538, 100 %, 1 %, 15864 MiB, 16384 MiB, 121.62 W, 67
2026/09/15 02:31:57.540, 100 %, 48 %, 15864 MiB, 16384 MiB, 77.51 W, 69
2026/09/15 02:31:58.547, 100 %, 0 %, 15864 MiB, 16384 MiB, 124.89 W, 70
2026/09/15 02:31:59.551, 100 %, 1 %, 15864 MiB, 16384 MiB, 125.07 W, 67
2026/09/15 02:32:00.553, 100 %, 1 %, 15864 MiB, 16384 MiB, 122.56 W, 68
2026/09/15 02:32:01.556, 100 %, 29 %, 15864 MiB, 16384 MiB, 63.38 W, 68
2026/09/15 02:32:02.558, 100 %, 17 %, 15864 MiB, 16384 MiB, 200.47 W, 73
2026/09/15 02:32:03.583, 100 %, 0 %, 15864 MiB, 16384 MiB, 123.65 W, 68
2026/09/15 02:32:04.586, 100 %, 1 %, 15864 MiB, 16384 MiB, 123.56 W, 68
2026/09/15 02:32:05.588, 100 %, 18 %, 15864 MiB, 16384 MiB, 122.23 W, 68
2026/09/15 02:32:06.590, 100 %, 35 %, 15864 MiB, 16384 MiB, 234.17 W, 71
2026/09/15 02:32:07.593, 100 %, 1 %, 15864 MiB, 16384 MiB, 123.72 W, 68
2026/09/15 02:32:08.596, 100 %, 1 %, 15864 MiB, 16384 MiB, 122.44 W, 69
2026/09/15 02:32:09.598, 100 %, 10 %, 15864 MiB, 16384 MiB, 142.66 W, 69
2026/09/15 02:32:10.602, 100 %, 52 %, 15864 MiB, 16384 MiB, 253.30 W, 71
2026/09/15 02:32:11.608, 100 %, 0 %, 15864 MiB, 16384 MiB, 123.79 W, 69
2026/09/15 02:32:12.612, 100 %, 1 %, 15864 MiB, 16384 MiB, 123.57 W, 69
2026/09/15 02:32:13.615, 1 %, 2 %, 15864 MiB, 16384 MiB, 65.44 W, 68
2026/09/15 02:32:14.617, 100 %, 0 %, 15864 MiB, 16384 MiB, 123.98 W, 69
2026/09/15 02:32:15.619, 1 %, 2 %, 15864 MiB, 16384 MiB, 64.95 W, 69
2026/09/15 02:32:16.622, 100 %, 8 %, 15864 MiB, 16384 MiB, 154.09 W, 72
2026/09/15 02:32:17.627, 100 %, 0 %, 15864 MiB, 16384 MiB, 121.26 W, 69
2026/09/15 02:32:18.629, 64 %, 58 %, 15864 MiB, 16384 MiB, 107.29 W, 68
2026/09/15 02:32:19.632, 100 %, 1 %, 15864 MiB, 16384 MiB, 124.03 W, 69
2026/09/15 02:32:20.634, 1 %, 2 %, 15864 MiB, 16384 MiB, 66.32 W, 68
2026/09/15 02:32:21.637, 100 %, 0 %, 15864 MiB, 16384 MiB, 124.12 W, 69
2026/09/15 02:32:22.639, 27 %, 10 %, 15864 MiB, 16384 MiB, 131.24 W, 69
2026/09/15 02:32:23.641, 100 %, 39 %, 15864 MiB, 16384 MiB, 248.32 W, 72
2026/09/15 02:32:24.646, 100 %, 0 %, 15864 MiB, 16384 MiB, 121.09 W, 69
2026/09/15 02:32:25.648, 29 %, 27 %, 15864 MiB, 16384 MiB, 63.43 W, 68
2026/09/15 02:32:26.651, 100 %, 0 %, 15864 MiB, 16384 MiB, 124.82 W, 70
2026/09/15 02:32:27.654, 1 %, 2 %, 15864 MiB, 16384 MiB, 65.24 W, 68
2026/09/15 02:32:28.656, 100 %, 1 %, 15864 MiB, 16384 MiB, 125.48 W, 70
2026/09/15 02:32:29.658, 80 %, 8 %, 15864 MiB, 16384 MiB, 112.86 W, 69
2026/09/15 02:32:30.661, 100 %, 80 %, 15864 MiB, 16384 MiB, 208.08 W, 72
2026/09/15 02:32:31.668, 100 %, 0 %, 15864 MiB, 16384 MiB, 122.48 W, 70
2026/09/15 02:32:32.670, 1 %, 2 %, 15864 MiB, 16384 MiB, 65.99 W, 68
2026/09/15 02:32:33.673, 100 %, 0 %, 15864 MiB, 16384 MiB, 125.05 W, 70
2026/09/15 02:32:34.676, 1 %, 2 %, 15864 MiB, 16384 MiB, 64.66 W, 68
2026/09/15 02:32:35.680, 100 %, 0 %, 15864 MiB, 16384 MiB, 182.57 W, 73
2026/09/15 02:32:36.683, 32 %, 9 %, 15864 MiB, 16384 MiB, 117.76 W, 70
2026/09/15 02:32:37.685, 100 %, 41 %, 15864 MiB, 16384 MiB, 206.93 W, 69
2026/09/15 02:32:38.687, 100 %, 0 %, 15864 MiB, 16384 MiB, 123.03 W, 70
2026/09/15 02:32:39.690, 24 %, 22 %, 15864 MiB, 16384 MiB, 66.54 W, 68
2026/09/15 02:32:40.693, 100 %, 0 %, 15864 MiB, 16384 MiB, 124.90 W, 70
2026/09/15 02:32:41.695, 1 %, 2 %, 15864 MiB, 16384 MiB, 66.73 W, 69
2026/09/15 02:32:42.698, 100 %, 1 %, 15864 MiB, 16384 MiB, 173.98 W, 72
2026/09/15 02:32:43.700, 80 %, 7 %, 15864 MiB, 16384 MiB, 123.24 W, 70
2026/09/15 02:32:44.703, 100 %, 81 %, 15864 MiB, 16384 MiB, 90.42 W, 69
2026/09/15 02:32:45.705, 100 %, 0 %, 15864 MiB, 16384 MiB, 124.96 W, 70
2026/09/15 02:32:46.707, 1 %, 2 %, 15864 MiB, 16384 MiB, 66.13 W, 68
2026/09/15 02:32:47.710, 100 %, 0 %, 15864 MiB, 16384 MiB, 125.31 W, 70
2026/09/15 02:32:48.712, 1 %, 2 %, 15864 MiB, 16384 MiB, 146.79 W, 70
2026/09/15 02:32:49.714, 100 %, 7 %, 15864 MiB, 16384 MiB, 248.08 W, 72
2026/09/15 02:32:50.718, 100 %, 0 %, 15864 MiB, 16384 MiB, 123.13 W, 70
2026/09/15 02:32:51.720, 57 %, 51 %, 15864 MiB, 16384 MiB, 65.13 W, 69
2026/09/15 02:32:52.722, 100 %, 0 %, 15864 MiB, 16384 MiB, 125.07 W, 70
2026/09/15 02:32:53.725, 1 %, 2 %, 15864 MiB, 16384 MiB, 65.88 W, 69
2026/09/15 02:32:54.728, 100 %, 0 %, 15864 MiB, 16384 MiB, 125.32 W, 70
2026/09/15 02:32:55.730, 48 %, 7 %, 15864 MiB, 16384 MiB, 121.26 W, 70
2026/09/15 02:32:56.732, 100 %, 55 %, 15864 MiB, 16384 MiB, 178.58 W, 70
2026/09/15 02:32:57.737, 100 %, 0 %, 15864 MiB, 16384 MiB, 124.67 W, 70
2026/09/15 02:32:58.739, 9 %, 9 %, 15864 MiB, 16384 MiB, 65.95 W, 69
2026/09/15 02:32:59.742, 100 %, 0 %, 15864 MiB, 16384 MiB, 125.08 W, 70
2026/09/15 02:33:00.744, 1 %, 2 %, 15864 MiB, 16384 MiB, 74.43 W, 70
2026/09/15 02:33:01.747, 100 %, 0 %, 15864 MiB, 16384 MiB, 200.79 W, 73
2026/09/15 02:33:02.749, 100 %, 7 %, 15864 MiB, 16384 MiB, 122.71 W, 70
2026/09/15 02:33:03.752, 89 %, 79 %, 15864 MiB, 16384 MiB, 63.36 W, 69
2026/09/15 02:33:04.755, 100 %, 1 %, 15864 MiB, 16384 MiB, 125.91 W, 70
2026/09/15 02:33:05.758, 1 %, 2 %, 15864 MiB, 16384 MiB, 65.88 W, 69
2026/09/15 02:33:06.762, 100 %, 0 %, 15864 MiB, 16384 MiB, 125.60 W, 70
2026/09/15 02:33:07.764, 34 %, 9 %, 15864 MiB, 16384 MiB, 116.34 W, 70
2026/09/15 02:33:08.766, 100 %, 46 %, 15864 MiB, 16384 MiB, 205.75 W, 73
2026/09/15 02:33:09.770, 100 %, 0 %, 15864 MiB, 16384 MiB, 125.28 W, 70
2026/09/15 02:33:10.772, 15 %, 14 %, 15864 MiB, 16384 MiB, 65.98 W, 69
2026/09/15 02:33:11.775, 100 %, 1 %, 15864 MiB, 16384 MiB, 125.65 W, 70
2026/09/15 02:33:12.777, 1 %, 2 %, 15864 MiB, 16384 MiB, 65.69 W, 69
2026/09/15 02:33:13.781, 100 %, 0 %, 15864 MiB, 16384 MiB, 125.43 W, 73
2026/09/15 02:33:14.788, 99 %, 8 %, 15864 MiB, 16384 MiB, 118.91 W, 70
2026/09/15 02:33:15.790, 92 %, 81 %, 15864 MiB, 16384 MiB, 173.13 W, 69
2026/09/15 02:33:16.793, 100 %, 1 %, 15864 MiB, 16384 MiB, 125.47 W, 70
2026/09/15 02:33:17.795, 1 %, 2 %, 15864 MiB, 16384 MiB, 66.33 W, 69
2026/09/15 02:33:18.797, 100 %, 0 %, 15864 MiB, 16384 MiB, 125.46 W, 71
2026/09/15 02:33:19.800, 22 %, 8 %, 15864 MiB, 16384 MiB, 127.29 W, 70
2026/09/15 02:33:20.802, 100 %, 33 %, 15864 MiB, 16384 MiB, 236.09 W, 73
2026/09/15 02:33:21.807, 100 %, 0 %, 15864 MiB, 16384 MiB, 122.56 W, 70
2026/09/15 02:33:22.810, 35 %, 32 %, 15864 MiB, 16384 MiB, 63.17 W, 69
2026/09/15 02:33:23.812, 100 %, 0 %, 15864 MiB, 16384 MiB, 126.07 W, 71
2026/09/15 02:33:24.814, 1 %, 2 %, 15864 MiB, 16384 MiB, 65.93 W, 69
2026/09/15 02:33:25.817, 100 %, 0 %, 15864 MiB, 16384 MiB, 125.83 W, 71
2026/09/15 02:33:26.819, 100 %, 0 %, 15864 MiB, 16384 MiB, 126.08 W, 71
2026/09/15 02:33:27.822, 100 %, 1 %, 15864 MiB, 16384 MiB, 126.53 W, 71
2026/09/15 02:33:28.824, 100 %, 0 %, 15864 MiB, 16384 MiB, 125.63 W, 71
2026/09/15 02:33:29.827, 100 %, 1 %, 15864 MiB, 16384 MiB, 125.00 W, 71
2026/09/15 02:33:30.829, 100 %, 2 %, 15864 MiB, 16384 MiB, 124.43 W, 71
2026/09/15 02:33:31.832, 100 %, 1 %, 15864 MiB, 16384 MiB, 123.72 W, 71
2026/09/15 02:33:32.834, 100 %, 5 %, 15864 MiB, 16384 MiB, 122.95 W, 71
2026/09/15 02:33:33.836, 100 %, 5 %, 15864 MiB, 16384 MiB, 126.44 W, 71
2026/09/15 02:33:34.838, 100 %, 12 %, 15864 MiB, 16384 MiB, 116.30 W, 71
2026/09/15 02:33:35.841, 100 %, 36 %, 15864 MiB, 16384 MiB, 64.49 W, 71
2026/09/15 02:33:36.843, 100 %, 48 %, 15864 MiB, 16384 MiB, 92.76 W, 70
2026/09/15 02:33:37.846, 100 %, 53 %, 15864 MiB, 16384 MiB, 178.37 W, 71
2026/09/15 02:33:38.848, 100 %, 32 %, 15864 MiB, 16384 MiB, 245.41 W, 73
2026/09/15 02:33:39.852, 100 %, 5 %, 15864 MiB, 16384 MiB, 175.39 W, 74
2026/09/15 02:33:40.856, 100 %, 1 %, 15864 MiB, 16384 MiB, 126.28 W, 71
2026/09/15 02:33:41.858, 100 %, 0 %, 15864 MiB, 16384 MiB, 125.87 W, 71
2026/09/15 02:33:42.860, 100 %, 0 %, 15864 MiB, 16384 MiB, 126.22 W, 71
2026/09/15 02:33:43.863, 100 %, 0 %, 15864 MiB, 16384 MiB, 126.35 W, 71
2026/09/15 02:33:44.865, 100 %, 1 %, 15864 MiB, 16384 MiB, 126.89 W, 71
2026/09/15 02:33:45.867, 100 %, 0 %, 15864 MiB, 16384 MiB, 126.32 W, 72
2026/09/15 02:33:46.870, 100 %, 1 %, 15864 MiB, 16384 MiB, 126.84 W, 72
2026/09/15 02:33:47.872, 100 %, 0 %, 15864 MiB, 16384 MiB, 125.61 W, 72
2026/09/15 02:33:48.876, 100 %, 1 %, 15864 MiB, 16384 MiB, 125.16 W, 72
2026/09/15 02:33:49.878, 100 %, 1 %, 15864 MiB, 16384 MiB, 124.03 W, 72
2026/09/15 02:33:50.881, 100 %, 4 %, 15864 MiB, 16384 MiB, 123.53 W, 72
2026/09/15 02:33:51.883, 100 %, 6 %, 15864 MiB, 16384 MiB, 96.83 W, 72
2026/09/15 02:33:52.885, 100 %, 9 %, 15864 MiB, 16384 MiB, 62.55 W, 72
2026/09/15 02:33:53.887, 100 %, 25 %, 15864 MiB, 16384 MiB, 112.32 W, 70
2026/09/15 02:33:54.893, 100 %, 1 %, 15864 MiB, 16384 MiB, 237.89 W, 71
2026/09/15 02:33:55.899, 100 %, 52 %, 15864 MiB, 16384 MiB, 214.49 W, 72
2026/09/15 02:33:56.904, 100 %, 36 %, 15864 MiB, 16384 MiB, 126.71 W, 74
2026/09/15 02:33:57.909, 100 %, 8 %, 15864 MiB, 16384 MiB, 126.73 W, 75
2026/09/15 02:33:58.915, 100 %, 0 %, 15864 MiB, 16384 MiB, 126.22 W, 72
2026/09/15 02:33:59.918, 100 %, 0 %, 15864 MiB, 16384 MiB, 126.69 W, 72
2026/09/15 02:34:00.920, 100 %, 0 %, 15864 MiB, 16384 MiB, 126.31 W, 72
2026/09/15 02:34:01.922, 100 %, 0 %, 15864 MiB, 16384 MiB, 126.44 W, 72
2026/09/15 02:34:02.925, 100 %, 1 %, 15864 MiB, 16384 MiB, 127.21 W, 72
2026/09/15 02:34:03.927, 100 %, 1 %, 15864 MiB, 16384 MiB, 126.32 W, 72
2026/09/15 02:34:04.930, 100 %, 0 %, 15864 MiB, 16384 MiB, 125.09 W, 72
2026/09/15 02:34:05.932, 100 %, 5 %, 15864 MiB, 16384 MiB, 124.87 W, 72
2026/09/15 02:34:06.934, 1 %, 2 %, 15864 MiB, 16384 MiB, 67.01 W, 70
2026/09/15 02:34:07.937, 100 %, 0 %, 15864 MiB, 16384 MiB, 126.36 W, 75
2026/09/15 02:34:08.939, 100 %, 4 %, 15864 MiB, 16384 MiB, 126.30 W, 72
2026/09/15 02:34:09.942, 1 %, 2 %, 15864 MiB, 16384 MiB, 66.72 W, 70
2026/09/15 02:34:10.944, 100 %, 0 %, 15864 MiB, 16384 MiB, 230.05 W, 73
2026/09/15 02:34:11.951, 100 %, 1 %, 15864 MiB, 16384 MiB, 126.55 W, 72
2026/09/15 02:34:12.953, 1 %, 2 %, 15864 MiB, 16384 MiB, 66.97 W, 70
2026/09/15 02:34:13.956, 100 %, 4 %, 15864 MiB, 16384 MiB, 207.81 W, 71
2026/09/15 02:34:14.961, 100 %, 1 %, 15864 MiB, 16384 MiB, 126.58 W, 72
2026/09/15 02:34:15.964, 1 %, 2 %, 15864 MiB, 16384 MiB, 111.46 W, 71
2026/09/15 02:34:16.966, 93 %, 51 %, 15864 MiB, 16384 MiB, 62.86 W, 70
2026/09/15 02:34:17.968, 100 %, 0 %, 15864 MiB, 16384 MiB, 125.95 W, 71
2026/09/15 02:34:18.971, 17 %, 5 %, 15864 MiB, 16384 MiB, 125.19 W, 71
2026/09/15 02:34:19.973, 35 %, 27 %, 15864 MiB, 16384 MiB, 66.05 W, 70
2026/09/15 02:34:20.976, 100 %, 0 %, 15864 MiB, 16384 MiB, 125.88 W, 71
2026/09/15 02:34:21.978, 66 %, 4 %, 15864 MiB, 16384 MiB, 125.34 W, 71
2026/09/15 02:34:22.980, 1 %, 2 %, 15864 MiB, 16384 MiB, 67.52 W, 69
2026/09/15 02:34:23.983, 100 %, 1 %, 15864 MiB, 16384 MiB, 126.27 W, 74
2026/09/15 02:34:24.985, 100 %, 0 %, 15864 MiB, 16384 MiB, 126.04 W, 71
2026/09/15 02:34:25.987, 1 %, 2 %, 15864 MiB, 16384 MiB, 66.62 W, 69
2026/09/15 02:34:26.990, 100 %, 1 %, 15864 MiB, 16384 MiB, 242.30 W, 73
2026/09/15 02:34:27.994, 100 %, 0 %, 15864 MiB, 16384 MiB, 126.10 W, 71
2026/09/15 02:34:28.996, 1 %, 2 %, 15864 MiB, 16384 MiB, 66.29 W, 71
2026/09/15 02:34:30.000, 100 %, 37 %, 15864 MiB, 16384 MiB, 92.20 W, 70
2026/09/15 02:34:31.002, 100 %, 0 %, 15864 MiB, 16384 MiB, 126.21 W, 71
2026/09/15 02:34:32.005, 1 %, 2 %, 15864 MiB, 16384 MiB, 119.45 W, 70
2026/09/15 02:34:33.007, 87 %, 54 %, 15864 MiB, 16384 MiB, 63.49 W, 69
2026/09/15 02:34:34.010, 100 %, 1 %, 15864 MiB, 16384 MiB, 126.62 W, 71
2026/09/15 02:34:35.012, 16 %, 5 %, 15864 MiB, 16384 MiB, 124.80 W, 71
2026/09/15 02:34:36.014, 41 %, 40 %, 15864 MiB, 16384 MiB, 57.47 W, 69
2026/09/15 02:34:37.017, 100 %, 0 %, 15864 MiB, 16384 MiB, 126.24 W, 71
2026/09/15 02:34:38.019, 58 %, 4 %, 15864 MiB, 16384 MiB, 125.69 W, 71
2026/09/15 02:34:39.023, 1 %, 2 %, 15864 MiB, 16384 MiB, 66.32 W, 69
2026/09/15 02:34:40.025, 100 %, 1 %, 15864 MiB, 16384 MiB, 126.40 W, 71
2026/09/15 02:34:41.028, 100 %, 3 %, 15864 MiB, 16384 MiB, 122.29 W, 70
2026/09/15 02:34:42.030, 1 %, 2 %, 15864 MiB, 16384 MiB, 66.25 W, 69
2026/09/15 02:34:43.032, 100 %, 1 %, 15864 MiB, 16384 MiB, 126.66 W, 73
2026/09/15 02:34:44.036, 100 %, 0 %, 15864 MiB, 16384 MiB, 125.91 W, 70
2026/09/15 02:34:45.038, 1 %, 2 %, 15864 MiB, 16384 MiB, 66.33 W, 69
2026/09/15 02:34:46.041, 100 %, 23 %, 15864 MiB, 16384 MiB, 235.02 W, 70
2026/09/15 02:34:47.046, 100 %, 1 %, 15864 MiB, 16384 MiB, 125.51 W, 70
2026/09/15 02:34:48.048, 1 %, 2 %, 15864 MiB, 16384 MiB, 66.20 W, 70
2026/09/15 02:34:49.051, 94 %, 51 %, 15864 MiB, 16384 MiB, 157.45 W, 69
2026/09/15 02:34:50.053, 100 %, 1 %, 15864 MiB, 16384 MiB, 126.11 W, 70
2026/09/15 02:34:51.056, 1 %, 2 %, 15864 MiB, 16384 MiB, 98.63 W, 70
2026/09/15 02:34:52.058, 55 %, 46 %, 15864 MiB, 16384 MiB, 60.74 W, 69
2026/09/15 02:34:53.060, 100 %, 1 %, 15864 MiB, 16384 MiB, 125.61 W, 70
2026/09/15 02:34:54.063, 44 %, 5 %, 15864 MiB, 16384 MiB, 140.25 W, 70
2026/09/15 02:34:55.065, 14 %, 13 %, 15864 MiB, 16384 MiB, 64.97 W, 69
2026/09/15 02:34:56.067, 100 %, 1 %, 15864 MiB, 16384 MiB, 125.63 W, 70
2026/09/15 02:34:57.070, 79 %, 4 %, 15864 MiB, 16384 MiB, 113.04 W, 70
2026/09/15 02:34:58.072, 1 %, 2 %, 15864 MiB, 16384 MiB, 66.19 W, 68
2026/09/15 02:34:59.075, 100 %, 0 %, 15864 MiB, 16384 MiB, 125.90 W, 70
2026/09/15 02:35:00.077, 100 %, 0 %, 15864 MiB, 16384 MiB, 125.28 W, 70
2026/09/15 02:35:01.079, 1 %, 2 %, 15864 MiB, 16384 MiB, 56.74 W, 68
2026/09/15 02:35:02.082, 100 %, 0 %, 15864 MiB, 16384 MiB, 125.07 W, 73
2026/09/15 02:35:03.087, 100 %, 1 %, 15864 MiB, 16384 MiB, 125.39 W, 70
2026/09/15 02:35:04.089, 2 %, 3 %, 15864 MiB, 16384 MiB, 67.24 W, 68
2026/09/15 02:35:05.091, 100 %, 26 %, 15864 MiB, 16384 MiB, 246.62 W, 71
2026/09/15 02:35:06.098, 100 %, 1 %, 15864 MiB, 16384 MiB, 126.25 W, 70
2026/09/15 02:35:07.100, 1 %, 2 %, 15864 MiB, 16384 MiB, 66.17 W, 68
2026/09/15 02:35:08.103, 100 %, 55 %, 15864 MiB, 16384 MiB, 153.07 W, 69
2026/09/15 02:35:09.106, 100 %, 7 %, 15864 MiB, 16384 MiB, 66.44 W, 68
2026/09/15 02:35:10.108, 100 %, 7 %, 15864 MiB, 16384 MiB, 72.11 W, 68
2026/09/15 02:35:11.111, 100 %, 9 %, 15864 MiB, 16384 MiB, 71.97 W, 67
2026/09/15 02:35:12.114, 100 %, 6 %, 15864 MiB, 16384 MiB, 71.80 W, 67
2026/09/15 02:35:13.116, 100 %, 7 %, 15864 MiB, 16384 MiB, 65.89 W, 67
2026/09/15 02:35:14.118, 1 %, 3 %, 15864 MiB, 16384 MiB, 65.29 W, 67
2026/09/15 02:35:15.121, 1 %, 2 %, 15864 MiB, 16384 MiB, 65.41 W, 67
2026/09/15 02:35:16.123, 3 %, 4 %, 15864 MiB, 16384 MiB, 50.35 W, 66
2026/09/15 02:35:17.126, 4 %, 4 %, 15864 MiB, 16384 MiB, 54.15 W, 65
2026/09/15 02:35:18.128, 1 %, 2 %, 15864 MiB, 16384 MiB, 50.45 W, 65
2026/09/15 02:35:19.131, 1 %, 2 %, 15864 MiB, 16384 MiB, 50.52 W, 65
2026/09/15 02:35:20.134, 1 %, 2 %, 15864 MiB, 16384 MiB, 50.40 W, 65
2026/09/15 02:35:21.136, 1 %, 2 %, 15864 MiB, 16384 MiB, 50.30 W, 64
2026/09/15 02:35:22.139, 1 %, 2 %, 15864 MiB, 16384 MiB, 50.15 W, 64
2026/09/15 02:35:23.143, 4 %, 4 %, 15864 MiB, 16384 MiB, 49.96 W, 64
2026/09/15 02:35:24.146, 4 %, 4 %, 15864 MiB, 16384 MiB, 53.40 W, 64
2026/09/15 02:35:25.149, 1 %, 2 %, 15864 MiB, 16384 MiB, 50.62 W, 64
2026/09/15 02:35:26.153, 1 %, 2 %, 15864 MiB, 16384 MiB, 50.54 W, 63
2026/09/15 02:35:27.156, 1 %, 2 %, 15864 MiB, 16384 MiB, 50.12 W, 63
2026/09/15 02:35:28.165, 1 %, 2 %, 15864 MiB, 16384 MiB, 49.99 W, 63
2026/09/15 02:35:29.168, 1 %, 3 %, 15864 MiB, 16384 MiB, 50.08 W, 63
2026/09/15 02:35:30.170, 4 %, 4 %, 15864 MiB, 16384 MiB, 49.86 W, 63
2026/09/15 02:35:31.173, 4 %, 5 %, 15864 MiB, 16384 MiB, 50.08 W, 62
2026/09/15 02:35:32.178, 4 %, 5 %, 15864 MiB, 16384 MiB, 53.02 W, 62
2026/09/15 02:35:33.182, 1 %, 2 %, 15864 MiB, 16384 MiB, 49.63 W, 62
2026/09/15 02:35:34.188, 1 %, 2 %, 15864 MiB, 16384 MiB, 49.49 W, 62
2026/09/15 02:35:35.191, 2 %, 3 %, 15864 MiB, 16384 MiB, 49.50 W, 62
2026/09/15 02:35:36.194, 1 %, 2 %, 15864 MiB, 16384 MiB, 49.59 W, 61
2026/09/15 02:35:37.197, 100 %, 6 %, 15864 MiB, 16384 MiB, 69.57 W, 62
2026/09/15 02:35:38.200, 100 %, 6 %, 15864 MiB, 16384 MiB, 63.65 W, 62
2026/09/15 02:35:39.203, 100 %, 9 %, 15864 MiB, 16384 MiB, 69.66 W, 62
2026/09/15 02:35:40.205, 100 %, 9 %, 15864 MiB, 16384 MiB, 69.57 W, 62
2026/09/15 02:35:41.207, 100 %, 6 %, 15864 MiB, 16384 MiB, 63.53 W, 62
2026/09/15 02:35:42.210, 69 %, 6 %, 15864 MiB, 16384 MiB, 67.36 W, 62
2026/09/15 02:35:43.212, 1 %, 2 %, 15864 MiB, 16384 MiB, 67.71 W, 62
2026/09/15 02:35:44.214, 1 %, 2 %, 15864 MiB, 16384 MiB, 49.06 W, 61
2026/09/15 02:35:45.233, 1 %, 2 %, 15864 MiB, 16384 MiB, 49.28 W, 61
2026/09/15 02:35:46.236, 2 %, 3 %, 15864 MiB, 16384 MiB, 49.61 W, 60
2026/09/15 02:35:47.238, 1 %, 2 %, 15864 MiB, 16384 MiB, 49.03 W, 60
2026/09/15 02:35:48.241, 4 %, 4 %, 15864 MiB, 16384 MiB, 49.34 W, 60
2026/09/15 02:35:49.245, 4 %, 4 %, 15864 MiB, 16384 MiB, 48.55 W, 60
2026/09/15 02:35:50.248, 4 %, 5 %, 15864 MiB, 16384 MiB, 52.46 W, 60
2026/09/15 02:35:51.251, 1 %, 2 %, 15864 MiB, 16384 MiB, 48.83 W, 60
2026/09/15 02:35:52.254, 1 %, 2 %, 15864 MiB, 16384 MiB, 48.91 W, 59
2026/09/15 02:35:53.257, 1 %, 2 %, 15864 MiB, 16384 MiB, 49.05 W, 59
2026/09/15 02:35:54.260, 1 %, 2 %, 15864 MiB, 16384 MiB, 48.89 W, 59
2026/09/15 02:35:55.263, 4 %, 4 %, 15864 MiB, 16384 MiB, 48.95 W, 59
2026/09/15 02:35:56.267, 4 %, 4 %, 15864 MiB, 16384 MiB, 48.28 W, 59
2026/09/15 02:35:57.270, 4 %, 4 %, 15864 MiB, 16384 MiB, 51.82 W, 59
2026/09/15 02:35:58.273, 1 %, 2 %, 15864 MiB, 16384 MiB, 52.24 W, 59
2026/09/15 02:35:59.276, 2 %, 3 %, 15864 MiB, 16384 MiB, 48.99 W, 59
2026/09/15 02:36:00.279, 1 %, 2 %, 15864 MiB, 16384 MiB, 49.05 W, 58
2026/09/15 02:36:01.282, 1 %, 2 %, 15864 MiB, 16384 MiB, 48.73 W, 58
2026/09/15 02:36:02.286, 1 %, 2 %, 15864 MiB, 16384 MiB, 48.32 W, 58
2026/09/15 02:36:03.289, 4 %, 4 %, 15864 MiB, 16384 MiB, 48.42 W, 58
2026/09/15 02:36:04.293, 4 %, 4 %, 15864 MiB, 16384 MiB, 47.52 W, 58
2026/09/15 02:36:05.296, 100 %, 7 %, 15864 MiB, 16384 MiB, 62.84 W, 59
2026/09/15 02:36:06.299, 100 %, 9 %, 15864 MiB, 16384 MiB, 69.85 W, 59
2026/09/15 02:36:07.302, 100 %, 7 %, 15864 MiB, 16384 MiB, 69.71 W, 59
2026/09/15 02:36:08.306, 100 %, 7 %, 15864 MiB, 16384 MiB, 62.67 W, 59
2026/09/15 02:36:09.309, 100 %, 6 %, 15864 MiB, 16384 MiB, 68.69 W, 59
2026/09/15 02:36:10.313, 100 %, 9 %, 15864 MiB, 16384 MiB, 68.58 W, 59
2026/09/15 02:36:11.316, 1 %, 2 %, 15864 MiB, 16384 MiB, 61.80 W, 59
2026/09/15 02:36:12.319, 3 %, 4 %, 15864 MiB, 16384 MiB, 59.04 W, 58
2026/09/15 02:36:13.323, 4 %, 4 %, 15864 MiB, 16384 MiB, 47.75 W, 58
2026/09/15 02:36:14.327, 4 %, 5 %, 15864 MiB, 16384 MiB, 51.23 W, 58
2026/09/15 02:36:15.330, 1 %, 2 %, 15864 MiB, 16384 MiB, 47.91 W, 58
2026/09/15 02:36:16.334, 1 %, 2 %, 15864 MiB, 16384 MiB, 48.14 W, 58
2026/09/15 02:36:17.337, 1 %, 2 %, 15864 MiB, 16384 MiB, 48.24 W, 58
2026/09/15 02:36:18.340, 1 %, 2 %, 15864 MiB, 16384 MiB, 48.15 W, 57
2026/09/15 02:36:19.343, 1 %, 2 %, 15864 MiB, 16384 MiB, 48.23 W, 57
2026/09/15 02:36:20.347, 4 %, 4 %, 15864 MiB, 16384 MiB, 47.98 W, 57
2026/09/15 02:36:21.350, 4 %, 4 %, 15864 MiB, 16384 MiB, 51.28 W, 57
2026/09/15 02:36:22.354, 1 %, 2 %, 15864 MiB, 16384 MiB, 47.83 W, 57
2026/09/15 02:36:23.357, 1 %, 2 %, 15864 MiB, 16384 MiB, 48.11 W, 57
2026/09/15 02:36:24.361, 2 %, 3 %, 15864 MiB, 16384 MiB, 47.99 W, 57
2026/09/15 02:36:25.364, 1 %, 2 %, 15864 MiB, 16384 MiB, 47.99 W, 57
2026/09/15 02:36:26.367, 4 %, 5 %, 15864 MiB, 16384 MiB, 48.44 W, 57
2026/09/15 02:36:27.371, 4 %, 4 %, 15864 MiB, 16384 MiB, 48.62 W, 57
2026/09/15 02:36:28.374, 4 %, 5 %, 15864 MiB, 16384 MiB, 51.04 W, 57
2026/09/15 02:36:29.377, 1 %, 2 %, 15864 MiB, 16384 MiB, 47.75 W, 57
2026/09/15 02:36:30.380, 2 %, 3 %, 15864 MiB, 16384 MiB, 48.00 W, 57
2026/09/15 02:36:31.383, 2 %, 3 %, 15864 MiB, 16384 MiB, 47.96 W, 57
2026/09/15 02:36:32.387, 1 %, 2 %, 15864 MiB, 16384 MiB, 47.99 W, 56
2026/09/15 02:36:33.390, 59 %, 9 %, 15864 MiB, 16384 MiB, 51.82 W, 57
2026/09/15 02:36:34.394, 100 %, 7 %, 15864 MiB, 16384 MiB, 63.58 W, 58
2026/09/15 02:36:35.397, 100 %, 9 %, 15864 MiB, 16384 MiB, 68.02 W, 57
2026/09/15 02:36:36.400, 100 %, 7 %, 15864 MiB, 16384 MiB, 67.72 W, 57
2026/09/15 02:36:37.403, 100 %, 7 %, 15864 MiB, 16384 MiB, 61.99 W, 58
2026/09/15 02:36:38.406, 100 %, 9 %, 15864 MiB, 16384 MiB, 67.96 W, 57
2026/09/15 02:36:39.409, 1 %, 2 %, 15864 MiB, 16384 MiB, 61.20 W, 57
2026/09/15 02:36:40.413, 1 %, 2 %, 15864 MiB, 16384 MiB, 60.82 W, 57
2026/09/15 02:36:41.416, 1 %, 2 %, 15864 MiB, 16384 MiB, 47.66 W, 57
2026/09/15 02:36:42.420, 4 %, 4 %, 15864 MiB, 16384 MiB, 47.75 W, 57
2026/09/15 02:36:43.423, 4 %, 4 %, 15864 MiB, 16384 MiB, 47.21 W, 57
2026/09/15 02:36:44.426, 1 %, 2 %, 15864 MiB, 16384 MiB, 51.05 W, 56
2026/09/15 02:36:45.429, 1 %, 2 %, 15864 MiB, 16384 MiB, 47.68 W, 56
2026/09/15 02:36:46.433, 1 %, 2 %, 15864 MiB, 16384 MiB, 47.63 W, 56
2026/09/15 02:36:47.436, 1 %, 2 %, 15864 MiB, 16384 MiB, 48.26 W, 56
2026/09/15 02:36:48.439, 1 %, 2 %, 15864 MiB, 16384 MiB, 48.15 W, 56
2026/09/15 02:36:49.442, 1 %, 2 %, 15864 MiB, 16384 MiB, 47.66 W, 56
2026/09/15 02:36:50.445, 4 %, 4 %, 15864 MiB, 16384 MiB, 47.79 W, 56
2026/09/15 02:36:51.448, 4 %, 4 %, 15864 MiB, 16384 MiB, 47.23 W, 56
2026/09/15 02:36:52.451, 4 %, 5 %, 15864 MiB, 16384 MiB, 50.82 W, 56
2026/09/15 02:36:53.454, 1 %, 2 %, 15864 MiB, 16384 MiB, 47.44 W, 56
2026/09/15 02:36:54.457, 1 %, 2 %, 15864 MiB, 16384 MiB, 47.31 W, 56
2026/09/15 02:36:55.461, 1 %, 2 %, 15864 MiB, 16384 MiB, 47.20 W, 56
2026/09/15 02:36:56.464, 2 %, 3 %, 15864 MiB, 16384 MiB, 46.91 W, 56
2026/09/15 02:36:57.467, 1 %, 2 %, 15864 MiB, 16384 MiB, 47.24 W, 56
2026/09/15 02:36:58.470, 4 %, 5 %, 15864 MiB, 16384 MiB, 47.15 W, 56
2026/09/15 02:36:59.473, 4 %, 4 %, 15864 MiB, 16384 MiB, 47.10 W, 56
2026/09/15 02:37:00.477, 4 %, 5 %, 15864 MiB, 16384 MiB, 50.06 W, 56
2026/09/15 02:37:01.479, 1 %, 2 %, 15864 MiB, 16384 MiB, 46.90 W, 56
2026/09/15 02:37:02.482, 100 %, 9 %, 15864 MiB, 16384 MiB, 68.40 W, 57
2026/09/15 02:37:03.484, 100 %, 7 %, 15864 MiB, 16384 MiB, 68.38 W, 57
2026/09/15 02:37:04.487, 100 %, 7 %, 15864 MiB, 16384 MiB, 62.19 W, 57
2026/09/15 02:37:05.489, 100 %, 9 %, 15864 MiB, 16384 MiB, 68.20 W, 57
2026/09/15 02:37:06.491, 100 %, 7 %, 15864 MiB, 16384 MiB, 68.52 W, 57
2026/09/15 02:37:07.494, 1 %, 2 %, 15864 MiB, 16384 MiB, 62.26 W, 57
2026/09/15 02:37:08.496, 4 %, 4 %, 15864 MiB, 16384 MiB, 63.38 W, 57
2026/09/15 02:37:09.499, 4 %, 4 %, 15864 MiB, 16384 MiB, 50.23 W, 56
2026/09/15 02:37:10.501, 1 %, 2 %, 15864 MiB, 16384 MiB, 46.64 W, 56
2026/09/15 02:37:11.504, 2 %, 3 %, 15864 MiB, 16384 MiB, 47.05 W, 56
2026/09/15 02:37:12.506, 1 %, 2 %, 15864 MiB, 16384 MiB, 46.91 W, 56
2026/09/15 02:37:13.509, 2 %, 3 %, 15864 MiB, 16384 MiB, 46.88 W, 56
2026/09/15 02:37:14.511, 4 %, 4 %, 15864 MiB, 16384 MiB, 46.90 W, 56
2026/09/15 02:37:15.514, 4 %, 4 %, 15864 MiB, 16384 MiB, 46.33 W, 56
2026/09/15 02:37:16.516, 4 %, 5 %, 15864 MiB, 16384 MiB, 49.67 W, 56
2026/09/15 02:37:17.519, 1 %, 2 %, 15864 MiB, 16384 MiB, 46.78 W, 56
2026/09/15 02:37:18.522, 1 %, 2 %, 15864 MiB, 16384 MiB, 46.52 W, 56
2026/09/15 02:37:19.524, 1 %, 2 %, 15864 MiB, 16384 MiB, 46.69 W, 56
2026/09/15 02:37:20.527, 1 %, 2 %, 15864 MiB, 16384 MiB, 46.62 W, 56
2026/09/15 02:37:21.529, 4 %, 4 %, 15864 MiB, 16384 MiB, 46.51 W, 56
2026/09/15 02:37:22.532, 4 %, 4 %, 15864 MiB, 16384 MiB, 46.45 W, 56
2026/09/15 02:37:23.534, 1 %, 2 %, 15864 MiB, 16384 MiB, 49.63 W, 56
2026/09/15 02:37:24.537, 1 %, 3 %, 15864 MiB, 16384 MiB, 46.74 W, 56
2026/09/15 02:37:25.539, 1 %, 2 %, 15864 MiB, 16384 MiB, 46.54 W, 56
2026/09/15 02:37:26.542, 1 %, 2 %, 15864 MiB, 16384 MiB, 46.74 W, 55
2026/09/15 02:37:27.545, 1 %, 2 %, 15864 MiB, 16384 MiB, 46.59 W, 55
2026/09/15 02:37:28.547, 4 %, 5 %, 15864 MiB, 16384 MiB, 47.22 W, 55
2026/09/15 02:37:29.550, 4 %, 4 %, 15864 MiB, 16384 MiB, 46.17 W, 55
2026/09/15 02:37:30.554, 100 %, 7 %, 15864 MiB, 16384 MiB, 64.01 W, 57
2026/09/15 02:37:31.557, 100 %, 9 %, 15864 MiB, 16384 MiB, 67.85 W, 56
2026/09/15 02:37:32.560, 100 %, 7 %, 15864 MiB, 16384 MiB, 67.99 W, 57
2026/09/15 02:37:33.563, 100 %, 7 %, 15864 MiB, 16384 MiB, 61.87 W, 57
2026/09/15 02:37:34.566, 100 %, 9 %, 15864 MiB, 16384 MiB, 68.12 W, 57
2026/09/15 02:37:35.570, 100 %, 7 %, 15864 MiB, 16384 MiB, 68.01 W, 57
2026/09/15 02:37:36.573, 1 %, 2 %, 15864 MiB, 16384 MiB, 61.06 W, 57
2026/09/15 02:37:37.576, 3 %, 4 %, 15864 MiB, 16384 MiB, 56.34 W, 56
2026/09/15 02:37:38.580, 4 %, 4 %, 15864 MiB, 16384 MiB, 46.19 W, 56
2026/09/15 02:37:39.583, 4 %, 4 %, 15864 MiB, 16384 MiB, 49.70 W, 56
2026/09/15 02:37:40.587, 1 %, 2 %, 15864 MiB, 16384 MiB, 46.74 W, 56
2026/09/15 02:37:41.590, 1 %, 2 %, 15864 MiB, 16384 MiB, 46.95 W, 56
2026/09/15 02:37:42.593, 1 %, 2 %, 15864 MiB, 16384 MiB, 46.76 W, 56
2026/09/15 02:37:43.596, 1 %, 2 %, 15864 MiB, 16384 MiB, 46.88 W, 56
2026/09/15 02:37:44.600, 4 %, 5 %, 15864 MiB, 16384 MiB, 46.65 W, 56
2026/09/15 02:37:45.603, 4 %, 5 %, 15864 MiB, 16384 MiB, 46.78 W, 56
2026/09/15 02:37:46.606, 4 %, 4 %, 15864 MiB, 16384 MiB, 49.75 W, 56
2026/09/15 02:37:47.609, 1 %, 2 %, 15864 MiB, 16384 MiB, 50.08 W, 56
2026/09/15 02:37:48.612, 1 %, 2 %, 15864 MiB, 16384 MiB, 47.63 W, 56
2026/09/15 02:37:49.615, 1 %, 2 %, 15864 MiB, 16384 MiB, 47.66 W, 55
2026/09/15 02:37:50.618, 1 %, 2 %, 15864 MiB, 16384 MiB, 47.16 W, 55
2026/09/15 02:37:51.621, 1 %, 2 %, 15864 MiB, 16384 MiB, 47.01 W, 56
2026/09/15 02:37:52.628, 4 %, 5 %, 15864 MiB, 16384 MiB, 47.35 W, 55
2026/09/15 02:37:53.631, 4 %, 4 %, 15864 MiB, 16384 MiB, 47.17 W, 55
2026/09/15 02:37:54.633, 4 %, 4 %, 15864 MiB, 16384 MiB, 46.35 W, 55
2026/09/15 02:37:55.636, 2 %, 3 %, 15864 MiB, 16384 MiB, 50.38 W, 55
2026/09/15 02:37:56.639, 2 %, 3 %, 15864 MiB, 16384 MiB, 47.26 W, 55
2026/09/15 02:37:57.641, 1 %, 2 %, 15864 MiB, 16384 MiB, 47.11 W, 55
2026/09/15 02:37:58.644, 94 %, 6 %, 15864 MiB, 16384 MiB, 53.21 W, 56
2026/09/15 02:37:59.647, 100 %, 9 %, 15864 MiB, 16384 MiB, 68.54 W, 57
2026/09/15 02:38:00.652, 100 %, 7 %, 15864 MiB, 16384 MiB, 68.38 W, 56
2026/09/15 02:38:01.654, 100 %, 6 %, 15864 MiB, 16384 MiB, 68.49 W, 57
2026/09/15 02:38:02.657, 100 %, 6 %, 15864 MiB, 16384 MiB, 62.03 W, 57
2026/09/15 02:38:03.659, 100 %, 9 %, 15864 MiB, 16384 MiB, 68.49 W, 57
2026/09/15 02:38:04.663, 3 %, 4 %, 15864 MiB, 16384 MiB, 65.70 W, 57
2026/09/15 02:38:05.665, 1 %, 2 %, 15864 MiB, 16384 MiB, 60.54 W, 57
2026/09/15 02:38:06.668, 1 %, 2 %, 15864 MiB, 16384 MiB, 46.38 W, 56
2026/09/15 02:38:07.672, 1 %, 2 %, 15864 MiB, 16384 MiB, 46.43 W, 56
2026/09/15 02:38:08.675, 1 %, 2 %, 15864 MiB, 16384 MiB, 46.59 W, 56
2026/09/15 02:38:09.678, 3 %, 4 %, 15864 MiB, 16384 MiB, 47.15 W, 56
2026/09/15 02:38:10.681, 3 %, 4 %, 15864 MiB, 16384 MiB, 46.80 W, 56
2026/09/15 02:38:11.684, 3 %, 4 %, 15864 MiB, 16384 MiB, 49.68 W, 56
2026/09/15 02:38:12.688, 1 %, 2 %, 15864 MiB, 16384 MiB, 49.77 W, 56
2026/09/15 02:38:13.691, 1 %, 2 %, 15864 MiB, 16384 MiB, 46.41 W, 56
2026/09/15 02:38:14.694, 1 %, 2 %, 15864 MiB, 16384 MiB, 46.40 W, 56
2026/09/15 02:38:15.698, 1 %, 2 %, 15864 MiB, 16384 MiB, 46.45 W, 55
2026/09/15 02:38:16.701, 1 %, 2 %, 15864 MiB, 16384 MiB, 46.34 W, 55
2026/09/15 02:38:17.704, 3 %, 4 %, 15864 MiB, 16384 MiB, 46.60 W, 55
2026/09/15 02:38:18.708, 3 %, 4 %, 15864 MiB, 16384 MiB, 46.15 W, 55
2026/09/15 02:38:19.711, 3 %, 4 %, 15864 MiB, 16384 MiB, 49.35 W, 55
2026/09/15 02:38:20.714, 1 %, 2 %, 15864 MiB, 16384 MiB, 49.58 W, 55
2026/09/15 02:38:21.717, 1 %, 2 %, 15864 MiB, 16384 MiB, 46.40 W, 55
2026/09/15 02:38:22.720, 1 %, 2 %, 15864 MiB, 16384 MiB, 46.40 W, 55
2026/09/15 02:38:23.724, 1 %, 3 %, 15864 MiB, 16384 MiB, 46.82 W, 55
2026/09/15 02:38:24.727, 2 %, 3 %, 15864 MiB, 16384 MiB, 46.98 W, 55
2026/09/15 02:38:25.730, 3 %, 4 %, 15864 MiB, 16384 MiB, 46.53 W, 55
2026/09/15 02:38:26.734, 37 %, 5 %, 15864 MiB, 16384 MiB, 46.90 W, 57
2026/09/15 02:38:27.741, 100 %, 7 %, 15864 MiB, 16384 MiB, 119.62 W, 58
2026/09/15 02:38:28.743, 100 %, 27 %, 15864 MiB, 16384 MiB, 247.27 W, 61
2026/09/15 02:38:29.746, 100 %, 33 %, 15864 MiB, 16384 MiB, 116.94 W, 59
2026/09/15 02:38:30.749, 100 %, 0 %, 15864 MiB, 16384 MiB, 118.01 W, 59
2026/09/15 02:38:31.752, 100 %, 62 %, 15864 MiB, 16384 MiB, 210.82 W, 60
2026/09/15 02:38:32.755, 100 %, 9 %, 15864 MiB, 16384 MiB, 106.93 W, 60
2026/09/15 02:38:33.757, 100 %, 0 %, 15864 MiB, 16384 MiB, 120.18 W, 64
2026/09/15 02:38:34.761, 100 %, 80 %, 15864 MiB, 16384 MiB, 93.72 W, 60
2026/09/15 02:38:35.763, 100 %, 7 %, 15864 MiB, 16384 MiB, 115.97 W, 61
2026/09/15 02:38:36.766, 100 %, 6 %, 15864 MiB, 16384 MiB, 237.15 W, 64
2026/09/15 02:38:37.770, 100 %, 50 %, 15864 MiB, 16384 MiB, 59.98 W, 63
2026/09/15 02:38:38.776, 100 %, 1 %, 15864 MiB, 16384 MiB, 119.62 W, 62
2026/09/15 02:38:39.778, 100 %, 40 %, 15864 MiB, 16384 MiB, 214.28 W, 65
2026/09/15 02:38:40.782, 100 %, 21 %, 15864 MiB, 16384 MiB, 135.11 W, 63
2026/09/15 02:38:41.787, 100 %, 0 %, 15864 MiB, 16384 MiB, 118.65 W, 63
2026/09/15 02:38:42.791, 100 %, 79 %, 15864 MiB, 16384 MiB, 222.36 W, 64
2026/09/15 02:38:43.793, 100 %, 9 %, 15864 MiB, 16384 MiB, 125.38 W, 63
2026/09/15 02:38:44.795, 100 %, 0 %, 15864 MiB, 16384 MiB, 121.55 W, 66
2026/09/15 02:38:45.801, 100 %, 65 %, 15864 MiB, 16384 MiB, 190.68 W, 63
2026/09/15 02:38:46.803, 100 %, 8 %, 15864 MiB, 16384 MiB, 119.60 W, 64
2026/09/15 02:38:47.806, 100 %, 20 %, 15864 MiB, 16384 MiB, 124.41 W, 67
2026/09/15 02:38:48.808, 100 %, 36 %, 15864 MiB, 16384 MiB, 94.22 W, 64
2026/09/15 02:38:49.811, 100 %, 0 %, 15864 MiB, 16384 MiB, 117.67 W, 65
2026/09/15 02:38:50.813, 100 %, 0 %, 15864 MiB, 16384 MiB, 228.49 W, 68
2026/09/15 02:38:51.817, 100 %, 79 %, 15864 MiB, 16384 MiB, 63.33 W, 66
2026/09/15 02:38:52.819, 100 %, 8 %, 15864 MiB, 16384 MiB, 120.71 W, 66
2026/09/15 02:38:53.822, 100 %, 0 %, 15864 MiB, 16384 MiB, 230.37 W, 69
2026/09/15 02:38:54.826, 71 %, 61 %, 15864 MiB, 16384 MiB, 63.58 W, 65
2026/09/15 02:38:55.828, 100 %, 48 %, 15864 MiB, 16384 MiB, 112.22 W, 66
2026/09/15 02:38:56.831, 100 %, 0 %, 15864 MiB, 16384 MiB, 258.61 W, 69
2026/09/15 02:38:57.834, 100 %, 5 %, 15864 MiB, 16384 MiB, 121.03 W, 67
2026/09/15 02:38:58.836, 46 %, 7 %, 15864 MiB, 16384 MiB, 121.18 W, 67
2026/09/15 02:38:59.838, 1 %, 2 %, 15864 MiB, 16384 MiB, 145.63 W, 66
2026/09/15 02:39:00.841, 1 %, 2 %, 15864 MiB, 16384 MiB, 64.37 W, 65
2026/09/15 02:39:01.843, 1 %, 2 %, 15864 MiB, 16384 MiB, 64.33 W, 65
2026/09/15 02:39:02.845, 67 %, 60 %, 15864 MiB, 16384 MiB, 61.45 W, 66
2026/09/15 02:39:03.848, 100 %, 67 %, 15864 MiB, 16384 MiB, 201.83 W, 66
2026/09/15 02:39:04.853, 100 %, 0 %, 15864 MiB, 16384 MiB, 218.52 W, 70
2026/09/15 02:39:05.861, 100 %, 0 %, 15864 MiB, 16384 MiB, 122.03 W, 69
2026/09/15 02:39:06.863, 72 %, 8 %, 15864 MiB, 16384 MiB, 118.78 W, 67
2026/09/15 02:39:07.866, 6 %, 5 %, 15864 MiB, 16384 MiB, 137.91 W, 67
2026/09/15 02:39:08.868, 1 %, 2 %, 15864 MiB, 16384 MiB, 65.15 W, 68
2026/09/15 02:39:09.870, 1 %, 2 %, 15864 MiB, 16384 MiB, 66.06 W, 66
2026/09/15 02:39:10.873, 35 %, 30 %, 15864 MiB, 16384 MiB, 65.57 W, 66
2026/09/15 02:39:11.875, 99 %, 87 %, 15864 MiB, 16384 MiB, 121.46 W, 67
2026/09/15 02:39:12.878, 100 %, 31 %, 15864 MiB, 16384 MiB, 237.27 W, 70
2026/09/15 02:39:13.881, 100 %, 0 %, 15864 MiB, 16384 MiB, 123.12 W, 71
2026/09/15 02:39:14.884, 100 %, 5 %, 15864 MiB, 16384 MiB, 122.61 W, 68
2026/09/15 02:39:15.887, 38 %, 7 %, 15864 MiB, 16384 MiB, 112.49 W, 68
2026/09/15 02:39:16.889, 1 %, 2 %, 15864 MiB, 16384 MiB, 64.75 W, 68
2026/09/15 02:39:17.891, 1 %, 2 %, 15864 MiB, 16384 MiB, 65.35 W, 67
2026/09/15 02:39:18.894, 1 %, 2 %, 15864 MiB, 16384 MiB, 65.19 W, 67
2026/09/15 02:39:19.896, 54 %, 48 %, 15864 MiB, 16384 MiB, 62.65 W, 67
2026/09/15 02:39:20.898, 100 %, 71 %, 15864 MiB, 16384 MiB, 168.74 W, 68
2026/09/15 02:39:21.902, 100 %, 12 %, 15864 MiB, 16384 MiB, 276.40 W, 72
2026/09/15 02:39:22.918, 100 %, 0 %, 15864 MiB, 16384 MiB, 121.10 W, 68
2026/09/15 02:39:23.920, 76 %, 7 %, 15864 MiB, 16384 MiB, 118.34 W, 68
2026/09/15 02:39:24.923, 1 %, 2 %, 15864 MiB, 16384 MiB, 121.98 W, 68
2026/09/15 02:39:25.925, 1 %, 2 %, 15864 MiB, 16384 MiB, 65.00 W, 67
2026/09/15 02:39:26.928, 1 %, 3 %, 15864 MiB, 16384 MiB, 64.74 W, 67
2026/09/15 02:39:27.930, 35 %, 31 %, 15864 MiB, 16384 MiB, 63.59 W, 67
2026/09/15 02:39:28.932, 94 %, 80 %, 15864 MiB, 16384 MiB, 101.32 W, 68
2026/09/15 02:39:29.938, 100 %, 39 %, 15864 MiB, 16384 MiB, 207.95 W, 71
2026/09/15 02:39:30.941, 100 %, 0 %, 15864 MiB, 16384 MiB, 156.24 W, 72
2026/09/15 02:39:31.944, 100 %, 0 %, 15864 MiB, 16384 MiB, 124.78 W, 69
2026/09/15 02:39:32.946, 52 %, 7 %, 15864 MiB, 16384 MiB, 123.85 W, 69
2026/09/15 02:39:33.950, 1 %, 2 %, 15864 MiB, 16384 MiB, 65.44 W, 70
2026/09/15 02:39:34.953, 1 %, 2 %, 15864 MiB, 16384 MiB, 65.12 W, 67
2026/09/15 02:39:35.955, 1 %, 2 %, 15864 MiB, 16384 MiB, 64.19 W, 68
2026/09/15 02:39:36.958, 67 %, 60 %, 15864 MiB, 16384 MiB, 165.99 W, 68
2026/09/15 02:39:37.960, 100 %, 64 %, 15864 MiB, 16384 MiB, 260.12 W, 71
2026/09/15 02:39:38.964, 100 %, 0 %, 15864 MiB, 16384 MiB, 124.46 W, 72
2026/09/15 02:39:39.967, 100 %, 0 %, 15864 MiB, 16384 MiB, 118.04 W, 69
2026/09/15 02:39:40.969, 53 %, 7 %, 15864 MiB, 16384 MiB, 128.30 W, 69
2026/09/15 02:39:41.971, 1 %, 2 %, 15864 MiB, 16384 MiB, 65.47 W, 68
2026/09/15 02:39:42.974, 100 %, 35 %, 15864 MiB, 16384 MiB, 210.84 W, 69
2026/09/15 02:39:43.979, 100 %, 18 %, 15864 MiB, 16384 MiB, 120.39 W, 72
2026/09/15 02:39:44.983, 100 %, 5 %, 15864 MiB, 16384 MiB, 122.14 W, 70
2026/09/15 02:39:45.986, 100 %, 6 %, 15864 MiB, 16384 MiB, 94.75 W, 70
2026/09/15 02:39:46.988, 100 %, 21 %, 15864 MiB, 16384 MiB, 61.98 W, 70
2026/09/15 02:39:47.993, 100 %, 5 %, 15864 MiB, 16384 MiB, 98.33 W, 69
2026/09/15 02:39:48.995, 100 %, 5 %, 15864 MiB, 16384 MiB, 212.78 W, 69
2026/09/15 02:39:49.998, 100 %, 20 %, 15864 MiB, 16384 MiB, 223.63 W, 72
2026/09/15 02:39:51.005, 100 %, 36 %, 15864 MiB, 16384 MiB, 138.18 W, 73
2026/09/15 02:39:52.008, 100 %, 35 %, 15864 MiB, 16384 MiB, 127.37 W, 70
2026/09/15 02:39:53.010, 100 %, 35 %, 15864 MiB, 16384 MiB, 99.32 W, 70
2026/09/15 02:39:54.014, 100 %, 25 %, 15864 MiB, 16384 MiB, 206.43 W, 69
2026/09/15 02:39:55.017, 100 %, 5 %, 15864 MiB, 16384 MiB, 220.29 W, 70
2026/09/15 02:39:56.019, 100 %, 5 %, 15864 MiB, 16384 MiB, 153.89 W, 72
2026/09/15 02:39:57.026, 48 %, 33 %, 15864 MiB, 16384 MiB, 64.63 W, 69
2026/09/15 02:39:58.029, 1 %, 2 %, 15864 MiB, 16384 MiB, 66.19 W, 69
2026/09/15 02:39:59.031, 46 %, 4 %, 15864 MiB, 16384 MiB, 203.10 W, 70
2026/09/15 02:40:00.034, 28 %, 24 %, 15864 MiB, 16384 MiB, 65.20 W, 68
2026/09/15 02:40:01.036, 1 %, 2 %, 15864 MiB, 16384 MiB, 66.04 W, 70
2026/09/15 02:40:02.039, 84 %, 20 %, 15864 MiB, 16384 MiB, 209.85 W, 69
2026/09/15 02:40:03.043, 1 %, 2 %, 15864 MiB, 16384 MiB, 65.73 W, 68
2026/09/15 02:40:04.046, 1 %, 2 %, 15864 MiB, 16384 MiB, 103.71 W, 69
2026/09/15 02:40:05.048, 81 %, 33 %, 15864 MiB, 16384 MiB, 59.53 W, 68
2026/09/15 02:40:06.051, 1 %, 2 %, 15864 MiB, 16384 MiB, 65.39 W, 68
2026/09/15 02:40:07.053, 27 %, 4 %, 15864 MiB, 16384 MiB, 123.44 W, 72
2026/09/15 02:40:08.058, 44 %, 32 %, 15864 MiB, 16384 MiB, 63.97 W, 68
2026/09/15 02:40:09.060, 1 %, 2 %, 15864 MiB, 16384 MiB, 65.38 W, 68
2026/09/15 02:40:10.063, 54 %, 4 %, 15864 MiB, 16384 MiB, 220.71 W, 70
2026/09/15 02:40:11.066, 11 %, 8 %, 15864 MiB, 16384 MiB, 65.88 W, 68
2026/09/15 02:40:12.069, 1 %, 2 %, 15864 MiB, 16384 MiB, 66.07 W, 69
2026/09/15 02:40:13.071, 91 %, 31 %, 15864 MiB, 16384 MiB, 163.84 W, 68
2026/09/15 02:40:14.077, 1 %, 2 %, 15864 MiB, 16384 MiB, 65.37 W, 67
2026/09/15 02:40:15.080, 1 %, 2 %, 15864 MiB, 16384 MiB, 96.10 W, 69
2026/09/15 02:40:16.082, 86 %, 35 %, 15864 MiB, 16384 MiB, 66.20 W, 68
2026/09/15 02:40:17.085, 1 %, 2 %, 15864 MiB, 16384 MiB, 65.18 W, 67
2026/09/15 02:40:18.087, 22 %, 4 %, 15864 MiB, 16384 MiB, 124.63 W, 70
2026/09/15 02:40:19.090, 51 %, 34 %, 15864 MiB, 16384 MiB, 63.61 W, 67
2026/09/15 02:40:20.093, 1 %, 3 %, 15864 MiB, 16384 MiB, 64.99 W, 67
2026/09/15 02:40:21.095, 47 %, 4 %, 15864 MiB, 16384 MiB, 201.11 W, 72
2026/09/15 02:40:22.101, 13 %, 9 %, 15864 MiB, 16384 MiB, 64.37 W, 67
2026/09/15 02:40:23.104, 1 %, 3 %, 15864 MiB, 16384 MiB, 64.97 W, 67
2026/09/15 02:40:24.106, 95 %, 32 %, 15864 MiB, 16384 MiB, 192.35 W, 68
2026/09/15 02:40:25.109, 1 %, 2 %, 15864 MiB, 16384 MiB, 63.99 W, 67
2026/09/15 02:40:26.111, 1 %, 2 %, 15864 MiB, 16384 MiB, 65.22 W, 68
2026/09/15 02:40:27.114, 100 %, 38 %, 15864 MiB, 16384 MiB, 229.14 W, 68
2026/09/15 02:40:28.116, 100 %, 7 %, 15864 MiB, 16384 MiB, 72.60 W, 67
2026/09/15 02:40:29.118, 100 %, 7 %, 15864 MiB, 16384 MiB, 72.31 W, 66
2026/09/15 02:40:30.121, 100 %, 9 %, 15864 MiB, 16384 MiB, 66.81 W, 66
2026/09/15 02:40:31.123, 100 %, 7 %, 15864 MiB, 16384 MiB, 74.03 W, 66
2026/09/15 02:40:32.125, 100 %, 7 %, 15864 MiB, 16384 MiB, 72.43 W, 66
2026/09/15 02:40:33.128, 2 %, 3 %, 15864 MiB, 16384 MiB, 65.30 W, 66
2026/09/15 02:40:34.130, 4 %, 5 %, 15864 MiB, 16384 MiB, 64.80 W, 66
2026/09/15 02:40:35.133, 4 %, 4 %, 15864 MiB, 16384 MiB, 53.90 W, 65
2026/09/15 02:40:36.135, 2 %, 2 %, 15864 MiB, 16384 MiB, 50.13 W, 65
2026/09/15 02:40:37.138, 1 %, 2 %, 15864 MiB, 16384 MiB, 50.39 W, 64
2026/09/15 02:40:38.141, 1 %, 2 %, 15864 MiB, 16384 MiB, 50.28 W, 64
2026/09/15 02:40:39.143, 1 %, 2 %, 15864 MiB, 16384 MiB, 50.17 W, 64
2026/09/15 02:40:40.146, 1 %, 2 %, 15864 MiB, 16384 MiB, 50.09 W, 64
2026/09/15 02:40:41.148, 1 %, 2 %, 15864 MiB, 16384 MiB, 50.03 W, 63
2026/09/15 02:40:42.151, 4 %, 4 %, 15864 MiB, 16384 MiB, 49.45 W, 63
2026/09/15 02:40:43.153, 4 %, 4 %, 15864 MiB, 16384 MiB, 53.96 W, 63
2026/09/15 02:40:44.156, 4 %, 4 %, 15864 MiB, 16384 MiB, 49.87 W, 63
2026/09/15 02:40:45.159, 1 %, 2 %, 15864 MiB, 16384 MiB, 49.76 W, 63
2026/09/15 02:40:46.161, 1 %, 2 %, 15864 MiB, 16384 MiB, 49.74 W, 62
2026/09/15 02:40:47.164, 1 %, 2 %, 15864 MiB, 16384 MiB, 49.72 W, 62
2026/09/15 02:40:48.167, 1 %, 2 %, 15864 MiB, 16384 MiB, 49.67 W, 62
2026/09/15 02:40:49.170, 4 %, 5 %, 15864 MiB, 16384 MiB, 49.66 W, 62
2026/09/15 02:40:50.173, 4 %, 4 %, 15864 MiB, 16384 MiB, 54.09 W, 62
2026/09/15 02:40:51.177, 5 %, 5 %, 15864 MiB, 16384 MiB, 49.76 W, 62
2026/09/15 02:40:52.180, 1 %, 2 %, 15864 MiB, 16384 MiB, 49.31 W, 61
2026/09/15 02:40:53.183, 1 %, 2 %, 15864 MiB, 16384 MiB, 49.26 W, 61
2026/09/15 02:40:54.189, 1 %, 3 %, 15864 MiB, 16384 MiB, 49.22 W, 61
2026/09/15 02:40:55.191, 1 %, 2 %, 15864 MiB, 16384 MiB, 49.15 W, 61
2026/09/15 02:40:56.194, 100 %, 7 %, 15864 MiB, 16384 MiB, 71.08 W, 62
2026/09/15 02:40:57.197, 100 %, 9 %, 15864 MiB, 16384 MiB, 71.38 W, 62
2026/09/15 02:40:58.201, 100 %, 7 %, 15864 MiB, 16384 MiB, 64.41 W, 62
2026/09/15 02:40:59.204, 100 %, 7 %, 15864 MiB, 16384 MiB, 71.27 W, 62
2026/09/15 02:41:00.207, 100 %, 9 %, 15864 MiB, 16384 MiB, 71.23 W, 62
2026/09/15 02:41:01.211, 100 %, 7 %, 15864 MiB, 16384 MiB, 64.44 W, 62
2026/09/15 02:41:02.214, 1 %, 2 %, 15864 MiB, 16384 MiB, 63.23 W, 61
2026/09/15 02:41:03.217, 1 %, 2 %, 15864 MiB, 16384 MiB, 48.99 W, 60
2026/09/15 02:41:04.221, 1 %, 2 %, 15864 MiB, 16384 MiB, 48.84 W, 60
2026/09/15 02:41:05.224, 4 %, 4 %, 15864 MiB, 16384 MiB, 48.53 W, 60
2026/09/15 02:41:06.226, 4 %, 4 %, 15864 MiB, 16384 MiB, 52.65 W, 60
2026/09/15 02:41:07.229, 4 %, 5 %, 15864 MiB, 16384 MiB, 48.35 W, 60
2026/09/15 02:41:08.233, 1 %, 2 %, 15864 MiB, 16384 MiB, 48.57 W, 60
2026/09/15 02:41:09.235, 1 %, 2 %, 15864 MiB, 16384 MiB, 48.56 W, 60
2026/09/15 02:41:10.238, 1 %, 2 %, 15864 MiB, 16384 MiB, 48.55 W, 60
2026/09/15 02:41:11.240, 1 %, 2 %, 15864 MiB, 16384 MiB, 48.86 W, 59
2026/09/15 02:41:12.243, 1 %, 2 %, 15864 MiB, 16384 MiB, 48.97 W, 59
2026/09/15 02:41:13.245, 4 %, 4 %, 15864 MiB, 16384 MiB, 47.84 W, 59
2026/09/15 02:41:14.248, 4 %, 4 %, 15864 MiB, 16384 MiB, 51.97 W, 59
2026/09/15 02:41:15.251, 4 %, 5 %, 15864 MiB, 16384 MiB, 48.81 W, 59
2026/09/15 02:41:16.253, 1 %, 2 %, 15864 MiB, 16384 MiB, 48.34 W, 59
2026/09/15 02:41:17.256, 1 %, 2 %, 15864 MiB, 16384 MiB, 48.42 W, 59
2026/09/15 02:41:18.258, 2 %, 3 %, 15864 MiB, 16384 MiB, 48.49 W, 58
2026/09/15 02:41:19.261, 1 %, 3 %, 15864 MiB, 16384 MiB, 48.32 W, 58
2026/09/15 02:41:20.263, 1 %, 2 %, 15864 MiB, 16384 MiB, 48.27 W, 58
2026/09/15 02:41:21.266, 4 %, 4 %, 15864 MiB, 16384 MiB, 47.85 W, 58
2026/09/15 02:41:22.269, 5 %, 5 %, 15864 MiB, 16384 MiB, 52.04 W, 58
2026/09/15 02:41:23.271, 3 %, 2 %, 15864 MiB, 16384 MiB, 47.87 W, 58
2026/09/15 02:41:24.274, 100 %, 9 %, 15864 MiB, 16384 MiB, 61.88 W, 59
2026/09/15 02:41:25.276, 100 %, 7 %, 15864 MiB, 16384 MiB, 69.35 W, 59
2026/09/15 02:41:26.279, 100 %, 7 %, 15864 MiB, 16384 MiB, 69.14 W, 59
2026/09/15 02:41:27.281, 100 %, 9 %, 15864 MiB, 16384 MiB, 62.37 W, 59
2026/09/15 02:41:28.283, 100 %, 7 %, 15864 MiB, 16384 MiB, 69.33 W, 59
2026/09/15 02:41:29.286, 100 %, 7 %, 15864 MiB, 16384 MiB, 69.31 W, 59
2026/09/15 02:41:30.288, 4 %, 4 %, 15864 MiB, 16384 MiB, 61.13 W, 59
2026/09/15 02:41:31.291, 4 %, 4 %, 15864 MiB, 16384 MiB, 68.24 W, 58
2026/09/15 02:41:32.293, 1 %, 2 %, 15864 MiB, 16384 MiB, 48.76 W, 58
2026/09/15 02:41:33.296, 1 %, 2 %, 15864 MiB, 16384 MiB, 47.86 W, 58
2026/09/15 02:41:34.300, 1 %, 2 %, 15864 MiB, 16384 MiB, 47.92 W, 58
2026/09/15 02:41:35.306, 1 %, 2 %, 15864 MiB, 16384 MiB, 47.84 W, 58
2026/09/15 02:41:36.308, 2 %, 3 %, 15864 MiB, 16384 MiB, 48.10 W, 58
2026/09/15 02:41:37.311, 3 %, 4 %, 15864 MiB, 16384 MiB, 47.72 W, 58
2026/09/15 02:41:38.313, 4 %, 4 %, 15864 MiB, 16384 MiB, 51.16 W, 57
2026/09/15 02:41:39.317, 4 %, 4 %, 15864 MiB, 16384 MiB, 52.07 W, 57
2026/09/15 02:41:40.320, 1 %, 2 %, 15864 MiB, 16384 MiB, 48.02 W, 57
2026/09/15 02:41:41.322, 1 %, 2 %, 15864 MiB, 16384 MiB, 48.06 W, 57
2026/09/15 02:41:42.325, 1 %, 2 %, 15864 MiB, 16384 MiB, 48.09 W, 57
2026/09/15 02:41:43.328, 2 %, 3 %, 15864 MiB, 16384 MiB, 48.15 W, 57
2026/09/15 02:41:44.330, 1 %, 2 %, 15864 MiB, 16384 MiB, 48.11 W, 57
2026/09/15 02:41:45.333, 4 %, 5 %, 15864 MiB, 16384 MiB, 48.01 W, 57
2026/09/15 02:41:46.335, 4 %, 4 %, 15864 MiB, 16384 MiB, 51.88 W, 57
2026/09/15 02:41:47.338, 4 %, 5 %, 15864 MiB, 16384 MiB, 52.10 W, 57
2026/09/15 02:41:48.340, 1 %, 2 %, 15864 MiB, 16384 MiB, 47.94 W, 57
2026/09/15 02:41:49.343, 2 %, 3 %, 15864 MiB, 16384 MiB, 48.22 W, 57
2026/09/15 02:41:50.345, 2 %, 3 %, 15864 MiB, 16384 MiB, 48.03 W, 57
2026/09/15 02:41:51.348, 1 %, 2 %, 15864 MiB, 16384 MiB, 48.56 W, 57
2026/09/15 02:41:52.350, 54 %, 9 %, 15864 MiB, 16384 MiB, 58.25 W, 57
2026/09/15 02:41:53.353, 100 %, 7 %, 15864 MiB, 16384 MiB, 68.65 W, 57
2026/09/15 02:41:54.355, 100 %, 9 %, 15864 MiB, 16384 MiB, 62.03 W, 58
2026/09/15 02:41:55.361, 100 %, 7 %, 15864 MiB, 16384 MiB, 68.67 W, 58
2026/09/15 02:41:56.363, 100 %, 7 %, 15864 MiB, 16384 MiB, 68.57 W, 58
2026/09/15 02:41:57.366, 100 %, 9 %, 15864 MiB, 16384 MiB, 61.74 W, 58
2026/09/15 02:41:58.369, 1 %, 3 %, 15864 MiB, 16384 MiB, 61.00 W, 58
2026/09/15 02:41:59.372, 1 %, 2 %, 15864 MiB, 16384 MiB, 60.89 W, 58
2026/09/15 02:42:00.376, 4 %, 4 %, 15864 MiB, 16384 MiB, 47.45 W, 57
2026/09/15 02:42:01.379, 4 %, 4 %, 15864 MiB, 16384 MiB, 51.36 W, 57
2026/09/15 02:42:02.383, 1 %, 2 %, 15864 MiB, 16384 MiB, 47.71 W, 57
2026/09/15 02:42:03.386, 1 %, 2 %, 15864 MiB, 16384 MiB, 47.81 W, 57
2026/09/15 02:42:04.390, 1 %, 2 %, 15864 MiB, 16384 MiB, 47.74 W, 57
2026/09/15 02:42:05.393, 1 %, 2 %, 15864 MiB, 16384 MiB, 47.66 W, 57
2026/09/15 02:42:06.397, 1 %, 2 %, 15864 MiB, 16384 MiB, 47.58 W, 56
2026/09/15 02:42:07.400, 4 %, 4 %, 15864 MiB, 16384 MiB, 46.76 W, 56
2026/09/15 02:42:08.404, 4 %, 5 %, 15864 MiB, 16384 MiB, 47.55 W, 56
2026/09/15 02:42:09.407, 1 %, 2 %, 15864 MiB, 16384 MiB, 47.61 W, 56
2026/09/15 02:42:10.410, 1 %, 2 %, 15864 MiB, 16384 MiB, 47.49 W, 56
2026/09/15 02:42:11.414, 1 %, 2 %, 15864 MiB, 16384 MiB, 47.68 W, 56
2026/09/15 02:42:12.417, 1 %, 2 %, 15864 MiB, 16384 MiB, 47.88 W, 56
2026/09/15 02:42:13.420, 1 %, 2 %, 15864 MiB, 16384 MiB, 47.62 W, 56
2026/09/15 02:42:14.422, 4 %, 4 %, 15864 MiB, 16384 MiB, 46.60 W, 56
2026/09/15 02:42:15.427, 4 %, 4 %, 15864 MiB, 16384 MiB, 50.82 W, 56
2026/09/15 02:42:16.429, 1 %, 2 %, 15864 MiB, 16384 MiB, 47.08 W, 56
2026/09/15 02:42:17.432, 1 %, 2 %, 15864 MiB, 16384 MiB, 47.04 W, 56
2026/09/15 02:42:18.434, 1 %, 2 %, 15864 MiB, 16384 MiB, 46.88 W, 56
2026/09/15 02:42:19.437, 2 %, 3 %, 15864 MiB, 16384 MiB, 47.26 W, 56
2026/09/15 02:42:20.440, 1 %, 2 %, 15864 MiB, 16384 MiB, 47.12 W, 56
2026/09/15 02:42:21.442, 100 %, 7 %, 15864 MiB, 16384 MiB, 69.59 W, 57
2026/09/15 02:42:22.445, 100 %, 9 %, 15864 MiB, 16384 MiB, 67.83 W, 57
2026/09/15 02:42:23.447, 100 %, 7 %, 15864 MiB, 16384 MiB, 65.05 W, 57
2026/09/15 02:42:24.450, 100 %, 7 %, 15864 MiB, 16384 MiB, 69.17 W, 57
2026/09/15 02:42:25.452, 100 %, 9 %, 15864 MiB, 16384 MiB, 65.38 W, 57
2026/09/15 02:42:26.454, 100 %, 7 %, 15864 MiB, 16384 MiB, 67.06 W, 57
2026/09/15 02:42:27.456, 1 %, 2 %, 15864 MiB, 16384 MiB, 61.92 W, 57
2026/09/15 02:42:28.459, 1 %, 2 %, 15864 MiB, 16384 MiB, 47.42 W, 56
2026/09/15 02:42:29.461, 1 %, 2 %, 15864 MiB, 16384 MiB, 47.80 W, 56
2026/09/15 02:42:30.464, 4 %, 5 %, 15864 MiB, 16384 MiB, 47.57 W, 56
2026/09/15 02:42:31.466, 4 %, 4 %, 15864 MiB, 16384 MiB, 51.28 W, 56
2026/09/15 02:42:32.469, 4 %, 4 %, 15864 MiB, 16384 MiB, 52.06 W, 56
2026/09/15 02:42:33.471, 1 %, 2 %, 15864 MiB, 16384 MiB, 47.91 W, 56
2026/09/15 02:42:34.474, 1 %, 2 %, 15864 MiB, 16384 MiB, 47.47 W, 56
2026/09/15 02:42:35.477, 1 %, 2 %, 15864 MiB, 16384 MiB, 47.50 W, 56
2026/09/15 02:42:36.479, 1 %, 2 %, 15864 MiB, 16384 MiB, 47.31 W, 56
2026/09/15 02:42:37.482, 1 %, 2 %, 15864 MiB, 16384 MiB, 47.53 W, 56
2026/09/15 02:42:38.484, 5 %, 5 %, 15864 MiB, 16384 MiB, 47.52 W, 56
2026/09/15 02:42:39.487, 4 %, 4 %, 15864 MiB, 16384 MiB, 46.61 W, 56
2026/09/15 02:42:40.490, 4 %, 4 %, 15864 MiB, 16384 MiB, 51.19 W, 56
2026/09/15 02:42:41.492, 1 %, 2 %, 15864 MiB, 16384 MiB, 46.76 W, 56
2026/09/15 02:42:42.495, 1 %, 2 %, 15864 MiB, 16384 MiB, 47.31 W, 56
2026/09/15 02:42:43.497, 2 %, 3 %, 15864 MiB, 16384 MiB, 47.13 W, 56
2026/09/15 02:42:44.500, 1 %, 2 %, 15864 MiB, 16384 MiB, 47.18 W, 56
2026/09/15 02:42:45.502, 1 %, 2 %, 15864 MiB, 16384 MiB, 47.32 W, 56
2026/09/15 02:42:46.505, 4 %, 5 %, 15864 MiB, 16384 MiB, 47.19 W, 56
2026/09/15 02:42:47.507, 5 %, 5 %, 15864 MiB, 16384 MiB, 50.24 W, 55
2026/09/15 02:42:48.510, 4 %, 4 %, 15864 MiB, 16384 MiB, 51.14 W, 56
2026/09/15 02:42:49.513, 100 %, 9 %, 15864 MiB, 16384 MiB, 69.19 W, 56
2026/09/15 02:42:50.516, 100 %, 7 %, 15864 MiB, 16384 MiB, 62.44 W, 57
2026/09/15 02:42:51.520, 100 %, 7 %, 15864 MiB, 16384 MiB, 69.47 W, 57
2026/09/15 02:42:52.523, 100 %, 9 %, 15864 MiB, 16384 MiB, 70.87 W, 57
2026/09/15 02:42:53.527, 100 %, 7 %, 15864 MiB, 16384 MiB, 63.73 W, 57
2026/09/15 02:42:54.530, 100 %, 7 %, 15864 MiB, 16384 MiB, 69.71 W, 57
2026/09/15 02:42:55.533, 1 %, 2 %, 15864 MiB, 16384 MiB, 61.55 W, 57
2026/09/15 02:42:56.537, 4 %, 4 %, 15864 MiB, 16384 MiB, 59.49 W, 56
2026/09/15 02:42:57.540, 3 %, 3 %, 15864 MiB, 16384 MiB, 46.67 W, 56
2026/09/15 02:42:58.544, 1 %, 2 %, 15864 MiB, 16384 MiB, 47.03 W, 56
2026/09/15 02:42:59.547, 1 %, 2 %, 15864 MiB, 16384 MiB, 46.95 W, 56
2026/09/15 02:43:00.550, 1 %, 2 %, 15864 MiB, 16384 MiB, 46.85 W, 56
2026/09/15 02:43:01.554, 1 %, 3 %, 15864 MiB, 16384 MiB, 47.15 W, 56
2026/09/15 02:43:02.557, 1 %, 2 %, 15864 MiB, 16384 MiB, 46.81 W, 56
2026/09/15 02:43:03.561, 4 %, 5 %, 15864 MiB, 16384 MiB, 47.08 W, 56
2026/09/15 02:43:04.565, 4 %, 4 %, 15864 MiB, 16384 MiB, 50.82 W, 56
2026/09/15 02:43:05.568, 4 %, 4 %, 15864 MiB, 16384 MiB, 50.69 W, 56
2026/09/15 02:43:06.572, 1 %, 2 %, 15864 MiB, 16384 MiB, 47.05 W, 56
2026/09/15 02:43:07.575, 1 %, 2 %, 15864 MiB, 16384 MiB, 46.81 W, 56
2026/09/15 02:43:08.579, 2 %, 3 %, 15864 MiB, 16384 MiB, 46.91 W, 55
2026/09/15 02:43:09.582, 1 %, 2 %, 15864 MiB, 16384 MiB, 46.99 W, 55
2026/09/15 02:43:10.586, 1 %, 2 %, 15864 MiB, 16384 MiB, 47.07 W, 55
2026/09/15 02:43:11.590, 5 %, 5 %, 15864 MiB, 16384 MiB, 46.87 W, 55
2026/09/15 02:43:12.593, 4 %, 5 %, 15864 MiB, 16384 MiB, 51.27 W, 55
2026/09/15 02:43:13.597, 4 %, 4 %, 15864 MiB, 16384 MiB, 51.12 W, 55
2026/09/15 02:43:14.600, 2 %, 3 %, 15864 MiB, 16384 MiB, 46.97 W, 56
2026/09/15 02:43:15.604, 2 %, 3 %, 15864 MiB, 16384 MiB, 47.08 W, 55
2026/09/15 02:43:16.611, 1 %, 2 %, 15864 MiB, 16384 MiB, 46.94 W, 55
2026/09/15 02:43:17.613, 100 %, 6 %, 15864 MiB, 16384 MiB, 47.42 W, 56
2026/09/15 02:43:18.615, 100 %, 6 %, 15864 MiB, 16384 MiB, 67.45 W, 56
2026/09/15 02:43:19.618, 100 %, 9 %, 15864 MiB, 16384 MiB, 67.64 W, 56
2026/09/15 02:43:20.620, 100 %, 6 %, 15864 MiB, 16384 MiB, 62.11 W, 56
2026/09/15 02:43:21.623, 100 %, 6 %, 15864 MiB, 16384 MiB, 67.89 W, 57
2026/09/15 02:43:22.627, 100 %, 6 %, 15864 MiB, 16384 MiB, 67.59 W, 57
2026/09/15 02:43:23.630, 3 %, 4 %, 15864 MiB, 16384 MiB, 65.23 W, 57
2026/09/15 02:43:24.633, 1 %, 2 %, 15864 MiB, 16384 MiB, 60.71 W, 57
2026/09/15 02:43:25.636, 1 %, 2 %, 15864 MiB, 16384 MiB, 46.54 W, 56
2026/09/15 02:43:26.640, 1 %, 2 %, 15864 MiB, 16384 MiB, 46.74 W, 56
2026/09/15 02:43:27.643, 1 %, 3 %, 15864 MiB, 16384 MiB, 46.68 W, 56
2026/09/15 02:43:28.646, 1 %, 2 %, 15864 MiB, 16384 MiB, 46.86 W, 56
2026/09/15 02:43:29.650, 4 %, 5 %, 15864 MiB, 16384 MiB, 46.91 W, 56
2026/09/15 02:43:30.653, 4 %, 4 %, 15864 MiB, 16384 MiB, 46.47 W, 56
2026/09/15 02:43:31.656, 3 %, 4 %, 15864 MiB, 16384 MiB, 49.67 W, 56
2026/09/15 02:43:32.659, 1 %, 2 %, 15864 MiB, 16384 MiB, 46.61 W, 56
2026/09/15 02:43:33.662, 1 %, 2 %, 15864 MiB, 16384 MiB, 47.29 W, 56
2026/09/15 02:43:34.665, 1 %, 2 %, 15864 MiB, 16384 MiB, 47.02 W, 55
2026/09/15 02:43:35.668, 1 %, 2 %, 15864 MiB, 16384 MiB, 46.53 W, 55
2026/09/15 02:43:36.672, 1 %, 2 %, 15864 MiB, 16384 MiB, 46.99 W, 55
2026/09/15 02:43:37.675, 3 %, 4 %, 15864 MiB, 16384 MiB, 46.46 W, 55
2026/09/15 02:43:38.678, 4 %, 4 %, 15864 MiB, 16384 MiB, 49.57 W, 55
2026/09/15 02:43:39.682, 3 %, 4 %, 15864 MiB, 16384 MiB, 49.49 W, 55
2026/09/15 02:43:40.685, 4 %, 5 %, 15864 MiB, 16384 MiB, 48.37 W, 55
2026/09/15 02:43:41.688, 1 %, 2 %, 15864 MiB, 16384 MiB, 46.61 W, 55
2026/09/15 02:43:42.692, 2 %, 3 %, 15864 MiB, 16384 MiB, 46.91 W, 55
2026/09/15 02:43:43.695, 2 %, 3 %, 15864 MiB, 16384 MiB, 47.07 W, 55
2026/09/15 02:43:44.699, 1 %, 2 %, 15864 MiB, 16384 MiB, 46.64 W, 55
2026/09/15 02:43:45.702, 100 %, 9 %, 15864 MiB, 16384 MiB, 88.65 W, 57
2026/09/15 02:43:46.707, 100 %, 0 %, 15864 MiB, 16384 MiB, 122.80 W, 61
2026/09/15 02:43:47.710, 100 %, 9 %, 15864 MiB, 16384 MiB, 113.85 W, 59
2026/09/15 02:43:48.712, 100 %, 0 %, 15864 MiB, 16384 MiB, 119.11 W, 62
2026/09/15 02:43:49.718, 100 %, 19 %, 15864 MiB, 16384 MiB, 99.18 W, 60
2026/09/15 02:43:50.720, 100 %, 0 %, 15864 MiB, 16384 MiB, 120.58 W, 60
2026/09/15 02:43:51.722, 100 %, 29 %, 15864 MiB, 16384 MiB, 59.00 W, 60
2026/09/15 02:43:52.724, 100 %, 0 %, 15864 MiB, 16384 MiB, 120.77 W, 61
2026/09/15 02:43:53.727, 100 %, 39 %, 15864 MiB, 16384 MiB, 57.80 W, 60
2026/09/15 02:43:54.732, 100 %, 0 %, 15864 MiB, 16384 MiB, 120.76 W, 61
2026/09/15 02:43:55.734, 100 %, 53 %, 15864 MiB, 16384 MiB, 100.85 W, 60
2026/09/15 02:43:56.737, 100 %, 0 %, 15864 MiB, 16384 MiB, 120.18 W, 62
2026/09/15 02:43:57.739, 100 %, 55 %, 15864 MiB, 16384 MiB, 134.11 W, 61
2026/09/15 02:43:58.745, 100 %, 0 %, 15864 MiB, 16384 MiB, 119.30 W, 62
2026/09/15 02:43:59.747, 100 %, 55 %, 15864 MiB, 16384 MiB, 180.21 W, 63
2026/09/15 02:44:00.750, 100 %, 25 %, 15864 MiB, 16384 MiB, 120.51 W, 63
2026/09/15 02:44:01.752, 100 %, 0 %, 15864 MiB, 16384 MiB, 170.93 W, 66
2026/09/15 02:44:02.757, 100 %, 38 %, 15864 MiB, 16384 MiB, 131.53 W, 63
2026/09/15 02:44:03.759, 100 %, 0 %, 15864 MiB, 16384 MiB, 121.73 W, 66
2026/09/15 02:44:04.762, 100 %, 54 %, 15864 MiB, 16384 MiB, 109.24 W, 64
2026/09/15 02:44:05.764, 100 %, 0 %, 15864 MiB, 16384 MiB, 121.69 W, 68
2026/09/15 02:44:06.768, 100 %, 54 %, 15864 MiB, 16384 MiB, 61.50 W, 64
2026/09/15 02:44:07.772, 100 %, 0 %, 15864 MiB, 16384 MiB, 121.32 W, 65
2026/09/15 02:44:08.774, 100 %, 52 %, 15864 MiB, 16384 MiB, 58.68 W, 65
2026/09/15 02:44:09.776, 100 %, 6 %, 15864 MiB, 16384 MiB, 120.13 W, 65
2026/09/15 02:44:10.778, 100 %, 44 %, 15864 MiB, 16384 MiB, 118.03 W, 64
2026/09/15 02:44:11.784, 2 %, 3 %, 15864 MiB, 16384 MiB, 63.19 W, 64
2026/09/15 02:44:12.788, 1 %, 2 %, 15864 MiB, 16384 MiB, 63.64 W, 64
2026/09/15 02:44:13.790, 31 %, 25 %, 15864 MiB, 16384 MiB, 64.24 W, 64
2026/09/15 02:44:14.793, 70 %, 55 %, 15864 MiB, 16384 MiB, 62.55 W, 64
2026/09/15 02:44:15.795, 100 %, 39 %, 15864 MiB, 16384 MiB, 109.27 W, 65
2026/09/15 02:44:16.797, 100 %, 0 %, 15864 MiB, 16384 MiB, 248.88 W, 67
2026/09/15 02:44:17.802, 100 %, 0 %, 15864 MiB, 16384 MiB, 178.63 W, 69
2026/09/15 02:44:18.806, 100 %, 0 %, 15864 MiB, 16384 MiB, 123.71 W, 66
2026/09/15 02:44:19.809, 95 %, 5 %, 15864 MiB, 16384 MiB, 120.76 W, 66
2026/09/15 02:44:20.812, 58 %, 5 %, 15864 MiB, 16384 MiB, 120.76 W, 66
2026/09/15 02:44:21.814, 18 %, 6 %, 15864 MiB, 16384 MiB, 117.98 W, 66
2026/09/15 02:44:22.816, 1 %, 2 %, 15864 MiB, 16384 MiB, 120.37 W, 66
2026/09/15 02:44:23.818, 1 %, 2 %, 15864 MiB, 16384 MiB, 64.13 W, 65
2026/09/15 02:44:24.821, 1 %, 2 %, 15864 MiB, 16384 MiB, 63.70 W, 65
2026/09/15 02:44:25.823, 1 %, 2 %, 15864 MiB, 16384 MiB, 63.94 W, 65
2026/09/15 02:44:26.826, 12 %, 10 %, 15864 MiB, 16384 MiB, 64.02 W, 65
2026/09/15 02:44:27.828, 40 %, 31 %, 15864 MiB, 16384 MiB, 63.54 W, 65
2026/09/15 02:44:28.831, 74 %, 46 %, 15864 MiB, 16384 MiB, 62.17 W, 66
2026/09/15 02:44:29.833, 100 %, 49 %, 15864 MiB, 16384 MiB, 247.01 W, 66
2026/09/15 02:44:30.836, 100 %, 21 %, 15864 MiB, 16384 MiB, 219.09 W, 68
2026/09/15 02:44:31.838, 100 %, 0 %, 15864 MiB, 16384 MiB, 124.44 W, 70
2026/09/15 02:44:32.842, 100 %, 0 %, 15864 MiB, 16384 MiB, 124.65 W, 67
2026/09/15 02:44:33.844, 100 %, 0 %, 15864 MiB, 16384 MiB, 124.75 W, 67
2026/09/15 02:44:34.846, 79 %, 5 %, 15864 MiB, 16384 MiB, 123.60 W, 67
2026/09/15 02:44:35.849, 42 %, 5 %, 15864 MiB, 16384 MiB, 140.77 W, 67
2026/09/15 02:44:36.851, 6 %, 5 %, 15864 MiB, 16384 MiB, 98.96 W, 67
2026/09/15 02:44:37.854, 1 %, 2 %, 15864 MiB, 16384 MiB, 64.91 W, 68
2026/09/15 02:44:38.856, 1 %, 2 %, 15864 MiB, 16384 MiB, 64.73 W, 66
2026/09/15 02:44:39.859, 1 %, 2 %, 15864 MiB, 16384 MiB, 64.35 W, 66
2026/09/15 02:44:40.861, 1 %, 2 %, 15864 MiB, 16384 MiB, 63.94 W, 66
2026/09/15 02:44:41.864, 22 %, 16 %, 15864 MiB, 16384 MiB, 61.75 W, 66
2026/09/15 02:44:42.866, 67 %, 54 %, 15864 MiB, 16384 MiB, 103.93 W, 67
2026/09/15 02:44:43.869, 100 %, 47 %, 15864 MiB, 16384 MiB, 232.56 W, 68
2026/09/15 02:44:44.873, 100 %, 21 %, 15864 MiB, 16384 MiB, 214.67 W, 70
2026/09/15 02:44:45.879, 100 %, 0 %, 15864 MiB, 16384 MiB, 123.51 W, 71
2026/09/15 02:44:46.884, 100 %, 0 %, 15864 MiB, 16384 MiB, 122.64 W, 68
2026/09/15 02:44:47.886, 100 %, 0 %, 15864 MiB, 16384 MiB, 124.96 W, 68
2026/09/15 02:44:48.889, 70 %, 6 %, 15864 MiB, 16384 MiB, 124.29 W, 68
2026/09/15 02:44:49.892, 22 %, 6 %, 15864 MiB, 16384 MiB, 117.38 W, 68
2026/09/15 02:44:50.894, 1 %, 2 %, 15864 MiB, 16384 MiB, 88.30 W, 68
2026/09/15 02:44:51.906, 1 %, 2 %, 15864 MiB, 16384 MiB, 65.12 W, 67
2026/09/15 02:44:52.909, 2 %, 3 %, 15864 MiB, 16384 MiB, 65.02 W, 67
2026/09/15 02:44:53.911, 2 %, 3 %, 15864 MiB, 16384 MiB, 65.89 W, 67
2026/09/15 02:44:54.915, 4 %, 4 %, 15864 MiB, 16384 MiB, 66.04 W, 67
2026/09/15 02:44:55.917, 43 %, 32 %, 15864 MiB, 16384 MiB, 61.25 W, 67
2026/09/15 02:44:56.920, 100 %, 57 %, 15864 MiB, 16384 MiB, 178.44 W, 68
2026/09/15 02:44:57.922, 100 %, 80 %, 15864 MiB, 16384 MiB, 175.54 W, 69
2026/09/15 02:44:58.925, 100 %, 76 %, 15864 MiB, 16384 MiB, 186.10 W, 69
2026/09/15 02:44:59.929, 100 %, 77 %, 15864 MiB, 16384 MiB, 165.86 W, 70
2026/09/15 02:45:00.952, 100 %, 75 %, 15864 MiB, 16384 MiB, 196.14 W, 69
2026/09/15 02:45:01.954, 100 %, 71 %, 15864 MiB, 16384 MiB, 199.95 W, 70
2026/09/15 02:45:02.957, 100 %, 70 %, 15864 MiB, 16384 MiB, 204.97 W, 71
2026/09/15 02:45:03.961, 100 %, 69 %, 15864 MiB, 16384 MiB, 200.88 W, 72
2026/09/15 02:45:04.967, 100 %, 60 %, 15864 MiB, 16384 MiB, 188.65 W, 72
2026/09/15 02:45:05.989, 100 %, 62 %, 15864 MiB, 16384 MiB, 209.43 W, 72
2026/09/15 02:45:06.992, 100 %, 61 %, 15864 MiB, 16384 MiB, 207.59 W, 72
2026/09/15 02:45:07.996, 100 %, 54 %, 15864 MiB, 16384 MiB, 218.63 W, 72
2026/09/15 02:45:09.002, 100 %, 44 %, 15864 MiB, 16384 MiB, 241.42 W, 72
2026/09/15 02:45:10.007, 100 %, 48 %, 15864 MiB, 16384 MiB, 245.35 W, 72
2026/09/15 02:45:11.014, 100 %, 43 %, 15864 MiB, 16384 MiB, 263.61 W, 72
2026/09/15 02:45:12.020, 100 %, 32 %, 15864 MiB, 16384 MiB, 246.29 W, 73
2026/09/15 02:45:13.025, 100 %, 34 %, 15864 MiB, 16384 MiB, 245.65 W, 73
2026/09/15 02:45:14.028, 100 %, 28 %, 15864 MiB, 16384 MiB, 233.07 W, 73
2026/09/15 02:45:15.031, 100 %, 21 %, 15864 MiB, 16384 MiB, 230.33 W, 73
2026/09/15 02:45:16.033, 100 %, 17 %, 15864 MiB, 16384 MiB, 216.45 W, 74
2026/09/15 02:45:17.040, 100 %, 10 %, 15864 MiB, 16384 MiB, 208.15 W, 74
2026/09/15 02:45:18.044, 100 %, 1 %, 15864 MiB, 16384 MiB, 155.24 W, 73
2026/09/15 02:45:19.047, 100 %, 0 %, 15864 MiB, 16384 MiB, 125.52 W, 71
2026/09/15 02:45:20.050, 100 %, 0 %, 15864 MiB, 16384 MiB, 125.82 W, 71
2026/09/15 02:45:21.053, 100 %, 0 %, 15864 MiB, 16384 MiB, 125.68 W, 71
2026/09/15 02:45:22.055, 100 %, 0 %, 15864 MiB, 16384 MiB, 125.95 W, 71
2026/09/15 02:45:23.057, 100 %, 0 %, 15864 MiB, 16384 MiB, 125.50 W, 71
2026/09/15 02:45:24.060, 100 %, 0 %, 15864 MiB, 16384 MiB, 125.60 W, 71
2026/09/15 02:45:25.062, 100 %, 0 %, 15864 MiB, 16384 MiB, 126.06 W, 71
2026/09/15 02:45:26.064, 100 %, 0 %, 15864 MiB, 16384 MiB, 125.36 W, 71
2026/09/15 02:45:27.067, 100 %, 0 %, 15864 MiB, 16384 MiB, 125.93 W, 71
2026/09/15 02:45:28.070, 100 %, 0 %, 15864 MiB, 16384 MiB, 125.46 W, 71
2026/09/15 02:45:29.072, 100 %, 0 %, 15864 MiB, 16384 MiB, 125.77 W, 72
2026/09/15 02:45:30.074, 100 %, 0 %, 15864 MiB, 16384 MiB, 124.57 W, 72
2026/09/15 02:45:31.077, 100 %, 0 %, 15864 MiB, 16384 MiB, 125.08 W, 72
2026/09/15 02:45:32.079, 100 %, 0 %, 15864 MiB, 16384 MiB, 124.97 W, 72
2026/09/15 02:45:33.081, 100 %, 0 %, 15864 MiB, 16384 MiB, 124.60 W, 72
2026/09/15 02:45:34.084, 100 %, 0 %, 15864 MiB, 16384 MiB, 126.41 W, 72
2026/09/15 02:45:35.086, 100 %, 0 %, 15864 MiB, 16384 MiB, 124.09 W, 72
2026/09/15 02:45:36.089, 1 %, 2 %, 15864 MiB, 16384 MiB, 67.68 W, 73
2026/09/15 02:45:37.091, 95 %, 79 %, 15864 MiB, 16384 MiB, 64.45 W, 70
2026/09/15 02:45:38.094, 100 %, 0 %, 15864 MiB, 16384 MiB, 126.08 W, 72
2026/09/15 02:45:39.096, 26 %, 8 %, 15864 MiB, 16384 MiB, 120.91 W, 71
2026/09/15 02:45:40.099, 10 %, 10 %, 15864 MiB, 16384 MiB, 66.67 W, 70
2026/09/15 02:45:41.101, 100 %, 0 %, 15864 MiB, 16384 MiB, 213.95 W, 75
2026/09/15 02:45:42.107, 98 %, 6 %, 15864 MiB, 16384 MiB, 125.92 W, 71
2026/09/15 02:45:43.109, 1 %, 2 %, 15864 MiB, 16384 MiB, 66.80 W, 70
2026/09/15 02:45:44.112, 100 %, 35 %, 15864 MiB, 16384 MiB, 254.32 W, 72
2026/09/15 02:45:45.114, 100 %, 0 %, 15864 MiB, 16384 MiB, 123.01 W, 71
2026/09/15 02:45:46.116, 1 %, 2 %, 15864 MiB, 16384 MiB, 67.06 W, 71
2026/09/15 02:45:47.119, 66 %, 60 %, 15864 MiB, 16384 MiB, 86.33 W, 70
2026/09/15 02:45:48.121, 100 %, 0 %, 15864 MiB, 16384 MiB, 126.31 W, 71
2026/09/15 02:45:49.123, 55 %, 7 %, 15864 MiB, 16384 MiB, 124.95 W, 71
2026/09/15 02:45:50.127, 1 %, 2 %, 15864 MiB, 16384 MiB, 66.71 W, 70
2026/09/15 02:45:51.130, 100 %, 2 %, 15864 MiB, 16384 MiB, 172.98 W, 73
2026/09/15 02:45:52.132, 100 %, 0 %, 15864 MiB, 16384 MiB, 123.13 W, 71
2026/09/15 02:45:53.135, 1 %, 2 %, 15864 MiB, 16384 MiB, 67.01 W, 69
2026/09/15 02:45:54.137, 91 %, 77 %, 15864 MiB, 16384 MiB, 151.90 W, 70
2026/09/15 02:45:55.139, 100 %, 0 %, 15864 MiB, 16384 MiB, 125.47 W, 71
2026/09/15 02:45:56.142, 45 %, 7 %, 15864 MiB, 16384 MiB, 150.69 W, 71
2026/09/15 02:45:57.144, 1 %, 2 %, 15864 MiB, 16384 MiB, 67.58 W, 69
2026/09/15 02:45:58.146, 100 %, 0 %, 15864 MiB, 16384 MiB, 159.20 W, 73
2026/09/15 02:45:59.149, 100 %, 0 %, 15864 MiB, 16384 MiB, 123.01 W, 71
2026/09/15 02:46:00.152, 1 %, 2 %, 15864 MiB, 16384 MiB, 66.80 W, 69
2026/09/15 02:46:01.154, 98 %, 75 %, 15864 MiB, 16384 MiB, 173.95 W, 70
2026/09/15 02:46:02.158, 100 %, 0 %, 15864 MiB, 16384 MiB, 125.67 W, 71
2026/09/15 02:46:03.161, 13 %, 8 %, 15864 MiB, 16384 MiB, 122.78 W, 70
2026/09/15 02:46:04.163, 22 %, 21 %, 15864 MiB, 16384 MiB, 65.21 W, 69
2026/09/15 02:46:05.166, 100 %, 0 %, 15864 MiB, 16384 MiB, 125.86 W, 71
2026/09/15 02:46:06.168, 98 %, 6 %, 15864 MiB, 16384 MiB, 121.14 W, 70
2026/09/15 02:46:07.170, 1 %, 2 %, 15864 MiB, 16384 MiB, 66.19 W, 69
2026/09/15 02:46:08.173, 100 %, 43 %, 15864 MiB, 16384 MiB, 241.80 W, 73
2026/09/15 02:46:09.178, 100 %, 0 %, 15864 MiB, 16384 MiB, 124.65 W, 70
2026/09/15 02:46:10.181, 1 %, 2 %, 15864 MiB, 16384 MiB, 65.67 W, 71
2026/09/15 02:46:11.185, 44 %, 40 %, 15864 MiB, 16384 MiB, 63.04 W, 69
2026/09/15 02:46:12.187, 100 %, 0 %, 15864 MiB, 16384 MiB, 125.82 W, 70
2026/09/15 02:46:13.189, 91 %, 5 %, 15864 MiB, 16384 MiB, 116.91 W, 70
2026/09/15 02:46:14.192, 1 %, 2 %, 15864 MiB, 16384 MiB, 61.38 W, 69
2026/09/15 02:46:15.194, 100 %, 40 %, 15864 MiB, 16384 MiB, 249.43 W, 72
2026/09/15 02:46:16.200, 100 %, 0 %, 15864 MiB, 16384 MiB, 123.11 W, 70
2026/09/15 02:46:17.202, 1 %, 2 %, 15864 MiB, 16384 MiB, 66.96 W, 69
2026/09/15 02:46:18.205, 52 %, 46 %, 15864 MiB, 16384 MiB, 63.51 W, 69
2026/09/15 02:46:19.207, 100 %, 0 %, 15864 MiB, 16384 MiB, 125.36 W, 70
2026/09/15 02:46:20.209, 75 %, 6 %, 15864 MiB, 16384 MiB, 117.29 W, 70
2026/09/15 02:46:21.212, 2 %, 3 %, 15864 MiB, 16384 MiB, 66.54 W, 69
2026/09/15 02:46:22.214, 100 %, 11 %, 15864 MiB, 16384 MiB, 125.62 W, 74
2026/09/15 02:46:23.219, 100 %, 0 %, 15864 MiB, 16384 MiB, 122.18 W, 70
2026/09/15 02:46:24.222, 1 %, 2 %, 15864 MiB, 16384 MiB, 66.27 W, 69
2026/09/15 02:46:25.225, 76 %, 70 %, 15864 MiB, 16384 MiB, 207.01 W, 70
2026/09/15 02:46:26.227, 100 %, 0 %, 15864 MiB, 16384 MiB, 125.74 W, 70
2026/09/15 02:46:27.230, 51 %, 6 %, 15864 MiB, 16384 MiB, 110.63 W, 70
2026/09/15 02:46:28.232, 1 %, 2 %, 15864 MiB, 16384 MiB, 63.67 W, 69
2026/09/15 02:46:29.234, 100 %, 0 %, 15864 MiB, 16384 MiB, 125.38 W, 70
2026/09/15 02:46:30.237, 25 %, 8 %, 15864 MiB, 16384 MiB, 120.09 W, 70
2026/09/15 02:46:31.239, 11 %, 10 %, 15864 MiB, 16384 MiB, 66.12 W, 69
2026/09/15 02:46:32.242, 100 %, 0 %, 15864 MiB, 16384 MiB, 243.85 W, 72
2026/09/15 02:46:33.245, 100 %, 0 %, 15864 MiB, 16384 MiB, 126.09 W, 70
2026/09/15 02:46:34.247, 1 %, 2 %, 15864 MiB, 16384 MiB, 66.31 W, 71
2026/09/15 02:46:35.250, 100 %, 60 %, 15864 MiB, 16384 MiB, 81.94 W, 69
2026/09/15 02:46:36.255, 100 %, 7 %, 15864 MiB, 16384 MiB, 73.72 W, 68
2026/09/15 02:46:37.257, 100 %, 9 %, 15864 MiB, 16384 MiB, 68.57 W, 68
2026/09/15 02:46:38.259, 100 %, 7 %, 15864 MiB, 16384 MiB, 68.66 W, 68
2026/09/15 02:46:39.262, 100 %, 7 %, 15864 MiB, 16384 MiB, 72.17 W, 68
2026/09/15 02:46:40.264, 100 %, 9 %, 15864 MiB, 16384 MiB, 72.04 W, 67
2026/09/15 02:46:41.268, 2 %, 3 %, 15864 MiB, 16384 MiB, 65.48 W, 67
2026/09/15 02:46:42.270, 4 %, 4 %, 15864 MiB, 16384 MiB, 65.28 W, 67
2026/09/15 02:46:43.273, 4 %, 4 %, 15864 MiB, 16384 MiB, 50.49 W, 66
2026/09/15 02:46:44.276, 1 %, 2 %, 15864 MiB, 16384 MiB, 54.17 W, 66
2026/09/15 02:46:45.278, 1 %, 2 %, 15864 MiB, 16384 MiB, 54.10 W, 65
2026/09/15 02:46:46.281, 1 %, 2 %, 15864 MiB, 16384 MiB, 50.24 W, 65
2026/09/15 02:46:47.283, 2 %, 3 %, 15864 MiB, 16384 MiB, 50.01 W, 65
2026/09/15 02:46:48.286, 1 %, 2 %, 15864 MiB, 16384 MiB, 50.01 W, 65
2026/09/15 02:46:49.289, 4 %, 4 %, 15864 MiB, 16384 MiB, 50.01 W, 64
2026/09/15 02:46:50.291, 4 %, 4 %, 15864 MiB, 16384 MiB, 49.98 W, 64
2026/09/15 02:46:51.294, 4 %, 5 %, 15864 MiB, 16384 MiB, 49.82 W, 64
2026/09/15 02:46:52.296, 1 %, 2 %, 15864 MiB, 16384 MiB, 53.57 W, 64
2026/09/15 02:46:53.299, 1 %, 2 %, 15864 MiB, 16384 MiB, 53.91 W, 64
2026/09/15 02:46:54.301, 1 %, 2 %, 15864 MiB, 16384 MiB, 49.93 W, 63
2026/09/15 02:46:55.304, 1 %, 2 %, 15864 MiB, 16384 MiB, 49.82 W, 63
2026/09/15 02:46:56.307, 4 %, 4 %, 15864 MiB, 16384 MiB, 50.64 W, 63
2026/09/15 02:46:57.309, 4 %, 4 %, 15864 MiB, 16384 MiB, 50.44 W, 63
2026/09/15 02:46:58.312, 4 %, 5 %, 15864 MiB, 16384 MiB, 49.55 W, 62
2026/09/15 02:46:59.314, 2 %, 3 %, 15864 MiB, 16384 MiB, 52.97 W, 62
2026/09/15 02:47:00.317, 1 %, 2 %, 15864 MiB, 16384 MiB, 49.42 W, 62
2026/09/15 02:47:01.319, 1 %, 2 %, 15864 MiB, 16384 MiB, 49.78 W, 62
2026/09/15 02:47:02.322, 2 %, 3 %, 15864 MiB, 16384 MiB, 49.73 W, 62
2026/09/15 02:47:03.325, 2 %, 3 %, 15864 MiB, 16384 MiB, 49.64 W, 62
2026/09/15 02:47:04.329, 100 %, 9 %, 15864 MiB, 16384 MiB, 70.88 W, 62
2026/09/15 02:47:05.332, 100 %, 7 %, 15864 MiB, 16384 MiB, 64.62 W, 63
2026/09/15 02:47:06.335, 100 %, 7 %, 15864 MiB, 16384 MiB, 71.04 W, 62
2026/09/15 02:47:07.339, 100 %, 9 %, 15864 MiB, 16384 MiB, 70.95 W, 62
2026/09/15 02:47:08.342, 100 %, 7 %, 15864 MiB, 16384 MiB, 64.65 W, 62
2026/09/15 02:47:09.345, 100 %, 7 %, 15864 MiB, 16384 MiB, 68.76 W, 62
2026/09/15 02:47:10.349, 1 %, 2 %, 15864 MiB, 16384 MiB, 63.53 W, 62
2026/09/15 02:47:11.352, 1 %, 2 %, 15864 MiB, 16384 MiB, 49.16 W, 61
2026/09/15 02:47:12.356, 1 %, 2 %, 15864 MiB, 16384 MiB, 49.15 W, 61
2026/09/15 02:47:13.359, 4 %, 5 %, 15864 MiB, 16384 MiB, 49.48 W, 61
2026/09/15 02:47:14.362, 4 %, 4 %, 15864 MiB, 16384 MiB, 49.17 W, 60
2026/09/15 02:47:15.365, 4 %, 5 %, 15864 MiB, 16384 MiB, 48.68 W, 60
2026/09/15 02:47:16.368, 1 %, 2 %, 15864 MiB, 16384 MiB, 52.38 W, 60
2026/09/15 02:47:17.371, 1 %, 2 %, 15864 MiB, 16384 MiB, 49.28 W, 60
2026/09/15 02:47:18.375, 1 %, 2 %, 15864 MiB, 16384 MiB, 49.32 W, 60
2026/09/15 02:47:19.377, 1 %, 2 %, 15864 MiB, 16384 MiB, 48.85 W, 60
2026/09/15 02:47:20.381, 4 %, 4 %, 15864 MiB, 16384 MiB, 48.89 W, 60
2026/09/15 02:47:21.384, 4 %, 4 %, 15864 MiB, 16384 MiB, 48.99 W, 59
2026/09/15 02:47:22.387, 4 %, 5 %, 15864 MiB, 16384 MiB, 48.62 W, 59
2026/09/15 02:47:23.390, 2 %, 3 %, 15864 MiB, 16384 MiB, 52.30 W, 59
2026/09/15 02:47:24.393, 1 %, 2 %, 15864 MiB, 16384 MiB, 48.73 W, 59
2026/09/15 02:47:25.397, 1 %, 2 %, 15864 MiB, 16384 MiB, 48.85 W, 59
2026/09/15 02:47:26.400, 2 %, 3 %, 15864 MiB, 16384 MiB, 48.73 W, 59
2026/09/15 02:47:27.403, 3 %, 4 %, 15864 MiB, 16384 MiB, 48.65 W, 59
2026/09/15 02:47:28.406, 4 %, 4 %, 15864 MiB, 16384 MiB, 48.62 W, 59
2026/09/15 02:47:29.409, 4 %, 5 %, 15864 MiB, 16384 MiB, 48.72 W, 59
2026/09/15 02:47:30.413, 2 %, 3 %, 15864 MiB, 16384 MiB, 52.13 W, 58
2026/09/15 02:47:31.416, 1 %, 2 %, 15864 MiB, 16384 MiB, 52.10 W, 58
2026/09/15 02:47:32.419, 100 %, 9 %, 15864 MiB, 16384 MiB, 64.04 W, 59
2026/09/15 02:47:33.422, 100 %, 7 %, 15864 MiB, 16384 MiB, 64.57 W, 59
2026/09/15 02:47:34.426, 100 %, 7 %, 15864 MiB, 16384 MiB, 69.14 W, 59
2026/09/15 02:47:35.429, 100 %, 9 %, 15864 MiB, 16384 MiB, 69.06 W, 59
2026/09/15 02:47:36.433, 100 %, 7 %, 15864 MiB, 16384 MiB, 62.86 W, 59
2026/09/15 02:47:37.436, 100 %, 7 %, 15864 MiB, 16384 MiB, 69.74 W, 59
2026/09/15 02:47:38.440, 4 %, 4 %, 15864 MiB, 16384 MiB, 63.55 W, 59
2026/09/15 02:47:39.443, 1 %, 2 %, 15864 MiB, 16384 MiB, 60.91 W, 59
2026/09/15 02:47:40.446, 1 %, 2 %, 15864 MiB, 16384 MiB, 52.14 W, 58
2026/09/15 02:47:41.450, 1 %, 2 %, 15864 MiB, 16384 MiB, 48.32 W, 58
2026/09/15 02:47:42.453, 1 %, 2 %, 15864 MiB, 16384 MiB, 48.52 W, 58
2026/09/15 02:47:43.456, 1 %, 2 %, 15864 MiB, 16384 MiB, 48.44 W, 58
2026/09/15 02:47:44.460, 1 %, 2 %, 15864 MiB, 16384 MiB, 48.49 W, 58
2026/09/15 02:47:45.463, 4 %, 4 %, 15864 MiB, 16384 MiB, 48.68 W, 58
2026/09/15 02:47:46.465, 4 %, 4 %, 15864 MiB, 16384 MiB, 48.61 W, 58
2026/09/15 02:47:47.468, 1 %, 2 %, 15864 MiB, 16384 MiB, 47.79 W, 58
2026/09/15 02:47:48.471, 1 %, 2 %, 15864 MiB, 16384 MiB, 51.78 W, 57
2026/09/15 02:47:49.474, 1 %, 2 %, 15864 MiB, 16384 MiB, 48.18 W, 57
2026/09/15 02:47:50.477, 1 %, 2 %, 15864 MiB, 16384 MiB, 48.19 W, 57
2026/09/15 02:47:51.480, 1 %, 2 %, 15864 MiB, 16384 MiB, 48.25 W, 57
2026/09/15 02:47:52.483, 4 %, 4 %, 15864 MiB, 16384 MiB, 48.10 W, 57
2026/09/15 02:47:53.486, 4 %, 4 %, 15864 MiB, 16384 MiB, 48.08 W, 57
2026/09/15 02:47:54.489, 4 %, 4 %, 15864 MiB, 16384 MiB, 48.03 W, 57
2026/09/15 02:47:55.491, 2 %, 3 %, 15864 MiB, 16384 MiB, 51.31 W, 57
2026/09/15 02:47:56.495, 1 %, 2 %, 15864 MiB, 16384 MiB, 51.68 W, 57
2026/09/15 02:47:57.498, 1 %, 2 %, 15864 MiB, 16384 MiB, 49.67 W, 57
2026/09/15 02:47:58.500, 2 %, 3 %, 15864 MiB, 16384 MiB, 48.20 W, 57
2026/09/15 02:47:59.503, 2 %, 3 %, 15864 MiB, 16384 MiB, 47.13 W, 57
2026/09/15 02:48:00.505, 51 %, 9 %, 15864 MiB, 16384 MiB, 65.79 W, 57
2026/09/15 02:48:01.508, 100 %, 8 %, 15864 MiB, 16384 MiB, 66.38 W, 58
2026/09/15 02:48:02.511, 100 %, 9 %, 15864 MiB, 16384 MiB, 60.52 W, 58
2026/09/15 02:48:03.513, 100 %, 7 %, 15864 MiB, 16384 MiB, 66.68 W, 58
2026/09/15 02:48:04.516, 100 %, 7 %, 15864 MiB, 16384 MiB, 66.95 W, 58
2026/09/15 02:48:05.518, 100 %, 9 %, 15864 MiB, 16384 MiB, 60.72 W, 58
2026/09/15 02:48:06.521, 1 %, 3 %, 15864 MiB, 16384 MiB, 59.43 W, 58
2026/09/15 02:48:07.523, 1 %, 2 %, 15864 MiB, 16384 MiB, 59.88 W, 58
2026/09/15 02:48:08.525, 1 %, 2 %, 15864 MiB, 16384 MiB, 47.45 W, 57
2026/09/15 02:48:09.528, 4 %, 4 %, 15864 MiB, 16384 MiB, 47.24 W, 57
2026/09/15 02:48:10.531, 4 %, 5 %, 15864 MiB, 16384 MiB, 47.34 W, 57
2026/09/15 02:48:11.533, 4 %, 5 %, 15864 MiB, 16384 MiB, 47.19 W, 57
2026/09/15 02:48:12.536, 1 %, 2 %, 15864 MiB, 16384 MiB, 50.55 W, 57
2026/09/15 02:48:13.538, 1 %, 2 %, 15864 MiB, 16384 MiB, 47.40 W, 57
2026/09/15 02:48:14.541, 1 %, 2 %, 15864 MiB, 16384 MiB, 47.42 W, 56
2026/09/15 02:48:15.544, 1 %, 2 %, 15864 MiB, 16384 MiB, 47.60 W, 56
2026/09/15 02:48:16.546, 4 %, 5 %, 15864 MiB, 16384 MiB, 47.40 W, 56
2026/09/15 02:48:17.549, 4 %, 4 %, 15864 MiB, 16384 MiB, 47.99 W, 56
2026/09/15 02:48:18.553, 4 %, 4 %, 15864 MiB, 16384 MiB, 47.72 W, 56
2026/09/15 02:48:19.556, 1 %, 2 %, 15864 MiB, 16384 MiB, 47.16 W, 56
2026/09/15 02:48:20.559, 1 %, 2 %, 15864 MiB, 16384 MiB, 50.86 W, 56
2026/09/15 02:48:21.563, 1 %, 2 %, 15864 MiB, 16384 MiB, 47.27 W, 56
2026/09/15 02:48:22.566, 1 %, 2 %, 15864 MiB, 16384 MiB, 47.53 W, 56
2026/09/15 02:48:23.569, 2 %, 3 %, 15864 MiB, 16384 MiB, 47.57 W, 56
2026/09/15 02:48:24.573, 1 %, 2 %, 15864 MiB, 16384 MiB, 47.51 W, 56
2026/09/15 02:48:25.576, 4 %, 4 %, 15864 MiB, 16384 MiB, 47.54 W, 56
2026/09/15 02:48:26.580, 4 %, 4 %, 15864 MiB, 16384 MiB, 47.60 W, 56
2026/09/15 02:48:27.583, 1 %, 2 %, 15864 MiB, 16384 MiB, 47.18 W, 56
2026/09/15 02:48:28.586, 1 %, 2 %, 15864 MiB, 16384 MiB, 56.13 W, 56
2026/09/15 02:48:29.590, 100 %, 9 %, 15864 MiB, 16384 MiB, 65.16 W, 57
2026/09/15 02:48:30.593, 100 %, 7 %, 15864 MiB, 16384 MiB, 59.71 W, 57
2026/09/15 02:48:31.597, 100 %, 7 %, 15864 MiB, 16384 MiB, 66.18 W, 57
2026/09/15 02:48:32.600, 100 %, 9 %, 15864 MiB, 16384 MiB, 66.19 W, 57
2026/09/15 02:48:33.603, 100 %, 7 %, 15864 MiB, 16384 MiB, 60.31 W, 57
2026/09/15 02:48:34.606, 1 %, 2 %, 15864 MiB, 16384 MiB, 59.50 W, 57
2026/09/15 02:48:35.610, 4 %, 4 %, 15864 MiB, 16384 MiB, 59.39 W, 57
2026/09/15 02:48:36.613, 4 %, 4 %, 15864 MiB, 16384 MiB, 47.16 W, 56
2026/09/15 02:48:37.616, 1 %, 2 %, 15864 MiB, 16384 MiB, 50.75 W, 56
2026/09/15 02:48:38.620, 2 %, 3 %, 15864 MiB, 16384 MiB, 51.11 W, 56
2026/09/15 02:48:39.623, 1 %, 2 %, 15864 MiB, 16384 MiB, 47.22 W, 56
2026/09/15 02:48:40.626, 2 %, 3 %, 15864 MiB, 16384 MiB, 46.95 W, 56
2026/09/15 02:48:41.629, 1 %, 2 %, 15864 MiB, 16384 MiB, 47.03 W, 56
2026/09/15 02:48:42.632, 4 %, 4 %, 15864 MiB, 16384 MiB, 47.02 W, 56
2026/09/15 02:48:43.635, 4 %, 4 %, 15864 MiB, 16384 MiB, 47.06 W, 56
2026/09/15 02:48:44.639, 4 %, 4 %, 15864 MiB, 16384 MiB, 47.16 W, 56
2026/09/15 02:48:45.642, 1 %, 2 %, 15864 MiB, 16384 MiB, 49.59 W, 56
2026/09/15 02:48:46.646, 4 %, 4 %, 15864 MiB, 16384 MiB, 50.59 W, 56
2026/09/15 02:48:47.650, 4 %, 4 %, 15864 MiB, 16384 MiB, 47.01 W, 56
2026/09/15 02:48:48.653, 1 %, 2 %, 15864 MiB, 16384 MiB, 47.19 W, 56
2026/09/15 02:48:49.656, 1 %, 2 %, 15864 MiB, 16384 MiB, 47.27 W, 56
2026/09/15 02:48:50.659, 1 %, 2 %, 15864 MiB, 16384 MiB, 47.28 W, 56
2026/09/15 02:48:51.662, 2 %, 3 %, 15864 MiB, 16384 MiB, 47.40 W, 56
2026/09/15 02:48:52.665, 1 %, 2 %, 15864 MiB, 16384 MiB, 47.26 W, 56
2026/09/15 02:48:53.668, 4 %, 4 %, 15864 MiB, 16384 MiB, 46.64 W, 56
2026/09/15 02:48:54.671, 4 %, 4 %, 15864 MiB, 16384 MiB, 50.55 W, 56
2026/09/15 02:48:55.674, 4 %, 5 %, 15864 MiB, 16384 MiB, 47.11 W, 56
2026/09/15 02:48:56.678, 1 %, 2 %, 15864 MiB, 16384 MiB, 47.20 W, 56
2026/09/15 02:48:57.681, 100 %, 9 %, 15864 MiB, 16384 MiB, 67.47 W, 57
2026/09/15 02:48:58.684, 100 %, 7 %, 15864 MiB, 16384 MiB, 67.39 W, 56
2026/09/15 02:48:59.688, 100 %, 7 %, 15864 MiB, 16384 MiB, 64.59 W, 57
2026/09/15 02:49:00.691, 100 %, 9 %, 15864 MiB, 16384 MiB, 59.94 W, 57
2026/09/15 02:49:01.694, 100 %, 7 %, 15864 MiB, 16384 MiB, 65.98 W, 57
2026/09/15 02:49:02.698, 1 %, 2 %, 15864 MiB, 16384 MiB, 58.81 W, 57
2026/09/15 02:49:03.701, 4 %, 4 %, 15864 MiB, 16384 MiB, 64.16 W, 57
2026/09/15 02:49:04.704, 4 %, 5 %, 15864 MiB, 16384 MiB, 47.13 W, 56
2026/09/15 02:49:05.708, 1 %, 2 %, 15864 MiB, 16384 MiB, 47.18 W, 56
2026/09/15 02:49:06.710, 2 %, 3 %, 15864 MiB, 16384 MiB, 47.04 W, 56
2026/09/15 02:49:07.714, 2 %, 3 %, 15864 MiB, 16384 MiB, 46.86 W, 56
2026/09/15 02:49:08.717, 4 %, 5 %, 15864 MiB, 16384 MiB, 46.94 W, 56
2026/09/15 02:49:09.720, 4 %, 4 %, 15864 MiB, 16384 MiB, 50.03 W, 56
2026/09/15 02:49:10.723, 4 %, 4 %, 15864 MiB, 16384 MiB, 47.64 W, 56
2026/09/15 02:49:11.726, 1 %, 2 %, 15864 MiB, 16384 MiB, 47.38 W, 56
2026/09/15 02:49:12.731, 1 %, 2 %, 15864 MiB, 16384 MiB, 47.26 W, 56
2026/09/15 02:49:13.734, 1 %, 2 %, 15864 MiB, 16384 MiB, 47.33 W, 56
2026/09/15 02:49:14.736, 1 %, 2 %, 15864 MiB, 16384 MiB, 47.24 W, 56
2026/09/15 02:49:15.739, 1 %, 2 %, 15864 MiB, 16384 MiB, 46.93 W, 55
2026/09/15 02:49:16.742, 4 %, 4 %, 15864 MiB, 16384 MiB, 46.56 W, 56
2026/09/15 02:49:17.746, 4 %, 4 %, 15864 MiB, 16384 MiB, 50.75 W, 56
2026/09/15 02:49:18.749, 4 %, 4 %, 15864 MiB, 16384 MiB, 51.11 W, 56
2026/09/15 02:49:19.752, 1 %, 2 %, 15864 MiB, 16384 MiB, 47.04 W, 55
2026/09/15 02:49:20.755, 1 %, 3 %, 15864 MiB, 16384 MiB, 47.43 W, 56
2026/09/15 02:49:21.760, 1 %, 2 %, 15864 MiB, 16384 MiB, 47.20 W, 55
2026/09/15 02:49:22.763, 1 %, 2 %, 15864 MiB, 16384 MiB, 47.12 W, 55
2026/09/15 02:49:23.765, 1 %, 2 %, 15864 MiB, 16384 MiB, 46.92 W, 55
2026/09/15 02:49:24.768, 4 %, 4 %, 15864 MiB, 16384 MiB, 50.02 W, 55
2026/09/15 02:49:25.771, 100 %, 6 %, 15864 MiB, 16384 MiB, 64.99 W, 56
2026/09/15 02:49:26.775, 100 %, 6 %, 15864 MiB, 16384 MiB, 65.09 W, 56
2026/09/15 02:49:27.778, 100 %, 9 %, 15864 MiB, 16384 MiB, 59.78 W, 56
2026/09/15 02:49:28.781, 100 %, 9 %, 15864 MiB, 16384 MiB, 61.62 W, 57
2026/09/15 02:49:29.785, 100 %, 6 %, 15864 MiB, 16384 MiB, 65.27 W, 56
2026/09/15 02:49:30.788, 100 %, 6 %, 15864 MiB, 16384 MiB, 65.49 W, 57
2026/09/15 02:49:31.791, 1 %, 2 %, 15864 MiB, 16384 MiB, 59.15 W, 57
2026/09/15 02:49:32.795, 1 %, 2 %, 15864 MiB, 16384 MiB, 59.13 W, 56
2026/09/15 02:49:33.798, 4 %, 4 %, 15864 MiB, 16384 MiB, 46.34 W, 56
2026/09/15 02:49:34.802, 4 %, 4 %, 15864 MiB, 16384 MiB, 49.38 W, 56
2026/09/15 02:49:35.805, 4 %, 4 %, 15864 MiB, 16384 MiB, 46.40 W, 56
2026/09/15 02:49:36.808, 1 %, 2 %, 15864 MiB, 16384 MiB, 46.53 W, 56
2026/09/15 02:49:37.812, 1 %, 2 %, 15864 MiB, 16384 MiB, 47.29 W, 56
2026/09/15 02:49:38.815, 1 %, 2 %, 15864 MiB, 16384 MiB, 47.31 W, 56
2026/09/15 02:49:39.819, 1 %, 2 %, 15864 MiB, 16384 MiB, 46.72 W, 56
2026/09/15 02:49:40.822, 4 %, 4 %, 15864 MiB, 16384 MiB, 46.09 W, 56
2026/09/15 02:49:41.829, 4 %, 4 %, 15864 MiB, 16384 MiB, 50.12 W, 56
2026/09/15 02:49:42.831, 1 %, 2 %, 15864 MiB, 16384 MiB, 47.08 W, 56
2026/09/15 02:49:43.834, 1 %, 2 %, 15864 MiB, 16384 MiB, 47.04 W, 56
2026/09/15 02:49:44.837, 1 %, 2 %, 15864 MiB, 16384 MiB, 47.36 W, 56
2026/09/15 02:49:45.839, 1 %, 2 %, 15864 MiB, 16384 MiB, 47.28 W, 55
2026/09/15 02:49:46.842, 1 %, 2 %, 15864 MiB, 16384 MiB, 47.33 W, 55
2026/09/15 02:49:47.845, 1 %, 2 %, 15864 MiB, 16384 MiB, 47.16 W, 56
2026/09/15 02:49:48.848, 4 %, 4 %, 15864 MiB, 16384 MiB, 50.30 W, 56
2026/09/15 02:49:49.852, 3 %, 4 %, 15864 MiB, 16384 MiB, 50.33 W, 55
2026/09/15 02:49:50.855, 4 %, 5 %, 15864 MiB, 16384 MiB, 46.94 W, 55
2026/09/15 02:49:51.859, 2 %, 3 %, 15864 MiB, 16384 MiB, 47.47 W, 55
2026/09/15 02:49:52.862, 1 %, 2 %, 15864 MiB, 16384 MiB, 47.31 W, 55
2026/09/15 02:49:53.865, 100 %, 5 %, 15864 MiB, 16384 MiB, 115.76 W, 58
2026/09/15 02:49:54.869, 100 %, 6 %, 15864 MiB, 16384 MiB, 128.13 W, 58
2026/09/15 02:49:55.871, 100 %, 7 %, 15864 MiB, 16384 MiB, 93.81 W, 59
2026/09/15 02:49:56.873, 100 %, 22 %, 15864 MiB, 16384 MiB, 57.40 W, 59
2026/09/15 02:49:57.876, 100 %, 47 %, 15864 MiB, 16384 MiB, 148.85 W, 59
2026/09/15 02:49:58.878, 100 %, 50 %, 15864 MiB, 16384 MiB, 249.79 W, 60
2026/09/15 02:49:59.886, 100 %, 40 %, 15864 MiB, 16384 MiB, 204.47 W, 63
2026/09/15 02:50:00.891, 100 %, 9 %, 15864 MiB, 16384 MiB, 122.19 W, 64
2026/09/15 02:50:01.896, 100 %, 0 %, 15864 MiB, 16384 MiB, 122.53 W, 61
2026/09/15 02:50:02.898, 100 %, 0 %, 15864 MiB, 16384 MiB, 122.36 W, 61
2026/09/15 02:50:03.900, 100 %, 0 %, 15864 MiB, 16384 MiB, 122.62 W, 61
2026/09/15 02:50:04.903, 100 %, 0 %, 15864 MiB, 16384 MiB, 122.78 W, 62
2026/09/15 02:50:05.905, 100 %, 0 %, 15864 MiB, 16384 MiB, 123.24 W, 62
2026/09/15 02:50:06.907, 100 %, 0 %, 15864 MiB, 16384 MiB, 122.72 W, 62
2026/09/15 02:50:07.909, 100 %, 4 %, 15864 MiB, 16384 MiB, 122.61 W, 62
2026/09/15 02:50:08.913, 100 %, 6 %, 15864 MiB, 16384 MiB, 122.15 W, 63
2026/09/15 02:50:09.915, 100 %, 7 %, 15864 MiB, 16384 MiB, 120.94 W, 63
2026/09/15 02:50:10.918, 100 %, 22 %, 15864 MiB, 16384 MiB, 121.07 W, 63
2026/09/15 02:50:11.920, 100 %, 47 %, 15864 MiB, 16384 MiB, 142.12 W, 64
2026/09/15 02:50:12.922, 100 %, 51 %, 15864 MiB, 16384 MiB, 111.94 W, 64
2026/09/15 02:50:13.925, 100 %, 40 %, 15864 MiB, 16384 MiB, 60.65 W, 64
2026/09/15 02:50:14.930, 100 %, 12 %, 15864 MiB, 16384 MiB, 136.42 W, 64
2026/09/15 02:50:15.933, 100 %, 0 %, 15864 MiB, 16384 MiB, 205.69 W, 65
2026/09/15 02:50:16.937, 100 %, 1 %, 15864 MiB, 16384 MiB, 240.41 W, 67
2026/09/15 02:50:17.942, 100 %, 0 %, 15864 MiB, 16384 MiB, 123.76 W, 67
2026/09/15 02:50:18.944, 100 %, 0 %, 15864 MiB, 16384 MiB, 123.71 W, 65
2026/09/15 02:50:19.947, 100 %, 0 %, 15864 MiB, 16384 MiB, 123.71 W, 66
2026/09/15 02:50:20.949, 100 %, 0 %, 15864 MiB, 16384 MiB, 123.49 W, 66
2026/09/15 02:50:21.953, 100 %, 0 %, 15864 MiB, 16384 MiB, 123.79 W, 66
2026/09/15 02:50:22.955, 100 %, 1 %, 15864 MiB, 16384 MiB, 122.81 W, 66
2026/09/15 02:50:23.957, 100 %, 0 %, 15864 MiB, 16384 MiB, 122.06 W, 66
2026/09/15 02:50:24.960, 100 %, 5 %, 15864 MiB, 16384 MiB, 121.60 W, 66
2026/09/15 02:50:25.962, 100 %, 7 %, 15864 MiB, 16384 MiB, 119.52 W, 67
2026/09/15 02:50:26.965, 100 %, 19 %, 15864 MiB, 16384 MiB, 132.52 W, 67
2026/09/15 02:50:27.968, 100 %, 48 %, 15864 MiB, 16384 MiB, 81.73 W, 67
2026/09/15 02:50:28.971, 100 %, 50 %, 15864 MiB, 16384 MiB, 88.52 W, 68
2026/09/15 02:50:29.973, 100 %, 39 %, 15864 MiB, 16384 MiB, 197.46 W, 66
2026/09/15 02:50:30.976, 100 %, 4 %, 15864 MiB, 16384 MiB, 229.38 W, 68
2026/09/15 02:50:31.979, 100 %, 0 %, 15864 MiB, 16384 MiB, 126.04 W, 70
2026/09/15 02:50:32.982, 100 %, 1 %, 15864 MiB, 16384 MiB, 125.39 W, 69
2026/09/15 02:50:33.985, 100 %, 0 %, 15864 MiB, 16384 MiB, 125.23 W, 68
2026/09/15 02:50:34.987, 58 %, 5 %, 15864 MiB, 16384 MiB, 123.92 W, 68
2026/09/15 02:50:35.989, 6 %, 6 %, 15864 MiB, 16384 MiB, 65.00 W, 67
2026/09/15 02:50:36.995, 100 %, 0 %, 15864 MiB, 16384 MiB, 125.23 W, 68
2026/09/15 02:50:37.997, 88 %, 4 %, 15864 MiB, 16384 MiB, 125.40 W, 68
2026/09/15 02:50:38.999, 1 %, 2 %, 15864 MiB, 16384 MiB, 65.09 W, 67
2026/09/15 02:50:40.002, 100 %, 0 %, 15864 MiB, 16384 MiB, 125.26 W, 71
2026/09/15 02:50:41.004, 100 %, 1 %, 15864 MiB, 16384 MiB, 122.49 W, 68
2026/09/15 02:50:42.007, 1 %, 2 %, 15864 MiB, 16384 MiB, 65.23 W, 67
2026/09/15 02:50:43.009, 100 %, 0 %, 15864 MiB, 16384 MiB, 132.75 W, 71
2026/09/15 02:50:44.015, 100 %, 1 %, 15864 MiB, 16384 MiB, 123.53 W, 68
2026/09/15 02:50:45.018, 2 %, 3 %, 15864 MiB, 16384 MiB, 65.52 W, 67
2026/09/15 02:50:46.020, 100 %, 0 %, 15864 MiB, 16384 MiB, 232.96 W, 71
2026/09/15 02:50:47.023, 100 %, 0 %, 15864 MiB, 16384 MiB, 125.70 W, 69
2026/09/15 02:50:48.026, 1 %, 2 %, 15864 MiB, 16384 MiB, 65.75 W, 67
2026/09/15 02:50:49.028, 100 %, 30 %, 15864 MiB, 16384 MiB, 226.04 W, 69
2026/09/15 02:50:50.030, 100 %, 0 %, 15864 MiB, 16384 MiB, 126.76 W, 69
2026/09/15 02:50:51.033, 1 %, 2 %, 15864 MiB, 16384 MiB, 65.68 W, 69
2026/09/15 02:50:52.035, 94 %, 49 %, 15864 MiB, 16384 MiB, 100.83 W, 68
2026/09/15 02:50:53.041, 100 %, 1 %, 15864 MiB, 16384 MiB, 126.39 W, 69
2026/09/15 02:50:54.044, 16 %, 6 %, 15864 MiB, 16384 MiB, 145.38 W, 69
2026/09/15 02:50:55.046, 48 %, 40 %, 15864 MiB, 16384 MiB, 65.12 W, 68
2026/09/15 02:50:56.048, 100 %, 0 %, 15864 MiB, 16384 MiB, 126.71 W, 69
2026/09/15 02:50:57.050, 63 %, 5 %, 15864 MiB, 16384 MiB, 122.49 W, 69
2026/09/15 02:50:58.053, 2 %, 2 %, 15864 MiB, 16384 MiB, 66.12 W, 68
2026/09/15 02:50:59.055, 100 %, 0 %, 15864 MiB, 16384 MiB, 127.26 W, 69
2026/09/15 02:51:00.057, 100 %, 1 %, 15864 MiB, 16384 MiB, 126.58 W, 69
2026/09/15 02:51:01.061, 1 %, 2 %, 15864 MiB, 16384 MiB, 65.92 W, 68
2026/09/15 02:51:02.063, 100 %, 0 %, 15864 MiB, 16384 MiB, 126.92 W, 71
2026/09/15 02:51:03.066, 100 %, 1 %, 15864 MiB, 16384 MiB, 124.46 W, 69
2026/09/15 02:51:04.068, 1 %, 2 %, 15864 MiB, 16384 MiB, 66.12 W, 68
2026/09/15 02:51:05.071, 100 %, 10 %, 15864 MiB, 16384 MiB, 254.44 W, 72
2026/09/15 02:51:06.074, 100 %, 0 %, 15864 MiB, 16384 MiB, 127.05 W, 69
2026/09/15 02:51:07.077, 1 %, 2 %, 15864 MiB, 16384 MiB, 66.08 W, 68
2026/09/15 02:51:08.079, 100 %, 47 %, 15864 MiB, 16384 MiB, 242.07 W, 69
2026/09/15 02:51:09.084, 100 %, 1 %, 15864 MiB, 16384 MiB, 125.55 W, 70
2026/09/15 02:51:10.088, 1 %, 2 %, 15864 MiB, 16384 MiB, 119.57 W, 69
2026/09/15 02:51:11.110, 69 %, 51 %, 15864 MiB, 16384 MiB, 61.57 W, 68
2026/09/15 02:51:12.112, 100 %, 0 %, 15864 MiB, 16384 MiB, 128.93 W, 70
2026/09/15 02:51:13.114, 24 %, 6 %, 15864 MiB, 16384 MiB, 134.47 W, 69
2026/09/15 02:51:14.117, 39 %, 30 %, 15864 MiB, 16384 MiB, 75.73 W, 68
2026/09/15 02:51:15.122, 100 %, 0 %, 15864 MiB, 16384 MiB, 128.97 W, 70
2026/09/15 02:51:16.124, 73 %, 4 %, 15864 MiB, 16384 MiB, 132.91 W, 70
2026/09/15 02:51:17.126, 1 %, 2 %, 15864 MiB, 16384 MiB, 65.06 W, 68
2026/09/15 02:51:18.130, 100 %, 0 %, 15864 MiB, 16384 MiB, 128.71 W, 70
2026/09/15 02:51:19.133, 95 %, 4 %, 15864 MiB, 16384 MiB, 121.26 W, 70
2026/09/15 02:51:20.135, 2 %, 3 %, 15864 MiB, 16384 MiB, 66.57 W, 68
2026/09/15 02:51:21.137, 100 %, 0 %, 15864 MiB, 16384 MiB, 128.33 W, 70
2026/09/15 02:51:22.141, 100 %, 0 %, 15864 MiB, 16384 MiB, 124.59 W, 70
2026/09/15 02:51:23.143, 1 %, 2 %, 15864 MiB, 16384 MiB, 66.55 W, 68
2026/09/15 02:51:24.146, 100 %, 0 %, 15864 MiB, 16384 MiB, 128.94 W, 71
2026/09/15 02:51:25.148, 100 %, 0 %, 15864 MiB, 16384 MiB, 126.00 W, 70
2026/09/15 02:51:26.150, 1 %, 2 %, 15864 MiB, 16384 MiB, 66.77 W, 68
2026/09/15 02:51:27.153, 100 %, 13 %, 15864 MiB, 16384 MiB, 131.95 W, 75
2026/09/15 02:51:28.156, 100 %, 0 %, 15864 MiB, 16384 MiB, 129.22 W, 70
2026/09/15 02:51:29.159, 1 %, 2 %, 15864 MiB, 16384 MiB, 66.92 W, 68
2026/09/15 02:51:30.161, 100 %, 45 %, 15864 MiB, 16384 MiB, 231.16 W, 72
2026/09/15 02:51:31.163, 100 %, 1 %, 15864 MiB, 16384 MiB, 129.77 W, 70
2026/09/15 02:51:32.166, 1 %, 2 %, 15864 MiB, 16384 MiB, 67.01 W, 68
2026/09/15 02:51:33.168, 87 %, 52 %, 15864 MiB, 16384 MiB, 238.23 W, 70
2026/09/15 02:51:34.171, 100 %, 0 %, 15864 MiB, 16384 MiB, 129.35 W, 70
2026/09/15 02:51:35.174, 20 %, 5 %, 15864 MiB, 16384 MiB, 78.81 W, 70
2026/09/15 02:51:36.176, 100 %, 37 %, 15864 MiB, 16384 MiB, 67.58 W, 69
2026/09/15 02:51:37.178, 100 %, 42 %, 15864 MiB, 16384 MiB, 227.53 W, 71
2026/09/15 02:51:38.185, 100 %, 43 %, 15864 MiB, 16384 MiB, 134.08 W, 70
2026/09/15 02:51:39.187, 100 %, 20 %, 15864 MiB, 16384 MiB, 62.72 W, 69
2026/09/15 02:51:40.190, 100 %, 5 %, 15864 MiB, 16384 MiB, 255.30 W, 71
2026/09/15 02:51:41.193, 100 %, 45 %, 15864 MiB, 16384 MiB, 123.35 W, 71
2026/09/15 02:51:42.195, 100 %, 31 %, 15864 MiB, 16384 MiB, 64.86 W, 70
2026/09/15 02:51:43.198, 100 %, 5 %, 15864 MiB, 16384 MiB, 209.34 W, 71
2026/09/15 02:51:44.201, 100 %, 41 %, 15864 MiB, 16384 MiB, 100.31 W, 71
2026/09/15 02:51:45.203, 100 %, 38 %, 15864 MiB, 16384 MiB, 121.64 W, 70
2026/09/15 02:51:46.206, 100 %, 5 %, 15864 MiB, 16384 MiB, 191.88 W, 72
2026/09/15 02:51:47.208, 100 %, 43 %, 15864 MiB, 16384 MiB, 106.07 W, 71
2026/09/15 02:51:48.210, 100 %, 40 %, 15864 MiB, 16384 MiB, 111.30 W, 70
2026/09/15 02:51:49.213, 100 %, 5 %, 15864 MiB, 16384 MiB, 212.52 W, 73
2026/09/15 02:51:50.216, 100 %, 36 %, 15864 MiB, 16384 MiB, 116.14 W, 71
2026/09/15 02:51:51.218, 100 %, 34 %, 15864 MiB, 16384 MiB, 130.69 W, 70
2026/09/15 02:51:52.221, 1 %, 2 %, 15864 MiB, 16384 MiB, 67.04 W, 69
2026/09/15 02:51:53.223, 1 %, 2 %, 15864 MiB, 16384 MiB, 66.74 W, 71
2026/09/15 02:51:54.225, 66 %, 4 %, 15864 MiB, 16384 MiB, 237.55 W, 71
2026/09/15 02:51:55.230, 22 %, 19 %, 15864 MiB, 16384 MiB, 67.39 W, 69
2026/09/15 02:51:56.232, 1 %, 2 %, 15864 MiB, 16384 MiB, 68.30 W, 69
2026/09/15 02:51:57.235, 59 %, 3 %, 15864 MiB, 16384 MiB, 227.97 W, 72
2026/09/15 02:51:58.238, 39 %, 37 %, 15864 MiB, 16384 MiB, 65.46 W, 69
2026/09/15 02:51:59.241, 1 %, 2 %, 15864 MiB, 16384 MiB, 66.56 W, 69
2026/09/15 02:52:00.243, 44 %, 4 %, 15864 MiB, 16384 MiB, 188.38 W, 73
2026/09/15 02:52:01.247, 43 %, 39 %, 15864 MiB, 16384 MiB, 63.95 W, 69
2026/09/15 02:52:02.250, 1 %, 2 %, 15864 MiB, 16384 MiB, 67.03 W, 69
2026/09/15 02:52:03.252, 47 %, 4 %, 15864 MiB, 16384 MiB, 207.27 W, 73
2026/09/15 02:52:04.255, 45 %, 37 %, 15864 MiB, 16384 MiB, 66.08 W, 69
2026/09/15 02:52:05.257, 1 %, 2 %, 15864 MiB, 16384 MiB, 66.91 W, 68
2026/09/15 02:52:06.260, 41 %, 4 %, 15864 MiB, 16384 MiB, 116.61 W, 73
2026/09/15 02:52:07.266, 50 %, 41 %, 15864 MiB, 16384 MiB, 94.62 W, 68
2026/09/15 02:52:08.269, 1 %, 2 %, 15864 MiB, 16384 MiB, 66.58 W, 68
2026/09/15 02:52:09.272, 30 %, 4 %, 15864 MiB, 16384 MiB, 103.57 W, 70
2026/09/15 02:52:10.274, 60 %, 41 %, 15864 MiB, 16384 MiB, 116.40 W, 68
2026/09/15 02:52:11.276, 1 %, 2 %, 15864 MiB, 16384 MiB, 56.98 W, 68
2026/09/15 02:52:12.279, 12 %, 5 %, 15864 MiB, 16384 MiB, 66.45 W, 69
2026/09/15 02:52:13.281, 84 %, 43 %, 15864 MiB, 16384 MiB, 232.16 W, 68
2026/09/15 02:52:14.284, 2 %, 3 %, 15864 MiB, 16384 MiB, 66.70 W, 68
2026/09/15 02:52:15.286, 1 %, 2 %, 15864 MiB, 16384 MiB, 67.94 W, 69
2026/09/15 02:52:16.289, 98 %, 42 %, 15864 MiB, 16384 MiB, 234.67 W, 69
2026/09/15 02:52:17.292, 1 %, 2 %, 15864 MiB, 16384 MiB, 65.74 W, 68
2026/09/15 02:52:18.296, 2 %, 3 %, 15864 MiB, 16384 MiB, 66.84 W, 67
2026/09/15 02:52:19.299, 100 %, 40 %, 15864 MiB, 16384 MiB, 238.91 W, 69
2026/09/15 02:52:20.301, 1 %, 2 %, 15864 MiB, 16384 MiB, 65.56 W, 68
2026/09/15 02:52:21.303, 1 %, 2 %, 15864 MiB, 16384 MiB, 66.69 W, 67
2026/09/15 02:52:22.306, 83 %, 18 %, 15864 MiB, 16384 MiB, 150.11 W, 72
2026/09/15 02:52:23.312, 100 %, 9 %, 15864 MiB, 16384 MiB, 73.03 W, 67
2026/09/15 02:52:24.315, 100 %, 8 %, 15864 MiB, 16384 MiB, 66.69 W, 67
2026/09/15 02:52:25.317, 100 %, 6 %, 15864 MiB, 16384 MiB, 72.59 W, 67
2026/09/15 02:52:26.320, 100 %, 6 %, 15864 MiB, 16384 MiB, 72.53 W, 67
2026/09/15 02:52:27.322, 100 %, 9 %, 15864 MiB, 16384 MiB, 66.53 W, 67
2026/09/15 02:52:28.326, 1 %, 3 %, 15864 MiB, 16384 MiB, 66.37 W, 66
2026/09/15 02:52:29.329, 4 %, 4 %, 15864 MiB, 16384 MiB, 65.27 W, 66
2026/09/15 02:52:30.332, 4 %, 4 %, 15864 MiB, 16384 MiB, 54.01 W, 65
2026/09/15 02:52:31.336, 1 %, 2 %, 15864 MiB, 16384 MiB, 50.47 W, 65
2026/09/15 02:52:32.339, 1 %, 2 %, 15864 MiB, 16384 MiB, 50.39 W, 65
2026/09/15 02:52:33.343, 1 %, 2 %, 15864 MiB, 16384 MiB, 50.39 W, 64
2026/09/15 02:52:34.346, 2 %, 3 %, 15864 MiB, 16384 MiB, 50.50 W, 64
2026/09/15 02:52:35.349, 1 %, 2 %, 15864 MiB, 16384 MiB, 50.60 W, 64
2026/09/15 02:52:36.352, 4 %, 4 %, 15864 MiB, 16384 MiB, 50.50 W, 64
2026/09/15 02:52:37.357, 4 %, 4 %, 15864 MiB, 16384 MiB, 54.20 W, 63
2026/09/15 02:52:38.360, 1 %, 2 %, 15864 MiB, 16384 MiB, 50.23 W, 63
2026/09/15 02:52:39.363, 1 %, 2 %, 15864 MiB, 16384 MiB, 50.10 W, 63
2026/09/15 02:52:40.365, 1 %, 2 %, 15864 MiB, 16384 MiB, 49.96 W, 63
2026/09/15 02:52:41.368, 1 %, 2 %, 15864 MiB, 16384 MiB, 49.83 W, 63
2026/09/15 02:52:42.371, 1 %, 2 %, 15864 MiB, 16384 MiB, 49.87 W, 63
2026/09/15 02:52:43.373, 4 %, 5 %, 15864 MiB, 16384 MiB, 49.82 W, 62
2026/09/15 02:52:44.376, 4 %, 4 %, 15864 MiB, 16384 MiB, 53.10 W, 62
2026/09/15 02:52:45.378, 4 %, 5 %, 15864 MiB, 16384 MiB, 53.39 W, 62
2026/09/15 02:52:46.381, 1 %, 2 %, 15864 MiB, 16384 MiB, 49.71 W, 62
2026/09/15 02:52:47.384, 1 %, 2 %, 15864 MiB, 16384 MiB, 49.65 W, 62
2026/09/15 02:52:48.386, 1 %, 2 %, 15864 MiB, 16384 MiB, 49.40 W, 62
2026/09/15 02:52:49.389, 1 %, 3 %, 15864 MiB, 16384 MiB, 49.37 W, 61
2026/09/15 02:52:50.391, 1 %, 2 %, 15864 MiB, 16384 MiB, 49.34 W, 61
2026/09/15 02:52:51.394, 100 %, 8 %, 15864 MiB, 16384 MiB, 62.38 W, 62
2026/09/15 02:52:52.396, 100 %, 6 %, 15864 MiB, 16384 MiB, 68.15 W, 62
2026/09/15 02:52:53.399, 100 %, 6 %, 15864 MiB, 16384 MiB, 68.04 W, 62
2026/09/15 02:52:54.401, 100 %, 9 %, 15864 MiB, 16384 MiB, 62.34 W, 62
2026/09/15 02:52:55.404, 100 %, 6 %, 15864 MiB, 16384 MiB, 65.75 W, 62
2026/09/15 02:52:56.406, 63 %, 5 %, 15864 MiB, 16384 MiB, 66.32 W, 61
2026/09/15 02:52:57.408, 1 %, 3 %, 15864 MiB, 16384 MiB, 62.61 W, 61
2026/09/15 02:52:58.411, 1 %, 2 %, 15864 MiB, 16384 MiB, 49.44 W, 61
2026/09/15 02:52:59.413, 1 %, 2 %, 15864 MiB, 16384 MiB, 49.06 W, 60
2026/09/15 02:53:00.419, 2 %, 3 %, 15864 MiB, 16384 MiB, 49.34 W, 60
2026/09/15 02:53:01.422, 4 %, 4 %, 15864 MiB, 16384 MiB, 48.92 W, 60
2026/09/15 02:53:02.424, 3 %, 4 %, 15864 MiB, 16384 MiB, 52.10 W, 60
2026/09/15 02:53:03.427, 4 %, 5 %, 15864 MiB, 16384 MiB, 49.19 W, 60
2026/09/15 02:53:04.430, 1 %, 2 %, 15864 MiB, 16384 MiB, 48.71 W, 60
2026/09/15 02:53:05.432, 1 %, 2 %, 15864 MiB, 16384 MiB, 48.79 W, 60
2026/09/15 02:53:06.435, 1 %, 3 %, 15864 MiB, 16384 MiB, 48.82 W, 59
2026/09/15 02:53:07.437, 1 %, 2 %, 15864 MiB, 16384 MiB, 49.01 W, 59
2026/09/15 02:53:08.440, 4 %, 4 %, 15864 MiB, 16384 MiB, 48.45 W, 59
2026/09/15 02:53:09.442, 4 %, 4 %, 15864 MiB, 16384 MiB, 51.54 W, 59
2026/09/15 02:53:10.445, 4 %, 5 %, 15864 MiB, 16384 MiB, 48.57 W, 59
2026/09/15 02:53:11.449, 1 %, 2 %, 15864 MiB, 16384 MiB, 48.49 W, 59
2026/09/15 02:53:12.452, 1 %, 2 %, 15864 MiB, 16384 MiB, 48.56 W, 59
2026/09/15 02:53:13.456, 2 %, 3 %, 15864 MiB, 16384 MiB, 48.75 W, 59
2026/09/15 02:53:14.459, 1 %, 3 %, 15864 MiB, 16384 MiB, 48.47 W, 59
2026/09/15 02:53:15.462, 1 %, 2 %, 15864 MiB, 16384 MiB, 48.61 W, 58
2026/09/15 02:53:16.466, 2 %, 4 %, 15864 MiB, 16384 MiB, 48.27 W, 58
2026/09/15 02:53:17.468, 4 %, 4 %, 15864 MiB, 16384 MiB, 52.06 W, 58
2026/09/15 02:53:18.471, 4 %, 4 %, 15864 MiB, 16384 MiB, 52.05 W, 58
2026/09/15 02:53:19.474, 100 %, 9 %, 15864 MiB, 16384 MiB, 66.50 W, 59
2026/09/15 02:53:20.476, 100 %, 6 %, 15864 MiB, 16384 MiB, 61.09 W, 59
2026/09/15 02:53:21.481, 100 %, 6 %, 15864 MiB, 16384 MiB, 66.89 W, 59
2026/09/15 02:53:22.483, 100 %, 9 %, 15864 MiB, 16384 MiB, 67.08 W, 59
2026/09/15 02:53:23.486, 100 %, 6 %, 15864 MiB, 16384 MiB, 61.51 W, 59
2026/09/15 02:53:24.488, 100 %, 6 %, 15864 MiB, 16384 MiB, 66.98 W, 59
2026/09/15 02:53:25.491, 1 %, 2 %, 15864 MiB, 16384 MiB, 60.54 W, 59
2026/09/15 02:53:26.493, 3 %, 4 %, 15864 MiB, 16384 MiB, 59.11 W, 58
2026/09/15 02:53:27.496, 4 %, 4 %, 15864 MiB, 16384 MiB, 50.82 W, 58
2026/09/15 02:53:28.498, 4 %, 5 %, 15864 MiB, 16384 MiB, 47.62 W, 58
2026/09/15 02:53:29.501, 1 %, 2 %, 15864 MiB, 16384 MiB, 47.71 W, 58
2026/09/15 02:53:30.503, 1 %, 2 %, 15864 MiB, 16384 MiB, 47.74 W, 58
2026/09/15 02:53:31.507, 1 %, 2 %, 15864 MiB, 16384 MiB, 47.78 W, 57
2026/09/15 02:53:32.510, 1 %, 2 %, 15864 MiB, 16384 MiB, 47.64 W, 57
2026/09/15 02:53:33.513, 4 %, 4 %, 15864 MiB, 16384 MiB, 47.50 W, 57
2026/09/15 02:53:34.515, 4 %, 4 %, 15864 MiB, 16384 MiB, 50.50 W, 57
2026/09/15 02:53:35.519, 4 %, 5 %, 15864 MiB, 16384 MiB, 47.18 W, 57
2026/09/15 02:53:36.522, 1 %, 2 %, 15864 MiB, 16384 MiB, 47.33 W, 57
2026/09/15 02:53:37.525, 1 %, 2 %, 15864 MiB, 16384 MiB, 47.35 W, 57
2026/09/15 02:53:38.528, 1 %, 3 %, 15864 MiB, 16384 MiB, 48.02 W, 57
2026/09/15 02:53:39.531, 1 %, 2 %, 15864 MiB, 16384 MiB, 47.40 W, 57
2026/09/15 02:53:40.534, 1 %, 2 %, 15864 MiB, 16384 MiB, 47.51 W, 57
2026/09/15 02:53:41.537, 4 %, 4 %, 15864 MiB, 16384 MiB, 47.50 W, 57
2026/09/15 02:53:42.540, 4 %, 4 %, 15864 MiB, 16384 MiB, 46.85 W, 57
2026/09/15 02:53:43.543, 4 %, 4 %, 15864 MiB, 16384 MiB, 50.83 W, 57
2026/09/15 02:53:44.547, 2 %, 2 %, 15864 MiB, 16384 MiB, 47.63 W, 57
2026/09/15 02:53:45.550, 2 %, 3 %, 15864 MiB, 16384 MiB, 47.76 W, 57
2026/09/15 02:53:46.553, 1 %, 2 %, 15864 MiB, 16384 MiB, 47.61 W, 57
2026/09/15 02:53:47.556, 100 %, 6 %, 15864 MiB, 16384 MiB, 50.67 W, 57
2026/09/15 02:53:48.560, 100 %, 6 %, 15864 MiB, 16384 MiB, 66.46 W, 57
2026/09/15 02:53:49.563, 100 %, 9 %, 15864 MiB, 16384 MiB, 66.40 W, 58
2026/09/15 02:53:50.567, 100 %, 6 %, 15864 MiB, 16384 MiB, 60.60 W, 57
2026/09/15 02:53:51.570, 100 %, 6 %, 15864 MiB, 16384 MiB, 66.44 W, 57
2026/09/15 02:53:52.574, 100 %, 9 %, 15864 MiB, 16384 MiB, 66.40 W, 58
2026/09/15 02:53:53.578, 4 %, 4 %, 15864 MiB, 16384 MiB, 64.68 W, 58
2026/09/15 02:53:54.581, 1 %, 2 %, 15864 MiB, 16384 MiB, 59.79 W, 57
2026/09/15 02:53:55.585, 1 %, 2 %, 15864 MiB, 16384 MiB, 47.32 W, 57
2026/09/15 02:53:56.588, 1 %, 2 %, 15864 MiB, 16384 MiB, 47.44 W, 57
2026/09/15 02:53:57.592, 4 %, 5 %, 15864 MiB, 16384 MiB, 47.33 W, 57
2026/09/15 02:53:58.595, 4 %, 4 %, 15864 MiB, 16384 MiB, 50.64 W, 56
2026/09/15 02:53:59.599, 4 %, 4 %, 15864 MiB, 16384 MiB, 50.84 W, 56
2026/09/15 02:54:00.602, 1 %, 2 %, 15864 MiB, 16384 MiB, 47.10 W, 56
2026/09/15 02:54:01.605, 1 %, 2 %, 15864 MiB, 16384 MiB, 47.38 W, 56
2026/09/15 02:54:02.608, 1 %, 2 %, 15864 MiB, 16384 MiB, 47.44 W, 56
2026/09/15 02:54:03.612, 1 %, 2 %, 15864 MiB, 16384 MiB, 47.25 W, 56
2026/09/15 02:54:04.615, 1 %, 2 %, 15864 MiB, 16384 MiB, 47.28 W, 56
2026/09/15 02:54:05.619, 4 %, 4 %, 15864 MiB, 16384 MiB, 47.20 W, 56
2026/09/15 02:54:06.622, 4 %, 4 %, 15864 MiB, 16384 MiB, 50.40 W, 56
2026/09/15 02:54:07.625, 3 %, 4 %, 15864 MiB, 16384 MiB, 47.01 W, 56
2026/09/15 02:54:08.629, 1 %, 2 %, 15864 MiB, 16384 MiB, 47.26 W, 56
2026/09/15 02:54:09.632, 1 %, 2 %, 15864 MiB, 16384 MiB, 47.16 W, 56
2026/09/15 02:54:10.635, 1 %, 3 %, 15864 MiB, 16384 MiB, 47.49 W, 56
2026/09/15 02:54:11.638, 1 %, 2 %, 15864 MiB, 16384 MiB, 47.27 W, 56
2026/09/15 02:54:12.642, 1 %, 2 %, 15864 MiB, 16384 MiB, 47.57 W, 56
2026/09/15 02:54:13.645, 4 %, 4 %, 15864 MiB, 16384 MiB, 47.33 W, 56
2026/09/15 02:54:14.649, 4 %, 4 %, 15864 MiB, 16384 MiB, 50.61 W, 56
2026/09/15 02:54:15.652, 1 %, 2 %, 15864 MiB, 16384 MiB, 47.01 W, 56
2026/09/15 02:54:16.656, 100 %, 6 %, 15864 MiB, 16384 MiB, 65.63 W, 57
2026/09/15 02:54:17.659, 100 %, 6 %, 15864 MiB, 16384 MiB, 65.67 W, 57
2026/09/15 02:54:18.662, 100 %, 9 %, 15864 MiB, 16384 MiB, 66.73 W, 57
2026/09/15 02:54:19.666, 100 %, 6 %, 15864 MiB, 16384 MiB, 61.44 W, 57
2026/09/15 02:54:20.669, 100 %, 6 %, 15864 MiB, 16384 MiB, 66.90 W, 57
2026/09/15 02:54:21.673, 2 %, 3 %, 15864 MiB, 16384 MiB, 59.86 W, 57
2026/09/15 02:54:22.676, 1 %, 3 %, 15864 MiB, 16384 MiB, 59.87 W, 57
2026/09/15 02:54:23.680, 4 %, 4 %, 15864 MiB, 16384 MiB, 48.11 W, 56
2026/09/15 02:54:24.683, 1 %, 2 %, 15864 MiB, 16384 MiB, 47.17 W, 56
2026/09/15 02:54:25.687, 1 %, 2 %, 15864 MiB, 16384 MiB, 47.22 W, 56
2026/09/15 02:54:26.691, 2 %, 3 %, 15864 MiB, 16384 MiB, 47.23 W, 56
2026/09/15 02:54:27.693, 2 %, 3 %, 15864 MiB, 16384 MiB, 46.99 W, 56
2026/09/15 02:54:28.696, 1 %, 2 %, 15864 MiB, 16384 MiB, 47.14 W, 56
2026/09/15 02:54:29.699, 4 %, 4 %, 15864 MiB, 16384 MiB, 46.71 W, 56
2026/09/15 02:54:30.703, 4 %, 4 %, 15864 MiB, 16384 MiB, 47.29 W, 56
2026/09/15 02:54:31.706, 4 %, 4 %, 15864 MiB, 16384 MiB, 49.82 W, 56
2026/09/15 02:54:32.709, 1 %, 2 %, 15864 MiB, 16384 MiB, 46.87 W, 56
2026/09/15 02:54:33.713, 1 %, 2 %, 15864 MiB, 16384 MiB, 47.04 W, 56
2026/09/15 02:54:34.716, 1 %, 2 %, 15864 MiB, 16384 MiB, 46.88 W, 56
2026/09/15 02:54:35.720, 1 %, 2 %, 15864 MiB, 16384 MiB, 46.96 W, 56
2026/09/15 02:54:36.723, 1 %, 2 %, 15864 MiB, 16384 MiB, 46.90 W, 56
2026/09/15 02:54:37.726, 4 %, 4 %, 15864 MiB, 16384 MiB, 46.69 W, 56
2026/09/15 02:54:38.729, 4 %, 4 %, 15864 MiB, 16384 MiB, 49.83 W, 56
2026/09/15 02:54:39.732, 4 %, 5 %, 15864 MiB, 16384 MiB, 50.54 W, 56
2026/09/15 02:54:40.736, 1 %, 2 %, 15864 MiB, 16384 MiB, 47.04 W, 55
2026/09/15 02:54:41.739, 1 %, 2 %, 15864 MiB, 16384 MiB, 46.46 W, 56
2026/09/15 02:54:42.745, 2 %, 3 %, 15864 MiB, 16384 MiB, 46.67 W, 55
2026/09/15 02:54:43.747, 1 %, 2 %, 15864 MiB, 16384 MiB, 46.35 W, 55
2026/09/15 02:54:44.750, 100 %, 7 %, 15864 MiB, 16384 MiB, 59.13 W, 56
2026/09/15 02:54:45.752, 100 %, 6 %, 15864 MiB, 16384 MiB, 64.96 W, 56
2026/09/15 02:54:46.756, 100 %, 9 %, 15864 MiB, 16384 MiB, 65.45 W, 56
2026/09/15 02:54:47.758, 100 %, 6 %, 15864 MiB, 16384 MiB, 59.99 W, 57
2026/09/15 02:54:48.762, 100 %, 6 %, 15864 MiB, 16384 MiB, 65.60 W, 56
2026/09/15 02:54:49.766, 78 %, 8 %, 15864 MiB, 16384 MiB, 64.62 W, 56
2026/09/15 02:54:50.769, 1 %, 3 %, 15864 MiB, 16384 MiB, 59.47 W, 56
2026/09/15 02:54:51.773, 1 %, 2 %, 15864 MiB, 16384 MiB, 47.17 W, 56
2026/09/15 02:54:52.776, 1 %, 2 %, 15864 MiB, 16384 MiB, 46.84 W, 56
2026/09/15 02:54:53.780, 4 %, 5 %, 15864 MiB, 16384 MiB, 47.34 W, 56
2026/09/15 02:54:54.783, 4 %, 4 %, 15864 MiB, 16384 MiB, 46.71 W, 56
2026/09/15 02:54:55.787, 4 %, 4 %, 15864 MiB, 16384 MiB, 50.33 W, 56
2026/09/15 02:54:56.790, 2 %, 2 %, 15864 MiB, 16384 MiB, 46.92 W, 56
2026/09/15 02:54:57.793, 1 %, 2 %, 15864 MiB, 16384 MiB, 47.06 W, 56
2026/09/15 02:54:58.796, 1 %, 2 %, 15864 MiB, 16384 MiB, 47.18 W, 56
2026/09/15 02:54:59.799, 1 %, 2 %, 15864 MiB, 16384 MiB, 47.64 W, 56
2026/09/15 02:55:00.803, 4 %, 5 %, 15864 MiB, 16384 MiB, 47.74 W, 56
2026/09/15 02:55:01.806, 4 %, 4 %, 15864 MiB, 16384 MiB, 46.72 W, 56
2026/09/15 02:55:02.810, 4 %, 4 %, 15864 MiB, 16384 MiB, 50.21 W, 55
2026/09/15 02:55:03.813, 1 %, 2 %, 15864 MiB, 16384 MiB, 46.75 W, 55
2026/09/15 02:55:04.816, 1 %, 2 %, 15864 MiB, 16384 MiB, 46.88 W, 55
2026/09/15 02:55:05.819, 1 %, 2 %, 15864 MiB, 16384 MiB, 47.18 W, 55
2026/09/15 02:55:06.823, 2 %, 3 %, 15864 MiB, 16384 MiB, 47.01 W, 55
2026/09/15 02:55:07.826, 1 %, 2 %, 15864 MiB, 16384 MiB, 46.92 W, 55
2026/09/15 02:55:08.830, 1 %, 2 %, 15864 MiB, 16384 MiB, 46.89 W, 55
2026/09/15 02:55:09.833, 4 %, 4 %, 15864 MiB, 16384 MiB, 46.15 W, 55
2026/09/15 02:55:10.836, 4 %, 5 %, 15864 MiB, 16384 MiB, 50.42 W, 55
2026/09/15 02:55:11.840, 1 %, 2 %, 15864 MiB, 16384 MiB, 47.03 W, 55
2026/09/15 02:55:12.843, 100 %, 6 %, 15864 MiB, 16384 MiB, 64.23 W, 56
2026/09/15 02:55:13.847, 100 %, 9 %, 15864 MiB, 16384 MiB, 64.56 W, 56
2026/09/15 02:55:14.851, 100 %, 9 %, 15864 MiB, 16384 MiB, 64.63 W, 56
2026/09/15 02:55:15.854, 100 %, 6 %, 15864 MiB, 16384 MiB, 59.62 W, 56
2026/09/15 02:55:16.857, 100 %, 6 %, 15864 MiB, 16384 MiB, 64.55 W, 56
2026/09/15 02:55:17.860, 100 %, 9 %, 15864 MiB, 16384 MiB, 64.38 W, 56
2026/09/15 02:55:18.864, 1 %, 2 %, 15864 MiB, 16384 MiB, 59.18 W, 56
2026/09/15 02:55:19.866, 3 %, 4 %, 15864 MiB, 16384 MiB, 59.60 W, 56
2026/09/15 02:55:20.870, 3 %, 4 %, 15864 MiB, 16384 MiB, 49.64 W, 56
2026/09/15 02:55:21.873, 1 %, 2 %, 15864 MiB, 16384 MiB, 46.85 W, 56
2026/09/15 02:55:22.876, 1 %, 2 %, 15864 MiB, 16384 MiB, 46.86 W, 56
2026/09/15 02:55:23.879, 1 %, 2 %, 15864 MiB, 16384 MiB, 47.03 W, 56
2026/09/15 02:55:24.882, 1 %, 3 %, 15864 MiB, 16384 MiB, 47.02 W, 56
2026/09/15 02:55:25.885, 1 %, 2 %, 15864 MiB, 16384 MiB, 46.63 W, 55
2026/09/15 02:55:26.889, 3 %, 5 %, 15864 MiB, 16384 MiB, 46.81 W, 56
2026/09/15 02:55:27.892, 3 %, 4 %, 15864 MiB, 16384 MiB, 45.86 W, 55
2026/09/15 02:55:28.895, 3 %, 4 %, 15864 MiB, 16384 MiB, 49.39 W, 55
2026/09/15 02:55:29.898, 1 %, 2 %, 15864 MiB, 16384 MiB, 46.36 W, 56
2026/09/15 02:55:30.902, 1 %, 2 %, 15864 MiB, 16384 MiB, 46.88 W, 55
2026/09/15 02:55:31.905, 1 %, 2 %, 15864 MiB, 16384 MiB, 46.83 W, 55
2026/09/15 02:55:32.908, 1 %, 2 %, 15864 MiB, 16384 MiB, 46.74 W, 55
2026/09/15 02:55:33.912, 1 %, 2 %, 15864 MiB, 16384 MiB, 46.50 W, 55
2026/09/15 02:55:34.914, 1 %, 2 %, 15864 MiB, 16384 MiB, 46.97 W, 55
2026/09/15 02:55:35.917, 3 %, 4 %, 15864 MiB, 16384 MiB, 46.32 W, 55
2026/09/15 02:55:36.920, 3 %, 4 %, 15864 MiB, 16384 MiB, 49.01 W, 55
2026/09/15 02:55:37.923, 2 %, 3 %, 15864 MiB, 16384 MiB, 46.64 W, 55
2026/09/15 02:55:38.927, 2 %, 3 %, 15864 MiB, 16384 MiB, 46.63 W, 55
2026/09/15 02:55:39.930, 1 %, 2 %, 15864 MiB, 16384 MiB, 47.21 W, 55
2026/09/15 02:55:40.933, 100 %, 10 %, 15864 MiB, 16384 MiB, 77.00 W, 57
2026/09/15 02:55:41.937, 100 %, 0 %, 15864 MiB, 16384 MiB, 117.07 W, 58
2026/09/15 02:55:42.939, 100 %, 0 %, 15864 MiB, 16384 MiB, 116.19 W, 59
2026/09/15 02:55:43.941, 100 %, 0 %, 15864 MiB, 16384 MiB, 118.47 W, 59
2026/09/15 02:55:44.944, 100 %, 3 %, 15864 MiB, 16384 MiB, 146.70 W, 62
2026/09/15 02:55:45.949, 100 %, 58 %, 15864 MiB, 16384 MiB, 238.80 W, 62
2026/09/15 02:55:46.954, 100 %, 77 %, 15864 MiB, 16384 MiB, 167.51 W, 60
2026/09/15 02:55:47.960, 100 %, 34 %, 15864 MiB, 16384 MiB, 60.13 W, 61
2026/09/15 02:55:48.963, 100 %, 9 %, 15864 MiB, 16384 MiB, 136.88 W, 61
2026/09/15 02:55:49.965, 100 %, 3 %, 15864 MiB, 16384 MiB, 113.45 W, 61
2026/09/15 02:55:50.967, 100 %, 0 %, 15864 MiB, 16384 MiB, 116.67 W, 61
2026/09/15 02:55:51.969, 100 %, 0 %, 15864 MiB, 16384 MiB, 117.13 W, 62
2026/09/15 02:55:52.972, 100 %, 0 %, 15864 MiB, 16384 MiB, 119.15 W, 62
2026/09/15 02:55:53.974, 100 %, 26 %, 15864 MiB, 16384 MiB, 235.69 W, 65
2026/09/15 02:55:54.979, 100 %, 77 %, 15864 MiB, 16384 MiB, 212.08 W, 65
2026/09/15 02:55:55.983, 100 %, 66 %, 15864 MiB, 16384 MiB, 206.80 W, 63
2026/09/15 02:55:56.985, 100 %, 69 %, 15864 MiB, 16384 MiB, 108.08 W, 65
2026/09/15 02:55:57.991, 100 %, 58 %, 15864 MiB, 16384 MiB, 113.86 W, 63
2026/09/15 02:55:58.993, 100 %, 23 %, 15864 MiB, 16384 MiB, 105.97 W, 64
2026/09/15 02:55:59.997, 100 %, 9 %, 15864 MiB, 16384 MiB, 115.85 W, 64
2026/09/15 02:56:00.999, 100 %, 0 %, 15864 MiB, 16384 MiB, 118.31 W, 64
2026/09/15 02:56:02.002, 100 %, 0 %, 15864 MiB, 16384 MiB, 119.80 W, 65
2026/09/15 02:56:03.004, 100 %, 0 %, 15864 MiB, 16384 MiB, 121.47 W, 68
2026/09/15 02:56:04.007, 100 %, 0 %, 15864 MiB, 16384 MiB, 265.01 W, 67
2026/09/15 02:56:05.010, 100 %, 46 %, 15864 MiB, 16384 MiB, 205.27 W, 65
2026/09/15 02:56:06.014, 100 %, 87 %, 15864 MiB, 16384 MiB, 70.84 W, 64
2026/09/15 02:56:07.018, 100 %, 52 %, 15864 MiB, 16384 MiB, 122.92 W, 66
2026/09/15 02:56:08.021, 100 %, 16 %, 15864 MiB, 16384 MiB, 110.57 W, 66
2026/09/15 02:56:09.023, 100 %, 8 %, 15864 MiB, 16384 MiB, 120.32 W, 66
2026/09/15 02:56:10.025, 100 %, 0 %, 15864 MiB, 16384 MiB, 121.60 W, 67
2026/09/15 02:56:11.028, 100 %, 0 %, 15864 MiB, 16384 MiB, 121.72 W, 67
2026/09/15 02:56:12.030, 100 %, 0 %, 15864 MiB, 16384 MiB, 122.85 W, 70
2026/09/15 02:56:13.033, 100 %, 0 %, 15864 MiB, 16384 MiB, 258.73 W, 70
2026/09/15 02:56:14.036, 100 %, 38 %, 15864 MiB, 16384 MiB, 208.68 W, 70
2026/09/15 02:56:15.041, 100 %, 80 %, 15864 MiB, 16384 MiB, 74.78 W, 67
2026/09/15 02:56:16.043, 100 %, 0 %, 15864 MiB, 16384 MiB, 121.76 W, 67
2026/09/15 02:56:17.045, 49 %, 8 %, 15864 MiB, 16384 MiB, 118.28 W, 67
2026/09/15 02:56:18.048, 1 %, 2 %, 15864 MiB, 16384 MiB, 64.04 W, 66
2026/09/15 02:56:19.050, 82 %, 71 %, 15864 MiB, 16384 MiB, 140.63 W, 67
2026/09/15 02:56:20.053, 100 %, 0 %, 15864 MiB, 16384 MiB, 120.29 W, 71
2026/09/15 02:56:21.059, 80 %, 6 %, 15864 MiB, 16384 MiB, 105.21 W, 67
2026/09/15 02:56:22.062, 1 %, 2 %, 15864 MiB, 16384 MiB, 63.85 W, 66
2026/09/15 02:56:23.064, 53 %, 47 %, 15864 MiB, 16384 MiB, 59.61 W, 67
2026/09/15 02:56:24.067, 100 %, 1 %, 15864 MiB, 16384 MiB, 151.30 W, 71
2026/09/15 02:56:25.070, 100 %, 0 %, 15864 MiB, 16384 MiB, 119.55 W, 68
2026/09/15 02:56:26.073, 1 %, 2 %, 15864 MiB, 16384 MiB, 63.44 W, 69
2026/09/15 02:56:27.075, 17 %, 15 %, 15864 MiB, 16384 MiB, 64.18 W, 67
2026/09/15 02:56:28.078, 100 %, 35 %, 15864 MiB, 16384 MiB, 259.76 W, 71
2026/09/15 02:56:29.081, 100 %, 0 %, 15864 MiB, 16384 MiB, 120.73 W, 68
2026/09/15 02:56:30.083, 30 %, 7 %, 15864 MiB, 16384 MiB, 135.06 W, 68
2026/09/15 02:56:31.086, 1 %, 2 %, 15864 MiB, 16384 MiB, 64.05 W, 67
2026/09/15 02:56:32.088, 100 %, 87 %, 15864 MiB, 16384 MiB, 185.55 W, 68
2026/09/15 02:56:33.091, 100 %, 0 %, 15864 MiB, 16384 MiB, 122.22 W, 69
2026/09/15 02:56:34.093, 77 %, 7 %, 15864 MiB, 16384 MiB, 116.75 W, 68
2026/09/15 02:56:35.095, 1 %, 2 %, 15864 MiB, 16384 MiB, 64.49 W, 67
2026/09/15 02:56:36.098, 57 %, 53 %, 15864 MiB, 16384 MiB, 60.16 W, 68
2026/09/15 02:56:37.102, 100 %, 0 %, 15864 MiB, 16384 MiB, 140.49 W, 72
2026/09/15 02:56:38.107, 100 %, 0 %, 15864 MiB, 16384 MiB, 119.92 W, 69
2026/09/15 02:56:39.111, 1 %, 2 %, 15864 MiB, 16384 MiB, 65.84 W, 67
2026/09/15 02:56:40.114, 26 %, 24 %, 15864 MiB, 16384 MiB, 66.13 W, 68
2026/09/15 02:56:41.116, 100 %, 21 %, 15864 MiB, 16384 MiB, 241.21 W, 72
2026/09/15 02:56:42.119, 100 %, 0 %, 15864 MiB, 16384 MiB, 122.64 W, 69
2026/09/15 02:56:43.121, 1 %, 2 %, 15864 MiB, 16384 MiB, 81.34 W, 69
2026/09/15 02:56:44.126, 1 %, 2 %, 15864 MiB, 16384 MiB, 64.60 W, 68
2026/09/15 02:56:45.130, 100 %, 60 %, 15864 MiB, 16384 MiB, 211.55 W, 71
2026/09/15 02:56:46.133, 100 %, 0 %, 15864 MiB, 16384 MiB, 123.24 W, 69
2026/09/15 02:56:47.135, 51 %, 6 %, 15864 MiB, 16384 MiB, 132.64 W, 69
2026/09/15 02:56:48.138, 1 %, 3 %, 15864 MiB, 16384 MiB, 65.38 W, 68
2026/09/15 02:56:49.140, 89 %, 77 %, 15864 MiB, 16384 MiB, 153.61 W, 69
2026/09/15 02:56:50.145, 100 %, 0 %, 15864 MiB, 16384 MiB, 123.01 W, 69
2026/09/15 02:56:51.147, 88 %, 7 %, 15864 MiB, 16384 MiB, 154.20 W, 69
2026/09/15 02:56:52.149, 1 %, 2 %, 15864 MiB, 16384 MiB, 65.39 W, 68
2026/09/15 02:56:53.152, 39 %, 34 %, 15864 MiB, 16384 MiB, 151.35 W, 68
2026/09/15 02:56:54.154, 100 %, 17 %, 15864 MiB, 16384 MiB, 123.11 W, 73
2026/09/15 02:56:55.160, 100 %, 0 %, 15864 MiB, 16384 MiB, 122.99 W, 70
2026/09/15 02:56:56.162, 5 %, 4 %, 15864 MiB, 16384 MiB, 65.46 W, 70
2026/09/15 02:56:57.165, 75 %, 62 %, 15864 MiB, 16384 MiB, 64.75 W, 68
2026/09/15 02:56:58.167, 100 %, 0 %, 15864 MiB, 16384 MiB, 237.69 W, 72
2026/09/15 02:56:59.170, 100 %, 1 %, 15864 MiB, 16384 MiB, 121.93 W, 70
2026/09/15 02:57:00.173, 1 %, 2 %, 15864 MiB, 16384 MiB, 122.55 W, 69
2026/09/15 02:57:01.177, 21 %, 19 %, 15864 MiB, 16384 MiB, 65.13 W, 68
2026/09/15 02:57:02.180, 100 %, 28 %, 15864 MiB, 16384 MiB, 208.84 W, 70
2026/09/15 02:57:03.182, 100 %, 0 %, 15864 MiB, 16384 MiB, 123.10 W, 70
2026/09/15 02:57:04.184, 10 %, 8 %, 15864 MiB, 16384 MiB, 111.43 W, 70
2026/09/15 02:57:05.187, 2 %, 3 %, 15864 MiB, 16384 MiB, 65.80 W, 68
2026/09/15 02:57:06.189, 100 %, 62 %, 15864 MiB, 16384 MiB, 143.35 W, 69
2026/09/15 02:57:07.192, 100 %, 0 %, 15864 MiB, 16384 MiB, 123.76 W, 70
2026/09/15 02:57:08.194, 32 %, 7 %, 15864 MiB, 16384 MiB, 120.36 W, 70
2026/09/15 02:57:09.197, 1 %, 2 %, 15864 MiB, 16384 MiB, 65.39 W, 68
2026/09/15 02:57:10.199, 100 %, 84 %, 15864 MiB, 16384 MiB, 62.96 W, 71
2026/09/15 02:57:11.202, 100 %, 9 %, 15864 MiB, 16384 MiB, 187.29 W, 70
2026/09/15 02:57:12.206, 100 %, 0 %, 15864 MiB, 16384 MiB, 214.48 W, 73
2026/09/15 02:57:13.210, 100 %, 1 %, 15864 MiB, 16384 MiB, 123.90 W, 70
2026/09/15 02:57:14.213, 100 %, 0 %, 15864 MiB, 16384 MiB, 123.78 W, 70
2026/09/15 02:57:15.215, 100 %, 1 %, 15864 MiB, 16384 MiB, 123.69 W, 70
2026/09/15 02:57:16.217, 100 %, 0 %, 15864 MiB, 16384 MiB, 123.76 W, 71
2026/09/15 02:57:17.220, 100 %, 0 %, 15864 MiB, 16384 MiB, 123.49 W, 70
2026/09/15 02:57:18.222, 100 %, 5 %, 15864 MiB, 16384 MiB, 121.58 W, 71
2026/09/15 02:57:19.224, 100 %, 6 %, 15864 MiB, 16384 MiB, 120.82 W, 71
2026/09/15 02:57:20.227, 100 %, 36 %, 15864 MiB, 16384 MiB, 140.50 W, 71
2026/09/15 02:57:21.230, 100 %, 47 %, 15864 MiB, 16384 MiB, 64.87 W, 70
2026/09/15 02:57:22.234, 100 %, 22 %, 15864 MiB, 16384 MiB, 148.50 W, 70
2026/09/15 02:57:23.237, 100 %, 0 %, 15864 MiB, 16384 MiB, 232.12 W, 73
2026/09/15 02:57:24.239, 100 %, 0 %, 15864 MiB, 16384 MiB, 124.00 W, 71
2026/09/15 02:57:25.242, 100 %, 0 %, 15864 MiB, 16384 MiB, 124.12 W, 71
2026/09/15 02:57:26.244, 100 %, 0 %, 15864 MiB, 16384 MiB, 124.22 W, 71
2026/09/15 02:57:27.248, 100 %, 0 %, 15864 MiB, 16384 MiB, 124.43 W, 71
2026/09/15 02:57:28.250, 100 %, 0 %, 15864 MiB, 16384 MiB, 123.72 W, 71
2026/09/15 02:57:29.253, 100 %, 5 %, 15864 MiB, 16384 MiB, 122.50 W, 71
2026/09/15 02:57:30.255, 100 %, 6 %, 15864 MiB, 16384 MiB, 121.62 W, 71
2026/09/15 02:57:31.257, 100 %, 22 %, 15864 MiB, 16384 MiB, 103.96 W, 71
2026/09/15 02:57:32.260, 100 %, 48 %, 15864 MiB, 16384 MiB, 107.44 W, 70
2026/09/15 02:57:33.266, 100 %, 38 %, 15864 MiB, 16384 MiB, 256.99 W, 71
2026/09/15 02:57:34.269, 100 %, 0 %, 15864 MiB, 16384 MiB, 129.16 W, 74
2026/09/15 02:57:35.272, 100 %, 0 %, 15864 MiB, 16384 MiB, 124.79 W, 72
2026/09/15 02:57:36.274, 100 %, 1 %, 15864 MiB, 16384 MiB, 124.98 W, 72
2026/09/15 02:57:37.276, 100 %, 1 %, 15864 MiB, 16384 MiB, 125.02 W, 72
2026/09/15 02:57:38.278, 100 %, 0 %, 15864 MiB, 16384 MiB, 124.21 W, 72
2026/09/15 02:57:39.281, 100 %, 1 %, 15864 MiB, 16384 MiB, 124.63 W, 72
2026/09/15 02:57:40.283, 100 %, 0 %, 15864 MiB, 16384 MiB, 123.14 W, 72
2026/09/15 02:57:41.285, 100 %, 5 %, 15864 MiB, 16384 MiB, 121.77 W, 72
2026/09/15 02:57:42.287, 100 %, 15 %, 15864 MiB, 16384 MiB, 122.96 W, 72
2026/09/15 02:57:43.290, 100 %, 49 %, 15864 MiB, 16384 MiB, 61.04 W, 71
2026/09/15 02:57:44.293, 100 %, 46 %, 15864 MiB, 16384 MiB, 209.63 W, 71
2026/09/15 02:57:45.297, 100 %, 4 %, 15864 MiB, 16384 MiB, 203.23 W, 74
2026/09/15 02:57:46.303, 100 %, 0 %, 15864 MiB, 16384 MiB, 124.53 W, 72
2026/09/15 02:57:47.307, 100 %, 0 %, 15864 MiB, 16384 MiB, 124.44 W, 72
2026/09/15 02:57:48.309, 100 %, 0 %, 15864 MiB, 16384 MiB, 124.26 W, 72
2026/09/15 02:57:49.311, 100 %, 0 %, 15864 MiB, 16384 MiB, 124.96 W, 72
2026/09/15 02:57:50.314, 100 %, 0 %, 15864 MiB, 16384 MiB, 125.01 W, 72
2026/09/15 02:57:51.316, 100 %, 0 %, 15864 MiB, 16384 MiB, 122.07 W, 72
2026/09/15 02:57:52.318, 2 %, 3 %, 15864 MiB, 16384 MiB, 66.44 W, 70
2026/09/15 02:57:53.322, 100 %, 0 %, 15864 MiB, 16384 MiB, 124.81 W, 72
2026/09/15 02:57:54.326, 100 %, 2 %, 15864 MiB, 16384 MiB, 125.18 W, 72
2026/09/15 02:57:55.328, 1 %, 2 %, 15864 MiB, 16384 MiB, 66.17 W, 70
2026/09/15 02:57:56.331, 100 %, 0 %, 15864 MiB, 16384 MiB, 124.44 W, 72
2026/09/15 02:57:57.333, 100 %, 0 %, 15864 MiB, 16384 MiB, 121.68 W, 72
2026/09/15 02:57:58.335, 1 %, 2 %, 15864 MiB, 16384 MiB, 66.21 W, 70
2026/09/15 02:57:59.338, 100 %, 1 %, 15864 MiB, 16384 MiB, 125.10 W, 72
2026/09/15 02:58:00.340, 100 %, 3 %, 15864 MiB, 16384 MiB, 124.50 W, 71
2026/09/15 02:58:01.342, 1 %, 2 %, 15864 MiB, 16384 MiB, 67.19 W, 70
2026/09/15 02:58:02.346, 100 %, 1 %, 15864 MiB, 16384 MiB, 125.08 W, 72
2026/09/15 02:58:03.350, 100 %, 0 %, 15864 MiB, 16384 MiB, 124.42 W, 71
2026/09/15 02:58:04.352, 1 %, 3 %, 15864 MiB, 16384 MiB, 66.43 W, 70
2026/09/15 02:58:05.355, 100 %, 0 %, 15864 MiB, 16384 MiB, 124.89 W, 71
2026/09/15 02:58:06.357, 100 %, 1 %, 15864 MiB, 16384 MiB, 122.50 W, 71
2026/09/15 02:58:07.359, 1 %, 2 %, 15864 MiB, 16384 MiB, 66.20 W, 70
2026/09/15 02:58:08.362, 100 %, 0 %, 15864 MiB, 16384 MiB, 125.07 W, 71
2026/09/15 02:58:09.364, 100 %, 0 %, 15864 MiB, 16384 MiB, 123.53 W, 71
2026/09/15 02:58:10.366, 1 %, 2 %, 15864 MiB, 16384 MiB, 66.17 W, 70
2026/09/15 02:58:11.370, 100 %, 1 %, 15864 MiB, 16384 MiB, 124.61 W, 71
2026/09/15 02:58:12.373, 100 %, 1 %, 15864 MiB, 16384 MiB, 124.03 W, 71
2026/09/15 02:58:13.375, 1 %, 2 %, 15864 MiB, 16384 MiB, 65.89 W, 70
2026/09/15 02:58:14.377, 100 %, 0 %, 15864 MiB, 16384 MiB, 124.41 W, 71
2026/09/15 02:58:15.380, 100 %, 1 %, 15864 MiB, 16384 MiB, 124.50 W, 71
2026/09/15 02:58:16.382, 32 %, 24 %, 15864 MiB, 16384 MiB, 65.68 W, 69
2026/09/15 02:58:17.384, 100 %, 0 %, 15864 MiB, 16384 MiB, 124.55 W, 71
2026/09/15 02:58:18.386, 63 %, 5 %, 15864 MiB, 16384 MiB, 121.28 W, 71
2026/09/15 02:58:19.390, 15 %, 11 %, 15864 MiB, 16384 MiB, 66.76 W, 69
2026/09/15 02:58:20.393, 100 %, 0 %, 15864 MiB, 16384 MiB, 124.41 W, 71
2026/09/15 02:58:21.395, 54 %, 5 %, 15864 MiB, 16384 MiB, 124.34 W, 71
2026/09/15 02:58:22.397, 24 %, 19 %, 15864 MiB, 16384 MiB, 65.86 W, 69
2026/09/15 02:58:23.400, 100 %, 0 %, 15864 MiB, 16384 MiB, 124.13 W, 71
2026/09/15 02:58:24.402, 68 %, 4 %, 15864 MiB, 16384 MiB, 123.90 W, 71
2026/09/15 02:58:25.405, 9 %, 7 %, 15864 MiB, 16384 MiB, 65.31 W, 69
2026/09/15 02:58:26.407, 100 %, 1 %, 15864 MiB, 16384 MiB, 124.46 W, 72
2026/09/15 02:58:27.410, 82 %, 4 %, 15864 MiB, 16384 MiB, 123.79 W, 71
2026/09/15 02:58:28.413, 1 %, 2 %, 15864 MiB, 16384 MiB, 64.99 W, 69
2026/09/15 02:58:29.415, 100 %, 0 %, 15864 MiB, 16384 MiB, 124.54 W, 74
2026/09/15 02:58:30.418, 100 %, 5 %, 15864 MiB, 16384 MiB, 123.27 W, 70
2026/09/15 02:58:31.420, 1 %, 2 %, 15864 MiB, 16384 MiB, 65.83 W, 69
2026/09/15 02:58:32.423, 100 %, 0 %, 15864 MiB, 16384 MiB, 158.28 W, 74
2026/09/15 02:58:33.426, 100 %, 0 %, 15864 MiB, 16384 MiB, 122.50 W, 70
2026/09/15 02:58:34.429, 1 %, 2 %, 15864 MiB, 16384 MiB, 65.90 W, 69
2026/09/15 02:58:35.431, 100 %, 1 %, 15864 MiB, 16384 MiB, 234.82 W, 73
2026/09/15 02:58:36.434, 100 %, 1 %, 15864 MiB, 16384 MiB, 123.76 W, 70
2026/09/15 02:58:37.436, 1 %, 2 %, 15864 MiB, 16384 MiB, 65.74 W, 69
2026/09/15 02:58:38.438, 100 %, 0 %, 15864 MiB, 16384 MiB, 255.96 W, 73
2026/09/15 02:58:39.442, 100 %, 1 %, 15864 MiB, 16384 MiB, 124.50 W, 70
2026/09/15 02:58:40.444, 1 %, 3 %, 15864 MiB, 16384 MiB, 66.92 W, 69
2026/09/15 02:58:41.446, 100 %, 0 %, 15864 MiB, 16384 MiB, 233.53 W, 71
2026/09/15 02:58:42.451, 100 %, 0 %, 15864 MiB, 16384 MiB, 124.21 W, 70
2026/09/15 02:58:43.455, 1 %, 2 %, 15864 MiB, 16384 MiB, 65.50 W, 69
2026/09/15 02:58:44.458, 100 %, 2 %, 15864 MiB, 16384 MiB, 189.84 W, 70
2026/09/15 02:58:45.461, 100 %, 0 %, 15864 MiB, 16384 MiB, 123.85 W, 70
2026/09/15 02:58:46.463, 1 %, 3 %, 15864 MiB, 16384 MiB, 65.54 W, 68
2026/09/15 02:58:47.465, 100 %, 6 %, 15864 MiB, 16384 MiB, 164.11 W, 70
2026/09/15 02:58:48.468, 100 %, 0 %, 15864 MiB, 16384 MiB, 123.77 W, 70
2026/09/15 02:58:49.470, 2 %, 3 %, 15864 MiB, 16384 MiB, 76.44 W, 70
2026/09/15 02:58:50.472, 100 %, 18 %, 15864 MiB, 16384 MiB, 243.35 W, 70
2026/09/15 02:58:51.477, 100 %, 0 %, 15864 MiB, 16384 MiB, 122.60 W, 70
2026/09/15 02:58:52.480, 1 %, 2 %, 15864 MiB, 16384 MiB, 65.90 W, 68
2026/09/15 02:58:53.482, 100 %, 5 %, 15864 MiB, 16384 MiB, 220.38 W, 71
2026/09/15 02:58:54.485, 100 %, 2 %, 15864 MiB, 16384 MiB, 124.90 W, 70
2026/09/15 02:58:55.487, 100 %, 6 %, 15864 MiB, 16384 MiB, 65.88 W, 69
2026/09/15 02:58:56.489, 100 %, 9 %, 15864 MiB, 16384 MiB, 71.04 W, 68
2026/09/15 02:58:57.492, 100 %, 9 %, 15864 MiB, 16384 MiB, 71.07 W, 68
2026/09/15 02:58:58.494, 100 %, 6 %, 15864 MiB, 16384 MiB, 65.81 W, 68
2026/09/15 02:58:59.497, 100 %, 6 %, 15864 MiB, 16384 MiB, 67.13 W, 68
2026/09/15 02:59:00.499, 100 %, 9 %, 15864 MiB, 16384 MiB, 71.97 W, 67
2026/09/15 02:59:01.502, 3 %, 4 %, 15864 MiB, 16384 MiB, 64.98 W, 67
2026/09/15 02:59:02.505, 3 %, 4 %, 15864 MiB, 16384 MiB, 58.98 W, 66
2026/09/15 02:59:03.508, 1 %, 2 %, 15864 MiB, 16384 MiB, 53.54 W, 66
2026/09/15 02:59:04.510, 1 %, 2 %, 15864 MiB, 16384 MiB, 50.37 W, 66
2026/09/15 02:59:05.513, 1 %, 2 %, 15864 MiB, 16384 MiB, 50.47 W, 65
2026/09/15 02:59:06.517, 1 %, 2 %, 15864 MiB, 16384 MiB, 50.18 W, 65
2026/09/15 02:59:07.520, 1 %, 2 %, 15864 MiB, 16384 MiB, 50.21 W, 65
2026/09/15 02:59:08.524, 3 %, 4 %, 15864 MiB, 16384 MiB, 50.22 W, 65
2026/09/15 02:59:09.526, 3 %, 4 %, 15864 MiB, 16384 MiB, 49.94 W, 64
2026/09/15 02:59:10.529, 4 %, 5 %, 15864 MiB, 16384 MiB, 53.19 W, 64
2026/09/15 02:59:11.531, 1 %, 2 %, 15864 MiB, 16384 MiB, 50.15 W, 64
2026/09/15 02:59:12.534, 1 %, 2 %, 15864 MiB, 16384 MiB, 50.06 W, 64
2026/09/15 02:59:13.537, 1 %, 2 %, 15864 MiB, 16384 MiB, 50.00 W, 63
2026/09/15 02:59:14.539, 2 %, 3 %, 15864 MiB, 16384 MiB, 50.07 W, 63
2026/09/15 02:59:15.542, 1 %, 2 %, 15864 MiB, 16384 MiB, 49.87 W, 63
2026/09/15 02:59:16.544, 4 %, 4 %, 15864 MiB, 16384 MiB, 49.95 W, 63
2026/09/15 02:59:17.547, 3 %, 4 %, 15864 MiB, 16384 MiB, 49.52 W, 63
2026/09/15 02:59:18.549, 2 %, 3 %, 15864 MiB, 16384 MiB, 52.94 W, 62
2026/09/15 02:59:19.552, 1 %, 2 %, 15864 MiB, 16384 MiB, 49.49 W, 62
2026/09/15 02:59:20.554, 1 %, 3 %, 15864 MiB, 16384 MiB, 50.35 W, 62
2026/09/15 02:59:21.557, 2 %, 3 %, 15864 MiB, 16384 MiB, 50.31 W, 62
2026/09/15 02:59:22.559, 1 %, 2 %, 15864 MiB, 16384 MiB, 49.53 W, 62
2026/09/15 02:59:23.562, 54 %, 9 %, 15864 MiB, 16384 MiB, 53.84 W, 62
2026/09/15 02:59:24.564, 100 %, 6 %, 15864 MiB, 16384 MiB, 66.36 W, 62
2026/09/15 02:59:25.567, 100 %, 9 %, 15864 MiB, 16384 MiB, 68.64 W, 62
2026/09/15 02:59:26.569, 100 %, 6 %, 15864 MiB, 16384 MiB, 68.46 W, 62
2026/09/15 02:59:27.572, 100 %, 6 %, 15864 MiB, 16384 MiB, 63.20 W, 62
2026/09/15 02:59:28.577, 100 %, 8 %, 15864 MiB, 16384 MiB, 68.43 W, 62
2026/09/15 02:59:29.581, 1 %, 2 %, 15864 MiB, 16384 MiB, 62.12 W, 62
2026/09/15 02:59:30.584, 1 %, 2 %, 15864 MiB, 16384 MiB, 61.87 W, 62
2026/09/15 02:59:31.587, 1 %, 2 %, 15864 MiB, 16384 MiB, 49.11 W, 61
2026/09/15 02:59:32.589, 3 %, 4 %, 15864 MiB, 16384 MiB, 49.20 W, 61
2026/09/15 02:59:33.592, 4 %, 4 %, 15864 MiB, 16384 MiB, 48.59 W, 61
2026/09/15 02:59:34.595, 1 %, 2 %, 15864 MiB, 16384 MiB, 52.24 W, 60
2026/09/15 02:59:35.598, 1 %, 2 %, 15864 MiB, 16384 MiB, 49.01 W, 60
2026/09/15 02:59:36.601, 1 %, 2 %, 15864 MiB, 16384 MiB, 48.71 W, 60
2026/09/15 02:59:37.604, 1 %, 2 %, 15864 MiB, 16384 MiB, 49.02 W, 60
2026/09/15 02:59:38.606, 1 %, 2 %, 15864 MiB, 16384 MiB, 48.85 W, 60
2026/09/15 02:59:39.609, 3 %, 4 %, 15864 MiB, 16384 MiB, 48.94 W, 60
2026/09/15 02:59:40.612, 3 %, 4 %, 15864 MiB, 16384 MiB, 48.62 W, 60
2026/09/15 02:59:41.614, 2 %, 2 %, 15864 MiB, 16384 MiB, 52.39 W, 59
2026/09/15 02:59:42.616, 1 %, 2 %, 15864 MiB, 16384 MiB, 48.57 W, 59
2026/09/15 02:59:43.619, 1 %, 2 %, 15864 MiB, 16384 MiB, 48.73 W, 59
2026/09/15 02:59:44.621, 1 %, 2 %, 15864 MiB, 16384 MiB, 48.56 W, 59
2026/09/15 02:59:45.624, 1 %, 2 %, 15864 MiB, 16384 MiB, 48.43 W, 59
2026/09/15 02:59:46.627, 1 %, 2 %, 15864 MiB, 16384 MiB, 48.75 W, 59
2026/09/15 02:59:47.629, 3 %, 4 %, 15864 MiB, 16384 MiB, 48.63 W, 59
2026/09/15 02:59:48.632, 3 %, 4 %, 15864 MiB, 16384 MiB, 47.97 W, 59
2026/09/15 02:59:49.635, 2 %, 3 %, 15864 MiB, 16384 MiB, 51.50 W, 59
2026/09/15 02:59:50.637, 1 %, 3 %, 15864 MiB, 16384 MiB, 48.38 W, 59
2026/09/15 02:59:51.641, 1 %, 2 %, 15864 MiB, 16384 MiB, 48.29 W, 58
2026/09/15 02:59:52.643, 100 %, 6 %, 15864 MiB, 16384 MiB, 61.83 W, 59
2026/09/15 02:59:53.646, 100 %, 9 %, 15864 MiB, 16384 MiB, 67.25 W, 59
2026/09/15 02:59:54.648, 100 %, 6 %, 15864 MiB, 16384 MiB, 67.52 W, 59
2026/09/15 02:59:55.650, 100 %, 6 %, 15864 MiB, 16384 MiB, 62.38 W, 59
2026/09/15 02:59:56.653, 100 %, 6 %, 15864 MiB, 16384 MiB, 66.61 W, 59
2026/09/15 02:59:57.655, 20 %, 5 %, 15864 MiB, 16384 MiB, 61.45 W, 59
2026/09/15 02:59:58.658, 4 %, 4 %, 15864 MiB, 16384 MiB, 60.49 W, 59
2026/09/15 02:59:59.661, 4 %, 5 %, 15864 MiB, 16384 MiB, 50.98 W, 58
2026/09/15 03:00:00.665, 1 %, 2 %, 15864 MiB, 16384 MiB, 47.93 W, 58
2026/09/15 03:00:01.669, 2 %, 3 %, 15864 MiB, 16384 MiB, 48.43 W, 58
2026/09/15 03:00:02.672, 1 %, 2 %, 15864 MiB, 16384 MiB, 48.30 W, 58
2026/09/15 03:00:03.675, 2 %, 3 %, 15864 MiB, 16384 MiB, 47.90 W, 58
2026/09/15 03:00:04.679, 4 %, 4 %, 15864 MiB, 16384 MiB, 47.88 W, 58
2026/09/15 03:00:05.682, 3 %, 4 %, 15864 MiB, 16384 MiB, 47.81 W, 58
2026/09/15 03:00:06.685, 4 %, 4 %, 15864 MiB, 16384 MiB, 50.56 W, 58
2026/09/15 03:00:07.689, 1 %, 2 %, 15864 MiB, 16384 MiB, 50.90 W, 58
2026/09/15 03:00:08.692, 1 %, 2 %, 15864 MiB, 16384 MiB, 47.70 W, 57
2026/09/15 03:00:09.695, 1 %, 2 %, 15864 MiB, 16384 MiB, 47.75 W, 57
2026/09/15 03:00:10.698, 1 %, 2 %, 15864 MiB, 16384 MiB, 47.50 W, 57
2026/09/15 03:00:11.701, 1 %, 2 %, 15864 MiB, 16384 MiB, 47.35 W, 57
2026/09/15 03:00:12.705, 4 %, 5 %, 15864 MiB, 16384 MiB, 47.58 W, 57
2026/09/15 03:00:13.708, 3 %, 4 %, 15864 MiB, 16384 MiB, 47.61 W, 57
2026/09/15 03:00:14.711, 4 %, 5 %, 15864 MiB, 16384 MiB, 50.59 W, 57
2026/09/15 03:00:15.714, 1 %, 2 %, 15864 MiB, 16384 MiB, 50.77 W, 57
2026/09/15 03:00:16.718, 1 %, 2 %, 15864 MiB, 16384 MiB, 47.94 W, 57
2026/09/15 03:00:17.721, 1 %, 2 %, 15864 MiB, 16384 MiB, 47.80 W, 57
2026/09/15 03:00:18.724, 2 %, 3 %, 15864 MiB, 16384 MiB, 48.09 W, 57
2026/09/15 03:00:19.727, 3 %, 4 %, 15864 MiB, 16384 MiB, 47.77 W, 57
2026/09/15 03:00:20.730, 100 %, 6 %, 15864 MiB, 16384 MiB, 60.73 W, 58
2026/09/15 03:00:21.733, 100 %, 9 %, 15864 MiB, 16384 MiB, 67.47 W, 58
2026/09/15 03:00:22.736, 100 %, 6 %, 15864 MiB, 16384 MiB, 67.99 W, 58
2026/09/15 03:00:23.740, 100 %, 6 %, 15864 MiB, 16384 MiB, 61.10 W, 58
2026/09/15 03:00:24.743, 100 %, 8 %, 15864 MiB, 16384 MiB, 66.74 W, 58
2026/09/15 03:00:25.746, 96 %, 9 %, 15864 MiB, 16384 MiB, 65.12 W, 58
2026/09/15 03:00:26.749, 1 %, 2 %, 15864 MiB, 16384 MiB, 60.72 W, 58
2026/09/15 03:00:27.753, 1 %, 2 %, 15864 MiB, 16384 MiB, 47.62 W, 57
2026/09/15 03:00:28.756, 1 %, 2 %, 15864 MiB, 16384 MiB, 47.70 W, 57
2026/09/15 03:00:29.760, 4 %, 5 %, 15864 MiB, 16384 MiB, 47.89 W, 57
2026/09/15 03:00:30.763, 3 %, 4 %, 15864 MiB, 16384 MiB, 47.72 W, 57
2026/09/15 03:00:31.766, 3 %, 4 %, 15864 MiB, 16384 MiB, 50.13 W, 57
2026/09/15 03:00:32.769, 1 %, 2 %, 15864 MiB, 16384 MiB, 50.56 W, 57
2026/09/15 03:00:33.772, 1 %, 2 %, 15864 MiB, 16384 MiB, 47.62 W, 57
2026/09/15 03:00:34.776, 1 %, 2 %, 15864 MiB, 16384 MiB, 47.47 W, 57
2026/09/15 03:00:35.779, 1 %, 2 %, 15864 MiB, 16384 MiB, 47.61 W, 57
2026/09/15 03:00:36.782, 4 %, 5 %, 15864 MiB, 16384 MiB, 47.52 W, 57
2026/09/15 03:00:37.786, 4 %, 4 %, 15864 MiB, 16384 MiB, 47.68 W, 56
2026/09/15 03:00:38.789, 3 %, 4 %, 15864 MiB, 16384 MiB, 47.35 W, 56
2026/09/15 03:00:39.792, 4 %, 4 %, 15864 MiB, 16384 MiB, 50.03 W, 56
2026/09/15 03:00:40.795, 1 %, 2 %, 15864 MiB, 16384 MiB, 47.16 W, 56
2026/09/15 03:00:41.798, 1 %, 2 %, 15864 MiB, 16384 MiB, 47.36 W, 56
2026/09/15 03:00:42.802, 2 %, 3 %, 15864 MiB, 16384 MiB, 48.11 W, 56
2026/09/15 03:00:43.805, 1 %, 2 %, 15864 MiB, 16384 MiB, 47.22 W, 56
2026/09/15 03:00:44.808, 3 %, 4 %, 15864 MiB, 16384 MiB, 47.20 W, 56
2026/09/15 03:00:45.812, 4 %, 5 %, 15864 MiB, 16384 MiB, 49.97 W, 56
2026/09/15 03:00:46.815, 2 %, 3 %, 15864 MiB, 16384 MiB, 50.35 W, 56
2026/09/15 03:00:47.818, 1 %, 2 %, 15864 MiB, 16384 MiB, 47.01 W, 56
2026/09/15 03:00:48.821, 100 %, 9 %, 15864 MiB, 16384 MiB, 66.01 W, 57
2026/09/15 03:00:49.825, 100 %, 7 %, 15864 MiB, 16384 MiB, 66.14 W, 57
2026/09/15 03:00:50.829, 100 %, 6 %, 15864 MiB, 16384 MiB, 65.95 W, 57
2026/09/15 03:00:51.832, 100 %, 6 %, 15864 MiB, 16384 MiB, 60.63 W, 57
2026/09/15 03:00:52.835, 100 %, 9 %, 15864 MiB, 16384 MiB, 66.05 W, 57
2026/09/15 03:00:53.839, 100 %, 6 %, 15864 MiB, 16384 MiB, 65.97 W, 57
2026/09/15 03:00:54.843, 3 %, 4 %, 15864 MiB, 16384 MiB, 59.39 W, 57
2026/09/15 03:00:55.846, 3 %, 4 %, 15864 MiB, 16384 MiB, 63.90 W, 57
2026/09/15 03:00:56.850, 1 %, 2 %, 15864 MiB, 16384 MiB, 47.39 W, 56
2026/09/15 03:00:57.853, 1 %, 2 %, 15864 MiB, 16384 MiB, 47.40 W, 56
2026/09/15 03:00:58.856, 1 %, 3 %, 15864 MiB, 16384 MiB, 47.19 W, 56
2026/09/15 03:00:59.859, 1 %, 2 %, 15864 MiB, 16384 MiB, 47.04 W, 56
2026/09/15 03:01:00.863, 4 %, 4 %, 15864 MiB, 16384 MiB, 47.45 W, 56
2026/09/15 03:01:01.866, 4 %, 4 %, 15864 MiB, 16384 MiB, 47.30 W, 56
2026/09/15 03:01:02.869, 4 %, 4 %, 15864 MiB, 16384 MiB, 50.93 W, 56
2026/09/15 03:01:03.872, 1 %, 2 %, 15864 MiB, 16384 MiB, 47.92 W, 56
2026/09/15 03:01:04.876, 1 %, 2 %, 15864 MiB, 16384 MiB, 47.27 W, 56
2026/09/15 03:01:05.879, 1 %, 2 %, 15864 MiB, 16384 MiB, 47.43 W, 56
2026/09/15 03:01:06.882, 1 %, 2 %, 15864 MiB, 16384 MiB, 47.31 W, 56
2026/09/15 03:01:07.885, 4 %, 4 %, 15864 MiB, 16384 MiB, 47.47 W, 56
2026/09/15 03:01:08.888, 4 %, 4 %, 15864 MiB, 16384 MiB, 46.90 W, 56
2026/09/15 03:01:09.892, 4 %, 5 %, 15864 MiB, 16384 MiB, 49.97 W, 56
2026/09/15 03:01:10.895, 1 %, 2 %, 15864 MiB, 16384 MiB, 49.17 W, 56
2026/09/15 03:01:11.898, 1 %, 2 %, 15864 MiB, 16384 MiB, 47.25 W, 56
2026/09/15 03:01:12.901, 1 %, 2 %, 15864 MiB, 16384 MiB, 47.08 W, 56
2026/09/15 03:01:13.904, 1 %, 3 %, 15864 MiB, 16384 MiB, 47.30 W, 56
2026/09/15 03:01:14.907, 2 %, 3 %, 15864 MiB, 16384 MiB, 47.17 W, 56
2026/09/15 03:01:15.910, 3 %, 4 %, 15864 MiB, 16384 MiB, 47.05 W, 56
2026/09/15 03:01:16.914, 11 %, 8 %, 15864 MiB, 16384 MiB, 55.27 W, 56
2026/09/15 03:01:17.917, 100 %, 6 %, 15864 MiB, 16384 MiB, 65.90 W, 57
2026/09/15 03:01:18.920, 100 %, 6 %, 15864 MiB, 16384 MiB, 60.59 W, 57
2026/09/15 03:01:19.924, 100 %, 9 %, 15864 MiB, 16384 MiB, 65.87 W, 57
2026/09/15 03:01:20.927, 100 %, 8 %, 15864 MiB, 16384 MiB, 65.65 W, 57
2026/09/15 03:01:21.931, 100 %, 6 %, 15864 MiB, 16384 MiB, 65.79 W, 57
2026/09/15 03:01:22.934, 1 %, 3 %, 15864 MiB, 16384 MiB, 59.86 W, 57
2026/09/15 03:01:23.937, 1 %, 2 %, 15864 MiB, 16384 MiB, 61.18 W, 57
2026/09/15 03:01:24.940, 3 %, 4 %, 15864 MiB, 16384 MiB, 47.68 W, 56
2026/09/15 03:01:25.944, 4 %, 4 %, 15864 MiB, 16384 MiB, 49.78 W, 56
2026/09/15 03:01:26.947, 1 %, 2 %, 15864 MiB, 16384 MiB, 50.26 W, 56
2026/09/15 03:01:27.950, 1 %, 2 %, 15864 MiB, 16384 MiB, 46.95 W, 56
2026/09/15 03:01:28.953, 2 %, 3 %, 15864 MiB, 16384 MiB, 47.02 W, 56
2026/09/15 03:01:29.956, 1 %, 2 %, 15864 MiB, 16384 MiB, 46.90 W, 56
2026/09/15 03:01:30.959, 4 %, 5 %, 15864 MiB, 16384 MiB, 47.07 W, 56
2026/09/15 03:01:31.962, 4 %, 4 %, 15864 MiB, 16384 MiB, 47.12 W, 56
2026/09/15 03:01:32.965, 4 %, 4 %, 15864 MiB, 16384 MiB, 46.75 W, 56
2026/09/15 03:01:33.969, 1 %, 2 %, 15864 MiB, 16384 MiB, 49.90 W, 56
2026/09/15 03:01:34.972, 1 %, 2 %, 15864 MiB, 16384 MiB, 48.72 W, 56
2026/09/15 03:01:35.975, 1 %, 2 %, 15864 MiB, 16384 MiB, 47.10 W, 56
2026/09/15 03:01:36.978, 1 %, 2 %, 15864 MiB, 16384 MiB, 47.08 W, 56
2026/09/15 03:01:37.981, 1 %, 2 %, 15864 MiB, 16384 MiB, 47.24 W, 56
2026/09/15 03:01:38.985, 1 %, 2 %, 15864 MiB, 16384 MiB, 47.11 W, 56
2026/09/15 03:01:39.988, 4 %, 4 %, 15864 MiB, 16384 MiB, 47.07 W, 56
2026/09/15 03:01:40.991, 3 %, 4 %, 15864 MiB, 16384 MiB, 46.20 W, 56
2026/09/15 03:01:41.995, 1 %, 2 %, 15864 MiB, 16384 MiB, 49.76 W, 56
2026/09/15 03:01:42.998, 1 %, 2 %, 15864 MiB, 16384 MiB, 46.84 W, 56
2026/09/15 03:01:44.001, 2 %, 3 %, 15864 MiB, 16384 MiB, 47.47 W, 56
2026/09/15 03:01:45.004, 1 %, 2 %, 15864 MiB, 16384 MiB, 47.49 W, 55
2026/09/15 03:01:46.008, 100 %, 6 %, 15864 MiB, 16384 MiB, 65.36 W, 56
2026/09/15 03:01:47.011, 100 %, 6 %, 15864 MiB, 16384 MiB, 65.55 W, 57
2026/09/15 03:01:48.014, 100 %, 6 %, 15864 MiB, 16384 MiB, 60.48 W, 57
2026/09/15 03:01:49.017, 100 %, 9 %, 15864 MiB, 16384 MiB, 65.61 W, 57
2026/09/15 03:01:50.020, 100 %, 6 %, 15864 MiB, 16384 MiB, 65.84 W, 57
2026/09/15 03:01:51.024, 54 %, 5 %, 15864 MiB, 16384 MiB, 59.16 W, 57
2026/09/15 03:01:52.027, 1 %, 2 %, 15864 MiB, 16384 MiB, 63.51 W, 57
2026/09/15 03:01:53.031, 1 %, 2 %, 15864 MiB, 16384 MiB, 47.19 W, 56
2026/09/15 03:01:54.034, 1 %, 2 %, 15864 MiB, 16384 MiB, 47.18 W, 56
2026/09/15 03:01:55.037, 2 %, 3 %, 15864 MiB, 16384 MiB, 47.31 W, 56
2026/09/15 03:01:56.040, 1 %, 2 %, 15864 MiB, 16384 MiB, 47.18 W, 56
2026/09/15 03:01:57.044, 3 %, 4 %, 15864 MiB, 16384 MiB, 47.11 W, 56
2026/09/15 03:01:58.047, 3 %, 4 %, 15864 MiB, 16384 MiB, 46.99 W, 56
2026/09/15 03:01:59.050, 4 %, 5 %, 15864 MiB, 16384 MiB, 49.69 W, 56
2026/09/15 03:02:00.053, 1 %, 2 %, 15864 MiB, 16384 MiB, 49.71 W, 56
2026/09/15 03:02:01.056, 1 %, 2 %, 15864 MiB, 16384 MiB, 47.08 W, 56
2026/09/15 03:02:02.060, 1 %, 2 %, 15864 MiB, 16384 MiB, 47.11 W, 56
2026/09/15 03:02:03.063, 1 %, 2 %, 15864 MiB, 16384 MiB, 47.15 W, 56
2026/09/15 03:02:04.066, 3 %, 4 %, 15864 MiB, 16384 MiB, 47.43 W, 56
2026/09/15 03:02:05.070, 3 %, 4 %, 15864 MiB, 16384 MiB, 47.65 W, 56
2026/09/15 03:02:06.073, 3 %, 4 %, 15864 MiB, 16384 MiB, 46.56 W, 56
2026/09/15 03:02:07.077, 1 %, 2 %, 15864 MiB, 16384 MiB, 50.14 W, 56
2026/09/15 03:02:08.080, 2 %, 3 %, 15864 MiB, 16384 MiB, 47.35 W, 56
2026/09/15 03:02:09.083, 1 %, 2 %, 15864 MiB, 16384 MiB, 47.31 W, 56
2026/09/15 03:02:10.086, 1 %, 2 %, 15864 MiB, 16384 MiB, 47.36 W, 56
2026/09/15 03:02:11.090, 1 %, 2 %, 15864 MiB, 16384 MiB, 47.35 W, 56
2026/09/15 03:02:12.093, 3 %, 4 %, 15864 MiB, 16384 MiB, 47.29 W, 56
2026/09/15 03:02:13.097, 3 %, 4 %, 15864 MiB, 16384 MiB, 47.14 W, 56
2026/09/15 03:02:14.100, 0 %, 0 %, 15864 MiB, 16384 MiB, 56.79 W, 56
2026/09/15 03:02:15.103, 0 %, 0 %, 15864 MiB, 16384 MiB, 57.26 W, 56
2026/09/15 03:02:16.107, 0 %, 0 %, 15864 MiB, 16384 MiB, 46.02 W, 56
2026/09/15 03:02:17.110, 0 %, 0 %, 15864 MiB, 16384 MiB, 45.97 W, 55
2026/09/15 03:02:18.114, 0 %, 0 %, 15864 MiB, 16384 MiB, 46.11 W, 55
2026/09/15 03:02:19.117, 0 %, 0 %, 15864 MiB, 16384 MiB, 45.93 W, 55
2026/09/15 03:02:20.120, 0 %, 0 %, 15864 MiB, 16384 MiB, 45.83 W, 55
2026/09/15 03:02:21.123, 0 %, 0 %, 15864 MiB, 16384 MiB, 45.92 W, 55
2026/09/15 03:02:22.126, 0 %, 0 %, 15864 MiB, 16384 MiB, 45.71 W, 55
2026/09/15 03:02:23.129, 0 %, 0 %, 15864 MiB, 16384 MiB, 45.86 W, 55
2026/09/15 03:02:24.132, 0 %, 0 %, 15864 MiB, 16384 MiB, 45.99 W, 55
2026/09/15 03:02:25.135, 0 %, 0 %, 15864 MiB, 16384 MiB, 45.75 W, 55
2026/09/15 03:02:26.138, 0 %, 0 %, 15864 MiB, 16384 MiB, 46.05 W, 55
2026/09/15 03:02:27.141, 0 %, 0 %, 15864 MiB, 16384 MiB, 46.03 W, 55
2026/09/15 03:02:28.144, 0 %, 0 %, 15864 MiB, 16384 MiB, 45.78 W, 55
2026/09/15 03:02:29.146, 100 %, 7 %, 15868 MiB, 16384 MiB, 70.12 W, 56
2026/09/15 03:02:30.150, 100 %, 7 %, 15868 MiB, 16384 MiB, 60.43 W, 56
2026/09/15 03:02:31.153, 100 %, 9 %, 15868 MiB, 16384 MiB, 70.40 W, 56
2026/09/15 03:02:32.156, 100 %, 7 %, 15868 MiB, 16384 MiB, 60.52 W, 57
2026/09/15 03:02:33.159, 100 %, 9 %, 15868 MiB, 16384 MiB, 70.38 W, 57
2026/09/15 03:02:34.163, 100 %, 7 %, 15868 MiB, 16384 MiB, 60.35 W, 57
2026/09/15 03:02:35.166, 1 %, 2 %, 15868 MiB, 16384 MiB, 59.84 W, 57
2026/09/15 03:02:36.170, 6 %, 4 %, 15868 MiB, 16384 MiB, 47.22 W, 56
2026/09/15 03:02:37.173, 3 %, 2 %, 15868 MiB, 16384 MiB, 47.19 W, 56
2026/09/15 03:02:38.176, 1 %, 2 %, 15868 MiB, 16384 MiB, 52.48 W, 56
2026/09/15 03:02:39.179, 1 %, 2 %, 15868 MiB, 16384 MiB, 52.95 W, 56
2026/09/15 03:02:40.182, 1 %, 2 %, 15868 MiB, 16384 MiB, 47.20 W, 56
2026/09/15 03:02:41.185, 1 %, 2 %, 15868 MiB, 16384 MiB, 47.10 W, 56
2026/09/15 03:02:42.188, 7 %, 5 %, 15868 MiB, 16384 MiB, 47.14 W, 56
2026/09/15 03:02:43.191, 6 %, 4 %, 15868 MiB, 16384 MiB, 47.14 W, 56
2026/09/15 03:02:44.194, 7 %, 5 %, 15868 MiB, 16384 MiB, 47.24 W, 56
2026/09/15 03:02:45.198, 1 %, 2 %, 15868 MiB, 16384 MiB, 52.42 W, 56
2026/09/15 03:02:46.201, 1 %, 2 %, 15868 MiB, 16384 MiB, 48.06 W, 56
2026/09/15 03:02:47.204, 1 %, 2 %, 15868 MiB, 16384 MiB, 47.71 W, 56
2026/09/15 03:02:48.207, 1 %, 3 %, 15868 MiB, 16384 MiB, 47.18 W, 56
2026/09/15 03:02:49.210, 6 %, 4 %, 15868 MiB, 16384 MiB, 46.82 W, 56
2026/09/15 03:02:50.213, 7 %, 4 %, 15868 MiB, 16384 MiB, 47.02 W, 56
2026/09/15 03:02:51.217, 7 %, 5 %, 15868 MiB, 16384 MiB, 47.17 W, 56
2026/09/15 03:02:52.220, 1 %, 2 %, 15868 MiB, 16384 MiB, 46.60 W, 56
2026/09/15 03:02:53.223, 1 %, 2 %, 15868 MiB, 16384 MiB, 52.38 W, 56
2026/09/15 03:02:54.227, 1 %, 3 %, 15868 MiB, 16384 MiB, 47.19 W, 56
2026/09/15 03:02:55.230, 1 %, 2 %, 15868 MiB, 16384 MiB, 47.27 W, 56
2026/09/15 03:02:56.234, 6 %, 4 %, 15868 MiB, 16384 MiB, 47.13 W, 56
2026/09/15 03:02:57.237, 17 %, 9 %, 15868 MiB, 16384 MiB, 51.21 W, 56
2026/09/15 03:02:58.240, 100 %, 6 %, 15868 MiB, 16384 MiB, 63.17 W, 57
2026/09/15 03:02:59.244, 100 %, 6 %, 15868 MiB, 16384 MiB, 60.47 W, 57
2026/09/15 03:03:00.247, 100 %, 9 %, 15868 MiB, 16384 MiB, 66.18 W, 57
2026/09/15 03:03:01.251, 100 %, 8 %, 15868 MiB, 16384 MiB, 66.57 W, 57
2026/09/15 03:03:02.254, 100 %, 6 %, 15868 MiB, 16384 MiB, 60.88 W, 57
2026/09/15 03:03:03.258, 1 %, 3 %, 15868 MiB, 16384 MiB, 59.40 W, 57
2026/09/15 03:03:04.262, 1 %, 2 %, 15868 MiB, 16384 MiB, 59.97 W, 57
2026/09/15 03:03:05.265, 3 %, 4 %, 15868 MiB, 16384 MiB, 47.51 W, 56
2026/09/15 03:03:06.269, 4 %, 4 %, 15868 MiB, 16384 MiB, 47.59 W, 56
2026/09/15 03:03:07.272, 1 %, 2 %, 15868 MiB, 16384 MiB, 48.00 W, 56
2026/09/15 03:03:08.276, 1 %, 2 %, 15868 MiB, 16384 MiB, 51.29 W, 56
2026/09/15 03:03:09.279, 1 %, 2 %, 15868 MiB, 16384 MiB, 50.62 W, 56
2026/09/15 03:03:10.282, 1 %, 2 %, 15868 MiB, 16384 MiB, 47.34 W, 56
2026/09/15 03:03:11.286, 1 %, 2 %, 15868 MiB, 16384 MiB, 47.15 W, 56
2026/09/15 03:03:12.289, 4 %, 4 %, 15868 MiB, 16384 MiB, 47.11 W, 56
2026/09/15 03:03:13.292, 4 %, 4 %, 15868 MiB, 16384 MiB, 46.98 W, 56
2026/09/15 03:03:14.296, 4 %, 4 %, 15868 MiB, 16384 MiB, 46.93 W, 56
2026/09/15 03:03:15.299, 1 %, 2 %, 15868 MiB, 16384 MiB, 46.58 W, 56
2026/09/15 03:03:16.302, 1 %, 2 %, 15868 MiB, 16384 MiB, 50.05 W, 56
2026/09/15 03:03:17.305, 1 %, 2 %, 15868 MiB, 16384 MiB, 50.30 W, 56
2026/09/15 03:03:18.309, 2 %, 3 %, 15868 MiB, 16384 MiB, 46.89 W, 56
2026/09/15 03:03:19.313, 1 %, 2 %, 15868 MiB, 16384 MiB, 47.17 W, 56
2026/09/15 03:03:20.316, 1 %, 2 %, 15868 MiB, 16384 MiB, 47.18 W, 56
2026/09/15 03:03:21.319, 3 %, 4 %, 15868 MiB, 16384 MiB, 47.12 W, 56
2026/09/15 03:03:22.322, 4 %, 4 %, 15868 MiB, 16384 MiB, 47.41 W, 56
2026/09/15 03:03:23.327, 1 %, 2 %, 15868 MiB, 16384 MiB, 46.75 W, 56
2026/09/15 03:03:24.331, 2 %, 3 %, 15868 MiB, 16384 MiB, 50.45 W, 56
2026/09/15 03:03:25.335, 1 %, 2 %, 15868 MiB, 16384 MiB, 46.90 W, 56
2026/09/15 03:03:26.340, 100 %, 9 %, 15868 MiB, 16384 MiB, 66.17 W, 56
2026/09/15 03:03:27.343, 100 %, 8 %, 15868 MiB, 16384 MiB, 66.39 W, 57
2026/09/15 03:03:28.347, 100 %, 6 %, 15868 MiB, 16384 MiB, 61.94 W, 57
2026/09/15 03:03:29.350, 100 %, 6 %, 15868 MiB, 16384 MiB, 67.60 W, 57
2026/09/15 03:03:30.353, 100 %, 9 %, 15868 MiB, 16384 MiB, 65.97 W, 57
2026/09/15 03:03:31.357, 38 %, 5 %, 15868 MiB, 16384 MiB, 59.98 W, 57
2026/09/15 03:03:32.360, 4 %, 5 %, 15868 MiB, 16384 MiB, 60.07 W, 57
2026/09/15 03:03:33.363, 1 %, 2 %, 15868 MiB, 16384 MiB, 46.42 W, 56
2026/09/15 03:03:34.367, 1 %, 2 %, 15868 MiB, 16384 MiB, 50.52 W, 56
2026/09/15 03:03:35.370, 2 %, 3 %, 15868 MiB, 16384 MiB, 46.92 W, 56
2026/09/15 03:03:36.373, 1 %, 3 %, 15868 MiB, 16384 MiB, 47.31 W, 56
2026/09/15 03:03:37.376, 1 %, 2 %, 15868 MiB, 16384 MiB, 47.33 W, 56
2026/09/15 03:03:38.381, 4 %, 4 %, 15868 MiB, 16384 MiB, 47.28 W, 56
2026/09/15 03:03:39.383, 4 %, 4 %, 15868 MiB, 16384 MiB, 47.38 W, 56
2026/09/15 03:03:40.387, 1 %, 2 %, 15868 MiB, 16384 MiB, 47.39 W, 56
2026/09/15 03:03:41.390, 3 %, 4 %, 15868 MiB, 16384 MiB, 46.70 W, 56
2026/09/15 03:03:42.393, 4 %, 4 %, 15868 MiB, 16384 MiB, 50.53 W, 56
2026/09/15 03:03:43.396, 1 %, 2 %, 15868 MiB, 16384 MiB, 47.29 W, 56
2026/09/15 03:03:44.399, 1 %, 2 %, 15868 MiB, 16384 MiB, 47.44 W, 56
2026/09/15 03:03:45.402, 1 %, 2 %, 15868 MiB, 16384 MiB, 47.22 W, 56
2026/09/15 03:03:46.406, 1 %, 2 %, 15868 MiB, 16384 MiB, 47.43 W, 56
2026/09/15 03:03:47.409, 1 %, 2 %, 15868 MiB, 16384 MiB, 47.35 W, 56
2026/09/15 03:03:48.412, 4 %, 5 %, 15868 MiB, 16384 MiB, 46.92 W, 56
2026/09/15 03:03:49.415, 4 %, 4 %, 15868 MiB, 16384 MiB, 50.49 W, 56
2026/09/15 03:03:50.418, 4 %, 4 %, 15868 MiB, 16384 MiB, 50.71 W, 56
2026/09/15 03:03:51.421, 1 %, 2 %, 15868 MiB, 16384 MiB, 46.71 W, 56
2026/09/15 03:03:52.424, 1 %, 2 %, 15868 MiB, 16384 MiB, 46.79 W, 56
2026/09/15 03:03:53.428, 1 %, 2 %, 15868 MiB, 16384 MiB, 46.78 W, 56
2026/09/15 03:03:54.431, 100 %, 6 %, 15868 MiB, 16384 MiB, 66.11 W, 56
2026/09/15 03:03:55.437, 100 %, 9 %, 15868 MiB, 16384 MiB, 60.53 W, 57
2026/09/15 03:03:56.443, 100 %, 6 %, 15868 MiB, 16384 MiB, 61.58 W, 57
2026/09/15 03:03:57.446, 100 %, 6 %, 15868 MiB, 16384 MiB, 66.30 W, 57
2026/09/15 03:03:58.449, 100 %, 9 %, 15868 MiB, 16384 MiB, 66.24 W, 57
2026/09/15 03:03:59.451, 30 %, 5 %, 15868 MiB, 16384 MiB, 58.26 W, 57
2026/09/15 03:04:00.455, 4 %, 5 %, 15868 MiB, 16384 MiB, 59.17 W, 57
2026/09/15 03:04:01.458, 1 %, 2 %, 15868 MiB, 16384 MiB, 47.17 W, 56
2026/09/15 03:04:02.462, 1 %, 2 %, 15868 MiB, 16384 MiB, 47.03 W, 56
2026/09/15 03:04:03.465, 2 %, 3 %, 15868 MiB, 16384 MiB, 47.29 W, 56
2026/09/15 03:04:04.468, 4 %, 5 %, 15868 MiB, 16384 MiB, 47.22 W, 56
2026/09/15 03:04:05.472, 4 %, 4 %, 15868 MiB, 16384 MiB, 50.05 W, 56
2026/09/15 03:04:06.474, 4 %, 4 %, 15868 MiB, 16384 MiB, 50.12 W, 56
2026/09/15 03:04:07.478, 1 %, 2 %, 15868 MiB, 16384 MiB, 47.12 W, 56
2026/09/15 03:04:08.481, 1 %, 2 %, 15868 MiB, 16384 MiB, 47.24 W, 56
2026/09/15 03:04:09.484, 1 %, 2 %, 15868 MiB, 16384 MiB, 47.62 W, 56
2026/09/15 03:04:10.487, 1 %, 2 %, 15868 MiB, 16384 MiB, 47.33 W, 56
2026/09/15 03:04:11.491, 1 %, 2 %, 15868 MiB, 16384 MiB, 47.08 W, 56
2026/09/15 03:04:12.494, 4 %, 4 %, 15868 MiB, 16384 MiB, 46.84 W, 56
2026/09/15 03:04:13.498, 4 %, 4 %, 15868 MiB, 16384 MiB, 50.10 W, 56
2026/09/15 03:04:14.501, 4 %, 5 %, 15868 MiB, 16384 MiB, 46.76 W, 56
2026/09/15 03:04:15.505, 1 %, 2 %, 15868 MiB, 16384 MiB, 47.03 W, 56
2026/09/15 03:04:16.508, 2 %, 3 %, 15868 MiB, 16384 MiB, 47.13 W, 56
2026/09/15 03:04:17.511, 1 %, 2 %, 15868 MiB, 16384 MiB, 47.16 W, 56
2026/09/15 03:04:18.515, 1 %, 2 %, 15868 MiB, 16384 MiB, 46.93 W, 56
2026/09/15 03:04:19.518, 1 %, 2 %, 15868 MiB, 16384 MiB, 47.08 W, 56
2026/09/15 03:04:20.522, 4 %, 4 %, 15868 MiB, 16384 MiB, 46.77 W, 56
2026/09/15 03:04:21.525, 4 %, 4 %, 15868 MiB, 16384 MiB, 50.15 W, 56
2026/09/15 03:04:22.529, 100 %, 6 %, 15868 MiB, 16384 MiB, 66.04 W, 56
2026/09/15 03:04:23.532, 100 %, 9 %, 15868 MiB, 16384 MiB, 66.10 W, 57
2026/09/15 03:04:24.536, 100 %, 6 %, 15868 MiB, 16384 MiB, 60.58 W, 57
2026/09/15 03:04:25.539, 100 %, 6 %, 15868 MiB, 16384 MiB, 66.15 W, 57
2026/09/15 03:04:26.543, 100 %, 9 %, 15868 MiB, 16384 MiB, 66.40 W, 57
2026/09/15 03:04:27.546, 100 %, 8 %, 15868 MiB, 16384 MiB, 60.54 W, 57
2026/09/15 03:04:28.549, 1 %, 2 %, 15868 MiB, 16384 MiB, 59.93 W, 57
2026/09/15 03:04:29.553, 3 %, 4 %, 15868 MiB, 16384 MiB, 58.96 W, 57
2026/09/15 03:04:30.556, 4 %, 4 %, 15868 MiB, 16384 MiB, 50.72 W, 56
2026/09/15 03:04:31.560, 1 %, 2 %, 15868 MiB, 16384 MiB, 47.64 W, 56
2026/09/15 03:04:32.564, 1 %, 2 %, 15868 MiB, 16384 MiB, 46.97 W, 56
2026/09/15 03:04:33.570, 1 %, 2 %, 15868 MiB, 16384 MiB, 47.16 W, 56
2026/09/15 03:04:34.572, 1 %, 2 %, 15868 MiB, 16384 MiB, 47.11 W, 56
2026/09/15 03:04:35.575, 1 %, 2 %, 15868 MiB, 16384 MiB, 47.22 W, 56
2026/09/15 03:04:36.577, 4 %, 4 %, 15868 MiB, 16384 MiB, 46.92 W, 56
2026/09/15 03:04:37.580, 3 %, 4 %, 15868 MiB, 16384 MiB, 50.09 W, 56
2026/09/15 03:04:38.583, 4 %, 5 %, 15868 MiB, 16384 MiB, 47.00 W, 56
2026/09/15 03:04:39.586, 1 %, 2 %, 15868 MiB, 16384 MiB, 47.11 W, 56
2026/09/15 03:04:40.590, 1 %, 2 %, 15868 MiB, 16384 MiB, 47.06 W, 56
2026/09/15 03:04:41.593, 2 %, 3 %, 15868 MiB, 16384 MiB, 47.11 W, 56
2026/09/15 03:04:42.596, 1 %, 2 %, 15868 MiB, 16384 MiB, 47.07 W, 56
2026/09/15 03:04:43.599, 1 %, 2 %, 15868 MiB, 16384 MiB, 47.10 W, 56
2026/09/15 03:04:44.603, 4 %, 4 %, 15868 MiB, 16384 MiB, 47.02 W, 56
2026/09/15 03:04:45.606, 4 %, 4 %, 15868 MiB, 16384 MiB, 50.15 W, 56
2026/09/15 03:04:46.609, 1 %, 2 %, 15868 MiB, 16384 MiB, 46.78 W, 56
2026/09/15 03:04:47.613, 2 %, 3 %, 15868 MiB, 16384 MiB, 47.26 W, 56
2026/09/15 03:04:48.616, 2 %, 3 %, 15868 MiB, 16384 MiB, 47.23 W, 56
2026/09/15 03:04:49.619, 1 %, 2 %, 15868 MiB, 16384 MiB, 47.24 W, 56
2026/09/15 03:04:50.623, 92 %, 13 %, 15868 MiB, 16384 MiB, 51.89 W, 56
2026/09/15 03:04:51.626, 100 %, 6 %, 15868 MiB, 16384 MiB, 61.74 W, 57
2026/09/15 03:04:52.630, 100 %, 6 %, 15868 MiB, 16384 MiB, 66.35 W, 57
2026/09/15 03:04:53.633, 100 %, 8 %, 15868 MiB, 16384 MiB, 66.45 W, 57
2026/09/15 03:04:54.636, 100 %, 9 %, 15868 MiB, 16384 MiB, 60.23 W, 57
2026/09/15 03:04:55.639, 100 %, 6 %, 15868 MiB, 16384 MiB, 64.49 W, 57
2026/09/15 03:04:56.643, 1 %, 2 %, 15868 MiB, 16384 MiB, 59.78 W, 57
2026/09/15 03:04:57.646, 1 %, 2 %, 15868 MiB, 16384 MiB, 59.71 W, 57
2026/09/15 03:04:58.649, 1 %, 2 %, 15868 MiB, 16384 MiB, 47.08 W, 56
2026/09/15 03:04:59.653, 1 %, 2 %, 15868 MiB, 16384 MiB, 47.17 W, 56
2026/09/15 03:05:00.657, 4 %, 4 %, 15868 MiB, 16384 MiB, 46.78 W, 56
2026/09/15 03:05:01.660, 4 %, 4 %, 15868 MiB, 16384 MiB, 50.06 W, 56
2026/09/15 03:05:02.664, 1 %, 2 %, 15868 MiB, 16384 MiB, 47.12 W, 56
2026/09/15 03:05:03.667, 1 %, 2 %, 15868 MiB, 16384 MiB, 47.15 W, 56
2026/09/15 03:05:04.670, 1 %, 2 %, 15868 MiB, 16384 MiB, 47.21 W, 56
2026/09/15 03:05:05.673, 1 %, 2 %, 15868 MiB, 16384 MiB, 47.18 W, 56
2026/09/15 03:05:06.677, 1 %, 2 %, 15868 MiB, 16384 MiB, 47.17 W, 56
2026/09/15 03:05:07.680, 3 %, 4 %, 15868 MiB, 16384 MiB, 46.66 W, 56
2026/09/15 03:05:08.683, 4 %, 4 %, 15868 MiB, 16384 MiB, 50.35 W, 56
2026/09/15 03:05:09.687, 4 %, 5 %, 15868 MiB, 16384 MiB, 47.00 W, 56
2026/09/15 03:05:10.690, 1 %, 2 %, 15868 MiB, 16384 MiB, 47.87 W, 56
2026/09/15 03:05:11.694, 1 %, 2 %, 15868 MiB, 16384 MiB, 47.83 W, 56
2026/09/15 03:05:12.697, 1 %, 2 %, 15868 MiB, 16384 MiB, 47.12 W, 56
2026/09/15 03:05:13.701, 3 %, 4 %, 15868 MiB, 16384 MiB, 47.39 W, 56
2026/09/15 03:05:14.704, 4 %, 4 %, 15868 MiB, 16384 MiB, 46.85 W, 56
2026/09/15 03:05:15.708, 4 %, 4 %, 15868 MiB, 16384 MiB, 49.74 W, 56
2026/09/15 03:05:16.711, 3 %, 4 %, 15868 MiB, 16384 MiB, 46.28 W, 55
2026/09/15 03:05:17.714, 1 %, 2 %, 15868 MiB, 16384 MiB, 46.84 W, 55
2026/09/15 03:05:18.718, 1 %, 2 %, 15868 MiB, 16384 MiB, 46.76 W, 55
2026/09/15 03:05:19.721, 100 %, 6 %, 15868 MiB, 16384 MiB, 66.08 W, 56
2026/09/15 03:05:20.724, 100 %, 9 %, 15868 MiB, 16384 MiB, 66.25 W, 56
2026/09/15 03:05:21.728, 100 %, 6 %, 15868 MiB, 16384 MiB, 60.61 W, 57
2026/09/15 03:05:22.732, 100 %, 6 %, 15868 MiB, 16384 MiB, 66.28 W, 56
2026/09/15 03:05:23.735, 100 %, 9 %, 15868 MiB, 16384 MiB, 66.18 W, 57
2026/09/15 03:05:24.738, 26 %, 4 %, 15868 MiB, 16384 MiB, 58.49 W, 57
2026/09/15 03:05:25.742, 4 %, 5 %, 15868 MiB, 16384 MiB, 64.54 W, 57
2026/09/15 03:05:26.745, 1 %, 2 %, 15868 MiB, 16384 MiB, 47.12 W, 56
2026/09/15 03:05:27.749, 1 %, 2 %, 15868 MiB, 16384 MiB, 47.21 W, 56
2026/09/15 03:05:28.752, 2 %, 3 %, 15868 MiB, 16384 MiB, 47.51 W, 56
2026/09/15 03:05:29.755, 4 %, 5 %, 15868 MiB, 16384 MiB, 47.26 W, 56
2026/09/15 03:05:30.759, 4 %, 4 %, 15868 MiB, 16384 MiB, 46.30 W, 56
2026/09/15 03:05:31.762, 4 %, 4 %, 15868 MiB, 16384 MiB, 50.72 W, 56
2026/09/15 03:05:32.765, 1 %, 2 %, 15868 MiB, 16384 MiB, 47.55 W, 56
2026/09/15 03:05:33.769, 1 %, 2 %, 15868 MiB, 16384 MiB, 47.28 W, 56
2026/09/15 03:05:34.772, 1 %, 2 %, 15868 MiB, 16384 MiB, 47.12 W, 56
2026/09/15 03:05:35.775, 1 %, 2 %, 15868 MiB, 16384 MiB, 47.15 W, 56
2026/09/15 03:05:36.778, 4 %, 5 %, 15868 MiB, 16384 MiB, 46.95 W, 56
2026/09/15 03:05:37.781, 4 %, 4 %, 15868 MiB, 16384 MiB, 46.78 W, 56
2026/09/15 03:05:38.785, 4 %, 4 %, 15868 MiB, 16384 MiB, 50.08 W, 56
2026/09/15 03:05:39.788, 3 %, 4 %, 15868 MiB, 16384 MiB, 47.02 W, 56
2026/09/15 03:05:40.791, 1 %, 2 %, 15868 MiB, 16384 MiB, 46.95 W, 55
2026/09/15 03:05:41.794, 2 %, 3 %, 15868 MiB, 16384 MiB, 46.96 W, 56
2026/09/15 03:05:42.798, 1 %, 2 %, 15868 MiB, 16384 MiB, 46.90 W, 56
2026/09/15 03:05:43.801, 1 %, 2 %, 15868 MiB, 16384 MiB, 47.01 W, 55
2026/09/15 03:05:44.804, 2 %, 3 %, 15868 MiB, 16384 MiB, 46.86 W, 55
2026/09/15 03:05:45.808, 4 %, 4 %, 15868 MiB, 16384 MiB, 49.73 W, 55
2026/09/15 03:05:46.811, 4 %, 4 %, 15868 MiB, 16384 MiB, 49.91 W, 55
2026/09/15 03:05:47.814, 100 %, 9 %, 15868 MiB, 16384 MiB, 65.67 W, 56
2026/09/15 03:05:48.817, 100 %, 6 %, 15868 MiB, 16384 MiB, 59.91 W, 56
2026/09/15 03:05:49.821, 100 %, 6 %, 15868 MiB, 16384 MiB, 66.01 W, 57
2026/09/15 03:05:50.824, 100 %, 6 %, 15868 MiB, 16384 MiB, 65.99 W, 56
2026/09/15 03:05:51.827, 100 %, 9 %, 15868 MiB, 16384 MiB, 66.61 W, 57
2026/09/15 03:05:52.831, 100 %, 6 %, 15868 MiB, 16384 MiB, 61.53 W, 57
2026/09/15 03:05:53.834, 1 %, 2 %, 15868 MiB, 16384 MiB, 60.15 W, 57
2026/09/15 03:05:54.837, 3 %, 4 %, 15868 MiB, 16384 MiB, 59.53 W, 56
2026/09/15 03:05:55.841, 4 %, 4 %, 15868 MiB, 16384 MiB, 50.15 W, 56
2026/09/15 03:05:56.844, 4 %, 4 %, 15868 MiB, 16384 MiB, 50.38 W, 56
2026/09/15 03:05:57.848, 1 %, 2 %, 15868 MiB, 16384 MiB, 47.03 W, 56
2026/09/15 03:05:58.851, 1 %, 2 %, 15868 MiB, 16384 MiB, 47.13 W, 56
2026/09/15 03:05:59.854, 1 %, 2 %, 15868 MiB, 16384 MiB, 47.02 W, 56
2026/09/15 03:06:00.858, 1 %, 2 %, 15868 MiB, 16384 MiB, 46.86 W, 56
2026/09/15 03:06:01.861, 1 %, 3 %, 15868 MiB, 16384 MiB, 46.92 W, 56
2026/09/15 03:06:02.864, 1 %, 2 %, 15868 MiB, 16384 MiB, 46.99 W, 56
2026/09/15 03:06:03.868, 4 %, 5 %, 15868 MiB, 16384 MiB, 47.12 W, 56
2026/09/15 03:06:04.871, 4 %, 4 %, 15868 MiB, 16384 MiB, 50.05 W, 56
2026/09/15 03:06:05.875, 4 %, 4 %, 15868 MiB, 16384 MiB, 50.04 W, 55
2026/09/15 03:06:06.877, 4 %, 5 %, 15868 MiB, 16384 MiB, 48.84 W, 55
2026/09/15 03:06:07.881, 1 %, 2 %, 15868 MiB, 16384 MiB, 46.83 W, 55
2026/09/15 03:06:08.884, 1 %, 2 %, 15868 MiB, 16384 MiB, 46.90 W, 55
2026/09/15 03:06:09.887, 2 %, 3 %, 15868 MiB, 16384 MiB, 47.10 W, 55
2026/09/15 03:06:10.891, 1 %, 2 %, 15868 MiB, 16384 MiB, 46.85 W, 55
2026/09/15 03:06:11.894, 4 %, 4 %, 15868 MiB, 16384 MiB, 47.03 W, 55
2026/09/15 03:06:12.897, 4 %, 4 %, 15868 MiB, 16384 MiB, 50.95 W, 55
2026/09/15 03:06:13.900, 4 %, 5 %, 15868 MiB, 16384 MiB, 50.58 W, 55
2026/09/15 03:06:14.904, 1 %, 2 %, 15868 MiB, 16384 MiB, 46.69 W, 55
2026/09/15 03:06:15.907, 100 %, 1 %, 15868 MiB, 16384 MiB, 117.41 W, 58
2026/09/15 03:06:16.911, 100 %, 1 %, 15868 MiB, 16384 MiB, 120.75 W, 61
2026/09/15 03:06:17.914, 100 %, 0 %, 15868 MiB, 16384 MiB, 120.64 W, 59
2026/09/15 03:06:18.917, 100 %, 61 %, 15868 MiB, 16384 MiB, 109.73 W, 58
2026/09/15 03:06:19.919, 100 %, 0 %, 15868 MiB, 16384 MiB, 120.36 W, 60
2026/09/15 03:06:20.921, 100 %, 0 %, 15868 MiB, 16384 MiB, 117.45 W, 60
2026/09/15 03:06:21.924, 100 %, 1 %, 15868 MiB, 16384 MiB, 120.76 W, 60
2026/09/15 03:06:22.926, 100 %, 0 %, 15868 MiB, 16384 MiB, 120.40 W, 60
2026/09/15 03:06:23.930, 100 %, 60 %, 15868 MiB, 16384 MiB, 110.07 W, 60
2026/09/15 03:06:24.932, 100 %, 1 %, 15868 MiB, 16384 MiB, 121.24 W, 61
2026/09/15 03:06:25.934, 100 %, 0 %, 15868 MiB, 16384 MiB, 118.26 W, 61
2026/09/15 03:06:26.937, 100 %, 1 %, 15868 MiB, 16384 MiB, 121.59 W, 62
2026/09/15 03:06:27.939, 100 %, 0 %, 15868 MiB, 16384 MiB, 121.61 W, 62
2026/09/15 03:06:28.941, 100 %, 62 %, 15868 MiB, 16384 MiB, 109.50 W, 61
2026/09/15 03:06:29.944, 100 %, 0 %, 15868 MiB, 16384 MiB, 120.21 W, 62
2026/09/15 03:06:30.946, 100 %, 0 %, 15868 MiB, 16384 MiB, 116.22 W, 63
2026/09/15 03:06:31.948, 100 %, 1 %, 15868 MiB, 16384 MiB, 119.89 W, 63
2026/09/15 03:06:32.951, 100 %, 0 %, 15868 MiB, 16384 MiB, 120.22 W, 63
2026/09/15 03:06:33.953, 100 %, 76 %, 15868 MiB, 16384 MiB, 163.80 W, 63
2026/09/15 03:06:34.958, 100 %, 0 %, 15868 MiB, 16384 MiB, 120.98 W, 64
2026/09/15 03:06:35.962, 100 %, 6 %, 15868 MiB, 16384 MiB, 115.25 W, 64
2026/09/15 03:06:36.965, 100 %, 0 %, 15868 MiB, 16384 MiB, 121.00 W, 64
2026/09/15 03:06:37.968, 100 %, 0 %, 15868 MiB, 16384 MiB, 120.17 W, 64
2026/09/15 03:06:38.970, 100 %, 82 %, 15868 MiB, 16384 MiB, 208.14 W, 67
2026/09/15 03:06:39.974, 100 %, 0 %, 15868 MiB, 16384 MiB, 121.67 W, 65
2026/09/15 03:06:40.977, 100 %, 44 %, 15868 MiB, 16384 MiB, 128.31 W, 65
2026/09/15 03:06:41.982, 100 %, 0 %, 15868 MiB, 16384 MiB, 121.51 W, 65
2026/09/15 03:06:42.985, 100 %, 0 %, 15868 MiB, 16384 MiB, 119.10 W, 65
2026/09/15 03:06:43.987, 100 %, 0 %, 15868 MiB, 16384 MiB, 223.25 W, 68
2026/09/15 03:06:44.991, 100 %, 0 %, 15868 MiB, 16384 MiB, 122.84 W, 66
2026/09/15 03:06:45.993, 100 %, 67 %, 15868 MiB, 16384 MiB, 88.88 W, 66
2026/09/15 03:06:46.996, 100 %, 1 %, 15868 MiB, 16384 MiB, 122.90 W, 66
2026/09/15 03:06:47.998, 100 %, 0 %, 15868 MiB, 16384 MiB, 121.79 W, 67
2026/09/15 03:06:49.000, 100 %, 0 %, 15868 MiB, 16384 MiB, 128.10 W, 69
2026/09/15 03:06:50.006, 100 %, 0 %, 15868 MiB, 16384 MiB, 122.91 W, 67
2026/09/15 03:06:51.008, 100 %, 81 %, 15868 MiB, 16384 MiB, 61.24 W, 67
2026/09/15 03:06:52.011, 100 %, 1 %, 15868 MiB, 16384 MiB, 123.66 W, 67
2026/09/15 03:06:53.013, 100 %, 7 %, 15868 MiB, 16384 MiB, 122.08 W, 67
2026/09/15 03:06:54.015, 100 %, 0 %, 15868 MiB, 16384 MiB, 124.00 W, 71
2026/09/15 03:06:55.018, 100 %, 0 %, 15868 MiB, 16384 MiB, 122.97 W, 68
2026/09/15 03:06:56.021, 100 %, 69 %, 15868 MiB, 16384 MiB, 126.26 W, 67
2026/09/15 03:06:57.023, 100 %, 0 %, 15868 MiB, 16384 MiB, 123.23 W, 68
2026/09/15 03:06:58.034, 100 %, 9 %, 15868 MiB, 16384 MiB, 116.28 W, 68
2026/09/15 03:06:59.037, 100 %, 1 %, 15868 MiB, 16384 MiB, 123.15 W, 68
2026/09/15 03:07:00.041, 100 %, 0 %, 15868 MiB, 16384 MiB, 123.31 W, 69
2026/09/15 03:07:01.043, 100 %, 39 %, 15868 MiB, 16384 MiB, 207.65 W, 69
2026/09/15 03:07:02.046, 100 %, 0 %, 15868 MiB, 16384 MiB, 123.49 W, 69
2026/09/15 03:07:03.048, 100 %, 18 %, 15868 MiB, 16384 MiB, 121.09 W, 69
2026/09/15 03:07:04.050, 100 %, 0 %, 15868 MiB, 16384 MiB, 123.85 W, 69
2026/09/15 03:07:05.053, 100 %, 0 %, 15868 MiB, 16384 MiB, 122.67 W, 69
2026/09/15 03:07:06.055, 100 %, 4 %, 15868 MiB, 16384 MiB, 245.30 W, 71
2026/09/15 03:07:07.059, 100 %, 0 %, 15868 MiB, 16384 MiB, 124.09 W, 69
2026/09/15 03:07:08.061, 100 %, 41 %, 15868 MiB, 16384 MiB, 135.61 W, 69
2026/09/15 03:07:09.063, 100 %, 0 %, 15868 MiB, 16384 MiB, 124.19 W, 69
2026/09/15 03:07:10.066, 100 %, 0 %, 15868 MiB, 16384 MiB, 123.82 W, 70
2026/09/15 03:07:11.068, 100 %, 0 %, 15868 MiB, 16384 MiB, 214.04 W, 72
2026/09/15 03:07:12.074, 100 %, 0 %, 15868 MiB, 16384 MiB, 124.74 W, 70
2026/09/15 03:07:13.076, 100 %, 71 %, 15868 MiB, 16384 MiB, 65.46 W, 71
2026/09/15 03:07:14.078, 100 %, 0 %, 15868 MiB, 16384 MiB, 124.35 W, 70
2026/09/15 03:07:15.081, 100 %, 6 %, 15868 MiB, 16384 MiB, 121.60 W, 70
2026/09/15 03:07:16.083, 100 %, 0 %, 15868 MiB, 16384 MiB, 124.34 W, 70
2026/09/15 03:07:17.085, 100 %, 0 %, 15868 MiB, 16384 MiB, 124.47 W, 70
2026/09/15 03:07:18.088, 100 %, 73 %, 15868 MiB, 16384 MiB, 115.02 W, 70
2026/09/15 03:07:19.091, 100 %, 0 %, 15868 MiB, 16384 MiB, 124.94 W, 70
2026/09/15 03:07:20.093, 1 %, 2 %, 15868 MiB, 16384 MiB, 65.85 W, 69
2026/09/15 03:07:21.096, 100 %, 0 %, 15868 MiB, 16384 MiB, 124.86 W, 70
2026/09/15 03:07:22.098, 24 %, 22 %, 15868 MiB, 16384 MiB, 63.45 W, 69
2026/09/15 03:07:23.100, 100 %, 0 %, 15868 MiB, 16384 MiB, 124.79 W, 70
2026/09/15 03:07:24.103, 80 %, 72 %, 15868 MiB, 16384 MiB, 134.39 W, 69
2026/09/15 03:07:25.107, 100 %, 1 %, 15868 MiB, 16384 MiB, 125.30 W, 70
2026/09/15 03:07:26.109, 100 %, 79 %, 15868 MiB, 16384 MiB, 206.91 W, 70
2026/09/15 03:07:27.111, 100 %, 0 %, 15868 MiB, 16384 MiB, 124.92 W, 70
2026/09/15 03:07:28.114, 100 %, 33 %, 15868 MiB, 16384 MiB, 249.11 W, 73
2026/09/15 03:07:29.117, 100 %, 0 %, 15868 MiB, 16384 MiB, 122.06 W, 70
2026/09/15 03:07:30.119, 100 %, 0 %, 15868 MiB, 16384 MiB, 125.04 W, 73
2026/09/15 03:07:31.122, 100 %, 5 %, 15868 MiB, 16384 MiB, 123.71 W, 70
2026/09/15 03:07:32.124, 100 %, 1 %, 15868 MiB, 16384 MiB, 125.28 W, 71
2026/09/15 03:07:33.127, 58 %, 7 %, 15868 MiB, 16384 MiB, 107.75 W, 70
2026/09/15 03:07:34.129, 100 %, 0 %, 15868 MiB, 16384 MiB, 125.29 W, 71
2026/09/15 03:07:35.131, 18 %, 8 %, 15868 MiB, 16384 MiB, 124.47 W, 70
2026/09/15 03:07:36.134, 100 %, 1 %, 15868 MiB, 16384 MiB, 125.77 W, 71
2026/09/15 03:07:37.136, 1 %, 2 %, 15868 MiB, 16384 MiB, 66.36 W, 72
2026/09/15 03:07:38.139, 100 %, 0 %, 15868 MiB, 16384 MiB, 125.55 W, 70
2026/09/15 03:07:39.142, 1 %, 2 %, 15868 MiB, 16384 MiB, 65.79 W, 69
2026/09/15 03:07:40.144, 100 %, 0 %, 15868 MiB, 16384 MiB, 125.10 W, 71
2026/09/15 03:07:41.147, 1 %, 2 %, 15868 MiB, 16384 MiB, 65.91 W, 69
2026/09/15 03:07:42.149, 100 %, 1 %, 15868 MiB, 16384 MiB, 125.88 W, 71
2026/09/15 03:07:43.153, 1 %, 2 %, 15868 MiB, 16384 MiB, 65.37 W, 69
2026/09/15 03:07:44.155, 100 %, 0 %, 15868 MiB, 16384 MiB, 125.73 W, 71
2026/09/15 03:07:45.158, 43 %, 38 %, 15868 MiB, 16384 MiB, 62.85 W, 69
2026/09/15 03:07:46.160, 100 %, 0 %, 15868 MiB, 16384 MiB, 125.71 W, 71
2026/09/15 03:07:47.163, 81 %, 73 %, 15868 MiB, 16384 MiB, 130.22 W, 70
2026/09/15 03:07:48.165, 100 %, 0 %, 15868 MiB, 16384 MiB, 125.71 W, 71
2026/09/15 03:07:49.167, 100 %, 80 %, 15868 MiB, 16384 MiB, 202.16 W, 71
2026/09/15 03:07:50.173, 100 %, 1 %, 15868 MiB, 16384 MiB, 124.21 W, 71
2026/09/15 03:07:51.176, 100 %, 48 %, 15868 MiB, 16384 MiB, 235.52 W, 73
2026/09/15 03:07:52.184, 100 %, 0 %, 15868 MiB, 16384 MiB, 122.93 W, 71
2026/09/15 03:07:53.187, 100 %, 7 %, 15868 MiB, 16384 MiB, 203.96 W, 73
2026/09/15 03:07:54.194, 100 %, 0 %, 15868 MiB, 16384 MiB, 122.51 W, 71
2026/09/15 03:07:55.196, 100 %, 0 %, 15868 MiB, 16384 MiB, 125.54 W, 71
2026/09/15 03:07:56.199, 88 %, 8 %, 15868 MiB, 16384 MiB, 120.66 W, 71
2026/09/15 03:07:57.201, 100 %, 0 %, 15868 MiB, 16384 MiB, 125.16 W, 71
2026/09/15 03:07:58.203, 47 %, 8 %, 15868 MiB, 16384 MiB, 145.67 W, 70
2026/09/15 03:07:59.206, 100 %, 0 %, 15868 MiB, 16384 MiB, 125.65 W, 71
2026/09/15 03:08:00.208, 1 %, 2 %, 15868 MiB, 16384 MiB, 102.42 W, 71
2026/09/15 03:08:01.212, 100 %, 0 %, 15868 MiB, 16384 MiB, 125.81 W, 71
2026/09/15 03:08:02.215, 1 %, 2 %, 15868 MiB, 16384 MiB, 66.32 W, 69
2026/09/15 03:08:03.217, 100 %, 0 %, 15868 MiB, 16384 MiB, 125.76 W, 71
2026/09/15 03:08:04.219, 1 %, 2 %, 15868 MiB, 16384 MiB, 65.98 W, 69
2026/09/15 03:08:05.222, 100 %, 0 %, 15868 MiB, 16384 MiB, 125.54 W, 71
2026/09/15 03:08:06.224, 1 %, 2 %, 15868 MiB, 16384 MiB, 65.77 W, 69
2026/09/15 03:08:07.227, 100 %, 0 %, 15868 MiB, 16384 MiB, 125.72 W, 71
2026/09/15 03:08:08.229, 25 %, 23 %, 15868 MiB, 16384 MiB, 63.49 W, 70
2026/09/15 03:08:09.231, 100 %, 1 %, 15868 MiB, 16384 MiB, 126.14 W, 71
2026/09/15 03:08:10.235, 78 %, 68 %, 15868 MiB, 16384 MiB, 116.89 W, 70
2026/09/15 03:08:11.237, 100 %, 0 %, 15868 MiB, 16384 MiB, 124.93 W, 71
2026/09/15 03:08:12.239, 100 %, 68 %, 15868 MiB, 16384 MiB, 211.30 W, 73
2026/09/15 03:08:13.243, 100 %, 0 %, 15868 MiB, 16384 MiB, 122.15 W, 71
2026/09/15 03:08:14.245, 100 %, 36 %, 15868 MiB, 16384 MiB, 126.12 W, 73
2026/09/15 03:08:15.248, 100 %, 1 %, 15868 MiB, 16384 MiB, 120.03 W, 71
2026/09/15 03:08:16.250, 100 %, 1 %, 15868 MiB, 16384 MiB, 125.46 W, 71
2026/09/15 03:08:17.253, 100 %, 0 %, 15868 MiB, 16384 MiB, 113.14 W, 71
2026/09/15 03:08:18.256, 100 %, 0 %, 15868 MiB, 16384 MiB, 125.74 W, 71
2026/09/15 03:08:19.260, 69 %, 7 %, 15868 MiB, 16384 MiB, 126.13 W, 70
2026/09/15 03:08:20.262, 100 %, 0 %, 15868 MiB, 16384 MiB, 126.00 W, 71
2026/09/15 03:08:21.265, 1 %, 2 %, 15868 MiB, 16384 MiB, 66.18 W, 70
2026/09/15 03:08:22.267, 100 %, 0 %, 15868 MiB, 16384 MiB, 125.68 W, 71
2026/09/15 03:08:23.269, 1 %, 2 %, 15868 MiB, 16384 MiB, 66.19 W, 69
2026/09/15 03:08:24.272, 100 %, 1 %, 15868 MiB, 16384 MiB, 125.96 W, 71
2026/09/15 03:08:25.274, 1 %, 2 %, 15868 MiB, 16384 MiB, 66.27 W, 69
2026/09/15 03:08:26.278, 100 %, 0 %, 15868 MiB, 16384 MiB, 125.51 W, 71
2026/09/15 03:08:27.282, 40 %, 35 %, 15868 MiB, 16384 MiB, 57.26 W, 69
2026/09/15 03:08:28.284, 100 %, 0 %, 15868 MiB, 16384 MiB, 125.79 W, 71
2026/09/15 03:08:29.286, 99 %, 81 %, 15868 MiB, 16384 MiB, 62.07 W, 70
2026/09/15 03:08:30.289, 100 %, 0 %, 15868 MiB, 16384 MiB, 125.89 W, 71
2026/09/15 03:08:31.291, 100 %, 54 %, 15868 MiB, 16384 MiB, 170.31 W, 70
2026/09/15 03:08:32.294, 100 %, 0 %, 15868 MiB, 16384 MiB, 124.72 W, 71
2026/09/15 03:08:33.296, 100 %, 4 %, 15868 MiB, 16384 MiB, 225.38 W, 73
2026/09/15 03:08:34.301, 100 %, 0 %, 15868 MiB, 16384 MiB, 123.62 W, 71
2026/09/15 03:08:35.304, 100 %, 0 %, 15868 MiB, 16384 MiB, 183.44 W, 73
2026/09/15 03:08:36.310, 76 %, 7 %, 15868 MiB, 16384 MiB, 122.99 W, 71
2026/09/15 03:08:37.313, 100 %, 0 %, 15868 MiB, 16384 MiB, 126.35 W, 71
2026/09/15 03:08:38.315, 35 %, 8 %, 15868 MiB, 16384 MiB, 116.77 W, 71
2026/09/15 03:08:39.317, 100 %, 0 %, 15868 MiB, 16384 MiB, 125.80 W, 71
2026/09/15 03:08:40.320, 2 %, 3 %, 15868 MiB, 16384 MiB, 151.09 W, 71
2026/09/15 03:08:41.322, 100 %, 0 %, 15868 MiB, 16384 MiB, 126.50 W, 71
2026/09/15 03:08:42.325, 1 %, 2 %, 15868 MiB, 16384 MiB, 66.17 W, 71
2026/09/15 03:08:43.330, 100 %, 0 %, 15868 MiB, 16384 MiB, 126.91 W, 71
2026/09/15 03:08:44.332, 1 %, 2 %, 15868 MiB, 16384 MiB, 66.58 W, 69
2026/09/15 03:08:45.335, 100 %, 0 %, 15868 MiB, 16384 MiB, 126.49 W, 71
2026/09/15 03:08:46.337, 1 %, 2 %, 15868 MiB, 16384 MiB, 66.28 W, 69
2026/09/15 03:08:47.339, 100 %, 0 %, 15868 MiB, 16384 MiB, 126.04 W, 71
2026/09/15 03:08:48.342, 100 %, 39 %, 15868 MiB, 16384 MiB, 140.06 W, 71
2026/09/15 03:08:49.344, 100 %, 58 %, 15868 MiB, 16384 MiB, 138.65 W, 71
2026/09/15 03:08:50.349, 100 %, 0 %, 15868 MiB, 16384 MiB, 228.76 W, 74
2026/09/15 03:08:51.356, 100 %, 0 %, 15868 MiB, 16384 MiB, 125.65 W, 71
2026/09/15 03:08:52.358, 100 %, 0 %, 15868 MiB, 16384 MiB, 124.44 W, 71
2026/09/15 03:08:53.361, 100 %, 8 %, 15868 MiB, 16384 MiB, 122.99 W, 71
2026/09/15 03:08:54.363, 100 %, 36 %, 15868 MiB, 16384 MiB, 140.57 W, 71
2026/09/15 03:08:55.368, 100 %, 63 %, 15868 MiB, 16384 MiB, 212.72 W, 71
2026/09/15 03:08:56.373, 100 %, 0 %, 15868 MiB, 16384 MiB, 125.78 W, 75
2026/09/15 03:08:57.380, 100 %, 0 %, 15868 MiB, 16384 MiB, 126.05 W, 72
2026/09/15 03:08:58.382, 100 %, 0 %, 15868 MiB, 16384 MiB, 123.32 W, 72
2026/09/15 03:08:59.384, 100 %, 8 %, 15868 MiB, 16384 MiB, 117.94 W, 72
2026/09/15 03:09:00.387, 100 %, 41 %, 15868 MiB, 16384 MiB, 65.66 W, 72
2026/09/15 03:09:01.389, 100 %, 59 %, 15868 MiB, 16384 MiB, 212.59 W, 73
2026/09/15 03:09:02.394, 100 %, 0 %, 15868 MiB, 16384 MiB, 126.62 W, 75
2026/09/15 03:09:03.401, 100 %, 0 %, 15868 MiB, 16384 MiB, 126.42 W, 72
2026/09/15 03:09:04.404, 100 %, 0 %, 15868 MiB, 16384 MiB, 123.34 W, 72
2026/09/15 03:09:05.406, 100 %, 8 %, 15868 MiB, 16384 MiB, 118.52 W, 72
2026/09/15 03:09:06.409, 100 %, 46 %, 15868 MiB, 16384 MiB, 64.87 W, 72
2026/09/15 03:09:07.412, 100 %, 50 %, 15868 MiB, 16384 MiB, 222.67 W, 74
2026/09/15 03:09:08.418, 100 %, 0 %, 15868 MiB, 16384 MiB, 126.52 W, 73
2026/09/15 03:09:09.420, 100 %, 0 %, 15868 MiB, 16384 MiB, 126.72 W, 72
2026/09/15 03:09:10.424, 100 %, 0 %, 15868 MiB, 16384 MiB, 124.06 W, 72
2026/09/15 03:09:11.426, 100 %, 8 %, 15868 MiB, 16384 MiB, 116.54 W, 72
2026/09/15 03:09:12.428, 100 %, 49 %, 15868 MiB, 16384 MiB, 64.82 W, 73
2026/09/15 03:09:13.432, 100 %, 47 %, 15868 MiB, 16384 MiB, 233.33 W, 75
2026/09/15 03:09:14.437, 100 %, 0 %, 15868 MiB, 16384 MiB, 126.73 W, 72
2026/09/15 03:09:15.439, 100 %, 0 %, 15868 MiB, 16384 MiB, 126.89 W, 72
2026/09/15 03:09:16.442, 100 %, 0 %, 15868 MiB, 16384 MiB, 124.23 W, 72
2026/09/15 03:09:17.444, 100 %, 9 %, 15868 MiB, 16384 MiB, 118.34 W, 72
2026/09/15 03:09:18.446, 100 %, 53 %, 15868 MiB, 16384 MiB, 64.36 W, 71
2026/09/15 03:09:19.450, 100 %, 42 %, 15868 MiB, 16384 MiB, 241.10 W, 75
2026/09/15 03:09:20.456, 100 %, 0 %, 15868 MiB, 16384 MiB, 127.33 W, 73
2026/09/15 03:09:21.459, 100 %, 0 %, 15868 MiB, 16384 MiB, 126.99 W, 73
2026/09/15 03:09:22.462, 100 %, 0 %, 15868 MiB, 16384 MiB, 124.06 W, 73
2026/09/15 03:09:23.464, 100 %, 8 %, 15868 MiB, 16384 MiB, 119.93 W, 73
2026/09/15 03:09:24.466, 100 %, 54 %, 15868 MiB, 16384 MiB, 64.65 W, 72
2026/09/15 03:09:25.470, 100 %, 47 %, 15868 MiB, 16384 MiB, 243.92 W, 75
2026/09/15 03:09:26.475, 100 %, 0 %, 15868 MiB, 16384 MiB, 127.14 W, 73
2026/09/15 03:09:27.479, 100 %, 0 %, 15868 MiB, 16384 MiB, 126.93 W, 73
2026/09/15 03:09:28.481, 100 %, 0 %, 15868 MiB, 16384 MiB, 122.15 W, 73
2026/09/15 03:09:29.484, 100 %, 9 %, 15868 MiB, 16384 MiB, 126.53 W, 73
2026/09/15 03:09:30.486, 100 %, 61 %, 15868 MiB, 16384 MiB, 204.85 W, 72
2026/09/15 03:09:31.491, 100 %, 32 %, 15868 MiB, 16384 MiB, 126.75 W, 75
2026/09/15 03:09:32.512, 100 %, 0 %, 15868 MiB, 16384 MiB, 127.24 W, 73
2026/09/15 03:09:33.514, 100 %, 0 %, 15868 MiB, 16384 MiB, 125.04 W, 73
2026/09/15 03:09:34.517, 1 %, 2 %, 15868 MiB, 16384 MiB, 67.55 W, 71
2026/09/15 03:09:35.519, 100 %, 24 %, 15868 MiB, 16384 MiB, 127.22 W, 76
2026/09/15 03:09:36.537, 100 %, 0 %, 15868 MiB, 16384 MiB, 127.11 W, 73
2026/09/15 03:09:37.539, 1 %, 2 %, 15868 MiB, 16384 MiB, 67.51 W, 71
2026/09/15 03:09:38.542, 100 %, 0 %, 15868 MiB, 16384 MiB, 129.69 W, 73
2026/09/15 03:09:39.544, 51 %, 7 %, 15868 MiB, 16384 MiB, 128.43 W, 72
2026/09/15 03:09:40.548, 79 %, 70 %, 15868 MiB, 16384 MiB, 208.85 W, 72
2026/09/15 03:09:41.553, 100 %, 0 %, 15868 MiB, 16384 MiB, 129.82 W, 73
2026/09/15 03:09:42.556, 1 %, 2 %, 15868 MiB, 16384 MiB, 68.31 W, 71
2026/09/15 03:09:43.559, 100 %, 0 %, 15868 MiB, 16384 MiB, 129.33 W, 76
2026/09/15 03:09:44.562, 57 %, 10 %, 15868 MiB, 16384 MiB, 123.17 W, 72
2026/09/15 03:09:45.564, 74 %, 65 %, 15868 MiB, 16384 MiB, 66.19 W, 71
2026/09/15 03:09:46.567, 100 %, 0 %, 15868 MiB, 16384 MiB, 127.00 W, 72
2026/09/15 03:09:47.570, 1 %, 2 %, 15868 MiB, 16384 MiB, 128.24 W, 72
2026/09/15 03:09:48.572, 100 %, 34 %, 15868 MiB, 16384 MiB, 206.00 W, 72
2026/09/15 03:09:49.575, 100 %, 0 %, 15868 MiB, 16384 MiB, 124.94 W, 72
2026/09/15 03:09:50.577, 1 %, 2 %, 15868 MiB, 16384 MiB, 67.05 W, 71
2026/09/15 03:09:51.579, 100 %, 0 %, 15868 MiB, 16384 MiB, 134.00 W, 75
2026/09/15 03:09:52.584, 54 %, 9 %, 15868 MiB, 16384 MiB, 125.67 W, 72
2026/09/15 03:09:53.586, 71 %, 62 %, 15868 MiB, 16384 MiB, 66.22 W, 71
2026/09/15 03:09:54.588, 100 %, 0 %, 15868 MiB, 16384 MiB, 126.48 W, 72
2026/09/15 03:09:55.591, 1 %, 2 %, 15868 MiB, 16384 MiB, 149.19 W, 72
2026/09/15 03:09:56.593, 100 %, 46 %, 15868 MiB, 16384 MiB, 171.26 W, 72
2026/09/15 03:09:57.595, 100 %, 0 %, 15868 MiB, 16384 MiB, 125.35 W, 72
2026/09/15 03:09:58.598, 1 %, 2 %, 15868 MiB, 16384 MiB, 67.29 W, 70
2026/09/15 03:09:59.600, 100 %, 0 %, 15868 MiB, 16384 MiB, 215.30 W, 74
2026/09/15 03:10:00.606, 84 %, 8 %, 15868 MiB, 16384 MiB, 123.47 W, 72
2026/09/15 03:10:01.609, 47 %, 41 %, 15868 MiB, 16384 MiB, 68.27 W, 70
2026/09/15 03:10:02.611, 100 %, 0 %, 15868 MiB, 16384 MiB, 125.97 W, 72
2026/09/15 03:10:03.613, 1 %, 2 %, 15868 MiB, 16384 MiB, 157.32 W, 72
2026/09/15 03:10:04.616, 100 %, 51 %, 15868 MiB, 16384 MiB, 150.05 W, 71
2026/09/15 03:10:05.619, 100 %, 0 %, 15868 MiB, 16384 MiB, 126.07 W, 72
2026/09/15 03:10:06.621, 1 %, 2 %, 15868 MiB, 16384 MiB, 66.52 W, 70
2026/09/15 03:10:07.624, 100 %, 0 %, 15868 MiB, 16384 MiB, 126.18 W, 74
2026/09/15 03:10:08.626, 90 %, 7 %, 15868 MiB, 16384 MiB, 126.19 W, 72
2026/09/15 03:10:09.629, 40 %, 36 %, 15868 MiB, 16384 MiB, 65.14 W, 70
2026/09/15 03:10:10.631, 100 %, 0 %, 15868 MiB, 16384 MiB, 126.31 W, 72
2026/09/15 03:10:11.633, 1 %, 2 %, 15868 MiB, 16384 MiB, 107.14 W, 71
2026/09/15 03:10:12.637, 100 %, 62 %, 15868 MiB, 16384 MiB, 207.96 W, 71
2026/09/15 03:10:13.639, 100 %, 0 %, 15868 MiB, 16384 MiB, 123.50 W, 71
2026/09/15 03:10:14.642, 2 %, 3 %, 15868 MiB, 16384 MiB, 66.79 W, 70
2026/09/15 03:10:15.644, 100 %, 0 %, 15868 MiB, 16384 MiB, 126.42 W, 74
2026/09/15 03:10:16.647, 98 %, 7 %, 15868 MiB, 16384 MiB, 125.43 W, 71
2026/09/15 03:10:17.649, 28 %, 26 %, 15868 MiB, 16384 MiB, 65.34 W, 70
2026/09/15 03:10:18.651, 100 %, 0 %, 15868 MiB, 16384 MiB, 126.31 W, 71
2026/09/15 03:10:19.654, 14 %, 9 %, 15868 MiB, 16384 MiB, 132.26 W, 71
2026/09/15 03:10:20.656, 100 %, 79 %, 15868 MiB, 16384 MiB, 204.46 W, 71
2026/09/15 03:10:21.658, 100 %, 0 %, 15868 MiB, 16384 MiB, 123.66 W, 71
2026/09/15 03:10:22.661, 1 %, 2 %, 15868 MiB, 16384 MiB, 66.91 W, 70
2026/09/15 03:10:23.663, 100 %, 0 %, 15868 MiB, 16384 MiB, 181.63 W, 74
2026/09/15 03:10:24.668, 100 %, 0 %, 15868 MiB, 16384 MiB, 125.70 W, 71
2026/09/15 03:10:25.671, 3 %, 4 %, 15868 MiB, 16384 MiB, 66.63 W, 70
2026/09/15 03:10:26.674, 100 %, 0 %, 15868 MiB, 16384 MiB, 126.45 W, 71
2026/09/15 03:10:27.676, 40 %, 8 %, 15868 MiB, 16384 MiB, 119.11 W, 71
2026/09/15 03:10:28.678, 92 %, 83 %, 15868 MiB, 16384 MiB, 126.49 W, 70
2026/09/15 03:10:29.681, 100 %, 0 %, 15868 MiB, 16384 MiB, 124.44 W, 71
2026/09/15 03:10:30.683, 1 %, 2 %, 15868 MiB, 16384 MiB, 66.14 W, 69
2026/09/15 03:10:31.686, 100 %, 0 %, 15868 MiB, 16384 MiB, 179.97 W, 74
2026/09/15 03:10:32.693, 100 %, 0 %, 15868 MiB, 16384 MiB, 122.81 W, 71
2026/09/15 03:10:33.695, 18 %, 17 %, 15868 MiB, 16384 MiB, 65.35 W, 70
2026/09/15 03:10:34.697, 100 %, 0 %, 15868 MiB, 16384 MiB, 125.55 W, 71
2026/09/15 03:10:35.700, 2 %, 3 %, 15868 MiB, 16384 MiB, 115.52 W, 71
2026/09/15 03:10:36.702, 100 %, 59 %, 15868 MiB, 16384 MiB, 208.75 W, 73
2026/09/15 03:10:37.707, 100 %, 0 %, 15868 MiB, 16384 MiB, 123.99 W, 71
2026/09/15 03:10:38.709, 1 %, 2 %, 15868 MiB, 16384 MiB, 66.27 W, 69
2026/09/15 03:10:39.712, 100 %, 0 %, 15868 MiB, 16384 MiB, 126.33 W, 71
2026/09/15 03:10:40.716, 88 %, 7 %, 15868 MiB, 16384 MiB, 119.83 W, 71
2026/09/15 03:10:41.718, 100 %, 39 %, 15868 MiB, 16384 MiB, 78.56 W, 70
2026/09/15 03:10:42.721, 100 %, 8 %, 15868 MiB, 16384 MiB, 65.59 W, 72
2026/09/15 03:10:43.723, 100 %, 9 %, 15868 MiB, 16384 MiB, 95.23 W, 70
2026/09/15 03:10:44.727, 100 %, 9 %, 15868 MiB, 16384 MiB, 149.08 W, 69
2026/09/15 03:10:45.729, 100 %, 10 %, 15868 MiB, 16384 MiB, 96.05 W, 70
2026/09/15 03:10:46.732, 100 %, 4 %, 15868 MiB, 16384 MiB, 75.39 W, 73
2026/09/15 03:10:47.734, 100 %, 9 %, 15868 MiB, 16384 MiB, 122.16 W, 69
2026/09/15 03:10:48.737, 100 %, 9 %, 15868 MiB, 16384 MiB, 131.38 W, 69
2026/09/15 03:10:49.742, 100 %, 10 %, 15868 MiB, 16384 MiB, 67.25 W, 70
2026/09/15 03:10:50.744, 1 %, 2 %, 15868 MiB, 16384 MiB, 65.22 W, 69
2026/09/15 03:10:51.747, 41 %, 5 %, 15868 MiB, 16384 MiB, 80.96 W, 72
2026/09/15 03:10:52.750, 1 %, 2 %, 15868 MiB, 16384 MiB, 65.37 W, 68
2026/09/15 03:10:53.752, 5 %, 3 %, 15868 MiB, 16384 MiB, 96.19 W, 67
2026/09/15 03:10:54.756, 1 %, 2 %, 15868 MiB, 16384 MiB, 65.36 W, 68
2026/09/15 03:10:55.758, 46 %, 8 %, 15868 MiB, 16384 MiB, 65.37 W, 68
2026/09/15 03:10:56.761, 1 %, 2 %, 15868 MiB, 16384 MiB, 65.26 W, 68
2026/09/15 03:10:57.764, 20 %, 8 %, 15868 MiB, 16384 MiB, 65.26 W, 67
2026/09/15 03:10:58.766, 5 %, 3 %, 15868 MiB, 16384 MiB, 98.01 W, 67
2026/09/15 03:10:59.769, 1 %, 2 %, 15868 MiB, 16384 MiB, 65.28 W, 67
2026/09/15 03:11:00.771, 46 %, 8 %, 15868 MiB, 16384 MiB, 64.86 W, 67
2026/09/15 03:11:01.774, 1 %, 2 %, 15868 MiB, 16384 MiB, 93.12 W, 70
2026/09/15 03:11:02.777, 14 %, 8 %, 15868 MiB, 16384 MiB, 66.10 W, 67
2026/09/15 03:11:03.779, 9 %, 3 %, 15868 MiB, 16384 MiB, 92.36 W, 66
2026/09/15 03:11:04.782, 1 %, 2 %, 15868 MiB, 16384 MiB, 65.30 W, 66
2026/09/15 03:11:05.785, 45 %, 8 %, 15868 MiB, 16384 MiB, 64.68 W, 66
2026/09/15 03:11:06.789, 1 %, 2 %, 15868 MiB, 16384 MiB, 159.54 W, 67
2026/09/15 03:11:07.791, 1 %, 2 %, 15868 MiB, 16384 MiB, 65.14 W, 66
2026/09/15 03:11:08.794, 46 %, 8 %, 15868 MiB, 16384 MiB, 62.99 W, 66
2026/09/15 03:11:09.796, 1 %, 2 %, 15868 MiB, 16384 MiB, 81.24 W, 67
2026/09/15 03:11:10.799, 24 %, 8 %, 15868 MiB, 16384 MiB, 64.92 W, 66
2026/09/15 03:11:11.801, 11 %, 3 %, 15868 MiB, 16384 MiB, 88.97 W, 65
2026/09/15 03:11:12.804, 1 %, 2 %, 15868 MiB, 16384 MiB, 64.78 W, 65
2026/09/15 03:11:13.807, 45 %, 8 %, 15868 MiB, 16384 MiB, 64.56 W, 65
2026/09/15 03:11:14.809, 2 %, 3 %, 15868 MiB, 16384 MiB, 95.56 W, 66
2026/09/15 03:11:15.812, 3 %, 3 %, 15868 MiB, 16384 MiB, 64.16 W, 65
2026/09/15 03:11:16.816, 32 %, 2 %, 15868 MiB, 16384 MiB, 63.10 W, 65
2026/09/15 03:11:17.818, 100 %, 7 %, 15868 MiB, 16384 MiB, 71.67 W, 65
2026/09/15 03:11:18.821, 100 %, 9 %, 15868 MiB, 16384 MiB, 71.86 W, 65
2026/09/15 03:11:19.823, 100 %, 7 %, 15868 MiB, 16384 MiB, 64.80 W, 65
2026/09/15 03:11:20.826, 100 %, 7 %, 15868 MiB, 16384 MiB, 71.57 W, 64
2026/09/15 03:11:21.828, 100 %, 9 %, 15868 MiB, 16384 MiB, 71.43 W, 64
2026/09/15 03:11:22.831, 2 %, 3 %, 15868 MiB, 16384 MiB, 63.81 W, 64
2026/09/15 03:11:23.833, 4 %, 4 %, 15868 MiB, 16384 MiB, 64.68 W, 64
2026/09/15 03:11:24.835, 4 %, 4 %, 15868 MiB, 16384 MiB, 50.08 W, 63
2026/09/15 03:11:25.838, 1 %, 2 %, 15868 MiB, 16384 MiB, 49.07 W, 63
2026/09/15 03:11:26.842, 1 %, 2 %, 15868 MiB, 16384 MiB, 53.59 W, 63
2026/09/15 03:11:27.844, 1 %, 2 %, 15868 MiB, 16384 MiB, 49.49 W, 62
2026/09/15 03:11:28.847, 1 %, 3 %, 15868 MiB, 16384 MiB, 49.40 W, 62
2026/09/15 03:11:29.850, 1 %, 2 %, 15868 MiB, 16384 MiB, 49.33 W, 62
2026/09/15 03:11:30.852, 4 %, 4 %, 15868 MiB, 16384 MiB, 49.33 W, 62
2026/09/15 03:11:31.855, 4 %, 4 %, 15868 MiB, 16384 MiB, 49.28 W, 62
2026/09/15 03:11:32.857, 5 %, 5 %, 15868 MiB, 16384 MiB, 49.29 W, 61
2026/09/15 03:11:33.860, 1 %, 2 %, 15868 MiB, 16384 MiB, 48.88 W, 61
2026/09/15 03:11:34.862, 1 %, 2 %, 15868 MiB, 16384 MiB, 52.59 W, 61
2026/09/15 03:11:35.865, 1 %, 2 %, 15868 MiB, 16384 MiB, 49.10 W, 61
2026/09/15 03:11:36.868, 1 %, 2 %, 15868 MiB, 16384 MiB, 49.16 W, 61
2026/09/15 03:11:37.870, 1 %, 2 %, 15868 MiB, 16384 MiB, 49.23 W, 61
2026/09/15 03:11:38.873, 4 %, 4 %, 15868 MiB, 16384 MiB, 48.85 W, 61
2026/09/15 03:11:39.876, 5 %, 5 %, 15868 MiB, 16384 MiB, 48.69 W, 60
2026/09/15 03:11:40.879, 2 %, 3 %, 15868 MiB, 16384 MiB, 52.77 W, 60
2026/09/15 03:11:41.883, 1 %, 2 %, 15868 MiB, 16384 MiB, 52.61 W, 60
2026/09/15 03:11:42.886, 1 %, 2 %, 15868 MiB, 16384 MiB, 48.75 W, 60
2026/09/15 03:11:43.889, 1 %, 2 %, 15868 MiB, 16384 MiB, 48.96 W, 60
2026/09/15 03:11:44.892, 4 %, 4 %, 15868 MiB, 16384 MiB, 49.37 W, 60
2026/09/15 03:11:45.896, 100 %, 7 %, 15868 MiB, 16384 MiB, 63.62 W, 60
2026/09/15 03:11:46.899, 100 %, 7 %, 15868 MiB, 16384 MiB, 69.39 W, 60
2026/09/15 03:11:47.902, 100 %, 9 %, 15868 MiB, 16384 MiB, 69.34 W, 61
2026/09/15 03:11:48.906, 100 %, 7 %, 15868 MiB, 16384 MiB, 62.59 W, 60
2026/09/15 03:11:49.909, 100 %, 7 %, 15868 MiB, 16384 MiB, 69.10 W, 60
2026/09/15 03:11:50.912, 100 %, 9 %, 15868 MiB, 16384 MiB, 66.17 W, 61
2026/09/15 03:11:51.916, 1 %, 2 %, 15868 MiB, 16384 MiB, 61.67 W, 60
2026/09/15 03:11:52.919, 4 %, 4 %, 15868 MiB, 16384 MiB, 48.47 W, 60
2026/09/15 03:11:53.922, 4 %, 4 %, 15868 MiB, 16384 MiB, 48.45 W, 59
2026/09/15 03:11:54.926, 1 %, 2 %, 15868 MiB, 16384 MiB, 47.85 W, 59
2026/09/15 03:11:55.930, 1 %, 2 %, 15868 MiB, 16384 MiB, 51.70 W, 59
2026/09/15 03:11:56.933, 1 %, 2 %, 15868 MiB, 16384 MiB, 51.96 W, 59
2026/09/15 03:11:57.937, 1 %, 2 %, 15868 MiB, 16384 MiB, 48.13 W, 59
2026/09/15 03:11:58.941, 1 %, 2 %, 15868 MiB, 16384 MiB, 48.13 W, 59
2026/09/15 03:11:59.945, 5 %, 4 %, 15868 MiB, 16384 MiB, 47.97 W, 59
2026/09/15 03:12:00.948, 4 %, 4 %, 15868 MiB, 16384 MiB, 47.93 W, 58
2026/09/15 03:12:01.952, 5 %, 5 %, 15868 MiB, 16384 MiB, 48.04 W, 58
2026/09/15 03:12:02.956, 1 %, 2 %, 15868 MiB, 16384 MiB, 51.65 W, 58
2026/09/15 03:12:03.959, 1 %, 2 %, 15868 MiB, 16384 MiB, 51.83 W, 58
2026/09/15 03:12:04.962, 1 %, 3 %, 15868 MiB, 16384 MiB, 48.43 W, 58
2026/09/15 03:12:05.965, 1 %, 2 %, 15868 MiB, 16384 MiB, 48.36 W, 58
2026/09/15 03:12:06.969, 1 %, 2 %, 15868 MiB, 16384 MiB, 47.81 W, 58
2026/09/15 03:12:07.972, 5 %, 5 %, 15868 MiB, 16384 MiB, 47.78 W, 58
2026/09/15 03:12:08.976, 4 %, 4 %, 15868 MiB, 16384 MiB, 47.85 W, 58
2026/09/15 03:12:09.979, 1 %, 2 %, 15868 MiB, 16384 MiB, 47.43 W, 58
2026/09/15 03:12:10.983, 2 %, 3 %, 15868 MiB, 16384 MiB, 51.46 W, 58
2026/09/15 03:12:11.986, 2 %, 3 %, 15868 MiB, 16384 MiB, 49.24 W, 58
2026/09/15 03:12:12.990, 1 %, 2 %, 15868 MiB, 16384 MiB, 47.54 W, 57
2026/09/15 03:12:13.993, 100 %, 11 %, 15868 MiB, 16384 MiB, 67.27 W, 58
2026/09/15 03:12:14.996, 100 %, 7 %, 15868 MiB, 16384 MiB, 64.25 W, 59
2026/09/15 03:12:16.000, 100 %, 7 %, 15868 MiB, 16384 MiB, 66.32 W, 58
2026/09/15 03:12:17.003, 100 %, 9 %, 15868 MiB, 16384 MiB, 67.85 W, 58
2026/09/15 03:12:18.007, 100 %, 7 %, 15868 MiB, 16384 MiB, 61.32 W, 59
2026/09/15 03:12:19.010, 100 %, 7 %, 15868 MiB, 16384 MiB, 68.08 W, 58
2026/09/15 03:12:20.013, 1 %, 2 %, 15868 MiB, 16384 MiB, 65.53 W, 58
2026/09/15 03:12:21.016, 1 %, 2 %, 15868 MiB, 16384 MiB, 59.88 W, 59
2026/09/15 03:12:22.019, 1 %, 2 %, 15868 MiB, 16384 MiB, 47.75 W, 58
2026/09/15 03:12:23.023, 4 %, 4 %, 15868 MiB, 16384 MiB, 47.60 W, 57
2026/09/15 03:12:24.026, 4 %, 4 %, 15868 MiB, 16384 MiB, 47.88 W, 57
2026/09/15 03:12:25.030, 5 %, 5 %, 15868 MiB, 16384 MiB, 48.29 W, 57
2026/09/15 03:12:26.033, 1 %, 2 %, 15868 MiB, 16384 MiB, 51.72 W, 57
2026/09/15 03:12:27.036, 1 %, 2 %, 15868 MiB, 16384 MiB, 51.65 W, 57
2026/09/15 03:12:28.053, 1 %, 2 %, 15868 MiB, 16384 MiB, 47.46 W, 57
2026/09/15 03:12:29.056, 1 %, 2 %, 15868 MiB, 16384 MiB, 47.52 W, 57
2026/09/15 03:12:30.059, 5 %, 4 %, 15868 MiB, 16384 MiB, 47.71 W, 57
2026/09/15 03:12:31.061, 4 %, 4 %, 15868 MiB, 16384 MiB, 47.62 W, 57
2026/09/15 03:12:32.064, 1 %, 2 %, 15868 MiB, 16384 MiB, 47.40 W, 57
2026/09/15 03:12:33.066, 1 %, 2 %, 15868 MiB, 16384 MiB, 50.89 W, 57
2026/09/15 03:12:34.069, 1 %, 2 %, 15868 MiB, 16384 MiB, 47.12 W, 57
2026/09/15 03:12:35.071, 2 %, 3 %, 15868 MiB, 16384 MiB, 47.42 W, 57
2026/09/15 03:12:36.074, 1 %, 2 %, 15868 MiB, 16384 MiB, 47.43 W, 57
2026/09/15 03:12:37.076, 5 %, 5 %, 15868 MiB, 16384 MiB, 47.40 W, 57
2026/09/15 03:12:38.079, 5 %, 5 %, 15868 MiB, 16384 MiB, 47.69 W, 57
2026/09/15 03:12:39.082, 4 %, 4 %, 15868 MiB, 16384 MiB, 47.59 W, 57
2026/09/15 03:12:40.084, 1 %, 2 %, 15868 MiB, 16384 MiB, 47.12 W, 56
2026/09/15 03:12:41.087, 2 %, 3 %, 15868 MiB, 16384 MiB, 51.10 W, 56
2026/09/15 03:12:42.089, 1 %, 2 %, 15868 MiB, 16384 MiB, 47.05 W, 56
2026/09/15 03:12:43.092, 100 %, 9 %, 15868 MiB, 16384 MiB, 67.14 W, 57
2026/09/15 03:12:44.094, 100 %, 7 %, 15868 MiB, 16384 MiB, 63.58 W, 58
2026/09/15 03:12:45.097, 100 %, 7 %, 15868 MiB, 16384 MiB, 67.09 W, 57
2026/09/15 03:12:46.100, 100 %, 9 %, 15868 MiB, 16384 MiB, 68.46 W, 58
2026/09/15 03:12:47.103, 100 %, 7 %, 15868 MiB, 16384 MiB, 60.88 W, 58
2026/09/15 03:12:48.107, 59 %, 5 %, 15868 MiB, 16384 MiB, 60.40 W, 57
2026/09/15 03:12:49.110, 1 %, 2 %, 15868 MiB, 16384 MiB, 60.02 W, 57
2026/09/15 03:12:50.113, 1 %, 2 %, 15868 MiB, 16384 MiB, 51.13 W, 57
2026/09/15 03:12:51.117, 1 %, 2 %, 15868 MiB, 16384 MiB, 47.22 W, 57
2026/09/15 03:12:52.121, 2 %, 3 %, 15868 MiB, 16384 MiB, 47.23 W, 57
2026/09/15 03:12:53.125, 2 %, 3 %, 15868 MiB, 16384 MiB, 47.29 W, 57
2026/09/15 03:12:54.128, 5 %, 5 %, 15868 MiB, 16384 MiB, 47.29 W, 57
2026/09/15 03:12:55.131, 4 %, 4 %, 15868 MiB, 16384 MiB, 47.17 W, 56
2026/09/15 03:12:56.134, 5 %, 4 %, 15868 MiB, 16384 MiB, 47.39 W, 56
2026/09/15 03:12:57.137, 1 %, 2 %, 15868 MiB, 16384 MiB, 47.00 W, 56
2026/09/15 03:12:58.141, 1 %, 2 %, 15868 MiB, 16384 MiB, 50.61 W, 56
2026/09/15 03:12:59.143, 1 %, 2 %, 15868 MiB, 16384 MiB, 46.89 W, 57
2026/09/15 03:13:00.147, 1 %, 2 %, 15868 MiB, 16384 MiB, 47.15 W, 56
2026/09/15 03:13:01.150, 4 %, 4 %, 15868 MiB, 16384 MiB, 47.19 W, 56
2026/09/15 03:13:02.153, 4 %, 4 %, 15868 MiB, 16384 MiB, 47.50 W, 56
2026/09/15 03:13:03.157, 5 %, 5 %, 15868 MiB, 16384 MiB, 47.56 W, 56
2026/09/15 03:13:04.160, 1 %, 2 %, 15868 MiB, 16384 MiB, 46.94 W, 56
2026/09/15 03:13:05.163, 2 %, 3 %, 15868 MiB, 16384 MiB, 51.66 W, 56
2026/09/15 03:13:06.165, 1 %, 2 %, 15868 MiB, 16384 MiB, 47.93 W, 56
2026/09/15 03:13:07.168, 1 %, 2 %, 15868 MiB, 16384 MiB, 46.86 W, 56
2026/09/15 03:13:08.170, 4 %, 4 %, 15868 MiB, 16384 MiB, 47.45 W, 56
2026/09/15 03:13:09.173, 4 %, 4 %, 15868 MiB, 16384 MiB, 47.36 W, 56
2026/09/15 03:13:10.175, 4 %, 4 %, 15868 MiB, 16384 MiB, 47.19 W, 56
2026/09/15 03:13:11.178, 100 %, 9 %, 15868 MiB, 16384 MiB, 66.95 W, 57
2026/09/15 03:13:12.180, 100 %, 7 %, 15868 MiB, 16384 MiB, 60.44 W, 57
2026/09/15 03:13:13.183, 100 %, 7 %, 15868 MiB, 16384 MiB, 66.96 W, 57
2026/09/15 03:13:14.185, 100 %, 9 %, 15868 MiB, 16384 MiB, 67.12 W, 57
2026/09/15 03:13:15.188, 100 %, 7 %, 15868 MiB, 16384 MiB, 60.65 W, 57
2026/09/15 03:13:16.192, 100 %, 7 %, 15868 MiB, 16384 MiB, 66.97 W, 57
2026/09/15 03:13:17.194, 4 %, 4 %, 15868 MiB, 16384 MiB, 59.67 W, 57
2026/09/15 03:13:18.196, 4 %, 4 %, 15868 MiB, 16384 MiB, 47.06 W, 56
2026/09/15 03:13:19.199, 1 %, 2 %, 15868 MiB, 16384 MiB, 46.48 W, 56
2026/09/15 03:13:20.201, 1 %, 2 %, 15868 MiB, 16384 MiB, 50.88 W, 56
2026/09/15 03:13:21.204, 1 %, 2 %, 15868 MiB, 16384 MiB, 46.92 W, 56
2026/09/15 03:13:22.207, 1 %, 2 %, 15868 MiB, 16384 MiB, 46.90 W, 56
2026/09/15 03:13:23.210, 5 %, 5 %, 15868 MiB, 16384 MiB, 47.23 W, 56
2026/09/15 03:13:24.214, 4 %, 4 %, 15868 MiB, 16384 MiB, 47.04 W, 56
2026/09/15 03:13:25.217, 4 %, 4 %, 15868 MiB, 16384 MiB, 46.92 W, 56
2026/09/15 03:13:26.221, 5 %, 5 %, 15868 MiB, 16384 MiB, 47.85 W, 56
2026/09/15 03:13:27.225, 1 %, 2 %, 15868 MiB, 16384 MiB, 51.23 W, 56
2026/09/15 03:13:28.228, 1 %, 2 %, 15868 MiB, 16384 MiB, 46.81 W, 56
2026/09/15 03:13:29.231, 1 %, 2 %, 15868 MiB, 16384 MiB, 47.17 W, 56
2026/09/15 03:13:30.234, 1 %, 2 %, 15868 MiB, 16384 MiB, 47.01 W, 56
2026/09/15 03:13:31.238, 4 %, 4 %, 15868 MiB, 16384 MiB, 47.08 W, 56
2026/09/15 03:13:32.241, 5 %, 4 %, 15868 MiB, 16384 MiB, 47.23 W, 56
2026/09/15 03:13:33.244, 4 %, 4 %, 15868 MiB, 16384 MiB, 47.66 W, 56
2026/09/15 03:13:34.248, 1 %, 2 %, 15868 MiB, 16384 MiB, 47.47 W, 56
2026/09/15 03:13:35.251, 1 %, 2 %, 15868 MiB, 16384 MiB, 50.98 W, 56
2026/09/15 03:13:36.255, 1 %, 3 %, 15868 MiB, 16384 MiB, 47.28 W, 56
2026/09/15 03:13:37.258, 2 %, 3 %, 15868 MiB, 16384 MiB, 47.60 W, 56
2026/09/15 03:13:38.261, 4 %, 4 %, 15868 MiB, 16384 MiB, 47.42 W, 56
2026/09/15 03:13:39.266, 41 %, 9 %, 15868 MiB, 16384 MiB, 52.63 W, 56
2026/09/15 03:13:40.268, 100 %, 9 %, 15868 MiB, 16384 MiB, 66.49 W, 57
2026/09/15 03:13:41.271, 100 %, 7 %, 15868 MiB, 16384 MiB, 60.14 W, 57
2026/09/15 03:13:42.273, 100 %, 7 %, 15868 MiB, 16384 MiB, 66.53 W, 57
2026/09/15 03:13:43.275, 100 %, 9 %, 15868 MiB, 16384 MiB, 66.68 W, 57
2026/09/15 03:13:44.278, 100 %, 7 %, 15868 MiB, 16384 MiB, 60.39 W, 57
2026/09/15 03:13:45.280, 1 %, 2 %, 15868 MiB, 16384 MiB, 62.44 W, 57
2026/09/15 03:13:46.283, 1 %, 2 %, 15868 MiB, 16384 MiB, 60.60 W, 57
2026/09/15 03:13:47.285, 4 %, 4 %, 15868 MiB, 16384 MiB, 47.68 W, 56
2026/09/15 03:13:48.287, 4 %, 4 %, 15868 MiB, 16384 MiB, 47.08 W, 56
2026/09/15 03:13:49.290, 1 %, 2 %, 15868 MiB, 16384 MiB, 46.88 W, 56
2026/09/15 03:13:50.293, 1 %, 2 %, 15868 MiB, 16384 MiB, 50.73 W, 56
2026/09/15 03:13:51.295, 1 %, 3 %, 15868 MiB, 16384 MiB, 49.97 W, 56
2026/09/15 03:13:52.298, 1 %, 2 %, 15868 MiB, 16384 MiB, 47.03 W, 56
2026/09/15 03:13:53.300, 1 %, 2 %, 15868 MiB, 16384 MiB, 47.04 W, 56
2026/09/15 03:13:54.303, 4 %, 4 %, 15868 MiB, 16384 MiB, 46.88 W, 56
2026/09/15 03:13:55.305, 4 %, 4 %, 15868 MiB, 16384 MiB, 47.15 W, 56
2026/09/15 03:13:56.308, 1 %, 2 %, 15868 MiB, 16384 MiB, 46.35 W, 56
2026/09/15 03:13:57.311, 1 %, 2 %, 15868 MiB, 16384 MiB, 50.02 W, 56
2026/09/15 03:13:58.313, 1 %, 2 %, 15868 MiB, 16384 MiB, 47.08 W, 56
2026/09/15 03:13:59.316, 1 %, 2 %, 15868 MiB, 16384 MiB, 46.89 W, 56
2026/09/15 03:14:00.318, 1 %, 2 %, 15868 MiB, 16384 MiB, 46.80 W, 56
2026/09/15 03:14:01.321, 4 %, 4 %, 15868 MiB, 16384 MiB, 46.93 W, 56
2026/09/15 03:14:02.323, 4 %, 4 %, 15868 MiB, 16384 MiB, 46.95 W, 56
2026/09/15 03:14:03.326, 1 %, 2 %, 15868 MiB, 16384 MiB, 46.69 W, 56
2026/09/15 03:14:04.328, 1 %, 2 %, 15868 MiB, 16384 MiB, 46.14 W, 56
2026/09/15 03:14:05.333, 1 %, 2 %, 15868 MiB, 16384 MiB, 49.69 W, 56
2026/09/15 03:14:06.336, 2 %, 3 %, 15868 MiB, 16384 MiB, 46.17 W, 56
2026/09/15 03:14:07.340, 1 %, 2 %, 15868 MiB, 16384 MiB, 47.11 W, 56
2026/09/15 03:14:08.343, 100 %, 6 %, 15868 MiB, 16384 MiB, 62.89 W, 56
2026/09/15 03:14:09.347, 100 %, 6 %, 15868 MiB, 16384 MiB, 66.81 W, 57
2026/09/15 03:14:10.350, 100 %, 9 %, 15868 MiB, 16384 MiB, 67.02 W, 57
2026/09/15 03:14:11.353, 100 %, 6 %, 15868 MiB, 16384 MiB, 61.78 W, 57
2026/09/15 03:14:12.357, 100 %, 6 %, 15868 MiB, 16384 MiB, 63.27 W, 57
2026/09/15 03:14:13.360, 82 %, 9 %, 15868 MiB, 16384 MiB, 60.84 W, 57
2026/09/15 03:14:14.364, 1 %, 3 %, 15868 MiB, 16384 MiB, 60.12 W, 57
2026/09/15 03:14:15.367, 1 %, 2 %, 15868 MiB, 16384 MiB, 49.21 W, 56
2026/09/15 03:14:16.371, 1 %, 2 %, 15868 MiB, 16384 MiB, 46.48 W, 56
2026/09/15 03:14:17.375, 2 %, 3 %, 15868 MiB, 16384 MiB, 46.70 W, 56
2026/09/15 03:14:18.379, 4 %, 4 %, 15868 MiB, 16384 MiB, 46.57 W, 56
2026/09/15 03:14:19.381, 3 %, 4 %, 15868 MiB, 16384 MiB, 46.79 W, 56
2026/09/15 03:14:20.384, 4 %, 4 %, 15868 MiB, 16384 MiB, 46.92 W, 56
2026/09/15 03:14:21.388, 1 %, 2 %, 15868 MiB, 16384 MiB, 46.61 W, 56
2026/09/15 03:14:22.391, 1 %, 2 %, 15868 MiB, 16384 MiB, 49.32 W, 56
2026/09/15 03:14:23.394, 1 %, 2 %, 15868 MiB, 16384 MiB, 46.29 W, 56
2026/09/15 03:14:24.398, 1 %, 2 %, 15868 MiB, 16384 MiB, 46.68 W, 56
2026/09/15 03:14:25.401, 1 %, 2 %, 15868 MiB, 16384 MiB, 46.64 W, 56
2026/09/15 03:14:26.404, 1 %, 2 %, 15868 MiB, 16384 MiB, 46.68 W, 56
2026/09/15 03:14:27.408, 3 %, 4 %, 15868 MiB, 16384 MiB, 46.67 W, 56
2026/09/15 03:14:28.411, 4 %, 4 %, 15868 MiB, 16384 MiB, 47.40 W, 56
2026/09/15 03:14:29.414, 1 %, 2 %, 15868 MiB, 16384 MiB, 46.62 W, 56
2026/09/15 03:14:30.419, 1 %, 3 %, 15868 MiB, 16384 MiB, 49.52 W, 56
2026/09/15 03:14:31.421, 1 %, 2 %, 15868 MiB, 16384 MiB, 48.57 W, 56
2026/09/15 03:14:32.424, 1 %, 2 %, 15868 MiB, 16384 MiB, 46.42 W, 56
2026/09/15 03:14:33.426, 3 %, 4 %, 15868 MiB, 16384 MiB, 46.62 W, 56
2026/09/15 03:14:34.429, 4 %, 5 %, 15868 MiB, 16384 MiB, 46.63 W, 56
2026/09/15 03:14:35.431, 1 %, 2 %, 15868 MiB, 16384 MiB, 45.99 W, 56
2026/09/15 03:14:36.434, 100 %, 0 %, 15868 MiB, 16384 MiB, 221.58 W, 61
2026/09/15 03:14:37.437, 100 %, 40 %, 15868 MiB, 16384 MiB, 117.61 W, 59
2026/09/15 03:14:38.439, 100 %, 0 %, 15868 MiB, 16384 MiB, 247.86 W, 62
2026/09/15 03:14:39.446, 100 %, 26 %, 15868 MiB, 16384 MiB, 117.88 W, 60
2026/09/15 03:14:40.448, 100 %, 0 %, 15868 MiB, 16384 MiB, 170.96 W, 62
2026/09/15 03:14:41.451, 100 %, 15 %, 15868 MiB, 16384 MiB, 129.79 W, 60
2026/09/15 03:14:42.453, 100 %, 0 %, 15868 MiB, 16384 MiB, 216.61 W, 61
2026/09/15 03:14:43.458, 100 %, 6 %, 15868 MiB, 16384 MiB, 115.07 W, 61
2026/09/15 03:14:44.460, 100 %, 4 %, 15868 MiB, 16384 MiB, 254.53 W, 61
2026/09/15 03:14:45.462, 100 %, 6 %, 15868 MiB, 16384 MiB, 118.87 W, 61
2026/09/15 03:14:46.465, 100 %, 19 %, 15868 MiB, 16384 MiB, 231.26 W, 61
2026/09/15 03:14:47.468, 100 %, 6 %, 15868 MiB, 16384 MiB, 119.51 W, 62
2026/09/15 03:14:48.470, 100 %, 39 %, 15868 MiB, 16384 MiB, 152.71 W, 61
2026/09/15 03:14:49.472, 100 %, 4 %, 15868 MiB, 16384 MiB, 119.91 W, 62
2026/09/15 03:14:50.475, 100 %, 47 %, 15868 MiB, 16384 MiB, 108.40 W, 62
2026/09/15 03:14:51.477, 100 %, 4 %, 15868 MiB, 16384 MiB, 119.19 W, 63
2026/09/15 03:14:52.480, 100 %, 47 %, 15868 MiB, 16384 MiB, 69.70 W, 62
2026/09/15 03:14:53.482, 100 %, 0 %, 15868 MiB, 16384 MiB, 119.89 W, 64
2026/09/15 03:14:54.484, 100 %, 50 %, 15868 MiB, 16384 MiB, 58.78 W, 63
2026/09/15 03:14:55.487, 100 %, 0 %, 15868 MiB, 16384 MiB, 120.93 W, 64
2026/09/15 03:14:56.489, 100 %, 49 %, 15868 MiB, 16384 MiB, 60.32 W, 65
2026/09/15 03:14:57.495, 100 %, 0 %, 15868 MiB, 16384 MiB, 120.88 W, 65
2026/09/15 03:14:58.498, 100 %, 51 %, 15868 MiB, 16384 MiB, 77.20 W, 65
2026/09/15 03:14:59.500, 100 %, 0 %, 15868 MiB, 16384 MiB, 121.30 W, 65
2026/09/15 03:15:00.503, 100 %, 45 %, 15868 MiB, 16384 MiB, 100.71 W, 65
2026/09/15 03:15:01.505, 1 %, 2 %, 15868 MiB, 16384 MiB, 62.95 W, 64
2026/09/15 03:15:02.507, 1 %, 2 %, 15868 MiB, 16384 MiB, 62.97 W, 64
2026/09/15 03:15:03.510, 1 %, 2 %, 15868 MiB, 16384 MiB, 62.71 W, 64
2026/09/15 03:15:04.513, 1 %, 1 %, 15868 MiB, 16384 MiB, 62.94 W, 64
2026/09/15 03:15:05.515, 23 %, 15 %, 15868 MiB, 16384 MiB, 62.32 W, 64
2026/09/15 03:15:06.518, 58 %, 47 %, 15868 MiB, 16384 MiB, 115.72 W, 64
2026/09/15 03:15:07.520, 82 %, 50 %, 15868 MiB, 16384 MiB, 195.17 W, 65
2026/09/15 03:15:08.522, 100 %, 45 %, 15868 MiB, 16384 MiB, 248.03 W, 65
2026/09/15 03:15:09.527, 100 %, 24 %, 15868 MiB, 16384 MiB, 182.89 W, 69
2026/09/15 03:15:10.531, 100 %, 0 %, 15868 MiB, 16384 MiB, 123.65 W, 69
2026/09/15 03:15:11.536, 100 %, 0 %, 15868 MiB, 16384 MiB, 120.25 W, 66
2026/09/15 03:15:12.539, 100 %, 0 %, 15868 MiB, 16384 MiB, 122.25 W, 66
2026/09/15 03:15:13.542, 100 %, 3 %, 15868 MiB, 16384 MiB, 122.96 W, 66
2026/09/15 03:15:14.544, 76 %, 4 %, 15868 MiB, 16384 MiB, 116.12 W, 66
2026/09/15 03:15:15.547, 37 %, 5 %, 15868 MiB, 16384 MiB, 118.16 W, 67
2026/09/15 03:15:16.549, 11 %, 6 %, 15868 MiB, 16384 MiB, 63.62 W, 66
2026/09/15 03:15:17.551, 1 %, 2 %, 15868 MiB, 16384 MiB, 64.27 W, 67
2026/09/15 03:15:18.554, 1 %, 2 %, 15868 MiB, 16384 MiB, 63.79 W, 65
2026/09/15 03:15:19.556, 1 %, 2 %, 15868 MiB, 16384 MiB, 63.77 W, 65
2026/09/15 03:15:20.559, 1 %, 2 %, 15868 MiB, 16384 MiB, 64.04 W, 65
2026/09/15 03:15:21.561, 1 %, 2 %, 15868 MiB, 16384 MiB, 63.71 W, 66
2026/09/15 03:15:22.563, 1 %, 2 %, 15868 MiB, 16384 MiB, 62.72 W, 66
2026/09/15 03:15:23.566, 26 %, 19 %, 15868 MiB, 16384 MiB, 60.29 W, 66
2026/09/15 03:15:24.569, 53 %, 45 %, 15868 MiB, 16384 MiB, 96.10 W, 66
2026/09/15 03:15:25.572, 84 %, 48 %, 15868 MiB, 16384 MiB, 194.80 W, 67
2026/09/15 03:15:26.574, 100 %, 42 %, 15868 MiB, 16384 MiB, 245.38 W, 69
2026/09/15 03:15:27.576, 100 %, 14 %, 15868 MiB, 16384 MiB, 163.69 W, 71
2026/09/15 03:15:28.579, 100 %, 0 %, 15868 MiB, 16384 MiB, 123.13 W, 67
2026/09/15 03:15:29.581, 100 %, 0 %, 15868 MiB, 16384 MiB, 125.29 W, 68
2026/09/15 03:15:30.584, 100 %, 0 %, 15868 MiB, 16384 MiB, 121.93 W, 68
2026/09/15 03:15:31.586, 100 %, 0 %, 15868 MiB, 16384 MiB, 121.79 W, 67
2026/09/15 03:15:32.588, 90 %, 5 %, 15868 MiB, 16384 MiB, 119.54 W, 67
2026/09/15 03:15:33.591, 68 %, 5 %, 15868 MiB, 16384 MiB, 123.37 W, 68
2026/09/15 03:15:34.593, 37 %, 6 %, 15868 MiB, 16384 MiB, 119.16 W, 67
2026/09/15 03:15:35.595, 1 %, 2 %, 15868 MiB, 16384 MiB, 67.94 W, 68
2026/09/15 03:15:36.602, 1 %, 2 %, 15868 MiB, 16384 MiB, 64.56 W, 66
2026/09/15 03:15:37.606, 1 %, 2 %, 15868 MiB, 16384 MiB, 65.01 W, 66
2026/09/15 03:15:38.609, 1 %, 2 %, 15868 MiB, 16384 MiB, 64.68 W, 66
2026/09/15 03:15:39.611, 27 %, 20 %, 15868 MiB, 16384 MiB, 64.75 W, 66
2026/09/15 03:15:40.614, 57 %, 46 %, 15868 MiB, 16384 MiB, 64.70 W, 67
2026/09/15 03:15:41.616, 86 %, 47 %, 15868 MiB, 16384 MiB, 64.42 W, 67
2026/09/15 03:15:42.620, 100 %, 39 %, 15868 MiB, 16384 MiB, 127.95 W, 67
2026/09/15 03:15:43.622, 100 %, 5 %, 15868 MiB, 16384 MiB, 253.41 W, 67
2026/09/15 03:15:44.624, 100 %, 0 %, 15868 MiB, 16384 MiB, 213.43 W, 69
2026/09/15 03:15:45.627, 100 %, 0 %, 15868 MiB, 16384 MiB, 125.73 W, 71
2026/09/15 03:15:46.632, 100 %, 22 %, 15868 MiB, 16384 MiB, 142.17 W, 69
2026/09/15 03:15:47.634, 100 %, 20 %, 15868 MiB, 16384 MiB, 223.71 W, 68
2026/09/15 03:15:48.636, 100 %, 7 %, 15868 MiB, 16384 MiB, 120.04 W, 69
2026/09/15 03:15:49.639, 100 %, 59 %, 15868 MiB, 16384 MiB, 62.46 W, 69
2026/09/15 03:15:50.641, 100 %, 0 %, 15868 MiB, 16384 MiB, 122.72 W, 73
2026/09/15 03:15:51.647, 100 %, 29 %, 15868 MiB, 16384 MiB, 130.90 W, 69
2026/09/15 03:15:52.650, 100 %, 5 %, 15868 MiB, 16384 MiB, 255.00 W, 70
2026/09/15 03:15:53.653, 100 %, 7 %, 15868 MiB, 16384 MiB, 121.68 W, 70
2026/09/15 03:15:54.655, 100 %, 55 %, 15868 MiB, 16384 MiB, 114.22 W, 69
2026/09/15 03:15:55.658, 100 %, 2 %, 15868 MiB, 16384 MiB, 121.52 W, 70
2026/09/15 03:15:56.660, 100 %, 42 %, 15868 MiB, 16384 MiB, 113.77 W, 70
2026/09/15 03:15:57.662, 100 %, 0 %, 15868 MiB, 16384 MiB, 237.53 W, 72
2026/09/15 03:15:58.667, 100 %, 8 %, 15868 MiB, 16384 MiB, 117.20 W, 70
2026/09/15 03:15:59.669, 100 %, 48 %, 15868 MiB, 16384 MiB, 152.49 W, 70
2026/09/15 03:16:00.672, 100 %, 6 %, 15868 MiB, 16384 MiB, 123.00 W, 70
2026/09/15 03:16:01.674, 100 %, 54 %, 15868 MiB, 16384 MiB, 81.29 W, 72
2026/09/15 03:16:02.677, 100 %, 0 %, 15868 MiB, 16384 MiB, 204.65 W, 74
2026/09/15 03:16:03.685, 100 %, 16 %, 15868 MiB, 16384 MiB, 122.36 W, 71
2026/09/15 03:16:04.687, 100 %, 31 %, 15868 MiB, 16384 MiB, 213.25 W, 73
2026/09/15 03:16:05.689, 100 %, 6 %, 15868 MiB, 16384 MiB, 113.35 W, 71
2026/09/15 03:16:06.692, 100 %, 55 %, 15868 MiB, 16384 MiB, 180.01 W, 70
2026/09/15 03:16:07.694, 100 %, 0 %, 15868 MiB, 16384 MiB, 122.17 W, 71
2026/09/15 03:16:08.696, 100 %, 23 %, 15868 MiB, 16384 MiB, 64.92 W, 71
2026/09/15 03:16:09.700, 100 %, 14 %, 15868 MiB, 16384 MiB, 167.77 W, 74
2026/09/15 03:16:10.705, 100 %, 0 %, 15868 MiB, 16384 MiB, 122.26 W, 74
2026/09/15 03:16:11.711, 100 %, 0 %, 15868 MiB, 16384 MiB, 122.21 W, 72
2026/09/15 03:16:12.714, 100 %, 0 %, 15868 MiB, 16384 MiB, 124.21 W, 71
2026/09/15 03:16:13.717, 100 %, 1 %, 15868 MiB, 16384 MiB, 123.49 W, 71
2026/09/15 03:16:14.719, 84 %, 5 %, 15868 MiB, 16384 MiB, 123.91 W, 71
2026/09/15 03:16:15.721, 76 %, 5 %, 15868 MiB, 16384 MiB, 124.07 W, 71
2026/09/15 03:16:16.724, 66 %, 5 %, 15868 MiB, 16384 MiB, 122.05 W, 71
2026/09/15 03:16:17.726, 55 %, 6 %, 15868 MiB, 16384 MiB, 149.74 W, 70
2026/09/15 03:16:18.728, 47 %, 6 %, 15868 MiB, 16384 MiB, 141.34 W, 70
2026/09/15 03:16:19.731, 39 %, 6 %, 15868 MiB, 16384 MiB, 126.35 W, 70
2026/09/15 03:16:20.733, 34 %, 6 %, 15868 MiB, 16384 MiB, 126.02 W, 70
2026/09/15 03:16:21.736, 26 %, 6 %, 15868 MiB, 16384 MiB, 116.88 W, 70
2026/09/15 03:16:22.738, 19 %, 6 %, 15868 MiB, 16384 MiB, 108.38 W, 70
2026/09/15 03:16:23.744, 5 %, 4 %, 15868 MiB, 16384 MiB, 65.14 W, 70
2026/09/15 03:16:24.746, 1 %, 2 %, 15868 MiB, 16384 MiB, 65.50 W, 70
2026/09/15 03:16:25.749, 1 %, 2 %, 15868 MiB, 16384 MiB, 65.23 W, 69
2026/09/15 03:16:26.751, 1 %, 2 %, 15868 MiB, 16384 MiB, 65.79 W, 69
2026/09/15 03:16:27.753, 1 %, 2 %, 15868 MiB, 16384 MiB, 65.72 W, 69
2026/09/15 03:16:28.756, 1 %, 2 %, 15868 MiB, 16384 MiB, 66.90 W, 69
2026/09/15 03:16:29.759, 9 %, 8 %, 15868 MiB, 16384 MiB, 66.56 W, 69
2026/09/15 03:16:30.762, 20 %, 17 %, 15868 MiB, 16384 MiB, 65.15 W, 69
2026/09/15 03:16:31.767, 32 %, 24 %, 15868 MiB, 16384 MiB, 65.07 W, 69
2026/09/15 03:16:32.770, 41 %, 35 %, 15868 MiB, 16384 MiB, 55.33 W, 68
2026/09/15 03:16:33.773, 60 %, 51 %, 15868 MiB, 16384 MiB, 63.31 W, 69
2026/09/15 03:16:34.775, 70 %, 55 %, 15868 MiB, 16384 MiB, 62.37 W, 69
2026/09/15 03:16:35.778, 83 %, 59 %, 15868 MiB, 16384 MiB, 61.02 W, 69
2026/09/15 03:16:36.781, 96 %, 60 %, 15868 MiB, 16384 MiB, 59.30 W, 69
2026/09/15 03:16:37.783, 100 %, 56 %, 15868 MiB, 16384 MiB, 71.21 W, 69
2026/09/15 03:16:38.786, 100 %, 55 %, 15868 MiB, 16384 MiB, 103.46 W, 69
2026/09/15 03:16:39.790, 100 %, 42 %, 15868 MiB, 16384 MiB, 154.44 W, 69
2026/09/15 03:16:40.795, 100 %, 29 %, 15868 MiB, 16384 MiB, 193.57 W, 69
2026/09/15 03:16:41.801, 100 %, 20 %, 15868 MiB, 16384 MiB, 213.66 W, 69
2026/09/15 03:16:42.803, 100 %, 10 %, 15868 MiB, 16384 MiB, 235.58 W, 70
2026/09/15 03:16:43.805, 100 %, 0 %, 15868 MiB, 16384 MiB, 258.44 W, 71
2026/09/15 03:16:44.808, 100 %, 0 %, 15868 MiB, 16384 MiB, 232.77 W, 72
2026/09/15 03:16:45.811, 100 %, 0 %, 15868 MiB, 16384 MiB, 188.67 W, 72
2026/09/15 03:16:46.815, 100 %, 0 %, 15868 MiB, 16384 MiB, 160.68 W, 72
2026/09/15 03:16:47.819, 100 %, 0 %, 15868 MiB, 16384 MiB, 121.67 W, 73
2026/09/15 03:16:48.827, 100 %, 3 %, 15868 MiB, 16384 MiB, 121.44 W, 72
2026/09/15 03:16:49.834, 80 %, 5 %, 15868 MiB, 16384 MiB, 120.20 W, 70
2026/09/15 03:16:50.837, 63 %, 6 %, 15868 MiB, 16384 MiB, 120.63 W, 70
2026/09/15 03:16:51.839, 45 %, 7 %, 15868 MiB, 16384 MiB, 119.06 W, 70
2026/09/15 03:16:52.844, 37 %, 6 %, 15868 MiB, 16384 MiB, 124.07 W, 70
2026/09/15 03:16:53.847, 100 %, 7 %, 15868 MiB, 16384 MiB, 72.44 W, 68
2026/09/15 03:16:54.849, 100 %, 7 %, 15868 MiB, 16384 MiB, 72.09 W, 68
2026/09/15 03:16:55.852, 100 %, 9 %, 15868 MiB, 16384 MiB, 65.35 W, 68
2026/09/15 03:16:56.854, 100 %, 7 %, 15868 MiB, 16384 MiB, 71.84 W, 67
2026/09/15 03:16:57.857, 100 %, 7 %, 15868 MiB, 16384 MiB, 71.97 W, 67
2026/09/15 03:16:58.859, 100 %, 9 %, 15868 MiB, 16384 MiB, 65.25 W, 67
2026/09/15 03:16:59.861, 1 %, 3 %, 15868 MiB, 16384 MiB, 64.60 W, 67
2026/09/15 03:17:00.864, 2 %, 3 %, 15868 MiB, 16384 MiB, 51.72 W, 66
2026/09/15 03:17:01.866, 4 %, 4 %, 15868 MiB, 16384 MiB, 50.41 W, 65
2026/09/15 03:17:02.870, 1 %, 2 %, 15868 MiB, 16384 MiB, 54.08 W, 65
2026/09/15 03:17:03.874, 1 %, 2 %, 15868 MiB, 16384 MiB, 50.14 W, 65
2026/09/15 03:17:04.878, 1 %, 2 %, 15868 MiB, 16384 MiB, 50.22 W, 65
2026/09/15 03:17:05.881, 1 %, 3 %, 15868 MiB, 16384 MiB, 50.05 W, 65
2026/09/15 03:17:06.885, 1 %, 2 %, 15868 MiB, 16384 MiB, 50.13 W, 64
2026/09/15 03:17:07.888, 3 %, 4 %, 15868 MiB, 16384 MiB, 49.94 W, 64
2026/09/15 03:17:08.892, 4 %, 4 %, 15868 MiB, 16384 MiB, 50.22 W, 64
2026/09/15 03:17:09.895, 4 %, 5 %, 15868 MiB, 16384 MiB, 50.42 W, 64
2026/09/15 03:17:10.899, 1 %, 2 %, 15868 MiB, 16384 MiB, 54.24 W, 63
2026/09/15 03:17:11.902, 1 %, 2 %, 15868 MiB, 16384 MiB, 49.70 W, 63
2026/09/15 03:17:12.906, 2 %, 3 %, 15868 MiB, 16384 MiB, 49.91 W, 63
2026/09/15 03:17:13.909, 1 %, 2 %, 15868 MiB, 16384 MiB, 49.65 W, 63
2026/09/15 03:17:14.913, 1 %, 2 %, 15868 MiB, 16384 MiB, 49.90 W, 63
2026/09/15 03:17:15.916, 5 %, 5 %, 15868 MiB, 16384 MiB, 49.96 W, 62
2026/09/15 03:17:16.919, 4 %, 5 %, 15868 MiB, 16384 MiB, 49.67 W, 62
2026/09/15 03:17:17.923, 4 %, 4 %, 15868 MiB, 16384 MiB, 49.40 W, 62
2026/09/15 03:17:18.926, 1 %, 2 %, 15868 MiB, 16384 MiB, 53.26 W, 62
2026/09/15 03:17:19.929, 2 %, 3 %, 15868 MiB, 16384 MiB, 49.42 W, 62
2026/09/15 03:17:20.933, 1 %, 2 %, 15868 MiB, 16384 MiB, 49.42 W, 61
2026/09/15 03:17:21.937, 100 %, 6 %, 15868 MiB, 16384 MiB, 68.46 W, 62
2026/09/15 03:17:22.941, 100 %, 7 %, 15868 MiB, 16384 MiB, 65.51 W, 62
2026/09/15 03:17:23.944, 100 %, 8 %, 15868 MiB, 16384 MiB, 68.31 W, 62
2026/09/15 03:17:24.948, 100 %, 7 %, 15868 MiB, 16384 MiB, 70.01 W, 62
2026/09/15 03:17:25.951, 100 %, 8 %, 15868 MiB, 16384 MiB, 64.75 W, 62
2026/09/15 03:17:26.954, 100 %, 7 %, 15868 MiB, 16384 MiB, 68.76 W, 62
2026/09/15 03:17:27.958, 4 %, 5 %, 15868 MiB, 16384 MiB, 60.87 W, 62
2026/09/15 03:17:28.961, 1 %, 2 %, 15868 MiB, 16384 MiB, 67.87 W, 62
2026/09/15 03:17:29.964, 1 %, 2 %, 15868 MiB, 16384 MiB, 49.44 W, 61
2026/09/15 03:17:30.967, 1 %, 2 %, 15868 MiB, 16384 MiB, 49.29 W, 61
2026/09/15 03:17:31.970, 4 %, 5 %, 15868 MiB, 16384 MiB, 48.75 W, 60
2026/09/15 03:17:32.972, 4 %, 5 %, 15868 MiB, 16384 MiB, 49.00 W, 60
2026/09/15 03:17:33.975, 4 %, 4 %, 15868 MiB, 16384 MiB, 48.99 W, 60
2026/09/15 03:17:34.977, 5 %, 5 %, 15868 MiB, 16384 MiB, 48.74 W, 60
2026/09/15 03:17:35.980, 1 %, 2 %, 15868 MiB, 16384 MiB, 52.83 W, 60
2026/09/15 03:17:36.983, 1 %, 2 %, 15868 MiB, 16384 MiB, 48.73 W, 60
2026/09/15 03:17:37.985, 1 %, 2 %, 15868 MiB, 16384 MiB, 48.92 W, 60
2026/09/15 03:17:38.988, 1 %, 2 %, 15868 MiB, 16384 MiB, 48.71 W, 59
2026/09/15 03:17:39.990, 4 %, 4 %, 15868 MiB, 16384 MiB, 49.03 W, 59
2026/09/15 03:17:40.993, 4 %, 4 %, 15868 MiB, 16384 MiB, 48.87 W, 59
2026/09/15 03:17:41.995, 1 %, 2 %, 15868 MiB, 16384 MiB, 52.47 W, 59
2026/09/15 03:17:42.998, 1 %, 2 %, 15868 MiB, 16384 MiB, 52.91 W, 59
2026/09/15 03:17:44.001, 1 %, 2 %, 15868 MiB, 16384 MiB, 48.75 W, 59
2026/09/15 03:17:45.003, 2 %, 3 %, 15868 MiB, 16384 MiB, 48.80 W, 59
2026/09/15 03:17:46.006, 1 %, 1 %, 15868 MiB, 16384 MiB, 48.71 W, 59
2026/09/15 03:17:47.008, 4 %, 4 %, 15868 MiB, 16384 MiB, 48.66 W, 59
2026/09/15 03:17:48.011, 4 %, 5 %, 15868 MiB, 16384 MiB, 48.04 W, 58
2026/09/15 03:17:49.013, 1 %, 2 %, 15868 MiB, 16384 MiB, 52.56 W, 58
2026/09/15 03:17:50.016, 1 %, 2 %, 15868 MiB, 16384 MiB, 48.99 W, 58
2026/09/15 03:17:51.018, 100 %, 7 %, 15868 MiB, 16384 MiB, 69.81 W, 59
2026/09/15 03:17:52.021, 100 %, 9 %, 15868 MiB, 16384 MiB, 62.32 W, 59
2026/09/15 03:17:53.023, 100 %, 7 %, 15868 MiB, 16384 MiB, 69.14 W, 59
2026/09/15 03:17:54.026, 100 %, 7 %, 15868 MiB, 16384 MiB, 69.19 W, 59
2026/09/15 03:17:55.028, 100 %, 9 %, 15868 MiB, 16384 MiB, 62.19 W, 59
2026/09/15 03:17:56.030, 44 %, 5 %, 15868 MiB, 16384 MiB, 61.60 W, 59
2026/09/15 03:17:57.033, 1 %, 2 %, 15868 MiB, 16384 MiB, 66.24 W, 59
2026/09/15 03:17:58.035, 1 %, 2 %, 15868 MiB, 16384 MiB, 47.88 W, 58
2026/09/15 03:17:59.038, 1 %, 2 %, 15868 MiB, 16384 MiB, 48.12 W, 58
2026/09/15 03:18:00.041, 2 %, 3 %, 15868 MiB, 16384 MiB, 48.10 W, 58
2026/09/15 03:18:01.045, 4 %, 4 %, 15868 MiB, 16384 MiB, 48.05 W, 58
2026/09/15 03:18:02.048, 4 %, 4 %, 15868 MiB, 16384 MiB, 47.92 W, 58
2026/09/15 03:18:03.051, 1 %, 2 %, 15868 MiB, 16384 MiB, 48.86 W, 58
2026/09/15 03:18:04.053, 1 %, 2 %, 15868 MiB, 16384 MiB, 51.51 W, 58
2026/09/15 03:18:05.056, 1 %, 2 %, 15868 MiB, 16384 MiB, 47.68 W, 58
2026/09/15 03:18:06.060, 1 %, 3 %, 15868 MiB, 16384 MiB, 47.65 W, 57
2026/09/15 03:18:07.063, 4 %, 5 %, 15868 MiB, 16384 MiB, 47.74 W, 57
2026/09/15 03:18:08.066, 4 %, 4 %, 15868 MiB, 16384 MiB, 47.71 W, 57
2026/09/15 03:18:09.069, 4 %, 4 %, 15868 MiB, 16384 MiB, 47.31 W, 57
2026/09/15 03:18:10.072, 1 %, 2 %, 15868 MiB, 16384 MiB, 51.49 W, 57
2026/09/15 03:18:11.076, 1 %, 2 %, 15868 MiB, 16384 MiB, 47.60 W, 57
2026/09/15 03:18:12.079, 1 %, 2 %, 15868 MiB, 16384 MiB, 47.30 W, 57
2026/09/15 03:18:13.083, 2 %, 3 %, 15868 MiB, 16384 MiB, 47.44 W, 57
2026/09/15 03:18:14.085, 1 %, 2 %, 15868 MiB, 16384 MiB, 47.75 W, 57
2026/09/15 03:18:15.089, 4 %, 4 %, 15868 MiB, 16384 MiB, 47.58 W, 57
2026/09/15 03:18:16.093, 4 %, 4 %, 15868 MiB, 16384 MiB, 47.54 W, 57
2026/09/15 03:18:17.097, 2 %, 3 %, 15868 MiB, 16384 MiB, 51.07 W, 57
2026/09/15 03:18:18.101, 1 %, 2 %, 15868 MiB, 16384 MiB, 51.14 W, 57
2026/09/15 03:18:19.104, 100 %, 9 %, 15868 MiB, 16384 MiB, 63.65 W, 58
2026/09/15 03:18:20.106, 100 %, 7 %, 15868 MiB, 16384 MiB, 65.68 W, 58
2026/09/15 03:18:21.109, 100 %, 7 %, 15868 MiB, 16384 MiB, 67.75 W, 58
2026/09/15 03:18:22.111, 100 %, 9 %, 15868 MiB, 16384 MiB, 62.98 W, 58
2026/09/15 03:18:23.114, 100 %, 7 %, 15868 MiB, 16384 MiB, 66.40 W, 58
2026/09/15 03:18:24.116, 100 %, 7 %, 15868 MiB, 16384 MiB, 67.94 W, 58
2026/09/15 03:18:25.118, 4 %, 4 %, 15868 MiB, 16384 MiB, 60.28 W, 58
2026/09/15 03:18:26.121, 1 %, 2 %, 15868 MiB, 16384 MiB, 65.75 W, 58
2026/09/15 03:18:27.123, 1 %, 2 %, 15868 MiB, 16384 MiB, 47.45 W, 57
2026/09/15 03:18:28.126, 1 %, 2 %, 15868 MiB, 16384 MiB, 47.40 W, 57
2026/09/15 03:18:29.128, 1 %, 2 %, 15868 MiB, 16384 MiB, 47.35 W, 57
2026/09/15 03:18:30.131, 4 %, 5 %, 15868 MiB, 16384 MiB, 47.77 W, 57
2026/09/15 03:18:31.133, 4 %, 4 %, 15868 MiB, 16384 MiB, 47.82 W, 57
2026/09/15 03:18:32.136, 5 %, 5 %, 15868 MiB, 16384 MiB, 46.94 W, 57
2026/09/15 03:18:33.138, 1 %, 2 %, 15868 MiB, 16384 MiB, 50.83 W, 56
2026/09/15 03:18:34.141, 1 %, 2 %, 15868 MiB, 16384 MiB, 47.18 W, 57
2026/09/15 03:18:35.144, 1 %, 2 %, 15868 MiB, 16384 MiB, 47.21 W, 56
2026/09/15 03:18:36.146, 1 %, 2 %, 15868 MiB, 16384 MiB, 47.00 W, 56
2026/09/15 03:18:37.149, 1 %, 2 %, 15868 MiB, 16384 MiB, 47.03 W, 56
2026/09/15 03:18:38.151, 5 %, 5 %, 15868 MiB, 16384 MiB, 47.15 W, 56
2026/09/15 03:18:39.154, 4 %, 4 %, 15868 MiB, 16384 MiB, 47.12 W, 56
2026/09/15 03:18:40.157, 4 %, 4 %, 15868 MiB, 16384 MiB, 47.35 W, 56
2026/09/15 03:18:41.159, 4 %, 4 %, 15868 MiB, 16384 MiB, 46.38 W, 56
2026/09/15 03:18:42.162, 1 %, 2 %, 15868 MiB, 16384 MiB, 47.29 W, 56
2026/09/15 03:18:43.164, 1 %, 2 %, 15868 MiB, 16384 MiB, 47.01 W, 56
2026/09/15 03:18:44.167, 1 %, 3 %, 15868 MiB, 16384 MiB, 47.08 W, 56
2026/09/15 03:18:45.169, 5 %, 5 %, 15868 MiB, 16384 MiB, 47.09 W, 56
2026/09/15 03:18:46.172, 4 %, 4 %, 15868 MiB, 16384 MiB, 46.91 W, 56
2026/09/15 03:18:47.175, 24 %, 9 %, 15868 MiB, 16384 MiB, 51.22 W, 56
2026/09/15 03:18:48.177, 100 %, 7 %, 15868 MiB, 16384 MiB, 60.27 W, 57
2026/09/15 03:18:49.180, 100 %, 7 %, 15868 MiB, 16384 MiB, 67.49 W, 57
2026/09/15 03:18:50.182, 100 %, 9 %, 15868 MiB, 16384 MiB, 68.77 W, 57
2026/09/15 03:18:51.184, 100 %, 7 %, 15868 MiB, 16384 MiB, 62.08 W, 57
2026/09/15 03:18:52.187, 100 %, 7 %, 15868 MiB, 16384 MiB, 67.71 W, 57
2026/09/15 03:18:53.189, 1 %, 3 %, 15868 MiB, 16384 MiB, 60.13 W, 57
2026/09/15 03:18:54.192, 1 %, 2 %, 15868 MiB, 16384 MiB, 60.26 W, 57
2026/09/15 03:18:55.196, 4 %, 4 %, 15868 MiB, 16384 MiB, 47.09 W, 56
2026/09/15 03:18:56.199, 4 %, 4 %, 15868 MiB, 16384 MiB, 46.18 W, 56
2026/09/15 03:18:57.203, 1 %, 3 %, 15868 MiB, 16384 MiB, 50.46 W, 56
2026/09/15 03:18:58.206, 1 %, 2 %, 15868 MiB, 16384 MiB, 46.49 W, 56
2026/09/15 03:18:59.209, 1 %, 3 %, 15868 MiB, 16384 MiB, 46.69 W, 56
2026/09/15 03:19:00.212, 1 %, 2 %, 15868 MiB, 16384 MiB, 46.55 W, 56
2026/09/15 03:19:01.215, 4 %, 5 %, 15868 MiB, 16384 MiB, 46.95 W, 56
2026/09/15 03:19:02.218, 4 %, 4 %, 15868 MiB, 16384 MiB, 46.71 W, 56
2026/09/15 03:19:03.221, 4 %, 5 %, 15868 MiB, 16384 MiB, 46.92 W, 56
2026/09/15 03:19:04.224, 1 %, 2 %, 15868 MiB, 16384 MiB, 50.66 W, 56
2026/09/15 03:19:05.227, 1 %, 2 %, 15868 MiB, 16384 MiB, 47.09 W, 56
2026/09/15 03:19:06.230, 1 %, 2 %, 15868 MiB, 16384 MiB, 47.31 W, 56
2026/09/15 03:19:07.233, 1 %, 2 %, 15868 MiB, 16384 MiB, 47.04 W, 56
2026/09/15 03:19:08.236, 4 %, 5 %, 15868 MiB, 16384 MiB, 47.15 W, 56
2026/09/15 03:19:09.239, 4 %, 4 %, 15868 MiB, 16384 MiB, 46.47 W, 56
2026/09/15 03:19:10.241, 5 %, 5 %, 15868 MiB, 16384 MiB, 46.67 W, 56
2026/09/15 03:19:11.244, 1 %, 2 %, 15868 MiB, 16384 MiB, 50.95 W, 56
2026/09/15 03:19:12.247, 1 %, 2 %, 15868 MiB, 16384 MiB, 50.89 W, 56
2026/09/15 03:19:13.249, 1 %, 2 %, 15868 MiB, 16384 MiB, 46.81 W, 56
2026/09/15 03:19:14.253, 2 %, 3 %, 15868 MiB, 16384 MiB, 46.82 W, 56
2026/09/15 03:19:15.255, 1 %, 2 %, 15868 MiB, 16384 MiB, 46.49 W, 56
2026/09/15 03:19:16.258, 100 %, 7 %, 15868 MiB, 16384 MiB, 68.13 W, 56
2026/09/15 03:19:17.261, 100 %, 9 %, 15868 MiB, 16384 MiB, 61.65 W, 57
2026/09/15 03:19:18.263, 100 %, 7 %, 15868 MiB, 16384 MiB, 68.49 W, 57
2026/09/15 03:19:19.265, 100 %, 7 %, 15868 MiB, 16384 MiB, 68.73 W, 57
2026/09/15 03:19:20.268, 100 %, 9 %, 15868 MiB, 16384 MiB, 61.79 W, 57
2026/09/15 03:19:21.270, 100 %, 7 %, 15868 MiB, 16384 MiB, 66.36 W, 57
2026/09/15 03:19:22.272, 1 %, 2 %, 15868 MiB, 16384 MiB, 61.06 W, 57
2026/09/15 03:19:23.275, 1 %, 2 %, 15868 MiB, 16384 MiB, 46.86 W, 56
2026/09/15 03:19:24.277, 1 %, 2 %, 15868 MiB, 16384 MiB, 46.76 W, 56
2026/09/15 03:19:25.280, 4 %, 4 %, 15868 MiB, 16384 MiB, 46.75 W, 56
2026/09/15 03:19:26.282, 4 %, 4 %, 15868 MiB, 16384 MiB, 47.07 W, 56
2026/09/15 03:19:27.285, 4 %, 5 %, 15868 MiB, 16384 MiB, 46.66 W, 56
2026/09/15 03:19:28.288, 1 %, 2 %, 15868 MiB, 16384 MiB, 50.09 W, 56
2026/09/15 03:19:29.290, 1 %, 2 %, 15868 MiB, 16384 MiB, 46.44 W, 56
2026/09/15 03:19:30.293, 1 %, 2 %, 15868 MiB, 16384 MiB, 46.62 W, 56
2026/09/15 03:19:31.295, 1 %, 2 %, 15868 MiB, 16384 MiB, 46.76 W, 56
2026/09/15 03:19:32.298, 4 %, 4 %, 15868 MiB, 16384 MiB, 47.21 W, 56
2026/09/15 03:19:33.300, 4 %, 4 %, 15868 MiB, 16384 MiB, 47.00 W, 56
2026/09/15 03:19:34.303, 4 %, 5 %, 15868 MiB, 16384 MiB, 46.35 W, 56
2026/09/15 03:19:35.305, 1 %, 2 %, 15868 MiB, 16384 MiB, 50.11 W, 56
2026/09/15 03:19:36.308, 1 %, 2 %, 15868 MiB, 16384 MiB, 46.53 W, 56
2026/09/15 03:19:37.310, 1 %, 2 %, 15868 MiB, 16384 MiB, 46.80 W, 56
2026/09/15 03:19:38.313, 2 %, 3 %, 15868 MiB, 16384 MiB, 46.52 W, 55
2026/09/15 03:19:39.315, 5 %, 5 %, 15868 MiB, 16384 MiB, 46.48 W, 56
2026/09/15 03:19:40.318, 4 %, 4 %, 15868 MiB, 16384 MiB, 46.39 W, 55
2026/09/15 03:19:41.321, 5 %, 5 %, 15868 MiB, 16384 MiB, 46.48 W, 56
2026/09/15 03:19:42.323, 2 %, 3 %, 15868 MiB, 16384 MiB, 50.05 W, 55
2026/09/15 03:19:43.326, 1 %, 2 %, 15868 MiB, 16384 MiB, 50.14 W, 56
2026/09/15 03:19:44.328, 100 %, 9 %, 15868 MiB, 16384 MiB, 61.56 W, 56
2026/09/15 03:19:45.331, 100 %, 6 %, 15868 MiB, 16384 MiB, 68.24 W, 57
2026/09/15 03:19:46.333, 100 %, 6 %, 15868 MiB, 16384 MiB, 68.50 W, 57
2026/09/15 03:19:47.335, 100 %, 9 %, 15868 MiB, 16384 MiB, 61.97 W, 57
2026/09/15 03:19:48.338, 100 %, 6 %, 15868 MiB, 16384 MiB, 68.54 W, 57
2026/09/15 03:19:49.340, 100 %, 6 %, 15868 MiB, 16384 MiB, 68.45 W, 57
2026/09/15 03:19:50.342, 4 %, 4 %, 15868 MiB, 16384 MiB, 61.21 W, 57
2026/09/15 03:19:51.345, 1 %, 2 %, 15868 MiB, 16384 MiB, 66.07 W, 57
2026/09/15 03:19:52.347, 1 %, 2 %, 15868 MiB, 16384 MiB, 47.09 W, 56
2026/09/15 03:19:53.350, 1 %, 2 %, 15868 MiB, 16384 MiB, 47.42 W, 56
2026/09/15 03:19:54.353, 1 %, 2 %, 15868 MiB, 16384 MiB, 46.83 W, 56
2026/09/15 03:19:55.360, 4 %, 5 %, 15868 MiB, 16384 MiB, 46.71 W, 56
2026/09/15 03:19:56.362, 4 %, 5 %, 15868 MiB, 16384 MiB, 46.92 W, 56
2026/09/15 03:19:57.365, 4 %, 4 %, 15868 MiB, 16384 MiB, 46.78 W, 56
2026/09/15 03:19:58.368, 1 %, 2 %, 15868 MiB, 16384 MiB, 48.25 W, 56
2026/09/15 03:19:59.371, 1 %, 2 %, 15868 MiB, 16384 MiB, 50.25 W, 56
2026/09/15 03:20:00.373, 1 %, 2 %, 15868 MiB, 16384 MiB, 46.98 W, 56
2026/09/15 03:20:01.376, 1 %, 2 %, 15868 MiB, 16384 MiB, 46.97 W, 56
2026/09/15 03:20:02.379, 1 %, 2 %, 15868 MiB, 16384 MiB, 46.76 W, 56
2026/09/15 03:20:03.381, 1 %, 2 %, 15868 MiB, 16384 MiB, 46.67 W, 56
2026/09/15 03:20:04.384, 4 %, 4 %, 15868 MiB, 16384 MiB, 46.57 W, 56
2026/09/15 03:20:05.388, 4 %, 5 %, 15868 MiB, 16384 MiB, 46.54 W, 56
2026/09/15 03:20:06.391, 1 %, 2 %, 15868 MiB, 16384 MiB, 50.10 W, 56
2026/09/15 03:20:07.394, 1 %, 3 %, 15868 MiB, 16384 MiB, 50.18 W, 56
2026/09/15 03:20:08.398, 1 %, 2 %, 15868 MiB, 16384 MiB, 46.71 W, 56
2026/09/15 03:20:09.401, 1 %, 3 %, 15868 MiB, 16384 MiB, 46.82 W, 55
2026/09/15 03:20:10.404, 1 %, 2 %, 15868 MiB, 16384 MiB, 46.99 W, 56
2026/09/15 03:20:11.408, 4 %, 4 %, 15868 MiB, 16384 MiB, 46.57 W, 55
2026/09/15 03:20:12.410, 23 %, 9 %, 15868 MiB, 16384 MiB, 69.66 W, 56
2026/09/15 03:20:13.416, 100 %, 16 %, 15868 MiB, 16384 MiB, 117.19 W, 60
2026/09/15 03:20:14.418, 100 %, 4 %, 15868 MiB, 16384 MiB, 221.95 W, 59
2026/09/15 03:20:15.421, 100 %, 48 %, 15868 MiB, 16384 MiB, 59.33 W, 60
2026/09/15 03:20:16.423, 100 %, 18 %, 15868 MiB, 16384 MiB, 118.18 W, 60
2026/09/15 03:20:17.426, 100 %, 4 %, 15868 MiB, 16384 MiB, 254.40 W, 62
2026/09/15 03:20:18.429, 100 %, 46 %, 15868 MiB, 16384 MiB, 58.96 W, 59
2026/09/15 03:20:19.432, 100 %, 23 %, 15868 MiB, 16384 MiB, 101.54 W, 61
2026/09/15 03:20:20.434, 100 %, 5 %, 15868 MiB, 16384 MiB, 119.04 W, 63
2026/09/15 03:20:21.440, 100 %, 45 %, 15868 MiB, 16384 MiB, 183.59 W, 60
2026/09/15 03:20:22.444, 100 %, 27 %, 15868 MiB, 16384 MiB, 93.82 W, 62
2026/09/15 03:20:23.446, 100 %, 5 %, 15868 MiB, 16384 MiB, 119.59 W, 65
2026/09/15 03:20:24.449, 100 %, 36 %, 15868 MiB, 16384 MiB, 211.46 W, 61
2026/09/15 03:20:25.453, 100 %, 32 %, 15868 MiB, 16384 MiB, 82.93 W, 62
2026/09/15 03:20:26.455, 100 %, 5 %, 15868 MiB, 16384 MiB, 120.30 W, 66
2026/09/15 03:20:27.458, 100 %, 40 %, 15868 MiB, 16384 MiB, 240.55 W, 63
2026/09/15 03:20:28.463, 100 %, 37 %, 15868 MiB, 16384 MiB, 60.95 W, 63
2026/09/15 03:20:29.465, 63 %, 4 %, 15868 MiB, 16384 MiB, 118.76 W, 66
2026/09/15 03:20:30.468, 100 %, 45 %, 15868 MiB, 16384 MiB, 183.09 W, 63
2026/09/15 03:20:31.470, 13 %, 10 %, 15868 MiB, 16384 MiB, 60.90 W, 62
2026/09/15 03:20:32.472, 1 %, 2 %, 15868 MiB, 16384 MiB, 61.96 W, 62
2026/09/15 03:20:33.475, 7 %, 5 %, 15868 MiB, 16384 MiB, 107.60 W, 64
2026/09/15 03:20:34.477, 90 %, 5 %, 15868 MiB, 16384 MiB, 182.58 W, 67
2026/09/15 03:20:35.480, 65 %, 47 %, 15868 MiB, 16384 MiB, 62.50 W, 63
2026/09/15 03:20:36.483, 1 %, 2 %, 15868 MiB, 16384 MiB, 62.13 W, 63
2026/09/15 03:20:37.485, 1 %, 2 %, 15868 MiB, 16384 MiB, 62.27 W, 63
2026/09/15 03:20:38.487, 36 %, 5 %, 15868 MiB, 16384 MiB, 140.94 W, 64
2026/09/15 03:20:39.490, 100 %, 39 %, 15868 MiB, 16384 MiB, 233.51 W, 66
2026/09/15 03:20:40.492, 14 %, 11 %, 15868 MiB, 16384 MiB, 57.37 W, 63
2026/09/15 03:20:41.495, 1 %, 2 %, 15868 MiB, 16384 MiB, 61.97 W, 63
2026/09/15 03:20:42.497, 19 %, 5 %, 15868 MiB, 16384 MiB, 62.00 W, 65
2026/09/15 03:20:43.499, 100 %, 12 %, 15868 MiB, 16384 MiB, 119.73 W, 68
2026/09/15 03:20:44.506, 56 %, 43 %, 15868 MiB, 16384 MiB, 189.56 W, 64
2026/09/15 03:20:45.511, 1 %, 2 %, 15868 MiB, 16384 MiB, 61.82 W, 64
2026/09/15 03:20:46.515, 1 %, 2 %, 15868 MiB, 16384 MiB, 62.37 W, 64
2026/09/15 03:20:47.518, 60 %, 4 %, 15868 MiB, 16384 MiB, 113.06 W, 65
2026/09/15 03:20:48.520, 89 %, 44 %, 15868 MiB, 16384 MiB, 230.23 W, 66
2026/09/15 03:20:49.523, 1 %, 2 %, 15868 MiB, 16384 MiB, 59.68 W, 64
2026/09/15 03:20:50.525, 1 %, 2 %, 15868 MiB, 16384 MiB, 62.63 W, 64
2026/09/15 03:20:51.528, 30 %, 5 %, 15868 MiB, 16384 MiB, 63.06 W, 65
2026/09/15 03:20:52.533, 100 %, 32 %, 15868 MiB, 16384 MiB, 122.80 W, 69
2026/09/15 03:20:53.541, 23 %, 16 %, 15868 MiB, 16384 MiB, 80.23 W, 65
2026/09/15 03:20:54.546, 2 %, 3 %, 15868 MiB, 16384 MiB, 63.73 W, 65
2026/09/15 03:20:55.549, 8 %, 5 %, 15868 MiB, 16384 MiB, 63.79 W, 67
2026/09/15 03:20:56.552, 1 %, 2 %, 15868 MiB, 16384 MiB, 124.28 W, 67
2026/09/15 03:20:57.554, 79 %, 4 %, 15868 MiB, 16384 MiB, 245.63 W, 66
2026/09/15 03:20:58.557, 73 %, 46 %, 15868 MiB, 16384 MiB, 62.36 W, 65
2026/09/15 03:20:59.559, 1 %, 2 %, 15868 MiB, 16384 MiB, 63.37 W, 65
2026/09/15 03:21:00.562, 2 %, 3 %, 15868 MiB, 16384 MiB, 102.01 W, 66
2026/09/15 03:21:01.565, 44 %, 5 %, 15868 MiB, 16384 MiB, 205.32 W, 69
2026/09/15 03:21:02.568, 100 %, 41 %, 15868 MiB, 16384 MiB, 58.27 W, 65
2026/09/15 03:21:03.570, 100 %, 31 %, 15868 MiB, 16384 MiB, 118.31 W, 67
2026/09/15 03:21:04.573, 100 %, 50 %, 15868 MiB, 16384 MiB, 127.68 W, 67
2026/09/15 03:21:05.575, 100 %, 49 %, 15868 MiB, 16384 MiB, 97.82 W, 67
2026/09/15 03:21:06.577, 100 %, 42 %, 15868 MiB, 16384 MiB, 61.80 W, 68
2026/09/15 03:21:07.583, 100 %, 23 %, 15868 MiB, 16384 MiB, 112.32 W, 67
2026/09/15 03:21:08.588, 100 %, 1 %, 15868 MiB, 16384 MiB, 201.35 W, 68
2026/09/15 03:21:09.593, 100 %, 1 %, 15868 MiB, 16384 MiB, 240.83 W, 70
2026/09/15 03:21:10.600, 100 %, 1 %, 15868 MiB, 16384 MiB, 173.76 W, 71
2026/09/15 03:21:11.605, 100 %, 0 %, 15868 MiB, 16384 MiB, 125.08 W, 70
2026/09/15 03:21:12.609, 100 %, 1 %, 15868 MiB, 16384 MiB, 123.73 W, 68
2026/09/15 03:21:13.611, 100 %, 0 %, 15868 MiB, 16384 MiB, 123.64 W, 69
2026/09/15 03:21:14.613, 100 %, 1 %, 15868 MiB, 16384 MiB, 124.28 W, 69
2026/09/15 03:21:15.616, 100 %, 1 %, 15868 MiB, 16384 MiB, 123.91 W, 69
2026/09/15 03:21:16.618, 100 %, 1 %, 15868 MiB, 16384 MiB, 124.31 W, 69
2026/09/15 03:21:17.620, 100 %, 1 %, 15868 MiB, 16384 MiB, 124.34 W, 69
2026/09/15 03:21:18.625, 100 %, 0 %, 15868 MiB, 16384 MiB, 123.43 W, 69
2026/09/15 03:21:19.629, 100 %, 4 %, 15868 MiB, 16384 MiB, 122.97 W, 69
2026/09/15 03:21:20.631, 100 %, 5 %, 15868 MiB, 16384 MiB, 121.77 W, 69
2026/09/15 03:21:21.633, 100 %, 6 %, 15868 MiB, 16384 MiB, 121.39 W, 69
2026/09/15 03:21:22.636, 100 %, 23 %, 15868 MiB, 16384 MiB, 121.46 W, 70
2026/09/15 03:21:23.638, 100 %, 47 %, 15868 MiB, 16384 MiB, 138.71 W, 70
2026/09/15 03:21:24.640, 100 %, 53 %, 15868 MiB, 16384 MiB, 105.34 W, 70
2026/09/15 03:21:25.643, 100 %, 44 %, 15868 MiB, 16384 MiB, 178.99 W, 69
2026/09/15 03:21:26.645, 100 %, 19 %, 15868 MiB, 16384 MiB, 242.36 W, 69
2026/09/15 03:21:27.648, 100 %, 1 %, 15868 MiB, 16384 MiB, 170.03 W, 72
2026/09/15 03:21:28.651, 100 %, 0 %, 15868 MiB, 16384 MiB, 124.94 W, 73
2026/09/15 03:21:29.655, 100 %, 1 %, 15868 MiB, 16384 MiB, 125.47 W, 70
2026/09/15 03:21:30.657, 100 %, 0 %, 15868 MiB, 16384 MiB, 124.82 W, 70
2026/09/15 03:21:31.659, 100 %, 1 %, 15868 MiB, 16384 MiB, 125.66 W, 70
2026/09/15 03:21:32.663, 100 %, 0 %, 15868 MiB, 16384 MiB, 125.17 W, 71
2026/09/15 03:21:33.665, 100 %, 1 %, 15868 MiB, 16384 MiB, 125.43 W, 71
2026/09/15 03:21:34.667, 100 %, 1 %, 15868 MiB, 16384 MiB, 126.21 W, 71
2026/09/15 03:21:35.670, 100 %, 0 %, 15868 MiB, 16384 MiB, 124.20 W, 71
2026/09/15 03:21:36.672, 100 %, 0 %, 15868 MiB, 16384 MiB, 123.91 W, 71
2026/09/15 03:21:37.674, 100 %, 3 %, 15868 MiB, 16384 MiB, 122.07 W, 71
2026/09/15 03:21:38.678, 100 %, 5 %, 15868 MiB, 16384 MiB, 121.97 W, 71
2026/09/15 03:21:39.680, 100 %, 6 %, 15868 MiB, 16384 MiB, 122.00 W, 71
2026/09/15 03:21:40.682, 100 %, 19 %, 15868 MiB, 16384 MiB, 124.34 W, 71
2026/09/15 03:21:41.685, 100 %, 42 %, 15868 MiB, 16384 MiB, 80.51 W, 71
2026/09/15 03:21:42.687, 100 %, 50 %, 15868 MiB, 16384 MiB, 67.51 W, 71
2026/09/15 03:21:43.689, 100 %, 53 %, 15868 MiB, 16384 MiB, 145.27 W, 70
2026/09/15 03:21:44.694, 100 %, 0 %, 15868 MiB, 16384 MiB, 125.16 W, 71
2026/09/15 03:21:45.696, 1 %, 2 %, 15868 MiB, 16384 MiB, 72.18 W, 71
2026/09/15 03:21:46.700, 75 %, 53 %, 15868 MiB, 16384 MiB, 75.61 W, 70
2026/09/15 03:21:47.702, 100 %, 0 %, 15868 MiB, 16384 MiB, 125.31 W, 71
2026/09/15 03:21:48.704, 23 %, 5 %, 15868 MiB, 16384 MiB, 135.63 W, 71
2026/09/15 03:21:49.707, 36 %, 32 %, 15868 MiB, 16384 MiB, 63.66 W, 69
2026/09/15 03:21:50.709, 100 %, 0 %, 15868 MiB, 16384 MiB, 125.49 W, 71
2026/09/15 03:21:51.711, 50 %, 4 %, 15868 MiB, 16384 MiB, 124.42 W, 71
2026/09/15 03:21:52.714, 9 %, 9 %, 15868 MiB, 16384 MiB, 65.26 W, 69
2026/09/15 03:21:53.716, 100 %, 1 %, 15868 MiB, 16384 MiB, 125.63 W, 71
2026/09/15 03:21:54.719, 90 %, 4 %, 15868 MiB, 16384 MiB, 124.97 W, 71
2026/09/15 03:21:55.721, 1 %, 2 %, 15868 MiB, 16384 MiB, 65.45 W, 69
2026/09/15 03:21:56.723, 100 %, 1 %, 15868 MiB, 16384 MiB, 126.43 W, 71
2026/09/15 03:21:57.726, 100 %, 0 %, 15868 MiB, 16384 MiB, 122.14 W, 70
2026/09/15 03:21:58.728, 1 %, 2 %, 15868 MiB, 16384 MiB, 66.79 W, 69
2026/09/15 03:21:59.731, 100 %, 6 %, 15868 MiB, 16384 MiB, 232.78 W, 73
2026/09/15 03:22:00.734, 100 %, 1 %, 15868 MiB, 16384 MiB, 125.50 W, 71
2026/09/15 03:22:01.737, 1 %, 2 %, 15868 MiB, 16384 MiB, 66.09 W, 69
2026/09/15 03:22:02.739, 100 %, 52 %, 15868 MiB, 16384 MiB, 135.63 W, 70
2026/09/15 03:22:03.742, 100 %, 1 %, 15868 MiB, 16384 MiB, 125.75 W, 71
2026/09/15 03:22:04.744, 1 %, 2 %, 15868 MiB, 16384 MiB, 109.88 W, 70
2026/09/15 03:22:05.746, 56 %, 44 %, 15868 MiB, 16384 MiB, 62.57 W, 69
2026/09/15 03:22:06.749, 100 %, 1 %, 15868 MiB, 16384 MiB, 125.77 W, 70
2026/09/15 03:22:07.751, 48 %, 4 %, 15868 MiB, 16384 MiB, 123.66 W, 70
2026/09/15 03:22:08.753, 9 %, 9 %, 15868 MiB, 16384 MiB, 61.94 W, 69
2026/09/15 03:22:09.756, 100 %, 1 %, 15868 MiB, 16384 MiB, 125.89 W, 70
2026/09/15 03:22:10.759, 93 %, 5 %, 15868 MiB, 16384 MiB, 123.80 W, 70
2026/09/15 03:22:11.761, 1 %, 2 %, 15868 MiB, 16384 MiB, 64.92 W, 69
2026/09/15 03:22:12.764, 100 %, 0 %, 15868 MiB, 16384 MiB, 125.31 W, 70
2026/09/15 03:22:13.766, 100 %, 0 %, 15868 MiB, 16384 MiB, 125.37 W, 70
2026/09/15 03:22:14.768, 1 %, 2 %, 15868 MiB, 16384 MiB, 65.39 W, 69
2026/09/15 03:22:15.771, 100 %, 34 %, 15868 MiB, 16384 MiB, 156.23 W, 72
2026/09/15 03:22:16.775, 100 %, 1 %, 15868 MiB, 16384 MiB, 125.55 W, 70
2026/09/15 03:22:17.777, 1 %, 2 %, 15868 MiB, 16384 MiB, 66.24 W, 71
2026/09/15 03:22:18.781, 60 %, 50 %, 15868 MiB, 16384 MiB, 167.45 W, 69
2026/09/15 03:22:19.783, 100 %, 1 %, 15868 MiB, 16384 MiB, 126.12 W, 70
2026/09/15 03:22:20.786, 43 %, 5 %, 15868 MiB, 16384 MiB, 103.81 W, 70
2026/09/15 03:22:21.788, 16 %, 16 %, 15868 MiB, 16384 MiB, 61.37 W, 69
2026/09/15 03:22:22.790, 100 %, 1 %, 15868 MiB, 16384 MiB, 125.70 W, 70
2026/09/15 03:22:23.793, 89 %, 4 %, 15868 MiB, 16384 MiB, 105.13 W, 69
2026/09/15 03:22:24.799, 1 %, 2 %, 15868 MiB, 16384 MiB, 64.38 W, 69
2026/09/15 03:22:25.802, 100 %, 0 %, 15868 MiB, 16384 MiB, 125.35 W, 70
2026/09/15 03:22:26.804, 100 %, 1 %, 15868 MiB, 16384 MiB, 125.88 W, 70
2026/09/15 03:22:27.806, 1 %, 2 %, 15868 MiB, 16384 MiB, 65.35 W, 68
2026/09/15 03:22:28.809, 100 %, 8 %, 15868 MiB, 16384 MiB, 125.27 W, 73
2026/09/15 03:22:29.811, 75 %, 4 %, 15868 MiB, 16384 MiB, 125.60 W, 70
2026/09/15 03:22:30.814, 1 %, 2 %, 15868 MiB, 16384 MiB, 65.64 W, 68
2026/09/15 03:22:31.816, 100 %, 0 %, 15868 MiB, 16384 MiB, 205.92 W, 72
2026/09/15 03:22:32.819, 100 %, 0 %, 15868 MiB, 16384 MiB, 125.69 W, 70
2026/09/15 03:22:33.821, 1 %, 2 %, 15868 MiB, 16384 MiB, 55.29 W, 68
2026/09/15 03:22:34.824, 100 %, 1 %, 15868 MiB, 16384 MiB, 239.45 W, 70
2026/09/15 03:22:35.828, 100 %, 0 %, 15868 MiB, 16384 MiB, 124.84 W, 70
2026/09/15 03:22:36.830, 2 %, 3 %, 15868 MiB, 16384 MiB, 65.19 W, 70
2026/09/15 03:22:37.834, 100 %, 9 %, 15868 MiB, 16384 MiB, 123.93 W, 69
2026/09/15 03:22:38.836, 100 %, 0 %, 15868 MiB, 16384 MiB, 124.71 W, 70
2026/09/15 03:22:39.839, 2 %, 3 %, 15868 MiB, 16384 MiB, 112.98 W, 70
2026/09/15 03:22:40.841, 100 %, 45 %, 15868 MiB, 16384 MiB, 62.87 W, 69
2026/09/15 03:22:41.843, 100 %, 0 %, 15868 MiB, 16384 MiB, 125.04 W, 70
2026/09/15 03:22:42.846, 1 %, 2 %, 15868 MiB, 16384 MiB, 122.25 W, 70
2026/09/15 03:22:43.848, 61 %, 49 %, 15868 MiB, 16384 MiB, 64.27 W, 68
2026/09/15 03:22:44.850, 100 %, 0 %, 15868 MiB, 16384 MiB, 125.14 W, 70
2026/09/15 03:22:45.853, 100 %, 9 %, 15868 MiB, 16384 MiB, 71.71 W, 68
2026/09/15 03:22:46.856, 100 %, 6 %, 15868 MiB, 16384 MiB, 65.62 W, 68
2026/09/15 03:22:47.861, 100 %, 6 %, 15868 MiB, 16384 MiB, 71.59 W, 68
2026/09/15 03:22:48.863, 100 %, 9 %, 15868 MiB, 16384 MiB, 71.52 W, 68
2026/09/15 03:22:49.866, 100 %, 6 %, 15868 MiB, 16384 MiB, 65.34 W, 68
2026/09/15 03:22:50.868, 100 %, 6 %, 15868 MiB, 16384 MiB, 68.76 W, 67
2026/09/15 03:22:51.871, 1 %, 2 %, 15868 MiB, 16384 MiB, 64.67 W, 67
2026/09/15 03:22:52.873, 1 %, 2 %, 15868 MiB, 16384 MiB, 50.50 W, 66
2026/09/15 03:22:53.876, 4 %, 4 %, 15868 MiB, 16384 MiB, 50.41 W, 66
2026/09/15 03:22:54.878, 4 %, 4 %, 15868 MiB, 16384 MiB, 50.74 W, 65
2026/09/15 03:22:55.881, 4 %, 4 %, 15868 MiB, 16384 MiB, 50.40 W, 65
2026/09/15 03:22:56.884, 1 %, 2 %, 15868 MiB, 16384 MiB, 53.88 W, 65
2026/09/15 03:22:57.886, 1 %, 2 %, 15868 MiB, 16384 MiB, 53.81 W, 65
2026/09/15 03:22:58.889, 1 %, 3 %, 15868 MiB, 16384 MiB, 50.37 W, 64
2026/09/15 03:22:59.891, 1 %, 2 %, 15868 MiB, 16384 MiB, 50.29 W, 64
2026/09/15 03:23:00.894, 1 %, 2 %, 15868 MiB, 16384 MiB, 50.76 W, 64
2026/09/15 03:23:01.897, 4 %, 5 %, 15868 MiB, 16384 MiB, 50.66 W, 64
2026/09/15 03:23:02.899, 4 %, 4 %, 15868 MiB, 16384 MiB, 50.13 W, 64
2026/09/15 03:23:03.905, 4 %, 5 %, 15868 MiB, 16384 MiB, 50.03 W, 64
2026/09/15 03:23:04.907, 1 %, 2 %, 15868 MiB, 16384 MiB, 49.47 W, 63
2026/09/15 03:23:05.910, 1 %, 2 %, 15868 MiB, 16384 MiB, 53.60 W, 63
2026/09/15 03:23:06.913, 1 %, 2 %, 15868 MiB, 16384 MiB, 49.93 W, 63
2026/09/15 03:23:07.915, 2 %, 3 %, 15868 MiB, 16384 MiB, 49.91 W, 63
2026/09/15 03:23:08.918, 1 %, 2 %, 15868 MiB, 16384 MiB, 49.73 W, 62
2026/09/15 03:23:09.920, 4 %, 4 %, 15868 MiB, 16384 MiB, 49.70 W, 62
2026/09/15 03:23:10.923, 4 %, 4 %, 15868 MiB, 16384 MiB, 49.66 W, 62
2026/09/15 03:23:11.926, 2 %, 3 %, 15868 MiB, 16384 MiB, 51.89 W, 62
2026/09/15 03:23:12.928, 1 %, 2 %, 15868 MiB, 16384 MiB, 52.79 W, 62
2026/09/15 03:23:13.931, 100 %, 6 %, 15868 MiB, 16384 MiB, 70.25 W, 62
2026/09/15 03:23:14.934, 100 %, 9 %, 15868 MiB, 16384 MiB, 70.09 W, 63
2026/09/15 03:23:15.936, 100 %, 6 %, 15868 MiB, 16384 MiB, 63.89 W, 62
2026/09/15 03:23:16.938, 100 %, 6 %, 15868 MiB, 16384 MiB, 69.84 W, 62
2026/09/15 03:23:17.941, 100 %, 9 %, 15868 MiB, 16384 MiB, 69.90 W, 62
2026/09/15 03:23:18.943, 100 %, 7 %, 15868 MiB, 16384 MiB, 63.81 W, 62
2026/09/15 03:23:19.946, 4 %, 4 %, 15868 MiB, 16384 MiB, 63.01 W, 62
2026/09/15 03:23:20.948, 4 %, 4 %, 15868 MiB, 16384 MiB, 63.81 W, 62
2026/09/15 03:23:21.950, 1 %, 2 %, 15868 MiB, 16384 MiB, 52.81 W, 61
2026/09/15 03:23:22.953, 1 %, 2 %, 15868 MiB, 16384 MiB, 48.44 W, 61
2026/09/15 03:23:23.956, 1 %, 3 %, 15868 MiB, 16384 MiB, 48.81 W, 61
2026/09/15 03:23:24.958, 1 %, 2 %, 15868 MiB, 16384 MiB, 48.89 W, 60
2026/09/15 03:23:25.961, 4 %, 4 %, 15868 MiB, 16384 MiB, 48.98 W, 60
2026/09/15 03:23:26.963, 4 %, 4 %, 15868 MiB, 16384 MiB, 49.12 W, 60
2026/09/15 03:23:27.966, 1 %, 2 %, 15868 MiB, 16384 MiB, 48.76 W, 60
2026/09/15 03:23:28.969, 1 %, 2 %, 15868 MiB, 16384 MiB, 52.01 W, 60
2026/09/15 03:23:29.971, 1 %, 2 %, 15868 MiB, 16384 MiB, 48.55 W, 60
2026/09/15 03:23:30.974, 1 %, 2 %, 15868 MiB, 16384 MiB, 48.67 W, 60
2026/09/15 03:23:31.976, 1 %, 2 %, 15868 MiB, 16384 MiB, 48.71 W, 59
2026/09/15 03:23:32.979, 4 %, 4 %, 15868 MiB, 16384 MiB, 48.97 W, 59
2026/09/15 03:23:33.982, 4 %, 4 %, 15868 MiB, 16384 MiB, 48.69 W, 59
2026/09/15 03:23:34.984, 4 %, 5 %, 15868 MiB, 16384 MiB, 48.72 W, 59
2026/09/15 03:23:35.987, 1 %, 2 %, 15868 MiB, 16384 MiB, 48.26 W, 59
2026/09/15 03:23:36.989, 1 %, 2 %, 15868 MiB, 16384 MiB, 52.11 W, 59
2026/09/15 03:23:37.992, 1 %, 2 %, 15868 MiB, 16384 MiB, 48.34 W, 59
2026/09/15 03:23:38.994, 1 %, 2 %, 15868 MiB, 16384 MiB, 48.40 W, 59
2026/09/15 03:23:39.997, 4 %, 5 %, 15868 MiB, 16384 MiB, 48.62 W, 59
2026/09/15 03:23:40.999, 4 %, 4 %, 15868 MiB, 16384 MiB, 48.97 W, 58
2026/09/15 03:23:42.002, 2 %, 2 %, 15868 MiB, 16384 MiB, 52.63 W, 59
2026/09/15 03:23:43.004, 100 %, 6 %, 15868 MiB, 16384 MiB, 61.78 W, 59
2026/09/15 03:23:44.007, 100 %, 7 %, 15868 MiB, 16384 MiB, 67.79 W, 59
2026/09/15 03:23:45.009, 100 %, 9 %, 15868 MiB, 16384 MiB, 67.76 W, 59
2026/09/15 03:23:46.013, 100 %, 6 %, 15868 MiB, 16384 MiB, 61.76 W, 59
2026/09/15 03:23:47.016, 100 %, 6 %, 15868 MiB, 16384 MiB, 67.58 W, 59
2026/09/15 03:23:48.019, 2 %, 3 %, 15868 MiB, 16384 MiB, 61.22 W, 59
2026/09/15 03:23:49.023, 2 %, 3 %, 15868 MiB, 16384 MiB, 60.99 W, 59
2026/09/15 03:23:50.026, 4 %, 4 %, 15868 MiB, 16384 MiB, 48.07 W, 58
2026/09/15 03:23:51.030, 4 %, 4 %, 15868 MiB, 16384 MiB, 47.88 W, 58
2026/09/15 03:23:52.034, 2 %, 3 %, 15868 MiB, 16384 MiB, 50.73 W, 58
2026/09/15 03:23:53.037, 1 %, 2 %, 15868 MiB, 16384 MiB, 48.04 W, 58
2026/09/15 03:23:54.041, 1 %, 3 %, 15868 MiB, 16384 MiB, 47.85 W, 58
2026/09/15 03:23:55.044, 1 %, 2 %, 15868 MiB, 16384 MiB, 47.98 W, 58
2026/09/15 03:23:56.047, 4 %, 4 %, 15868 MiB, 16384 MiB, 47.76 W, 58
2026/09/15 03:23:57.051, 4 %, 4 %, 15868 MiB, 16384 MiB, 47.65 W, 58
2026/09/15 03:23:58.054, 4 %, 4 %, 15868 MiB, 16384 MiB, 47.49 W, 57
2026/09/15 03:23:59.056, 1 %, 2 %, 15868 MiB, 16384 MiB, 47.30 W, 57
2026/09/15 03:24:00.059, 1 %, 2 %, 15868 MiB, 16384 MiB, 50.73 W, 57
2026/09/15 03:24:01.062, 1 %, 2 %, 15868 MiB, 16384 MiB, 47.62 W, 57
2026/09/15 03:24:02.065, 1 %, 2 %, 15868 MiB, 16384 MiB, 48.01 W, 57
2026/09/15 03:24:03.068, 1 %, 3 %, 15868 MiB, 16384 MiB, 47.23 W, 57
2026/09/15 03:24:04.073, 3 %, 4 %, 15868 MiB, 16384 MiB, 47.38 W, 57
2026/09/15 03:24:05.075, 4 %, 4 %, 15868 MiB, 16384 MiB, 47.61 W, 57
2026/09/15 03:24:06.078, 4 %, 5 %, 15868 MiB, 16384 MiB, 47.25 W, 57
2026/09/15 03:24:07.081, 1 %, 2 %, 15868 MiB, 16384 MiB, 49.70 W, 57
2026/09/15 03:24:08.083, 1 %, 2 %, 15868 MiB, 16384 MiB, 49.79 W, 57
2026/09/15 03:24:09.086, 2 %, 3 %, 15868 MiB, 16384 MiB, 47.03 W, 57
2026/09/15 03:24:10.089, 1 %, 2 %, 15868 MiB, 16384 MiB, 47.14 W, 57
2026/09/15 03:24:11.092, 100 %, 6 %, 15868 MiB, 16384 MiB, 65.91 W, 57
2026/09/15 03:24:12.094, 100 %, 9 %, 15868 MiB, 16384 MiB, 65.94 W, 58
2026/09/15 03:24:13.103, 100 %, 6 %, 15868 MiB, 16384 MiB, 59.90 W, 58
2026/09/15 03:24:14.106, 100 %, 6 %, 15868 MiB, 16384 MiB, 66.03 W, 58
2026/09/15 03:24:15.109, 100 %, 9 %, 15868 MiB, 16384 MiB, 66.19 W, 58
2026/09/15 03:24:16.111, 100 %, 6 %, 15868 MiB, 16384 MiB, 58.87 W, 57
2026/09/15 03:24:17.114, 1 %, 2 %, 15868 MiB, 16384 MiB, 64.73 W, 58
2026/09/15 03:24:18.116, 1 %, 2 %, 15868 MiB, 16384 MiB, 47.26 W, 57
2026/09/15 03:24:19.119, 1 %, 2 %, 15868 MiB, 16384 MiB, 47.22 W, 57
2026/09/15 03:24:20.121, 4 %, 5 %, 15868 MiB, 16384 MiB, 47.18 W, 57
2026/09/15 03:24:21.124, 4 %, 4 %, 15868 MiB, 16384 MiB, 47.21 W, 57
2026/09/15 03:24:22.127, 4 %, 4 %, 15868 MiB, 16384 MiB, 47.71 W, 57
2026/09/15 03:24:23.130, 4 %, 5 %, 15868 MiB, 16384 MiB, 47.60 W, 57
2026/09/15 03:24:24.133, 1 %, 2 %, 15868 MiB, 16384 MiB, 46.80 W, 56
2026/09/15 03:24:25.136, 1 %, 2 %, 15868 MiB, 16384 MiB, 50.00 W, 56
2026/09/15 03:24:26.140, 1 %, 2 %, 15868 MiB, 16384 MiB, 46.99 W, 56
2026/09/15 03:24:27.143, 1 %, 2 %, 15868 MiB, 16384 MiB, 46.85 W, 56
2026/09/15 03:24:28.146, 4 %, 5 %, 15868 MiB, 16384 MiB, 47.01 W, 56
2026/09/15 03:24:29.149, 4 %, 4 %, 15868 MiB, 16384 MiB, 46.77 W, 56
2026/09/15 03:24:30.153, 4 %, 4 %, 15868 MiB, 16384 MiB, 46.69 W, 56
2026/09/15 03:24:31.156, 3 %, 4 %, 15868 MiB, 16384 MiB, 46.83 W, 56
2026/09/15 03:24:32.159, 1 %, 2 %, 15868 MiB, 16384 MiB, 46.08 W, 56
2026/09/15 03:24:33.162, 2 %, 3 %, 15868 MiB, 16384 MiB, 50.17 W, 56
2026/09/15 03:24:34.165, 1 %, 2 %, 15868 MiB, 16384 MiB, 46.56 W, 56
2026/09/15 03:24:35.169, 1 %, 2 %, 15868 MiB, 16384 MiB, 46.48 W, 56
2026/09/15 03:24:36.172, 4 %, 4 %, 15868 MiB, 16384 MiB, 46.81 W, 56
2026/09/15 03:24:37.175, 4 %, 4 %, 15868 MiB, 16384 MiB, 46.94 W, 56
2026/09/15 03:24:38.178, 4 %, 4 %, 15868 MiB, 16384 MiB, 46.84 W, 56
2026/09/15 03:24:39.182, 100 %, 7 %, 15868 MiB, 16384 MiB, 65.07 W, 57
2026/09/15 03:24:40.185, 100 %, 9 %, 15868 MiB, 16384 MiB, 65.67 W, 57
2026/09/15 03:24:41.189, 100 %, 6 %, 15868 MiB, 16384 MiB, 59.87 W, 57
2026/09/15 03:24:42.192, 100 %, 6 %, 15868 MiB, 16384 MiB, 66.21 W, 57
2026/09/15 03:24:43.195, 100 %, 9 %, 15868 MiB, 16384 MiB, 66.40 W, 57
2026/09/15 03:24:44.199, 100 %, 7 %, 15868 MiB, 16384 MiB, 65.70 W, 57
2026/09/15 03:24:45.202, 1 %, 2 %, 15868 MiB, 16384 MiB, 59.44 W, 57
2026/09/15 03:24:46.205, 3 %, 4 %, 15868 MiB, 16384 MiB, 46.75 W, 56
2026/09/15 03:24:47.209, 4 %, 4 %, 15868 MiB, 16384 MiB, 46.78 W, 56
2026/09/15 03:24:48.212, 3 %, 3 %, 15868 MiB, 16384 MiB, 46.44 W, 56
2026/09/15 03:24:49.215, 1 %, 2 %, 15868 MiB, 16384 MiB, 45.99 W, 56
2026/09/15 03:24:50.218, 1 %, 2 %, 15868 MiB, 16384 MiB, 49.68 W, 56
2026/09/15 03:24:51.221, 1 %, 2 %, 15868 MiB, 16384 MiB, 46.94 W, 56
2026/09/15 03:24:52.224, 1 %, 2 %, 15868 MiB, 16384 MiB, 47.03 W, 56
2026/09/15 03:24:53.227, 1 %, 2 %, 15868 MiB, 16384 MiB, 47.01 W, 56
2026/09/15 03:24:54.230, 4 %, 4 %, 15868 MiB, 16384 MiB, 47.12 W, 56
2026/09/15 03:24:55.233, 4 %, 4 %, 15868 MiB, 16384 MiB, 46.83 W, 56
2026/09/15 03:24:56.236, 1 %, 2 %, 15868 MiB, 16384 MiB, 46.87 W, 56
2026/09/15 03:24:57.240, 1 %, 2 %, 15868 MiB, 16384 MiB, 49.64 W, 56
2026/09/15 03:24:58.243, 2 %, 3 %, 15868 MiB, 16384 MiB, 46.54 W, 56
2026/09/15 03:24:59.246, 1 %, 2 %, 15868 MiB, 16384 MiB, 46.89 W, 56
2026/09/15 03:25:00.249, 1 %, 2 %, 15868 MiB, 16384 MiB, 46.93 W, 56
2026/09/15 03:25:01.252, 4 %, 5 %, 15868 MiB, 16384 MiB, 46.96 W, 56
2026/09/15 03:25:02.254, 4 %, 4 %, 15868 MiB, 16384 MiB, 46.60 W, 56
2026/09/15 03:25:03.257, 4 %, 5 %, 15868 MiB, 16384 MiB, 47.68 W, 56
2026/09/15 03:25:04.260, 2 %, 3 %, 15868 MiB, 16384 MiB, 50.14 W, 56
2026/09/15 03:25:05.263, 2 %, 3 %, 15868 MiB, 16384 MiB, 46.53 W, 56
2026/09/15 03:25:06.266, 1 %, 2 %, 15868 MiB, 16384 MiB, 46.83 W, 55
2026/09/15 03:25:07.269, 99 %, 13 %, 15868 MiB, 16384 MiB, 65.14 W, 56
2026/09/15 03:25:08.273, 100 %, 8 %, 15868 MiB, 16384 MiB, 65.50 W, 56
2026/09/15 03:25:09.276, 100 %, 6 %, 15868 MiB, 16384 MiB, 59.61 W, 57
2026/09/15 03:25:10.279, 100 %, 7 %, 15868 MiB, 16384 MiB, 65.41 W, 56
2026/09/15 03:25:11.282, 100 %, 9 %, 15868 MiB, 16384 MiB, 65.41 W, 57
2026/09/15 03:25:12.286, 100 %, 6 %, 15868 MiB, 16384 MiB, 59.58 W, 57
2026/09/15 03:25:13.289, 1 %, 2 %, 15868 MiB, 16384 MiB, 57.94 W, 56
2026/09/15 03:25:14.293, 3 %, 4 %, 15868 MiB, 16384 MiB, 63.69 W, 57
2026/09/15 03:25:15.299, 1 %, 2 %, 15868 MiB, 16384 MiB, 46.46 W, 56
2026/09/15 03:25:16.303, 1 %, 2 %, 15868 MiB, 16384 MiB, 46.52 W, 56
2026/09/15 03:25:17.307, 1 %, 2 %, 15868 MiB, 16384 MiB, 46.45 W, 56
2026/09/15 03:25:18.309, 1 %, 2 %, 15868 MiB, 16384 MiB, 46.61 W, 56
2026/09/15 03:25:19.312, 1 %, 3 %, 15868 MiB, 16384 MiB, 46.87 W, 56
2026/09/15 03:25:20.314, 1 %, 2 %, 15868 MiB, 16384 MiB, 46.64 W, 56
2026/09/15 03:25:21.317, 4 %, 4 %, 15868 MiB, 16384 MiB, 46.08 W, 56
2026/09/15 03:25:22.320, 4 %, 4 %, 15868 MiB, 16384 MiB, 49.39 W, 56
2026/09/15 03:25:23.322, 1 %, 2 %, 15868 MiB, 16384 MiB, 46.69 W, 55
2026/09/15 03:25:24.325, 1 %, 2 %, 15868 MiB, 16384 MiB, 46.72 W, 56
2026/09/15 03:25:25.328, 1 %, 2 %, 15868 MiB, 16384 MiB, 46.15 W, 56
2026/09/15 03:25:26.332, 1 %, 2 %, 15868 MiB, 16384 MiB, 46.40 W, 55
2026/09/15 03:25:27.335, 4 %, 4 %, 15868 MiB, 16384 MiB, 45.89 W, 55
2026/09/15 03:25:28.338, 4 %, 4 %, 15868 MiB, 16384 MiB, 49.45 W, 55
2026/09/15 03:25:29.342, 4 %, 4 %, 15868 MiB, 16384 MiB, 49.44 W, 55
2026/09/15 03:25:30.345, 1 %, 2 %, 15868 MiB, 16384 MiB, 46.14 W, 55
2026/09/15 03:25:31.348, 1 %, 2 %, 15868 MiB, 16384 MiB, 45.99 W, 55
2026/09/15 03:25:32.351, 1 %, 3 %, 15868 MiB, 16384 MiB, 46.07 W, 55
2026/09/15 03:25:33.354, 2 %, 3 %, 15868 MiB, 16384 MiB, 46.39 W, 55
2026/09/15 03:25:34.357, 4 %, 4 %, 15868 MiB, 16384 MiB, 45.55 W, 55
2026/09/15 03:25:35.360, 24 %, 9 %, 15868 MiB, 16384 MiB, 54.38 W, 55
2026/09/15 03:25:36.364, 100 %, 7 %, 15868 MiB, 16384 MiB, 59.35 W, 56
2026/09/15 03:25:37.367, 100 %, 6 %, 15868 MiB, 16384 MiB, 64.92 W, 56
2026/09/15 03:25:38.371, 100 %, 6 %, 15868 MiB, 16384 MiB, 64.69 W, 56
2026/09/15 03:25:39.374, 100 %, 9 %, 15868 MiB, 16384 MiB, 59.38 W, 56
2026/09/15 03:25:40.377, 100 %, 6 %, 15868 MiB, 16384 MiB, 61.74 W, 56
2026/09/15 03:25:41.380, 1 %, 2 %, 15868 MiB, 16384 MiB, 59.16 W, 56
2026/09/15 03:25:42.383, 1 %, 2 %, 15868 MiB, 16384 MiB, 59.13 W, 56
2026/09/15 03:25:43.386, 3 %, 4 %, 15868 MiB, 16384 MiB, 45.77 W, 56
2026/09/15 03:25:44.390, 4 %, 4 %, 15868 MiB, 16384 MiB, 49.90 W, 56
2026/09/15 03:25:45.393, 1 %, 2 %, 15868 MiB, 16384 MiB, 46.80 W, 56
2026/09/15 03:25:46.396, 1 %, 2 %, 15868 MiB, 16384 MiB, 46.58 W, 56
2026/09/15 03:25:47.399, 1 %, 2 %, 15868 MiB, 16384 MiB, 46.33 W, 56
2026/09/15 03:25:48.402, 1 %, 2 %, 15868 MiB, 16384 MiB, 46.24 W, 56
2026/09/15 03:25:49.405, 1 %, 2 %, 15868 MiB, 16384 MiB, 46.20 W, 56
2026/09/15 03:25:50.408, 1 %, 2 %, 15868 MiB, 16384 MiB, 46.24 W, 55
2026/09/15 03:25:51.411, 4 %, 4 %, 15868 MiB, 16384 MiB, 45.31 W, 56
2026/09/15 03:25:52.414, 3 %, 4 %, 15868 MiB, 16384 MiB, 48.58 W, 55
2026/09/15 03:25:53.418, 4 %, 5 %, 15868 MiB, 16384 MiB, 45.91 W, 56
2026/09/15 03:25:54.421, 1 %, 2 %, 15868 MiB, 16384 MiB, 46.26 W, 55
2026/09/15 03:25:55.424, 1 %, 2 %, 15868 MiB, 16384 MiB, 46.30 W, 55
2026/09/15 03:25:56.427, 1 %, 3 %, 15868 MiB, 16384 MiB, 46.32 W, 55
2026/09/15 03:25:57.430, 1 %, 2 %, 15868 MiB, 16384 MiB, 46.40 W, 55
2026/09/15 03:25:58.433, 4 %, 5 %, 15868 MiB, 16384 MiB, 46.16 W, 55
2026/09/15 03:25:59.436, 3 %, 4 %, 15868 MiB, 16384 MiB, 48.71 W, 55
2026/09/15 03:26:00.439, 4 %, 4 %, 15868 MiB, 16384 MiB, 49.21 W, 55
2026/09/15 03:26:01.442, 1 %, 2 %, 15868 MiB, 16384 MiB, 46.19 W, 55
2026/09/15 03:26:02.445, 2 %, 3 %, 15868 MiB, 16384 MiB, 46.58 W, 55
2026/09/15 03:26:03.448, 1 %, 2 %, 15868 MiB, 16384 MiB, 46.35 W, 55
2026/09/15 03:26:04.452, 100 %, 0 %, 15868 MiB, 16384 MiB, 118.25 W, 58
2026/09/15 03:26:05.454, 100 %, 1 %, 15868 MiB, 16384 MiB, 116.10 W, 58
2026/09/15 03:26:06.456, 100 %, 26 %, 15868 MiB, 16384 MiB, 59.09 W, 60
2026/09/15 03:26:07.459, 100 %, 28 %, 15868 MiB, 16384 MiB, 197.50 W, 62
2026/09/15 03:26:08.485, 100 %, 0 %, 15868 MiB, 16384 MiB, 120.94 W, 60
2026/09/15 03:26:09.488, 100 %, 0 %, 15868 MiB, 16384 MiB, 121.01 W, 60
2026/09/15 03:26:10.491, 100 %, 10 %, 15868 MiB, 16384 MiB, 140.85 W, 60
2026/09/15 03:26:11.494, 100 %, 67 %, 15868 MiB, 16384 MiB, 232.90 W, 63
2026/09/15 03:26:12.497, 100 %, 0 %, 15868 MiB, 16384 MiB, 121.73 W, 61
2026/09/15 03:26:13.499, 100 %, 0 %, 15868 MiB, 16384 MiB, 122.05 W, 61
2026/09/15 03:26:14.502, 100 %, 7 %, 15868 MiB, 16384 MiB, 119.73 W, 62
2026/09/15 03:26:15.504, 100 %, 68 %, 15868 MiB, 16384 MiB, 167.10 W, 62
2026/09/15 03:26:16.509, 100 %, 0 %, 15868 MiB, 16384 MiB, 122.47 W, 62
2026/09/15 03:26:17.511, 100 %, 0 %, 15868 MiB, 16384 MiB, 122.84 W, 63
2026/09/15 03:26:18.514, 100 %, 9 %, 15868 MiB, 16384 MiB, 119.69 W, 63
2026/09/15 03:26:19.516, 100 %, 59 %, 15868 MiB, 16384 MiB, 58.65 W, 62
2026/09/15 03:26:20.519, 100 %, 1 %, 15868 MiB, 16384 MiB, 149.29 W, 67
2026/09/15 03:26:21.527, 100 %, 0 %, 15868 MiB, 16384 MiB, 123.35 W, 64
2026/09/15 03:26:22.529, 100 %, 6 %, 15868 MiB, 16384 MiB, 123.00 W, 64
2026/09/15 03:26:23.531, 100 %, 76 %, 15868 MiB, 16384 MiB, 132.75 W, 64
2026/09/15 03:26:24.534, 100 %, 1 %, 15868 MiB, 16384 MiB, 246.42 W, 67
2026/09/15 03:26:25.537, 100 %, 0 %, 15868 MiB, 16384 MiB, 124.74 W, 65
2026/09/15 03:26:26.539, 100 %, 0 %, 15868 MiB, 16384 MiB, 121.22 W, 65
2026/09/15 03:26:27.541, 100 %, 38 %, 15868 MiB, 16384 MiB, 129.16 W, 65
2026/09/15 03:26:28.545, 100 %, 6 %, 15868 MiB, 16384 MiB, 259.91 W, 68
2026/09/15 03:26:29.551, 100 %, 1 %, 15868 MiB, 16384 MiB, 124.31 W, 66
2026/09/15 03:26:30.554, 100 %, 0 %, 15868 MiB, 16384 MiB, 123.10 W, 66
2026/09/15 03:26:31.557, 100 %, 16 %, 15868 MiB, 16384 MiB, 111.18 W, 66
2026/09/15 03:26:32.559, 100 %, 38 %, 15868 MiB, 16384 MiB, 209.57 W, 66
2026/09/15 03:26:33.561, 100 %, 0 %, 15868 MiB, 16384 MiB, 125.47 W, 66
2026/09/15 03:26:34.564, 100 %, 0 %, 15868 MiB, 16384 MiB, 125.23 W, 67
2026/09/15 03:26:35.567, 100 %, 9 %, 15868 MiB, 16384 MiB, 115.97 W, 67
2026/09/15 03:26:36.569, 100 %, 65 %, 15868 MiB, 16384 MiB, 181.45 W, 66
2026/09/15 03:26:37.572, 100 %, 0 %, 15868 MiB, 16384 MiB, 125.80 W, 67
2026/09/15 03:26:38.574, 100 %, 0 %, 15868 MiB, 16384 MiB, 125.72 W, 68
2026/09/15 03:26:39.576, 100 %, 8 %, 15868 MiB, 16384 MiB, 123.01 W, 68
2026/09/15 03:26:40.579, 100 %, 88 %, 15868 MiB, 16384 MiB, 86.12 W, 67
2026/09/15 03:26:41.581, 100 %, 1 %, 15868 MiB, 16384 MiB, 126.42 W, 71
2026/09/15 03:26:42.584, 100 %, 0 %, 15868 MiB, 16384 MiB, 126.18 W, 68
2026/09/15 03:26:43.586, 100 %, 0 %, 15868 MiB, 16384 MiB, 123.51 W, 68
2026/09/15 03:26:44.589, 100 %, 56 %, 15868 MiB, 16384 MiB, 91.71 W, 69
2026/09/15 03:26:45.591, 100 %, 1 %, 15868 MiB, 16384 MiB, 225.74 W, 71
2026/09/15 03:26:46.594, 100 %, 0 %, 15868 MiB, 16384 MiB, 126.71 W, 69
2026/09/15 03:26:47.596, 100 %, 1 %, 15868 MiB, 16384 MiB, 124.85 W, 69
2026/09/15 03:26:48.599, 100 %, 32 %, 15868 MiB, 16384 MiB, 147.08 W, 69
2026/09/15 03:26:49.602, 100 %, 13 %, 15868 MiB, 16384 MiB, 244.72 W, 72
2026/09/15 03:26:50.605, 100 %, 0 %, 15868 MiB, 16384 MiB, 126.59 W, 69
2026/09/15 03:26:51.607, 100 %, 0 %, 15868 MiB, 16384 MiB, 127.08 W, 70
2026/09/15 03:26:52.610, 100 %, 12 %, 15868 MiB, 16384 MiB, 115.60 W, 70
2026/09/15 03:26:53.612, 100 %, 45 %, 15868 MiB, 16384 MiB, 208.42 W, 72
2026/09/15 03:26:54.617, 100 %, 0 %, 15868 MiB, 16384 MiB, 125.83 W, 70
2026/09/15 03:26:55.619, 22 %, 21 %, 15868 MiB, 16384 MiB, 63.10 W, 68
2026/09/15 03:26:56.622, 100 %, 0 %, 15868 MiB, 16384 MiB, 127.44 W, 70
2026/09/15 03:26:57.624, 1 %, 2 %, 15868 MiB, 16384 MiB, 65.65 W, 68
2026/09/15 03:26:58.626, 100 %, 0 %, 15868 MiB, 16384 MiB, 125.64 W, 71
2026/09/15 03:26:59.629, 84 %, 7 %, 15868 MiB, 16384 MiB, 124.56 W, 70
2026/09/15 03:27:00.631, 100 %, 85 %, 15868 MiB, 16384 MiB, 204.39 W, 70
2026/09/15 03:27:01.636, 100 %, 0 %, 15868 MiB, 16384 MiB, 122.70 W, 70
2026/09/15 03:27:02.640, 1 %, 2 %, 15868 MiB, 16384 MiB, 65.49 W, 68
2026/09/15 03:27:03.642, 100 %, 0 %, 15868 MiB, 16384 MiB, 125.71 W, 70
2026/09/15 03:27:04.644, 1 %, 2 %, 15868 MiB, 16384 MiB, 66.29 W, 70
2026/09/15 03:27:05.654, 100 %, 14 %, 15868 MiB, 16384 MiB, 165.67 W, 74
2026/09/15 03:27:06.664, 100 %, 0 %, 15868 MiB, 16384 MiB, 124.67 W, 70
2026/09/15 03:27:07.666, 40 %, 36 %, 15868 MiB, 16384 MiB, 61.17 W, 69
2026/09/15 03:27:08.669, 100 %, 0 %, 15868 MiB, 16384 MiB, 128.04 W, 70
2026/09/15 03:27:09.671, 1 %, 2 %, 15868 MiB, 16384 MiB, 66.37 W, 69
2026/09/15 03:27:10.675, 100 %, 0 %, 15868 MiB, 16384 MiB, 127.53 W, 70
2026/09/15 03:27:11.679, 87 %, 8 %, 15868 MiB, 16384 MiB, 117.40 W, 70
2026/09/15 03:27:12.681, 98 %, 83 %, 15868 MiB, 16384 MiB, 207.20 W, 70
2026/09/15 03:27:13.683, 100 %, 0 %, 15868 MiB, 16384 MiB, 126.55 W, 70
2026/09/15 03:27:14.686, 1 %, 2 %, 15868 MiB, 16384 MiB, 66.54 W, 69
2026/09/15 03:27:15.688, 100 %, 0 %, 15868 MiB, 16384 MiB, 128.48 W, 70
2026/09/15 03:27:16.690, 11 %, 9 %, 15868 MiB, 16384 MiB, 80.40 W, 70
2026/09/15 03:27:17.693, 100 %, 27 %, 15868 MiB, 16384 MiB, 219.98 W, 73
2026/09/15 03:27:18.713, 100 %, 0 %, 15868 MiB, 16384 MiB, 123.28 W, 70
2026/09/15 03:27:19.715, 27 %, 25 %, 15868 MiB, 16384 MiB, 63.08 W, 69
2026/09/15 03:27:20.718, 100 %, 0 %, 15868 MiB, 16384 MiB, 126.78 W, 70
2026/09/15 03:27:21.720, 1 %, 2 %, 15868 MiB, 16384 MiB, 66.53 W, 69
2026/09/15 03:27:22.722, 100 %, 1 %, 15868 MiB, 16384 MiB, 126.90 W, 71
2026/09/15 03:27:23.725, 94 %, 8 %, 15868 MiB, 16384 MiB, 118.52 W, 70
2026/09/15 03:27:24.727, 92 %, 79 %, 15868 MiB, 16384 MiB, 204.02 W, 70
2026/09/15 03:27:25.732, 100 %, 0 %, 15868 MiB, 16384 MiB, 124.76 W, 71
2026/09/15 03:27:26.734, 1 %, 2 %, 15868 MiB, 16384 MiB, 66.44 W, 69
2026/09/15 03:27:27.738, 100 %, 0 %, 15868 MiB, 16384 MiB, 126.54 W, 71
2026/09/15 03:27:28.741, 13 %, 9 %, 15868 MiB, 16384 MiB, 100.01 W, 71
2026/09/15 03:27:29.743, 100 %, 25 %, 15868 MiB, 16384 MiB, 211.57 W, 73
2026/09/15 03:27:30.746, 100 %, 0 %, 15868 MiB, 16384 MiB, 126.66 W, 71
2026/09/15 03:27:31.749, 33 %, 30 %, 15868 MiB, 16384 MiB, 63.19 W, 69
2026/09/15 03:27:32.751, 100 %, 0 %, 15868 MiB, 16384 MiB, 126.47 W, 71
2026/09/15 03:27:33.753, 1 %, 2 %, 15868 MiB, 16384 MiB, 66.25 W, 69
2026/09/15 03:27:34.756, 100 %, 0 %, 15868 MiB, 16384 MiB, 126.90 W, 71
2026/09/15 03:27:35.758, 1 %, 2 %, 15868 MiB, 16384 MiB, 118.84 W, 70
2026/09/15 03:27:36.760, 100 %, 5 %, 15868 MiB, 16384 MiB, 208.91 W, 73
2026/09/15 03:27:37.763, 100 %, 0 %, 15868 MiB, 16384 MiB, 123.89 W, 71
2026/09/15 03:27:38.766, 62 %, 51 %, 15868 MiB, 16384 MiB, 65.03 W, 69
2026/09/15 03:27:39.769, 100 %, 0 %, 15868 MiB, 16384 MiB, 127.31 W, 71
2026/09/15 03:27:40.772, 1 %, 2 %, 15868 MiB, 16384 MiB, 66.74 W, 70
2026/09/15 03:27:41.774, 100 %, 0 %, 15868 MiB, 16384 MiB, 126.49 W, 74
2026/09/15 03:27:42.777, 63 %, 7 %, 15868 MiB, 16384 MiB, 126.49 W, 71
2026/09/15 03:27:43.779, 100 %, 66 %, 15868 MiB, 16384 MiB, 144.90 W, 70
2026/09/15 03:27:44.782, 100 %, 1 %, 15868 MiB, 16384 MiB, 125.93 W, 71
2026/09/15 03:27:45.784, 1 %, 2 %, 15868 MiB, 16384 MiB, 66.63 W, 69
2026/09/15 03:27:46.786, 100 %, 0 %, 15868 MiB, 16384 MiB, 126.78 W, 71
2026/09/15 03:27:47.789, 6 %, 5 %, 15868 MiB, 16384 MiB, 149.41 W, 71
2026/09/15 03:27:48.791, 100 %, 16 %, 15868 MiB, 16384 MiB, 268.35 W, 73
2026/09/15 03:27:49.795, 100 %, 2 %, 15868 MiB, 16384 MiB, 124.81 W, 71
2026/09/15 03:27:50.799, 41 %, 35 %, 15868 MiB, 16384 MiB, 59.78 W, 69
2026/09/15 03:27:51.801, 100 %, 1 %, 15868 MiB, 16384 MiB, 127.52 W, 71
2026/09/15 03:27:52.803, 1 %, 2 %, 15868 MiB, 16384 MiB, 66.65 W, 69
2026/09/15 03:27:53.806, 100 %, 0 %, 15868 MiB, 16384 MiB, 126.93 W, 73
2026/09/15 03:27:54.809, 55 %, 8 %, 15868 MiB, 16384 MiB, 120.15 W, 71
2026/09/15 03:27:55.811, 100 %, 58 %, 15868 MiB, 16384 MiB, 168.70 W, 70
2026/09/15 03:27:56.813, 100 %, 1 %, 15868 MiB, 16384 MiB, 125.82 W, 71
2026/09/15 03:27:57.816, 1 %, 2 %, 15868 MiB, 16384 MiB, 66.45 W, 69
2026/09/15 03:27:58.818, 100 %, 0 %, 15868 MiB, 16384 MiB, 126.92 W, 71
2026/09/15 03:27:59.821, 2 %, 3 %, 15868 MiB, 16384 MiB, 122.15 W, 70
2026/09/15 03:28:00.823, 100 %, 0 %, 15868 MiB, 16384 MiB, 241.68 W, 74
2026/09/15 03:28:01.827, 100 %, 0 %, 15868 MiB, 16384 MiB, 123.85 W, 71
2026/09/15 03:28:02.830, 71 %, 62 %, 15868 MiB, 16384 MiB, 64.05 W, 70
2026/09/15 03:28:03.832, 100 %, 1 %, 15868 MiB, 16384 MiB, 127.38 W, 71
2026/09/15 03:28:04.835, 1 %, 2 %, 15868 MiB, 16384 MiB, 66.65 W, 69
2026/09/15 03:28:05.837, 100 %, 0 %, 15868 MiB, 16384 MiB, 127.63 W, 71
2026/09/15 03:28:06.839, 100 %, 3 %, 15868 MiB, 16384 MiB, 154.47 W, 71
2026/09/15 03:28:07.842, 100 %, 3 %, 15868 MiB, 16384 MiB, 160.08 W, 72
2026/09/15 03:28:08.848, 100 %, 3 %, 15868 MiB, 16384 MiB, 168.04 W, 73
2026/09/15 03:28:09.854, 100 %, 3 %, 15868 MiB, 16384 MiB, 142.23 W, 73
2026/09/15 03:28:10.859, 100 %, 3 %, 15868 MiB, 16384 MiB, 123.44 W, 71
2026/09/15 03:28:11.862, 100 %, 4 %, 15868 MiB, 16384 MiB, 103.98 W, 71
2026/09/15 03:28:12.864, 100 %, 5 %, 15868 MiB, 16384 MiB, 97.01 W, 71
2026/09/15 03:28:13.866, 100 %, 8 %, 15868 MiB, 16384 MiB, 89.37 W, 71
2026/09/15 03:28:14.869, 100 %, 9 %, 15868 MiB, 16384 MiB, 84.40 W, 71
2026/09/15 03:28:15.871, 100 %, 8 %, 15868 MiB, 16384 MiB, 75.61 W, 71
2026/09/15 03:28:16.874, 100 %, 8 %, 15868 MiB, 16384 MiB, 66.67 W, 70
2026/09/15 03:28:17.877, 100 %, 7 %, 15868 MiB, 16384 MiB, 66.60 W, 70
2026/09/15 03:28:18.879, 100 %, 7 %, 15868 MiB, 16384 MiB, 63.66 W, 70
2026/09/15 03:28:19.881, 88 %, 5 %, 15868 MiB, 16384 MiB, 157.48 W, 69
2026/09/15 03:28:20.884, 1 %, 2 %, 15868 MiB, 16384 MiB, 66.06 W, 69
2026/09/15 03:28:21.886, 8 %, 3 %, 15868 MiB, 16384 MiB, 76.46 W, 70
2026/09/15 03:28:22.889, 68 %, 6 %, 15868 MiB, 16384 MiB, 133.29 W, 69
2026/09/15 03:28:23.891, 1 %, 2 %, 15868 MiB, 16384 MiB, 66.27 W, 68
2026/09/15 03:28:24.894, 38 %, 2 %, 15868 MiB, 16384 MiB, 113.11 W, 70
2026/09/15 03:28:25.896, 27 %, 7 %, 15868 MiB, 16384 MiB, 65.88 W, 68
2026/09/15 03:28:26.898, 1 %, 2 %, 15868 MiB, 16384 MiB, 66.18 W, 68
2026/09/15 03:28:27.901, 96 %, 8 %, 15868 MiB, 16384 MiB, 165.13 W, 69
2026/09/15 03:28:28.903, 1 %, 2 %, 15868 MiB, 16384 MiB, 68.00 W, 68
2026/09/15 03:28:29.905, 14 %, 3 %, 15868 MiB, 16384 MiB, 83.82 W, 69
2026/09/15 03:28:30.908, 44 %, 6 %, 15868 MiB, 16384 MiB, 60.39 W, 68
2026/09/15 03:28:31.913, 1 %, 2 %, 15868 MiB, 16384 MiB, 65.86 W, 68
2026/09/15 03:28:32.916, 56 %, 2 %, 15868 MiB, 16384 MiB, 126.79 W, 69
2026/09/15 03:28:33.919, 3 %, 2 %, 15868 MiB, 16384 MiB, 65.92 W, 67
2026/09/15 03:28:34.922, 1 %, 2 %, 15868 MiB, 16384 MiB, 65.90 W, 67
2026/09/15 03:28:35.924, 80 %, 5 %, 15868 MiB, 16384 MiB, 147.98 W, 68
2026/09/15 03:28:36.927, 1 %, 2 %, 15868 MiB, 16384 MiB, 65.43 W, 67
2026/09/15 03:28:37.929, 47 %, 2 %, 15868 MiB, 16384 MiB, 125.04 W, 68
2026/09/15 03:28:38.931, 12 %, 7 %, 15868 MiB, 16384 MiB, 67.16 W, 67
2026/09/15 03:28:39.934, 1 %, 2 %, 15868 MiB, 16384 MiB, 65.75 W, 68
2026/09/15 03:28:40.936, 69 %, 6 %, 15868 MiB, 16384 MiB, 128.92 W, 67
2026/09/15 03:28:41.939, 2 %, 3 %, 15868 MiB, 16384 MiB, 65.49 W, 67
2026/09/15 03:28:42.942, 45 %, 2 %, 15868 MiB, 16384 MiB, 121.95 W, 68
2026/09/15 03:28:43.944, 5 %, 4 %, 15868 MiB, 16384 MiB, 64.92 W, 67
2026/09/15 03:28:44.946, 1 %, 2 %, 15868 MiB, 16384 MiB, 65.59 W, 66
2026/09/15 03:28:45.949, 85 %, 6 %, 15868 MiB, 16384 MiB, 150.92 W, 67
2026/09/15 03:28:46.951, 2 %, 3 %, 15868 MiB, 16384 MiB, 65.55 W, 66
2026/09/15 03:28:47.954, 24 %, 2 %, 15868 MiB, 16384 MiB, 97.62 W, 68
2026/09/15 03:28:48.956, 36 %, 6 %, 15868 MiB, 16384 MiB, 62.95 W, 66
2026/09/15 03:28:49.959, 100 %, 6 %, 15868 MiB, 16384 MiB, 67.25 W, 66
2026/09/15 03:28:50.962, 100 %, 6 %, 15868 MiB, 16384 MiB, 73.38 W, 66
2026/09/15 03:28:51.964, 100 %, 9 %, 15868 MiB, 16384 MiB, 72.17 W, 66
2026/09/15 03:28:52.966, 100 %, 6 %, 15868 MiB, 16384 MiB, 65.64 W, 66
2026/09/15 03:28:53.969, 100 %, 6 %, 15868 MiB, 16384 MiB, 71.95 W, 66
2026/09/15 03:28:54.972, 100 %, 9 %, 15868 MiB, 16384 MiB, 71.96 W, 66
2026/09/15 03:28:55.975, 4 %, 4 %, 15868 MiB, 16384 MiB, 64.68 W, 65
2026/09/15 03:28:56.978, 4 %, 4 %, 15868 MiB, 16384 MiB, 69.37 W, 65
2026/09/15 03:28:57.982, 1 %, 2 %, 15868 MiB, 16384 MiB, 49.47 W, 64
2026/09/15 03:28:58.985, 1 %, 2 %, 15868 MiB, 16384 MiB, 49.54 W, 64
2026/09/15 03:28:59.988, 1 %, 2 %, 15868 MiB, 16384 MiB, 49.38 W, 64
2026/09/15 03:29:00.990, 1 %, 2 %, 15868 MiB, 16384 MiB, 50.09 W, 63
2026/09/15 03:29:02.008, 1 %, 2 %, 15868 MiB, 16384 MiB, 49.47 W, 63
2026/09/15 03:29:03.010, 4 %, 5 %, 15868 MiB, 16384 MiB, 49.47 W, 63
2026/09/15 03:29:04.013, 4 %, 4 %, 15868 MiB, 16384 MiB, 49.16 W, 63
2026/09/15 03:29:05.016, 4 %, 4 %, 15868 MiB, 16384 MiB, 52.76 W, 63
2026/09/15 03:29:06.018, 1 %, 2 %, 15868 MiB, 16384 MiB, 49.08 W, 62
2026/09/15 03:29:07.021, 1 %, 2 %, 15868 MiB, 16384 MiB, 49.03 W, 62
2026/09/15 03:29:08.024, 1 %, 2 %, 15868 MiB, 16384 MiB, 49.11 W, 62
2026/09/15 03:29:09.026, 2 %, 3 %, 15868 MiB, 16384 MiB, 49.19 W, 62
2026/09/15 03:29:10.029, 1 %, 2 %, 15868 MiB, 16384 MiB, 48.85 W, 62
2026/09/15 03:29:11.031, 4 %, 4 %, 15868 MiB, 16384 MiB, 49.47 W, 62
2026/09/15 03:29:12.034, 4 %, 4 %, 15868 MiB, 16384 MiB, 49.27 W, 61
2026/09/15 03:29:13.036, 4 %, 5 %, 15868 MiB, 16384 MiB, 52.19 W, 61
2026/09/15 03:29:14.039, 1 %, 2 %, 15868 MiB, 16384 MiB, 48.53 W, 61
2026/09/15 03:29:15.042, 2 %, 3 %, 15868 MiB, 16384 MiB, 48.94 W, 61
2026/09/15 03:29:16.045, 2 %, 3 %, 15868 MiB, 16384 MiB, 48.75 W, 61
2026/09/15 03:29:17.048, 1 %, 2 %, 15868 MiB, 16384 MiB, 48.62 W, 61
2026/09/15 03:29:18.052, 70 %, 9 %, 15868 MiB, 16384 MiB, 49.13 W, 61
2026/09/15 03:29:19.055, 100 %, 6 %, 15868 MiB, 16384 MiB, 67.89 W, 61
2026/09/15 03:29:20.058, 100 %, 9 %, 15868 MiB, 16384 MiB, 67.76 W, 61
2026/09/15 03:29:21.061, 100 %, 6 %, 15868 MiB, 16384 MiB, 61.53 W, 61
2026/09/15 03:29:22.064, 100 %, 6 %, 15868 MiB, 16384 MiB, 67.58 W, 61
2026/09/15 03:29:23.068, 100 %, 9 %, 15868 MiB, 16384 MiB, 67.36 W, 61
2026/09/15 03:29:24.071, 1 %, 2 %, 15868 MiB, 16384 MiB, 60.91 W, 61
2026/09/15 03:29:25.074, 1 %, 2 %, 15868 MiB, 16384 MiB, 60.72 W, 61
2026/09/15 03:29:26.077, 1 %, 2 %, 15868 MiB, 16384 MiB, 48.48 W, 60
2026/09/15 03:29:27.081, 4 %, 4 %, 15868 MiB, 16384 MiB, 48.17 W, 60
2026/09/15 03:29:28.084, 4 %, 4 %, 15868 MiB, 16384 MiB, 51.60 W, 60
2026/09/15 03:29:29.087, 1 %, 2 %, 15868 MiB, 16384 MiB, 48.31 W, 60
2026/09/15 03:29:30.091, 1 %, 2 %, 15868 MiB, 16384 MiB, 48.43 W, 59
2026/09/15 03:29:31.094, 1 %, 2 %, 15868 MiB, 16384 MiB, 48.80 W, 59
2026/09/15 03:29:32.098, 1 %, 2 %, 15868 MiB, 16384 MiB, 48.78 W, 59
2026/09/15 03:29:33.101, 1 %, 3 %, 15868 MiB, 16384 MiB, 48.14 W, 59
2026/09/15 03:29:34.105, 4 %, 5 %, 15868 MiB, 16384 MiB, 48.39 W, 59
2026/09/15 03:29:35.109, 4 %, 4 %, 15868 MiB, 16384 MiB, 47.80 W, 59
2026/09/15 03:29:36.112, 4 %, 4 %, 15868 MiB, 16384 MiB, 51.58 W, 59
2026/09/15 03:29:37.115, 1 %, 2 %, 15868 MiB, 16384 MiB, 47.94 W, 59
2026/09/15 03:29:38.118, 1 %, 2 %, 15868 MiB, 16384 MiB, 48.04 W, 58
2026/09/15 03:29:39.121, 1 %, 2 %, 15868 MiB, 16384 MiB, 48.23 W, 58
2026/09/15 03:29:40.124, 1 %, 2 %, 15868 MiB, 16384 MiB, 47.82 W, 58
2026/09/15 03:29:41.127, 2 %, 3 %, 15868 MiB, 16384 MiB, 47.80 W, 58
2026/09/15 03:29:42.129, 1 %, 2 %, 15868 MiB, 16384 MiB, 47.62 W, 58
2026/09/15 03:29:43.132, 4 %, 4 %, 15868 MiB, 16384 MiB, 47.91 W, 58
2026/09/15 03:29:44.134, 4 %, 4 %, 15868 MiB, 16384 MiB, 47.44 W, 58
2026/09/15 03:29:45.137, 4 %, 4 %, 15868 MiB, 16384 MiB, 50.97 W, 58
2026/09/15 03:29:46.139, 1 %, 2 %, 15868 MiB, 16384 MiB, 47.66 W, 58
2026/09/15 03:29:47.142, 100 %, 9 %, 15868 MiB, 16384 MiB, 67.04 W, 59
2026/09/15 03:29:48.145, 100 %, 6 %, 15868 MiB, 16384 MiB, 60.96 W, 59
2026/09/15 03:29:49.147, 100 %, 6 %, 15868 MiB, 16384 MiB, 66.99 W, 59
2026/09/15 03:29:50.149, 100 %, 9 %, 15868 MiB, 16384 MiB, 67.21 W, 59
2026/09/15 03:29:51.152, 100 %, 6 %, 15868 MiB, 16384 MiB, 62.88 W, 59
2026/09/15 03:29:52.154, 1 %, 2 %, 15868 MiB, 16384 MiB, 61.76 W, 58
2026/09/15 03:29:53.156, 4 %, 4 %, 15868 MiB, 16384 MiB, 59.32 W, 59
2026/09/15 03:29:54.160, 4 %, 5 %, 15868 MiB, 16384 MiB, 50.95 W, 58
2026/09/15 03:29:55.162, 1 %, 2 %, 15868 MiB, 16384 MiB, 47.47 W, 58
2026/09/15 03:29:56.165, 1 %, 3 %, 15868 MiB, 16384 MiB, 47.54 W, 57
2026/09/15 03:29:57.168, 2 %, 3 %, 15868 MiB, 16384 MiB, 47.80 W, 57
2026/09/15 03:29:58.170, 1 %, 3 %, 15868 MiB, 16384 MiB, 47.62 W, 57
2026/09/15 03:29:59.173, 3 %, 4 %, 15868 MiB, 16384 MiB, 47.76 W, 57
2026/09/15 03:30:00.175, 4 %, 4 %, 15868 MiB, 16384 MiB, 46.96 W, 57
2026/09/15 03:30:01.178, 4 %, 4 %, 15868 MiB, 16384 MiB, 50.97 W, 57
2026/09/15 03:30:02.181, 1 %, 2 %, 15868 MiB, 16384 MiB, 47.50 W, 57
2026/09/15 03:30:03.183, 1 %, 2 %, 15868 MiB, 16384 MiB, 47.57 W, 57
2026/09/15 03:30:04.186, 1 %, 2 %, 15868 MiB, 16384 MiB, 47.67 W, 57
2026/09/15 03:30:05.188, 1 %, 2 %, 15868 MiB, 16384 MiB, 47.58 W, 57
2026/09/15 03:30:06.192, 3 %, 4 %, 15868 MiB, 16384 MiB, 47.52 W, 57
2026/09/15 03:30:07.194, 4 %, 4 %, 15868 MiB, 16384 MiB, 47.31 W, 57
2026/09/15 03:30:08.197, 4 %, 4 %, 15868 MiB, 16384 MiB, 50.72 W, 57
2026/09/15 03:30:09.199, 5 %, 5 %, 15868 MiB, 16384 MiB, 51.08 W, 57
2026/09/15 03:30:10.202, 1 %, 2 %, 15868 MiB, 16384 MiB, 47.41 W, 57
2026/09/15 03:30:11.204, 1 %, 2 %, 15868 MiB, 16384 MiB, 47.84 W, 56
2026/09/15 03:30:12.207, 1 %, 2 %, 15868 MiB, 16384 MiB, 47.92 W, 56
2026/09/15 03:30:13.209, 1 %, 2 %, 15868 MiB, 16384 MiB, 47.40 W, 56
2026/09/15 03:30:14.215, 4 %, 4 %, 15868 MiB, 16384 MiB, 47.10 W, 56
2026/09/15 03:30:15.217, 100 %, 9 %, 15868 MiB, 16384 MiB, 65.83 W, 57
2026/09/15 03:30:16.220, 100 %, 6 %, 15868 MiB, 16384 MiB, 59.88 W, 57
2026/09/15 03:30:17.222, 100 %, 6 %, 15868 MiB, 16384 MiB, 66.09 W, 57
2026/09/15 03:30:18.225, 100 %, 9 %, 15868 MiB, 16384 MiB, 66.17 W, 57
2026/09/15 03:30:19.227, 100 %, 6 %, 15868 MiB, 16384 MiB, 60.14 W, 57
2026/09/15 03:30:20.230, 100 %, 6 %, 15868 MiB, 16384 MiB, 66.31 W, 57
2026/09/15 03:30:21.232, 1 %, 2 %, 15868 MiB, 16384 MiB, 59.28 W, 57
2026/09/15 03:30:22.235, 1 %, 2 %, 15868 MiB, 16384 MiB, 58.03 W, 57
2026/09/15 03:30:23.237, 4 %, 4 %, 15868 MiB, 16384 MiB, 46.70 W, 57
2026/09/15 03:30:24.240, 4 %, 5 %, 15868 MiB, 16384 MiB, 50.25 W, 56
2026/09/15 03:30:25.242, 1 %, 2 %, 15868 MiB, 16384 MiB, 47.34 W, 56
2026/09/15 03:30:26.245, 1 %, 2 %, 15868 MiB, 16384 MiB, 47.44 W, 56
2026/09/15 03:30:27.247, 1 %, 2 %, 15868 MiB, 16384 MiB, 47.39 W, 56
2026/09/15 03:30:28.250, 1 %, 2 %, 15868 MiB, 16384 MiB, 47.38 W, 56
2026/09/15 03:30:29.252, 4 %, 4 %, 15868 MiB, 16384 MiB, 47.37 W, 56
2026/09/15 03:30:30.255, 4 %, 4 %, 15868 MiB, 16384 MiB, 46.45 W, 56
2026/09/15 03:30:31.258, 1 %, 2 %, 15868 MiB, 16384 MiB, 51.16 W, 56
2026/09/15 03:30:32.260, 1 %, 2 %, 15868 MiB, 16384 MiB, 47.87 W, 56
2026/09/15 03:30:33.263, 1 %, 2 %, 15868 MiB, 16384 MiB, 47.16 W, 56
2026/09/15 03:30:34.265, 1 %, 2 %, 15868 MiB, 16384 MiB, 47.28 W, 56
2026/09/15 03:30:35.268, 1 %, 2 %, 15868 MiB, 16384 MiB, 47.16 W, 56
2026/09/15 03:30:36.271, 1 %, 2 %, 15868 MiB, 16384 MiB, 47.25 W, 56
2026/09/15 03:30:37.273, 4 %, 5 %, 15868 MiB, 16384 MiB, 47.19 W, 56
2026/09/15 03:30:38.276, 4 %, 4 %, 15868 MiB, 16384 MiB, 50.45 W, 56
2026/09/15 03:30:39.279, 4 %, 4 %, 15868 MiB, 16384 MiB, 50.46 W, 56
2026/09/15 03:30:40.281, 2 %, 3 %, 15868 MiB, 16384 MiB, 46.71 W, 56
2026/09/15 03:30:41.284, 2 %, 3 %, 15868 MiB, 16384 MiB, 47.18 W, 56
2026/09/15 03:30:42.286, 1 %, 2 %, 15868 MiB, 16384 MiB, 46.92 W, 56
2026/09/15 03:30:43.289, 100 %, 6 %, 15868 MiB, 16384 MiB, 48.97 W, 56
2026/09/15 03:30:44.292, 100 %, 6 %, 15868 MiB, 16384 MiB, 66.01 W, 57
2026/09/15 03:30:45.294, 100 %, 9 %, 15868 MiB, 16384 MiB, 66.06 W, 57
2026/09/15 03:30:46.297, 100 %, 6 %, 15868 MiB, 16384 MiB, 59.80 W, 57
2026/09/15 03:30:47.299, 100 %, 6 %, 15868 MiB, 16384 MiB, 66.12 W, 57
2026/09/15 03:30:48.302, 100 %, 9 %, 15868 MiB, 16384 MiB, 65.97 W, 57
2026/09/15 03:30:49.304, 4 %, 4 %, 15868 MiB, 16384 MiB, 64.15 W, 57
2026/09/15 03:30:50.307, 1 %, 2 %, 15868 MiB, 16384 MiB, 59.08 W, 57
2026/09/15 03:30:51.309, 1 %, 2 %, 15868 MiB, 16384 MiB, 46.86 W, 56
2026/09/15 03:30:52.312, 1 %, 2 %, 15868 MiB, 16384 MiB, 47.01 W, 56
2026/09/15 03:30:53.314, 4 %, 4 %, 15868 MiB, 16384 MiB, 46.19 W, 56
2026/09/15 03:30:54.317, 4 %, 4 %, 15868 MiB, 16384 MiB, 49.47 W, 56
2026/09/15 03:30:55.320, 1 %, 2 %, 15868 MiB, 16384 MiB, 46.53 W, 56
2026/09/15 03:30:56.322, 1 %, 2 %, 15868 MiB, 16384 MiB, 46.12 W, 56
2026/09/15 03:30:57.325, 1 %, 2 %, 15868 MiB, 16384 MiB, 46.45 W, 56
2026/09/15 03:30:58.327, 1 %, 2 %, 15868 MiB, 16384 MiB, 46.31 W, 56
2026/09/15 03:30:59.330, 4 %, 4 %, 15868 MiB, 16384 MiB, 46.37 W, 56
2026/09/15 03:31:00.333, 4 %, 4 %, 15868 MiB, 16384 MiB, 47.48 W, 56
2026/09/15 03:31:01.336, 4 %, 4 %, 15868 MiB, 16384 MiB, 49.53 W, 56
2026/09/15 03:31:02.339, 1 %, 2 %, 15868 MiB, 16384 MiB, 46.18 W, 56
2026/09/15 03:31:03.342, 1 %, 2 %, 15868 MiB, 16384 MiB, 46.47 W, 56
2026/09/15 03:31:04.345, 1 %, 2 %, 15868 MiB, 16384 MiB, 46.27 W, 56
2026/09/15 03:31:05.348, 1 %, 2 %, 15868 MiB, 16384 MiB, 46.38 W, 56
2026/09/15 03:31:06.351, 2 %, 3 %, 15868 MiB, 16384 MiB, 46.27 W, 56
2026/09/15 03:31:07.355, 4 %, 4 %, 15868 MiB, 16384 MiB, 46.40 W, 56
2026/09/15 03:31:08.358, 4 %, 4 %, 15868 MiB, 16384 MiB, 46.01 W, 55
2026/09/15 03:31:09.361, 4 %, 5 %, 15868 MiB, 16384 MiB, 49.97 W, 56
2026/09/15 03:31:10.364, 1 %, 3 %, 15868 MiB, 16384 MiB, 46.36 W, 55
2026/09/15 03:31:11.367, 1 %, 2 %, 15868 MiB, 16384 MiB, 46.51 W, 55
2026/09/15 03:31:12.371, 100 %, 6 %, 15868 MiB, 16384 MiB, 66.47 W, 56
2026/09/15 03:31:13.374, 100 %, 9 %, 15868 MiB, 16384 MiB, 66.89 W, 56
2026/09/15 03:31:14.378, 100 %, 6 %, 15868 MiB, 16384 MiB, 59.61 W, 57
2026/09/15 03:31:15.381, 100 %, 6 %, 15868 MiB, 16384 MiB, 65.89 W, 57
2026/09/15 03:31:16.385, 100 %, 9 %, 15868 MiB, 16384 MiB, 65.92 W, 57
2026/09/15 03:31:17.388, 39 %, 5 %, 15868 MiB, 16384 MiB, 58.39 W, 57
2026/09/15 03:31:18.391, 4 %, 5 %, 15868 MiB, 16384 MiB, 64.00 W, 57
2026/09/15 03:31:19.395, 1 %, 2 %, 15868 MiB, 16384 MiB, 46.60 W, 56
2026/09/15 03:31:20.399, 1 %, 2 %, 15868 MiB, 16384 MiB, 46.70 W, 56
2026/09/15 03:31:21.402, 2 %, 3 %, 15868 MiB, 16384 MiB, 46.68 W, 56
2026/09/15 03:31:22.406, 1 %, 2 %, 15868 MiB, 16384 MiB, 46.53 W, 56
2026/09/15 03:31:23.409, 4 %, 4 %, 15868 MiB, 16384 MiB, 46.61 W, 56
2026/09/15 03:31:24.412, 4 %, 4 %, 15868 MiB, 16384 MiB, 46.45 W, 56
2026/09/15 03:31:25.415, 4 %, 4 %, 15868 MiB, 16384 MiB, 49.75 W, 56
2026/09/15 03:31:26.418, 4 %, 5 %, 15868 MiB, 16384 MiB, 49.87 W, 56
2026/09/15 03:31:27.421, 1 %, 2 %, 15868 MiB, 16384 MiB, 46.51 W, 56
2026/09/15 03:31:28.424, 1 %, 2 %, 15868 MiB, 16384 MiB, 46.56 W, 55
2026/09/15 03:31:29.426, 1 %, 2 %, 15868 MiB, 16384 MiB, 46.41 W, 56
2026/09/15 03:31:30.429, 1 %, 2 %, 15868 MiB, 16384 MiB, 46.54 W, 55
2026/09/15 03:31:31.432, 4 %, 4 %, 15868 MiB, 16384 MiB, 46.70 W, 56
2026/09/15 03:31:32.434, 4 %, 4 %, 15868 MiB, 16384 MiB, 46.83 W, 55
2026/09/15 03:31:33.437, 4 %, 5 %, 15868 MiB, 16384 MiB, 50.38 W, 55
2026/09/15 03:31:34.440, 1 %, 2 %, 15868 MiB, 16384 MiB, 46.40 W, 56
2026/09/15 03:31:35.442, 1 %, 2 %, 15868 MiB, 16384 MiB, 46.69 W, 55
2026/09/15 03:31:36.445, 1 %, 2 %, 15868 MiB, 16384 MiB, 46.68 W, 55
2026/09/15 03:31:37.448, 1 %, 2 %, 15868 MiB, 16384 MiB, 46.51 W, 55
2026/09/15 03:31:38.451, 5 %, 5 %, 15868 MiB, 16384 MiB, 46.67 W, 56
2026/09/15 03:31:39.453, 4 %, 4 %, 15868 MiB, 16384 MiB, 45.86 W, 55
2026/09/15 03:31:40.456, 100 %, 6 %, 15868 MiB, 16384 MiB, 59.20 W, 56
2026/09/15 03:31:41.459, 100 %, 6 %, 15868 MiB, 16384 MiB, 64.53 W, 56
2026/09/15 03:31:42.462, 100 %, 9 %, 15868 MiB, 16384 MiB, 64.70 W, 56
2026/09/15 03:31:43.466, 100 %, 6 %, 15868 MiB, 16384 MiB, 64.62 W, 56
2026/09/15 03:31:44.469, 100 %, 6 %, 15868 MiB, 16384 MiB, 59.29 W, 56
2026/09/15 03:31:45.472, 100 %, 9 %, 15868 MiB, 16384 MiB, 64.50 W, 57
2026/09/15 03:31:46.475, 1 %, 2 %, 15868 MiB, 16384 MiB, 59.21 W, 56
2026/09/15 03:31:47.479, 1 %, 1 %, 15868 MiB, 16384 MiB, 56.29 W, 56
2026/09/15 03:31:48.482, 4 %, 4 %, 15868 MiB, 16384 MiB, 46.47 W, 56
2026/09/15 03:31:49.486, 4 %, 4 %, 15868 MiB, 16384 MiB, 49.37 W, 56
2026/09/15 03:31:50.489, 4 %, 5 %, 15868 MiB, 16384 MiB, 48.92 W, 56
2026/09/15 03:31:51.492, 1 %, 2 %, 15868 MiB, 16384 MiB, 46.14 W, 56
2026/09/15 03:31:52.495, 1 %, 2 %, 15868 MiB, 16384 MiB, 46.89 W, 56
2026/09/15 03:31:53.499, 1 %, 3 %, 15868 MiB, 16384 MiB, 46.95 W, 56
2026/09/15 03:31:54.502, 1 %, 3 %, 15868 MiB, 16384 MiB, 46.41 W, 56
2026/09/15 03:31:55.507, 4 %, 4 %, 15868 MiB, 16384 MiB, 46.40 W, 56
2026/09/15 03:31:56.510, 4 %, 4 %, 15868 MiB, 16384 MiB, 45.70 W, 55
2026/09/15 03:31:57.512, 4 %, 4 %, 15868 MiB, 16384 MiB, 48.62 W, 55
2026/09/15 03:31:58.515, 1 %, 2 %, 15868 MiB, 16384 MiB, 49.45 W, 56
2026/09/15 03:31:59.517, 1 %, 2 %, 15868 MiB, 16384 MiB, 46.48 W, 55
2026/09/15 03:32:00.520, 1 %, 2 %, 15868 MiB, 16384 MiB, 46.67 W, 55
2026/09/15 03:32:01.523, 1 %, 2 %, 15868 MiB, 16384 MiB, 46.43 W, 55
2026/09/15 03:32:02.527, 2 %, 3 %, 15868 MiB, 16384 MiB, 46.73 W, 55
2026/09/15 03:32:03.530, 1 %, 2 %, 15868 MiB, 16384 MiB, 46.46 W, 55
2026/09/15 03:32:04.533, 3 %, 4 %, 15868 MiB, 16384 MiB, 46.53 W, 55
2026/09/15 03:32:05.537, 4 %, 4 %, 15868 MiB, 16384 MiB, 45.97 W, 55
2026/09/15 03:32:06.539, 2 %, 3 %, 15868 MiB, 16384 MiB, 49.49 W, 55
2026/09/15 03:32:07.543, 1 %, 2 %, 15868 MiB, 16384 MiB, 46.20 W, 55
2026/09/15 03:32:08.546, 100 %, 6 %, 15868 MiB, 16384 MiB, 115.49 W, 58
2026/09/15 03:32:09.550, 100 %, 0 %, 15868 MiB, 16384 MiB, 116.36 W, 58
2026/09/15 03:32:10.552, 100 %, 0 %, 15868 MiB, 16384 MiB, 116.88 W, 59
2026/09/15 03:32:11.554, 100 %, 0 %, 15868 MiB, 16384 MiB, 117.89 W, 59
2026/09/15 03:32:12.557, 100 %, 0 %, 15868 MiB, 16384 MiB, 118.40 W, 60
2026/09/15 03:32:13.559, 100 %, 0 %, 15868 MiB, 16384 MiB, 118.24 W, 60
2026/09/15 03:32:14.563, 100 %, 0 %, 15868 MiB, 16384 MiB, 180.40 W, 63
2026/09/15 03:32:15.565, 100 %, 34 %, 15868 MiB, 16384 MiB, 252.62 W, 63
2026/09/15 03:32:16.571, 100 %, 59 %, 15868 MiB, 16384 MiB, 204.63 W, 63
2026/09/15 03:32:17.575, 100 %, 71 %, 15868 MiB, 16384 MiB, 110.65 W, 61
2026/09/15 03:32:18.579, 100 %, 50 %, 15868 MiB, 16384 MiB, 144.37 W, 60
2026/09/15 03:32:19.581, 100 %, 26 %, 15868 MiB, 16384 MiB, 66.75 W, 62
2026/09/15 03:32:20.583, 100 %, 7 %, 15868 MiB, 16384 MiB, 99.54 W, 62
2026/09/15 03:32:21.586, 100 %, 6 %, 15868 MiB, 16384 MiB, 131.21 W, 62
2026/09/15 03:32:22.588, 100 %, 1 %, 15868 MiB, 16384 MiB, 115.69 W, 62
2026/09/15 03:32:23.592, 100 %, 0 %, 15868 MiB, 16384 MiB, 116.44 W, 63
2026/09/15 03:32:24.594, 100 %, 0 %, 15868 MiB, 16384 MiB, 115.96 W, 63
2026/09/15 03:32:25.596, 100 %, 4 %, 15868 MiB, 16384 MiB, 116.34 W, 63
2026/09/15 03:32:26.598, 100 %, 0 %, 15868 MiB, 16384 MiB, 117.71 W, 63
2026/09/15 03:32:27.601, 100 %, 0 %, 15868 MiB, 16384 MiB, 118.38 W, 64
2026/09/15 03:32:28.603, 100 %, 0 %, 15868 MiB, 16384 MiB, 117.78 W, 64
2026/09/15 03:32:29.606, 100 %, 0 %, 15868 MiB, 16384 MiB, 119.99 W, 67
2026/09/15 03:32:30.608, 100 %, 0 %, 15868 MiB, 16384 MiB, 187.64 W, 67
2026/09/15 03:32:31.614, 100 %, 0 %, 15868 MiB, 16384 MiB, 257.30 W, 67
2026/09/15 03:32:32.620, 100 %, 4 %, 15868 MiB, 16384 MiB, 208.46 W, 65
2026/09/15 03:32:33.625, 100 %, 38 %, 15868 MiB, 16384 MiB, 138.42 W, 65
2026/09/15 03:32:34.630, 100 %, 65 %, 15868 MiB, 16384 MiB, 60.42 W, 66
2026/09/15 03:32:35.633, 100 %, 67 %, 15868 MiB, 16384 MiB, 110.87 W, 66
2026/09/15 03:32:36.635, 100 %, 46 %, 15868 MiB, 16384 MiB, 142.06 W, 66
2026/09/15 03:32:37.638, 100 %, 21 %, 15868 MiB, 16384 MiB, 122.06 W, 66
2026/09/15 03:32:38.640, 100 %, 7 %, 15868 MiB, 16384 MiB, 122.22 W, 66
2026/09/15 03:32:39.642, 100 %, 7 %, 15868 MiB, 16384 MiB, 122.27 W, 67
2026/09/15 03:32:40.645, 100 %, 0 %, 15868 MiB, 16384 MiB, 121.64 W, 67
2026/09/15 03:32:41.647, 100 %, 0 %, 15868 MiB, 16384 MiB, 123.33 W, 67
2026/09/15 03:32:42.649, 100 %, 0 %, 15868 MiB, 16384 MiB, 125.04 W, 67
2026/09/15 03:32:43.652, 100 %, 0 %, 15868 MiB, 16384 MiB, 123.93 W, 67
2026/09/15 03:32:44.654, 37 %, 6 %, 15868 MiB, 16384 MiB, 131.19 W, 67
2026/09/15 03:32:45.656, 1 %, 2 %, 15868 MiB, 16384 MiB, 64.31 W, 66
2026/09/15 03:32:46.659, 100 %, 42 %, 15868 MiB, 16384 MiB, 224.98 W, 67
2026/09/15 03:32:47.661, 100 %, 0 %, 15868 MiB, 16384 MiB, 125.53 W, 68
2026/09/15 03:32:48.664, 23 %, 8 %, 15868 MiB, 16384 MiB, 144.82 W, 68
2026/09/15 03:32:49.666, 1 %, 2 %, 15868 MiB, 16384 MiB, 64.78 W, 66
2026/09/15 03:32:50.668, 100 %, 25 %, 15868 MiB, 16384 MiB, 262.79 W, 69
2026/09/15 03:32:51.672, 100 %, 0 %, 15868 MiB, 16384 MiB, 125.77 W, 68
2026/09/15 03:32:52.674, 9 %, 7 %, 15868 MiB, 16384 MiB, 121.55 W, 68
2026/09/15 03:32:53.678, 1 %, 2 %, 15868 MiB, 16384 MiB, 65.43 W, 67
2026/09/15 03:32:54.682, 100 %, 19 %, 15868 MiB, 16384 MiB, 253.15 W, 70
2026/09/15 03:32:55.691, 100 %, 0 %, 15868 MiB, 16384 MiB, 126.25 W, 68
2026/09/15 03:32:56.694, 1 %, 2 %, 15868 MiB, 16384 MiB, 64.78 W, 68
2026/09/15 03:32:57.696, 18 %, 17 %, 15868 MiB, 16384 MiB, 64.55 W, 67
2026/09/15 03:32:58.698, 100 %, 0 %, 15868 MiB, 16384 MiB, 200.90 W, 71
2026/09/15 03:32:59.701, 100 %, 0 %, 15868 MiB, 16384 MiB, 123.30 W, 68
2026/09/15 03:33:00.704, 1 %, 2 %, 15868 MiB, 16384 MiB, 70.38 W, 68
2026/09/15 03:33:01.706, 16 %, 15 %, 15868 MiB, 16384 MiB, 65.04 W, 67
2026/09/15 03:33:02.708, 100 %, 0 %, 15868 MiB, 16384 MiB, 186.46 W, 71
2026/09/15 03:33:03.713, 100 %, 0 %, 15868 MiB, 16384 MiB, 126.34 W, 69
2026/09/15 03:33:04.715, 1 %, 2 %, 15868 MiB, 16384 MiB, 65.23 W, 69
2026/09/15 03:33:05.718, 24 %, 22 %, 15868 MiB, 16384 MiB, 64.54 W, 67
2026/09/15 03:33:06.720, 100 %, 0 %, 15868 MiB, 16384 MiB, 160.46 W, 72
2026/09/15 03:33:07.723, 100 %, 0 %, 15868 MiB, 16384 MiB, 124.06 W, 69
2026/09/15 03:33:08.726, 1 %, 2 %, 15868 MiB, 16384 MiB, 65.90 W, 67
2026/09/15 03:33:09.728, 48 %, 42 %, 15868 MiB, 16384 MiB, 63.57 W, 68
2026/09/15 03:33:10.731, 100 %, 0 %, 15868 MiB, 16384 MiB, 157.93 W, 72
2026/09/15 03:33:11.739, 100 %, 0 %, 15868 MiB, 16384 MiB, 127.25 W, 69
2026/09/15 03:33:12.741, 1 %, 2 %, 15868 MiB, 16384 MiB, 66.35 W, 67
2026/09/15 03:33:13.743, 34 %, 31 %, 15868 MiB, 16384 MiB, 65.89 W, 68
2026/09/15 03:33:14.746, 100 %, 0 %, 15868 MiB, 16384 MiB, 166.31 W, 73
2026/09/15 03:33:15.749, 100 %, 0 %, 15868 MiB, 16384 MiB, 124.34 W, 69
2026/09/15 03:33:16.751, 1 %, 2 %, 15868 MiB, 16384 MiB, 65.78 W, 70
2026/09/15 03:33:17.754, 22 %, 20 %, 15868 MiB, 16384 MiB, 64.99 W, 68
2026/09/15 03:33:18.757, 100 %, 0 %, 15868 MiB, 16384 MiB, 204.09 W, 73
2026/09/15 03:33:19.759, 100 %, 0 %, 15868 MiB, 16384 MiB, 124.23 W, 69
2026/09/15 03:33:20.762, 1 %, 2 %, 15868 MiB, 16384 MiB, 65.75 W, 68
2026/09/15 03:33:21.764, 24 %, 22 %, 15868 MiB, 16384 MiB, 65.04 W, 68
2026/09/15 03:33:22.767, 100 %, 0 %, 15868 MiB, 16384 MiB, 159.22 W, 72
2026/09/15 03:33:23.770, 100 %, 0 %, 15868 MiB, 16384 MiB, 122.62 W, 70
2026/09/15 03:33:24.773, 1 %, 2 %, 15868 MiB, 16384 MiB, 66.03 W, 68
2026/09/15 03:33:25.775, 30 %, 27 %, 15868 MiB, 16384 MiB, 82.14 W, 68
2026/09/15 03:33:26.778, 100 %, 0 %, 15868 MiB, 16384 MiB, 126.91 W, 70
2026/09/15 03:33:27.780, 100 %, 0 %, 15868 MiB, 16384 MiB, 124.12 W, 70
2026/09/15 03:33:28.782, 1 %, 2 %, 15868 MiB, 16384 MiB, 66.07 W, 68
2026/09/15 03:33:29.786, 30 %, 27 %, 15868 MiB, 16384 MiB, 79.75 W, 68
2026/09/15 03:33:30.788, 100 %, 0 %, 15868 MiB, 16384 MiB, 127.94 W, 70
2026/09/15 03:33:31.790, 100 %, 0 %, 15868 MiB, 16384 MiB, 121.69 W, 70
2026/09/15 03:33:32.793, 2 %, 3 %, 15868 MiB, 16384 MiB, 67.27 W, 68
2026/09/15 03:33:33.795, 53 %, 45 %, 15868 MiB, 16384 MiB, 144.47 W, 69
2026/09/15 03:33:34.799, 100 %, 0 %, 15868 MiB, 16384 MiB, 126.90 W, 70
2026/09/15 03:33:35.802, 100 %, 4 %, 15868 MiB, 16384 MiB, 126.68 W, 70
2026/09/15 03:33:36.807, 1 %, 3 %, 15868 MiB, 16384 MiB, 66.44 W, 68
2026/09/15 03:33:37.810, 100 %, 29 %, 15868 MiB, 16384 MiB, 145.94 W, 69
2026/09/15 03:33:38.812, 100 %, 0 %, 15868 MiB, 16384 MiB, 128.62 W, 70
2026/09/15 03:33:39.814, 9 %, 7 %, 15868 MiB, 16384 MiB, 120.62 W, 70
2026/09/15 03:33:40.817, 100 %, 6 %, 15868 MiB, 16384 MiB, 73.01 W, 69
2026/09/15 03:33:41.819, 100 %, 9 %, 15868 MiB, 16384 MiB, 73.22 W, 68
2026/09/15 03:33:42.822, 100 %, 9 %, 15868 MiB, 16384 MiB, 72.77 W, 68
2026/09/15 03:33:43.825, 100 %, 6 %, 15868 MiB, 16384 MiB, 66.63 W, 68
2026/09/15 03:33:44.827, 100 %, 6 %, 15868 MiB, 16384 MiB, 72.95 W, 68
2026/09/15 03:33:45.830, 100 %, 9 %, 15868 MiB, 16384 MiB, 72.88 W, 67
2026/09/15 03:33:46.833, 3 %, 4 %, 15868 MiB, 16384 MiB, 65.95 W, 67
2026/09/15 03:33:47.835, 1 %, 2 %, 15868 MiB, 16384 MiB, 71.01 W, 67
2026/09/15 03:33:48.837, 1 %, 2 %, 15868 MiB, 16384 MiB, 54.07 W, 66
2026/09/15 03:33:49.840, 1 %, 2 %, 15868 MiB, 16384 MiB, 50.45 W, 66
2026/09/15 03:33:50.843, 1 %, 2 %, 15868 MiB, 16384 MiB, 50.36 W, 65
2026/09/15 03:33:51.847, 3 %, 4 %, 15868 MiB, 16384 MiB, 50.38 W, 65
2026/09/15 03:33:52.850, 3 %, 4 %, 15868 MiB, 16384 MiB, 50.39 W, 65
2026/09/15 03:33:53.853, 4 %, 5 %, 15868 MiB, 16384 MiB, 50.65 W, 65
2026/09/15 03:33:54.856, 1 %, 2 %, 15868 MiB, 16384 MiB, 54.24 W, 65
2026/09/15 03:33:55.859, 1 %, 2 %, 15868 MiB, 16384 MiB, 49.90 W, 64
2026/09/15 03:33:56.861, 1 %, 2 %, 15868 MiB, 16384 MiB, 50.26 W, 64
2026/09/15 03:33:57.864, 1 %, 2 %, 15868 MiB, 16384 MiB, 50.15 W, 64
2026/09/15 03:33:58.867, 3 %, 4 %, 15868 MiB, 16384 MiB, 50.09 W, 64
2026/09/15 03:33:59.906, 1 %, 3 %, 15868 MiB, 16384 MiB, 50.11 W, 63
2026/09/15 03:34:00.909, 3 %, 4 %, 15868 MiB, 16384 MiB, 49.83 W, 63
2026/09/15 03:34:01.912, 3 %, 4 %, 15868 MiB, 16384 MiB, 53.23 W, 63
2026/09/15 03:34:02.914, 3 %, 4 %, 15868 MiB, 16384 MiB, 53.26 W, 63
2026/09/15 03:34:03.917, 4 %, 5 %, 15868 MiB, 16384 MiB, 49.78 W, 63
2026/09/15 03:34:04.919, 1 %, 2 %, 15868 MiB, 16384 MiB, 49.68 W, 63
2026/09/15 03:34:05.922, 2 %, 3 %, 15868 MiB, 16384 MiB, 49.73 W, 62
2026/09/15 03:34:06.924, 2 %, 3 %, 15868 MiB, 16384 MiB, 49.68 W, 62
2026/09/15 03:34:07.927, 1 %, 2 %, 15868 MiB, 16384 MiB, 49.38 W, 62
2026/09/15 03:34:08.930, 88 %, 12 %, 15868 MiB, 16384 MiB, 49.32 W, 62
2026/09/15 03:34:09.932, 100 %, 6 %, 15868 MiB, 16384 MiB, 69.04 W, 63
2026/09/15 03:34:10.934, 100 %, 6 %, 15868 MiB, 16384 MiB, 68.83 W, 62
2026/09/15 03:34:11.937, 100 %, 6 %, 15868 MiB, 16384 MiB, 69.07 W, 62
2026/09/15 03:34:12.939, 100 %, 9 %, 15868 MiB, 16384 MiB, 63.11 W, 62
2026/09/15 03:34:13.942, 100 %, 6 %, 15868 MiB, 16384 MiB, 69.26 W, 63
2026/09/15 03:34:14.944, 1 %, 2 %, 15868 MiB, 16384 MiB, 63.50 W, 62
2026/09/15 03:34:15.948, 1 %, 2 %, 15868 MiB, 16384 MiB, 63.14 W, 62
2026/09/15 03:34:16.950, 1 %, 2 %, 15868 MiB, 16384 MiB, 48.89 W, 61
2026/09/15 03:34:17.953, 1 %, 2 %, 15868 MiB, 16384 MiB, 49.17 W, 61
2026/09/15 03:34:18.955, 3 %, 4 %, 15868 MiB, 16384 MiB, 49.04 W, 61
2026/09/15 03:34:19.958, 3 %, 4 %, 15868 MiB, 16384 MiB, 52.31 W, 61
2026/09/15 03:34:20.962, 3 %, 5 %, 15868 MiB, 16384 MiB, 48.80 W, 61
2026/09/15 03:34:21.965, 1 %, 2 %, 15868 MiB, 16384 MiB, 48.90 W, 60
2026/09/15 03:34:22.968, 1 %, 2 %, 15868 MiB, 16384 MiB, 48.68 W, 60
2026/09/15 03:34:23.971, 1 %, 2 %, 15868 MiB, 16384 MiB, 48.68 W, 60
2026/09/15 03:34:24.974, 1 %, 2 %, 15868 MiB, 16384 MiB, 48.43 W, 60
2026/09/15 03:34:25.977, 3 %, 4 %, 15868 MiB, 16384 MiB, 51.69 W, 60
2026/09/15 03:34:26.981, 3 %, 4 %, 15868 MiB, 16384 MiB, 52.06 W, 60
2026/09/15 03:34:27.984, 1 %, 2 %, 15868 MiB, 16384 MiB, 48.41 W, 60
2026/09/15 03:34:28.987, 1 %, 2 %, 15868 MiB, 16384 MiB, 48.33 W, 59
2026/09/15 03:34:29.990, 1 %, 2 %, 15868 MiB, 16384 MiB, 48.20 W, 59
2026/09/15 03:34:30.993, 1 %, 2 %, 15868 MiB, 16384 MiB, 48.33 W, 59
2026/09/15 03:34:31.996, 1 %, 3 %, 15868 MiB, 16384 MiB, 48.46 W, 59
2026/09/15 03:34:32.999, 3 %, 4 %, 15868 MiB, 16384 MiB, 48.10 W, 59
2026/09/15 03:34:34.002, 3 %, 4 %, 15868 MiB, 16384 MiB, 51.48 W, 59
2026/09/15 03:34:35.005, 3 %, 4 %, 15868 MiB, 16384 MiB, 51.91 W, 59
2026/09/15 03:34:36.008, 1 %, 2 %, 15868 MiB, 16384 MiB, 48.38 W, 59
2026/09/15 03:34:37.010, 1 %, 2 %, 15868 MiB, 16384 MiB, 47.62 W, 58
2026/09/15 03:34:38.013, 100 %, 6 %, 15868 MiB, 16384 MiB, 67.92 W, 60
2026/09/15 03:34:39.017, 100 %, 6 %, 15868 MiB, 16384 MiB, 67.91 W, 59
2026/09/15 03:34:40.019, 100 %, 6 %, 15868 MiB, 16384 MiB, 67.90 W, 59
2026/09/15 03:34:41.022, 100 %, 9 %, 15868 MiB, 16384 MiB, 61.91 W, 59
2026/09/15 03:34:42.024, 100 %, 6 %, 15868 MiB, 16384 MiB, 67.93 W, 60
2026/09/15 03:34:43.026, 1 %, 2 %, 15868 MiB, 16384 MiB, 61.23 W, 59
2026/09/15 03:34:44.029, 3 %, 4 %, 15868 MiB, 16384 MiB, 65.33 W, 59
2026/09/15 03:34:45.031, 3 %, 4 %, 15868 MiB, 16384 MiB, 47.26 W, 58
2026/09/15 03:34:46.034, 1 %, 2 %, 15868 MiB, 16384 MiB, 47.63 W, 58
2026/09/15 03:34:47.036, 1 %, 3 %, 15868 MiB, 16384 MiB, 47.54 W, 58
2026/09/15 03:34:48.039, 1 %, 2 %, 15868 MiB, 16384 MiB, 47.58 W, 58
2026/09/15 03:34:49.042, 1 %, 3 %, 15868 MiB, 16384 MiB, 47.63 W, 58
2026/09/15 03:34:50.044, 3 %, 4 %, 15868 MiB, 16384 MiB, 47.33 W, 58
2026/09/15 03:34:51.047, 3 %, 4 %, 15868 MiB, 16384 MiB, 50.57 W, 58
2026/09/15 03:34:52.049, 3 %, 4 %, 15868 MiB, 16384 MiB, 50.90 W, 58
2026/09/15 03:34:53.052, 3 %, 5 %, 15868 MiB, 16384 MiB, 47.29 W, 58
2026/09/15 03:34:54.054, 1 %, 2 %, 15868 MiB, 16384 MiB, 47.53 W, 57
2026/09/15 03:34:55.057, 1 %, 2 %, 15868 MiB, 16384 MiB, 47.54 W, 57
2026/09/15 03:34:56.059, 1 %, 2 %, 15868 MiB, 16384 MiB, 48.16 W, 57
2026/09/15 03:34:57.062, 1 %, 2 %, 15868 MiB, 16384 MiB, 47.99 W, 57
2026/09/15 03:34:58.064, 1 %, 2 %, 15868 MiB, 16384 MiB, 47.22 W, 57
2026/09/15 03:34:59.067, 1 %, 2 %, 15868 MiB, 16384 MiB, 46.99 W, 57
2026/09/15 03:35:00.069, 3 %, 4 %, 15868 MiB, 16384 MiB, 50.70 W, 57
2026/09/15 03:35:01.072, 3 %, 4 %, 15868 MiB, 16384 MiB, 50.68 W, 57
2026/09/15 03:35:02.075, 3 %, 4 %, 15868 MiB, 16384 MiB, 47.19 W, 57
2026/09/15 03:35:03.078, 1 %, 2 %, 15868 MiB, 16384 MiB, 47.21 W, 57
2026/09/15 03:35:04.082, 2 %, 3 %, 15868 MiB, 16384 MiB, 47.47 W, 57
2026/09/15 03:35:05.085, 1 %, 2 %, 15868 MiB, 16384 MiB, 47.38 W, 57
2026/09/15 03:35:06.088, 100 %, 7 %, 15868 MiB, 16384 MiB, 67.00 W, 58
2026/09/15 03:35:07.092, 100 %, 9 %, 15868 MiB, 16384 MiB, 60.83 W, 58
2026/09/15 03:35:08.095, 100 %, 6 %, 15868 MiB, 16384 MiB, 66.77 W, 58
2026/09/15 03:35:09.098, 100 %, 6 %, 15868 MiB, 16384 MiB, 67.01 W, 58
2026/09/15 03:35:10.101, 100 %, 7 %, 15868 MiB, 16384 MiB, 67.11 W, 58
2026/09/15 03:35:11.105, 20 %, 4 %, 15868 MiB, 16384 MiB, 58.78 W, 58
2026/09/15 03:35:12.108, 4 %, 5 %, 15868 MiB, 16384 MiB, 59.69 W, 58
2026/09/15 03:35:13.112, 1 %, 2 %, 15868 MiB, 16384 MiB, 47.51 W, 57
2026/09/15 03:35:14.116, 1 %, 2 %, 15868 MiB, 16384 MiB, 47.25 W, 57
2026/09/15 03:35:15.118, 2 %, 3 %, 15868 MiB, 16384 MiB, 47.44 W, 57
2026/09/15 03:35:16.121, 1 %, 3 %, 15868 MiB, 16384 MiB, 47.80 W, 57
2026/09/15 03:35:17.124, 3 %, 4 %, 15868 MiB, 16384 MiB, 47.55 W, 57
2026/09/15 03:35:18.127, 3 %, 4 %, 15868 MiB, 16384 MiB, 50.66 W, 56
2026/09/15 03:35:19.130, 3 %, 4 %, 15868 MiB, 16384 MiB, 50.79 W, 56
2026/09/15 03:35:20.134, 3 %, 5 %, 15868 MiB, 16384 MiB, 46.89 W, 56
2026/09/15 03:35:21.137, 1 %, 2 %, 15868 MiB, 16384 MiB, 47.12 W, 56
2026/09/15 03:35:22.140, 1 %, 2 %, 15868 MiB, 16384 MiB, 47.20 W, 56
2026/09/15 03:35:23.143, 1 %, 2 %, 15868 MiB, 16384 MiB, 47.21 W, 56
2026/09/15 03:35:24.146, 1 %, 2 %, 15868 MiB, 16384 MiB, 46.92 W, 56
2026/09/15 03:35:25.149, 2 %, 3 %, 15868 MiB, 16384 MiB, 47.42 W, 56
2026/09/15 03:35:26.152, 3 %, 4 %, 15868 MiB, 16384 MiB, 46.62 W, 56
2026/09/15 03:35:27.156, 3 %, 4 %, 15868 MiB, 16384 MiB, 50.10 W, 56
2026/09/15 03:35:28.159, 4 %, 5 %, 15868 MiB, 16384 MiB, 47.07 W, 56
2026/09/15 03:35:29.162, 2 %, 3 %, 15868 MiB, 16384 MiB, 47.52 W, 56
2026/09/15 03:35:30.165, 1 %, 2 %, 15868 MiB, 16384 MiB, 47.33 W, 56
2026/09/15 03:35:31.168, 1 %, 2 %, 15868 MiB, 16384 MiB, 47.19 W, 56
2026/09/15 03:35:32.172, 2 %, 4 %, 15868 MiB, 16384 MiB, 47.17 W, 56
2026/09/15 03:35:33.175, 3 %, 4 %, 15868 MiB, 16384 MiB, 50.34 W, 56
2026/09/15 03:35:34.178, 100 %, 6 %, 15868 MiB, 16384 MiB, 66.73 W, 57
2026/09/15 03:35:35.181, 100 %, 6 %, 15868 MiB, 16384 MiB, 66.57 W, 57
2026/09/15 03:35:36.185, 100 %, 9 %, 15868 MiB, 16384 MiB, 67.03 W, 57
2026/09/15 03:35:37.188, 100 %, 9 %, 15868 MiB, 16384 MiB, 61.89 W, 57
2026/09/15 03:35:38.191, 100 %, 6 %, 15868 MiB, 16384 MiB, 67.44 W, 57
2026/09/15 03:35:39.195, 100 %, 6 %, 15868 MiB, 16384 MiB, 66.70 W, 57
2026/09/15 03:35:40.198, 1 %, 2 %, 15868 MiB, 16384 MiB, 59.85 W, 57
2026/09/15 03:35:41.202, 1 %, 2 %, 15868 MiB, 16384 MiB, 46.99 W, 56
2026/09/15 03:35:42.205, 3 %, 5 %, 15868 MiB, 16384 MiB, 46.85 W, 56
2026/09/15 03:35:43.209, 3 %, 4 %, 15868 MiB, 16384 MiB, 50.06 W, 56
2026/09/15 03:35:44.213, 3 %, 4 %, 15868 MiB, 16384 MiB, 46.63 W, 56
2026/09/15 03:35:45.216, 1 %, 2 %, 15868 MiB, 16384 MiB, 46.79 W, 56
2026/09/15 03:35:46.219, 1 %, 2 %, 15868 MiB, 16384 MiB, 46.95 W, 56
2026/09/15 03:35:47.222, 1 %, 3 %, 15868 MiB, 16384 MiB, 46.82 W, 56
2026/09/15 03:35:48.225, 1 %, 3 %, 15868 MiB, 16384 MiB, 46.88 W, 56
2026/09/15 03:35:49.229, 1 %, 2 %, 15868 MiB, 16384 MiB, 46.81 W, 56
2026/09/15 03:35:50.232, 3 %, 4 %, 15868 MiB, 16384 MiB, 46.32 W, 56
2026/09/15 03:35:51.235, 3 %, 4 %, 15868 MiB, 16384 MiB, 49.71 W, 56
2026/09/15 03:35:52.238, 3 %, 4 %, 15868 MiB, 16384 MiB, 50.26 W, 56
2026/09/15 03:35:53.242, 1 %, 2 %, 15868 MiB, 16384 MiB, 46.50 W, 56
2026/09/15 03:35:54.245, 1 %, 2 %, 15868 MiB, 16384 MiB, 46.40 W, 56
2026/09/15 03:35:55.248, 1 %, 2 %, 15868 MiB, 16384 MiB, 46.38 W, 56
2026/09/15 03:35:56.251, 2 %, 3 %, 15868 MiB, 16384 MiB, 46.72 W, 56
2026/09/15 03:35:57.254, 1 %, 2 %, 15868 MiB, 16384 MiB, 47.49 W, 56
2026/09/15 03:35:58.256, 3 %, 4 %, 15868 MiB, 16384 MiB, 46.52 W, 56
2026/09/15 03:35:59.259, 3 %, 4 %, 15868 MiB, 16384 MiB, 50.03 W, 55
2026/09/15 03:36:00.262, 4 %, 5 %, 15868 MiB, 16384 MiB, 46.65 W, 56
2026/09/15 03:36:01.266, 1 %, 2 %, 15868 MiB, 16384 MiB, 46.76 W, 55
2026/09/15 03:36:02.269, 100 %, 6 %, 15868 MiB, 16384 MiB, 66.14 W, 56
2026/09/15 03:36:03.274, 100 %, 6 %, 15868 MiB, 16384 MiB, 66.36 W, 56
2026/09/15 03:36:04.276, 100 %, 9 %, 15868 MiB, 16384 MiB, 60.51 W, 56
2026/09/15 03:36:05.278, 100 %, 6 %, 15868 MiB, 16384 MiB, 66.71 W, 57
2026/09/15 03:36:06.281, 100 %, 6 %, 15868 MiB, 16384 MiB, 66.83 W, 57
2026/09/15 03:36:07.286, 100 %, 6 %, 15868 MiB, 16384 MiB, 66.57 W, 57
2026/09/15 03:36:08.288, 1 %, 2 %, 15868 MiB, 16384 MiB, 59.49 W, 56
2026/09/15 03:36:09.290, 3 %, 4 %, 15868 MiB, 16384 MiB, 64.15 W, 56
2026/09/15 03:36:10.293, 3 %, 5 %, 15868 MiB, 16384 MiB, 46.66 W, 56
2026/09/15 03:36:11.296, 1 %, 2 %, 15868 MiB, 16384 MiB, 46.94 W, 56
2026/09/15 03:36:12.299, 1 %, 2 %, 15868 MiB, 16384 MiB, 47.15 W, 56
2026/09/15 03:36:13.302, 1 %, 2 %, 15868 MiB, 16384 MiB, 46.90 W, 56
2026/09/15 03:36:14.305, 2 %, 3 %, 15868 MiB, 16384 MiB, 46.85 W, 56
2026/09/15 03:36:15.308, 1 %, 2 %, 15868 MiB, 16384 MiB, 46.83 W, 56
2026/09/15 03:36:16.311, 3 %, 4 %, 15868 MiB, 16384 MiB, 46.32 W, 56
2026/09/15 03:36:17.314, 3 %, 4 %, 15868 MiB, 16384 MiB, 50.47 W, 56
2026/09/15 03:36:18.318, 3 %, 4 %, 15868 MiB, 16384 MiB, 47.00 W, 56
2026/09/15 03:36:19.321, 1 %, 2 %, 15868 MiB, 16384 MiB, 46.85 W, 56
2026/09/15 03:36:20.324, 1 %, 2 %, 15868 MiB, 16384 MiB, 46.79 W, 55
2026/09/15 03:36:21.330, 1 %, 2 %, 15868 MiB, 16384 MiB, 46.71 W, 55
2026/09/15 03:36:22.333, 1 %, 2 %, 15868 MiB, 16384 MiB, 46.91 W, 55
2026/09/15 03:36:23.335, 1 %, 2 %, 15868 MiB, 16384 MiB, 46.94 W, 55
2026/09/15 03:36:24.338, 4 %, 5 %, 15868 MiB, 16384 MiB, 46.61 W, 55
2026/09/15 03:36:25.341, 3 %, 4 %, 15868 MiB, 16384 MiB, 50.08 W, 55
2026/09/15 03:36:26.343, 3 %, 4 %, 15868 MiB, 16384 MiB, 50.13 W, 55
2026/09/15 03:36:27.346, 1 %, 2 %, 15868 MiB, 16384 MiB, 46.54 W, 55
2026/09/15 03:36:28.349, 2 %, 3 %, 15868 MiB, 16384 MiB, 46.61 W, 55
2026/09/15 03:36:29.353, 1 %, 2 %, 15868 MiB, 16384 MiB, 46.86 W, 55
2026/09/15 03:36:30.356, 100 %, 6 %, 15868 MiB, 16384 MiB, 51.32 W, 56
2026/09/15 03:36:31.360, 100 %, 9 %, 15868 MiB, 16384 MiB, 66.35 W, 56
2026/09/15 03:36:32.363, 100 %, 9 %, 15868 MiB, 16384 MiB, 60.00 W, 56
2026/09/15 03:36:33.366, 100 %, 6 %, 15868 MiB, 16384 MiB, 66.37 W, 56
2026/09/15 03:36:34.370, 100 %, 6 %, 15868 MiB, 16384 MiB, 66.07 W, 57
2026/09/15 03:36:35.373, 100 %, 9 %, 15868 MiB, 16384 MiB, 66.33 W, 56
2026/09/15 03:36:36.378, 3 %, 4 %, 15868 MiB, 16384 MiB, 64.73 W, 56
2026/09/15 03:36:37.380, 1 %, 2 %, 15868 MiB, 16384 MiB, 59.91 W, 57
2026/09/15 03:36:38.384, 1 %, 2 %, 15868 MiB, 16384 MiB, 46.99 W, 56
2026/09/15 03:36:39.386, 1 %, 2 %, 15868 MiB, 16384 MiB, 46.65 W, 56
2026/09/15 03:36:40.389, 1 %, 2 %, 15868 MiB, 16384 MiB, 46.57 W, 56
2026/09/15 03:36:41.391, 3 %, 5 %, 15868 MiB, 16384 MiB, 46.43 W, 56
2026/09/15 03:36:42.394, 3 %, 4 %, 15868 MiB, 16384 MiB, 49.22 W, 56
2026/09/15 03:36:43.396, 3 %, 5 %, 15868 MiB, 16384 MiB, 50.11 W, 55
2026/09/15 03:36:44.399, 1 %, 2 %, 15868 MiB, 16384 MiB, 46.41 W, 56
2026/09/15 03:36:45.401, 1 %, 2 %, 15868 MiB, 16384 MiB, 46.34 W, 56
2026/09/15 03:36:46.404, 1 %, 2 %, 15868 MiB, 16384 MiB, 46.44 W, 55
2026/09/15 03:36:47.407, 1 %, 2 %, 15868 MiB, 16384 MiB, 46.45 W, 55
2026/09/15 03:36:48.410, 1 %, 2 %, 15868 MiB, 16384 MiB, 46.43 W, 55
2026/09/15 03:36:49.412, 4 %, 5 %, 15868 MiB, 16384 MiB, 46.26 W, 55
2026/09/15 03:36:50.415, 3 %, 4 %, 15868 MiB, 16384 MiB, 45.73 W, 55
2026/09/15 03:36:51.417, 3 %, 4 %, 15868 MiB, 16384 MiB, 49.39 W, 55
2026/09/15 03:36:52.420, 3 %, 4 %, 15868 MiB, 16384 MiB, 46.26 W, 55
2026/09/15 03:36:53.422, 2 %, 3 %, 15868 MiB, 16384 MiB, 46.29 W, 55
2026/09/15 03:36:54.425, 1 %, 2 %, 15868 MiB, 16384 MiB, 46.31 W, 55
2026/09/15 03:36:55.428, 1 %, 3 %, 15868 MiB, 16384 MiB, 46.50 W, 55
2026/09/15 03:36:56.430, 2 %, 3 %, 15868 MiB, 16384 MiB, 46.49 W, 55
2026/09/15 03:36:57.433, 3 %, 4 %, 15868 MiB, 16384 MiB, 46.24 W, 55
2026/09/15 03:36:58.435, 52 %, 9 %, 15868 MiB, 16384 MiB, 56.30 W, 56
2026/09/15 03:36:59.437, 0 %, 0 %, 15868 MiB, 16384 MiB, 57.63 W, 56
2026/09/15 03:37:00.440, 0 %, 0 %, 15868 MiB, 16384 MiB, 44.72 W, 55
2026/09/15 03:37:01.442, 0 %, 0 %, 15868 MiB, 16384 MiB, 44.72 W, 55
2026/09/15 03:37:02.445, 0 %, 0 %, 15868 MiB, 16384 MiB, 44.26 W, 55
2026/09/15 03:37:03.447, 0 %, 0 %, 15868 MiB, 16384 MiB, 44.58 W, 55
2026/09/15 03:37:04.450, 0 %, 0 %, 15868 MiB, 16384 MiB, 44.60 W, 55
2026/09/15 03:37:05.453, 0 %, 0 %, 15868 MiB, 16384 MiB, 44.45 W, 55
2026/09/15 03:37:06.456, 0 %, 0 %, 15868 MiB, 16384 MiB, 44.92 W, 55
2026/09/15 03:37:07.458, 0 %, 0 %, 15868 MiB, 16384 MiB, 44.67 W, 55
2026/09/15 03:37:08.461, 0 %, 0 %, 15868 MiB, 16384 MiB, 44.51 W, 55
2026/09/15 03:37:09.465, 0 %, 0 %, 15868 MiB, 16384 MiB, 44.47 W, 55
2026/09/15 03:37:10.468, 0 %, 0 %, 15868 MiB, 16384 MiB, 44.45 W, 55
2026/09/15 03:37:11.471, 0 %, 0 %, 15868 MiB, 16384 MiB, 44.53 W, 55
2026/09/15 03:37:12.474, 0 %, 0 %, 15868 MiB, 16384 MiB, 44.34 W, 55
2026/09/15 03:37:13.477, 0 %, 0 %, 15868 MiB, 16384 MiB, 44.29 W, 55
2026/09/15 03:37:14.480, 1 %, 0 %, 7020 MiB, 16384 MiB, 56.74 W, 56
