--procs-- -----------------------memory---------------------- ---swap-- -----io---- -system-- --------cpu-------- -----timestamp-----
   r    b         swpd         free         buff        cache   si   so    bi    bo   in   cs  us  sy  id  wa  st                 KST
   5    0            0    113143456       107880     14231792    0    0 14331    96  200  265   3   1  94   2   0 2026-09-21 16:43:34
   1    0            0    113034152       107916     14231940    0    0    36   216 3397 6014   3   1  96   0   0 2026-09-21 16:43:35
   2    0            0    112984168       108096     14232068    0    0   180     0 33427 6224   4   8  88   0   0 2026-09-21 16:43:36
   1    0            0    112904984       108120     14232180    0    0    24     0 3226 5739   3   0  96   0   0 2026-09-21 16:43:37
   2    0            0    112891408       108196     14232280    0    0    68   184 2301 5040   1   0  98   0   0 2026-09-21 16:43:38
   0    0            0    112883088       108272     14232392    0    0    76    44 2122 5231   1   0  99   0   0 2026-09-21 16:43:39
   3    0            0    112666296       108320     14232512    0    0    56     0 3556 5696   3   1  96   0   0 2026-09-21 16:43:40
   2    0            0    112430832       108360     14232748    0    0    40   200 8169 6766  14   1  85   0   0 2026-09-21 16:43:41
   0    0            0    112501424       108424     14232892    0    0    64     0 6525 6077   4   1  96   0   0 2026-09-21 16:43:42
   0    0            0    112558336       108464     14232952    0    0    28   164 2690 5417   1   0  98   0   0 2026-09-21 16:43:43
   1    0            0    112573664       108496     14233044    0    0    32     0 2174 5086   0   0  99   0   0 2026-09-21 16:43:44
   1    0            0    112593632       108524     14233124    0    0    28    44 2469 5588   1   0  99   0   0 2026-09-21 16:43:45
   2    0            0    112620656       108548     14233220    0    0    24     0 3395 5453   2   1  97   0   0 2026-09-21 16:43:46
   1    0            0    112556736       108600     14233320    0    0    52   696 2910 5553   3   0  97   0   0 2026-09-21 16:43:47
   1    0            0    112483648       108652     14233376    0    0    44   228 2965 5025   3   0  97   0   0 2026-09-21 16:43:48
   1    0            0    112432944       108700     14233500    0    0    48     0 2971 5750   2   1  98   0   0 2026-09-21 16:43:49
   1    0            0    112351904       108740     14241896    0    0    40    44 4541 7280   3   1  96   0   0 2026-09-21 16:43:50
   1    0            0    112265888       108744     14314104    0    0     4     0 4988 7003   5   1  95   0   0 2026-09-21 16:43:51
   1    0            0    112269392       108772     14314184    0    0    28   196 3641 6169   3   0  97   0   0 2026-09-21 16:43:52
   2    0            0    112270016       108796     14314260    0    0    16   104 3797 6686   3   1  97   0   0 2026-09-21 16:43:53
   1    0            0    112206832       108816     14314392    0    0    20     0 3713 6871   3   0  97   0   0 2026-09-21 16:43:54
--procs-- -----------------------memory---------------------- ---swap-- -----io---- -system-- --------cpu-------- -----timestamp-----
   r    b         swpd         free         buff        cache   si   so    bi    bo   in   cs  us  sy  id  wa  st                 KST
   1    0            0    112203328       108832     14314536    0    0    16     0 3666 6976   3   0  97   0   0 2026-09-21 16:43:55
   1    0            0    112203584       108856     14314544    0    0    24    50 3611 6411   3   0  97   0   0 2026-09-21 16:43:56
   2    0            0    111930952       108880     14314676    0    0    24     4 4052 7285   3   1  97   0   0 2026-09-21 16:43:57
   2    0            0    110557416       108904     15666068    0    0    20   316 3836 6591   2   1  97   0   0 2026-09-21 16:43:58
   1    0            0    106290272       108928     19927280    0    0    24     0 3777 6921   0   3  97   0   0 2026-09-21 16:43:59
  18    0            0    103403936       108972     22722252    0    0    44     8 8382 6790  12   3  86   0   0 2026-09-21 16:44:00
   1    0            0    103328480       108972     22722844    0    0     0    52 9204 12949   5   1  94   0   0 2026-09-21 16:44:01
   0    0            0    103328464       108992     22722856    0    0    24     8 6858 13970   1   0  99   0   0 2026-09-21 16:44:02
   1    0            0    103102528       109048     22722948    0    0    40   312 7621 14533   3   0  97   0   0 2026-09-21 16:44:03
   2    0            0    103101360       109060     22723008    0    0    12     0 7966 15406   3   0  97   0   0 2026-09-21 16:44:04
   5    0            0    103098864       109088     22723160    0    0    28     0 11177 14706  11   1  88   0   0 2026-09-21 16:44:05
   5    0            0    103084480       109124     22723232    0    0    36    52 12285 15127  13   2  85   0   0 2026-09-21 16:44:06
   1    0            0    103087856       109152     22723348    0    0    28     4 11489 15118  12   2  87   0   0 2026-09-21 16:44:07
   2    0            0    103097024       109172     22723432    0    0    12   236 7734 14233   3   0  97   0   0 2026-09-21 16:44:08
   1    0            0    103105600       109224     22723544    0    0    52     4 8432 15427   3   0  96   0   0 2026-09-21 16:44:09
   4    0            0    103045808       109268     22724608    0    0    48 1807360 13614 20008   4   1  92   3   0 2026-09-21 16:44:10
   5    0            0    103055280       109304     22724832    0    0    36 240860 13696 17402  12   2  86   1   0 2026-09-21 16:44:11
   5    0            0    103039872       109340     22724992    0    0    36     0 12170 15649  13   2  85   0   0 2026-09-21 16:44:12
   1    0            0    103044048       109372     22725104    0    0    24 219788 12140 15931  11   2  87   1   0 2026-09-21 16:44:13
   1    4            0    103049856       109424     22725656    0    0    52 619520 12187 18414   6   2  90   2   0 2026-09-21 16:44:14
   4    0            0    103065136       109452     22725800    0    0    28 185376 11316 16383  10   1  89   1   0 2026-09-21 16:44:15
--procs-- -----------------------memory---------------------- ---swap-- -----io---- -system-- --------cpu-------- -----timestamp-----
   r    b         swpd         free         buff        cache   si   so    bi    bo   in   cs  us  sy  id  wa  st                 KST
   5    0            0    103064000       109560     22726308    0    0    88 1024004 14454 19350  10   1  87   2   0 2026-09-21 16:44:16
   5    0            0    103065288       109644     22726548    0    0    84   216 12244 15906  13   2  85   0   0 2026-09-21 16:44:17
   6    0            0    103068912       109688     22726660    0    0    36  1660 12158 15348  13   2  85   0   0 2026-09-21 16:44:18
   1    4            0    103055008       109760     22727112    0    0    64 409604 12244 17026  10   2  88   1   0 2026-09-21 16:44:19
   5    0            0    103047344       109832     22727504    0    0    12 614400 11610 17270   7   2  89   2   0 2026-09-21 16:44:20
   5    0            0    103048784       109868     22727648    0    0    36    24 11183 15106  12   0  88   0   0 2026-09-21 16:44:21
   5    0            0    103033320       110216     22728356    0    0    64 1024052 14905 19445  10   1  87   2   0 2026-09-21 16:44:22
   5    0            0    103035760       110260     22728532    0    0    36   752 13599 16482  13   2  85   0   0 2026-09-21 16:44:23
   5    0            0    103036048       110316     22728736    0    0    56   176 14033 18815  13   2  85   0   0 2026-09-21 16:44:24
   3    0            0    103036320       110516     22729080    0    0    56 462848 13245 19218   9   2  88   1   0 2026-09-21 16:44:25
   5    0            0    103030720       110840     22729656    0    0   188 561814 12677 18744   7   2  89   2   0 2026-09-21 16:44:26
   5    0            0    103030688       110848     22729776    0    0     8    32 12781 15404  11   0  88   0   0 2026-09-21 16:44:27
   5    0            0    103027304       111352     22730412    0    0   228 1025652 14608 20218  10   1  87   2   0 2026-09-21 16:44:28
   5    0            0    103029064       111372     22730492    0    0    20     0 12260 15441  13   2  85   0   0 2026-09-21 16:44:29
   5    0            0    103027336       111452     22730540    0    0    80   324 12448 15825  13   2  85   0   0 2026-09-21 16:44:30
   5    0            0    103033120       111756     22730788    0    0   188 485376 13007 17274   8   2  88   1   0 2026-09-21 16:44:31
   4    0            0    103033840       111948     22731412    0    0    52 538624 12731 17533   8   2  89   2   0 2026-09-21 16:44:32
   4    0            0    103034624       111988     22731496    0    0    32   676 12471 15612  11   0  88   0   0 2026-09-21 16:44:33
   5    0            0    103036160       112284     22732256    0    0    60 1024004 14856 17821  10   1  87   2   0 2026-09-21 16:44:34
  10    0            0    103039256       112300     22732292    0    0    16   184 14237 16564  14   2  84   0   0 2026-09-21 16:44:35
   6    0            0    103041216       112340     22732452    0    0    40     8 12931 15077  13   2  85   0   0 2026-09-21 16:44:36
--procs-- -----------------------memory---------------------- ---swap-- -----io---- -system-- --------cpu-------- -----timestamp-----
   r    b         swpd         free         buff        cache   si   so    bi    bo   in   cs  us  sy  id  wa  st                 KST
   6    0            0    103041696       112504     22732600    0    0    48 399360 12237 16857   9   2  88   1   0 2026-09-21 16:44:37
   1    0            0    103041120       112704     22732996    0    0    36 603688 11655 18013   6   2  90   2   0 2026-09-21 16:44:38
   4    0            0    103041128       112736     22733172    0    0    32 22600 11862 15591  11   0  88   0   0 2026-09-21 16:44:39
   5    0            0    103028416       113112     22733828    0    0    44 1024004 13807 18872  10   1  87   2   0 2026-09-21 16:44:40
   5    0            0    103029456       113132     22733872    0    0    20   168 11739 14549  13   2  86   0   0 2026-09-21 16:44:41
   7    0            0    103031616       113148     22733936    0    0    16     0 12380 14986  13   2  85   0   0 2026-09-21 16:44:42
   1    4            0    103032144       113228     22734156    0    0    44 283208 13184 15799  10   2  87   1   0 2026-09-21 16:44:43
   4    0            0    103037672       113356     22734524    0    0    32 559104 11798 17360   7   2  90   2   0 2026-09-21 16:44:44
   4    0            0    103036440       113420     22734692    0    0    24 182352 10956 15552  10   1  89   1   0 2026-09-21 16:44:45
   6    0            0    103042288       113688     22735376    0    0    24 1024000 14399 18833  10   1  88   2   0 2026-09-21 16:44:46
   5    0            0    103040160       113716     22735408    0    0    28   608 12289 15921  13   2  85   0   0 2026-09-21 16:44:47
   5    0            0    103040336       113748     22735500    0    0    20  1684 12123 15215  13   2  86   0   0 2026-09-21 16:44:48
   1    0            0    103039360       113820     22735596    0    0    48 98304 12194 16530  12   2  86   0   0 2026-09-21 16:44:49
   1    0            0    103037600       114028     22736048    0    0    64 588800 11524 17851   6   2  90   2   0 2026-09-21 16:44:50
   4    0            0    103040096       114156     22736352    0    0    32 336924 11933 17435   9   1  89   1   0 2026-09-21 16:44:51
   3    4            0    103041200       114212     22736308    0    0    20 124932 12304 15836  11   0  88   0   0 2026-09-21 16:44:52
   5    0            0    103040048       114540     22737092    0    0    68 900764 14496 19125  11   2  86   2   0 2026-09-21 16:44:53
   5    0            0    103039056       114560     22737196    0    0    20     0 13312 16007  13   2  86   0   0 2026-09-21 16:44:54
   5    0            0    103038808       114584     22737276    0    0    24     4 13960 15737  13   2  85   0   0 2026-09-21 16:44:55
   2    0            0    103037112       114828     22737560    0    0   132 478089 12441 17811   8   2  89   2   0 2026-09-21 16:44:56
   4    0            0    103014800       115008     22737876    0    0    68 547840 11972 18158   7   2  89   2   0 2026-09-21 16:44:57
--procs-- -----------------------memory---------------------- ---swap-- -----io---- -system-- --------cpu-------- -----timestamp-----
   r    b         swpd         free         buff        cache   si   so    bi    bo   in   cs  us  sy  id  wa  st                 KST
   6    0            0    103016896       115040     22738012    0    0    16   640 10656 14782  12   0  88   0   0 2026-09-21 16:44:58
   7    0            0    103018328       115340     22738628    0    0    16 1024392 14514 18709  10   1  86   2   0 2026-09-21 16:44:59
   5    0            0    103020672       115344     22738644    0    0     4     4 12315 15701  13   2  85   0   0 2026-09-21 16:45:00
   5    0            0    103023144       115352     22738728    0    0     8     0 12143 15028  13   2  85   0   0 2026-09-21 16:45:01
   5    0            0    103022752       115532     22738892    0    0    44 352256 12355 17390  10   2  87   1   0 2026-09-21 16:45:02
   5    0            0    103023600       115756     22739460    0    0    60 601856 11609 17725   6   2  90   2   0 2026-09-21 16:45:03
   4    0            0    102999600       115796     22739588    0    0    40 71272 12404 16127  11   1  88   0   0 2026-09-21 16:45:04
   5    0            0    102998656       116164     22740064    0    0    44 1024000 14313 19271  10   1  87   2   0 2026-09-21 16:45:05
   5    0            0    103001280       116248     22740420    0    0    84     0 12569 15527  13   2  85   0   0 2026-09-21 16:45:06
   5    0            0    103015216       116272     22740504    0    0    24     0 12473 15407  13   2  85   0   0 2026-09-21 16:45:07
   2    4            0    103014208       116336     22740504    0    0    12 127596 12363 16157  12   2  86   0   0 2026-09-21 16:45:08
   4    0            0    103013920       116508     22740912    0    0    52 552764 11964 18379   7   2  90   2   0 2026-09-21 16:45:09
   4    0            0    103012912       116604     22741212    0    0    40 345088 11416 16428   8   1  89   1   0 2026-09-21 16:45:10
   4    0            0    103015040       116648     22741296    0    0    44    12 10898 15143  12   0  88   0   0 2026-09-21 16:45:11
   6    0            0    103014432       116976     22741920    0    0    60 1024000 14693 19923  10   2  86   2   0 2026-09-21 16:45:12
   7    0            0    103014080       117036     22741944    0    0    52   680 12546 15817  13   2  85   0   0 2026-09-21 16:45:13
   5    0            0    103012856       117068     22742124    0    0    28   684 12223 15558  13   2  85   0   0 2026-09-21 16:45:14
   1    4            0    103015160       117212     22742444    0    0    32 423088 11918 17341   8   2  89   1   0 2026-09-21 16:45:15
   7    1            0    103014448       117388     22742792    0    0    52 534532 11596 17827   7   2  90   2   0 2026-09-21 16:45:16
   4    0            0    103018328       117404     22742908    0    0    16 66564 11149 15082  11   0  88   0   0 2026-09-21 16:45:17
   6    0            0    103017264       117692     22743528    0    0    52 1024396 13790 18417  10   1  87   2   0 2026-09-21 16:45:18
--procs-- -----------------------memory---------------------- ---swap-- -----io---- -system-- --------cpu-------- -----timestamp-----
   r    b         swpd         free         buff        cache   si   so    bi    bo   in   cs  us  sy  id  wa  st                 KST
   5    0            0    103016512       117756     22743620    0    0    64   352 12148 15376  13   2  86   0   0 2026-09-21 16:45:19
   5    0            0    103015264       117804     22743740    0    0    48   208 12551 15934  13   2  85   0   0 2026-09-21 16:45:20
   2    0            0    102998656       117868     22743772    0    0    24 165888 12177 15542  12   2  86   1   0 2026-09-21 16:45:21
   6    0            0    102996936       118120     22744248    0    0    56 617472 11905 18096   7   2  90   2   0 2026-09-21 16:45:22
   4    0            0    102995720       118216     22744552    0    0    24 241420 11245 15585  10   1  88   1   0 2026-09-21 16:45:23
   1    4            0    103006208       118396     22744528    0    0    44 294632 11933 16201  11   0  88   1   0 2026-09-21 16:45:24
   5    1            0    103004064       118568     22745348    0    0    32 730112 14244 19138  11   2  86   2   0 2026-09-21 16:45:25
   5    0            0    103003296       118584     22745488    0    0    16  2523 12106 15075  13   2  85   0   0 2026-09-21 16:45:26
   5    0            0    103003680       118624     22745536    0    0    40     0 11820 15149  13   2  85   0   0 2026-09-21 16:45:27
   3    3            0    103001232       118788     22745868    0    0    28 472584 11915 17303   8   2  89   1   0 2026-09-21 16:45:28
   2    2            0    102999552       118968     22746284    0    0    20 507368 12761 18217   8   2  89   1   0 2026-09-21 16:45:29
   4    0            0    102996576       119008     22746492    0    0    36 36864 11739 16066  12   0  88   0   0 2026-09-21 16:45:30
   5    0            0    103002832       119300     22747004    0    0    64 1032408 14196 19464  10   1  87   2   0 2026-09-21 16:45:31
   5    0            0    102985640       119336     22747092    0    0    36     0 12142 15793  13   2  85   0   0 2026-09-21 16:45:32
   5    0            0    102985392       119376     22747164    0    0    28   796 12435 15481  13   2  85   0   0 2026-09-21 16:45:33
   1    3            0    102986080       119512     22747176    0    0    52 215800 11991 16134  11   2  87   1   0 2026-09-21 16:45:34
   5    0            0    102989304       119620     22747640    0    0    12 532480 11618 18008   6   2  90   2   0 2026-09-21 16:45:35
   4    0            0    102990160       119724     22747864    0    0    48 276480 11548 16263  10   1  88   1   0 2026-09-21 16:45:36
   4    2            0    102985088       119856     22747928    0    0    24 348332 11738 16108  11   0  88   1   0 2026-09-21 16:45:37
   6    0            0    102989848       120072     22748488    0    0    32 676584 14012 18038  11   2  86   1   0 2026-09-21 16:45:38
   6    0            0    102990544       120096     22748572    0    0    24     0 12285 15646  13   2  86   0   0 2026-09-21 16:45:39
--procs-- -----------------------memory---------------------- ---swap-- -----io---- -system-- --------cpu-------- -----timestamp-----
   r    b         swpd         free         buff        cache   si   so    bi    bo   in   cs  us  sy  id  wa  st                 KST
   5    0            0    102991416       120128     22748676    0    0    32   708 12041 15328  13   2  85   0   0 2026-09-21 16:45:40
   2    0            0    102994288       120224     22749028    0    0     4 472064 12042 16586   8   2  88   1   0 2026-09-21 16:45:41
   4    0            0    102994208       120384     22749280    0    0    24 551128 11982 17919   7   2  90   1   0 2026-09-21 16:45:42
   5    0            0    102995296       120416     22749284    0    0    20  1488 10934 14884  12   0  88   0   0 2026-09-21 16:45:43
   1    0            0    102994976       120696     22749844    0    0    16 1024000 12134 18847   7   1  91   2   0 2026-09-21 16:45:44
   1    0            0    102994688       120708     22749932    0    0    12   412 7505 15065   1   1  98   0   0 2026-09-21 16:45:45
   2    0            0    103000568       120848     22750052    0    0   208     0 8836 15899   2   1  97   0   0 2026-09-21 16:45:46
   1    0            0    102997408       120872     22750124    0    0    24     0 7523 14931   1   1  97   0   0 2026-09-21 16:45:47
   1    0            0    102999512       120896     22750244    0    0    12  1116 7501 15066   1   1  98   0   0 2026-09-21 16:45:48
   1    0            0    102983128       120908     22750360    0    0    12     0 7581 15330   1   1  97   0   0 2026-09-21 16:45:49
   2    0            0    102984928       120932     22750400    0    0    24   456 7319 14788   1   1  98   0   0 2026-09-21 16:45:50
   1    0            0    102986776       120952     22750452    0    0    20     0 7575 15167   1   1  98   0   0 2026-09-21 16:45:51
   1    0            0    102989336       120976     22750560    0    0    24     0 7522 15523   1   1  98   0   0 2026-09-21 16:45:52
   1    0            0    103000336       120996     22750640    0    0    12    52 7625 15155   1   1  97   0   0 2026-09-21 16:45:53
   1    0            0    103001008       121004     22750760    0    0     8   164 7726 15143   1   1  98   0   0 2026-09-21 16:45:54
   2    0            0    103000840       121012     22750848    0    0     8    48 7422 15027   1   1  97   0   0 2026-09-21 16:45:55
   1    0            0    102999360       121036     22750908    0    0    24  2526 7405 14538   1   1  97   0   0 2026-09-21 16:45:56
   1    0            0    102998152       121044     22751028    0    0     8     0 7208 14548   1   1  98   0   0 2026-09-21 16:45:57
   1    0            0    102996192       121060     22751092    0    0     8    68 7537 15268   1   1  97   0   0 2026-09-21 16:45:58
   0    0            0    103000560       121080     22751176    0    0    20     0 7436 14798   1   1  98   0   0 2026-09-21 16:45:59
   2    0            0    102999304       121104     22751212    0    0    24   192 7371 14702   1   1  97   0   0 2026-09-21 16:46:00
--procs-- -----------------------memory---------------------- ---swap-- -----io---- -system-- --------cpu-------- -----timestamp-----
   r    b         swpd         free         buff        cache   si   so    bi    bo   in   cs  us  sy  id  wa  st                 KST
   1    0            0    102997128       121116     22751292    0    0    12    56 7376 14999   1   1  98   0   0 2026-09-21 16:46:01
   1    0            0    102996880       121132     22751368    0    0    16     0 7273 14991   1   1  98   0   0 2026-09-21 16:46:02
   1    0            0    102995368       121156     22751444    0    0    16    76 7203 14387   1   1  98   0   0 2026-09-21 16:46:03
   1    0            0    102995024       121168     22751536    0    0    12     0 7668 15250   1   1  97   0   0 2026-09-21 16:46:04
   3    0            0    102996256       121204     22751620    0    0    36   204 7458 14937   1   1  98   0   0 2026-09-21 16:46:05
   2    0            0    102995248       121212     22751712    0    0     8     0 7334 14732   1   1  98   0   0 2026-09-21 16:46:06
   1    0            0    102995056       121240     22751776    0    0    28    56 7449 15433   1   1  97   0   0 2026-09-21 16:46:07
   3    0            0    102993296       121264     22751876    0    0    16    56 7234 14729   1   1  98   0   0 2026-09-21 16:46:08
   1    0            0    102997312       121284     22751928    0    0    20     0 7756 15489   1   1  97   0   0 2026-09-21 16:46:09
   1    0            0    102996592       121428     22752016    0    0   144     0 7449 14789   1   1  98   0   0 2026-09-21 16:46:10
   1    0            0    102995864       121452     22752148    0    0    24   216 7585 15013   1   1  97   0   0 2026-09-21 16:46:11
   2    0            0    102994888       121476     22752244    0    0    24    36 7524 15400   1   1  97   0   0 2026-09-21 16:46:12
   1    0            0    102995144       121512     22752280    0    0    28    64 7393 15011   1   1  97   0   0 2026-09-21 16:46:13
   2    0            0    103000096       121532     22752360    0    0    20     0 7536 15170   1   1  97   0   0 2026-09-21 16:46:14
   0    0            0    103004240       121536     22752448    0    0     4     0 7451 15246   1   1  98   0   0 2026-09-21 16:46:15
   1    0            0    103000272       121548     22752520    0    0    12   180 7368 14492   1   1  97   0   0 2026-09-21 16:46:16
   0    0            0    103000784       121572     22752588    0    0    24    44 7654 15400   1   1  98   0   0 2026-09-21 16:46:17
   0    0            0    103000032       121608     22752672    0    0    28    88 7281 14683   1   1  98   0   0 2026-09-21 16:46:18
   0    0            0    102999776       121636     22752756    0    0    28     0 7529 15314   1   1  97   0   0 2026-09-21 16:46:19
   0    0            0    103004352       121660     22752888    0    0    24     0 7258 14633   1   1  97   0   0 2026-09-21 16:46:20
   0    0            0    103007616       121672     22752932    0    0    12     0 7572 14717   1   1  98   0   0 2026-09-21 16:46:21
--procs-- -----------------------memory---------------------- ---swap-- -----io---- -system-- --------cpu-------- -----timestamp-----
   r    b         swpd         free         buff        cache   si   so    bi    bo   in   cs  us  sy  id  wa  st                 KST
   0    0            0    103004128       121712     22752940    0    0    40     0 7590 15314   1   1  97   0   0 2026-09-21 16:46:22
   0    0            0    103000192       121908     22753012    0    0   188   332 7619 14879   1   1  98   0   0 2026-09-21 16:46:23
   0    0            0    102999936       121956     22753148    0    0    48     0 7662 15567   1   1  97   0   0 2026-09-21 16:46:24
   0    0            0    102999184       121992     22753216    0    0    36     4 7499 15175   1   1  98   0   0 2026-09-21 16:46:25
   2    0            0    102998480       122064     22753308    0    0    72     0 7416 15141   1   1  98   0   0 2026-09-21 16:46:26
   2    0            0    102997312       122204     22753492    0    0   140  2003 7721 15307   1   1  97   0   0 2026-09-21 16:46:27
   2    0            0    102993840       122232     22753556    0    0    20   148 7250 14142   1   1  98   0   0 2026-09-21 16:46:28
   2    0            0    102994352       122240     22753620    0    0     8   192 7550 14914   1   1  98   0   0 2026-09-21 16:46:29
   1    0            0    102993344       122256     22753632    0    0    16     0 7532 14783   1   1  97   0   0 2026-09-21 16:46:30
   0    0            0    102992592       122268     22753716    0    0    12     4 7218 14490   1   1  98   0   0 2026-09-21 16:46:31
   1    0            0    102991624       122284     22753796    0    0    16     0 7302 14806   1   1  98   0   0 2026-09-21 16:46:32
   0    0            0    102990144       122300     22753928    0    0     8   136 7490 15004   1   1  97   0   0 2026-09-21 16:46:33
   0    0            0    102997032       122436     22753940    0    0   136     0 7460 14799   1   1  98   0   0 2026-09-21 16:46:34
   1    0            0    102996416       122472     22753960    0    0    40   220 7634 15153   1   1  97   0   0 2026-09-21 16:46:35
   1    0            0    102995184       122620     22754128    0    0   148     0 7346 14886   1   1  97   0   0 2026-09-21 16:46:36
   1    0            0    102994008       123268     22754740    0    0   844     8 7661 15052   1   1  97   0   0 2026-09-21 16:46:37
   0    0            0    102993792       123328     22754852    0    0    52   120 7536 15184   1   1  97   0   0 2026-09-21 16:46:38
   2    0            0    102993368       123344     22754972    0    0    16     0 7480 14756   1   1  97   0   0 2026-09-21 16:46:39
   0    0            0    102993120       123380     22755028    0    0    36   352 7467 14740   1   1  97   0   0 2026-09-21 16:46:40
   2    0            0    102992144       123392     22755120    0    0    12     0 7459 15012   1   1  98   0   0 2026-09-21 16:46:41
   2    0            0    102990624       123424     22755196    0    0    32     0 7280 14947   1   1  98   0   0 2026-09-21 16:46:42
--procs-- -----------------------memory---------------------- ---swap-- -----io---- -system-- --------cpu-------- -----timestamp-----
   r    b         swpd         free         buff        cache   si   so    bi    bo   in   cs  us  sy  id  wa  st                 KST
   3    0            0    102992704       123516     22755328    0    0    60   384 7637 15256   1   1  98   0   0 2026-09-21 16:46:43
   2    0            0    102993384       123544     22755396    0    0    28     8 7373 14861   1   1  98   0   0 2026-09-21 16:46:44
   1    0            0    102992672       123704     22755520    0    0   160     0 7584 15171   1   1  97   0   0 2026-09-21 16:46:45
   2    0            0    103000880       123732     22755556    0    0    20   172 8885 16180   2   1  97   0   0 2026-09-21 16:46:46
   0    0            0    102999624       123752     22755676    0    0    20     0 7474 14574   1   1  97   0   0 2026-09-21 16:46:47
   1    0            0    102999624       123768     22755712    0    0     8    44 7332 14785   1   1  97   0   0 2026-09-21 16:46:48
   1    0            0    102998392       123792     22755824    0    0    24    84 7217 14546   1   1  98   0   0 2026-09-21 16:46:49
   0    0            0    103003128       123808     22755920    0    0    16     0 7494 14928   1   1  97   0   0 2026-09-21 16:46:50
   0    0            0    103001920       123816     22756036    0    0     8   632 7577 14598   1   1  98   0   0 2026-09-21 16:46:51
   0    0            0    103000944       123848     22756112    0    0    32     4 7541 14829   1   1  98   0   0 2026-09-21 16:46:52
   1    0            0    103000448       124012     22756192    0    0   156    72 7188 14402   1   1  98   0   0 2026-09-21 16:46:53
   1    1            0    102999584       124028     22756280    0    0    16    76 7259 14609   1   1  98   0   0 2026-09-21 16:46:54
   3    0            0    103002856       124056     22756388    0    0    28     0 7817 15339   1   1  97   0   0 2026-09-21 16:46:55
   2    0            0    102999864       124072     22756508    0    0    16     0 7603 15020   1   1  97   0   0 2026-09-21 16:46:56
   1    0            0    102999624       124092     22756628    0    0    20   209 7687 15424   1   1  97   0   0 2026-09-21 16:46:57
   1    0            0    102998144       124128     22756668    0    0    28    56 7490 14852   1   1  98   0   0 2026-09-21 16:46:58
   2    0            0    102997920       124140     22756868    0    0    12    48 7549 15272   1   1  98   0   0 2026-09-21 16:46:59
   0    0            0    102998000       124176     22756936    0    0    36     0 7274 14665   1   1  98   0   0 2026-09-21 16:47:00
   0    0            0    103000832       124208     22757004    0    0    32     0 7560 15317   1   1  98   0   0 2026-09-21 16:47:01
   0    0            0    102999512       124240     22757092    0    0    32     0 7353 15029   1   1  97   0   0 2026-09-21 16:47:02
   2    0            0    102997728       124268     22757208    0    0    20    60 7365 15034   1   1  98   0   0 2026-09-21 16:47:03
--procs-- -----------------------memory---------------------- ---swap-- -----io---- -system-- --------cpu-------- -----timestamp-----
   r    b         swpd         free         buff        cache   si   so    bi    bo   in   cs  us  sy  id  wa  st                 KST
   0    0            0    102996528       124292     22757368    0    0    24   204 7654 15479   1   1  97   0   0 2026-09-21 16:47:04
   0    0            0    102996232       124308     22757456    0    0    16    44 7529 15132   1   1  98   0   0 2026-09-21 16:47:05
   2    0            0    102995536       124324     22757516    0    0    16     0 7421 15019   1   1  98   0   0 2026-09-21 16:47:06
   1    0            0    102995056       124348     22757624    0    0    24     0 7460 15057   1   1  98   0   0 2026-09-21 16:47:07
   1    0            0    102995312       124372     22757704    0    0    16    68 7804 15171   1   1  97   0   0 2026-09-21 16:47:08
   0    0            0    102993328       124388     22757796    0    0    16   204 7668 15093   1   1  98   0   0 2026-09-21 16:47:09
   0    0            0    102989856       124396     22757828    0    0     8    60 7447 14947   1   1  98   0   0 2026-09-21 16:47:10
   0    0            0    102958384       124412     22757980    0    0    16     0 7564 14764   1   1  97   0   0 2026-09-21 16:47:11
   0    0            0    102957888       124424     22758064    0    0    12     0 7858 16058   1   1  97   0   0 2026-09-21 16:47:12
   1    0            0    102971856       124440     22758224    0    0     8    68 7575 15133   1   1  98   0   0 2026-09-21 16:47:13
   0    0            0    102970872       124452     22758368    0    0    12     0 7449 15189   1   1  98   0   0 2026-09-21 16:47:14
   0    0            0    102970112       124472     22758484    0    0    20    68 7364 14577   1   1  98   0   0 2026-09-21 16:47:15
   0    0            0    102969616       124508     22758564    0    0    36   164 7221 14049   1   1  98   0   0 2026-09-21 16:47:16
   2    0            0    102943952       124528     22758748    0    0    20     4 7695 15357   2   1  97   0   0 2026-09-21 16:47:17
   1    0            0    102946000       124552     22758832    0    0    16    76 7472 14916   1   1  98   0   0 2026-09-21 16:47:18
   1    0            0    102948600       124564     22758912    0    0    12     0 7725 15134   1   1  97   0   0 2026-09-21 16:47:19
   1    0            0    102953376       124580     22759016    0    0    16    72 7430 15086   1   1  98   0   0 2026-09-21 16:47:20
   3    0            0    102961904       124612     22759136    0    0    32     0 7541 15005   1   1  98   0   0 2026-09-21 16:47:21
   1    0            0    102963360       124636     22759216    0    0    24   172 7561 15097   1   1  97   0   0 2026-09-21 16:47:22
   1    0            0    102964192       124660     22759300    0    0    16    56 7426 14786   1   1  98   0   0 2026-09-21 16:47:23
   1    0            0    102966688       124684     22759292    0    0    24     0 7369 14884   1   1  98   0   0 2026-09-21 16:47:24
--procs-- -----------------------memory---------------------- ---swap-- -----io---- -system-- --------cpu-------- -----timestamp-----
   r    b         swpd         free         buff        cache   si   so    bi    bo   in   cs  us  sy  id  wa  st                 KST
   1    0            0    102948416       124720     22759324    0    0    36     4 7613 15278   1   1  97   0   0 2026-09-21 16:47:25
   1    0            0    102952656       124740     22759356    0    0    20    52 7699 15305   1   1  98   0   0 2026-09-21 16:47:26
   0    0            0    102957008       124772     22759516    0    0    32     2 7687 15377   1   1  97   0   0 2026-09-21 16:47:27
   0    0            0    102968944       124800     22759588    0    0    20    64 7636 14817   1   1  98   0   0 2026-09-21 16:47:28
   1    0            0    102970848       124840     22759800    0    0    40     0 7569 14807   1   1  98   0   0 2026-09-21 16:47:29
   2    0            0    102971072       124864     22759896    0    0    24   176 7761 15554   1   1  97   0   0 2026-09-21 16:47:30
   1    0            0    102949376       124892     22759908    0    0    24    40 7627 14908   1   1  98   0   0 2026-09-21 16:47:31
   0    0            0    102952632       124912     22760040    0    0    20     4 7557 15166   1   1  98   0   0 2026-09-21 16:47:32
   0    0            0    102955712       124940     22760060    0    0    20   152 7587 14632   1   1  97   0   0 2026-09-21 16:47:33
   0    0            0    102979216       124956     22760196    0    0    16     0 7713 15146   1   1  98   0   0 2026-09-21 16:47:34
   0    0            0    102974976       124984     22760316    0    0    92     0 7933 15279   1   1  97   0   0 2026-09-21 16:47:35
   1    0            0    102975664       125008     22760440    0    0    24   240 7519 14676   1   1  98   0   0 2026-09-21 16:47:36
   1    0            0    102974656       125048     22760556    0    0    40     0 7785 15600   1   1  98   0   0 2026-09-21 16:47:37
   0    0            0    102975232       125092     22760580    0    0    36    60 7399 15024   1   1  98   0   0 2026-09-21 16:47:38
   1    0            0    102975504       125128     22760680    0    0    36     0 7595 15241   1   1  98   0   0 2026-09-21 16:47:39
   2    0            0    102975016       125148     22760800    0    0    20     0 7366 14374   1   1  98   0   0 2026-09-21 16:47:40
   1    0            0    102975888       125160     22760944    0    0    12     0 7601 14868   1   1  98   0   0 2026-09-21 16:47:41
   1    0            0    102975416       125184     22760956    0    0    24   212 7295 14513   1   1  98   0   0 2026-09-21 16:47:42
   1    0            0    102975192       125224     22761036    0    0    32    80 7693 15225   1   1  97   0   0 2026-09-21 16:47:43
   1    0            0    102974688       125244     22761088    0    0    20     4 7704 15545   1   1  98   0   0 2026-09-21 16:47:44
   0    0            0    102973424       125264     22761236    0    0    20     0 7729 15369   1   1  97   0   0 2026-09-21 16:47:45
--procs-- -----------------------memory---------------------- ---swap-- -----io---- -system-- --------cpu-------- -----timestamp-----
   r    b         swpd         free         buff        cache   si   so    bi    bo   in   cs  us  sy  id  wa  st                 KST
   1    0            0    102975960       125300     22761352    0    0    36     0 8834 16377   1   1  97   0   0 2026-09-21 16:47:46
   1    0            0    102975584       125316     22761516    0    0    16     0 7962 15652   1   1  97   0   0 2026-09-21 16:47:47
   0    0            0    102974832       125336     22761560    0    0    12   728 7344 14203   1   1  98   0   0 2026-09-21 16:47:48
   1    0            0    102973928       125356     22761636    0    0    20     0 7476 15065   1   1  98   0   0 2026-09-21 16:47:49
   1    0            0    102973984       125376     22761708    0    0    20     0 7507 15237   1   1  97   0   0 2026-09-21 16:47:50
   1    0            0    102974576       125396     22761792    0    0    20     4 7229 14355   1   1  98   0   0 2026-09-21 16:47:51
   1    0            0    102982448       125420     22761852    0    0    24     8 7545 15341   1   1  98   0   0 2026-09-21 16:47:52
   2    0            0    102981328       125448     22761952    0    0    20   188 7367 14526   1   1  97   0   0 2026-09-21 16:47:53
   1    0            0    102980688       125460     22761976    0    0    12   204 7484 15083   1   1  98   0   0 2026-09-21 16:47:54
   1    0            0    102980768       125468     22762008    0    0     8     0 7404 14576   1   1  98   0   0 2026-09-21 16:47:55
   2    0            0    102980768       125480     22762072    0    0    12     4 7116 14098   1   1  98   0   0 2026-09-21 16:47:56
   0    0            0    102980032       125492     22762192    0    0    12     0 7554 15338   1   1  98   0   0 2026-09-21 16:47:57
   0    0            0    102979536       125516     22762184    0    0    16    92 7286 14888   1   1  98   0   0 2026-09-21 16:47:58
   0    0            0    102980336       125520     22762192    0    0     4     0 7394 15069   1   1  98   0   0 2026-09-21 16:47:59
   1    0            0    102978576       125520     22762248    0    0     0   204 7350 14540   1   1  97   0   0 2026-09-21 16:48:00
   0    0            0    102977608       125524     22762324    0    0     4     0 7149 14075   1   1  98   0   0 2026-09-21 16:48:01
   0    0            0    102977392       125540     22762440    0    0    20     4 7285 14557   1   1  98   0   0 2026-09-21 16:48:02
   0    0            0    102977416       125552     22762476    0    0     4   116 7492 14882   1   1  98   0   0 2026-09-21 16:48:03
   0    0            0    102977168       125568     22762472    0    0    16    44 7403 14999   1   1  98   0   0 2026-09-21 16:48:04
   1    0            0    102980464       125576     22762580    0    0   100     0 7549 14536   1   1  98   0   0 2026-09-21 16:48:05
   1    0            0    102979464       125580     22762588    0    0     4     0 7235 14391   1   1  98   0   0 2026-09-21 16:48:06
--procs-- -----------------------memory---------------------- ---swap-- -----io---- -system-- --------cpu-------- -----timestamp-----
   r    b         swpd         free         buff        cache   si   so    bi    bo   in   cs  us  sy  id  wa  st                 KST
   2    0            0    102977696       125588     22762664    0    0     8   196 7507 15066   1   1  97   0   0 2026-09-21 16:48:07
   2    0            0    102976976       125596     22762696    0    0     0    60 7244 14354   1   1  98   0   0 2026-09-21 16:48:08
   1    0            0    102976720       125600     22762704    0    0     4     0 7437 14731   1   1  98   0   0 2026-09-21 16:48:09
   1    0            0    102976576       125600     22762736    0    0     0    44 7350 14649   1   1  98   0   0 2026-09-21 16:48:10
   1    0            0    102977848       125600     22762740    0    0     0     0 7335 14582   1   1  98   0   0 2026-09-21 16:48:11
   1    0            0    102977848       125604     22762756    0    0     4     0 7307 14766   1   1  98   0   0 2026-09-21 16:48:12
   0    0            0    102975840       125616     22762744    0    0     4   328 7594 15113   1   1  97   0   0 2026-09-21 16:48:13
   0    0            0    102975776       125616     22762764    0    0     0     0 7349 14455   1   1  98   0   0 2026-09-21 16:48:14
   0    0            0    102974512       125620     22762760    0    0     4    44 7646 15427   1   1  97   0   0 2026-09-21 16:48:15
   1    0            0    102974768       125628     22762796    0    0     8     0 7494 15404   1   1  97   0   0 2026-09-21 16:48:16
   1    0            0    102975232       125628     22762804    0    0     0     4 7366 14434   1   1  98   0   0 2026-09-21 16:48:17
   2    0            0    102974720       125636     22762808    0    0     0    68 7338 14572   1   1  98   0   0 2026-09-21 16:48:18
   1    0            0    102973488       125636     22762812    0    0     0     0 7637 15369   1   1  97   0   0 2026-09-21 16:48:19
   1    0            0    102972272       125772     22762856    0    0   136   216 7405 14709   1   1  97   0   0 2026-09-21 16:48:20
   1    0            0    102971520       125776     22762860    0    0     4     0 7581 15496   1   1  98   0   0 2026-09-21 16:48:21
   1    0            0    102971688       125776     22762864    0    0     0     8 7306 15004   1   1  98   0   0 2026-09-21 16:48:22
   1    0            0    102970936       125788     22762876    0    0     4   104 7572 15715   1   1  97   0   0 2026-09-21 16:48:23
   3    0            0    102973672       125800     22762904    0    0    12     0 7636 15444   1   1  97   0   0 2026-09-21 16:48:24
   1    0            0    102972448       125800     22762912    0    0     0   240 7635 15149   1   1  98   0   0 2026-09-21 16:48:25
   0    0            0    102972976       125816     22762948    0    0    16     0 7536 15094   1   1  97   0   0 2026-09-21 16:48:26
   1    0            0    102973232       125820     22763036    0    0     4     8 7516 15645   1   1  97   0   0 2026-09-21 16:48:27
--procs-- -----------------------memory---------------------- ---swap-- -----io---- -system-- --------cpu-------- -----timestamp-----
   r    b         swpd         free         buff        cache   si   so    bi    bo   in   cs  us  sy  id  wa  st                 KST
   0    0            0    102972720       125832     22763076    0    0     4    68 7365 15123   1   1  98   0   0 2026-09-21 16:48:28
   1    0            0    102972264       125844     22763168    0    0    12     0 7389 14468   1   1  97   0   0 2026-09-21 16:48:29
   2    0            0    102971016       125852     22763180    0    0     8     0 7399 14482   1   1  97   0   0 2026-09-21 16:48:30
   0    0            0    102958880       136768     22769700    0    0 15440    40 18905 26627   3   3  94   1   0 2026-09-21 16:48:31
   1    0            0    102957008       136768     22771664    0    0     0   188 7629 14907   1   1  97   0   0 2026-09-21 16:48:32
   2    0            0    102960744       136776     22771640    0    0     0   196 7402 14274   1   1  98   0   0 2026-09-21 16:48:33
   2    0            0    102959632       136780     22772648    0    0  1132   180 7419 14666   1   1  98   0   0 2026-09-21 16:48:34
   1    0            0    102958880       136796     22772804    0    0   132     0 7711 14884   1   1  97   0   0 2026-09-21 16:48:35
   2    0            0    102951960       137760     22774840    0    0  2828    44 24341 26101   3   2  95   0   0 2026-09-21 16:48:36
   1    0            0    102913432       137764     22775804    0    0   688     0 8550 16225   2   1  96   0   0 2026-09-21 16:48:37
   1    0            0    102910928       137772     22776112    0    0   248   332 8525 16216   3   1  96   0   0 2026-09-21 16:48:38
   3    0            0    102901440       137780     22776424    0    0   276     0 9119 19322   2   1  96   0   0 2026-09-21 16:48:39
   1    0            0    102896528       137780     22776496    0    0    12     4 8397 17448   2   1  97   0   0 2026-09-21 16:48:40
   1    0            0    102886448       137780     22776860    0    0   360     0 7183 13644   1   1  97   0   0 2026-09-21 16:48:41
   1    0            0    102873160       137780     22776924    0    0    60    44 7612 13652   2   1  97   0   0 2026-09-21 16:48:42
   1    0            0    102871400       137788     22776960    0    0     0   236 7494 14602   1   1  98   0   0 2026-09-21 16:48:43
   1    0            0    102871504       137788     22777188    0    0   136   208 7529 14759   1   1  97   0   0 2026-09-21 16:48:44
   1    0            0    102870432       137788     22777296    0    0     0     0 7329 14314   1   1  98   0   0 2026-09-21 16:48:45
   1    0            0    102869736       137788     22777308    0    0     0     0 7432 14678   1   1  98   0   0 2026-09-21 16:48:46
   1    0            0    102876664       137788     22777340    0    0     4    40 8638 16026   1   1  97   0   0 2026-09-21 16:48:47
   1    0            0    102874768       137796     22777348    0    0     0    68 7337 13944   1   1  98   0   0 2026-09-21 16:48:48
--procs-- -----------------------memory---------------------- ---swap-- -----io---- -system-- --------cpu-------- -----timestamp-----
   r    b         swpd         free         buff        cache   si   so    bi    bo   in   cs  us  sy  id  wa  st                 KST
   0    0            0    102879080       137796     22777356    0    0     0     0 7562 14489   1   1  98   0   0 2026-09-21 16:48:49
   1    0            0    102882440       137796     22777356    0    0     8   672 7484 14120   1   1  98   0   0 2026-09-21 16:48:50
   0    0            0    102880432       137796     22777432    0    0     0     0 7394 14271   1   1  98   0   0 2026-09-21 16:48:51
   1    0            0    102883248       137796     22777468    0    0     0     0 7628 14553   1   1  98   0   0 2026-09-21 16:48:52
   0    0            0    102881104       137804     22777500    0    0     0    96 7326 14189   1   1  98   0   0 2026-09-21 16:48:53
   2    0            0    102653864       137964     22890280    0    0 113500    48 9485 17346   2   2  96   1   0 2026-09-21 16:48:54
   2    0            0    102640032       138012     22892256    0    0   892   428 9038 19257   2   1  96   0   0 2026-09-21 16:48:55
   2    0            0    102625488       138180     22893424    0    0   648    20 9545 21227   2   1  96   0   0 2026-09-21 16:48:56
   1    0            0    102620896       138180     22893432    0    0     0     0 7787 15593   1   1  97   0   0 2026-09-21 16:48:57
   3    0            0    102620960       138192     22893440    0    0     0   332 7648 15412   1   1  97   0   0 2026-09-21 16:48:58
   1    0            0    102620208       138192     22893448    0    0     0   452 7399 14924   1   1  98   0   0 2026-09-21 16:48:59
   1    0            0    102620672       138192     22893524    0    0     0     0 7757 15934   1   1  97   0   0 2026-09-21 16:49:00
   1    0            0    102620720       138192     22893524    0    0     0   356 7637 15559   1   1  97   0   0 2026-09-21 16:49:01
   1    0            0    102620736       138192     22893540    0    0     0     0 7721 15851   1   1  97   0   0 2026-09-21 16:49:02
   0    0            0    102620984       138200     22893544    0    0     0    88 7342 15185   1   1  98   0   0 2026-09-21 16:49:03
   0    0            0    102620992       138200     22893648    0    0     0    36 7673 15978   1   1  97   0   0 2026-09-21 16:49:04
   1    0            0    102620512       138200     22893696    0    0     0     0 7680 15674   1   1  98   0   0 2026-09-21 16:49:05
   1    0            0    102621080       138200     22893732    0    0     0     0 7751 15594   2   1  97   0   0 2026-09-21 16:49:06
   0    0            0    102622464       138200     22893768    0    0     0     0 7951 16316   1   1  97   0   0 2026-09-21 16:49:07
   0    0            0    102623056       138208     22893768    0    0     0   104 7717 15338   1   1  98   0   0 2026-09-21 16:49:08
   1    0            0    102623816       138208     22893812    0    0     0    44 7729 16087   1   1  98   0   0 2026-09-21 16:49:09
--procs-- -----------------------memory---------------------- ---swap-- -----io---- -system-- --------cpu-------- -----timestamp-----
   r    b         swpd         free         buff        cache   si   so    bi    bo   in   cs  us  sy  id  wa  st                 KST
   0    0            0    102623904       138208     22893816    0    0     0     0 8222 16303   1   1  97   0   0 2026-09-21 16:49:10
   1    0            0    102623648       138208     22893824    0    0     0     0 7894 15425   1   1  97   0   0 2026-09-21 16:49:11
   0    0            0    102623056       138208     22893828    0    0     0     0 7537 15482   1   1  98   0   0 2026-09-21 16:49:12
   2    0            0    102622800       138224     22893828    0    0     0    64 7543 15169   1   1  98   0   0 2026-09-21 16:49:13
   2    0            0    102610144       138244     22895680    0    0  1756   248 8070 16151   2   1  97   0   0 2026-09-21 16:49:14
   2    1            0    102412672       138408     22918980    0    0 19788  2040 16696 28694   6   3  91   0   0 2026-09-21 16:49:15
   2    0            0    102400200       138584     22926376    0    0    92  1176 14765 33187   5   2  94   0   0 2026-09-21 16:49:16
   3    0            0    102406240       138596     22930472    0    0   128   164 10744 24139   3   1  96   0   0 2026-09-21 16:49:17
   0    0            0    102379888       138628     22950100    0    0   636   268 13685 41086   4   2  94   0   0 2026-09-21 16:49:18
   3    0            0    102377432       138628     22966956    0    0     0   356 13202 39985   3   2  95   0   0 2026-09-21 16:49:19
   2    0            0    102363456       138636     22984452    0    0     0 50324 12973 36756   4   2  95   0   0 2026-09-21 16:49:20
   2    0            0    102358176       138636     23007536    0    0     0     4 13242 42384   3   2  95   0   0 2026-09-21 16:49:21
   4    0            0    102360744       138636     23026528    0    0    96     0 13410 39497   3   2  95   0   0 2026-09-21 16:49:22
   4    0            0    102332440       138656     23041416    0    0   128   120 13078 36421   3   2  95   0   0 2026-09-21 16:49:23
   3    0            0    102321760       138656     23056716    0    0    32     0 13034 37455   3   2  95   0   0 2026-09-21 16:49:24
   1    0            0    102283968       138664     23071348    0    0   244   164 13715 38639   3   2  95   0   0 2026-09-21 16:49:25
   3    0            0    102270992       138664     23085496    0    0   128     0 13609 34520   3   2  95   0   0 2026-09-21 16:49:26
   0    0            0    102280816       138668     23103324    0    0   580     0 16209 40035   4   2  94   0   0 2026-09-21 16:49:27
   1    0            0    102261200       138680     23120800    0    0     0   324 12222 35607   2   2  96   0   0 2026-09-21 16:49:28
   4    0            0    102211072       138680     23150140    0    0   128     0 14345 48893   4   2  94   0   0 2026-09-21 16:49:29
   2    0            0    101970928       138680     23390520    0    0     0     0 13408 29690   3   2  95   0   0 2026-09-21 16:49:30
--procs-- -----------------------memory---------------------- ---swap-- -----io---- -system-- --------cpu-------- -----timestamp-----
   r    b         swpd         free         buff        cache   si   so    bi    bo   in   cs  us  sy  id  wa  st                 KST
   1    0            0    101946944       138684     23392084    0    0  1472  1000 10445 34105   4   2  94   0   0 2026-09-21 16:49:31
   1    0            0    102168072       138716     23157872    0    0    12 228720 10267 26136   3   2  95   0   0 2026-09-21 16:49:32
   1    0            0    102180944       138736     23157880    0    0     0   256 7864 16059   1   1  97   0   0 2026-09-21 16:49:33
   0    0            0    102191232       138736     23157888    0    0     0     0 7705 15691   1   1  98   0   0 2026-09-21 16:49:34
   0    0            0    102197984       138736     23157888    0    0     0     0 7817 15836   2   1  97   0   0 2026-09-21 16:49:35
   1    0            0    102203400       138736     23157888    0    0     0     0 7608 15390   1   1  98   0   0 2026-09-21 16:49:36
   1    0            0    102221904       138736     23158232    0    0   340    44 8774 18498   2   1  97   0   0 2026-09-21 16:49:37
   1    0            0    102226624       138744     23158232    0    0     0    64 7855 15750   1   1  97   0   0 2026-09-21 16:49:38
   1    0            0    102228752       138744     23158236    0    0     0   216 7691 15809   1   1  97   0   0 2026-09-21 16:49:39
   1    0            0    102235464       138744     23158240    0    0     0     0 7961 15474   1   1  97   0   0 2026-09-21 16:49:40
   1    0            0    102236488       138744     23158272    0    0     0     0 7903 15822   2   1  97   0   0 2026-09-21 16:49:41
   0    0            0    102237240       138744     23158276    0    0     0    36 7380 15633   1   1  98   0   0 2026-09-21 16:49:42
   1    0            0    102239720       138752     23158268    0    0     0    36 7446 15178   1   1  98   0   0 2026-09-21 16:49:43
   1    0            0    102239720       138752     23158284    0    0     0     0 7697 16223   1   1  97   0   0 2026-09-21 16:49:44
   1    0            0    102239088       138752     23158288    0    0     0     0 8064 15920   1   1  97   0   0 2026-09-21 16:49:45
   1    0            0    102243408       138752     23158288    0    0     0     0 7607 14940   1   1  97   0   0 2026-09-21 16:49:46
   0    0            0    102255952       138752     23158308    0    0     0    40 8958 16522   2   1  97   0   0 2026-09-21 16:49:47
   1    0            0    102262560       138760     23158300    0    0     0   116 8086 16595   2   1  97   0   0 2026-09-21 16:49:48
   0    0            0    102262712       138760     23158312    0    0     0     0 7681 15683   1   1  98   0   0 2026-09-21 16:49:49
   0    0            0    102251648       138760     23160212    0    0  1816     0 9058 16694   2   1  97   0   0 2026-09-21 16:49:50
   1    0            0    102255528       138760     23160216    0    0     0     0 7997 15687   2   1  97   0   0 2026-09-21 16:49:51
--procs-- -----------------------memory---------------------- ---swap-- -----io---- -system-- --------cpu-------- -----timestamp-----
   r    b         swpd         free         buff        cache   si   so    bi    bo   in   cs  us  sy  id  wa  st                 KST
   1    0            0    102231952       138760     23160292    0    0    72   540 8481 16780   2   1  97   0   0 2026-09-21 16:49:52
   0    0            0    102237432       138772     23160300    0    0     0   140 7660 14445   1   1  97   0   0 2026-09-21 16:49:53
   1    0            0    102235952       138772     23161040    0    0   732     0 7802 15383   2   1  97   0   0 2026-09-21 16:49:54
   1    0            0    102233840       139044     23160896    0    0   320     0 8933 16156   2   2  97   0   0 2026-09-21 16:49:55
   2    0            0    102230352       139044     23161372    0    0     0     0 7739 15717   1   1  97   0   0 2026-09-21 16:49:56
   1    0            0    102229248       139044     23161384    0    0     0    12 8083 16034   2   1  97   0   0 2026-09-21 16:49:57
   1    0            0    102229264       139052     23161760    0    0   236   144 8168 15520   2   1  97   0   0 2026-09-21 16:49:58
   2    0            0    102232792       139052     23161768    0    0     0   192 7712 15259   2   1  97   0   0 2026-09-21 16:49:59
   1    0            0    102217360       139052     23161788    0    0     0     0 8032 15033   2   1  97   0   0 2026-09-21 16:50:00
   2    0            0    102215680       139052     23161788    0    0     0   608 7721 14933   2   1  97   0   0 2026-09-21 16:50:01
   3    0            0    102215496       139052     23161924    0    0   128     0 7736 15094   2   1  97   0   0 2026-09-21 16:50:02
   1    0            0    102198712       139060     23161920    0    0     0   104 7871 14984   2   1  97   0   0 2026-09-21 16:50:03
   0    0            0    102198000       139060     23162072    0    0     0    44 7971 15317   2   1  97   0   0 2026-09-21 16:50:04
   0    0            0    102194712       139060     23162072    0    0     0     0 7714 14521   1   1  97   0   0 2026-09-21 16:50:05
   1    0            0    102192192       139060     23162080    0    0     0   120 7748 14840   1   1  97   0   0 2026-09-21 16:50:06
   1    0            0    102191840       139060     23162080    0    0     0     0 7736 15175   1   1  97   0   0 2026-09-21 16:50:07
   1    0            0    102191408       139068     23162116    0    0     0   108 7744 16109   1   1  97   0   0 2026-09-21 16:50:08
   1    0            0    102194288       139068     23162120    0    0     0   136 7497 14857   1   1  97   0   0 2026-09-21 16:50:09
   3    0            0    102198984       139068     23162120    0    0     0     0 7621 14900   1   1  98   0   0 2026-09-21 16:50:10
   2    0            0    102199024       139068     23162124    0    0     0     0 7649 15051   1   1  98   0   0 2026-09-21 16:50:11
   1    0            0    102198280       139068     23162156    0    0     0   196 7600 14809   1   1  98   0   0 2026-09-21 16:50:12
--procs-- -----------------------memory---------------------- ---swap-- -----io---- -system-- --------cpu-------- -----timestamp-----
   r    b         swpd         free         buff        cache   si   so    bi    bo   in   cs  us  sy  id  wa  st                 KST
   1    0            0    102205296       139076     23162152    0    0     0    68 8013 15908   2   1  97   0   0 2026-09-21 16:50:13
   1    0            0    102205616       139076     23162192    0    0     0    36 7773 15742   1   1  97   0   0 2026-09-21 16:50:14
   2    0            0    102205744       139076     23162196    0    0     0     0 7966 15892   1   1  97   0   0 2026-09-21 16:50:15
   1    0            0    102205744       139076     23162200    0    0     0     0 8003 16075   1   1  97   0   0 2026-09-21 16:50:16
   1    0            0    102208120       139076     23162232    0    0     0     0 7826 16198   2   1  97   0   0 2026-09-21 16:50:17
   2    0            0    102206112       139084     23162228    0    0     0   108 8001 15709   2   1  97   0   0 2026-09-21 16:50:18
   2    0            0    102195472       139084     23162400    0    0   128     0 8187 15005   2   1  97   0   0 2026-09-21 16:50:19
   0    0            0    102196232       139084     23162404    0    0     0    40 7556 15050   1   1  97   0   0 2026-09-21 16:50:20
   2    0            0    102194464       139100     23162432    0    0     4    80 7785 15333   2   1  97   0   0 2026-09-21 16:50:21
   1    0            0    102180128       139108     23162512    0    0     0   148 8211 16661   2   1  97   0   0 2026-09-21 16:50:22
   2    0            0    102181584       139120     23162532    0    0     0   144 7864 15352   2   1  97   0   0 2026-09-21 16:50:23
   1    0            0    102250336       139120     23162532    0    0     0     0 12408 19719   4   1  95   0   0 2026-09-21 16:50:24
   1    0            0    102254240       139124     23162532    0    0     0    40 8018 16484   2   1  97   0   0 2026-09-21 16:50:25
   2    0            0    102254776       139124     23162668    0    0   128     0 8027 15747   2   1  97   0   0 2026-09-21 16:50:26
   1    0            0    102255632       139124     23162680    0    0     0   100 8196 16937   1   1  97   0   0 2026-09-21 16:50:27
   0    0            0    102254560       139140     23162684    0    0   352   180 8525 17512   2   1  97   0   0 2026-09-21 16:50:28
   0    0            0    102252048       139140     23163048    0    0     0     0 7922 16574   1   1  97   0   0 2026-09-21 16:50:29
   1    0            0    102252168       139140     23163052    0    0     0     0 7979 15664   1   1  97   0   0 2026-09-21 16:50:30
   1    0            0    102251512       139140     23163088    0    0     0    48 8077 16422   1   1  97   0   0 2026-09-21 16:50:31
   1    0            0    102251568       139140     23163092    0    0     0     0 7747 15996   1   1  97   0   0 2026-09-21 16:50:32
   1    0            0    102250936       139152     23163136    0    0     0   232 7639 15593   1   1  97   0   0 2026-09-21 16:50:33
--procs-- -----------------------memory---------------------- ---swap-- -----io---- -system-- --------cpu-------- -----timestamp-----
   r    b         swpd         free         buff        cache   si   so    bi    bo   in   cs  us  sy  id  wa  st                 KST
   2    0            0    102250688       139152     23163168    0    0     0     0 7924 16347   2   1  97   0   0 2026-09-21 16:50:34
   2    0            0    102261232       139152     23163176    0    0     4     0 9602 17728   1   1  97   0   0 2026-09-21 16:50:35
   0    0            0    102237056       140224     23168332    0    0   112    40 10434 29596   2   2  96   0   0 2026-09-21 16:50:36
   0    0            0    102236592       140224     23170708    0    0     0     0 7994 15853   2   1  97   0   0 2026-09-21 16:50:37
   0    0            0    102241800       140240     23170684    0    0     0  1536 9777 17688   2   2  97   0   0 2026-09-21 16:50:38
   7    0            0    102117808       142604     23226956    0    0   160  6784 17722 28003   3   3  94   0   0 2026-09-21 16:50:39
   2    0            0    102044832       145224     23294988    0    0    52     0 18504 34829   3   3  95   0   0 2026-09-21 16:50:40
   1    0            0    102049136       145224     23294988    0    0     0     0 8392 15451   2   1  97   0   0 2026-09-21 16:50:41
   1    0            0    102043960       145224     23294992    0    0     0    36 8526 16847   2   1  97   0   0 2026-09-21 16:50:42
   0    0            0    102043488       145252     23295128    0    0     0  5284 7672 15172   1   1  97   0   0 2026-09-21 16:50:43
   1    0            0    102060128       145320     23295268    0    0    64 113220 8410 16067   1   2  97   0   0 2026-09-21 16:50:44
   1    0            0    102062784       145320     23295304    0    0     0     0 7723 16020   1   1  97   0   0 2026-09-21 16:50:45
   1    0            0    102064144       145320     23295332    0    0     0     0 7688 15674   1   1  98   0   0 2026-09-21 16:50:46
   1    0            0    102070368       145320     23295348    0    0     4    36 9137 17227   2   1  97   0   0 2026-09-21 16:50:47
   1    0            0    102082832       145332     23295348    0    0     0  1932 8240 16998   2   1  97   0   0 2026-09-21 16:50:48
   1    0            0    102087280       145332     23295456    0    0     0     0 7964 16606   1   1  97   0   0 2026-09-21 16:50:49
   1    0            0    102090520       145332     23295460    0    0     0     0 7640 15795   1   1  97   0   0 2026-09-21 16:50:50
   2    0            0    102092112       145332     23295492    0    0     0     0 7469 15442   1   1  98   0   0 2026-09-21 16:50:51
   1    0            0    102093328       145332     23295492    0    0     0   564 7680 15973   1   1  98   0   0 2026-09-21 16:50:52
   1    0            0    102094992       145340     23295492    0    0     0   112 7562 15441   1   1  98   0   0 2026-09-21 16:50:53
   1    0            0    102100128       145340     23295504    0    0     0  4332 7842 16368   1   1  97   0   0 2026-09-21 16:50:54
--procs-- -----------------------memory---------------------- ---swap-- -----io---- -system-- --------cpu-------- -----timestamp-----
   r    b         swpd         free         buff        cache   si   so    bi    bo   in   cs  us  sy  id  wa  st                 KST
   2    0            0    102102160       145340     23295504    0    0     0     0 7874 16709   1   1  97   0   0 2026-09-21 16:50:55
   0    0            0    102102304       145340     23295516    0    0     0     0 7530 15364   1   1  98   0   0 2026-09-21 16:50:56
   0    0            0    102104696       145340     23295516    0    0     0     0 8243 17266   2   1  97   0   0 2026-09-21 16:50:57
   2    0            0    102104696       145348     23295512    0    0     0    24 7739 15873   1   1  98   0   0 2026-09-21 16:50:58
   1    0            0    102104448       145348     23295424    0    0     0    48 7488 15602   1   1  97   0   0 2026-09-21 16:50:59
   4    0            0    102104696       145348     23295456    0    0     0     0 8029 17413   2   1  97   0   0 2026-09-21 16:51:00
   1    0            0    102104696       145348     23295460    0    0     0     0 7572 15734   1   1  97   0   0 2026-09-21 16:51:01
   1    0            0    102109944       145348     23295460    0    0     0     0 7874 16691   1   1  97   0   0 2026-09-21 16:51:02
   2    0            0    102109952       145356     23295452    0    0     0    56 7914 15717   1   1  97   0   0 2026-09-21 16:51:03
   1    0            0    102109696       145356     23295460    0    0     0    32 7723 15461   2   1  97   0   0 2026-09-21 16:51:04
   1    0            0    102109728       145356     23295460    0    0     0    24 7680 15994   1   1  98   0   0 2026-09-21 16:51:05
   1    0            0    102109488       145356     23295464    0    0     0     0 7488 15745   1   1  98   0   0 2026-09-21 16:51:06
   1    0            0    102109736       145356     23295464    0    0     0     0 7490 15260   1   1  97   0   0 2026-09-21 16:51:07
   1    0            0    102109344       145364     23295464    0    0     0    52 7763 16300   1   1  97   0   0 2026-09-21 16:51:08
   1    0            0    102110136       145364     23295472    0    0     0    48 7698 15932   1   1  97   0   0 2026-09-21 16:51:09
   0    0            0    102109632       145364     23295476    0    0     0    16 8012 16425   2   1  97   0   0 2026-09-21 16:51:10
   1    0            0    102100800       145364     23295480    0    0     0     0 7864 15497   2   1  97   0   0 2026-09-21 16:51:11
   2    0            0    102092984       145368     23295480    0    0   128     0 8247 16731   2   1  97   0   0 2026-09-21 16:51:12
   1    0            0    102093040       145380     23295640    0    0     0   108 8699 15543   2   1  97   0   0 2026-09-21 16:51:13
   1    0            0    102093264       145380     23295644    0    0     0    36 8441 16318   2   1  97   0   0 2026-09-21 16:51:14
   1    0            0    102099560       145380     23295676    0    0     0     0 8056 16594   2   1  97   0   0 2026-09-21 16:51:15
--procs-- -----------------------memory---------------------- ---swap-- -----io---- -system-- --------cpu-------- -----timestamp-----
   r    b         swpd         free         buff        cache   si   so    bi    bo   in   cs  us  sy  id  wa  st                 KST
   1    0            0    102099104       145380     23295692    0    0     0   104 7758 15197   1   1  98   0   0 2026-09-21 16:51:16
   1    0            0    102099632       145380     23295700    0    0     0     0 7431 14808   1   1  98   0   0 2026-09-21 16:51:17
   0    0            0    102101648       145388     23295696    0    0     0    48 7464 14733   1   1  97   0   0 2026-09-21 16:51:18
   1    0            0    102101496       145388     23295704    0    0     0     0 7473 15147   1   1  97   0   0 2026-09-21 16:51:19
   1    0            0    102101496       145388     23295708    0    0     0    44 7638 15296   1   1  97   0   0 2026-09-21 16:51:20
   1    0            0    102102928       145388     23295740    0    0     0     0 7977 15855   1   1  97   0   0 2026-09-21 16:51:21
   1    0            0    102102288       145388     23295744    0    0     0    16 7474 14488   1   1  98   0   0 2026-09-21 16:51:22
   3    0            0    102104040       145396     23295744    0    0     0    48 7405 15089   2   1  97   0   0 2026-09-21 16:51:23
   1    0            0    102101808       145396     23295832    0    0    80     0 7714 15706   2   1  97   0   0 2026-09-21 16:51:24
   2    0            0    102077688       145416     23299964    0    0  4012    40 10139 16401   2   2  96   0   0 2026-09-21 16:51:25
   1    0            0    102079512       145416     23300012    0    0     0     0 7992 15681   2   1  97   0   0 2026-09-21 16:51:26
   1    0            0    102080992       145416     23300016    0    0     0     0 7647 15223   1   1  97   0   0 2026-09-21 16:51:27
   1    0            0    102081024       145424     23300028    0    0     0    92 7608 14810   1   1  97   0   0 2026-09-21 16:51:28
   1    0            0    102074224       145424     23300040    0    0     0    80 7532 14437   2   1  97   0   0 2026-09-21 16:51:29
   1    0            0    102073488       145424     23302316    0    0  1604   500 9012 15771   2   2  97   0   0 2026-09-21 16:51:30
   1    0            0    102072048       145424     23302312    0    0     0    40 7900 15156   1   1  97   0   0 2026-09-21 16:51:31
   1    0            0    102070296       145424     23302312    0    0     0     0 7550 14917   1   1  98   0   0 2026-09-21 16:51:32
   0    0            0    102069536       145432     23302316    0    0     0   112 7378 15031   1   1  98   0   0 2026-09-21 16:51:33
   1    0            0    102069088       145432     23302320    0    0     0   104 7487 14868   1   1  98   0   0 2026-09-21 16:51:34
   1    0            0    102069336       145432     23302320    0    0     0     0 7420 14836   1   1  98   0   0 2026-09-21 16:51:35
   0    0            0    102079456       145432     23302328    0    0     0   184 8084 16085   2   1  97   0   0 2026-09-21 16:51:36
--procs-- -----------------------memory---------------------- ---swap-- -----io---- -system-- --------cpu-------- -----timestamp-----
   r    b         swpd         free         buff        cache   si   so    bi    bo   in   cs  us  sy  id  wa  st                 KST
   1    0            0    102083296       145432     23302328    0    0     0     0 8014 16178   2   1  97   0   0 2026-09-21 16:51:37
   1    0            0    102081616       145440     23302320    0    0     0    84 7661 15545   1   1  97   0   0 2026-09-21 16:51:38
   2    0            0    102086064       145440     23302336    0    0     0     4 7980 16330   2   1  97   0   0 2026-09-21 16:51:39
   2    0            0    102093472       145444     23302420    0    0    76    44 8416 15897   2   1  97   0   0 2026-09-21 16:51:40
   0    0            0    102096408       145444     23302436    0    0     0   352 8286 16300   2   1  97   0   0 2026-09-21 16:51:41
   0    0            0    102095520       145444     23302440    0    0     0     0 7965 15711   2   1  97   0   0 2026-09-21 16:51:42
   0    0            0    102094904       145468     23302416    0    0     0   292 7604 14924   2   1  97   0   0 2026-09-21 16:51:43
   1    0            0    102094480       145468     23302444    0    0     0     0 7535 15376   1   1  98   0   0 2026-09-21 16:51:44
   1    0            0    102094736       145468     23302444    0    0     0    88 7506 15153   1   1  97   0   0 2026-09-21 16:51:45
   1    0            0    102086896       145476     23302448    0    0     0   100 7899 15011   2   1  97   0   0 2026-09-21 16:51:46
   1    0            0    102094000       145484     23302492    0    0     8    48 9098 16720   2   1  97   0   0 2026-09-21 16:51:47
   1    0            0    102093264       145492     23302480    0    0     0   644 7562 14666   1   1  97   0   0 2026-09-21 16:51:48
   1    0            0    102092768       145492     23302492    0    0     0     0 7772 15486   1   1  97   0   0 2026-09-21 16:51:49
   2    0            0    102091792       145492     23302492    0    0     0     0 7679 15496   1   1  98   0   0 2026-09-21 16:51:50
   2    0            0    102091136       145492     23302492    0    0     0    52 7948 15488   1   1  98   0   0 2026-09-21 16:51:51
   1    0            0    102090128       145492     23302504    0    0     0    40 7717 15307   1   1  98   0   0 2026-09-21 16:51:52
   0    0            0    102090128       145500     23302496    0    0     0    72 7470 15106   1   1  98   0   0 2026-09-21 16:51:53
   1    0            0    102090128       145500     23302512    0    0     0   244 7727 16227   1   1  97   0   0 2026-09-21 16:51:54
   0    0            0    102091136       145500     23302512    0    0     0     4 7365 14809   1   1  98   0   0 2026-09-21 16:51:55
   0    0            0    102090392       145500     23302516    0    0     0    40 7867 15685   1   1  97   0   0 2026-09-21 16:51:56
   1    0            0    102089664       145500     23302516    0    0     0    40 7596 14956   1   1  98   0   0 2026-09-21 16:51:57
--procs-- -----------------------memory---------------------- ---swap-- -----io---- -system-- --------cpu-------- -----timestamp-----
   r    b         swpd         free         buff        cache   si   so    bi    bo   in   cs  us  sy  id  wa  st                 KST
   0    0            0    102088656       145508     23302512    0    0     0    68 7468 14687   1   1  97   0   0 2026-09-21 16:51:58
   0    0            0    102088912       145508     23302520    0    0     0   140 7714 15390   2   1  97   0   0 2026-09-21 16:51:59
   1    0            0    102089200       145508     23302524    0    0     0     0 7315 14404   1   1  98   0   0 2026-09-21 16:52:00
   0    0            0    102082752       145516     23302548    0    0     0   160 8325 16306   2   1  97   0   0 2026-09-21 16:52:01
   1    0            0    102087624       145516     23302660    0    0     0   156 7911 16551   1   1  97   0   0 2026-09-21 16:52:02
   1    0            0    102087376       145528     23302648    0    0     0   120 7723 15994   1   1  97   0   0 2026-09-21 16:52:03
   3    0            0    102093616       145528     23302664    0    0     0   204 7673 15777   1   1  98   0   0 2026-09-21 16:52:04
   3    0            0    102091712       145528     23302672    0    0     0     0 7895 15817   1   1  97   0   0 2026-09-21 16:52:05
   1    0            0    102090232       145528     23302672    0    0     0     0 7869 15516   1   1  97   0   0 2026-09-21 16:52:06
   1    0            0    102089504       145528     23302708    0    0     0    44 7732 15822   1   1  98   0   0 2026-09-21 16:52:07
   1    0            0    102091176       145536     23302708    0    0     0   204 7603 15597   1   1  97   0   0 2026-09-21 16:52:08
   1    0            0    102091216       145536     23302716    0    0     0     4 7522 15325   1   1  98   0   0 2026-09-21 16:52:09
   2    0            0    102106960       145536     23302752    0    0     0   188 9793 18562   3   1  96   0   0 2026-09-21 16:52:10
   2    0            0    102106360       145536     23302756    0    0     0     0 8128 16296   1   1  97   0   0 2026-09-21 16:52:11
   2    0            0    102105104       145536     23302756    0    0     0     0 7559 15487   1   1  98   0   0 2026-09-21 16:52:12
   3    0            0    102105352       145544     23302752    0    0     0   104 7429 15458   1   1  98   0   0 2026-09-21 16:52:13
   1    0            0    102105352       145544     23302760    0    0     0     0 7615 16117   1   1  97   0   0 2026-09-21 16:52:14
   2    0            0    102105376       145544     23302764    0    0     0     0 7772 16546   1   1  97   0   0 2026-09-21 16:52:15
   1    0            0    102105136       145544     23302768    0    0     0   156 7782 16113   1   1  97   0   0 2026-09-21 16:52:16
   1    0            0    102104632       145544     23302804    0    0     0     0 7691 15602   1   1  98   0   0 2026-09-21 16:52:17
   1    0            0    102103648       145552     23302924    0    0     0   100 7703 16074   1   1  97   0   0 2026-09-21 16:52:18
--procs-- -----------------------memory---------------------- ---swap-- -----io---- -system-- --------cpu-------- -----timestamp-----
   r    b         swpd         free         buff        cache   si   so    bi    bo   in   cs  us  sy  id  wa  st                 KST
   1    0            0    102102896       145552     23302936    0    0     0    52 7530 15029   1   1  98   0   0 2026-09-21 16:52:19
   1    0            0    102102144       145552     23302940    0    0     0     0 7775 15921   1   1  98   0   0 2026-09-21 16:52:20
   1    0            0    102102648       145552     23302948    0    0     0     4 7464 15169   1   1  98   0   0 2026-09-21 16:52:21
   0    0            0    102104888       145552     23302948    0    0     0     0 7558 15326   1   1  97   0   0 2026-09-21 16:52:22
   0    0            0    102105136       145560     23302944    0    0     0   204 7442 15269   1   1  98   0   0 2026-09-21 16:52:23
   1    0            0    102104640       145560     23302984    0    0     0    40 7573 15609   1   1  98   0   0 2026-09-21 16:52:24
   1    0            0    102104664       145560     23302996    0    0     0     4 7897 16040   1   1  97   0   0 2026-09-21 16:52:25
   1    0            0    102107264       145560     23302996    0    0     0     0 8006 16466   2   1  97   0   0 2026-09-21 16:52:26
   2    0            0    102106304       145560     23303000    0    0     0     0 7670 15332   1   1  97   0   0 2026-09-21 16:52:27
   2    0            0    102105296       145568     23303000    0    0     0   104 7627 16139   1   1  98   0   0 2026-09-21 16:52:28
   1    0            0    102104816       145568     23303004    0    0     0    48 7657 15185   1   1  98   0   0 2026-09-21 16:52:29
   3    1            0    102103312       145568     23303008    0    0     0    40 7723 15672   1   1  97   0   0 2026-09-21 16:52:30
   0    0            0    102104160       145568     23303012    0    0     0   212 7552 15059   1   1  97   0   0 2026-09-21 16:52:31
   0    0            0    102103704       145568     23303016    0    0     0    12 7726 16215   1   1  98   0   0 2026-09-21 16:52:32
   0    0            0    102103480       145576     23303040    0    0     0    96 7601 15605   1   1  98   0   0 2026-09-21 16:52:33
   2    0            0    102102984       145576     23303052    0    0     0     0 7726 15496   1   1  98   0   0 2026-09-21 16:52:34
   0    0            0    102103504       145576     23303060    0    0     0    36 7508 15411   1   1  98   0   0 2026-09-21 16:52:35
   1    0            0    102103752       145576     23303104    0    0     0     0 7658 15478   1   1  98   0   0 2026-09-21 16:52:36
   1    0            0    102104448       145576     23303112    0    0     0   164 7703 15592   1   1  97   0   0 2026-09-21 16:52:37
   2    0            0    102104200       145584     23303108    0    0     0    84 7294 14731   1   1  97   0   0 2026-09-21 16:52:38
   2    0            0    102104448       145584     23303124    0    0     0    96 7535 15336   1   1  98   0   0 2026-09-21 16:52:39
--procs-- -----------------------memory---------------------- ---swap-- -----io---- -system-- --------cpu-------- -----timestamp-----
   r    b         swpd         free         buff        cache   si   so    bi    bo   in   cs  us  sy  id  wa  st                 KST
   1    0            0    102103224       145584     23303156    0    0     0    36 7726 15896   1   1  97   0   0 2026-09-21 16:52:40
   0    0            0    102106144       145584     23303224    0    0     0     0 7875 15855   1   1  98   0   0 2026-09-21 16:52:41
   0    0            0    102105920       145584     23303228    0    0     0     0 7741 16077   2   1  97   0   0 2026-09-21 16:52:42
   1    0            0    102113904       145592     23303228    0    0     0    64 7995 16023   2   1  97   0   0 2026-09-21 16:52:43
   1    0            0    102187216       145592     23235384    0    0  3980   264 9260 17006   2   1  97   0   0 2026-09-21 16:52:44
   1    0            0    102185808       145592     23238600    0    0  1176    36 7800 15506   1   1  97   0   0 2026-09-21 16:52:45
   2    0            0    102188736       145592     23238604    0    0     0     0 7523 15201   1   1  98   0   0 2026-09-21 16:52:46
   2    0            0    102188736       145592     23238868    0    0   252     0 8466 16155   2   1  97   0   0 2026-09-21 16:52:47
   1    0            0    102192880       145600     23238896    0    0     0    60 8387 16439   1   1  97   0   0 2026-09-21 16:52:48
   1    0            0    102191872       145600     23238908    0    0     0    52 7728 15671   1   1  97   0   0 2026-09-21 16:52:49
   1    0            0    102191376       145600     23238920    0    0     0    44 7807 16102   1   1  97   0   0 2026-09-21 16:52:50
   2    0            0    102190864       145600     23238920    0    0     0   616 7822 15997   1   1  97   0   0 2026-09-21 16:52:51
   1    0            0    102188848       145600     23238920    0    0     0     0 7578 15637   1   1  98   0   0 2026-09-21 16:52:52
   1    0            0    102188480       145608     23238916    0    0     0    76 7806 16343   1   1  97   0   0 2026-09-21 16:52:53
   1    0            0    102186976       145608     23239180    0    0   256     0 7676 16347   1   1  97   0   0 2026-09-21 16:52:54
   1    0            0    102185504       145608     23239188    0    0     0    36 7522 15349   1   1  98   0   0 2026-09-21 16:52:55
   1    0            0    102185760       145608     23239192    0    0     0     0 7520 15631   1   1  98   0   0 2026-09-21 16:52:56
   2    0            0    102185264       145608     23239192    0    0     0     0 7698 15791   1   1  97   0   0 2026-09-21 16:52:57
   2    0            0    102184256       145616     23239188    0    0     0   260 7811 15849   1   1  97   0   0 2026-09-21 16:52:58
   1    0            0    102185712       145616     23239196    0    0     0    60 7458 15321   1   1  98   0   0 2026-09-21 16:52:59
   1    0            0    102184720       145616     23239196    0    0     0    36 7723 15630   1   1  98   0   0 2026-09-21 16:53:00
--procs-- -----------------------memory---------------------- ---swap-- -----io---- -system-- --------cpu-------- -----timestamp-----
   r    b         swpd         free         buff        cache   si   so    bi    bo   in   cs  us  sy  id  wa  st                 KST
   2    0            0    102177920       145616     23245664    0    0  6784     0 7638 15687   1   1  97   0   0 2026-09-21 16:53:01
   1    0            0    102176656       145616     23245988    0    0     0     0 7650 16120   1   1  98   0   0 2026-09-21 16:53:02
   1    0            0    102177688       145624     23245984    0    0     0    60 7823 16173   1   1  97   0   0 2026-09-21 16:53:03
   1    0            0    102176928       145624     23245992    0    0     0     0 7793 15793   1   1  98   0   0 2026-09-21 16:53:04
   1    0            0    102177560       145624     23245996    0    0     0     0 7868 16533   1   1  97   0   0 2026-09-21 16:53:05
   1    0            0    102178136       145624     23245996    0    0     0    36 7553 15523   1   1  97   0   0 2026-09-21 16:53:06
   2    0            0    102178384       145624     23246000    0    0     0     0 7599 15651   1   1  97   0   0 2026-09-21 16:53:07
   1    0            0    102178384       145632     23245992    0    0     0    36 7519 15608   1   1  97   0   0 2026-09-21 16:53:08
   0    0            0    102178144       145632     23246008    0    0     0    36 7647 15632   1   1  98   0   0 2026-09-21 16:53:09
   1    0            0    102176376       145632     23246008    0    0     0     0 8149 16485   1   1  97   0   0 2026-09-21 16:53:10
   1    0            0    102176384       145632     23246012    0    0     0    44 7621 15568   1   1  98   0   0 2026-09-21 16:53:11
   1    0            0    102176128       145632     23246016    0    0     0     0 7524 15394   1   1  98   0   0 2026-09-21 16:53:12
   1    0            0    102178992       145640     23246024    0    0     0    48 7784 15820   1   1  97   0   0 2026-09-21 16:53:13
   1    0            0    102179744       145640     23246036    0    0     0     0 7486 15513   1   1  98   0   0 2026-09-21 16:53:14
   2    0            0    102178768       145640     23246044    0    0     0     0 7552 15706   1   1  98   0   0 2026-09-21 16:53:15
   1    0            0    102178320       145640     23247052    0    0  1296     0 7415 15423   1   1  98   0   0 2026-09-21 16:53:16
   1    0            0    102177616       145640     23247344    0    0     0    36 8316 17573   2   1  97   0   0 2026-09-21 16:53:17
   1    0            0    102176768       145648     23247336    0    0     0    44 7697 15918   1   1  97   0   0 2026-09-21 16:53:18
   1    0            0    102176016       145648     23247348    0    0     0    36 7626 15917   1   1  98   0   0 2026-09-21 16:53:19
   2    0            0    102175008       145648     23247352    0    0     0     0 7692 15995   1   1  98   0   0 2026-09-21 16:53:20
   1    0            0    102175632       145648     23247352    0    0     0     0 8000 17133   1   1  97   0   0 2026-09-21 16:53:21
--procs-- -----------------------memory---------------------- ---swap-- -----io---- -system-- --------cpu-------- -----timestamp-----
   r    b         swpd         free         buff        cache   si   so    bi    bo   in   cs  us  sy  id  wa  st                 KST
   1    0            0    102172856       145648     23249508    0    0  2152    36 8019 16558   2   1  97   0   0 2026-09-21 16:53:22
   1    0            0    102173360       145656     23249508    0    0     0    56 7711 15170   1   1  97   0   0 2026-09-21 16:53:23
   1    0            0    102172880       145656     23249516    0    0     0     0 8324 16343   1   1  97   0   0 2026-09-21 16:53:24
   5    0            0    102166592       145656     23253168    0    0  3648     0 8176 16903   1   1  97   0   0 2026-09-21 16:53:25
   2    0            0    102167600       145656     23253168    0    0     0     0 7327 15480   1   1  98   0   0 2026-09-21 16:53:26
   1    0            0    102166128       145656     23253172    0    0     0    40 7638 16130   1   1  97   0   0 2026-09-21 16:53:27
   2    0            0    102158816       145664     23258204    0    0  5416    36 7808 15370   1   1  97   0   0 2026-09-21 16:53:28
   1    0            0    102157808       145664     23258592    0    0     0    36 7967 15771   1   1  97   0   0 2026-09-21 16:53:29
   1    0            0    102162960       145664     23258596    0    0     0     0 7897 16010   1   1  98   0   0 2026-09-21 16:53:30
   1    0            0    102162720       145664     23258760    0    0   468     0 8183 16915   1   1  97   0   0 2026-09-21 16:53:31
   0    0            0    102162336       145664     23259072    0    0     0    40 8052 16596   2   1  97   0   0 2026-09-21 16:53:32
   1    0            0    102162088       145672     23259064    0    0     0    48 8335 17438   1   1  97   0   0 2026-09-21 16:53:33
   1    0            0    102161904       145672     23259076    0    0     0     0 8346 17049   2   1  97   0   0 2026-09-21 16:53:34
   2    0            0    102160688       145672     23259076    0    0     0     0 8092 16987   1   1  97   0   0 2026-09-21 16:53:35
   1    0            0    102160928       145672     23259084    0    0     0     0 7865 16458   1   1  97   0   0 2026-09-21 16:53:36
   1    0            0    102160712       145672     23259088    0    0     0     0 8041 16703   1   1  97   0   0 2026-09-21 16:53:37
   2    0            0    102160488       145680     23259080    0    0     0    88 7813 16212   1   1  98   0   0 2026-09-21 16:53:38
   0    0            0    102159736       145680     23259088    0    0     0    44 7735 15974   1   1  97   0   0 2026-09-21 16:53:39
   0    0            0    102159992       145680     23259092    0    0     0     0 7778 16037   1   1  97   0   0 2026-09-21 16:53:40
   1    0            0    102159488       145680     23259096    0    0     0     0 7629 15834   1   1  98   0   0 2026-09-21 16:53:41
   2    0            0    102159240       145680     23259096    0    0     0     0 7578 15783   1   1  97   0   0 2026-09-21 16:53:42
--procs-- -----------------------memory---------------------- ---swap-- -----io---- -system-- --------cpu-------- -----timestamp-----
   r    b         swpd         free         buff        cache   si   so    bi    bo   in   cs  us  sy  id  wa  st                 KST
   0    0            0    102158992       145688     23259104    0    0     0    76 7639 16081   1   1  97   0   0 2026-09-21 16:53:43
   1    0            0    102159504       145688     23259108    0    0     0     0 7642 15954   1   1  98   0   0 2026-09-21 16:53:44
   2    0            0    102158784       145688     23259108    0    0     0     0 7967 16885   1   1  97   0   0 2026-09-21 16:53:45
   1    0            0    102158280       145688     23259112    0    0     0     0 8018 16710   1   1  97   0   0 2026-09-21 16:53:46
   0    0            0    102157528       145688     23259112    0    0     0     0 7624 16040   1   1  98   0   0 2026-09-21 16:53:47
   1    0            0    102162096       145696     23259136    0    0    16    88 9195 17500   2   2  97   0   0 2026-09-21 16:53:48
   2    0            0    102160592       145696     23259644    0    0   888    40 8363 17182   2   1  97   0   0 2026-09-21 16:53:49
   0    0            0    102177776       145696     23260028    0    0     0     0 7920 16039   1   1  97   0   0 2026-09-21 16:53:50
   0    0            0    102178032       145696     23260032    0    0     0     0 7855 16150   1   1  98   0   0 2026-09-21 16:53:51
   1    0            0    102177792       145696     23260036    0    0     0     0 7776 16267   1   1  98   0   0 2026-09-21 16:53:52
   2    0            0    102176288       145704     23260040    0    0     0   656 8240 16744   2   1  97   0   0 2026-09-21 16:53:53
   2    0            0    102175560       145704     23260048    0    0     0     0 7681 15778   1   1  97   0   0 2026-09-21 16:53:54
   1    0            0    102172536       145704     23260048    0    0   252     0 7961 15880   2   1  97   0   0 2026-09-21 16:53:55
   0    0            0    102171280       145704     23260536    0    0   100     0 8309 16838   2   1  97   0   0 2026-09-21 16:53:56
   1    0            0    102167256       145704     23260552    0    0     0     0 7877 15866   2   1  97   0   0 2026-09-21 16:53:57
   1    0            0    102167376       145712     23260548    0    0     0    44 7415 14955   1   1  98   0   0 2026-09-21 16:53:58
   1    0            0    102167248       145712     23260564    0    0     0    96 7613 15477   1   1  97   0   0 2026-09-21 16:53:59
   2    0            0    102166736       145712     23260568    0    0     0     0 7921 15570   2   1  97   0   0 2026-09-21 16:54:00
   2    0            0    102167520       145712     23260572    0    0     0   216 8398 17026   1   1  97   0   0 2026-09-21 16:54:01
   3    0            0    102167768       145712     23260572    0    0     0     0 7660 15538   1   1  98   0   0 2026-09-21 16:54:02
   1    0            0    102168528       145720     23260564    0    0     0    92 7800 15785   1   1  98   0   0 2026-09-21 16:54:03
--procs-- -----------------------memory---------------------- ---swap-- -----io---- -system-- --------cpu-------- -----timestamp-----
   r    b         swpd         free         buff        cache   si   so    bi    bo   in   cs  us  sy  id  wa  st                 KST
   1    0            0    102171176       145720     23260580    0    0     0    36 7643 15700   1   1  98   0   0 2026-09-21 16:54:04
   1    0            0    102171496       145720     23260584    0    0     0     0 7982 16304   1   1  97   0   0 2026-09-21 16:54:05
   1    0            0    102172280       145720     23260584    0    0     0     0 7647 15742   1   1  98   0   0 2026-09-21 16:54:06
   1    0            0    102173072       145720     23260588    0    0   208   156 7641 15595   1   1  97   0   0 2026-09-21 16:54:07
   1    0            0    102173576       145728     23260788    0    0     0    52 7719 15973   2   1  97   0   0 2026-09-21 16:54:08
   2    0            0    102175608       145728     23260800    0    0     0    76 7764 15161   1   1  97   0   0 2026-09-21 16:54:09
   1    0            0    102175936       145728     23260808    0    0     0    40 7635 15148   1   1  98   0   0 2026-09-21 16:54:10
   1    0            0    102175424       145728     23260808    0    0     0     0 7467 15439   1   1  98   0   0 2026-09-21 16:54:11
   2    0            0    102175200       145728     23260808    0    0     0     0 7478 15201   1   1  97   0   0 2026-09-21 16:54:12
   2    0            0    102175952       145736     23260804    0    0     0    56 7630 15589   1   1  97   0   0 2026-09-21 16:54:13
   1    0            0    102175488       145736     23260820    0    0     0     0 7896 15607   1   1  97   0   0 2026-09-21 16:54:14
   0    0            0    102175248       145736     23260820    0    0     0    36 7912 16088   1   1  97   0   0 2026-09-21 16:54:15
   0    0            0    102175744       145736     23260824    0    0     0     0 7600 15651   1   1  98   0   0 2026-09-21 16:54:16
   1    0            0    102176992       145736     23260824    0    0     0     0 7748 16106   1   1  98   0   0 2026-09-21 16:54:17
   1    0            0    102176496       145744     23260824    0    0     0    44 7669 15891   1   1  97   0   0 2026-09-21 16:54:18
   1    0            0    102176752       145744     23260832    0    0     0    36 7717 15291   1   1  98   0   0 2026-09-21 16:54:19
   1    0            0    102176240       145744     23260836    0    0     0     0 7435 15319   1   1  98   0   0 2026-09-21 16:54:20
   1    0            0    102176496       145744     23260836    0    0     0    40 7542 15407   1   1  98   0   0 2026-09-21 16:54:21
   1    0            0    102175776       145744     23260844    0    0     0     0 7512 15239   1   1  98   0   0 2026-09-21 16:54:22
   2    2            0    102174768       145748     23260840    0    0     0    32 7728 15919   1   1  97   0   0 2026-09-21 16:54:23
   1    0            0    102174264       145752     23260848    0    0     0     4 7740 15705   1   1  97   0   0 2026-09-21 16:54:24
--procs-- -----------------------memory---------------------- ---swap-- -----io---- -system-- --------cpu-------- -----timestamp-----
   r    b         swpd         free         buff        cache   si   so    bi    bo   in   cs  us  sy  id  wa  st                 KST
   1    0            0    102174016       145752     23260848    0    0     0     0 7771 15618   1   1  98   0   0 2026-09-21 16:54:25
   1    0            0    102172752       145752     23260852    0    0     0    40 7585 15743   1   1  97   0   0 2026-09-21 16:54:26
   2    0            0    102172976       145752     23260852    0    0     0     0 7559 15423   1   1  98   0   0 2026-09-21 16:54:27
   1    2            0    102173720       145756     23260856    0    0     0    44 7658 15720   1   1  97   0   0 2026-09-21 16:54:28
   1    0            0    102173024       145760     23260864    0    0     0    36 7856 16140   1   1  97   0   0 2026-09-21 16:54:29
   2    0            0    102173520       145760     23260864    0    0     0     0 7482 15117   1   1  97   0   0 2026-09-21 16:54:30
   0    0            0    102173400       145760     23260868    0    0     0     0 7668 15515   1   1  97   0   0 2026-09-21 16:54:31
   1    0            0    102173408       145760     23260868    0    0     0    40 7566 15228   1   1  98   0   0 2026-09-21 16:54:32
   0    1            0    102172896       145760     23260872    0    0     0     4 7753 16223   1   1  97   0   0 2026-09-21 16:54:33
   1    0            0    102172400       145768     23260876    0    0     0    44 7508 15895   1   1  97   0   0 2026-09-21 16:54:34
   0    0            0    102171896       145768     23260876    0    0     0     0 7619 16183   1   1  97   0   0 2026-09-21 16:54:35
   1    0            0    102171896       145768     23260876    0    0     0     0 7525 15805   1   1  98   0   0 2026-09-21 16:54:36
   0    0            0    102171512       145768     23260880    0    0     0    36 7525 15543   1   1  98   0   0 2026-09-21 16:54:37
   0    1            0    102172200       145768     23260888    0    0     0     4 7830 16845   2   1  97   0   0 2026-09-21 16:54:38
   1    0            0    102172256       145776     23260888    0    0     0    64 7611 15794   1   1  98   0   0 2026-09-21 16:54:39
   1    0            0    102171504       145776     23260892    0    0     0     0 7586 16156   1   1  98   0   0 2026-09-21 16:54:40
   0    0            0    102171768       145776     23260892    0    0     0     0 7617 15735   1   1  98   0   0 2026-09-21 16:54:41
   0    0            0    102176816       145776     23260896    0    0     0     0 7605 15808   1   1  98   0   0 2026-09-21 16:54:42
   1    1            0    102176848       145776     23260896    0    0     0    44 7524 15580   1   1  97   0   0 2026-09-21 16:54:43
   0    0            0    102175904       145784     23260904    0    0     0    36 7449 15511   1   1  98   0   0 2026-09-21 16:54:44
   0    0            0    102175656       145784     23260908    0    0     0     0 7541 15428   1   1  98   0   0 2026-09-21 16:54:45
--procs-- -----------------------memory---------------------- ---swap-- -----io---- -system-- --------cpu-------- -----timestamp-----
   r    b         swpd         free         buff        cache   si   so    bi    bo   in   cs  us  sy  id  wa  st                 KST
   0    0            0    102175656       145784     23261024    0    0   116     0 7499 15462   1   1  98   0   0 2026-09-21 16:54:46
   0    0            0    102175656       145784     23261028    0    0     0     0 7900 15982   1   1  98   0   0 2026-09-21 16:54:47
   1    0            0    102176264       145784     23261040    0    0     0    40 9198 17307   2   1  97   0   0 2026-09-21 16:54:48
   1    0            0    102176272       145792     23261040    0    0     0   116 7720 15844   1   1  98   0   0 2026-09-21 16:54:49
   1    0            0    102176528       145792     23261044    0    0     0     0 7701 15706   1   1  98   0   0 2026-09-21 16:54:50
   2    0            0    102176032       145792     23261044    0    0     0     0 7866 15866   1   1  98   0   0 2026-09-21 16:54:51
   1    0            0    102180336       145792     23261048    0    0     0     0 7582 15783   1   1  98   0   0 2026-09-21 16:54:52
   1    0            0    102180888       145792     23261052    0    0     0   620 7663 15679   1   1  97   0   0 2026-09-21 16:54:53
   2    0            0    102180384       145800     23261052    0    0     0    44 7518 15559   1   1  98   0   0 2026-09-21 16:54:54
   1    0            0    102180640       145800     23261056    0    0     0     0 7660 15531   1   1  97   0   0 2026-09-21 16:54:55
   1    0            0    102179912       145800     23261056    0    0     0     0 7522 15499   1   1  97   0   0 2026-09-21 16:54:56
   2    0            0    102183952       145800     23261060    0    0     0     0 7764 15668   1   1  98   0   0 2026-09-21 16:54:57
   0    0            0    102185056       145800     23261064    0    0     0    36 7837 15598   1   1  98   0   0 2026-09-21 16:54:58
   0    0            0    102184800       145808     23261068    0    0     0    92 7653 15499   1   1  98   0   0 2026-09-21 16:54:59
   0    0            0    102184304       145808     23261072    0    0     0     0 7711 15738   1   1  97   0   0 2026-09-21 16:55:00
   0    0            0    102184048       145808     23261200    0    0   128     0 7511 15331   1   1  98   0   0 2026-09-21 16:55:01
   2    0            0    102184064       145808     23261216    0    0     0     0 7760 15709   1   1  98   0   0 2026-09-21 16:55:02
   1    0            0    102183304       145808     23261224    0    0     0    36 7779 15863   1   1  98   0   0 2026-09-21 16:55:03
   0    0            0    102183816       145816     23261224    0    0     0    36 7622 15635   1   1  98   0   0 2026-09-21 16:55:04
   1    0            0    102180952       145816     23261228    0    0     0     0 7751 16564   1   1  97   0   0 2026-09-21 16:55:05
   3    0            0    102180952       145816     23261232    0    0     0     0 7525 15588   1   1  98   0   0 2026-09-21 16:55:06
--procs-- -----------------------memory---------------------- ---swap-- -----io---- -system-- --------cpu-------- -----timestamp-----
   r    b         swpd         free         buff        cache   si   so    bi    bo   in   cs  us  sy  id  wa  st                 KST
   1    0            0    102180952       145816     23261232    0    0     0     0 7543 15263   1   1  98   0   0 2026-09-21 16:55:07
   1    0            0    102180448       145816     23261236    0    0     0     0 7736 15974   1   1  97   0   0 2026-09-21 16:55:08
   1    0            0    102179728       145824     23261244    0    0     0    92 7548 15509   1   1  98   0   0 2026-09-21 16:55:09
   1    0            0    102179728       145824     23261244    0    0     0     0 7933 15609   1   1  97   0   0 2026-09-21 16:55:10
   1    0            0    102178784       145824     23261248    0    0     0     0 7846 15561   1   1  98   0   0 2026-09-21 16:55:11
   1    0            0    102178280       145824     23261248    0    0     0     0 7642 15633   1   1  97   0   0 2026-09-21 16:55:12
   1    0            0    102177528       145824     23261256    0    0     0     0 7860 16303   1   1  97   0   0 2026-09-21 16:55:13
   1    0            0    102176520       145832     23261256    0    0     0    88 7569 15680   1   1  98   0   0 2026-09-21 16:55:14
   4    0            0    102180768       145832     23261256    0    0     0     0 7695 15700   1   1  98   0   0 2026-09-21 16:55:15
   1    0            0    102180256       145832     23261260    0    0     0     0 7800 15806   1   1  98   0   0 2026-09-21 16:55:16
   1    0            0    102178816       145832     23261260    0    0     0     0 7699 15993   1   1  98   0   0 2026-09-21 16:55:17
   3    0            0    102177808       145832     23261264    0    0     0     0 7559 15212   1   1  98   0   0 2026-09-21 16:55:18
   1    0            0    102178096       145840     23261268    0    0     0   116 7679 15540   1   1  97   0   0 2026-09-21 16:55:19
   3    0            0    102178096       145840     23261268    0    0     0     0 7769 15460   1   1  98   0   0 2026-09-21 16:55:20
   0    0            0    102177848       145840     23261272    0    0     0     0 7649 15479   1   1  98   0   0 2026-09-21 16:55:21
   0    0            0    102178832       145840     23261272    0    0     0     0 7790 15685   1   1  98   0   0 2026-09-21 16:55:22
   0    0            0    102177832       145840     23261276    0    0     0     0 7478 15338   1   1  98   0   0 2026-09-21 16:55:23
   0    0            0    102177328       145848     23261280    0    0     0    72 7775 15823   1   1  97   0   0 2026-09-21 16:55:24
   0    0            0    102177336       145848     23261280    0    0     0     0 7626 15485   1   1  98   0   0 2026-09-21 16:55:25
   2    0            0    102177336       145848     23261284    0    0     0     0 7781 15937   1   1  98   0   0 2026-09-21 16:55:26
   1    0            0    102177088       145848     23261292    0    0     0     0 7658 16006   1   1  97   0   0 2026-09-21 16:55:27
--procs-- -----------------------memory---------------------- ---swap-- -----io---- -system-- --------cpu-------- -----timestamp-----
   r    b         swpd         free         buff        cache   si   so    bi    bo   in   cs  us  sy  id  wa  st                 KST
   1    0            0    102176832       145848     23261292    0    0     0     0 7723 15595   1   1  98   0   0 2026-09-21 16:55:28
   1    0            0    102177112       145856     23261296    0    0     0    52 7941 16015   1   1  97   0   0 2026-09-21 16:55:29
   2    0            0    102176640       145856     23261300    0    0     0    40 7644 15759   1   1  98   0   0 2026-09-21 16:55:30
   1    0            0    102178264       145856     23261304    0    0     0     0 7624 15930   1   1  97   0   0 2026-09-21 16:55:31
   0    0            0    102177264       145856     23261312    0    0     0     0 7730 16006   1   1  98   0   0 2026-09-21 16:55:32
   1    0            0    102177048       145856     23261316    0    0     0     0 7536 15656   1   1  98   0   0 2026-09-21 16:55:33
   1    0            0    102176544       145864     23261324    0    0     0    52 7565 15721   1   1  98   0   0 2026-09-21 16:55:34
   1    0            0    102176800       145864     23261328    0    0     0    48 7650 15740   1   1  98   0   0 2026-09-21 16:55:35
   2    0            0    102180656       145864     23261332    0    0     0     0 7521 15410   1   1  98   0   0 2026-09-21 16:55:36
   1    0            0    102180656       145864     23261332    0    0     0     0 7627 15642   1   1  97   0   0 2026-09-21 16:55:37
   1    0            0    102179400       145864     23261336    0    0     0     0 7741 16236   1   1  97   0   0 2026-09-21 16:55:38
   2    0            0    102179104       145872     23261336    0    0     0   116 7376 15203   1   1  98   0   0 2026-09-21 16:55:39
   1    0            0    102179360       145872     23261340    0    0     0    36 7617 15962   1   1  97   0   0 2026-09-21 16:55:40
   1    0            0    102179616       145872     23261340    0    0     0     0 7685 15864   1   1  98   0   0 2026-09-21 16:55:41
   2    0            0    102179392       145872     23261344    0    0     0     0 7818 16443   1   1  97   0   0 2026-09-21 16:55:42
   1    0            0    102178800       145872     23261348    0    0     0     0 7574 15772   1   1  98   0   0 2026-09-21 16:55:43
   0    0            0    102170992       145880     23261352    0    0     0    52 7524 15765   1   1  97   0   0 2026-09-21 16:55:44
   0    0            0    102170704       145880     23261352    0    0     0    36 7860 16316   1   1  97   0   0 2026-09-21 16:55:45
   1    0            0    102170208       145880     23261356    0    0     0     0 7453 15168   1   1  98   0   0 2026-09-21 16:55:46
   1    0            0    102170208       145880     23261364    0    0     0     0 7558 15634   1   1  98   0   0 2026-09-21 16:55:47
   0    0            0    102174272       145880     23261364    0    0     0     0 7575 12604   1   1  97   0   0 2026-09-21 16:55:48
--procs-- -----------------------memory---------------------- ---swap-- -----io---- -system-- --------cpu-------- -----timestamp-----
   r    b         swpd         free         buff        cache   si   so    bi    bo   in   cs  us  sy  id  wa  st                 KST
   0    0            0    102174288       145888     23261368    0    0     0    88 6190 11521   1   1  98   0   0 2026-09-21 16:55:49
   1    0            0    102173632       145888     23261368    0    0     0     0 6146 11490   1   1  98   0   0 2026-09-21 16:55:50
   2    0            0    102173232       145888     23261372    0    0     0    36 6122 11371   1   1  98   0   0 2026-09-21 16:55:51
   1    0            0    102172984       145888     23261372    0    0     0     0 6209 11250   1   1  98   0   0 2026-09-21 16:55:52
   0    0            0    102171976       145888     23261380    0    0     0   532 6268 11369   1   1  98   0   0 2026-09-21 16:55:53
   0    0            0    102171976       145896     23261380    0    0     0    52 6128 10703   1   1  98   0   0 2026-09-21 16:55:54
   1    0            0    102169968       145896     23261384    0    0     0     0 6157 10669   1   1  98   0   0 2026-09-21 16:55:55
   1    0            0    102170216       145896     23261392    0    0     0    40 6073 10516   1   1  98   0   0 2026-09-21 16:55:56
   1    0            0    102169968       145896     23261392    0    0     0     0 6058 10555   1   1  98   0   0 2026-09-21 16:55:57
   1    0            0    102169464       145896     23261396    0    0     0     0 6044 10555   1   1  98   0   0 2026-09-21 16:55:58
   1    0            0    102168960       145904     23261396    0    0     0    96 6053 10605   1   1  98   0   0 2026-09-21 16:55:59
   1    0            0    102168712       145904     23261400    0    0     0     0 6027 10567   1   1  98   0   0 2026-09-21 16:56:00
   1    0            0    102168712       145904     23261408    0    0     0    40 6144 10664   1   1  98   0   0 2026-09-21 16:56:01
   3    0            0    102168960       145904     23261408    0    0     0     0 6058 10519   1   1  98   0   0 2026-09-21 16:56:02
   1    0            0    102168464       145904     23261408    0    0     0     0 6142 10638   1   1  98   0   0 2026-09-21 16:56:03
   1    0            0    102167712       145912     23261412    0    0     0    40 6120 10727   1   1  98   0   0 2026-09-21 16:56:04
   0    0            0    102168208       145912     23261412    0    0     0     0 6066 10661   1   1  98   0   0 2026-09-21 16:56:05
   0    0            0    102168216       145912     23261416    0    0     0    36 6054 10587   1   1  98   0   0 2026-09-21 16:56:06
   0    0            0    102173184       145912     23261420    0    0     0     0 6025 10553   1   1  98   0   0 2026-09-21 16:56:07
   1    0            0    102172984       145912     23261420    0    0     0     0 6035 10564   1   1  98   0   0 2026-09-21 16:56:08
   1    0            0    102172984       145920     23261420    0    0     0    60 6132 10789   1   1  98   0   0 2026-09-21 16:56:09
--procs-- -----------------------memory---------------------- ---swap-- -----io---- -system-- --------cpu-------- -----timestamp-----
   r    b         swpd         free         buff        cache   si   so    bi    bo   in   cs  us  sy  id  wa  st                 KST
   1    0            0    102173760       145920     23261424    0    0     0     0 6341 10711   1   1  98   0   0 2026-09-21 16:56:10
   1    0            0    102180480       145920     23261424    0    0     0     0 6249 10674   1   1  98   0   0 2026-09-21 16:56:11
   1    0            0    102180744       145920     23261432    0    0     0    36 6072 10577   1   1  98   0   0 2026-09-21 16:56:12
   0    0            0    102180752       145920     23261432    0    0     0     0 6075 10692   1   1  98   0   0 2026-09-21 16:56:13
   0    0            0    102180752       145928     23261436    0    0     0    36 6191 10787   1   1  98   0   0 2026-09-21 16:56:14
   1    0            0    102180496       145928     23261436    0    0     0     0 6147 10778   1   1  98   0   0 2026-09-21 16:56:15
   1    0            0    102180240       145928     23261440    0    0     0     0 6082 10655   1   1  98   0   0 2026-09-21 16:56:16
   1    0            0    102179488       145928     23261448    0    0     0    44 6011 10590   1   1  98   0   0 2026-09-21 16:56:17
   1    0            0    102179520       145928     23261448    0    0     0     0 6174 10707   1   1  98   0   0 2026-09-21 16:56:18
   0    0            0    102178768       145936     23261452    0    0     0    92 6213 10726   1   1  98   0   0 2026-09-21 16:56:19
   0    0            0    102179520       145936     23261452    0    0     0     0 6089 10604   1   1  98   0   0 2026-09-21 16:56:20
   0    0            0    102179528       145936     23261456    0    0     0     0 6077 10622   1   1  98   0   0 2026-09-21 16:56:21
   1    0            0    102179024       145936     23261460    0    0     0     0 6026 10489   1   1  98   0   0 2026-09-21 16:56:22
   1    0            0    102179280       145936     23261460    0    0     0    36 6235 11477   1   1  98   0   0 2026-09-21 16:56:23
   1    0            0    102176512       145944     23261464    0    0     0    36 6130 10693   1   1  98   0   0 2026-09-21 16:56:24
   1    0            0    102176768       145944     23261468    0    0     0     0 6067 10613   1   1  98   0   0 2026-09-21 16:56:25
   0    0            0    102175760       145944     23261468    0    0     0     0 6062 10572   1   1  98   0   0 2026-09-21 16:56:26
   1    0            0    102175760       145944     23261468    0    0     0     0 6099 10501   1   1  98   0   0 2026-09-21 16:56:27
   0    0            0    102177024       145944     23261472    0    0     0    36 6137 10653   1   1  98   0   0 2026-09-21 16:56:28
   1    0            0    102177272       145952     23261480    0    0     0    84 6092 10706   1   1  98   0   0 2026-09-21 16:56:29
   1    0            0    102183072       145952     23261488    0    0     0     0 6077 10581   1   1  98   0   0 2026-09-21 16:56:30
--procs-- -----------------------memory---------------------- ---swap-- -----io---- -system-- --------cpu-------- -----timestamp-----
   r    b         swpd         free         buff        cache   si   so    bi    bo   in   cs  us  sy  id  wa  st                 KST
   0    0            0    102181968       145952     23261492    0    0     0     0 6174 10655   1   1  98   0   0 2026-09-21 16:56:31
   0    0            0    102182736       145952     23261492    0    0     0     0 6022 10571   1   1  98   0   0 2026-09-21 16:56:32
   1    0            0    102182504       145952     23261492    0    0     0     0 6240 10733   1   1  98   0   0 2026-09-21 16:56:33
   2    0            0    102182256       145960     23261496    0    0     0    96 6108 10743   1   1  98   0   0 2026-09-21 16:56:34
   1    0            0    102182752       145960     23261496    0    0     0     0 6179 10658   1   1  98   0   0 2026-09-21 16:56:35
   3    0            0    102182296       145960     23261504    0    0     0     0 6070 10639   1   1  98   0   0 2026-09-21 16:56:36
   0    0            0    102181840       145960     23261504    0    0     0     0 6089 10568   1   1  98   0   0 2026-09-21 16:56:37
   1    0            0    102181080       145960     23261504    0    0     0     0 6017 10597   1   1  98   0   0 2026-09-21 16:56:38
   1    0            0    102180832       145968     23261508    0    0     0   100 6089 10681   1   1  98   0   0 2026-09-21 16:56:39
   1    0            0    102180832       145968     23261508    0    0     0     0 6072 10558   1   1  98   0   0 2026-09-21 16:56:40
   1    0            0    102185376       145968     23261520    0    0     0     0 6184 10638   1   1  98   0   0 2026-09-21 16:56:41
   1    0            0    102185080       145968     23261520    0    0     0     0 6038 10525   1   1  98   0   0 2026-09-21 16:56:42
   0    0            0    102185264       145968     23261524    0    0     0     0 6151 10604   1   1  98   0   0 2026-09-21 16:56:43
   0    0            0    102187936       145976     23261524    0    0     0    36 6163 10715   1   1  98   0   0 2026-09-21 16:56:44
   0    0            0    102188096       145976     23261524    0    0     0    40 6147 10710   1   1  98   0   0 2026-09-21 16:56:45
   0    0            0    102187088       145984     23261532    0    0     0    52 6088 10592   1   1  98   0   0 2026-09-21 16:56:46
   1    0            0    102186888       145984     23261532    0    0     0     0 6039 10507   1   1  98   0   0 2026-09-21 16:56:47
   1    0            0    102198992       146000     23261552    0    0     0    56 7335 11721   1   1  98   0   0 2026-09-21 16:56:48
   1    0            0    102199088       146008     23261548    0    0     0    72 6154 10736   1   1  98   0   0 2026-09-21 16:56:49
   1    0            0    102199680       146008     23261548    0    0     0    36 6028 10562   1   1  98   0   0 2026-09-21 16:56:50
   2    0            0    102197440       146008     23261552    0    0     0   584 6170 10633   1   1  98   0   0 2026-09-21 16:56:51
--procs-- -----------------------memory---------------------- ---swap-- -----io---- -system-- --------cpu-------- -----timestamp-----
   r    b         swpd         free         buff        cache   si   so    bi    bo   in   cs  us  sy  id  wa  st                 KST
   1    0            0    102197472       146008     23261560    0    0     4     0 6219 10664   1   1  98   0   0 2026-09-21 16:56:52
   0    0            0    102197248       146008     23261560    0    0     0     0 6285 11567   1   1  98   0   0 2026-09-21 16:56:53
   2    0            0    102195736       146016     23261568    0    0     0    60 6277 11455   1   1  98   0   0 2026-09-21 16:56:54
   1    0            0    102195584       146016     23261580    0    0     0     0 6248 11449   1   1  98   0   0 2026-09-21 16:56:55
   1    0            0    102195872       146016     23261584    0    0     0    48 6265 11294   1   1  98   0   0 2026-09-21 16:56:56
   0    0            0    102195984       146016     23261588    0    0     0   220 6215 11393   1   1  98   0   0 2026-09-21 16:56:57
   1    0            0    102196048       146016     23261588    0    0     0     0 6278 11317   1   1  98   0   0 2026-09-21 16:56:58
   0    0            0    102195560       146024     23261592    0    0     0   120 6315 11344   1   1  98   0   0 2026-09-21 16:56:59
   0    0            0    102195680       146024     23261592    0    0     0     0 6168 11356   1   1  98   0   0 2026-09-21 16:57:00
   0    0            0    102194424       146024     23261596    0    0     0    36 6402 11541   1   1  98   0   0 2026-09-21 16:57:01
   0    0            0    102194176       146024     23261724    0    0     0     0 6424 11411   1   1  98   0   0 2026-09-21 16:57:02
   1    0            0    102194144       146024     23261732    0    0     0   224 6163 11191   1   1  98   0   0 2026-09-21 16:57:03
   1    0            0    102193640       146032     23261732    0    0     0    60 6232 11427   1   1  98   0   0 2026-09-21 16:57:04
   2    0            0    102195384       146032     23261740    0    0     0     0 6284 11520   1   1  98   0   0 2026-09-21 16:57:05
   1    0            0    102195136       146032     23261740    0    0     0     0 6273 11397   1   1  98   0   0 2026-09-21 16:57:06
   1    0            0    102193120       146032     23261740    0    0     0    40 6343 11419   1   1  98   0   0 2026-09-21 16:57:07
   0    0            0    102192800       146032     23261744    0    0     0     0 6229 11396   1   1  98   0   0 2026-09-21 16:57:08
   0    0            0    102192048       146040     23261744    0    0     0   116 6202 11477   1   1  98   0   0 2026-09-21 16:57:09
   1    0            0    102191552       146040     23261752    0    0     0   136 6397 11434   1   1  98   0   0 2026-09-21 16:57:10
   1    0            0    102190624       146040     23261752    0    0     0     0 6249 11478   1   1  98   0   0 2026-09-21 16:57:11
   1    0            0    102190880       146040     23261752    0    0     0    40 6129 11240   1   1  98   0   0 2026-09-21 16:57:12
--procs-- -----------------------memory---------------------- ---swap-- -----io---- -system-- --------cpu-------- -----timestamp-----
   r    b         swpd         free         buff        cache   si   so    bi    bo   in   cs  us  sy  id  wa  st                 KST
   1    0            0    102191136       146040     23261756    0    0     0     0 6218 11407   1   1  98   0   0 2026-09-21 16:57:13
   1    0            0    102190144       146048     23261760    0    0     0    60 6350 11744   1   1  98   0   0 2026-09-21 16:57:14
   1    0            0    102190432       146048     23261768    0    0     0     0 6342 11571   1   1  98   0   0 2026-09-21 16:57:15
   1    0            0    102190688       146048     23261768    0    0     0     0 6147 11343   1   1  98   0   0 2026-09-21 16:57:16
   0    0            0    102190432       146048     23261768    0    0     0     0 6167 11440   1   1  98   0   0 2026-09-21 16:57:17
   1    0            0    102190184       146048     23261776    0    0     0    32 6201 11444   1   1  98   0   0 2026-09-21 16:57:18
   1    0            0    102189936       146056     23261776    0    0     0    84 6260 11363   1   1  98   0   0 2026-09-21 16:57:19
   1    0            0    102189176       146056     23261780    0    0     0     0 6209 11468   1   1  98   0   0 2026-09-21 16:57:20
   1    0            0    102189200       146056     23261784    0    0     0     0 6205 11408   1   1  98   0   0 2026-09-21 16:57:21
   1    0            0    102188752       146056     23261784    0    0     0     0 6237 11143   1   1  98   0   0 2026-09-21 16:57:22
   0    0            0    102188480       146056     23261784    0    0     0    40 6253 11474   1   1  98   0   0 2026-09-21 16:57:23
   0    0            0    102188144       146064     23261792    0    0     0    64 6225 11306   1   1  98   0   0 2026-09-21 16:57:24
   1    0            0    102188144       146064     23261792    0    0     0     0 6274 11575   1   1  98   0   0 2026-09-21 16:57:25
   1    0            0    102187632       146064     23261800    0    0     0     0 6197 11356   1   1  98   0   0 2026-09-21 16:57:26
   1    0            0    102187928       146064     23261800    0    0     0     0 6196 11347   1   1  98   0   0 2026-09-21 16:57:27
   0    0            0    102187520       146064     23261804    0    0     0    44 6237 11314   1   1  98   0   0 2026-09-21 16:57:28
   1    0            0    102188272       146072     23261804    0    0     0   112 6315 11552   1   1  98   0   0 2026-09-21 16:57:29
   0    0            0    102187768       146072     23261812    0    0     0     0 6287 11499   1   1  98   0   0 2026-09-21 16:57:30
   1    0            0    102187264       146072     23261820    0    0     0     0 6138 11192   1   1  98   0   0 2026-09-21 16:57:31
   1    0            0    102187272       146072     23261820    0    0     0     0 6192 11366   1   1  98   0   0 2026-09-21 16:57:32
   1    0            0    102187272       146072     23261820    0    0     0    40 6239 11324   1   1  98   0   0 2026-09-21 16:57:33
--procs-- -----------------------memory---------------------- ---swap-- -----io---- -system-- --------cpu-------- -----timestamp-----
   r    b         swpd         free         buff        cache   si   so    bi    bo   in   cs  us  sy  id  wa  st                 KST
   1    0            0    102186768       146080     23261828    0    0     0    48 6297 11510   1   1  98   0   0 2026-09-21 16:57:34
   0    0            0    102186264       146080     23261828    0    0     0     0 6301 11571   1   1  98   0   0 2026-09-21 16:57:35
   0    0            0    102186272       146080     23261828    0    0     0     0 6124 11270   1   1  98   0   0 2026-09-21 16:57:36
   0    0            0    102186520       146080     23261832    0    0     0     0 6277 11481   1   1  98   0   0 2026-09-21 16:57:37
   1    0            0    102185760       146080     23261832    0    0     0     0 6243 11502   1   1  98   0   0 2026-09-21 16:57:38
   2    0            0    102185552       146088     23261844    0    0     0   104 6079 10608   1   1  98   0   0 2026-09-21 16:57:39
   1    0            0    102185392       146088     23261844    0    0     0     0 6001 10446   1   1  98   0   0 2026-09-21 16:57:40
   1    0            0    102184800       146088     23261844    0    0     0     0 5986 10565   1   1  98   0   0 2026-09-21 16:57:41
   0    0            0    102185056       146088     23261848    0    0     0     0 5932 10468   1   1  98   0   0 2026-09-21 16:57:42
   1    0            0    102184896       146088     23261848    0    0     0     0 6011 10483   1   1  98   0   0 2026-09-21 16:57:43
   1    0            0    102184648       146096     23261852    0    0     0    60 6047 10629   1   1  98   0   0 2026-09-21 16:57:44
   1    0            0    102185536       146096     23261856    0    0     0     0 6182 10818   1   1  98   0   0 2026-09-21 16:57:45
   0    0            0    102184784       146096     23261856    0    0     0     0 6032 10594   1   1  98   0   0 2026-09-21 16:57:46
   0    0            0    102184576       146096     23261856    0    0     0     0 6085 10568   1   1  98   0   0 2026-09-21 16:57:47
   0    0            0    102184496       146096     23261860    0    0     0     0 6191 10670   1   1  98   0   0 2026-09-21 16:57:48
   1    0            0    102187152       146104     23261864    0    0     4    84 7356 11875   1   1  98   0   0 2026-09-21 16:57:49
   1    0            0    102187792       146104     23261880    0    0     0    40 6074 10606   1   1  98   0   0 2026-09-21 16:57:50
   1    0            0    102187544       146104     23261880    0    0     0     0 6035 10554   1   1  98   0   0 2026-09-21 16:57:51
   1    0            0    102187040       146104     23261888    0    0     0     0 5973 10473   1   1  98   0   0 2026-09-21 16:57:52
   1    0            0    102187048       146104     23261888    0    0     0     0 6013 10617   1   1  98   0   0 2026-09-21 16:57:53
   0    0            0    102187168       146112     23261904    0    0     0   612 6091 10694   1   1  98   0   0 2026-09-21 16:57:54
--procs-- -----------------------memory---------------------- ---swap-- -----io---- -system-- --------cpu-------- -----timestamp-----
   r    b         swpd         free         buff        cache   si   so    bi    bo   in   cs  us  sy  id  wa  st                 KST
   1    0            0    102186168       146112     23261912    0    0     0    40 6056 10570   1   1  98   0   0 2026-09-21 16:57:55
   1    0            0    102185920       146112     23261912    0    0     0     0 6088 10556   1   1  98   0   0 2026-09-21 16:57:56
   0    0            0    102185920       146112     23261912    0    0     0     0 6121 10622   1   1  98   0   0 2026-09-21 16:57:57
   1    0            0    102186176       146112     23261916    0    0     0     0 6052 10515   1   1  98   0   0 2026-09-21 16:57:58
   1    0            0    102185664       146120     23261920    0    0     0    96 6050 10639   1   1  98   0   0 2026-09-21 16:57:59
   1    0            0    102184976       146120     23261924    0    0     0     0 6079 10509   1   1  98   0   0 2026-09-21 16:58:00
   1    0            0    102185808       146120     23261924    0    0     0    40 6104 10611   1   1  98   0   0 2026-09-21 16:58:01
   1    0            0    102184304       146120     23261928    0    0     0     0 5963 10446   1   1  98   0   0 2026-09-21 16:58:02
   2    0            0    102185312       146120     23261928    0    0     0     0 6011 10532   1   1  98   0   0 2026-09-21 16:58:03
   0    0            0    102184848       146128     23261932    0    0     0    52 6029 10621   1   1  98   0   0 2026-09-21 16:58:04
   1    0            0    102185104       146128     23261936    0    0     0     0 6069 10606   1   1  98   0   0 2026-09-21 16:58:05
   1    0            0    102185368       146128     23261940    0    0     0     0 6027 10577   1   1  98   0   0 2026-09-21 16:58:06
   1    0            0    102184880       146128     23261940    0    0     0    36 6031 10494   1   1  98   0   0 2026-09-21 16:58:07
   1    0            0    102184880       146128     23261944    0    0     0     0 6118 11374   1   1  98   0   0 2026-09-21 16:58:08
   1    0            0    102184624       146136     23261940    0    0     0    48 6128 10684   1   1  98   0   0 2026-09-21 16:58:09
   0    0            0    102183376       146136     23261948    0    0     0     0 6255 10730   1   1  98   0   0 2026-09-21 16:58:10
   0    0            0    102182448       146136     23261948    0    0     0     0 6180 10618   1   1  98   0   0 2026-09-21 16:58:11
   1    0            0    102181536       146136     23261952    0    0     0    36 6041 10539   1   1  98   0   0 2026-09-21 16:58:12
   1    0            0    102181536       146136     23261952    0    0     0     0 6104 10708   1   1  98   0   0 2026-09-21 16:58:13
   1    0            0    102180776       146144     23261956    0    0     0    60 6133 10743   1   1  98   0   0 2026-09-21 16:58:14
   1    0            0    102180776       146144     23261964    0    0     0     0 6092 10814   1   1  98   0   0 2026-09-21 16:58:15
--procs-- -----------------------memory---------------------- ---swap-- -----io---- -system-- --------cpu-------- -----timestamp-----
   r    b         swpd         free         buff        cache   si   so    bi    bo   in   cs  us  sy  id  wa  st                 KST
   1    0            0    102180016       146144     23261964    0    0     0     0 6010 10535   1   1  98   0   0 2026-09-21 16:58:16
   0    0            0    102180272       146144     23261968    0    0     0    40 6020 10584   1   1  98   0   0 2026-09-21 16:58:17
   0    0            0    102180528       146144     23261968    0    0     0     0 6077 10560   1   1  98   0   0 2026-09-21 16:58:18
   2    0            0    102180776       146152     23261980    0    0     0    52 6086 10717   1   1  98   0   0 2026-09-21 16:58:19
   1    0            0    102181024       146152     23261980    0    0     0     0 6036 10622   1   1  98   0   0 2026-09-21 16:58:20
   1    0            0    102181280       146152     23261980    0    0     0     0 6111 10600   1   1  98   0   0 2026-09-21 16:58:21
   1    0            0    102181024       146152     23261984    0    0     0     0 6018 10562   1   1  98   0   0 2026-09-21 16:58:22
   0    0            0    102181520       146152     23261984    0    0     0    40 6038 10578   1   1  98   0   0 2026-09-21 16:58:23
   0    0            0    102180512       146160     23261992    0    0     0    72 6082 10631   1   1  98   0   0 2026-09-21 16:58:24
   2    0            0    102180512       146160     23261996    0    0     0     0 6102 10603   1   1  98   0   0 2026-09-21 16:58:25
   1    0            0    102180136       146160     23262000    0    0     0     0 6090 10531   1   1  98   0   0 2026-09-21 16:58:26
   1    0            0    102179376       146160     23262000    0    0     0     0 6040 10547   1   1  98   0   0 2026-09-21 16:58:27
   0    0            0    102179128       146160     23262000    0    0     0    40 6090 10620   1   1  98   0   0 2026-09-21 16:58:28
   0    0            0    102178384       146168     23262008    0    0     0    48 6134 10755   1   1  98   0   0 2026-09-21 16:58:29
   1    0            0    102178744       146168     23262008    0    0     0     0 6056 10665   1   1  98   0   0 2026-09-21 16:58:30
   0    0            0    102179584       146168     23262012    0    0     0     0 6102 10616   1   1  98   0   0 2026-09-21 16:58:31
   0    0            0    102179840       146168     23262016    0    0     0     0 6058 10511   1   1  98   0   0 2026-09-21 16:58:32
   1    0            0    102180096       146168     23262016    0    0     0    40 6092 10697   1   1  98   0   0 2026-09-21 16:58:33
   1    0            0    102180352       146176     23262024    0    0     0    92 6100 10658   1   1  98   0   0 2026-09-21 16:58:34
   1    0            0    102180600       146176     23262028    0    0     0     0 6030 10622   1   1  98   0   0 2026-09-21 16:58:35
   0    0            0    102180848       146176     23262032    0    0     0     0 6030 10586   1   1  98   0   0 2026-09-21 16:58:36
--procs-- -----------------------memory---------------------- ---swap-- -----io---- -system-- --------cpu-------- -----timestamp-----
   r    b         swpd         free         buff        cache   si   so    bi    bo   in   cs  us  sy  id  wa  st                 KST
   0    0            0    102181104       146176     23262032    0    0     0     0 6061 10612   1   1  98   0   0 2026-09-21 16:58:37
   0    0            0    102180848       146176     23262040    0    0     0    44 6323 11606   1   1  98   0   0 2026-09-21 16:58:38
   0    0            0    102181120       146184     23262040    0    0     0    44 6152 10670   1   1  98   0   0 2026-09-21 16:58:39
   0    0            0    102181392       146184     23262044    0    0     0     0 6009 10548   1   1  98   0   0 2026-09-21 16:58:40
   1    0            0    102180640       146184     23262044    0    0     0     0 6040 10592   1   1  98   0   0 2026-09-21 16:58:41
   0    0            0    102180640       146184     23262044    0    0     0     0 6017 10582   1   1  98   0   0 2026-09-21 16:58:42
   1    0            0    102180128       146184     23262052    0    0     0     0 6123 10684   1   1  98   0   0 2026-09-21 16:58:43
   1    0            0    102179888       146192     23262052    0    0     0    96 6112 10729   1   1  98   0   0 2026-09-21 16:58:44
   1    0            0    102179392       146192     23262056    0    0     0     0 6046 10625   1   1  98   0   0 2026-09-21 16:58:45
   0    0            0    102179648       146192     23262056    0    0     0     0 5999 10525   1   1  98   0   0 2026-09-21 16:58:46
   0    0            0    102179648       146192     23262064    0    0     0     0 6038 10582   1   1  98   0   0 2026-09-21 16:58:47
   1    0            0    102179904       146192     23262064    0    0     0     0 6117 10632   1   1  98   0   0 2026-09-21 16:58:48
   0    0            0    102182256       146200     23262080    0    0     0    92 7316 11908   1   1  97   0   0 2026-09-21 16:58:49
   0    0            0    102182008       146200     23262072    0    0     0     0 6054 10567   1   1  98   0   0 2026-09-21 16:58:50
   1    0            0    102182768       146200     23262076    0    0     0     0 6165 10632   1   1  98   0   0 2026-09-21 16:58:51
   1    0            0    102182272       146200     23262076    0    0     0     0 6000 10507   1   1  98   0   0 2026-09-21 16:58:52
   1    0            0    102182272       146200     23262084    0    0     0     0 6055 10617   1   1  98   0   0 2026-09-21 16:58:53
   2    0            0    102180256       146208     23262592    0    0   516   660 6198 10788   1   1  98   0   0 2026-09-21 16:58:54
   3    0            0    102178744       146208     23263248    0    0   648    36 6276 11227   1   1  98   0   0 2026-09-21 16:58:55
   1    0            0    102177744       146208     23263252    0    0     0     0 6004 10533   1   1  98   0   0 2026-09-21 16:58:56
   0    0            0    102177488       146208     23263252    0    0     0     0 6044 10638   1   1  98   0   0 2026-09-21 16:58:57
--procs-- -----------------------memory---------------------- ---swap-- -----io---- -system-- --------cpu-------- -----timestamp-----
   r    b         swpd         free         buff        cache   si   so    bi    bo   in   cs  us  sy  id  wa  st                 KST
   1    0            0    102177232       146208     23263256    0    0     0     0 6070 10627   1   1  98   0   0 2026-09-21 16:58:58
   1    0            0    102176224       146216     23263260    0    0     0    52 6139 10740   1   1  98   0   0 2026-09-21 16:58:59
   1    0            0    102175984       146216     23263268    0    0     0    40 6182 10642   1   1  98   0   0 2026-09-21 16:59:00
   1    0            0    102175984       146216     23263276    0    0     0     0 6167 10677   1   1  98   0   0 2026-09-21 16:59:01
   0    0            0    102175984       146216     23263276    0    0     0     0 5991 10500   1   1  98   0   0 2026-09-21 16:59:02
   0    0            0    102174976       146216     23263280    0    0     0     0 6085 10640   1   1  98   0   0 2026-09-21 16:59:03
   1    0            0    102174496       146224     23263280    0    0     0    84 6135 10687   1   1  98   0   0 2026-09-21 16:59:04
   2    0            0    102174496       146224     23263284    0    0     0     0 6043 10638   1   1  98   0   0 2026-09-21 16:59:05
   1    0            0    102174256       146224     23263284    0    0     0    40 6023 10485   1   1  98   0   0 2026-09-21 16:59:06
   1    0            0    102173496       146224     23263292    0    0     0     0 6176 10588   1   1  98   0   0 2026-09-21 16:59:07
   0    0            0    102173248       146224     23263292    0    0     0     0 6213 11603   1   1  98   0   0 2026-09-21 16:59:08
   0    0            0    102173248       146232     23263296    0    0     0    48 6281 11652   1   1  98   0   0 2026-09-21 16:59:09
   1    0            0    102172544       146232     23263368    0    0   224     0 6756 12122   1   1  98   0   0 2026-09-21 16:59:10
   1    0            0    102172928       146232     23263524    0    0     0    36 6341 11391   1   1  98   0   0 2026-09-21 16:59:11
   1    0            0    102172416       146232     23263524    0    0     0     0 6240 11434   1   1  98   0   0 2026-09-21 16:59:12
   1    0            0    102172416       146232     23263528    0    0     0     0 6243 11496   1   1  98   0   0 2026-09-21 16:59:13
   1    0            0    102172168       146240     23263528    0    0     0    64 6243 11418   1   1  98   0   0 2026-09-21 16:59:14
   1    0            0    102171408       146240     23263532    0    0     0     0 6180 11242   1   1  98   0   0 2026-09-21 16:59:15
   0    0            0    102171664       146240     23263536    0    0     0    40 6261 11326   1   1  98   0   0 2026-09-21 16:59:16
   0    0            0    102171664       146240     23263544    0    0     0     0 6292 11472   1   1  98   0   0 2026-09-21 16:59:17
   1    0            0    102171664       146240     23263544    0    0     0     0 6179 11503   1   1  98   0   0 2026-09-21 16:59:18
--procs-- -----------------------memory---------------------- ---swap-- -----io---- -system-- --------cpu-------- -----timestamp-----
   r    b         swpd         free         buff        cache   si   so    bi    bo   in   cs  us  sy  id  wa  st                 KST
   2    0            0    102170656       146248     23263544    0    0     0    48 6231 11316   1   1  98   0   0 2026-09-21 16:59:19
   1    0            0    102170664       146248     23263548    0    0     0     0 6181 11402   1   1  98   0   0 2026-09-21 16:59:20
   1    0            0    102170416       146248     23263548    0    0     0    40 6289 11504   1   1  98   0   0 2026-09-21 16:59:21
   1    0            0    102170912       146248     23263556    0    0     0     0 6187 11224   1   1  98   0   0 2026-09-21 16:59:22
   0    0            0    102171168       146248     23263560    0    0     0     0 6146 11234   1   1  98   0   0 2026-09-21 16:59:23
   0    0            0    102171424       146256     23263552    0    0     0    76 6223 11411   1   1  98   0   0 2026-09-21 16:59:24
   1    0            0    102171672       146256     23263560    0    0     0     0 6351 11569   1   1  98   0   0 2026-09-21 16:59:25
   1    0            0    102171424       146256     23263564    0    0     0     0 6238 11406   1   1  98   0   0 2026-09-21 16:59:26
   1    0            0    102171168       146256     23263564    0    0     0    40 6201 11365   1   1  98   0   0 2026-09-21 16:59:27
   1    0            0    102170928       146256     23263572    0    0     0     0 6170 11288   1   1  98   0   0 2026-09-21 16:59:28
   0    0            0    102166400       146264     23263584    0    0     0    36 7447 12443   1   1  98   0   0 2026-09-21 16:59:29
   0    0            0    102160784       146264     23263644    0    0    44     0 8197 12446   1   1  97   0   0 2026-09-21 16:59:30
   1    0            0    102161136       146264     23263644    0    0     0     0 6156 11263   1   1  98   0   0 2026-09-21 16:59:31
   3    0            0    102161136       146264     23263648    0    0     0     0 6188 11442   1   1  98   0   0 2026-09-21 16:59:32
   1    0            0    102161704       146264     23263652    0    0     0    40 6233 11536   1   1  98   0   0 2026-09-21 16:59:33
   0    0            0    102161704       146272     23263648    0    0     0   120 6236 11445   1   1  98   0   0 2026-09-21 16:59:34
   0    0            0    102158176       146272     23266448    0    0  3248   656 6535 13382   1   1  98   0   0 2026-09-21 16:59:35
   1    0            0    102157424       146272     23266912    0    0     0     4 6598 11644   1   1  98   0   0 2026-09-21 16:59:36
   1    0            0    102157680       146272     23266912    0    0     0     0 6254 11435   1   1  98   0   0 2026-09-21 16:59:37
   1    0            0    102157432       146272     23266916    0    0     0    36 6141 11186   1   1  98   0   0 2026-09-21 16:59:38
   0    0            0    102157616       146284     23266904    0    0     0   136 6269 11558   1   1  98   0   0 2026-09-21 16:59:39
--procs-- -----------------------memory---------------------- ---swap-- -----io---- -system-- --------cpu-------- -----timestamp-----
   r    b         swpd         free         buff        cache   si   so    bi    bo   in   cs  us  sy  id  wa  st                 KST
   0    0            0    102157360       146284     23266924    0    0     0     0 6258 11523   1   1  98   0   0 2026-09-21 16:59:40
   0    0            0    102157360       146284     23266932    0    0     0     0 6214 11414   1   1  98   0   0 2026-09-21 16:59:41
   1    0            0    102157616       146284     23266936    0    0     0     0 6209 11430   1   1  98   0   0 2026-09-21 16:59:42
   1    0            0    102158120       146284     23266936    0    0     0    40 6225 11281   1   1  98   0   0 2026-09-21 16:59:43
   2    0            0    102158128       146292     23266932    0    0     0   164 6243 11514   1   1  98   0   0 2026-09-21 16:59:44
   1    0            0    102157872       146292     23266940    0    0     0     0 6308 11706   1   1  98   0   0 2026-09-21 16:59:45
   0    0            0    102157872       146292     23266948    0    0     0     0 6225 11392   1   1  98   0   0 2026-09-21 16:59:46
   0    0            0    102157632       146292     23266952    0    0     0     0 6246 11494   1   1  98   0   0 2026-09-21 16:59:47
   1    0            0    102157632       146292     23266952    0    0     0    40 6175 11205   1   1  98   0   0 2026-09-21 16:59:48
   1    0            0    102161896       146300     23266944    0    0     0    44 7635 12618   1   1  97   0   0 2026-09-21 16:59:49
   1    0            0    102162096       146300     23266956    0    0     0     0 6187 11359   1   1  98   0   0 2026-09-21 16:59:50
   1    0            0    102162352       146300     23266956    0    0     0     0 6197 11500   1   1  98   0   0 2026-09-21 16:59:51
   0    0            0    102161856       146300     23266964    0    0     0     0 6101 11258   1   1  98   0   0 2026-09-21 16:59:52
   0    0            0    102160848       146300     23266964    0    0     0     0 6137 11293   1   1  98   0   0 2026-09-21 16:59:53
   0    0            0    102159840       146308     23266964    0    0     0   676 6312 11626   1   1  98   0   0 2026-09-21 16:59:54
   1    0            0    102158080       146308     23266972    0    0     0     0 6396 11510   1   1  98   0   0 2026-09-21 16:59:55
   1    0            0    102157888       146308     23266976    0    0     0     0 6181 11419   1   1  98   0   0 2026-09-21 16:59:56
   1    0            0    102157376       146308     23266976    0    0     0     0 6298 11459   1   1  98   0   0 2026-09-21 16:59:57
   1    0            0    102156624       146308     23266980    0    0     0     0 6264 11423   1   1  98   0   0 2026-09-21 16:59:58
   0    0            0    102156392       146316     23266984    0    0     0    80 6271 11488   1   1  98   0   0 2026-09-21 16:59:59
   0    0            0    102155632       146316     23266984    0    0     0    16 6227 11354   1   1  98   0   0 2026-09-21 17:00:00
--procs-- -----------------------memory---------------------- ---swap-- -----io---- -system-- --------cpu-------- -----timestamp-----
   r    b         swpd         free         buff        cache   si   so    bi    bo   in   cs  us  sy  id  wa  st                 KST
   0    0            0    102155632       146316     23266988    0    0     0     0 6254 11630   1   1  98   0   0 2026-09-21 17:00:01
   1    0            0    102155640       146316     23266988    0    0     0     0 6298 11427   1   1  98   0   0 2026-09-21 17:00:02
   2    0            0    102155640       146316     23266992    0    0     0     0 6253 11188   1   1  98   0   0 2026-09-21 17:00:03
   1    0            0    102155640       146324     23266992    0    0     0   164 6240 11266   1   1  98   0   0 2026-09-21 17:00:04
   0    0            0    102155552       146324     23266996    0    0     0     0 6307 11519   1   1  98   0   0 2026-09-21 17:00:05
   0    0            0    102155056       146324     23267000    0    0     0     0 6226 11559   1   1  98   0   0 2026-09-21 17:00:06
   1    0            0    102154544       146324     23267004    0    0     0     0 6177 11430   1   1  98   0   0 2026-09-21 17:00:07
   2    0            0    102154048       146324     23267008    0    0     0     0 6185 11388   1   1  98   0   0 2026-09-21 17:00:08
   2    0            0    102153296       146332     23267008    0    0     0    76 6278 11478   1   1  98   0   0 2026-09-21 17:00:09
   1    0            0    102153552       146332     23267016    0    0     0     0 6585 11506   1   1  98   0   0 2026-09-21 17:00:10
   0    0            0    102153840       146332     23267020    0    0     0     0 6457 11595   1   1  98   0   0 2026-09-21 17:00:11
   0    0            0    102154096       146332     23267020    0    0     0     0 6245 11341   1   1  98   0   0 2026-09-21 17:00:12
   1    0            0    102154864       146332     23267024    0    0     0     0 6321 11521   1   1  98   0   0 2026-09-21 17:00:13
   1    0            0    102154088       146340     23267024    0    0     0    76 6307 11385   1   1  98   0   0 2026-09-21 17:00:14
   1    0            0    102153080       146340     23267028    0    0     0    40 6301 11568   1   1  98   0   0 2026-09-21 17:00:15
   1    0            0    102109920       147388     23293124    0    0 26824     0 7841 14243   2   1  97   0   0 2026-09-21 17:00:16
   2    0            0    102108896       147400     23293112    0    0   312     0 6560 13260   1   1  98   0   0 2026-09-21 17:00:17
   2    0            0    102110488       147816     23294720    0    0  1572     0 8272 20307   3   1  96   0   0 2026-09-21 17:00:18
   0    0            0    102109808       147824     23294808    0    0     0   188 6299 11508   1   1  98   0   0 2026-09-21 17:00:19
   0    0            0    102109968       147824     23294812    0    0     0    40 6241 11504   1   1  98   0   0 2026-09-21 17:00:20
   0    0            0    102110496       147824     23294816    0    0     0   472 6268 11327   1   1  98   0   0 2026-09-21 17:00:21
--procs-- -----------------------memory---------------------- ---swap-- -----io---- -system-- --------cpu-------- -----timestamp-----
   r    b         swpd         free         buff        cache   si   so    bi    bo   in   cs  us  sy  id  wa  st                 KST
   0    0            0    102110752       147824     23294816    0    0     0     0 6226 11287   1   1  98   0   0 2026-09-21 17:00:22
   2    0            0    102110752       147824     23294816    0    0     0     0 6493 11520   1   1  98   0   0 2026-09-21 17:00:23
   1    0            0    102111256       147832     23294816    0    0     0   216 6429 11427   1   1  98   0   0 2026-09-21 17:00:24
   2    0            0    102111008       147832     23294828    0    0     0    36 6303 11413   1   1  98   0   0 2026-09-21 17:00:25
   0    0            0    102111520       147832     23294832    0    0     0     0 6192 11241   1   1  98   0   0 2026-09-21 17:00:26
   0    0            0    102111520       147832     23294832    0    0     0     0 6150 11292   1   1  98   0   0 2026-09-21 17:00:27
   1    0            0    102111520       147832     23294836    0    0     0     0 6359 11240   1   1  98   0   0 2026-09-21 17:00:28
   1    0            0    102112016       147840     23294836    0    0     0    36 6341 11592   1   1  98   0   0 2026-09-21 17:00:29
   1    0            0    102112776       147840     23294844    0    0     0    40 6212 11362   1   1  98   0   0 2026-09-21 17:00:30
   1    0            0    102113360       147840     23294848    0    0     0     0 6236 11377   1   1  98   0   0 2026-09-21 17:00:31
   1    0            0    102113792       147840     23294852    0    0     0     0 6156 11320   1   1  98   0   0 2026-09-21 17:00:32
   1    0            0    102114040       147840     23294852    0    0     0     0 6239 11405   1   1  98   0   0 2026-09-21 17:00:33
   0    0            0    102113544       147848     23294856    0    0     0    76 6186 11429   1   1  98   0   0 2026-09-21 17:00:34
   1    0            0    102112792       147848     23294856    0    0     0     0 6263 11403   1   1  98   0   0 2026-09-21 17:00:35
   1    0            0    102111784       147848     23294860    0    0     0    36 6234 11427   1   1  98   0   0 2026-09-21 17:00:36
   1    0            0    102111536       147848     23294860    0    0     0     0 6041 10646   1   1  98   0   0 2026-09-21 17:00:37
   1    0            0    102111784       147848     23294864    0    0     0     0 6032 10597   1   1  98   0   0 2026-09-21 17:00:38
   1    0            0    102112368       147856     23294868    0    0     0    44 6199 10736   1   1  98   0   0 2026-09-21 17:00:39
   0    0            0    102112368       147856     23294876    0    0     0     0 6080 10662   1   1  98   0   0 2026-09-21 17:00:40
   1    0            0    102111632       147856     23294876    0    0     0    44 6149 10742   1   1  98   0   0 2026-09-21 17:00:41
   1    0            0    102111136       147856     23294880    0    0     0     0 6073 10567   1   1  98   0   0 2026-09-21 17:00:42
--procs-- -----------------------memory---------------------- ---swap-- -----io---- -system-- --------cpu-------- -----timestamp-----
   r    b         swpd         free         buff        cache   si   so    bi    bo   in   cs  us  sy  id  wa  st                 KST
   1    0            0    102110624       147856     23294880    0    0     0     0 6079 10558   1   1  98   0   0 2026-09-21 17:00:43
   1    0            0    102109376       147864     23294888    0    0     0   104 5488 10656   0   0  99   0   0 2026-09-21 17:00:44
   2    0            0    102109872       147864     23294892    0    0     0     0 5386 10502   0   0 100   0   0 2026-09-21 17:00:45
   0    0            0    102109632       147864     23294892    0    0     0   168 5627 10658   0   0 100   0   0 2026-09-21 17:00:46
   0    0            0    102109648       147864     23294896    0    0     0     0 5431 10569   0   0 100   0   0 2026-09-21 17:00:47
   2    0            0    102109392       147864     23294896    0    0     0     0 5481 10570   0   0 100   0   0 2026-09-21 17:00:48
   4    1            0    102115568       147872     23295432    0    0 2993156    72 14384 17990   3   2  92   4   0 2026-09-21 17:00:49
   6    0            0    102116224       147872     23295808    0    0 4124672     0 15482 18946   4   2  90   5   0 2026-09-21 17:00:50
   1    4            0    102116224       147872     23295852    0    0 3969024   960 15154 18786   3   2  90   5   0 2026-09-21 17:00:51
   1    4            0    102115976       147872     23295904    0    0 4378624     0 16359 19992   4   2  89   5   0 2026-09-21 17:00:52
   4    1            0    102114752       147872     23295932    0    0 2685952     0 12909 16490   5   1  91   4   0 2026-09-21 17:00:53
   1    0            0    102116464       147884     23295988    0    0 3475456  1216 14698 18355   5   1  89   5   0 2026-09-21 17:00:54
   2    2            0    102116976       147884     23296080    0    0 3427328   532 14642 18544   5   1  89   4   0 2026-09-21 17:00:55
   0    0            0    102117744       147884     23296096    0    0 349184     0 6565 11483   1   0  98   0   0 2026-09-21 17:00:56
   1    0            0    102117232       147888     23296096    0    0     0   260 5504 10662   0   0 100   0   0 2026-09-21 17:00:57
   0    0            0    102116736       147888     23296104    0    0     0     0 5414 10570   0   0 100   0   0 2026-09-21 17:00:58
   1    0            0    102115224       147900     23296100    0    0     0   316 5437 10653   0   0 100   0   0 2026-09-21 17:00:59
   0    0            0    102113712       147900     23296112    0    0     0     0 5375 10585   0   0 100   0   0 2026-09-21 17:01:00
   1    0            0    102115152       147900     23296116    0    0     0     0 6733 10794   2   0  98   0   0 2026-09-21 17:01:01
   0    0            0    110646016       147900     14889580    0    0     0   216 6243 9863   1   2  97   0   0 2026-09-21 17:01:02
