wall_ns,MemAvailable_kB,Dirty_kB,Writeback_kB,Shmem_kB,Mlocked_kB
1789555661664673190,124756508,9672,0,1168,0
1789555662909208218,124713032,9748,0,1168,0
1789555664142899192,124654448,9812,0,1168,0
1789555665399424613,124626928,9884,0,1168,0
1789555666660675284,124622732,9936,0,1168,0
1789555667906117007,124595496,10004,0,1168,0
1789555669173904940,124411972,10092,0,1168,0
1789555670427631546,124262448,10164,0,1168,0
1789555671682798072,124189152,516,4,1168,0
1789555672936531286,123068836,712,0,1168,0
1789555674194044267,123529048,800,0,11408,0
1789555675441252463,123106580,1144,0,48272,0
1789555676698450799,118217236,876,0,48272,0
1789555677963879365,113317672,956,0,48272,0
1789555679229456109,108081988,1020,0,48272,0
1789555680486926596,103155620,1172,0,48272,0
1789555681749736101,98273516,44,0,48272,0
1789555683016888354,93289684,248,0,48272,0
1789555684279941097,88234976,312,0,48272,0
1789555685544674314,83171608,532,0,48272,0
1789555686782891795,78149948,24,0,48272,0
1789555688050744430,73175480,132,0,48272,0
1789555689318806667,67944844,192,0,48272,0
1789555690588305055,62702372,500,0,48272,0
1789555691859642514,57584932,156,0,48272,0
1789555693114750430,56981124,256,0,48272,0
1789555694367179009,57006168,308,0,48272,0
1789555695623036930,57034660,1768,0,48272,0
1789555696876461086,57033300,40,0,48272,0
1789555698143093195,56283364,144,0,48276,0
1789555699429975461,54762012,704,0,48276,0
1789555700702511084,57048584,1412,0,48276,0
1789555701988139390,57008136,148,0,48276,0
1789555703269274171,57005908,26704,0,48276,0
1789555704534883943,57019532,57500,0,48276,0
1789555705788472702,57018108,87436,0,48276,0
1789555707046262301,57013804,109088,0,48276,0
1789555708310979520,57011732,139600,0,48276,0
1789555709578288615,57006224,170392,0,48276,0
1789555710822403087,57002504,200864,0,48276,0
1789555712079420840,57009360,140204,3704,48276,0
1789555713340491397,57007492,5092,0,48276,0
1789555714604267548,57010388,37288,0,48276,0
1789555715867949697,57011948,68500,0,48276,0
1789555717131192008,57005200,100324,0,48276,0
1789555718390290485,57003116,131376,0,48276,0
1789555719654500459,56998188,162944,0,48276,0
1789555720917121543,57002776,194464,0,48276,0
1789555722179434251,57014988,226064,0,48276,0
1789555723448135197,57027464,257240,0,48276,0
1789555724691043875,57034696,288412,0,48276,0
1789555725952883251,57030920,319308,0,48276,0
1789555727212668699,57027968,351004,0,48276,0
1789555728475252470,57034928,383212,0,48276,0
1789555729745851488,57024948,415464,0,48276,0
1789555731006107458,57029112,447360,0,48276,0
1789555732266129233,57026328,480176,0,48276,0
1789555733529548607,57032100,513600,0,48276,0
1789555734795089525,57026620,545752,0,48276,0
1789555736063616507,57025628,577844,0,48276,0
1789555737325748451,57061068,609244,0,48276,0
1789555738578368122,57093684,640656,0,48276,0
1789555739846388478,57095548,284508,2900,48276,0
1789555741115301854,57095240,184816,4472,48276,0
1789555742387890276,57087560,59260,4100,48276,0
1789555743656085226,57107728,19984,0,48276,0
1789555744918967216,56858180,50376,124,48272,0
1789555746173289433,57212012,80784,0,48272,0
1789555747431979112,57221944,112996,0,48272,0
1789555748691376332,57220588,145700,0,48272,0
1789555749952355255,57228636,176460,0,48272,0
1789555751208515138,57217324,207820,0,48272,0
1789555752465959429,57210756,239364,0,48272,0
1789555753725541988,57204920,270840,0,48272,0
1789555754974955210,57194508,829924,0,48272,0
1789555756241125545,57243984,2217728,0,48272,0
1789555757505154859,57224576,3713320,0,48272,0
1789555758776063812,57149532,4758076,3168,48272,0
1789555760022587599,57193624,5666536,4192,48272,0
1789555761278079675,57217132,6873780,5884,48272,0
1789555762534753182,57216492,8113364,8188,48272,0
1789555763796661522,57214088,8834216,11248,48272,0
1789555765033126949,57218784,8786384,7772,48272,0
1789555766287140531,57207876,9165776,8192,48272,0
1789555767543983224,57210724,9417792,3372,48272,0
1789555768805277829,57208068,9608140,2228,48272,0
1789555770062028417,57192796,9698872,6908,48272,0
1789555771314121832,57208844,9848300,10336,48272,0
1789555772567545732,57208688,9913572,10596,48272,0
1789555773832730424,57202240,9982012,12992,48272,0
1789555775086275905,57196816,10057060,14352,48272,0
1789555776344431818,57208492,10114568,5380,48272,0
1789555777595024316,57198972,10115396,5760,48272,0
1789555778842846603,57194932,10119552,7528,48272,0
1789555780089611770,57184724,10140596,8012,48272,0
1789555781342790875,57195672,10241708,5280,48272,0
1789555782601282047,57193016,10172564,7972,48272,0
1789555783862762312,57187544,10372632,15724,48272,0
1789555785120332652,57191776,10290324,8100,48272,0
1789555786376732254,57206724,10230624,4676,48272,0
1789555787635124680,57206652,10169752,7292,48272,0
1789555788892672557,57208436,10132964,8192,48272,0
1789555790151563696,57208624,10087452,7860,48272,0
1789555791394413199,57205972,10029592,14640,48272,0
1789555792651361302,57203076,9991400,5108,48272,0
1789555793909543008,57199196,9942216,7812,48272,0
1789555795159522739,57192788,9919472,3644,48272,0
1789555796409840169,57200340,9941700,6700,48272,0
1789555797669481097,57199496,9944936,8120,48272,0
1789555798957626836,57183832,9916088,8320,48272,0
1789555800211081527,57192288,9896092,14744,48272,0
1789555801474409286,57213912,9854632,4644,48272,0
1789555802726173744,57198280,9843328,7024,48272,0
1789555803983584120,57187780,9855420,6124,48272,0
1789555805239934574,57186460,9889216,4196,48272,0
1789555806500064027,57185636,9873136,5808,48272,0
1789555807753349037,57178456,9847720,6840,48272,0
1789555809008264912,57178464,9860164,3024,48272,0
1789555810267553253,57179684,9812864,8320,48272,0
1789555811534349183,57184844,9797352,11720,48272,0
1789555812792773995,57168584,9799768,2156,48272,0
1789555814044498661,57174652,9823992,8012,48272,0
1789555815302358150,57180940,9799668,4592,48272,0
1789555816557358392,57197284,9777244,8328,48272,0
1789555817816388633,57207944,9787776,8632,48272,0
1789555819071180458,57197300,9710308,1608,48272,0
1789555820324105437,57172888,9693624,5048,48272,0
1789555821566920576,57190148,9722288,8064,48272,0
1789555822821938294,57191748,9726632,708,48272,0
1789555824073054756,57187948,9704420,1716,48272,0
1789555825331127664,57190980,9723336,8532,48272,0
1789555826593995846,57181412,9745884,8052,48272,0
1789555827831531736,57193276,9710340,11836,48272,0
1789555829082237258,57141344,9725928,8200,48272,0
1789555830345794626,57188372,9728772,5804,48272,0
1789555831611071841,57165700,9753164,4840,48272,0
1789555832865599402,57183760,9793720,8328,48272,0
1789555834124667780,57175740,9808500,5656,48272,0
1789555835370530292,57174340,9847864,1984,48272,0
1789555836618186102,57156844,9850936,12244,48272,0
1789555837870586178,57173912,9864272,9460,48272,0
1789555839125458428,57161432,9869468,6408,48272,0
1789555840363737659,57152940,9841016,6444,48272,0
1789555841619552277,57172528,9829124,8192,48272,0
1789555842875896384,57190556,9798360,5896,48272,0
1789555844126427941,57178596,9695012,5528,48272,0
1789555845382480081,57174344,9705220,2312,48272,0
1789555846643095577,57169756,9749264,5932,48272,0
1789555847900684066,57168180,9714832,8064,48272,0
1789555849156944100,57171236,9743488,10840,48272,0
1789555850415973356,57162352,9767900,5508,48272,0
1789555851661929867,57153980,9688456,3492,48272,0
1789555852914466872,57155156,9654516,6808,48272,0
1789555854169976573,57137956,9638524,5596,48272,0
1789555855423072603,57147300,9632400,10576,48272,0
1789555856682651330,57145924,9698340,1876,48272,0
1789555857922459982,57150472,9580968,8320,48272,0
1789555859172813136,57132764,9626528,6848,48272,0
1789555860424772428,57140172,9666360,8192,48272,0
1789555861682548366,57134480,9613224,8916,48272,0
1789555862931348241,57135348,9616696,8064,48272,0
1789555864194039892,57134972,9617660,3808,48272,0
1789555865432171236,57103416,9518300,5996,48272,0
1789555866683310351,57129912,9496396,8148,48272,0
1789555867940218809,57115584,9493056,9544,48272,0
1789555869197660899,57171460,9500752,6788,48272,0
1789555870474847955,57182516,9530340,6844,48272,0
1789555871742859402,57165056,9318744,11844,48272,0
1789555873017401563,57141980,9296484,6776,48272,0
1789555874290919518,57173988,9406936,9384,48272,0
1789555875557274967,57171316,9508244,8188,48272,0
1789555876817470599,57167612,9548268,10720,48272,0
1789555878078350528,57155372,9571192,6892,48272,0
1789555879353516582,57142768,9558392,5784,48272,0
1789555880617557082,57149068,9617840,7484,48272,0
1789555881886955607,57140668,9647168,4160,48272,0
1789555883155464281,57150280,9562760,7888,48272,0
1789555884429339075,57058608,9518592,7068,48272,0
1789555885692896642,57150228,9562736,6332,48272,0
1789555886951077633,57147024,9604544,7860,48272,0
1789555888216529717,57140556,9494636,2144,48272,0
1789555889495846249,57132500,9406868,7852,48272,0
1789555890763866357,57099892,9355376,7568,48272,0
1789555892033452461,57136652,9450288,8076,48272,0
1789555893299937705,57155312,9396780,7736,48272,0
1789555894560744435,57163108,9495112,5736,48272,0
1789555895831454556,57162812,9437108,6624,48272,0
1789555897108057817,57159928,9495120,11336,48272,0
1789555898375870375,57156492,9544632,8288,48272,0
1789555899650853322,57153336,9584416,6200,48272,0
1789555900910666847,57150608,9614100,5256,48272,0
1789555902180666934,57144848,9642888,8936,48272,0
1789555903454727311,57150076,9689532,5816,48272,0
1789555904730292206,57143656,9737208,6576,48272,0
1789555905998898215,57149084,9616776,3064,48272,0
1789555907261081175,57152064,9526840,12980,48272,0
1789555908543293589,57148608,9482792,7252,48272,0
1789555909812909030,57159404,9439028,8212,48272,0
1789555911086233918,57146188,9388228,6052,48272,0
1789555912361663135,57135648,9430604,2276,48272,0
1789555913638731501,57137972,9401552,2872,48272,0
1789555914900797869,57135124,9433224,8768,48272,0
1789555916173627922,57131976,9423132,7988,48272,0
1789555917451140758,57123796,9466496,5960,48272,0
1789555918722992490,57114252,9537748,10452,48272,0
1789555920000977526,57113208,9568428,10900,48272,0
1789555921285274691,57104428,9465132,7972,48272,0
1789555922548157525,57102344,9371764,8100,48272,0
1789555923800502742,57100704,9350128,6600,48272,0
1789555925069863863,57087896,9360740,12916,48272,0
1789555926347203144,57080316,9320888,7940,48272,0
1789555927622564522,57081860,9326244,7888,48272,0
1789555928894029507,57075752,9360408,7804,48272,0
1789555930173106965,57069044,9248828,15732,48272,0
1789555931443209672,57068328,9281432,6664,48272,0
1789555932708623676,57067548,9290756,7132,48272,0
1789555933970725907,57045420,9315212,8092,48272,0
1789555935237214284,57046440,9294260,7500,48272,0
1789555936511500118,57035784,9332924,6388,48272,0
1789555937778778581,57052352,9240372,16384,48272,0
1789555939039859320,57063628,9286828,4952,48272,0
1789555940316094469,57050756,9311792,4624,48272,0
1789555941579069894,57059852,9397044,4296,48272,0
1789555942844076146,57034296,9521528,2648,48272,0
1789555944103231728,57024560,9600804,3532,48272,0
1789555945368567440,57047648,9658384,7664,48272,0
1789555946644429852,57013016,9688764,7692,48272,0
1789555947918321195,57027868,9791980,10712,48272,0
1789555949192248042,57021888,9856484,8188,48272,0
1789555950461677173,57021876,9856868,8180,48272,0
1789555951738836148,57017704,9967408,11844,48272,0
1789555953004137836,57013912,9927508,65424,48272,0
1789555954270154509,57012624,10019632,8108,48272,0
1789555955544896803,57014928,10053972,7780,48272,0
1789555956829480320,56975012,10038088,14608,48272,0
1789555958096320745,56998492,10057488,8064,48272,0
1789555959376586897,56999496,10037024,9412,48272,0
1789555960660040854,57001860,10051152,4660,48272,0
1789555961925338103,56817428,9960616,6032,48272,0
1789555963192192565,55753416,9857036,3376,48272,0
1789555964456273704,54751892,9734488,11036,48272,0
1789555965725704219,56968660,9471948,8488,48272,0
1789555966978911654,56940172,9615080,6348,48272,0
1789555968240098900,56928892,9620604,14052,48272,0
1789555969490841584,56894128,9186592,19340,48272,0
1789555970738689920,56878488,8816288,14088,48272,0
1789555971983077780,56874192,8439864,8192,48272,0
1789555973240447383,56861492,8022896,6932,48272,0
1789555974490760861,56856924,7571212,8148,48272,0
1789555975871475173,56884200,7198324,4244,48272,0
1789555977120237783,56885912,6816532,2348,48272,0
1789555978382090244,56879832,6403928,6616,48272,0
1789555979642080393,56882276,6006384,4396,48272,0
1789555980917779823,56868928,5626568,8192,48272,0
1789555982185847843,56868720,5226832,14472,48272,0
1789555983454823042,56864884,4885324,3904,48272,0
1789555984709182024,56866756,4648148,3448,48272,0
1789555985961542194,56851560,4287816,8192,48272,0
1789555987236508051,56857800,4054780,3764,48272,0
1789555988498843232,56844688,3663292,6156,48272,0
1789555989771081289,57006800,3280056,8036,48272,0
1789555991022089912,57004680,2919476,2500,48272,0
1789555992299307182,56995644,2531932,6112,48272,0
1789555993558606279,56993948,2158232,5628,48272,0
1789555994825079693,56994140,1783464,11140,48272,0
1789555996080941621,56978380,1421468,4020,48272,0
1789555997343117097,56978504,1036828,4392,48272,0
1789555998608157657,56996820,678748,8508,48272,0
1789555999866208938,56985156,313444,4400,48272,0
1789556001133789314,56972628,1866608,0,48272,0
1789556002371815100,56924448,3228720,0,48272,0
1789556003630767094,56907028,4671840,0,48272,0
1789556004889182133,57047040,6223468,12436,48272,0
1789556006393620960,57020596,5875144,6360,48272,0
1789556007669016207,57015212,5532172,220,48272,0
1789556008917844204,57028476,5710872,3208,48272,0
1789556010176333811,57002176,5364804,4464,48272,0
1789556011449531514,57044388,5025908,4040,48272,0
1789556012722326719,57048944,4849800,4920,48272,0
1789556013983624561,57068148,4648100,4180,48272,0
1789556015264895854,57048344,4326952,2996,48272,0
1789556016534982041,57047620,3920112,9188,48272,0
1789556017806055908,57045552,3479208,3232,48272,0
1789556019068110784,57057620,2586004,4124,48272,0
1789556020339233457,57062140,2199536,4100,48272,0
1789556021602745943,57048992,1797080,3080,48272,0
1789556022872839838,57047020,1387116,2036,48272,0
1789556024135973097,57050856,874140,2036,48272,0
1789556025412058316,57133300,2156272,0,48272,0
1789556026667419236,57122984,3543920,0,48272,0
1789556027926606625,57118408,5144268,0,48272,0
1789556029187998050,57066944,5284216,0,48272,0
1789556030436514287,56951264,5862220,4152,48272,0
1789556031694382175,57074788,5957632,7420,48272,0
1789556032959676895,57040996,5580316,1048,48272,0
1789556034227185826,57054560,5616260,1088,48272,0
1789556035484298057,57045752,5153444,5332,48272,0
1789556036747431564,57053920,4582632,13748,48272,0
1789556038021865337,57048948,4127944,2612,48272,0
1789556039292081360,57037548,3772728,5552,48272,0
1789556040545127666,57046260,3467116,4848,48272,0
1789556041816921932,57036764,2670916,3804,48272,0
1789556043088605495,57038436,2010388,0,48272,0
1789556044356411674,57085340,3681244,0,48272,0
1789556045608431662,57110336,5143976,0,48272,0
1789556046938130800,57103808,5888400,137480,48272,0
1789556048206952020,57101940,5714192,2072,48272,0
1789556049466237574,57093324,5407880,604,48272,0
1789556050730180192,57088928,6124244,3508,48272,0
1789556051990601607,57092320,5577136,2744,48272,0
1789556053261598733,57088656,5619820,2600,48272,0
1789556054537340511,57084068,4966388,1524,48272,0
1789556055809322191,57073760,4472692,8804,48272,0
1789556057062369122,57055280,4113328,2912,48272,0
1789556058321930816,57057708,3639092,4516,48272,0
1789556059587331406,57083052,3226952,4216,48272,0
1789556060858963220,57068128,2854496,2400,48272,0
1789556062132363836,57083824,2483368,0,48272,0
1789556063389973664,57067428,4135584,0,48272,0
1789556064634820830,57105992,5477568,103536,48272,0
1789556065880213745,57099636,5476700,8636,48272,0
1789556067148819234,57098140,6090680,1492,48272,0
1789556068421406150,57075144,5600700,2836,48272,0
1789556069689935146,57074784,5528232,8200,48272,0
1789556070961521979,57070844,5302976,8228,48272,0
1789556072228500961,57062724,4783052,1840,48272,0
1789556073481434161,57058736,4495892,4868,48272,0
1789556074749830692,57063776,3902076,3308,48272,0
1789556076016393921,57063152,3396276,3156,48272,0
1789556077285421165,57068176,2990080,3024,48272,0
1789556078555212913,57062824,2375252,4136,48272,0
1789556079826815767,57113740,2956284,0,48272,0
1789556081084397712,57089848,4355896,0,48272,0
1789556082344624506,57094656,5528856,46872,48272,0
1789556083594093482,57070532,5750088,4332,48272,0
1789556084857053534,57082688,5716872,5796,48272,0
1789556086119076655,57068552,5485048,0,48272,0
1789556087385431259,57077704,6180884,4208,48272,0
1789556088647144618,57066216,5719536,1880,48272,0
1789556089917673871,57061204,5665104,8240,48272,0
1789556091183330569,57043664,4977836,4024,48272,0
1789556092441504500,57045940,4357772,4508,48272,0
1789556093695013488,57060164,3999336,3560,48272,0
1789556094963916000,57046828,3492124,2720,48272,0
1789556096234195679,57031676,3056512,9884,48272,0
1789556097488300521,57039828,2504756,2552,48272,0
1789556098761963096,57046724,1918416,1764,48272,0
1789556100024804676,57044556,1477440,4164,48272,0
1789556101282396604,57039084,936484,5000,48272,0
1789556102558864524,57051716,505328,3512,48272,0
1789556103818064098,57039088,493244,6656,48272,0
1789556105067459740,57096468,1734016,0,48272,0
1789556106325637673,57069132,3428840,0,48272,0
1789556107578176973,57078024,5143088,0,48272,0
1789556108839875586,57064660,5698064,4336,48272,0
1789556110101232462,57068868,5739644,4116,48272,0
1789556111351320890,57036096,5171052,2052,48272,0
1789556112611508852,57033212,4629796,5048,48272,0
1789556113881573129,57080268,4186676,6172,48272,0
1789556115157769274,57051336,3562616,4184,48272,0
1789556116424850222,57044612,3025272,8552,48272,0
1789556117684961082,57038892,2490456,2844,48272,0
1789556118956362000,57045784,2023428,2104,48272,0
1789556120230833995,57041548,1450908,3684,48272,0
1789556121509708438,57062180,833112,2852,48272,0
1789556122780294123,57072040,2139904,0,48272,0
1789556124043252156,57076780,3432492,0,48272,0
1789556125294158114,57064480,5143712,0,48272,0
1789556126547930286,57061076,5473552,2280,48272,0
1789556127807868419,57093876,5680432,2412,48272,0
1789556129052877809,57127468,5850136,4120,48272,0
1789556130322693469,57107100,5427848,104,48272,0
1789556131593714261,57179120,5550560,9140,48272,0
1789556132865248013,57169568,5055612,3620,48272,0
1789556134139536188,57238456,4636620,2996,48272,0
1789556135395234701,57239116,4318564,2656,48272,0
1789556136651016767,57231580,3876896,1544,48272,0
1789556137925501924,57276888,3442304,5192,48272,0
1789556139194776079,57280988,2891144,4100,48272,0
1789556140471876582,57262884,2416308,2076,48272,0
1789556141742103032,57373320,2010212,0,48272,0
1789556142988828502,57592736,2956448,0,48272,0
1789556144317467944,57897940,3724520,364,48272,0
1789556145590848985,58123180,4670756,108,48272,0
1789556146842965247,58304208,5438860,0,48272,0
1789556148094178515,58307844,5930936,1952,48272,0
1789556149345445132,58305936,5862824,6784,48272,0
1789556150602597775,58281332,5493248,28,48272,0
1789556151855873746,58296256,6187612,4308,48272,0
1789556153118285350,58276708,5614180,4128,48272,0
1789556154390291240,58281856,5563812,2076,48272,0
1789556155653541349,58261008,5044900,1648,48272,0
1789556156927237154,58290032,4701152,4604,48272,0
1789556158194335409,58268840,4225196,2108,48272,0
1789556159462923317,58257432,3466452,4060,48272,0
1789556160733115212,58263520,2952724,1536,48272,0
1789556161983749326,58288864,2512552,0,48272,0
1789556163245619241,58304240,4197556,0,48272,0
1789556164503585084,58320464,5700844,3304,48272,0
1789556165768337646,58314664,5664644,8064,48272,0
1789556167026441669,58289056,5839728,2052,48272,0
1789556168291901661,58291852,5888656,3532,48272,0
1789556169553351477,58285260,5651220,3180,48272,0
1789556170823503231,58275768,5225260,3200,48272,0
1789556172091317574,58269112,4621788,1240,48272,0
1789556173361712703,58255328,3969332,2352,48272,0
1789556174630916905,58265900,3318604,8184,48272,0
1789556175896212592,58257156,2712712,4292,48272,0
1789556177166552613,58248792,1846904,1080,48272,0
1789556178425836380,58295608,2934564,0,48272,0
1789556179685066699,58308372,3560560,0,48272,0
1789556180936503159,58310448,5274808,0,48272,0
1789556182177215224,58292676,5931484,10156,48272,0
1789556183438493440,58298188,5850896,12248,48272,0
1789556184692451912,58274336,5611392,1808,48272,0
1789556185959099641,58278736,5468960,8136,48272,0
1789556187227952209,58291008,6174844,1092,48272,0
1789556188499425337,58277416,5695940,2064,48272,0
1789556189758965865,58267676,4961076,4548,48272,0
1789556191028442863,58272532,4224016,1044,48272,0
1789556192293891200,58263884,3526124,2496,48272,0
1789556193560907475,58261052,2891820,3556,48272,0
1789556194818900292,58262192,2257920,1796,48272,0
1789556196081975992,58261568,1719780,2012,48272,0
1789556197343897983,58299048,2913252,0,48272,0
1789556198600886765,58306800,4197576,0,48272,0
1789556199838567813,58297444,5709796,13240,48272,0
1789556201101663045,58305448,5509864,0,48272,0
1789556202353145668,58286028,6004716,3712,48272,0
1789556203612426705,58301764,5570844,0,48272,0
1789556204870933908,58289860,5594292,0,48272,0
1789556206121035126,58267548,5138700,2352,48272,0
1789556207383104067,58271848,4600384,11908,48272,0
1789556208646892966,58254400,4056680,1460,48272,0
1789556209917242693,58255784,3586844,4028,48272,0
1789556211190249727,58256148,2902372,7020,48272,0
1789556212461384850,58267600,2391684,7408,48272,0
1789556213707561277,58267144,1846640,132,48272,0
1789556214975127826,58312296,3265528,0,48272,0
1789556216246684474,58217460,3265620,0,48272,0
1789556217510521283,58145092,3265680,0,48272,0
1789556218785075445,58142736,3265748,0,48272,0
1789556220052151084,58059520,3265812,0,48272,0
1789556221322616647,57972744,3265908,0,48272,0
1789556222596131911,57957292,3265980,0,48272,0
1789556223861244370,57924420,3266060,0,48272,0
1789556225096423575,57953632,3266132,0,48272,0
1789556226347318893,57975904,3266188,0,48272,0
1789556227598168313,57999032,3266260,0,48272,0
1789556228855004790,58018120,2879716,192528,48272,0
1789556230119042797,58027948,2335268,79288,48272,0
1789556231531601084,58027080,1716124,196256,48272,0
1789556232800820238,58031028,1421288,47744,48272,0
1789556234073067355,58023428,680648,230688,48272,0
1789556235342046993,58026212,473996,0,48272,0
1789556236595247394,57941700,1196,0,48272,0
1789556237863432352,57864300,1256,0,48272,0
1789556239111731412,57850696,1332,0,48272,0
1789556240359199183,57846840,900,0,48272,0
1789556241602426677,57845592,1104,0,48272,0
1789556242842717274,57841760,1172,0,48272,0
1789556244093550006,57848800,1248,0,48272,0
1789556245356451732,57845560,1228,0,48272,0
1789556246618697820,57841808,1356,0,48272,0
1789556247889266696,57841632,1420,0,48272,0
1789556249159983628,57845088,1484,0,48272,0
1789556250418201128,57840920,1448,0,48272,0
1789556251702881880,57837244,1588,0,48272,0
1789556252972008180,57843792,1648,0,48272,0
1789556254231753343,57839540,1704,0,48272,0
1789556255493838326,57836500,1656,0,48272,0
1789556256768176012,57829460,1772,0,48272,0
1789556258031405952,57830732,1836,0,48272,0
1789556259306098511,57829276,1904,0,48272,0
1789556260582904673,57829780,1864,0,48272,0
1789556261852571653,57832324,1928,0,48272,0
1789556263113295115,57836644,2016,0,48272,0
1789556264380250928,57826468,2068,0,48272,0
1789556265627205608,57828760,1268,0,48272,0
1789556266883027062,57831852,1440,0,48272,0
1789556268146133794,57826304,1504,0,48272,0
1789556269414059368,57770360,1576,0,48272,0
1789556270660442538,57804976,0,40,48272,0
1789556271910575412,55236572,420,0,1658780,0
1789556273174444602,49885056,476,0,7005552,0
1789556274436808402,49234276,544,0,8436880,0
1789556275690889531,49198264,116,0,8436880,0
1789556276947841840,49187924,348,0,8436880,0
1789556278208420715,49179132,424,0,8436880,0
1789556279463982515,49174292,476,0,8436880,0
1789556280720146576,49165576,564,0,8436880,0
1789556281991707611,49163128,288,0,8436880,0
1789556283261015765,49161400,356,0,8436880,0
1789556284536471115,49160416,412,0,8436880,0
1789556285806422390,49161424,476,0,8436880,0
1789556287076443769,49164784,296,0,8436880,0
1789556288347441013,49154036,360,0,8436880,0
1789556289602858351,49157080,420,0,8436880,0
1789556290873012449,49152472,492,0,8436880,0
1789556292146181016,49152300,268,0,8436880,0
1789556293417344393,49154356,328,0,8436880,0
1789556294691401148,49154628,396,0,8436880,0
1789556295965906167,49156768,460,0,8436880,0
1789556297234730628,49152264,280,0,8436880,0
1789556298502137609,49148724,344,0,8436880,0
1789556299759263028,49155984,420,0,8436880,0
1789556301030515527,49153772,484,0,8436880,0
1789556302286222724,49149988,380,0,8436880,0
1789556303546493612,49123992,456,0,8436880,0
1789556305006847919,49099200,1228,0,8436884,0
1789556306265844091,49031788,33848,0,8436884,0
1789556307521115476,49030716,28576,0,8436884,0
1789556308765898834,49026444,59740,0,8436884,0
1789556310023898506,49031044,90680,0,8436884,0
1789556311281077807,49029252,120632,0,8436884,0
1789556312532005249,49025444,151852,0,8436884,0
1789556313784904856,49026420,183252,0,8436884,0
1789556315040321899,49024084,220552,0,8436884,0
1789556316311318590,49024076,271604,0,8436884,0
1789556317578684856,49023036,321216,0,8436884,0
1789556318846822664,49032516,371912,0,8436884,0
1789556320123365744,49033156,422644,0,8436884,0
1789556321386400619,49029428,472788,0,8436884,0
1789556322649089699,49017496,374080,0,8436884,0
1789556323918512379,49013132,424312,0,8436884,0
1789556325188797880,49021300,473456,0,8436884,0
1789556326465461819,49016240,524512,0,8436884,0
1789556327737235211,49019692,8292,0,8436884,0
1789556328990165676,49016384,59028,0,8436884,0
1789556330251073892,49019040,109620,0,8436884,0
1789556331508115802,49016136,160616,0,8436884,0
1789556332781051203,49009256,211156,0,8436884,0
1789556334049349390,49012248,261636,0,8436884,0
1789556335313300374,49013320,311580,0,8436884,0
1789556336596706655,49005268,363756,0,8436884,0
1789556337844545387,49005376,413436,0,8436884,0
1789556339101637759,48999800,462428,0,8436884,0
1789556340369264146,49004012,512316,0,8436884,0
1789556341637247607,49012028,561928,0,8436884,0
1789556342910802074,48978276,601424,0,8436884,0
1789556344154467112,48978292,632024,0,8436884,0
1789556345405554256,48968136,662312,0,8436884,0
1789556346652191310,48968124,694216,0,8436884,0
1789556347910055133,48967632,725112,0,8436884,0
1789556349156405075,48960912,755600,0,8436884,0
1789556350408417945,48961848,785736,0,8436884,0
1789556351661204831,48959336,817360,0,8436884,0
1789556352911903062,48955636,847720,0,8436884,0
1789556354164059165,48958188,697392,0,8436884,0
1789556355409598989,48966492,727760,0,8436884,0
1789556356658845601,48970176,767724,0,8436884,0
1789556357915913427,48964168,814808,0,8436884,0
1789556359182353394,48961820,740152,2032,8436884,0
1789556360450177046,48965576,104628,13120,8436884,0
1789556361722257160,48967880,55556,0,8436884,0
1789556362987633168,48956456,102676,0,8436884,0
1789556364257522388,48956400,148000,0,8436884,0
1789556365523121757,48954300,197420,0,8436884,0
1789556366774231204,48959196,244060,0,8436884,0
1789556368025930694,48948128,288520,0,8436884,0
1789556369290420898,48946104,337648,0,8436884,0
1789556370550030910,48950188,384904,0,8436884,0
1789556371820641598,48947152,430060,0,8436884,0
1789556373090318221,48946616,480852,0,8436884,0
1789556374338417488,48950552,526256,0,8436884,0
1789556375593586298,48944588,570716,0,8436884,0
1789556376850850328,48942864,621816,0,8436884,0
1789556378108976374,48936696,667136,0,8436884,0
1789556379381260717,48942180,712768,0,8436884,0
1789556380648735401,48947488,762628,0,8436884,0
1789556381909922566,48937952,808544,0,8436884,0
1789556383189288017,48937512,854428,0,8436884,0
1789556384448500895,48939924,904236,0,8436884,0
1789556385717881643,48941084,950540,0,8436884,0
1789556386988006422,48930004,949548,0,8436884,0
1789556388234650616,48929692,998868,0,8436884,0
1789556389503875655,48926208,1043420,0,8436884,0
1789556390757850333,48925136,1076456,0,8436884,0
1789556392130629844,48923272,315572,128500,8436884,0
1789556393384207193,48922576,41168,0,8436884,0
1789556394635688217,48925208,72364,0,8436884,0
1789556395890436154,48920580,103424,0,8436884,0
1789556397138773586,48912724,134144,0,8436884,0
1789556398381647001,48911656,163724,0,8436884,0
1789556399633665468,48912676,194748,0,8436884,0
1789556400881011727,48919312,225216,0,8436884,0
1789556402133062366,48923708,256312,0,8436884,0
1789556403385464747,48918144,286464,0,8436884,0
1789556404635432489,48918128,317016,0,8436884,0
1789556405882723508,48915932,347996,0,8436884,0
1789556407137215390,48911196,378656,0,8436884,0
1789556408395023402,48913420,414660,0,8436884,0
1789556409669910757,48921712,459616,0,8436884,0
1789556410916238400,48879952,575532,0,8436884,0
1789556412189385061,48869480,622816,0,8436884,0
1789556413447052212,48867100,687700,0,8436884,0
1789556414712336705,48871568,736616,0,8436884,0
1789556415968467214,48869480,777912,0,8436884,0
1789556417216155738,48862648,823348,0,8436884,0
1789556418477285805,48866228,822908,0,8436884,0
1789556419730823192,48861932,863112,0,8436884,0
1789556420994040239,48873672,911192,0,8436884,0
1789556422261049010,48866804,954716,0,8436884,0
1789556423513289635,48867756,929660,3236,8436884,0
1789556424786585785,48869412,588084,3136,8436884,0
1789556426051591561,48863708,40148,0,8436884,0
1789556427318469903,48864364,82940,0,8436884,0
1789556428572338997,48872140,128536,0,8436884,0
1789556429838752010,48865528,174172,0,8436884,0
1789556431086345959,48861812,214100,0,8436884,0
1789556432350003765,48855152,287648,0,8436884,0
1789556433607902144,48851520,328500,0,8436884,0
1789556434852258629,48851852,374216,0,8436884,0
1789556436120894931,48852244,418276,0,8436884,0
1789556437369471164,48844828,461600,0,8436884,0
1789556438640983041,48846252,509144,0,8436884,0
1789556439900589042,48851080,550160,0,8436884,0
1789556441155802594,48849396,597844,0,8436884,0
1789556442425415279,48846952,640380,0,8436884,0
1789556443677272655,48847464,685972,0,8436884,0
1789556444944694481,48838300,731480,0,8436884,0
1789556446193953835,48842684,771652,0,8436884,0
1789556447457577613,48843648,813316,0,8436884,0
1789556448713297634,48840820,848180,0,8436884,0
1789556449962961537,48837476,878328,0,8436884,0
1789556451220259571,48832824,862740,340,8436884,0
1789556452470999642,48841688,893184,0,8436884,0
1789556453724204838,48834488,924484,0,8436884,0
1789556454975718911,48844876,955788,0,8436884,0
1789556456227657452,48841956,571460,3208,8436884,0
1789556457479365939,48837808,37844,0,8436884,0
1789556458732704624,48834620,71836,0,8436884,0
1789556460005450784,48833352,119740,0,8436884,0
1789556461269717071,48834060,170632,0,8436884,0
1789556462529383830,48831860,217436,0,8436884,0
1789556463791089822,48840836,266460,0,8436884,0
1789556465057606579,48843752,313792,0,8436884,0
1789556466317813747,48847320,361176,0,8436884,0
1789556467588006289,48840700,410132,180,8436884,0
1789556468848067622,48840020,459748,0,8436884,0
1789556470106932651,48845112,510024,0,8436884,0
1789556471369776081,48843624,558256,0,8436884,0
1789556472629472012,48845936,605040,0,8436884,0
1789556473894141761,48847080,653672,0,8436884,0
1789556475163306234,48846596,702160,0,8436884,0
1789556476417959413,48842908,752000,0,8436884,0
1789556477677600780,48843868,801292,0,8436884,0
1789556478936302785,48840884,848464,0,8436884,0
1789556480184935733,48842588,896236,0,8436884,0
1789556481449863358,48845192,943368,0,8436884,0
1789556482723120759,48837612,948068,0,8436884,0
1789556483976739880,48839756,996812,0,8436884,0
1789556485239223013,48828700,1044420,0,8436884,0
1789556486512418447,48833116,1092172,0,8436884,0
1789556487787453990,48826116,1044728,4752,8436884,0
1789556489054967707,48831832,30476,0,8436884,0
1789556490306786954,48833804,61336,0,8436884,0
1789556491549658657,48832868,92280,0,8436884,0
1789556492801846731,48824680,122960,0,8436884,0
1789556494051918744,48826032,154044,0,8436884,0
1789556495305804086,48829612,184496,0,8436884,0
1789556496542804602,48823240,214732,0,8436884,0
1789556497792982419,48819176,245796,0,8436884,0
1789556499034586950,48821512,273976,92,8436884,0
1789556500281762463,48816612,304396,0,8436884,0
1789556501532920981,48811952,335172,0,8436884,0
1789556502784423168,48817520,379200,0,8436884,0
1789556504042275992,48821360,425448,0,8436884,0
1789556505298197318,48819480,477080,0,8436884,0
1789556506556420605,48818732,583692,0,8436884,0
1789556507821161934,48796956,663968,0,8436884,0
1789556509086950678,48799120,712876,0,8436884,0
1789556510352490880,48795932,761412,0,8436884,0
1789556511624464807,48795960,807260,0,8436884,0
1789556512891087276,48792960,854780,0,8436884,0
1789556514134283169,48801312,905268,0,8436884,0
1789556515395419936,48804988,904760,0,8436884,0
1789556516662542162,48797236,950292,0,8436884,0
1789556517929748881,48796736,1000824,0,8436884,0
1789556519178924890,48794908,1047804,0,8436884,0
1789556520448558023,48796404,703352,3432,8436884,0
1789556521721622455,48786008,29588,384,8436884,0
1789556522983447664,48790780,79600,0,8436884,0
1789556524241007022,48794528,128372,0,8436884,0
1789556525508907552,48789452,174212,0,8436884,0
1789556526777156976,48785776,220712,0,8436884,0
1789556528038252612,48786492,271228,0,8436884,0
1789556529300462131,48787288,317432,0,8436884,0
1789556530575441134,48791368,362748,0,8436884,0
1789556531840118306,48796740,411064,0,8436884,0
1789556533097781818,48787424,471152,0,8436884,0
1789556534338093328,48766184,526004,0,8436884,0
1789556535600150029,48763552,561508,0,8436884,0
1789556536847116196,48760120,592360,440,8436884,0
1789556538103440296,48813112,623016,0,8436884,0
1789556539352287738,48801172,654072,0,8436884,0
1789556540595192505,48799216,684364,0,8436884,0
1789556541844192399,48801732,714752,136,8436884,0
1789556543101920897,48810204,744940,0,8436884,0
1789556544348447921,48801928,775884,0,8436884,0
1789556545610278056,48792640,807056,0,8436884,0
1789556546856984171,48789708,837480,0,8436884,0
1789556548102914751,48796884,821300,0,8436884,0
1789556549349214591,48793352,851584,0,8436884,0
1789556550603746769,48796240,882592,0,8436884,0
1789556551850720116,48802060,913152,0,8436884,0
1789556553108461721,48789264,640180,4588,8436884,0
1789556554384963021,48792944,326804,4244,8436884,0
1789556555652350420,48790920,50624,0,8436884,0
1789556556902233468,48794016,94428,0,8436884,0
1789556558173577236,48789780,141732,0,8436884,0
1789556559430851995,48797332,183640,0,8436884,0
1789556560688864266,48800732,232324,0,8436884,0
1789556561950860416,48790188,273180,0,8436884,0
1789556563193078971,48805912,321044,0,8436884,0
1789556564462014768,48790512,363988,0,8436884,0
1789556565717690065,48837652,409380,0,8436884,0
1789556566984681499,48809788,454020,0,8436884,0
1789556568217413629,48801000,498908,0,8436884,0
1789556569490071453,48806932,544508,0,8436884,0
1789556570732350538,48793504,584420,0,8436884,0
1789556572001917790,48793176,633776,0,8436884,0
1789556573256235260,48815972,698884,0,8436884,0
1789556574515133510,48789360,748384,0,8436884,0
1789556575777584900,48780252,788308,0,8436884,0
1789556577028944165,48793084,836688,0,8436884,0
1789556578283691079,48782324,878828,0,8436884,0
1789556579544357166,48784384,924980,0,8436884,0
1789556580815107233,48791900,922512,0,8436884,0
1789556582069895342,48783332,963740,0,8436884,0
1789556583328326555,48817880,1013144,0,8436884,0
1789556584598049114,48799108,1054128,0,8436884,0
1789556585856856950,48786920,1008212,3212,8436884,0
1789556587119745937,48786628,667908,4912,8436884,0
1789556588395590916,48787112,45468,0,8436884,0
1789556589660260651,48790396,86844,0,8436884,0
1789556590925945332,48789724,134640,0,8436884,0
1789556592187280868,48798056,177720,0,8436884,0
1789556593434153143,48789512,211700,0,8436884,0
1789556594684092366,48775324,242796,0,8436884,0
1789556595937532470,48773156,275012,0,8436884,0
1789556597187909368,48794404,305212,0,8436884,0
1789556598442567427,48783172,335852,0,8436884,0
1789556599689348140,48770872,366360,0,8436884,0
1789556600937489034,48763292,397112,0,8436884,0
1789556602186489541,48781868,427788,0,8436884,0
1789556603439082235,48780060,456480,24,8436884,0
1789556604691319264,48770544,486916,0,8436884,0
1789556605943650817,48770192,518840,0,8436884,0
1789556607196935404,48781968,549348,0,8436884,0
1789556608449525961,48771184,579348,0,8436884,0
1789556609703902126,48780940,610452,0,8436884,0
1789556610959595085,48774140,641392,0,8436884,0
1789556612211580965,48780816,671812,0,8436884,0
1789556613459917640,48770724,655892,0,8436884,0
1789556614711577731,48764668,686312,0,8436884,0
1789556615969342550,48771864,730412,0,8436884,0
1789556617235367007,48776776,776672,0,8436884,0
1789556618496795606,48776352,737832,4536,8436884,0
1789556619788817344,48777804,372452,5136,8436884,0
1789556621053470072,48785396,35312,0,8436884,0
1789556622318060678,48773224,81780,0,8436884,0
1789556623587724541,48775740,124036,0,8436884,0
1789556624834754984,48784444,212804,0,8436884,0
1789556626088383526,48784628,304360,0,8436884,0
1789556627358486664,48771332,351072,0,8436884,0
1789556628596022479,48770368,391412,0,8436884,0
1789556629851375345,48781772,431776,0,8436884,0
1789556631113051116,48772204,477536,0,8436884,0
1789556632389001521,48766640,522252,0,8436884,0
1789556633648669306,48775620,563092,0,8436884,0
1789556634895316910,48765880,606232,0,8436884,0
1789556636167156928,48767164,650488,0,8436884,0
1789556637436259403,48769820,693600,0,8436884,0
1789556638678459260,48755556,733880,0,8436884,0
1789556639937329910,48787984,777236,0,8436884,0
1789556641211823081,48765256,824488,0,8436884,0
1789556642472140270,48763524,865140,0,8436884,0
1789556643724901237,48762976,906208,0,8436884,0
1789556644994738993,48764360,952652,0,8436884,0
1789556646271029811,48759832,949984,0,8436884,0
1789556647512642025,48764208,990120,0,8436884,0
1789556648763926337,48771692,1030856,0,8436884,0
1789556650022138770,48770904,1076244,0,8436884,0
1789556651294423587,48759576,1122488,0,8436884,0
1789556652552979191,48761316,762720,8656,8436884,0
1789556653821004945,48757980,22808,260,8436884,0
1789556655070258048,48759120,62168,0,8436884,0
1789556656318598424,48769312,107680,0,8436884,0
1789556657588939589,48760812,154208,0,8436884,0
1789556658853680282,48752424,194412,204,8436884,0
1789556660103353401,48776068,228700,0,8436884,0
1789556661354810542,48760012,261280,0,8436884,0
1789556662606281055,48761652,291456,0,8436884,0
1789556663852331329,48757456,322672,0,8436884,0
1789556665106260237,48765048,352532,0,8436884,0
1789556666361844299,48750856,383728,0,8436884,0
1789556667603211086,48754076,413932,0,8436884,0
1789556668856748364,48749048,444596,0,8436884,0
1789556670105521268,48753960,474664,0,8436884,0
1789556671349503859,48751464,504900,0,8436884,0
1789556672596735143,48742260,536220,0,8436884,0
1789556673850184765,48735524,566872,0,8436884,0
1789556675103253259,48734456,595104,0,8436884,0
1789556676362260631,48743968,645248,0,8436884,0
1789556677627065977,48758128,688476,0,8436884,0
1789556678900588024,48747932,737176,0,8436884,0
1789556680159373377,48768340,733636,0,8436884,0
1789556681424736914,48761196,780908,0,8436884,0
1789556682673628078,48759684,826316,0,8436884,0
1789556683938760674,48762192,871720,0,8436884,0
1789556685196682887,48758252,22576,0,8436884,0
1789556686473165199,48760352,71364,0,8436884,0
1789556687723230553,48761164,116736,0,8436884,0
1789556688986881238,48742352,162304,0,8436884,0
1789556690246183397,48745588,209332,0,8436884,0
1789556691513793134,48754168,252888,0,8436884,0
1789556692777607887,48755000,303132,0,8436884,0
1789556694038853763,48759200,346132,0,8436884,0
1789556695306724468,48755128,393752,0,8436884,0
1789556696565172388,48759628,439108,0,8436884,0
1789556697834142321,48755548,484524,0,8436884,0
1789556699082165441,48757740,531568,0,8436884,0
1789556700349792842,48755772,574924,0,8436884,0
1789556701604732509,48751580,624340,0,8436884,0
1789556702875191378,48738436,667252,0,8436884,0
1789556704145286101,48738084,717148,0,8436884,0
1789556705409505090,48749748,758528,1008,8436884,0
1789556706678917107,48740884,806728,0,8436884,0
1789556707916144024,48735364,850000,0,8436884,0
1789556709184697521,48693648,895924,0,8436884,0
1789556710423697927,48647788,931860,0,8436884,0
1789556711677281320,48642840,918068,0,8436884,0
1789556712938194532,48652772,948732,0,8436884,0
1789556714192331240,48637764,979140,0,8436884,0
1789556715447907680,48630208,1017300,0,8436884,0
1789556716718682347,48640272,747132,4532,8436884,0
1789556717982301169,48648896,28076,0,8436884,0
1789556719253345966,48628160,83324,0,8436884,0
1789556720532072109,48627344,136596,0,8436884,0
1789556721802990857,48636640,191056,0,8436884,0
1789556723070170159,48628252,267944,0,8436884,0
1789556724342503667,48621468,418020,0,8436884,0
1789556725602075509,48621496,471816,0,8436884,0
1789556726868706430,48615996,525464,0,8436884,0
1789556728125758708,48628464,578036,0,8436884,0
1789556729395312049,48617088,633764,0,8436884,0
1789556730667477709,48611724,686696,0,8436884,0
1789556731938219878,48614404,741852,0,8436884,0
1789556733202053152,48601816,795276,0,8436884,0
1789556734473780425,48637108,848076,0,8436884,0
1789556735728738608,48620984,901628,0,8436884,0
1789556736998892610,48610664,955268,0,8436884,0
1789556738259816073,48619468,1007148,440,8436884,0
1789556739526059913,48612408,1057992,0,8436884,0
1789556740782822767,48608872,1088716,0,8436884,0
1789556742037277377,48607144,1119608,0,8436884,0
1789556743294101508,48616616,1125792,2016,8436884,0
1789556744537471914,48613392,1131468,0,8436884,0
1789556745790171407,48605628,1176464,0,8436884,0
1789556747054306037,48616844,1232256,0,8436884,0
1789556748322787261,48623176,1285380,0,8436884,0
1789556749598332572,48618204,958384,4104,8436884,0
1789556750866851655,48614184,16024,0,8436884,0
1789556752117688809,48619340,70340,0,8436884,0
1789556753383464436,48609536,124080,0,8436884,0
1789556754646009539,48615096,177568,0,8436884,0
1789556755906660181,48626208,232660,0,8436884,0
1789556757164856891,48621656,284604,0,8436884,0
1789556758439732574,48619164,339780,0,8436884,0
1789556759695794073,48614772,392656,0,8436884,0
1789556760960709027,48599532,447564,0,8436884,0
1789556762221779600,48604912,501644,0,8436884,0
1789556763492918417,48600128,554064,0,8436884,0
1789556764762471873,48597880,608124,0,8436884,0
1789556766030614098,48611520,662844,0,8436884,0
1789556767296682272,48602280,715196,0,8436884,0
1789556768570878513,48618452,767688,0,8436884,0
1789556769829507069,48606972,815380,0,8436884,0
1789556771080337065,48598324,846012,0,8436884,0
1789556772335610885,48597032,876216,0,8436884,0
1789556773589308218,48608884,906892,0,8436884,0
1789556774843507842,48593516,937896,0,8436884,0
1789556776099406245,48602836,986264,0,8436884,0
1789556777369499699,48599772,989372,0,8436884,0
1789556778629414569,48607792,1041380,0,8436884,0
1789556779903942094,48600920,1096512,0,8436884,0
1789556781173349317,48599608,1151224,0,8436884,0
1789556782434862290,48605288,1062624,1728,8436884,0
1789556783706021455,48607504,297664,2808,8436884,0
1789556784978095158,48597216,59104,0,8436884,0
1789556786247849799,48601972,210128,0,8436884,0
1789556787513477278,48601568,262712,0,8436884,0
1789556788776115736,48593300,316672,0,8436884,0
1789556790043431450,48616852,370508,0,8436884,0
1789556791309393898,48603384,423884,0,8436884,0
1789556792578122151,48593880,502008,0,8436884,0
1789556793850926041,48592580,556588,0,8436884,0
1789556795127155275,48582768,610084,0,8436884,0
1789556796399735787,48594784,664052,0,8436884,0
1789556797662072733,48593424,742848,0,8436884,0
1789556798934438058,48587148,794480,0,8436884,0
1789556800195868111,48573328,834688,0,8436884,0
1789556801445990967,48558524,865696,0,8436884,0
1789556802683885458,48562324,896212,0,8436884,0
1789556803942375686,48599708,926736,0,8436884,0
1789556805197117655,48574528,957852,0,8436884,0
1789556806463264303,48561944,1011568,0,8436884,0
1789556807740712307,48556220,1067324,0,8436884,0
1789556809000697870,48567760,1120240,0,8436884,0
1789556810275934171,48562316,1124296,0,8436884,0
1789556811547725260,48555280,1179368,0,8436884,0
1789556812823411076,48570240,1233292,0,8436884,0
1789556814092610317,48565940,1287120,0,8436884,0
1789556815351843752,48554524,1237544,3516,8436884,0
1789556816610707863,48566140,640816,13264,8436884,0
1789556817861152153,48558908,53108,0,8436884,0
1789556819135026300,48560552,106944,0,8436884,0
1789556820407651706,48572968,161816,0,8436884,0
1789556821684002577,48557856,215784,0,8436884,0
1789556822957635924,48556760,269140,0,8436884,0
1789556824218455782,48563044,323916,0,8436884,0
1789556825494275483,48555128,378848,0,8436884,0
1789556826767347059,48557260,431004,0,8436884,0
1789556828039865624,48552636,483880,0,8436884,0
1789556829311882675,48551876,538888,0,8436884,0
1789556830571120042,48521276,698616,0,8436880,0
1789556831836753014,48500960,727724,0,8436880,0
1789556833104450902,48450760,734504,0,8436880,0
1789556834349172657,48430744,732044,0,8436880,0
1789556835597966420,48428192,737888,0,8436880,0
1789556836851979343,48427764,739100,0,8436880,0
1789556838102958056,48426104,739928,0,8436880,0
1789556839349756106,48431448,740740,0,8436880,0
1789556840596066691,48430780,741856,0,8436880,0
1789556841841279431,48423336,742728,0,8436880,0
1789556843091805038,48419864,714488,0,8436880,0
1789556844351703620,48416852,715308,0,8436880,0
1789556845600285585,48425088,716456,0,8436880,0
1789556846849970001,48422668,717312,0,8436880,0
1789556848102372530,48425160,518692,20488,8436880,0
1789556849351932927,48419200,1960,0,8436880,0
1789556850600165847,48427464,2700,0,8436880,0
1789556851853264885,48423976,3564,0,8436880,0
1789556853100280609,48427376,4092,0,8436880,0
1789556854349417081,48423752,4372,0,8436880,0
1789556855592381654,48418956,4968,0,8436880,0
1789556856818141575,48417972,5840,0,8436880,0
1789556858068696109,48416152,6388,0,8436880,0
1789556859309965515,48415724,6960,0,8436880,0
1789556860566824179,48411712,11136,0,8436880,0
1789556861821146017,48416056,14792,0,8436880,0
1789556863049867854,48415960,15252,0,8436880,0
1789556864306391595,48421100,15800,0,8436880,0
1789556865555085578,48420408,16164,0,8436880,0
1789556866809113991,48418244,18760,0,8436880,0
1789556868054704359,48414296,19144,0,8436880,0
1789556869301877759,48414332,19680,0,8436880,0
1789556870539120717,48423416,20632,0,8436880,0
1789556871790548814,48418188,21240,0,8436880,0
1789556873037608521,48415268,21616,0,8436880,0
1789556874288295571,48420356,22144,0,8436880,0
1789556875533625473,48420052,21756,8,8436880,0
1789556876790465829,48414484,22780,8,8436880,0
1789556878040150075,48419628,23148,0,8436880,0
1789556879292934205,48400668,23700,0,8436880,0
1789556880544006729,48404096,2188,0,8436880,0
1789556881783377569,48402472,6904,0,8436880,0
1789556883036228754,48396960,8960,0,8436880,0
1789556884280720058,48404596,9504,0,8436880,0
1789556885532221199,48402612,9132,0,8436880,0
1789556886766729949,48401932,10132,0,8436880,0
1789556888019896264,48395644,10668,0,8436880,0
1789556889271167692,48395020,12792,0,8436880,0
1789556890526783184,48396096,13772,0,8436880,0
1789556891773398243,48403264,14456,0,8436880,0
1789556893023973914,48400216,14996,0,8436880,0
1789556894275630193,48404456,15364,0,8436880,0
1789556895531395933,48413472,1144,0,8436880,0
1789556896780279068,48411092,2644,0,8436880,0
1789556898030127128,48412012,3172,0,8436880,0
1789556899284265170,48410596,3724,0,8436880,0
1789556900536920963,48408984,4676,0,8436880,0
1789556901782769601,48403028,5424,0,8436880,0
1789556903020867877,48405092,6008,0,8436880,0
1789556904272613245,48402552,7052,0,8436880,0
1789556905512435754,48392416,824,408,8436880,0
1789556906764346527,48389628,2780,0,8436880,0
1789556908023306144,48385880,3328,0,8436880,0
1789556909282590989,48384660,3872,0,8436880,0
1789556910542436966,48389024,4252,0,8436880,0
1789556911789680397,48394444,5376,0,8436880,0
1789556913033060695,48388392,5924,0,8436880,0
1789556914275737703,48385712,6500,0,8436880,0
1789556915538042499,48388256,7068,0,8436880,0
1789556916785482477,48390476,428,0,8436880,0
1789556918038153731,48392732,976,0,8436880,0
1789556919296676741,48387920,1516,0,8436880,0
1789556920542413533,48396068,1904,0,8436880,0
1789556921790857842,48395444,388,0,8436880,0
1789556923037451221,48393492,960,0,8436880,0
1789556924288352060,48393476,1528,0,8436880,0
1789556925544039631,48389960,4056,0,8436880,0
1789556926793082306,48385364,4052,0,8436880,0
1789556928039636720,48384900,5792,0,8436880,0
1789556929285543093,48385732,6172,0,8436880,0
1789556930515490888,48381732,6696,0,8436880,0
1789556931780904296,48386828,7716,0,8436880,0
1789556933037846281,48382208,8288,0,8436880,0
1789556934278657389,48382380,8660,0,8436880,0
1789556935536517262,48379200,9316,0,8436880,0
1789556936790333153,48382736,368,264,8436880,0
1789556938038159711,48379260,1096,0,8436880,0
1789556939287365849,48382824,1628,0,8436880,0
1789556940523052167,48386688,2200,0,8436880,0
1789556941777474579,48389504,3032,0,8436880,0
1789556943031437315,48390152,6004,0,8436880,0
1789556944265873292,48389024,10296,0,8436880,0
1789556945522434710,48385388,10732,0,8436880,0
1789556946774906559,48391112,208,228,8436880,0
1789556948020472979,48390372,2200,0,8436880,0
1789556949280258956,48388848,2960,0,8436880,0
1789556950533916544,48384204,3516,0,8436880,0
1789556951779336401,48392132,4352,0,8436880,0
1789556953033099651,48383836,4816,0,8436880,0
1789556954286199630,48377808,5356,0,8436880,0
1789556955538442872,48378084,5716,0,8436880,0
1789556956781002577,48377856,1552,0,8436880,0
1789556958036553449,48380264,7096,0,8436880,0
1789556959295460129,48403312,7536,0,8436880,0
1789556960550583076,48387412,7600,0,8436880,0
1789556978806978343,48438836,1112,0,8436880,0
1789556980065123678,48434824,1180,0,8436880,0
1789556981323070247,48440272,1248,0,8436880,0
1789556982568369293,48435796,0,36,8436880,0
1789556983823566010,48432136,128,0,8436880,0
1789556985075185289,48432768,200,0,8436880,0
1789556986311956088,48435072,252,0,8436880,0
1789556987553743495,48442168,0,260,8436880,0
1789556988788386663,48440088,108,0,8436880,0
1789556990053675089,48455480,188,0,8436880,0
1789556991318419975,48459640,260,0,8436880,0
1789556992581768215,48461668,12,0,8436880,0
1789556993850145927,48451188,128,0,8436880,0
1789556995119728983,48451440,192,0,8436880,0
1789556996394808261,48451396,256,0,8436880,0
1789556997667998755,48445108,0,0,8436880,0
1789556998935948914,48451120,116,0,8436880,0
1789557000204608323,48449320,192,0,8436880,0
1789557001469927286,48440868,248,0,8436880,0
1789557002728348503,48446064,0,256,8436880,0
1789557004006422975,48447612,128,0,8436880,0
1789557005271279546,48445072,188,0,8436880,0
1789557006542478417,48441628,256,0,8436880,0
1789557007818984282,48446692,12,0,8436880,0
1789557009087641380,48448620,124,0,8436880,0
1789557010354109361,48454196,192,0,8436880,0
1789557011605398523,48450396,232,0,8436880,0
1789557012864638493,48447952,320,0,8436880,0
1789557014131829339,48442736,104,0,8436880,0
1789557015398400592,48450372,172,0,8436880,0
1789557016626131750,48447376,236,0,8436880,0
1789557017879100615,48437212,1380,0,8436880,0
1789557019133806617,48435656,96,0,8436880,0
1789557020380540896,48431064,152,0,8436880,0
1789557021631390428,48436068,216,0,8436880,0
1789557022886028024,48432100,480,0,8436880,0
1789557024140480416,48431252,76,0,8436880,0
1789557025396196602,48441460,160,0,8436880,0
1789557026641613186,48434180,228,0,8436880,0
1789557027891191790,48438056,476,0,8436880,0
1789557029139347646,48443108,56,0,8436880,0
1789557030391294384,48442348,140,0,8436880,0
1789557031648965562,48446360,196,0,8436880,0
1789557032900971922,48447868,452,0,8436880,0
1789557034161916321,48449960,44,0,8436880,0
1789557035415915294,48447096,148,0,8436880,0
1789557036680597941,48449668,208,0,8436880,0
1789557037953617276,48448684,488,0,8436880,0
1789557039204455287,48453728,68,0,8436880,0
1789557040464310341,48450436,140,0,8436880,0
1789557041724439969,48447424,204,0,8436880,0
1789557042973503857,48445452,484,0,8436880,0
1789557044235005462,48450444,36,0,8436880,0
1789557045504256937,48446832,136,0,8436880,0
1789557046748286392,48441332,204,0,8436880,0
1789557048015145192,48443904,440,0,8436880,0
1789557049272881986,48449752,44,0,8436880,0
1789557050525613753,48450008,128,0,8436880,0
1789557051791703769,48449160,200,0,8436880,0
1789557053041990648,48458080,448,0,8436880,0
1789557054299917599,48455900,36,0,8436880,0
1789557055564412298,48452576,128,0,8436880,0
1789557056810622303,48451312,184,0,8436880,0
1789557058075754219,48455940,452,0,8436880,0
1789557059346832658,48456676,20,0,8436880,0
1789557060605883631,48455960,128,0,8436880,0
1789557061870109227,48460636,196,0,8436880,0
1789557063116599472,48455088,684,0,8436880,0
1789557064370614021,48450036,32,236,8436880,0
1789557065623521352,48450796,112,0,8436880,0
1789557066864714207,48452852,212,0,8436880,0
1789557068112077646,48450560,1040,0,8436880,0
1789557069359916805,48445756,16,244,8436880,0
1789557070614739084,48451768,108,0,8436880,0
1789557071867042265,48445312,180,0,8436880,0
1789557073107874594,48438376,456,0,8436880,0
1789557074358156171,48441880,528,0,8436880,0
1789557075606961563,48444480,116,0,8436880,0
1789557076864224336,48440432,172,0,8436880,0
1789557078114125519,48434800,448,0,8436880,0
1789557079370334592,48440880,516,0,8436880,0
1789557080623601585,48443196,112,0,8436880,0
1789557081895052080,48448576,172,0,8436880,0
1789557083159573065,48451060,428,0,8436880,0
1789557084422693667,48449332,496,0,8436880,0
1789557085685917613,48451456,84,0,8436880,0
1789557086935538787,48452200,176,0,8436880,0
1789557088193976930,48452536,468,0,8436880,0
1789557089453389590,48448728,536,0,8436880,0
1789557090707020938,48441512,80,0,8436880,0
1789557091967450564,48442920,144,0,8436880,0
1789557093225451689,48452296,416,0,8436880,0
1789557094491134234,48441640,476,0,8436880,0
1789557095728338167,48452320,72,0,8436880,0
1789557096993371880,48453060,276,0,8436880,0
1789557098262752042,48456208,588,0,8436880,0
1789557099520995905,48447944,644,0,8436880,0
1789557100776707828,48453000,52,0,8436880,0
1789557102025308440,48450796,148,0,8436880,0
1789557103294487339,48450316,416,0,8436880,0
1789557104543122853,48452920,488,0,8436880,0
1789557105807022018,48456220,100,0,8436880,0
1789557107071277636,48461076,148,0,8436880,0
1789557108303922571,48456036,412,0,8436880,0
1789557109565477239,48462240,468,0,8436880,0
1789557110820986586,48457132,52,0,8436880,0
1789557112080902346,48452780,128,0,8436880,0
1789557113350049941,48441800,396,0,8436880,0
1789557114601084554,48447888,472,0,8436880,0
1789557115863294080,48450836,64,20,8436880,0
1789557117111618604,48446920,144,20,8436880,0
1789557118369117232,48455708,380,0,8436880,0
1789557119621605356,48447208,444,0,8436880,0
1789557120876843178,48442732,56,0,8436880,0
1789557122119704633,48445748,128,0,8436880,0
1789557123367330985,48442736,1236,0,8436880,0
1789557124608070352,48438844,1292,0,8436880,0
1789557125861532489,48443876,36,0,8436880,0
1789557127110610904,48449748,136,0,8436880,0
1789557128362675145,48443160,404,0,8436880,0
1789557129609211667,48434972,484,0,8436880,0
1789557130846956646,48435984,284,0,8436880,0
1789557132092820751,48434108,116,0,8436880,0
1789557133339474724,48439164,392,0,8436880,0
1789557134590880387,48434752,460,0,8436880,0
1789557135838449257,48429424,0,0,8436880,0
1789557137090773155,48434096,108,0,8436880,0
1789557138338734965,48432316,376,0,8436880,0
1789557139583635494,48429516,432,0,8436880,0
1789557140836353063,48438588,496,0,8436880,0
1789557142109821026,48436476,100,0,8436880,0
1789557143373717743,48442616,360,0,8436880,0
1789557144620738247,48439656,412,0,8436880,0
1789557145880740955,48449792,500,0,8436880,0
1789557147152059455,48441000,96,0,8436880,0
1789557148395838716,48436536,368,0,8436880,0
1789557149649350064,48434016,436,0,8436880,0
1789557150914468739,48445488,504,0,8436880,0
1789557152177027885,48438208,92,0,8436880,0
1789557153424674035,48437120,360,0,8436880,0
1789557154683504831,48435388,428,0,8436880,0
1789557155950923250,48444760,488,0,8436880,0
1789557157197057653,48436672,64,0,8436880,0
1789557158445408298,48435872,348,0,8436880,0
1789557159691857671,48439432,412,0,8436880,0
1789557160955737266,48438956,472,0,8436880,0
1789557162203891029,48439512,72,0,8436880,0
1789557163458153306,48439340,328,0,8436880,0
1789557164705873584,48432884,532,0,8436880,0
1789557165960005780,48438040,588,0,8436880,0
1789557167199465529,48441348,44,0,8436880,0
1789557168449351031,48443620,452,0,8436880,0
1789557169713632229,48438900,516,0,8436880,0
1789557170984299267,48443232,576,0,8436880,0
1789557172230249058,48441480,60,0,8436880,0
1789557173482779907,48447132,344,0,8436880,0
1789557174728046549,48448792,404,0,8436880,0
1789557175996718494,48452860,472,0,8436880,0
1789557177252124443,48453356,36,0,8436880,0
1789557178506972313,48464200,372,0,8436880,0
1789557179764637748,48456636,440,0,8436880,0
1789557181027185064,48448508,500,0,8436880,0
1789557182281156691,48444672,20,0,8436880,0
1789557183539634771,48441816,420,0,8436880,0
1789557184784316836,48442632,480,0,8436880,0
1789557186024494907,48442896,548,0,8436880,0
1789557187260513858,48438076,12,0,8436880,0
1789557188511401866,48442836,940,0,8436880,0
1789557189780792458,48446500,1016,0,8436880,0
1789557191038108532,48447488,1080,0,8436880,0
1789557192314247055,48454360,8,0,8436880,0
1789557193577762024,48444584,300,0,8436880,0
1789557194846897615,48446416,368,0,8436880,0
1789557196109982402,48450144,424,0,8436880,0
1789557197369236661,48449192,12,0,8436880,0
1789557198641493830,48442880,312,0,8436880,0
1789557199906217952,48434240,380,0,8436880,0
1789557201175119041,48445032,444,0,8436880,0
1789557202448006645,48445540,124,0,8436880,0
1789557203714378347,48448664,328,0,8436880,0
1789557204975715471,48443844,388,0,8436880,0
1789557206246491705,48444408,460,0,8436880,0
1789557207500816878,48449000,196,0,8436880,0
1789557208773225302,48450032,292,0,8436880,0
1789557210029403376,48446304,368,0,8436880,0
1789557211297688436,48447540,432,0,8436880,0
1789557212537434313,48442264,380,0,8436880,0
1789557213787763655,48445348,112,0,8436880,0
1789557215036136491,48435752,168,0,8436880,0
1789557216291560536,48438928,240,0,8436880,0
1789557217532444877,48451740,492,0,8436880,0
1789557218804011829,48452404,80,0,8436880,0
1789557220072359369,48446756,288,0,8436880,0
1789557221344363161,48454344,352,0,8436880,0
1789557222614826789,48450452,664,0,8436880,0
1789557223886246729,48450688,84,0,8436880,0
1789557225149252196,48454556,152,0,8436880,0
1789557226406982642,48453996,208,0,8436880,0
1789557227668015002,48454040,280,0,8436880,0
1789557228923449067,48444472,68,0,8436880,0
1789557230190990595,48447584,144,0,8436880,0
1789557231461140027,48442804,220,0,8436880,0
1789557232735834536,48445904,456,0,8436880,0
1789557234008893881,48436064,76,0,8436880,0
1789557235281697146,48442936,148,0,8436880,0
1789557236553811113,48438932,200,0,8436880,0
1789557237815137761,48443496,464,0,8436880,0
1789557239078517999,48446904,60,0,8436880,0
1789557240331007559,48444064,156,0,8436880,0
1789557241572425321,48438260,232,0,8436880,0
1789557242814141345,48441812,496,0,8436880,0
1789557244069834921,48439820,52,0,8436880,0
1789557245311282127,48445976,148,0,8436880,0
1789557246579570766,48447484,216,0,8436880,0
1789557247846737017,48447568,476,0,8436880,0
1789557249116360487,48450856,48,0,8436880,0
1789557250382348304,48441604,136,0,8436880,0
1789557251648428516,48446180,208,0,8436880,0
1789557252917072455,48447828,472,0,8436880,0
1789557254185301460,48445508,56,0,8436880,0
1789557255458496691,48446764,128,0,8436880,0
1789557256723110422,48452124,216,0,8436880,0
1789557257983191915,48450940,464,0,8436880,0
1789557259244567209,48454196,52,0,8436880,0
1789557260504662672,48451664,128,0,8436880,0
1789557261764449585,48454884,200,0,8436880,0
1789557263028140759,48448652,468,0,8436880,0
1789557264286836518,48460456,64,0,8436880,0
1789557265551265930,48455644,132,0,8436880,0
1789557266824546880,48451588,204,0,8436880,0
1789557268089872295,48446044,480,0,8436880,0
1789557269342765987,48444664,36,0,8436880,0
1789557270582902936,48434408,132,0,8436880,0
1789557271839251758,48437496,200,0,8436880,0
1789557273082057332,48438712,476,0,8436880,0
1789557274339492694,48442792,36,0,8436880,0
1789557275599674984,48439228,128,0,8436880,0
1789557276872601421,48441848,196,0,8436880,0
1789557278142285229,48446984,440,0,8436880,0
1789557279404609139,48449216,12,0,8436880,0
1789557280670926365,48447524,128,0,8436880,0
1789557281938811034,48442440,192,0,8436880,0
1789557283209563838,48449340,436,0,8436880,0
1789557284488706012,48447976,492,0,8436880,0
1789557285758598705,48447988,132,0,8436880,0
1789557287031923252,48452352,188,0,8436880,0
1789557288299997360,48449460,444,0,8436880,0
1789557289573223332,48453156,12,0,8436880,0
1789557290846803714,48448228,136,0,8436880,0
1789557292110837592,48450016,196,0,8436880,0
1789557293381075959,48455044,472,0,8436880,0
1789557294641432483,48452052,8,0,8436880,0
1789557295893178592,48449104,128,0,8436880,0
1789557297142852378,48442568,188,0,8436880,0
1789557298390022918,48447176,496,0,8436880,0
1789557299633648169,48442624,176,0,8436880,0
1789557300885679670,48446412,124,0,8436880,0
1789557302143522219,48443816,552,0,8436880,0
1789557303415744648,48447944,604,0,8436880,0
1789557304679263264,48446784,676,0,8436880,0
1789557305942901065,48455524,100,0,8436880,0
1789557307210225838,48450208,404,0,8436880,0
1789557308457851105,48448876,472,0,8436880,0
1789557309728981029,48453288,536,0,8436880,0
1789557310994822145,48454096,92,0,8436880,0
1789557312263509386,48457532,356,0,8436880,0
1789557313528419030,48457720,416,0,8436880,0
1789557314803428507,48456184,488,0,8436880,0
1789557316076410730,48447164,88,0,8436880,0
1789557317338809643,48447940,388,0,8436880,0
1789557318611309398,48441904,444,0,8436880,0
1789557319877108061,48443688,516,0,8436880,0
1789557321143199023,48451668,68,0,8436880,0
1789557322408459249,48452160,380,0,8436880,0
1789557323688199287,48451876,452,0,8436880,0
1789557324956304608,48448188,512,0,8436880,0
1789557326203154414,48443112,76,0,8436880,0
1789557327441234660,48438372,352,0,8436880,0
1789557328673950823,48445776,420,0,8436880,0
1789557329933385365,48444532,484,0,8436880,0
1789557331201977958,48452120,56,0,8436880,0
1789557332474688972,48451352,328,0,8436880,0
1789557333731360944,48446124,396,0,8436880,0
1789557334999426197,48453756,460,0,8436880,0
1789557336268478174,48445064,68,4,8436880,0
1789557337538196336,48449824,332,4,8436880,0
1789557338791952398,48447752,396,0,8436880,0
1789557340063860512,48449008,456,0,8436880,0
1789557341336910518,48448796,76,0,8436880,0
1789557342612430987,48441504,372,0,8436880,0
1789557343881772499,48446048,560,0,8436880,0
1789557345147744073,48443628,664,0,8436880,0
1789557346416908857,48454232,60,0,8436880,0
1789557347673601050,48452824,444,0,8436880,0
1789557348946919886,48453364,504,0,8436880,0
1789557350220303042,48444864,560,0,8436880,0
1789557351492742469,48449968,48,0,8436880,0
1789557352762186843,48443456,316,0,8436880,0
1789557354020985761,48441896,396,0,8436880,0
1789557355268150472,48444684,460,0,8436880,0
1789557356514446716,48442432,212,124,8436880,0
1789557357773815589,48441940,308,0,8436880,0
1789557359023450704,48453376,376,0,8436880,0
1789557360269915545,48457700,448,0,8436880,0
1789557361531724079,48447164,52,0,8436880,0
1789557362797322542,48449164,344,0,8436880,0
1789557364066940700,48445204,424,0,8436880,0
1789557365338221619,48452984,484,0,8436880,0
1789557366611638154,48451232,48,60,8436880,0
1789557367886473510,48453108,328,0,8436880,0
1789557369159763555,48442508,396,0,8436880,0
1789557370431297254,48450856,452,0,8436880,0
1789557371699681732,48452928,212,172,8436880,0
1789557372961364654,48453972,316,0,8436880,0
1789557374229948525,48449160,372,0,8436880,0
1789557375498715845,48447476,440,0,8436880,0
1789557376770357693,48448104,220,180,8436880,0
1789557378045853210,48446060,456,0,8436880,0
1789557379314488780,48447124,552,0,8436880,0
1789557380580261587,48448436,624,0,8436880,0
1789557381834355281,48447912,4,188,8436880,0
1789557383082288366,48443680,340,0,8436880,0
1789557384329502234,48441432,416,0,8436880,0
1789557385576677875,48440300,464,0,8436880,0
1789557386825023514,48447284,160,0,8436880,0
1789557388078436369,48445964,116,0,8436880,0
1789557389330050697,48439364,192,0,8436880,0
1789557390584214287,48439164,252,0,8436880,0
1789557391835104909,48432332,0,4,8436880,0
1789557393095127698,48431420,112,0,8436880,0
1789557394337505280,48436736,192,0,8436880,0
1789557395577363815,48439640,248,0,8436880,0
1789557396827799035,48433588,316,0,8436880,0
1789557398073370929,48438976,108,0,8436880,0
1789557399324425886,48442508,168,0,8436880,0
1789557400585923649,48442512,240,0,8436880,0
1789557401833247538,48443852,492,0,8436880,0
1789557403101401101,48444384,92,0,8436880,0
1789557404352437678,48442588,156,0,8436880,0
1789557405606427718,48437616,228,0,8436880,0
1789557406867169753,48443992,524,0,8436880,0
1789557408121932943,48450788,68,0,8436880,0
1789557409381356933,48445516,148,0,8436880,0
1789557410643247779,48443780,220,0,8436880,0
1789557411901604662,48436956,492,0,8436880,0
1789557413172351272,48437520,64,8,8436880,0
1789557414437705410,48439172,144,0,8436880,0
1789557415694476466,48440680,220,0,8436880,0
1789557416961836973,48445304,476,0,8436880,0
1789557418228384834,48449664,68,0,8436880,0
1789557419488469625,48450676,148,0,8436880,0
1789557420749796869,48445936,212,0,8436880,0
1789557422010498617,48449528,652,0,8436880,0
1789557423275992594,48447312,64,0,8436880,0
1789557424540426591,48446940,132,0,8436880,0
1789557425792191740,48441004,196,0,8436880,0
1789557427059982025,48439472,488,0,8436880,0
1789557428313879781,48442716,48,0,8436880,0
1789557429584677173,48442524,140,0,8436880,0
1789557430838498509,48444320,216,0,8436880,0
1789557432092481159,48439128,464,0,8436880,0
1789557433323183154,48432680,52,0,8436880,0
1789557434573121207,48440492,132,0,8436880,0
1789557435819444439,48439080,208,0,8436880,0
1789557437065451373,48437016,1288,0,8436880,0
1789557438306611450,48436332,28,0,8436880,0
1789557439556017489,48437820,140,0,8436880,0
1789557440804993798,48440796,192,0,8436880,0
1789557442042249320,48435580,440,0,8436880,0
1789557443273754392,48432544,4,0,8436880,0
1789557444512029880,48441360,124,0,8436880,0
1789557445747399314,48442228,200,0,8436880,0
1789557447003899627,48440544,444,0,8436880,0
1789557448252401105,48435980,0,0,8436880,0
1789557449494288960,48429760,124,0,8436880,0
1789557450740805459,48427808,188,0,8436880,0
1789557451986233913,48431420,436,0,8436880,0
1789557453243087567,48434508,20,0,8436880,0
1789557454494045509,48434844,116,0,8436880,0
1789557455735797181,48436652,188,0,8436880,0
1789557456986122619,48440568,436,0,8436880,0
1789557458256369344,48443012,496,0,8436880,0
1789557459504905286,48441572,88,0,8436880,0
1789557460730442095,48444456,164,0,8436880,0
1789557461990067750,48449304,440,0,8436880,0
1789557463248212862,48444296,500,0,8436880,0
1789557464486723325,48441260,72,0,8436880,0
1789557465748099116,48439808,164,0,8436880,0
1789557467017893336,48443820,548,0,8436880,0
1789557468276999273,48439780,636,0,8436880,0
1789557469526697812,48441860,176,0,8436880,0
1789557470797804766,48444020,264,0,8436880,0
1789557472048760242,48439828,512,0,8436880,0
1789557473301226827,48447868,580,0,8436880,0
1789557474565381099,48444708,52,0,8436880,0
1789557475817895707,48444772,148,0,8436880,0
1789557477052366347,48451800,396,0,8436880,0
1789557478315057768,48452368,452,0,8436880,0
1789557479587606296,48449172,40,0,8436880,0
1789557480840805030,48447628,128,0,8436880,0
1789557482081259120,48450200,432,0,8436880,0
1789557483348745146,48448684,500,0,8436880,0
1789557484606991046,48449424,40,0,8436880,0
1789557485862348303,48447836,140,0,8436880,0
1789557487128232133,48452848,392,0,8436880,0
1789557488392644873,48446104,452,0,8436880,0
1789557489630465360,48450368,28,0,8436880,0
1789557490879788491,48451204,136,0,8436880,0
1789557492137096960,48449456,388,0,8436880,0
1789557493392624850,48441864,448,0,8436880,0
1789557494641874120,48447388,520,0,8436880,0
1789557495902119251,48450292,144,0,8436880,0
1789557497151795412,48443724,1200,0,8436880,0
1789557498397428491,48434148,1256,0,8436880,0
1789557499644031448,48434908,20,0,8436880,0
1789557500872646084,48432368,120,0,8436880,0
1789557502120725280,48437312,388,0,8436880,0
1789557503376022076,48437412,456,0,8436880,0
1789557504627158457,48435396,20,0,8436880,0
1789557505870332786,48437924,124,0,8436880,0
1789557507119187305,48438764,372,0,8436880,0
1789557508373396275,48442256,448,0,8436880,0
1789557509620486351,48445796,8,180,8436880,0
1789557510867686240,48450156,132,0,8436880,0
1789557512134774263,48448324,400,0,8436880,0
1789557513402744291,48452612,468,0,8436880,0
1789557514656436828,48445568,4,144,8436880,0
1789557515925930348,48448724,120,0,8436880,0
1789557517182715142,48444720,360,0,8436880,0
1789557518432960677,48445776,428,0,8436880,0
1789557519687214302,48443568,492,0,8436880,0
1789557520953734094,48453128,96,0,8436880,0
1789557522221646893,48445636,372,0,8436880,0
1789557523471791911,48447740,444,0,8436880,0
1789557524732662029,48442892,508,0,8436880,0
1789557525977728166,48438364,88,0,8436880,0
1789557527228563478,48436620,372,0,8436880,0
1789557528498668221,48445012,432,0,8436880,0
1789557529767277392,48444760,500,0,8436880,0
1789557531019551144,48448600,68,0,8436880,0
1789557532280598787,48447804,340,0,8436880,0
1789557533541669711,48439268,404,0,8436880,0
1789557534800456490,48443848,476,0,8436880,0
1789557536065063876,48450872,60,0,8436880,0
1789557537328044836,48442392,352,0,8436880,0
1789557538594903320,48441208,432,0,8436880,0
1789557539846799531,48441276,480,0,8436880,0
1789557541117944237,48442272,48,0,8436880,0
1789557542371732176,48437040,1168,0,8436880,0
1789557543626253690,48446216,1212,0,8436880,0
1789557544872419548,48452136,1308,0,8436880,0
1789557546121113994,48461244,48,0,8436880,0
1789557547375719659,48454908,344,0,8436880,0
1789557548626567961,48446336,408,0,8436880,0
1789557549877107226,48448992,476,0,8436880,0
1789557551147503586,48450572,56,0,8436880,0
1789557552404090993,48459704,336,0,8436880,0
1789557553674361758,48461184,392,0,8436880,0
1789557554933133689,48460788,464,0,8436880,0
1789557556196714870,48459180,56,0,8436880,0
1789557557459926249,48458712,316,0,8436880,0
1789557558716837874,48455020,384,0,8436880,0
1789557559977403643,48466068,452,0,8436880,0
1789557561240315448,48459052,48,0,8436880,0
1789557562512525676,48456480,324,0,8436880,0
1789557563779360208,48452556,384,0,8436880,0
1789557565043435287,48451068,448,0,8436880,0
1789557566312108198,48457136,36,0,8436880,0
1789557567578041089,48455120,316,0,8436880,0
1789557568827978055,48452340,396,0,8436880,0
1789557570102635863,48460924,464,0,8436880,0
1789557571362318290,48458740,44,0,8436880,0
1789557572624091637,48450984,460,0,8436880,0
1789557573889255803,48459636,536,0,8436880,0
1789557575160263690,48455724,616,0,8436880,0
1789557576422936516,48450672,28,0,8436880,0
1789557577662302734,48453208,596,0,8436880,0
1789557578915292125,48446000,664,0,8436880,0
1789557580167478513,48444172,724,0,8436880,0
1789557581416957382,48445960,16,196,8436880,0
1789557582667847383,48449440,820,0,8436880,0
1789557583913511186,48453548,884,0,8436880,0
1789557585166085107,48447076,948,0,8436880,0
1789557586400937080,48449752,0,0,8436880,0
1789557587641646699,48452564,276,0,8436880,0
1789557588903572233,48458492,368,0,8436880,0
1789557590164739591,48455948,428,0,8436880,0
1789557591425209768,48453680,376,96,8436880,0
1789557592699073904,48456488,352,0,8436880,0
1789557593966970504,48464484,556,0,8436880,0
1789557595236601199,48455852,624,0,8436880,0
1789557596491340155,48454916,684,0,8436880,0
1789557597749231042,48449508,472,0,8436880,0
1789557599016107912,48444572,544,0,8436880,0
1789557600276883256,48455572,636,0,8436880,0
1789557601544816512,48459932,700,0,8436880,0
1789557602803971758,48456616,344,0,8436880,0
1789557604071046647,48471044,404,0,8436880,0
1789557605320754820,48470572,464,0,8436880,0
1789557606581320791,48466652,536,0,8436880,0
1789557607846473983,48458792,284,0,8436880,0
1789557609114759458,48454676,468,0,8436880,0
1789557610383992779,48454952,532,0,8436880,0
1789557611647768421,48454272,624,0,8436880,0
1789557612900643330,48462000,304,4,8436880,0
1789557614162648464,48458124,496,4,8436880,0
1789557615423816321,48459616,552,0,8436880,0
1789557616690752581,48455168,688,0,8436880,0
1789557617936722468,48444564,692,0,8436880,0
1789557619184201600,48454800,888,0,8436880,0
1789557620432257690,48451524,944,0,8436880,0
1789557621673613643,48442448,1028,0,8436880,0
1789557622929665741,48440508,684,0,8436880,0
1789557624176175776,48443852,876,0,8436880,0
1789557625425611611,48445244,940,0,8436880,0
1789557626684364822,48446828,1068,0,8436880,0
1789557627946264947,48445852,228,0,8436880,0
1789557629201012267,48449832,456,0,8436880,0
1789557630457280521,48445904,556,0,8436880,0
1789557631723080008,48451820,616,0,8436880,0
1789557632983798411,48450284,148,0,8436880,0
1789557634241784936,48456072,240,0,8436880,0
1789557635510872429,48452616,292,0,8436880,0
1789557636779451979,48446576,388,0,8436880,0
1789557638050332255,48452080,52,0,8436880,0
1789557639316569298,48446692,256,0,8436880,0
1789557640583425400,48446500,320,0,8436880,0
1789557641842386544,48444744,388,0,8436880,0
1789557643113299060,48457760,180,0,8436880,0
1789557644375893109,48455224,280,0,8436880,0
1789557645633937484,48464344,364,0,8436880,0
1789557646899850807,48452356,464,0,8436880,0
1789557648161623349,48460544,36,0,8436880,0
1789557649422544948,48455160,132,0,8436880,0
1789557650686685310,48459756,316,0,8436880,0
1789557651946442273,48457080,384,0,8436880,0
1789557653198920989,48450800,24,0,8436880,0
1789557654444170405,48447256,120,0,8436880,0
1789557655681859067,48450104,300,0,8436880,0
1789557656939627668,48451644,368,0,8436880,0
1789557658213227327,48453812,20,0,8436880,0
1789557659477032937,48449052,268,0,8436880,0
1789557660748628437,48452312,384,0,8436880,0
1789557662018009331,48455884,436,0,8436880,0
1789557663286263602,48459560,0,0,8436880,0
1789557664561497687,48453812,124,0,8436880,0
1789557665832796797,48454088,192,0,8436880,0
1789557667101879732,48452580,356,0,8436880,0
1789557668373719731,48453680,664,0,8436880,0
1789557669643669176,48451532,116,0,8436880,0
1789557670916190848,48454120,184,0,8436880,0
1789557672173685529,48442476,364,0,8436880,0
1789557673427500006,48449400,0,48,8436880,0
1789557674703486014,48449088,228,0,8436880,0
1789557675970028737,48456364,344,0,8436880,0
1789557677239458915,48454008,416,0,8436880,0
1789557678504565122,48449772,0,0,8436880,0
1789557679765810081,48452292,124,0,8436880,0
1789557681015579105,48449552,176,0,8436880,0
1789557682270156234,48447032,248,0,8436880,0
1789557683517230468,48443348,512,0,8436880,0
1789557684775178134,48444492,104,0,8436880,0
1789557686043046737,48444536,176,0,8436880,0
1789557687312664302,48447236,248,0,8436880,0
1789557688583604925,48445916,480,0,8436880,0
1789557689859884652,48455308,88,0,8436880,0
1789557691128459214,48454336,156,0,8436880,0
1789557692401797442,48459012,228,0,8436880,0
1789557693671712717,48451588,504,0,8436880,0
1789557694947457786,48452128,76,0,8436880,0
1789557696221534636,48456172,152,0,8436880,0
1789557697488527708,48452644,204,0,8436880,0
1789557698735301448,48452360,464,0,8436880,0
1789557700005660564,48459312,72,0,8436880,0
1789557701276460633,48457268,144,0,8436880,0
1789557702536804075,48455860,212,0,8436880,0
1789557703804051135,48461368,464,0,8436880,0
1789557705075623730,48466608,208,0,8436880,0
1789557706337201798,48462296,316,0,8436880,0
1789557707600901968,48459420,404,0,8436880,0
1789557708855807709,48451124,636,0,8436880,0
1789557710098502897,48444792,60,0,8436880,0
1789557711350618475,48447376,140,0,8436880,0
1789557712589960523,48446096,208,0,8436880,0
1789557713841548758,48459060,536,0,8436880,0
1789557715109238241,48463636,44,0,8436880,0
1789557716375983231,48462668,140,0,8436880,0
1789557717633373218,48467716,200,0,8436880,0
1789557718892760668,48464060,456,0,8436880,0
1789557720162213538,48470388,44,0,8436880,0
1789557721425508781,48466132,140,0,8436880,0
1789557722697114227,48458136,400,0,8436880,0
1789557723962902768,48458176,464,0,8436880,0
1789557725238555355,48457616,36,0,8436880,0
1789557726503511479,48453600,144,0,8436880,0
1789557727777029449,48456460,380,0,8436880,0
1789557729046797195,48463712,452,0,8436880,0
1789557730313334344,48463496,44,0,8436880,0
1789557731584904811,48455928,132,0,8436880,0
1789557732851389319,48454296,380,0,8436880,0
1789557734109743621,48458636,452,0,8436880,0
1789557735379743206,48458816,48,0,8436880,0
1789557736635105136,48453620,124,0,8436880,0
1789557737873046438,48449848,436,0,8436880,0
1789557739130602573,48443716,488,0,8436880,0
1789557740388137790,48444044,60,0,8436880,0
1789557741648378386,48450812,132,0,8436880,0
1789557742925984497,48451984,392,0,8436880,0
1789557744197070337,48448808,452,0,8436880,0
1789557745473469525,48451564,12,0,8436880,0
1789557746742797617,48453332,132,0,8436880,0
1789557748013928748,48450548,408,0,8436880,0
1789557749273519529,48452068,460,0,8436880,0
1789557750533556419,48460176,36,0,8436880,0
1789557751798122063,48462296,140,0,8436880,0
1789557753065429585,48465744,384,0,8436880,0
1789557754328049349,48461492,444,0,8436880,0
1789557755578209302,48450508,32,0,8436880,0
1789557756838986545,48458532,128,0,8436880,0
1789557758109370473,48454592,396,0,8436880,0
1789557759359904658,48458104,456,0,8436880,0
1789557760634752989,48447568,8,208,8436880,0
1789557761897415114,48453296,128,0,8436880,0
1789557763163897814,48455012,372,0,8436880,0
1789557764421303060,48453708,436,0,8436880,0
1789557765668711302,48448380,0,0,8436880,0
1789557766912919273,48451312,124,0,8436880,0
1789557768161899340,48457860,404,0,8436880,0
1789557769416410826,48455828,452,0,8436880,0
1789557770678115482,48456392,192,0,8436880,0
1789557771948694225,48451968,256,0,8436880,0
1789557773213540312,48451000,568,0,8436880,0
1789557774482589033,48451608,648,0,8436880,0
1789557775740795778,48455156,228,104,8436880,0
1789557777012960785,48450628,100,0,8436880,0
1789557778283082041,48450652,376,0,8436880,0
1789557779551746409,48453100,444,0,8436880,0
1789557780822595420,48457252,516,0,8436880,0
1789557782098431486,48455504,100,0,8436880,0
1789557783377410901,48457392,360,0,8436880,0
1789557784649546231,48442496,428,0,8436880,0
1789557785913307507,48455568,496,0,8436880,0
1789557787187221406,48461932,100,0,8436880,0
1789557788452584305,48454708,352,0,8436880,0
1789557789717985925,48450300,404,0,8436880,0
1789557790990757477,48451512,480,0,8436880,0
1789557792262016463,48453580,108,0,8436880,0
1789557793512546650,48452332,384,0,8436880,0
1789557794768992582,48449428,456,0,8436880,0
1789557796025476091,48444660,516,0,8436880,0
1789557797278977694,48446924,64,0,8436880,0
1789557798531647690,48445536,336,0,8436880,0
1789557799783298261,48444076,392,0,8436880,0
1789557801034323702,48449224,464,0,8436880,0
1789557802291565730,48449792,68,0,8436880,0
1789557803556742524,48452956,340,0,8436880,0
1789557804817213250,48439552,416,0,8436880,0
1789557806087694734,48444140,476,0,8436880,0
1789557807347607168,48438080,56,0,8436880,0
1789557808615220090,48436980,320,0,8436880,0
1789557809868609711,48443412,392,0,8436880,0
1789557811135811690,48452508,448,0,8436880,0
1789557812382124274,48445916,48,0,8436880,0
1789557813639578930,48449428,328,0,8436880,0
1789557814895053202,48441860,400,0,8436880,0
1789557816157633727,48442912,448,0,8436880,0
1789557817429822244,48446216,44,0,8436880,0
1789557818701862847,48437720,328,0,8436880,0
1789557819954482861,48442104,532,0,8436880,0
1789557821220023490,48436376,596,0,8436880,0
1789557822484006920,48436872,24,0,8436880,0
1789557823747684858,48444352,420,0,8436880,0
1789557825002460192,48445616,496,0,8436880,0
1789557826271128271,48442644,568,0,8436880,0
1789557827530625413,48445616,0,0,8436880,0
1789557828782282242,48448576,1084,0,8436880,0
1789557830031566763,48440816,1140,0,8436880,0
1789557831281701947,48447932,1208,0,8436880,0
1789557832528789555,48449228,276,0,8436880,0
1789557833800855899,48447436,436,0,8436880,0
1789557835052653725,48442680,508,0,8436880,0
1789557836306613513,48443480,572,0,8436880,0
1789557837566431508,48452104,32,0,8436880,0
1789557838830201515,48448380,332,0,8436880,0
1789557840083541636,48449444,400,0,8436880,0
1789557841338843897,48444056,460,0,8436880,0
1789557842600846680,48449552,0,0,8436880,0
1789557843869250095,48447876,300,0,8436880,0
1789557845137456917,48445156,360,0,8436880,0
1789557846408507579,48442136,436,0,8436880,0
1789557847667670802,48444032,8,156,8436880,0
1789557848934754042,48444348,328,0,8436880,0
1789557850207800391,48440288,392,0,8436880,0
1789557851483760016,48446652,456,0,8436880,0
1789557852752468253,48442856,12,0,8436880,0
1789557854021348709,48448420,332,0,8436880,0
1789557855290233205,48446156,404,0,8436880,0
1789557856561629318,48450484,464,0,8436880,0
1789557857832734138,48449008,16,0,8436880,0
1789557859103416954,48450344,120,0,8436880,0
1789557860368204737,48456000,180,0,8436880,0
1789557861614961297,48450792,248,0,8436880,0
1789557862878709111,48452288,8,0,8436880,0
1789557864141336942,48443552,120,0,8436880,0
1789557865395199963,48442788,204,0,8436880,0
1789557866640940495,48449128,252,0,8436880,0
1789557867887281665,48455388,20,252,8436880,0
1789557869139208558,48455564,104,0,8436880,0
1789557870392386289,48458324,172,0,8436880,0
1789557871661799526,48451116,240,0,8436880,0
1789557872926595185,48444652,492,0,8436880,0
1789557874199005097,48450664,100,0,8436880,0
1789557875467080745,48450216,164,0,8436880,0
1789557876729312002,48447224,236,0,8436880,0
1789557877997403043,48451112,508,0,8436880,0
1789557879264607751,48451204,88,0,8436880,0
1789557880528904778,48448968,160,0,8436880,0
1789557881766205607,48448512,224,0,8436880,0
1789557883030811536,48444268,496,0,8436880,0
1789557884303843851,48443332,68,0,8436880,0
1789557885569478246,48450208,148,0,8436880,0
1789557886834721628,48449568,220,0,8436880,0
1789557888101696542,48440048,504,0,8436880,0
1789557889369407419,48433728,56,0,8436880,0
1789557890621625130,48439092,148,0,8436880,0
1789557891892430163,48445016,208,0,8436880,0
1789557893160091686,48438748,464,0,8436880,0
1789557894411962026,48432456,84,0,8436880,0
1789557895665445838,48435776,148,0,8436880,0
1789557896903372610,48437652,228,0,8436880,0
1789557898146305592,48432500,472,0,8436880,0
1789557899397844669,48430484,56,0,8436880,0
1789557900631233782,48431544,128,0,8436880,0
1789557901888758198,48427504,380,0,8436880,0
1789557903135552293,48438216,536,0,8436880,0
1789557904397167125,48434944,56,0,8436880,0
1789557905656462686,48439616,140,0,8436880,0
1789557906925158524,48442268,208,0,8436880,0
1789557908182523949,48433720,488,0,8436880,0
1789557909455564629,48435840,52,0,8436880,0
1789557910723413768,48437336,140,0,8436880,0
1789557911987134861,48439128,200,0,8436880,0
1789557913258950505,48439880,464,0,8436880,0
1789557914523521619,48436548,40,0,8436880,0
1789557915789627989,48442220,128,0,8436880,0
1789557917049311862,48444036,196,0,8436880,0
1789557918314229438,48444276,480,0,8436880,0
1789557919572421895,48447332,20,0,8436880,0
1789557920834598959,48446140,144,0,8436880,0
1789557922087123088,48439584,196,0,8436880,0
1789557923341535608,48437808,460,0,8436880,0
1789557924601272506,48442968,16,0,8436880,0
1789557925855897869,48442336,124,0,8436880,0
1789557927125907431,48441852,192,0,8436880,0
1789557928390663223,48441696,460,0,8436880,0
1789557929648679011,48435176,112,0,8436880,0
1789557930909020309,48440316,136,0,8436880,0
1789557932154254307,48439188,196,0,8436880,0
1789557933401696344,48436488,1292,0,8436880,0
1789557934651438375,48437992,328,0,8436880,0
1789557935898096804,48438044,124,0,8436880,0
1789557937151845949,48432300,192,0,8436880,0
1789557938407520204,48437772,456,0,8436880,0
1789557939657550819,48434880,24,0,8436880,0
1789557940911134478,48432204,248,0,8436880,0
1789557942150364191,48433000,308,0,8436880,0
1789557943405779591,48435792,388,0,8436880,0
1789557944643203140,48435112,664,0,8436880,0
1789557945901558153,48439648,104,0,8436880,0
1789557947161294735,48438456,160,0,8436880,0
1789557948409616415,48435812,236,0,8436880,0
1789557949669013474,48441444,532,0,8436880,0
1789557950931541282,48436760,84,0,8436880,0
1789557952185881259,48434232,160,0,8436880,0
1789557953446294900,48435076,224,0,8436880,0
1789557954712194091,48440660,476,0,8436880,0
1789557955967870996,48441164,76,0,8436880,0
1789557957230805954,48436080,140,0,8436880,0
1789557958492563528,48438336,220,0,8436880,0
1789557959743136142,48449544,484,0,8436880,0
1789557961010980452,48444296,56,0,8436880,0
1789557962272156141,48438460,144,0,8436880,0
1789557963532721682,48441560,216,0,8436880,0
1789557964798336682,48442308,492,0,8436880,0
1789557966057892700,48437796,48,0,8436880,0
1789557967316934876,48435816,160,0,8436880,0
1789557968583339871,48435312,212,0,8436880,0
1789557969846610636,48436732,532,0,8436880,0
1789557971107283504,48438956,48,0,8436880,0
1789557972371981373,48429896,140,0,8436880,0
1789557973624694360,48436764,200,0,8436880,0
1789557974876995113,48435772,464,0,8436880,0
1789557976145340639,48443360,56,0,8436880,0
1789557977387393674,48430288,148,0,8436880,0
1789557978634573764,48436680,200,0,8436880,0
1789557979882400204,48433564,1416,0,8436880,0
1789557981125887885,48432240,52,0,8436880,0
1789557982369594251,48432264,248,0,8436880,0
1789557983608251424,48428736,324,0,8436880,0
1789557984853639103,48424016,608,0,8436880,0
1789557986089703818,48428568,24,0,8436880,0
1789557987337132700,48426336,136,0,8436880,0
1789557988590665369,48429516,192,0,8436880,0
1789557989844823419,48431616,268,0,8436880,0
1789557991108074855,48441748,20,0,8436880,0
1789557992369464009,48439792,124,0,8436880,0
1789557993631435858,48443984,188,0,8436880,0
1789557994890855299,48436032,492,0,8436880,0
1789557996151138264,48439004,16,0,8436880,0
1789557997406883788,48438504,124,0,8436880,0
1789557998666834457,48438572,188,0,8436880,0
1789557999925583507,48438932,480,0,8436880,0
1789558001163233979,48435220,16,0,8436880,0
1789558002426897416,48425648,116,0,8436880,0
1789558003694204961,48432024,176,0,8436880,0
1789558004959491454,48435892,460,0,8436880,0
1789558006215070378,48434344,524,0,8436880,0
1789558007476783079,48433864,120,0,8436880,0
1789558008733750109,48435264,176,0,8436880,0
1789558009993542422,48439772,480,0,8436880,0
1789558011248667370,48440064,300,40,8436880,0
1789558012517262579,48438828,92,0,8436880,0
1789558013780568542,48435408,176,0,8436880,0
1789558015030511123,48444000,468,0,8436880,0
1789558016291123912,48436400,536,0,8436880,0
1789558017551235386,48439964,96,0,8436880,0
1789558018805633480,48445072,160,0,8436880,0
1789558020076641917,48441060,456,0,8436880,0
1789558021342919906,48436352,536,0,8436880,0
1789558022574565264,48434832,80,0,8436880,0
1789558023826986499,48434064,156,0,8436880,0
1789558025062220457,48434060,1076,0,8436880,0
1789558026308226527,48435144,1148,0,8436880,0
1789558027562709824,48438548,68,0,8436880,0
1789558028835999286,48439088,148,0,8436880,0
1789558030110009159,48441504,412,0,8436880,0
1789558031384013103,48436276,476,0,8436880,0
1789558032640612218,48438320,52,0,8436880,0
1789558033904813438,48434096,148,0,8436880,0
1789558035162564931,48439740,388,0,8436880,0
1789558036435425504,48438336,436,0,8436880,0
1789558037701342903,48442748,56,0,8436880,0
1789558038977322141,48443848,140,0,8436880,0
1789558040247533678,48439296,404,0,8436880,0
1789558041521391765,48437500,468,0,8436880,0
1789558042791221665,48440008,64,0,8436880,0
1789558044062001475,48434320,144,0,8436880,0
1789558045336927129,48438368,396,0,8436880,0
1789558046606963581,48432444,452,0,8436880,0
1789558047876632310,48440780,72,0,8436880,0
1789558049150502665,48436260,144,0,8436880,0
1789558050393668367,48432576,424,0,8436880,0
1789558051651369003,48429840,484,0,8436880,0
1789558052899077003,48425164,64,0,8436880,0
1789558054158579722,48424816,320,0,8436880,0
1789558055410980723,48440616,384,0,8436880,0
1789558056678151385,48435408,448,0,8436880,0
1789558057949487667,48433952,44,0,8436880,0
1789558059216118615,48435292,148,0,8436880,0
1789558060485260650,48436272,540,0,8436880,0
1789558061755345157,48442656,624,0,8436880,0
1789558063021446815,48436868,36,0,8436880,0
1789558064292760774,48439052,356,0,8436880,0
1789558065562431583,48446376,424,0,8436880,0
1789558066841639323,48448448,476,0,8436880,0
1789558068112202071,48441424,40,0,8436880,0
1789558069380535631,48435624,140,0,8436880,0
1789558070654958106,48450592,376,0,8436880,0
1789558071923233352,48444084,456,0,8436880,0
1789558073199527805,48446396,24,0,8436880,0
1789558074473122848,48437600,132,0,8436880,0
1789558075738985532,48441460,416,0,8436880,0
1789558077009023775,48444776,476,0,8436880,0
1789558078270934573,48439460,32,0,8436880,0
1789558079535459430,48439108,328,0,8436880,0
1789558080777031405,48440356,388,0,8436880,0
1789558082025081687,48433628,468,0,8436880,0
1789558083279737569,48433100,40,0,8436880,0
1789558084546321442,48441920,340,0,8436880,0
1789558085821373343,48445972,412,0,8436880,0
1789558087095303185,48445076,472,0,8436880,0
1789558088359848753,48441704,12,0,8436880,0
1789558089631285183,48442796,316,0,8436880,0
1789558090899713856,48453008,388,0,8436880,0
1789558092162316161,48453552,448,0,8436880,0
1789558093428788620,48442680,92,0,8436880,0
1789558094693839067,48444488,336,0,8436880,0
1789558095964530031,48443960,396,0,8436880,0
1789558097235502218,48442852,452,0,8436880,0
1789558098493077979,48443172,24,0,8436880,0
1789558099764413892,48445452,316,0,8436880,0
1789558101027103117,48444688,380,0,8436880,0
1789558102295371039,48448280,456,0,8436880,0
1789558103561456062,48446076,4,0,8436880,0
1789558104835726620,48454468,120,0,8436880,0
1789558106101789268,48447096,392,0,8436880,0
1789558107348915641,48442404,456,0,8436880,0
1789558108602808213,48443160,0,188,8436880,0
1789558109856804265,48447480,320,0,8436880,0
1789558111094441844,48443140,384,0,8436880,0
1789558112339522852,48443640,440,0,8436880,0
1789558113611221371,48445920,504,0,8436880,0
1789558114881729601,48448456,328,0,8436880,0
1789558116146335852,48454288,384,0,8436880,0
1789558117418735517,48457728,452,0,8436880,0
1789558118687807544,48451148,512,0,8436880,0
1789558119939694909,48447156,276,0,8436880,0
1789558121202521513,48451388,344,0,8436880,0
1789558122472984983,48454212,400,0,8436880,0
1789558123733172671,48443704,472,0,8436880,0
1789558125005753971,48450840,284,0,8436880,0
1789558126269810357,48450100,364,0,8436880,0
1789558127538360564,48441016,424,0,8436880,0
1789558128806848625,48444060,480,0,8436880,0
1789558130069680603,48454060,288,0,8436880,0
1789558131331510561,48452304,364,0,8436880,0
1789558132600662271,48457908,428,0,8436880,0
1789558133870284628,48455168,500,0,8436880,0
1789558135141190923,48456640,268,0,8436880,0
1789558136394488582,48446820,348,0,8436880,0
1789558137645985986,48448108,392,0,8436880,0
1789558138900721506,48444112,480,0,8436880,0
1789558140150779434,48441100,60,0,8436880,0
1789558141413099022,48451224,152,0,8436880,0
1789558142675319411,48450284,204,0,8436880,0
1789558143946521345,48445644,276,0,8436880,0
1789558145208863067,48441388,48,0,8436880,0
1789558146472834311,48445800,144,0,8436880,0
1789558147746742039,48444528,192,0,8436880,0
1789558149005730654,48446604,276,0,8436880,0
1789558150269184564,48450432,64,0,8436880,0
1789558151539164609,48444696,144,0,8436880,0
1789558152813551910,48442232,208,0,8436880,0
1789558154082064569,48443512,268,0,8436880,0
1789558155351990722,48440744,56,0,8436880,0
1789558156629257172,48440052,140,0,8436880,0
1789558157900704130,48451072,204,0,8436880,0
1789558159169187605,48451176,260,0,8436880,0
1789558160442231707,48443124,36,0,8436880,0
1789558161703832333,48453436,140,0,8436880,0
1789558162974126856,48443792,208,0,8436880,0
1789558164230052583,48438268,280,0,8436880,0
1789558165481362640,48433236,40,0,8436880,0
1789558166728424280,48439124,144,0,8436880,0
1789558167982193071,48440636,200,0,8436880,0
1789558169233221371,48445016,256,0,8436880,0
1789558170486673612,48444780,156,0,8436880,0
1789558171754060587,48440296,256,0,8436880,0
1789558173025379765,48443116,356,0,8436880,0
1789558174294685443,48437492,432,0,8436880,0
1789558175564791232,48436748,32,0,8436880,0
1789558176833624938,48439032,120,0,8436880,0
1789558178087841085,48438436,188,0,8436880,0
1789558179347802731,48438768,484,0,8436880,0
1789558180619066597,48443848,24,0,8436880,0
1789558181883317360,48439388,124,0,8436880,0
1789558183145301324,48447924,192,0,8436880,0
1789558184417994315,48454816,444,0,8436880,0
1789558185689803415,48441760,20,0,8436880,0
1789558186960913035,48431064,136,0,8436880,0
1789558188227082826,48433844,196,0,8436880,0
1789558189495400618,48434612,384,0,8436880,0
1789558190767804500,48438124,28,0,8436880,0
1789558192031680692,48436064,248,0,8436880,0
1789558193274890954,48429948,308,0,8436880,0
1789558194522426704,48429808,376,0,8436880,0
1789558195765518369,48425368,28,264,8436880,0
1789558197015274342,48432264,248,0,8436880,0
1789558198271857522,48442392,340,0,8436880,0
1789558199531691793,48433512,628,0,8436880,0
1789558200785767018,48439860,16,108,8436880,0
1789558202055069818,48437932,340,0,8436880,0
1789558203313975452,48441240,404,0,8436880,0
1789558204583493222,48429592,708,0,8436880,0
1789558205852828558,48433744,812,0,8436880,0
1789558207119543197,48435812,112,0,8436880,0
1789558208392713287,48429816,172,0,8436880,0
1789558209664290452,48431824,460,0,8436880,0
1789558210933271586,48435852,208,0,8436880,0
1789558212190424665,48435756,112,0,8436880,0
1789558213461448475,48437572,180,0,8436880,0
1789558214721859395,48439172,452,0,8436880,0
1789558215995968660,48446548,516,0,8436880,0
1789558217266439161,48439716,92,0,8436880,0
1789558218538070615,48443536,160,0,8436880,0
1789558219803743231,48447356,444,0,8436880,0
1789558221051610482,48438920,516,0,8436880,0
1789558222297114899,48433768,92,0,8436880,0
1789558223536260484,48433492,156,0,8436880,0
1789558224789621326,48433548,220,0,8436880,0
1789558226041632552,48433336,552,0,8436880,0
1789558227297624013,48439380,68,0,8436880,0
1789558228553961152,48430632,132,0,8436880,0
1789558229810171623,48436700,404,0,8436880,0
1789558231076385425,48438160,456,0,8436880,0
1789558232350413228,48438192,76,0,8436880,0
1789558233615036000,48446096,148,0,8436880,0
1789558234880068798,48443416,400,0,8436880,0
1789558236144240730,48442780,464,0,8436880,0
1789558237411205198,48442764,72,0,8436880,0
1789558238682100911,48444996,148,0,8436880,0
1789558239946377220,48443492,428,0,8436880,0
1789558241206224350,48437636,488,0,8436880,0
1789558242456343813,48446780,84,0,8436880,0
1789558243720759657,48442932,156,0,8436880,0
1789558244974088197,48442724,452,0,8436880,0
1789558246235936012,48443656,524,0,8436880,0
1789558247493156544,48446636,64,0,8436880,0
1789558248755501868,48440908,268,0,8436880,0
1789558250014720752,48442284,544,0,8436880,0
1789558251268076936,48441792,612,0,8436880,0
1789558252536892614,48441288,28,0,8436880,0
1789558253800426594,48441056,360,0,8436880,0
1789558255073828956,48439236,420,0,8436880,0
1789558256346440824,48440432,480,0,8436880,0
1789558257613855634,48434708,44,0,8436880,0
1789558258865387732,48442996,1276,0,8436880,0
1789558260120483743,48443248,1336,0,8436880,0
1789558261364612157,48443968,1396,0,8436880,0
1789558262613056673,48438216,324,0,8436880,0
1789558263869597369,48436476,372,0,8436880,0
1789558265114612386,48436380,428,0,8436880,0
1789558266373133863,48448876,488,0,8436880,0
1789558267646976741,48443420,24,0,8436880,0
1789558268916356515,48439296,340,0,8436880,0
1789558270180576629,48436304,400,0,8436880,0
1789558271431673482,48443324,464,0,8436880,0
1789558272698494230,48443928,16,0,8436880,0
1789558273975561249,48447708,320,0,8436880,0
1789558275246157460,48442956,380,0,8436880,0
1789558276498096288,48443524,448,0,8436880,0
1789558277763128145,48439500,432,0,8436880,0
1789558279029549014,48441760,320,0,8436880,0
1789558280300739939,48437880,392,0,8436880,0
1789558281577358433,48433552,436,0,8436880,0
1789558282836623345,48435000,8,168,8436880,0
1789558284113426369,48439764,320,0,8436880,0
1789558285376036058,48434444,376,0,8436880,0
1789558286653402860,48435684,444,0,8436880,0
1789558287919664182,48436768,12,0,8436880,0
1789558289192584651,48433300,336,0,8436880,0
1789558290469477202,48435504,524,0,8436880,0
1789558291733850673,48432220,616,0,8436880,0
1789558292986871023,48432096,20,4,8436880,0
1789558294241398079,48437048,736,0,8436880,0
1789558295496708555,48434592,804,0,8436880,0
1789558296750467645,48428628,872,0,8436880,0
1789558298005332867,48428396,476,0,8436880,0
1789558299240631379,48435124,1036,0,8436880,0
1789558300512153625,48434620,1128,0,8436880,0
1789558301775465484,48428332,1236,0,8436880,0
1789558303032120823,48435236,1336,0,8436880,0
1789558304304993761,48434532,328,0,8436880,0
1789558305580654986,48444836,396,0,8436880,0
1789558306852725387,48442272,456,0,8436880,0
1789558308124388887,48438636,528,0,8436880,0
1789558309398357341,48444204,224,0,8436880,0
1789558310668447796,48435468,336,0,8436880,0
1789558311940626796,48436520,412,0,8436880,0
1789558313206280457,48441120,488,0,8436880,0
1789558314472784278,48444460,176,0,8436880,0
1789558315742453572,48441864,272,0,8436880,0
1789558317006990275,48437524,336,0,8436880,0
1789558318281603685,48432780,652,0,8436880,0
1789558319551139296,48429088,52,0,8436880,0
1789558320822253829,48432140,280,0,8436880,0
1789558322090347722,48428696,404,0,8436880,0
1789558323344336973,48436224,476,0,8436880,0
1789558324587726066,48437708,68,0,8436880,0
1789558325839857404,48431232,272,0,8436880,0
1789558327097876959,48432424,336,0,8436880,0
1789558328368319125,48434056,636,0,8436880,0
1789558329638220624,48437040,52,0,8436880,0
1789558330909367913,48439368,148,0,8436880,0
1789558332160316118,48435644,204,0,8436880,0
1789558333412687964,48436372,388,0,8436880,0
1789558334683411622,48432876,76,0,8436880,0
1789558335947745974,48435508,268,0,8436880,0
1789558337215039097,48433824,336,0,8436880,0
1789558338484435311,48437680,636,0,8436880,0
1789558339753614480,48445548,56,100,8436880,0
1789558341014253110,48441492,144,0,8436880,0
1789558342280645642,48448440,204,0,8436880,0
1789558343549744827,48440476,492,0,8436880,0
1789558344810332269,48437000,188,0,8436880,0
1789558346079921031,48434532,268,0,8436880,0
1789558347337711087,48442496,356,0,8436880,0
1789558348592683147,48435208,436,0,8436880,0
1789558349860714076,48438056,376,0,8436880,0
1789558351106497145,48432552,152,0,8436880,0
1789558352354533560,48436088,204,0,8436880,0
1789558353602216853,48440668,468,0,8436880,0
1789558354848570701,48441624,68,0,8436880,0
1789558356101394735,48443896,264,0,8436880,0
1789558357373015268,48446480,356,0,8436880,0
1789558358647516071,48436480,640,0,8436880,0
1789558359918788077,48444568,32,0,8436880,0
1789558361190417184,48434828,128,0,8436880,0
1789558362450428411,48437148,188,0,8436880,0
1789558363717304307,48440100,496,0,8436880,0
1789558364968793340,48442020,32,0,8436880,0
1789558366239871603,48441072,132,0,8436880,0
1789558367514552745,48437616,336,0,8436880,0
1789558368773383007,48437096,620,0,8436880,0
1789558370037168693,48430828,40,0,8436880,0
1789558371307723966,48436632,244,0,8436880,0
1789558372577076342,48441600,312,0,8436880,0
1789558373838987365,48435132,584,0,8436880,0
1789558375097109734,48434964,32,0,8436880,0
1789558376338408951,48436820,136,0,8436880,0
1789558377605644743,48430936,188,0,8436880,0
1789558378861423940,48425988,568,0,8436880,0
1789558380109909649,48426424,288,0,8436880,0
1789558381353630217,48428284,248,0,8436880,0
1789558382605541485,48429116,316,0,8436880,0
1789558383850992044,48431784,612,0,8436880,0
1789558385118188042,48438712,12,244,8436880,0
1789558386384045614,48436472,124,0,8436880,0
1789558387652453022,48433132,184,0,8436880,0
1789558388911227678,48440052,696,0,8436880,0
1789558390178756888,48434028,296,0,8436880,0
1789558391450745249,48433300,244,0,8436880,0
1789558392718874059,48426992,332,0,8436880,0
1789558393989793526,48436656,668,0,8436880,0
1789558395254727263,48436124,736,0,8436880,0
1789558396522736956,48434688,100,0,8436880,0
1789558397795247474,48440204,168,0,8436880,0
1789558399049680035,48431596,452,0,8436880,0
1789558400295873251,48430480,648,0,8436880,0
1789558401563842897,48428864,216,0,8436880,0
1789558402833667857,48431480,304,0,8436880,0
1789558404105452802,48428324,568,0,8436880,0
1789558405370908071,48432672,636,0,8436880,0
1789558406638305259,48428944,88,0,8436880,0
1789558407891156798,48429860,172,0,8436880,0
1789558409148421405,48431476,436,0,8436880,0
1789558410398455131,48424192,508,0,8436880,0
1789558411644911183,48428320,48,0,8436880,0
1789558412908979850,48431012,276,0,8436880,0
1789558414183607648,48432600,620,0,8436880,0
1789558415451417439,48436740,692,0,8436880,0
1789558416718936169,48432176,52,0,8436880,0
1789558417993127649,48440560,144,0,8436880,0
1789558419260389273,48439296,452,0,8436880,0
1789558420532591224,48434440,508,0,8436880,0
1789558421802953026,48441552,60,0,8436880,0
1789558423072917125,48442112,144,0,8436880,0
1789558424331135517,48431008,540,0,8436880,0
1789558425600215903,48432736,588,0,8436880,0
1789558426871349703,48435292,192,0,8436880,0
1789558428142297345,48436448,288,0,8436880,0
1789558429414718320,48440220,568,0,8436880,0
1789558430689109913,48442388,616,0,8436880,0
1789558431962898495,48435884,60,0,8436880,0
1789558433218051218,48436220,268,0,8436880,0
1789558434482439955,48439008,528,0,8436880,0
1789558435721562176,48437152,644,0,8436880,0
1789558436973799982,48431704,56,0,8436880,0
1789558438243042588,48436536,352,0,8436880,0
1789558439502672029,48425652,424,0,8436880,0
1789558440755304734,48445612,484,0,8436880,0
1789558442018614919,48441028,56,0,8436880,0
1789558443289781407,48440812,500,0,8436880,0
1789558444557244259,48441760,616,0,8436880,0
1789558445829928513,48438672,684,0,8436880,0
1789558447101503013,48444352,168,0,8436880,0
1789558448368233021,48448388,492,0,8436880,0
1789558449635212113,48445892,552,0,8436880,0
1789558450891321879,48446208,624,0,8436880,0
1789558452160937540,48445428,32,0,8436880,0
1789558453432260190,48447836,344,0,8436880,0
1789558454703370902,48450636,532,0,8436880,0
1789558455971688334,48442192,660,0,8436880,0
1789558457241109663,48441748,32,0,8436880,0
1789558458505858955,48435036,356,0,8436880,0
1789558459758188752,48435228,428,0,8436880,0
1789558461030594306,48432544,484,0,8436880,0
1789558462296831785,48430548,28,0,8436880,0
1789558463562787030,48426516,324,0,8436880,0
1789558464812574935,48433320,532,0,8436880,0
1789558466058636613,48423080,644,0,8436880,0
1789558467314446840,48420552,12,0,8436880,0
1789558468569033637,48431684,124,0,8436880,0
1789558469843602434,48430524,512,0,8436880,0
1789558471104642098,48433800,568,0,8436880,0
1789558472363846924,48434780,32,0,8436880,0
1789558473611830486,48436052,132,0,8436880,0
1789558474884472833,48439184,412,0,8436880,0
1789558476150289382,48437768,484,0,8436880,0
1789558477419418128,48435144,20,0,8436880,0
1789558478686556173,48435448,500,0,8436880,0
1789558479951195327,48431144,584,0,8436880,0
1789558481223394614,48430848,636,0,8436880,0
1789558482492791682,48435612,12,8,8436880,0
1789558483753894356,48439764,340,0,8436880,0
1789558485020597005,48439512,408,0,8436880,0
1789558486289293468,48438428,476,0,8436880,0
1789558487563381045,48441292,476,0,8436880,0
1789558488836407599,48445724,528,0,8436880,0
1789558490105745370,48448512,588,0,8436880,0
1789558491362261570,48433684,680,0,8436880,0
1789558492619136339,48436128,12,240,8436880,0
1789558493863878413,48441576,356,0,8436880,0
1789558495114686321,48442516,432,0,8436880,0
1789558496364272251,48437188,484,0,8436880,0
1789558497610013808,48434984,556,0,8436880,0
1789558498860839122,48431700,456,0,8436880,0
1789558500107838020,48427476,560,0,8436880,0
1789558501352235292,48425792,636,0,8436880,0
1789558502600014777,48426036,768,0,8436880,0
1789558503846268082,48431448,336,0,8436880,0
1789558505106382330,48436772,396,0,8436880,0
1789558506343013201,48429264,460,0,8436880,0
1789558507597474047,48429004,520,0,8436880,0
1789558508837301177,48426600,260,0,8436880,0
1789558510093965218,48439124,464,0,8436880,0
1789558511352514361,48440900,580,0,8436880,0
1789558512597004411,48441712,628,0,8436880,0
1789558513837840932,48448116,392,0,8436880,0
1789558515106501301,48446560,468,0,8436880,0
1789558516348008312,48446772,532,0,8436880,0
1789558517603145163,48441280,592,0,8436880,0
1789558518863605024,48438996,260,0,8436880,0
1789558520117730423,48442100,328,0,8436880,0
1789558521389470395,48441312,580,0,8436880,0
1789558522637351326,48447708,644,0,8436880,0
1789558523902983865,48447624,188,0,8436880,0
1789558525172335671,48442804,264,0,8436880,0
1789558526428988448,48446752,344,0,8436880,0
1789558527699345135,48446016,400,0,8436880,0
1789558528956730367,48445092,48,0,8436880,0
1789558530223914216,48434280,132,0,8436880,0
1789558531482856691,48433608,196,0,8436880,0
1789558532735419939,48431188,428,0,8436880,0
1789558533995203541,48431640,168,0,8436880,0
1789558535238403716,48439496,252,0,8436880,0
1789558536495463603,48444860,320,0,8436880,0
1789558537757852350,48437284,380,0,8436880,0
1789558539006941077,48438320,48,0,8436880,0
1789558540282319375,48438496,260,0,8436880,0
1789558541521168952,48431736,328,0,8436880,0
1789558542784980027,48421716,432,0,8436880,0
1789558544045620551,48427228,28,0,8436880,0
1789558545306937564,48437132,244,0,8436880,0
1789558546573070996,48433892,316,0,8436880,0
1789558547830770281,48437028,412,0,8436880,0
1789558549081366764,48436188,12,260,8436880,0
1789558550331283477,48428624,132,0,8436880,0
1789558551577644138,48430696,204,0,8436880,0
1789558552827094879,48427188,264,0,8436880,0
1789558554085812862,48431140,16,264,8436880,0
1789558555333649093,48422056,260,0,8436880,0
1789558556576724568,48421968,328,0,8436880,0
1789558557830780563,48423044,428,0,8436880,0
1789558559081464849,48423372,720,0,8436880,0
1789558560334564579,48427912,236,0,8436880,0
1789558561583465985,48423148,288,0,8436880,0
1789558562834035227,48428960,368,0,8436880,0
1789558564084693168,48422676,652,0,8436880,0
1789558565342810200,48436192,252,0,8436880,0
1789558566609130746,48436256,324,0,8436880,0
1789558567855753098,48444440,428,0,8436880,0
1789558569104628709,48440936,696,0,8436880,0
1789558570352354934,48434612,68,0,8436880,0
1789558571619792416,48432644,272,0,8436880,0
1789558572878691873,48431664,340,0,8436880,0
1789558574146199609,48422356,644,0,8436880,0
1789558575396252371,48426932,176,0,8436880,0
1789558576664211111,48419220,336,0,8436880,0
1789558577907987281,48425236,424,0,8436880,0
1789558579181971149,48431288,724,0,8436880,0
1789558580433040762,48434524,52,0,8436880,0
1789558581702991848,48436152,136,0,8436880,0
1789558582966748895,48436292,220,0,8436880,0
1789558584235251154,48434320,488,0,8436880,0
1789558585492261811,48428292,56,0,8436880,0
1789558586753355442,48427036,252,0,8436880,0
1789558587993651261,48431936,376,0,8436880,0
1789558589259600429,48434420,680,0,8436880,0
1789558590512369880,48425392,48,0,8436880,0
1789558591771607102,48431280,272,0,8436880,0
1789558593021740802,48440204,328,0,8436880,0
1789558594287586894,48438180,612,0,8436880,0
1789558595536607107,48434312,40,0,8436880,0
1789558596789645005,48433964,132,0,8436880,0
1789558598039859955,48430560,328,0,8436880,0
1789558599288771442,48431096,680,0,8436880,0
1789558600542069376,48427128,36,168,8436880,0
1789558601798827267,48428748,260,0,8436880,0
1789558603049787359,48435644,344,0,8436880,0
1789558604304580309,48431552,1464,0,8436880,0
1789558605560085734,48435616,20,0,8436880,0
1789558606806104235,48430792,268,0,8436880,0
1789558608045776973,48428620,336,0,8436880,0
1789558609282789719,48428988,620,0,8436880,0
1789558610536148179,48431952,16,0,8436880,0
1789558611775843735,48432708,124,0,8436880,0
1789558613024921006,48428216,320,0,8436880,0
1789558614274480291,48426704,644,0,8436880,0
1789558615526193864,48432788,196,0,8436880,0
1789558616785528131,48432652,136,0,8436880,0
1789558618041410044,48429340,192,0,8436880,0
1789558619295520132,48430640,492,0,8436880,0
1789558620538247110,48435432,564,0,8436880,0
1789558621797041002,48429220,280,0,8436880,0
1789558623052100870,48428356,360,0,8436880,0
1789558624302292514,48426824,672,0,8436880,0
1789558625569917175,48430316,744,0,8436880,0
1789558626820367608,48428164,104,0,8436880,0
1789558628071902361,48437492,168,0,8436880,0
1789558629346307721,48436524,448,0,8436880,0
1789558630602017734,48429760,508,0,8436880,0
1789558631842142433,48423312,240,0,8436880,0
1789558633111167591,48425100,316,0,8436880,0
1789558634371492812,48424008,632,0,8436880,0
1789558635624609268,48429128,716,0,8436880,0
1789558636881450828,48429488,84,0,8436880,0
1789558638147008021,48436056,268,0,8436880,0
1789558639412263746,48433828,552,0,8436880,0
1789558640665481835,48425556,616,0,8436880,0
1789558641928847959,48432164,220,0,8436880,0
1789558643199285823,48437888,348,0,8436880,0
1789558644450146428,48431384,688,0,8436880,0
1789558645707076647,48433980,772,0,8436880,0
1789558646959338428,48435780,192,0,8436880,0
1789558648227232967,48440676,280,0,8436880,0
1789558649464904111,48433936,564,0,8436880,0
1789558650713926005,48434464,684,0,8436880,0
1789558651983047216,48432264,168,0,8436880,0
1789558653231083493,48432092,256,0,8436880,0
1789558654484702779,48432788,628,0,8436880,0
1789558655754208553,48431964,708,0,8436880,0
1789558657021739131,48425192,160,0,8436880,0
1789558658263315006,48428548,280,0,8436880,0
1789558659513083216,48436636,576,0,8436880,0
1789558660783316394,48431208,640,0,8436880,0
1789558662039513498,48432364,12,0,8436880,0
1789558663293644152,48429044,284,0,8436880,0
1789558664549738040,48422588,608,0,8436880,0
1789558665795844165,48430968,756,0,8436880,0
1789558667046710982,48424116,8,0,8436880,0
1789558668292420095,48427036,252,0,8436880,0
1789558669544359083,48425100,1384,0,8436880,0
1789558670783405905,48425928,1516,0,8436880,0
1789558672038019174,48424012,4,0,8436880,0
1789558673295068175,48426672,236,0,8436880,0
1789558674558978554,48425988,528,0,8436880,0
1789558675825052979,48436896,632,0,8436880,0
1789558677091492797,48430436,756,0,8436880,0
1789558678364527669,48433856,252,0,8436880,0
1789558679633158291,48433788,548,0,8436880,0
1789558680895245775,48437060,624,0,8436880,0
1789558682170613206,48431264,692,0,8436880,0
1789558683434684530,48430320,248,0,8436880,0
1789558684701771987,48435188,568,0,8436880,0
1789558685965767092,48434320,660,0,8436880,0
1789558687238429853,48434308,716,0,8436880,0
1789558688509067967,48442528,236,0,8436880,0
1789558689780930517,48434412,588,0,8436880,0
1789558691042176556,48432672,660,0,8436880,0
1789558692311602971,48431740,736,0,8436880,0
1789558693580760185,48442880,84,0,8436880,0
1789558694842375148,48441400,384,0,8436880,0
1789558696107393541,48436728,548,0,8436880,0
1789558697366917658,48439572,632,0,8436880,0
1789558698634470179,48431884,284,0,8436880,0
1789558699895119083,48431476,596,0,8436880,0
1789558701149036770,48424452,712,0,8436880,0
1789558702403054340,48424300,768,0,8436880,0
1789558703644006931,48436664,56,0,8436880,0
1789558704889100849,48432500,536,0,8436880,0
1789558706137464915,48435044,700,0,8436880,0
1789558707408500582,48438148,784,0,8436880,0
1789558708668089375,48435916,68,0,8436880,0
1789558709934444479,48436236,452,0,8436880,0
1789558711195516011,48431464,516,0,8436880,0
1789558712467265447,48432816,588,0,8436880,0
1789558713728894987,48439720,152,48,8436880,0
1789558715000569076,48445608,460,0,8436880,0
1789558716267673291,48441300,532,0,8436880,0
1789558717528235045,48438180,588,0,8436880,0
1789558718788371665,48434748,64,0,8436880,0
1789558720059499694,48431436,352,0,8436880,0
1789558721327669857,48443700,416,0,8436880,0
1789558722600210020,48445268,472,0,8436880,0
1789558723871083472,48446072,268,0,8436880,0
1789558725142036279,48443584,336,0,8436880,0
1789558726410708695,48448648,404,0,8436880,0
1789558727665393625,48452208,460,0,8436880,0
1789558728930421403,48445768,248,0,8436880,0
1789558730177303779,48446492,332,0,8436880,0
1789558731416720988,48439992,400,0,8436880,0
1789558732666904119,48445888,464,0,8436880,0
1789558733920821658,48444844,244,0,8436880,0
1789558735192402836,48441528,332,0,8436880,0
1789558736460834438,48445844,396,0,8436880,0
1789558737727216543,48446444,464,0,8436880,0
1789558738986082107,48441788,216,0,8436880,0
1789558740255341627,48444548,312,0,8436880,0
1789558741509159810,48453204,384,0,8436880,0
1789558742778454889,48450452,444,0,8436880,0
1789558744050343676,48455352,204,0,8436880,0
1789558745317080689,48443984,312,0,8436880,0
1789558746589139947,48443040,372,0,8436880,0
1789558747859609520,48447616,444,0,8436880,0
1789558749129296057,48443064,16,0,8436880,0
1789558750388466312,48439268,128,0,8436880,0
1789558751647885663,48435540,192,0,8436880,0
1789558752918192985,48450012,264,0,8436880,0
1789558754176610869,48446040,0,0,8436880,0
1789558755443556362,48443796,124,0,8436880,0
1789558756708362626,48442048,192,0,8436880,0
1789558757964233653,48435556,260,0,8436880,0
1789558759215539617,48431588,28,0,8436880,0
1789558760460822994,48439356,136,0,8436880,0
1789558761716005044,48451172,180,0,8436880,0
1789558762970436528,48443412,256,0,8436880,0
1789558764230393307,48438872,8,0,8436880,0
1789558765494071932,48446864,124,0,8436880,0
1789558766763760595,48450456,188,0,8436880,0
1789558768031395740,48444812,244,0,8436880,0
1789558769301194735,48442012,0,240,8436880,0
1789558770569256863,48436752,112,0,8436880,0
1789558771834303619,48443872,176,0,8436880,0
1789558773094967786,48443120,232,0,8436880,0
1789558774364206449,48448016,504,0,8436880,0
1789558775635651724,48442524,104,0,8436880,0
1789558776895283907,48438996,180,0,8436880,0
1789558778154912127,48439880,244,0,8436880,0
1789558779425635589,48432564,496,0,8436880,0
1789558780684770753,48435476,104,0,8436880,0
1789558781949765212,48432680,176,0,8436880,0
1789558783223908253,48441524,236,0,8436880,0
1789558784491705461,48437100,564,0,8436880,0
1789558785738336847,48432244,76,0,8436880,0
1789558786993431625,48435732,160,0,8436880,0
1789558788248095091,48432216,224,0,8436880,0
1789558789503127513,48432796,500,0,8436880,0
1789558790758642229,48440584,68,0,8436880,0
1789558792016487451,48432228,152,0,8436880,0
1789558793288652210,48425488,208,0,8436880,0
1789558794561270075,48433904,612,0,8436880,0
1789558795820896389,48434408,200,0,8436880,0
1789558797085662021,48434376,288,0,8436880,0
1789558798357272684,48433988,348,0,8436880,0
1789558799631971694,48441900,612,0,8436880,0
1789558800907774281,48444216,88,0,8436880,0
1789558802180229115,48444172,276,0,8436880,0
1789558803449404269,48441136,352,0,8436880,0
1789558804714184172,48442300,684,0,8436880,0
1789558805984358015,48442632,72,0,8436880,0
1789558807244572972,48431096,144,0,8436880,0
1789558808507130577,48428904,208,0,8436880,0
1789558809780274803,48431028,528,0,8436880,0
1789558811052448394,48431380,68,0,8436880,0
1789558812321967127,48430952,136,0,8436880,0
1789558813587232972,48429984,208,0,8436880,0
1789558814853921513,48439040,444,0,8436880,0
1789558816102140443,48430596,56,0,8436880,0
1789558817350163955,48429880,136,0,8436880,0
1789558818603811667,48438716,192,0,8436880,0
1789558819867326903,48434264,460,0,8436880,0
1789558821138127421,48433280,56,0,8436880,0
1789558822397726217,48440048,144,0,8436880,0
1789558823667949177,48438800,196,0,8436880,0
1789558824933270956,48442184,468,0,8436880,0
1789558826200339926,48435208,52,0,8436880,0
1789558827456010153,48441480,132,0,8436880,0
1789558828718066397,48441988,204,0,8436880,0
1789558829979637403,48434488,452,0,8436880,0
1789558831246150726,48436676,36,0,8436880,0
1789558832512602577,48442728,124,0,8436880,0
1789558833786338127,48433592,196,0,8436880,0
1789558835053285691,48445196,448,0,8436880,0
1789558836323678843,48443496,28,0,8436880,0
1789558837600789995,48445652,124,0,8436880,0
1789558838875738168,48447520,400,0,8436880,0
1789558840141484291,48445228,452,0,8436880,0
1789558841390824930,48440288,36,0,8436880,0
1789558842641751992,48440668,128,0,8436880,0
1789558843890301866,48443684,396,0,8436880,0
1789558845147581067,48440564,448,0,8436880,0
1789558846385137652,48441956,124,0,8436880,0
1789558847646835643,48443288,116,0,8436880,0
1789558848912951274,48447128,604,0,8436880,0
1789558850180294954,48449180,668,0,8436880,0
1789558851448141035,48448516,24,0,8436880,0
1789558852721725372,48450060,116,0,8436880,0
1789558853976391916,48436396,408,0,8436880,0
1789558855250358305,48435656,468,0,8436880,0
1789558856511012503,48434396,0,212,8436880,0
1789558857779242129,48436524,112,0,8436880,0
1789558859040234046,48441348,372,0,8436880,0
1789558860295618556,48438840,444,0,8436880,0
1789558861557537465,48429056,0,0,8436880,0
1789558862825689402,48434628,112,0,8436880,0
1789558864092606878,48442524,380,0,8436880,0
1789558865337580197,48442032,444,0,8436880,0
1789558866603441328,48432216,384,0,8436880,0
1789558867875635759,48433200,116,0,8436880,0
1789558869142115920,48429416,376,0,8436880,0
1789558870395382781,48429852,444,0,8436880,0
1789558871649795384,48431740,512,0,8436880,0
1789558872896551821,48430836,116,0,8436880,0
1789558874147408969,48430828,400,0,8436880,0
1789558875393698704,48428584,448,0,8436880,0
1789558876644133390,48422564,524,0,8436880,0
1789558877901115073,48422620,84,0,8436880,0
1789558879149179725,48424012,356,0,8436880,0
1789558880409670449,48428664,476,0,8436880,0
1789558881667342216,48438624,544,0,8436880,0
1789558882925124680,48431700,76,0,8436880,0
1789558884194792849,48431476,144,0,8436880,0
1789558885452623884,48430488,456,0,8436880,0
1789558886723028250,48441300,512,0,8436880,0
1789558887992139634,48434788,64,0,8436880,0
1789558889261566806,48445184,156,0,8436880,0
1789558890531961020,48433848,408,0,8436880,0
1789558891781280845,48433800,456,0,8436880,0
1789558893040339957,48441704,80,0,8436880,0
1789558894301324471,48437456,156,0,8436880,0
1789558895564209410,48441508,428,0,8436880,0
1789558896818389182,48454568,488,0,8436880,0
1789558898079406799,48440804,64,0,8436880,0
1789558899340662291,48433196,140,0,8436880,0
1789558900594140464,48440580,412,0,8436880,0
1789558901857226909,48442524,492,0,8436880,0
1789558903116259523,48441812,60,0,8436880,0
1789558904380174388,48441868,152,0,8436880,0
1789558905646989375,48446580,400,0,8436880,0
1789558906905365175,48443568,480,0,8436880,0
1789558908156623373,48440980,52,0,8436880,0
1789558909389679661,48441496,140,0,8436880,0
1789558910640152824,48443756,1200,0,8436880,0
1789558911885913235,48443084,1392,0,8436880,0
1789558913134637531,48437048,36,0,8436880,0
1789558914381864508,48439060,144,0,8436880,0
1789558915624005713,48432848,432,0,8436880,0
1789558916875047503,48435416,628,0,8436880,0
1789558918128951801,48439736,152,0,8436880,0
1789558919383876537,48436276,260,0,8436880,0
1789558920635858655,48441088,348,0,8436880,0
1789558921901135745,48437460,680,0,8436880,0
1789558923160732832,48435268,24,380,8436880,0
1789558924426240829,48433144,124,0,8436880,0
1789558925695268829,48437192,188,0,8436880,0
1789558926945470695,48445336,472,0,8436880,0
1789558928206775545,48436188,32,0,8436880,0
1789558929468273211,48443104,128,0,8436880,0
1789558930716874990,48434340,180,0,8436880,0
1789558931978426714,48434124,432,0,8436880,0
1789558933242056515,48433192,0,0,8436880,0
1789558934503294518,48440196,120,0,8436880,0
1789558935756393139,48443980,188,0,8436880,0
1789558937014731539,48437020,440,0,8436880,0
1789558938272025783,48441088,96,20,8436880,0
1789558939516438931,48431528,124,0,8436880,0
1789558940766931972,48442140,172,0,8436880,0
1789558942037328563,48437832,460,0,8436880,0
1789558943305399833,48433092,532,0,8436880,0
1789558944556741810,48436852,84,0,8436880,0
1789558945812665502,48437988,164,0,8436880,0
1789558947078469877,48435488,460,0,8436880,0
1789558948315610018,48445656,524,0,8436880,0
1789558949582261949,48447972,96,0,8436880,0
1789558950848302631,48435620,164,0,8436880,0
1789558952096273448,48438332,408,0,8436880,0
1789558953362879165,48441200,472,0,8436880,0
1789558954617252783,48432124,60,0,8436880,0
1789558955862753086,48429748,164,0,8436880,0
1789558957117061731,48432756,1296,0,8436880,0
1789558958361103797,48437468,1364,0,8436880,0
1789558959605610152,48442740,36,0,8436880,0
1789558960853615117,48441036,140,0,8436880,0
1789558962103549736,48443524,372,0,8436880,0
1789558963357967439,48439120,440,0,8436880,0
1789558964609236919,48439752,56,0,8436880,0
1789558965861022771,48439976,132,0,8436880,0
1789558967115791881,48441636,424,0,8436880,0
1789558968366918349,48444464,496,0,8436880,0
1789558969637541186,48437200,120,20,8436880,0
1789558970901921647,48442844,144,0,8436880,0
1789558972147767355,48455840,408,0,8436880,0
1789558973407707410,48459720,472,0,8436880,0
1789558974671525271,48449152,136,0,8436880,0
1789558975936871103,48457300,148,0,8436880,0
1789558977195310739,48456940,416,0,8436880,0
1789558978440906111,48452796,480,0,8436880,0
1789558979696894562,48457636,44,0,8436880,0
1789558980965422712,48449048,140,0,8436880,0
1789558982220466007,48444696,412,0,8436880,0
1789558983483312931,48447680,464,0,8436880,0
1789558984734201848,48439400,36,0,8436880,0
1789558985999077124,48435648,144,0,8436880,0
1789558987258536129,48440248,400,0,8436880,0
1789558988509953501,48442272,456,0,8436880,0
1789558989767066744,48445092,36,0,8436880,0
1789558991036744781,48441104,124,0,8436880,0
1789558992297381204,48442180,388,0,8436880,0
1789558993554275464,48439560,456,0,8436880,0
1789558994812745922,48442880,36,0,8436880,0
1789558996070811425,48436340,136,0,8436880,0
1789558997328265443,48426504,1112,0,8436880,0
1789558998582021307,48428144,1188,0,8436880,0
1789558999830275088,48430892,280,0,8436880,0
1789559001091721572,48434656,128,0,8436880,0
1789559002359669006,48435464,420,0,8436880,0
1789559003614092105,48433388,472,0,8436880,0
1789559004884472662,48441216,8,0,8436880,0
1789559006141339037,48444448,116,0,8436880,0
1789559007394984998,48437008,388,0,8436880,0
1789559008662031798,48440592,456,0,8436880,0
1789559009924259049,48438116,0,0,8436880,0
1789559011191163362,48437352,100,0,8436880,0
1789559012445513499,48441892,372,0,8436880,0
1789559013710106103,48435512,424,0,8436880,0
1789559014981546082,48436000,496,0,8436880,0
1789559016247388747,48436880,100,0,8436880,0
1789559017506076298,48439996,356,0,8436880,0
1789559018774816376,48433496,408,0,8436880,0
1789559020040003106,48442988,484,0,8436880,0
1789559021314160546,48432840,96,0,8436880,0
1789559022586833922,48436452,368,0,8436880,0
1789559023849097827,48431836,428,0,8436880,0
1789559025104201680,48427876,492,0,8436880,0
1789559026358212054,48429648,68,0,8436880,0
1789559027593055827,48426080,344,0,8436880,0
1789559028841424508,48433788,412,0,8436880,0
1789559030086635158,48426460,484,0,8436880,0
1789559031323161780,48427428,68,0,8436880,0
1789559032568094747,48428452,328,0,8436880,0
1789559033818964350,48426700,420,0,8436880,0
1789559035059514819,48430776,484,0,8436880,0
1789559036307202843,48433068,44,0,8436880,0
1789559037569674105,48436452,376,0,8436880,0
1789559038811352860,48431624,432,0,8436880,0
1789559040075243356,48433424,500,0,8436880,0
1789559041333101279,48431232,56,0,8436880,0
1789559042593931683,48427492,304,0,8436880,0
1789559043860302492,48430464,380,0,8436880,0
1789559045129413121,48433904,444,0,8436880,0
1789559046389187101,48433760,44,0,8436880,0
1789559047652769421,48437100,324,0,8436880,0
1789559048905011842,48445316,384,0,8436880,0
1789559050174179419,48438960,444,0,8436880,0
1789559051442719364,48433684,44,0,8436880,0
1789559052706490307,48431120,444,0,8436880,0
1789559053958829331,48426116,524,0,8436880,0
1789559055198888783,48431500,620,0,8436880,0
1789559056469065880,48444628,36,0,8436880,0
1789559057732791927,48436352,352,0,8436880,0
1789559058990002064,48441452,440,0,8436880,0
1789559060245925558,48436012,496,0,8436880,0
1789559061495227663,48442836,32,0,8436880,0
1789559062761701964,48443012,340,0,8436880,0
1789559064023858592,48445548,412,0,8436880,0
1789559065288903029,48434464,464,0,8436880,0
1789559066537723038,48435844,28,0,8436880,0
1789559067790655101,48438448,1196,0,8436880,0
1789559069040377463,48439000,1252,0,8436880,0
1789559070293897626,48437680,1328,0,8436880,0
1789559071545038510,48433140,212,0,8436880,0
1789559072792374010,48432696,324,0,8436880,0
1789559074053818795,48432660,388,0,8436880,0
1789559075303458127,48435192,452,0,8436880,0
1789559076549411579,48436280,16,0,8436880,0
1789559077804344058,48442140,296,0,8436880,0
1789559079049806458,48447740,384,0,8436880,0
1789559080308198410,48438936,444,0,8436880,0
1789559081562474512,48441372,504,0,8436880,0
1789559082819038564,48438380,344,0,8436880,0
1789559084087531997,48452088,408,0,8436880,0
1789559085336643545,48450920,468,0,8436880,0
1789559086592275162,48452188,532,0,8436880,0
1789559087840353378,48450408,80,0,8436880,0
1789559089094604116,48449456,152,0,8436880,0
1789559090356031016,48450760,216,0,8436880,0
1789559091625779204,48447100,280,0,8436880,0
1789559092887974134,48446656,80,0,8436880,0
1789559094145477358,48440568,148,0,8436880,0
1789559095405230658,48434068,212,0,8436880,0
1789559096661744984,48439136,268,0,8436880,0
1789559097905217049,48442636,80,0,8436880,0
1789559099149187911,48449672,156,0,8436880,0
1789559100411081242,48447156,220,0,8436880,0
1789559101672611898,48453232,284,0,8436880,0
1789559102941333782,48460596,76,0,8436880,0
1789559104194288080,48451420,140,0,8436880,0
1789559105464283636,48445828,212,0,8436880,0
1789559106713714705,48447368,276,0,8436880,0
1789559107976890159,48441556,64,0,8436880,0
1789559109239097682,48437628,140,0,8436880,0
1789559110498033788,48440380,212,0,8436880,0
1789559111764911444,48442708,268,0,8436880,0
1789559113021313595,48435960,52,0,8436880,0
1789559114291938198,48440220,144,0,8436880,0
1789559115527341222,48442408,192,0,8436880,0
1789559116774934807,48435824,1352,0,8436880,0
1789559118029603396,48431604,56,0,8436880,0
1789559119275432229,48433472,140,0,8436880,0
1789559120529900832,48440280,212,0,8436880,0
1789559121770363087,48440332,268,0,8436880,0
1789559123027133791,48432048,40,0,8436880,0
1789559124276436991,48424280,132,0,8436880,0
1789559125532724427,48426656,208,0,8436880,0
1789559126789578921,48429796,448,0,8436880,0
1789559128036919164,48431880,20,0,8436880,0
1789559129291370457,48432160,132,0,8436880,0
1789559130543497937,48437228,196,0,8436880,0
1789559131793042490,48431664,420,0,8436880,0
1789559133049414410,48427728,8,0,8436880,0
1789559134299207268,48432060,112,0,8436880,0
1789559135543495994,48424392,180,0,8436880,0
1789559136803034826,48439608,420,0,8436880,0
1789559138057012303,48433716,8,0,8436880,0
1789559139301162972,48436240,132,0,8436880,0
1789559140569826223,48438048,176,0,8436880,0
1789559141814083097,48433260,452,0,8436880,0
1789559143065216146,48436776,0,0,8436880,0
1789559144321512109,48436976,104,0,8436880,0
1789559145582315556,48430020,180,0,8436880,0
1789559146846030618,48437788,440,0,8436880,0
1789559148117738626,48439720,520,0,8436880,0
1789559149366648280,48433352,108,0,8436880,0
1789559150615093379,48436740,180,0,8436880,0
1789559151878974935,48437264,460,0,8436880,0
1789559153124839953,48438316,516,0,8436880,0
1789559154368932247,48439188,76,0,8436880,0
1789559155636457990,48452376,144,0,8436880,0
1789559156889347219,48442916,416,0,8436880,0
1789559158143536249,48436420,480,0,8436880,0
1789559159403989117,48446584,64,0,8436880,0
1789559160661521516,48444628,156,0,8436880,0
1789559161914799700,48445500,392,0,8436880,0
1789559163168992693,48449236,456,0,8436880,0
1789559164424577743,48450660,52,0,8436880,0
1789559165679909521,48452968,140,0,8436880,0
1789559166952213577,48448016,404,0,8436880,0
1789559168198525744,48442780,456,0,8436880,0
1789559169458407637,48445368,68,0,8436880,0
1789559170722607688,48436256,152,0,8436880,0
1789559171967915669,48433772,556,0,8436880,0
1789559173211899907,48435920,620,0,8436880,0
1789559174467831955,48438600,28,0,8436880,0
1789559175723148043,48428372,264,0,8436880,0
1789559176968661999,48430808,1064,0,8436880,0
1789559178226437404,48433864,1120,0,8436880,0
1789559179474797027,48431296,20,0,8436880,0
1789559180728705955,48432924,136,0,8436880,0
1789559181985261247,48426688,872,0,8436880,0
1789559183242249232,48427932,928,0,8436880,0
1789559184489639569,48421820,500,0,8436880,0
1789559185736170909,48423064,140,0,8436880,0
1789559186988749252,48420712,388,0,8436880,0
1789559188234615366,48419980,448,0,8436880,0
1789559189489904337,48430864,4,212,8436880,0
1789559190725174353,48428108,128,0,8436880,0
1789559191977478510,48430920,380,0,8436880,0
1789559193234732529,48438852,440,0,8436880,0
1789559194498696604,48438692,36,0,8436880,0
1789559195753634530,48440396,144,0,8436880,0
1789559197010839800,48443440,388,0,8436880,0
1789559198271015931,48436868,448,0,8436880,0
1789559199521823729,48441472,8,0,8436880,0
1789559200792778844,48436292,104,0,8436880,0
1789559202051176778,48449196,600,0,8436876,0
1789559203318572328,48444440,660,0,8436876,0
1789559204584458963,48453016,468,0,8436876,0
1789559205839398692,48442468,116,0,8436876,0
1789559207109764661,48450500,396,0,8436876,0
1789559208365894357,48450840,628,0,8436876,0
1789559209621559360,48447696,0,0,8436876,0
1789559210887594799,48446996,124,0,8436876,0
1789559212144894129,48450244,524,0,8436876,0
1789559213414112056,48449496,600,0,8436876,0
1789559214673379831,48449780,648,0,8436876,0
1789559215936077467,48448636,100,0,8436876,0
1789559217201924654,48453772,376,0,8436876,0
1789559218455938335,48456172,444,0,8436876,0
1789559219717688877,48450064,500,0,8436876,0
1789559220971535577,48449072,104,0,8436876,0
1789559222230246988,48448852,356,0,8436876,0
1789559223499149789,48453676,444,0,8436876,0
1789559224750793992,48444804,504,0,8436876,0
1789559225998771175,48433020,76,0,8436876,0
1789559227245107805,48432880,920,0,8436876,0
1789559228500093678,48433236,980,0,8436876,0
1789559229753801279,48441576,1028,0,8436876,0
1789559231028267531,48443916,52,0,8436876,0
1789559232295435764,48444232,348,0,8436876,0
1789559233556298139,48448364,408,0,8436876,0
1789559234818929692,48436524,464,0,8436876,0
1789559236077958506,48450916,72,0,8436876,0
1789559237350968627,48443048,352,0,8436876,0
1789559238613266368,48442244,404,0,8436876,0
1789559239884043904,48439364,488,0,8436876,0
1789559241157230656,48439460,52,0,8436876,0
1789559242425973903,48442508,340,0,8436876,0
1789559243695717680,48441508,412,0,8436876,0
1789559244964074250,48444568,480,0,8436876,0
1789559246227091382,48438156,52,0,8436876,0
1789559247496007696,48438576,328,0,8436876,0
1789559248764345208,48445016,408,0,8436876,0
1789559250029198121,48434508,460,0,8436876,0
1789559251294728372,48436544,64,0,8436876,0
1789559252567809920,48429504,316,0,8436876,0
1789559253824158227,48428588,388,0,8436876,0
1789559255071581414,48429576,452,0,8436876,0
1789559256321303918,48432548,60,0,8436876,0
1789559257577106361,48426476,340,0,8436876,0
1789559258842558482,48434548,436,0,8436876,0
1789559260104199299,48438328,480,0,8436876,0
1789559261376740859,48435312,44,0,8436876,0
1789559262653354231,48427848,312,0,8436876,0
1789559263923132789,48425428,384,0,8436876,0
1789559265195462713,48428056,444,0,8436876,0
1789559266463928234,48434356,28,188,8436876,0
1789559267733926089,48439672,356,0,8436876,0
1789559269009309153,48442608,424,0,8436876,0
1789559270278468110,48446408,480,0,8436876,0
1789559271550404216,48450920,24,0,8436876,0
1789559272820615633,48451516,340,0,8436876,0
1789559274089686907,48440548,404,0,8436876,0
1789559275357679697,48445364,464,0,8436876,0
1789559276629167455,48442076,20,0,8436876,0
1789559277896134930,48450296,348,0,8436876,0
1789559279146254021,48450340,400,0,8436876,0
1789559280418312993,48446776,464,0,8436876,0
1789559281669854401,48441808,8,0,8436876,0
1789559282927755866,48442096,296,0,8436876,0
1789559284163883933,48428728,548,0,8436876,0
1789559285420939563,48431332,636,0,8436876,0
1789559286669870055,48446816,232,0,8436876,0
1789559287941017033,48444544,136,0,8436876,0
1789559289202941925,48442760,412,0,8436876,0
1789559290470768248,48443248,484,0,8436876,0
1789559291741952243,48441056,308,0,8436876,0
1789559293013634176,48440864,140,0,8436876,0
1789559294285614568,48448256,432,0,8436876,0
1789559295544919677,48445704,488,0,8436876,0
1789559296809430382,48444904,4,0,8436876,0
1789559298097200282,48438384,292,0,8436876,0
1789559299371447335,48438364,360,0,8436876,0
1789559300635505219,48435468,424,0,8436876,0
1789559301907429400,48441144,36,0,8436876,0
1789559303173350723,48435876,316,0,8436876,0
1789559304442591822,48437436,380,0,8436876,0
1789559305710695774,48441788,440,0,8436876,0
1789559306977000185,48448336,8,0,8436876,0
1789559308246400001,48445660,324,0,8436876,0
1789559309505093285,48436784,388,0,8436876,0
1789559310742242282,48436772,456,0,8436876,0
1789559311986088227,48438024,528,0,8436876,0
1789559313228437982,48430424,316,0,8436876,0
1789559314479284170,48429440,392,0,8436876,0
1789559315741670263,48439836,448,0,8436876,0
1789559317016724965,48437300,524,0,8436876,0
1789559318285529301,48438340,312,0,8436876,0
1789559319555012557,48433840,388,0,8436876,0
1789559320801890666,48428316,444,0,8436876,0
1789559322066999954,48428084,512,0,8436876,0
1789559323316936989,48427576,272,0,8436876,0
1789559324588797513,48424564,344,0,8436876,0
1789559325863282687,48433552,412,0,8436876,0
1789559327132317844,48439100,468,0,8436876,0
1789559328405763624,48441928,256,0,8436876,0
1789559329671403670,48448072,332,0,8436876,0
1789559330941104956,48437676,400,0,8436876,0
1789559332196012259,48447060,460,0,8436876,0
1789559333466245768,48430492,228,0,8436876,0
1789559334721372984,48432556,324,0,8436876,0
1789559335991128263,48434132,396,0,8436876,0
1789559337254683850,48438056,460,0,8436876,0
1789559338497043736,48435568,300,0,8436876,0
1789559339746521450,48432600,368,0,8436876,0
1789559340996472157,48430044,460,0,8436876,0
1789559342255949523,48431752,520,0,8436876,0
1789559343523739620,48437092,248,0,8436876,0
1789559344793408953,48444876,332,0,8436876,0
1789559346061069187,48440952,404,0,8436876,0
1789559347327999838,48438464,464,0,8436876,0
1789559348585035432,48440108,232,0,8436876,0
1789559349848719855,48429296,328,0,8436876,0
1789559351118854494,48430296,380,0,8436876,0
1789559352392460821,48431548,444,0,8436876,0
1789559353660291342,48429328,220,0,8436876,0
1789559354928187472,48434692,324,0,8436876,0
1789559356196315448,48433764,380,0,8436876,0
1789559357463401140,48435844,448,0,8436876,0
1789559358737432434,48435844,52,176,8436876,0
1789559359995605042,48439396,328,0,8436876,0
1789559361254766597,48444980,384,0,8436876,0
1789559362525614948,48445496,456,0,8436876,0
1789559363801997231,48446508,24,36,8436876,0
1789559365069348830,48443228,144,0,8436876,0
1789559366310160205,48441468,208,0,8436876,0
1789559367549281721,48441700,272,0,8436876,0
1789559368794613020,48436140,8,192,8436876,0
1789559370032630901,48432920,132,0,8436876,0
1789559371280278184,48435604,196,0,8436876,0
1789559372543924988,48436600,264,0,8436876,0
1789559373812682257,48436372,28,0,8436876,0
1789559375078502498,48431168,124,0,8436876,0
1789559376343153633,48434872,196,0,8436876,0
1789559377618112997,48440480,256,0,8436876,0
1789559378880507968,48438092,40,0,8436876,0
1789559380147193594,48445324,128,0,8436876,0
1789559381402976399,48437828,204,0,8436876,0
1789559382669318652,48448244,264,0,8436876,0
1789559383940545796,48451468,96,132,8436876,0
1789559385204078084,48450164,124,0,8436876,0
1789559386467441888,48448236,192,0,8436876,0
1789559387734699665,48445352,256,0,8436876,0
1789559389007665314,48440212,28,0,8436876,0
1789559390270632544,48450624,124,0,8436876,0
1789559391527456638,48451156,184,0,8436876,0
1789559392796141469,48451736,252,0,8436876,0
1789559394067399527,48450768,36,0,8436876,0
1789559395315265755,48446012,116,0,8436876,0
1789559396566700559,48443864,188,0,8436876,0
1789559397816072315,48444092,252,0,8436876,0
1789559399078106807,48445492,0,268,8436876,0
1789559400347418249,48446108,120,0,8436876,0
1789559401618336994,48457188,168,0,8436876,0
1789559402872673389,48461004,248,0,8436876,0
1789559404140446730,48459484,532,0,8436876,0
1789559405409768795,48453404,108,0,8436876,0
1789559406671769061,48459328,172,0,8436876,0
1789559407936614106,48452284,244,0,8436876,0
1789559409192308260,48446724,528,0,8436876,0
1789559410454250683,48451184,96,0,8436876,0
1789559411725834222,48441692,164,0,8436876,0
1789559412992767458,48451144,232,0,8436876,0
1789559414271075232,48450148,488,0,8436876,0
1789559415543264369,48452528,80,0,8436876,0
1789559416810312030,48453592,172,0,8436876,0
1789559418083414491,48455280,228,0,8436876,0
1789559419353895442,48451032,496,0,8436876,0
1789559420612535410,48452596,68,0,8436876,0
1789559421863989671,48449324,164,0,8436876,0
1789559423125383532,48444512,224,0,8436876,0
1789559424407271999,48449604,492,0,8436876,0
1789559425685206174,48443488,80,0,8436876,0
1789559426950369548,48435148,336,0,8436876,0
1789559428194431595,48445064,408,0,8436876,0
1789559429470328060,48443080,692,0,8436876,0
1789559430740584799,48435780,188,0,8436876,0
1789559432010560417,48439744,264,0,8436876,0
1789559433278059956,48449628,552,0,8436876,0
1789559434539959864,48448612,608,0,8436876,0
1789559435808122014,48450464,56,0,8436876,0
1789559437067205310,48455148,19092,0,8436880,0
1789559438330139194,48457452,50332,0,8436880,0
1789559439584852634,48453168,81264,0,8436880,0
1789559440839709755,48450868,102164,0,8436880,0
1789559442092188331,48445596,133296,0,8436880,0
1789559443353328032,48447984,181308,0,8436880,0
1789559444625185180,48449456,235024,0,8436880,0
1789559445903998970,48457956,61508,2000,8436880,0
1789559447162914706,48454812,46240,0,8436880,0
1789559448434142456,48456956,100344,0,8436880,0
1789559449708311833,48446444,155072,0,8436880,0
1789559450980253557,48441884,207916,0,8436880,0
1789559452250563815,48445056,262624,0,8436880,0
1789559453516884078,48441488,315868,0,8436880,0
1789559454795637816,48449996,369408,0,8436880,0
1789559456060335047,48439660,424744,0,8436880,0
1789559457335288285,48446208,478448,0,8436880,0
1789559458608911954,48449692,532668,0,8436880,0
1789559459882343244,48446800,586824,0,8436880,0
1789559461155617035,48447432,640876,0,8436880,0
1789559462424677693,48446796,693748,0,8436880,0
1789559463695613959,48453700,748496,0,8436880,0
1789559464962569354,48449956,802040,0,8436880,0
1789559466219468952,48450900,852008,0,8436880,0
1789559467475435698,48440996,882712,0,8436880,0
1789559468725537349,48442368,913372,0,8436880,0
1789559469974300685,48438656,943928,0,8436880,0
1789559471224981871,48437172,975092,0,8436880,0
1789559472476757000,48445412,1010452,0,8436880,0
1789559473754039674,48445444,1065376,0,8436880,0
1789559475018146463,48441592,1118996,0,8436880,0
1789559476288534887,48438144,1173008,0,8436880,0
1789559477556798025,48441996,1120856,2984,8436880,0
1789559478831846591,48447816,750964,2492,8436880,0
1789559480093709265,48445280,36352,0,8436880,0
1789559481366123249,48448640,91324,0,8436880,0
1789559482628122924,48447504,145156,0,8436880,0
1789559483900881759,48447196,198708,0,8436880,0
1789559485170699297,48447596,252896,0,8436880,0
1789559486428735361,48447536,305640,0,8436880,0
1789559487702171075,48432192,360344,0,8436880,0
1789559488964153025,48434808,415780,0,8436880,0
1789559490232996937,48424212,467516,0,8436880,0
1789559491499923107,48430900,522944,0,8436880,0
1789559492766076383,48432764,576996,0,8436880,0
1789559494040827672,48428760,630524,0,8436880,0
1789559495314163444,48435008,683540,0,8436880,0
1789559496570247374,48426824,729024,0,8436880,0
1789559497816886709,48419760,760104,0,8436880,0
1789559499064904090,48419968,790924,0,8436880,0
1789559500321651584,48425828,821216,120,8436880,0
1789559501570711692,48426124,851928,0,8436880,0
1789559502825244477,48426320,898772,0,8436880,0
1789559504098667635,48424820,977180,0,8436880,0
1789559505368380959,48418624,1092804,0,8436880,0
1789559506636619603,48416036,1147420,0,8436880,0
1789559507902274679,48419584,1201248,0,8436880,0
1789559509172928280,48416988,1254940,0,8436880,0
1789559510442759872,48425632,1074316,5980,8436880,0
1789559511699997800,48425660,24476,0,8436880,0
1789559512953857929,48430080,77712,0,8436880,0
1789559514222941961,48422108,131732,0,8436880,0
1789559515489077016,48422412,185680,0,8436880,0
1789559516751821626,48423528,238016,0,8436880,0
1789559518029962146,48425596,291812,0,8436880,0
1789559519292730284,48423612,345712,0,8436880,0
1789559520565667396,48426088,400368,0,8436880,0
1789559521835082635,48416000,452264,0,8436880,0
1789559523110791830,48428604,506164,0,8436880,0
1789559524371791407,48421632,560452,0,8436880,0
1789559525636200195,48430204,611420,0,8436880,0
1789559526871395277,48423540,642116,0,8436880,0
1789559528122436385,48419996,672492,0,8436880,0
1789559529371974930,48415308,702696,0,8436880,0
1789559530626129759,48413776,733412,0,8436880,0
1789559531877585703,48415984,775240,0,8436880,0
1789559533147464589,48417112,853892,0,8436880,0
1789559534423640434,48417184,908712,0,8436880,0
1789559535694992155,48420120,962316,0,8436880,0
1789559536959355361,48419296,1007732,0,8436880,0
1789559538236030404,48415012,1062168,0,8436880,0
1789559539508230026,48419780,1116804,0,8436880,0
1789559540779895661,48417952,1170760,0,8436880,0
1789559542047214885,48417976,1151408,2216,8436880,0
1789559543317964110,48420704,746204,1544,8436880,0
1789559544580897746,48416372,32512,0,8436880,0
1789559545849824038,48419396,85388,0,8436880,0
1789559547121887829,48414428,139728,0,8436880,0
1789559548386288847,48420304,218856,0,8436880,0
1789559549652916617,48416864,270392,340,8436880,0
1789559550917662438,48418800,325636,0,8436880,0
1789559552188837880,48412744,380172,0,8436880,0
1789559553462488824,48405756,434064,0,8436880,0
1789559554732583319,48407572,488456,0,8436880,0
1789559556004829628,48406120,532740,0,8436880,0
1789559557253938232,48406176,563072,0,8436880,0
1789559558504402257,48407240,593588,0,8436880,0
1789559559761693430,48402992,624536,0,8436880,0
1789559561012815865,48405292,655380,0,8436880,0
1789559562272497798,48411620,706336,0,8436880,0
1789559563546805152,48411580,759084,0,8436880,0
1789559564819645264,48410424,837548,0,8436880,0
1789559566089506042,48411288,926928,0,8436880,0
1789559567335864479,48407348,1016244,0,8436880,0
1789559568595019924,48401032,1071276,0,8436880,0
1789559569867313711,48411240,1115428,0,8436880,0
1789559571133160632,48406748,1168760,0,8436880,0
1789559572403735897,48406884,1223564,0,8436880,0
1789559573663306960,48409248,1277344,0,8436880,0
1789559574934343473,48414796,1227744,8768,8436880,0
1789559576206206571,48410580,99448,11508,8436880,0
1789559577467752701,48412612,58988,0,8436880,0
1789559578729575581,48408840,112616,0,8436880,0
1789559579995552584,48404432,168400,0,8436880,0
1789559581263096640,48402776,221576,0,8436880,0
1789559582539595099,48392248,273292,0,8436880,0
1789559583812819275,48393276,328380,0,8436880,0
1789559585082213387,48405920,379116,0,8436880,0
1789559586341585600,48397928,410508,0,8436880,0
1789559587581718417,48398300,440304,0,8436880,0
1789559588836764440,48401592,471512,0,8436880,0
1789559590089050840,48393996,501888,0,8436880,0
1789559591344136737,48390212,544540,0,8436880,0
1789559592602112237,48394176,599388,0,8436880,0
1789559593858001830,48400232,652832,0,8436880,0
1789559595122843174,48403848,707028,0,8436880,0
1789559596397317465,48406868,762000,0,8436880,0
1789559597660054962,48398636,813704,0,8436880,0
1789559598924645945,48400984,868104,0,8436880,0
1789559600202337036,48396300,922628,0,8436880,0
1789559601470155898,48400168,976156,0,8436880,0
1789559602743063540,48384464,1022312,0,8436880,0
1789559604013835908,48392356,1077080,0,8436880,0
1789559605282689424,48387312,1131376,0,8436880,0
1789559606555186671,48393976,1185612,0,8436880,0
1789559607812759610,48401896,18400,2308,8436880,0
1789559609082196132,48398312,60484,0,8436880,0
1789559610349451103,48395776,115012,0,8436880,0
1789559611620423570,48410948,169272,0,8436880,0
1789559612898603149,48411856,222680,0,8436880,0
1789559614174529869,48407540,270264,0,8436880,0
1789559615426181632,48401656,300696,0,8436880,0
1789559616686665085,48409556,332120,0,8436880,0
1789559617941147539,48401908,362992,0,8436880,0
1789559619183562886,48399940,391428,0,8436880,0
1789559620445097828,48404212,440092,0,8436880,0
1789559621716209050,48407348,492720,0,8436880,0
1789559622978467413,48402312,547836,0,8436880,0
1789559624246655011,48408596,625084,0,8436880,0
1789559625491083390,48411604,726660,0,8436880,0
1789559626759216557,48403800,828652,0,8436880,0
1789559628017410578,48397892,883028,0,8436880,0
1789559629291362227,48399508,934788,0,8436880,0
1789559630538450856,48406060,989024,0,8436880,0
1789559631811111837,48402240,1044136,0,8436880,0
1789559633081698516,48397896,1096556,0,8436880,0
1789559634356359463,48395996,1142224,0,8436880,0
1789559635630541972,48388820,1197732,0,8436880,0
1789559636901203794,48397928,1250620,0,8436880,0
1789559638145967761,48395024,1304260,0,8436880,0
1789559639411716936,48399396,266104,5136,8436880,0
1789559640665359017,48398344,52336,0,8436880,0
1789559641927077318,48400004,105200,0,8436880,0
1789559643195408764,48402468,152720,0,8436880,0
1789559644433495375,48394696,183144,0,8436880,0
1789559645676460684,48394848,213300,0,8436880,0
1789559646921366223,48395300,244304,0,8436880,0
1789559648173217287,48390992,274828,0,8436880,0
1789559649431179344,48389916,322300,0,8436880,0
1789559650692572750,48390368,373664,0,8436880,0
1789559651959129838,48395860,426896,0,8436880,0
1789559653218741479,48394008,481488,0,8436880,0
1789559654484834412,48392800,534776,0,8436880,0
1789559655750663649,48401224,589388,404,8436880,0
1789559657024242229,48401372,644276,0,8436880,0
1789559658288680558,48404884,696888,0,8436880,0
1789559659562025652,48406940,750356,0,8436880,0
1789559660834261025,48398120,806188,96,8436880,0
1789559662108123685,48403376,859552,0,8436880,0
1789559663381231459,48408932,914060,0,8436880,0
1789559664650535253,48398320,967152,0,8436880,0
1789559665937438137,48394528,1013096,0,8436880,0
1789559667203758250,48392948,1067976,0,8436880,0
1789559668475826419,48391940,1121364,0,8436880,0
1789559669745598723,48384688,1175196,0,8436880,0
1789559671011438652,48386152,313332,23336,8436880,0
1789559672259001113,48389768,40644,0,8436880,0
1789559673510359647,48380428,71148,0,8436880,0
1789559674763956975,48384252,102096,0,8436880,0
1789559676009019822,48376840,133020,0,8436880,0
1789559677246366121,48373556,162860,0,8436880,0
1789559678501020843,48377160,212244,0,8436880,0
1789559679768664285,48381272,267432,0,8436880,0
1789559681041578834,48383584,346252,0,8436880,0
1789559682311119142,48387772,398024,0,8436880,0
1789559683583023344,48381036,453596,0,8436880,0
1789559684856113155,48387136,507920,0,8436880,0
1789559686121736146,48386564,610064,0,8436880,0
1789559687398100174,48385556,710180,0,8436880,0
1789559688673404962,48385292,763680,0,8436880,0
1789559689945190040,48376156,820296,0,8436880,0
1789559691216147839,48385244,874044,0,8436880,0
1789559692481398994,48383792,927128,0,8436880,0
1789559693748126561,48378896,981604,0,8436880,0
1789559695017753551,48376744,1060644,0,8436880,0
1789559696271623058,48377480,1112696,0,8436880,0
1789559697546052303,48380044,1158456,0,8436880,0
1789559698819625504,48367260,1213204,0,8436880,0
1789559700091251656,48370356,1267288,0,8436880,0
1789559701334583806,48364708,1305572,0,8436880,0
1789559702579106794,48368052,312728,93568,8436880,0
1789559703821382593,48366416,34716,0,8436880,0
1789559705069619387,48363280,65300,0,8436880,0
1789559706310620194,48372828,105304,0,8436880,0
1789559707554136951,48375436,156528,0,8436880,0
1789559708822491768,48371928,210236,0,8436880,0
1789559710094659169,48371120,264156,0,8436880,0
1789559711366466731,48370628,318312,0,8436880,0
1789559712642083598,48374432,373368,0,8436880,0
1789559713916733338,48368424,426892,0,8436880,0
1789559715194178311,48377276,480140,0,8436880,0
1789559716468421294,48376536,535888,0,8436880,0
1789559717744848968,48378480,589852,0,8436880,0
1789559719010536503,48373364,644376,0,8436880,0
1789559720283734842,48368700,698808,0,8436880,0
1789559721561826975,48365708,751640,0,8436880,0
1789559722838266971,48376332,806488,0,8436880,0
1789559724107390391,48378796,858672,0,8436880,0
1789559725374949694,48363272,912688,0,8436880,0
1789559726646004666,48358960,967564,0,8436880,0
1789559727929940067,48361300,1021304,0,8436880,0
1789559729199585484,48363064,1056468,0,8436880,0
1789559730450353228,48359208,1087812,0,8436880,0
1789559731702347788,48361804,1118448,0,8436880,0
1789559732953259595,48357300,1149396,0,8436880,0
1789559734207602673,48356164,570596,235712,8436880,0
1789559735583544136,48367656,34092,40,8436880,0
1789559736854417579,48364888,89296,0,8436880,0
1789559738121706882,48373724,144008,0,8436880,0
1789559739392721833,48376676,196316,0,8436880,0
1789559740663060351,48370792,249404,0,8436880,0
1789559741931471774,48379676,303168,0,8436880,0
1789559743199999857,48372236,356728,0,8436880,0
1789559744470882966,48371276,408580,0,8436880,0
1789559745741402792,48373148,510300,0,8436880,0
1789559747013632692,48362272,611956,0,8436880,0
1789559748282496073,48378648,664348,0,8436880,0
1789559749554481663,48373428,718644,0,8436880,0
1789559750825569807,48360588,771540,0,8436880,0
1789559752094171532,48368180,825476,0,8436880,0
1789559753359028644,48370252,876588,0,8436880,0
1789559754628340653,48366604,929588,0,8436880,0
1789559755901899140,48367928,983208,364,8436880,0
1789559757172909449,48362488,1035808,0,8436880,0
1789559758443545989,48356800,1085672,0,8436880,0
1789559759707414425,48362988,1117288,0,8436880,0
1789559760954445216,48365552,1139108,0,8436880,0
1789559762204179789,48355260,1170328,0,8436880,0
1789559763460516285,48348620,1200024,0,8436880,0
1789559764711873839,48353564,1242300,0,8436880,0
1789559765974072631,48351156,1090776,7168,8436880,0
1789559767240282562,48358004,596192,4744,8436880,0
1789559768511897243,48361376,47224,0,8436880,0
1789559769777326084,48363136,102000,0,8436880,0
1789559771050610829,48367116,154992,0,8436880,0
1789559772319124233,48368464,209244,0,8436880,0
1789559773585883330,48361000,262300,0,8436880,0
1789559774854753007,48364424,340036,0,8436880,0
1789559776126607657,48361764,394988,0,8436880,0
1789559777394728946,48363916,448648,0,8436880,0
1789559778671104808,48355620,503032,0,8436880,0
1789559779943097793,48352320,557816,0,8436880,0
1789559781214982006,48358176,610540,0,8436880,0
1789559782490198650,48360272,665244,0,8436880,0
1789559783763290719,48357500,719372,0,8436880,0
1789559785037231733,48363384,772524,0,8436880,0
1789559786308604046,48358904,827280,0,8436880,0
1789559787583843299,48359368,881700,0,8436880,0
1789559788854029658,48309440,1000992,0,8436880,0
1789559790102855721,48302400,1079800,0,8436876,0
1789559791370760397,48279004,1100608,0,8436876,0
1789559792624238197,48247620,1098620,0,8436876,0
1789559793875469290,48240612,1087668,0,8436876,0
1789559795130681448,48235080,1093532,0,8436876,0
1789559796387904273,48239444,1094344,0,8436876,0
1789559797649388226,48237084,1095472,0,8436876,0
1789559798899305456,48245720,784936,70660,8436876,0
1789559800143046111,48248884,10028,0,8436876,0
1789559801400744715,48241324,11324,0,8436876,0
1789559802648268289,48244824,12112,0,8436876,0
1789559803890841543,48244164,12712,0,8436876,0
1789559805138214465,48237084,13252,0,8436876,0
1789559806391308939,48230684,13620,0,8436876,0
1789559807647927147,48237936,14156,0,8436876,0
1789559808901038650,48234480,15008,0,8436876,0
1789559810145104058,48231412,15368,0,8436876,0
1789559811397903998,48238728,15900,0,8436876,0
1789559812651235374,48230500,19756,0,8436876,0
1789559813909597056,48224084,23652,0,8436876,0
1789559815149484449,48226772,24024,0,8436876,0
1789559816385250619,48226836,24548,0,8436876,0
1789559817633411543,48224168,24924,0,8436876,0
1789559818880253968,48222552,25768,0,8436876,0
1789559820133133927,48233072,26296,0,8436876,0
1789559821389362604,48231160,28420,0,8436876,0
1789559822633972168,48234504,28780,0,8436876,0
1789559823871421763,48229672,29644,0,8436876,0
1789559825131256578,48233432,31484,0,8436876,0
1789559826390687657,48236832,800,0,8436876,0
1789559827645732112,48234788,1356,0,8436876,0
1789559828899029501,48236708,2232,0,8436876,0
1789559830156929744,48241556,5968,0,8436876,0
1789559831410105794,48234648,9868,0,8436876,0
1789559832665014086,48233764,10052,0,8436876,0
1789559833917094086,48232840,10904,0,8436876,0
1789559835158752784,48228136,11544,0,8436876,0
1789559836401738239,48225684,11816,0,8436876,0
1789559837657141384,48229068,12372,0,8436876,0
1789559838916056248,48229992,13224,0,8436876,0
1789559840173080656,48233796,13816,0,8436876,0
1789559841432602992,48227824,56,0,8436876,0
1789559842683456584,48226092,928,0,8436876,0
1789559843931504116,48231204,1460,0,8436876,0
1789559845177960954,48234700,2264,0,8436876,0
1789559846426055022,48228304,5816,0,8436876,0
1789559847672547716,48227296,10040,0,8436876,0
1789559848929165469,48227984,11868,0,8436876,0
1789559850173318056,48224128,12496,0,8436876,0
1789559851419212127,48227956,12852,0,8436876,0
1789559852664488619,48227112,13400,0,8436876,0
1789559853914394088,48234084,14276,0,8436876,0
1789559855157242955,48233396,14884,0,8436876,0
1789559856410592074,48238568,0,0,8436876,0
1789559857659910341,48233356,420,0,8436876,0
1789559858896640258,48227964,1280,0,8436876,0
1789559860150490182,48232116,1928,0,8436876,0
1789559861396759984,48230356,2656,0,8436876,0
1789559862634424505,48226492,4748,0,8436876,0
1789559863888309159,48230136,8204,0,8436876,0
1789559865140673424,48232012,12436,0,8436876,0
1789559866382735557,48227540,236,0,8436876,0
1789559867637157473,48228960,1300,0,8436876,0
1789559868884312658,48229272,2868,0,8436876,0
1789559870135606377,48220400,3648,0,8436876,0
1789559871384506131,48219140,4196,0,8436876,0
1789559872626515303,48226572,4556,0,8436876,0
1789559873869607975,48223188,5420,0,8436876,0
1789559875117800318,48226652,5884,0,8436876,0
1789559876360213423,48220900,6400,0,8436876,0
1789559877605522787,48215340,248,0,8436876,0
1789559878860241605,48215776,1148,0,8436876,0
1789559880099311969,48218520,2444,0,8436876,0
1789559881352929661,48221848,6300,0,8436876,0
1789559882607472091,48216284,1880,0,8436876,0
1789559883857655805,48216808,2328,0,8436876,0
1789559885108558355,48217380,3060,0,8436876,0
1789559886363598459,48225224,3620,0,8436876,0
1789559887616361106,48225896,3980,0,8436876,0
1789559888862529715,48231444,6176,0,8436876,0
1789559890119233106,48233864,7068,0,8436876,0
1789559891371128400,48231424,7432,0,8436876,0
1789559892610585918,48225836,64,0,8436876,0
1789559893852226463,48219140,4028,0,8436876,0
1789559895102999482,48224208,9752,0,8436876,0
1789559896360771046,48228880,10232,0,8436876,0
1789559914489341242,48239764,808,0,8436876,0
1789559915738841144,48234240,948,0,8436876,0
1789559916985010531,48235468,1028,0,8436876,0
1789559918226243320,48231968,36,0,8436876,0
1789559919478185451,48231996,136,0,8436876,0
1789559920735564416,48282652,428,0,8436876,0
1789559922012638098,48293332,500,0,8436876,0
1789559923275048107,48291268,56,0,8436876,0
1789559924550307765,48296440,140,0,8436876,0
1789559925804656884,48299540,404,0,8436876,0
1789559927076376295,48292784,476,0,8436876,0
1789559928342178966,48293864,76,0,8436876,0
1789559929611761846,48296388,144,0,8436876,0
1789559930881046860,48287748,384,0,8436876,0
1789559932155691464,48297692,440,0,8436876,0
1789559933412600157,48287420,56,0,8436876,0
1789559934681168110,48296332,148,0,8436876,0
1789559935945026839,48299028,400,0,8436876,0
1789559937225612895,48300164,452,0,8436876,0
1789559938494715971,48295848,56,0,8436876,0
1789559939763726725,48297960,140,0,8436876,0
1789559941029080297,48294192,412,0,8436876,0
1789559942301622643,48298228,476,0,8436876,0
1789559943569176992,48306260,20,196,8436876,0
1789559944844657729,48299732,352,0,8436876,0
1789559946098359762,48302944,416,0,8436876,0
1789559947354313229,48301864,472,0,8436876,0
1789559948611034220,48298044,0,260,8436876,0
1789559949864543551,48292660,140,0,8436876,0
1789559951133110985,48292912,428,0,8436876,0
1789559952403407489,48300660,492,0,8436876,0
1789559953669183196,48301704,108,0,8436876,0
1789559954926618498,48290404,136,0,8436876,0
1789559956199102405,48300292,404,0,8436876,0
1789559957472307978,48303112,476,0,8436876,0
1789559958748423950,48298632,16,0,8436876,0
1789559960017610236,48296228,316,0,8436876,0
1789559961285356359,48299572,380,0,8436876,0
1789559962555914131,48294656,444,0,8436876,0
1789559963823312429,48300752,8,188,8436876,0
1789559965093052576,48301008,124,0,8436876,0
1789559966361618339,48300348,416,0,8436876,0
1789559967626741134,48303964,468,0,8436876,0
1789559968888033964,48304520,32,0,8436876,0
1789559970163248726,48297424,344,0,8436876,0
1789559971429648249,48294900,412,0,8436876,0
1789559972682003761,48285876,468,0,8436876,0
1789559973937414161,48280188,16,0,8436876,0
1789559975175431743,48277672,260,0,8436876,0
1789559976421868952,48279832,348,0,8436876,0
1789559977674177364,48278900,416,0,8436876,0
1789559978931264552,48286748,0,0,8436876,0
1789559980191360158,48291380,108,0,8436876,0
1789559981458907833,48287704,176,0,8436876,0
1789559982733245165,48295056,356,0,8436876,0
1789559984009688217,48299100,0,0,8436876,0
1789559985277261093,48305384,112,0,8436876,0
1789559986534168921,48297580,180,0,8436876,0
1789559987791477540,48292572,240,0,8436876,0
1789559989052558078,48300888,508,0,8436876,0
1789559990322964723,48287812,108,0,8436876,0
1789559991594728940,48283528,324,0,8436876,0
1789559992855527653,48282644,384,0,8436876,0
1789559994120940283,48285672,708,0,8436876,0
1789559995385641667,48297464,84,0,8436876,0
1789559996657459848,48297984,152,0,8436876,0
1789559997909678433,48290976,336,0,8436876,0
1789559999172509935,48288304,672,0,8436876,0
1789560000435369642,48293812,204,0,8436876,0
1789560001705898778,48287696,384,0,8436876,0
1789560002960020934,48289564,492,0,8436876,0
1789560004206776931,48288544,820,0,8436876,0
1789560005453082776,48277684,208,0,8436876,0
1789560006712120094,48280064,276,0,8436876,0
1789560007982129636,48281420,344,0,8436876,0
1789560009254662292,48279692,624,0,8436876,0
1789560010521520676,48282496,48,0,8436876,0
1789560011795121095,48282660,136,0,8436876,0
1789560013066160946,48281708,216,0,8436876,0
1789560014335278424,48284460,496,0,8436876,0
1789560015606290803,48284536,40,0,8436876,0
1789560016865174044,48282240,144,0,8436876,0
1789560018136216199,48284152,208,0,8436876,0
1789560019404813804,48286176,500,0,8436876,0
1789560020674317589,48282028,52,0,8436876,0
1789560021926082504,48287780,144,0,8436876,0
1789560023191374838,48287836,200,0,8436876,0
1789560024465279320,48299508,472,0,8436876,0
1789560025740593901,48289944,340,0,8436876,0
1789560027018020579,48290168,148,0,8436876,0
1789560028281035947,48289896,208,0,8436876,0
1789560029529159343,48293940,472,0,8436876,0
1789560030781565108,48291712,60,0,8436876,0
1789560032019157043,48287980,140,0,8436876,0
1789560033258423805,48286980,204,0,8436876,0
1789560034514887334,48287832,500,0,8436876,0
1789560035772806857,48303044,28,0,8436876,0
1789560037043239224,48303328,136,0,8436876,0
1789560038314185053,48304356,204,0,8436876,0
1789560039583467679,48303888,472,0,8436876,0
1789560040849413553,48312468,44,0,8436876,0
1789560042122230058,48306124,132,0,8436876,0
1789560043391148444,48306340,204,0,8436876,0
1789560044662965010,48305256,480,0,8436876,0
1789560045936039758,48298000,40,0,8436876,0
1789560047208490028,48301756,136,0,8436876,0
1789560048474263247,48294188,200,0,8436876,0
1789560049746728529,48301100,476,0,8436876,0
1789560051016369520,48293604,36,0,8436876,0
1789560052280879773,48293452,128,0,8436876,0
1789560053549294418,48295008,200,0,8436876,0
1789560054813684435,48292628,460,0,8436876,0
1789560056081872974,48294200,20,0,8436876,0
1789560057339453587,48302296,124,0,8436876,0
1789560058589463480,48294028,192,0,8436876,0
1789560059842573381,48290508,488,0,8436876,0
1789560061093046314,48293796,12,0,8436876,0
1789560062345687605,48293344,124,0,8436876,0
1789560063599434880,48296852,196,0,8436876,0
1789560064866908670,48291836,480,0,8436876,0
1789560066139524059,48296944,16,0,8436876,0
1789560067403584764,48298800,120,0,8436876,0
1789560068665102458,48291696,172,0,8436876,0
1789560069935534079,48301108,440,0,8436876,0
1789560071195265914,48298576,100,140,8436876,0
1789560072466523855,48305548,252,0,8436876,0
1789560073732861215,48297408,320,0,8436876,0
1789560075000810800,48304348,644,0,8436876,0
1789560076268846699,48302384,384,36,8436876,0
1789560077523915546,48303184,124,0,8436876,0
1789560078790498579,48307240,184,0,8436876,0
1789560080072807015,48303188,496,0,8436876,0
1789560081327872604,48302956,512,32,8436876,0
1789560082598856474,48296396,120,0,8436876,0
1789560083865506522,48297760,416,0,8436876,0
1789560085135794239,48298292,480,0,8436876,0
1789560086406242334,48298032,156,0,8436876,0
1789560087650991410,48291548,104,0,8436876,0
1789560088908846522,48287556,388,0,8436876,0
1789560090157883927,48288628,440,0,8436876,0
1789560091411386972,48289640,508,0,8436876,0
1789560092668548933,48283236,80,0,8436876,0
1789560093938855923,48288884,352,0,8436876,0
1789560095207418184,48288240,416,0,8436876,0
1789560096468610503,48292124,468,0,8436876,0
1789560097733740646,48293944,68,0,8436876,0
1789560099006887169,48296388,364,0,8436876,0
1789560100273789006,48298780,420,0,8436876,0
1789560101540813840,48296060,492,0,8436876,0
1789560102804032385,48293184,60,0,8436876,0
1789560104075126562,48295216,352,0,8436876,0
1789560105348760248,48296816,412,0,8436876,0
1789560106605939779,48292280,468,0,8436876,0
1789560107875679008,48291032,76,0,8436876,0
1789560109143105057,48294136,384,0,8436876,0
1789560110412904480,48299448,448,0,8436876,0
1789560111683461268,48303440,492,0,8436876,0
1789560112949663816,48295264,76,0,8436876,0
1789560114217231784,48294584,148,0,8436876,0
1789560115468536684,48286820,416,0,8436876,0
1789560116717223314,48282756,464,0,8436876,0
1789560117961377172,48279552,64,0,8436876,0
1789560119204573221,48283716,352,0,8436876,0
1789560120446384938,48288872,420,0,8436876,0
1789560121716416140,48293680,476,0,8436876,0
1789560122988033274,48305772,60,0,8436876,0
1789560124252134126,48296244,356,0,8436876,0
1789560125519076138,48292988,424,0,8436876,0
1789560126771634464,48296812,484,0,8436876,0
1789560128047149436,48303632,52,0,8436876,0
1789560129314878353,48301936,384,0,8436876,0
1789560130580924690,48301992,444,0,8436876,0
1789560131839672210,48292148,504,0,8436876,0
1789560133097248259,48289444,40,0,8436876,0
1789560134366344103,48296996,328,0,8436876,0
1789560135638036197,48305864,396,0,8436876,0
1789560136900488810,48300396,460,0,8436876,0
1789560138155568868,48286820,44,0,8436876,0
1789560139424312482,48296248,308,0,8436876,0
1789560140692027476,48295228,376,0,8436876,0
1789560141956405744,48300136,444,0,8436876,0
1789560143221131319,48295336,48,0,8436876,0
1789560144453592084,48289324,332,0,8436876,0
1789560145705757142,48293984,396,0,8436876,0
1789560146960362279,48295052,456,0,8436876,0
1789560148212817610,48297304,32,0,8436876,0
1789560149465202942,48295156,328,0,8436876,0
1789560150729692090,48295436,392,0,8436876,0
1789560152000449139,48292464,452,0,8436876,0
1789560153272508929,48291348,8,0,8436876,0
1789560154540434316,48295012,332,0,8436876,0
1789560155809956966,48298160,408,0,8436876,0
1789560157076503217,48291232,468,0,8436876,0
1789560158345941734,48298636,16,184,8436876,0
1789560159619612135,48299124,340,0,8436876,0
1789560160883900261,48304376,400,0,8436876,0
1789560162151763004,48298644,464,0,8436876,0
1789560163421084477,48300744,24,0,8436876,0
1789560164690239339,48295196,300,0,8436876,0
1789560165952573703,48296212,372,0,8436876,0
1789560167206938357,48292536,432,0,8436876,0
1789560168477681650,48301936,8,184,8436876,0
1789560169748401766,48303044,308,0,8436876,0
1789560171014482419,48300268,384,0,8436876,0
1789560172279707277,48299476,452,0,8436876,0
1789560173528764229,48301288,16,0,8436876,0
1789560174789853816,48300640,324,0,8436876,0
1789560176044026551,48301480,404,0,8436876,0
1789560177294655441,48297516,464,0,8436876,0
1789560178555803052,48295412,20,0,8436876,0
1789560179821903786,48297668,300,0,8436876,0
1789560181092271890,48300304,360,0,8436876,0
1789560182358455899,48300560,432,0,8436876,0
1789560183629240182,48298244,476,0,8436876,0
1789560184916534983,48299636,284,0,8436876,0
1789560186191154589,48298344,348,0,8436876,0
1789560187454196211,48300984,424,0,8436876,0
1789560188723721888,48305356,488,0,8436876,0
1789560189981964088,48306100,88,0,8436876,0
1789560191252129153,48300532,156,0,8436876,0
1789560192524660227,48297868,220,0,8436876,0
1789560193798023236,48296932,280,0,8436876,0
1789560195068255705,48302080,100,0,8436876,0
1789560196338374954,48307456,160,0,8436876,0
1789560197608227880,48297720,240,0,8436876,0
1789560198875474862,48298236,492,0,8436876,0
1789560200140397579,48302236,80,0,8436876,0
1789560201394081755,48294212,168,0,8436876,0
1789560202646523515,48290380,208,0,8436876,0
1789560203892198627,48294964,296,0,8436876,0
1789560205140800441,48286868,64,0,8436876,0
1789560206398156369,48279440,136,0,8436876,0
1789560207659947811,48290624,208,0,8436876,0
1789560208926556519,48293068,484,0,8436876,0
1789560210190056675,48296616,64,0,8436876,0
1789560211462767704,48298392,156,0,8436876,0
1789560212730162186,48291840,192,0,8436876,0
1789560214005000784,48300012,472,0,8436876,0
1789560215272316294,48287940,56,0,8436876,0
1789560216529394204,48292964,148,0,8436876,0
1789560217801328628,48290740,224,0,8436876,0
1789560219073345207,48298564,464,0,8436876,0
1789560220348772493,48299612,56,0,8436876,0
1789560221605523456,48298340,140,0,8436876,0
1789560222878253030,48294260,212,0,8436876,0
1789560224148526601,48292588,504,0,8436876,0
1789560225396764034,48295024,52,0,8436876,0
1789560226665342193,48297976,136,0,8436876,0
1789560227917403276,48301052,204,0,8436876,0
1789560229191237040,48295576,448,0,8436876,0
1789560230448496849,48285364,76,0,8436876,0
1789560231698703326,48280872,140,0,8436876,0
1789560232940330306,48283164,212,0,8436876,0
1789560234197295719,48276624,444,0,8436876,0
1789560235445539368,48290748,28,0,8436876,0
1789560236717198946,48286516,144,0,8436876,0
1789560237974153801,48283300,204,0,8436876,0
1789560239233395495,48287692,456,0,8436876,0
1789560240492744990,48289808,36,0,8436876,0
1789560241765280421,48300244,256,0,8436876,0
1789560243041458539,48300832,320,0,8436876,0
1789560244307597443,48307120,636,0,8436876,0
1789560245575319472,48288308,56,244,8436876,0
1789560246847206793,48294180,124,0,8436876,0
1789560248120193104,48299468,200,0,8436876,0
1789560249389492034,48291924,500,0,8436876,0
1789560250655661595,48285784,68,0,8436876,0
1789560251921190378,48297176,136,0,8436876,0
1789560253172454395,48293988,192,0,8436876,0
1789560254432086896,48293752,448,0,8436876,0
1789560255709004762,48295864,4,0,8436876,0
1789560256968609077,48298348,120,0,8436876,0
1789560258228732796,48295544,184,0,8436876,0
1789560259479404526,48288040,448,0,8436876,0
1789560260728983443,48288488,148,88,8436876,0
1789560261984215224,48292224,128,0,8436876,0
1789560263230300996,48290276,200,0,8436876,0
1789560264481730425,48302408,444,0,8436876,0
1789560265733567466,48298928,0,248,8436876,0
1789560267008711511,48303236,120,0,8436876,0
1789560268257686663,48306316,180,0,8436876,0
1789560269519347134,48302308,480,0,8436876,0
1789560270789073361,48300572,0,0,8436876,0
1789560272060928078,48301056,108,0,8436876,0
1789560273328448006,48297360,180,0,8436876,0
1789560274601115328,48305528,448,0,8436876,0
1789560275872804238,48307324,12,0,8436876,0
1789560277134708507,48304144,112,0,8436876,0
1789560278404415115,48303508,176,0,8436876,0
1789560279670487423,48302256,428,0,8436876,0
1789560280942702193,48303536,504,0,8436876,0
1789560282200552471,48303600,96,0,8436876,0
1789560283469682115,48302372,172,0,8436876,0
1789560284738223239,48303104,216,0,8436876,0
1789560286000164461,48306876,680,0,8436876,0
1789560287255061311,48300588,212,0,8436876,0
1789560288510331822,48296596,288,0,8436876,0
1789560289755869691,48299496,448,0,8436876,0
1789560291005598246,48291672,752,0,8436876,0
1789560292261208561,48301024,84,0,8436876,0
1789560293530254375,48302316,168,0,8436876,0
1789560294780442588,48298248,344,0,8436876,0
1789560296030065299,48302812,700,0,8436876,0
1789560297297024217,48308024,176,0,8436876,0
1789560298560086470,48298280,276,0,8436876,0
1789560299823050041,48296792,456,0,8436876,0
1789560301105981067,48296680,736,0,8436876,0
1789560302371379572,48300552,220,0,8436876,0
1789560303642579871,48302904,304,0,8436876,0
1789560304913379613,48300908,380,0,8436876,0
1789560306185652941,48299352,664,0,8436876,0
1789560307452184659,48307928,64,0,8436876,0
1789560308726685950,48303188,148,0,8436876,0
1789560309998699192,48299032,408,0,8436876,0
1789560311260176576,48302864,464,0,8436876,0
1789560312529504249,48301436,60,0,8436876,0
1789560313785034825,48305236,144,0,8436876,0
1789560315042954972,48302312,220,0,8436876,0
1789560316292317120,48299540,460,0,8436876,0
1789560317543130298,48298000,32,0,8436876,0
1789560318797872230,48294804,140,0,8436876,0
1789560320050371548,48297352,200,0,8436876,0
1789560321311290002,48299964,468,0,8436876,0
1789560322564760658,48301000,36,0,8436876,0
1789560323823154031,48302572,136,0,8436876,0
1789560325092007335,48305380,412,0,8436876,0
1789560326363413013,48294552,468,0,8436876,0
1789560327632891712,48295360,32,188,8436876,0
1789560328908629849,48299968,128,0,8436876,0
1789560330174979765,48297032,200,0,8436876,0
1789560331444730530,48296772,456,0,8436876,0
1789560332707934104,48297816,12,0,8436876,0
1789560333975420079,48305752,140,0,8436876,0
1789560335236029917,48295420,396,0,8436876,0
1789560336480597700,48303968,464,0,8436876,0
1789560337751178210,48296292,48,0,8436876,0
1789560339016997163,48297316,136,0,8436876,0
1789560340280803899,48306152,432,0,8436876,0
1789560341550415783,48301884,488,0,8436876,0
1789560342801544707,48301144,48,0,8436876,0
1789560344043472135,48295424,136,0,8436876,0
1789560345294648211,48300400,388,0,8436876,0
1789560346546102933,48302164,456,0,8436876,0
1789560347793456340,48296448,32,0,8436876,0
1789560349041330249,48297448,128,0,8436876,0
1789560350289486869,48295572,380,0,8436876,0
1789560351560338848,48300684,444,0,8436876,0
1789560352829514609,48297684,28,148,8436876,0
1789560354086203600,48290892,248,148,8436876,0
1789560355356540200,48298468,532,0,8436876,0
1789560356631355805,48306220,632,0,8436876,0
1789560357893033446,48297560,16,24,8436876,0
1789560359160214453,48303868,120,0,8436876,0
1789560360421064620,48295784,312,0,8436876,0
1789560361686676455,48311032,676,0,8436876,0
1789560362953183479,48306720,4,0,8436876,0
1789560364207239615,48306736,116,0,8436876,0
1789560365464884396,48315660,432,0,8436876,0
1789560366715542142,48312244,504,0,8436876,0
1789560367977035695,48306040,560,0,8436876,0
1789560369250873875,48305744,96,0,8436876,0
1789560370509772730,48314288,164,0,8436876,0
1789560371777175911,48301320,448,0,8436876,0
1789560373032637653,48303336,512,0,8436876,0
1789560374273607088,48304892,88,0,8436876,0
1789560375526637780,48299612,160,0,8436876,0
1789560376787137211,48306580,416,0,8436876,0
1789560378055592121,48302772,476,0,8436876,0
1789560379313601053,48298484,80,0,8436876,0
1789560380582461873,48298564,336,0,8436876,0
1789560381843764459,48302184,412,0,8436876,0
1789560383104556562,48302896,480,0,8436876,0
1789560384372922047,48306720,60,0,8436876,0
1789560385623298591,48302932,140,0,8436876,0
1789560386877622223,48302552,456,0,8436876,0
1789560388146586642,48300780,516,0,8436876,0
1789560389411031018,48311012,68,0,8436876,0
1789560390680038202,48307508,324,0,8436876,0
1789560391933749199,48308004,400,0,8436876,0
1789560393201153426,48306204,460,0,8436876,0
1789560394467458047,48311508,60,0,8436876,0
1789560395735832840,48307540,336,0,8436876,0
1789560397005687387,48300012,396,0,8436876,0
1789560398275117207,48305432,464,0,8436876,0
1789560399542462862,48301656,72,0,8436876,0
1789560400793151017,48297652,404,0,8436876,0
1789560402041925986,48291592,476,0,8436876,0
1789560403286979799,48296580,544,0,8436876,0
1789560404541968719,48295380,48,0,8436876,0
1789560405793543193,48297620,348,0,8436876,0
1789560407069512484,48300936,408,0,8436876,0
1789560408334559746,48303236,468,0,8436876,0
1789560409598862676,48307952,60,0,8436876,0
1789560410861664788,48300684,352,0,8436876,0
1789560412127587302,48299316,416,0,8436876,0
1789560413398003367,48301876,472,0,8436876,0
1789560414666415696,48297896,40,0,8436876,0
1789560415929675082,48297020,348,0,8436876,0
1789560417193809628,48298116,412,0,8436876,0
1789560418465574907,48304428,480,0,8436876,0
1789560419729549104,48304216,124,0,8436876,0
1789560421001229142,48307096,344,0,8436876,0
1789560422270233559,48311124,400,0,8436876,0
1789560423546293986,48305020,460,0,8436876,0
1789560424812230567,48307884,48,0,8436876,0
1789560426075159970,48302764,348,0,8436876,0
1789560427338450022,48309408,412,0,8436876,0
1789560428605986756,48296724,480,0,8436876,0
1789560429850084817,48298792,32,0,8436876,0
1789560431100478725,48298788,344,0,8436876,0
1789560432356062355,48297740,404,0,8436876,0
1789560433606929984,48296744,480,0,8436876,0
1789560434869287088,48301112,24,0,8436876,0
1789560436133617177,48298656,328,0,8436876,0
1789560437399686414,48299728,384,0,8436876,0
1789560438669734687,48300800,452,0,8436876,0
1789560439939832792,48304412,36,0,8436876,0
1789560441192845831,48306520,320,0,8436876,0
1789560442465090815,48303920,372,0,8436876,0
1789560443735877946,48299644,452,0,8436876,0
1789560444996819625,48298384,44,0,8436876,0
1789560446273796791,48299016,356,0,8436876,0
1789560447547492621,48302768,428,0,8436876,0
1789560448807469485,48299540,484,0,8436876,0
1789560450079950483,48300768,12,0,8436876,0
1789560451349504120,48296600,324,0,8436876,0
1789560452613366388,48298340,384,0,8436876,0
1789560453880998352,48295516,456,0,8436876,0
1789560455153924957,48294792,92,52,8436876,0
1789560456418942318,48283668,320,0,8436876,0
1789560457649806807,48288324,388,0,8436876,0
1789560458900798239,48291636,452,0,8436876,0
1789560460157113785,48298304,0,0,8436876,0
1789560461396112375,48291540,292,0,8436876,0
1789560462648020855,48291100,352,0,8436876,0
1789560463898022429,48290176,436,0,8436876,0
1789560465147850746,48296004,500,0,8436876,0
1789560466414174279,48300576,280,0,8436876,0
1789560467675135905,48304016,332,0,8436876,0
1789560468942334721,48298284,420,0,8436876,0
1789560470213998963,48302608,472,0,8436876,0
1789560471483820776,48304452,64,0,8436876,0
1789560472757120966,48299476,132,0,8436876,0
1789560474021253498,48305760,216,0,8436876,0
1789560475283400104,48312048,276,0,8436876,0
1789560476541601169,48304724,60,0,8436876,0
1789560477796652434,48302848,148,0,8436876,0
1789560479061895896,48304288,212,0,8436876,0
1789560480326660090,48304740,272,0,8436876,0
1789560481586787055,48307860,64,0,8436876,0
1789560482856744531,48301168,132,0,8436876,0
1789560484117510557,48306752,208,0,8436876,0
1789560485383931196,48297068,272,0,8436876,0
1789560486642431145,48293316,60,0,8436876,0
1789560487900392993,48291364,160,0,8436876,0
1789560489148646372,48290408,220,0,8436876,0
1789560490404679941,48287616,280,0,8436876,0
1789560491653559084,48295020,52,268,8436876,0
1789560492909181315,48296320,144,0,8436876,0
1789560494175088301,48295800,204,0,8436876,0
1789560495441028425,48294244,480,0,8436876,0
1789560496702700246,48295480,300,0,8436876,0
1789560497960850407,48297528,140,0,8436876,0
1789560499230963143,48308232,208,0,8436876,0
1789560500483824819,48309196,256,0,8436876,0
1789560501755122294,48304960,48,0,8436876,0
1789560503019918754,48303388,264,0,8436876,0
1789560504293483484,48300720,332,0,8436876,0
1789560505564488582,48299192,632,0,8436876,0
1789560506834380339,48307320,60,20,8436876,0
1789560508096134320,48307380,136,0,8436876,0
1789560509369132648,48302092,200,0,8436876,0
1789560510640468044,48301208,472,0,8436876,0
1789560511892923972,48304528,36,0,8436876,0
1789560513161289391,48297928,140,0,8436876,0
1789560514427294500,48304948,196,0,8436876,0
1789560515693430486,48301968,456,0,8436876,0
1789560516947882144,48299492,36,0,8436876,0
1789560518185969624,48300252,132,0,8436876,0
1789560519436292518,48292984,196,0,8436876,0
1789560520687895049,48298644,268,0,8436876,0
1789560521947600478,48296624,36,0,8436876,0
1789560523218122527,48291896,124,0,8436876,0
1789560524464273386,48290480,204,0,8436876,0
1789560525724571705,48294520,268,0,8436876,0
1789560526995308652,48299148,20,0,8436876,0
1789560528267403567,48304524,120,0,8436876,0
1789560529542406798,48295144,184,0,8436876,0
1789560530809331406,48298900,460,0,8436876,0
1789560532065988341,48300788,12,0,8436876,0
1789560533338797513,48301696,124,0,8436876,0
1789560534603300752,48307956,180,0,8436876,0
1789560535869269224,48305512,448,0,8436876,0
1789560537144810123,48303000,0,232,8436876,0
1789560538412581792,48297920,108,0,8436876,0
1789560539678066977,48299500,180,0,8436876,0
1789560540947912670,48301588,432,0,8436876,0
1789560542205050319,48298692,12,0,8436876,0
1789560543476181795,48297924,120,0,8436876,0
1789560544734016247,48287344,188,0,8436876,0
1789560545992010478,48295160,476,0,8436876,0
1789560547244748162,48297552,0,0,8436876,0
1789560548495821013,48292316,120,0,8436876,0
1789560549740807625,48291548,188,0,8436876,0
1789560551009532506,48292288,460,0,8436876,0
1789560552278046704,48290612,520,0,8436876,0
1789560553546841616,48296116,112,0,8436876,0
1789560554812250675,48292576,156,0,8436876,0
1789560556071625900,48286588,436,0,8436876,0
1789560557341502995,48285248,504,0,8436876,0
1789560558610121470,48287896,84,0,8436876,0
1789560559877989728,48295712,168,0,8436876,0
1789560561133512755,48290300,440,0,8436876,0
1789560562387931276,48291932,500,0,8436876,0
1789560563661572279,48292748,76,0,8436876,0
1789560564931291434,48294568,156,0,8436876,0
1789560566201738944,48289508,420,0,8436876,0
1789560567477632356,48291808,488,0,8436876,0
1789560568744838604,48296632,88,0,8436876,0
1789560570014357635,48295248,160,0,8436876,0
1789560571281898894,48292600,420,0,8436876,0
1789560572542096314,48288276,496,0,8436876,0
1789560573789989031,48290644,80,0,8436876,0
1789560575041664658,48292208,156,0,8436876,0
1789560576292858117,48288672,416,0,8436876,0
1789560577541258416,48293220,468,0,8436876,0
1789560578796866017,48303104,72,0,8436876,0
1789560580058272224,48301596,148,0,8436876,0
1789560581322136402,48302972,408,0,8436876,0
1789560582598815009,48305532,476,0,8436876,0
1789560583859558033,48302396,60,0,8436876,0
1789560585125974122,48306132,148,0,8436876,0
1789560586404778538,48301592,412,0,8436876,0
1789560587677188143,48296156,476,0,8436876,0
1789560588949095917,48302420,64,0,8436876,0
1789560590221190595,48299700,384,0,8436876,0
1789560591496369557,48298716,464,0,8436876,0
1789560592749631557,48298248,516,0,8436876,0
1789560594017186166,48295256,68,0,8436876,0
1789560595289870964,48294480,348,0,8436876,0
1789560596554532228,48288720,424,0,8436876,0
1789560597821427079,48286408,492,0,8436876,0
1789560599090153548,48291732,48,0,8436876,0
1789560600346003596,48291160,352,0,8436876,0
1789560601601632267,48286988,428,0,8436876,0
1789560602837820276,48287528,488,0,8436876,0
1789560604086205684,48288104,36,0,8436876,0
1789560605343762992,48280860,132,0,8436876,0
1789560606601794189,48285656,392,0,8436876,0
1789560607869332302,48285052,480,0,8436876,0
1789560609137859822,48292112,40,0,8436876,0
1789560610401381314,48292152,132,0,8436876,0
1789560611660330435,48296144,396,0,8436876,0
1789560612925181857,48293440,476,0,8436876,0
1789560614194177451,48289512,24,0,8436876,0
1789560615468546809,48298388,144,0,8436876,0
1789560616742979617,48304520,404,0,8436876,0
1789560618012165241,48299700,476,0,8436876,0
1789560619281776242,48294388,12,192,8436876,0
1789560620552813486,48295592,364,0,8436876,0
1789560621826713695,48300616,420,0,8436876,0
1789560623097498600,48298184,484,0,8436876,0
1789560624366661640,48296944,172,0,8436876,0
1789560625639254438,48302740,312,0,8436876,0
1789560626905476775,48302540,388,0,8436876,0
1789560628166051233,48302304,456,0,8436876,0
1789560629419088945,48297960,0,0,8436876,0
1789560630669291928,48290020,336,0,8436876,0
1789560631923756050,48288172,400,0,8436876,0
1789560633177244349,48285480,464,0,8436876,0
1789560634403489014,48284480,16,0,8436876,0
1789560635666955751,48295852,336,0,8436876,0
1789560636937247549,48295824,404,0,8436876,0
1789560638208697560,48293616,464,0,8436876,0
1789560639471143745,48299120,0,0,8436876,0
1789560640732815880,48293568,356,0,8436876,0
1789560642006485202,48299860,428,0,8436876,0
1789560643282662759,48302416,480,0,8436876,0
1789560644537966737,48303360,0,88,8436876,0
1789560645800928664,48308172,296,0,8436876,0
1789560647066000079,48295876,368,0,8436876,0
1789560648333109071,48298660,424,0,8436876,0
1789560649585656416,48295696,0,264,8436876,0
1789560650843523222,48289452,316,0,8436876,0
1789560652116009090,48290920,376,0,8436876,0
1789560653390092230,48285176,428,0,8436876,0
1789560654664595176,48296832,496,0,8436876,0
1789560655925873284,48298044,292,0,8436876,0
1789560657192986409,48297512,360,0,8436876,0
1789560658426617650,48294940,428,0,8436876,0
1789560659674058955,48292412,512,0,8436876,0
1789560660922096699,48297652,316,0,8436876,0
1789560662175344369,48295892,380,0,8436876,0
1789560663437606747,48297300,448,0,8436876,0
1789560664708214989,48302864,516,0,8436876,0
1789560665981939014,48304168,304,0,8436876,0
1789560667258114056,48313240,372,0,8436876,0
1789560668528628284,48300708,436,0,8436876,0
1789560669790396137,48298704,500,0,8436876,0
1789560671048109145,48302984,252,0,8436876,0
1789560672316393498,48297732,324,0,8436876,0
1789560673591075945,48305592,388,0,8436876,0
1789560674863537030,48307452,452,0,8436876,0
1789560676130125236,48308216,268,0,8436876,0
1789560677399095951,48307488,344,0,8436876,0
1789560678669729562,48302676,408,0,8436876,0
1789560679943840912,48306420,476,0,8436876,0
1789560681206937798,48300704,272,0,8436876,0
1789560682472479072,48299940,352,0,8436876,0
1789560683742535373,48298168,420,0,8436876,0
1789560685006001761,48289916,480,0,8436876,0
1789560686272931898,48288876,44,0,8436876,0
1789560687525465707,48291928,128,0,8436876,0
1789560688770412951,48283932,204,0,8436876,0
1789560690021653352,48282896,268,0,8436876,0
1789560691258131098,48279124,44,0,8436876,0
1789560692513778470,48288712,140,0,8436876,0
1789560693778595456,48292584,212,0,8436876,0
1789560695044267295,48295916,272,0,8436876,0
1789560696317088271,48302492,40,0,8436876,0
1789560697582360776,48292724,140,0,8436876,0
1789560698849142185,48293536,200,0,8436876,0
1789560700118219022,48295024,268,0,8436876,0
1789560701382738521,48294032,52,0,8436876,0
1789560702657233899,48300516,136,0,8436876,0
1789560703923078568,48302112,208,0,8436876,0
1789560705190371506,48295432,268,0,8436876,0
1789560706469684536,48304508,20,260,8436876,0
1789560707739414029,48303844,132,0,8436876,0
1789560709011422017,48294260,204,0,8436876,0
1789560710284063663,48294896,268,0,8436876,0
1789560711544222347,48295164,24,0,8436876,0
1789560712811344103,48295516,124,0,8436876,0
1789560714081815415,48298216,196,0,8436876,0
1789560715335897263,48293364,260,0,8436876,0
1789560716604166398,48283256,8,0,8436876,0
1789560717853844984,48278560,128,0,8436876,0
1789560719101702604,48281116,528,0,8436876,0
1789560720349489413,48289204,592,0,8436876,0
1789560721623244919,48290272,12,0,8436876,0
1789560722891766112,48305356,248,0,8436876,0
1789560724161702195,48299108,524,0,8436876,0
1789560725429816537,48298652,584,0,8436876,0
1789560726700072091,48298160,0,0,8436876,0
1789560727966417166,48295652,124,0,8436876,0
1789560729222273931,48300244,352,0,8436876,0
1789560730494260768,48297040,424,0,8436876,0
1789560731764910571,48302360,380,0,8436876,0
1789560733036069441,48299620,128,0,8436876,0
1789560734309069259,48305772,396,0,8436876,0
1789560735571861102,48300048,460,0,8436876,0
1789560736840034464,48295612,16,0,8436876,0
1789560738108063906,48296736,128,0,8436876,0
1789560739363133358,48294960,376,0,8436876,0
1789560740636145284,48293680,428,0,8436876,0
1789560741907394638,48292020,396,0,8436876,0
1789560743176158977,48285500,120,0,8436876,0
1789560744425844945,48291156,408,0,8436876,0
1789560745682750601,48292012,452,0,8436876,0
1789560746934923278,48290304,0,0,8436876,0
1789560748184368620,48290304,120,0,8436876,0
1789560749440679858,48297412,356,0,8436876,0
1789560750710040218,48301192,424,0,8436876,0
1789560751989377013,48298088,0,0,8436876,0
1789560753257751817,48297124,100,0,8436876,0
1789560754523189421,48292584,380,0,8436876,0
1789560755794236262,48298508,428,0,8436876,0
1789560757064370718,48300192,508,0,8436876,0
1789560758315677560,48296708,100,0,8436876,0
1789560759557957957,48299312,360,0,8436876,0
1789560760824144483,48297572,436,0,8436876,0
1789560762099698634,48298628,500,0,8436876,0
1789560763368636221,48303256,84,0,8436876,0
1789560764639998051,48301276,368,0,8436876,0
1789560765902682194,48310212,436,0,8436876,0
1789560767180861598,48310180,496,0,8436876,0
1789560768448935396,48302576,68,0,8436876,0
1789560769711423376,48299152,340,0,8436876,0
1789560770978518866,48296396,408,0,8436876,0
1789560772244480706,48295468,476,0,8436876,0
1789560773495946739,48296168,72,0,8436876,0
1789560774747148433,48290392,356,0,8436876,0
1789560776000687562,48295264,424,0,8436876,0
1789560777251071428,48295560,492,0,8436876,0
1789560778503301631,48302208,68,0,8436876,0
1789560779756973135,48299200,380,0,8436876,0
1789560781036967124,48305004,444,0,8436876,0
1789560782309514200,48307428,508,0,8436876,0
1789560783577258314,48314552,68,0,8436876,0
1789560784844961568,48306480,336,0,8436876,0
1789560786102374787,48309844,404,0,8436876,0
1789560787369236095,48312452,460,0,8436876,0
1789560788642505558,48307668,40,0,8436876,0
1789560789898992769,48308220,344,0,8436876,0
1789560791166253688,48315616,400,0,8436876,0
1789560792430912909,48313668,476,0,8436876,0
1789560793695851887,48301320,56,0,8436876,0
1789560794964170994,48307972,344,0,8436876,0
1789560796231956272,48304716,396,0,8436876,0
1789560797505295359,48300732,472,0,8436876,0
1789560798776245128,48306020,20,0,8436876,0
1789560800046131747,48306284,328,0,8436876,0
1789560801297175307,48304720,400,0,8436876,0
1789560802553256208,48305296,456,0,8436876,0
1789560803796529619,48308108,460,0,8436876,0
1789560805043317823,48301620,376,8,8436876,0
1789560806291667621,48299760,428,0,8436876,0
1789560807549721258,48305468,500,0,8436876,0
1789560808818383837,48310804,44,0,8436876,0
1789560810083349461,48316888,336,0,8436876,0
1789560811354659427,48307036,396,0,8436876,0
1789560812627428074,48304160,460,0,8436876,0
1789560813898579223,48303684,52,0,8436876,0
1789560815168773543,48306536,328,0,8436876,0
1789560816439335483,48298848,380,0,8436876,0
1789560817702142690,48298260,448,0,8436876,0
1789560818968924223,48300192,48,0,8436876,0
1789560820237474967,48295992,292,0,8436876,0
1789560821517240409,48299264,360,0,8436876,0
1789560822787048672,48298824,432,0,8436876,0
1789560824064283495,48291564,24,0,8436876,0
1789560825332758242,48301524,328,0,8436876,0
1789560826609074016,48306812,400,0,8436876,0
1789560827881871250,48304116,456,0,8436876,0
1789560829143337663,48298004,212,0,8436876,0
1789560830400155387,48292444,316,0,8436876,0
1789560831651230225,48290488,392,0,8436876,0
1789560832890515062,48289720,460,0,8436876,0
1789560834136161917,48298552,248,0,8436876,0
1789560835388911956,48299948,344,0,8436876,0
1789560836657248598,48301692,404,0,8436876,0
1789560837916276439,48296748,472,0,8436876,0
1789560839170617914,48295932,228,0,8436876,0
1789560840442578521,48297308,288,0,8436876,0
1789560841714660979,48309208,368,0,8436876,0
1789560842981903189,48298408,420,0,8436876,0
1789560844238310953,48298400,8,0,8436876,0
1789560845513725155,48305240,120,0,8436876,0
1789560846782617983,48302024,188,0,8436876,0
1789560848046156565,48307996,252,0,8436876,0
1789560849309245176,48309924,16,0,8436876,0
1789560850578074861,48301792,116,0,8436876,0
1789560851836956422,48302904,180,0,8436876,0
1789560853095979418,48301692,240,0,8436876,0
1789560854365520984,48288508,516,0,8436876,0
1789560855633311933,48295264,100,0,8436876,0
1789560856896719123,48295140,176,0,8436876,0
1789560858154789649,48298080,240,0,8436876,0
1789560859398604668,48298312,480,0,8436876,0
1789560860647803336,48292080,96,0,8436876,0
1789560861893816826,48292208,172,0,8436876,0
1789560863146218837,48301340,232,0,8436876,0
1789560864418317867,48304912,512,0,8436876,0
1789560865684816871,48301640,64,0,8436876,0
1789560866951233026,48304920,156,0,8436876,0
1789560868221308258,48304768,212,0,8436876,0
1789560869489130723,48295248,492,0,8436876,0
1789560870754770957,48300388,52,0,8436876,0
1789560872022043601,48296452,144,0,8436876,0
1789560873294307891,48313128,212,0,8436876,0
1789560874561712601,48308120,508,0,8436876,0
1789560875831161120,48305924,68,0,8436876,0
1789560877098999942,48308116,144,0,8436876,0
1789560878364094029,48305656,212,0,8436876,0
1789560879629625020,48301388,460,0,8436876,0
1789560880896660753,48302672,80,0,8436876,0
1789560882173176214,48299916,132,0,8436876,0
1789560883451278452,48298416,200,0,8436876,0
1789560884715722153,48308116,452,0,8436876,0
1789560885979690949,48297828,76,0,8436876,0
1789560887229010857,48288332,148,0,8436876,0
1789560888480079203,48294704,204,0,8436876,0
1789560889730042333,48299532,488,0,8436876,0
1789560890983394244,48301968,64,0,8436876,0
1789560892232079200,48305508,144,0,8436876,0
1789560893508454793,48304368,208,0,8436876,0
1789560894779394662,48303736,476,0,8436876,0
1789560896025685199,48293856,48,0,8436876,0
1789560897289566369,48300372,136,0,8436876,0
1789560898542952817,48306988,196,0,8436876,0
1789560899806475653,48306436,492,0,8436876,0
1789560901075443512,48303948,40,0,8436876,0
1789560902347344979,48298764,324,0,8436876,0
1789560903616675773,48305292,388,0,8436876,0
1789560904875678163,48303576,696,0,8436876,0
1789560906144478761,48299040,48,0,8436876,0
1789560907412830163,48297240,128,0,8436876,0
1789560908674666912,48299200,204,0,8436876,0
1789560909946489985,48302156,476,0,8436876,0
1789560911199317012,48295536,40,0,8436876,0
1789560912468007940,48289572,136,0,8436876,0
1789560913727080450,48291968,204,0,8436876,0
1789560914975899363,48293068,476,0,8436876,0
1789560916225089304,48293320,24,0,8436876,0
1789560917473934865,48295256,136,0,8436876,0
1789560918727758896,48294112,188,0,8436876,0
1789560919977853350,48291732,512,0,8436876,0
1789560921245104468,48293540,20,0,8436876,0
1789560922504077576,48300652,120,0,8436876,0
1789560923774257405,48298768,184,0,8436876,0
1789560925043442930,48299472,436,0,8436876,0
1789560926305725464,48304040,508,0,8436876,0
1789560927582571378,48294040,132,0,8436876,0
1789560928855248280,48291256,184,0,8436876,0
1789560930122890329,48290840,452,0,8436876,0
1789560931384429870,48294136,24,4,8436876,0
1789560932655144789,48291184,108,0,8436876,0
1789560933925556025,48283652,184,0,8436876,0
1789560935197171176,48286204,432,0,8436876,0
1789560936464823392,48293556,496,0,8436876,0
1789560937731866000,48287620,120,0,8436876,0
1789560939000023785,48286772,192,0,8436876,0
1789560940264391713,48285400,456,0,8436876,0
1789560941543650837,48295104,0,0,8436876,0
1789560942791702690,48294120,112,0,8436876,0
1789560944042456714,48287788,316,0,8436876,0
1789560945283394866,48285040,624,0,8436876,0
1789560946537122371,48289592,696,0,8436876,0
1789560947782147443,48294732,108,0,8436876,0
1789560949044637549,48298252,172,0,8436876,0
1789560950302774990,48291056,476,0,8436876,0
1789560951566660646,48294304,540,0,8436876,0
1789560952834702733,48293976,100,0,8436876,0
1789560954103333020,48290648,164,0,8436876,0
1789560955366725054,48295132,404,0,8436876,0
1789560956643695693,48286148,472,0,8436876,0
1789560957920042639,48294864,76,0,8436876,0
1789560959176169976,48297884,148,0,8436876,0
1789560960443437336,48295688,420,0,8436876,0
1789560961719393430,48301996,480,0,8436876,0
1789560962990009553,48295276,76,0,8436876,0
1789560964257417227,48301888,152,0,8436876,0
1789560965540085726,48294864,384,0,8436876,0
1789560966812118143,48298944,448,0,8436876,0
1789560968084051871,48302956,84,0,8436876,0
1789560969343131279,48293016,152,0,8436876,0
1789560970614275691,48293236,392,0,8436876,0
1789560971844729399,48293056,460,0,8436876,0
1789560973091612129,48284276,76,0,8436876,0
1789560974340697146,48283508,152,0,8436876,0
1789560975595447384,48289072,468,0,8436876,0
1789560976846558846,48285764,528,0,8436876,0
1789560978109942226,48292396,72,0,8436876,0
1789560979376445688,48292428,332,0,8436876,0
1789560980649618496,48291660,392,0,8436876,0
1789560981919159228,48295584,460,0,8436876,0
1789560983179937813,48301956,60,0,8436876,0
1789560984449687123,48295728,144,0,8436876,0
1789560985718695073,48298032,380,0,8436876,0
1789560986991156762,48298044,444,0,8436876,0
1789560988263677806,48305980,48,0,8436876,0
1789560989528373341,48299400,136,0,8436876,0
1789560990807914147,48298284,396,0,8436876,0
1789560992083567066,48298652,456,0,8436876,0
1789560993359264706,48300736,48,0,8436876,0
1789560994616423630,48294576,320,0,8436876,0
1789560995888686316,48300104,392,0,8436876,0
1789560997160171486,48300132,456,0,8436876,0
1789560998431955486,48300924,44,0,8436876,0
1789560999693557058,48295600,316,0,8436876,0
1789561000948654457,48293888,404,0,8436876,0
1789561002195105451,48288360,468,0,8436876,0
1789561003445108599,48289636,20,0,8436876,0
1789561004695806563,48283388,348,0,8436876,0
1789561005944160221,48288500,416,0,8436876,0
1789561007202747583,48291192,476,0,8436876,0
1789561008478900733,48292956,32,0,8436876,0
1789561009741512138,48298244,316,0,8436876,0
1789561011006589136,48292812,388,0,8436876,0
1789561012272562639,48295324,452,0,8436876,0
1789561013546947573,48303192,536,0,8436876,0
1789561014823107783,48302532,336,0,8436876,0
1789561016097415443,48301252,400,0,8436876,0
1789561017366000347,48287684,564,0,8436876,0
1789561018634624244,48288912,396,0,8436876,0
1789561019908888903,48292768,332,0,8436876,0
1789561021186821653,48299428,396,0,8436876,0
1789561022468146658,48299448,692,0,8436876,0
1789561023739892784,48300756,236,0,8436876,0
1789561025011512092,48299844,140,0,8436876,0
1789561026281048377,48302648,200,0,8436876,0
1789561027549955909,48303088,504,0,8436876,0
1789561028814285498,48301024,28,0,8436876,0
1789561030070091241,48300820,144,0,8436876,0
1789561031322558429,48303092,204,0,8436876,0
1789561032574225747,48297788,484,0,8436876,0
1789561033826100672,48299276,16,0,8436876,0
1789561035073201324,48299116,116,0,8436876,0
1789561036324105727,48303340,180,0,8436876,0
1789561037589232667,48303640,488,0,8436876,0
1789561038852387724,48296944,12,0,8436876,0
1789561040110476790,48302748,128,0,8436876,0
1789561041376205913,48305056,192,0,8436876,0
1789561042639043255,48305308,444,0,8436876,0
1789561043911441673,48312080,28,232,8436876,0
1789561045170389058,48301008,124,0,8436876,0
1789561046443316857,48299184,188,0,8436876,0
1789561047712594506,48304940,408,0,8436876,0
1789561048980967338,48304056,476,0,8436876,0
1789561050237656800,48304076,108,0,8436876,0
1789561051512712395,48303664,172,0,8436876,0
1789561052780750835,48304640,448,0,8436876,0
1789561054044913616,48299876,512,0,8436876,0
1789561055315056683,48297004,108,0,8436876,0
1789561056571655574,48296776,184,0,8436876,0
1789561057837734197,48296060,424,0,8436876,0
1789561059108105693,48294944,492,0,8436876,0
1789561060378825955,48289144,96,0,8436876,0
1789561061630544622,48292248,164,0,8436876,0
1789561062889331649,48296056,436,0,8436876,0
1789561064124448865,48291484,620,0,8436876,0
1789561065371173824,48299096,76,0,8436876,0
1789561066638677341,48298048,268,0,8436876,0
1789561067903862924,48300080,532,0,8436876,0
1789561069171772809,48302680,600,0,8436876,0
1789561070448185194,48298564,88,0,8436876,0
1789561071722689696,48292608,500,0,8436876,0
1789561072995419157,48295416,584,0,8436876,0
1789561074272926443,48305056,656,0,8436876,0
1789561075545781998,48302800,84,0,8436876,0
1789561076813219022,48294736,144,0,8436876,0
1789561078083999215,48294928,436,0,8436876,0
1789561079350988912,48292128,492,0,8436876,0
1789561080624372184,48294240,268,0,8436876,0
1789561081894543780,48298736,584,0,8436876,0
1789561083160075025,48297264,664,0,8436876,0
1789561084434736544,48304540,740,0,8436876,0
1789561085701931927,48295464,64,0,8436876,0
1789561086966903509,48297192,368,0,8436876,0
1789561088231967689,48296476,428,0,8436876,0
1789561089474163756,48299268,492,0,8436876,0
1789561090726195408,48288160,60,0,8436876,0
1789561091978988962,48287440,544,0,8436876,0
1789561093236791585,48291552,648,0,8436876,0
1789561094495288674,48300496,716,0,8436876,0
1789561095749673111,48304356,60,0,8436876,0
1789561097023451156,48300864,368,0,8436876,0
1789561098290263287,48294156,428,0,8436876,0
1789561099559905534,48296892,500,0,8436876,0
1789561100825692943,48298152,152,0,8436876,0
1789561102087211612,48311020,336,0,8436876,0
1789561103352707341,48303664,524,0,8436876,0
1789561104620343725,48293584,592,0,8436876,0
1789561105886797134,48290992,44,0,8436876,0
1789561107152591840,48293468,472,0,8436876,0
1789561108422709191,48294452,544,0,8436876,0
1789561109695158098,48296288,604,0,8436876,0
1789561110966651058,48295884,44,0,8436876,0
1789561112229438792,48298204,328,0,8436876,0
1789561113500681815,48296252,396,0,8436876,0
1789561114774864181,48285504,588,0,8436876,0
1789561116045942195,48295152,160,0,8436876,0
1789561117306642042,48294884,464,0,8436876,0
1789561118553461197,48297964,560,0,8436876,0
1789561119796488197,48294880,616,0,8436876,0
1789561121044111070,48299980,44,0,8436876,0
1789561122299314271,48300000,348,0,8436876,0
1789561123568910908,48294376,420,0,8436876,0
1789561124841444737,48299916,608,0,8436876,0
1789561126112299804,48290964,24,0,8436876,0
1789561127368870193,48292348,492,0,8436876,0
1789561128635169131,48295660,564,0,8436876,0
1789561129911700363,48300004,632,0,8436876,0
1789561131170022250,48292836,24,0,8436876,0
1789561132445032254,48301464,356,0,8436876,0
1789561133711752718,48297300,424,0,8436876,0
1789561134989407270,48294724,476,0,8436876,0
1789561136258758404,48293520,24,0,8436876,0
1789561137531917935,48297344,468,0,8436876,0
1789561138794140728,48304080,520,0,8436876,0
1789561140055816218,48303504,620,0,8436876,0
1789561141332392268,48304744,16,188,8436876,0
1789561142600337314,48300252,336,0,8436876,0
1789561143859029537,48294048,408,0,8436876,0
1789561145124788283,48294076,472,0,8436876,0
1789561146376189421,48297340,12,240,8436876,0
1789561147625193041,48295156,456,0,8436876,0
1789561148877626968,48286712,524,0,8436876,0
1789561150120718675,48282188,628,0,8436876,0
1789561151363333721,48289132,608,20,8436876,0
1789561152635645427,48295196,360,0,8436876,0
1789561153910074492,48298268,440,0,8436876,0
1789561155178406433,48295204,504,0,8436876,0
1789561156442199299,48294268,564,0,8436876,0
1789561157716442532,48299600,424,0,8436876,0
1789561158989662356,48300124,560,0,8436876,0
1789561160268909293,48297888,660,0,8436876,0
1789561161531245666,48305172,720,0,8436876,0
1789561162800887468,48291584,312,0,8436876,0
1789561164069603852,48299536,484,0,8436876,0
1789561165336706369,48292496,556,0,8436876,0
1789561166604482965,48291112,620,0,8436876,0
1789561167869447583,48290352,308,0,8436876,0
1789561169144553705,48289664,372,0,8436876,0
1789561170414915800,48297116,576,0,8436876,0
1789561171688044637,48300684,648,0,8436876,0
1789561172952802309,48292664,444,0,8436876,0
1789561174206532313,48290420,516,0,8436876,0
1789561175456460056,48291860,576,0,8436876,0
1789561176703489875,48287132,644,0,8436876,0
1789561177965611829,48285432,84,0,8436876,0
1789561179200773370,48289800,144,0,8436876,0
1789561180464270747,48297952,336,0,8436876,0
1789561181736885104,48299332,408,0,8436876,0
1789561182998897454,48290168,188,0,8436876,0
1789561184268862177,48289652,284,0,8436876,0
1789561185515881015,48289536,348,0,8436876,0
1789561186788120666,48301508,400,0,8436876,0
1789561188060640047,48294012,68,0,8436876,0
1789561189333812277,48298584,144,0,8436876,0
1789561190606316025,48301720,204,0,8436876,0
1789561191871911688,48302284,400,0,8436876,0
1789561193144544921,48294216,60,0,8436876,0
1789561194416800695,48292296,272,0,8436876,0
1789561195681132640,48297144,332,0,8436876,0
1789561196944764352,48296920,416,0,8436876,0
1789561198200693159,48293476,56,0,8436876,0
1789561199463807583,48300012,144,0,8436876,0
1789561200727982039,48299216,208,0,8436876,0
1789561201999258928,48293092,472,0,8436876,0
1789561203248504868,48285828,48,0,8436876,0
1789561204493932484,48282336,264,0,8436876,0
1789561205740909338,48286164,356,0,8436876,0
1789561206992129710,48284920,640,0,8436876,0
1789561208234258327,48294496,44,0,8436876,0
1789561209483310521,48302752,140,0,8436876,0
1789561210754337414,48292712,196,0,8436876,0
1789561212029848896,48297612,484,0,8436876,0
1789561213299034630,48292296,32,0,8436876,0
1789561214562602768,48295396,252,0,8436876,0
1789561215827663084,48296216,376,0,8436876,0
1789561217095245750,48290368,696,0,8436876,0
1789561218350197813,48293108,348,68,8436876,0
1789561219617906656,48280764,256,0,8436876,0
1789561220889205404,48283380,324,0,8436876,0
1789561222153952822,48284272,596,0,8436876,0
1789561223424525775,48284204,80,0,8436876,0
1789561224686854566,48288972,124,0,8436876,0
1789561225955236232,48278228,200,0,8436876,0
1789561227226477693,48281876,672,0,8436876,0
1789561228489952882,48287444,56,0,8436876,0
1789561229765205258,48295040,248,0,8436876,0
1789561231016426036,48293552,312,0,8436876,0
1789561232269378032,48283656,644,0,8436876,0
1789561233529189990,48283388,380,0,8436876,0
1789561234781489115,48289348,140,0,8436876,0
1789561236036939214,48291900,196,0,8436876,0
1789561237301508353,48279932,656,0,8436876,0
1789561238571267484,48292356,12,0,8436876,0
1789561239847671364,48288080,244,0,8436876,0
1789561241117757120,48296128,316,0,8436876,0
1789561242380289869,48296140,632,0,8436876,0
1789561243639145394,48295920,128,0,8436876,0
1789561244898171297,48297312,120,0,8436876,0
1789561246166789686,48294568,172,0,8436876,0
1789561247436179297,48290824,480,0,8436876,0
1789561248682702068,48289564,112,64,8436876,0
1789561249939860212,48293064,112,0,8436876,0
1789561251206747725,48284804,300,0,8436876,0
1789561252480033318,48290344,628,0,8436876,0
1789561253743047408,48294512,688,0,8436876,0
1789561255021366373,48290228,108,0,8436876,0
1789561256285937702,48290776,160,0,8436876,0
1789561257549746272,48285836,436,0,8436876,0
1789561258813139806,48279140,512,0,8436876,0
1789561260057777588,48284952,272,0,8436876,0
1789561261306003736,48283468,344,0,8436876,0
1789561262550189494,48284804,656,0,8436876,0
1789561263801072090,48278556,724,0,8436876,0
1789561265055289367,48278300,80,0,8436876,0
1789561266332968020,48282404,152,0,8436876,0
1789561267603030756,48282588,440,0,8436876,0
1789561268874358777,48290488,508,0,8436876,0
1789561270138349075,48287288,76,0,8436876,0
1789561271403878091,48291364,268,0,8436876,0
1789561272672192229,48283924,612,0,8436876,0
1789561273938140230,48280900,692,0,8436876,0
1789561275201912907,48292296,196,0,8436876,0
1789561276464661071,48293932,264,0,8436876,0
1789561277736863673,48289752,552,0,8436876,0
1789561278998646476,48293096,612,0,8436876,0
1789561280275219378,48288640,64,0,8436876,0
1789561281545801916,48286860,140,0,8436876,0
1789561282806407323,48293588,588,0,8436876,0
1789561284078309964,48291872,652,0,8436876,0
1789561285348955376,48299696,200,0,8436876,0
1789561286611591879,48287984,276,0,8436876,0
1789561287880113289,48286084,600,0,8436876,0
1789561289125917167,48283836,656,0,8436876,0
1789561290378063002,48285364,52,0,8436876,0
1789561291627514189,48287184,136,0,8436876,0
1789561292887061734,48283800,404,0,8436876,0
1789561294151394245,48289052,648,0,8436876,0
1789561295422372979,48287020,60,0,8436876,0
1789561296692527828,48290832,268,0,8436876,0
1789561297946718105,48296468,580,0,8436876,0
1789561299211905291,48291724,648,0,8436876,0
1789561300486084670,48296812,52,0,8436876,0
1789561301757868684,48290904,144,0,8436876,0
1789561303016661507,48298016,376,0,8436876,0
1789561304277998480,48295536,428,0,8436876,0
1789561305535822278,48296108,184,0,8436876,0
1789561306799207644,48288904,316,0,8436876,0
1789561308066176969,48291716,596,0,8436876,0
1789561309337317834,48290988,660,0,8436876,0
1789561310612750748,48299240,36,0,8436876,0
1789561311884291530,48301608,140,0,8436876,0
1789561313159649929,48301088,396,0,8436876,0
1789561314426430703,48293800,468,0,8436876,0
1789561315697133121,48294112,156,56,8436876,0
1789561316950168165,48288356,552,0,8436876,0
1789561318196107629,48285724,612,0,8436876,0
1789561319447485418,48283448,676,0,8436876,0
1789561320690345424,48290668,284,0,8436876,0
1789561321940779268,48299548,364,0,8436876,0
1789561323204010475,48296040,428,0,8436876,0
1789561324466355195,48287788,480,0,8436876,0
1789561325743704808,48286160,24,0,8436876,0
1789561327019481177,48292060,348,0,8436876,0
1789561328276356474,48292724,616,0,8436876,0
1789561329534343913,48285344,680,0,8436876,0
1789561330804850170,48277400,236,0,8436876,0
1789561332080213528,48286820,128,0,8436876,0
1789561333347394606,48284164,456,0,8436876,0
1789561334608041093,48287368,632,0,8436876,0
1789561335873988996,48297480,32,0,8436876,0
1789561337147088954,48290428,132,0,8436876,0
1789561338407422108,48290912,416,0,8436876,0
1789561339675054616,48285944,668,0,8436876,0
1789561340923381974,48283488,260,0,8436876,0
1789561342186708953,48291672,252,0,8436876,0
1789561343454793211,48286944,528,0,8436876,0
1789561344706615899,48288800,616,0,8436876,0
1789561345941209441,48288176,40,4,8436876,0
1789561347195314704,48290960,108,0,8436876,0
1789561348445025617,48292556,412,0,8436876,0
1789561349704268678,48293096,464,0,8436876,0
1789561350971825565,48296964,672,0,8436876,0
1789561352246502609,48294416,92,0,8436876,0
1789561353522253915,48289172,380,0,8436876,0
1789561354787223969,48296344,580,0,8436876,0
1789561356052408349,48298508,644,0,8436876,0
1789561357316135814,48293252,216,0,8436876,0
1789561358590966678,48296020,512,0,8436876,0
1789561359858588793,48290984,568,0,8436876,0
1789561361122707573,48294524,636,0,8436876,0
1789561362399943734,48290128,220,0,8436876,0
1789561363660369936,48293972,560,0,8436876,0
1789561364933628009,48299224,652,0,8436876,0
1789561366206856945,48295596,720,0,8436876,0
1789561367482150206,48300280,204,0,8436876,0
1789561368755430167,48300080,504,0,8436876,0
1789561370026586991,48303148,560,0,8436876,0
1789561371298216091,48305112,624,0,8436876,0
1789561372563304578,48298816,68,0,8436876,0
1789561373826343314,48290972,348,0,8436876,0
1789561375067177432,48287356,544,0,8436876,0
1789561376320494487,48284412,648,0,8436876,0
1789561377569219658,48292972,224,0,8436876,0
1789561378834548220,48296424,588,0,8436876,0
1789561380097578271,48299556,684,0,8436876,0
1789561381372288551,48301280,732,0,8436876,0
1789561382636156224,48302572,36,0,8436876,0
1789561383902156167,48300700,380,0,8436876,0
1789561385170590488,48296700,436,0,8436876,0
1789561386432944738,48287612,680,0,8436876,0
1789561387704722384,48297688,252,0,8436876,0
1789561388976182445,48298616,480,0,8436876,0
1789561390249633472,48293644,556,0,8436876,0
1789561391514708135,48298728,616,0,8436876,0
1789561392778349733,48304532,460,0,8436876,0
1789561394026953544,48293484,380,0,8436876,0
1789561395294702322,48297060,440,0,8436876,0
1789561396561259753,48290192,504,0,8436876,0
1789561397838108408,48294540,604,0,8436876,0
1789561399099452603,48302460,524,0,8436876,0
1789561400368425916,48292176,608,0,8436876,0
1789561401617420650,48288004,696,0,8436876,0
1789561402870831320,48288508,308,0,8436876,0
1789561404122956885,48295080,392,0,8436876,0
1789561405377851231,48298516,464,0,8436876,0
1789561406616443830,48302860,524,0,8436876,0
1789561407879443583,48299388,224,0,8436876,0
1789561409153749859,48306704,520,0,8436876,0
1789561410422726501,48293168,580,0,8436876,0
1789561411694020176,48297684,656,0,8436876,0
1789561412956797945,48300472,248,0,8436876,0
1789561414214944860,48292944,356,0,8436876,0
1789561415483946516,48293988,412,0,8436876,0
1789561416749002020,48298956,480,0,8436876,0
1789561418019496466,48298180,232,0,8436876,0
1789561419287580725,48296288,328,0,8436876,0
1789561420550630602,48298384,404,0,8436876,0
1789561421810947171,48299204,640,0,8436876,0
1789561423081634146,48292436,40,0,8436876,0
1789561424345710780,48292004,132,0,8436876,0
1789561425610623366,48299268,320,0,8436876,0
1789561426874064697,48299864,384,0,8436876,0
1789561428143253567,48298808,28,0,8436876,0
1789561429385070570,48287020,132,0,8436876,0
1789561430636821370,48290788,196,0,8436876,0
1789561431874967767,48280108,392,0,8436876,0
1789561433124408776,48285312,20,0,8436876,0
1789561434376674976,48288312,244,0,8436876,0
1789561435647017111,48293996,312,0,8436876,0
1789561436920454620,48307692,392,0,8436876,0
1789561438194306468,48301404,20,0,8436876,0
1789561439466226768,48310524,128,0,8436876,0
1789561440736132530,48304060,200,0,8436876,0
1789561441996338301,48303696,260,0,8436876,0
1789561443269623397,48293772,0,0,8436876,0
1789561444532691768,48302236,256,0,8436876,0
1789561445805352167,48301964,352,0,8436876,0
1789561447067856329,48309400,436,0,8436876,0
1789561448343159263,48307968,0,104,8436876,0
1789561449614727497,48309064,120,0,8436876,0
1789561450885287823,48315156,188,0,8436876,0
1789561452153587686,48318724,256,0,8436876,0
1789561453421183097,48314260,568,0,8436876,0
1789561454691511075,48313608,288,0,8436876,0
1789561455952994503,48297520,352,0,8436876,0
1789561457217389036,48285512,428,0,8436876,0
1789561458451565603,48293676,768,0,8436876,0
1789561459707101468,48289196,212,0,8436876,0
1789561460960115467,48289180,288,0,8436876,0
1789561462213310803,48294512,348,0,8436876,0
1789561463485158432,48300964,632,0,8436876,0
1789561464733882678,48295860,68,0,8436876,0
1789561466001327691,48295872,324,0,8436876,0
1789561467269926455,48294756,388,0,8436876,0
1789561468529891131,48298108,664,0,8436876,0
1789561469787313155,48293428,88,0,8436876,0
1789561471052629513,48297708,288,0,8436876,0
1789561472326633232,48294828,348,0,8436876,0
1789561473594366576,48294776,644,0,8436876,0
1789561474867583768,48299336,60,0,8436876,0
1789561476142626189,48300360,148,0,8436876,0
1789561477416379613,48296940,376,0,8436876,0
1789561478691108952,48297912,680,0,8436876,0
1789561479954396675,48301828,52,0,8436876,0
1789561481210636405,48302920,152,0,8436876,0
1789561482473470303,48302640,328,0,8436876,0
1789561483745114339,48303380,600,0,8436876,0
1789561485011637680,48298072,88,0,8436876,0
1789561486278738823,48297280,152,0,8436876,0
1789561487544599180,48298556,228,0,8436876,0
1789561488809680239,48300064,480,0,8436876,0
1789561490081740063,48299356,60,0,8436876,0
1789561491342961078,48307688,132,0,8436876,0
1789561492610589444,48304884,212,0,8436876,0
1789561493884358124,48304092,468,0,8436876,0
1789561495146187126,48306608,48,0,8436876,0
1789561496402467181,48305012,128,0,8436876,0
1789561497662670211,48310184,196,0,8436876,0
1789561498919697403,48310724,468,0,8436876,0
1789561500178789255,48307384,56,0,8436876,0
1789561501435883620,56494704,136,0,415548,0
