wall_ns,MemAvailable_kB,Dirty_kB,Writeback_kB,Shmem_kB,Mlocked_kB
1789366216345366732,126393540,504,0,1152,0
1789366216673342810,126386236,520,0,1152,0
1789366217372715474,126342940,552,0,1152,0
1789366217700900144,126332104,568,0,1152,0
1789366218400082886,126280556,596,0,1152,0
1789366218728129582,126270476,112,0,1152,0
1789366219426874188,126257252,408,0,1152,0
1789366219755766477,126257512,440,0,1152,0
1789366220456993604,126256068,472,0,1152,0
1789366220785993953,126256328,480,0,1152,0
1789366221486124606,126233912,500,0,1152,0
1789366221816466751,126228292,508,0,1152,0
1789366222514035703,126218024,568,0,1152,0
1789366222847208401,126218352,580,0,1152,0
1789366223543813570,126115148,124,328,1152,0
1789366223877171282,126039312,280,328,1156,0
1789366224571763395,125581876,256,0,1152,0
1789366224903878199,125450468,284,0,11360,0
1789366225600259404,125337232,484,0,11392,0
1789366225931874775,125891144,500,0,41664,0
1789366226628965734,125637680,520,0,277632,0
1789366226959708695,124973364,528,0,277632,0
1789366227657115733,122200620,540,0,277632,0
1789366227988900308,120906284,584,0,277644,0
1789366228686914244,117958784,0,0,277632,0
1789366229018745089,116729928,452,0,277632,0
1789366229716349213,113751132,500,0,277632,0
1789366230047618569,112615780,652,0,277632,0
1789366230745566853,109622908,676,0,277632,0
1789366231076638676,108259508,676,0,277632,0
1789366231774938782,105359620,692,0,277632,0
1789366232106041838,104009264,796,0,277632,0
1789366232804750147,101307144,820,0,277632,0
1789366233136688145,99955760,828,0,277632,0
1789366233836713403,97122600,344,0,277632,0
1789366234168439364,95727892,280,0,277632,0
1789366234866088334,92950796,344,0,277632,0
1789366235198069119,91553272,384,0,277632,0
1789366235895353037,88644868,408,0,277632,0
1789366236227347884,87240292,416,0,277632,0
1789366236923881764,84583828,440,0,277632,0
1789366237256648533,83167948,464,0,277632,0
1789366237952341583,80528184,572,0,277632,0
1789366238286013472,79008256,588,0,277632,0
1789366238983377803,76305764,0,0,277632,0
1789366239315552922,74954744,20,0,277632,0
1789366240012032195,72126940,408,0,277632,0
1789366240345990006,70752312,428,0,277632,0
1789366241041327487,67901428,456,0,277632,0
1789366241375016039,66536944,460,0,277632,0
1789366242070588875,63649996,488,0,277632,0
1789366242404156530,62290260,504,0,277632,0
1789366243100177739,59499080,604,0,277632,0
1789366243432579297,58718840,608,0,277632,0
1789366244129045730,58706868,320,0,277632,0
1789366244459412087,58398424,348,0,277632,0
1789366245158996269,57093156,556,0,277636,0
1789366245488853702,56450344,560,0,277636,0
1789366246188493893,55083056,636,0,277636,0
1789366246518018476,54435196,644,0,277636,0
1789366247218211391,53037060,708,0,277636,0
1789366247546920979,52397296,720,0,277636,0
1789366248247539413,51004180,744,0,277636,0
1789366248575294931,50352452,752,0,277636,0
1789366249276913618,49095232,68040,0,277636,0
1789366249601526815,49093072,1221892,0,277636,0
1789366250304771267,49093504,3608280,0,277636,0
1789366250616151669,49095336,4662176,0,277636,0
1789366251320154022,49097516,6606168,9064,277636,0
1789366251630186625,49092892,7277848,13272,277636,0
1789366252337403516,51755080,8078812,14576,277636,0
1789366252645939726,57660044,7347696,14252,277636,0
1789366253365262146,58566844,5865620,24576,277636,0
1789366253673742619,58168816,5742744,0,277636,0
1789366254394861144,56798112,5743376,0,277636,0
1789366254702359974,56195400,5743380,0,277636,0
1789366255423887821,54763560,5743440,0,277636,0
1789366255730685201,54152276,5743496,0,277636,0
1789366256453366558,52682716,5743508,0,277636,0
1789366256759395968,52070640,5743524,0,277636,0
1789366257482914325,50544320,5743572,0,277636,0
1789366257788085170,49935060,5743576,0,277636,0
1789366258510497855,49411304,6889000,14888,277636,0
1789366258815746096,49406088,7642644,45932,277636,0
1789366259526206348,49401776,9444584,10920,277636,0
1789366259831235524,49396920,10194072,14396,277636,0
1789366260543458292,49400456,9843996,833536,277636,0
1789366260848486821,49396028,10099360,624640,277636,0
1789366261574352521,49399780,10592828,139648,277636,0
1789366261878765627,49398892,10333976,367304,277636,0
1789366262605588545,49400272,10050644,579584,277636,0
1789366262907695545,49396932,10214376,364544,277636,0
1789366263637129440,49395152,9925548,557056,277636,0
1789366263938721765,49397708,10087736,344576,277636,0
1789366264668554339,49393448,9559128,907264,277636,0
1789366264968737169,49392504,9559492,907264,277636,0
1789366266053963958,58692652,9611084,7808,277636,0
1789366266055103473,58692148,9611084,7808,277636,0
1789366267086054144,58560416,8973160,13776,277636,0
1789366267087366039,58559912,8972152,14784,277636,0
1789366268118171700,58422624,8362588,8064,277636,0
1789366268119391807,58422120,8361580,9072,277636,0
1789366269148902185,58273300,7756516,8560,277636,0
1789366269150744043,58273300,7756516,8560,277636,0
1789366270180078969,58071676,7152404,8192,277636,0
1789366270182303210,58071676,7152404,8192,277636,0
1789366271211427540,57892412,6585536,8272,277636,0
1789366271213452323,57891908,6585536,8272,277636,0
1789366272242435364,57699900,5979132,16668,277636,0
1789366272245163772,57699900,5979132,16668,277636,0
1789366273273359747,57126792,5571580,328,277636,0
1789366273276011024,57121752,5571580,328,277636,0
1789366274302020723,55018580,5571436,0,277636,0
1789366274304306745,55014044,5571436,0,277636,0
1789366275330827881,52943396,5571656,0,277636,0
1789366275332684441,52940372,5571656,0,277636,0
1789366276359624121,50822840,5571684,0,277636,0
1789366276360903385,50819816,5571684,0,277636,0
1789366277400807119,49078760,5571768,0,277632,0
1789366277401701415,49081136,5571768,0,277632,0
1789366278431656346,50768856,5295488,104404,277632,0
1789366278435725342,50830340,5286416,113476,277632,0
1789366279459905695,58686896,4732236,8192,277632,0
1789366279463744077,58686412,4732236,8192,277632,0
1789366280491687348,58495780,4199312,14796,277632,0
1789366280494743438,58494772,4198176,7740,277632,0
1789366281523614750,58318768,3630648,8824,277632,0
1789366281526030833,58318264,3630648,8824,277632,0
1789366282555398073,58147880,3063232,16384,277632,0
1789366282557230788,58147880,3063232,8192,277632,0
1789366283587074336,58010476,2453408,8128,277632,0
1789366283588963814,58010476,2453408,8128,277632,0
1789366284618447382,57840580,1831112,13664,277632,0
1789366284619922551,57840584,1828392,12856,277632,0
1789366285650529776,57664656,1192008,8064,277632,0
1789366285651843154,57664656,1192008,8064,277632,0
1789366286681439087,57647784,1142520,8192,277632,0
1789366286683313678,57647784,1142520,8192,277632,0
1789366287711625189,57577616,945460,8696,277632,0
1789366287714322464,57576104,942940,11216,277632,0
1789366288743125991,57390192,374636,8192,277632,0
1789366288745496079,57390192,370604,12224,277632,0
1789366289774425122,56718668,2112,0,277632,0
1789366289776673657,56714636,2112,0,277632,0
1789366290803437539,54624096,2056,0,277632,0
1789366290805285510,54621072,2056,0,277632,0
1789366291832196462,52659276,2084,0,277632,0
1789366291833718869,52656252,2084,0,277632,0
1789366292860906138,50722176,2164,0,277632,0
1789366292862390121,50720560,2164,0,277632,0
1789366293890088085,49301760,665000,0,277632,0
1789366293891257345,49302264,665000,0,277632,0
1789366294909957288,49430904,3365624,0,277632,0
1789366294910295325,49430904,3365624,0,277632,0
1789366295925710717,49408860,6418956,15164,277632,0
1789366295925710843,49408860,6418956,15164,277632,0
1789366296942065559,49400992,7552508,814660,277632,0
1789366296942848665,49400488,7554020,814660,277632,0
1789366297967186849,58689788,7564048,396868,277632,0
1789366297967706459,58688164,7564048,396868,277632,0
1789366298996244437,58633340,7291284,8192,277632,0
1789366298996992240,58632912,7291284,8192,277632,0
1789366300028339070,58424620,6820652,8192,277632,0
1789366300029386471,58424620,6818636,10208,277632,0
1789366301059801194,58218076,6255620,8420,277632,0
1789366301061151380,58217572,6254612,9428,277632,0
1789366302091536367,57970576,5704948,16152,277632,0
1789366302092949741,57970576,5704948,11112,277632,0
1789366303122818686,56248764,5643220,0,277632,0
1789366303124481311,56245740,5643220,0,277632,0
1789366304152104135,54182708,5643280,0,277632,0
1789366304153175413,54180188,5643280,0,277632,0
1789366305180811435,53104384,5643452,0,277632,0
1789366305181421170,53102736,5643452,0,277632,0
1789366306207398092,52468072,7419336,11360,277632,0
1789366306207863486,52467568,7420344,11360,277632,0
1789366307224538645,52442772,8467428,375192,277632,0
1789366307224523777,52442772,8467428,375192,277632,0
1789366308249838397,55888204,9093040,13172,277632,0
1789366308251029381,55924492,9091528,14684,277632,0
1789366309278210257,57648804,8485984,7940,277632,0
1789366309279341877,57648804,8485988,7940,277632,0
1789366310309885210,57444540,7961888,8432,277632,0
1789366310310908957,57444036,7961888,8432,277632,0
1789366311341655187,57266068,7359268,13876,277632,0
1789366311343238856,57265564,7359268,13876,277632,0
1789366312373412720,57056232,6751216,7592,277632,0
1789366312374954738,57056312,6750616,8192,277632,0
1789366313405392508,56861804,6134360,16256,277632,0
1789366313406352658,56861804,6134232,9328,277632,0
1789366314437123709,56675320,5546944,8524,277632,0
1789366314438247577,56675320,5545936,9532,277632,0
1789366315468480536,55557932,5309232,0,277632,0
1789366315469619537,55555916,5309232,0,277632,0
1789366316497665899,53613624,5309268,0,277632,0
1789366316498320527,53612644,5309268,0,277632,0
1789366317527342860,51621700,5309380,0,277632,0
1789366317527342969,51621700,5309380,0,277632,0
1789366318556797154,49632724,5309412,0,277632,0
1789366318557105709,49631196,5309412,0,277632,0
1789366319583442053,49355412,6080248,41952,277632,0
1789366319584358798,49355900,6081256,36408,277632,0
1789366320600680490,49355240,8092180,24448,277632,0
1789366320600770885,49355232,8092180,24448,277632,0
1789366321627145593,49344304,8338072,454784,277632,0
1789366321627900948,49344792,8338576,454784,277632,0
1789366322654429748,49350436,9201200,24680,277632,0
1789366322654577167,49350436,9201200,24680,277632,0
1789366323670646289,49372924,9174440,393216,277632,0
1789366323671012832,49372924,9174440,393216,277632,0
1789366324698186039,49368164,9698264,6604,277632,0
1789366324699425225,49365800,9700512,7612,277632,0
1789366325714154670,49361676,9535404,168200,277632,0
1789366325715558738,49359164,9536916,168200,277632,0
1789366326744761049,49642284,9585248,31528,277632,0
1789366326745989816,49641780,9583232,33544,277632,0
1789366327772574670,58654384,8904704,9112,277632,0
1789366327773907013,58654384,8901680,12136,277632,0
1789366328803617898,58554924,8246400,7932,277632,0
1789366328805121438,58554924,8245896,8436,277632,0
1789366329835431220,58390272,7609960,15880,277632,0
1789366329836799153,58390272,7609960,8320,277632,0
1789366330867131232,58170344,7006132,5352,277632,0
1789366330868733315,58170344,7003612,7872,277632,0
1789366331899371401,57969052,6413820,9924,277632,0
1789366331900581062,57969052,6413820,9924,277632,0
1789366332930945803,57738096,5805860,15924,277632,0
1789366332932126435,57737592,5805860,15924,277632,0
1789366333961751653,56475940,5606696,0,277632,0
1789366333963025735,56473924,5606696,0,277632,0
1789366334991147572,54452508,5606852,0,277632,0
1789366334991546923,54452508,5606852,0,277632,0
1789366336020207522,52504620,5606904,0,277632,0
1789366336020724995,52504104,5606904,0,277632,0
1789366337050089628,50659908,5606940,0,277632,0
1789366337050090327,50660404,5606940,0,277632,0
1789366338097761157,49040572,5606980,0,277632,0
1789366338097761193,49039564,5606980,0,277632,0
1789366339138825424,51922440,5298440,137244,277632,0
1789366339157195643,52319420,5298440,129180,277632,0
1789366340164904996,58555776,4809400,15248,277632,0
1789366340182861012,58549592,4800204,8060,277632,0
1789366341194143800,58336140,4195036,11200,277632,0
1789366341210903239,58336140,4181884,7968,277632,0
1789366342227038466,58172924,3581120,12932,277632,0
1789366342242161796,58167952,3568844,8824,277632,0
1789366343259649127,57980356,2966948,6740,277632,0
1789366343272932776,57976616,2958884,6612,277632,0
1789366344291607800,57744400,2365768,11720,277632,0
1789366344304123460,57741880,2361104,8192,277632,0
1789366345322605880,56913672,1992676,0,277632,0
1789366345334433036,56891496,1992676,0,277632,0
1789366346352138959,54830932,1992716,0,277632,0
1789366346362235802,54810776,1992716,0,277632,0
1789366347380980766,52837160,1992760,0,277632,0
1789366347390076278,52825720,1992760,0,277632,0
1789366348410759234,51333568,1992800,0,277632,0
1789366348417526091,51317692,1992800,0,277632,0
1789366349440438983,49864600,1799404,13008,277632,0
1789366349447105330,49863592,1799164,13248,277632,0
1789366350473263348,49644592,1211816,15120,277632,0
1789366350478873150,49643600,1210808,16128,277632,0
1789366351505585215,49385392,645764,8060,277632,0
1789366351511079982,49382232,640604,5156,277632,0
1789366352586414030,51246788,410240,63700,277632,0
1789366352605015866,51776276,410248,54996,277632,0
1789366353613484535,58168388,420,488,277632,0
1789366353631951892,58133108,420,488,277632,0
1789366354642811027,56191132,448,0,277632,0
1789366354660850983,56155856,448,0,277632,0
1789366355672673756,54129944,804,0,277632,0
1789366355689605330,54095928,804,0,277632,0
1789366356702378359,52162408,828,0,277632,0
1789366356718310112,52137784,828,0,277632,0
1789366357732378927,50674800,940,0,277632,0
1789366357747479870,50645916,940,0,277632,0
1789366358781275094,49071496,984,0,277632,0
1789366358792796455,49071496,984,0,277632,0
1789366359872116092,53710488,1072,0,277632,0
1789366359872182139,53707896,1072,0,277632,0
1789366360900187181,57454052,1116,0,277632,0
1789366360900763540,57453044,1116,0,277632,0
1789366361929391673,55451088,1180,0,277632,0
1789366361929693536,55451088,1180,0,277632,0
1789366362957787336,53296724,1236,0,277632,0
1789366362958759489,53293872,1236,0,277632,0
1789366363986898454,51803456,1292,0,277632,0
1789366363987719187,51801440,1292,0,277632,0
1789366365016070509,49819268,1312,0,277632,0
1789366365016639544,49817708,1312,0,277632,0
1789366366058646926,49117664,1352,0,277632,0
1789366366058647260,49117664,1352,0,277632,0
1789366367139655245,58323888,1368,0,277632,0
1789366367139671273,58323380,1368,0,277632,0
1789366368170143345,56319072,1436,0,277632,0
1789366368170118213,56319072,1436,0,277632,0
1789366369199843364,54233820,1524,0,277632,0
1789366369199766087,54233820,1524,0,277632,0
1789366370229417831,52288000,1584,0,277632,0
1789366370229421427,52288000,1584,0,277632,0
1789366371258158784,50356140,1612,0,277632,0
1789366371258652340,50355132,1612,0,277632,0
1789366372299856735,49059588,1668,0,277632,0
1789366372299853173,49059588,1668,0,277632,0
1789366373351208404,56197768,1740,0,277632,0
1789366373351226105,56199784,1740,0,277632,0
1789366374379237195,57157784,1780,0,277632,0
1789366374379170823,57157280,1780,0,277632,0
1789366375408432857,55155372,1884,0,277632,0
1789366375408234297,55155372,1884,0,277632,0
1789366376436786415,53049292,1424,0,277632,0
1789366376437384458,53048236,1424,0,277632,0
1789366377465445474,51353524,1468,0,277632,0
1789366377466033036,51353516,1468,0,277632,0
1789366378494742636,49467608,1620,0,277632,0
1789366378494972620,49467088,1620,0,277632,0
1789366379523938460,50090836,1648,0,277632,0
1789366379523913971,50094868,1648,0,277632,0
1789366380548720414,57809760,1696,0,277632,0
1789366380551287045,57805228,1696,0,277632,0
1789366381577191147,55813868,1732,0,277632,0
1789366381579643267,55808324,1732,0,277632,0
1789366382605641480,53730372,1776,0,277632,0
1789366382607671499,53725084,1776,0,277632,0
1789366383634200415,51852368,1804,0,277632,0
1789366383634821504,51852368,1804,0,277632,0
1789366384663542026,49864520,580,0,277632,0
1789366384663901937,49865016,580,0,277632,0
1789366385691863303,49356156,2345980,0,277632,0
1789366385691863766,49356156,2345980,0,277632,0
1789366386708120547,49434364,5511656,13892,277632,0
1789366386708120634,49434364,5511656,13892,277632,0
1789366387726598764,49390884,7574784,4400,277632,0
1789366387726598774,49390380,7574784,4400,277632,0
1789366388744740208,58717700,7000496,8192,277632,0
1789366388748056929,58716032,7000496,8192,277632,0
1789366389777132292,58621160,6330692,8192,277632,0
1789366389774794616,58621160,6330692,8192,277632,0
1789366390804873396,58404892,5719804,5436,277632,0
1789366390805678232,58403380,5719804,5436,277632,0
1789366391835622723,56739248,5645064,0,277632,0
1789366391836569134,56737736,5645064,0,277632,0
1789366392864725368,54663240,5645132,0,277632,0
1789366392865159581,54662736,5645132,0,277632,0
1789366393894263443,52674868,5645160,0,277632,0
1789366393894359513,52673332,5645160,0,277632,0
1789366394923428767,50838936,5645232,0,277632,0
1789366394923571688,50838400,5645232,0,277632,0
1789366395951182861,50061884,5221468,14240,277632,0
1789366395952539361,50060628,5221120,12068,277632,0
1789366396983036017,49807816,4622944,14796,277632,0
1789366396983820269,49807816,4621936,15804,277632,0
1789366398015302490,49610132,4011484,11796,277632,0
1789366398015542967,49610132,4011484,11796,277632,0
1789366399047078586,49358428,3406852,12344,277632,0
1789366399047849951,49358428,3406852,5288,277632,0
1789366400078680136,49202260,2773912,14256,277632,0
1789366400079306777,49201756,2773912,10224,277632,0
1789366401107361396,49074772,3091292,7432,277632,0
1789366401108353751,49074772,3092300,7432,277632,0
1789366402121089997,49065476,5750504,6400,277632,0
1789366402121147359,49065476,5750504,6400,277632,0
1789366403138730346,49054888,7768676,32768,277632,0
1789366403138878263,49054836,7768676,32768,277632,0
1789366404167263029,49051892,8272108,8732,277632,0
1789366404168436737,49051464,8273168,3188,277632,0
1789366405195175983,49045232,8522424,98304,277632,0
1789366405197098999,49049860,8525100,98304,277632,0
1789366406241736501,57233064,8436772,14000,277632,0
1789366406242444899,57259272,8436268,14504,277632,0
1789366407270167847,58675624,7734644,13736,277632,0
1789366407270226244,58675624,7734644,13736,277632,0
1789366408298348754,58667672,7076664,8192,277632,0
1789366408298369244,58667672,7076664,8192,277632,0
1789366409326380953,58662832,6424176,7696,277632,0
1789366409326949094,58662832,6423168,8704,277632,0
1789366410352165299,58657756,5791624,4052,277632,0
1789366410354617714,58657756,5791624,4052,277632,0
1789366411380183737,58651892,5615004,0,277632,0
1789366411383052666,58651892,5615004,0,277632,0
1789366412407262006,58647144,5615056,0,277632,0
1789366412410365221,58647144,5615056,0,277632,0
1789366413434870363,58641108,5615100,0,277632,0
1789366413437852050,58640364,5615100,0,277632,0
1789366414461718504,58636528,5615136,0,277632,0
1789366414465226245,58636528,5615136,0,277632,0
1789366415488363665,58632024,5615284,0,277632,0
1789366415491351948,58632024,5615284,0,277632,0
1789366416516421237,58629056,4263660,4128,277632,0
1789366416518735541,58628556,4257484,8664,277632,0
1789366417545014602,58627488,3222028,21800,277632,0
1789366417546761145,58626992,3221768,22060,277632,0
1789366418577239743,58626820,2597408,7608,277632,0
1789366418578157524,58626820,2596568,6256,277632,0
1789366419608939020,58623868,1980412,3152,277632,0
1789366419609529520,58623364,1980412,1640,277632,0
1789366420639926994,58622256,1352588,8168,277632,0
1789366420641495391,58621752,1352084,8672,277632,0
1789366421670962210,58618748,688700,6516,277632,0
1789366421672287499,58618244,687188,8028,277632,0
1789366422701325308,58610952,1973236,0,277632,0
1789366422702731815,58610952,1977268,0,277632,0
1789366423728696339,58604484,3249724,0,277632,0
1789366423730086855,58604988,3253756,0,277632,0
1789366424754896645,58599984,4549672,0,277632,0
1789366424757208619,58599984,4555720,0,277632,0
1789366425782445767,58594544,5781916,8568,277632,0
1789366425784774364,58594304,5788972,8568,277632,0
1789366426809664386,58593072,5845156,29544,277632,0
1789366426811727910,58593576,5845660,32568,277632,0
1789366427837127527,58587736,5858412,2620,277632,0
1789366427839193405,58587736,5860428,2116,277632,0
1789366428866108063,58585184,5570856,0,277632,0
1789366428864871686,58584680,5570856,0,277632,0
1789366429891633370,58582416,5990720,8764,277632,0
1789366429892577179,58581912,5990720,8764,277632,0
1789366430922383658,58581592,5743064,0,277632,0
1789366430923417693,58582096,5745080,0,277632,0
1789366431950001982,58576000,5546748,8296,277632,0
1789366431951389872,58576000,5546748,8296,277632,0
1789366432980625667,58574744,4868888,8320,277632,0
1789366432982478127,58574744,4868888,8320,277632,0
1789366434011304520,58574988,4178476,4148,277632,0
1789366434013467620,58574484,4178476,4148,277632,0
1789366435041336974,58574616,3475596,12732,277632,0
1789366435043212153,58574100,3472068,11220,277632,0
1789366436071916802,58572620,2802940,16388,277632,0
1789366436073725006,58572620,2802940,16388,277632,0
1789366437102792640,58568996,3318816,0,277632,0
1789366437103808442,58568996,3318816,0,277632,0
1789366438131944850,58582672,4673160,0,277632,0
1789366438132301198,58582632,4674168,0,277632,0
1789366439160121251,58585328,5657664,126824,277632,0
1789366439161316463,58585328,5657664,126824,277632,0
1789366440189031241,58581012,5943384,32092,277632,0
1789366440190405040,58581012,5943384,32092,277632,0
1789366441219423784,58602400,5766468,24692,277632,0
1789366441220749665,58602400,5766972,27212,277632,0
1789366442247411748,58596640,5609976,12508,277632,0
1789366442248950224,58596616,5605944,12004,277632,0
1789366443278700675,58595276,5857832,28484,277632,0
1789366443280438982,58595276,5853800,31508,277632,0
1789366444309458692,58592348,5790324,4324,277632,0
1789366444310971788,58592348,5794356,4324,277632,0
1789366445337963157,58586508,5427780,15980,277632,0
1789366445339272416,58586508,5427780,8228,277632,0
1789366446368386608,58580332,4815944,54800,277632,0
1789366446371128212,58580332,4806872,63872,277632,0
1789366447397870539,58575516,4129596,67364,277632,0
1789366447401414823,58575516,4110948,86516,277632,0
1789366448428271755,58571492,3521036,5840,277632,0
1789366448430821007,58570988,3521036,4132,277632,0
1789366449459131224,58568540,2831372,8432,277632,0
1789366449461692692,58568540,2831372,8432,277632,0
1789366450489458957,58598252,3338728,0,277632,0
1789366450492043832,58598940,3345784,0,277632,0
1789366451517818825,58602392,4767724,0,277632,0
1789366451520180129,58602392,4774276,0,277632,0
1789366452546553665,58602768,5686116,55596,277632,0
1789366452548717214,58602768,5686116,55092,277632,0
1789366453577882079,58602744,5939312,16428,277632,0
1789366453579237449,58602744,5939312,16428,277632,0
1789366454608473659,58592496,5953308,13888,277632,0
1789366454609324287,58592496,5953308,10864,277632,0
1789366455636952837,58600180,5699900,0,277632,0
1789366455637319179,58600212,5699900,0,277632,0
1789366456666823781,58596280,5755496,20868,277632,0
1789366456667211717,58596280,5754488,21876,277632,0
1789366457697541799,58594944,6014724,7260,277632,0
1789366457698403895,58594944,6015228,8268,277632,0
1789366458726088347,58590552,5479724,17128,277632,0
1789366458727410313,58590048,5479724,17128,277632,0
1789366459756580439,58584984,4784908,8292,277632,0
1789366459757626770,58584984,4784908,8292,277632,0
1789366460787466884,58580148,4122144,4196,277632,0
1789366460788348455,58579924,4122144,4196,277632,0
1789366461817845120,58576264,3419316,4424,277632,0
1789366461819486844,58576264,3419128,4056,277632,0
1789366462848364027,58573616,2718384,6260,277632,0
1789366462849599158,58573616,2716872,4244,277632,0
1789366463878479524,58570112,3565708,0,277632,0
1789366463879968697,58570112,3569740,0,277632,0
1789366464906547918,58631704,4897880,0,277632,0
1789366464907427735,58631152,4899392,0,277632,0
1789366465936196478,58618576,5735520,4596,277632,0
1789366465936577603,58618072,5735520,4596,277632,0
1789366466967379113,58613272,5927860,36576,277632,0
1789366466968921290,58612768,5927860,36576,277632,0
1789366467998419848,58604088,5906808,4144,277632,0
1789366467999305552,58604088,5906732,4112,277632,0
1789366469026957607,58602232,5658960,0,277632,0
1789366469027695533,58602696,5658960,0,277632,0
1789366470056914100,58594120,5681736,20292,277632,0
1789366470056964289,58594624,5681232,20796,277632,0
1789366471084430838,58601668,5957364,4232,277632,0
1789366471085727293,58601668,5957364,4232,277632,0
1789366472115680847,58590892,5341460,16644,277632,0
1789366472117013041,58590892,5340452,17652,277632,0
1789366473146831466,58588360,4727724,4604,277632,0
1789366473148076568,58588360,4727724,4604,277632,0
1789366474178513430,58585320,4049692,16388,277632,0
1789366474179458336,58585320,4049692,16388,277632,0
1789366475209461645,58579992,3529560,8120,277632,0
1789366475210669101,58579992,3529560,8120,277632,0
1789366476240530599,58600176,2867776,9576,277632,0
1789366476241164037,58598920,2867776,5544,277632,0
1789366477268418633,58636280,3318704,0,277632,0
1789366477269506749,58635932,3318704,0,277632,0
1789366478298003587,58626148,4645844,0,277632,0
1789366478298520695,58626028,4645844,0,277632,0
1789366479326610198,58631424,6100132,146624,277632,0
1789366479327375838,58630864,6098620,148640,277632,0
1789366480354520987,58616928,7296808,264036,277632,0
1789366480355348569,58616424,7296808,264036,277632,0
1789366481382460823,58608768,8072536,7832,277632,0
1789366481383273280,58608768,8072536,8336,277632,0
1789366482410859671,58603840,8306300,240828,277632,0
1789366482411379867,58603840,8306300,241836,277632,0
1789366483439243717,58594700,8049488,510844,277632,0
1789366483440496025,58594700,8041424,519412,277632,0
1789366484468130755,58588344,8325288,229760,277632,0
1789366484469554440,58588344,8327808,228248,277632,0
1789366485498097455,58583208,7872292,651688,277632,0
1789366485499477702,58583208,7872296,648012,277632,0
1789366486565417615,58574524,8542364,19412,277632,0
1789366486566185878,58574524,8542868,14876,277632,0
1789366487594271720,58571308,7992656,590288,277632,0
1789366487595741079,58571308,7994168,590288,277632,0
1789366488622874792,58568480,7971020,10644,277632,0
1789366488624725352,58568480,7971020,10644,277632,0
1789366489654574823,58564308,7270952,7472,277632,0
1789366489655681430,58564308,7270952,2432,277632,0
1789366490686533816,58560748,6598336,4916,277632,0
1789366490687380524,58560748,6597832,5420,277632,0
1789366491718253455,58557360,5898480,8712,277632,0
1789366491719031277,58557360,5895960,11232,277632,0
1789366492749260020,58559068,5342204,496,277632,0
1789366492749892559,58559068,5342204,496,277632,0
1789366493778916089,58559872,5068328,9404,277632,0
1789366493779001819,58559872,5067320,9908,277632,0
1789366494808625236,58558488,4374264,4552,277632,0
1789366494809559296,58558476,4374264,4552,277632,0
1789366495839025931,58557252,3699404,4140,277632,0
1789366495840249120,58557252,3699404,4140,277632,0
1789366496870597521,58556272,3040324,4348,277632,0
1789366496871952396,58556272,3040324,4348,277632,0
1789366497902197626,58551156,1796032,13612,277632,0
1789366497902986313,58551156,1789984,19156,277632,0
1789366498931465786,58550204,1034168,2464,277632,0
1789366498932771062,58550204,1034168,2464,277632,0
1789366499962863878,58548620,1327272,0,277632,0
1789366499963744791,58548692,1327272,0,277632,0
1789366500992138228,58532544,2528116,0,277632,0
1789366500992424482,58531536,2528116,0,277632,0
1789366502021223719,58557992,3729708,0,277632,0
1789366502021472880,58556456,3730212,0,277632,0
1789366503050376010,58567868,5005032,0,277632,0
1789366503050389843,58567868,5005536,0,277632,0
1789366504079595813,58600024,5624676,36864,277632,0
1789366504080073989,58600024,5624676,36864,277632,0
1789366505111568367,58583952,5636768,8460,277632,0
1789366505112760800,58583240,5634752,3420,277632,0
1789366506141503543,58584956,5429776,0,277632,0
1789366506141667646,58584204,5429776,0,277632,0
1789366507169776659,58578284,5591440,0,277632,0
1789366507170579602,58578284,5591440,0,277632,0
1789366508199136327,58709152,5668140,0,277632,0
1789366508199462146,58709152,5669148,0,277632,0
1789366509227904669,58688848,5608628,368,277632,0
1789366509227934085,58688848,5608628,368,277632,0
1789366510257097592,58767032,5697492,4100,277632,0
1789366510257689499,58767032,5697492,4100,277632,0
1789366511288288592,58758948,5153408,4148,277632,0
1789366511289596804,58758444,5152400,5156,277632,0
1789366512319213882,58751060,4908776,13172,277632,0
1789366512321059560,58751060,4908776,13172,277632,0
1789366513349521269,58768336,4574608,8180,277632,0
1789366513351983811,58768336,4574608,8180,277632,0
1789366514380908168,58794304,4393788,8432,277632,0
1789366514383028596,58794304,4393788,8432,277632,0
1789366515411980026,58822740,4354524,16392,277632,0
1789366515414261495,58822740,4354524,16392,277632,0
1789366516443267786,58825700,3971792,8416,277632,0
1789366516445047509,58825700,3971792,8416,277632,0
1789366517473805603,58819244,3294296,8668,277632,0
1789366517475803477,58819244,3294296,8668,277632,0
1789366518504503172,58814284,2655308,0,277632,0
1789366518506493149,58813556,2655308,0,277632,0
1789366519534259878,59112012,3210236,0,277632,0
1789366519535552857,59107916,3213260,0,277632,0
1789366520562416562,59101428,4646064,0,277632,0
1789366520563255298,59101428,4646064,0,277632,0
1789366521589903443,59107636,5727488,268,277632,0
1789366521591184544,59107132,5727488,268,277632,0
1789366522618735466,59106320,6245848,1028,277632,0
1789366522619543159,59106320,6246836,1032,277632,0
1789366523646391305,59096548,6841616,8056,277632,0
1789366523647046974,59096548,6841616,8056,277632,0
1789366524674287328,59105524,6715572,2608,277632,0
1789366524674337837,59105524,6716076,2608,277632,0
1789366525701968611,59100120,6649028,1584,277632,0
1789366525711712838,59099616,6667172,3212,277632,0
1789366526729474311,59112548,6417740,3356,277632,0
1789366526739044257,59112548,6425804,5876,277632,0
1789366527757976232,59106836,6892348,6080,277632,0
1789366527766572818,59106204,6888820,3560,277632,0
1789366528788642601,59108156,6856888,6232,277632,0
1789366528796581054,59108156,6851360,4372,277632,0
1789366529819595932,59104924,6174276,8420,277632,0
1789366529826954105,59104924,6165204,13460,277632,0
1789366530850805628,59142844,5649024,0,277632,0
1789366530857722468,59142844,5649024,0,277632,0
1789366531879630111,59162384,6008588,1060,277632,0
1789366531885805600,59160624,6003428,2604,277632,0
1789366532911745065,59148356,5302012,3136,277632,0
1789366532916937636,59145560,5299244,4408,277632,0
1789366533943534785,59143336,4610724,2568,277632,0
1789366533948140060,59143336,4604172,7104,277632,0
1789366534975380604,59138372,3913960,4548,277632,0
1789366534978938999,59137868,3913960,2732,277632,0
1789366536007422975,59145240,3318748,0,277632,0
1789366536010129691,59145036,3318748,0,277632,0
1789366537039091505,59172352,4201480,0,277632,0
1789366537040440174,59170128,4204000,0,277632,0
1789366538064557691,59143824,3966024,4324,277632,0
1789366538065976228,59143824,3961488,8860,277632,0
1789366539096267433,59136288,3266468,10500,277632,0
1789366539097210292,59135784,3264956,11004,277632,0
1789366540127428724,59129768,2577652,8732,277632,0
1789366540128538507,59129768,2577652,8732,277632,0
1789366541158340280,59124212,2088348,6264,277632,0
1789366541159764370,59124212,2088348,4248,277632,0
1789366542189058903,59117228,1384756,3940,277632,0
1789366542190864645,59117228,1382236,6460,277632,0
1789366543218796675,59131496,699032,71644,277632,0
1789366543221327075,59131484,699032,71644,277632,0
1789366544247239340,59134720,166576,0,277632,0
1789366544249619978,59134576,166576,0,277632,0
1789366545276411041,59136240,1493752,0,277632,0
1789366545276290477,59136728,1493752,0,277632,0
1789366546302409685,59137940,2820900,0,277632,0
1789366546302952894,59137436,2820900,0,277632,0
1789366547332281520,59098596,3484524,0,277632,0
1789366547332810535,59098092,3484524,0,277632,0
1789366548363118550,59033432,3484556,0,277632,0
1789366548364962129,59033432,3484556,0,277632,0
1789366549393803308,58956160,3484708,0,277632,0
1789366549395841075,58956160,3484708,0,277632,0
1789366550424105843,58885392,3484732,0,277632,0
1789366550426500028,58884888,3484732,0,277632,0
1789366551454990965,58831136,3484856,0,277632,0
1789366551456016109,58831136,3484856,0,277632,0
1789366552482497273,58839264,3484916,0,277632,0
1789366552483333213,58841280,3484916,0,277632,0
1789366553510232291,58866296,3485016,0,277632,0
1789366553510654511,58865544,3485016,0,277632,0
1789366554537495838,58892476,3485092,0,277632,0
1789366554538519347,58892476,3485092,0,277632,0
1789366555565194174,58916248,3485128,0,277632,0
1789366555566116649,58916248,3485128,0,277632,0
1789366556593117155,58918316,2721312,188452,277632,0
1789366556594090026,58918316,2721312,186940,277632,0
1789366557624058048,58918316,2238804,18572,277632,0
1789366557625418795,58917812,2238804,17564,277632,0
1789366558655166472,58913452,1494680,125388,277632,0
1789366558656773731,58913452,1494680,125388,277632,0
1789366559685712694,58912292,950464,51352,277632,0
1789366559687914861,58912292,950464,47824,277632,0
1789366560717447411,58914496,257088,113476,277632,0
1789366560719274864,58914496,250536,120028,277632,0
1789366561747341750,58842508,1848,0,277632,0
1789366561749427415,58842508,1848,0,277632,0
1789366562777954572,58697120,1908,0,277632,0
1789366562779506939,58695608,1908,0,277632,0
1789366563805739318,58670212,1956,0,277632,0
1789366563807534655,58670212,1956,0,277632,0
1789366564832681115,58665024,2000,0,277632,0
1789366564834285572,58664016,2000,0,277632,0
1789366565859381842,58661908,2060,0,277632,0
1789366565861134183,58661908,2060,0,277632,0
1789366566886095708,58660896,2136,0,277632,0
1789366566888030432,58660896,2136,0,277632,0
1789366567912955262,58657596,2220,0,277632,0
1789366567914834522,58657596,2220,0,277632,0
1789366568939701701,58655032,2292,0,277632,0
1789366568941683864,58654528,2292,0,277632,0
1789366569966250937,58653812,2332,0,277632,0
1789366569968147689,58653308,2332,0,277632,0
1789366570992231326,58652088,2412,0,277632,0
1789366570994642873,58652088,2412,0,277632,0
1789366572019017813,58652876,2448,0,277632,0
1789366572021537105,58652876,2448,0,277632,0
1789366573045642565,58651176,2492,0,277632,0
1789366573048360993,58651176,2492,0,277632,0
1789366574072354656,58649500,2540,0,277632,0
1789366574074669332,58649500,2540,0,277632,0
1789366575099268074,58647848,140,0,277632,0
1789366575101360868,58647624,140,0,277632,0
1789366576126116289,58646908,564,0,277632,0
1789366576128709908,58646404,564,0,277632,0
1789366577153465249,58661720,620,0,277632,0
1789366577156416175,58661720,620,0,277632,0
1789366578184388729,58658700,680,0,277632,0
1789366578188565892,58658700,680,0,277632,0
1789366579213456798,58655976,736,0,277632,0
1789366579217557027,58655976,736,0,277632,0
1789366580241177303,58653796,776,0,277632,0
1789366580244541802,58653796,776,0,277632,0
1789366581271005339,58651284,892,0,277632,0
1789366581273927167,58651284,892,0,277632,0
1789366582301464522,58647796,984,0,277632,0
1789366582304293351,58647796,984,0,277632,0
1789366583331476197,58644360,1036,0,277632,0
1789366583333914057,58644360,1036,0,277632,0
1789366584358851530,58643396,1064,0,277632,0
1789366584361145788,58643396,1064,0,277632,0
1789366585385591828,58641536,1108,0,277632,0
1789366585386673385,58641536,1108,0,277632,0
1789366586416210350,58639800,1212,0,277632,0
1789366586417307149,58639800,1212,0,277632,0
1789366587445965551,58640016,1240,0,277632,0
1789366587447391773,58640016,1240,0,277632,0
1789366588475904556,58640604,1308,0,277632,0
1789366588477767746,58640100,1308,0,277632,0
1789366589502944339,58640888,1344,0,277632,0
1789366589505663000,58640888,1344,0,277632,0
1789366590529074939,58643184,1388,0,277632,0
1789366590533401856,58643184,1388,0,277632,0
1789366591558863062,58642568,1420,0,277632,0
1789366591563089936,58642568,1420,0,277632,0
1789366592589836398,58642892,1480,0,277632,0
1789366592593821726,58642892,1480,0,277632,0
1789366593620934274,58641680,1520,0,277632,0
1789366593624502176,58641680,1520,0,277632,0
1789366594649744382,58639496,1564,0,277632,0
1789366594652717454,58639496,1564,0,277632,0
1789366595676724774,58642056,128,0,277632,0
1789366595679533446,58641304,128,0,277632,0
1789366596705322990,58638900,352,0,277632,0
1789366596707916025,58640412,352,0,277632,0
1789366597736399556,58636836,384,0,277632,0
1789366597738837666,58636836,384,0,277632,0
1789366598766936221,58635540,600,0,277632,0
1789366598769591524,58635540,600,0,277632,0
1789366599795601470,58632840,660,0,277632,0
1789366599798066137,58632840,660,0,277632,0
1789366600822465121,58634688,264,0,277632,0
1789366600825044642,58634688,264,0,277632,0
1789366601850334786,58633564,248,0,277632,0
1789366601853422183,58633564,248,0,277632,0
1789366602881120482,58631660,344,0,277632,0
1789366602883520534,58631660,344,0,277632,0
1789366603911711673,58602056,392,0,277632,0
1789366603913877737,58602056,392,0,277632,0
1789366604939758746,58582556,444,0,277632,0
1789366604941224533,58582052,444,0,277632,0
1789366605967097779,58551184,44,0,277632,0
1789366605968286655,58551184,44,0,277632,0
1789366606994280084,58546060,120,0,277632,0
1789366606995530866,58546060,120,0,277632,0
1789366608020829719,58543368,284,0,277632,0
1789366608021980963,58542864,284,0,277632,0
1789366609047270652,58540704,356,0,277632,0
1789366609048570364,58540704,356,0,277632,0
1789366610074026019,58540036,400,0,277632,0
1789366610075754952,58540036,400,0,277632,0
1789366611100698858,58536560,8,104,277632,0
1789366611102674801,58536560,8,104,277632,0
1789366612127616218,58536624,128,0,277632,0
1789366612129287986,58536120,128,0,277632,0
1789366613158547509,58536100,284,0,277632,0
1789366613160387392,58536100,284,0,277632,0
1789366614188685226,58534224,388,0,277632,0
1789366614191089229,58534224,388,0,277632,0
1789366615219341642,58534072,416,0,277632,0
1789366615220325897,58534072,416,0,277632,0
1789366616250151499,58533384,196,280,277632,0
1789366616251315365,58533384,196,280,277632,0
1789366617280876750,58534424,248,0,277632,0
1789366617282343839,58534424,248,0,277632,0
1789366618311893234,58533900,312,0,277632,0
1789366618313299692,58533900,312,0,277632,0
1789366619342652221,58534564,412,0,277632,0
1789366619344674139,58534564,412,0,277632,0
1789366620373386574,58535408,452,0,277632,0
1789366620375681308,58535408,452,0,277632,0
1789366621403577856,58534928,184,0,277632,0
1789366621406316330,58534928,184,0,277632,0
1789366622434445612,58533064,264,0,277632,0
1789366622437268384,58533064,264,0,277632,0
1789366623464512742,58532392,288,0,277632,0
1789366623466989019,58532392,288,0,277632,0
1789366624495160901,58533216,344,0,277632,0
1789366624497849543,58533216,344,0,277632,0
1789366625526314744,58532528,572,0,277632,0
1789366625528523718,58532528,572,0,277632,0
1789366626556861109,58531008,144,0,277632,0
1789366626559162702,58531008,144,0,277632,0
1789366627586826994,58530880,260,0,277632,0
1789366627589491556,58530880,260,0,277632,0
1789366628616661284,58530420,312,0,277632,0
1789366628618956850,58530420,312,0,277632,0
1789366629647012263,58530552,352,0,277632,0
1789366629650149708,58530552,352,0,277632,0
1789366630677098417,58518808,576,0,277632,0
1789366630680336076,58519312,576,0,277632,0
1789366631704701134,58484240,124,0,277632,0
1789366631707698902,58484240,124,0,277632,0
1789366632731749286,58481644,324,0,277632,0
1789366632734600814,58481644,324,0,277632,0
1789366633758666324,58480548,372,0,277632,0
1789366633761446575,58480548,372,0,277632,0
1789366634785447983,58480864,436,0,277632,0
1789366634788344256,58480112,436,0,277632,0
1789366635812217619,58480344,736,0,277632,0
1789366635814832496,58480344,736,0,277632,0
1789366636839112098,58480644,12,0,277632,0
1789366636841398371,58480644,12,0,277632,0
1789366637866048428,58481188,244,0,277632,0
1789366637867512906,58481216,244,0,277632,0
1789366638892967354,58479004,264,0,277632,0
1789366638894501233,58479004,264,0,277632,0
1789366639919697918,58480984,320,0,277632,0
1789366639921383469,58480984,320,0,277632,0
1789366640946562272,58478620,592,0,277632,0
1789366640948007355,58478620,592,0,277632,0
1789366641973382491,58475708,56,0,277632,0
1789366641974798360,58475708,64,0,277632,0
1789366642999798893,58476784,148,0,277632,0
1789366643001554094,58476784,148,0,277632,0
1789366644026490725,58477332,292,0,277632,0
1789366644028386600,58477836,292,0,277632,0
1789366645053359533,58479716,372,0,277632,0
1789366645055159056,58479716,372,0,277632,0
1789366646079913239,58479528,564,0,277632,0
1789366646081722815,58479528,564,0,277632,0
1789366647107870670,58477968,172,0,277632,0
1789366647109746664,58477968,172,0,277632,0
1789366648138760927,58478620,316,0,277632,0
1789366648140720058,58478620,316,0,277632,0
1789366649169229707,58476812,376,0,277632,0
1789366649171199655,58476812,376,0,277632,0
1789366650198544014,58477280,416,0,277632,0
1789366650200856376,58477280,416,0,277632,0
1789366651225257086,58476792,612,0,277632,0
1789366651227905430,58476792,612,0,277632,0
1789366652253586487,58476508,40,0,277632,0
1789366652255712862,58476508,40,0,277632,0
1789366653284299259,58477320,148,0,277632,0
1789366653286517611,58477320,148,0,277632,0
1789366654314718861,58478100,308,0,277632,0
1789366654316935755,58478100,308,0,277632,0
1789366655343859859,58478440,352,0,277632,0
1789366655345587548,58478440,352,0,277632,0
1789366656370738642,58477788,528,0,277632,0
1789366656372946591,58477788,528,0,277632,0
1789366657399739493,58475300,80,144,277632,0
1789366657401583093,58475300,80,144,277632,0
1789366658430710061,58473648,280,0,277632,0
1789366658432591727,58473648,280,0,277632,0
1789366659461109036,58476708,320,0,277632,0
1789366659463047353,58476708,320,0,277632,0
1789366660488921252,58474640,536,0,277632,0
1789366660490432132,58474640,536,0,277632,0
1789366661515587522,58474724,576,0,277632,0
1789366661517746884,58474724,576,0,277632,0
1789366662545437532,58474360,8,0,277632,0
1789366662546974825,58474360,8,0,277632,0
1789366663576192490,58471644,124,0,277632,0
1789366663578028438,58471644,124,0,277632,0
1789366664606745280,58470192,292,0,277632,0
1789366664608296624,58470192,292,0,277632,0
1789366665634916520,58471524,368,0,277632,0
1789366665636684384,58471524,368,0,277632,0
1789366666662237548,58473512,560,0,277632,0
1789366666663866676,58473512,560,0,277632,0
1789366667690921748,58473072,0,176,277632,0
1789366667692754675,58473576,0,176,277632,0
1789366668721683104,58475684,132,0,277632,0
1789366668723418133,58475188,132,0,277632,0
1789366669751852189,58475092,168,0,277632,0
1789366669753718584,58475092,168,0,277632,0
1789366670779490071,58476348,508,0,277632,0
1789366670781525762,58476348,508,0,277632,0
1789366671804358374,58478768,556,0,277632,0
1789366671808295861,58478768,556,0,277632,0
1789366672828416589,58414172,348,0,277632,0
1789366672835104299,58414172,348,0,277632,0
1789366673855334761,58413620,108,0,277632,0
1789366673861987225,58413620,108,0,277632,0
1789366674881929034,58413444,340,0,277632,0
1789366674888516895,58413444,340,0,277632,0
1789366675908897405,58412756,4236,0,277632,0
1789366675914901861,58412756,4236,0,277632,0
1789366676935761834,58411748,4784,0,277632,0
1789366676941806544,58411748,4784,0,277632,0
1789366677963165273,58413668,4500,76,277632,0
1789366677969235501,58413164,4500,8,277632,0
1789366678994552949,58412372,128,0,277632,0
1789366678999991033,58412876,128,0,277632,0
1789366680024631849,58411656,292,0,277632,0
1789366680030316614,58411408,292,0,277632,0
1789366681055809267,58409348,328,0,277632,0
1789366681061012380,58409348,328,0,277632,0
1789366682087160845,58408308,2120,0,277632,0
1789366682092068130,58408308,2120,0,277632,0
1789366683117949394,58408304,2160,0,277632,0
1789366683122866535,58408304,2160,0,277632,0
1789366684148761420,58406996,88,0,277632,0
1789366684153991494,58406996,88,0,277632,0
1789366685179058451,58405272,164,0,277632,0
1789366685184548004,58405272,164,0,277632,0
1789366686210472793,58402716,324,0,277632,0
1789366686215708680,58402212,324,0,277632,0
1789366687241202746,58401808,1284,0,277632,0
1789366687247050811,58401808,1284,0,277632,0
1789366688272540523,58402720,1320,0,277632,0
1789366688277823611,58402720,1320,0,277632,0
1789366689303412313,58405156,200,0,277632,0
1789366689308592198,58405156,200,0,277632,0
1789366690334673947,58403768,256,0,277632,0
1789366690339484816,58403768,256,0,277632,0
1789366691366752249,58405160,376,0,277632,0
1789366691370673734,58405160,376,0,277632,0
1789366692398238865,58402104,556,0,277632,0
1789366692401481639,58402104,556,0,277632,0
1789366693429171935,58400576,612,0,277632,0
1789366693431897997,58400072,612,0,277632,0
1789366694460442313,58399964,84,0,277632,0
1789366694462949031,58399964,84,0,277632,0
1789366695491427513,58400968,272,0,277632,0
1789366695493074582,58400968,272,0,277632,0
1789366696522837504,58402060,308,0,277632,0
1789366696524445927,58402060,308,0,277632,0
1789366697553332209,58400120,568,0,277632,0
1789366697555445751,58400120,568,0,277632,0
1789366698583803507,58402492,628,0,277632,0
1789366698586457653,58402492,628,0,277632,0
1789366699614997090,58402148,200,0,277632,0
1789366699617499241,58402148,200,0,277632,0
1789366700646085669,58404768,268,0,277632,0
1789366700648484472,58404768,268,0,277632,0
1789366701676824682,58401204,360,0,277632,0
1789366701679094600,58401204,360,0,277632,0
1789366702704239340,58399084,548,0,277632,0
1789366702706108478,58399084,548,0,277632,0
1789366703731217781,58397416,652,0,277632,0
1789366703733375262,58397416,652,0,277632,0
1789366704758568191,58396860,48,92,277632,0
1789366704760559144,58396860,48,92,277632,0
1789366705785545243,58399980,280,0,277632,0
1789366705787617211,58399980,280,0,277632,0
1789366706812094049,58401896,296,0,277632,0
1789366706814797022,58401896,296,0,277632,0
1789366707839807399,58401128,584,0,277632,0
1789366707842123863,58401128,584,0,277632,0
1789366708871331760,58400492,608,0,277632,0
1789366708873501407,58400492,608,0,277632,0
1789366709902900119,58400644,196,0,277632,0
1789366709905258751,58399388,196,0,277632,0
1789366710934253772,58400428,280,0,277632,0
1789366710936110183,58400428,280,0,277632,0
1789366711965279013,58402888,456,0,277632,0
1789366711967122586,58402888,456,0,277632,0
1789366712995883719,58401168,484,0,277632,0
1789366712997705911,58401168,484,0,277632,0
1789366714026538296,58399052,564,0,277632,0
1789366714028518139,58399052,564,0,277632,0
1789366715056797516,58399888,60,0,277632,0
1789366715059660744,58399888,60,0,277632,0
1789366716087136286,58401548,260,0,277632,0
1789366716090349571,58402052,260,0,277632,0
1789366717117552221,58400832,440,0,277632,0
1789366717120739339,58400832,440,0,277632,0
1789366718147322430,58400540,496,0,277632,0
1789366718150261606,58400540,496,0,277632,0
1789366719178133001,58400064,568,0,277632,0
1789366719181275026,58400064,568,0,277632,0
1789366720208280342,58402388,200,0,277632,0
1789366720211430619,58400876,200,0,277632,0
1789366721238840091,58400220,292,0,277632,0
1789366721242490642,58400220,292,0,277632,0
1789366722269371645,58398896,476,0,277632,0
1789366722272923594,58398896,476,0,277632,0
1789366723300561161,58399308,512,0,277632,0
1789366723303335097,58399308,512,0,277632,0
1789366724331169044,58400096,564,0,277632,0
1789366724333951623,58399592,564,0,277632,0
1789366725361241880,58398008,272,0,277632,0
1789366725364431505,58398008,272,0,277632,0
1789366726391171223,58396156,336,0,277632,0
1789366726394252647,58396156,336,0,277632,0
1789366727418043126,58396976,528,0,277632,0
1789366727421412640,58396976,528,0,277632,0
1789366728444766145,58395280,564,0,277632,0
1789366728448086629,58395280,564,0,277632,0
1789366729471114207,58396696,600,0,277632,0
1789366729474818878,58396696,600,0,277632,0
1789366730497943856,58396276,152,0,277632,0
1789366730500682483,58396276,152,0,277632,0
1789366731524471138,58394960,320,0,277632,0
1789366731526967781,58394456,320,0,277632,0
1789366732551934848,58431152,476,0,277632,0
1789366732554501256,58431152,476,0,277632,0
1789366733582612601,58425844,520,0,277632,0
1789366733585310895,58425844,520,0,277632,0
1789366734613140788,58421900,576,0,277632,0
1789366734615867247,58421900,576,0,277632,0
1789366735643443719,58418460,44,0,277632,0
1789366735646112236,58418460,44,0,277632,0
1789366736673981978,58414880,312,0,277632,0
1789366736676852097,58415384,312,0,277632,0
1789366737705029443,58413744,464,0,277632,0
1789366737707901469,58412992,464,0,277632,0
1789366738735461203,58410036,524,0,277632,0
1789366738738687339,58410036,524,0,277632,0
1789366739766176286,58407660,576,0,277632,0
1789366739768947352,58407660,576,0,277632,0
1789366740797061941,58407932,196,0,277632,0
1789366740799944861,58407932,196,0,277632,0
1789366741828138072,58406896,492,0,277632,0
1789366741830792494,58406896,492,0,277632,0
1789366742859110611,58405188,536,0,277632,0
1789366742861992885,58405188,536,0,277632,0
1789366743890002558,58402972,580,0,277632,0
1789366743892877692,58402972,580,0,277632,0
1789366744920711058,58401380,636,0,277632,0
1789366744923606695,58401380,636,0,277632,0
1789366745951032839,58398456,52,0,277632,0
1789366745952889831,58398456,52,0,277632,0
1789366746981165981,58397848,524,0,277632,0
1789366746983202995,58397848,524,0,277632,0
1789366748011241532,58396136,556,0,277632,0
1789366748013575103,58396136,556,0,277632,0
1789366749042017236,58395732,612,0,277632,0
1789366749044285995,58396236,612,0,277632,0
1789366750073247636,58396664,660,0,277632,0
1789366750074869577,58397672,660,0,277632,0
1789366751104024451,58399208,64,0,277632,0
1789366751105657299,58399208,64,0,277632,0
1789366752130548796,58397156,328,0,277632,0
1789366752132600956,58397156,328,0,277632,0
1789366753157499871,58397196,500,0,277632,0
1789366753159558570,58397196,500,0,277632,0
1789366754183945728,58396068,548,0,277632,0
1789366754186052449,58396068,548,0,277632,0
1789366755210757397,58396716,596,0,277632,0
1789366755213189885,58396716,596,0,277632,0
1789366756238301666,58400376,196,0,277632,0
1789366756240936515,58400376,196,0,277632,0
1789366757268809251,58399752,420,0,277632,0
1789366757270522056,58399752,420,0,277632,0
1789366758299702723,58398116,496,0,277632,0
1789366758301356246,58398116,496,0,277632,0
1789366759329728134,58400184,516,0,277632,0
1789366759332719256,58400184,516,0,277632,0
1789366760360575495,58398792,616,0,277632,0
1789366760363381883,58399296,616,0,277632,0
1789366761391673621,58399904,212,0,277632,0
1789366761394180601,58399904,212,0,277632,0
1789366762422233668,58400316,416,0,277632,0
1789366762424745245,58400316,416,0,277632,0
1789366763453298672,58400388,444,0,277632,0
1789366763454951463,58400388,444,0,277632,0
1789366764484341920,58397928,584,0,277632,0
1789366764485963366,58397928,584,0,277632,0
1789366765515312701,58397220,608,0,277632,0
1789366765517211710,58397220,608,0,277632,0
1789366766546203938,58393208,56,0,277632,0
1789366766548333834,58393208,56,0,277632,0
1789366767576534178,58397152,264,0,277632,0
1789366767578989582,58397152,264,0,277632,0
1789366768607443122,58398472,428,0,277632,0
1789366768609652058,58398472,428,0,277632,0
1789366769637558147,58401316,464,0,277632,0
1789366769640182600,58401316,464,0,277632,0
1789366770668528482,58399696,552,0,277632,0
1789366770670707177,58399696,552,0,277632,0
1789366771698989958,58398544,12,0,277632,0
1789366771701543881,58398544,12,0,277632,0
1789366772729201815,58398936,292,0,277632,0
1789366772731678163,58398936,292,0,277632,0
1789366773759507623,58400040,452,0,277632,0
1789366773762350920,58400040,452,0,277632,0
1789366774789919877,58400024,560,0,277632,0
1789366774792404969,58400024,560,0,277632,0
1789366775817151647,58399340,568,0,277632,0
1789366775819179719,58399340,568,0,277632,0
1789366776844127671,58401192,124,0,277632,0
1789366776845706814,58401192,124,0,277632,0
1789366777870579822,58402908,376,0,277632,0
1789366777872214274,58402908,376,0,277632,0
1789366778897780409,58402584,412,0,277632,0
1789366778898885339,58402128,420,0,277632,0
1789366779924982169,58400516,472,0,277632,0
1789366779925985728,58400516,472,0,277632,0
1789366780952691714,58399824,556,0,277632,0
1789366780953729697,58399320,556,0,277632,0
1789366781982826841,58399436,120,0,277632,0
1789366781984676063,58399436,120,0,277632,0
1789366783013243909,58398236,260,0,277632,0
1789366783014953085,58398740,260,0,277632,0
1789366784044439697,58399852,288,0,277632,0
1789366784046253509,58399348,288,0,277632,0
1789366785075167337,58398168,372,0,277632,0
1789366785076727080,58398168,372,0,277632,0
1789366786105860339,58397792,448,0,277632,0
1789366786107378315,58397792,448,0,277632,0
1789366787136636290,58397960,476,0,277632,0
1789366787138773512,58397960,476,0,277632,0
1789366788166967514,58396028,136,0,277632,0
1789366788169157462,58396028,136,0,277632,0
1789366789197324352,58399308,284,0,277632,0
1789366789199609000,58399308,284,0,277632,0
1789366790228177600,58397492,340,0,277632,0
1789366790230556282,58397492,340,0,277632,0
1789366791258848624,58398268,424,0,277632,0
1789366791261432807,58398268,424,0,277632,0
1789366792289692314,58396684,640,0,277632,0
1789366792292203215,58396684,640,0,277632,0
1789366793320387642,58396792,92,0,277632,0
1789366793322438116,58396792,92,0,277632,0
1789366794351407774,58397888,292,0,277632,0
1789366794353664717,58397888,292,0,277632,0
1789366795382159642,58398384,392,0,277632,0
1789366795385087733,58398384,392,0,277632,0
1789366796412912935,58396648,500,0,277632,0
1789366796415641668,58396648,500,0,277632,0
1789366797443963111,58395728,660,0,277632,0
1789366797446292879,58395728,660,0,277632,0
1789366798474910589,58396896,208,0,277632,0
1789366798477416451,58396896,208,0,277632,0
1789366799504853398,58400496,292,0,277632,0
1789366799507287694,58400496,292,0,277632,0
1789366800531794237,58400892,332,0,277632,0
1789366800534464310,58400892,332,0,277632,0
1789366801558842865,58397560,360,0,277632,0
1789366801561412314,58397560,360,0,277632,0
1789366802585707646,58397804,648,0,277632,0
1789366802587973245,58397804,648,0,277632,0
1789366803612604598,58396700,96,0,277632,0
1789366803614914741,58396700,96,0,277632,0
1789366804639602742,58395720,268,0,277632,0
1789366804641880609,58395720,268,0,277632,0
1789366805667230312,58396080,320,0,277632,0
1789366805669540629,58396080,320,0,277632,0
1789366806698122669,58397024,364,0,277632,0
1789366806700624142,58396520,364,0,277632,0
1789366807728880071,58397400,556,0,277632,0
1789366807731356093,58397400,556,0,277632,0
1789366808760368608,58397040,208,276,277632,0
1789366808762378820,58397040,208,276,277632,0
1789366809791314260,58400848,288,0,277632,0
1789366809793363149,58400848,288,0,277632,0
1789366810822326965,58399744,344,0,277632,0
1789366810823706730,58399744,344,0,277632,0
1789366811853386210,58399756,544,0,277632,0
1789366811855175420,58399756,544,0,277632,0
1789366812884693373,58400972,576,0,277632,0
1789366812886493117,58399468,576,0,277632,0
1789366813915653033,58397992,276,0,277632,0
1789366813917505795,58397992,276,0,277632,0
1789366814946941339,58401076,320,0,277632,0
1789366814948714674,58401076,320,0,277632,0
1789366815977429617,58399668,380,0,277632,0
1789366815978894123,58399668,380,0,277632,0
1789366817007907805,58398996,560,0,277632,0
1789366817009775988,58398996,560,0,277632,0
1789366818039027003,58399888,600,0,277632,0
1789366818041175132,58399888,600,0,277632,0
1789366819070740636,58399932,260,0,277632,0
1789366819072266793,58399932,260,0,277632,0
1789366820101613244,58399568,380,0,277632,0
1789366820103327459,58399568,380,0,277632,0
1789366821133085724,58399188,428,0,277632,0
1789366821134544684,58399188,428,0,277632,0
1789366822164134831,58397992,616,0,277632,0
1789366822166290294,58397992,616,0,277632,0
1789366823195116709,58396080,648,0,277632,0
1789366823197350352,58396080,648,0,277632,0
1789366824226059617,58397904,148,0,277632,0
1789366824227149721,58397904,148,0,277632,0
1789366825253371269,58397756,360,0,277632,0
1789366825254529905,58397756,360,0,277632,0
1789366826280481597,58396344,384,0,277632,0
1789366826282215275,58396344,384,0,277632,0
1789366827307603726,58402008,664,0,277632,0
1789366827309426274,58402008,664,0,277632,0
1789366828334615085,58402896,680,0,277632,0
1789366828336658765,58402896,680,0,277632,0
1789366829362384308,58405056,84,0,277632,0
1789366829364781235,58405056,84,0,277632,0
1789366830392404355,58402208,324,0,277632,0
1789366830396458874,58402208,324,0,277632,0
1789366831423181141,58401544,364,0,277632,0
1789366831426868938,58401544,364,0,277632,0
1789366832451502682,58403220,544,0,277632,0
1789366832455198689,58403220,544,0,277632,0
1789366833483037883,58404044,592,0,277632,0
1789366833486558652,58404548,596,0,277632,0
1789366834515018650,58402684,108,0,277632,0
1789366834518056841,58402684,108,0,277632,0
1789366835546539909,58400996,156,0,277632,0
1789366835549814281,58400996,156,0,277632,0
1789366836578369737,58400616,368,0,277632,0
1789366836580927055,58400112,368,0,277632,0
1789366837608948071,58400460,528,0,277632,0
1789366837612773997,58400964,528,0,277632,0
1789366838639891418,58399700,588,0,277632,0
1789366838644942443,58399700,588,0,277632,0
1789366839671523184,58398932,92,0,277632,0
1789366839676511129,58398932,92,0,277632,0
1789366840703167967,58398120,268,0,277632,0
1789366840708610222,58398624,268,0,277632,0
1789366841734814700,58396716,448,0,277632,0
1789366841739324936,58395964,448,0,277632,0
1789366842765990864,58397024,596,0,277632,0
1789366842769340349,58397024,596,0,277632,0
1789366843796044996,58396360,620,0,277632,0
1789366843800106745,58396360,620,0,277632,0
1789366844824496965,58398876,216,180,277632,0
1789366844829319041,58399384,216,180,277632,0
1789366845855202577,58400324,284,0,277632,0
1789366845860076712,58400828,284,0,277632,0
1789366846886743676,58399284,524,0,277632,0
1789366846891398358,58399284,524,0,277632,0
1789366847917824769,58400192,572,0,277632,0
1789366847922516428,58400948,572,0,277632,0
1789366848944597165,58402396,616,0,277632,0
1789366848949968656,58402396,616,0,277632,0
1789366849971249128,58400228,184,0,277632,0
1789366849976274494,58400228,184,0,277632,0
1789366850997499958,58399300,264,0,277632,0
1789366851003034350,58399804,264,0,277632,0
1789366852023726987,58398424,440,0,277632,0
1789366852030036464,58397672,440,0,277632,0
1789366853050168481,58397324,504,0,277632,0
1789366853057107322,58397324,504,0,277632,0
1789366854076540853,58396932,600,0,277632,0
1789366854083655947,58396488,600,0,277632,0
1789366855102899625,58394276,32,0,277632,0
1789366855110572254,58394276,32,0,277632,0
1789366856129518652,58393408,248,0,277632,0
1789366856137584843,58393912,248,0,277632,0
1789366857156281016,58393548,464,0,277632,0
1789366857164350176,58394556,464,0,277632,0
1789366858182920733,58393732,508,0,277632,0
1789366858190387271,58393732,508,0,277632,0
1789366859209854204,58393824,572,0,277632,0
1789366859217295659,58394332,572,0,277632,0
1789366860236483545,58393468,40,0,277632,0
1789366860244355414,58393468,40,0,277632,0
1789366861262751482,58391004,132,0,277632,0
1789366861270195473,58391004,132,0,277632,0
1789366862289799186,58393136,444,0,277632,0
1789366862297443763,58392888,444,0,277632,0
1789366863319139441,58392524,484,0,277632,0
1789366863326249045,58392524,484,0,277632,0
1789366864346015867,58391148,520,0,277632,0
1789366864353206022,58391148,520,0,277632,0
1789366865373992476,58390296,204,0,277632,0
1789366865381261528,58389792,204,0,277632,0
1789366866404173606,58389192,324,0,277632,0
1789366866411850984,58389192,324,0,277632,0
1789366867433743002,58389672,524,0,277632,0
1789366867441661859,58389700,524,0,277632,0
1789366868460989242,58388896,568,0,277632,0
1789366868468758651,58388392,568,0,277632,0
1789366869488435991,58391380,608,0,277632,0
1789366869496610367,58390664,608,0,277632,0
1789366870518670370,58388744,20,148,277632,0
1789366870526196847,58388744,20,148,277632,0
1789366871549069786,58388400,328,0,277632,0
1789366871556862879,58388400,328,0,277632,0
1789366872577686324,58386568,516,0,277632,0
1789366872585837449,58386568,516,0,277632,0
1789366873604606413,58388232,576,0,277632,0
1789366873612933527,58388236,576,0,277632,0
1789366874633179495,58389072,616,0,277632,0
1789366874641702116,58389072,616,0,277632,0
1789366875663420113,58388896,52,0,277632,0
1789366875672350542,58388896,52,0,277632,0
1789366876693793461,58388688,300,0,277632,0
1789366876702582964,58388688,300,0,277632,0
1789366877721619011,58387068,456,0,277632,0
1789366877729910476,58386312,456,0,277632,0
1789366878749010879,58386988,492,0,277632,0
1789366878757427415,58387492,492,0,277632,0
1789366879779317942,58384852,580,0,277632,0
1789366879787525686,58384852,580,0,277632,0
1789366880809582981,58387620,64,0,277632,0
1789366880817648420,58387620,64,0,277632,0
1789366881838569728,58386372,276,0,277632,0
1789366881847583783,58386372,276,0,277632,0
1789366882866431754,58382068,480,0,277632,0
1789366882875166775,58381816,480,0,277632,0
1789366883893113239,58383808,508,0,277632,0
1789366883902853458,58384612,560,0,277632,0
1789366884923915160,58385812,608,0,277632,0
1789366884933686097,58385812,608,0,277632,0
1789366885955174515,58382380,44,0,277632,0
1789366885964559068,58382380,44,0,277632,0
1789366886985523593,58386228,420,0,277632,0
1789366886994317539,58386732,420,0,277632,0
1789366888012581728,58385352,540,0,277632,0
1789366888021874181,58385352,540,0,277632,0
1789366889039410025,58387136,584,0,277632,0
1789366889048653578,58387136,584,0,277632,0
1789366890066413516,58386452,632,0,277632,0
1789366890074902396,58386452,636,0,277632,0
1789366891093318232,58386548,12,0,277632,0
1789366891101916245,58386044,16,0,277632,0
1789366892119143919,58383824,4736,0,277632,0
1789366892128253362,58383824,4736,0,277632,0
1789366893146255023,58383032,4872,0,277632,0
1789366893154942380,58382812,4876,0,277632,0
1789366894173863481,58383336,4924,0,277632,0
1789366894182119815,58383336,4924,0,277632,0
1789366895204534604,58383136,4976,0,277632,0
1789366895212763218,58383136,4976,0,277632,0
1789366896235687474,58381852,28,0,277632,0
1789366896243235402,58381852,28,0,277632,0
1789366897266393549,58380884,2668,0,277632,0
1789366897273747138,58380884,2668,0,277632,0
1789366898296890836,58382396,2708,0,277632,0
1789366898304526960,58382148,2708,0,277632,0
1789366899327418708,58382568,2816,0,277632,0
1789366899334941376,58382124,2816,0,277632,0
1789366900358245423,58382764,2852,0,277632,0
1789366900365642902,58383268,2852,0,277632,0
1789366901389396690,58383716,56,0,277632,0
1789366901396717600,58383716,56,0,277632,0
1789366902420070934,58385408,1184,0,277632,0
1789366902427322129,58385912,1184,0,277632,0
1789366903450895532,58385524,1220,0,277632,0
1789366903457435106,58385020,1220,0,277632,0
1789366904480499220,58383644,1252,0,277632,0
1789366904488273629,58383644,1252,0,277632,0
1789366905511193362,58382772,1384,0,277632,0
1789366905518978563,58382772,1384,0,277632,0
1789366906541853698,58381940,36,0,277632,0
1789366906548811672,58381940,36,0,277632,0
1789366907572609837,58380440,276,0,277632,0
1789366907579136216,58379936,276,0,277632,0
1789366908602880372,58379884,428,0,277632,0
1789366908610090110,58379884,428,0,277632,0
1789366909633314758,58378568,456,0,277632,0
1789366909640887758,58378568,456,0,277632,0
1789366910663226280,58381380,612,0,277632,0
1789366910671296064,58381380,612,0,277632,0
1789366911694045439,58382056,48,0,277632,0
1789366911701528343,58382056,48,0,277632,0
1789366912724530718,58381952,392,0,277632,0
1789366912732410667,58381952,392,0,277632,0
1789366913755102639,58383612,448,0,277632,0
1789366913763254781,58383612,448,0,277632,0
1789366914785913440,58382556,500,0,277632,0
1789366914793706611,58382556,500,0,277632,0
1789366915817171889,58385228,572,0,277632,0
1789366915824516798,58385228,572,0,277632,0
1789366916847979132,58383460,172,0,277632,0
1789366916855307130,58383968,172,0,277632,0
1789366917878052881,58382392,380,0,277632,0
1789366917885278606,58382392,380,0,277632,0
1789366918904853288,58382260,468,0,277632,0
1789366918911552271,58382512,468,0,277632,0
1789366919931620286,58383628,500,0,277632,0
1789366919938385868,58383132,500,0,277632,0
1789366920958768769,58383312,524,0,277632,0
1789366920965469849,58383312,524,0,277632,0
1789366921985635490,58383516,332,0,277632,0
1789366921992278569,58383012,332,0,277632,0
1789366923012205732,58383176,428,0,277632,0
1789366923019476749,58384688,428,0,277632,0
1789366924042830132,58382776,476,0,277632,0
1789366924050010167,58382776,476,0,277632,0
1789366925073255560,58382888,528,0,277632,0
1789366925080466855,58382888,528,0,277632,0
1789366926104294342,58384084,568,0,277632,0
1789366926111000256,58384084,568,0,277632,0
1789366927135108757,58383496,16,0,277632,0
1789366927141845003,58382992,16,0,277632,0
1789366928165781832,58384056,124,0,277632,0
1789366928172912494,58384056,132,0,277632,0
1789366929196449762,58387452,304,0,277632,0
1789366929203613668,58387452,304,0,277632,0
1789366930226909842,58387776,332,0,277632,0
1789366930234645076,58388280,332,0,277632,0
1789366931257866766,58388608,368,0,277632,0
1789366931265109158,58389112,372,0,277632,0
1789366932289196016,58388732,88,0,277632,0
1789366932295707447,58388732,88,0,277632,0
1789366933320508487,58389308,280,0,277632,0
1789366933326968164,58389308,280,0,277632,0
1789366934351750580,58390184,304,0,277632,0
1789366934358126986,58390184,304,0,277632,0
1789366935383221524,58391488,388,0,277632,0
1789366935388791482,58391488,388,0,277632,0
1789366936414732475,58389784,428,0,277632,0
1789366936418935568,58389784,428,0,277632,0
1789366937446276153,58389176,116,0,277632,0
1789366937449415129,58389176,116,0,277632,0
1789366938477034265,58387544,264,0,277632,0
1789366938479697601,58387040,264,0,277632,0
1789366939507503094,58387680,348,0,277632,0
1789366939510209049,58387680,348,0,277632,0
1789366940537877462,58387780,412,0,277632,0
1789366940540463641,58387780,412,0,277632,0
1789366941568100073,58385692,496,0,277632,0
1789366941570308476,58385692,496,0,277632,0
1789366942593745467,58387064,692,0,277632,0
1789366942596770681,58387064,692,0,277632,0
1789366943619266762,58387160,236,0,277632,0
1789366943623766677,58387160,236,0,277632,0
1789366944645262710,58387448,272,0,277632,0
1789366944649816517,58387448,272,0,277632,0
1789366945670950455,58387068,332,0,277632,0
1789366945676400117,58386060,332,0,277632,0
1789366946697791743,58385664,368,0,277632,0
1789366946703318091,58385160,368,0,277632,0
1789366947730457741,58385308,588,0,277632,0
1789366947745024998,58385060,588,0,277632,0
1789366948760492951,58383184,296,0,277632,0
1789366948775079858,58383436,296,0,277632,0
1789366949790724116,58383840,344,0,277632,0
1789366949805296679,58383840,344,0,277632,0
1789366950821039451,58382736,384,0,277632,0
1789366950835113547,58382736,384,0,277632,0
1789366951851472818,58384408,516,0,277632,0
1789366951865242873,58384408,516,0,277632,0
1789366952881463414,58386068,0,132,277632,0
1789366952895040622,58386068,0,132,277632,0
1789366953911635078,58386964,212,0,277632,0
1789366953925067711,58386752,252,0,277632,0
1789366954941906696,58386344,348,0,277632,0
1789366954954845920,58386344,348,0,277632,0
1789366955971949869,58387520,388,0,277632,0
1789366955985259202,58387016,388,0,277632,0
1789366957001873855,58385596,568,0,277632,0
1789366957015448421,58385596,568,0,277632,0
1789366958031203401,58385660,124,0,277632,0
1789366958044867650,58385668,128,0,277632,0
1789366959061617709,58383828,136,0,277632,0
1789366959074441220,58384332,136,0,277632,0
1789366960092369441,58383692,308,0,277632,0
1789366960104471605,58383692,308,0,277632,0
1789366961123031209,58383556,388,0,277632,0
1789366961134975741,58383556,388,0,277632,0
1789366962154247699,58383680,556,0,277632,0
1789366962165013370,58383680,556,0,277632,0
1789366963185708497,58381492,120,4,277632,0
1789366963197726958,58380988,132,4,277632,0
1789366964216791987,58381140,252,0,277632,0
1789366964229188596,58381140,252,0,277632,0
1789366965249016855,58381352,280,0,277632,0
1789366965261574996,58380848,280,0,277632,0
1789366966279942507,58380472,368,0,277632,0
1789366966292473003,58379216,368,0,277632,0
1789366967307153385,58380312,544,0,277632,0
1789366967319191736,58379808,544,0,277632,0
1789366968333843094,58379132,92,0,277632,0
1789366968345710938,58380644,92,0,277632,0
1789366969360730715,58381244,232,0,277632,0
1789366969372789974,58381748,232,0,277632,0
1789366970386834964,58380668,272,0,277632,0
1789366970399510509,58380668,272,0,277632,0
1789366971413706020,58382368,388,0,277632,0
1789366971426236945,58382872,388,0,277632,0
1789366972440213074,58383100,560,0,277632,0
1789366972453593605,58383612,560,0,277632,0
1789366973470286352,58383228,4,0,277632,0
1789366973483886848,58383036,116,0,277632,0
1789366974499967751,58385504,228,0,277632,0
1789366974513998844,58385504,228,0,277632,0
1789366975530156633,58384180,268,0,277632,0
1789366975544182566,58384180,268,0,277632,0
1789366976560722114,58383072,352,0,277632,0
1789366976574196596,58383836,360,0,277632,0
1789366977590507287,58385716,372,0,277632,0
1789366977604660654,58385716,372,0,277632,0
1789366978620117684,58385312,28,168,277632,0
1789366978634085702,58385828,28,168,277632,0
1789366979650302922,58385624,252,0,277632,0
1789366979666049248,58385372,252,0,277632,0
1789366980681006881,58384192,292,0,277632,0
1789366980696414087,58385200,292,0,277632,0
1789366981710856656,58383832,328,0,277632,0
1789366981726367571,58384084,328,0,277632,0
1789366982741595248,58382776,456,0,277632,0
1789366982756893484,58382272,456,0,277632,0
1789366983772136094,58381952,8,228,277632,0
1789366983787215649,58382960,8,228,277632,0
1789366984802524411,58380528,104,0,277632,0
1789366984817859621,58380024,104,0,277632,0
1789366985833037108,58378892,156,0,277632,0
1789366985848460121,58378388,156,0,277632,0
1789366986863636290,58376308,308,0,277632,0
1789366986878799069,58376812,308,0,277632,0
1789366987893902788,58376100,332,0,277632,0
1789366987909088399,58376104,332,0,277632,0
1789366988924900880,58375956,0,0,277632,0
1789366988938918767,58375968,44,0,277632,0
1789366989955397156,58376176,144,0,277632,0
1789366989969353523,58375672,144,0,277632,0
1789366990985420564,58375808,344,0,277632,0
1789366990998814869,58375556,344,0,277632,0
1789366992012304825,58375664,396,0,277632,0
1789366992025725760,58375664,396,0,277632,0
1789366993038835893,58376704,452,0,277632,0
1789366993052391487,58375952,452,0,277632,0
1789366994065584420,58374044,156,0,277632,0
1789366994079340817,58373796,156,0,277632,0
1789366995092138539,58374428,268,0,277632,0
1789366995105855280,58374428,268,0,277632,0
1789366996119207022,58376256,376,0,277632,0
1789366996133220746,58375752,376,0,277632,0
1789366997149217019,58378208,416,0,277632,0
1789366997163229508,58377704,416,0,277632,0
1789366998179741172,58379680,456,0,277632,0
1789366998193933586,58379680,456,0,277632,0
1789366999210393908,58378744,28,0,277632,0
1789366999224223274,58378240,28,0,277632,0
1789367000240354999,58377144,284,0,277632,0
1789367000254423466,58377144,284,0,277632,0
1789367001271022284,58377444,300,0,277632,0
1789367001284658221,58377444,300,0,277632,0
1789367002301241219,58377836,384,0,277632,0
1789367002314244791,58377836,384,0,277632,0
1789367003331392793,58379032,416,0,277632,0
1789367003344605513,58380040,416,0,277632,0
1789367004361904610,58379196,24,184,277632,0
1789367004374956655,58379700,24,184,277632,0
1789367005392383784,58380532,316,0,277632,0
1789367005405658187,58379780,316,0,277632,0
1789367006422896872,58381564,372,0,277632,0
1789367006435907801,58382068,372,0,277632,0
1789367007452819906,58381652,412,0,277632,0
1789367007466135679,58381652,412,0,277632,0
1789367008483187156,58381000,460,0,277632,0
1789367008497047648,58381000,460,0,277632,0
1789367009515527251,58380412,36,12,277632,0
1789367009527344600,58380412,36,12,277632,0
1789367010546339227,58379760,124,0,277632,0
1789367010558099822,58380264,124,0,277632,0
1789367011577311377,58382216,304,0,277632,0
1789367011589406067,58382216,304,0,277632,0
1789367012607493513,58379824,388,0,277632,0
1789367012619066093,58379320,388,0,277632,0
1789367013637606488,58379452,440,0,277632,0
1789367013649026414,58379956,440,0,277632,0
1789367014666815918,58383200,144,0,277632,0
1789367014678932436,58383452,144,0,277632,0
1789367015693001072,58384844,112,0,277632,0
1789367015705821413,58385096,112,0,277632,0
1789367016719234135,58383448,352,0,277632,0
1789367016732682747,58382948,352,0,277632,0
1789367017746007617,58382968,380,0,277632,0
1789367017759367632,58382464,380,0,277632,0
1789367018772815884,58383064,600,0,277632,0
1789367018785842925,58383064,600,0,277632,0
1789367019799243143,58382420,148,0,277632,0
1789367019812561021,58382168,148,0,277632,0
1789367020826755610,58380604,248,0,277632,0
1789367020839446614,58380108,248,0,277632,0
1789367021857054006,58380728,300,0,277632,0
1789367021868936611,58380476,300,0,277632,0
1789367022887389966,58380264,436,0,277632,0
1789367022898715670,58380264,436,0,277632,0
1789367023917926344,58381060,576,0,277632,0
1789367023929508854,58381060,576,0,277632,0
1789367024948519118,58382812,28,0,277632,0
1789367024960560414,58382812,28,0,277632,0
1789367025979613926,58385212,128,0,277632,0
1789367025991020622,58384708,128,0,277632,0
1789367027010375372,58383420,288,0,277632,0
1789367027022188399,58383420,288,0,277632,0
1789367028040121700,58382320,384,0,277632,0
1789367028052087366,58381568,384,0,277632,0
1789367029067419616,58380164,592,0,277632,0
1789367029079638972,58380416,592,0,277632,0
1789367030098736300,58379516,20,0,277632,0
1789367030110487494,58379516,20,0,277632,0
1789367031129509535,58379220,260,0,277632,0
1789367031141172719,58379220,260,0,277632,0
1789367032159503281,58378360,312,0,277632,0
1789367032171399525,58378360,312,0,277632,0
1789367033189441205,58378488,368,0,277632,0
1789367033201208470,58378488,368,0,277632,0
1789367034219442584,58379444,600,0,277632,0
1789367034231457689,58379444,600,0,277632,0
1789367035250122641,58380028,12,0,277632,0
1789367035262262519,58379524,12,0,277632,0
1789367036281121702,58378360,252,0,277632,0
1789367036292620815,58378360,252,0,277632,0
1789367037311481194,58378000,352,0,277632,0
1789367037322292091,58378000,352,0,277632,0
1789367038341840983,58379920,404,0,277632,0
1789367038352967442,58379920,404,0,277632,0
1789367039372470937,58380020,644,0,277632,0
1789367039382587290,58379268,644,0,277632,0
1789367040399672955,58378664,16,56,277632,0
1789367040409811359,58378160,16,56,277632,0
1789367041426858014,58377572,252,0,277632,0
1789367041436923267,58377572,252,0,277632,0
1789367042453364554,58379580,344,0,277632,0
1789367042463095564,58380084,344,0,277632,0
1789367043480172921,58380016,372,0,277632,0
1789367043489713988,58380016,372,0,277632,0
1789367044520306052,58379896,584,0,277632,0
1789367044521187830,58379896,584,0,277632,0
1789367045547451667,58380264,32,0,277632,0
1789367045548959756,58380264,32,0,277632,0
1789367046578087201,58381172,136,0,277632,0
1789367046579714145,58381172,136,0,277632,0
1789367047608513909,58380996,164,0,277632,0
1789367047610287458,58380996,164,0,277632,0
1789367048638952765,58382176,472,0,277632,0
1789367048641292191,58382176,472,0,277632,0
1789367049669609363,58380252,520,0,277632,0
1789367049672187347,58380252,520,0,277632,0
1789367050700522983,58380868,28,92,277632,0
1789367050703063194,58380868,28,92,277632,0
1789367051731075348,58380252,148,0,277632,0
1789367051733741098,58380252,148,0,277632,0
1789367052762168472,58378336,176,0,277632,0
1789367052764592867,58378336,176,0,277632,0
1789367053793284783,58379116,364,0,277632,0
1789367053795417240,58378612,364,0,277632,0
1789367054824283156,58377376,556,0,277632,0
1789367054826220259,58377376,556,0,277632,0
1789367055855023835,58378888,20,0,277632,0
1789367055857356981,58378888,20,0,277632,0
1789367056886039727,58379112,312,0,277632,0
1789367056888335557,58379112,312,0,277632,0
1789367057916416669,58379372,352,0,277632,0
1789367057918618617,58378868,352,0,277632,0
1789367058946624577,58380092,532,0,277632,0
1789367058948596514,58380092,532,0,277632,0
1789367059977567646,58380532,576,0,277632,0
1789367059979353960,58380532,576,0,277632,0
1789367061008037138,58380272,104,0,277632,0
1789367061009980870,58379768,104,0,277632,0
1789367062037269990,58377952,316,0,277632,0
1789367062040039594,58377952,316,0,277632,0
1789367063068150629,58376840,340,0,277632,0
1789367063070454035,58376840,340,0,277632,0
1789367064098306702,58376944,536,0,277632,0
1789367064100679242,58376944,536,0,277632,0
1789367065124839740,58377340,584,0,277632,0
1789367065126969356,58377340,584,0,277632,0
1789367066151614406,58376484,620,0,277632,0
1789367066153986094,58376484,620,0,277632,0
1789367067178739864,58376120,252,0,277632,0
1789367067181223987,58376120,252,0,277632,0
1789367068205343604,58378076,328,0,277632,0
1789367068207750957,58378076,328,0,277632,0
1789367069231965355,58381148,528,0,277632,0
1789367069233867867,58381148,528,0,277632,0
1789367070259233669,58382896,552,0,277632,0
1789367070260407011,58382896,552,0,277632,0
1789367071284838212,58384524,624,0,277632,0
1789367071287177945,58384524,624,0,277632,0
1789367072311695567,58386232,176,0,277632,0
1789367072314022352,58386232,176,0,277632,0
1789367073338831249,58385660,320,0,277632,0
1789367073340298276,58385660,320,0,277632,0
1789367074365978651,58386132,496,0,277632,0
1789367074366842027,58386132,496,0,277632,0
1789367075392847707,58386004,556,0,277632,0
1789367075392948954,58386004,556,0,277632,0
1789367076419000144,58384908,576,0,277632,0
1789367076420115474,58384908,576,0,277632,0
1789367077446348224,58387888,212,0,277632,0
1789367077447384392,58387888,212,0,277632,0
1789367078476140305,58386600,324,0,277632,0
1789367078476971741,58386600,324,0,277632,0
1789367079504949264,58384952,504,0,277632,0
1789367079506784793,58384952,504,0,277632,0
1789367080532237012,58387576,564,0,277632,0
1789367080534114768,58387576,564,0,277632,0
1789367081560435756,58386440,592,0,277632,0
1789367081562170814,58386440,592,0,277632,0
1789367082591361578,58385516,676,0,277632,0
1789367082593274411,58385516,676,0,277632,0
1789367083621578559,58385092,440,0,277632,0
1789367083623626573,58385092,440,0,277632,0
1789367084649466729,58385224,492,0,277632,0
1789367084651505962,58385224,492,0,277632,0
1789367085677054752,58383540,532,0,277632,0
1789367085679084110,58383540,532,0,277632,0
1789367086708261885,58384888,616,0,277632,0
1789367086709689042,58384888,616,0,277632,0
1789367087740116904,58383188,28,0,277632,0
1789367087741267346,58383188,28,0,277632,0
1789367088770693460,58384520,320,0,277632,0
1789367088772084663,58384520,320,0,277632,0
1789367089798156157,58387152,500,0,277632,0
1789367089799490986,58387152,500,0,277632,0
1789367090826240988,58386748,556,0,277632,0
1789367090827662523,58386748,556,0,277632,0
1789367091857691603,58386552,604,0,277632,0
1789367091858900839,58386552,604,0,277632,0
1789367092887852355,58384636,128,0,277632,0
1789367092889563355,58384636,128,0,277632,0
1789367093916626812,58386940,448,0,277632,0
1789367093918148971,58386940,448,0,277632,0
1789367094944038749,58387060,480,0,277632,0
1789367094945625758,58387060,480,0,277632,0
1789367095973049749,58387140,516,0,277632,0
1789367095974585334,58386636,516,0,277632,0
1789367097004122481,58386248,572,0,277632,0
1789367097006283585,58386248,572,0,277632,0
1789367098035368148,58387048,112,0,277632,0
1789367098037792321,58387048,112,0,277632,0
1789367099063892086,58387420,412,0,277632,0
1789367099065763178,58387420,412,0,277632,0
1789367100091659706,58388788,468,0,277632,0
1789367100093574967,58388788,468,0,277632,0
1789367101122967345,58387384,524,0,277632,0
1789367101124989107,58387384,524,0,277632,0
1789367102153554510,58388256,708,0,277632,0
1789367102155258014,58388256,708,0,277632,0
1789367103183666015,58387172,228,0,277632,0
1789367103185766599,58386668,228,0,277632,0
1789367104210769558,58384856,892,0,277632,0
1789367104212561654,58384856,892,0,277632,0
1789367105237962580,58386860,940,0,277632,0
1789367105239297288,58386868,940,0,277632,0
1789367106265074219,58390056,1004,0,277632,0
1789367106266213854,58390056,1004,0,277632,0
1789367107291801526,58391468,1056,0,277632,0
1789367107293160526,58391468,1056,0,277632,0
1789367108318529000,58392792,0,196,277632,0
1789367108319711463,58392792,0,196,277632,0
1789367109345623747,58391952,5280,0,277632,0
1789367109346608169,58391952,5280,0,277632,0
1789367110373452436,58389232,5488,0,277632,0
1789367110374454455,58388728,5488,0,277632,0
1789367111404251540,58389376,5508,0,277632,0
1789367111405189426,58389376,5508,0,277632,0
1789367112433846635,58389236,5576,0,277632,0
1789367112434752218,58389236,5576,0,277632,0
1789367113464781774,58389236,5580,0,277632,0
1789367113466041028,58389236,5580,0,277632,0
1789367114495609225,58388616,3292,0,277632,0
1789367114497008884,58388616,3292,0,277632,0
1789367115526471721,58387936,3348,0,277632,0
1789367115527457891,58387936,3348,0,277632,0
1789367116557575341,58387516,3400,0,277632,0
1789367116558548829,58387516,3400,0,277632,0
1789367117588384951,58386888,3436,0,277632,0
1789367117590063917,58386888,3436,0,277632,0
1789367118619093644,58388916,3964,0,277632,0
1789367118620745322,58388916,3964,0,277632,0
1789367119650192478,58387300,812,412,277632,0
1789367119651269053,58387300,812,412,277632,0
1789367120681147918,58387100,812,0,277632,0
1789367120682332183,58387100,812,0,277632,0
1789367121712181466,58387860,992,0,277632,0
1789367121713298878,58387860,992,0,277632,0
1789367122743309977,58388720,1056,0,277632,0
1789367122744700293,58388720,1056,0,277632,0
1789367123773927865,58387624,1168,0,277632,0
1789367123775754770,58387624,1168,0,277632,0
1789367124804661027,58387288,112,0,277632,0
1789367124806327650,58386784,112,0,277632,0
1789367125835762621,58388740,292,0,277632,0
1789367125837223652,58388740,292,0,277632,0
1789367126866913706,58385040,364,0,277632,0
1789367126868284137,58385040,364,0,277632,0
1789367127897895471,58383436,396,0,277632,0
1789367127899068436,58384012,400,0,277632,0
1789367128928977849,58383940,596,0,277632,0
1789367128929923859,58383940,596,0,277632,0
1789367129959886519,58380152,92,0,277632,0
1789367129961018599,58380152,92,0,277632,0
1789367130990871351,58377980,144,0,277632,0
1789367130992389226,58377980,144,0,277632,0
1789367132021359604,58379184,332,0,277632,0
1789367132023348840,58379184,332,0,277632,0
1789367133051326855,58380036,376,0,277632,0
1789367133053535411,58380036,376,0,277632,0
1789367134078508604,58377956,572,0,277632,0
1789367134080598133,58377956,572,0,277632,0
1789367135105167834,58380476,216,0,277632,0
1789367135106900199,58380476,216,0,277632,0
1789367136131486662,58380796,268,0,277632,0
1789367136133659671,58380796,268,0,277632,0
1789367137158441844,58380920,360,0,277632,0
1789367137160267491,58380920,360,0,277632,0
1789367138186390413,58380296,464,0,277632,0
1789367138187478401,58380296,464,0,277632,0
1789367139217603916,58379640,640,0,277632,0
1789367139218839639,58379640,640,0,277632,0
1789367140248852326,58380052,180,0,277632,0
1789367140249864088,58380052,180,0,277632,0
1789367141279829487,58377872,296,0,277632,0
1789367141280932811,58377872,296,0,277632,0
1789367142310899518,58375832,344,0,277632,0
1789367142312263716,58375832,344,0,277632,0
1789367143341718549,58374684,460,0,277632,0
1789367143343218756,58374180,460,0,277632,0
1789367144372938504,58373660,644,0,277632,0
1789367144374113887,58373660,644,0,277632,0
1789367145404567967,58376596,172,0,277632,0
1789367145405302585,58376596,172,0,277632,0
1789367146435842819,58377096,288,0,277632,0
1789367146436707084,58377096,288,0,277632,0
1789367147467118661,58376260,308,0,277632,0
1789367147468235383,58376260,308,0,277632,0
1789367148498153870,58374400,536,0,277632,0
1789367148499231353,58374400,536,0,277632,0
1789367149528815991,58375336,560,0,277632,0
1789367149530618804,58375336,560,0,277632,0
1789367150560091457,58373684,56,348,277632,0
1789367150561447304,58373684,56,348,277632,0
1789367151591706264,58374680,276,0,277632,0
1789367151593130460,58374680,276,0,277632,0
1789367152622524717,58376828,312,0,277632,0
1789367152623634666,58376828,312,0,277632,0
1789367153653919178,58377988,524,0,277632,0
1789367153654980091,58377988,524,0,277632,0
1789367154684742301,58377732,572,0,277632,0
1789367154686294076,58377732,572,0,277632,0
1789367155715685845,58377536,56,56,277632,0
1789367155717172132,58377536,56,56,277632,0
1789367156746491655,58378924,144,0,277632,0
1789367156747771739,58378924,144,0,277632,0
1789367157773860831,58381064,316,0,277632,0
1789367157774967760,58381064,316,0,277632,0
1789367158801114155,58379876,340,0,277632,0
1789367158802288000,58379876,340,0,277632,0
1789367159827600857,58379536,528,0,277632,0
1789367159829135777,58379536,528,0,277632,0
1789367160854629361,58378628,52,168,277632,0
1789367160856150081,58378628,52,168,277632,0
1789367161881818661,58377892,324,0,277632,0
1789367161883143020,58377892,324,0,277632,0
1789367162909489776,58377016,372,0,277632,0
1789367162910590191,58377016,372,0,277632,0
1789367163940544068,58379236,548,0,277632,0
1789367163941361412,58379236,548,0,277632,0
1789367164971985357,58378664,560,0,277632,0
1789367164972528089,58378664,560,0,277632,0
1789367166003434777,58380712,24,0,277632,0
1789367166004658438,58381216,24,0,277632,0
1789367167034657364,58378392,152,0,277632,0
1789367167035805473,58378392,152,0,277632,0
1789367168065077905,58376744,344,0,277632,0
1789367168066676098,58376744,344,0,277632,0
1789367169095677578,58376612,540,0,277632,0
1789367169097080500,58376612,540,0,277632,0
1789367170126696859,58375724,580,0,277632,0
1789367170128192301,58375724,580,0,277632,0
1789367171157477770,58376400,8,0,277632,0
1789367171159219965,58375896,8,0,277632,0
1789367172188679312,58376508,248,0,277632,0
1789367172190196919,58376508,248,0,277632,0
1789367173219617454,58376636,368,0,277632,0
1789367173220799943,58376636,368,0,277632,0
1789367174250604220,58377532,524,0,277632,0
1789367174251899413,58377532,524,0,277632,0
1789367175281345757,58377380,588,0,277632,0
1789367175282689523,58377380,588,0,277632,0
1789367176312272411,58376808,48,24,277632,0
1789367176313419510,58376808,48,24,277632,0
1789367177343613732,58376724,272,0,277632,0
1789367177345071543,58376724,272,0,277632,0
1789367178374822302,58375620,296,0,277632,0
1789367178376604467,58375620,296,0,277632,0
1789367179406719458,58376364,556,0,277632,0
1789367179407717924,58376364,556,0,277632,0
1789367180437785195,58376812,588,0,277632,0
1789367180438973994,58376308,588,0,277632,0
1789367181469081064,58376528,0,176,277632,0
1789367181470233005,58376528,0,176,277632,0
1789367182500250572,58374424,124,0,277632,0
1789367182501708376,58374424,124,0,277632,0
1789367183531708474,58376308,300,0,277632,0
1789367183533098535,58376308,300,0,277632,0
1789367184563332890,58374120,340,0,277632,0
1789367184564677935,58374120,340,0,277632,0
1789367185594930699,58376000,588,0,277632,0
1789367185595902951,58375776,588,0,277632,0
1789367186626008285,58376952,88,24,277632,0
1789367186627319675,58376952,88,24,277632,0
1789367187656806976,58376524,264,0,277632,0
1789367187658464747,58376524,264,0,277632,0
1789367188688027284,58378404,444,0,277632,0
1789367188689987826,58378152,444,0,277632,0
1789367189719714082,58379488,492,0,277632,0
1789367189721410118,58379488,492,0,277632,0
1789367190750653083,58377872,540,0,277632,0
1789367190753664362,58377368,540,0,277632,0
1789367191782033782,58377376,124,0,277632,0
1789367191784722686,58377880,124,0,277632,0
1789367192810670160,58376060,352,0,277632,0
1789367192812544431,58375556,352,0,277632,0
1789367193841808549,58376148,548,0,277632,0
1789367193843263794,58375668,548,0,277632,0
1789367194873114423,58378276,592,0,277632,0
1789367194874150989,58378276,592,0,277632,0
1789367195905711531,58378540,640,0,277632,0
1789367195905969452,58378540,640,0,277632,0
1789367196937613100,58377296,16,0,277632,0
1789367196938407125,58377296,16,0,277632,0
1789367197969519238,58375092,260,0,277632,0
1789367197970674593,58375092,260,0,277632,0
1789367199001231553,58374196,468,0,277632,0
1789367199002349102,58374196,468,0,277632,0
1789367200031604075,58371004,524,0,277632,0
1789367200033519326,58371004,524,0,277632,0
1789367201062207165,58370592,592,0,277632,0
1789367201064896284,58370592,592,0,277632,0
1789367202092324625,58370728,192,0,277632,0
1789367202094928670,58370728,192,0,277632,0
1789367203122996128,58371320,120,0,277632,0
1789367203125745410,58371320,120,0,277632,0
1789367204154011918,58371448,408,0,277632,0
1789367204156737863,58372456,408,0,277632,0
1789367205184605112,58373372,436,0,277632,0
1789367205186933004,58373644,436,0,277632,0
1789367206215234238,58376580,476,0,277632,0
1789367206219142381,58376580,476,0,277632,0
1789367207247407418,58375656,588,0,277632,0
1789367207250050262,58375656,588,0,277632,0
1789367208278621646,58376200,112,0,277632,0
1789367208281361478,58376200,112,0,277632,0
1789367209309103540,58377260,408,0,277632,0
1789367209311564782,58377260,408,0,277632,0
1789367210336126590,58379392,476,0,277632,0
1789367210338429539,58379392,476,0,277632,0
1789367211362850549,58380236,488,0,277632,0
1789367211365453555,58380740,488,0,277632,0
1789367212390108846,58379864,608,0,277632,0
1789367212392532236,58380368,608,0,277632,0
1789367213417170395,58383432,224,0,277632,0
1789367213419395463,58382928,224,0,277632,0
1789367214443869155,58382960,432,0,277632,0
1789367214445973039,58382960,432,0,277632,0
1789367215471582005,58384584,464,0,277632,0
1789367215473553820,58383832,464,0,277632,0
1789367216502039416,58381920,508,0,277632,0
1789367216505241629,58381920,508,0,277632,0
1789367217532892834,58383056,592,0,277632,0
1789367217535328987,58383056,592,0,277632,0
1789367218563454573,58381412,92,0,277632,0
1789367218566645147,58381412,92,0,277632,0
1789367219594309186,58383448,232,0,277632,0
1789367219597206146,58384960,232,0,277632,0
1789367220625933867,58383396,476,0,277632,0
1789367220628896240,58383396,476,0,277632,0
1789367221657183809,58382340,508,0,277632,0
1789367221661111312,58382340,508,0,277632,0
1789367222688942663,58382288,612,0,277632,0
1789367222692306116,58382288,612,0,277632,0
1789367223719382700,58383460,60,192,277632,0
1789367223722768390,58383460,60,192,277632,0
1789367224750151530,58384412,424,0,277632,0
1789367224752910856,58384412,424,0,277632,0
1789367225779253002,58386128,448,0,277632,0
1789367225782410684,58386128,448,0,277632,0
1789367226809819813,58384616,520,0,277632,0
1789367226812453857,58384616,520,0,277632,0
1789367227840538929,58382948,544,0,277632,0
1789367227842550361,58382948,544,0,277632,0
1789367228870725511,58381084,364,44,277632,0
1789367228872872086,58381084,364,44,277632,0
1789367229901230037,58380688,300,0,277632,0
1789367229903814626,58380688,300,0,277632,0
1789367230931386276,58381844,468,0,277632,0
1789367230934215116,58381844,468,0,277632,0
1789367231961903573,58381420,496,0,277632,0
1789367231964315064,58381420,496,0,277632,0
1789367232992253620,58381544,588,0,277632,0
1789367232994763371,58381544,588,0,277632,0
1789367234022488076,58383432,92,0,277632,0
1789367234025343856,58383432,92,0,277632,0
1789367235053095645,58381120,316,0,277632,0
1789367235055925835,58381624,316,0,277632,0
1789367236083690746,58382280,348,0,277632,0
1789367236086671812,58382280,348,0,277632,0
1789367237114584839,58381328,416,0,277632,0
1789367237117351834,58381328,416,0,277632,0
1789367238144937887,58382864,456,0,277632,0
1789367238147672598,58382864,456,0,277632,0
1789367239174748566,58380280,60,0,277632,0
1789367239177541475,58380280,60,0,277632,0
1789367240205309209,58379952,336,0,277632,0
1789367240208177119,58380456,336,0,277632,0
1789367241236148275,58379836,356,0,277632,0
1789367241238466062,58379836,356,0,277632,0
1789367242266960421,58379652,420,0,277632,0
1789367242268912031,58379652,420,0,277632,0
1789367243297548081,58378876,444,0,277632,0
1789367243299958088,58378876,444,0,277632,0
1789367244328662726,58377184,40,0,277632,0
1789367244330667539,58377184,40,0,277632,0
1789367245359233164,58379620,300,0,277632,0
1789367245362235078,58379620,300,0,277632,0
1789367246389693364,58380448,400,0,277632,0
1789367246391871918,58380448,400,0,277632,0
1789367247419937580,58381996,464,0,277632,0
1789367247422574990,58382500,464,0,277632,0
1789367248450930452,58383052,516,0,277632,0
1789367248453314199,58383052,516,0,277632,0
1789367249481629026,58385380,700,0,277632,0
1789367249483681272,58385380,700,0,277632,0
1789367250512983335,58384372,308,0,277632,0
1789367250514686373,58384372,308,0,277632,0
1789367251542949299,58385704,456,0,277632,0
1789367251545313381,58385704,456,0,277632,0
1789367252573249896,58386160,472,0,277632,0
1789367252574723450,58386160,472,0,277632,0
1789367253603155260,58385260,540,0,277632,0
1789367253605434287,58385260,540,0,277632,0
1789367254633380834,58386944,728,0,277632,0
1789367254636298048,58386944,728,0,277632,0
1789367255664768087,58387168,76,0,277632,0
1789367255666871010,58386664,76,0,277632,0
1789367256695135071,58387044,284,0,277632,0
1789367256697169823,58387044,284,0,277632,0
1789367257725569225,58383964,316,0,277632,0
1789367257728197898,58383964,320,0,277632,0
1789367258756182901,58384892,508,0,277632,0
1789367258758348372,58384892,508,0,277632,0
1789367259786786114,58386348,584,0,277632,0
1789367259788939716,58386852,584,0,277632,0
1789367260817078981,58384848,56,0,277632,0
1789367260818929510,58385352,56,0,277632,0
1789367261848129092,58384248,312,0,277632,0
1789367261849935199,58384248,312,0,277632,0
1789367262878365721,58381836,348,0,277632,0
1789367262880351987,58381836,348,0,277632,0
1789367263905314933,58381536,544,0,277632,0
1789367263907394366,58381536,544,0,277632,0
1789367264931651171,58381472,584,0,277632,0
1789367264934268787,58381472,584,0,277632,0
1789367265958477879,58380360,168,0,277632,0
1789367265960866597,58380864,168,0,277632,0
1789367266985559227,58382472,268,0,277632,0
1789367266987507675,58382472,268,0,277632,0
1789367268012526544,58379576,340,0,277632,0
1789367268014358720,58379576,340,0,277632,0
1789367269039871047,58378460,532,0,277632,0
1789367269041911015,58378460,532,0,277632,0
1789367270069606267,58378624,580,0,277632,0
1789367270072454945,58378624,580,0,277632,0
1789367271100411263,58379328,56,0,277632,0
1789367271102869930,58379328,56,0,277632,0
1789367272131243562,58377720,124,0,277632,0
1789367272133972892,58377720,124,0,277632,0
1789367273161763918,58378228,304,0,277632,0
1789367273164487132,58378228,304,0,277632,0
1789367274192227242,58377408,464,0,277632,0
1789367274195145571,58377408,464,0,277632,0
1789367275223026789,58377352,544,0,277632,0
1789367275226253768,58377352,544,0,277632,0
1789367276253611078,58377092,328,0,277632,0
1789367276257141135,58377092,328,0,277632,0
1789367277285007255,58375900,320,0,277632,0
1789367277287721919,58375396,320,0,277632,0
1789367278315966914,58373644,420,0,277632,0
1789367278318475624,58373644,420,0,277632,0
1789367279347069333,58372808,404,0,277632,0
1789367279349154386,58372808,404,0,277632,0
1789367280378334362,58373716,608,0,277632,0
1789367280380467405,58373716,608,0,277632,0
1789367281409410877,58377280,796,0,277632,0
1789367281411006086,58377280,796,0,277632,0
1789367282439963546,58377104,240,0,277632,0
1789367282441512868,58377104,240,0,277632,0
1789367283471151884,58377992,320,0,277632,0
1789367283472386412,58378496,320,0,277632,0
1789367284502537457,58382112,560,0,277632,0
1789367284503432203,58382112,560,0,277632,0
1789367285533484439,58381220,592,0,277632,0
1789367285534427814,58381220,592,0,277632,0
1789367286564420810,58385936,268,0,277632,0
1789367286565680896,58385936,268,0,277632,0
1789367287595068985,58386072,248,0,277632,0
1789367287597083693,58386576,248,0,277632,0
1789367288625701927,58384128,292,0,277632,0
1789367288628142699,58384128,292,0,277632,0
1789367289656995713,58382920,504,0,277632,0
1789367289658429652,58382920,504,0,277632,0
1789367290687382949,58382924,576,0,277632,0
1789367290689073068,58382924,576,0,277632,0
1789367291718138751,58383020,92,0,277632,0
1789367291719895834,58383020,92,0,277632,0
1789367292748713201,58384224,260,0,277632,0
1789367292751075499,58383720,260,0,277632,0
1789367293779269825,58382816,312,0,277632,0
1789367293781662021,58382816,312,0,277632,0
1789367294809840496,58380640,336,0,277632,0
1789367294811978892,58380640,336,0,277632,0
1789367295840975727,58378996,584,0,277632,0
1789367295843059795,58378996,584,0,277632,0
1789367296871633578,58378092,232,0,277632,0
1789367296873606399,58378092,232,0,277632,0
1789367297902769829,58379244,240,0,277632,0
1789367297904249855,58379244,240,0,277632,0
1789367298933336885,58379984,304,0,277632,0
1789367298935244616,58379984,304,0,277632,0
1789367299964034547,58377564,484,0,277632,0
1789367299965754716,58377564,484,0,277632,0
1789367300994666917,58376412,564,0,277632,0
1789367300996587840,58376412,564,0,277632,0
1789367302025504892,58373744,24,0,277632,0
1789367302026799412,58373744,24,0,277632,0
1789367303056369825,58373036,256,0,277632,0
1789367303057648092,58373036,256,0,277632,0
1789367304086449865,58377040,316,0,277632,0
1789367304088496819,58377040,316,0,277632,0
1789367305117267774,58375852,468,0,277632,0
1789367305118855252,58375852,468,0,277632,0
1789367306147622907,58374504,540,0,277632,0
1789367306149254187,58374504,540,0,277632,0
1789367307177888633,58373164,572,0,277632,0
1789367307179271728,58373164,572,0,277632,0
1789367308208787399,58372548,252,0,277632,0
1789367308210133908,58372548,252,0,277632,0
1789367309239173735,58372700,436,0,277632,0
1789367309241054162,58372700,436,0,277632,0
1789367310268794920,58371888,488,0,277632,0
1789367310270555912,58371888,488,0,277632,0
1789367311297946330,58370764,580,0,277632,0
1789367311299977183,58370764,580,0,277632,0
1789367312326938971,58372164,0,328,277632,0
1789367312329339771,58372164,0,328,277632,0
1789367313356611417,58371328,220,0,277632,0
1789367313359021397,58371328,220,0,277632,0
1789367314387457367,58373224,284,0,277632,0
1789367314389289162,58373224,284,0,277632,0
1789367315417349226,58373524,456,0,277632,0
1789367315418924395,58373528,456,0,277632,0
1789367316446259834,58374220,584,0,277632,0
1789367316448144508,58374220,584,0,277632,0
1789367317473733841,58374776,0,0,277632,0
1789367317475079710,58374528,4,0,277632,0
1789367318500827886,58378684,252,0,277632,0
1789367318502300520,58378684,252,0,277632,0
1789367319527910644,58377460,436,0,277632,0
1789367319529263405,58377460,436,0,277632,0
1789367320554635876,58375284,468,0,277632,0
1789367320556211596,58375284,468,0,277632,0
1789367321581793587,58376888,560,0,277632,0
1789367321583471987,58376888,560,0,277632,0
1789367322610818489,58376276,120,0,277632,0
1789367322612591518,58376276,120,0,277632,0
1789367323639927627,58373632,236,0,277632,0
1789367323642124134,58373128,236,0,277632,0
1789367324669626394,58372276,416,0,277632,0
1789367324671422312,58372276,416,0,277632,0
1789367325698296438,58369436,496,0,277632,0
1789367325699607637,58369436,496,0,277632,0
1789367326725000491,58370212,564,0,277632,0
1789367326727414868,58370212,564,0,277632,0
1789367327752938927,58373160,224,504,277632,0
1789367327755769530,58373160,224,504,277632,0
1789367328781547347,58373344,288,0,277632,0
1789367328783757143,58373344,288,0,277632,0
1789367329808827274,58375992,488,0,277632,0
1789367329811450628,58375992,488,0,277632,0
1789367330836997901,58374624,568,0,277632,0
1789367330840094625,58374624,568,0,277632,0
1789367331866334939,58375460,664,0,277632,0
1789367331869202224,58375460,664,0,277632,0
1789367332893928228,58376788,192,0,277632,0
1789367332898256777,58376788,192,0,277632,0
1789367333923394901,58377176,276,0,277632,0
1789367333925030065,58376672,276,0,277632,0
1789367334952528385,58375768,476,0,277632,0
1789367334953408330,58375768,476,0,277632,0
1789367335981645242,58376136,488,0,277632,0
1789367335982865320,58376136,488,0,277632,0
1789367337010095574,58375012,536,0,277632,0
1789367337011444904,58375012,536,0,277632,0
1789367338039706082,58374452,356,16,277632,0
1789367338041241752,58374452,356,16,277632,0
1789367339069125997,58374064,68,0,277632,0
1789367339071093977,58374064,68,0,277632,0
1789367340097780145,58372432,432,0,277632,0
1789367340100168024,58372432,432,0,277632,0
1789367341127742788,58372600,484,0,277632,0
1789367341130206444,58372600,484,0,277632,0
1789367342157833935,58372204,524,0,277632,0
1789367342158438284,58372204,524,0,277632,0
1789367343188223552,58370784,548,0,277632,0
1789367343189537061,58370784,548,0,277632,0
1789367344217958013,58371116,72,0,277632,0
1789367344219849432,58371116,72,0,277632,0
1789367345247969571,58371728,304,0,277632,0
1789367345249690051,58371728,304,0,277632,0
1789367346277794116,58370876,464,0,277632,0
1789367346280009438,58370876,464,0,277632,0
1789367347308435729,58370032,500,0,277632,0
1789367347310601337,58370032,500,0,277632,0
1789367348338968710,58370336,628,0,277632,0
1789367348340878731,58370336,628,0,277632,0
1789367349369344181,58370684,188,0,277632,0
1789367349371288717,58370684,188,0,277632,0
1789367350399647631,58370796,284,0,277632,0
1789367350401273624,58370796,284,0,277632,0
1789367351430599806,58371336,432,0,277632,0
1789367351432289191,58371336,432,0,277632,0
1789367352461624624,58371412,480,0,277632,0
1789367352462898133,58371412,480,0,277632,0
1789367353493196329,58371796,520,0,277632,0
1789367353494457807,58371292,520,0,277632,0
1789367354524284821,58371700,320,0,277632,0
1789367354524779765,58371700,320,0,277632,0
1789367355554545338,58373096,428,0,277632,0
1789367355555621777,58373096,428,0,277632,0
1789367356584508983,58369992,488,0,277632,0
1789367356585750396,58369992,488,0,277632,0
1789367357614809532,58369128,520,0,277632,0
1789367357616771967,58369632,520,0,277632,0
1789367358644940575,58371736,564,0,277632,0
1789367358646655116,58371736,564,0,277632,0
1789367359675263056,58369340,324,0,277632,0
1789367359677117893,58369340,324,0,277632,0
1789367360705729512,58370184,444,0,277632,0
1789367360707614678,58370184,444,0,277632,0
1789367361735803248,58369720,488,0,277632,0
1789367361737966104,58369720,488,0,277632,0
1789367362765723884,58370848,544,0,277632,0
1789367362767770668,58369596,552,0,277632,0
1789367363796678840,58371284,596,0,277632,0
1789367363799046512,58371284,596,0,277632,0
1789367364826993329,58369704,36,0,277632,0
1789367364829673132,58369704,36,0,277632,0
1789367365856760807,58367816,256,0,277632,0
1789367365859725534,58367816,256,0,277632,0
1789367366886913435,58367412,292,0,277632,0
1789367366889381050,58367412,292,0,277632,0
1789367367917384231,58368796,352,0,277632,0
1789367367920042278,58368796,352,0,277632,0
1789367368947154454,58371568,420,0,277632,0
1789367368949757878,58371568,420,0,277632,0
1789367369972020008,58371192,20,0,277632,0
1789367369976698416,58371192,20,0,277632,0
1789367370998425334,58368560,136,0,277632,0
1789367371003436837,58368560,136,0,277632,0
1789367372025022168,58367920,328,0,277632,0
1789367372030302737,58367928,328,0,277632,0
1789367373051024142,58368756,372,0,277632,0
1789367373057348179,58368028,372,0,277632,0
1789367374077141195,58369168,416,0,277632,0
1789367374083972646,58369168,416,0,277632,0
1789367375103606057,58370296,148,0,277632,0
1789367375111209333,58369792,148,0,277632,0
1789367376133281407,58370444,248,0,277632,0
1789367376140436019,58370196,248,0,277632,0
1789367377163618352,58368584,356,0,277632,0
1789367377171173268,58368584,356,0,277632,0
1789367378194363646,58367452,420,0,277632,0
1789367378201752820,58366948,420,0,277632,0
1789367379225409571,58366656,608,0,277632,0
1789367379232369298,58365904,608,0,277632,0
1789367380255747955,58367316,12,0,277632,0
1789367380262793380,58367316,12,0,277632,0
1789367381286266751,58368524,260,0,277632,0
1789367381293669481,58368524,260,0,277632,0
1789367382316697362,58367652,360,0,277632,0
1789367382324304635,58367652,360,0,277632,0
1789367383346748138,58369252,408,0,277632,0
1789367383355099500,58369756,408,0,277632,0
1789367384377847841,58368612,608,0,277632,0
1789367384385887775,58367860,608,0,277632,0
1789367385408445946,58367332,4,0,277632,0
1789367385416064453,58367836,4,0,277632,0
1789367386439337853,58367128,248,0,277632,0
1789367386446734711,58367632,248,0,277632,0
1789367387470164853,58367304,284,0,277632,0
1789367387477748544,58367808,284,0,277632,0
1789367388500560210,58371356,376,0,277632,0
1789367388507059403,58371860,376,0,277632,0
1789367389528702184,58371748,536,0,277632,0
1789367389535156517,58371748,536,0,277632,0
1789367390560347191,58371800,4,0,277632,0
1789367390565590941,58371800,4,0,277632,0
1789367391591003748,58371712,244,0,277632,0
1789367391596162280,58371712,244,0,277632,0
1789367392622353316,58370556,272,0,277632,0
1789367392626663752,58370556,272,0,277632,0
1789367393653418396,58369332,364,0,277632,0
1789367393656515460,58369332,364,0,277632,0
1789367394683635140,58369224,576,0,277632,0
1789367394686497370,58369224,576,0,277632,0
1789367395714537575,58369740,624,0,277632,0
1789367395717162454,58369740,624,0,277632,0
1789367396744424463,58370844,200,0,277632,0
1789367396747672040,58370844,200,0,277632,0
1789367397774933475,58372548,276,0,277632,0
1789367397777930186,58372548,276,0,277632,0
1789367398805554166,58372988,344,0,277632,0
1789367398808481259,58372988,344,0,277632,0
1789367399836399534,58372336,564,0,277632,0
1789367399839132768,58372336,564,0,277632,0
1789367400867062487,58374444,588,0,277632,0
1789367400869397293,58374444,588,0,277632,0
1789367401897114858,58374824,428,344,277632,0
1789367401899135699,58374824,428,344,277632,0
1789367402927620126,58376448,268,0,277632,0
1789367402929158069,58376448,268,0,277632,0
1789367403958088679,58377640,324,0,277632,0
1789367403959212906,58377136,324,0,277632,0
1789367404989236882,58376216,556,0,277632,0
1789367404990992143,58376216,556,0,277632,0
1789367406019952675,58376544,588,0,277632,0
1789367406022078513,58376544,588,0,277632,0
1789367407050736404,58375896,208,0,277632,0
1789367407052591900,58375896,208,0,277632,0
1789367408081562624,58373344,300,0,277632,0
1789367408082846751,58373848,300,0,277632,0
1789367409112589742,58375004,360,0,277632,0
1789367409114320047,58375004,360,0,277632,0
1789367410142841518,58373052,564,0,277632,0
1789367410145441533,58373052,564,0,277632,0
1789367411173320356,58374024,676,0,277632,0
1789367411176852422,58374024,676,0,277632,0
1789367412203964894,58371784,36,0,277632,0
1789367412206610331,58371784,36,0,277632,0
1789367413234300860,58373692,268,0,277632,0
1789367413237237071,58373692,268,0,277632,0
1789367414265279115,58373308,452,0,277632,0
1789367414267918260,58373308,452,0,277632,0
1789367415295463840,58372268,488,0,277632,0
1789367415298838587,58372268,488,0,277632,0
1789367416326483851,58371476,624,0,277632,0
1789367416329258092,58371476,624,0,277632,0
1789367417357009100,58372372,28,184,277632,0
1789367417360303224,58372372,28,184,277632,0
1789367418387885490,58372452,256,0,277632,0
1789367418390706161,58372452,256,0,277632,0
1789367419419293407,58371600,460,0,277632,0
1789367419421756022,58371600,460,0,277632,0
1789367420450258288,58376008,492,0,277632,0
1789367420452507404,58376008,492,0,277632,0
1789367421480847570,58375008,552,0,277632,0
1789367421483185549,58375008,552,0,277632,0
1789367422511017868,58374376,140,384,277632,0
1789367422513667847,58374376,140,384,277632,0
1789367423538185114,58374612,140,0,277632,0
1789367423540386013,58374612,140,0,277632,0
1789367424565080113,58373784,292,0,277632,0
1789367424567104384,58373784,292,0,277632,0
1789367425591952103,58376668,484,0,277632,0
1789367425594214374,58376668,484,0,277632,0
1789367426618770683,58378788,520,0,277632,0
1789367426621471779,58378788,520,0,277632,0
1789367427645755916,58377132,144,4,277632,0
1789367427648551238,58377132,144,4,277632,0
1789367428672861901,58378236,120,0,277632,0
1789367428675459229,58378236,120,0,277632,0
1789367429699405457,58376672,424,0,277632,0
1789367429702330750,58376672,424,0,277632,0
1789367430726322870,58377052,464,0,277632,0
1789367430729263384,58378060,464,0,277632,0
1789367431753496724,58375164,532,0,277632,0
1789367431756505313,58375164,532,0,277632,0
1789367432780680765,58373584,16,0,277632,0
1789367432783727139,58373344,16,0,277632,0
1789367433807663962,58374732,272,0,277632,0
1789367433810587988,58374228,272,0,277632,0
1789367434834805628,58375304,448,0,277632,0
1789367434837526052,58375304,448,0,277632,0
1789367435862549952,58373708,488,0,277632,0
1789367435865200566,58373708,488,0,277632,0
1789367436893244826,58373548,532,0,277632,0
1789367436895749452,58373548,532,0,277632,0
1789367437924685761,58374008,0,0,277632,0
1789367437926545469,58374008,0,0,277632,0
1789367438954981596,58373152,268,0,277632,0
1789367438957551455,58373152,268,0,277632,0
1789367439985922285,58373224,488,0,277632,0
1789367439988844763,58372720,488,0,277632,0
1789367441016157467,58374096,536,0,277632,0
1789367441018836869,58373592,536,0,277632,0
1789367442043640127,58374404,552,0,277632,0
1789367442046628874,58374404,552,0,277632,0
1789367443073944082,58373384,604,0,277632,0
1789367443075888863,58373384,604,0,277632,0
1789367444104713345,58373332,272,0,277632,0
1789367444107065966,58373332,272,0,277632,0
1789367445134957910,58372936,484,0,277632,0
1789367445137728166,58372936,484,0,277632,0
1789367446165192087,58370024,524,0,277632,0
1789367446167507205,58370024,524,0,277632,0
1789367447192688093,58371368,564,0,277632,0
1789367447195261862,58371368,564,0,277632,0
1789367448223301285,58369744,608,0,277632,0
1789367448226074896,58369744,608,0,277632,0
1789367449253719579,58371640,436,0,277632,0
1789367449257119733,58371640,436,0,277632,0
1789367450283853581,58374256,480,0,277632,0
1789367450287164689,58374256,480,0,277632,0
1789367451314238312,58375560,552,0,277632,0
1789367451317882562,58375560,552,0,277632,0
1789367452341641437,58374260,596,0,277632,0
1789367452344558806,58374260,596,0,277632,0
1789367453372528750,58373096,616,0,277632,0
1789367453375422743,58373096,616,0,277632,0
1789367454403579093,58368492,172,0,277632,0
1789367454407045216,58368996,172,0,277632,0
1789367455435221272,58367904,444,0,277632,0
1789367455438003553,58367904,444,0,277632,0
1789367456465914157,58368724,480,0,277632,0
1789367456468286078,58368724,480,0,277632,0
1789367457495038037,58372120,544,0,277632,0
1789367457497903621,58372120,544,0,277632,0
1789367458525408083,58372776,596,0,277632,0
1789367458527981513,58372780,604,0,277632,0
1789367459553591178,58372240,288,504,277632,0
1789367459555530141,58372240,288,504,277632,0
1789367460584917158,58370312,412,0,277632,0
1789367460586334792,58370312,412,0,277632,0
1789367461615437130,58370032,452,0,277632,0
1789367461617851508,58370032,452,0,277632,0
1789367462646173789,58371480,536,0,277632,0
1789367462648534043,58371480,536,0,277632,0
1789367463677055512,58372724,572,0,277632,0
1789367463679487176,58372724,572,0,277632,0
1789367464707381801,58371320,168,0,277632,0
1789367464709876459,58371320,168,0,277632,0
1789367465737373099,58368996,308,0,277632,0
1789367465740244634,58368996,308,0,277632,0
1789367466765552053,58369116,348,0,277632,0
1789367466768075733,58369116,348,0,277632,0
1789367467795685459,58367512,372,0,277632,0
1789367467798109307,58367512,372,0,277632,0
1789367468823364417,58367772,436,0,277632,0
1789367468826422553,58367788,436,0,277632,0
1789367469854090975,58368668,44,0,277632,0
1789367469857003715,58368668,44,0,277632,0
1789367470884402475,58368872,252,0,277632,0
1789367470887451755,58368872,252,0,277632,0
1789367471914854238,58368172,340,0,277632,0
1789367471917072036,58368172,340,0,277632,0
1789367472945300585,58369820,388,0,277632,0
1789367472946882450,58369316,388,0,277632,0
1789367473970619317,58369872,440,0,277632,0
1789367473974932616,58369872,440,0,277632,0
1789367475001837935,58369948,156,0,277632,0
1789367475005438554,58369948,156,0,277632,0
1789367476031030119,58369864,248,0,277632,0
1789367476034493519,58369864,248,0,277632,0
1789367477061779953,58369696,336,0,277632,0
1789367477065308265,58369696,336,0,277632,0
1789367478092888610,58368544,400,0,277632,0
1789367478095557734,58369048,400,0,277632,0
1789367479123090661,58368116,436,0,277632,0
1789367479126303120,58368116,436,0,277632,0
1789367480153254169,58368732,144,0,277632,0
1789367480156534893,58368732,144,0,277632,0
1789367481181541842,58368624,264,0,277632,0
1789367481184100628,58368120,264,0,277632,0
1789367482212565342,58370016,388,0,277632,0
1789367482215866049,58371024,388,0,277632,0
1789367483245260717,58369120,432,0,277632,0
1789367483247565550,58369120,432,0,277632,0
1789367484276510122,58368672,616,0,277632,0
1789367484277756889,58368672,616,0,277632,0
1789367485307502197,58368788,152,0,277632,0
1789367485308874041,58368788,152,0,277632,0
1789367486337771196,58365108,264,0,277632,0
1789367486339132636,58365108,264,0,277632,0
1789367487366315532,58365024,304,0,277632,0
1789367487368206129,58365528,304,0,277632,0
1789367488393982265,58366908,412,0,277632,0
1789367488395464930,58366908,412,0,277632,0
1789367489423481092,58367508,612,0,277632,0
1789367489425105318,58368016,612,0,277632,0
1789367490453931395,58367664,36,0,277632,0
1789367490455390397,58367664,36,0,277632,0
1789367491483679448,58368752,272,0,277632,0
1789367491485491775,58368752,272,0,277632,0
1789367492510789400,58369480,304,0,277632,0
1789367492512279208,58369480,304,0,277632,0
1789367493537583485,58370848,412,0,277632,0
1789367493538305781,58370848,412,0,277632,0
1789367494564163731,58372892,5252,0,277632,0
1789367494565358171,58372892,5252,0,277632,0
1789367495590974252,58371228,4,36,277632,0
1789367495592073342,58371228,4,36,277632,0
1789367496617180319,58373948,256,0,277632,0
1789367496618352799,58374200,256,0,277632,0
1789367497644299119,58374352,292,0,277632,0
1789367497645157021,58374856,292,0,277632,0
1789367498674020750,58373288,380,0,277632,0
1789367498675624606,58373288,380,0,277632,0
1789367499703485795,58374064,2932,0,277632,0
1789367499705839811,58374064,2932,0,277632,0
1789367500734146788,58374824,488,404,277632,0
1789367500736568557,58374824,488,404,277632,0
1789367501765296174,58378212,152,0,277632,0
1789367501766887307,58377708,152,0,277632,0
1789367502796172273,58374960,292,0,277632,0
1789367502797520277,58374960,292,0,277632,0
1789367503826762268,58375360,332,0,277632,0
1789367503828834397,58375360,332,0,277632,0
1789367504857928875,58373812,1756,0,277632,0
1789367504859100340,58373812,1756,0,277632,0
1789367505888105667,58373420,500,276,277632,0
1789367505889686263,58373420,500,276,277632,0
1789367506918401480,58374008,120,0,277632,0
1789367506920750730,58374008,120,0,277632,0
1789367507948551282,58374624,160,0,277632,0
1789367507950706281,58374624,160,0,277632,0
1789367508978610171,58372056,336,0,277632,0
1789367508981299697,58372056,336,0,277632,0
1789367510009225069,58373976,552,0,277632,0
1789367510012355737,58373976,552,0,277632,0
1789367511039998823,58373896,600,0,277632,0
1789367511042525655,58374400,600,0,277632,0
1789367512070939223,58375520,108,0,277632,0
1789367512073181448,58375520,108,0,277632,0
1789367513101404196,58376512,280,0,277632,0
1789367513103730133,58376512,280,0,277632,0
1789367514131935286,58378108,308,0,277632,0
1789367514134501645,58378108,308,0,277632,0
1789367515162848730,58377008,576,0,277632,0
1789367515165063735,58377008,576,0,277632,0
1789367516192763061,58377924,608,0,277632,0
1789367516194436684,58377924,608,0,277632,0
1789367517222757829,58377580,204,0,277632,0
1789367517224700128,58378084,204,0,277632,0
1789367518253847288,58376380,256,0,277632,0
1789367518255295115,58377388,256,0,277632,0
1789367519284872545,58377988,488,0,277632,0
1789367519286019891,58377988,488,0,277632,0
1789367520315772412,58378992,576,0,277632,0
1789367520317441819,58378992,576,0,277632,0
1789367521346702692,58376624,632,0,277632,0
1789367521348645008,58376624,632,0,277632,0
1789367522377177039,58374984,160,0,277632,0
1789367522379518165,58374984,160,0,277632,0
1789367523408458808,58375608,264,0,277632,0
1789367523410764218,58375608,264,0,277632,0
1789367524439401088,58374764,460,0,277632,0
1789367524442031205,58374260,460,0,277632,0
1789367525470294267,58372104,500,0,277632,0
1789367525472384211,58372104,500,0,277632,0
1789367526500615841,58372236,572,0,277632,0
1789367526502727857,58372236,572,0,277632,0
1789367527531517142,58404584,44,0,277632,0
1789367527533850460,58404584,44,0,277632,0
1789367528562826925,58401700,252,0,277632,0
1789367528564826223,58401700,252,0,277632,0
1789367529594108109,58398232,452,0,277632,0
1789367529595514246,58398232,452,0,277632,0
1789367530625273327,58395088,472,0,277632,0
1789367530626470004,58395088,472,0,277632,0
1789367531656245941,58393124,560,0,277632,0
1789367531657682521,58393124,560,0,277632,0
1789367532687462483,58391008,24,184,277632,0
1789367532688833959,58391008,24,184,277632,0
1789367533717419085,58387024,252,0,277632,0
1789367533718762289,58387024,252,0,277632,0
1789367534747525905,58387060,504,0,277632,0
1789367534749088856,58387060,504,0,277632,0
1789367535777494557,58385932,536,0,277632,0
1789367535779118010,58385932,536,0,277632,0
1789367536806996041,58385312,820,0,277632,0
1789367536808877717,58385312,820,0,277632,0
1789367537836425491,58384404,100,196,277632,0
1789367537838496018,58384404,100,196,277632,0
1789367538865830698,58384480,120,0,277632,0
1789367538866650768,58384480,120,0,277632,0
1789367539895069555,58383040,460,0,277632,0
1789367539896054533,58383040,460,0,277632,0
1789367540925121149,58382892,488,0,277632,0
1789367540926442153,58382892,488,0,277632,0
1789367541955355353,58380724,552,0,277632,0
1789367541957019405,58380724,552,0,277632,0
1789367542985630204,58379536,4,48,277632,0
1789367542987821368,58379536,4,48,277632,0
1789367544015969220,58378864,148,0,277632,0
1789367544018420509,58378864,148,0,277632,0
1789367545046148352,58378816,316,0,277632,0
1789367545049053857,58378816,316,0,277632,0
1789367546076061406,58376792,484,0,277632,0
1789367546079536672,58376792,484,0,277632,0
1789367547103016691,58374404,512,0,277632,0
1789367547105927466,58374404,512,0,277632,0
1789367548129571147,58373484,0,0,277632,0
1789367548132833800,58373484,0,0,277632,0
1789367549155709391,58373080,116,0,277632,0
1789367549159743317,58372576,116,0,277632,0
1789367550181810548,58371704,432,0,277632,0
1789367550186406857,58371704,432,0,277632,0
1789367551208659821,58372672,488,0,277632,0
1789367551213221949,58372672,488,0,277632,0
1789367552234821723,58371592,516,0,277632,0
1789367552241074612,58371592,516,0,277632,0
1789367553265170058,58366744,4,40,277632,0
1789367553272019056,58366744,4,40,277632,0
1789367554296818623,58365920,424,0,277632,0
1789367554303416253,58365920,424,0,277632,0
1789367555327693387,58365532,476,0,277632,0
1789367555335170861,58365532,476,0,277632,0
1789367556358416860,58367900,540,0,277632,0
1789367556365812510,58367396,540,0,277632,0
1789367557388853824,58367508,572,0,277632,0
1789367557395448583,58367508,572,0,277632,0
1789367558420209756,58368692,128,160,277632,0
1789367558426867079,58368468,128,160,277632,0
1789367559451424154,58367272,376,0,277632,0
1789367559457456969,58367272,376,0,277632,0
1789367560483314236,58367736,488,0,277632,0
1789367560488680132,58367736,488,0,277632,0
1789367561514456635,58365720,516,0,277632,0
1789367561519570537,58365720,516,0,277632,0
1789367562546002226,58363996,584,0,277632,0
1789367562550576069,58363996,584,0,277632,0
1789367563577819560,58362176,156,0,277632,0
1789367563581914096,58362176,156,0,277632,0
1789367564609379019,58366560,420,0,277632,0
1789367564613514310,58366312,420,0,277632,0
1789367565641663482,58368660,488,0,277632,0
1789367565644938524,58368660,488,0,277632,0
1789367566672664028,58370764,548,0,277632,0
1789367566675506038,58370260,548,0,277632,0
1789367567703770202,58373288,596,0,277632,0
1789367567706827681,58373288,596,0,277632,0
1789367568735270557,58372736,12,0,277632,0
1789367568737657571,58372736,12,0,277632,0
1789367569766447448,58370388,284,0,277632,0
1789367569768671814,58370892,284,0,277632,0
1789367570795931428,58369732,512,0,277632,0
1789367570798309015,58370236,512,0,277632,0
1789367571823036524,58371592,524,0,277632,0
1789367571825903705,58371592,524,0,277632,0
1789367572849935019,58372788,596,0,277632,0
1789367572853132317,58372544,596,0,277632,0
1789367573876442203,58376688,640,0,277632,0
1789367573879736523,58376688,640,0,277632,0
1789367574902066004,58375936,288,0,277632,0
1789367574906767365,58375936,288,0,277632,0
1789367575929108667,58374516,484,0,277632,0
1789367575933818491,58374516,484,0,277632,0
1789367576957044455,58374672,512,0,277632,0
1789367576961845748,58374672,512,0,277632,0
1789367577988874824,58373004,580,0,277632,0
1789367577993253616,58373004,580,0,277632,0
1789367579020581322,58375296,604,0,277632,0
1789367579024367208,58375296,604,0,277632,0
1789367580051723847,58375452,396,0,277632,0
1789367580054579332,58375452,396,0,277632,0
1789367581082742145,58375312,484,0,277632,0
1789367581085435117,58375312,484,0,277632,0
1789367582113619425,58373920,524,0,277632,0
1789367582116396766,58373920,524,0,277632,0
1789367583144496312,58375556,552,0,277632,0
1789367583146731480,58376068,552,0,277632,0
1789367584175159325,58376016,8,224,277632,0
1789367584177473586,58375512,0,200,277632,0
1789367585205651549,58374912,112,12,277632,0
1789367585208664102,58374912,112,12,277632,0
1789367586237268598,58376020,168,0,277632,0
1789367586239883055,58376020,168,0,277632,0
1789367587268097497,58372976,320,0,277632,0
1789367587270459757,58372976,320,0,277632,0
1789367588295171880,58373140,360,0,277632,0
1789367588297940391,58373140,360,0,277632,0
1789367589325573404,58373704,0,360,277632,0
1789367589328444245,58373704,0,360,277632,0
1789367590355875583,58371984,252,0,277632,0
1789367590358453001,58371984,252,0,277632,0
1789367591386871986,58369392,296,0,277632,0
1789367591389175295,58369392,296,0,277632,0
1789367592417692501,58368504,376,0,277632,0
1789367592419661524,58368504,376,0,277632,0
1789367593448502111,58367884,400,0,277632,0
1789367593450871505,58367884,400,0,277632,0
1789367594478982396,58368012,228,0,277632,0
1789367594481957762,58368012,228,0,277632,0
1789367595509384774,58369380,204,0,277632,0
1789367595512379424,58369380,204,0,277632,0
1789367596536487646,58367224,280,0,277632,0
1789367596538627081,58367224,280,0,277632,0
1789367597563540883,58368300,332,0,277632,0
1789367597565646235,58368300,332,0,277632,0
1789367598590490810,58370208,444,0,277632,0
1789367598592322202,58370208,444,0,277632,0
1789367599617132178,58368064,112,0,277632,0
1789367599618818619,58367812,112,0,277632,0
1789367600643794739,58368668,264,0,277632,0
1789367600645689664,58368668,264,0,277632,0
1789367601671497242,58372340,312,0,277632,0
1789367601674281168,58372092,312,0,277632,0
1789367602702346449,58371976,348,0,277632,0
1789367602705126806,58372480,348,0,277632,0
1789367603733912835,58370064,440,0,277632,0
1789367603735731443,58370064,440,0,277632,0
1789367604765317908,58368920,12,0,277632,0
1789367604766759125,58368920,12,0,277632,0
1789367605795494674,58373592,232,0,277632,0
1789367605797505995,58373844,232,0,277632,0
1789367606825853038,58371492,288,0,277632,0
1789367606828317711,58371492,288,0,277632,0
1789367607856817355,58371204,332,0,277632,0
1789367607858672547,58371204,332,0,277632,0
1789367608886886848,58370264,440,0,277632,0
1789367608889085781,58370264,440,0,277632,0
1789367609916707866,58371648,0,0,277632,0
1789367609919884331,58371648,0,0,277632,0
1789367610947257959,58371732,256,0,277632,0
1789367610950374037,58371732,256,0,277632,0
1789367611978377216,58370544,292,0,277632,0
1789367611981684626,58370544,292,0,277632,0
1789367613010246110,58369448,348,0,277632,0
1789367613013518666,58369448,348,0,277632,0
1789367614043085145,58365028,376,0,277632,0
1789367614044930168,58365028,376,0,277632,0
1789367615074674633,58364340,596,0,277632,0
1789367615076513154,58364340,596,0,277632,0
1789367616105883940,58367480,100,0,277632,0
1789367616107586325,58367480,100,0,277632,0
1789367617136255713,58367288,280,0,277632,0
1789367617138563338,58367792,280,0,277632,0
1789367618166646802,58368128,328,0,277632,0
1789367618169129561,58368128,328,0,277632,0
1789367619196785666,58367708,368,0,277632,0
1789367619198821508,58367204,368,0,277632,0
1789367620225028719,58365812,608,0,277632,0
1789367620226842524,58365812,608,0,277632,0
1789367621251625723,58365684,264,0,277632,0
1789367621253927650,58365684,268,0,277632,0
1789367622278317439,58364328,332,0,277632,0
1789367622280988209,58364832,332,0,277632,0
1789367623305173871,58365956,408,0,277632,0
1789367623307729563,58365956,408,0,277632,0
1789367624332003190,58368376,608,0,277632,0
1789367624334654558,58368628,608,0,277632,0
1789367625359398746,58368660,652,0,277632,0
1789367625362159829,58368660,652,0,277632,0
1789367626389802460,58369456,220,0,277632,0
1789367626392362771,58369960,224,0,277632,0
1789367627420505298,58369608,356,0,277632,0
1789367627422497411,58369608,356,0,277632,0
1789367628450696811,58369208,396,0,277632,0
1789367628453303875,58369712,396,0,277632,0
1789367629479821831,58367628,704,0,277632,0
1789367629483094215,58367628,704,0,277632,0
1789367630510677154,58368544,336,52,277632,0
1789367630513121544,58368544,276,20,277632,0
1789367631540580471,58367648,248,0,277632,0
1789367631543150667,58367648,248,0,277632,0
1789367632571093945,58370704,364,0,277632,0
1789367632573321356,58370720,368,0,277632,0
1789367633601060592,58370852,392,0,277632,0
1789367633603163380,58370852,392,0,277632,0
1789367634630573671,58372500,648,0,277632,0
1789367634633021753,58372500,648,0,277632,0
1789367635659053818,58373116,12,172,277632,0
1789367635661138761,58373116,12,172,277632,0
1789367636687299150,58373556,104,0,277632,0
1789367636689088751,58373576,112,0,277632,0
1789367637715538591,58371972,164,0,277632,0
1789367637717524362,58371972,164,0,277632,0
1789367638744895360,58370244,440,0,277632,0
1789367638746446263,58369740,440,0,277632,0
1789367639774438571,58369636,624,0,277632,0
1789367639773561844,58369636,624,0,277632,0
1789367640799933926,58371020,512,0,277632,0
1789367640801817189,58370516,512,0,277632,0
1789367641827448836,58370928,256,0,277632,0
1789367641829760228,58370928,256,0,277632,0
1789367642856050549,58370608,304,0,277632,0
1789367642857776827,58370608,304,0,277632,0
1789367643882580048,58369068,396,0,277632,0
1789367643886427047,58368816,396,0,277632,0
1789367644907733653,58370684,604,0,277632,0
1789367644913603575,58370684,604,0,277632,0
1789367645934630806,58367392,0,0,277632,0
1789367645940094125,58367896,0,0,277632,0
1789367646961063713,58369076,252,0,277632,0
1789367646966809505,58369076,252,0,277632,0
1789367647987877271,58366740,292,0,277632,0
1789367647993661581,58366740,292,0,277632,0
1789367649014437200,58367136,360,0,277632,0
1789367649020374306,58367136,360,0,277632,0
1789367650041206735,58367992,620,0,277632,0
1789367650047208548,58367992,620,0,277632,0
1789367651072810933,58364792,0,0,277632,0
1789367651077426885,58365296,0,0,277632,0
1789367652103394154,58366244,272,0,277632,0
1789367652107853867,58366244,272,0,277632,0
1789367653134601653,58365388,324,0,277632,0
1789367653138849419,58365388,324,0,277632,0
1789367654166314589,58366584,376,0,277632,0
1789367654169087901,58366584,376,0,277632,0
1789367655196772361,58364252,660,0,277632,0
1789367655199253312,58364252,660,0,277632,0
1789367656227175530,58364860,36,0,277632,0
1789367656229911942,58364860,36,0,277632,0
1789367657258196743,58373532,368,0,277640,0
1789367657260548658,58373532,368,0,277640,0
1789367658288249710,58373788,460,0,277640,0
1789367658290328791,58373788,460,0,277640,0
1789367659315476311,58355156,996,0,277640,0
1789367659317449835,58355156,996,0,277640,0
1789367660344024624,58352308,1152,0,277636,0
1789367660345193972,58352308,1152,0,277636,0
1789367661374737325,58350836,12,0,277636,0
1789367661376524566,58350836,12,0,277636,0
1789367662405722014,58348620,252,0,277636,0
1789367662407234973,58348620,252,0,277636,0
1789367663436888306,58349956,336,0,277636,0
1789367663437752158,58349956,336,0,277636,0
1789367664467999541,58352552,400,0,277636,0
1789367664469180370,58352048,400,0,277636,0
1789367665499243258,58349384,720,0,277636,0
1789367665500405738,58349384,720,0,277636,0
1789367666530048222,58347760,8,0,277636,0
1789367666531064641,58347760,8,0,277636,0
1789367667560836058,58348608,244,0,277636,0
1789367667562633085,58348608,244,0,277636,0
1789367668590366153,58347708,296,0,277636,0
1789367668592787155,58348212,296,0,277636,0
1789367669617172952,58345416,492,0,277636,0
1789367669618748747,58345416,492,0,277636,0
1789367670643873199,58345104,612,0,277636,0
1789367670645541459,58345104,612,0,277636,0
1789367671670438883,58344200,176,132,277636,0
1789367671672527859,58344200,176,132,277636,0
1789367672697040364,58343496,112,0,277636,0
1789367672699208237,58342992,112,0,277636,0
1789367673723706569,58343136,312,0,277636,0
1789367673725973457,58343136,312,0,277636,0
1789367674751033739,58342708,504,0,277636,0
1789367674752353046,58342708,504,0,277636,0
1789367675781587861,58342332,588,0,277636,0
1789367675783270995,58341580,588,0,277636,0
1789367676812220950,58342820,24,76,277636,0
1789367676814569803,58342820,24,76,277636,0
1789367677842711711,58345624,256,0,277636,0
1789367677845495271,58345624,256,0,277636,0
1789367678873020826,58345988,304,0,277636,0
1789367678875652455,58345484,304,0,277636,0
1789367679903773485,58342488,496,0,277636,0
1789367679905867275,58342488,496,0,277636,0
1789367680934704990,58342600,520,0,277636,0
1789367680936934403,58342600,520,0,277636,0
1789367681965223666,58342464,0,0,277636,0
1789367681967200871,58342464,0,0,277636,0
1789367682994525896,58341120,120,0,277636,0
1789367682996839930,58340112,120,0,277636,0
1789367684025087857,58341212,312,0,277636,0
1789367684027084577,58341212,312,0,277636,0
1789367685056009177,58342428,468,0,277636,0
1789367685058052252,58342428,468,0,277636,0
1789367686086624383,58343808,524,0,277636,0
1789367686088550618,58343808,524,0,277636,0
1789367687116878370,58345484,0,324,277636,0
1789367687119068278,58345988,0,324,277636,0
1789367688147202877,58345136,144,0,277636,0
1789367688149536801,58345136,144,0,277636,0
1789367689178476382,58342696,292,0,277636,0
1789367689180383947,58342696,292,0,277636,0
1789367690209068110,58344528,524,0,277636,0
1789367690211231445,58344528,524,0,277636,0
1789367691238684749,58344668,564,0,277636,0
1789367691241361882,58344164,564,0,277636,0
1789367692269229204,58344756,8,296,277636,0
1789367692272224308,58344756,8,296,277636,0
1789367693299402046,58344868,308,0,277636,0
1789367693302947057,58344364,308,0,277636,0
1789367694329978656,58344428,356,0,277636,0
1789367694333195649,58343924,356,0,277636,0
1789367695360692186,58343780,580,0,277636,0
1789367695362589835,58343780,580,0,277636,0
1789367696390723275,58346180,664,0,277636,0
1789367696393093375,58346180,664,0,277636,0
1789367697421487665,58344236,8,136,277636,0
1789367697422650451,58344236,8,136,277636,0
1789367698451769168,58342644,320,0,277636,0
1789367698453305082,58342644,320,0,277636,0
1789367699482634303,58341792,504,0,277636,0
1789367699483898822,58341792,504,0,277636,0
1789367700512893373,58340724,544,0,277636,0
1789367700514440616,58340724,544,0,277636,0
1789367701543104464,58342132,728,0,277636,0
1789367701544415110,58342132,728,0,277636,0
1789367702573454356,58343584,264,0,277636,0
1789367702574750217,58343584,264,0,277636,0
1789367703604404657,58343232,120,0,277636,0
1789367703605935244,58343232,120,0,277636,0
1789367704634641714,58341368,508,0,277636,0
1789367704635863478,58341872,508,0,277636,0
1789367705665064109,58344468,544,0,277636,0
1789367705666396700,58344468,544,0,277636,0
1789367706695514743,58342020,584,0,277636,0
1789367706697148380,58342020,584,0,277636,0
1789367707724671937,58341336,240,0,277636,0
1789367707726587123,58341336,240,0,277636,0
1789367708751622202,58340024,256,0,277636,0
1789367708753319989,58340024,256,0,277636,0
1789367709778427839,58339616,324,0,277636,0
1789367709780299113,58339364,324,0,277636,0
1789367710805623105,58338944,548,0,277636,0
1789367710807165936,58338944,548,0,277636,0
1789367711832569077,58342024,576,0,277636,0
1789367711834139088,58342024,576,0,277636,0
1789367712859484076,58341092,12,0,277636,0
1789367712860865749,58341092,12,0,277636,0
1789367713887113609,58340740,212,0,277636,0
1789367713888503502,58340740,212,0,277636,0
1789367714918021264,58340240,500,0,277636,0
1789367714919053202,58340240,500,0,277636,0
1789367715949045301,58339984,548,0,277636,0
1789367715950408176,58339984,548,0,277636,0
1789367716979890056,58339852,600,0,277636,0
1789367716981263457,58339852,600,0,277636,0
1789367718010860291,58341132,8,0,277636,0
1789367718011838708,58341132,8,0,277636,0
1789367719039491238,58339572,252,0,277636,0
1789367719041972209,58339572,252,0,277636,0
1789367720069766255,58338940,424,0,277636,0
1789367720072362666,58338940,424,0,277636,0
1789367721100725636,58338864,544,0,277636,0
1789367721103051698,58338864,544,0,277636,0
1789367722131461991,58339316,568,0,277636,0
1789367722134029311,58339820,568,0,277636,0
1789367723162699398,58339640,4,48,277636,0
1789367723164531617,58339640,4,48,277636,0
1789367724192707856,58341412,244,0,277636,0
1789367724195022108,58341412,244,0,277636,0
1789367725223042946,58339148,424,0,277636,0
1789367725225621613,58339148,424,0,277636,0
1789367726252583763,58337052,572,0,277636,0
1789367726255603407,58337304,572,0,277636,0
1789367727282769658,58340744,592,0,277636,0
1789367727286066686,58340744,592,0,277636,0
1789367728313574953,58340312,416,0,277636,0
1789367728315862010,58340312,416,0,277636,0
1789367729345159746,58341272,388,0,277636,0
1789367729346661615,58341272,388,0,277636,0
1789367730376216226,58343572,452,0,277636,0
1789367730377772222,58343572,452,0,277636,0
1789367731407179092,58343404,528,0,277636,0
1789367731408745337,58343404,528,0,277636,0
1789367732437464374,58342264,572,0,277636,0
1789367732438660113,58342264,572,0,277636,0
1789367733463687935,58342560,76,0,277636,0
1789367733465493615,58342560,76,0,277636,0
1789367734490686620,58341972,848,0,277636,0
1789367734492662301,58341972,848,0,277636,0
1789367735518152655,58340640,864,0,277636,0
1789367735519486839,58340136,864,0,277636,0
1789367736545011838,58340800,956,0,277636,0
1789367736546213384,58341304,956,0,277636,0
1789367737572368585,58339984,1036,0,277636,0
1789367737573277888,58339984,1036,0,277636,0
1789367738600151513,58339320,8,0,277636,0
1789367738601141851,58339320,8,0,277636,0
1789367739631036958,58340484,228,0,277636,0
1789367739631860135,58340484,228,0,277636,0
1789367740662275337,58343632,472,0,277636,0
1789367740662981837,58343632,472,0,277636,0
1789367741693520491,58340496,520,0,277636,0
1789367741694431942,58340496,520,0,277636,0
1789367742724956281,58340360,624,0,277636,0
1789367742725609326,58340360,624,0,277636,0
1789367743755695515,58341192,0,0,277636,0
1789367743757022052,58340688,0,0,277636,0
1789367744786751209,58340400,128,0,277636,0
1789367744787963267,58340400,128,0,277636,0
1789367745817890326,58340364,452,0,277636,0
1789367745819537366,58340364,452,0,277636,0
1789367746849900411,58338744,516,0,277636,0
1789367746851257428,58338744,516,0,277636,0
1789367747881743472,58337768,612,0,277636,0
1789367747882919665,58338272,612,0,277636,0
1789367748913556528,58337332,660,0,277636,0
1789367748914675506,58337592,664,0,277636,0
1789367749944840888,58337932,404,0,277636,0
1789367749946349863,58337932,404,0,277636,0
1789367750975085814,58335800,492,0,277636,0
1789367750976541483,58336304,492,0,277636,0
1789367752002228798,58337580,536,0,277636,0
1789367752003905575,58337580,536,0,277636,0
1789367753032780841,58338528,580,0,277636,0
1789367753034642704,58338528,580,0,277636,0
1789367754063356038,58339192,680,0,277636,0
1789367754065418249,58339192,680,0,277636,0
1789367755093786971,58340904,216,0,277636,0
1789367755096018148,58341412,216,0,277636,0
1789367756123742915,58338600,260,0,277636,0
1789367756126623048,58338600,260,0,277636,0
1789367757154378998,58337704,332,0,277636,0
1789367757156044024,58338212,336,0,277636,0
1789367758181103091,58336316,416,0,277636,0
1789367758182711994,58336316,416,0,277636,0
1789367759208035626,58336008,460,0,277636,0
1789367759209556995,58336008,460,0,277636,0
1789367760234870467,58335404,40,0,277636,0
1789367760236206735,58335404,40,0,277636,0
1789367761261846998,58335096,268,0,277636,0
1789367761262930470,58335600,268,0,277636,0
1789367762288689515,58335288,320,0,277636,0
1789367762289665708,58335288,320,0,277636,0
1789367763315771812,58335008,372,0,277636,0
1789367763317241296,58335008,372,0,277636,0
1789367764346752616,58336960,584,0,277636,0
1789367764347717160,58336960,584,0,277636,0
1789367765378449884,58338136,60,0,277636,0
1789367765379851200,58338136,60,0,277636,0
1789367766407402476,58338856,140,0,277636,0
1789367766410746379,58338856,140,0,277636,0
1789367767438705144,58339316,304,0,277636,0
1789367767441494383,58339316,304,0,277636,0
1789367768469912277,58340216,332,0,277636,0
1789367768472544545,58340216,332,0,277636,0
1789367769500703666,58338852,464,0,277636,0
1789367769503118183,58338852,464,0,277636,0
1789367770531617326,58338516,0,0,277636,0
1789367770533892634,58338516,0,0,277636,0
1789367771562754067,58339368,296,0,277636,0
1789367771564888369,58339368,296,0,277636,0
1789367772594098190,58341816,368,0,277636,0
1789367772595830442,58341312,368,0,277636,0
1789367773625163605,58346812,396,0,277636,0
1789367773626761642,58346812,396,0,277636,0
1789367774656385868,58345276,620,0,277636,0
1789367774658096642,58345276,620,0,277636,0
1789367775687100358,58346860,24,164,277636,0
1789367775689062159,58346860,24,164,277636,0
1789367776717545060,58346636,264,0,277636,0
1789367776719511333,58347140,264,0,277636,0
1789367777748465066,58346300,292,0,277636,0
1789367777750104455,58346300,292,0,277636,0
1789367778779529554,58348292,336,0,277636,0
1789367778781500121,58348292,336,0,277636,0
1789367779809255124,58349060,616,0,277636,0
1789367779811563950,58349060,616,0,277636,0
1789367780840382513,58351696,68,0,277636,0
1789367780842437479,58351696,68,0,277636,0
1789367781870843288,58348764,324,0,277636,0
1789367781873184070,58348764,324,0,277636,0
1789367782898096778,58349088,336,0,277636,0
1789367782900118833,58348584,336,0,277636,0
1789367783925493013,58347092,416,0,277636,0
1789367783926730468,58347092,416,0,277636,0
1789367784951855535,58347812,612,0,277636,0
1789367784953668955,58347812,612,0,277636,0
1789367785978891124,58350484,56,0,277636,0
1789367785980239917,58350484,56,0,277636,0
1789367787006431472,58348540,320,0,277636,0
1789367787006802520,58348540,320,0,277636,0
1789367788034654660,58350444,384,0,277636,0
1789367788035470426,58350444,384,0,277636,0
1789367789064055788,58347744,432,0,277636,0
1789367789064656191,58347744,432,0,277636,0
1789367790093402552,58346212,672,0,277636,0
1789367790094152808,58346212,672,0,277636,0
1789367791121167401,58345204,40,0,277636,0
1789367791122341006,58345204,40,0,277636,0
1789367792148763429,58345512,340,0,277636,0
1789367792151176232,58345512,340,0,277636,0
1789367793177792787,58343664,384,0,277636,0
1789367793180543592,58343664,384,0,277636,0
1789367794207630523,58343556,436,0,277636,0
1789367794209265804,58343556,436,0,277636,0
1789367795238623480,58343248,676,0,277636,0
1789367795239981443,58343248,676,0,277636,0
1789367796269180729,58343888,152,0,277636,0
1789367796270648824,58343384,152,0,277636,0
1789367797299500454,58343800,248,0,277636,0
1789367797301473044,58343800,248,0,277636,0
1789367798329423688,58342908,328,0,277636,0
1789367798331153905,58342908,328,0,277636,0
1789367799360249774,58341016,508,0,277636,0
1789367799362300964,58340512,508,0,277636,0
1789367800391030485,58340420,576,0,277636,0
1789367800393226431,58340420,576,0,277636,0
1789367801421346714,58342796,556,0,277636,0
1789367801423937958,58342572,556,0,277636,0
1789367802452777204,58343000,320,0,277636,0
1789367802454859331,58343000,320,0,277636,0
1789367803483374031,58344632,400,0,277636,0
1789367803484798092,58344632,400,0,277636,0
1789367804514449196,58341784,448,0,277636,0
1789367804515946370,58341784,448,0,277636,0
1789367805545588178,58341056,648,0,277636,0
1789367805547645035,58341056,648,0,277636,0
1789367806573688773,58342652,20,4,277636,0
1789367806575242965,58342652,20,4,277636,0
1789367807600740533,58343248,268,0,277636,0
1789367807601693450,58343248,268,0,277636,0
1789367808627526106,58343812,304,0,277636,0
1789367808628680717,58343812,304,0,277636,0
1789367809654541635,58343952,608,0,277636,0
1789367809655500386,58343952,608,0,277636,0
1789367810681512970,58342752,616,0,277636,0
1789367810682478806,58342752,616,0,277636,0
1789367811709371683,58340196,16,0,277636,0
1789367811710372515,58340196,16,0,277636,0
1789367812739951956,58336616,276,0,277636,0
1789367812741696687,58337624,276,0,277636,0
1789367813771309676,58338104,384,0,277636,0
1789367813772434881,58338104,384,0,277636,0
1789367814802129035,58338364,640,0,277636,0
1789367814803601343,58338364,640,0,277636,0
1789367815833387692,58338284,676,0,277636,0
1789367815834852557,58338284,676,0,277636,0
1789367816864299062,58342084,220,68,277636,0
1789367816866100286,58342084,220,68,277636,0
1789367817895635648,58339328,240,0,277636,0
1789367817897458259,58339328,240,0,277636,0
1789367818925950958,58339192,276,0,277636,0
1789367818928693243,58339192,276,0,277636,0
1789367819956547925,58338872,544,0,277636,0
1789367819959264008,58338872,544,0,277636,0
1789367820987174871,58340048,572,0,277636,0
1789367820989888899,58340048,572,0,277636,0
1789367822018022320,58339388,52,0,277636,0
1789367822020759075,58338884,52,0,277636,0
1789367823049130446,58339580,252,0,277636,0
1789367823051866877,58339580,252,0,277636,0
1789367824080075000,58339236,336,0,277636,0
1789367824082753822,58338732,336,0,277636,0
1789367825110762367,58338368,588,0,277636,0
1789367825113592812,58338368,588,0,277636,0
1789367826141293837,58338052,672,0,277636,0
1789367826143895428,58338052,672,0,277636,0
1789367827171740116,58337968,52,0,277636,0
1789367827174725933,58337968,52,0,277636,0
1789367828202403326,58341412,280,0,277636,0
1789367828205322321,58341412,280,0,277636,0
1789367829233075764,58340764,532,0,277636,0
1789367829236449900,58340764,532,0,277636,0
1789367830263516053,58338864,568,0,277636,0
1789367830266029829,58338864,568,0,277636,0
1789367831290754770,58338692,616,0,277636,0
1789367831292367096,58338692,616,0,277636,0
1789367832317730956,58337520,176,0,277636,0
1789367832318412346,58337520,176,0,277636,0
1789367833343997723,58338084,252,0,277636,0
1789367833344964267,58338084,252,0,277636,0
1789367834370835756,58338408,372,0,277636,0
1789367834371972445,58337904,372,0,277636,0
1789367835397557440,58336592,572,0,277636,0
1789367835398860289,58336592,572,0,277636,0
1789367836425217551,58335032,664,0,277636,0
1789367836426429984,58335032,664,0,277636,0
1789367837455957754,58335912,160,0,277636,0
1789367837457669319,58335408,160,0,277636,0
1789367838487264456,58333088,284,0,277636,0
1789367838489270400,58333088,284,0,277636,0
1789367839518615916,58334184,388,0,277636,0
1789367839519847781,58334184,388,0,277636,0
1789367840548903886,58331272,604,0,277636,0
1789367840551282337,58331272,604,0,277636,0
1789367841579506305,58333656,644,0,277636,0
1789367841582140892,58333656,644,0,277636,0
1789367842610058158,58333628,36,0,277636,0
1789367842611950063,58333124,36,0,277636,0
1789367843641444516,58331024,140,0,277636,0
1789367843642930366,58331024,140,0,277636,0
1789367844672656548,58332768,416,0,277636,0
1789367844673727841,58332768,416,0,277636,0
1789367845704161491,58331296,520,0,277636,0
1789367845704854280,58331296,520,0,277636,0
1789367846734326726,58331620,576,0,277636,0
1789367846735567753,58331620,576,0,277636,0
1789367847764678980,58329988,144,0,277636,0
1789367847766677185,58329988,144,0,277636,0
1789367848795967712,58330472,340,0,277636,0
1789367848797602374,58330472,340,0,277636,0
1789367849827250958,58330564,412,0,277636,0
1789367849828315846,58330564,412,0,277636,0
1789367850858236542,58331724,624,0,277636,0
1789367850859286829,58331724,624,0,277636,0
1789367851889246178,58331648,656,0,277636,0
1789367851890151520,58332708,672,0,277636,0
1789367852919559624,58335400,168,0,277636,0
1789367852920741841,58335400,168,0,277636,0
1789367853950706807,58333244,248,0,277636,0
1789367853951913527,58333244,248,0,277636,0
1789367854981270238,58330780,512,0,277636,0
1789367854982541308,58330276,512,0,277636,0
1789367856008583484,58330916,540,0,277636,0
1789367856009507239,58330916,540,0,277636,0
1789367857035460227,58329248,600,0,277636,0
1789367857036693914,58329248,600,0,277636,0
1789367858062579226,58331116,164,0,277636,0
1789367858063836499,58331116,164,0,277636,0
1789367859089739300,58331116,356,0,277636,0
1789367859090555139,58331116,356,0,277636,0
1789367860117881955,58331628,576,0,277636,0
1789367860116947682,58331124,576,0,277636,0
1789367861143665533,58332056,632,0,277636,0
1789367861144893283,58332056,632,0,277636,0
1789367862174864926,58329992,668,0,277636,0
1789367862176151937,58329992,668,0,277636,0
1789367863206281188,58331744,48,0,277636,0
1789367863207076860,58331744,48,0,277636,0
1789367864237642656,58335212,400,0,277636,0
1789367864238688968,58335212,400,0,277636,0
1789367865268836822,58334324,472,0,277636,0
1789367865270098599,58334324,472,0,277636,0
1789367866299707742,58333304,568,0,277636,0
1789367866301018632,58333304,568,0,277636,0
1789367867331543257,58333744,604,0,277636,0
1789367867332653601,58333240,604,0,277636,0
1789367868363229056,58333380,208,0,277636,0
1789367868364485531,58333380,208,0,277636,0
1789367869394790503,58336500,436,0,277636,0
1789367869395646990,58336500,436,0,277636,0
1789367870427215425,58335892,536,0,277636,0
1789367870427795067,58335892,536,0,277636,0
1789367871458378986,58334520,648,0,277636,0
1789367871459633966,58334520,648,0,277636,0
1789367872489854264,58336232,676,0,277636,0
1789367872491174286,58336232,676,0,277636,0
1789367873521975103,58336488,68,0,277636,0
1789367873523252353,58336488,68,0,277636,0
1789367874553663063,58338144,320,0,277636,0
1789367874554746536,58338144,320,0,277636,0
1789367875586639241,58338296,508,0,277636,0
1789367875586438839,58338296,508,0,277636,0
1789367876618430777,58337696,604,0,277636,0
1789367876619289629,58336688,604,0,277636,0
1789367877649200100,58338404,640,0,277636,0
1789367877650505258,58338404,640,0,277636,0
1789367878679986764,58337816,216,0,277636,0
1789367878681325667,58337816,216,0,277636,0
1789367879710558918,58336332,288,0,277636,0
1789367879712106602,58336332,288,0,277636,0
1789367880737384345,58336376,492,0,277636,0
1789367880738624221,58336376,492,0,277636,0
1789367881764279164,58336240,568,0,277636,0
1789367881765420340,58336240,568,0,277636,0
1789367882790916427,58337360,620,0,277636,0
1789367882792582662,58337360,620,0,277636,0
1789367883817963986,58339320,200,348,277636,0
1789367883819275192,58339320,200,348,277636,0
1789367884845774212,58342580,344,0,277636,0
1789367884846830483,58342580,344,0,277636,0
1789367885876390211,58340272,620,0,277636,0
1789367885877868839,58340272,620,0,277636,0
1789367886907086598,58341172,644,0,277636,0
1789367886908799411,58341172,644,0,277636,0
1789367887937153870,58342284,712,0,277636,0
1789367887939423142,58342312,712,0,277636,0
1789367888967134876,58342668,60,0,277636,0
1789367888969947831,58342668,60,0,277636,0
1789367889997029049,58345828,376,0,277636,0
1789367890000090553,58345828,376,0,277636,0
1789367891027701373,58346924,404,0,277636,0
1789367891030817870,58347428,404,0,277636,0
1789367892058049446,58346516,484,0,277636,0
1789367892061346426,58346516,484,0,277636,0
1789367893088931109,58345600,572,0,277636,0
1789367893091470887,58345600,572,0,277636,0
1789367894119603728,58344784,212,0,277636,0
1789367894122175661,58344840,216,0,277636,0
1789367895150719520,58345472,472,0,277636,0
1789367895153055499,58345472,472,0,277636,0
1789367896180334837,58345504,540,0,277636,0
1789367896182664114,58345504,540,0,277636,0
1789367897211076512,58344140,580,0,277636,0
1789367897213508899,58343636,580,0,277636,0
1789367898242042056,58345216,680,0,277636,0
1789367898244216834,58345216,680,0,277636,0
1789367899273026909,58344580,188,0,277636,0
1789367899275195789,58344580,188,0,277636,0
1789367900303963529,58347384,416,0,277636,0
1789367900304455334,58347384,416,0,277636,0
1789367901334750967,58348524,464,0,277636,0
1789367901336139084,58348524,464,0,277636,0
1789367902365162386,58347608,504,0,277636,0
1789367902366597569,58347608,504,0,277636,0
1789367903395989142,58347532,592,0,277636,0
1789367903396777952,58347532,592,0,277636,0
1789367904422858815,58347052,76,0,277636,0
1789367904423875495,58347052,76,0,277636,0
1789367905450149935,58344860,536,0,277636,0
1789367905451119166,58344356,536,0,277636,0
1789367906477328166,58345396,596,0,277636,0
1789367906478334222,58345396,596,0,277636,0
1789367907504405675,58344448,684,0,277636,0
1789367907505444960,58344448,684,0,277636,0
1789367908531711254,58345820,692,0,277636,0
1789367908532744430,58345820,692,0,277636,0
1789367909558710083,58343864,360,0,277636,0
1789367909559296198,58343864,360,0,277636,0
1789367910586532455,58343516,412,0,277636,0
1789367910587053246,58343516,412,0,277636,0
1789367911617467623,58344836,444,0,277636,0
1789367911618611326,58344836,444,0,277636,0
1789367912648600341,58342728,488,0,277636,0
1789367912649628416,58342728,488,0,277636,0
1789367913679158051,58341056,556,0,277636,0
1789367913680832534,58341056,556,0,277636,0
1789367914709782414,58341732,204,20,277636,0
1789367914711402517,58341732,204,20,277636,0
1789367915738438674,58342228,400,0,277636,0
1789367915739892637,58342228,400,0,277636,0
1789367916769828570,58342864,432,0,277636,0
1789367916770790874,58342864,432,0,277636,0
1789367917801065500,58343024,588,0,277636,0
1789367917802448865,58343024,588,0,277636,0
1789367918831852898,58342928,668,0,277636,0
1789367918833639140,58342928,668,0,277636,0
1789367919863021309,58345300,380,0,277636,0
1789367919865024292,58345300,388,0,277636,0
1789367920894303767,58343112,448,0,277636,0
1789367920896021630,58342608,448,0,277636,0
1789367921925695210,58341236,580,0,277636,0
1789367921927338131,58341236,580,0,277636,0
1789367922956969339,58341836,632,0,277636,0
1789367922958493362,58341836,632,0,277636,0
1789367923987769063,58342016,712,0,277636,0
1789367923989790239,58342016,712,0,277636,0
1789367925019427427,58343380,348,0,277636,0
1789367925020861270,58343380,348,0,277636,0
1789367926050736484,58344624,452,0,277636,0
1789367926052114661,58344624,452,0,277636,0
1789367927081863759,58344864,532,0,277636,0
1789367927083640917,58344864,532,0,277636,0
1789367928113293848,58343776,676,0,277636,0
1789367928115217789,58343776,676,0,277636,0
1789367929143907276,58331032,720,0,277636,0
1789367929145787134,58331032,720,0,277636,0
1789367930171223959,58329168,364,0,277636,0
1789367930173314206,58329168,364,0,277636,0
1789367931198491584,58329520,568,0,277636,0
1789367931200591498,58329520,568,0,277636,0
1789367932225608596,58330336,624,0,277636,0
1789367932227883447,58330336,624,0,277636,0
1789367933252500154,58330796,748,0,277636,0
1789367933254911291,58330796,748,0,277636,0
1789367934279710281,58330176,784,0,277636,0
1789367934281973158,58330684,784,0,277636,0
1789367935307415933,58329304,52,0,277636,0
1789367935309452574,58328800,52,0,277636,0
1789367936336951604,58328128,144,0,277636,0
1789367936339987877,58328128,144,0,277636,0
1789367937367195882,58325524,184,0,277636,0
1789367937370246847,58325024,184,0,277636,0
1789367938397006036,58323896,388,0,277636,0
1789367938400288717,58323896,388,0,277636,0
1789367939427127736,58315364,412,0,277636,0
1789367939429906212,58315364,412,0,277636,0
1789367940456643623,58335788,12,0,277636,0
1789367940459035131,58335284,12,0,277636,0
1789367941486332804,58334432,240,0,277636,0
1789367941488398063,58334432,240,0,277636,0
1789367942514841203,58331556,296,0,277636,0
1789367942517006218,58331556,296,0,277636,0
1789367943538691965,58331084,352,0,277636,0
1789367943543171604,58331084,352,0,277636,0
1789367944566698150,58329876,440,0,277636,0
1789367944571696915,58329628,440,0,277636,0
1789367945596546920,58328716,132,0,277636,0
1789367945600304718,58328716,132,0,277636,0
1789367946625590542,58326284,260,0,277636,0
1789367946629394851,58326284,260,0,277636,0
1789367947653419920,58327084,292,0,277636,0
1789367947658982489,58327084,292,0,277636,0
1789367948684614314,58324416,340,0,277636,0
1789367948686473747,58324416,340,0,277636,0
1789367949715523290,58322796,424,0,277636,0
1789367949717161937,58322796,424,0,277636,0
1789367950746290170,58320348,0,0,277636,0
1789367950747363675,58320348,0,0,277636,0
1789367951776659442,58318448,268,0,277636,0
1789367951778379177,58318448,268,0,277636,0
1789367952806774619,58318592,388,0,277636,0
1789367952809259027,58318592,388,0,277636,0
1789367953836538953,58316628,448,0,277636,0
1789367953839324147,58316628,448,0,277636,0
1789367954862712227,58318336,492,0,277636,0
1789367954865308281,58318336,492,0,277636,0
1789367955889428215,58317532,12,104,277636,0
1789367955905488085,58317540,20,0,277636,0
1789367956916491865,58319988,132,0,277636,0
1789367956931913275,58320492,264,0,277636,0
1789367957943190974,58319388,292,0,277636,0
1789367957958861027,58318884,292,0,277636,0
1789367958970102958,58316760,368,0,277636,0
1789367958986010074,58317264,368,0,277636,0
1789367959998823749,58316324,556,0,277636,0
1789367960012732134,58316324,556,0,277636,0
1789367961028607024,58315500,0,180,277636,0
1789367961042386534,58315500,0,180,277636,0
1789367962058739157,58315864,284,0,277636,0
1789367962072287528,58316368,284,0,277636,0
1789367963089114904,58314708,372,0,277636,0
1789367963102615080,58314204,372,0,277636,0
1789367964118881778,58311596,448,0,277636,0
1789367964132905547,58309072,448,0,277636,0
1789367965148661998,58310812,636,0,277636,0
1789367965162951440,58311512,636,0,277636,0
1789367966179149110,58309556,740,0,277636,0
1789367966193213436,58309052,740,0,277636,0
1789367967209800101,58311912,244,0,277636,0
1789367967223260209,58311912,244,0,277636,0
1789367968239838692,58312392,272,0,277636,0
1789367968253115382,58311384,272,0,277636,0
1789367969270143020,58307264,396,0,277636,0
1789367969283181439,58306760,396,0,277636,0
1789367970300204741,58303916,580,0,277636,0
1789367970313970295,58304172,580,0,277636,0
1789367971330386022,58303772,4,8,277636,0
1789367971344612431,58304016,4,8,277636,0
1789367972360708602,58307224,244,0,277636,0
1789367972375215672,58307476,244,0,277636,0
1789367973391280312,58303668,288,0,277636,0
1789367973405381457,58304884,288,0,277636,0
1789367974422087859,58306136,412,0,277636,0
1789367974435548504,58306136,412,0,277636,0
1789367975451990490,58307796,620,0,277636,0
1789367975465251921,58307292,620,0,277636,0
1789367976481986612,58306156,20,0,277636,0
1789367976495217559,58306156,20,0,277636,0
1789367977512213410,58307940,260,0,277636,0
1789367977525779256,58308948,260,0,277636,0
1789367978541770290,58307344,300,0,277636,0
1789367978555589133,58307344,300,0,277636,0
1789367979568727070,58303752,344,0,277636,0
1789367979581763403,58304752,344,0,277636,0
1789367980595484631,58330136,784,0,277636,0
1789367980608327461,58330640,784,0,277636,0
1789367981622380326,58326992,12,0,277636,0
1789367981634998594,58327496,12,0,277636,0
1789367982649134616,58323528,252,0,277636,0
1789367982661939828,58323024,252,0,277636,0
1789367983676827588,58320052,296,0,277636,0
1789367983689379807,58319296,296,0,277636,0
1789367984707228660,58317260,456,0,277636,0
1789367984719875052,58317260,456,0,277636,0
1789367985737308761,58317332,672,0,277636,0
1789367985750185207,58317080,676,0,277636,0
1789367986767229526,58316408,8,0,277636,0
1789367986780565041,58316164,8,0,277636,0
1789367987797431233,58316480,256,0,277636,0
1789367987810996824,58316984,256,0,277636,0
1789367988827252317,58319580,316,0,277636,0
1789367988841483765,58319580,316,0,277636,0
1789367989857522761,58316708,348,0,277636,0
1789367989871332912,58317212,348,0,277636,0
1789367990887170023,58315524,612,0,277636,0
1789367990900420655,58315532,612,0,277636,0
1789367991916942517,58312416,16,0,277636,0
1789367991930540494,58311664,20,0,277636,0
1789367992947575108,58309748,256,0,277636,0
1789367992960558060,58309244,256,0,277636,0
1789367993977696623,58311760,320,0,277636,0
1789367993990852025,58311256,320,0,277636,0
1789367995007661462,58308104,352,0,277636,0
1789367995021022947,58308608,352,0,277636,0
1789367996037774988,58306952,616,0,277636,0
1789367996051345799,58306448,616,0,277636,0
1789367997068276224,58306516,24,0,277636,0
1789367997081701416,58305008,24,0,277636,0
1789367998098740240,58305808,248,0,277636,0
1789367998112171516,58305304,248,0,277636,0
1789367999128816399,58305896,308,0,277636,0
1789367999142307616,58305896,308,0,277636,0
1789368000159286709,58307052,344,0,277636,0
1789368000172610133,58307556,344,0,277636,0
1789368001190155662,58305548,564,0,277636,0
1789368001202956575,58305044,564,0,277636,0
1789368002220295663,58305656,140,152,277636,0
1789368002232151270,58305152,140,152,277636,0
1789368003246776263,58303016,316,0,277636,0
1789368003258737447,58302476,316,0,277636,0
1789368004273228226,58302476,344,0,277636,0
1789368004285309842,58302456,360,0,277636,0
1789368005299546969,58303132,548,0,277636,0
1789368005312377037,58303376,548,0,277636,0
1789368006326665792,58304520,584,0,277636,0
1789368006339917095,58305528,592,0,277636,0
1789368007353838105,58305416,12,0,277636,0
1789368007367236987,58305416,12,0,277636,0
1789368008382091302,58304656,352,0,277636,0
1789368008394919512,58304656,352,0,277636,0
1789368009413306851,58306200,392,0,277636,0
1789368009425453249,58305448,392,0,277636,0
1789368010444412327,58305028,600,0,277636,0
1789368010455390883,58305028,600,0,277636,0
1789368011474771907,58307720,656,0,277636,0
1789368011486009660,58307216,656,0,277636,0
1789368012504256694,58307864,32,152,277636,0
1789368012516063007,58307368,40,152,277636,0
1789368013534712900,58304220,152,0,277636,0
1789368013546948346,58303716,152,0,277636,0
1789368014564949507,58304064,356,0,277636,0
1789368014577232337,58304316,356,0,277636,0
1789368015595095383,58303704,400,0,277636,0
1789368015607937562,58303704,400,0,277636,0
1789368016625902471,58303872,600,0,277636,0
1789368016638479721,58303368,600,0,277636,0
1789368017655876327,58302628,44,0,277636,0
1789368017669165015,58302628,44,0,277636,0
1789368018686142690,58302484,272,0,277636,0
1789368018698982597,58302748,272,0,277636,0
1789368019716067711,58303188,376,0,277636,0
1789368019728252877,58302932,376,0,277636,0
1789368020746579743,58300492,424,0,277636,0
1789368020758631401,58299728,424,0,277636,0
1789368021777088997,58319396,660,0,277636,0
1789368021789091128,58319892,660,0,277636,0
1789368022807299166,58317616,332,268,277636,0
1789368022819173290,58316640,332,268,277636,0
1789368023837288951,58317280,264,0,277636,0
1789368023850049956,58316780,264,0,277636,0
1789368024867091517,58316156,388,0,277636,0
1789368024880296673,58316156,388,0,277636,0
1789368025896181391,58311004,596,0,277636,0
1789368025909125033,58311008,596,0,277636,0
1789368026926148946,58309096,660,0,277636,0
1789368026938433550,58308592,660,0,277636,0
1789368027952949814,58307200,36,0,277636,0
1789368027965238967,58307704,40,0,277636,0
1789368028979703333,58307748,244,0,277636,0
1789368028991332749,58307244,244,0,277636,0
1789368030006079621,58306616,372,0,277636,0
1789368030018157154,58306112,372,0,277636,0
1789368031032729457,58306168,636,0,277636,0
1789368031045104606,58306168,636,0,277636,0
1789368032059470637,58307012,700,0,277636,0
1789368032071682798,58307012,700,0,277636,0
1789368033086575082,58305092,48,0,277636,0
1789368033098986199,58304588,48,0,277636,0
1789368034116539461,58305204,260,0,277636,0
1789368034129196628,58305204,260,0,277636,0
1789368035146720883,58304064,296,0,277636,0
1789368035159389445,58304568,296,0,277636,0
1789368036176960652,58302112,580,0,277636,0
1789368036189770896,58301608,580,0,277636,0
1789368037207185489,58302712,604,0,277636,0
1789368037219988605,58302208,604,0,277636,0
1789368038236384312,58302088,60,0,277636,0
1789368038250345023,58303096,60,0,277636,0
1789368039266745882,58302064,264,0,277636,0
1789368039280390963,58301560,264,0,277636,0
1789368040297047790,58297716,296,0,277636,0
1789368040311020692,58297424,296,0,277636,0
1789368041327515930,58297568,496,0,277636,0
1789368041341136960,58297284,496,0,277636,0
1789368042358170174,58297404,596,0,277636,0
1789368042371157286,58297404,596,0,277636,0
1789368043388508832,58299732,40,408,277636,0
1789368043401733638,58300236,40,408,277636,0
1789368044418902341,58299856,264,0,277636,0
1789368044432377679,58299856,264,0,277636,0
1789368045449021881,58300700,504,0,277636,0
1789368045462200175,58300700,504,0,277636,0
1789368046479674513,58300028,524,0,277636,0
1789368046492735045,58301036,524,0,277636,0
1789368047510502893,58300916,632,0,277636,0
1789368047522915816,58301420,632,0,277636,0
1789368048540912704,58300732,76,0,277636,0
1789368048552699721,58301236,76,0,277636,0
1789368049571188022,58302816,360,0,277636,0
1789368049583138373,58302816,360,0,277636,0
1789368050601405671,58303172,564,0,277636,0
1789368050613954576,58303172,564,0,277636,0
1789368051631055650,58303208,608,0,277636,0
1789368051644242899,58303712,608,0,277636,0
1789368052657391253,58302760,712,0,277636,0
1789368052671627427,58302256,712,0,277636,0
1789368053682968431,58302284,352,0,277636,0
1789368053698521946,58301780,352,0,277636,0
1789368054709570141,58299144,268,0,277636,0
1789368054725314086,58299144,268,0,277636,0
1789368055736261430,58297668,452,0,277636,0
1789368055752177757,58297408,452,0,277636,0
1789368056763145638,58297396,536,0,277636,0
1789368056778933254,58297396,536,0,277636,0
1789368057790451304,58298292,612,0,277636,0
1789368057806834275,58296760,616,0,277636,0
1789368058819211653,58298100,164,0,277636,0
1789368058836515169,58298352,164,0,277636,0
1789368059848338564,58298408,244,0,277636,0
1789368059865173137,58297904,244,0,277636,0
1789368060876870477,58297992,440,0,277636,0
1789368060894505185,58298496,440,0,277636,0
1789368061906292221,58299332,476,0,277636,0
1789368061923332023,58299092,476,0,277636,0
1789368062935649452,58300096,580,0,277636,0
1789368062949140869,58300600,580,0,277636,0
1789368063966122114,58299920,68,0,277636,0
1789368063978843136,58300424,68,0,277636,0
1789368064996860626,58298284,260,0,277636,0
1789368065008707053,58298284,260,0,277636,0
1789368066027820915,58297936,456,0,277636,0
1789368066039222451,58296676,456,0,277636,0
1789368067058512458,58299032,496,0,277636,0
1789368067069752090,58299276,496,0,277636,0
1789368068089070118,58295236,572,0,277636,0
1789368068100055616,58294964,572,0,277636,0
1789368069119016986,58293600,40,0,277636,0
1789368069130015684,58293584,40,0,277636,0
1789368070149128185,58294348,268,0,277636,0
1789368070160644744,58295308,268,0,277636,0
1789368071179724602,58295268,448,0,277636,0
1789368071190720571,58296720,448,0,277636,0
1789368072210194835,58295216,488,0,277636,0
1789368072221162277,58295924,488,0,277636,0
1789368073240137211,58295752,508,0,277636,0
1789368073251425031,58294984,508,0,277636,0
1789368074271287736,58295180,84,0,277636,0
1789368074282036624,58295164,84,0,277636,0
1789368075301577307,58294920,268,0,277636,0
1789368075312444753,58294892,272,0,277636,0
1789368076327870713,58292628,428,0,277636,0
1789368076339158589,58293616,432,0,277636,0
1789368077354441294,58294364,472,0,277636,0
1789368077365354928,58293600,472,0,277636,0
1789368078381236231,58292408,520,0,277636,0
1789368078392020900,58292624,520,0,277636,0
1789368079408101069,58291464,148,0,277636,0
1789368079418446224,58290732,148,0,277636,0
1789368080434776565,58291184,288,0,277636,0
1789368080445238631,58291400,288,0,277636,0
1789368081462286628,58290984,492,0,277636,0
1789368081472487625,58291692,492,0,277636,0
1789368082493829506,58290236,548,0,277636,0
1789368082502324816,58290464,548,0,277636,0
1789368083524945510,58290524,572,0,277636,0
1789368083532558765,58290520,572,0,277636,0
1789368084555306976,58292388,20,472,277636,0
1789368084563327458,58292628,20,472,277636,0
1789368085585769099,58291508,384,0,277636,0
1789368085593678175,58291764,384,0,277636,0
1789368086616741793,58291104,476,0,277636,0
1789368086624533637,58291820,476,0,277636,0
1789368087646854950,58329244,500,0,277636,0
1789368087656011209,58329244,500,0,277636,0
1789368088677486805,58326416,564,0,277636,0
1789368088686134389,58325688,564,0,277636,0
1789368089707813089,58326012,44,160,277636,0
1789368089716043832,58326516,44,160,277636,0
1789368090738608404,58324920,204,0,277636,0
1789368090744892030,58324920,204,0,277636,0
1789368091769136242,58322756,528,0,277636,0
1789368091774965603,58322756,528,0,277636,0
1789368092800275233,58319560,572,0,277636,0
1789368092805731088,58319560,572,0,277636,0
1789368093830148093,58315824,616,0,277636,0
1789368093834845416,58315860,616,0,277636,0
1789368094860031344,58316576,28,356,277636,0
1789368094864828738,58316576,28,356,277636,0
1789368095889114809,58314116,304,0,277636,0
1789368095894242214,58314120,312,0,277636,0
1789368096917094548,58313016,352,0,277636,0
1789368096922696695,58313016,352,0,277636,0
1789368097946307826,58311588,376,0,277636,0
1789368097951746241,58310836,376,0,277636,0
1789368098973964403,58311200,556,0,277636,0
1789368098980158019,58311200,556,0,277636,0
1789368100000843424,58292764,24,0,277636,0
1789368100009487201,58292764,24,0,277636,0
1789368101026779805,58292648,396,0,277636,0
1789368101036703095,58292648,396,0,277636,0
1789368102053421567,58292792,432,0,277636,0
1789368102063443367,58292792,432,0,277636,0
1789368103080146615,58291124,472,0,277636,0
1789368103090307855,58291124,472,0,277636,0
1789368104106914197,58289532,536,0,277636,0
1789368104117349255,58289028,536,0,277636,0
1789368105133709641,58287404,20,0,277636,0
1789368105143754411,58288416,20,0,277636,0
1789368106161106442,58286800,288,0,277636,0
1789368106170733967,58286296,288,0,277636,0
1789368107191810812,58285896,456,0,277636,0
1789368107200277463,58285896,456,0,277636,0
1789368108222444115,58285924,476,0,277636,0
1789368108229838787,58285924,476,0,277636,0
1789368109253049813,58285284,556,0,277636,0
1789368109260490465,58285284,556,0,277636,0
1789368110283654944,58283672,24,348,277636,0
1789368110291166783,58284680,24,348,277636,0
1789368111314873975,58283768,396,0,277636,0
1789368111321972182,58283264,396,0,277636,0
1789368112345465705,58284696,452,0,277636,0
1789368112352326276,58284696,452,0,277636,0
1789368113375875595,58282644,488,0,277636,0
1789368113383094871,58282644,488,0,277636,0
1789368114407000363,58281836,512,0,277636,0
1789368114414132630,58281836,512,0,277636,0
1789368115437757130,58281732,184,120,277636,0
1789368115445089717,58281988,184,120,277636,0
1789368116468939510,58281668,416,0,277636,0
1789368116475679610,58281668,416,0,277636,0
1789368117499799804,58280580,472,0,277636,0
1789368117506669167,58280580,472,0,277636,0
1789368118530741121,58279492,516,0,277636,0
1789368118537856742,58279492,516,0,277636,0
1789368119561409484,58280296,588,0,277636,0
1789368119568162937,58280296,588,0,277636,0
1789368120592474635,58281156,8,0,277636,0
1789368120599026198,58281156,8,0,277636,0
1789368121623147526,58282732,140,0,277636,0
1789368121629130638,58282732,140,0,277636,0
1789368122654537726,58284860,284,0,277636,0
1789368122658213244,58284860,284,0,277636,0
1789368123684967030,58286468,336,0,277636,0
1789368123688231452,58286468,336,0,277636,0
1789368124715397995,58286424,380,0,277636,0
1789368124718233608,58286424,380,0,277636,0
1789368125742307714,58287568,192,0,277636,0
1789368125745019955,58287568,192,0,277636,0
1789368126768684432,58286444,116,0,277636,0
1789368126771477166,58286444,116,0,277636,0
1789368127795924164,58285296,276,0,277636,0
1789368127798520799,58285296,276,0,277636,0
1789368128822871639,58283344,336,0,277636,0
1789368128825475577,58283344,336,0,277636,0
1789368129849878379,58280428,368,0,277636,0
1789368129852670626,58280428,368,0,277636,0
1789368130877255040,58280968,4,0,277636,0
1789368130879922998,58280968,4,0,277636,0
1789368131907645183,58280824,268,0,277636,0
1789368131910116327,58281328,268,0,277636,0
1789368132938411771,58280380,292,0,277636,0
1789368132940569491,58280380,292,0,277636,0
1789368133968742191,58278944,368,0,277636,0
1789368133971016697,58278944,368,0,277636,0
1789368134998851809,58279352,416,0,277636,0
1789368135001273597,58278848,416,0,277636,0
1789368136030186501,58279244,20,0,277636,0
1789368136032164702,58279244,20,0,277636,0
1789368137061230043,58280604,260,0,277636,0
1789368137063196489,58280604,260,0,277636,0
1789368138092303427,58280420,292,0,277636,0
1789368138093972993,58280420,292,0,277636,0
1789368139123205667,58279552,356,0,277636,0
1789368139125749846,58279552,356,0,277636,0
1789368140154417210,58278312,424,0,277636,0
1789368140157312400,58278312,424,0,277636,0
1789368141185742148,58277380,0,0,277636,0
1789368141189984726,58277380,0,0,277636,0
1789368142217865114,58275728,256,0,277636,0
1789368142221219685,58275224,256,0,277636,0
1789368143249376654,58275036,296,0,277636,0
1789368143252962180,58275540,296,0,277636,0
1789368144278792422,58273096,316,0,277636,0
1789368144282461918,58273096,316,0,277636,0
1789368145306474444,58274368,408,0,277636,0
1789368145309655779,58275376,408,0,277636,0
1789368146336977005,58273936,104,0,277636,0
1789368146340001234,58273936,104,0,277636,0
1789368147366272252,58273056,244,0,277636,0
1789368147370280389,58273056,244,0,277636,0
1789368148397725598,58271508,284,0,277636,0
1789368148400583017,58271508,284,0,277636,0
1789368149427961018,58272432,376,0,277636,0
1789368149430324242,58272432,376,0,277636,0
1789368150454837979,58275268,584,0,277636,0
1789368150457081155,58275268,584,0,277636,0
1789368151481947129,58277720,4,116,277636,0
1789368151483808990,58277720,4,116,277636,0
1789368152508535498,58277248,296,0,277636,0
1789368152510111411,58277248,296,0,277636,0
1789368153535262883,58278620,336,0,277636,0
1789368153537103420,58278620,336,0,277636,0
1789368154560831484,58279708,380,0,277636,0
1789368154563108463,58279204,380,0,277636,0
1789368155587952178,58282008,396,0,277636,0
1789368155590476125,58282008,396,0,277636,0
1789368156617767307,58280400,128,0,277636,0
1789368156620501163,58280400,128,0,277636,0
1789368157648273294,58279840,236,0,277636,0
1789368157650425742,58279840,236,0,277636,0
1789368158678904851,58279528,336,0,277636,0
1789368158680877913,58279528,336,0,277636,0
1789368159708864220,58278416,360,0,277636,0
1789368159711289409,58278416,360,0,277636,0
1789368160739359590,58278328,396,0,277636,0
1789368160741914592,58278328,396,0,277636,0
1789368161769526467,58278272,0,176,277636,0
1789368161771750150,58278272,0,176,277636,0
1789368162800523566,58280976,224,0,277636,0
1789368162802450321,58280976,224,0,277636,0
1789368163830969783,58279836,360,0,277636,0
1789368163833169172,58279836,360,0,277636,0
1789368164860436462,58278900,376,0,277636,0
1789368164862909726,58278900,376,0,277636,0
1789368165890195685,58278832,588,0,277636,0
1789368165892129031,58278832,588,0,277636,0
1789368166919337412,58278728,4,0,277636,0
1789368166921875106,58278224,4,0,277636,0
1789368167947625534,58279584,256,0,277636,0
1789368167950573038,58279584,256,0,277636,0
1789368168977023326,58277172,272,0,277636,0
1789368168979644140,58277172,272,0,277636,0
1789368170006491749,58275644,388,0,277636,0
1789368170009138932,58275644,388,0,277636,0
1789368171036477845,58274744,584,0,277636,0
1789368171039073830,58274744,584,0,277636,0
1789368172065932766,58274356,20,0,277636,0
1789368172069207342,58274356,20,0,277636,0
1789368173096419868,58273932,252,0,277636,0
1789368173099188905,58273932,252,0,277636,0
1789368174126565289,58274784,312,0,277636,0
1789368174129369888,58274784,312,0,277636,0
1789368175153325523,58273144,344,0,277636,0
1789368175155992673,58273144,344,0,277636,0
1789368176179564187,58271328,748,0,277636,0
1789368176182306448,58271328,748,0,277636,0
1789368177206273672,58272084,132,0,277636,0
1789368177208702034,58272084,132,0,277636,0
1789368178232932452,58272724,264,0,277636,0
1789368178234909188,58272724,264,0,277636,0
1789368179259642671,58273812,320,0,277636,0
1789368179262129143,58273812,320,0,277636,0
1789368180286577726,58274340,392,0,277636,0
1789368180289468276,58274340,392,0,277636,0
1789368181316922137,58274304,564,0,277636,0
1789368181320322114,58274304,564,0,277636,0
1789368182346969379,58275144,12,0,277636,0
1789368182350790201,58275144,24,0,277636,0
1789368183377926862,58275800,124,0,277636,0
1789368183381302122,58275800,124,0,277636,0
1789368184408867107,58277728,308,0,277636,0
1789368184411500119,58277728,308,0,277636,0
1789368185439018767,58278352,340,0,277636,0
1789368185441570330,58278352,340,0,277636,0
1789368186469907264,58281900,368,0,277636,0
1789368186472452364,58281396,368,0,277636,0
1789368187500698606,58281300,8,40,277636,0
1789368187502910071,58281300,8,40,277636,0
1789368188531808961,58280416,264,0,277636,0
1789368188534156345,58279912,264,0,277636,0
1789368189561705955,58280844,324,0,277636,0
1789368189564477875,58280844,324,0,277636,0
1789368190592068810,58281292,384,0,277636,0
1789368190594936543,58281292,384,0,277636,0
1789368191623176307,58280952,576,0,277636,0
1789368191625739128,58280448,576,0,277636,0
1789368192653924027,58279924,144,356,277636,0
1789368192656319531,58280428,144,356,277636,0
1789368193684791022,58279468,116,0,277636,0
1789368193687205793,58279468,116,0,277636,0
1789368194715625510,58279636,268,0,277636,0
1789368194717955124,58279132,268,0,277636,0
1789368195745322886,58281200,316,0,277636,0
1789368195748320683,58281200,316,0,277636,0
1789368196775130824,58281608,528,0,277636,0
1789368196778906790,58281608,528,0,277636,0
1789368197806266004,58281996,12,0,277636,0
1789368197809432745,58281492,12,0,277636,0
1789368198836371617,58278800,132,0,277636,0
1789368198839479128,58278800,132,0,277636,0
1789368199863099390,58278420,292,0,277636,0
1789368199866647456,58278420,292,0,277636,0
1789368200889801691,58279240,324,0,277636,0
1789368200893734530,58279240,324,0,277636,0
1789368201916325109,58277876,524,0,277636,0
1789368201920908816,58277876,524,0,277636,0
1789368202942761899,58277244,168,0,277636,0
1789368202948059163,58277244,168,0,277636,0
1789368203969694478,58277816,276,0,277636,0
1789368203974853765,58277816,276,0,277636,0
1789368204997373978,58278172,316,0,277636,0
1789368205002772909,58277668,316,0,277636,0
1789368206028291431,58276856,380,0,277636,0
1789368206034108211,58276856,380,0,277636,0
1789368207059705150,58276704,572,0,277636,0
1789368207065248316,58276704,572,0,277636,0
1789368208090703354,58276792,152,0,277636,0
1789368208096449196,58276040,152,0,277636,0
1789368209121998083,58276360,264,0,277636,0
1789368209127390428,58276864,264,0,277636,0
1789368210152960890,58276372,300,0,277636,0
1789368210158138899,58276876,300,0,277636,0
1789368211183818641,58275428,356,0,277636,0
1789368211188843899,58275428,356,0,277636,0
1789368212214857976,58274864,580,0,277636,0
1789368212218855693,58274864,580,0,277636,0
1789368213245679262,58275760,48,0,277636,0
1789368213249483705,58275760,48,0,277636,0
1789368214277066613,58276632,276,0,277636,0
1789368214280271650,58276632,276,0,277636,0
1789368215308438594,58276716,344,0,277636,0
1789368215311127014,58276716,344,0,277636,0
1789368216339185615,58278476,536,0,277636,0
1789368216341648748,58278476,536,0,277636,0
1789368217369534589,58278372,592,0,277636,0
1789368217372479270,58278372,592,0,277636,0
1789368218399831776,58277256,52,168,277636,0
1789368218402907407,58277256,52,168,277636,0
1789368219430506707,58276408,252,0,277636,0
1789368219434132331,58275904,252,0,277636,0
1789368220461861431,58275280,304,0,277636,0
1789368220465123892,58275280,304,0,277636,0
1789368221492662586,58273680,512,0,277636,0
1789368221495318004,58273680,512,0,277636,0
1789368222523831789,58273092,564,0,277636,0
1789368222526374749,58273092,564,0,277636,0
1789368223554412336,58273476,184,0,277636,0
1789368223557002703,58273476,184,0,277636,0
1789368224581715765,58272512,308,0,277636,0
1789368224583993789,58272512,308,0,277636,0
1789368225609388869,58271852,340,0,277636,0
1789368225611445413,58271852,340,0,277636,0
1789368226636529313,58274012,764,0,277636,0
1789368226637933014,58273508,764,0,277636,0
1789368227663110527,58270600,804,0,277636,0
1789368227665336873,58270600,804,0,277636,0
1789368228690703509,58267784,36,0,277636,0
1789368228693042400,58267784,36,0,277636,0
1789368229720147592,58269220,352,0,277636,0
1789368229723082643,58269220,352,0,277636,0
1789368230751093516,58269816,392,0,277636,0
1789368230754248036,58269816,392,0,277636,0
1789368231781931124,58269424,648,0,277636,0
1789368231784671318,58269424,648,0,277636,0
1789368232812991714,58268048,708,0,277636,0
1789368232816063454,58268048,708,0,277636,0
1789368233843821021,58267564,44,0,277636,0
1789368233847139217,58267564,44,0,277636,0
1789368234874605763,58266944,164,0,277636,0
1789368234878455940,58266944,164,0,277636,0
1789368235906169228,58267632,380,0,277636,0
1789368235909435998,58267632,380,0,277636,0
1789368236937367356,58267728,640,0,277636,0
1789368236939842989,58267728,640,0,277636,0
1789368237968366111,58267828,676,0,277636,0
1789368237970555007,58267828,676,0,277636,0
1789368238999878585,58270292,32,0,277636,0
1789368239001509682,58270292,32,0,277636,0
1789368240030789880,58271456,328,0,277636,0
1789368240032418377,58271456,328,0,277636,0
1789368241062241342,58272120,400,0,277636,0
1789368241063444279,58271616,400,0,277636,0
1789368242093571964,58271312,608,0,277636,0
1789368242094385032,58271312,608,0,277636,0
1789368243124922099,58272916,652,0,277636,0
1789368243125750749,58272916,652,0,277636,0
1789368244155913532,58276052,44,0,277636,0
1789368244156911878,58276052,44,0,277636,0
1789368245186878182,58275444,136,0,277636,0
1789368245187988831,58275444,136,0,277636,0
1789368246216214471,58278068,304,0,277636,0
1789368246218606747,58278068,304,0,277636,0
1789368247246917876,58276644,536,0,277636,0
1789368247247953875,58276644,536,0,277636,0
1789368248272479335,58278424,576,0,277636,0
1789368248274247480,58278424,576,0,277636,0
1789368249299364013,58278092,40,168,277636,0
1789368249301797864,58278092,40,168,277636,0
1789368250325858147,58280960,244,0,277636,0
1789368250328929540,58280960,244,0,277636,0
1789368251352540037,58279040,288,0,277636,0
1789368251355439125,58280048,288,0,277636,0
1789368252379065479,58280372,484,0,277636,0
1789368252381311596,58280372,484,0,277636,0
1789368253406622860,58280216,568,0,277636,0
1789368253408699588,58280216,568,0,277636,0
1789368254435458831,58278572,212,60,277636,0
1789368254436824818,58278572,212,60,277636,0
1789368255465303036,58281340,272,0,277636,0
1789368255466406107,58281340,272,0,277636,0
1789368256494568411,58280696,472,0,277636,0
1789368256496682311,58280696,472,0,277636,0
1789368257523942740,58280152,548,0,277636,0
1789368257526735521,58280152,548,0,277636,0
1789368258554786403,58280012,620,0,277636,0
1789368258556700662,58280012,620,0,277636,0
1789368259585505490,58282872,36,544,277636,0
1789368259587225954,58283376,36,544,277636,0
1789368260616597642,58283616,256,0,277636,0
1789368260617651644,58283616,256,0,277636,0
1789368261648132285,58285460,300,0,277636,0
1789368261649316453,58285460,300,0,277636,0
1789368262678972413,58285532,488,0,277636,0
1789368262680347540,58285532,488,0,277636,0
1789368263709631570,58284992,624,0,277636,0
1789368263710721531,58284992,624,0,277636,0
1789368264740123064,58284872,8,0,277636,0
1789368264741282634,58284872,8,0,277636,0
1789368265769824472,58287492,264,0,277636,0
1789368265770405949,58287492,264,0,277636,0
1789368266799618922,58288164,436,0,277636,0
1789368266800765046,58288164,436,0,277636,0
1789368267830393358,58287028,468,0,277636,0
1789368267831324691,58287028,468,0,277636,0
1789368268860743881,58286128,504,0,277636,0
1789368268862338252,58285376,504,0,277636,0
1789368269891886486,58284728,16,0,277636,0
1789368269893231620,58284224,16,0,277636,0
1789368270921772861,58286472,316,0,277636,0
1789368270923519007,58286472,316,0,277636,0
1789368271952071704,58275296,572,0,277636,0
1789368271954148913,58275296,572,0,277636,0
1789368272979085961,58274896,612,0,277636,0
1789368272981224583,58274896,612,0,277636,0
1789368274005525303,58274728,660,0,277636,0
1789368274007823963,58274476,660,0,277636,0
1789368275031635883,58272576,20,0,277636,0
1789368275034530686,58272576,20,0,277636,0
1789368276058867522,58267444,276,0,277636,0
1789368276060860650,58267444,276,0,277636,0
1789368277085664021,58269364,492,0,277636,0
1789368277087311233,58269364,492,0,277636,0
1789368278113065170,58268052,560,0,277636,0
1789368278114802792,58268052,560,0,277636,0
1789368279143348448,58268260,612,0,277636,0
1789368279145578286,58268260,612,0,277636,0
1789368280173707548,58266964,20,0,277636,0
1789368280176247408,58266460,20,0,277636,0
1789368281204687005,58267232,292,0,277636,0
1789368281207048524,58267232,292,0,277636,0
1789368282235563298,58266612,508,0,277636,0
1789368282238062283,58266360,508,0,277636,0
1789368283266394843,58265252,552,0,277636,0
1789368283268908456,58265756,552,0,277636,0
1789368284297018663,58266660,624,0,277636,0
1789368284298988535,58266660,624,0,277636,0
1789368285327382376,58268268,64,0,277636,0
1789368285329796658,58268268,64,0,277636,0
1789368286357940366,58264828,320,0,277636,0
1789368286360590982,58264324,320,0,277636,0
1789368287388948319,58265872,472,0,277636,0
1789368287391156940,58265872,472,0,277636,0
1789368288420801922,58265024,548,0,277636,0
1789368288421794860,58265024,548,0,277636,0
1789368289452203674,58265460,600,0,277636,0
1789368289453406220,58265460,600,0,277636,0
1789368290483192706,58267756,400,0,277636,0
1789368290484503791,58267756,400,0,277636,0
1789368291514298141,58269880,364,0,277636,0
1789368291515380290,58269880,364,0,277636,0
1789368292545365798,58271200,484,0,277636,0
1789368292546541614,58271200,484,0,277636,0
1789368293576643816,58270280,528,0,277636,0
1789368293577747358,58270280,528,0,277636,0
1789368294607638896,58270172,564,0,277636,0
1789368294609192228,58270172,564,0,277636,0
1789368295638835361,58271996,148,168,277636,0
1789368295640403495,58271996,148,168,277636,0
1789368296668851926,58270604,392,0,277636,0
1789368296670567624,58270604,392,0,277636,0
1789368297695567484,58268964,488,0,277636,0
1789368297697593783,58268964,488,0,277636,0
1789368298722464771,58269200,536,0,277636,0
1789368298724470985,58269704,536,0,277636,0
1789368299749626775,58270152,580,0,277636,0
1789368299750979732,58270152,580,0,277636,0
1789368300777059390,58272016,136,0,277636,0
1789368300778301600,58272520,136,0,277636,0
1789368301804709744,58273128,460,0,277636,0
1789368301805816375,58272624,460,0,277636,0
1789368302833559465,58249404,580,0,277636,0
1789368302834432171,58249404,580,0,277636,0
1789368303862643186,58255444,672,0,277636,0
1789368303864169017,58255444,672,0,277636,0
1789368304893254060,58254272,732,0,277636,0
1789368304894413082,58254272,732,0,277636,0
1789368305923577773,58259160,0,0,277636,0
1789368305925392000,58259160,0,0,277636,0
1789368306953574780,58261080,456,0,277636,0
1789368306955429398,58260576,456,0,277636,0
1789368307984140667,58257960,492,0,277636,0
1789368307985779340,58257960,492,0,277636,0
1789368309012002950,58257640,596,0,277636,0
1789368309013923510,58257640,596,0,277636,0
1789368310042853222,58258492,628,0,277636,0
1789368310045205937,58258996,628,0,277636,0
1789368311073663898,58256848,168,0,277636,0
1789368311075997279,58256848,168,0,277636,0
1789368312104552237,58255200,388,0,277636,0
1789368312106993200,58255200,388,0,277636,0
1789368313135366299,58253896,420,0,277636,0
1789368313138216569,58253896,420,0,277636,0
1789368314165737644,58254708,484,0,277636,0
1789368314167312437,58254708,484,0,277636,0
1789368315197420422,58253516,584,0,277636,0
1789368315198699537,58253516,584,0,277636,0
1789368316226841888,58251820,244,0,277636,0
1789368316229085478,58251820,244,0,277636,0
1789368317256354665,58255196,384,0,277636,0
1789368317259357736,58255196,384,0,277636,0
1789368318287367990,58254516,428,0,277636,0
1789368318289951770,58254516,428,0,277636,0
1789368319318367946,58246244,468,0,277636,0
1789368319320771744,58246244,468,0,277636,0
1789368320348921657,58244640,724,0,277636,0
1789368320350705448,58244136,724,0,277636,0
1789368321378430208,58241236,28,0,277636,0
1789368321379554487,58241236,28,0,277636,0
1789368322405679728,58240852,488,0,277636,0
1789368322406597123,58240852,488,0,277636,0
1789368323433465125,58241480,532,0,277636,0
1789368323433755365,58241480,532,0,277636,0
1789368324461297550,58243688,560,0,277636,0
1789368324461309333,58243688,560,0,277636,0
1789368325489086312,58243276,676,0,277636,0
1789368325489482457,58243276,676,0,277636,0
1789368326517517941,58239776,300,0,277636,0
1789368326518033984,58239776,300,0,277636,0
1789368327548403033,58244148,244,0,277636,0
1789368327549595170,58244148,244,0,277636,0
1789368328580181754,58237964,324,0,277636,0
1789368328581156253,58237964,324,0,277636,0
1789368329613137609,58239056,360,0,277636,0
1789368329614233935,58239056,360,0,277636,0
1789368330645083630,58239452,476,0,277636,0
1789368330646083985,58239452,476,0,277636,0
1789368331676222679,58238840,32,204,277636,0
1789368331677000735,58238840,32,204,277636,0
1789368332707162686,58238936,256,0,277636,0
1789368332708455361,58238432,256,0,277636,0
1789368333738280282,58235996,308,0,277636,0
1789368333739542119,58235996,308,0,277636,0
1789368334768557135,58226676,344,0,277636,0
1789368334770433161,58226676,344,0,277636,0
1789368335801253962,58227256,460,0,277636,0
1789368335801949776,58227256,460,0,277636,0
1789368336833008784,58254148,28,0,277636,0
1789368336834325049,58254148,28,0,277636,0
1789368337864211751,58255836,256,0,277636,0
1789368337866248150,58255836,256,0,277636,0
1789368338895439021,58258736,308,0,277636,0
1789368338897464760,58258736,308,0,277636,0
1789368339925235064,58259084,348,0,277636,0
1789368339928017645,58259336,348,0,277636,0
1789368340956516332,58260892,384,0,277636,0
1789368340958802304,58260892,384,0,277636,0
1789368341987245317,58261908,8,0,277636,0
1789368341989655061,58261908,8,0,277636,0
1789368343017904605,58260000,148,0,277636,0
1789368343019949445,58260000,148,0,277636,0
1789368344048547259,58262920,300,0,277636,0
1789368344051236639,58262920,300,0,277636,0
1789368345078748927,58264304,340,0,277636,0
1789368345081560975,58264304,340,0,277636,0
1789368346105861268,58266416,364,0,277636,0
1789368346108461330,58266416,364,0,277636,0
1789368347132986707,58265292,28,0,277636,0
1789368347135337131,58265292,40,0,277636,0
1789368348159739732,58264920,120,0,277636,0
1789368348161987702,58264920,120,0,277636,0
1789368349186750489,58264992,288,0,277636,0
1789368349189045544,58264992,288,0,277636,0
1789368350213711764,58254444,328,0,277636,0
1789368350215849885,58254948,328,0,277636,0
1789368351241535380,58260384,392,0,277636,0
1789368351243495728,58259632,392,0,277636,0
1789368352272529182,58258932,32,0,277636,0
1789368352274051033,58258932,32,0,277636,0
1789368353303008598,58257892,256,0,277636,0
1789368353305091763,58257892,260,0,277636,0
1789368354333125406,58258176,284,0,277636,0
1789368354335628717,58258176,284,0,277636,0
1789368355363578288,58256872,364,0,277636,0
1789368355366091221,58256872,364,0,277636,0
1789368356394414515,58254820,584,0,277636,0
1789368356396757388,58254820,584,0,277636,0
1789368357425942903,58255248,16,0,277636,0
1789368357428040829,58255752,16,0,277636,0
1789368358456858613,58253588,256,0,277636,0
1789368358458907194,58253588,256,0,277636,0
1789368359487112445,58252716,304,0,277636,0
1789368359489110054,58252716,304,0,277636,0
1789368360517776228,58251564,356,0,277636,0
1789368360519385998,58251564,356,0,277636,0
1789368361548925845,58253672,552,0,277636,0
1789368361550290444,58253672,552,0,277636,0
1789368362579575245,58253836,4,112,277636,0
1789368362581380727,58253836,4,112,277636,0
1789368363610827213,58253664,260,0,277636,0
1789368363612983626,58253664,260,0,277636,0
1789368364641850579,58253984,320,0,277636,0
1789368364643182046,58253984,320,0,277636,0
1789368365672449844,58255688,388,0,277636,0
1789368365674136414,58255688,388,0,277636,0
1789368366703005724,58257336,556,0,277636,0
1789368366704471361,58257336,556,0,277636,0
1789368367733727309,58256912,584,0,277636,0
1789368367735199837,58257164,584,0,277636,0
1789368368764712246,58256432,276,0,277636,0
1789368368766852621,58256432,276,0,277636,0
1789368369794291005,58254792,348,0,277636,0
1789368369797130954,58254792,348,0,277636,0
1789368370821165767,58255668,412,0,277636,0
1789368370824155398,58255668,412,0,277636,0
1789368371848076916,58255804,456,0,277636,0
1789368371850897048,58255804,456,0,277636,0
1789368372874977165,58255240,668,0,277636,0
1789368372877759936,58255240,668,0,277636,0
1789368373902066498,58256400,296,0,277636,0
1789368373903857857,58256400,296,0,277636,0
1789368374928728168,58255004,352,0,277636,0
1789368374930822739,58255508,352,0,277636,0
1789368375955868684,58257364,416,0,277636,0
1789368375958370392,58256860,416,0,277636,0
1789368376986348014,58256768,596,0,277636,0
1789368376988396751,58256768,596,0,277636,0
1789368378016679211,58253892,444,36,277636,0
1789368378018886724,58253892,396,36,277636,0
1789368379046993756,58254496,296,0,277636,0
1789368379049407844,58253992,296,0,277636,0
1789368380077246664,58253308,332,0,277636,0
1789368380079623656,58253308,332,0,277636,0
1789368381107569768,58252964,384,0,277636,0
1789368381110397915,58252964,384,0,277636,0
1789368382138405455,58255112,608,0,277636,0
1789368382141352202,58255112,608,0,277636,0
1789368383168983058,58254972,636,0,277636,0
1789368383172110532,58254972,636,0,277636,0
1789368384199805128,58253356,300,60,277636,0
1789368384202637836,58253860,300,60,277636,0
1789368385230761752,58254436,340,60,277636,0
1789368385233319264,58253932,340,60,277636,0
1789368386261496996,58254044,400,0,277636,0
1789368386263816366,58254044,400,0,277636,0
1789368387292354438,58254152,584,0,277636,0
1789368387294415490,58254152,584,0,277636,0
1789368388323209555,58253544,612,0,277636,0
1789368388324854617,58253544,612,0,277636,0
1789368389353956829,58255708,224,0,277636,0
1789368389355900688,58255708,224,0,277636,0
1789368390383339619,58258192,292,0,277636,0
1789368390386488937,58257688,292,0,277636,0
1789368391414042485,58261084,508,0,277636,0
1789368391416839419,58261084,508,0,277636,0
1789368392444790777,58261912,560,0,277636,0
1789368392447069418,58261408,560,0,277636,0
1789368393474979287,58260556,592,0,277636,0
1789368393477133090,58260556,592,0,277636,0
1789368394505797663,58262848,212,0,277636,0
1789368394507096928,58262848,212,0,277636,0
1789368395532754265,58262260,300,0,277636,0
1789368395534028780,58262260,300,0,277636,0
1789368396559766019,58262196,540,0,277636,0
1789368396561046343,58262196,540,0,277636,0
1789368397586713045,58261316,596,0,277636,0
1789368397588154606,58261316,596,0,277636,0
1789368398613947832,58263992,644,0,277636,0
1789368398614682523,58263992,644,0,277636,0
1789368399641448607,58263416,216,0,277636,0
1789368399642253443,58262912,216,0,277636,0
1789368400669567808,58262764,328,0,277636,0
1789368400670617926,58262764,328,0,277636,0
1789368401700253720,58262580,544,0,277636,0
1789368401701310612,58263084,544,0,277636,0
1789368402729368336,58264008,612,0,277636,0
1789368402730293921,58264008,612,0,277636,0
1789368403760028527,58263428,648,0,277636,0
1789368403761222454,58263428,648,0,277636,0
1789368404789429951,58262516,204,0,277636,0
1789368404790495221,58263020,212,0,277636,0
1789368405818844570,58264440,332,0,277636,0
1789368405820148182,58264440,332,0,277636,0
1789368406848606439,58261212,532,0,277636,0
1789368406850094133,58261212,532,0,277636,0
1789368407877821999,58260828,588,0,277636,0
1789368407879596651,58260324,588,0,277636,0
1789368408906586972,58262152,624,0,277636,0
1789368408908013591,58262152,628,0,277636,0
1789368409932255106,58262848,200,0,277636,0
1789368409936071423,58262848,200,0,277636,0
1789368410960550171,58263948,320,0,277636,0
1789368410964594868,58263948,320,0,277636,0
1789368411988792127,58263292,524,0,277636,0
1789368411990649088,58263292,524,0,277636,0
1789368413018501444,58264428,556,0,277636,0
1789368413018890196,58264428,556,0,277636,0
1789368414048005802,58263156,596,0,277636,0
1789368414049202955,58263156,596,0,277636,0
1789368415077354084,58260592,40,0,277636,0
1789368415078353063,58260592,40,0,277636,0
1789368416107065651,58259712,312,0,277636,0
1789368416108890102,58259712,312,0,277636,0
1789368417136629285,58259580,488,0,277636,0
1789368417139069791,58259580,488,0,277636,0
1789368418166704983,58265256,540,0,277636,0
1789368418169285091,58265256,540,0,277636,0
1789368419195830313,58265880,588,0,277636,0
1789368419198437299,58265880,588,0,277636,0
1789368420222738714,58267576,64,0,277636,0
1789368420225116444,58267576,64,0,277636,0
1789368421249356585,58266960,316,0,277636,0
1789368421251367620,58266960,316,0,277636,0
1789368422277030090,58266772,572,0,277636,0
1789368422290839593,58266268,572,0,277636,0
1789368423303977121,58268400,628,0,277636,0
1789368423317214716,58267392,628,0,277636,0
1789368424330319473,58269268,660,0,277636,0
1789368424343613897,58268764,660,0,277636,0
1789368425357803644,58265832,40,0,277636,0
1789368425370912773,58265328,48,0,277636,0
1789368426387691457,58265192,468,0,277636,0
1789368426401444600,58264688,468,0,277636,0
1789368427418320724,58263048,492,0,277636,0
1789368427431930470,58262296,492,0,277636,0
1789368428448728001,58260936,576,0,277636,0
1789368428462099767,58260432,576,0,277636,0
1789368429479041163,58262572,624,0,277636,0
1789368429492048316,58262572,624,0,277636,0
1789368430509203431,58261656,172,0,277636,0
1789368430521965086,58261656,172,0,277636,0
1789368431539757610,58261472,296,0,277636,0
1789368431552092272,58261976,296,0,277636,0
1789368432570882016,58262564,496,0,277636,0
1789368432583065397,58262060,496,0,277636,0
1789368433601218215,58260660,560,0,277636,0
1789368433612766759,58261164,560,0,277636,0
1789368434630686383,58261300,616,0,277636,0
1789368434642731291,58261804,616,0,277636,0
1789368435660978948,58262156,16,180,277636,0
1789368435673133182,58262660,16,180,277636,0
1789368436692179894,58262280,420,0,277636,0
1789368436702998101,58261776,420,0,277636,0
1789368437722644015,58260700,456,0,277636,0
1789368437732992250,58260700,456,0,277636,0
1789368438752865704,58260488,524,0,277636,0
1789368438764119539,58260488,524,0,277636,0
1789368439783213652,58261936,564,0,277636,0
1789368439794813095,58261936,564,0,277636,0
1789368440813803946,58262788,112,0,277636,0
1789368440825597236,58263040,112,0,277636,0
1789368441843543859,58260864,252,0,277636,0
1789368441854948941,58261872,252,0,277636,0
1789368442872935192,58262048,456,0,277636,0
1789368442883503810,58262552,456,0,277636,0
1789368443902321338,58262140,508,0,277636,0
1789368443913425143,58261636,508,0,277636,0
1789368444928597858,58260748,548,0,277636,0
1789368444940051441,58260752,548,0,277636,0
1789368445955203275,58257900,16,0,277636,0
1789368445966346037,58257900,16,0,277636,0
1789368446982126921,58257084,308,0,277636,0
1789368446993284859,58256580,308,0,277636,0
1789368448008760358,58255936,456,0,277636,0
1789368448019819357,58255184,456,0,277636,0
1789368449035617937,58254528,556,0,277636,0
1789368449046591384,58254024,556,0,277636,0
1789368450062825362,58253716,588,0,277636,0
1789368450073999501,58253716,588,0,277636,0
1789368451094059570,58256948,152,0,277636,0
1789368451105312593,58256948,152,0,277636,0
1789368452125077257,58256376,380,0,277636,0
1789368452136419746,58255872,380,0,277636,0
1789368453155812293,58256260,416,0,277636,0
1789368453166675188,58256260,416,0,277636,0
1789368454186121999,58256704,528,0,277636,0
1789368454196098418,58256704,528,0,277636,0
1789368455217217564,58255308,568,0,277636,0
1789368455226190910,58255308,568,0,277636,0
1789368456247420893,58255368,188,352,277636,0
1789368456255453331,58255368,188,352,277636,0
1789368457278097191,58256504,400,0,277636,0
1789368457285218116,58256504,400,0,277636,0
1789368458308398133,58259360,460,0,277636,0
1789368458315311031,58259360,460,0,277636,0
1789368459339163792,58274884,480,0,277636,0
1789368459346187468,58274884,480,0,277636,0
1789368460370388268,58275584,592,0,277636,0
1789368460377583579,58275584,592,0,277636,0
1789368461401244640,58274948,184,0,277636,0
1789368461408615955,58275452,184,0,277636,0
1789368462431706905,58276408,400,0,277636,0
1789368462439740195,58276408,400,0,277636,0
1789368463462198995,58275772,464,0,277636,0
1789368463469845777,58275772,464,0,277636,0
1789368464492849064,58275088,488,0,277636,0
1789368464499901998,58275088,488,0,277636,0
1789368465523864878,58275436,568,0,277636,0
1789368465531306576,58275940,568,0,277636,0
1789368466553706224,58274044,288,0,277636,0
1789368466561257414,58273540,288,0,277636,0
1789368467585156491,58274200,416,0,277636,0
1789368467591799132,58274200,416,0,277636,0
1789368468615450767,58278112,488,0,277636,0
1789368468621668882,58278616,488,0,277636,0
1789368469642519316,58280484,524,0,277636,0
1789368469648425883,58280484,524,0,277636,0
1789368470669483572,58280056,636,0,277636,0
1789368470675313340,58280056,636,0,277636,0
1789368471696756865,58278612,164,0,277636,0
1789368471702202608,58278612,164,0,277636,0
1789368472723978199,58277976,596,0,277636,0
1789368472729072272,58277976,596,0,277636,0
1789368473750952875,58278544,652,0,277636,0
1789368473755228744,58279052,652,0,277636,0
1789368474778817380,58277576,684,0,277636,0
1789368474781999083,58277576,684,0,277636,0
1789368475810330176,58276140,712,0,277636,0
1789368475812837404,58276140,712,0,277636,0
1789368476840912847,58274932,32,0,277636,0
1789368476842950810,58274932,32,0,277636,0
1789368477871644661,58274264,256,0,277636,0
1789368477873864402,58274264,256,0,277636,0
1789368478902113498,58273912,304,0,277636,0
1789368478904732325,58273912,304,0,277636,0
1789368479932793756,58274536,360,0,277636,0
1789368479934824239,58274536,360,0,277636,0
1789368480963281127,58275652,432,0,277636,0
1789368480965705203,58275652,432,0,277636,0
1789368481993931844,58276012,52,0,277636,0
1789368481996319715,58276012,52,0,277636,0
1789368483024843437,58276820,432,0,277636,0
1789368483026895719,58276820,432,0,277636,0
1789368484055810248,58277620,476,0,277636,0
1789368484057474125,58277620,476,0,277636,0
1789368485086466278,58276736,512,0,277636,0
1789368485088285262,58277240,512,0,277636,0
1789368486117204170,58276620,608,0,277636,0
1789368486118636427,58276620,608,0,277636,0
1789368487148689918,58274916,72,0,277636,0
1789368487149782848,58274412,72,0,277636,0
1789368488179351638,58273596,412,0,277636,0
1789368488180855763,58273596,412,0,277636,0
1789368489210114300,58272200,468,0,277636,0
1789368489210914687,58272200,468,0,277636,0
1789368490240918299,58274196,496,0,277636,0
1789368490242022962,58274196,496,0,277636,0
1789368491272535268,58273360,624,0,277636,0
1789368491273739079,58273360,624,0,277636,0
1789368492301901913,58274952,76,0,277636,0
1789368492303376914,58274952,76,0,277636,0
1789368493332136173,58275108,444,0,277636,0
1789368493333280724,58274604,444,0,277636,0
1789368494358790028,58273944,468,0,277636,0
1789368494360364595,58273944,468,0,277636,0
1789368495385468463,58273788,520,0,277636,0
1789368495387061861,58273788,520,0,277636,0
1789368496412256142,58274464,556,0,277636,0
1789368496414091461,58273960,556,0,277636,0
1789368497438882434,58272112,72,0,277636,0
1789368497440969800,58272112,72,0,277636,0
1789368498466653006,58271516,308,0,277636,0
1789368498468561387,58271516,308,0,277636,0
1789368499497543410,58271396,456,0,277636,0
1789368499499347337,58271396,456,0,277636,0
1789368500528776978,58274960,512,0,277636,0
1789368500530399105,58274960,512,0,277636,0
1789368501559240958,58274444,552,0,277636,0
1789368501561128835,58274444,552,0,277636,0
1789368502587949972,58273540,212,0,277636,0
1789368502590905722,58273540,212,0,277636,0
1789368503618953279,58273712,432,0,277636,0
1789368503622057213,58273712,432,0,277636,0
1789368504650146713,58274400,492,0,277636,0
1789368504652713758,58274400,492,0,277636,0
1789368505681565387,58281356,548,0,277636,0
1789368505683969479,58281356,548,0,277636,0
1789368506713444053,58281252,572,0,277636,0
1789368506715091043,58281252,572,0,277636,0
1789368507744188057,58279108,352,156,277636,0
1789368507745569216,58279108,352,156,277636,0
1789368508775045234,58278264,404,0,277636,0
1789368508776327993,58278264,404,0,277636,0
1789368509803135100,58275868,468,0,277636,0
1789368509804409604,58275868,468,0,277636,0
1789368510834021635,58276432,536,0,277636,0
1789368510835021273,58276432,536,0,277636,0
1789368511865343508,58274380,616,0,277636,0
1789368511866190565,58274380,616,0,277636,0
1789368512896438490,58274428,292,144,277636,0
1789368512897585314,58274428,292,144,277636,0
1789368513927566945,58272048,452,0,277636,0
1789368513928932840,58272048,452,0,277636,0
1789368514959024985,58273668,480,0,277636,0
1789368514960430690,58273668,480,0,277636,0
1789368515989457295,58270496,552,0,277636,0
1789368515990415450,58270496,552,0,277636,0
1789368517020102959,58271148,608,0,277636,0
1789368517021265836,58271148,608,0,277636,0
1789368518046691810,58271776,224,0,277636,0
1789368518048478266,58271784,224,0,277636,0
1789368519073706075,58272604,452,0,277636,0
1789368519075044177,58272100,452,0,277636,0
1789368520101164501,58271728,500,0,277636,0
1789368520101890503,58271728,500,0,277636,0
1789368521128162695,58271308,524,0,277636,0
1789368521128932770,58271308,524,0,277636,0
1789368522154719035,58272868,612,0,277636,0
1789368522155971967,58272868,612,0,277636,0
1789368523181857045,58274480,220,0,277636,0
1789368523183022528,58274480,220,0,277636,0
1789368524212490831,58273064,448,0,277636,0
1789368524214162643,58272560,448,0,277636,0
1789368525243863870,58274412,472,0,277636,0
1789368525245626389,58274412,472,0,277636,0
1789368526275135490,58272496,536,0,277636,0
1789368526276717871,58272496,536,0,277636,0
1789368527306563570,58273328,604,0,277636,0
1789368527307484215,58273328,604,0,277636,0
1789368528338013656,58273988,76,0,277636,0
1789368528339166388,58273484,76,0,277636,0
1789368529370011442,58272112,148,0,277636,0
1789368529370822490,58272112,148,0,277636,0
1789368530402177594,58270740,368,0,277636,0
1789368530403711363,58270740,368,0,277636,0
1789368531433987722,58270276,388,0,277636,0
1789368531435337897,58270276,388,0,277636,0
1789368532465138721,58271412,428,0,277636,0
1789368532466485083,58271412,428,0,277636,0
1789368533495275059,58270236,64,0,277636,0
1789368533497405880,58270236,64,0,277636,0
1789368534525799977,58269820,152,0,277636,0
1789368534527761620,58269820,152,0,277636,0
1789368535556493277,58270924,368,0,277636,0
1789368535558526531,58270924,368,0,277636,0
1789368536587401287,58273008,400,0,277636,0
1789368536589415492,58273008,400,0,277636,0
1789368537617755031,58272084,576,0,277636,0
1789368537619910070,58272336,580,0,277636,0
1789368538648417535,58275296,92,0,277636,0
1789368538650344812,58274792,92,0,277636,0
1789368539679045672,58275660,168,0,277636,0
1789368539681251150,58275660,168,0,277636,0
1789368540709557885,58276348,380,0,277636,0
1789368540711594206,58276348,380,0,277636,0
1789368541739860597,58277652,408,0,277636,0
1789368541742214166,58277652,408,0,277636,0
1789368542766818577,58278556,612,0,277636,0
1789368542769182959,58278556,612,0,277636,0
1789368543793926584,58277148,184,0,277636,0
1789368543796303735,58277148,188,0,277636,0
1789368544820502361,58275684,152,0,277636,0
1789368544822740394,58275684,152,0,277636,0
1789368545847389095,58279056,320,0,277636,0
1789368545849622052,58279056,320,0,277636,0
1789368546873934597,58278324,336,0,277636,0
1789368546876585715,58278324,336,0,277636,0
1789368547901355684,58279164,412,0,277636,0
1789368547904200330,58279164,412,0,277636,0
1789368548932145100,58279500,40,0,277636,0
1789368548934948605,58279500,40,0,277636,0
1789368549963068597,58277644,132,0,277636,0
1789368549965192130,58277644,132,0,277636,0
1789368550993891253,58278428,176,0,277636,0
1789368550995323956,58278428,176,0,277636,0
1789368552024964587,58279868,332,0,277636,0
1789368552025933430,58279868,332,0,277636,0
1789368553055425643,58277984,532,0,277636,0
1789368553056877671,58277984,532,0,277636,0
1789368554086396522,58277108,28,0,277636,0
1789368554087390904,58277108,28,0,277636,0
1789368555116689826,58276048,244,0,277636,0
1789368555117908975,58276048,244,0,277636,0
1789368556147335254,58275176,288,0,277636,0
1789368556148840789,58275176,288,0,277636,0
1789368557175423995,58275028,396,0,277636,0
1789368557176259098,58275028,396,0,277636,0
1789368558204427894,58272164,556,0,277636,0
1789368558205628803,58272164,556,0,277636,0
1789368559233603357,58271820,96,0,277636,0
1789368559234719861,58271820,96,0,277636,0
1789368560262581125,58274700,264,0,277636,0
1789368560263863263,58274700,264,0,277636,0
1789368561291558891,58273768,328,0,277636,0
1789368561292219548,58273768,328,0,277636,0
1789368562317298358,58273104,440,0,277636,0
1789368562319973570,58273104,440,0,277636,0
1789368563345696751,58273416,672,0,277636,0
1789368563346760195,58273416,672,0,277636,0
1789368564374894245,58272244,112,164,277636,0
1789368564376572488,58272244,112,164,277636,0
1789368565403726222,58270552,244,0,277636,0
1789368565405713802,58270552,244,0,277636,0
1789368566433595362,58273664,312,0,277636,0
1789368566435418938,58273664,312,0,277636,0
1789368567460831917,58271500,344,0,277636,0
1789368567462418134,58271500,344,0,277636,0
1789368568487874788,58270616,588,0,277636,0
1789368568489190059,58270616,588,0,277636,0
1789368569514828801,58272504,196,72,277636,0
1789368569516522231,58272504,196,72,277636,0
1789368570541817054,58271568,252,0,277636,0
1789368570543422782,58271568,252,0,277636,0
1789368571569456227,58274644,296,0,277636,0
1789368571571027111,58274644,296,0,277636,0
1789368572599393351,58273744,356,0,277636,0
1789368572601444275,58273744,356,0,277636,0
1789368573629730899,58273824,572,0,277636,0
1789368573631942659,58273572,572,0,277636,0
1789368574660508851,58272128,24,76,277636,0
1789368574663001070,58272128,24,76,277636,0
1789368575691334267,58274788,116,0,277636,0
1789368575693945816,58274788,116,0,277636,0
1789368576721854377,58275116,296,0,277636,0
1789368576724732189,58275116,296,0,277636,0
1789368577752500854,58275428,492,0,277636,0
1789368577754986541,58275428,492,0,277636,0
1789368578783118686,58276348,564,0,277636,0
1789368578786103814,58276348,564,0,277636,0
1789368579814196423,58277188,24,0,277636,0
1789368579817116743,58277188,24,0,277636,0
1789368580845123643,58279016,316,0,277636,0
1789368580847917929,58279016,316,0,277636,0
1789368581875613276,58275572,340,0,277636,0
1789368581878604340,58275572,340,0,277636,0
1789368582906585330,58276660,564,0,277636,0
1789368582909579434,58276660,564,0,277636,0
1789368583937691004,58275804,592,0,277636,0
1789368583940443576,58275804,592,0,277636,0
1789368584968807053,58275656,132,0,277636,0
1789368584970580833,58275656,132,0,277636,0
1789368585999897430,58275764,284,0,277636,0
1789368586001781265,58275764,284,0,277636,0
1789368587030896968,58275872,380,0,277636,0
1789368587032522352,58275872,380,0,277636,0
1789368588060933828,58272820,532,0,277636,0
1789368588062756808,58272820,532,0,277636,0
1789368589091914309,58272780,588,0,277636,0
1789368589093871121,58272780,588,0,277636,0
1789368590122529772,58272744,112,0,277636,0
1789368590124334332,58272744,112,0,277636,0
1789368591147478902,58274076,296,0,277636,0
1789368591151272243,58274076,296,0,277636,0
1789368592174670655,58277440,372,0,277636,0
1789368592178188790,58277440,372,0,277636,0
1789368593201586004,58279036,560,0,277636,0
1789368593204825583,58279036,560,0,277636,0
1789368594228901215,58280124,604,0,277636,0
1789368594230965023,58280124,604,0,277636,0
1789368595255626465,58278948,12,176,277636,0
1789368595257605610,58278444,12,176,277636,0
1789368596283399323,58279020,132,0,277636,0
1789368596285318449,58279020,132,0,277636,0
1789368597314281729,58278304,336,0,277636,0
1789368597316113109,58278304,336,0,277636,0
1789368598345013029,58279428,532,0,277636,0
1789368598347025726,58279428,532,0,277636,0
1789368599375812479,58280764,584,0,277636,0
1789368599378093739,58280764,584,0,277636,0
1789368600406799444,58279956,40,0,277636,0
1789368600409051380,58279956,40,0,277636,0
1789368601437353901,58280292,152,0,277636,0
1789368601439623519,58280292,152,0,277636,0
1789368602468406029,58276624,180,0,277636,0
1789368602469906134,58276624,180,0,277636,0
1789368603499418901,58275736,508,0,277636,0
1789368603501173560,58275736,508,0,277636,0
1789368604529703043,58275816,536,0,277636,0
1789368604531732026,58275816,536,0,277636,0
1789368605561167116,58276748,28,0,277636,0
1789368605562648713,58276748,28,0,277636,0
1789368606592909428,58279664,120,0,277636,0
1789368606593883060,58279664,120,0,277636,0
1789368607623244979,58280096,444,0,277636,0
1789368607625295736,58280096,444,0,277636,0
1789368608653979168,58279996,480,0,277636,0
1789368608656235110,58279996,480,0,277636,0
1789368609684903274,58276808,592,0,277636,0
1789368609686950235,58276808,592,0,277636,0
1789368610715630550,58278356,120,0,277636,0
1789368610717792588,58277852,120,0,277636,0
1789368611747297228,58278212,308,0,277636,0
1789368611748854948,58278212,308,0,277636,0
1789368612778456339,58275808,348,0,277636,0
1789368612779349424,58275808,348,0,277636,0
1789368613809902414,58278768,520,0,277636,0
1789368613811164204,58278768,520,0,277636,0
1789368614840823940,58277148,624,0,277636,0
1789368614841872806,58277148,624,0,277636,0
1789368615867955735,58276412,0,0,277636,0
1789368615869527911,58276412,0,0,277636,0
1789368616895043060,58273584,236,0,277636,0
1789368616896584448,58273584,236,0,277636,0
1789368617922211080,58271536,476,0,277636,0
1789368617923039187,58271032,476,0,277636,0
1789368618948464800,58271152,524,0,277636,0
1789368618949936170,58271152,524,0,277636,0
1789368619975453698,58269984,612,0,277636,0
1789368619976848806,58269984,612,0,277636,0
1789368621003513181,58269296,0,0,277636,0
1789368621004782937,58269296,0,0,277636,0
1789368622035230311,58269376,248,0,277636,0
1789368622036268519,58269376,248,0,277636,0
1789368623066381395,58270992,460,0,277636,0
1789368623067415426,58270992,460,0,277636,0
1789368624097079318,58269344,500,0,277636,0
1789368624098785978,58269344,500,0,277636,0
1789368625128159938,58268428,604,0,277636,0
1789368625130095852,58268428,604,0,277636,0
1789368626159659813,58267724,0,24,277636,0
1789368626161413593,58267724,0,24,277636,0
1789368627191312419,58268532,244,0,277636,0
1789368627192897624,58268532,244,0,277636,0
1789368628223121391,58270736,460,0,277636,0
1789368628224125438,58270736,460,0,277636,0
1789368629254085318,58269608,500,0,277636,0
1789368629255375243,58269608,500,0,277636,0
1789368630284647382,58270224,528,0,277636,0
1789368630286648220,58270224,528,0,277636,0
1789368631314675320,58269512,16,164,277636,0
1789368631316767551,58269512,16,164,277636,0
1789368632345938401,58267576,140,0,277636,0
1789368632347121115,58267576,140,0,277636,0
1789368633377651003,58270912,440,0,277636,0
1789368633379056329,58270912,440,0,277636,0
1789368634409088765,58270972,492,0,277636,0
1789368634410300552,58270972,492,0,277636,0
1789368635440313825,58271372,532,0,277636,0
1789368635441623162,58271372,532,0,277636,0
1789368636471601019,58271012,0,0,277636,0
1789368636473018140,58271012,0,0,277636,0
1789368637503181084,58271144,124,0,277636,0
1789368637504575668,58271144,124,0,277636,0
1789368638533977248,58269964,456,0,277636,0
1789368638536137479,58269964,456,0,277636,0
1789368639565499725,58268052,504,0,277636,0
1789368639567309937,58267548,504,0,277636,0
1789368640596631357,58270292,552,0,277636,0
1789368640598455615,58270292,552,0,277636,0
1789368641627933076,58268108,244,0,277636,0
1789368641629201487,58268108,244,0,277636,0
1789368642658348541,58269472,452,0,277636,0
1789368642660242251,58269472,452,0,277636,0
1789368643689385393,58269056,496,0,277636,0
1789368643690680141,58269056,496,0,277636,0
1789368644718769122,58269664,572,0,277636,0
1789368644720432844,58269160,572,0,277636,0
1789368645749838291,58269088,596,0,277636,0
1789368645751289715,58269088,596,0,277636,0
1789368646780955991,58268932,28,0,277636,0
1789368646782318380,58268932,28,0,277636,0
1789368647811477665,58268268,420,0,277636,0
1789368647813528791,58268268,420,0,277636,0
1789368648841973998,58269724,440,0,277636,0
1789368648844295164,58269724,440,0,277636,0
1789368649872992842,58269072,512,0,277636,0
1789368649875106551,58269832,512,0,277636,0
1789368650903409147,58271556,560,0,277636,0
1789368650905927475,58271556,560,0,277636,0
1789368651934626961,58271120,12,0,277636,0
1789368651936251809,58271120,12,0,277636,0
1789368652965501899,58272476,380,0,277636,0
1789368652966959298,58271784,412,0,277636,0
1789368653996101656,58270744,460,0,277636,0
1789368653997501084,58270744,460,0,277636,0
1789368655024793202,58295956,532,0,277636,0
1789368655725056171,58315888,532,0,277636,0
