timestamp, utilization.gpu [%], utilization.memory [%], memory.used [MiB], memory.total [MiB], power.draw [W], temperature.gpu
2026/09/14 21:47:11.289, 0 %, 0 %, 15 MiB, 16384 MiB, 7.52 W, 53
2026/09/14 21:47:12.314, 0 %, 0 %, 15 MiB, 16384 MiB, 7.31 W, 53
2026/09/14 21:47:13.321, 0 %, 0 %, 15 MiB, 16384 MiB, 7.34 W, 53
2026/09/14 21:47:14.327, 0 %, 0 %, 15 MiB, 16384 MiB, 7.17 W, 53
2026/09/14 21:47:15.333, 0 %, 0 %, 15 MiB, 16384 MiB, 7.40 W, 52
2026/09/14 21:47:16.339, 0 %, 0 %, 15 MiB, 16384 MiB, 6.96 W, 52
2026/09/14 21:47:17.345, 0 %, 0 %, 15 MiB, 16384 MiB, 7.02 W, 52
2026/09/14 21:47:18.352, 0 %, 0 %, 15 MiB, 16384 MiB, 7.13 W, 52
2026/09/14 21:47:19.358, 0 %, 0 %, 15 MiB, 16384 MiB, 6.97 W, 52
2026/09/14 21:47:20.364, 0 %, 0 %, 15 MiB, 16384 MiB, 7.06 W, 52
2026/09/14 21:47:21.370, 0 %, 0 %, 15 MiB, 16384 MiB, 7.16 W, 51
2026/09/14 21:47:22.377, 0 %, 0 %, 18 MiB, 16384 MiB, 10.85 W, 51
2026/09/14 21:47:23.383, 0 %, 0 %, 134 MiB, 16384 MiB, 44.14 W, 53
2026/09/14 21:47:24.385, 1 %, 0 %, 302 MiB, 16384 MiB, 43.02 W, 53
2026/09/14 21:47:25.387, 12 %, 1 %, 4428 MiB, 16384 MiB, 43.37 W, 53
2026/09/14 21:47:26.390, 9 %, 0 %, 4436 MiB, 16384 MiB, 50.11 W, 54
2026/09/14 21:47:27.392, 37 %, 2 %, 4444 MiB, 16384 MiB, 60.28 W, 54
2026/09/14 21:47:28.395, 30 %, 1 %, 4452 MiB, 16384 MiB, 58.64 W, 54
2026/09/14 21:47:29.397, 11 %, 0 %, 4460 MiB, 16384 MiB, 57.50 W, 54
2026/09/14 21:47:30.402, 37 %, 2 %, 4466 MiB, 16384 MiB, 59.12 W, 55
2026/09/14 21:47:31.404, 31 %, 1 %, 4474 MiB, 16384 MiB, 58.65 W, 55
2026/09/14 21:47:32.407, 11 %, 0 %, 4482 MiB, 16384 MiB, 51.22 W, 54
2026/09/14 21:47:33.409, 42 %, 2 %, 4490 MiB, 16384 MiB, 59.08 W, 55
2026/09/14 21:47:34.412, 30 %, 1 %, 4498 MiB, 16384 MiB, 58.56 W, 55
2026/09/14 21:47:35.414, 25 %, 1 %, 4506 MiB, 16384 MiB, 49.43 W, 54
2026/09/14 21:47:36.417, 53 %, 2 %, 4514 MiB, 16384 MiB, 52.07 W, 55
2026/09/14 21:47:37.421, 27 %, 1 %, 4520 MiB, 16384 MiB, 58.38 W, 55
2026/09/14 21:47:38.425, 37 %, 2 %, 4528 MiB, 16384 MiB, 58.64 W, 55
2026/09/14 21:47:39.428, 41 %, 2 %, 4536 MiB, 16384 MiB, 47.95 W, 54
2026/09/14 21:47:40.432, 12 %, 0 %, 4544 MiB, 16384 MiB, 58.21 W, 55
2026/09/14 21:47:41.436, 32 %, 1 %, 4552 MiB, 16384 MiB, 58.16 W, 55
2026/09/14 21:47:42.440, 0 %, 0 %, 4552 MiB, 16384 MiB, 57.90 W, 55
2026/09/14 21:47:43.443, 0 %, 0 %, 4552 MiB, 16384 MiB, 43.39 W, 54
2026/09/14 21:47:44.446, 0 %, 0 %, 4552 MiB, 16384 MiB, 43.56 W, 54
2026/09/14 21:47:45.450, 0 %, 0 %, 4552 MiB, 16384 MiB, 43.41 W, 54
2026/09/14 21:47:46.453, 0 %, 0 %, 4552 MiB, 16384 MiB, 44.14 W, 54
2026/09/14 21:47:47.456, 0 %, 0 %, 4552 MiB, 16384 MiB, 44.23 W, 54
2026/09/14 21:47:48.459, 0 %, 0 %, 6928 MiB, 16384 MiB, 43.85 W, 54
2026/09/14 21:47:49.462, 0 %, 0 %, 6928 MiB, 16384 MiB, 43.58 W, 54
2026/09/14 21:47:50.467, 0 %, 0 %, 6928 MiB, 16384 MiB, 43.33 W, 54
2026/09/14 21:47:51.470, 0 %, 0 %, 6928 MiB, 16384 MiB, 57.58 W, 54
2026/09/14 21:47:52.472, 0 %, 0 %, 6928 MiB, 16384 MiB, 57.80 W, 55
2026/09/14 21:47:53.475, 0 %, 0 %, 6928 MiB, 16384 MiB, 43.46 W, 54
2026/09/14 21:47:54.477, 0 %, 0 %, 6928 MiB, 16384 MiB, 43.48 W, 54
2026/09/14 21:47:55.480, 0 %, 0 %, 6928 MiB, 16384 MiB, 43.28 W, 54
2026/09/14 21:47:56.482, 0 %, 0 %, 6928 MiB, 16384 MiB, 43.48 W, 54
2026/09/14 21:47:57.485, 0 %, 0 %, 6928 MiB, 16384 MiB, 43.31 W, 54
2026/09/14 21:47:58.488, 0 %, 0 %, 6928 MiB, 16384 MiB, 43.39 W, 54
2026/09/14 21:47:59.491, 0 %, 0 %, 6928 MiB, 16384 MiB, 42.62 W, 54
2026/09/14 21:48:00.494, 0 %, 0 %, 6928 MiB, 16384 MiB, 42.92 W, 54
2026/09/14 21:48:01.497, 0 %, 0 %, 6928 MiB, 16384 MiB, 43.21 W, 54
2026/09/14 21:48:02.499, 0 %, 0 %, 6928 MiB, 16384 MiB, 42.98 W, 54
2026/09/14 21:48:03.502, 0 %, 0 %, 6928 MiB, 16384 MiB, 43.22 W, 54
2026/09/14 21:48:04.505, 0 %, 0 %, 6928 MiB, 16384 MiB, 42.83 W, 54
2026/09/14 21:48:05.508, 0 %, 0 %, 6928 MiB, 16384 MiB, 42.88 W, 54
2026/09/14 21:48:06.510, 0 %, 0 %, 6928 MiB, 16384 MiB, 43.14 W, 54
2026/09/14 21:48:07.513, 0 %, 0 %, 6928 MiB, 16384 MiB, 43.69 W, 54
2026/09/14 21:48:08.515, 0 %, 0 %, 6928 MiB, 16384 MiB, 8.22 W, 52
2026/09/14 21:48:09.520, 0 %, 0 %, 6928 MiB, 16384 MiB, 7.30 W, 52
2026/09/14 21:48:10.525, 0 %, 0 %, 6928 MiB, 16384 MiB, 7.45 W, 52
2026/09/14 21:48:11.530, 0 %, 0 %, 6928 MiB, 16384 MiB, 7.42 W, 51
2026/09/14 21:48:12.534, 0 %, 0 %, 6928 MiB, 16384 MiB, 7.33 W, 51
2026/09/14 21:48:13.539, 0 %, 0 %, 6928 MiB, 16384 MiB, 7.94 W, 51
2026/09/14 21:48:14.544, 0 %, 0 %, 6928 MiB, 16384 MiB, 7.50 W, 51
2026/09/14 21:48:15.549, 0 %, 0 %, 6928 MiB, 16384 MiB, 10.92 W, 51
2026/09/14 21:48:16.554, 0 %, 0 %, 6928 MiB, 16384 MiB, 7.75 W, 50
2026/09/14 21:48:17.559, 0 %, 0 %, 6928 MiB, 16384 MiB, 7.57 W, 50
2026/09/14 21:48:18.564, 0 %, 0 %, 6928 MiB, 16384 MiB, 7.60 W, 50
2026/09/14 21:48:19.569, 0 %, 0 %, 6928 MiB, 16384 MiB, 7.33 W, 50
2026/09/14 21:48:20.574, 0 %, 0 %, 6928 MiB, 16384 MiB, 7.34 W, 50
2026/09/14 21:48:21.579, 0 %, 0 %, 6928 MiB, 16384 MiB, 7.34 W, 50
2026/09/14 21:48:22.584, 0 %, 0 %, 6928 MiB, 16384 MiB, 7.43 W, 49
2026/09/14 21:48:23.589, 0 %, 0 %, 6928 MiB, 16384 MiB, 7.45 W, 49
2026/09/14 21:48:24.594, 0 %, 0 %, 6928 MiB, 16384 MiB, 7.53 W, 49
2026/09/14 21:48:25.599, 0 %, 0 %, 6928 MiB, 16384 MiB, 7.59 W, 49
2026/09/14 21:48:26.603, 0 %, 0 %, 6928 MiB, 16384 MiB, 8.74 W, 49
2026/09/14 21:48:27.608, 0 %, 0 %, 6928 MiB, 16384 MiB, 7.53 W, 49
2026/09/14 21:48:28.613, 1 %, 0 %, 6928 MiB, 16384 MiB, 7.47 W, 49
2026/09/14 21:48:29.618, 0 %, 0 %, 6928 MiB, 16384 MiB, 7.38 W, 48
2026/09/14 21:48:30.623, 0 %, 0 %, 6928 MiB, 16384 MiB, 7.38 W, 48
2026/09/14 21:48:31.628, 0 %, 0 %, 6928 MiB, 16384 MiB, 7.43 W, 48
2026/09/14 21:48:32.633, 0 %, 0 %, 6928 MiB, 16384 MiB, 7.30 W, 48
2026/09/14 21:48:33.638, 0 %, 0 %, 6928 MiB, 16384 MiB, 7.38 W, 48
2026/09/14 21:48:34.643, 0 %, 0 %, 6928 MiB, 16384 MiB, 7.51 W, 48
2026/09/14 21:48:35.647, 0 %, 0 %, 6928 MiB, 16384 MiB, 7.49 W, 48
2026/09/14 21:48:36.652, 0 %, 0 %, 6928 MiB, 16384 MiB, 7.20 W, 48
2026/09/14 21:48:37.657, 0 %, 0 %, 6928 MiB, 16384 MiB, 7.40 W, 48
2026/09/14 21:48:38.662, 0 %, 0 %, 6928 MiB, 16384 MiB, 7.23 W, 47
2026/09/14 21:48:39.667, 0 %, 0 %, 6928 MiB, 16384 MiB, 7.06 W, 47
2026/09/14 21:48:40.672, 0 %, 0 %, 6928 MiB, 16384 MiB, 7.10 W, 47
2026/09/14 21:48:41.677, 0 %, 0 %, 6928 MiB, 16384 MiB, 7.04 W, 47
2026/09/14 21:48:42.682, 0 %, 0 %, 6928 MiB, 16384 MiB, 7.34 W, 47
2026/09/14 21:48:43.687, 0 %, 0 %, 6928 MiB, 16384 MiB, 8.53 W, 47
2026/09/14 21:48:44.691, 0 %, 0 %, 6928 MiB, 16384 MiB, 8.55 W, 47
2026/09/14 21:48:45.696, 0 %, 0 %, 6928 MiB, 16384 MiB, 6.96 W, 47
2026/09/14 21:48:46.701, 0 %, 0 %, 6928 MiB, 16384 MiB, 6.93 W, 47
2026/09/14 21:48:47.706, 0 %, 0 %, 6928 MiB, 16384 MiB, 6.94 W, 47
2026/09/14 21:48:48.711, 0 %, 0 %, 6928 MiB, 16384 MiB, 6.98 W, 47
2026/09/14 21:48:49.715, 0 %, 0 %, 6928 MiB, 16384 MiB, 6.93 W, 46
2026/09/14 21:48:50.720, 0 %, 0 %, 6928 MiB, 16384 MiB, 7.00 W, 46
2026/09/14 21:48:51.725, 0 %, 0 %, 6928 MiB, 16384 MiB, 7.32 W, 46
2026/09/14 21:48:52.730, 0 %, 0 %, 6928 MiB, 16384 MiB, 7.02 W, 46
2026/09/14 21:48:53.735, 0 %, 0 %, 6928 MiB, 16384 MiB, 7.33 W, 46
2026/09/14 21:48:54.740, 0 %, 0 %, 6928 MiB, 16384 MiB, 7.38 W, 46
2026/09/14 21:48:55.748, 0 %, 0 %, 6928 MiB, 16384 MiB, 7.34 W, 46
2026/09/14 21:48:56.753, 0 %, 0 %, 6928 MiB, 16384 MiB, 7.25 W, 46
2026/09/14 21:48:57.757, 0 %, 0 %, 6928 MiB, 16384 MiB, 7.37 W, 46
2026/09/14 21:48:58.762, 0 %, 0 %, 6928 MiB, 16384 MiB, 7.14 W, 46
2026/09/14 21:48:59.767, 0 %, 0 %, 6928 MiB, 16384 MiB, 7.91 W, 46
2026/09/14 21:49:00.772, 0 %, 0 %, 6928 MiB, 16384 MiB, 8.62 W, 46
2026/09/14 21:49:01.776, 0 %, 0 %, 6928 MiB, 16384 MiB, 8.48 W, 45
2026/09/14 21:49:02.781, 0 %, 0 %, 6928 MiB, 16384 MiB, 7.92 W, 45
2026/09/14 21:49:03.791, 0 %, 0 %, 6928 MiB, 16384 MiB, 6.96 W, 45
2026/09/14 21:49:04.796, 0 %, 0 %, 6928 MiB, 16384 MiB, 6.83 W, 45
2026/09/14 21:49:05.801, 0 %, 0 %, 6928 MiB, 16384 MiB, 7.04 W, 45
2026/09/14 21:49:06.806, 0 %, 0 %, 6928 MiB, 16384 MiB, 7.19 W, 45
2026/09/14 21:49:07.811, 0 %, 0 %, 6928 MiB, 16384 MiB, 7.05 W, 45
2026/09/14 21:49:08.816, 0 %, 0 %, 6928 MiB, 16384 MiB, 7.17 W, 45
2026/09/14 21:49:09.821, 0 %, 0 %, 6928 MiB, 16384 MiB, 7.00 W, 45
2026/09/14 21:49:10.826, 0 %, 0 %, 6928 MiB, 16384 MiB, 6.70 W, 45
2026/09/14 21:49:11.831, 1 %, 0 %, 6928 MiB, 16384 MiB, 6.80 W, 45
2026/09/14 21:49:12.836, 0 %, 0 %, 6928 MiB, 16384 MiB, 6.76 W, 45
2026/09/14 21:49:13.840, 0 %, 0 %, 6928 MiB, 16384 MiB, 6.73 W, 45
2026/09/14 21:49:14.845, 0 %, 0 %, 6928 MiB, 16384 MiB, 6.87 W, 45
2026/09/14 21:49:15.850, 0 %, 0 %, 6928 MiB, 16384 MiB, 6.78 W, 44
2026/09/14 21:49:16.855, 0 %, 0 %, 6928 MiB, 16384 MiB, 6.98 W, 44
2026/09/14 21:49:17.859, 0 %, 0 %, 6928 MiB, 16384 MiB, 6.97 W, 44
2026/09/14 21:49:18.864, 1 %, 0 %, 6928 MiB, 16384 MiB, 8.44 W, 44
2026/09/14 21:49:19.869, 0 %, 0 %, 6928 MiB, 16384 MiB, 8.55 W, 44
2026/09/14 21:49:20.873, 0 %, 0 %, 6928 MiB, 16384 MiB, 7.01 W, 44
2026/09/14 21:49:21.878, 0 %, 0 %, 6928 MiB, 16384 MiB, 6.81 W, 44
2026/09/14 21:49:22.883, 0 %, 0 %, 6928 MiB, 16384 MiB, 6.86 W, 44
2026/09/14 21:49:23.887, 0 %, 0 %, 6928 MiB, 16384 MiB, 6.80 W, 44
2026/09/14 21:49:24.892, 0 %, 0 %, 6928 MiB, 16384 MiB, 7.01 W, 44
2026/09/14 21:49:25.897, 1 %, 0 %, 6928 MiB, 16384 MiB, 7.45 W, 44
2026/09/14 21:49:26.902, 0 %, 0 %, 6928 MiB, 16384 MiB, 7.20 W, 44
2026/09/14 21:49:27.907, 0 %, 0 %, 6928 MiB, 16384 MiB, 7.42 W, 44
2026/09/14 21:49:28.912, 0 %, 0 %, 6928 MiB, 16384 MiB, 7.42 W, 44
2026/09/14 21:49:29.917, 0 %, 0 %, 6928 MiB, 16384 MiB, 7.32 W, 44
2026/09/14 21:49:30.922, 0 %, 0 %, 6928 MiB, 16384 MiB, 7.17 W, 44
2026/09/14 21:49:31.927, 0 %, 0 %, 6928 MiB, 16384 MiB, 7.28 W, 44
2026/09/14 21:49:32.932, 0 %, 0 %, 6928 MiB, 16384 MiB, 7.06 W, 44
2026/09/14 21:49:33.936, 0 %, 0 %, 6928 MiB, 16384 MiB, 6.91 W, 44
2026/09/14 21:49:34.941, 0 %, 0 %, 6928 MiB, 16384 MiB, 6.98 W, 44
2026/09/14 21:49:35.946, 0 %, 0 %, 6928 MiB, 16384 MiB, 7.04 W, 43
2026/09/14 21:49:36.950, 0 %, 0 %, 6928 MiB, 16384 MiB, 8.45 W, 43
2026/09/14 21:49:37.955, 0 %, 0 %, 6928 MiB, 16384 MiB, 8.38 W, 43
2026/09/14 21:49:38.960, 0 %, 0 %, 6928 MiB, 16384 MiB, 7.18 W, 43
2026/09/14 21:49:39.964, 0 %, 0 %, 6928 MiB, 16384 MiB, 7.01 W, 43
2026/09/14 21:49:40.969, 0 %, 0 %, 6928 MiB, 16384 MiB, 6.79 W, 43
2026/09/14 21:49:41.974, 0 %, 0 %, 6928 MiB, 16384 MiB, 6.89 W, 43
2026/09/14 21:49:42.979, 0 %, 0 %, 6928 MiB, 16384 MiB, 6.92 W, 43
2026/09/14 21:49:43.983, 0 %, 0 %, 6928 MiB, 16384 MiB, 6.92 W, 43
2026/09/14 21:49:44.988, 0 %, 0 %, 6928 MiB, 16384 MiB, 7.01 W, 43
2026/09/14 21:49:45.993, 0 %, 0 %, 6928 MiB, 16384 MiB, 7.07 W, 43
2026/09/14 21:49:46.998, 0 %, 0 %, 6928 MiB, 16384 MiB, 7.02 W, 43
2026/09/14 21:49:48.003, 0 %, 0 %, 6928 MiB, 16384 MiB, 6.97 W, 43
2026/09/14 21:49:49.008, 0 %, 0 %, 6928 MiB, 16384 MiB, 7.01 W, 43
2026/09/14 21:49:50.012, 0 %, 0 %, 6928 MiB, 16384 MiB, 6.72 W, 43
2026/09/14 21:49:51.017, 0 %, 0 %, 6928 MiB, 16384 MiB, 7.16 W, 43
2026/09/14 21:49:52.022, 0 %, 0 %, 6928 MiB, 16384 MiB, 7.31 W, 43
2026/09/14 21:49:53.026, 0 %, 0 %, 6928 MiB, 16384 MiB, 7.28 W, 43
2026/09/14 21:49:54.031, 0 %, 0 %, 6928 MiB, 16384 MiB, 7.55 W, 43
2026/09/14 21:49:55.036, 0 %, 0 %, 6928 MiB, 16384 MiB, 7.30 W, 43
2026/09/14 21:49:56.041, 0 %, 0 %, 6928 MiB, 16384 MiB, 8.33 W, 43
2026/09/14 21:49:57.046, 0 %, 0 %, 6928 MiB, 16384 MiB, 8.43 W, 42
2026/09/14 21:49:58.056, 0 %, 0 %, 6928 MiB, 16384 MiB, 7.10 W, 42
2026/09/14 21:49:59.067, 0 %, 0 %, 6928 MiB, 16384 MiB, 7.05 W, 42
2026/09/14 21:50:00.071, 0 %, 0 %, 6928 MiB, 16384 MiB, 7.37 W, 42
2026/09/14 21:50:01.076, 0 %, 0 %, 6928 MiB, 16384 MiB, 7.27 W, 42
2026/09/14 21:50:02.081, 0 %, 0 %, 6928 MiB, 16384 MiB, 7.35 W, 42
2026/09/14 21:50:03.086, 0 %, 0 %, 6928 MiB, 16384 MiB, 7.55 W, 42
2026/09/14 21:50:04.091, 0 %, 0 %, 6928 MiB, 16384 MiB, 7.23 W, 42
2026/09/14 21:50:05.096, 0 %, 0 %, 6928 MiB, 16384 MiB, 7.25 W, 42
2026/09/14 21:50:06.101, 0 %, 0 %, 6928 MiB, 16384 MiB, 7.07 W, 42
2026/09/14 21:50:07.105, 0 %, 0 %, 6928 MiB, 16384 MiB, 7.18 W, 42
2026/09/14 21:50:08.110, 0 %, 0 %, 6928 MiB, 16384 MiB, 7.13 W, 42
2026/09/14 21:50:09.115, 1 %, 0 %, 6928 MiB, 16384 MiB, 7.18 W, 42
2026/09/14 21:50:10.120, 0 %, 0 %, 6928 MiB, 16384 MiB, 7.15 W, 42
2026/09/14 21:50:11.125, 0 %, 0 %, 6928 MiB, 16384 MiB, 7.16 W, 42
2026/09/14 21:50:12.130, 0 %, 0 %, 6928 MiB, 16384 MiB, 7.01 W, 42
2026/09/14 21:50:13.135, 0 %, 0 %, 6928 MiB, 16384 MiB, 7.15 W, 42
2026/09/14 21:50:14.139, 0 %, 0 %, 6928 MiB, 16384 MiB, 8.23 W, 42
2026/09/14 21:50:15.144, 0 %, 0 %, 6928 MiB, 16384 MiB, 8.03 W, 42
2026/09/14 21:50:16.149, 1 %, 0 %, 6928 MiB, 16384 MiB, 7.44 W, 42
2026/09/14 21:50:17.153, 0 %, 0 %, 6928 MiB, 16384 MiB, 7.10 W, 42
2026/09/14 21:50:18.158, 0 %, 0 %, 6928 MiB, 16384 MiB, 6.98 W, 42
2026/09/14 21:50:19.163, 0 %, 0 %, 6928 MiB, 16384 MiB, 7.32 W, 42
2026/09/14 21:50:20.168, 0 %, 0 %, 6928 MiB, 16384 MiB, 7.16 W, 42
2026/09/14 21:50:21.173, 0 %, 0 %, 6928 MiB, 16384 MiB, 7.36 W, 42
2026/09/14 21:50:22.178, 0 %, 0 %, 6928 MiB, 16384 MiB, 7.28 W, 41
2026/09/14 21:50:23.182, 0 %, 0 %, 6928 MiB, 16384 MiB, 7.60 W, 42
2026/09/14 21:50:24.187, 0 %, 0 %, 6928 MiB, 16384 MiB, 7.24 W, 41
2026/09/14 21:50:25.192, 0 %, 0 %, 6928 MiB, 16384 MiB, 7.36 W, 41
2026/09/14 21:50:26.197, 0 %, 0 %, 6928 MiB, 16384 MiB, 7.07 W, 41
2026/09/14 21:50:27.201, 0 %, 0 %, 6928 MiB, 16384 MiB, 6.93 W, 41
2026/09/14 21:50:28.206, 0 %, 0 %, 6928 MiB, 16384 MiB, 7.20 W, 41
2026/09/14 21:50:29.211, 0 %, 0 %, 6928 MiB, 16384 MiB, 7.19 W, 41
2026/09/14 21:50:30.216, 0 %, 0 %, 6928 MiB, 16384 MiB, 7.02 W, 41
2026/09/14 21:50:31.221, 0 %, 0 %, 6928 MiB, 16384 MiB, 7.54 W, 41
2026/09/14 21:50:32.226, 0 %, 0 %, 6928 MiB, 16384 MiB, 8.50 W, 41
2026/09/14 21:50:33.230, 0 %, 0 %, 6928 MiB, 16384 MiB, 6.92 W, 41
2026/09/14 21:50:34.235, 0 %, 0 %, 6928 MiB, 16384 MiB, 6.78 W, 41
2026/09/14 21:50:35.239, 0 %, 0 %, 6928 MiB, 16384 MiB, 6.92 W, 41
2026/09/14 21:50:36.244, 0 %, 0 %, 6928 MiB, 16384 MiB, 6.77 W, 41
2026/09/14 21:50:37.249, 0 %, 0 %, 6928 MiB, 16384 MiB, 6.85 W, 41
2026/09/14 21:50:38.254, 0 %, 0 %, 6928 MiB, 16384 MiB, 6.93 W, 41
2026/09/14 21:50:39.259, 0 %, 0 %, 6928 MiB, 16384 MiB, 6.80 W, 41
2026/09/14 21:50:40.263, 0 %, 0 %, 6928 MiB, 16384 MiB, 6.60 W, 41
2026/09/14 21:50:41.268, 0 %, 0 %, 6928 MiB, 16384 MiB, 6.85 W, 41
2026/09/14 21:50:42.273, 0 %, 0 %, 6928 MiB, 16384 MiB, 6.68 W, 41
2026/09/14 21:50:43.278, 0 %, 0 %, 6928 MiB, 16384 MiB, 6.70 W, 41
2026/09/14 21:50:44.283, 0 %, 0 %, 6928 MiB, 16384 MiB, 6.91 W, 41
2026/09/14 21:50:45.287, 0 %, 0 %, 6928 MiB, 16384 MiB, 6.96 W, 41
2026/09/14 21:50:46.292, 0 %, 0 %, 6928 MiB, 16384 MiB, 6.88 W, 41
2026/09/14 21:50:47.297, 0 %, 0 %, 6928 MiB, 16384 MiB, 6.92 W, 41
2026/09/14 21:50:48.302, 0 %, 0 %, 6928 MiB, 16384 MiB, 6.94 W, 41
2026/09/14 21:50:49.306, 0 %, 0 %, 6928 MiB, 16384 MiB, 6.91 W, 41
2026/09/14 21:50:50.311, 0 %, 0 %, 6928 MiB, 16384 MiB, 6.92 W, 41
2026/09/14 21:50:51.316, 0 %, 0 %, 6928 MiB, 16384 MiB, 8.40 W, 41
2026/09/14 21:50:52.321, 0 %, 0 %, 6928 MiB, 16384 MiB, 7.91 W, 41
2026/09/14 21:50:53.326, 0 %, 0 %, 6928 MiB, 16384 MiB, 6.89 W, 41
2026/09/14 21:50:54.330, 0 %, 0 %, 6928 MiB, 16384 MiB, 6.94 W, 41
2026/09/14 21:50:55.335, 0 %, 0 %, 6928 MiB, 16384 MiB, 6.91 W, 41
2026/09/14 21:50:56.340, 0 %, 0 %, 6928 MiB, 16384 MiB, 6.88 W, 41
2026/09/14 21:50:57.345, 0 %, 0 %, 6928 MiB, 16384 MiB, 6.64 W, 41
2026/09/14 21:50:58.349, 0 %, 0 %, 6928 MiB, 16384 MiB, 6.80 W, 40
2026/09/14 21:50:59.354, 0 %, 0 %, 6928 MiB, 16384 MiB, 6.69 W, 41
2026/09/14 21:51:00.359, 0 %, 0 %, 6928 MiB, 16384 MiB, 6.99 W, 40
2026/09/14 21:51:01.364, 0 %, 0 %, 6928 MiB, 16384 MiB, 6.90 W, 40
2026/09/14 21:51:02.369, 0 %, 0 %, 6928 MiB, 16384 MiB, 6.80 W, 40
2026/09/14 21:51:03.373, 0 %, 0 %, 6928 MiB, 16384 MiB, 6.97 W, 40
2026/09/14 21:51:04.380, 0 %, 0 %, 6928 MiB, 16384 MiB, 6.91 W, 40
2026/09/14 21:51:05.385, 0 %, 0 %, 6928 MiB, 16384 MiB, 6.87 W, 40
2026/09/14 21:51:06.390, 1 %, 0 %, 6928 MiB, 16384 MiB, 6.91 W, 40
2026/09/14 21:51:07.395, 0 %, 0 %, 6928 MiB, 16384 MiB, 6.91 W, 40
2026/09/14 21:51:08.399, 0 %, 0 %, 6928 MiB, 16384 MiB, 8.15 W, 40
2026/09/14 21:51:09.404, 0 %, 0 %, 6928 MiB, 16384 MiB, 8.20 W, 40
2026/09/14 21:51:10.409, 0 %, 0 %, 6928 MiB, 16384 MiB, 6.81 W, 40
2026/09/14 21:51:11.414, 0 %, 0 %, 6928 MiB, 16384 MiB, 6.78 W, 40
2026/09/14 21:51:12.419, 0 %, 0 %, 6928 MiB, 16384 MiB, 6.80 W, 40
2026/09/14 21:51:13.424, 1 %, 0 %, 6928 MiB, 16384 MiB, 7.47 W, 40
2026/09/14 21:51:14.429, 0 %, 0 %, 6928 MiB, 16384 MiB, 7.13 W, 40
2026/09/14 21:51:15.434, 0 %, 0 %, 6928 MiB, 16384 MiB, 7.32 W, 40
2026/09/14 21:51:16.439, 0 %, 0 %, 6928 MiB, 16384 MiB, 7.14 W, 40
2026/09/14 21:51:17.444, 0 %, 0 %, 6928 MiB, 16384 MiB, 6.95 W, 40
2026/09/14 21:51:18.448, 53 %, 2 %, 6928 MiB, 16384 MiB, 42.38 W, 42
2026/09/14 21:51:19.452, 0 %, 0 %, 6928 MiB, 16384 MiB, 52.08 W, 43
2026/09/14 21:51:20.456, 0 %, 0 %, 6928 MiB, 16384 MiB, 52.04 W, 43
2026/09/14 21:51:21.459, 99 %, 4 %, 6928 MiB, 16384 MiB, 55.61 W, 44
2026/09/14 21:51:22.462, 100 %, 4 %, 6928 MiB, 16384 MiB, 55.97 W, 44
2026/09/14 21:51:23.466, 100 %, 4 %, 6928 MiB, 16384 MiB, 56.39 W, 44
2026/09/14 21:51:24.470, 100 %, 4 %, 6928 MiB, 16384 MiB, 56.00 W, 45
2026/09/14 21:51:25.472, 100 %, 4 %, 6928 MiB, 16384 MiB, 56.51 W, 45
2026/09/14 21:51:26.474, 100 %, 4 %, 6928 MiB, 16384 MiB, 56.51 W, 45
2026/09/14 21:51:27.477, 100 %, 4 %, 6928 MiB, 16384 MiB, 56.53 W, 45
2026/09/14 21:51:28.479, 100 %, 4 %, 6928 MiB, 16384 MiB, 57.79 W, 45
2026/09/14 21:51:29.482, 100 %, 4 %, 6928 MiB, 16384 MiB, 57.35 W, 45
2026/09/14 21:51:30.484, 100 %, 4 %, 6928 MiB, 16384 MiB, 56.51 W, 46
2026/09/14 21:51:31.486, 4 %, 0 %, 6928 MiB, 16384 MiB, 52.84 W, 46
2026/09/14 21:51:32.491, 0 %, 0 %, 6928 MiB, 16384 MiB, 52.90 W, 46
2026/09/14 21:51:33.493, 0 %, 0 %, 6928 MiB, 16384 MiB, 40.00 W, 45
2026/09/14 21:51:34.502, 0 %, 0 %, 6928 MiB, 16384 MiB, 40.09 W, 45
2026/09/14 21:51:35.504, 0 %, 0 %, 6928 MiB, 16384 MiB, 39.88 W, 45
2026/09/14 21:51:36.507, 18 %, 1 %, 6928 MiB, 16384 MiB, 40.24 W, 45
2026/09/14 21:51:37.509, 20 %, 1 %, 6928 MiB, 16384 MiB, 40.27 W, 45
2026/09/14 21:51:38.512, 20 %, 1 %, 6928 MiB, 16384 MiB, 40.19 W, 45
2026/09/14 21:51:39.514, 22 %, 1 %, 6928 MiB, 16384 MiB, 40.62 W, 45
2026/09/14 21:51:40.517, 20 %, 1 %, 6928 MiB, 16384 MiB, 40.42 W, 45
2026/09/14 21:51:41.519, 0 %, 0 %, 6928 MiB, 16384 MiB, 39.64 W, 45
2026/09/14 21:51:42.522, 1 %, 0 %, 6928 MiB, 16384 MiB, 39.95 W, 45
2026/09/14 21:51:43.525, 1 %, 0 %, 6928 MiB, 16384 MiB, 40.34 W, 45
2026/09/14 21:51:44.527, 2 %, 0 %, 6928 MiB, 16384 MiB, 40.14 W, 46
2026/09/14 21:51:45.530, 1 %, 0 %, 6928 MiB, 16384 MiB, 40.17 W, 46
2026/09/14 21:51:46.532, 0 %, 0 %, 6928 MiB, 16384 MiB, 40.11 W, 46
2026/09/14 21:51:47.535, 0 %, 0 %, 6928 MiB, 16384 MiB, 40.16 W, 46
2026/09/14 21:51:48.537, 0 %, 0 %, 6928 MiB, 16384 MiB, 40.78 W, 46
2026/09/14 21:51:49.540, 1 %, 0 %, 6928 MiB, 16384 MiB, 40.55 W, 46
2026/09/14 21:51:50.542, 0 %, 0 %, 6928 MiB, 16384 MiB, 39.90 W, 46
2026/09/14 21:51:51.545, 21 %, 1 %, 6928 MiB, 16384 MiB, 40.90 W, 46
2026/09/14 21:51:52.547, 20 %, 1 %, 6928 MiB, 16384 MiB, 40.90 W, 46
2026/09/14 21:51:53.550, 21 %, 1 %, 6928 MiB, 16384 MiB, 40.93 W, 46
2026/09/14 21:51:54.552, 16 %, 1 %, 6928 MiB, 16384 MiB, 41.01 W, 46
2026/09/14 21:51:55.555, 1 %, 0 %, 6928 MiB, 16384 MiB, 40.47 W, 46
2026/09/14 21:51:56.557, 15 %, 1 %, 6928 MiB, 16384 MiB, 40.74 W, 46
2026/09/14 21:51:57.560, 8 %, 0 %, 6928 MiB, 16384 MiB, 40.52 W, 46
2026/09/14 21:51:58.562, 10 %, 0 %, 6928 MiB, 16384 MiB, 41.14 W, 46
2026/09/14 21:51:59.565, 1 %, 0 %, 6928 MiB, 16384 MiB, 40.76 W, 46
2026/09/14 21:52:00.567, 1 %, 0 %, 6928 MiB, 16384 MiB, 40.57 W, 46
2026/09/14 21:52:01.570, 0 %, 0 %, 6928 MiB, 16384 MiB, 40.66 W, 46
2026/09/14 21:52:02.573, 0 %, 0 %, 6928 MiB, 16384 MiB, 40.57 W, 46
2026/09/14 21:52:03.576, 0 %, 0 %, 6928 MiB, 16384 MiB, 40.49 W, 46
2026/09/14 21:52:04.580, 0 %, 0 %, 6928 MiB, 16384 MiB, 40.57 W, 46
2026/09/14 21:52:05.583, 0 %, 0 %, 6928 MiB, 16384 MiB, 40.63 W, 47
2026/09/14 21:52:06.586, 0 %, 0 %, 6928 MiB, 16384 MiB, 40.40 W, 47
2026/09/14 21:52:07.589, 0 %, 0 %, 6928 MiB, 16384 MiB, 40.60 W, 47
2026/09/14 21:52:08.593, 0 %, 0 %, 6928 MiB, 16384 MiB, 40.82 W, 47
2026/09/14 21:52:09.596, 8 %, 0 %, 6928 MiB, 16384 MiB, 41.83 W, 47
2026/09/14 21:52:10.599, 22 %, 1 %, 6928 MiB, 16384 MiB, 42.17 W, 47
2026/09/14 21:52:11.603, 21 %, 1 %, 6928 MiB, 16384 MiB, 41.41 W, 47
2026/09/14 21:52:12.606, 21 %, 1 %, 6928 MiB, 16384 MiB, 41.33 W, 47
2026/09/14 21:52:13.612, 20 %, 1 %, 6928 MiB, 16384 MiB, 41.47 W, 47
2026/09/14 21:52:14.614, 0 %, 0 %, 6928 MiB, 16384 MiB, 40.67 W, 47
2026/09/14 21:52:15.810, 21 %, 1 %, 6928 MiB, 16384 MiB, 41.38 W, 47
2026/09/14 21:52:16.813, 0 %, 0 %, 6928 MiB, 16384 MiB, 40.47 W, 47
2026/09/14 21:52:17.815, 18 %, 1 %, 6928 MiB, 16384 MiB, 41.38 W, 47
2026/09/14 21:52:18.818, 0 %, 0 %, 6928 MiB, 16384 MiB, 40.57 W, 47
2026/09/14 21:52:19.820, 0 %, 0 %, 6928 MiB, 16384 MiB, 40.89 W, 47
2026/09/14 21:52:20.823, 0 %, 0 %, 6928 MiB, 16384 MiB, 40.44 W, 47
2026/09/14 21:52:21.825, 0 %, 0 %, 6928 MiB, 16384 MiB, 40.68 W, 47
2026/09/14 21:52:22.828, 0 %, 0 %, 6928 MiB, 16384 MiB, 40.61 W, 47
2026/09/14 21:52:23.830, 0 %, 0 %, 6928 MiB, 16384 MiB, 40.45 W, 47
2026/09/14 21:52:24.833, 0 %, 0 %, 6928 MiB, 16384 MiB, 40.41 W, 47
2026/09/14 21:52:25.835, 22 %, 1 %, 6928 MiB, 16384 MiB, 41.19 W, 47
2026/09/14 21:52:26.838, 21 %, 1 %, 6928 MiB, 16384 MiB, 40.90 W, 47
2026/09/14 21:52:27.840, 16 %, 1 %, 6928 MiB, 16384 MiB, 40.92 W, 47
2026/09/14 21:52:28.843, 21 %, 1 %, 6928 MiB, 16384 MiB, 41.26 W, 47
2026/09/14 21:52:29.845, 0 %, 0 %, 6928 MiB, 16384 MiB, 40.46 W, 47
2026/09/14 21:52:30.848, 0 %, 0 %, 6928 MiB, 16384 MiB, 40.48 W, 47
2026/09/14 21:52:31.850, 15 %, 1 %, 6928 MiB, 16384 MiB, 40.72 W, 48
2026/09/14 21:52:32.853, 21 %, 1 %, 6928 MiB, 16384 MiB, 41.08 W, 48
2026/09/14 21:52:33.857, 0 %, 0 %, 6928 MiB, 16384 MiB, 40.73 W, 48
2026/09/14 21:52:34.860, 0 %, 0 %, 6928 MiB, 16384 MiB, 41.47 W, 48
2026/09/14 21:52:35.863, 0 %, 0 %, 6928 MiB, 16384 MiB, 40.94 W, 48
2026/09/14 21:52:36.865, 0 %, 0 %, 6928 MiB, 16384 MiB, 40.83 W, 48
2026/09/14 21:52:37.868, 0 %, 0 %, 6928 MiB, 16384 MiB, 40.94 W, 48
2026/09/14 21:52:38.870, 20 %, 1 %, 6928 MiB, 16384 MiB, 41.47 W, 48
2026/09/14 21:52:39.873, 22 %, 1 %, 6928 MiB, 16384 MiB, 41.57 W, 48
2026/09/14 21:52:40.876, 19 %, 1 %, 6928 MiB, 16384 MiB, 41.44 W, 48
2026/09/14 21:52:41.878, 0 %, 0 %, 6928 MiB, 16384 MiB, 40.86 W, 48
2026/09/14 21:52:42.881, 10 %, 0 %, 6928 MiB, 16384 MiB, 41.10 W, 48
2026/09/14 21:52:43.883, 20 %, 1 %, 6928 MiB, 16384 MiB, 41.70 W, 48
2026/09/14 21:52:44.886, 0 %, 0 %, 6928 MiB, 16384 MiB, 40.85 W, 48
2026/09/14 21:52:45.889, 20 %, 1 %, 6928 MiB, 16384 MiB, 41.67 W, 48
2026/09/14 21:52:46.891, 0 %, 0 %, 6928 MiB, 16384 MiB, 40.76 W, 48
2026/09/14 21:52:47.894, 0 %, 0 %, 6928 MiB, 16384 MiB, 40.70 W, 48
2026/09/14 21:52:48.896, 0 %, 0 %, 6928 MiB, 16384 MiB, 40.66 W, 48
2026/09/14 21:52:49.899, 0 %, 0 %, 6928 MiB, 16384 MiB, 40.53 W, 48
2026/09/14 21:52:50.902, 0 %, 0 %, 6928 MiB, 16384 MiB, 40.56 W, 48
2026/09/14 21:52:51.905, 20 %, 1 %, 6928 MiB, 16384 MiB, 41.49 W, 48
2026/09/14 21:52:52.909, 18 %, 1 %, 6928 MiB, 16384 MiB, 41.37 W, 48
2026/09/14 21:52:53.913, 0 %, 0 %, 6928 MiB, 16384 MiB, 40.73 W, 48
2026/09/14 21:52:54.917, 0 %, 0 %, 6928 MiB, 16384 MiB, 41.32 W, 48
2026/09/14 21:52:55.920, 0 %, 0 %, 6928 MiB, 16384 MiB, 41.83 W, 48
2026/09/14 21:52:56.924, 0 %, 0 %, 6928 MiB, 16384 MiB, 40.76 W, 48
2026/09/14 21:52:57.927, 0 %, 0 %, 6928 MiB, 16384 MiB, 40.69 W, 48
2026/09/14 21:52:58.931, 0 %, 0 %, 6928 MiB, 16384 MiB, 40.83 W, 48
2026/09/14 21:52:59.934, 21 %, 1 %, 6928 MiB, 16384 MiB, 41.99 W, 48
2026/09/14 21:53:00.937, 21 %, 1 %, 6928 MiB, 16384 MiB, 41.67 W, 48
2026/09/14 21:53:01.941, 21 %, 1 %, 6928 MiB, 16384 MiB, 41.49 W, 48
2026/09/14 21:53:02.945, 21 %, 1 %, 6928 MiB, 16384 MiB, 42.06 W, 48
2026/09/14 21:53:03.948, 20 %, 1 %, 6928 MiB, 16384 MiB, 41.92 W, 48
2026/09/14 21:53:04.952, 0 %, 0 %, 6928 MiB, 16384 MiB, 40.96 W, 48
2026/09/14 21:53:05.955, 0 %, 0 %, 6928 MiB, 16384 MiB, 40.80 W, 48
2026/09/14 21:53:06.959, 0 %, 0 %, 6928 MiB, 16384 MiB, 40.92 W, 48
2026/09/14 21:53:07.963, 0 %, 0 %, 6928 MiB, 16384 MiB, 40.84 W, 48
2026/09/14 21:53:08.966, 0 %, 0 %, 6928 MiB, 16384 MiB, 40.46 W, 48
2026/09/14 21:53:09.969, 0 %, 0 %, 6928 MiB, 16384 MiB, 40.80 W, 49
2026/09/14 21:53:10.972, 0 %, 0 %, 6928 MiB, 16384 MiB, 40.94 W, 49
2026/09/14 21:53:11.975, 0 %, 0 %, 6928 MiB, 16384 MiB, 40.87 W, 49
2026/09/14 21:53:12.979, 5 %, 0 %, 6928 MiB, 16384 MiB, 41.33 W, 49
2026/09/14 21:53:13.982, 20 %, 1 %, 6928 MiB, 16384 MiB, 41.60 W, 49
2026/09/14 21:53:14.986, 21 %, 1 %, 6928 MiB, 16384 MiB, 42.08 W, 49
2026/09/14 21:53:15.989, 22 %, 1 %, 6928 MiB, 16384 MiB, 42.99 W, 49
2026/09/14 21:53:16.993, 22 %, 1 %, 6928 MiB, 16384 MiB, 42.91 W, 49
2026/09/14 21:53:17.996, 0 %, 0 %, 6928 MiB, 16384 MiB, 41.12 W, 49
2026/09/14 21:53:19.000, 19 %, 1 %, 6928 MiB, 16384 MiB, 42.02 W, 49
2026/09/14 21:53:20.003, 0 %, 0 %, 6928 MiB, 16384 MiB, 41.42 W, 49
2026/09/14 21:53:21.007, 0 %, 0 %, 6928 MiB, 16384 MiB, 41.50 W, 49
2026/09/14 21:53:22.011, 4 %, 0 %, 6928 MiB, 16384 MiB, 41.30 W, 49
2026/09/14 21:53:23.014, 0 %, 0 %, 6928 MiB, 16384 MiB, 41.69 W, 49
2026/09/14 21:53:24.018, 17 %, 1 %, 6928 MiB, 16384 MiB, 42.14 W, 49
2026/09/14 21:53:25.021, 0 %, 0 %, 6928 MiB, 16384 MiB, 41.32 W, 49
2026/09/14 21:53:26.025, 0 %, 0 %, 6928 MiB, 16384 MiB, 41.20 W, 49
2026/09/14 21:53:27.028, 0 %, 0 %, 6928 MiB, 16384 MiB, 41.33 W, 49
2026/09/14 21:53:28.032, 0 %, 0 %, 6928 MiB, 16384 MiB, 41.21 W, 49
2026/09/14 21:53:29.035, 19 %, 1 %, 6928 MiB, 16384 MiB, 42.01 W, 49
2026/09/14 21:53:30.038, 21 %, 1 %, 6928 MiB, 16384 MiB, 42.25 W, 49
2026/09/14 21:53:31.042, 0 %, 0 %, 6928 MiB, 16384 MiB, 41.54 W, 49
2026/09/14 21:53:32.045, 1 %, 0 %, 6928 MiB, 16384 MiB, 41.68 W, 49
2026/09/14 21:53:33.049, 21 %, 1 %, 6928 MiB, 16384 MiB, 42.25 W, 49
2026/09/14 21:53:34.053, 0 %, 0 %, 6928 MiB, 16384 MiB, 41.37 W, 49
2026/09/14 21:53:35.056, 0 %, 0 %, 6928 MiB, 16384 MiB, 41.62 W, 49
2026/09/14 21:53:36.060, 10 %, 0 %, 6928 MiB, 16384 MiB, 42.50 W, 49
2026/09/14 21:53:37.064, 0 %, 0 %, 6928 MiB, 16384 MiB, 42.00 W, 49
2026/09/14 21:53:38.068, 0 %, 0 %, 6928 MiB, 16384 MiB, 41.78 W, 49
2026/09/14 21:53:39.072, 0 %, 0 %, 6928 MiB, 16384 MiB, 41.84 W, 49
2026/09/14 21:53:40.075, 0 %, 0 %, 6928 MiB, 16384 MiB, 41.47 W, 49
2026/09/14 21:53:41.079, 0 %, 0 %, 6928 MiB, 16384 MiB, 41.35 W, 49
2026/09/14 21:53:42.082, 19 %, 1 %, 6928 MiB, 16384 MiB, 42.14 W, 49
2026/09/14 21:53:43.086, 17 %, 1 %, 6928 MiB, 16384 MiB, 42.64 W, 49
2026/09/14 21:53:44.089, 2 %, 0 %, 6928 MiB, 16384 MiB, 41.85 W, 49
2026/09/14 21:53:45.091, 19 %, 1 %, 6928 MiB, 16384 MiB, 42.03 W, 49
2026/09/14 21:53:46.094, 0 %, 0 %, 6928 MiB, 16384 MiB, 41.39 W, 49
2026/09/14 21:53:47.096, 0 %, 0 %, 6928 MiB, 16384 MiB, 41.32 W, 49
2026/09/14 21:53:48.099, 12 %, 0 %, 6928 MiB, 16384 MiB, 42.09 W, 49
2026/09/14 21:53:49.101, 0 %, 0 %, 6928 MiB, 16384 MiB, 41.30 W, 49
2026/09/14 21:53:50.104, 0 %, 0 %, 6928 MiB, 16384 MiB, 41.42 W, 49
2026/09/14 21:53:51.106, 0 %, 0 %, 6928 MiB, 16384 MiB, 41.65 W, 49
2026/09/14 21:53:52.109, 0 %, 0 %, 6928 MiB, 16384 MiB, 41.28 W, 49
2026/09/14 21:53:53.111, 0 %, 0 %, 6928 MiB, 16384 MiB, 41.35 W, 49
2026/09/14 21:53:54.114, 0 %, 0 %, 6928 MiB, 16384 MiB, 41.24 W, 49
2026/09/14 21:53:55.116, 0 %, 0 %, 6928 MiB, 16384 MiB, 41.20 W, 49
2026/09/14 21:53:56.119, 0 %, 0 %, 6928 MiB, 16384 MiB, 41.17 W, 49
2026/09/14 21:53:57.121, 21 %, 1 %, 6928 MiB, 16384 MiB, 42.79 W, 49
2026/09/14 21:53:58.124, 19 %, 1 %, 6928 MiB, 16384 MiB, 42.63 W, 49
2026/09/14 21:53:59.127, 21 %, 1 %, 6928 MiB, 16384 MiB, 42.07 W, 49
2026/09/14 21:54:00.130, 13 %, 0 %, 6928 MiB, 16384 MiB, 41.91 W, 49
2026/09/14 21:54:01.133, 14 %, 1 %, 6928 MiB, 16384 MiB, 42.12 W, 49
2026/09/14 21:54:02.137, 10 %, 0 %, 6928 MiB, 16384 MiB, 42.11 W, 49
2026/09/14 21:54:03.141, 0 %, 0 %, 6928 MiB, 16384 MiB, 41.46 W, 49
2026/09/14 21:54:04.144, 10 %, 0 %, 6928 MiB, 16384 MiB, 41.32 W, 50
2026/09/14 21:54:05.148, 1 %, 0 %, 6928 MiB, 16384 MiB, 41.58 W, 49
2026/09/14 21:54:06.152, 20 %, 1 %, 6928 MiB, 16384 MiB, 42.02 W, 50
2026/09/14 21:54:07.155, 1 %, 0 %, 6928 MiB, 16384 MiB, 41.67 W, 49
2026/09/14 21:54:08.159, 0 %, 0 %, 6928 MiB, 16384 MiB, 41.33 W, 49
2026/09/14 21:54:09.162, 0 %, 0 %, 6928 MiB, 16384 MiB, 41.40 W, 50
2026/09/14 21:54:10.166, 0 %, 0 %, 6928 MiB, 16384 MiB, 41.22 W, 50
2026/09/14 21:54:11.170, 0 %, 0 %, 6928 MiB, 16384 MiB, 40.87 W, 50
2026/09/14 21:54:12.173, 0 %, 0 %, 6928 MiB, 16384 MiB, 40.97 W, 50
2026/09/14 21:54:13.177, 0 %, 0 %, 6928 MiB, 16384 MiB, 41.15 W, 50
2026/09/14 21:54:14.180, 0 %, 0 %, 6928 MiB, 16384 MiB, 41.15 W, 50
2026/09/14 21:54:15.183, 0 %, 0 %, 6928 MiB, 16384 MiB, 41.03 W, 50
2026/09/14 21:54:16.186, 0 %, 0 %, 6928 MiB, 16384 MiB, 41.06 W, 50
2026/09/14 21:54:17.189, 0 %, 0 %, 6928 MiB, 16384 MiB, 41.09 W, 50
2026/09/14 21:54:18.193, 0 %, 0 %, 6928 MiB, 16384 MiB, 41.96 W, 50
2026/09/14 21:54:19.196, 0 %, 0 %, 6928 MiB, 16384 MiB, 42.34 W, 50
2026/09/14 21:54:20.199, 0 %, 0 %, 6928 MiB, 16384 MiB, 41.86 W, 50
2026/09/14 21:54:21.202, 0 %, 0 %, 6872 MiB, 16384 MiB, 41.44 W, 50
2026/09/14 21:54:22.206, 0 %, 0 %, 6872 MiB, 16384 MiB, 41.76 W, 50
2026/09/14 21:54:23.209, 0 %, 0 %, 6872 MiB, 16384 MiB, 41.88 W, 50
2026/09/14 21:54:24.213, 0 %, 0 %, 6872 MiB, 16384 MiB, 41.65 W, 50
2026/09/14 21:54:25.216, 0 %, 0 %, 6872 MiB, 16384 MiB, 41.68 W, 50
2026/09/14 21:54:26.219, 0 %, 0 %, 6872 MiB, 16384 MiB, 41.67 W, 50
2026/09/14 21:54:27.222, 0 %, 0 %, 6872 MiB, 16384 MiB, 41.65 W, 50
2026/09/14 21:54:28.226, 0 %, 0 %, 6872 MiB, 16384 MiB, 41.42 W, 50
2026/09/14 21:54:29.228, 0 %, 0 %, 6872 MiB, 16384 MiB, 41.58 W, 50
2026/09/14 21:54:30.231, 0 %, 0 %, 7296 MiB, 16384 MiB, 42.14 W, 50
2026/09/14 21:54:31.233, 100 %, 43 %, 8950 MiB, 16384 MiB, 58.19 W, 54
2026/09/14 21:54:32.236, 100 %, 79 %, 8950 MiB, 16384 MiB, 155.99 W, 53
2026/09/14 21:54:33.239, 100 %, 66 %, 8950 MiB, 16384 MiB, 191.63 W, 56
2026/09/14 21:54:34.243, 100 %, 23 %, 8950 MiB, 16384 MiB, 177.00 W, 56
2026/09/14 21:54:35.246, 100 %, 39 %, 8950 MiB, 16384 MiB, 58.77 W, 54
2026/09/14 21:54:36.248, 100 %, 79 %, 8950 MiB, 16384 MiB, 146.26 W, 55
2026/09/14 21:54:37.250, 100 %, 63 %, 8950 MiB, 16384 MiB, 193.09 W, 58
2026/09/14 21:54:38.254, 100 %, 32 %, 8950 MiB, 16384 MiB, 201.81 W, 58
2026/09/14 21:54:39.316, 100 %, 27 %, 8950 MiB, 16384 MiB, 64.80 W, 58
2026/09/14 21:54:40.319, 100 %, 67 %, 8950 MiB, 16384 MiB, 109.46 W, 56
2026/09/14 21:54:41.321, 100 %, 75 %, 8950 MiB, 16384 MiB, 189.14 W, 58
2026/09/14 21:54:42.324, 100 %, 45 %, 8950 MiB, 16384 MiB, 230.29 W, 60
2026/09/14 21:54:43.326, 100 %, 27 %, 8950 MiB, 16384 MiB, 68.96 W, 59
2026/09/14 21:54:44.331, 69 %, 62 %, 8950 MiB, 16384 MiB, 102.47 W, 57
2026/09/14 21:54:45.334, 1 %, 3 %, 8950 MiB, 16384 MiB, 60.21 W, 56
2026/09/14 21:54:46.336, 1 %, 2 %, 8950 MiB, 16384 MiB, 60.12 W, 57
2026/09/14 21:54:47.339, 100 %, 83 %, 8950 MiB, 16384 MiB, 189.24 W, 59
2026/09/14 21:54:48.353, 1 %, 2 %, 8950 MiB, 16384 MiB, 59.79 W, 57
2026/09/14 21:54:49.355, 1 %, 2 %, 8950 MiB, 16384 MiB, 59.70 W, 57
2026/09/14 21:54:50.358, 69 %, 62 %, 8950 MiB, 16384 MiB, 202.69 W, 61
2026/09/14 21:54:51.362, 34 %, 29 %, 8950 MiB, 16384 MiB, 59.01 W, 58
2026/09/14 21:54:52.365, 1 %, 2 %, 8950 MiB, 16384 MiB, 60.06 W, 57
2026/09/14 21:54:53.368, 19 %, 13 %, 8950 MiB, 16384 MiB, 146.95 W, 61
2026/09/14 21:54:54.370, 75 %, 61 %, 8950 MiB, 16384 MiB, 189.96 W, 59
2026/09/14 21:54:55.372, 1 %, 2 %, 8950 MiB, 16384 MiB, 61.32 W, 58
2026/09/14 21:54:56.375, 1 %, 2 %, 8950 MiB, 16384 MiB, 61.15 W, 58
2026/09/14 21:54:57.377, 10 %, 8 %, 8950 MiB, 16384 MiB, 212.23 W, 62
2026/09/14 21:54:58.380, 77 %, 71 %, 8950 MiB, 16384 MiB, 59.99 W, 59
2026/09/14 21:54:59.383, 1 %, 2 %, 8950 MiB, 16384 MiB, 60.07 W, 58
2026/09/14 21:55:00.385, 1 %, 2 %, 8950 MiB, 16384 MiB, 232.13 W, 62
2026/09/14 21:55:01.389, 91 %, 74 %, 8950 MiB, 16384 MiB, 59.38 W, 59
2026/09/14 21:55:02.391, 1 %, 2 %, 8950 MiB, 16384 MiB, 60.42 W, 59
2026/09/14 21:55:03.395, 1 %, 2 %, 8950 MiB, 16384 MiB, 173.49 W, 63
2026/09/14 21:55:04.398, 94 %, 79 %, 8950 MiB, 16384 MiB, 96.04 W, 60
2026/09/14 21:55:05.400, 4 %, 4 %, 8950 MiB, 16384 MiB, 60.57 W, 59
2026/09/14 21:55:06.402, 1 %, 2 %, 8950 MiB, 16384 MiB, 75.82 W, 62
2026/09/14 21:55:07.405, 55 %, 46 %, 8950 MiB, 16384 MiB, 189.07 W, 61
2026/09/14 21:55:08.410, 38 %, 32 %, 8950 MiB, 16384 MiB, 61.27 W, 60
2026/09/14 21:55:09.413, 1 %, 2 %, 8950 MiB, 16384 MiB, 60.97 W, 60
2026/09/14 21:55:10.415, 5 %, 5 %, 8950 MiB, 16384 MiB, 215.71 W, 63
2026/09/14 21:55:11.419, 93 %, 83 %, 8950 MiB, 16384 MiB, 60.01 W, 61
2026/09/14 21:55:12.421, 1 %, 2 %, 8950 MiB, 16384 MiB, 60.94 W, 60
2026/09/14 21:55:13.424, 1 %, 2 %, 8950 MiB, 16384 MiB, 169.75 W, 64
2026/09/14 21:55:14.429, 87 %, 70 %, 8950 MiB, 16384 MiB, 110.05 W, 61
2026/09/14 21:55:15.431, 1 %, 2 %, 8950 MiB, 16384 MiB, 61.09 W, 61
2026/09/14 21:55:16.434, 1 %, 2 %, 8950 MiB, 16384 MiB, 104.82 W, 64
2026/09/14 21:55:17.436, 0 %, 0 %, 8950 MiB, 16384 MiB, 60.22 W, 61
2026/09/14 21:55:18.438, 18 %, 15 %, 8950 MiB, 16384 MiB, 59.97 W, 61
2026/09/14 21:55:19.440, 60 %, 5 %, 13710 MiB, 16384 MiB, 76.13 W, 61
2026/09/14 21:55:20.443, 100 %, 7 %, 13710 MiB, 16384 MiB, 76.37 W, 61
2026/09/14 21:55:21.445, 100 %, 10 %, 13710 MiB, 16384 MiB, 61.37 W, 61
2026/09/14 21:55:22.448, 100 %, 7 %, 13710 MiB, 16384 MiB, 76.55 W, 61
2026/09/14 21:55:23.450, 100 %, 7 %, 13710 MiB, 16384 MiB, 75.99 W, 61
2026/09/14 21:55:24.452, 100 %, 7 %, 13710 MiB, 16384 MiB, 61.49 W, 61
2026/09/14 21:55:25.455, 1 %, 2 %, 13710 MiB, 16384 MiB, 64.28 W, 61
2026/09/14 21:55:26.457, 1 %, 2 %, 13710 MiB, 16384 MiB, 60.72 W, 61
2026/09/14 21:55:27.460, 1 %, 2 %, 13710 MiB, 16384 MiB, 48.33 W, 60
2026/09/14 21:55:28.463, 1 %, 1 %, 13710 MiB, 16384 MiB, 48.39 W, 60
2026/09/14 21:55:29.467, 5 %, 4 %, 13710 MiB, 16384 MiB, 48.31 W, 60
2026/09/14 21:55:30.470, 2 %, 3 %, 13710 MiB, 16384 MiB, 57.02 W, 60
2026/09/14 21:55:31.472, 2 %, 3 %, 13710 MiB, 16384 MiB, 47.87 W, 60
2026/09/14 21:55:32.475, 1 %, 2 %, 13710 MiB, 16384 MiB, 47.92 W, 59
2026/09/14 21:55:33.478, 1 %, 2 %, 13710 MiB, 16384 MiB, 48.00 W, 59
2026/09/14 21:55:34.480, 5 %, 4 %, 13710 MiB, 16384 MiB, 47.94 W, 59
2026/09/14 21:55:35.483, 5 %, 5 %, 13710 MiB, 16384 MiB, 47.58 W, 59
2026/09/14 21:55:36.485, 1 %, 2 %, 13710 MiB, 16384 MiB, 56.45 W, 59
2026/09/14 21:55:37.488, 1 %, 2 %, 13710 MiB, 16384 MiB, 48.14 W, 59
2026/09/14 21:55:38.491, 1 %, 2 %, 13710 MiB, 16384 MiB, 48.23 W, 59
2026/09/14 21:55:39.493, 5 %, 4 %, 13710 MiB, 16384 MiB, 47.53 W, 59
2026/09/14 21:55:40.499, 4 %, 4 %, 13710 MiB, 16384 MiB, 47.60 W, 59
2026/09/14 21:55:41.502, 2 %, 3 %, 13710 MiB, 16384 MiB, 55.09 W, 59
2026/09/14 21:55:42.505, 2 %, 3 %, 13710 MiB, 16384 MiB, 47.21 W, 59
2026/09/14 21:55:43.507, 2 %, 3 %, 13710 MiB, 16384 MiB, 47.37 W, 58
2026/09/14 21:55:44.510, 1 %, 2 %, 13710 MiB, 16384 MiB, 47.63 W, 58
2026/09/14 21:55:45.512, 4 %, 4 %, 13710 MiB, 16384 MiB, 47.58 W, 58
2026/09/14 21:55:46.516, 5 %, 5 %, 13710 MiB, 16384 MiB, 46.76 W, 58
2026/09/14 21:55:47.519, 1 %, 2 %, 13710 MiB, 16384 MiB, 56.14 W, 58
2026/09/14 21:55:48.523, 4 %, 0 %, 14160 MiB, 16384 MiB, 58.66 W, 59
2026/09/14 21:55:49.525, 0 %, 0 %, 14160 MiB, 16384 MiB, 58.77 W, 59
2026/09/14 21:55:50.528, 0 %, 0 %, 14160 MiB, 16384 MiB, 45.88 W, 58
2026/09/14 21:55:51.530, 100 %, 0 %, 15834 MiB, 16384 MiB, 118.16 W, 61
2026/09/14 21:55:52.532, 100 %, 7 %, 15834 MiB, 16384 MiB, 115.44 W, 61
2026/09/14 21:55:53.535, 100 %, 71 %, 15834 MiB, 16384 MiB, 103.22 W, 63
2026/09/14 21:55:54.538, 100 %, 0 %, 15834 MiB, 16384 MiB, 233.58 W, 64
2026/09/14 21:55:55.544, 100 %, 0 %, 15834 MiB, 16384 MiB, 118.33 W, 62
2026/09/14 21:55:56.547, 100 %, 0 %, 15834 MiB, 16384 MiB, 114.56 W, 62
2026/09/14 21:55:57.550, 100 %, 32 %, 15834 MiB, 16384 MiB, 73.18 W, 63
2026/09/14 21:55:58.552, 100 %, 12 %, 15834 MiB, 16384 MiB, 211.95 W, 65
2026/09/14 21:55:59.556, 100 %, 0 %, 15834 MiB, 16384 MiB, 115.86 W, 63
2026/09/14 21:56:00.558, 100 %, 0 %, 15834 MiB, 16384 MiB, 115.72 W, 63
2026/09/14 21:56:01.561, 100 %, 9 %, 15834 MiB, 16384 MiB, 137.69 W, 64
2026/09/14 21:56:02.563, 100 %, 46 %, 15834 MiB, 16384 MiB, 247.69 W, 66
2026/09/14 21:56:03.566, 100 %, 0 %, 15834 MiB, 16384 MiB, 117.07 W, 64
2026/09/14 21:56:04.569, 100 %, 0 %, 15834 MiB, 16384 MiB, 116.63 W, 64
2026/09/14 21:56:05.571, 100 %, 7 %, 15834 MiB, 16384 MiB, 107.24 W, 65
2026/09/14 21:56:06.573, 100 %, 73 %, 15834 MiB, 16384 MiB, 203.65 W, 65
2026/09/14 21:56:07.576, 100 %, 0 %, 15834 MiB, 16384 MiB, 118.67 W, 65
2026/09/14 21:56:08.578, 100 %, 0 %, 15834 MiB, 16384 MiB, 116.93 W, 65
2026/09/14 21:56:09.581, 100 %, 8 %, 15834 MiB, 16384 MiB, 111.17 W, 65
2026/09/14 21:56:10.583, 100 %, 82 %, 15834 MiB, 16384 MiB, 173.86 W, 65
2026/09/14 21:56:11.585, 100 %, 0 %, 15834 MiB, 16384 MiB, 119.42 W, 66
2026/09/14 21:56:12.588, 100 %, 0 %, 15834 MiB, 16384 MiB, 117.76 W, 66
2026/09/14 21:56:13.590, 100 %, 0 %, 15834 MiB, 16384 MiB, 116.16 W, 66
2026/09/14 21:56:14.592, 100 %, 62 %, 15834 MiB, 16384 MiB, 88.42 W, 65
2026/09/14 21:56:15.595, 100 %, 0 %, 15834 MiB, 16384 MiB, 118.21 W, 69
2026/09/14 21:56:16.600, 100 %, 0 %, 15834 MiB, 16384 MiB, 118.81 W, 67
2026/09/14 21:56:17.604, 100 %, 0 %, 15834 MiB, 16384 MiB, 116.94 W, 67
2026/09/14 21:56:18.606, 100 %, 33 %, 15834 MiB, 16384 MiB, 82.12 W, 68
2026/09/14 21:56:19.608, 100 %, 9 %, 15834 MiB, 16384 MiB, 214.51 W, 70
2026/09/14 21:56:20.611, 100 %, 0 %, 15834 MiB, 16384 MiB, 119.82 W, 67
2026/09/14 21:56:21.613, 100 %, 0 %, 15834 MiB, 16384 MiB, 117.75 W, 68
2026/09/14 21:56:22.616, 100 %, 9 %, 15834 MiB, 16384 MiB, 144.35 W, 68
2026/09/14 21:56:23.618, 100 %, 44 %, 15834 MiB, 16384 MiB, 235.06 W, 70
2026/09/14 21:56:24.623, 100 %, 0 %, 15834 MiB, 16384 MiB, 120.11 W, 68
2026/09/14 21:56:25.626, 100 %, 0 %, 15834 MiB, 16384 MiB, 118.41 W, 68
2026/09/14 21:56:26.628, 100 %, 10 %, 15834 MiB, 16384 MiB, 132.57 W, 68
2026/09/14 21:56:27.630, 100 %, 74 %, 15834 MiB, 16384 MiB, 251.13 W, 70
2026/09/14 21:56:28.634, 100 %, 0 %, 15834 MiB, 16384 MiB, 118.88 W, 68
2026/09/14 21:56:29.636, 100 %, 0 %, 15834 MiB, 16384 MiB, 117.07 W, 69
2026/09/14 21:56:30.638, 100 %, 9 %, 15834 MiB, 16384 MiB, 143.88 W, 69
2026/09/14 21:56:31.640, 100 %, 79 %, 15834 MiB, 16384 MiB, 254.69 W, 71
2026/09/14 21:56:32.645, 100 %, 0 %, 15834 MiB, 16384 MiB, 119.35 W, 69
2026/09/14 21:56:33.648, 100 %, 0 %, 15834 MiB, 16384 MiB, 117.63 W, 69
2026/09/14 21:56:34.650, 100 %, 29 %, 15834 MiB, 16384 MiB, 119.07 W, 69
2026/09/14 21:56:35.653, 100 %, 9 %, 15834 MiB, 16384 MiB, 210.24 W, 71
2026/09/14 21:56:36.655, 100 %, 0 %, 15834 MiB, 16384 MiB, 119.76 W, 69
2026/09/14 21:56:37.658, 100 %, 0 %, 15834 MiB, 16384 MiB, 117.80 W, 69
2026/09/14 21:56:38.660, 100 %, 20 %, 15834 MiB, 16384 MiB, 111.78 W, 69
2026/09/14 21:56:39.662, 100 %, 32 %, 15834 MiB, 16384 MiB, 204.22 W, 70
2026/09/14 21:56:40.665, 100 %, 0 %, 15834 MiB, 16384 MiB, 119.72 W, 70
2026/09/14 21:56:41.669, 1 %, 2 %, 15834 MiB, 16384 MiB, 145.66 W, 69
2026/09/14 21:56:42.672, 100 %, 3 %, 15834 MiB, 16384 MiB, 219.79 W, 72
2026/09/14 21:56:43.676, 100 %, 0 %, 15834 MiB, 16384 MiB, 116.80 W, 69
2026/09/14 21:56:44.679, 70 %, 64 %, 15834 MiB, 16384 MiB, 62.21 W, 68
2026/09/14 21:56:45.681, 100 %, 0 %, 15834 MiB, 16384 MiB, 119.85 W, 70
2026/09/14 21:56:46.683, 1 %, 2 %, 15834 MiB, 16384 MiB, 63.20 W, 68
2026/09/14 21:56:47.686, 100 %, 0 %, 15834 MiB, 16384 MiB, 120.04 W, 70
2026/09/14 21:56:48.688, 31 %, 8 %, 15834 MiB, 16384 MiB, 112.65 W, 69
2026/09/14 21:56:49.690, 100 %, 33 %, 15834 MiB, 16384 MiB, 190.92 W, 70
2026/09/14 21:56:50.695, 100 %, 0 %, 15834 MiB, 16384 MiB, 117.63 W, 69
2026/09/14 21:56:51.699, 35 %, 32 %, 15834 MiB, 16384 MiB, 63.63 W, 68
2026/09/14 21:56:52.702, 100 %, 0 %, 15834 MiB, 16384 MiB, 120.06 W, 70
2026/09/14 21:56:53.704, 1 %, 2 %, 15834 MiB, 16384 MiB, 63.08 W, 68
2026/09/14 21:56:54.706, 100 %, 0 %, 15834 MiB, 16384 MiB, 148.54 W, 72
2026/09/14 21:56:55.709, 62 %, 6 %, 15834 MiB, 16384 MiB, 118.15 W, 69
2026/09/14 21:56:56.711, 100 %, 66 %, 15834 MiB, 16384 MiB, 101.51 W, 69
2026/09/14 21:56:57.715, 100 %, 0 %, 15834 MiB, 16384 MiB, 120.43 W, 70
2026/09/14 21:56:58.717, 2 %, 2 %, 15834 MiB, 16384 MiB, 63.48 W, 68
2026/09/14 21:56:59.720, 100 %, 0 %, 15834 MiB, 16384 MiB, 120.10 W, 70
2026/09/14 21:57:00.722, 2 %, 3 %, 15834 MiB, 16384 MiB, 117.32 W, 70
2026/09/14 21:57:01.724, 100 %, 0 %, 15834 MiB, 16384 MiB, 120.36 W, 73
2026/09/14 21:57:02.727, 96 %, 8 %, 15834 MiB, 16384 MiB, 115.04 W, 69
2026/09/14 21:57:03.729, 94 %, 78 %, 15834 MiB, 16384 MiB, 147.39 W, 69
2026/09/14 21:57:04.734, 100 %, 0 %, 15834 MiB, 16384 MiB, 120.40 W, 70
2026/09/14 21:57:05.737, 1 %, 2 %, 15834 MiB, 16384 MiB, 63.43 W, 68
2026/09/14 21:57:06.741, 100 %, 0 %, 15834 MiB, 16384 MiB, 120.82 W, 70
2026/09/14 21:57:07.745, 29 %, 8 %, 15834 MiB, 16384 MiB, 148.35 W, 69
2026/09/14 21:57:08.747, 100 %, 40 %, 15834 MiB, 16384 MiB, 247.56 W, 72
2026/09/14 21:57:09.751, 100 %, 0 %, 15834 MiB, 16384 MiB, 117.37 W, 70
2026/09/14 21:57:10.753, 27 %, 24 %, 15834 MiB, 16384 MiB, 62.43 W, 68
2026/09/14 21:57:11.755, 100 %, 0 %, 15834 MiB, 16384 MiB, 120.08 W, 70
2026/09/14 21:57:12.758, 1 %, 2 %, 15834 MiB, 16384 MiB, 63.21 W, 68
2026/09/14 21:57:13.760, 100 %, 0 %, 15834 MiB, 16384 MiB, 120.50 W, 72
2026/09/14 21:57:14.766, 84 %, 7 %, 15834 MiB, 16384 MiB, 114.16 W, 69
2026/09/14 21:57:15.768, 100 %, 81 %, 15834 MiB, 16384 MiB, 176.35 W, 69
2026/09/14 21:57:16.771, 100 %, 0 %, 15834 MiB, 16384 MiB, 119.18 W, 70
2026/09/14 21:57:17.773, 1 %, 2 %, 15834 MiB, 16384 MiB, 63.63 W, 68
2026/09/14 21:57:18.775, 100 %, 0 %, 15834 MiB, 16384 MiB, 120.62 W, 70
2026/09/14 21:57:19.778, 10 %, 8 %, 15834 MiB, 16384 MiB, 120.43 W, 69
2026/09/14 21:57:20.781, 100 %, 18 %, 15834 MiB, 16384 MiB, 248.98 W, 72
2026/09/14 21:57:21.788, 100 %, 0 %, 15834 MiB, 16384 MiB, 117.53 W, 70
2026/09/14 21:57:22.791, 38 %, 33 %, 15834 MiB, 16384 MiB, 61.84 W, 68
2026/09/14 21:57:23.793, 100 %, 0 %, 15834 MiB, 16384 MiB, 120.79 W, 70
2026/09/14 21:57:24.796, 1 %, 2 %, 15834 MiB, 16384 MiB, 63.26 W, 68
2026/09/14 21:57:25.798, 100 %, 0 %, 15834 MiB, 16384 MiB, 120.06 W, 70
2026/09/14 21:57:26.800, 69 %, 7 %, 15834 MiB, 16384 MiB, 111.18 W, 69
2026/09/14 21:57:27.803, 100 %, 76 %, 15834 MiB, 16384 MiB, 202.87 W, 70
2026/09/14 21:57:28.805, 100 %, 0 %, 15834 MiB, 16384 MiB, 118.43 W, 70
2026/09/14 21:57:29.807, 1 %, 2 %, 15834 MiB, 16384 MiB, 63.39 W, 68
2026/09/14 21:57:30.810, 100 %, 0 %, 15834 MiB, 16384 MiB, 121.05 W, 70
2026/09/14 21:57:31.812, 2 %, 3 %, 15834 MiB, 16384 MiB, 63.10 W, 68
2026/09/14 21:57:32.814, 100 %, 0 %, 15834 MiB, 16384 MiB, 132.18 W, 73
2026/09/14 21:57:33.819, 100 %, 5 %, 15834 MiB, 16384 MiB, 117.27 W, 70
2026/09/14 21:57:34.821, 78 %, 67 %, 15834 MiB, 16384 MiB, 92.26 W, 69
2026/09/14 21:57:35.824, 100 %, 0 %, 15834 MiB, 16384 MiB, 120.79 W, 70
2026/09/14 21:57:36.826, 1 %, 3 %, 15834 MiB, 16384 MiB, 63.44 W, 68
2026/09/14 21:57:37.829, 100 %, 0 %, 15834 MiB, 16384 MiB, 120.40 W, 70
2026/09/14 21:57:38.831, 9 %, 6 %, 15834 MiB, 16384 MiB, 125.01 W, 69
2026/09/14 21:57:39.836, 100 %, 21 %, 15834 MiB, 16384 MiB, 238.33 W, 72
2026/09/14 21:57:40.840, 100 %, 0 %, 15834 MiB, 16384 MiB, 115.21 W, 70
2026/09/14 21:57:41.842, 43 %, 37 %, 15834 MiB, 16384 MiB, 136.40 W, 69
2026/09/14 21:57:42.845, 100 %, 0 %, 15834 MiB, 16384 MiB, 119.48 W, 70
2026/09/14 21:57:43.847, 1 %, 2 %, 15834 MiB, 16384 MiB, 63.70 W, 68
2026/09/14 21:57:44.850, 100 %, 0 %, 15834 MiB, 16384 MiB, 120.57 W, 70
2026/09/14 21:57:45.852, 61 %, 8 %, 15834 MiB, 16384 MiB, 131.69 W, 70
2026/09/14 21:57:46.854, 100 %, 74 %, 15834 MiB, 16384 MiB, 254.93 W, 72
2026/09/14 21:57:47.860, 100 %, 0 %, 15834 MiB, 16384 MiB, 117.82 W, 70
2026/09/14 21:57:48.864, 2 %, 3 %, 15834 MiB, 16384 MiB, 63.19 W, 68
2026/09/14 21:57:49.866, 100 %, 0 %, 15834 MiB, 16384 MiB, 121.02 W, 70
2026/09/14 21:57:50.869, 1 %, 2 %, 15834 MiB, 16384 MiB, 63.56 W, 68
2026/09/14 21:57:51.871, 100 %, 2 %, 15834 MiB, 16384 MiB, 121.26 W, 71
2026/09/14 21:57:52.873, 31 %, 8 %, 15834 MiB, 16384 MiB, 116.04 W, 70
2026/09/14 21:57:53.876, 100 %, 45 %, 15834 MiB, 16384 MiB, 183.17 W, 69
2026/09/14 21:57:54.882, 100 %, 4 %, 15834 MiB, 16384 MiB, 124.49 W, 70
2026/09/14 21:57:55.885, 100 %, 0 %, 15834 MiB, 16384 MiB, 121.61 W, 70
2026/09/14 21:57:56.887, 100 %, 10 %, 15834 MiB, 16384 MiB, 117.18 W, 70
2026/09/14 21:57:57.890, 100 %, 33 %, 15834 MiB, 16384 MiB, 176.04 W, 70
2026/09/14 21:57:58.892, 100 %, 0 %, 15834 MiB, 16384 MiB, 121.20 W, 70
2026/09/14 21:57:59.894, 100 %, 0 %, 15834 MiB, 16384 MiB, 120.76 W, 70
2026/09/14 21:58:00.897, 100 %, 8 %, 15834 MiB, 16384 MiB, 117.86 W, 71
2026/09/14 21:58:01.899, 100 %, 66 %, 15834 MiB, 16384 MiB, 110.10 W, 70
2026/09/14 21:58:02.901, 100 %, 0 %, 15834 MiB, 16384 MiB, 120.81 W, 71
2026/09/14 21:58:03.904, 100 %, 0 %, 15834 MiB, 16384 MiB, 120.78 W, 71
2026/09/14 21:58:04.906, 100 %, 8 %, 15834 MiB, 16384 MiB, 117.45 W, 71
2026/09/14 21:58:05.909, 100 %, 73 %, 15834 MiB, 16384 MiB, 65.45 W, 70
2026/09/14 21:58:06.912, 100 %, 0 %, 15834 MiB, 16384 MiB, 120.90 W, 73
2026/09/14 21:58:07.915, 100 %, 0 %, 15834 MiB, 16384 MiB, 120.75 W, 71
2026/09/14 21:58:08.917, 100 %, 6 %, 15834 MiB, 16384 MiB, 117.86 W, 71
2026/09/14 21:58:09.919, 100 %, 84 %, 15834 MiB, 16384 MiB, 63.70 W, 70
2026/09/14 21:58:10.924, 100 %, 0 %, 15834 MiB, 16384 MiB, 166.54 W, 74
2026/09/14 21:58:11.931, 100 %, 0 %, 15834 MiB, 16384 MiB, 121.20 W, 71
2026/09/14 21:58:12.934, 100 %, 8 %, 15834 MiB, 16384 MiB, 118.36 W, 71
2026/09/14 21:58:13.936, 100 %, 85 %, 15834 MiB, 16384 MiB, 85.05 W, 72
2026/09/14 21:58:14.939, 100 %, 0 %, 15834 MiB, 16384 MiB, 207.19 W, 75
2026/09/14 21:58:15.942, 100 %, 0 %, 15834 MiB, 16384 MiB, 121.34 W, 71
2026/09/14 21:58:16.944, 100 %, 0 %, 15834 MiB, 16384 MiB, 119.56 W, 71
2026/09/14 21:58:17.946, 100 %, 69 %, 15834 MiB, 16384 MiB, 85.95 W, 72
2026/09/14 21:58:18.948, 100 %, 0 %, 15834 MiB, 16384 MiB, 121.47 W, 74
2026/09/14 21:58:19.951, 100 %, 0 %, 15834 MiB, 16384 MiB, 121.39 W, 72
2026/09/14 21:58:20.954, 100 %, 0 %, 15834 MiB, 16384 MiB, 118.87 W, 71
2026/09/14 21:58:21.956, 100 %, 55 %, 15834 MiB, 16384 MiB, 63.59 W, 72
2026/09/14 21:58:22.960, 100 %, 0 %, 15834 MiB, 16384 MiB, 136.60 W, 74
2026/09/14 21:58:23.964, 100 %, 0 %, 15834 MiB, 16384 MiB, 121.47 W, 72
2026/09/14 21:58:24.968, 100 %, 0 %, 15834 MiB, 16384 MiB, 118.86 W, 72
2026/09/14 21:58:25.970, 100 %, 45 %, 15834 MiB, 16384 MiB, 64.93 W, 72
2026/09/14 21:58:26.973, 100 %, 0 %, 15834 MiB, 16384 MiB, 188.57 W, 74
2026/09/14 21:58:27.976, 100 %, 0 %, 15834 MiB, 16384 MiB, 121.68 W, 72
2026/09/14 21:58:28.978, 100 %, 0 %, 15834 MiB, 16384 MiB, 118.92 W, 72
2026/09/14 21:58:29.982, 100 %, 30 %, 15834 MiB, 16384 MiB, 123.49 W, 72
2026/09/14 21:58:30.984, 100 %, 9 %, 15834 MiB, 16384 MiB, 232.84 W, 74
2026/09/14 21:58:31.987, 100 %, 0 %, 15834 MiB, 16384 MiB, 121.99 W, 72
2026/09/14 21:58:32.989, 100 %, 0 %, 15834 MiB, 16384 MiB, 119.96 W, 72
2026/09/14 21:58:33.991, 100 %, 24 %, 15834 MiB, 16384 MiB, 132.35 W, 72
2026/09/14 21:58:34.996, 100 %, 21 %, 15834 MiB, 16384 MiB, 263.20 W, 74
2026/09/14 21:58:36.003, 100 %, 0 %, 15834 MiB, 16384 MiB, 121.59 W, 72
2026/09/14 21:58:37.006, 100 %, 0 %, 15834 MiB, 16384 MiB, 119.14 W, 72
2026/09/14 21:58:38.009, 100 %, 9 %, 15834 MiB, 16384 MiB, 135.71 W, 72
2026/09/14 21:58:39.011, 100 %, 44 %, 15834 MiB, 16384 MiB, 213.03 W, 74
2026/09/14 21:58:40.016, 100 %, 0 %, 15834 MiB, 16384 MiB, 121.50 W, 72
2026/09/14 21:58:41.018, 100 %, 0 %, 15834 MiB, 16384 MiB, 120.79 W, 72
2026/09/14 21:58:42.020, 100 %, 9 %, 15834 MiB, 16384 MiB, 116.09 W, 72
2026/09/14 21:58:43.023, 100 %, 59 %, 15834 MiB, 16384 MiB, 204.63 W, 75
2026/09/14 21:58:44.026, 100 %, 0 %, 15834 MiB, 16384 MiB, 121.57 W, 72
2026/09/14 21:58:45.028, 22 %, 9 %, 15834 MiB, 16384 MiB, 137.38 W, 72
2026/09/14 21:58:46.032, 100 %, 35 %, 15834 MiB, 16384 MiB, 253.74 W, 74
2026/09/14 21:58:47.037, 100 %, 0 %, 15834 MiB, 16384 MiB, 118.49 W, 72
2026/09/14 21:58:48.040, 42 %, 37 %, 15834 MiB, 16384 MiB, 113.59 W, 71
2026/09/14 21:58:49.042, 100 %, 0 %, 15834 MiB, 16384 MiB, 121.24 W, 72
2026/09/14 21:58:50.044, 1 %, 2 %, 15834 MiB, 16384 MiB, 65.02 W, 70
2026/09/14 21:58:51.047, 100 %, 0 %, 15834 MiB, 16384 MiB, 122.06 W, 72
2026/09/14 21:58:52.049, 58 %, 6 %, 15834 MiB, 16384 MiB, 128.69 W, 71
2026/09/14 21:58:53.052, 100 %, 63 %, 15834 MiB, 16384 MiB, 255.73 W, 74
2026/09/14 21:58:54.057, 100 %, 0 %, 15834 MiB, 16384 MiB, 121.74 W, 72
2026/09/14 21:58:55.060, 5 %, 6 %, 15834 MiB, 16384 MiB, 62.59 W, 70
2026/09/14 21:58:56.062, 100 %, 0 %, 15834 MiB, 16384 MiB, 121.51 W, 72
2026/09/14 21:58:57.065, 1 %, 2 %, 15834 MiB, 16384 MiB, 65.40 W, 70
2026/09/14 21:58:58.067, 100 %, 0 %, 15834 MiB, 16384 MiB, 121.81 W, 74
2026/09/14 21:58:59.070, 100 %, 4 %, 15834 MiB, 16384 MiB, 115.85 W, 71
2026/09/14 21:59:00.072, 85 %, 76 %, 15834 MiB, 16384 MiB, 204.40 W, 71
2026/09/14 21:59:01.076, 100 %, 0 %, 15834 MiB, 16384 MiB, 118.83 W, 71
2026/09/14 21:59:02.078, 1 %, 2 %, 15834 MiB, 16384 MiB, 65.89 W, 70
2026/09/14 21:59:03.080, 100 %, 0 %, 15834 MiB, 16384 MiB, 121.81 W, 71
2026/09/14 21:59:04.083, 2 %, 3 %, 15834 MiB, 16384 MiB, 61.02 W, 69
2026/09/14 21:59:05.085, 100 %, 0 %, 15834 MiB, 16384 MiB, 121.55 W, 71
2026/09/14 21:59:06.087, 6 %, 5 %, 15834 MiB, 16384 MiB, 112.84 W, 71
2026/09/14 21:59:07.090, 100 %, 15 %, 15834 MiB, 16384 MiB, 200.62 W, 71
2026/09/14 21:59:08.094, 100 %, 0 %, 15834 MiB, 16384 MiB, 121.77 W, 71
2026/09/14 21:59:09.097, 48 %, 43 %, 15834 MiB, 16384 MiB, 65.10 W, 70
2026/09/14 21:59:10.099, 100 %, 0 %, 15834 MiB, 16384 MiB, 121.64 W, 71
2026/09/14 21:59:11.101, 1 %, 2 %, 15834 MiB, 16384 MiB, 64.99 W, 69
2026/09/14 21:59:12.104, 100 %, 0 %, 15834 MiB, 16384 MiB, 121.57 W, 74
2026/09/14 21:59:13.106, 39 %, 9 %, 15834 MiB, 16384 MiB, 117.22 W, 71
2026/09/14 21:59:14.109, 100 %, 52 %, 15834 MiB, 16384 MiB, 138.63 W, 70
2026/09/14 21:59:15.112, 100 %, 0 %, 15834 MiB, 16384 MiB, 120.49 W, 71
2026/09/14 21:59:16.115, 9 %, 9 %, 15834 MiB, 16384 MiB, 64.29 W, 69
2026/09/14 21:59:17.117, 100 %, 0 %, 15834 MiB, 16384 MiB, 121.12 W, 71
2026/09/14 21:59:18.120, 1 %, 2 %, 15834 MiB, 16384 MiB, 132.41 W, 70
2026/09/14 21:59:19.122, 100 %, 0 %, 15834 MiB, 16384 MiB, 248.58 W, 73
2026/09/14 21:59:20.125, 97 %, 7 %, 15834 MiB, 16384 MiB, 118.27 W, 71
2026/09/14 21:59:21.127, 96 %, 82 %, 15834 MiB, 16384 MiB, 62.62 W, 70
2026/09/14 21:59:22.130, 100 %, 0 %, 15834 MiB, 16384 MiB, 121.16 W, 71
2026/09/14 21:59:23.133, 1 %, 2 %, 15834 MiB, 16384 MiB, 65.89 W, 69
2026/09/14 21:59:24.135, 100 %, 0 %, 15834 MiB, 16384 MiB, 121.49 W, 71
2026/09/14 21:59:25.137, 1 %, 2 %, 15834 MiB, 16384 MiB, 118.66 W, 70
2026/09/14 21:59:26.140, 100 %, 5 %, 15834 MiB, 16384 MiB, 230.93 W, 73
2026/09/14 21:59:27.144, 100 %, 0 %, 15834 MiB, 16384 MiB, 118.03 W, 70
2026/09/14 21:59:28.146, 59 %, 51 %, 15834 MiB, 16384 MiB, 61.59 W, 69
2026/09/14 21:59:29.149, 100 %, 0 %, 15834 MiB, 16384 MiB, 121.38 W, 71
2026/09/14 21:59:30.151, 1 %, 2 %, 15834 MiB, 16384 MiB, 64.16 W, 69
2026/09/14 21:59:31.154, 100 %, 0 %, 15834 MiB, 16384 MiB, 121.31 W, 71
2026/09/14 21:59:32.156, 48 %, 8 %, 15834 MiB, 16384 MiB, 115.43 W, 70
2026/09/14 21:59:33.158, 100 %, 59 %, 15834 MiB, 16384 MiB, 204.60 W, 70
2026/09/14 21:59:34.164, 100 %, 0 %, 15834 MiB, 16384 MiB, 119.82 W, 70
2026/09/14 21:59:35.166, 12 %, 12 %, 15834 MiB, 16384 MiB, 64.17 W, 69
2026/09/14 21:59:36.168, 100 %, 0 %, 15834 MiB, 16384 MiB, 121.12 W, 70
2026/09/14 21:59:37.171, 1 %, 2 %, 15834 MiB, 16384 MiB, 64.10 W, 69
2026/09/14 21:59:38.173, 100 %, 0 %, 15834 MiB, 16384 MiB, 121.13 W, 73
2026/09/14 21:59:39.176, 59 %, 7 %, 15834 MiB, 16384 MiB, 112.04 W, 70
2026/09/14 21:59:40.179, 100 %, 66 %, 15834 MiB, 16384 MiB, 203.34 W, 70
2026/09/14 21:59:41.181, 100 %, 0 %, 15834 MiB, 16384 MiB, 118.56 W, 70
2026/09/14 21:59:42.184, 3 %, 4 %, 15834 MiB, 16384 MiB, 64.62 W, 69
2026/09/14 21:59:43.186, 100 %, 0 %, 15834 MiB, 16384 MiB, 121.26 W, 70
2026/09/14 21:59:44.188, 1 %, 3 %, 15834 MiB, 16384 MiB, 65.77 W, 69
2026/09/14 21:59:45.191, 100 %, 0 %, 15834 MiB, 16384 MiB, 121.55 W, 70
2026/09/14 21:59:46.193, 67 %, 8 %, 15834 MiB, 16384 MiB, 113.06 W, 70
2026/09/14 21:59:47.195, 100 %, 73 %, 15834 MiB, 16384 MiB, 192.52 W, 70
2026/09/14 21:59:48.198, 100 %, 0 %, 15834 MiB, 16384 MiB, 118.95 W, 70
2026/09/14 21:59:49.200, 1 %, 2 %, 15834 MiB, 16384 MiB, 64.14 W, 69
2026/09/14 21:59:50.202, 100 %, 0 %, 15834 MiB, 16384 MiB, 121.09 W, 70
2026/09/14 21:59:51.205, 1 %, 2 %, 15834 MiB, 16384 MiB, 68.74 W, 71
2026/09/14 21:59:52.210, 100 %, 0 %, 15834 MiB, 16384 MiB, 198.03 W, 73
2026/09/14 21:59:53.216, 100 %, 0 %, 15834 MiB, 16384 MiB, 118.18 W, 70
2026/09/14 21:59:54.218, 74 %, 67 %, 15834 MiB, 16384 MiB, 60.68 W, 69
2026/09/14 21:59:55.220, 100 %, 0 %, 15834 MiB, 16384 MiB, 121.40 W, 70
2026/09/14 21:59:56.223, 1 %, 2 %, 15834 MiB, 16384 MiB, 63.99 W, 69
2026/09/14 21:59:57.225, 100 %, 0 %, 15834 MiB, 16384 MiB, 121.11 W, 70
2026/09/14 21:59:58.227, 100 %, 8 %, 15834 MiB, 16384 MiB, 69.88 W, 69
2026/09/14 21:59:59.230, 100 %, 9 %, 15834 MiB, 16384 MiB, 64.63 W, 68
2026/09/14 22:00:00.232, 100 %, 6 %, 15834 MiB, 16384 MiB, 69.68 W, 68
2026/09/14 22:00:01.235, 100 %, 6 %, 15834 MiB, 16384 MiB, 69.64 W, 68
2026/09/14 22:00:02.238, 100 %, 6 %, 15834 MiB, 16384 MiB, 69.52 W, 68
2026/09/14 22:00:03.240, 100 %, 9 %, 15834 MiB, 16384 MiB, 65.56 W, 67
2026/09/14 22:00:04.242, 3 %, 4 %, 15834 MiB, 16384 MiB, 62.55 W, 67
2026/09/14 22:00:05.245, 3 %, 4 %, 15834 MiB, 16384 MiB, 67.31 W, 67
2026/09/14 22:00:06.247, 1 %, 2 %, 15834 MiB, 16384 MiB, 50.54 W, 66
2026/09/14 22:00:07.251, 1 %, 2 %, 15834 MiB, 16384 MiB, 50.32 W, 66
2026/09/14 22:00:08.254, 2 %, 3 %, 15834 MiB, 16384 MiB, 50.44 W, 65
2026/09/14 22:00:09.256, 4 %, 4 %, 15834 MiB, 16384 MiB, 50.32 W, 65
2026/09/14 22:00:10.259, 3 %, 4 %, 15834 MiB, 16384 MiB, 53.47 W, 65
2026/09/14 22:00:11.262, 4 %, 5 %, 15834 MiB, 16384 MiB, 50.17 W, 65
2026/09/14 22:00:12.264, 1 %, 2 %, 15834 MiB, 16384 MiB, 50.12 W, 64
2026/09/14 22:00:13.268, 1 %, 2 %, 15834 MiB, 16384 MiB, 49.97 W, 64
2026/09/14 22:00:14.270, 1 %, 2 %, 15834 MiB, 16384 MiB, 49.94 W, 64
2026/09/14 22:00:15.273, 1 %, 2 %, 15834 MiB, 16384 MiB, 49.87 W, 64
2026/09/14 22:00:16.275, 3 %, 4 %, 15834 MiB, 16384 MiB, 53.15 W, 63
2026/09/14 22:00:17.278, 2 %, 3 %, 15834 MiB, 16384 MiB, 50.02 W, 63
2026/09/14 22:00:18.281, 1 %, 2 %, 15834 MiB, 16384 MiB, 50.01 W, 63
2026/09/14 22:00:19.284, 1 %, 2 %, 15834 MiB, 16384 MiB, 49.93 W, 63
2026/09/14 22:00:20.287, 1 %, 2 %, 15834 MiB, 16384 MiB, 50.13 W, 63
2026/09/14 22:00:21.290, 4 %, 4 %, 15834 MiB, 16384 MiB, 49.71 W, 62
2026/09/14 22:00:22.294, 4 %, 4 %, 15834 MiB, 16384 MiB, 52.67 W, 62
2026/09/14 22:00:23.297, 1 %, 2 %, 15834 MiB, 16384 MiB, 49.88 W, 62
2026/09/14 22:00:24.300, 1 %, 2 %, 15834 MiB, 16384 MiB, 50.01 W, 62
2026/09/14 22:00:25.304, 2 %, 3 %, 15834 MiB, 16384 MiB, 49.96 W, 62
2026/09/14 22:00:26.307, 1 %, 2 %, 15834 MiB, 16384 MiB, 49.54 W, 61
2026/09/14 22:00:27.310, 100 %, 6 %, 15834 MiB, 16384 MiB, 67.08 W, 62
2026/09/14 22:00:28.314, 100 %, 6 %, 15834 MiB, 16384 MiB, 66.95 W, 62
2026/09/14 22:00:29.317, 100 %, 9 %, 15834 MiB, 16384 MiB, 61.79 W, 62
2026/09/14 22:00:30.320, 100 %, 6 %, 15834 MiB, 16384 MiB, 66.84 W, 62
2026/09/14 22:00:31.322, 100 %, 6 %, 15834 MiB, 16384 MiB, 66.89 W, 62
2026/09/14 22:00:32.325, 79 %, 8 %, 15834 MiB, 16384 MiB, 66.41 W, 62
2026/09/14 22:00:33.327, 1 %, 2 %, 15834 MiB, 16384 MiB, 61.19 W, 61
2026/09/14 22:00:34.329, 1 %, 2 %, 15834 MiB, 16384 MiB, 48.95 W, 61
2026/09/14 22:00:35.332, 1 %, 2 %, 15834 MiB, 16384 MiB, 48.80 W, 61
2026/09/14 22:00:36.334, 3 %, 4 %, 15834 MiB, 16384 MiB, 48.85 W, 60
2026/09/14 22:00:37.337, 4 %, 4 %, 15834 MiB, 16384 MiB, 52.03 W, 60
2026/09/14 22:00:38.340, 1 %, 2 %, 15834 MiB, 16384 MiB, 49.03 W, 60
2026/09/14 22:00:39.342, 1 %, 2 %, 15834 MiB, 16384 MiB, 48.81 W, 60
2026/09/14 22:00:40.345, 1 %, 2 %, 15834 MiB, 16384 MiB, 48.81 W, 60
2026/09/14 22:00:41.347, 1 %, 2 %, 15834 MiB, 16384 MiB, 48.64 W, 60
2026/09/14 22:00:42.350, 4 %, 4 %, 15834 MiB, 16384 MiB, 51.38 W, 59
2026/09/14 22:00:43.352, 4 %, 4 %, 15834 MiB, 16384 MiB, 48.30 W, 59
2026/09/14 22:00:44.355, 1 %, 2 %, 15834 MiB, 16384 MiB, 48.94 W, 59
2026/09/14 22:00:45.357, 1 %, 2 %, 15834 MiB, 16384 MiB, 48.87 W, 59
2026/09/14 22:00:46.361, 1 %, 2 %, 15834 MiB, 16384 MiB, 48.28 W, 59
2026/09/14 22:00:47.364, 1 %, 2 %, 15834 MiB, 16384 MiB, 48.24 W, 59
2026/09/14 22:00:48.367, 4 %, 4 %, 15834 MiB, 16384 MiB, 47.46 W, 59
2026/09/14 22:00:49.370, 4 %, 4 %, 15834 MiB, 16384 MiB, 51.27 W, 59
2026/09/14 22:00:50.373, 2 %, 3 %, 15834 MiB, 16384 MiB, 48.26 W, 58
2026/09/14 22:00:51.377, 1 %, 2 %, 15834 MiB, 16384 MiB, 47.68 W, 58
2026/09/14 22:00:52.380, 1 %, 2 %, 15834 MiB, 16384 MiB, 47.92 W, 58
2026/09/14 22:00:53.383, 4 %, 5 %, 15834 MiB, 16384 MiB, 47.60 W, 58
2026/09/14 22:00:54.387, 4 %, 4 %, 15834 MiB, 16384 MiB, 50.44 W, 58
2026/09/14 22:00:55.390, 24 %, 9 %, 15834 MiB, 16384 MiB, 51.24 W, 58
2026/09/14 22:00:56.394, 100 %, 8 %, 15834 MiB, 16384 MiB, 60.82 W, 59
2026/09/14 22:00:57.397, 100 %, 6 %, 15834 MiB, 16384 MiB, 65.90 W, 59
2026/09/14 22:00:58.401, 100 %, 6 %, 15834 MiB, 16384 MiB, 65.96 W, 59
2026/09/14 22:00:59.404, 100 %, 9 %, 15834 MiB, 16384 MiB, 60.83 W, 59
2026/09/14 22:01:00.407, 100 %, 6 %, 15834 MiB, 16384 MiB, 66.11 W, 59
2026/09/14 22:01:01.410, 1 %, 2 %, 15834 MiB, 16384 MiB, 60.65 W, 59
2026/09/14 22:01:02.414, 1 %, 2 %, 15834 MiB, 16384 MiB, 60.60 W, 59
2026/09/14 22:01:03.417, 4 %, 4 %, 15834 MiB, 16384 MiB, 47.18 W, 58
2026/09/14 22:01:04.421, 4 %, 5 %, 15834 MiB, 16384 MiB, 50.99 W, 58
2026/09/14 22:01:05.425, 1 %, 2 %, 15834 MiB, 16384 MiB, 48.12 W, 58
2026/09/14 22:01:06.428, 2 %, 3 %, 15834 MiB, 16384 MiB, 48.19 W, 58
2026/09/14 22:01:07.432, 2 %, 3 %, 15834 MiB, 16384 MiB, 47.58 W, 57
2026/09/14 22:01:08.435, 1 %, 2 %, 15834 MiB, 16384 MiB, 47.62 W, 57
2026/09/14 22:01:09.438, 3 %, 4 %, 15834 MiB, 16384 MiB, 49.85 W, 57
2026/09/14 22:01:10.441, 4 %, 5 %, 15834 MiB, 16384 MiB, 50.82 W, 57
2026/09/14 22:01:11.444, 1 %, 2 %, 15834 MiB, 16384 MiB, 47.45 W, 57
2026/09/14 22:01:12.448, 1 %, 2 %, 15834 MiB, 16384 MiB, 47.46 W, 57
2026/09/14 22:01:13.451, 1 %, 2 %, 15834 MiB, 16384 MiB, 47.19 W, 57
2026/09/14 22:01:14.454, 1 %, 2 %, 15834 MiB, 16384 MiB, 47.10 W, 57
2026/09/14 22:01:15.457, 3 %, 4 %, 15834 MiB, 16384 MiB, 49.79 W, 57
2026/09/14 22:01:16.460, 4 %, 4 %, 15834 MiB, 16384 MiB, 47.85 W, 57
2026/09/14 22:01:17.464, 2 %, 3 %, 15834 MiB, 16384 MiB, 47.44 W, 57
2026/09/14 22:01:18.467, 2 %, 3 %, 15834 MiB, 16384 MiB, 47.40 W, 57
2026/09/14 22:01:19.470, 2 %, 3 %, 15834 MiB, 16384 MiB, 47.20 W, 57
2026/09/14 22:01:20.473, 4 %, 4 %, 15834 MiB, 16384 MiB, 48.70 W, 57
2026/09/14 22:01:21.476, 3 %, 4 %, 15834 MiB, 16384 MiB, 49.94 W, 57
2026/09/14 22:01:22.480, 1 %, 2 %, 15834 MiB, 16384 MiB, 47.04 W, 57
2026/09/14 22:01:23.484, 1 %, 2 %, 15834 MiB, 16384 MiB, 47.29 W, 56
2026/09/14 22:01:24.487, 100 %, 9 %, 15834 MiB, 16384 MiB, 65.36 W, 57
2026/09/14 22:01:25.491, 100 %, 9 %, 15834 MiB, 16384 MiB, 61.56 W, 57
2026/09/14 22:01:26.494, 100 %, 6 %, 15834 MiB, 16384 MiB, 66.71 W, 58
2026/09/14 22:01:27.497, 100 %, 6 %, 15834 MiB, 16384 MiB, 65.57 W, 57
2026/09/14 22:01:28.500, 100 %, 9 %, 15834 MiB, 16384 MiB, 60.31 W, 57
2026/09/14 22:01:29.504, 100 %, 6 %, 15834 MiB, 16384 MiB, 64.86 W, 58
2026/09/14 22:01:30.506, 3 %, 4 %, 15834 MiB, 16384 MiB, 64.69 W, 57
2026/09/14 22:01:31.510, 3 %, 4 %, 15834 MiB, 16384 MiB, 60.09 W, 57
2026/09/14 22:01:32.513, 1 %, 2 %, 15834 MiB, 16384 MiB, 47.36 W, 57
2026/09/14 22:01:33.516, 1 %, 2 %, 15834 MiB, 16384 MiB, 47.22 W, 57
2026/09/14 22:01:34.520, 2 %, 3 %, 15834 MiB, 16384 MiB, 47.33 W, 57
2026/09/14 22:01:35.523, 4 %, 4 %, 15834 MiB, 16384 MiB, 46.34 W, 56
2026/09/14 22:01:36.526, 4 %, 4 %, 15834 MiB, 16384 MiB, 49.93 W, 56
2026/09/14 22:01:37.529, 1 %, 2 %, 15834 MiB, 16384 MiB, 46.87 W, 56
2026/09/14 22:01:38.532, 1 %, 2 %, 15834 MiB, 16384 MiB, 46.89 W, 56
2026/09/14 22:01:39.536, 1 %, 2 %, 15834 MiB, 16384 MiB, 47.11 W, 56
2026/09/14 22:01:40.539, 3 %, 4 %, 15834 MiB, 16384 MiB, 46.33 W, 56
2026/09/14 22:01:41.542, 4 %, 4 %, 15834 MiB, 16384 MiB, 50.13 W, 56
2026/09/14 22:01:42.545, 1 %, 2 %, 15834 MiB, 16384 MiB, 47.01 W, 56
2026/09/14 22:01:43.548, 1 %, 2 %, 15834 MiB, 16384 MiB, 47.22 W, 56
2026/09/14 22:01:44.551, 1 %, 2 %, 15834 MiB, 16384 MiB, 46.80 W, 56
2026/09/14 22:01:45.555, 1 %, 2 %, 15834 MiB, 16384 MiB, 47.35 W, 56
2026/09/14 22:01:46.558, 4 %, 4 %, 15834 MiB, 16384 MiB, 50.08 W, 56
2026/09/14 22:01:47.561, 2 %, 3 %, 15834 MiB, 16384 MiB, 47.03 W, 56
2026/09/14 22:01:48.564, 2 %, 3 %, 15834 MiB, 16384 MiB, 46.82 W, 56
2026/09/14 22:01:49.567, 1 %, 3 %, 15834 MiB, 16384 MiB, 46.91 W, 56
2026/09/14 22:01:50.571, 1 %, 2 %, 15834 MiB, 16384 MiB, 46.94 W, 56
2026/09/14 22:01:51.574, 4 %, 4 %, 15834 MiB, 16384 MiB, 46.33 W, 56
2026/09/14 22:01:52.577, 4 %, 4 %, 15834 MiB, 16384 MiB, 49.78 W, 56
2026/09/14 22:01:53.580, 100 %, 7 %, 15834 MiB, 16384 MiB, 65.29 W, 56
2026/09/14 22:01:54.584, 100 %, 9 %, 15834 MiB, 16384 MiB, 60.08 W, 57
2026/09/14 22:01:55.587, 100 %, 6 %, 15834 MiB, 16384 MiB, 65.42 W, 57
2026/09/14 22:01:56.591, 100 %, 6 %, 15834 MiB, 16384 MiB, 65.48 W, 57
2026/09/14 22:01:57.594, 100 %, 9 %, 15834 MiB, 16384 MiB, 65.32 W, 57
2026/09/14 22:01:58.598, 100 %, 6 %, 15834 MiB, 16384 MiB, 60.21 W, 57
2026/09/14 22:01:59.601, 1 %, 2 %, 15834 MiB, 16384 MiB, 60.19 W, 57
2026/09/14 22:02:00.604, 3 %, 4 %, 15834 MiB, 16384 MiB, 59.22 W, 56
2026/09/14 22:02:01.608, 4 %, 4 %, 15834 MiB, 16384 MiB, 50.15 W, 56
2026/09/14 22:02:02.611, 1 %, 2 %, 15834 MiB, 16384 MiB, 47.03 W, 56
2026/09/14 22:02:03.614, 2 %, 3 %, 15834 MiB, 16384 MiB, 46.86 W, 56
2026/09/14 22:02:04.617, 4 %, 4 %, 15834 MiB, 16384 MiB, 46.16 W, 56
2026/09/14 22:02:05.621, 4 %, 5 %, 15834 MiB, 16384 MiB, 50.12 W, 56
2026/09/14 22:02:06.624, 1 %, 2 %, 15834 MiB, 16384 MiB, 47.43 W, 56
2026/09/14 22:02:07.627, 1 %, 2 %, 15834 MiB, 16384 MiB, 46.87 W, 56
2026/09/14 22:02:08.630, 1 %, 2 %, 15834 MiB, 16384 MiB, 47.77 W, 56
2026/09/14 22:02:09.634, 3 %, 4 %, 15834 MiB, 16384 MiB, 46.98 W, 56
2026/09/14 22:02:10.637, 1 %, 2 %, 15834 MiB, 16384 MiB, 49.44 W, 56
2026/09/14 22:02:11.640, 1 %, 2 %, 15834 MiB, 16384 MiB, 47.10 W, 56
2026/09/14 22:02:12.643, 1 %, 2 %, 15834 MiB, 16384 MiB, 46.98 W, 55
2026/09/14 22:02:13.645, 1 %, 1 %, 15834 MiB, 16384 MiB, 46.08 W, 55
2026/09/14 22:02:14.648, 3 %, 4 %, 15834 MiB, 16384 MiB, 48.56 W, 55
2026/09/14 22:02:15.650, 2 %, 3 %, 15834 MiB, 16384 MiB, 46.33 W, 55
2026/09/14 22:02:16.653, 2 %, 3 %, 15834 MiB, 16384 MiB, 46.61 W, 55
2026/09/14 22:02:17.656, 2 %, 3 %, 15834 MiB, 16384 MiB, 46.29 W, 55
2026/09/14 22:02:18.658, 4 %, 4 %, 15834 MiB, 16384 MiB, 46.17 W, 55
2026/09/14 22:02:19.661, 3 %, 4 %, 15834 MiB, 16384 MiB, 48.57 W, 55
2026/09/14 22:02:20.663, 1 %, 2 %, 15834 MiB, 16384 MiB, 46.51 W, 55
2026/09/14 22:02:21.666, 1 %, 2 %, 15834 MiB, 16384 MiB, 46.26 W, 55
2026/09/14 22:02:22.669, 100 %, 7 %, 15834 MiB, 16384 MiB, 50.18 W, 56
2026/09/14 22:02:23.671, 100 %, 9 %, 15834 MiB, 16384 MiB, 60.17 W, 56
2026/09/14 22:02:24.673, 100 %, 6 %, 15834 MiB, 16384 MiB, 65.66 W, 56
2026/09/14 22:02:25.676, 100 %, 6 %, 15834 MiB, 16384 MiB, 65.82 W, 57
2026/09/14 22:02:26.678, 100 %, 9 %, 15834 MiB, 16384 MiB, 66.85 W, 56
2026/09/14 22:02:27.681, 100 %, 7 %, 15834 MiB, 16384 MiB, 61.51 W, 57
2026/09/14 22:02:28.683, 1 %, 2 %, 15834 MiB, 16384 MiB, 60.33 W, 57
2026/09/14 22:02:29.685, 1 %, 2 %, 15834 MiB, 16384 MiB, 60.46 W, 56
2026/09/14 22:02:30.688, 1 %, 2 %, 15834 MiB, 16384 MiB, 46.40 W, 56
2026/09/14 22:02:31.690, 4 %, 4 %, 15834 MiB, 16384 MiB, 46.49 W, 56
2026/09/14 22:02:32.693, 4 %, 4 %, 15834 MiB, 16384 MiB, 49.43 W, 56
2026/09/14 22:02:33.696, 4 %, 5 %, 15834 MiB, 16384 MiB, 46.06 W, 56
2026/09/14 22:02:34.698, 2 %, 3 %, 15834 MiB, 16384 MiB, 46.31 W, 56
2026/09/14 22:02:35.701, 1 %, 2 %, 15834 MiB, 16384 MiB, 46.14 W, 56
2026/09/14 22:02:36.703, 1 %, 2 %, 15834 MiB, 16384 MiB, 46.25 W, 55
2026/09/14 22:02:37.706, 4 %, 4 %, 15834 MiB, 16384 MiB, 46.20 W, 55
2026/09/14 22:02:38.708, 3 %, 4 %, 15834 MiB, 16384 MiB, 44.87 W, 55
2026/09/14 22:02:39.711, 4 %, 5 %, 15834 MiB, 16384 MiB, 46.67 W, 55
2026/09/14 22:02:40.714, 1 %, 2 %, 15834 MiB, 16384 MiB, 46.03 W, 55
2026/09/14 22:02:41.717, 1 %, 2 %, 15834 MiB, 16384 MiB, 46.03 W, 55
2026/09/14 22:02:42.720, 1 %, 2 %, 15834 MiB, 16384 MiB, 46.03 W, 55
2026/09/14 22:02:43.723, 3 %, 4 %, 15834 MiB, 16384 MiB, 45.60 W, 55
2026/09/14 22:02:44.726, 4 %, 4 %, 15834 MiB, 16384 MiB, 48.48 W, 55
2026/09/14 22:02:45.729, 2 %, 3 %, 15834 MiB, 16384 MiB, 46.15 W, 55
2026/09/14 22:02:46.732, 2 %, 3 %, 15834 MiB, 16384 MiB, 46.33 W, 55
2026/09/14 22:02:47.735, 2 %, 3 %, 15834 MiB, 16384 MiB, 46.88 W, 55
2026/09/14 22:02:48.739, 4 %, 4 %, 15834 MiB, 16384 MiB, 46.48 W, 55
2026/09/14 22:02:49.742, 3 %, 4 %, 15834 MiB, 16384 MiB, 48.22 W, 55
2026/09/14 22:02:50.745, 1 %, 2 %, 15834 MiB, 16384 MiB, 45.94 W, 55
2026/09/14 22:02:51.750, 100 %, 6 %, 15834 MiB, 16384 MiB, 66.12 W, 56
2026/09/14 22:02:52.752, 100 %, 9 %, 15834 MiB, 16384 MiB, 66.20 W, 56
2026/09/14 22:02:53.755, 100 %, 6 %, 15834 MiB, 16384 MiB, 60.13 W, 56
2026/09/14 22:02:54.758, 100 %, 6 %, 15834 MiB, 16384 MiB, 66.54 W, 57
2026/09/14 22:02:55.762, 100 %, 6 %, 15834 MiB, 16384 MiB, 66.44 W, 56
2026/09/14 22:02:56.765, 100 %, 9 %, 15834 MiB, 16384 MiB, 66.39 W, 56
2026/09/14 22:02:57.769, 3 %, 4 %, 15834 MiB, 16384 MiB, 60.08 W, 56
2026/09/14 22:02:58.772, 3 %, 4 %, 15834 MiB, 16384 MiB, 65.57 W, 56
2026/09/14 22:02:59.776, 1 %, 3 %, 15834 MiB, 16384 MiB, 46.54 W, 56
2026/09/14 22:03:00.779, 1 %, 2 %, 15834 MiB, 16384 MiB, 46.69 W, 56
2026/09/14 22:03:01.782, 2 %, 3 %, 15834 MiB, 16384 MiB, 46.59 W, 56
2026/09/14 22:03:02.786, 1 %, 2 %, 15834 MiB, 16384 MiB, 46.66 W, 56
2026/09/14 22:03:03.789, 3 %, 4 %, 15834 MiB, 16384 MiB, 48.99 W, 56
2026/09/14 22:03:04.792, 3 %, 4 %, 15834 MiB, 16384 MiB, 46.37 W, 56
2026/09/14 22:03:05.796, 1 %, 2 %, 15834 MiB, 16384 MiB, 46.41 W, 56
2026/09/14 22:03:06.800, 1 %, 2 %, 15834 MiB, 16384 MiB, 46.49 W, 55
2026/09/14 22:03:07.803, 1 %, 2 %, 15834 MiB, 16384 MiB, 46.79 W, 55
2026/09/14 22:03:08.806, 3 %, 4 %, 15834 MiB, 16384 MiB, 46.47 W, 55
2026/09/14 22:03:09.808, 3 %, 4 %, 15834 MiB, 16384 MiB, 48.79 W, 55
2026/09/14 22:03:10.812, 3 %, 5 %, 15834 MiB, 16384 MiB, 46.02 W, 55
2026/09/14 22:03:11.815, 1 %, 2 %, 15834 MiB, 16384 MiB, 46.06 W, 55
2026/09/14 22:03:12.818, 1 %, 2 %, 15834 MiB, 16384 MiB, 45.63 W, 55
2026/09/14 22:03:13.821, 2 %, 3 %, 15834 MiB, 16384 MiB, 45.79 W, 55
2026/09/14 22:03:14.825, 3 %, 4 %, 15834 MiB, 16384 MiB, 46.21 W, 55
2026/09/14 22:03:15.828, 3 %, 4 %, 15834 MiB, 16384 MiB, 45.41 W, 55
2026/09/14 22:03:16.831, 1 %, 2 %, 15834 MiB, 16384 MiB, 48.75 W, 55
2026/09/14 22:03:17.835, 1 %, 2 %, 15834 MiB, 16384 MiB, 46.00 W, 55
2026/09/14 22:03:18.838, 2 %, 3 %, 15834 MiB, 16384 MiB, 46.14 W, 55
2026/09/14 22:03:19.842, 1 %, 2 %, 15834 MiB, 16384 MiB, 45.95 W, 55
2026/09/14 22:03:20.845, 100 %, 0 %, 15834 MiB, 16384 MiB, 119.08 W, 58
2026/09/14 22:03:21.848, 100 %, 0 %, 15834 MiB, 16384 MiB, 112.96 W, 58
2026/09/14 22:03:22.851, 100 %, 47 %, 15834 MiB, 16384 MiB, 84.11 W, 60
2026/09/14 22:03:23.853, 100 %, 1 %, 15834 MiB, 16384 MiB, 118.02 W, 62
2026/09/14 22:03:24.856, 100 %, 0 %, 15834 MiB, 16384 MiB, 118.40 W, 60
2026/09/14 22:03:25.858, 100 %, 0 %, 15834 MiB, 16384 MiB, 117.44 W, 60
2026/09/14 22:03:26.862, 100 %, 22 %, 15834 MiB, 16384 MiB, 90.75 W, 60
2026/09/14 22:03:27.864, 100 %, 32 %, 15834 MiB, 16384 MiB, 229.00 W, 63
2026/09/14 22:03:28.867, 100 %, 0 %, 15834 MiB, 16384 MiB, 118.93 W, 61
2026/09/14 22:03:29.869, 100 %, 0 %, 15834 MiB, 16384 MiB, 116.14 W, 61
2026/09/14 22:03:30.872, 100 %, 7 %, 15834 MiB, 16384 MiB, 127.49 W, 61
2026/09/14 22:03:31.874, 100 %, 75 %, 15834 MiB, 16384 MiB, 205.42 W, 63
2026/09/14 22:03:32.877, 100 %, 0 %, 15834 MiB, 16384 MiB, 119.80 W, 62
2026/09/14 22:03:33.879, 100 %, 0 %, 15834 MiB, 16384 MiB, 119.91 W, 62
2026/09/14 22:03:34.881, 100 %, 2 %, 15834 MiB, 16384 MiB, 111.45 W, 62
2026/09/14 22:03:35.884, 100 %, 66 %, 15834 MiB, 16384 MiB, 136.44 W, 62
2026/09/14 22:03:36.886, 100 %, 0 %, 15834 MiB, 16384 MiB, 118.41 W, 63
2026/09/14 22:03:37.888, 100 %, 0 %, 15834 MiB, 16384 MiB, 118.54 W, 63
2026/09/14 22:03:38.891, 100 %, 0 %, 15834 MiB, 16384 MiB, 116.13 W, 64
2026/09/14 22:03:39.893, 100 %, 37 %, 15834 MiB, 16384 MiB, 59.73 W, 63
2026/09/14 22:03:40.896, 100 %, 6 %, 15834 MiB, 16384 MiB, 123.38 W, 68
2026/09/14 22:03:41.900, 100 %, 0 %, 15834 MiB, 16384 MiB, 119.45 W, 64
2026/09/14 22:03:42.902, 100 %, 0 %, 15834 MiB, 16384 MiB, 116.66 W, 65
2026/09/14 22:03:43.906, 100 %, 20 %, 15834 MiB, 16384 MiB, 113.27 W, 65
2026/09/14 22:03:44.908, 100 %, 36 %, 15834 MiB, 16384 MiB, 235.07 W, 68
2026/09/14 22:03:45.910, 100 %, 0 %, 15834 MiB, 16384 MiB, 119.87 W, 65
2026/09/14 22:03:46.913, 100 %, 1 %, 15834 MiB, 16384 MiB, 120.14 W, 66
2026/09/14 22:03:47.915, 100 %, 66 %, 15834 MiB, 16384 MiB, 143.68 W, 66
2026/09/14 22:03:48.921, 100 %, 0 %, 15834 MiB, 16384 MiB, 221.23 W, 68
2026/09/14 22:03:49.928, 100 %, 0 %, 15834 MiB, 16384 MiB, 121.01 W, 66
2026/09/14 22:03:50.930, 100 %, 0 %, 15834 MiB, 16384 MiB, 120.58 W, 66
2026/09/14 22:03:51.932, 100 %, 44 %, 15834 MiB, 16384 MiB, 109.23 W, 66
2026/09/14 22:03:52.934, 100 %, 1 %, 15834 MiB, 16384 MiB, 243.88 W, 69
2026/09/14 22:03:53.939, 100 %, 0 %, 15834 MiB, 16384 MiB, 121.24 W, 67
2026/09/14 22:03:54.941, 100 %, 0 %, 15834 MiB, 16384 MiB, 119.23 W, 67
2026/09/14 22:03:55.945, 100 %, 19 %, 15834 MiB, 16384 MiB, 107.77 W, 67
2026/09/14 22:03:56.947, 100 %, 37 %, 15834 MiB, 16384 MiB, 207.32 W, 67
2026/09/14 22:03:57.950, 100 %, 0 %, 15834 MiB, 16384 MiB, 121.88 W, 68
2026/09/14 22:03:58.952, 100 %, 0 %, 15834 MiB, 16384 MiB, 121.57 W, 68
2026/09/14 22:03:59.954, 100 %, 9 %, 15834 MiB, 16384 MiB, 115.16 W, 68
2026/09/14 22:04:00.957, 100 %, 64 %, 15834 MiB, 16384 MiB, 169.96 W, 67
2026/09/14 22:04:01.959, 100 %, 0 %, 15834 MiB, 16384 MiB, 122.27 W, 68
2026/09/14 22:04:02.961, 100 %, 0 %, 15834 MiB, 16384 MiB, 120.41 W, 68
2026/09/14 22:04:03.964, 100 %, 7 %, 15834 MiB, 16384 MiB, 117.84 W, 69
2026/09/14 22:04:04.966, 100 %, 86 %, 15834 MiB, 16384 MiB, 86.17 W, 68
2026/09/14 22:04:05.968, 100 %, 0 %, 15834 MiB, 16384 MiB, 120.98 W, 72
2026/09/14 22:04:06.971, 100 %, 0 %, 15834 MiB, 16384 MiB, 120.46 W, 69
2026/09/14 22:04:07.973, 100 %, 3 %, 15834 MiB, 16384 MiB, 117.17 W, 69
2026/09/14 22:04:08.975, 100 %, 71 %, 15834 MiB, 16384 MiB, 63.70 W, 70
2026/09/14 22:04:09.979, 100 %, 0 %, 15834 MiB, 16384 MiB, 162.70 W, 72
2026/09/14 22:04:10.984, 87 %, 6 %, 15834 MiB, 16384 MiB, 117.60 W, 69
2026/09/14 22:04:11.986, 100 %, 86 %, 15834 MiB, 16384 MiB, 80.00 W, 68
2026/09/14 22:04:12.989, 100 %, 0 %, 15834 MiB, 16384 MiB, 120.14 W, 69
2026/09/14 22:04:13.991, 1 %, 2 %, 15834 MiB, 16384 MiB, 63.59 W, 68
2026/09/14 22:04:14.993, 100 %, 0 %, 15834 MiB, 16384 MiB, 121.57 W, 70
2026/09/14 22:04:15.996, 1 %, 2 %, 15834 MiB, 16384 MiB, 135.85 W, 69
2026/09/14 22:04:17.000, 100 %, 4 %, 15834 MiB, 16384 MiB, 255.78 W, 72
2026/09/14 22:04:18.005, 100 %, 0 %, 15834 MiB, 16384 MiB, 117.77 W, 69
2026/09/14 22:04:19.007, 71 %, 63 %, 15834 MiB, 16384 MiB, 62.12 W, 68
2026/09/14 22:04:20.010, 100 %, 0 %, 15834 MiB, 16384 MiB, 120.93 W, 70
2026/09/14 22:04:21.012, 1 %, 2 %, 15834 MiB, 16384 MiB, 63.92 W, 68
2026/09/14 22:04:22.014, 100 %, 0 %, 15834 MiB, 16384 MiB, 121.31 W, 70
2026/09/14 22:04:23.017, 37 %, 8 %, 15834 MiB, 16384 MiB, 111.31 W, 69
2026/09/14 22:04:24.022, 100 %, 49 %, 15834 MiB, 16384 MiB, 204.21 W, 72
2026/09/14 22:04:25.028, 100 %, 0 %, 15834 MiB, 16384 MiB, 121.98 W, 70
2026/09/14 22:04:26.030, 15 %, 13 %, 15834 MiB, 16384 MiB, 62.30 W, 68
2026/09/14 22:04:27.033, 100 %, 0 %, 15834 MiB, 16384 MiB, 121.81 W, 70
2026/09/14 22:04:28.035, 1 %, 2 %, 15834 MiB, 16384 MiB, 65.61 W, 68
2026/09/14 22:04:29.038, 100 %, 0 %, 15834 MiB, 16384 MiB, 121.81 W, 70
2026/09/14 22:04:30.040, 69 %, 7 %, 15834 MiB, 16384 MiB, 118.54 W, 70
2026/09/14 22:04:31.042, 100 %, 78 %, 15834 MiB, 16384 MiB, 205.40 W, 70
2026/09/14 22:04:32.052, 100 %, 0 %, 15834 MiB, 16384 MiB, 119.55 W, 70
2026/09/14 22:04:33.054, 1 %, 2 %, 15834 MiB, 16384 MiB, 63.72 W, 68
2026/09/14 22:04:34.057, 100 %, 0 %, 15834 MiB, 16384 MiB, 121.73 W, 70
2026/09/14 22:04:35.059, 1 %, 2 %, 15834 MiB, 16384 MiB, 64.43 W, 69
2026/09/14 22:04:36.062, 100 %, 6 %, 15834 MiB, 16384 MiB, 147.16 W, 72
2026/09/14 22:04:37.064, 100 %, 0 %, 15834 MiB, 16384 MiB, 117.19 W, 70
2026/09/14 22:04:38.067, 61 %, 52 %, 15834 MiB, 16384 MiB, 101.56 W, 69
2026/09/14 22:04:39.069, 100 %, 0 %, 15834 MiB, 16384 MiB, 121.17 W, 70
2026/09/14 22:04:40.071, 1 %, 2 %, 15834 MiB, 16384 MiB, 64.05 W, 68
2026/09/14 22:04:41.074, 100 %, 0 %, 15834 MiB, 16384 MiB, 121.78 W, 70
2026/09/14 22:04:42.076, 45 %, 7 %, 15834 MiB, 16384 MiB, 147.74 W, 70
2026/09/14 22:04:43.079, 100 %, 52 %, 15834 MiB, 16384 MiB, 239.40 W, 72
2026/09/14 22:04:44.082, 100 %, 0 %, 15834 MiB, 16384 MiB, 118.79 W, 70
2026/09/14 22:04:45.084, 20 %, 18 %, 15834 MiB, 16384 MiB, 62.51 W, 69
2026/09/14 22:04:46.087, 100 %, 0 %, 15834 MiB, 16384 MiB, 121.98 W, 70
2026/09/14 22:04:47.089, 1 %, 2 %, 15834 MiB, 16384 MiB, 64.26 W, 68
2026/09/14 22:04:48.092, 100 %, 0 %, 15834 MiB, 16384 MiB, 121.91 W, 70
2026/09/14 22:04:49.095, 73 %, 7 %, 15834 MiB, 16384 MiB, 114.40 W, 70
2026/09/14 22:04:50.097, 100 %, 77 %, 15834 MiB, 16384 MiB, 207.75 W, 72
2026/09/14 22:04:51.100, 100 %, 0 %, 15834 MiB, 16384 MiB, 119.41 W, 70
2026/09/14 22:04:52.102, 1 %, 2 %, 15834 MiB, 16384 MiB, 64.42 W, 69
2026/09/14 22:04:53.105, 100 %, 0 %, 15834 MiB, 16384 MiB, 122.09 W, 70
2026/09/14 22:04:54.107, 1 %, 2 %, 15834 MiB, 16384 MiB, 64.72 W, 68
2026/09/14 22:04:55.110, 100 %, 0 %, 15834 MiB, 16384 MiB, 122.41 W, 70
2026/09/14 22:04:56.113, 100 %, 3 %, 15834 MiB, 16384 MiB, 116.64 W, 70
2026/09/14 22:04:57.116, 83 %, 76 %, 15834 MiB, 16384 MiB, 158.51 W, 70
2026/09/14 22:04:58.118, 100 %, 0 %, 15834 MiB, 16384 MiB, 120.81 W, 70
2026/09/14 22:04:59.120, 1 %, 2 %, 15834 MiB, 16384 MiB, 64.51 W, 69
2026/09/14 22:05:00.123, 100 %, 0 %, 15834 MiB, 16384 MiB, 122.70 W, 70
2026/09/14 22:05:01.125, 2 %, 3 %, 15834 MiB, 16384 MiB, 63.92 W, 69
2026/09/14 22:05:02.127, 100 %, 6 %, 15834 MiB, 16384 MiB, 159.08 W, 73
2026/09/14 22:05:03.130, 100 %, 0 %, 15834 MiB, 16384 MiB, 121.59 W, 70
2026/09/14 22:05:04.132, 100 %, 37 %, 15834 MiB, 16384 MiB, 116.40 W, 70
2026/09/14 22:05:05.134, 100 %, 0 %, 15834 MiB, 16384 MiB, 119.60 W, 70
2026/09/14 22:05:06.137, 48 %, 41 %, 15834 MiB, 16384 MiB, 64.23 W, 69
2026/09/14 22:05:07.139, 100 %, 0 %, 15834 MiB, 16384 MiB, 122.50 W, 70
2026/09/14 22:05:08.142, 2 %, 3 %, 15834 MiB, 16384 MiB, 66.57 W, 69
2026/09/14 22:05:09.144, 100 %, 0 %, 15834 MiB, 16384 MiB, 122.88 W, 72
2026/09/14 22:05:10.147, 26 %, 8 %, 15834 MiB, 16384 MiB, 110.02 W, 70
2026/09/14 22:05:11.149, 100 %, 38 %, 15834 MiB, 16384 MiB, 205.67 W, 70
2026/09/14 22:05:12.152, 100 %, 0 %, 15834 MiB, 16384 MiB, 119.97 W, 70
2026/09/14 22:05:13.155, 41 %, 37 %, 15834 MiB, 16384 MiB, 61.07 W, 69
2026/09/14 22:05:14.159, 100 %, 0 %, 15834 MiB, 16384 MiB, 122.46 W, 70
2026/09/14 22:05:15.161, 1 %, 2 %, 15834 MiB, 16384 MiB, 65.28 W, 72
2026/09/14 22:05:16.164, 100 %, 0 %, 15834 MiB, 16384 MiB, 122.73 W, 74
2026/09/14 22:05:17.167, 56 %, 8 %, 15834 MiB, 16384 MiB, 116.74 W, 70
2026/09/14 22:05:18.169, 100 %, 65 %, 15834 MiB, 16384 MiB, 159.29 W, 70
2026/09/14 22:05:19.172, 100 %, 0 %, 15834 MiB, 16384 MiB, 120.98 W, 70
2026/09/14 22:05:20.174, 7 %, 7 %, 15834 MiB, 16384 MiB, 64.51 W, 69
2026/09/14 22:05:21.176, 100 %, 0 %, 15834 MiB, 16384 MiB, 122.95 W, 70
2026/09/14 22:05:22.178, 1 %, 2 %, 15834 MiB, 16384 MiB, 64.47 W, 70
2026/09/14 22:05:23.181, 100 %, 0 %, 15834 MiB, 16384 MiB, 178.65 W, 73
2026/09/14 22:05:24.184, 100 %, 4 %, 15834 MiB, 16384 MiB, 126.17 W, 71
2026/09/14 22:05:25.186, 100 %, 0 %, 15834 MiB, 16384 MiB, 119.53 W, 71
2026/09/14 22:05:26.188, 100 %, 68 %, 15834 MiB, 16384 MiB, 97.34 W, 71
2026/09/14 22:05:27.191, 100 %, 0 %, 15834 MiB, 16384 MiB, 215.31 W, 73
2026/09/14 22:05:28.194, 100 %, 0 %, 15834 MiB, 16384 MiB, 122.29 W, 71
2026/09/14 22:05:29.196, 100 %, 0 %, 15834 MiB, 16384 MiB, 120.75 W, 71
2026/09/14 22:05:30.198, 100 %, 48 %, 15834 MiB, 16384 MiB, 135.96 W, 71
2026/09/14 22:05:31.202, 100 %, 0 %, 15834 MiB, 16384 MiB, 256.67 W, 73
2026/09/14 22:05:32.208, 100 %, 0 %, 15834 MiB, 16384 MiB, 122.21 W, 71
2026/09/14 22:05:33.213, 100 %, 0 %, 15834 MiB, 16384 MiB, 119.79 W, 71
2026/09/14 22:05:34.215, 100 %, 35 %, 15834 MiB, 16384 MiB, 143.18 W, 71
2026/09/14 22:05:35.218, 100 %, 4 %, 15834 MiB, 16384 MiB, 242.64 W, 74
2026/09/14 22:05:36.221, 100 %, 0 %, 15834 MiB, 16384 MiB, 122.86 W, 71
2026/09/14 22:05:37.223, 100 %, 0 %, 15834 MiB, 16384 MiB, 121.49 W, 71
2026/09/14 22:05:38.225, 100 %, 27 %, 15834 MiB, 16384 MiB, 119.20 W, 71
2026/09/14 22:05:39.227, 100 %, 22 %, 15834 MiB, 16384 MiB, 221.24 W, 74
2026/09/14 22:05:40.231, 100 %, 0 %, 15834 MiB, 16384 MiB, 122.71 W, 72
2026/09/14 22:05:41.233, 100 %, 0 %, 15834 MiB, 16384 MiB, 122.62 W, 72
2026/09/14 22:05:42.235, 100 %, 9 %, 15834 MiB, 16384 MiB, 136.10 W, 72
2026/09/14 22:05:43.237, 100 %, 45 %, 15834 MiB, 16384 MiB, 255.25 W, 74
2026/09/14 22:05:44.241, 100 %, 0 %, 15834 MiB, 16384 MiB, 123.08 W, 72
2026/09/14 22:05:45.243, 100 %, 0 %, 15834 MiB, 16384 MiB, 120.39 W, 72
2026/09/14 22:05:46.246, 100 %, 9 %, 15834 MiB, 16384 MiB, 146.90 W, 72
2026/09/14 22:05:47.249, 100 %, 54 %, 15834 MiB, 16384 MiB, 237.51 W, 74
2026/09/14 22:05:48.255, 100 %, 0 %, 15834 MiB, 16384 MiB, 123.30 W, 72
2026/09/14 22:05:49.259, 100 %, 0 %, 15834 MiB, 16384 MiB, 121.41 W, 72
2026/09/14 22:05:50.261, 100 %, 9 %, 15834 MiB, 16384 MiB, 111.93 W, 72
2026/09/14 22:05:51.263, 100 %, 75 %, 15834 MiB, 16384 MiB, 203.06 W, 74
2026/09/14 22:05:52.267, 100 %, 0 %, 15834 MiB, 16384 MiB, 123.34 W, 72
2026/09/14 22:05:53.270, 100 %, 0 %, 15834 MiB, 16384 MiB, 122.51 W, 72
2026/09/14 22:05:54.272, 100 %, 9 %, 15834 MiB, 16384 MiB, 117.49 W, 72
2026/09/14 22:05:55.274, 100 %, 77 %, 15834 MiB, 16384 MiB, 204.58 W, 72
2026/09/14 22:05:56.277, 100 %, 0 %, 15834 MiB, 16384 MiB, 123.21 W, 72
2026/09/14 22:05:57.279, 100 %, 0 %, 15834 MiB, 16384 MiB, 123.40 W, 72
2026/09/14 22:05:58.281, 100 %, 6 %, 15834 MiB, 16384 MiB, 120.18 W, 72
2026/09/14 22:05:59.284, 100 %, 79 %, 15834 MiB, 16384 MiB, 159.39 W, 72
2026/09/14 22:06:00.289, 100 %, 0 %, 15834 MiB, 16384 MiB, 123.31 W, 72
2026/09/14 22:06:01.293, 100 %, 0 %, 15834 MiB, 16384 MiB, 123.38 W, 72
2026/09/14 22:06:02.295, 100 %, 0 %, 15834 MiB, 16384 MiB, 120.09 W, 72
2026/09/14 22:06:03.297, 100 %, 62 %, 15834 MiB, 16384 MiB, 108.77 W, 72
2026/09/14 22:06:04.300, 100 %, 0 %, 15834 MiB, 16384 MiB, 123.34 W, 72
2026/09/14 22:06:05.302, 100 %, 0 %, 15834 MiB, 16384 MiB, 123.41 W, 73
2026/09/14 22:06:06.304, 100 %, 0 %, 15834 MiB, 16384 MiB, 120.78 W, 73
2026/09/14 22:06:07.306, 100 %, 45 %, 15834 MiB, 16384 MiB, 63.49 W, 72
2026/09/14 22:06:08.309, 100 %, 0 %, 15834 MiB, 16384 MiB, 123.56 W, 73
2026/09/14 22:06:09.311, 100 %, 0 %, 15834 MiB, 16384 MiB, 123.64 W, 73
2026/09/14 22:06:10.313, 100 %, 0 %, 15834 MiB, 16384 MiB, 120.85 W, 73
2026/09/14 22:06:11.315, 100 %, 67 %, 15834 MiB, 16384 MiB, 136.11 W, 71
2026/09/14 22:06:12.323, 100 %, 9 %, 15834 MiB, 16384 MiB, 123.46 W, 76
2026/09/14 22:06:13.330, 100 %, 0 %, 15834 MiB, 16384 MiB, 123.54 W, 73
2026/09/14 22:06:14.333, 1 %, 2 %, 15834 MiB, 16384 MiB, 67.02 W, 71
2026/09/14 22:06:15.338, 100 %, 0 %, 15834 MiB, 16384 MiB, 123.86 W, 73
2026/09/14 22:06:16.342, 1 %, 2 %, 15834 MiB, 16384 MiB, 135.88 W, 72
2026/09/14 22:06:17.344, 100 %, 9 %, 15834 MiB, 16384 MiB, 218.70 W, 73
2026/09/14 22:06:18.346, 100 %, 0 %, 15834 MiB, 16384 MiB, 123.71 W, 72
2026/09/14 22:06:19.349, 54 %, 47 %, 15834 MiB, 16384 MiB, 66.00 W, 71
2026/09/14 22:06:20.351, 100 %, 0 %, 15834 MiB, 16384 MiB, 123.33 W, 72
2026/09/14 22:06:21.353, 2 %, 3 %, 15834 MiB, 16384 MiB, 66.26 W, 70
2026/09/14 22:06:22.356, 100 %, 0 %, 15834 MiB, 16384 MiB, 122.93 W, 75
2026/09/14 22:06:23.363, 29 %, 8 %, 15834 MiB, 16384 MiB, 113.68 W, 72
2026/09/14 22:06:24.367, 100 %, 42 %, 15834 MiB, 16384 MiB, 208.11 W, 72
2026/09/14 22:06:25.369, 100 %, 0 %, 15834 MiB, 16384 MiB, 122.06 W, 72
2026/09/14 22:06:26.372, 17 %, 16 %, 15834 MiB, 16384 MiB, 66.17 W, 70
2026/09/14 22:06:27.374, 100 %, 0 %, 15834 MiB, 16384 MiB, 123.23 W, 72
2026/09/14 22:06:28.376, 2 %, 3 %, 15834 MiB, 16384 MiB, 117.24 W, 71
2026/09/14 22:06:29.381, 100 %, 0 %, 15834 MiB, 16384 MiB, 227.72 W, 74
2026/09/14 22:06:30.384, 82 %, 6 %, 15834 MiB, 16384 MiB, 123.01 W, 72
2026/09/14 22:06:31.387, 100 %, 79 %, 15834 MiB, 16384 MiB, 64.41 W, 71
2026/09/14 22:06:32.389, 100 %, 0 %, 15834 MiB, 16384 MiB, 123.18 W, 72
2026/09/14 22:06:33.391, 1 %, 2 %, 15834 MiB, 16384 MiB, 66.22 W, 70
2026/09/14 22:06:34.394, 100 %, 0 %, 15834 MiB, 16384 MiB, 122.66 W, 72
2026/09/14 22:06:35.396, 1 %, 2 %, 15834 MiB, 16384 MiB, 158.11 W, 72
2026/09/14 22:06:36.398, 100 %, 0 %, 15834 MiB, 16384 MiB, 253.24 W, 74
2026/09/14 22:06:37.403, 100 %, 0 %, 15834 MiB, 16384 MiB, 120.42 W, 72
2026/09/14 22:06:38.406, 67 %, 55 %, 15834 MiB, 16384 MiB, 64.06 W, 70
2026/09/14 22:06:39.408, 100 %, 0 %, 15834 MiB, 16384 MiB, 123.18 W, 71
2026/09/14 22:06:40.411, 1 %, 2 %, 15834 MiB, 16384 MiB, 66.41 W, 70
2026/09/14 22:06:41.413, 100 %, 0 %, 15834 MiB, 16384 MiB, 122.80 W, 72
2026/09/14 22:06:42.415, 14 %, 10 %, 15834 MiB, 16384 MiB, 111.05 W, 71
2026/09/14 22:06:43.420, 100 %, 24 %, 15834 MiB, 16384 MiB, 222.72 W, 74
2026/09/14 22:06:44.426, 100 %, 0 %, 15834 MiB, 16384 MiB, 121.38 W, 71
2026/09/14 22:06:45.429, 31 %, 28 %, 15834 MiB, 16384 MiB, 65.69 W, 70
2026/09/14 22:06:46.431, 100 %, 0 %, 15834 MiB, 16384 MiB, 122.97 W, 71
2026/09/14 22:06:47.434, 1 %, 2 %, 15834 MiB, 16384 MiB, 65.80 W, 70
2026/09/14 22:06:48.436, 100 %, 0 %, 15834 MiB, 16384 MiB, 126.21 W, 73
2026/09/14 22:06:49.438, 70 %, 8 %, 15834 MiB, 16384 MiB, 119.88 W, 71
2026/09/14 22:06:50.441, 100 %, 76 %, 15834 MiB, 16384 MiB, 97.53 W, 70
2026/09/14 22:06:51.443, 100 %, 0 %, 15834 MiB, 16384 MiB, 123.03 W, 71
2026/09/14 22:06:52.445, 1 %, 2 %, 15834 MiB, 16384 MiB, 65.67 W, 70
2026/09/14 22:06:53.449, 100 %, 0 %, 15834 MiB, 16384 MiB, 123.00 W, 71
2026/09/14 22:06:54.452, 1 %, 2 %, 15834 MiB, 16384 MiB, 150.54 W, 71
2026/09/14 22:06:55.454, 100 %, 8 %, 15834 MiB, 16384 MiB, 210.93 W, 73
2026/09/14 22:06:56.457, 100 %, 0 %, 15834 MiB, 16384 MiB, 119.53 W, 71
2026/09/14 22:06:57.460, 58 %, 54 %, 15834 MiB, 16384 MiB, 62.85 W, 70
2026/09/14 22:06:58.462, 100 %, 0 %, 15834 MiB, 16384 MiB, 122.42 W, 71
2026/09/14 22:06:59.465, 1 %, 2 %, 15834 MiB, 16384 MiB, 65.41 W, 69
2026/09/14 22:07:00.467, 100 %, 0 %, 15834 MiB, 16384 MiB, 122.91 W, 71
2026/09/14 22:07:01.470, 45 %, 7 %, 15834 MiB, 16384 MiB, 153.54 W, 71
2026/09/14 22:07:02.472, 100 %, 58 %, 15834 MiB, 16384 MiB, 214.59 W, 73
2026/09/14 22:07:03.474, 100 %, 0 %, 15834 MiB, 16384 MiB, 120.62 W, 71
2026/09/14 22:07:04.477, 6 %, 7 %, 15834 MiB, 16384 MiB, 65.01 W, 69
2026/09/14 22:07:05.479, 100 %, 0 %, 15834 MiB, 16384 MiB, 122.88 W, 71
2026/09/14 22:07:06.481, 2 %, 3 %, 15834 MiB, 16384 MiB, 65.89 W, 69
2026/09/14 22:07:07.484, 100 %, 0 %, 15834 MiB, 16384 MiB, 122.92 W, 71
2026/09/14 22:07:08.487, 58 %, 9 %, 15834 MiB, 16384 MiB, 107.03 W, 70
2026/09/14 22:07:09.490, 100 %, 64 %, 15834 MiB, 16384 MiB, 203.63 W, 72
2026/09/14 22:07:10.492, 100 %, 0 %, 15834 MiB, 16384 MiB, 120.49 W, 71
2026/09/14 22:07:11.494, 5 %, 6 %, 15834 MiB, 16384 MiB, 65.26 W, 69
2026/09/14 22:07:12.497, 100 %, 0 %, 15834 MiB, 16384 MiB, 123.25 W, 71
2026/09/14 22:07:13.499, 1 %, 2 %, 15834 MiB, 16384 MiB, 67.25 W, 69
2026/09/14 22:07:14.502, 100 %, 0 %, 15834 MiB, 16384 MiB, 122.89 W, 72
2026/09/14 22:07:15.506, 86 %, 8 %, 15834 MiB, 16384 MiB, 115.15 W, 70
2026/09/14 22:07:16.508, 100 %, 83 %, 15834 MiB, 16384 MiB, 185.17 W, 70
2026/09/14 22:07:17.510, 100 %, 0 %, 15834 MiB, 16384 MiB, 122.59 W, 71
2026/09/14 22:07:18.512, 1 %, 2 %, 15834 MiB, 16384 MiB, 65.19 W, 69
2026/09/14 22:07:19.515, 100 %, 0 %, 15834 MiB, 16384 MiB, 122.47 W, 71
2026/09/14 22:07:20.517, 9 %, 8 %, 15834 MiB, 16384 MiB, 124.92 W, 70
2026/09/14 22:07:21.521, 100 %, 20 %, 15834 MiB, 16384 MiB, 229.76 W, 73
2026/09/14 22:07:22.527, 100 %, 0 %, 15834 MiB, 16384 MiB, 119.50 W, 70
2026/09/14 22:07:23.530, 47 %, 41 %, 15834 MiB, 16384 MiB, 62.03 W, 69
2026/09/14 22:07:24.533, 100 %, 0 %, 15834 MiB, 16384 MiB, 122.75 W, 71
2026/09/14 22:07:25.535, 1 %, 2 %, 15834 MiB, 16384 MiB, 65.22 W, 69
2026/09/14 22:07:26.538, 100 %, 0 %, 15834 MiB, 16384 MiB, 123.29 W, 71
2026/09/14 22:07:27.540, 100 %, 11 %, 15834 MiB, 16384 MiB, 74.04 W, 69
2026/09/14 22:07:28.542, 100 %, 6 %, 15834 MiB, 16384 MiB, 71.49 W, 69
2026/09/14 22:07:29.545, 100 %, 9 %, 15834 MiB, 16384 MiB, 71.10 W, 68
2026/09/14 22:07:30.547, 100 %, 6 %, 15834 MiB, 16384 MiB, 70.84 W, 68
2026/09/14 22:07:31.550, 100 %, 6 %, 15834 MiB, 16384 MiB, 65.38 W, 68
2026/09/14 22:07:32.554, 100 %, 6 %, 15834 MiB, 16384 MiB, 70.11 W, 68
2026/09/14 22:07:33.557, 1 %, 2 %, 15834 MiB, 16384 MiB, 63.90 W, 67
2026/09/14 22:07:34.561, 1 %, 2 %, 15834 MiB, 16384 MiB, 62.89 W, 67
2026/09/14 22:07:35.564, 3 %, 4 %, 15834 MiB, 16384 MiB, 50.98 W, 66
2026/09/14 22:07:36.567, 4 %, 5 %, 15834 MiB, 16384 MiB, 53.88 W, 66
2026/09/14 22:07:37.570, 2 %, 3 %, 15834 MiB, 16384 MiB, 50.52 W, 66
2026/09/14 22:07:38.572, 1 %, 2 %, 15834 MiB, 16384 MiB, 50.22 W, 65
2026/09/14 22:07:39.575, 1 %, 2 %, 15834 MiB, 16384 MiB, 50.64 W, 65
2026/09/14 22:07:40.578, 4 %, 4 %, 15834 MiB, 16384 MiB, 50.28 W, 65
2026/09/14 22:07:41.580, 3 %, 4 %, 15834 MiB, 16384 MiB, 52.49 W, 64
2026/09/14 22:07:42.583, 1 %, 2 %, 15834 MiB, 16384 MiB, 50.33 W, 64
2026/09/14 22:07:43.586, 1 %, 2 %, 15834 MiB, 16384 MiB, 50.24 W, 64
2026/09/14 22:07:44.589, 1 %, 2 %, 15834 MiB, 16384 MiB, 50.27 W, 64
2026/09/14 22:07:45.591, 1 %, 2 %, 15834 MiB, 16384 MiB, 50.26 W, 64
2026/09/14 22:07:46.594, 3 %, 4 %, 15834 MiB, 16384 MiB, 49.98 W, 63
2026/09/14 22:07:47.596, 4 %, 4 %, 15834 MiB, 16384 MiB, 53.24 W, 63
2026/09/14 22:07:48.599, 1 %, 2 %, 15834 MiB, 16384 MiB, 50.03 W, 63
2026/09/14 22:07:49.602, 1 %, 2 %, 15834 MiB, 16384 MiB, 50.10 W, 63
2026/09/14 22:07:50.604, 2 %, 3 %, 15834 MiB, 16384 MiB, 49.96 W, 63
2026/09/14 22:07:51.607, 4 %, 4 %, 15834 MiB, 16384 MiB, 49.91 W, 62
2026/09/14 22:07:52.609, 3 %, 4 %, 15834 MiB, 16384 MiB, 49.47 W, 62
2026/09/14 22:07:53.612, 4 %, 5 %, 15834 MiB, 16384 MiB, 53.05 W, 62
2026/09/14 22:07:54.614, 1 %, 2 %, 15834 MiB, 16384 MiB, 50.26 W, 62
2026/09/14 22:07:55.617, 1 %, 2 %, 15834 MiB, 16384 MiB, 50.08 W, 62
2026/09/14 22:07:56.621, 100 %, 6 %, 15834 MiB, 16384 MiB, 67.49 W, 62
2026/09/14 22:07:57.623, 100 %, 9 %, 15834 MiB, 16384 MiB, 67.72 W, 62
2026/09/14 22:07:58.626, 100 %, 6 %, 15834 MiB, 16384 MiB, 67.52 W, 62
2026/09/14 22:07:59.628, 100 %, 6 %, 15834 MiB, 16384 MiB, 62.46 W, 62
2026/09/14 22:08:00.631, 100 %, 9 %, 15834 MiB, 16384 MiB, 67.56 W, 62
2026/09/14 22:08:01.633, 25 %, 4 %, 15834 MiB, 16384 MiB, 65.89 W, 62
2026/09/14 22:08:02.636, 3 %, 4 %, 15834 MiB, 16384 MiB, 61.77 W, 62
2026/09/14 22:08:03.638, 1 %, 2 %, 15834 MiB, 16384 MiB, 49.51 W, 61
2026/09/14 22:08:04.641, 2 %, 3 %, 15834 MiB, 16384 MiB, 49.30 W, 61
2026/09/14 22:08:05.643, 1 %, 2 %, 15834 MiB, 16384 MiB, 49.03 W, 60
2026/09/14 22:08:06.646, 4 %, 4 %, 15834 MiB, 16384 MiB, 52.06 W, 60
2026/09/14 22:08:07.649, 4 %, 4 %, 15834 MiB, 16384 MiB, 48.89 W, 60
2026/09/14 22:08:08.651, 1 %, 2 %, 15834 MiB, 16384 MiB, 48.90 W, 60
2026/09/14 22:08:09.654, 1 %, 2 %, 15834 MiB, 16384 MiB, 48.85 W, 60
2026/09/14 22:08:10.656, 1 %, 2 %, 15834 MiB, 16384 MiB, 48.95 W, 60
2026/09/14 22:08:11.659, 1 %, 2 %, 15834 MiB, 16384 MiB, 48.44 W, 60
2026/09/14 22:08:12.661, 3 %, 4 %, 15834 MiB, 16384 MiB, 52.15 W, 59
2026/09/14 22:08:13.664, 4 %, 5 %, 15834 MiB, 16384 MiB, 49.14 W, 59
2026/09/14 22:08:14.666, 1 %, 2 %, 15834 MiB, 16384 MiB, 49.07 W, 59
2026/09/14 22:08:15.669, 1 %, 2 %, 15834 MiB, 16384 MiB, 48.47 W, 59
2026/09/14 22:08:16.672, 1 %, 2 %, 15834 MiB, 16384 MiB, 48.28 W, 59
2026/09/14 22:08:17.675, 1 %, 2 %, 15834 MiB, 16384 MiB, 48.14 W, 59
2026/09/14 22:08:18.677, 3 %, 4 %, 15834 MiB, 16384 MiB, 51.29 W, 59
2026/09/14 22:08:19.681, 2 %, 3 %, 15834 MiB, 16384 MiB, 48.42 W, 59
2026/09/14 22:08:20.684, 1 %, 3 %, 15834 MiB, 16384 MiB, 48.23 W, 58
2026/09/14 22:08:21.687, 1 %, 2 %, 15834 MiB, 16384 MiB, 48.28 W, 58
2026/09/14 22:08:22.691, 1 %, 2 %, 15834 MiB, 16384 MiB, 47.97 W, 58
2026/09/14 22:08:23.694, 3 %, 4 %, 15834 MiB, 16384 MiB, 50.68 W, 58
2026/09/14 22:08:24.698, 11 %, 8 %, 15834 MiB, 16384 MiB, 47.87 W, 58
2026/09/14 22:08:25.701, 100 %, 6 %, 15834 MiB, 16384 MiB, 66.59 W, 59
2026/09/14 22:08:26.705, 100 %, 6 %, 15834 MiB, 16384 MiB, 66.29 W, 59
2026/09/14 22:08:27.708, 100 %, 9 %, 15834 MiB, 16384 MiB, 61.05 W, 59
2026/09/14 22:08:28.711, 100 %, 7 %, 15834 MiB, 16384 MiB, 66.32 W, 59
2026/09/14 22:08:29.715, 100 %, 6 %, 15834 MiB, 16384 MiB, 66.42 W, 59
2026/09/14 22:08:30.718, 1 %, 2 %, 15834 MiB, 16384 MiB, 61.04 W, 59
2026/09/14 22:08:31.721, 1 %, 2 %, 15834 MiB, 16384 MiB, 60.77 W, 59
2026/09/14 22:08:32.725, 4 %, 4 %, 15834 MiB, 16384 MiB, 50.78 W, 58
2026/09/14 22:08:33.728, 4 %, 5 %, 15834 MiB, 16384 MiB, 47.80 W, 58
2026/09/14 22:08:34.732, 1 %, 2 %, 15834 MiB, 16384 MiB, 48.46 W, 58
2026/09/14 22:08:35.735, 2 %, 3 %, 15834 MiB, 16384 MiB, 48.22 W, 58
2026/09/14 22:08:36.739, 2 %, 3 %, 15834 MiB, 16384 MiB, 47.81 W, 58
2026/09/14 22:08:37.742, 1 %, 2 %, 15834 MiB, 16384 MiB, 48.01 W, 58
2026/09/14 22:08:38.749, 3 %, 4 %, 15834 MiB, 16384 MiB, 47.49 W, 57
2026/09/14 22:08:39.752, 4 %, 4 %, 15834 MiB, 16384 MiB, 46.78 W, 57
2026/09/14 22:08:40.754, 1 %, 2 %, 15834 MiB, 16384 MiB, 47.52 W, 57
2026/09/14 22:08:41.757, 1 %, 2 %, 15834 MiB, 16384 MiB, 47.52 W, 57
2026/09/14 22:08:42.759, 1 %, 2 %, 15834 MiB, 16384 MiB, 47.68 W, 57
2026/09/14 22:08:43.762, 1 %, 2 %, 15834 MiB, 16384 MiB, 47.46 W, 57
2026/09/14 22:08:44.765, 3 %, 4 %, 15834 MiB, 16384 MiB, 49.86 W, 57
2026/09/14 22:08:45.769, 4 %, 4 %, 15834 MiB, 16384 MiB, 47.41 W, 57
2026/09/14 22:08:46.772, 2 %, 3 %, 15834 MiB, 16384 MiB, 47.67 W, 57
2026/09/14 22:08:47.775, 2 %, 3 %, 15834 MiB, 16384 MiB, 47.70 W, 57
2026/09/14 22:08:48.778, 1 %, 2 %, 15834 MiB, 16384 MiB, 47.61 W, 57
2026/09/14 22:08:49.782, 3 %, 4 %, 15834 MiB, 16384 MiB, 47.07 W, 57
2026/09/14 22:08:50.785, 4 %, 4 %, 15834 MiB, 16384 MiB, 50.46 W, 57
2026/09/14 22:08:51.788, 1 %, 2 %, 15834 MiB, 16384 MiB, 47.48 W, 57
2026/09/14 22:08:52.791, 1 %, 2 %, 15834 MiB, 16384 MiB, 47.63 W, 57
2026/09/14 22:08:53.795, 100 %, 6 %, 15834 MiB, 16384 MiB, 58.85 W, 57
2026/09/14 22:08:54.797, 100 %, 6 %, 15834 MiB, 16384 MiB, 60.72 W, 57
2026/09/14 22:08:55.801, 100 %, 9 %, 15834 MiB, 16384 MiB, 66.24 W, 58
2026/09/14 22:08:56.804, 100 %, 9 %, 15834 MiB, 16384 MiB, 67.50 W, 58
2026/09/14 22:08:57.808, 100 %, 6 %, 15834 MiB, 16384 MiB, 62.66 W, 58
2026/09/14 22:08:58.811, 100 %, 6 %, 15834 MiB, 16384 MiB, 60.70 W, 58
2026/09/14 22:08:59.814, 3 %, 4 %, 15834 MiB, 16384 MiB, 59.57 W, 58
2026/09/14 22:09:00.817, 1 %, 2 %, 15834 MiB, 16384 MiB, 60.44 W, 58
2026/09/14 22:09:01.820, 1 %, 2 %, 15834 MiB, 16384 MiB, 47.42 W, 57
2026/09/14 22:09:02.824, 1 %, 2 %, 15834 MiB, 16384 MiB, 47.40 W, 57
2026/09/14 22:09:03.827, 4 %, 4 %, 15834 MiB, 16384 MiB, 47.38 W, 57
2026/09/14 22:09:04.830, 4 %, 5 %, 15834 MiB, 16384 MiB, 49.89 W, 57
2026/09/14 22:09:05.833, 2 %, 3 %, 15834 MiB, 16384 MiB, 47.58 W, 56
2026/09/14 22:09:06.836, 1 %, 2 %, 15834 MiB, 16384 MiB, 47.44 W, 56
2026/09/14 22:09:07.839, 1 %, 2 %, 15834 MiB, 16384 MiB, 47.26 W, 56
2026/09/14 22:09:08.842, 1 %, 2 %, 15834 MiB, 16384 MiB, 47.15 W, 56
2026/09/14 22:09:09.846, 3 %, 4 %, 15834 MiB, 16384 MiB, 46.79 W, 56
2026/09/14 22:09:10.849, 4 %, 5 %, 15834 MiB, 16384 MiB, 49.62 W, 56
2026/09/14 22:09:11.852, 1 %, 2 %, 15834 MiB, 16384 MiB, 47.00 W, 56
2026/09/14 22:09:12.855, 1 %, 2 %, 15834 MiB, 16384 MiB, 47.03 W, 56
2026/09/14 22:09:13.858, 1 %, 2 %, 15834 MiB, 16384 MiB, 47.05 W, 56
2026/09/14 22:09:14.861, 1 %, 2 %, 15834 MiB, 16384 MiB, 47.04 W, 56
2026/09/14 22:09:15.865, 4 %, 4 %, 15834 MiB, 16384 MiB, 46.30 W, 56
2026/09/14 22:09:16.868, 2 %, 3 %, 15834 MiB, 16384 MiB, 48.33 W, 56
2026/09/14 22:09:17.871, 2 %, 3 %, 15834 MiB, 16384 MiB, 47.80 W, 56
2026/09/14 22:09:18.918, 2 %, 3 %, 15834 MiB, 16384 MiB, 46.40 W, 56
2026/09/14 22:09:19.921, 3 %, 4 %, 15834 MiB, 16384 MiB, 46.39 W, 56
2026/09/14 22:09:20.924, 3 %, 4 %, 15834 MiB, 16384 MiB, 45.62 W, 56
2026/09/14 22:09:21.928, 1 %, 2 %, 15834 MiB, 16384 MiB, 49.14 W, 56
2026/09/14 22:09:22.931, 100 %, 9 %, 15834 MiB, 16384 MiB, 66.40 W, 57
2026/09/14 22:09:23.934, 100 %, 6 %, 15834 MiB, 16384 MiB, 66.45 W, 57
2026/09/14 22:09:24.936, 100 %, 6 %, 15834 MiB, 16384 MiB, 61.00 W, 57
2026/09/14 22:09:25.939, 100 %, 9 %, 15834 MiB, 16384 MiB, 66.39 W, 57
2026/09/14 22:09:26.941, 100 %, 7 %, 15834 MiB, 16384 MiB, 66.54 W, 57
2026/09/14 22:09:27.944, 100 %, 6 %, 15834 MiB, 16384 MiB, 61.24 W, 57
2026/09/14 22:09:28.946, 1 %, 2 %, 15834 MiB, 16384 MiB, 61.22 W, 57
2026/09/14 22:09:29.948, 3 %, 4 %, 15834 MiB, 16384 MiB, 55.96 W, 56
2026/09/14 22:09:30.951, 4 %, 5 %, 15834 MiB, 16384 MiB, 49.06 W, 56
2026/09/14 22:09:31.954, 1 %, 2 %, 15834 MiB, 16384 MiB, 46.70 W, 56
2026/09/14 22:09:32.956, 2 %, 3 %, 15834 MiB, 16384 MiB, 46.65 W, 56
2026/09/14 22:09:33.959, 1 %, 2 %, 15834 MiB, 16384 MiB, 46.58 W, 56
2026/09/14 22:09:34.961, 3 %, 4 %, 15834 MiB, 16384 MiB, 46.34 W, 56
2026/09/14 22:09:35.964, 3 %, 3 %, 15834 MiB, 16384 MiB, 49.73 W, 56
2026/09/14 22:09:36.966, 1 %, 2 %, 15834 MiB, 16384 MiB, 47.21 W, 56
2026/09/14 22:09:37.968, 1 %, 2 %, 15834 MiB, 16384 MiB, 46.30 W, 56
2026/09/14 22:09:38.971, 1 %, 2 %, 15834 MiB, 16384 MiB, 46.18 W, 56
2026/09/14 22:09:39.974, 3 %, 4 %, 15834 MiB, 16384 MiB, 46.46 W, 56
2026/09/14 22:09:40.977, 3 %, 4 %, 15834 MiB, 16384 MiB, 46.09 W, 56
2026/09/14 22:09:41.980, 4 %, 5 %, 15834 MiB, 16384 MiB, 48.76 W, 56
2026/09/14 22:09:42.984, 1 %, 2 %, 15834 MiB, 16384 MiB, 46.29 W, 56
2026/09/14 22:09:43.987, 1 %, 2 %, 15834 MiB, 16384 MiB, 46.47 W, 56
2026/09/14 22:09:44.990, 1 %, 3 %, 15834 MiB, 16384 MiB, 46.23 W, 56
2026/09/14 22:09:45.993, 4 %, 4 %, 15834 MiB, 16384 MiB, 46.40 W, 56
2026/09/14 22:09:46.996, 4 %, 4 %, 15834 MiB, 16384 MiB, 48.55 W, 56
2026/09/14 22:09:48.000, 1 %, 2 %, 15834 MiB, 16384 MiB, 45.99 W, 56
2026/09/14 22:09:49.004, 1 %, 2 %, 15834 MiB, 16384 MiB, 45.89 W, 56
2026/09/14 22:09:50.006, 2 %, 3 %, 15834 MiB, 16384 MiB, 46.29 W, 56
2026/09/14 22:09:51.010, 3 %, 4 %, 15834 MiB, 16384 MiB, 46.34 W, 55
2026/09/14 22:09:52.013, 100 %, 9 %, 15834 MiB, 16384 MiB, 66.39 W, 56
2026/09/14 22:09:53.017, 100 %, 6 %, 15834 MiB, 16384 MiB, 66.31 W, 57
2026/09/14 22:09:54.020, 100 %, 6 %, 15834 MiB, 16384 MiB, 60.95 W, 57
2026/09/14 22:09:55.023, 100 %, 6 %, 15834 MiB, 16384 MiB, 62.38 W, 57
2026/09/14 22:09:56.027, 100 %, 9 %, 15834 MiB, 16384 MiB, 66.57 W, 57
2026/09/14 22:09:57.030, 100 %, 6 %, 15834 MiB, 16384 MiB, 67.57 W, 57
2026/09/14 22:09:58.033, 1 %, 2 %, 15834 MiB, 16384 MiB, 62.44 W, 57
2026/09/14 22:09:59.037, 1 %, 2 %, 15834 MiB, 16384 MiB, 46.72 W, 56
2026/09/14 22:10:00.040, 3 %, 4 %, 15834 MiB, 16384 MiB, 46.63 W, 56
2026/09/14 22:10:01.044, 4 %, 4 %, 15834 MiB, 16384 MiB, 46.52 W, 56
2026/09/14 22:10:02.047, 4 %, 5 %, 15834 MiB, 16384 MiB, 49.24 W, 56
2026/09/14 22:10:03.050, 1 %, 2 %, 15834 MiB, 16384 MiB, 46.56 W, 56
2026/09/14 22:10:04.053, 1 %, 3 %, 15834 MiB, 16384 MiB, 46.65 W, 56
2026/09/14 22:10:05.056, 1 %, 2 %, 15834 MiB, 16384 MiB, 46.58 W, 56
2026/09/14 22:10:06.060, 4 %, 4 %, 15834 MiB, 16384 MiB, 46.44 W, 56
2026/09/14 22:10:07.063, 4 %, 4 %, 15834 MiB, 16384 MiB, 46.96 W, 56
2026/09/14 22:10:08.066, 1 %, 2 %, 15834 MiB, 16384 MiB, 48.82 W, 56
2026/09/14 22:10:09.069, 1 %, 2 %, 15834 MiB, 16384 MiB, 45.98 W, 56
2026/09/14 22:10:10.073, 1 %, 3 %, 15834 MiB, 16384 MiB, 46.00 W, 56
2026/09/14 22:10:11.076, 1 %, 2 %, 15834 MiB, 16384 MiB, 46.34 W, 56
2026/09/14 22:10:12.079, 3 %, 4 %, 15834 MiB, 16384 MiB, 46.51 W, 56
2026/09/14 22:10:13.082, 4 %, 4 %, 15834 MiB, 16384 MiB, 49.03 W, 56
2026/09/14 22:10:14.086, 2 %, 3 %, 15834 MiB, 16384 MiB, 46.49 W, 56
2026/09/14 22:10:15.089, 2 %, 3 %, 15834 MiB, 16384 MiB, 46.86 W, 56
2026/09/14 22:10:16.092, 2 %, 3 %, 15834 MiB, 16384 MiB, 46.83 W, 55
2026/09/14 22:10:17.095, 4 %, 4 %, 15834 MiB, 16384 MiB, 46.58 W, 55
2026/09/14 22:10:18.099, 4 %, 4 %, 15834 MiB, 16384 MiB, 49.90 W, 55
2026/09/14 22:10:19.102, 1 %, 3 %, 15834 MiB, 16384 MiB, 46.40 W, 55
2026/09/14 22:10:20.106, 1 %, 2 %, 15834 MiB, 16384 MiB, 46.38 W, 55
2026/09/14 22:10:21.109, 100 %, 6 %, 15834 MiB, 16384 MiB, 61.08 W, 57
2026/09/14 22:10:22.112, 100 %, 9 %, 15834 MiB, 16384 MiB, 67.37 W, 56
2026/09/14 22:10:23.115, 100 %, 6 %, 15834 MiB, 16384 MiB, 67.32 W, 57
2026/09/14 22:10:24.118, 100 %, 6 %, 15834 MiB, 16384 MiB, 64.43 W, 57
2026/09/14 22:10:25.121, 100 %, 6 %, 15834 MiB, 16384 MiB, 61.08 W, 57
2026/09/14 22:10:26.124, 14 %, 4 %, 15834 MiB, 16384 MiB, 61.28 W, 57
2026/09/14 22:10:27.127, 3 %, 4 %, 15834 MiB, 16384 MiB, 65.96 W, 57
2026/09/14 22:10:28.131, 1 %, 2 %, 15834 MiB, 16384 MiB, 46.25 W, 56
2026/09/14 22:10:29.134, 2 %, 3 %, 15834 MiB, 16384 MiB, 47.30 W, 56
2026/09/14 22:10:30.137, 1 %, 2 %, 15834 MiB, 16384 MiB, 47.05 W, 56
2026/09/14 22:10:31.140, 1 %, 2 %, 15834 MiB, 16384 MiB, 47.19 W, 56
2026/09/14 22:10:32.143, 3 %, 4 %, 15834 MiB, 16384 MiB, 46.52 W, 56
2026/09/14 22:10:33.146, 3 %, 4 %, 15834 MiB, 16384 MiB, 49.73 W, 56
2026/09/14 22:10:34.149, 1 %, 2 %, 15834 MiB, 16384 MiB, 46.82 W, 56
2026/09/14 22:10:35.152, 1 %, 2 %, 15834 MiB, 16384 MiB, 47.07 W, 56
2026/09/14 22:10:36.155, 1 %, 2 %, 15834 MiB, 16384 MiB, 47.06 W, 56
2026/09/14 22:10:37.158, 3 %, 4 %, 15834 MiB, 16384 MiB, 47.04 W, 56
2026/09/14 22:10:38.162, 3 %, 4 %, 15834 MiB, 16384 MiB, 46.87 W, 56
2026/09/14 22:10:39.165, 3 %, 5 %, 15834 MiB, 16384 MiB, 50.18 W, 56
2026/09/14 22:10:40.168, 1 %, 2 %, 15834 MiB, 16384 MiB, 46.34 W, 56
2026/09/14 22:10:41.171, 1 %, 2 %, 15834 MiB, 16384 MiB, 46.32 W, 56
2026/09/14 22:10:42.174, 2 %, 3 %, 15834 MiB, 16384 MiB, 46.87 W, 56
2026/09/14 22:10:43.177, 1 %, 2 %, 15834 MiB, 16384 MiB, 46.96 W, 56
2026/09/14 22:10:44.180, 4 %, 4 %, 15834 MiB, 16384 MiB, 45.94 W, 56
2026/09/14 22:10:45.183, 2 %, 3 %, 15834 MiB, 16384 MiB, 46.62 W, 56
2026/09/14 22:10:46.186, 1 %, 3 %, 15834 MiB, 16384 MiB, 46.89 W, 55
2026/09/14 22:10:47.189, 1 %, 2 %, 15834 MiB, 16384 MiB, 46.93 W, 55
2026/09/14 22:10:48.192, 3 %, 4 %, 15834 MiB, 16384 MiB, 46.63 W, 55
2026/09/14 22:10:49.196, 36 %, 9 %, 15834 MiB, 16384 MiB, 47.35 W, 57
2026/09/14 22:10:50.202, 100 %, 0 %, 15834 MiB, 16384 MiB, 136.65 W, 61
2026/09/14 22:10:51.207, 100 %, 0 %, 15834 MiB, 16384 MiB, 120.36 W, 59
2026/09/14 22:10:52.210, 100 %, 0 %, 15834 MiB, 16384 MiB, 115.73 W, 59
2026/09/14 22:10:53.212, 100 %, 27 %, 15834 MiB, 16384 MiB, 132.44 W, 60
2026/09/14 22:10:54.214, 100 %, 24 %, 15834 MiB, 16384 MiB, 254.22 W, 62
2026/09/14 22:10:55.219, 100 %, 0 %, 15834 MiB, 16384 MiB, 119.50 W, 60
2026/09/14 22:10:56.221, 100 %, 0 %, 15834 MiB, 16384 MiB, 117.20 W, 61
2026/09/14 22:10:57.224, 100 %, 9 %, 15834 MiB, 16384 MiB, 116.72 W, 61
2026/09/14 22:10:58.226, 100 %, 65 %, 15834 MiB, 16384 MiB, 199.34 W, 62
2026/09/14 22:10:59.228, 100 %, 0 %, 15834 MiB, 16384 MiB, 119.36 W, 62
2026/09/14 22:11:00.231, 100 %, 0 %, 15834 MiB, 16384 MiB, 120.28 W, 62
2026/09/14 22:11:01.233, 100 %, 5 %, 15834 MiB, 16384 MiB, 116.89 W, 62
2026/09/14 22:11:02.235, 100 %, 71 %, 15834 MiB, 16384 MiB, 64.50 W, 62
2026/09/14 22:11:03.238, 100 %, 0 %, 15834 MiB, 16384 MiB, 124.91 W, 65
2026/09/14 22:11:04.241, 100 %, 0 %, 15834 MiB, 16384 MiB, 120.59 W, 63
2026/09/14 22:11:05.243, 100 %, 0 %, 15834 MiB, 16384 MiB, 117.66 W, 63
2026/09/14 22:11:06.246, 100 %, 36 %, 15834 MiB, 16384 MiB, 90.80 W, 64
2026/09/14 22:11:07.248, 100 %, 11 %, 15834 MiB, 16384 MiB, 120.88 W, 66
2026/09/14 22:11:08.251, 100 %, 0 %, 15834 MiB, 16384 MiB, 121.84 W, 64
2026/09/14 22:11:09.254, 100 %, 0 %, 15834 MiB, 16384 MiB, 118.53 W, 64
2026/09/14 22:11:10.256, 100 %, 9 %, 15834 MiB, 16384 MiB, 117.00 W, 65
2026/09/14 22:11:11.259, 100 %, 56 %, 15834 MiB, 16384 MiB, 236.44 W, 67
2026/09/14 22:11:12.265, 100 %, 0 %, 15834 MiB, 16384 MiB, 120.04 W, 65
2026/09/14 22:11:13.269, 100 %, 0 %, 15834 MiB, 16384 MiB, 118.00 W, 65
2026/09/14 22:11:14.271, 100 %, 8 %, 15834 MiB, 16384 MiB, 144.05 W, 65
2026/09/14 22:11:15.273, 100 %, 83 %, 15834 MiB, 16384 MiB, 210.87 W, 68
2026/09/14 22:11:16.278, 100 %, 0 %, 15834 MiB, 16384 MiB, 120.77 W, 66
2026/09/14 22:11:17.280, 100 %, 0 %, 15834 MiB, 16384 MiB, 119.44 W, 66
2026/09/14 22:11:18.283, 100 %, 4 %, 15834 MiB, 16384 MiB, 112.17 W, 66
2026/09/14 22:11:19.285, 100 %, 64 %, 15834 MiB, 16384 MiB, 211.06 W, 66
2026/09/14 22:11:20.288, 100 %, 0 %, 15834 MiB, 16384 MiB, 121.45 W, 67
2026/09/14 22:11:21.291, 100 %, 0 %, 15834 MiB, 16384 MiB, 121.65 W, 67
2026/09/14 22:11:22.297, 100 %, 10 %, 15834 MiB, 16384 MiB, 117.29 W, 67
2026/09/14 22:11:23.301, 100 %, 60 %, 15834 MiB, 16384 MiB, 94.34 W, 66
2026/09/14 22:11:24.303, 100 %, 0 %, 15834 MiB, 16384 MiB, 121.96 W, 70
2026/09/14 22:11:25.306, 100 %, 0 %, 15834 MiB, 16384 MiB, 121.81 W, 68
2026/09/14 22:11:26.309, 100 %, 8 %, 15834 MiB, 16384 MiB, 119.01 W, 68
2026/09/14 22:11:27.311, 100 %, 83 %, 15834 MiB, 16384 MiB, 62.62 W, 70
2026/09/14 22:11:28.316, 100 %, 0 %, 15834 MiB, 16384 MiB, 190.77 W, 71
2026/09/14 22:11:29.320, 100 %, 0 %, 15834 MiB, 16384 MiB, 122.20 W, 68
2026/09/14 22:11:30.322, 100 %, 4 %, 15834 MiB, 16384 MiB, 120.58 W, 69
2026/09/14 22:11:31.324, 100 %, 70 %, 15834 MiB, 16384 MiB, 126.55 W, 69
2026/09/14 22:11:32.327, 100 %, 0 %, 15834 MiB, 16384 MiB, 249.47 W, 71
2026/09/14 22:11:33.330, 100 %, 0 %, 15834 MiB, 16384 MiB, 122.29 W, 69
2026/09/14 22:11:34.332, 100 %, 0 %, 15834 MiB, 16384 MiB, 120.75 W, 69
2026/09/14 22:11:35.334, 100 %, 43 %, 15834 MiB, 16384 MiB, 115.60 W, 69
2026/09/14 22:11:36.339, 100 %, 0 %, 15834 MiB, 16384 MiB, 204.71 W, 72
2026/09/14 22:11:37.342, 100 %, 0 %, 15834 MiB, 16384 MiB, 122.75 W, 70
2026/09/14 22:11:38.344, 100 %, 0 %, 15834 MiB, 16384 MiB, 120.40 W, 70
2026/09/14 22:11:39.346, 19 %, 18 %, 15834 MiB, 16384 MiB, 64.23 W, 68
2026/09/14 22:11:40.348, 100 %, 0 %, 15834 MiB, 16384 MiB, 122.76 W, 70
2026/09/14 22:11:41.351, 1 %, 2 %, 15834 MiB, 16384 MiB, 64.69 W, 70
2026/09/14 22:11:42.354, 100 %, 0 %, 15834 MiB, 16384 MiB, 122.61 W, 73
2026/09/14 22:11:43.356, 66 %, 7 %, 15834 MiB, 16384 MiB, 113.34 W, 70
2026/09/14 22:11:44.359, 100 %, 70 %, 15834 MiB, 16384 MiB, 187.06 W, 69
2026/09/14 22:11:45.361, 100 %, 0 %, 15834 MiB, 16384 MiB, 120.59 W, 70
2026/09/14 22:11:46.364, 1 %, 2 %, 15834 MiB, 16384 MiB, 64.44 W, 68
2026/09/14 22:11:47.366, 100 %, 0 %, 15834 MiB, 16384 MiB, 122.66 W, 70
2026/09/14 22:11:48.369, 2 %, 3 %, 15834 MiB, 16384 MiB, 64.67 W, 70
2026/09/14 22:11:49.371, 100 %, 0 %, 15834 MiB, 16384 MiB, 157.06 W, 72
2026/09/14 22:11:50.374, 100 %, 0 %, 15834 MiB, 16384 MiB, 119.57 W, 70
2026/09/14 22:11:51.376, 75 %, 67 %, 15834 MiB, 16384 MiB, 61.01 W, 69
2026/09/14 22:11:52.379, 100 %, 0 %, 15834 MiB, 16384 MiB, 123.42 W, 70
2026/09/14 22:11:53.382, 2 %, 3 %, 15834 MiB, 16384 MiB, 65.09 W, 68
2026/09/14 22:11:54.385, 100 %, 0 %, 15834 MiB, 16384 MiB, 123.37 W, 70
2026/09/14 22:11:55.387, 18 %, 10 %, 15834 MiB, 16384 MiB, 148.04 W, 70
2026/09/14 22:11:56.389, 100 %, 29 %, 15834 MiB, 16384 MiB, 227.35 W, 72
2026/09/14 22:11:57.394, 100 %, 0 %, 15834 MiB, 16384 MiB, 120.07 W, 70
2026/09/14 22:11:58.396, 35 %, 32 %, 15834 MiB, 16384 MiB, 65.52 W, 69
2026/09/14 22:11:59.400, 100 %, 0 %, 15834 MiB, 16384 MiB, 123.66 W, 70
2026/09/14 22:12:00.402, 1 %, 2 %, 15834 MiB, 16384 MiB, 65.35 W, 68
2026/09/14 22:12:01.404, 100 %, 0 %, 15834 MiB, 16384 MiB, 123.51 W, 70
2026/09/14 22:12:02.406, 47 %, 7 %, 15834 MiB, 16384 MiB, 116.89 W, 70
2026/09/14 22:12:03.409, 100 %, 59 %, 15834 MiB, 16384 MiB, 203.71 W, 72
2026/09/14 22:12:04.413, 100 %, 0 %, 15834 MiB, 16384 MiB, 122.63 W, 70
2026/09/14 22:12:05.415, 5 %, 5 %, 15834 MiB, 16384 MiB, 65.02 W, 69
2026/09/14 22:12:06.419, 100 %, 0 %, 15834 MiB, 16384 MiB, 123.22 W, 70
2026/09/14 22:12:07.423, 1 %, 2 %, 15834 MiB, 16384 MiB, 64.52 W, 69
2026/09/14 22:12:08.425, 100 %, 0 %, 15834 MiB, 16384 MiB, 123.54 W, 71
2026/09/14 22:12:09.428, 88 %, 8 %, 15834 MiB, 16384 MiB, 110.56 W, 70
2026/09/14 22:12:10.430, 100 %, 85 %, 15834 MiB, 16384 MiB, 129.68 W, 70
2026/09/14 22:12:11.433, 100 %, 0 %, 15834 MiB, 16384 MiB, 122.98 W, 70
2026/09/14 22:12:12.436, 1 %, 2 %, 15834 MiB, 16384 MiB, 64.93 W, 69
2026/09/14 22:12:13.438, 100 %, 0 %, 15834 MiB, 16384 MiB, 123.39 W, 70
2026/09/14 22:12:14.442, 6 %, 5 %, 15834 MiB, 16384 MiB, 65.17 W, 70
2026/09/14 22:12:15.444, 100 %, 19 %, 15834 MiB, 16384 MiB, 144.46 W, 73
2026/09/14 22:12:16.447, 100 %, 0 %, 15834 MiB, 16384 MiB, 118.46 W, 70
2026/09/14 22:12:17.449, 41 %, 33 %, 15834 MiB, 16384 MiB, 84.11 W, 69
2026/09/14 22:12:18.452, 100 %, 0 %, 15834 MiB, 16384 MiB, 123.36 W, 70
2026/09/14 22:12:19.454, 1 %, 2 %, 15834 MiB, 16384 MiB, 64.55 W, 69
2026/09/14 22:12:20.456, 100 %, 0 %, 15834 MiB, 16384 MiB, 123.66 W, 70
2026/09/14 22:12:21.460, 49 %, 7 %, 15834 MiB, 16384 MiB, 128.46 W, 70
2026/09/14 22:12:22.463, 100 %, 60 %, 15834 MiB, 16384 MiB, 259.23 W, 73
2026/09/14 22:12:23.466, 100 %, 0 %, 15834 MiB, 16384 MiB, 120.85 W, 70
2026/09/14 22:12:24.468, 6 %, 7 %, 15834 MiB, 16384 MiB, 62.84 W, 69
2026/09/14 22:12:25.471, 100 %, 0 %, 15834 MiB, 16384 MiB, 123.73 W, 71
2026/09/14 22:12:26.473, 1 %, 2 %, 15834 MiB, 16384 MiB, 65.55 W, 69
2026/09/14 22:12:27.476, 100 %, 0 %, 15834 MiB, 16384 MiB, 123.55 W, 71
2026/09/14 22:12:28.479, 100 %, 2 %, 15834 MiB, 16384 MiB, 114.82 W, 70
2026/09/14 22:12:29.482, 82 %, 73 %, 15834 MiB, 16384 MiB, 200.61 W, 70
2026/09/14 22:12:30.484, 100 %, 0 %, 15834 MiB, 16384 MiB, 121.42 W, 70
2026/09/14 22:12:31.486, 1 %, 2 %, 15834 MiB, 16384 MiB, 65.37 W, 69
2026/09/14 22:12:32.489, 100 %, 0 %, 15834 MiB, 16384 MiB, 123.37 W, 71
2026/09/14 22:12:33.491, 5 %, 5 %, 15834 MiB, 16384 MiB, 65.53 W, 72
2026/09/14 22:12:34.498, 100 %, 15 %, 15834 MiB, 16384 MiB, 132.52 W, 74
2026/09/14 22:12:35.503, 100 %, 0 %, 15834 MiB, 16384 MiB, 118.48 W, 70
2026/09/14 22:12:36.506, 57 %, 51 %, 15834 MiB, 16384 MiB, 121.24 W, 70
2026/09/14 22:12:37.509, 100 %, 0 %, 15834 MiB, 16384 MiB, 122.15 W, 71
2026/09/14 22:12:38.511, 1 %, 2 %, 15834 MiB, 16384 MiB, 65.14 W, 69
2026/09/14 22:12:39.513, 100 %, 0 %, 15834 MiB, 16384 MiB, 123.62 W, 71
2026/09/14 22:12:40.515, 1 %, 2 %, 15834 MiB, 16384 MiB, 119.82 W, 70
2026/09/14 22:12:41.519, 100 %, 0 %, 15834 MiB, 16384 MiB, 236.01 W, 73
2026/09/14 22:12:42.524, 65 %, 6 %, 15834 MiB, 16384 MiB, 120.60 W, 71
2026/09/14 22:12:43.527, 100 %, 69 %, 15834 MiB, 16384 MiB, 61.73 W, 70
2026/09/14 22:12:44.529, 100 %, 0 %, 15834 MiB, 16384 MiB, 123.85 W, 71
2026/09/14 22:12:45.532, 1 %, 2 %, 15834 MiB, 16384 MiB, 65.53 W, 69
2026/09/14 22:12:46.534, 100 %, 0 %, 15834 MiB, 16384 MiB, 123.74 W, 71
2026/09/14 22:12:47.537, 1 %, 2 %, 15834 MiB, 16384 MiB, 116.62 W, 71
2026/09/14 22:12:48.539, 100 %, 0 %, 15834 MiB, 16384 MiB, 206.27 W, 73
2026/09/14 22:12:49.544, 100 %, 0 %, 15834 MiB, 16384 MiB, 124.33 W, 71
2026/09/14 22:12:50.546, 72 %, 64 %, 15834 MiB, 16384 MiB, 65.10 W, 69
2026/09/14 22:12:51.549, 100 %, 0 %, 15834 MiB, 16384 MiB, 124.19 W, 71
2026/09/14 22:12:52.551, 100 %, 9 %, 15834 MiB, 16384 MiB, 124.64 W, 71
2026/09/14 22:12:53.553, 100 %, 81 %, 15834 MiB, 16384 MiB, 77.05 W, 71
2026/09/14 22:12:54.557, 100 %, 0 %, 15834 MiB, 16384 MiB, 124.13 W, 74
2026/09/14 22:12:55.559, 100 %, 0 %, 15834 MiB, 16384 MiB, 123.99 W, 71
2026/09/14 22:12:56.562, 100 %, 0 %, 15834 MiB, 16384 MiB, 120.43 W, 71
2026/09/14 22:12:57.564, 100 %, 62 %, 15834 MiB, 16384 MiB, 63.76 W, 72
2026/09/14 22:12:58.566, 100 %, 0 %, 15834 MiB, 16384 MiB, 147.43 W, 74
2026/09/14 22:12:59.569, 100 %, 0 %, 15834 MiB, 16384 MiB, 123.82 W, 72
2026/09/14 22:13:00.571, 100 %, 0 %, 15834 MiB, 16384 MiB, 123.12 W, 72
2026/09/14 22:13:01.574, 100 %, 47 %, 15834 MiB, 16384 MiB, 115.78 W, 72
2026/09/14 22:13:02.579, 100 %, 0 %, 15834 MiB, 16384 MiB, 227.82 W, 74
2026/09/14 22:13:03.592, 100 %, 0 %, 15834 MiB, 16384 MiB, 123.83 W, 72
2026/09/14 22:13:04.594, 100 %, 0 %, 15834 MiB, 16384 MiB, 122.07 W, 72
2026/09/14 22:13:05.597, 100 %, 33 %, 15834 MiB, 16384 MiB, 137.42 W, 72
2026/09/14 22:13:06.599, 100 %, 7 %, 15834 MiB, 16384 MiB, 260.44 W, 74
2026/09/14 22:13:07.602, 100 %, 0 %, 15834 MiB, 16384 MiB, 124.45 W, 72
2026/09/14 22:13:08.605, 100 %, 0 %, 15834 MiB, 16384 MiB, 122.47 W, 72
2026/09/14 22:13:09.607, 100 %, 22 %, 15834 MiB, 16384 MiB, 150.98 W, 72
2026/09/14 22:13:10.611, 100 %, 27 %, 15834 MiB, 16384 MiB, 222.81 W, 74
2026/09/14 22:13:11.617, 100 %, 0 %, 15834 MiB, 16384 MiB, 124.52 W, 72
2026/09/14 22:13:12.620, 100 %, 0 %, 15834 MiB, 16384 MiB, 123.33 W, 72
2026/09/14 22:13:13.622, 100 %, 8 %, 15834 MiB, 16384 MiB, 110.57 W, 72
2026/09/14 22:13:14.625, 100 %, 43 %, 15834 MiB, 16384 MiB, 208.55 W, 74
2026/09/14 22:13:15.630, 100 %, 0 %, 15834 MiB, 16384 MiB, 124.48 W, 72
2026/09/14 22:13:16.632, 100 %, 0 %, 15834 MiB, 16384 MiB, 122.72 W, 72
2026/09/14 22:13:17.636, 100 %, 8 %, 15834 MiB, 16384 MiB, 114.90 W, 72
2026/09/14 22:13:18.638, 100 %, 57 %, 15834 MiB, 16384 MiB, 200.25 W, 73
2026/09/14 22:13:19.640, 100 %, 0 %, 15834 MiB, 16384 MiB, 124.54 W, 72
2026/09/14 22:13:20.643, 100 %, 0 %, 15834 MiB, 16384 MiB, 125.01 W, 73
2026/09/14 22:13:21.645, 100 %, 9 %, 15834 MiB, 16384 MiB, 117.42 W, 72
2026/09/14 22:13:22.647, 100 %, 67 %, 15834 MiB, 16384 MiB, 191.44 W, 73
2026/09/14 22:13:23.650, 100 %, 0 %, 15834 MiB, 16384 MiB, 124.83 W, 73
2026/09/14 22:13:24.652, 100 %, 0 %, 15834 MiB, 16384 MiB, 124.98 W, 73
2026/09/14 22:13:25.654, 100 %, 7 %, 15834 MiB, 16384 MiB, 119.90 W, 73
2026/09/14 22:13:26.657, 100 %, 85 %, 15834 MiB, 16384 MiB, 121.12 W, 72
2026/09/14 22:13:27.659, 100 %, 0 %, 15834 MiB, 16384 MiB, 124.72 W, 73
2026/09/14 22:13:28.661, 100 %, 0 %, 15834 MiB, 16384 MiB, 123.39 W, 73
2026/09/14 22:13:29.663, 100 %, 8 %, 15834 MiB, 16384 MiB, 112.99 W, 73
2026/09/14 22:13:30.666, 100 %, 86 %, 15834 MiB, 16384 MiB, 202.01 W, 72
2026/09/14 22:13:31.670, 100 %, 0 %, 15834 MiB, 16384 MiB, 125.08 W, 73
2026/09/14 22:13:32.672, 100 %, 0 %, 15834 MiB, 16384 MiB, 124.84 W, 73
2026/09/14 22:13:33.675, 100 %, 1 %, 15834 MiB, 16384 MiB, 120.27 W, 73
2026/09/14 22:13:34.677, 100 %, 74 %, 15834 MiB, 16384 MiB, 183.39 W, 72
2026/09/14 22:13:35.680, 100 %, 0 %, 15834 MiB, 16384 MiB, 124.91 W, 73
2026/09/14 22:13:36.682, 100 %, 0 %, 15834 MiB, 16384 MiB, 124.64 W, 73
2026/09/14 22:13:37.684, 100 %, 0 %, 15834 MiB, 16384 MiB, 118.75 W, 73
2026/09/14 22:13:38.687, 100 %, 61 %, 15834 MiB, 16384 MiB, 147.19 W, 72
2026/09/14 22:13:39.689, 100 %, 0 %, 15834 MiB, 16384 MiB, 125.25 W, 73
2026/09/14 22:13:40.692, 100 %, 0 %, 15834 MiB, 16384 MiB, 125.25 W, 73
2026/09/14 22:13:41.694, 100 %, 0 %, 15834 MiB, 16384 MiB, 123.08 W, 73
2026/09/14 22:13:42.696, 55 %, 48 %, 15834 MiB, 16384 MiB, 111.47 W, 72
2026/09/14 22:13:43.698, 100 %, 0 %, 15834 MiB, 16384 MiB, 123.88 W, 73
2026/09/14 22:13:44.701, 1 %, 2 %, 15834 MiB, 16384 MiB, 67.46 W, 71
2026/09/14 22:13:45.703, 100 %, 0 %, 15834 MiB, 16384 MiB, 124.97 W, 73
2026/09/14 22:13:46.706, 37 %, 8 %, 15834 MiB, 16384 MiB, 129.55 W, 72
2026/09/14 22:13:47.708, 100 %, 49 %, 15834 MiB, 16384 MiB, 251.13 W, 75
2026/09/14 22:13:48.713, 100 %, 0 %, 15834 MiB, 16384 MiB, 121.99 W, 73
2026/09/14 22:13:49.715, 23 %, 21 %, 15834 MiB, 16384 MiB, 63.41 W, 71
2026/09/14 22:13:50.718, 100 %, 0 %, 15834 MiB, 16384 MiB, 124.84 W, 73
2026/09/14 22:13:51.720, 1 %, 2 %, 15834 MiB, 16384 MiB, 67.27 W, 71
2026/09/14 22:13:52.722, 100 %, 0 %, 15834 MiB, 16384 MiB, 124.98 W, 73
2026/09/14 22:13:53.725, 1 %, 2 %, 15834 MiB, 16384 MiB, 114.20 W, 72
2026/09/14 22:13:54.728, 100 %, 0 %, 15834 MiB, 16384 MiB, 206.52 W, 75
2026/09/14 22:13:55.734, 100 %, 2 %, 15834 MiB, 16384 MiB, 122.46 W, 72
2026/09/14 22:13:56.737, 84 %, 72 %, 15834 MiB, 16384 MiB, 66.38 W, 71
2026/09/14 22:13:57.739, 100 %, 0 %, 15834 MiB, 16384 MiB, 125.08 W, 72
2026/09/14 22:13:58.742, 2 %, 3 %, 15834 MiB, 16384 MiB, 67.40 W, 71
2026/09/14 22:13:59.744, 100 %, 0 %, 15834 MiB, 16384 MiB, 124.79 W, 72
2026/09/14 22:14:00.747, 1 %, 2 %, 15834 MiB, 16384 MiB, 113.55 W, 72
2026/09/14 22:14:01.749, 100 %, 7 %, 15834 MiB, 16384 MiB, 263.24 W, 74
2026/09/14 22:14:02.754, 100 %, 0 %, 15834 MiB, 16384 MiB, 121.76 W, 72
2026/09/14 22:14:03.756, 55 %, 49 %, 15834 MiB, 16384 MiB, 63.87 W, 71
2026/09/14 22:14:04.759, 100 %, 0 %, 15834 MiB, 16384 MiB, 124.73 W, 72
2026/09/14 22:14:05.763, 1 %, 2 %, 15834 MiB, 16384 MiB, 67.06 W, 70
2026/09/14 22:14:06.766, 100 %, 0 %, 15834 MiB, 16384 MiB, 124.85 W, 72
2026/09/14 22:14:07.768, 33 %, 8 %, 15834 MiB, 16384 MiB, 113.71 W, 72
2026/09/14 22:14:08.770, 100 %, 45 %, 15834 MiB, 16384 MiB, 204.66 W, 71
2026/09/14 22:14:09.774, 100 %, 0 %, 15834 MiB, 16384 MiB, 124.90 W, 72
2026/09/14 22:14:10.776, 18 %, 17 %, 15834 MiB, 16384 MiB, 66.56 W, 70
2026/09/14 22:14:11.779, 100 %, 0 %, 15834 MiB, 16384 MiB, 125.08 W, 72
2026/09/14 22:14:12.781, 1 %, 2 %, 15834 MiB, 16384 MiB, 66.62 W, 72
2026/09/14 22:14:13.784, 100 %, 0 %, 15834 MiB, 16384 MiB, 153.40 W, 74
2026/09/14 22:14:14.786, 88 %, 7 %, 15834 MiB, 16384 MiB, 123.77 W, 72
2026/09/14 22:14:15.789, 99 %, 82 %, 15834 MiB, 16384 MiB, 83.44 W, 70
2026/09/14 22:14:16.792, 100 %, 0 %, 15834 MiB, 16384 MiB, 123.68 W, 71
2026/09/14 22:14:17.794, 1 %, 2 %, 15834 MiB, 16384 MiB, 66.02 W, 70
2026/09/14 22:14:18.797, 100 %, 0 %, 15834 MiB, 16384 MiB, 124.31 W, 72
2026/09/14 22:14:19.801, 1 %, 2 %, 15834 MiB, 16384 MiB, 140.78 W, 71
2026/09/14 22:14:20.804, 100 %, 12 %, 15834 MiB, 16384 MiB, 254.96 W, 74
2026/09/14 22:14:21.807, 100 %, 0 %, 15834 MiB, 16384 MiB, 121.55 W, 71
2026/09/14 22:14:22.809, 59 %, 52 %, 15834 MiB, 16384 MiB, 64.75 W, 70
2026/09/14 22:14:23.812, 100 %, 0 %, 15834 MiB, 16384 MiB, 124.29 W, 71
2026/09/14 22:14:24.814, 1 %, 2 %, 15834 MiB, 16384 MiB, 66.50 W, 70
2026/09/14 22:14:25.816, 100 %, 0 %, 15834 MiB, 16384 MiB, 124.71 W, 71
2026/09/14 22:14:26.819, 44 %, 8 %, 15834 MiB, 16384 MiB, 116.00 W, 71
2026/09/14 22:14:27.821, 100 %, 54 %, 15834 MiB, 16384 MiB, 200.71 W, 72
2026/09/14 22:14:28.823, 100 %, 0 %, 15834 MiB, 16384 MiB, 122.47 W, 71
2026/09/14 22:14:29.826, 11 %, 11 %, 15834 MiB, 16384 MiB, 66.36 W, 70
2026/09/14 22:14:30.828, 100 %, 0 %, 15834 MiB, 16384 MiB, 124.37 W, 71
2026/09/14 22:14:31.831, 1 %, 2 %, 15834 MiB, 16384 MiB, 104.00 W, 71
2026/09/14 22:14:32.834, 100 %, 0 %, 15834 MiB, 16384 MiB, 219.05 W, 74
2026/09/14 22:14:33.837, 97 %, 7 %, 15834 MiB, 16384 MiB, 121.21 W, 71
2026/09/14 22:14:34.839, 91 %, 80 %, 15834 MiB, 16384 MiB, 60.45 W, 70
2026/09/14 22:14:35.841, 100 %, 0 %, 15834 MiB, 16384 MiB, 124.42 W, 71
2026/09/14 22:14:36.844, 2 %, 3 %, 15834 MiB, 16384 MiB, 66.31 W, 69
2026/09/14 22:14:37.847, 100 %, 0 %, 15834 MiB, 16384 MiB, 124.25 W, 71
2026/09/14 22:14:38.849, 2 %, 2 %, 15834 MiB, 16384 MiB, 137.05 W, 70
2026/09/14 22:14:39.851, 100 %, 8 %, 15834 MiB, 16384 MiB, 143.53 W, 73
2026/09/14 22:14:40.854, 100 %, 0 %, 15834 MiB, 16384 MiB, 123.60 W, 71
2026/09/14 22:14:41.856, 67 %, 57 %, 15834 MiB, 16384 MiB, 127.96 W, 70
2026/09/14 22:14:42.859, 100 %, 0 %, 15834 MiB, 16384 MiB, 123.17 W, 71
2026/09/14 22:14:43.861, 2 %, 3 %, 15834 MiB, 16384 MiB, 58.50 W, 69
2026/09/14 22:14:44.864, 100 %, 0 %, 15834 MiB, 16384 MiB, 124.23 W, 71
2026/09/14 22:14:45.868, 27 %, 8 %, 15834 MiB, 16384 MiB, 122.02 W, 70
2026/09/14 22:14:46.871, 100 %, 38 %, 15834 MiB, 16384 MiB, 239.55 W, 73
2026/09/14 22:14:47.874, 100 %, 0 %, 15834 MiB, 16384 MiB, 121.01 W, 71
2026/09/14 22:14:48.876, 31 %, 28 %, 15834 MiB, 16384 MiB, 61.87 W, 70
2026/09/14 22:14:49.879, 100 %, 0 %, 15834 MiB, 16384 MiB, 124.13 W, 71
2026/09/14 22:14:50.881, 1 %, 2 %, 15834 MiB, 16384 MiB, 65.79 W, 69
2026/09/14 22:14:51.883, 100 %, 0 %, 15834 MiB, 16384 MiB, 124.45 W, 71
2026/09/14 22:14:52.886, 52 %, 7 %, 15834 MiB, 16384 MiB, 147.41 W, 71
2026/09/14 22:14:53.888, 100 %, 62 %, 15834 MiB, 16384 MiB, 243.86 W, 73
2026/09/14 22:14:54.892, 100 %, 0 %, 15834 MiB, 16384 MiB, 121.68 W, 71
2026/09/14 22:14:55.894, 100 %, 12 %, 15834 MiB, 16384 MiB, 72.47 W, 69
2026/09/14 22:14:56.896, 100 %, 7 %, 15834 MiB, 16384 MiB, 72.09 W, 69
2026/09/14 22:14:57.899, 100 %, 9 %, 15834 MiB, 16384 MiB, 71.97 W, 69
2026/09/14 22:14:58.901, 100 %, 6 %, 15834 MiB, 16384 MiB, 66.44 W, 68
2026/09/14 22:14:59.904, 100 %, 6 %, 15834 MiB, 16384 MiB, 71.40 W, 68
2026/09/14 22:15:00.906, 100 %, 9 %, 15834 MiB, 16384 MiB, 71.40 W, 68
2026/09/14 22:15:01.908, 2 %, 3 %, 15834 MiB, 16384 MiB, 65.66 W, 68
2026/09/14 22:15:02.912, 1 %, 2 %, 15834 MiB, 16384 MiB, 66.74 W, 67
2026/09/14 22:15:03.916, 1 %, 2 %, 15834 MiB, 16384 MiB, 51.35 W, 66
2026/09/14 22:15:04.919, 4 %, 4 %, 15834 MiB, 16384 MiB, 53.00 W, 66
2026/09/14 22:15:05.923, 4 %, 4 %, 15834 MiB, 16384 MiB, 53.92 W, 66
2026/09/14 22:15:06.927, 2 %, 3 %, 15834 MiB, 16384 MiB, 50.78 W, 65
2026/09/14 22:15:07.930, 2 %, 3 %, 15834 MiB, 16384 MiB, 50.74 W, 65
2026/09/14 22:15:08.932, 1 %, 2 %, 15834 MiB, 16384 MiB, 50.46 W, 65
2026/09/14 22:15:09.935, 4 %, 4 %, 15834 MiB, 16384 MiB, 50.20 W, 65
2026/09/14 22:15:10.937, 4 %, 4 %, 15834 MiB, 16384 MiB, 53.46 W, 65
2026/09/14 22:15:11.940, 1 %, 2 %, 15834 MiB, 16384 MiB, 50.19 W, 64
2026/09/14 22:15:12.943, 1 %, 2 %, 15834 MiB, 16384 MiB, 50.33 W, 64
2026/09/14 22:15:13.945, 1 %, 2 %, 15834 MiB, 16384 MiB, 50.29 W, 64
2026/09/14 22:15:14.948, 1 %, 2 %, 15834 MiB, 16384 MiB, 50.36 W, 64
2026/09/14 22:15:15.951, 3 %, 4 %, 15834 MiB, 16384 MiB, 49.68 W, 63
2026/09/14 22:15:16.953, 4 %, 4 %, 15834 MiB, 16384 MiB, 53.22 W, 63
2026/09/14 22:15:17.956, 2 %, 3 %, 15834 MiB, 16384 MiB, 50.17 W, 63
2026/09/14 22:15:18.958, 2 %, 3 %, 15834 MiB, 16384 MiB, 50.27 W, 63
2026/09/14 22:15:19.963, 1 %, 2 %, 15834 MiB, 16384 MiB, 50.08 W, 63
2026/09/14 22:15:20.965, 3 %, 4 %, 15834 MiB, 16384 MiB, 49.54 W, 62
2026/09/14 22:15:21.968, 4 %, 4 %, 15834 MiB, 16384 MiB, 52.90 W, 62
2026/09/14 22:15:22.970, 1 %, 2 %, 15834 MiB, 16384 MiB, 49.60 W, 62
2026/09/14 22:15:23.973, 1 %, 2 %, 15834 MiB, 16384 MiB, 50.08 W, 62
2026/09/14 22:15:24.976, 100 %, 6 %, 15834 MiB, 16384 MiB, 50.89 W, 62
2026/09/14 22:15:25.979, 100 %, 6 %, 15834 MiB, 16384 MiB, 69.46 W, 62
2026/09/14 22:15:26.985, 100 %, 9 %, 15834 MiB, 16384 MiB, 69.35 W, 62
2026/09/14 22:15:27.987, 100 %, 9 %, 15834 MiB, 16384 MiB, 64.06 W, 62
2026/09/14 22:15:28.990, 100 %, 6 %, 15834 MiB, 16384 MiB, 67.96 W, 62
2026/09/14 22:15:29.993, 100 %, 6 %, 15834 MiB, 16384 MiB, 69.24 W, 62
2026/09/14 22:15:30.995, 3 %, 4 %, 15834 MiB, 16384 MiB, 66.58 W, 62
2026/09/14 22:15:31.998, 1 %, 2 %, 15834 MiB, 16384 MiB, 62.69 W, 62
2026/09/14 22:15:33.001, 2 %, 3 %, 15834 MiB, 16384 MiB, 49.33 W, 61
2026/09/14 22:15:34.005, 1 %, 2 %, 15834 MiB, 16384 MiB, 49.03 W, 61
2026/09/14 22:15:35.008, 1 %, 2 %, 15834 MiB, 16384 MiB, 48.77 W, 61
2026/09/14 22:15:36.011, 4 %, 4 %, 15834 MiB, 16384 MiB, 48.56 W, 60
2026/09/14 22:15:37.014, 4 %, 4 %, 15834 MiB, 16384 MiB, 52.30 W, 60
2026/09/14 22:15:38.017, 1 %, 2 %, 15834 MiB, 16384 MiB, 49.21 W, 60
2026/09/14 22:15:39.019, 1 %, 2 %, 15834 MiB, 16384 MiB, 49.08 W, 60
2026/09/14 22:15:40.022, 1 %, 2 %, 15834 MiB, 16384 MiB, 48.99 W, 60
2026/09/14 22:15:41.024, 3 %, 4 %, 15834 MiB, 16384 MiB, 49.01 W, 60
2026/09/14 22:15:42.027, 3 %, 4 %, 15834 MiB, 16384 MiB, 48.34 W, 59
2026/09/14 22:15:43.029, 4 %, 5 %, 15834 MiB, 16384 MiB, 52.17 W, 59
2026/09/14 22:15:44.032, 1 %, 2 %, 15834 MiB, 16384 MiB, 49.44 W, 59
2026/09/14 22:15:45.034, 1 %, 2 %, 15834 MiB, 16384 MiB, 49.21 W, 59
2026/09/14 22:15:46.037, 1 %, 2 %, 15834 MiB, 16384 MiB, 48.79 W, 59
2026/09/14 22:15:47.039, 4 %, 4 %, 15834 MiB, 16384 MiB, 48.56 W, 59
2026/09/14 22:15:48.042, 4 %, 5 %, 15834 MiB, 16384 MiB, 51.97 W, 59
2026/09/14 22:15:49.044, 2 %, 3 %, 15834 MiB, 16384 MiB, 48.22 W, 59
2026/09/14 22:15:50.047, 1 %, 2 %, 15834 MiB, 16384 MiB, 48.25 W, 59
2026/09/14 22:15:51.050, 1 %, 2 %, 15834 MiB, 16384 MiB, 48.43 W, 58
2026/09/14 22:15:52.052, 1 %, 2 %, 15834 MiB, 16384 MiB, 47.96 W, 58
2026/09/14 22:15:53.055, 4 %, 4 %, 15834 MiB, 16384 MiB, 47.69 W, 58
2026/09/14 22:15:54.057, 100 %, 9 %, 15834 MiB, 16384 MiB, 67.28 W, 59
2026/09/14 22:15:55.060, 100 %, 6 %, 15834 MiB, 16384 MiB, 61.92 W, 59
2026/09/14 22:15:56.062, 100 %, 6 %, 15834 MiB, 16384 MiB, 67.33 W, 59
2026/09/14 22:15:57.064, 100 %, 6 %, 15834 MiB, 16384 MiB, 67.05 W, 59
2026/09/14 22:15:58.067, 100 %, 9 %, 15834 MiB, 16384 MiB, 67.47 W, 59
2026/09/14 22:15:59.069, 100 %, 6 %, 15834 MiB, 16384 MiB, 61.93 W, 59
2026/09/14 22:16:00.072, 1 %, 2 %, 15834 MiB, 16384 MiB, 61.59 W, 59
2026/09/14 22:16:01.075, 1 %, 2 %, 15834 MiB, 16384 MiB, 47.83 W, 58
2026/09/14 22:16:02.078, 3 %, 4 %, 15834 MiB, 16384 MiB, 47.70 W, 58
2026/09/14 22:16:03.082, 3 %, 4 %, 15834 MiB, 16384 MiB, 50.37 W, 58
2026/09/14 22:16:04.085, 1 %, 2 %, 15834 MiB, 16384 MiB, 47.83 W, 58
2026/09/14 22:16:05.089, 1 %, 2 %, 15834 MiB, 16384 MiB, 47.81 W, 58
2026/09/14 22:16:06.092, 1 %, 2 %, 15834 MiB, 16384 MiB, 47.40 W, 58
2026/09/14 22:16:07.157, 1 %, 2 %, 15834 MiB, 16384 MiB, 47.01 W, 58
2026/09/14 22:16:08.160, 4 %, 4 %, 15834 MiB, 16384 MiB, 46.87 W, 58
2026/09/14 22:16:09.162, 3 %, 4 %, 15834 MiB, 16384 MiB, 49.35 W, 57
2026/09/14 22:16:10.165, 1 %, 2 %, 15834 MiB, 16384 MiB, 46.89 W, 57
2026/09/14 22:16:11.167, 1 %, 2 %, 15834 MiB, 16384 MiB, 46.76 W, 57
2026/09/14 22:16:12.170, 1 %, 2 %, 15834 MiB, 16384 MiB, 47.05 W, 57
2026/09/14 22:16:13.173, 1 %, 2 %, 15834 MiB, 16384 MiB, 46.99 W, 57
2026/09/14 22:16:14.175, 4 %, 4 %, 15834 MiB, 16384 MiB, 47.04 W, 57
2026/09/14 22:16:15.178, 3 %, 4 %, 15834 MiB, 16384 MiB, 50.00 W, 57
2026/09/14 22:16:16.180, 1 %, 3 %, 15834 MiB, 16384 MiB, 47.36 W, 57
2026/09/14 22:16:17.183, 1 %, 3 %, 15834 MiB, 16384 MiB, 47.63 W, 57
2026/09/14 22:16:18.185, 1 %, 2 %, 15834 MiB, 16384 MiB, 47.05 W, 57
2026/09/14 22:16:19.188, 4 %, 4 %, 15834 MiB, 16384 MiB, 47.38 W, 57
2026/09/14 22:16:20.190, 3 %, 4 %, 15834 MiB, 16384 MiB, 46.36 W, 57
2026/09/14 22:16:21.193, 4 %, 4 %, 15834 MiB, 16384 MiB, 48.86 W, 57
2026/09/14 22:16:22.195, 1 %, 2 %, 15834 MiB, 16384 MiB, 47.19 W, 57
2026/09/14 22:16:23.199, 100 %, 9 %, 15834 MiB, 16384 MiB, 66.66 W, 57
2026/09/14 22:16:24.202, 100 %, 6 %, 15834 MiB, 16384 MiB, 61.18 W, 58
2026/09/14 22:16:25.204, 100 %, 6 %, 15834 MiB, 16384 MiB, 65.27 W, 58
2026/09/14 22:16:26.207, 100 %, 6 %, 15834 MiB, 16384 MiB, 65.48 W, 58
2026/09/14 22:16:27.209, 100 %, 9 %, 15834 MiB, 16384 MiB, 65.21 W, 58
2026/09/14 22:16:28.211, 1 %, 2 %, 15834 MiB, 16384 MiB, 60.18 W, 58
2026/09/14 22:16:29.214, 3 %, 4 %, 15834 MiB, 16384 MiB, 59.50 W, 58
2026/09/14 22:16:30.217, 4 %, 4 %, 15834 MiB, 16384 MiB, 49.92 W, 57
2026/09/14 22:16:31.220, 2 %, 3 %, 15834 MiB, 16384 MiB, 46.71 W, 57
2026/09/14 22:16:32.223, 1 %, 2 %, 15834 MiB, 16384 MiB, 46.55 W, 57
2026/09/14 22:16:33.226, 2 %, 3 %, 15834 MiB, 16384 MiB, 46.82 W, 57
2026/09/14 22:16:34.229, 4 %, 4 %, 15834 MiB, 16384 MiB, 46.64 W, 57
2026/09/14 22:16:35.232, 3 %, 4 %, 15834 MiB, 16384 MiB, 48.86 W, 56
2026/09/14 22:16:36.235, 4 %, 5 %, 15834 MiB, 16384 MiB, 49.29 W, 56
2026/09/14 22:16:37.238, 1 %, 2 %, 15834 MiB, 16384 MiB, 46.51 W, 57
2026/09/14 22:16:38.241, 1 %, 2 %, 15834 MiB, 16384 MiB, 46.19 W, 56
2026/09/14 22:16:39.244, 1 %, 2 %, 15834 MiB, 16384 MiB, 46.04 W, 56
2026/09/14 22:16:40.248, 4 %, 4 %, 15834 MiB, 16384 MiB, 45.79 W, 56
2026/09/14 22:16:41.251, 4 %, 4 %, 15834 MiB, 16384 MiB, 48.36 W, 56
2026/09/14 22:16:42.254, 1 %, 2 %, 15834 MiB, 16384 MiB, 45.60 W, 56
2026/09/14 22:16:43.257, 1 %, 2 %, 15834 MiB, 16384 MiB, 46.60 W, 56
2026/09/14 22:16:44.260, 2 %, 3 %, 15834 MiB, 16384 MiB, 46.86 W, 56
2026/09/14 22:16:45.263, 4 %, 5 %, 15834 MiB, 16384 MiB, 46.17 W, 56
2026/09/14 22:16:46.267, 4 %, 4 %, 15834 MiB, 16384 MiB, 48.57 W, 56
2026/09/14 22:16:47.273, 2 %, 3 %, 15834 MiB, 16384 MiB, 46.08 W, 56
2026/09/14 22:16:48.276, 1 %, 2 %, 15834 MiB, 16384 MiB, 45.97 W, 56
2026/09/14 22:16:49.278, 1 %, 2 %, 15834 MiB, 16384 MiB, 45.75 W, 56
2026/09/14 22:16:50.281, 1 %, 2 %, 15834 MiB, 16384 MiB, 46.24 W, 56
2026/09/14 22:16:51.283, 84 %, 12 %, 15834 MiB, 16384 MiB, 50.56 W, 56
2026/09/14 22:16:52.286, 100 %, 6 %, 15834 MiB, 16384 MiB, 59.68 W, 57
2026/09/14 22:16:53.290, 100 %, 6 %, 15834 MiB, 16384 MiB, 64.89 W, 57
2026/09/14 22:16:54.292, 100 %, 9 %, 15834 MiB, 16384 MiB, 64.94 W, 57
2026/09/14 22:16:55.294, 100 %, 8 %, 15834 MiB, 16384 MiB, 65.03 W, 57
2026/09/14 22:16:56.297, 100 %, 6 %, 15834 MiB, 16384 MiB, 60.10 W, 57
2026/09/14 22:16:57.299, 1 %, 3 %, 15834 MiB, 16384 MiB, 59.79 W, 57
2026/09/14 22:16:58.302, 1 %, 2 %, 15834 MiB, 16384 MiB, 59.78 W, 57
2026/09/14 22:16:59.304, 1 %, 2 %, 15834 MiB, 16384 MiB, 46.66 W, 56
2026/09/14 22:17:00.307, 4 %, 4 %, 15834 MiB, 16384 MiB, 46.27 W, 56
2026/09/14 22:17:01.309, 3 %, 4 %, 15834 MiB, 16384 MiB, 46.83 W, 56
2026/09/14 22:17:02.312, 2 %, 3 %, 15834 MiB, 16384 MiB, 46.42 W, 56
2026/09/14 22:17:03.314, 2 %, 3 %, 15834 MiB, 16384 MiB, 46.71 W, 56
2026/09/14 22:17:04.317, 1 %, 2 %, 15834 MiB, 16384 MiB, 47.04 W, 56
2026/09/14 22:17:05.319, 1 %, 2 %, 15834 MiB, 16384 MiB, 46.81 W, 56
2026/09/14 22:17:06.322, 4 %, 4 %, 15834 MiB, 16384 MiB, 46.27 W, 56
2026/09/14 22:17:07.324, 4 %, 4 %, 15834 MiB, 16384 MiB, 48.78 W, 56
2026/09/14 22:17:08.327, 1 %, 2 %, 15834 MiB, 16384 MiB, 46.13 W, 56
2026/09/14 22:17:09.330, 1 %, 2 %, 15834 MiB, 16384 MiB, 46.18 W, 56
2026/09/14 22:17:10.332, 1 %, 2 %, 15834 MiB, 16384 MiB, 46.05 W, 56
2026/09/14 22:17:11.335, 1 %, 2 %, 15834 MiB, 16384 MiB, 46.15 W, 56
2026/09/14 22:17:12.337, 3 %, 4 %, 15834 MiB, 16384 MiB, 46.03 W, 56
2026/09/14 22:17:13.340, 4 %, 4 %, 15834 MiB, 16384 MiB, 48.23 W, 56
2026/09/14 22:17:14.343, 2 %, 3 %, 15834 MiB, 16384 MiB, 46.21 W, 56
2026/09/14 22:17:15.345, 2 %, 3 %, 15834 MiB, 16384 MiB, 46.26 W, 56
2026/09/14 22:17:16.348, 1 %, 2 %, 15834 MiB, 16384 MiB, 46.09 W, 56
2026/09/14 22:17:17.350, 3 %, 4 %, 15834 MiB, 16384 MiB, 44.72 W, 56
2026/09/14 22:17:18.353, 4 %, 4 %, 15834 MiB, 16384 MiB, 48.34 W, 55
2026/09/14 22:17:19.356, 1 %, 2 %, 15834 MiB, 16384 MiB, 45.72 W, 55
2026/09/14 22:17:20.360, 100 %, 6 %, 15834 MiB, 16384 MiB, 59.55 W, 56
2026/09/14 22:17:21.363, 100 %, 6 %, 15834 MiB, 16384 MiB, 64.70 W, 56
2026/09/14 22:17:22.366, 100 %, 9 %, 15834 MiB, 16384 MiB, 64.58 W, 56
2026/09/14 22:17:23.368, 100 %, 6 %, 15834 MiB, 16384 MiB, 59.59 W, 57
2026/09/14 22:17:24.371, 100 %, 6 %, 15834 MiB, 16384 MiB, 65.46 W, 57
2026/09/14 22:17:25.374, 100 %, 9 %, 15834 MiB, 16384 MiB, 65.81 W, 57
2026/09/14 22:17:26.377, 3 %, 4 %, 15834 MiB, 16384 MiB, 59.26 W, 57
2026/09/14 22:17:27.379, 3 %, 4 %, 15834 MiB, 16384 MiB, 62.21 W, 56
2026/09/14 22:17:28.386, 1 %, 2 %, 15834 MiB, 16384 MiB, 46.01 W, 56
2026/09/14 22:17:29.388, 1 %, 2 %, 15834 MiB, 16384 MiB, 46.33 W, 56
2026/09/14 22:17:30.391, 1 %, 2 %, 15834 MiB, 16384 MiB, 46.48 W, 56
2026/09/14 22:17:31.394, 3 %, 4 %, 15834 MiB, 16384 MiB, 45.29 W, 56
2026/09/14 22:17:32.396, 1 %, 2 %, 15834 MiB, 16384 MiB, 49.08 W, 56
2026/09/14 22:17:33.400, 1 %, 2 %, 15834 MiB, 16384 MiB, 46.11 W, 56
2026/09/14 22:17:34.403, 1 %, 2 %, 15834 MiB, 16384 MiB, 46.07 W, 56
2026/09/14 22:17:35.406, 1 %, 2 %, 15834 MiB, 16384 MiB, 46.04 W, 56
2026/09/14 22:17:36.409, 3 %, 4 %, 15834 MiB, 16384 MiB, 45.94 W, 56
2026/09/14 22:17:37.412, 3 %, 4 %, 15834 MiB, 16384 MiB, 48.45 W, 56
2026/09/14 22:17:38.416, 1 %, 2 %, 15834 MiB, 16384 MiB, 49.07 W, 55
2026/09/14 22:17:39.419, 1 %, 2 %, 15834 MiB, 16384 MiB, 46.19 W, 55
2026/09/14 22:17:40.422, 1 %, 2 %, 15834 MiB, 16384 MiB, 45.98 W, 55
2026/09/14 22:17:41.425, 1 %, 2 %, 15834 MiB, 16384 MiB, 45.99 W, 55
2026/09/14 22:17:42.428, 4 %, 4 %, 15834 MiB, 16384 MiB, 45.89 W, 55
2026/09/14 22:17:43.431, 4 %, 5 %, 15834 MiB, 16384 MiB, 48.90 W, 55
2026/09/14 22:17:44.434, 2 %, 3 %, 15834 MiB, 16384 MiB, 46.44 W, 55
2026/09/14 22:17:45.437, 1 %, 3 %, 15834 MiB, 16384 MiB, 46.87 W, 55
2026/09/14 22:17:46.439, 1 %, 2 %, 15834 MiB, 16384 MiB, 46.46 W, 55
2026/09/14 22:17:47.442, 1 %, 2 %, 15834 MiB, 16384 MiB, 46.04 W, 55
2026/09/14 22:17:48.445, 3 %, 4 %, 15834 MiB, 16384 MiB, 45.61 W, 55
2026/09/14 22:17:49.447, 100 %, 9 %, 15834 MiB, 16384 MiB, 65.39 W, 56
2026/09/14 22:17:50.450, 100 %, 6 %, 15834 MiB, 16384 MiB, 59.62 W, 56
2026/09/14 22:17:51.452, 100 %, 6 %, 15834 MiB, 16384 MiB, 65.58 W, 57
2026/09/14 22:17:52.455, 100 %, 9 %, 15834 MiB, 16384 MiB, 65.62 W, 56
2026/09/14 22:17:53.457, 100 %, 7 %, 15834 MiB, 16384 MiB, 65.61 W, 57
2026/09/14 22:17:54.460, 100 %, 6 %, 15834 MiB, 16384 MiB, 59.66 W, 57
2026/09/14 22:17:55.462, 1 %, 2 %, 15834 MiB, 16384 MiB, 59.53 W, 56
2026/09/14 22:17:56.464, 1 %, 2 %, 15834 MiB, 16384 MiB, 46.20 W, 56
2026/09/14 22:17:57.467, 3 %, 4 %, 15834 MiB, 16384 MiB, 45.68 W, 56
2026/09/14 22:17:58.470, 3 %, 4 %, 15834 MiB, 16384 MiB, 49.05 W, 56
2026/09/14 22:17:59.472, 1 %, 2 %, 15834 MiB, 16384 MiB, 45.82 W, 56
2026/09/14 22:18:00.475, 1 %, 2 %, 15834 MiB, 16384 MiB, 45.94 W, 56
2026/09/14 22:18:01.477, 1 %, 2 %, 15834 MiB, 16384 MiB, 46.09 W, 56
2026/09/14 22:18:02.480, 1 %, 2 %, 15834 MiB, 16384 MiB, 46.33 W, 56
2026/09/14 22:18:03.482, 3 %, 4 %, 15834 MiB, 16384 MiB, 46.04 W, 56
2026/09/14 22:18:04.485, 3 %, 4 %, 15834 MiB, 16384 MiB, 48.96 W, 56
2026/09/14 22:18:05.488, 1 %, 2 %, 15834 MiB, 16384 MiB, 46.84 W, 56
2026/09/14 22:18:06.490, 1 %, 2 %, 15834 MiB, 16384 MiB, 46.87 W, 55
2026/09/14 22:18:07.493, 1 %, 2 %, 15834 MiB, 16384 MiB, 46.16 W, 56
2026/09/14 22:18:08.495, 3 %, 4 %, 15834 MiB, 16384 MiB, 46.41 W, 55
2026/09/14 22:18:09.500, 3 %, 4 %, 15834 MiB, 16384 MiB, 45.43 W, 55
2026/09/14 22:18:10.503, 3 %, 5 %, 15834 MiB, 16384 MiB, 49.25 W, 55
2026/09/14 22:18:11.506, 1 %, 3 %, 15834 MiB, 16384 MiB, 46.13 W, 55
2026/09/14 22:18:12.508, 2 %, 3 %, 15834 MiB, 16384 MiB, 46.21 W, 55
2026/09/14 22:18:13.511, 2 %, 3 %, 15834 MiB, 16384 MiB, 46.33 W, 55
2026/09/14 22:18:14.513, 3 %, 4 %, 15834 MiB, 16384 MiB, 45.81 W, 55
2026/09/14 22:18:15.516, 3 %, 5 %, 15834 MiB, 16384 MiB, 49.11 W, 55
2026/09/14 22:18:16.519, 1 %, 3 %, 15834 MiB, 16384 MiB, 46.12 W, 55
2026/09/14 22:18:17.522, 1 %, 2 %, 15834 MiB, 16384 MiB, 46.02 W, 55
2026/09/14 22:18:18.525, 100 %, 0 %, 15834 MiB, 16384 MiB, 115.57 W, 58
2026/09/14 22:18:19.527, 100 %, 0 %, 15834 MiB, 16384 MiB, 113.69 W, 59
2026/09/14 22:18:20.529, 100 %, 13 %, 15834 MiB, 16384 MiB, 132.90 W, 59
2026/09/14 22:18:21.533, 100 %, 46 %, 15834 MiB, 16384 MiB, 245.29 W, 62
2026/09/14 22:18:22.536, 100 %, 0 %, 15834 MiB, 16384 MiB, 116.05 W, 60
2026/09/14 22:18:23.538, 100 %, 0 %, 15834 MiB, 16384 MiB, 115.45 W, 60
2026/09/14 22:18:24.541, 100 %, 9 %, 15834 MiB, 16384 MiB, 109.46 W, 60
2026/09/14 22:18:25.543, 100 %, 75 %, 15834 MiB, 16384 MiB, 201.45 W, 61
2026/09/14 22:18:26.548, 100 %, 0 %, 15834 MiB, 16384 MiB, 120.32 W, 61
2026/09/14 22:18:27.550, 100 %, 0 %, 15834 MiB, 16384 MiB, 120.19 W, 62
2026/09/14 22:18:28.552, 100 %, 0 %, 15834 MiB, 16384 MiB, 120.78 W, 62
2026/09/14 22:18:29.554, 100 %, 63 %, 15834 MiB, 16384 MiB, 87.44 W, 61
2026/09/14 22:18:30.557, 100 %, 0 %, 15834 MiB, 16384 MiB, 120.65 W, 65
2026/09/14 22:18:31.562, 100 %, 0 %, 15834 MiB, 16384 MiB, 121.34 W, 63
2026/09/14 22:18:32.564, 100 %, 0 %, 15834 MiB, 16384 MiB, 121.39 W, 63
2026/09/14 22:18:33.566, 100 %, 27 %, 15834 MiB, 16384 MiB, 113.88 W, 63
2026/09/14 22:18:34.569, 100 %, 23 %, 15834 MiB, 16384 MiB, 237.07 W, 66
2026/09/14 22:18:35.571, 100 %, 0 %, 15834 MiB, 16384 MiB, 121.84 W, 64
2026/09/14 22:18:36.574, 100 %, 0 %, 15834 MiB, 16384 MiB, 122.30 W, 64
2026/09/14 22:18:37.577, 100 %, 10 %, 15834 MiB, 16384 MiB, 140.87 W, 64
2026/09/14 22:18:38.579, 100 %, 62 %, 15834 MiB, 16384 MiB, 206.70 W, 67
2026/09/14 22:18:39.582, 100 %, 0 %, 15834 MiB, 16384 MiB, 122.75 W, 65
2026/09/14 22:18:40.585, 100 %, 0 %, 15834 MiB, 16384 MiB, 122.46 W, 65
2026/09/14 22:18:41.587, 100 %, 7 %, 15834 MiB, 16384 MiB, 143.04 W, 65
2026/09/14 22:18:42.589, 100 %, 83 %, 15834 MiB, 16384 MiB, 226.82 W, 66
2026/09/14 22:18:43.592, 100 %, 0 %, 15834 MiB, 16384 MiB, 123.10 W, 66
2026/09/14 22:18:44.594, 100 %, 0 %, 15834 MiB, 16384 MiB, 121.93 W, 66
2026/09/14 22:18:45.596, 100 %, 16 %, 15834 MiB, 16384 MiB, 112.81 W, 66
2026/09/14 22:18:46.600, 100 %, 38 %, 15834 MiB, 16384 MiB, 205.36 W, 66
2026/09/14 22:18:47.602, 100 %, 0 %, 15834 MiB, 16384 MiB, 122.32 W, 67
2026/09/14 22:18:48.604, 100 %, 0 %, 15834 MiB, 16384 MiB, 122.29 W, 67
2026/09/14 22:18:49.607, 100 %, 8 %, 15834 MiB, 16384 MiB, 116.87 W, 67
2026/09/14 22:18:50.609, 100 %, 62 %, 15834 MiB, 16384 MiB, 141.56 W, 66
2026/09/14 22:18:51.615, 100 %, 0 %, 15834 MiB, 16384 MiB, 122.61 W, 67
2026/09/14 22:18:52.617, 100 %, 0 %, 15834 MiB, 16384 MiB, 122.75 W, 68
2026/09/14 22:18:53.620, 100 %, 8 %, 15834 MiB, 16384 MiB, 120.22 W, 68
2026/09/14 22:18:54.622, 100 %, 80 %, 15834 MiB, 16384 MiB, 60.87 W, 67
2026/09/14 22:18:55.627, 100 %, 0 %, 15834 MiB, 16384 MiB, 123.44 W, 72
2026/09/14 22:18:56.631, 100 %, 0 %, 15834 MiB, 16384 MiB, 124.03 W, 68
2026/09/14 22:18:57.633, 100 %, 7 %, 15834 MiB, 16384 MiB, 120.66 W, 69
2026/09/14 22:18:58.636, 100 %, 75 %, 15834 MiB, 16384 MiB, 101.96 W, 69
2026/09/14 22:18:59.638, 100 %, 0 %, 15834 MiB, 16384 MiB, 221.24 W, 71
2026/09/14 22:19:00.641, 100 %, 0 %, 15834 MiB, 16384 MiB, 123.60 W, 69
2026/09/14 22:19:01.643, 100 %, 0 %, 15834 MiB, 16384 MiB, 121.40 W, 69
2026/09/14 22:19:02.647, 100 %, 48 %, 15834 MiB, 16384 MiB, 140.45 W, 69
2026/09/14 22:19:03.649, 100 %, 0 %, 15834 MiB, 16384 MiB, 244.54 W, 71
2026/09/14 22:19:04.653, 100 %, 0 %, 15834 MiB, 16384 MiB, 123.98 W, 70
2026/09/14 22:19:05.655, 100 %, 0 %, 15834 MiB, 16384 MiB, 123.85 W, 70
2026/09/14 22:19:06.657, 100 %, 26 %, 15834 MiB, 16384 MiB, 110.70 W, 70
2026/09/14 22:19:07.661, 100 %, 24 %, 15834 MiB, 16384 MiB, 203.43 W, 72
2026/09/14 22:19:08.666, 100 %, 0 %, 15834 MiB, 16384 MiB, 121.88 W, 70
2026/09/14 22:19:09.670, 47 %, 41 %, 15834 MiB, 16384 MiB, 65.29 W, 68
2026/09/14 22:19:10.672, 100 %, 0 %, 15834 MiB, 16384 MiB, 124.09 W, 70
2026/09/14 22:19:11.674, 1 %, 2 %, 15834 MiB, 16384 MiB, 65.15 W, 68
2026/09/14 22:19:12.677, 100 %, 0 %, 15834 MiB, 16384 MiB, 124.15 W, 70
2026/09/14 22:19:13.679, 58 %, 8 %, 15834 MiB, 16384 MiB, 108.34 W, 70
2026/09/14 22:19:14.681, 100 %, 68 %, 15834 MiB, 16384 MiB, 205.48 W, 69
2026/09/14 22:19:15.685, 100 %, 0 %, 15834 MiB, 16384 MiB, 124.48 W, 70
2026/09/14 22:19:16.688, 1 %, 1 %, 15834 MiB, 16384 MiB, 65.12 W, 68
2026/09/14 22:19:17.690, 100 %, 0 %, 15834 MiB, 16384 MiB, 124.46 W, 70
2026/09/14 22:19:18.692, 1 %, 2 %, 15834 MiB, 16384 MiB, 65.78 W, 70
2026/09/14 22:19:19.695, 100 %, 0 %, 15834 MiB, 16384 MiB, 125.09 W, 73
2026/09/14 22:19:20.697, 100 %, 3 %, 15834 MiB, 16384 MiB, 119.32 W, 70
2026/09/14 22:19:21.699, 72 %, 62 %, 15834 MiB, 16384 MiB, 83.69 W, 69
2026/09/14 22:19:22.702, 100 %, 0 %, 15834 MiB, 16384 MiB, 123.03 W, 70
2026/09/14 22:19:23.704, 2 %, 3 %, 15834 MiB, 16384 MiB, 64.91 W, 69
2026/09/14 22:19:24.707, 100 %, 0 %, 15834 MiB, 16384 MiB, 123.09 W, 70
2026/09/14 22:19:25.709, 14 %, 9 %, 15834 MiB, 16384 MiB, 126.15 W, 70
2026/09/14 22:19:26.713, 100 %, 25 %, 15834 MiB, 16384 MiB, 251.36 W, 72
2026/09/14 22:19:27.719, 100 %, 0 %, 15834 MiB, 16384 MiB, 120.06 W, 70
2026/09/14 22:19:28.721, 42 %, 36 %, 15834 MiB, 16384 MiB, 61.55 W, 69
2026/09/14 22:19:29.724, 100 %, 0 %, 15834 MiB, 16384 MiB, 124.72 W, 70
2026/09/14 22:19:30.726, 1 %, 2 %, 15834 MiB, 16384 MiB, 65.69 W, 69
2026/09/14 22:19:31.729, 100 %, 0 %, 15834 MiB, 16384 MiB, 124.90 W, 70
2026/09/14 22:19:32.731, 77 %, 7 %, 15834 MiB, 16384 MiB, 123.00 W, 70
2026/09/14 22:19:33.733, 100 %, 83 %, 15834 MiB, 16384 MiB, 182.92 W, 70
2026/09/14 22:19:34.737, 100 %, 0 %, 15834 MiB, 16384 MiB, 123.29 W, 70
2026/09/14 22:19:35.739, 1 %, 2 %, 15834 MiB, 16384 MiB, 65.68 W, 69
2026/09/14 22:19:36.742, 100 %, 0 %, 15834 MiB, 16384 MiB, 125.23 W, 71
2026/09/14 22:19:37.744, 15 %, 9 %, 15834 MiB, 16384 MiB, 133.91 W, 70
2026/09/14 22:19:38.746, 100 %, 32 %, 15834 MiB, 16384 MiB, 258.88 W, 73
2026/09/14 22:19:39.755, 100 %, 0 %, 15834 MiB, 16384 MiB, 119.94 W, 70
2026/09/14 22:19:40.757, 41 %, 35 %, 15834 MiB, 16384 MiB, 61.19 W, 69
2026/09/14 22:19:41.759, 100 %, 0 %, 15834 MiB, 16384 MiB, 122.99 W, 71
2026/09/14 22:19:42.762, 1 %, 2 %, 15834 MiB, 16384 MiB, 65.04 W, 69
2026/09/14 22:19:43.764, 100 %, 0 %, 15834 MiB, 16384 MiB, 123.31 W, 71
2026/09/14 22:19:44.766, 43 %, 8 %, 15834 MiB, 16384 MiB, 127.64 W, 70
2026/09/14 22:19:45.769, 100 %, 49 %, 15834 MiB, 16384 MiB, 209.29 W, 73
2026/09/14 22:19:46.772, 100 %, 0 %, 15834 MiB, 16384 MiB, 121.92 W, 70
2026/09/14 22:19:47.774, 7 %, 7 %, 15834 MiB, 16384 MiB, 63.03 W, 69
2026/09/14 22:19:48.776, 100 %, 0 %, 15834 MiB, 16384 MiB, 122.78 W, 71
2026/09/14 22:19:49.780, 1 %, 2 %, 15834 MiB, 16384 MiB, 65.48 W, 69
2026/09/14 22:19:50.782, 100 %, 0 %, 15834 MiB, 16384 MiB, 123.69 W, 71
2026/09/14 22:19:51.784, 83 %, 7 %, 15834 MiB, 16384 MiB, 159.49 W, 70
2026/09/14 22:19:52.787, 100 %, 87 %, 15834 MiB, 16384 MiB, 222.45 W, 72
2026/09/14 22:19:53.789, 100 %, 0 %, 15834 MiB, 16384 MiB, 121.17 W, 71
2026/09/14 22:19:54.791, 1 %, 2 %, 15834 MiB, 16384 MiB, 64.79 W, 69
2026/09/14 22:19:55.794, 100 %, 0 %, 15834 MiB, 16384 MiB, 124.00 W, 71
2026/09/14 22:19:56.797, 1 %, 2 %, 15834 MiB, 16384 MiB, 63.78 W, 69
2026/09/14 22:19:57.800, 100 %, 0 %, 15834 MiB, 16384 MiB, 123.34 W, 71
2026/09/14 22:19:58.802, 9 %, 6 %, 15834 MiB, 16384 MiB, 112.69 W, 70
2026/09/14 22:19:59.804, 100 %, 19 %, 15834 MiB, 16384 MiB, 203.66 W, 71
2026/09/14 22:20:00.810, 100 %, 0 %, 15834 MiB, 16384 MiB, 122.05 W, 71
2026/09/14 22:20:01.813, 41 %, 35 %, 15834 MiB, 16384 MiB, 59.91 W, 69
2026/09/14 22:20:02.815, 100 %, 0 %, 15834 MiB, 16384 MiB, 123.90 W, 71
2026/09/14 22:20:03.819, 1 %, 3 %, 15834 MiB, 16384 MiB, 65.87 W, 69
2026/09/14 22:20:04.822, 100 %, 0 %, 15834 MiB, 16384 MiB, 123.90 W, 74
2026/09/14 22:20:05.825, 35 %, 7 %, 15834 MiB, 16384 MiB, 117.00 W, 71
2026/09/14 22:20:06.827, 100 %, 45 %, 15834 MiB, 16384 MiB, 169.71 W, 70
2026/09/14 22:20:07.830, 100 %, 0 %, 15834 MiB, 16384 MiB, 122.76 W, 71
2026/09/14 22:20:08.832, 15 %, 14 %, 15834 MiB, 16384 MiB, 65.67 W, 69
2026/09/14 22:20:09.836, 100 %, 0 %, 15834 MiB, 16384 MiB, 123.95 W, 71
2026/09/14 22:20:10.838, 1 %, 2 %, 15834 MiB, 16384 MiB, 120.55 W, 70
2026/09/14 22:20:11.840, 100 %, 0 %, 15834 MiB, 16384 MiB, 242.57 W, 73
2026/09/14 22:20:12.843, 98 %, 7 %, 15834 MiB, 16384 MiB, 124.20 W, 71
2026/09/14 22:20:13.846, 91 %, 81 %, 15834 MiB, 16384 MiB, 63.40 W, 70
2026/09/14 22:20:14.848, 100 %, 0 %, 15834 MiB, 16384 MiB, 123.95 W, 71
2026/09/14 22:20:15.850, 1 %, 2 %, 15834 MiB, 16384 MiB, 65.85 W, 69
2026/09/14 22:20:16.853, 100 %, 0 %, 15834 MiB, 16384 MiB, 124.76 W, 71
2026/09/14 22:20:17.855, 1 %, 2 %, 15834 MiB, 16384 MiB, 112.14 W, 71
2026/09/14 22:20:18.858, 100 %, 6 %, 15834 MiB, 16384 MiB, 204.92 W, 73
2026/09/14 22:20:19.861, 100 %, 0 %, 15834 MiB, 16384 MiB, 121.60 W, 71
2026/09/14 22:20:20.863, 100 %, 65 %, 15834 MiB, 16384 MiB, 133.91 W, 71
2026/09/14 22:20:21.866, 100 %, 3 %, 15834 MiB, 16384 MiB, 248.07 W, 73
2026/09/14 22:20:22.870, 100 %, 0 %, 15834 MiB, 16384 MiB, 124.72 W, 71
2026/09/14 22:20:23.873, 100 %, 0 %, 15834 MiB, 16384 MiB, 121.42 W, 71
2026/09/14 22:20:24.875, 100 %, 53 %, 15834 MiB, 16384 MiB, 64.58 W, 71
2026/09/14 22:20:25.878, 100 %, 0 %, 15834 MiB, 16384 MiB, 130.47 W, 74
2026/09/14 22:20:26.881, 100 %, 0 %, 15834 MiB, 16384 MiB, 124.39 W, 72
2026/09/14 22:20:27.883, 100 %, 0 %, 15834 MiB, 16384 MiB, 123.51 W, 72
2026/09/14 22:20:28.885, 100 %, 43 %, 15834 MiB, 16384 MiB, 65.83 W, 72
2026/09/14 22:20:29.891, 100 %, 0 %, 15834 MiB, 16384 MiB, 186.83 W, 74
2026/09/14 22:20:30.897, 100 %, 0 %, 15834 MiB, 16384 MiB, 124.27 W, 72
2026/09/14 22:20:31.899, 100 %, 0 %, 15834 MiB, 16384 MiB, 121.08 W, 72
2026/09/14 22:20:32.901, 100 %, 28 %, 15834 MiB, 16384 MiB, 126.37 W, 72
2026/09/14 22:20:33.904, 100 %, 12 %, 15834 MiB, 16384 MiB, 231.40 W, 74
2026/09/14 22:20:34.909, 100 %, 0 %, 15834 MiB, 16384 MiB, 124.37 W, 72
2026/09/14 22:20:35.911, 100 %, 0 %, 15834 MiB, 16384 MiB, 121.87 W, 72
2026/09/14 22:20:36.915, 100 %, 17 %, 15834 MiB, 16384 MiB, 140.34 W, 72
2026/09/14 22:20:37.917, 100 %, 33 %, 15834 MiB, 16384 MiB, 251.59 W, 74
2026/09/14 22:20:38.921, 100 %, 0 %, 15834 MiB, 16384 MiB, 124.60 W, 72
2026/09/14 22:20:39.923, 100 %, 0 %, 15834 MiB, 16384 MiB, 122.57 W, 72
2026/09/14 22:20:40.925, 100 %, 9 %, 15834 MiB, 16384 MiB, 125.55 W, 72
2026/09/14 22:20:41.928, 100 %, 46 %, 15834 MiB, 16384 MiB, 206.67 W, 75
2026/09/14 22:20:42.931, 100 %, 0 %, 15834 MiB, 16384 MiB, 124.78 W, 72
2026/09/14 22:20:43.933, 100 %, 0 %, 15834 MiB, 16384 MiB, 123.77 W, 72
2026/09/14 22:20:44.935, 100 %, 7 %, 15834 MiB, 16384 MiB, 122.28 W, 72
2026/09/14 22:20:45.938, 100 %, 60 %, 15834 MiB, 16384 MiB, 204.73 W, 74
2026/09/14 22:20:46.943, 100 %, 0 %, 15834 MiB, 16384 MiB, 124.69 W, 73
2026/09/14 22:20:47.945, 100 %, 0 %, 15834 MiB, 16384 MiB, 124.64 W, 73
2026/09/14 22:20:48.948, 100 %, 7 %, 15834 MiB, 16384 MiB, 116.94 W, 72
2026/09/14 22:20:49.950, 100 %, 74 %, 15834 MiB, 16384 MiB, 201.15 W, 74
2026/09/14 22:20:50.952, 100 %, 0 %, 15834 MiB, 16384 MiB, 124.87 W, 73
2026/09/14 22:20:51.955, 100 %, 0 %, 15834 MiB, 16384 MiB, 124.93 W, 73
2026/09/14 22:20:52.958, 100 %, 7 %, 15834 MiB, 16384 MiB, 118.91 W, 73
2026/09/14 22:20:53.960, 100 %, 82 %, 15834 MiB, 16384 MiB, 160.74 W, 73
2026/09/14 22:20:54.963, 100 %, 0 %, 15834 MiB, 16384 MiB, 125.29 W, 73
2026/09/14 22:20:55.965, 100 %, 0 %, 15834 MiB, 16384 MiB, 123.90 W, 73
2026/09/14 22:20:56.968, 100 %, 7 %, 15834 MiB, 16384 MiB, 122.39 W, 73
2026/09/14 22:20:57.970, 100 %, 80 %, 15834 MiB, 16384 MiB, 206.38 W, 72
2026/09/14 22:20:58.972, 100 %, 0 %, 15834 MiB, 16384 MiB, 125.47 W, 73
2026/09/14 22:20:59.975, 100 %, 0 %, 15834 MiB, 16384 MiB, 125.31 W, 73
2026/09/14 22:21:00.977, 100 %, 0 %, 15834 MiB, 16384 MiB, 122.94 W, 73
2026/09/14 22:21:01.979, 100 %, 66 %, 15834 MiB, 16384 MiB, 199.81 W, 72
2026/09/14 22:21:02.984, 100 %, 0 %, 15834 MiB, 16384 MiB, 125.04 W, 73
2026/09/14 22:21:03.987, 100 %, 0 %, 15834 MiB, 16384 MiB, 125.76 W, 73
2026/09/14 22:21:04.989, 100 %, 0 %, 15834 MiB, 16384 MiB, 122.84 W, 73
2026/09/14 22:21:05.992, 100 %, 45 %, 15834 MiB, 16384 MiB, 144.44 W, 72
2026/09/14 22:21:06.994, 100 %, 0 %, 15834 MiB, 16384 MiB, 125.53 W, 73
2026/09/14 22:21:07.996, 100 %, 0 %, 15834 MiB, 16384 MiB, 125.14 W, 73
2026/09/14 22:21:08.999, 100 %, 8 %, 15834 MiB, 16384 MiB, 122.35 W, 73
2026/09/14 22:21:10.002, 100 %, 65 %, 15834 MiB, 16384 MiB, 86.48 W, 72
2026/09/14 22:21:11.004, 100 %, 0 %, 15834 MiB, 16384 MiB, 125.43 W, 76
2026/09/14 22:21:12.007, 27 %, 8 %, 15834 MiB, 16384 MiB, 120.51 W, 73
2026/09/14 22:21:13.009, 100 %, 37 %, 15834 MiB, 16384 MiB, 181.23 W, 73
2026/09/14 22:21:14.012, 100 %, 0 %, 15834 MiB, 16384 MiB, 123.48 W, 73
2026/09/14 22:21:15.016, 43 %, 37 %, 15834 MiB, 16384 MiB, 67.57 W, 71
2026/09/14 22:21:16.018, 100 %, 0 %, 15834 MiB, 16384 MiB, 125.28 W, 73
2026/09/14 22:21:17.020, 1 %, 2 %, 15834 MiB, 16384 MiB, 67.84 W, 73
2026/09/14 22:21:18.023, 100 %, 0 %, 15834 MiB, 16384 MiB, 139.34 W, 76
2026/09/14 22:21:19.026, 47 %, 8 %, 15834 MiB, 16384 MiB, 120.95 W, 72
2026/09/14 22:21:20.028, 100 %, 58 %, 15834 MiB, 16384 MiB, 124.57 W, 72
2026/09/14 22:21:21.031, 100 %, 0 %, 15834 MiB, 16384 MiB, 123.75 W, 72
2026/09/14 22:21:22.033, 24 %, 22 %, 15834 MiB, 16384 MiB, 67.14 W, 71
2026/09/14 22:21:23.036, 100 %, 0 %, 15834 MiB, 16384 MiB, 124.80 W, 72
2026/09/14 22:21:24.040, 1 %, 2 %, 15834 MiB, 16384 MiB, 123.31 W, 72
2026/09/14 22:21:25.042, 100 %, 0 %, 15834 MiB, 16384 MiB, 240.08 W, 75
2026/09/14 22:21:26.045, 71 %, 6 %, 15834 MiB, 16384 MiB, 121.88 W, 72
2026/09/14 22:21:27.047, 100 %, 68 %, 15834 MiB, 16384 MiB, 62.23 W, 71
2026/09/14 22:21:28.050, 100 %, 0 %, 15834 MiB, 16384 MiB, 124.07 W, 72
2026/09/14 22:21:29.052, 1 %, 2 %, 15834 MiB, 16384 MiB, 68.35 W, 71
2026/09/14 22:21:30.055, 100 %, 0 %, 15834 MiB, 16384 MiB, 124.95 W, 72
2026/09/14 22:21:31.057, 2 %, 3 %, 15834 MiB, 16384 MiB, 144.38 W, 72
2026/09/14 22:21:32.059, 100 %, 0 %, 15834 MiB, 16384 MiB, 267.72 W, 74
2026/09/14 22:21:33.062, 97 %, 6 %, 15834 MiB, 16384 MiB, 120.21 W, 72
2026/09/14 22:21:34.064, 97 %, 86 %, 15834 MiB, 16384 MiB, 125.55 W, 71
2026/09/14 22:21:35.067, 100 %, 0 %, 15834 MiB, 16384 MiB, 123.62 W, 72
2026/09/14 22:21:36.069, 1 %, 2 %, 15834 MiB, 16384 MiB, 66.85 W, 70
2026/09/14 22:21:37.073, 100 %, 0 %, 15834 MiB, 16384 MiB, 125.07 W, 72
2026/09/14 22:21:38.075, 8 %, 5 %, 15834 MiB, 16384 MiB, 136.69 W, 71
2026/09/14 22:21:39.078, 100 %, 19 %, 15834 MiB, 16384 MiB, 252.33 W, 74
2026/09/14 22:21:40.081, 100 %, 0 %, 15834 MiB, 16384 MiB, 121.67 W, 72
2026/09/14 22:21:41.083, 47 %, 42 %, 15834 MiB, 16384 MiB, 64.87 W, 70
2026/09/14 22:21:42.086, 100 %, 0 %, 15834 MiB, 16384 MiB, 124.84 W, 72
2026/09/14 22:21:43.088, 1 %, 2 %, 15834 MiB, 16384 MiB, 66.63 W, 70
2026/09/14 22:21:44.090, 100 %, 0 %, 15834 MiB, 16384 MiB, 124.46 W, 72
2026/09/14 22:21:45.093, 64 %, 6 %, 15834 MiB, 16384 MiB, 116.51 W, 71
2026/09/14 22:21:46.095, 100 %, 70 %, 15834 MiB, 16384 MiB, 202.76 W, 71
2026/09/14 22:21:47.098, 100 %, 0 %, 15834 MiB, 16384 MiB, 122.01 W, 72
2026/09/14 22:21:48.100, 1 %, 1 %, 15834 MiB, 16384 MiB, 67.51 W, 70
2026/09/14 22:21:49.102, 100 %, 0 %, 15834 MiB, 16384 MiB, 124.38 W, 72
2026/09/14 22:21:50.106, 1 %, 2 %, 15834 MiB, 16384 MiB, 66.97 W, 70
2026/09/14 22:21:51.110, 100 %, 0 %, 15834 MiB, 16384 MiB, 124.26 W, 75
2026/09/14 22:21:52.112, 82 %, 6 %, 15834 MiB, 16384 MiB, 118.68 W, 71
2026/09/14 22:21:53.115, 100 %, 84 %, 15834 MiB, 16384 MiB, 157.37 W, 71
2026/09/14 22:21:54.117, 100 %, 0 %, 15834 MiB, 16384 MiB, 122.75 W, 71
2026/09/14 22:21:55.119, 1 %, 2 %, 15834 MiB, 16384 MiB, 66.12 W, 70
2026/09/14 22:21:56.122, 100 %, 0 %, 15834 MiB, 16384 MiB, 124.43 W, 71
2026/09/14 22:21:57.126, 1 %, 2 %, 15834 MiB, 16384 MiB, 123.31 W, 71
2026/09/14 22:21:58.128, 100 %, 8 %, 15834 MiB, 16384 MiB, 249.70 W, 74
2026/09/14 22:21:59.131, 100 %, 0 %, 15834 MiB, 16384 MiB, 121.68 W, 71
2026/09/14 22:22:00.133, 52 %, 46 %, 15834 MiB, 16384 MiB, 63.40 W, 70
2026/09/14 22:22:01.136, 100 %, 0 %, 15834 MiB, 16384 MiB, 124.60 W, 71
2026/09/14 22:22:02.138, 2 %, 3 %, 15834 MiB, 16384 MiB, 66.72 W, 70
2026/09/14 22:22:03.141, 100 %, 0 %, 15834 MiB, 16384 MiB, 124.36 W, 71
2026/09/14 22:22:04.145, 38 %, 7 %, 15834 MiB, 16384 MiB, 106.71 W, 71
2026/09/14 22:22:05.147, 100 %, 49 %, 15834 MiB, 16384 MiB, 208.68 W, 73
2026/09/14 22:22:06.150, 100 %, 0 %, 15834 MiB, 16384 MiB, 123.57 W, 71
2026/09/14 22:22:07.153, 25 %, 22 %, 15834 MiB, 16384 MiB, 65.74 W, 70
2026/09/14 22:22:08.155, 100 %, 0 %, 15834 MiB, 16384 MiB, 123.86 W, 71
2026/09/14 22:22:09.157, 2 %, 3 %, 15834 MiB, 16384 MiB, 66.28 W, 70
2026/09/14 22:22:10.160, 100 %, 0 %, 15834 MiB, 16384 MiB, 124.33 W, 71
2026/09/14 22:22:11.163, 62 %, 7 %, 15834 MiB, 16384 MiB, 147.21 W, 71
2026/09/14 22:22:12.165, 100 %, 69 %, 15834 MiB, 16384 MiB, 255.91 W, 73
2026/09/14 22:22:13.169, 100 %, 0 %, 15834 MiB, 16384 MiB, 120.90 W, 71
2026/09/14 22:22:14.171, 6 %, 6 %, 15834 MiB, 16384 MiB, 63.67 W, 70
2026/09/14 22:22:15.173, 100 %, 0 %, 15834 MiB, 16384 MiB, 123.91 W, 71
2026/09/14 22:22:16.176, 1 %, 2 %, 15834 MiB, 16384 MiB, 66.14 W, 69
2026/09/14 22:22:17.178, 100 %, 0 %, 15834 MiB, 16384 MiB, 123.81 W, 73
2026/09/14 22:22:18.183, 100 %, 1 %, 15834 MiB, 16384 MiB, 118.09 W, 71
2026/09/14 22:22:19.186, 80 %, 69 %, 15834 MiB, 16384 MiB, 204.43 W, 70
2026/09/14 22:22:20.188, 100 %, 0 %, 15834 MiB, 16384 MiB, 121.99 W, 71
2026/09/14 22:22:21.190, 1 %, 2 %, 15834 MiB, 16384 MiB, 65.77 W, 69
2026/09/14 22:22:22.193, 100 %, 0 %, 15834 MiB, 16384 MiB, 124.60 W, 71
2026/09/14 22:22:23.195, 5 %, 4 %, 15834 MiB, 16384 MiB, 66.16 W, 71
2026/09/14 22:22:24.199, 100 %, 15 %, 15834 MiB, 16384 MiB, 124.38 W, 74
2026/09/14 22:22:25.204, 100 %, 11 %, 15834 MiB, 16384 MiB, 69.37 W, 69
2026/09/14 22:22:26.208, 100 %, 6 %, 15834 MiB, 16384 MiB, 72.18 W, 69
2026/09/14 22:22:27.211, 100 %, 6 %, 15834 MiB, 16384 MiB, 71.66 W, 69
2026/09/14 22:22:28.215, 100 %, 9 %, 15834 MiB, 16384 MiB, 67.53 W, 68
2026/09/14 22:22:29.217, 100 %, 6 %, 15834 MiB, 16384 MiB, 73.53 W, 68
2026/09/14 22:22:30.219, 61 %, 5 %, 15834 MiB, 16384 MiB, 71.78 W, 68
2026/09/14 22:22:31.222, 1 %, 2 %, 15834 MiB, 16384 MiB, 65.46 W, 68
2026/09/14 22:22:32.224, 1 %, 2 %, 15834 MiB, 16384 MiB, 50.69 W, 67
2026/09/14 22:22:33.242, 1 %, 2 %, 15834 MiB, 16384 MiB, 50.74 W, 66
2026/09/14 22:22:34.244, 4 %, 4 %, 15834 MiB, 16384 MiB, 50.49 W, 66
2026/09/14 22:22:35.247, 3 %, 4 %, 15834 MiB, 16384 MiB, 53.75 W, 66
2026/09/14 22:22:36.250, 1 %, 2 %, 15834 MiB, 16384 MiB, 50.56 W, 65
2026/09/14 22:22:37.253, 1 %, 2 %, 15834 MiB, 16384 MiB, 50.54 W, 65
2026/09/14 22:22:38.257, 1 %, 2 %, 15834 MiB, 16384 MiB, 50.44 W, 65
2026/09/14 22:22:39.260, 1 %, 2 %, 15834 MiB, 16384 MiB, 50.38 W, 65
2026/09/14 22:22:40.263, 1 %, 2 %, 15834 MiB, 16384 MiB, 50.37 W, 65
2026/09/14 22:22:41.266, 4 %, 4 %, 15834 MiB, 16384 MiB, 53.58 W, 64
2026/09/14 22:22:42.269, 4 %, 4 %, 15834 MiB, 16384 MiB, 50.52 W, 64
2026/09/14 22:22:43.273, 1 %, 2 %, 15834 MiB, 16384 MiB, 50.32 W, 64
2026/09/14 22:22:44.276, 1 %, 2 %, 15834 MiB, 16384 MiB, 50.46 W, 64
2026/09/14 22:22:45.279, 1 %, 2 %, 15834 MiB, 16384 MiB, 50.16 W, 63
2026/09/14 22:22:46.282, 2 %, 3 %, 15834 MiB, 16384 MiB, 50.28 W, 63
2026/09/14 22:22:47.285, 4 %, 4 %, 15834 MiB, 16384 MiB, 49.76 W, 63
2026/09/14 22:22:48.287, 4 %, 4 %, 15834 MiB, 16384 MiB, 53.84 W, 63
2026/09/14 22:22:49.290, 2 %, 3 %, 15834 MiB, 16384 MiB, 50.70 W, 63
2026/09/14 22:22:50.294, 1 %, 2 %, 15834 MiB, 16384 MiB, 49.99 W, 62
2026/09/14 22:22:51.296, 1 %, 2 %, 15834 MiB, 16384 MiB, 49.89 W, 62
2026/09/14 22:22:52.299, 1 %, 2 %, 15834 MiB, 16384 MiB, 50.00 W, 62
2026/09/14 22:22:53.301, 82 %, 12 %, 15834 MiB, 16384 MiB, 49.82 W, 62
2026/09/14 22:22:54.304, 100 %, 6 %, 15834 MiB, 16384 MiB, 66.79 W, 62
2026/09/14 22:22:55.306, 100 %, 6 %, 15834 MiB, 16384 MiB, 66.86 W, 62
2026/09/14 22:22:56.309, 100 %, 9 %, 15834 MiB, 16384 MiB, 61.53 W, 62
2026/09/14 22:22:57.311, 100 %, 6 %, 15834 MiB, 16384 MiB, 65.10 W, 62
2026/09/14 22:22:58.313, 100 %, 6 %, 15834 MiB, 16384 MiB, 66.61 W, 62
2026/09/14 22:22:59.316, 1 %, 2 %, 15834 MiB, 16384 MiB, 61.35 W, 62
2026/09/14 22:23:00.318, 1 %, 2 %, 15834 MiB, 16384 MiB, 61.38 W, 62
2026/09/14 22:23:01.321, 1 %, 2 %, 15834 MiB, 16384 MiB, 49.88 W, 61
2026/09/14 22:23:02.323, 3 %, 4 %, 15834 MiB, 16384 MiB, 52.73 W, 61
2026/09/14 22:23:03.326, 4 %, 5 %, 15834 MiB, 16384 MiB, 49.32 W, 61
2026/09/14 22:23:04.328, 2 %, 3 %, 15834 MiB, 16384 MiB, 49.40 W, 60
2026/09/14 22:23:05.331, 2 %, 3 %, 15834 MiB, 16384 MiB, 49.62 W, 60
2026/09/14 22:23:06.334, 1 %, 2 %, 15834 MiB, 16384 MiB, 49.42 W, 60
2026/09/14 22:23:07.336, 1 %, 2 %, 15834 MiB, 16384 MiB, 49.65 W, 60
2026/09/14 22:23:08.339, 3 %, 4 %, 15834 MiB, 16384 MiB, 49.19 W, 60
2026/09/14 22:23:09.341, 4 %, 4 %, 15834 MiB, 16384 MiB, 49.60 W, 60
2026/09/14 22:23:10.344, 1 %, 2 %, 15834 MiB, 16384 MiB, 49.08 W, 60
2026/09/14 22:23:11.346, 1 %, 2 %, 15834 MiB, 16384 MiB, 49.10 W, 60
2026/09/14 22:23:12.352, 1 %, 2 %, 15834 MiB, 16384 MiB, 49.08 W, 59
2026/09/14 22:23:13.355, 4 %, 4 %, 15834 MiB, 16384 MiB, 48.49 W, 59
2026/09/14 22:23:14.358, 3 %, 4 %, 15834 MiB, 16384 MiB, 51.76 W, 59
2026/09/14 22:23:15.360, 2 %, 3 %, 15834 MiB, 16384 MiB, 48.58 W, 59
2026/09/14 22:23:16.363, 2 %, 3 %, 15834 MiB, 16384 MiB, 48.83 W, 59
2026/09/14 22:23:17.365, 2 %, 3 %, 15834 MiB, 16384 MiB, 48.55 W, 59
2026/09/14 22:23:18.368, 3 %, 4 %, 15834 MiB, 16384 MiB, 50.74 W, 59
2026/09/14 22:23:19.371, 4 %, 4 %, 15834 MiB, 16384 MiB, 48.27 W, 59
2026/09/14 22:23:20.374, 1 %, 2 %, 15834 MiB, 16384 MiB, 48.47 W, 58
2026/09/14 22:23:21.377, 1 %, 2 %, 15834 MiB, 16384 MiB, 48.27 W, 58
2026/09/14 22:23:22.380, 100 %, 9 %, 15834 MiB, 16384 MiB, 60.50 W, 59
2026/09/14 22:23:23.383, 100 %, 6 %, 15834 MiB, 16384 MiB, 65.81 W, 59
2026/09/14 22:23:24.385, 100 %, 6 %, 15834 MiB, 16384 MiB, 65.94 W, 59
2026/09/14 22:23:25.388, 100 %, 9 %, 15834 MiB, 16384 MiB, 60.52 W, 59
2026/09/14 22:23:26.390, 100 %, 6 %, 15834 MiB, 16384 MiB, 64.96 W, 59
2026/09/14 22:23:27.393, 100 %, 6 %, 15834 MiB, 16384 MiB, 65.79 W, 59
2026/09/14 22:23:28.395, 3 %, 4 %, 15834 MiB, 16384 MiB, 64.83 W, 59
2026/09/14 22:23:29.398, 1 %, 2 %, 15834 MiB, 16384 MiB, 61.92 W, 59
2026/09/14 22:23:30.400, 1 %, 2 %, 15834 MiB, 16384 MiB, 48.45 W, 58
2026/09/14 22:23:31.403, 1 %, 2 %, 15834 MiB, 16384 MiB, 48.13 W, 58
2026/09/14 22:23:32.405, 4 %, 5 %, 15834 MiB, 16384 MiB, 48.03 W, 58
2026/09/14 22:23:33.408, 3 %, 4 %, 15834 MiB, 16384 MiB, 50.69 W, 58
2026/09/14 22:23:34.411, 4 %, 5 %, 15834 MiB, 16384 MiB, 47.54 W, 58
2026/09/14 22:23:35.413, 1 %, 2 %, 15834 MiB, 16384 MiB, 47.84 W, 58
2026/09/14 22:23:36.416, 1 %, 2 %, 15834 MiB, 16384 MiB, 47.80 W, 58
2026/09/14 22:23:37.419, 1 %, 2 %, 15834 MiB, 16384 MiB, 47.82 W, 58
2026/09/14 22:23:38.421, 3 %, 4 %, 15834 MiB, 16384 MiB, 47.42 W, 57
2026/09/14 22:23:39.424, 3 %, 4 %, 15834 MiB, 16384 MiB, 50.26 W, 57
2026/09/14 22:23:40.426, 1 %, 2 %, 15834 MiB, 16384 MiB, 47.57 W, 57
2026/09/14 22:23:41.430, 1 %, 2 %, 15834 MiB, 16384 MiB, 47.50 W, 57
2026/09/14 22:23:42.434, 1 %, 2 %, 15834 MiB, 16384 MiB, 47.37 W, 57
2026/09/14 22:23:43.439, 1 %, 2 %, 15834 MiB, 16384 MiB, 47.26 W, 57
2026/09/14 22:23:44.441, 3 %, 4 %, 15834 MiB, 16384 MiB, 46.92 W, 57
2026/09/14 22:23:45.444, 3 %, 3 %, 15834 MiB, 16384 MiB, 47.51 W, 57
2026/09/14 22:23:46.447, 2 %, 3 %, 15834 MiB, 16384 MiB, 47.60 W, 57
2026/09/14 22:23:47.450, 2 %, 3 %, 15834 MiB, 16384 MiB, 47.54 W, 57
2026/09/14 22:23:48.453, 1 %, 2 %, 15834 MiB, 16384 MiB, 47.66 W, 57
2026/09/14 22:23:49.456, 4 %, 4 %, 15834 MiB, 16384 MiB, 47.17 W, 57
2026/09/14 22:23:50.459, 4 %, 4 %, 15834 MiB, 16384 MiB, 50.19 W, 57
2026/09/14 22:23:51.463, 100 %, 6 %, 15834 MiB, 16384 MiB, 64.85 W, 57
2026/09/14 22:23:52.466, 100 %, 9 %, 15834 MiB, 16384 MiB, 60.12 W, 58
2026/09/14 22:23:53.470, 100 %, 6 %, 15834 MiB, 16384 MiB, 65.49 W, 58
2026/09/14 22:23:54.473, 100 %, 6 %, 15834 MiB, 16384 MiB, 65.63 W, 58
2026/09/14 22:23:55.476, 100 %, 9 %, 15834 MiB, 16384 MiB, 65.31 W, 58
2026/09/14 22:23:56.480, 100 %, 7 %, 15834 MiB, 16384 MiB, 60.25 W, 58
2026/09/14 22:23:57.483, 1 %, 3 %, 15834 MiB, 16384 MiB, 60.29 W, 58
2026/09/14 22:23:58.486, 3 %, 4 %, 15834 MiB, 16384 MiB, 59.30 W, 57
2026/09/14 22:23:59.490, 4 %, 4 %, 15834 MiB, 16384 MiB, 50.33 W, 57
2026/09/14 22:24:00.493, 1 %, 2 %, 15834 MiB, 16384 MiB, 47.50 W, 57
2026/09/14 22:24:01.496, 2 %, 3 %, 15834 MiB, 16384 MiB, 47.47 W, 57
2026/09/14 22:24:02.499, 1 %, 2 %, 15834 MiB, 16384 MiB, 47.35 W, 57
2026/09/14 22:24:03.503, 1 %, 2 %, 15834 MiB, 16384 MiB, 47.29 W, 57
2026/09/14 22:24:04.506, 3 %, 4 %, 15834 MiB, 16384 MiB, 46.05 W, 57
2026/09/14 22:24:05.509, 4 %, 4 %, 15834 MiB, 16384 MiB, 50.17 W, 57
2026/09/14 22:24:06.512, 1 %, 2 %, 15834 MiB, 16384 MiB, 47.14 W, 57
2026/09/14 22:24:07.515, 1 %, 2 %, 15834 MiB, 16384 MiB, 47.03 W, 56
2026/09/14 22:24:08.518, 1 %, 2 %, 15834 MiB, 16384 MiB, 47.20 W, 56
2026/09/14 22:24:09.522, 3 %, 4 %, 15834 MiB, 16384 MiB, 47.08 W, 56
2026/09/14 22:24:10.525, 3 %, 4 %, 15834 MiB, 16384 MiB, 49.89 W, 56
2026/09/14 22:24:11.528, 1 %, 2 %, 15834 MiB, 16384 MiB, 46.62 W, 56
2026/09/14 22:24:12.532, 1 %, 2 %, 15834 MiB, 16384 MiB, 47.03 W, 56
2026/09/14 22:24:13.536, 1 %, 3 %, 15834 MiB, 16384 MiB, 47.34 W, 56
2026/09/14 22:24:14.539, 1 %, 2 %, 15834 MiB, 16384 MiB, 47.09 W, 56
2026/09/14 22:24:15.542, 3 %, 4 %, 15834 MiB, 16384 MiB, 49.60 W, 56
2026/09/14 22:24:16.546, 1 %, 2 %, 15834 MiB, 16384 MiB, 47.08 W, 56
2026/09/14 22:24:17.549, 1 %, 2 %, 15834 MiB, 16384 MiB, 47.13 W, 56
2026/09/14 22:24:18.552, 2 %, 3 %, 15834 MiB, 16384 MiB, 46.89 W, 56
2026/09/14 22:24:19.555, 1 %, 2 %, 15834 MiB, 16384 MiB, 46.90 W, 56
2026/09/14 22:24:20.559, 100 %, 6 %, 15834 MiB, 16384 MiB, 65.14 W, 57
2026/09/14 22:24:21.563, 100 %, 6 %, 15834 MiB, 16384 MiB, 65.04 W, 57
2026/09/14 22:24:22.565, 100 %, 9 %, 15834 MiB, 16384 MiB, 64.99 W, 57
2026/09/14 22:24:23.569, 100 %, 6 %, 15834 MiB, 16384 MiB, 59.98 W, 57
2026/09/14 22:24:24.572, 100 %, 6 %, 15834 MiB, 16384 MiB, 65.10 W, 57
2026/09/14 22:24:25.575, 72 %, 6 %, 15834 MiB, 16384 MiB, 64.78 W, 57
2026/09/14 22:24:26.579, 1 %, 2 %, 15834 MiB, 16384 MiB, 59.79 W, 57
2026/09/14 22:24:27.582, 1 %, 2 %, 15834 MiB, 16384 MiB, 46.43 W, 56
2026/09/14 22:24:28.585, 1 %, 2 %, 15834 MiB, 16384 MiB, 47.17 W, 56
2026/09/14 22:24:29.588, 4 %, 4 %, 15834 MiB, 16384 MiB, 47.12 W, 56
2026/09/14 22:24:30.591, 4 %, 4 %, 15834 MiB, 16384 MiB, 50.50 W, 56
2026/09/14 22:24:31.594, 1 %, 2 %, 15834 MiB, 16384 MiB, 47.02 W, 56
2026/09/14 22:24:32.597, 1 %, 2 %, 15834 MiB, 16384 MiB, 47.00 W, 56
2026/09/14 22:24:33.600, 1 %, 2 %, 15834 MiB, 16384 MiB, 46.98 W, 56
2026/09/14 22:24:34.603, 1 %, 2 %, 15834 MiB, 16384 MiB, 46.80 W, 56
2026/09/14 22:24:35.606, 3 %, 4 %, 15834 MiB, 16384 MiB, 45.85 W, 56
2026/09/14 22:24:36.610, 4 %, 5 %, 15834 MiB, 16384 MiB, 46.51 W, 56
2026/09/14 22:24:37.612, 1 %, 2 %, 15834 MiB, 16384 MiB, 46.78 W, 56
2026/09/14 22:24:38.616, 1 %, 2 %, 15834 MiB, 16384 MiB, 46.76 W, 56
2026/09/14 22:24:39.619, 1 %, 2 %, 15834 MiB, 16384 MiB, 46.87 W, 56
2026/09/14 22:24:40.622, 4 %, 4 %, 15834 MiB, 16384 MiB, 46.58 W, 56
2026/09/14 22:24:41.626, 3 %, 4 %, 15834 MiB, 16384 MiB, 49.25 W, 56
2026/09/14 22:24:42.629, 4 %, 4 %, 15834 MiB, 16384 MiB, 46.36 W, 56
2026/09/14 22:24:43.632, 2 %, 3 %, 15834 MiB, 16384 MiB, 46.78 W, 56
2026/09/14 22:24:44.635, 1 %, 2 %, 15834 MiB, 16384 MiB, 46.26 W, 56
2026/09/14 22:24:45.638, 1 %, 2 %, 15834 MiB, 16384 MiB, 46.83 W, 56
2026/09/14 22:24:46.641, 4 %, 4 %, 15834 MiB, 16384 MiB, 46.43 W, 56
2026/09/14 22:24:47.644, 3 %, 4 %, 15834 MiB, 16384 MiB, 49.10 W, 56
2026/09/14 22:24:48.648, 8 %, 8 %, 15834 MiB, 16384 MiB, 46.43 W, 56
2026/09/14 22:24:49.651, 100 %, 6 %, 15834 MiB, 16384 MiB, 65.82 W, 57
2026/09/14 22:24:50.654, 100 %, 6 %, 15834 MiB, 16384 MiB, 65.74 W, 56
2026/09/14 22:24:51.658, 100 %, 9 %, 15834 MiB, 16384 MiB, 64.88 W, 57
2026/09/14 22:24:52.661, 100 %, 6 %, 15834 MiB, 16384 MiB, 59.74 W, 57
2026/09/14 22:24:53.665, 100 %, 6 %, 15834 MiB, 16384 MiB, 65.07 W, 57
2026/09/14 22:24:54.668, 1 %, 2 %, 15834 MiB, 16384 MiB, 59.82 W, 57
2026/09/14 22:24:55.671, 1 %, 2 %, 15834 MiB, 16384 MiB, 59.76 W, 57
2026/09/14 22:24:56.674, 3 %, 4 %, 15834 MiB, 16384 MiB, 45.71 W, 56
2026/09/14 22:24:57.678, 4 %, 5 %, 15834 MiB, 16384 MiB, 46.14 W, 56
2026/09/14 22:24:58.681, 1 %, 3 %, 15834 MiB, 16384 MiB, 46.47 W, 56
2026/09/14 22:24:59.685, 2 %, 3 %, 15834 MiB, 16384 MiB, 46.28 W, 56
2026/09/14 22:25:00.689, 2 %, 3 %, 15834 MiB, 16384 MiB, 46.56 W, 56
2026/09/14 22:25:01.692, 4 %, 4 %, 15834 MiB, 16384 MiB, 45.49 W, 56
2026/09/14 22:25:02.695, 3 %, 4 %, 15834 MiB, 16384 MiB, 48.83 W, 56
2026/09/14 22:25:03.698, 1 %, 2 %, 15834 MiB, 16384 MiB, 45.92 W, 56
2026/09/14 22:25:04.701, 1 %, 2 %, 15834 MiB, 16384 MiB, 46.06 W, 56
2026/09/14 22:25:05.705, 1 %, 2 %, 15834 MiB, 16384 MiB, 46.14 W, 56
2026/09/14 22:25:06.708, 1 %, 2 %, 15834 MiB, 16384 MiB, 46.10 W, 56
2026/09/14 22:25:07.711, 4 %, 4 %, 15834 MiB, 16384 MiB, 45.52 W, 56
2026/09/14 22:25:08.715, 3 %, 4 %, 15834 MiB, 16384 MiB, 48.53 W, 56
2026/09/14 22:25:09.718, 1 %, 2 %, 15834 MiB, 16384 MiB, 46.19 W, 56
2026/09/14 22:25:10.722, 2 %, 3 %, 15834 MiB, 16384 MiB, 46.75 W, 56
2026/09/14 22:25:11.725, 2 %, 3 %, 15834 MiB, 16384 MiB, 47.18 W, 56
2026/09/14 22:25:12.728, 4 %, 4 %, 15834 MiB, 16384 MiB, 45.57 W, 56
2026/09/14 22:25:13.732, 4 %, 5 %, 15834 MiB, 16384 MiB, 47.48 W, 55
2026/09/14 22:25:14.735, 1 %, 2 %, 15834 MiB, 16384 MiB, 46.20 W, 55
2026/09/14 22:25:15.738, 1 %, 2 %, 15834 MiB, 16384 MiB, 45.89 W, 55
2026/09/14 22:25:16.741, 1 %, 2 %, 15834 MiB, 16384 MiB, 46.17 W, 55
2026/09/14 22:25:17.745, 100 %, 6 %, 15834 MiB, 16384 MiB, 50.60 W, 56
2026/09/14 22:25:18.748, 100 %, 9 %, 15834 MiB, 16384 MiB, 65.61 W, 56
2026/09/14 22:25:19.752, 100 %, 8 %, 15834 MiB, 16384 MiB, 59.68 W, 56
2026/09/14 22:25:20.755, 100 %, 6 %, 15834 MiB, 16384 MiB, 65.78 W, 57
2026/09/14 22:25:21.759, 100 %, 6 %, 15834 MiB, 16384 MiB, 65.65 W, 56
2026/09/14 22:25:22.763, 100 %, 9 %, 15834 MiB, 16384 MiB, 65.64 W, 56
2026/09/14 22:25:23.766, 3 %, 4 %, 15834 MiB, 16384 MiB, 65.13 W, 56
2026/09/14 22:25:24.769, 1 %, 2 %, 15834 MiB, 16384 MiB, 59.63 W, 56
2026/09/14 22:25:25.773, 1 %, 2 %, 15834 MiB, 16384 MiB, 46.34 W, 56
2026/09/14 22:25:26.776, 1 %, 2 %, 15834 MiB, 16384 MiB, 46.45 W, 56
2026/09/14 22:25:27.780, 3 %, 4 %, 15834 MiB, 16384 MiB, 46.04 W, 56
2026/09/14 22:25:28.783, 3 %, 4 %, 15834 MiB, 16384 MiB, 49.43 W, 56
2026/09/14 22:25:29.787, 2 %, 3 %, 15834 MiB, 16384 MiB, 46.56 W, 56
2026/09/14 22:25:30.790, 1 %, 2 %, 15834 MiB, 16384 MiB, 46.98 W, 56
2026/09/14 22:25:31.793, 1 %, 2 %, 15834 MiB, 16384 MiB, 46.73 W, 56
2026/09/14 22:25:32.797, 1 %, 2 %, 15834 MiB, 16384 MiB, 46.26 W, 56
2026/09/14 22:25:33.800, 3 %, 4 %, 15834 MiB, 16384 MiB, 45.13 W, 56
2026/09/14 22:25:34.803, 3 %, 4 %, 15834 MiB, 16384 MiB, 49.21 W, 55
2026/09/14 22:25:35.807, 3 %, 4 %, 15834 MiB, 16384 MiB, 50.06 W, 56
2026/09/14 22:25:36.810, 1 %, 2 %, 15834 MiB, 16384 MiB, 46.84 W, 55
2026/09/14 22:25:37.814, 1 %, 2 %, 15834 MiB, 16384 MiB, 46.60 W, 55
2026/09/14 22:25:38.817, 1 %, 2 %, 15834 MiB, 16384 MiB, 46.83 W, 55
2026/09/14 22:25:39.821, 1 %, 2 %, 15834 MiB, 16384 MiB, 46.34 W, 55
2026/09/14 22:25:40.824, 3 %, 4 %, 15834 MiB, 16384 MiB, 49.61 W, 55
2026/09/14 22:25:41.827, 1 %, 2 %, 15834 MiB, 16384 MiB, 46.65 W, 55
2026/09/14 22:25:42.830, 1 %, 2 %, 15834 MiB, 16384 MiB, 46.55 W, 55
2026/09/14 22:25:43.834, 1 %, 2 %, 15834 MiB, 16384 MiB, 46.31 W, 55
2026/09/14 22:25:44.837, 1 %, 2 %, 15834 MiB, 16384 MiB, 46.65 W, 55
2026/09/14 22:25:45.840, 3 %, 4 %, 15834 MiB, 16384 MiB, 46.11 W, 55
2026/09/14 22:25:46.843, 0 %, 0 %, 15834 MiB, 16384 MiB, 57.79 W, 56
2026/09/14 22:25:47.846, 0 %, 0 %, 15834 MiB, 16384 MiB, 57.67 W, 56
2026/09/14 22:25:48.849, 0 %, 0 %, 15834 MiB, 16384 MiB, 44.64 W, 55
2026/09/14 22:25:49.851, 0 %, 0 %, 15834 MiB, 16384 MiB, 44.26 W, 55
2026/09/14 22:25:50.853, 0 %, 0 %, 15834 MiB, 16384 MiB, 44.57 W, 55
2026/09/14 22:25:51.856, 0 %, 0 %, 15834 MiB, 16384 MiB, 44.89 W, 55
2026/09/14 22:25:52.858, 0 %, 0 %, 15834 MiB, 16384 MiB, 44.73 W, 55
2026/09/14 22:25:53.861, 0 %, 0 %, 15834 MiB, 16384 MiB, 44.48 W, 55
2026/09/14 22:25:54.863, 0 %, 0 %, 15834 MiB, 16384 MiB, 44.39 W, 55
2026/09/14 22:25:55.865, 0 %, 0 %, 15834 MiB, 16384 MiB, 44.63 W, 55
2026/09/14 22:25:56.868, 0 %, 0 %, 15834 MiB, 16384 MiB, 43.99 W, 55
2026/09/14 22:25:57.870, 0 %, 0 %, 15834 MiB, 16384 MiB, 44.49 W, 55
2026/09/14 22:25:58.873, 0 %, 0 %, 15834 MiB, 16384 MiB, 44.33 W, 55
2026/09/14 22:25:59.875, 0 %, 0 %, 15834 MiB, 16384 MiB, 44.58 W, 55
2026/09/14 22:26:00.878, 0 %, 0 %, 15834 MiB, 16384 MiB, 44.32 W, 55
2026/09/14 22:26:01.880, 100 %, 6 %, 15836 MiB, 16384 MiB, 71.47 W, 56
2026/09/14 22:26:02.883, 100 %, 6 %, 15836 MiB, 16384 MiB, 59.58 W, 56
2026/09/14 22:26:03.885, 100 %, 9 %, 15836 MiB, 16384 MiB, 64.36 W, 56
2026/09/14 22:26:04.888, 100 %, 6 %, 15836 MiB, 16384 MiB, 71.73 W, 56
2026/09/14 22:26:05.890, 100 %, 6 %, 15836 MiB, 16384 MiB, 71.64 W, 57
2026/09/14 22:26:06.893, 100 %, 6 %, 15836 MiB, 16384 MiB, 59.53 W, 57
2026/09/14 22:26:07.896, 8 %, 4 %, 15836 MiB, 16384 MiB, 70.45 W, 56
2026/09/14 22:26:08.898, 1 %, 2 %, 15836 MiB, 16384 MiB, 59.34 W, 57
2026/09/14 22:26:09.900, 1 %, 2 %, 15836 MiB, 16384 MiB, 45.71 W, 56
2026/09/14 22:26:10.903, 1 %, 2 %, 15836 MiB, 16384 MiB, 46.38 W, 56
2026/09/14 22:26:11.906, 9 %, 4 %, 15836 MiB, 16384 MiB, 46.05 W, 56
2026/09/14 22:26:12.908, 2 %, 3 %, 15836 MiB, 16384 MiB, 47.24 W, 56
2026/09/14 22:26:13.911, 2 %, 3 %, 15836 MiB, 16384 MiB, 46.53 W, 56
2026/09/14 22:26:14.913, 1 %, 2 %, 15836 MiB, 16384 MiB, 46.52 W, 56
2026/09/14 22:26:15.917, 10 %, 4 %, 15836 MiB, 16384 MiB, 45.83 W, 56
2026/09/14 22:26:16.920, 10 %, 4 %, 15836 MiB, 16384 MiB, 52.67 W, 56
2026/09/14 22:26:17.923, 1 %, 2 %, 15836 MiB, 16384 MiB, 46.59 W, 56
2026/09/14 22:26:18.927, 1 %, 2 %, 15836 MiB, 16384 MiB, 46.60 W, 56
2026/09/14 22:26:19.931, 1 %, 2 %, 15836 MiB, 16384 MiB, 46.85 W, 56
2026/09/14 22:26:20.935, 10 %, 4 %, 15836 MiB, 16384 MiB, 46.25 W, 56
2026/09/14 22:26:21.939, 10 %, 4 %, 15836 MiB, 16384 MiB, 52.65 W, 56
2026/09/14 22:26:22.943, 1 %, 2 %, 15836 MiB, 16384 MiB, 46.37 W, 56
2026/09/14 22:26:23.946, 2 %, 3 %, 15836 MiB, 16384 MiB, 46.31 W, 56
2026/09/14 22:26:24.950, 1 %, 2 %, 15836 MiB, 16384 MiB, 46.52 W, 55
2026/09/14 22:26:25.954, 10 %, 4 %, 15836 MiB, 16384 MiB, 52.88 W, 56
2026/09/14 22:26:26.958, 2 %, 3 %, 15836 MiB, 16384 MiB, 46.30 W, 56
2026/09/14 22:26:27.962, 1 %, 2 %, 15836 MiB, 16384 MiB, 46.47 W, 55
2026/09/14 22:26:28.966, 1 %, 2 %, 15836 MiB, 16384 MiB, 46.33 W, 55
2026/09/14 22:26:29.970, 10 %, 4 %, 15836 MiB, 16384 MiB, 45.81 W, 55
2026/09/14 22:26:30.974, 33 %, 9 %, 15836 MiB, 16384 MiB, 57.89 W, 56
2026/09/14 22:26:31.977, 100 %, 9 %, 15836 MiB, 16384 MiB, 59.41 W, 56
2026/09/14 22:26:32.979, 100 %, 6 %, 15836 MiB, 16384 MiB, 60.77 W, 56
2026/09/14 22:26:33.982, 100 %, 6 %, 15836 MiB, 16384 MiB, 65.81 W, 56
2026/09/14 22:26:34.984, 100 %, 9 %, 15836 MiB, 16384 MiB, 64.52 W, 57
2026/09/14 22:26:35.986, 100 %, 6 %, 15836 MiB, 16384 MiB, 59.55 W, 57
2026/09/14 22:26:36.989, 1 %, 2 %, 15836 MiB, 16384 MiB, 59.64 W, 56
2026/09/14 22:26:37.991, 1 %, 2 %, 15836 MiB, 16384 MiB, 59.52 W, 57
2026/09/14 22:26:38.994, 4 %, 4 %, 15836 MiB, 16384 MiB, 45.85 W, 56
2026/09/14 22:26:39.996, 4 %, 5 %, 15836 MiB, 16384 MiB, 48.92 W, 56
2026/09/14 22:26:40.999, 1 %, 2 %, 15836 MiB, 16384 MiB, 45.96 W, 56
2026/09/14 22:26:42.001, 2 %, 3 %, 15836 MiB, 16384 MiB, 46.27 W, 56
2026/09/14 22:26:43.004, 1 %, 2 %, 15836 MiB, 16384 MiB, 46.62 W, 56
2026/09/14 22:26:44.007, 4 %, 4 %, 15836 MiB, 16384 MiB, 45.82 W, 56
2026/09/14 22:26:45.009, 4 %, 4 %, 15836 MiB, 16384 MiB, 49.23 W, 56
2026/09/14 22:26:46.012, 1 %, 2 %, 15836 MiB, 16384 MiB, 46.51 W, 56
2026/09/14 22:26:47.014, 1 %, 2 %, 15836 MiB, 16384 MiB, 46.45 W, 56
2026/09/14 22:26:48.017, 1 %, 3 %, 15836 MiB, 16384 MiB, 46.40 W, 56
2026/09/14 22:26:49.020, 1 %, 2 %, 15836 MiB, 16384 MiB, 46.19 W, 56
2026/09/14 22:26:50.022, 3 %, 4 %, 15836 MiB, 16384 MiB, 45.33 W, 56
2026/09/14 22:26:51.025, 4 %, 4 %, 15836 MiB, 16384 MiB, 48.41 W, 56
2026/09/14 22:26:52.028, 1 %, 2 %, 15836 MiB, 16384 MiB, 45.60 W, 56
2026/09/14 22:26:53.031, 2 %, 3 %, 15836 MiB, 16384 MiB, 45.84 W, 55
2026/09/14 22:26:54.034, 2 %, 3 %, 15836 MiB, 16384 MiB, 46.34 W, 55
2026/09/14 22:26:55.038, 1 %, 2 %, 15836 MiB, 16384 MiB, 46.28 W, 55
2026/09/14 22:26:56.041, 3 %, 4 %, 15836 MiB, 16384 MiB, 45.28 W, 55
2026/09/14 22:26:57.044, 4 %, 4 %, 15836 MiB, 16384 MiB, 48.76 W, 55
2026/09/14 22:26:58.047, 1 %, 2 %, 15836 MiB, 16384 MiB, 46.01 W, 56
2026/09/14 22:26:59.050, 1 %, 2 %, 15836 MiB, 16384 MiB, 46.24 W, 55
2026/09/14 22:27:00.053, 100 %, 9 %, 15836 MiB, 16384 MiB, 63.54 W, 56
2026/09/14 22:27:01.056, 100 %, 6 %, 15836 MiB, 16384 MiB, 59.45 W, 56
2026/09/14 22:27:02.060, 100 %, 6 %, 15836 MiB, 16384 MiB, 64.65 W, 56
2026/09/14 22:27:03.063, 100 %, 9 %, 15836 MiB, 16384 MiB, 64.61 W, 56
2026/09/14 22:27:04.066, 100 %, 6 %, 15836 MiB, 16384 MiB, 59.42 W, 57
2026/09/14 22:27:05.070, 100 %, 6 %, 15836 MiB, 16384 MiB, 64.50 W, 57
2026/09/14 22:27:06.074, 3 %, 4 %, 15836 MiB, 16384 MiB, 63.60 W, 56
2026/09/14 22:27:07.077, 1 %, 2 %, 15836 MiB, 16384 MiB, 59.04 W, 57
2026/09/14 22:27:08.081, 1 %, 2 %, 15836 MiB, 16384 MiB, 45.90 W, 56
2026/09/14 22:27:09.085, 1 %, 2 %, 15836 MiB, 16384 MiB, 46.14 W, 56
2026/09/14 22:27:10.088, 2 %, 3 %, 15836 MiB, 16384 MiB, 46.28 W, 56
2026/09/14 22:27:11.092, 4 %, 4 %, 15836 MiB, 16384 MiB, 45.61 W, 56
2026/09/14 22:27:12.095, 4 %, 5 %, 15836 MiB, 16384 MiB, 48.48 W, 56
2026/09/14 22:27:13.098, 1 %, 2 %, 15836 MiB, 16384 MiB, 46.03 W, 56
2026/09/14 22:27:14.101, 1 %, 2 %, 15836 MiB, 16384 MiB, 46.68 W, 56
2026/09/14 22:27:15.105, 1 %, 2 %, 15836 MiB, 16384 MiB, 46.45 W, 56
2026/09/14 22:27:16.108, 3 %, 4 %, 15836 MiB, 16384 MiB, 45.84 W, 56
2026/09/14 22:27:17.111, 3 %, 4 %, 15836 MiB, 16384 MiB, 47.85 W, 56
2026/09/14 22:27:18.116, 1 %, 2 %, 15836 MiB, 16384 MiB, 45.44 W, 56
2026/09/14 22:27:19.119, 1 %, 2 %, 15836 MiB, 16384 MiB, 45.87 W, 55
2026/09/14 22:27:20.121, 1 %, 2 %, 15836 MiB, 16384 MiB, 46.16 W, 55
2026/09/14 22:27:21.125, 1 %, 2 %, 15836 MiB, 16384 MiB, 45.84 W, 55
2026/09/14 22:27:22.128, 4 %, 4 %, 15836 MiB, 16384 MiB, 45.49 W, 55
2026/09/14 22:27:23.131, 2 %, 3 %, 15836 MiB, 16384 MiB, 45.59 W, 55
2026/09/14 22:27:24.134, 2 %, 3 %, 15836 MiB, 16384 MiB, 46.10 W, 55
2026/09/14 22:27:25.138, 1 %, 3 %, 15836 MiB, 16384 MiB, 45.89 W, 55
2026/09/14 22:27:26.141, 1 %, 2 %, 15836 MiB, 16384 MiB, 46.25 W, 55
2026/09/14 22:27:27.144, 4 %, 4 %, 15836 MiB, 16384 MiB, 45.60 W, 55
2026/09/14 22:27:28.148, 4 %, 4 %, 15836 MiB, 16384 MiB, 48.56 W, 55
2026/09/14 22:27:29.151, 100 %, 6 %, 15836 MiB, 16384 MiB, 64.47 W, 56
2026/09/14 22:27:30.154, 100 %, 9 %, 15836 MiB, 16384 MiB, 64.41 W, 56
2026/09/14 22:27:31.157, 100 %, 6 %, 15836 MiB, 16384 MiB, 59.36 W, 56
2026/09/14 22:27:32.160, 100 %, 6 %, 15836 MiB, 16384 MiB, 64.47 W, 57
2026/09/14 22:27:33.164, 100 %, 9 %, 15836 MiB, 16384 MiB, 64.72 W, 56
2026/09/14 22:27:34.167, 100 %, 9 %, 15836 MiB, 16384 MiB, 63.88 W, 57
2026/09/14 22:27:35.171, 1 %, 3 %, 15836 MiB, 16384 MiB, 60.65 W, 57
2026/09/14 22:27:36.173, 3 %, 4 %, 15836 MiB, 16384 MiB, 60.29 W, 56
2026/09/14 22:27:37.177, 3 %, 4 %, 15836 MiB, 16384 MiB, 47.88 W, 56
2026/09/14 22:27:38.180, 2 %, 2 %, 15836 MiB, 16384 MiB, 46.03 W, 56
2026/09/14 22:27:39.183, 2 %, 3 %, 15836 MiB, 16384 MiB, 46.06 W, 56
2026/09/14 22:27:40.186, 1 %, 2 %, 15836 MiB, 16384 MiB, 45.94 W, 56
2026/09/14 22:27:41.189, 1 %, 2 %, 15836 MiB, 16384 MiB, 45.94 W, 56
2026/09/14 22:27:42.193, 3 %, 4 %, 15836 MiB, 16384 MiB, 45.79 W, 56
2026/09/14 22:27:43.196, 3 %, 4 %, 15836 MiB, 16384 MiB, 48.71 W, 56
2026/09/14 22:27:44.199, 4 %, 5 %, 15836 MiB, 16384 MiB, 49.12 W, 56
2026/09/14 22:27:45.202, 1 %, 2 %, 15836 MiB, 16384 MiB, 45.92 W, 56
2026/09/14 22:27:46.205, 1 %, 2 %, 15836 MiB, 16384 MiB, 46.18 W, 56
2026/09/14 22:27:47.209, 1 %, 3 %, 15836 MiB, 16384 MiB, 46.02 W, 55
2026/09/14 22:27:48.212, 1 %, 2 %, 15836 MiB, 16384 MiB, 46.21 W, 55
2026/09/14 22:27:49.215, 4 %, 4 %, 15836 MiB, 16384 MiB, 45.15 W, 55
2026/09/14 22:27:50.218, 4 %, 4 %, 15836 MiB, 16384 MiB, 48.24 W, 55
2026/09/14 22:27:51.221, 2 %, 3 %, 15836 MiB, 16384 MiB, 45.69 W, 56
2026/09/14 22:27:52.224, 2 %, 3 %, 15836 MiB, 16384 MiB, 46.08 W, 55
2026/09/14 22:27:53.228, 1 %, 2 %, 15836 MiB, 16384 MiB, 45.89 W, 55
2026/09/14 22:27:54.230, 3 %, 4 %, 15836 MiB, 16384 MiB, 46.41 W, 55
2026/09/14 22:27:55.233, 4 %, 5 %, 15836 MiB, 16384 MiB, 49.42 W, 55
2026/09/14 22:27:56.237, 1 %, 2 %, 15836 MiB, 16384 MiB, 46.56 W, 55
2026/09/14 22:27:57.240, 1 %, 2 %, 15836 MiB, 16384 MiB, 45.74 W, 55
2026/09/14 22:27:58.243, 100 %, 6 %, 15836 MiB, 16384 MiB, 64.73 W, 56
2026/09/14 22:27:59.246, 100 %, 9 %, 15836 MiB, 16384 MiB, 64.64 W, 56
2026/09/14 22:28:00.250, 100 %, 6 %, 15836 MiB, 16384 MiB, 59.54 W, 56
2026/09/14 22:28:01.253, 100 %, 6 %, 15836 MiB, 16384 MiB, 64.77 W, 57
2026/09/14 22:28:02.256, 100 %, 9 %, 15836 MiB, 16384 MiB, 64.80 W, 56
2026/09/14 22:28:03.260, 30 %, 4 %, 15836 MiB, 16384 MiB, 58.61 W, 56
2026/09/14 22:28:04.263, 3 %, 4 %, 15836 MiB, 16384 MiB, 63.88 W, 56
2026/09/14 22:28:05.267, 1 %, 2 %, 15836 MiB, 16384 MiB, 45.89 W, 56
2026/09/14 22:28:06.270, 2 %, 3 %, 15836 MiB, 16384 MiB, 45.73 W, 56
2026/09/14 22:28:07.273, 1 %, 2 %, 15836 MiB, 16384 MiB, 45.50 W, 56
2026/09/14 22:28:08.277, 3 %, 4 %, 15836 MiB, 16384 MiB, 45.58 W, 56
2026/09/14 22:28:09.280, 4 %, 4 %, 15836 MiB, 16384 MiB, 48.15 W, 56
2026/09/14 22:28:10.283, 1 %, 2 %, 15836 MiB, 16384 MiB, 45.51 W, 56
2026/09/14 22:28:11.286, 1 %, 2 %, 15836 MiB, 16384 MiB, 45.61 W, 56
2026/09/14 22:28:12.289, 1 %, 2 %, 15836 MiB, 16384 MiB, 45.80 W, 56
2026/09/14 22:28:13.292, 4 %, 4 %, 15836 MiB, 16384 MiB, 45.12 W, 55
2026/09/14 22:28:14.295, 3 %, 4 %, 15836 MiB, 16384 MiB, 47.66 W, 55
2026/09/14 22:28:15.298, 1 %, 2 %, 15836 MiB, 16384 MiB, 45.75 W, 55
2026/09/14 22:28:16.301, 1 %, 2 %, 15836 MiB, 16384 MiB, 46.38 W, 55
2026/09/14 22:28:17.304, 1 %, 2 %, 15836 MiB, 16384 MiB, 46.02 W, 55
2026/09/14 22:28:18.307, 4 %, 4 %, 15836 MiB, 16384 MiB, 46.04 W, 55
2026/09/14 22:28:19.310, 3 %, 4 %, 15836 MiB, 16384 MiB, 44.89 W, 55
2026/09/14 22:28:20.313, 3 %, 3 %, 15836 MiB, 16384 MiB, 49.03 W, 55
2026/09/14 22:28:21.316, 2 %, 3 %, 15836 MiB, 16384 MiB, 46.08 W, 55
2026/09/14 22:28:22.319, 2 %, 3 %, 15836 MiB, 16384 MiB, 45.99 W, 55
2026/09/14 22:28:23.322, 1 %, 2 %, 15836 MiB, 16384 MiB, 45.77 W, 55
2026/09/14 22:28:24.325, 4 %, 4 %, 15836 MiB, 16384 MiB, 44.90 W, 55
2026/09/14 22:28:25.329, 4 %, 4 %, 15836 MiB, 16384 MiB, 48.24 W, 55
2026/09/14 22:28:26.332, 1 %, 2 %, 15836 MiB, 16384 MiB, 45.80 W, 55
2026/09/14 22:28:27.335, 100 %, 9 %, 15836 MiB, 16384 MiB, 64.65 W, 56
2026/09/14 22:28:28.338, 100 %, 7 %, 15836 MiB, 16384 MiB, 64.52 W, 56
2026/09/14 22:28:29.340, 100 %, 6 %, 15836 MiB, 16384 MiB, 59.58 W, 56
2026/09/14 22:28:30.343, 100 %, 6 %, 15836 MiB, 16384 MiB, 64.54 W, 57
2026/09/14 22:28:31.347, 100 %, 9 %, 15836 MiB, 16384 MiB, 64.58 W, 56
2026/09/14 22:28:32.349, 1 %, 2 %, 15836 MiB, 16384 MiB, 59.12 W, 56
2026/09/14 22:28:33.353, 3 %, 4 %, 15836 MiB, 16384 MiB, 59.07 W, 56
2026/09/14 22:28:34.356, 4 %, 4 %, 15836 MiB, 16384 MiB, 48.46 W, 56
2026/09/14 22:28:35.359, 2 %, 3 %, 15836 MiB, 16384 MiB, 46.37 W, 56
2026/09/14 22:28:36.363, 1 %, 2 %, 15836 MiB, 16384 MiB, 46.63 W, 56
2026/09/14 22:28:37.366, 2 %, 3 %, 15836 MiB, 16384 MiB, 46.29 W, 56
2026/09/14 22:28:38.369, 1 %, 2 %, 15836 MiB, 16384 MiB, 46.18 W, 56
2026/09/14 22:28:39.372, 3 %, 4 %, 15836 MiB, 16384 MiB, 45.07 W, 56
2026/09/14 22:28:40.375, 3 %, 4 %, 15836 MiB, 16384 MiB, 49.02 W, 55
2026/09/14 22:28:41.378, 1 %, 2 %, 15836 MiB, 16384 MiB, 46.05 W, 56
2026/09/14 22:28:42.381, 1 %, 2 %, 15836 MiB, 16384 MiB, 46.06 W, 56
2026/09/14 22:28:43.384, 1 %, 2 %, 15836 MiB, 16384 MiB, 45.77 W, 55
2026/09/14 22:28:44.387, 4 %, 4 %, 15836 MiB, 16384 MiB, 45.79 W, 55
2026/09/14 22:28:45.390, 4 %, 4 %, 15836 MiB, 16384 MiB, 45.26 W, 55
2026/09/14 22:28:46.394, 4 %, 4 %, 15836 MiB, 16384 MiB, 48.69 W, 55
2026/09/14 22:28:47.397, 1 %, 2 %, 15836 MiB, 16384 MiB, 45.84 W, 55
2026/09/14 22:28:48.400, 2 %, 3 %, 15836 MiB, 16384 MiB, 46.19 W, 55
2026/09/14 22:28:49.403, 2 %, 3 %, 15836 MiB, 16384 MiB, 46.00 W, 55
2026/09/14 22:28:50.406, 3 %, 4 %, 15836 MiB, 16384 MiB, 45.17 W, 55
2026/09/14 22:28:51.409, 2 %, 3 %, 15836 MiB, 16384 MiB, 45.45 W, 55
2026/09/14 22:28:52.419, 1 %, 2 %, 15836 MiB, 16384 MiB, 45.56 W, 55
2026/09/14 22:28:53.421, 1 %, 2 %, 15836 MiB, 16384 MiB, 46.17 W, 55
2026/09/14 22:28:54.424, 1 %, 2 %, 15836 MiB, 16384 MiB, 45.74 W, 55
2026/09/14 22:28:55.427, 89 %, 13 %, 15836 MiB, 16384 MiB, 58.82 W, 56
2026/09/14 22:28:56.429, 100 %, 6 %, 15836 MiB, 16384 MiB, 64.41 W, 56
2026/09/14 22:28:57.432, 100 %, 6 %, 15836 MiB, 16384 MiB, 64.55 W, 56
2026/09/14 22:28:58.434, 100 %, 9 %, 15836 MiB, 16384 MiB, 65.97 W, 56
2026/09/14 22:28:59.436, 100 %, 9 %, 15836 MiB, 16384 MiB, 60.77 W, 56
2026/09/14 22:29:00.439, 100 %, 6 %, 15836 MiB, 16384 MiB, 64.59 W, 56
2026/09/14 22:29:01.441, 1 %, 2 %, 15836 MiB, 16384 MiB, 63.49 W, 56
2026/09/14 22:29:02.444, 1 %, 2 %, 15836 MiB, 16384 MiB, 59.19 W, 56
2026/09/14 22:29:03.447, 1 %, 2 %, 15836 MiB, 16384 MiB, 46.44 W, 56
2026/09/14 22:29:04.451, 4 %, 4 %, 15836 MiB, 16384 MiB, 46.03 W, 56
2026/09/14 22:29:05.453, 4 %, 4 %, 15836 MiB, 16384 MiB, 46.08 W, 56
2026/09/14 22:29:06.456, 4 %, 5 %, 15836 MiB, 16384 MiB, 45.42 W, 56
2026/09/14 22:29:07.459, 2 %, 3 %, 15836 MiB, 16384 MiB, 49.10 W, 56
2026/09/14 22:29:08.461, 1 %, 2 %, 15836 MiB, 16384 MiB, 46.34 W, 55
2026/09/14 22:29:09.464, 1 %, 2 %, 15836 MiB, 16384 MiB, 46.12 W, 55
2026/09/14 22:29:10.467, 4 %, 4 %, 15836 MiB, 16384 MiB, 46.13 W, 55
2026/09/14 22:29:11.470, 3 %, 4 %, 15836 MiB, 16384 MiB, 45.94 W, 55
2026/09/14 22:29:12.473, 4 %, 5 %, 15836 MiB, 16384 MiB, 45.15 W, 55
2026/09/14 22:29:13.475, 1 %, 2 %, 15836 MiB, 16384 MiB, 48.87 W, 55
2026/09/14 22:29:14.478, 1 %, 2 %, 15836 MiB, 16384 MiB, 46.02 W, 55
2026/09/14 22:29:15.481, 1 %, 2 %, 15836 MiB, 16384 MiB, 46.12 W, 55
2026/09/14 22:29:16.483, 3 %, 4 %, 15836 MiB, 16384 MiB, 45.86 W, 55
2026/09/14 22:29:17.486, 4 %, 5 %, 15836 MiB, 16384 MiB, 45.96 W, 55
2026/09/14 22:29:18.489, 2 %, 3 %, 15836 MiB, 16384 MiB, 49.68 W, 55
2026/09/14 22:29:19.491, 2 %, 3 %, 15836 MiB, 16384 MiB, 46.01 W, 55
2026/09/14 22:29:20.496, 1 %, 2 %, 15836 MiB, 16384 MiB, 46.06 W, 55
2026/09/14 22:29:21.498, 3 %, 4 %, 15836 MiB, 16384 MiB, 46.15 W, 55
2026/09/14 22:29:22.501, 4 %, 4 %, 15836 MiB, 16384 MiB, 45.15 W, 55
2026/09/14 22:29:23.503, 1 %, 2 %, 15836 MiB, 16384 MiB, 48.78 W, 55
2026/09/14 22:29:24.506, 100 %, 10 %, 15836 MiB, 16384 MiB, 64.57 W, 56
2026/09/14 22:29:25.508, 100 %, 9 %, 15836 MiB, 16384 MiB, 59.44 W, 56
2026/09/14 22:29:26.511, 100 %, 6 %, 15836 MiB, 16384 MiB, 64.66 W, 56
2026/09/14 22:29:27.514, 100 %, 6 %, 15836 MiB, 16384 MiB, 64.60 W, 56
2026/09/14 22:29:28.517, 100 %, 9 %, 15836 MiB, 16384 MiB, 59.38 W, 57
2026/09/14 22:29:29.520, 100 %, 6 %, 15836 MiB, 16384 MiB, 61.08 W, 56
2026/09/14 22:29:30.523, 3 %, 4 %, 15836 MiB, 16384 MiB, 59.61 W, 56
2026/09/14 22:29:31.526, 3 %, 4 %, 15836 MiB, 16384 MiB, 58.29 W, 56
2026/09/14 22:29:32.528, 1 %, 2 %, 15836 MiB, 16384 MiB, 45.81 W, 56
2026/09/14 22:29:33.532, 1 %, 2 %, 15836 MiB, 16384 MiB, 46.26 W, 56
2026/09/14 22:29:34.535, 1 %, 2 %, 15836 MiB, 16384 MiB, 46.03 W, 56
2026/09/14 22:29:35.538, 3 %, 4 %, 15836 MiB, 16384 MiB, 46.31 W, 55
2026/09/14 22:29:36.541, 2 %, 3 %, 15836 MiB, 16384 MiB, 48.47 W, 55
2026/09/14 22:29:37.545, 1 %, 2 %, 15836 MiB, 16384 MiB, 46.57 W, 55
2026/09/14 22:29:38.548, 1 %, 2 %, 15836 MiB, 16384 MiB, 46.56 W, 55
2026/09/14 22:29:39.551, 1 %, 2 %, 15836 MiB, 16384 MiB, 46.14 W, 55
2026/09/14 22:29:40.554, 3 %, 4 %, 15836 MiB, 16384 MiB, 45.99 W, 55
2026/09/14 22:29:41.558, 4 %, 4 %, 15836 MiB, 16384 MiB, 45.80 W, 55
2026/09/14 22:29:42.561, 1 %, 2 %, 15836 MiB, 16384 MiB, 46.35 W, 55
2026/09/14 22:29:43.564, 1 %, 2 %, 15836 MiB, 16384 MiB, 49.03 W, 55
2026/09/14 22:29:44.567, 1 %, 2 %, 15836 MiB, 16384 MiB, 45.99 W, 55
2026/09/14 22:29:45.569, 1 %, 2 %, 15836 MiB, 16384 MiB, 45.97 W, 55
2026/09/14 22:29:46.573, 1 %, 2 %, 15836 MiB, 16384 MiB, 45.55 W, 55
2026/09/14 22:29:47.576, 4 %, 4 %, 15836 MiB, 16384 MiB, 46.24 W, 55
2026/09/14 22:29:48.579, 1 %, 2 %, 15836 MiB, 16384 MiB, 45.31 W, 55
2026/09/14 22:29:49.582, 1 %, 2 %, 15836 MiB, 16384 MiB, 48.38 W, 55
2026/09/14 22:29:50.586, 1 %, 2 %, 15836 MiB, 16384 MiB, 45.59 W, 55
2026/09/14 22:29:51.589, 1 %, 2 %, 15836 MiB, 16384 MiB, 45.81 W, 55
2026/09/14 22:29:52.592, 3 %, 4 %, 15836 MiB, 16384 MiB, 45.77 W, 55
2026/09/14 22:29:53.595, 100 %, 8 %, 15836 MiB, 16384 MiB, 61.13 W, 56
2026/09/14 22:29:54.599, 100 %, 6 %, 15836 MiB, 16384 MiB, 63.17 W, 56
2026/09/14 22:29:55.602, 100 %, 6 %, 15836 MiB, 16384 MiB, 68.14 W, 56
2026/09/14 22:29:56.605, 100 %, 6 %, 15836 MiB, 16384 MiB, 63.32 W, 56
2026/09/14 22:29:57.609, 100 %, 6 %, 15836 MiB, 16384 MiB, 69.26 W, 56
2026/09/14 22:29:58.612, 100 %, 6 %, 15836 MiB, 16384 MiB, 64.09 W, 56
2026/09/14 22:29:59.616, 1 %, 3 %, 15836 MiB, 16384 MiB, 59.34 W, 56
2026/09/14 22:30:00.620, 1 %, 1 %, 15836 MiB, 16384 MiB, 59.34 W, 56
2026/09/14 22:30:01.623, 6 %, 4 %, 15836 MiB, 16384 MiB, 45.75 W, 56
2026/09/14 22:30:02.626, 2 %, 3 %, 15836 MiB, 16384 MiB, 50.30 W, 56
2026/09/14 22:30:03.630, 1 %, 2 %, 15836 MiB, 16384 MiB, 45.81 W, 56
2026/09/14 22:30:04.634, 2 %, 3 %, 15836 MiB, 16384 MiB, 45.59 W, 56
2026/09/14 22:30:05.638, 7 %, 4 %, 15836 MiB, 16384 MiB, 45.79 W, 56
2026/09/14 22:30:06.642, 6 %, 4 %, 15836 MiB, 16384 MiB, 45.58 W, 55
2026/09/14 22:30:07.645, 1 %, 2 %, 15836 MiB, 16384 MiB, 50.22 W, 55
2026/09/14 22:30:08.649, 1 %, 2 %, 15836 MiB, 16384 MiB, 45.35 W, 56
2026/09/14 22:30:09.652, 1 %, 2 %, 15836 MiB, 16384 MiB, 45.42 W, 55
2026/09/14 22:30:10.655, 1 %, 2 %, 15836 MiB, 16384 MiB, 45.60 W, 55
2026/09/14 22:30:11.658, 6 %, 4 %, 15836 MiB, 16384 MiB, 45.38 W, 55
2026/09/14 22:30:12.661, 1 %, 2 %, 15836 MiB, 16384 MiB, 43.95 W, 55
2026/09/14 22:30:13.664, 1 %, 2 %, 15836 MiB, 16384 MiB, 45.21 W, 56
2026/09/14 22:30:14.667, 1 %, 2 %, 15836 MiB, 16384 MiB, 45.62 W, 55
2026/09/14 22:30:15.671, 1 %, 2 %, 15836 MiB, 16384 MiB, 45.73 W, 55
2026/09/14 22:30:16.674, 6 %, 4 %, 15836 MiB, 16384 MiB, 45.43 W, 55
2026/09/14 22:30:17.677, 2 %, 3 %, 15836 MiB, 16384 MiB, 50.70 W, 55
2026/09/14 22:30:18.680, 1 %, 2 %, 15836 MiB, 16384 MiB, 46.21 W, 55
2026/09/14 22:30:19.684, 1 %, 2 %, 15836 MiB, 16384 MiB, 45.96 W, 55
2026/09/14 22:30:20.688, 7 %, 4 %, 15836 MiB, 16384 MiB, 45.62 W, 55
2026/09/14 22:30:21.691, 7 %, 4 %, 15836 MiB, 16384 MiB, 45.13 W, 55
2026/09/14 22:30:22.693, 1 %, 2 %, 15836 MiB, 16384 MiB, 56.74 W, 55
2026/09/14 22:30:23.696, 100 %, 9 %, 15836 MiB, 16384 MiB, 65.18 W, 56
2026/09/14 22:30:24.699, 100 %, 9 %, 15836 MiB, 16384 MiB, 59.27 W, 56
2026/09/14 22:30:25.702, 100 %, 6 %, 15836 MiB, 16384 MiB, 65.46 W, 56
2026/09/14 22:30:26.706, 100 %, 6 %, 15836 MiB, 16384 MiB, 65.41 W, 56
2026/09/14 22:30:27.709, 100 %, 9 %, 15836 MiB, 16384 MiB, 65.29 W, 56
2026/09/14 22:30:28.713, 1 %, 2 %, 15836 MiB, 16384 MiB, 59.44 W, 56
2026/09/14 22:30:29.716, 3 %, 4 %, 15836 MiB, 16384 MiB, 59.21 W, 56
2026/09/14 22:30:30.719, 3 %, 4 %, 15836 MiB, 16384 MiB, 45.62 W, 56
2026/09/14 22:30:31.722, 2 %, 3 %, 15836 MiB, 16384 MiB, 49.01 W, 56
2026/09/14 22:30:32.726, 1 %, 2 %, 15836 MiB, 16384 MiB, 45.54 W, 56
2026/09/14 22:30:33.729, 2 %, 3 %, 15836 MiB, 16384 MiB, 46.01 W, 56
2026/09/14 22:30:34.732, 3 %, 4 %, 15836 MiB, 16384 MiB, 45.54 W, 56
2026/09/14 22:30:35.735, 3 %, 4 %, 15836 MiB, 16384 MiB, 45.86 W, 56
2026/09/14 22:30:36.738, 1 %, 2 %, 15836 MiB, 16384 MiB, 44.55 W, 56
2026/09/14 22:30:37.741, 1 %, 2 %, 15836 MiB, 16384 MiB, 49.33 W, 56
2026/09/14 22:30:38.745, 1 %, 2 %, 15836 MiB, 16384 MiB, 46.28 W, 55
2026/09/14 22:30:39.748, 1 %, 2 %, 15836 MiB, 16384 MiB, 45.50 W, 55
2026/09/14 22:30:40.752, 3 %, 4 %, 15836 MiB, 16384 MiB, 45.74 W, 55
2026/09/14 22:30:41.754, 3 %, 4 %, 15836 MiB, 16384 MiB, 45.56 W, 55
2026/09/14 22:30:42.758, 1 %, 2 %, 15836 MiB, 16384 MiB, 48.44 W, 55
2026/09/14 22:30:43.761, 1 %, 2 %, 15836 MiB, 16384 MiB, 46.11 W, 55
2026/09/14 22:30:44.764, 2 %, 3 %, 15836 MiB, 16384 MiB, 46.11 W, 55
2026/09/14 22:30:45.767, 1 %, 2 %, 15836 MiB, 16384 MiB, 46.06 W, 55
2026/09/14 22:30:46.770, 3 %, 4 %, 15836 MiB, 16384 MiB, 45.74 W, 55
2026/09/14 22:30:47.774, 2 %, 3 %, 15836 MiB, 16384 MiB, 45.13 W, 55
2026/09/14 22:30:48.777, 1 %, 2 %, 15836 MiB, 16384 MiB, 48.29 W, 55
2026/09/14 22:30:49.780, 1 %, 2 %, 15836 MiB, 16384 MiB, 45.53 W, 55
2026/09/14 22:30:50.783, 1 %, 2 %, 15836 MiB, 16384 MiB, 45.49 W, 55
2026/09/14 22:30:51.787, 94 %, 13 %, 15836 MiB, 16384 MiB, 67.98 W, 56
2026/09/14 22:30:52.790, 100 %, 6 %, 15836 MiB, 16384 MiB, 68.49 W, 56
2026/09/14 22:30:53.794, 100 %, 9 %, 15836 MiB, 16384 MiB, 68.38 W, 56
2026/09/14 22:30:54.797, 100 %, 6 %, 15836 MiB, 16384 MiB, 68.30 W, 56
2026/09/14 22:30:55.801, 100 %, 9 %, 15836 MiB, 16384 MiB, 68.23 W, 57
2026/09/14 22:30:56.804, 100 %, 6 %, 15836 MiB, 16384 MiB, 68.39 W, 56
2026/09/14 22:30:57.808, 2 %, 3 %, 15836 MiB, 16384 MiB, 59.41 W, 56
2026/09/14 22:30:58.811, 1 %, 1 %, 15836 MiB, 16384 MiB, 60.59 W, 56
2026/09/14 22:30:59.814, 6 %, 4 %, 15836 MiB, 16384 MiB, 46.53 W, 56
2026/09/14 22:31:00.818, 2 %, 3 %, 15836 MiB, 16384 MiB, 45.63 W, 56
2026/09/14 22:31:01.824, 1 %, 2 %, 15836 MiB, 16384 MiB, 51.08 W, 56
2026/09/14 22:31:02.827, 2 %, 3 %, 15836 MiB, 16384 MiB, 46.08 W, 55
2026/09/14 22:31:03.829, 1 %, 2 %, 15836 MiB, 16384 MiB, 46.01 W, 56
2026/09/14 22:31:04.832, 6 %, 4 %, 15836 MiB, 16384 MiB, 46.23 W, 55
2026/09/14 22:31:05.835, 1 %, 2 %, 15836 MiB, 16384 MiB, 51.00 W, 55
2026/09/14 22:31:06.837, 1 %, 2 %, 15836 MiB, 16384 MiB, 50.96 W, 56
2026/09/14 22:31:07.840, 1 %, 2 %, 15836 MiB, 16384 MiB, 46.07 W, 55
2026/09/14 22:31:08.843, 1 %, 2 %, 15836 MiB, 16384 MiB, 45.92 W, 55
2026/09/14 22:31:09.846, 6 %, 4 %, 15836 MiB, 16384 MiB, 45.94 W, 55
2026/09/14 22:31:10.849, 7 %, 5 %, 15836 MiB, 16384 MiB, 45.32 W, 55
2026/09/14 22:31:11.852, 1 %, 2 %, 15836 MiB, 16384 MiB, 50.84 W, 55
2026/09/14 22:31:12.855, 1 %, 2 %, 15836 MiB, 16384 MiB, 45.67 W, 55
2026/09/14 22:31:13.858, 1 %, 2 %, 15836 MiB, 16384 MiB, 45.79 W, 55
2026/09/14 22:31:14.861, 6 %, 4 %, 15836 MiB, 16384 MiB, 46.05 W, 55
2026/09/14 22:31:15.864, 2 %, 3 %, 15836 MiB, 16384 MiB, 44.98 W, 55
2026/09/14 22:31:16.868, 1 %, 3 %, 15836 MiB, 16384 MiB, 51.41 W, 55
2026/09/14 22:31:17.871, 1 %, 2 %, 15836 MiB, 16384 MiB, 45.94 W, 55
2026/09/14 22:31:18.874, 7 %, 4 %, 15836 MiB, 16384 MiB, 46.63 W, 55
2026/09/14 22:31:19.877, 6 %, 4 %, 15836 MiB, 16384 MiB, 46.54 W, 55
2026/09/14 22:31:20.880, 1 %, 2 %, 15836 MiB, 16384 MiB, 46.60 W, 55
2026/09/14 22:31:21.887, 100 %, 6 %, 15836 MiB, 16384 MiB, 64.66 W, 56
2026/09/14 22:31:22.889, 100 %, 7 %, 15836 MiB, 16384 MiB, 64.67 W, 56
2026/09/14 22:31:23.891, 100 %, 9 %, 15836 MiB, 16384 MiB, 59.49 W, 56
2026/09/14 22:31:24.894, 100 %, 6 %, 15836 MiB, 16384 MiB, 59.62 W, 56
2026/09/14 22:31:25.898, 100 %, 6 %, 15836 MiB, 16384 MiB, 64.76 W, 56
2026/09/14 22:31:26.900, 1 %, 3 %, 15836 MiB, 16384 MiB, 59.42 W, 56
2026/09/14 22:31:27.903, 3 %, 4 %, 15836 MiB, 16384 MiB, 59.72 W, 56
2026/09/14 22:31:28.907, 4 %, 4 %, 15836 MiB, 16384 MiB, 46.54 W, 56
2026/09/14 22:31:29.910, 2 %, 3 %, 15836 MiB, 16384 MiB, 48.79 W, 56
2026/09/14 22:31:30.913, 1 %, 3 %, 15836 MiB, 16384 MiB, 49.24 W, 56
2026/09/14 22:31:31.916, 2 %, 3 %, 15836 MiB, 16384 MiB, 46.12 W, 55
2026/09/14 22:31:32.919, 1 %, 2 %, 15836 MiB, 16384 MiB, 46.33 W, 55
2026/09/14 22:31:33.923, 3 %, 4 %, 15836 MiB, 16384 MiB, 46.03 W, 55
2026/09/14 22:31:34.926, 1 %, 2 %, 15836 MiB, 16384 MiB, 45.28 W, 55
2026/09/14 22:31:35.929, 1 %, 2 %, 15836 MiB, 16384 MiB, 49.02 W, 55
2026/09/14 22:31:36.933, 1 %, 2 %, 15836 MiB, 16384 MiB, 45.89 W, 55
2026/09/14 22:31:37.936, 1 %, 2 %, 15836 MiB, 16384 MiB, 45.62 W, 55
2026/09/14 22:31:38.939, 3 %, 4 %, 15836 MiB, 16384 MiB, 46.73 W, 55
2026/09/14 22:31:39.943, 1 %, 2 %, 15836 MiB, 16384 MiB, 45.62 W, 55
2026/09/14 22:31:40.946, 1 %, 2 %, 15836 MiB, 16384 MiB, 49.21 W, 55
2026/09/14 22:31:41.952, 1 %, 2 %, 15836 MiB, 16384 MiB, 46.25 W, 55
2026/09/14 22:31:42.954, 4 %, 4 %, 15836 MiB, 16384 MiB, 46.26 W, 55
2026/09/14 22:31:43.957, 4 %, 4 %, 15836 MiB, 16384 MiB, 45.89 W, 55
2026/09/14 22:31:44.959, 2 %, 3 %, 15836 MiB, 16384 MiB, 48.77 W, 55
2026/09/14 22:31:45.962, 1 %, 2 %, 15836 MiB, 16384 MiB, 45.97 W, 55
2026/09/14 22:31:46.966, 1 %, 2 %, 15836 MiB, 16384 MiB, 46.40 W, 55
2026/09/14 22:31:47.968, 4 %, 4 %, 15836 MiB, 16384 MiB, 46.31 W, 55
2026/09/14 22:31:48.972, 3 %, 4 %, 15836 MiB, 16384 MiB, 46.39 W, 55
2026/09/14 22:31:49.975, 1 %, 2 %, 15836 MiB, 16384 MiB, 47.03 W, 55
2026/09/14 22:31:50.980, 100 %, 6 %, 15836 MiB, 16384 MiB, 64.90 W, 56
2026/09/14 22:31:51.983, 100 %, 6 %, 15836 MiB, 16384 MiB, 64.93 W, 56
2026/09/14 22:31:52.987, 100 %, 9 %, 15836 MiB, 16384 MiB, 64.73 W, 56
2026/09/14 22:31:53.990, 100 %, 6 %, 15836 MiB, 16384 MiB, 59.65 W, 56
2026/09/14 22:31:54.994, 100 %, 6 %, 15836 MiB, 16384 MiB, 64.84 W, 56
2026/09/14 22:31:55.998, 1 %, 3 %, 15836 MiB, 16384 MiB, 59.53 W, 56
2026/09/14 22:31:57.001, 1 %, 1 %, 15836 MiB, 16384 MiB, 59.58 W, 56
2026/09/14 22:31:58.004, 4 %, 4 %, 15836 MiB, 16384 MiB, 46.78 W, 56
2026/09/14 22:31:59.007, 4 %, 5 %, 15836 MiB, 16384 MiB, 46.78 W, 55
2026/09/14 22:32:00.010, 1 %, 2 %, 15836 MiB, 16384 MiB, 45.57 W, 56
2026/09/14 22:32:01.013, 2 %, 3 %, 15836 MiB, 16384 MiB, 49.36 W, 55
2026/09/14 22:32:02.016, 2 %, 3 %, 15836 MiB, 16384 MiB, 46.27 W, 55
2026/09/14 22:32:03.019, 1 %, 2 %, 15836 MiB, 16384 MiB, 46.10 W, 55
2026/09/14 22:32:04.022, 3 %, 4 %, 15836 MiB, 16384 MiB, 45.91 W, 55
2026/09/14 22:32:05.026, 4 %, 5 %, 15836 MiB, 16384 MiB, 46.19 W, 55
2026/09/14 22:32:06.029, 1 %, 2 %, 15836 MiB, 16384 MiB, 48.44 W, 55
2026/09/14 22:32:07.032, 1 %, 2 %, 15836 MiB, 16384 MiB, 46.05 W, 55
2026/09/14 22:32:08.035, 1 %, 2 %, 15836 MiB, 16384 MiB, 46.08 W, 55
2026/09/14 22:32:09.038, 4 %, 4 %, 15836 MiB, 16384 MiB, 46.33 W, 55
2026/09/14 22:32:10.042, 4 %, 4 %, 15836 MiB, 16384 MiB, 46.45 W, 55
2026/09/14 22:32:11.045, 1 %, 2 %, 15836 MiB, 16384 MiB, 48.88 W, 55
2026/09/14 22:32:12.048, 2 %, 3 %, 15836 MiB, 16384 MiB, 46.02 W, 55
2026/09/14 22:32:13.052, 2 %, 3 %, 15836 MiB, 16384 MiB, 46.13 W, 55
2026/09/14 22:32:14.055, 2 %, 3 %, 15836 MiB, 16384 MiB, 46.13 W, 55
2026/09/14 22:32:15.059, 2 %, 3 %, 15836 MiB, 16384 MiB, 46.14 W, 55
2026/09/14 22:32:16.062, 4 %, 4 %, 15836 MiB, 16384 MiB, 45.88 W, 55
2026/09/14 22:32:17.064, 3 %, 4 %, 15836 MiB, 16384 MiB, 48.75 W, 55
2026/09/14 22:32:18.067, 1 %, 2 %, 15836 MiB, 16384 MiB, 46.26 W, 55
2026/09/14 22:32:19.070, 100 %, 6 %, 15836 MiB, 16384 MiB, 65.42 W, 56
2026/09/14 22:32:20.074, 100 %, 6 %, 15836 MiB, 16384 MiB, 64.61 W, 56
2026/09/14 22:32:21.077, 100 %, 9 %, 15836 MiB, 16384 MiB, 59.67 W, 56
2026/09/14 22:32:22.080, 100 %, 6 %, 15836 MiB, 16384 MiB, 64.75 W, 56
2026/09/14 22:32:23.083, 100 %, 6 %, 15836 MiB, 16384 MiB, 64.82 W, 56
2026/09/14 22:32:24.087, 100 %, 9 %, 15836 MiB, 16384 MiB, 59.58 W, 56
2026/09/14 22:32:25.090, 1 %, 2 %, 15836 MiB, 16384 MiB, 58.99 W, 56
2026/09/14 22:32:26.093, 3 %, 4 %, 15836 MiB, 16384 MiB, 63.92 W, 56
2026/09/14 22:32:27.099, 2 %, 3 %, 15836 MiB, 16384 MiB, 46.44 W, 55
2026/09/14 22:32:28.102, 1 %, 2 %, 15836 MiB, 16384 MiB, 46.37 W, 55
2026/09/14 22:32:29.104, 2 %, 3 %, 15836 MiB, 16384 MiB, 46.30 W, 55
2026/09/14 22:32:30.109, 1 %, 2 %, 15836 MiB, 16384 MiB, 45.96 W, 55
2026/09/14 22:32:31.114, 3 %, 4 %, 15836 MiB, 16384 MiB, 48.53 W, 55
2026/09/14 22:32:32.118, 4 %, 4 %, 15836 MiB, 16384 MiB, 45.85 W, 55
2026/09/14 22:32:33.121, 1 %, 2 %, 15836 MiB, 16384 MiB, 46.07 W, 55
2026/09/14 22:32:34.127, 1 %, 2 %, 15836 MiB, 16384 MiB, 46.18 W, 55
2026/09/14 22:32:35.129, 1 %, 2 %, 15836 MiB, 16384 MiB, 46.03 W, 55
2026/09/14 22:32:36.132, 3 %, 4 %, 15836 MiB, 16384 MiB, 45.19 W, 55
2026/09/14 22:32:37.135, 4 %, 4 %, 15836 MiB, 16384 MiB, 48.37 W, 55
2026/09/14 22:32:38.138, 4 %, 4 %, 15836 MiB, 16384 MiB, 45.92 W, 55
2026/09/14 22:32:39.141, 1 %, 2 %, 15836 MiB, 16384 MiB, 46.39 W, 55
2026/09/14 22:32:40.144, 1 %, 2 %, 15836 MiB, 16384 MiB, 46.51 W, 55
2026/09/14 22:32:41.147, 1 %, 2 %, 15836 MiB, 16384 MiB, 46.34 W, 55
2026/09/14 22:32:42.151, 4 %, 4 %, 15836 MiB, 16384 MiB, 45.02 W, 55
2026/09/14 22:32:43.154, 4 %, 5 %, 15836 MiB, 16384 MiB, 45.94 W, 55
2026/09/14 22:32:44.157, 1 %, 2 %, 15836 MiB, 16384 MiB, 46.02 W, 55
2026/09/14 22:32:45.160, 1 %, 2 %, 15836 MiB, 16384 MiB, 45.97 W, 55
2026/09/14 22:32:46.164, 2 %, 3 %, 15836 MiB, 16384 MiB, 46.07 W, 55
2026/09/14 22:32:47.167, 1 %, 2 %, 15836 MiB, 16384 MiB, 45.88 W, 55
2026/09/14 22:32:48.170, 100 %, 6 %, 15836 MiB, 16384 MiB, 64.68 W, 56
2026/09/14 22:32:49.173, 100 %, 9 %, 15836 MiB, 16384 MiB, 59.56 W, 56
2026/09/14 22:32:50.177, 100 %, 6 %, 15836 MiB, 16384 MiB, 64.87 W, 56
2026/09/14 22:32:51.180, 100 %, 6 %, 15836 MiB, 16384 MiB, 64.76 W, 56
2026/09/14 22:32:52.183, 100 %, 6 %, 15836 MiB, 16384 MiB, 64.68 W, 56
2026/09/14 22:32:53.187, 93 %, 9 %, 15836 MiB, 16384 MiB, 59.59 W, 56
2026/09/14 22:32:54.190, 1 %, 2 %, 15836 MiB, 16384 MiB, 59.72 W, 56
2026/09/14 22:32:55.193, 1 %, 2 %, 15836 MiB, 16384 MiB, 46.28 W, 56
2026/09/14 22:32:56.197, 1 %, 2 %, 15836 MiB, 16384 MiB, 45.93 W, 55
2026/09/14 22:32:57.200, 3 %, 4 %, 15836 MiB, 16384 MiB, 48.78 W, 55
2026/09/14 22:32:58.204, 1 %, 2 %, 15836 MiB, 16384 MiB, 46.73 W, 55
2026/09/14 22:32:59.207, 1 %, 2 %, 15836 MiB, 16384 MiB, 46.75 W, 55
2026/09/14 22:33:00.210, 1 %, 3 %, 15836 MiB, 16384 MiB, 46.12 W, 55
2026/09/14 22:33:01.213, 3 %, 4 %, 15836 MiB, 16384 MiB, 46.14 W, 55
2026/09/14 22:33:02.217, 3 %, 4 %, 15836 MiB, 16384 MiB, 48.83 W, 55
2026/09/14 22:33:03.219, 4 %, 4 %, 15836 MiB, 16384 MiB, 46.03 W, 55
2026/09/14 22:33:04.222, 1 %, 2 %, 15836 MiB, 16384 MiB, 46.06 W, 55
2026/09/14 22:33:05.226, 1 %, 2 %, 15836 MiB, 16384 MiB, 46.36 W, 55
2026/09/14 22:33:06.229, 1 %, 2 %, 15836 MiB, 16384 MiB, 46.18 W, 55
2026/09/14 22:33:07.232, 4 %, 4 %, 15836 MiB, 16384 MiB, 45.17 W, 55
2026/09/14 22:33:08.235, 4 %, 4 %, 15836 MiB, 16384 MiB, 49.13 W, 55
2026/09/14 22:33:09.239, 4 %, 5 %, 15836 MiB, 16384 MiB, 46.23 W, 55
2026/09/14 22:33:10.242, 1 %, 2 %, 15836 MiB, 16384 MiB, 45.92 W, 55
2026/09/14 22:33:11.245, 2 %, 3 %, 15836 MiB, 16384 MiB, 45.96 W, 55
2026/09/14 22:33:12.248, 1 %, 2 %, 15836 MiB, 16384 MiB, 45.47 W, 55
2026/09/14 22:33:13.251, 4 %, 4 %, 15836 MiB, 16384 MiB, 48.54 W, 55
2026/09/14 22:33:14.254, 4 %, 4 %, 15836 MiB, 16384 MiB, 45.59 W, 55
2026/09/14 22:33:15.258, 1 %, 2 %, 15836 MiB, 16384 MiB, 45.87 W, 55
2026/09/14 22:33:16.261, 1 %, 2 %, 15836 MiB, 16384 MiB, 45.83 W, 55
2026/09/14 22:33:17.264, 100 %, 9 %, 15836 MiB, 16384 MiB, 59.39 W, 56
2026/09/14 22:33:18.268, 100 %, 6 %, 15836 MiB, 16384 MiB, 64.67 W, 56
2026/09/14 22:33:19.272, 100 %, 6 %, 15836 MiB, 16384 MiB, 65.77 W, 56
2026/09/14 22:33:20.275, 100 %, 9 %, 15836 MiB, 16384 MiB, 60.45 W, 56
2026/09/14 22:33:21.277, 100 %, 6 %, 15836 MiB, 16384 MiB, 64.78 W, 56
2026/09/14 22:33:22.281, 1 %, 2 %, 15836 MiB, 16384 MiB, 59.46 W, 56
2026/09/14 22:33:23.284, 3 %, 4 %, 15836 MiB, 16384 MiB, 63.70 W, 56
2026/09/14 22:33:24.288, 4 %, 4 %, 15836 MiB, 16384 MiB, 46.32 W, 55
2026/09/14 22:33:25.291, 2 %, 3 %, 15836 MiB, 16384 MiB, 46.42 W, 55
2026/09/14 22:33:26.294, 1 %, 2 %, 15836 MiB, 16384 MiB, 46.45 W, 55
2026/09/14 22:33:27.297, 1 %, 2 %, 15836 MiB, 16384 MiB, 46.47 W, 55
2026/09/14 22:33:28.300, 3 %, 4 %, 15836 MiB, 16384 MiB, 48.63 W, 55
2026/09/14 22:33:29.303, 1 %, 2 %, 15836 MiB, 16384 MiB, 46.02 W, 55
2026/09/14 22:33:30.306, 1 %, 2 %, 15836 MiB, 16384 MiB, 45.81 W, 55
2026/09/14 22:33:31.309, 1 %, 2 %, 15836 MiB, 16384 MiB, 45.94 W, 55
2026/09/14 22:33:32.312, 1 %, 2 %, 15836 MiB, 16384 MiB, 45.76 W, 55
2026/09/14 22:33:33.316, 4 %, 4 %, 15836 MiB, 16384 MiB, 48.09 W, 55
2026/09/14 22:33:34.319, 3 %, 4 %, 15836 MiB, 16384 MiB, 48.38 W, 55
2026/09/14 22:33:35.322, 4 %, 5 %, 15836 MiB, 16384 MiB, 45.87 W, 55
2026/09/14 22:33:36.325, 1 %, 2 %, 15836 MiB, 16384 MiB, 45.90 W, 55
2026/09/14 22:33:37.328, 1 %, 2 %, 15836 MiB, 16384 MiB, 46.10 W, 55
2026/09/14 22:33:38.331, 1 %, 3 %, 15836 MiB, 16384 MiB, 46.40 W, 55
2026/09/14 22:33:39.334, 4 %, 4 %, 15836 MiB, 16384 MiB, 46.01 W, 55
2026/09/14 22:33:40.337, 4 %, 5 %, 15836 MiB, 16384 MiB, 48.26 W, 55
2026/09/14 22:33:41.341, 2 %, 3 %, 15836 MiB, 16384 MiB, 46.31 W, 55
2026/09/14 22:33:42.344, 1 %, 2 %, 15836 MiB, 16384 MiB, 45.79 W, 55
2026/09/14 22:33:43.347, 1 %, 2 %, 15836 MiB, 16384 MiB, 45.80 W, 55
2026/09/14 22:33:44.350, 3 %, 4 %, 15836 MiB, 16384 MiB, 46.17 W, 55
2026/09/14 22:33:45.353, 62 %, 9 %, 15836 MiB, 16384 MiB, 54.06 W, 56
2026/09/14 22:33:46.357, 100 %, 6 %, 15836 MiB, 16384 MiB, 65.45 W, 56
2026/09/14 22:33:47.360, 100 %, 9 %, 15836 MiB, 16384 MiB, 60.90 W, 56
2026/09/14 22:33:48.364, 100 %, 9 %, 15836 MiB, 16384 MiB, 59.48 W, 56
2026/09/14 22:33:49.367, 100 %, 6 %, 15836 MiB, 16384 MiB, 65.61 W, 56
2026/09/14 22:33:50.371, 100 %, 6 %, 15836 MiB, 16384 MiB, 65.47 W, 56
2026/09/14 22:33:51.374, 1 %, 2 %, 15836 MiB, 16384 MiB, 59.55 W, 56
2026/09/14 22:33:52.377, 1 %, 2 %, 15836 MiB, 16384 MiB, 59.53 W, 56
2026/09/14 22:33:53.381, 1 %, 2 %, 15836 MiB, 16384 MiB, 46.39 W, 55
2026/09/14 22:33:54.384, 3 %, 4 %, 15836 MiB, 16384 MiB, 45.51 W, 55
2026/09/14 22:33:55.388, 3 %, 4 %, 15836 MiB, 16384 MiB, 49.46 W, 55
2026/09/14 22:33:56.391, 2 %, 3 %, 15836 MiB, 16384 MiB, 46.27 W, 55
2026/09/14 22:33:57.394, 2 %, 3 %, 15836 MiB, 16384 MiB, 45.88 W, 55
2026/09/14 22:33:58.397, 1 %, 2 %, 15836 MiB, 16384 MiB, 45.85 W, 55
2026/09/14 22:33:59.400, 1 %, 2 %, 15836 MiB, 16384 MiB, 46.66 W, 55
2026/09/14 22:34:00.404, 3 %, 4 %, 15836 MiB, 16384 MiB, 45.65 W, 55
2026/09/14 22:34:01.407, 3 %, 4 %, 15836 MiB, 16384 MiB, 49.47 W, 55
2026/09/14 22:34:02.410, 1 %, 2 %, 15836 MiB, 16384 MiB, 46.42 W, 55
2026/09/14 22:34:03.414, 1 %, 2 %, 15836 MiB, 16384 MiB, 46.04 W, 55
2026/09/14 22:34:04.417, 1 %, 2 %, 15836 MiB, 16384 MiB, 45.78 W, 55
2026/09/14 22:34:05.420, 1 %, 2 %, 15836 MiB, 16384 MiB, 46.18 W, 55
2026/09/14 22:34:06.423, 3 %, 4 %, 15836 MiB, 16384 MiB, 45.48 W, 55
2026/09/14 22:34:07.427, 4 %, 4 %, 15836 MiB, 16384 MiB, 48.80 W, 55
2026/09/14 22:34:08.429, 2 %, 3 %, 15836 MiB, 16384 MiB, 45.51 W, 55
2026/09/14 22:34:09.433, 2 %, 3 %, 15836 MiB, 16384 MiB, 45.74 W, 55
2026/09/14 22:34:10.436, 2 %, 3 %, 15836 MiB, 16384 MiB, 45.86 W, 55
2026/09/14 22:34:11.440, 3 %, 4 %, 15836 MiB, 16384 MiB, 45.54 W, 55
2026/09/14 22:34:12.444, 3 %, 4 %, 15836 MiB, 16384 MiB, 48.22 W, 55
2026/09/14 22:34:13.447, 3 %, 4 %, 15836 MiB, 16384 MiB, 49.10 W, 55
2026/09/14 22:34:14.449, 100 %, 8 %, 15836 MiB, 16384 MiB, 66.89 W, 56
2026/09/14 22:34:15.451, 100 %, 7 %, 15836 MiB, 16384 MiB, 65.35 W, 56
2026/09/14 22:34:16.454, 100 %, 9 %, 15836 MiB, 16384 MiB, 59.42 W, 56
2026/09/14 22:34:17.456, 100 %, 6 %, 15836 MiB, 16384 MiB, 65.39 W, 56
2026/09/14 22:34:18.459, 100 %, 6 %, 15836 MiB, 16384 MiB, 65.56 W, 56
2026/09/14 22:34:19.461, 100 %, 8 %, 15836 MiB, 16384 MiB, 65.35 W, 56
2026/09/14 22:34:20.463, 3 %, 4 %, 15836 MiB, 16384 MiB, 60.85 W, 56
2026/09/14 22:34:21.466, 1 %, 2 %, 15836 MiB, 16384 MiB, 60.36 W, 56
2026/09/14 22:34:22.468, 1 %, 2 %, 15836 MiB, 16384 MiB, 45.76 W, 55
2026/09/14 22:34:23.470, 1 %, 2 %, 15836 MiB, 16384 MiB, 45.57 W, 55
2026/09/14 22:34:24.475, 1 %, 2 %, 15836 MiB, 16384 MiB, 45.40 W, 55
2026/09/14 22:34:25.477, 3 %, 4 %, 15836 MiB, 16384 MiB, 48.67 W, 55
2026/09/14 22:34:26.480, 4 %, 5 %, 15836 MiB, 16384 MiB, 45.85 W, 55
2026/09/14 22:34:27.482, 1 %, 2 %, 15836 MiB, 16384 MiB, 45.93 W, 55
2026/09/14 22:34:28.485, 1 %, 2 %, 15836 MiB, 16384 MiB, 45.98 W, 55
2026/09/14 22:34:29.487, 1 %, 2 %, 15836 MiB, 16384 MiB, 45.54 W, 55
2026/09/14 22:34:30.490, 3 %, 4 %, 15836 MiB, 16384 MiB, 45.02 W, 55
2026/09/14 22:34:31.492, 3 %, 4 %, 15836 MiB, 16384 MiB, 48.44 W, 55
2026/09/14 22:34:32.495, 1 %, 2 %, 15836 MiB, 16384 MiB, 45.83 W, 55
2026/09/14 22:34:33.498, 1 %, 2 %, 15836 MiB, 16384 MiB, 45.36 W, 55
2026/09/14 22:34:34.501, 1 %, 2 %, 15836 MiB, 16384 MiB, 45.74 W, 55
2026/09/14 22:34:35.504, 1 %, 2 %, 15836 MiB, 16384 MiB, 46.02 W, 55
2026/09/14 22:34:36.507, 3 %, 4 %, 15836 MiB, 16384 MiB, 44.80 W, 55
2026/09/14 22:34:37.511, 4 %, 5 %, 15836 MiB, 16384 MiB, 45.76 W, 55
2026/09/14 22:34:38.514, 2 %, 3 %, 15836 MiB, 16384 MiB, 45.98 W, 55
2026/09/14 22:34:39.517, 2 %, 3 %, 15836 MiB, 16384 MiB, 45.83 W, 55
2026/09/14 22:34:40.520, 1 %, 2 %, 15836 MiB, 16384 MiB, 45.85 W, 55
2026/09/14 22:34:41.523, 3 %, 4 %, 15836 MiB, 16384 MiB, 49.41 W, 55
2026/09/14 22:34:42.526, 3 %, 4 %, 15836 MiB, 16384 MiB, 45.74 W, 55
2026/09/14 22:34:43.530, 100 %, 8 %, 15836 MiB, 16384 MiB, 67.69 W, 56
2026/09/14 22:34:44.533, 100 %, 9 %, 15836 MiB, 16384 MiB, 59.46 W, 56
2026/09/14 22:34:45.536, 100 %, 6 %, 15836 MiB, 16384 MiB, 68.13 W, 56
2026/09/14 22:34:46.539, 100 %, 9 %, 15836 MiB, 16384 MiB, 59.50 W, 56
2026/09/14 22:34:47.543, 100 %, 6 %, 15836 MiB, 16384 MiB, 68.24 W, 56
2026/09/14 22:34:48.546, 100 %, 9 %, 15836 MiB, 16384 MiB, 59.37 W, 56
2026/09/14 22:34:49.549, 1 %, 3 %, 15836 MiB, 16384 MiB, 59.50 W, 56
2026/09/14 22:34:50.552, 1 %, 2 %, 15836 MiB, 16384 MiB, 59.27 W, 56
2026/09/14 22:34:51.556, 6 %, 4 %, 15836 MiB, 16384 MiB, 45.24 W, 55
2026/09/14 22:34:52.560, 7 %, 5 %, 15836 MiB, 16384 MiB, 45.60 W, 55
2026/09/14 22:34:53.563, 1 %, 2 %, 15836 MiB, 16384 MiB, 45.48 W, 55
2026/09/14 22:34:54.567, 2 %, 3 %, 15836 MiB, 16384 MiB, 45.94 W, 55
2026/09/14 22:34:55.570, 2 %, 3 %, 15836 MiB, 16384 MiB, 45.84 W, 55
2026/09/14 22:34:56.574, 6 %, 4 %, 15836 MiB, 16384 MiB, 44.96 W, 55
2026/09/14 22:34:57.577, 6 %, 4 %, 15836 MiB, 16384 MiB, 50.64 W, 55
2026/09/14 22:34:58.579, 1 %, 2 %, 15836 MiB, 16384 MiB, 45.93 W, 55
2026/09/14 22:34:59.582, 1 %, 2 %, 15836 MiB, 16384 MiB, 45.83 W, 55
2026/09/14 22:35:00.584, 1 %, 2 %, 15836 MiB, 16384 MiB, 46.49 W, 55
2026/09/14 22:35:01.587, 1 %, 2 %, 15836 MiB, 16384 MiB, 46.70 W, 55
2026/09/14 22:35:02.589, 7 %, 4 %, 15836 MiB, 16384 MiB, 45.43 W, 55
2026/09/14 22:35:03.592, 6 %, 4 %, 15836 MiB, 16384 MiB, 50.99 W, 55
2026/09/14 22:35:04.594, 1 %, 2 %, 15836 MiB, 16384 MiB, 45.82 W, 55
2026/09/14 22:35:05.597, 2 %, 3 %, 15836 MiB, 16384 MiB, 45.79 W, 55
2026/09/14 22:35:06.599, 2 %, 3 %, 15836 MiB, 16384 MiB, 45.95 W, 55
2026/09/14 22:35:07.602, 7 %, 4 %, 15836 MiB, 16384 MiB, 45.48 W, 55
2026/09/14 22:35:08.605, 7 %, 4 %, 15836 MiB, 16384 MiB, 50.46 W, 55
2026/09/14 22:35:09.607, 1 %, 2 %, 15836 MiB, 16384 MiB, 45.86 W, 55
2026/09/14 22:35:10.610, 1 %, 2 %, 15836 MiB, 16384 MiB, 45.86 W, 55
2026/09/14 22:35:11.612, 1 %, 2 %, 15836 MiB, 16384 MiB, 45.95 W, 55
2026/09/14 22:35:12.615, 100 %, 6 %, 15836 MiB, 16384 MiB, 50.80 W, 55
2026/09/14 22:35:13.618, 100 %, 9 %, 15836 MiB, 16384 MiB, 59.38 W, 56
2026/09/14 22:35:14.621, 100 %, 6 %, 15836 MiB, 16384 MiB, 59.49 W, 56
2026/09/14 22:35:15.624, 100 %, 6 %, 15836 MiB, 16384 MiB, 65.57 W, 56
2026/09/14 22:35:16.628, 100 %, 6 %, 15836 MiB, 16384 MiB, 65.50 W, 56
2026/09/14 22:35:17.631, 100 %, 9 %, 15836 MiB, 16384 MiB, 59.48 W, 56
2026/09/14 22:35:18.634, 3 %, 4 %, 15836 MiB, 16384 MiB, 59.46 W, 56
2026/09/14 22:35:19.638, 1 %, 2 %, 15836 MiB, 16384 MiB, 59.49 W, 56
2026/09/14 22:35:20.641, 1 %, 2 %, 15836 MiB, 16384 MiB, 46.31 W, 55
2026/09/14 22:35:21.645, 1 %, 2 %, 15836 MiB, 16384 MiB, 46.83 W, 55
2026/09/14 22:35:22.648, 3 %, 4 %, 15836 MiB, 16384 MiB, 49.88 W, 55
2026/09/14 22:35:23.652, 4 %, 5 %, 15836 MiB, 16384 MiB, 46.02 W, 55
2026/09/14 22:35:24.655, 2 %, 3 %, 15836 MiB, 16384 MiB, 46.02 W, 55
2026/09/14 22:35:25.659, 1 %, 2 %, 15836 MiB, 16384 MiB, 46.22 W, 55
2026/09/14 22:35:26.662, 1 %, 2 %, 15836 MiB, 16384 MiB, 46.35 W, 55
2026/09/14 22:35:27.665, 3 %, 4 %, 15836 MiB, 16384 MiB, 45.38 W, 55
2026/09/14 22:35:28.668, 3 %, 4 %, 15836 MiB, 16384 MiB, 49.06 W, 55
2026/09/14 22:35:29.671, 1 %, 2 %, 15836 MiB, 16384 MiB, 45.97 W, 55
2026/09/14 22:35:30.674, 1 %, 2 %, 15836 MiB, 16384 MiB, 46.02 W, 55
2026/09/14 22:35:31.678, 1 %, 2 %, 15836 MiB, 16384 MiB, 45.99 W, 55
2026/09/14 22:35:32.681, 1 %, 1 %, 15836 MiB, 16384 MiB, 45.73 W, 55
2026/09/14 22:35:33.684, 3 %, 4 %, 15836 MiB, 16384 MiB, 49.06 W, 55
2026/09/14 22:35:34.687, 4 %, 5 %, 15836 MiB, 16384 MiB, 46.19 W, 55
2026/09/14 22:35:35.691, 2 %, 3 %, 15836 MiB, 16384 MiB, 46.34 W, 55
2026/09/14 22:35:36.694, 2 %, 3 %, 15836 MiB, 16384 MiB, 46.37 W, 55
2026/09/14 22:35:37.697, 2 %, 3 %, 15836 MiB, 16384 MiB, 46.60 W, 55
2026/09/14 22:35:38.700, 3 %, 4 %, 15836 MiB, 16384 MiB, 45.88 W, 55
2026/09/14 22:35:39.703, 3 %, 4 %, 15836 MiB, 16384 MiB, 48.98 W, 55
2026/09/14 22:35:40.706, 1 %, 2 %, 15836 MiB, 16384 MiB, 46.38 W, 55
2026/09/14 22:35:41.710, 100 %, 6 %, 15836 MiB, 16384 MiB, 60.83 W, 56
2026/09/14 22:35:42.714, 100 %, 6 %, 15836 MiB, 16384 MiB, 69.53 W, 56
2026/09/14 22:35:43.717, 100 %, 6 %, 15836 MiB, 16384 MiB, 59.84 W, 56
2026/09/14 22:35:44.721, 100 %, 6 %, 15836 MiB, 16384 MiB, 68.89 W, 56
2026/09/14 22:35:45.724, 100 %, 6 %, 15836 MiB, 16384 MiB, 59.77 W, 56
2026/09/14 22:35:46.728, 100 %, 6 %, 15836 MiB, 16384 MiB, 68.56 W, 56
2026/09/14 22:35:47.731, 6 %, 4 %, 15836 MiB, 16384 MiB, 60.89 W, 56
2026/09/14 22:35:48.734, 1 %, 2 %, 15836 MiB, 16384 MiB, 59.41 W, 56
2026/09/14 22:35:49.737, 1 %, 2 %, 15836 MiB, 16384 MiB, 46.42 W, 55
2026/09/14 22:35:50.741, 1 %, 1 %, 15836 MiB, 16384 MiB, 45.94 W, 55
2026/09/14 22:35:51.744, 6 %, 4 %, 15836 MiB, 16384 MiB, 49.18 W, 55
2026/09/14 22:35:52.747, 7 %, 5 %, 15836 MiB, 16384 MiB, 47.50 W, 55
2026/09/14 22:35:53.750, 2 %, 3 %, 15836 MiB, 16384 MiB, 45.81 W, 55
2026/09/14 22:35:54.753, 1 %, 2 %, 15836 MiB, 16384 MiB, 46.21 W, 55
2026/09/14 22:35:55.756, 1 %, 2 %, 15836 MiB, 16384 MiB, 46.26 W, 55
2026/09/14 22:35:56.759, 6 %, 4 %, 15836 MiB, 16384 MiB, 45.30 W, 55
2026/09/14 22:35:57.762, 7 %, 4 %, 15836 MiB, 16384 MiB, 51.33 W, 55
2026/09/14 22:35:58.766, 1 %, 2 %, 15836 MiB, 16384 MiB, 45.95 W, 55
2026/09/14 22:35:59.769, 1 %, 2 %, 15836 MiB, 16384 MiB, 46.11 W, 55
2026/09/14 22:36:00.773, 1 %, 2 %, 15836 MiB, 16384 MiB, 46.36 W, 55
2026/09/14 22:36:01.777, 1 %, 2 %, 15836 MiB, 16384 MiB, 47.13 W, 55
2026/09/14 22:36:02.780, 6 %, 4 %, 15836 MiB, 16384 MiB, 45.80 W, 55
2026/09/14 22:36:03.784, 2 %, 3 %, 15836 MiB, 16384 MiB, 45.92 W, 55
2026/09/14 22:36:04.788, 2 %, 3 %, 15836 MiB, 16384 MiB, 46.20 W, 55
2026/09/14 22:36:05.792, 2 %, 3 %, 15836 MiB, 16384 MiB, 45.96 W, 55
2026/09/14 22:36:06.795, 1 %, 2 %, 15836 MiB, 16384 MiB, 45.79 W, 55
2026/09/14 22:36:07.799, 6 %, 4 %, 15836 MiB, 16384 MiB, 50.24 W, 55
2026/09/14 22:36:08.803, 7 %, 5 %, 15836 MiB, 16384 MiB, 45.33 W, 55
2026/09/14 22:36:09.806, 1 %, 2 %, 15836 MiB, 16384 MiB, 45.96 W, 55
2026/09/14 22:36:10.810, 100 %, 6 %, 15836 MiB, 16384 MiB, 64.50 W, 55
2026/09/14 22:36:11.813, 100 %, 9 %, 15836 MiB, 16384 MiB, 64.68 W, 56
2026/09/14 22:36:12.816, 100 %, 7 %, 15836 MiB, 16384 MiB, 59.55 W, 56
2026/09/14 22:36:13.818, 100 %, 6 %, 15836 MiB, 16384 MiB, 64.65 W, 56
2026/09/14 22:36:14.821, 100 %, 6 %, 15836 MiB, 16384 MiB, 64.52 W, 56
2026/09/14 22:36:15.823, 100 %, 9 %, 15836 MiB, 16384 MiB, 60.55 W, 56
2026/09/14 22:36:16.825, 3 %, 4 %, 15836 MiB, 16384 MiB, 58.44 W, 56
2026/09/14 22:36:17.828, 3 %, 4 %, 15836 MiB, 16384 MiB, 63.57 W, 56
2026/09/14 22:36:18.830, 1 %, 2 %, 15836 MiB, 16384 MiB, 46.19 W, 55
2026/09/14 22:36:19.833, 1 %, 2 %, 15836 MiB, 16384 MiB, 45.81 W, 55
2026/09/14 22:36:20.835, 2 %, 3 %, 15836 MiB, 16384 MiB, 45.80 W, 55
2026/09/14 22:36:21.838, 1 %, 2 %, 15836 MiB, 16384 MiB, 45.82 W, 55
2026/09/14 22:36:22.840, 3 %, 4 %, 15836 MiB, 16384 MiB, 48.77 W, 55
2026/09/14 22:36:23.843, 4 %, 4 %, 15836 MiB, 16384 MiB, 49.57 W, 55
2026/09/14 22:36:24.846, 1 %, 2 %, 15836 MiB, 16384 MiB, 45.80 W, 55
2026/09/14 22:36:25.849, 1 %, 2 %, 15836 MiB, 16384 MiB, 46.01 W, 55
2026/09/14 22:36:26.852, 1 %, 2 %, 15836 MiB, 16384 MiB, 45.97 W, 55
2026/09/14 22:36:27.855, 1 %, 1 %, 15836 MiB, 16384 MiB, 45.75 W, 55
2026/09/14 22:36:28.857, 3 %, 4 %, 15836 MiB, 16384 MiB, 48.19 W, 55
2026/09/14 22:36:29.860, 1 %, 2 %, 15836 MiB, 16384 MiB, 46.12 W, 55
2026/09/14 22:36:30.862, 1 %, 2 %, 15836 MiB, 16384 MiB, 46.24 W, 55
2026/09/14 22:36:31.865, 1 %, 2 %, 15836 MiB, 16384 MiB, 46.23 W, 55
2026/09/14 22:36:32.867, 4 %, 4 %, 15836 MiB, 16384 MiB, 45.30 W, 55
2026/09/14 22:36:33.870, 4 %, 5 %, 15836 MiB, 16384 MiB, 46.70 W, 55
2026/09/14 22:36:34.873, 2 %, 3 %, 15836 MiB, 16384 MiB, 46.17 W, 55
2026/09/14 22:36:35.876, 2 %, 3 %, 15836 MiB, 16384 MiB, 45.85 W, 55
2026/09/14 22:36:36.879, 1 %, 2 %, 15836 MiB, 16384 MiB, 45.78 W, 55
2026/09/14 22:36:37.883, 4 %, 4 %, 15836 MiB, 16384 MiB, 45.35 W, 55
2026/09/14 22:36:38.886, 4 %, 4 %, 15836 MiB, 16384 MiB, 48.81 W, 55
2026/09/14 22:36:39.890, 100 %, 6 %, 15836 MiB, 16384 MiB, 64.59 W, 56
2026/09/14 22:36:40.893, 100 %, 9 %, 15836 MiB, 16384 MiB, 64.70 W, 56
2026/09/14 22:36:41.897, 100 %, 6 %, 15836 MiB, 16384 MiB, 59.65 W, 56
2026/09/14 22:36:42.900, 100 %, 6 %, 15836 MiB, 16384 MiB, 66.05 W, 56
2026/09/14 22:36:43.904, 100 %, 9 %, 15836 MiB, 16384 MiB, 65.32 W, 56
2026/09/14 22:36:44.907, 100 %, 9 %, 15836 MiB, 16384 MiB, 59.51 W, 56
2026/09/14 22:36:45.911, 1 %, 2 %, 15836 MiB, 16384 MiB, 59.41 W, 56
2026/09/14 22:36:46.913, 3 %, 4 %, 15836 MiB, 16384 MiB, 58.82 W, 56
2026/09/14 22:36:47.917, 4 %, 4 %, 15836 MiB, 16384 MiB, 48.94 W, 55
2026/09/14 22:36:48.921, 1 %, 2 %, 15836 MiB, 16384 MiB, 46.36 W, 55
2026/09/14 22:36:49.925, 2 %, 3 %, 15836 MiB, 16384 MiB, 46.09 W, 55
2026/09/14 22:36:50.927, 1 %, 2 %, 15836 MiB, 16384 MiB, 46.20 W, 55
2026/09/14 22:36:51.931, 4 %, 5 %, 15836 MiB, 16384 MiB, 46.23 W, 55
2026/09/14 22:36:52.934, 4 %, 4 %, 15836 MiB, 16384 MiB, 48.78 W, 55
2026/09/14 22:36:53.937, 4 %, 5 %, 15836 MiB, 16384 MiB, 49.19 W, 55
2026/09/14 22:36:54.940, 1 %, 2 %, 15836 MiB, 16384 MiB, 45.71 W, 55
2026/09/14 22:36:55.943, 1 %, 2 %, 15836 MiB, 16384 MiB, 45.91 W, 55
2026/09/14 22:36:56.947, 1 %, 2 %, 15836 MiB, 16384 MiB, 45.58 W, 55
2026/09/14 22:36:57.950, 1 %, 2 %, 15836 MiB, 16384 MiB, 45.71 W, 55
2026/09/14 22:36:58.953, 4 %, 4 %, 15836 MiB, 16384 MiB, 45.44 W, 55
2026/09/14 22:36:59.956, 4 %, 4 %, 15836 MiB, 16384 MiB, 48.29 W, 55
2026/09/14 22:37:00.959, 1 %, 2 %, 15836 MiB, 16384 MiB, 46.14 W, 55
2026/09/14 22:37:01.962, 1 %, 3 %, 15836 MiB, 16384 MiB, 45.95 W, 55
2026/09/14 22:37:02.966, 2 %, 3 %, 15836 MiB, 16384 MiB, 45.82 W, 55
2026/09/14 22:37:03.969, 4 %, 4 %, 15836 MiB, 16384 MiB, 46.16 W, 55
2026/09/14 22:37:04.972, 3 %, 4 %, 15836 MiB, 16384 MiB, 48.75 W, 55
2026/09/14 22:37:05.975, 4 %, 4 %, 15836 MiB, 16384 MiB, 48.90 W, 55
2026/09/14 22:37:06.978, 1 %, 2 %, 15836 MiB, 16384 MiB, 46.00 W, 55
2026/09/14 22:37:07.982, 1 %, 2 %, 15836 MiB, 16384 MiB, 45.78 W, 55
2026/09/14 22:37:08.984, 100 %, 6 %, 15836 MiB, 16384 MiB, 59.47 W, 56
2026/09/14 22:37:09.988, 100 %, 6 %, 15836 MiB, 16384 MiB, 64.46 W, 56
2026/09/14 22:37:10.991, 100 %, 9 %, 15836 MiB, 16384 MiB, 64.54 W, 56
2026/09/14 22:37:11.994, 100 %, 6 %, 15836 MiB, 16384 MiB, 59.39 W, 56
2026/09/14 22:37:12.998, 100 %, 6 %, 15836 MiB, 16384 MiB, 64.56 W, 56
2026/09/14 22:37:14.001, 1 %, 2 %, 15836 MiB, 16384 MiB, 59.41 W, 56
2026/09/14 22:37:15.005, 3 %, 4 %, 15836 MiB, 16384 MiB, 63.40 W, 56
2026/09/14 22:37:16.008, 4 %, 5 %, 15836 MiB, 16384 MiB, 48.66 W, 55
2026/09/14 22:37:17.012, 2 %, 3 %, 15836 MiB, 16384 MiB, 45.50 W, 55
2026/09/14 22:37:18.015, 1 %, 2 %, 15836 MiB, 16384 MiB, 46.00 W, 55
2026/09/14 22:37:19.019, 1 %, 2 %, 15836 MiB, 16384 MiB, 46.01 W, 55
2026/09/14 22:37:20.022, 3 %, 4 %, 15836 MiB, 16384 MiB, 45.14 W, 55
2026/09/14 22:37:21.026, 4 %, 4 %, 15836 MiB, 16384 MiB, 48.38 W, 55
2026/09/14 22:37:22.029, 1 %, 2 %, 15836 MiB, 16384 MiB, 45.66 W, 55
2026/09/14 22:37:23.032, 1 %, 2 %, 15836 MiB, 16384 MiB, 45.82 W, 55
2026/09/14 22:37:24.035, 1 %, 2 %, 15836 MiB, 16384 MiB, 46.45 W, 55
2026/09/14 22:37:25.038, 1 %, 2 %, 15836 MiB, 16384 MiB, 46.60 W, 55
2026/09/14 22:37:26.042, 3 %, 4 %, 15836 MiB, 16384 MiB, 48.29 W, 55
2026/09/14 22:37:27.045, 4 %, 4 %, 15836 MiB, 16384 MiB, 48.65 W, 55
2026/09/14 22:37:28.048, 1 %, 2 %, 15836 MiB, 16384 MiB, 45.57 W, 55
2026/09/14 22:37:29.052, 1 %, 2 %, 15836 MiB, 16384 MiB, 45.68 W, 55
2026/09/14 22:37:30.055, 2 %, 3 %, 15836 MiB, 16384 MiB, 45.61 W, 55
2026/09/14 22:37:31.058, 4 %, 5 %, 15836 MiB, 16384 MiB, 45.78 W, 55
2026/09/14 22:37:32.062, 4 %, 4 %, 15836 MiB, 16384 MiB, 47.95 W, 55
2026/09/14 22:37:33.065, 2 %, 3 %, 15836 MiB, 16384 MiB, 45.78 W, 55
2026/09/14 22:37:34.068, 1 %, 3 %, 15836 MiB, 16384 MiB, 45.64 W, 55
2026/09/14 22:37:35.071, 1 %, 2 %, 15836 MiB, 16384 MiB, 45.73 W, 55
2026/09/14 22:37:36.074, 4 %, 4 %, 15836 MiB, 16384 MiB, 45.08 W, 55
2026/09/14 22:37:37.078, 23 %, 9 %, 15836 MiB, 16384 MiB, 53.27 W, 55
2026/09/14 22:37:38.082, 100 %, 7 %, 15836 MiB, 16384 MiB, 59.25 W, 55
2026/09/14 22:37:39.085, 100 %, 6 %, 15836 MiB, 16384 MiB, 64.52 W, 56
2026/09/14 22:37:40.089, 100 %, 6 %, 15836 MiB, 16384 MiB, 64.75 W, 56
2026/09/14 22:37:41.092, 100 %, 9 %, 15836 MiB, 16384 MiB, 64.71 W, 56
2026/09/14 22:37:42.095, 100 %, 6 %, 15836 MiB, 16384 MiB, 59.23 W, 56
2026/09/14 22:37:43.099, 1 %, 2 %, 15836 MiB, 16384 MiB, 59.42 W, 56
2026/09/14 22:37:44.102, 1 %, 2 %, 15836 MiB, 16384 MiB, 60.26 W, 56
2026/09/14 22:37:45.105, 4 %, 4 %, 15836 MiB, 16384 MiB, 46.09 W, 55
2026/09/14 22:37:46.109, 4 %, 5 %, 15836 MiB, 16384 MiB, 48.31 W, 55
2026/09/14 22:37:47.112, 1 %, 2 %, 15836 MiB, 16384 MiB, 45.56 W, 55
2026/09/14 22:37:48.115, 2 %, 3 %, 15836 MiB, 16384 MiB, 46.01 W, 55
2026/09/14 22:37:49.119, 2 %, 3 %, 15836 MiB, 16384 MiB, 45.85 W, 55
2026/09/14 22:37:50.122, 4 %, 4 %, 15836 MiB, 16384 MiB, 45.64 W, 55
2026/09/14 22:37:51.125, 3 %, 4 %, 15836 MiB, 16384 MiB, 45.85 W, 55
2026/09/14 22:37:52.128, 4 %, 5 %, 15836 MiB, 16384 MiB, 45.35 W, 55
2026/09/14 22:37:53.131, 1 %, 2 %, 15836 MiB, 16384 MiB, 48.67 W, 55
2026/09/14 22:37:54.134, 1 %, 2 %, 15836 MiB, 16384 MiB, 46.25 W, 55
2026/09/14 22:37:55.138, 1 %, 2 %, 15836 MiB, 16384 MiB, 45.93 W, 55
2026/09/14 22:37:56.141, 4 %, 4 %, 15836 MiB, 16384 MiB, 46.01 W, 55
2026/09/14 22:37:57.144, 3 %, 4 %, 15836 MiB, 16384 MiB, 45.84 W, 55
2026/09/14 22:37:58.147, 1 %, 2 %, 15836 MiB, 16384 MiB, 47.81 W, 55
2026/09/14 22:37:59.150, 2 %, 3 %, 15836 MiB, 16384 MiB, 45.77 W, 55
2026/09/14 22:38:00.154, 2 %, 3 %, 15836 MiB, 16384 MiB, 45.89 W, 55
2026/09/14 22:38:01.157, 3 %, 4 %, 15836 MiB, 16384 MiB, 45.90 W, 55
2026/09/14 22:38:02.160, 4 %, 5 %, 15836 MiB, 16384 MiB, 44.95 W, 55
2026/09/14 22:38:03.162, 1 %, 3 %, 15836 MiB, 16384 MiB, 45.81 W, 55
2026/09/14 22:38:04.165, 1 %, 2 %, 15836 MiB, 16384 MiB, 45.62 W, 55
2026/09/14 22:38:05.168, 1 %, 2 %, 15836 MiB, 16384 MiB, 45.73 W, 55
2026/09/14 22:38:06.171, 90 %, 13 %, 15836 MiB, 16384 MiB, 57.75 W, 55
2026/09/14 22:38:07.175, 100 %, 6 %, 15836 MiB, 16384 MiB, 65.75 W, 55
2026/09/14 22:38:08.178, 100 %, 6 %, 15836 MiB, 16384 MiB, 65.78 W, 56
2026/09/14 22:38:09.181, 100 %, 9 %, 15836 MiB, 16384 MiB, 59.56 W, 56
2026/09/14 22:38:10.185, 100 %, 9 %, 15836 MiB, 16384 MiB, 60.46 W, 56
2026/09/14 22:38:11.187, 100 %, 6 %, 15836 MiB, 16384 MiB, 64.62 W, 56
2026/09/14 22:38:12.190, 1 %, 2 %, 15836 MiB, 16384 MiB, 63.55 W, 56
2026/09/14 22:38:13.194, 1 %, 2 %, 15836 MiB, 16384 MiB, 59.41 W, 56
2026/09/14 22:38:14.197, 1 %, 3 %, 15836 MiB, 16384 MiB, 45.71 W, 55
2026/09/14 22:38:15.201, 3 %, 4 %, 15836 MiB, 16384 MiB, 45.86 W, 55
2026/09/14 22:38:16.205, 4 %, 4 %, 15836 MiB, 16384 MiB, 45.91 W, 55
2026/09/14 22:38:17.208, 4 %, 5 %, 15836 MiB, 16384 MiB, 45.31 W, 55
2026/09/14 22:38:18.211, 2 %, 3 %, 15836 MiB, 16384 MiB, 48.43 W, 55
2026/09/14 22:38:19.214, 1 %, 2 %, 15836 MiB, 16384 MiB, 45.94 W, 55
2026/09/14 22:38:20.217, 1 %, 2 %, 15836 MiB, 16384 MiB, 45.66 W, 55
2026/09/14 22:38:21.221, 1 %, 2 %, 15836 MiB, 16384 MiB, 45.43 W, 55
2026/09/14 22:38:22.224, 3 %, 4 %, 15836 MiB, 16384 MiB, 45.63 W, 55
2026/09/14 22:38:23.227, 4 %, 4 %, 15836 MiB, 16384 MiB, 45.61 W, 55
2026/09/14 22:38:24.230, 1 %, 2 %, 15836 MiB, 16384 MiB, 48.26 W, 55
2026/09/14 22:38:25.233, 1 %, 2 %, 15836 MiB, 16384 MiB, 45.51 W, 55
2026/09/14 22:38:26.236, 1 %, 2 %, 15836 MiB, 16384 MiB, 45.38 W, 55
2026/09/14 22:38:27.240, 1 %, 2 %, 15836 MiB, 16384 MiB, 45.73 W, 55
2026/09/14 22:38:28.243, 4 %, 4 %, 15836 MiB, 16384 MiB, 46.16 W, 55
2026/09/14 22:38:29.246, 2 %, 3 %, 15836 MiB, 16384 MiB, 48.20 W, 55
2026/09/14 22:38:30.250, 2 %, 3 %, 15836 MiB, 16384 MiB, 45.27 W, 55
2026/09/14 22:38:31.253, 2 %, 3 %, 15836 MiB, 16384 MiB, 45.34 W, 55
2026/09/14 22:38:32.256, 4 %, 4 %, 15836 MiB, 16384 MiB, 45.38 W, 55
2026/09/14 22:38:33.258, 3 %, 4 %, 15836 MiB, 16384 MiB, 45.77 W, 55
2026/09/14 22:38:34.261, 2 %, 3 %, 15836 MiB, 16384 MiB, 47.96 W, 55
2026/09/14 22:38:35.265, 100 %, 9 %, 15836 MiB, 16384 MiB, 59.50 W, 55
2026/09/14 22:38:36.268, 100 %, 6 %, 15836 MiB, 16384 MiB, 65.32 W, 55
2026/09/14 22:38:37.271, 100 %, 6 %, 15836 MiB, 16384 MiB, 65.15 W, 56
2026/09/14 22:38:38.275, 100 %, 9 %, 15836 MiB, 16384 MiB, 59.40 W, 56
2026/09/14 22:38:39.278, 100 %, 8 %, 15836 MiB, 16384 MiB, 62.81 W, 56
2026/09/14 22:38:40.281, 100 %, 6 %, 15836 MiB, 16384 MiB, 65.30 W, 56
2026/09/14 22:38:41.284, 1 %, 2 %, 15836 MiB, 16384 MiB, 59.18 W, 56
2026/09/14 22:38:42.288, 3 %, 4 %, 15836 MiB, 16384 MiB, 46.38 W, 55
2026/09/14 22:38:43.291, 4 %, 5 %, 15836 MiB, 16384 MiB, 44.37 W, 55
2026/09/14 22:38:44.295, 1 %, 2 %, 15836 MiB, 16384 MiB, 45.45 W, 55
2026/09/14 22:38:45.298, 2 %, 3 %, 15836 MiB, 16384 MiB, 45.79 W, 55
2026/09/14 22:38:46.301, 3 %, 5 %, 15836 MiB, 16384 MiB, 45.98 W, 55
2026/09/14 22:38:47.304, 3 %, 4 %, 15836 MiB, 16384 MiB, 45.94 W, 55
2026/09/14 22:38:48.307, 3 %, 4 %, 15836 MiB, 16384 MiB, 46.87 W, 55
2026/09/14 22:38:49.310, 1 %, 2 %, 15836 MiB, 16384 MiB, 49.01 W, 55
2026/09/14 22:38:50.313, 1 %, 2 %, 15836 MiB, 16384 MiB, 45.84 W, 55
2026/09/14 22:38:51.316, 1 %, 2 %, 15836 MiB, 16384 MiB, 45.65 W, 55
2026/09/14 22:38:52.319, 1 %, 2 %, 15836 MiB, 16384 MiB, 46.04 W, 55
2026/09/14 22:38:53.322, 3 %, 4 %, 15836 MiB, 16384 MiB, 45.67 W, 55
2026/09/14 22:38:54.325, 3 %, 4 %, 15836 MiB, 16384 MiB, 45.53 W, 55
2026/09/14 22:38:55.328, 1 %, 2 %, 15836 MiB, 16384 MiB, 48.59 W, 55
2026/09/14 22:38:56.332, 1 %, 2 %, 15836 MiB, 16384 MiB, 44.87 W, 55
2026/09/14 22:38:57.334, 1 %, 2 %, 15836 MiB, 16384 MiB, 45.29 W, 55
2026/09/14 22:38:58.337, 3 %, 4 %, 15836 MiB, 16384 MiB, 45.34 W, 55
2026/09/14 22:38:59.341, 3 %, 4 %, 15836 MiB, 16384 MiB, 45.12 W, 55
2026/09/14 22:39:00.344, 1 %, 2 %, 15836 MiB, 16384 MiB, 48.23 W, 55
2026/09/14 22:39:01.347, 1 %, 2 %, 15836 MiB, 16384 MiB, 45.22 W, 55
2026/09/14 22:39:02.350, 2 %, 3 %, 15836 MiB, 16384 MiB, 45.51 W, 55
2026/09/14 22:39:03.353, 1 %, 2 %, 15836 MiB, 16384 MiB, 45.53 W, 55
2026/09/14 22:39:04.356, 100 %, 8 %, 15836 MiB, 16384 MiB, 60.76 W, 55
2026/09/14 22:39:05.360, 100 %, 6 %, 15836 MiB, 16384 MiB, 65.43 W, 56
2026/09/14 22:39:06.363, 100 %, 6 %, 15836 MiB, 16384 MiB, 65.13 W, 56
2026/09/14 22:39:07.367, 100 %, 9 %, 15836 MiB, 16384 MiB, 60.22 W, 56
2026/09/14 22:39:08.370, 100 %, 6 %, 15836 MiB, 16384 MiB, 66.38 W, 56
2026/09/14 22:39:09.373, 100 %, 6 %, 15836 MiB, 16384 MiB, 65.89 W, 56
2026/09/14 22:39:10.376, 1 %, 2 %, 15836 MiB, 16384 MiB, 59.50 W, 56
2026/09/14 22:39:11.379, 3 %, 4 %, 15836 MiB, 16384 MiB, 46.53 W, 55
2026/09/14 22:39:12.383, 3 %, 4 %, 15836 MiB, 16384 MiB, 45.85 W, 55
2026/09/14 22:39:13.386, 1 %, 2 %, 15836 MiB, 16384 MiB, 48.90 W, 55
2026/09/14 22:39:14.390, 2 %, 3 %, 15836 MiB, 16384 MiB, 45.91 W, 55
2026/09/14 22:39:15.392, 1 %, 2 %, 15836 MiB, 16384 MiB, 45.88 W, 55
2026/09/14 22:39:16.396, 1 %, 2 %, 15836 MiB, 16384 MiB, 46.05 W, 55
2026/09/14 22:39:17.398, 3 %, 4 %, 15836 MiB, 16384 MiB, 46.17 W, 55
2026/09/14 22:39:18.402, 3 %, 4 %, 15836 MiB, 16384 MiB, 46.01 W, 55
2026/09/14 22:39:19.405, 1 %, 2 %, 15836 MiB, 16384 MiB, 48.47 W, 55
2026/09/14 22:39:20.408, 1 %, 2 %, 15836 MiB, 16384 MiB, 45.51 W, 55
2026/09/14 22:39:21.411, 1 %, 2 %, 15836 MiB, 16384 MiB, 45.91 W, 55
2026/09/14 22:39:22.414, 1 %, 3 %, 15836 MiB, 16384 MiB, 46.03 W, 55
2026/09/14 22:39:23.417, 3 %, 4 %, 15836 MiB, 16384 MiB, 46.00 W, 55
2026/09/14 22:39:24.420, 3 %, 4 %, 15836 MiB, 16384 MiB, 45.72 W, 55
2026/09/14 22:39:25.423, 3 %, 4 %, 15836 MiB, 16384 MiB, 44.69 W, 55
2026/09/14 22:39:26.427, 2 %, 3 %, 15836 MiB, 16384 MiB, 45.59 W, 55
2026/09/14 22:39:27.430, 2 %, 3 %, 15836 MiB, 16384 MiB, 46.39 W, 55
2026/09/14 22:39:28.433, 2 %, 3 %, 15836 MiB, 16384 MiB, 46.37 W, 55
2026/09/14 22:39:29.436, 3 %, 4 %, 15836 MiB, 16384 MiB, 45.60 W, 55
2026/09/14 22:39:30.439, 1 %, 2 %, 15836 MiB, 16384 MiB, 48.15 W, 55
2026/09/14 22:39:31.442, 2 %, 3 %, 15836 MiB, 16384 MiB, 45.26 W, 55
2026/09/14 22:39:32.445, 1 %, 2 %, 15836 MiB, 16384 MiB, 45.25 W, 55
2026/09/14 22:39:33.448, 100 %, 8 %, 15836 MiB, 16384 MiB, 67.88 W, 56
2026/09/14 22:39:34.451, 100 %, 9 %, 15836 MiB, 16384 MiB, 59.26 W, 56
2026/09/14 22:39:35.454, 100 %, 6 %, 15836 MiB, 16384 MiB, 68.06 W, 56
2026/09/14 22:39:36.457, 100 %, 9 %, 15836 MiB, 16384 MiB, 59.39 W, 56
2026/09/14 22:39:37.460, 100 %, 6 %, 15836 MiB, 16384 MiB, 68.12 W, 56
2026/09/14 22:39:38.463, 100 %, 9 %, 15836 MiB, 16384 MiB, 59.44 W, 56
2026/09/14 22:39:39.466, 6 %, 4 %, 15836 MiB, 16384 MiB, 59.35 W, 56
2026/09/14 22:39:40.469, 6 %, 4 %, 15836 MiB, 16384 MiB, 58.17 W, 56
2026/09/14 22:39:41.472, 1 %, 2 %, 15836 MiB, 16384 MiB, 45.56 W, 55
2026/09/14 22:39:42.475, 1 %, 2 %, 15836 MiB, 16384 MiB, 45.88 W, 55
2026/09/14 22:39:43.479, 1 %, 2 %, 15836 MiB, 16384 MiB, 45.62 W, 55
2026/09/14 22:39:44.483, 6 %, 4 %, 15836 MiB, 16384 MiB, 45.64 W, 55
2026/09/14 22:39:45.487, 1 %, 2 %, 15836 MiB, 16384 MiB, 49.90 W, 55
2026/09/14 22:39:46.490, 1 %, 2 %, 15836 MiB, 16384 MiB, 45.46 W, 55
2026/09/14 22:39:47.495, 1 %, 2 %, 15836 MiB, 16384 MiB, 46.27 W, 55
2026/09/14 22:39:48.498, 1 %, 2 %, 15836 MiB, 16384 MiB, 46.50 W, 55
2026/09/14 22:39:49.501, 6 %, 4 %, 15836 MiB, 16384 MiB, 45.71 W, 55
2026/09/14 22:39:50.505, 7 %, 5 %, 15836 MiB, 16384 MiB, 45.51 W, 55
2026/09/14 22:39:51.508, 1 %, 2 %, 15836 MiB, 16384 MiB, 50.46 W, 55
2026/09/14 22:39:52.512, 1 %, 2 %, 15836 MiB, 16384 MiB, 45.75 W, 55
2026/09/14 22:39:53.515, 1 %, 2 %, 15836 MiB, 16384 MiB, 45.65 W, 55
2026/09/14 22:39:54.519, 6 %, 4 %, 15836 MiB, 16384 MiB, 46.22 W, 55
2026/09/14 22:39:55.522, 7 %, 5 %, 15836 MiB, 16384 MiB, 45.23 W, 55
2026/09/14 22:39:56.526, 2 %, 3 %, 15836 MiB, 16384 MiB, 45.79 W, 55
2026/09/14 22:39:57.529, 2 %, 3 %, 15836 MiB, 16384 MiB, 46.03 W, 55
2026/09/14 22:39:58.533, 1 %, 2 %, 15836 MiB, 16384 MiB, 46.17 W, 55
2026/09/14 22:39:59.537, 6 %, 4 %, 15836 MiB, 16384 MiB, 45.90 W, 55
2026/09/14 22:40:00.540, 7 %, 4 %, 15836 MiB, 16384 MiB, 45.74 W, 55
2026/09/14 22:40:01.544, 1 %, 2 %, 15836 MiB, 16384 MiB, 50.91 W, 55
2026/09/14 22:40:02.547, 100 %, 6 %, 15836 MiB, 16384 MiB, 65.46 W, 55
2026/09/14 22:40:03.551, 100 %, 6 %, 15836 MiB, 16384 MiB, 65.41 W, 56
2026/09/14 22:40:04.554, 100 %, 9 %, 15836 MiB, 16384 MiB, 65.42 W, 56
2026/09/14 22:40:05.557, 100 %, 9 %, 15836 MiB, 16384 MiB, 59.52 W, 56
2026/09/14 22:40:06.560, 100 %, 6 %, 15836 MiB, 16384 MiB, 65.54 W, 56
2026/09/14 22:40:07.564, 100 %, 6 %, 15836 MiB, 16384 MiB, 65.60 W, 56
2026/09/14 22:40:08.567, 1 %, 2 %, 15836 MiB, 16384 MiB, 60.69 W, 56
2026/09/14 22:40:09.570, 3 %, 4 %, 15836 MiB, 16384 MiB, 46.69 W, 55
2026/09/14 22:40:10.574, 4 %, 5 %, 15836 MiB, 16384 MiB, 45.03 W, 55
2026/09/14 22:40:11.580, 1 %, 2 %, 15836 MiB, 16384 MiB, 45.46 W, 55
2026/09/14 22:40:12.583, 2 %, 3 %, 15836 MiB, 16384 MiB, 45.92 W, 55
2026/09/14 22:40:13.585, 1 %, 2 %, 15836 MiB, 16384 MiB, 45.67 W, 55
2026/09/14 22:40:14.588, 3 %, 4 %, 15836 MiB, 16384 MiB, 45.83 W, 55
2026/09/14 22:40:15.590, 3 %, 4 %, 15836 MiB, 16384 MiB, 45.56 W, 55
2026/09/14 22:40:16.593, 3 %, 4 %, 15836 MiB, 16384 MiB, 45.33 W, 55
2026/09/14 22:40:17.596, 1 %, 2 %, 15836 MiB, 16384 MiB, 49.31 W, 55
2026/09/14 22:40:18.598, 1 %, 2 %, 15836 MiB, 16384 MiB, 46.03 W, 55
2026/09/14 22:40:19.601, 1 %, 2 %, 15836 MiB, 16384 MiB, 46.08 W, 55
2026/09/14 22:40:20.603, 1 %, 2 %, 15836 MiB, 16384 MiB, 46.08 W, 55
2026/09/14 22:40:21.606, 3 %, 4 %, 15836 MiB, 16384 MiB, 45.94 W, 55
2026/09/14 22:40:22.609, 3 %, 4 %, 15836 MiB, 16384 MiB, 45.37 W, 55
2026/09/14 22:40:23.611, 1 %, 2 %, 15836 MiB, 16384 MiB, 49.07 W, 55
2026/09/14 22:40:24.614, 1 %, 2 %, 15836 MiB, 16384 MiB, 45.75 W, 55
2026/09/14 22:40:25.617, 1 %, 2 %, 15836 MiB, 16384 MiB, 45.96 W, 55
2026/09/14 22:40:26.619, 3 %, 4 %, 15836 MiB, 16384 MiB, 45.90 W, 55
2026/09/14 22:40:27.622, 4 %, 5 %, 15836 MiB, 16384 MiB, 45.84 W, 55
2026/09/14 22:40:28.624, 1 %, 2 %, 15836 MiB, 16384 MiB, 49.38 W, 55
2026/09/14 22:40:29.627, 1 %, 3 %, 15836 MiB, 16384 MiB, 45.66 W, 55
2026/09/14 22:40:30.629, 1 %, 2 %, 15836 MiB, 16384 MiB, 45.53 W, 55
2026/09/14 22:40:31.632, 100 %, 6 %, 15836 MiB, 16384 MiB, 68.43 W, 56
2026/09/14 22:40:32.635, 100 %, 6 %, 15836 MiB, 16384 MiB, 68.34 W, 56
2026/09/14 22:40:33.637, 100 %, 6 %, 15836 MiB, 16384 MiB, 68.47 W, 56
2026/09/14 22:40:34.640, 100 %, 6 %, 15836 MiB, 16384 MiB, 68.34 W, 56
2026/09/14 22:40:35.642, 100 %, 6 %, 15836 MiB, 16384 MiB, 68.38 W, 56
2026/09/14 22:40:36.645, 100 %, 6 %, 15836 MiB, 16384 MiB, 68.25 W, 56
2026/09/14 22:40:37.648, 1 %, 3 %, 15836 MiB, 16384 MiB, 59.21 W, 56
2026/09/14 22:40:38.651, 6 %, 4 %, 15836 MiB, 16384 MiB, 46.25 W, 55
2026/09/14 22:40:39.654, 6 %, 4 %, 15836 MiB, 16384 MiB, 46.24 W, 55
2026/09/14 22:40:40.658, 1 %, 2 %, 15836 MiB, 16384 MiB, 51.22 W, 55
2026/09/14 22:40:41.661, 2 %, 3 %, 15836 MiB, 16384 MiB, 46.43 W, 56
2026/09/14 22:40:42.664, 1 %, 2 %, 15836 MiB, 16384 MiB, 46.58 W, 55
2026/09/14 22:40:43.667, 7 %, 4 %, 15836 MiB, 16384 MiB, 46.47 W, 55
2026/09/14 22:40:44.670, 7 %, 5 %, 15836 MiB, 16384 MiB, 45.72 W, 55
2026/09/14 22:40:45.673, 1 %, 2 %, 15836 MiB, 16384 MiB, 52.27 W, 55
2026/09/14 22:40:46.676, 1 %, 2 %, 15836 MiB, 16384 MiB, 46.84 W, 55
2026/09/14 22:40:47.680, 1 %, 2 %, 15836 MiB, 16384 MiB, 47.42 W, 55
2026/09/14 22:40:48.682, 6 %, 4 %, 15836 MiB, 16384 MiB, 47.15 W, 55
2026/09/14 22:40:49.685, 7 %, 5 %, 15836 MiB, 16384 MiB, 45.84 W, 55
2026/09/14 22:40:50.688, 1 %, 2 %, 15836 MiB, 16384 MiB, 51.26 W, 55
2026/09/14 22:40:51.691, 1 %, 2 %, 15836 MiB, 16384 MiB, 46.25 W, 55
2026/09/14 22:40:52.695, 1 %, 2 %, 15836 MiB, 16384 MiB, 46.32 W, 55
2026/09/14 22:40:53.697, 7 %, 4 %, 15836 MiB, 16384 MiB, 46.28 W, 55
2026/09/14 22:40:54.700, 7 %, 5 %, 15836 MiB, 16384 MiB, 45.05 W, 55
2026/09/14 22:40:55.703, 2 %, 3 %, 15836 MiB, 16384 MiB, 46.09 W, 55
2026/09/14 22:40:56.706, 2 %, 3 %, 15836 MiB, 16384 MiB, 46.39 W, 55
2026/09/14 22:40:57.710, 6 %, 4 %, 15836 MiB, 16384 MiB, 46.44 W, 55
2026/09/14 22:40:58.713, 6 %, 4 %, 15836 MiB, 16384 MiB, 46.54 W, 55
2026/09/14 22:40:59.716, 1 %, 2 %, 15836 MiB, 16384 MiB, 48.16 W, 55
2026/09/14 22:41:00.720, 100 %, 6 %, 15836 MiB, 16384 MiB, 64.57 W, 55
2026/09/14 22:41:01.723, 100 %, 6 %, 15836 MiB, 16384 MiB, 64.56 W, 56
2026/09/14 22:41:02.726, 100 %, 9 %, 15836 MiB, 16384 MiB, 64.67 W, 56
2026/09/14 22:41:03.729, 100 %, 6 %, 15836 MiB, 16384 MiB, 59.50 W, 56
2026/09/14 22:41:04.733, 100 %, 6 %, 15836 MiB, 16384 MiB, 64.56 W, 56
2026/09/14 22:41:05.736, 100 %, 6 %, 15836 MiB, 16384 MiB, 64.68 W, 56
2026/09/14 22:41:06.739, 4 %, 4 %, 15836 MiB, 16384 MiB, 59.47 W, 56
2026/09/14 22:41:07.742, 3 %, 4 %, 15836 MiB, 16384 MiB, 45.81 W, 55
2026/09/14 22:41:08.746, 1 %, 2 %, 15836 MiB, 16384 MiB, 48.98 W, 55
2026/09/14 22:41:09.749, 1 %, 2 %, 15836 MiB, 16384 MiB, 46.43 W, 55
2026/09/14 22:41:10.752, 2 %, 3 %, 15836 MiB, 16384 MiB, 46.22 W, 55
2026/09/14 22:41:11.755, 4 %, 4 %, 15836 MiB, 16384 MiB, 45.45 W, 55
2026/09/14 22:41:12.758, 4 %, 4 %, 15836 MiB, 16384 MiB, 45.62 W, 55
2026/09/14 22:41:13.761, 1 %, 2 %, 15836 MiB, 16384 MiB, 44.75 W, 55
2026/09/14 22:41:14.765, 1 %, 2 %, 15836 MiB, 16384 MiB, 48.66 W, 55
2026/09/14 22:41:15.768, 1 %, 2 %, 15836 MiB, 16384 MiB, 45.67 W, 55
2026/09/14 22:41:16.771, 1 %, 2 %, 15836 MiB, 16384 MiB, 45.68 W, 55
2026/09/14 22:41:17.774, 1 %, 1 %, 15836 MiB, 16384 MiB, 45.95 W, 55
2026/09/14 22:41:18.777, 4 %, 4 %, 15836 MiB, 16384 MiB, 45.74 W, 55
2026/09/14 22:41:19.779, 4 %, 4 %, 15836 MiB, 16384 MiB, 45.43 W, 55
2026/09/14 22:41:20.782, 1 %, 2 %, 15836 MiB, 16384 MiB, 48.01 W, 55
2026/09/14 22:41:21.785, 1 %, 2 %, 15836 MiB, 16384 MiB, 45.78 W, 55
2026/09/14 22:41:22.787, 1 %, 2 %, 15836 MiB, 16384 MiB, 45.79 W, 55
2026/09/14 22:41:23.790, 4 %, 4 %, 15836 MiB, 16384 MiB, 46.22 W, 55
2026/09/14 22:41:24.793, 4 %, 4 %, 15836 MiB, 16384 MiB, 46.15 W, 55
2026/09/14 22:41:25.796, 1 %, 2 %, 15836 MiB, 16384 MiB, 49.14 W, 55
2026/09/14 22:41:26.799, 1 %, 2 %, 15836 MiB, 16384 MiB, 45.79 W, 55
2026/09/14 22:41:27.802, 2 %, 3 %, 15836 MiB, 16384 MiB, 46.41 W, 55
2026/09/14 22:41:28.806, 3 %, 4 %, 15836 MiB, 16384 MiB, 46.70 W, 55
2026/09/14 22:41:29.810, 100 %, 9 %, 15836 MiB, 16384 MiB, 65.50 W, 56
2026/09/14 22:41:30.813, 100 %, 8 %, 15836 MiB, 16384 MiB, 59.25 W, 56
2026/09/14 22:41:31.817, 100 %, 6 %, 15836 MiB, 16384 MiB, 64.56 W, 56
2026/09/14 22:41:32.821, 100 %, 6 %, 15836 MiB, 16384 MiB, 64.61 W, 56
2026/09/14 22:41:33.823, 100 %, 9 %, 15836 MiB, 16384 MiB, 61.32 W, 56
2026/09/14 22:41:34.826, 100 %, 6 %, 15836 MiB, 16384 MiB, 58.18 W, 56
2026/09/14 22:41:35.830, 1 %, 2 %, 15836 MiB, 16384 MiB, 58.90 W, 56
2026/09/14 22:41:36.834, 1 %, 2 %, 15836 MiB, 16384 MiB, 46.15 W, 55
2026/09/14 22:41:37.838, 3 %, 4 %, 15836 MiB, 16384 MiB, 45.90 W, 55
2026/09/14 22:41:38.841, 3 %, 4 %, 15836 MiB, 16384 MiB, 45.72 W, 55
2026/09/14 22:41:39.844, 1 %, 2 %, 15836 MiB, 16384 MiB, 45.01 W, 55
2026/09/14 22:41:40.847, 1 %, 2 %, 15836 MiB, 16384 MiB, 45.50 W, 55
2026/09/14 22:41:41.851, 1 %, 3 %, 15836 MiB, 16384 MiB, 45.82 W, 55
2026/09/14 22:41:42.853, 3 %, 4 %, 15836 MiB, 16384 MiB, 45.45 W, 55
2026/09/14 22:41:43.856, 3 %, 4 %, 15836 MiB, 16384 MiB, 45.65 W, 55
2026/09/14 22:41:44.859, 4 %, 4 %, 15836 MiB, 16384 MiB, 45.83 W, 55
2026/09/14 22:41:45.862, 1 %, 2 %, 15836 MiB, 16384 MiB, 48.41 W, 55
2026/09/14 22:41:46.865, 1 %, 2 %, 15836 MiB, 16384 MiB, 45.69 W, 55
2026/09/14 22:41:47.868, 1 %, 2 %, 15836 MiB, 16384 MiB, 45.75 W, 55
2026/09/14 22:41:48.871, 1 %, 2 %, 15836 MiB, 16384 MiB, 46.37 W, 55
2026/09/14 22:41:49.874, 3 %, 4 %, 15836 MiB, 16384 MiB, 46.33 W, 55
2026/09/14 22:41:50.877, 1 %, 2 %, 15836 MiB, 16384 MiB, 44.30 W, 55
2026/09/14 22:41:51.882, 1 %, 2 %, 15836 MiB, 16384 MiB, 45.40 W, 55
2026/09/14 22:41:52.884, 2 %, 3 %, 15836 MiB, 16384 MiB, 45.79 W, 55
2026/09/14 22:41:53.889, 2 %, 3 %, 15836 MiB, 16384 MiB, 45.65 W, 55
2026/09/14 22:41:54.891, 1 %, 2 %, 15836 MiB, 16384 MiB, 45.36 W, 55
2026/09/14 22:41:55.894, 4 %, 4 %, 15836 MiB, 16384 MiB, 45.86 W, 55
2026/09/14 22:41:56.897, 4 %, 4 %, 15836 MiB, 16384 MiB, 45.16 W, 55
2026/09/14 22:41:57.900, 1 %, 2 %, 15836 MiB, 16384 MiB, 45.79 W, 55
2026/09/14 22:41:58.903, 100 %, 6 %, 15836 MiB, 16384 MiB, 59.34 W, 56
2026/09/14 22:41:59.906, 100 %, 9 %, 15836 MiB, 16384 MiB, 59.21 W, 56
2026/09/14 22:42:00.910, 100 %, 6 %, 15836 MiB, 16384 MiB, 64.38 W, 56
2026/09/14 22:42:01.913, 100 %, 6 %, 15836 MiB, 16384 MiB, 64.33 W, 56
2026/09/14 22:42:02.916, 100 %, 9 %, 15836 MiB, 16384 MiB, 59.39 W, 56
2026/09/14 22:42:03.920, 1 %, 2 %, 15836 MiB, 16384 MiB, 59.17 W, 56
2026/09/14 22:42:04.923, 3 %, 4 %, 15836 MiB, 16384 MiB, 58.09 W, 56
2026/09/14 22:42:05.926, 4 %, 4 %, 15836 MiB, 16384 MiB, 46.03 W, 55
2026/09/14 22:42:06.932, 2 %, 3 %, 15836 MiB, 16384 MiB, 45.98 W, 55
2026/09/14 22:42:07.938, 1 %, 2 %, 15836 MiB, 16384 MiB, 45.86 W, 55
2026/09/14 22:42:08.941, 2 %, 3 %, 15836 MiB, 16384 MiB, 46.38 W, 55
2026/09/14 22:42:09.946, 1 %, 2 %, 15836 MiB, 16384 MiB, 45.70 W, 55
2026/09/14 22:42:10.951, 3 %, 4 %, 15836 MiB, 16384 MiB, 48.88 W, 55
2026/09/14 22:42:11.953, 2 %, 2 %, 15836 MiB, 16384 MiB, 46.40 W, 55
2026/09/14 22:42:12.956, 1 %, 2 %, 15836 MiB, 16384 MiB, 46.06 W, 55
2026/09/14 22:42:13.959, 1 %, 2 %, 15836 MiB, 16384 MiB, 46.00 W, 55
2026/09/14 22:42:14.962, 1 %, 2 %, 15836 MiB, 16384 MiB, 45.79 W, 55
2026/09/14 22:42:15.964, 3 %, 4 %, 15836 MiB, 16384 MiB, 48.24 W, 55
2026/09/14 22:42:16.968, 4 %, 4 %, 15836 MiB, 16384 MiB, 46.03 W, 55
2026/09/14 22:42:17.971, 1 %, 2 %, 15836 MiB, 16384 MiB, 45.80 W, 55
2026/09/14 22:42:18.974, 1 %, 2 %, 15836 MiB, 16384 MiB, 45.93 W, 55
2026/09/14 22:42:19.977, 2 %, 3 %, 15836 MiB, 16384 MiB, 46.30 W, 55
2026/09/14 22:42:20.980, 1 %, 2 %, 15836 MiB, 16384 MiB, 45.69 W, 55
2026/09/14 22:42:21.983, 4 %, 4 %, 15836 MiB, 16384 MiB, 49.19 W, 55
2026/09/14 22:42:22.987, 2 %, 3 %, 15836 MiB, 16384 MiB, 46.24 W, 55
2026/09/14 22:42:23.990, 1 %, 3 %, 15836 MiB, 16384 MiB, 46.18 W, 55
2026/09/14 22:42:24.993, 1 %, 2 %, 15836 MiB, 16384 MiB, 46.12 W, 55
2026/09/14 22:42:25.996, 4 %, 4 %, 15836 MiB, 16384 MiB, 44.94 W, 55
2026/09/14 22:42:26.999, 33 %, 9 %, 15836 MiB, 16384 MiB, 45.72 W, 55
2026/09/14 22:42:28.002, 100 %, 9 %, 15836 MiB, 16384 MiB, 62.17 W, 56
2026/09/14 22:42:29.006, 100 %, 6 %, 15836 MiB, 16384 MiB, 64.74 W, 56
2026/09/14 22:42:30.009, 100 %, 6 %, 15836 MiB, 16384 MiB, 65.60 W, 56
2026/09/14 22:42:31.012, 100 %, 9 %, 15836 MiB, 16384 MiB, 60.66 W, 56
2026/09/14 22:42:32.016, 100 %, 7 %, 15836 MiB, 16384 MiB, 64.58 W, 56
2026/09/14 22:42:33.019, 2 %, 3 %, 15836 MiB, 16384 MiB, 59.49 W, 56
2026/09/14 22:42:34.025, 1 %, 2 %, 15836 MiB, 16384 MiB, 59.36 W, 56
2026/09/14 22:42:35.027, 4 %, 4 %, 15836 MiB, 16384 MiB, 44.92 W, 55
2026/09/14 22:42:36.030, 4 %, 4 %, 15836 MiB, 16384 MiB, 48.96 W, 55
2026/09/14 22:42:37.033, 1 %, 2 %, 15836 MiB, 16384 MiB, 45.95 W, 55
2026/09/14 22:42:38.035, 2 %, 3 %, 15836 MiB, 16384 MiB, 45.91 W, 55
2026/09/14 22:42:39.038, 2 %, 3 %, 15836 MiB, 16384 MiB, 46.04 W, 55
2026/09/14 22:42:40.041, 4 %, 4 %, 15836 MiB, 16384 MiB, 44.72 W, 55
2026/09/14 22:42:41.044, 3 %, 4 %, 15836 MiB, 16384 MiB, 46.51 W, 55
2026/09/14 22:42:42.048, 1 %, 2 %, 15836 MiB, 16384 MiB, 45.62 W, 55
2026/09/14 22:42:43.051, 1 %, 2 %, 15836 MiB, 16384 MiB, 45.64 W, 55
2026/09/14 22:42:44.054, 1 %, 2 %, 15836 MiB, 16384 MiB, 45.30 W, 55
2026/09/14 22:42:45.057, 1 %, 2 %, 15836 MiB, 16384 MiB, 45.48 W, 55
2026/09/14 22:42:46.060, 4 %, 4 %, 15836 MiB, 16384 MiB, 44.81 W, 55
2026/09/14 22:42:47.064, 3 %, 4 %, 15836 MiB, 16384 MiB, 48.07 W, 55
2026/09/14 22:42:48.067, 4 %, 4 %, 15836 MiB, 16384 MiB, 45.77 W, 55
2026/09/14 22:42:49.070, 2 %, 3 %, 15836 MiB, 16384 MiB, 46.07 W, 55
2026/09/14 22:42:50.074, 2 %, 3 %, 15836 MiB, 16384 MiB, 46.52 W, 55
2026/09/14 22:42:51.077, 4 %, 5 %, 15836 MiB, 16384 MiB, 45.76 W, 55
2026/09/14 22:42:52.080, 4 %, 4 %, 15836 MiB, 16384 MiB, 48.70 W, 55
2026/09/14 22:42:53.083, 1 %, 2 %, 15836 MiB, 16384 MiB, 45.76 W, 55
2026/09/14 22:42:54.086, 1 %, 2 %, 15836 MiB, 16384 MiB, 45.76 W, 55
2026/09/14 22:42:55.090, 1 %, 2 %, 15836 MiB, 16384 MiB, 45.71 W, 55
2026/09/14 22:42:56.093, 100 %, 6 %, 15836 MiB, 16384 MiB, 58.38 W, 55
2026/09/14 22:42:57.097, 100 %, 6 %, 15836 MiB, 16384 MiB, 64.45 W, 55
2026/09/14 22:42:58.100, 100 %, 7 %, 15836 MiB, 16384 MiB, 59.28 W, 56
2026/09/14 22:42:59.103, 100 %, 9 %, 15836 MiB, 16384 MiB, 64.40 W, 56
2026/09/14 22:43:00.106, 100 %, 6 %, 15836 MiB, 16384 MiB, 64.75 W, 56
2026/09/14 22:43:01.110, 100 %, 6 %, 15836 MiB, 16384 MiB, 64.60 W, 56
2026/09/14 22:43:02.113, 3 %, 4 %, 15836 MiB, 16384 MiB, 63.77 W, 56
2026/09/14 22:43:03.116, 1 %, 2 %, 15836 MiB, 16384 MiB, 59.13 W, 56
2026/09/14 22:43:04.119, 1 %, 3 %, 15836 MiB, 16384 MiB, 45.97 W, 55
2026/09/14 22:43:05.122, 1 %, 2 %, 15836 MiB, 16384 MiB, 45.98 W, 55
2026/09/14 22:43:06.125, 2 %, 3 %, 15836 MiB, 16384 MiB, 45.98 W, 55
2026/09/14 22:43:07.128, 3 %, 4 %, 15836 MiB, 16384 MiB, 48.55 W, 55
2026/09/14 22:43:08.131, 4 %, 4 %, 15836 MiB, 16384 MiB, 45.67 W, 55
2026/09/14 22:43:09.134, 1 %, 2 %, 15836 MiB, 16384 MiB, 45.85 W, 55
2026/09/14 22:43:10.138, 1 %, 2 %, 15836 MiB, 16384 MiB, 45.73 W, 55
2026/09/14 22:43:11.141, 1 %, 2 %, 15836 MiB, 16384 MiB, 46.31 W, 55
2026/09/14 22:43:12.144, 1 %, 2 %, 15836 MiB, 16384 MiB, 46.04 W, 55
2026/09/14 22:43:13.147, 3 %, 4 %, 15836 MiB, 16384 MiB, 48.58 W, 55
2026/09/14 22:43:14.150, 4 %, 4 %, 15836 MiB, 16384 MiB, 45.37 W, 55
2026/09/14 22:43:15.153, 1 %, 2 %, 15836 MiB, 16384 MiB, 45.53 W, 55
2026/09/14 22:43:16.156, 1 %, 2 %, 15836 MiB, 16384 MiB, 45.72 W, 55
2026/09/14 22:43:17.160, 1 %, 2 %, 15836 MiB, 16384 MiB, 45.70 W, 55
2026/09/14 22:43:18.163, 4 %, 4 %, 15836 MiB, 16384 MiB, 45.35 W, 55
2026/09/14 22:43:19.166, 4 %, 4 %, 15836 MiB, 16384 MiB, 48.16 W, 55
2026/09/14 22:43:20.169, 4 %, 5 %, 15836 MiB, 16384 MiB, 45.46 W, 55
2026/09/14 22:43:21.172, 1 %, 2 %, 15836 MiB, 16384 MiB, 45.13 W, 55
2026/09/14 22:43:22.175, 1 %, 2 %, 15836 MiB, 16384 MiB, 45.09 W, 55
2026/09/14 22:43:23.178, 2 %, 3 %, 15836 MiB, 16384 MiB, 45.25 W, 55
2026/09/14 22:43:24.181, 3 %, 4 %, 15836 MiB, 16384 MiB, 45.19 W, 55
2026/09/14 22:43:25.185, 100 %, 9 %, 15836 MiB, 16384 MiB, 64.22 W, 55
2026/09/14 22:43:26.188, 100 %, 6 %, 15836 MiB, 16384 MiB, 65.36 W, 56
2026/09/14 22:43:27.192, 100 %, 6 %, 15836 MiB, 16384 MiB, 59.50 W, 56
2026/09/14 22:43:28.195, 100 %, 9 %, 15836 MiB, 16384 MiB, 65.53 W, 56
2026/09/14 22:43:29.199, 100 %, 9 %, 15836 MiB, 16384 MiB, 65.42 W, 56
2026/09/14 22:43:30.202, 100 %, 6 %, 15836 MiB, 16384 MiB, 65.10 W, 56
2026/09/14 22:43:31.205, 1 %, 2 %, 15836 MiB, 16384 MiB, 59.00 W, 56
2026/09/14 22:43:32.208, 1 %, 2 %, 15836 MiB, 16384 MiB, 46.12 W, 55
2026/09/14 22:43:33.212, 3 %, 4 %, 15836 MiB, 16384 MiB, 45.69 W, 55
2026/09/14 22:43:34.215, 3 %, 4 %, 15836 MiB, 16384 MiB, 45.70 W, 55
2026/09/14 22:43:35.219, 4 %, 5 %, 15836 MiB, 16384 MiB, 48.86 W, 55
2026/09/14 22:43:36.225, 1 %, 2 %, 15836 MiB, 16384 MiB, 45.29 W, 55
2026/09/14 22:43:37.228, 1 %, 2 %, 15836 MiB, 16384 MiB, 45.17 W, 55
2026/09/14 22:43:38.230, 1 %, 2 %, 15836 MiB, 16384 MiB, 45.32 W, 55
2026/09/14 22:43:39.233, 3 %, 4 %, 15836 MiB, 16384 MiB, 45.44 W, 55
2026/09/14 22:43:40.235, 3 %, 4 %, 15836 MiB, 16384 MiB, 45.33 W, 55
2026/09/14 22:43:41.238, 3 %, 4 %, 15836 MiB, 16384 MiB, 48.49 W, 55
2026/09/14 22:43:42.241, 1 %, 2 %, 15836 MiB, 16384 MiB, 45.74 W, 55
2026/09/14 22:43:43.244, 1 %, 2 %, 15836 MiB, 16384 MiB, 45.67 W, 55
2026/09/14 22:43:44.247, 1 %, 2 %, 15836 MiB, 16384 MiB, 45.68 W, 55
2026/09/14 22:43:45.250, 1 %, 2 %, 15836 MiB, 16384 MiB, 45.59 W, 55
2026/09/14 22:43:46.253, 3 %, 4 %, 15836 MiB, 16384 MiB, 45.56 W, 55
2026/09/14 22:43:47.256, 3 %, 4 %, 15836 MiB, 16384 MiB, 44.42 W, 55
2026/09/14 22:43:48.259, 2 %, 3 %, 15836 MiB, 16384 MiB, 45.45 W, 55
2026/09/14 22:43:49.264, 1 %, 2 %, 15836 MiB, 16384 MiB, 45.58 W, 55
2026/09/14 22:43:50.267, 1 %, 2 %, 15836 MiB, 16384 MiB, 45.44 W, 55
2026/09/14 22:43:51.271, 1 %, 2 %, 15836 MiB, 16384 MiB, 45.55 W, 55
2026/09/14 22:43:52.274, 3 %, 4 %, 15836 MiB, 16384 MiB, 45.65 W, 54
2026/09/14 22:43:53.276, 20 %, 9 %, 15836 MiB, 16384 MiB, 56.08 W, 55
2026/09/14 22:43:54.279, 100 %, 7 %, 15836 MiB, 16384 MiB, 66.36 W, 55
2026/09/14 22:43:55.281, 100 %, 6 %, 15836 MiB, 16384 MiB, 65.25 W, 56
2026/09/14 22:43:56.284, 100 %, 6 %, 15836 MiB, 16384 MiB, 59.53 W, 56
2026/09/14 22:43:57.286, 100 %, 9 %, 15836 MiB, 16384 MiB, 65.54 W, 56
2026/09/14 22:43:58.289, 100 %, 6 %, 15836 MiB, 16384 MiB, 65.46 W, 56
2026/09/14 22:43:59.291, 1 %, 3 %, 15836 MiB, 16384 MiB, 59.59 W, 56
2026/09/14 22:44:00.294, 1 %, 2 %, 15836 MiB, 16384 MiB, 59.28 W, 56
2026/09/14 22:44:01.297, 3 %, 4 %, 15836 MiB, 16384 MiB, 45.24 W, 55
2026/09/14 22:44:02.299, 4 %, 4 %, 15836 MiB, 16384 MiB, 49.08 W, 55
2026/09/14 22:44:03.302, 1 %, 2 %, 15836 MiB, 16384 MiB, 45.45 W, 55
2026/09/14 22:44:04.304, 2 %, 3 %, 15836 MiB, 16384 MiB, 45.72 W, 55
2026/09/14 22:44:05.307, 2 %, 3 %, 15836 MiB, 16384 MiB, 46.22 W, 55
2026/09/14 22:44:06.310, 1 %, 2 %, 15836 MiB, 16384 MiB, 45.88 W, 55
2026/09/14 22:44:07.312, 3 %, 4 %, 15836 MiB, 16384 MiB, 45.02 W, 55
2026/09/14 22:44:08.315, 3 %, 4 %, 15836 MiB, 16384 MiB, 48.59 W, 55
2026/09/14 22:44:09.317, 1 %, 2 %, 15836 MiB, 16384 MiB, 45.94 W, 55
2026/09/14 22:44:10.320, 1 %, 2 %, 15836 MiB, 16384 MiB, 45.90 W, 55
2026/09/14 22:44:11.322, 1 %, 2 %, 15836 MiB, 16384 MiB, 45.64 W, 55
2026/09/14 22:44:12.325, 1 %, 2 %, 15836 MiB, 16384 MiB, 46.23 W, 55
2026/09/14 22:44:13.327, 1 %, 2 %, 15836 MiB, 16384 MiB, 45.83 W, 55
2026/09/14 22:44:14.330, 3 %, 4 %, 15836 MiB, 16384 MiB, 47.88 W, 55
2026/09/14 22:44:15.334, 4 %, 5 %, 15836 MiB, 16384 MiB, 45.37 W, 55
2026/09/14 22:44:16.337, 2 %, 3 %, 15836 MiB, 16384 MiB, 45.10 W, 55
2026/09/14 22:44:17.340, 2 %, 3 %, 15836 MiB, 16384 MiB, 45.33 W, 55
2026/09/14 22:44:18.344, 1 %, 2 %, 15836 MiB, 16384 MiB, 45.00 W, 55
2026/09/14 22:44:19.347, 3 %, 4 %, 15836 MiB, 16384 MiB, 47.52 W, 55
2026/09/14 22:44:20.350, 3 %, 4 %, 15836 MiB, 16384 MiB, 44.81 W, 55
2026/09/14 22:44:21.353, 1 %, 2 %, 15836 MiB, 16384 MiB, 45.17 W, 55
2026/09/14 22:44:22.357, 0 %, 0 %, 15836 MiB, 16384 MiB, 56.27 W, 55
2026/09/14 22:44:23.360, 0 %, 0 %, 15836 MiB, 16384 MiB, 56.75 W, 55
2026/09/14 22:44:24.363, 0 %, 0 %, 15836 MiB, 16384 MiB, 43.53 W, 54
2026/09/14 22:44:25.366, 0 %, 0 %, 15836 MiB, 16384 MiB, 43.31 W, 54
2026/09/14 22:44:26.369, 0 %, 0 %, 15836 MiB, 16384 MiB, 43.43 W, 54
2026/09/14 22:44:27.372, 0 %, 0 %, 15836 MiB, 16384 MiB, 43.78 W, 54
2026/09/14 22:44:28.375, 0 %, 0 %, 15836 MiB, 16384 MiB, 43.36 W, 54
2026/09/14 22:44:29.378, 0 %, 0 %, 15836 MiB, 16384 MiB, 43.07 W, 54
2026/09/14 22:44:30.380, 0 %, 0 %, 15836 MiB, 16384 MiB, 43.27 W, 54
2026/09/14 22:44:31.383, 0 %, 0 %, 15836 MiB, 16384 MiB, 43.62 W, 54
2026/09/14 22:44:32.386, 0 %, 0 %, 15836 MiB, 16384 MiB, 43.42 W, 54
2026/09/14 22:44:33.389, 0 %, 0 %, 15836 MiB, 16384 MiB, 43.51 W, 54
2026/09/14 22:44:34.392, 0 %, 0 %, 15836 MiB, 16384 MiB, 44.12 W, 54
2026/09/14 22:44:35.395, 0 %, 0 %, 15836 MiB, 16384 MiB, 44.14 W, 54
2026/09/14 22:44:36.398, 0 %, 0 %, 15836 MiB, 16384 MiB, 43.62 W, 54
2026/09/14 22:44:37.400, 0 %, 0 %, 15836 MiB, 16384 MiB, 43.75 W, 54
2026/09/14 22:44:38.403, 0 %, 0 %, 7020 MiB, 16384 MiB, 56.08 W, 55
