timestamp, utilization.gpu [%], utilization.memory [%], memory.used [MiB], memory.total [MiB], power.draw [W], temperature.gpu
2026/09/15 04:54:30.891, 0 %, 0 %, 15 MiB, 16384 MiB, 10.15 W, 50
2026/09/15 04:54:31.918, 0 %, 0 %, 15 MiB, 16384 MiB, 7.53 W, 50
2026/09/15 04:54:32.924, 0 %, 0 %, 15 MiB, 16384 MiB, 7.57 W, 50
2026/09/15 04:54:33.930, 0 %, 0 %, 15 MiB, 16384 MiB, 7.65 W, 50
2026/09/15 04:54:34.937, 0 %, 0 %, 15 MiB, 16384 MiB, 7.59 W, 50
2026/09/15 04:54:35.943, 0 %, 0 %, 15 MiB, 16384 MiB, 7.72 W, 49
2026/09/15 04:54:36.949, 1 %, 0 %, 15 MiB, 16384 MiB, 7.82 W, 49
2026/09/15 04:54:37.956, 0 %, 0 %, 15 MiB, 16384 MiB, 7.77 W, 49
2026/09/15 04:54:38.962, 0 %, 0 %, 15 MiB, 16384 MiB, 7.63 W, 49
2026/09/15 04:54:39.968, 0 %, 0 %, 15 MiB, 16384 MiB, 7.78 W, 49
2026/09/15 04:54:40.974, 0 %, 0 %, 15 MiB, 16384 MiB, 7.61 W, 49
2026/09/15 04:54:41.981, 0 %, 0 %, 16 MiB, 16384 MiB, 7.70 W, 49
2026/09/15 04:54:42.994, 0 %, 0 %, 134 MiB, 16384 MiB, 43.95 W, 50
2026/09/15 04:54:43.997, 0 %, 0 %, 134 MiB, 16384 MiB, 43.53 W, 51
2026/09/15 04:54:45.000, 0 %, 0 %, 4428 MiB, 16384 MiB, 44.06 W, 51
2026/09/15 04:54:46.003, 34 %, 1 %, 4434 MiB, 16384 MiB, 44.47 W, 51
2026/09/15 04:54:47.005, 15 %, 1 %, 4444 MiB, 16384 MiB, 58.33 W, 52
2026/09/15 04:54:48.007, 37 %, 2 %, 4450 MiB, 16384 MiB, 57.57 W, 52
2026/09/15 04:54:49.010, 44 %, 2 %, 4458 MiB, 16384 MiB, 50.58 W, 52
2026/09/15 04:54:50.012, 18 %, 1 %, 4466 MiB, 16384 MiB, 56.43 W, 52
2026/09/15 04:54:51.014, 37 %, 2 %, 4474 MiB, 16384 MiB, 56.22 W, 52
2026/09/15 04:54:52.017, 39 %, 2 %, 4480 MiB, 16384 MiB, 47.66 W, 52
2026/09/15 04:54:53.020, 12 %, 0 %, 4488 MiB, 16384 MiB, 56.87 W, 52
2026/09/15 04:54:54.022, 37 %, 2 %, 4496 MiB, 16384 MiB, 56.93 W, 52
2026/09/15 04:54:55.024, 34 %, 1 %, 4504 MiB, 16384 MiB, 51.26 W, 52
2026/09/15 04:54:56.027, 12 %, 0 %, 4512 MiB, 16384 MiB, 57.33 W, 52
2026/09/15 04:54:57.029, 37 %, 1 %, 4520 MiB, 16384 MiB, 57.11 W, 53
2026/09/15 04:54:58.031, 30 %, 1 %, 4526 MiB, 16384 MiB, 56.29 W, 53
2026/09/15 04:54:59.034, 11 %, 0 %, 4534 MiB, 16384 MiB, 53.61 W, 52
2026/09/15 04:55:00.036, 39 %, 2 %, 4542 MiB, 16384 MiB, 56.98 W, 53
2026/09/15 04:55:01.038, 30 %, 1 %, 4550 MiB, 16384 MiB, 56.01 W, 53
2026/09/15 04:55:02.042, 0 %, 0 %, 4552 MiB, 16384 MiB, 44.18 W, 52
2026/09/15 04:55:03.045, 0 %, 0 %, 4552 MiB, 16384 MiB, 44.47 W, 52
2026/09/15 04:55:04.048, 0 %, 0 %, 4552 MiB, 16384 MiB, 44.21 W, 52
2026/09/15 04:55:05.051, 0 %, 0 %, 4552 MiB, 16384 MiB, 44.10 W, 52
2026/09/15 04:55:06.054, 0 %, 0 %, 4552 MiB, 16384 MiB, 44.07 W, 52
2026/09/15 04:55:07.057, 0 %, 0 %, 4552 MiB, 16384 MiB, 44.65 W, 52
2026/09/15 04:55:08.060, 0 %, 0 %, 6928 MiB, 16384 MiB, 44.65 W, 52
2026/09/15 04:55:09.063, 0 %, 0 %, 6928 MiB, 16384 MiB, 44.06 W, 52
2026/09/15 04:55:10.066, 0 %, 0 %, 6928 MiB, 16384 MiB, 43.95 W, 52
2026/09/15 04:55:11.069, 0 %, 0 %, 6928 MiB, 16384 MiB, 44.24 W, 52
2026/09/15 04:55:12.073, 0 %, 0 %, 6928 MiB, 16384 MiB, 56.01 W, 53
2026/09/15 04:55:13.076, 0 %, 0 %, 6928 MiB, 16384 MiB, 56.10 W, 53
2026/09/15 04:55:14.079, 0 %, 0 %, 6928 MiB, 16384 MiB, 44.00 W, 52
2026/09/15 04:55:15.083, 0 %, 0 %, 6928 MiB, 16384 MiB, 43.97 W, 52
2026/09/15 04:55:16.086, 0 %, 0 %, 6928 MiB, 16384 MiB, 43.89 W, 52
2026/09/15 04:55:17.089, 0 %, 0 %, 6928 MiB, 16384 MiB, 43.64 W, 52
2026/09/15 04:55:18.092, 0 %, 0 %, 6928 MiB, 16384 MiB, 43.96 W, 52
2026/09/15 04:55:19.095, 0 %, 0 %, 6928 MiB, 16384 MiB, 43.78 W, 52
2026/09/15 04:55:20.098, 0 %, 0 %, 6928 MiB, 16384 MiB, 44.06 W, 52
2026/09/15 04:55:21.101, 0 %, 0 %, 6928 MiB, 16384 MiB, 43.88 W, 52
2026/09/15 04:55:22.104, 0 %, 0 %, 6928 MiB, 16384 MiB, 43.94 W, 52
2026/09/15 04:55:23.107, 0 %, 0 %, 6928 MiB, 16384 MiB, 44.12 W, 52
2026/09/15 04:55:24.110, 0 %, 0 %, 6928 MiB, 16384 MiB, 44.21 W, 52
2026/09/15 04:55:25.113, 0 %, 0 %, 6928 MiB, 16384 MiB, 44.23 W, 52
2026/09/15 04:55:26.116, 0 %, 0 %, 6928 MiB, 16384 MiB, 44.12 W, 52
2026/09/15 04:55:27.119, 0 %, 0 %, 6928 MiB, 16384 MiB, 43.69 W, 52
2026/09/15 04:55:28.122, 0 %, 0 %, 6928 MiB, 16384 MiB, 44.28 W, 52
2026/09/15 04:55:29.125, 0 %, 0 %, 6928 MiB, 16384 MiB, 8.33 W, 51
2026/09/15 04:55:30.129, 0 %, 0 %, 6928 MiB, 16384 MiB, 7.45 W, 50
2026/09/15 04:55:31.138, 0 %, 0 %, 6928 MiB, 16384 MiB, 7.24 W, 50
2026/09/15 04:55:32.144, 0 %, 0 %, 6928 MiB, 16384 MiB, 7.28 W, 50
2026/09/15 04:55:33.149, 0 %, 0 %, 6928 MiB, 16384 MiB, 7.35 W, 50
2026/09/15 04:55:34.154, 0 %, 0 %, 6928 MiB, 16384 MiB, 7.76 W, 49
2026/09/15 04:55:35.159, 0 %, 0 %, 6928 MiB, 16384 MiB, 7.81 W, 49
2026/09/15 04:55:36.164, 0 %, 0 %, 6928 MiB, 16384 MiB, 7.69 W, 49
2026/09/15 04:55:37.169, 0 %, 0 %, 6928 MiB, 16384 MiB, 7.69 W, 49
2026/09/15 04:55:38.174, 0 %, 0 %, 6928 MiB, 16384 MiB, 7.67 W, 49
2026/09/15 04:55:39.179, 0 %, 0 %, 6928 MiB, 16384 MiB, 7.51 W, 49
2026/09/15 04:55:40.184, 0 %, 0 %, 6928 MiB, 16384 MiB, 7.62 W, 48
2026/09/15 04:55:41.189, 0 %, 0 %, 6928 MiB, 16384 MiB, 7.33 W, 48
2026/09/15 04:55:42.194, 0 %, 0 %, 6928 MiB, 16384 MiB, 7.39 W, 48
2026/09/15 04:55:43.199, 0 %, 0 %, 6928 MiB, 16384 MiB, 7.32 W, 48
2026/09/15 04:55:44.203, 0 %, 0 %, 6928 MiB, 16384 MiB, 7.48 W, 48
2026/09/15 04:55:45.208, 0 %, 0 %, 6928 MiB, 16384 MiB, 8.74 W, 48
2026/09/15 04:55:46.213, 0 %, 0 %, 6928 MiB, 16384 MiB, 8.91 W, 48
2026/09/15 04:55:47.218, 0 %, 0 %, 6928 MiB, 16384 MiB, 7.26 W, 48
2026/09/15 04:55:48.222, 0 %, 0 %, 6928 MiB, 16384 MiB, 7.31 W, 48
2026/09/15 04:55:49.230, 0 %, 0 %, 6928 MiB, 16384 MiB, 7.08 W, 47
2026/09/15 04:55:50.236, 0 %, 0 %, 6928 MiB, 16384 MiB, 7.28 W, 47
2026/09/15 04:55:51.240, 0 %, 0 %, 6928 MiB, 16384 MiB, 7.03 W, 47
2026/09/15 04:55:52.245, 0 %, 0 %, 6928 MiB, 16384 MiB, 6.94 W, 47
2026/09/15 04:55:53.250, 0 %, 0 %, 6928 MiB, 16384 MiB, 6.85 W, 47
2026/09/15 04:55:54.255, 0 %, 0 %, 6928 MiB, 16384 MiB, 6.90 W, 47
2026/09/15 04:55:55.260, 0 %, 0 %, 6928 MiB, 16384 MiB, 6.91 W, 47
2026/09/15 04:55:56.265, 0 %, 0 %, 6928 MiB, 16384 MiB, 7.01 W, 47
2026/09/15 04:55:57.270, 0 %, 0 %, 6928 MiB, 16384 MiB, 7.00 W, 47
2026/09/15 04:55:58.276, 0 %, 0 %, 6928 MiB, 16384 MiB, 7.04 W, 47
2026/09/15 04:55:59.281, 0 %, 0 %, 6928 MiB, 16384 MiB, 7.10 W, 46
2026/09/15 04:56:00.286, 0 %, 0 %, 6928 MiB, 16384 MiB, 7.30 W, 46
2026/09/15 04:56:01.290, 0 %, 0 %, 6928 MiB, 16384 MiB, 7.35 W, 46
2026/09/15 04:56:02.295, 0 %, 0 %, 6928 MiB, 16384 MiB, 7.41 W, 46
2026/09/15 04:56:03.300, 0 %, 0 %, 6928 MiB, 16384 MiB, 7.24 W, 46
2026/09/15 04:56:04.305, 0 %, 0 %, 6928 MiB, 16384 MiB, 8.21 W, 46
2026/09/15 04:56:05.309, 0 %, 0 %, 6928 MiB, 16384 MiB, 8.65 W, 46
2026/09/15 04:56:06.314, 0 %, 0 %, 6928 MiB, 16384 MiB, 7.24 W, 46
2026/09/15 04:56:07.320, 0 %, 0 %, 6928 MiB, 16384 MiB, 7.14 W, 46
2026/09/15 04:56:08.325, 0 %, 0 %, 6928 MiB, 16384 MiB, 7.19 W, 46
2026/09/15 04:56:09.330, 0 %, 0 %, 6928 MiB, 16384 MiB, 7.29 W, 46
2026/09/15 04:56:10.335, 0 %, 0 %, 6928 MiB, 16384 MiB, 7.24 W, 46
2026/09/15 04:56:11.340, 0 %, 0 %, 6928 MiB, 16384 MiB, 7.32 W, 45
2026/09/15 04:56:12.345, 0 %, 0 %, 6928 MiB, 16384 MiB, 7.15 W, 45
2026/09/15 04:56:13.349, 0 %, 0 %, 6928 MiB, 16384 MiB, 7.06 W, 45
2026/09/15 04:56:14.363, 0 %, 0 %, 6928 MiB, 16384 MiB, 7.02 W, 45
2026/09/15 04:56:15.368, 0 %, 0 %, 6928 MiB, 16384 MiB, 7.17 W, 45
2026/09/15 04:56:16.373, 0 %, 0 %, 6928 MiB, 16384 MiB, 7.22 W, 45
2026/09/15 04:56:17.378, 0 %, 0 %, 6928 MiB, 16384 MiB, 7.05 W, 45
2026/09/15 04:56:18.383, 0 %, 0 %, 6928 MiB, 16384 MiB, 7.24 W, 45
2026/09/15 04:56:19.387, 0 %, 0 %, 6928 MiB, 16384 MiB, 7.13 W, 45
2026/09/15 04:56:20.392, 0 %, 0 %, 6928 MiB, 16384 MiB, 7.34 W, 45
2026/09/15 04:56:21.397, 0 %, 0 %, 6928 MiB, 16384 MiB, 8.65 W, 45
2026/09/15 04:56:22.402, 0 %, 0 %, 6928 MiB, 16384 MiB, 7.59 W, 45
2026/09/15 04:56:23.407, 0 %, 0 %, 6928 MiB, 16384 MiB, 7.10 W, 45
2026/09/15 04:56:24.414, 1 %, 0 %, 6928 MiB, 16384 MiB, 7.67 W, 45
2026/09/15 04:56:25.419, 0 %, 0 %, 6928 MiB, 16384 MiB, 7.54 W, 44
2026/09/15 04:56:26.424, 0 %, 0 %, 6928 MiB, 16384 MiB, 7.43 W, 45
2026/09/15 04:56:27.429, 0 %, 0 %, 6928 MiB, 16384 MiB, 7.33 W, 44
2026/09/15 04:56:28.434, 0 %, 0 %, 6928 MiB, 16384 MiB, 7.48 W, 44
2026/09/15 04:56:29.439, 0 %, 0 %, 6928 MiB, 16384 MiB, 7.68 W, 44
2026/09/15 04:56:30.444, 0 %, 0 %, 6928 MiB, 16384 MiB, 7.68 W, 44
2026/09/15 04:56:31.449, 0 %, 0 %, 6928 MiB, 16384 MiB, 7.59 W, 44
2026/09/15 04:56:32.454, 0 %, 0 %, 6928 MiB, 16384 MiB, 7.28 W, 44
2026/09/15 04:56:33.459, 0 %, 0 %, 6928 MiB, 16384 MiB, 7.36 W, 44
2026/09/15 04:56:34.464, 0 %, 0 %, 6928 MiB, 16384 MiB, 7.91 W, 44
2026/09/15 04:56:35.468, 0 %, 0 %, 6928 MiB, 16384 MiB, 7.77 W, 44
2026/09/15 04:56:36.473, 0 %, 0 %, 6928 MiB, 16384 MiB, 7.80 W, 44
2026/09/15 04:56:37.478, 0 %, 0 %, 6928 MiB, 16384 MiB, 7.65 W, 44
2026/09/15 04:56:38.483, 0 %, 0 %, 6928 MiB, 16384 MiB, 7.55 W, 44
2026/09/15 04:56:39.487, 0 %, 0 %, 6928 MiB, 16384 MiB, 7.20 W, 44
2026/09/15 04:56:40.492, 0 %, 0 %, 6928 MiB, 16384 MiB, 8.58 W, 44
2026/09/15 04:56:41.496, 0 %, 0 %, 6928 MiB, 16384 MiB, 7.16 W, 44
2026/09/15 04:56:42.505, 0 %, 0 %, 6928 MiB, 16384 MiB, 7.28 W, 44
2026/09/15 04:56:43.510, 0 %, 0 %, 6928 MiB, 16384 MiB, 7.50 W, 44
2026/09/15 04:56:44.515, 0 %, 0 %, 6928 MiB, 16384 MiB, 7.42 W, 43
2026/09/15 04:56:45.520, 0 %, 0 %, 6928 MiB, 16384 MiB, 7.52 W, 44
2026/09/15 04:56:46.525, 0 %, 0 %, 6928 MiB, 16384 MiB, 11.09 W, 43
2026/09/15 04:56:47.529, 0 %, 0 %, 6928 MiB, 16384 MiB, 7.55 W, 43
2026/09/15 04:56:48.534, 0 %, 0 %, 6928 MiB, 16384 MiB, 7.81 W, 43
2026/09/15 04:56:49.539, 0 %, 0 %, 6928 MiB, 16384 MiB, 7.70 W, 43
2026/09/15 04:56:50.544, 0 %, 0 %, 6928 MiB, 16384 MiB, 7.79 W, 43
2026/09/15 04:56:51.549, 0 %, 0 %, 6928 MiB, 16384 MiB, 7.80 W, 43
2026/09/15 04:56:52.554, 0 %, 0 %, 6928 MiB, 16384 MiB, 7.59 W, 43
2026/09/15 04:56:53.559, 0 %, 0 %, 6928 MiB, 16384 MiB, 7.54 W, 43
2026/09/15 04:56:54.564, 0 %, 0 %, 6928 MiB, 16384 MiB, 7.31 W, 43
2026/09/15 04:56:55.569, 0 %, 0 %, 6928 MiB, 16384 MiB, 7.31 W, 43
2026/09/15 04:56:56.573, 0 %, 0 %, 6928 MiB, 16384 MiB, 7.46 W, 43
2026/09/15 04:56:57.578, 0 %, 0 %, 6928 MiB, 16384 MiB, 8.60 W, 43
2026/09/15 04:56:58.583, 0 %, 0 %, 6928 MiB, 16384 MiB, 8.53 W, 43
2026/09/15 04:56:59.588, 0 %, 0 %, 6928 MiB, 16384 MiB, 7.26 W, 43
2026/09/15 04:57:00.592, 0 %, 0 %, 6928 MiB, 16384 MiB, 7.37 W, 43
2026/09/15 04:57:01.597, 0 %, 0 %, 6928 MiB, 16384 MiB, 7.35 W, 43
2026/09/15 04:57:02.602, 0 %, 0 %, 6928 MiB, 16384 MiB, 7.37 W, 43
2026/09/15 04:57:03.607, 0 %, 0 %, 6928 MiB, 16384 MiB, 7.41 W, 43
2026/09/15 04:57:04.612, 0 %, 0 %, 6928 MiB, 16384 MiB, 7.39 W, 43
2026/09/15 04:57:05.617, 0 %, 0 %, 6928 MiB, 16384 MiB, 7.32 W, 43
2026/09/15 04:57:06.622, 0 %, 0 %, 6928 MiB, 16384 MiB, 7.21 W, 43
2026/09/15 04:57:07.627, 0 %, 0 %, 6928 MiB, 16384 MiB, 7.10 W, 43
2026/09/15 04:57:08.632, 0 %, 0 %, 6928 MiB, 16384 MiB, 7.17 W, 42
2026/09/15 04:57:09.637, 0 %, 0 %, 6928 MiB, 16384 MiB, 7.23 W, 42
2026/09/15 04:57:10.641, 0 %, 0 %, 6928 MiB, 16384 MiB, 7.31 W, 42
2026/09/15 04:57:11.646, 0 %, 0 %, 6928 MiB, 16384 MiB, 7.42 W, 42
2026/09/15 04:57:12.651, 0 %, 0 %, 6928 MiB, 16384 MiB, 7.35 W, 42
2026/09/15 04:57:13.656, 0 %, 0 %, 6928 MiB, 16384 MiB, 7.22 W, 42
2026/09/15 04:57:14.660, 1 %, 0 %, 6928 MiB, 16384 MiB, 7.30 W, 42
2026/09/15 04:57:15.665, 0 %, 0 %, 6928 MiB, 16384 MiB, 8.69 W, 42
2026/09/15 04:57:16.670, 0 %, 0 %, 6928 MiB, 16384 MiB, 7.15 W, 42
2026/09/15 04:57:17.674, 0 %, 0 %, 6928 MiB, 16384 MiB, 7.20 W, 42
2026/09/15 04:57:18.679, 0 %, 0 %, 6928 MiB, 16384 MiB, 7.15 W, 42
2026/09/15 04:57:19.693, 0 %, 0 %, 6928 MiB, 16384 MiB, 7.31 W, 42
2026/09/15 04:57:20.698, 0 %, 0 %, 6928 MiB, 16384 MiB, 7.31 W, 42
2026/09/15 04:57:21.703, 1 %, 0 %, 6928 MiB, 16384 MiB, 7.13 W, 42
2026/09/15 04:57:22.708, 0 %, 0 %, 6928 MiB, 16384 MiB, 7.28 W, 42
2026/09/15 04:57:23.713, 0 %, 0 %, 6928 MiB, 16384 MiB, 7.47 W, 42
2026/09/15 04:57:24.717, 0 %, 0 %, 6928 MiB, 16384 MiB, 7.41 W, 42
2026/09/15 04:57:25.722, 0 %, 0 %, 6928 MiB, 16384 MiB, 7.57 W, 42
2026/09/15 04:57:26.727, 0 %, 0 %, 6928 MiB, 16384 MiB, 7.62 W, 42
2026/09/15 04:57:27.732, 0 %, 0 %, 6928 MiB, 16384 MiB, 7.48 W, 42
2026/09/15 04:57:28.737, 0 %, 0 %, 6928 MiB, 16384 MiB, 7.43 W, 42
2026/09/15 04:57:29.741, 0 %, 0 %, 6928 MiB, 16384 MiB, 7.26 W, 42
2026/09/15 04:57:30.746, 0 %, 0 %, 6928 MiB, 16384 MiB, 7.10 W, 42
2026/09/15 04:57:31.751, 0 %, 0 %, 6928 MiB, 16384 MiB, 7.04 W, 42
2026/09/15 04:57:32.755, 0 %, 0 %, 6928 MiB, 16384 MiB, 7.05 W, 42
2026/09/15 04:57:33.760, 0 %, 0 %, 6928 MiB, 16384 MiB, 7.32 W, 42
2026/09/15 04:57:34.765, 0 %, 0 %, 6928 MiB, 16384 MiB, 8.53 W, 42
2026/09/15 04:57:35.769, 0 %, 0 %, 6928 MiB, 16384 MiB, 7.88 W, 42
2026/09/15 04:57:36.774, 0 %, 0 %, 6928 MiB, 16384 MiB, 7.08 W, 41
2026/09/15 04:57:37.779, 0 %, 0 %, 6928 MiB, 16384 MiB, 7.14 W, 41
2026/09/15 04:57:38.784, 0 %, 0 %, 6928 MiB, 16384 MiB, 7.05 W, 41
2026/09/15 04:57:39.789, 0 %, 0 %, 6928 MiB, 16384 MiB, 6.86 W, 41
2026/09/15 04:57:40.793, 0 %, 0 %, 6928 MiB, 16384 MiB, 6.92 W, 41
2026/09/15 04:57:41.798, 0 %, 0 %, 6928 MiB, 16384 MiB, 6.94 W, 41
2026/09/15 04:57:42.803, 0 %, 0 %, 6928 MiB, 16384 MiB, 6.99 W, 41
2026/09/15 04:57:43.808, 0 %, 0 %, 6928 MiB, 16384 MiB, 7.07 W, 41
2026/09/15 04:57:44.812, 0 %, 0 %, 6928 MiB, 16384 MiB, 7.03 W, 41
2026/09/15 04:57:45.817, 0 %, 0 %, 6928 MiB, 16384 MiB, 7.08 W, 41
2026/09/15 04:57:46.822, 0 %, 0 %, 6928 MiB, 16384 MiB, 7.01 W, 41
2026/09/15 04:57:47.827, 0 %, 0 %, 6928 MiB, 16384 MiB, 7.05 W, 41
2026/09/15 04:57:48.831, 0 %, 0 %, 6928 MiB, 16384 MiB, 7.11 W, 41
2026/09/15 04:57:49.836, 0 %, 0 %, 6928 MiB, 16384 MiB, 7.07 W, 41
2026/09/15 04:57:50.841, 0 %, 0 %, 6928 MiB, 16384 MiB, 6.94 W, 41
2026/09/15 04:57:51.846, 0 %, 0 %, 6928 MiB, 16384 MiB, 8.36 W, 41
2026/09/15 04:57:52.850, 0 %, 0 %, 6928 MiB, 16384 MiB, 6.95 W, 41
2026/09/15 04:57:53.855, 0 %, 0 %, 6928 MiB, 16384 MiB, 7.10 W, 41
2026/09/15 04:57:54.864, 0 %, 0 %, 6928 MiB, 16384 MiB, 7.15 W, 41
2026/09/15 04:57:55.868, 0 %, 0 %, 6928 MiB, 16384 MiB, 7.10 W, 41
2026/09/15 04:57:56.873, 0 %, 0 %, 6928 MiB, 16384 MiB, 7.28 W, 41
2026/09/15 04:57:57.878, 0 %, 0 %, 6928 MiB, 16384 MiB, 7.20 W, 41
2026/09/15 04:57:58.883, 0 %, 0 %, 6928 MiB, 16384 MiB, 6.98 W, 41
2026/09/15 04:57:59.888, 0 %, 0 %, 6928 MiB, 16384 MiB, 7.14 W, 41
2026/09/15 04:58:00.893, 0 %, 0 %, 6928 MiB, 16384 MiB, 7.02 W, 41
2026/09/15 04:58:01.897, 0 %, 0 %, 6928 MiB, 16384 MiB, 7.02 W, 41
2026/09/15 04:58:02.902, 0 %, 0 %, 6928 MiB, 16384 MiB, 6.98 W, 41
2026/09/15 04:58:03.907, 0 %, 0 %, 6928 MiB, 16384 MiB, 7.18 W, 41
2026/09/15 04:58:04.912, 0 %, 0 %, 6928 MiB, 16384 MiB, 7.13 W, 41
2026/09/15 04:58:05.917, 0 %, 0 %, 6928 MiB, 16384 MiB, 6.96 W, 41
2026/09/15 04:58:06.922, 0 %, 0 %, 6928 MiB, 16384 MiB, 6.97 W, 41
2026/09/15 04:58:07.927, 0 %, 0 %, 6928 MiB, 16384 MiB, 7.01 W, 41
2026/09/15 04:58:08.932, 0 %, 0 %, 6928 MiB, 16384 MiB, 7.22 W, 41
2026/09/15 04:58:09.936, 0 %, 0 %, 6928 MiB, 16384 MiB, 7.28 W, 41
2026/09/15 04:58:10.941, 0 %, 0 %, 6928 MiB, 16384 MiB, 8.60 W, 41
2026/09/15 04:58:11.946, 1 %, 0 %, 6928 MiB, 16384 MiB, 7.59 W, 41
2026/09/15 04:58:12.951, 0 %, 0 %, 6928 MiB, 16384 MiB, 7.17 W, 40
2026/09/15 04:58:13.955, 0 %, 0 %, 6928 MiB, 16384 MiB, 6.88 W, 40
2026/09/15 04:58:14.961, 0 %, 0 %, 6928 MiB, 16384 MiB, 6.95 W, 41
2026/09/15 04:58:15.966, 0 %, 0 %, 6928 MiB, 16384 MiB, 6.64 W, 40
2026/09/15 04:58:16.970, 0 %, 0 %, 6928 MiB, 16384 MiB, 6.84 W, 40
2026/09/15 04:58:17.975, 0 %, 0 %, 6928 MiB, 16384 MiB, 6.79 W, 40
2026/09/15 04:58:18.980, 0 %, 0 %, 6928 MiB, 16384 MiB, 7.41 W, 40
2026/09/15 04:58:19.985, 0 %, 0 %, 6928 MiB, 16384 MiB, 7.06 W, 40
2026/09/15 04:58:20.990, 0 %, 0 %, 6928 MiB, 16384 MiB, 7.24 W, 40
2026/09/15 04:58:21.995, 0 %, 0 %, 6928 MiB, 16384 MiB, 7.16 W, 40
2026/09/15 04:58:23.000, 0 %, 0 %, 6928 MiB, 16384 MiB, 7.08 W, 40
2026/09/15 04:58:24.005, 0 %, 0 %, 6928 MiB, 16384 MiB, 7.09 W, 40
2026/09/15 04:58:25.010, 0 %, 0 %, 6928 MiB, 16384 MiB, 7.03 W, 40
2026/09/15 04:58:26.015, 0 %, 0 %, 6928 MiB, 16384 MiB, 7.23 W, 40
2026/09/15 04:58:27.020, 0 %, 0 %, 6928 MiB, 16384 MiB, 7.03 W, 40
2026/09/15 04:58:28.025, 0 %, 0 %, 6928 MiB, 16384 MiB, 7.63 W, 40
2026/09/15 04:58:29.029, 0 %, 0 %, 6928 MiB, 16384 MiB, 8.41 W, 40
2026/09/15 04:58:30.034, 0 %, 0 %, 6928 MiB, 16384 MiB, 6.93 W, 40
2026/09/15 04:58:31.039, 0 %, 0 %, 6928 MiB, 16384 MiB, 6.79 W, 40
2026/09/15 04:58:32.044, 0 %, 0 %, 6928 MiB, 16384 MiB, 6.78 W, 40
2026/09/15 04:58:33.049, 0 %, 0 %, 6928 MiB, 16384 MiB, 6.75 W, 40
2026/09/15 04:58:34.058, 0 %, 0 %, 6928 MiB, 16384 MiB, 6.82 W, 40
2026/09/15 04:58:35.063, 0 %, 0 %, 6928 MiB, 16384 MiB, 6.78 W, 40
2026/09/15 04:58:36.068, 0 %, 0 %, 6928 MiB, 16384 MiB, 7.08 W, 40
2026/09/15 04:58:37.072, 0 %, 0 %, 6928 MiB, 16384 MiB, 7.09 W, 40
2026/09/15 04:58:38.077, 0 %, 0 %, 6928 MiB, 16384 MiB, 7.34 W, 40
2026/09/15 04:58:39.082, 0 %, 0 %, 6928 MiB, 16384 MiB, 7.15 W, 40
2026/09/15 04:58:40.087, 0 %, 0 %, 6928 MiB, 16384 MiB, 7.31 W, 40
2026/09/15 04:58:41.092, 0 %, 0 %, 6928 MiB, 16384 MiB, 7.08 W, 40
2026/09/15 04:58:42.096, 0 %, 0 %, 6928 MiB, 16384 MiB, 6.95 W, 40
2026/09/15 04:58:43.101, 0 %, 0 %, 6928 MiB, 16384 MiB, 7.01 W, 40
2026/09/15 04:58:44.106, 0 %, 0 %, 6928 MiB, 16384 MiB, 7.05 W, 40
2026/09/15 04:58:45.111, 32 %, 1 %, 6928 MiB, 16384 MiB, 55.01 W, 42
2026/09/15 04:58:46.113, 0 %, 0 %, 6928 MiB, 16384 MiB, 55.95 W, 43
2026/09/15 04:58:47.118, 0 %, 0 %, 6928 MiB, 16384 MiB, 41.25 W, 43
2026/09/15 04:58:48.120, 100 %, 4 %, 6928 MiB, 16384 MiB, 57.05 W, 44
2026/09/15 04:58:49.123, 100 %, 4 %, 6928 MiB, 16384 MiB, 57.61 W, 44
2026/09/15 04:58:50.125, 100 %, 4 %, 6928 MiB, 16384 MiB, 57.31 W, 44
2026/09/15 04:58:51.127, 99 %, 4 %, 6928 MiB, 16384 MiB, 57.67 W, 44
2026/09/15 04:58:52.592, 100 %, 4 %, 6928 MiB, 16384 MiB, 57.79 W, 45
2026/09/15 04:58:53.595, 100 %, 4 %, 6928 MiB, 16384 MiB, 57.84 W, 45
2026/09/15 04:58:54.597, 100 %, 4 %, 6928 MiB, 16384 MiB, 57.84 W, 45
2026/09/15 04:58:55.599, 100 %, 4 %, 6928 MiB, 16384 MiB, 57.63 W, 45
2026/09/15 04:58:56.602, 100 %, 4 %, 6928 MiB, 16384 MiB, 59.24 W, 45
2026/09/15 04:58:57.604, 100 %, 4 %, 6928 MiB, 16384 MiB, 59.36 W, 45
2026/09/15 04:58:58.606, 0 %, 0 %, 6928 MiB, 16384 MiB, 55.37 W, 45
2026/09/15 04:58:59.609, 1 %, 0 %, 6928 MiB, 16384 MiB, 55.37 W, 46
2026/09/15 04:59:00.611, 1 %, 0 %, 6928 MiB, 16384 MiB, 41.33 W, 45
2026/09/15 04:59:01.615, 3 %, 0 %, 6928 MiB, 16384 MiB, 41.85 W, 45
2026/09/15 04:59:02.619, 0 %, 0 %, 6928 MiB, 16384 MiB, 41.64 W, 45
2026/09/15 04:59:03.622, 19 %, 1 %, 6928 MiB, 16384 MiB, 42.01 W, 45
2026/09/15 04:59:04.625, 21 %, 1 %, 6928 MiB, 16384 MiB, 42.18 W, 45
2026/09/15 04:59:05.629, 13 %, 0 %, 6928 MiB, 16384 MiB, 41.72 W, 45
2026/09/15 04:59:06.633, 10 %, 0 %, 6928 MiB, 16384 MiB, 41.74 W, 45
2026/09/15 04:59:07.636, 16 %, 1 %, 6928 MiB, 16384 MiB, 41.39 W, 45
2026/09/15 04:59:08.640, 10 %, 0 %, 6928 MiB, 16384 MiB, 41.66 W, 45
2026/09/15 04:59:09.643, 11 %, 0 %, 6928 MiB, 16384 MiB, 42.07 W, 45
2026/09/15 04:59:10.647, 0 %, 0 %, 6928 MiB, 16384 MiB, 41.57 W, 45
2026/09/15 04:59:11.650, 0 %, 0 %, 6928 MiB, 16384 MiB, 41.30 W, 45
2026/09/15 04:59:12.654, 1 %, 0 %, 6928 MiB, 16384 MiB, 41.28 W, 45
2026/09/15 04:59:13.658, 8 %, 0 %, 6928 MiB, 16384 MiB, 41.42 W, 45
2026/09/15 04:59:14.661, 1 %, 0 %, 6928 MiB, 16384 MiB, 41.46 W, 46
2026/09/15 04:59:15.665, 19 %, 1 %, 6928 MiB, 16384 MiB, 41.94 W, 46
2026/09/15 04:59:16.668, 1 %, 0 %, 6928 MiB, 16384 MiB, 41.98 W, 46
2026/09/15 04:59:17.672, 0 %, 0 %, 6928 MiB, 16384 MiB, 42.01 W, 46
2026/09/15 04:59:18.676, 0 %, 0 %, 6928 MiB, 16384 MiB, 41.69 W, 46
2026/09/15 04:59:19.679, 6 %, 0 %, 6928 MiB, 16384 MiB, 41.64 W, 46
2026/09/15 04:59:20.685, 0 %, 0 %, 6928 MiB, 16384 MiB, 41.57 W, 46
2026/09/15 04:59:21.687, 0 %, 0 %, 6928 MiB, 16384 MiB, 41.35 W, 46
2026/09/15 04:59:22.690, 19 %, 1 %, 6928 MiB, 16384 MiB, 42.16 W, 46
2026/09/15 04:59:23.693, 18 %, 1 %, 6928 MiB, 16384 MiB, 42.02 W, 46
2026/09/15 04:59:24.695, 12 %, 0 %, 6928 MiB, 16384 MiB, 41.90 W, 46
2026/09/15 04:59:25.699, 3 %, 0 %, 6928 MiB, 16384 MiB, 41.97 W, 46
2026/09/15 04:59:26.701, 13 %, 1 %, 6928 MiB, 16384 MiB, 42.19 W, 46
2026/09/15 04:59:27.705, 5 %, 0 %, 6928 MiB, 16384 MiB, 41.92 W, 46
2026/09/15 04:59:28.708, 1 %, 0 %, 6928 MiB, 16384 MiB, 42.17 W, 46
2026/09/15 04:59:29.711, 21 %, 1 %, 6928 MiB, 16384 MiB, 42.45 W, 46
2026/09/15 04:59:30.715, 0 %, 0 %, 6928 MiB, 16384 MiB, 41.50 W, 46
2026/09/15 04:59:31.718, 21 %, 1 %, 6928 MiB, 16384 MiB, 41.99 W, 46
2026/09/15 04:59:32.722, 0 %, 0 %, 6928 MiB, 16384 MiB, 41.64 W, 46
2026/09/15 04:59:33.725, 0 %, 0 %, 6928 MiB, 16384 MiB, 41.63 W, 46
2026/09/15 04:59:34.729, 0 %, 0 %, 6928 MiB, 16384 MiB, 42.11 W, 46
2026/09/15 04:59:35.732, 0 %, 0 %, 6928 MiB, 16384 MiB, 42.21 W, 47
2026/09/15 04:59:36.734, 22 %, 1 %, 6928 MiB, 16384 MiB, 42.76 W, 47
2026/09/15 04:59:37.737, 20 %, 1 %, 6928 MiB, 16384 MiB, 43.23 W, 47
2026/09/15 04:59:38.740, 0 %, 0 %, 6928 MiB, 16384 MiB, 42.52 W, 47
2026/09/15 04:59:39.742, 2 %, 0 %, 6928 MiB, 16384 MiB, 41.93 W, 47
2026/09/15 04:59:40.745, 0 %, 0 %, 6928 MiB, 16384 MiB, 41.83 W, 47
2026/09/15 04:59:41.747, 18 %, 1 %, 6928 MiB, 16384 MiB, 42.41 W, 47
2026/09/15 04:59:42.750, 0 %, 0 %, 6928 MiB, 16384 MiB, 42.20 W, 47
2026/09/15 04:59:43.752, 0 %, 0 %, 6928 MiB, 16384 MiB, 42.33 W, 47
2026/09/15 04:59:44.755, 0 %, 0 %, 6928 MiB, 16384 MiB, 42.16 W, 47
2026/09/15 04:59:45.757, 1 %, 0 %, 6928 MiB, 16384 MiB, 42.46 W, 47
2026/09/15 04:59:46.760, 0 %, 0 %, 6928 MiB, 16384 MiB, 42.18 W, 47
2026/09/15 04:59:47.762, 0 %, 0 %, 6928 MiB, 16384 MiB, 42.30 W, 47
2026/09/15 04:59:48.765, 0 %, 0 %, 6928 MiB, 16384 MiB, 42.52 W, 47
2026/09/15 04:59:49.767, 0 %, 0 %, 6928 MiB, 16384 MiB, 42.55 W, 47
2026/09/15 04:59:50.770, 19 %, 1 %, 6928 MiB, 16384 MiB, 42.79 W, 47
2026/09/15 04:59:51.772, 20 %, 1 %, 6928 MiB, 16384 MiB, 43.10 W, 47
2026/09/15 04:59:52.775, 10 %, 0 %, 6928 MiB, 16384 MiB, 42.60 W, 47
2026/09/15 04:59:53.778, 19 %, 1 %, 6928 MiB, 16384 MiB, 42.98 W, 47
2026/09/15 04:59:54.781, 0 %, 0 %, 6928 MiB, 16384 MiB, 42.23 W, 47
2026/09/15 04:59:55.784, 17 %, 1 %, 6928 MiB, 16384 MiB, 42.43 W, 47
2026/09/15 04:59:56.788, 3 %, 0 %, 6928 MiB, 16384 MiB, 42.40 W, 47
2026/09/15 04:59:57.792, 5 %, 0 %, 6928 MiB, 16384 MiB, 42.83 W, 47
2026/09/15 04:59:58.795, 0 %, 0 %, 6928 MiB, 16384 MiB, 42.76 W, 47
2026/09/15 04:59:59.799, 0 %, 0 %, 6928 MiB, 16384 MiB, 42.16 W, 47
2026/09/15 05:00:00.802, 0 %, 0 %, 6928 MiB, 16384 MiB, 42.44 W, 47
2026/09/15 05:00:01.805, 0 %, 0 %, 6928 MiB, 16384 MiB, 42.60 W, 48
2026/09/15 05:00:02.809, 0 %, 0 %, 6928 MiB, 16384 MiB, 42.27 W, 48
2026/09/15 05:00:03.812, 21 %, 1 %, 6928 MiB, 16384 MiB, 42.72 W, 48
2026/09/15 05:00:04.816, 19 %, 1 %, 6928 MiB, 16384 MiB, 42.78 W, 48
2026/09/15 05:00:05.820, 21 %, 1 %, 6928 MiB, 16384 MiB, 43.25 W, 48
2026/09/15 05:00:06.822, 0 %, 0 %, 6928 MiB, 16384 MiB, 42.31 W, 48
2026/09/15 05:00:07.825, 0 %, 0 %, 6928 MiB, 16384 MiB, 42.39 W, 48
2026/09/15 05:00:08.827, 14 %, 1 %, 6928 MiB, 16384 MiB, 43.15 W, 48
2026/09/15 05:00:09.830, 0 %, 0 %, 6928 MiB, 16384 MiB, 42.57 W, 48
2026/09/15 05:00:10.832, 20 %, 1 %, 6928 MiB, 16384 MiB, 43.07 W, 48
2026/09/15 05:00:11.835, 0 %, 0 %, 6928 MiB, 16384 MiB, 42.47 W, 48
2026/09/15 05:00:12.837, 0 %, 0 %, 6928 MiB, 16384 MiB, 42.56 W, 48
2026/09/15 05:00:13.840, 1 %, 0 %, 6928 MiB, 16384 MiB, 42.45 W, 48
2026/09/15 05:00:14.842, 0 %, 0 %, 6928 MiB, 16384 MiB, 42.47 W, 48
2026/09/15 05:00:15.845, 0 %, 0 %, 6928 MiB, 16384 MiB, 42.49 W, 48
2026/09/15 05:00:16.847, 0 %, 0 %, 6928 MiB, 16384 MiB, 42.56 W, 48
2026/09/15 05:00:17.850, 18 %, 1 %, 6928 MiB, 16384 MiB, 42.91 W, 48
2026/09/15 05:00:18.852, 21 %, 1 %, 6928 MiB, 16384 MiB, 43.52 W, 48
2026/09/15 05:00:19.855, 20 %, 1 %, 6928 MiB, 16384 MiB, 44.04 W, 48
2026/09/15 05:00:20.857, 17 %, 1 %, 6928 MiB, 16384 MiB, 42.83 W, 48
2026/09/15 05:00:21.860, 0 %, 0 %, 6928 MiB, 16384 MiB, 42.47 W, 48
2026/09/15 05:00:22.862, 4 %, 0 %, 6928 MiB, 16384 MiB, 42.78 W, 48
2026/09/15 05:00:23.865, 13 %, 1 %, 6928 MiB, 16384 MiB, 42.75 W, 48
2026/09/15 05:00:24.867, 0 %, 0 %, 6928 MiB, 16384 MiB, 42.53 W, 48
2026/09/15 05:00:25.871, 0 %, 0 %, 6928 MiB, 16384 MiB, 42.51 W, 48
2026/09/15 05:00:26.874, 0 %, 0 %, 6928 MiB, 16384 MiB, 42.40 W, 48
2026/09/15 05:00:27.877, 1 %, 0 %, 6928 MiB, 16384 MiB, 42.48 W, 48
2026/09/15 05:00:28.880, 0 %, 0 %, 6928 MiB, 16384 MiB, 42.58 W, 48
2026/09/15 05:00:29.884, 0 %, 0 %, 6928 MiB, 16384 MiB, 42.45 W, 48
2026/09/15 05:00:30.887, 0 %, 0 %, 6928 MiB, 16384 MiB, 42.45 W, 48
2026/09/15 05:00:31.891, 0 %, 0 %, 6928 MiB, 16384 MiB, 42.58 W, 48
2026/09/15 05:00:32.895, 0 %, 0 %, 6928 MiB, 16384 MiB, 42.75 W, 48
2026/09/15 05:00:33.898, 2 %, 0 %, 6928 MiB, 16384 MiB, 42.62 W, 48
2026/09/15 05:00:34.901, 21 %, 1 %, 6928 MiB, 16384 MiB, 42.95 W, 48
2026/09/15 05:00:35.906, 20 %, 1 %, 6928 MiB, 16384 MiB, 43.27 W, 49
2026/09/15 05:00:36.910, 21 %, 1 %, 6928 MiB, 16384 MiB, 43.10 W, 49
2026/09/15 05:00:37.912, 0 %, 0 %, 6928 MiB, 16384 MiB, 42.61 W, 49
2026/09/15 05:00:38.915, 0 %, 0 %, 6928 MiB, 16384 MiB, 42.36 W, 49
2026/09/15 05:00:39.917, 0 %, 0 %, 6928 MiB, 16384 MiB, 43.32 W, 49
2026/09/15 05:00:40.920, 0 %, 0 %, 6928 MiB, 16384 MiB, 43.55 W, 49
2026/09/15 05:00:41.922, 0 %, 0 %, 6928 MiB, 16384 MiB, 42.90 W, 49
2026/09/15 05:00:42.927, 1 %, 0 %, 6928 MiB, 16384 MiB, 42.81 W, 49
2026/09/15 05:00:43.929, 0 %, 0 %, 6928 MiB, 16384 MiB, 42.71 W, 49
2026/09/15 05:00:44.932, 0 %, 0 %, 6928 MiB, 16384 MiB, 42.97 W, 49
2026/09/15 05:00:45.935, 14 %, 1 %, 6928 MiB, 16384 MiB, 43.24 W, 49
2026/09/15 05:00:46.937, 20 %, 1 %, 6928 MiB, 16384 MiB, 43.19 W, 49
2026/09/15 05:00:47.940, 21 %, 1 %, 6928 MiB, 16384 MiB, 43.52 W, 49
2026/09/15 05:00:48.942, 20 %, 1 %, 6928 MiB, 16384 MiB, 43.83 W, 49
2026/09/15 05:00:49.945, 21 %, 1 %, 6928 MiB, 16384 MiB, 43.47 W, 49
2026/09/15 05:00:50.947, 0 %, 0 %, 6928 MiB, 16384 MiB, 42.95 W, 49
2026/09/15 05:00:51.950, 0 %, 0 %, 6928 MiB, 16384 MiB, 42.95 W, 49
2026/09/15 05:00:52.952, 0 %, 0 %, 6928 MiB, 16384 MiB, 43.03 W, 49
2026/09/15 05:00:53.955, 1 %, 0 %, 6928 MiB, 16384 MiB, 42.46 W, 49
2026/09/15 05:00:54.957, 0 %, 0 %, 6928 MiB, 16384 MiB, 42.65 W, 49
2026/09/15 05:00:55.960, 0 %, 0 %, 6928 MiB, 16384 MiB, 42.82 W, 49
2026/09/15 05:00:56.962, 1 %, 0 %, 6928 MiB, 16384 MiB, 42.74 W, 49
2026/09/15 05:00:57.965, 0 %, 0 %, 6928 MiB, 16384 MiB, 42.74 W, 49
2026/09/15 05:00:58.967, 0 %, 0 %, 6928 MiB, 16384 MiB, 42.81 W, 49
2026/09/15 05:00:59.970, 1 %, 0 %, 6928 MiB, 16384 MiB, 42.86 W, 49
2026/09/15 05:01:00.973, 20 %, 1 %, 6928 MiB, 16384 MiB, 44.28 W, 49
2026/09/15 05:01:01.976, 20 %, 1 %, 6928 MiB, 16384 MiB, 44.09 W, 49
2026/09/15 05:01:02.980, 17 %, 1 %, 6928 MiB, 16384 MiB, 43.45 W, 49
2026/09/15 05:01:03.983, 22 %, 1 %, 6928 MiB, 16384 MiB, 43.53 W, 49
2026/09/15 05:01:04.986, 0 %, 0 %, 6928 MiB, 16384 MiB, 42.90 W, 49
2026/09/15 05:01:05.990, 20 %, 1 %, 6928 MiB, 16384 MiB, 43.37 W, 49
2026/09/15 05:01:06.993, 0 %, 0 %, 6928 MiB, 16384 MiB, 42.77 W, 49
2026/09/15 05:01:07.996, 1 %, 0 %, 6928 MiB, 16384 MiB, 42.77 W, 49
2026/09/15 05:01:08.999, 8 %, 0 %, 6928 MiB, 16384 MiB, 43.47 W, 49
2026/09/15 05:01:10.003, 13 %, 1 %, 6928 MiB, 16384 MiB, 42.90 W, 49
2026/09/15 05:01:11.006, 5 %, 0 %, 6928 MiB, 16384 MiB, 43.23 W, 49
2026/09/15 05:01:12.010, 0 %, 0 %, 6928 MiB, 16384 MiB, 43.06 W, 49
2026/09/15 05:01:13.013, 0 %, 0 %, 6928 MiB, 16384 MiB, 43.17 W, 49
2026/09/15 05:01:14.017, 1 %, 0 %, 6928 MiB, 16384 MiB, 43.05 W, 49
2026/09/15 05:01:15.021, 0 %, 0 %, 6928 MiB, 16384 MiB, 42.92 W, 49
2026/09/15 05:01:16.024, 20 %, 1 %, 6928 MiB, 16384 MiB, 43.00 W, 49
2026/09/15 05:01:17.027, 21 %, 1 %, 6928 MiB, 16384 MiB, 43.29 W, 49
2026/09/15 05:01:18.030, 9 %, 0 %, 6928 MiB, 16384 MiB, 42.96 W, 49
2026/09/15 05:01:19.033, 19 %, 1 %, 6928 MiB, 16384 MiB, 43.05 W, 49
2026/09/15 05:01:20.036, 1 %, 0 %, 6928 MiB, 16384 MiB, 42.90 W, 49
2026/09/15 05:01:21.040, 17 %, 1 %, 6928 MiB, 16384 MiB, 43.55 W, 49
2026/09/15 05:01:22.043, 0 %, 0 %, 6928 MiB, 16384 MiB, 43.12 W, 49
2026/09/15 05:01:23.046, 12 %, 0 %, 6928 MiB, 16384 MiB, 43.01 W, 49
2026/09/15 05:01:24.050, 0 %, 0 %, 6928 MiB, 16384 MiB, 42.71 W, 49
2026/09/15 05:01:25.053, 0 %, 0 %, 6928 MiB, 16384 MiB, 42.57 W, 49
2026/09/15 05:01:26.056, 1 %, 0 %, 6928 MiB, 16384 MiB, 42.76 W, 49
2026/09/15 05:01:27.060, 3 %, 0 %, 6928 MiB, 16384 MiB, 42.99 W, 49
2026/09/15 05:01:28.063, 1 %, 0 %, 6928 MiB, 16384 MiB, 42.69 W, 49
2026/09/15 05:01:29.066, 1 %, 0 %, 6928 MiB, 16384 MiB, 42.75 W, 49
2026/09/15 05:01:30.069, 20 %, 1 %, 6928 MiB, 16384 MiB, 43.32 W, 49
2026/09/15 05:01:31.072, 19 %, 1 %, 6928 MiB, 16384 MiB, 43.35 W, 50
2026/09/15 05:01:32.075, 20 %, 1 %, 6928 MiB, 16384 MiB, 43.44 W, 50
2026/09/15 05:01:33.078, 18 %, 1 %, 6928 MiB, 16384 MiB, 43.21 W, 50
2026/09/15 05:01:34.081, 1 %, 0 %, 6928 MiB, 16384 MiB, 42.51 W, 50
2026/09/15 05:01:35.085, 1 %, 0 %, 6928 MiB, 16384 MiB, 42.61 W, 50
2026/09/15 05:01:36.088, 6 %, 0 %, 6928 MiB, 16384 MiB, 43.30 W, 50
2026/09/15 05:01:37.091, 10 %, 0 %, 6928 MiB, 16384 MiB, 42.71 W, 50
2026/09/15 05:01:38.095, 8 %, 0 %, 6928 MiB, 16384 MiB, 42.92 W, 50
2026/09/15 05:01:39.098, 0 %, 0 %, 6928 MiB, 16384 MiB, 42.35 W, 50
2026/09/15 05:01:40.101, 0 %, 0 %, 6928 MiB, 16384 MiB, 42.49 W, 50
2026/09/15 05:01:41.105, 0 %, 0 %, 6928 MiB, 16384 MiB, 42.50 W, 50
2026/09/15 05:01:42.108, 0 %, 0 %, 6928 MiB, 16384 MiB, 43.18 W, 50
2026/09/15 05:01:43.111, 0 %, 0 %, 6928 MiB, 16384 MiB, 43.12 W, 50
2026/09/15 05:01:44.115, 5 %, 0 %, 6928 MiB, 16384 MiB, 42.77 W, 50
2026/09/15 05:01:45.118, 18 %, 1 %, 6928 MiB, 16384 MiB, 42.93 W, 50
2026/09/15 05:01:46.121, 0 %, 0 %, 6928 MiB, 16384 MiB, 42.66 W, 50
2026/09/15 05:01:47.123, 0 %, 0 %, 6928 MiB, 16384 MiB, 42.73 W, 50
2026/09/15 05:01:48.126, 0 %, 0 %, 6928 MiB, 16384 MiB, 42.87 W, 50
2026/09/15 05:01:49.128, 0 %, 0 %, 6928 MiB, 16384 MiB, 42.84 W, 50
2026/09/15 05:01:50.130, 0 %, 0 %, 5198 MiB, 16384 MiB, 42.78 W, 50
2026/09/15 05:01:51.133, 0 %, 0 %, 6872 MiB, 16384 MiB, 42.85 W, 50
2026/09/15 05:01:52.135, 0 %, 0 %, 6872 MiB, 16384 MiB, 42.79 W, 50
2026/09/15 05:01:53.138, 0 %, 0 %, 6872 MiB, 16384 MiB, 43.05 W, 50
2026/09/15 05:01:54.140, 0 %, 0 %, 6872 MiB, 16384 MiB, 42.94 W, 50
2026/09/15 05:01:55.142, 0 %, 0 %, 6872 MiB, 16384 MiB, 42.76 W, 50
2026/09/15 05:01:56.145, 0 %, 0 %, 6872 MiB, 16384 MiB, 43.24 W, 50
2026/09/15 05:01:57.147, 0 %, 0 %, 6872 MiB, 16384 MiB, 43.49 W, 50
2026/09/15 05:01:58.150, 39 %, 2 %, 6880 MiB, 16384 MiB, 45.66 W, 50
2026/09/15 05:01:59.152, 100 %, 31 %, 8950 MiB, 16384 MiB, 208.59 W, 54
2026/09/15 05:02:00.174, 100 %, 28 %, 8950 MiB, 16384 MiB, 120.70 W, 55
2026/09/15 05:02:01.177, 100 %, 73 %, 8950 MiB, 16384 MiB, 96.71 W, 53
2026/09/15 05:02:02.180, 100 %, 61 %, 8950 MiB, 16384 MiB, 188.35 W, 57
2026/09/15 05:02:03.183, 100 %, 19 %, 8950 MiB, 16384 MiB, 209.12 W, 57
2026/09/15 05:02:04.185, 100 %, 40 %, 8950 MiB, 16384 MiB, 73.90 W, 56
2026/09/15 05:02:05.188, 100 %, 82 %, 8950 MiB, 16384 MiB, 128.08 W, 55
2026/09/15 05:02:06.190, 100 %, 58 %, 8950 MiB, 16384 MiB, 186.91 W, 58
2026/09/15 05:02:07.193, 100 %, 24 %, 8950 MiB, 16384 MiB, 59.01 W, 58
2026/09/15 05:02:08.198, 100 %, 46 %, 8950 MiB, 16384 MiB, 145.18 W, 56
2026/09/15 05:02:09.200, 100 %, 83 %, 8950 MiB, 16384 MiB, 197.43 W, 58
2026/09/15 05:02:10.217, 100 %, 64 %, 8950 MiB, 16384 MiB, 199.16 W, 59
2026/09/15 05:02:11.220, 100 %, 21 %, 8950 MiB, 16384 MiB, 59.76 W, 59
2026/09/15 05:02:12.223, 100 %, 40 %, 8950 MiB, 16384 MiB, 131.95 W, 57
2026/09/15 05:02:13.225, 90 %, 74 %, 8950 MiB, 16384 MiB, 210.20 W, 60
2026/09/15 05:02:14.232, 2 %, 3 %, 8950 MiB, 16384 MiB, 58.68 W, 57
2026/09/15 05:02:15.236, 1 %, 2 %, 8950 MiB, 16384 MiB, 58.83 W, 57
2026/09/15 05:02:16.238, 57 %, 49 %, 8950 MiB, 16384 MiB, 148.22 W, 60
2026/09/15 05:02:17.241, 76 %, 61 %, 8950 MiB, 16384 MiB, 108.75 W, 58
2026/09/15 05:02:18.244, 10 %, 9 %, 8950 MiB, 16384 MiB, 59.02 W, 57
2026/09/15 05:02:19.246, 1 %, 2 %, 8950 MiB, 16384 MiB, 139.46 W, 61
2026/09/15 05:02:20.249, 63 %, 52 %, 8950 MiB, 16384 MiB, 135.22 W, 58
2026/09/15 05:02:21.251, 19 %, 17 %, 8950 MiB, 16384 MiB, 60.38 W, 58
2026/09/15 05:02:22.254, 1 %, 2 %, 8950 MiB, 16384 MiB, 118.29 W, 61
2026/09/15 05:02:23.256, 70 %, 58 %, 8950 MiB, 16384 MiB, 125.76 W, 59
2026/09/15 05:02:24.259, 16 %, 14 %, 8950 MiB, 16384 MiB, 59.80 W, 58
2026/09/15 05:02:25.261, 1 %, 3 %, 8950 MiB, 16384 MiB, 140.52 W, 61
2026/09/15 05:02:26.264, 77 %, 65 %, 8950 MiB, 16384 MiB, 108.68 W, 59
2026/09/15 05:02:27.267, 6 %, 6 %, 8950 MiB, 16384 MiB, 61.38 W, 59
2026/09/15 05:02:28.269, 1 %, 2 %, 8950 MiB, 16384 MiB, 156.30 W, 62
2026/09/15 05:02:29.272, 70 %, 56 %, 8950 MiB, 16384 MiB, 114.52 W, 60
2026/09/15 05:02:30.274, 8 %, 8 %, 8950 MiB, 16384 MiB, 61.56 W, 59
2026/09/15 05:02:31.277, 2 %, 3 %, 8950 MiB, 16384 MiB, 163.40 W, 62
2026/09/15 05:02:32.280, 79 %, 62 %, 8950 MiB, 16384 MiB, 95.11 W, 60
2026/09/15 05:02:33.282, 10 %, 9 %, 8950 MiB, 16384 MiB, 62.07 W, 60
2026/09/15 05:02:34.285, 1 %, 2 %, 8950 MiB, 16384 MiB, 149.75 W, 62
2026/09/15 05:02:35.289, 70 %, 61 %, 8950 MiB, 16384 MiB, 192.89 W, 61
2026/09/15 05:02:36.294, 22 %, 19 %, 8950 MiB, 16384 MiB, 61.95 W, 60
2026/09/15 05:02:37.298, 1 %, 2 %, 8950 MiB, 16384 MiB, 62.38 W, 62
2026/09/15 05:02:38.300, 62 %, 53 %, 8950 MiB, 16384 MiB, 194.14 W, 62
2026/09/15 05:02:39.303, 22 %, 19 %, 8950 MiB, 16384 MiB, 62.23 W, 61
2026/09/15 05:02:40.305, 1 %, 2 %, 8950 MiB, 16384 MiB, 62.45 W, 60
2026/09/15 05:02:41.307, 58 %, 42 %, 8950 MiB, 16384 MiB, 194.20 W, 63
2026/09/15 05:02:42.312, 25 %, 22 %, 8950 MiB, 16384 MiB, 63.83 W, 61
2026/09/15 05:02:43.315, 1 %, 2 %, 8950 MiB, 16384 MiB, 62.78 W, 61
2026/09/15 05:02:44.318, 50 %, 42 %, 8950 MiB, 16384 MiB, 204.59 W, 65
2026/09/15 05:02:45.321, 0 %, 0 %, 8950 MiB, 16384 MiB, 59.78 W, 61
2026/09/15 05:02:46.323, 0 %, 0 %, 8950 MiB, 16384 MiB, 55.29 W, 60
2026/09/15 05:02:47.326, 100 %, 10 %, 13710 MiB, 16384 MiB, 79.40 W, 61
2026/09/15 05:02:48.329, 100 %, 7 %, 13710 MiB, 16384 MiB, 78.68 W, 61
2026/09/15 05:02:49.331, 100 %, 7 %, 13710 MiB, 16384 MiB, 66.27 W, 61
2026/09/15 05:02:50.334, 100 %, 10 %, 13710 MiB, 16384 MiB, 79.58 W, 61
2026/09/15 05:02:51.336, 100 %, 7 %, 13710 MiB, 16384 MiB, 68.50 W, 61
2026/09/15 05:02:52.339, 100 %, 7 %, 13710 MiB, 16384 MiB, 77.21 W, 62
2026/09/15 05:02:53.341, 1 %, 2 %, 13710 MiB, 16384 MiB, 62.32 W, 61
2026/09/15 05:02:54.343, 1 %, 2 %, 13710 MiB, 16384 MiB, 57.01 W, 60
2026/09/15 05:02:55.348, 5 %, 4 %, 13710 MiB, 16384 MiB, 48.66 W, 60
2026/09/15 05:02:56.353, 5 %, 4 %, 13710 MiB, 16384 MiB, 48.24 W, 60
2026/09/15 05:02:57.356, 5 %, 5 %, 13710 MiB, 16384 MiB, 57.47 W, 60
2026/09/15 05:02:58.358, 1 %, 2 %, 13710 MiB, 16384 MiB, 47.90 W, 60
2026/09/15 05:02:59.361, 1 %, 2 %, 13710 MiB, 16384 MiB, 48.17 W, 60
2026/09/15 05:03:00.364, 1 %, 2 %, 13710 MiB, 16384 MiB, 48.41 W, 60
2026/09/15 05:03:01.367, 1 %, 2 %, 13710 MiB, 16384 MiB, 48.48 W, 59
2026/09/15 05:03:02.370, 5 %, 5 %, 13710 MiB, 16384 MiB, 48.85 W, 59
2026/09/15 05:03:03.373, 4 %, 4 %, 13710 MiB, 16384 MiB, 48.92 W, 59
2026/09/15 05:03:04.377, 5 %, 5 %, 13710 MiB, 16384 MiB, 57.87 W, 59
2026/09/15 05:03:05.379, 2 %, 3 %, 13710 MiB, 16384 MiB, 54.41 W, 59
2026/09/15 05:03:06.384, 1 %, 2 %, 13710 MiB, 16384 MiB, 48.47 W, 60
2026/09/15 05:03:07.387, 1 %, 2 %, 13710 MiB, 16384 MiB, 48.36 W, 59
2026/09/15 05:03:08.390, 1 %, 3 %, 13710 MiB, 16384 MiB, 48.38 W, 59
2026/09/15 05:03:09.392, 1 %, 2 %, 13710 MiB, 16384 MiB, 48.46 W, 59
2026/09/15 05:03:10.395, 5 %, 5 %, 13710 MiB, 16384 MiB, 48.39 W, 59
2026/09/15 05:03:11.398, 5 %, 4 %, 13710 MiB, 16384 MiB, 48.01 W, 59
2026/09/15 05:03:12.401, 5 %, 5 %, 13710 MiB, 16384 MiB, 57.33 W, 59
2026/09/15 05:03:13.403, 1 %, 2 %, 13710 MiB, 16384 MiB, 57.55 W, 59
2026/09/15 05:03:14.407, 1 %, 2 %, 13710 MiB, 16384 MiB, 48.27 W, 59
2026/09/15 05:03:15.409, 4 %, 0 %, 14160 MiB, 16384 MiB, 58.60 W, 59
2026/09/15 05:03:16.413, 20 %, 7 %, 15834 MiB, 16384 MiB, 140.84 W, 61
2026/09/15 05:03:17.415, 100 %, 23 %, 15834 MiB, 16384 MiB, 138.13 W, 61
2026/09/15 05:03:18.418, 100 %, 25 %, 15834 MiB, 16384 MiB, 130.18 W, 62
2026/09/15 05:03:19.420, 100 %, 28 %, 15834 MiB, 16384 MiB, 126.12 W, 62
2026/09/15 05:03:20.423, 100 %, 28 %, 15834 MiB, 16384 MiB, 122.44 W, 62
2026/09/15 05:03:21.426, 100 %, 32 %, 15834 MiB, 16384 MiB, 121.05 W, 63
2026/09/15 05:03:22.428, 100 %, 38 %, 15834 MiB, 16384 MiB, 114.14 W, 63
2026/09/15 05:03:23.430, 100 %, 44 %, 15834 MiB, 16384 MiB, 89.72 W, 63
2026/09/15 05:03:24.437, 100 %, 52 %, 15834 MiB, 16384 MiB, 61.38 W, 65
2026/09/15 05:03:25.444, 100 %, 62 %, 15834 MiB, 16384 MiB, 60.91 W, 64
2026/09/15 05:03:26.446, 100 %, 65 %, 15834 MiB, 16384 MiB, 59.54 W, 63
2026/09/15 05:03:27.449, 100 %, 66 %, 15834 MiB, 16384 MiB, 59.55 W, 63
2026/09/15 05:03:28.451, 100 %, 71 %, 15834 MiB, 16384 MiB, 73.91 W, 64
2026/09/15 05:03:29.455, 100 %, 79 %, 15834 MiB, 16384 MiB, 105.90 W, 64
2026/09/15 05:03:30.460, 100 %, 85 %, 15834 MiB, 16384 MiB, 131.82 W, 65
2026/09/15 05:03:31.463, 100 %, 82 %, 15834 MiB, 16384 MiB, 157.62 W, 65
2026/09/15 05:03:32.465, 100 %, 76 %, 15834 MiB, 16384 MiB, 184.57 W, 67
2026/09/15 05:03:33.468, 100 %, 69 %, 15834 MiB, 16384 MiB, 261.39 W, 68
2026/09/15 05:03:34.474, 100 %, 62 %, 15834 MiB, 16384 MiB, 247.37 W, 68
2026/09/15 05:03:35.480, 100 %, 46 %, 15834 MiB, 16384 MiB, 230.97 W, 69
2026/09/15 05:03:36.483, 100 %, 44 %, 15834 MiB, 16384 MiB, 207.39 W, 69
2026/09/15 05:03:37.486, 100 %, 32 %, 15834 MiB, 16384 MiB, 168.98 W, 69
2026/09/15 05:03:38.489, 100 %, 21 %, 15834 MiB, 16384 MiB, 130.93 W, 70
2026/09/15 05:03:39.496, 100 %, 15 %, 15834 MiB, 16384 MiB, 125.49 W, 70
2026/09/15 05:03:40.499, 100 %, 7 %, 15834 MiB, 16384 MiB, 125.57 W, 71
2026/09/15 05:03:41.502, 100 %, 3 %, 15834 MiB, 16384 MiB, 125.38 W, 70
2026/09/15 05:03:42.505, 100 %, 0 %, 15834 MiB, 16384 MiB, 125.71 W, 69
2026/09/15 05:03:43.507, 100 %, 0 %, 15834 MiB, 16384 MiB, 125.94 W, 68
2026/09/15 05:03:44.509, 100 %, 0 %, 15834 MiB, 16384 MiB, 125.90 W, 68
2026/09/15 05:03:45.511, 100 %, 0 %, 15834 MiB, 16384 MiB, 125.75 W, 68
2026/09/15 05:03:46.514, 100 %, 0 %, 15834 MiB, 16384 MiB, 126.19 W, 68
2026/09/15 05:03:47.516, 100 %, 0 %, 15834 MiB, 16384 MiB, 126.47 W, 68
2026/09/15 05:03:48.518, 100 %, 0 %, 15834 MiB, 16384 MiB, 125.90 W, 69
2026/09/15 05:03:49.521, 100 %, 0 %, 15834 MiB, 16384 MiB, 124.92 W, 69
2026/09/15 05:03:50.523, 100 %, 0 %, 15834 MiB, 16384 MiB, 124.53 W, 69
2026/09/15 05:03:51.525, 100 %, 0 %, 15834 MiB, 16384 MiB, 126.54 W, 69
2026/09/15 05:03:52.528, 100 %, 0 %, 15834 MiB, 16384 MiB, 124.50 W, 69
2026/09/15 05:03:53.530, 100 %, 0 %, 15834 MiB, 16384 MiB, 124.34 W, 69
2026/09/15 05:03:54.533, 100 %, 0 %, 15834 MiB, 16384 MiB, 124.21 W, 69
2026/09/15 05:03:55.535, 1 %, 2 %, 15834 MiB, 16384 MiB, 66.25 W, 67
2026/09/15 05:03:56.537, 100 %, 75 %, 15834 MiB, 16384 MiB, 167.17 W, 68
2026/09/15 05:03:57.540, 100 %, 0 %, 15834 MiB, 16384 MiB, 125.55 W, 69
2026/09/15 05:03:58.542, 1 %, 2 %, 15834 MiB, 16384 MiB, 124.47 W, 69
2026/09/15 05:03:59.544, 43 %, 37 %, 15834 MiB, 16384 MiB, 62.98 W, 68
2026/09/15 05:04:00.547, 100 %, 0 %, 15834 MiB, 16384 MiB, 127.08 W, 73
2026/09/15 05:04:01.555, 67 %, 8 %, 15834 MiB, 16384 MiB, 122.11 W, 69
2026/09/15 05:04:02.558, 1 %, 2 %, 15834 MiB, 16384 MiB, 67.22 W, 68
2026/09/15 05:04:03.560, 100 %, 12 %, 15834 MiB, 16384 MiB, 259.77 W, 72
2026/09/15 05:04:04.564, 100 %, 0 %, 15834 MiB, 16384 MiB, 123.80 W, 69
2026/09/15 05:04:05.566, 1 %, 2 %, 15834 MiB, 16384 MiB, 66.42 W, 71
2026/09/15 05:04:06.572, 90 %, 80 %, 15834 MiB, 16384 MiB, 96.37 W, 68
2026/09/15 05:04:07.574, 100 %, 0 %, 15834 MiB, 16384 MiB, 127.30 W, 70
2026/09/15 05:04:08.576, 43 %, 8 %, 15834 MiB, 16384 MiB, 113.40 W, 69
2026/09/15 05:04:09.579, 1 %, 2 %, 15834 MiB, 16384 MiB, 66.24 W, 68
2026/09/15 05:04:10.581, 100 %, 3 %, 15834 MiB, 16384 MiB, 238.80 W, 72
2026/09/15 05:04:11.584, 100 %, 0 %, 15834 MiB, 16384 MiB, 123.82 W, 69
2026/09/15 05:04:12.586, 1 %, 2 %, 15834 MiB, 16384 MiB, 66.58 W, 68
2026/09/15 05:04:13.589, 100 %, 75 %, 15834 MiB, 16384 MiB, 155.88 W, 69
2026/09/15 05:04:14.594, 100 %, 0 %, 15834 MiB, 16384 MiB, 125.48 W, 70
2026/09/15 05:04:15.598, 6 %, 5 %, 15834 MiB, 16384 MiB, 143.18 W, 69
2026/09/15 05:04:16.600, 30 %, 26 %, 15834 MiB, 16384 MiB, 64.95 W, 68
2026/09/15 05:04:17.602, 100 %, 0 %, 15834 MiB, 16384 MiB, 126.88 W, 72
2026/09/15 05:04:18.605, 80 %, 9 %, 15834 MiB, 16384 MiB, 110.22 W, 69
2026/09/15 05:04:19.607, 1 %, 2 %, 15834 MiB, 16384 MiB, 66.30 W, 68
2026/09/15 05:04:20.609, 100 %, 40 %, 15834 MiB, 16384 MiB, 220.92 W, 72
2026/09/15 05:04:21.617, 100 %, 0 %, 15834 MiB, 16384 MiB, 127.11 W, 70
2026/09/15 05:04:22.620, 1 %, 2 %, 15834 MiB, 16384 MiB, 66.14 W, 68
2026/09/15 05:04:23.622, 80 %, 72 %, 15834 MiB, 16384 MiB, 64.85 W, 69
2026/09/15 05:04:24.624, 100 %, 0 %, 15834 MiB, 16384 MiB, 127.56 W, 70
2026/09/15 05:04:25.627, 41 %, 9 %, 15834 MiB, 16384 MiB, 115.84 W, 69
2026/09/15 05:04:26.630, 1 %, 2 %, 15834 MiB, 16384 MiB, 66.45 W, 68
2026/09/15 05:04:27.632, 100 %, 0 %, 15834 MiB, 16384 MiB, 216.13 W, 73
2026/09/15 05:04:28.635, 100 %, 0 %, 15834 MiB, 16384 MiB, 125.47 W, 70
2026/09/15 05:04:29.637, 2 %, 3 %, 15834 MiB, 16384 MiB, 66.88 W, 68
2026/09/15 05:04:30.640, 100 %, 59 %, 15834 MiB, 16384 MiB, 247.81 W, 72
2026/09/15 05:04:31.645, 100 %, 0 %, 15834 MiB, 16384 MiB, 124.98 W, 70
2026/09/15 05:04:32.647, 2 %, 3 %, 15834 MiB, 16384 MiB, 66.82 W, 69
2026/09/15 05:04:33.650, 59 %, 53 %, 15834 MiB, 16384 MiB, 147.08 W, 69
2026/09/15 05:04:34.652, 100 %, 0 %, 15834 MiB, 16384 MiB, 126.68 W, 70
2026/09/15 05:04:35.655, 63 %, 8 %, 15834 MiB, 16384 MiB, 146.14 W, 70
2026/09/15 05:04:36.657, 1 %, 2 %, 15834 MiB, 16384 MiB, 66.08 W, 68
2026/09/15 05:04:37.660, 100 %, 19 %, 15834 MiB, 16384 MiB, 138.06 W, 74
2026/09/15 05:04:38.667, 100 %, 0 %, 15834 MiB, 16384 MiB, 124.52 W, 70
2026/09/15 05:04:39.670, 1 %, 2 %, 15834 MiB, 16384 MiB, 66.42 W, 68
2026/09/15 05:04:40.672, 91 %, 80 %, 15834 MiB, 16384 MiB, 211.32 W, 70
2026/09/15 05:04:41.677, 100 %, 0 %, 15834 MiB, 16384 MiB, 127.88 W, 70
2026/09/15 05:04:42.679, 37 %, 8 %, 15834 MiB, 16384 MiB, 124.91 W, 70
2026/09/15 05:04:43.682, 3 %, 3 %, 15834 MiB, 16384 MiB, 65.24 W, 69
2026/09/15 05:04:44.684, 100 %, 0 %, 15834 MiB, 16384 MiB, 127.78 W, 70
2026/09/15 05:04:45.686, 100 %, 0 %, 15834 MiB, 16384 MiB, 127.94 W, 70
2026/09/15 05:04:46.688, 13 %, 12 %, 15834 MiB, 16384 MiB, 66.76 W, 68
2026/09/15 05:04:47.691, 100 %, 0 %, 15834 MiB, 16384 MiB, 224.61 W, 72
2026/09/15 05:04:48.696, 100 %, 3 %, 15834 MiB, 16384 MiB, 128.04 W, 70
2026/09/15 05:04:49.698, 1 %, 2 %, 15834 MiB, 16384 MiB, 66.57 W, 71
2026/09/15 05:04:50.701, 100 %, 70 %, 15834 MiB, 16384 MiB, 61.29 W, 69
2026/09/15 05:04:51.704, 100 %, 0 %, 15834 MiB, 16384 MiB, 128.05 W, 70
2026/09/15 05:04:52.706, 3 %, 3 %, 15834 MiB, 16384 MiB, 118.18 W, 70
2026/09/15 05:04:53.708, 41 %, 36 %, 15834 MiB, 16384 MiB, 57.86 W, 68
2026/09/15 05:04:54.711, 100 %, 0 %, 15834 MiB, 16384 MiB, 226.34 W, 72
2026/09/15 05:04:55.716, 100 %, 4 %, 15834 MiB, 16384 MiB, 131.99 W, 70
2026/09/15 05:04:56.719, 100 %, 7 %, 15834 MiB, 16384 MiB, 124.50 W, 70
2026/09/15 05:04:57.721, 100 %, 8 %, 15834 MiB, 16384 MiB, 204.98 W, 73
2026/09/15 05:04:58.724, 100 %, 0 %, 15834 MiB, 16384 MiB, 125.96 W, 70
2026/09/15 05:04:59.727, 100 %, 0 %, 15834 MiB, 16384 MiB, 123.99 W, 71
2026/09/15 05:05:00.729, 100 %, 71 %, 15834 MiB, 16384 MiB, 148.89 W, 69
2026/09/15 05:05:01.731, 100 %, 0 %, 15834 MiB, 16384 MiB, 126.10 W, 71
2026/09/15 05:05:02.734, 100 %, 0 %, 15834 MiB, 16384 MiB, 124.43 W, 71
2026/09/15 05:05:03.736, 100 %, 40 %, 15834 MiB, 16384 MiB, 120.19 W, 71
2026/09/15 05:05:04.739, 100 %, 0 %, 15834 MiB, 16384 MiB, 125.99 W, 74
2026/09/15 05:05:05.743, 100 %, 0 %, 15834 MiB, 16384 MiB, 126.26 W, 71
2026/09/15 05:05:06.748, 100 %, 8 %, 15834 MiB, 16384 MiB, 118.70 W, 71
2026/09/15 05:05:07.752, 100 %, 6 %, 15834 MiB, 16384 MiB, 254.25 W, 73
2026/09/15 05:05:08.758, 100 %, 0 %, 15834 MiB, 16384 MiB, 126.31 W, 71
2026/09/15 05:05:09.761, 100 %, 0 %, 15834 MiB, 16384 MiB, 123.38 W, 71
2026/09/15 05:05:10.763, 100 %, 72 %, 15834 MiB, 16384 MiB, 155.04 W, 70
2026/09/15 05:05:11.765, 100 %, 0 %, 15834 MiB, 16384 MiB, 126.35 W, 71
2026/09/15 05:05:12.768, 100 %, 0 %, 15834 MiB, 16384 MiB, 126.46 W, 71
2026/09/15 05:05:13.770, 100 %, 36 %, 15834 MiB, 16384 MiB, 127.50 W, 71
2026/09/15 05:05:14.772, 100 %, 0 %, 15834 MiB, 16384 MiB, 126.46 W, 74
2026/09/15 05:05:15.776, 100 %, 0 %, 15834 MiB, 16384 MiB, 126.68 W, 72
2026/09/15 05:05:16.780, 100 %, 7 %, 15834 MiB, 16384 MiB, 119.42 W, 71
2026/09/15 05:05:17.782, 100 %, 6 %, 15834 MiB, 16384 MiB, 255.59 W, 74
2026/09/15 05:05:18.785, 100 %, 0 %, 15834 MiB, 16384 MiB, 126.91 W, 72
2026/09/15 05:05:19.787, 100 %, 0 %, 15834 MiB, 16384 MiB, 125.53 W, 72
2026/09/15 05:05:20.790, 100 %, 66 %, 15834 MiB, 16384 MiB, 140.01 W, 71
2026/09/15 05:05:21.795, 100 %, 0 %, 15834 MiB, 16384 MiB, 127.02 W, 72
2026/09/15 05:05:22.798, 100 %, 0 %, 15834 MiB, 16384 MiB, 125.44 W, 72
2026/09/15 05:05:23.800, 100 %, 36 %, 15834 MiB, 16384 MiB, 127.23 W, 72
2026/09/15 05:05:24.802, 100 %, 0 %, 15834 MiB, 16384 MiB, 127.25 W, 72
2026/09/15 05:05:25.804, 100 %, 0 %, 15834 MiB, 16384 MiB, 127.21 W, 72
2026/09/15 05:05:26.807, 100 %, 8 %, 15834 MiB, 16384 MiB, 123.78 W, 72
2026/09/15 05:05:27.809, 100 %, 9 %, 15834 MiB, 16384 MiB, 260.80 W, 74
2026/09/15 05:05:28.815, 100 %, 0 %, 15834 MiB, 16384 MiB, 127.61 W, 72
2026/09/15 05:05:29.818, 100 %, 0 %, 15834 MiB, 16384 MiB, 124.26 W, 72
2026/09/15 05:05:30.820, 100 %, 73 %, 15834 MiB, 16384 MiB, 137.85 W, 71
2026/09/15 05:05:31.823, 100 %, 0 %, 15834 MiB, 16384 MiB, 127.48 W, 72
2026/09/15 05:05:32.825, 100 %, 0 %, 15834 MiB, 16384 MiB, 126.77 W, 72
2026/09/15 05:05:33.827, 100 %, 34 %, 15834 MiB, 16384 MiB, 124.32 W, 72
2026/09/15 05:05:34.831, 100 %, 0 %, 15834 MiB, 16384 MiB, 127.54 W, 72
2026/09/15 05:05:35.834, 100 %, 0 %, 15834 MiB, 16384 MiB, 127.44 W, 72
2026/09/15 05:05:36.836, 100 %, 7 %, 15834 MiB, 16384 MiB, 124.67 W, 72
2026/09/15 05:05:37.838, 100 %, 16 %, 15834 MiB, 16384 MiB, 246.56 W, 75
2026/09/15 05:05:38.841, 100 %, 0 %, 15834 MiB, 16384 MiB, 127.43 W, 72
2026/09/15 05:05:39.843, 100 %, 0 %, 15834 MiB, 16384 MiB, 123.74 W, 72
2026/09/15 05:05:40.846, 100 %, 79 %, 15834 MiB, 16384 MiB, 211.12 W, 72
2026/09/15 05:05:41.848, 100 %, 0 %, 15834 MiB, 16384 MiB, 127.39 W, 72
2026/09/15 05:05:42.850, 100 %, 0 %, 15834 MiB, 16384 MiB, 125.09 W, 72
2026/09/15 05:05:43.853, 100 %, 34 %, 15834 MiB, 16384 MiB, 71.69 W, 73
2026/09/15 05:05:44.855, 100 %, 0 %, 15834 MiB, 16384 MiB, 127.27 W, 72
2026/09/15 05:05:45.857, 100 %, 0 %, 15834 MiB, 16384 MiB, 127.30 W, 72
2026/09/15 05:05:46.859, 100 %, 8 %, 15834 MiB, 16384 MiB, 140.51 W, 72
2026/09/15 05:05:47.862, 100 %, 6 %, 15834 MiB, 16384 MiB, 127.85 W, 75
2026/09/15 05:05:48.865, 100 %, 0 %, 15834 MiB, 16384 MiB, 127.44 W, 72
2026/09/15 05:05:49.867, 1 %, 2 %, 15834 MiB, 16384 MiB, 67.58 W, 71
2026/09/15 05:05:50.870, 100 %, 0 %, 15834 MiB, 16384 MiB, 127.65 W, 72
2026/09/15 05:05:51.872, 10 %, 9 %, 15834 MiB, 16384 MiB, 67.44 W, 72
2026/09/15 05:05:52.876, 100 %, 0 %, 15834 MiB, 16384 MiB, 127.24 W, 72
2026/09/15 05:05:53.879, 99 %, 6 %, 15834 MiB, 16384 MiB, 118.99 W, 72
2026/09/15 05:05:54.881, 100 %, 50 %, 15834 MiB, 16384 MiB, 246.79 W, 74
2026/09/15 05:05:55.885, 100 %, 0 %, 15834 MiB, 16384 MiB, 127.29 W, 72
2026/09/15 05:05:56.887, 59 %, 54 %, 15834 MiB, 16384 MiB, 126.25 W, 71
2026/09/15 05:05:57.890, 100 %, 0 %, 15834 MiB, 16384 MiB, 126.61 W, 72
2026/09/15 05:05:58.892, 1 %, 2 %, 15834 MiB, 16384 MiB, 66.90 W, 70
2026/09/15 05:05:59.894, 100 %, 0 %, 15834 MiB, 16384 MiB, 127.12 W, 72
2026/09/15 05:06:00.898, 1 %, 2 %, 15834 MiB, 16384 MiB, 67.34 W, 70
2026/09/15 05:06:01.900, 100 %, 0 %, 15834 MiB, 16384 MiB, 127.36 W, 72
2026/09/15 05:06:02.903, 1 %, 2 %, 15834 MiB, 16384 MiB, 127.72 W, 71
2026/09/15 05:06:03.907, 100 %, 0 %, 15834 MiB, 16384 MiB, 127.60 W, 72
2026/09/15 05:06:04.910, 16 %, 7 %, 15834 MiB, 16384 MiB, 121.50 W, 71
2026/09/15 05:06:05.912, 100 %, 0 %, 15834 MiB, 16384 MiB, 257.00 W, 74
2026/09/15 05:06:06.915, 100 %, 5 %, 15834 MiB, 16384 MiB, 124.46 W, 71
2026/09/15 05:06:07.917, 100 %, 47 %, 15834 MiB, 16384 MiB, 67.11 W, 71
2026/09/15 05:06:08.920, 100 %, 0 %, 15834 MiB, 16384 MiB, 127.11 W, 71
2026/09/15 05:06:09.922, 41 %, 36 %, 15834 MiB, 16384 MiB, 59.06 W, 70
2026/09/15 05:06:10.926, 100 %, 0 %, 15834 MiB, 16384 MiB, 127.25 W, 71
2026/09/15 05:06:11.929, 1 %, 2 %, 15834 MiB, 16384 MiB, 66.89 W, 70
2026/09/15 05:06:12.932, 100 %, 0 %, 15834 MiB, 16384 MiB, 126.93 W, 71
2026/09/15 05:06:13.934, 1 %, 2 %, 15834 MiB, 16384 MiB, 67.17 W, 71
2026/09/15 05:06:14.936, 100 %, 0 %, 15834 MiB, 16384 MiB, 127.07 W, 71
2026/09/15 05:06:15.939, 35 %, 8 %, 15834 MiB, 16384 MiB, 115.38 W, 71
2026/09/15 05:06:16.941, 100 %, 0 %, 15834 MiB, 16384 MiB, 222.03 W, 73
2026/09/15 05:06:17.947, 100 %, 0 %, 15834 MiB, 16384 MiB, 123.93 W, 71
2026/09/15 05:06:18.950, 100 %, 69 %, 15834 MiB, 16384 MiB, 149.94 W, 70
2026/09/15 05:06:19.952, 100 %, 0 %, 15834 MiB, 16384 MiB, 126.00 W, 71
2026/09/15 05:06:20.955, 38 %, 32 %, 15834 MiB, 16384 MiB, 66.13 W, 70
2026/09/15 05:06:21.957, 100 %, 0 %, 15834 MiB, 16384 MiB, 127.32 W, 71
2026/09/15 05:06:22.959, 1 %, 2 %, 15834 MiB, 16384 MiB, 68.21 W, 69
2026/09/15 05:06:23.962, 100 %, 0 %, 15834 MiB, 16384 MiB, 126.91 W, 71
2026/09/15 05:06:24.964, 1 %, 2 %, 15834 MiB, 16384 MiB, 120.68 W, 71
2026/09/15 05:06:25.970, 100 %, 0 %, 15834 MiB, 16384 MiB, 127.18 W, 73
2026/09/15 05:06:26.975, 69 %, 6 %, 15834 MiB, 16384 MiB, 121.53 W, 71
2026/09/15 05:06:27.979, 100 %, 17 %, 15834 MiB, 16384 MiB, 239.33 W, 73
2026/09/15 05:06:28.986, 100 %, 0 %, 15834 MiB, 16384 MiB, 124.70 W, 71
2026/09/15 05:06:29.990, 82 %, 73 %, 15834 MiB, 16384 MiB, 62.11 W, 70
2026/09/15 05:06:30.992, 100 %, 0 %, 15834 MiB, 16384 MiB, 126.98 W, 71
2026/09/15 05:06:31.995, 1 %, 2 %, 15834 MiB, 16384 MiB, 67.21 W, 69
2026/09/15 05:06:32.997, 100 %, 0 %, 15834 MiB, 16384 MiB, 127.05 W, 71
2026/09/15 05:06:33.999, 2 %, 3 %, 15834 MiB, 16384 MiB, 67.30 W, 69
2026/09/15 05:06:35.002, 100 %, 0 %, 15834 MiB, 16384 MiB, 126.90 W, 71
2026/09/15 05:06:36.004, 1 %, 2 %, 15834 MiB, 16384 MiB, 114.07 W, 70
2026/09/15 05:06:37.008, 100 %, 0 %, 15834 MiB, 16384 MiB, 127.13 W, 72
2026/09/15 05:06:38.011, 70 %, 7 %, 15834 MiB, 16384 MiB, 122.19 W, 71
2026/09/15 05:06:39.013, 100 %, 17 %, 15834 MiB, 16384 MiB, 232.14 W, 73
2026/09/15 05:06:40.016, 100 %, 0 %, 15834 MiB, 16384 MiB, 123.84 W, 71
2026/09/15 05:06:41.019, 96 %, 79 %, 15834 MiB, 16384 MiB, 77.78 W, 70
2026/09/15 05:06:42.021, 100 %, 0 %, 15834 MiB, 16384 MiB, 126.18 W, 71
2026/09/15 05:06:43.023, 8 %, 8 %, 15834 MiB, 16384 MiB, 66.57 W, 69
2026/09/15 05:06:44.026, 100 %, 0 %, 15834 MiB, 16384 MiB, 126.82 W, 71
2026/09/15 05:06:45.028, 1 %, 2 %, 15834 MiB, 16384 MiB, 68.22 W, 69
2026/09/15 05:06:46.031, 100 %, 0 %, 15834 MiB, 16384 MiB, 126.57 W, 71
2026/09/15 05:06:47.033, 1 %, 2 %, 15834 MiB, 16384 MiB, 117.74 W, 70
2026/09/15 05:06:48.035, 100 %, 0 %, 15834 MiB, 16384 MiB, 126.69 W, 71
2026/09/15 05:06:49.038, 74 %, 6 %, 15834 MiB, 16384 MiB, 121.55 W, 70
2026/09/15 05:06:50.040, 100 %, 23 %, 15834 MiB, 16384 MiB, 222.31 W, 73
2026/09/15 05:06:51.046, 100 %, 0 %, 15834 MiB, 16384 MiB, 124.44 W, 70
2026/09/15 05:06:52.048, 80 %, 72 %, 15834 MiB, 16384 MiB, 63.18 W, 69
2026/09/15 05:06:53.053, 100 %, 0 %, 15834 MiB, 16384 MiB, 126.41 W, 71
2026/09/15 05:06:54.055, 1 %, 2 %, 15834 MiB, 16384 MiB, 66.63 W, 69
2026/09/15 05:06:55.058, 100 %, 0 %, 15834 MiB, 16384 MiB, 126.03 W, 71
2026/09/15 05:06:56.060, 1 %, 3 %, 15834 MiB, 16384 MiB, 66.90 W, 69
2026/09/15 05:06:57.063, 100 %, 0 %, 15834 MiB, 16384 MiB, 126.75 W, 71
2026/09/15 05:06:58.065, 7 %, 5 %, 15834 MiB, 16384 MiB, 66.37 W, 70
2026/09/15 05:06:59.067, 100 %, 0 %, 15834 MiB, 16384 MiB, 126.24 W, 71
2026/09/15 05:07:00.070, 96 %, 6 %, 15834 MiB, 16384 MiB, 125.02 W, 71
2026/09/15 05:07:01.072, 100 %, 48 %, 15834 MiB, 16384 MiB, 240.99 W, 73
2026/09/15 05:07:02.075, 100 %, 0 %, 15834 MiB, 16384 MiB, 123.49 W, 70
2026/09/15 05:07:03.078, 58 %, 51 %, 15834 MiB, 16384 MiB, 110.87 W, 69
2026/09/15 05:07:04.080, 100 %, 0 %, 15834 MiB, 16384 MiB, 126.48 W, 71
2026/09/15 05:07:05.082, 1 %, 2 %, 15834 MiB, 16384 MiB, 67.52 W, 69
2026/09/15 05:07:06.085, 100 %, 0 %, 15834 MiB, 16384 MiB, 127.14 W, 71
2026/09/15 05:07:07.087, 76 %, 6 %, 15834 MiB, 16384 MiB, 67.51 W, 69
2026/09/15 05:07:08.089, 100 %, 9 %, 15834 MiB, 16384 MiB, 75.00 W, 69
2026/09/15 05:07:09.092, 100 %, 6 %, 15834 MiB, 16384 MiB, 67.03 W, 68
2026/09/15 05:07:10.094, 100 %, 6 %, 15834 MiB, 16384 MiB, 73.25 W, 68
2026/09/15 05:07:11.097, 100 %, 9 %, 15834 MiB, 16384 MiB, 73.03 W, 68
2026/09/15 05:07:12.099, 100 %, 6 %, 15834 MiB, 16384 MiB, 66.95 W, 68
2026/09/15 05:07:13.102, 2 %, 2 %, 15834 MiB, 16384 MiB, 66.04 W, 67
2026/09/15 05:07:14.104, 1 %, 2 %, 15834 MiB, 16384 MiB, 66.26 W, 67
2026/09/15 05:07:15.106, 1 %, 2 %, 15834 MiB, 16384 MiB, 50.56 W, 66
2026/09/15 05:07:16.109, 1 %, 2 %, 15834 MiB, 16384 MiB, 50.66 W, 66
2026/09/15 05:07:17.112, 1 %, 2 %, 15834 MiB, 16384 MiB, 50.48 W, 66
2026/09/15 05:07:18.114, 4 %, 4 %, 15834 MiB, 16384 MiB, 50.19 W, 65
2026/09/15 05:07:19.117, 4 %, 4 %, 15834 MiB, 16384 MiB, 53.95 W, 65
2026/09/15 05:07:20.119, 3 %, 3 %, 15834 MiB, 16384 MiB, 49.98 W, 65
2026/09/15 05:07:21.122, 2 %, 3 %, 15834 MiB, 16384 MiB, 50.06 W, 65
2026/09/15 05:07:22.124, 1 %, 2 %, 15834 MiB, 16384 MiB, 49.87 W, 64
2026/09/15 05:07:23.127, 1 %, 2 %, 15834 MiB, 16384 MiB, 49.90 W, 64
2026/09/15 05:07:24.130, 1 %, 2 %, 15834 MiB, 16384 MiB, 50.01 W, 64
2026/09/15 05:07:25.133, 4 %, 4 %, 15834 MiB, 16384 MiB, 49.62 W, 64
2026/09/15 05:07:26.136, 5 %, 5 %, 15834 MiB, 16384 MiB, 50.26 W, 63
2026/09/15 05:07:27.140, 2 %, 3 %, 15834 MiB, 16384 MiB, 49.79 W, 63
2026/09/15 05:07:28.142, 1 %, 2 %, 15834 MiB, 16384 MiB, 49.58 W, 63
2026/09/15 05:07:29.145, 1 %, 2 %, 15834 MiB, 16384 MiB, 49.62 W, 63
2026/09/15 05:07:30.147, 1 %, 2 %, 15834 MiB, 16384 MiB, 49.57 W, 63
2026/09/15 05:07:31.150, 4 %, 5 %, 15834 MiB, 16384 MiB, 49.61 W, 62
2026/09/15 05:07:32.153, 4 %, 4 %, 15834 MiB, 16384 MiB, 51.20 W, 62
2026/09/15 05:07:33.155, 4 %, 4 %, 15834 MiB, 16384 MiB, 52.97 W, 62
2026/09/15 05:07:34.158, 1 %, 2 %, 15834 MiB, 16384 MiB, 49.39 W, 62
2026/09/15 05:07:35.161, 1 %, 2 %, 15834 MiB, 16384 MiB, 49.44 W, 62
2026/09/15 05:07:36.164, 100 %, 6 %, 15834 MiB, 16384 MiB, 62.81 W, 62
2026/09/15 05:07:37.166, 100 %, 6 %, 15834 MiB, 16384 MiB, 68.80 W, 62
2026/09/15 05:07:38.169, 100 %, 9 %, 15834 MiB, 16384 MiB, 68.36 W, 62
2026/09/15 05:07:39.171, 100 %, 9 %, 15834 MiB, 16384 MiB, 62.25 W, 62
2026/09/15 05:07:40.174, 100 %, 6 %, 15834 MiB, 16384 MiB, 68.06 W, 62
2026/09/15 05:07:41.177, 1 %, 2 %, 15834 MiB, 16384 MiB, 61.45 W, 62
2026/09/15 05:07:42.180, 4 %, 4 %, 15834 MiB, 16384 MiB, 65.48 W, 62
2026/09/15 05:07:43.182, 4 %, 4 %, 15834 MiB, 16384 MiB, 52.40 W, 61
2026/09/15 05:07:44.185, 1 %, 2 %, 15834 MiB, 16384 MiB, 48.68 W, 61
2026/09/15 05:07:45.187, 1 %, 2 %, 15834 MiB, 16384 MiB, 49.38 W, 60
2026/09/15 05:07:46.190, 1 %, 2 %, 15834 MiB, 16384 MiB, 49.19 W, 60
2026/09/15 05:07:47.192, 1 %, 2 %, 15834 MiB, 16384 MiB, 48.78 W, 60
2026/09/15 05:07:48.195, 1 %, 2 %, 15834 MiB, 16384 MiB, 48.62 W, 60
2026/09/15 05:07:49.201, 4 %, 4 %, 15834 MiB, 16384 MiB, 48.51 W, 60
2026/09/15 05:07:50.204, 4 %, 4 %, 15834 MiB, 16384 MiB, 51.86 W, 60
2026/09/15 05:07:51.206, 4 %, 5 %, 15834 MiB, 16384 MiB, 51.99 W, 60
2026/09/15 05:07:52.209, 1 %, 2 %, 15834 MiB, 16384 MiB, 48.45 W, 59
2026/09/15 05:07:53.212, 1 %, 3 %, 15834 MiB, 16384 MiB, 48.45 W, 59
2026/09/15 05:07:54.215, 1 %, 2 %, 15834 MiB, 16384 MiB, 48.47 W, 59
2026/09/15 05:07:55.218, 4 %, 4 %, 15834 MiB, 16384 MiB, 47.90 W, 59
2026/09/15 05:07:56.222, 4 %, 4 %, 15834 MiB, 16384 MiB, 51.39 W, 59
2026/09/15 05:07:57.225, 4 %, 5 %, 15834 MiB, 16384 MiB, 51.73 W, 59
2026/09/15 05:07:58.228, 1 %, 3 %, 15834 MiB, 16384 MiB, 47.94 W, 59
2026/09/15 05:07:59.232, 1 %, 2 %, 15834 MiB, 16384 MiB, 47.63 W, 59
2026/09/15 05:08:00.235, 1 %, 3 %, 15834 MiB, 16384 MiB, 47.99 W, 58
2026/09/15 05:08:01.239, 1 %, 2 %, 15834 MiB, 16384 MiB, 47.73 W, 58
2026/09/15 05:08:02.242, 4 %, 5 %, 15834 MiB, 16384 MiB, 47.79 W, 58
2026/09/15 05:08:03.245, 4 %, 4 %, 15834 MiB, 16384 MiB, 46.78 W, 58
2026/09/15 05:08:04.247, 100 %, 6 %, 15834 MiB, 16384 MiB, 60.90 W, 59
2026/09/15 05:08:05.249, 100 %, 6 %, 15834 MiB, 16384 MiB, 67.04 W, 59
2026/09/15 05:08:06.252, 100 %, 9 %, 15834 MiB, 16384 MiB, 68.59 W, 59
2026/09/15 05:08:07.254, 100 %, 6 %, 15834 MiB, 16384 MiB, 61.93 W, 59
2026/09/15 05:08:08.257, 100 %, 6 %, 15834 MiB, 16384 MiB, 67.08 W, 59
2026/09/15 05:08:09.259, 100 %, 9 %, 15834 MiB, 16384 MiB, 67.18 W, 59
2026/09/15 05:08:10.262, 1 %, 2 %, 15834 MiB, 16384 MiB, 60.25 W, 59
2026/09/15 05:08:11.264, 1 %, 2 %, 15834 MiB, 16384 MiB, 60.32 W, 58
2026/09/15 05:08:12.267, 4 %, 4 %, 15834 MiB, 16384 MiB, 47.36 W, 58
2026/09/15 05:08:13.269, 4 %, 4 %, 15834 MiB, 16384 MiB, 50.50 W, 58
2026/09/15 05:08:14.272, 4 %, 4 %, 15834 MiB, 16384 MiB, 47.06 W, 58
2026/09/15 05:08:15.274, 1 %, 2 %, 15834 MiB, 16384 MiB, 47.26 W, 58
2026/09/15 05:08:16.277, 1 %, 2 %, 15834 MiB, 16384 MiB, 47.00 W, 58
2026/09/15 05:08:17.279, 1 %, 2 %, 15834 MiB, 16384 MiB, 47.17 W, 58
2026/09/15 05:08:18.282, 2 %, 3 %, 15834 MiB, 16384 MiB, 47.76 W, 57
2026/09/15 05:08:19.285, 1 %, 2 %, 15834 MiB, 16384 MiB, 47.60 W, 57
2026/09/15 05:08:20.288, 4 %, 4 %, 15834 MiB, 16384 MiB, 47.34 W, 57
2026/09/15 05:08:21.291, 4 %, 4 %, 15834 MiB, 16384 MiB, 50.87 W, 57
2026/09/15 05:08:22.294, 5 %, 5 %, 15834 MiB, 16384 MiB, 51.08 W, 57
2026/09/15 05:08:23.297, 1 %, 2 %, 15834 MiB, 16384 MiB, 47.46 W, 57
2026/09/15 05:08:24.300, 1 %, 2 %, 15834 MiB, 16384 MiB, 47.30 W, 57
2026/09/15 05:08:25.303, 1 %, 2 %, 15834 MiB, 16384 MiB, 47.29 W, 57
2026/09/15 05:08:26.306, 1 %, 2 %, 15834 MiB, 16384 MiB, 48.14 W, 57
2026/09/15 05:08:27.309, 4 %, 5 %, 15834 MiB, 16384 MiB, 48.24 W, 57
2026/09/15 05:08:28.313, 4 %, 4 %, 15834 MiB, 16384 MiB, 46.87 W, 57
2026/09/15 05:08:29.316, 4 %, 4 %, 15834 MiB, 16384 MiB, 50.76 W, 57
2026/09/15 05:08:30.319, 1 %, 2 %, 15834 MiB, 16384 MiB, 47.22 W, 57
2026/09/15 05:08:31.322, 1 %, 2 %, 15834 MiB, 16384 MiB, 47.48 W, 57
2026/09/15 05:08:32.325, 100 %, 6 %, 15834 MiB, 16384 MiB, 66.15 W, 57
2026/09/15 05:08:33.328, 100 %, 9 %, 15834 MiB, 16384 MiB, 66.32 W, 58
2026/09/15 05:08:34.332, 100 %, 6 %, 15834 MiB, 16384 MiB, 60.03 W, 58
2026/09/15 05:08:35.335, 100 %, 6 %, 15834 MiB, 16384 MiB, 66.04 W, 58
2026/09/15 05:08:36.338, 100 %, 9 %, 15834 MiB, 16384 MiB, 66.60 W, 58
2026/09/15 05:08:37.342, 100 %, 6 %, 15834 MiB, 16384 MiB, 60.32 W, 58
2026/09/15 05:08:38.345, 4 %, 4 %, 15834 MiB, 16384 MiB, 58.49 W, 58
2026/09/15 05:08:39.349, 4 %, 4 %, 15834 MiB, 16384 MiB, 64.48 W, 58
2026/09/15 05:08:40.352, 1 %, 2 %, 15834 MiB, 16384 MiB, 47.15 W, 57
2026/09/15 05:08:41.356, 1 %, 2 %, 15834 MiB, 16384 MiB, 47.26 W, 57
2026/09/15 05:08:42.360, 1 %, 2 %, 15834 MiB, 16384 MiB, 47.09 W, 57
2026/09/15 05:08:43.363, 1 %, 2 %, 15834 MiB, 16384 MiB, 47.17 W, 56
2026/09/15 05:08:44.366, 1 %, 2 %, 15834 MiB, 16384 MiB, 47.11 W, 56
2026/09/15 05:08:45.370, 4 %, 4 %, 15834 MiB, 16384 MiB, 46.53 W, 56
2026/09/15 05:08:46.373, 4 %, 4 %, 15834 MiB, 16384 MiB, 50.17 W, 56
2026/09/15 05:08:47.376, 1 %, 2 %, 15834 MiB, 16384 MiB, 47.57 W, 56
2026/09/15 05:08:48.379, 1 %, 2 %, 15834 MiB, 16384 MiB, 47.67 W, 56
2026/09/15 05:08:49.382, 2 %, 3 %, 15834 MiB, 16384 MiB, 47.01 W, 56
2026/09/15 05:08:50.386, 2 %, 3 %, 15834 MiB, 16384 MiB, 47.08 W, 56
2026/09/15 05:08:51.389, 1 %, 2 %, 15834 MiB, 16384 MiB, 47.06 W, 56
2026/09/15 05:08:52.392, 4 %, 4 %, 15834 MiB, 16384 MiB, 46.88 W, 56
2026/09/15 05:08:53.395, 4 %, 4 %, 15834 MiB, 16384 MiB, 50.01 W, 56
2026/09/15 05:08:54.399, 5 %, 5 %, 15834 MiB, 16384 MiB, 50.29 W, 56
2026/09/15 05:08:55.402, 1 %, 2 %, 15834 MiB, 16384 MiB, 46.92 W, 56
2026/09/15 05:08:56.405, 1 %, 2 %, 15834 MiB, 16384 MiB, 46.81 W, 56
2026/09/15 05:08:57.408, 2 %, 3 %, 15834 MiB, 16384 MiB, 46.65 W, 56
2026/09/15 05:08:58.412, 1 %, 2 %, 15834 MiB, 16384 MiB, 46.44 W, 56
2026/09/15 05:08:59.415, 1 %, 2 %, 15834 MiB, 16384 MiB, 46.64 W, 56
2026/09/15 05:09:00.419, 100 %, 8 %, 15834 MiB, 16384 MiB, 51.08 W, 56
2026/09/15 05:09:01.422, 100 %, 9 %, 15834 MiB, 16384 MiB, 65.84 W, 57
2026/09/15 05:09:02.425, 100 %, 6 %, 15834 MiB, 16384 MiB, 59.83 W, 57
2026/09/15 05:09:03.429, 100 %, 6 %, 15834 MiB, 16384 MiB, 65.80 W, 57
2026/09/15 05:09:04.432, 100 %, 9 %, 15834 MiB, 16384 MiB, 65.94 W, 57
2026/09/15 05:09:05.436, 100 %, 6 %, 15834 MiB, 16384 MiB, 60.02 W, 57
2026/09/15 05:09:06.438, 1 %, 2 %, 15834 MiB, 16384 MiB, 59.02 W, 57
2026/09/15 05:09:07.442, 1 %, 2 %, 15834 MiB, 16384 MiB, 60.55 W, 57
2026/09/15 05:09:08.444, 1 %, 2 %, 15834 MiB, 16384 MiB, 47.34 W, 56
2026/09/15 05:09:09.448, 1 %, 2 %, 15834 MiB, 16384 MiB, 46.77 W, 56
2026/09/15 05:09:10.451, 4 %, 4 %, 15834 MiB, 16384 MiB, 46.69 W, 56
2026/09/15 05:09:11.454, 4 %, 4 %, 15834 MiB, 16384 MiB, 50.23 W, 56
2026/09/15 05:09:12.457, 4 %, 5 %, 15834 MiB, 16384 MiB, 50.28 W, 56
2026/09/15 05:09:13.461, 1 %, 2 %, 15834 MiB, 16384 MiB, 46.74 W, 56
2026/09/15 05:09:14.464, 2 %, 3 %, 15834 MiB, 16384 MiB, 46.78 W, 56
2026/09/15 05:09:15.467, 1 %, 2 %, 15834 MiB, 16384 MiB, 46.51 W, 56
2026/09/15 05:09:16.470, 1 %, 2 %, 15834 MiB, 16384 MiB, 46.38 W, 56
2026/09/15 05:09:17.473, 4 %, 4 %, 15834 MiB, 16384 MiB, 46.52 W, 56
2026/09/15 05:09:18.476, 4 %, 4 %, 15834 MiB, 16384 MiB, 46.23 W, 56
2026/09/15 05:09:19.479, 5 %, 5 %, 15834 MiB, 16384 MiB, 49.88 W, 56
2026/09/15 05:09:20.482, 2 %, 3 %, 15834 MiB, 16384 MiB, 46.58 W, 56
2026/09/15 05:09:21.485, 1 %, 2 %, 15834 MiB, 16384 MiB, 46.60 W, 56
2026/09/15 05:09:22.489, 1 %, 2 %, 15834 MiB, 16384 MiB, 46.73 W, 56
2026/09/15 05:09:23.492, 4 %, 5 %, 15834 MiB, 16384 MiB, 46.56 W, 56
2026/09/15 05:09:24.495, 4 %, 4 %, 15834 MiB, 16384 MiB, 46.22 W, 56
2026/09/15 05:09:25.497, 4 %, 4 %, 15834 MiB, 16384 MiB, 50.14 W, 56
2026/09/15 05:09:26.500, 1 %, 2 %, 15834 MiB, 16384 MiB, 46.62 W, 55
2026/09/15 05:09:27.503, 1 %, 2 %, 15834 MiB, 16384 MiB, 47.31 W, 55
2026/09/15 05:09:28.505, 1 %, 2 %, 15834 MiB, 16384 MiB, 47.34 W, 55
2026/09/15 05:09:29.508, 100 %, 6 %, 15834 MiB, 16384 MiB, 63.60 W, 57
2026/09/15 05:09:30.510, 100 %, 8 %, 15834 MiB, 16384 MiB, 65.73 W, 56
2026/09/15 05:09:31.513, 100 %, 9 %, 15834 MiB, 16384 MiB, 65.67 W, 57
2026/09/15 05:09:32.515, 100 %, 6 %, 15834 MiB, 16384 MiB, 59.62 W, 57
2026/09/15 05:09:33.518, 100 %, 6 %, 15834 MiB, 16384 MiB, 65.75 W, 57
2026/09/15 05:09:34.520, 18 %, 5 %, 15834 MiB, 16384 MiB, 58.96 W, 57
2026/09/15 05:09:35.522, 4 %, 4 %, 15834 MiB, 16384 MiB, 63.89 W, 56
2026/09/15 05:09:36.525, 1 %, 2 %, 15834 MiB, 16384 MiB, 47.41 W, 56
2026/09/15 05:09:37.527, 1 %, 2 %, 15834 MiB, 16384 MiB, 46.74 W, 56
2026/09/15 05:09:38.530, 1 %, 2 %, 15834 MiB, 16384 MiB, 46.81 W, 56
2026/09/15 05:09:39.533, 1 %, 2 %, 15834 MiB, 16384 MiB, 46.65 W, 56
2026/09/15 05:09:40.535, 1 %, 2 %, 15834 MiB, 16384 MiB, 46.74 W, 56
2026/09/15 05:09:41.538, 4 %, 4 %, 15834 MiB, 16384 MiB, 46.04 W, 56
2026/09/15 05:09:42.540, 4 %, 4 %, 15834 MiB, 16384 MiB, 49.76 W, 56
2026/09/15 05:09:43.543, 4 %, 5 %, 15834 MiB, 16384 MiB, 49.99 W, 56
2026/09/15 05:09:44.545, 1 %, 2 %, 15834 MiB, 16384 MiB, 46.50 W, 56
2026/09/15 05:09:45.548, 1 %, 2 %, 15834 MiB, 16384 MiB, 46.61 W, 56
2026/09/15 05:09:46.551, 1 %, 2 %, 15834 MiB, 16384 MiB, 46.42 W, 56
2026/09/15 05:09:47.554, 1 %, 2 %, 15834 MiB, 16384 MiB, 47.15 W, 56
2026/09/15 05:09:48.557, 4 %, 4 %, 15834 MiB, 16384 MiB, 46.61 W, 56
2026/09/15 05:09:49.560, 4 %, 4 %, 15834 MiB, 16384 MiB, 49.85 W, 55
2026/09/15 05:09:50.563, 1 %, 2 %, 15834 MiB, 16384 MiB, 47.41 W, 55
2026/09/15 05:09:51.566, 1 %, 3 %, 15834 MiB, 16384 MiB, 46.82 W, 55
2026/09/15 05:09:52.569, 1 %, 3 %, 15834 MiB, 16384 MiB, 46.68 W, 55
2026/09/15 05:09:53.572, 1 %, 2 %, 15834 MiB, 16384 MiB, 46.66 W, 55
2026/09/15 05:09:54.575, 1 %, 2 %, 15834 MiB, 16384 MiB, 46.67 W, 55
2026/09/15 05:09:55.578, 4 %, 5 %, 15834 MiB, 16384 MiB, 46.68 W, 55
2026/09/15 05:09:56.581, 4 %, 4 %, 15834 MiB, 16384 MiB, 45.97 W, 55
2026/09/15 05:09:57.584, 100 %, 6 %, 15834 MiB, 16384 MiB, 59.32 W, 56
2026/09/15 05:09:58.587, 100 %, 6 %, 15834 MiB, 16384 MiB, 65.20 W, 56
2026/09/15 05:09:59.590, 100 %, 9 %, 15834 MiB, 16384 MiB, 65.17 W, 56
2026/09/15 05:10:00.593, 100 %, 7 %, 15834 MiB, 16384 MiB, 65.14 W, 56
2026/09/15 05:10:01.596, 100 %, 6 %, 15834 MiB, 16384 MiB, 59.37 W, 57
2026/09/15 05:10:02.599, 100 %, 6 %, 15834 MiB, 16384 MiB, 65.32 W, 56
2026/09/15 05:10:03.602, 1 %, 2 %, 15834 MiB, 16384 MiB, 58.87 W, 56
2026/09/15 05:10:04.605, 1 %, 2 %, 15834 MiB, 16384 MiB, 58.36 W, 56
2026/09/15 05:10:05.608, 4 %, 4 %, 15834 MiB, 16384 MiB, 46.68 W, 56
2026/09/15 05:10:06.611, 4 %, 4 %, 15834 MiB, 16384 MiB, 45.92 W, 56
2026/09/15 05:10:07.613, 4 %, 4 %, 15834 MiB, 16384 MiB, 49.36 W, 56
2026/09/15 05:10:08.616, 1 %, 2 %, 15834 MiB, 16384 MiB, 46.92 W, 56
2026/09/15 05:10:09.619, 1 %, 2 %, 15834 MiB, 16384 MiB, 47.01 W, 56
2026/09/15 05:10:10.621, 1 %, 2 %, 15834 MiB, 16384 MiB, 46.38 W, 56
2026/09/15 05:10:11.624, 2 %, 3 %, 15834 MiB, 16384 MiB, 46.58 W, 55
2026/09/15 05:10:12.627, 1 %, 2 %, 15834 MiB, 16384 MiB, 46.48 W, 55
2026/09/15 05:10:13.630, 4 %, 4 %, 15834 MiB, 16384 MiB, 46.59 W, 55
2026/09/15 05:10:14.632, 4 %, 4 %, 15834 MiB, 16384 MiB, 46.45 W, 55
2026/09/15 05:10:15.635, 5 %, 5 %, 15834 MiB, 16384 MiB, 49.50 W, 55
2026/09/15 05:10:16.638, 1 %, 2 %, 15834 MiB, 16384 MiB, 46.37 W, 56
2026/09/15 05:10:17.641, 1 %, 2 %, 15834 MiB, 16384 MiB, 46.50 W, 55
2026/09/15 05:10:18.644, 1 %, 2 %, 15834 MiB, 16384 MiB, 46.60 W, 55
2026/09/15 05:10:19.646, 1 %, 2 %, 15834 MiB, 16384 MiB, 46.74 W, 55
2026/09/15 05:10:20.649, 4 %, 4 %, 15834 MiB, 16384 MiB, 46.37 W, 55
2026/09/15 05:10:21.652, 4 %, 4 %, 15834 MiB, 16384 MiB, 45.76 W, 55
2026/09/15 05:10:22.654, 4 %, 4 %, 15834 MiB, 16384 MiB, 49.54 W, 55
2026/09/15 05:10:23.657, 1 %, 2 %, 15834 MiB, 16384 MiB, 46.52 W, 55
2026/09/15 05:10:24.660, 1 %, 2 %, 15834 MiB, 16384 MiB, 46.51 W, 55
2026/09/15 05:10:25.662, 100 %, 0 %, 15834 MiB, 16384 MiB, 115.54 W, 58
2026/09/15 05:10:26.666, 100 %, 59 %, 15834 MiB, 16384 MiB, 83.98 W, 57
2026/09/15 05:10:27.668, 100 %, 0 %, 15834 MiB, 16384 MiB, 118.14 W, 62
2026/09/15 05:10:28.671, 100 %, 0 %, 15834 MiB, 16384 MiB, 117.86 W, 59
2026/09/15 05:10:29.674, 100 %, 0 %, 15834 MiB, 16384 MiB, 116.64 W, 60
2026/09/15 05:10:30.676, 100 %, 24 %, 15834 MiB, 16384 MiB, 118.48 W, 60
2026/09/15 05:10:31.681, 100 %, 34 %, 15834 MiB, 16384 MiB, 251.37 W, 62
2026/09/15 05:10:32.688, 100 %, 0 %, 15834 MiB, 16384 MiB, 118.28 W, 60
2026/09/15 05:10:33.691, 100 %, 0 %, 15834 MiB, 16384 MiB, 117.16 W, 61
2026/09/15 05:10:34.694, 100 %, 9 %, 15834 MiB, 16384 MiB, 115.25 W, 61
2026/09/15 05:10:35.696, 100 %, 75 %, 15834 MiB, 16384 MiB, 208.26 W, 64
2026/09/15 05:10:36.700, 100 %, 0 %, 15834 MiB, 16384 MiB, 118.74 W, 62
2026/09/15 05:10:37.702, 100 %, 0 %, 15834 MiB, 16384 MiB, 116.90 W, 62
2026/09/15 05:10:38.705, 100 %, 8 %, 15834 MiB, 16384 MiB, 116.34 W, 62
2026/09/15 05:10:39.707, 100 %, 76 %, 15834 MiB, 16384 MiB, 138.05 W, 62
2026/09/15 05:10:40.710, 100 %, 0 %, 15834 MiB, 16384 MiB, 119.46 W, 63
2026/09/15 05:10:41.712, 100 %, 0 %, 15834 MiB, 16384 MiB, 119.98 W, 63
2026/09/15 05:10:42.714, 100 %, 0 %, 15834 MiB, 16384 MiB, 116.91 W, 63
2026/09/15 05:10:43.717, 100 %, 46 %, 15834 MiB, 16384 MiB, 148.49 W, 63
2026/09/15 05:10:44.719, 100 %, 1 %, 15834 MiB, 16384 MiB, 119.96 W, 66
2026/09/15 05:10:45.723, 100 %, 0 %, 15834 MiB, 16384 MiB, 120.39 W, 64
2026/09/15 05:10:46.726, 100 %, 0 %, 15834 MiB, 16384 MiB, 117.31 W, 64
2026/09/15 05:10:47.728, 100 %, 79 %, 15834 MiB, 16384 MiB, 65.08 W, 65
2026/09/15 05:10:48.735, 100 %, 0 %, 15834 MiB, 16384 MiB, 120.70 W, 67
2026/09/15 05:10:49.740, 100 %, 0 %, 15834 MiB, 16384 MiB, 121.07 W, 65
2026/09/15 05:10:50.744, 100 %, 3 %, 15834 MiB, 16384 MiB, 119.61 W, 65
2026/09/15 05:10:51.750, 100 %, 71 %, 15834 MiB, 16384 MiB, 113.64 W, 66
2026/09/15 05:10:52.753, 100 %, 0 %, 15834 MiB, 16384 MiB, 228.81 W, 68
2026/09/15 05:10:53.756, 100 %, 0 %, 15834 MiB, 16384 MiB, 124.06 W, 66
2026/09/15 05:10:54.758, 100 %, 0 %, 15834 MiB, 16384 MiB, 123.63 W, 66
2026/09/15 05:10:55.760, 100 %, 42 %, 15834 MiB, 16384 MiB, 146.43 W, 66
2026/09/15 05:10:56.763, 100 %, 2 %, 15834 MiB, 16384 MiB, 241.38 W, 69
2026/09/15 05:10:57.766, 100 %, 0 %, 15834 MiB, 16384 MiB, 124.95 W, 67
2026/09/15 05:10:58.768, 100 %, 0 %, 15834 MiB, 16384 MiB, 124.92 W, 67
2026/09/15 05:10:59.771, 100 %, 17 %, 15834 MiB, 16384 MiB, 115.92 W, 67
2026/09/15 05:11:00.773, 100 %, 35 %, 15834 MiB, 16384 MiB, 204.32 W, 68
2026/09/15 05:11:01.778, 100 %, 0 %, 15834 MiB, 16384 MiB, 125.46 W, 68
2026/09/15 05:11:02.781, 100 %, 0 %, 15834 MiB, 16384 MiB, 124.67 W, 68
2026/09/15 05:11:03.783, 100 %, 8 %, 15834 MiB, 16384 MiB, 122.82 W, 68
2026/09/15 05:11:04.786, 100 %, 60 %, 15834 MiB, 16384 MiB, 119.85 W, 67
2026/09/15 05:11:05.788, 100 %, 0 %, 15834 MiB, 16384 MiB, 126.04 W, 68
2026/09/15 05:11:06.790, 100 %, 0 %, 15834 MiB, 16384 MiB, 126.50 W, 69
2026/09/15 05:11:07.793, 100 %, 8 %, 15834 MiB, 16384 MiB, 123.35 W, 69
2026/09/15 05:11:08.795, 100 %, 83 %, 15834 MiB, 16384 MiB, 64.71 W, 68
2026/09/15 05:11:09.797, 100 %, 0 %, 15834 MiB, 16384 MiB, 164.51 W, 73
2026/09/15 05:11:10.807, 100 %, 0 %, 15834 MiB, 16384 MiB, 126.57 W, 69
2026/09/15 05:11:11.809, 100 %, 0 %, 15834 MiB, 16384 MiB, 123.35 W, 69
2026/09/15 05:11:12.812, 100 %, 65 %, 15834 MiB, 16384 MiB, 122.22 W, 69
2026/09/15 05:11:13.817, 100 %, 0 %, 15834 MiB, 16384 MiB, 239.57 W, 72
2026/09/15 05:11:14.823, 100 %, 0 %, 15834 MiB, 16384 MiB, 126.60 W, 70
2026/09/15 05:11:15.826, 1 %, 2 %, 15834 MiB, 16384 MiB, 71.30 W, 70
2026/09/15 05:11:16.828, 100 %, 0 %, 15834 MiB, 16384 MiB, 213.42 W, 73
2026/09/15 05:11:17.831, 89 %, 7 %, 15834 MiB, 16384 MiB, 123.75 W, 70
2026/09/15 05:11:18.834, 96 %, 84 %, 15834 MiB, 16384 MiB, 161.56 W, 69
2026/09/15 05:11:19.836, 100 %, 0 %, 15834 MiB, 16384 MiB, 126.06 W, 70
2026/09/15 05:11:20.838, 1 %, 2 %, 15834 MiB, 16384 MiB, 66.40 W, 68
2026/09/15 05:11:21.842, 100 %, 0 %, 15834 MiB, 16384 MiB, 127.29 W, 70
2026/09/15 05:11:22.844, 29 %, 9 %, 15834 MiB, 16384 MiB, 150.78 W, 70
2026/09/15 05:11:23.847, 100 %, 44 %, 15834 MiB, 16384 MiB, 240.21 W, 72
2026/09/15 05:11:24.850, 100 %, 0 %, 15834 MiB, 16384 MiB, 124.27 W, 70
2026/09/15 05:11:25.852, 14 %, 13 %, 15834 MiB, 16384 MiB, 65.47 W, 68
2026/09/15 05:11:26.855, 100 %, 0 %, 15834 MiB, 16384 MiB, 127.21 W, 70
2026/09/15 05:11:27.857, 1 %, 2 %, 15834 MiB, 16384 MiB, 68.12 W, 68
2026/09/15 05:11:28.859, 100 %, 0 %, 15834 MiB, 16384 MiB, 127.76 W, 73
2026/09/15 05:11:29.862, 93 %, 6 %, 15834 MiB, 16384 MiB, 120.96 W, 70
2026/09/15 05:11:30.866, 96 %, 85 %, 15834 MiB, 16384 MiB, 155.54 W, 69
2026/09/15 05:11:31.868, 100 %, 0 %, 15834 MiB, 16384 MiB, 126.43 W, 70
2026/09/15 05:11:32.871, 1 %, 2 %, 15834 MiB, 16384 MiB, 66.44 W, 69
2026/09/15 05:11:33.873, 100 %, 0 %, 15834 MiB, 16384 MiB, 127.91 W, 70
2026/09/15 05:11:34.877, 27 %, 8 %, 15834 MiB, 16384 MiB, 148.76 W, 70
2026/09/15 05:11:35.879, 100 %, 45 %, 15834 MiB, 16384 MiB, 242.78 W, 73
2026/09/15 05:11:36.882, 100 %, 0 %, 15834 MiB, 16384 MiB, 124.38 W, 70
2026/09/15 05:11:37.885, 12 %, 12 %, 15834 MiB, 16384 MiB, 66.69 W, 69
2026/09/15 05:11:38.887, 100 %, 0 %, 15834 MiB, 16384 MiB, 127.95 W, 70
2026/09/15 05:11:39.889, 1 %, 2 %, 15834 MiB, 16384 MiB, 66.53 W, 72
2026/09/15 05:11:40.896, 100 %, 0 %, 15834 MiB, 16384 MiB, 172.71 W, 73
2026/09/15 05:11:41.908, 100 %, 0 %, 15834 MiB, 16384 MiB, 124.72 W, 70
2026/09/15 05:11:42.910, 59 %, 50 %, 15834 MiB, 16384 MiB, 61.89 W, 69
2026/09/15 05:11:43.914, 100 %, 0 %, 15834 MiB, 16384 MiB, 128.41 W, 70
2026/09/15 05:11:44.916, 1 %, 2 %, 15834 MiB, 16384 MiB, 66.88 W, 69
2026/09/15 05:11:45.919, 100 %, 0 %, 15834 MiB, 16384 MiB, 127.82 W, 71
2026/09/15 05:11:46.921, 58 %, 8 %, 15834 MiB, 16384 MiB, 113.11 W, 70
2026/09/15 05:11:47.923, 100 %, 61 %, 15834 MiB, 16384 MiB, 216.12 W, 73
2026/09/15 05:11:48.928, 100 %, 0 %, 15834 MiB, 16384 MiB, 125.78 W, 70
2026/09/15 05:11:49.931, 1 %, 2 %, 15834 MiB, 16384 MiB, 67.91 W, 69
2026/09/15 05:11:50.934, 100 %, 0 %, 15834 MiB, 16384 MiB, 128.27 W, 71
2026/09/15 05:11:51.936, 2 %, 3 %, 15834 MiB, 16384 MiB, 68.11 W, 72
2026/09/15 05:11:52.939, 100 %, 5 %, 15834 MiB, 16384 MiB, 206.59 W, 74
2026/09/15 05:11:53.942, 100 %, 0 %, 15834 MiB, 16384 MiB, 125.21 W, 70
2026/09/15 05:11:54.944, 57 %, 50 %, 15834 MiB, 16384 MiB, 63.46 W, 70
2026/09/15 05:11:55.947, 100 %, 0 %, 15834 MiB, 16384 MiB, 128.26 W, 71
2026/09/15 05:11:56.949, 2 %, 3 %, 15834 MiB, 16384 MiB, 67.13 W, 69
2026/09/15 05:11:57.952, 100 %, 0 %, 15834 MiB, 16384 MiB, 128.44 W, 71
2026/09/15 05:11:58.954, 57 %, 7 %, 15834 MiB, 16384 MiB, 124.21 W, 70
2026/09/15 05:11:59.956, 100 %, 67 %, 15834 MiB, 16384 MiB, 241.41 W, 73
2026/09/15 05:12:00.960, 100 %, 0 %, 15834 MiB, 16384 MiB, 128.19 W, 71
2026/09/15 05:12:01.963, 1 %, 2 %, 15834 MiB, 16384 MiB, 64.46 W, 69
2026/09/15 05:12:02.986, 100 %, 0 %, 15834 MiB, 16384 MiB, 128.72 W, 71
2026/09/15 05:12:03.988, 1 %, 2 %, 15834 MiB, 16384 MiB, 81.29 W, 71
2026/09/15 05:12:04.991, 100 %, 6 %, 15834 MiB, 16384 MiB, 218.79 W, 74
2026/09/15 05:12:05.994, 100 %, 0 %, 15834 MiB, 16384 MiB, 123.15 W, 71
2026/09/15 05:12:06.996, 50 %, 43 %, 15834 MiB, 16384 MiB, 159.82 W, 70
2026/09/15 05:12:07.999, 100 %, 0 %, 15834 MiB, 16384 MiB, 127.51 W, 71
2026/09/15 05:12:09.001, 1 %, 3 %, 15834 MiB, 16384 MiB, 67.16 W, 69
2026/09/15 05:12:10.004, 100 %, 0 %, 15834 MiB, 16384 MiB, 128.36 W, 71
2026/09/15 05:12:11.007, 67 %, 9 %, 15834 MiB, 16384 MiB, 137.52 W, 71
2026/09/15 05:12:12.009, 100 %, 74 %, 15834 MiB, 16384 MiB, 267.40 W, 73
2026/09/15 05:12:13.012, 100 %, 0 %, 15834 MiB, 16384 MiB, 125.51 W, 71
2026/09/15 05:12:14.014, 81 %, 72 %, 15834 MiB, 16384 MiB, 66.24 W, 69
2026/09/15 05:12:15.017, 100 %, 0 %, 15834 MiB, 16384 MiB, 128.34 W, 71
2026/09/15 05:12:16.020, 1 %, 2 %, 15834 MiB, 16384 MiB, 67.24 W, 69
2026/09/15 05:12:17.022, 100 %, 0 %, 15834 MiB, 16384 MiB, 128.58 W, 73
2026/09/15 05:12:18.026, 37 %, 8 %, 15834 MiB, 16384 MiB, 126.85 W, 71
2026/09/15 05:12:19.028, 100 %, 52 %, 15834 MiB, 16384 MiB, 153.05 W, 70
2026/09/15 05:12:20.031, 100 %, 0 %, 15834 MiB, 16384 MiB, 128.94 W, 71
2026/09/15 05:12:21.033, 7 %, 7 %, 15834 MiB, 16384 MiB, 67.01 W, 69
2026/09/15 05:12:22.035, 100 %, 0 %, 15834 MiB, 16384 MiB, 129.11 W, 71
2026/09/15 05:12:23.039, 1 %, 2 %, 15834 MiB, 16384 MiB, 140.86 W, 71
2026/09/15 05:12:24.041, 100 %, 0 %, 15834 MiB, 16384 MiB, 256.51 W, 73
2026/09/15 05:12:25.044, 100 %, 0 %, 15834 MiB, 16384 MiB, 125.86 W, 71
2026/09/15 05:12:26.046, 66 %, 54 %, 15834 MiB, 16384 MiB, 66.57 W, 70
2026/09/15 05:12:27.049, 100 %, 0 %, 15834 MiB, 16384 MiB, 129.21 W, 71
2026/09/15 05:12:28.051, 100 %, 7 %, 15834 MiB, 16384 MiB, 131.66 W, 71
2026/09/15 05:12:29.053, 100 %, 5 %, 15834 MiB, 16384 MiB, 126.36 W, 71
2026/09/15 05:12:30.057, 100 %, 6 %, 15834 MiB, 16384 MiB, 125.23 W, 71
2026/09/15 05:12:31.059, 100 %, 16 %, 15834 MiB, 16384 MiB, 123.13 W, 71
2026/09/15 05:12:32.062, 100 %, 33 %, 15834 MiB, 16384 MiB, 124.94 W, 71
2026/09/15 05:12:33.065, 100 %, 53 %, 15834 MiB, 16384 MiB, 123.31 W, 71
2026/09/15 05:12:34.067, 100 %, 55 %, 15834 MiB, 16384 MiB, 66.39 W, 72
2026/09/15 05:12:35.072, 100 %, 35 %, 15834 MiB, 16384 MiB, 77.69 W, 70
2026/09/15 05:12:36.076, 100 %, 5 %, 15834 MiB, 16384 MiB, 163.41 W, 71
2026/09/15 05:12:37.082, 100 %, 0 %, 15834 MiB, 16384 MiB, 247.50 W, 74
2026/09/15 05:12:38.088, 100 %, 0 %, 15834 MiB, 16384 MiB, 197.04 W, 75
2026/09/15 05:12:39.095, 100 %, 0 %, 15834 MiB, 16384 MiB, 128.12 W, 72
2026/09/15 05:12:40.097, 100 %, 0 %, 15834 MiB, 16384 MiB, 128.49 W, 72
2026/09/15 05:12:41.100, 100 %, 0 %, 15834 MiB, 16384 MiB, 128.46 W, 72
2026/09/15 05:12:42.102, 100 %, 0 %, 15834 MiB, 16384 MiB, 128.61 W, 72
2026/09/15 05:12:43.104, 100 %, 0 %, 15834 MiB, 16384 MiB, 128.70 W, 72
2026/09/15 05:12:44.107, 100 %, 0 %, 15834 MiB, 16384 MiB, 128.36 W, 72
2026/09/15 05:12:45.109, 100 %, 0 %, 15834 MiB, 16384 MiB, 126.90 W, 72
2026/09/15 05:12:46.112, 100 %, 0 %, 15834 MiB, 16384 MiB, 125.86 W, 72
2026/09/15 05:12:47.115, 100 %, 4 %, 15834 MiB, 16384 MiB, 125.41 W, 72
2026/09/15 05:12:48.117, 100 %, 6 %, 15834 MiB, 16384 MiB, 125.18 W, 72
2026/09/15 05:12:49.120, 100 %, 13 %, 15834 MiB, 16384 MiB, 133.25 W, 72
2026/09/15 05:12:50.122, 100 %, 35 %, 15834 MiB, 16384 MiB, 99.66 W, 72
2026/09/15 05:12:51.127, 100 %, 52 %, 15834 MiB, 16384 MiB, 62.69 W, 72
2026/09/15 05:12:52.133, 100 %, 51 %, 15834 MiB, 16384 MiB, 130.31 W, 71
2026/09/15 05:12:53.140, 100 %, 36 %, 15834 MiB, 16384 MiB, 244.95 W, 71
2026/09/15 05:12:54.145, 100 %, 6 %, 15834 MiB, 16384 MiB, 227.95 W, 73
2026/09/15 05:12:55.151, 100 %, 0 %, 15834 MiB, 16384 MiB, 128.84 W, 74
2026/09/15 05:12:56.156, 100 %, 0 %, 15834 MiB, 16384 MiB, 128.99 W, 75
2026/09/15 05:12:57.161, 100 %, 0 %, 15834 MiB, 16384 MiB, 128.96 W, 72
2026/09/15 05:12:58.165, 100 %, 0 %, 15834 MiB, 16384 MiB, 129.00 W, 72
2026/09/15 05:12:59.167, 100 %, 0 %, 15834 MiB, 16384 MiB, 128.89 W, 72
2026/09/15 05:13:00.169, 100 %, 0 %, 15834 MiB, 16384 MiB, 128.99 W, 72
2026/09/15 05:13:01.172, 100 %, 0 %, 15834 MiB, 16384 MiB, 128.82 W, 72
2026/09/15 05:13:02.174, 100 %, 0 %, 15834 MiB, 16384 MiB, 127.90 W, 72
2026/09/15 05:13:03.176, 100 %, 0 %, 15834 MiB, 16384 MiB, 127.26 W, 72
2026/09/15 05:13:04.180, 100 %, 0 %, 15834 MiB, 16384 MiB, 126.47 W, 72
2026/09/15 05:13:05.182, 100 %, 4 %, 15834 MiB, 16384 MiB, 125.26 W, 72
2026/09/15 05:13:06.184, 100 %, 6 %, 15834 MiB, 16384 MiB, 121.45 W, 72
2026/09/15 05:13:07.187, 100 %, 14 %, 15834 MiB, 16384 MiB, 129.22 W, 72
2026/09/15 05:13:08.189, 39 %, 35 %, 15834 MiB, 16384 MiB, 65.52 W, 71
2026/09/15 05:13:09.191, 100 %, 0 %, 15834 MiB, 16384 MiB, 128.70 W, 72
2026/09/15 05:13:10.194, 53 %, 4 %, 15834 MiB, 16384 MiB, 127.37 W, 72
2026/09/15 05:13:11.197, 7 %, 7 %, 15834 MiB, 16384 MiB, 68.63 W, 71
2026/09/15 05:13:12.199, 100 %, 0 %, 15834 MiB, 16384 MiB, 128.61 W, 72
2026/09/15 05:13:13.203, 100 %, 3 %, 15834 MiB, 16384 MiB, 127.85 W, 72
2026/09/15 05:13:14.206, 1 %, 2 %, 15834 MiB, 16384 MiB, 67.69 W, 70
2026/09/15 05:13:15.208, 100 %, 0 %, 15834 MiB, 16384 MiB, 128.66 W, 73
2026/09/15 05:13:16.210, 100 %, 0 %, 15834 MiB, 16384 MiB, 125.47 W, 72
2026/09/15 05:13:17.213, 1 %, 2 %, 15834 MiB, 16384 MiB, 67.88 W, 70
2026/09/15 05:13:18.215, 100 %, 13 %, 15834 MiB, 16384 MiB, 236.72 W, 74
2026/09/15 05:13:19.222, 100 %, 0 %, 15834 MiB, 16384 MiB, 123.60 W, 72
2026/09/15 05:13:20.226, 1 %, 2 %, 15834 MiB, 16384 MiB, 66.68 W, 70
2026/09/15 05:13:21.228, 100 %, 49 %, 15834 MiB, 16384 MiB, 152.65 W, 71
2026/09/15 05:13:22.231, 100 %, 0 %, 15834 MiB, 16384 MiB, 124.13 W, 71
2026/09/15 05:13:23.233, 1 %, 2 %, 15834 MiB, 16384 MiB, 102.31 W, 71
2026/09/15 05:13:24.236, 66 %, 55 %, 15834 MiB, 16384 MiB, 61.28 W, 70
2026/09/15 05:13:25.238, 100 %, 0 %, 15834 MiB, 16384 MiB, 124.53 W, 71
2026/09/15 05:13:26.240, 43 %, 4 %, 15834 MiB, 16384 MiB, 122.83 W, 71
2026/09/15 05:13:27.243, 16 %, 15 %, 15834 MiB, 16384 MiB, 65.30 W, 70
2026/09/15 05:13:28.246, 100 %, 0 %, 15834 MiB, 16384 MiB, 124.36 W, 71
2026/09/15 05:13:29.250, 75 %, 4 %, 15834 MiB, 16384 MiB, 122.84 W, 71
2026/09/15 05:13:30.252, 1 %, 2 %, 15834 MiB, 16384 MiB, 66.21 W, 70
2026/09/15 05:13:31.254, 100 %, 0 %, 15834 MiB, 16384 MiB, 124.15 W, 71
2026/09/15 05:13:32.256, 100 %, 0 %, 15834 MiB, 16384 MiB, 123.58 W, 71
2026/09/15 05:13:33.259, 1 %, 2 %, 15834 MiB, 16384 MiB, 65.93 W, 69
2026/09/15 05:13:34.261, 100 %, 0 %, 15834 MiB, 16384 MiB, 124.06 W, 71
2026/09/15 05:13:35.264, 100 %, 0 %, 15834 MiB, 16384 MiB, 124.31 W, 71
2026/09/15 05:13:36.266, 1 %, 2 %, 15834 MiB, 16384 MiB, 65.92 W, 69
2026/09/15 05:13:37.269, 100 %, 23 %, 15834 MiB, 16384 MiB, 124.24 W, 73
2026/09/15 05:13:38.277, 100 %, 0 %, 15834 MiB, 16384 MiB, 124.24 W, 71
2026/09/15 05:13:39.279, 2 %, 3 %, 15834 MiB, 16384 MiB, 66.51 W, 69
2026/09/15 05:13:40.282, 86 %, 53 %, 15834 MiB, 16384 MiB, 246.41 W, 70
2026/09/15 05:13:41.284, 100 %, 0 %, 15834 MiB, 16384 MiB, 123.70 W, 71
2026/09/15 05:13:42.286, 7 %, 6 %, 15834 MiB, 16384 MiB, 66.39 W, 70
2026/09/15 05:13:43.289, 53 %, 49 %, 15834 MiB, 16384 MiB, 140.46 W, 69
2026/09/15 05:13:44.291, 100 %, 0 %, 15834 MiB, 16384 MiB, 124.11 W, 70
2026/09/15 05:13:45.293, 50 %, 4 %, 15834 MiB, 16384 MiB, 110.40 W, 70
2026/09/15 05:13:46.296, 7 %, 7 %, 15834 MiB, 16384 MiB, 62.00 W, 69
2026/09/15 05:13:47.299, 100 %, 0 %, 15834 MiB, 16384 MiB, 123.75 W, 70
2026/09/15 05:13:48.302, 100 %, 2 %, 15834 MiB, 16384 MiB, 122.45 W, 70
2026/09/15 05:13:49.304, 1 %, 2 %, 15834 MiB, 16384 MiB, 65.45 W, 69
2026/09/15 05:13:50.307, 100 %, 0 %, 15834 MiB, 16384 MiB, 123.32 W, 70
2026/09/15 05:13:51.309, 100 %, 0 %, 15834 MiB, 16384 MiB, 123.86 W, 70
2026/09/15 05:13:52.312, 1 %, 2 %, 15834 MiB, 16384 MiB, 65.25 W, 69
2026/09/15 05:13:53.314, 100 %, 15 %, 15834 MiB, 16384 MiB, 124.02 W, 73
2026/09/15 05:13:54.323, 100 %, 0 %, 15834 MiB, 16384 MiB, 120.54 W, 70
2026/09/15 05:13:55.325, 1 %, 2 %, 15834 MiB, 16384 MiB, 65.33 W, 68
2026/09/15 05:13:56.327, 97 %, 55 %, 15834 MiB, 16384 MiB, 241.07 W, 71
2026/09/15 05:13:57.331, 100 %, 0 %, 15834 MiB, 16384 MiB, 124.04 W, 70
2026/09/15 05:13:58.333, 13 %, 5 %, 15834 MiB, 16384 MiB, 65.38 W, 70
2026/09/15 05:13:59.336, 100 %, 8 %, 15834 MiB, 16384 MiB, 115.29 W, 69
2026/09/15 05:14:00.338, 100 %, 0 %, 15834 MiB, 16384 MiB, 123.51 W, 70
2026/09/15 05:14:01.341, 1 %, 2 %, 15834 MiB, 16384 MiB, 101.89 W, 70
2026/09/15 05:14:02.343, 100 %, 40 %, 15834 MiB, 16384 MiB, 61.42 W, 68
2026/09/15 05:14:03.345, 100 %, 0 %, 15834 MiB, 16384 MiB, 123.35 W, 70
2026/09/15 05:14:04.348, 1 %, 2 %, 15834 MiB, 16384 MiB, 122.66 W, 70
2026/09/15 05:14:05.350, 64 %, 48 %, 15834 MiB, 16384 MiB, 64.97 W, 68
2026/09/15 05:14:06.353, 100 %, 0 %, 15834 MiB, 16384 MiB, 123.90 W, 70
2026/09/15 05:14:07.356, 40 %, 4 %, 15834 MiB, 16384 MiB, 123.70 W, 70
2026/09/15 05:14:08.358, 19 %, 17 %, 15834 MiB, 16384 MiB, 65.10 W, 68
2026/09/15 05:14:09.360, 100 %, 0 %, 15834 MiB, 16384 MiB, 123.43 W, 70
2026/09/15 05:14:10.363, 100 %, 7 %, 15834 MiB, 16384 MiB, 72.13 W, 68
2026/09/15 05:14:11.365, 100 %, 7 %, 15834 MiB, 16384 MiB, 67.27 W, 68
2026/09/15 05:14:12.368, 100 %, 7 %, 15834 MiB, 16384 MiB, 71.68 W, 67
2026/09/15 05:14:13.370, 100 %, 7 %, 15834 MiB, 16384 MiB, 71.29 W, 67
2026/09/15 05:14:14.373, 100 %, 9 %, 15834 MiB, 16384 MiB, 71.02 W, 67
2026/09/15 05:14:15.376, 100 %, 7 %, 15834 MiB, 16384 MiB, 64.16 W, 67
2026/09/15 05:14:16.378, 1 %, 2 %, 15834 MiB, 16384 MiB, 68.05 W, 67
2026/09/15 05:14:17.381, 1 %, 2 %, 15834 MiB, 16384 MiB, 50.70 W, 66
2026/09/15 05:14:18.384, 1 %, 2 %, 15834 MiB, 16384 MiB, 50.47 W, 65
2026/09/15 05:14:19.386, 4 %, 4 %, 15834 MiB, 16384 MiB, 50.52 W, 65
2026/09/15 05:14:20.389, 4 %, 4 %, 15834 MiB, 16384 MiB, 50.35 W, 65
2026/09/15 05:14:21.392, 4 %, 5 %, 15834 MiB, 16384 MiB, 50.21 W, 65
2026/09/15 05:14:22.395, 1 %, 2 %, 15834 MiB, 16384 MiB, 49.86 W, 64
2026/09/15 05:14:23.397, 1 %, 2 %, 15834 MiB, 16384 MiB, 53.53 W, 64
2026/09/15 05:14:24.400, 1 %, 3 %, 15834 MiB, 16384 MiB, 49.95 W, 64
2026/09/15 05:14:25.403, 2 %, 3 %, 15834 MiB, 16384 MiB, 50.19 W, 64
2026/09/15 05:14:26.406, 1 %, 2 %, 15834 MiB, 16384 MiB, 49.99 W, 63
2026/09/15 05:14:27.409, 4 %, 4 %, 15834 MiB, 16384 MiB, 50.11 W, 63
2026/09/15 05:14:28.412, 4 %, 4 %, 15834 MiB, 16384 MiB, 50.03 W, 63
2026/09/15 05:14:29.415, 4 %, 5 %, 15834 MiB, 16384 MiB, 49.80 W, 63
2026/09/15 05:14:30.418, 1 %, 2 %, 15834 MiB, 16384 MiB, 53.09 W, 63
2026/09/15 05:14:31.421, 1 %, 2 %, 15834 MiB, 16384 MiB, 49.97 W, 63
2026/09/15 05:14:32.424, 1 %, 3 %, 15834 MiB, 16384 MiB, 50.39 W, 62
2026/09/15 05:14:33.427, 1 %, 2 %, 15834 MiB, 16384 MiB, 49.53 W, 62
2026/09/15 05:14:34.430, 4 %, 5 %, 15834 MiB, 16384 MiB, 49.65 W, 62
2026/09/15 05:14:35.433, 4 %, 4 %, 15834 MiB, 16384 MiB, 49.82 W, 62
2026/09/15 05:14:36.437, 4 %, 4 %, 15834 MiB, 16384 MiB, 49.75 W, 62
2026/09/15 05:14:37.440, 1 %, 2 %, 15834 MiB, 16384 MiB, 49.22 W, 61
2026/09/15 05:14:38.443, 100 %, 9 %, 15834 MiB, 16384 MiB, 68.62 W, 62
2026/09/15 05:14:39.447, 100 %, 6 %, 15834 MiB, 16384 MiB, 63.05 W, 62
2026/09/15 05:14:40.451, 100 %, 6 %, 15834 MiB, 16384 MiB, 68.89 W, 62
2026/09/15 05:14:41.454, 100 %, 9 %, 15834 MiB, 16384 MiB, 68.72 W, 62
2026/09/15 05:14:42.458, 100 %, 6 %, 15834 MiB, 16384 MiB, 63.20 W, 62
2026/09/15 05:14:43.461, 100 %, 6 %, 15834 MiB, 16384 MiB, 63.02 W, 62
2026/09/15 05:14:44.465, 1 %, 2 %, 15834 MiB, 16384 MiB, 62.12 W, 61
2026/09/15 05:14:45.468, 4 %, 4 %, 15834 MiB, 16384 MiB, 49.16 W, 61
2026/09/15 05:14:46.472, 4 %, 4 %, 15834 MiB, 16384 MiB, 49.59 W, 60
2026/09/15 05:14:47.475, 4 %, 5 %, 15834 MiB, 16384 MiB, 49.15 W, 60
2026/09/15 05:14:48.479, 1 %, 2 %, 15834 MiB, 16384 MiB, 52.35 W, 60
2026/09/15 05:14:49.482, 1 %, 2 %, 15834 MiB, 16384 MiB, 48.86 W, 60
2026/09/15 05:14:50.486, 1 %, 2 %, 15834 MiB, 16384 MiB, 48.85 W, 60
2026/09/15 05:14:51.488, 1 %, 2 %, 15834 MiB, 16384 MiB, 48.57 W, 60
2026/09/15 05:14:52.491, 4 %, 4 %, 15834 MiB, 16384 MiB, 49.31 W, 60
2026/09/15 05:14:53.493, 4 %, 4 %, 15834 MiB, 16384 MiB, 49.17 W, 59
2026/09/15 05:14:54.496, 4 %, 5 %, 15834 MiB, 16384 MiB, 48.44 W, 59
2026/09/15 05:14:55.498, 2 %, 3 %, 15834 MiB, 16384 MiB, 48.33 W, 59
2026/09/15 05:14:56.501, 2 %, 3 %, 15834 MiB, 16384 MiB, 51.72 W, 59
2026/09/15 05:14:57.504, 1 %, 2 %, 15834 MiB, 16384 MiB, 48.60 W, 59
2026/09/15 05:14:58.506, 1 %, 2 %, 15834 MiB, 16384 MiB, 48.61 W, 59
2026/09/15 05:14:59.509, 1 %, 2 %, 15834 MiB, 16384 MiB, 48.53 W, 59
2026/09/15 05:15:00.511, 4 %, 4 %, 15834 MiB, 16384 MiB, 48.69 W, 59
2026/09/15 05:15:01.514, 4 %, 4 %, 15834 MiB, 16384 MiB, 48.58 W, 58
2026/09/15 05:15:02.516, 2 %, 2 %, 15834 MiB, 16384 MiB, 48.60 W, 58
2026/09/15 05:15:03.519, 1 %, 2 %, 15834 MiB, 16384 MiB, 51.73 W, 58
2026/09/15 05:15:04.521, 1 %, 2 %, 15834 MiB, 16384 MiB, 51.99 W, 58
2026/09/15 05:15:05.524, 1 %, 2 %, 15834 MiB, 16384 MiB, 48.50 W, 58
2026/09/15 05:15:06.526, 100 %, 6 %, 15834 MiB, 16384 MiB, 61.56 W, 59
2026/09/15 05:15:07.529, 100 %, 7 %, 15834 MiB, 16384 MiB, 67.63 W, 59
2026/09/15 05:15:08.532, 100 %, 9 %, 15834 MiB, 16384 MiB, 67.76 W, 59
2026/09/15 05:15:09.534, 100 %, 7 %, 15834 MiB, 16384 MiB, 61.88 W, 59
2026/09/15 05:15:10.537, 100 %, 6 %, 15834 MiB, 16384 MiB, 67.12 W, 59
2026/09/15 05:15:11.539, 100 %, 9 %, 15834 MiB, 16384 MiB, 67.82 W, 59
2026/09/15 05:15:12.542, 4 %, 4 %, 15834 MiB, 16384 MiB, 62.70 W, 59
2026/09/15 05:15:13.544, 1 %, 2 %, 15834 MiB, 16384 MiB, 61.85 W, 59
2026/09/15 05:15:14.546, 1 %, 2 %, 15834 MiB, 16384 MiB, 51.46 W, 58
2026/09/15 05:15:15.552, 1 %, 2 %, 15834 MiB, 16384 MiB, 48.29 W, 58
2026/09/15 05:15:16.554, 1 %, 2 %, 15834 MiB, 16384 MiB, 48.39 W, 58
2026/09/15 05:15:17.557, 1 %, 2 %, 15834 MiB, 16384 MiB, 48.36 W, 58
2026/09/15 05:15:18.559, 4 %, 4 %, 15834 MiB, 16384 MiB, 48.22 W, 58
2026/09/15 05:15:19.562, 4 %, 4 %, 15834 MiB, 16384 MiB, 48.24 W, 57
2026/09/15 05:15:20.565, 4 %, 4 %, 15834 MiB, 16384 MiB, 48.45 W, 57
2026/09/15 05:15:21.567, 1 %, 2 %, 15834 MiB, 16384 MiB, 48.19 W, 57
2026/09/15 05:15:22.570, 1 %, 2 %, 15834 MiB, 16384 MiB, 47.65 W, 57
2026/09/15 05:15:23.573, 2 %, 3 %, 15834 MiB, 16384 MiB, 51.33 W, 57
2026/09/15 05:15:24.575, 2 %, 3 %, 15834 MiB, 16384 MiB, 48.08 W, 57
2026/09/15 05:15:25.578, 1 %, 2 %, 15834 MiB, 16384 MiB, 48.19 W, 57
2026/09/15 05:15:26.580, 1 %, 2 %, 15834 MiB, 16384 MiB, 48.30 W, 57
2026/09/15 05:15:27.583, 4 %, 4 %, 15834 MiB, 16384 MiB, 48.07 W, 57
2026/09/15 05:15:28.585, 4 %, 5 %, 15834 MiB, 16384 MiB, 48.27 W, 57
2026/09/15 05:15:29.588, 1 %, 2 %, 15834 MiB, 16384 MiB, 47.87 W, 57
2026/09/15 05:15:30.590, 1 %, 2 %, 15834 MiB, 16384 MiB, 51.16 W, 57
2026/09/15 05:15:31.593, 1 %, 3 %, 15834 MiB, 16384 MiB, 51.07 W, 57
2026/09/15 05:15:32.596, 1 %, 2 %, 15834 MiB, 16384 MiB, 48.43 W, 57
2026/09/15 05:15:33.599, 1 %, 2 %, 15834 MiB, 16384 MiB, 48.55 W, 57
2026/09/15 05:15:34.602, 100 %, 6 %, 15834 MiB, 16384 MiB, 66.38 W, 57
2026/09/15 05:15:35.605, 100 %, 9 %, 15834 MiB, 16384 MiB, 66.83 W, 58
2026/09/15 05:15:36.609, 100 %, 9 %, 15834 MiB, 16384 MiB, 67.14 W, 58
2026/09/15 05:15:37.612, 100 %, 7 %, 15834 MiB, 16384 MiB, 61.15 W, 58
2026/09/15 05:15:38.616, 100 %, 7 %, 15834 MiB, 16384 MiB, 66.91 W, 58
2026/09/15 05:15:39.619, 100 %, 9 %, 15834 MiB, 16384 MiB, 66.94 W, 58
2026/09/15 05:15:40.622, 4 %, 4 %, 15834 MiB, 16384 MiB, 59.92 W, 58
2026/09/15 05:15:41.626, 1 %, 2 %, 15834 MiB, 16384 MiB, 64.43 W, 58
2026/09/15 05:15:42.628, 1 %, 2 %, 15834 MiB, 16384 MiB, 50.56 W, 57
2026/09/15 05:15:43.632, 1 %, 2 %, 15834 MiB, 16384 MiB, 47.46 W, 57
2026/09/15 05:15:44.635, 1 %, 2 %, 15834 MiB, 16384 MiB, 47.17 W, 57
2026/09/15 05:15:45.638, 4 %, 4 %, 15834 MiB, 16384 MiB, 47.38 W, 57
2026/09/15 05:15:46.643, 4 %, 4 %, 15834 MiB, 16384 MiB, 47.43 W, 57
2026/09/15 05:15:47.646, 4 %, 5 %, 15834 MiB, 16384 MiB, 47.52 W, 57
2026/09/15 05:15:48.649, 2 %, 3 %, 15834 MiB, 16384 MiB, 46.94 W, 56
2026/09/15 05:15:49.652, 1 %, 2 %, 15834 MiB, 16384 MiB, 50.77 W, 56
2026/09/15 05:15:50.655, 1 %, 2 %, 15834 MiB, 16384 MiB, 50.73 W, 56
2026/09/15 05:15:51.658, 2 %, 3 %, 15834 MiB, 16384 MiB, 47.71 W, 56
2026/09/15 05:15:52.661, 2 %, 3 %, 15834 MiB, 16384 MiB, 47.43 W, 56
2026/09/15 05:15:53.664, 4 %, 4 %, 15834 MiB, 16384 MiB, 47.90 W, 56
2026/09/15 05:15:54.668, 4 %, 4 %, 15834 MiB, 16384 MiB, 47.78 W, 56
2026/09/15 05:15:55.671, 4 %, 5 %, 15834 MiB, 16384 MiB, 47.44 W, 56
2026/09/15 05:15:56.677, 1 %, 3 %, 15834 MiB, 16384 MiB, 46.58 W, 56
2026/09/15 05:15:57.680, 1 %, 2 %, 15834 MiB, 16384 MiB, 50.45 W, 56
2026/09/15 05:15:58.683, 1 %, 2 %, 15834 MiB, 16384 MiB, 47.25 W, 56
2026/09/15 05:15:59.686, 1 %, 2 %, 15834 MiB, 16384 MiB, 46.97 W, 56
2026/09/15 05:16:00.688, 1 %, 2 %, 15834 MiB, 16384 MiB, 47.18 W, 56
2026/09/15 05:16:01.691, 1 %, 2 %, 15834 MiB, 16384 MiB, 47.32 W, 56
2026/09/15 05:16:02.694, 43 %, 9 %, 15834 MiB, 16384 MiB, 55.18 W, 56
2026/09/15 05:16:03.698, 100 %, 7 %, 15834 MiB, 16384 MiB, 66.29 W, 57
2026/09/15 05:16:04.701, 100 %, 9 %, 15834 MiB, 16384 MiB, 66.41 W, 57
2026/09/15 05:16:05.704, 100 %, 9 %, 15834 MiB, 16384 MiB, 60.79 W, 57
2026/09/15 05:16:06.707, 100 %, 6 %, 15834 MiB, 16384 MiB, 66.64 W, 57
2026/09/15 05:16:07.710, 100 %, 6 %, 15834 MiB, 16384 MiB, 66.74 W, 57
2026/09/15 05:16:08.714, 3 %, 4 %, 15834 MiB, 16384 MiB, 64.66 W, 57
2026/09/15 05:16:09.716, 1 %, 2 %, 15834 MiB, 16384 MiB, 59.95 W, 57
2026/09/15 05:16:10.720, 1 %, 2 %, 15834 MiB, 16384 MiB, 47.19 W, 56
2026/09/15 05:16:11.724, 1 %, 2 %, 15834 MiB, 16384 MiB, 47.22 W, 56
2026/09/15 05:16:12.727, 1 %, 2 %, 15834 MiB, 16384 MiB, 47.13 W, 56
2026/09/15 05:16:13.730, 1 %, 2 %, 15834 MiB, 16384 MiB, 47.90 W, 56
2026/09/15 05:16:14.733, 4 %, 4 %, 15834 MiB, 16384 MiB, 47.17 W, 56
2026/09/15 05:16:15.736, 4 %, 4 %, 15834 MiB, 16384 MiB, 50.70 W, 56
2026/09/15 05:16:16.739, 1 %, 2 %, 15834 MiB, 16384 MiB, 47.42 W, 56
2026/09/15 05:16:17.742, 1 %, 2 %, 15834 MiB, 16384 MiB, 47.43 W, 56
2026/09/15 05:16:18.746, 1 %, 2 %, 15834 MiB, 16384 MiB, 47.40 W, 56
2026/09/15 05:16:19.749, 2 %, 3 %, 15834 MiB, 16384 MiB, 47.57 W, 56
2026/09/15 05:16:20.752, 1 %, 2 %, 15834 MiB, 16384 MiB, 47.50 W, 56
2026/09/15 05:16:21.756, 4 %, 4 %, 15834 MiB, 16384 MiB, 50.54 W, 56
2026/09/15 05:16:22.759, 4 %, 5 %, 15834 MiB, 16384 MiB, 47.54 W, 56
2026/09/15 05:16:23.762, 1 %, 2 %, 15834 MiB, 16384 MiB, 47.54 W, 56
2026/09/15 05:16:24.765, 1 %, 2 %, 15834 MiB, 16384 MiB, 47.52 W, 56
2026/09/15 05:16:25.768, 1 %, 2 %, 15834 MiB, 16384 MiB, 47.76 W, 56
2026/09/15 05:16:26.771, 1 %, 2 %, 15834 MiB, 16384 MiB, 47.53 W, 56
2026/09/15 05:16:27.774, 3 %, 4 %, 15834 MiB, 16384 MiB, 46.31 W, 56
2026/09/15 05:16:28.777, 4 %, 4 %, 15834 MiB, 16384 MiB, 46.97 W, 56
2026/09/15 05:16:29.780, 1 %, 2 %, 15834 MiB, 16384 MiB, 47.27 W, 56
2026/09/15 05:16:30.784, 1 %, 2 %, 15834 MiB, 16384 MiB, 47.14 W, 56
2026/09/15 05:16:31.787, 100 %, 7 %, 15834 MiB, 16384 MiB, 60.09 W, 57
2026/09/15 05:16:32.790, 100 %, 7 %, 15834 MiB, 16384 MiB, 66.00 W, 56
2026/09/15 05:16:33.793, 100 %, 6 %, 15834 MiB, 16384 MiB, 66.07 W, 57
2026/09/15 05:16:34.796, 100 %, 9 %, 15834 MiB, 16384 MiB, 61.65 W, 57
2026/09/15 05:16:35.799, 100 %, 7 %, 15834 MiB, 16384 MiB, 67.28 W, 57
2026/09/15 05:16:36.802, 1 %, 2 %, 15834 MiB, 16384 MiB, 59.50 W, 57
2026/09/15 05:16:37.806, 4 %, 4 %, 15834 MiB, 16384 MiB, 63.90 W, 57
2026/09/15 05:16:38.809, 4 %, 4 %, 15834 MiB, 16384 MiB, 50.29 W, 56
2026/09/15 05:16:39.812, 1 %, 2 %, 15834 MiB, 16384 MiB, 46.92 W, 56
2026/09/15 05:16:40.815, 1 %, 2 %, 15834 MiB, 16384 MiB, 46.90 W, 56
2026/09/15 05:16:41.818, 1 %, 2 %, 15834 MiB, 16384 MiB, 46.95 W, 56
2026/09/15 05:16:42.821, 1 %, 2 %, 15834 MiB, 16384 MiB, 46.98 W, 56
2026/09/15 05:16:43.825, 1 %, 2 %, 15834 MiB, 16384 MiB, 47.21 W, 56
2026/09/15 05:16:44.828, 4 %, 5 %, 15834 MiB, 16384 MiB, 46.91 W, 56
2026/09/15 05:16:45.830, 4 %, 4 %, 15834 MiB, 16384 MiB, 50.18 W, 56
2026/09/15 05:16:46.834, 4 %, 4 %, 15834 MiB, 16384 MiB, 50.49 W, 56
2026/09/15 05:16:47.837, 1 %, 2 %, 15834 MiB, 16384 MiB, 46.84 W, 56
2026/09/15 05:16:48.840, 2 %, 3 %, 15834 MiB, 16384 MiB, 47.14 W, 56
2026/09/15 05:16:49.843, 2 %, 3 %, 15834 MiB, 16384 MiB, 47.29 W, 56
2026/09/15 05:16:50.846, 1 %, 2 %, 15834 MiB, 16384 MiB, 47.09 W, 56
2026/09/15 05:16:51.850, 4 %, 4 %, 15834 MiB, 16384 MiB, 50.26 W, 56
2026/09/15 05:16:52.853, 4 %, 4 %, 15834 MiB, 16384 MiB, 49.93 W, 56
2026/09/15 05:16:53.856, 1 %, 2 %, 15834 MiB, 16384 MiB, 46.94 W, 56
2026/09/15 05:16:54.859, 1 %, 2 %, 15834 MiB, 16384 MiB, 47.43 W, 56
2026/09/15 05:16:55.863, 1 %, 2 %, 15834 MiB, 16384 MiB, 47.59 W, 55
2026/09/15 05:16:56.866, 1 %, 3 %, 15834 MiB, 16384 MiB, 47.30 W, 56
2026/09/15 05:16:57.869, 1 %, 2 %, 15834 MiB, 16384 MiB, 47.37 W, 56
2026/09/15 05:16:58.872, 4 %, 5 %, 15834 MiB, 16384 MiB, 46.71 W, 56
2026/09/15 05:16:59.875, 100 %, 9 %, 15834 MiB, 16384 MiB, 66.19 W, 56
2026/09/15 05:17:00.878, 100 %, 9 %, 15834 MiB, 16384 MiB, 59.99 W, 56
2026/09/15 05:17:01.882, 100 %, 6 %, 15834 MiB, 16384 MiB, 66.23 W, 57
2026/09/15 05:17:02.886, 100 %, 6 %, 15834 MiB, 16384 MiB, 65.96 W, 57
2026/09/15 05:17:03.889, 100 %, 8 %, 15834 MiB, 16384 MiB, 66.36 W, 57
2026/09/15 05:17:04.892, 93 %, 9 %, 15834 MiB, 16384 MiB, 60.29 W, 57
2026/09/15 05:17:05.896, 1 %, 2 %, 15834 MiB, 16384 MiB, 59.60 W, 57
2026/09/15 05:17:06.898, 1 %, 2 %, 15834 MiB, 16384 MiB, 47.16 W, 56
2026/09/15 05:17:07.902, 1 %, 2 %, 15834 MiB, 16384 MiB, 47.40 W, 56
2026/09/15 05:17:08.905, 1 %, 2 %, 15834 MiB, 16384 MiB, 47.53 W, 56
2026/09/15 05:17:09.908, 3 %, 4 %, 15834 MiB, 16384 MiB, 47.37 W, 56
2026/09/15 05:17:10.911, 3 %, 4 %, 15834 MiB, 16384 MiB, 50.70 W, 56
2026/09/15 05:17:11.913, 3 %, 4 %, 15834 MiB, 16384 MiB, 50.82 W, 56
2026/09/15 05:17:12.917, 1 %, 2 %, 15834 MiB, 16384 MiB, 47.50 W, 56
2026/09/15 05:17:13.927, 1 %, 2 %, 15834 MiB, 16384 MiB, 47.68 W, 56
2026/09/15 05:17:14.930, 1 %, 3 %, 15834 MiB, 16384 MiB, 47.42 W, 56
2026/09/15 05:17:15.932, 1 %, 2 %, 15834 MiB, 16384 MiB, 47.97 W, 56
2026/09/15 05:17:16.935, 1 %, 2 %, 15834 MiB, 16384 MiB, 48.11 W, 56
2026/09/15 05:17:17.937, 1 %, 3 %, 15834 MiB, 16384 MiB, 47.48 W, 56
2026/09/15 05:17:18.940, 3 %, 4 %, 15834 MiB, 16384 MiB, 47.09 W, 56
2026/09/15 05:17:19.942, 3 %, 4 %, 15834 MiB, 16384 MiB, 50.88 W, 56
2026/09/15 05:17:20.945, 3 %, 4 %, 15834 MiB, 16384 MiB, 50.92 W, 56
2026/09/15 05:17:21.948, 1 %, 2 %, 15834 MiB, 16384 MiB, 47.53 W, 56
2026/09/15 05:17:22.950, 1 %, 2 %, 15834 MiB, 16384 MiB, 47.35 W, 56
2026/09/15 05:17:23.953, 1 %, 2 %, 15834 MiB, 16384 MiB, 47.23 W, 56
2026/09/15 05:17:24.955, 1 %, 3 %, 15834 MiB, 16384 MiB, 47.22 W, 56
2026/09/15 05:17:25.958, 2 %, 3 %, 15834 MiB, 16384 MiB, 46.99 W, 56
2026/09/15 05:17:26.960, 1 %, 2 %, 15834 MiB, 16384 MiB, 47.15 W, 56
2026/09/15 05:17:27.963, 100 %, 56 %, 15834 MiB, 16384 MiB, 127.90 W, 57
2026/09/15 05:17:28.965, 100 %, 69 %, 15834 MiB, 16384 MiB, 218.46 W, 60
2026/09/15 05:17:29.968, 100 %, 34 %, 15834 MiB, 16384 MiB, 211.87 W, 62
2026/09/15 05:17:30.972, 100 %, 3 %, 15834 MiB, 16384 MiB, 116.72 W, 60
2026/09/15 05:17:31.975, 100 %, 7 %, 15834 MiB, 16384 MiB, 138.17 W, 60
2026/09/15 05:17:32.977, 100 %, 17 %, 15834 MiB, 16384 MiB, 85.12 W, 60
2026/09/15 05:17:33.983, 100 %, 52 %, 15834 MiB, 16384 MiB, 109.62 W, 60
2026/09/15 05:17:34.989, 100 %, 4 %, 15834 MiB, 16384 MiB, 207.76 W, 63
2026/09/15 05:17:35.997, 100 %, 7 %, 15834 MiB, 16384 MiB, 236.14 W, 64
2026/09/15 05:17:36.999, 100 %, 19 %, 15834 MiB, 16384 MiB, 117.93 W, 62
2026/09/15 05:17:38.002, 100 %, 53 %, 15834 MiB, 16384 MiB, 118.20 W, 62
2026/09/15 05:17:39.004, 100 %, 73 %, 15834 MiB, 16384 MiB, 108.23 W, 63
2026/09/15 05:17:40.006, 100 %, 34 %, 15834 MiB, 16384 MiB, 195.01 W, 62
2026/09/15 05:17:41.009, 100 %, 1 %, 15834 MiB, 16384 MiB, 227.05 W, 65
2026/09/15 05:17:42.015, 100 %, 7 %, 15834 MiB, 16384 MiB, 116.99 W, 66
2026/09/15 05:17:43.018, 100 %, 19 %, 15834 MiB, 16384 MiB, 118.42 W, 63
2026/09/15 05:17:44.020, 100 %, 49 %, 15834 MiB, 16384 MiB, 107.04 W, 64
2026/09/15 05:17:45.022, 100 %, 74 %, 15834 MiB, 16384 MiB, 91.97 W, 63
2026/09/15 05:17:46.025, 100 %, 33 %, 15834 MiB, 16384 MiB, 202.05 W, 65
2026/09/15 05:17:47.027, 100 %, 2 %, 15834 MiB, 16384 MiB, 219.22 W, 67
2026/09/15 05:17:48.034, 100 %, 7 %, 15834 MiB, 16384 MiB, 114.89 W, 66
2026/09/15 05:17:49.036, 83 %, 5 %, 15834 MiB, 16384 MiB, 145.03 W, 68
2026/09/15 05:17:50.039, 100 %, 1 %, 15834 MiB, 16384 MiB, 228.20 W, 68
2026/09/15 05:17:51.042, 100 %, 5 %, 15834 MiB, 16384 MiB, 257.61 W, 67
2026/09/15 05:17:52.046, 100 %, 25 %, 15834 MiB, 16384 MiB, 216.32 W, 68
2026/09/15 05:17:53.051, 100 %, 45 %, 15834 MiB, 16384 MiB, 196.50 W, 65
2026/09/15 05:17:54.057, 100 %, 54 %, 15834 MiB, 16384 MiB, 141.42 W, 65
2026/09/15 05:17:55.059, 86 %, 70 %, 15834 MiB, 16384 MiB, 57.96 W, 64
2026/09/15 05:17:56.061, 56 %, 52 %, 15834 MiB, 16384 MiB, 61.57 W, 64
2026/09/15 05:17:57.064, 25 %, 22 %, 15834 MiB, 16384 MiB, 63.87 W, 64
2026/09/15 05:17:58.066, 6 %, 6 %, 15834 MiB, 16384 MiB, 64.32 W, 64
2026/09/15 05:17:59.068, 1 %, 2 %, 15834 MiB, 16384 MiB, 63.12 W, 64
2026/09/15 05:18:00.071, 1 %, 2 %, 15834 MiB, 16384 MiB, 63.26 W, 65
2026/09/15 05:18:01.073, 1 %, 2 %, 15834 MiB, 16384 MiB, 63.31 W, 65
2026/09/15 05:18:02.076, 1 %, 2 %, 15834 MiB, 16384 MiB, 63.47 W, 65
2026/09/15 05:18:03.079, 1 %, 2 %, 15834 MiB, 16384 MiB, 56.44 W, 66
2026/09/15 05:18:04.082, 13 %, 7 %, 15834 MiB, 16384 MiB, 67.88 W, 66
2026/09/15 05:18:05.084, 45 %, 7 %, 15834 MiB, 16384 MiB, 130.10 W, 66
2026/09/15 05:18:06.087, 78 %, 7 %, 15834 MiB, 16384 MiB, 120.87 W, 67
2026/09/15 05:18:07.089, 100 %, 2 %, 15834 MiB, 16384 MiB, 117.53 W, 70
2026/09/15 05:18:08.092, 100 %, 20 %, 15834 MiB, 16384 MiB, 187.27 W, 70
2026/09/15 05:18:09.095, 100 %, 46 %, 15834 MiB, 16384 MiB, 245.17 W, 69
2026/09/15 05:18:10.098, 100 %, 61 %, 15834 MiB, 16384 MiB, 236.55 W, 68
2026/09/15 05:18:11.103, 93 %, 74 %, 15834 MiB, 16384 MiB, 208.37 W, 67
2026/09/15 05:18:12.106, 68 %, 63 %, 15834 MiB, 16384 MiB, 136.53 W, 66
2026/09/15 05:18:13.112, 39 %, 34 %, 15834 MiB, 16384 MiB, 58.43 W, 66
2026/09/15 05:18:14.114, 6 %, 6 %, 15834 MiB, 16384 MiB, 62.90 W, 66
2026/09/15 05:18:15.117, 1 %, 2 %, 15834 MiB, 16384 MiB, 63.66 W, 66
2026/09/15 05:18:16.119, 1 %, 2 %, 15834 MiB, 16384 MiB, 65.19 W, 66
2026/09/15 05:18:17.122, 1 %, 2 %, 15834 MiB, 16384 MiB, 65.53 W, 66
2026/09/15 05:18:18.125, 1 %, 2 %, 15834 MiB, 16384 MiB, 64.29 W, 66
2026/09/15 05:18:19.127, 1 %, 2 %, 15834 MiB, 16384 MiB, 64.17 W, 66
2026/09/15 05:18:20.130, 1 %, 2 %, 15834 MiB, 16384 MiB, 64.24 W, 66
2026/09/15 05:18:21.132, 27 %, 8 %, 15834 MiB, 16384 MiB, 115.78 W, 68
2026/09/15 05:18:22.136, 1 %, 2 %, 15834 MiB, 16384 MiB, 135.05 W, 67
2026/09/15 05:18:23.139, 1 %, 2 %, 15834 MiB, 16384 MiB, 115.28 W, 68
2026/09/15 05:18:24.141, 5 %, 4 %, 15834 MiB, 16384 MiB, 122.50 W, 68
2026/09/15 05:18:25.144, 35 %, 8 %, 15834 MiB, 16384 MiB, 170.30 W, 71
2026/09/15 05:18:26.147, 63 %, 6 %, 15834 MiB, 16384 MiB, 238.40 W, 71
2026/09/15 05:18:27.152, 94 %, 5 %, 15834 MiB, 16384 MiB, 210.90 W, 70
2026/09/15 05:18:28.157, 100 %, 2 %, 15834 MiB, 16384 MiB, 180.04 W, 69
2026/09/15 05:18:29.164, 100 %, 35 %, 15834 MiB, 16384 MiB, 103.92 W, 71
2026/09/15 05:18:30.167, 100 %, 30 %, 15834 MiB, 16384 MiB, 67.78 W, 69
2026/09/15 05:18:31.169, 100 %, 34 %, 15834 MiB, 16384 MiB, 60.81 W, 69
2026/09/15 05:18:32.171, 100 %, 30 %, 15834 MiB, 16384 MiB, 97.78 W, 69
2026/09/15 05:18:33.174, 100 %, 19 %, 15834 MiB, 16384 MiB, 174.94 W, 68
2026/09/15 05:18:34.176, 100 %, 7 %, 15834 MiB, 16384 MiB, 240.04 W, 68
2026/09/15 05:18:35.182, 100 %, 5 %, 15834 MiB, 16384 MiB, 213.79 W, 69
2026/09/15 05:18:36.184, 100 %, 7 %, 15834 MiB, 16384 MiB, 165.33 W, 72
2026/09/15 05:18:37.187, 100 %, 19 %, 15834 MiB, 16384 MiB, 132.30 W, 73
2026/09/15 05:18:38.194, 100 %, 35 %, 15834 MiB, 16384 MiB, 118.53 W, 70
2026/09/15 05:18:39.196, 100 %, 34 %, 15834 MiB, 16384 MiB, 96.65 W, 70
2026/09/15 05:18:40.198, 100 %, 33 %, 15834 MiB, 16384 MiB, 63.41 W, 70
2026/09/15 05:18:41.202, 100 %, 31 %, 15834 MiB, 16384 MiB, 61.31 W, 69
2026/09/15 05:18:42.204, 63 %, 6 %, 15834 MiB, 16384 MiB, 232.81 W, 70
2026/09/15 05:18:43.207, 18 %, 14 %, 15834 MiB, 16384 MiB, 64.94 W, 68
2026/09/15 05:18:44.209, 1 %, 2 %, 15834 MiB, 16384 MiB, 65.25 W, 69
2026/09/15 05:18:45.212, 85 %, 24 %, 15834 MiB, 16384 MiB, 133.06 W, 69
2026/09/15 05:18:46.225, 1 %, 2 %, 15834 MiB, 16384 MiB, 65.20 W, 68
2026/09/15 05:18:47.227, 1 %, 2 %, 15834 MiB, 16384 MiB, 121.86 W, 69
2026/09/15 05:18:48.229, 72 %, 31 %, 15834 MiB, 16384 MiB, 161.65 W, 68
2026/09/15 05:18:49.232, 20 %, 14 %, 15834 MiB, 16384 MiB, 62.35 W, 68
2026/09/15 05:18:50.234, 1 %, 2 %, 15834 MiB, 16384 MiB, 65.21 W, 69
2026/09/15 05:18:51.237, 97 %, 34 %, 15834 MiB, 16384 MiB, 231.26 W, 68
2026/09/15 05:18:52.241, 1 %, 2 %, 15834 MiB, 16384 MiB, 65.00 W, 68
2026/09/15 05:18:53.245, 11 %, 4 %, 15834 MiB, 16384 MiB, 82.22 W, 69
2026/09/15 05:18:54.247, 64 %, 34 %, 15834 MiB, 16384 MiB, 114.12 W, 68
2026/09/15 05:18:55.250, 1 %, 2 %, 15834 MiB, 16384 MiB, 64.88 W, 67
2026/09/15 05:18:56.252, 50 %, 4 %, 15834 MiB, 16384 MiB, 133.13 W, 72
2026/09/15 05:18:57.256, 25 %, 20 %, 15834 MiB, 16384 MiB, 62.77 W, 67
2026/09/15 05:18:58.259, 1 %, 3 %, 15834 MiB, 16384 MiB, 64.95 W, 67
2026/09/15 05:18:59.261, 56 %, 4 %, 15834 MiB, 16384 MiB, 139.12 W, 72
2026/09/15 05:19:00.268, 17 %, 13 %, 15834 MiB, 16384 MiB, 62.55 W, 67
2026/09/15 05:19:01.270, 2 %, 3 %, 15834 MiB, 16384 MiB, 64.80 W, 67
2026/09/15 05:19:02.273, 86 %, 28 %, 15834 MiB, 16384 MiB, 210.91 W, 69
2026/09/15 05:19:03.276, 1 %, 2 %, 15834 MiB, 16384 MiB, 63.65 W, 67
2026/09/15 05:19:04.278, 1 %, 3 %, 15834 MiB, 16384 MiB, 65.02 W, 67
2026/09/15 05:19:05.282, 97 %, 35 %, 15834 MiB, 16384 MiB, 242.43 W, 68
2026/09/15 05:19:06.285, 2 %, 3 %, 15834 MiB, 16384 MiB, 64.81 W, 67
2026/09/15 05:19:07.287, 16 %, 4 %, 15834 MiB, 16384 MiB, 93.12 W, 68
2026/09/15 05:19:08.289, 49 %, 33 %, 15834 MiB, 16384 MiB, 67.89 W, 67
2026/09/15 05:19:09.292, 1 %, 2 %, 15834 MiB, 16384 MiB, 64.64 W, 67
2026/09/15 05:19:10.295, 59 %, 4 %, 15834 MiB, 16384 MiB, 126.64 W, 71
2026/09/15 05:19:11.298, 12 %, 9 %, 15834 MiB, 16384 MiB, 62.67 W, 67
2026/09/15 05:19:12.300, 1 %, 2 %, 15834 MiB, 16384 MiB, 64.70 W, 67
2026/09/15 05:19:13.303, 100 %, 10 %, 15836 MiB, 16384 MiB, 75.41 W, 67
2026/09/15 05:19:14.305, 100 %, 7 %, 15836 MiB, 16384 MiB, 74.87 W, 66
2026/09/15 05:19:15.308, 100 %, 7 %, 15836 MiB, 16384 MiB, 65.45 W, 66
2026/09/15 05:19:16.310, 100 %, 7 %, 15836 MiB, 16384 MiB, 74.84 W, 66
2026/09/15 05:19:17.312, 100 %, 7 %, 15836 MiB, 16384 MiB, 66.43 W, 66
2026/09/15 05:19:18.315, 100 %, 7 %, 15836 MiB, 16384 MiB, 76.21 W, 66
2026/09/15 05:19:19.317, 1 %, 1 %, 15836 MiB, 16384 MiB, 65.12 W, 66
2026/09/15 05:19:20.320, 6 %, 4 %, 15836 MiB, 16384 MiB, 73.22 W, 65
2026/09/15 05:19:21.324, 1 %, 2 %, 15836 MiB, 16384 MiB, 50.42 W, 65
2026/09/15 05:19:22.328, 1 %, 2 %, 15836 MiB, 16384 MiB, 50.35 W, 64
2026/09/15 05:19:23.331, 1 %, 2 %, 15836 MiB, 16384 MiB, 50.01 W, 64
2026/09/15 05:19:24.334, 1 %, 2 %, 15836 MiB, 16384 MiB, 50.11 W, 64
2026/09/15 05:19:25.337, 7 %, 4 %, 15836 MiB, 16384 MiB, 49.94 W, 64
2026/09/15 05:19:26.340, 6 %, 4 %, 15836 MiB, 16384 MiB, 55.53 W, 63
2026/09/15 05:19:27.343, 7 %, 5 %, 15836 MiB, 16384 MiB, 55.71 W, 63
2026/09/15 05:19:28.346, 1 %, 2 %, 15836 MiB, 16384 MiB, 49.66 W, 63
2026/09/15 05:19:29.349, 1 %, 2 %, 15836 MiB, 16384 MiB, 49.88 W, 63
2026/09/15 05:19:30.351, 2 %, 3 %, 15836 MiB, 16384 MiB, 50.17 W, 63
2026/09/15 05:19:31.354, 2 %, 3 %, 15836 MiB, 16384 MiB, 50.03 W, 63
2026/09/15 05:19:32.357, 7 %, 4 %, 15836 MiB, 16384 MiB, 49.50 W, 62
2026/09/15 05:19:33.361, 7 %, 4 %, 15836 MiB, 16384 MiB, 54.71 W, 62
2026/09/15 05:19:34.365, 7 %, 5 %, 15836 MiB, 16384 MiB, 55.28 W, 62
2026/09/15 05:19:35.368, 2 %, 3 %, 15836 MiB, 16384 MiB, 49.84 W, 62
2026/09/15 05:19:36.372, 1 %, 2 %, 15836 MiB, 16384 MiB, 49.45 W, 62
2026/09/15 05:19:37.375, 1 %, 3 %, 15836 MiB, 16384 MiB, 50.07 W, 62
2026/09/15 05:19:38.378, 1 %, 3 %, 15836 MiB, 16384 MiB, 49.98 W, 61
2026/09/15 05:19:39.380, 6 %, 4 %, 15836 MiB, 16384 MiB, 49.23 W, 61
2026/09/15 05:19:40.383, 7 %, 4 %, 15836 MiB, 16384 MiB, 49.03 W, 61
2026/09/15 05:19:41.386, 28 %, 9 %, 15836 MiB, 16384 MiB, 60.32 W, 61
2026/09/15 05:19:42.389, 100 %, 7 %, 15836 MiB, 16384 MiB, 63.39 W, 62
2026/09/15 05:19:43.392, 100 %, 7 %, 15836 MiB, 16384 MiB, 70.01 W, 62
2026/09/15 05:19:44.395, 100 %, 8 %, 15836 MiB, 16384 MiB, 69.68 W, 62
2026/09/15 05:19:45.397, 100 %, 9 %, 15836 MiB, 16384 MiB, 64.92 W, 62
2026/09/15 05:19:46.399, 100 %, 7 %, 15836 MiB, 16384 MiB, 65.88 W, 62
2026/09/15 05:19:47.402, 1 %, 2 %, 15836 MiB, 16384 MiB, 62.17 W, 61
2026/09/15 05:19:48.405, 1 %, 2 %, 15836 MiB, 16384 MiB, 62.03 W, 61
2026/09/15 05:19:49.408, 1 %, 2 %, 15836 MiB, 16384 MiB, 48.55 W, 61
2026/09/15 05:19:50.410, 1 %, 2 %, 15836 MiB, 16384 MiB, 52.31 W, 60
2026/09/15 05:19:51.413, 1 %, 2 %, 15836 MiB, 16384 MiB, 52.50 W, 60
2026/09/15 05:19:52.415, 1 %, 2 %, 15836 MiB, 16384 MiB, 49.05 W, 60
2026/09/15 05:19:53.418, 2 %, 3 %, 15836 MiB, 16384 MiB, 48.88 W, 60
2026/09/15 05:19:54.420, 4 %, 4 %, 15836 MiB, 16384 MiB, 48.82 W, 60
2026/09/15 05:19:55.423, 4 %, 4 %, 15836 MiB, 16384 MiB, 48.68 W, 60
2026/09/15 05:19:56.425, 1 %, 2 %, 15836 MiB, 16384 MiB, 53.10 W, 60
2026/09/15 05:19:57.428, 1 %, 2 %, 15836 MiB, 16384 MiB, 53.29 W, 60
2026/09/15 05:19:58.431, 1 %, 2 %, 15836 MiB, 16384 MiB, 48.56 W, 59
2026/09/15 05:19:59.433, 1 %, 2 %, 15836 MiB, 16384 MiB, 48.68 W, 59
2026/09/15 05:20:00.436, 1 %, 2 %, 15836 MiB, 16384 MiB, 48.71 W, 59
2026/09/15 05:20:01.438, 4 %, 4 %, 15836 MiB, 16384 MiB, 48.62 W, 59
2026/09/15 05:20:02.441, 4 %, 4 %, 15836 MiB, 16384 MiB, 48.38 W, 59
2026/09/15 05:20:03.444, 2 %, 2 %, 15836 MiB, 16384 MiB, 51.94 W, 59
2026/09/15 05:20:04.446, 1 %, 3 %, 15836 MiB, 16384 MiB, 52.34 W, 59
2026/09/15 05:20:05.449, 1 %, 3 %, 15836 MiB, 16384 MiB, 48.26 W, 59
2026/09/15 05:20:06.452, 1 %, 3 %, 15836 MiB, 16384 MiB, 48.15 W, 58
2026/09/15 05:20:07.454, 1 %, 2 %, 15836 MiB, 16384 MiB, 47.95 W, 58
2026/09/15 05:20:08.457, 4 %, 4 %, 15836 MiB, 16384 MiB, 48.21 W, 58
2026/09/15 05:20:09.460, 4 %, 4 %, 15836 MiB, 16384 MiB, 48.24 W, 58
2026/09/15 05:20:10.462, 100 %, 7 %, 15836 MiB, 16384 MiB, 68.75 W, 59
2026/09/15 05:20:11.464, 100 %, 9 %, 15836 MiB, 16384 MiB, 62.39 W, 59
2026/09/15 05:20:12.468, 100 %, 7 %, 15836 MiB, 16384 MiB, 69.13 W, 59
2026/09/15 05:20:13.470, 100 %, 7 %, 15836 MiB, 16384 MiB, 69.30 W, 59
2026/09/15 05:20:14.475, 100 %, 9 %, 15836 MiB, 16384 MiB, 62.34 W, 59
2026/09/15 05:20:15.477, 100 %, 7 %, 15836 MiB, 16384 MiB, 69.04 W, 59
2026/09/15 05:20:16.480, 1 %, 2 %, 15836 MiB, 16384 MiB, 62.24 W, 59
2026/09/15 05:20:17.483, 4 %, 4 %, 15836 MiB, 16384 MiB, 49.11 W, 58
2026/09/15 05:20:18.487, 4 %, 4 %, 15836 MiB, 16384 MiB, 48.09 W, 58
2026/09/15 05:20:19.490, 1 %, 2 %, 15836 MiB, 16384 MiB, 51.66 W, 58
2026/09/15 05:20:20.494, 1 %, 2 %, 15836 MiB, 16384 MiB, 51.66 W, 58
2026/09/15 05:20:21.498, 1 %, 2 %, 15836 MiB, 16384 MiB, 47.83 W, 58
2026/09/15 05:20:22.501, 1 %, 2 %, 15836 MiB, 16384 MiB, 48.03 W, 58
2026/09/15 05:20:23.504, 1 %, 2 %, 15836 MiB, 16384 MiB, 47.98 W, 58
2026/09/15 05:20:24.507, 1 %, 2 %, 15836 MiB, 16384 MiB, 48.46 W, 58
2026/09/15 05:20:25.510, 5 %, 5 %, 15836 MiB, 16384 MiB, 48.29 W, 57
2026/09/15 05:20:26.513, 4 %, 4 %, 15836 MiB, 16384 MiB, 48.34 W, 57
2026/09/15 05:20:27.516, 5 %, 5 %, 15836 MiB, 16384 MiB, 48.05 W, 57
2026/09/15 05:20:28.519, 2 %, 3 %, 15836 MiB, 16384 MiB, 52.19 W, 57
2026/09/15 05:20:29.522, 1 %, 2 %, 15836 MiB, 16384 MiB, 48.16 W, 57
2026/09/15 05:20:30.525, 1 %, 2 %, 15836 MiB, 16384 MiB, 48.30 W, 57
2026/09/15 05:20:31.529, 1 %, 2 %, 15836 MiB, 16384 MiB, 48.56 W, 57
2026/09/15 05:20:32.533, 1 %, 3 %, 15836 MiB, 16384 MiB, 48.64 W, 57
2026/09/15 05:20:33.538, 1 %, 3 %, 15836 MiB, 16384 MiB, 48.35 W, 57
2026/09/15 05:20:34.541, 1 %, 2 %, 15836 MiB, 16384 MiB, 48.46 W, 57
2026/09/15 05:20:35.544, 4 %, 4 %, 15836 MiB, 16384 MiB, 48.12 W, 57
2026/09/15 05:20:36.547, 4 %, 4 %, 15836 MiB, 16384 MiB, 50.63 W, 57
2026/09/15 05:20:37.550, 4 %, 5 %, 15836 MiB, 16384 MiB, 52.10 W, 57
2026/09/15 05:20:38.552, 100 %, 9 %, 15836 MiB, 16384 MiB, 68.43 W, 58
2026/09/15 05:20:39.555, 100 %, 7 %, 15836 MiB, 16384 MiB, 63.09 W, 58
2026/09/15 05:20:40.558, 100 %, 7 %, 15836 MiB, 16384 MiB, 70.28 W, 58
2026/09/15 05:20:41.561, 100 %, 9 %, 15836 MiB, 16384 MiB, 68.58 W, 58
2026/09/15 05:20:42.564, 100 %, 7 %, 15836 MiB, 16384 MiB, 62.43 W, 58
2026/09/15 05:20:43.567, 100 %, 7 %, 15836 MiB, 16384 MiB, 67.89 W, 58
2026/09/15 05:20:44.570, 1 %, 2 %, 15836 MiB, 16384 MiB, 61.05 W, 58
2026/09/15 05:20:45.573, 4 %, 4 %, 15836 MiB, 16384 MiB, 59.53 W, 57
2026/09/15 05:20:46.578, 4 %, 4 %, 15836 MiB, 16384 MiB, 51.45 W, 57
2026/09/15 05:20:47.584, 1 %, 2 %, 15836 MiB, 16384 MiB, 47.25 W, 57
2026/09/15 05:20:48.589, 1 %, 2 %, 15836 MiB, 16384 MiB, 47.67 W, 57
2026/09/15 05:20:49.593, 1 %, 2 %, 15836 MiB, 16384 MiB, 47.48 W, 57
2026/09/15 05:20:50.595, 1 %, 2 %, 15836 MiB, 16384 MiB, 47.38 W, 57
2026/09/15 05:20:51.598, 1 %, 2 %, 15836 MiB, 16384 MiB, 47.28 W, 56
2026/09/15 05:20:52.601, 4 %, 5 %, 15836 MiB, 16384 MiB, 47.50 W, 56
2026/09/15 05:20:53.604, 4 %, 4 %, 15836 MiB, 16384 MiB, 46.94 W, 56
2026/09/15 05:20:54.607, 4 %, 4 %, 15836 MiB, 16384 MiB, 50.93 W, 56
2026/09/15 05:20:55.610, 2 %, 3 %, 15836 MiB, 16384 MiB, 47.38 W, 56
2026/09/15 05:20:56.613, 2 %, 3 %, 15836 MiB, 16384 MiB, 47.43 W, 56
2026/09/15 05:20:57.616, 1 %, 2 %, 15836 MiB, 16384 MiB, 47.38 W, 56
2026/09/15 05:20:58.619, 1 %, 2 %, 15836 MiB, 16384 MiB, 47.51 W, 56
2026/09/15 05:20:59.622, 1 %, 2 %, 15836 MiB, 16384 MiB, 47.40 W, 56
2026/09/15 05:21:00.626, 4 %, 4 %, 15836 MiB, 16384 MiB, 47.72 W, 56
2026/09/15 05:21:01.629, 4 %, 4 %, 15836 MiB, 16384 MiB, 47.23 W, 56
2026/09/15 05:21:02.632, 5 %, 5 %, 15836 MiB, 16384 MiB, 51.22 W, 56
2026/09/15 05:21:03.635, 1 %, 2 %, 15836 MiB, 16384 MiB, 46.99 W, 56
2026/09/15 05:21:04.638, 1 %, 2 %, 15836 MiB, 16384 MiB, 47.22 W, 56
2026/09/15 05:21:05.641, 1 %, 2 %, 15836 MiB, 16384 MiB, 47.16 W, 56
2026/09/15 05:21:06.644, 100 %, 7 %, 15836 MiB, 16384 MiB, 48.02 W, 56
2026/09/15 05:21:07.648, 100 %, 7 %, 15836 MiB, 16384 MiB, 67.57 W, 57
2026/09/15 05:21:08.651, 100 %, 9 %, 15836 MiB, 16384 MiB, 68.04 W, 57
2026/09/15 05:21:09.654, 100 %, 7 %, 15836 MiB, 16384 MiB, 61.22 W, 57
2026/09/15 05:21:10.656, 100 %, 7 %, 15836 MiB, 16384 MiB, 68.11 W, 57
2026/09/15 05:21:11.660, 100 %, 9 %, 15836 MiB, 16384 MiB, 68.10 W, 57
2026/09/15 05:21:12.663, 4 %, 5 %, 15836 MiB, 16384 MiB, 66.37 W, 57
2026/09/15 05:21:13.665, 1 %, 2 %, 15836 MiB, 16384 MiB, 60.27 W, 57
2026/09/15 05:21:14.668, 1 %, 2 %, 15836 MiB, 16384 MiB, 47.26 W, 56
2026/09/15 05:21:15.671, 1 %, 2 %, 15836 MiB, 16384 MiB, 47.50 W, 56
2026/09/15 05:21:16.674, 1 %, 2 %, 15836 MiB, 16384 MiB, 47.42 W, 56
2026/09/15 05:21:17.677, 4 %, 4 %, 15836 MiB, 16384 MiB, 46.96 W, 56
2026/09/15 05:21:18.680, 4 %, 4 %, 15836 MiB, 16384 MiB, 50.82 W, 56
2026/09/15 05:21:19.682, 1 %, 2 %, 15836 MiB, 16384 MiB, 47.05 W, 56
2026/09/15 05:21:20.686, 1 %, 3 %, 15836 MiB, 16384 MiB, 47.80 W, 56
2026/09/15 05:21:21.688, 1 %, 2 %, 15836 MiB, 16384 MiB, 47.96 W, 56
2026/09/15 05:21:22.691, 1 %, 2 %, 15836 MiB, 16384 MiB, 47.24 W, 56
2026/09/15 05:21:23.694, 1 %, 2 %, 15836 MiB, 16384 MiB, 47.38 W, 56
2026/09/15 05:21:24.696, 2 %, 3 %, 15836 MiB, 16384 MiB, 47.93 W, 56
2026/09/15 05:21:25.708, 4 %, 4 %, 15836 MiB, 16384 MiB, 47.05 W, 56
2026/09/15 05:21:26.710, 5 %, 5 %, 15836 MiB, 16384 MiB, 51.09 W, 56
2026/09/15 05:21:27.713, 1 %, 2 %, 15836 MiB, 16384 MiB, 47.28 W, 56
2026/09/15 05:21:28.715, 1 %, 2 %, 15836 MiB, 16384 MiB, 47.00 W, 56
2026/09/15 05:21:29.718, 2 %, 3 %, 15836 MiB, 16384 MiB, 47.12 W, 55
2026/09/15 05:21:30.721, 1 %, 2 %, 15836 MiB, 16384 MiB, 46.92 W, 56
2026/09/15 05:21:31.723, 4 %, 4 %, 15836 MiB, 16384 MiB, 47.01 W, 56
2026/09/15 05:21:32.726, 4 %, 4 %, 15836 MiB, 16384 MiB, 46.72 W, 55
2026/09/15 05:21:33.729, 4 %, 4 %, 15836 MiB, 16384 MiB, 50.69 W, 55
2026/09/15 05:21:34.732, 2 %, 2 %, 15836 MiB, 16384 MiB, 54.83 W, 56
2026/09/15 05:21:35.736, 100 %, 7 %, 15836 MiB, 16384 MiB, 61.99 W, 56
2026/09/15 05:21:36.739, 100 %, 8 %, 15836 MiB, 16384 MiB, 68.68 W, 57
2026/09/15 05:21:37.742, 100 %, 9 %, 15836 MiB, 16384 MiB, 68.74 W, 57
2026/09/15 05:21:38.745, 100 %, 7 %, 15836 MiB, 16384 MiB, 61.91 W, 57
2026/09/15 05:21:39.748, 100 %, 7 %, 15836 MiB, 16384 MiB, 69.26 W, 57
2026/09/15 05:21:40.751, 1 %, 3 %, 15836 MiB, 16384 MiB, 62.89 W, 57
2026/09/15 05:21:41.755, 1 %, 2 %, 15836 MiB, 16384 MiB, 61.52 W, 57
2026/09/15 05:21:42.758, 4 %, 4 %, 15836 MiB, 16384 MiB, 46.72 W, 56
2026/09/15 05:21:43.761, 4 %, 4 %, 15836 MiB, 16384 MiB, 50.68 W, 56
2026/09/15 05:21:44.764, 4 %, 4 %, 15836 MiB, 16384 MiB, 50.84 W, 56
2026/09/15 05:21:45.767, 1 %, 2 %, 15836 MiB, 16384 MiB, 47.22 W, 56
2026/09/15 05:21:46.770, 1 %, 2 %, 15836 MiB, 16384 MiB, 47.03 W, 56
2026/09/15 05:21:47.773, 1 %, 2 %, 15836 MiB, 16384 MiB, 46.83 W, 56
2026/09/15 05:21:48.776, 1 %, 2 %, 15836 MiB, 16384 MiB, 46.93 W, 56
2026/09/15 05:21:49.779, 4 %, 4 %, 15836 MiB, 16384 MiB, 47.00 W, 56
2026/09/15 05:21:50.782, 4 %, 5 %, 15836 MiB, 16384 MiB, 46.77 W, 56
2026/09/15 05:21:51.785, 4 %, 5 %, 15836 MiB, 16384 MiB, 50.51 W, 56
2026/09/15 05:21:52.787, 2 %, 3 %, 15836 MiB, 16384 MiB, 46.92 W, 56
2026/09/15 05:21:53.790, 2 %, 3 %, 15836 MiB, 16384 MiB, 47.02 W, 55
2026/09/15 05:21:54.793, 2 %, 3 %, 15836 MiB, 16384 MiB, 47.32 W, 56
2026/09/15 05:21:55.796, 1 %, 2 %, 15836 MiB, 16384 MiB, 47.24 W, 55
2026/09/15 05:21:56.799, 4 %, 4 %, 15836 MiB, 16384 MiB, 46.99 W, 56
2026/09/15 05:21:57.802, 4 %, 4 %, 15836 MiB, 16384 MiB, 50.89 W, 55
2026/09/15 05:21:58.804, 1 %, 2 %, 15836 MiB, 16384 MiB, 46.86 W, 56
2026/09/15 05:21:59.807, 1 %, 2 %, 15836 MiB, 16384 MiB, 47.73 W, 55
2026/09/15 05:22:00.810, 1 %, 3 %, 15836 MiB, 16384 MiB, 47.90 W, 55
2026/09/15 05:22:01.812, 1 %, 2 %, 15836 MiB, 16384 MiB, 47.13 W, 55
2026/09/15 05:22:02.815, 1 %, 2 %, 15836 MiB, 16384 MiB, 47.04 W, 55
2026/09/15 05:22:03.818, 100 %, 6 %, 15836 MiB, 16384 MiB, 62.09 W, 57
2026/09/15 05:22:04.822, 100 %, 6 %, 15836 MiB, 16384 MiB, 68.05 W, 56
2026/09/15 05:22:05.825, 100 %, 9 %, 15836 MiB, 16384 MiB, 68.11 W, 57
2026/09/15 05:22:06.828, 100 %, 6 %, 15836 MiB, 16384 MiB, 67.83 W, 57
2026/09/15 05:22:07.831, 100 %, 6 %, 15836 MiB, 16384 MiB, 62.24 W, 57
2026/09/15 05:22:08.833, 72 %, 5 %, 15836 MiB, 16384 MiB, 66.08 W, 57
2026/09/15 05:22:09.837, 1 %, 2 %, 15836 MiB, 16384 MiB, 60.71 W, 57
2026/09/15 05:22:10.839, 1 %, 2 %, 15836 MiB, 16384 MiB, 46.70 W, 56
2026/09/15 05:22:11.842, 1 %, 2 %, 15836 MiB, 16384 MiB, 46.60 W, 56
2026/09/15 05:22:12.845, 1 %, 2 %, 15836 MiB, 16384 MiB, 46.68 W, 56
2026/09/15 05:22:13.848, 4 %, 5 %, 15836 MiB, 16384 MiB, 46.77 W, 56
2026/09/15 05:22:14.851, 4 %, 4 %, 15836 MiB, 16384 MiB, 46.42 W, 56
2026/09/15 05:22:15.854, 4 %, 5 %, 15836 MiB, 16384 MiB, 49.64 W, 56
2026/09/15 05:22:16.856, 1 %, 2 %, 15836 MiB, 16384 MiB, 48.53 W, 56
2026/09/15 05:22:17.859, 2 %, 3 %, 15836 MiB, 16384 MiB, 46.89 W, 56
2026/09/15 05:22:18.862, 1 %, 3 %, 15836 MiB, 16384 MiB, 47.26 W, 56
2026/09/15 05:22:19.864, 1 %, 2 %, 15836 MiB, 16384 MiB, 47.35 W, 56
2026/09/15 05:22:20.867, 1 %, 2 %, 15836 MiB, 16384 MiB, 47.39 W, 55
2026/09/15 05:22:21.870, 4 %, 4 %, 15836 MiB, 16384 MiB, 46.49 W, 55
2026/09/15 05:22:22.872, 4 %, 4 %, 15836 MiB, 16384 MiB, 49.31 W, 55
2026/09/15 05:22:23.875, 1 %, 2 %, 15836 MiB, 16384 MiB, 46.41 W, 56
2026/09/15 05:22:24.878, 1 %, 2 %, 15836 MiB, 16384 MiB, 46.63 W, 55
2026/09/15 05:22:25.882, 1 %, 2 %, 15836 MiB, 16384 MiB, 46.61 W, 55
2026/09/15 05:22:26.886, 1 %, 2 %, 15836 MiB, 16384 MiB, 46.41 W, 55
2026/09/15 05:22:27.889, 1 %, 3 %, 15836 MiB, 16384 MiB, 46.58 W, 55
2026/09/15 05:22:28.891, 1 %, 2 %, 15836 MiB, 16384 MiB, 46.44 W, 55
2026/09/15 05:22:29.894, 4 %, 4 %, 15836 MiB, 16384 MiB, 46.20 W, 55
2026/09/15 05:22:30.896, 4 %, 4 %, 15836 MiB, 16384 MiB, 49.29 W, 55
2026/09/15 05:22:31.899, 100 %, 0 %, 15836 MiB, 16384 MiB, 122.58 W, 59
2026/09/15 05:22:32.901, 100 %, 22 %, 15836 MiB, 16384 MiB, 103.18 W, 59
2026/09/15 05:22:33.903, 100 %, 0 %, 15836 MiB, 16384 MiB, 119.64 W, 59
2026/09/15 05:22:34.906, 100 %, 26 %, 15836 MiB, 16384 MiB, 88.73 W, 60
2026/09/15 05:22:35.908, 100 %, 0 %, 15836 MiB, 16384 MiB, 119.31 W, 60
2026/09/15 05:22:36.910, 100 %, 41 %, 15836 MiB, 16384 MiB, 157.79 W, 59
2026/09/15 05:22:37.914, 100 %, 0 %, 15836 MiB, 16384 MiB, 117.97 W, 60
2026/09/15 05:22:38.917, 100 %, 54 %, 15836 MiB, 16384 MiB, 220.74 W, 60
2026/09/15 05:22:39.920, 100 %, 0 %, 15836 MiB, 16384 MiB, 116.25 W, 61
2026/09/15 05:22:40.922, 100 %, 51 %, 15836 MiB, 16384 MiB, 259.58 W, 61
2026/09/15 05:22:41.930, 100 %, 0 %, 15836 MiB, 16384 MiB, 118.96 W, 62
2026/09/15 05:22:42.932, 100 %, 0 %, 15836 MiB, 16384 MiB, 239.88 W, 63
2026/09/15 05:22:43.941, 100 %, 24 %, 15836 MiB, 16384 MiB, 111.82 W, 62
2026/09/15 05:22:44.950, 100 %, 0 %, 15836 MiB, 16384 MiB, 205.66 W, 65
2026/09/15 05:22:45.957, 100 %, 38 %, 15836 MiB, 16384 MiB, 141.35 W, 63
2026/09/15 05:22:46.961, 100 %, 0 %, 15836 MiB, 16384 MiB, 153.40 W, 65
2026/09/15 05:22:47.964, 100 %, 47 %, 15836 MiB, 16384 MiB, 122.32 W, 63
2026/09/15 05:22:48.967, 100 %, 0 %, 15836 MiB, 16384 MiB, 123.05 W, 67
2026/09/15 05:22:49.971, 100 %, 56 %, 15836 MiB, 16384 MiB, 107.46 W, 64
2026/09/15 05:22:50.976, 100 %, 0 %, 15836 MiB, 16384 MiB, 120.99 W, 66
2026/09/15 05:22:51.981, 100 %, 56 %, 15836 MiB, 16384 MiB, 60.86 W, 64
2026/09/15 05:22:52.983, 100 %, 5 %, 15836 MiB, 16384 MiB, 118.98 W, 64
2026/09/15 05:22:53.985, 100 %, 49 %, 15836 MiB, 16384 MiB, 58.15 W, 64
2026/09/15 05:22:54.990, 100 %, 5 %, 15836 MiB, 16384 MiB, 119.35 W, 65
2026/09/15 05:22:55.994, 100 %, 30 %, 15836 MiB, 16384 MiB, 119.47 W, 64
2026/09/15 05:22:56.997, 100 %, 6 %, 15836 MiB, 16384 MiB, 119.74 W, 65
2026/09/15 05:22:57.999, 8 %, 6 %, 15836 MiB, 16384 MiB, 115.87 W, 65
2026/09/15 05:22:59.001, 1 %, 2 %, 15836 MiB, 16384 MiB, 115.80 W, 65
2026/09/15 05:23:00.004, 1 %, 2 %, 15836 MiB, 16384 MiB, 65.04 W, 64
2026/09/15 05:23:01.006, 1 %, 2 %, 15836 MiB, 16384 MiB, 64.62 W, 64
2026/09/15 05:23:02.009, 9 %, 7 %, 15836 MiB, 16384 MiB, 63.70 W, 64
2026/09/15 05:23:03.011, 51 %, 43 %, 15836 MiB, 16384 MiB, 63.09 W, 65
2026/09/15 05:23:04.014, 87 %, 57 %, 15836 MiB, 16384 MiB, 60.92 W, 65
2026/09/15 05:23:05.016, 100 %, 34 %, 15836 MiB, 16384 MiB, 113.72 W, 65
2026/09/15 05:23:06.019, 100 %, 0 %, 15836 MiB, 16384 MiB, 232.19 W, 69
2026/09/15 05:23:07.021, 100 %, 0 %, 15836 MiB, 16384 MiB, 188.85 W, 70
2026/09/15 05:23:08.026, 100 %, 0 %, 15836 MiB, 16384 MiB, 121.29 W, 66
2026/09/15 05:23:09.029, 78 %, 5 %, 15836 MiB, 16384 MiB, 123.05 W, 66
2026/09/15 05:23:10.032, 38 %, 6 %, 15836 MiB, 16384 MiB, 120.36 W, 66
2026/09/15 05:23:11.034, 1 %, 2 %, 15836 MiB, 16384 MiB, 122.45 W, 67
2026/09/15 05:23:12.037, 1 %, 2 %, 15836 MiB, 16384 MiB, 64.06 W, 66
2026/09/15 05:23:13.039, 1 %, 2 %, 15836 MiB, 16384 MiB, 64.18 W, 65
2026/09/15 05:23:14.042, 1 %, 3 %, 15836 MiB, 16384 MiB, 62.39 W, 65
2026/09/15 05:23:15.044, 1 %, 2 %, 15836 MiB, 16384 MiB, 64.23 W, 65
2026/09/15 05:23:16.048, 27 %, 20 %, 15836 MiB, 16384 MiB, 63.05 W, 66
2026/09/15 05:23:17.050, 62 %, 46 %, 15836 MiB, 16384 MiB, 58.95 W, 66
2026/09/15 05:23:18.052, 100 %, 52 %, 15836 MiB, 16384 MiB, 173.01 W, 66
2026/09/15 05:23:19.055, 100 %, 34 %, 15836 MiB, 16384 MiB, 261.80 W, 67
2026/09/15 05:23:20.057, 100 %, 3 %, 15836 MiB, 16384 MiB, 203.59 W, 70
2026/09/15 05:23:21.061, 100 %, 0 %, 15836 MiB, 16384 MiB, 124.10 W, 71
2026/09/15 05:23:22.064, 100 %, 0 %, 15836 MiB, 16384 MiB, 120.79 W, 67
2026/09/15 05:23:23.067, 75 %, 5 %, 15836 MiB, 16384 MiB, 121.31 W, 67
2026/09/15 05:23:24.070, 29 %, 6 %, 15836 MiB, 16384 MiB, 139.29 W, 68
2026/09/15 05:23:25.072, 1 %, 2 %, 15836 MiB, 16384 MiB, 61.10 W, 67
2026/09/15 05:23:26.074, 2 %, 3 %, 15836 MiB, 16384 MiB, 64.80 W, 66
2026/09/15 05:23:27.077, 1 %, 2 %, 15836 MiB, 16384 MiB, 64.63 W, 66
2026/09/15 05:23:28.079, 1 %, 2 %, 15836 MiB, 16384 MiB, 64.46 W, 66
2026/09/15 05:23:29.082, 7 %, 6 %, 15836 MiB, 16384 MiB, 63.73 W, 66
2026/09/15 05:23:30.084, 39 %, 32 %, 15836 MiB, 16384 MiB, 62.07 W, 67
2026/09/15 05:23:31.087, 83 %, 54 %, 15836 MiB, 16384 MiB, 116.59 W, 67
2026/09/15 05:23:32.089, 100 %, 45 %, 15836 MiB, 16384 MiB, 228.16 W, 68
2026/09/15 05:23:33.092, 100 %, 9 %, 15836 MiB, 16384 MiB, 223.26 W, 70
2026/09/15 05:23:34.096, 100 %, 0 %, 15836 MiB, 16384 MiB, 123.35 W, 70
2026/09/15 05:23:35.099, 100 %, 0 %, 15836 MiB, 16384 MiB, 122.07 W, 68
2026/09/15 05:23:36.101, 100 %, 0 %, 15836 MiB, 16384 MiB, 124.91 W, 68
2026/09/15 05:23:37.104, 69 %, 5 %, 15836 MiB, 16384 MiB, 119.32 W, 68
2026/09/15 05:23:38.106, 31 %, 5 %, 15836 MiB, 16384 MiB, 144.75 W, 68
2026/09/15 05:23:39.108, 1 %, 2 %, 15836 MiB, 16384 MiB, 98.17 W, 68
2026/09/15 05:23:40.110, 1 %, 2 %, 15836 MiB, 16384 MiB, 66.60 W, 67
2026/09/15 05:23:41.113, 1 %, 2 %, 15836 MiB, 16384 MiB, 66.43 W, 67
2026/09/15 05:23:42.115, 1 %, 2 %, 15836 MiB, 16384 MiB, 64.46 W, 67
2026/09/15 05:23:43.118, 100 %, 7 %, 15836 MiB, 16384 MiB, 66.29 W, 67
2026/09/15 05:23:44.121, 100 %, 11 %, 15836 MiB, 16384 MiB, 73.64 W, 67
2026/09/15 05:23:45.123, 100 %, 6 %, 15836 MiB, 16384 MiB, 65.74 W, 67
2026/09/15 05:23:46.125, 100 %, 6 %, 15836 MiB, 16384 MiB, 71.15 W, 66
2026/09/15 05:23:47.128, 100 %, 9 %, 15836 MiB, 16384 MiB, 71.01 W, 66
2026/09/15 05:23:48.131, 100 %, 6 %, 15836 MiB, 16384 MiB, 71.03 W, 66
2026/09/15 05:23:49.133, 2 %, 3 %, 15836 MiB, 16384 MiB, 69.35 W, 66
2026/09/15 05:23:50.136, 1 %, 2 %, 15836 MiB, 16384 MiB, 65.03 W, 66
2026/09/15 05:23:51.139, 1 %, 2 %, 15836 MiB, 16384 MiB, 50.33 W, 65
2026/09/15 05:23:52.142, 1 %, 2 %, 15836 MiB, 16384 MiB, 50.01 W, 65
2026/09/15 05:23:53.144, 1 %, 2 %, 15836 MiB, 16384 MiB, 49.99 W, 64
2026/09/15 05:23:54.147, 4 %, 4 %, 15836 MiB, 16384 MiB, 50.10 W, 64
2026/09/15 05:23:55.150, 3 %, 4 %, 15836 MiB, 16384 MiB, 49.79 W, 64
2026/09/15 05:23:56.153, 4 %, 4 %, 15836 MiB, 16384 MiB, 52.88 W, 64
2026/09/15 05:23:57.155, 1 %, 2 %, 15836 MiB, 16384 MiB, 53.06 W, 64
2026/09/15 05:23:58.158, 1 %, 2 %, 15836 MiB, 16384 MiB, 49.74 W, 63
2026/09/15 05:23:59.161, 1 %, 2 %, 15836 MiB, 16384 MiB, 50.52 W, 63
2026/09/15 05:24:00.165, 2 %, 3 %, 15836 MiB, 16384 MiB, 50.85 W, 63
2026/09/15 05:24:01.168, 1 %, 2 %, 15836 MiB, 16384 MiB, 50.62 W, 63
2026/09/15 05:24:02.172, 4 %, 4 %, 15836 MiB, 16384 MiB, 49.82 W, 63
2026/09/15 05:24:03.175, 3 %, 4 %, 15836 MiB, 16384 MiB, 49.22 W, 62
2026/09/15 05:24:04.178, 4 %, 4 %, 15836 MiB, 16384 MiB, 52.54 W, 62
2026/09/15 05:24:05.181, 1 %, 3 %, 15836 MiB, 16384 MiB, 49.68 W, 62
2026/09/15 05:24:06.184, 1 %, 2 %, 15836 MiB, 16384 MiB, 49.54 W, 62
2026/09/15 05:24:07.187, 2 %, 3 %, 15836 MiB, 16384 MiB, 49.53 W, 62
2026/09/15 05:24:08.190, 1 %, 2 %, 15836 MiB, 16384 MiB, 49.54 W, 62
2026/09/15 05:24:09.193, 4 %, 4 %, 15836 MiB, 16384 MiB, 49.10 W, 62
2026/09/15 05:24:10.195, 4 %, 4 %, 15836 MiB, 16384 MiB, 52.47 W, 61
2026/09/15 05:24:11.198, 31 %, 9 %, 15836 MiB, 16384 MiB, 49.15 W, 61
2026/09/15 05:24:12.200, 100 %, 71 %, 15836 MiB, 16384 MiB, 203.43 W, 63
2026/09/15 05:24:13.203, 100 %, 69 %, 15836 MiB, 16384 MiB, 206.41 W, 64
2026/09/15 05:24:14.206, 100 %, 59 %, 15836 MiB, 16384 MiB, 207.82 W, 64
2026/09/15 05:24:15.210, 100 %, 58 %, 15836 MiB, 16384 MiB, 245.90 W, 64
2026/09/15 05:24:16.213, 100 %, 57 %, 15836 MiB, 16384 MiB, 187.48 W, 64
2026/09/15 05:24:17.215, 100 %, 58 %, 15836 MiB, 16384 MiB, 184.30 W, 65
2026/09/15 05:24:18.217, 100 %, 56 %, 15836 MiB, 16384 MiB, 187.28 W, 65
2026/09/15 05:24:19.221, 100 %, 57 %, 15836 MiB, 16384 MiB, 188.37 W, 65
2026/09/15 05:24:20.225, 100 %, 19 %, 15836 MiB, 16384 MiB, 186.89 W, 65
2026/09/15 05:24:21.227, 100 %, 21 %, 15836 MiB, 16384 MiB, 181.79 W, 65
2026/09/15 05:24:22.230, 100 %, 20 %, 15836 MiB, 16384 MiB, 188.34 W, 66
2026/09/15 05:24:23.232, 100 %, 19 %, 15836 MiB, 16384 MiB, 193.94 W, 66
2026/09/15 05:24:24.236, 100 %, 16 %, 15836 MiB, 16384 MiB, 199.52 W, 66
2026/09/15 05:24:25.240, 100 %, 18 %, 15836 MiB, 16384 MiB, 196.75 W, 66
2026/09/15 05:24:26.244, 100 %, 19 %, 15836 MiB, 16384 MiB, 194.07 W, 67
2026/09/15 05:24:27.250, 100 %, 17 %, 15836 MiB, 16384 MiB, 194.86 W, 67
2026/09/15 05:24:28.255, 100 %, 14 %, 15836 MiB, 16384 MiB, 190.11 W, 67
2026/09/15 05:24:29.261, 100 %, 18 %, 15836 MiB, 16384 MiB, 191.56 W, 67
2026/09/15 05:24:30.264, 100 %, 17 %, 15836 MiB, 16384 MiB, 198.16 W, 67
2026/09/15 05:24:31.266, 100 %, 13 %, 15836 MiB, 16384 MiB, 204.09 W, 68
2026/09/15 05:24:32.269, 100 %, 14 %, 15836 MiB, 16384 MiB, 203.37 W, 68
2026/09/15 05:24:33.271, 100 %, 14 %, 15836 MiB, 16384 MiB, 205.40 W, 68
2026/09/15 05:24:34.274, 100 %, 13 %, 15836 MiB, 16384 MiB, 203.43 W, 68
2026/09/15 05:24:35.279, 100 %, 12 %, 15836 MiB, 16384 MiB, 204.40 W, 69
2026/09/15 05:24:36.284, 100 %, 13 %, 15836 MiB, 16384 MiB, 202.61 W, 69
2026/09/15 05:24:37.287, 100 %, 11 %, 15836 MiB, 16384 MiB, 206.94 W, 69
2026/09/15 05:24:38.289, 100 %, 10 %, 15836 MiB, 16384 MiB, 207.68 W, 70
2026/09/15 05:24:39.292, 100 %, 9 %, 15836 MiB, 16384 MiB, 209.38 W, 70
2026/09/15 05:24:40.295, 100 %, 9 %, 15836 MiB, 16384 MiB, 210.65 W, 70
2026/09/15 05:24:41.300, 100 %, 12 %, 15836 MiB, 16384 MiB, 207.18 W, 70
2026/09/15 05:24:42.306, 100 %, 12 %, 15836 MiB, 16384 MiB, 225.32 W, 71
2026/09/15 05:24:43.312, 100 %, 15 %, 15836 MiB, 16384 MiB, 217.53 W, 70
2026/09/15 05:24:44.315, 100 %, 20 %, 15836 MiB, 16384 MiB, 188.45 W, 70
2026/09/15 05:24:45.317, 100 %, 15 %, 15836 MiB, 16384 MiB, 194.87 W, 71
2026/09/15 05:24:46.320, 100 %, 11 %, 15836 MiB, 16384 MiB, 237.06 W, 72
2026/09/15 05:24:47.324, 100 %, 6 %, 15836 MiB, 16384 MiB, 231.40 W, 72
2026/09/15 05:24:48.329, 100 %, 3 %, 15836 MiB, 16384 MiB, 216.59 W, 72
2026/09/15 05:24:49.336, 100 %, 0 %, 15836 MiB, 16384 MiB, 211.65 W, 73
2026/09/15 05:24:50.343, 100 %, 0 %, 15836 MiB, 16384 MiB, 122.99 W, 70
2026/09/15 05:24:51.346, 1 %, 2 %, 15836 MiB, 16384 MiB, 66.85 W, 69
2026/09/15 05:24:52.349, 100 %, 59 %, 15836 MiB, 16384 MiB, 201.78 W, 69
2026/09/15 05:24:53.351, 100 %, 0 %, 15836 MiB, 16384 MiB, 124.33 W, 70
2026/09/15 05:24:54.353, 4 %, 4 %, 15836 MiB, 16384 MiB, 121.48 W, 70
2026/09/15 05:24:55.356, 29 %, 25 %, 15836 MiB, 16384 MiB, 65.10 W, 69
2026/09/15 05:24:56.358, 100 %, 0 %, 15836 MiB, 16384 MiB, 125.83 W, 73
2026/09/15 05:24:57.361, 92 %, 6 %, 15836 MiB, 16384 MiB, 120.47 W, 70
2026/09/15 05:24:58.363, 1 %, 2 %, 15836 MiB, 16384 MiB, 59.27 W, 68
2026/09/15 05:24:59.366, 100 %, 39 %, 15836 MiB, 16384 MiB, 213.61 W, 70
2026/09/15 05:25:00.381, 100 %, 0 %, 15836 MiB, 16384 MiB, 126.08 W, 70
2026/09/15 05:25:01.383, 1 %, 2 %, 15836 MiB, 16384 MiB, 116.93 W, 70
2026/09/15 05:25:02.385, 34 %, 30 %, 15836 MiB, 16384 MiB, 64.80 W, 69
2026/09/15 05:25:03.388, 100 %, 0 %, 15836 MiB, 16384 MiB, 125.81 W, 72
2026/09/15 05:25:04.392, 97 %, 5 %, 15836 MiB, 16384 MiB, 122.84 W, 70
2026/09/15 05:25:05.395, 1 %, 2 %, 15836 MiB, 16384 MiB, 66.05 W, 69
2026/09/15 05:25:06.397, 100 %, 41 %, 15836 MiB, 16384 MiB, 216.02 W, 71
2026/09/15 05:25:07.400, 100 %, 0 %, 15836 MiB, 16384 MiB, 124.89 W, 70
2026/09/15 05:25:08.402, 1 %, 2 %, 15836 MiB, 16384 MiB, 117.92 W, 70
2026/09/15 05:25:09.404, 39 %, 35 %, 15836 MiB, 16384 MiB, 65.20 W, 69
2026/09/15 05:25:10.407, 100 %, 0 %, 15836 MiB, 16384 MiB, 126.22 W, 71
2026/09/15 05:25:11.410, 95 %, 5 %, 15836 MiB, 16384 MiB, 123.17 W, 70
2026/09/15 05:25:12.412, 2 %, 3 %, 15836 MiB, 16384 MiB, 66.80 W, 69
2026/09/15 05:25:13.414, 100 %, 37 %, 15836 MiB, 16384 MiB, 229.35 W, 72
2026/09/15 05:25:14.423, 100 %, 0 %, 15836 MiB, 16384 MiB, 126.88 W, 70
2026/09/15 05:25:15.425, 5 %, 4 %, 15836 MiB, 16384 MiB, 126.09 W, 70
2026/09/15 05:25:16.427, 32 %, 29 %, 15836 MiB, 16384 MiB, 65.09 W, 69
2026/09/15 05:25:17.430, 100 %, 0 %, 15836 MiB, 16384 MiB, 126.63 W, 71
2026/09/15 05:25:18.432, 94 %, 6 %, 15836 MiB, 16384 MiB, 123.46 W, 70
2026/09/15 05:25:19.434, 2 %, 3 %, 15836 MiB, 16384 MiB, 63.26 W, 69
2026/09/15 05:25:20.437, 100 %, 35 %, 15836 MiB, 16384 MiB, 234.17 W, 73
2026/09/15 05:25:21.440, 100 %, 0 %, 15836 MiB, 16384 MiB, 126.27 W, 70
2026/09/15 05:25:22.442, 2 %, 3 %, 15836 MiB, 16384 MiB, 67.86 W, 71
2026/09/15 05:25:23.445, 60 %, 52 %, 15836 MiB, 16384 MiB, 62.52 W, 69
2026/09/15 05:25:24.449, 100 %, 0 %, 15836 MiB, 16384 MiB, 126.76 W, 70
2026/09/15 05:25:25.452, 62 %, 6 %, 15836 MiB, 16384 MiB, 121.56 W, 70
2026/09/15 05:25:26.454, 1 %, 2 %, 15836 MiB, 16384 MiB, 66.91 W, 69
2026/09/15 05:25:27.456, 100 %, 7 %, 15836 MiB, 16384 MiB, 239.97 W, 73
2026/09/15 05:25:28.459, 100 %, 0 %, 15836 MiB, 16384 MiB, 126.39 W, 70
2026/09/15 05:25:29.462, 1 %, 2 %, 15836 MiB, 16384 MiB, 66.85 W, 69
2026/09/15 05:25:30.464, 83 %, 71 %, 15836 MiB, 16384 MiB, 205.20 W, 70
2026/09/15 05:25:31.467, 100 %, 0 %, 15836 MiB, 16384 MiB, 124.67 W, 70
2026/09/15 05:25:32.470, 47 %, 7 %, 15836 MiB, 16384 MiB, 121.39 W, 70
2026/09/15 05:25:33.473, 1 %, 2 %, 15836 MiB, 16384 MiB, 65.10 W, 69
2026/09/15 05:25:34.475, 100 %, 0 %, 15836 MiB, 16384 MiB, 126.34 W, 71
2026/09/15 05:25:35.478, 100 %, 0 %, 15836 MiB, 16384 MiB, 119.98 W, 70
2026/09/15 05:25:36.480, 1 %, 2 %, 15836 MiB, 16384 MiB, 66.75 W, 69
2026/09/15 05:25:37.482, 100 %, 75 %, 15836 MiB, 16384 MiB, 240.90 W, 71
2026/09/15 05:25:38.487, 100 %, 0 %, 15836 MiB, 16384 MiB, 124.63 W, 71
2026/09/15 05:25:39.489, 4 %, 4 %, 15836 MiB, 16384 MiB, 66.23 W, 71
2026/09/15 05:25:40.491, 30 %, 26 %, 15836 MiB, 16384 MiB, 76.72 W, 69
2026/09/15 05:25:41.494, 100 %, 0 %, 15836 MiB, 16384 MiB, 126.46 W, 71
2026/09/15 05:25:42.496, 95 %, 5 %, 15836 MiB, 16384 MiB, 125.28 W, 70
2026/09/15 05:25:43.498, 1 %, 2 %, 15836 MiB, 16384 MiB, 66.34 W, 69
2026/09/15 05:25:44.500, 100 %, 41 %, 15836 MiB, 16384 MiB, 199.79 W, 73
2026/09/15 05:25:45.506, 100 %, 0 %, 15836 MiB, 16384 MiB, 126.55 W, 71
2026/09/15 05:25:46.509, 1 %, 2 %, 15836 MiB, 16384 MiB, 67.04 W, 69
2026/09/15 05:25:47.511, 100 %, 19 %, 15836 MiB, 16384 MiB, 169.29 W, 70
2026/09/15 05:25:48.514, 100 %, 0 %, 15836 MiB, 16384 MiB, 127.23 W, 71
2026/09/15 05:25:49.516, 100 %, 8 %, 15836 MiB, 16384 MiB, 69.43 W, 69
2026/09/15 05:25:50.519, 100 %, 9 %, 15836 MiB, 16384 MiB, 73.10 W, 69
2026/09/15 05:25:51.521, 100 %, 8 %, 15836 MiB, 16384 MiB, 71.22 W, 68
2026/09/15 05:25:52.524, 100 %, 7 %, 15836 MiB, 16384 MiB, 66.38 W, 68
2026/09/15 05:25:53.527, 100 %, 7 %, 15836 MiB, 16384 MiB, 73.51 W, 68
2026/09/15 05:25:54.529, 100 %, 9 %, 15836 MiB, 16384 MiB, 73.23 W, 68
2026/09/15 05:25:55.531, 4 %, 4 %, 15836 MiB, 16384 MiB, 66.64 W, 67
2026/09/15 05:25:56.534, 4 %, 4 %, 15836 MiB, 16384 MiB, 66.57 W, 67
2026/09/15 05:25:57.536, 1 %, 2 %, 15836 MiB, 16384 MiB, 50.35 W, 66
2026/09/15 05:25:58.539, 1 %, 2 %, 15836 MiB, 16384 MiB, 54.43 W, 66
2026/09/15 05:25:59.543, 1 %, 2 %, 15836 MiB, 16384 MiB, 50.74 W, 66
2026/09/15 05:26:00.546, 1 %, 3 %, 15836 MiB, 16384 MiB, 50.80 W, 66
2026/09/15 05:26:01.548, 1 %, 2 %, 15836 MiB, 16384 MiB, 50.73 W, 65
2026/09/15 05:26:02.551, 4 %, 4 %, 15836 MiB, 16384 MiB, 51.06 W, 65
2026/09/15 05:26:03.553, 4 %, 4 %, 15836 MiB, 16384 MiB, 50.48 W, 65
2026/09/15 05:26:04.556, 1 %, 2 %, 15836 MiB, 16384 MiB, 50.26 W, 65
2026/09/15 05:26:05.558, 1 %, 2 %, 15836 MiB, 16384 MiB, 53.98 W, 64
2026/09/15 05:26:06.561, 2 %, 3 %, 15836 MiB, 16384 MiB, 54.11 W, 64
2026/09/15 05:26:07.563, 2 %, 3 %, 15836 MiB, 16384 MiB, 50.37 W, 64
2026/09/15 05:26:08.566, 1 %, 2 %, 15836 MiB, 16384 MiB, 50.13 W, 64
2026/09/15 05:26:09.569, 4 %, 4 %, 15836 MiB, 16384 MiB, 49.88 W, 64
2026/09/15 05:26:10.571, 4 %, 5 %, 15836 MiB, 16384 MiB, 50.14 W, 63
2026/09/15 05:26:11.574, 1 %, 2 %, 15836 MiB, 16384 MiB, 49.79 W, 63
2026/09/15 05:26:12.576, 1 %, 2 %, 15836 MiB, 16384 MiB, 53.63 W, 63
2026/09/15 05:26:13.579, 1 %, 2 %, 15836 MiB, 16384 MiB, 53.62 W, 63
2026/09/15 05:26:14.582, 2 %, 3 %, 15836 MiB, 16384 MiB, 49.97 W, 63
2026/09/15 05:26:15.585, 1 %, 2 %, 15836 MiB, 16384 MiB, 49.75 W, 63
2026/09/15 05:26:16.588, 4 %, 5 %, 15836 MiB, 16384 MiB, 49.77 W, 62
2026/09/15 05:26:17.591, 61 %, 9 %, 15836 MiB, 16384 MiB, 62.28 W, 63
2026/09/15 05:26:18.594, 100 %, 7 %, 15836 MiB, 16384 MiB, 69.25 W, 63
2026/09/15 05:26:19.597, 100 %, 9 %, 15836 MiB, 16384 MiB, 69.06 W, 63
2026/09/15 05:26:20.601, 100 %, 7 %, 15836 MiB, 16384 MiB, 62.94 W, 63
2026/09/15 05:26:21.604, 100 %, 7 %, 15836 MiB, 16384 MiB, 68.93 W, 63
2026/09/15 05:26:22.608, 100 %, 9 %, 15836 MiB, 16384 MiB, 69.35 W, 63
2026/09/15 05:26:23.611, 1 %, 2 %, 15836 MiB, 16384 MiB, 66.15 W, 62
2026/09/15 05:26:24.614, 1 %, 2 %, 15836 MiB, 16384 MiB, 61.46 W, 62
2026/09/15 05:26:25.618, 1 %, 2 %, 15836 MiB, 16384 MiB, 49.17 W, 62
2026/09/15 05:26:26.621, 4 %, 4 %, 15836 MiB, 16384 MiB, 49.33 W, 61
2026/09/15 05:26:27.624, 4 %, 4 %, 15836 MiB, 16384 MiB, 49.44 W, 61
2026/09/15 05:26:28.626, 1 %, 2 %, 15836 MiB, 16384 MiB, 49.06 W, 61
2026/09/15 05:26:29.630, 1 %, 2 %, 15836 MiB, 16384 MiB, 52.85 W, 61
2026/09/15 05:26:30.633, 1 %, 2 %, 15836 MiB, 16384 MiB, 52.60 W, 61
2026/09/15 05:26:31.636, 1 %, 3 %, 15836 MiB, 16384 MiB, 49.10 W, 61
2026/09/15 05:26:32.639, 1 %, 3 %, 15836 MiB, 16384 MiB, 49.08 W, 60
2026/09/15 05:26:33.642, 1 %, 2 %, 15836 MiB, 16384 MiB, 48.95 W, 60
2026/09/15 05:26:34.645, 4 %, 4 %, 15836 MiB, 16384 MiB, 49.23 W, 60
2026/09/15 05:26:35.649, 4 %, 4 %, 15836 MiB, 16384 MiB, 48.81 W, 60
2026/09/15 05:26:36.652, 2 %, 3 %, 15836 MiB, 16384 MiB, 48.30 W, 60
2026/09/15 05:26:37.655, 2 %, 3 %, 15836 MiB, 16384 MiB, 52.52 W, 60
2026/09/15 05:26:38.658, 1 %, 2 %, 15836 MiB, 16384 MiB, 48.73 W, 60
2026/09/15 05:26:39.661, 1 %, 2 %, 15836 MiB, 16384 MiB, 48.87 W, 59
2026/09/15 05:26:40.664, 1 %, 2 %, 15836 MiB, 16384 MiB, 48.62 W, 59
2026/09/15 05:26:41.668, 4 %, 4 %, 15836 MiB, 16384 MiB, 49.20 W, 59
2026/09/15 05:26:42.671, 4 %, 4 %, 15836 MiB, 16384 MiB, 49.43 W, 59
2026/09/15 05:26:43.674, 1 %, 2 %, 15836 MiB, 16384 MiB, 48.02 W, 59
2026/09/15 05:26:44.677, 1 %, 2 %, 15836 MiB, 16384 MiB, 52.17 W, 59
2026/09/15 05:26:45.680, 1 %, 2 %, 15836 MiB, 16384 MiB, 48.31 W, 59
2026/09/15 05:26:46.683, 100 %, 9 %, 15836 MiB, 16384 MiB, 66.51 W, 60
2026/09/15 05:26:47.687, 100 %, 7 %, 15836 MiB, 16384 MiB, 60.45 W, 60
2026/09/15 05:26:48.690, 100 %, 7 %, 15836 MiB, 16384 MiB, 66.79 W, 60
2026/09/15 05:26:49.693, 100 %, 9 %, 15836 MiB, 16384 MiB, 66.91 W, 60
2026/09/15 05:26:50.696, 100 %, 7 %, 15836 MiB, 16384 MiB, 60.59 W, 60
2026/09/15 05:26:51.700, 56 %, 5 %, 15836 MiB, 16384 MiB, 60.05 W, 59
2026/09/15 05:26:52.703, 1 %, 2 %, 15836 MiB, 16384 MiB, 59.59 W, 59
2026/09/15 05:26:53.706, 1 %, 2 %, 15836 MiB, 16384 MiB, 51.43 W, 59
2026/09/15 05:26:54.710, 1 %, 2 %, 15836 MiB, 16384 MiB, 48.05 W, 59
2026/09/15 05:26:55.712, 1 %, 2 %, 15836 MiB, 16384 MiB, 48.18 W, 58
2026/09/15 05:26:56.715, 4 %, 5 %, 15836 MiB, 16384 MiB, 48.09 W, 58
2026/09/15 05:26:57.718, 4 %, 4 %, 15836 MiB, 16384 MiB, 48.22 W, 58
2026/09/15 05:26:58.720, 4 %, 5 %, 15836 MiB, 16384 MiB, 48.22 W, 58
2026/09/15 05:26:59.723, 4 %, 5 %, 15836 MiB, 16384 MiB, 48.15 W, 58
2026/09/15 05:27:00.725, 1 %, 3 %, 15836 MiB, 16384 MiB, 48.69 W, 58
2026/09/15 05:27:01.728, 1 %, 2 %, 15836 MiB, 16384 MiB, 51.55 W, 58
2026/09/15 05:27:02.730, 1 %, 2 %, 15836 MiB, 16384 MiB, 48.54 W, 58
2026/09/15 05:27:03.733, 1 %, 2 %, 15836 MiB, 16384 MiB, 48.75 W, 58
2026/09/15 05:27:04.735, 4 %, 4 %, 15836 MiB, 16384 MiB, 47.86 W, 58
2026/09/15 05:27:05.738, 4 %, 4 %, 15836 MiB, 16384 MiB, 47.98 W, 58
2026/09/15 05:27:06.741, 1 %, 2 %, 15836 MiB, 16384 MiB, 47.43 W, 57
2026/09/15 05:27:07.743, 1 %, 2 %, 15836 MiB, 16384 MiB, 51.08 W, 57
2026/09/15 05:27:08.746, 1 %, 2 %, 15836 MiB, 16384 MiB, 51.34 W, 57
2026/09/15 05:27:09.748, 1 %, 2 %, 15836 MiB, 16384 MiB, 47.74 W, 57
2026/09/15 05:27:10.751, 1 %, 2 %, 15836 MiB, 16384 MiB, 47.74 W, 57
2026/09/15 05:27:11.753, 1 %, 2 %, 15836 MiB, 16384 MiB, 47.79 W, 57
2026/09/15 05:27:12.756, 4 %, 4 %, 15836 MiB, 16384 MiB, 47.68 W, 57
2026/09/15 05:27:13.758, 4 %, 4 %, 15836 MiB, 16384 MiB, 47.68 W, 57
2026/09/15 05:27:14.761, 100 %, 7 %, 15836 MiB, 16384 MiB, 61.56 W, 58
2026/09/15 05:27:15.763, 100 %, 9 %, 15836 MiB, 16384 MiB, 66.87 W, 58
2026/09/15 05:27:16.766, 100 %, 8 %, 15836 MiB, 16384 MiB, 66.89 W, 58
2026/09/15 05:27:17.769, 100 %, 7 %, 15836 MiB, 16384 MiB, 60.33 W, 58
2026/09/15 05:27:18.772, 100 %, 7 %, 15836 MiB, 16384 MiB, 66.31 W, 58
2026/09/15 05:27:19.776, 100 %, 9 %, 15836 MiB, 16384 MiB, 65.86 W, 58
2026/09/15 05:27:20.779, 1 %, 2 %, 15836 MiB, 16384 MiB, 59.65 W, 58
2026/09/15 05:27:21.783, 1 %, 2 %, 15836 MiB, 16384 MiB, 47.71 W, 57
2026/09/15 05:27:22.786, 4 %, 4 %, 15836 MiB, 16384 MiB, 48.13 W, 57
2026/09/15 05:27:23.790, 4 %, 4 %, 15836 MiB, 16384 MiB, 48.30 W, 57
2026/09/15 05:27:24.793, 1 %, 2 %, 15836 MiB, 16384 MiB, 47.73 W, 57
2026/09/15 05:27:25.797, 1 %, 2 %, 15836 MiB, 16384 MiB, 47.09 W, 57
2026/09/15 05:27:26.800, 1 %, 2 %, 15836 MiB, 16384 MiB, 50.82 W, 57
2026/09/15 05:27:27.803, 1 %, 2 %, 15836 MiB, 16384 MiB, 47.33 W, 57
2026/09/15 05:27:28.806, 1 %, 2 %, 15836 MiB, 16384 MiB, 47.62 W, 57
2026/09/15 05:27:29.809, 4 %, 4 %, 15836 MiB, 16384 MiB, 47.45 W, 57
2026/09/15 05:27:30.812, 4 %, 4 %, 15836 MiB, 16384 MiB, 47.59 W, 57
2026/09/15 05:27:31.816, 5 %, 5 %, 15836 MiB, 16384 MiB, 47.52 W, 57
2026/09/15 05:27:32.819, 2 %, 3 %, 15836 MiB, 16384 MiB, 50.74 W, 57
2026/09/15 05:27:33.822, 1 %, 2 %, 15836 MiB, 16384 MiB, 47.30 W, 57
2026/09/15 05:27:34.825, 1 %, 2 %, 15836 MiB, 16384 MiB, 47.53 W, 56
2026/09/15 05:27:35.829, 1 %, 2 %, 15836 MiB, 16384 MiB, 47.59 W, 56
2026/09/15 05:27:36.832, 4 %, 4 %, 15836 MiB, 16384 MiB, 47.44 W, 56
2026/09/15 05:27:37.835, 4 %, 4 %, 15836 MiB, 16384 MiB, 47.52 W, 56
2026/09/15 05:27:38.839, 4 %, 5 %, 15836 MiB, 16384 MiB, 47.65 W, 56
2026/09/15 05:27:39.842, 1 %, 2 %, 15836 MiB, 16384 MiB, 47.06 W, 56
2026/09/15 05:27:40.846, 1 %, 2 %, 15836 MiB, 16384 MiB, 50.65 W, 56
2026/09/15 05:27:41.850, 1 %, 2 %, 15836 MiB, 16384 MiB, 50.78 W, 56
2026/09/15 05:27:42.854, 100 %, 9 %, 15836 MiB, 16384 MiB, 67.10 W, 57
2026/09/15 05:27:43.858, 100 %, 7 %, 15836 MiB, 16384 MiB, 61.91 W, 57
2026/09/15 05:27:44.861, 100 %, 7 %, 15836 MiB, 16384 MiB, 60.59 W, 57
2026/09/15 05:27:45.864, 100 %, 9 %, 15836 MiB, 16384 MiB, 66.16 W, 57
2026/09/15 05:27:46.867, 100 %, 7 %, 15836 MiB, 16384 MiB, 66.21 W, 57
2026/09/15 05:27:47.870, 100 %, 7 %, 15836 MiB, 16384 MiB, 60.16 W, 57
2026/09/15 05:27:48.873, 4 %, 4 %, 15836 MiB, 16384 MiB, 59.61 W, 57
2026/09/15 05:27:49.877, 4 %, 4 %, 15836 MiB, 16384 MiB, 59.55 W, 57
2026/09/15 05:27:50.880, 1 %, 2 %, 15836 MiB, 16384 MiB, 50.24 W, 56
2026/09/15 05:27:51.883, 1 %, 2 %, 15836 MiB, 16384 MiB, 47.06 W, 56
2026/09/15 05:27:52.887, 1 %, 2 %, 15836 MiB, 16384 MiB, 47.05 W, 56
2026/09/15 05:27:53.890, 1 %, 2 %, 15836 MiB, 16384 MiB, 46.87 W, 56
2026/09/15 05:27:54.893, 4 %, 4 %, 15836 MiB, 16384 MiB, 46.75 W, 56
2026/09/15 05:27:55.896, 4 %, 4 %, 15836 MiB, 16384 MiB, 46.85 W, 56
2026/09/15 05:27:56.900, 4 %, 5 %, 15836 MiB, 16384 MiB, 46.98 W, 56
2026/09/15 05:27:57.904, 1 %, 2 %, 15836 MiB, 16384 MiB, 46.95 W, 56
2026/09/15 05:27:58.907, 4 %, 4 %, 15836 MiB, 16384 MiB, 50.33 W, 56
2026/09/15 05:27:59.910, 4 %, 5 %, 15836 MiB, 16384 MiB, 50.44 W, 56
2026/09/15 05:28:00.913, 2 %, 3 %, 15836 MiB, 16384 MiB, 47.44 W, 56
2026/09/15 05:28:01.916, 1 %, 2 %, 15836 MiB, 16384 MiB, 47.35 W, 56
2026/09/15 05:28:02.919, 1 %, 2 %, 15836 MiB, 16384 MiB, 47.25 W, 56
2026/09/15 05:28:03.923, 1 %, 2 %, 15836 MiB, 16384 MiB, 47.71 W, 56
2026/09/15 05:28:04.925, 1 %, 2 %, 15836 MiB, 16384 MiB, 47.73 W, 56
2026/09/15 05:28:05.930, 4 %, 5 %, 15836 MiB, 16384 MiB, 47.00 W, 56
2026/09/15 05:28:06.935, 4 %, 4 %, 15836 MiB, 16384 MiB, 50.34 W, 56
2026/09/15 05:28:07.937, 4 %, 5 %, 15836 MiB, 16384 MiB, 50.77 W, 56
2026/09/15 05:28:08.940, 1 %, 2 %, 15836 MiB, 16384 MiB, 46.98 W, 56
2026/09/15 05:28:09.942, 1 %, 2 %, 15836 MiB, 16384 MiB, 46.96 W, 56
2026/09/15 05:28:10.945, 100 %, 6 %, 15836 MiB, 16384 MiB, 64.10 W, 56
2026/09/15 05:28:11.950, 100 %, 9 %, 15836 MiB, 16384 MiB, 64.98 W, 57
2026/09/15 05:28:12.955, 100 %, 9 %, 15836 MiB, 16384 MiB, 59.85 W, 57
2026/09/15 05:28:13.960, 100 %, 6 %, 15836 MiB, 16384 MiB, 65.10 W, 57
2026/09/15 05:28:14.963, 100 %, 6 %, 15836 MiB, 16384 MiB, 65.15 W, 57
2026/09/15 05:28:15.969, 100 %, 9 %, 15836 MiB, 16384 MiB, 65.02 W, 57
2026/09/15 05:28:16.971, 3 %, 4 %, 15836 MiB, 16384 MiB, 58.54 W, 57
2026/09/15 05:28:17.974, 3 %, 4 %, 15836 MiB, 16384 MiB, 63.10 W, 57
2026/09/15 05:28:18.977, 1 %, 2 %, 15836 MiB, 16384 MiB, 46.88 W, 56
2026/09/15 05:28:19.980, 1 %, 2 %, 15836 MiB, 16384 MiB, 46.80 W, 56
2026/09/15 05:28:20.983, 1 %, 2 %, 15836 MiB, 16384 MiB, 46.72 W, 56
2026/09/15 05:28:21.986, 1 %, 2 %, 15836 MiB, 16384 MiB, 46.93 W, 56
2026/09/15 05:28:22.990, 1 %, 1 %, 15836 MiB, 16384 MiB, 46.73 W, 56
2026/09/15 05:28:23.993, 3 %, 4 %, 15836 MiB, 16384 MiB, 50.03 W, 56
2026/09/15 05:28:24.996, 4 %, 4 %, 15836 MiB, 16384 MiB, 50.21 W, 56
2026/09/15 05:28:25.999, 1 %, 2 %, 15836 MiB, 16384 MiB, 46.65 W, 56
2026/09/15 05:28:27.002, 1 %, 2 %, 15836 MiB, 16384 MiB, 46.42 W, 56
2026/09/15 05:28:28.005, 2 %, 3 %, 15836 MiB, 16384 MiB, 46.48 W, 56
2026/09/15 05:28:29.008, 2 %, 3 %, 15836 MiB, 16384 MiB, 46.56 W, 56
2026/09/15 05:28:30.011, 1 %, 2 %, 15836 MiB, 16384 MiB, 46.55 W, 56
2026/09/15 05:28:31.015, 3 %, 4 %, 15836 MiB, 16384 MiB, 46.07 W, 56
2026/09/15 05:28:32.018, 3 %, 4 %, 15836 MiB, 16384 MiB, 48.70 W, 55
2026/09/15 05:28:33.021, 4 %, 5 %, 15836 MiB, 16384 MiB, 49.60 W, 55
2026/09/15 05:28:34.025, 1 %, 2 %, 15836 MiB, 16384 MiB, 46.63 W, 55
2026/09/15 05:28:35.028, 1 %, 2 %, 15836 MiB, 16384 MiB, 46.59 W, 55
2026/09/15 05:28:36.031, 2 %, 3 %, 15836 MiB, 16384 MiB, 46.53 W, 55
2026/09/15 05:28:37.034, 1 %, 2 %, 15836 MiB, 16384 MiB, 46.54 W, 55
2026/09/15 05:28:38.038, 1 %, 2 %, 15836 MiB, 16384 MiB, 46.63 W, 55
2026/09/15 05:28:39.041, 83 %, 15 %, 15836 MiB, 16384 MiB, 47.29 W, 57
2026/09/15 05:28:40.046, 100 %, 48 %, 15836 MiB, 16384 MiB, 104.25 W, 57
2026/09/15 05:28:41.052, 100 %, 49 %, 15836 MiB, 16384 MiB, 204.67 W, 58
2026/09/15 05:28:42.057, 100 %, 45 %, 15836 MiB, 16384 MiB, 232.35 W, 62
2026/09/15 05:28:43.063, 100 %, 14 %, 15836 MiB, 16384 MiB, 142.42 W, 63
2026/09/15 05:28:44.069, 100 %, 0 %, 15836 MiB, 16384 MiB, 116.97 W, 60
2026/09/15 05:28:45.072, 100 %, 0 %, 15836 MiB, 16384 MiB, 117.09 W, 60
2026/09/15 05:28:46.074, 100 %, 0 %, 15836 MiB, 16384 MiB, 118.88 W, 60
2026/09/15 05:28:47.076, 100 %, 0 %, 15836 MiB, 16384 MiB, 116.85 W, 61
2026/09/15 05:28:48.079, 100 %, 0 %, 15836 MiB, 16384 MiB, 117.03 W, 61
2026/09/15 05:28:49.081, 100 %, 0 %, 15836 MiB, 16384 MiB, 116.83 W, 61
2026/09/15 05:28:50.083, 100 %, 0 %, 15836 MiB, 16384 MiB, 118.81 W, 61
2026/09/15 05:28:51.087, 100 %, 6 %, 15836 MiB, 16384 MiB, 116.71 W, 62
2026/09/15 05:28:52.089, 100 %, 9 %, 15836 MiB, 16384 MiB, 117.92 W, 62
2026/09/15 05:28:53.091, 100 %, 32 %, 15836 MiB, 16384 MiB, 116.67 W, 62
2026/09/15 05:28:54.093, 100 %, 50 %, 15836 MiB, 16384 MiB, 136.37 W, 62
2026/09/15 05:28:55.096, 100 %, 51 %, 15836 MiB, 16384 MiB, 101.07 W, 63
2026/09/15 05:28:56.098, 100 %, 19 %, 15836 MiB, 16384 MiB, 57.96 W, 62
2026/09/15 05:28:57.102, 100 %, 0 %, 15836 MiB, 16384 MiB, 157.17 W, 63
2026/09/15 05:28:58.107, 100 %, 0 %, 15836 MiB, 16384 MiB, 244.59 W, 66
2026/09/15 05:28:59.113, 100 %, 0 %, 15836 MiB, 16384 MiB, 172.70 W, 67
2026/09/15 05:29:00.120, 100 %, 0 %, 15836 MiB, 16384 MiB, 120.15 W, 64
2026/09/15 05:29:01.122, 100 %, 0 %, 15836 MiB, 16384 MiB, 120.15 W, 64
2026/09/15 05:29:02.127, 100 %, 0 %, 15836 MiB, 16384 MiB, 120.55 W, 64
2026/09/15 05:29:03.129, 100 %, 0 %, 15836 MiB, 16384 MiB, 120.92 W, 65
2026/09/15 05:29:04.131, 100 %, 0 %, 15836 MiB, 16384 MiB, 120.92 W, 65
2026/09/15 05:29:05.134, 100 %, 0 %, 15836 MiB, 16384 MiB, 120.46 W, 65
2026/09/15 05:29:06.136, 100 %, 5 %, 15836 MiB, 16384 MiB, 121.51 W, 66
2026/09/15 05:29:07.138, 100 %, 7 %, 15836 MiB, 16384 MiB, 119.43 W, 66
2026/09/15 05:29:08.140, 100 %, 13 %, 15836 MiB, 16384 MiB, 121.35 W, 66
2026/09/15 05:29:09.143, 100 %, 37 %, 15836 MiB, 16384 MiB, 119.72 W, 66
2026/09/15 05:29:10.145, 100 %, 52 %, 15836 MiB, 16384 MiB, 61.90 W, 66
2026/09/15 05:29:11.148, 100 %, 42 %, 15836 MiB, 16384 MiB, 120.10 W, 65
2026/09/15 05:29:12.150, 100 %, 15 %, 15836 MiB, 16384 MiB, 240.01 W, 66
2026/09/15 05:29:13.154, 100 %, 0 %, 15836 MiB, 16384 MiB, 212.29 W, 69
2026/09/15 05:29:14.160, 100 %, 0 %, 15836 MiB, 16384 MiB, 125.37 W, 70
2026/09/15 05:29:15.166, 100 %, 0 %, 15836 MiB, 16384 MiB, 125.14 W, 67
2026/09/15 05:29:16.169, 100 %, 0 %, 15836 MiB, 16384 MiB, 125.60 W, 67
2026/09/15 05:29:17.171, 100 %, 0 %, 15836 MiB, 16384 MiB, 125.44 W, 68
2026/09/15 05:29:18.173, 100 %, 0 %, 15836 MiB, 16384 MiB, 124.95 W, 68
2026/09/15 05:29:19.176, 100 %, 0 %, 15836 MiB, 16384 MiB, 126.17 W, 68
2026/09/15 05:29:20.178, 1 %, 2 %, 15836 MiB, 16384 MiB, 65.90 W, 69
2026/09/15 05:29:21.181, 100 %, 35 %, 15836 MiB, 16384 MiB, 153.23 W, 67
2026/09/15 05:29:22.183, 100 %, 0 %, 15836 MiB, 16384 MiB, 125.51 W, 68
2026/09/15 05:29:23.185, 1 %, 2 %, 15836 MiB, 16384 MiB, 104.46 W, 68
2026/09/15 05:29:24.188, 93 %, 48 %, 15836 MiB, 16384 MiB, 64.89 W, 67
2026/09/15 05:29:25.190, 100 %, 0 %, 15836 MiB, 16384 MiB, 126.26 W, 68
2026/09/15 05:29:26.193, 1 %, 2 %, 15836 MiB, 16384 MiB, 133.62 W, 68
2026/09/15 05:29:27.195, 69 %, 52 %, 15836 MiB, 16384 MiB, 63.58 W, 67
2026/09/15 05:29:28.198, 100 %, 0 %, 15836 MiB, 16384 MiB, 126.14 W, 69
2026/09/15 05:29:29.200, 25 %, 6 %, 15836 MiB, 16384 MiB, 124.89 W, 68
2026/09/15 05:29:30.202, 38 %, 31 %, 15836 MiB, 16384 MiB, 64.80 W, 67
2026/09/15 05:29:31.205, 100 %, 0 %, 15836 MiB, 16384 MiB, 126.92 W, 69
2026/09/15 05:29:32.207, 67 %, 5 %, 15836 MiB, 16384 MiB, 126.48 W, 69
2026/09/15 05:29:33.210, 1 %, 2 %, 15836 MiB, 16384 MiB, 65.68 W, 67
2026/09/15 05:29:34.213, 100 %, 0 %, 15836 MiB, 16384 MiB, 126.55 W, 69
2026/09/15 05:29:35.217, 96 %, 4 %, 15836 MiB, 16384 MiB, 123.54 W, 69
2026/09/15 05:29:36.219, 1 %, 2 %, 15836 MiB, 16384 MiB, 65.77 W, 67
2026/09/15 05:29:37.222, 100 %, 0 %, 15836 MiB, 16384 MiB, 164.31 W, 72
2026/09/15 05:29:38.224, 100 %, 0 %, 15836 MiB, 16384 MiB, 126.87 W, 69
2026/09/15 05:29:39.227, 1 %, 2 %, 15836 MiB, 16384 MiB, 66.10 W, 67
2026/09/15 05:29:40.229, 100 %, 0 %, 15836 MiB, 16384 MiB, 234.19 W, 72
2026/09/15 05:29:41.236, 100 %, 0 %, 15836 MiB, 16384 MiB, 125.88 W, 69
2026/09/15 05:29:42.239, 1 %, 2 %, 15836 MiB, 16384 MiB, 66.43 W, 68
2026/09/15 05:29:43.242, 100 %, 13 %, 15836 MiB, 16384 MiB, 230.15 W, 72
2026/09/15 05:29:44.249, 100 %, 0 %, 15836 MiB, 16384 MiB, 127.29 W, 69
2026/09/15 05:29:45.252, 1 %, 2 %, 15836 MiB, 16384 MiB, 66.48 W, 68
2026/09/15 05:29:46.254, 100 %, 39 %, 15836 MiB, 16384 MiB, 241.87 W, 69
2026/09/15 05:29:47.256, 100 %, 0 %, 15836 MiB, 16384 MiB, 126.93 W, 69
2026/09/15 05:29:48.259, 1 %, 2 %, 15836 MiB, 16384 MiB, 66.19 W, 70
2026/09/15 05:29:49.261, 92 %, 49 %, 15836 MiB, 16384 MiB, 225.09 W, 69
2026/09/15 05:29:50.265, 100 %, 0 %, 15836 MiB, 16384 MiB, 127.31 W, 70
2026/09/15 05:29:51.267, 6 %, 5 %, 15836 MiB, 16384 MiB, 66.35 W, 69
2026/09/15 05:29:52.271, 60 %, 48 %, 15836 MiB, 16384 MiB, 110.44 W, 68
2026/09/15 05:29:53.277, 100 %, 0 %, 15836 MiB, 16384 MiB, 127.45 W, 70
2026/09/15 05:29:54.279, 29 %, 6 %, 15836 MiB, 16384 MiB, 116.16 W, 70
2026/09/15 05:29:55.282, 35 %, 28 %, 15836 MiB, 16384 MiB, 60.83 W, 68
2026/09/15 05:29:56.284, 100 %, 0 %, 15836 MiB, 16384 MiB, 127.53 W, 70
2026/09/15 05:29:57.286, 47 %, 5 %, 15836 MiB, 16384 MiB, 138.44 W, 70
2026/09/15 05:29:58.289, 16 %, 12 %, 15836 MiB, 16384 MiB, 63.68 W, 68
2026/09/15 05:29:59.291, 100 %, 0 %, 15836 MiB, 16384 MiB, 127.58 W, 70
2026/09/15 05:30:00.293, 67 %, 4 %, 15836 MiB, 16384 MiB, 126.06 W, 70
2026/09/15 05:30:01.296, 1 %, 2 %, 15836 MiB, 16384 MiB, 65.35 W, 68
2026/09/15 05:30:02.300, 100 %, 0 %, 15836 MiB, 16384 MiB, 128.10 W, 70
2026/09/15 05:30:03.302, 93 %, 4 %, 15836 MiB, 16384 MiB, 122.48 W, 70
2026/09/15 05:30:04.304, 1 %, 2 %, 15836 MiB, 16384 MiB, 66.55 W, 68
2026/09/15 05:30:05.307, 100 %, 0 %, 15836 MiB, 16384 MiB, 127.59 W, 70
2026/09/15 05:30:06.309, 100 %, 0 %, 15836 MiB, 16384 MiB, 127.52 W, 70
2026/09/15 05:30:07.311, 1 %, 2 %, 15836 MiB, 16384 MiB, 68.04 W, 68
2026/09/15 05:30:08.314, 100 %, 4 %, 15836 MiB, 16384 MiB, 129.55 W, 73
2026/09/15 05:30:09.320, 100 %, 0 %, 15836 MiB, 16384 MiB, 125.17 W, 70
2026/09/15 05:30:10.323, 1 %, 2 %, 15836 MiB, 16384 MiB, 66.78 W, 68
2026/09/15 05:30:11.325, 100 %, 36 %, 15836 MiB, 16384 MiB, 237.12 W, 72
2026/09/15 05:30:12.328, 100 %, 0 %, 15836 MiB, 16384 MiB, 128.09 W, 70
2026/09/15 05:30:13.331, 1 %, 2 %, 15836 MiB, 16384 MiB, 67.03 W, 68
2026/09/15 05:30:14.333, 100 %, 51 %, 15836 MiB, 16384 MiB, 241.89 W, 70
2026/09/15 05:30:15.336, 100 %, 0 %, 15836 MiB, 16384 MiB, 126.99 W, 70
2026/09/15 05:30:16.339, 1 %, 2 %, 15836 MiB, 16384 MiB, 66.55 W, 70
2026/09/15 05:30:17.343, 67 %, 50 %, 15836 MiB, 16384 MiB, 121.69 W, 69
2026/09/15 05:30:18.348, 100 %, 0 %, 15836 MiB, 16384 MiB, 128.05 W, 70
2026/09/15 05:30:19.350, 21 %, 6 %, 15836 MiB, 16384 MiB, 109.71 W, 70
2026/09/15 05:30:20.353, 44 %, 38 %, 15836 MiB, 16384 MiB, 59.86 W, 69
2026/09/15 05:30:21.355, 100 %, 0 %, 15836 MiB, 16384 MiB, 129.01 W, 70
2026/09/15 05:30:22.358, 100 %, 10 %, 15836 MiB, 16384 MiB, 73.52 W, 69
2026/09/15 05:30:23.360, 100 %, 6 %, 15836 MiB, 16384 MiB, 72.75 W, 68
2026/09/15 05:30:24.362, 100 %, 6 %, 15836 MiB, 16384 MiB, 72.68 W, 68
2026/09/15 05:30:25.365, 100 %, 9 %, 15836 MiB, 16384 MiB, 72.30 W, 68
2026/09/15 05:30:26.367, 100 %, 6 %, 15836 MiB, 16384 MiB, 66.82 W, 68
2026/09/15 05:30:27.369, 100 %, 6 %, 15836 MiB, 16384 MiB, 73.34 W, 68
2026/09/15 05:30:28.372, 1 %, 2 %, 15836 MiB, 16384 MiB, 67.51 W, 67
2026/09/15 05:30:29.374, 1 %, 2 %, 15836 MiB, 16384 MiB, 50.73 W, 66
2026/09/15 05:30:30.377, 4 %, 4 %, 15836 MiB, 16384 MiB, 50.85 W, 66
2026/09/15 05:30:31.381, 4 %, 4 %, 15836 MiB, 16384 MiB, 50.12 W, 66
2026/09/15 05:30:32.384, 4 %, 4 %, 15836 MiB, 16384 MiB, 53.52 W, 66
2026/09/15 05:30:33.387, 1 %, 2 %, 15836 MiB, 16384 MiB, 50.26 W, 65
2026/09/15 05:30:34.390, 1 %, 2 %, 15836 MiB, 16384 MiB, 50.42 W, 65
2026/09/15 05:30:35.393, 1 %, 2 %, 15836 MiB, 16384 MiB, 50.52 W, 65
2026/09/15 05:30:36.397, 2 %, 3 %, 15836 MiB, 16384 MiB, 50.56 W, 65
2026/09/15 05:30:37.400, 1 %, 2 %, 15836 MiB, 16384 MiB, 50.43 W, 64
2026/09/15 05:30:38.403, 4 %, 4 %, 15836 MiB, 16384 MiB, 50.03 W, 64
2026/09/15 05:30:39.406, 4 %, 4 %, 15836 MiB, 16384 MiB, 53.02 W, 64
2026/09/15 05:30:40.409, 3 %, 4 %, 15836 MiB, 16384 MiB, 49.85 W, 64
2026/09/15 05:30:41.411, 1 %, 2 %, 15836 MiB, 16384 MiB, 49.83 W, 64
2026/09/15 05:30:42.414, 1 %, 2 %, 15836 MiB, 16384 MiB, 49.85 W, 63
2026/09/15 05:30:43.416, 1 %, 2 %, 15836 MiB, 16384 MiB, 49.83 W, 63
2026/09/15 05:30:44.419, 3 %, 4 %, 15836 MiB, 16384 MiB, 50.06 W, 63
2026/09/15 05:30:45.421, 4 %, 5 %, 15836 MiB, 16384 MiB, 50.05 W, 63
2026/09/15 05:30:46.424, 4 %, 4 %, 15836 MiB, 16384 MiB, 49.48 W, 63
2026/09/15 05:30:47.426, 4 %, 4 %, 15836 MiB, 16384 MiB, 52.83 W, 62
2026/09/15 05:30:48.429, 1 %, 2 %, 15836 MiB, 16384 MiB, 49.99 W, 62
2026/09/15 05:30:49.431, 1 %, 2 %, 15836 MiB, 16384 MiB, 50.38 W, 62
2026/09/15 05:30:50.433, 100 %, 44 %, 15836 MiB, 16384 MiB, 244.43 W, 65
2026/09/15 05:30:51.440, 100 %, 5 %, 15836 MiB, 16384 MiB, 124.64 W, 65
2026/09/15 05:30:52.442, 100 %, 23 %, 15836 MiB, 16384 MiB, 63.19 W, 64
2026/09/15 05:30:53.444, 100 %, 7 %, 15836 MiB, 16384 MiB, 163.90 W, 66
2026/09/15 05:30:54.447, 100 %, 43 %, 15836 MiB, 16384 MiB, 101.78 W, 65
2026/09/15 05:30:55.449, 100 %, 36 %, 15836 MiB, 16384 MiB, 92.26 W, 67
2026/09/15 05:30:56.452, 100 %, 5 %, 15836 MiB, 16384 MiB, 226.65 W, 66
2026/09/15 05:30:57.455, 100 %, 38 %, 15836 MiB, 16384 MiB, 125.21 W, 68
2026/09/15 05:30:58.459, 100 %, 46 %, 15836 MiB, 16384 MiB, 61.61 W, 67
2026/09/15 05:30:59.461, 100 %, 5 %, 15836 MiB, 16384 MiB, 248.04 W, 66
2026/09/15 05:31:00.464, 100 %, 29 %, 15836 MiB, 16384 MiB, 141.50 W, 69
2026/09/15 05:31:01.468, 100 %, 47 %, 15836 MiB, 16384 MiB, 63.33 W, 67
2026/09/15 05:31:02.470, 100 %, 7 %, 15836 MiB, 16384 MiB, 226.61 W, 67
2026/09/15 05:31:03.473, 100 %, 20 %, 15836 MiB, 16384 MiB, 126.66 W, 70
2026/09/15 05:31:04.477, 75 %, 39 %, 15836 MiB, 16384 MiB, 62.90 W, 66
2026/09/15 05:31:05.479, 1 %, 2 %, 15836 MiB, 16384 MiB, 66.59 W, 66
2026/09/15 05:31:06.482, 1 %, 2 %, 15836 MiB, 16384 MiB, 120.02 W, 66
2026/09/15 05:31:07.484, 100 %, 41 %, 15836 MiB, 16384 MiB, 63.17 W, 66
2026/09/15 05:31:08.487, 1 %, 2 %, 15836 MiB, 16384 MiB, 67.98 W, 65
2026/09/15 05:31:09.489, 1 %, 2 %, 15836 MiB, 16384 MiB, 100.59 W, 67
2026/09/15 05:31:10.493, 89 %, 22 %, 15836 MiB, 16384 MiB, 126.71 W, 66
2026/09/15 05:31:11.495, 3 %, 3 %, 15836 MiB, 16384 MiB, 66.66 W, 66
2026/09/15 05:31:12.498, 1 %, 2 %, 15836 MiB, 16384 MiB, 66.51 W, 65
2026/09/15 05:31:13.501, 59 %, 3 %, 15836 MiB, 16384 MiB, 126.79 W, 69
2026/09/15 05:31:14.505, 32 %, 29 %, 15836 MiB, 16384 MiB, 62.33 W, 66
2026/09/15 05:31:15.507, 1 %, 2 %, 15836 MiB, 16384 MiB, 66.26 W, 65
2026/09/15 05:31:16.511, 45 %, 4 %, 15836 MiB, 16384 MiB, 137.37 W, 70
2026/09/15 05:31:17.514, 60 %, 43 %, 15836 MiB, 16384 MiB, 83.29 W, 66
2026/09/15 05:31:18.516, 1 %, 2 %, 15836 MiB, 16384 MiB, 66.83 W, 66
2026/09/15 05:31:19.519, 26 %, 4 %, 15836 MiB, 16384 MiB, 114.51 W, 67
2026/09/15 05:31:20.521, 71 %, 41 %, 15836 MiB, 16384 MiB, 111.80 W, 66
2026/09/15 05:31:21.526, 1 %, 2 %, 15836 MiB, 16384 MiB, 66.81 W, 66
2026/09/15 05:31:22.529, 2 %, 3 %, 15836 MiB, 16384 MiB, 66.79 W, 67
2026/09/15 05:31:23.532, 100 %, 31 %, 15836 MiB, 16384 MiB, 237.31 W, 67
2026/09/15 05:31:24.534, 1 %, 2 %, 15836 MiB, 16384 MiB, 65.89 W, 66
2026/09/15 05:31:25.537, 1 %, 2 %, 15836 MiB, 16384 MiB, 66.61 W, 66
2026/09/15 05:31:26.539, 77 %, 10 %, 15836 MiB, 16384 MiB, 181.63 W, 69
2026/09/15 05:31:27.545, 29 %, 26 %, 15836 MiB, 16384 MiB, 63.55 W, 66
2026/09/15 05:31:28.548, 1 %, 2 %, 15836 MiB, 16384 MiB, 67.96 W, 66
2026/09/15 05:31:29.550, 46 %, 4 %, 15836 MiB, 16384 MiB, 139.97 W, 69
2026/09/15 05:31:30.553, 45 %, 39 %, 15836 MiB, 16384 MiB, 60.87 W, 66
2026/09/15 05:31:31.557, 1 %, 2 %, 15836 MiB, 16384 MiB, 66.38 W, 66
2026/09/15 05:31:32.560, 39 %, 4 %, 15836 MiB, 16384 MiB, 131.49 W, 67
2026/09/15 05:31:33.562, 99 %, 43 %, 15836 MiB, 16384 MiB, 241.17 W, 67
2026/09/15 05:31:34.568, 1 %, 2 %, 15836 MiB, 16384 MiB, 66.60 W, 66
2026/09/15 05:31:35.570, 1 %, 2 %, 15836 MiB, 16384 MiB, 66.05 W, 67
2026/09/15 05:31:36.573, 100 %, 44 %, 15836 MiB, 16384 MiB, 235.73 W, 67
2026/09/15 05:31:37.575, 100 %, 7 %, 15836 MiB, 16384 MiB, 74.11 W, 66
2026/09/15 05:31:38.577, 100 %, 9 %, 15836 MiB, 16384 MiB, 72.65 W, 66
2026/09/15 05:31:39.580, 100 %, 6 %, 15836 MiB, 16384 MiB, 66.52 W, 66
2026/09/15 05:31:40.582, 100 %, 6 %, 15836 MiB, 16384 MiB, 72.78 W, 65
2026/09/15 05:31:41.585, 100 %, 9 %, 15836 MiB, 16384 MiB, 72.57 W, 65
2026/09/15 05:31:42.587, 1 %, 2 %, 15836 MiB, 16384 MiB, 66.15 W, 65
2026/09/15 05:31:43.589, 1 %, 2 %, 15836 MiB, 16384 MiB, 66.17 W, 65
2026/09/15 05:31:44.592, 4 %, 4 %, 15836 MiB, 16384 MiB, 49.37 W, 64
2026/09/15 05:31:45.595, 1 %, 2 %, 15836 MiB, 16384 MiB, 49.59 W, 64
2026/09/15 05:31:46.598, 1 %, 2 %, 15836 MiB, 16384 MiB, 49.69 W, 63
2026/09/15 05:31:47.601, 1 %, 2 %, 15836 MiB, 16384 MiB, 49.93 W, 63
2026/09/15 05:31:48.604, 1 %, 2 %, 15836 MiB, 16384 MiB, 50.05 W, 63
2026/09/15 05:31:49.607, 1 %, 2 %, 15836 MiB, 16384 MiB, 50.41 W, 63
2026/09/15 05:31:50.610, 4 %, 5 %, 15836 MiB, 16384 MiB, 50.17 W, 63
2026/09/15 05:31:51.613, 4 %, 4 %, 15836 MiB, 16384 MiB, 49.54 W, 62
2026/09/15 05:31:52.616, 4 %, 4 %, 15836 MiB, 16384 MiB, 52.94 W, 62
2026/09/15 05:31:53.619, 4 %, 5 %, 15836 MiB, 16384 MiB, 53.08 W, 62
2026/09/15 05:31:54.622, 2 %, 3 %, 15836 MiB, 16384 MiB, 49.75 W, 62
2026/09/15 05:31:55.625, 2 %, 3 %, 15836 MiB, 16384 MiB, 49.83 W, 62
2026/09/15 05:31:56.628, 2 %, 3 %, 15836 MiB, 16384 MiB, 49.77 W, 62
2026/09/15 05:31:57.631, 1 %, 2 %, 15836 MiB, 16384 MiB, 49.51 W, 62
2026/09/15 05:31:58.634, 4 %, 4 %, 15836 MiB, 16384 MiB, 49.44 W, 61
2026/09/15 05:31:59.636, 4 %, 4 %, 15836 MiB, 16384 MiB, 53.02 W, 61
2026/09/15 05:32:00.639, 1 %, 2 %, 15836 MiB, 16384 MiB, 49.28 W, 61
2026/09/15 05:32:01.642, 1 %, 2 %, 15836 MiB, 16384 MiB, 49.45 W, 61
2026/09/15 05:32:02.645, 1 %, 3 %, 15836 MiB, 16384 MiB, 49.46 W, 61
2026/09/15 05:32:03.648, 1 %, 2 %, 15836 MiB, 16384 MiB, 49.35 W, 61
2026/09/15 05:32:04.651, 1 %, 2 %, 15836 MiB, 16384 MiB, 49.27 W, 60
2026/09/15 05:32:05.654, 100 %, 6 %, 15836 MiB, 16384 MiB, 68.45 W, 61
2026/09/15 05:32:06.657, 100 %, 9 %, 15836 MiB, 16384 MiB, 68.40 W, 61
2026/09/15 05:32:07.661, 100 %, 7 %, 15836 MiB, 16384 MiB, 68.45 W, 61
2026/09/15 05:32:08.664, 100 %, 6 %, 15836 MiB, 16384 MiB, 62.97 W, 61
2026/09/15 05:32:09.667, 100 %, 6 %, 15836 MiB, 16384 MiB, 69.95 W, 61
2026/09/15 05:32:10.670, 89 %, 9 %, 15836 MiB, 16384 MiB, 69.10 W, 61
2026/09/15 05:32:11.673, 1 %, 2 %, 15836 MiB, 16384 MiB, 61.75 W, 61
2026/09/15 05:32:12.677, 1 %, 2 %, 15836 MiB, 16384 MiB, 48.76 W, 60
2026/09/15 05:32:13.680, 1 %, 2 %, 15836 MiB, 16384 MiB, 49.08 W, 60
2026/09/15 05:32:14.683, 1 %, 2 %, 15836 MiB, 16384 MiB, 48.94 W, 60
2026/09/15 05:32:15.685, 4 %, 4 %, 15836 MiB, 16384 MiB, 48.90 W, 60
2026/09/15 05:32:16.688, 4 %, 4 %, 15836 MiB, 16384 MiB, 52.17 W, 60
2026/09/15 05:32:17.691, 4 %, 5 %, 15836 MiB, 16384 MiB, 52.45 W, 60
2026/09/15 05:32:18.694, 1 %, 2 %, 15836 MiB, 16384 MiB, 48.80 W, 59
2026/09/15 05:32:19.697, 2 %, 3 %, 15836 MiB, 16384 MiB, 48.67 W, 59
2026/09/15 05:32:20.700, 1 %, 2 %, 15836 MiB, 16384 MiB, 48.56 W, 59
2026/09/15 05:32:21.702, 1 %, 2 %, 15836 MiB, 16384 MiB, 48.21 W, 59
2026/09/15 05:32:22.706, 1 %, 2 %, 15836 MiB, 16384 MiB, 48.01 W, 59
2026/09/15 05:32:23.709, 4 %, 4 %, 15836 MiB, 16384 MiB, 48.20 W, 59
2026/09/15 05:32:24.711, 4 %, 4 %, 15836 MiB, 16384 MiB, 50.92 W, 59
2026/09/15 05:32:25.714, 1 %, 2 %, 15836 MiB, 16384 MiB, 47.81 W, 59
2026/09/15 05:32:26.717, 1 %, 2 %, 15836 MiB, 16384 MiB, 48.30 W, 58
2026/09/15 05:32:27.719, 1 %, 2 %, 15836 MiB, 16384 MiB, 48.22 W, 58
2026/09/15 05:32:28.722, 2 %, 3 %, 15836 MiB, 16384 MiB, 48.82 W, 58
2026/09/15 05:32:29.724, 1 %, 2 %, 15836 MiB, 16384 MiB, 48.76 W, 58
2026/09/15 05:32:30.727, 4 %, 4 %, 15836 MiB, 16384 MiB, 48.18 W, 58
2026/09/15 05:32:31.730, 4 %, 4 %, 15836 MiB, 16384 MiB, 47.60 W, 58
2026/09/15 05:32:32.732, 4 %, 4 %, 15836 MiB, 16384 MiB, 51.19 W, 58
2026/09/15 05:32:33.735, 100 %, 9 %, 15836 MiB, 16384 MiB, 67.51 W, 59
2026/09/15 05:32:34.737, 100 %, 9 %, 15836 MiB, 16384 MiB, 67.51 W, 59
2026/09/15 05:32:35.740, 100 %, 6 %, 15836 MiB, 16384 MiB, 61.36 W, 59
2026/09/15 05:32:36.742, 100 %, 6 %, 15836 MiB, 16384 MiB, 67.53 W, 59
2026/09/15 05:32:37.745, 100 %, 9 %, 15836 MiB, 16384 MiB, 67.64 W, 59
2026/09/15 05:32:38.747, 100 %, 6 %, 15836 MiB, 16384 MiB, 65.37 W, 59
2026/09/15 05:32:39.749, 1 %, 2 %, 15836 MiB, 16384 MiB, 60.84 W, 59
2026/09/15 05:32:40.752, 3 %, 4 %, 15836 MiB, 16384 MiB, 60.21 W, 58
2026/09/15 05:32:41.754, 3 %, 4 %, 15836 MiB, 16384 MiB, 47.01 W, 58
2026/09/15 05:32:42.757, 4 %, 5 %, 15836 MiB, 16384 MiB, 50.77 W, 58
2026/09/15 05:32:43.759, 1 %, 2 %, 15836 MiB, 16384 MiB, 47.55 W, 58
2026/09/15 05:32:44.763, 1 %, 2 %, 15836 MiB, 16384 MiB, 47.61 W, 58
2026/09/15 05:32:45.766, 1 %, 2 %, 15836 MiB, 16384 MiB, 47.35 W, 58
2026/09/15 05:32:46.768, 1 %, 2 %, 15836 MiB, 16384 MiB, 47.77 W, 57
2026/09/15 05:32:47.771, 4 %, 5 %, 15836 MiB, 16384 MiB, 47.60 W, 57
2026/09/15 05:32:48.773, 4 %, 4 %, 15836 MiB, 16384 MiB, 47.57 W, 57
2026/09/15 05:32:49.776, 4 %, 4 %, 15836 MiB, 16384 MiB, 50.97 W, 57
2026/09/15 05:32:50.778, 2 %, 3 %, 15836 MiB, 16384 MiB, 47.92 W, 57
2026/09/15 05:32:51.781, 2 %, 3 %, 15836 MiB, 16384 MiB, 47.75 W, 57
2026/09/15 05:32:52.784, 1 %, 2 %, 15836 MiB, 16384 MiB, 47.68 W, 57
2026/09/15 05:32:53.787, 1 %, 2 %, 15836 MiB, 16384 MiB, 47.66 W, 57
2026/09/15 05:32:54.790, 4 %, 4 %, 15836 MiB, 16384 MiB, 47.65 W, 57
2026/09/15 05:32:55.793, 4 %, 4 %, 15836 MiB, 16384 MiB, 47.23 W, 57
2026/09/15 05:32:56.796, 4 %, 4 %, 15836 MiB, 16384 MiB, 50.69 W, 57
2026/09/15 05:32:57.799, 1 %, 2 %, 15836 MiB, 16384 MiB, 47.62 W, 57
2026/09/15 05:32:58.802, 1 %, 2 %, 15836 MiB, 16384 MiB, 47.79 W, 57
2026/09/15 05:32:59.805, 1 %, 2 %, 15836 MiB, 16384 MiB, 47.79 W, 57
2026/09/15 05:33:00.808, 1 %, 2 %, 15836 MiB, 16384 MiB, 47.63 W, 57
2026/09/15 05:33:01.811, 100 %, 6 %, 15836 MiB, 16384 MiB, 52.85 W, 57
2026/09/15 05:33:02.814, 100 %, 9 %, 15836 MiB, 16384 MiB, 66.85 W, 58
2026/09/15 05:33:03.817, 100 %, 7 %, 15836 MiB, 16384 MiB, 67.08 W, 58
2026/09/15 05:33:04.820, 100 %, 6 %, 15836 MiB, 16384 MiB, 61.23 W, 58
2026/09/15 05:33:05.823, 100 %, 6 %, 15836 MiB, 16384 MiB, 66.87 W, 58
2026/09/15 05:33:06.825, 100 %, 9 %, 15836 MiB, 16384 MiB, 66.92 W, 58
2026/09/15 05:33:07.828, 4 %, 4 %, 15836 MiB, 16384 MiB, 64.58 W, 58
2026/09/15 05:33:08.831, 1 %, 2 %, 15836 MiB, 16384 MiB, 61.55 W, 58
2026/09/15 05:33:09.834, 1 %, 2 %, 15836 MiB, 16384 MiB, 47.89 W, 57
2026/09/15 05:33:10.837, 1 %, 2 %, 15836 MiB, 16384 MiB, 47.67 W, 57
2026/09/15 05:33:11.840, 1 %, 2 %, 15836 MiB, 16384 MiB, 47.57 W, 57
2026/09/15 05:33:12.843, 4 %, 4 %, 15836 MiB, 16384 MiB, 47.69 W, 57
2026/09/15 05:33:13.845, 4 %, 4 %, 15836 MiB, 16384 MiB, 50.43 W, 57
2026/09/15 05:33:14.848, 4 %, 5 %, 15836 MiB, 16384 MiB, 50.89 W, 57
2026/09/15 05:33:15.851, 1 %, 3 %, 15836 MiB, 16384 MiB, 47.44 W, 57
2026/09/15 05:33:16.854, 1 %, 2 %, 15836 MiB, 16384 MiB, 47.50 W, 56
2026/09/15 05:33:17.856, 1 %, 2 %, 15836 MiB, 16384 MiB, 47.59 W, 56
2026/09/15 05:33:18.859, 2 %, 3 %, 15836 MiB, 16384 MiB, 47.53 W, 56
2026/09/15 05:33:19.861, 1 %, 2 %, 15836 MiB, 16384 MiB, 47.60 W, 56
2026/09/15 05:33:20.864, 4 %, 4 %, 15836 MiB, 16384 MiB, 47.09 W, 56
2026/09/15 05:33:21.867, 4 %, 5 %, 15836 MiB, 16384 MiB, 50.23 W, 56
2026/09/15 05:33:22.870, 1 %, 2 %, 15836 MiB, 16384 MiB, 47.21 W, 56
2026/09/15 05:33:23.872, 1 %, 2 %, 15836 MiB, 16384 MiB, 47.62 W, 56
2026/09/15 05:33:24.875, 1 %, 2 %, 15836 MiB, 16384 MiB, 47.46 W, 56
2026/09/15 05:33:25.878, 1 %, 2 %, 15836 MiB, 16384 MiB, 47.46 W, 56
2026/09/15 05:33:26.881, 4 %, 5 %, 15836 MiB, 16384 MiB, 47.35 W, 56
2026/09/15 05:33:27.883, 4 %, 4 %, 15836 MiB, 16384 MiB, 47.24 W, 56
2026/09/15 05:33:28.886, 4 %, 4 %, 15836 MiB, 16384 MiB, 47.72 W, 56
2026/09/15 05:33:29.889, 7 %, 8 %, 15836 MiB, 16384 MiB, 56.16 W, 56
2026/09/15 05:33:30.892, 100 %, 6 %, 15836 MiB, 16384 MiB, 60.75 W, 57
2026/09/15 05:33:31.895, 100 %, 6 %, 15836 MiB, 16384 MiB, 66.36 W, 57
2026/09/15 05:33:32.898, 100 %, 9 %, 15836 MiB, 16384 MiB, 66.50 W, 57
2026/09/15 05:33:33.901, 100 %, 6 %, 15836 MiB, 16384 MiB, 66.59 W, 57
2026/09/15 05:33:34.905, 100 %, 6 %, 15836 MiB, 16384 MiB, 60.87 W, 57
2026/09/15 05:33:35.908, 1 %, 2 %, 15836 MiB, 16384 MiB, 59.96 W, 57
2026/09/15 05:33:36.911, 1 %, 2 %, 15836 MiB, 16384 MiB, 59.84 W, 57
2026/09/15 05:33:37.915, 4 %, 4 %, 15836 MiB, 16384 MiB, 47.29 W, 56
2026/09/15 05:33:38.918, 4 %, 4 %, 15836 MiB, 16384 MiB, 50.16 W, 56
2026/09/15 05:33:39.921, 1 %, 2 %, 15836 MiB, 16384 MiB, 50.61 W, 56
2026/09/15 05:33:40.924, 1 %, 2 %, 15836 MiB, 16384 MiB, 47.10 W, 56
2026/09/15 05:33:41.927, 1 %, 2 %, 15836 MiB, 16384 MiB, 47.02 W, 56
2026/09/15 05:33:42.931, 1 %, 2 %, 15836 MiB, 16384 MiB, 46.90 W, 56
2026/09/15 05:33:43.934, 2 %, 3 %, 15836 MiB, 16384 MiB, 46.78 W, 56
2026/09/15 05:33:44.937, 1 %, 2 %, 15836 MiB, 16384 MiB, 46.70 W, 56
2026/09/15 05:33:45.941, 4 %, 4 %, 15836 MiB, 16384 MiB, 46.81 W, 56
2026/09/15 05:33:46.944, 4 %, 4 %, 15836 MiB, 16384 MiB, 46.16 W, 56
2026/09/15 05:33:47.947, 5 %, 5 %, 15836 MiB, 16384 MiB, 49.98 W, 56
2026/09/15 05:33:48.950, 2 %, 3 %, 15836 MiB, 16384 MiB, 47.06 W, 56
2026/09/15 05:33:49.953, 2 %, 3 %, 15836 MiB, 16384 MiB, 47.73 W, 56
2026/09/15 05:33:50.956, 1 %, 2 %, 15836 MiB, 16384 MiB, 47.30 W, 56
2026/09/15 05:33:51.959, 4 %, 5 %, 15836 MiB, 16384 MiB, 46.87 W, 56
2026/09/15 05:33:52.962, 4 %, 4 %, 15836 MiB, 16384 MiB, 46.29 W, 56
2026/09/15 05:33:53.965, 4 %, 5 %, 15836 MiB, 16384 MiB, 49.92 W, 56
2026/09/15 05:33:54.969, 1 %, 2 %, 15836 MiB, 16384 MiB, 46.72 W, 56
2026/09/15 05:33:55.972, 1 %, 3 %, 15836 MiB, 16384 MiB, 46.94 W, 55
2026/09/15 05:33:56.975, 1 %, 2 %, 15836 MiB, 16384 MiB, 46.63 W, 55
2026/09/15 05:33:57.979, 1 %, 2 %, 15836 MiB, 16384 MiB, 46.60 W, 55
2026/09/15 05:33:58.982, 100 %, 9 %, 15836 MiB, 16384 MiB, 65.00 W, 56
2026/09/15 05:33:59.985, 100 %, 9 %, 15836 MiB, 16384 MiB, 65.02 W, 56
2026/09/15 05:34:00.995, 100 %, 6 %, 15836 MiB, 16384 MiB, 64.32 W, 57
2026/09/15 05:34:01.997, 100 %, 6 %, 15836 MiB, 16384 MiB, 60.18 W, 57
2026/09/15 05:34:03.000, 100 %, 6 %, 15836 MiB, 16384 MiB, 65.14 W, 57
2026/09/15 05:34:04.002, 15 %, 4 %, 15836 MiB, 16384 MiB, 59.59 W, 57
2026/09/15 05:34:05.004, 3 %, 4 %, 15836 MiB, 16384 MiB, 61.75 W, 57
2026/09/15 05:34:06.007, 1 %, 2 %, 15836 MiB, 16384 MiB, 49.53 W, 56
2026/09/15 05:34:07.010, 1 %, 2 %, 15836 MiB, 16384 MiB, 46.68 W, 56
2026/09/15 05:34:08.013, 1 %, 3 %, 15836 MiB, 16384 MiB, 47.16 W, 56
2026/09/15 05:34:09.016, 1 %, 2 %, 15836 MiB, 16384 MiB, 47.05 W, 56
2026/09/15 05:34:10.018, 1 %, 3 %, 15836 MiB, 16384 MiB, 47.74 W, 56
2026/09/15 05:34:11.021, 1 %, 2 %, 15836 MiB, 16384 MiB, 47.83 W, 56
2026/09/15 05:34:12.024, 3 %, 4 %, 15836 MiB, 16384 MiB, 47.22 W, 56
2026/09/15 05:34:13.027, 3 %, 4 %, 15836 MiB, 16384 MiB, 47.11 W, 56
2026/09/15 05:34:14.029, 3 %, 4 %, 15836 MiB, 16384 MiB, 46.84 W, 56
2026/09/15 05:34:15.032, 3 %, 4 %, 15836 MiB, 16384 MiB, 49.64 W, 56
2026/09/15 05:34:16.035, 2 %, 3 %, 15836 MiB, 16384 MiB, 47.19 W, 56
2026/09/15 05:34:17.037, 2 %, 3 %, 15836 MiB, 16384 MiB, 46.99 W, 56
2026/09/15 05:34:18.040, 2 %, 3 %, 15836 MiB, 16384 MiB, 47.36 W, 56
2026/09/15 05:34:19.043, 1 %, 2 %, 15836 MiB, 16384 MiB, 46.78 W, 56
2026/09/15 05:34:20.046, 3 %, 4 %, 15836 MiB, 16384 MiB, 46.81 W, 55
2026/09/15 05:34:21.049, 3 %, 4 %, 15836 MiB, 16384 MiB, 46.43 W, 55
2026/09/15 05:34:22.053, 3 %, 4 %, 15836 MiB, 16384 MiB, 49.29 W, 55
2026/09/15 05:34:23.057, 1 %, 2 %, 15836 MiB, 16384 MiB, 49.69 W, 55
2026/09/15 05:34:24.061, 1 %, 2 %, 15836 MiB, 16384 MiB, 46.97 W, 55
2026/09/15 05:34:25.065, 1 %, 2 %, 15836 MiB, 16384 MiB, 46.74 W, 55
2026/09/15 05:34:26.069, 1 %, 2 %, 15836 MiB, 16384 MiB, 46.75 W, 55
2026/09/15 05:34:27.072, 100 %, 38 %, 15836 MiB, 16384 MiB, 241.78 W, 61
2026/09/15 05:34:28.076, 100 %, 82 %, 15836 MiB, 16384 MiB, 169.27 W, 58
2026/09/15 05:34:29.078, 100 %, 38 %, 15836 MiB, 16384 MiB, 58.67 W, 60
2026/09/15 05:34:30.081, 100 %, 9 %, 15836 MiB, 16384 MiB, 151.69 W, 59
2026/09/15 05:34:31.085, 100 %, 8 %, 15836 MiB, 16384 MiB, 113.91 W, 60
2026/09/15 05:34:32.087, 100 %, 0 %, 15836 MiB, 16384 MiB, 117.05 W, 60
2026/09/15 05:34:33.090, 100 %, 0 %, 15836 MiB, 16384 MiB, 117.95 W, 60
2026/09/15 05:34:34.092, 100 %, 0 %, 15836 MiB, 16384 MiB, 121.65 W, 63
2026/09/15 05:34:35.096, 100 %, 34 %, 15836 MiB, 16384 MiB, 250.66 W, 64
2026/09/15 05:34:36.098, 100 %, 80 %, 15836 MiB, 16384 MiB, 191.82 W, 63
2026/09/15 05:34:37.101, 100 %, 50 %, 15836 MiB, 16384 MiB, 164.35 W, 61
2026/09/15 05:34:38.104, 100 %, 9 %, 15836 MiB, 16384 MiB, 60.14 W, 62
2026/09/15 05:34:39.108, 100 %, 8 %, 15836 MiB, 16384 MiB, 140.85 W, 62
2026/09/15 05:34:40.111, 100 %, 0 %, 15836 MiB, 16384 MiB, 117.30 W, 63
2026/09/15 05:34:41.113, 100 %, 0 %, 15836 MiB, 16384 MiB, 117.12 W, 63
2026/09/15 05:34:42.115, 100 %, 0 %, 15836 MiB, 16384 MiB, 119.49 W, 63
2026/09/15 05:34:43.118, 100 %, 0 %, 15836 MiB, 16384 MiB, 119.96 W, 67
2026/09/15 05:34:44.120, 100 %, 0 %, 15836 MiB, 16384 MiB, 243.99 W, 66
2026/09/15 05:34:45.123, 100 %, 31 %, 15836 MiB, 16384 MiB, 205.55 W, 64
2026/09/15 05:34:46.126, 100 %, 69 %, 15836 MiB, 16384 MiB, 62.28 W, 65
2026/09/15 05:34:47.130, 100 %, 53 %, 15836 MiB, 16384 MiB, 132.04 W, 65
2026/09/15 05:34:48.133, 100 %, 16 %, 15836 MiB, 16384 MiB, 117.17 W, 65
2026/09/15 05:34:49.135, 100 %, 9 %, 15836 MiB, 16384 MiB, 120.59 W, 65
2026/09/15 05:34:50.138, 100 %, 0 %, 15836 MiB, 16384 MiB, 119.90 W, 65
2026/09/15 05:34:51.140, 100 %, 0 %, 15836 MiB, 16384 MiB, 121.67 W, 66
2026/09/15 05:34:52.144, 100 %, 0 %, 15836 MiB, 16384 MiB, 229.48 W, 69
2026/09/15 05:34:53.149, 100 %, 10 %, 15836 MiB, 16384 MiB, 207.88 W, 69
2026/09/15 05:34:54.152, 100 %, 61 %, 15836 MiB, 16384 MiB, 125.68 W, 66
2026/09/15 05:34:55.155, 100 %, 74 %, 15836 MiB, 16384 MiB, 116.48 W, 67
2026/09/15 05:34:56.158, 100 %, 30 %, 15836 MiB, 16384 MiB, 107.54 W, 67
2026/09/15 05:34:57.160, 100 %, 10 %, 15836 MiB, 16384 MiB, 117.66 W, 67
2026/09/15 05:34:58.163, 100 %, 6 %, 15836 MiB, 16384 MiB, 119.27 W, 67
2026/09/15 05:34:59.165, 100 %, 0 %, 15836 MiB, 16384 MiB, 119.14 W, 67
2026/09/15 05:35:00.168, 100 %, 0 %, 15836 MiB, 16384 MiB, 120.58 W, 68
2026/09/15 05:35:01.170, 49 %, 7 %, 15836 MiB, 16384 MiB, 112.00 W, 67
2026/09/15 05:35:02.172, 1 %, 2 %, 15836 MiB, 16384 MiB, 63.59 W, 66
2026/09/15 05:35:03.175, 88 %, 80 %, 15836 MiB, 16384 MiB, 121.10 W, 67
2026/09/15 05:35:04.177, 100 %, 0 %, 15836 MiB, 16384 MiB, 120.98 W, 70
2026/09/15 05:35:05.180, 71 %, 8 %, 15836 MiB, 16384 MiB, 118.25 W, 68
2026/09/15 05:35:06.182, 1 %, 2 %, 15836 MiB, 16384 MiB, 64.37 W, 66
2026/09/15 05:35:07.185, 63 %, 56 %, 15836 MiB, 16384 MiB, 60.19 W, 67
2026/09/15 05:35:08.187, 100 %, 0 %, 15836 MiB, 16384 MiB, 136.30 W, 71
2026/09/15 05:35:09.193, 100 %, 0 %, 15836 MiB, 16384 MiB, 118.55 W, 68
2026/09/15 05:35:10.195, 1 %, 2 %, 15836 MiB, 16384 MiB, 64.89 W, 69
2026/09/15 05:35:11.197, 12 %, 12 %, 15836 MiB, 16384 MiB, 64.18 W, 67
2026/09/15 05:35:12.200, 100 %, 42 %, 15836 MiB, 16384 MiB, 228.24 W, 71
2026/09/15 05:35:13.203, 100 %, 0 %, 15836 MiB, 16384 MiB, 121.41 W, 68
2026/09/15 05:35:14.206, 20 %, 9 %, 15836 MiB, 16384 MiB, 141.51 W, 68
2026/09/15 05:35:15.208, 1 %, 2 %, 15836 MiB, 16384 MiB, 63.91 W, 67
2026/09/15 05:35:16.211, 100 %, 74 %, 15836 MiB, 16384 MiB, 209.24 W, 69
2026/09/15 05:35:17.213, 100 %, 0 %, 15836 MiB, 16384 MiB, 121.61 W, 69
2026/09/15 05:35:18.216, 66 %, 7 %, 15836 MiB, 16384 MiB, 118.89 W, 69
2026/09/15 05:35:19.218, 1 %, 2 %, 15836 MiB, 16384 MiB, 64.10 W, 67
2026/09/15 05:35:20.221, 57 %, 48 %, 15836 MiB, 16384 MiB, 62.21 W, 68
2026/09/15 05:35:21.223, 100 %, 1 %, 15836 MiB, 16384 MiB, 193.71 W, 72
2026/09/15 05:35:22.226, 100 %, 0 %, 15836 MiB, 16384 MiB, 122.65 W, 69
2026/09/15 05:35:23.228, 1 %, 2 %, 15836 MiB, 16384 MiB, 64.10 W, 67
2026/09/15 05:35:24.231, 6 %, 6 %, 15836 MiB, 16384 MiB, 64.62 W, 68
2026/09/15 05:35:25.233, 100 %, 41 %, 15836 MiB, 16384 MiB, 237.41 W, 71
2026/09/15 05:35:26.239, 100 %, 0 %, 15836 MiB, 16384 MiB, 122.46 W, 69
2026/09/15 05:35:27.241, 21 %, 7 %, 15836 MiB, 16384 MiB, 134.24 W, 69
2026/09/15 05:35:28.246, 2 %, 3 %, 15836 MiB, 16384 MiB, 64.76 W, 68
2026/09/15 05:35:29.248, 100 %, 85 %, 15836 MiB, 16384 MiB, 228.87 W, 70
2026/09/15 05:35:30.251, 100 %, 0 %, 15836 MiB, 16384 MiB, 120.42 W, 69
2026/09/15 05:35:31.253, 77 %, 6 %, 15836 MiB, 16384 MiB, 149.40 W, 69
2026/09/15 05:35:32.255, 2 %, 3 %, 15836 MiB, 16384 MiB, 64.77 W, 68
2026/09/15 05:35:33.258, 47 %, 42 %, 15836 MiB, 16384 MiB, 137.48 W, 68
2026/09/15 05:35:34.263, 100 %, 3 %, 15836 MiB, 16384 MiB, 122.78 W, 73
2026/09/15 05:35:35.271, 100 %, 0 %, 15836 MiB, 16384 MiB, 119.83 W, 69
2026/09/15 05:35:36.274, 1 %, 2 %, 15836 MiB, 16384 MiB, 65.21 W, 68
2026/09/15 05:35:37.277, 11 %, 10 %, 15836 MiB, 16384 MiB, 61.95 W, 68
2026/09/15 05:35:38.279, 100 %, 28 %, 15836 MiB, 16384 MiB, 132.36 W, 72
2026/09/15 05:35:39.282, 100 %, 0 %, 15836 MiB, 16384 MiB, 120.04 W, 69
2026/09/15 05:35:40.284, 6 %, 5 %, 15836 MiB, 16384 MiB, 65.59 W, 71
2026/09/15 05:35:41.289, 1 %, 2 %, 15836 MiB, 16384 MiB, 65.10 W, 68
2026/09/15 05:35:42.292, 100 %, 63 %, 15836 MiB, 16384 MiB, 250.69 W, 72
2026/09/15 05:35:43.295, 100 %, 0 %, 15836 MiB, 16384 MiB, 120.75 W, 70
2026/09/15 05:35:44.297, 1 %, 2 %, 15836 MiB, 16384 MiB, 115.31 W, 70
2026/09/15 05:35:45.300, 35 %, 30 %, 15836 MiB, 16384 MiB, 65.12 W, 68
2026/09/15 05:35:46.302, 100 %, 5 %, 15836 MiB, 16384 MiB, 209.44 W, 72
2026/09/15 05:35:47.310, 100 %, 0 %, 15836 MiB, 16384 MiB, 121.37 W, 70
2026/09/15 05:35:48.312, 1 %, 2 %, 15836 MiB, 16384 MiB, 140.52 W, 70
2026/09/15 05:35:49.316, 4 %, 4 %, 15836 MiB, 16384 MiB, 65.51 W, 68
2026/09/15 05:35:50.318, 100 %, 34 %, 15836 MiB, 16384 MiB, 184.41 W, 69
2026/09/15 05:35:51.320, 100 %, 0 %, 15836 MiB, 16384 MiB, 123.11 W, 70
2026/09/15 05:35:52.323, 19 %, 7 %, 15836 MiB, 16384 MiB, 120.40 W, 70
2026/09/15 05:35:53.325, 1 %, 2 %, 15836 MiB, 16384 MiB, 65.00 W, 68
2026/09/15 05:35:54.328, 100 %, 79 %, 15836 MiB, 16384 MiB, 63.01 W, 69
2026/09/15 05:35:55.330, 100 %, 0 %, 15836 MiB, 16384 MiB, 204.29 W, 73
2026/09/15 05:35:56.333, 100 %, 3 %, 15836 MiB, 16384 MiB, 127.33 W, 70
2026/09/15 05:35:57.336, 100 %, 0 %, 15836 MiB, 16384 MiB, 123.76 W, 70
2026/09/15 05:35:58.338, 100 %, 0 %, 15836 MiB, 16384 MiB, 123.47 W, 70
2026/09/15 05:35:59.340, 100 %, 0 %, 15836 MiB, 16384 MiB, 122.92 W, 70
2026/09/15 05:36:00.343, 100 %, 5 %, 15836 MiB, 16384 MiB, 120.89 W, 70
2026/09/15 05:36:01.346, 100 %, 9 %, 15836 MiB, 16384 MiB, 120.88 W, 71
2026/09/15 05:36:02.348, 100 %, 46 %, 15836 MiB, 16384 MiB, 143.19 W, 71
2026/09/15 05:36:03.350, 100 %, 50 %, 15836 MiB, 16384 MiB, 65.34 W, 70
2026/09/15 05:36:04.354, 100 %, 10 %, 15836 MiB, 16384 MiB, 141.15 W, 70
2026/09/15 05:36:05.358, 100 %, 0 %, 15836 MiB, 16384 MiB, 241.64 W, 73
2026/09/15 05:36:06.362, 100 %, 0 %, 15836 MiB, 16384 MiB, 123.84 W, 71
2026/09/15 05:36:07.364, 100 %, 0 %, 15836 MiB, 16384 MiB, 123.65 W, 71
2026/09/15 05:36:08.367, 100 %, 0 %, 15836 MiB, 16384 MiB, 123.77 W, 71
2026/09/15 05:36:09.369, 100 %, 0 %, 15836 MiB, 16384 MiB, 123.75 W, 71
2026/09/15 05:36:10.371, 100 %, 0 %, 15836 MiB, 16384 MiB, 123.67 W, 71
2026/09/15 05:36:11.373, 100 %, 4 %, 15836 MiB, 16384 MiB, 122.10 W, 71
2026/09/15 05:36:12.376, 100 %, 6 %, 15836 MiB, 16384 MiB, 119.78 W, 71
2026/09/15 05:36:13.378, 100 %, 25 %, 15836 MiB, 16384 MiB, 117.19 W, 71
2026/09/15 05:36:14.380, 100 %, 49 %, 15836 MiB, 16384 MiB, 72.93 W, 72
2026/09/15 05:36:15.383, 100 %, 36 %, 15836 MiB, 16384 MiB, 223.29 W, 71
2026/09/15 05:36:16.385, 100 %, 0 %, 15836 MiB, 16384 MiB, 185.63 W, 74
2026/09/15 05:36:17.390, 100 %, 0 %, 15836 MiB, 16384 MiB, 124.21 W, 71
2026/09/15 05:36:18.392, 100 %, 0 %, 15836 MiB, 16384 MiB, 124.27 W, 71
2026/09/15 05:36:19.395, 100 %, 0 %, 15836 MiB, 16384 MiB, 124.19 W, 71
2026/09/15 05:36:20.398, 100 %, 0 %, 15836 MiB, 16384 MiB, 124.36 W, 72
2026/09/15 05:36:21.400, 100 %, 0 %, 15836 MiB, 16384 MiB, 124.46 W, 72
2026/09/15 05:36:22.402, 100 %, 0 %, 15836 MiB, 16384 MiB, 122.04 W, 72
2026/09/15 05:36:23.405, 100 %, 5 %, 15836 MiB, 16384 MiB, 121.35 W, 72
2026/09/15 05:36:24.407, 100 %, 14 %, 15836 MiB, 16384 MiB, 138.04 W, 72
2026/09/15 05:36:25.411, 100 %, 50 %, 15836 MiB, 16384 MiB, 65.18 W, 72
2026/09/15 05:36:26.413, 100 %, 43 %, 15836 MiB, 16384 MiB, 161.94 W, 71
2026/09/15 05:36:27.416, 100 %, 5 %, 15836 MiB, 16384 MiB, 227.59 W, 74
2026/09/15 05:36:28.418, 100 %, 0 %, 15836 MiB, 16384 MiB, 124.57 W, 72
2026/09/15 05:36:29.420, 100 %, 0 %, 15836 MiB, 16384 MiB, 124.81 W, 72
2026/09/15 05:36:30.423, 100 %, 0 %, 15836 MiB, 16384 MiB, 125.19 W, 72
2026/09/15 05:36:31.425, 100 %, 0 %, 15836 MiB, 16384 MiB, 124.65 W, 72
2026/09/15 05:36:32.427, 100 %, 0 %, 15836 MiB, 16384 MiB, 126.98 W, 72
2026/09/15 05:36:33.430, 100 %, 0 %, 15836 MiB, 16384 MiB, 127.27 W, 72
2026/09/15 05:36:34.432, 100 %, 5 %, 15836 MiB, 16384 MiB, 125.41 W, 72
2026/09/15 05:36:35.435, 100 %, 6 %, 15836 MiB, 16384 MiB, 125.62 W, 72
2026/09/15 05:36:36.438, 100 %, 35 %, 15836 MiB, 16384 MiB, 105.85 W, 72
2026/09/15 05:36:37.441, 88 %, 45 %, 15836 MiB, 16384 MiB, 108.25 W, 71
2026/09/15 05:36:38.443, 100 %, 0 %, 15836 MiB, 16384 MiB, 128.79 W, 72
2026/09/15 05:36:39.446, 1 %, 2 %, 15836 MiB, 16384 MiB, 68.11 W, 72
2026/09/15 05:36:40.448, 85 %, 51 %, 15836 MiB, 16384 MiB, 258.35 W, 71
2026/09/15 05:36:41.450, 100 %, 0 %, 15836 MiB, 16384 MiB, 128.38 W, 72
2026/09/15 05:36:42.453, 5 %, 4 %, 15836 MiB, 16384 MiB, 67.90 W, 72
2026/09/15 05:36:43.456, 73 %, 49 %, 15836 MiB, 16384 MiB, 231.95 W, 71
2026/09/15 05:36:44.461, 100 %, 0 %, 15836 MiB, 16384 MiB, 128.61 W, 72
2026/09/15 05:36:45.463, 1 %, 2 %, 15836 MiB, 16384 MiB, 67.87 W, 72
2026/09/15 05:36:46.466, 81 %, 50 %, 15836 MiB, 16384 MiB, 240.19 W, 71
2026/09/15 05:36:47.468, 100 %, 0 %, 15836 MiB, 16384 MiB, 127.20 W, 72
2026/09/15 05:36:48.470, 5 %, 4 %, 15836 MiB, 16384 MiB, 67.83 W, 72
2026/09/15 05:36:49.473, 74 %, 50 %, 15836 MiB, 16384 MiB, 225.12 W, 71
2026/09/15 05:36:50.475, 100 %, 0 %, 15836 MiB, 16384 MiB, 128.49 W, 72
2026/09/15 05:36:51.478, 7 %, 5 %, 15836 MiB, 16384 MiB, 69.00 W, 71
2026/09/15 05:36:52.480, 71 %, 49 %, 15836 MiB, 16384 MiB, 209.84 W, 71
2026/09/15 05:36:53.485, 100 %, 0 %, 15836 MiB, 16384 MiB, 128.52 W, 72
2026/09/15 05:36:54.488, 17 %, 5 %, 15836 MiB, 16384 MiB, 67.42 W, 71
2026/09/15 05:36:55.490, 61 %, 49 %, 15836 MiB, 16384 MiB, 166.61 W, 71
2026/09/15 05:36:56.492, 100 %, 0 %, 15836 MiB, 16384 MiB, 127.62 W, 72
2026/09/15 05:36:57.495, 13 %, 7 %, 15836 MiB, 16384 MiB, 67.55 W, 71
2026/09/15 05:36:58.497, 65 %, 48 %, 15836 MiB, 16384 MiB, 180.55 W, 71
2026/09/15 05:36:59.500, 100 %, 0 %, 15836 MiB, 16384 MiB, 124.53 W, 71
2026/09/15 05:37:00.502, 31 %, 5 %, 15836 MiB, 16384 MiB, 88.07 W, 71
2026/09/15 05:37:01.505, 100 %, 10 %, 15836 MiB, 16384 MiB, 125.01 W, 70
2026/09/15 05:37:02.507, 100 %, 0 %, 15836 MiB, 16384 MiB, 124.58 W, 71
2026/09/15 05:37:03.510, 1 %, 2 %, 15836 MiB, 16384 MiB, 66.24 W, 71
2026/09/15 05:37:04.512, 100 %, 2 %, 15836 MiB, 16384 MiB, 155.54 W, 70
2026/09/15 05:37:05.514, 100 %, 0 %, 15836 MiB, 16384 MiB, 124.15 W, 71
2026/09/15 05:37:06.517, 1 %, 2 %, 15836 MiB, 16384 MiB, 66.46 W, 71
2026/09/15 05:37:07.519, 100 %, 1 %, 15836 MiB, 16384 MiB, 162.03 W, 70
2026/09/15 05:37:08.523, 100 %, 0 %, 15836 MiB, 16384 MiB, 124.37 W, 71
2026/09/15 05:37:09.527, 2 %, 3 %, 15836 MiB, 16384 MiB, 65.65 W, 71
2026/09/15 05:37:10.529, 100 %, 2 %, 15836 MiB, 16384 MiB, 156.48 W, 70
2026/09/15 05:37:11.531, 100 %, 1 %, 15836 MiB, 16384 MiB, 123.88 W, 71
2026/09/15 05:37:12.534, 2 %, 3 %, 15836 MiB, 16384 MiB, 67.38 W, 71
2026/09/15 05:37:13.536, 100 %, 1 %, 15836 MiB, 16384 MiB, 158.49 W, 70
2026/09/15 05:37:14.541, 100 %, 1 %, 15836 MiB, 16384 MiB, 124.41 W, 71
2026/09/15 05:37:15.543, 1 %, 2 %, 15836 MiB, 16384 MiB, 71.45 W, 71
2026/09/15 05:37:16.548, 100 %, 8 %, 15836 MiB, 16384 MiB, 133.19 W, 70
2026/09/15 05:37:17.551, 100 %, 1 %, 15836 MiB, 16384 MiB, 124.96 W, 71
2026/09/15 05:37:18.553, 1 %, 2 %, 15836 MiB, 16384 MiB, 109.26 W, 70
2026/09/15 05:37:19.555, 100 %, 22 %, 15836 MiB, 16384 MiB, 88.87 W, 70
2026/09/15 05:37:20.558, 100 %, 0 %, 15836 MiB, 16384 MiB, 124.19 W, 71
2026/09/15 05:37:21.560, 1 %, 2 %, 15836 MiB, 16384 MiB, 113.14 W, 70
2026/09/15 05:37:22.564, 100 %, 27 %, 15836 MiB, 16384 MiB, 74.88 W, 70
2026/09/15 05:37:23.569, 100 %, 0 %, 15836 MiB, 16384 MiB, 124.61 W, 71
2026/09/15 05:37:24.572, 1 %, 2 %, 15836 MiB, 16384 MiB, 66.05 W, 70
2026/09/15 05:37:25.577, 100 %, 37 %, 15836 MiB, 16384 MiB, 205.00 W, 70
2026/09/15 05:37:26.579, 100 %, 0 %, 15836 MiB, 16384 MiB, 124.10 W, 70
2026/09/15 05:37:27.582, 1 %, 2 %, 15836 MiB, 16384 MiB, 65.36 W, 70
2026/09/15 05:37:28.584, 100 %, 42 %, 15836 MiB, 16384 MiB, 152.36 W, 69
2026/09/15 05:37:29.586, 100 %, 0 %, 15836 MiB, 16384 MiB, 123.85 W, 70
2026/09/15 05:37:30.589, 1 %, 2 %, 15836 MiB, 16384 MiB, 65.32 W, 70
2026/09/15 05:37:31.591, 100 %, 45 %, 15836 MiB, 16384 MiB, 138.53 W, 69
2026/09/15 05:37:32.597, 100 %, 0 %, 15836 MiB, 16384 MiB, 123.92 W, 70
2026/09/15 05:37:33.599, 1 %, 2 %, 15836 MiB, 16384 MiB, 100.34 W, 70
2026/09/15 05:37:34.601, 97 %, 50 %, 15836 MiB, 16384 MiB, 116.50 W, 69
2026/09/15 05:37:35.604, 100 %, 0 %, 15836 MiB, 16384 MiB, 123.83 W, 70
2026/09/15 05:37:36.606, 1 %, 2 %, 15836 MiB, 16384 MiB, 116.27 W, 70
2026/09/15 05:37:37.608, 82 %, 50 %, 15836 MiB, 16384 MiB, 72.98 W, 69
2026/09/15 05:37:38.611, 100 %, 0 %, 15836 MiB, 16384 MiB, 124.59 W, 70
2026/09/15 05:37:39.613, 1 %, 2 %, 15836 MiB, 16384 MiB, 99.56 W, 70
2026/09/15 05:37:40.616, 100 %, 54 %, 15836 MiB, 16384 MiB, 123.99 W, 69
2026/09/15 05:37:41.622, 100 %, 8 %, 15836 MiB, 16384 MiB, 68.22 W, 69
2026/09/15 05:37:42.624, 100 %, 9 %, 15836 MiB, 16384 MiB, 71.28 W, 68
2026/09/15 05:37:43.627, 100 %, 6 %, 15836 MiB, 16384 MiB, 71.18 W, 68
2026/09/15 05:37:44.630, 100 %, 6 %, 15836 MiB, 16384 MiB, 65.79 W, 68
2026/09/15 05:37:45.633, 100 %, 9 %, 15836 MiB, 16384 MiB, 65.77 W, 68
2026/09/15 05:37:46.636, 1 %, 2 %, 15836 MiB, 16384 MiB, 64.78 W, 67
2026/09/15 05:37:47.639, 1 %, 2 %, 15836 MiB, 16384 MiB, 64.80 W, 67
2026/09/15 05:37:48.642, 3 %, 4 %, 15836 MiB, 16384 MiB, 50.92 W, 66
2026/09/15 05:37:49.646, 3 %, 4 %, 15836 MiB, 16384 MiB, 50.40 W, 66
2026/09/15 05:37:50.649, 1 %, 2 %, 15836 MiB, 16384 MiB, 53.68 W, 66
2026/09/15 05:37:51.653, 1 %, 2 %, 15836 MiB, 16384 MiB, 50.61 W, 65
2026/09/15 05:37:52.656, 1 %, 2 %, 15836 MiB, 16384 MiB, 50.76 W, 65
2026/09/15 05:37:53.659, 1 %, 2 %, 15836 MiB, 16384 MiB, 51.11 W, 65
2026/09/15 05:37:54.662, 1 %, 2 %, 15836 MiB, 16384 MiB, 51.24 W, 65
2026/09/15 05:37:55.666, 4 %, 4 %, 15836 MiB, 16384 MiB, 50.54 W, 64
2026/09/15 05:37:56.668, 3 %, 4 %, 15836 MiB, 16384 MiB, 49.99 W, 64
2026/09/15 05:37:57.671, 4 %, 5 %, 15836 MiB, 16384 MiB, 53.30 W, 64
2026/09/15 05:37:58.673, 2 %, 3 %, 15836 MiB, 16384 MiB, 50.25 W, 64
2026/09/15 05:37:59.676, 2 %, 3 %, 15836 MiB, 16384 MiB, 50.28 W, 63
2026/09/15 05:38:00.679, 2 %, 3 %, 15836 MiB, 16384 MiB, 50.29 W, 63
2026/09/15 05:38:01.681, 1 %, 1 %, 15836 MiB, 16384 MiB, 50.02 W, 63
2026/09/15 05:38:02.684, 4 %, 4 %, 15836 MiB, 16384 MiB, 50.24 W, 63
2026/09/15 05:38:03.686, 3 %, 4 %, 15836 MiB, 16384 MiB, 49.85 W, 63
2026/09/15 05:38:04.689, 4 %, 4 %, 15836 MiB, 16384 MiB, 52.95 W, 62
2026/09/15 05:38:05.691, 1 %, 2 %, 15836 MiB, 16384 MiB, 53.12 W, 62
2026/09/15 05:38:06.694, 1 %, 3 %, 15836 MiB, 16384 MiB, 49.49 W, 62
2026/09/15 05:38:07.696, 1 %, 2 %, 15836 MiB, 16384 MiB, 49.59 W, 62
2026/09/15 05:38:08.699, 1 %, 2 %, 15836 MiB, 16384 MiB, 49.71 W, 62
2026/09/15 05:38:09.701, 100 %, 9 %, 15836 MiB, 16384 MiB, 68.75 W, 62
2026/09/15 05:38:10.704, 100 %, 6 %, 15836 MiB, 16384 MiB, 68.60 W, 62
2026/09/15 05:38:11.707, 100 %, 6 %, 15836 MiB, 16384 MiB, 68.76 W, 62
2026/09/15 05:38:12.709, 100 %, 7 %, 15836 MiB, 16384 MiB, 63.65 W, 62
2026/09/15 05:38:13.712, 100 %, 9 %, 15836 MiB, 16384 MiB, 69.45 W, 62
2026/09/15 05:38:14.714, 38 %, 5 %, 15836 MiB, 16384 MiB, 63.66 W, 62
2026/09/15 05:38:15.716, 3 %, 4 %, 15836 MiB, 16384 MiB, 67.31 W, 62
2026/09/15 05:38:16.719, 1 %, 2 %, 15836 MiB, 16384 MiB, 49.17 W, 61
2026/09/15 05:38:17.721, 1 %, 2 %, 15836 MiB, 16384 MiB, 49.26 W, 61
2026/09/15 05:38:18.724, 2 %, 3 %, 15836 MiB, 16384 MiB, 49.38 W, 61
2026/09/15 05:38:19.726, 1 %, 2 %, 15836 MiB, 16384 MiB, 49.20 W, 61
2026/09/15 05:38:20.729, 4 %, 4 %, 15836 MiB, 16384 MiB, 49.25 W, 60
2026/09/15 05:38:21.732, 4 %, 4 %, 15836 MiB, 16384 MiB, 49.40 W, 60
2026/09/15 05:38:22.734, 3 %, 4 %, 15836 MiB, 16384 MiB, 48.92 W, 60
2026/09/15 05:38:23.737, 4 %, 5 %, 15836 MiB, 16384 MiB, 51.93 W, 60
2026/09/15 05:38:24.739, 1 %, 2 %, 15836 MiB, 16384 MiB, 48.78 W, 60
2026/09/15 05:38:25.742, 1 %, 2 %, 15836 MiB, 16384 MiB, 48.87 W, 60
2026/09/15 05:38:26.744, 1 %, 2 %, 15836 MiB, 16384 MiB, 49.02 W, 60
2026/09/15 05:38:27.748, 1 %, 2 %, 15836 MiB, 16384 MiB, 49.15 W, 59
2026/09/15 05:38:28.752, 4 %, 4 %, 15836 MiB, 16384 MiB, 48.59 W, 59
2026/09/15 05:38:29.756, 3 %, 4 %, 15836 MiB, 16384 MiB, 48.47 W, 59
2026/09/15 05:38:30.759, 4 %, 4 %, 15836 MiB, 16384 MiB, 51.48 W, 59
2026/09/15 05:38:31.762, 1 %, 3 %, 15836 MiB, 16384 MiB, 51.44 W, 59
2026/09/15 05:38:32.765, 1 %, 2 %, 15836 MiB, 16384 MiB, 48.34 W, 59
2026/09/15 05:38:33.768, 1 %, 2 %, 15836 MiB, 16384 MiB, 48.35 W, 59
2026/09/15 05:38:34.771, 1 %, 2 %, 15836 MiB, 16384 MiB, 49.05 W, 59
2026/09/15 05:38:35.774, 1 %, 2 %, 15836 MiB, 16384 MiB, 48.87 W, 59
2026/09/15 05:38:36.777, 4 %, 4 %, 15836 MiB, 16384 MiB, 48.40 W, 58
2026/09/15 05:38:37.780, 100 %, 9 %, 15836 MiB, 16384 MiB, 67.26 W, 59
2026/09/15 05:38:38.783, 100 %, 6 %, 15836 MiB, 16384 MiB, 67.19 W, 59
2026/09/15 05:38:39.786, 100 %, 6 %, 15836 MiB, 16384 MiB, 67.24 W, 59
2026/09/15 05:38:40.788, 100 %, 7 %, 15836 MiB, 16384 MiB, 61.69 W, 59
2026/09/15 05:38:41.790, 100 %, 9 %, 15836 MiB, 16384 MiB, 67.21 W, 59
2026/09/15 05:38:42.793, 100 %, 6 %, 15836 MiB, 16384 MiB, 65.97 W, 59
2026/09/15 05:38:43.795, 1 %, 2 %, 15836 MiB, 16384 MiB, 60.56 W, 59
2026/09/15 05:38:44.798, 1 %, 2 %, 15836 MiB, 16384 MiB, 48.05 W, 58
2026/09/15 05:38:45.800, 1 %, 2 %, 15836 MiB, 16384 MiB, 48.03 W, 58
2026/09/15 05:38:46.803, 3 %, 4 %, 15836 MiB, 16384 MiB, 48.01 W, 58
2026/09/15 05:38:47.806, 3 %, 4 %, 15836 MiB, 16384 MiB, 48.11 W, 58
2026/09/15 05:38:48.808, 4 %, 4 %, 15836 MiB, 16384 MiB, 50.29 W, 58
2026/09/15 05:38:49.811, 1 %, 2 %, 15836 MiB, 16384 MiB, 50.88 W, 58
2026/09/15 05:38:50.813, 1 %, 2 %, 15836 MiB, 16384 MiB, 47.70 W, 58
2026/09/15 05:38:51.816, 2 %, 3 %, 15836 MiB, 16384 MiB, 48.08 W, 58
2026/09/15 05:38:52.818, 1 %, 2 %, 15836 MiB, 16384 MiB, 47.68 W, 58
2026/09/15 05:38:53.821, 4 %, 5 %, 15836 MiB, 16384 MiB, 47.54 W, 58
2026/09/15 05:38:54.823, 4 %, 4 %, 15836 MiB, 16384 MiB, 48.26 W, 57
2026/09/15 05:38:55.826, 4 %, 5 %, 15836 MiB, 16384 MiB, 48.04 W, 57
2026/09/15 05:38:56.828, 1 %, 2 %, 15836 MiB, 16384 MiB, 51.01 W, 57
2026/09/15 05:38:57.831, 1 %, 2 %, 15836 MiB, 16384 MiB, 51.33 W, 57
2026/09/15 05:38:58.833, 1 %, 2 %, 15836 MiB, 16384 MiB, 47.99 W, 57
2026/09/15 05:38:59.836, 1 %, 3 %, 15836 MiB, 16384 MiB, 48.08 W, 57
2026/09/15 05:39:00.839, 2 %, 3 %, 15836 MiB, 16384 MiB, 48.05 W, 57
2026/09/15 05:39:01.841, 1 %, 2 %, 15836 MiB, 16384 MiB, 47.80 W, 57
2026/09/15 05:39:02.844, 4 %, 5 %, 15836 MiB, 16384 MiB, 47.89 W, 57
2026/09/15 05:39:03.846, 3 %, 4 %, 15836 MiB, 16384 MiB, 48.03 W, 57
2026/09/15 05:39:04.849, 3 %, 4 %, 15836 MiB, 16384 MiB, 47.60 W, 57
2026/09/15 05:39:05.852, 100 %, 6 %, 15836 MiB, 16384 MiB, 66.31 W, 58
2026/09/15 05:39:06.854, 100 %, 9 %, 15836 MiB, 16384 MiB, 60.66 W, 58
2026/09/15 05:39:07.857, 100 %, 9 %, 15836 MiB, 16384 MiB, 66.23 W, 58
2026/09/15 05:39:08.860, 100 %, 6 %, 15836 MiB, 16384 MiB, 66.20 W, 58
2026/09/15 05:39:09.864, 100 %, 6 %, 15836 MiB, 16384 MiB, 66.49 W, 58
2026/09/15 05:39:10.867, 100 %, 9 %, 15836 MiB, 16384 MiB, 60.78 W, 58
2026/09/15 05:39:11.870, 1 %, 2 %, 15836 MiB, 16384 MiB, 60.23 W, 58
2026/09/15 05:39:12.874, 1 %, 2 %, 15836 MiB, 16384 MiB, 52.34 W, 57
2026/09/15 05:39:13.877, 3 %, 4 %, 15836 MiB, 16384 MiB, 47.54 W, 57
2026/09/15 05:39:14.881, 4 %, 5 %, 15836 MiB, 16384 MiB, 50.83 W, 57
2026/09/15 05:39:15.884, 1 %, 2 %, 15836 MiB, 16384 MiB, 51.07 W, 57
2026/09/15 05:39:16.888, 1 %, 2 %, 15836 MiB, 16384 MiB, 47.59 W, 57
2026/09/15 05:39:17.891, 1 %, 2 %, 15836 MiB, 16384 MiB, 47.74 W, 57
2026/09/15 05:39:18.894, 1 %, 2 %, 15836 MiB, 16384 MiB, 47.79 W, 57
2026/09/15 05:39:19.897, 1 %, 2 %, 15836 MiB, 16384 MiB, 47.81 W, 57
2026/09/15 05:39:20.901, 4 %, 5 %, 15836 MiB, 16384 MiB, 47.67 W, 57
2026/09/15 05:39:21.904, 3 %, 4 %, 15836 MiB, 16384 MiB, 47.97 W, 56
2026/09/15 05:39:22.907, 4 %, 5 %, 15836 MiB, 16384 MiB, 50.32 W, 56
2026/09/15 05:39:23.910, 2 %, 3 %, 15836 MiB, 16384 MiB, 47.78 W, 57
2026/09/15 05:39:24.914, 1 %, 2 %, 15836 MiB, 16384 MiB, 47.90 W, 56
2026/09/15 05:39:25.917, 1 %, 2 %, 15836 MiB, 16384 MiB, 47.78 W, 56
2026/09/15 05:39:26.920, 4 %, 4 %, 15836 MiB, 16384 MiB, 47.70 W, 56
2026/09/15 05:39:27.923, 4 %, 4 %, 15836 MiB, 16384 MiB, 47.60 W, 56
2026/09/15 05:39:28.926, 4 %, 4 %, 15836 MiB, 16384 MiB, 47.23 W, 56
2026/09/15 05:39:29.930, 1 %, 2 %, 15836 MiB, 16384 MiB, 50.50 W, 56
2026/09/15 05:39:30.933, 1 %, 2 %, 15836 MiB, 16384 MiB, 47.39 W, 56
2026/09/15 05:39:31.936, 1 %, 2 %, 15836 MiB, 16384 MiB, 47.76 W, 56
2026/09/15 05:39:32.939, 1 %, 2 %, 15836 MiB, 16384 MiB, 47.63 W, 56
2026/09/15 05:39:33.942, 100 %, 6 %, 15836 MiB, 16384 MiB, 61.99 W, 57
2026/09/15 05:39:34.946, 100 %, 6 %, 15836 MiB, 16384 MiB, 67.18 W, 57
2026/09/15 05:39:35.949, 100 %, 7 %, 15836 MiB, 16384 MiB, 61.91 W, 57
2026/09/15 05:39:36.952, 100 %, 9 %, 15836 MiB, 16384 MiB, 65.88 W, 57
2026/09/15 05:39:37.956, 100 %, 6 %, 15836 MiB, 16384 MiB, 65.97 W, 57
2026/09/15 05:39:38.962, 100 %, 6 %, 15836 MiB, 16384 MiB, 65.94 W, 57
2026/09/15 05:39:39.964, 3 %, 4 %, 15836 MiB, 16384 MiB, 59.51 W, 57
2026/09/15 05:39:40.967, 3 %, 4 %, 15836 MiB, 16384 MiB, 63.76 W, 57
2026/09/15 05:39:41.969, 1 %, 2 %, 15836 MiB, 16384 MiB, 49.04 W, 56
2026/09/15 05:39:42.972, 1 %, 2 %, 15836 MiB, 16384 MiB, 47.35 W, 56
2026/09/15 05:39:43.975, 1 %, 2 %, 15836 MiB, 16384 MiB, 47.45 W, 56
2026/09/15 05:39:44.978, 1 %, 2 %, 15836 MiB, 16384 MiB, 47.32 W, 56
2026/09/15 05:39:45.982, 1 %, 2 %, 15836 MiB, 16384 MiB, 47.46 W, 56
2026/09/15 05:39:46.985, 3 %, 4 %, 15836 MiB, 16384 MiB, 47.24 W, 56
2026/09/15 05:39:47.988, 3 %, 4 %, 15836 MiB, 16384 MiB, 47.36 W, 56
2026/09/15 05:39:48.991, 4 %, 4 %, 15836 MiB, 16384 MiB, 46.94 W, 56
2026/09/15 05:39:49.994, 1 %, 2 %, 15836 MiB, 16384 MiB, 49.95 W, 56
2026/09/15 05:39:50.997, 2 %, 3 %, 15836 MiB, 16384 MiB, 47.01 W, 56
2026/09/15 05:39:52.000, 2 %, 3 %, 15836 MiB, 16384 MiB, 47.23 W, 56
2026/09/15 05:39:53.003, 1 %, 2 %, 15836 MiB, 16384 MiB, 47.22 W, 56
2026/09/15 05:39:54.006, 1 %, 2 %, 15836 MiB, 16384 MiB, 47.50 W, 56
2026/09/15 05:39:55.010, 4 %, 4 %, 15836 MiB, 16384 MiB, 47.70 W, 56
2026/09/15 05:39:56.014, 4 %, 5 %, 15836 MiB, 16384 MiB, 46.92 W, 56
2026/09/15 05:39:57.016, 1 %, 2 %, 15836 MiB, 16384 MiB, 50.48 W, 56
2026/09/15 05:39:58.020, 1 %, 2 %, 15836 MiB, 16384 MiB, 47.01 W, 56
2026/09/15 05:39:59.026, 1 %, 2 %, 15836 MiB, 16384 MiB, 47.26 W, 56
2026/09/15 05:40:00.029, 1 %, 2 %, 15836 MiB, 16384 MiB, 47.33 W, 56
2026/09/15 05:40:01.031, 1 %, 2 %, 15836 MiB, 16384 MiB, 47.48 W, 56
2026/09/15 05:40:02.034, 78 %, 12 %, 15836 MiB, 16384 MiB, 59.77 W, 56
2026/09/15 05:40:03.037, 100 %, 6 %, 15836 MiB, 16384 MiB, 65.90 W, 57
2026/09/15 05:40:04.040, 100 %, 6 %, 15836 MiB, 16384 MiB, 65.85 W, 57
2026/09/15 05:40:05.043, 100 %, 9 %, 15836 MiB, 16384 MiB, 60.66 W, 57
2026/09/15 05:40:06.046, 100 %, 8 %, 15836 MiB, 16384 MiB, 65.77 W, 57
2026/09/15 05:40:07.050, 100 %, 6 %, 15836 MiB, 16384 MiB, 65.86 W, 57
2026/09/15 05:40:08.053, 1 %, 2 %, 15836 MiB, 16384 MiB, 64.15 W, 57
2026/09/15 05:40:09.056, 1 %, 2 %, 15836 MiB, 16384 MiB, 59.67 W, 57
2026/09/15 05:40:10.060, 1 %, 2 %, 15836 MiB, 16384 MiB, 47.52 W, 56
2026/09/15 05:40:11.063, 1 %, 2 %, 15836 MiB, 16384 MiB, 47.52 W, 56
2026/09/15 05:40:12.066, 4 %, 4 %, 15836 MiB, 16384 MiB, 47.43 W, 56
2026/09/15 05:40:13.069, 3 %, 4 %, 15836 MiB, 16384 MiB, 47.59 W, 56
2026/09/15 05:40:14.073, 4 %, 4 %, 15836 MiB, 16384 MiB, 46.48 W, 56
2026/09/15 05:40:15.076, 1 %, 2 %, 15836 MiB, 16384 MiB, 50.92 W, 56
2026/09/15 05:40:16.079, 2 %, 3 %, 15836 MiB, 16384 MiB, 47.75 W, 56
2026/09/15 05:40:17.082, 1 %, 2 %, 15836 MiB, 16384 MiB, 47.39 W, 56
2026/09/15 05:40:18.086, 1 %, 2 %, 15836 MiB, 16384 MiB, 47.29 W, 56
2026/09/15 05:40:19.089, 1 %, 2 %, 15836 MiB, 16384 MiB, 47.66 W, 56
2026/09/15 05:40:20.092, 4 %, 4 %, 15836 MiB, 16384 MiB, 47.56 W, 56
2026/09/15 05:40:21.095, 4 %, 5 %, 15836 MiB, 16384 MiB, 46.72 W, 56
2026/09/15 05:40:22.098, 1 %, 3 %, 15836 MiB, 16384 MiB, 50.24 W, 56
2026/09/15 05:40:23.101, 1 %, 2 %, 15836 MiB, 16384 MiB, 47.20 W, 56
2026/09/15 05:40:24.105, 1 %, 2 %, 15836 MiB, 16384 MiB, 47.36 W, 56
2026/09/15 05:40:25.108, 1 %, 2 %, 15836 MiB, 16384 MiB, 47.31 W, 56
2026/09/15 05:40:26.112, 1 %, 2 %, 15836 MiB, 16384 MiB, 47.47 W, 56
2026/09/15 05:40:27.115, 4 %, 4 %, 15836 MiB, 16384 MiB, 47.22 W, 56
2026/09/15 05:40:28.118, 3 %, 4 %, 15836 MiB, 16384 MiB, 46.93 W, 56
2026/09/15 05:40:29.122, 4 %, 4 %, 15836 MiB, 16384 MiB, 47.92 W, 56
2026/09/15 05:40:30.125, 1 %, 2 %, 15836 MiB, 16384 MiB, 54.77 W, 56
2026/09/15 05:40:31.129, 100 %, 6 %, 15836 MiB, 16384 MiB, 65.18 W, 56
2026/09/15 05:40:32.132, 100 %, 9 %, 15836 MiB, 16384 MiB, 60.27 W, 56
2026/09/15 05:40:33.135, 100 %, 9 %, 15836 MiB, 16384 MiB, 65.54 W, 57
2026/09/15 05:40:34.139, 100 %, 6 %, 15836 MiB, 16384 MiB, 65.73 W, 57
2026/09/15 05:40:35.143, 100 %, 6 %, 15836 MiB, 16384 MiB, 66.96 W, 57
2026/09/15 05:40:36.146, 1 %, 2 %, 15836 MiB, 16384 MiB, 60.76 W, 57
2026/09/15 05:40:37.150, 1 %, 2 %, 15836 MiB, 16384 MiB, 59.57 W, 57
2026/09/15 05:40:38.154, 3 %, 4 %, 15836 MiB, 16384 MiB, 47.42 W, 56
2026/09/15 05:40:39.160, 3 %, 4 %, 15836 MiB, 16384 MiB, 46.71 W, 56
2026/09/15 05:40:40.162, 1 %, 2 %, 15836 MiB, 16384 MiB, 49.87 W, 56
2026/09/15 05:40:41.165, 1 %, 2 %, 15836 MiB, 16384 MiB, 48.55 W, 56
2026/09/15 05:40:42.168, 1 %, 2 %, 15836 MiB, 16384 MiB, 47.39 W, 56
2026/09/15 05:40:43.171, 1 %, 2 %, 15836 MiB, 16384 MiB, 47.28 W, 56
2026/09/15 05:40:44.175, 2 %, 3 %, 15836 MiB, 16384 MiB, 47.54 W, 56
2026/09/15 05:40:45.178, 1 %, 2 %, 15836 MiB, 16384 MiB, 47.27 W, 56
2026/09/15 05:40:46.182, 4 %, 4 %, 15836 MiB, 16384 MiB, 47.37 W, 56
2026/09/15 05:40:47.185, 3 %, 4 %, 15836 MiB, 16384 MiB, 47.27 W, 56
2026/09/15 05:40:48.188, 2 %, 3 %, 15836 MiB, 16384 MiB, 50.07 W, 56
2026/09/15 05:40:49.191, 2 %, 3 %, 15836 MiB, 16384 MiB, 47.12 W, 56
2026/09/15 05:40:50.194, 2 %, 3 %, 15836 MiB, 16384 MiB, 47.25 W, 56
2026/09/15 05:40:51.197, 1 %, 2 %, 15836 MiB, 16384 MiB, 47.31 W, 56
2026/09/15 05:40:52.201, 4 %, 5 %, 15836 MiB, 16384 MiB, 47.15 W, 56
2026/09/15 05:40:53.204, 3 %, 4 %, 15836 MiB, 16384 MiB, 46.91 W, 56
2026/09/15 05:40:54.207, 3 %, 4 %, 15836 MiB, 16384 MiB, 47.32 W, 56
2026/09/15 05:40:55.210, 3 %, 4 %, 15836 MiB, 16384 MiB, 46.88 W, 56
2026/09/15 05:40:56.214, 1 %, 2 %, 15836 MiB, 16384 MiB, 50.52 W, 56
2026/09/15 05:40:57.217, 1 %, 2 %, 15836 MiB, 16384 MiB, 50.61 W, 55
2026/09/15 05:40:58.220, 1 %, 2 %, 15836 MiB, 16384 MiB, 47.05 W, 56
2026/09/15 05:40:59.223, 0 %, 0 %, 15836 MiB, 16384 MiB, 46.02 W, 55
2026/09/15 05:41:00.226, 0 %, 0 %, 15836 MiB, 16384 MiB, 45.79 W, 55
2026/09/15 05:41:01.229, 0 %, 0 %, 15836 MiB, 16384 MiB, 45.68 W, 55
2026/09/15 05:41:02.232, 0 %, 0 %, 15836 MiB, 16384 MiB, 45.54 W, 55
2026/09/15 05:41:03.235, 0 %, 0 %, 15836 MiB, 16384 MiB, 45.35 W, 55
2026/09/15 05:41:04.238, 0 %, 0 %, 15836 MiB, 16384 MiB, 45.44 W, 55
2026/09/15 05:41:05.241, 0 %, 0 %, 15836 MiB, 16384 MiB, 45.50 W, 55
2026/09/15 05:41:06.243, 0 %, 0 %, 15836 MiB, 16384 MiB, 45.19 W, 55
2026/09/15 05:41:07.246, 0 %, 0 %, 15836 MiB, 16384 MiB, 45.33 W, 55
2026/09/15 05:41:08.249, 0 %, 0 %, 15836 MiB, 16384 MiB, 45.36 W, 55
2026/09/15 05:41:09.252, 0 %, 0 %, 15836 MiB, 16384 MiB, 45.29 W, 55
2026/09/15 05:41:10.255, 0 %, 0 %, 15836 MiB, 16384 MiB, 45.44 W, 55
2026/09/15 05:41:11.259, 0 %, 0 %, 15836 MiB, 16384 MiB, 45.53 W, 55
2026/09/15 05:41:12.261, 0 %, 0 %, 15836 MiB, 16384 MiB, 45.48 W, 55
2026/09/15 05:41:13.265, 0 %, 0 %, 15836 MiB, 16384 MiB, 45.57 W, 55
2026/09/15 05:41:14.268, 100 %, 9 %, 15838 MiB, 16384 MiB, 59.83 W, 56
2026/09/15 05:41:15.272, 100 %, 7 %, 15838 MiB, 16384 MiB, 69.75 W, 56
2026/09/15 05:41:16.274, 100 %, 9 %, 15838 MiB, 16384 MiB, 61.30 W, 56
2026/09/15 05:41:17.278, 100 %, 7 %, 15838 MiB, 16384 MiB, 71.08 W, 56
2026/09/15 05:41:18.281, 100 %, 9 %, 15838 MiB, 16384 MiB, 60.09 W, 57
2026/09/15 05:41:19.285, 55 %, 5 %, 15838 MiB, 16384 MiB, 59.21 W, 56
2026/09/15 05:41:20.290, 1 %, 2 %, 15838 MiB, 16384 MiB, 67.65 W, 56
2026/09/15 05:41:21.293, 1 %, 2 %, 15838 MiB, 16384 MiB, 46.58 W, 56
2026/09/15 05:41:22.296, 1 %, 2 %, 15838 MiB, 16384 MiB, 46.90 W, 56
2026/09/15 05:41:23.299, 1 %, 2 %, 15838 MiB, 16384 MiB, 46.90 W, 56
2026/09/15 05:41:24.303, 7 %, 5 %, 15838 MiB, 16384 MiB, 46.84 W, 56
2026/09/15 05:41:25.307, 7 %, 5 %, 15838 MiB, 16384 MiB, 46.60 W, 56
2026/09/15 05:41:26.310, 7 %, 5 %, 15838 MiB, 16384 MiB, 46.11 W, 56
2026/09/15 05:41:27.314, 1 %, 2 %, 15838 MiB, 16384 MiB, 52.14 W, 56
2026/09/15 05:41:28.318, 1 %, 3 %, 15838 MiB, 16384 MiB, 46.65 W, 56
2026/09/15 05:41:29.322, 1 %, 3 %, 15838 MiB, 16384 MiB, 47.03 W, 56
2026/09/15 05:41:30.326, 1 %, 2 %, 15838 MiB, 16384 MiB, 46.65 W, 56
2026/09/15 05:41:31.330, 7 %, 4 %, 15838 MiB, 16384 MiB, 46.64 W, 56
2026/09/15 05:41:32.333, 7 %, 5 %, 15838 MiB, 16384 MiB, 46.40 W, 56
2026/09/15 05:41:33.337, 1 %, 2 %, 15838 MiB, 16384 MiB, 52.01 W, 56
2026/09/15 05:41:34.341, 1 %, 2 %, 15838 MiB, 16384 MiB, 46.65 W, 56
2026/09/15 05:41:35.345, 1 %, 2 %, 15838 MiB, 16384 MiB, 47.18 W, 56
2026/09/15 05:41:36.349, 1 %, 3 %, 15838 MiB, 16384 MiB, 47.76 W, 55
2026/09/15 05:41:37.352, 1 %, 2 %, 15838 MiB, 16384 MiB, 47.75 W, 55
2026/09/15 05:41:38.356, 7 %, 4 %, 15838 MiB, 16384 MiB, 46.81 W, 56
2026/09/15 05:41:39.359, 7 %, 4 %, 15838 MiB, 16384 MiB, 46.91 W, 56
2026/09/15 05:41:40.362, 1 %, 2 %, 15838 MiB, 16384 MiB, 52.36 W, 56
2026/09/15 05:41:41.366, 1 %, 2 %, 15838 MiB, 16384 MiB, 52.65 W, 55
2026/09/15 05:41:42.369, 100 %, 6 %, 15838 MiB, 16384 MiB, 65.34 W, 57
2026/09/15 05:41:43.371, 100 %, 6 %, 15838 MiB, 16384 MiB, 65.82 W, 56
2026/09/15 05:41:44.374, 100 %, 9 %, 15838 MiB, 16384 MiB, 60.24 W, 57
2026/09/15 05:41:45.376, 100 %, 6 %, 15838 MiB, 16384 MiB, 65.98 W, 57
2026/09/15 05:41:46.378, 100 %, 6 %, 15838 MiB, 16384 MiB, 65.89 W, 57
2026/09/15 05:41:47.381, 100 %, 6 %, 15838 MiB, 16384 MiB, 66.03 W, 57
2026/09/15 05:41:48.383, 2 %, 3 %, 15838 MiB, 16384 MiB, 59.47 W, 57
2026/09/15 05:41:49.386, 3 %, 4 %, 15838 MiB, 16384 MiB, 48.53 W, 56
2026/09/15 05:41:50.388, 4 %, 5 %, 15838 MiB, 16384 MiB, 46.17 W, 56
2026/09/15 05:41:51.391, 1 %, 2 %, 15838 MiB, 16384 MiB, 50.45 W, 56
2026/09/15 05:41:52.394, 1 %, 2 %, 15838 MiB, 16384 MiB, 46.89 W, 56
2026/09/15 05:41:53.396, 1 %, 2 %, 15838 MiB, 16384 MiB, 46.98 W, 56
2026/09/15 05:41:54.399, 1 %, 2 %, 15838 MiB, 16384 MiB, 46.83 W, 56
2026/09/15 05:41:55.401, 1 %, 2 %, 15838 MiB, 16384 MiB, 46.79 W, 56
2026/09/15 05:41:56.404, 4 %, 4 %, 15838 MiB, 16384 MiB, 46.91 W, 56
2026/09/15 05:41:57.406, 4 %, 4 %, 15838 MiB, 16384 MiB, 47.34 W, 56
2026/09/15 05:41:58.409, 4 %, 5 %, 15838 MiB, 16384 MiB, 46.42 W, 56
2026/09/15 05:41:59.411, 2 %, 3 %, 15838 MiB, 16384 MiB, 49.40 W, 56
2026/09/15 05:42:00.414, 2 %, 3 %, 15838 MiB, 16384 MiB, 46.88 W, 56
2026/09/15 05:42:01.416, 1 %, 2 %, 15838 MiB, 16384 MiB, 46.99 W, 56
2026/09/15 05:42:02.419, 1 %, 2 %, 15838 MiB, 16384 MiB, 47.17 W, 56
2026/09/15 05:42:03.422, 4 %, 5 %, 15838 MiB, 16384 MiB, 46.94 W, 56
2026/09/15 05:42:04.424, 4 %, 4 %, 15838 MiB, 16384 MiB, 46.76 W, 56
2026/09/15 05:42:05.427, 1 %, 2 %, 15838 MiB, 16384 MiB, 49.86 W, 56
2026/09/15 05:42:06.430, 1 %, 2 %, 15838 MiB, 16384 MiB, 50.32 W, 56
2026/09/15 05:42:07.433, 1 %, 3 %, 15838 MiB, 16384 MiB, 46.82 W, 56
2026/09/15 05:42:08.436, 1 %, 2 %, 15838 MiB, 16384 MiB, 46.76 W, 56
2026/09/15 05:42:09.439, 1 %, 2 %, 15838 MiB, 16384 MiB, 46.78 W, 55
2026/09/15 05:42:10.442, 91 %, 13 %, 15838 MiB, 16384 MiB, 57.82 W, 56
2026/09/15 05:42:11.446, 100 %, 6 %, 15838 MiB, 16384 MiB, 65.72 W, 57
2026/09/15 05:42:12.450, 100 %, 6 %, 15838 MiB, 16384 MiB, 65.83 W, 57
2026/09/15 05:42:13.454, 100 %, 6 %, 15838 MiB, 16384 MiB, 65.81 W, 57
2026/09/15 05:42:14.457, 100 %, 9 %, 15838 MiB, 16384 MiB, 59.92 W, 57
2026/09/15 05:42:15.461, 100 %, 6 %, 15838 MiB, 16384 MiB, 66.09 W, 57
2026/09/15 05:42:16.464, 1 %, 2 %, 15838 MiB, 16384 MiB, 63.44 W, 57
2026/09/15 05:42:17.467, 1 %, 2 %, 15838 MiB, 16384 MiB, 65.63 W, 57
2026/09/15 05:42:18.471, 1 %, 2 %, 15838 MiB, 16384 MiB, 47.35 W, 56
2026/09/15 05:42:19.475, 1 %, 2 %, 15838 MiB, 16384 MiB, 46.76 W, 56
2026/09/15 05:42:20.479, 1 %, 2 %, 15838 MiB, 16384 MiB, 46.73 W, 56
2026/09/15 05:42:21.482, 4 %, 4 %, 15838 MiB, 16384 MiB, 46.73 W, 56
2026/09/15 05:42:22.486, 3 %, 4 %, 15838 MiB, 16384 MiB, 46.93 W, 56
2026/09/15 05:42:23.489, 4 %, 4 %, 15838 MiB, 16384 MiB, 46.66 W, 56
2026/09/15 05:42:24.493, 1 %, 2 %, 15838 MiB, 16384 MiB, 49.96 W, 56
2026/09/15 05:42:25.496, 1 %, 2 %, 15838 MiB, 16384 MiB, 50.07 W, 56
2026/09/15 05:42:26.499, 1 %, 2 %, 15838 MiB, 16384 MiB, 47.01 W, 56
2026/09/15 05:42:27.502, 2 %, 3 %, 15838 MiB, 16384 MiB, 47.45 W, 56
2026/09/15 05:42:28.506, 2 %, 3 %, 15838 MiB, 16384 MiB, 47.18 W, 56
2026/09/15 05:42:29.510, 4 %, 4 %, 15838 MiB, 16384 MiB, 47.06 W, 56
2026/09/15 05:42:30.513, 3 %, 4 %, 15838 MiB, 16384 MiB, 47.10 W, 56
2026/09/15 05:42:31.515, 4 %, 5 %, 15838 MiB, 16384 MiB, 46.73 W, 56
2026/09/15 05:42:32.518, 1 %, 3 %, 15838 MiB, 16384 MiB, 49.67 W, 56
2026/09/15 05:42:33.520, 1 %, 2 %, 15838 MiB, 16384 MiB, 50.49 W, 56
2026/09/15 05:42:34.523, 1 %, 2 %, 15838 MiB, 16384 MiB, 47.19 W, 56
2026/09/15 05:42:35.525, 2 %, 3 %, 15838 MiB, 16384 MiB, 47.17 W, 56
2026/09/15 05:42:36.528, 1 %, 2 %, 15838 MiB, 16384 MiB, 47.18 W, 56
2026/09/15 05:42:37.530, 4 %, 5 %, 15838 MiB, 16384 MiB, 47.21 W, 56
2026/09/15 05:42:38.533, 68 %, 9 %, 15838 MiB, 16384 MiB, 66.04 W, 57
2026/09/15 05:42:39.535, 100 %, 6 %, 15838 MiB, 16384 MiB, 67.08 W, 57
2026/09/15 05:42:40.538, 100 %, 8 %, 15838 MiB, 16384 MiB, 65.88 W, 57
2026/09/15 05:42:41.540, 100 %, 9 %, 15838 MiB, 16384 MiB, 60.27 W, 57
2026/09/15 05:42:42.544, 100 %, 6 %, 15838 MiB, 16384 MiB, 66.09 W, 57
2026/09/15 05:42:43.546, 100 %, 6 %, 15838 MiB, 16384 MiB, 65.99 W, 57
2026/09/15 05:42:44.548, 1 %, 2 %, 15838 MiB, 16384 MiB, 64.51 W, 57
2026/09/15 05:42:45.551, 1 %, 2 %, 15838 MiB, 16384 MiB, 59.76 W, 57
2026/09/15 05:42:46.554, 1 %, 2 %, 15838 MiB, 16384 MiB, 47.13 W, 56
2026/09/15 05:42:47.557, 3 %, 4 %, 15838 MiB, 16384 MiB, 47.17 W, 56
2026/09/15 05:42:48.559, 3 %, 4 %, 15838 MiB, 16384 MiB, 46.97 W, 56
2026/09/15 05:42:49.562, 4 %, 5 %, 15838 MiB, 16384 MiB, 46.47 W, 56
2026/09/15 05:42:50.565, 1 %, 2 %, 15838 MiB, 16384 MiB, 50.45 W, 56
2026/09/15 05:42:51.567, 1 %, 2 %, 15838 MiB, 16384 MiB, 46.87 W, 56
2026/09/15 05:42:52.570, 2 %, 3 %, 15838 MiB, 16384 MiB, 47.11 W, 56
2026/09/15 05:42:53.572, 1 %, 2 %, 15838 MiB, 16384 MiB, 47.07 W, 56
2026/09/15 05:42:54.575, 1 %, 2 %, 15838 MiB, 16384 MiB, 47.00 W, 56
2026/09/15 05:42:55.577, 3 %, 4 %, 15838 MiB, 16384 MiB, 46.99 W, 56
2026/09/15 05:42:56.580, 4 %, 5 %, 15838 MiB, 16384 MiB, 47.04 W, 56
2026/09/15 05:42:57.583, 2 %, 3 %, 15838 MiB, 16384 MiB, 49.94 W, 56
2026/09/15 05:42:58.586, 2 %, 3 %, 15838 MiB, 16384 MiB, 50.89 W, 56
2026/09/15 05:42:59.589, 1 %, 2 %, 15838 MiB, 16384 MiB, 47.58 W, 56
2026/09/15 05:43:00.592, 1 %, 2 %, 15838 MiB, 16384 MiB, 47.07 W, 56
2026/09/15 05:43:01.596, 1 %, 2 %, 15838 MiB, 16384 MiB, 46.92 W, 56
2026/09/15 05:43:02.599, 4 %, 4 %, 15838 MiB, 16384 MiB, 47.02 W, 56
2026/09/15 05:43:03.602, 4 %, 4 %, 15838 MiB, 16384 MiB, 46.89 W, 56
2026/09/15 05:43:04.605, 1 %, 2 %, 15838 MiB, 16384 MiB, 49.49 W, 56
2026/09/15 05:43:05.608, 1 %, 2 %, 15838 MiB, 16384 MiB, 46.37 W, 56
2026/09/15 05:43:06.612, 1 %, 2 %, 15838 MiB, 16384 MiB, 46.74 W, 56
2026/09/15 05:43:07.615, 100 %, 6 %, 15838 MiB, 16384 MiB, 65.89 W, 56
2026/09/15 05:43:08.618, 100 %, 9 %, 15838 MiB, 16384 MiB, 65.87 W, 57
2026/09/15 05:43:09.621, 100 %, 9 %, 15838 MiB, 16384 MiB, 60.22 W, 57
2026/09/15 05:43:10.625, 100 %, 6 %, 15838 MiB, 16384 MiB, 65.81 W, 57
2026/09/15 05:43:11.628, 100 %, 6 %, 15838 MiB, 16384 MiB, 66.09 W, 57
2026/09/15 05:43:12.631, 9 %, 5 %, 15838 MiB, 16384 MiB, 59.80 W, 57
2026/09/15 05:43:13.635, 3 %, 4 %, 15838 MiB, 16384 MiB, 59.79 W, 57
2026/09/15 05:43:14.638, 4 %, 5 %, 15838 MiB, 16384 MiB, 46.19 W, 56
2026/09/15 05:43:15.642, 1 %, 2 %, 15838 MiB, 16384 MiB, 50.34 W, 56
2026/09/15 05:43:16.645, 1 %, 2 %, 15838 MiB, 16384 MiB, 46.86 W, 56
2026/09/15 05:43:17.649, 1 %, 2 %, 15838 MiB, 16384 MiB, 47.06 W, 56
2026/09/15 05:43:18.653, 1 %, 2 %, 15838 MiB, 16384 MiB, 47.09 W, 56
2026/09/15 05:43:19.656, 1 %, 2 %, 15838 MiB, 16384 MiB, 47.51 W, 56
2026/09/15 05:43:20.660, 4 %, 5 %, 15838 MiB, 16384 MiB, 47.35 W, 56
2026/09/15 05:43:21.663, 4 %, 4 %, 15838 MiB, 16384 MiB, 46.87 W, 56
2026/09/15 05:43:22.666, 3 %, 4 %, 15838 MiB, 16384 MiB, 46.27 W, 56
2026/09/15 05:43:23.669, 1 %, 2 %, 15838 MiB, 16384 MiB, 50.36 W, 56
2026/09/15 05:43:24.673, 1 %, 2 %, 15838 MiB, 16384 MiB, 46.97 W, 56
2026/09/15 05:43:25.676, 2 %, 3 %, 15838 MiB, 16384 MiB, 47.08 W, 56
2026/09/15 05:43:26.679, 1 %, 2 %, 15838 MiB, 16384 MiB, 47.15 W, 56
2026/09/15 05:43:27.683, 4 %, 4 %, 15838 MiB, 16384 MiB, 46.90 W, 56
2026/09/15 05:43:28.686, 4 %, 4 %, 15838 MiB, 16384 MiB, 46.96 W, 56
2026/09/15 05:43:29.690, 4 %, 5 %, 15838 MiB, 16384 MiB, 46.70 W, 56
2026/09/15 05:43:30.693, 1 %, 2 %, 15838 MiB, 16384 MiB, 49.81 W, 56
2026/09/15 05:43:31.696, 1 %, 2 %, 15838 MiB, 16384 MiB, 46.70 W, 56
2026/09/15 05:43:32.700, 1 %, 2 %, 15838 MiB, 16384 MiB, 47.17 W, 56
2026/09/15 05:43:33.703, 1 %, 3 %, 15838 MiB, 16384 MiB, 46.78 W, 56
2026/09/15 05:43:34.706, 1 %, 2 %, 15838 MiB, 16384 MiB, 46.53 W, 56
2026/09/15 05:43:35.711, 100 %, 9 %, 15838 MiB, 16384 MiB, 65.54 W, 57
2026/09/15 05:43:36.714, 100 %, 6 %, 15838 MiB, 16384 MiB, 65.58 W, 57
2026/09/15 05:43:37.716, 100 %, 6 %, 15838 MiB, 16384 MiB, 60.02 W, 57
2026/09/15 05:43:38.719, 100 %, 9 %, 15838 MiB, 16384 MiB, 65.88 W, 57
2026/09/15 05:43:39.722, 100 %, 6 %, 15838 MiB, 16384 MiB, 66.68 W, 57
2026/09/15 05:43:40.725, 1 %, 2 %, 15838 MiB, 16384 MiB, 60.44 W, 57
2026/09/15 05:43:41.728, 4 %, 4 %, 15838 MiB, 16384 MiB, 63.59 W, 57
2026/09/15 05:43:42.730, 3 %, 4 %, 15838 MiB, 16384 MiB, 46.91 W, 56
2026/09/15 05:43:43.734, 1 %, 2 %, 15838 MiB, 16384 MiB, 47.05 W, 56
2026/09/15 05:43:44.737, 1 %, 2 %, 15838 MiB, 16384 MiB, 47.05 W, 56
2026/09/15 05:43:45.740, 1 %, 2 %, 15838 MiB, 16384 MiB, 47.11 W, 56
2026/09/15 05:43:46.743, 1 %, 2 %, 15838 MiB, 16384 MiB, 47.17 W, 56
2026/09/15 05:43:47.746, 3 %, 4 %, 15838 MiB, 16384 MiB, 46.37 W, 56
2026/09/15 05:43:48.749, 4 %, 5 %, 15838 MiB, 16384 MiB, 49.92 W, 56
2026/09/15 05:43:49.753, 4 %, 4 %, 15838 MiB, 16384 MiB, 50.18 W, 56
2026/09/15 05:43:50.756, 4 %, 4 %, 15838 MiB, 16384 MiB, 46.80 W, 56
2026/09/15 05:43:51.759, 1 %, 2 %, 15838 MiB, 16384 MiB, 47.05 W, 56
2026/09/15 05:43:52.762, 2 %, 3 %, 15838 MiB, 16384 MiB, 47.22 W, 56
2026/09/15 05:43:53.766, 2 %, 3 %, 15838 MiB, 16384 MiB, 46.96 W, 56
2026/09/15 05:43:54.769, 2 %, 3 %, 15838 MiB, 16384 MiB, 46.94 W, 56
2026/09/15 05:43:55.772, 1 %, 2 %, 15838 MiB, 16384 MiB, 46.52 W, 56
2026/09/15 05:43:56.775, 4 %, 4 %, 15838 MiB, 16384 MiB, 49.91 W, 56
2026/09/15 05:43:57.778, 3 %, 4 %, 15838 MiB, 16384 MiB, 50.62 W, 56
2026/09/15 05:43:58.781, 4 %, 4 %, 15838 MiB, 16384 MiB, 47.15 W, 56
2026/09/15 05:43:59.784, 1 %, 2 %, 15838 MiB, 16384 MiB, 47.89 W, 56
2026/09/15 05:44:00.787, 1 %, 2 %, 15838 MiB, 16384 MiB, 47.83 W, 56
2026/09/15 05:44:01.790, 1 %, 2 %, 15838 MiB, 16384 MiB, 47.18 W, 56
2026/09/15 05:44:02.793, 1 %, 2 %, 15838 MiB, 16384 MiB, 47.26 W, 56
2026/09/15 05:44:03.797, 100 %, 6 %, 15838 MiB, 16384 MiB, 64.89 W, 57
2026/09/15 05:44:04.801, 100 %, 6 %, 15838 MiB, 16384 MiB, 60.56 W, 57
2026/09/15 05:44:05.803, 100 %, 6 %, 15838 MiB, 16384 MiB, 66.18 W, 57
2026/09/15 05:44:06.806, 100 %, 9 %, 15838 MiB, 16384 MiB, 66.38 W, 57
2026/09/15 05:44:07.810, 100 %, 6 %, 15838 MiB, 16384 MiB, 60.70 W, 57
2026/09/15 05:44:08.813, 60 %, 5 %, 15838 MiB, 16384 MiB, 63.15 W, 57
2026/09/15 05:44:09.817, 1 %, 2 %, 15838 MiB, 16384 MiB, 59.09 W, 57
2026/09/15 05:44:10.820, 1 %, 2 %, 15838 MiB, 16384 MiB, 47.14 W, 56
2026/09/15 05:44:11.823, 1 %, 2 %, 15838 MiB, 16384 MiB, 47.06 W, 56
2026/09/15 05:44:12.826, 1 %, 2 %, 15838 MiB, 16384 MiB, 47.17 W, 56
2026/09/15 05:44:13.828, 1 %, 2 %, 15838 MiB, 16384 MiB, 47.22 W, 56
2026/09/15 05:44:14.831, 4 %, 5 %, 15838 MiB, 16384 MiB, 47.42 W, 56
2026/09/15 05:44:15.834, 4 %, 4 %, 15838 MiB, 16384 MiB, 46.91 W, 56
2026/09/15 05:44:16.836, 4 %, 4 %, 15838 MiB, 16384 MiB, 50.67 W, 56
2026/09/15 05:44:17.839, 1 %, 2 %, 15838 MiB, 16384 MiB, 51.10 W, 56
2026/09/15 05:44:18.842, 1 %, 2 %, 15838 MiB, 16384 MiB, 47.68 W, 56
2026/09/15 05:44:19.845, 1 %, 2 %, 15838 MiB, 16384 MiB, 47.64 W, 56
2026/09/15 05:44:20.848, 1 %, 2 %, 15838 MiB, 16384 MiB, 47.62 W, 56
2026/09/15 05:44:21.851, 1 %, 2 %, 15838 MiB, 16384 MiB, 48.22 W, 56
2026/09/15 05:44:22.853, 4 %, 4 %, 15838 MiB, 16384 MiB, 48.33 W, 56
2026/09/15 05:44:23.856, 4 %, 4 %, 15838 MiB, 16384 MiB, 50.63 W, 56
2026/09/15 05:44:24.859, 4 %, 5 %, 15838 MiB, 16384 MiB, 50.66 W, 56
2026/09/15 05:44:25.862, 1 %, 2 %, 15838 MiB, 16384 MiB, 47.60 W, 56
2026/09/15 05:44:26.865, 1 %, 2 %, 15838 MiB, 16384 MiB, 47.48 W, 56
2026/09/15 05:44:27.867, 1 %, 2 %, 15838 MiB, 16384 MiB, 47.21 W, 56
2026/09/15 05:44:28.870, 1 %, 2 %, 15838 MiB, 16384 MiB, 47.39 W, 56
2026/09/15 05:44:29.873, 1 %, 2 %, 15838 MiB, 16384 MiB, 47.43 W, 56
2026/09/15 05:44:30.876, 4 %, 5 %, 15838 MiB, 16384 MiB, 47.45 W, 56
2026/09/15 05:44:31.879, 100 %, 6 %, 15838 MiB, 16384 MiB, 65.99 W, 56
2026/09/15 05:44:32.882, 100 %, 9 %, 15838 MiB, 16384 MiB, 65.97 W, 57
2026/09/15 05:44:33.886, 100 %, 6 %, 15838 MiB, 16384 MiB, 61.17 W, 57
2026/09/15 05:44:34.888, 100 %, 6 %, 15838 MiB, 16384 MiB, 60.69 W, 57
2026/09/15 05:44:35.891, 100 %, 9 %, 15838 MiB, 16384 MiB, 66.17 W, 57
2026/09/15 05:44:36.894, 98 %, 9 %, 15838 MiB, 16384 MiB, 65.50 W, 57
2026/09/15 05:44:37.897, 1 %, 2 %, 15838 MiB, 16384 MiB, 59.57 W, 57
2026/09/15 05:44:38.900, 1 %, 2 %, 15838 MiB, 16384 MiB, 47.12 W, 56
2026/09/15 05:44:39.903, 1 %, 2 %, 15838 MiB, 16384 MiB, 47.18 W, 56
2026/09/15 05:44:40.906, 4 %, 4 %, 15838 MiB, 16384 MiB, 47.60 W, 56
2026/09/15 05:44:41.909, 4 %, 4 %, 15838 MiB, 16384 MiB, 47.58 W, 56
2026/09/15 05:44:42.912, 4 %, 4 %, 15838 MiB, 16384 MiB, 49.84 W, 56
2026/09/15 05:44:43.915, 4 %, 5 %, 15838 MiB, 16384 MiB, 50.32 W, 56
2026/09/15 05:44:44.917, 1 %, 2 %, 15838 MiB, 16384 MiB, 47.15 W, 56
2026/09/15 05:44:45.920, 1 %, 3 %, 15838 MiB, 16384 MiB, 46.93 W, 56
2026/09/15 05:44:46.923, 1 %, 3 %, 15838 MiB, 16384 MiB, 46.94 W, 56
2026/09/15 05:44:47.926, 1 %, 2 %, 15838 MiB, 16384 MiB, 47.00 W, 56
2026/09/15 05:44:48.929, 4 %, 4 %, 15838 MiB, 16384 MiB, 47.17 W, 56
2026/09/15 05:44:49.932, 4 %, 4 %, 15838 MiB, 16384 MiB, 50.11 W, 56
2026/09/15 05:44:50.934, 1 %, 2 %, 15838 MiB, 16384 MiB, 46.94 W, 56
2026/09/15 05:44:51.937, 1 %, 2 %, 15838 MiB, 16384 MiB, 47.14 W, 56
2026/09/15 05:44:52.940, 1 %, 2 %, 15838 MiB, 16384 MiB, 47.06 W, 56
2026/09/15 05:44:53.943, 2 %, 3 %, 15838 MiB, 16384 MiB, 47.31 W, 56
2026/09/15 05:44:54.947, 3 %, 4 %, 15838 MiB, 16384 MiB, 47.19 W, 56
2026/09/15 05:44:55.950, 4 %, 4 %, 15838 MiB, 16384 MiB, 46.72 W, 56
2026/09/15 05:44:56.952, 4 %, 4 %, 15838 MiB, 16384 MiB, 50.00 W, 56
2026/09/15 05:44:57.955, 4 %, 5 %, 15838 MiB, 16384 MiB, 50.19 W, 56
2026/09/15 05:44:58.957, 1 %, 2 %, 15838 MiB, 16384 MiB, 46.92 W, 56
2026/09/15 05:44:59.960, 100 %, 5 %, 15838 MiB, 16384 MiB, 121.63 W, 58
2026/09/15 05:45:00.962, 100 %, 61 %, 15838 MiB, 16384 MiB, 83.00 W, 58
2026/09/15 05:45:01.965, 100 %, 0 %, 15838 MiB, 16384 MiB, 120.07 W, 59
2026/09/15 05:45:02.967, 100 %, 0 %, 15838 MiB, 16384 MiB, 119.68 W, 59
2026/09/15 05:45:03.969, 100 %, 0 %, 15838 MiB, 16384 MiB, 116.77 W, 60
2026/09/15 05:45:04.972, 100 %, 29 %, 15838 MiB, 16384 MiB, 106.06 W, 62
2026/09/15 05:45:05.974, 100 %, 15 %, 15838 MiB, 16384 MiB, 119.94 W, 63
2026/09/15 05:45:06.977, 100 %, 0 %, 15838 MiB, 16384 MiB, 118.55 W, 61
2026/09/15 05:45:07.979, 100 %, 0 %, 15838 MiB, 16384 MiB, 117.54 W, 61
2026/09/15 05:45:08.982, 100 %, 78 %, 15838 MiB, 16384 MiB, 85.71 W, 61
2026/09/15 05:45:09.984, 100 %, 0 %, 15838 MiB, 16384 MiB, 223.50 W, 64
2026/09/15 05:45:11.032, 100 %, 0 %, 15838 MiB, 16384 MiB, 120.74 W, 62
2026/09/15 05:45:12.035, 100 %, 0 %, 15838 MiB, 16384 MiB, 120.81 W, 62
2026/09/15 05:45:13.037, 100 %, 8 %, 15838 MiB, 16384 MiB, 143.83 W, 62
2026/09/15 05:45:14.039, 100 %, 84 %, 15838 MiB, 16384 MiB, 233.66 W, 65
2026/09/15 05:45:15.043, 100 %, 0 %, 15838 MiB, 16384 MiB, 119.31 W, 63
2026/09/15 05:45:16.045, 100 %, 0 %, 15838 MiB, 16384 MiB, 117.66 W, 63
2026/09/15 05:45:17.047, 100 %, 7 %, 15838 MiB, 16384 MiB, 108.06 W, 63
2026/09/15 05:45:18.050, 100 %, 76 %, 15838 MiB, 16384 MiB, 217.15 W, 64
2026/09/15 05:45:19.054, 100 %, 0 %, 15838 MiB, 16384 MiB, 120.27 W, 64
2026/09/15 05:45:20.057, 100 %, 0 %, 15838 MiB, 16384 MiB, 119.06 W, 64
2026/09/15 05:45:21.059, 100 %, 11 %, 15838 MiB, 16384 MiB, 114.99 W, 64
2026/09/15 05:45:22.061, 100 %, 44 %, 15838 MiB, 16384 MiB, 191.30 W, 64
2026/09/15 05:45:23.064, 100 %, 0 %, 15838 MiB, 16384 MiB, 121.15 W, 65
2026/09/15 05:45:24.066, 100 %, 0 %, 15838 MiB, 16384 MiB, 121.15 W, 65
2026/09/15 05:45:25.068, 100 %, 9 %, 15838 MiB, 16384 MiB, 116.40 W, 65
2026/09/15 05:45:26.071, 100 %, 66 %, 15838 MiB, 16384 MiB, 111.17 W, 65
2026/09/15 05:45:27.073, 100 %, 0 %, 15838 MiB, 16384 MiB, 121.50 W, 68
2026/09/15 05:45:28.076, 100 %, 0 %, 15838 MiB, 16384 MiB, 121.61 W, 66
2026/09/15 05:45:29.078, 100 %, 8 %, 15838 MiB, 16384 MiB, 118.76 W, 66
2026/09/15 05:45:30.081, 100 %, 87 %, 15838 MiB, 16384 MiB, 61.65 W, 69
2026/09/15 05:45:31.084, 100 %, 0 %, 15838 MiB, 16384 MiB, 145.90 W, 70
2026/09/15 05:45:32.087, 100 %, 0 %, 15838 MiB, 16384 MiB, 122.50 W, 67
2026/09/15 05:45:33.089, 100 %, 0 %, 15838 MiB, 16384 MiB, 120.10 W, 67
2026/09/15 05:45:34.091, 100 %, 61 %, 15838 MiB, 16384 MiB, 125.21 W, 67
2026/09/15 05:45:35.096, 100 %, 0 %, 15838 MiB, 16384 MiB, 233.11 W, 70
2026/09/15 05:45:36.101, 100 %, 0 %, 15838 MiB, 16384 MiB, 120.96 W, 67
2026/09/15 05:45:37.104, 100 %, 0 %, 15838 MiB, 16384 MiB, 118.87 W, 68
2026/09/15 05:45:38.107, 100 %, 52 %, 15838 MiB, 16384 MiB, 138.09 W, 68
2026/09/15 05:45:39.109, 100 %, 0 %, 15838 MiB, 16384 MiB, 250.52 W, 71
2026/09/15 05:45:40.112, 100 %, 0 %, 15838 MiB, 16384 MiB, 121.39 W, 68
2026/09/15 05:45:41.114, 100 %, 0 %, 15838 MiB, 16384 MiB, 121.73 W, 68
2026/09/15 05:45:42.117, 100 %, 39 %, 15838 MiB, 16384 MiB, 154.66 W, 68
2026/09/15 05:45:43.120, 100 %, 0 %, 15838 MiB, 16384 MiB, 230.68 W, 71
2026/09/15 05:45:44.124, 100 %, 0 %, 15838 MiB, 16384 MiB, 121.42 W, 69
2026/09/15 05:45:45.126, 100 %, 0 %, 15838 MiB, 16384 MiB, 118.84 W, 69
2026/09/15 05:45:46.128, 100 %, 30 %, 15838 MiB, 16384 MiB, 117.00 W, 69
2026/09/15 05:45:47.132, 100 %, 8 %, 15838 MiB, 16384 MiB, 217.26 W, 71
2026/09/15 05:45:48.139, 100 %, 0 %, 15838 MiB, 16384 MiB, 121.94 W, 69
2026/09/15 05:45:49.141, 100 %, 0 %, 15838 MiB, 16384 MiB, 121.50 W, 69
2026/09/15 05:45:50.143, 14 %, 13 %, 15838 MiB, 16384 MiB, 63.93 W, 68
2026/09/15 05:45:51.146, 100 %, 0 %, 15838 MiB, 16384 MiB, 122.10 W, 69
2026/09/15 05:45:52.148, 1 %, 2 %, 15838 MiB, 16384 MiB, 64.25 W, 68
2026/09/15 05:45:53.151, 100 %, 0 %, 15838 MiB, 16384 MiB, 122.00 W, 71
2026/09/15 05:45:54.153, 79 %, 7 %, 15838 MiB, 16384 MiB, 114.46 W, 69
2026/09/15 05:45:55.157, 100 %, 77 %, 15838 MiB, 16384 MiB, 199.71 W, 69
2026/09/15 05:45:56.159, 100 %, 0 %, 15838 MiB, 16384 MiB, 119.91 W, 69
2026/09/15 05:45:57.162, 1 %, 2 %, 15838 MiB, 16384 MiB, 64.62 W, 68
2026/09/15 05:45:58.164, 100 %, 0 %, 15838 MiB, 16384 MiB, 122.76 W, 69
2026/09/15 05:45:59.166, 1 %, 2 %, 15838 MiB, 16384 MiB, 64.39 W, 70
2026/09/15 05:46:00.169, 100 %, 0 %, 15838 MiB, 16384 MiB, 135.76 W, 72
2026/09/15 05:46:01.172, 100 %, 0 %, 15838 MiB, 16384 MiB, 119.61 W, 69
2026/09/15 05:46:02.174, 73 %, 63 %, 15838 MiB, 16384 MiB, 82.74 W, 68
2026/09/15 05:46:03.177, 100 %, 0 %, 15838 MiB, 16384 MiB, 122.98 W, 70
2026/09/15 05:46:04.179, 1 %, 2 %, 15838 MiB, 16384 MiB, 64.86 W, 68
2026/09/15 05:46:05.182, 100 %, 0 %, 15838 MiB, 16384 MiB, 123.58 W, 70
2026/09/15 05:46:06.184, 42 %, 8 %, 15838 MiB, 16384 MiB, 129.05 W, 70
2026/09/15 05:46:07.186, 100 %, 52 %, 15838 MiB, 16384 MiB, 214.58 W, 72
2026/09/15 05:46:08.192, 100 %, 0 %, 15838 MiB, 16384 MiB, 120.10 W, 70
2026/09/15 05:46:09.195, 4 %, 5 %, 15838 MiB, 16384 MiB, 64.71 W, 68
2026/09/15 05:46:10.197, 100 %, 0 %, 15838 MiB, 16384 MiB, 123.23 W, 70
2026/09/15 05:46:11.199, 1 %, 2 %, 15838 MiB, 16384 MiB, 65.55 W, 68
2026/09/15 05:46:12.202, 100 %, 0 %, 15838 MiB, 16384 MiB, 123.50 W, 72
2026/09/15 05:46:13.204, 100 %, 6 %, 15838 MiB, 16384 MiB, 120.60 W, 70
2026/09/15 05:46:14.207, 91 %, 80 %, 15838 MiB, 16384 MiB, 132.17 W, 69
2026/09/15 05:46:15.210, 100 %, 0 %, 15838 MiB, 16384 MiB, 122.88 W, 70
2026/09/15 05:46:16.214, 2 %, 3 %, 15838 MiB, 16384 MiB, 60.85 W, 68
2026/09/15 05:46:17.217, 100 %, 0 %, 15838 MiB, 16384 MiB, 123.12 W, 70
2026/09/15 05:46:18.219, 25 %, 9 %, 15838 MiB, 16384 MiB, 137.21 W, 69
2026/09/15 05:46:19.221, 100 %, 34 %, 15838 MiB, 16384 MiB, 251.32 W, 72
2026/09/15 05:46:20.227, 100 %, 0 %, 15838 MiB, 16384 MiB, 120.08 W, 70
2026/09/15 05:46:21.229, 38 %, 30 %, 15838 MiB, 16384 MiB, 62.88 W, 69
2026/09/15 05:46:22.233, 100 %, 0 %, 15838 MiB, 16384 MiB, 122.84 W, 70
2026/09/15 05:46:23.237, 1 %, 2 %, 15838 MiB, 16384 MiB, 65.01 W, 69
2026/09/15 05:46:24.239, 100 %, 0 %, 15838 MiB, 16384 MiB, 123.11 W, 70
2026/09/15 05:46:25.242, 62 %, 9 %, 15838 MiB, 16384 MiB, 129.15 W, 70
2026/09/15 05:46:26.244, 100 %, 69 %, 15838 MiB, 16384 MiB, 242.61 W, 73
2026/09/15 05:46:27.248, 100 %, 0 %, 15838 MiB, 16384 MiB, 120.01 W, 70
2026/09/15 05:46:28.250, 1 %, 2 %, 15838 MiB, 16384 MiB, 62.64 W, 69
2026/09/15 05:46:29.253, 100 %, 0 %, 15838 MiB, 16384 MiB, 122.99 W, 70
2026/09/15 05:46:30.255, 2 %, 3 %, 15838 MiB, 16384 MiB, 65.00 W, 68
2026/09/15 05:46:31.257, 100 %, 0 %, 15838 MiB, 16384 MiB, 123.47 W, 70
2026/09/15 05:46:32.259, 89 %, 7 %, 15838 MiB, 16384 MiB, 131.03 W, 70
2026/09/15 05:46:33.262, 100 %, 88 %, 15838 MiB, 16384 MiB, 214.77 W, 72
2026/09/15 05:46:34.268, 100 %, 0 %, 15838 MiB, 16384 MiB, 120.83 W, 70
2026/09/15 05:46:35.270, 1 %, 2 %, 15838 MiB, 16384 MiB, 64.63 W, 69
2026/09/15 05:46:36.273, 100 %, 0 %, 15838 MiB, 16384 MiB, 123.50 W, 70
2026/09/15 05:46:37.276, 1 %, 2 %, 15838 MiB, 16384 MiB, 65.75 W, 71
2026/09/15 05:46:38.279, 100 %, 0 %, 15838 MiB, 16384 MiB, 122.93 W, 73
2026/09/15 05:46:39.282, 44 %, 9 %, 15838 MiB, 16384 MiB, 118.78 W, 70
2026/09/15 05:46:40.284, 100 %, 51 %, 15838 MiB, 16384 MiB, 141.69 W, 69
2026/09/15 05:46:41.287, 100 %, 0 %, 15838 MiB, 16384 MiB, 121.96 W, 70
2026/09/15 05:46:42.289, 4 %, 4 %, 15838 MiB, 16384 MiB, 66.35 W, 69
2026/09/15 05:46:43.291, 100 %, 0 %, 15838 MiB, 16384 MiB, 122.89 W, 70
2026/09/15 05:46:44.293, 1 %, 2 %, 15838 MiB, 16384 MiB, 125.48 W, 70
2026/09/15 05:46:45.296, 100 %, 0 %, 15838 MiB, 16384 MiB, 241.12 W, 73
2026/09/15 05:46:46.298, 98 %, 7 %, 15838 MiB, 16384 MiB, 120.04 W, 70
2026/09/15 05:46:47.301, 95 %, 83 %, 15838 MiB, 16384 MiB, 63.49 W, 69
2026/09/15 05:46:48.303, 100 %, 0 %, 15838 MiB, 16384 MiB, 124.15 W, 70
2026/09/15 05:46:49.306, 1 %, 3 %, 15838 MiB, 16384 MiB, 65.63 W, 69
2026/09/15 05:46:50.308, 100 %, 0 %, 15838 MiB, 16384 MiB, 123.87 W, 70
2026/09/15 05:46:51.311, 20 %, 9 %, 15838 MiB, 16384 MiB, 116.12 W, 70
2026/09/15 05:46:52.313, 100 %, 24 %, 15838 MiB, 16384 MiB, 208.56 W, 71
2026/09/15 05:46:53.315, 100 %, 0 %, 15838 MiB, 16384 MiB, 121.85 W, 70
2026/09/15 05:46:54.318, 28 %, 25 %, 15838 MiB, 16384 MiB, 65.11 W, 69
2026/09/15 05:46:55.320, 100 %, 0 %, 15838 MiB, 16384 MiB, 123.33 W, 70
2026/09/15 05:46:56.322, 1 %, 2 %, 15838 MiB, 16384 MiB, 119.03 W, 70
2026/09/15 05:46:57.327, 100 %, 0 %, 15838 MiB, 16384 MiB, 217.46 W, 73
2026/09/15 05:46:58.331, 86 %, 7 %, 15838 MiB, 16384 MiB, 120.59 W, 70
2026/09/15 05:46:59.333, 100 %, 85 %, 15838 MiB, 16384 MiB, 62.66 W, 69
2026/09/15 05:47:00.335, 100 %, 0 %, 15838 MiB, 16384 MiB, 124.16 W, 71
2026/09/15 05:47:01.337, 1 %, 2 %, 15838 MiB, 16384 MiB, 65.63 W, 69
2026/09/15 05:47:02.340, 100 %, 0 %, 15838 MiB, 16384 MiB, 124.68 W, 71
2026/09/15 05:47:03.342, 100 %, 1 %, 15838 MiB, 16384 MiB, 125.49 W, 73
2026/09/15 05:47:04.347, 100 %, 28 %, 15838 MiB, 16384 MiB, 98.01 W, 71
2026/09/15 05:47:05.349, 100 %, 0 %, 15838 MiB, 16384 MiB, 122.03 W, 71
2026/09/15 05:47:06.351, 100 %, 28 %, 15838 MiB, 16384 MiB, 63.17 W, 70
2026/09/15 05:47:07.354, 100 %, 0 %, 15838 MiB, 16384 MiB, 121.15 W, 71
2026/09/15 05:47:08.356, 100 %, 31 %, 15838 MiB, 16384 MiB, 114.78 W, 69
2026/09/15 05:47:09.360, 100 %, 2 %, 15838 MiB, 16384 MiB, 120.40 W, 71
2026/09/15 05:47:10.363, 100 %, 17 %, 15838 MiB, 16384 MiB, 231.66 W, 70
2026/09/15 05:47:11.366, 100 %, 3 %, 15838 MiB, 16384 MiB, 120.68 W, 71
2026/09/15 05:47:12.368, 100 %, 0 %, 15838 MiB, 16384 MiB, 163.19 W, 72
2026/09/15 05:47:13.371, 100 %, 4 %, 15838 MiB, 16384 MiB, 119.71 W, 71
2026/09/15 05:47:14.374, 100 %, 0 %, 15838 MiB, 16384 MiB, 123.65 W, 74
2026/09/15 05:47:15.380, 100 %, 20 %, 15838 MiB, 16384 MiB, 113.91 W, 71
2026/09/15 05:47:16.384, 100 %, 0 %, 15838 MiB, 16384 MiB, 122.93 W, 71
2026/09/15 05:47:17.386, 100 %, 32 %, 15838 MiB, 16384 MiB, 85.71 W, 71
2026/09/15 05:47:18.388, 100 %, 0 %, 15838 MiB, 16384 MiB, 122.59 W, 71
2026/09/15 05:47:19.390, 100 %, 33 %, 15838 MiB, 16384 MiB, 64.32 W, 70
2026/09/15 05:47:20.393, 100 %, 0 %, 15838 MiB, 16384 MiB, 121.61 W, 71
2026/09/15 05:47:21.395, 100 %, 27 %, 15838 MiB, 16384 MiB, 191.35 W, 70
2026/09/15 05:47:22.398, 100 %, 3 %, 15838 MiB, 16384 MiB, 120.98 W, 71
2026/09/15 05:47:23.400, 100 %, 3 %, 15838 MiB, 16384 MiB, 220.77 W, 73
2026/09/15 05:47:24.403, 100 %, 4 %, 15838 MiB, 16384 MiB, 121.01 W, 71
2026/09/15 05:47:25.405, 100 %, 0 %, 15838 MiB, 16384 MiB, 124.15 W, 74
2026/09/15 05:47:26.410, 100 %, 7 %, 15838 MiB, 16384 MiB, 132.27 W, 71
2026/09/15 05:47:27.412, 100 %, 0 %, 15838 MiB, 16384 MiB, 123.58 W, 71
2026/09/15 05:47:28.414, 100 %, 29 %, 15838 MiB, 16384 MiB, 102.50 W, 71
2026/09/15 05:47:29.416, 1 %, 2 %, 15838 MiB, 16384 MiB, 65.86 W, 70
2026/09/15 05:47:30.419, 1 %, 2 %, 15838 MiB, 16384 MiB, 66.06 W, 70
2026/09/15 05:47:31.421, 1 %, 2 %, 15838 MiB, 16384 MiB, 65.99 W, 70
2026/09/15 05:47:32.424, 13 %, 12 %, 15838 MiB, 16384 MiB, 65.51 W, 70
2026/09/15 05:47:33.428, 58 %, 30 %, 15838 MiB, 16384 MiB, 62.79 W, 70
2026/09/15 05:47:34.430, 100 %, 31 %, 15838 MiB, 16384 MiB, 156.61 W, 70
2026/09/15 05:47:35.432, 100 %, 0 %, 15838 MiB, 16384 MiB, 123.87 W, 74
2026/09/15 05:47:36.435, 100 %, 0 %, 15838 MiB, 16384 MiB, 121.20 W, 71
2026/09/15 05:47:37.437, 100 %, 0 %, 15838 MiB, 16384 MiB, 122.10 W, 71
2026/09/15 05:47:38.440, 93 %, 2 %, 15838 MiB, 16384 MiB, 121.19 W, 70
2026/09/15 05:47:39.442, 47 %, 3 %, 15838 MiB, 16384 MiB, 101.55 W, 70
2026/09/15 05:47:40.444, 6 %, 4 %, 15838 MiB, 16384 MiB, 66.20 W, 70
2026/09/15 05:47:41.448, 1 %, 2 %, 15838 MiB, 16384 MiB, 65.80 W, 69
2026/09/15 05:47:42.450, 1 %, 2 %, 15838 MiB, 16384 MiB, 66.47 W, 69
2026/09/15 05:47:43.452, 1 %, 2 %, 15838 MiB, 16384 MiB, 66.46 W, 69
2026/09/15 05:47:44.455, 1 %, 2 %, 15838 MiB, 16384 MiB, 64.11 W, 69
2026/09/15 05:47:45.457, 22 %, 21 %, 15838 MiB, 16384 MiB, 59.98 W, 69
2026/09/15 05:47:46.460, 61 %, 32 %, 15838 MiB, 16384 MiB, 210.71 W, 69
2026/09/15 05:47:47.465, 100 %, 22 %, 15838 MiB, 16384 MiB, 123.84 W, 72
2026/09/15 05:47:48.469, 100 %, 0 %, 15838 MiB, 16384 MiB, 123.99 W, 70
2026/09/15 05:47:49.472, 100 %, 0 %, 15838 MiB, 16384 MiB, 122.46 W, 70
2026/09/15 05:47:50.474, 100 %, 0 %, 15838 MiB, 16384 MiB, 123.19 W, 70
2026/09/15 05:47:51.476, 100 %, 0 %, 15838 MiB, 16384 MiB, 122.39 W, 70
2026/09/15 05:47:52.478, 51 %, 3 %, 15838 MiB, 16384 MiB, 105.93 W, 70
2026/09/15 05:47:53.481, 9 %, 4 %, 15838 MiB, 16384 MiB, 65.97 W, 69
2026/09/15 05:47:54.483, 2 %, 3 %, 15838 MiB, 16384 MiB, 65.66 W, 68
2026/09/15 05:47:55.486, 8 %, 8 %, 15838 MiB, 16384 MiB, 65.40 W, 68
2026/09/15 05:47:56.488, 50 %, 31 %, 15838 MiB, 16384 MiB, 64.64 W, 68
2026/09/15 05:47:57.492, 87 %, 31 %, 15838 MiB, 16384 MiB, 64.51 W, 68
2026/09/15 05:47:58.494, 100 %, 14 %, 15838 MiB, 16384 MiB, 58.87 W, 68
2026/09/15 05:47:59.497, 100 %, 0 %, 15838 MiB, 16384 MiB, 213.15 W, 69
2026/09/15 05:48:00.499, 100 %, 0 %, 15838 MiB, 16384 MiB, 202.09 W, 71
2026/09/15 05:48:01.502, 100 %, 0 %, 15838 MiB, 16384 MiB, 123.04 W, 69
2026/09/15 05:48:02.504, 88 %, 2 %, 15838 MiB, 16384 MiB, 120.82 W, 69
2026/09/15 05:48:03.506, 43 %, 3 %, 15838 MiB, 16384 MiB, 123.09 W, 69
2026/09/15 05:48:04.508, 10 %, 4 %, 15838 MiB, 16384 MiB, 121.59 W, 69
2026/09/15 05:48:05.512, 1 %, 2 %, 15838 MiB, 16384 MiB, 128.87 W, 69
2026/09/15 05:48:06.514, 1 %, 2 %, 15838 MiB, 16384 MiB, 78.26 W, 69
2026/09/15 05:48:07.517, 1 %, 3 %, 15838 MiB, 16384 MiB, 65.19 W, 68
2026/09/15 05:48:08.519, 1 %, 2 %, 15838 MiB, 16384 MiB, 64.95 W, 68
2026/09/15 05:48:09.522, 14 %, 13 %, 15838 MiB, 16384 MiB, 64.99 W, 68
2026/09/15 05:48:10.524, 64 %, 32 %, 15838 MiB, 16384 MiB, 63.91 W, 68
2026/09/15 05:48:11.527, 100 %, 23 %, 15838 MiB, 16384 MiB, 62.77 W, 68
2026/09/15 05:48:12.531, 100 %, 0 %, 15838 MiB, 16384 MiB, 91.87 W, 68
2026/09/15 05:48:13.536, 100 %, 0 %, 15838 MiB, 16384 MiB, 222.80 W, 70
2026/09/15 05:48:14.542, 100 %, 0 %, 15838 MiB, 16384 MiB, 123.56 W, 69
2026/09/15 05:48:15.544, 100 %, 7 %, 15838 MiB, 16384 MiB, 74.54 W, 67
2026/09/15 05:48:16.548, 100 %, 7 %, 15838 MiB, 16384 MiB, 65.58 W, 68
2026/09/15 05:48:17.551, 100 %, 7 %, 15838 MiB, 16384 MiB, 74.35 W, 67
2026/09/15 05:48:18.555, 100 %, 7 %, 15838 MiB, 16384 MiB, 66.00 W, 67
2026/09/15 05:48:19.558, 100 %, 7 %, 15838 MiB, 16384 MiB, 73.95 W, 67
2026/09/15 05:48:20.562, 100 %, 8 %, 15838 MiB, 16384 MiB, 67.84 W, 67
2026/09/15 05:48:21.565, 1 %, 2 %, 15838 MiB, 16384 MiB, 64.62 W, 66
2026/09/15 05:48:22.568, 6 %, 4 %, 15838 MiB, 16384 MiB, 53.77 W, 65
2026/09/15 05:48:23.571, 6 %, 4 %, 15838 MiB, 16384 MiB, 50.60 W, 65
2026/09/15 05:48:24.573, 1 %, 2 %, 15838 MiB, 16384 MiB, 51.04 W, 65
2026/09/15 05:48:25.576, 1 %, 2 %, 15838 MiB, 16384 MiB, 55.10 W, 65
2026/09/15 05:48:26.578, 1 %, 2 %, 15838 MiB, 16384 MiB, 56.17 W, 65
2026/09/15 05:48:27.584, 1 %, 2 %, 15838 MiB, 16384 MiB, 50.45 W, 64
2026/09/15 05:48:28.587, 1 %, 2 %, 15838 MiB, 16384 MiB, 50.33 W, 64
2026/09/15 05:48:29.590, 7 %, 5 %, 15838 MiB, 16384 MiB, 50.33 W, 64
2026/09/15 05:48:30.592, 7 %, 5 %, 15838 MiB, 16384 MiB, 50.30 W, 63
2026/09/15 05:48:31.595, 6 %, 4 %, 15838 MiB, 16384 MiB, 50.12 W, 63
2026/09/15 05:48:32.597, 4 %, 3 %, 15838 MiB, 16384 MiB, 49.83 W, 63
2026/09/15 05:48:33.600, 2 %, 3 %, 15838 MiB, 16384 MiB, 55.16 W, 63
2026/09/15 05:48:34.603, 1 %, 2 %, 15838 MiB, 16384 MiB, 49.98 W, 63
2026/09/15 05:48:35.606, 1 %, 2 %, 15838 MiB, 16384 MiB, 50.11 W, 62
2026/09/15 05:48:36.610, 1 %, 2 %, 15838 MiB, 16384 MiB, 49.95 W, 62
2026/09/15 05:48:37.613, 7 %, 4 %, 15838 MiB, 16384 MiB, 49.83 W, 62
2026/09/15 05:48:38.617, 6 %, 4 %, 15838 MiB, 16384 MiB, 49.82 W, 62
2026/09/15 05:48:39.620, 2 %, 2 %, 15838 MiB, 16384 MiB, 49.66 W, 62
2026/09/15 05:48:40.624, 1 %, 2 %, 15838 MiB, 16384 MiB, 54.85 W, 62
2026/09/15 05:48:41.627, 1 %, 2 %, 15838 MiB, 16384 MiB, 49.74 W, 61
2026/09/15 05:48:42.631, 1 %, 2 %, 15838 MiB, 16384 MiB, 49.66 W, 61
2026/09/15 05:48:43.634, 86 %, 12 %, 15838 MiB, 16384 MiB, 69.47 W, 62
2026/09/15 05:48:44.637, 100 %, 11 %, 15838 MiB, 16384 MiB, 101.04 W, 65
2026/09/15 05:48:45.639, 100 %, 10 %, 15838 MiB, 16384 MiB, 101.14 W, 63
2026/09/15 05:48:46.642, 100 %, 7 %, 15838 MiB, 16384 MiB, 100.44 W, 63
2026/09/15 05:48:47.646, 100 %, 7 %, 15838 MiB, 16384 MiB, 100.69 W, 63
2026/09/15 05:48:48.648, 100 %, 7 %, 15838 MiB, 16384 MiB, 63.79 W, 62
2026/09/15 05:48:49.650, 100 %, 7 %, 15838 MiB, 16384 MiB, 67.78 W, 62
2026/09/15 05:48:50.653, 1 %, 2 %, 15838 MiB, 16384 MiB, 62.55 W, 62
2026/09/15 05:48:51.655, 1 %, 2 %, 15838 MiB, 16384 MiB, 49.22 W, 61
2026/09/15 05:48:52.658, 13 %, 5 %, 15838 MiB, 16384 MiB, 49.50 W, 61
2026/09/15 05:48:53.660, 13 %, 5 %, 15838 MiB, 16384 MiB, 69.48 W, 61
2026/09/15 05:48:54.663, 1 %, 2 %, 15838 MiB, 16384 MiB, 53.62 W, 61
2026/09/15 05:48:55.666, 1 %, 2 %, 15838 MiB, 16384 MiB, 49.27 W, 60
2026/09/15 05:48:56.668, 1 %, 2 %, 15838 MiB, 16384 MiB, 49.38 W, 60
2026/09/15 05:48:57.671, 12 %, 5 %, 15838 MiB, 16384 MiB, 49.22 W, 60
2026/09/15 05:48:58.674, 12 %, 5 %, 15838 MiB, 16384 MiB, 49.37 W, 60
2026/09/15 05:48:59.676, 10 %, 4 %, 15838 MiB, 16384 MiB, 73.17 W, 60
2026/09/15 05:49:00.680, 1 %, 2 %, 15838 MiB, 16384 MiB, 48.94 W, 60
2026/09/15 05:49:01.685, 2 %, 3 %, 15838 MiB, 16384 MiB, 49.50 W, 60
2026/09/15 05:49:02.687, 1 %, 2 %, 15838 MiB, 16384 MiB, 50.03 W, 60
2026/09/15 05:49:03.691, 13 %, 5 %, 15838 MiB, 16384 MiB, 49.27 W, 59
2026/09/15 05:49:04.695, 1 %, 2 %, 15838 MiB, 16384 MiB, 72.82 W, 60
2026/09/15 05:49:05.699, 1 %, 2 %, 15838 MiB, 16384 MiB, 49.08 W, 61
2026/09/15 05:49:06.705, 1 %, 2 %, 15838 MiB, 16384 MiB, 48.98 W, 59
2026/09/15 05:49:07.708, 1 %, 2 %, 15838 MiB, 16384 MiB, 48.99 W, 59
2026/09/15 05:49:08.710, 12 %, 5 %, 15838 MiB, 16384 MiB, 49.06 W, 59
2026/09/15 05:49:09.713, 13 %, 5 %, 15838 MiB, 16384 MiB, 68.97 W, 59
2026/09/15 05:49:10.716, 1 %, 2 %, 15838 MiB, 16384 MiB, 72.88 W, 59
2026/09/15 05:49:11.719, 1 %, 2 %, 15838 MiB, 16384 MiB, 48.78 W, 60
2026/09/15 05:49:12.722, 1 %, 2 %, 15838 MiB, 16384 MiB, 48.73 W, 59
2026/09/15 05:49:13.726, 100 %, 9 %, 15838 MiB, 16384 MiB, 69.29 W, 60
2026/09/15 05:49:14.729, 100 %, 7 %, 15838 MiB, 16384 MiB, 69.12 W, 59
2026/09/15 05:49:15.733, 100 %, 7 %, 15838 MiB, 16384 MiB, 62.39 W, 59
2026/09/15 05:49:16.736, 100 %, 9 %, 15838 MiB, 16384 MiB, 69.15 W, 60
2026/09/15 05:49:17.739, 100 %, 7 %, 15838 MiB, 16384 MiB, 69.01 W, 59
2026/09/15 05:49:18.743, 64 %, 5 %, 15838 MiB, 16384 MiB, 59.62 W, 59
2026/09/15 05:49:19.746, 1 %, 2 %, 15838 MiB, 16384 MiB, 67.01 W, 59
2026/09/15 05:49:20.749, 1 %, 2 %, 15838 MiB, 16384 MiB, 48.46 W, 59
2026/09/15 05:49:21.752, 1 %, 2 %, 15838 MiB, 16384 MiB, 48.37 W, 58
2026/09/15 05:49:22.756, 1 %, 2 %, 15838 MiB, 16384 MiB, 49.19 W, 58
2026/09/15 05:49:23.759, 5 %, 4 %, 15838 MiB, 16384 MiB, 48.93 W, 58
2026/09/15 05:49:24.762, 4 %, 4 %, 15838 MiB, 16384 MiB, 48.12 W, 58
2026/09/15 05:49:25.765, 3 %, 2 %, 15838 MiB, 16384 MiB, 51.95 W, 58
2026/09/15 05:49:26.769, 1 %, 2 %, 15838 MiB, 16384 MiB, 48.46 W, 58
2026/09/15 05:49:27.772, 1 %, 2 %, 15838 MiB, 16384 MiB, 48.09 W, 58
2026/09/15 05:49:28.775, 1 %, 2 %, 15838 MiB, 16384 MiB, 47.96 W, 58
2026/09/15 05:49:29.778, 1 %, 2 %, 15838 MiB, 16384 MiB, 47.86 W, 57
2026/09/15 05:49:30.781, 4 %, 4 %, 15838 MiB, 16384 MiB, 47.94 W, 57
2026/09/15 05:49:31.785, 5 %, 4 %, 15838 MiB, 16384 MiB, 47.62 W, 57
2026/09/15 05:49:32.788, 5 %, 5 %, 15838 MiB, 16384 MiB, 51.49 W, 57
2026/09/15 05:49:33.792, 1 %, 2 %, 15838 MiB, 16384 MiB, 51.72 W, 57
2026/09/15 05:49:34.795, 1 %, 2 %, 15838 MiB, 16384 MiB, 47.73 W, 57
2026/09/15 05:49:35.798, 1 %, 3 %, 15838 MiB, 16384 MiB, 47.71 W, 57
2026/09/15 05:49:36.801, 1 %, 3 %, 15838 MiB, 16384 MiB, 47.74 W, 57
2026/09/15 05:49:37.805, 5 %, 4 %, 15838 MiB, 16384 MiB, 47.53 W, 57
2026/09/15 05:49:38.809, 4 %, 4 %, 15838 MiB, 16384 MiB, 47.49 W, 57
2026/09/15 05:49:39.812, 4 %, 4 %, 15838 MiB, 16384 MiB, 47.85 W, 57
2026/09/15 05:49:40.816, 1 %, 2 %, 15838 MiB, 16384 MiB, 47.19 W, 57
2026/09/15 05:49:41.819, 100 %, 6 %, 15838 MiB, 16384 MiB, 68.01 W, 58
2026/09/15 05:49:42.823, 100 %, 9 %, 15838 MiB, 16384 MiB, 67.98 W, 58
2026/09/15 05:49:43.826, 100 %, 7 %, 15838 MiB, 16384 MiB, 63.45 W, 58
2026/09/15 05:49:44.830, 100 %, 7 %, 15838 MiB, 16384 MiB, 68.05 W, 58
2026/09/15 05:49:45.833, 100 %, 9 %, 15838 MiB, 16384 MiB, 69.21 W, 58
2026/09/15 05:49:46.836, 100 %, 7 %, 15838 MiB, 16384 MiB, 62.88 W, 58
2026/09/15 05:49:47.840, 4 %, 4 %, 15838 MiB, 16384 MiB, 60.30 W, 58
2026/09/15 05:49:48.843, 4 %, 4 %, 15838 MiB, 16384 MiB, 60.39 W, 58
2026/09/15 05:49:49.847, 1 %, 2 %, 15838 MiB, 16384 MiB, 47.16 W, 57
2026/09/15 05:49:50.850, 1 %, 2 %, 15838 MiB, 16384 MiB, 51.42 W, 57
2026/09/15 05:49:51.853, 1 %, 2 %, 15838 MiB, 16384 MiB, 47.98 W, 57
2026/09/15 05:49:52.857, 1 %, 2 %, 15838 MiB, 16384 MiB, 47.93 W, 57
2026/09/15 05:49:53.859, 1 %, 2 %, 15838 MiB, 16384 MiB, 47.90 W, 57
2026/09/15 05:49:54.862, 4 %, 4 %, 15838 MiB, 16384 MiB, 47.74 W, 57
2026/09/15 05:49:55.865, 3 %, 3 %, 15838 MiB, 16384 MiB, 47.27 W, 57
2026/09/15 05:49:56.868, 1 %, 2 %, 15838 MiB, 16384 MiB, 51.16 W, 57
2026/09/15 05:49:57.871, 1 %, 2 %, 15838 MiB, 16384 MiB, 51.53 W, 57
2026/09/15 05:49:58.874, 2 %, 3 %, 15838 MiB, 16384 MiB, 47.90 W, 56
2026/09/15 05:49:59.878, 1 %, 2 %, 15838 MiB, 16384 MiB, 47.67 W, 56
2026/09/15 05:50:00.881, 4 %, 4 %, 15838 MiB, 16384 MiB, 47.84 W, 56
2026/09/15 05:50:01.884, 5 %, 5 %, 15838 MiB, 16384 MiB, 47.61 W, 56
2026/09/15 05:50:02.887, 1 %, 2 %, 15838 MiB, 16384 MiB, 50.92 W, 56
2026/09/15 05:50:03.890, 1 %, 2 %, 15838 MiB, 16384 MiB, 51.40 W, 56
2026/09/15 05:50:04.893, 1 %, 2 %, 15838 MiB, 16384 MiB, 47.67 W, 56
2026/09/15 05:50:05.896, 2 %, 3 %, 15838 MiB, 16384 MiB, 48.17 W, 56
2026/09/15 05:50:06.899, 1 %, 2 %, 15838 MiB, 16384 MiB, 47.79 W, 56
2026/09/15 05:50:07.904, 4 %, 4 %, 15838 MiB, 16384 MiB, 47.54 W, 56
2026/09/15 05:50:08.907, 4 %, 4 %, 15838 MiB, 16384 MiB, 47.62 W, 56
2026/09/15 05:50:09.910, 1 %, 2 %, 15838 MiB, 16384 MiB, 51.00 W, 56
2026/09/15 05:50:10.913, 100 %, 7 %, 15838 MiB, 16384 MiB, 61.96 W, 57
2026/09/15 05:50:11.917, 100 %, 9 %, 15838 MiB, 16384 MiB, 67.56 W, 57
2026/09/15 05:50:12.920, 100 %, 7 %, 15838 MiB, 16384 MiB, 67.69 W, 57
2026/09/15 05:50:13.923, 100 %, 7 %, 15838 MiB, 16384 MiB, 61.14 W, 57
2026/09/15 05:50:14.927, 100 %, 9 %, 15838 MiB, 16384 MiB, 67.79 W, 57
2026/09/15 05:50:15.930, 1 %, 3 %, 15838 MiB, 16384 MiB, 60.26 W, 57
2026/09/15 05:50:16.933, 4 %, 5 %, 15838 MiB, 16384 MiB, 60.34 W, 57
2026/09/15 05:50:17.937, 4 %, 4 %, 15838 MiB, 16384 MiB, 47.64 W, 56
2026/09/15 05:50:18.940, 5 %, 5 %, 15838 MiB, 16384 MiB, 47.76 W, 56
2026/09/15 05:50:19.944, 1 %, 2 %, 15838 MiB, 16384 MiB, 47.71 W, 56
2026/09/15 05:50:20.947, 1 %, 2 %, 15838 MiB, 16384 MiB, 51.05 W, 56
2026/09/15 05:50:21.951, 1 %, 2 %, 15838 MiB, 16384 MiB, 51.24 W, 56
2026/09/15 05:50:22.954, 1 %, 2 %, 15838 MiB, 16384 MiB, 47.40 W, 56
2026/09/15 05:50:23.958, 1 %, 2 %, 15838 MiB, 16384 MiB, 47.38 W, 56
2026/09/15 05:50:24.962, 5 %, 4 %, 15838 MiB, 16384 MiB, 47.53 W, 56
2026/09/15 05:50:25.965, 5 %, 5 %, 15838 MiB, 16384 MiB, 47.92 W, 56
2026/09/15 05:50:26.969, 4 %, 4 %, 15838 MiB, 16384 MiB, 47.68 W, 56
2026/09/15 05:50:27.972, 2 %, 3 %, 15838 MiB, 16384 MiB, 47.21 W, 56
2026/09/15 05:50:28.975, 2 %, 3 %, 15838 MiB, 16384 MiB, 50.78 W, 56
2026/09/15 05:50:29.979, 2 %, 3 %, 15838 MiB, 16384 MiB, 51.08 W, 56
2026/09/15 05:50:30.982, 1 %, 2 %, 15838 MiB, 16384 MiB, 47.25 W, 56
2026/09/15 05:50:31.986, 1 %, 2 %, 15838 MiB, 16384 MiB, 47.42 W, 56
2026/09/15 05:50:32.990, 4 %, 5 %, 15838 MiB, 16384 MiB, 47.37 W, 56
2026/09/15 05:50:33.993, 4 %, 4 %, 15838 MiB, 16384 MiB, 47.56 W, 56
2026/09/15 05:50:34.997, 4 %, 4 %, 15838 MiB, 16384 MiB, 47.63 W, 56
2026/09/15 05:50:36.000, 5 %, 5 %, 15838 MiB, 16384 MiB, 47.46 W, 56
2026/09/15 05:50:37.004, 1 %, 2 %, 15838 MiB, 16384 MiB, 47.09 W, 56
2026/09/15 05:50:38.007, 1 %, 2 %, 15838 MiB, 16384 MiB, 56.38 W, 56
2026/09/15 05:50:39.011, 100 %, 7 %, 15838 MiB, 16384 MiB, 60.60 W, 57
2026/09/15 05:50:40.015, 100 %, 7 %, 15838 MiB, 16384 MiB, 67.52 W, 57
2026/09/15 05:50:41.018, 100 %, 9 %, 15838 MiB, 16384 MiB, 67.44 W, 57
2026/09/15 05:50:42.022, 100 %, 7 %, 15838 MiB, 16384 MiB, 61.81 W, 57
2026/09/15 05:50:43.025, 100 %, 7 %, 15838 MiB, 16384 MiB, 66.50 W, 57
2026/09/15 05:50:44.028, 14 %, 4 %, 15838 MiB, 16384 MiB, 60.21 W, 57
2026/09/15 05:50:45.033, 4 %, 4 %, 15838 MiB, 16384 MiB, 60.08 W, 57
2026/09/15 05:50:46.036, 5 %, 4 %, 15838 MiB, 16384 MiB, 48.26 W, 56
2026/09/15 05:50:47.039, 1 %, 2 %, 15838 MiB, 16384 MiB, 51.78 W, 56
2026/09/15 05:50:48.042, 1 %, 2 %, 15838 MiB, 16384 MiB, 51.49 W, 56
2026/09/15 05:50:49.052, 1 %, 2 %, 15838 MiB, 16384 MiB, 47.64 W, 56
2026/09/15 05:50:50.054, 1 %, 2 %, 15838 MiB, 16384 MiB, 47.52 W, 56
2026/09/15 05:50:51.058, 1 %, 2 %, 15838 MiB, 16384 MiB, 47.73 W, 56
2026/09/15 05:50:52.062, 1 %, 2 %, 15838 MiB, 16384 MiB, 47.59 W, 56
2026/09/15 05:50:53.065, 5 %, 4 %, 15838 MiB, 16384 MiB, 47.38 W, 56
2026/09/15 05:50:54.068, 5 %, 5 %, 15838 MiB, 16384 MiB, 50.98 W, 56
2026/09/15 05:50:55.071, 4 %, 4 %, 15838 MiB, 16384 MiB, 51.15 W, 56
2026/09/15 05:50:56.073, 2 %, 3 %, 15838 MiB, 16384 MiB, 47.52 W, 56
2026/09/15 05:50:57.076, 2 %, 3 %, 15838 MiB, 16384 MiB, 47.62 W, 56
2026/09/15 05:50:58.079, 2 %, 3 %, 15838 MiB, 16384 MiB, 47.43 W, 56
2026/09/15 05:50:59.081, 1 %, 2 %, 15838 MiB, 16384 MiB, 47.31 W, 56
2026/09/15 05:51:00.084, 1 %, 2 %, 15838 MiB, 16384 MiB, 47.28 W, 56
2026/09/15 05:51:01.087, 4 %, 4 %, 15838 MiB, 16384 MiB, 50.79 W, 55
2026/09/15 05:51:02.089, 4 %, 4 %, 15838 MiB, 16384 MiB, 51.13 W, 56
2026/09/15 05:51:03.093, 1 %, 2 %, 15838 MiB, 16384 MiB, 47.23 W, 55
2026/09/15 05:51:04.096, 1 %, 2 %, 15838 MiB, 16384 MiB, 47.36 W, 55
2026/09/15 05:51:05.099, 1 %, 2 %, 15838 MiB, 16384 MiB, 47.47 W, 55
2026/09/15 05:51:06.101, 1 %, 2 %, 15838 MiB, 16384 MiB, 48.07 W, 55
2026/09/15 05:51:07.133, 100 %, 7 %, 15838 MiB, 16384 MiB, 62.37 W, 57
2026/09/15 05:51:08.135, 100 %, 7 %, 15838 MiB, 16384 MiB, 67.12 W, 56
2026/09/15 05:51:09.138, 100 %, 7 %, 15838 MiB, 16384 MiB, 67.34 W, 56
2026/09/15 05:51:10.140, 100 %, 9 %, 15838 MiB, 16384 MiB, 61.31 W, 57
2026/09/15 05:51:11.143, 100 %, 7 %, 15838 MiB, 16384 MiB, 66.66 W, 57
2026/09/15 05:51:12.145, 62 %, 5 %, 15838 MiB, 16384 MiB, 65.88 W, 57
2026/09/15 05:51:13.148, 1 %, 2 %, 15838 MiB, 16384 MiB, 60.37 W, 57
2026/09/15 05:51:14.151, 1 %, 2 %, 15838 MiB, 16384 MiB, 47.23 W, 56
2026/09/15 05:51:15.154, 1 %, 2 %, 15838 MiB, 16384 MiB, 47.13 W, 56
2026/09/15 05:51:16.159, 1 %, 2 %, 15838 MiB, 16384 MiB, 47.25 W, 56
2026/09/15 05:51:17.161, 1 %, 2 %, 15838 MiB, 16384 MiB, 47.23 W, 56
2026/09/15 05:51:18.165, 4 %, 4 %, 15838 MiB, 16384 MiB, 50.19 W, 56
2026/09/15 05:51:19.168, 4 %, 4 %, 15838 MiB, 16384 MiB, 50.58 W, 56
2026/09/15 05:51:20.172, 1 %, 2 %, 15838 MiB, 16384 MiB, 47.26 W, 56
2026/09/15 05:51:21.174, 2 %, 3 %, 15838 MiB, 16384 MiB, 47.32 W, 56
2026/09/15 05:51:22.177, 1 %, 3 %, 15838 MiB, 16384 MiB, 47.23 W, 56
2026/09/15 05:51:23.180, 1 %, 2 %, 15838 MiB, 16384 MiB, 47.17 W, 56
2026/09/15 05:51:24.182, 4 %, 4 %, 15838 MiB, 16384 MiB, 46.86 W, 56
2026/09/15 05:51:25.185, 4 %, 5 %, 15838 MiB, 16384 MiB, 50.31 W, 56
2026/09/15 05:51:26.187, 4 %, 4 %, 15838 MiB, 16384 MiB, 51.36 W, 56
2026/09/15 05:51:27.190, 1 %, 2 %, 15838 MiB, 16384 MiB, 48.17 W, 56
2026/09/15 05:51:28.192, 1 %, 2 %, 15838 MiB, 16384 MiB, 47.44 W, 55
2026/09/15 05:51:29.195, 2 %, 3 %, 15838 MiB, 16384 MiB, 47.05 W, 55
2026/09/15 05:51:30.198, 1 %, 2 %, 15838 MiB, 16384 MiB, 47.35 W, 55
2026/09/15 05:51:31.200, 4 %, 4 %, 15838 MiB, 16384 MiB, 46.94 W, 55
2026/09/15 05:51:32.203, 4 %, 5 %, 15838 MiB, 16384 MiB, 50.52 W, 55
2026/09/15 05:51:33.206, 4 %, 4 %, 15838 MiB, 16384 MiB, 50.52 W, 55
2026/09/15 05:51:34.208, 1 %, 2 %, 15838 MiB, 16384 MiB, 46.99 W, 56
2026/09/15 05:51:35.211, 100 %, 9 %, 15838 MiB, 16384 MiB, 64.21 W, 56
2026/09/15 05:51:36.213, 100 %, 6 %, 15838 MiB, 16384 MiB, 61.11 W, 57
2026/09/15 05:51:37.216, 100 %, 6 %, 15838 MiB, 16384 MiB, 66.39 W, 56
2026/09/15 05:51:38.218, 100 %, 6 %, 15838 MiB, 16384 MiB, 66.37 W, 57
2026/09/15 05:51:39.220, 100 %, 9 %, 15838 MiB, 16384 MiB, 66.45 W, 57
2026/09/15 05:51:40.223, 100 %, 6 %, 15838 MiB, 16384 MiB, 60.86 W, 57
2026/09/15 05:51:41.225, 1 %, 2 %, 15838 MiB, 16384 MiB, 60.33 W, 57
2026/09/15 05:51:42.228, 3 %, 4 %, 15838 MiB, 16384 MiB, 60.43 W, 56
2026/09/15 05:51:43.231, 3 %, 4 %, 15838 MiB, 16384 MiB, 46.33 W, 56
2026/09/15 05:51:44.234, 3 %, 4 %, 15838 MiB, 16384 MiB, 49.94 W, 56
2026/09/15 05:51:45.239, 3 %, 4 %, 15838 MiB, 16384 MiB, 50.35 W, 56
2026/09/15 05:51:46.241, 1 %, 2 %, 15838 MiB, 16384 MiB, 47.49 W, 56
2026/09/15 05:51:47.245, 1 %, 2 %, 15838 MiB, 16384 MiB, 47.08 W, 56
2026/09/15 05:51:48.248, 1 %, 2 %, 15838 MiB, 16384 MiB, 47.08 W, 56
2026/09/15 05:51:49.251, 2 %, 3 %, 15838 MiB, 16384 MiB, 47.30 W, 56
2026/09/15 05:51:50.254, 1 %, 2 %, 15838 MiB, 16384 MiB, 46.85 W, 56
2026/09/15 05:51:51.258, 4 %, 4 %, 15838 MiB, 16384 MiB, 46.67 W, 56
2026/09/15 05:51:52.261, 4 %, 4 %, 15838 MiB, 16384 MiB, 49.87 W, 56
2026/09/15 05:51:53.265, 4 %, 5 %, 15838 MiB, 16384 MiB, 49.80 W, 56
2026/09/15 05:51:54.268, 1 %, 2 %, 15838 MiB, 16384 MiB, 47.03 W, 56
2026/09/15 05:51:55.271, 1 %, 2 %, 15838 MiB, 16384 MiB, 47.10 W, 55
2026/09/15 05:51:56.274, 1 %, 2 %, 15838 MiB, 16384 MiB, 47.10 W, 56
2026/09/15 05:51:57.278, 2 %, 3 %, 15838 MiB, 16384 MiB, 47.18 W, 55
2026/09/15 05:51:58.281, 1 %, 2 %, 15838 MiB, 16384 MiB, 47.02 W, 56
2026/09/15 05:51:59.284, 4 %, 5 %, 15838 MiB, 16384 MiB, 46.60 W, 55
2026/09/15 05:52:00.287, 3 %, 4 %, 15838 MiB, 16384 MiB, 49.25 W, 55
2026/09/15 05:52:01.291, 4 %, 5 %, 15838 MiB, 16384 MiB, 46.47 W, 55
2026/09/15 05:52:02.294, 1 %, 2 %, 15838 MiB, 16384 MiB, 46.66 W, 55
2026/09/15 05:52:03.297, 100 %, 0 %, 15838 MiB, 16384 MiB, 117.13 W, 58
2026/09/15 05:52:04.301, 100 %, 51 %, 15838 MiB, 16384 MiB, 127.67 W, 58
2026/09/15 05:52:05.303, 100 %, 0 %, 15838 MiB, 16384 MiB, 118.00 W, 59
2026/09/15 05:52:06.305, 100 %, 48 %, 15838 MiB, 16384 MiB, 106.94 W, 59
2026/09/15 05:52:07.308, 100 %, 0 %, 15838 MiB, 16384 MiB, 118.78 W, 60
2026/09/15 05:52:08.310, 100 %, 43 %, 15838 MiB, 16384 MiB, 77.49 W, 59
2026/09/15 05:52:09.315, 100 %, 0 %, 15838 MiB, 16384 MiB, 119.35 W, 60
2026/09/15 05:52:10.317, 100 %, 17 %, 15838 MiB, 16384 MiB, 57.47 W, 60
2026/09/15 05:52:11.320, 100 %, 6 %, 15838 MiB, 16384 MiB, 120.00 W, 61
2026/09/15 05:52:12.322, 100 %, 27 %, 15838 MiB, 16384 MiB, 58.88 W, 60
2026/09/15 05:52:13.325, 100 %, 5 %, 15838 MiB, 16384 MiB, 117.66 W, 62
2026/09/15 05:52:14.327, 100 %, 35 %, 15838 MiB, 16384 MiB, 154.35 W, 61
2026/09/15 05:52:15.329, 100 %, 5 %, 15838 MiB, 16384 MiB, 119.63 W, 62
2026/09/15 05:52:16.332, 100 %, 42 %, 15838 MiB, 16384 MiB, 133.92 W, 61
2026/09/15 05:52:17.335, 100 %, 5 %, 15838 MiB, 16384 MiB, 119.85 W, 63
2026/09/15 05:52:18.337, 100 %, 42 %, 15838 MiB, 16384 MiB, 114.41 W, 62
2026/09/15 05:52:19.339, 100 %, 5 %, 15838 MiB, 16384 MiB, 118.20 W, 63
2026/09/15 05:52:20.342, 100 %, 52 %, 15838 MiB, 16384 MiB, 83.96 W, 62
2026/09/15 05:52:21.345, 100 %, 4 %, 15838 MiB, 16384 MiB, 119.43 W, 64
2026/09/15 05:52:22.347, 100 %, 46 %, 15838 MiB, 16384 MiB, 70.52 W, 63
2026/09/15 05:52:23.351, 100 %, 4 %, 15838 MiB, 16384 MiB, 120.35 W, 64
2026/09/15 05:52:24.354, 100 %, 53 %, 15838 MiB, 16384 MiB, 64.62 W, 63
2026/09/15 05:52:25.356, 100 %, 4 %, 15838 MiB, 16384 MiB, 119.42 W, 65
2026/09/15 05:52:26.359, 100 %, 50 %, 15838 MiB, 16384 MiB, 60.67 W, 64
2026/09/15 05:52:27.362, 100 %, 2 %, 15838 MiB, 16384 MiB, 120.96 W, 65
2026/09/15 05:52:28.366, 92 %, 52 %, 15838 MiB, 16384 MiB, 58.11 W, 64
2026/09/15 05:52:29.368, 100 %, 38 %, 15838 MiB, 16384 MiB, 142.34 W, 65
2026/09/15 05:52:30.371, 100 %, 2 %, 15838 MiB, 16384 MiB, 260.02 W, 68
2026/09/15 05:52:31.374, 100 %, 0 %, 15838 MiB, 16384 MiB, 210.57 W, 69
2026/09/15 05:52:32.377, 100 %, 0 %, 15838 MiB, 16384 MiB, 123.26 W, 66
2026/09/15 05:52:33.379, 95 %, 5 %, 15838 MiB, 16384 MiB, 123.09 W, 66
2026/09/15 05:52:34.381, 72 %, 4 %, 15838 MiB, 16384 MiB, 121.31 W, 66
2026/09/15 05:52:35.384, 45 %, 5 %, 15838 MiB, 16384 MiB, 120.92 W, 66
2026/09/15 05:52:36.386, 27 %, 6 %, 15838 MiB, 16384 MiB, 120.55 W, 66
2026/09/15 05:52:37.388, 1 %, 2 %, 15838 MiB, 16384 MiB, 132.03 W, 66
2026/09/15 05:52:38.391, 1 %, 2 %, 15838 MiB, 16384 MiB, 64.17 W, 65
2026/09/15 05:52:39.393, 1 %, 2 %, 15838 MiB, 16384 MiB, 64.16 W, 65
2026/09/15 05:52:40.396, 1 %, 2 %, 15838 MiB, 16384 MiB, 64.11 W, 65
2026/09/15 05:52:41.398, 1 %, 2 %, 15838 MiB, 16384 MiB, 64.40 W, 65
2026/09/15 05:52:42.401, 1 %, 2 %, 15838 MiB, 16384 MiB, 63.69 W, 65
2026/09/15 05:52:43.403, 15 %, 11 %, 15838 MiB, 16384 MiB, 62.81 W, 65
2026/09/15 05:52:44.406, 38 %, 30 %, 15838 MiB, 16384 MiB, 61.33 W, 65
2026/09/15 05:52:45.408, 73 %, 49 %, 15838 MiB, 16384 MiB, 138.97 W, 66
2026/09/15 05:52:46.412, 100 %, 41 %, 15838 MiB, 16384 MiB, 246.70 W, 67
2026/09/15 05:52:47.417, 100 %, 16 %, 15838 MiB, 16384 MiB, 188.70 W, 70
2026/09/15 05:52:48.423, 100 %, 0 %, 15838 MiB, 16384 MiB, 122.38 W, 70
2026/09/15 05:52:49.431, 100 %, 0 %, 15838 MiB, 16384 MiB, 124.18 W, 67
2026/09/15 05:52:50.434, 100 %, 0 %, 15838 MiB, 16384 MiB, 121.39 W, 67
2026/09/15 05:52:51.436, 78 %, 5 %, 15838 MiB, 16384 MiB, 122.93 W, 67
2026/09/15 05:52:52.438, 46 %, 5 %, 15838 MiB, 16384 MiB, 132.62 W, 67
2026/09/15 05:52:53.441, 4 %, 4 %, 15838 MiB, 16384 MiB, 64.45 W, 67
2026/09/15 05:52:54.443, 2 %, 3 %, 15838 MiB, 16384 MiB, 64.97 W, 66
2026/09/15 05:52:55.446, 1 %, 2 %, 15838 MiB, 16384 MiB, 64.93 W, 66
2026/09/15 05:52:56.448, 2 %, 3 %, 15838 MiB, 16384 MiB, 56.10 W, 66
2026/09/15 05:52:57.451, 1 %, 1 %, 15838 MiB, 16384 MiB, 64.11 W, 66
2026/09/15 05:52:58.453, 29 %, 22 %, 15838 MiB, 16384 MiB, 62.24 W, 66
2026/09/15 05:52:59.455, 50 %, 44 %, 15838 MiB, 16384 MiB, 68.72 W, 67
2026/09/15 05:53:00.458, 76 %, 49 %, 15838 MiB, 16384 MiB, 141.57 W, 67
2026/09/15 05:53:01.462, 100 %, 47 %, 15838 MiB, 16384 MiB, 249.21 W, 68
2026/09/15 05:53:02.470, 100 %, 19 %, 15838 MiB, 16384 MiB, 199.85 W, 70
2026/09/15 05:53:03.475, 100 %, 0 %, 15838 MiB, 16384 MiB, 123.71 W, 68
2026/09/15 05:53:04.478, 100 %, 0 %, 15838 MiB, 16384 MiB, 125.50 W, 68
2026/09/15 05:53:05.481, 100 %, 0 %, 15838 MiB, 16384 MiB, 125.06 W, 68
2026/09/15 05:53:06.483, 86 %, 4 %, 15838 MiB, 16384 MiB, 124.11 W, 68
2026/09/15 05:53:07.486, 53 %, 5 %, 15838 MiB, 16384 MiB, 142.12 W, 68
2026/09/15 05:53:08.488, 9 %, 6 %, 15838 MiB, 16384 MiB, 92.13 W, 68
2026/09/15 05:53:09.491, 1 %, 2 %, 15838 MiB, 16384 MiB, 65.57 W, 66
2026/09/15 05:53:10.493, 1 %, 2 %, 15838 MiB, 16384 MiB, 65.03 W, 67
2026/09/15 05:53:11.496, 1 %, 2 %, 15838 MiB, 16384 MiB, 65.07 W, 67
2026/09/15 05:53:12.499, 1 %, 3 %, 15838 MiB, 16384 MiB, 65.40 W, 67
2026/09/15 05:53:13.501, 100 %, 7 %, 15838 MiB, 16384 MiB, 132.46 W, 68
2026/09/15 05:53:14.503, 100 %, 55 %, 15838 MiB, 16384 MiB, 234.02 W, 71
2026/09/15 05:53:15.509, 100 %, 5 %, 15838 MiB, 16384 MiB, 120.56 W, 69
2026/09/15 05:53:16.511, 100 %, 9 %, 15838 MiB, 16384 MiB, 233.55 W, 68
2026/09/15 05:53:17.513, 100 %, 6 %, 15838 MiB, 16384 MiB, 121.06 W, 69
2026/09/15 05:53:18.516, 100 %, 60 %, 15838 MiB, 16384 MiB, 78.15 W, 69
2026/09/15 05:53:19.519, 100 %, 0 %, 15838 MiB, 16384 MiB, 121.21 W, 72
2026/09/15 05:53:20.522, 100 %, 48 %, 15838 MiB, 16384 MiB, 117.65 W, 69
2026/09/15 05:53:21.524, 100 %, 0 %, 15838 MiB, 16384 MiB, 255.30 W, 71
2026/09/15 05:53:22.529, 100 %, 7 %, 15838 MiB, 16384 MiB, 119.12 W, 70
2026/09/15 05:53:23.532, 100 %, 46 %, 15838 MiB, 16384 MiB, 137.10 W, 69
2026/09/15 05:53:24.535, 100 %, 6 %, 15838 MiB, 16384 MiB, 121.56 W, 70
2026/09/15 05:53:25.537, 100 %, 65 %, 15838 MiB, 16384 MiB, 92.07 W, 70
2026/09/15 05:53:26.542, 100 %, 0 %, 15838 MiB, 16384 MiB, 214.79 W, 73
2026/09/15 05:53:27.549, 100 %, 22 %, 15838 MiB, 16384 MiB, 122.08 W, 70
2026/09/15 05:53:28.551, 100 %, 28 %, 15838 MiB, 16384 MiB, 192.19 W, 70
2026/09/15 05:53:29.554, 100 %, 6 %, 15838 MiB, 16384 MiB, 121.51 W, 70
2026/09/15 05:53:30.556, 100 %, 70 %, 15838 MiB, 16384 MiB, 63.79 W, 69
2026/09/15 05:53:31.563, 100 %, 0 %, 15838 MiB, 16384 MiB, 135.21 W, 74
2026/09/15 05:53:32.571, 100 %, 37 %, 15838 MiB, 16384 MiB, 137.91 W, 71
2026/09/15 05:53:33.573, 100 %, 5 %, 15838 MiB, 16384 MiB, 242.77 W, 73
2026/09/15 05:53:34.577, 100 %, 7 %, 15838 MiB, 16384 MiB, 119.87 W, 71
2026/09/15 05:53:35.579, 100 %, 57 %, 15838 MiB, 16384 MiB, 93.46 W, 70
2026/09/15 05:53:36.583, 100 %, 5 %, 15838 MiB, 16384 MiB, 123.15 W, 71
2026/09/15 05:53:37.585, 59 %, 53 %, 15838 MiB, 16384 MiB, 65.43 W, 70
2026/09/15 05:53:38.588, 77 %, 63 %, 15838 MiB, 16384 MiB, 135.69 W, 70
2026/09/15 05:53:39.590, 100 %, 67 %, 15838 MiB, 16384 MiB, 199.20 W, 70
2026/09/15 05:53:40.595, 100 %, 44 %, 15838 MiB, 16384 MiB, 244.65 W, 70
2026/09/15 05:53:41.600, 100 %, 29 %, 15838 MiB, 16384 MiB, 232.66 W, 73
2026/09/15 05:53:42.607, 100 %, 11 %, 15838 MiB, 16384 MiB, 185.76 W, 73
2026/09/15 05:53:43.613, 100 %, 0 %, 15838 MiB, 16384 MiB, 122.49 W, 73
2026/09/15 05:53:44.619, 100 %, 0 %, 15838 MiB, 16384 MiB, 125.60 W, 73
2026/09/15 05:53:45.623, 100 %, 0 %, 15838 MiB, 16384 MiB, 122.53 W, 74
2026/09/15 05:53:46.626, 100 %, 0 %, 15838 MiB, 16384 MiB, 122.44 W, 71
2026/09/15 05:53:47.629, 100 %, 1 %, 15838 MiB, 16384 MiB, 124.06 W, 70
2026/09/15 05:53:48.631, 85 %, 5 %, 15838 MiB, 16384 MiB, 119.26 W, 70
2026/09/15 05:53:49.633, 62 %, 5 %, 15838 MiB, 16384 MiB, 116.79 W, 70
2026/09/15 05:53:50.636, 51 %, 6 %, 15838 MiB, 16384 MiB, 144.08 W, 70
2026/09/15 05:53:51.638, 35 %, 6 %, 15838 MiB, 16384 MiB, 132.76 W, 70
2026/09/15 05:53:52.640, 15 %, 6 %, 15838 MiB, 16384 MiB, 110.05 W, 70
2026/09/15 05:53:53.643, 1 %, 2 %, 15838 MiB, 16384 MiB, 65.51 W, 70
2026/09/15 05:53:54.645, 1 %, 2 %, 15838 MiB, 16384 MiB, 66.06 W, 70
2026/09/15 05:53:55.648, 1 %, 2 %, 15838 MiB, 16384 MiB, 66.38 W, 70
2026/09/15 05:53:56.650, 1 %, 2 %, 15838 MiB, 16384 MiB, 66.57 W, 68
2026/09/15 05:53:57.653, 1 %, 2 %, 15838 MiB, 16384 MiB, 66.58 W, 68
2026/09/15 05:53:58.655, 1 %, 2 %, 15838 MiB, 16384 MiB, 66.35 W, 68
2026/09/15 05:53:59.657, 2 %, 3 %, 15838 MiB, 16384 MiB, 66.18 W, 68
2026/09/15 05:54:00.660, 2 %, 3 %, 15838 MiB, 16384 MiB, 66.13 W, 68
2026/09/15 05:54:01.663, 2 %, 3 %, 15838 MiB, 16384 MiB, 66.37 W, 68
2026/09/15 05:54:02.666, 2 %, 3 %, 15838 MiB, 16384 MiB, 66.10 W, 68
2026/09/15 05:54:03.669, 1 %, 2 %, 15838 MiB, 16384 MiB, 65.90 W, 68
2026/09/15 05:54:04.671, 2 %, 3 %, 15838 MiB, 16384 MiB, 66.00 W, 68
2026/09/15 05:54:05.673, 1 %, 2 %, 15838 MiB, 16384 MiB, 67.05 W, 68
2026/09/15 05:54:06.676, 1 %, 1 %, 15838 MiB, 16384 MiB, 66.27 W, 68
2026/09/15 05:54:07.678, 15 %, 14 %, 15838 MiB, 16384 MiB, 65.53 W, 69
2026/09/15 05:54:08.681, 23 %, 22 %, 15838 MiB, 16384 MiB, 63.31 W, 68
2026/09/15 05:54:09.683, 44 %, 41 %, 15838 MiB, 16384 MiB, 62.04 W, 69
2026/09/15 05:54:10.686, 50 %, 46 %, 15838 MiB, 16384 MiB, 61.46 W, 69
2026/09/15 05:54:11.690, 61 %, 55 %, 15838 MiB, 16384 MiB, 78.29 W, 69
2026/09/15 05:54:12.696, 72 %, 61 %, 15838 MiB, 16384 MiB, 113.13 W, 69
2026/09/15 05:54:13.701, 79 %, 67 %, 15838 MiB, 16384 MiB, 254.65 W, 69
2026/09/15 05:54:14.704, 100 %, 65 %, 15838 MiB, 16384 MiB, 223.44 W, 72
2026/09/15 05:54:15.708, 100 %, 0 %, 15838 MiB, 16384 MiB, 132.25 W, 72
2026/09/15 05:54:16.711, 100 %, 4 %, 15838 MiB, 16384 MiB, 124.64 W, 72
2026/09/15 05:54:17.713, 88 %, 5 %, 15838 MiB, 16384 MiB, 122.07 W, 73
2026/09/15 05:54:18.719, 77 %, 5 %, 15838 MiB, 16384 MiB, 122.00 W, 71
2026/09/15 05:54:19.722, 59 %, 6 %, 15838 MiB, 16384 MiB, 124.09 W, 70
2026/09/15 05:54:20.724, 44 %, 6 %, 15838 MiB, 16384 MiB, 121.59 W, 69
2026/09/15 05:54:21.726, 100 %, 7 %, 15838 MiB, 16384 MiB, 76.92 W, 68
2026/09/15 05:54:22.729, 100 %, 7 %, 15838 MiB, 16384 MiB, 72.24 W, 68
2026/09/15 05:54:23.731, 100 %, 7 %, 15838 MiB, 16384 MiB, 75.67 W, 67
2026/09/15 05:54:24.734, 100 %, 7 %, 15838 MiB, 16384 MiB, 83.22 W, 68
2026/09/15 05:54:25.736, 100 %, 7 %, 15838 MiB, 16384 MiB, 76.37 W, 67
2026/09/15 05:54:26.738, 100 %, 7 %, 15838 MiB, 16384 MiB, 73.42 W, 67
2026/09/15 05:54:27.741, 6 %, 4 %, 15838 MiB, 16384 MiB, 66.12 W, 67
2026/09/15 05:54:28.743, 6 %, 5 %, 15838 MiB, 16384 MiB, 64.84 W, 66
2026/09/15 05:54:29.746, 1 %, 2 %, 15838 MiB, 16384 MiB, 56.67 W, 65
2026/09/15 05:54:30.748, 1 %, 2 %, 15838 MiB, 16384 MiB, 50.90 W, 66
2026/09/15 05:54:31.751, 1 %, 2 %, 15838 MiB, 16384 MiB, 50.82 W, 65
2026/09/15 05:54:32.754, 5 %, 4 %, 15838 MiB, 16384 MiB, 50.50 W, 65
2026/09/15 05:54:33.756, 6 %, 4 %, 15838 MiB, 16384 MiB, 50.47 W, 64
2026/09/15 05:54:34.759, 2 %, 2 %, 15838 MiB, 16384 MiB, 52.16 W, 64
2026/09/15 05:54:35.762, 1 %, 3 %, 15838 MiB, 16384 MiB, 56.15 W, 64
2026/09/15 05:54:36.764, 1 %, 2 %, 15838 MiB, 16384 MiB, 50.32 W, 64
2026/09/15 05:54:37.767, 1 %, 2 %, 15838 MiB, 16384 MiB, 50.35 W, 64
2026/09/15 05:54:38.769, 1 %, 2 %, 15838 MiB, 16384 MiB, 50.52 W, 64
2026/09/15 05:54:39.772, 7 %, 4 %, 15838 MiB, 16384 MiB, 50.42 W, 63
2026/09/15 05:54:40.774, 7 %, 5 %, 15838 MiB, 16384 MiB, 49.78 W, 63
2026/09/15 05:54:41.777, 2 %, 3 %, 15838 MiB, 16384 MiB, 55.81 W, 63
2026/09/15 05:54:42.779, 1 %, 2 %, 15838 MiB, 16384 MiB, 50.02 W, 63
2026/09/15 05:54:43.784, 1 %, 2 %, 15838 MiB, 16384 MiB, 50.77 W, 62
2026/09/15 05:54:44.787, 1 %, 2 %, 15838 MiB, 16384 MiB, 50.38 W, 62
2026/09/15 05:54:45.791, 7 %, 5 %, 15838 MiB, 16384 MiB, 49.75 W, 62
2026/09/15 05:54:46.793, 7 %, 4 %, 15838 MiB, 16384 MiB, 49.90 W, 62
2026/09/15 05:54:47.796, 7 %, 5 %, 15838 MiB, 16384 MiB, 49.42 W, 62
2026/09/15 05:54:48.799, 1 %, 2 %, 15838 MiB, 16384 MiB, 55.05 W, 62
2026/09/15 05:54:49.802, 1 %, 2 %, 15838 MiB, 16384 MiB, 49.42 W, 61
2026/09/15 05:54:50.804, 100 %, 7 %, 15838 MiB, 16384 MiB, 71.33 W, 62
2026/09/15 05:54:51.806, 100 %, 9 %, 15838 MiB, 16384 MiB, 64.61 W, 62
2026/09/15 05:54:52.809, 100 %, 7 %, 15838 MiB, 16384 MiB, 71.23 W, 62
2026/09/15 05:54:53.811, 100 %, 7 %, 15838 MiB, 16384 MiB, 71.36 W, 62
2026/09/15 05:54:54.813, 100 %, 9 %, 15838 MiB, 16384 MiB, 64.86 W, 62
2026/09/15 05:54:55.816, 38 %, 5 %, 15838 MiB, 16384 MiB, 64.04 W, 62
2026/09/15 05:54:56.818, 4 %, 4 %, 15838 MiB, 16384 MiB, 62.79 W, 62
2026/09/15 05:54:57.820, 1 %, 2 %, 15838 MiB, 16384 MiB, 53.35 W, 61
2026/09/15 05:54:58.823, 1 %, 2 %, 15838 MiB, 16384 MiB, 49.47 W, 61
2026/09/15 05:54:59.825, 1 %, 2 %, 15838 MiB, 16384 MiB, 49.42 W, 61
2026/09/15 05:55:00.829, 4 %, 4 %, 15838 MiB, 16384 MiB, 49.31 W, 60
2026/09/15 05:55:01.831, 4 %, 5 %, 15838 MiB, 16384 MiB, 49.20 W, 60
2026/09/15 05:55:02.834, 4 %, 4 %, 15838 MiB, 16384 MiB, 49.19 W, 60
2026/09/15 05:55:03.836, 1 %, 2 %, 15838 MiB, 16384 MiB, 51.15 W, 60
2026/09/15 05:55:04.839, 2 %, 3 %, 15838 MiB, 16384 MiB, 53.30 W, 60
2026/09/15 05:55:05.841, 1 %, 2 %, 15838 MiB, 16384 MiB, 48.82 W, 60
2026/09/15 05:55:06.844, 1 %, 2 %, 15838 MiB, 16384 MiB, 49.09 W, 59
2026/09/15 05:55:07.846, 1 %, 2 %, 15838 MiB, 16384 MiB, 49.12 W, 59
2026/09/15 05:55:08.849, 4 %, 4 %, 15838 MiB, 16384 MiB, 49.26 W, 59
2026/09/15 05:55:09.851, 4 %, 4 %, 15838 MiB, 16384 MiB, 49.11 W, 59
2026/09/15 05:55:10.854, 3 %, 3 %, 15838 MiB, 16384 MiB, 48.53 W, 59
2026/09/15 05:55:11.857, 1 %, 2 %, 15838 MiB, 16384 MiB, 52.66 W, 59
2026/09/15 05:55:12.859, 2 %, 3 %, 15838 MiB, 16384 MiB, 48.77 W, 59
2026/09/15 05:55:13.862, 2 %, 3 %, 15838 MiB, 16384 MiB, 48.73 W, 59
2026/09/15 05:55:14.864, 1 %, 2 %, 15838 MiB, 16384 MiB, 48.84 W, 59
2026/09/15 05:55:15.867, 4 %, 5 %, 15838 MiB, 16384 MiB, 48.75 W, 58
2026/09/15 05:55:16.869, 4 %, 4 %, 15838 MiB, 16384 MiB, 48.74 W, 58
2026/09/15 05:55:17.872, 4 %, 4 %, 15838 MiB, 16384 MiB, 48.78 W, 58
2026/09/15 05:55:18.874, 100 %, 7 %, 15838 MiB, 16384 MiB, 69.36 W, 59
2026/09/15 05:55:19.876, 100 %, 9 %, 15838 MiB, 16384 MiB, 62.74 W, 59
2026/09/15 05:55:20.879, 100 %, 7 %, 15838 MiB, 16384 MiB, 69.40 W, 59
2026/09/15 05:55:21.881, 100 %, 7 %, 15838 MiB, 16384 MiB, 69.44 W, 59
2026/09/15 05:55:22.884, 100 %, 9 %, 15838 MiB, 16384 MiB, 64.26 W, 59
2026/09/15 05:55:23.886, 100 %, 7 %, 15838 MiB, 16384 MiB, 67.31 W, 59
2026/09/15 05:55:24.888, 1 %, 2 %, 15838 MiB, 16384 MiB, 62.92 W, 59
2026/09/15 05:55:25.891, 1 %, 2 %, 15838 MiB, 16384 MiB, 48.38 W, 58
2026/09/15 05:55:26.893, 4 %, 4 %, 15838 MiB, 16384 MiB, 48.27 W, 58
2026/09/15 05:55:27.896, 4 %, 4 %, 15838 MiB, 16384 MiB, 48.10 W, 58
2026/09/15 05:55:28.899, 1 %, 2 %, 15838 MiB, 16384 MiB, 51.17 W, 58
2026/09/15 05:55:29.902, 1 %, 2 %, 15838 MiB, 16384 MiB, 52.03 W, 58
2026/09/15 05:55:30.905, 1 %, 2 %, 15838 MiB, 16384 MiB, 48.18 W, 58
2026/09/15 05:55:31.909, 1 %, 2 %, 15838 MiB, 16384 MiB, 48.13 W, 58
2026/09/15 05:55:32.912, 1 %, 2 %, 15838 MiB, 16384 MiB, 48.21 W, 57
2026/09/15 05:55:33.916, 4 %, 5 %, 15838 MiB, 16384 MiB, 48.10 W, 57
2026/09/15 05:55:34.919, 4 %, 4 %, 15838 MiB, 16384 MiB, 48.24 W, 57
2026/09/15 05:55:35.921, 5 %, 5 %, 15838 MiB, 16384 MiB, 47.94 W, 57
2026/09/15 05:55:36.924, 2 %, 3 %, 15838 MiB, 16384 MiB, 51.49 W, 57
2026/09/15 05:55:37.927, 1 %, 2 %, 15838 MiB, 16384 MiB, 47.65 W, 57
2026/09/15 05:55:38.930, 1 %, 2 %, 15838 MiB, 16384 MiB, 47.60 W, 57
2026/09/15 05:55:39.932, 1 %, 2 %, 15838 MiB, 16384 MiB, 47.62 W, 57
2026/09/15 05:55:40.935, 4 %, 4 %, 15838 MiB, 16384 MiB, 47.54 W, 57
2026/09/15 05:55:41.938, 4 %, 4 %, 15838 MiB, 16384 MiB, 47.51 W, 57
2026/09/15 05:55:42.940, 4 %, 4 %, 15838 MiB, 16384 MiB, 47.24 W, 57
2026/09/15 05:55:43.943, 1 %, 2 %, 15838 MiB, 16384 MiB, 51.01 W, 57
2026/09/15 05:55:44.945, 1 %, 2 %, 15838 MiB, 16384 MiB, 51.96 W, 57
2026/09/15 05:55:45.948, 1 %, 2 %, 15838 MiB, 16384 MiB, 47.67 W, 57
2026/09/15 05:55:46.950, 100 %, 7 %, 15838 MiB, 16384 MiB, 65.44 W, 57
2026/09/15 05:55:47.952, 100 %, 7 %, 15838 MiB, 16384 MiB, 67.04 W, 58
2026/09/15 05:55:48.955, 100 %, 9 %, 15838 MiB, 16384 MiB, 67.15 W, 58
2026/09/15 05:55:49.957, 100 %, 7 %, 15838 MiB, 16384 MiB, 60.54 W, 58
2026/09/15 05:55:50.960, 100 %, 7 %, 15838 MiB, 16384 MiB, 67.26 W, 58
2026/09/15 05:55:51.962, 100 %, 9 %, 15838 MiB, 16384 MiB, 66.96 W, 58
2026/09/15 05:55:52.965, 4 %, 4 %, 15838 MiB, 16384 MiB, 59.13 W, 58
2026/09/15 05:55:53.967, 1 %, 2 %, 15838 MiB, 16384 MiB, 64.87 W, 58
2026/09/15 05:55:54.970, 1 %, 2 %, 15838 MiB, 16384 MiB, 47.64 W, 57
2026/09/15 05:55:55.972, 1 %, 2 %, 15838 MiB, 16384 MiB, 47.63 W, 57
2026/09/15 05:55:56.975, 4 %, 5 %, 15838 MiB, 16384 MiB, 47.44 W, 57
2026/09/15 05:55:57.977, 4 %, 4 %, 15838 MiB, 16384 MiB, 47.79 W, 57
2026/09/15 05:55:58.980, 4 %, 5 %, 15838 MiB, 16384 MiB, 47.38 W, 57
2026/09/15 05:55:59.982, 1 %, 2 %, 15838 MiB, 16384 MiB, 51.10 W, 56
2026/09/15 05:56:00.985, 2 %, 3 %, 15838 MiB, 16384 MiB, 51.19 W, 56
2026/09/15 05:56:01.988, 1 %, 2 %, 15838 MiB, 16384 MiB, 47.33 W, 57
2026/09/15 05:56:02.990, 1 %, 2 %, 15838 MiB, 16384 MiB, 47.38 W, 56
2026/09/15 05:56:03.993, 1 %, 3 %, 15838 MiB, 16384 MiB, 47.47 W, 56
2026/09/15 05:56:04.996, 5 %, 5 %, 15838 MiB, 16384 MiB, 47.96 W, 56
2026/09/15 05:56:06.000, 4 %, 4 %, 15838 MiB, 16384 MiB, 47.59 W, 56
2026/09/15 05:56:07.003, 4 %, 4 %, 15838 MiB, 16384 MiB, 47.07 W, 56
2026/09/15 05:56:08.006, 1 %, 2 %, 15838 MiB, 16384 MiB, 50.54 W, 56
2026/09/15 05:56:09.009, 1 %, 2 %, 15838 MiB, 16384 MiB, 47.22 W, 56
2026/09/15 05:56:10.012, 1 %, 2 %, 15838 MiB, 16384 MiB, 47.19 W, 56
2026/09/15 05:56:11.015, 2 %, 3 %, 15838 MiB, 16384 MiB, 47.02 W, 56
2026/09/15 05:56:12.019, 1 %, 2 %, 15838 MiB, 16384 MiB, 47.15 W, 56
2026/09/15 05:56:13.022, 4 %, 4 %, 15838 MiB, 16384 MiB, 46.87 W, 56
2026/09/15 05:56:14.025, 4 %, 4 %, 15838 MiB, 16384 MiB, 46.97 W, 56
2026/09/15 05:56:15.028, 4 %, 4 %, 15838 MiB, 16384 MiB, 47.36 W, 56
2026/09/15 05:56:16.031, 100 %, 7 %, 15838 MiB, 16384 MiB, 66.44 W, 57
2026/09/15 05:56:17.035, 100 %, 7 %, 15838 MiB, 16384 MiB, 66.63 W, 57
2026/09/15 05:56:18.039, 100 %, 9 %, 15838 MiB, 16384 MiB, 60.05 W, 57
2026/09/15 05:56:19.042, 100 %, 7 %, 15838 MiB, 16384 MiB, 66.82 W, 57
2026/09/15 05:56:20.045, 100 %, 7 %, 15838 MiB, 16384 MiB, 66.84 W, 57
2026/09/15 05:56:21.049, 1 %, 3 %, 15838 MiB, 16384 MiB, 59.56 W, 57
2026/09/15 05:56:22.052, 1 %, 2 %, 15838 MiB, 16384 MiB, 59.51 W, 57
2026/09/15 05:56:23.055, 4 %, 4 %, 15838 MiB, 16384 MiB, 47.23 W, 56
2026/09/15 05:56:24.059, 4 %, 4 %, 15838 MiB, 16384 MiB, 47.00 W, 56
2026/09/15 05:56:25.062, 1 %, 2 %, 15838 MiB, 16384 MiB, 50.53 W, 56
2026/09/15 05:56:26.066, 1 %, 2 %, 15838 MiB, 16384 MiB, 51.14 W, 56
2026/09/15 05:56:27.070, 1 %, 2 %, 15838 MiB, 16384 MiB, 47.25 W, 56
2026/09/15 05:56:28.073, 1 %, 3 %, 15838 MiB, 16384 MiB, 46.96 W, 56
2026/09/15 05:56:29.076, 1 %, 2 %, 15838 MiB, 16384 MiB, 46.94 W, 56
2026/09/15 05:56:30.078, 4 %, 4 %, 15838 MiB, 16384 MiB, 46.99 W, 56
2026/09/15 05:56:31.081, 4 %, 5 %, 15838 MiB, 16384 MiB, 46.96 W, 56
2026/09/15 05:56:32.084, 4 %, 4 %, 15838 MiB, 16384 MiB, 46.92 W, 56
2026/09/15 05:56:33.087, 2 %, 3 %, 15838 MiB, 16384 MiB, 50.72 W, 56
2026/09/15 05:56:34.090, 2 %, 3 %, 15838 MiB, 16384 MiB, 47.24 W, 56
2026/09/15 05:56:35.092, 1 %, 2 %, 15838 MiB, 16384 MiB, 47.30 W, 56
2026/09/15 05:56:36.095, 4 %, 4 %, 15838 MiB, 16384 MiB, 46.92 W, 56
2026/09/15 05:56:37.098, 4 %, 4 %, 15838 MiB, 16384 MiB, 47.04 W, 56
2026/09/15 05:56:38.100, 5 %, 5 %, 15838 MiB, 16384 MiB, 46.78 W, 56
2026/09/15 05:56:39.103, 1 %, 2 %, 15838 MiB, 16384 MiB, 50.13 W, 56
2026/09/15 05:56:40.107, 1 %, 2 %, 15838 MiB, 16384 MiB, 46.63 W, 56
2026/09/15 05:56:41.109, 1 %, 3 %, 15838 MiB, 16384 MiB, 47.11 W, 55
2026/09/15 05:56:42.112, 1 %, 2 %, 15838 MiB, 16384 MiB, 47.19 W, 55
2026/09/15 05:56:43.115, 1 %, 2 %, 15838 MiB, 16384 MiB, 47.27 W, 55
2026/09/15 05:56:44.119, 100 %, 7 %, 15838 MiB, 16384 MiB, 66.66 W, 56
2026/09/15 05:56:45.122, 100 %, 9 %, 15838 MiB, 16384 MiB, 66.78 W, 56
2026/09/15 05:56:46.126, 100 %, 7 %, 15838 MiB, 16384 MiB, 61.58 W, 57
2026/09/15 05:56:47.129, 100 %, 7 %, 15838 MiB, 16384 MiB, 67.86 W, 57
2026/09/15 05:56:48.132, 100 %, 9 %, 15838 MiB, 16384 MiB, 66.80 W, 57
2026/09/15 05:56:49.136, 100 %, 7 %, 15838 MiB, 16384 MiB, 58.23 W, 57
2026/09/15 05:56:50.139, 1 %, 2 %, 15838 MiB, 16384 MiB, 59.77 W, 57
2026/09/15 05:56:51.142, 1 %, 2 %, 15838 MiB, 16384 MiB, 47.17 W, 56
2026/09/15 05:56:52.145, 4 %, 4 %, 15838 MiB, 16384 MiB, 47.02 W, 56
2026/09/15 05:56:53.149, 4 %, 4 %, 15838 MiB, 16384 MiB, 46.89 W, 56
2026/09/15 05:56:54.152, 4 %, 5 %, 15838 MiB, 16384 MiB, 46.43 W, 56
2026/09/15 05:56:55.155, 1 %, 2 %, 15838 MiB, 16384 MiB, 50.69 W, 56
2026/09/15 05:56:56.158, 1 %, 2 %, 15838 MiB, 16384 MiB, 47.16 W, 56
2026/09/15 05:56:57.162, 1 %, 2 %, 15838 MiB, 16384 MiB, 47.05 W, 56
2026/09/15 05:56:58.165, 2 %, 3 %, 15838 MiB, 16384 MiB, 46.99 W, 56
2026/09/15 05:56:59.168, 4 %, 4 %, 15838 MiB, 16384 MiB, 46.99 W, 56
2026/09/15 05:57:00.171, 4 %, 4 %, 15838 MiB, 16384 MiB, 46.79 W, 56
2026/09/15 05:57:01.174, 5 %, 5 %, 15838 MiB, 16384 MiB, 46.87 W, 56
2026/09/15 05:57:02.178, 2 %, 3 %, 15838 MiB, 16384 MiB, 50.52 W, 56
2026/09/15 05:57:03.181, 1 %, 2 %, 15838 MiB, 16384 MiB, 49.40 W, 56
2026/09/15 05:57:04.185, 1 %, 2 %, 15838 MiB, 16384 MiB, 46.99 W, 56
2026/09/15 05:57:05.189, 1 %, 2 %, 15838 MiB, 16384 MiB, 47.30 W, 56
2026/09/15 05:57:06.192, 1 %, 2 %, 15838 MiB, 16384 MiB, 47.61 W, 55
2026/09/15 05:57:07.196, 4 %, 5 %, 15838 MiB, 16384 MiB, 47.06 W, 55
2026/09/15 05:57:08.199, 4 %, 4 %, 15838 MiB, 16384 MiB, 46.94 W, 55
2026/09/15 05:57:09.202, 4 %, 5 %, 15838 MiB, 16384 MiB, 47.22 W, 55
2026/09/15 05:57:10.206, 1 %, 2 %, 15838 MiB, 16384 MiB, 46.85 W, 55
2026/09/15 05:57:11.209, 1 %, 2 %, 15838 MiB, 16384 MiB, 50.39 W, 55
2026/09/15 05:57:12.212, 100 %, 6 %, 15838 MiB, 16384 MiB, 66.01 W, 56
2026/09/15 05:57:13.216, 100 %, 8 %, 15838 MiB, 16384 MiB, 66.18 W, 56
2026/09/15 05:57:14.218, 100 %, 9 %, 15838 MiB, 16384 MiB, 60.11 W, 56
2026/09/15 05:57:15.220, 100 %, 6 %, 15838 MiB, 16384 MiB, 65.89 W, 56
2026/09/15 05:57:16.223, 100 %, 6 %, 15838 MiB, 16384 MiB, 66.20 W, 56
2026/09/15 05:57:17.226, 100 %, 9 %, 15838 MiB, 16384 MiB, 65.94 W, 57
2026/09/15 05:57:18.228, 4 %, 4 %, 15838 MiB, 16384 MiB, 59.33 W, 56
2026/09/15 05:57:19.230, 4 %, 4 %, 15838 MiB, 16384 MiB, 47.16 W, 56
2026/09/15 05:57:20.233, 2 %, 2 %, 15838 MiB, 16384 MiB, 46.60 W, 56
2026/09/15 05:57:21.236, 1 %, 2 %, 15838 MiB, 16384 MiB, 49.98 W, 56
2026/09/15 05:57:22.238, 1 %, 2 %, 15838 MiB, 16384 MiB, 46.91 W, 56
2026/09/15 05:57:23.241, 1 %, 2 %, 15838 MiB, 16384 MiB, 47.24 W, 56
2026/09/15 05:57:24.243, 1 %, 2 %, 15838 MiB, 16384 MiB, 47.21 W, 56
2026/09/15 05:57:25.246, 1 %, 2 %, 15838 MiB, 16384 MiB, 47.54 W, 56
2026/09/15 05:57:26.249, 4 %, 5 %, 15838 MiB, 16384 MiB, 47.93 W, 55
2026/09/15 05:57:27.251, 4 %, 4 %, 15838 MiB, 16384 MiB, 47.29 W, 56
2026/09/15 05:57:28.254, 4 %, 4 %, 15838 MiB, 16384 MiB, 47.18 W, 55
2026/09/15 05:57:29.256, 2 %, 3 %, 15838 MiB, 16384 MiB, 46.59 W, 55
2026/09/15 05:57:30.259, 2 %, 3 %, 15838 MiB, 16384 MiB, 50.52 W, 55
2026/09/15 05:57:31.261, 1 %, 2 %, 15838 MiB, 16384 MiB, 46.94 W, 56
2026/09/15 05:57:32.264, 1 %, 2 %, 15838 MiB, 16384 MiB, 47.19 W, 55
2026/09/15 05:57:33.267, 1 %, 2 %, 15838 MiB, 16384 MiB, 47.30 W, 55
2026/09/15 05:57:34.269, 4 %, 4 %, 15838 MiB, 16384 MiB, 47.36 W, 55
2026/09/15 05:57:35.272, 4 %, 4 %, 15838 MiB, 16384 MiB, 47.27 W, 55
2026/09/15 05:57:36.275, 4 %, 4 %, 15838 MiB, 16384 MiB, 47.22 W, 55
2026/09/15 05:57:37.278, 1 %, 2 %, 15838 MiB, 16384 MiB, 46.83 W, 55
2026/09/15 05:57:38.281, 1 %, 2 %, 15838 MiB, 16384 MiB, 50.45 W, 55
2026/09/15 05:57:39.284, 1 %, 2 %, 15838 MiB, 16384 MiB, 50.85 W, 55
2026/09/15 05:57:40.287, 100 %, 6 %, 15838 MiB, 16384 MiB, 167.71 W, 57
2026/09/15 05:57:41.290, 100 %, 44 %, 15838 MiB, 16384 MiB, 97.25 W, 58
2026/09/15 05:57:42.292, 100 %, 16 %, 15838 MiB, 16384 MiB, 115.62 W, 62
2026/09/15 05:57:43.296, 100 %, 4 %, 15838 MiB, 16384 MiB, 183.43 W, 59
2026/09/15 05:57:44.298, 100 %, 46 %, 15838 MiB, 16384 MiB, 93.66 W, 60
2026/09/15 05:57:45.300, 100 %, 17 %, 15838 MiB, 16384 MiB, 118.58 W, 60
2026/09/15 05:57:46.303, 100 %, 5 %, 15838 MiB, 16384 MiB, 221.64 W, 62
2026/09/15 05:57:47.305, 100 %, 45 %, 15838 MiB, 16384 MiB, 132.88 W, 60
2026/09/15 05:57:48.309, 100 %, 23 %, 15838 MiB, 16384 MiB, 111.42 W, 61
2026/09/15 05:57:49.311, 100 %, 5 %, 15838 MiB, 16384 MiB, 143.55 W, 64
2026/09/15 05:57:50.314, 100 %, 46 %, 15838 MiB, 16384 MiB, 150.53 W, 61
2026/09/15 05:57:51.316, 100 %, 26 %, 15838 MiB, 16384 MiB, 103.96 W, 62
2026/09/15 05:57:52.321, 100 %, 5 %, 15838 MiB, 16384 MiB, 118.51 W, 65
2026/09/15 05:57:53.327, 100 %, 39 %, 15838 MiB, 16384 MiB, 183.44 W, 62
2026/09/15 05:57:54.329, 100 %, 32 %, 15838 MiB, 16384 MiB, 95.58 W, 63
2026/09/15 05:57:55.332, 100 %, 5 %, 15838 MiB, 16384 MiB, 120.09 W, 67
2026/09/15 05:57:56.336, 100 %, 37 %, 15838 MiB, 16384 MiB, 221.53 W, 63
2026/09/15 05:57:57.338, 33 %, 26 %, 15838 MiB, 16384 MiB, 60.44 W, 62
2026/09/15 05:57:58.341, 1 %, 2 %, 15838 MiB, 16384 MiB, 62.80 W, 62
2026/09/15 05:57:59.343, 1 %, 2 %, 15838 MiB, 16384 MiB, 63.58 W, 62
2026/09/15 05:58:00.346, 51 %, 5 %, 15838 MiB, 16384 MiB, 122.64 W, 64
2026/09/15 05:58:01.348, 100 %, 45 %, 15838 MiB, 16384 MiB, 168.50 W, 63
2026/09/15 05:58:02.350, 10 %, 9 %, 15838 MiB, 16384 MiB, 62.26 W, 62
2026/09/15 05:58:03.353, 1 %, 2 %, 15838 MiB, 16384 MiB, 63.28 W, 62
2026/09/15 05:58:04.355, 14 %, 6 %, 15838 MiB, 16384 MiB, 123.64 W, 64
2026/09/15 05:58:05.358, 100 %, 11 %, 15838 MiB, 16384 MiB, 236.69 W, 67
2026/09/15 05:58:06.362, 55 %, 36 %, 15838 MiB, 16384 MiB, 59.90 W, 63
2026/09/15 05:58:07.367, 1 %, 2 %, 15838 MiB, 16384 MiB, 64.83 W, 63
2026/09/15 05:58:08.369, 1 %, 2 %, 15838 MiB, 16384 MiB, 65.19 W, 63
2026/09/15 05:58:09.371, 54 %, 4 %, 15838 MiB, 16384 MiB, 123.47 W, 65
2026/09/15 05:58:10.374, 100 %, 41 %, 15838 MiB, 16384 MiB, 168.84 W, 65
2026/09/15 05:58:11.377, 16 %, 11 %, 15838 MiB, 16384 MiB, 56.57 W, 63
2026/09/15 05:58:12.380, 1 %, 2 %, 15838 MiB, 16384 MiB, 63.66 W, 63
2026/09/15 05:58:13.382, 5 %, 4 %, 15838 MiB, 16384 MiB, 64.16 W, 65
2026/09/15 05:58:14.385, 85 %, 5 %, 15838 MiB, 16384 MiB, 93.82 W, 66
2026/09/15 05:58:15.387, 74 %, 45 %, 15838 MiB, 16384 MiB, 248.53 W, 65
2026/09/15 05:58:16.391, 1 %, 2 %, 15838 MiB, 16384 MiB, 62.65 W, 64
2026/09/15 05:58:17.393, 1 %, 2 %, 15838 MiB, 16384 MiB, 64.05 W, 64
2026/09/15 05:58:18.397, 44 %, 5 %, 15838 MiB, 16384 MiB, 102.89 W, 65
2026/09/15 05:58:19.399, 100 %, 39 %, 15838 MiB, 16384 MiB, 182.86 W, 68
2026/09/15 05:58:20.402, 16 %, 11 %, 15838 MiB, 16384 MiB, 58.02 W, 64
2026/09/15 05:58:21.405, 1 %, 2 %, 15838 MiB, 16384 MiB, 64.35 W, 64
2026/09/15 05:58:22.408, 1 %, 3 %, 15838 MiB, 16384 MiB, 55.94 W, 64
2026/09/15 05:58:23.410, 1 %, 2 %, 15838 MiB, 16384 MiB, 135.24 W, 66
2026/09/15 05:58:24.412, 67 %, 4 %, 15838 MiB, 16384 MiB, 258.21 W, 66
2026/09/15 05:58:25.415, 84 %, 37 %, 15838 MiB, 16384 MiB, 62.41 W, 65
2026/09/15 05:58:26.417, 1 %, 2 %, 15838 MiB, 16384 MiB, 64.48 W, 65
2026/09/15 05:58:27.419, 1 %, 2 %, 15838 MiB, 16384 MiB, 99.65 W, 66
2026/09/15 05:58:28.423, 19 %, 5 %, 15838 MiB, 16384 MiB, 131.63 W, 69
2026/09/15 05:58:29.426, 100 %, 20 %, 15838 MiB, 16384 MiB, 97.30 W, 65
2026/09/15 05:58:30.428, 42 %, 35 %, 15838 MiB, 16384 MiB, 56.32 W, 65
2026/09/15 05:58:31.430, 100 %, 7 %, 15838 MiB, 16384 MiB, 66.11 W, 65
2026/09/15 05:58:32.434, 100 %, 10 %, 15838 MiB, 16384 MiB, 72.40 W, 65
2026/09/15 05:58:33.437, 100 %, 7 %, 15838 MiB, 16384 MiB, 65.47 W, 65
2026/09/15 05:58:34.439, 100 %, 7 %, 15838 MiB, 16384 MiB, 72.34 W, 65
2026/09/15 05:58:35.441, 100 %, 9 %, 15838 MiB, 16384 MiB, 72.14 W, 65
2026/09/15 05:58:36.444, 100 %, 7 %, 15838 MiB, 16384 MiB, 65.19 W, 64
2026/09/15 05:58:37.447, 1 %, 2 %, 15838 MiB, 16384 MiB, 70.23 W, 64
2026/09/15 05:58:38.450, 1 %, 2 %, 15838 MiB, 16384 MiB, 63.88 W, 65
2026/09/15 05:58:39.454, 1 %, 2 %, 15838 MiB, 16384 MiB, 49.87 W, 63
2026/09/15 05:58:40.457, 5 %, 4 %, 15838 MiB, 16384 MiB, 49.88 W, 63
2026/09/15 05:58:41.461, 5 %, 4 %, 15838 MiB, 16384 MiB, 49.92 W, 63
2026/09/15 05:58:42.465, 5 %, 5 %, 15838 MiB, 16384 MiB, 49.89 W, 63
2026/09/15 05:58:43.468, 1 %, 2 %, 15838 MiB, 16384 MiB, 49.23 W, 63
2026/09/15 05:58:44.471, 1 %, 2 %, 15838 MiB, 16384 MiB, 53.47 W, 63
2026/09/15 05:58:45.473, 2 %, 3 %, 15838 MiB, 16384 MiB, 49.49 W, 63
2026/09/15 05:58:46.476, 1 %, 2 %, 15838 MiB, 16384 MiB, 49.60 W, 62
2026/09/15 05:58:47.479, 1 %, 3 %, 15838 MiB, 16384 MiB, 50.20 W, 62
2026/09/15 05:58:48.481, 5 %, 4 %, 15838 MiB, 16384 MiB, 50.30 W, 62
2026/09/15 05:58:49.484, 5 %, 5 %, 15838 MiB, 16384 MiB, 49.77 W, 62
2026/09/15 05:58:50.487, 6 %, 5 %, 15838 MiB, 16384 MiB, 49.26 W, 62
2026/09/15 05:58:51.489, 2 %, 3 %, 15838 MiB, 16384 MiB, 53.72 W, 62
2026/09/15 05:58:52.492, 1 %, 2 %, 15838 MiB, 16384 MiB, 53.49 W, 62
2026/09/15 05:58:53.495, 1 %, 2 %, 15838 MiB, 16384 MiB, 49.56 W, 61
2026/09/15 05:58:54.497, 1 %, 2 %, 15838 MiB, 16384 MiB, 49.53 W, 61
2026/09/15 05:58:55.500, 1 %, 2 %, 15838 MiB, 16384 MiB, 49.41 W, 61
2026/09/15 05:58:56.502, 5 %, 4 %, 15838 MiB, 16384 MiB, 49.64 W, 61
2026/09/15 05:58:57.505, 5 %, 4 %, 15838 MiB, 16384 MiB, 49.49 W, 61
2026/09/15 05:58:58.507, 1 %, 2 %, 15838 MiB, 16384 MiB, 49.39 W, 61
2026/09/15 05:58:59.510, 1 %, 2 %, 15838 MiB, 16384 MiB, 58.99 W, 61
2026/09/15 05:59:00.513, 100 %, 11 %, 15838 MiB, 16384 MiB, 67.14 W, 62
2026/09/15 05:59:01.515, 100 %, 6 %, 15838 MiB, 16384 MiB, 65.07 W, 62
2026/09/15 05:59:02.518, 100 %, 6 %, 15838 MiB, 16384 MiB, 70.88 W, 62
2026/09/15 05:59:03.521, 100 %, 9 %, 15838 MiB, 16384 MiB, 70.89 W, 62
2026/09/15 05:59:04.524, 100 %, 6 %, 15838 MiB, 16384 MiB, 65.29 W, 62
2026/09/15 05:59:05.527, 1 %, 2 %, 15838 MiB, 16384 MiB, 64.53 W, 61
2026/09/15 05:59:06.530, 4 %, 4 %, 15838 MiB, 16384 MiB, 64.54 W, 61
2026/09/15 05:59:07.533, 3 %, 4 %, 15838 MiB, 16384 MiB, 49.89 W, 60
2026/09/15 05:59:08.537, 1 %, 2 %, 15838 MiB, 16384 MiB, 49.53 W, 60
2026/09/15 05:59:09.540, 1 %, 2 %, 15838 MiB, 16384 MiB, 51.77 W, 60
2026/09/15 05:59:10.543, 1 %, 2 %, 15838 MiB, 16384 MiB, 48.74 W, 60
2026/09/15 05:59:11.546, 1 %, 2 %, 15838 MiB, 16384 MiB, 48.87 W, 60
2026/09/15 05:59:12.550, 1 %, 2 %, 15838 MiB, 16384 MiB, 48.80 W, 60
2026/09/15 05:59:13.553, 4 %, 5 %, 15838 MiB, 16384 MiB, 48.75 W, 60
2026/09/15 05:59:14.556, 3 %, 4 %, 15838 MiB, 16384 MiB, 48.69 W, 60
2026/09/15 05:59:15.559, 4 %, 5 %, 15838 MiB, 16384 MiB, 48.79 W, 60
2026/09/15 05:59:16.562, 1 %, 2 %, 15838 MiB, 16384 MiB, 48.20 W, 59
2026/09/15 05:59:17.565, 2 %, 3 %, 15838 MiB, 16384 MiB, 51.99 W, 59
2026/09/15 05:59:18.569, 2 %, 3 %, 15838 MiB, 16384 MiB, 48.99 W, 59
2026/09/15 05:59:19.572, 1 %, 3 %, 15838 MiB, 16384 MiB, 48.85 W, 59
2026/09/15 05:59:20.575, 3 %, 4 %, 15838 MiB, 16384 MiB, 48.82 W, 59
2026/09/15 05:59:21.578, 4 %, 4 %, 15838 MiB, 16384 MiB, 48.54 W, 59
2026/09/15 05:59:22.582, 4 %, 4 %, 15838 MiB, 16384 MiB, 48.47 W, 59
2026/09/15 05:59:23.585, 2 %, 2 %, 15838 MiB, 16384 MiB, 48.54 W, 59
2026/09/15 05:59:24.588, 1 %, 2 %, 15838 MiB, 16384 MiB, 51.52 W, 59
2026/09/15 05:59:25.591, 1 %, 3 %, 15838 MiB, 16384 MiB, 51.63 W, 59
2026/09/15 05:59:26.595, 1 %, 2 %, 15838 MiB, 16384 MiB, 48.38 W, 59
2026/09/15 05:59:27.598, 1 %, 3 %, 15838 MiB, 16384 MiB, 48.94 W, 58
2026/09/15 05:59:28.601, 100 %, 0 %, 15838 MiB, 16384 MiB, 187.52 W, 61
2026/09/15 05:59:29.604, 100 %, 30 %, 15838 MiB, 16384 MiB, 96.40 W, 62
2026/09/15 05:59:30.606, 100 %, 17 %, 15838 MiB, 16384 MiB, 123.79 W, 62
2026/09/15 05:59:31.608, 100 %, 3 %, 15838 MiB, 16384 MiB, 123.86 W, 62
2026/09/15 05:59:32.610, 100 %, 0 %, 15838 MiB, 16384 MiB, 123.91 W, 63
2026/09/15 05:59:33.613, 100 %, 0 %, 15838 MiB, 16384 MiB, 124.12 W, 63
2026/09/15 05:59:34.615, 100 %, 0 %, 15838 MiB, 16384 MiB, 124.40 W, 64
2026/09/15 05:59:35.618, 100 %, 28 %, 15838 MiB, 16384 MiB, 130.56 W, 63
2026/09/15 05:59:36.621, 100 %, 24 %, 15838 MiB, 16384 MiB, 108.17 W, 64
2026/09/15 05:59:37.623, 100 %, 4 %, 15838 MiB, 16384 MiB, 124.44 W, 64
2026/09/15 05:59:38.625, 100 %, 0 %, 15838 MiB, 16384 MiB, 124.69 W, 64
2026/09/15 05:59:39.627, 100 %, 0 %, 15838 MiB, 16384 MiB, 123.72 W, 64
2026/09/15 05:59:40.630, 100 %, 0 %, 15838 MiB, 16384 MiB, 123.88 W, 68
2026/09/15 05:59:41.634, 100 %, 24 %, 15838 MiB, 16384 MiB, 195.85 W, 64
2026/09/15 05:59:42.636, 100 %, 33 %, 15838 MiB, 16384 MiB, 94.32 W, 65
2026/09/15 05:59:43.638, 100 %, 4 %, 15838 MiB, 16384 MiB, 121.17 W, 65
2026/09/15 05:59:44.641, 100 %, 0 %, 15838 MiB, 16384 MiB, 121.95 W, 65
2026/09/15 05:59:45.643, 100 %, 0 %, 15838 MiB, 16384 MiB, 124.26 W, 65
2026/09/15 05:59:46.646, 100 %, 0 %, 15838 MiB, 16384 MiB, 124.69 W, 66
2026/09/15 05:59:47.648, 100 %, 5 %, 15838 MiB, 16384 MiB, 239.84 W, 66
2026/09/15 05:59:48.650, 100 %, 26 %, 15838 MiB, 16384 MiB, 63.87 W, 66
2026/09/15 05:59:49.655, 100 %, 5 %, 15838 MiB, 16384 MiB, 121.60 W, 66
2026/09/15 05:59:50.657, 100 %, 1 %, 15838 MiB, 16384 MiB, 122.49 W, 66
2026/09/15 05:59:51.660, 100 %, 1 %, 15838 MiB, 16384 MiB, 125.00 W, 67
2026/09/15 05:59:52.662, 100 %, 0 %, 15838 MiB, 16384 MiB, 125.48 W, 67
2026/09/15 05:59:53.665, 100 %, 0 %, 15838 MiB, 16384 MiB, 187.76 W, 70
2026/09/15 05:59:54.667, 100 %, 26 %, 15838 MiB, 16384 MiB, 79.50 W, 66
2026/09/15 05:59:55.670, 100 %, 14 %, 15838 MiB, 16384 MiB, 127.04 W, 67
2026/09/15 05:59:56.672, 100 %, 3 %, 15838 MiB, 16384 MiB, 122.91 W, 67
2026/09/15 05:59:57.674, 100 %, 0 %, 15838 MiB, 16384 MiB, 124.48 W, 68
2026/09/15 05:59:58.677, 100 %, 0 %, 15838 MiB, 16384 MiB, 126.10 W, 68
2026/09/15 05:59:59.679, 100 %, 0 %, 15838 MiB, 16384 MiB, 126.48 W, 68
2026/09/15 06:00:00.681, 100 %, 27 %, 15838 MiB, 16384 MiB, 160.17 W, 68
2026/09/15 06:00:01.686, 100 %, 0 %, 15838 MiB, 16384 MiB, 126.35 W, 68
2026/09/15 06:00:02.688, 89 %, 3 %, 15838 MiB, 16384 MiB, 113.29 W, 68
2026/09/15 06:00:03.690, 1 %, 2 %, 15838 MiB, 16384 MiB, 65.83 W, 66
2026/09/15 06:00:04.693, 7 %, 6 %, 15838 MiB, 16384 MiB, 62.19 W, 67
2026/09/15 06:00:05.695, 100 %, 0 %, 15838 MiB, 16384 MiB, 126.55 W, 72
2026/09/15 06:00:06.698, 100 %, 0 %, 15838 MiB, 16384 MiB, 126.54 W, 68
2026/09/15 06:00:07.700, 42 %, 3 %, 15838 MiB, 16384 MiB, 106.55 W, 68
2026/09/15 06:00:08.703, 1 %, 2 %, 15838 MiB, 16384 MiB, 66.45 W, 67
2026/09/15 06:00:09.706, 44 %, 27 %, 15838 MiB, 16384 MiB, 101.68 W, 67
2026/09/15 06:00:10.709, 100 %, 0 %, 15838 MiB, 16384 MiB, 126.58 W, 69
2026/09/15 06:00:11.712, 100 %, 0 %, 15838 MiB, 16384 MiB, 126.75 W, 69
2026/09/15 06:00:12.715, 22 %, 4 %, 15838 MiB, 16384 MiB, 66.96 W, 68
2026/09/15 06:00:13.717, 1 %, 2 %, 15838 MiB, 16384 MiB, 65.69 W, 67
2026/09/15 06:00:14.720, 79 %, 30 %, 15838 MiB, 16384 MiB, 243.73 W, 68
2026/09/15 06:00:15.722, 100 %, 0 %, 15838 MiB, 16384 MiB, 127.19 W, 69
2026/09/15 06:00:16.725, 100 %, 0 %, 15838 MiB, 16384 MiB, 126.02 W, 69
2026/09/15 06:00:17.727, 1 %, 2 %, 15838 MiB, 16384 MiB, 65.88 W, 69
2026/09/15 06:00:18.729, 1 %, 2 %, 15838 MiB, 16384 MiB, 64.74 W, 67
2026/09/15 06:00:19.732, 98 %, 30 %, 15838 MiB, 16384 MiB, 214.17 W, 69
2026/09/15 06:00:20.737, 100 %, 0 %, 15838 MiB, 16384 MiB, 127.24 W, 69
2026/09/15 06:00:21.740, 98 %, 3 %, 15838 MiB, 16384 MiB, 125.45 W, 69
2026/09/15 06:00:22.743, 1 %, 2 %, 15838 MiB, 16384 MiB, 65.93 W, 67
2026/09/15 06:00:23.745, 1 %, 2 %, 15838 MiB, 16384 MiB, 63.45 W, 68
2026/09/15 06:00:24.748, 100 %, 7 %, 15838 MiB, 16384 MiB, 127.01 W, 73
2026/09/15 06:00:25.750, 100 %, 0 %, 15838 MiB, 16384 MiB, 127.27 W, 69
2026/09/15 06:00:26.753, 64 %, 3 %, 15838 MiB, 16384 MiB, 133.68 W, 69
2026/09/15 06:00:27.755, 2 %, 3 %, 15838 MiB, 16384 MiB, 66.31 W, 67
2026/09/15 06:00:28.757, 29 %, 19 %, 15838 MiB, 16384 MiB, 59.39 W, 68
2026/09/15 06:00:29.760, 100 %, 0 %, 15838 MiB, 16384 MiB, 127.56 W, 69
2026/09/15 06:00:30.762, 100 %, 0 %, 15838 MiB, 16384 MiB, 127.50 W, 69
2026/09/15 06:00:31.764, 39 %, 4 %, 15838 MiB, 16384 MiB, 104.39 W, 69
2026/09/15 06:00:32.766, 1 %, 2 %, 15838 MiB, 16384 MiB, 66.31 W, 68
2026/09/15 06:00:33.769, 100 %, 0 %, 15838 MiB, 16384 MiB, 145.52 W, 68
2026/09/15 06:00:34.772, 100 %, 0 %, 15838 MiB, 16384 MiB, 127.65 W, 69
2026/09/15 06:00:35.774, 39 %, 3 %, 15838 MiB, 16384 MiB, 127.70 W, 69
2026/09/15 06:00:36.777, 1 %, 2 %, 15838 MiB, 16384 MiB, 66.26 W, 69
2026/09/15 06:00:37.779, 50 %, 27 %, 15838 MiB, 16384 MiB, 66.22 W, 68
2026/09/15 06:00:38.782, 100 %, 0 %, 15838 MiB, 16384 MiB, 231.17 W, 69
2026/09/15 06:00:39.784, 100 %, 0 %, 15838 MiB, 16384 MiB, 127.42 W, 69
2026/09/15 06:00:40.787, 27 %, 4 %, 15838 MiB, 16384 MiB, 126.89 W, 69
2026/09/15 06:00:41.789, 1 %, 2 %, 15838 MiB, 16384 MiB, 66.59 W, 68
2026/09/15 06:00:42.792, 62 %, 24 %, 15838 MiB, 16384 MiB, 65.71 W, 68
2026/09/15 06:00:43.795, 100 %, 0 %, 15838 MiB, 16384 MiB, 218.05 W, 72
2026/09/15 06:00:44.802, 100 %, 0 %, 15838 MiB, 16384 MiB, 127.47 W, 70
2026/09/15 06:00:45.804, 1 %, 2 %, 15838 MiB, 16384 MiB, 126.40 W, 69
2026/09/15 06:00:46.807, 2 %, 3 %, 15838 MiB, 16384 MiB, 66.14 W, 68
2026/09/15 06:00:47.809, 91 %, 31 %, 15838 MiB, 16384 MiB, 64.44 W, 68
2026/09/15 06:00:48.811, 100 %, 0 %, 15838 MiB, 16384 MiB, 161.92 W, 73
2026/09/15 06:00:49.815, 100 %, 0 %, 15838 MiB, 16384 MiB, 127.47 W, 70
2026/09/15 06:00:50.817, 1 %, 2 %, 15838 MiB, 16384 MiB, 126.46 W, 69
2026/09/15 06:00:51.819, 1 %, 2 %, 15838 MiB, 16384 MiB, 67.85 W, 68
2026/09/15 06:00:52.823, 98 %, 28 %, 15838 MiB, 16384 MiB, 97.71 W, 68
2026/09/15 06:00:53.825, 100 %, 0 %, 15838 MiB, 16384 MiB, 128.45 W, 70
2026/09/15 06:00:54.828, 100 %, 7 %, 15838 MiB, 16384 MiB, 73.48 W, 68
2026/09/15 06:00:55.830, 100 %, 9 %, 15838 MiB, 16384 MiB, 66.45 W, 68
2026/09/15 06:00:56.833, 100 %, 7 %, 15838 MiB, 16384 MiB, 72.72 W, 68
2026/09/15 06:00:57.835, 100 %, 6 %, 15838 MiB, 16384 MiB, 72.48 W, 67
2026/09/15 06:00:58.837, 100 %, 6 %, 15838 MiB, 16384 MiB, 66.37 W, 67
2026/09/15 06:00:59.840, 90 %, 9 %, 15838 MiB, 16384 MiB, 70.79 W, 67
2026/09/15 06:01:00.842, 1 %, 2 %, 15838 MiB, 16384 MiB, 65.46 W, 67
2026/09/15 06:01:01.845, 1 %, 2 %, 15838 MiB, 16384 MiB, 50.50 W, 66
2026/09/15 06:01:02.847, 1 %, 2 %, 15838 MiB, 16384 MiB, 50.47 W, 65
2026/09/15 06:01:03.850, 1 %, 2 %, 15838 MiB, 16384 MiB, 50.47 W, 65
2026/09/15 06:01:04.853, 4 %, 4 %, 15838 MiB, 16384 MiB, 50.15 W, 65
2026/09/15 06:01:05.855, 4 %, 4 %, 15838 MiB, 16384 MiB, 50.46 W, 65
2026/09/15 06:01:06.858, 4 %, 5 %, 15838 MiB, 16384 MiB, 53.83 W, 65
2026/09/15 06:01:07.860, 1 %, 2 %, 15838 MiB, 16384 MiB, 53.73 W, 64
2026/09/15 06:01:08.863, 1 %, 3 %, 15838 MiB, 16384 MiB, 50.24 W, 64
2026/09/15 06:01:09.865, 1 %, 2 %, 15838 MiB, 16384 MiB, 51.05 W, 64
2026/09/15 06:01:10.868, 1 %, 2 %, 15838 MiB, 16384 MiB, 50.75 W, 64
2026/09/15 06:01:11.870, 1 %, 2 %, 15838 MiB, 16384 MiB, 49.99 W, 64
2026/09/15 06:01:12.873, 4 %, 4 %, 15838 MiB, 16384 MiB, 50.01 W, 64
2026/09/15 06:01:13.878, 4 %, 4 %, 15838 MiB, 16384 MiB, 49.61 W, 63
2026/09/15 06:01:14.881, 1 %, 2 %, 15838 MiB, 16384 MiB, 53.12 W, 63
2026/09/15 06:01:15.883, 1 %, 2 %, 15838 MiB, 16384 MiB, 49.78 W, 63
2026/09/15 06:01:16.886, 2 %, 3 %, 15838 MiB, 16384 MiB, 49.64 W, 63
2026/09/15 06:01:17.889, 1 %, 2 %, 15838 MiB, 16384 MiB, 49.42 W, 63
2026/09/15 06:01:18.891, 1 %, 2 %, 15838 MiB, 16384 MiB, 49.39 W, 62
2026/09/15 06:01:19.894, 1 %, 2 %, 15838 MiB, 16384 MiB, 49.79 W, 62
2026/09/15 06:01:20.896, 1 %, 2 %, 15838 MiB, 16384 MiB, 49.69 W, 62
2026/09/15 06:01:21.899, 4 %, 4 %, 15838 MiB, 16384 MiB, 49.73 W, 62
2026/09/15 06:01:22.902, 100 %, 9 %, 15838 MiB, 16384 MiB, 71.71 W, 63
2026/09/15 06:01:23.904, 100 %, 7 %, 15838 MiB, 16384 MiB, 71.69 W, 63
2026/09/15 06:01:24.906, 100 %, 7 %, 15838 MiB, 16384 MiB, 71.39 W, 63
2026/09/15 06:01:25.909, 100 %, 9 %, 15838 MiB, 16384 MiB, 65.40 W, 63
2026/09/15 06:01:26.911, 100 %, 9 %, 15838 MiB, 16384 MiB, 71.52 W, 63
2026/09/15 06:01:27.914, 100 %, 7 %, 15838 MiB, 16384 MiB, 70.76 W, 62
2026/09/15 06:01:28.917, 1 %, 2 %, 15838 MiB, 16384 MiB, 64.56 W, 62
2026/09/15 06:01:29.919, 1 %, 2 %, 15838 MiB, 16384 MiB, 49.11 W, 61
2026/09/15 06:01:30.922, 1 %, 2 %, 15838 MiB, 16384 MiB, 49.75 W, 61
2026/09/15 06:01:31.924, 4 %, 4 %, 15838 MiB, 16384 MiB, 49.23 W, 61
2026/09/15 06:01:32.927, 4 %, 4 %, 15838 MiB, 16384 MiB, 48.77 W, 61
2026/09/15 06:01:33.930, 4 %, 5 %, 15838 MiB, 16384 MiB, 52.36 W, 61
2026/09/15 06:01:34.932, 1 %, 2 %, 15838 MiB, 16384 MiB, 52.86 W, 61
2026/09/15 06:01:35.935, 1 %, 2 %, 15838 MiB, 16384 MiB, 49.03 W, 61
2026/09/15 06:01:36.937, 1 %, 3 %, 15838 MiB, 16384 MiB, 49.00 W, 60
2026/09/15 06:01:37.940, 1 %, 2 %, 15838 MiB, 16384 MiB, 48.99 W, 60
2026/09/15 06:01:38.943, 4 %, 4 %, 15838 MiB, 16384 MiB, 49.15 W, 60
2026/09/15 06:01:39.945, 4 %, 5 %, 15838 MiB, 16384 MiB, 48.54 W, 60
2026/09/15 06:01:40.948, 2 %, 3 %, 15838 MiB, 16384 MiB, 52.18 W, 60
2026/09/15 06:01:41.950, 1 %, 2 %, 15838 MiB, 16384 MiB, 48.66 W, 60
2026/09/15 06:01:42.953, 1 %, 2 %, 15838 MiB, 16384 MiB, 48.85 W, 60
2026/09/15 06:01:43.956, 1 %, 2 %, 15838 MiB, 16384 MiB, 48.78 W, 59
2026/09/15 06:01:44.959, 1 %, 2 %, 15838 MiB, 16384 MiB, 48.78 W, 59
2026/09/15 06:01:45.962, 4 %, 5 %, 15838 MiB, 16384 MiB, 48.72 W, 59
2026/09/15 06:01:46.965, 4 %, 4 %, 15838 MiB, 16384 MiB, 48.81 W, 59
2026/09/15 06:01:47.969, 4 %, 5 %, 15838 MiB, 16384 MiB, 48.08 W, 59
2026/09/15 06:01:48.972, 1 %, 2 %, 15838 MiB, 16384 MiB, 48.52 W, 59
2026/09/15 06:01:49.975, 1 %, 2 %, 15838 MiB, 16384 MiB, 49.19 W, 59
2026/09/15 06:01:50.978, 100 %, 9 %, 15838 MiB, 16384 MiB, 71.02 W, 60
2026/09/15 06:01:51.982, 100 %, 7 %, 15838 MiB, 16384 MiB, 69.84 W, 60
2026/09/15 06:01:52.985, 100 %, 7 %, 15838 MiB, 16384 MiB, 69.97 W, 60
2026/09/15 06:01:53.988, 100 %, 9 %, 15838 MiB, 16384 MiB, 63.94 W, 60
2026/09/15 06:01:54.991, 100 %, 7 %, 15838 MiB, 16384 MiB, 70.01 W, 60
2026/09/15 06:01:55.995, 100 %, 7 %, 15838 MiB, 16384 MiB, 70.16 W, 60
2026/09/15 06:01:56.998, 4 %, 4 %, 15838 MiB, 16384 MiB, 62.62 W, 59
2026/09/15 06:01:58.000, 4 %, 4 %, 15838 MiB, 16384 MiB, 61.23 W, 60
2026/09/15 06:01:59.004, 1 %, 2 %, 15838 MiB, 16384 MiB, 47.67 W, 59
2026/09/15 06:02:00.007, 1 %, 2 %, 15838 MiB, 16384 MiB, 47.97 W, 59
2026/09/15 06:02:01.010, 1 %, 2 %, 15838 MiB, 16384 MiB, 48.15 W, 58
2026/09/15 06:02:02.014, 1 %, 2 %, 15838 MiB, 16384 MiB, 47.93 W, 58
2026/09/15 06:02:03.017, 4 %, 4 %, 15838 MiB, 16384 MiB, 48.09 W, 58
2026/09/15 06:02:04.020, 4 %, 4 %, 15838 MiB, 16384 MiB, 48.06 W, 58
2026/09/15 06:02:05.022, 4 %, 5 %, 15838 MiB, 16384 MiB, 47.67 W, 58
2026/09/15 06:02:06.025, 1 %, 2 %, 15838 MiB, 16384 MiB, 51.49 W, 58
2026/09/15 06:02:07.028, 1 %, 2 %, 15838 MiB, 16384 MiB, 48.09 W, 58
2026/09/15 06:02:08.030, 2 %, 3 %, 15838 MiB, 16384 MiB, 48.24 W, 58
2026/09/15 06:02:09.033, 1 %, 2 %, 15838 MiB, 16384 MiB, 47.88 W, 58
2026/09/15 06:02:10.035, 4 %, 4 %, 15838 MiB, 16384 MiB, 48.29 W, 58
2026/09/15 06:02:11.038, 4 %, 4 %, 15838 MiB, 16384 MiB, 48.23 W, 57
2026/09/15 06:02:12.040, 4 %, 4 %, 15838 MiB, 16384 MiB, 47.02 W, 58
2026/09/15 06:02:13.043, 1 %, 2 %, 15838 MiB, 16384 MiB, 50.56 W, 57
2026/09/15 06:02:14.046, 1 %, 2 %, 15838 MiB, 16384 MiB, 47.37 W, 57
2026/09/15 06:02:15.049, 1 %, 2 %, 15838 MiB, 16384 MiB, 47.47 W, 57
2026/09/15 06:02:16.051, 1 %, 2 %, 15838 MiB, 16384 MiB, 47.30 W, 57
2026/09/15 06:02:17.054, 1 %, 2 %, 15838 MiB, 16384 MiB, 47.29 W, 57
2026/09/15 06:02:18.057, 1 %, 2 %, 15838 MiB, 16384 MiB, 47.20 W, 57
2026/09/15 06:02:19.059, 79 %, 12 %, 15838 MiB, 16384 MiB, 59.73 W, 58
2026/09/15 06:02:20.063, 100 %, 7 %, 15838 MiB, 16384 MiB, 66.50 W, 58
2026/09/15 06:02:21.065, 100 %, 6 %, 15838 MiB, 16384 MiB, 63.25 W, 58
2026/09/15 06:02:22.068, 100 %, 9 %, 15838 MiB, 16384 MiB, 60.53 W, 58
2026/09/15 06:02:23.071, 100 %, 6 %, 15838 MiB, 16384 MiB, 66.31 W, 58
2026/09/15 06:02:24.074, 100 %, 6 %, 15838 MiB, 16384 MiB, 66.42 W, 58
2026/09/15 06:02:25.078, 1 %, 2 %, 15838 MiB, 16384 MiB, 64.97 W, 58
2026/09/15 06:02:26.081, 1 %, 2 %, 15838 MiB, 16384 MiB, 59.80 W, 58
2026/09/15 06:02:27.085, 1 %, 2 %, 15838 MiB, 16384 MiB, 47.54 W, 57
2026/09/15 06:02:28.089, 4 %, 4 %, 15838 MiB, 16384 MiB, 47.45 W, 57
2026/09/15 06:02:29.092, 4 %, 4 %, 15838 MiB, 16384 MiB, 47.40 W, 57
2026/09/15 06:02:30.095, 4 %, 4 %, 15838 MiB, 16384 MiB, 47.10 W, 57
2026/09/15 06:02:31.099, 1 %, 2 %, 15838 MiB, 16384 MiB, 50.92 W, 57
2026/09/15 06:02:32.102, 1 %, 2 %, 15838 MiB, 16384 MiB, 47.06 W, 57
2026/09/15 06:02:33.105, 1 %, 3 %, 15838 MiB, 16384 MiB, 47.61 W, 57
2026/09/15 06:02:34.109, 1 %, 2 %, 15838 MiB, 16384 MiB, 47.49 W, 57
2026/09/15 06:02:35.112, 1 %, 2 %, 15838 MiB, 16384 MiB, 47.31 W, 57
2026/09/15 06:02:36.115, 4 %, 4 %, 15838 MiB, 16384 MiB, 47.27 W, 57
2026/09/15 06:02:37.119, 4 %, 5 %, 15838 MiB, 16384 MiB, 47.06 W, 56
2026/09/15 06:02:38.121, 2 %, 3 %, 15838 MiB, 16384 MiB, 50.59 W, 57
2026/09/15 06:02:39.124, 2 %, 3 %, 15838 MiB, 16384 MiB, 47.27 W, 56
2026/09/15 06:02:40.127, 1 %, 2 %, 15838 MiB, 16384 MiB, 47.62 W, 56
2026/09/15 06:02:41.131, 1 %, 2 %, 15838 MiB, 16384 MiB, 47.43 W, 56
2026/09/15 06:02:42.133, 4 %, 4 %, 15838 MiB, 16384 MiB, 47.31 W, 56
2026/09/15 06:02:43.136, 4 %, 4 %, 15838 MiB, 16384 MiB, 47.30 W, 56
2026/09/15 06:02:44.140, 4 %, 5 %, 15838 MiB, 16384 MiB, 46.82 W, 56
2026/09/15 06:02:45.143, 1 %, 2 %, 15838 MiB, 16384 MiB, 50.13 W, 56
2026/09/15 06:02:46.147, 1 %, 2 %, 15838 MiB, 16384 MiB, 50.48 W, 56
2026/09/15 06:02:47.150, 1 %, 2 %, 15838 MiB, 16384 MiB, 47.00 W, 56
2026/09/15 06:02:48.154, 100 %, 6 %, 15838 MiB, 16384 MiB, 64.75 W, 57
2026/09/15 06:02:49.158, 100 %, 6 %, 15838 MiB, 16384 MiB, 65.30 W, 57
2026/09/15 06:02:50.161, 100 %, 6 %, 15838 MiB, 16384 MiB, 59.82 W, 57
2026/09/15 06:02:51.164, 100 %, 9 %, 15838 MiB, 16384 MiB, 63.49 W, 57
2026/09/15 06:02:52.168, 100 %, 6 %, 15838 MiB, 16384 MiB, 66.37 W, 57
2026/09/15 06:02:53.171, 1 %, 2 %, 15838 MiB, 16384 MiB, 59.26 W, 57
2026/09/15 06:02:54.175, 3 %, 4 %, 15838 MiB, 16384 MiB, 59.56 W, 57
2026/09/15 06:02:55.179, 4 %, 4 %, 15838 MiB, 16384 MiB, 49.11 W, 56
2026/09/15 06:02:56.182, 1 %, 2 %, 15838 MiB, 16384 MiB, 49.90 W, 56
2026/09/15 06:02:57.186, 1 %, 2 %, 15838 MiB, 16384 MiB, 46.82 W, 56
2026/09/15 06:02:58.189, 1 %, 2 %, 15838 MiB, 16384 MiB, 46.97 W, 56
2026/09/15 06:02:59.192, 1 %, 1 %, 15838 MiB, 16384 MiB, 49.53 W, 56
2026/09/15 06:03:00.195, 1 %, 2 %, 15838 MiB, 16384 MiB, 47.10 W, 56
2026/09/15 06:03:01.199, 3 %, 4 %, 15838 MiB, 16384 MiB, 46.90 W, 56
2026/09/15 06:03:02.202, 4 %, 4 %, 15838 MiB, 16384 MiB, 46.76 W, 56
2026/09/15 06:03:03.205, 4 %, 4 %, 15838 MiB, 16384 MiB, 46.20 W, 56
2026/09/15 06:03:04.209, 1 %, 2 %, 15838 MiB, 16384 MiB, 49.77 W, 56
2026/09/15 06:03:05.212, 2 %, 3 %, 15838 MiB, 16384 MiB, 46.93 W, 56
2026/09/15 06:03:06.215, 2 %, 3 %, 15838 MiB, 16384 MiB, 47.06 W, 56
2026/09/15 06:03:07.219, 1 %, 2 %, 15838 MiB, 16384 MiB, 46.82 W, 56
2026/09/15 06:03:08.222, 4 %, 5 %, 15838 MiB, 16384 MiB, 46.64 W, 56
2026/09/15 06:03:09.225, 4 %, 4 %, 15838 MiB, 16384 MiB, 46.57 W, 56
2026/09/15 06:03:10.228, 4 %, 4 %, 15838 MiB, 16384 MiB, 46.59 W, 56
2026/09/15 06:03:11.231, 4 %, 5 %, 15838 MiB, 16384 MiB, 46.32 W, 56
2026/09/15 06:03:12.234, 1 %, 2 %, 15838 MiB, 16384 MiB, 49.61 W, 56
2026/09/15 06:03:13.237, 1 %, 2 %, 15838 MiB, 16384 MiB, 46.44 W, 56
2026/09/15 06:03:14.241, 1 %, 2 %, 15838 MiB, 16384 MiB, 46.60 W, 56
2026/09/15 06:03:15.244, 1 %, 2 %, 15838 MiB, 16384 MiB, 46.68 W, 56
2026/09/15 06:03:16.247, 100 %, 11 %, 15838 MiB, 16384 MiB, 105.25 W, 58
2026/09/15 06:03:17.249, 100 %, 8 %, 15838 MiB, 16384 MiB, 116.22 W, 59
2026/09/15 06:03:18.251, 100 %, 7 %, 15838 MiB, 16384 MiB, 116.64 W, 59
2026/09/15 06:03:19.254, 100 %, 0 %, 15838 MiB, 16384 MiB, 116.97 W, 59
2026/09/15 06:03:20.256, 100 %, 0 %, 15838 MiB, 16384 MiB, 117.28 W, 60
2026/09/15 06:03:21.258, 100 %, 0 %, 15838 MiB, 16384 MiB, 117.28 W, 60
2026/09/15 06:03:22.260, 100 %, 0 %, 15838 MiB, 16384 MiB, 117.54 W, 60
2026/09/15 06:03:23.263, 100 %, 0 %, 15838 MiB, 16384 MiB, 117.54 W, 61
2026/09/15 06:03:24.265, 100 %, 0 %, 15838 MiB, 16384 MiB, 119.26 W, 64
2026/09/15 06:03:25.268, 100 %, 0 %, 15838 MiB, 16384 MiB, 213.76 W, 64
2026/09/15 06:03:26.271, 100 %, 7 %, 15838 MiB, 16384 MiB, 248.89 W, 64
2026/09/15 06:03:27.274, 100 %, 34 %, 15838 MiB, 16384 MiB, 206.02 W, 62
2026/09/15 06:03:28.280, 100 %, 62 %, 15838 MiB, 16384 MiB, 132.59 W, 61
2026/09/15 06:03:29.283, 100 %, 75 %, 15838 MiB, 16384 MiB, 58.89 W, 61
2026/09/15 06:03:30.288, 100 %, 57 %, 15838 MiB, 16384 MiB, 104.61 W, 63
2026/09/15 06:03:31.291, 100 %, 35 %, 15838 MiB, 16384 MiB, 127.65 W, 63
2026/09/15 06:03:32.293, 100 %, 19 %, 15838 MiB, 16384 MiB, 117.48 W, 63
2026/09/15 06:03:33.295, 100 %, 7 %, 15838 MiB, 16384 MiB, 117.28 W, 63
2026/09/15 06:03:34.298, 100 %, 7 %, 15838 MiB, 16384 MiB, 117.10 W, 64
2026/09/15 06:03:35.300, 100 %, 6 %, 15838 MiB, 16384 MiB, 119.79 W, 64
2026/09/15 06:03:36.302, 100 %, 0 %, 15838 MiB, 16384 MiB, 117.71 W, 64
2026/09/15 06:03:37.304, 100 %, 0 %, 15838 MiB, 16384 MiB, 118.04 W, 64
2026/09/15 06:03:38.307, 100 %, 0 %, 15838 MiB, 16384 MiB, 121.19 W, 65
2026/09/15 06:03:39.309, 100 %, 0 %, 15838 MiB, 16384 MiB, 119.80 W, 65
2026/09/15 06:03:40.312, 100 %, 0 %, 15838 MiB, 16384 MiB, 121.35 W, 65
2026/09/15 06:03:41.314, 100 %, 0 %, 15838 MiB, 16384 MiB, 121.55 W, 65
2026/09/15 06:03:42.316, 100 %, 0 %, 15838 MiB, 16384 MiB, 121.79 W, 66
2026/09/15 06:03:43.319, 100 %, 0 %, 15838 MiB, 16384 MiB, 121.90 W, 69
2026/09/15 06:03:44.321, 100 %, 6 %, 15838 MiB, 16384 MiB, 144.13 W, 69
2026/09/15 06:03:45.324, 100 %, 39 %, 15838 MiB, 16384 MiB, 227.51 W, 68
2026/09/15 06:03:46.328, 100 %, 56 %, 15838 MiB, 16384 MiB, 244.87 W, 69
2026/09/15 06:03:47.331, 100 %, 78 %, 15838 MiB, 16384 MiB, 205.03 W, 66
2026/09/15 06:03:48.345, 100 %, 61 %, 15838 MiB, 16384 MiB, 134.80 W, 66
2026/09/15 06:03:49.348, 100 %, 43 %, 15838 MiB, 16384 MiB, 66.92 W, 67
2026/09/15 06:03:50.353, 100 %, 27 %, 15838 MiB, 16384 MiB, 78.06 W, 67
2026/09/15 06:03:51.356, 100 %, 7 %, 15838 MiB, 16384 MiB, 130.83 W, 68
2026/09/15 06:03:52.358, 1 %, 2 %, 15838 MiB, 16384 MiB, 65.26 W, 66
2026/09/15 06:03:53.360, 100 %, 31 %, 15838 MiB, 16384 MiB, 230.06 W, 70
2026/09/15 06:03:54.365, 100 %, 0 %, 15838 MiB, 16384 MiB, 122.60 W, 68
2026/09/15 06:03:55.367, 1 %, 2 %, 15838 MiB, 16384 MiB, 65.14 W, 68
2026/09/15 06:03:56.372, 6 %, 6 %, 15838 MiB, 16384 MiB, 63.91 W, 67
2026/09/15 06:03:57.375, 100 %, 0 %, 15838 MiB, 16384 MiB, 126.01 W, 71
2026/09/15 06:03:58.377, 100 %, 0 %, 15838 MiB, 16384 MiB, 121.85 W, 68
2026/09/15 06:03:59.380, 1 %, 2 %, 15838 MiB, 16384 MiB, 65.74 W, 67
2026/09/15 06:04:00.382, 56 %, 50 %, 15838 MiB, 16384 MiB, 88.27 W, 67
2026/09/15 06:04:01.385, 100 %, 0 %, 15838 MiB, 16384 MiB, 126.04 W, 68
2026/09/15 06:04:02.387, 100 %, 0 %, 15838 MiB, 16384 MiB, 122.10 W, 68
2026/09/15 06:04:03.389, 1 %, 2 %, 15838 MiB, 16384 MiB, 65.74 W, 67
2026/09/15 06:04:04.392, 100 %, 10 %, 15838 MiB, 16384 MiB, 125.43 W, 68
2026/09/15 06:04:05.395, 100 %, 0 %, 15838 MiB, 16384 MiB, 126.60 W, 69
2026/09/15 06:04:06.398, 1 %, 2 %, 15838 MiB, 16384 MiB, 125.11 W, 68
2026/09/15 06:04:07.400, 21 %, 19 %, 15838 MiB, 16384 MiB, 65.77 W, 67
2026/09/15 06:04:08.404, 100 %, 0 %, 15838 MiB, 16384 MiB, 247.16 W, 71
2026/09/15 06:04:09.406, 100 %, 0 %, 15838 MiB, 16384 MiB, 123.89 W, 69
2026/09/15 06:04:10.408, 1 %, 2 %, 15838 MiB, 16384 MiB, 111.78 W, 68
2026/09/15 06:04:11.411, 40 %, 34 %, 15838 MiB, 16384 MiB, 65.60 W, 67
2026/09/15 06:04:12.413, 100 %, 0 %, 15838 MiB, 16384 MiB, 214.05 W, 71
2026/09/15 06:04:13.419, 100 %, 2 %, 15838 MiB, 16384 MiB, 124.05 W, 69
2026/09/15 06:04:14.422, 1 %, 2 %, 15838 MiB, 16384 MiB, 67.62 W, 69
2026/09/15 06:04:15.424, 65 %, 60 %, 15838 MiB, 16384 MiB, 65.19 W, 68
2026/09/15 06:04:16.426, 100 %, 0 %, 15838 MiB, 16384 MiB, 142.89 W, 72
2026/09/15 06:04:17.433, 100 %, 0 %, 15838 MiB, 16384 MiB, 124.25 W, 69
2026/09/15 06:04:18.435, 1 %, 2 %, 15838 MiB, 16384 MiB, 66.59 W, 69
2026/09/15 06:04:19.438, 65 %, 57 %, 15838 MiB, 16384 MiB, 64.61 W, 68
2026/09/15 06:04:20.440, 100 %, 0 %, 15838 MiB, 16384 MiB, 127.44 W, 73
2026/09/15 06:04:21.447, 81 %, 5 %, 15838 MiB, 16384 MiB, 124.23 W, 69
2026/09/15 06:04:22.450, 1 %, 2 %, 15838 MiB, 16384 MiB, 66.86 W, 68
2026/09/15 06:04:23.453, 94 %, 75 %, 15838 MiB, 16384 MiB, 61.65 W, 68
2026/09/15 06:04:24.455, 100 %, 0 %, 15838 MiB, 16384 MiB, 128.11 W, 70
2026/09/15 06:04:25.457, 60 %, 7 %, 15838 MiB, 16384 MiB, 122.51 W, 69
2026/09/15 06:04:26.460, 1 %, 2 %, 15838 MiB, 16384 MiB, 66.60 W, 68
2026/09/15 06:04:27.462, 100 %, 57 %, 15838 MiB, 16384 MiB, 124.73 W, 69
2026/09/15 06:04:28.465, 100 %, 0 %, 15838 MiB, 16384 MiB, 127.45 W, 70
2026/09/15 06:04:29.467, 28 %, 6 %, 15838 MiB, 16384 MiB, 120.47 W, 70
2026/09/15 06:04:30.469, 1 %, 2 %, 15838 MiB, 16384 MiB, 66.66 W, 68
2026/09/15 06:04:31.472, 100 %, 27 %, 15838 MiB, 16384 MiB, 208.67 W, 70
2026/09/15 06:04:32.475, 100 %, 0 %, 15838 MiB, 16384 MiB, 126.06 W, 70
2026/09/15 06:04:33.477, 1 %, 2 %, 15838 MiB, 16384 MiB, 142.90 W, 70
2026/09/15 06:04:34.480, 6 %, 6 %, 15838 MiB, 16384 MiB, 66.77 W, 68
2026/09/15 06:04:35.482, 100 %, 5 %, 15838 MiB, 16384 MiB, 238.62 W, 72
2026/09/15 06:04:36.485, 100 %, 0 %, 15838 MiB, 16384 MiB, 128.47 W, 70
2026/09/15 06:04:37.487, 1 %, 2 %, 15838 MiB, 16384 MiB, 131.30 W, 70
2026/09/15 06:04:38.493, 17 %, 16 %, 15838 MiB, 16384 MiB, 66.86 W, 68
2026/09/15 06:04:39.495, 100 %, 0 %, 15838 MiB, 16384 MiB, 257.55 W, 72
2026/09/15 06:04:40.502, 100 %, 0 %, 15838 MiB, 16384 MiB, 126.04 W, 70
2026/09/15 06:04:41.505, 1 %, 2 %, 15838 MiB, 16384 MiB, 134.51 W, 70
2026/09/15 06:04:42.507, 22 %, 20 %, 15838 MiB, 16384 MiB, 65.22 W, 69
2026/09/15 06:04:43.510, 100 %, 0 %, 15838 MiB, 16384 MiB, 128.13 W, 73
2026/09/15 06:04:44.513, 100 %, 0 %, 15838 MiB, 16384 MiB, 124.53 W, 70
2026/09/15 06:04:45.515, 1 %, 2 %, 15838 MiB, 16384 MiB, 67.06 W, 70
2026/09/15 06:04:46.518, 42 %, 38 %, 15838 MiB, 16384 MiB, 62.12 W, 69
2026/09/15 06:04:47.520, 100 %, 0 %, 15838 MiB, 16384 MiB, 128.67 W, 72
2026/09/15 06:04:48.523, 97 %, 6 %, 15838 MiB, 16384 MiB, 121.79 W, 70
2026/09/15 06:04:49.525, 100 %, 7 %, 15838 MiB, 16384 MiB, 74.31 W, 69
2026/09/15 06:04:50.528, 100 %, 8 %, 15838 MiB, 16384 MiB, 68.06 W, 69
2026/09/15 06:04:51.531, 100 %, 6 %, 15838 MiB, 16384 MiB, 73.81 W, 68
2026/09/15 06:04:52.533, 100 %, 9 %, 15838 MiB, 16384 MiB, 73.68 W, 68
2026/09/15 06:04:53.536, 100 %, 6 %, 15838 MiB, 16384 MiB, 66.71 W, 68
2026/09/15 06:04:54.538, 100 %, 6 %, 15838 MiB, 16384 MiB, 74.62 W, 68
2026/09/15 06:04:55.540, 4 %, 4 %, 15838 MiB, 16384 MiB, 73.05 W, 67
2026/09/15 06:04:56.544, 1 %, 2 %, 15838 MiB, 16384 MiB, 66.38 W, 67
2026/09/15 06:04:57.547, 1 %, 2 %, 15838 MiB, 16384 MiB, 50.72 W, 66
2026/09/15 06:04:58.550, 1 %, 2 %, 15838 MiB, 16384 MiB, 50.71 W, 66
2026/09/15 06:04:59.553, 1 %, 2 %, 15838 MiB, 16384 MiB, 50.62 W, 66
2026/09/15 06:05:00.556, 4 %, 4 %, 15838 MiB, 16384 MiB, 50.44 W, 66
2026/09/15 06:05:01.559, 4 %, 4 %, 15838 MiB, 16384 MiB, 54.32 W, 65
2026/09/15 06:05:02.562, 5 %, 5 %, 15838 MiB, 16384 MiB, 54.61 W, 65
2026/09/15 06:05:03.566, 2 %, 3 %, 15838 MiB, 16384 MiB, 50.53 W, 65
2026/09/15 06:05:04.569, 1 %, 2 %, 15838 MiB, 16384 MiB, 50.54 W, 65
2026/09/15 06:05:05.572, 1 %, 2 %, 15838 MiB, 16384 MiB, 50.49 W, 64
2026/09/15 06:05:06.576, 1 %, 2 %, 15838 MiB, 16384 MiB, 50.52 W, 64
2026/09/15 06:05:07.579, 5 %, 4 %, 15838 MiB, 16384 MiB, 50.39 W, 64
2026/09/15 06:05:08.582, 5 %, 5 %, 15838 MiB, 16384 MiB, 53.64 W, 64
2026/09/15 06:05:09.585, 1 %, 3 %, 15838 MiB, 16384 MiB, 50.17 W, 64
2026/09/15 06:05:10.587, 1 %, 2 %, 15838 MiB, 16384 MiB, 50.17 W, 63
2026/09/15 06:05:11.590, 1 %, 2 %, 15838 MiB, 16384 MiB, 50.17 W, 63
2026/09/15 06:05:12.593, 1 %, 2 %, 15838 MiB, 16384 MiB, 50.14 W, 63
2026/09/15 06:05:13.595, 2 %, 3 %, 15838 MiB, 16384 MiB, 50.02 W, 63
2026/09/15 06:05:14.598, 1 %, 2 %, 15838 MiB, 16384 MiB, 49.93 W, 63
2026/09/15 06:05:15.600, 4 %, 4 %, 15838 MiB, 16384 MiB, 50.25 W, 62
2026/09/15 06:05:16.603, 4 %, 4 %, 15838 MiB, 16384 MiB, 50.06 W, 62
2026/09/15 06:05:17.605, 12 %, 9 %, 15838 MiB, 16384 MiB, 58.58 W, 62
2026/09/15 06:05:18.608, 100 %, 6 %, 15838 MiB, 16384 MiB, 63.97 W, 63
2026/09/15 06:05:19.610, 100 %, 6 %, 15838 MiB, 16384 MiB, 70.04 W, 63
2026/09/15 06:05:20.613, 100 %, 9 %, 15838 MiB, 16384 MiB, 70.03 W, 63
2026/09/15 06:05:21.615, 100 %, 6 %, 15838 MiB, 16384 MiB, 63.98 W, 63
2026/09/15 06:05:22.618, 100 %, 6 %, 15838 MiB, 16384 MiB, 69.86 W, 63
2026/09/15 06:05:23.620, 1 %, 2 %, 15838 MiB, 16384 MiB, 62.95 W, 62
2026/09/15 06:05:24.623, 1 %, 2 %, 15838 MiB, 16384 MiB, 62.38 W, 62
2026/09/15 06:05:25.625, 4 %, 4 %, 15838 MiB, 16384 MiB, 49.25 W, 62
2026/09/15 06:05:26.628, 4 %, 4 %, 15838 MiB, 16384 MiB, 53.18 W, 61
2026/09/15 06:05:27.630, 1 %, 2 %, 15838 MiB, 16384 MiB, 49.72 W, 61
2026/09/15 06:05:28.633, 1 %, 2 %, 15838 MiB, 16384 MiB, 49.69 W, 61
2026/09/15 06:05:29.636, 1 %, 2 %, 15838 MiB, 16384 MiB, 49.59 W, 61
2026/09/15 06:05:30.639, 1 %, 2 %, 15838 MiB, 16384 MiB, 49.51 W, 61
2026/09/15 06:05:31.642, 4 %, 5 %, 15838 MiB, 16384 MiB, 49.59 W, 61
2026/09/15 06:05:32.645, 4 %, 4 %, 15838 MiB, 16384 MiB, 49.03 W, 60
2026/09/15 06:05:33.648, 4 %, 4 %, 15838 MiB, 16384 MiB, 52.99 W, 60
2026/09/15 06:05:34.651, 4 %, 5 %, 15838 MiB, 16384 MiB, 53.05 W, 60
2026/09/15 06:05:35.654, 2 %, 3 %, 15838 MiB, 16384 MiB, 50.14 W, 60
2026/09/15 06:05:36.657, 2 %, 3 %, 15838 MiB, 16384 MiB, 50.03 W, 60
2026/09/15 06:05:37.660, 1 %, 3 %, 15838 MiB, 16384 MiB, 49.29 W, 60
2026/09/15 06:05:38.664, 4 %, 4 %, 15838 MiB, 16384 MiB, 49.33 W, 60
2026/09/15 06:05:39.667, 4 %, 4 %, 15838 MiB, 16384 MiB, 48.85 W, 60
2026/09/15 06:05:40.669, 4 %, 4 %, 15838 MiB, 16384 MiB, 52.56 W, 60
2026/09/15 06:05:41.672, 1 %, 2 %, 15838 MiB, 16384 MiB, 48.94 W, 59
2026/09/15 06:05:42.675, 1 %, 2 %, 15838 MiB, 16384 MiB, 49.17 W, 59
2026/09/15 06:05:43.679, 1 %, 2 %, 15838 MiB, 16384 MiB, 48.90 W, 59
2026/09/15 06:05:44.682, 1 %, 3 %, 15838 MiB, 16384 MiB, 48.94 W, 59
2026/09/15 06:05:45.685, 4 %, 4 %, 15838 MiB, 16384 MiB, 49.17 W, 59
2026/09/15 06:05:46.688, 100 %, 6 %, 15838 MiB, 16384 MiB, 68.69 W, 60
2026/09/15 06:05:47.691, 100 %, 9 %, 15838 MiB, 16384 MiB, 68.69 W, 60
2026/09/15 06:05:48.693, 100 %, 6 %, 15838 MiB, 16384 MiB, 62.60 W, 60
2026/09/15 06:05:49.696, 100 %, 6 %, 15838 MiB, 16384 MiB, 68.79 W, 60
2026/09/15 06:05:50.698, 100 %, 9 %, 15838 MiB, 16384 MiB, 68.39 W, 60
2026/09/15 06:05:51.701, 100 %, 7 %, 15838 MiB, 16384 MiB, 68.16 W, 60
2026/09/15 06:05:52.703, 1 %, 2 %, 15838 MiB, 16384 MiB, 61.28 W, 59
2026/09/15 06:05:53.706, 1 %, 2 %, 15838 MiB, 16384 MiB, 48.13 W, 59
2026/09/15 06:05:54.708, 1 %, 2 %, 15838 MiB, 16384 MiB, 48.33 W, 59
2026/09/15 06:05:55.711, 1 %, 2 %, 15838 MiB, 16384 MiB, 48.52 W, 58
2026/09/15 06:05:56.714, 4 %, 4 %, 15838 MiB, 16384 MiB, 48.47 W, 58
2026/09/15 06:05:57.717, 4 %, 4 %, 15838 MiB, 16384 MiB, 51.12 W, 58
2026/09/15 06:05:58.719, 1 %, 2 %, 15838 MiB, 16384 MiB, 51.42 W, 58
2026/09/15 06:05:59.722, 1 %, 2 %, 15838 MiB, 16384 MiB, 47.76 W, 58
2026/09/15 06:06:00.725, 2 %, 3 %, 15838 MiB, 16384 MiB, 47.93 W, 58
2026/09/15 06:06:01.728, 2 %, 3 %, 15838 MiB, 16384 MiB, 47.73 W, 58
2026/09/15 06:06:02.731, 1 %, 2 %, 15838 MiB, 16384 MiB, 47.63 W, 58
2026/09/15 06:06:03.733, 4 %, 4 %, 15838 MiB, 16384 MiB, 47.21 W, 58
2026/09/15 06:06:04.736, 5 %, 5 %, 15838 MiB, 16384 MiB, 51.00 W, 58
2026/09/15 06:06:05.739, 1 %, 2 %, 15838 MiB, 16384 MiB, 47.61 W, 58
2026/09/15 06:06:06.741, 1 %, 2 %, 15838 MiB, 16384 MiB, 47.58 W, 58
2026/09/15 06:06:07.744, 1 %, 3 %, 15838 MiB, 16384 MiB, 47.62 W, 57
2026/09/15 06:06:08.746, 1 %, 2 %, 15838 MiB, 16384 MiB, 47.61 W, 58
2026/09/15 06:06:09.749, 4 %, 5 %, 15838 MiB, 16384 MiB, 47.76 W, 57
2026/09/15 06:06:10.752, 4 %, 4 %, 15838 MiB, 16384 MiB, 50.58 W, 57
2026/09/15 06:06:11.755, 4 %, 5 %, 15838 MiB, 16384 MiB, 51.11 W, 57
2026/09/15 06:06:12.758, 1 %, 2 %, 15838 MiB, 16384 MiB, 47.64 W, 57
2026/09/15 06:06:13.761, 1 %, 2 %, 15838 MiB, 16384 MiB, 47.61 W, 57
2026/09/15 06:06:14.764, 100 %, 6 %, 15838 MiB, 16384 MiB, 54.94 W, 58
2026/09/15 06:06:15.767, 100 %, 6 %, 15838 MiB, 16384 MiB, 64.25 W, 58
2026/09/15 06:06:16.771, 100 %, 9 %, 15838 MiB, 16384 MiB, 68.72 W, 58
2026/09/15 06:06:17.774, 100 %, 7 %, 15838 MiB, 16384 MiB, 68.22 W, 58
2026/09/15 06:06:18.777, 100 %, 6 %, 15838 MiB, 16384 MiB, 61.06 W, 58
2026/09/15 06:06:19.781, 100 %, 6 %, 15838 MiB, 16384 MiB, 67.18 W, 58
2026/09/15 06:06:20.784, 4 %, 4 %, 15838 MiB, 16384 MiB, 64.85 W, 58
2026/09/15 06:06:21.787, 1 %, 2 %, 15838 MiB, 16384 MiB, 60.26 W, 58
2026/09/15 06:06:22.791, 1 %, 2 %, 15838 MiB, 16384 MiB, 47.64 W, 57
2026/09/15 06:06:23.794, 1 %, 2 %, 15838 MiB, 16384 MiB, 47.23 W, 57
2026/09/15 06:06:24.797, 1 %, 2 %, 15838 MiB, 16384 MiB, 47.32 W, 57
2026/09/15 06:06:25.800, 4 %, 5 %, 15838 MiB, 16384 MiB, 47.56 W, 57
2026/09/15 06:06:26.803, 4 %, 4 %, 15838 MiB, 16384 MiB, 47.11 W, 57
2026/09/15 06:06:27.806, 4 %, 4 %, 15838 MiB, 16384 MiB, 50.80 W, 57
2026/09/15 06:06:28.809, 4 %, 5 %, 15838 MiB, 16384 MiB, 50.82 W, 57
2026/09/15 06:06:29.813, 1 %, 2 %, 15838 MiB, 16384 MiB, 47.23 W, 57
2026/09/15 06:06:30.816, 1 %, 2 %, 15838 MiB, 16384 MiB, 47.24 W, 57
2026/09/15 06:06:31.818, 2 %, 3 %, 15838 MiB, 16384 MiB, 47.49 W, 57
2026/09/15 06:06:32.821, 2 %, 3 %, 15838 MiB, 16384 MiB, 47.72 W, 57
2026/09/15 06:06:33.824, 4 %, 4 %, 15838 MiB, 16384 MiB, 47.43 W, 56
2026/09/15 06:06:34.826, 4 %, 4 %, 15838 MiB, 16384 MiB, 47.05 W, 56
2026/09/15 06:06:35.829, 4 %, 5 %, 15838 MiB, 16384 MiB, 50.63 W, 56
2026/09/15 06:06:36.832, 2 %, 3 %, 15838 MiB, 16384 MiB, 47.78 W, 56
2026/09/15 06:06:37.834, 1 %, 2 %, 15838 MiB, 16384 MiB, 47.85 W, 56
2026/09/15 06:06:38.837, 1 %, 3 %, 15838 MiB, 16384 MiB, 47.17 W, 56
2026/09/15 06:06:39.840, 2 %, 3 %, 15838 MiB, 16384 MiB, 47.53 W, 56
2026/09/15 06:06:40.842, 1 %, 2 %, 15838 MiB, 16384 MiB, 47.53 W, 56
2026/09/15 06:06:41.845, 4 %, 5 %, 15838 MiB, 16384 MiB, 47.54 W, 56
2026/09/15 06:06:42.848, 62 %, 9 %, 15838 MiB, 16384 MiB, 48.68 W, 57
2026/09/15 06:06:43.850, 100 %, 6 %, 15838 MiB, 16384 MiB, 66.86 W, 57
2026/09/15 06:06:44.853, 100 %, 9 %, 15838 MiB, 16384 MiB, 67.25 W, 57
2026/09/15 06:06:45.856, 100 %, 6 %, 15838 MiB, 16384 MiB, 61.76 W, 57
2026/09/15 06:06:46.859, 100 %, 6 %, 15838 MiB, 16384 MiB, 63.24 W, 57
2026/09/15 06:06:47.862, 100 %, 9 %, 15838 MiB, 16384 MiB, 67.13 W, 57
2026/09/15 06:06:48.865, 1 %, 2 %, 15838 MiB, 16384 MiB, 60.35 W, 57
2026/09/15 06:06:49.867, 1 %, 2 %, 15838 MiB, 16384 MiB, 60.05 W, 57
2026/09/15 06:06:50.871, 1 %, 2 %, 15838 MiB, 16384 MiB, 47.27 W, 56
2026/09/15 06:06:51.874, 4 %, 4 %, 15838 MiB, 16384 MiB, 47.19 W, 56
2026/09/15 06:06:52.877, 4 %, 4 %, 15838 MiB, 16384 MiB, 47.06 W, 56
2026/09/15 06:06:53.879, 4 %, 4 %, 15838 MiB, 16384 MiB, 50.46 W, 56
2026/09/15 06:06:54.882, 1 %, 2 %, 15838 MiB, 16384 MiB, 49.41 W, 56
2026/09/15 06:06:55.885, 1 %, 2 %, 15838 MiB, 16384 MiB, 47.10 W, 56
2026/09/15 06:06:56.888, 1 %, 3 %, 15838 MiB, 16384 MiB, 46.93 W, 56
2026/09/15 06:06:57.891, 1 %, 2 %, 15838 MiB, 16384 MiB, 47.49 W, 56
2026/09/15 06:06:58.893, 1 %, 2 %, 15838 MiB, 16384 MiB, 47.13 W, 56
2026/09/15 06:06:59.896, 4 %, 4 %, 15838 MiB, 16384 MiB, 47.03 W, 56
2026/09/15 06:07:00.899, 4 %, 4 %, 15838 MiB, 16384 MiB, 50.42 W, 56
2026/09/15 06:07:01.902, 5 %, 5 %, 15838 MiB, 16384 MiB, 50.00 W, 56
2026/09/15 06:07:02.904, 2 %, 3 %, 15838 MiB, 16384 MiB, 46.71 W, 56
2026/09/15 06:07:03.907, 1 %, 2 %, 15838 MiB, 16384 MiB, 46.68 W, 56
2026/09/15 06:07:04.911, 1 %, 2 %, 15838 MiB, 16384 MiB, 46.61 W, 56
2026/09/15 06:07:05.915, 1 %, 2 %, 15838 MiB, 16384 MiB, 46.81 W, 56
2026/09/15 06:07:06.918, 1 %, 2 %, 15838 MiB, 16384 MiB, 47.15 W, 56
2026/09/15 06:07:07.920, 4 %, 4 %, 15838 MiB, 16384 MiB, 46.38 W, 56
2026/09/15 06:07:08.923, 4 %, 4 %, 15838 MiB, 16384 MiB, 49.89 W, 56
2026/09/15 06:07:09.925, 1 %, 2 %, 15838 MiB, 16384 MiB, 48.47 W, 56
2026/09/15 06:07:10.928, 1 %, 2 %, 15838 MiB, 16384 MiB, 46.87 W, 56
2026/09/15 06:07:11.930, 100 %, 9 %, 15838 MiB, 16384 MiB, 66.46 W, 57
2026/09/15 06:07:12.933, 100 %, 6 %, 15838 MiB, 16384 MiB, 60.24 W, 57
2026/09/15 06:07:13.935, 100 %, 6 %, 15838 MiB, 16384 MiB, 66.60 W, 57
2026/09/15 06:07:14.938, 100 %, 9 %, 15838 MiB, 16384 MiB, 66.57 W, 57
2026/09/15 06:07:15.940, 100 %, 6 %, 15838 MiB, 16384 MiB, 63.96 W, 57
2026/09/15 06:07:16.942, 1 %, 2 %, 15838 MiB, 16384 MiB, 60.03 W, 57
2026/09/15 06:07:17.945, 4 %, 4 %, 15838 MiB, 16384 MiB, 60.82 W, 57
2026/09/15 06:07:18.947, 4 %, 4 %, 15838 MiB, 16384 MiB, 50.62 W, 56
2026/09/15 06:07:19.950, 1 %, 2 %, 15838 MiB, 16384 MiB, 46.96 W, 56
2026/09/15 06:07:20.952, 1 %, 2 %, 15838 MiB, 16384 MiB, 47.02 W, 56
2026/09/15 06:07:21.956, 1 %, 2 %, 15838 MiB, 16384 MiB, 47.21 W, 56
2026/09/15 06:07:22.958, 1 %, 2 %, 15838 MiB, 16384 MiB, 47.19 W, 56
2026/09/15 06:07:23.961, 1 %, 2 %, 15838 MiB, 16384 MiB, 46.96 W, 56
2026/09/15 06:07:24.964, 4 %, 5 %, 15838 MiB, 16384 MiB, 46.87 W, 56
2026/09/15 06:07:25.966, 4 %, 4 %, 15838 MiB, 16384 MiB, 46.69 W, 56
2026/09/15 06:07:26.969, 4 %, 4 %, 15838 MiB, 16384 MiB, 50.29 W, 56
2026/09/15 06:07:27.971, 3 %, 3 %, 15838 MiB, 16384 MiB, 50.31 W, 56
2026/09/15 06:07:28.974, 2 %, 3 %, 15838 MiB, 16384 MiB, 46.97 W, 56
2026/09/15 06:07:29.977, 2 %, 3 %, 15838 MiB, 16384 MiB, 47.18 W, 56
2026/09/15 06:07:30.979, 1 %, 2 %, 15838 MiB, 16384 MiB, 46.99 W, 56
2026/09/15 06:07:31.983, 4 %, 4 %, 15838 MiB, 16384 MiB, 46.22 W, 56
2026/09/15 06:07:32.986, 4 %, 4 %, 15838 MiB, 16384 MiB, 49.82 W, 56
2026/09/15 06:07:33.989, 1 %, 2 %, 15838 MiB, 16384 MiB, 46.65 W, 56
2026/09/15 06:07:34.992, 1 %, 2 %, 15838 MiB, 16384 MiB, 46.80 W, 56
2026/09/15 06:07:35.996, 1 %, 2 %, 15838 MiB, 16384 MiB, 46.99 W, 56
2026/09/15 06:07:36.999, 1 %, 3 %, 15838 MiB, 16384 MiB, 47.02 W, 56
2026/09/15 06:07:38.001, 1 %, 2 %, 15838 MiB, 16384 MiB, 47.48 W, 56
2026/09/15 06:07:39.004, 4 %, 4 %, 15838 MiB, 16384 MiB, 47.73 W, 56
2026/09/15 06:07:40.007, 100 %, 9 %, 15838 MiB, 16384 MiB, 66.35 W, 56
2026/09/15 06:07:41.010, 100 %, 6 %, 15838 MiB, 16384 MiB, 60.42 W, 57
2026/09/15 06:07:42.015, 100 %, 6 %, 15838 MiB, 16384 MiB, 66.57 W, 57
2026/09/15 06:07:43.017, 100 %, 9 %, 15838 MiB, 16384 MiB, 66.84 W, 57
2026/09/15 06:07:44.020, 100 %, 6 %, 15838 MiB, 16384 MiB, 64.64 W, 57
2026/09/15 06:07:45.023, 100 %, 6 %, 15838 MiB, 16384 MiB, 60.49 W, 57
2026/09/15 06:07:46.026, 1 %, 2 %, 15838 MiB, 16384 MiB, 59.67 W, 57
2026/09/15 06:07:47.029, 1 %, 2 %, 15838 MiB, 16384 MiB, 46.92 W, 56
2026/09/15 06:07:48.032, 1 %, 2 %, 15838 MiB, 16384 MiB, 46.74 W, 56
2026/09/15 06:07:49.036, 4 %, 4 %, 15838 MiB, 16384 MiB, 46.86 W, 56
2026/09/15 06:07:50.039, 4 %, 4 %, 15838 MiB, 16384 MiB, 46.25 W, 56
2026/09/15 06:07:51.042, 1 %, 2 %, 15838 MiB, 16384 MiB, 50.49 W, 56
2026/09/15 06:07:52.045, 1 %, 2 %, 15838 MiB, 16384 MiB, 47.03 W, 56
2026/09/15 06:07:53.048, 1 %, 2 %, 15838 MiB, 16384 MiB, 47.05 W, 56
2026/09/15 06:07:54.051, 1 %, 2 %, 15838 MiB, 16384 MiB, 47.16 W, 56
2026/09/15 06:07:55.054, 4 %, 5 %, 15838 MiB, 16384 MiB, 46.98 W, 56
2026/09/15 06:07:56.057, 4 %, 4 %, 15838 MiB, 16384 MiB, 46.86 W, 56
2026/09/15 06:07:57.060, 5 %, 5 %, 15838 MiB, 16384 MiB, 50.26 W, 56
2026/09/15 06:07:58.063, 2 %, 3 %, 15838 MiB, 16384 MiB, 48.15 W, 56
2026/09/15 06:07:59.066, 1 %, 2 %, 15838 MiB, 16384 MiB, 47.48 W, 56
2026/09/15 06:08:00.069, 1 %, 2 %, 15838 MiB, 16384 MiB, 47.58 W, 56
2026/09/15 06:08:01.073, 1 %, 2 %, 15838 MiB, 16384 MiB, 46.96 W, 56
2026/09/15 06:08:02.075, 4 %, 4 %, 15838 MiB, 16384 MiB, 47.08 W, 56
2026/09/15 06:08:03.078, 4 %, 4 %, 15838 MiB, 16384 MiB, 46.38 W, 55
2026/09/15 06:08:04.082, 4 %, 4 %, 15838 MiB, 16384 MiB, 50.24 W, 55
2026/09/15 06:08:05.084, 1 %, 2 %, 15838 MiB, 16384 MiB, 46.75 W, 55
2026/09/15 06:08:06.088, 1 %, 2 %, 15838 MiB, 16384 MiB, 47.04 W, 56
2026/09/15 06:08:07.091, 1 %, 2 %, 15838 MiB, 16384 MiB, 46.89 W, 55
2026/09/15 06:08:08.094, 100 %, 7 %, 15838 MiB, 16384 MiB, 113.49 W, 58
2026/09/15 06:08:09.098, 100 %, 84 %, 15838 MiB, 16384 MiB, 140.58 W, 58
2026/09/15 06:08:10.100, 100 %, 0 %, 15838 MiB, 16384 MiB, 118.38 W, 61
2026/09/15 06:08:11.103, 100 %, 0 %, 15838 MiB, 16384 MiB, 118.51 W, 59
2026/09/15 06:08:12.105, 100 %, 0 %, 15838 MiB, 16384 MiB, 118.78 W, 60
2026/09/15 06:08:13.107, 100 %, 29 %, 15838 MiB, 16384 MiB, 112.95 W, 60
2026/09/15 06:08:14.112, 100 %, 21 %, 15838 MiB, 16384 MiB, 258.99 W, 64
2026/09/15 06:08:15.125, 100 %, 0 %, 15838 MiB, 16384 MiB, 120.61 W, 61
2026/09/15 06:08:16.127, 100 %, 0 %, 15838 MiB, 16384 MiB, 118.98 W, 61
2026/09/15 06:08:17.130, 100 %, 7 %, 15838 MiB, 16384 MiB, 117.62 W, 61
2026/09/15 06:08:18.133, 100 %, 79 %, 15838 MiB, 16384 MiB, 157.96 W, 61
2026/09/15 06:08:19.135, 100 %, 0 %, 15838 MiB, 16384 MiB, 121.06 W, 62
2026/09/15 06:08:20.137, 100 %, 0 %, 15838 MiB, 16384 MiB, 117.91 W, 62
2026/09/15 06:08:21.139, 100 %, 0 %, 15838 MiB, 16384 MiB, 116.77 W, 62
2026/09/15 06:08:22.142, 100 %, 41 %, 15838 MiB, 16384 MiB, 64.64 W, 63
2026/09/15 06:08:23.145, 100 %, 5 %, 15838 MiB, 16384 MiB, 206.29 W, 66
2026/09/15 06:08:24.148, 100 %, 0 %, 15838 MiB, 16384 MiB, 120.08 W, 63
2026/09/15 06:08:25.150, 100 %, 0 %, 15838 MiB, 16384 MiB, 118.40 W, 63
2026/09/15 06:08:26.153, 100 %, 9 %, 15838 MiB, 16384 MiB, 126.87 W, 64
2026/09/15 06:08:27.156, 100 %, 58 %, 15838 MiB, 16384 MiB, 205.40 W, 66
2026/09/15 06:08:28.159, 100 %, 0 %, 15838 MiB, 16384 MiB, 120.72 W, 64
2026/09/15 06:08:29.162, 100 %, 0 %, 15838 MiB, 16384 MiB, 121.14 W, 64
2026/09/15 06:08:30.164, 100 %, 6 %, 15838 MiB, 16384 MiB, 115.74 W, 65
2026/09/15 06:08:31.166, 100 %, 69 %, 15838 MiB, 16384 MiB, 101.27 W, 64
2026/09/15 06:08:32.171, 100 %, 0 %, 15838 MiB, 16384 MiB, 121.82 W, 65
2026/09/15 06:08:33.173, 100 %, 0 %, 15838 MiB, 16384 MiB, 120.48 W, 65
2026/09/15 06:08:34.175, 100 %, 0 %, 15838 MiB, 16384 MiB, 118.02 W, 66
2026/09/15 06:08:35.178, 100 %, 27 %, 15838 MiB, 16384 MiB, 82.27 W, 67
2026/09/15 06:08:36.181, 100 %, 21 %, 15838 MiB, 16384 MiB, 122.32 W, 69
2026/09/15 06:08:37.184, 100 %, 0 %, 15838 MiB, 16384 MiB, 122.60 W, 66
2026/09/15 06:08:38.186, 100 %, 0 %, 15838 MiB, 16384 MiB, 119.50 W, 66
2026/09/15 06:08:39.188, 100 %, 65 %, 15838 MiB, 16384 MiB, 132.58 W, 67
2026/09/15 06:08:40.191, 100 %, 0 %, 15838 MiB, 16384 MiB, 258.50 W, 69
2026/09/15 06:08:41.194, 100 %, 0 %, 15838 MiB, 16384 MiB, 120.49 W, 67
2026/09/15 06:08:42.197, 100 %, 0 %, 15838 MiB, 16384 MiB, 120.62 W, 67
2026/09/15 06:08:43.199, 100 %, 27 %, 15838 MiB, 16384 MiB, 114.67 W, 67
2026/09/15 06:08:44.201, 100 %, 22 %, 15838 MiB, 16384 MiB, 206.74 W, 68
2026/09/15 06:08:45.204, 100 %, 0 %, 15838 MiB, 16384 MiB, 121.15 W, 68
2026/09/15 06:08:46.207, 100 %, 0 %, 15838 MiB, 16384 MiB, 121.71 W, 68
2026/09/15 06:08:47.209, 100 %, 8 %, 15838 MiB, 16384 MiB, 118.55 W, 68
2026/09/15 06:08:48.211, 100 %, 46 %, 15838 MiB, 16384 MiB, 116.10 W, 67
2026/09/15 06:08:49.214, 100 %, 0 %, 15838 MiB, 16384 MiB, 121.72 W, 68
2026/09/15 06:08:50.216, 100 %, 0 %, 15838 MiB, 16384 MiB, 121.66 W, 68
2026/09/15 06:08:51.219, 100 %, 7 %, 15838 MiB, 16384 MiB, 121.51 W, 69
2026/09/15 06:08:52.221, 100 %, 77 %, 15838 MiB, 16384 MiB, 66.82 W, 70
2026/09/15 06:08:53.223, 100 %, 0 %, 15838 MiB, 16384 MiB, 200.57 W, 72
2026/09/15 06:08:54.226, 100 %, 0 %, 15838 MiB, 16384 MiB, 122.07 W, 69
2026/09/15 06:08:55.229, 100 %, 0 %, 15838 MiB, 16384 MiB, 121.74 W, 69
2026/09/15 06:08:56.231, 100 %, 48 %, 15838 MiB, 16384 MiB, 146.26 W, 69
2026/09/15 06:08:57.235, 100 %, 0 %, 15838 MiB, 16384 MiB, 239.44 W, 72
2026/09/15 06:08:58.239, 100 %, 0 %, 15838 MiB, 16384 MiB, 120.44 W, 69
2026/09/15 06:08:59.242, 62 %, 57 %, 15838 MiB, 16384 MiB, 64.89 W, 68
2026/09/15 06:09:00.244, 100 %, 0 %, 15838 MiB, 16384 MiB, 122.54 W, 69
2026/09/15 06:09:01.247, 1 %, 2 %, 15838 MiB, 16384 MiB, 64.67 W, 68
2026/09/15 06:09:02.249, 100 %, 0 %, 15838 MiB, 16384 MiB, 122.52 W, 70
2026/09/15 06:09:03.251, 53 %, 6 %, 15838 MiB, 16384 MiB, 117.52 W, 69
2026/09/15 06:09:04.254, 100 %, 61 %, 15838 MiB, 16384 MiB, 209.83 W, 69
2026/09/15 06:09:05.257, 100 %, 0 %, 15838 MiB, 16384 MiB, 121.54 W, 70
2026/09/15 06:09:06.261, 1 %, 2 %, 15838 MiB, 16384 MiB, 64.99 W, 68
2026/09/15 06:09:07.263, 100 %, 0 %, 15838 MiB, 16384 MiB, 123.13 W, 70
2026/09/15 06:09:08.266, 1 %, 2 %, 15838 MiB, 16384 MiB, 68.85 W, 69
2026/09/15 06:09:09.268, 100 %, 1 %, 15838 MiB, 16384 MiB, 208.57 W, 72
2026/09/15 06:09:10.271, 100 %, 0 %, 15838 MiB, 16384 MiB, 119.79 W, 70
2026/09/15 06:09:11.273, 47 %, 42 %, 15838 MiB, 16384 MiB, 64.10 W, 68
2026/09/15 06:09:12.276, 100 %, 0 %, 15838 MiB, 16384 MiB, 122.97 W, 70
2026/09/15 06:09:13.278, 1 %, 2 %, 15838 MiB, 16384 MiB, 65.52 W, 68
2026/09/15 06:09:14.281, 100 %, 0 %, 15838 MiB, 16384 MiB, 123.21 W, 70
2026/09/15 06:09:15.283, 68 %, 7 %, 15838 MiB, 16384 MiB, 119.55 W, 70
2026/09/15 06:09:16.285, 100 %, 74 %, 15838 MiB, 16384 MiB, 190.12 W, 69
2026/09/15 06:09:17.288, 100 %, 0 %, 15838 MiB, 16384 MiB, 122.69 W, 70
2026/09/15 06:09:18.291, 1 %, 2 %, 15838 MiB, 16384 MiB, 65.22 W, 68
2026/09/15 06:09:19.294, 100 %, 0 %, 15838 MiB, 16384 MiB, 123.30 W, 70
2026/09/15 06:09:20.296, 4 %, 4 %, 15838 MiB, 16384 MiB, 122.12 W, 70
2026/09/15 06:09:21.298, 100 %, 17 %, 15838 MiB, 16384 MiB, 249.72 W, 72
2026/09/15 06:09:22.302, 100 %, 0 %, 15838 MiB, 16384 MiB, 120.47 W, 70
2026/09/15 06:09:23.304, 42 %, 37 %, 15838 MiB, 16384 MiB, 64.96 W, 69
2026/09/15 06:09:24.306, 100 %, 0 %, 15838 MiB, 16384 MiB, 123.91 W, 70
2026/09/15 06:09:25.309, 1 %, 2 %, 15838 MiB, 16384 MiB, 65.42 W, 69
2026/09/15 06:09:26.311, 100 %, 0 %, 15838 MiB, 16384 MiB, 123.67 W, 70
2026/09/15 06:09:27.314, 81 %, 6 %, 15838 MiB, 16384 MiB, 119.98 W, 70
2026/09/15 06:09:28.316, 99 %, 81 %, 15838 MiB, 16384 MiB, 141.81 W, 70
2026/09/15 06:09:29.320, 100 %, 0 %, 15838 MiB, 16384 MiB, 122.61 W, 70
2026/09/15 06:09:30.322, 1 %, 2 %, 15838 MiB, 16384 MiB, 65.93 W, 69
2026/09/15 06:09:31.325, 100 %, 0 %, 15838 MiB, 16384 MiB, 123.73 W, 70
2026/09/15 06:09:32.329, 15 %, 8 %, 15838 MiB, 16384 MiB, 136.87 W, 70
2026/09/15 06:09:33.331, 100 %, 29 %, 15838 MiB, 16384 MiB, 248.90 W, 73
2026/09/15 06:09:34.334, 100 %, 0 %, 15838 MiB, 16384 MiB, 121.85 W, 70
2026/09/15 06:09:35.336, 28 %, 26 %, 15838 MiB, 16384 MiB, 65.83 W, 69
2026/09/15 06:09:36.339, 100 %, 0 %, 15838 MiB, 16384 MiB, 123.54 W, 70
2026/09/15 06:09:37.341, 2 %, 3 %, 15838 MiB, 16384 MiB, 66.11 W, 69
2026/09/15 06:09:38.344, 100 %, 0 %, 15838 MiB, 16384 MiB, 124.13 W, 70
2026/09/15 06:09:39.348, 89 %, 8 %, 15838 MiB, 16384 MiB, 114.58 W, 70
2026/09/15 06:09:40.350, 92 %, 79 %, 15838 MiB, 16384 MiB, 208.87 W, 70
2026/09/15 06:09:41.352, 100 %, 0 %, 15838 MiB, 16384 MiB, 123.28 W, 70
2026/09/15 06:09:42.354, 2 %, 3 %, 15838 MiB, 16384 MiB, 66.02 W, 69
2026/09/15 06:09:43.357, 100 %, 0 %, 15838 MiB, 16384 MiB, 124.03 W, 71
2026/09/15 06:09:44.359, 33 %, 7 %, 15838 MiB, 16384 MiB, 83.19 W, 70
2026/09/15 06:09:45.362, 100 %, 45 %, 15838 MiB, 16384 MiB, 213.23 W, 73
2026/09/15 06:09:46.367, 100 %, 0 %, 15838 MiB, 16384 MiB, 121.75 W, 70
2026/09/15 06:09:47.369, 2 %, 2 %, 15838 MiB, 16384 MiB, 65.13 W, 69
2026/09/15 06:09:48.372, 100 %, 0 %, 15838 MiB, 16384 MiB, 124.33 W, 71
2026/09/15 06:09:49.374, 1 %, 3 %, 15838 MiB, 16384 MiB, 65.91 W, 69
2026/09/15 06:09:50.376, 100 %, 0 %, 15838 MiB, 16384 MiB, 124.48 W, 71
2026/09/15 06:09:51.379, 100 %, 0 %, 15838 MiB, 16384 MiB, 120.67 W, 70
2026/09/15 06:09:52.382, 66 %, 58 %, 15838 MiB, 16384 MiB, 186.75 W, 70
2026/09/15 06:09:53.385, 100 %, 0 %, 15838 MiB, 16384 MiB, 123.64 W, 71
2026/09/15 06:09:54.387, 16 %, 15 %, 15838 MiB, 16384 MiB, 65.86 W, 69
2026/09/15 06:09:55.390, 100 %, 0 %, 15838 MiB, 16384 MiB, 124.29 W, 71
2026/09/15 06:09:56.392, 1 %, 2 %, 15838 MiB, 16384 MiB, 137.49 W, 70
2026/09/15 06:09:57.394, 100 %, 0 %, 15838 MiB, 16384 MiB, 249.09 W, 73
2026/09/15 06:09:58.399, 100 %, 0 %, 15838 MiB, 16384 MiB, 124.61 W, 71
2026/09/15 06:09:59.401, 69 %, 61 %, 15838 MiB, 16384 MiB, 67.24 W, 69
2026/09/15 06:10:00.403, 100 %, 0 %, 15838 MiB, 16384 MiB, 124.24 W, 71
2026/09/15 06:10:01.406, 1 %, 2 %, 15838 MiB, 16384 MiB, 66.33 W, 69
2026/09/15 06:10:02.408, 100 %, 0 %, 15838 MiB, 16384 MiB, 124.11 W, 72
2026/09/15 06:10:03.411, 45 %, 8 %, 15838 MiB, 16384 MiB, 121.50 W, 71
2026/09/15 06:10:04.413, 100 %, 53 %, 15838 MiB, 16384 MiB, 98.21 W, 70
2026/09/15 06:10:05.416, 100 %, 0 %, 15838 MiB, 16384 MiB, 124.24 W, 71
2026/09/15 06:10:06.419, 1 %, 2 %, 15838 MiB, 16384 MiB, 65.50 W, 69
2026/09/15 06:10:07.421, 100 %, 0 %, 15838 MiB, 16384 MiB, 124.65 W, 71
2026/09/15 06:10:08.424, 1 %, 2 %, 15838 MiB, 16384 MiB, 146.44 W, 70
2026/09/15 06:10:09.426, 100 %, 0 %, 15838 MiB, 16384 MiB, 219.06 W, 73
2026/09/15 06:10:10.429, 100 %, 10 %, 15838 MiB, 16384 MiB, 73.22 W, 69
2026/09/15 06:10:11.432, 100 %, 8 %, 15838 MiB, 16384 MiB, 72.38 W, 69
2026/09/15 06:10:12.434, 100 %, 9 %, 15838 MiB, 16384 MiB, 72.27 W, 68
2026/09/15 06:10:13.436, 100 %, 6 %, 15838 MiB, 16384 MiB, 66.10 W, 69
2026/09/15 06:10:14.439, 100 %, 6 %, 15838 MiB, 16384 MiB, 66.09 W, 68
2026/09/15 06:10:15.441, 65 %, 5 %, 15838 MiB, 16384 MiB, 65.83 W, 68
2026/09/15 06:10:16.444, 1 %, 2 %, 15838 MiB, 16384 MiB, 64.97 W, 68
2026/09/15 06:10:17.446, 1 %, 2 %, 15838 MiB, 16384 MiB, 54.74 W, 67
2026/09/15 06:10:18.449, 1 %, 2 %, 15838 MiB, 16384 MiB, 50.88 W, 66
2026/09/15 06:10:19.452, 1 %, 2 %, 15838 MiB, 16384 MiB, 51.55 W, 66
2026/09/15 06:10:20.455, 3 %, 4 %, 15838 MiB, 16384 MiB, 51.54 W, 66
2026/09/15 06:10:21.459, 3 %, 4 %, 15838 MiB, 16384 MiB, 50.86 W, 66
2026/09/15 06:10:22.462, 3 %, 4 %, 15838 MiB, 16384 MiB, 50.64 W, 65
2026/09/15 06:10:23.465, 1 %, 2 %, 15838 MiB, 16384 MiB, 54.08 W, 65
2026/09/15 06:10:24.468, 2 %, 3 %, 15838 MiB, 16384 MiB, 54.19 W, 65
2026/09/15 06:10:25.471, 1 %, 2 %, 15838 MiB, 16384 MiB, 50.44 W, 65
2026/09/15 06:10:26.474, 1 %, 2 %, 15838 MiB, 16384 MiB, 50.51 W, 64
2026/09/15 06:10:27.477, 1 %, 2 %, 15838 MiB, 16384 MiB, 50.64 W, 64
2026/09/15 06:10:28.479, 3 %, 4 %, 15838 MiB, 16384 MiB, 50.54 W, 64
2026/09/15 06:10:29.482, 3 %, 4 %, 15838 MiB, 16384 MiB, 50.51 W, 64
2026/09/15 06:10:30.484, 1 %, 2 %, 15838 MiB, 16384 MiB, 49.73 W, 64
2026/09/15 06:10:31.487, 1 %, 2 %, 15838 MiB, 16384 MiB, 53.76 W, 64
2026/09/15 06:10:32.489, 2 %, 3 %, 15838 MiB, 16384 MiB, 53.93 W, 63
2026/09/15 06:10:33.492, 1 %, 3 %, 15838 MiB, 16384 MiB, 50.04 W, 63
2026/09/15 06:10:34.494, 1 %, 2 %, 15838 MiB, 16384 MiB, 49.99 W, 63
2026/09/15 06:10:35.497, 1 %, 2 %, 15838 MiB, 16384 MiB, 49.88 W, 63
2026/09/15 06:10:36.500, 3 %, 4 %, 15838 MiB, 16384 MiB, 49.76 W, 62
2026/09/15 06:10:37.502, 3 %, 4 %, 15838 MiB, 16384 MiB, 49.74 W, 62
2026/09/15 06:10:38.505, 100 %, 6 %, 15838 MiB, 16384 MiB, 63.67 W, 63
2026/09/15 06:10:39.507, 100 %, 6 %, 15838 MiB, 16384 MiB, 63.96 W, 63
2026/09/15 06:10:40.509, 100 %, 6 %, 15838 MiB, 16384 MiB, 71.21 W, 63
2026/09/15 06:10:41.512, 100 %, 9 %, 15838 MiB, 16384 MiB, 71.28 W, 63
2026/09/15 06:10:42.514, 100 %, 7 %, 15838 MiB, 16384 MiB, 69.28 W, 63
2026/09/15 06:10:43.517, 100 %, 6 %, 15838 MiB, 16384 MiB, 61.37 W, 63
2026/09/15 06:10:44.520, 1 %, 2 %, 15838 MiB, 16384 MiB, 67.87 W, 63
2026/09/15 06:10:45.522, 1 %, 2 %, 15838 MiB, 16384 MiB, 49.17 W, 62
2026/09/15 06:10:46.525, 1 %, 2 %, 15838 MiB, 16384 MiB, 49.17 W, 61
2026/09/15 06:10:47.527, 3 %, 4 %, 15838 MiB, 16384 MiB, 49.34 W, 61
2026/09/15 06:10:48.530, 3 %, 4 %, 15838 MiB, 16384 MiB, 49.42 W, 61
2026/09/15 06:10:49.533, 3 %, 4 %, 15838 MiB, 16384 MiB, 49.48 W, 61
2026/09/15 06:10:50.536, 1 %, 2 %, 15838 MiB, 16384 MiB, 48.93 W, 61
2026/09/15 06:10:51.539, 1 %, 2 %, 15838 MiB, 16384 MiB, 53.01 W, 61
2026/09/15 06:10:52.542, 1 %, 3 %, 15838 MiB, 16384 MiB, 49.44 W, 60
2026/09/15 06:10:53.545, 2 %, 3 %, 15838 MiB, 16384 MiB, 49.18 W, 60
2026/09/15 06:10:54.547, 4 %, 5 %, 15838 MiB, 16384 MiB, 49.23 W, 60
2026/09/15 06:10:55.550, 3 %, 4 %, 15838 MiB, 16384 MiB, 49.14 W, 60
2026/09/15 06:10:56.553, 4 %, 5 %, 15838 MiB, 16384 MiB, 49.08 W, 60
2026/09/15 06:10:57.556, 1 %, 2 %, 15838 MiB, 16384 MiB, 48.35 W, 60
2026/09/15 06:10:58.558, 1 %, 2 %, 15838 MiB, 16384 MiB, 48.63 W, 60
2026/09/15 06:10:59.561, 1 %, 2 %, 15838 MiB, 16384 MiB, 49.13 W, 60
2026/09/15 06:11:00.563, 1 %, 3 %, 15838 MiB, 16384 MiB, 49.11 W, 59
2026/09/15 06:11:01.566, 1 %, 2 %, 15838 MiB, 16384 MiB, 48.46 W, 59
2026/09/15 06:11:02.568, 3 %, 4 %, 15838 MiB, 16384 MiB, 48.58 W, 59
2026/09/15 06:11:03.574, 3 %, 4 %, 15838 MiB, 16384 MiB, 48.35 W, 59
2026/09/15 06:11:04.577, 3 %, 4 %, 15838 MiB, 16384 MiB, 52.18 W, 59
2026/09/15 06:11:05.579, 1 %, 2 %, 15838 MiB, 16384 MiB, 52.33 W, 59
2026/09/15 06:11:06.582, 100 %, 6 %, 15838 MiB, 16384 MiB, 68.24 W, 60
2026/09/15 06:11:07.585, 100 %, 6 %, 15838 MiB, 16384 MiB, 67.79 W, 60
2026/09/15 06:11:08.587, 100 %, 6 %, 15838 MiB, 16384 MiB, 62.16 W, 60
2026/09/15 06:11:09.589, 100 %, 9 %, 15838 MiB, 16384 MiB, 68.41 W, 60
2026/09/15 06:11:10.592, 100 %, 6 %, 15838 MiB, 16384 MiB, 68.54 W, 60
2026/09/15 06:11:11.594, 100 %, 6 %, 15838 MiB, 16384 MiB, 68.42 W, 60
2026/09/15 06:11:12.597, 1 %, 2 %, 15838 MiB, 16384 MiB, 61.21 W, 59
2026/09/15 06:11:13.599, 3 %, 4 %, 15838 MiB, 16384 MiB, 54.99 W, 59
2026/09/15 06:11:14.602, 3 %, 4 %, 15838 MiB, 16384 MiB, 48.03 W, 59
2026/09/15 06:11:15.604, 3 %, 4 %, 15838 MiB, 16384 MiB, 51.82 W, 58
2026/09/15 06:11:16.607, 1 %, 2 %, 15838 MiB, 16384 MiB, 51.63 W, 58
2026/09/15 06:11:17.609, 1 %, 2 %, 15838 MiB, 16384 MiB, 48.29 W, 58
2026/09/15 06:11:18.612, 1 %, 2 %, 15838 MiB, 16384 MiB, 48.11 W, 58
2026/09/15 06:11:19.614, 1 %, 2 %, 15838 MiB, 16384 MiB, 48.98 W, 58
2026/09/15 06:11:20.617, 1 %, 2 %, 15838 MiB, 16384 MiB, 48.98 W, 58
2026/09/15 06:11:21.620, 3 %, 4 %, 15838 MiB, 16384 MiB, 48.35 W, 58
2026/09/15 06:11:22.623, 3 %, 4 %, 15838 MiB, 16384 MiB, 47.88 W, 58
2026/09/15 06:11:23.627, 4 %, 5 %, 15838 MiB, 16384 MiB, 51.29 W, 58
2026/09/15 06:11:24.630, 2 %, 3 %, 15838 MiB, 16384 MiB, 51.75 W, 58
2026/09/15 06:11:25.633, 1 %, 2 %, 15838 MiB, 16384 MiB, 47.99 W, 58
2026/09/15 06:11:26.637, 1 %, 2 %, 15838 MiB, 16384 MiB, 48.10 W, 57
2026/09/15 06:11:27.640, 1 %, 2 %, 15838 MiB, 16384 MiB, 47.96 W, 57
2026/09/15 06:11:28.643, 4 %, 5 %, 15838 MiB, 16384 MiB, 48.05 W, 57
2026/09/15 06:11:29.646, 3 %, 4 %, 15838 MiB, 16384 MiB, 48.12 W, 57
2026/09/15 06:11:30.649, 3 %, 4 %, 15838 MiB, 16384 MiB, 47.30 W, 57
2026/09/15 06:11:31.653, 1 %, 2 %, 15838 MiB, 16384 MiB, 51.30 W, 57
2026/09/15 06:11:32.656, 1 %, 2 %, 15838 MiB, 16384 MiB, 47.76 W, 57
2026/09/15 06:11:33.659, 1 %, 2 %, 15838 MiB, 16384 MiB, 47.78 W, 57
2026/09/15 06:11:34.662, 100 %, 6 %, 15838 MiB, 16384 MiB, 62.99 W, 58
2026/09/15 06:11:35.666, 100 %, 6 %, 15838 MiB, 16384 MiB, 67.33 W, 58
2026/09/15 06:11:36.669, 100 %, 6 %, 15838 MiB, 16384 MiB, 61.18 W, 58
2026/09/15 06:11:37.672, 100 %, 9 %, 15838 MiB, 16384 MiB, 67.35 W, 58
2026/09/15 06:11:38.675, 100 %, 6 %, 15838 MiB, 16384 MiB, 67.68 W, 58
2026/09/15 06:11:39.680, 100 %, 6 %, 15838 MiB, 16384 MiB, 68.72 W, 58
2026/09/15 06:11:40.682, 3 %, 4 %, 15838 MiB, 16384 MiB, 61.13 W, 58
2026/09/15 06:11:41.685, 3 %, 4 %, 15838 MiB, 16384 MiB, 64.96 W, 58
2026/09/15 06:11:42.689, 1 %, 2 %, 15838 MiB, 16384 MiB, 47.73 W, 57
2026/09/15 06:11:43.692, 1 %, 2 %, 15838 MiB, 16384 MiB, 47.75 W, 57
2026/09/15 06:11:44.695, 1 %, 2 %, 15838 MiB, 16384 MiB, 47.63 W, 57
2026/09/15 06:11:45.698, 1 %, 2 %, 15838 MiB, 16384 MiB, 47.67 W, 57
2026/09/15 06:11:46.701, 3 %, 4 %, 15838 MiB, 16384 MiB, 47.88 W, 57
2026/09/15 06:11:47.705, 3 %, 4 %, 15838 MiB, 16384 MiB, 47.66 W, 57
2026/09/15 06:11:48.708, 3 %, 4 %, 15838 MiB, 16384 MiB, 46.89 W, 57
2026/09/15 06:11:49.711, 1 %, 2 %, 15838 MiB, 16384 MiB, 51.21 W, 57
2026/09/15 06:11:50.714, 1 %, 2 %, 15838 MiB, 16384 MiB, 47.32 W, 57
2026/09/15 06:11:51.717, 2 %, 3 %, 15838 MiB, 16384 MiB, 47.83 W, 57
2026/09/15 06:11:52.721, 2 %, 3 %, 15838 MiB, 16384 MiB, 47.74 W, 56
2026/09/15 06:11:53.723, 1 %, 2 %, 15838 MiB, 16384 MiB, 47.50 W, 56
2026/09/15 06:11:54.727, 3 %, 4 %, 15838 MiB, 16384 MiB, 47.40 W, 56
2026/09/15 06:11:55.730, 3 %, 4 %, 15838 MiB, 16384 MiB, 46.96 W, 56
2026/09/15 06:11:56.733, 1 %, 2 %, 15838 MiB, 16384 MiB, 50.80 W, 56
2026/09/15 06:11:57.737, 1 %, 2 %, 15838 MiB, 16384 MiB, 51.06 W, 56
2026/09/15 06:11:58.740, 1 %, 2 %, 15838 MiB, 16384 MiB, 51.35 W, 56
2026/09/15 06:11:59.744, 2 %, 3 %, 15838 MiB, 16384 MiB, 47.60 W, 56
2026/09/15 06:12:00.747, 1 %, 2 %, 15838 MiB, 16384 MiB, 47.52 W, 56
2026/09/15 06:12:01.750, 3 %, 4 %, 15838 MiB, 16384 MiB, 48.08 W, 56
2026/09/15 06:12:02.753, 55 %, 9 %, 15838 MiB, 16384 MiB, 61.98 W, 57
2026/09/15 06:12:03.757, 100 %, 6 %, 15838 MiB, 16384 MiB, 67.09 W, 57
2026/09/15 06:12:04.760, 100 %, 9 %, 15838 MiB, 16384 MiB, 67.08 W, 57
2026/09/15 06:12:05.763, 100 %, 8 %, 15838 MiB, 16384 MiB, 67.28 W, 57
2026/09/15 06:12:06.766, 100 %, 6 %, 15838 MiB, 16384 MiB, 60.97 W, 57
2026/09/15 06:12:07.769, 100 %, 6 %, 15838 MiB, 16384 MiB, 67.09 W, 57
2026/09/15 06:12:08.772, 1 %, 2 %, 15838 MiB, 16384 MiB, 58.65 W, 57
2026/09/15 06:12:09.776, 1 %, 2 %, 15838 MiB, 16384 MiB, 59.54 W, 57
2026/09/15 06:12:10.780, 1 %, 3 %, 15838 MiB, 16384 MiB, 47.75 W, 56
2026/09/15 06:12:11.783, 1 %, 2 %, 15838 MiB, 16384 MiB, 47.61 W, 56
2026/09/15 06:12:12.786, 3 %, 4 %, 15838 MiB, 16384 MiB, 47.62 W, 56
2026/09/15 06:12:13.789, 3 %, 4 %, 15838 MiB, 16384 MiB, 47.68 W, 56
2026/09/15 06:12:14.792, 3 %, 4 %, 15838 MiB, 16384 MiB, 47.47 W, 56
2026/09/15 06:12:15.795, 1 %, 2 %, 15838 MiB, 16384 MiB, 47.17 W, 56
2026/09/15 06:12:16.798, 1 %, 3 %, 15838 MiB, 16384 MiB, 50.76 W, 56
2026/09/15 06:12:17.801, 1 %, 2 %, 15838 MiB, 16384 MiB, 50.99 W, 56
2026/09/15 06:12:18.804, 1 %, 2 %, 15838 MiB, 16384 MiB, 47.61 W, 56
2026/09/15 06:12:19.808, 1 %, 2 %, 15838 MiB, 16384 MiB, 47.81 W, 56
2026/09/15 06:12:20.811, 3 %, 4 %, 15838 MiB, 16384 MiB, 47.77 W, 56
2026/09/15 06:12:21.813, 3 %, 4 %, 15838 MiB, 16384 MiB, 48.13 W, 56
2026/09/15 06:12:22.817, 3 %, 5 %, 15838 MiB, 16384 MiB, 48.05 W, 56
2026/09/15 06:12:23.819, 1 %, 2 %, 15838 MiB, 16384 MiB, 47.28 W, 56
2026/09/15 06:12:24.822, 1 %, 2 %, 15838 MiB, 16384 MiB, 50.72 W, 56
2026/09/15 06:12:25.825, 1 %, 2 %, 15838 MiB, 16384 MiB, 50.77 W, 56
2026/09/15 06:12:26.829, 1 %, 3 %, 15838 MiB, 16384 MiB, 47.05 W, 56
2026/09/15 06:12:27.832, 2 %, 3 %, 15838 MiB, 16384 MiB, 47.42 W, 56
2026/09/15 06:12:28.835, 1 %, 2 %, 15838 MiB, 16384 MiB, 47.40 W, 56
2026/09/15 06:12:29.838, 3 %, 4 %, 15838 MiB, 16384 MiB, 47.24 W, 56
2026/09/15 06:12:30.842, 41 %, 9 %, 15838 MiB, 16384 MiB, 52.65 W, 56
2026/09/15 06:12:31.845, 100 %, 9 %, 15838 MiB, 16384 MiB, 66.83 W, 57
2026/09/15 06:12:32.848, 100 %, 9 %, 15838 MiB, 16384 MiB, 67.01 W, 57
2026/09/15 06:12:33.851, 100 %, 6 %, 15838 MiB, 16384 MiB, 60.81 W, 57
2026/09/15 06:12:34.855, 100 %, 6 %, 15838 MiB, 16384 MiB, 60.72 W, 57
2026/09/15 06:12:35.858, 100 %, 9 %, 15838 MiB, 16384 MiB, 66.89 W, 57
2026/09/15 06:12:36.861, 1 %, 2 %, 15838 MiB, 16384 MiB, 64.70 W, 57
2026/09/15 06:12:37.865, 1 %, 2 %, 15838 MiB, 16384 MiB, 59.50 W, 57
2026/09/15 06:12:38.869, 1 %, 2 %, 15838 MiB, 16384 MiB, 47.57 W, 56
2026/09/15 06:12:39.872, 3 %, 4 %, 15838 MiB, 16384 MiB, 47.55 W, 56
2026/09/15 06:12:40.876, 3 %, 4 %, 15838 MiB, 16384 MiB, 47.52 W, 56
2026/09/15 06:12:41.878, 3 %, 4 %, 15838 MiB, 16384 MiB, 47.96 W, 56
2026/09/15 06:12:42.882, 1 %, 2 %, 15838 MiB, 16384 MiB, 47.82 W, 56
2026/09/15 06:12:43.885, 1 %, 2 %, 15838 MiB, 16384 MiB, 47.04 W, 56
2026/09/15 06:12:44.888, 2 %, 3 %, 15838 MiB, 16384 MiB, 50.71 W, 56
2026/09/15 06:12:45.892, 1 %, 2 %, 15838 MiB, 16384 MiB, 49.93 W, 56
2026/09/15 06:12:46.895, 1 %, 2 %, 15838 MiB, 16384 MiB, 47.62 W, 56
2026/09/15 06:12:47.898, 1 %, 2 %, 15838 MiB, 16384 MiB, 48.07 W, 56
2026/09/15 06:12:48.902, 3 %, 4 %, 15838 MiB, 16384 MiB, 48.01 W, 56
2026/09/15 06:12:49.904, 3 %, 4 %, 15838 MiB, 16384 MiB, 47.89 W, 56
2026/09/15 06:12:50.908, 4 %, 5 %, 15838 MiB, 16384 MiB, 47.88 W, 56
2026/09/15 06:12:51.911, 1 %, 2 %, 15838 MiB, 16384 MiB, 51.19 W, 56
2026/09/15 06:12:52.914, 1 %, 2 %, 15838 MiB, 16384 MiB, 51.19 W, 56
2026/09/15 06:12:53.917, 1 %, 2 %, 15838 MiB, 16384 MiB, 47.62 W, 56
2026/09/15 06:12:54.920, 1 %, 2 %, 15838 MiB, 16384 MiB, 47.65 W, 56
2026/09/15 06:12:55.923, 3 %, 4 %, 15838 MiB, 16384 MiB, 47.89 W, 56
2026/09/15 06:12:56.926, 3 %, 4 %, 15838 MiB, 16384 MiB, 47.66 W, 56
2026/09/15 06:12:57.930, 3 %, 4 %, 15838 MiB, 16384 MiB, 47.86 W, 56
2026/09/15 06:12:58.933, 1 %, 2 %, 15838 MiB, 16384 MiB, 50.50 W, 56
2026/09/15 06:12:59.936, 100 %, 9 %, 15838 MiB, 16384 MiB, 66.57 W, 56
2026/09/15 06:13:00.940, 100 %, 9 %, 15838 MiB, 16384 MiB, 66.49 W, 56
2026/09/15 06:13:01.943, 100 %, 6 %, 15838 MiB, 16384 MiB, 63.96 W, 57
2026/09/15 06:13:02.946, 100 %, 6 %, 15838 MiB, 16384 MiB, 62.05 W, 57
2026/09/15 06:13:03.949, 100 %, 7 %, 15838 MiB, 16384 MiB, 68.01 W, 57
2026/09/15 06:13:04.953, 1 %, 2 %, 15838 MiB, 16384 MiB, 59.65 W, 57
2026/09/15 06:13:05.956, 1 %, 2 %, 15838 MiB, 16384 MiB, 59.78 W, 57
2026/09/15 06:13:06.959, 3 %, 4 %, 15838 MiB, 16384 MiB, 47.29 W, 56
2026/09/15 06:13:07.963, 3 %, 4 %, 15838 MiB, 16384 MiB, 47.40 W, 56
2026/09/15 06:13:08.966, 2 %, 3 %, 15838 MiB, 16384 MiB, 47.43 W, 56
2026/09/15 06:13:09.969, 1 %, 2 %, 15838 MiB, 16384 MiB, 46.88 W, 56
2026/09/15 06:13:10.972, 1 %, 2 %, 15838 MiB, 16384 MiB, 50.53 W, 56
2026/09/15 06:13:11.976, 1 %, 2 %, 15838 MiB, 16384 MiB, 47.26 W, 56
2026/09/15 06:13:12.979, 1 %, 3 %, 15838 MiB, 16384 MiB, 47.39 W, 56
2026/09/15 06:13:13.981, 1 %, 2 %, 15838 MiB, 16384 MiB, 47.25 W, 56
2026/09/15 06:13:14.984, 3 %, 4 %, 15838 MiB, 16384 MiB, 47.12 W, 56
2026/09/15 06:13:15.988, 3 %, 4 %, 15838 MiB, 16384 MiB, 47.09 W, 56
2026/09/15 06:13:16.991, 2 %, 3 %, 15838 MiB, 16384 MiB, 46.90 W, 56
2026/09/15 06:13:17.994, 2 %, 3 %, 15838 MiB, 16384 MiB, 50.40 W, 56
2026/09/15 06:13:18.997, 2 %, 3 %, 15838 MiB, 16384 MiB, 47.22 W, 56
2026/09/15 06:13:20.000, 1 %, 2 %, 15838 MiB, 16384 MiB, 47.19 W, 56
2026/09/15 06:13:21.004, 3 %, 4 %, 15838 MiB, 16384 MiB, 47.38 W, 56
2026/09/15 06:13:22.008, 2 %, 3 %, 15838 MiB, 16384 MiB, 47.17 W, 56
2026/09/15 06:13:23.011, 1 %, 2 %, 15838 MiB, 16384 MiB, 47.78 W, 56
2026/09/15 06:13:24.014, 1 %, 2 %, 15838 MiB, 16384 MiB, 47.93 W, 55
2026/09/15 06:13:25.017, 3 %, 4 %, 15838 MiB, 16384 MiB, 46.89 W, 55
2026/09/15 06:13:26.023, 3 %, 4 %, 15838 MiB, 16384 MiB, 50.75 W, 55
2026/09/15 06:13:27.026, 13 %, 9 %, 15838 MiB, 16384 MiB, 47.17 W, 56
2026/09/15 06:13:28.028, 0 %, 0 %, 15838 MiB, 16384 MiB, 56.91 W, 56
2026/09/15 06:13:29.031, 0 %, 0 %, 15838 MiB, 16384 MiB, 56.67 W, 56
2026/09/15 06:13:30.039, 0 %, 0 %, 15838 MiB, 16384 MiB, 45.92 W, 55
2026/09/15 06:13:31.042, 0 %, 0 %, 15838 MiB, 16384 MiB, 45.96 W, 55
2026/09/15 06:13:32.045, 0 %, 0 %, 15838 MiB, 16384 MiB, 45.89 W, 55
2026/09/15 06:13:33.047, 0 %, 0 %, 15838 MiB, 16384 MiB, 45.92 W, 55
2026/09/15 06:13:34.050, 0 %, 0 %, 15838 MiB, 16384 MiB, 45.77 W, 55
2026/09/15 06:13:35.052, 0 %, 0 %, 15838 MiB, 16384 MiB, 46.00 W, 55
2026/09/15 06:13:36.054, 0 %, 0 %, 15838 MiB, 16384 MiB, 45.94 W, 55
2026/09/15 06:13:37.057, 0 %, 0 %, 15838 MiB, 16384 MiB, 46.01 W, 55
2026/09/15 06:13:38.059, 0 %, 0 %, 15838 MiB, 16384 MiB, 46.24 W, 55
2026/09/15 06:13:39.062, 0 %, 0 %, 15838 MiB, 16384 MiB, 45.95 W, 55
2026/09/15 06:13:40.064, 0 %, 0 %, 15838 MiB, 16384 MiB, 46.06 W, 55
2026/09/15 06:13:41.067, 0 %, 0 %, 15838 MiB, 16384 MiB, 45.84 W, 55
2026/09/15 06:13:42.069, 0 %, 0 %, 15838 MiB, 16384 MiB, 45.72 W, 55
2026/09/15 06:13:43.072, 39 %, 5 %, 7020 MiB, 16384 MiB, 48.46 W, 55
