wall_ns,read_MBps,write_MBps,read_lat_ms,write_lat_ms,inflight
1789599180182782077,14.8,0.0,0.10,0.00,0
1789599181210596098,20.0,0.1,0.09,2.00,0
1789599182237968116,42.6,0.0,0.11,0.00,0
1789599183265094475,1.2,0.0,0.09,0.00,0
1789599184295376050,0.0,0.0,14.00,0.00,0
1789599185325615107,37.4,0.0,0.17,0.00,0
1789599186354195402,0.6,0.0,0.41,1.50,0
1789599187384504594,7.5,0.0,0.41,0.00,0
1789599188412982665,0.0,0.6,0.00,2.60,0
1789599189441248215,0.0,0.0,0.00,0.00,0
1789599190469305460,8.8,0.0,0.09,0.00,0
1789599191496429052,66.6,0.1,0.15,1.50,0
1789599192522682925,68.0,0.0,0.13,0.00,0
1789599193550714217,13.0,0.2,0.27,0.07,0
1789599194580034281,0.0,0.0,14.00,0.00,0
1789599195609620028,0.0,0.2,0.00,8.50,0
1789599196648975934,0.0,0.0,0.00,0.00,0
1789599197674930279,0.0,0.0,0.00,0.00,0
1789599198704712246,0.0,0.2,0.00,2.95,0
1789599199736969034,0.0,0.0,0.00,0.00,0
1789599200766897267,0.1,0.1,0.94,8.50,0
1789599201796027464,0.0,0.0,0.00,0.00,0
1789599202825439485,0.0,0.0,0.00,0.00,0
1789599203855114559,0.0,0.2,0.00,5.95,0
1789599204885116905,0.0,0.0,0.00,0.00,0
1789599205914792696,0.0,0.1,0.00,8.50,0
1789599206942003836,0.0,0.0,0.00,0.00,0
1789599207970841978,2.1,0.0,1.09,0.00,0
1789599209000326349,0.0,0.3,7.00,0.05,0
1789599210030910820,0.5,0.0,0.18,0.00,0
1789599211058701544,0.1,1.5,0.22,1.20,0
1789599212087411160,0.1,0.0,0.21,0.00,0
1789599213114460979,0.1,0.0,0.22,0.00,0
1789599214141054237,0.1,1.4,0.19,0.07,0
1789599215169706428,0.1,0.0,0.17,0.00,0
1789599216198330326,0.2,3.6,0.15,1.00,0
1789599217225974971,0.3,0.0,1.00,0.00,0
1789599218256840950,970.0,0.0,6.87,0.00,38
1789599219291637943,1158.5,2.5,6.93,5.25,36
1789599220326637483,596.2,0.6,6.92,3.32,34
1789599221361916309,1021.4,1.6,6.46,11.00,35
1789599222397363423,1189.9,0.0,6.76,0.00,32
1789599223431184827,1205.4,0.0,6.49,0.00,31
1789599224464375383,1015.0,0.0,6.72,0.00,0
1789599225493091183,1178.6,1.7,6.78,0.10,33
1789599226527568677,1181.0,0.1,6.69,14.50,33
1789599227561675187,1160.7,0.0,6.28,0.00,0
1789599228592365377,1097.2,0.0,6.65,0.00,31
1789599229627115615,1185.1,0.1,6.78,1.05,33
1789599230661475951,1193.6,0.1,6.51,5.00,33
1789599231695927162,1054.2,0.0,6.59,0.00,34
1789599232730258519,1190.7,0.0,6.77,0.00,35
1789599233764866628,1195.1,0.0,6.57,0.00,33
1789599234799243798,1053.2,0.1,6.57,4.65,35
1789599235833523693,1217.0,0.0,6.45,14.50,33
1789599236867539458,1201.1,0.0,6.65,0.00,35
1789599237898129275,1057.1,0.0,6.69,0.00,34
1789599238932287930,1192.9,0.0,6.63,0.00,32
1789599239964589750,1189.7,0.4,6.71,5.27,32
1789599240999058745,1113.2,0.1,6.34,6.00,34
1789599242033998041,1197.2,0.0,6.73,0.00,33
1789599243069216104,1192.6,0.0,6.73,0.00,33
1789599244103864275,1105.3,0.0,6.40,0.00,34
1789599245137747662,1205.3,0.3,6.70,5.19,33
1789599246168436349,1192.0,0.1,6.61,13.50,34
1789599247200845889,1118.8,0.0,6.65,0.00,0
1789599248228128431,1174.9,0.0,6.68,0.00,33
1789599249262609642,1182.7,0.0,6.64,0.00,32
1789599250297514109,1199.0,0.0,6.60,0.00,34
1789599251330112734,1103.1,0.2,6.70,6.38,35
1789599252364598309,1197.1,0.0,6.54,0.00,34
1789599253399395489,1211.3,0.0,6.40,0.00,29
1789599254432036208,1106.9,0.0,6.53,0.00,34
1789599255465566746,1192.2,0.2,6.83,5.57,31
1789599256500130939,1186.1,0.0,6.55,16.50,33
1789599257535321915,1110.1,0.0,6.44,0.00,33
1789599258568881756,1191.0,0.0,6.77,0.00,33
1789599259602885267,1202.2,0.0,6.51,0.00,32
1789599260637876157,1099.4,0.2,6.60,6.69,33
1789599261673088420,1195.8,0.0,6.80,0.00,23
1789599262706930379,1192.0,0.0,6.53,0.00,31
1789599263746002802,1096.1,0.0,6.49,0.00,32
1789599264785193549,1179.1,0.0,6.71,0.00,33
1789599265817457930,1211.5,0.4,6.56,5.59,33
1789599266865958883,1020.1,0.0,6.34,4.67,31
1789599267900952270,1173.6,0.0,6.86,0.00,32
1789599268936298222,1186.0,0.0,6.85,0.00,34
1789599269970576365,1021.9,0.0,6.32,0.00,0
1789599271000411778,1148.3,35.1,6.05,0.91,31
1789599272035112940,1200.7,0.3,6.63,2.58,33
1789599273070132024,1216.4,0.0,6.43,0.00,33
1789599274101683378,1060.3,9.8,6.56,6.89,34
1789599275137104047,1183.1,0.0,6.61,0.00,30
1789599276168959409,1142.4,0.1,6.17,16.00,29
1789599277201284269,1004.3,15.8,5.88,2.10,31
1789599278233987628,1141.0,0.0,5.80,0.00,29
1789599279269246762,1149.2,0.0,5.93,0.00,28
1789599280304063355,1010.4,27.0,5.54,4.93,15
1789599281336149316,1057.9,302.6,6.25,6.51,20
1789599282369409147,1068.1,152.6,6.22,6.89,18
1789599283399901677,1041.6,161.6,6.09,6.37,14
1789599284428041876,904.8,349.4,6.05,3.88,28
1789599285460328984,785.9,899.3,7.10,8.94,37
1789599286488162181,854.5,806.7,5.51,4.86,2
1789599287516188821,752.5,983.7,8.62,17.43,11
1789599288548294258,498.2,383.0,12.96,17.05,28
1789599289579867328,681.4,192.2,8.79,6.01,37
1789599290612746864,605.0,267.9,8.33,4.44,14
1789599291657246147,414.9,340.6,9.18,3.79,4
1789599292687839504,403.7,364.0,10.79,6.00,34
1789599293719739038,422.8,423.4,8.69,4.96,10
1789599294752484327,408.9,361.6,9.35,3.20,24
1789599295786437181,414.3,341.4,9.35,4.03,7
1789599296818000827,397.7,400.8,10.40,5.43,0
1789599297850451958,409.9,396.0,9.79,5.13,5
1789599298884073519,393.0,349.6,9.90,6.08,8
1789599299916759575,387.1,425.1,13.49,10.94,23
1789599300948432355,404.2,422.0,9.45,4.47,16
1789599301980741838,382.4,372.2,8.40,4.94,20
1789599303013845469,403.6,414.5,8.96,3.94,17
1789599304046508679,401.9,392.9,10.36,6.27,17
1789599305078777938,382.8,382.1,9.15,3.59,19
1789599306111081107,358.4,381.4,8.98,3.95,1
1789599307139119714,412.7,393.8,9.49,5.62,21
1789599308172810074,400.1,377.2,9.84,6.01,9
1789599309205220520,382.6,392.3,10.70,5.83,7
1789599310237610470,403.1,460.4,9.18,4.56,17
1789599311270640227,411.9,400.0,9.91,5.94,25
1789599312300400738,409.3,432.5,9.96,6.34,19
1789599313335363740,404.3,341.5,11.10,7.70,1
1789599314365869552,398.3,452.1,8.56,4.68,18
1789599315398531618,394.2,344.9,9.99,5.61,19
1789599316431013946,320.1,422.2,15.91,18.48,33
1789599317465057422,465.8,338.5,8.89,4.76,15
1789599318498384895,378.2,362.8,9.47,4.73,21
1789599319531377953,371.6,368.7,11.06,6.87,14
1789599320562840416,348.3,401.8,12.97,9.59,31
1789599321593913472,398.8,300.1,8.39,3.95,26
1789599322626640954,381.1,467.0,7.98,3.67,6
1789599323657270093,372.0,412.8,7.37,2.23,7
1789599324689133534,398.5,428.8,8.92,4.89,2
1789599325717858404,333.2,418.3,8.11,3.62,5
1789599326746828380,448.8,367.5,9.22,4.50,0
1789599327774156913,415.8,390.2,10.08,5.60,1
1789599328806408285,375.6,379.9,9.84,5.23,25
1789599329838460590,380.4,358.7,7.47,2.52,15
1789599330871061407,398.5,466.4,8.42,4.64,7
1789599331902981089,416.0,454.4,7.27,3.78,7
1789599332935570469,408.4,424.3,8.49,4.48,29
1789599333968502114,413.1,439.3,10.72,7.80,15
1789599335000964619,384.3,434.2,12.50,9.47,37
1789599336070815165,442.6,323.6,10.09,4.65,11
1789599337103861567,412.8,427.7,11.30,8.62,21
1789599338138537348,413.5,398.5,8.59,4.63,19
1789599339170397503,379.0,357.0,7.78,3.03,18
1789599340199685363,404.1,372.1,7.67,3.66,0
1789599341232224618,369.6,378.7,7.97,3.77,29
1789599342267213498,383.2,400.7,7.71,3.32,2
1789599343298730789,368.6,375.7,8.21,2.25,21
1789599344331368732,371.6,395.7,8.79,3.64,25
1789599345363483877,419.7,347.0,12.00,9.58,13
1789599346396372487,377.8,357.3,10.49,4.59,3
1789599347429620518,321.9,376.8,8.03,3.98,44
1789599348469933385,329.8,184.3,28.01,73.24,29
1789599349504337937,373.5,236.8,13.19,7.48,37
1789599350537488976,223.6,131.0,21.00,14.66,96
1789599351569124183,426.7,270.8,19.95,107.59,3
1789599352600826830,237.1,194.4,30.82,39.39,9
1789599353631805831,236.6,344.2,14.75,4.09,14
1789599354664310287,191.6,225.7,34.36,32.17,29
1789599355698031423,300.7,411.4,9.11,3.02,0
1789599356726104044,264.1,284.6,18.25,5.74,2
1789599357756344710,332.2,360.2,9.90,5.45,6
1789599358788902961,302.2,405.3,7.58,3.16,1
1789599359822195292,309.1,334.7,8.08,3.99,10
1789599360853179011,323.7,404.7,7.55,2.90,13
1789599361903140877,333.5,474.0,7.73,3.73,23
1789599362935642166,366.4,443.8,7.63,3.56,21
1789599363967645167,368.5,437.4,7.42,3.27,5
1789599365000065410,368.3,337.5,8.94,4.14,7
1789599366032760765,364.0,404.2,9.41,5.26,4
1789599367064587502,344.1,471.8,9.08,3.88,30
1789599368095378463,359.7,428.1,9.29,3.75,35
1789599369129990463,442.8,332.9,8.05,4.11,13
1789599370162432384,404.3,436.4,7.85,4.29,12
1789599371197167537,403.5,423.4,7.50,3.96,8
1789599372229718208,379.4,322.0,8.44,4.68,12
1789599373262870935,365.7,372.5,9.18,4.81,33
1789599374295275021,384.9,373.4,8.48,3.82,10
1789599375326828154,390.2,428.1,7.86,4.03,24
1789599376359274792,403.8,393.4,9.18,4.29,4
1789599377390538033,389.4,377.5,8.53,3.32,17
1789599378423570073,392.0,367.7,10.17,5.14,20
1789599379456187732,370.8,396.8,8.96,3.62,18
1789599380487669616,379.9,374.4,8.23,3.29,11
1789599381521888752,376.2,388.6,8.55,3.40,6
1789599382554665550,396.5,400.1,8.63,4.07,22
1789599383590135367,384.8,382.5,8.70,3.78,18
1789599384623406155,388.2,379.6,8.45,3.18,5
1789599385655529109,374.7,372.7,7.96,2.80,32
1789599386688513972,358.1,389.2,8.09,3.14,1
1789599387719659183,389.5,373.8,12.32,9.35,29
1789599388752523437,400.7,358.8,8.24,3.04,10
1789599389785086411,390.5,413.8,8.32,3.70,24
1789599390817211151,390.9,386.9,9.40,2.90,14
1789599391848933285,384.9,432.5,7.16,3.55,31
1789599392884040964,409.7,375.5,8.53,2.81,17
1789599393918115145,397.2,384.2,8.49,3.99,11
1789599394949879381,353.0,354.8,8.64,3.88,17
1789599395986012343,398.7,416.0,7.34,3.35,13
1789599397017747094,313.8,420.8,8.16,3.25,4
1789599398046237135,449.0,327.4,9.61,5.10,18
1789599399074975593,398.4,379.7,8.12,3.64,3
1789599400106821722,403.1,411.0,7.75,3.14,8
1789599401137519814,381.6,367.9,8.22,3.03,13
1789599402169812670,378.8,407.8,8.14,3.04,8
1789599403201891135,370.8,377.8,8.71,3.11,0
1789599404229890666,396.9,380.9,9.17,4.02,1
1789599405258265785,390.2,366.8,9.87,3.12,17
1789599406291568795,389.4,436.1,9.59,4.16,0
1789599407321942205,412.0,362.5,10.63,4.99,20
1789599408353146262,381.9,397.7,9.10,2.86,5
1789599409384045286,381.2,364.8,8.42,3.30,23
1789599410415266799,373.0,357.4,9.22,4.28,16
1789599411446264212,370.2,401.8,7.62,3.50,14
1789599412477427714,384.5,384.5,8.35,2.64,27
1789599413508764331,360.0,413.1,8.60,4.35,28
1789599414551520155,413.7,367.1,7.75,2.45,5
1789599415583755328,405.0,416.5,9.91,5.36,2
1789599416618489307,347.7,425.7,8.46,3.82,2
1789599417647389209,448.2,359.5,9.33,4.91,4
1789599418676563642,384.8,358.3,8.27,4.13,10
1789599419709715917,392.9,436.4,8.63,3.74,25
1789599420741070227,382.8,403.1,8.91,4.57,20
1789599421771945269,416.2,382.9,7.72,3.05,13
1789599422805344944,384.8,393.5,6.97,2.25,8
1789599423836329226,382.2,383.1,7.45,2.89,11
1789599424867537545,388.7,354.9,8.20,3.60,6
1789599425899179071,346.8,361.9,8.64,3.67,0
1789599426925090797,409.7,324.6,10.21,3.67,20
1789599427963705013,371.9,326.2,8.43,3.54,19
1789599428995346686,378.2,286.9,9.62,4.39,10
1789599430027219851,357.2,302.2,9.13,4.06,7
1789599431059233198,341.3,335.5,7.56,2.69,8
1789599432091606120,339.8,330.3,7.67,2.93,6
1789599433123664609,337.8,272.6,9.01,3.76,16
1789599434156128142,339.3,251.6,9.57,4.46,26
1789599435189385810,321.4,262.3,8.72,3.84,7
1789599436222186092,303.1,316.6,9.46,4.06,13
1789599437254237135,245.0,288.5,12.57,5.68,37
1789599438287624087,756.6,99.2,11.08,9.33,37
1789599439328603864,736.5,99.2,11.36,9.35,33
1789599440361432982,743.6,96.0,11.22,9.60,16
1789599441389717200,174.8,302.7,13.24,11.86,17
1789599442420580607,390.9,218.7,10.47,4.20,13
1789599443450025703,336.9,238.9,10.90,4.08,1
1789599444478793436,0.5,312.8,40.19,45.06,5
1789599445507251350,0.0,308.0,15.56,14.15,6
1789599446534890579,0.2,338.1,76.80,40.21,15
1789599447563669908,0.2,326.1,20.00,31.76,93
1789599448592160434,0.0,314.9,68.50,102.39,4
1789599449620443530,0.1,307.1,13.54,10.37,7
1789599450649839461,0.0,292.8,32.33,11.21,41
1789599451677369552,0.1,293.0,27.07,69.90,16
1789599452705756969,0.0,310.7,24.67,49.14,7
1789599453734914456,0.0,294.4,13.73,51.13,8
1789599454763028605,25.3,279.1,11.45,11.96,2
1789599455794642708,53.3,266.6,8.87,5.93,3
1789599456826602743,57.7,272.0,8.20,5.88,4
1789599457858114733,49.5,315.4,8.75,3.97,5
1789599458889598886,46.3,297.5,10.04,9.24,6
1789599459921133299,43.9,289.7,10.84,7.58,3
1789599460952354270,52.6,266.7,8.06,3.59,3
1789599461983409769,63.4,264.7,7.45,4.38,4
1789599463015254445,66.2,270.9,7.20,4.48,1
1789599464047047206,47.1,289.8,11.05,9.59,3
1789599465078175899,54.8,284.7,8.79,5.68,5
1789599466109510251,44.8,287.7,10.77,7.99,5
1789599467141129418,43.9,280.4,10.61,8.71,6
1789599468172766418,52.6,287.2,9.15,2.75,3
1789599469204194606,56.5,263.6,8.39,7.62,3
1789599470235606978,45.6,275.4,10.58,9.17,3
1789599471266897335,49.7,265.1,9.70,7.70,3
1789599472298419677,50.0,278.0,9.89,9.14,5
1789599473329748512,53.4,263.1,8.91,6.42,5
1789599474360721152,52.1,261.6,9.16,7.73,3
1789599475391815986,44.2,248.2,10.53,9.04,5
1789599476423033840,49.5,262.6,9.88,8.82,4
1789599477454889821,48.0,263.1,10.11,8.74,4
1789599478486160134,475.0,74.3,0.43,3.83,0
1789599479514634943,1195.0,0.0,0.12,0.00,1
1789599480543910994,1609.9,0.4,0.11,0.92,0
1789599481572782439,881.9,0.0,0.11,0.00,1
1789599482600744467,746.2,152.0,1.10,318.45,3
1789599483632409602,55.7,258.3,8.75,6.16,4
1789599484663875705,70.0,235.5,6.74,7.47,0
1789599485696105334,351.3,205.6,1.06,9.86,1
1789599486727773176,63.2,250.6,7.42,4.22,4
1789599487759511376,49.0,235.1,9.77,6.71,4
1789599488791408758,60.8,243.1,6.85,4.15,3
1789599489823157204,69.1,304.3,7.11,6.86,3
1789599490854595217,83.3,336.5,4.99,5.02,4
1789599491886703337,116.6,1228.1,3.82,6.01,11
1789599492917317925,49.0,812.0,9.62,13.76,3
1789599493948787417,63.7,315.8,7.38,4.45,3
1789599494979698872,62.3,283.8,7.56,3.80,2
1789599496010899618,69.1,276.9,6.82,3.15,1
1789599497042475426,62.8,294.9,7.47,3.95,3
1789599498073773774,58.0,284.6,8.16,7.00,3
1789599499103441732,339.1,175.4,0.98,4.45,0
1789599500131698264,1269.3,0.1,0.11,0.00,1
1789599501160236570,965.0,0.1,0.12,1.44,0
1789599502187357676,1356.0,0.1,0.11,0.00,1
1789599503217908104,1291.3,338.6,0.16,21.60,0
1789599504247364081,344.0,955.5,0.44,41.46,1
1789599505277622427,260.0,477.8,1.13,21.83,0
1789599506305817273,1024.1,289.5,0.27,2.20,11
1789599507334661017,13.4,658.9,25.84,9.86,2
1789599508363798176,437.0,463.3,0.80,1.77,6
1789599509392722185,38.3,503.7,12.65,2.13,3
1789599510423867026,68.8,292.0,6.80,3.66,3
1789599511455619208,43.9,477.6,10.92,1.98,3
1789599512487267412,38.3,460.5,11.01,2.07,3
1789599513518133388,56.5,453.9,8.50,2.40,2
1789599514549290255,51.4,534.7,8.27,1.84,3
1789599515580735907,49.0,390.7,9.79,4.22,3
1789599516612050913,47.3,448.0,10.03,2.88,9
1789599517643637733,44.9,451.2,10.81,5.18,3
1789599518673949401,41.5,402.2,11.60,2.50,3
1789599519706037955,49.9,386.0,9.40,2.23,3
1789599520737066131,645.8,140.0,0.41,2.73,0
1789599521766007153,1526.4,0.1,0.11,0.06,0
1789599522791157689,834.5,0.1,0.12,0.00,0
1789599523819674690,1347.8,0.1,0.11,0.00,0
1789599524848628920,282.5,302.8,0.87,57.47,4
1789599525877790251,895.2,220.9,0.22,101.96,380
1789599526904986743,10.6,387.5,70.96,447.06,3
1789599527934159465,57.5,350.9,8.27,5.05,3
1789599528965364283,384.9,259.2,0.78,17.74,3
1789599529997387230,167.9,338.1,2.55,2.53,3
1789599531029922618,60.1,347.7,7.85,4.30,3
1789599532061875602,58.9,362.4,7.34,3.39,3
1789599533093466756,72.3,460.5,6.49,2.34,5
1789599534123894896,36.1,503.3,13.26,3.35,3
1789599535154705544,49.1,380.2,9.81,2.35,3
1789599536183456955,48.5,423.4,9.84,2.24,3
1789599537216417435,24.7,667.1,19.38,1.44,3
1789599538247622528,653.8,317.2,0.51,1.21,0
1789599539276939206,1231.6,0.1,0.12,0.11,1
1789599540304424360,1001.4,0.1,0.12,0.00,0
1789599541333272075,1022.3,248.0,0.11,123.00,32
1789599542362730113,43.5,463.0,13.68,25.44,2
1789599543393043226,412.0,502.8,0.83,1.90,2
1789599544425316559,273.6,256.1,1.43,7.25,5
1789599545454028672,896.8,382.9,0.20,23.24,111
1789599546482344325,21.1,604.8,22.67,73.10,3
1789599547511593090,437.0,310.9,0.89,2.54,3
1789599548542387784,57.3,321.3,8.17,6.70,5
1789599549572773430,47.6,460.1,10.21,3.57,3
1789599550602221753,46.7,391.4,9.31,2.68,3
1789599551631597845,50.9,391.9,9.33,2.87,3
1789599552663543237,38.0,533.8,12.38,1.77,3
1789599553694937339,36.9,467.6,12.30,2.10,3
1789599554726353314,54.1,355.0,8.83,2.53,3
1789599555756646084,65.0,362.2,7.26,2.79,0
1789599556787325528,1220.6,0.1,0.11,0.05,0
1789599557814912756,1180.0,0.0,0.11,0.00,0
1789599558842483041,580.0,206.2,1.58,88.95,1
1789599559872598316,1050.5,174.6,0.31,3.05,4
1789599560900944296,20.6,404.5,13.91,29.35,2
1789599561931894931,47.4,415.2,9.81,2.23,3
1789599562962948054,392.6,322.1,0.88,2.62,1
1789599563992904388,152.7,401.7,2.93,2.30,3
1789599565022163431,44.7,456.0,10.74,2.32,3
1789599566052614101,38.6,573.2,12.50,1.75,3
1789599567082980931,37.2,471.3,11.80,2.13,3
1789599568111494496,36.4,566.0,13.13,3.02,3
1789599569141511091,23.0,603.0,21.51,1.60,2
1789599570172176102,46.1,528.4,10.42,2.95,2
1789599571202743458,788.1,202.8,0.33,1.35,0
1789599572230095998,1496.6,0.2,0.11,0.07,1
1789599573252121823,129.5,323.5,4.83,138.96,3
1789599574282473701,46.8,480.0,8.04,2.07,2
1789599575310785392,44.9,494.4,8.71,2.65,3
1789599576340595199,48.1,434.3,9.84,2.35,3
1789599577369677335,45.2,466.7,10.52,2.06,2
1789599578399880830,43.2,497.9,11.11,2.49,3
1789599579430703698,55.1,388.5,8.67,1.97,3
1789599580460309330,49.5,396.5,9.68,2.38,0
1789599581490593902,60.9,383.2,7.73,2.55,4
1789599582520621914,50.2,328.9,9.54,5.10,3
1789599583551036017,875.9,234.8,0.30,2.68,1
1789599584580722221,982.6,0.0,0.11,0.00,1
1789599585610733375,1363.7,0.0,0.11,0.00,1
1789599586641036079,1206.9,0.0,0.11,1.60,0
1789599587669754868,454.5,199.1,0.58,55.57,4
1789599588697245480,1078.6,174.9,0.29,2.57,3
1789599589726246689,131.5,384.4,3.69,4.65,4
1789599590754439007,41.8,341.0,11.59,6.71,0
1789599591785066795,43.4,470.1,11.02,1.48,3
1789599592816559666,56.7,356.3,8.38,1.71,3
1789599593849215311,60.8,329.3,7.72,3.04,3
1789599594880490515,26.2,615.4,18.83,1.54,3
1789599595911609859,53.3,345.9,8.90,2.36,3
1789599596942011243,42.5,497.7,11.14,1.77,3
1789599597972046291,21.1,644.2,23.41,1.19,3
1789599599002155190,36.7,558.6,13.39,1.46,1
1789599600032613157,101.7,406.2,3.68,2.15,2
1789599601062652048,1330.4,0.0,0.11,1.50,1
1789599602092240344,1411.5,0.0,0.12,0.00,0
1789599603119321433,1133.5,0.0,0.11,0.00,1
1789599604147433123,494.5,392.9,0.24,176.04,204
1789599605177532046,25.7,456.2,21.24,293.93,3
1789599606207705946,447.7,328.6,0.81,2.36,3
1789599607237382374,258.2,336.6,1.48,1.77,3
1789599608264473471,895.6,211.7,0.27,4.32,2
1789599609293082920,45.5,402.0,9.73,2.57,3
1789599610323976970,251.2,320.6,1.78,3.12,1
1789599611354380408,175.8,492.9,2.05,8.44,2
1789599612385040782,50.0,440.1,9.53,2.70,3
1789599613416064976,47.9,466.0,9.68,1.88,3
1789599614446117511,36.2,463.7,11.81,2.03,3
1789599615474196872,58.0,384.6,8.17,3.95,5
1789599616504589215,37.1,566.5,13.06,2.23,3
1789599617534749459,41.8,496.7,10.20,2.09,3
1789599618564056291,363.6,295.6,1.18,4.54,0
1789599619593057680,1003.4,0.0,0.12,0.00,1
1789599620616411614,1249.4,0.1,0.12,0.00,2
1789599621646053568,507.0,257.9,0.56,14.96,3
1789599622673278236,1019.7,178.7,0.28,2.09,5
1789599623701359199,31.3,414.2,11.77,9.94,3
1789599624731722427,47.6,401.4,10.11,1.71,1
1789599625762059211,375.9,301.5,1.03,5.51,3
1789599626792058154,163.6,368.5,2.60,3.23,3
1789599627822572666,47.8,379.6,9.95,2.72,3
1789599628853307433,52.9,401.9,8.58,2.35,2
1789599629883472928,43.7,406.8,9.78,1.60,2
1789599630914354664,47.2,358.7,9.95,2.55,3
1789599631945071744,42.9,422.1,11.19,2.05,3
1789599632975054313,44.4,454.0,10.78,1.96,3
1789599634005001398,53.1,494.1,9.01,2.09,3
1789599635035910727,119.7,484.8,3.79,1.44,1
1789599636066934331,1005.1,0.2,0.13,0.50,0
1789599637092127359,1181.7,0.2,0.14,0.06,0
1789599638120964280,1341.4,0.1,0.14,0.00,1
1789599639149370473,286.0,385.1,0.58,276.51,7
1789599640179582396,133.7,466.2,3.64,6.92,1
1789599641209572993,341.6,390.6,1.06,3.70,3
1789599642240477894,293.5,316.0,1.27,1.96,2
1789599643271314074,856.6,229.6,0.21,17.62,34
1789599644299349115,37.6,455.7,10.73,14.90,1
1789599645329973967,37.8,348.1,12.78,3.64,0
1789599646361088394,400.0,318.8,0.88,1.88,3
1789599647390661125,54.4,534.9,8.82,1.71,2
1789599648421686092,42.7,502.2,11.17,1.70,3
1789599649452314852,39.0,389.7,12.92,2.65,3
1789599650482708413,42.2,248.7,9.47,4.10,5
1789599651513277918,13.2,237.8,43.10,105.49,2
1789599652544143496,23.1,271.4,21.52,10.11,4
1789599653575063466,50.3,431.8,8.34,2.47,2
1789599654606725491,52.0,454.1,8.99,2.04,2
1789599655637045671,869.9,70.3,0.25,2.14,3
1789599656666195804,1390.7,0.2,0.15,0.67,1
1789599657693941276,653.4,85.9,0.19,47.12,107
1789599658722292935,462.9,264.6,0.83,83.04,2
1789599659751209303,715.1,262.0,0.21,81.09,175
1789599660781153432,34.7,443.2,18.46,77.80,2
1789599661811848271,413.9,308.2,0.89,2.27,4
1789599662840779993,85.7,408.5,4.91,4.35,1
1789599663871482770,103.4,498.6,4.24,1.81,3
1789599664902092642,52.6,435.4,9.00,2.06,3
1789599665932911769,48.8,361.2,8.80,2.66,3
1789599666963428726,62.1,403.3,7.49,4.18,2
1789599667994425346,59.6,386.7,7.97,3.46,1
1789599669025907959,36.9,515.9,12.90,2.57,3
1789599670056867585,39.5,526.4,12.16,2.27,6
1789599671087521407,67.2,375.3,6.89,3.26,3
1789599672117067203,833.7,48.2,0.25,6.14,1
1789599673147276818,1338.2,0.2,0.16,0.07,1
1789599674177194450,538.0,0.1,0.17,0.00,0
1789599675204781758,11.3,0.0,0.33,0.08,0
1789599676232627536,0.1,0.0,0.07,0.29,0
1789599677260692497,0.0,0.0,0.08,0.06,0
1789599678288490894,0.0,0.0,0.15,0.06,0
1789599679316318557,0.0,155.6,0.00,32.77,0
1789599680346032787,0.0,417.4,0.00,240.03,534
1789599681376653059,0.0,513.7,0.00,782.45,84
1789599682406883242,0.0,336.5,117.33,272.78,245
1789599683437073505,0.0,336.2,149.60,560.43,23
1789599684467122018,0.0,309.4,0.00,180.73,635
1789599685497070895,0.2,302.9,195.00,933.19,313
1789599686527679101,0.6,314.9,152.27,1862.67,10
1789599687557857200,0.7,326.9,11.56,123.07,300
1789599688588923256,0.1,294.5,150.90,605.90,94
1789599689618696862,0.3,342.6,5.85,138.29,696
1789599690648229667,0.0,509.6,0.00,870.71,22
1789599691958066102,0.0,414.5,0.00,227.53,207
1789599692988624679,1320.4,162.5,3.78,648.26,8
1789599694019171263,347.5,0.0,0.60,0.00,0
1789599695046659506,0.0,0.0,0.00,0.00,0
1789599696073443009,0.0,0.1,0.00,6.00,0
1789599697100079431,0.0,0.0,0.00,0.00,0
1789599698126858305,0.0,0.0,0.00,0.00,0
1789599699153229296,0.0,0.0,0.00,0.00,0
1789599700180043683,0.0,0.0,0.00,0.00,0
1789599701206736682,0.0,0.0,0.00,5.50,0
1789599702233039698,0.6,0.0,0.66,0.00,0
1789599703260655809,1319.9,0.0,3.35,0.00,8
1789599704291086384,2366.8,0.0,3.21,0.00,9
1789599705322434811,2835.9,0.6,2.14,1.66,1
1789599706353118244,2549.9,0.0,3.03,0.00,7
1789599707382878897,2407.4,0.0,2.78,0.00,95
1789599708411599979,2887.8,0.0,2.81,1.00,7
1789599709442615930,2374.7,0.0,3.67,0.00,9
1789599710473703365,2787.2,0.0,2.28,1.50,0
1789599711504861217,2425.1,0.0,3.53,0.00,9
1789599712535383045,2508.1,0.0,2.41,0.00,58
1789599713563529371,2836.9,0.0,3.00,0.00,7
1789599714594746329,2393.8,0.0,3.54,0.00,9
1789599715626178567,2826.5,0.0,2.26,6.00,1
1789599716657667945,2480.2,0.0,3.28,5.33,7
1789599717688513129,2484.6,0.0,2.74,0.00,82
1789599718717884312,2934.1,0.2,2.59,1.00,7
1789599719749394725,2432.7,0.0,3.35,0.00,11
1789599720780686993,2666.4,0.0,2.28,0.00,0
1789599721810910264,2583.6,0.1,3.52,25.50,9
1789599722841924491,2438.3,0.0,3.17,0.00,37
1789599723870494762,2902.6,0.9,2.28,0.87,5
1789599724899169630,2405.6,0.0,3.51,0.00,10
1789599725930051141,2679.2,0.2,2.21,0.00,1
1789599726958659761,2596.1,0.0,3.48,5.00,7
1789599727988890625,2429.5,0.0,3.16,0.00,36
1789599729017914209,2865.9,0.2,2.53,1.11,9
1789599730048319447,1874.5,0.0,2.61,0.00,0
1789599731076932955,358.8,0.1,0.29,1.50,0
1789599732105233397,48.8,0.0,0.30,0.00,0
1789599733134650699,0.0,0.0,0.00,0.00,0
1789599734200139851,0.7,0.1,0.30,0.14,0
1789599735405232937,12.3,0.0,0.16,0.00,0
1789599736433723572,0.0,0.1,2.00,3.50,0
1789599737462589319,0.0,0.0,0.00,0.00,0
1789599738491202609,0.0,0.0,0.00,0.00,0
1789599739518616300,0.0,0.1,0.00,0.30,0
1789599740546347408,1148.1,0.0,4.25,0.00,9
1789599741577661154,3033.4,0.1,2.90,6.50,7
1789599742608510428,3039.8,0.0,2.98,0.00,10
1789599743639677590,3100.1,0.0,2.81,0.00,10
1789599744670593602,3093.0,0.1,2.89,0.91,9
1789599745701455236,3151.0,0.0,2.67,0.00,11
1789599746732792691,3133.2,0.1,2.70,7.00,12
1789599747763468157,3051.1,0.0,2.26,0.00,90
1789599748793793508,3161.9,0.0,2.92,0.00,0
1789599749823922344,3081.1,0.3,2.96,0.79,9
1789599750854706589,3050.2,0.0,2.91,0.00,7
1789599751885368313,3179.8,0.1,2.55,8.50,7
1789599752915903169,3135.1,0.0,2.82,0.00,8
1789599753947177679,3141.1,0.0,2.83,0.00,9
1789599754977399333,3098.0,0.2,2.73,0.48,9
1789599756008398775,3020.6,0.0,3.17,0.00,9
1789599757039332647,3067.2,0.1,2.85,7.00,10
1789599758070752657,3144.2,0.0,2.65,0.00,11
1789599759101536952,3103.8,0.0,2.52,0.00,93
1789599760132299043,3102.4,0.1,2.65,1.15,1
1789599761162728779,3021.5,0.0,3.16,0.00,9
1789599762193017094,3006.9,0.1,3.06,6.50,8
1789599763223178479,2198.5,0.0,1.89,0.00,0
1789599764250878963,108.2,0.0,0.09,0.00,0
1789599765278377897,0.0,0.1,0.00,0.50,0
1789599766305238502,0.0,0.1,0.00,8.50,0
1789599767332288939,0.0,0.0,0.00,0.00,0
1789599768358889501,0.0,0.0,0.00,0.00,0
1789599769385113541,0.0,0.0,0.00,0.00,0
1789599770411761474,0.0,0.2,0.00,4.91,0
1789599771438842255,0.0,0.1,0.00,8.00,0
1789599772465786181,0.0,0.0,0.00,0.00,0
1789599773492958107,0.0,0.0,14.00,0.00,0
1789599774520165100,0.3,0.0,8.60,0.00,0
1789599775546395611,0.1,0.4,14.00,0.17,0
1789599776573126460,0.0,0.1,0.00,8.00,2
1789599777600362707,0.1,0.0,9.33,0.00,0
1789599778626878224,0.0,0.0,0.00,0.00,0
1789599779653182047,0.3,0.0,4.83,0.00,0
1789599780679773112,0.0,0.3,0.00,2.45,0
1789599781706699076,0.0,0.1,1.00,8.50,0
1789599782733770868,0.1,0.0,14.00,0.00,0
1789599783761140528,1697.6,0.0,4.41,0.00,75
1789599784789197277,1990.3,0.0,3.78,0.00,10
1789599785818781513,2052.6,0.3,2.99,1.57,7
1789599786849331325,2118.7,0.1,2.51,2.00,7
1789599787879906109,1896.7,0.0,3.20,0.00,0
1789599788908983918,1628.9,0.0,3.27,0.00,0
1789599789935705585,1630.7,0.0,3.36,0.00,0
1789599790962427170,1824.9,0.2,4.30,0.67,12
1789599791990959211,2067.6,0.1,2.97,6.50,10
1789599793022277615,2086.3,0.0,2.91,0.00,7
1789599794053488166,2073.2,0.0,2.78,0.00,1
1789599795083941439,1699.8,0.0,3.28,0.00,0
1789599796112543850,1632.4,0.2,2.99,0.68,0
1789599797140538382,1628.8,0.1,2.98,2.00,112
1789599798168354701,1938.7,0.0,4.85,0.00,11
1789599799197470407,2046.5,0.0,3.01,0.00,10
1789599800228357367,2097.4,0.0,2.66,0.00,9
1789599801258761712,2043.5,0.2,2.66,0.35,0
1789599802289504692,1626.9,0.0,3.22,0.00,0
1789599803317316988,1628.3,0.0,3.36,0.00,0
1789599804345118489,1740.8,0.0,4.44,0.00,83
1789599805372959576,1951.6,0.0,4.05,0.00,11
1789599806402994971,2075.6,0.4,2.81,0.92,8
1789599807433999837,2065.9,0.0,2.87,0.00,9
1789599808465771755,1918.0,0.0,3.16,0.00,0
1789599809496222989,1626.2,0.0,3.36,0.00,0
1789599810523908812,1629.7,0.0,3.22,0.00,0
1789599811550839985,1747.5,0.4,4.10,0.48,73
1789599812578655656,2095.9,0.0,3.16,0.00,10
1789599813609076917,2020.6,0.0,3.22,0.00,7
1789599814639034662,2085.8,0.0,2.81,0.00,7
1789599815668997733,1808.9,0.0,3.31,0.00,0
1789599816697354109,1630.2,0.2,3.66,0.88,0
1789599817723703812,1630.1,0.0,3.27,0.00,0
1789599818750510751,1687.2,0.0,3.95,0.00,52
1789599819776998095,1998.4,0.0,4.11,0.00,10
1789599820805717823,1207.2,35.0,1.31,1.60,5
1789599821831735499,0.4,344.7,4.47,6.63,4
1789599822858173403,0.3,868.4,1.53,1.65,0
1789599823884232743,0.0,0.0,0.00,0.00,0
1789599824910628317,0.0,0.0,0.00,0.00,0
1789599825936159464,0.1,0.0,2.80,0.00,0
1789599826961974038,0.0,2.4,0.00,0.30,0
1789599827988527886,0.0,0.0,0.00,0.00,0
1789599829015006824,0.0,0.0,0.00,0.00,0
1789599830041690862,0.0,0.0,0.00,0.00,0
1789599831068133780,0.3,0.0,3.62,0.00,0
1789599832094631614,0.0,0.4,0.00,2.22,0
1789599833120851578,0.2,0.0,7.00,0.00,0
1789599834147333270,0.1,0.0,14.00,0.00,0
1789599835173556351,0.0,0.0,0.00,0.00,0
1789599836199600445,0.0,0.0,0.00,0.00,0
1789599837225540590,0.0,0.4,0.00,2.57,0
1789599838251613228,0.0,0.0,0.00,0.00,0
1789599839277832269,0.0,0.0,0.00,0.00,0
1789599840303442046,0.0,0.0,0.00,0.00,0
1789599841329504790,0.0,0.1,0.00,8.50,0
1789599842355827002,0.0,0.2,0.00,4.71,0
1789599843382076859,0.1,0.0,14.00,0.00,0
1789599844407899688,0.0,0.0,0.00,0.00,0
1789599845434344842,0.0,0.0,0.00,0.00,0
1789599846461966767,1352.0,0.1,4.76,7.50,7
1789599847492226150,1432.9,0.1,4.18,0.79,7
1789599848522357944,1512.4,0.0,3.21,0.00,6
1789599849552444885,1521.8,0.0,3.65,0.00,7
1789599850582553963,1537.1,0.0,3.30,0.00,8
1789599851612456559,1538.8,0.1,3.23,8.50,9
1789599852643030603,1469.7,0.0,3.96,0.00,9
1789599853672879538,1486.1,0.4,3.87,1.27,8
1789599854701897270,1498.9,0.0,3.70,0.00,11
1789599855729772391,1496.7,0.0,3.92,0.00,9
1789599856756790702,1530.8,0.1,3.00,1.50,79
1789599857783920263,1555.6,0.0,2.56,0.00,55
1789599858810780939,1592.2,0.2,3.24,0.10,0
1789599859837131214,1630.6,0.0,3.59,0.00,0
1789599860863741879,1630.5,0.0,4.02,0.00,0
1789599861890494753,1630.6,0.1,4.09,7.00,0
1789599862917268770,1630.4,0.0,3.47,0.00,0
1789599863944076056,1630.1,0.4,3.63,0.06,0
1789599864970980510,1630.9,0.0,3.23,0.00,0
1789599865997408952,1630.0,0.0,3.73,0.00,0
1789599867024397760,1629.8,0.1,3.36,8.00,0
1789599868051588301,1629.8,0.0,3.46,0.00,0
1789599869078920397,1628.8,0.2,3.52,0.11,0
1789599870106878137,1627.3,0.0,3.79,0.00,0
1789599871136065824,1625.5,0.0,3.60,0.00,0
1789599872166020175,1558.7,0.1,3.98,1.50,2
1789599873194968441,1471.2,0.0,4.17,0.00,5
1789599874225346783,1514.0,0.1,3.22,0.33,6
1789599875255083758,1494.3,0.0,3.84,0.00,6
1789599876285070986,1545.9,0.1,3.34,6.50,6
1789599877314750187,1459.8,0.0,4.22,0.00,7
1789599878345032728,1508.7,0.0,3.73,0.00,9
1789599879375189794,1493.8,0.1,3.78,0.75,7
1789599880405279287,1465.8,0.0,4.08,0.00,10
1789599881435479223,1547.1,0.1,3.14,8.50,9
1789599882463623745,1448.5,0.0,4.17,0.00,11
1789599883491450295,1519.2,0.0,3.23,0.00,44
1789599884518866012,1545.0,0.1,2.15,9.33,59
1789599885545312251,1575.1,0.0,2.93,0.00,0
1789599886571837073,1630.8,0.1,3.92,2.00,0
1789599887598581617,1630.5,0.0,3.56,0.00,0
1789599888625482236,1630.7,0.0,3.34,0.00,0
1789599889651795130,1631.1,0.3,3.82,0.18,0
1789599890678391110,1631.3,0.0,3.81,0.00,0
1789599891704853131,0.3,222.9,3.60,5.74,4
1789599892731556488,0.5,885.4,2.62,2.54,3
1789599893758110993,0.1,119.3,1.05,0.60,0
1789599894784581238,0.0,0.3,0.00,0.08,0
1789599895810943404,0.0,0.0,0.00,0.00,0
1789599896836986663,0.3,1.5,3.20,1.80,0
1789599897862702234,0.0,0.0,0.00,0.00,0
1789599898889136318,0.1,0.0,3.62,0.00,0
1789599899915617878,0.0,1.7,0.00,0.11,0
1789599900941988222,0.0,0.0,0.00,0.00,0
1789599901968768740,0.5,0.1,5.93,9.50,0
1789599902995457998,0.0,0.0,14.00,0.00,0
1789599904021820248,0.0,0.0,0.00,0.00,0
1789599905048752649,0.0,0.0,0.00,0.00,0
1789599906075711359,0.2,0.4,7.17,1.62,0
1789599907102585519,0.0,0.1,0.00,8.50,0
1789599908129288630,0.0,0.0,0.00,0.00,0
1789599909155953069,0.0,0.0,0.00,0.00,0
1789599910182671854,0.0,0.0,14.00,0.00,0
1789599911209101123,0.0,0.3,0.00,2.33,0
1789599912245958844,0.1,0.1,1.00,8.50,0
1789599913271952055,0.0,0.0,0.00,0.00,0
1789599914298098895,0.0,0.0,0.00,0.00,0
1789599915325013235,0.0,0.0,0.00,0.00,0
1789599916351772398,0.0,0.3,0.00,2.50,0
1789599917378771519,194.3,0.0,16.72,0.00,9
1789599918406330219,1479.7,0.0,1.99,0.00,62
1789599919433244407,1586.2,0.0,3.02,0.00,0
1789599920459988247,1630.2,0.0,3.52,0.00,0
1789599921486910287,1630.2,0.5,3.63,1.11,0
1789599922513829397,1630.4,0.0,3.56,0.00,0
1789599923541018242,1629.4,0.0,3.55,0.00,0
1789599924568267881,1631.4,0.0,4.07,0.00,0
1789599925594686251,1629.4,0.0,3.55,0.00,0
1789599926622588750,1627.3,0.4,3.51,1.32,0
1789599927651648222,1574.4,0.0,4.02,0.00,2
1789599928682472203,1441.6,0.0,3.87,0.00,7
1789599929712926332,1404.2,0.0,3.93,0.00,7
1789599930743114207,1401.9,0.0,3.97,0.00,6
1789599931773147617,1300.7,0.4,4.58,0.13,9
1789599932803022279,1371.8,0.0,3.77,0.00,8
1789599933831468274,1462.9,0.0,3.48,0.00,11
1789599934858874865,1513.2,0.0,2.21,0.00,78
1789599935886270534,1543.0,0.0,2.37,0.00,0
1789599936912957670,1630.7,0.4,3.66,0.90,0
1789599937939475094,1630.8,0.0,3.70,0.00,0
1789599938965790984,1631.8,0.0,3.55,0.00,0
1789599939991312953,1632.6,0.0,2.90,0.00,0
1789599941017111390,1630.3,0.0,3.47,0.00,0
1789599942044404930,1630.7,0.4,3.22,1.46,0
1789599943070460691,1630.4,0.0,3.45,0.00,0
1789599944097986449,1627.8,0.0,3.52,0.00,0
1789599945127101141,1540.5,0.0,4.23,0.00,5
1789599946157315020,1376.8,0.0,4.13,0.00,7
1789599947187218745,1431.1,0.4,3.54,4.16,6
1789599948217715868,1443.7,0.0,3.83,0.00,8
1789599949247853850,1467.0,0.0,3.28,0.00,9
1789599950278171303,1473.5,0.0,3.44,0.00,7
1789599951307959950,1410.9,0.1,3.93,15.00,8
1789599952336853591,1412.2,0.3,4.03,0.08,11
1789599953364324303,1487.6,0.0,1.80,0.00,62
1789599954391200720,1596.6,0.0,3.16,0.00,0
1789599955417501074,1630.8,0.0,3.84,0.00,0
1789599956444274685,1630.2,0.1,3.60,3.50,0
1789599957471096866,1630.3,0.1,3.63,0.20,0
1789599958498165896,1630.1,0.0,3.89,0.00,0
1789599959525001498,1629.3,0.0,3.39,0.00,0
1789599960552487667,1629.0,0.0,3.47,0.00,0
1789599961580735578,1626.2,0.1,3.63,6.50,0
1789599962610862833,1544.1,0.2,3.62,1.38,2
1789599963640530259,82.3,151.7,0.75,6.17,3
1789599964667547634,0.2,359.4,4.68,6.08,5
1789599965694174180,0.5,735.8,1.78,1.63,0
1789599966720157045,0.0,1.6,0.00,2.20,0
1789599967746776153,0.0,1.6,0.00,0.09,0
1789599968772837476,0.0,0.0,0.00,0.00,0
1789599969799005387,0.0,0.0,0.00,0.00,0
1789599970825986972,0.0,0.0,0.00,0.00,0
1789599971852946681,0.0,0.1,0.00,4.00,0
1789599972879571973,0.0,0.1,0.00,8.54,0
1789599973905785354,0.0,0.0,0.00,0.00,0
1789599974931596399,0.2,0.0,11.20,0.00,0
1789599975957110473,0.0,0.0,0.00,0.00,0
1789599976983265400,0.1,0.1,14.00,2.00,0
1789599978009551529,0.3,0.0,2.50,0.00,0
1789599979036316123,0.0,0.3,0.00,1.83,0
1789599980062788705,0.0,0.0,0.00,0.00,0
1789599981089396976,0.0,0.0,0.00,0.00,0
1789599982115335003,0.0,0.1,0.00,8.50,0
1789599983141128824,0.0,0.0,0.00,0.00,0
1789599984166008698,0.0,0.2,0.00,4.04,0
1789599985192534604,0.0,0.0,0.00,0.00,0
1789599986218869553,0.0,0.0,0.00,0.00,0
1789599987250809203,0.0,0.1,0.00,8.00,0
1789599988277101293,0.0,0.0,0.00,0.00,0
1789599989303923375,0.3,0.1,8.09,7.53,0
1789599990330495390,0.0,0.0,0.00,0.00,0
1789599991357229525,0.1,0.1,11.67,1.50,0
1789599992384004483,0.0,0.0,0.00,0.00,0
1789599993410028565,0.0,0.0,0.00,0.00,0
1789599994436427946,0.0,0.3,0.00,2.02,0
1789599995462506738,0.0,0.0,0.00,0.00,0
1789599996489412463,325.0,0.1,10.85,8.50,9
1789599997516943073,1304.9,0.0,1.33,0.00,0
1789599998543694155,1630.2,0.0,3.86,0.00,0
1789599999570666351,1630.0,0.1,3.50,0.81,0
1789600000598174665,1255.0,0.0,4.51,0.00,7
1789600001627629795,860.5,0.1,4.53,8.00,8
1789600002655972459,1140.2,0.0,1.27,0.00,0
1789600003682448725,1631.2,0.0,3.55,0.00,0
1789600004709374487,1630.1,0.3,3.14,0.07,0
1789600005737028111,1544.5,0.0,3.89,0.00,3
1789600006767590835,863.1,0.1,4.89,8.00,7
1789600007797681056,891.2,0.0,2.29,0.00,42
1789600008824848113,1583.8,0.0,3.14,0.00,0
1789600009851506952,1630.8,0.3,3.54,0.05,0
1789600010878460383,1629.0,0.0,3.26,0.00,0
1789600011906771129,1021.4,0.1,5.07,8.50,6
1789600012936440824,798.9,0.0,5.84,0.00,11
1789600013963379392,1436.6,0.0,1.47,0.00,0
1789600014990121165,1630.4,0.1,3.56,0.06,0
1789600016017148930,1629.2,0.1,3.42,0.75,0
1789600017045334443,1134.0,0.0,4.80,0.00,5
1789600018074932189,786.3,0.0,6.17,0.00,9
1789600019102560788,1335.9,0.0,1.33,0.00,0
1789600020129299591,1629.9,0.1,3.75,7.47,0
1789600021156415147,1629.4,0.1,3.68,1.50,0
1789600022183595877,1260.0,0.0,4.18,0.00,6
1789600023213314020,873.1,0.0,5.00,0.00,9
1789600024241180730,1123.6,0.0,1.28,0.00,0
1789600025267729250,1630.6,0.1,3.38,10.18,0
1789600026294431335,1630.4,0.1,3.25,2.00,0
1789600027321158633,1627.9,0.0,3.39,0.00,0
1789600028351101603,829.1,0.0,6.46,0.00,7
1789600029380676383,859.2,0.0,2.90,0.00,38
1789600030407693415,1568.2,0.2,2.71,5.38,0
1789600031434377041,1630.6,0.1,3.22,1.40,0
1789600032462177947,1626.2,0.0,3.98,0.00,0
1789600033492259073,974.7,0.0,5.05,0.00,8
1789600034522568363,857.3,0.0,4.59,0.00,9
1789600035550061001,1423.2,0.4,1.38,1.81,0
1789600036576996186,1630.1,0.0,3.14,0.00,1
1789600037604270492,1628.7,0.1,3.68,8.50,0
1789600038631967840,1240.4,0.0,4.29,0.00,6
1789600039661775447,768.7,0.0,6.59,0.00,8
1789600040690414496,1247.3,0.3,1.29,2.24,0
1789600041716532057,1630.7,0.1,3.19,8.50,0
1789600042743242649,1630.1,0.0,3.77,0.00,0
1789600043770968292,1351.2,0.0,4.36,0.00,6
1789600044801605791,772.8,0.0,5.68,0.00,9
1789600045830927045,1129.9,0.2,1.27,2.69,0
1789600046857020992,1630.5,0.1,3.00,2.00,0
1789600047883985198,1630.8,0.0,3.27,0.00,0
1789600048910766522,1576.5,0.0,3.55,0.00,1
1789600049940837120,54.7,47.6,0.96,4.92,9
1789600050967580384,0.3,343.0,6.43,6.12,5
1789600051994878742,0.3,623.4,1.85,1.82,0
1789600053022001147,0.1,0.0,6.00,0.00,0
1789600054048954276,0.1,0.0,2.33,0.00,3
1789600055076273040,2.2,0.0,0.31,0.00,0
1789600056103741396,1430.0,1.6,4.47,0.98,6
1789600057134180491,3027.3,0.1,3.16,7.00,6
1789600058164731307,3137.9,0.0,2.89,0.00,6
1789600059195528580,3040.8,0.0,3.21,0.00,8
1789600060226403507,3146.9,0.0,2.88,0.00,7
1789600061256735974,3049.9,0.0,3.19,0.00,9
1789600062287387304,3042.5,0.5,3.18,1.65,7
1789600063317565759,2994.9,0.0,2.91,0.00,61
1789600064348040504,3202.1,0.0,2.69,0.00,104
1789600065378864296,3185.2,0.0,2.54,0.00,88
1789600066409168972,3121.8,0.0,3.28,0.00,4
1789600067439060640,3144.3,0.4,2.95,1.44,4
1789600068469064756,3178.4,0.0,2.86,0.00,5
1789600069499521712,3101.6,0.0,3.26,0.00,5
1789600070530343547,3095.5,0.0,2.97,0.00,6
1789600071560959245,3146.0,0.0,3.01,0.00,7
1789600072591578506,3072.9,0.5,3.10,6.10,8
1789600073622236809,3089.7,0.0,3.07,0.00,9
1789600074652986667,2923.6,0.0,3.60,0.00,9
1789600075683706798,3104.4,0.0,2.69,0.00,56
1789600076713980578,3121.2,0.1,2.48,2.50,0
1789600077744107144,3134.0,0.3,3.13,1.25,5
1789600078774208893,1742.9,0.0,2.32,0.00,0
1789600079801153839,0.0,0.0,0.00,0.00,0
1789600080828071784,0.0,0.0,2.00,0.00,0
1789600081854139249,0.0,0.1,0.00,8.50,0
1789600082880873254,0.0,0.3,0.00,2.04,0
1789600083907973198,0.0,0.0,0.00,0.00,0
1789600084935381663,2653.9,0.0,4.13,0.00,7
1789600085966113014,3052.1,0.0,3.33,0.00,7
1789600086997071198,3152.9,0.1,2.85,7.50,7
1789600088028078786,3105.4,0.3,2.95,0.86,9
1789600089059044116,3169.5,0.0,2.83,0.00,6
1789600090090402745,3090.2,0.0,3.08,0.00,8
1789600091121925046,3107.0,0.0,2.94,0.00,11
1789600092152863493,3074.5,0.1,2.41,8.00,36
1789600093184139263,3177.8,0.4,2.98,0.66,2
1789600094214961219,3203.9,0.0,2.66,0.00,1
1789600095246129422,3178.8,0.0,2.81,0.00,4
1789600096276538218,3071.3,0.0,3.16,0.00,7
1789600097306889684,2983.0,0.1,3.53,7.50,7
1789600098336967503,3163.7,0.3,2.83,0.72,8
1789600099366670741,3072.3,0.0,3.11,0.00,7
1789600100396567012,3061.5,0.0,3.21,0.00,9
1789600101427311585,2996.4,0.0,3.43,0.00,10
1789600102458016197,3067.1,0.1,3.02,6.50,38
1789600103488878725,3130.8,0.3,2.31,0.91,47
1789600104519491494,3141.5,0.0,3.07,0.00,2
1789600105550301089,3149.5,0.0,2.84,0.00,6
1789600106580938237,3107.2,0.0,2.91,0.00,6
1789600107610928635,305.8,0.1,0.86,2.50,0
1789600108637365083,0.0,0.0,0.00,0.00,0
1789600109664628147,0.0,0.3,0.00,1.97,0
1789600110691494780,0.1,0.0,14.00,0.00,0
1789600111718434362,0.0,0.1,0.00,9.50,0
1789600112746004119,978.8,0.0,5.58,0.00,7
1789600113776059809,3152.3,0.0,2.79,0.00,7
1789600114806292854,3174.8,0.3,2.82,0.80,9
1789600115836821194,3105.7,0.0,2.99,0.00,8
1789600116866925156,3214.2,0.1,2.70,21.00,9
1789600117898016189,3091.8,0.0,3.05,0.00,9
1789600118929123989,3073.8,0.0,3.09,0.00,10
1789600119960102260,3101.3,0.4,2.78,0.70,29
1789600120991556572,3218.2,0.0,2.56,0.00,61
1789600122022414433,3135.1,0.1,2.44,7.00,97
1789600123053695959,3097.4,0.0,3.32,0.00,4
1789600124084826212,3083.0,0.0,3.11,0.00,5
1789600125115551159,3135.2,0.3,3.01,0.96,6
1789600126146317235,3235.0,0.0,2.70,0.00,7
1789600127177164859,3131.7,0.1,2.77,6.00,7
1789600128206990400,3100.1,0.0,3.09,0.00,8
1789600129237162833,3177.5,0.0,2.75,0.00,5
1789600130268081904,3104.1,0.3,3.05,1.06,10
1789600131298559744,3018.5,0.0,3.29,0.00,7
1789600132329308503,2981.1,0.1,3.25,26.00,10
1789600133359880672,3154.9,0.0,2.43,0.00,58
1789600134390706193,3148.4,0.0,2.52,0.00,84
1789600135420279210,1607.0,0.3,2.70,0.94,0
1789600136447251977,0.0,0.0,0.00,0.00,0
1789600137473651077,0.0,0.1,0.00,8.50,0
1789600138500273775,0.1,0.0,14.00,0.00,0
1789600139527216711,0.0,0.0,0.00,0.00,0
1789600140554158001,0.0,0.3,0.00,2.05,0
1789600141581974184,2923.7,0.0,3.22,0.00,5
1789600142612123703,3001.9,0.1,3.33,3.00,6
1789600143642763554,3084.3,0.0,3.08,0.00,8
1789600144673596728,3159.0,0.0,2.88,0.00,8
1789600145704632743,3087.6,0.3,3.03,0.35,8
1789600146735709972,2983.9,0.1,3.44,8.00,8
1789600147766963572,3024.7,0.0,3.11,0.00,20
1789600148797622901,3097.9,0.0,2.41,0.00,0
1789600149829039935,3246.8,0.0,2.69,0.00,0
1789600150860206035,3176.3,0.0,2.97,0.00,1
1789600151891164279,3182.5,0.5,2.72,3.80,4
1789600152922022576,3085.7,0.0,3.12,0.00,6
1789600153953105837,3231.1,0.0,2.71,0.00,6
1789600154983519997,3138.3,0.0,2.91,0.00,6
1789600156014465344,3088.4,0.0,3.01,0.00,7
1789600157045051736,3088.3,0.4,3.07,1.33,6
1789600158075689057,3057.4,0.0,3.25,0.00,10
1789600159106926940,3067.6,0.0,3.15,0.00,8
1789600160137857166,2999.4,0.0,3.29,0.00,11
1789600161168852977,3099.3,0.0,2.70,0.00,76
1789600162199618555,3140.5,0.3,2.49,5.55,102
1789600163230985622,3195.9,0.0,2.84,0.00,2
1789600164261509754,44.4,0.0,0.42,0.00,0
1789600165287745234,0.0,0.0,0.00,0.00,0
1789600166313981078,0.0,0.0,0.00,0.00,0
1789600167340157577,0.0,0.4,0.00,4.28,0
1789600168366165681,0.5,0.0,1.45,0.00,0
1789600169393587158,1243.4,0.0,4.85,0.00,5
1789600170424237261,2980.4,0.0,3.48,0.00,7
1789600171455413061,3042.8,0.0,3.25,0.00,9
1789600172486079305,3028.4,0.5,3.22,1.15,9
1789600173516459011,3221.3,0.0,2.66,0.00,8
1789600174546397545,3091.3,0.0,3.23,0.00,9
1789600175577418885,3098.7,0.0,3.01,0.00,11
1789600176608499724,3087.3,0.0,2.38,0.00,30
1789600177639488540,3193.5,0.5,2.64,1.38,0
1789600178670188464,3235.9,0.0,2.71,0.00,2
1789600179700365957,3093.9,0.0,3.14,0.00,6
1789600180731310036,3110.3,0.0,3.00,0.00,6
1789600181762127831,3185.9,0.1,2.77,6.50,5
1789600182792742531,3237.8,0.3,2.67,1.02,5
1789600183823729770,3088.7,0.0,2.99,0.00,7
1789600184854697860,2984.3,0.0,3.53,0.00,7
1789600185885742065,3146.5,0.0,2.84,0.00,7
1789600186916584168,3145.2,0.1,2.94,3.00,10
1789600187947492905,2974.1,0.3,3.44,0.04,10
1789600188978009673,3045.6,0.0,2.94,0.00,33
1789600190009022639,3183.4,0.0,2.49,0.00,109
1789600191037923288,3144.6,0.0,2.83,0.00,2
1789600192067935193,1660.3,0.1,2.84,2.00,0
1789600193094938980,0.0,0.1,14.00,7.06,0
1789600194121820286,0.1,0.0,14.00,0.00,0
1789600195148883209,0.1,0.0,14.00,0.00,0
1789600196175885320,0.0,0.0,0.00,0.00,0
1789600197202685396,0.0,0.1,0.00,8.50,1
1789600198230659808,2825.4,0.0,3.44,0.00,6
1789600199261800983,3050.5,0.4,3.12,0.48,6
1789600200293119457,3155.9,0.0,2.88,0.00,8
1789600201324241380,3054.7,0.0,3.23,0.00,9
1789600202354605266,3175.5,0.1,2.79,8.50,7
1789600203385719696,3145.6,0.0,2.91,0.00,8
1789600204417111615,3043.2,0.3,3.20,1.20,10
1789600205448574321,3067.5,0.0,3.05,0.00,31
1789600206479660482,3205.9,0.0,2.56,0.00,67
1789600207510894363,3127.1,0.1,2.48,6.50,83
1789600208542471653,3199.9,0.4,2.93,0.07,2
1789600209573232282,3181.4,0.0,2.86,0.00,4
1789600210603845775,3114.5,0.0,3.09,0.00,6
1789600211634889064,3150.0,0.0,2.85,0.00,7
1789600212665350410,3135.1,0.1,2.94,5.50,7
1789600213696490262,3174.4,0.1,2.84,1.00,5
1789600214727603017,3106.2,0.0,3.03,0.00,7
1789600215757021449,3110.4,0.0,3.03,0.00,9
1789600216786937564,3036.8,0.1,3.11,7.50,9
1789600217817432321,2988.4,0.0,3.42,0.00,10
1789600218849121232,3143.9,0.4,2.81,4.75,10
1789600219879593388,3016.3,0.0,2.20,0.00,0
1789600220907365800,0.0,0.0,0.00,0.00,0
1789600221934877408,0.0,0.1,0.00,9.00,0
1789600222962002556,0.0,0.0,0.00,0.00,0
1789600223989043687,0.0,0.1,0.00,5.38,0
1789600225015613840,0.0,0.0,0.00,0.00,0
1789600226041901962,0.0,0.0,0.00,0.00,0
1789600227068129364,0.0,0.1,0.00,8.50,0
1789600228094533933,0.1,0.0,15.00,0.00,0
1789600229121334929,0.0,0.3,0.00,1.95,0
1789600230148396731,0.0,0.0,0.00,0.00,0
1789600231175483223,0.0,0.0,0.00,0.00,0
1789600232202396012,0.0,0.1,0.00,8.50,0
1789600233229118610,0.3,0.0,12.00,0.00,0
1789600234255658402,0.0,0.3,0.00,1.92,0
1789600235282277668,0.0,0.0,0.00,0.00,0
1789600236308982698,0.0,0.0,0.00,0.00,0
1789600237335453194,0.0,0.1,0.00,8.50,0
1789600238362216235,0.0,0.0,0.00,0.00,0
1789600239388770094,1629.6,0.4,4.05,0.07,0
1789600240416098582,1630.1,0.0,3.54,0.00,0
1789600241442667077,1630.6,0.0,3.91,0.00,0
1789600242468219532,1859.0,0.1,5.53,7.50,12
1789600243495817926,2086.8,0.0,3.09,0.00,8
1789600244526444678,2015.3,0.3,3.36,1.33,6
1789600245556985857,2106.6,0.0,2.85,0.00,0
1789600246586956664,1693.7,0.0,3.20,0.00,0
1789600247614028207,1629.7,0.1,3.09,2.00,0
1789600248640948127,1661.0,0.0,3.83,0.00,67
1789600249668310648,1979.1,0.3,4.61,2.13,8
1789600250696857775,2048.9,0.0,2.92,0.00,8
1789600251726172607,2037.5,0.1,3.20,6.00,7
1789600252755766109,2036.2,0.0,3.05,0.00,1
1789600253785389638,1628.7,0.0,3.28,0.00,0
1789600254812576703,1630.0,0.0,3.60,0.00,0
1789600255839401682,1750.9,0.3,4.22,1.12,72
1789600256866174507,2015.8,0.1,3.95,36.50,8
1789600257896227681,2089.3,0.0,3.09,0.00,6
1789600258925903860,2052.6,0.0,3.07,0.00,5
1789600259955391379,1854.5,0.0,3.02,0.00,0
1789600260983256681,1629.8,0.4,3.04,0.07,0
1789600262010198179,1630.3,0.1,3.31,1.50,0
1789600263037348966,1849.0,0.0,5.45,0.00,10
1789600264065592439,2030.2,0.0,3.44,0.00,7
1789600265095356793,2082.8,0.0,3.09,0.00,6
1789600266124506702,2103.8,0.4,2.59,0.04,2
1789600267154186160,1696.1,0.1,3.43,6.50,0
1789600268181817691,1629.6,0.0,3.67,0.00,0
1789600269208469184,1631.3,0.0,3.53,0.00,0
1789600270235222372,1938.2,0.0,4.54,0.00,10
1789600271263241545,2005.9,0.3,3.39,0.63,10
1789600272293585191,2086.4,0.1,2.77,2.00,7
1789600273323678554,2018.4,0.0,3.26,0.00,4
1789600274353295754,1710.4,0.0,3.21,0.00,0
1789600275380875724,1629.8,0.0,3.47,0.00,0
1789600276407739943,1632.6,0.3,3.43,1.37,4
1789600277433827259,0.1,342.1,6.65,7.59,7
1789600278460334276,0.3,905.0,2.38,2.73,0
1789600279486760650,0.0,0.0,0.00,0.00,0
1789600280513446410,0.0,0.0,0.00,0.00,0
1789600281540094398,0.0,0.4,0.00,0.10,0
1789600282566637169,0.0,1.4,0.00,2.50,0
1789600283593427145,0.1,0.0,2.50,0.00,0
1789600284620147294,0.0,0.0,0.00,0.00,0
1789600285646737789,0.6,0.0,1.42,0.00,0
1789600286673810662,0.0,1.6,0.00,0.11,0
1789600287700569382,0.0,0.1,0.00,10.00,0
1789600288727038157,0.0,0.0,0.00,0.00,0
1789600289753695447,0.0,0.0,0.00,0.00,0
1789600290780010714,0.0,0.0,0.00,0.00,0
1789600291806943167,0.2,0.2,8.40,4.91,1
1789600292834058354,0.0,0.1,14.00,8.50,0
1789600293860926278,0.0,0.0,0.00,0.00,0
1789600294887589551,0.0,0.0,0.00,0.00,0
1789600295914242557,0.0,0.0,0.00,0.00,0
1789600296941026610,0.0,0.4,0.00,1.58,1
1789600297967956601,0.0,0.1,0.00,8.00,0
1789600298994220880,0.0,0.0,0.00,0.00,0
1789600300020159782,0.0,0.0,0.00,0.00,0
1789600301046898832,0.0,0.0,0.00,0.00,0
1789600302073767483,0.0,0.4,0.00,2.26,0
1789600303100674597,0.0,0.0,0.00,0.00,0
1789600304127389477,0.0,0.0,0.00,0.00,0
1789600305154243653,0.1,0.0,14.00,0.00,0
1789600306180361079,0.0,0.0,0.00,0.00,0
1789600307207299106,0.0,0.4,0.00,1.76,1
1789600308234006857,0.0,0.1,0.00,8.00,0
1789600309260963321,0.0,0.0,0.00,0.00,0
1789600310287853026,0.1,0.0,14.00,0.00,0
1789600311314492271,0.0,0.0,0.00,0.00,0
1789600312341435684,0.0,0.4,0.00,2.24,0
1789600313368800307,1100.3,0.0,5.31,0.00,5
1789600314398629298,581.4,0.0,3.09,0.00,47
1789600315425468119,1575.6,0.0,2.94,0.00,0
1789600316452507232,1630.0,0.0,3.84,0.00,0
1789600317479843638,1123.4,0.4,4.17,2.88,8
1789600318509762821,560.2,0.0,3.34,0.00,48
1789600319536106847,1575.2,0.0,2.85,0.00,0
1789600320562391238,1630.8,0.0,2.91,0.00,0
1789600321589304401,1298.1,0.0,4.35,0.00,7
1789600322619320534,570.8,0.4,5.70,0.47,11
1789600323646885134,1387.3,0.0,1.37,0.00,0
1789600324673784206,1630.1,0.0,3.08,0.00,0
1789600325701388614,1460.3,0.0,4.27,0.00,6
1789600326732050794,533.4,0.0,7.42,0.00,9
1789600327759822347,1260.9,0.3,1.32,0.27,0
1789600328786602948,1630.2,0.0,3.49,0.00,0
1789600329813995619,1577.7,0.0,3.64,0.00,2
1789600330843459199,509.8,0.0,8.40,0.00,7
1789600331872315565,1167.8,0.3,1.35,0.53,0
1789600332898458615,1631.7,0.2,3.58,1.50,0
1789600333925295472,1586.0,0.0,3.72,0.00,1
1789600334954954090,530.7,0.0,8.45,0.00,8
1789600335985020515,1138.8,0.0,1.27,0.00,0
1789600337010378170,1631.9,0.1,3.37,3.00,0
1789600338037473363,1627.0,0.1,3.18,5.65,0
1789600339067246205,689.2,0.1,5.67,5.67,8
1789600340097236356,938.0,0.0,1.21,0.00,0
1789600341123694706,1630.9,0.0,3.53,0.00,0
1789600342150443582,1628.9,0.0,3.59,0.00,0
1789600343179012089,741.8,0.3,7.40,0.16,8
1789600344208365126,886.3,0.1,1.17,2.00,0
1789600345234710693,1630.7,0.0,3.54,0.00,0
1789600346261596576,1629.6,0.0,3.78,0.00,0
1789600347289461953,866.1,0.0,5.59,0.00,8
1789600348318796339,761.7,0.1,1.12,0.10,0
1789600349345308465,1630.3,0.1,3.71,5.50,0
1789600350371831676,1630.1,0.0,3.59,0.00,0
1789600351399732888,892.7,0.0,5.10,0.00,6
1789600352429091845,735.4,0.0,1.11,0.00,0
1789600353455140380,1632.0,0.4,3.62,1.16,0
1789600354481050130,1630.6,0.1,3.60,29.00,0
1789600355508348338,976.4,0.0,5.53,0.00,8
1789600356537373514,651.8,0.0,1.10,0.00,0
1789600357563036780,1632.1,0.0,3.82,0.00,0
1789600358589208105,1630.1,0.3,3.17,2.13,0
1789600359616974604,1072.6,0.1,4.37,10.00,5
1789600360644747199,579.1,0.0,1.79,0.00,79
1789600361671322046,1606.8,0.0,3.37,0.00,0
1789600362697842529,1630.7,0.0,3.33,0.00,0
1789600363725543800,1118.1,0.3,5.13,2.11,6
1789600364755370611,589.3,0.1,4.00,10.00,99
1789600365782740816,1548.9,0.0,2.48,0.00,0
1789600366809816640,1629.7,0.0,3.40,0.00,0
1789600367837655195,1229.8,0.0,4.59,0.00,7
1789600368867355878,533.0,0.3,6.36,0.06,46
1789600369894667168,1493.3,0.1,1.79,6.00,0
1789600370921704137,0.1,260.1,7.69,9.58,6
1789600371948410299,0.2,360.1,6.79,7.96,6
1789600372974876540,0.1,587.7,1.78,1.58,0
1789600374001918211,0.0,0.3,0.00,0.09,0
1789600375028569159,0.0,1.6,0.00,3.20,0
1789600376055715329,439.6,0.0,9.53,0.00,8
1789600377085112904,3131.5,0.0,2.94,0.00,10
1789600378115534843,3067.8,0.0,3.03,0.00,39
1789600379145861181,3114.7,1.9,2.43,1.48,106
1789600380176364341,3072.3,0.1,3.47,7.00,6
1789600381206713386,3116.1,0.0,3.02,0.00,5
1789600382237236695,3151.5,0.0,2.92,0.00,7
1789600383267352319,3143.1,0.0,2.75,0.00,6
1789600384297712641,3208.6,0.4,2.65,0.44,7
1789600385328596483,3203.4,0.0,2.80,0.00,7
1789600386359166481,3092.6,0.0,2.97,0.00,7
1789600387389299688,3224.3,0.0,2.68,0.00,8
1789600388419840685,3213.2,0.0,2.78,0.00,8
1789600389449879490,3194.4,0.4,2.89,1.40,8
1789600390479889078,3090.9,0.0,2.96,0.00,7
1789600391510238450,3153.1,0.0,2.87,0.00,8
1789600392540610813,3104.2,0.0,2.99,0.00,9
1789600393570078021,3095.6,0.0,3.05,0.00,9
1789600394600665306,3121.9,0.2,2.54,1.75,84
1789600395631186185,3125.0,0.0,2.86,0.00,2
1789600396661438626,3037.5,0.0,3.29,0.00,7
1789600397691757718,3114.5,0.0,2.96,0.00,6
1789600398721377977,2029.3,0.0,2.40,0.00,0
1789600399748351011,0.0,0.5,0.00,0.25,0
1789600400774853295,0.0,0.0,0.00,0.00,0
1789600401801089230,0.0,0.0,0.00,0.00,0
1789600402827281713,0.0,0.0,0.00,0.00,0
1789600403854016621,0.0,0.0,0.00,0.00,16
1789600404881288559,2498.2,0.3,3.84,7.41,5
1789600405911324773,3135.3,0.0,2.97,0.00,7
1789600406941823945,3162.7,0.0,2.91,0.00,7
1789600407972271774,3107.6,0.0,3.00,0.00,9
1789600409002595724,3096.3,0.3,3.01,1.39,8
1789600410033418016,3184.3,0.1,2.75,6.00,11
1789600411063573720,3141.7,0.0,2.82,0.00,11
1789600412094149364,3123.7,0.0,2.57,0.00,107
1789600413124877221,3171.1,0.0,2.70,0.00,53
1789600414155215893,3142.8,0.3,3.04,0.65,5
1789600415185289431,3139.8,0.1,2.92,22.50,3
1789600416215481806,3034.8,0.0,3.42,0.00,6
1789600417246013243,3190.3,0.0,2.85,0.00,7
1789600418276620067,3052.6,0.0,3.28,0.00,8
1789600419307402052,2984.6,0.4,3.46,1.20,8
1789600420337547577,3078.2,0.0,3.16,0.00,7
1789600421366895265,3139.8,0.0,2.93,0.00,9
1789600422396459560,3190.2,0.0,2.72,0.00,9
1789600423426542092,3094.5,0.0,2.93,0.00,17
1789600424456792139,3098.8,0.4,2.39,1.13,76
1789600425486090588,3176.6,0.0,2.92,0.00,1
1789600426514990862,3129.2,0.0,3.00,0.00,6
1789600427543898321,181.0,0.0,0.64,0.00,0
1789600428570179549,0.0,0.0,0.00,0.00,0
1789600429597071977,0.1,0.5,1.00,0.34,0
1789600430623818002,0.1,0.0,14.00,0.00,0
1789600431650711645,0.0,0.0,0.00,0.00,0
1789600432678230696,1186.8,0.0,5.21,0.00,6
1789600433709268638,3140.0,0.0,3.00,0.00,7
1789600434739941944,3077.0,0.4,3.11,1.16,6
1789600435770737308,3120.4,0.0,2.96,0.00,7
1789600436801194209,3171.9,0.0,2.82,0.00,8
1789600437831669084,3116.6,0.0,3.12,0.00,8
1789600438862197374,3098.5,0.0,3.03,0.00,8
1789600439893240586,3009.7,0.4,3.20,1.34,8
1789600440924072242,3180.6,0.0,2.61,0.00,73
1789600441955057707,3203.4,0.0,2.68,0.00,61
1789600442985821618,3174.1,0.0,2.59,0.00,2
1789600444016887251,3169.8,0.0,3.06,0.00,2
1789600445047406497,3038.2,0.1,3.28,7.00,5
1789600446078563214,3141.4,0.4,3.01,0.54,7
1789600447109252522,3163.6,0.0,2.77,0.00,6
1789600448138765756,3013.8,0.0,3.37,0.00,6
1789600449169380858,3129.7,0.0,2.95,0.00,8
1789600450198853886,3058.0,0.1,3.10,6.50,9
1789600451228694501,3023.9,0.2,3.18,0.59,10
1789600452259284685,3019.7,0.0,3.10,0.00,46
1789600453289809895,3146.7,0.0,2.47,0.00,60
1789600454320513291,3154.9,0.1,2.93,7.00,0
1789600455350300102,1689.2,0.0,3.20,0.00,0
1789600456377051257,0.0,0.4,0.00,1.83,0
1789600457403619894,0.0,0.0,0.00,0.00,0
1789600458430342141,0.1,0.0,14.00,0.00,0
1789600459457010337,0.0,0.1,0.00,8.50,0
1789600460482891124,0.0,0.0,0.00,0.00,0
1789600461510352122,2738.5,0.3,4.02,0.64,7
1789600462541284668,3059.5,0.0,3.21,0.00,8
1789600463571644050,3112.3,0.0,3.10,0.00,7
1789600464602217491,3137.5,0.1,2.87,7.00,9
1789600465632935605,3178.6,0.0,2.88,0.00,8
1789600466663551005,3120.2,0.4,3.10,1.07,8
1789600467694650769,3099.4,0.0,3.01,0.00,9
1789600468725448801,3111.2,0.0,2.97,0.00,9
1789600469755898607,3179.1,0.1,2.65,7.00,67
1789600470786364203,3077.9,0.0,2.97,0.00,2
1789600471816563444,3149.2,0.3,2.96,1.27,4
1789600472847017564,3170.0,0.0,2.90,0.00,7
1789600473877992635,3201.5,0.0,2.88,0.00,7
1789600474908517458,3162.6,0.1,2.82,6.50,5
1789600475939360282,3019.5,0.0,3.30,0.00,5
1789600476969835543,3051.0,0.3,3.22,1.05,8
1789600478000193029,3042.6,0.0,3.32,0.00,9
1789600479031062080,3100.1,0.0,3.02,0.00,7
1789600480061451775,3055.3,0.1,2.99,6.00,9
1789600481092161374,3083.1,0.0,2.87,0.00,65
1789600482122441823,3158.6,0.3,2.43,0.87,63
1789600483152802578,3215.1,0.0,2.69,0.00,2
1789600484181890171,2.4,0.0,0.20,0.00,0
1789600485208399387,0.0,0.1,0.00,10.50,0
1789600486235247322,0.0,0.0,0.00,0.00,0
1789600487262064974,0.0,0.0,0.00,0.00,0
1789600488288633656,0.0,0.2,0.00,4.71,0
1789600489315648881,1433.1,0.1,4.32,6.50,6
1789600490345508998,3062.8,0.0,3.13,0.00,7
1789600491376537130,3109.8,0.0,3.08,0.00,6
1789600492407103365,2967.5,0.0,3.55,0.00,8
1789600493437201222,3201.3,0.1,2.70,0.91,9
1789600494467524257,3146.9,0.1,2.97,1.50,9
1789600495497951847,3209.6,0.0,2.69,0.00,8
1789600496529066986,2961.8,0.0,3.30,0.00,11
1789600497559402679,3039.9,0.0,3.21,0.00,40
1789600498589865563,3150.8,0.4,2.47,0.85,43
1789600499619643257,3133.6,0.1,3.18,7.00,0
1789600500650572500,3160.3,0.0,2.96,0.00,6
1789600501681660808,3094.2,0.0,3.25,0.00,5
1789600502712404248,3108.6,0.0,3.09,0.00,7
1789600503743318691,3149.9,0.4,2.77,0.49,6
1789600504773525357,3179.5,0.1,2.76,6.50,6
1789600505804343258,3129.5,0.0,2.89,0.00,8
1789600506835001030,3193.6,0.0,2.72,0.00,8
1789600507865587009,3023.6,0.0,3.22,0.00,9
1789600508896601398,3083.2,0.2,3.03,2.84,9
1789600509927232074,3128.6,0.1,2.81,2.50,10
1789600510957835491,3120.9,0.0,2.92,0.00,11
1789600511987672968,1437.7,0.0,1.38,0.00,0
1789600513014246840,0.0,0.0,0.00,0.00,0
1789600514041176282,0.0,0.1,0.00,11.61,0
1789600515067879812,0.0,0.1,0.00,9.50,0
1789600516094314671,0.0,0.0,14.00,0.00,0
1789600517121324314,59.9,0.0,23.39,0.00,41
1789600518149081000,3108.6,0.0,3.18,0.00,3
1789600519179245679,3075.9,0.2,3.17,1.05,7
1789600520210590309,3201.7,0.1,2.65,4.00,7
1789600521241696956,3165.3,0.0,2.92,0.00,6
1789600522273282042,3091.4,0.0,3.06,0.00,5
1789600523303886859,3094.4,0.0,3.09,0.00,6
1789600524334962508,3117.1,0.0,2.84,6.50,9
1789600525365909153,3019.4,0.4,3.31,0.52,8
1789600526396368495,3144.3,0.0,2.91,0.00,9
1789600527426972455,3135.7,0.0,2.77,0.00,9
1789600528458056332,3115.2,0.0,3.04,0.00,10
1789600529489210860,3126.8,0.1,2.69,7.00,73
1789600530519702447,3197.0,0.3,2.57,0.94,33
1789600531550758004,3173.6,0.0,2.76,0.00,2
1789600532581366618,3204.8,0.0,2.86,0.00,0
1789600533611455267,3184.3,0.0,2.84,0.00,7
1789600534641361968,2907.6,0.1,3.83,35.00,5
1789600535671013363,3141.5,0.1,2.89,1.07,5
1789600536702065004,3010.4,0.0,3.28,0.00,9
1789600537733030159,3013.5,0.0,3.26,0.00,8
1789600538763550850,3111.1,0.0,2.91,0.00,8
1789600539793773613,2822.3,0.1,2.01,8.00,0
1789600540821069268,0.0,0.2,0.00,7.53,0
1789600541847872880,0.0,0.0,0.00,0.00,0
1789600542874623778,0.0,0.0,0.00,0.00,0
1789600543901772238,0.0,0.0,0.00,0.00,0
1789600544928831495,0.4,0.1,3.95,2.00,0
1789600545956529253,1747.9,0.1,4.55,9.00,69
1789600546987636771,3159.2,0.1,2.62,24.17,55
1789600548019108726,3174.5,0.0,2.89,0.00,1
1789600549049457488,3125.4,0.0,3.12,0.00,4
1789600550080104678,3167.7,0.1,2.74,7.00,7
1789600551111087634,3191.1,0.0,2.80,0.00,7
1789600552142041757,3163.5,0.1,2.81,1.08,7
1789600553173197646,3104.1,0.0,2.89,0.00,6
1789600554204366002,3234.5,0.0,2.64,0.00,6
1789600555235706081,3131.1,0.1,2.84,5.50,7
1789600556266944051,3146.8,0.0,2.92,0.00,7
1789600557297665641,3126.1,0.4,3.06,0.53,9
1789600558328743578,3184.3,0.0,2.83,0.00,7
1789600559360393401,3163.6,0.1,2.93,8.50,9
1789600560391107502,3052.3,0.0,3.07,0.00,9
1789600561421986517,3102.8,0.0,3.02,0.00,9
1789600562453162102,3047.5,0.3,2.77,1.21,56
1789600563484589392,3197.8,0.0,2.66,0.00,90
1789600564515513585,3127.1,0.1,3.13,7.50,7
1789600565546152243,3062.2,0.0,3.21,0.00,7
1789600566576846135,3134.8,0.0,2.79,0.00,8
1789600567606650991,3128.6,0.1,2.87,1.27,9
1789600568636435900,528.3,0.0,1.09,0.00,0
1789600569663105067,0.0,0.1,0.00,8.00,0
1789600570690019257,0.0,0.0,0.00,0.00,0
1789600571716644646,0.0,0.0,0.00,0.00,0
1789600572742869254,0.0,0.2,0.00,5.14,0
1789600573769306786,0.0,0.0,0.00,0.00,0
1789600574795551293,0.0,0.1,0.00,8.50,0
1789600575822367591,0.0,0.0,0.00,0.00,0
1789600576849299606,0.0,0.0,0.00,0.00,0
1789600577876401265,0.0,0.1,0.00,9.25,0
1789600578903014238,0.0,0.0,0.00,0.00,0
1789600579929774779,0.0,0.1,0.00,10.00,0
1789600580956281535,0.2,0.0,7.00,0.00,0
1789600581983021801,0.0,0.0,0.00,0.00,0
1789600583009922075,0.0,0.3,0.00,2.11,0
1789600584036487469,0.0,0.0,0.00,0.00,0
1789600585062820919,0.0,0.1,0.00,8.50,0
1789600586090007563,0.0,0.0,0.00,0.00,0
1789600587116662824,0.0,0.0,0.00,0.00,0
1789600588143130080,0.0,0.3,0.00,2.38,0
1789600589169546330,0.0,0.0,0.00,0.00,0
1789600590196258164,0.0,0.1,0.00,8.50,0
1789600591222761894,0.0,0.0,0.00,0.00,0
1789600592249131303,0.0,0.0,0.00,0.00,0
1789600593275625074,0.0,0.2,0.00,4.91,0
1789600594302115098,0.0,0.1,0.00,8.50,0
1789600595328946050,0.0,0.0,0.00,0.00,0
1789600596355397727,0.0,0.0,0.00,0.00,0
1789600597381986256,0.0,0.0,0.00,0.00,0
1789600598408609521,0.0,0.1,0.00,9.33,0
1789600599435446879,0.0,0.1,0.00,8.00,0
1789600600462368057,0.0,0.0,0.00,0.00,0
1789600601489378154,437.5,0.0,10.46,0.00,8
1789600602518457761,1191.2,0.0,1.31,0.00,0
1789600603545159533,1630.1,0.1,3.57,0.94,0
1789600604571897932,1630.3,0.1,3.74,6.50,0
1789600605599262086,1198.3,0.0,4.84,0.00,6
1789600606629351087,793.3,0.0,5.58,0.00,8
1789600607657679805,1263.5,0.0,1.32,0.00,0
1789600608684939016,1629.8,0.1,3.90,1.17,0
1789600609712292313,1628.9,0.1,3.52,7.00,0
1789600610740584478,1215.7,0.0,4.59,0.00,7
1789600611770677266,823.0,0.0,5.18,0.00,8
1789600612799033361,1215.8,0.0,1.30,0.00,0
1789600613826039124,1630.0,0.4,3.06,1.25,0
1789600614852820332,1630.2,0.1,3.68,7.00,0
1789600615880632434,1342.0,0.0,3.90,0.00,5
1789600616911019955,774.9,0.0,5.82,0.00,7
1789600617940324404,1136.5,0.0,1.28,0.00,0
1789600618967144750,1630.8,0.2,3.61,1.31,0
1789600619993312817,1630.0,0.1,3.00,9.00,0
1789600621021373080,1403.4,0.0,3.62,0.00,4
1789600622051924986,761.9,0.0,6.30,0.00,8
1789600623081349854,1088.6,0.0,1.26,0.00,0
1789600624107636574,1630.2,0.3,3.59,1.14,0
1789600625134247809,1630.4,0.1,3.12,8.50,0
1789600626162233730,1407.6,0.0,4.00,0.00,4
1789600627193996657,784.1,0.0,5.89,0.00,9
1789600628224960208,1058.2,0.0,1.25,0.00,0
1789600629252645340,1629.7,0.3,3.57,1.55,0
1789600630279840968,1629.3,0.1,3.18,8.50,0
1789600631307864093,1495.3,0.0,3.88,0.00,4
1789600632338931778,794.2,0.0,5.63,0.00,9
1789600633369858820,961.2,0.0,1.21,0.00,0
1789600634397479087,1629.2,0.2,3.82,1.67,0
1789600635424854432,1629.6,0.0,3.58,0.00,0
1789600636452688859,1475.5,0.0,3.95,0.00,6
1789600637482881094,749.1,0.0,6.27,0.00,8
1789600638513157416,1028.7,0.0,1.24,0.00,0
1789600639539689166,1630.7,0.4,3.76,4.00,0
1789600640566315280,1629.1,0.0,3.14,5.67,0
1789600641594525438,1428.6,0.0,4.06,0.00,6
1789600642626546254,722.9,0.0,6.75,0.00,8
1789600643656274124,1099.4,0.0,1.25,0.00,0
1789600644682608932,1631.7,0.4,3.55,11.29,0
1789600645708999959,1630.3,0.0,3.63,0.00,0
1789600646736306373,1417.0,0.0,3.65,0.00,4
1789600647766417313,745.5,0.0,6.05,0.00,9
1789600648796392795,1090.9,0.0,1.26,0.00,0
1789600649823528874,1630.0,0.2,3.94,15.08,0
1789600650850421592,1630.0,0.0,3.63,0.00,0
1789600651877981206,1282.9,0.0,4.18,0.00,7
1789600652907994542,725.8,0.0,6.37,0.00,8
1789600653937075911,1246.1,0.0,1.31,0.00,0
1789600654963814706,1630.2,0.2,2.84,6.44,0
1789600655990735613,0.1,236.7,9.56,10.16,5
1789600657017503258,0.1,352.5,8.64,10.30,7
1789600658043723570,0.2,657.9,1.76,1.40,0
1789600659070266678,0.0,0.0,0.00,0.00,0
1789600660096991426,0.0,1.8,0.00,0.77,0
1789600661123161351,0.0,0.0,0.00,0.00,0
1789600662149929185,0.0,0.0,0.00,0.00,0
1789600663176805394,0.0,0.0,0.00,0.00,0
1789600664203490077,0.0,0.0,0.00,0.00,0
1789600665229598926,0.0,1.9,1.50,0.09,0
1789600666256705917,0.0,0.0,0.00,0.00,0
1789600667283406259,0.1,0.0,14.00,0.00,0
1789600668309855435,0.0,0.0,0.00,0.00,0
1789600669336301614,0.0,0.0,0.00,0.00,0
1789600670362334846,0.0,0.3,0.00,5.19,0
1789600671388568319,0.0,0.0,0.00,0.00,0
1789600672415229883,0.0,0.0,0.00,0.00,0
1789600673442407310,891.8,0.0,6.30,0.00,5
1789600674472563023,2094.1,0.0,3.30,0.00,6
1789600675502148608,1893.4,0.4,2.58,0.13,0
1789600676529375376,1630.0,0.0,3.18,0.00,0
1789600677556820212,1776.8,0.0,5.20,0.00,38
1789600678584920736,2144.8,0.0,3.41,0.00,7
1789600679615013612,2178.5,0.0,3.02,0.00,6
1789600680645060475,2031.4,0.4,3.08,0.25,0
1789600681674604556,1628.3,0.0,3.70,0.00,0
1789600682701529900,1630.9,0.0,3.53,0.00,89
1789600683728219509,2108.3,0.0,4.28,0.00,7
1789600684757922748,2084.0,0.1,3.31,6.50,7
1789600685788376081,2154.7,0.2,3.05,1.04,5
1789600686818583115,1783.2,0.0,3.19,0.00,0
1789600687846189542,1629.9,0.0,3.61,0.00,0
1789600688873212608,1937.9,0.0,4.81,0.00,11
1789600689901789701,2144.6,0.1,3.17,7.50,8
1789600690931841331,2172.3,0.3,3.07,0.87,6
1789600691961558797,1879.2,0.0,3.15,0.00,0
1789600692989319037,1629.3,0.0,3.80,0.00,0
1789600694016445512,1766.9,0.0,4.96,0.00,43
1789600695044343187,2187.6,0.1,3.24,2.00,8
1789600696074214540,2181.2,0.3,2.99,0.45,6
1789600697104329286,1997.6,0.0,3.07,0.00,0
1789600698133075276,1629.2,0.0,3.74,0.00,0
1789600699159721117,1686.9,0.0,4.18,0.00,49
1789600700187062048,2176.6,0.1,3.48,1.50,9
1789600701216760398,2106.3,0.3,3.49,1.27,8
1789600702246552647,2145.2,0.0,2.92,0.00,2
1789600703276165244,1648.3,0.0,3.86,0.00,0
1789600704303062177,1630.2,0.0,3.59,0.00,0
1789600705330100222,1913.4,0.1,5.31,6.50,10
1789600706358150868,2180.1,0.1,2.98,1.50,9
1789600707388219878,2177.3,0.0,3.00,0.00,7
1789600708415979247,1867.3,0.0,3.37,0.00,0
1789600709444018009,1629.4,0.0,3.32,0.00,0
1789600710470448617,0.3,1247.6,1.94,1.17,0
1789600711497202938,0.0,0.4,0.00,0.26,0
1789600712523427589,0.0,0.0,0.00,0.00,0
1789600713549866571,0.0,0.0,0.00,0.00,0
1789600714576414233,0.0,0.0,0.00,0.00,0
1789600715602110929,0.0,1.2,0.00,1.75,0
1789600716627917066,0.0,0.0,0.00,0.00,0
1789600717653861248,0.0,1.2,0.00,0.13,0
1789600718680142517,0.0,0.0,0.00,0.00,0
1789600719706686296,0.0,0.0,0.00,0.00,1
1789600720737984638,0.0,0.1,0.00,8.50,0
1789600721764571787,0.0,0.0,0.00,0.00,0
1789600722790955119,0.0,0.3,0.00,2.00,0
1789600723817289945,0.0,0.0,0.00,0.00,0
1789600724844071164,1630.0,0.1,3.95,1.50,0
1789600725871372179,2312.9,0.0,3.93,0.00,7
1789600726901425533,2467.3,0.0,2.77,0.00,6
1789600727930657526,1727.3,0.3,2.88,0.10,0
1789600728957751039,2320.3,0.0,3.94,0.00,7
1789600729988666480,2467.4,0.1,2.64,7.50,4
1789600731017924144,1718.4,0.0,2.75,0.00,0
1789600732044401014,2334.0,0.0,4.05,0.00,13
1789600733074390613,2472.5,0.2,2.62,1.46,0
1789600734104247254,1700.8,0.0,2.82,0.00,0
1789600735131641747,2279.8,0.1,4.12,1.50,9
1789600736161952868,2498.3,0.0,2.54,0.00,5
1789600737191477933,1727.8,0.1,3.05,0.67,0
1789600738218855374,2258.3,0.0,4.39,0.00,9
1789600739249174975,2442.4,0.0,2.76,0.00,6
1789600740278493560,1805.8,0.1,2.81,7.00,0
1789600741305968179,2263.9,0.0,3.87,0.00,9
1789600742336460800,2508.3,0.1,2.58,1.06,4
1789600743366296310,1732.8,0.0,2.90,0.00,0
1789600744393835273,2415.2,0.0,3.49,0.00,8
1789600745424425326,2414.4,0.1,2.72,2.50,2
1789600746454067814,1675.4,0.0,3.24,0.00,0
1789600747479576581,2364.0,0.1,3.75,1.20,7
1789600748509527783,2460.9,0.0,2.63,0.00,2
1789600749538606573,1687.1,0.0,3.43,0.00,0
1789600750565562514,2309.5,0.1,3.77,6.33,8
1789600751595399399,2475.2,0.0,2.56,0.00,5
1789600752624192986,1723.6,0.3,3.60,0.03,0
1789600753651268932,2169.4,0.0,4.03,0.00,9
1789600754679856151,2496.6,0.0,2.50,0.00,5
1789600755709657629,1843.7,0.1,2.94,7.00,0
1789600756736569403,1630.4,68.2,3.11,7.53,4
1789600757763414079,0.1,363.4,7.90,9.46,6
1789600758790246657,0.2,600.9,4.44,4.14,0
1789600759816902774,0.0,1.3,0.00,2.25,0
1789600760842918095,0.0,0.0,0.00,0.00,0
1789600761869431120,0.0,0.0,0.00,0.00,0
1789600762896996857,1692.0,1.4,4.40,1.40,51
1789600763927282564,3172.3,0.0,2.71,0.00,2
1789600764956673048,3134.3,0.1,3.12,7.00,4
1789600765986833282,3126.5,0.0,2.93,0.00,7
1789600767017105436,3224.5,0.0,2.70,0.00,7
1789600768046954572,3206.8,0.0,2.71,0.00,6
1789600769077155938,3085.0,0.1,3.08,0.25,6
1789600770106569033,3067.0,0.1,2.98,6.50,6
1789600771137121839,3094.3,0.0,3.14,0.00,9
1789600772167730444,3206.4,0.0,2.66,0.00,8
1789600773198251604,3169.3,0.0,2.70,0.00,8
1789600774228912639,3090.0,0.3,3.06,0.60,9
1789600775259548324,3183.8,0.1,2.82,7.00,9
1789600776290335617,3211.7,0.0,2.75,0.00,9
1789600777320911326,3062.7,0.0,2.99,0.00,11
1789600778351288362,3165.6,0.0,2.82,0.00,24
1789600779381799782,3103.0,0.4,2.53,1.07,0
1789600780412089576,3207.6,0.1,2.84,6.00,2
1789600781441759535,3022.5,0.0,3.37,0.00,8
1789600782471507780,2924.6,0.0,3.64,0.00,5
1789600783501421140,3083.5,0.0,3.08,1.00,12
1789600784531302255,3091.4,0.3,2.92,0.92,9
1789600785561267760,925.5,0.1,1.26,6.00,0
1789600786587189142,0.0,0.0,0.00,0.00,0
1789600787613749080,0.0,0.0,0.00,0.00,0
1789600788640093199,0.0,0.3,0.00,1.89,0
1789600789666306688,0.0,0.0,0.00,0.00,0
1789600790693458737,415.0,0.1,11.78,8.00,7
1789600791723380654,3016.5,0.0,3.29,0.00,10
1789600792753809229,3155.1,0.0,2.53,0.00,96
1789600793784916006,3164.5,0.3,2.59,0.08,107
1789600794815055671,3103.1,0.1,3.32,6.50,5
1789600795845453185,3150.9,0.0,2.87,0.00,6
1789600796876309771,3167.6,0.0,2.83,0.00,6
1789600797906852598,3111.2,0.0,2.79,0.00,6
1789600798937362085,3215.8,0.3,2.65,0.53,5
1789600799967729528,3131.1,0.1,3.04,7.50,8
1789600800997823365,3056.8,0.0,3.03,0.00,7
1789600802028051931,3156.4,0.0,2.85,0.00,7
1789600803058749812,3175.8,0.0,2.81,0.00,9
1789600804088951171,3195.2,0.3,2.84,1.18,7
1789600805118936470,3154.1,0.1,2.82,6.50,6
1789600806149609314,3115.4,0.0,3.02,0.00,7
1789600807180597700,3189.7,0.0,2.84,0.00,11
1789600808211104353,3152.5,0.0,2.84,0.00,11
1789600809241957640,3083.4,0.4,2.62,0.90,37
1789600810272310548,3096.8,0.1,3.14,5.50,4
1789600811302845772,3019.1,0.0,3.29,0.00,6
1789600812333813686,3123.7,0.0,2.99,0.00,7
1789600813363802885,2082.1,0.0,2.46,0.00,0
1789600814390453500,0.0,0.3,0.00,2.56,0
1789600815416378286,0.0,0.1,14.00,1.50,0
1789600816442868354,0.1,0.0,14.00,0.00,0
1789600817469694649,0.1,0.0,14.00,0.00,0
1789600818496558970,0.0,0.0,0.00,0.00,0
1789600819523688984,2414.5,0.4,4.30,1.38,7
1789600820554089414,2979.8,0.1,3.30,6.00,9
1789600821584102835,3104.8,0.0,3.05,0.00,9
1789600822613987749,3169.0,0.0,2.82,0.00,11
1789600823644011117,3154.6,0.0,2.82,0.00,9
1789600824675013878,3182.9,0.3,2.56,0.92,54
1789600825705674680,3095.0,0.1,2.86,7.50,2
1789600826736202701,3110.1,0.0,2.96,0.00,4
1789600827766712536,3214.3,0.0,2.80,0.00,7
1789600828797185649,3118.9,0.0,3.00,0.00,6
1789600829827134403,3160.0,0.3,2.74,1.04,6
1789600830857825225,3137.1,0.0,2.90,0.00,6
1789600831888375402,3225.9,0.0,2.81,0.00,6
1789600832918767714,3138.2,0.0,2.94,0.00,6
1789600833949705678,3143.3,0.0,2.87,0.00,8
1789600834979864722,3109.2,0.5,3.03,1.36,9
1789600836010626288,3135.6,0.0,3.00,0.00,7
1789600837040783860,3151.5,0.0,2.85,0.00,7
1789600838070831901,3104.4,0.0,2.95,0.00,7
1789600839101458755,3141.0,0.0,2.83,0.00,10
1789600840132064781,3103.8,0.4,2.64,0.36,78
1789600841162671315,3142.7,0.0,2.63,0.00,0
1789600842191447323,0.0,0.0,0.00,0.00,0
1789600843218363477,0.0,0.0,0.00,0.00,0
1789600844245106663,0.0,0.0,0.00,0.00,0
1789600845272162940,0.0,0.3,0.00,5.08,0
1789600846299015673,0.0,0.0,0.00,0.00,0
1789600847326363883,1471.1,0.0,4.17,0.00,6
1789600848356834293,3127.4,0.0,2.94,0.00,7
1789600849388120741,3086.3,0.0,3.12,0.00,7
1789600850418603555,3057.5,0.4,3.18,1.76,8
1789600851449222966,3185.1,0.0,2.80,0.00,8
1789600852479770933,3162.6,0.0,2.85,0.00,6
1789600853510375149,3119.8,0.0,2.97,0.00,6
1789600854540427744,3013.6,0.0,3.13,0.00,8
1789600855571151096,3118.3,0.2,2.98,0.83,10
1789600856601181703,3208.9,0.0,2.67,0.00,9
1789600857631149382,3112.6,0.0,2.91,0.00,24
1789600858661636649,3190.5,0.0,2.57,0.00,77
1789600859692011626,3124.5,0.0,2.90,0.00,1
1789600860722594719,3165.1,0.1,3.18,28.50,4
1789600861752961742,3166.4,0.3,2.66,3.25,5
1789600862783478293,2976.9,0.0,3.60,0.00,7
1789600863814453151,3101.9,0.0,2.98,0.00,7
1789600864844799673,3174.0,0.1,2.75,7.50,7
1789600865875242730,3027.1,0.0,3.36,0.00,8
1789600866905843871,3058.3,0.3,3.10,6.33,9
1789600867935735039,3216.5,0.0,2.55,0.00,8
1789600868966321574,3154.0,0.0,2.76,0.00,8
1789600869995826104,1216.5,0.1,1.31,8.50,0
1789600871022837089,0.0,0.0,0.00,0.00,0
1789600872049705146,0.0,0.2,0.00,5.38,0
1789600873076788099,0.0,0.0,0.00,0.00,0
1789600874103848203,0.0,0.0,0.00,0.00,0
1789600875131052402,182.0,0.1,20.60,8.00,10
1789600876159194098,3113.9,0.0,2.35,0.00,44
1789600877189289054,3157.9,0.1,2.95,1.00,1
1789600878219138319,3096.2,0.0,3.15,0.00,4
1789600879250003470,3132.3,0.0,2.97,0.00,6
1789600880280932519,3136.4,0.1,2.88,5.60,6
1789600881311469283,3106.3,0.0,3.03,0.00,6
1789600882342258261,3041.4,0.1,3.14,0.94,7
1789600883372723754,3068.2,0.0,3.18,0.00,7
1789600884403168532,3174.4,0.0,2.82,0.00,9
1789600885433960956,3056.0,0.1,3.03,7.00,7
1789600886464635896,3131.7,0.0,3.06,0.00,10
1789600887495490001,3154.1,0.4,2.88,2.74,11
1789600888526158180,3254.7,0.0,2.65,0.00,11
1789600889556872171,3176.6,0.0,2.48,0.00,68
1789600890587445236,3137.2,0.1,2.59,26.50,98
1789600891618163593,3232.6,0.0,2.74,0.00,2
1789600892648969493,3074.3,0.4,3.34,1.12,5
1789600893679479817,3026.3,0.0,3.29,0.00,6
1789600894710213400,3054.3,0.0,3.01,0.00,7
1789600895740453455,3160.6,0.1,2.74,6.50,7
1789600896770885606,3143.1,0.0,2.83,0.00,8
1789600897799122455,2430.9,0.2,2.19,1.14,0
1789600898823301779,0.0,0.0,0.00,0.00,0
1789600899850200559,0.0,0.0,0.00,0.00,0
1789600900877111332,0.0,0.1,0.00,8.50,0
1789600901904130284,0.0,0.0,0.00,0.00,0
1789600902931020450,0.0,0.1,0.00,6.22,0
1789600903958292375,2055.1,0.0,4.92,0.00,8
1789600904989161493,3062.4,0.0,3.05,0.00,9
1789600906019041822,3147.1,0.1,2.66,6.50,39
1789600907049802767,3212.0,0.0,2.59,0.00,82
1789600908080055689,3164.8,0.1,2.52,1.14,87
1789600909110620193,3172.1,0.0,3.10,0.00,0
1789600910141495800,3092.8,0.0,3.13,0.00,5
1789600911172144403,3114.9,0.1,2.81,12.50,6
1789600912202823698,3217.7,0.0,2.75,0.00,7
1789600913233629475,3104.0,0.1,2.94,0.57,6
1789600914263924830,3155.7,0.0,2.80,0.00,6
1789600915294837617,3064.1,0.1,3.13,1.00,9
1789600916325374076,3161.2,0.0,3.00,13.00,7
1789600917356155864,3177.7,0.0,2.84,0.00,9
1789600918386169299,3078.9,0.3,3.09,0.09,9
1789600919416783895,3091.9,0.0,3.12,0.00,11
1789600920447660573,3017.3,0.1,3.01,7.00,87
1789600921478231457,3139.6,0.0,2.57,0.00,0
1789600922508940943,3140.3,0.0,3.12,0.00,5
1789600923539623429,3122.7,0.3,2.91,1.20,7
1789600924570382324,3079.9,0.0,2.94,0.00,5
1789600925600333951,3081.8,0.1,2.99,24.50,6
1789600926630418890,572.0,0.0,1.08,0.00,0
1789600927657176117,0.0,0.0,0.00,0.00,0
1789600928684341758,0.0,0.1,0.00,6.22,0
1789600929711525500,0.0,0.0,0.00,0.00,0
1789600930737953301,0.0,0.1,0.00,8.50,0
1789600931765101663,932.6,0.0,5.58,0.00,6
1789600932795621046,3077.0,0.0,3.10,0.00,9
1789600933826742932,3206.9,0.1,2.78,1.40,9
1789600934857106279,3216.2,0.0,2.74,0.00,9
1789600935887513969,3120.4,0.1,3.01,7.50,8
1789600936918131728,3105.9,0.0,3.09,0.00,6
1789600937948836983,3170.5,0.0,2.78,0.00,9
1789600938979289395,3142.8,0.1,2.74,0.12,11
1789600940010378295,3207.0,0.1,2.72,4.25,11
1789600941039964903,3192.6,0.0,2.53,1.33,49
1789600942070684190,3101.4,0.0,2.75,0.00,1
1789600943101342394,3150.8,0.0,3.05,0.00,5
1789600944131758459,3104.6,0.4,3.16,0.90,6
1789600945162119763,3135.4,0.0,2.97,0.00,7
1789600946193254131,3106.6,0.1,2.97,7.50,6
1789600947224336877,3002.4,0.0,3.52,0.00,8
1789600948255204959,3127.3,0.0,3.01,0.00,8
1789600949286321906,3118.1,0.3,3.09,2.20,9
1789600950317519298,2975.9,0.0,3.50,0.00,10
1789600951349104431,3057.8,0.1,3.07,7.00,25
1789600952380346671,3176.6,0.0,2.45,0.00,93
1789600953411011531,3157.6,0.0,2.63,0.00,0
1789600954441498185,1627.9,0.2,2.43,4.87,0
1789600955468364240,0.0,0.0,0.00,0.00,0
1789600956494986356,0.0,0.1,0.00,8.50,0
1789600957521345993,0.0,0.0,0.00,0.00,0
1789600958547492586,0.0,0.0,0.00,0.00,0
1789600959573806489,0.0,0.2,0.00,5.95,0
1789600960600459618,0.0,0.0,0.00,0.00,0
1789600961627274452,0.0,0.1,0.00,8.50,0
1789600962653712750,0.0,0.0,0.00,0.00,0
1789600963680090025,0.0,0.0,0.00,0.00,0
1789600964707157320,0.0,0.0,0.00,0.00,0
1789600965734229483,0.3,0.2,5.18,5.27,0
1789600966761228374,0.0,0.0,0.00,0.00,0
1789600967788268393,1629.4,0.0,4.10,0.00,0
1789600968816510853,2376.1,0.0,3.96,0.00,9
1789600969847015968,2498.5,0.0,2.58,0.00,0
1789600970877234217,1888.6,0.2,4.44,0.36,11
1789600971905714990,2607.4,0.0,2.55,0.00,6
1789600972935871056,2010.5,0.0,2.81,0.00,0
1789600973963949910,2420.0,0.0,3.70,0.00,8
1789600974994576393,2457.4,0.0,2.20,0.00,0
1789600976023221182,2007.4,0.4,4.30,1.08,8
1789600977052442727,2472.6,0.0,2.92,0.00,6
1789600978082677516,2025.9,0.0,2.81,0.00,0
1789600979110475518,2314.4,0.0,4.21,0.00,8
1789600980140746912,2561.8,0.0,2.35,0.00,0
1789600981170890363,1853.5,0.3,4.54,5.04,9
1789600982199259924,2639.8,0.0,2.42,0.00,8
1789600983229025843,2015.7,0.0,2.76,0.00,0
1789600984256141871,2410.2,0.0,3.85,0.00,9
1789600985286780242,2466.6,0.0,2.46,0.00,0
1789600986315743489,1994.1,0.2,4.18,11.81,9
1789600987343941999,2530.6,0.0,2.63,0.00,7
1789600988374087734,1984.2,0.0,2.71,0.00,0
1789600989401486069,2448.3,0.0,3.66,0.00,8
1789600990432072562,2430.3,0.0,2.50,0.00,0
1789600991461844422,1882.2,0.2,4.74,1.45,10
1789600992489635860,2605.4,0.0,2.54,0.00,7
1789600993520389994,2019.8,0.0,2.73,0.00,0
1789600994548433377,2320.3,0.0,4.04,0.00,7
1789600995578816784,2534.5,0.0,2.58,0.00,2
1789600996609045855,1806.7,0.2,4.48,0.69,33
1789600997637251877,2681.8,0.0,2.36,0.00,6
1789600998667067491,412.0,1109.5,1.05,1.09,0
1789600999693257262,0.0,0.0,0.00,0.00,0
1789601000719716247,0.0,0.0,0.00,0.00,0
1789601001745800990,0.3,2.6,0.11,0.15,0
1789601002771669877,0.0,0.0,0.00,0.00,0
1789601003798551933,0.0,0.0,0.00,0.00,0
1789601004825545117,0.0,0.0,13.80,0.00,0
1789601005852157358,0.0,0.1,0.00,9.50,0
1789601006878892787,0.0,0.4,0.00,1.40,0
1789601007905820601,0.0,0.0,0.00,0.00,0
1789601008932524333,0.0,0.0,0.00,0.00,0
1789601009958966537,0.0,0.0,0.00,0.00,0
1789601010985127327,0.0,0.1,0.00,8.50,0
1789601012011109683,0.0,0.2,0.00,5.14,0
1789601013036708167,0.0,0.0,0.00,0.00,0
1789601014062282606,0.0,0.0,0.00,0.00,0
1789601015088386244,0.0,0.0,0.00,0.00,0
1789601016114964013,0.0,0.1,0.00,9.50,0
1789601017141829571,356.0,0.0,13.16,0.00,11
1789601018171242432,2057.0,0.1,2.99,0.82,8
1789601019201633569,2006.3,0.0,3.48,0.00,5
1789601020232654285,2038.5,0.0,3.08,0.00,2
1789601021262793314,1668.2,0.1,3.47,8.00,0
1789601022290123854,1629.6,0.0,3.25,0.00,0
1789601023317242400,1681.3,0.1,3.89,7.00,47
1789601024344810051,2035.4,0.0,4.15,0.00,9
1789601025374368682,2024.3,0.0,3.40,0.00,7
1789601026405498551,2076.0,0.1,2.88,2.00,5
1789601027436235338,1938.3,0.0,3.14,0.00,0
1789601028465573152,1628.3,0.1,3.00,7.47,0
1789601029493001393,1629.4,0.0,3.56,0.00,0
1789601030520239322,1712.3,0.0,4.63,0.00,99
1789601031547917482,2048.6,0.1,3.79,8.00,9
1789601032578418748,2060.1,0.0,3.16,0.00,7
1789601033608760471,1997.4,0.4,3.49,0.05,7
1789601034638275898,1939.2,0.0,3.11,0.00,0
1789601035667290083,1628.7,0.0,3.33,0.00,0
1789601036694406602,1629.8,0.1,3.01,2.00,0
1789601037721714430,1828.7,0.0,5.24,0.00,9
1789601038750101170,2131.2,0.3,2.68,0.81,7
1789601039780746336,2031.4,0.0,3.39,0.00,6
1789601040810996303,2002.8,0.1,3.20,6.50,7
1789601041840766246,1762.9,0.0,3.33,0.00,0
1789601042868645991,1629.5,0.0,3.80,0.00,0
1789601043895849620,1629.7,0.3,3.57,0.97,0
1789601044922838091,1909.7,0.0,4.94,0.00,9
1789601045951080569,2028.7,0.1,3.38,29.50,9
1789601046981404447,2069.8,0.0,3.10,0.00,8
1789601048011573787,2022.3,0.0,3.37,0.00,5
1789601049042446683,1725.8,0.1,3.33,10.53,0
1789601050070675898,1629.1,0.0,3.86,0.00,0
1789601051097284902,1631.0,0.1,3.51,2.00,0
1789601052124005181,1796.3,0.0,5.32,0.00,27
1789601053152611033,2020.6,0.0,3.44,0.00,9
1789601054183551905,2086.8,0.1,2.82,0.11,5
1789601055213695720,809.9,174.0,1.27,8.96,6
1789601056241123824,0.2,753.5,1.90,4.48,5
1789601057268574513,0.0,318.8,1.33,0.95,0
1789601058295367343,0.0,0.0,0.00,0.00,0
1789601059322592338,0.0,0.6,0.00,0.09,0
1789601060349715648,0.0,0.0,0.00,0.00,0
1789601061376727571,0.1,1.1,4.00,2.75,0
1789601062403714741,0.2,0.0,4.00,0.00,0
1789601063430441262,0.0,0.0,0.00,0.00,0
1789601064457683028,0.0,1.3,0.00,0.11,0
1789601065484561549,0.0,0.0,0.00,0.00,0
1789601066511340316,0.0,0.1,0.00,8.50,0
1789601067537642919,0.0,0.0,0.00,0.00,0
1789601068564471874,1601.2,0.0,4.19,0.00,1
1789601069594124411,1776.3,0.3,4.29,0.85,57
1789601070622216884,2583.2,0.0,2.97,0.00,8
1789601071652013028,2173.8,0.1,2.53,5.50,0
1789601072680518724,2254.4,0.0,3.80,0.00,8
1789601073711017247,2575.8,0.0,2.54,0.00,2
1789601074739542348,1808.2,0.3,3.89,1.00,51
1789601075767192357,2610.0,0.1,2.87,6.00,5
1789601076796558735,2140.4,0.0,2.74,0.00,0
1789601077824135935,2202.7,0.0,3.93,0.00,8
1789601078854384799,2612.3,0.0,2.24,0.00,1
1789601079883508659,1861.0,0.2,3.94,0.75,25
1789601080910338713,2576.0,0.1,2.67,8.50,7
1789601081938970536,2140.4,0.0,2.73,0.00,0
1789601082966586604,2226.6,0.0,3.99,0.00,7
1789601083996554003,2575.6,0.0,2.65,0.00,0
1789601085026289591,1803.5,0.1,3.73,1.00,81
1789601086054266532,2491.5,0.1,3.44,25.00,6
1789601087084453231,2288.0,0.0,2.57,0.00,0
1789601088112870763,2047.1,0.0,4.24,0.00,9
1789601089143184720,2616.5,0.0,2.44,0.00,5
1789601090173521095,1869.4,0.4,2.84,0.06,71
1789601091198696348,2491.6,0.1,3.69,1.50,7
1789601092228650866,2363.7,0.0,2.45,0.00,0
1789601093256194648,1999.4,0.0,4.35,0.00,9
1789601094284916132,2579.2,0.0,2.63,0.00,7
1789601095314435975,1931.2,0.3,2.85,0.61,0
1789601096342266953,2343.0,0.1,4.06,5.50,9
1789601097372507331,2534.0,0.0,2.37,0.00,0
1789601098402142594,1809.5,0.0,4.65,0.00,11
1789601099429530018,1447.9,144.1,1.39,7.10,6
1789601100456330552,0.2,323.7,5.84,7.77,0
1789601101482841932,0.0,0.7,0.00,3.33,0
1789601102509537266,0.0,0.0,0.00,0.00,0
1789601103535737363,0.0,0.0,0.00,0.00,0
1789601104562235597,0.0,0.0,0.00,0.00,0
1789601105589601309,2355.9,1.0,4.33,0.11,8
1789601106619565963,3070.5,0.1,3.08,6.50,9
1789601107649428604,3127.3,0.0,2.99,0.00,7
1789601108679825071,3124.7,0.0,2.97,0.00,9
1789601109710532173,3134.1,0.0,2.96,0.00,11
1789601110741348700,3217.2,0.2,2.65,1.59,12
1789601111778744778,3130.5,0.0,2.40,18.00,26
1789601112809129186,3130.9,0.0,2.87,0.00,0
1789601113838711675,3188.9,0.0,2.90,0.00,4
1789601114868767462,3156.6,0.0,2.79,0.00,4
1789601115898723920,3073.2,0.4,3.16,4.61,6
1789601116929229920,3018.8,0.0,3.45,0.00,6
1789601117959009246,3117.0,0.0,3.08,0.00,7
1789601118989104260,3147.4,0.0,2.89,0.00,8
1789601120019291164,3040.9,0.0,3.18,0.00,9
1789601121048860362,3109.5,0.4,2.95,1.30,8
1789601122078808820,3023.2,0.0,3.50,0.00,10
1789601123109180587,3180.6,0.0,2.49,0.00,73
1789601124139454180,3106.3,0.0,2.73,0.00,0
1789601125169870727,3036.9,0.0,3.43,0.00,8
1789601126199574799,3066.5,0.2,3.00,0.39,8
1789601127230092011,3169.4,0.0,2.75,0.00,8
1789601128259562810,504.0,0.0,1.06,0.00,0
1789601129286393145,0.0,0.0,0.00,0.00,0
1789601130313145194,0.0,0.0,0.00,0.00,0
1789601131339925918,0.0,0.2,0.00,13.41,0
1789601132366508444,0.0,0.0,0.00,0.00,0
1789601133393288515,0.0,0.0,0.00,0.00,0
1789601134420914611,1998.5,0.0,4.78,0.00,9
1789601135451029870,3003.5,0.0,2.78,0.00,62
1789601136481258026,3124.8,0.2,2.52,1.67,0
1789601137511091636,2926.4,0.0,3.58,0.00,6
1789601138541604954,3051.0,0.0,2.88,0.00,6
1789601139572542989,3001.4,0.0,3.00,0.00,7
1789601140602659472,2879.6,0.0,3.55,0.00,8
1789601141633160380,2914.6,0.2,2.98,1.46,47
1789601142663527934,3098.3,0.0,2.42,0.00,0
1789601143693277967,3145.3,0.0,2.95,0.00,6
1789601144723774988,3053.6,0.0,2.72,0.00,7
1789601145754487698,3034.1,0.1,2.87,8.00,7
1789601146785293355,2963.9,0.3,3.32,5.53,8
1789601147815591112,2919.9,0.0,3.46,0.00,8
1789601148846580775,3023.0,0.0,2.90,0.00,11
1789601149877173321,3000.3,0.0,2.43,0.00,81
1789601150907067819,3156.4,0.1,2.87,6.50,2
1789601151937738777,3017.8,0.2,3.04,0.91,6
1789601152968169754,2926.1,0.0,3.31,0.00,7
1789601153998811820,2991.6,0.0,2.95,0.00,10
1789601155028821583,2978.8,0.0,2.99,0.00,53
1789601156058648057,3003.8,0.1,2.92,6.00,11
1789601157087636827,3030.8,0.1,2.09,0.17,0
1789601158116390234,0.0,0.0,0.00,0.00,0
1789601159142877472,0.0,0.0,0.00,0.00,0
1789601160169789525,0.0,0.0,0.00,0.00,0
1789601161196556202,0.0,0.1,0.00,8.50,0
1789601162222863670,0.0,0.1,0.00,8.62,0
1789601163249697679,1317.8,0.0,4.66,0.00,7
1789601164278536807,3107.8,0.0,2.90,0.00,5
1789601165308973845,3118.4,0.0,2.97,0.00,6
1789601166339126168,3091.2,0.1,3.09,6.00,7
1789601167369775085,3219.5,0.1,2.66,0.86,6
1789601168399920524,3134.7,0.0,2.98,0.00,9
1789601169430421928,3159.7,0.0,2.78,0.00,7
1789601170461321894,3069.9,0.0,2.91,0.00,9
1789601171491554580,3206.5,0.1,2.73,5.50,8
1789601172521939601,3144.4,0.3,2.82,0.06,11
1789601173552142520,3129.0,0.0,2.82,0.00,9
1789601174582220339,3203.5,0.0,2.64,0.00,37
1789601175612630387,3217.6,0.0,2.67,0.00,63
1789601176642997479,3130.9,0.1,2.51,8.50,96
1789601177672875572,3196.1,0.0,2.83,0.00,1
1789601178702754296,3083.6,0.3,3.21,5.43,4
1789601179733045318,3100.2,0.0,3.03,0.00,6
1789601180763110743,3056.4,0.1,3.17,6.00,6
1789601181793836880,2977.9,0.0,3.46,0.00,7
1789601182824517588,2995.9,0.0,3.29,0.00,9
1789601183854863780,3051.2,0.1,3.07,0.20,11
1789601184885778056,3037.2,0.0,2.86,0.00,49
1789601185916299586,1493.5,0.1,2.18,8.00,0
1789601186943056537,0.0,0.0,0.00,0.00,0
1789601187969089437,0.0,0.0,0.00,0.00,0
1789601188995747649,0.0,0.1,0.00,8.62,0
1789601190021870871,0.0,0.0,0.00,0.00,0
1789601191047976327,0.0,0.1,0.00,9.00,0
1789601192074703629,2880.3,0.0,3.74,0.00,5
1789601193104036050,3114.7,0.0,3.01,0.00,6
1789601194133938753,2975.2,0.2,3.63,3.55,7
1789601195164967127,3007.4,0.0,3.36,0.00,7
1789601196195085451,3087.3,0.1,2.94,6.50,9
1789601197225866685,3072.1,0.0,3.22,0.00,9
1789601198256752197,3131.8,0.0,2.70,0.00,44
1789601199287286761,3107.3,0.3,2.33,1.18,97
1789601200317099819,3241.7,0.0,2.73,0.00,1
1789601201347060587,3132.9,0.1,3.01,6.00,4
1789601202377204678,3191.8,0.0,2.67,0.00,6
1789601203407199375,3136.4,0.0,2.93,0.00,6
1789601204437465634,2966.6,0.3,3.57,6.27,5
1789601205467976723,3110.0,0.0,3.00,0.00,8
1789601206497988137,3119.4,0.1,2.96,20.00,7
1789601207528047399,2989.3,0.0,3.56,0.00,7
1789601208558052076,2984.4,0.0,3.52,0.00,10
1789601209588549554,3132.8,0.1,2.62,1.11,54
1789601210618282657,3120.5,0.0,2.54,0.00,0
1789601211648158553,3136.5,0.1,3.02,7.50,6
1789601212678280534,3097.2,0.0,2.91,0.00,6
1789601213708200939,3143.9,0.0,2.72,0.00,15
1789601214737443110,374.6,0.2,0.94,7.00,0
1789601215764000711,0.0,0.1,0.00,8.50,0
1789601216789836088,0.0,0.0,0.00,0.00,0
1789601217816337188,0.0,0.0,0.00,0.00,0
1789601218842785590,0.0,0.0,0.00,0.00,0
1789601219870039783,810.3,0.2,5.91,4.91,9
1789601220900246618,3141.3,0.1,2.87,8.00,9
1789601221930192333,3088.4,0.0,3.04,0.00,9
1789601222960456662,2981.5,0.0,3.38,0.00,10
1789601223990760397,3156.1,0.0,2.92,0.00,9
1789601225021196088,3106.2,0.1,2.42,0.58,59
1789601226051605226,3104.0,0.1,3.32,7.50,4
1789601227082005062,3063.5,0.0,2.94,0.00,6
1789601228111494245,3030.2,0.0,3.37,0.00,5
1789601229141915216,3169.3,0.0,2.85,0.00,7
1789601230172032749,3118.1,0.0,2.86,0.00,8
1789601231202657198,3147.7,0.4,2.81,1.10,8
1789601232232794219,3123.9,0.0,3.05,0.00,9
1789601233262483625,3237.9,0.0,2.69,0.00,8
1789601234293037276,3065.6,0.0,3.00,0.00,9
1789601235323231453,3180.1,0.0,2.80,0.00,8
1789601236353297457,3099.6,0.2,3.03,4.16,9
1789601237383316686,3051.4,0.0,2.64,0.00,32
1789601238413684930,3142.4,0.0,3.00,0.00,2
1789601239444118769,3014.0,0.0,3.21,0.00,6
1789601240473964522,3047.5,0.0,3.09,4.25,7
1789601241504397996,3014.1,0.2,3.32,9.32,8
1789601242533924671,2359.7,0.0,2.04,0.00,0
1789601243560864296,0.0,0.0,0.00,0.00,0
1789601244587717591,0.0,0.0,0.00,0.00,0
1789601245614219676,0.0,0.1,0.00,9.50,0
1789601246640964468,0.0,0.1,0.00,14.00,0
1789601247667467074,0.0,0.0,0.00,0.00,0
1789601248694943865,2072.8,0.0,4.48,0.00,8
1789601249725856487,3050.2,0.0,3.17,0.00,10
1789601250756903952,3149.5,0.1,2.66,7.00,34
1789601251786921341,3107.1,0.1,2.59,0.11,102
1789601252817336314,3238.7,0.0,2.72,0.00,1
1789601253848183529,3198.1,0.0,2.79,0.00,1
1789601254878957822,3184.2,0.1,2.74,5.33,4
1789601255909445646,3086.6,0.0,2.88,0.00,6
1789601256939769301,3126.8,0.3,3.10,0.85,5
1789601257970110359,3071.5,0.0,3.11,0.00,7
1789601259000492085,3070.1,0.1,3.17,1.00,9
1789601260030728244,3115.5,0.0,2.94,15.00,8
1789601261060551602,3189.7,0.0,2.86,0.00,8
1789601262091163932,3136.4,0.3,3.00,1.09,8
1789601263121571536,3156.7,0.0,2.78,0.00,7
1789601264152278465,3160.9,0.1,2.81,1.00,10
1789601265182806093,3010.0,0.0,3.09,14.00,53
1789601266213604523,3144.9,0.0,2.49,0.00,55
1789601267244151833,3102.1,0.2,3.36,0.60,6
1789601268274776426,3062.2,0.0,3.03,0.00,6
1789601269305305819,2972.7,0.1,3.28,7.00,6
1789601270335771420,3139.0,0.0,2.77,0.00,8
1789601271366078779,684.3,0.0,1.11,0.00,0
1789601272392720948,0.0,0.1,0.00,7.00,0
1789601273419540060,0.0,0.0,0.00,0.00,0
1789601274445824995,0.0,0.1,0.00,9.50,0
1789601275472424320,0.0,0.0,0.00,0.00,0
1789601276498844181,512.6,0.0,9.79,0.00,9
1789601277528387425,2982.6,0.1,3.30,0.13,10
1789601278558287551,3078.2,0.0,2.67,0.00,93
1789601279588436108,3200.6,0.1,2.52,6.50,80
1789601280618349025,3174.3,0.0,3.01,0.00,0
1789601281648845343,3123.6,0.0,3.12,0.00,6
1789601282678728716,3149.8,0.3,2.87,0.29,5
1789601283709241823,3080.8,0.0,2.86,0.00,7
1789601284739325539,3079.6,0.1,3.13,6.00,7
1789601285769108977,3176.5,0.0,2.91,0.00,8
1789601286799460906,3053.2,0.0,3.04,0.00,7
1789601287828514951,3119.6,0.3,3.04,1.35,7
1789601288859177121,3109.9,0.0,3.07,0.00,8
1789601289889935442,2939.8,0.1,3.72,25.00,42
1789601290920667978,3106.9,0.0,2.38,0.00,95
1789601291950915124,3092.9,0.0,3.34,0.00,5
1789601292981026035,3045.4,0.1,3.17,1.14,7
1789601294010822647,3117.7,0.0,2.97,0.00,7
1789601295041549340,3077.9,0.1,3.03,7.50,6
1789601296070689048,3053.4,0.0,3.10,0.00,8
1789601297100461725,3073.5,0.0,3.02,0.00,7
1789601298130005633,3069.5,0.1,3.10,1.50,7
1789601299159931329,2843.0,0.0,2.18,0.00,0
1789601300186256848,0.0,0.1,0.00,2.00,0
1789601301212632233,0.0,0.0,0.00,0.00,0
1789601302239306090,0.0,0.0,0.00,0.00,0
1789601303265859824,0.0,0.1,0.00,6.22,0
1789601304292703887,0.0,0.0,0.00,0.00,0
1789601305320152329,1666.7,0.1,4.28,8.50,48
1789601306350452183,3142.8,0.0,3.11,0.00,1
1789601307380802125,3172.0,0.0,2.83,0.00,6
1789601308410698006,3042.9,0.1,3.23,0.53,7
1789601309441192066,3157.4,0.1,2.88,8.00,7
1789601310471350455,3094.2,0.0,3.12,0.00,7
1789601311501829698,3055.4,0.0,3.27,0.00,7
1789601312532513547,2962.6,0.0,3.34,0.00,9
1789601313562682705,3251.6,0.4,2.64,0.69,7
1789601314592998826,3154.9,0.1,2.84,6.50,9
1789601315623122665,3070.1,0.0,3.07,0.00,9
1789601316653428705,3196.7,0.0,2.80,0.00,11
1789601317684097834,3239.5,0.0,2.76,0.00,9
1789601318714368586,3159.9,0.1,2.70,1.18,70
1789601319743625082,3145.1,0.1,2.39,7.00,91
1789601320774314578,3165.5,0.0,3.22,0.00,2
1789601321804737963,3170.5,0.0,2.85,0.00,4
1789601322835218985,3203.2,0.0,2.68,0.00,5
1789601323865498928,3015.7,0.1,3.32,0.60,5
1789601324895620009,3020.9,0.1,3.19,7.50,6
1789601325926627851,3175.6,0.0,2.70,0.00,6
1789601326956844113,3129.4,0.0,2.86,0.00,9
1789601327986956275,2624.4,0.0,1.29,0.00,0
1789601329014040790,0.0,0.3,0.00,1.84,0
1789601330040980475,0.0,0.2,0.00,8.50,0
1789601331067984476,0.0,0.0,0.00,0.00,0
1789601332094698969,0.0,0.0,0.00,0.00,0
1789601333121253038,0.0,0.0,0.00,0.00,0
1789601334148435036,0.0,0.4,0.00,1.76,0
1789601335175180807,0.0,0.1,0.00,8.50,0
1789601336202068971,0.0,0.0,0.00,0.00,0
1789601337229156919,0.0,0.0,0.00,0.00,0
1789601338255908636,0.0,0.0,0.00,0.00,0
1789601339282708983,0.0,0.0,0.00,0.00,16
1789601340308890689,0.0,0.4,13.50,3.37,0
1789601341335117942,192.8,0.0,22.07,0.00,10
1789601342363175344,2556.9,0.0,2.51,0.00,8
1789601343392866802,2131.9,0.0,2.24,0.00,0
1789601344420492300,2175.9,0.3,3.66,1.52,7
1789601345450554285,2556.3,0.0,2.49,0.00,4
1789601346479950968,1775.5,0.0,3.00,0.00,0
1789601347506947663,2382.0,0.0,4.03,0.00,9
1789601348537268930,2493.2,0.0,2.51,0.00,2
1789601349567285764,1730.7,0.2,4.05,1.06,82
1789601350595254258,2470.7,0.0,3.22,0.00,6
1789601351625389941,2306.8,0.0,2.49,0.00,0
1789601352653867748,1865.1,0.0,4.52,0.00,11
1789601353682335929,2520.1,0.0,2.66,0.00,5
1789601354712544421,2122.4,0.2,2.58,1.00,0
1789601355740156893,2033.3,0.0,4.26,0.00,8
1789601356769438383,2551.3,0.0,2.58,0.00,7
1789601357798865037,1923.6,0.0,2.78,0.00,0
1789601358826710675,2215.2,0.0,4.49,0.00,9
1789601359856770891,2485.9,0.2,2.84,1.04,4
1789601360886501752,1804.3,0.0,2.69,0.00,15
1789601361914481648,2378.3,0.0,4.22,0.00,8
1789601362945073799,2434.7,0.0,3.00,0.00,2
1789601363974801632,1745.7,0.0,3.28,0.00,34
1789601365002411825,2519.1,0.2,3.18,1.86,7
1789601366032018125,2306.2,0.0,2.59,0.00,0
1789601367060982887,1810.6,0.0,4.85,0.00,10
1789601368089284809,2521.5,0.0,2.62,0.00,6
1789601369119665926,2174.6,0.0,2.60,0.00,0
1789601370147280311,1972.8,0.4,4.35,0.81,9
1789601371175261229,2560.1,0.0,2.42,0.00,8
1789601372205443797,1977.1,0.0,2.79,0.00,0
1789601373232631925,1640.2,67.6,3.35,8.56,6
1789601374250266566,0.1,374.9,8.14,9.11,6
1789601375276813747,0.1,748.6,2.82,2.14,0
1789601376303527754,0.0,0.0,0.00,0.00,0
1789601377330322760,0.0,0.0,0.00,0.00,0
1789601378357578904,0.0,0.0,0.00,0.00,0
1789601379384919412,1676.3,1.2,3.91,3.00,36
1789601380414882252,3151.1,1.2,2.78,0.83,2
1789601381444357472,3136.2,0.0,3.07,0.00,6
1789601382474236118,3147.9,0.0,2.87,0.00,7
1789601383504644384,3039.9,0.0,3.20,0.00,7
1789601384534655726,3102.3,0.1,3.04,8.00,8
1789601385565146290,3131.1,0.1,2.93,1.23,7
1789601386595366083,3005.5,0.0,3.21,0.00,8
1789601387625880091,3175.8,0.0,2.89,0.00,9
1789601388656049207,3211.1,0.0,2.71,0.00,7
1789601389686943323,3135.0,0.1,2.75,6.00,9
1789601390717374067,3186.3,0.0,2.76,0.00,11
1789601391748303070,3040.5,0.1,3.16,1.06,30
1789601392779556376,3215.1,0.0,2.65,0.00,83
1789601393810148920,3137.0,0.0,2.55,0.00,0
1789601394841233862,3102.5,0.1,3.25,6.50,4
1789601395872396083,3082.1,0.3,3.03,0.84,5
1789601396903356624,3148.7,0.0,2.91,0.00,6
1789601397933505853,3038.1,0.0,3.19,0.00,6
1789601398964409768,2989.2,0.0,3.36,0.00,9
1789601399994919106,3113.3,0.1,2.79,13.50,7
1789601401025124010,3111.4,0.3,2.83,1.92,9
1789601402055337079,1155.4,0.0,1.30,0.00,0
1789601403082099985,0.0,0.0,0.00,0.00,0
1789601404107736458,0.0,0.0,0.00,0.00,0
1789601405133778526,0.0,0.1,0.00,9.00,0
1789601406159429307,0.0,0.4,0.00,1.67,0
1789601407185656787,171.3,0.0,25.15,0.00,17
1789601408214261062,3132.0,0.0,2.38,0.00,35
1789601409245073312,3173.7,0.0,2.95,0.00,2
1789601410276040793,3166.4,0.1,2.98,14.00,6
1789601411306981348,3038.9,0.1,3.33,1.00,6
1789601412337786884,3125.6,0.0,3.08,0.00,5
1789601413368241926,3086.9,0.0,3.04,0.00,6
1789601414398585302,2954.7,0.1,3.42,7.50,8
1789601415429300201,3167.8,0.0,2.75,0.00,8
1789601416459852054,3222.4,0.1,2.71,1.14,9
1789601417490910998,3109.2,0.0,2.95,0.00,8
1789601418522098138,3213.3,0.0,2.65,0.00,9
1789601419552978814,3120.7,0.1,3.06,6.50,10
1789601420583589158,3235.4,0.0,2.78,0.00,11
1789601421614886237,3125.5,0.1,2.94,0.38,9
1789601422645934711,3140.7,0.0,2.58,0.00,95
1789601423677098679,3202.3,0.0,2.49,0.00,45
1789601424707753925,3119.2,0.1,3.25,7.00,20
1789601425738495320,3078.2,0.0,3.13,0.00,7
1789601426769483409,3027.2,0.3,3.18,1.11,7
1789601427800497468,2985.2,0.0,3.39,0.00,7
1789601428831272100,3120.8,0.0,2.94,0.00,8
1789601429861098702,2496.1,0.1,2.26,7.50,0
1789601430888549883,0.0,0.0,0.00,0.00,0
1789601431915432551,0.0,0.0,0.00,0.00,0
1789601432942444193,0.0,0.2,0.00,5.38,0
1789601433969544109,0.0,0.0,0.00,0.00,0
1789601434996682070,0.0,0.1,0.00,8.50,0
1789601436024501350,1908.0,0.0,5.02,0.00,9
1789601437055568476,3103.3,0.0,2.74,0.00,41
1789601438086629831,3166.0,0.1,2.59,0.93,29
1789601439117412332,3172.6,0.0,2.83,0.00,2
1789601440147432154,3215.0,0.1,2.71,9.00,2
1789601441177313492,3102.6,0.0,3.30,0.00,5
1789601442208016998,3209.4,0.0,2.67,0.00,6
1789601443238835522,2945.1,0.1,3.43,1.13,7
1789601444270243882,3228.6,0.0,2.70,0.00,6
1789601445301154905,3126.3,0.1,2.84,8.00,7
1789601446331434931,3070.6,0.0,3.17,0.00,9
1789601447362353954,3134.3,0.0,2.90,0.00,8
1789601448393521434,3098.6,0.1,3.17,1.15,8
1789601449425040135,3160.6,0.1,2.88,21.50,8
1789601450455887602,3015.6,0.0,3.23,0.00,10
1789601451486784446,3123.2,0.0,2.62,0.00,27
1789601452517573691,3188.6,0.0,2.66,0.00,0
1789601453548740143,3121.9,0.3,3.22,0.87,6
1789601454579233664,3049.0,0.1,3.14,6.50,6
1789601455610065750,3080.5,0.0,3.06,0.00,6
1789601456641187024,3127.9,0.0,2.83,0.00,7
1789601457672084946,3126.1,0.0,2.87,0.00,8
1789601458702761636,733.9,0.3,1.13,0.20,0
1789601459729596217,0.0,0.1,0.00,9.50,0
1789601460756768747,0.0,0.0,0.00,0.00,0
1789601461783953039,0.0,0.0,0.00,0.00,0
1789601462811094905,0.0,0.0,0.00,0.00,0
1789601463838822886,679.5,0.3,6.56,2.38,7
1789601464868434139,3117.7,0.1,2.87,6.50,9
1789601465899173898,3118.3,0.0,2.97,0.00,6
1789601466930522536,2981.5,0.0,3.34,0.00,28
1789601467961949558,3169.0,0.0,2.65,0.00,107
1789601468992891739,3183.8,0.2,2.52,0.82,94
1789601470023398335,3210.6,0.1,2.84,7.00,2
1789601471053228804,3077.3,0.0,3.12,0.00,3
1789601472083106634,3185.0,0.0,2.82,0.00,6
1789601473113455043,3117.6,0.0,3.04,0.00,6
1789601474143396131,3104.4,0.0,2.95,0.00,7
1789601475174575054,3063.7,0.2,3.16,1.28,7
1789601476205250544,3201.6,0.0,2.75,0.00,8
1789601477236499013,3107.3,0.0,3.18,0.00,7
1789601478267519955,3067.0,0.0,3.00,0.00,9
1789601479300056017,3147.8,0.0,3.00,0.00,9
1789601480332088936,3138.8,0.4,2.95,1.42,10
1789601481364199531,3061.5,0.0,2.97,0.00,31
1789601482395105013,3123.8,0.0,2.56,0.00,76
1789601483426315656,3144.2,0.0,3.11,0.00,2
1789601484457348868,3035.6,0.4,3.25,1.11,6
1789601485488132025,3058.8,0.0,3.12,0.00,7
1789601486519277229,2107.6,0.0,2.39,0.00,0
1789601487545772908,0.0,0.0,0.00,0.00,0
1789601488572639467,0.0,0.0,0.00,0.00,0
1789601489598768998,0.0,0.2,0.00,1.94,0
1789601490625058136,0.0,0.0,0.00,0.00,0
1789601491651127464,0.0,0.0,0.00,0.00,0
1789601492678845447,2378.3,0.0,4.18,0.00,8
1789601493710962466,3054.5,0.0,3.16,0.00,9
1789601494741637759,3133.2,0.2,2.99,2.13,8
1789601495773009133,3085.3,0.0,2.98,0.00,9
1789601496803084875,3175.3,0.0,2.72,0.00,11
1789601497833810217,3172.5,0.0,2.65,0.00,47
1789601498864162474,3115.4,0.0,2.54,0.00,0
1789601499894203144,3006.7,0.3,3.35,1.79,5
1789601500924985089,3180.9,0.0,2.90,0.00,5
1789601501955837606,3010.8,0.0,3.33,0.00,6
1789601502986706800,3200.8,0.0,2.67,0.00,7
1789601504017192776,3064.2,0.0,3.17,0.00,7
1789601505047255260,3187.3,0.2,2.79,3.27,9
1789601506077480196,3118.1,0.0,3.04,0.00,8
1789601507107881906,3066.3,0.0,3.04,0.00,8
1789601508137827091,3090.4,0.0,3.08,0.00,9
1789601509168367778,3087.9,0.0,2.95,0.00,41
1789601510198862475,3154.9,0.4,2.45,0.92,51
1789601511229460328,3133.8,0.0,3.08,0.00,1
1789601512259368857,2980.8,0.0,3.55,0.00,7
1789601513289704261,3050.0,0.0,3.11,0.00,8
1789601514320033901,3105.8,0.1,3.00,1.00,9
1789601515350096472,675.7,0.0,1.16,11.00,0
1789601516376817056,0.0,0.3,0.00,1.85,0
1789601517403368200,0.0,0.0,0.00,0.00,0
1789601518429881918,0.0,0.0,0.00,0.00,0
1789601519455768909,0.0,0.1,0.00,8.50,0
1789601520482820339,669.7,0.0,7.67,0.00,9
1789601521512357782,3040.4,0.3,3.13,0.80,9
1789601522542390535,3171.1,0.0,2.81,0.00,7
1789601523573055204,3136.5,0.0,2.93,0.00,9
1789601524603185114,3182.4,0.1,2.86,6.50,9
1789601525633192804,3182.1,0.0,2.72,0.00,51
1789601526663823427,3150.0,0.1,2.56,0.93,62
1789601527693896542,3150.8,0.0,2.95,0.00,2
1789601528724353318,3243.1,0.0,2.75,0.00,2
1789601529754517069,3173.1,0.1,2.98,19.00,6
1789601530784678662,3062.1,0.0,3.13,0.00,7
1789601531814732905,3226.4,0.3,2.58,0.81,7
1789601532844434436,3200.0,0.0,2.80,0.00,7
1789601533874638900,3182.4,0.0,2.87,0.00,6
1789601534904746658,3066.0,0.1,3.01,6.50,8
1789601535934978597,3122.3,0.0,3.05,0.00,8
1789601536965172438,3152.8,0.4,2.88,1.10,9
1789601537994678290,3162.7,0.0,2.82,0.00,8
1789601539024988319,3092.4,0.0,3.05,0.00,8
1789601540054896134,3021.8,0.1,3.22,6.00,11
1789601541085023972,3215.4,0.0,2.60,0.00,11
1789601542115502033,3104.6,0.3,2.70,0.08,106
1789601543145546381,1546.9,0.0,2.19,0.00,0
1789601544172497101,0.0,0.0,0.00,0.00,0
1789601545199472815,0.1,0.1,1.00,10.00,0
1789601546226440416,0.0,0.0,0.00,0.00,0
1789601547253193661,0.0,0.5,0.00,1.24,0
1789601548279742520,0.0,0.0,0.00,0.00,1
1789601549306509451,2999.1,0.0,3.62,0.00,5
1789601550336168520,3134.0,0.1,2.93,5.50,7
1789601551366565377,3179.5,0.0,2.76,0.00,5
1789601552396673831,3050.5,0.4,3.31,1.38,6
1789601553426640996,3097.3,0.0,3.04,0.00,9
1789601554457149698,3136.1,0.2,2.87,1.89,9
1789601555487284171,3100.9,0.0,2.92,0.00,9
1789601556516955433,3117.0,0.0,2.91,0.00,9
1789601557547104857,3181.1,0.3,2.78,0.06,8
1789601558577611199,3028.5,0.0,3.05,0.00,47
1789601559607682960,3153.9,0.1,2.54,7.00,39
1789601560638081647,3189.9,0.0,2.91,0.00,2
1789601561668339270,3123.1,0.0,3.19,0.00,6
1789601562697724922,3146.4,0.4,2.92,0.85,7
1789601563726649175,3107.0,0.0,3.00,0.00,7
1789601564755974329,3152.4,0.1,2.84,6.00,6
1789601565784755720,3031.8,0.0,3.35,0.00,7
1789601566810816950,3102.5,0.0,2.97,0.00,9
1789601567840061424,3034.3,0.3,3.15,0.06,9
1789601568868455286,3056.8,0.0,3.18,0.00,11
1789601569898469936,3089.1,0.1,2.89,20.00,17
1789601570928527451,3081.3,0.0,2.01,0.00,0
1789601571955617628,0.0,0.0,0.00,0.00,0
1789601572982249353,0.2,0.0,9.33,0.00,0
1789601574008450457,0.0,0.3,0.00,2.11,0
1789601575035139483,0.0,0.1,0.00,8.50,0
1789601576061725775,0.0,0.0,0.00,0.00,0
1789601577087981402,0.0,0.0,0.00,0.00,0
1789601578114782404,0.0,0.0,0.00,0.00,0
1789601579141727062,0.0,0.4,0.00,1.74,0
1789601580168650182,0.0,0.1,0.00,10.50,0
1789601581195369237,0.0,0.0,0.00,0.00,0
1789601582222148916,0.0,0.0,0.00,0.00,0
1789601583248887144,0.0,0.0,0.00,0.00,8
1789601584275962150,0.0,0.3,0.00,1.93,0
1789601585302621477,0.0,0.1,0.00,8.50,0
1789601586329359554,0.0,0.0,0.00,0.00,0
1789601587356172762,0.0,0.0,0.00,0.00,0
1789601588382808967,0.1,0.4,6.82,1.72,0
1789601589409467545,0.0,0.1,0.00,9.50,0
1789601590436104130,0.0,0.0,0.00,0.00,0
1789601591462738209,0.0,0.0,0.00,0.00,0
1789601592489568950,0.0,0.0,0.00,0.00,0
1789601593515987593,0.0,0.5,0.00,1.24,0
1789601594542430497,0.0,0.1,0.00,8.00,0
1789601595568983696,0.0,0.0,0.00,0.00,0
1789601596595625460,0.0,0.0,0.00,0.00,0
1789601597622255462,0.0,0.0,0.00,0.00,0
1789601598648995175,0.0,0.3,0.00,1.90,0
1789601599675612900,0.0,0.1,0.00,8.50,0
1789601600702478796,0.0,0.0,0.00,0.00,0
1789601601728915678,0.0,0.0,0.00,0.00,0
1789601602755940838,1629.1,0.0,4.04,0.00,0
1789601603783612189,1370.5,0.3,4.07,0.52,7
1789601604813364628,1038.8,0.1,4.06,8.50,9
1789601605843329422,1000.8,0.0,4.19,0.00,36
1789601606870515979,1473.4,0.0,1.64,0.00,0
1789601607897259266,1629.8,0.0,3.44,0.00,0
1789601608924184979,1630.3,0.3,3.67,0.21,0
1789601609951600524,1626.5,0.1,3.21,8.00,0
1789601610981581824,1059.4,0.0,4.95,0.00,7
1789601612011353875,1051.1,0.0,4.14,0.00,7
1789601613040458649,1143.9,0.0,1.29,0.00,0
1789601614066507926,1631.3,0.2,3.69,7.96,0
1789601615092840064,1630.2,0.1,3.27,26.00,0
1789601616119720047,1629.3,0.0,3.73,0.00,0
1789601617147627819,1272.6,0.0,4.38,0.00,6
1789601618178239468,954.9,0.0,4.96,0.00,7
1789601619208019292,1034.7,0.3,1.32,2.52,104
1789601620232764475,1623.0,0.1,3.06,7.50,0
1789601621259635685,1630.1,0.0,3.60,0.00,0
1789601622286616674,1630.3,0.0,3.27,0.00,0
1789601623314045778,1454.3,0.0,3.98,0.00,5
1789601624344422832,972.6,0.4,4.86,1.00,9
1789601625374318288,1006.4,0.0,4.26,0.00,9
1789601626401744212,1448.7,0.0,1.38,0.00,0
1789601627428400491,1631.0,0.0,3.52,0.00,0
1789601628454385193,1631.6,0.0,3.54,0.00,0
1789601629481434508,1627.3,0.4,3.67,1.19,0
1789601630511141016,1056.4,0.0,4.72,0.00,7
1789601631540084815,1033.8,0.0,4.32,0.00,8
1789601632568693715,1165.2,0.0,1.27,0.00,0
1789601633595153582,1631.6,0.0,3.67,0.00,0
1789601634621412206,1630.3,0.2,3.69,0.42,0
1789601635648168943,1629.0,0.0,3.24,0.00,0
1789601636676735877,1300.2,0.0,4.13,0.00,6
1789601637707586065,1036.8,0.0,4.20,0.00,8
1789601638736827125,1007.9,0.0,3.59,0.00,96
1789601639764218690,1537.3,0.1,2.18,1.50,0
1789601640790913401,1630.5,0.2,3.14,14.00,0
1789601641818020573,1629.4,0.0,3.75,0.00,0
1789601642846012725,1555.4,0.0,3.77,0.00,2
1789601643876559631,938.1,0.0,5.55,0.00,8
1789601644906881056,981.4,0.1,4.64,1.50,11
1789601645934366258,1405.7,0.1,1.37,1.08,0
1789601646961338503,1629.8,0.0,3.89,0.00,0
1789601647988682475,1629.7,0.0,3.29,0.00,0
1789601649016462324,1607.9,0.0,3.44,0.00,1
1789601650046850491,1032.6,0.1,4.79,2.00,8
1789601651077123510,917.9,0.3,5.65,0.05,16
1789601652105405290,1321.6,0.0,1.33,0.00,0
1789601653132535089,1629.9,0.0,3.41,0.00,0
1789601654159470995,0.1,278.5,6.59,9.06,5
1789601655186379888,0.1,745.2,1.80,4.24,5
1789601656213244622,0.0,185.1,0.77,1.08,0
1789601657240113151,0.0,0.0,0.00,0.00,0
1789601658266999480,0.0,0.0,0.00,0.00,0
1789601659294020024,0.0,0.0,0.00,0.00,0
1789601660320742836,0.0,1.2,0.00,2.75,0
1789601661347396066,0.0,1.2,0.00,0.09,0
1789601662373858369,0.0,0.0,0.00,0.00,0
1789601663400480088,0.0,0.0,0.00,0.00,0
1789601664427117132,0.0,0.1,0.00,10.00,0
1789601665453856855,0.0,0.0,0.00,0.00,0
1789601666480639774,0.0,0.1,0.00,9.33,0
1789601667507395775,0.0,0.0,0.00,0.00,0
1789601668534187259,0.0,0.0,0.00,0.00,0
1789601669560908195,0.0,0.1,0.00,9.00,0
1789601670587873744,0.0,0.0,0.00,0.00,0
1789601671614698466,0.0,0.1,0.00,7.47,0
1789601672641404067,0.0,0.0,0.00,0.00,0
1789601673668356637,0.0,0.0,0.00,0.00,0
1789601674694883306,0.0,0.1,0.00,8.50,0
1789601675721789889,0.0,0.0,14.00,0.00,0
1789601676748523660,0.0,0.3,0.00,2.05,0
1789601677774970810,0.0,0.0,0.00,0.00,0
1789601678801575407,0.0,0.0,0.00,0.00,0
1789601679828352042,1629.8,0.1,3.95,8.00,0
1789601680855525007,1629.3,0.0,3.59,0.00,0
1789601681883510815,1627.6,0.3,3.55,1.08,0
1789601682912319240,1622.0,0.0,3.86,0.00,1
1789601683942829382,1569.1,0.0,3.36,0.00,1
1789601684973747036,1517.5,0.1,3.41,9.50,5
1789601686004201592,1483.1,0.0,3.78,0.00,6
1789601687034793903,1484.5,0.2,3.77,1.35,7
1789601688065409933,1482.7,0.0,3.78,0.00,6
1789601689096495942,1461.2,0.0,4.12,0.00,6
1789601690127160448,1409.3,0.1,4.38,2.00,8
1789601691157543012,1434.1,0.0,4.08,0.00,7
1789601692186420655,1463.3,0.1,3.29,7.47,11
1789601693213785659,1475.4,0.0,3.51,0.00,35
1789601694241005571,1485.0,0.0,1.78,0.00,112
1789601695264671875,1633.1,0.1,4.03,15.00,0
1789601696289734098,1631.8,0.0,3.52,0.00,0
1789601697315373576,1630.9,0.1,3.52,0.53,0
1789601698341993177,1630.5,0.0,3.11,0.00,0
1789601699368817068,1630.1,0.1,3.27,4.50,0
1789601700395728722,1629.9,0.0,3.23,0.00,0
1789601701422771090,1630.3,0.0,3.58,0.00,0
1789601702449676396,1629.8,0.0,3.49,0.00,0
1789601703477071368,1629.1,0.3,3.36,0.20,0
1789601704504685308,1628.7,0.1,3.60,6.50,0
1789601705533110044,1627.8,0.0,3.84,0.00,0
1789601706562336419,1592.1,0.0,3.84,0.00,0
1789601707592848497,1462.2,0.0,3.88,0.00,6
1789601708622837055,1576.7,0.4,2.81,0.15,6
1789601709653578523,1426.7,0.1,4.24,15.50,5
1789601710684014699,1442.9,0.0,4.15,0.00,7
1789601711714196721,1477.3,0.0,3.79,0.00,8
1789601712744397500,1528.2,0.0,3.39,0.00,7
1789601713773947496,1474.1,0.2,4.01,0.10,8
1789601714803928305,1515.9,0.1,3.14,2.00,8
1789601715832970951,1442.3,0.0,4.01,0.00,10
1789601716861099137,1446.9,0.0,3.45,0.00,53
1789601717888451957,1499.9,0.0,2.26,0.00,113
1789601718915263063,1630.2,0.3,3.85,0.07,0
1789601719942111804,1630.4,0.1,3.89,6.00,0
1789601720969162688,1629.8,0.0,3.64,0.00,0
1789601721996030382,1630.1,0.0,3.42,0.00,0
1789601723022944062,1630.1,0.0,3.71,0.00,0
1789601724049909365,1636.0,0.1,3.95,1.29,0
1789601725072087636,0.0,251.5,7.30,9.27,5
1789601726099200529,0.1,386.9,7.48,9.14,5
1789601727126459660,0.0,82.3,0.00,1.44,0
1789601728152575954,0.0,0.0,0.00,0.00,0
1789601729178469603,0.0,0.1,0.00,0.61,0
1789601730205538523,253.1,1.0,13.95,2.00,11
1789601731233206113,3076.8,0.0,2.60,0.00,107
1789601732263914875,3147.0,0.0,2.84,0.00,0
1789601733294538233,3089.1,0.0,3.36,0.00,5
1789601734325136143,3057.1,1.2,3.13,1.81,7
1789601735355622330,3055.3,0.1,3.16,7.00,6
1789601736386517286,3142.3,0.0,2.99,0.00,7
1789601737417120304,3108.9,0.0,2.91,0.00,8
1789601738447620245,3128.1,0.0,2.90,0.00,9
1789601739478520077,3107.1,0.3,3.02,2.22,7
1789601740508958097,3113.4,0.0,2.88,0.00,8
1789601741538875841,3228.0,0.0,2.66,0.00,7
1789601742569935001,3054.3,0.0,3.08,0.00,10
1789601743600141853,3246.0,0.0,2.66,0.00,10
1789601744630566546,3119.4,0.2,2.39,1.00,54
1789601745661465686,3182.5,0.0,2.77,0.00,30
1789601746692649436,3218.6,0.0,2.83,0.00,2
1789601747723128968,3064.6,0.0,3.39,0.00,4
1789601748752517742,3153.0,0.0,2.81,0.00,5
1789601749782357135,2975.5,0.2,3.39,2.48,6
1789601750811910932,3104.5,0.0,2.92,0.00,7
1789601751842232566,3147.6,0.0,2.85,0.00,7
1789601752872562110,2467.4,0.0,2.33,0.00,0
1789601753899053030,0.0,0.0,0.00,0.00,0
1789601754926103609,0.0,0.1,0.00,8.50,0
1789601755953371366,0.0,0.1,0.00,6.59,0
1789601756980155970,0.0,0.0,0.00,0.00,0
1789601758007026690,0.0,0.0,0.00,0.00,0
1789601759034849273,2060.2,0.0,4.66,0.00,8
1789601760065671303,2986.3,0.1,3.27,7.50,18
1789601761097047284,3227.4,0.3,2.61,1.11,27
1789601762128093881,3156.1,0.0,2.58,0.00,38
1789601763158733523,3227.0,0.0,2.55,0.00,47
1789601764189858145,3194.5,0.0,2.81,0.00,2
1789601765221128247,3182.5,0.1,2.83,7.50,0
1789601766251261727,3006.6,0.3,3.23,0.89,6
1789601767282619999,3168.7,0.0,2.85,0.00,6
1789601768313810597,3127.4,0.0,2.91,0.00,6
1789601769344948629,3146.8,0.1,2.77,1.00,9
1789601770375454909,2985.0,0.0,3.57,12.00,9
1789601771406708743,3167.7,0.3,2.95,1.25,9
1789601772437578381,3247.7,0.0,2.62,0.00,7
1789601773468331104,3109.6,0.0,2.96,0.00,8
1789601774498798448,3149.8,0.1,2.95,2.50,7
1789601775529453704,3043.0,0.0,3.30,0.00,9
1789601776560491650,3047.5,0.2,2.71,30.60,81
1789601777591022961,3171.7,0.0,2.97,0.00,2
1789601778621246899,3043.0,0.0,3.22,0.00,7
1789601779652153445,3164.9,0.1,2.70,7.50,9
1789601780682760506,3167.9,0.0,2.71,0.00,6
1789601781712869707,426.0,0.1,1.03,5.65,0
1789601782740006664,0.0,0.0,0.00,0.00,0
1789601783766913876,0.0,0.0,0.00,0.00,0
1789601784793859604,0.0,0.1,0.00,8.50,0
1789601785821116530,0.0,0.0,0.00,0.00,0
1789601786848777651,982.2,0.1,4.92,7.93,7
1789601787879426436,3136.7,0.0,2.99,0.00,6
1789601788910155206,3138.5,0.0,2.94,0.00,8
1789601789940922971,3123.5,0.1,2.99,6.50,8
1789601790971609325,3172.2,0.0,2.85,0.00,7
1789601792002095339,3083.7,0.3,3.05,3.67,8
1789601793033016042,3054.4,0.0,3.21,0.00,11
1789601794063715720,3052.9,0.0,2.42,0.00,103
1789601795094459458,3150.0,0.1,3.16,6.50,4
1789601796125149046,3196.8,0.0,2.85,0.00,6
1789601797155811477,3094.0,0.1,2.94,0.44,5
1789601798185865531,3140.8,0.0,2.93,0.00,6
1789601799216268713,3100.1,0.0,3.10,0.00,6
1789601800246612682,3167.5,0.1,2.90,7.50,8
1789601801276873299,3043.6,0.0,3.25,0.00,8
1789601802307319985,2988.1,0.2,3.45,7.92,8
1789601803338050364,3101.8,0.0,3.08,0.00,8
1789601804368387215,3016.1,0.0,3.28,12.00,41
1789601805398960140,3121.9,0.0,2.49,26.00,98
1789601806429438683,3181.6,0.0,2.90,0.00,1
1789601807460119087,3153.0,0.1,2.85,0.18,5
1789601808490506461,3135.9,0.0,2.92,0.00,6
1789601809520561402,1893.3,0.1,2.24,1.50,0
1789601810547530375,0.0,0.0,0.00,0.00,0
1789601811574568724,0.0,0.0,0.00,0.00,0
1789601812601374562,0.0,0.1,0.00,6.28,0
1789601813628510038,0.0,0.0,0.00,0.00,0
1789601814655366801,0.0,0.1,0.00,8.50,0
1789601815682411012,2719.2,0.0,3.66,0.00,5
1789601816712424042,3022.1,0.0,3.30,0.00,7
1789601817742391991,3097.2,0.3,3.10,0.09,9
1789601818771901091,3144.7,0.0,2.96,0.00,7
1789601819801422421,3129.8,0.1,2.89,6.50,9
1789601820830761114,3068.8,0.0,3.24,0.00,11
1789601821860303374,3116.1,0.0,2.95,0.00,33
1789601822891029688,3116.4,0.3,2.26,0.97,66
1789601823921116051,3219.5,0.0,2.83,0.00,0
1789601824951704818,3065.0,0.1,3.39,7.50,5
1789601825981911405,3172.3,0.0,2.77,0.00,7
1789601827012923661,3054.3,0.0,3.23,0.00,6
1789601828043479014,3133.8,0.3,3.01,1.00,5
1789601829073834206,3182.0,0.0,2.81,0.00,8
1789601830104710785,3087.0,0.1,3.00,19.00,8
1789601831135097483,3147.3,0.0,2.93,0.00,8
1789601832166040582,3033.4,0.0,3.42,0.00,7
1789601833197168149,3096.1,0.1,2.99,11.20,7
1789601834228335524,3110.7,0.0,2.89,0.00,9
1789601835259321553,3085.6,0.1,2.55,6.50,39
1789601836290243020,3143.8,0.0,2.93,0.00,0
1789601837321395223,3056.7,0.0,3.24,0.00,6
1789601838351621067,233.4,0.1,0.74,5.89,0
1789601839378527751,0.0,0.1,0.00,10.00,0
1789601840405583598,0.0,0.0,0.00,0.00,0
1789601841432555620,0.0,0.0,0.00,0.00,0
1789601842459454999,0.2,0.0,5.92,0.00,0
1789601843487406651,1157.7,0.3,5.15,0.77,6
1789601844518530842,3042.3,0.1,3.18,7.00,8
1789601845548686045,3154.1,0.0,2.89,0.00,6
1789601846579440528,3046.6,0.0,3.21,0.00,9
1789601847610506552,3153.0,0.0,2.94,0.00,8
1789601848641328486,3130.1,0.4,3.00,0.07,9
1789601849671796030,3151.8,0.1,2.83,6.50,9
1789601850702908601,3044.6,0.0,2.80,0.00,48
1789601851733506983,3198.2,0.0,2.71,0.00,89
1789601852764038219,3211.4,0.0,2.56,0.00,28
1789601853795016620,3155.9,0.1,2.82,0.95,2
1789601854825765096,3125.7,0.1,3.04,3.75,6
1789601855856569138,3206.2,0.0,2.77,0.00,4
1789601856887333299,3164.7,0.0,2.96,0.00,5
1789601857918244979,3154.7,0.0,2.73,0.00,5
1789601858949642627,3144.7,0.0,2.92,4.33,6
1789601859980459126,3140.2,0.3,2.87,0.98,7
1789601861011499222,2964.8,0.0,3.53,0.00,9
1789601862042425824,3034.7,0.0,3.15,0.00,6
1789601863073645658,2937.4,0.0,3.52,0.00,10
1789601864105097479,3134.2,0.0,2.57,0.00,72
1789601865135865224,3117.9,0.4,2.64,1.63,1
1789601866166590718,1636.0,0.0,2.40,0.00,0
1789601867193648816,0.0,0.0,0.00,0.00,0
1789601868220833010,0.0,0.0,0.00,0.00,0
1789601869247748060,0.0,0.0,0.00,0.00,1
1789601870274561734,0.0,0.2,0.00,1.74,0
1789601871301524820,0.0,0.0,0.00,0.00,0
1789601872329614999,2947.2,0.0,3.78,0.00,5
1789601873361335891,3046.3,0.0,3.23,0.00,6
1789601874392078481,3172.9,0.1,2.74,5.50,7
1789601875423132921,3132.8,0.4,3.00,0.13,8
1789601876454520270,3111.6,0.0,3.06,0.00,9
1789601877485454155,3146.0,0.0,2.94,0.00,9
1789601878516461108,3067.7,0.0,3.13,0.00,7
1789601879547451851,3056.8,0.1,3.05,6.50,10
1789601880578672717,3201.6,0.2,2.86,0.14,10
1789601881609612520,3045.4,0.0,2.76,0.00,105
1789601882641323664,3223.3,0.0,2.64,0.00,30
1789601883672148556,3197.6,0.0,2.63,0.00,100
1789601884703565700,3130.8,0.1,3.33,9.50,5
1789601885734280590,3172.2,0.1,2.81,1.00,4
1789601886765330547,3215.8,0.0,2.71,0.00,5
1789601887796671244,3075.4,0.0,3.25,0.00,6
1789601888827446168,3164.5,0.0,2.97,0.00,7
1789601889858650037,3083.9,0.1,3.03,6.50,8
1789601890890595673,3127.1,0.1,2.87,1.18,7
1789601891922952001,3106.9,0.0,2.95,0.00,9
1789601892953714208,3180.8,0.0,2.61,0.00,7
1789601893984560148,2587.9,0.0,2.16,0.00,0
1789601895010087318,0.0,0.1,0.00,4.00,0
1789601896037144473,0.0,0.2,0.00,4.35,0
1789601897064156228,0.0,0.0,0.00,0.00,0
1789601898091466117,0.0,0.0,0.00,0.00,0
1789601899118799785,0.0,0.0,0.00,0.00,0
1789601900146453033,2046.7,0.1,4.39,3.00,9
1789601901176838486,3118.7,0.3,2.94,0.81,11
1789601902208013072,3114.1,0.0,2.93,0.00,24
1789601903239096715,3129.5,0.0,2.51,0.00,50
1789601904270038451,3207.6,0.0,2.74,0.00,0
1789601905301396945,3157.6,0.1,3.01,22.50,4
1789601906333535678,3026.7,0.3,3.38,0.86,7
1789601907364910461,3029.6,0.0,3.22,0.00,7
1789601908395511611,3138.9,0.0,3.02,0.00,7
1789601909425520297,3183.8,0.1,2.75,7.00,8
1789601910455885630,3127.1,0.0,2.89,0.00,7
1789601911486605257,3119.0,0.1,3.11,1.18,8
1789601912518294641,3176.5,0.0,3.00,0.00,6
1789601913549447871,3085.7,0.0,3.25,0.00,9
1789601914580733275,3129.3,0.1,2.77,6.00,9
1789601915611935351,3200.3,0.0,2.75,0.00,11
1789601916642435633,3086.3,0.2,2.93,0.26,72
1789601917673358959,3199.7,0.0,2.63,0.00,64
1789601918704065647,3145.8,0.0,2.77,0.00,2
1789601919734361301,3089.0,0.1,3.12,13.50,5
1789601920764559342,3116.7,0.0,2.91,0.00,7
1789601921794567546,3119.7,0.1,2.83,1.07,7
1789601922824816460,458.0,0.0,1.02,0.00,0
1789601923851766843,0.0,0.0,0.00,0.00,0
1789601924878204530,0.0,0.1,0.00,8.50,0
1789601925905037657,0.0,0.0,0.00,0.00,0
1789601926931656905,0.0,0.1,0.00,7.47,0
1789601927958353472,0.1,0.0,14.50,0.00,0
1789601928985019683,0.0,0.0,0.00,0.00,0
1789601930011344706,0.0,0.1,0.00,8.50,0
1789601931038034299,0.0,0.0,0.00,0.00,0
1789601932064381875,0.0,0.0,0.00,0.00,0
1789601933090661635,0.0,0.3,0.00,1.72,0
1789601934117198605,0.0,0.0,0.00,0.00,0
1789601935143811983,0.0,0.1,0.00,8.00,0
1789601936170467776,0.0,0.0,0.00,0.00,0
1789601937197097358,0.0,0.0,0.00,0.00,0
1789601938223959059,0.0,0.1,13.00,0.57,0
1789601939250633099,0.0,0.0,0.00,0.00,0
1789601940277137958,0.0,0.1,0.00,11.00,0
1789601941304280763,561.1,0.0,7.86,0.00,7
1789601942333759666,1988.6,0.0,3.05,0.00,8
1789601943364189073,2077.5,0.2,2.70,0.29,7
1789601944394028621,1876.3,0.1,2.99,2.50,0
1789601945421866551,1629.0,0.0,3.41,0.00,0
1789601946449120844,1629.9,0.0,3.20,0.00,0
1789601947476085965,1721.7,0.0,5.18,0.00,98
1789601948503093375,2086.0,0.1,3.46,0.87,8
1789601949530410525,1999.9,0.1,3.43,6.50,7
1789601950558960527,2040.6,0.0,3.15,0.00,5
1789601951587760665,1926.0,0.0,3.19,0.00,0
1789601952614186328,1629.8,0.0,3.64,0.00,0
1789601953640769129,1631.0,0.1,3.97,0.11,0
1789601954666832942,1631.5,0.1,3.58,1.50,0
1789601955693464653,1900.1,0.0,5.05,0.00,10
1789601956721394181,2034.1,0.0,3.32,0.00,7
1789601957751081411,2026.8,0.0,3.19,0.00,7
1789601958781052678,2023.6,0.0,3.15,0.00,4
1789601959811059937,1776.0,0.4,3.01,0.52,0
1789601960838706492,1629.7,0.0,3.54,0.00,0
1789601961865827551,1630.0,0.0,3.51,0.00,0
1789601962892832845,1836.5,0.0,5.23,0.00,9
1789601963920838229,2047.9,0.0,3.26,0.00,23
1789601964951212776,2071.8,0.2,2.77,1.50,6
1789601965981247893,1983.5,0.0,3.39,0.00,6
1789601967011041473,1818.9,0.0,3.27,0.00,0
1789601968038811163,1630.1,0.0,3.55,0.00,0
1789601969065539690,1630.0,0.1,3.63,0.63,0
1789601970092746578,1765.7,0.1,4.67,6.50,43
1789601971120752886,1996.9,0.0,3.57,0.00,7
1789601972151175685,1994.6,0.0,3.42,0.00,9
1789601973181654356,2045.7,0.0,3.09,0.00,6
1789601974211604556,1923.0,0.3,3.40,0.70,1
1789601975241405357,1657.2,0.1,3.09,3.50,0
1789601976268672525,1630.5,0.0,3.01,0.00,0
1789601977294900204,1647.3,0.0,3.17,0.00,93
1789601978320601936,1964.4,0.0,4.69,0.00,11
1789601979348656910,1552.0,113.4,1.36,5.42,7
1789601980385481365,0.1,499.5,4.71,5.55,4
1789601981412526822,0.2,632.9,1.78,1.28,0
1789601982439350690,0.0,0.0,0.00,0.00,0
1789601983466257909,0.0,0.0,0.00,0.00,0
1789601984492674149,0.0,3.4,0.00,0.14,0
1789601985519485419,0.0,0.0,0.00,0.00,0
1789601986546456459,0.0,0.0,0.00,0.00,0
1789601987573334661,0.0,0.0,0.00,0.00,0
1789601988599933931,0.0,0.0,0.00,0.00,0
1789601989626817964,0.0,0.4,0.00,0.61,0
1789601990654030805,0.0,0.0,0.00,0.00,0
1789601991681085788,215.1,0.0,18.13,0.00,9
1789601992709094308,2615.3,0.0,2.72,0.00,6
1789601993738606254,2051.7,0.0,2.60,0.00,0
1789601994765883823,2547.1,0.2,3.77,1.29,8
1789601995795925270,2334.1,0.0,2.54,0.00,0
1789601996823627018,2252.7,0.0,4.04,0.00,8
1789601997853627622,2625.3,0.0,2.28,0.00,0
1789601998883181473,2028.1,0.0,4.20,0.00,7
1789601999911607366,2662.7,0.1,2.55,1.50,5
1789602000941216124,1905.7,0.1,3.69,0.07,88
1789602001968440936,2533.2,0.0,3.35,0.00,7
1789602002998678021,2260.0,0.0,2.65,0.00,0
1789602004026456566,2301.1,0.0,3.99,0.00,8
1789602005056311802,2576.8,0.1,2.32,3.00,0
1789602006086237359,1989.6,0.1,4.35,1.23,8
1789602007116890472,2688.0,0.0,2.51,0.00,4
1789602008146668769,1880.4,0.0,3.69,0.00,56
1789602009174251260,2615.5,0.0,3.55,0.00,6
1789602010203744674,2210.9,0.1,2.69,4.00,0
1789602011232226361,2343.4,0.2,3.64,0.27,7
1789602012262487274,2533.5,0.0,2.18,0.00,0
1789602013291645304,2116.4,0.0,4.13,0.00,8
1789602014320979160,2645.3,0.0,2.56,0.00,6
1789602015350231819,1935.2,0.1,3.98,2.00,11
1789602016377757821,2648.6,0.3,2.54,0.05,5
1789602017407271268,2044.4,0.0,2.72,0.00,0
1789602018434779545,2471.3,0.0,3.93,0.00,7
1789602019465198882,2406.9,0.1,2.39,7.00,0
1789602020494420071,2130.6,0.0,4.01,0.00,7
1789602021524536673,2681.9,0.2,2.31,0.20,0
1789602022553596903,64.8,302.5,1.47,8.00,5
1789602023580639300,0.0,125.6,6.20,7.42,0
1789602024607406825,0.0,0.6,0.00,4.00,0
1789602025634263841,0.0,0.0,0.00,0.00,2
1789602026660147135,0.1,0.8,4.14,0.95,0
1789602027687311968,760.2,0.0,6.89,0.00,7
1789602028717562894,3018.2,0.0,3.25,0.00,7
1789602029747865573,3028.0,0.1,3.35,6.50,10
1789602030777772432,3082.3,0.0,2.85,0.00,43
1789602031807155794,3140.7,0.1,2.73,0.12,70
1789602032838131969,3217.9,0.0,2.78,0.00,2
1789602033868883359,3199.4,0.0,2.85,0.00,1
1789602034899270555,3113.3,0.1,2.85,6.00,5
1789602035929767605,3167.5,0.0,2.99,0.00,6
1789602036960814563,3113.9,0.1,3.11,0.89,6
1789602037991247644,3067.4,0.0,3.03,0.00,5
1789602039022117693,3210.3,0.0,2.70,0.00,7
1789602040052530433,3121.0,0.1,3.07,7.50,8
1789602041083156177,3253.7,0.0,2.66,0.00,8
1789602042113541323,3140.8,0.3,2.84,1.03,9
1789602043144100894,3074.8,0.0,3.20,0.00,9
1789602044174706202,3137.6,0.0,2.99,0.00,8
1789602045204930064,3125.0,0.1,2.97,7.00,7
1789602046235250887,3126.9,0.0,2.89,0.00,10
1789602047265575817,3096.9,0.1,2.65,0.85,98
1789602048296139054,3166.1,0.0,2.52,0.00,104
1789602049326819544,3221.3,0.0,2.79,0.00,2
1789602050356668770,1651.9,0.1,2.72,28.50,0
1789602051383097596,0.0,0.0,0.00,0.00,0
1789602052409874179,0.0,0.1,0.00,8.62,0
1789602053436703961,0.0,0.0,0.00,0.00,0
1789602054463098676,0.0,0.1,0.00,8.00,0
1789602055489469471,0.0,0.0,0.00,0.00,0
1789602056516110165,0.0,0.0,0.00,0.00,0
1789602057542390006,0.0,0.2,0.00,5.65,0
1789602058565336440,0.0,0.0,0.00,0.00,0
1789602059590958977,0.0,0.1,0.00,8.50,0
1789602060617923619,0.0,0.0,0.00,0.00,0
1789602061644561585,0.0,0.0,0.00,0.00,0
1789602062671225347,0.0,0.0,0.00,0.00,0
1789602063697697195,0.0,0.1,0.00,7.47,0
1789602064724232786,0.0,0.1,0.00,8.50,0
1789602065750760650,0.1,0.0,8.40,0.00,0
1789602066777572199,0.0,0.0,0.00,0.00,0
1789602067804187202,0.0,0.0,0.00,0.00,0
1789602068830948109,0.0,0.3,0.00,2.11,0
1789602069857876608,0.0,0.1,0.00,8.50,0
1789602070884115210,0.0,0.0,0.00,0.00,0
1789602071909983032,0.0,0.0,0.00,0.00,0
1789602072935697882,0.0,0.0,0.00,0.00,0
1789602073962145625,1630.6,0.3,3.36,8.71,0
1789602074988867925,1634.7,0.1,3.41,6.50,112
1789602076013324647,1678.2,0.0,4.00,0.00,43
1789602077040268428,1724.3,0.0,4.43,0.00,30
1789602078067347777,1720.5,0.0,3.71,0.00,9
1789602079094702161,1690.6,0.2,3.64,1.10,11
1789602080122264326,1697.0,0.1,3.54,6.50,8
1789602081150576583,1694.1,0.0,3.50,0.00,9
1789602082180005624,1670.1,0.0,3.78,0.00,9
1789602083209913011,1725.3,0.0,3.41,0.00,9
1789602084240096256,1698.5,0.2,3.38,0.38,7
1789602085270365436,1664.5,0.1,3.65,6.00,9
1789602086300565061,1644.1,0.0,3.84,0.00,7
1789602087330171462,1664.2,0.0,3.60,0.00,7
1789602088360294227,1713.2,0.0,3.42,0.00,9
1789602089390441229,1755.5,0.2,2.87,1.29,6
1789602090420100552,1697.2,0.0,3.57,0.00,7
1789602091450550014,1630.4,0.0,3.89,0.00,6
1789602092481145467,1699.3,0.0,3.51,0.00,6
1789602093511345970,1724.7,0.0,3.41,0.00,6
1789602094541724669,1707.4,0.2,3.46,1.96,6
1789602095572609472,1665.2,0.0,3.83,0.00,4
1789602096603036121,1759.6,0.0,3.24,0.00,4
1789602097633102166,1713.8,0.0,3.37,0.00,0
1789602098663304792,1688.3,0.0,3.06,0.00,0
1789602099692346853,1625.8,0.4,3.64,0.57,0
1789602100721772846,1627.0,0.0,3.25,0.00,0
1789602101749954572,1628.7,0.0,3.62,0.00,0
1789602102777857695,1628.6,0.0,3.81,0.00,0
1789602103805425082,1629.3,0.0,3.59,0.00,0
1789602104833007546,1629.1,0.4,3.62,0.27,0
1789602105860571859,1628.6,0.0,4.04,0.00,0
1789602106887864266,1630.2,0.0,3.54,0.00,0
1789602107915003813,1629.7,0.0,3.79,0.00,0
1789602108942380257,1629.6,0.0,3.57,0.00,0
1789602109969633387,1629.5,0.2,3.70,0.80,0
1789602110996818877,1629.7,0.0,4.04,0.00,0
1789602112023923458,1629.9,0.0,3.73,0.00,0
1789602113051070291,1629.6,0.0,3.52,0.00,0
1789602114075204763,1634.9,0.0,3.70,0.00,0
1789602115100447928,1634.8,0.2,3.56,5.00,0
1789602116125378615,0.4,1228.3,1.78,1.14,0
1789602117151377622,0.0,0.0,0.00,0.00,0
1789602118177337759,0.0,0.0,0.00,0.00,0
1789602119203053713,0.0,0.0,0.00,0.00,0
1789602120228866608,0.0,3.3,0.00,0.15,0
1789602121254385907,0.0,0.0,0.00,0.00,0
1789602122280570694,0.0,0.0,0.00,0.00,0
1789602123307454625,0.0,0.0,0.00,0.00,0
1789602124334215321,0.0,0.0,0.00,0.00,0
1789602125360976742,0.0,0.1,0.00,8.50,0
1789602126387600075,0.0,0.3,0.00,1.93,0
1789602127414311753,0.0,0.0,0.00,0.00,0
1789602128441081091,0.0,0.0,0.00,0.00,0
1789602129467263084,0.0,0.1,0.00,8.50,0
1789602130494357144,0.0,0.0,0.00,0.00,0
1789602131521302625,0.0,0.3,0.00,2.17,0
1789602132548111096,0.0,0.0,0.00,0.00,0
1789602133574849708,0.0,0.0,0.00,0.00,0
1789602134601884017,0.0,0.1,0.00,8.50,0
1789602135628623234,0.0,0.0,0.00,0.00,0
1789602136655493273,0.0,0.1,0.00,10.18,0
1789602137682245960,0.0,0.0,0.00,0.00,0
1789602138709376849,0.0,0.0,0.00,0.00,0
1789602139736263347,0.0,0.1,0.00,8.50,0
1789602140762945073,0.0,0.0,0.00,0.00,0
1789602141789962143,0.0,0.1,0.00,6.59,0
1789602142816644968,0.0,0.0,0.00,0.00,0
1789602143843556988,0.0,0.0,0.00,0.00,0
1789602144870163751,0.0,0.1,0.00,8.50,0
1789602145898027759,712.5,0.0,7.07,0.00,8
1789602146927474712,1054.6,0.1,4.07,0.73,51
1789602147954662195,1490.3,0.0,1.86,0.00,0
1789602148981604631,1630.1,0.0,3.58,0.00,0
1789602150008428245,1630.2,0.1,3.96,7.00,0
1789602151035984485,1626.8,0.0,3.61,0.00,0
1789602152066034074,1246.0,0.3,4.57,1.18,7
1789602153096659722,1029.1,0.0,5.24,0.00,8
1789602154127335902,1097.0,0.0,3.65,0.00,62
1789602155154722741,1507.2,0.1,2.01,6.50,0
1789602156182096686,1630.0,0.0,3.54,0.00,0
1789602157208825697,1630.1,0.3,3.84,0.56,0
1789602158236496093,1626.0,0.0,3.94,0.00,0
1789602159266869130,1122.2,0.1,4.82,10.40,6
1789602160297228467,1051.5,0.0,4.83,0.00,7
1789602161327093369,1122.5,0.0,2.05,0.00,48
1789602162353952331,1586.1,0.2,3.46,5.14,0
1789602163380424482,1630.6,0.0,2.97,0.00,0
1789602164407442156,1629.5,0.1,3.31,2.00,0
1789602165435282082,1626.1,0.0,3.77,0.00,1
1789602166465491677,1125.4,0.0,4.70,0.00,6
1789602167495298063,1004.1,0.1,5.47,1.07,9
1789602168525092880,1125.4,0.0,1.32,0.00,112
1789602169550060586,1630.5,0.1,3.50,8.50,0
1789602170576722104,1629.9,0.0,3.67,0.00,0
1789602171603592066,1630.7,0.0,3.54,0.00,0
1789602172630899933,1583.4,0.1,4.04,1.00,2
1789602173661127119,1100.7,0.0,4.74,0.00,7
1789602174690607166,1100.2,0.1,3.97,8.50,7
1789602175720208011,1145.9,0.0,2.15,0.00,58
1789602176747235510,1579.3,0.0,3.37,0.00,0
1789602177773877932,1630.7,0.1,3.57,0.50,0
1789602178800934763,1629.9,0.0,3.95,0.00,0
1789602179827935565,1528.5,0.1,4.10,33.00,5
1789602180858580540,1039.2,0.0,5.13,1.00,8
1789602181888526387,1075.9,0.0,4.54,0.00,9
1789602182916809286,1237.1,0.3,1.29,1.75,0
1789602183943850994,1629.8,0.0,3.17,0.00,0
1789602184970831722,1630.6,0.0,3.33,0.00,1
1789602185997428633,1629.8,0.1,3.56,8.50,0
1789602187025510474,1565.1,0.0,4.05,0.00,1
1789602188055930430,1017.1,0.2,5.26,1.19,7
1789602189086491603,1036.8,0.0,4.69,0.00,8
1789602190114748631,1259.9,0.0,1.30,0.00,1
1789602191141775936,1630.5,0.1,3.72,8.50,0
1789602192168802087,1629.6,0.0,3.11,0.00,0
1789602193196277743,1629.3,0.0,3.17,0.00,0
1789602194224321475,1495.4,0.1,4.15,0.50,7
1789602195254884631,1121.7,0.1,3.85,0.00,7
1789602196284357457,634.7,327.3,1.13,1.36,3
1789602197311459930,0.3,607.1,1.42,1.90,0
1789602198338570546,0.0,0.0,0.00,0.00,0
1789602199365601224,0.0,0.3,0.00,0.05,0
1789602200392635865,0.0,1.2,0.00,2.25,0
1789602201419207990,0.0,0.0,0.00,0.00,0
1789602202446206397,1815.7,0.0,4.21,0.00,10
1789602203477255004,3120.8,0.0,2.43,0.00,36
1789602204508373216,3096.9,1.4,3.21,2.20,3
1789602205539089761,3044.2,0.1,3.26,7.00,7
1789602206569941187,3126.5,0.0,3.03,0.00,5
1789602207601017166,3060.1,0.0,3.21,0.00,5
1789602208630555604,3111.1,0.0,2.97,0.00,6
1789602209661140129,3052.3,0.3,3.04,4.46,8
1789602210691242127,3094.9,0.1,3.15,6.50,9
1789602211722085614,3044.1,0.0,3.20,0.00,11
1789602212752902722,3133.6,0.0,2.78,0.00,9
1789602213783140303,3098.1,0.0,2.62,0.00,38
1789602214813145779,3188.7,0.3,2.76,1.25,40
1789602215843450054,3204.1,0.1,3.01,25.50,2
1789602216874011082,3102.7,0.0,3.08,0.00,6
1789602217905163202,3192.5,0.0,2.88,0.00,5
1789602218936578149,3153.6,0.0,2.81,0.00,6
1789602219967192610,3127.0,0.2,2.96,3.37,6
1789602220998799672,2909.7,0.1,3.75,7.00,7
1789602222029524599,3047.9,0.0,3.13,0.00,7
1789602223060644608,2994.5,0.0,3.36,0.00,8
1789602224091514576,3095.6,0.0,2.92,0.00,13
1789602225122279332,1400.8,0.1,1.36,0.11,0
1789602226149775681,0.0,0.1,0.00,1.50,0
1789602227176289647,0.0,0.0,0.00,0.00,0
1789602228203339433,0.0,0.0,0.00,0.00,0
1789602229230074921,0.0,0.0,0.00,0.00,0
1789602230256866787,138.3,0.1,15.13,9.33,47
1789602231285235393,3139.6,0.1,2.44,6.00,69
1789602232316145014,3199.5,0.0,2.93,0.00,2
1789602233346879344,3154.8,0.0,3.04,0.00,6
1789602234376717120,3138.4,0.0,2.96,0.00,5
1789602235404874652,3058.6,0.4,3.22,1.32,6
1789602236434440977,3030.3,0.0,3.29,0.00,8
1789602237464282269,3007.6,0.0,3.16,0.00,9
1789602238494458849,3091.0,0.0,3.06,0.00,8
1789602239525681168,3248.0,0.0,2.58,0.00,9
1789602240556615317,3056.9,0.4,3.00,0.21,9
1789602241587606444,3188.5,0.0,2.78,0.00,9
1789602242618624701,3072.9,0.0,3.06,0.00,26
1789602243649947458,3148.2,0.0,2.51,0.00,29
1789602244680793598,3183.4,0.0,2.68,0.00,1
1789602245711486514,3174.0,0.3,2.98,1.36,3
1789602246742362875,3104.6,0.0,3.18,0.00,6
1789602247773091834,3118.0,0.0,3.03,0.00,6
1789602248804129919,3040.5,0.0,3.13,0.00,5
1789602249834905888,3074.5,0.0,3.03,0.00,7
1789602250865848854,3046.4,0.2,3.08,0.83,9
1789602251896817908,3069.7,0.0,3.03,0.00,7
1789602252926742570,2745.7,0.0,2.30,0.00,0
1789602253954502833,0.0,0.0,0.00,0.00,0
1789602254981756870,0.0,0.0,0.00,0.00,0
1789602256008842120,0.0,0.2,0.00,13.40,0
1789602257035551857,0.0,0.0,0.00,0.00,0
1789602258062591072,0.0,0.0,0.00,0.00,0
1789602259090659968,1773.8,0.0,4.88,0.00,34
1789602260122322216,3133.3,0.0,2.43,0.00,54
1789602261153654762,3141.3,0.2,3.18,2.00,0
1789602262184622527,3043.7,0.0,3.28,0.00,6
1789602263215369666,3189.1,0.0,2.78,0.00,5
1789602264245860637,3116.3,0.0,2.99,0.00,6
1789602265276875322,3040.6,0.0,3.23,0.00,6
1789602266307559968,3006.9,0.4,3.16,1.18,7
1789602267338603765,3236.8,0.0,2.66,0.00,7
1789602268369892759,3166.4,0.0,2.87,0.00,10
1789602269400946041,3123.2,0.0,2.92,0.00,7
1789602270431685825,3114.7,0.1,3.05,11.50,9
1789602271462630713,3262.6,0.2,2.62,6.40,9
1789602272493734584,3156.9,0.0,2.96,0.00,10
1789602273524645779,3130.4,0.0,2.80,0.00,22
1789602274555358007,3125.0,0.0,2.49,0.00,39
1789602275586187269,3146.5,0.1,3.02,6.00,0
1789602276617063399,3184.7,0.1,2.87,0.92,6
1789602277647617036,3050.8,0.0,3.26,0.00,6
1789602278678485068,2982.7,0.0,3.41,0.00,6
1789602279709354071,3157.1,0.0,2.78,0.00,8
1789602280740147571,3097.8,0.1,2.89,6.00,9
1789602281770392234,822.7,0.1,1.18,7.00,0
1789602282797715076,0.0,0.0,0.00,0.00,0
1789602283824997799,0.0,0.0,0.00,0.00,0
1789602284852078896,0.0,0.0,0.00,0.00,0
1789602285879218280,0.0,0.1,0.00,8.50,0
1789602286907134579,571.9,0.1,9.11,16.15,8
1789602287938664518,3067.5,0.0,3.00,0.00,9
1789602288970304906,3119.3,0.0,2.94,0.00,10
1789602290001702086,3114.5,0.0,2.72,0.00,44
1789602291033663359,3110.5,0.1,2.56,6.00,84
1789602292065388892,3221.9,0.2,2.76,0.90,1
1789602293096098721,3148.6,0.0,2.99,0.00,5
1789602294127558491,3048.9,0.0,2.98,0.00,6
1789602295158710780,3157.6,0.0,2.88,0.00,5
1789602296189589835,3155.2,0.1,2.95,12.00,6
1789602297221243042,3144.8,0.0,2.82,0.00,5
1789602298253516005,3168.9,0.4,2.85,0.82,7
1789602299284301703,3124.5,0.0,3.04,0.00,8
1789602300314588499,3042.3,0.0,3.35,0.00,8
1789602301344689484,3102.6,0.1,2.93,7.00,9
1789602302376549040,3099.0,0.0,3.11,0.00,11
1789602303407011478,3077.2,0.4,3.09,0.97,28
1789602304438857503,3108.4,0.0,2.55,0.00,88
1789602305470098996,3205.1,0.1,2.84,6.50,1
1789602306501069166,3039.5,0.0,3.25,0.00,6
1789602307531850510,3077.4,0.0,2.98,0.00,5
1789602308562371085,3146.1,0.2,2.85,1.12,7
1789602309592117375,2138.2,0.0,2.50,0.00,0
1789602310618961854,0.0,0.1,0.00,8.50,0
1789602311645960103,0.0,0.0,0.00,0.00,0
1789602312673265473,0.0,0.0,0.00,0.00,0
1789602313700048773,0.0,0.1,0.00,6.59,0
1789602314726419853,0.0,0.0,0.00,0.00,0
1789602315753484346,2350.0,0.1,4.57,6.50,7
1789602316783101403,3021.9,0.0,3.27,0.00,9
1789602317813466116,3132.7,0.0,3.00,0.00,7
1789602318843351446,3027.6,0.1,3.18,0.12,30
1789602319873402473,3161.3,0.0,2.48,0.00,53
1789602320903202844,3142.0,0.1,3.08,3.00,2
1789602321933239968,3176.3,0.0,2.88,0.00,6
1789602322963490472,3040.8,0.0,3.13,0.00,7
1789602323993384891,3157.4,0.3,2.95,1.12,6
1789602325021986287,3194.8,0.0,2.72,0.00,6
1789602326050600665,3076.5,0.1,3.20,6.50,8
1789602327076005829,3075.0,0.0,3.19,0.00,7
1789602328104630334,3255.1,0.0,2.68,0.00,9
1789602329133953948,3117.0,0.3,3.08,2.48,8
1789602330163266072,3060.2,0.0,3.06,0.00,8
1789602331193037322,3182.9,0.1,2.75,6.00,7
1789602332223263746,3051.6,0.0,3.35,0.00,9
1789602333252875679,3147.4,0.0,2.49,0.00,108
1789602334282943746,3172.5,0.0,2.59,0.00,0
1789602335312651154,3120.4,0.1,3.26,5.17,5
1789602336342142989,3152.4,0.1,2.71,2.00,8
1789602337372986989,3062.6,0.0,3.06,0.00,6
1789602338402329218,416.5,0.0,1.01,0.00,0
1789602339428821868,0.0,0.0,0.00,0.00,0
1789602340454943348,0.0,0.3,0.00,4.64,0
1789602341481394849,0.0,0.0,0.00,0.00,0
1789602342508103604,0.0,0.0,0.00,0.00,0
1789602343535055787,1018.2,0.0,5.71,0.00,8
1789602344565043709,3080.5,0.0,3.09,0.00,7
1789602345595243905,3176.9,0.2,2.86,2.83,8
1789602346625650247,3055.7,0.0,3.26,0.00,9
1789602347656602751,3052.4,0.0,3.27,0.00,8
1789602348686985107,3171.2,0.0,2.84,0.00,11
1789602349717522654,3097.4,0.0,3.00,0.00,40
1789602350747601771,3141.8,0.4,2.32,0.98,39
1789602351778279645,3233.5,0.0,2.61,0.00,60
1789602352808327721,3189.9,0.0,3.01,0.00,1
1789602353838201128,3080.1,0.0,3.27,0.00,5
1789602354868548935,3137.5,0.0,2.90,0.00,6
1789602355898939921,3191.9,0.4,2.78,1.32,7
1789602356929008096,3196.8,0.0,2.85,0.00,7
1789602357958821955,3021.1,0.0,3.20,0.00,7
1789602358989154462,3127.6,0.0,3.04,0.00,8
1789602360019042650,3160.5,0.0,2.84,0.00,9
1789602361049242911,3031.6,0.3,3.33,1.77,7
1789602362079379569,2987.4,0.0,3.50,0.00,11
1789602363109392184,3105.6,0.0,2.72,0.00,44
1789602364139542180,3146.9,0.0,2.45,0.00,59
1789602365170066601,3160.9,0.0,3.02,0.00,2
1789602366199795165,1683.2,0.4,2.69,0.37,0
1789602367226701788,0.0,0.0,0.00,0.00,0
1789602368253229123,0.0,0.0,0.00,0.00,0
1789602369280085902,0.0,0.0,0.00,0.00,0
1789602370306834384,0.0,0.0,0.00,0.00,0
1789602371333834786,0.0,0.2,0.00,13.25,0
1789602372361424446,2860.5,0.0,3.80,0.00,6
1789602373391161778,3097.9,0.0,3.13,0.00,6
1789602374421084532,3182.7,0.0,2.83,0.00,8
1789602375451003329,3128.1,0.0,2.96,7.00,7
1789602376481580997,3131.4,0.1,2.93,1.00,9
1789602377511897843,3148.5,0.0,2.94,0.00,8
1789602378542563937,3137.9,0.0,2.87,0.00,7
1789602379572822646,3065.9,0.0,3.01,0.00,7
1789602380603488587,3044.5,0.1,3.28,6.00,17
1789602381633913810,3152.5,0.3,2.41,0.54,110
1789602382664140161,3220.3,0.0,2.53,0.00,39
1789602383694484134,3125.2,0.0,3.20,0.00,2
1789602384724667609,3221.5,0.0,2.80,0.00,6
1789602385754401127,3187.5,0.1,2.70,7.00,4
1789602386784991956,3176.3,0.0,2.78,0.00,6
1789602387815259424,2994.7,0.2,3.43,0.26,7
1789602388845344471,3135.4,0.0,2.96,0.00,8
1789602389875265053,3133.5,0.0,2.92,0.00,6
1789602390906102264,3077.4,0.1,3.13,6.50,9
1789602391937028261,3126.4,0.0,2.88,0.00,8
1789602392967287389,3121.2,0.2,2.91,0.56,10
1789602393997265128,2779.0,0.0,1.97,0.00,0
1789602395025268979,0.0,0.0,0.00,0.00,0
1789602396055927627,0.0,0.1,0.00,8.00,0
1789602397085917375,0.0,0.0,0.00,0.00,0
1789602398115715430,0.0,0.3,0.00,2.23,0
1789602399145553469,0.0,0.0,0.00,0.00,0
1789602400175646093,0.0,0.0,0.00,0.00,0
1789602401205893375,0.0,0.1,0.00,8.50,0
1789602402235555643,0.0,0.0,0.00,0.00,0
1789602403265836406,0.0,0.1,0.00,7.47,0
1789602404296111665,0.0,0.0,0.00,0.00,0
1789602405326431521,0.0,0.0,0.00,0.00,0
1789602406356785843,0.0,0.1,0.00,8.50,0
1789602407387019643,0.0,0.0,0.00,0.00,0
1789602408416763341,0.0,0.3,0.00,1.77,0
1789602409446455509,559.5,0.0,1.15,0.00,0
1789602410473015147,0.0,0.1,0.00,8.50,0
1789602411499212576,0.0,0.0,0.00,0.00,0
1789602412526270201,0.0,0.0,0.00,0.00,0
1789602413552846590,0.0,0.2,0.00,5.89,0
1789602414579126919,0.0,0.0,0.00,0.00,0
1789602415606229119,2501.9,0.1,3.77,14.50,7
1789602416636156082,3036.7,0.0,3.12,0.00,9
1789602417666419827,3031.4,0.0,3.27,0.00,7
1789602418697021977,3124.1,0.3,2.84,0.07,11
1789602419727326915,3083.5,0.0,2.89,0.00,33
1789602420757754405,3185.5,0.1,2.47,6.50,96
1789602421788472534,3150.8,0.0,2.64,0.00,1
1789602422818838746,2917.5,0.0,3.56,0.00,6
1789602423849320092,3105.7,0.3,2.98,1.16,6
1789602424879401393,3013.2,0.0,3.27,0.00,8
1789602425910224210,3169.1,0.1,2.64,6.50,9
1789602426940394622,3088.5,0.0,3.16,0.00,9
1789602427970754138,3137.4,0.0,2.97,0.00,8
1789602429001595014,3055.7,0.1,3.16,0.80,9
1789602430032429921,3087.0,0.0,2.89,0.00,9
1789602431063385016,3086.6,0.1,2.48,6.00,55
1789602432093796441,3134.3,0.0,3.12,0.00,1
1789602433124014227,3110.3,0.0,2.94,0.00,4
1789602434154435620,3025.0,0.0,3.19,0.00,7
1789602435184969467,2928.4,0.3,3.51,0.90,8
1789602436215322764,3150.3,0.1,2.62,5.50,9
1789602437245874300,3118.3,0.0,2.80,0.00,8
1789602438275373412,995.7,0.0,1.24,0.00,0
1789602439301772165,0.0,0.0,0.00,0.00,0
1789602440327553677,0.0,0.3,0.50,2.35,0
1789602441354157071,0.0,0.1,0.00,8.50,0
1789602442380967517,0.0,0.0,0.00,0.00,0
1789602443407442785,404.6,0.0,10.52,0.00,8
1789602444436619657,2999.7,0.0,3.17,0.00,32
1789602445466746334,3110.7,0.2,2.52,4.19,92
1789602446497006669,3193.4,0.0,3.04,0.00,2
1789602447527230343,3098.3,0.0,3.27,0.00,5
1789602448557191391,3092.9,0.0,3.05,0.00,6
1789602449587100083,3123.5,0.1,3.02,0.88,6
1789602450617385550,3076.0,0.1,2.97,7.50,7
1789602451646782727,3064.2,0.0,3.18,0.00,8
1789602452677239184,3217.3,0.0,2.72,0.00,7
1789602453707320512,3116.4,0.0,2.91,0.00,8
1789602454737733718,3159.1,0.3,2.95,1.46,8
1789602455768220189,3157.6,0.1,2.96,6.00,7
1789602456798529853,3171.6,0.0,2.93,0.00,9
1789602457828795499,3089.6,0.0,3.02,0.00,10
1789602458858915749,3138.1,0.0,2.63,0.00,92
1789602459889094295,3204.1,0.3,2.58,0.53,45
1789602460919406474,3176.6,0.1,2.80,2.50,2
1789602461949399420,3158.1,0.0,3.00,0.00,5
1789602462979188846,2988.5,0.0,3.29,0.00,5
1789602464008769022,3028.2,0.0,3.19,0.00,6
1789602465039179116,3081.5,0.3,3.03,0.98,10
1789602466069672322,2405.3,0.1,2.25,7.50,0
1789602467095415090,0.0,0.0,0.00,0.00,0
1789602468121776892,0.0,0.0,0.00,0.00,0
1789602469148346523,0.0,0.0,0.00,0.00,0
1789602470174605820,0.0,0.0,0.00,0.00,0
1789602471201032570,0.0,0.2,0.00,8.29,0
1789602472227211186,1611.1,0.0,4.00,0.00,2
1789602473257047654,3090.2,0.0,3.09,0.00,5
1789602474287236022,3113.8,0.0,2.97,0.00,5
1789602475317136470,2975.7,0.0,3.49,0.00,5
1789602476347356749,3011.4,0.2,3.29,1.57,9
1789602477377822685,3023.9,0.0,3.21,0.00,9
1789602478408829254,3093.9,0.0,2.95,0.00,7
1789602479439317388,2968.8,0.0,3.07,0.00,49
1789602480469576904,3117.1,0.1,2.46,16.00,99
1789602481500210236,3221.0,0.2,2.82,3.41,2
1789602482530609967,3082.6,0.0,3.04,0.00,6
1789602483561176444,3138.5,0.0,2.92,0.00,7
1789602484591463128,3141.7,0.0,2.89,0.00,6
1789602485621764872,3118.4,0.1,3.02,20.50,6
1789602486652622748,3065.6,0.1,2.90,6.40,7
1789602487683160752,3112.6,0.0,2.94,0.00,9
1789602488713628044,3118.8,0.1,2.94,4.00,9
1789602489743854043,3059.6,0.0,3.02,0.00,8
1789602490774292609,3060.2,0.0,3.02,0.00,10
1789602491804761005,3097.9,0.4,2.65,0.92,86
1789602492835291687,3139.4,0.0,2.58,0.00,0
1789602493865181081,3159.8,0.1,2.96,6.00,3
1789602494894733614,1719.5,0.0,2.69,0.00,0
1789602495921115853,0.0,0.0,0.00,0.00,0
1789602496947202297,0.0,0.3,0.00,2.59,0
1789602497973875805,0.0,0.0,0.00,0.00,0
1789602499000464949,0.0,0.1,0.00,8.50,0
1789602500027283458,0.0,0.0,0.00,0.00,0
1789602501054655369,2659.4,0.0,4.11,0.00,6
1789602502084722072,3014.4,0.2,3.31,1.15,9
1789602503115281386,3177.7,0.0,2.77,0.00,9
1789602504146093580,3094.8,0.1,2.96,2.00,8
1789602505176272232,3134.2,0.0,2.89,0.00,7
1789602506206508091,3109.7,0.0,3.04,0.00,9
1789602507236763948,3081.8,0.1,3.08,0.13,38
1789602508266600382,3135.3,0.0,2.37,0.00,61
1789602509296987041,3196.0,0.0,2.88,6.50,2
1789602510326588921,3012.1,0.0,3.50,0.00,6
1789602511356855866,3190.2,0.0,2.72,0.00,6
1789602512387592315,3092.7,0.1,3.03,1.42,6
1789602513418109464,3173.7,0.1,2.92,6.50,6
1789602514449182179,3118.5,0.0,2.92,0.00,6
1789602515479645595,3089.6,0.0,3.02,0.00,9
1789602516510298213,3118.7,0.0,2.97,0.00,8
1789602517540582520,3043.0,0.1,3.28,16.12,8
1789602518571046095,3039.4,0.1,3.23,5.50,9
1789602519601516051,3129.7,0.0,2.69,0.00,70
1789602520631548490,3071.1,0.0,3.04,0.00,1
1789602521661664707,3020.3,0.0,3.38,0.00,6
1789602522692248834,3215.9,0.3,2.50,1.14,6
1789602523721896579,322.1,0.1,0.87,8.50,0
1789602524748399268,0.0,0.0,0.00,0.00,0
1789602525774916862,0.0,0.0,0.00,0.00,0
1789602526801703288,0.0,0.0,0.00,0.00,0
1789602527828369225,0.0,0.1,0.00,5.38,0
1789602528855537031,1108.3,0.1,4.34,8.00,6
1789602529885660785,3063.0,0.0,3.24,0.00,7
1789602530915747673,3067.2,0.0,3.17,0.00,9
1789602531946453154,3086.1,0.0,3.09,0.00,9
1789602532977154580,3209.4,0.0,2.70,0.00,8
1789602534007513557,3164.2,0.2,2.83,2.94,8
1789602535038390439,3071.5,0.0,3.21,0.00,10
1789602536068813293,3113.4,0.0,2.69,0.00,41
1789602537098912279,3156.2,0.0,2.55,0.00,43
1789602538129443470,3196.3,0.0,2.79,0.00,2
1789602539160289600,3169.5,0.2,2.92,1.83,5
1789602540190992735,3147.9,0.0,2.85,0.00,6
1789602541221330399,3234.6,0.0,2.72,0.00,4
1789602542251407319,3090.5,0.0,3.27,0.00,6
1789602543282420799,3101.5,0.0,3.03,0.00,7
1789602544313457353,3102.0,0.4,3.03,7.66,8
1789602545344274155,3128.3,0.0,3.00,0.00,7
1789602546374762783,3189.5,0.0,2.74,0.00,7
1789602547405332831,3163.7,0.0,2.77,0.00,8
1789602548435872722,3063.8,0.1,3.08,7.00,9
1789602549466144048,3018.5,0.5,3.32,1.00,10
1789602550496562929,3135.3,0.0,2.86,0.00,10
1789602551526451947,1449.2,0.0,1.40,0.00,0
1789602552553348739,0.0,0.0,0.00,0.00,0
1789602553580127678,0.0,0.1,0.00,8.50,0
1789602554606348501,0.0,0.3,0.00,5.21,0
1789602555632312401,0.0,0.0,0.00,0.00,0
1789602556658206854,44.2,0.0,20.67,0.00,45
1789602557685708918,3166.8,0.0,3.06,0.00,1
1789602558716133042,3140.5,0.1,2.97,6.50,5
1789602559746394326,3114.4,0.2,3.08,5.10,5
1789602560777055530,3036.7,0.0,3.37,0.00,5
1789602561806853752,3117.1,0.0,2.93,0.00,7
1789602562837574286,3233.9,0.0,2.65,0.00,7
1789602563867691023,3118.2,0.1,2.79,7.00,8
1789602564898498945,3095.8,0.1,3.05,0.81,9
1789602565929369701,3206.2,0.0,2.75,0.00,9
1789602566960345202,3166.6,0.0,2.69,0.00,9
1789602567990931124,3141.2,0.0,2.94,0.00,8
1789602569021004700,3189.7,0.1,2.74,17.00,7
1789602570051490031,3165.5,0.1,2.97,1.29,10
1789602571082170521,3107.5,0.0,2.99,0.00,11
1789602572112888411,3185.1,0.0,2.53,0.00,72
1789602573143391174,3188.1,0.0,2.58,0.00,26
1789602574174137160,3114.1,0.1,3.11,6.00,0
1789602575204713910,3128.9,0.3,2.96,0.05,5
1789602576234593868,3036.0,0.0,3.15,0.00,6
1789602577265583757,3012.7,0.0,3.26,0.00,7
1789602578296470688,3093.2,0.0,3.02,0.00,9
1789602579326848822,2430.0,0.1,2.16,6.00,0
1789602580353752771,0.0,0.3,0.00,2.24,0
1789602581380420591,0.0,0.0,0.00,0.00,0
1789602582407011188,0.0,0.0,0.00,0.00,0
1789602583433880080,0.0,0.0,0.00,8.50,0
1789602584460610522,0.0,0.0,0.00,0.00,0
1789602585487894727,2081.4,0.1,4.71,1.17,9
1789602586516503397,3094.9,0.0,2.93,0.00,10
1789602587544728931,3251.6,0.0,2.61,0.00,11
1789602588573179893,3136.6,0.1,3.01,7.00,20
1789602589602309615,3185.4,0.0,2.44,0.00,80
1789602590632191413,3153.0,0.1,2.57,12.40,99
1789602591662732725,3201.7,0.0,2.90,0.00,1
1789602592693287192,3147.7,0.0,2.84,0.00,6
1789602593723458257,3212.6,0.1,2.73,6.50,6
1789602594754229743,3091.9,0.0,3.04,0.00,7
1789602595784682049,3010.9,0.2,3.35,12.76,6
1789602596815331960,3178.4,0.0,2.88,0.00,5
1789602597845961011,3127.3,0.0,3.11,0.00,8
1789602598876724755,3154.7,0.1,2.86,6.50,8
1789602599907031054,3228.6,0.0,2.55,0.00,7
1789602600937211802,3171.6,0.1,2.78,0.83,8
1789602601968379462,3040.6,0.0,3.31,0.00,9
1789602602999013413,3145.6,0.0,2.91,0.00,10
1789602604029616365,3058.1,0.1,3.01,2.50,25
1789602605061062487,3188.3,0.0,2.43,0.00,82
1789602606092272263,3151.7,0.3,2.44,0.97,91
1789602607123389088,3192.9,0.0,2.79,0.00,1
1789602608153824900,37.9,0.0,0.27,0.00,0
1789602609180818996,0.0,0.1,0.00,8.50,0
1789602610207606786,0.0,0.0,0.00,0.00,0
1789602611234572674,0.0,0.0,0.00,0.00,0
1789602612261552037,0.0,0.1,0.00,6.28,0
1789602613289426994,1342.7,0.0,4.80,0.00,5
1789602614319573661,3049.7,0.1,3.21,2.00,7
1789602615350360831,3042.5,0.0,3.34,0.00,8
1789602616381495111,3099.1,0.0,3.12,0.00,8
1789602617412769286,3173.6,0.3,2.80,0.91,8
1789602618444040211,3132.4,0.1,2.89,7.00,9
1789602619474517931,3138.7,0.0,2.88,0.00,7
1789602620505008196,2997.5,0.0,3.22,0.00,9
1789602621535115219,3139.2,0.0,2.84,0.00,54
1789602622565718420,3119.1,0.3,2.64,0.80,0
1789602623596861469,3137.6,0.1,3.13,7.00,6
1789602624627428769,3151.2,0.0,3.01,0.00,4
1789602625658067915,3171.0,0.0,2.92,0.00,7
1789602626688172565,3222.8,0.0,2.77,0.00,7
1789602627719222455,3143.6,0.1,2.81,0.84,6
1789602628748585907,3186.6,0.1,2.75,3.00,7
1789602629778844859,2996.6,0.0,3.41,0.00,7
1789602630808795282,3151.2,0.0,2.93,0.00,8
1789602631838738147,3098.3,0.0,3.02,0.00,9
1789602632869206576,3047.3,0.3,3.09,1.16,7
1789602633899885216,3208.2,0.1,2.53,7.00,9
1789602634930386117,3079.1,0.0,3.12,0.00,12
1789602635960291079,1401.3,0.0,1.37,0.00,0
1789602636987520505,0.1,0.0,14.00,0.00,0
1789602638014310133,0.0,0.3,0.00,1.95,0
1789602639041290251,0.0,0.1,0.00,8.50,0
1789602640067592586,0.0,0.0,0.00,0.00,0
1789602641093776741,131.9,0.0,22.56,0.00,50
1789602642121375282,3121.5,0.0,2.58,0.00,0
1789602643150900881,3123.0,0.3,3.26,0.55,6
1789602644181971793,3246.3,0.1,2.56,7.50,6
1789602645212952143,3132.9,0.0,3.03,0.00,4
1789602646243629350,3002.0,0.0,3.41,0.00,6
1789602647275136155,3117.2,0.0,3.02,0.00,6
1789602648305350162,3108.0,0.1,2.90,0.38,7
1789602649336034198,3084.2,0.1,3.09,7.50,9
1789602650366294832,3237.2,0.0,2.66,0.00,8
1789602651396517279,3156.7,0.0,2.80,0.00,7
1789602652426993589,3127.1,0.0,3.05,0.00,7
1789602653458159478,2997.0,0.2,3.45,2.90,10
1789602654488604623,3228.2,0.0,2.76,0.00,10
1789602655519849228,3161.0,0.0,2.50,0.00,71
1789602656551098082,3184.1,0.0,2.64,0.00,30
1789602657582206656,3206.9,0.0,2.62,0.00,97
1789602658612721153,3194.0,0.4,2.89,0.97,2
1789602659643509826,3159.0,0.0,2.99,0.00,4
1789602660674629545,3092.1,0.0,2.94,0.00,7
1789602661705119268,2918.2,0.0,3.74,0.00,8
1789602662735371708,3064.7,0.0,3.19,0.00,8
1789602663765023922,3156.9,0.4,1.93,0.75,9
1789602664792266509,787.7,0.0,2.00,0.00,0
1789602665819207762,0.0,0.0,0.00,0.00,0
1789602666846036159,0.0,0.0,0.00,0.00,0
1789602667872018748,0.0,0.0,0.00,0.00,0
1789602668898336237,0.0,0.3,0.00,1.71,0
1789602669925945242,1595.8,0.0,4.08,0.00,1
1789602670956140563,3052.4,0.0,3.39,0.00,7
1789602671987143841,3177.9,0.0,2.87,0.00,7
1789602673018080194,3129.2,0.0,2.92,0.00,7
1789602674049117806,3228.3,0.2,2.62,1.17,5
1789602675080060932,3108.2,0.0,3.16,0.00,7
1789602676110601240,3160.7,0.0,2.82,0.00,7
1789602677140195036,3011.9,0.0,3.15,0.00,8
1789602678170155154,3241.0,0.0,2.68,0.00,6
1789602679199586707,3081.8,0.2,3.06,1.08,8
1789602680229620147,3138.0,0.0,2.83,0.00,8
1789602681259677935,3163.8,0.0,2.98,0.00,10
1789602682290282312,3261.8,0.0,2.65,0.00,9
1789602683319990945,3258.4,0.0,2.60,0.00,9
1789602684350019901,3074.4,0.2,2.99,1.53,10
1789602685381301988,3186.2,0.0,2.62,0.00,50
1789602686412677505,3145.4,0.0,2.51,0.00,67
1789602687444318598,3217.3,0.0,2.74,0.00,0
1789602688475247315,3023.5,0.1,3.54,7.00,5
1789602689506268906,3003.2,0.4,3.37,3.78,5
1789602690537294492,3118.1,0.0,2.95,0.00,7
1789602691568815243,3135.7,0.0,2.90,0.00,8
1789602692598992547,1088.6,0.0,1.19,0.00,0
1789602693625977108,0.0,0.1,0.00,8.50,0
1789602694652414697,0.0,0.1,4.50,6.22,0
1789602695678734713,0.0,0.0,0.00,0.00,0
1789602696705099569,0.0,0.0,0.00,0.00,0
1789602697731141481,0.0,0.0,0.00,0.00,0
1789602698758086175,1547.0,0.1,4.44,7.00,2
1789602699788788205,3017.5,0.1,3.03,1.06,7
1789602700819357990,3025.1,0.0,2.97,0.00,7
1789602701850945983,3054.9,0.0,2.83,0.00,6
1789602702881670974,2960.8,0.0,3.19,0.00,7
1789602703912358438,2917.6,0.0,3.26,6.50,10
1789602704943084878,2967.9,0.0,2.54,0.00,0
1789602705972907784,3111.9,0.1,2.89,1.15,5
1789602707003623482,3010.9,0.0,3.00,0.00,6
1789602708035136152,3089.5,0.0,2.76,0.00,5
1789602709066399945,2910.1,0.1,3.30,6.50,7
1789602710097551141,3066.6,0.0,2.78,0.00,8
1789602711129010576,3048.1,0.1,2.89,1.25,7
1789602712159543741,3109.0,0.0,2.77,0.00,11
1789602713190261797,3019.7,0.0,2.26,0.00,96
1789602714220608058,3104.5,0.1,3.08,6.50,4
1789602715251306423,3106.2,0.0,2.69,0.00,7
1789602716281319423,2971.7,0.3,3.24,0.76,6
1789602717312588317,2922.7,0.0,3.32,0.00,7
1789602718343302768,2870.8,0.0,3.39,0.00,7
1789602719374687942,2999.6,0.1,2.72,7.00,70
1789602720404630199,3123.1,0.0,2.40,0.00,2
1789602721435303159,3068.5,0.3,2.87,0.24,6
1789602722465696177,186.7,0.0,0.67,0.00,0
1789602723492577919,0.0,0.1,0.00,8.50,0
1789602724518575866,0.0,0.0,0.00,0.00,0
1789602725545939734,0.0,0.0,0.00,0.00,0
1789602726573108283,0.0,0.1,0.00,6.65,0
1789602727600925737,1072.2,0.0,5.66,0.00,7
1789602728631672473,3101.0,0.1,3.02,13.50,7
1789602729663586968,3092.0,0.0,3.20,0.00,8
1789602730694829364,3067.0,0.0,3.13,0.00,8
1789602731727346405,3106.9,0.1,3.02,0.89,9
1789602732757972246,3069.5,0.0,3.22,0.00,10
1789602733789035840,3109.0,0.1,2.86,6.50,39
1789602734819860662,3107.8,0.0,2.40,0.00,0
1789602735851755544,3165.4,0.0,3.23,0.00,2
1789602736884093243,3135.9,0.2,3.04,0.89,6
1789602737916347232,3127.1,0.0,2.84,0.00,6
1789602738947735282,3118.4,0.1,2.94,7.50,5
1789602739978869080,3140.2,0.0,2.98,0.00,6
1789602741009454665,3222.6,0.0,2.73,0.00,6
1789602742039877304,3165.5,0.2,2.71,0.47,8
1789602743070039157,3066.4,0.0,3.27,0.00,9
1789602744101442155,3093.3,0.1,3.07,16.50,7
1789602745133545117,3160.8,0.0,2.81,0.00,8
1789602746164932533,3100.8,0.0,2.98,0.00,9
1789602747195765853,3013.1,0.4,3.17,1.19,16
1789602748226435831,3169.1,0.0,2.41,0.00,88
1789602749257050066,3147.6,0.1,2.69,6.50,2
1789602750286789400,1633.4,0.0,2.67,0.00,0
1789602751314053829,0.0,0.0,0.00,0.00,0
1789602752340358995,0.0,0.2,0.00,5.60,0
1789602753366831538,0.0,0.0,0.00,0.00,0
1789602754393225867,0.0,0.1,0.00,8.50,0
1789602755419708015,0.0,0.0,0.00,0.00,0
1789602756446578176,1372.2,0.0,4.71,0.00,6
1789602757476231911,3082.3,0.1,2.84,0.53,6
1789602758506077407,3030.1,0.0,3.03,7.00,8
1789602759536161009,3010.7,0.0,3.07,0.00,7
1789602760566224863,3002.9,0.0,3.14,0.00,7
1789602761596219997,3034.5,0.0,2.88,0.00,10
1789602762625890207,3042.1,0.1,2.52,0.92,55
1789602763655418171,3082.5,0.0,2.73,7.00,5
1789602764684243434,3057.0,0.0,3.00,0.00,6
1789602765711218895,3097.1,0.0,2.75,0.00,6
1789602766739731908,2988.2,0.0,3.03,0.00,6
1789602767768080783,3076.1,0.1,2.77,0.13,9
1789602768797616514,3037.3,0.0,3.03,5.50,7
1789602769827277226,3086.6,0.0,2.89,0.00,9
1789602770857406415,3061.2,0.0,2.68,0.00,30
1789602771887145795,3100.9,0.0,2.32,0.00,0
1789602772917068297,3166.7,0.3,2.96,0.46,2
1789602773946853381,2907.9,0.1,3.46,6.50,6
1789602774976754739,2985.9,0.0,3.20,0.00,7
1789602776005676170,2952.7,0.0,3.10,0.00,9
1789602777035552349,2993.0,0.0,3.07,0.00,9
1789602778065316790,3040.0,0.2,2.81,12.22,40
1789602779095434004,3088.5,0.2,2.14,2.41,0
1789602780122589705,0.0,0.0,0.00,0.00,0
1789602781148227475,0.0,0.0,0.00,0.00,0
1789602782174170144,0.0,0.0,0.00,0.00,0
1789602783200103811,0.0,0.0,0.00,0.00,0
1789602784226539549,0.0,0.2,0.00,7.93,0
1789602785253839503,1376.3,0.0,4.63,0.00,6
1789602786283473878,3092.4,0.0,2.97,0.00,5
1789602787313499291,3107.5,0.0,3.00,0.00,7
1789602788343167685,3100.1,0.0,3.02,3.75,6
1789602789373489625,3116.2,0.2,3.00,0.75,9
1789602790403656147,3110.0,0.0,3.03,0.00,8
1789602791434020340,3102.4,0.0,2.99,0.00,7
1789602792464191946,2947.9,0.0,3.51,0.00,11
1789602793494060776,3178.2,0.0,2.60,15.50,60
1789602794523729876,3194.4,0.1,2.54,1.23,55
1789602795553777278,3171.7,0.0,2.61,0.00,1
1789602796583623507,3201.5,0.0,2.88,0.00,1
1789602797613382629,3186.2,0.0,2.93,0.00,5
1789602798643133890,3119.2,0.1,3.00,7.00,6
1789602799673445811,3123.8,0.4,2.83,1.07,6
1789602800703482429,3089.9,0.0,3.13,0.00,6
1789602801733966300,3117.8,0.0,3.06,0.00,6
1789602802762538783,3154.0,0.0,2.88,0.00,7
1789602803792592764,3020.8,0.1,3.27,1.00,11
1789602804822786912,3009.7,0.3,3.36,0.35,9
1789602805851873560,3154.0,0.0,2.71,0.00,14
1789602806882255600,3130.7,0.0,2.82,0.00,30
1789602807912091186,1464.0,0.0,1.46,0.00,0
1789602808938538274,0.0,0.0,0.00,8.50,0
1789602809964836675,0.0,0.1,0.00,14.00,0
1789602810991350177,0.0,0.0,0.00,0.00,0
1789602812018054324,0.0,0.0,0.00,0.00,0
1789602813044777326,0.0,0.0,0.00,0.00,112
1789602814072266092,3133.6,0.0,3.40,6.50,5
1789602815102063165,3057.9,0.1,3.25,1.36,7
1789602816132188888,3131.2,0.0,2.92,0.00,6
1789602817162542651,3090.7,0.0,3.13,0.00,7
1789602818192755538,3105.3,0.0,2.99,0.00,8
1789602819223178561,3100.0,0.0,3.03,6.50,8
1789602820253509479,3123.6,0.1,2.79,0.15,9
1789602821283512300,3039.1,0.0,3.16,0.00,8
1789602822314197912,3205.5,0.0,2.74,0.00,9
1789602823344631832,3084.8,0.0,2.92,0.00,8
1789602824374764159,3110.6,0.1,2.50,26.50,29
1789602825404911348,3193.6,0.3,2.80,1.23,0
1789602826434936024,3241.3,0.0,2.81,0.00,0
1789602827465131638,3177.6,0.0,2.91,0.00,1
1789602828494687982,3182.1,0.0,2.74,0.00,4
1789602829524836044,3082.0,0.1,3.13,7.50,6
1789602830554985159,3012.0,0.4,3.33,0.57,6
1789602831585396694,3118.5,0.0,2.97,0.00,6
1789602832615321503,2964.1,0.0,3.35,0.00,9
1789602833645479894,3101.5,0.0,2.95,0.00,7
1789602834675665460,3078.0,0.1,2.94,7.00,12
1789602835705401804,2925.0,0.3,2.02,0.06,0
1789602836732169041,0.0,0.0,0.00,0.00,0
1789602837758535056,0.0,0.0,14.00,0.00,0
1789602838784924843,0.0,0.0,0.00,0.00,0
1789602839811594432,0.0,0.1,0.00,8.00,0
1789602840838011778,0.0,0.4,0.00,1.67,0
1789602841865319364,1653.2,0.0,3.86,0.00,70
1789602842895440703,3197.0,0.0,2.79,0.00,0
1789602843925375341,3125.2,0.1,3.01,6.50,6
1789602844956341850,3056.4,0.0,3.11,0.00,6
1789602845985936750,3149.1,0.3,2.87,0.11,7
1789602847015703405,3099.1,0.0,3.11,0.00,7
1789602848046366600,3090.5,0.0,3.10,0.00,6
1789602849077405295,3132.1,0.1,2.77,1.50,9
1789602850108068571,3166.3,0.0,2.90,0.00,9
1789602851138876401,3155.0,0.4,2.80,3.65,8
1789602852169248129,3103.2,0.0,2.97,0.00,9
1789602853199290108,3051.2,0.0,3.21,0.00,11
1789602854227523440,3188.5,0.1,2.82,8.00,29
1789602855256952359,3226.6,0.0,2.61,0.00,43
1789602856284883078,3184.5,0.3,2.39,0.75,35
1789602857312802755,3144.4,0.0,3.02,0.00,1
1789602858341035364,3082.9,0.0,3.16,0.00,3
1789602859370665358,3153.0,0.1,2.81,7.00,7
1789602860401024077,2989.9,0.0,3.34,0.00,7
1789602861430471923,2963.8,0.3,3.50,5.07,8
1789602862460747280,3145.3,0.0,2.81,0.00,7
1789602863491324517,3106.7,0.0,2.87,0.00,7
1789602864520453544,1113.8,0.1,1.29,2.50,0
1789602865547293820,0.0,0.0,0.00,0.00,0
1789602866574009768,0.0,0.3,0.00,2.15,0
1789602867600574054,0.0,0.0,0.00,0.00,0
1789602868626779327,0.0,0.0,0.00,0.00,0
1789602869652892974,175.8,0.1,23.36,8.50,11
1789602870681022885,3126.5,0.0,2.40,0.00,36
1789602871711007533,3190.2,0.3,2.80,1.22,0
1789602872741770480,3137.6,0.0,3.09,0.00,6
1789602873772154998,3169.2,0.0,2.88,0.00,5
1789602874801795051,3144.2,0.1,2.84,2.50,7
1789602875830829354,3102.1,0.0,3.04,0.00,7
1789602876860029415,3050.0,0.3,3.03,4.19,6
1789602877890243748,3108.5,0.0,3.02,0.00,7
1789602878921012920,3136.9,0.1,2.88,6.50,7
1789602879951160150,3103.9,0.0,2.94,0.00,9
1789602880981219724,3159.1,0.0,2.89,0.00,9
1789602882011358395,3225.0,0.2,2.67,1.09,9
1789602883041336269,3048.5,0.0,3.31,0.00,10
1789602884072261526,3175.4,0.1,2.67,6.50,11
1789602885102883860,3196.1,0.0,2.54,0.00,71
1789602886132830454,3179.6,0.0,2.61,0.00,36
1789602887163249829,3163.4,0.4,2.87,1.15,2
1789602888193688856,3058.5,0.0,3.29,0.00,8
1789602889223700365,3069.6,0.1,3.02,23.00,6
1789602890253468265,3028.8,0.0,3.19,0.00,8
1789602891283182954,3102.7,0.0,3.04,0.00,9
1789602892313015934,2408.8,0.3,2.43,1.02,0
1789602893339189428,0.0,0.0,0.00,0.00,0
1789602894365802100,0.0,0.1,0.00,8.00,0
1789602895392121489,0.1,0.0,14.00,0.00,0
1789602896418543913,0.0,0.0,0.00,0.00,0
1789602897445004224,0.0,0.3,0.00,1.98,0
1789602898472233249,1968.2,0.0,4.92,0.00,10
1789602899502331945,3050.9,0.1,2.87,6.50,30
1789602900533429217,3174.3,0.0,2.66,0.00,61
1789602901564145047,3198.6,0.0,2.50,0.00,84
1789602902594001466,3232.0,0.4,2.69,0.97,0
1789602903624372937,3164.4,0.0,3.12,0.00,3
1789602904654795203,3060.5,0.1,3.22,6.50,6
1789602905685102018,3046.7,0.0,3.12,0.00,5
1789602906715996726,3163.8,0.0,2.86,0.00,7
1789602907746614231,2968.9,0.0,3.63,0.00,6
1789602908776555625,3178.3,0.3,2.65,0.56,9
1789602909807023409,3206.4,0.1,2.72,7.00,7
1789602910837873849,3231.9,0.0,2.70,0.00,8
1789602911868472106,3025.9,0.0,3.33,0.00,10
1789602912898870658,3113.6,0.0,2.86,0.00,11
1789602913929355278,3051.8,0.4,2.88,0.95,85
1789602914959827202,3168.0,0.0,2.52,0.00,85
1789602915990328581,3230.1,0.0,2.66,0.00,0
1789602917020891344,3149.7,0.0,3.11,0.00,4
1789602918051294452,2929.0,0.0,3.64,0.00,5
1789602919082143880,3228.8,0.4,2.51,1.64,7
1789602920112710352,3081.7,0.0,3.06,0.00,8
1789602921142044077,608.0,0.0,1.07,0.00,0
1789602922168718457,0.0,0.0,0.00,0.00,0
1789602923195409566,0.0,0.0,0.00,0.00,0
1789602924222080954,0.0,0.4,0.00,4.02,0
1789602925248821319,0.0,0.0,0.00,0.00,0
1789602926276109311,841.9,0.0,6.48,0.00,8
1789602927306609613,3013.2,0.0,3.23,0.00,9
1789602928337027497,3054.2,0.0,3.18,0.00,7
1789602929367009746,3108.2,0.3,2.96,3.12,9
1789602930397178547,3207.0,0.0,2.71,0.00,9
1789602931428260976,3124.1,0.0,2.69,0.00,83
1789602932458617185,3167.5,0.0,2.56,0.00,82
1789602933489128943,3093.8,0.0,3.12,0.00,6
1789602934519204848,3069.8,0.3,3.23,1.00,5
1789602935549419925,3113.5,0.0,3.05,0.00,7
1789602936579497113,3079.8,0.0,3.01,0.00,7
1789602937609939881,3208.1,0.0,2.81,0.00,8
1789602938641136769,3130.7,0.0,3.07,0.00,8
1789602939672037392,3122.6,0.2,3.07,1.50,8
1789602940702318838,3198.7,0.0,2.66,0.00,7
1789602941732870772,3049.1,0.0,3.41,0.00,9
1789602942762110738,3208.8,0.0,2.71,0.00,7
1789602943791416039,3109.2,0.0,2.93,0.00,11
1789602944818832827,3058.8,0.5,2.70,1.06,103
1789602945848306598,3169.5,0.0,2.55,0.00,0
1789602946878444937,3148.6,0.0,3.04,0.00,5
1789602947908866052,3194.9,0.0,2.68,0.00,6
1789602948938394756,3029.8,0.1,2.17,6.50,11
1789602949965298033,370.0,0.0,1.32,0.00,0
1789602950992370388,0.0,0.2,0.00,4.91,0
1789602952018966565,0.0,0.0,0.00,0.00,0
1789602953046261117,0.0,0.0,0.00,0.00,0
1789602954073327406,0.0,0.1,0.00,8.50,1
1789602955100925334,2163.0,0.0,3.93,0.00,8
1789602956131827081,3017.9,0.3,3.20,0.72,9
1789602957162613354,3058.0,0.0,3.06,0.00,72
1789602958193425258,3133.1,0.0,2.74,0.00,0
1789602959223437844,3190.1,0.0,2.94,7.00,2
1789602960254083653,3082.0,0.0,3.28,0.00,6
1789602961284838070,3157.5,0.1,2.82,0.33,6
1789602962315467224,3118.5,0.0,2.76,0.00,7
1789602963346080806,3128.0,0.0,3.06,0.00,7
1789602964376732247,3128.2,0.1,2.84,6.50,6
1789602965407262380,3218.6,0.0,2.67,0.00,7
1789602966437951089,3076.8,0.3,3.15,5.13,8
1789602967468588936,3269.7,0.0,2.68,0.00,9
1789602968498840808,3072.4,0.0,3.28,0.00,8
1789602969529494869,2954.8,0.1,3.48,1.50,10
1789602970559965582,3123.8,0.0,2.98,0.00,37
1789602971590521367,3185.6,0.4,2.64,4.17,87
1789602972621044287,3205.9,0.0,2.47,0.00,36
1789602973651215622,3143.3,0.0,3.07,0.00,2
1789602974681671802,3032.0,0.1,3.27,6.50,6
1789602975712274997,3062.4,0.0,3.09,0.00,7
1789602976741514768,3086.0,0.3,3.04,1.25,8
1789602977771331314,779.9,0.0,1.14,0.00,0
1789602978797774982,0.0,0.0,0.00,0.00,0
1789602979824697856,0.0,0.1,0.00,8.50,0
1789602980851398906,0.0,0.0,0.00,0.00,0
1789602981876983150,0.0,0.2,0.00,4.91,0
1789602982902996144,0.0,0.0,0.00,0.00,0
1789602983930143392,2440.4,0.1,4.28,6.50,8
1789602984960132893,3030.4,0.0,2.95,0.00,9
1789602985990332566,3086.6,0.0,2.83,0.00,8
1789602987020547361,2981.5,0.3,3.20,0.08,37
1789602988050606158,3175.2,0.0,2.26,0.00,94
1789602989081364722,3148.0,0.1,2.66,6.50,2
1789602990111774509,3129.0,0.0,2.84,0.00,6
1789602991142195157,3022.3,0.0,2.92,0.00,7
1789602992173110492,3135.7,0.2,2.75,1.36,6
1789602993203456618,3103.5,0.0,2.75,0.00,7
1789602994234257268,3057.1,0.1,2.93,6.00,7
1789602995265224508,3026.2,0.0,3.07,0.00,9
1789602996296222516,3145.7,0.0,2.76,0.00,8
1789602997326177714,2986.3,0.4,3.30,0.47,9
1789602998356378409,3037.1,0.0,2.33,0.00,92
1789602999386602182,3156.5,0.1,3.01,6.00,1
1789603000417103362,3056.2,0.0,2.97,0.00,6
1789603001447377563,3096.7,0.0,2.84,0.00,5
1789603002478524123,3045.4,0.0,2.91,0.00,8
1789603003508982475,2940.5,0.3,3.30,0.74,9
1789603004539466352,3044.8,0.1,2.89,31.50,9
1789603005569235257,2954.7,0.0,3.29,0.00,10
1789603006599452213,1436.1,0.0,1.38,0.00,0
1789603007626197516,0.0,0.0,0.00,0.00,0
1789603008652524103,0.0,0.4,0.00,1.78,0
1789603009678898428,0.0,0.1,0.00,8.50,0
1789603010705419714,0.0,0.0,0.00,0.00,0
1789603011732231151,67.7,0.0,27.23,0.00,55
1789603012759950036,3110.6,0.0,3.19,0.00,2
1789603013790375460,3129.8,0.3,2.99,0.60,6
1789603014820646957,3169.5,0.1,2.81,2.50,7
1789603015851448358,3076.6,0.0,3.24,0.00,7
1789603016882048610,3148.6,0.0,3.00,0.00,6
1789603017912604239,3019.2,0.0,3.41,0.00,7
1789603018943050921,3013.6,0.4,3.19,0.76,8
1789603019973372138,3071.6,0.0,3.02,0.00,9
1789603021003883944,3230.6,0.0,2.64,0.00,9
1789603022034412613,3070.4,0.0,3.06,0.00,10
1789603023064812614,3276.4,0.0,2.54,0.00,10
1789603024095196478,3112.8,0.4,2.76,0.29,49
1789603025126003671,3247.2,0.0,2.79,0.00,56
1789603026155825646,3144.5,0.0,2.42,0.00,78
1789603027185871403,3162.3,0.0,3.16,0.00,0
1789603028214842690,3229.2,0.0,2.77,0.00,3
1789603029242435426,2993.5,0.4,3.51,1.93,6
1789603030272728552,3093.6,0.0,3.08,0.00,6
1789603031303061187,3036.5,0.0,3.21,0.00,9
1789603032333483943,3091.5,0.0,2.93,0.00,8
1789603033363553271,3028.8,0.0,3.31,0.00,11
1789603034394123607,2731.5,0.4,2.04,0.33,0
1789603035420319423,0.0,0.0,0.00,0.00,0
1789603036447161605,0.0,0.0,0.00,0.00,0
1789603037474180482,0.0,0.0,0.00,0.00,0
1789603038501156422,0.0,0.0,0.00,0.00,0
1789603039527980287,0.0,0.5,0.00,3.37,0
1789603040554660945,249.7,0.0,17.95,0.00,10
1789603041583355202,3090.1,0.0,2.42,0.00,90
1789603042614202411,3128.3,0.0,2.81,0.00,0
1789603043644967022,3099.7,0.0,2.88,0.00,5
1789603044675124551,3092.1,0.3,2.82,1.27,5
1789603045704736143,3036.4,0.0,2.92,0.00,7
1789603046734399991,3030.8,0.0,3.01,0.00,6
1789603047764951795,3078.6,0.0,2.69,0.00,7
1789603048795553721,3006.5,0.0,3.09,0.00,8
1789603049826457625,3135.8,0.1,2.61,6.50,10
1789603050857516560,2990.2,0.1,2.62,1.19,85
1789603051887889625,3181.5,0.0,2.58,0.00,0
1789603052917608018,3113.4,0.0,3.03,0.00,5
1789603053948034712,3083.7,0.1,3.00,6.00,6
1789603054978494516,3024.3,0.0,3.00,0.00,6
1789603056009324588,3042.5,0.4,2.86,1.92,5
1789603057040185236,3069.5,0.0,2.88,0.00,9
1789603058071141091,2992.5,0.0,3.13,0.00,7
1789603059101843519,2943.8,0.1,3.02,7.00,43
1789603060132245171,3117.1,0.0,2.22,0.00,81
1789603061162343206,3123.1,0.3,3.01,1.09,4
1789603062193105818,3062.5,0.0,2.85,0.00,6
1789603063223999308,3027.8,0.0,2.86,0.00,8
1789603064254326330,509.6,0.1,1.07,8.50,0
1789603065281269920,0.0,0.0,0.00,0.00,0
1789603066307319727,0.0,0.4,0.00,1.58,0
1789603067333373818,0.0,0.0,14.00,0.00,0
1789603068359723561,0.0,0.0,0.00,0.00,0
1789603069386763479,907.1,0.1,4.79,8.50,8
1789603070417227300,3079.6,0.0,3.03,0.00,8
1789603071448284548,3044.4,0.3,3.25,1.15,7
1789603072479290981,3030.8,0.0,3.31,0.00,9
1789603073510403620,3140.7,0.0,2.94,0.00,9
1789603074541499663,3127.8,0.1,2.59,7.00,87
1789603075573243430,3188.2,0.0,2.52,0.00,52
1789603076604552144,3156.8,0.3,2.80,0.49,1
1789603077635363701,3194.7,0.0,2.88,0.00,6
1789603078665748394,3208.2,0.0,2.74,0.00,6
1789603079697122151,3133.7,0.1,2.87,7.00,7
1789603080728500486,3231.9,0.0,2.61,0.00,5
1789603081758807973,3061.1,0.3,3.19,0.05,7
1789603082790168480,3218.8,0.0,2.81,0.00,7
1789603083821623637,3083.8,0.0,3.02,0.00,7
1789603084853271072,2993.2,0.1,3.45,6.00,9
1789603085884021671,3039.0,0.0,3.22,0.00,9
1789603086914208459,3030.2,0.4,3.32,1.22,9
1789603087945214753,3089.2,0.0,2.82,0.00,62
1789603088976517704,3061.7,0.1,2.99,7.00,2
1789603090007180204,3040.5,0.0,3.31,0.00,7
1789603091036795572,3160.7,0.0,2.78,0.00,7
1789603092066907009,1981.0,0.3,2.63,0.93,0
1789603093094306932,0.0,0.0,0.00,0.00,0
1789603094121532348,0.0,0.1,0.00,8.50,0
1789603095147694467,0.0,0.0,0.00,0.00,0
1789603096174749578,0.0,0.0,0.00,0.00,0
1789603097201769164,0.0,0.3,0.40,2.19,0
1789603098229349901,2486.2,0.0,4.16,0.00,7
1789603099259740012,2982.0,0.2,3.36,2.10,7
1789603100290840621,3054.1,0.0,3.35,4.00,9
1789603101321114139,3132.0,0.0,2.92,0.00,8
1789603102351946092,3181.2,0.3,2.76,1.00,10
1789603103382968728,3178.9,0.0,2.69,0.00,38
1789603104414024816,3156.2,0.0,2.45,0.00,29
1789603105444900515,3122.2,0.1,2.99,6.50,1
1789603106475278167,3232.0,0.0,2.78,0.00,3
1789603107504895665,3037.6,0.2,3.27,0.35,6
1789603108533658161,3192.6,0.0,2.67,0.00,7
1789603109564138622,3063.8,0.0,3.21,0.00,5
1789603110594274523,3137.2,0.1,3.03,6.50,8
1789603111624665928,3139.3,0.0,2.92,0.00,8
1789603112653571975,3078.0,0.4,3.13,0.51,7
1789603113682577990,3121.7,0.0,2.99,0.00,7
1789603114712300202,3038.6,0.0,3.31,0.00,11
1789603115742744832,3108.2,0.1,3.02,23.50,11
1789603116773366923,3091.2,0.0,2.48,0.00,56
1789603117804475101,3153.1,0.2,3.02,1.14,1
1789603118835311803,3189.2,0.0,2.76,0.00,3
1789603119865802137,3054.2,0.0,3.14,0.00,6
1789603120895880459,312.3,0.1,0.87,1.50,0
1789603121922578659,0.0,0.0,0.00,0.00,0
1789603122949451648,0.0,0.3,0.00,1.83,0
1789603123976339959,0.0,0.0,0.00,0.00,0
1789603125003200569,0.0,0.0,0.00,0.00,0
1789603126030730587,1069.2,0.1,5.63,8.00,6
1789603127061436632,3118.8,0.0,2.91,0.00,8
1789603128092776833,3117.7,0.2,2.96,1.06,8
1789603129123930620,3114.2,0.0,2.94,0.00,9
1789603130154921450,3240.7,0.0,2.60,0.00,9
1789603131186398161,3108.7,0.1,2.97,6.50,7
1789603132218077038,3116.1,0.0,3.02,0.00,8
1789603133249310641,3077.8,0.0,2.92,0.00,10
1789603134280514605,3167.6,0.4,2.73,0.82,23
1789603135311489086,3165.0,0.0,2.57,0.00,102
1789603136342542025,3139.7,0.1,2.72,5.50,1
1789603137373632089,3211.6,0.0,2.76,0.00,1
1789603138404693056,3176.6,0.0,2.88,0.00,5
1789603139436067653,3158.4,0.4,2.92,0.07,6
1789603140467332613,3032.6,0.1,3.15,7.00,7
1789603141498183697,3078.5,0.0,3.27,0.00,6
1789603142529460771,3082.7,0.0,3.22,0.00,6
1789603143560952062,3090.0,0.0,3.11,0.00,8
1789603144591773012,3056.8,0.4,3.09,1.15,8
1789603145623120619,3127.6,0.1,2.81,6.00,9
1789603146655127037,3138.6,0.0,2.78,0.00,11
1789603147686449709,3113.7,0.0,2.78,0.00,38
1789603148717171045,1481.2,0.0,1.70,0.00,0
1789603149744331921,0.0,0.3,0.00,2.35,0
1789603150771336479,0.0,0.1,0.00,8.50,0
1789603151798746541,0.0,0.0,0.00,0.00,0
1789603152826070508,0.0,0.0,0.00,0.00,0
1789603153853421327,38.5,0.0,19.76,0.00,55
1789603154879540875,3088.7,0.3,3.44,0.52,6
1789603155910604454,3049.4,0.1,3.24,5.00,7
1789603156940943607,3159.1,0.0,2.88,0.00,5
1789603157971343975,3052.7,0.0,3.26,0.00,6
1789603159002022715,3128.6,0.0,2.94,0.00,7
1789603160032471356,3113.6,0.3,2.97,1.22,7
1789603161063400554,3120.0,0.1,2.80,7.00,8
1789603162094529606,3174.2,0.0,2.73,0.00,9
1789603163126027467,3239.7,0.0,2.63,0.00,7
1789603164157892075,3075.6,0.0,2.98,0.00,9
1789603165189597253,3135.7,0.4,2.96,5.07,11
1789603166220990162,3079.0,0.1,2.96,7.50,85
1789603167252361122,3162.2,0.0,2.71,0.00,75
1789603168283338707,3142.4,0.0,3.01,0.00,2
1789603169314492821,3087.2,0.0,3.10,0.00,7
1789603170346120126,3059.1,0.3,3.30,0.06,7
1789603171378550939,2917.0,0.1,3.77,7.00,6
1789603172409544361,3097.4,0.0,3.08,0.00,9
1789603173439623500,2921.2,0.0,3.60,0.00,9
1789603174470269907,3105.1,0.0,2.91,0.00,10
1789603175501820962,3132.0,0.2,2.69,1.30,43
1789603176533488599,3115.6,0.0,2.47,0.00,0
1789603177560960521,0.0,0.0,0.00,0.00,0
1789603178588710498,0.0,0.0,0.00,0.00,0
1789603179615540730,0.0,0.0,0.00,0.00,0
1789603180642394447,0.0,0.5,0.00,1.36,0
1789603181669024420,0.0,0.0,0.00,0.00,0
1789603182695756181,1578.7,0.0,3.63,0.00,0
1789603183725870914,3096.9,0.0,3.16,0.00,4
1789603184756340079,3110.3,0.0,3.02,0.00,7
1789603185787852481,3135.0,0.3,2.88,1.83,6
1789603186819523028,3230.0,0.0,2.68,0.00,5
1789603187851274202,3127.0,0.0,3.00,0.00,6
1789603188882033263,3104.9,0.0,3.03,0.00,8
1789603189912890591,3038.3,0.0,3.11,0.00,8
1789603190942784267,3132.9,0.4,2.87,0.96,9
1789603191972389783,3090.1,0.0,2.99,0.00,7
1789603193002468830,3195.7,0.0,2.64,0.00,8
1789603194032868052,3126.3,0.0,2.97,0.00,12
1789603195063110631,3238.1,0.0,2.74,0.00,10
1789603196094372087,3174.0,0.4,2.68,1.03,43
1789603197123874666,3120.1,0.0,2.43,0.00,90
1789603198154484616,3238.0,0.0,2.59,0.00,106
1789603199184608947,3127.8,0.0,3.21,0.00,6
1789603200214629447,3160.8,0.0,2.88,0.00,5
1789603201244570125,3045.6,0.4,3.20,3.77,5
1789603202273241014,3132.3,0.0,2.84,0.00,6
1789603203302529936,3159.6,0.0,2.81,0.00,8
1789603204331537016,2979.4,0.0,3.48,0.00,9
1789603205360523239,905.5,0.0,1.22,0.00,0
1789603206386754173,0.0,0.4,0.00,1.85,0
1789603207413430008,0.0,0.0,0.00,0.00,0
1789603208440573135,0.0,0.0,0.00,0.00,0
1789603209467146169,0.0,0.0,0.00,0.00,0
1789603210494165442,508.8,0.1,9.83,7.00,8
1789603211522729608,3119.1,0.3,2.93,4.38,8
1789603212553223754,3170.6,0.0,2.85,0.00,9
1789603213583331102,3181.0,0.0,2.80,0.00,9
1789603214613774219,3168.8,0.0,2.76,0.00,37
1789603215644158894,3143.3,0.1,2.53,6.50,48
1789603216674314774,3202.8,0.3,2.79,0.83,1
1789603217704903069,3053.6,0.0,3.21,0.00,4
1789603218734877327,3119.8,0.0,3.03,0.00,5
1789603219765386906,3216.6,0.0,2.70,0.00,7
1789603220796192508,3098.5,0.1,2.97,1.50,6
1789603221826210936,3164.0,0.0,2.81,0.00,7
1789603222856788086,3097.0,0.4,3.11,0.91,6
1789603223887110809,3065.9,0.0,3.34,0.00,8
1789603224917877094,3135.9,0.0,2.86,0.00,8
1789603225948121056,3148.9,0.1,2.87,7.00,9
1789603226978131694,3169.7,0.0,2.79,0.00,9
1789603228008234833,3178.8,0.3,2.79,0.60,11
1789603229038612310,3094.8,0.0,3.04,0.00,26
1789603230068863322,3104.4,0.0,2.38,0.00,80
1789603231099230119,3194.8,0.1,2.76,6.00,2
1789603232129582769,3103.4,0.0,3.14,0.00,5
1789603233159060757,3058.9,0.4,2.25,1.13,5
1789603234185979552,1307.3,0.0,1.18,0.00,0
1789603235212544294,0.0,0.0,0.00,0.00,0
1789603236239310814,0.0,0.1,0.00,8.50,0
1789603237266203913,0.0,0.0,0.00,0.00,0
1789603238293116924,0.0,0.3,0.00,2.04,0
1789603239321244085,1450.0,0.0,4.47,0.00,5
1789603240351663445,3004.4,0.0,3.27,0.00,7
1789603241381266661,3104.2,0.1,2.96,6.00,6
1789603242410526386,3083.7,0.0,3.08,0.00,7
1789603243440995600,3195.3,0.2,2.72,1.22,8
1789603244471355522,3060.0,0.0,3.13,0.00,9
1789603245501269004,2998.4,0.1,3.29,8.50,8
1789603246531416140,3047.4,0.0,2.91,0.00,11
1789603247561909333,3088.6,0.0,2.46,0.00,64
1789603248592075637,3199.6,0.2,2.84,0.77,1
1789603249622632881,3120.3,0.0,2.94,0.00,6
1789603250652741279,3113.8,0.1,2.92,7.00,6
1789603251682488341,3057.3,0.0,3.18,0.00,7
1789603252713194818,3119.8,0.0,2.99,0.00,7
1789603253743335321,3123.5,0.3,2.78,0.34,7
1789603254772717172,3072.7,0.0,3.15,0.00,7
1789603255801908686,3070.9,0.1,3.04,9.50,8
1789603256831684248,3092.5,0.0,3.00,0.00,9
1789603257861891506,3116.2,0.0,2.91,0.00,9
1789603258891653366,3064.1,0.1,2.44,1.12,39
1789603259922334754,3119.6,0.0,3.04,0.00,0
1789603260952516042,3076.7,0.1,2.93,5.50,7
1789603261982468874,1881.0,0.0,3.12,0.00,0
1789603263009512203,0.0,0.0,0.00,0.00,0
1789603264036706573,0.0,0.3,0.00,1.85,0
1789603265063140210,0.0,0.0,0.00,0.00,0
1789603266090157007,0.0,0.1,0.00,8.00,0
1789603267116938544,0.0,0.0,0.00,0.00,0
1789603268144572230,2580.4,0.0,4.00,0.00,7
1789603269174927666,3101.0,0.3,3.08,0.92,9
1789603270205830824,3124.8,0.0,3.07,0.00,8
1789603271235919095,3102.8,0.1,3.00,5.50,7
1789603272266484555,3173.2,0.0,2.89,0.00,8
1789603273297074224,3103.1,0.0,3.12,0.00,9
1789603274327427328,3169.5,0.2,2.78,1.14,9
1789603275358126693,3104.4,0.0,2.60,0.00,96
1789603276388943425,3217.0,0.1,2.59,8.00,26
1789603277419624362,3161.1,0.0,2.84,0.00,1
1789603278450114274,3173.6,0.0,3.07,0.00,6
1789603279480570436,3117.9,0.4,3.01,0.35,7
1789603280510668862,3150.7,0.1,2.97,6.50,7
1789603281541322501,3195.6,0.0,2.68,0.00,7
1789603282570986427,3033.0,0.0,3.32,0.00,7
1789603283601035205,3090.6,0.0,3.15,0.00,8
1789603284630902793,3017.9,0.2,3.34,0.71,9
1789603285660143619,3086.0,0.1,3.10,5.50,8
1789603286688159013,2978.8,0.0,3.36,0.00,9
1789603287717351873,3184.3,0.0,2.49,0.00,80
1789603288746684766,3156.6,0.0,2.52,0.00,89
1789603289776423562,3177.1,0.1,2.90,1.07,0
1789603290805957411,56.9,0.1,0.33,8.50,0
1789603291832561932,0.0,0.0,0.00,0.00,0
1789603292858260924,0.0,0.0,0.00,0.00,0
1789603293884314031,0.0,0.0,0.00,0.00,0
1789603294910830043,0.0,0.2,0.00,4.07,0
1789603295937718358,0.0,0.1,0.00,8.50,0
1789603296964918495,1314.8,0.0,4.54,0.00,7
1789603297994712881,2948.4,0.0,3.07,0.00,6
1789603299024301122,2890.0,0.0,3.26,0.00,9
1789603300054735982,2933.5,0.1,3.11,7.81,10
1789603301084613149,2962.2,0.0,2.43,2.50,76
1789603302113248052,3045.8,0.0,3.28,0.00,5
1789603303144101641,2938.1,0.0,3.08,0.00,7
1789603304174542672,2881.0,0.0,3.09,0.00,9
1789603305204925893,2880.5,0.1,3.13,11.00,7
1789603306234748640,2904.8,0.1,2.64,6.00,85
1789603307264850488,3074.9,0.0,2.91,0.00,5
1789603308295169547,2977.7,0.0,2.89,0.00,6
1789603309325392345,2885.7,0.0,3.34,0.00,7
1789603310356055644,2985.1,0.3,2.97,1.43,9
1789603311386884814,2910.4,0.1,3.22,6.50,10
1789603312416959426,2969.2,0.0,2.41,0.00,0
1789603313447144421,3097.6,0.0,2.85,0.00,5
1789603314477366309,2882.5,0.0,3.21,0.00,7
1789603315508308130,2887.4,0.2,3.16,1.95,7
1789603316538592367,2903.7,0.0,3.02,0.00,7
1789603317568492705,2906.1,0.0,2.45,0.00,42
1789603318597873346,3109.1,0.0,2.82,0.00,4
1789603319628440684,2863.9,0.0,3.22,0.00,5
1789603320658233838,2102.9,0.2,2.62,0.40,0
1789603321685368335,0.0,0.0,0.00,0.00,0
1789603322712478645,0.0,0.0,0.00,0.00,0
1789603323739450686,0.0,0.0,0.00,0.00,0
1789603324766238836,0.0,0.0,0.00,0.00,0
1789603325793529272,0.0,0.0,0.00,8.00,0
1789603326821304384,2056.0,0.1,4.20,14.00,10
1789603327850976162,3129.3,0.0,2.86,0.00,11
1789603328880702041,3115.8,0.0,3.10,0.00,22
1789603329910853237,3189.3,0.0,2.48,0.00,78
1789603330942265098,3176.9,0.1,2.49,21.00,44
1789603331973422087,3134.7,0.2,3.05,13.06,1
1789603333003374414,3131.8,0.0,2.93,0.00,4
1789603334033815935,3060.1,0.0,3.02,0.00,7
1789603335064216660,3231.8,0.0,2.63,0.00,7
1789603336094845478,3110.4,0.4,2.86,0.84,7
1789603337124576023,3124.7,0.0,2.90,0.00,6
1789603338154429476,3123.5,0.0,2.97,0.00,7
1789603339185013255,3204.4,0.0,2.84,0.00,8
1789603340215340019,3091.7,0.0,3.10,0.00,7
1789603341246236304,3072.0,0.4,2.98,1.24,9
1789603342277139441,3175.2,0.0,2.82,0.00,8
1789603343307715137,3026.3,0.0,3.28,0.00,26
1789603344338602634,3151.3,0.0,2.43,0.00,53
1789603345369304934,3168.6,0.0,2.78,0.00,2
1789603346399463741,3042.2,0.2,3.37,4.20,6
1789603347429924468,3218.9,0.0,2.58,0.00,7
1789603348460694350,3184.7,0.0,2.61,0.00,7
1789603349489740889,314.5,0.0,0.86,0.00,0
1789603350515560504,0.0,0.0,0.00,8.00,0
1789603351541024393,0.0,0.1,0.00,8.00,0
1789603352566764777,0.0,0.0,0.00,0.00,0
1789603353593223374,0.0,0.0,0.00,0.00,0
1789603354620021915,888.5,0.0,6.69,0.00,8
1789603355650217269,3027.5,0.1,3.36,25.00,7
1789603356681324213,3160.9,0.1,2.82,2.36,7
1789603357711503263,3021.6,0.0,3.37,0.00,9
1789603358742183249,3147.1,0.0,2.96,0.00,11
1789603359772714045,3136.1,0.0,2.74,0.00,40
1789603360803269771,3110.1,0.0,2.67,8.00,2
1789603361833420216,3141.4,0.1,2.84,0.38,6
1789603362863405754,3172.5,0.0,2.87,0.00,6
1789603363893831745,3205.9,0.0,2.74,0.00,6
1789603364924442752,3101.5,0.0,2.87,0.00,5
1789603365954036602,3150.8,0.1,2.79,6.50,6
1789603366984611767,3109.1,0.4,3.20,0.99,6
1789603368014976107,3161.1,0.0,2.95,0.00,8
1789603369045283855,3131.4,0.0,2.79,0.00,8
1789603370075584165,3127.3,0.0,3.05,0.00,9
1789603371106130794,3039.8,0.1,3.26,11.00,9
1789603372135647966,3162.1,0.1,2.78,1.00,8
1789603373165298214,3048.2,0.0,3.10,0.00,17
1789603374193750409,3095.0,0.0,2.46,0.00,96
1789603375220835720,3111.8,0.0,3.24,0.00,6
1789603376250659250,3035.5,0.1,3.12,9.50,6
1789603377280436670,1977.2,0.0,2.41,0.00,0
1789603378307686959,0.0,0.1,0.00,8.00,0
1789603379334614462,0.0,0.0,0.00,0.00,0
1789603380361570923,0.0,0.0,0.00,0.00,0
1789603381388642018,0.0,0.0,0.00,8.50,0
1789603382415953225,0.0,0.1,14.00,0.62,0
1789603383443942623,2463.6,0.0,3.71,0.00,8
1789603384474580064,2963.6,0.0,3.55,0.00,7
1789603385505306179,3078.7,0.1,3.05,9.00,7
1789603386535942662,3068.7,0.0,3.12,0.00,11
1789603387566863084,3165.5,0.1,2.59,12.00,78
1789603388597808601,3194.4,0.0,2.64,26.18,49
1789603389628331621,3188.7,0.0,2.53,0.00,0
1789603390656454839,3070.6,0.1,3.16,7.00,6
1789603391686797880,3154.8,0.0,2.95,0.00,6
1789603392717278795,3050.8,0.3,3.15,0.42,7
1789603393747842867,3143.9,0.0,2.85,0.00,6
1789603394777146377,3082.0,0.0,3.17,0.00,8
1789603395807259340,3237.9,0.1,2.68,6.00,8
1789603396837994246,3100.0,0.0,3.08,0.00,7
1789603397868726460,3070.2,0.3,2.97,1.18,9
1789603398899220814,3212.8,0.0,2.70,0.00,8
1789603399929773726,3094.4,0.0,3.05,0.00,11
1789603400960311258,3149.0,0.1,2.76,4.60,11
1789603401990822008,3127.6,0.0,2.66,0.00,56
1789603403020684739,3083.7,0.2,2.83,0.85,1
1789603404050752913,3113.3,0.0,2.96,0.00,7
1789603405081186165,3099.3,0.0,2.96,0.00,8
1789603406110537477,327.1,0.0,1.03,1.50,0
1789603407137193080,0.0,0.0,0.00,0.00,0
1789603408163685308,0.0,0.1,0.00,8.62,0
1789603409190107904,0.0,0.0,0.00,0.00,0
1789603410216791563,0.0,0.0,0.00,0.00,0
1789603411244215692,894.7,0.1,6.43,8.50,7
1789603412274206160,3062.9,0.0,3.12,0.00,9
1789603413304889445,3122.9,0.0,3.00,0.00,7
1789603414335264397,3029.2,0.1,3.29,0.60,9
1789603415365745278,3105.9,0.0,2.96,22.50,11
1789603416396448441,3177.5,0.0,2.68,0.00,40
1789603417426633539,3177.7,0.0,2.55,0.00,110
1789603418457361055,3158.8,0.0,2.51,5.00,1
1789603419487858571,3070.3,0.3,3.41,10.43,4
1789603420518657532,3207.1,0.0,2.76,0.00,7
1789603421549111528,3075.8,0.0,3.08,0.00,5
1789603422579496337,3215.9,0.0,2.67,0.00,7
1789603423610411186,3165.5,0.1,2.80,6.50,6
1789603424640784868,3106.8,0.3,3.18,1.33,6
1789603425671040114,3176.0,0.0,2.70,0.00,8
1789603426701609205,3106.4,0.0,3.05,0.00,9
1789603427732470529,3104.9,0.0,3.08,0.00,7
1789603428763377932,3145.5,0.1,2.76,7.00,9
1789603429794023881,2974.2,0.1,3.47,1.00,12
1789603430824333032,3089.8,0.0,2.54,0.00,35
1789603431854828920,3159.8,0.0,2.77,0.00,2
1789603432884962269,3119.1,0.0,3.03,0.00,4
1789603433914979197,1783.8,0.1,2.27,6.00,0
1789603434942369476,0.0,0.2,0.00,4.91,0
1789603435969443857,0.0,0.0,0.00,0.00,0
1789603436996465187,0.0,0.0,0.00,0.00,0
1789603438023110510,0.0,0.0,0.00,0.00,0
1789603439049638760,0.0,0.1,0.00,8.50,0
1789603440076844096,2585.0,0.1,4.00,0.68,7
1789603441107764829,3012.8,0.0,3.41,0.00,9
1789603442137518479,3201.1,0.0,2.76,0.00,7
1789603443169126341,3069.9,0.0,3.14,0.00,8
1789603444199879324,3133.3,0.0,2.94,7.50,8
1789603445230522804,3076.7,0.1,3.10,9.92,9
1789603446261421246,3188.1,0.0,2.60,0.00,32
1789603447292363406,3096.1,0.0,2.47,0.00,0
1789603448322619366,3237.1,0.0,2.75,0.00,2
1789603449353120370,3128.1,0.1,2.97,6.50,6
1789603450384161450,3055.0,0.3,3.27,4.63,7
1789603451415241694,3055.0,0.0,3.26,0.00,7
1789603452446370492,3205.5,0.0,2.82,0.00,6
1789603453477370502,3117.0,0.1,2.97,6.00,6
1789603454507377474,3036.3,0.0,3.24,0.00,9
1789603455537443343,3005.7,0.3,3.48,6.40,9
1789603456568309370,2996.9,0.0,3.55,0.00,10
1789603457599263701,3162.5,0.0,2.58,0.00,40
1789603458629916366,3108.9,0.1,2.54,7.50,0
1789603459660591271,3186.3,0.0,2.90,0.00,1
1789603460691065043,3155.0,0.3,2.78,1.13,5
1789603461721000213,3098.6,0.0,2.97,0.00,7
1789603462749217303,313.2,0.0,0.87,0.00,0
1789603463773821768,0.0,0.1,0.00,8.50,0
1789603464799041206,0.0,0.0,0.00,0.00,0
1789603465825924051,0.0,0.1,13.00,6.59,0
1789603466852861969,0.0,0.0,0.00,0.00,0
1789603467880236045,1000.3,0.0,5.50,0.00,7
1789603468910527922,3117.5,0.1,2.91,5.50,7
1789603469940946652,3039.9,0.0,3.28,0.00,9
1789603470971162764,2994.1,0.1,3.34,0.50,8
1789603472002175443,3069.8,0.0,3.21,0.00,9
1789603473032941108,3151.7,0.0,2.81,0.00,56
1789603474062954685,3127.1,0.0,2.53,6.50,105
1789603475093601350,3104.2,0.0,3.19,0.00,5
1789603476124494172,3143.5,0.3,3.03,0.88,5
1789603477154865800,3150.0,0.0,2.87,0.00,7
1789603478185310221,3022.6,0.0,3.26,0.00,5
1789603479216149928,3193.4,0.1,2.73,7.50,7
1789603480246567507,3175.5,0.0,2.91,0.00,5
1789603481276974791,3140.4,0.3,3.00,1.02,9
1789603482307514353,3125.6,0.0,2.88,0.00,9
1789603483337822993,3115.1,0.0,2.93,0.00,8
1789603484368446821,3101.7,0.1,3.03,6.00,7
1789603485399066859,3090.4,0.0,3.04,0.00,10
1789603486430052535,3108.4,0.1,2.77,0.16,71
1789603487460712946,3131.6,0.0,2.51,0.00,0
1789603488491361366,3196.9,0.1,2.75,7.50,2
1789603489521700175,3094.5,0.0,3.05,0.00,3
1789603490551411195,1835.9,0.0,2.44,0.00,0
1789603491578580387,0.0,0.3,0.00,2.09,0
1789603492605181992,0.0,0.0,0.00,0.00,0
1789603493631936495,0.0,0.1,0.00,8.50,0
1789603494658663931,0.0,0.0,0.00,0.00,0
1789603495685749356,0.1,0.0,7.25,0.00,0
1789603496713325095,2620.1,0.3,3.82,0.76,7
1789603497743879050,3131.5,0.0,2.99,0.00,8
1789603498774430372,3037.8,0.1,3.25,6.00,9
1789603499805430054,3115.0,0.0,2.98,0.00,8
1789603500836475034,3191.4,0.0,2.73,0.00,9
1789603501867163140,3049.0,0.3,3.28,0.08,10
1789603502897743509,3177.5,0.0,2.74,0.00,9
1789603503928468080,3140.6,0.1,2.44,7.50,86
1789603504959218186,3170.6,0.0,2.53,0.00,82
1789603505989972576,3173.7,0.0,3.11,0.00,1
1789603507020746442,3131.0,0.4,2.95,1.00,5
1789603508051443000,3128.3,0.0,3.02,0.00,5
1789603509082158861,3146.3,0.1,2.96,7.00,7
1789603510113262615,3070.2,0.0,3.15,0.00,6
1789603511143870269,3186.5,0.0,2.71,0.00,6
1789603512174670031,3115.8,0.2,3.00,3.85,8
1789603513206014248,3003.4,0.0,3.46,0.00,7
1789603514237161789,3095.9,0.1,2.94,7.00,9
1789603515268619454,3028.7,0.0,3.16,0.00,11
1789603516299512335,3080.2,0.0,2.74,0.00,101
1789603517330814918,3163.5,0.1,2.54,0.07,0
1789603518362375933,3185.9,0.0,2.88,0.00,0
1789603519392417834,3160.3,0.1,1.44,7.00,13
1789603520419566208,353.4,0.0,1.43,0.00,0
1789603521446749225,0.0,0.0,0.00,0.00,0
1789603522473837144,0.0,0.1,0.00,7.53,0
1789603523500706472,0.0,0.1,0.00,8.50,0
1789603524527951938,177.1,0.0,23.11,0.00,16
1789603525556675495,3127.3,0.0,2.44,0.00,28
1789603526587899951,3162.9,0.0,2.91,0.00,2
1789603527618880041,3106.0,0.4,3.07,0.83,6
1789603528649473751,3033.7,0.1,3.42,6.50,6
1789603529680496368,3140.8,0.0,2.93,0.00,6
1789603530711469466,3082.4,0.0,3.16,0.00,6
1789603531742620647,3148.6,0.0,2.75,0.00,7
1789603532773442746,3061.0,0.3,3.16,1.09,8
1789603533804949699,3226.9,0.1,2.65,6.00,7
1789603534836274661,3060.5,0.0,3.10,0.00,8
1789603535866779647,3169.9,0.0,2.91,0.00,7
1789603536897367718,3110.4,0.0,3.16,0.00,10
1789603537927656866,3172.2,0.3,2.91,0.09,11
1789603538958311322,3119.8,0.1,2.38,17.00,32
1789603539988689360,3179.2,0.0,2.78,0.00,2
1789603541019093513,3202.0,0.0,2.84,0.00,1
1789603542049849566,3140.0,0.0,3.02,0.00,4
1789603543080509509,3055.3,0.2,3.18,1.17,6
1789603544111552625,2955.5,0.1,3.29,7.00,8
1789603545142084437,3088.0,0.0,2.98,0.00,10
1789603546173288033,3119.0,0.0,2.95,0.00,7
1789603547203445136,2576.0,0.0,1.99,0.00,0
1789603548230301420,0.0,0.1,0.00,9.39,0
1789603549256904416,0.0,0.1,0.00,8.50,0
1789603550284002486,0.0,0.0,0.00,0.00,0
1789603551310448169,0.0,0.0,0.00,0.00,0
1789603552336891270,0.0,0.0,0.00,0.00,0
1789603553364028491,2194.1,0.0,4.21,0.00,9
1789603554394270107,3055.1,0.2,3.02,1.46,9
1789603555425207565,3150.2,0.0,2.98,0.00,11
1789603556455405676,3137.5,0.0,2.87,0.00,34
1789603557485976107,3201.7,0.0,2.52,0.00,75
1789603558515878223,3152.1,0.0,2.61,5.50,85
1789603559546942491,3195.9,0.2,2.93,15.30,0
1789603560577728629,3035.1,0.0,3.24,0.00,6
1789603561608446171,3089.0,0.0,3.26,0.00,5
1789603562639400530,3121.4,0.0,2.98,0.00,6
1789603563670460773,3112.7,0.3,2.87,1.38,15
1789603564701497186,3090.9,0.1,3.08,0.82,9
1789603565732533325,3254.5,0.0,2.67,0.00,9
1789603566763511078,3079.4,0.0,3.16,0.00,9
1789603567794472518,3092.0,0.0,2.93,0.00,8
1789603568826094957,3177.3,0.2,2.78,1.70,9
1789603569857170690,3100.9,0.0,3.11,0.00,11
1789603570888119094,3133.6,0.0,2.80,0.00,32
1789603571919278435,3182.2,0.0,2.48,0.00,96
1789603572950445023,3113.5,0.0,2.92,0.00,2
1789603573981558844,3125.8,0.2,2.91,1.83,6
1789603575012729609,3073.9,0.0,3.05,0.00,6
1789603576042531331,336.7,0.0,0.88,0.00,0
1789603577069299002,0.0,0.0,0.00,0.00,0
1789603578096080323,0.0,0.0,0.00,0.00,0
1789603579122971087,0.0,0.2,0.00,13.52,0
1789603580150098222,0.0,0.0,0.00,0.00,0
1789603581176851090,0.0,0.0,0.00,0.00,0
1789603582204672831,2113.8,0.0,4.90,0.00,7
1789603583235717605,2983.7,0.0,3.06,0.00,11
1789603584266891122,3084.2,0.2,2.32,1.25,37
1789603585298419350,3173.5,0.0,2.57,0.00,1
1789603586329937413,3042.7,0.0,3.09,0.00,5
1789603587360793398,3067.7,0.0,2.79,0.00,5
1789603588391068384,2983.3,0.0,3.03,0.00,6
1789603589422279454,2948.9,0.1,2.97,6.00,9
1789603590453591601,3001.1,0.3,3.16,0.80,8
1789603591484857458,3017.7,0.0,2.99,0.00,11
1789603592517159653,3051.1,0.0,2.26,0.00,0
1789603593547105831,3166.6,0.1,2.79,5.00,3
1789603594578133694,3105.9,0.0,2.78,0.00,6
1789603595608470190,3079.6,0.1,2.86,1.31,7
1789603596639770675,3029.8,0.0,2.80,0.00,7
1789603597671177200,3077.4,0.0,2.80,0.00,9
1789603598703071205,2947.2,0.1,3.18,2.50,7
1789603599735225891,2929.0,0.0,3.22,0.00,9
1789603600766514933,3100.1,0.1,2.33,0.90,92
1789603601797510742,3136.7,0.0,2.62,0.00,2
1789603602828043954,3064.6,0.0,2.85,0.00,4
1789603603858535257,2998.8,0.1,2.88,2.00,9
1789603604887914257,2092.8,0.0,2.23,0.00,0
1789603605914678432,0.0,0.1,0.00,8.07,0
1789603606941863160,0.0,0.0,0.00,0.00,0
1789603607969003660,0.0,0.0,0.00,0.00,0
1789603608995770730,0.0,0.1,0.00,10.00,0
1789603610022314126,0.0,0.0,0.00,0.00,0
1789603611049406454,2307.9,0.3,4.33,0.86,9
1789603612079243606,3127.7,0.0,2.93,0.00,8
1789603613108985362,3143.2,0.0,2.95,0.00,7
1789603614138951875,3119.5,0.1,2.98,3.50,11
1789603615169369502,3114.2,0.0,2.95,0.00,10
1789603616199604925,3197.6,0.3,2.55,0.87,52
1789603617230153514,3160.8,0.0,2.58,0.00,43
1789603618260651507,3131.1,0.0,2.94,0.00,0
1789603619290742251,3168.8,0.1,2.88,6.50,6
1789603620320925427,3134.6,0.0,2.88,0.00,7
1789603621351036466,3146.8,0.3,2.95,0.88,6
1789603622380376911,3187.6,0.0,2.80,0.00,7
1789603623409246343,3124.5,0.0,3.17,0.00,7
1789603624439196264,3148.5,0.1,2.82,3.50,7
1789603625469526557,3132.2,0.0,2.84,0.00,8
1789603626499367017,3084.5,0.2,3.12,1.08,9
1789603627529786543,3030.6,0.0,3.34,0.00,7
1789603628559735024,3039.7,0.1,3.23,30.50,11
1789603629590259352,3055.6,0.0,2.55,0.00,41
1789603630620510013,3026.9,0.0,3.65,0.00,6
1789603631650624170,3099.2,0.1,3.01,1.22,6
1789603632680851531,3148.4,0.0,2.75,0.00,6
1789603633710569110,429.0,0.1,1.01,8.50,0
1789603634737723246,0.0,0.0,0.00,0.00,0
1789603635764498213,0.0,0.0,0.00,0.00,0
1789603636790814968,0.0,0.1,0.00,7.47,0
1789603637817103485,0.0,0.0,0.00,0.00,0
1789603638844273076,1040.8,0.1,4.19,10.00,7
1789603639872167612,3107.9,0.0,3.02,0.00,8
1789603640900992846,3149.0,0.0,2.87,0.00,8
1789603641930545302,3132.6,0.1,2.91,11.69,9
1789603642960868322,3186.8,0.0,2.83,0.00,8
1789603643991201767,3118.3,0.1,2.96,6.50,8
1789603645021332828,3091.1,0.0,3.06,0.00,10
1789603646051820884,3079.3,0.0,2.73,0.00,38
1789603647082654405,3213.5,0.0,2.57,0.00,82
1789603648113232199,3136.9,0.3,2.57,1.52,0
1789603649143694799,3092.9,0.1,3.30,6.50,6
1789603650174108730,3154.6,0.0,2.96,0.00,7
1789603651204431589,3124.9,0.0,3.06,0.00,7
1789603652234761222,3143.6,0.0,3.02,0.00,7
1789603653264716789,3165.2,0.1,2.72,0.65,7
1789603654295066023,3127.8,0.1,3.01,3.50,6
1789603655325790868,3071.0,0.0,3.15,0.00,7
1789603656356122317,3098.1,0.0,3.00,0.00,7
1789603657386784670,3018.0,0.3,3.27,1.02,9
1789603658416741381,3024.6,0.0,3.11,0.00,32
1789603659446895295,3151.1,0.1,2.51,7.00,33
1789603660477359037,3088.7,0.0,3.33,0.00,6
1789603661506844081,1737.6,0.0,2.32,0.00,0
1789603662533763191,0.0,0.2,0.00,5.38,0
1789603663560481748,0.0,0.1,0.00,8.50,0
1789603664587038451,0.0,0.0,0.00,0.00,0
1789603665613542559,0.0,0.0,0.00,0.00,0
1789603666640136204,0.0,0.0,0.00,0.00,0
1789603667667466311,2849.8,0.1,3.68,0.47,7
1789603668698007707,2952.0,0.1,3.63,13.50,6
1789603669728129760,3113.4,0.0,2.95,0.00,8
1789603670758615549,3165.3,0.0,2.90,0.00,9
1789603671788715028,3098.4,0.0,3.00,0.00,9
1789603672819165097,3158.5,0.3,2.85,2.08,9
1789603673849307797,3135.3,0.1,2.79,7.00,11
1789603674880133371,3018.0,0.0,2.94,0.00,73
1789603675910423039,3209.5,0.0,2.61,0.00,105
1789603676941319825,3139.3,0.0,2.77,0.00,2
1789603677970709365,3136.6,0.3,3.18,0.96,5
1789603679000627718,3107.7,0.1,3.03,5.50,6
1789603680030826782,3271.0,0.0,2.62,0.00,7
1789603681061200168,3170.0,0.0,2.81,0.00,7
1789603682091371636,3091.0,0.0,3.11,0.00,7
1789603683121768015,3129.8,0.1,2.95,1.14,5
1789603684152068716,3106.3,0.1,2.99,7.00,8
1789603685182714702,3142.5,0.0,2.94,0.00,9
1789603686213045578,3039.0,0.0,3.18,0.00,9
1789603687243621469,3188.2,0.0,2.65,0.00,9
1789603688274096454,3040.2,0.0,3.10,0.00,12
1789603689304105152,2985.5,0.2,2.10,1.52,0
1789603690330779029,0.0,0.0,0.00,0.00,0
1789603691357192935,0.0,0.0,0.00,0.00,0
1789603692383261549,0.0,0.0,0.00,0.00,0
1789603693408944427,0.0,0.0,0.00,0.00,0
1789603694434953740,0.0,0.2,0.00,7.80,0
1789603695462041006,1602.0,0.0,4.15,0.00,2
1789603696491444359,3181.4,0.0,2.83,0.00,5
1789603697521594359,3125.9,0.0,2.99,0.00,5
1789603698551693916,3022.6,0.1,3.34,6.00,6
1789603699581486423,2946.1,0.3,3.71,0.85,7
1789603700611334021,3127.7,0.0,3.00,0.00,7
1789603701641255337,3143.5,0.0,2.93,0.00,8
1789603702671598637,2936.1,0.0,3.49,0.00,11
1789603703702110783,3197.8,0.1,2.76,6.50,9
1789603704732422942,3120.1,0.3,2.82,1.10,32
1789603705763429239,3130.0,0.0,2.45,0.00,60
1789603706793870994,3216.7,0.0,2.66,0.00,6
1789603707824217111,3250.0,0.0,2.71,0.00,0
1789603708854292507,3210.8,0.1,2.91,6.50,2
1789603709884070155,3135.6,0.3,2.92,0.33,6
1789603710914136420,3128.4,0.0,3.01,0.00,5
1789603711944429880,3122.4,0.0,2.93,0.00,5
1789603712974022398,3193.1,0.0,2.71,0.00,6
1789603714003902852,3021.0,0.1,3.20,6.00,6
1789603715034053566,3017.9,0.1,3.28,1.35,10
1789603716064489553,3167.2,0.0,2.70,0.00,8
1789603717094809671,3061.8,0.0,3.08,0.00,10
1789603718124268397,1197.1,0.0,1.32,0.00,0
1789603719151053817,0.0,0.1,0.00,4.75,0
1789603720177667249,0.0,0.1,0.00,8.00,0
1789603721204516563,0.0,0.0,0.00,0.00,0
1789603722231110696,0.0,0.0,0.00,0.00,0
1789603723253984559,154.4,0.0,25.04,0.00,29
1789603724281732811,3129.7,0.1,2.48,6.50,66
1789603725311368174,3141.9,0.1,3.19,1.47,1
1789603726341160781,3185.7,0.0,2.91,0.00,4
1789603727370770704,3095.0,0.1,3.10,4.67,6
1789603728400348558,3107.4,0.0,2.99,0.00,5
1789603729429872081,3155.3,0.0,2.86,0.00,7
1789603730459054744,3152.5,0.3,2.66,0.85,8
1789603731488868704,3096.7,0.0,3.12,0.00,9
1789603732518967870,3166.5,0.1,2.89,7.50,8
1789603733549430221,3017.9,0.0,3.32,0.00,6
1789603734579825953,3134.4,0.0,2.96,0.00,7
1789603735609828522,3098.1,0.3,3.09,0.61,11
1789603736640150190,3218.7,0.0,2.76,0.00,11
1789603737670450109,3152.8,0.1,2.50,6.00,71
1789603738701020103,3186.3,0.0,2.55,0.00,32
1789603739730548627,3169.6,0.0,2.87,0.00,0
1789603740759003920,3063.3,0.2,3.34,1.14,4
1789603741788662041,3074.2,0.0,3.15,0.00,7
1789603742818419004,3045.9,0.1,3.05,2.50,6
1789603743848103085,3115.4,0.0,2.95,0.00,6
1789603744878080168,3054.0,0.0,3.15,0.00,8
1789603745907303691,2564.7,0.1,2.38,0.12,0
1789603746933490747,0.0,0.1,0.00,8.50,0
1789603747960325105,0.0,0.0,0.00,0.00,0
1789603748987009760,0.0,0.0,0.00,0.00,0
1789603750012886757,0.0,0.0,0.00,0.00,0
1789603751039063560,0.0,0.1,0.00,7.00,0
1789603752066246110,1948.4,0.1,4.51,6.00,11
1789603753096791717,3153.4,0.0,2.84,0.00,9
1789603754126837601,3148.9,0.0,2.73,0.00,62
1789603755157235451,3167.3,0.0,2.55,0.00,47
1789603756187615267,3202.7,0.3,2.74,1.22,0
1789603757218344479,3159.1,0.1,3.07,6.50,2
1789603758249436810,3071.8,0.0,3.18,0.00,6
1789603759280892810,3045.8,0.0,3.03,0.00,6
1789603760311330489,3235.0,0.0,2.74,0.00,5
1789603761340849459,3089.6,0.3,3.09,0.56,8
1789603762371008514,3091.2,0.1,3.06,6.50,8
1789603763401870969,3188.9,0.0,2.78,0.00,9
1789603764433058906,3131.2,0.0,3.08,0.00,9
1789603765463365795,3085.7,0.0,3.23,0.00,8
1789603766493192279,3071.9,0.1,2.98,9.89,10
1789603767523391403,3131.3,0.1,2.94,2.50,11
1789603768554265209,3109.3,0.0,2.46,0.00,45
1789603769584510436,3203.9,0.0,2.68,0.00,0
1789603770614898988,3109.9,0.0,3.20,0.00,5
1789603771645184755,2984.8,0.1,3.40,0.94,7
1789603772675311033,3091.0,0.1,3.02,7.00,7
1789603773705915981,3173.5,0.0,2.76,0.00,7
1789603774735538011,640.7,0.0,1.13,0.00,0
1789603775762391855,0.0,0.0,0.00,0.00,0
1789603776789232886,0.0,0.2,0.00,7.96,0
1789603777816214139,0.0,0.1,0.00,2.50,0
1789603778842828158,0.0,0.0,0.00,0.00,0
1789603779870276981,712.3,0.0,7.23,0.00,7
1789603780900460314,2999.2,0.0,3.29,0.00,7
1789603781930378024,3077.6,0.0,3.13,7.50,10
1789603782960813245,3092.2,0.2,2.84,1.65,50
1789603783991616349,3196.1,0.0,2.69,0.00,105
1789603785021953478,3173.8,0.0,2.62,0.00,95
1789603786051860214,3126.5,0.0,3.35,0.00,4
1789603787082776153,3038.8,0.1,2.99,6.50,6
1789603788113171515,3165.6,0.4,2.86,0.62,7
1789603789143431417,3106.9,0.0,3.01,0.00,7
1789603790174258773,3030.8,0.0,3.21,0.00,8
1789603791205029758,3183.2,0.0,2.85,0.00,7
1789603792235540285,3214.5,0.1,2.76,6.50,7
1789603793266339904,3187.8,0.3,2.90,0.78,9
1789603794297274209,3154.0,0.0,2.79,0.00,7
1789603795328476992,3150.7,0.0,2.86,0.00,9
1789603796359288988,3126.5,0.0,2.99,0.00,9
1789603797389985995,3050.4,0.1,3.12,7.00,9
1789603798420995926,3104.2,0.1,2.51,12.73,47
1789603799451316347,3152.2,0.0,2.98,0.00,0
1789603800481418067,3041.1,0.0,3.26,0.00,7
1789603801512680383,3209.0,0.0,2.65,0.00,8
1789603802542325096,3103.2,0.1,1.75,7.50,7
1789603803569376684,1350.7,0.4,1.78,1.72,0
1789603804596438669,0.0,0.0,0.00,0.00,0
1789603805623034887,0.0,0.0,0.00,0.00,0
1789603806650034400,0.0,0.0,0.00,0.00,0
1789603807676475829,0.0,0.1,0.00,9.50,0
1789603808703116797,34.1,0.2,17.41,4.52,58
1789603809729033496,3083.2,0.0,3.31,0.00,4
1789603810757356830,3034.0,0.0,2.97,0.00,7
1789603811787099141,3080.0,0.0,2.81,0.00,7
1789603812817617335,3024.5,0.1,2.98,6.50,5
1789603813848452061,3050.2,0.3,2.89,0.87,7
1789603814878655708,2941.0,0.0,3.19,0.00,8
1789603815908659268,3010.3,0.0,2.67,0.00,59
1789603816938592655,3051.9,0.1,2.81,6.00,0
1789603817968333883,3120.9,0.0,2.76,0.00,4
1789603818998640053,3028.4,0.1,2.88,0.62,8
1789603820028971164,3023.4,0.0,2.94,0.00,8
1789603821059134307,3066.6,0.0,2.83,0.00,9
1789603822090117873,3024.4,0.1,3.14,32.00,9
1789603823120606218,3088.9,0.0,2.87,0.00,8
1789603824151164742,3004.4,0.1,2.91,0.46,33
1789603825181910802,3136.6,0.0,2.18,0.00,36
1789603826212738947,3156.1,0.0,2.67,0.00,2
1789603827243177785,3090.4,0.1,2.82,6.50,6
1789603828273368461,2914.5,0.0,3.35,0.00,6
1789603829303834316,2854.9,0.1,3.49,4.75,8
1789603830334932042,3036.3,0.0,2.79,0.00,9
1789603831365857688,3059.4,0.0,2.70,0.00,12
1789603832395837831,1331.3,0.1,1.34,1.50,0
1789603833422481924,0.0,0.0,0.00,0.00,0
1789603834449737820,0.0,0.0,0.00,0.00,0
1789603835476770400,0.0,0.2,0.00,4.91,0
1789603836503728436,0.0,0.0,0.00,0.00,0
1789603837530367823,67.7,0.1,27.96,8.50,54
1789603838557997826,3144.6,0.0,2.94,0.00,1
1789603839588650508,3028.9,0.0,3.39,0.00,6
1789603840619358149,3177.1,0.3,2.86,0.39,7
1789603841650033487,3211.6,0.0,2.79,0.00,6
1789603842680741889,3083.4,0.1,3.12,6.50,6
1789603843711281320,3108.0,0.0,3.05,0.00,8
1789603844741686819,3035.2,0.0,3.16,0.00,9
1789603845772186267,3150.2,0.3,2.81,0.80,7
1789603846802826761,3054.1,0.0,3.28,0.00,7
1789603847833557270,3020.8,0.1,3.15,7.00,10
1789603848864071501,3181.5,0.0,2.80,0.00,20
1789603849894107982,3199.7,0.1,2.64,16.75,89
1789603850924776490,3157.2,0.1,2.70,10.40,99
1789603851955205663,3164.3,0.1,3.01,6.50,0
1789603852986033844,3013.4,0.0,3.44,0.00,6
1789603854016437024,3169.1,0.0,2.82,0.00,7
1789603855047047689,2997.4,0.2,3.40,1.10,8
1789603856077820891,3084.6,0.0,3.05,0.00,8
1789603857108204967,3058.7,0.1,3.11,20.50,8
1789603858138890279,3085.8,0.0,2.99,0.00,29
1789603859169987492,3117.1,0.0,2.84,0.00,12
1789603860200852603,2917.4,0.1,2.12,0.07,0
1789603861228268350,0.0,0.0,0.00,0.00,0
1789603862255422366,0.0,0.1,0.00,8.50,0
1789603863282349120,0.0,0.0,0.00,0.00,0
1789603864308969997,0.0,0.0,0.00,0.00,0
1789603865335709659,0.0,0.1,0.00,6.22,0
1789603866362731122,0.0,0.0,0.00,0.00,0
1789603867390509716,1272.0,0.1,4.02,8.50,7
1789603868421355442,2896.6,0.0,3.17,0.00,8
1789603869451670376,2875.5,0.0,3.24,0.00,7
1789603870482253049,2848.4,0.3,3.08,0.09,41
1789603871513319634,3081.2,0.0,2.55,0.00,0
1789603872543628861,2817.6,0.1,3.50,6.00,6
1789603873574451485,2822.7,0.0,3.43,0.00,9
1789603874605328809,2870.9,0.0,3.11,0.00,9
1789603875635844612,2896.3,0.3,2.30,0.63,88
1789603876666477392,3199.4,0.0,2.58,0.00,1
1789603877697555946,2843.7,0.1,3.34,6.50,6
1789603878727928631,2880.6,0.0,3.07,0.00,8
1789603879758655581,2931.3,0.0,3.00,0.00,9
1789603880789355706,2899.0,0.1,3.01,1.05,27
1789603881820032305,3088.6,0.0,2.53,0.00,2
1789603882850806753,2835.8,0.0,3.44,27.00,5
1789603883881214168,2854.7,0.0,3.20,0.00,9
1789603884911315824,2795.3,0.0,3.44,0.00,7
1789603885941859575,2949.0,0.0,2.36,0.00,31
1789603886971453696,3087.2,0.2,2.83,7.07,4
1789603888002108734,2844.2,0.0,3.20,0.00,6
1789603889032861542,2834.4,0.0,3.19,0.00,8
1789603890063277532,2900.0,0.0,3.02,0.00,10
1789603891093307964,2905.8,0.0,2.00,0.00,0
1789603892120223650,0.0,0.2,0.00,9.56,0
1789603893146807522,0.0,0.0,0.00,0.00,0
1789603894173842913,0.0,0.0,0.00,0.00,0
1789603895201092410,0.0,0.0,0.00,0.00,0
1789603896228530493,0.0,0.0,0.00,0.00,0
1789603897255858304,1454.3,0.5,3.47,2.15,6
1789603898284701862,3108.2,0.0,2.92,0.00,6
1789603899313932292,3107.8,0.0,3.03,0.00,6
1789603900341229517,3063.8,0.0,3.16,0.00,8
1789603901370864114,3113.5,0.0,3.02,0.00,9
1789603902400808487,3090.7,0.4,3.01,1.12,9
1789603903431487122,3117.7,0.0,2.89,0.00,9
1789603904462505275,3023.1,0.0,3.19,0.00,11
1789603905493358254,3085.2,0.0,3.12,0.00,44
1789603906524051527,3214.1,0.0,2.58,0.00,71
1789603907554902835,3129.9,0.2,2.44,1.47,18
1789603908585305234,3208.4,0.0,2.92,0.00,2
1789603909615769644,3072.5,0.0,3.43,0.00,4
1789603910646635530,3118.0,0.0,3.06,0.00,5
1789603911677662833,3091.3,0.0,2.98,0.00,6
1789603912708245966,2998.9,0.2,3.48,5.07,6
1789603913739101484,3125.0,0.0,2.92,0.00,7
1789603914769896169,3196.6,0.0,2.73,0.00,7
1789603915801159353,3056.2,0.0,3.08,0.00,7
1789603916831554929,2981.1,0.0,3.40,0.00,10
1789603917862670076,3212.8,0.2,2.46,1.80,10
1789603918893509826,3106.8,0.0,2.48,0.00,35
1789603919923531152,1562.7,0.0,2.43,0.00,0
1789603920950279335,0.0,0.0,0.00,0.00,0
1789603921977057903,0.0,0.1,14.00,8.00,0
1789603923004090745,0.0,0.0,0.00,0.00,0
1789603924030679242,0.0,0.3,0.00,1.77,0
1789603925056467158,0.0,0.0,0.00,0.00,0
1789603926083363548,2826.7,0.0,3.93,0.00,7
1789603927114596003,3051.2,0.1,3.05,7.00,7
1789603928145382072,3095.0,0.0,3.06,0.00,6
1789603929175802574,3112.4,0.4,3.04,1.88,8
1789603930207105322,3159.6,0.0,2.82,0.00,9
1789603931238539881,3124.0,0.0,2.99,0.00,9
1789603932269429842,3106.1,0.1,2.86,6.00,9
1789603933300123496,3108.0,0.0,2.87,0.00,10
1789603934330822487,3185.7,0.1,2.83,0.79,38
1789603935361613688,3112.9,0.0,2.33,0.00,74
1789603936392647577,3222.8,0.0,2.69,0.00,0
1789603937423440260,3169.2,0.1,3.13,2.00,1
1789603938454642085,2956.5,0.0,3.69,0.00,7
1789603939485397725,3125.0,0.1,2.90,1.13,6
1789603940516785720,3132.3,0.0,2.89,0.00,6
1789603941547413711,3086.3,0.0,3.07,0.00,7
1789603942577926260,3038.6,0.0,3.24,8.50,8
1789603943608592246,3149.7,0.0,2.79,0.00,8
1789603944639803970,3069.5,0.1,2.95,1.09,7
1789603945670978049,3009.9,0.0,3.07,0.00,47
1789603946702316104,3112.9,0.0,2.47,0.00,0
1789603947733470254,3128.0,0.1,3.05,7.50,6
1789603948763333631,119.7,0.0,0.50,0.00,0
1789603949789949197,0.0,0.2,0.00,5.33,0
1789603950815520440,0.0,0.0,0.00,0.00,0
1789603951841080848,0.0,0.0,0.00,0.00,0
1789603952867227633,0.0,0.1,0.00,8.50,0
1789603953894727242,1045.7,0.0,5.49,0.00,7
1789603954925977265,3086.7,0.4,2.98,0.52,8
1789603955956695573,3106.6,0.0,3.01,0.00,9
1789603956986843324,3081.2,0.1,3.10,8.50,8
1789603958017857198,3086.3,0.0,3.15,0.00,8
1789603959049094745,3167.6,0.0,2.88,0.00,9
1789603960079922613,3137.3,0.1,2.87,1.32,11
1789603961110835210,3133.8,0.0,2.41,0.00,82
1789603962142179985,3190.8,0.1,2.61,6.00,28
1789603963173071018,3189.1,0.0,2.75,0.00,1
1789603964204579952,3101.2,0.0,3.15,0.00,6
1789603965235689226,3148.5,0.1,2.93,17.62,6
1789603966267313113,3096.8,0.0,3.08,0.00,6
1789603967298894813,3076.8,0.1,3.30,1.50,6
1789603968330199146,3047.2,0.0,3.14,0.00,6
1789603969361278240,3166.7,0.0,2.89,0.00,9
1789603970392955673,3125.5,0.1,2.95,1.08,9
1789603971423918563,3053.6,0.0,3.19,0.00,8
1789603972455374717,2975.4,0.1,3.31,7.00,11
1789603973486357714,3084.8,0.0,2.39,0.00,66
1789603974516481825,3086.3,0.0,3.38,0.00,5
1789603975547088524,3154.5,0.1,2.72,1.17,7
1789603976577256414,1854.2,0.0,2.29,0.00,0
1789603977604175021,0.0,0.1,0.00,8.50,0
1789603978630774714,0.0,0.0,0.00,0.00,0
1789603979657337212,0.0,0.0,0.00,0.00,0
1789603980684164736,0.0,0.3,0.00,2.33,0
1789603981710149599,0.0,0.0,0.00,0.00,0
1789603982737361490,2473.7,0.1,4.26,28.50,6
1789603983767711074,2976.6,0.0,3.43,0.00,8
1789603984797586212,3160.3,0.0,2.87,0.00,9
1789603985826662769,3046.0,0.3,3.28,0.81,11
1789603986856160727,3124.8,0.0,2.75,0.00,36
1789603987886765186,3191.2,0.1,2.55,6.50,96
1789603988917225121,3157.6,0.0,2.58,0.00,0
1789603989947766026,3075.8,0.0,3.15,0.00,6
1789603990978627933,3241.0,0.2,2.66,1.38,6
1789603992009420973,3081.5,0.1,2.95,7.00,7
1789603993040194395,3133.3,0.0,2.89,0.00,5
1789603994071059544,3142.0,0.0,2.89,0.00,6
1789603995102114060,3128.5,0.0,3.02,0.00,8
1789603996132793164,3120.4,0.1,2.95,0.89,9
1789603997163607633,3149.0,0.1,2.80,2.50,8
1789603998193902669,3104.7,0.0,2.99,0.00,9
1789603999224158399,3118.1,0.0,2.95,0.00,10
1789604000254501557,3006.8,0.0,3.37,0.00,10
1789604001285445343,3109.5,0.1,2.37,0.64,32
1789604002316242319,3140.0,0.1,2.96,7.50,2
1789604003346957469,3145.2,0.0,2.79,0.00,6
1789604004377658882,3112.3,0.0,3.09,0.00,7
1789604005407667903,292.7,0.0,0.86,0.00,0
1789604006434512805,0.0,0.1,0.00,7.00,0
1789604007461448192,0.0,0.1,0.00,9.50,0
1789604008488398370,0.0,0.0,0.00,0.00,0
1789604009514931350,0.0,0.0,0.00,0.00,0
1789604010542430947,880.8,0.0,6.57,0.00,6
1789604011573063829,2987.2,0.3,3.28,3.51,9
1789604012603969706,3115.8,0.1,3.11,31.50,8
1789604013635128437,3120.1,0.0,2.96,0.00,9
1789604014666301849,3180.3,0.0,2.82,0.00,11
1789604015698100187,3104.1,0.0,2.98,0.00,26
1789604016729666366,3134.1,0.1,2.48,0.94,45
1789604017760953408,3167.2,0.1,2.68,7.00,1
1789604018791623246,3205.0,0.0,2.81,0.00,2
1789604019822535493,3128.6,0.0,2.97,0.00,6
1789604020853756303,2947.1,0.0,3.42,0.00,5
1789604021884887872,3124.8,0.2,2.99,1.68,8
1789604022916441291,3017.0,0.1,3.32,7.00,7
1789604023947467499,3126.7,0.0,3.07,0.00,7
1789604024978537276,3154.1,0.0,2.75,0.00,8
1789604026009338230,3097.9,0.0,2.99,0.00,8
1789604027040325350,3133.0,0.2,2.84,3.52,11
1789604028071729290,3175.1,0.0,2.72,0.00,10
1789604029104061991,3112.8,0.0,2.64,0.00,91
1789604030135877141,3104.2,0.0,2.78,0.00,1
1789604031167410365,3186.7,0.0,2.72,0.00,6
1789604032198583836,3111.3,0.2,2.80,1.80,7
1789604033228493581,1871.2,0.0,2.69,0.00,0
1789604034255104839,0.0,0.0,0.00,0.00,0
1789604035281938663,0.0,0.1,0.00,5.67,0
1789604036308733243,0.0,0.0,0.00,0.00,0
1789604037335416013,0.0,0.3,0.00,2.24,0
1789604038361611598,0.0,0.0,0.00,0.00,0
1789604039389488701,2543.5,0.0,4.09,0.00,8
1789604040419153822,2965.2,0.1,3.49,6.50,8
1789604041449405058,3200.6,0.0,2.71,0.00,9
1789604042480383622,3101.0,0.3,3.05,2.57,8
1789604043510764606,3097.5,0.0,2.99,0.00,11
1789604044540692340,3118.5,0.0,2.87,0.00,31
1789604045570876079,3145.7,0.0,2.41,5.00,40
1789604046600315070,3119.8,0.0,3.05,0.00,4
1789604047630474184,2984.7,0.1,3.64,0.92,7
1789604048660578503,3041.3,0.0,3.33,0.00,6
1789604049690845091,3116.9,0.0,2.99,0.00,6
1789604050720997791,3155.3,0.1,2.93,25.50,8
1789604051751048761,3107.7,0.0,3.12,0.00,9
1789604052780894196,3147.6,0.3,2.86,2.83,8
1789604053810417582,3125.8,0.0,2.83,0.00,9
1789604054840514169,3073.2,0.0,3.16,0.00,9
1789604055870383688,3051.4,0.1,2.89,7.50,102
1789604056900605558,3224.8,0.0,2.53,0.00,50
1789604057931067554,3116.3,0.0,3.03,0.00,2
1789604058960714751,3093.0,0.3,3.03,3.81,5
1789604059990751479,3142.1,0.0,2.81,0.00,7
1789604061021099349,3109.3,0.0,2.87,6.50,7
1789604062050431869,476.8,0.0,1.04,0.00,0
1789604063077138322,0.0,0.0,0.00,0.00,0
1789604064103466983,0.0,0.3,0.00,2.33,0
1789604065130279317,0.1,0.0,1.32,0.00,0
1789604066157367618,0.0,0.1,7.00,3.50,0
1789604067184852370,867.2,0.0,6.35,0.00,7
1789604068214398668,3038.2,0.0,3.21,0.00,9
1789604069243965736,3025.5,0.3,3.27,1.22,7
1789604070274310876,3075.9,0.2,3.15,3.50,10
1789604071302892555,3218.8,0.0,2.74,0.00,10
1789604072333297923,3095.9,0.0,2.61,0.00,68
1789604073362261167,3160.3,0.0,2.93,0.00,0
1789604074391392426,3077.3,0.2,3.01,0.87,5
1789604075419408067,3164.6,0.1,2.84,1.00,7
1789604076448826828,3103.1,0.0,3.14,12.00,5
1789604077478725146,3105.9,0.0,2.86,0.00,5
1789604078508946427,3129.3,0.0,2.99,0.00,6
1789604079538698538,3190.0,0.2,2.82,1.50,8
1789604080568967299,3095.9,0.0,3.11,8.00,9
1789604081598747040,3129.7,0.0,2.84,0.00,7
1789604082629091891,3130.5,0.0,2.97,0.00,7
1789604083659217086,3136.7,0.0,2.95,0.00,9
1789604084689441133,3168.1,0.1,2.76,9.27,11
1789604085720015170,3085.7,0.1,2.66,6.50,87
1789604086750475787,3134.3,0.0,2.75,0.00,1
1789604087780476882,3087.5,0.0,3.18,0.00,4
1789604088810994587,3097.3,0.0,2.90,0.00,7
1789604089838701691,3058.6,0.2,2.14,1.08,24
1789604090865479529,896.7,0.1,1.39,8.50,0
1789604091892264980,0.0,0.0,0.00,0.00,0
1789604092919457875,0.0,0.0,0.00,0.00,0
1789604093946486997,0.0,0.0,2.14,0.00,0
1789604094973677707,0.0,0.4,0.00,3.28,0
1789604096001465924,920.4,0.1,4.96,8.50,8
1789604097031821920,3138.7,0.0,2.83,0.00,10
1789604098062458425,3130.1,0.0,3.05,0.00,8
1789604099093187920,3108.6,0.0,2.95,0.00,9
1789604100123342702,3126.1,0.2,2.94,13.61,8
1789604101153903005,3103.6,0.1,2.95,2.00,11
1789604102184388415,3055.5,0.0,2.80,0.00,95
1789604103215163515,3118.2,0.0,2.70,0.00,2
1789604104246036082,3206.8,0.0,2.85,0.00,2
1789604105276747585,3164.1,0.3,2.88,0.90,6
1789604106307215936,3069.1,0.1,2.96,7.50,7
1789604107337817205,3142.0,0.0,3.06,0.00,6
1789604108368338978,3123.7,0.0,2.99,0.00,7
1789604109398819714,3213.7,0.0,2.77,0.00,8
1789604110429203078,3172.6,0.0,2.71,0.00,8
1789604111460202959,3083.7,0.3,3.03,1.70,8
1789604112490779587,3161.3,0.0,2.77,0.00,10
1789604113521850916,3164.1,0.0,2.70,0.00,10
1789604114552791284,2981.0,0.0,3.21,0.00,12
1789604115583388073,3098.7,0.3,2.37,5.50,42
1789604116612943549,3142.1,0.3,3.01,20.00,1
1789604117642898335,3204.8,0.0,2.63,0.00,7
1789604118672800326,1732.0,0.0,3.01,0.00,0
1789604119700018848,0.0,0.0,0.00,0.00,0
1789604120726876042,0.0,0.4,0.00,0.65,0
1789604121754248118,0.0,0.0,0.00,0.00,0
1789604122781296309,0.0,0.0,0.00,0.00,0
1789604123808553432,0.0,0.0,0.00,0.00,0
1789604124836146269,2666.8,0.0,4.30,0.00,7
1789604125866858637,3120.9,0.4,3.00,1.49,6
1789604126897236355,3243.9,0.0,2.68,0.00,7
1789604127927964360,3101.6,0.0,3.10,0.00,9
1789604128956898213,3075.3,0.0,3.15,0.00,7
1789604129987264014,3112.1,0.0,3.01,0.00,8
1789604131017276750,3042.0,0.3,3.23,14.25,10
1789604132047307181,3052.4,0.0,2.58,0.00,53
1789604133077066337,3212.3,0.0,2.78,0.00,0
1789604134107721633,3185.9,0.0,2.84,0.00,2
1789604135138002217,3230.8,0.0,2.75,0.00,2
1789604136168815308,3114.5,0.3,3.02,1.42,3
1789604137199099782,3166.1,0.0,2.94,0.00,7
1789604138229201588,3141.7,0.0,2.90,0.00,7
1789604139259415889,3179.9,0.0,2.75,0.00,6
1789604140290594638,3062.9,0.0,3.27,0.00,8
1789604141321263859,3113.8,0.2,3.03,1.47,8
1789604142352045686,3125.2,0.0,2.95,0.00,8
1789604143382516038,3101.7,0.0,3.08,0.00,8
1789604144413044036,3078.5,0.0,3.13,0.00,7
1789604145443767926,3019.1,0.0,3.15,0.00,39
1789604146474410131,3088.7,0.4,2.54,0.45,0
1789604147503571264,0.0,0.0,0.00,0.00,0
1789604148530230791,0.0,0.0,0.00,0.00,0
1789604149556478776,0.0,0.0,0.00,0.00,0
1789604150582974089,0.0,0.1,0.00,8.50,0
1789604151609645455,0.0,0.0,14.00,0.00,0
1789604152636769521,1533.4,0.3,4.33,1.97,5
1789604153667571981,2981.8,0.0,3.60,0.00,7
1789604154698393944,3140.9,0.0,2.96,0.00,6
1789604155728843094,3160.7,0.1,2.80,7.50,5
1789604156759359241,3119.9,0.0,3.07,0.00,7
1789604157788864593,3112.6,0.1,3.03,0.88,8
1789604158819062016,3131.7,0.0,3.00,0.00,8
1789604159849054582,3083.8,0.0,2.89,0.00,7
1789604160878209106,3202.5,0.1,2.70,6.50,8
1789604161906215043,3024.5,0.0,3.28,0.00,10
1789604162935591993,3192.5,0.2,2.69,1.14,14
1789604163965291472,3168.2,0.0,2.62,0.00,95
1789604164995714797,3161.2,0.0,2.78,0.00,108
1789604166025948759,3197.6,0.1,2.99,4.00,0
1789604167056250484,3137.2,0.0,2.95,0.00,5
1789604168086386134,3059.3,0.1,3.33,0.60,5
1789604169117384160,3053.0,0.0,3.21,0.00,6
1789604170148408426,3163.1,0.0,2.89,0.00,8
1789604171178846874,3026.4,0.1,3.24,7.00,9
1789604172208841273,2921.6,0.9,3.39,4.00,21
1789604173240093400,3056.2,0.9,2.82,1.29,10
1789604174270896440,3148.7,0.0,2.67,0.00,52
1789604175300748909,1488.9,0.0,1.76,0.00,0
1789604176327698946,0.0,0.3,0.00,8.50,0
1789604177354590376,0.0,0.0,0.00,0.00,0
1789604178381854729,0.0,0.5,0.00,1.08,0
1789604179409309526,0.0,0.0,0.00,0.00,0
1789604180436448332,64.3,0.0,26.24,0.00,45
1789604181464112479,3120.9,0.1,3.12,10.50,0
1789604182494771130,3067.5,0.0,3.22,0.00,5
1789604183525458150,3203.9,0.4,2.78,0.82,7
1789604184555837211,3146.0,0.0,2.99,0.00,7
1789604185586231408,3027.4,0.1,3.29,6.50,6
1789604186616348939,3114.0,0.0,3.05,0.00,7
1789604187647062080,3174.5,0.0,2.67,0.00,9
1789604188677827243,3214.8,0.2,2.63,1.32,8
1789604189709184122,3201.3,0.0,2.75,0.00,7
1789604190739545980,3050.3,0.1,3.13,5.50,9
1789604191770492801,3155.8,0.0,2.85,0.00,8
1789604192801179350,3025.2,0.0,3.41,0.00,10
1789604193831942222,3234.3,0.1,2.80,1.00,9
1789604194862825161,3194.3,0.0,2.47,0.00,40
1789604195893566868,3153.3,0.1,2.50,7.00,45
1789604196924248452,3166.4,0.0,2.98,0.00,2
1789604197954061701,3187.2,0.0,2.87,0.00,5
1789604198984043488,3126.1,0.1,2.93,1.24,8
1789604200014899264,3096.4,0.0,2.99,0.00,6
1789604201045948967,2995.6,0.0,3.32,7.00,6
1789604202077239840,3075.8,0.0,3.03,0.00,9
1789604203107412333,2430.9,0.0,2.28,0.00,0
1789604204134725383,0.0,0.2,13.75,6.65,0
1789604205161783341,0.0,0.0,0.00,0.00,0
1789604206188986071,0.0,0.1,0.00,8.50,0
1789604207215189299,0.0,0.0,0.00,0.00,0
1789604208241878354,0.0,0.0,0.00,0.00,0
1789604209269162465,2115.6,0.4,4.58,0.32,7
1789604210300392181,3039.1,0.0,3.15,0.00,12
1789604211331011145,3134.8,0.1,2.93,6.50,25
1789604212361922707,3180.7,0.0,2.53,0.00,83
1789604213393099375,3158.1,0.0,2.58,0.00,98
1789604214423735399,3171.1,0.1,3.17,0.18,0
1789604215454718240,3143.3,0.0,2.92,0.00,5
1789604216484849015,2963.7,0.1,3.37,2.50,6
1789604217515439386,3150.6,0.0,2.98,0.00,7
1789604218545832506,3130.7,0.0,2.94,0.00,7
1789604219576728920,3203.1,0.1,2.69,1.24,6
1789604220607547556,3087.5,0.1,3.05,6.50,8
1789604221638125537,3192.1,0.0,2.86,0.00,8
1789604222667898667,3093.9,0.0,3.11,0.00,9
1789604223698911040,3065.7,0.0,3.02,0.00,9
1789604224729771315,3134.6,0.3,2.92,5.37,11
1789604225760050272,3064.9,0.1,2.66,6.50,35
1789604226790981053,3215.9,0.0,2.54,0.00,81
1789604227822016261,3144.3,0.0,3.04,0.00,2
1789604228852743989,3040.6,0.0,3.18,0.00,7
1789604229883506270,3071.8,0.2,3.03,1.21,7
1789604230913373951,3072.6,0.0,3.01,6.50,9
1789604231943641604,644.3,0.0,1.13,0.00,0
1789604232970556776,0.0,0.0,0.00,0.00,0
1789604233997467931,0.0,0.0,0.00,0.00,0
1789604235024378849,0.0,0.3,0.00,2.29,0
1789604236051171119,0.0,0.1,0.00,8.50,0
1789604237078731735,837.5,0.0,6.45,0.00,7
1789604238109440949,3040.2,0.0,3.23,0.00,9
1789604239139916392,3025.3,0.0,3.42,0.00,8
1789604240170919842,3130.6,0.3,2.96,0.06,11
1789604241201446161,3120.1,0.1,2.91,6.00,39
1789604242231577567,3139.2,0.0,2.46,0.00,36
1789604243262473944,3156.0,0.0,2.99,0.00,1
1789604244292498373,3096.7,0.0,3.05,0.00,5
1789604245323197757,3163.1,0.3,2.96,1.07,6
1789604246354100128,3184.6,0.1,2.80,10.00,6
1789604247384627845,3073.8,0.0,3.07,0.00,5
1789604248415122185,3200.2,0.0,2.84,0.00,5
1789604249445381570,3184.3,0.0,2.95,0.00,8
1789604250474818462,3064.2,0.0,3.28,0.00,7
1789604251503089408,3124.0,0.2,2.86,1.24,9
1789604252532041208,3137.0,0.0,3.01,0.00,9
1789604253561483127,3067.3,0.0,3.19,0.00,8
1789604254591331014,3132.3,0.0,2.94,0.00,10
1789604255621164587,3046.8,0.1,2.62,7.00,37
1789604256652086816,3123.6,0.3,3.18,12.54,2
1789604257681622769,3014.0,0.0,3.25,0.00,7
1789604258713128303,3028.4,0.0,3.28,0.00,5
1789604259744131172,2158.5,0.0,2.39,0.00,0
1789604260771602633,0.0,0.2,0.00,4.71,0
1789604261798967041,0.0,0.1,0.00,8.50,0
1789604262826237763,0.0,0.0,0.00,0.00,0
1789604263852796461,0.0,0.0,0.00,0.00,0
1789604264879350333,0.0,0.0,0.00,0.00,0
1789604265907676986,2387.1,0.4,4.31,0.85,9
1789604266939601699,3071.7,0.1,3.12,26.00,9
1789604267970566409,3236.2,0.0,2.72,0.00,8
1789604269001956035,3092.6,0.0,2.95,0.00,8
1789604270033540089,3161.7,0.0,2.76,0.00,9
1789604271065263164,3156.6,0.2,2.41,0.17,41
1789604272097371743,3114.6,0.1,3.25,6.50,0
1789604273128555480,3080.9,0.0,2.97,0.00,5
1789604274159766241,3203.0,0.0,2.80,0.00,6
1789604275190835864,3157.9,0.0,2.84,0.00,7
1789604276222174115,3179.1,0.2,2.75,1.38,7
1789604277253423151,3066.5,0.1,3.11,5.50,7
1789604278285101435,3196.8,0.0,2.89,0.00,7
1789604279316127099,2962.2,0.0,3.65,0.00,7
1789604280347870634,3084.5,0.0,3.01,0.00,8
1789604281379425794,3165.5,0.1,2.89,0.13,8
1789604282410283510,2981.6,0.1,3.50,6.50,25
1789604283442060171,3177.7,0.0,2.45,0.00,87
1789604284473340712,3147.0,0.0,2.58,0.00,0
1789604285504773462,3075.5,0.0,3.36,0.00,6
1789604286536061548,3133.4,0.0,2.86,0.00,8
1789604287567844098,3006.6,0.2,3.16,0.84,7
1789604288599095142,576.9,0.0,0.74,0.00,0
1789604289627612899,0.6,0.0,0.09,0.00,0
1789604290655262454,0.0,0.0,0.00,0.00,0
1789604291682548660,0.0,0.0,0.00,0.00,0
1789604292709877761,0.0,0.6,0.00,2.77,0
1789604293737909767,950.7,0.0,6.10,0.00,8
1789604294768677141,3072.9,0.0,3.04,0.00,7
1789604295799932508,3166.6,0.0,2.84,0.00,9
1789604296831228094,3040.0,0.0,3.25,0.00,9
1789604297862472058,3018.2,0.4,3.37,1.58,9
1789604298893211754,3122.5,0.0,2.77,0.00,45
1789604299924654422,3138.0,0.0,2.62,0.00,72
1789604300955719181,3097.0,0.0,3.07,0.00,6
1789604301986024233,3136.6,0.2,2.97,1.44,6
1789604303016594864,3154.4,0.0,2.96,0.00,6
1789604304047251118,3071.9,0.0,3.00,0.00,5
1789604305077665768,3160.8,0.0,2.85,0.00,7
1789604306108789809,3084.8,0.0,3.21,0.00,7
1789604307139863589,3187.3,0.2,2.86,3.27,9
1789604308170566684,3180.3,0.0,2.73,0.00,8
1789604309201479238,3137.8,0.0,2.97,0.00,7
1789604310232394213,2987.4,0.0,3.50,0.00,9
1789604311263356969,3150.2,0.0,2.94,0.00,11
1789604312294395814,3075.1,0.4,2.74,0.32,85
1789604313325388009,3121.3,0.0,2.75,0.00,2
1789604314355952432,3079.1,0.0,3.23,0.00,8
1789604315386837446,3003.8,0.0,3.44,0.00,7
1789604316417868537,2064.5,0.0,2.63,0.00,0
1789604317448620591,0.0,0.2,0.00,13.55,0
1789604318479738714,0.0,0.0,0.33,0.00,0
1789604319509991947,0.0,0.0,0.00,0.00,0
1789604320540644912,0.0,0.0,0.00,0.00,0
1789604321571085727,0.0,0.0,0.00,0.00,0
1789604322601790657,0.0,0.4,0.00,5.70,0
1789604323631612877,0.0,0.0,0.00,0.00,0
1789604324662363197,0.0,0.0,0.00,0.00,0
1789604325693109860,0.0,0.0,0.00,0.00,0
1789604326723411377,0.0,0.0,0.00,0.00,0
1789604327754026608,0.0,0.2,0.00,6.84,0
1789604328784398621,0.0,0.0,0.00,0.00,0
1789604329814945996,0.0,0.0,0.00,0.00,0
1789604330845356264,0.0,0.0,0.00,0.00,0
1789604331875451153,2.0,0.0,0.48,0.00,0
1789604332903653284,0.0,0.3,0.00,4.50,0
1789604334647444344,0.4,0.0,2.52,0.00,0
