#Date        Time         gpu    pwr  gtemp  mtemp     sm    mem    enc    dec    jpg    ofa   mclk   pclk  pviol  tviol     fb   bar1   ccpm  sbecc  dbecc    pci  rxpci  txpci 
#YYYYMMDD    HH:MM:SS     Idx      W      C      C      %      %      %      %      %      %    MHz    MHz      %   bool     MB     MB     MB   errs   errs   errs   MB/s   MB/s 
 20260917    07:52:59       0      7     49      -      0      0      0      0      0      0    405    300      0      0     15      5      0      -      -      0      5      1 
 20260917    07:53:00       0      7     49      -      0      0      0      0      0      0    405    300      0      0     15      5      0      -      -      0      1      1 
 20260917    07:53:01       0      7     49      -      0      0      0      0      0      0    405    300      0      0     15      5      0      -      -      0      0      0 
 20260917    07:53:02       0      7     49      -      0      0      0      0      0      0    405    300      0      0     15      5      0      -      -      0      1      1 
 20260917    07:53:03       0      7     49      -      0      0      0      0      0      0    405    300      0      0     15      5      0      -      -      0      0      0 
 20260917    07:53:04       0      7     49      -      0      0      0      0      0      0    405    300      0      0     15      5      0      -      -      0      0      0 
 20260917    07:53:05       0      7     48      -      0      0      0      0      0      0    405    300      0      0     15      5      0      -      -      0      0      0 
 20260917    07:53:06       0      7     48      -      0      0      0      0      0      0    405    300      0      0     15      5      0      -      -      0      0      0 
 20260917    07:53:08       0      7     48      -      0      0      0      0      0      0    405    300      0      0     15      5      0      -      -      0      0      0 
 20260917    07:53:09       0      7     48      -      0      0      0      0      0      0    405    300      0      0     15      5      0      -      -      0      0      0 
 20260917    07:53:10       0      7     48      -      0      0      0      0      0      0    405    300      0      0     16      5      0      -      -      0     13     14 
 20260917    07:53:11       0     43     49      -      0      0      0      0      0      0   6500   1620      0      0    134      7      0      -      -      0      2      0 
 20260917    07:53:12       0     43     50      -      0      0      0      0      0      0   6500   1620      0      0    248      9      0      -      -      0     30     35 
 20260917    07:53:13       0     43     50      -      9      0      0      0      0      0   6500   1620      0      0   4366      7      0      -      -      0      0  11661 
 20260917    07:53:14       0     56     51      -     37      1      0      0      0      0   6500   1920      0      0   4374      7      0      -      -      0      0   7601 
 20260917    07:53:15       0     56     51      -     41      2      0      0      0      0   6500   1920      0      0   4380      7      0      -      -      0      1     13 
 20260917    07:53:16       0     57     51      -     16      1      0      0      0      0   6500   1920      0      0   4390      7      0      -      -      0      1  11838 
 20260917    07:53:17       0     56     52      -     33      1      0      0      0      0   6500   1920      0      0   4396      7      0      -      -      0      0      0 
 20260917    07:53:18       0     57     52      -     12      0      0      0      0      0   6500   1920      0      0   4406      7      0      -      -      0      3   4282 
 20260917    07:53:19       0     57     52      -     37      2      0      0      0      0   6500   1920      0      0   4414      7      0      -      -      0      0      0 
 20260917    07:53:20       0     49     51      -     20      1      0      0      0      0   6500   1695      0      0   4422      7      0      -      -      0      0      0 
 20260917    07:53:21       0     57     52      -     55      2      0      0      0      0   6500   1920      0      0   4430      7      0      -      -      0      0      0 
 20260917    07:53:23       0     56     52      -     30      1      0      0      0      0   6500   1920      0      0   4438      7      0      -      -      0      2      0 
 20260917    07:53:24       0     56     52      -     36      1      0      0      0      0   6500   1755      0      0   4446      7      0      -      -      0      1      0 
 20260917    07:53:25       0     56     52      -     12      0      0      0      0      0   6500   1920      0      0   4454      7      0      -      -      0      1      0 
 20260917    07:53:26       0     57     52      -     37      2      0      0      0      0   6500   1920      0      0   4462      7      0      -      -      0      1      0 
 20260917    07:53:27       0     49     52      -     30      1      0      0      0      0   6500   1740      0      0   4470      7      0      -      -      0      0      0 
 20260917    07:53:28       0     55     52      -     56      2      0      0      0      0   6500   1920      0      0   4478      7      0      -      -      0      4      0 
 20260917    07:53:29       0     56     52      -     30      1      0      0      0      0   6500   1920      0      0   4488      7      0      -      -      0      2   6405 
 20260917    07:53:30       0     56     52      -      0      0      0      0      0      0   6500   1920      0      0   4488      7      0      -      -      0      0      0 
 20260917    07:53:31       0     43     52      -      0      0      0      0      0      0   6500   1620      0      0   4488      7      0      -      -      0      0      0 
 20260917    07:53:32       0     43     52      -      0      0      0      0      0      0   6500   1620      0      0   4488      7      0      -      -      0      0      0 
 20260917    07:53:33       0     43     52      -      0      0      0      0      0      0   6500   1620      0      0   4488      7      0      -      -      0      0      0 
 20260917    07:53:34       0     43     51      -      0      0      0      0      0      0   6500   1620      0      0   4488      7      0      -      -      0      0      2 
 20260917    07:53:35       0     43     52      -      0      0      0      0      0      0   6500   1620      0      0   4488      7      0      -      -      0      1      2 
 20260917    07:53:36       0     42     52      -      0      0      0      0      0      0   6500   1620      0      0   6864      7      0      -      -      0      0      4 
 20260917    07:53:37       0     43     52      -      0      0      0      0      0      0   6500   1620      0      0   6864      7      0      -      -      0      0      0 
 20260917    07:53:38       0     43     52      -      0      0      0      0      0      0   6500   1620      0      0   6864      7      0      -      -      0      0      0 
 20260917    07:53:40       0     56     52      -     36      1      0      0      0      0   6500   1920      0      0   6864      7      0      -      -      0      0      0 
 20260917    07:53:41       0     55     52      -      0      0      0      0      0      0   6500   1920      0      0   6864      7      0      -      -      0      0      0 
 20260917    07:53:42       0     43     52      -      0      0      0      0      0      0   6500   1620      0      0   6864      7      0      -      -      0      0      0 
 20260917    07:53:43       0     43     52      -      0      0      0      0      0      0   6500   1620      0      0   6864      7      0      -      -      0      1      0 
 20260917    07:53:44       0     43     52      -      0      0      0      0      0      0   6500   1620      0      0   6864      7      0      -      -      0      0      0 
 20260917    07:53:45       0     43     52      -      0      0      0      0      0      0   6500   1620      0      0   6864      7      0      -      -      0      0      0 
#Date        Time         gpu    pwr  gtemp  mtemp     sm    mem    enc    dec    jpg    ofa   mclk   pclk  pviol  tviol     fb   bar1   ccpm  sbecc  dbecc    pci  rxpci  txpci 
#YYYYMMDD    HH:MM:SS     Idx      W      C      C      %      %      %      %      %      %    MHz    MHz      %   bool     MB     MB     MB   errs   errs   errs   MB/s   MB/s 
 20260917    07:53:46       0     43     52      -      0      0      0      0      0      0   6500   1620      0      0   6864      7      0      -      -      0      1      2 
 20260917    07:53:47       0     42     52      -      0      0      0      0      0      0   6500   1620      0      0   6864      7      0      -      -      0      0      0 
 20260917    07:53:48       0     42     52      -      0      0      0      0      0      0   6500   1620      0      0   6864      7      0      -      -      0      0      0 
 20260917    07:53:49       0     43     52      -      0      0      0      0      0      0   6500   1620      0      0   6864      7      0      -      -      0      0      0 
 20260917    07:53:50       0     43     52      -      0      0      0      0      0      0   6500   1620      0      0   6864      7      0      -      -      0      1      0 
 20260917    07:53:51       0     42     52      -      0      0      0      0      0      0   6500   1620      0      0   6864      7      0      -      -      0      0      0 
 20260917    07:53:52       0     42     52      -      0      0      0      0      0      0   6500   1620      0      0   6864      7      0      -      -      0      0      0 
 20260917    07:53:53       0     43     52      -      0      0      0      0      0      0   6500   1620      0      0   6864      7      0      -      -      0      1      0 
 20260917    07:53:54       0     43     52      -      0      0      0      0      0      0   6500   1620      0      0   6864      7      0      -      -      0      1      4 
 20260917    07:53:55       0     43     52      -      0      0      0      0      0      0   6500   1620      0      0   6864      7      0      -      -      0      0      0 
 20260917    07:53:56       0      7     50      -      0      0      0      0      0      0    405    375      0      0   6864      7      0      -      -      0      0      0 
 20260917    07:53:58       0      7     50      -      0      0      0      0      0      0    405    300      0      0   6864      7      0      -      -      0      0      0 
 20260917    07:53:59       0      7     50      -      0      0      0      0      0      0    405    300      0      0   6864      7      0      -      -      0      0      0 
 20260917    07:54:00       0      7     49      -      0      0      0      0      0      0    405    300      0      0   6864      7      0      -      -      0      0      0 
 20260917    07:54:01       0      7     49      -      0      0      0      0      0      0    405    300      0      0   6864      7      0      -      -      0      0      0 
 20260917    07:54:02       0      7     49      -      0      0      0      0      0      0    405    300      0      0   6864      7      0      -      -      0      0      4 
 20260917    07:54:03       0      8     49      -      0      0      0      0      0      0    405    300      0      0   6864      7      0      -      -      0      0      0 
 20260917    07:54:04       0      7     49      -      0      0      0      0      0      0    405    300      0      0   6864      7      0      -      -      0      0      0 
 20260917    07:54:05       0      7     48      -      0      0      0      0      0      0    405    300      0      0   6864      7      0      -      -      0      0      0 
 20260917    07:54:06       0      7     48      -      0      0      0      0      0      0    405    300      0      0   6864      7      0      -      -      0      0      0 
 20260917    07:54:07       0      7     48      -      0      0      0      0      0      0    405    300      0      0   6864      7      0      -      -      0      0      0 
 20260917    07:54:08       0      7     48      -      0      0      0      0      0      0    405    300      0      0   6864      7      0      -      -      0      0      4 
 20260917    07:54:09       0      7     48      -      0      0      0      0      0      0    405    300      0      0   6864      7      0      -      -      0      0      0 
 20260917    07:54:11       0      8     48      -      0      0      0      0      0      0    405    300      0      0   6864      7      0      -      -      0      0      0 
 20260917    07:54:12       0      7     48      -      0      0      0      0      0      0    405    300      0      0   6864      7      0      -      -      0      0      0 
 20260917    07:54:13       0      7     47      -      0      0      0      0      0      0    405    300      0      0   6864      7      0      -      -      0      0      0 
 20260917    07:54:14       0      7     47      -      0      0      0      0      0      0    405    300      0      0   6864      7      0      -      -      0      0      0 
 20260917    07:54:15       0      7     47      -      0      0      0      0      0      0    405    300      0      0   6864      7      0      -      -      0      0      1 
 20260917    07:54:16       0      8     47      -      1      0      0      0      0      0    405    300      0      0   6864      7      0      -      -      0      0      0 
 20260917    07:54:17       0      7     47      -      0      0      0      0      0      0    405    300      0      0   6864      7      0      -      -      0      0      0 
 20260917    07:54:18       0      8     47      -      0      0      0      0      0      0    405    300      0      0   6864      7      0      -      -      0      0      0 
 20260917    07:54:19       0      7     47      -      0      0      0      0      0      0    405    300      0      0   6864      7      0      -      -      0      0      0 
 20260917    07:54:20       0      7     47      -      0      0      0      0      0      0    405    300      0      0   6864      7      0      -      -      0      0      0 
 20260917    07:54:21       0      7     46      -      0      0      0      0      0      0    405    300      0      0   6864      7      0      -      -      0      0      0 
 20260917    07:54:23       0      7     46      -      0      0      0      0      0      0    405    300      0      0   6864      7      0      -      -      0      1      1 
 20260917    07:54:24       0      7     46      -      0      0      0      0      0      0    405    300      0      0   6864      7      0      -      -      0      0      0 
 20260917    07:54:25       0      7     46      -      0      0      0      0      0      0    405    300      0      0   6864      7      0      -      -      0      0      0 
 20260917    07:54:26       0      7     46      -      0      0      0      0      0      0    405    300      0      0   6864      7      0      -      -      0      0      0 
 20260917    07:54:27       0      7     46      -      0      0      0      0      0      0    405    300      0      0   6864      7      0      -      -      0      1      1 
 20260917    07:54:28       0      7     46      -      0      0      0      0      0      0    405    300      0      0   6864      7      0      -      -      0      0      0 
 20260917    07:54:29       0      7     46      -      0      0      0      0      0      0    405    300      0      0   6864      7      0      -      -      0      0      4 
 20260917    07:54:30       0      7     46      -      0      0      0      0      0      0    405    300      0      0   6864      7      0      -      -      0      0      0 
 20260917    07:54:31       0      7     46      -      0      0      0      0      0      0    405    300      0      0   6864      7      0      -      -      0      0      0 
 20260917    07:54:32       0      7     46      -      0      0      0      0      0      0    405    300      0      0   6864      7      0      -      -      0      1      0 
#Date        Time         gpu    pwr  gtemp  mtemp     sm    mem    enc    dec    jpg    ofa   mclk   pclk  pviol  tviol     fb   bar1   ccpm  sbecc  dbecc    pci  rxpci  txpci 
#YYYYMMDD    HH:MM:SS     Idx      W      C      C      %      %      %      %      %      %    MHz    MHz      %   bool     MB     MB     MB   errs   errs   errs   MB/s   MB/s 
 20260917    07:54:33       0      7     46      -      0      0      0      0      0      0    405    300      0      0   6864      7      0      -      -      0      1      1 
 20260917    07:54:34       0      7     45      -      0      0      0      0      0      0    405    300      0      0   6864      7      0      -      -      0      0      0 
 20260917    07:54:36       0      7     45      -      0      0      0      0      0      0    405    300      0      0   6864      7      0      -      -      0      0      1 
 20260917    07:54:37       0      7     45      -      0      0      0      0      0      0    405    300      0      0   6864      7      0      -      -      0      1      1 
 20260917    07:54:38       0      7     45      -      1      0      0      0      0      0    405    300      0      0   6864      7      0      -      -      0      0      0 
 20260917    07:54:39       0      7     45      -      0      0      0      0      0      0    405    300      0      0   6864      7      0      -      -      0      0      1 
 20260917    07:54:40       0      7     45      -      0      0      0      0      0      0    405    300      0      0   6864      7      0      -      -      0      0      0 
 20260917    07:54:41       0      7     45      -      0      0      0      0      0      0    405    300      0      0   6864      7      0      -      -      0      0      0 
 20260917    07:54:42       0      7     45      -      0      0      0      0      0      0    405    300      0      0   6864      7      0      -      -      0      0      1 
 20260917    07:54:43       0      7     45      -      0      0      0      0      0      0    405    300      0      0   6864      7      0      -      -      0      3      0 
 20260917    07:54:44       0      7     45      -      0      0      0      0      0      0    405    300      0      0   6864      7      0      -      -      0      0      1 
 20260917    07:54:45       0      7     45      -      0      0      0      0      0      0    405    300      0      0   6864      7      0      -      -      0      0      0 
 20260917    07:54:46       0      7     45      -      0      0      0      0      0      0    405    300      0      0   6864      7      0      -      -      0      0      0 
 20260917    07:54:47       0      7     45      -      0      0      0      0      0      0    405    300      0      0   6864      7      0      -      -      0      0      0 
 20260917    07:54:49       0      6     45      -      0      0      0      0      0      0    405    300      0      0   6864      7      0      -      -      0      0      0 
 20260917    07:54:50       0      7     44      -      0      0      0      0      0      0    405    300      0      0   6864      7      0      -      -      0      0      0 
 20260917    07:54:51       0      7     44      -      0      0      0      0      0      0    405    300      0      0   6864      7      0      -      -      0      0      0 
 20260917    07:54:52       0      7     44      -      1      0      0      0      0      0    405    300      0      0   6864      7      0      -      -      0      0      0 
 20260917    07:54:53       0      7     44      -      0      0      0      0      0      0    405    300      0      0   6864      7      0      -      -      0      0      1 
 20260917    07:54:54       0      7     44      -      0      0      0      0      0      0    405    300      0      0   6864      7      0      -      -      0      0      0 
 20260917    07:54:55       0      7     44      -      0      0      0      0      0      0    405    300      0      0   6864      7      0      -      -      0      0      1 
 20260917    07:54:56       0      7     44      -      0      0      0      0      0      0    405    300      0      0   6864      7      0      -      -      0      0      1 
 20260917    07:54:57       0      7     44      -      0      0      0      0      0      0    405    300      0      0   6864      7      0      -      -      0      1      1 
 20260917    07:54:58       0      7     44      -      0      0      0      0      0      0    405    300      0      0   6864      7      0      -      -      0      0      0 
 20260917    07:54:59       0      7     44      -      0      0      0      0      0      0    405    300      0      0   6864      7      0      -      -      0      0      0 
 20260917    07:55:00       0      7     44      -      0      0      0      0      0      0    405    300      0      0   6864      7      0      -      -      0      0      1 
 20260917    07:55:02       0      7     44      -      0      0      0      0      0      0    405    300      0      0   6864      7      0      -      -      0      1      1 
 20260917    07:55:03       0      7     44      -      0      0      0      0      0      0    405    300      0      0   6864      7      0      -      -      0      0      0 
 20260917    07:55:04       0      7     44      -      0      0      0      0      0      0    405    300      0      0   6864      7      0      -      -      0      0      0 
 20260917    07:55:05       0      7     44      -      0      0      0      0      0      0    405    300      0      0   6864      7      0      -      -      0      0      0 
 20260917    07:55:06       0      7     44      -      0      0      0      0      0      0    405    300      0      0   6864      7      0      -      -      0      0      0 
 20260917    07:55:07       0      6     43      -      0      0      0      0      0      0    405    300      0      0   6864      7      0      -      -      0      0      0 
 20260917    07:55:08       0      7     43      -      0      0      0      0      0      0    405    300      0      0   6864      7      0      -      -      0      0      0 
 20260917    07:55:09       0      7     43      -      0      0      0      0      0      0    405    300      0      0   6864      7      0      -      -      0      0      0 
 20260917    07:55:10       0      7     43      -      0      0      0      0      0      0    405    300      0      0   6864      7      0      -      -      0      0      0 
 20260917    07:55:11       0      7     43      -      0      0      0      0      0      0    405    300      0      0   6864      7      0      -      -      0      0      1 
 20260917    07:55:12       0      7     43      -      0      0      0      0      0      0    405    300      0      0   6864      7      0      -      -      0      0      0 
 20260917    07:55:13       0      7     43      -      0      0      0      0      0      0    405    300      0      0   6864      7      0      -      -      0      0      0 
 20260917    07:55:15       0      7     43      -      0      0      0      0      0      0    405    300      0      0   6864      7      0      -      -      0      0      0 
 20260917    07:55:16       0      7     43      -      0      0      0      0      0      0    405    300      0      0   6864      7      0      -      -      0      0      0 
 20260917    07:55:17       0      7     43      -      0      0      0      0      0      0    405    300      0      0   6864      7      0      -      -      0      0      0 
 20260917    07:55:18       0      7     43      -      0      0      0      0      0      0    405    300      0      0   6864      7      0      -      -      0      1      3 
 20260917    07:55:19       0      7     43      -      0      0      0      0      0      0    405    300      0      0   6864      7      0      -      -      0      0      0 
 20260917    07:55:20       0      7     43      -      0      0      0      0      0      0    405    300      0      0   6864      7      0      -      -      0      0      0 
#Date        Time         gpu    pwr  gtemp  mtemp     sm    mem    enc    dec    jpg    ofa   mclk   pclk  pviol  tviol     fb   bar1   ccpm  sbecc  dbecc    pci  rxpci  txpci 
#YYYYMMDD    HH:MM:SS     Idx      W      C      C      %      %      %      %      %      %    MHz    MHz      %   bool     MB     MB     MB   errs   errs   errs   MB/s   MB/s 
 20260917    07:55:21       0      7     43      -      0      0      0      0      0      0    405    300      0      0   6864      7      0      -      -      0      0      0 
 20260917    07:55:22       0      7     43      -      0      0      0      0      0      0    405    300      0      0   6864      7      0      -      -      0      0      0 
 20260917    07:55:23       0      7     43      -      0      0      0      0      0      0    405    300      0      0   6864      7      0      -      -      0      0      1 
 20260917    07:55:24       0      7     43      -      0      0      0      0      0      0    405    300      0      0   6864      7      0      -      -      0      0      0 
 20260917    07:55:25       0      7     43      -      0      0      0      0      0      0    405    300      0      0   6864      7      0      -      -      0      0      0 
 20260917    07:55:26       0      7     43      -      0      0      0      0      0      0    405    300      0      0   6864      7      0      -      -      0      0      0 
 20260917    07:55:28       0      7     42      -      0      0      0      0      0      0    405    300      0      0   6864      7      0      -      -      0      0      0 
 20260917    07:55:29       0      7     42      -      0      0      0      0      0      0    405    300      0      0   6864      7      0      -      -      0      0      0 
 20260917    07:55:30       0      7     42      -      0      0      0      0      0      0    405    300      0      0   6864      7      0      -      -      0      0      0 
 20260917    07:55:31       0      7     42      -      0      0      0      0      0      0    405    300      0      0   6864      7      0      -      -      0      0      1 
 20260917    07:55:32       0      7     42      -      0      0      0      0      0      0    405    300      0      0   6864      7      0      -      -      0      4      1 
 20260917    07:55:33       0      7     42      -      0      0      0      0      0      0    405    300      0      0   6864      7      0      -      -      0      0      0 
 20260917    07:55:34       0      7     42      -      0      0      0      0      0      0    405    300      0      0   6864      7      0      -      -      0      0      0 
 20260917    07:55:35       0      7     42      -      0      0      0      0      0      0    405    300      0      0   6864      7      0      -      -      0      0      0 
 20260917    07:55:36       0      7     42      -      0      0      0      0      0      0    405    300      0      0   6864      7      0      -      -      0      0      0 
 20260917    07:55:37       0      7     42      -      0      0      0      0      0      0    405    300      0      0   6864      7      0      -      -      0      0      1 
 20260917    07:55:38       0      7     42      -      0      0      0      0      0      0    405    300      0      0   6864      7      0      -      -      0      0      0 
 20260917    07:55:39       0      7     42      -      0      0      0      0      0      0    405    300      0      0   6864      7      0      -      -      0      0      0 
 20260917    07:55:41       0      8     42      -      0      0      0      0      0      0    405    300      0      0   6864      7      0      -      -      0      0      0 
 20260917    07:55:42       0      7     42      -      0      0      0      0      0      0    405    300      0      0   6864      7      0      -      -      0      0      0 
 20260917    07:55:43       0      7     42      -      0      0      0      0      0      0    405    300      0      0   6864      7      0      -      -      0      0      0 
 20260917    07:55:44       0      7     42      -      0      0      0      0      0      0    405    300      0      0   6864      7      0      -      -      0      0      1 
 20260917    07:55:45       0      7     42      -      0      0      0      0      0      0    405    300      0      0   6864      7      0      -      -      0      0      0 
 20260917    07:55:46       0      7     42      -      0      0      0      0      0      0    405    300      0      0   6864      7      0      -      -      0      0      0 
 20260917    07:55:47       0      7     42      -      0      0      0      0      0      0    405    300      0      0   6864      7      0      -      -      0      0      0 
 20260917    07:55:48       0      7     42      -      0      0      0      0      0      0    405    300      0      0   6864      7      0      -      -      0      0      0 
 20260917    07:55:49       0      7     42      -      1      0      0      0      0      0    405    300      0      0   6864      7      0      -      -      0      0      0 
 20260917    07:55:50       0      7     42      -      0      0      0      0      0      0    405    300      0      0   6864      7      0      -      -      0      1      1 
 20260917    07:55:51       0      7     42      -      0      0      0      0      0      0    405    300      0      0   6864      7      0      -      -      0      0      0 
 20260917    07:55:52       0      7     42      -      0      0      0      0      0      0    405    300      0      0   6864      7      0      -      -      0      0      0 
 20260917    07:55:54       0      7     42      -      0      0      0      0      0      0    405    300      0      0   6864      7      0      -      -      0      0      0 
 20260917    07:55:55       0      7     42      -      0      0      0      0      0      0    405    300      0      0   6864      7      0      -      -      0      0      0 
 20260917    07:55:56       0      7     42      -      0      0      0      0      0      0    405    300      0      0   6864      7      0      -      -      0      0      0 
 20260917    07:55:57       0      7     41      -      0      0      0      0      0      0    405    300      0      0   6864      7      0      -      -      0      1      1 
 20260917    07:55:58       0      7     41      -      0      0      0      0      0      0    405    300      0      0   6864      7      0      -      -      0      0      0 
 20260917    07:55:59       0      7     41      -      0      0      0      0      0      0    405    300      0      0   6864      7      0      -      -      0      0      0 
 20260917    07:56:00       0      7     41      -      0      0      0      0      0      0    405    300      0      0   6864      7      0      -      -      0      0      0 
 20260917    07:56:01       0      7     41      -      0      0      0      0      0      0    405    300      0      0   6864      7      0      -      -      0      0      0 
 20260917    07:56:02       0      7     41      -      0      0      0      0      0      0    405    300      0      0   6864      7      0      -      -      0      0      0 
 20260917    07:56:03       0      7     41      -      0      0      0      0      0      0    405    300      0      0   6864      7      0      -      -      0      0      0 
 20260917    07:56:04       0      7     41      -      0      0      0      0      0      0    405    300      0      0   6864      7      0      -      -      0      1      1 
 20260917    07:56:05       0      8     41      -      0      0      0      0      0      0    405    300      0      0   6864      7      0      -      -      0      0      0 
 20260917    07:56:07       0      7     41      -      0      0      0      0      0      0    405    300      0      0   6864      7      0      -      -      0      0      1 
 20260917    07:56:08       0      7     41      -      0      0      0      0      0      0    405    300      0      0   6864      7      0      -      -      0      0      1 
#Date        Time         gpu    pwr  gtemp  mtemp     sm    mem    enc    dec    jpg    ofa   mclk   pclk  pviol  tviol     fb   bar1   ccpm  sbecc  dbecc    pci  rxpci  txpci 
#YYYYMMDD    HH:MM:SS     Idx      W      C      C      %      %      %      %      %      %    MHz    MHz      %   bool     MB     MB     MB   errs   errs   errs   MB/s   MB/s 
 20260917    07:56:09       0      7     41      -      0      0      0      0      0      0    405    300      0      0   6864      7      0      -      -      0      0      0 
 20260917    07:56:10       0      7     41      -      0      0      0      0      0      0    405    300      0      0   6864      7      0      -      -      0      1      1 
 20260917    07:56:11       0      7     41      -      0      0      0      0      0      0    405    300      0      0   6864      7      0      -      -      0      0      0 
 20260917    07:56:12       0      7     41      -      0      0      0      0      0      0    405    300      0      0   6864      7      0      -      -      0      0      0 
 20260917    07:56:13       0      7     41      -      0      0      0      0      0      0    405    300      0      0   6864      7      0      -      -      0      0      0 
 20260917    07:56:14       0      7     41      -      0      0      0      0      0      0    405    300      0      0   6864      7      0      -      -      0      1      1 
 20260917    07:56:15       0      7     41      -      0      0      0      0      0      0    405    300      0      0   6864      7      0      -      -      0      0      1 
 20260917    07:56:16       0      7     41      -      0      0      0      0      0      0    405    300      0      0   6864      7      0      -      -      0      0      0 
 20260917    07:56:17       0      7     41      -      0      0      0      0      0      0    405    300      0      0   6864      7      0      -      -      0      0      1 
 20260917    07:56:18       0      7     41      -      0      0      0      0      0      0    405    300      0      0   6864      7      0      -      -      0      0      0 
 20260917    07:56:20       0      7     41      -      0      0      0      0      0      0    405    300      0      0   6864      7      0      -      -      0      0      0 
 20260917    07:56:21       0      7     41      -      0      0      0      0      0      0    405    300      0      0   6864      7      0      -      -      0      0      5 
 20260917    07:56:22       0      7     41      -      0      0      0      0      0      0    405    300      0      0   6864      7      0      -      -      0      0      0 
 20260917    07:56:23       0      7     41      -      0      0      0      0      0      0    405    300      0      0   6864      7      0      -      -      0      0      0 
 20260917    07:56:24       0      7     41      -      0      0      0      0      0      0    405    300      0      0   6864      7      0      -      -      0      0      1 
 20260917    07:56:25       0      7     41      -      0      0      0      0      0      0    405    300      0      0   6864      7      0      -      -      0      0      0 
 20260917    07:56:26       0      7     41      -      0      0      0      0      0      0    405    300      0      0   6864      7      0      -      -      0      0      0 
 20260917    07:56:27       0      7     41      -      0      0      0      0      0      0    405    300      0      0   6864      7      0      -      -      0      0      0 
 20260917    07:56:28       0      7     41      -      0      0      0      0      0      0    405    300      0      0   6864      7      0      -      -      0      0      0 
 20260917    07:56:29       0      7     41      -      0      0      0      0      0      0    405    300      0      0   6864      7      0      -      -      0      0      0 
 20260917    07:56:30       0      7     41      -      0      0      0      0      0      0    405    300      0      0   6864      7      0      -      -      0      0      0 
 20260917    07:56:31       0      7     40      -      0      0      0      0      0      0    405    300      0      0   6864      7      0      -      -      0      0      0 
 20260917    07:56:33       0      7     40      -      0      0      0      0      0      0    405    300      0      0   6864      7      0      -      -      0      0      0 
 20260917    07:56:34       0      7     40      -      0      0      0      0      0      0    405    300      0      0   6864      7      0      -      -      0      0      0 
 20260917    07:56:35       0      7     40      -      0      0      0      0      0      0    405    300      0      0   6864      7      0      -      -      0      0      5 
 20260917    07:56:36       0      7     40      -      0      0      0      0      0      0    405    300      0      0   6864      7      0      -      -      0      0      0 
 20260917    07:56:37       0      7     40      -      0      0      0      0      0      0    405    300      0      0   6864      7      0      -      -      0      0      0 
 20260917    07:56:38       0      7     40      -      0      0      0      0      0      0    405    300      0      0   6864      7      0      -      -      0      0      0 
 20260917    07:56:39       0      7     40      -      0      0      0      0      0      0    405    300      0      0   6864      7      0      -      -      0      0      0 
 20260917    07:56:40       0      7     40      -      0      0      0      0      0      0    405    300      0      0   6864      7      0      -      -      0      0      0 
 20260917    07:56:41       0      7     40      -      0      0      0      0      0      0    405    300      0      0   6864      7      0      -      -      0      0      0 
 20260917    07:56:42       0      7     40      -      0      0      0      0      0      0    405    300      0      0   6864      7      0      -      -      0      0      0 
 20260917    07:56:43       0      7     40      -      0      0      0      0      0      0    405    300      0      0   6864      7      0      -      -      0      0      1 
 20260917    07:56:44       0      7     40      -      0      0      0      0      0      0    405    300      0      0   6864      7      0      -      -      0      0      0 
 20260917    07:56:46       0      7     40      -      0      0      0      0      0      0    405    300      0      0   6864      7      0      -      -      0      0      1 
 20260917    07:56:47       0      7     40      -      1      0      0      0      0      0    405    300      0      0   6864      7      0      -      -      0      1      1 
 20260917    07:56:48       0      7     40      -      0      0      0      0      0      0    405    300      0      0   6864      7      0      -      -      0      0      0 
 20260917    07:56:49       0      7     40      -      0      0      0      0      0      0    405    300      0      0   6864      7      0      -      -      0      0      4 
 20260917    07:56:50       0      7     40      -      0      0      0      0      0      0    405    300      0      0   6864      7      0      -      -      0      0      0 
 20260917    07:56:51       0      7     40      -      0      0      0      0      0      0    405    300      0      0   6864      7      0      -      -      0      0      0 
 20260917    07:56:52       0      7     40      -      0      0      0      0      0      0    405    300      0      0   6864      7      0      -      -      0      0      0 
 20260917    07:56:53       0      6     40      -      0      0      0      0      0      0    405    300      0      0   6864      7      0      -      -      0      0      0 
 20260917    07:56:54       0      7     40      -      0      0      0      0      0      0    405    300      0      0   6864      7      0      -      -      0      0      0 
 20260917    07:56:55       0      7     40      -      0      0      0      0      0      0    405    300      0      0   6864      7      0      -      -      0      0      0 
#Date        Time         gpu    pwr  gtemp  mtemp     sm    mem    enc    dec    jpg    ofa   mclk   pclk  pviol  tviol     fb   bar1   ccpm  sbecc  dbecc    pci  rxpci  txpci 
#YYYYMMDD    HH:MM:SS     Idx      W      C      C      %      %      %      %      %      %    MHz    MHz      %   bool     MB     MB     MB   errs   errs   errs   MB/s   MB/s 
 20260917    07:56:56       0      7     40      -      0      0      0      0      0      0    405    300      0      0   6864      7      0      -      -      0      0      0 
 20260917    07:56:57       0      7     40      -      0      0      0      0      0      0    405    300      0      0   6864      7      0      -      -      0      0      0 
 20260917    07:56:59       0      7     40      -      0      0      0      0      0      0    405    300      0      0   6864      7      0      -      -      0      1      1 
 20260917    07:57:00       0      7     40      -      0      0      0      0      0      0    405    300      0      0   6864      7      0      -      -      0      0      0 
 20260917    07:57:01       0      7     40      -      0      0      0      0      0      0    405    300      0      0   6864      7      0      -      -      0      1      1 
 20260917    07:57:02       0      7     40      -      0      0      0      0      0      0    405    300      0      0   6864      7      0      -      -      0      0      0 
 20260917    07:57:03       0      7     40      -      0      0      0      0      0      0    405    300      0      0   6864      7      0      -      -      0      0      4 
 20260917    07:57:04       0      7     40      -      0      0      0      0      0      0    405    300      0      0   6864      7      0      -      -      0      0      1 
 20260917    07:57:05       0      7     40      -      0      0      0      0      0      0    405    300      0      0   6864      7      0      -      -      0      0      0 
 20260917    07:57:06       0      7     40      -      0      0      0      0      0      0    405    300      0      0   6864      7      0      -      -      0      0      0 
 20260917    07:57:07       0      7     40      -      0      0      0      0      0      0    405    300      0      0   6864      7      0      -      -      0      1      1 
 20260917    07:57:08       0      7     40      -      0      0      0      0      0      0    405    300      0      0   6864      7      0      -      -      0      1      1 
 20260917    07:57:09       0      7     40      -      0      0      0      0      0      0    405    300      0      0   6864      7      0      -      -      0      0      0 
 20260917    07:57:10       0      7     40      -      0      0      0      0      0      0    405    300      0      0   6864      7      0      -      -      0      2      0 
 20260917    07:57:12       0      7     40      -      0      0      0      0      0      0    405    300      0      0   6864      7      0      -      -      0      0      1 
 20260917    07:57:13       0      7     40      -      0      0      0      0      0      0    405    300      0      0   6864      7      0      -      -      0      0      0 
 20260917    07:57:14       0      7     40      -      0      0      0      0      0      0    405    300      0      0   6864      7      0      -      -      0      0      0 
 20260917    07:57:15       0      7     40      -      0      0      0      0      0      0    405    300      0      0   6864      7      0      -      -      0      1      1 
 20260917    07:57:16       0      7     40      -      0      0      0      0      0      0    405    300      0      0   6864      7      0      -      -      0      0      0 
 20260917    07:57:17       0      7     40      -      0      0      0      0      0      0    405    300      0      0   6864      7      0      -      -      0      4      1 
 20260917    07:57:18       0      7     40      -      0      0      0      0      0      0    405    300      0      0   6864      7      0      -      -      0      0      1 
 20260917    07:57:19       0      7     40      -      0      0      0      0      0      0    405    300      0      0   6864      7      0      -      -      0      0      1 
 20260917    07:57:20       0     42     41      -     17      1      0      0      0      0   6500   1620      0      0   6864      7      0      -      -      0   5142    760 
 20260917    07:57:21       0     53     43      -      0      0      0      0      0      0   6500   1935      0      0   6864      7      0      -      -      0      0      0 
 20260917    07:57:22       0     40     42      -      0      0      0      0      0      0   6500   1620      0      0   6864      7      0      -      -      0      5      0 
 20260917    07:57:23       0     43     43      -     34      1      0      0      0      0   6500   1620      0      0   6864      7      0      -      -      0      0  10860 
 20260917    07:57:24       0     55     44      -    100      4      0      0      0      0   6500   1935      0      0   6864      7      0      -      -      0   7015   1496 
 20260917    07:57:25       0     55     44      -    100      4      0      0      0      0   6500   1935      0      0   6864      7      0      -      -      0      0  14331 
 20260917    07:57:27       0     56     44      -    100      4      0      0      0      0   6500   1935      0      0   6864      7      0      -      -      0  12955   5866 
 20260917    07:57:28       0     56     44      -    100      4      0      0      0      0   6500   1935      0      0   6864      7      0      -      -      0  11992   1502 
 20260917    07:57:29       0     56     44      -    100      4      0      0      0      0   6500   1935      0      0   6864      7      0      -      -      0   8764   7960 
 20260917    07:57:30       0     56     44      -    100      4      0      0      0      0   6500   1935      0      0   6864      7      0      -      -      0  10495  14297 
 20260917    07:57:31       0     56     45      -    100      4      0      0      0      0   6500   1935      0      0   6864      7      0      -      -      0      0   4675 
 20260917    07:57:32       0     56     45      -    100      4      0      0      0      0   6500   1935      0      0   6864      7      0      -      -      0   1133  14300 
 20260917    07:57:33       0     56     45      -    100      4      0      0      0      0   6500   1935      0      0   6864      7      0      -      -      0  12955   1507 
 20260917    07:57:34       0     54     45      -     27      1      0      0      0      0   6500   1935      0      0   6864      7      0      -      -      0     55      7 
 20260917    07:57:35       0     54     45      -      0      0      0      0      0      0   6500   1935      0      0   6864      7      0      -      -      0     55      0 
 20260917    07:57:36       0     41     45      -      1      0      0      0      0      0   6500   1620      0      0   6864      7      0      -      -      0     55     13 
 20260917    07:57:37       0     41     45      -      1      0      0      0      0      0   6500   1620      0      0   6864      7      0      -      -      0     55      7 
 20260917    07:57:38       0     41     45      -      0      0      0      0      0      0   6500   1620      0      0   6864      7      0      -      -      0     55     19 
 20260917    07:57:39       0     41     45      -      0      0      0      0      0      0   6500   1620      0      0   6864      7      0      -      -      0     55      7 
 20260917    07:57:40       0     41     45      -      1      0      0      0      0      0   6500   1620      0      0   6864      7      0      -      -      0     55      7 
 20260917    07:57:41       0     41     45      -      0      0      0      0      0      0   6500   1620      0      0   6864      7      0      -      -      0    110      7 
 20260917    07:57:43       0     41     45      -      1      0      0      0      0      0   6500   1620      0      0   6864      7      0      -      -      0    110     17 
#Date        Time         gpu    pwr  gtemp  mtemp     sm    mem    enc    dec    jpg    ofa   mclk   pclk  pviol  tviol     fb   bar1   ccpm  sbecc  dbecc    pci  rxpci  txpci 
#YYYYMMDD    HH:MM:SS     Idx      W      C      C      %      %      %      %      %      %    MHz    MHz      %   bool     MB     MB     MB   errs   errs   errs   MB/s   MB/s 
 20260917    07:57:44       0     41     45      -      0      0      0      0      0      0   6500   1620      0      0   6864      7      0      -      -      0     58      6 
 20260917    07:57:45       0     41     45      -      0      0      0      0      0      0   6500   1620      0      0   6864      7      0      -      -      0     55      6 
 20260917    07:57:46       0     41     45      -      0      0      0      0      0      0   6500   1620      0      0   6864      7      0      -      -      0    110     13 
 20260917    07:57:47       0     41     45      -      0      0      0      0      0      0   6500   1620      0      0   6864      7      0      -      -      0     55      7 
 20260917    07:57:48       0     41     45      -      0      0      0      0      0      0   6500   1620      0      0   6864      7      0      -      -      0    164      7 
 20260917    07:57:49       0     40     45      -      0      0      0      0      0      0   6500   1620      0      0   6864      7      0      -      -      0      0     13 
 20260917    07:57:50       0     41     45      -      0      0      0      0      0      0   6500   1620      0      0   6864      7      0      -      -      0     55      0 
 20260917    07:57:51       0     41     45      -      0      0      0      0      0      0   6500   1620      0      0   6864      7      0      -      -      0     55      6 
 20260917    07:57:52       0     41     45      -      0      0      0      0      0      0   6500   1620      0      0   6864      7      0      -      -      0     58      6 
 20260917    07:57:53       0     41     45      -      1      0      0      0      0      0   6500   1620      0      0   6864      7      0      -      -      0    164      0 
 20260917    07:57:54       0     41     45      -      0      0      0      0      0      0   6500   1620      0      0   6864      7      0      -      -      0     55      6 
 20260917    07:57:55       0     41     45      -      0      0      0      0      0      0   6500   1620      0      0   6864      7      0      -      -      0     55     13 
 20260917    07:57:56       0     41     45      -      0      0      0      0      0      0   6500   1620      0      0   6864      7      0      -      -      0     55     13 
 20260917    07:57:57       0     41     45      -      2      0      0      0      0      0   6500   1620      0      0   6864      7      0      -      -      0      0   3102 
 20260917    07:57:58       0     41     46      -     21      1      0      0      0      0   6500   1620      0      0   6864      7      0      -      -      0   2844    272 
 20260917    07:58:00       0     41     46      -     20      1      0      0      0      0   6500   1620      0      0   6864      7      0      -      -      0   2516   1169 
 20260917    07:58:01       0     41     46      -     19      1      0      0      0      0   6500   1620      0      0   6864      7      0      -      -      0      1   3155 
 20260917    07:58:02       0     41     46      -     21      1      0      0      0      0   6500   1620      0      0   6864      7      0      -      -      0      1   3038 
 20260917    07:58:03       0     41     46      -      0      0      0      0      0      0   6500   1620      0      0   6864      7      0      -      -      0     55     19 
 20260917    07:58:04       0     41     46      -      0      0      0      0      0      0   6500   1620      0      0   6864      7      0      -      -      0    109     13 
 20260917    07:58:05       0     41     46      -      0      0      0      0      0      0   6500   1620      0      0   6864      7      0      -      -      0     55      6 
 20260917    07:58:06       0     41     46      -      0      0      0      0      0      0   6500   1620      0      0   6864      7      0      -      -      0     55     13 
 20260917    07:58:07       0     41     46      -      1      0      0      0      0      0   6500   1620      0      0   6864      7      0      -      -      0     56     13 
 20260917    07:58:08       0     41     46      -      1      0      0      0      0      0   6500   1620      0      0   6864      7      0      -      -      0    109      0 
 20260917    07:58:09       0     41     46      -      1      0      0      0      0      0   6500   1620      0      0   6864      7      0      -      -      0     55     11 
 20260917    07:58:10       0     41     46      -      0      0      0      0      0      0   6500   1620      0      0   6864      7      0      -      -      0    109     13 
 20260917    07:58:11       0     41     46      -      2      0      0      0      0      0   6500   1620      0      0   6864      7      0      -      -      0     55     19 
 20260917    07:58:12       0     41     46      -      0      0      0      0      0      0   6500   1620      0      0   6864      7      0      -      -      0     56     13 
 20260917    07:58:13       0     41     46      -      1      0      0      0      0      0   6500   1620      0      0   6864      7      0      -      -      0    109      6 
 20260917    07:58:14       0     41     46      -      1      0      0      0      0      0   6500   1620      0      0   6864      7      0      -      -      0     55      6 
 20260917    07:58:16       0     41     46      -      0      0      0      0      0      0   6500   1620      0      0   6864      7      0      -      -      0    109     13 
 20260917    07:58:17       0     41     46      -      1      0      0      0      0      0   6500   1620      0      0   6864      7      0      -      -      0    110      7 
 20260917    07:58:18       0     41     46      -      0      0      0      0      0      0   6500   1620      0      0   6864      7      0      -      -      0     55     10 
 20260917    07:58:19       0     42     47      -     20      1      0      0      0      0   6500   1620      0      0   6864      7      0      -      -      0      0    313 
 20260917    07:58:20       0     42     46      -     20      1      0      0      0      0   6500   1620      0      0   6864      7      0      -      -      0   2735   2313 
 20260917    07:58:21       0     42     47      -     21      1      0      0      0      0   6500   1620      0      0   6864      7      0      -      -      0   2516    313 
 20260917    07:58:22       0     42     47      -     19      1      0      0      0      0   6500   1620      0      0   6864      7      0      -      -      0      0   1525 
 20260917    07:58:23       0     41     47      -     19      1      0      0      0      0   6500   1620      0      0   6864      7      0      -      -      0      1   1782 
 20260917    07:58:24       0     42     47      -     18      1      0      0      0      0   6500   1620      0      0   6864      7      0      -      -      0      1      0 
 20260917    07:58:25       0     41     47      -      3      0      0      0      0      0   6500   1620      0      0   6864      7      0      -      -      0     59      0 
 20260917    07:58:26       0     42     47      -     20      1      0      0      0      0   6500   1620      0      0   6864      7      0      -      -      0      2      7 
 20260917    07:58:27       0     41     47      -      0      0      0      0      0      0   6500   1620      0      0   6864      7      0      -      -      0     58      0 
 20260917    07:58:28       0     42     47      -      0      0      0      0      0      0   6500   1620      0      0   6864      7      0      -      -      0      0      0 
 20260917    07:58:29       0     41     47      -      1      0      0      0      0      0   6500   1620      0      0   6864      7      0      -      -      0     55     13 
#Date        Time         gpu    pwr  gtemp  mtemp     sm    mem    enc    dec    jpg    ofa   mclk   pclk  pviol  tviol     fb   bar1   ccpm  sbecc  dbecc    pci  rxpci  txpci 
#YYYYMMDD    HH:MM:SS     Idx      W      C      C      %      %      %      %      %      %    MHz    MHz      %   bool     MB     MB     MB   errs   errs   errs   MB/s   MB/s 
 20260917    07:58:30       0     41     47      -      1      0      0      0      0      0   6500   1620      0      0   6864      7      0      -      -      0     55      6 
 20260917    07:58:31       0     41     47      -      0      0      0      0      0      0   6500   1620      0      0   6864      7      0      -      -      0     55     13 
 20260917    07:58:33       0     41     47      -      0      0      0      0      0      0   6500   1620      0      0   6864      7      0      -      -      0     55      7 
 20260917    07:58:34       0     41     47      -      1      0      0      0      0      0   6500   1620      0      0   6864      7      0      -      -      0    110    682 
 20260917    07:58:35       0     41     47      -      1      0      0      0      0      0   6500   1620      0      0   6864      7      0      -      -      0     55     13 
 20260917    07:58:36       0     41     47      -      0      0      0      0      0      0   6500   1620      0      0   6864      7      0      -      -      0     56     15 
 20260917    07:58:37       0     41     47      -      1      0      0      0      0      0   6500   1620      0      0   6864      7      0      -      -      0     55      0 
 20260917    07:58:38       0     41     47      -      0      0      0      0      0      0   6500   1620      0      0   6864      7      0      -      -      0     55      0 
 20260917    07:58:39       0     41     47      -      0      0      0      0      0      0   6500   1620      0      0   6864      7      0      -      -      0     55      7 
 20260917    07:58:40       0     42     47      -     18      1      0      0      0      0   6500   1620      0      0   6864      7      0      -      -      0      1   3094 
 20260917    07:58:41       0     42     47      -     19      1      0      0      0      0   6500   1620      0      0   6864      7      0      -      -      0   1750    295 
 20260917    07:58:42       0     42     47      -     21      1      0      0      0      0   6500   1620      0      0   6864      7      0      -      -      0   2516    426 
 20260917    07:58:43       0     42     47      -     22      1      0      0      0      0   6500   1620      0      0   6864      7      0      -      -      0   2516    294 
 20260917    07:58:44       0     42     47      -      8      0      0      0      0      0   6500   1620      0      0   6864      7      0      -      -      0      1      5 
 20260917    07:58:45       0     41     47      -      8      0      0      0      0      0   6500   1620      0      0   6864      7      0      -      -      0      0   1776 
 20260917    07:58:46       0     41     47      -      0      0      0      0      0      0   6500   1620      0      0   6864      7      0      -      -      0     55      6 
 20260917    07:58:47       0     42     47      -      0      0      0      0      0      0   6500   1620      0      0   6864      7      0      -      -      0    109      6 
 20260917    07:58:48       0     41     47      -      0      0      0      0      0      0   6500   1620      0      0   6864      7      0      -      -      0     55      6 
 20260917    07:58:50       0     41     47      -      1      0      0      0      0      0   6500   1620      0      0   6864      7      0      -      -      0    110     13 
 20260917    07:58:51       0     41     47      -      0      0      0      0      0      0   6500   1620      0      0   6864      7      0      -      -      0     55     13 
 20260917    07:58:52       0     41     47      -      5      0      0      0      0      0   6500   1620      0      0   6864      7      0      -      -      0     56     13 
 20260917    07:58:53       0     41     47      -      0      0      0      0      0      0   6500   1620      0      0   6864      7      0      -      -      0     55      6 
 20260917    07:58:54       0     41     47      -      0      0      0      0      0      0   6500   1620      0      0   6864      7      0      -      -      0      0      6 
 20260917    07:58:55       0     41     48      -      0      0      0      0      0      0   6500   1620      0      0   6864      7      0      -      -      0     55      6 
 20260917    07:58:56       0     41     47      -      0      0      0      0      0      0   6500   1620      0      0   6864      7      0      -      -      0      0      6 
 20260917    07:58:57       0     41     48      -      0      0      0      0      0      0   6500   1620      0      0   6864      7      0      -      -      0      0      0 
 20260917    07:58:58       0     42     48      -     22      1      0      0      0      0   6500   1620      0      0   6864      7      0      -      -      0   2463    282 
 20260917    07:58:59       0     42     48      -     22      1      0      0      0      0   6500   1620      0      0   6864      7      0      -      -      0      1   3103 
 20260917    07:59:00       0     42     48      -     21      1      0      0      0      0   6500   1620      0      0   6864      7      0      -      -      0   2735    326 
 20260917    07:59:01       0     41     48      -      0      0      0      0      0      0   6500   1620      0      0   6864      7      0      -      -      0     55      6 
 20260917    07:59:02       0     41     48      -     14      1      0      0      0      0   6500   1620      0      0   6864      7      0      -      -      0    878   2982 
 20260917    07:59:03       0     41     48      -      1      0      0      0      0      0   6500   1620      0      0   6864      7      0      -      -      0     55      7 
 20260917    07:59:04       0     42     48      -     19      1      0      0      0      0   6500   1620      0      0   6864      7      0      -      -      0   2446    288 
 20260917    07:59:05       0     42     48      -      0      0      0      0      0      0   6500   1620      0      0   6864      7      0      -      -      0      0      0 
 20260917    07:59:07       0     42     48      -     10      0      0      0      0      0   6500   1620      0      0   6864      7      0      -      -      0   2461   2882 
 20260917    07:59:08       0     42     48      -      0      0      0      0      0      0   6500   1620      0      0   6864      7      0      -      -      0     55      0 
 20260917    07:59:09       0     42     48      -      0      0      0      0      0      0   6500   1620      0      0   6864      7      0      -      -      0     55     13 
 20260917    07:59:10       0     42     48      -      0      0      0      0      0      0   6500   1620      0      0   6864      7      0      -      -      0     55      6 
 20260917    07:59:11       0     42     48      -      0      0      0      0      0      0   6500   1620      0      0   6864      7      0      -      -      0     57      6 
 20260917    07:59:12       0     42     48      -      1      0      0      0      0      0   6500   1620      0      0   6864      7      0      -      -      0     55      0 
 20260917    07:59:13       0     42     48      -      1      0      0      0      0      0   6500   1620      0      0   6864      7      0      -      -      0      0   2138 
 20260917    07:59:14       0     41     48      -      0      0      0      0      0      0   6500   1620      0      0   6864      7      0      -      -      0     55      7 
 20260917    07:59:15       0     41     48      -      0      0      0      0      0      0   6500   1620      0      0   6864      7      0      -      -      0     55      7 
 20260917    07:59:16       0     42     48      -     18      1      0      0      0      0   6500   1620      0      0   6864      7      0      -      -      0   2790   1832 
#Date        Time         gpu    pwr  gtemp  mtemp     sm    mem    enc    dec    jpg    ofa   mclk   pclk  pviol  tviol     fb   bar1   ccpm  sbecc  dbecc    pci  rxpci  txpci 
#YYYYMMDD    HH:MM:SS     Idx      W      C      C      %      %      %      %      %      %    MHz    MHz      %   bool     MB     MB     MB   errs   errs   errs   MB/s   MB/s 
 20260917    07:59:17       0     42     48      -     22      1      0      0      0      0   6500   1620      0      0   6864      7      0      -      -      0      0   3038 
 20260917    07:59:18       0     41     48      -      0      0      0      0      0      0   6500   1620      0      0   6864      7      0      -      -      0   1477    250 
 20260917    07:59:19       0     42     48      -     20      1      0      0      0      0   6500   1620      0      0   6864      7      0      -      -      0      0   2757 
 20260917    07:59:20       0     42     48      -      0      0      0      0      0      0   6500   1620      0      0   6864      7      0      -      -      0     55      7 
 20260917    07:59:21       0     41     48      -      0      0      0      0      0      0   6500   1620      0      0   6864      7      0      -      -      0     55      7 
 20260917    07:59:23       0     41     48      -      7      0      0      0      0      0   6500   1620      0      0   6864      7      0      -      -      0     55      6 
 20260917    07:59:24       0     41     48      -      0      0      0      0      0      0   6500   1620      0      0   6864      7      0      -      -      0      0      6 
 20260917    07:59:25       0     41     48      -      0      0      0      0      0      0   6500   1620      0      0   6864      7      0      -      -      0      0      6 
 20260917    07:59:26       0     41     48      -      1      0      0      0      0      0   6500   1620      0      0   6864      7      0      -      -      0     55      6 
 20260917    07:59:27       0     41     48      -      1      0      0      0      0      0   6500   1620      0      0   6864      7      0      -      -      0     56      7 
 20260917    07:59:28       0     41     48      -      0      0      0      0      0      0   6500   1620      0      0   6864      7      0      -      -      0      4      6 
 20260917    07:59:29       0     41     48      -      0      0      0      0      0      0   6500   1620      0      0   6864      7      0      -      -      0    110      7 
 20260917    07:59:30       0     41     48      -      0      0      0      0      0      0   6500   1620      0      0   6864      7      0      -      -      0    657    163 
 20260917    07:59:31       0     42     48      -     20      1      0      0      0      0   6500   1620      0      0   6864      7      0      -      -      0      1   3058 
 20260917    07:59:32       0     42     49      -     21      1      0      0      0      0   6500   1620      0      0   6864      7      0      -      -      0      1     62 
 20260917    07:59:33       0     41     49      -      0      0      0      0      0      0   6500   1620      0      0   6864      7      0      -      -      0     55     13 
 20260917    07:59:34       0     41     49      -      0      0      0      0      0      0   6500   1620      0      0   6864      7      0      -      -      0     55      7 
 20260917    07:59:35       0     41     49      -      1      0      0      0      0      0   6500   1620      0      0   6864      7      0      -      -      0      0      7 
 20260917    07:59:36       0     41     49      -      0      0      0      0      0      0   6500   1620      0      0   6864      7      0      -      -      0     55     13 
 20260917    07:59:37       0     41     49      -      0      0      0      0      0      0   6500   1620      0      0   6864      7      0      -      -      0     56      3 
 20260917    07:59:38       0     41     49      -      0      0      0      0      0      0   6500   1620      0      0   6864      7      0      -      -      0     56      7 
 20260917    07:59:40       0     41     49      -      1      0      0      0      0      0   6500   1620      0      0   6864      7      0      -      -      0     55      7 
 20260917    07:59:41       0     41     49      -      0      0      0      0      0      0   6500   1620      0      0   6864      7      0      -      -      0     55      6 
 20260917    07:59:42       0     41     49      -      1      0      0      0      0      0   6500   1620      0      0   6864      7      0      -      -      0     55      6 
 20260917    07:59:43       0     42     49      -      7      0      0      0      0      0   6500   1620      0      0   6864      7      0      -      -      0      1   1115 
 20260917    07:59:44       0     42     49      -     19      1      0      0      0      0   6500   1620      0      0   6864      7      0      -      -      0      1   3150 
 20260917    07:59:45       0     42     49      -     22      1      0      0      0      0   6500   1620      0      0   6864      7      0      -      -      0    110    176 
 20260917    07:59:46       0     42     49      -     22      1      0      0      0      0   6500   1620      0      0   6864      7      0      -      -      0      4   2813 
 20260917    07:59:47       0     41     49      -      9      0      0      0      0      0   6500   1620      0      0   6864      7      0      -      -      0      1      7 
 20260917    07:59:48       0     43     49      -     19      1      0      0      0      0   6500   1620      0      0   6864      7      0      -      -      0   2680    294 
 20260917    07:59:49       0     41     49      -      1      0      0      0      0      0   6500   1620      0      0   6864      7      0      -      -      0      3      7 
 20260917    07:59:50       0     41     49      -      0      0      0      0      0      0   6500   1620      0      0   6864      7      0      -      -      0     56      7 
 20260917    07:59:51       0     41     49      -      0      0      0      0      0      0   6500   1620      0      0   6864      7      0      -      -      0     55      7 
 20260917    07:59:52       0     41     49      -      1      0      0      0      0      0   6500   1620      0      0   6864      7      0      -      -      0    109      6 
 20260917    07:59:53       0     41     49      -      0      0      0      0      0      0   6500   1620      0      0   6864      7      0      -      -      0     55      0 
 20260917    07:59:54       0     42     49      -      0      0      0      0      0      0   6500   1620      0      0   6864      7      0      -      -      0    109      6 
 20260917    07:59:56       0     42     49      -      0      0      0      0      0      0   6500   1620      0      0   6864      7      0      -      -      0     59      7 
 20260917    07:59:57       0     42     49      -      0      0      0      0      0      0   6500   1620      0      0   6864      7      0      -      -      0      0      6 
 20260917    07:59:58       0     42     49      -      0      0      0      0      0      0   6500   1620      0      0   6864      7      0      -      -      0     55      7 
 20260917    07:59:59       0     42     49      -      1      0      0      0      0      0   6500   1620      0      0   6864      7      0      -      -      0     55      6 
 20260917    08:00:00       0     43     49      -     21      1      0      0      0      0   6500   1620      0      0   6864      7      0      -      -      0   2762    307 
 20260917    08:00:01       0     43     49      -     21      1      0      0      0      0   6500   1620      0      0   6864      7      0      -      -      0   2634    288 
 20260917    08:00:02       0     43     49      -     21      1      0      0      0      0   6500   1620      0      0   6864      7      0      -      -      0   2772    325 
 20260917    08:00:03       0     43     49      -     20      1      0      0      0      0   6500   1620      0      0   6864      7      0      -      -      0      1   2195 
#Date        Time         gpu    pwr  gtemp  mtemp     sm    mem    enc    dec    jpg    ofa   mclk   pclk  pviol  tviol     fb   bar1   ccpm  sbecc  dbecc    pci  rxpci  txpci 
#YYYYMMDD    HH:MM:SS     Idx      W      C      C      %      %      %      %      %      %    MHz    MHz      %   bool     MB     MB     MB   errs   errs   errs   MB/s   MB/s 
 20260917    08:00:04       0     42     49      -      0      0      0      0      0      0   6500   1620      0      0   6864      7      0      -      -      0      0      0 
 20260917    08:00:05       0     43     49      -      7      0      0      0      0      0   6500   1620      0      0   6864      7      0      -      -      0      1   2926 
 20260917    08:00:06       0     42     49      -      0      0      0      0      0      0   6500   1620      0      0   6864      7      0      -      -      0     55      0 
 20260917    08:00:07       0     42     49      -      4      0      0      0      0      0   6500   1620      0      0   6864      7      0      -      -      0   2571    306 
 20260917    08:00:08       0     42     49      -      0      0      0      0      0      0   6500   1620      0      0   6864      7      0      -      -      0      0      7 
 20260917    08:00:09       0     42     49      -      1      0      0      0      0      0   6500   1620      0      0   6864      7      0      -      -      0     55      7 
 20260917    08:00:10       0     42     49      -      0      0      0      0      0      0   6500   1620      0      0   6864      7      0      -      -      0      0      6 
 20260917    08:00:11       0     42     49      -      0      0      0      0      0      0   6500   1620      0      0   6864      7      0      -      -      0     55      0 
 20260917    08:00:13       0     42     49      -      1      0      0      0      0      0   6500   1620      0      0   6864      7      0      -      -      0     55     13 
 20260917    08:00:14       0     42     49      -      0      0      0      0      0      0   6500   1620      0      0   6864      7      0      -      -      0     55      7 
 20260917    08:00:15       0     42     49      -      1      0      0      0      0      0   6500   1620      0      0   6864      7      0      -      -      0     55     13 
 20260917    08:00:16       0     42     49      -      0      0      0      0      0      0   6500   1620      0      0   6864      7      0      -      -      0     55      6 
 20260917    08:00:17       0     42     49      -      7      0      0      0      0      0   6500   1620      0      0   6864      7      0      -      -      0     55      0 
 20260917    08:00:18       0     42     49      -      0      0      0      0      0      0   6500   1620      0      0   6864      7      0      -      -      0    109    106 
 20260917    08:00:19       0     42     49      -     21      1      0      0      0      0   6500   1620      0      0   6864      7      0      -      -      0      1   2982 
 20260917    08:00:20       0     43     49      -     23      1      0      0      0      0   6500   1620      0      0   6864      7      0      -      -      0      1   3094 
 20260917    08:00:21       0     42     49      -      2      0      0      0      0      0   6500   1620      0      0   6864      7      0      -      -      0      4      6 
 20260917    08:00:22       0     42     49      -     17      1      0      0      0      0   6500   1620      0      0   6864      7      0      -      -      0      1   2757 
 20260917    08:00:23       0     42     49      -      0      0      0      0      0      0   6500   1620      0      0   6864      7      0      -      -      0     55      0 
 20260917    08:00:24       0     42     49      -      0      0      0      0      0      0   6500   1620      0      0   6864      7      0      -      -      0     55      7 
 20260917    08:00:25       0     42     49      -      8      0      0      0      0      0   6500   1620      0      0   6864      7      0      -      -      0      0      6 
 20260917    08:00:26       0     42     49      -      0      0      0      0      0      0   6500   1620      0      0   6864      7      0      -      -      0     55      6 
 20260917    08:00:27       0     42     49      -      1      0      0      0      0      0   6500   1620      0      0   6864      7      0      -      -      0     55      7 
 20260917    08:00:28       0     42     49      -      0      0      0      0      0      0   6500   1620      0      0   6864      7      0      -      -      0     55      7 
 20260917    08:00:30       0     42     49      -      0      0      0      0      0      0   6500   1620      0      0   6864      7      0      -      -      0     56      7 
 20260917    08:00:31       0     42     49      -      0      0      0      0      0      0   6500   1620      0      0   6864      7      0      -      -      0     59      7 
 20260917    08:00:32       0     42     49      -      0      0      0      0      0      0   6500   1620      0      0   6864      7      0      -      -      0     55      6 
 20260917    08:00:33       0     42     49      -      0      0      0      0      0      0   6500   1620      0      0   6864      7      0      -      -      0     55      7 
 20260917    08:00:34       0     42     49      -      0      0      0      0      0      0   6500   1620      0      0   6864      7      0      -      -      0     55      6 
 20260917    08:00:35       0     42     49      -     18      1      0      0      0      0   6500   1620      0      0   6864      7      0      -      -      0      1   3158 
 20260917    08:00:36       0     43     49      -     17      1      0      0      0      0   6500   1620      0      0   6864      7      0      -      -      0   2790    257 
 20260917    08:00:37       0     43     49      -     20      1      0      0      0      0   6500   1620      0      0   6864      7      0      -      -      0   1040    276 
 20260917    08:00:38       0     42     49      -     17      1      0      0      0      0   6500   1620      0      0   6864      7      0      -      -      0      4   3134 
 20260917    08:00:39       0     42     49      -      1      0      0      0      0      0   6500   1620      0      0   6864      7      0      -      -      0     55     13 
 20260917    08:00:40       0     42     49      -      3      0      0      0      0      0   6500   1620      0      0   6864      7      0      -      -      0     55      7 
 20260917    08:00:41       0     42     49      -      3      0      0      0      0      0   6500   1620      0      0   6864      7      0      -      -      0   1149    212 
 20260917    08:00:42       0     42     49      -     17      1      0      0      0      0   6500   1620      0      0   6864      7      0      -      -      0    602   2469 
 20260917    08:00:43       0     42     49      -      0      0      0      0      0      0   6500   1620      0      0   6864      7      0      -      -      0     55      6 
 20260917    08:00:44       0     42     50      -      0      0      0      0      0      0   6500   1620      0      0   6864      7      0      -      -      0     55      6 
 20260917    08:00:46       0     42     49      -      1      0      0      0      0      0   6500   1620      0      0   6864      7      0      -      -      0     55      6 
 20260917    08:00:47       0     42     49      -      0      0      0      0      0      0   6500   1620      0      0   6864      7      0      -      -      0     55      7 
 20260917    08:00:48       0     42     50      -      0      0      0      0      0      0   6500   1620      0      0   6864      7      0      -      -      0     55      1 
 20260917    08:00:49       0     42     50      -      0      0      0      0      0      0   6500   1620      0      0   6864      7      0      -      -      0      0   2757 
 20260917    08:00:50       0     42     49      -      0      0      0      0      0      0   6500   1620      0      0   6864      7      0      -      -      0      0      0 
#Date        Time         gpu    pwr  gtemp  mtemp     sm    mem    enc    dec    jpg    ofa   mclk   pclk  pviol  tviol     fb   bar1   ccpm  sbecc  dbecc    pci  rxpci  txpci 
#YYYYMMDD    HH:MM:SS     Idx      W      C      C      %      %      %      %      %      %    MHz    MHz      %   bool     MB     MB     MB   errs   errs   errs   MB/s   MB/s 
 20260917    08:00:51       0     42     50      -      0      0      0      0      0      0   6500   1620      0      0   6864      7      0      -      -      0      0      7 
 20260917    08:00:52       0     42     50      -      0      0      0      0      0      0   6500   1620      0      0   6864      7      0      -      -      0     55      6 
 20260917    08:00:53       0     43     50      -      2      0      0      0      0      0   6500   1620      0      0   6864      7      0      -      -      0    109     13 
 20260917    08:00:54       0     42     50      -      1      0      0      0      0      0   6500   1620      0      0   6864      7      0      -      -      0     55      7 
 20260917    08:00:55       0     43     50      -     22      1      0      0      0      0   6500   1620      0      0   6864      7      0      -      -      0   1914    201 
 20260917    08:00:56       0     43     50      -     17      1      0      0      0      0   6500   1620      0      0   6864      7      0      -      -      0   2735    276 
 20260917    08:00:57       0     42     50      -     21      1      0      0      0      0   6500   1620      0      0   6864      7      0      -      -      0      0      0 
 20260917    08:00:58       0     42     50      -     17      1      0      0      0      0   6500   1620      0      0   6864      7      0      -      -      0   2680    282 
 20260917    08:00:59       0     42     50      -      0      0      0      0      0      0   6500   1620      0      0   6864      7      0      -      -      0      3      0 
 20260917    08:01:00       0     42     50      -      1      0      0      0      0      0   6500   1620      0      0   6864      7      0      -      -      0     55      0 
 20260917    08:01:01       0     43     50      -     12      0      0      0      0      0   6500   1620      0      0   6864      7      0      -      -      0     55      7 
 20260917    08:01:03       0     43     50      -     12      0      0      0      0      0   6500   1620      0      0   6864      7      0      -      -      0     55      7 
 20260917    08:01:04       0     42     50      -      0      0      0      0      0      0   6500   1620      0      0   6864      7      0      -      -      0      0      6 
 20260917    08:01:05       0     42     50      -      1      0      0      0      0      0   6500   1620      0      0   6864      7      0      -      -      0     55      0 
 20260917    08:01:06       0     42     50      -      1      0      0      0      0      0   6500   1620      0      0   6864      7      0      -      -      0     55      4 
 20260917    08:01:07       0     42     50      -      0      0      0      0      0      0   6500   1620      0      0   6864      7      0      -      -      0     55      0 
 20260917    08:01:08       0     43     50      -      1      0      0      0      0      0   6500   1620      0      0   6864      7      0      -      -      0      0      6 
 20260917    08:01:09       0     43     50      -      0      0      0      0      0      0   6500   1620      0      0   6864      7      0      -      -      0      0      6 
 20260917    08:01:10       0     43     50      -      1      0      0      0      0      0   6500   1620      0      0   6864      7      0      -      -      0     55      6 
 20260917    08:01:11       0     43     50      -      8      0      0      0      0      0   6500   1620      0      0   6864      7      0      -      -      0   2049    244 
 20260917    08:01:12       0     43     50      -     18      1      0      0      0      0   6500   1620      0      0   6864      7      0      -      -      0      1   3094 
 20260917    08:01:13       0     43     50      -     19      1      0      0      0      0   6500   1620      0      0   6864      7      0      -      -      0   2133    307 
 20260917    08:01:14       0     42     50      -     20      3      0      0      0      0   6500   1620      0      0   5134      7      0      -      -      0      0      0 
 20260917    08:01:15       0     42     50      -      0      0      0      0      0      0   6500   1620      0      0   6808      7      0      -      -      0      1      0 
 20260917    08:01:16       0     42     50      -      0      0      0      0      0      0   6500   1620      0      0   6808      7      0      -      -      0      0      0 
 20260917    08:01:17       0     42     50      -      0      0      0      0      0      0   6500   1620      0      0   6808      7      0      -      -      0      0      0 
 20260917    08:01:19       0     43     50      -      0      0      0      0      0      0   6500   1620      0      0   6808      7      0      -      -      0      0      0 
 20260917    08:01:20       0     42     50      -      0      0      0      0      0      0   6500   1620      0      0   6808      7      0      -      -      0      0      0 
 20260917    08:01:21       0     42     50      -      0      0      0      0      0      0   6500   1620      0      0   6808      7      0      -      -      0      1      0 
 20260917    08:01:22       0     42     50      -      0      0      0      0      0      0   6500   1620      0      0   6808      7      0      -      -      0      0      0 
 20260917    08:01:23       0     42     50      -      0      0      0      0      0      0   6500   1620      0      0   6808      7      0      -      -      0      0      0 
 20260917    08:01:24       0     43     50      -      0      0      0      0      0      0   6500   1620      0      0   6808      7      0      -      -      0      0      0 
 20260917    08:01:25       0     42     50      -      0      0      0      0      0      0   6500   1620      0      0   6808      7      0      -      -      0      0      0 
 20260917    08:01:26       0     43     50      -      0      0      0      0      0      0   6500   1620      0      0   6808      7      0      -      -      0      0      0 
 20260917    08:01:27       0     42     50      -      0      0      0      0      0      0   6500   1620      0      0   6808      7      0      -      -      0      0      0 
 20260917    08:01:28       0     42     50      -      0      0      0      0      0      0   6500   1620      0      0   6808      7      0      -      -      0      0      0 
 20260917    08:01:29       0     42     50      -      0      0      0      0      0      0   6500   1620      0      0   6808      7      0      -      -      0      1      0 
 20260917    08:01:30       0     42     50      -      0      0      0      0      0      0   6500   1620      0      0   6808      7      0      -      -      0      0      0 
 20260917    08:01:31       0      7     49      -      0      0      0      0      0      0    405    375      0      0   6808      7      0      -      -      0      0      0 
 20260917    08:01:32       0     44     49      -      0      2      0      0      0      0   6500   1620      0      0   6816    174      0      -      -      0   4151      1 
 20260917    08:01:33       0    101     51      -    100     43      0      0      0      0   6500   1920      0      0   7858    174      0      -      -      0     20      7 
 20260917    08:01:34       0    116     55      -    100     44      0      0      0      0   6500   1680      0      0   7858    174      0      -      -      0     13    305 
 20260917    08:01:36       0    148     54      -    100     36      0      0      0      0   6500   1845      0      0   7858    174      0      -      -      0  12908   1498 
 20260917    08:01:37       0    131     53      -    100     42      0      0      0      0   6500   1905      0      0   7858    174      0      -      -      0  12957   1495 
#Date        Time         gpu    pwr  gtemp  mtemp     sm    mem    enc    dec    jpg    ofa   mclk   pclk  pviol  tviol     fb   bar1   ccpm  sbecc  dbecc    pci  rxpci  txpci 
#YYYYMMDD    HH:MM:SS     Idx      W      C      C      %      %      %      %      %      %    MHz    MHz      %   bool     MB     MB     MB   errs   errs   errs   MB/s   MB/s 
 20260917    08:01:38       0    129     53      -    100     43      0      0      0      0   6500   1905      0      0   7858    174      0      -      -      0  10675      7 
 20260917    08:01:39       0     66     56      -    100     44      0      0      0      0   6500   1860      0      0   7858    174      0      -      -      0     46     13 
 20260917    08:01:40       0     74     56      -    100     46      0      0      0      0   6500   1665      0      0   7858    174      0      -      -      0     24    947 
 20260917    08:01:41       0    196     56      -    100     45      0      0      0      0   6500   1815      0      0   7858    174      0      -      -      0  12993   1505 
 20260917    08:01:42       0    179     55      -    100     45      0      0      0      0   6500   1890      0      0   7858    174      0      -      -      0  13260   1504 
 20260917    08:01:43       0     58     57      -      6      5      0      0      0      0   6500   1665      0      0   7858    174      0      -      -      0   2323      1 
 20260917    08:01:44       0     59     54      -      1      2      0      0      0      0   6500   1920      0      0   7858    174      0      -      -      0   4113      1 
 20260917    08:01:45       0    129     54      -     32     24      0      0      0      0   6500   1905      0      0   7858    174      0      -      -      0   4840      5 
 20260917    08:01:46       0     58     56      -      8      6      0      0      0      0   6500   1620      0      0   7858    174      0      -      -      0     32      8 
 20260917    08:01:47       0     59     54      -      1      2      0      0      0      0   6500   1920      0      0   7858    174      0      -      -      0   4147     13 
 20260917    08:01:48       0     83     55      -     48     36      0      0      0      0   6500   1905      0      0   7858    174      0      -      -      0   4147     15 
 20260917    08:01:49       0     59     55      -      1      2      0      0      0      0   6500   1920      0      0   7858    174      0      -      -      0    127     21 
 20260917    08:01:50       0     58     55      -      1      2      0      0      0      0   6500   1920      0      0   7858    174      0      -      -      0   4149     13 
 20260917    08:01:51       0    146     57      -     29     17      0      0      0      0   6500   1845      0      0   7858    174      0      -      -      0   3070     18 
 20260917    08:01:52       0     59     55      -      1      2      0      0      0      0   6500   1920      2      0   7858    174      0      -      -      0   4148     11 
 20260917    08:01:54       0     57     55      -     54     38      0      0      0      0   6500   1920      1      0   7858    174      0      -      -      0   4148     10 
 20260917    08:01:55       0    163     58      -     34     23      0      0      0      0   6500   1665      0      0   7858    174      0      -      -      0      9     16 
 20260917    08:01:56       0     59     55      -      1      2      0      0      0      0   6500   1920      0      0   7858    174      0      -      -      0   4149     13 
 20260917    08:01:57       0     57     56      -     54     41      0      0      0      0   6500   1920      1      0   7858    174      0      -      -      0   4135     13 
 20260917    08:01:58       0     59     59      -      1      2      0      0      0      0   6500   1665      0      0   7858    174      0      -      -      0     22      4 
 20260917    08:01:59       0     59     56      -      1      2      0      0      0      0   6500   1920      0      0   7858    174      0      -      -      0   4172      1 
 20260917    08:02:00       0     82     56      -     54     44      0      0      0      0   6500   1905      0      0   7858    174      0      -      -      0   4161      1 
 20260917    08:02:01       0     58     58      -      1      2      0      0      0      0   6500   1905      0      0   7858    174      0      -      -      0     28      6 
 20260917    08:02:02       0     58     56      -     17     15      0      0      0      0   6500   1905      0      0   7858    174      0      -      -      0   4151      3 
 20260917    08:02:03       0     84     56      -     59     49      0      0      0      0   6500   1890      0      0   7858    174      0      -      -      0   4002      1 
 20260917    08:02:04       0     59     56      -      1      2      0      0      0      0   6500   1905      0      0   7858    174      0      -      -      0    255      7 
 20260917    08:02:05       0     59     56      -      9      9      0      0      0      0   6500   1905      0      0   7858    174      0      -      -      0   4193      9 
 20260917    08:02:06       0    216     57      -      5      4      0      0      0      0   6500   1890      0      0   7858    174      0      -      -      0   2028      1 
 20260917    08:02:07       0     60     56      -      1      2      0      0      0      0   6500   1905      0      0   7858    174      0      -      -      0   3784      1 
 20260917    08:02:08       0     58     57      -     10     10      0      0      0      0   6500   1905      0      0   7858    174      0      -      -      0   4162      1 
 20260917    08:02:09       0    213     60      -      2      3      0      0      0      0   6500   1755      0      0   7858    174      0      -      -      0  12928   1496 
 20260917    08:02:10       0     57     57      -      0      0      0      0      0      0   6500   1905      0      0   7858    174      0      -      -      0      1      0 
 20260917    08:02:11       0     45     56      -      0      0      0      0      0      0   6500   1620      0      0  13744    174      0      -      -      0      0      0 
 20260917    08:02:13       0     45     56      -      0      0      0      0      0      0   6500   1620      0      0  13744    174      0      -      -      0      0      0 
 20260917    08:02:14       0     45     56      -      6      0      0      0      0      0   6500   1620      0      0  13760    174      0      -      -      0      0      0 
 20260917    08:02:15       0     60     57      -    100      9      0      0      0      0   6500   1905      0      0  13760    174      0      -      -      0  12935   1503 
 20260917    08:02:16       0     76     57      -    100      7      0      0      0      0   6500   1905      0      0  13760    174      0      -      -      0  12943   1499 
 20260917    08:02:17       0     60     57      -    100     10      0      0      0      0   6500   1905      0      0  13760    174      0      -      -      0  12963   1500 
 20260917    08:02:18       0     76     57      -    100      7      0      0      0      0   6500   1905      0      0  13760    174      0      -      -      0  12938   1500 
 20260917    08:02:19       0     60     57      -    100      7      0      0      0      0   6500   1905      0      0  13760    174      0      -      -      0  12933   1500 
 20260917    08:02:20       0     59     57      -      1      2      0      0      0      0   6500   1905      0      0  13760    174      0      -      -      0   4149      1 
 20260917    08:02:21       0     59     57      -      4      4      0      0      0      0   6500   1905      0      0  13760    174      0      -      -      0   4151      1 
 20260917    08:02:22       0     46     56      -      1      2      0      0      0      0   6500   1620      0      0  13760    174      0      -      -      0   4151      1 
 20260917    08:02:23       0     46     56      -      5      5      0      0      0      0   6500   1620      0      0  13760    174      0      -      -      0   4155      1 
#Date        Time         gpu    pwr  gtemp  mtemp     sm    mem    enc    dec    jpg    ofa   mclk   pclk  pviol  tviol     fb   bar1   ccpm  sbecc  dbecc    pci  rxpci  txpci 
#YYYYMMDD    HH:MM:SS     Idx      W      C      C      %      %      %      %      %      %    MHz    MHz      %   bool     MB     MB     MB   errs   errs   errs   MB/s   MB/s 
 20260917    08:02:24       0     46     56      -      5      4      0      0      0      0   6500   1620      0      0  13760    174      0      -      -      0   4159      1 
 20260917    08:02:25       0     46     56      -      1      2      0      0      0      0   6500   1620      0      0  13760    174      0      -      -      0   4137      1 
 20260917    08:02:26       0     46     56      -      5      5      0      0      0      0   6500   1620      0      0  13760    174      0      -      -      0   4141      1 
 20260917    08:02:27       0     46     56      -      5      5      0      0      0      0   6500   1620      0      0  13760    174      0      -      -      0   4142      1 
 20260917    08:02:29       0     46     56      -      1      4      0      0      0      0   6500   1620      0      0  13760    174      0      -      -      0   4148      1 
 20260917    08:02:30       0     55     56      -      5      5      0      0      0      0   6500   1620      0      0  13760    174      0      -      -      0   4170      1 
 20260917    08:02:31       0     49     56      -      5      5      0      0      0      0   6500   1620      0      0  13760    174      0      -      -      0   4139      1 
 20260917    08:02:32       0     54     55      -      1      2      0      0      0      0   6500   1620      0      0  13760    174      0      -      -      0   4155      1 
 20260917    08:02:33       0     55     56      -      5      5      0      0      0      0   6500   1620      0      0  13760    174      0      -      -      0   4157      1 
 20260917    08:02:34       0     46     55      -      5      5      0      0      0      0   6500   1620      0      0  13760    174      0      -      -      0   3978      1 
 20260917    08:02:35       0     54     55      -      1      2      0      0      0      0   6500   1620      0      0  13760    174      0      -      -      0   4150      1 
 20260917    08:02:36       0     55     55      -      5      4      0      0      0      0   6500   1620      0      0  13760    174      0      -      -      0   3950      1 
 20260917    08:02:37       0     46     55      -      2      2      0      0      0      0   6500   1620      0      0  13760    174      0      -      -      0   4001      1 
 20260917    08:02:38       0     55     55      -      1      2      0      0      0      0   6500   1620      0      0  13760    174      0      -      -      0   4088      1 
 20260917    08:02:39       0     55     55      -      5      5      0      0      0      0   6500   1620      0      0  13760    174      0      -      -      0   1393      1 
 20260917    08:02:40       0     46     55      -      1      2      0      0      0      0   6500   1620      0      0  13760    174      0      -      -      0   3508      0 
 20260917    08:02:41       0     46     55      -      1      2      0      0      0      0   6500   1620      0      0  13760    174      0      -      -      0   1350      0 
 20260917    08:02:42       0     46     55      -      1      2      0      0      0      0   6500   1620      0      0  13760    174      0      -      -      0   2381     12 
 20260917    08:02:43       0     56     56      -      0      0      0      0      0      0   6500   1905      0      0  13760    174      0      -      -      0      0      0 
 20260917    08:02:44       0    218     60      -    100      0      0      0      0      0   6500   1605      5      0  13992    174      0      -      -      0   4275   1495 
 20260917    08:02:46       0    231     58      -    100      0      0      0      0      0   6500   1875      6      0  13992    174      0      -      -      0  12895   1493 
 20260917    08:02:47       0     64     58      -    100     44      0      0      0      0   6500   1890      6      0  13992    174      0      -      -      0   9450      1 
 20260917    08:02:48       0     57     59      -    100     37      0      0      0      0   6500   1905      6      0  13992    174      0      -      -      0      0      0 
 20260917    08:02:49       0    130     59      -    100     26      0      0      0      0   6500   1905      4      0  13992    174      0      -      -      0      1      0 
 20260917    08:02:50       0    116     60      -    100     17      0      0      0      0   6500   1905      6      0  13992    174      0      -      -      0      1      1 
 20260917    08:02:51       0    116     60      -    100      9      0      0      0      0   6500   1905      6      0  13992    174      0      -      -      0     18      9 
 20260917    08:02:52       0    148     63      -    100      7      0      0      0      0   6500   1575      9      0  13992    174      0      -      -      0     13   1026 
 20260917    08:02:53       0    173     60      -    100     17      0      0      0      0   6500   1830      6      0  13992    174      0      -      -      0  12929   1500 
 20260917    08:02:54       0    104     60      -    100     32      0      0      0      0   6500   1890      6      0  13992    174      0      -      -      0      3      0 
 20260917    08:02:55       0    102     61      -    100     10      0      0      0      0   6500   1905      8      0  13992    174      0      -      -      0      0      0 
 20260917    08:02:56       0    112     61      -    100      5      0      0      0      0   6500   1905      8      0  13992    174      0      -      -      0      0      0 
 20260917    08:02:57       0    117     62      -    100      5      0      0      0      0   6500   1905      8      0  13992    174      0      -      -      0      0      5 
 20260917    08:02:58       0    116     66      -    100      4      0      0      0      0   6500   1545      5      0  13992    174      0      -      -      0     13   1131 
 20260917    08:02:59       0    229     62      -    100     33      0      0      0      0   6500   1815     10      0  13992    174      0      -      -      0  12960   1503 
 20260917    08:03:00       0     74     61      -    100     41      0      0      0      0   6500   1875      8      0  13992    174      0      -      -      0  12905     71 
 20260917    08:03:01       0     58     63      -    100     44      0      0      0      0   6500   1890      8      0  13992    174      0      -      -      0      9      1 
 20260917    08:03:03       0     61     61      -      1      2      0      0      0      0   6500   1890      8      0  13992    174      0      -      -      0   4023      1 
 20260917    08:03:04       0     53     61      -      2      3      0      0      0      0   6500   1755      4      0  13992    174      0      -      -      0   4078      1 
 20260917    08:03:05       0     60     62      -      1      2      0      0      0      0   6500   1890      4      0  13992    174      0      -      -      0      0      0 
 20260917    08:03:06       0    118     63      -      1      2      0      0      0      0   6500   1890      2      0  13992    174      0      -      -      0      0      0 
 20260917    08:03:07       0    213     65      -    100     20      0      0      0      0   6500   1650      8      0  13992    174      0      -      -      0   1888      1 
 20260917    08:03:08       0     59     62      -     74     41      0      0      0      0   6500   1890      4      0  13992    174      0      -      -      0   4150      1 
 20260917    08:03:09       0     61     62      -     19     17      0      0      0      0   6500   1890      4      0  13992    174      0      -      -      0   4155      1 
 20260917    08:03:10       0     61     62      -      1      2      0      0      0      0   6500   1890      4      0  13992    174      0      -      -      0   1466      1 
#Date        Time         gpu    pwr  gtemp  mtemp     sm    mem    enc    dec    jpg    ofa   mclk   pclk  pviol  tviol     fb   bar1   ccpm  sbecc  dbecc    pci  rxpci  txpci 
#YYYYMMDD    HH:MM:SS     Idx      W      C      C      %      %      %      %      %      %    MHz    MHz      %   bool     MB     MB     MB   errs   errs   errs   MB/s   MB/s 
 20260917    08:03:11       0    111     63      -     30      4      0      0      0      0   6500   1890      4      0  13992    174      0      -      -      0      1      0 
 20260917    08:03:12       0    154     66      -     86      3      0      0      0      0   6500   1635      8      0  13992    174      0      -      -      0    935      1 
 20260917    08:03:13       0     58     63      -     33     32      0      0      0      0   6500   1890      4      0  13992    174      0      -      -      0   4152      1 
 20260917    08:03:14       0     61     62      -      1      2      0      0      0      0   6500   1890      4      0  13992    174      0      -      -      0   3986      1 
 20260917    08:03:15       0     61     62      -      1      2      0      0      0      0   6500   1890      4      0  13992    174      0      -      -      0   3060      1 
 20260917    08:03:16       0     87     64      -      1      2      0      0      0      0   6500   1890      4      0  13992    174      0      -      -      0      1      0 
 20260917    08:03:17       0    119     67      -    100      0      0      0      0      0   6500   1620      4      0  13992    174      0      -      -      0     11      3 
 20260917    08:03:19       0     87     63      -    100     34      0      0      0      0   6500   1875      6      0  13992    174      0      -      -      0   4031      1 
 20260917    08:03:20       0     60     63      -     63     44      0      0      0      0   6500   1890      2      0  13992    174      0      -      -      0   4134      1 
 20260917    08:03:21       0     62     63      -      1      2      0      0      0      0   6500   1890      4      0  13992    174      0      -      -      0   3009      1 
 20260917    08:03:22       0    129     64      -      1      2      0      0      0      0   6500   1890      4      0  13992    174      0      -      -      0      0      0 
 20260917    08:03:23       0    119     67      -     53      4      0      0      0      0   6500   1815      4      0  13992    174      0      -      -      0     16      3 
 20260917    08:03:24       0    107     64      -     67     44      0      0      0      0   6500   1875      9      0  13992    174      0      -      -      0   4156      1 
 20260917    08:03:25       0     59     63      -     20     18      0      0      0      0   6500   1890      4      0  13992    174      0      -      -      0   4140      1 
 20260917    08:03:26       0     62     63      -      1      2      0      0      0      0   6500   1890      4      0  13992    174      0      -      -      0   3879      1 
 20260917    08:03:27       0     91     65      -     12      5      0      0      0      0   6500   1890      4      0  13992    174      0      -      -      0      8      0 
 20260917    08:03:28       0    118     65      -     60      3      0      0      0      0   6500   1890      4      0  13992    174      0      -      -      0     11      1 
 20260917    08:03:29       0    119     67      -    100      0      0      0      0      0   6500   1650      8      0  13992    174      0      -      -      0   1861      1 
 20260917    08:03:30       0     68     64      -    100     44      0      0      0      0   6500   1890      4      0  13992    174      0      -      -      0   3936      1 
 20260917    08:03:31       0     62     64      -      1      2      0      0      0      0   6500   1890      4      0  13992    174      0      -      -      0   4133      1 
 20260917    08:03:32       0     62     64      -      1      2      0      0      0      0   6500   1890      4      0  13992    174      0      -      -      0    266      0 
 20260917    08:03:33       0    121     65      -      1      2      0      0      0      0   6500   1890      4      0  13992    174      0      -      -      0      1      0 
 20260917    08:03:35       0    191     69      -    100     14      0      0      0      0   6500   1575      6      0  13992    174      0      -      -      0      8      6 
 20260917    08:03:36       0    173     64      -     85     40      0      0      0      0   6500   1875      3      0  13992    174      0      -      -      0   4161      1 
 20260917    08:03:37       0     55     64      -     41     39      0      0      0      0   6500   1770      4      0  13992    174      0      -      -      0   4161      1 
 20260917    08:03:38       0     63     64      -      1      1      0      0      0      0   6500   1890      4      0  13992    174      0      -      -      0   4154      1 
 20260917    08:03:39       0     61     65      -      1      2      0      0      0      0   6500   1875      4      0  13992    174      0      -      -      0      6      1 
 20260917    08:03:40       0    119     65      -     40      4      0      0      0      0   6500   1890      4      0  13992    174      0      -      -      0      1      0 
 20260917    08:03:41       0    142     65      -    100     15      0      0      0      0   6500   1875      8      0  13994    175      0      -      -      0  12850    794 
 20260917    08:03:42       0    123     66      -    100      3      0      0      0      0   6500   1890      4      0  13994    175      0      -      -      0    147      0 
 20260917    08:03:43       0     86     66      -    100     27      0      0      0      0   6500   1890      8      0  13994    175      0      -      -      0      0      0 
 20260917    08:03:44       0    195     69      -    100      0      0      0      0      0   6500   1620      8      0  13994    175      0      -      -      0  12963   1504 
 20260917    08:03:45       0    119     67      -    100      0      0      0      0      0   6500   1890      4      0  13994    175      0      -      -      0      1      0 
 20260917    08:03:46       0    115     66      -    100     43      0      0      0      0   6500   1875      8      0  13994    175      0      -      -      0   7644      1 
 20260917    08:03:47       0    121     67      -    100      0      0      0      0      0   6500   1890      4      0  13994    175      0      -      -      0      1      2 
 20260917    08:03:48       0    102     67      -    100     46      0      0      0      0   6500   1875      4      0  13994    175      0      -      -      0      4      0 
 20260917    08:03:49       0    212     70      -    100     22      0      0      0      0   6500   1575      8      0  13994    175      0      -      -      0  12561   1504 
 20260917    08:03:51       0    117     67      -    100      4      0      0      0      0   6500   1875      4      0  13994    175      0      -      -      0      1      0 
 20260917    08:03:52       0    110     67      -    100     20      0      0      0      0   6500   1860     10      0  13994    175      0      -      -      0  12928    374 
 20260917    08:03:53       0    118     68      -    100      4      0      0      0      0   6500   1875      4      0  13994    175      0      -      -      0      4      0 
 20260917    08:03:54       0     95     68      -    100     20      0      0      0      0   6500   1875      8      0  13994    175      0      -      -      0      2      0 
 20260917    08:03:55       0    207     71      -    100      0      0      0      0      0   6500   1530      6      0  13994    175      0      -      -      0     14   1359 
 20260917    08:03:56       0    118     68      -    100     17      0      0      0      0   6500   1875      7      0  13994    175      0      -      -      0      1      0 
 20260917    08:03:57       0    122     67      -    100     45      0      0      0      0   6500   1860      8      0  13994    175      0      -      -      0  12949   1504 
#Date        Time         gpu    pwr  gtemp  mtemp     sm    mem    enc    dec    jpg    ofa   mclk   pclk  pviol  tviol     fb   bar1   ccpm  sbecc  dbecc    pci  rxpci  txpci 
#YYYYMMDD    HH:MM:SS     Idx      W      C      C      %      %      %      %      %      %    MHz    MHz      %   bool     MB     MB     MB   errs   errs   errs   MB/s   MB/s 
 20260917    08:03:58       0    118     68      -    100      0      0      0      0      0   6500   1875      4      0  13994    175      0      -      -      0      0      0 
 20260917    08:03:59       0     91     68      -    100     43      0      0      0      0   6500   1875     10      0  13994    175      0      -      -      0      0      1 
 20260917    08:04:00       0    121     72      -    100     11      0      0      0      0   6500   1530      4      0  13994    175      0      -      -      0     13    338 
 20260917    08:04:01       0    118     68      -    100      4      0      0      0      0   6500   1875      9      0  13994    175      0      -      -      0      0      0 
 20260917    08:04:02       0    148     68      -    100     11      0      0      0      0   6500   1860      8      0  13994    175      0      -      -      0  12937   1500 
 20260917    08:04:03       0    118     69      -    100      5      0      0      0      0   6500   1875      4      0  13994    175      0      -      -      0      1      1 
 20260917    08:04:04       0     63     69      -    100     31      0      0      0      0   6500   1875      8      0  13994    175      0      -      -      0      0      0 
 20260917    08:04:05       0    120     70      -    100      0      0      0      0      0   6500   1875      5      0  13994    175      0      -      -      0     26      6 
 20260917    08:04:06       0    121     69      -    100      0      0      0      0      0   6500   1875      4      0  13994    175      0      -      -      0     17     11 
 20260917    08:04:08       0    121     69      -    100      0      0      0      0      0   6500   1875      4      0  13994    175      0      -      -      0      0      3 
 20260917    08:04:09       0    121     69      -    100      0      0      0      0      0   6500   1875      4      0  13994    175      0      -      -      0      0      2 
 20260917    08:04:10       0    121     69      -    100      0      0      0      0      0   6500   1875      4      0  13994    175      0      -      -      0      3      5 
 20260917    08:04:11       0    121     69      -    100      3      0      0      0      0   6500   1875      4      0  13994    175      0      -      -      0     11      1 
 20260917    08:04:12       0    122     69      -    100      0      0      0      0      0   6500   1875      4      0  13994    175      0      -      -      0     11      0 
 20260917    08:04:13       0    120     69      -    100      0      0      0      0      0   6500   1875      4      0  13994    175      0      -      -      0      6      4 
 20260917    08:04:14       0    122     68      -    100      0      0      0      0      0   6500   1875      4      0  13994    175      0      -      -      0      0     14 
 20260917    08:04:15       0    121     68      -     75      3      0      0      0      0   6500   1875      4      0  13994    175      0      -      -      0      2     10 
 20260917    08:04:16       0    121     68      -    100      0      0      0      0      0   6500   1875      4      0  13994    175      0      -      -      0     10      0 
 20260917    08:04:17       0    121     68      -    100      0      0      0      0      0   6500   1875      4      0  13994    175      0      -      -      0      6      6 
 20260917    08:04:18       0    120     68      -     83      3      0      0      0      0   6500   1875      4      0  13994    175      0      -      -      0      5      5 
 20260917    08:04:19       0    120     68      -     55      3      0      0      0      0   6500   1875      4      0  13994    175      0      -      -      0      9      1 
 20260917    08:04:20       0    118     68      -    100      0      0      0      0      0   6500   1875      6      0  13994    175      0      -      -      0      8      3 
 20260917    08:04:21       0    118     68      -     66      3      0      0      0      0   6500   1875      4      0  13994    175      0      -      -      0      0     13 
 20260917    08:04:22       0    127     68      -     38      4      0      0      0      0   6500   1875      4      0  13994    175      0      -      -      0      1     13 
 20260917    08:04:23       0    118     68      -     10      5      0      0      0      0   6500   1875      4      0  13994    175      0      -      -      0      0     12 
 20260917    08:04:24       0    127     68      -      2      3      0      0      0      0   6500   1875      4      0  13994    175      0      -      -      0      0     13 
 20260917    08:04:25       0    131     68      -     49      4      0      0      0      0   6500   1875      4      0  13994    175      0      -      -      0      2     11 
 20260917    08:04:27       0    109     68      -     22      4      0      0      0      0   6500   1875      4      0  13994    175      0      -      -      0      0     13 
 20260917    08:04:28       0    135     68      -      1      2      0      0      0      0   6500   1875      4      0  13994    175      0      -      -      0      2     10 
 20260917    08:04:29       0    101     68      -      1      2      0      0      0      0   6500   1875      4      0  13994    175      0      -      -      0      3      8 
 20260917    08:04:30       0    121     68      -     31      4      0      0      0      0   6500   1875      4      0  13994    175      0      -      -      0      5      7 
 20260917    08:04:31       0     90     68      -      4      4      0      0      0      0   6500   1875      4      0  13994    175      0      -      -      0      5     13 
 20260917    08:04:32       0    109     68      -      1      2      0      0      0      0   6500   1875      4      0  13994    175      0      -      -      0      5      6 
 20260917    08:04:33       0     63     68      -      1      2      0      0      0      0   6500   1875      4      0  13994    175      0      -      -      0      9      4 
 20260917    08:04:34       0     88     68      -      3      3      0      0      0      0   6500   1875      5      0  13994    175      0      -      -      0      7      2 
 20260917    08:04:35       0     64     69      -      1      3      0      0      0      0   6500   1875      5      0  13994    175      0      -      -      0      0     13 
 20260917    08:04:36       0     74     68      -      1      2      0      0      0      0   6500   1875      6      0  13994    175      0      -      -      0      0     13 
 20260917    08:04:37       0     63     66      -      1      2      0      0      0      0   6500   1875      4      0  13994    175      0      -      -      0   1076     12 
 20260917    08:04:38       0     63     66      -      1      2      0      0      0      0   6500   1875      4      0  13994    175      0      -      -      0   2322     14 
 20260917    08:04:39       0     63     66      -      2      3      0      0      0      0   6500   1875      4      0  13994    175      0      -      -      0   2592     14 
 20260917    08:04:40       0     63     66      -      1      2      0      0      0      0   6500   1875      4      0  13994    175      0      -      -      0   3907     12 
 20260917    08:04:41       0     63     66      -      1      2      0      0      0      0   6500   1875      4      0  13994    175      0      -      -      0   4104     12 
 20260917    08:04:42       0     63     66      -      1      2      0      0      0      0   6500   1875      3      0  13994    175      0      -      -      0   4156     14 
 20260917    08:04:43       0     63     66      -      1      2      0      0      0      0   6500   1875      4      0  13994    175      0      -      -      0   4167     11 
#Date        Time         gpu    pwr  gtemp  mtemp     sm    mem    enc    dec    jpg    ofa   mclk   pclk  pviol  tviol     fb   bar1   ccpm  sbecc  dbecc    pci  rxpci  txpci 
#YYYYMMDD    HH:MM:SS     Idx      W      C      C      %      %      %      %      %      %    MHz    MHz      %   bool     MB     MB     MB   errs   errs   errs   MB/s   MB/s 
 20260917    08:04:44       0     63     66      -      1      2      0      0      0      0   6500   1875      4      0  13994    175      0      -      -      0   4151     13 
 20260917    08:04:45       0     63     66      -      1      2      0      0      0      0   6500   1875      4      0  13994    175      0      -      -      0   4160     13 
 20260917    08:04:47       0     63     66      -      1      2      0      0      0      0   6500   1875      4      0  13994    175      0      -      -      0   4197     10 
 20260917    08:04:48       0     63     66      -      1      2      0      0      0      0   6500   1875      4      0  13994    175      0      -      -      0   4156      9 
 20260917    08:04:49       0     63     66      -      1      2      0      0      0      0   6500   1875      5      0  13994    175      0      -      -      0   4248     10 
 20260917    08:04:50       0     63     66      -     12     12      0      0      0      0   6500   1875      4      0  13994    175      0      -      -      0   4157     14 
 20260917    08:04:51       0    128     68      -    100     43      0      0      0      0   6500   1875      4      0  13994    175      0      -      -      0      0   1082 
 20260917    08:04:52       0    196     71      -    100      9      0      0      0      0   6500   1575      7      0  13994    175      0      -      -      0   2165   1903 
 20260917    08:04:53       0    137     68      -    100      5      0      0      0      0   6500   1875      4      0  13994    175      0      -      -      0      5      6 
 20260917    08:04:54       0    227     70      -    100      0      0      0      0      0   6500   1650      9      0  13994    175      0      -      -      0  12916   1500 
 20260917    08:04:55       0    118     68      -    100     21      0      0      0      0   6500   1875      4      0  13994    175      0      -      -      0     10      0 
 20260917    08:04:56       0    257     69      -    100     39      0      0      0      0   6500   1815      8      0  13994    175      0      -      -      0  12917   1501 
 20260917    08:04:57       0    119     69      -    100      4      0      0      0      0   6500   1875      4      0  13994    175      0      -      -      0     10      1 
 20260917    08:04:58       0    158     68      -    100      7      0      0      0      0   6500   1845      8      0  13994    175      0      -      -      0  12877   1496 
 20260917    08:04:59       0    119     69      -    100      0      0      0      0      0   6500   1875      4      0  13994    175      0      -      -      0      1      0 
 20260917    08:05:00       0    108     68      -    100     45      0      0      0      0   6500   1860     10      0  13994    175      0      -      -      0   5653      1 
 20260917    08:05:01       0    121     69      -    100      0      0      0      0      0   6500   1875      4      0  13994    175      0      -      -      0      1      0 
 20260917    08:05:02       0     68     69      -    100     37      0      0      0      0   6500   1875      8      0  13994    175      0      -      -      0      1      0 
 20260917    08:05:03       0    121     69      -    100      0      0      0      0      0   6500   1875      4      0  13994    175      0      -      -      0      0      0 
 20260917    08:05:05       0     63     69      -    100     35      0      0      0      0   6500   1875      8      0  13994    175      0      -      -      0      2      0 
 20260917    08:05:06       0    122     69      -    100      0      0      0      0      0   6500   1875      5      0  13994    175      0      -      -      0     20     10 
 20260917    08:05:07       0     93     69      -    100     47      0      0      0      0   6500   1875      8      0  13994    175      0      -      -      0      1      0 
 20260917    08:05:08       0    122     73      -    100      0      0      0      0      0   6500   1545      4      0  13994    175      0      -      -      0     17      5 
 20260917    08:05:09       0    119     70      -    100     13      0      0      0      0   6500   1875      9      0  13994    175      0      -      -      0      0      1 
 20260917    08:05:10       0    172     72      -    100      0      0      0      0      0   6500   1650      8      0  13994    175      0      -      -      0  12972   1504 
 20260917    08:05:11       0    120     70      -    100      3      0      0      0      0   6500   1875      4      0  13994    175      0      -      -      0      0      0 
 20260917    08:05:12       0    111     69      -    100     20      0      0      0      0   6500   1860     10      0  13994    175      0      -      -      0  12932   1502 
 20260917    08:05:13       0    119     70      -    100      4      0      0      0      0   6500   1875      4      0  13994    175      0      -      -      0      0      0 
 20260917    08:05:14       0     67     69      -    100     45      0      0      0      0   6500   1860      8      0  13994    175      0      -      -      0   6493      0 
 20260917    08:05:15       0    120     70      -    100      0      0      0      0      0   6500   1875      4      0  13994    175      0      -      -      0      0      0 
 20260917    08:05:16       0     63     70      -    100     42      0      0      0      0   6500   1875     10      0  13994    175      0      -      -      0      0      0 
 20260917    08:05:17       0     65     68      -      2      2      0      0      0      0   6500   1875      5      0  13994    175      0      -      -      0      8      0 
 20260917    08:05:18       0     65     68      -      2      3      0      0      0      0   6500   1875      4      0  13994    175      0      -      -      0   2381      3 
 20260917    08:05:19       0     64     68      -      1      2      0      0      0      0   6500   1875      3      0  13994    175      0      -      -      0   3774      1 
 20260917    08:05:21       0     64     68      -      1      2      0      0      0      0   6500   1875      5      0  13994    175      0      -      -      0   4150      1 
 20260917    08:05:22       0     64     68      -      1      2      0      0      0      0   6500   1875      4      0  13994    175      0      -      -      0   4150      1 
 20260917    08:05:23       0     65     68      -      2      3      0      0      0      0   6500   1875      5      0  13994    175      0      -      -      0   4153      1 
 20260917    08:05:24       0     65     68      -      1      2      0      0      0      0   6500   1875      4      0  13994    175      0      -      -      0   4107      1 
 20260917    08:05:25       0     64     68      -      1      2      0      0      0      0   6500   1875      4      0  13994    175      0      -      -      0   4178      1 
 20260917    08:05:26       0     64     68      -      1      2      0      0      0      0   6500   1875      3      0  13994    175      0      -      -      0   4150      1 
 20260917    08:05:27       0     65     68      -     30     28      0      0      0      0   6500   1875      5      0  13994    175      0      -      -      0   4145      1 
 20260917    08:05:28       0     63     68      -     81     44      0      0      0      0   6500   1875      6      0  13994    175      0      -      -      0   4151      1 
 20260917    08:05:29       0     64     68      -     25     23      0      0      0      0   6500   1875      4      0  13994    175      0      -      -      0   4162      1 
 20260917    08:05:30       0     88     68      -     70     44      0      0      0      0   6500   1875      4      0  13994    175      0      -      -      0   4156      1 
#Date        Time         gpu    pwr  gtemp  mtemp     sm    mem    enc    dec    jpg    ofa   mclk   pclk  pviol  tviol     fb   bar1   ccpm  sbecc  dbecc    pci  rxpci  txpci 
#YYYYMMDD    HH:MM:SS     Idx      W      C      C      %      %      %      %      %      %    MHz    MHz      %   bool     MB     MB     MB   errs   errs   errs   MB/s   MB/s 
 20260917    08:05:31       0     80     68      -    100     28      0      0      0      0   6500   1860      4      0  13994    175      0      -      -      0   3906      1 
 20260917    08:05:32       0    124     69      -     84     45      0      0      0      0   6500   1845      4      0  13994    175      0      -      -      0   3799      1 
 20260917    08:05:33       0    232     69      -    100     22      0      0      0      0   6500   1815      3      0  13994    175      0      -      -      0   2832      1 
 20260917    08:05:34       0    243     69      -    100      0      0      0      0      0   6500   1815      4      0  13994    175      0      -      -      0   1795      1 
 20260917    08:05:35       0    176     70      -     97     45      0      0      0      0   6500   1815      4      0  13994    175      0      -      -      0   3310      0 
 20260917    08:05:36       0    168     71      -    100      1      0      0      0      0   6500   1635      4      0  13994    175      0      -      -      0   2819      1 
 20260917    08:05:38       0    165     72      -    100      0      0      0      0      0   6500   1575      3      0  13994    175      0      -      -      0    673      1 
 20260917    08:05:39       0    200     72      -    100      7      0      0      0      0   6500   1560      4      0  13994    175      0      -      -      0    260      1 
 20260917    08:05:40       0    121     72      -    100      0      0      0      0      0   6500   1575      3      0  13994    175      0      -      -      0      6      1 
 20260917    08:05:41       0    122     72      -    100      0      0      0      0      0   6500   1605      5      0  13994    175      0      -      -      0   2113      1 
 20260917    08:05:42       0    153     72      -    100      0      0      0      0      0   6500   1560      4      0  13994    175      0      -      -      0      8      8 
 20260917    08:05:43       0    202     72      -    100      0      0      0      0      0   6500   1560      3      0  13994    175      0      -      -      0      9      0 
 20260917    08:05:44       0    122     72      -    100     18      0      0      0      0   6500   1560      3      0  13994    175      0      -      -      0      8      0 
 20260917    08:05:45       0    122     72      -    100      0      0      0      0      0   6500   1695      1      0  13994    175      0      -      -      0     19      3 
 20260917    08:05:46       0    122     69      -    100      0      0      0      0      0   6500   1875      4      0  13994    175      0      -      -      0     17     11 
 20260917    08:05:47       0    122     69      -    100      0      0      0      0      0   6500   1875      4      0  13994    175      0      -      -      0      0      6 
 20260917    08:05:48       0    123     69      -    100      0      0      0      0      0   6500   1875      4      0  13994    175      0      -      -      0      0      0 
 20260917    08:05:49       0    122     69      -    100      0      0      0      0      0   6500   1875      4      0  13994    175      0      -      -      0      0      0 
 20260917    08:05:50       0    122     69      -     93      3      0      0      0      0   6500   1875      4      0  13994    175      0      -      -      0      1      0 
 20260917    08:05:52       0    121     69      -    100      0      0      0      0      0   6500   1875      4      0  13994    175      0      -      -      0      0      0 
 20260917    08:05:53       0    121     69      -    100      2      0      0      0      0   6500   1875      4      0  13994    175      0      -      -      0      0      0 
 20260917    08:05:54       0    121     69      -     60      3      0      0      0      0   6500   1875      4      0  13994    175      0      -      -      0      0      0 
 20260917    08:05:55       0    119     69      -     11      4      0      0      0      0   6500   1875      4      0  13994    175      0      -      -      0      0      0 
 20260917    08:05:56       0    120     68      -     67      3      0      0      0      0   6500   1875      4      0  13994    175      0      -      -      0      0      1 
 20260917    08:05:57       0    116     69      -     20      4      0      0      0      0   6500   1875      4      0  13994    175      0      -      -      0      0      0 
 20260917    08:05:58       0    115     68      -      1      2      0      0      0      0   6500   1875      4      0  13994    175      0      -      -      0      0      0 
 20260917    08:05:59       0    125     68      -     29      4      0      0      0      0   6500   1875      4      0  13994    175      0      -      -      0      0      4 
 20260917    08:06:00       0     63     68      -      1      2      0      0      0      0   6500   1875      4      0  13994    175      0      -      -      0      0      0 
 20260917    08:06:01       0     64     68      -      1      2      0      0      0      0   6500   1875      4      0  13994    175      0      -      -      0      0      1 
 20260917    08:06:02       0     64     67      -      1      2      0      0      0      0   6500   1875      4      0  13994    175      0      -      -      0      8     36 
 20260917    08:06:03       0    122     69      -    100      1      0      0      0      0   6500   1875      4      0  13994    175      0      -      -      0     74    387 
 20260917    08:06:04       0    123     69      -    100      1      0      0      0      0   6500   1875      4      0  13994    175      0      -      -      0     78    353 
 20260917    08:06:05       0    151     72      -    100      1      0      0      0      0   6500   1545      5      0  13994    175      0      -      -      0   4526   1503 
 20260917    08:06:06       0     99     69      -    100     26      0      0      0      0   6500   1860      6      0  13994    175      0      -      -      0     14      1 
 20260917    08:06:07       0    119     69      -    100      4      0      0      0      0   6500   1875      4      0  13994    175      0      -      -      0      4      1 
 20260917    08:06:09       0    119     69      -    100      0      0      0      0      0   6500   1875      4      0  13994    175      0      -      -      0      1      0 
 20260917    08:06:10       0    122     69      -    100      1      0      0      0      0   6500   1875      4      0  13994    175      0      -      -      0      0      0 
 20260917    08:06:11       0    157     69      -    100     30      0      0      0      0   6500   1800     10      0  13994    175      0      -      -      0  12916   1498 
 20260917    08:06:12       0     96     69      -    100     23      0      0      0      0   6500   1875      4      0  13994    175      0      -      -      0      1      0 
 20260917    08:06:13       0    119     69      -    100      4      0      0      0      0   6500   1875      6      0  13994    175      0      -      -      0      0      0 
 20260917    08:06:14       0    122     69      -    100      1      0      0      0      0   6500   1875      4      0  13994    175      0      -      -      0      0      0 
 20260917    08:06:15       0    122     72      -    100      1      0      0      0      0   6500   1680      4      0  13994    175      0      -      -      0     19    449 
 20260917    08:06:16       0    171     68      -    100     27      0      0      0      0   6500   1860     10      0  13994    175      0      -      -      0      0      1 
 20260917    08:06:17       0    119     70      -    100     24      0      0      0      0   6500   1875      4      0  13994    175      0      -      -      0      0      4 
#Date        Time         gpu    pwr  gtemp  mtemp     sm    mem    enc    dec    jpg    ofa   mclk   pclk  pviol  tviol     fb   bar1   ccpm  sbecc  dbecc    pci  rxpci  txpci 
#YYYYMMDD    HH:MM:SS     Idx      W      C      C      %      %      %      %      %      %    MHz    MHz      %   bool     MB     MB     MB   errs   errs   errs   MB/s   MB/s 
 20260917    08:06:18       0    122     70      -    100      1      0      0      0      0   6500   1875      4      0  13994    175      0      -      -      0      2      0 
 20260917    08:06:19       0    122     70      -    100      1      0      0      0      0   6500   1875      6      0  13994    175      0      -      -      0      0      0 
 20260917    08:06:20       0    226     70      -    100      1      0      0      0      0   6500   1770      8      0  13994    175      0      -      -      0  12969   1500 
 20260917    08:06:21       0     66     70      -    100      5      0      0      0      0   6500   1875      6      0  13994    175      0      -      -      0      0      0 
 20260917    08:06:22       0    120     70      -    100      0      0      0      0      0   6500   1875      4      0  13994    175      0      -      -      0      2      1 
 20260917    08:06:23       0    122     70      -    100      1      0      0      0      0   6500   1875      4      0  13994    175      0      -      -      0      2      0 
 20260917    08:06:24       0    123     72      -    100      1      0      0      0      0   6500   1875      6      0  13994    175      0      -      -      0     31      9 
 20260917    08:06:26       0     62     69      -    100     32      0      0      0      0   6500   1860      8      0  13994    175      0      -      -      0   7281      1 
 20260917    08:06:27       0    129     70      -    100      5      0      0      0      0   6500   1875      6      0  13994    175      0      -      -      0      1      0 
 20260917    08:06:28       0    121     70      -    100      0      0      0      0      0   6500   1875      4      0  13994    175      0      -      -      0      2      1 
 20260917    08:06:29       0    123     70      -    100      1      0      0      0      0   6500   1875      4      0  13994    175      0      -      -      0      3      2 
 20260917    08:06:30       0    123     73      -    100     12      0      0      0      0   6500   1545      5      0  13994    175      0      -      -      0   9389   1500 
 20260917    08:06:31       0     62     70      -    100     33      0      0      0      0   6500   1875      7      0  13994    175      0      -      -      0      1      1 
 20260917    08:06:32       0    120     70      -    100      5      0      0      0      0   6500   1875      4      0  13994    175      0      -      -      0      1      1 
 20260917    08:06:33       0    121     71      -    100      0      0      0      0      0   6500   1875      6      0  13994    175      0      -      -      0      0      0 
 20260917    08:06:34       0    123     71      -    100      0      0      0      0      0   6500   1875      4      0  13994    175      0      -      -      0      0      0 
 20260917    08:06:35       0    219     71      -    100     11      0      0      0      0   6500   1725     10      0  13994    175      0      -      -      0  12997   1498 
 20260917    08:06:36       0     65     69      -     58     28      0      0      0      0   6500   1875      4      0  13994    175      0      -      -      0   4061      5 
 20260917    08:06:37       0    176     73      -    100      1      0      0      0      0   6500   1575      3      0  13994    175      0      -      -      0   3013      1 
 20260917    08:06:38       0    123     70      -    100      1      0      0      0      0   6500   1875      0      0  13994    175      0      -      -      0      0      1 
 20260917    08:06:39       0    123     70      -     99      3      0      0      0      0   6500   1875      4      0  13994    175      0      -      -      0      0      0 
 20260917    08:06:40       0     66     70      -      1      2      0      0      0      0   6500   1875      4      0  13994    175      0      -      -      0      1      0 
 20260917    08:06:41       0     65     69      -      1      2      0      0      0      0   6500   1875      6      0  13994    175      0      -      -      0   4154      1 
 20260917    08:06:42       0     78     69      -     21     15      0      0      0      0   6500   1875      4      0  13994    175      0      -      -      0   4152      1 
 20260917    08:06:43       0    123     74      -    100      1      0      0      0      0   6500   1515      0      0  13994    175      0      -      -      0     46      1 
 20260917    08:06:45       0    123     70      -    100      1      0      0      0      0   6500   1875      3      0  13994    175      0      -      -      0      0      0 
 20260917    08:06:46       0    122     70      -     53      3      0      0      0      0   6500   1875      4      0  13994    175      0      -      -      0      3      1 
 20260917    08:06:47       0     65     70      -     28      4      0      0      0      0   6500   1875      4      0  13994    175      0      -      -      0      1      0 
 20260917    08:06:48       0     65     68      -      1      3      0      0      0      0   6500   1875      4      0  13994    175      0      -      -      0   4154      1 
 20260917    08:06:49       0     76     69      -     70     29      0      0      0      0   6500   1875      4      0  13994    175      0      -      -      0   4156      1 
 20260917    08:06:50       0    127     73      -    100      1      0      0      0      0   6500   1530      0      0  13994    175      0      -      -      0      8      0 
 20260917    08:06:51       0    123     70      -    100      1      0      0      0      0   6500   1875      3      0  13994    175      0      -      -      0      0      0 
 20260917    08:06:52       0    123     70      -    100      1      0      0      0      0   6500   1875      3      0  13994    175      0      -      -      0      1      0 
 20260917    08:06:53       0     65     69      -      2      3      0      0      0      0   6500   1875      4      0  13994    175      0      -      -      0      0      0 
 20260917    08:06:54       0     65     68      -      6      4      0      0      0      0   6500   1875      4      0  13994    175      0      -      -      0   4159      1 
 20260917    08:06:55       0    122     69      -     36     28      0      0      0      0   6500   1860      4      0  13994    175      0      -      -      0   4160      1 
 20260917    08:06:56       0    123     72      -    100      1      0      0      0      0   6500   1875      0      0  13994    175      0      -      -      0     26      6 
 20260917    08:06:57       0    123     70      -    100      0      0      0      0      0   6500   1875      4      0  13994    175      0      -      -      0      3      3 
 20260917    08:06:58       0    120     69      -     27      4      0      0      0      0   6500   1875      6      0  13994    175      0      -      -      0      0      1 
 20260917    08:06:59       0     65     68      -      2      3      0      0      0      0   6500   1875      4      0  13994    175      0      -      -      0   1863      2 
 20260917    08:07:00       0     65     68      -      1      2      0      0      0      0   6500   1875      4      0  13994    175      0      -      -      0   4135      1 
 20260917    08:07:01       0    224     69      -    100     22      0      0      0      0   6500   1860      3      0  13994    175      0      -      -      0   4095      1 
 20260917    08:07:02       0    122     70      -    100      1      0      0      0      0   6500   1875      0      0  13994    175      0      -      -      0      0      5 
 20260917    08:07:03       0    123     69      -    100      1      0      0      0      0   6500   1875      4      0  13994    175      0      -      -      0      0      0 
#Date        Time         gpu    pwr  gtemp  mtemp     sm    mem    enc    dec    jpg    ofa   mclk   pclk  pviol  tviol     fb   bar1   ccpm  sbecc  dbecc    pci  rxpci  txpci 
#YYYYMMDD    HH:MM:SS     Idx      W      C      C      %      %      %      %      %      %    MHz    MHz      %   bool     MB     MB     MB   errs   errs   errs   MB/s   MB/s 
 20260917    08:07:05       0    120     69      -     82      3      0      0      0      0   6500   1875      3      0  13994    175      0      -      -      0      0      1 
 20260917    08:07:06       0     64     70      -      1      2      0      0      0      0   6500   1875      6      0  13994    175      0      -      -      0      1      1 
 20260917    08:07:07       0     65     68      -      6      5      0      0      0      0   6500   1875      4      0  13994    175      0      -      -      0   4152      1 
 20260917    08:07:08       0     95     68      -    100      7      0      0      0      0   6500   1860      4      0  13994    175      0      -      -      0   3984      1 
 20260917    08:07:09       0    123     69      -    100      1      0      0      0      0   6500   1875      0      0  13994    175      0      -      -      0      9      7 
 20260917    08:07:10       0    123     69      -    100      0      0      0      0      0   6500   1875      4      0  13994    175      0      -      -      0      1      0 
 20260917    08:07:11       0    121     69      -     26      4      0      0      0      0   6500   1875      4      0  13994    175      0      -      -      0      0      1 
 20260917    08:07:12       0     65     68      -      1      2      0      0      0      0   6500   1875      4      0  13994    175      0      -      -      0   2492      2 
 20260917    08:07:13       0     64     68      -      1      2      0      0      0      0   6500   1875      4      0  13994    175      0      -      -      0   4153      1 
 20260917    08:07:14       0    222     69      -    100     23      0      0      0      0   6500   1830      4      0  13994    175      0      -      -      0   4107      1 
 20260917    08:07:15       0    123     69      -    100      1      0      0      0      0   6500   1875      0      0  13994    175      0      -      -      0      0      0 
 20260917    08:07:16       0    123     69      -     98      3      0      0      0      0   6500   1875      3      0  13994    175      0      -      -      0      1      0 
 20260917    08:07:17       0    115     69      -     66      3      0      0      0      0   6500   1875      6      0  13994    175      0      -      -      0      3      0 
 20260917    08:07:18       0     65     68      -      1      2      0      0      0      0   6500   1875      4      0  13994    175      0      -      -      0   3392      5 
 20260917    08:07:19       0     63     68      -     26     20      0      0      0      0   6500   1875      4      0  13994    175      0      -      -      0   4153      1 
 20260917    08:07:20       0    235     69      -    100      1      0      0      0      0   6500   1800      4      0  13994    175      0      -      -      0   3860      1 
 20260917    08:07:21       0    123     69      -    100      1      0      0      0      0   6500   1875      0      0  13994    175      0      -      -      0      0      0 
 20260917    08:07:22       0    122     69      -    100      0      0      0      0      0   6500   1875      4      0  13994    175      0      -      -      0      2      1 
 20260917    08:07:24       0    120     69      -      1      2      0      0      0      0   6500   1875      4      0  13994    175      0      -      -      0      1      0 
 20260917    08:07:25       0     64     67      -      1      2      0      0      0      0   6500   1875      4      0  13994    175      0      -      -      0   4158      1 
 20260917    08:07:26       0     63     68      -      5      5      0      0      0      0   6500   1875      6      0  13994    175      0      -      -      0   4140      1 
 20260917    08:07:27       0    212     69      -    100      4      0      0      0      0   6500   1815      4      0  13994    175      0      -      -      0   4162      1 
 20260917    08:07:28       0    123     69      -    100      1      0      0      0      0   6500   1875      0      0  13994    175      0      -      -      0      0      2 
 20260917    08:07:29       0    123     69      -    100      1      0      0      0      0   6500   1875      4      0  13994    175      0      -      -      0   1202    181 
 20260917    08:07:30       0     71     67      -    100      7      0      0      0      0   6500   1875      3      0  13994    175      0      -      -      0  12766   1875 
 20260917    08:07:31       0     73     67      -    100      7      0      0      0      0   6500   1875      0      0  13994    175      0      -      -      0  12933   1510 
 20260917    08:07:32       0     65     67      -    100      9      0      0      0      0   6500   1875      0      0  13994    175      0      -      -      0  12932   1504 
 20260917    08:07:33       0     71     67      -    100      9      0      0      0      0   6500   1875      0      0  13994    175      0      -      -      0  12948   1501 
 20260917    08:07:34       0     65     67      -    100      6      0      0      0      0   6500   1875      0      0  13994    175      0      -      -      0  12943   1500 
 20260917    08:07:35       0     69     66      -    100      6      0      0      0      0   6500   1875      0      0  13994    175      0      -      -      0   4142      1 
 20260917    08:07:36       0     69     66      -      2      3      0      0      0      0   6500   1875      0      0  13994    175      0      -      -      0   3464      0 
 20260917    08:07:37       0     50     65      -      1      2      0      0      0      0   6500   1620      0      0  13994    175      0      -      -      0   4073      1 
 20260917    08:07:38       0     50     65      -      2      3      0      0      0      0   6500   1620      0      0  13994    175      0      -      -      0   3934      0 
 20260917    08:07:39       0     50     65      -      1      2      0      0      0      0   6500   1620      0      0  13994    175      0      -      -      0   3535      0 
 20260917    08:07:41       0     50     64      -      1      3      0      0      0      0   6500   1620      0      0  13994    175      0      -      -      0   1880      0 
 20260917    08:07:42       0     50     64      -      1      2      0      0      0      0   6500   1620      0      0  13994    175      0      -      -      0   2465      3 
 20260917    08:07:43       0     50     64      -      2      3      0      0      0      0   6500   1620      0      0  13994    175      0      -      -      0   2888      1 
 20260917    08:07:44       0     50     64      -      1      2      0      0      0      0   6500   1620      0      0  13994    175      0      -      -      0   3582      1 
 20260917    08:07:45       0     50     63      -      1      2      0      0      0      0   6500   1620      0      0  13994    175      0      -      -      0   2527      3 
 20260917    08:07:46       0     50     63      -      1      2      0      0      0      0   6500   1620      0      0  13994    175      0      -      -      0   4151      1 
 20260917    08:07:47       0     49     63      -      1      2      0      0      0      0   6500   1620      0      0  13994    175      0      -      -      0   4154      1 
 20260917    08:07:48       0     49     63      -      1      2      0      0      0      0   6500   1620      0      0  13994    175      0      -      -      0   3879      1 
 20260917    08:07:49       0     49     63      -      1      2      0      0      0      0   6500   1620      0      0  13994    175      0      -      -      0   4152      1 
 20260917    08:07:50       0     49     62      -      2      3      0      0      0      0   6500   1620      0      0  13994    175      0      -      -      0   4146      1 
#Date        Time         gpu    pwr  gtemp  mtemp     sm    mem    enc    dec    jpg    ofa   mclk   pclk  pviol  tviol     fb   bar1   ccpm  sbecc  dbecc    pci  rxpci  txpci 
#YYYYMMDD    HH:MM:SS     Idx      W      C      C      %      %      %      %      %      %    MHz    MHz      %   bool     MB     MB     MB   errs   errs   errs   MB/s   MB/s 
 20260917    08:07:51       0     49     62      -      1      2      0      0      0      0   6500   1620      0      0  13994    175      0      -      -      0   4017      1 
 20260917    08:07:52       0     49     62      -      2      3      0      0      0      0   6500   1620      0      0  13994    175      0      -      -      0   4123      1 
 20260917    08:07:53       0     49     62      -      1      2      0      0      0      0   6500   1620      0      0  13994    175      0      -      -      0   4149      1 
 20260917    08:07:54       0     49     62      -      1      2      0      0      0      0   6500   1620      0      0  13994    175      0      -      -      0   4154      1 
 20260917    08:07:55       0     49     61      -      4      4      0      0      0      0   6500   1620      0      0  13994    175      0      -      -      0   4161      1 
 20260917    08:07:57       0     49     61      -      1      2      0      0      0      0   6500   1620      0      0  13994    175      0      -      -      0   4158      1 
 20260917    08:07:58       0     49     61      -      4      5      0      0      0      0   6500   1620      0      0  13994    175      0      -      -      0   4161      1 
 20260917    08:07:59       0     68     62      -    100      6      0      0      0      0   6500   1890      0      0  13994    175      0      -      -      0  13001   1355 
 20260917    08:08:00       0     69     62      -    100      6      0      0      0      0   6500   1890      0      0  13994    175      0      -      -      0  12899   1034 
 20260917    08:08:01       0     68     62      -    100      9      0      0      0      0   6500   1890      0      0  13994    175      0      -      -      0   8852   1496 
 20260917    08:08:02       0     68     62      -    100      6      0      0      0      0   6500   1890      0      0  13994    175      0      -      -      0  12348   1494 
 20260917    08:08:03       0     68     62      -    100      7      0      0      0      0   6500   1890      0      0  13994    175      0      -      -      0  12941   1501 
 20260917    08:08:04       0     62     61      -      2      3      0      0      0      0   6500   1890      0      0  13994    175      0      -      -      0   4138      1 
 20260917    08:08:05       0     61     61      -      1      2      0      0      0      0   6500   1890      0      0  13994    175      0      -      -      0   4150      1 
 20260917    08:08:06       0     49     60      -      3      4      0      0      0      0   6500   1620      0      0  13994    175      0      -      -      0   4159      1 
 20260917    08:08:07       0     49     60      -      1      2      0      0      0      0   6500   1620      0      0  13994    175      0      -      -      0   4118      1 
 20260917    08:08:08       0     48     60      -      1      2      0      0      0      0   6500   1620      0      0  13994    175      0      -      -      0   4156      1 
 20260917    08:08:09       0     48     60      -      1      2      0      0      0      0   6500   1620      0      0  13994    175      0      -      -      0   4140      1 
 20260917    08:08:10       0     48     60      -      1      3      0      0      0      0   6500   1620      0      0  13994    175      0      -      -      0   4170      5 
 20260917    08:08:11       0     48     60      -      2      3      0      0      0      0   6500   1620      0      0  13994    175      0      -      -      0   4141      1 
 20260917    08:08:13       0     48     59      -      4      4      0      0      0      0   6500   1620      0      0  13994    175      0      -      -      0   4140      1 
 20260917    08:08:14       0     49     59      -      2      3      0      0      0      0   6500   1620      0      0  13994    175      0      -      -      0   4100      1 
 20260917    08:08:15       0     48     59      -      1      2      0      0      0      0   6500   1620      0      0  13994    175      0      -      -      0   4170      1 
 20260917    08:08:16       0     48     59      -      1      2      0      0      0      0   6500   1620      0      0  13994    175      0      -      -      0   4156      1 
 20260917    08:08:17       0     48     59      -      1      2      0      0      0      0   6500   1620      0      0  13994    175      0      -      -      0   4157      1 
 20260917    08:08:18       0     48     59      -      1      2      0      0      0      0   6500   1620      0      0  13994    175      0      -      -      0   4014      1 
 20260917    08:08:19       0     48     59      -      4      4      0      0      0      0   6500   1620      0      0  13994    175      0      -      -      0   4157      1 
 20260917    08:08:20       0     48     59      -      4      4      0      0      0      0   6500   1620      0      0  13994    175      0      -      -      0   4140      1 
 20260917    08:08:21       0     48     58      -      4      4      0      0      0      0   6500   1620      0      0  13994    175      0      -      -      0   4142      1 
 20260917    08:08:22       0     47     58      -      4      4      0      0      0      0   6500   1620      0      0  13994    175      0      -      -      0   4154      1 
 20260917    08:08:23       0     47     58      -      5      5      0      0      0      0   6500   1620      0      0  13994    175      0      -      -      0   4142      1 
 20260917    08:08:24       0     51     58      -      4      4      0      0      0      0   6500   1620      0      0  13994    175      0      -      -      0   4166      1 
 20260917    08:08:25       0     47     58      -      4      4      0      0      0      0   6500   1620      0      0  13994    175      0      -      -      0   4161      1 
 20260917    08:08:26       0     48     58      -      1      2      0      0      0      0   6500   1620      0      0  13994    175      0      -      -      0  12919   1501 
 20260917    08:08:27       0     67     59      -    100      6      0      0      0      0   6500   1905      0      0  13994    175      0      -      -      0  12989   1499 
 20260917    08:08:28       0     61     59      -    100      6      0      0      0      0   6500   1905      0      0  13994    175      0      -      -      0  12934   1500 
 20260917    08:08:30       0     67     59      -    100      9      0      0      0      0   6500   1905      0      0  13994    175      0      -      -      0  13005   1504 
 20260917    08:08:31       0     62     59      -    100      8      0      0      0      0   6500   1905      0      0  13994    175      0      -      -      0  13011   1502 
 20260917    08:08:32       0     67     59      -    100      9      0      0      0      0   6500   1905      0      0  13994    175      0      -      -      0  12937   1499 
 20260917    08:08:33       0     60     59      -      4      4      0      0      0      0   6500   1905      0      0  13994    175      0      -      -      0   3961      1 
 20260917    08:08:34       0     60     59      -      4      4      0      0      0      0   6500   1905      0      0  13994    175      0      -      -      0   4168      1 
 20260917    08:08:35       0     48     58      -      1      2      0      0      0      0   6500   1620      0      0  13994    175      0      -      -      0   4156      1 
 20260917    08:08:36       0     48     58      -      4      5      0      0      0      0   6500   1620      0      0  13994    175      0      -      -      0   4154      1 
 20260917    08:08:37       0     47     58      -      4      4      0      0      0      0   6500   1620      0      0  13994    175      0      -      -      0   4155      1 
#Date        Time         gpu    pwr  gtemp  mtemp     sm    mem    enc    dec    jpg    ofa   mclk   pclk  pviol  tviol     fb   bar1   ccpm  sbecc  dbecc    pci  rxpci  txpci 
#YYYYMMDD    HH:MM:SS     Idx      W      C      C      %      %      %      %      %      %    MHz    MHz      %   bool     MB     MB     MB   errs   errs   errs   MB/s   MB/s 
 20260917    08:08:38       0     47     57      -      1      2      0      0      0      0   6500   1620      0      0  13994    175      0      -      -      0   4163      1 
 20260917    08:08:39       0     47     57      -      4      5      0      0      0      0   6500   1620      0      0  13994    175      0      -      -      0   4090      1 
 20260917    08:08:40       0     47     57      -      4      4      0      0      0      0   6500   1620      0      0  13994    175      0      -      -      0   4154      1 
 20260917    08:08:41       0     47     57      -      1      2      0      0      0      0   6500   1620      0      0  13994    175      0      -      -      0   4160      1 
 20260917    08:08:42       0     47     57      -      4      4      0      0      0      0   6500   1620      0      0  13994    175      0      -      -      0   4181      1 
 20260917    08:08:43       0     47     57      -      4      4      0      0      0      0   6500   1620      0      0  13994    175      0      -      -      0   4154      1 
 20260917    08:08:44       0     47     57      -      1      2      0      0      0      0   6500   1620      0      0  13994    175      0      -      -      0   4140      4 
 20260917    08:08:46       0     47     57      -      4      5      0      0      0      0   6500   1620      0      0  13994    175      0      -      -      0   4152      1 
 20260917    08:08:47       0     47     57      -      4      5      0      0      0      0   6500   1620      0      0  13994    175      0      -      -      0   4140      1 
 20260917    08:08:48       0     47     57      -      1      2      0      0      0      0   6500   1620      0      0  13994    175      0      -      -      0   4153      1 
 20260917    08:08:49       0     47     57      -      3      4      0      0      0      0   6500   1620      0      0  13994    175      0      -      -      0   4085      1 
 20260917    08:08:50       0     47     57      -      4      4      0      0      0      0   6500   1620      0      0  13994    175      0      -      -      0   4158      1 
 20260917    08:08:51       0     47     57      -      4      4      0      0      0      0   6500   1620      0      0  13994    175      0      -      -      0   4152      1 
 20260917    08:08:52       0     47     56      -      4      4      0      0      0      0   6500   1620      0      0  13994    175      0      -      -      0   4168      1 
 20260917    08:08:53       0     47     56      -      4      4      0      0      0      0   6500   1620      0      0  13994    175      0      -      -      0   4154      1 
 20260917    08:08:54       0     47     56      -      1      2      0      0      0      0   6500   1620      0      0  13994    175      0      -      -      0   4154      1 
 20260917    08:08:55       0     64     57      -    100      6      0      0      0      0   6500   1905      0      0  13994    175      0      -      -      0  12937   1499 
 20260917    08:08:56       0     66     57      -    100      9      0      0      0      0   6500   1905      0      0  13994    175      0      -      -      0  12932   1031 
 20260917    08:08:57       0     60     57      -    100      6      0      0      0      0   6500   1905      0      0  13994    175      0      -      -      0  11379   1232 
 20260917    08:08:58       0     66     57      -    100      6      0      0      0      0   6500   1905      0      0  13994    175      0      -      -      0   8857   1500 
 20260917    08:08:59       0     60     57      -    100      6      0      0      0      0   6500   1905      0      0  13994    175      0      -      -      0  12928   1500 
 20260917    08:09:00       0     60     57      -     19      5      0      0      0      0   6500   1905      0      0  13994    175      0      -      -      0   4041      1 
 20260917    08:09:01       0     60     57      -      4      4      0      0      0      0   6500   1905      0      0  13994    175      0      -      -      0   4162      5 
 20260917    08:09:03       0     47     57      -      4      5      0      0      0      0   6500   1620      0      0  13994    175      0      -      -      0   4157      1 
 20260917    08:09:04       0     47     56      -      4      4      0      0      0      0   6500   1620      0      0  13994    175      0      -      -      0   4157      1 
 20260917    08:09:05       0     47     56      -      4      4      0      0      0      0   6500   1620      0      0  13994    175      0      -      -      0   4154      1 
 20260917    08:09:06       0     47     56      -      4      4      0      0      0      0   6500   1620      0      0  13994    175      0      -      -      0   4162      1 
 20260917    08:09:07       0     47     56      -      4      4      0      0      0      0   6500   1620      0      0  13994    175      0      -      -      0   4141      1 
 20260917    08:09:08       0     47     56      -      2      3      0      0      0      0   6500   1620      0      0  13994    175      0      -      -      0   4152      1 
 20260917    08:09:09       0     50     56      -      4      4      0      0      0      0   6500   1620      0      0  13994    175      0      -      -      0   4139      1 
 20260917    08:09:10       0     46     56      -      4      5      0      0      0      0   6500   1620      0      0  13994    175      0      -      -      0   4120      1 
 20260917    08:09:11       0     47     56      -      1      2      0      0      0      0   6500   1620      0      0  13994    175      0      -      -      0   4132      1 
 20260917    08:09:12       0     50     56      -      4      4      0      0      0      0   6500   1620      0      0  13994    175      0      -      -      0   4130      1 
 20260917    08:09:13       0     47     56      -      4      4      0      0      0      0   6500   1620      0      0  13994    175      0      -      -      0   4130      1 
 20260917    08:09:14       0     50     56      -      4      5      0      0      0      0   6500   1620      0      0  13994    175      0      -      -      0   3999      1 
 20260917    08:09:15       0     46     56      -      4      4      0      0      0      0   6500   1620      0      0  13994    175      0      -      -      0   4153      1 
 20260917    08:09:16       0     46     56      -      4      4      0      0      0      0   6500   1620      0      0  13994    175      0      -      -      0   4155      1 
 20260917    08:09:17       0     50     56      -      2      3      0      0      0      0   6500   1620      0      0  13994    175      0      -      -      0   4155      1 
 20260917    08:09:19       0     50     56      -      4      4      0      0      0      0   6500   1620      0      0  13994    175      0      -      -      0   4165      5 
 20260917    08:09:20       0     50     56      -      4      4      0      0      0      0   6500   1620      0      0  13994    175      0      -      -      0   3950      1 
 20260917    08:09:21       0     47     56      -      1      2      0      0      0      0   6500   1620      0      0  13994    175      0      -      -      0   4164      1 
 20260917    08:09:22       0     51     56      -      4      4      0      0      0      0   6500   1620      0      0  13994    175      0      -      -      0   2968      1 
 20260917    08:09:23       0     55     56      -      1      2      0      0      0      0   6500   1620      0      0  13994    175      0      -      -      0  12909   1498 
 20260917    08:09:24       0     62     56      -    100      6      0      0      0      0   6500   1905      0      0  13994    175      0      -      -      0  12925   1501 
#Date        Time         gpu    pwr  gtemp  mtemp     sm    mem    enc    dec    jpg    ofa   mclk   pclk  pviol  tviol     fb   bar1   ccpm  sbecc  dbecc    pci  rxpci  txpci 
#YYYYMMDD    HH:MM:SS     Idx      W      C      C      %      %      %      %      %      %    MHz    MHz      %   bool     MB     MB     MB   errs   errs   errs   MB/s   MB/s 
 20260917    08:09:25       0     66     56      -    100      7      0      0      0      0   6500   1905      0      0  13994    175      0      -      -      0  12931   1500 
 20260917    08:09:26       0     66     57      -    100      6      0      0      0      0   6500   1905      0      0  13994    175      0      -      -      0  12890   1026 
 20260917    08:09:27       0     66     57      -    100      9      0      0      0      0   6500   1905      0      0  13994    175      0      -      -      0  12939   1042 
 20260917    08:09:28       0     60     57      -    100      6      0      0      0      0   6500   1905      0      0  13994    175      0      -      -      0   8860   1499 
 20260917    08:09:29       0     63     57      -      4      4      0      0      0      0   6500   1905      0      0  13994    175      0      -      -      0   4110      1 
 20260917    08:09:30       0     64     57      -      4      4      0      0      0      0   6500   1905      0      0  13994    175      0      -      -      0   4158      1 
 20260917    08:09:31       0     49     56      -      2      3      0      0      0      0   6500   1620      0      0  13994    175      0      -      -      0   4137      1 
 20260917    08:09:32       0     50     56      -      1      2      0      0      0      0   6500   1620      0      0  13994    175      0      -      -      0   4059      1 
 20260917    08:09:33       0     47     56      -      4      4      0      0      0      0   6500   1620      0      0  13994    175      0      -      -      0   4140      1 
 20260917    08:09:35       0     50     56      -      1      2      0      0      0      0   6500   1620      0      0  13994    175      0      -      -      0   3144      1 
 20260917    08:09:36       0     50     56      -      1      3      0      0      0      0   6500   1620      0      0  13994    175      0      -      -      0   3418      1 
 20260917    08:09:37       0     47     56      -      1      2      0      0      0      0   6500   1620      0      0  13994    175      0      -      -      0   3226      4 
 20260917    08:09:38       0     46     56      -      1      2      0      0      0      0   6500   1620      0      0  13994    175      0      -      -      0   4137      1 
 20260917    08:09:39       0     50     56      -      2      3      0      0      0      0   6500   1620      0      0  13994    175      0      -      -      0   3926      1 
 20260917    08:09:40       0     47     56      -      1      2      0      0      0      0   6500   1620      0      0  13994    175      0      -      -      0   3331      1 
 20260917    08:09:41       0     50     55      -      1      2      0      0      0      0   6500   1620      0      0  13994    175      0      -      -      0   2657      1 
 20260917    08:09:42       0     47     55      -      1      2      0      0      0      0   6500   1620      0      0  13994    175      0      -      -      0   4072      1 
 20260917    08:09:43       0     50     55      -      4      5      0      0      0      0   6500   1620      0      0  13994    175      0      -      -      0   4148      1 
 20260917    08:09:44       0     50     55      -      1      2      0      0      0      0   6500   1620      0      0  13994    175      0      -      -      0   2827      1 
 20260917    08:09:45       0     47     55      -      1      2      0      0      0      0   6500   1620      0      0  13994    175      0      -      -      0   1411      1 
 20260917    08:09:46       0     46     55      -      4      5      0      0      0      0   6500   1620      0      0  13994    175      0      -      -      0   4041      1 
 20260917    08:09:47       0     46     55      -      1      2      0      0      0      0   6500   1620      0      0  13994    175      0      -      -      0   1395      1 
 20260917    08:09:48       0     46     55      -      1      2      0      0      0      0   6500   1620      0      0  13994    175      0      -      -      0   2291      3 
 20260917    08:09:49       0     46     55      -      1      2      0      0      0      0   6500   1620      0      0  13994    175      0      -      -      0   2318      3 
 20260917    08:09:51       0     47     55      -      1      2      0      0      0      0   6500   1620      0      0  13994    175      0      -      -      0   2475      1 
 20260917    08:09:52       0     60     56      -    100      9      0      0      0      0   6500   1920      0      0  13994    175      0      -      -      0  12939   1501 
 20260917    08:09:53       0     66     56      -    100      9      0      0      0      0   6500   1920      0      0  13994    175      0      -      -      0  12951   1504 
 20260917    08:09:54       0     60     56      -    100      9      0      0      0      0   6500   1920      0      0  13994    175      0      -      -      0  12971   1507 
 20260917    08:09:55       0     66     56      -    100      6      0      0      0      0   6500   1920      0      0  13994    175      0      -      -      0  12937   1501 
 20260917    08:09:56       0     61     56      -    100      6      0      0      0      0   6500   1920      0      0  13994    175      0      -      -      0  12940   1503 
 20260917    08:09:57       0     66     56      -     60      5      0      0      0      0   6500   1920      0      0  13994    175      0      -      -      0   4071      1 
 20260917    08:09:58       0     64     56      -      2      3      0      0      0      0   6500   1920      0      0  13994    175      0      -      -      0   4098      1 
 20260917    08:09:59       0     46     56      -      1      2      0      0      0      0   6500   1620      0      0  13994    175      0      -      -      0   4145      1 
 20260917    08:10:00       0     49     56      -      2      3      0      0      0      0   6500   1620      0      0  13994    175      0      -      -      0   1400      1 
 20260917    08:10:01       0     46     56      -      1      2      0      0      0      0   6500   1620      0      0  13994    175      0      -      -      0   4153      1 
 20260917    08:10:02       0     46     56      -      1      2      0      0      0      0   6500   1620      0      0  13994    175      0      -      -      0   2860      1 
 20260917    08:10:03       0     50     55      -      1      2      0      0      0      0   6500   1620      0      0  13994    175      0      -      -      0   2031      1 
 20260917    08:10:04       0     46     55      -      2      3      0      0      0      0   6500   1620      0      0  13994    175      0      -      -      0   2076      0 
 20260917    08:10:05       0     46     55      -      1      3      0      0      0      0   6500   1620      0      0  13994    175      0      -      -      0   2994      1 
 20260917    08:10:06       0     46     55      -      1      2      0      0      0      0   6500   1620      0      0  13994    175      0      -      -      0   4102      0 
 20260917    08:10:08       0     46     55      -      1      2      0      0      0      0   6500   1620      0      0  13994    175      0      -      -      0   3236      1 
 20260917    08:10:09       0     46     55      -      1      2      0      0      0      0   6500   1620      0      0  13994    175      0      -      -      0   4035      0 
 20260917    08:10:10       0     50     55      -      1      2      0      0      0      0   6500   1620      0      0  13994    175      0      -      -      0   1835      0 
 20260917    08:10:11       0     46     55      -      1      2      0      0      0      0   6500   1620      0      0  13994    175      0      -      -      0   2814      4 
#Date        Time         gpu    pwr  gtemp  mtemp     sm    mem    enc    dec    jpg    ofa   mclk   pclk  pviol  tviol     fb   bar1   ccpm  sbecc  dbecc    pci  rxpci  txpci 
#YYYYMMDD    HH:MM:SS     Idx      W      C      C      %      %      %      %      %      %    MHz    MHz      %   bool     MB     MB     MB   errs   errs   errs   MB/s   MB/s 
 20260917    08:10:12       0     46     55      -      2      3      0      0      0      0   6500   1620      0      0  13994    175      0      -      -      0   4096      0 
 20260917    08:10:13       0     46     55      -      1      2      0      0      0      0   6500   1620      0      0  13994    175      0      -      -      0   3985      0 
 20260917    08:10:14       0     46     55      -      4      4      0      0      0      0   6500   1620      0      0  13994    175      0      -      -      0   3491      0 
 20260917    08:10:15       0     49     55      -      1      2      0      0      0      0   6500   1620      0      0  13994    175      0      -      -      0   2705      0 
 20260917    08:10:16       0     46     55      -      1      2      0      0      0      0   6500   1620      0      0  13994    175      0      -      -      0   1876      0 
 20260917    08:10:17       0     46     55      -      1      2      0      0      0      0   6500   1620      0      0  13994    175      0      -      -      0   2396      3 
 20260917    08:10:18       0     46     55      -      1      2      0      0      0      0   6500   1620      0      0  13994    175      0      -      -      0   2498      3 
 20260917    08:10:19       0     46     55      -      1      2      0      0      0      0   6500   1620      0      0  13994    175      0      -      -      0   2424      1 
 20260917    08:10:20       0    226     60      -    100      4      0      0      0      0   6500   1740      6      0  13994    175      0      -      -      0  12952   1502 
 20260917    08:10:21       0    250     58      -    100     45      0      0      0      0   6500   1890      4      0  13994    175      0      -      -      0  12935    864 
 20260917    08:10:22       0     57     59      -    100     44      0      0      0      0   6500   1905      6      0  13994    175      0      -      -      0      0      0 
 20260917    08:10:24       0     58     59      -    100     43      0      0      0      0   6500   1905      8      0  13994    175      0      -      -      0      4      0 
 20260917    08:10:25       0    128     59      -    100      4      0      0      0      0   6500   1905      6      0  13994    175      0      -      -      0      0      1 
 20260917    08:10:26       0    116     60      -    100      4      0      0      0      0   6500   1905      8      0  13994    175      0      -      -      0      7      8 
 20260917    08:10:27       0    116     63      -    100      3      0      0      0      0   6500   1560      7      0  13994    175      0      -      -      0     13    762 
 20260917    08:10:28       0    245     61      -    100      3      0      0      0      0   6500   1860     11      0  13994    175      0      -      -      0  12882   1502 
 20260917    08:10:29       0     58     60      -    100     41      0      0      0      0   6500   1890      8      0  13994    175      0      -      -      0   9694      2 
 20260917    08:10:30       0     59     61      -    100     44      0      0      0      0   6500   1905      8      0  13994    175      0      -      -      0      1      0 
 20260917    08:10:31       0    133     61      -    100     42      0      0      0      0   6500   1905      8      0  13994    175      0      -      -      0      0      0 
 20260917    08:10:32       0    125     61      -    100      4      0      0      0      0   6500   1905      6      0  13994    175      0      -      -      0      0      0 
 20260917    08:10:33       0    117     62      -    100      4      0      0      0      0   6500   1905      8      0  13994    175      0      -      -      0     23     11 
 20260917    08:10:34       0    118     65      -    100      3      0      0      0      0   6500   1575      9      0  13994    175      0      -      -      0     13   1373 
 20260917    08:10:35       0    250     62      -    100     41      0      0      0      0   6500   1860     10      0  13994    175      0      -      -      0  12896   1505 
 20260917    08:10:36       0     59     62      -    100     45      0      0      0      0   6500   1875      4      0  13994    175      0      -      -      0   2556      1 
 20260917    08:10:37       0     59     63      -    100     44      0      0      0      0   6500   1890      8      0  13994    175      0      -      -      0      0      0 
 20260917    08:10:38       0     61     62      -     66     43      0      0      0      0   6500   1890      8      0  13994    175      0      -      -      0   3921      1 
 20260917    08:10:40       0     62     62      -      2      3      0      0      0      0   6500   1890      4      0  13994    175      0      -      -      0   4022      1 
 20260917    08:10:41       0     62     62      -      1      2      0      0      0      0   6500   1890      4      0  13994    175      0      -      -      0      1      0 
 20260917    08:10:42       0    111     63      -      1      2      0      0      0      0   6500   1890      3      0  13994    175      0      -      -      0      0      0 
 20260917    08:10:43       0    144     67      -    100     19      0      0      0      0   6500   1590      7      0  13994    175      0      -      -      0      7      0 
 20260917    08:10:44       0     58     62      -     71     45      0      0      0      0   6500   1875      4      0  13994    175      0      -      -      0   4134      1 
 20260917    08:10:45       0     61     62      -     25     23      0      0      0      0   6500   1890      3      0  13994    175      0      -      -      0   4165      1 
 20260917    08:10:46       0     62     62      -      1      2      0      0      0      0   6500   1890      4      0  13994    175      0      -      -      0   2766      3 
 20260917    08:10:47       0    100     64      -     36      4      0      0      0      0   6500   1890      4      0  13994    175      0      -      -      0      0      0 
 20260917    08:10:48       0    108     67      -     91      3      0      0      0      0   6500   1590      5      0  13994    175      0      -      -      0      9      3 
 20260917    08:10:49       0     67     63      -    100      8      0      0      0      0   6500   1875      6      0  13994    175      0      -      -      0   3775      1 
 20260917    08:10:50       0     61     63      -      1      2      0      0      0      0   6500   1890      4      0  13994    175      0      -      -      0   4025      1 
 20260917    08:10:51       0     62     63      -      1      2      0      0      0      0   6500   1890      4      0  13994    175      0      -      -      0   4155      1 
 20260917    08:10:52       0     62     64      -      1      2      0      0      0      0   6500   1890      4      0  13994    175      0      -      -      0      1      0 
 20260917    08:10:53       0    121     65      -    100      0      0      0      0      0   6500   1890      3      0  13994    175      0      -      -      0     15      9 
 20260917    08:10:54       0    214     64      -    100     36      0      0      0      0   6500   1845      8      0  13994    175      0      -      -      0   3185      1 
 20260917    08:10:56       0     60     63      -     54     34      0      0      0      0   6500   1890      3      0  13994    175      0      -      -      0   4162      1 
 20260917    08:10:57       0     62     63      -      1      2      0      0      0      0   6500   1890      4      0  13994    175      0      -      -      0   4166      1 
 20260917    08:10:58       0     56     64      -      1      2      0      0      0      0   6500   1800      4      0  13994    175      0      -      -      0      0      0 
#Date        Time         gpu    pwr  gtemp  mtemp     sm    mem    enc    dec    jpg    ofa   mclk   pclk  pviol  tviol     fb   bar1   ccpm  sbecc  dbecc    pci  rxpci  txpci 
#YYYYMMDD    HH:MM:SS     Idx      W      C      C      %      %      %      %      %      %    MHz    MHz      %   bool     MB     MB     MB   errs   errs   errs   MB/s   MB/s 
 20260917    08:10:59       0    121     65      -     44      4      0      0      0      0   6500   1890      4      0  13994    175      0      -      -      0      0      1 
 20260917    08:11:00       0    183     66      -    100      0      0      0      0      0   6500   1815      8      0  13994    175      0      -      -      0   4078      0 
 20260917    08:11:01       0     61     64      -     10     10      0      0      0      0   6500   1890      4      0  13994    175      0      -      -      0   4157      1 
 20260917    08:11:02       0     63     64      -      2      3      0      0      0      0   6500   1890      4      0  13994    175      0      -      -      0   3952      1 
 20260917    08:11:03       0     63     64      -      1      2      0      0      0      0   6500   1890      4      0  13994    175      0      -      -      0      2      0 
 20260917    08:11:04       0    121     65      -     73      3      0      0      0      0   6500   1890      4      0  13994    175      0      -      -      0      0      0 
 20260917    08:11:05       0    121     69      -    100      0      0      0      0      0   6500   1590      7      0  13994    175      0      -      -      0    730      0 
 20260917    08:11:06       0     63     65      -     86     39      0      0      0      0   6500   1890      4      0  13994    175      0      -      -      0   4158      1 
 20260917    08:11:07       0     63     64      -     37     33      0      0      0      0   6500   1890      4      0  13994    175      0      -      -      0   4142      1 
 20260917    08:11:08       0     63     64      -      1      2      0      0      0      0   6500   1890      4      0  13994    175      0      -      -      0   2601      1 
 20260917    08:11:09       0    123     66      -      3      3      0      0      0      0   6500   1890      4      0  13994    175      0      -      -      0      1      0 
 20260917    08:11:10       0    122     69      -     56      4      0      0      0      0   6500   1680      4      0  13994    175      0      -      -      0     16      3 
 20260917    08:11:12       0    200     65      -     77     46      0      0      0      0   6500   1875      8      0  13994    175      0      -      -      0   4152      1 
 20260917    08:11:13       0     62     65      -     18     17      0      0      0      0   6500   1890      4      0  13994    175      0      -      -      0   4152      1 
 20260917    08:11:14       0     63     65      -      1      2      0      0      0      0   6500   1890      4      0  13994    175      0      -      -      0   4152      1 
 20260917    08:11:15       0     70     66      -      1      2      0      0      0      0   6500   1890      4      0  13994    175      0      -      -      0      1      1 
 20260917    08:11:16       0    122     66      -     74      3      0      0      0      0   6500   1890      4      0  13994    175      0      -      -      0    419     76 
 20260917    08:11:17       0    124     70      -    100      1      0      0      0      0   6500   1695      4      0  13994    175      0      -      -      0     96    326 
 20260917    08:11:18       0    212     67      -    100      1      0      0      0      0   6500   1770      8      0  13994    175      0      -      -      0  12248   4277 
 20260917    08:11:19       0     92     66      -    100      2      0      0      0      0   6500   1875      4      0  13994    175      0      -      -      0  12891    900 
 20260917    08:11:20       0     62     67      -    100     26      0      0      0      0   6500   1890      4      0  13994    175      0      -      -      0      5      1 
 20260917    08:11:21       0    121     67      -    100      6      0      0      0      0   6500   1890      4      0  13994    175      0      -      -      0      3      1 
 20260917    08:11:22       0    121     68      -    100      5      0      0      0      0   6500   1890      4      0  13994    175      0      -      -      0      1      0 
 20260917    08:11:23       0    122     68      -    100      4      0      0      0      0   6500   1890      6      0  13994    175      0      -      -      0      1      0 
 20260917    08:11:24       0    121     68      -    100      0      0      0      0      0   6500   1875      0      0  13994    175      0      -      -      0      1      0 
 20260917    08:11:25       0    122     68      -    100      0      0      0      0      0   6500   1875      6      0  13994    175      0      -      -      0      1      0 
 20260917    08:11:26       0    122     68      -    100      0      0      0      0      0   6500   1875      6      0  13994    175      0      -      -      0      1      0 
 20260917    08:11:27       0    122     68      -    100      0      0      0      0      0   6500   1875      5      0  13994    175      0      -      -      0     18      9 
 20260917    08:11:28       0    196     71      -    100     26      0      0      0      0   6500   1620     10      0  13994    175      0      -      -      0  12961   1503 
 20260917    08:11:29       0    247     68      -    100     43      0      0      0      0   6500   1860      4      0  13994    175      0      -      -      0  12926   1502 
 20260917    08:11:31       0     62     68      -    100     46      0      0      0      0   6500   1875      5      0  13994    175      0      -      -      0      0      0 
 20260917    08:11:32       0    120     69      -    100     45      0      0      0      0   6500   1875      4      0  13994    175      0      -      -      0      0      1 
 20260917    08:11:33       0    120     69      -    100      3      0      0      0      0   6500   1875      3      0  13994    175      0      -      -      0      0      0 
 20260917    08:11:34       0    122     69      -    100      0      0      0      0      0   6500   1875      4      0  13994    175      0      -      -      0      1      0 
 20260917    08:11:35       0    122     69      -    100      0      0      0      0      0   6500   1875      4      0  13994    175      0      -      -      0      1      0 
 20260917    08:11:36       0    123     69      -    100      0      0      0      0      0   6500   1875      6      0  13994    175      0      -      -      0      0      0 
 20260917    08:11:37       0    123     69      -    100      0      0      0      0      0   6500   1875      4      0  13994    175      0      -      -      0      1      0 
 20260917    08:11:38       0    124     71      -    100      0      0      0      0      0   6500   1875      4      0  13994    175      0      -      -      0     30      8 
 20260917    08:11:39       0    155     70      -    100      0      0      0      0      0   6500   1725      8      0  13994    175      0      -      -      0  12976   1505 
 20260917    08:11:40       0    117     69      -    100     42      0      0      0      0   6500   1860      4      0  13994    175      0      -      -      0   1765      0 
 20260917    08:11:41       0    112     70      -    100     40      0      0      0      0   6500   1875      4      0  13994    175      0      -      -      0      0      0 
 20260917    08:11:42       0    135     70      -    100     23      0      0      0      0   6500   1875      4      0  13994    175      0      -      -      0      0      0 
 20260917    08:11:43       0    121     70      -    100      0      0      0      0      0   6500   1875      4      0  13994    175      0      -      -      0      0      0 
 20260917    08:11:44       0    122     70      -    100      0      0      0      0      0   6500   1875      4      0  13994    175      0      -      -      0      0      0 
#Date        Time         gpu    pwr  gtemp  mtemp     sm    mem    enc    dec    jpg    ofa   mclk   pclk  pviol  tviol     fb   bar1   ccpm  sbecc  dbecc    pci  rxpci  txpci 
#YYYYMMDD    HH:MM:SS     Idx      W      C      C      %      %      %      %      %      %    MHz    MHz      %   bool     MB     MB     MB   errs   errs   errs   MB/s   MB/s 
 20260917    08:11:45       0    124     70      -    100      0      0      0      0      0   6500   1875      4      0  13994    175      0      -      -      0      1      1 
 20260917    08:11:46       0    124     70      -    100      0      0      0      0      0   6500   1875      5      0  13994    175      0      -      -      0      0      0 
 20260917    08:11:47       0    124     70      -    100      0      0      0      0      0   6500   1875      5      0  13994    175      0      -      -      0      3      0 
 20260917    08:11:49       0    186     73      -    100      0      0      0      0      0   6500   1545      4      0  13994    175      0      -      -      0     13      6 
 20260917    08:11:50       0    227     70      -    100      0      0      0      0      0   6500   1830      7      0  13994    175      0      -      -      0  12967   1503 
 20260917    08:11:51       0     62     69      -    100     35      0      0      0      0   6500   1860      4      0  13994    175      0      -      -      0      0      0 
 20260917    08:11:52       0     77     70      -    100     17      0      0      0      0   6500   1875      4      0  13994    175      0      -      -      0      0      0 
 20260917    08:11:53       0     65     69      -      1      2      0      0      0      0   6500   1875      4      0  13994    175      0      -      -      0   4164      1 
 20260917    08:11:54       0    207     70      -    100      0      0      0      0      0   6500   1815      4      0  13994    175      0      -      -      0   2486      1 
 20260917    08:11:55       0    124     70      -    100      0      0      0      0      0   6500   1875      0      0  13994    175      0      -      -      0      4      2 
 20260917    08:11:56       0    124     70      -     60      3      0      0      0      0   6500   1875      4      0  13994    175      0      -      -      0      0      4 
 20260917    08:11:57       0     65     68      -      1      2      0      0      0      0   6500   1875      4      0  13994    175      0      -      -      0   2940      4 
 20260917    08:11:58       0     63     69      -     23     21      0      0      0      0   6500   1875      4      0  13994    175      0      -      -      0   4166      1 
 20260917    08:11:59       0    124     70      -    100      0      0      0      0      0   6500   1875      0      0  13994    175      0      -      -      0     22     10 
 20260917    08:12:00       0    124     70      -    100      0      0      0      0      0   6500   1875      6      0  13994    175      0      -      -      0      1      0 
 20260917    08:12:01       0    121     70      -      1      2      0      0      0      0   6500   1875      4      0  13994    175      0      -      -      0      0      1 
 20260917    08:12:02       0     65     68      -      1      2      0      0      0      0   6500   1875      6      0  13994    175      0      -      -      0   4153      1 
 20260917    08:12:03       0    113     69      -    100     37      0      0      0      0   6500   1860      6      0  13994    175      0      -      -      0   3932      1 
 20260917    08:12:05       0    124     70      -    100      0      0      0      0      0   6500   1875      0      0  13994    175      0      -      -      0      0      0 
 20260917    08:12:06       0    124     70      -    100      0      0      0      0      0   6500   1875      4      0  13994    175      0      -      -      0      2      1 
 20260917    08:12:07       0     94     70      -      1      2      0      0      0      0   6500   1875      4      0  13994    175      0      -      -      0      0      0 
 20260917    08:12:08       0     64     68      -     37     35      0      0      0      0   6500   1875      4      0  13994    175      0      -      -      0   4140      1 
 20260917    08:12:09       0    224     72      -    100      0      0      0      0      0   6500   1590      6      0  13994    175      0      -      -      0   2746      1 
 20260917    08:12:10       0    124     70      -    100      0      0      0      0      0   6500   1875      0      0  13994    175      0      -      -      0      1      0 
 20260917    08:12:11       0    123     70      -     31      4      0      0      0      0   6500   1875      4      0  13994    175      0      -      -      0      0      0 
 20260917    08:12:12       0     65     68      -      1      2      0      0      0      0   6500   1875      4      0  13994    175      0      -      -      0   4130      1 
 20260917    08:12:13       0    100     69      -     54     41      0      0      0      0   6500   1860      4      0  13994    175      0      -      -      0   4160      1 
 20260917    08:12:14       0    124     70      -    100      0      0      0      0      0   6500   1875      0      0  13994    175      0      -      -      0      6      1 
 20260917    08:12:15       0    124     70      -     97      3      0      0      0      0   6500   1875      3      0  13994    175      0      -      -      0      0      0 
 20260917    08:12:16       0     98     69      -     25      4      0      0      0      0   6500   1875      4      0  13994    175      0      -      -      0      0      0 
 20260917    08:12:17       0     65     68      -      1      3      0      0      0      0   6500   1875      5      0  13994    175      0      -      -      0   4146      1 
 20260917    08:12:18       0    235     70      -    100      0      0      0      0      0   6500   1815      4      0  13994    175      0      -      -      0   1895      1 
 20260917    08:12:19       0    124     70      -    100      0      0      0      0      0   6500   1875      0      0  13994    175      0      -      -      0      1      1 
 20260917    08:12:20       0    123     70      -    100      0      0      0      0      0   6500   1875      4      0  13994    175      0      -      -      0      0      0 
 20260917    08:12:22       0     64     68      -      1      2      0      0      0      0   6500   1875      4      0  13994    175      0      -      -      0   2317      3 
 20260917    08:12:23       0     60     68      -     80     43      0      0      0      0   6500   1875      4      0  13994    175      0      -      -      0   4137      1 
 20260917    08:12:24       0    124     70      -    100      0      0      0      0      0   6500   1875      0      0  13994    175      0      -      -      0     30     11 
 20260917    08:12:25       0    124     70      -    100      0      0      0      0      0   6500   1875      4      0  13994    175      0      -      -      0      1      0 
 20260917    08:12:26       0    121     69      -      1      2      0      0      0      0   6500   1875      6      0  13994    175      0      -      -      0      1      1 
 20260917    08:12:27       0     64     68      -     16     16      0      0      0      0   6500   1875      4      0  13994    175      0      -      -      0   4161      1 
 20260917    08:12:28       0    240     69      -     94     46      0      0      0      0   6500   1860      4      0  13994    175      0      -      -      0   4154      1 
 20260917    08:12:29       0    124     70      -    100      0      0      0      0      0   6500   1875      0      0  13994    175      0      -      -      0      0      1 
 20260917    08:12:30       0    124     69      -     52      4      0      0      0      0   6500   1875      4      0  13994    175      0      -      -      0      2      1 
 20260917    08:12:31       0     65     68      -      1      2      0      0      0      0   6500   1875      6      0  13994    175      0      -      -      0    876      1 
#Date        Time         gpu    pwr  gtemp  mtemp     sm    mem    enc    dec    jpg    ofa   mclk   pclk  pviol  tviol     fb   bar1   ccpm  sbecc  dbecc    pci  rxpci  txpci 
#YYYYMMDD    HH:MM:SS     Idx      W      C      C      %      %      %      %      %      %    MHz    MHz      %   bool     MB     MB     MB   errs   errs   errs   MB/s   MB/s 
 20260917    08:12:32       0     64     68      -     33     32      0      0      0      0   6500   1875      4      0  13994    175      0      -      -      0   4154      4 
 20260917    08:12:33       0    124     73      -    100      0      0      0      0      0   6500   1665      0      0  13994    175      0      -      -      0      9      3 
 20260917    08:12:34       0    124     70      -    100      0      0      0      0      0   6500   1875      3      0  13994    175      0      -      -      0      0      0 
 20260917    08:12:35       0    117     69      -     40      4      0      0      0      0   6500   1875      4      0  13994    175      0      -      -      0      3      0 
 20260917    08:12:36       0     65     68      -      1      2      0      0      0      0   6500   1875      6      0  13994    175      0      -      -      0   4153      1 
 20260917    08:12:38       0     78     69      -    100      1      0      0      0      0   6500   1860      5      0  13994    175      0      -      -      0   4152      1 
 20260917    08:12:39       0    124     70      -    100      0      0      0      0      0   6500   1875      0      0  13994    175      0      -      -      0      1      0 
 20260917    08:12:40       0    124     69      -    100      0      0      0      0      0   6500   1875      4      0  13994    175      0      -      -      0      1      1 
 20260917    08:12:41       0     65     69      -      1      2      0      0      0      0   6500   1875      6      0  13994    175      0      -      -      0      1      0 
 20260917    08:12:42       0     64     68      -      1      2      0      0      0      0   6500   1875      4      0  13994    175      0      -      -      0   4161      1 
 20260917    08:12:43       0    124     72      -    100      0      0      0      0      0   6500   1650      4      0  13994    175      0      -      -      0   2472      0 
 20260917    08:12:44       0    124     70      -    100      0      0      0      0      0   6500   1875      0      0  13994    175      0      -      -      0      0      1 
 20260917    08:12:45       0    124     69      -     95      3      0      0      0      0   6500   1875      4      0  13994    175      0      -      -      0      0      1 
 20260917    08:12:46       0     65     68      -      1      2      0      0      0      0   6500   1875      4      0  13994    175      0      -      -      0   3957      1 
 20260917    08:12:47       0     60     68      -     84     42      0      0      0      0   6500   1860      4      0  13994    175      0      -      -      0   4172      1 
 20260917    08:12:48       0    124     69      -    100      0      0      0      0      0   6500   1875      0      0  13994    175      0      -      -      0      1      2 
 20260917    08:12:49       0    124     69      -    100      0      0      0      0      0   6500   1875      4      0  13994    175      0      -      -      0    405     75 
 20260917    08:12:50       0     66     68      -    100      7      0      0      0      0   6500   1875      4      0  13994    175      0      -      -      0  12774   1885 
 20260917    08:12:51       0     71     68      -    100      8      0      0      0      0   6500   1875      0      0  13994    175      0      -      -      0  12799   1834 
 20260917    08:12:52       0     65     67      -    100      6      0      0      0      0   6500   1875      0      0  13994    175      0      -      -      0  12884   1495 
 20260917    08:12:53       0     71     67      -    100      6      0      0      0      0   6500   1875      0      0  13994    175      0      -      -      0  12944   1500 
 20260917    08:12:55       0     65     67      -    100      8      0      0      0      0   6500   1875      0      0  13994    175      0      -      -      0  12930   1500 
 20260917    08:12:56       0     68     67      -     96      9      0      0      0      0   6500   1875      0      0  13994    175      0      -      -      0   4153      1 
 20260917    08:12:57       0     63     66      -      3      4      0      0      0      0   6500   1875      0      0  13994    175      0      -      -      0   4149      1 
 20260917    08:12:58       0     53     66      -      4      4      0      0      0      0   6500   1620      0      0  13994    175      0      -      -      0   4139      1 
 20260917    08:12:59       0     53     65      -      2      3      0      0      0      0   6500   1620      0      0  13994    175      0      -      -      0   4006      1 
 20260917    08:13:00       0     53     65      -      1      2      0      0      0      0   6500   1620      0      0  13994    175      0      -      -      0   3885      0 
 20260917    08:13:01       0     50     65      -      2      2      0      0      0      0   6500   1620      0      0  13994    175      0      -      -      0   3779      1 
 20260917    08:13:02       0     53     64      -      1      2      0      0      0      0   6500   1620      0      0  13994    175      0      -      -      0   3872      1 
 20260917    08:13:03       0     50     64      -      2      3      0      0      0      0   6500   1620      0      0  13994    175      0      -      -      0   4075      1 
 20260917    08:13:04       0     53     64      -      4      4      0      0      0      0   6500   1620      0      0  13994    175      0      -      -      0   4154      1 
 20260917    08:13:05       0     53     64      -      2      3      0      0      0      0   6500   1620      0      0  13994    175      0      -      -      0   4119      1 
 20260917    08:13:06       0     53     63      -      1      2      0      0      0      0   6500   1620      0      0  13994    175      0      -      -      0   4091      1 
 20260917    08:13:07       0     53     63      -      4      4      0      0      0      0   6500   1620      0      0  13994    175      0      -      -      0   4139      4 
 20260917    08:13:08       0     50     63      -      4      4      0      0      0      0   6500   1620      0      0  13994    175      0      -      -      0   4156      1 
 20260917    08:13:09       0     52     63      -      4      5      0      0      0      0   6500   1620      0      0  13994    175      0      -      -      0   3984      1 
 20260917    08:13:10       0     49     63      -      4      4      0      0      0      0   6500   1620      0      0  13994    175      0      -      -      0   4162      1 
 20260917    08:13:12       0     53     62      -      4      4      0      0      0      0   6500   1620      0      0  13994    175      0      -      -      0   4159      1 
 20260917    08:13:13       0     52     62      -      3      3      0      0      0      0   6500   1620      0      0  13994    175      0      -      -      0   4143      1 
 20260917    08:13:14       0     49     62      -      3      4      0      0      0      0   6500   1620      0      0  13994    175      0      -      -      0   4152      1 
 20260917    08:13:15       0     52     62      -      4      4      0      0      0      0   6500   1620      0      0  13994    175      0      -      -      0   3949      1 
 20260917    08:13:16       0     52     62      -      1      2      0      0      0      0   6500   1620      0      0  13994    175      0      -      -      0   4152      1 
 20260917    08:13:17       0     49     62      -      1      2      0      0      0      0   6500   1620      0      0  13994    175      0      -      -      0   3795      1 
 20260917    08:13:18       0     48     62      -      7      8      0      0      0      0   6500   1620      0      0  13994    175      0      -      -      0  12920   1499 
#Date        Time         gpu    pwr  gtemp  mtemp     sm    mem    enc    dec    jpg    ofa   mclk   pclk  pviol  tviol     fb   bar1   ccpm  sbecc  dbecc    pci  rxpci  txpci 
#YYYYMMDD    HH:MM:SS     Idx      W      C      C      %      %      %      %      %      %    MHz    MHz      %   bool     MB     MB     MB   errs   errs   errs   MB/s   MB/s 
 20260917    08:13:19       0     68     62      -    100      6      0      0      0      0   6500   1890      0      0  13994    175      0      -      -      0  12937   1500 
 20260917    08:13:20       0     68     62      -    100      6      0      0      0      0   6500   1890      0      0  13994    175      0      -      -      0  12945   1094 
 20260917    08:13:21       0     68     62      -    100      6      0      0      0      0   6500   1890      0      0  13994    175      0      -      -      0   9417   1500 
 20260917    08:13:22       0     63     62      -    100      9      0      0      0      0   6500   1890      0      0  13994    175      0      -      -      0  12937   1496 
 20260917    08:13:23       0     68     62      -    100      9      0      0      0      0   6500   1890      0      0  13994    175      0      -      -      0  12975   1504 
 20260917    08:13:24       0     62     62      -      3      4      0      0      0      0   6500   1890      0      0  13994    175      0      -      -      0   3978      4 
 20260917    08:13:25       0     60     61      -      3      4      0      0      0      0   6500   1620      0      0  13994    175      0      -      -      0   4157      1 
 20260917    08:13:26       0     49     61      -      4      4      0      0      0      0   6500   1620      0      0  13994    175      0      -      -      0   4138      1 
 20260917    08:13:27       0     49     60      -      4      5      0      0      0      0   6500   1620      0      0  13994    175      0      -      -      0   4156      1 
 20260917    08:13:29       0     48     60      -      4      4      0      0      0      0   6500   1620      0      0  13994    175      0      -      -      0   4170      1 
 20260917    08:13:30       0     49     60      -      4      4      0      0      0      0   6500   1620      0      0  13994    175      0      -      -      0   4155      1 
 20260917    08:13:31       0     48     60      -      4      4      0      0      0      0   6500   1620      0      0  13994    175      0      -      -      0   3882      1 
 20260917    08:13:32       0     48     60      -      3      4      0      0      0      0   6500   1620      0      0  13994    175      0      -      -      0   4165      1 
 20260917    08:13:33       0     48     60      -      4      4      0      0      0      0   6500   1620      0      0  13994    175      0      -      -      0   4155      1 
 20260917    08:13:34       0     50     60      -      4      5      0      0      0      0   6500   1620      0      0  13994    175      0      -      -      0   4138      1 
 20260917    08:13:35       0     48     59      -      3      4      0      0      0      0   6500   1620      0      0  13994    175      0      -      -      0   4154      1 
 20260917    08:13:36       0     48     59      -      3      4      0      0      0      0   6500   1620      0      0  13994    175      0      -      -      0   4165      1 
 20260917    08:13:37       0     48     59      -      4      4      0      0      0      0   6500   1620      0      0  13994    175      0      -      -      0   4135      1 
 20260917    08:13:38       0     48     59      -      4      4      0      0      0      0   6500   1620      0      0  13994    175      0      -      -      0   4180      1 
 20260917    08:13:39       0     51     59      -      4      5      0      0      0      0   6500   1620      0      0  13994    175      0      -      -      0   4143      1 
 20260917    08:13:40       0     51     59      -      1      2      0      0      0      0   6500   1620      0      0  13994    175      0      -      -      0   3875      1 
 20260917    08:13:41       0     51     59      -      4      4      0      0      0      0   6500   1620      0      0  13994    175      0      -      -      0   4155      1 
 20260917    08:13:42       0     51     59      -      4      4      0      0      0      0   6500   1620      0      0  13994    175      0      -      -      0   4059      1 
 20260917    08:13:43       0     51     58      -      1      2      0      0      0      0   6500   1620      0      0  13994    175      0      -      -      0   3850      1 
 20260917    08:13:45       0     48     58      -      1      2      0      0      0      0   6500   1620      0      0  13994    175      0      -      -      0   3977      1 
 20260917    08:13:46       0     51     58      -      4      5      0      0      0      0   6500   1620      0      0  13994    175      0      -      -      0   3301      0 
 20260917    08:13:47       0     67     59      -    100      9      0      0      0      0   6500   1905      0      0  13994    175      0      -      -      0  12919   1500 
 20260917    08:13:48       0     67     59      -    100      6      0      0      0      0   6500   1905      0      0  13994    175      0      -      -      0  12940   1096 
 20260917    08:13:49       0     67     59      -    100      6      0      0      0      0   6500   1905      0      0  13994    175      0      -      -      0  12912   1098 
 20260917    08:13:50       0     67     59      -    100      6      0      0      0      0   6500   1905      0      0  13994    175      0      -      -      0   9416   1500 
 20260917    08:13:51       0     67     59      -    100      6      0      0      0      0   6500   1905      0      0  13994    175      0      -      -      0  12928   1500 
 20260917    08:13:52       0     59     59      -     90      9      0      0      0      0   6500   1905      0      0  13994    175      0      -      -      0   4151      1 
 20260917    08:13:53       0     60     59      -      2      3      0      0      0      0   6500   1905      0      0  13994    175      0      -      -      0   4160      1 
 20260917    08:13:54       0     51     58      -      4      5      0      0      0      0   6500   1620      0      0  13994    175      0      -      -      0   3577      1 
 20260917    08:13:55       0     50     58      -      1      2      0      0      0      0   6500   1620      0      0  13994    175      0      -      -      0   4108      1 
 20260917    08:13:56       0     50     58      -      1      2      0      0      0      0   6500   1620      0      0  13994    175      0      -      -      0   3977      1 
 20260917    08:13:57       0     50     58      -      4      5      0      0      0      0   6500   1620      0      0  13994    175      0      -      -      0   4098      1 
 20260917    08:13:58       0     50     58      -      1      2      0      0      0      0   6500   1620      0      0  13994    175      0      -      -      0   3851      1 
 20260917    08:13:59       0     47     58      -      2      3      0      0      0      0   6500   1620      0      0  13994    175      0      -      -      0   3968      1 
 20260917    08:14:00       0     51     58      -      4      5      0      0      0      0   6500   1620      0      0  13994    175      0      -      -      0   4140      4 
 20260917    08:14:02       0     51     57      -      2      3      0      0      0      0   6500   1620      0      0  13994    175      0      -      -      0   4047      1 
 20260917    08:14:03       0     51     57      -      1      2      0      0      0      0   6500   1620      0      0  13994    175      0      -      -      0   4068      1 
 20260917    08:14:04       0     50     57      -      4      4      0      0      0      0   6500   1620      0      0  13994    175      0      -      -      0   2289      1 
 20260917    08:14:05       0     47     57      -      1      2      0      0      0      0   6500   1620      0      0  13994    175      0      -      -      0   2670      1 
#Date        Time         gpu    pwr  gtemp  mtemp     sm    mem    enc    dec    jpg    ofa   mclk   pclk  pviol  tviol     fb   bar1   ccpm  sbecc  dbecc    pci  rxpci  txpci 
#YYYYMMDD    HH:MM:SS     Idx      W      C      C      %      %      %      %      %      %    MHz    MHz      %   bool     MB     MB     MB   errs   errs   errs   MB/s   MB/s 
 20260917    08:14:06       0     47     57      -      1      2      0      0      0      0   6500   1620      0      0  13994    175      0      -      -      0   4067      1 
 20260917    08:14:07       0     50     57      -      4      5      0      0      0      0   6500   1620      0      0  13994    175      0      -      -      0   1969      1 
 20260917    08:14:08       0     47     57      -      1      2      0      0      0      0   6500   1620      0      0  13994    175      0      -      -      0   2961      1 
 20260917    08:14:09       0     47     57      -      2      3      0      0      0      0   6500   1620      0      0  13994    175      0      -      -      0   1409      0 
 20260917    08:14:10       0     47     57      -      1      2      0      0      0      0   6500   1620      0      0  13994    175      0      -      -      0   2000      0 
 20260917    08:14:11       0     47     57      -      1      2      0      0      0      0   6500   1620      0      0  13994    175      0      -      -      0   2348      3 
 20260917    08:14:12       0     47     57      -      1      2      0      0      0      0   6500   1620      0      0  13994    175      0      -      -      0   3978      1 
 20260917    08:14:13       0     47     56      -      1      2      0      0      0      0   6500   1620      0      0  13994    175      0      -      -      0   3541      1 
 20260917    08:14:14       0     47     57      -      1      2      0      0      0      0   6500   1620      0      0  13994    175      0      -      -      0   4161      1 
 20260917    08:14:15       0     65     57      -    100      6      0      0      0      0   6500   1905      0      0  13994    175      0      -      -      0  12931   1500 
 20260917    08:14:16       0     66     57      -    100      6      0      0      0      0   6500   1905      0      0  13994    175      0      -      -      0  12941   1495 
 20260917    08:14:17       0     66     58      -    100      6      0      0      0      0   6500   1905      0      0  13994    175      0      -      -      0  12881   1498 
 20260917    08:14:19       0     66     57      -    100      9      0      0      0      0   6500   1905      0      0  13994    175      0      -      -      0  12878   1088 
 20260917    08:14:20       0     67     57      -    100      6      0      0      0      0   6500   1905      0      0  13994    175      0      -      -      0   9355   1493 
 20260917    08:14:21       0     61     58      -      2      3      0      0      0      0   6500   1905      0      0  13994    175      0      -      -      0   3929      0 
 20260917    08:14:22       0     60     58      -      1      2      0      0      0      0   6500   1905      0      0  13994    175      0      -      -      0   2285      1 
 20260917    08:14:23       0     47     57      -      2      3      0      0      0      0   6500   1620      0      0  13994    175      0      -      -      0   2326      0 
 20260917    08:14:24       0     47     56      -      1      2      0      0      0      0   6500   1620      0      0  13994    175      0      -      -      0   3497      0 
 20260917    08:14:25       0     47     57      -      1      2      0      0      0      0   6500   1620      0      0  13994    175      0      -      -      0   3090      0 
 20260917    08:14:26       0     47     56      -      1      2      0      0      0      0   6500   1620      0      0  13994    175      0      -      -      0   3561      0 
 20260917    08:14:27       0     47     56      -      1      3      0      0      0      0   6500   1620      0      0  13994    175      0      -      -      0   3126      0 
 20260917    08:14:28       0     47     56      -      1      3      0      0      0      0   6500   1620      0      0  13994    175      0      -      -      0   2765      0 
 20260917    08:14:29       0     47     56      -      1      2      0      0      0      0   6500   1620      0      0  13994    175      0      -      -      0   4006      0 
 20260917    08:14:30       0     47     56      -      2      3      0      0      0      0   6500   1620      0      0  13994    175      0      -      -      0   2473      3 
 20260917    08:14:31       0     47     56      -      1      2      0      0      0      0   6500   1620      0      0  13994    175      0      -      -      0   2754      3 
 20260917    08:14:32       0     47     56      -      1      2      0      0      0      0   6500   1620      0      0  13994    175      0      -      -      0   2057      1 
 20260917    08:14:33       0     47     56      -      1      2      0      0      0      0   6500   1620      0      0  13994    175      0      -      -      0   2041      1 
 20260917    08:14:35       0     47     56      -      2      3      0      0      0      0   6500   1620      0      0  13994    175      0      -      -      0   1904      2 
 20260917    08:14:36       0     46     56      -      1      2      0      0      0      0   6500   1620      0      0  13994    175      0      -      -      0   1514      0 
 20260917    08:14:37       0     47     56      -      1      2      0      0      0      0   6500   1620      0      0  13994    175      0      -      -      0   2791      3 
 20260917    08:14:38       0     47     56      -      1      2      0      0      0      0   6500   1620      0      0  13994    175      0      -      -      0   3972      1 
 20260917    08:14:39       0     46     56      -      1      2      0      0      0      0   6500   1620      0      0  13994    175      0      -      -      0   4155      1 
 20260917    08:14:40       0     46     56      -      2      3      0      0      0      0   6500   1620      0      0  13994    175      0      -      -      0   4154      1 
 20260917    08:14:41       0     46     56      -      4      4      0      0      0      0   6500   1620      0      0  13994    175      0      -      -      0   4155      1 
 20260917    08:14:42       0     46     56      -      1      2      0      0      0      0   6500   1620      0      0  13994    175      0      -      -      0   4156      1 
 20260917    08:14:43       0     66     56      -    100      6      0      0      0      0   6500   1920      0      0  13994    175      0      -      -      0  12937   1094 
 20260917    08:14:44       0     67     57      -    100      6      0      0      0      0   6500   1920      0      0  13994    175      0      -      -      0   9426   1500 
 20260917    08:14:45       0     62     57      -    100      6      0      0      0      0   6500   1920      0      0  13994    175      0      -      -      0  12950   1503 
 20260917    08:14:46       0     67     57      -    100      6      0      0      0      0   6500   1920      0      0  13994    175      0      -      -      0  12935   1502 
 20260917    08:14:47       0     62     57      -    100      9      0      0      0      0   6500   1920      0      0  13994    175      0      -      -      0  12934   1510 
 20260917    08:14:48       0     66     57      -     82      9      0      0      0      0   6500   1920      0      0  13994    175      0      -      -      0   2138      0 
 20260917    08:14:49       0     61     57      -      2      3      0      0      0      0   6500   1920      0      0  13994    175      0      -      -      0   4024      0 
 20260917    08:14:51       0     46     56      -      1      2      0      0      0      0   6500   1620      0      0  13994    175      0      -      -      0   1236      0 
 20260917    08:14:52       0     46     56      -      2      3      0      0      0      0   6500   1620      0      0  13994    175      0      -      -      0   2346      7 
#Date        Time         gpu    pwr  gtemp  mtemp     sm    mem    enc    dec    jpg    ofa   mclk   pclk  pviol  tviol     fb   bar1   ccpm  sbecc  dbecc    pci  rxpci  txpci 
#YYYYMMDD    HH:MM:SS     Idx      W      C      C      %      %      %      %      %      %    MHz    MHz      %   bool     MB     MB     MB   errs   errs   errs   MB/s   MB/s 
 20260917    08:14:53       0     47     56      -      1      2      0      0      0      0   6500   1620      0      0  13994    175      0      -      -      0   2334      3 
 20260917    08:14:54       0     47     56      -      1      2      0      0      0      0   6500   1620      0      0  13994    175      0      -      -      0   2590      2 
 20260917    08:14:55       0     47     56      -      1      2      0      0      0      0   6500   1620      0      0  13994    175      0      -      -      0   1657      0 
 20260917    08:14:56       0     47     56      -      2      3      0      0      0      0   6500   1620      0      0  13994    175      0      -      -      0   2640      1 
 20260917    08:14:57       0     47     56      -      1      2      0      0      0      0   6500   1620      0      0  13994    175      0      -      -      0   4121      1 
 20260917    08:14:58       0     46     56      -      1      2      0      0      0      0   6500   1620      0      0  13994    175      0      -      -      0   4037      1 
 20260917    08:14:59       0     46     56      -      1      2      0      0      0      0   6500   1620      0      0  13994    175      0      -      -      0   4156      1 
 20260917    08:15:00       0     46     56      -      1      2      0      0      0      0   6500   1620      0      0  13994    175      0      -      -      0   4153      1 
 20260917    08:15:01       0     46     55      -      1      2      0      0      0      0   6500   1620      0      0  13994    175      0      -      -      0   4157      1 
 20260917    08:15:02       0     46     55      -      1      2      0      0      0      0   6500   1620      0      0  13994    175      0      -      -      0   4159      1 
 20260917    08:15:03       0     46     56      -      2      3      0      0      0      0   6500   1620      0      0  13994    175      0      -      -      0   4156      1 
 20260917    08:15:04       0     46     55      -      1      2      0      0      0      0   6500   1620      0      0  13994    175      0      -      -      0   4153      1 
 20260917    08:15:05       0     46     55      -      2      3      0      0      0      0   6500   1620      0      0  13994    175      0      -      -      0   4157      1 
 20260917    08:15:07       0     46     55      -      1      2      0      0      0      0   6500   1620      0      0  13994    175      0      -      -      0   4161      1 
 20260917    08:15:08       0     46     55      -      1      2      0      0      0      0   6500   1620      0      0  13994    175      0      -      -      0   4162      1 
 20260917    08:15:09       0     46     55      -      1      2      0      0      0      0   6500   1620      0      0  13994    175      0      -      -      0   4152      5 
 20260917    08:15:10       0     46     55      -      1      2      0      0      0      0   6500   1620      0      0  13994    175      0      -      -      0   4138      1 
 20260917    08:15:11       0     46     55      -      1      2      0      0      0      0   6500   1620      0      0  13994    175      0      -      -      0   3812      1 
 20260917    08:15:12       0     68     56      -    100      6      0      0      0      0   6500   1920      0      0  13994    175      0      -      -      0  12874   1493 
 20260917    08:15:13       0     61     56      -    100      6      0      0      0      0   6500   1920      0      0  13994    175      0      -      -      0  12881   1494 
 20260917    08:15:14       0     67     57      -    100      6      0      0      0      0   6500   1920      0      0  13994    175      0      -      -      0  12947   1500 
 20260917    08:15:15       0     67     57      -    100      8      0      0      0      0   6500   1920      0      0  13994    175      0      -      -      0  12946   1505 
 20260917    08:15:16       0     67     57      -    100      6      0      0      0      0   6500   1920      0      0  13994    175      0      -      -      0  12938   1500 
 20260917    08:15:17       0     61     56      -      1      3      0      0      0      0   6500   1920      0      0  13994    175      0      -      -      0   2449      0 
 20260917    08:15:18       0     61     57      -      1      2      0      0      0      0   6500   1920      0      0  13994    175      0      -      -      0   2052      2 
 20260917    08:15:19       0     47     56      -      2      3      0      0      0      0   6500   1620      0      0  13994    175      0      -      -      0   2206      2 
 20260917    08:15:20       0     46     56      -      1      2      0      0      0      0   6500   1620      0      0  13994    175      0      -      -      0   1696      0 
 20260917    08:15:21       0     46     56      -      1      2      0      0      0      0   6500   1620      0      0  13994    175      0      -      -      0   1528      0 
 20260917    08:15:22       0     46     56      -      1      2      0      0      0      0   6500   1620      0      0  13994    175      0      -      -      0   1374      0 
 20260917    08:15:24       0     46     56      -      1      2      0      0      0      0   6500   1620      0      0  13994    175      0      -      -      0   2432      3 
 20260917    08:15:25       0     46     56      -      1      3      0      0      0      0   6500   1620      0      0  13994    175      0      -      -      0   3554      1 
 20260917    08:15:26       0     46     55      -      1      2      0      0      0      0   6500   1620      0      0  13994    175      0      -      -      0   3996      5 
 20260917    08:15:27       0     46     55      -      2      3      0      0      0      0   6500   1620      0      0  13994    175      0      -      -      0   3393      0 
 20260917    08:15:28       0     46     55      -      1      2      0      0      0      0   6500   1620      0      0  13994    175      0      -      -      0   4054      1 
 20260917    08:15:29       0     46     55      -      1      2      0      0      0      0   6500   1620      0      0  13994    175      0      -      -      0   4153      1 
 20260917    08:15:30       0     46     55      -      1      2      0      0      0      0   6500   1620      0      0  13994    175      0      -      -      0   3767      1 
 20260917    08:15:31       0     46     55      -      2      3      0      0      0      0   6500   1620      0      0  13994    175      0      -      -      0   4164      1 
 20260917    08:15:32       0     46     55      -      1      2      0      0      0      0   6500   1620      0      0  13994    175      0      -      -      0   4051      1 
 20260917    08:15:33       0     46     55      -      1      2      0      0      0      0   6500   1620      0      0  13994    175      0      -      -      0   3079      1 
 20260917    08:15:34       0     46     55      -      1      2      0      0      0      0   6500   1620      0      0  13994    175      0      -      -      0   4137      1 
 20260917    08:15:35       0     46     55      -      1      2      0      0      0      0   6500   1620      0      0  13994    175      0      -      -      0   4133      1 
 20260917    08:15:36       0     46     55      -      1      2      0      0      0      0   6500   1620      0      0  13994    175      0      -      -      0   4133      1 
 20260917    08:15:37       0     46     55      -      1      2      0      0      0      0   6500   1620      0      0  13994    175      0      -      -      0   4155      1 
 20260917    08:15:38       0     46     55      -      1      2      0      0      0      0   6500   1620      0      0  13994    175      0      -      -      0   4137      1 
#Date        Time         gpu    pwr  gtemp  mtemp     sm    mem    enc    dec    jpg    ofa   mclk   pclk  pviol  tviol     fb   bar1   ccpm  sbecc  dbecc    pci  rxpci  txpci 
#YYYYMMDD    HH:MM:SS     Idx      W      C      C      %      %      %      %      %      %    MHz    MHz      %   bool     MB     MB     MB   errs   errs   errs   MB/s   MB/s 
 20260917    08:15:40       0     63     56      -     73     10      0      0      0      0   6500   1920      0      0  13994    175      0      -      -      0  12878   1494 
 20260917    08:15:41       0     67     56      -    100      9      0      0      0      0   6500   1920      0      0  13994    175      0      -      -      0  12880   1491 
 20260917    08:15:42       0     67     56      -    100      6      0      0      0      0   6500   1920      0      0  13994    175      0      -      -      0  12886   1502 
 20260917    08:15:43       0     67     56      -    100      6      0      0      0      0   6500   1920      0      0  13994    175      0      -      -      0  12935   1101 
 20260917    08:15:44       0     67     57      -    100      6      0      0      0      0   6500   1920      0      0  13994    175      0      -      -      0   9462   1627 
 20260917    08:15:45       0     67     57      -    100      9      0      0      0      0   6500   1920      0      0  13994    175      0      -      -      0   2315      0 
 20260917    08:15:46       0     61     57      -      2      3      0      0      0      0   6500   1920      0      0  13994    175      0      -      -      0   3057      1 
 20260917    08:15:47       0     46     56      -      1      2      0      0      0      0   6500   1620      0      0  13994    175      0      -      -      0   2947      1 
 20260917    08:15:48       0     46     56      -      2      3      0      0      0      0   6500   1620      0      0  13994    175      0      -      -      0   2028      3 
 20260917    08:15:49       0     46     56      -      1      2      0      0      0      0   6500   1620      0      0  13994    175      0      -      -      0   2361      3 
 20260917    08:15:50       0     46     56      -      1      2      0      0      0      0   6500   1620      0      0  13994    175      0      -      -      0   2496      3 
 20260917    08:15:51       0     46     55      -      1      2      0      0      0      0   6500   1620      0      0  13994    175      0      -      -      0   1575      1 
 20260917    08:15:52       0     46     55      -      2      3      0      0      0      0   6500   1620      0      0  13994    175      0      -      -      0   2804      3 
 20260917    08:15:53       0     46     55      -      1      2      0      0      0      0   6500   1620      0      0  13994    175      0      -      -      0   2540      0 
 20260917    08:15:54       0     46     55      -      2      3      0      0      0      0   6500   1620      0      0  13994    175      0      -      -      0   2961      0 
 20260917    08:15:55       0     46     55      -      1      2      0      0      0      0   6500   1620      0      0  13994    175      0      -      -      0   1600      1 
 20260917    08:15:57       0     46     55      -      1      2      0      0      0      0   6500   1620      0      0  13994    175      0      -      -      0   1776      1 
 20260917    08:15:58       0     46     55      -      1      2      0      0      0      0   6500   1620      0      0  13994    175      0      -      -      0   2811      0 
 20260917    08:15:59       0     46     55      -      1      2      0      0      0      0   6500   1620      0      0  13994    175      0      -      -      0   3993      0 
 20260917    08:16:00       0     46     55      -      2      3      0      0      0      0   6500   1620      0      0  13994    175      0      -      -      0   1542      0 
 20260917    08:16:01       0     46     55      -      1      2      0      0      0      0   6500   1620      0      0  13994    175      0      -      -      0   2100      0 
 20260917    08:16:02       0     46     55      -      2      3      0      0      0      0   6500   1620      0      0  13994    175      0      -      -      0   1641      0 
 20260917    08:16:03       0     46     55      -      1      2      0      0      0      0   6500   1620      0      0  13994    175      0      -      -      0   2521      3 
 20260917    08:16:04       0     46     55      -      1      2      0      0      0      0   6500   1620      0      0  13994    175      0      -      -      0   2856      1 
 20260917    08:16:05       0     46     55      -      1      2      0      0      0      0   6500   1620      0      0  13994    175      0      -      -      0   4033      1 
 20260917    08:16:06       0     46     55      -      1      2      0      0      0      0   6500   1620      0      0  13994    175      0      -      -      0   4050      1 
 20260917    08:16:07       0     46     55      -      1      2      0      0      0      0   6500   1620      0      0  13994    175      0      -      -      0   4156      1 
 20260917    08:16:08       0    164     57      -    100     45      0      0      0      0   6500   1905      4      0  13994    175      0      -      -      0  12892   1240 
 20260917    08:16:09       0    116     58      -    100     29      0      0      0      0   6500   1905      0      0  13994    175      0      -      -      0      2      1 
 20260917    08:16:10       0    117     59      -    100      4      0      0      0      0   6500   1905      2      0  13994    175      0      -      -      0      0      0 
 20260917    08:16:11       0    120     59      -    100      0      0      0      0      0   6500   1905      4      0  13994    175      0      -      -      0      0      0 
 20260917    08:16:13       0    120     64      -    100      0      0      0      0      0   6500   1545      4      0  13994    175      0      -      -      0     13    795 
 20260917    08:16:14       0     75     59      -    100     31      0      0      0      0   6500   1890      7      0  13994    175      0      -      -      0      1      0 
 20260917    08:16:15       0    117     60      -    100      4      0      0      0      0   6500   1905      4      0  13994    175      0      -      -      0      0      0 
 20260917    08:16:16       0    119     61      -    100      0      0      0      0      0   6500   1905      4      0  13994    175      0      -      -      0      0      1 
 20260917    08:16:17       0    121     61      -    100      0      0      0      0      0   6500   1905      2      0  13994    175      0      -      -      0      0      0 
 20260917    08:16:18       0    140     63      -    100      0      0      0      0      0   6500   1650      8      0  13994    175      0      -      -      0  12982   1502 
 20260917    08:16:19       0     60     61      -    100     39      0      0      0      0   6500   1905      4      0  13994    175      0      -      -      0      6      1 
 20260917    08:16:20       0    118     62      -    100      4      0      0      0      0   6500   1905      2      0  13994    175      0      -      -      0      4      0 
 20260917    08:16:21       0    120     62      -    100      0      0      0      0      0   6500   1905      4      0  13994    175      0      -      -      0      2      0 
 20260917    08:16:22       0    121     62      -    100      0      0      0      0      0   6500   1905      4      0  13994    175      0      -      -      0      3      0 
 20260917    08:16:23       0    230     63      -    100     19      0      0      0      0   6500   1770      8      0  13994    175      0      -      -      0  12917   1503 
 20260917    08:16:24       0    102     63      -    100     45      0      0      0      0   6500   1905      4      0  13994    175      0      -      -      0      1      1 
 20260917    08:16:25       0    119     63      -    100      9      0      0      0      0   6500   1905      4      0  13994    175      0      -      -      0      6      0 
#Date        Time         gpu    pwr  gtemp  mtemp     sm    mem    enc    dec    jpg    ofa   mclk   pclk  pviol  tviol     fb   bar1   ccpm  sbecc  dbecc    pci  rxpci  txpci 
#YYYYMMDD    HH:MM:SS     Idx      W      C      C      %      %      %      %      %      %    MHz    MHz      %   bool     MB     MB     MB   errs   errs   errs   MB/s   MB/s 
 20260917    08:16:26       0    122     63      -    100      0      0      0      0      0   6500   1905      4      0  13994    175      0      -      -      0     10      1 
 20260917    08:16:27       0    123     64      -    100      0      0      0      0      0   6500   1905      3      0  13994    175      0      -      -      0      2      5 
 20260917    08:16:28       0    238     64      -    100      0      0      0      0      0   6500   1845      8      0  13994    175      0      -      -      0  12975   1503 
 20260917    08:16:30       0    128     64      -    100      5      0      0      0      0   6500   1905      4      0  13994    175      0      -      -      0      3      2 
 20260917    08:16:31       0    118     64      -    100      2      0      0      0      0   6500   1890      0      0  13994    175      0      -      -      0      2      1 
 20260917    08:16:32       0    121     65      -    100      0      0      0      0      0   6500   1890      4      0  13994    175      0      -      -      0      0      0 
 20260917    08:16:33       0    122     65      -    100      0      0      0      0      0   6500   1890      4      0  13994    175      0      -      -      0     24     11 
 20260917    08:16:34       0    146     64      -    100     46      0      0      0      0   6500   1860     10      0  13994    175      0      -      -      0  12882   1494 
 20260917    08:16:35       0     89     65      -    100     31      0      0      0      0   6500   1890      3      0  13994    175      0      -      -      0      1      5 
 20260917    08:16:36       0    119     65      -    100      4      0      0      0      0   6500   1890      4      0  13994    175      0      -      -      0      0      4 
 20260917    08:16:37       0    122     66      -    100      0      0      0      0      0   6500   1890      4      0  13994    175      0      -      -      0      0      0 
 20260917    08:16:38       0    122     66      -    100      0      0      0      0      0   6500   1890      4      0  13994    175      0      -      -      0     25     11 
 20260917    08:16:39       0    121     65      -    100     11      0      0      0      0   6500   1875      8      0  13994    175      0      -      -      0  12945   1501 
 20260917    08:16:40       0     98     66      -    100      4      0      0      0      0   6500   1890      4      0  13994    175      0      -      -      0      0      0 
 20260917    08:16:41       0     63     65      -      2      3      0      0      0      0   6500   1890      4      0  13994    175      0      -      -      0   4153      1 
 20260917    08:16:42       0     63     65      -     57     42      0      0      0      0   6500   1890      4      0  13994    175      0      -      -      0   3948      1 
 20260917    08:16:43       0    159     69      -    100      0      0      0      0      0   6500   1680      4      0  13994    175      0      -      -      0   2307      1 
 20260917    08:16:44       0    123     67      -    100      0      0      0      0      0   6500   1890      0      0  13994    175      0      -      -      0      0      0 
 20260917    08:16:46       0    123     67      -     82      3      0      0      0      0   6500   1890      4      0  13994    175      0      -      -      0      0      0 
 20260917    08:16:47       0     88     66      -      2      3      0      0      0      0   6500   1890      4      0  13994    175      0      -      -      0      1      0 
 20260917    08:16:48       0     64     65      -      1      3      0      0      0      0   6500   1890      5      0  13994    175      0      -      -      0   4157      1 
 20260917    08:16:49       0     85     66      -     69     43      0      0      0      0   6500   1875      4      0  13994    175      0      -      -      0   4159      1 
 20260917    08:16:50       0    142     71      -    100      0      0      0      0      0   6500   1515      0      0  13994    175      0      -      -      0      7      2 
 20260917    08:16:51       0    124     67      -    100      0      0      0      0      0   6500   1890      3      0  13994    175      0      -      -      0      0      0 
 20260917    08:16:52       0    123     67      -     93      3      0      0      0      0   6500   1890      4      0  13994    175      0      -      -      0      1      4 
 20260917    08:16:53       0    107     67      -      1      2      0      0      0      0   6500   1890      4      0  13994    175      0      -      -      0      0      4 
 20260917    08:16:54       0     64     66      -      9      9      0      0      0      0   6500   1890      4      0  13994    175      0      -      -      0   4153      1 
 20260917    08:16:55       0     61     66      -     51     42      0      0      0      0   6500   1875      4      0  13994    175      0      -      -      0   4130      1 
 20260917    08:16:56       0    124     70      -    100      0      0      0      0      0   6500   1560      3      0  13994    175      0      -      -      0      7      1 
 20260917    08:16:57       0    124     68      -    100      0      0      0      0      0   6500   1890      0      0  13994    175      0      -      -      0      0      1 
 20260917    08:16:58       0    121     68      -     94      3      0      0      0      0   6500   1890      4      0  13994    175      0      -      -      0      0      0 
 20260917    08:16:59       0     64     67      -      1      2      0      0      0      0   6500   1890      6      0  13994    175      0      -      -      0      0      1 
 20260917    08:17:00       0     64     66      -      5      5      0      0      0      0   6500   1890      4      0  13994    175      0      -      -      0   4135      1 
 20260917    08:17:01       0    111     67      -    100     15      0      0      0      0   6500   1875      4      0  13994    175      0      -      -      0   4151      1 
 20260917    08:17:03       0    125     69      -    100      0      0      0      0      0   6500   1890      0      0  13994    175      0      -      -      0     28     12 
 20260917    08:17:04       0    125     68      -    100      0      0      0      0      0   6500   1890      4      0  13994    175      0      -      -      0      1      1 
 20260917    08:17:05       0    123     68      -     16      5      0      0      0      0   6500   1890      4      0  13994    175      0      -      -      0      0      0 
 20260917    08:17:06       0     64     66      -      1      2      0      0      0      0   6500   1890      4      0  13994    175      0      -      -      0   2595      2 
 20260917    08:17:07       0     64     67      -      1      2      0      0      0      0   6500   1890      4      0  13994    175      0      -      -      0   4153      1 
 20260917    08:17:08       0    233     68      -    100     18      0      0      0      0   6500   1830      5      0  13994    175      0      -      -      0   4154      1 
 20260917    08:17:09       0    124     68      -    100      0      0      0      0      0   6500   1890      0      0  13994    175      0      -      -      0      0      0 
 20260917    08:17:10       0    124     68      -     70      3      0      0      0      0   6500   1890      4      0  13994    175      0      -      -      0      0      1 
 20260917    08:17:11       0    132     68      -     33      4      0      0      0      0   6500   1890      4      0  13994    175      0      -      -      0      0      3 
 20260917    08:17:12       0     65     67      -      1      2      0      0      0      0   6500   1890      4      0  13994    175      0      -      -      0   4150      5 
#Date        Time         gpu    pwr  gtemp  mtemp     sm    mem    enc    dec    jpg    ofa   mclk   pclk  pviol  tviol     fb   bar1   ccpm  sbecc  dbecc    pci  rxpci  txpci 
#YYYYMMDD    HH:MM:SS     Idx      W      C      C      %      %      %      %      %      %    MHz    MHz      %   bool     MB     MB     MB   errs   errs   errs   MB/s   MB/s 
 20260917    08:17:13       0     65     67      -     72     42      0      0      0      0   6500   1890      4      0  13994    175      0      -      -      0   4140      0 
 20260917    08:17:14       0    125     71      -    100     28      0      0      0      0   6500   1545      3      0  13994    175      0      -      -      0      9      0 
 20260917    08:17:15       0    125     69      -    100      0      0      0      0      0   6500   1890      2      0  13994    175      0      -      -      0      0      0 
 20260917    08:17:16       0    124     68      -     69      3      0      0      0      0   6500   1890      4      0  13994    175      0      -      -      0      0      0 
 20260917    08:17:17       0     66     69      -      1      2      0      0      0      0   6500   1890      4      0  13994    175      0      -      -      0      0      0 
 20260917    08:17:18       0     64     67      -      1      2      0      0      0      0   6500   1890      4      0  13994    175      0      -      -      0   4152      1 
 20260917    08:17:19       0    146     68      -     92     46      0      0      0      0   6500   1875      4      0  13994    175      0      -      -      0   3974      0 
 20260917    08:17:20       0    125     69      -    100      0      0      0      0      0   6500   1890      0      0  13994    175      0      -      -      0      0      8 
 20260917    08:17:22       0    125     69      -    100      2      0      0      0      0   6500   1890      4      0  13994    175      0      -      -      0      0      0 
 20260917    08:17:23       0    101     68      -     55      4      0      0      0      0   6500   1890      4      0  13994    175      0      -      -      0      0      0 
 20260917    08:17:24       0     66     67      -      1      2      0      0      0      0   6500   1890      4      0  13994    175      0      -      -      0   4154      1 
 20260917    08:17:25       0     61     67      -     53     44      0      0      0      0   6500   1890      4      0  13994    175      0      -      -      0   4151      1 
 20260917    08:17:26       0    193     71      -    100      0      0      0      0      0   6500   1545      2      0  13994    175      0      -      -      0      6      1 
 20260917    08:17:27       0    125     69      -    100      0      0      0      0      0   6500   1890      1      0  13994    175      0      -      -      0      0      0 
 20260917    08:17:28       0    125     69      -     97      3      0      0      0      0   6500   1890      3      0  13994    175      0      -      -      0      0      0 
 20260917    08:17:29       0     65     68      -      1      2      0      0      0      0   6500   1890      4      0  13994    175      0      -      -      0      0      0 
 20260917    08:17:30       0     66     67      -     23     21      0      0      0      0   6500   1890      4      0  13994    175      0      -      -      0   4153      1 
 20260917    08:17:31       0    238     68      -     69     43      0      0      0      0   6500   1860      4      0  13994    175      0      -      -      0   4147      0 
 20260917    08:17:32       0    125     69      -    100      0      0      0      0      0   6500   1890      0      0  13994    175      0      -      -      0      3      2 
 20260917    08:17:33       0    125     69      -    100      0      0      0      0      0   6500   1890      4      0  13994    175      0      -      -      0      0      0 
 20260917    08:17:34       0    136     69      -      1      2      0      0      0      0   6500   1890      4      0  13994    175      0      -      -      0    430     80 
 20260917    08:17:35       0    123     71      -    100     27      0      0      0      0   6500   1575      7      0  13994    175      0      -      -      0   1231   1913 
 20260917    08:17:36       0    114     68      -    100     43      0      0      0      0   6500   1875      8      0  13994    175      0      -      -      0  12816   1915 
 20260917    08:17:37       0     63     69      -    100     42      0      0      0      0   6500   1890     12      0  13994    175      0      -      -      0      0      0 
 20260917    08:17:38       0    120     69      -    100     18      0      0      0      0   6500   1875     15      0  13994    175      0      -      -      0      0      0 
 20260917    08:17:39       0    135     72      -    100      5      0      0      0      0   6500   1575     11      0  13994    175      0      -      -      0   3239   1503 
 20260917    08:17:41       0     88     69      -    100     45      0      0      0      0   6500   1860     12      0  13994    175      0      -      -      0  12927   1495 
 20260917    08:17:42       0     80     70      -    100     40      0      0      0      0   6500   1875      8      0  13994    175      0      -      -      0      0      0 
 20260917    08:17:43       0    121     70      -    100      8      0      0      0      0   6500   1875     10      0  13994    175      0      -      -      0      0      4 
 20260917    08:17:44       0    176     72      -    100      5      0      0      0      0   6500   1560     13      0  13994    175      0      -      -      0   6010   1498 
 20260917    08:17:45       0    246     69      -    100     42      0      0      0      0   6500   1860     12      0  13994    175      0      -      -      0  12930   1219 
 20260917    08:17:46       0     98     70      -    100     28      0      0      0      0   6500   1875      8      0  13994    175      0      -      -      0      0      0 
 20260917    08:17:47       0    137     70      -    100      5      0      0      0      0   6500   1875      8      0  13994    175      0      -      -      0      0      5 
 20260917    08:17:48       0    217     72      -    100      4      0      0      0      0   6500   1560     14      0  13994    175      0      -      -      0  10774   1502 
 20260917    08:17:49       0    198     69      -    100     44      0      0      0      0   6500   1860      8      0  13994    175      0      -      -      0  12942    705 
 20260917    08:17:50       0    110     70      -    100     22      0      0      0      0   6500   1875     10      0  13994    175      0      -      -      0      0      0 
 20260917    08:17:51       0    121     70      -    100      5      0      0      0      0   6500   1875      8      0  13994    175      0      -      -      0      0      6 
 20260917    08:17:52       0    235     73      -    100      4      0      0      0      0   6500   1635     14      0  13994    175      0      -      -      0  12961   1503 
 20260917    08:17:53       0     66     70      -      7      4      0      0      0      0   6500   1875      4      0  13994    175      0      -      -      0      0      0 
 20260917    08:17:54       0    121     70      -     64      3      0      0      0      0   6500   1875      4      0  13994    175      0      -      -      0      0      3 
 20260917    08:17:55       0    243     69      -    100     27      0      0      0      0   6500   1845      8      0  13994    175      0      -      -      0   3113      0 
 20260917    08:17:56       0     66     69      -     45     41      0      0      0      0   6500   1875      4      0  13994    175      0      -      -      0   4133      1 
 20260917    08:17:57       0     66     68      -      1      2      0      0      0      0   6500   1875      4      0  13994    175      0      -      -      0   4149      0 
 20260917    08:17:58       0    119     70      -     18      5      0      0      0      0   6500   1875      4      0  13994    175      0      -      -      0      0      0 
#Date        Time         gpu    pwr  gtemp  mtemp     sm    mem    enc    dec    jpg    ofa   mclk   pclk  pviol  tviol     fb   bar1   ccpm  sbecc  dbecc    pci  rxpci  txpci 
#YYYYMMDD    HH:MM:SS     Idx      W      C      C      %      %      %      %      %      %    MHz    MHz      %   bool     MB     MB     MB   errs   errs   errs   MB/s   MB/s 
 20260917    08:18:00       0    124     73      -     85      3      0      0      0      0   6500   1680      4      0  13994    175      0      -      -      0     16      2 
 20260917    08:18:01       0     62     69      -    100     38      0      0      0      0   6500   1860      9      0  13994    175      0      -      -      0   4136      1 
 20260917    08:18:02       0     62     68      -     43     41      0      0      0      0   6500   1845      4      0  13994    175      0      -      -      0   4151      0 
 20260917    08:18:03       0     66     68      -      1      2      0      0      0      0   6500   1875      4      0  13994    175      0      -      -      0   2540      2 
 20260917    08:18:04       0    136     70      -     32      4      0      0      0      0   6500   1875      4      0  13994    175      0      -      -      0      0      0 
 20260917    08:18:05       0    123     72      -     85      3      0      0      0      0   6500   1575      7      0  13994    175      0      -      -      0      7      0 
 20260917    08:18:06       0     63     68      -    100     40      0      0      0      0   6500   1875      4      0  13994    175      0      -      -      0   4130      1 
 20260917    08:18:07       0     65     68      -      1      2      0      0      0      0   6500   1875      0      0  13994    175      0      -      -      0   4132      0 
 20260917    08:18:08       0     66     69      -      2      3      0      0      0      0   6500   1875      4      0  13994    175      0      -      -      0      0      0 
 20260917    08:18:09       0    123     73      -     46      4      0      0      0      0   6500   1665      6      0  13994    175      0      -      -      0     18      2 
 20260917    08:18:10       0    135     68      -     44     39      0      0      0      0   6500   1860      8      0  13994    175      0      -      -      0   4095      1 
 20260917    08:18:11       0     67     68      -      1      2      0      0      0      0   6500   1890      6      0  13994    175      0      -      -      0   4150      1 
 20260917    08:18:12       0     66     68      -      1      2      0      0      0      0   6500   1890      4      0  13994    175      0      -      -      0   2846      6 
 20260917    08:18:13       0    124     69      -      1      2      0      0      0      0   6500   1890      4      0  13994    175      0      -      -      0      0      0 
 20260917    08:18:14       0    214     69      -     92     41      0      0      0      0   6500   1770     10      0  13994    175      0      -      -      0   3766      0 
 20260917    08:18:15       0     65     68      -     17     16      0      0      0      0   6500   1890      4      0  13994    175      0      -      -      0   4050      0 
 20260917    08:18:16       0     67     67      -      2      3      0      0      0      0   6500   1890      4      0  13994    175      0      -      -      0   4131      0 
 20260917    08:18:17       0    101     69      -      1      2      0      0      0      0   6500   1890      4      0  13994    175      0      -      -      0      0      0 
 20260917    08:18:19       0    125     72      -    100      6      0      0      0      0   6500   1695      4      0  13994    175      0      -      -      0     26      2 
 20260917    08:18:20       0     70     68      -     70     41      0      0      0      0   6500   1875      8      0  13994    175      0      -      -      0   4120      1 
 20260917    08:18:21       0     66     67      -      1      2      0      0      0      0   6500   1890      4      0  13994    175      0      -      -      0   4150      1 
 20260917    08:18:22       0     66     67      -      1      2      0      0      0      0   6500   1890      4      0  13994    175      0      -      -      0   2495      3 
 20260917    08:18:23       0    117     69      -     63      3      0      0      0      0   6500   1890      4      0  13994    175      0      -      -      0      0      0 
 20260917    08:18:24       0    238     71      -    100     16      0      0      0      0   6500   1635      8      0  13994    175      0      -      -      0   2177      0 
 20260917    08:18:25       0     65     67      -     68     44      0      0      0      0   6500   1890      4      0  13994    175      0      -      -      0   4150      1 
 20260917    08:18:26       0     66     67      -      1      2      0      0      0      0   6500   1890      5      0  13994    175      0      -      -      0   4154      1 
 20260917    08:18:27       0     67     68      -      1      2      0      0      0      0   6500   1890      4      0  13994    175      0      -      -      0      0      0 
 20260917    08:18:28       0    124     68      -     68      3      0      0      0      0   6500   1890      6      0  13994    175      0      -      -      0      0      3 
 20260917    08:18:29       0    247     68      -    100     30      0      0      0      0   6500   1860     10      0  13994    175      0      -      -      0  10842  13237 
 20260917    08:18:30       0    122     69      -    100     25      0      0      0      0   6500   1890     10      0  13994    175      0      -      -      0     13      8 
 20260917    08:18:31       0     86     69      -    100     31      0      0      0      0   6500   1890     14      0  13994    175      0      -      -      0      0      0 
 20260917    08:18:32       0    226     68      -    100     30      0      0      0      0   6500   1875     12      0  13994    175      0      -      -      0  12933    559 
 20260917    08:18:33       0    225     70      -    100     16      0      0      0      0   6500   1635     14      0  13994    175      0      -      -      0  12913   1496 
 20260917    08:18:34       0    132     70      -    100      5      0      0      0      0   6500   1890      8      0  13994    175      0      -      -      0     28     11 
 20260917    08:18:35       0    115     69      -    100     32      0      0      0      0   6500   1890     14      0  13994    175      0      -      -      0      0      0 
 20260917    08:18:36       0     99     68      -    100      7      0      0      0      0   6500   1875     12      0  13994    175      0      -      -      0    226      0 
 20260917    08:18:38       0    154     69      -    100     28      0      0      0      0   6500   1800     12      0  13994    175      0      -      -      0  12971   1502 
 20260917    08:18:39       0    122     73      -    100      4      0      0      0      0   6500   1560      8      0  13994    175      0      -      -      0     74   1502 
 20260917    08:18:40       0    121     70      -    100     28      0      0      0      0   6500   1875     11      0  13994    175      0      -      -      0      0      3 
 20260917    08:18:41       0     63     69      -    100     25      0      0      0      0   6500   1860     14      0  13994    175      0      -      -      0      0      0 
 20260917    08:18:42       0    223     69      -    100     28      0      0      0      0   6500   1845     14      0  13994    175      0      -      -      0  12908   1494 
 20260917    08:18:43       0    190     72      -    100      3      0      0      0      0   6500   1590     11      0  13994    175      0      -      -      0  12950   1501 
 20260917    08:18:44       0     65     68      -     19     14      0      0      0      0   6500   1875      9      0  13994    175      0      -      -      0   3951      0 
 20260917    08:18:45       0     67     70      -      2      3      0      0      0      0   6500   1875      4      0  13994    175      0      -      -      0      0      0 
#Date        Time         gpu    pwr  gtemp  mtemp     sm    mem    enc    dec    jpg    ofa   mclk   pclk  pviol  tviol     fb   bar1   ccpm  sbecc  dbecc    pci  rxpci  txpci 
#YYYYMMDD    HH:MM:SS     Idx      W      C      C      %      %      %      %      %      %    MHz    MHz      %   bool     MB     MB     MB   errs   errs   errs   MB/s   MB/s 
 20260917    08:18:46       0    224     69      -     77     27      0      0      0      0   6500   1830     12      0  13994    175      0      -      -      0   2798      1 
 20260917    08:18:47       0     67     68      -      2      3      0      0      0      0   6500   1890      4      0  13994    175      0      -      -      0   4154      0 
 20260917    08:18:48       0     91     69      -      1      2      0      0      0      0   6500   1875      4      0  13994    175      0      -      -      0      0      0 
 20260917    08:18:49       0     62     68      -    100     27      0      0      0      0   6500   1875      8      0  13994    175      0      -      -      0   4152      1 
 20260917    08:18:50       0     67     68      -      1      2      0      0      0      0   6500   1890      4      0  13994    175      0      -      -      0   4164      1 
 20260917    08:18:51       0    134     73      -     63      3      0      0      0      0   6500   1695      4      0  13994    175      0      -      -      0     16      2 
 20260917    08:18:52       0     64     68      -     40     29      0      0      0      0   6500   1890     10      0  13994    175      0      -      -      0   4149      4 
 20260917    08:18:53       0     67     67      -      1      2      0      0      0      0   6500   1890      4      0  13994    175      0      -      -      0    357      3 
 20260917    08:18:54       0    181     69      -     94     28      0      0      0      0   6500   1800      8      0  13994    175      0      -      -      0   3307      0 
 20260917    08:18:55       0     68     67      -      1      2      0      0      0      0   6500   1890      4      0  13994    175      0      -      -      0   4147      0 
 20260917    08:18:57       0     68     69      -      1      2      0      0      0      0   6500   1890      4      0  13994    175      0      -      -      0      0      0 
 20260917    08:18:58       0     87     68      -     89      8      0      0      0      0   6500   1875      8      0  13994    175      0      -      -      0   3967      0 
 20260917    08:18:59       0     67     67      -      1      2      0      0      0      0   6500   1890      4      0  13994    175      0      -      -      0   4148      1 
 20260917    08:19:00       0    136     69      -     27      4      0      0      0      0   6500   1890      3      0  13994    175      0      -      -      0      0      0 
 20260917    08:19:01       0     65     67      -     71     28      0      0      0      0   6500   1875     12      0  13994    175      0      -      -      0   4157      1 
 20260917    08:19:02       0     67     67      -      1      2      0      0      0      0   6500   1890      6      0  13994    175      0      -      -      0   4153      0 
 20260917    08:19:03       0    125     71      -      8      4      0      0      0      0   6500   1575      7      0  13994    175      0      -      -      0    524      0 
 20260917    08:19:04       0     68     67      -      1      2      0      0      0      0   6500   1890      6      0  13994    175      0      -      -      0   3977      0 
 20260917    08:19:05       0     67     68      -      1      3      0      0      0      0   6500   1890      3      0  13994    175      0      -      -      0      0      0 
 20260917    08:19:06       0    132     68      -     76      3      0      0      0      0   6500   1845      7      0  13994    175      0      -      -      0   4108      1 
 20260917    08:19:07       0     66     67      -     26     20      0      0      0      0   6500   1890      4      0  13994    175      0      -      -      0   4149      0 
 20260917    08:19:08       0    135     68      -     27      4      0      0      0      0   6500   1890      4      0  13994    175      0      -      -      0      0      0 
 20260917    08:19:09       0    106     67      -     86     28      0      0      0      0   6500   1875      8      0  13994    175      0      -      -      0   3831      0 
 20260917    08:19:10       0     66     67      -      1      2      0      0      0      0   6500   1890      4      0  13994    175      0      -      -      0   4150      0 
 20260917    08:19:11       0    133     68      -      1      2      0      0      0      0   6500   1890      4      0  13994    175      0      -      -      0     25     11 
 20260917    08:19:12       0     64     67      -     36     28      0      0      0      0   6500   1890      8      0  13994    175      0      -      -      0   4126      4 
 20260917    08:19:13       0     67     67      -      1      2      0      0      0      0   6500   1890      4      0  13994    175      0      -      -      0   3854      3 
 20260917    08:19:14       0    196     71      -     27      4      0      0      0      0   6500   1560      5      0  13994    175      0      -      -      0    617      0 
 20260917    08:19:16       0     65     67      -      1      2      0      0      0      0   6500   1890      6      0  13994    175      0      -      -      0   4133      0 
 20260917    08:19:17       0     73     67      -    100      9      0      0      0      0   6500   1890      4      0  13996    175      0      -      -      0  12819   1896 
 20260917    08:19:18       0     73     66      -    100      7      0      0      0      0   6500   1890      0      0  13996    175      0      -      -      0  12818   1933 
 20260917    08:19:19       0     73     66      -    100      6      0      0      0      0   6500   1890      0      0  13996    175      0      -      -      0  12937   1500 
 20260917    08:19:20       0     73     66      -    100      6      0      0      0      0   6500   1890      0      0  13996    175      0      -      -      0  12937   1504 
 20260917    08:19:21       0     73     66      -    100      9      0      0      0      0   6500   1890      0      0  13996    175      0      -      -      0  12933   1500 
 20260917    08:19:22       0     72     66      -    100      6      0      0      0      0   6500   1890      0      0  13996    175      0      -      -      0   4147      0 
 20260917    08:19:23       0     66     66      -      2      3      0      0      0      0   6500   1890      0      0  13996    175      0      -      -      0   1382      0 
 20260917    08:19:24       0     50     64      -      1      2      0      0      0      0   6500   1620      0      0  13996    175      0      -      -      0   1581      0 
 20260917    08:19:25       0     50     64      -      2      3      0      0      0      0   6500   1620      0      0  13996    175      0      -      -      0   1928      0 
 20260917    08:19:26       0     50     64      -      1      2      0      0      0      0   6500   1620      0      0  13996    175      0      -      -      0   1584      0 
 20260917    08:19:27       0     50     64      -      1      2      0      0      0      0   6500   1620      0      0  13996    175      0      -      -      0   2660      0 
 20260917    08:19:28       0     50     64      -      1      2      0      0      0      0   6500   1620      0      0  13996    175      0      -      -      0   2363      2 
 20260917    08:19:29       0     50     63      -      2      3      0      0      0      0   6500   1620      0      0  13996    175      0      -      -      0   2795      0 
 20260917    08:19:30       0     50     63      -      1      2      0      0      0      0   6500   1620      0      0  13996    175      0      -      -      0   3750      0 
 20260917    08:19:31       0     50     63      -      1      2      0      0      0      0   6500   1620      0      0  13996    175      0      -      -      0   3927      0 
#Date        Time         gpu    pwr  gtemp  mtemp     sm    mem    enc    dec    jpg    ofa   mclk   pclk  pviol  tviol     fb   bar1   ccpm  sbecc  dbecc    pci  rxpci  txpci 
#YYYYMMDD    HH:MM:SS     Idx      W      C      C      %      %      %      %      %      %    MHz    MHz      %   bool     MB     MB     MB   errs   errs   errs   MB/s   MB/s 
 20260917    08:19:32       0     49     63      -      1      2      0      0      0      0   6500   1620      0      0  13996    175      0      -      -      0   4132      0 
 20260917    08:19:33       0     50     62      -      1      2      0      0      0      0   6500   1620      0      0  13996    175      0      -      -      0   4164      0 
 20260917    08:19:35       0     50     62      -      1      2      0      0      0      0   6500   1620      0      0  13996    175      0      -      -      0   4133      0 
 20260917    08:19:36       0     50     62      -      1      3      0      0      0      0   6500   1620      0      0  13996    175      0      -      -      0   3532      0 
 20260917    08:19:37       0     50     62      -      2      3      0      0      0      0   6500   1620      0      0  13996    175      0      -      -      0   4154      0 
 20260917    08:19:38       0     49     62      -      1      2      0      0      0      0   6500   1620      0      0  13996    175      0      -      -      0   4151      0 
 20260917    08:19:39       0     49     62      -      2      3      0      0      0      0   6500   1620      0      0  13996    175      0      -      -      0   4138      0 
 20260917    08:19:40       0     49     61      -      4      4      0      0      0      0   6500   1620      0      0  13996    175      0      -      -      0   3914      1 
 20260917    08:19:41       0     49     61      -      1      2      0      0      0      0   6500   1620      0      0  13996    175      0      -      -      0   4150      0 
 20260917    08:19:42       0     49     61      -      1      1      0      0      0      0   6500   1620      0      0  13996    175      0      -      -      0   4151      1 
 20260917    08:19:43       0     48     61      -      4      4      0      0      0      0   6500   1620      0      0  13996    175      0      -      -      0   4154      1 
 20260917    08:19:44       0     49     61      -      1      2      0      0      0      0   6500   1620      0      0  13996    175      0      -      -      0   4154      0 
 20260917    08:19:45       0     64     62      -    100      6      0      0      0      0   6500   1905      0      0  13996    175      0      -      -      0  12932   1501 
 20260917    08:19:46       0     70     62      -    100      6      0      0      0      0   6500   1905      0      0  13996    175      0      -      -      0  12943   1502 
 20260917    08:19:47       0     70     62      -    100      9      0      0      0      0   6500   1905      0      0  13996    175      0      -      -      0  12943   1503 
 20260917    08:19:48       0     66     62      -    100      9      0      0      0      0   6500   1905      0      0  13996    175      0      -      -      0  12938   1501 
 20260917    08:19:49       0     70     62      -    100      6      0      0      0      0   6500   1905      0      0  13996    175      0      -      -      0  12941   1502 
 20260917    08:19:50       0     65     61      -      1      2      0      0      0      0   6500   1905      0      0  13996    175      0      -      -      0   4156      0 
 20260917    08:19:51       0     64     61      -      3      4      0      0      0      0   6500   1905      0      0  13996    175      0      -      -      0   4134      1 
 20260917    08:19:52       0     49     60      -      1      2      0      0      0      0   6500   1620      0      0  13996    175      0      -      -      0   4135      1 
 20260917    08:19:54       0     49     60      -      4      4      0      0      0      0   6500   1620      0      0  13996    175      0      -      -      0   4151      1 
 20260917    08:19:55       0     49     60      -      4      4      0      0      0      0   6500   1620      0      0  13996    175      0      -      -      0   4167      1 
 20260917    08:19:56       0     49     60      -      4      5      0      0      0      0   6500   1620      0      0  13996    175      0      -      -      0   4151      0 
 20260917    08:19:57       0     49     60      -      4      5      0      0      0      0   6500   1620      0      0  13996    175      0      -      -      0   4150      1 
 20260917    08:19:58       0     49     59      -      4      5      0      0      0      0   6500   1620      0      0  13996    175      0      -      -      0   4152      1 
 20260917    08:19:59       0     48     59      -      4      4      0      0      0      0   6500   1620      0      0  13996    175      0      -      -      0   4150      1 
 20260917    08:20:00       0     48     59      -      4      5      0      0      0      0   6500   1620      0      0  13996    175      0      -      -      0   4051      0 
 20260917    08:20:01       0     52     59      -      4      4      0      0      0      0   6500   1620      0      0  13996    175      0      -      -      0   4129      0 
 20260917    08:20:02       0     48     59      -      4      4      0      0      0      0   6500   1620      0      0  13996    175      0      -      -      0   4150      0 
 20260917    08:20:03       0     52     59      -      4      5      0      0      0      0   6500   1620      0      0  13996    175      0      -      -      0   4149      1 
 20260917    08:20:04       0     48     59      -      1      2      0      0      0      0   6500   1620      0      0  13996    175      0      -      -      0   3988      0 
 20260917    08:20:05       0     51     59      -      4      4      0      0      0      0   6500   1620      0      0  13996    175      0      -      -      0   4136      1 
 20260917    08:20:06       0     51     59      -      4      4      0      0      0      0   6500   1620      0      0  13996    175      0      -      -      0   4153      1 
 20260917    08:20:07       0     51     58      -      2      3      0      0      0      0   6500   1620      0      0  13996    175      0      -      -      0   4151      0 
 20260917    08:20:08       0     50     58      -      1      2      0      0      0      0   6500   1620      0      0  13996    175      0      -      -      0   4126      1 
 20260917    08:20:09       0     48     58      -      4      5      0      0      0      0   6500   1620      0      0  13996    175      0      -      -      0   3725      0 
 20260917    08:20:10       0     48     58      -      1      2      0      0      0      0   6500   1620      0      0  13996    175      0      -      -      0   2997      0 
 20260917    08:20:11       0     48     58      -      1      2      0      0      0      0   6500   1620      0      0  13996    175      0      -      -      0   4157      0 
 20260917    08:20:13       0     48     58      -      1      2      0      0      0      0   6500   1620      0      0  13996    175      0      -      -      0   8835   1498 
 20260917    08:20:14       0     67     59      -    100      6      0      0      0      0   6500   1905      0      0  13996    175      0      -      -      0  12970   1500 
 20260917    08:20:15       0     62     59      -    100      6      0      0      0      0   6500   1905      0      0  13996    175      0      -      -      0  12963   1500 
 20260917    08:20:16       0     67     59      -    100      9      0      0      0      0   6500   1905      0      0  13996    175      0      -      -      0  12940   1502 
 20260917    08:20:17       0     62     59      -    100      9      0      0      0      0   6500   1905      0      0  13996    175      0      -      -      0  12894   1500 
 20260917    08:20:18       0     67     59      -    100      6      0      0      0      0   6500   1905      0      0  13996    175      0      -      -      0  12932   1500 
#Date        Time         gpu    pwr  gtemp  mtemp     sm    mem    enc    dec    jpg    ofa   mclk   pclk  pviol  tviol     fb   bar1   ccpm  sbecc  dbecc    pci  rxpci  txpci 
#YYYYMMDD    HH:MM:SS     Idx      W      C      C      %      %      %      %      %      %    MHz    MHz      %   bool     MB     MB     MB   errs   errs   errs   MB/s   MB/s 
 20260917    08:20:19       0     66     59      -      1      2      0      0      0      0   6500   1905      0      0  13996    175      0      -      -      0   4143      1 
 20260917    08:20:20       0     64     59      -      1      2      0      0      0      0   6500   1905      0      0  13996    175      0      -      -      0   2668      0 
 20260917    08:20:21       0     48     58      -      2      3      0      0      0      0   6500   1620      0      0  13996    175      0      -      -      0   2202      0 
 20260917    08:20:22       0     49     58      -      1      2      0      0      0      0   6500   1620      0      0  13996    175      0      -      -      0   2385      0 
 20260917    08:20:23       0     47     58      -      1      2      0      0      0      0   6500   1620      0      0  13996    175      0      -      -      0   1393      0 
 20260917    08:20:24       0     47     58      -      1      2      0      0      0      0   6500   1620      0      0  13996    175      0      -      -      0   1727      0 
 20260917    08:20:25       0     47     57      -      1      3      0      0      0      0   6500   1620      0      0  13996    175      0      -      -      0   2338      3 
 20260917    08:20:26       0     47     57      -      2      3      0      0      0      0   6500   1620      0      0  13996    175      0      -      -      0   3988      0 
 20260917    08:20:27       0     47     57      -      1      2      0      0      0      0   6500   1620      0      0  13996    175      0      -      -      0   3259      0 
 20260917    08:20:28       0     47     57      -      2      3      0      0      0      0   6500   1620      0      0  13996    175      0      -      -      0   3825      0 
 20260917    08:20:29       0     47     57      -      1      2      0      0      0      0   6500   1620      0      0  13996    175      0      -      -      0   4152      0 
 20260917    08:20:30       0     47     57      -      1      2      0      0      0      0   6500   1620      0      0  13996    175      0      -      -      0   4158      0 
 20260917    08:20:32       0     47     57      -      1      2      0      0      0      0   6500   1620      0      0  13996    175      0      -      -      0   3779      0 
 20260917    08:20:33       0     47     57      -      2      3      0      0      0      0   6500   1620      0      0  13996    175      0      -      -      0   4140      0 
 20260917    08:20:34       0     47     57      -      1      2      0      0      0      0   6500   1620      0      0  13996    175      0      -      -      0   4150      5 
 20260917    08:20:35       0     47     57      -      1      2      0      0      0      0   6500   1620      0      0  13996    175      0      -      -      0   4152      5 
 20260917    08:20:36       0     47     57      -      1      3      0      0      0      0   6500   1620      0      0  13996    175      0      -      -      0   4153      0 
 20260917    08:20:37       0     47     57      -      1      2      0      0      0      0   6500   1620      0      0  13996    175      0      -      -      0   4167      1 
 20260917    08:20:38       0     47     57      -      1      2      0      0      0      0   6500   1620      0      0  13996    175      0      -      -      0   4149      1 
 20260917    08:20:39       0     47     56      -      1      2      0      0      0      0   6500   1620      0      0  13996    175      0      -      -      0   4138      0 
 20260917    08:20:40       0     47     56      -      1      2      0      0      0      0   6500   1620      0      0  13996    175      0      -      -      0   4153      1 
 20260917    08:20:41       0     60     57      -     70     10      0      0      0      0   6500   1905      0      0  13996    175      0      -      -      0  12950   1499 
 20260917    08:20:42       0     62     57      -    100      8      0      0      0      0   6500   1905      0      0  13996    175      0      -      -      0  12939   1500 
 20260917    08:20:43       0     67     57      -    100      6      0      0      0      0   6500   1905      0      0  13996    175      0      -      -      0  12896   1501 
 20260917    08:20:44       0     60     57      -    100      6      0      0      0      0   6500   1905      0      0  13996    175      0      -      -      0  12952   1499 
 20260917    08:20:45       0     67     57      -    100      9      0      0      0      0   6500   1905      0      0  13996    175      0      -      -      0  12936   1500 
 20260917    08:20:46       0     60     57      -    100      9      0      0      0      0   6500   1905      0      0  13996    175      0      -      -      0  12930   1501 
 20260917    08:20:47       0     61     57      -      2      3      0      0      0      0   6500   1905      0      0  13996    175      0      -      -      0   4019      0 
 20260917    08:20:48       0     53     57      -      1      2      0      0      0      0   6500   1620      0      0  13996    175      0      -      -      0   4151      0 
 20260917    08:20:49       0     48     57      -      2      3      0      0      0      0   6500   1620      0      0  13996    175      0      -      -      0   4117      0 
 20260917    08:20:51       0     47     56      -      1      2      0      0      0      0   6500   1620      0      0  13996    175      0      -      -      0   4150      1 
 20260917    08:20:52       0     48     56      -      1      2      0      0      0      0   6500   1620      0      0  13996    175      0      -      -      0   4159      0 
 20260917    08:20:53       0     47     56      -      1      2      0      0      0      0   6500   1620      0      0  13996    175      0      -      -      0   4152      1 
 20260917    08:20:54       0     47     56      -      2      3      0      0      0      0   6500   1620      0      0  13996    175      0      -      -      0   3850      0 
 20260917    08:20:55       0     47     56      -      1      2      0      0      0      0   6500   1620      0      0  13996    175      0      -      -      0   4154      0 
 20260917    08:20:56       0     47     56      -      4      5      0      0      0      0   6500   1620      0      0  13996    175      0      -      -      0   4135      1 
 20260917    08:20:57       0     48     56      -      4      4      0      0      0      0   6500   1620      0      0  13996    175      0      -      -      0   4156      0 
 20260917    08:20:58       0     48     56      -      1      2      0      0      0      0   6500   1620      0      0  13996    175      0      -      -      0   4156      1 
 20260917    08:20:59       0     47     56      -      1      2      0      0      0      0   6500   1620      0      0  13996    175      0      -      -      0   4153      0 
 20260917    08:21:00       0     47     56      -      4      4      0      0      0      0   6500   1620      0      0  13996    175      0      -      -      0   4153      0 
 20260917    08:21:01       0     47     56      -      4      5      0      0      0      0   6500   1620      0      0  13996    175      0      -      -      0   4148      0 
 20260917    08:21:02       0     46     56      -      4      4      0      0      0      0   6500   1620      0      0  13996    175      0      -      -      0   4136      1 
 20260917    08:21:03       0     47     56      -      4      4      0      0      0      0   6500   1620      0      0  13996    175      0      -      -      0   4024      1 
 20260917    08:21:04       0     50     56      -      4      5      0      0      0      0   6500   1620      0      0  13996    175      0      -      -      0   3844      1 
#Date        Time         gpu    pwr  gtemp  mtemp     sm    mem    enc    dec    jpg    ofa   mclk   pclk  pviol  tviol     fb   bar1   ccpm  sbecc  dbecc    pci  rxpci  txpci 
#YYYYMMDD    HH:MM:SS     Idx      W      C      C      %      %      %      %      %      %    MHz    MHz      %   bool     MB     MB     MB   errs   errs   errs   MB/s   MB/s 
 20260917    08:21:05       0     46     56      -      4      4      0      0      0      0   6500   1620      0      0  13996    175      0      -      -      0   4150      0 
 20260917    08:21:06       0     49     56      -      4      4      0      0      0      0   6500   1620      0      0  13996    175      0      -      -      0   4155      1 
 20260917    08:21:07       0     50     56      -      4      5      0      0      0      0   6500   1620      0      0  13996    175      0      -      -      0   4126      0 
 20260917    08:21:08       0     47     56      -      1      2      0      0      0      0   6500   1620      0      0  13996    175      0      -      -      0   4154      1 
 20260917    08:21:10       0     60     56      -    100      9      0      0      0      0   6500   1905      0      0  13996    175      0      -      -      0  12892   1494 
 20260917    08:21:11       0     66     57      -    100      7      0      0      0      0   6500   1905      0      0  13996    175      0      -      -      0  12930   1500 
 20260917    08:21:12       0     66     57      -    100      6      0      0      0      0   6500   1905      0      0  13996    175      0      -      -      0  12884   1495 
 20260917    08:21:13       0     66     57      -    100      6      0      0      0      0   6500   1905      0      0  13996    175      0      -      -      0  12935   1494 
 20260917    08:21:14       0     66     57      -    100      6      0      0      0      0   6500   1905      0      0  13996    175      0      -      -      0  12930   1179 
 20260917    08:21:15       0     60     57      -      9      4      0      0      0      0   6500   1905      0      0  13996    175      0      -      -      0   4048      0 
 20260917    08:21:16       0     59     57      -      4      4      0      0      0      0   6500   1905      0      0  13996    175      0      -      -      0   4132      0 
 20260917    08:21:17       0     47     56      -      1      2      0      0      0      0   6500   1620      0      0  13996    175      0      -      -      0   4136      0 
 20260917    08:21:18       0     50     56      -      4      4      0      0      0      0   6500   1620      0      0  13996    175      0      -      -      0   4159      0 
 20260917    08:21:19       0     47     56      -      4      4      0      0      0      0   6500   1620      0      0  13996    175      0      -      -      0   4150      0 
 20260917    08:21:20       0     50     56      -      1      2      0      0      0      0   6500   1620      0      0  13996    175      0      -      -      0   4151      0 
 20260917    08:21:21       0     50     56      -      4      4      0      0      0      0   6500   1620      0      0  13996    175      0      -      -      0   3989      1 
 20260917    08:21:22       0     46     56      -      4      5      0      0      0      0   6500   1620      0      0  13996    175      0      -      -      0   4138      0 
 20260917    08:21:23       0     50     56      -      1      2      0      0      0      0   6500   1620      0      0  13996    175      0      -      -      0   4149      0 
 20260917    08:21:24       0     50     56      -      2      3      0      0      0      0   6500   1620      0      0  13996    175      0      -      -      0   3480      1 
 20260917    08:21:25       0     47     56      -      4      5      0      0      0      0   6500   1620      0      0  13996    175      0      -      -      0   3888      0 
 20260917    08:21:26       0     50     56      -      1      2      0      0      0      0   6500   1620      0      0  13996    175      0      -      -      0   3712      0 
 20260917    08:21:27       0     47     56      -      1      2      0      0      0      0   6500   1620      0      0  13996    175      0      -      -      0   4144      0 
 20260917    08:21:29       0     50     56      -      1      2      0      0      0      0   6500   1620      0      0  13996    175      0      -      -      0   3161      0 
 20260917    08:21:30       0     47     56      -      4      5      0      0      0      0   6500   1620      0      0  13996    175      0      -      -      0   3438      0 
 20260917    08:21:31       0     50     56      -      1      2      0      0      0      0   6500   1620      0      0  13996    175      0      -      -      0   4076      0 
 20260917    08:21:32       0     47     56      -      2      3      0      0      0      0   6500   1620      0      0  13996    175      0      -      -      0   1486      0 
 20260917    08:21:33       0     47     55      -      1      2      0      0      0      0   6500   1620      0      0  13996    175      0      -      -      0   1879      0 
 20260917    08:21:34       0     46     55      -      1      2      0      0      0      0   6500   1620      0      0  13996    175      0      -      -      0   2594      0 
 20260917    08:21:35       0     47     55      -      1      2      0      0      0      0   6500   1620      0      0  13996    175      0      -      -      0   4120      0 
 20260917    08:21:36       0     47     55      -      1      2      0      0      0      0   6500   1620      0      0  13996    175      0      -      -      0   4045      0 
 20260917    08:21:37       0     47     55      -      1      2      0      0      0      0   6500   1620      0      0  13996    175      0      -      -      0   4159      0 
 20260917    08:21:38       0     61     56      -    100      9      0      0      0      0   6500   1905      0      0  13996    175      0      -      -      0  12938   1500 
 20260917    08:21:39       0     66     56      -    100      6      0      0      0      0   6500   1905      0      0  13996    175      0      -      -      0  12934   1502 
 20260917    08:21:40       0     66     56      -    100      6      0      0      0      0   6500   1905      0      0  13996    175      0      -      -      0  12944   1499 
 20260917    08:21:41       0     66     56      -    100      6      0      0      0      0   6500   1905      0      0  13996    175      0      -      -      0  12936   1153 
 20260917    08:21:42       0     66     57      -    100      6      0      0      0      0   6500   1905      0      0  13996    175      0      -      -      0  12947   1094 
 20260917    08:21:43       0     60     57      -      1      3      0      0      0      0   6500   1905      0      0  13996    175      0      -      -      0   1903      0 
 20260917    08:21:44       0     60     56      -      1      2      0      0      0      0   6500   1905      0      0  13996    175      0      -      -      0   2512      3 
 20260917    08:21:45       0     47     56      -      2      3      0      0      0      0   6500   1620      0      0  13996    175      0      -      -      0   2527      1 
 20260917    08:21:46       0     47     56      -      1      2      0      0      0      0   6500   1620      0      0  13996    175      0      -      -      0   2831      0 
 20260917    08:21:48       0     47     56      -      1      2      0      0      0      0   6500   1620      0      0  13996    175      0      -      -      0   2832      0 
 20260917    08:21:49       0     47     56      -      1      2      0      0      0      0   6500   1620      0      0  13996    175      0      -      -      0   3925      0 
 20260917    08:21:50       0     47     56      -      1      2      0      0      0      0   6500   1620      0      0  13996    175      0      -      -      0   3895      0 
 20260917    08:21:51       0     46     55      -      1      2      0      0      0      0   6500   1620      0      0  13996    175      0      -      -      0   4155      0 
#Date        Time         gpu    pwr  gtemp  mtemp     sm    mem    enc    dec    jpg    ofa   mclk   pclk  pviol  tviol     fb   bar1   ccpm  sbecc  dbecc    pci  rxpci  txpci 
#YYYYMMDD    HH:MM:SS     Idx      W      C      C      %      %      %      %      %      %    MHz    MHz      %   bool     MB     MB     MB   errs   errs   errs   MB/s   MB/s 
 20260917    08:21:52       0     47     55      -      1      2      0      0      0      0   6500   1620      0      0  13996    175      0      -      -      0   4131      1 
 20260917    08:21:53       0     46     56      -      1      3      0      0      0      0   6500   1620      0      0  13996    175      0      -      -      0   3968      0 
 20260917    08:21:54       0     47     55      -      1      2      0      0      0      0   6500   1620      0      0  13996    175      0      -      -      0   4148      0 
 20260917    08:21:55       0     47     55      -      1      2      0      0      0      0   6500   1620      0      0  13996    175      0      -      -      0   4163      1 
 20260917    08:21:56       0     47     55      -      1      2      0      0      0      0   6500   1620      0      0  13996    175      0      -      -      0   4153      5 
 20260917    08:21:57       0     47     55      -      3      4      0      0      0      0   6500   1620      0      0  13996    175      0      -      -      0   3881      0 
 20260917    08:21:58       0     47     55      -      1      2      0      0      0      0   6500   1620      0      0  13996    175      0      -      -      0   4150      0 
 20260917    08:21:59       0     46     55      -      1      2      0      0      0      0   6500   1620      0      0  13996    175      0      -      -      0   4153      0 
 20260917    08:22:00       0     47     55      -      4      4      0      0      0      0   6500   1620      0      0  13996    175      0      -      -      0   4133      0 
 20260917    08:22:01       0     47     55      -      4      4      0      0      0      0   6500   1620      0      0  13996    175      0      -      -      0   4138      1 
 20260917    08:22:02       0     46     55      -      4      5      0      0      0      0   6500   1620      0      0  13996    175      0      -      -      0   4152      0 
 20260917    08:22:03       0     46     55      -      3      4      0      0      0      0   6500   1620      0      0  13996    175      0      -      -      0   4151      0 
 20260917    08:22:04       0     47     55      -      4      4      0      0      0      0   6500   1620      0      0  13996    175      0      -      -      0   4151      1 
 20260917    08:22:05       0     47     55      -      1      2      0      0      0      0   6500   1905      0      0  13996    175      0      -      -      0  12937   1500 
 20260917    08:22:07       0     65     56      -    100      6      0      0      0      0   6500   1905      0      0  13996    175      0      -      -      0  12940   1499 
 20260917    08:22:08       0     65     56      -    100      6      0      0      0      0   6500   1905      0      0  13996    175      0      -      -      0  12889   1500 
 20260917    08:22:09       0     60     56      -    100      6      0      0      0      0   6500   1905      0      0  13996    175      0      -      -      0  12931   1501 
 20260917    08:22:10       0     65     56      -    100      6      0      0      0      0   6500   1905      0      0  13996    175      0      -      -      0  12929   1499 
 20260917    08:22:11       0     65     56      -    100      9      0      0      0      0   6500   1905      0      0  13996    175      0      -      -      0  12930   1149 
 20260917    08:22:12       0     60     56      -      3      4      0      0      0      0   6500   1905      0      0  13996    175      0      -      -      0   3904      1 
 20260917    08:22:13       0     51     56      -      3      4      0      0      0      0   6500   1620      0      0  13996    175      0      -      -      0   4152      0 
 20260917    08:22:14       0     47     56      -      2      3      0      0      0      0   6500   1620      0      0  13996    175      0      -      -      0   4080      0 
 20260917    08:22:15       0     46     56      -      1      2      0      0      0      0   6500   1620      0      0  13996    175      0      -      -      0   4151      4 
 20260917    08:22:16       0     46     56      -      3      4      0      0      0      0   6500   1620      0      0  13996    175      0      -      -      0   4160      0 
 20260917    08:22:17       0     46     55      -      3      4      0      0      0      0   6500   1620      0      0  13996    175      0      -      -      0   4156      0 
 20260917    08:22:18       0     47     55      -      2      3      0      0      0      0   6500   1620      0      0  13996    175      0      -      -      0   3881      0 
 20260917    08:22:19       0     46     55      -      3      4      0      0      0      0   6500   1620      0      0  13996    175      0      -      -      0   3701      0 
 20260917    08:22:20       0     47     55      -      3      4      0      0      0      0   6500   1620      0      0  13996    175      0      -      -      0   4150      0 
 20260917    08:22:21       0     46     55      -      3      4      0      0      0      0   6500   1620      0      0  13996    175      0      -      -      0   4149      0 
 20260917    08:22:22       0     46     55      -      3      4      0      0      0      0   6500   1620      0      0  13996    175      0      -      -      0   4153      1 
 20260917    08:22:23       0     47     55      -      3      4      0      0      0      0   6500   1620      0      0  13996    175      0      -      -      0   4151      1 
 20260917    08:22:24       0     46     55      -      3      4      0      0      0      0   6500   1620      0      0  13996    175      0      -      -      0   4150      0 
 20260917    08:22:26       0     47     55      -      2      3      0      0      0      0   6500   1620      0      0  13996    175      0      -      -      0   4151      1 
 20260917    08:22:27       0     49     55      -      3      4      0      0      0      0   6500   1620      0      0  13996    175      0      -      -      0   4108      0 
 20260917    08:22:28       0     46     55      -      4      5      0      0      0      0   6500   1620      0      0  13996    175      0      -      -      0   3862      0 
 20260917    08:22:29       0     49     55      -      1      3      0      0      0      0   6500   1620      0      0  13996    175      0      -      -      0   4151      1 
 20260917    08:22:30       0     49     55      -      1      2      0      0      0      0   6500   1620      0      0  13996    175      0      -      -      0   3978      0 
 20260917    08:22:31       0     46     55      -      1      2      0      0      0      0   6500   1620      0      0  13996    175      0      -      -      0   1396      0 
 20260917    08:22:32       0     46     55      -      1      2      0      0      0      0   6500   1620      0      0  13996    175      0      -      -      0   1859      0 
 20260917    08:22:33       0     46     55      -      1      2      0      0      0      0   6500   1620      0      0  13996    175      0      -      -      0   2328      2 
 20260917    08:22:34       0     59     57      -    100     16      0      0      0      0   6500   1905      2      0  13996    175      0      -      -      0      5      0 
 20260917    08:22:35       0     59     58      -    100     30      0      0      0      0   6500   1905      6      0  13996    175      0      -      -      0      0      0 
 20260917    08:22:36       0     94     59      -    100     32      0      0      0      0   6500   1905      6      0  13996    175      0      -      -      0      3      0 
 20260917    08:22:37       0     82     59      -    100     33      0      0      0      0   6500   1905      7      0  13996    175      0      -      -      0      0      3 
#Date        Time         gpu    pwr  gtemp  mtemp     sm    mem    enc    dec    jpg    ofa   mclk   pclk  pviol  tviol     fb   bar1   ccpm  sbecc  dbecc    pci  rxpci  txpci 
#YYYYMMDD    HH:MM:SS     Idx      W      C      C      %      %      %      %      %      %    MHz    MHz      %   bool     MB     MB     MB   errs   errs   errs   MB/s   MB/s 
 20260917    08:22:38       0     59     59      -    100     35      0      0      0      0   6500   1905      7      0  13996    175      0      -      -      0      0      3 
 20260917    08:22:39       0    112     60      -    100      5      0      0      0      0   6500   1905      4      0  13996    175      0      -      -      0      8      7 
 20260917    08:22:40       0     99     61      -    100      5      0      0      0      0   6500   1890      4      0  13996    175      0      -      -      0     29     12 
 20260917    08:22:41       0    114     63      -    100      9      0      0      0      0   6500   1890      8      0  13996    175      0      -      -      0     28      5 
 20260917    08:22:42       0    125     64      -    100     18      0      0      0      0   6500   1575     10      0  13996    175      0      -      -      0     12   1225 
 20260917    08:22:43       0    203     63      -    100     27      0      0      0      0   6500   1620     12      0  13996    175      0      -      -      0   8764   1496 
 20260917    08:22:44       0    163     63      -    100     26      0      0      0      0   6500   1620      8      0  13996    175      0      -      -      0  12915   1497 
 20260917    08:22:46       0    234     62      -    100     12      0      0      0      0   6500   1770     10      0  13996    175      0      -      -      0  12957   1498 
 20260917    08:22:47       0    222     61      -    100      5      0      0      0      0   6500   1860      9      0  13996    175      0      -      -      0   1763      0 
 20260917    08:22:48       0     60     60      -     26     20      0      0      0      0   6500   1890      2      0  13996    175      0      -      -      0   4148      1 
 20260917    08:22:49       0    105     62      -     39      4      0      0      0      0   6500   1890      2      0  13996    175      0      -      -      0     19     10 
 20260917    08:22:50       0     60     61      -     29     22      0      0      0      0   6500   1890      6      0  13996    175      0      -      -      0   4013      1 
 20260917    08:22:51       0     62     62      -      2      3      0      0      0      0   6500   1890      3      0  13996    175      0      -      -      0      0      0 
 20260917    08:22:52       0     58     61      -     77     18      0      0      0      0   6500   1890      6      0  13996    175      0      -      -      0   4144      1 
 20260917    08:22:53       0     62     61      -      1      2      0      0      0      0   6500   1890      4      0  13996    175      0      -      -      0   4137      0 
 20260917    08:22:54       0    145     62      -     86     26      0      0      0      0   6500   1830      6      0  13996    175      0      -      -      0   4065      1 
 20260917    08:22:55       0     61     61      -      1      2      0      0      0      0   6500   1890      2      0  13996    175      0      -      -      0   4132      0 
 20260917    08:22:56       0    118     65      -      1      2      0      0      0      0   6500   1560      5      0  13996    175      0      -      -      0    375      0 
 20260917    08:22:57       0     62     61      -      1      2      0      0      0      0   6500   1890      2      0  13996    175      0      -      -      0   4151      4 
 20260917    08:22:58       0     62     62      -      1      2      0      0      0      0   6500   1890      4      0  13996    175      0      -      -      0      0      0 
 20260917    08:22:59       0     60     62      -     88     32      0      0      0      0   6500   1890      6      0  13996    175      0      -      -      0   4147      0 
 20260917    08:23:00       0     62     62      -      2      3      0      0      0      0   6500   1890      2      0  13996    175      0      -      -      0   3549      0 
 20260917    08:23:01       0    232     63      -     80     32      0      0      0      0   6500   1860      6      0  13996    175      0      -      -      0   3759      1 
 20260917    08:23:02       0     61     62      -      1      2      0      0      0      0   6500   1890      2      0  13996    175      0      -      -      0   4151      0 
 20260917    08:23:03       0    153     66      -     30      4      0      0      0      0   6500   1545      5      0  13996    175      0      -      -      0    726      0 
 20260917    08:23:05       0     62     62      -     30     23      0      0      0      0   6500   1890      4      0  13996    175      0      -      -      0   4157      1 
 20260917    08:23:06       0    114     64      -     46      4      0      0      0      0   6500   1890      1      0  13996    175      0      -      -      0     19     10 
 20260917    08:23:07       0     59     62      -     27     21      0      0      0      0   6500   1890      8      0  13996    175      0      -      -      0   4134      1 
 20260917    08:23:08       0     61     62      -      1      2      0      0      0      0   6500   1890      2      0  13996    175      0      -      -      0      7      0 
 20260917    08:23:09       0    178     63      -     80     23      0      0      0      0   6500   1890      7      0  13996    175      0      -      -      0   3973      1 
 20260917    08:23:10       0     61     62      -      2      2      0      0      0      0   6500   1890      2      0  13996    175      0      -      -      0   4133      0 
 20260917    08:23:11       0    141     66      -     76     16      0      0      0      0   6500   1605      8      0  13996    175      0      -      -      0   1393      0 
 20260917    08:23:12       0     61     63      -      1      2      0      0      0      0   6500   1890      4      0  13996    175      0      -      -      0   4148      1 
 20260917    08:23:13       0     94     64      -      1      2      0      0      0      0   6500   1890      3      0  13996    175      0      -      -      0      8      9 
 20260917    08:23:14       0     61     63      -     94     35      0      0      0      0   6500   1890      8      0  13996    175      0      -      -      0   4155      1 
 20260917    08:23:15       0     62     63      -      1      2      0      0      0      0   6500   1890      1      0  13996    175      0      -      -      0   1767      2 
 20260917    08:23:16       0     55     64      -     88     33      0      0      0      0   6500   1890      7      0  13996    175      0      -      -      0   4159      1 
 20260917    08:23:17       0     62     63      -      1      2      0      0      0      0   6500   1890      3      0  13996    175      0      -      -      0   4158      0 
 20260917    08:23:18       0     62     65      -    100     47      0      0      0      0   6500   1890      4      0  13996    175      0      -      -      0      3      0 
 20260917    08:23:19       0    132     65      -    100      5      0      0      0      0   6500   1890      4      0  13996    175      0      -      -      0      0      0 
 20260917    08:23:20       0    135     66      -    100      4      0      0      0      0   6500   1890      8      0  13996    175      0      -      -      0      0      0 
 20260917    08:23:21       0    121     66      -    100      4      0      0      0      0   6500   1890      8      0  13996    175      0      -      -      0     17     10 
 20260917    08:23:22       0    121     70      -    100      4      0      0      0      0   6500   1605      9      0  13996    175      0      -      -      0     18      5 
 20260917    08:23:24       0    245     68      -    100      4      0      0      0      0   6500   1635     13      0  13996    175      0      -      -      0  12954   1502 
#Date        Time         gpu    pwr  gtemp  mtemp     sm    mem    enc    dec    jpg    ofa   mclk   pclk  pviol  tviol     fb   bar1   ccpm  sbecc  dbecc    pci  rxpci  txpci 
#YYYYMMDD    HH:MM:SS     Idx      W      C      C      %      %      %      %      %      %    MHz    MHz      %   bool     MB     MB     MB   errs   errs   errs   MB/s   MB/s 
 20260917    08:23:25       0    245     66      -    100     42      0      0      0      0   6500   1860      8      0  13996    175      0      -      -      0  12956   1500 
 20260917    08:23:26       0     60     66      -    100     45      0      0      0      0   6500   1875      8      0  13996    175      0      -      -      0  10207      2 
 20260917    08:23:27       0     62     67      -    100     45      0      0      0      0   6500   1890      8      0  13996    175      0      -      -      0      0      0 
 20260917    08:23:28       0    126     67      -    100     46      0      0      0      0   6500   1890      7      0  13996    175      0      -      -      0      0      0 
 20260917    08:23:29       0    132     67      -    100      5      0      0      0      0   6500   1890      7      0  13996    175      0      -      -      0      0      0 
 20260917    08:23:30       0    135     68      -    100      4      0      0      0      0   6500   1890     10      0  13996    175      0      -      -      0      0      0 
 20260917    08:23:31       0    122     68      -    100      4      0      0      0      0   6500   1890      8      0  13996    175      0      -      -      0      7      7 
 20260917    08:23:32       0    122     71      -    100      4      0      0      0      0   6500   1695     10      0  13996    175      0      -      -      0     23      5 
 20260917    08:23:33       0    231     70      -    100     33      0      0      0      0   6500   1635     12      0  13996    175      0      -      -      0  12960   1502 
 20260917    08:23:34       0    230     68      -    100     42      0      0      0      0   6500   1830     10      0  13996    175      0      -      -      0  12955   1502 
 20260917    08:23:35       0     82     67      -    100     44      0      0      0      0   6500   1875      8      0  13996    175      0      -      -      0  12935    874 
 20260917    08:23:36       0     71     69      -    100     42      0      0      0      0   6500   1890      8      0  13996    175      0      -      -      0      0      0 
 20260917    08:23:37       0     95     67      -      1      2      0      0      0      0   6500   1755      4      0  13996    175      0      -      -      0      0      1 
 20260917    08:23:38       0    126     71      -    100      3      0      0      0      0   6500   1560      6      0  13996    175      0      -      -      0      6      5 
 20260917    08:23:39       0     81     67      -     99     46      0      0      0      0   6500   1875      7      0  13996    175      0      -      -      0   4150      0 
 20260917    08:23:40       0     65     67      -     45     42      0      0      0      0   6500   1890      6      0  13996    175      0      -      -      0   4149      0 
 20260917    08:23:41       0     66     67      -      1      2      0      0      0      0   6500   1890      4      0  13996    175      0      -      -      0   4152      0 
 20260917    08:23:42       0     66     68      -      4      4      0      0      0      0   6500   1890      4      0  13996    175      0      -      -      0      0      0 
 20260917    08:23:44       0    125     68      -     56      4      0      0      0      0   6500   1890      4      0  13996    175      0      -      -      0      0      0 
 20260917    08:23:45       0    233     69      -    100      0      0      0      0      0   6500   1770      8      0  13996    175      0      -      -      0   1901      0 
 20260917    08:23:46       0     63     67      -    100     32      0      0      0      0   6500   1875      4      0  13996    175      0      -      -      0   4157      1 
 20260917    08:23:47       0     66     67      -      1      2      0      0      0      0   6500   1890      4      0  13996    175      0      -      -      0   4162      0 
 20260917    08:23:48       0     66     67      -      1      2      0      0      0      0   6500   1890      4      0  13996    175      0      -      -      0   3145      0 
 20260917    08:23:49       0    102     68      -      2      3      0      0      0      0   6500   1890      4      0  13996    175      0      -      -      0      0      0 
 20260917    08:23:50       0    125     68      -     32      4      0      0      0      0   6500   1890      4      0  13996    175      0      -      -      0      9      7 
 20260917    08:23:51       0    248     68      -     89     40      0      0      0      0   6500   1830      8      0  13996    175      0      -      -      0   3551      0 
 20260917    08:23:52       0     61     67      -     36     34      0      0      0      0   6500   1890      4      0  13996    175      0      -      -      0   4133      1 
 20260917    08:23:53       0     66     67      -      1      2      0      0      0      0   6500   1890      4      0  13996    175      0      -      -      0   4081      0 
 20260917    08:23:54       0     58     66      -      1      2      0      0      0      0   6500   1815      4      0  13996    175      0      -      -      0   3642      0 
 20260917    08:23:55       0    132     68      -     51      4      0      0      0      0   6500   1890      4      0  13996    175      0      -      -      0      0      0 
 20260917    08:23:56       0    125     72      -    100      0      0      0      0      0   6500   1665      3      0  13996    175      0      -      -      0     21      2 
 20260917    08:23:57       0     92     67      -    100     39      0      0      0      0   6500   1875      8      0  13996    175      0      -      -      0   4070      1 
 20260917    08:23:58       0     65     67      -     48     43      0      0      0      0   6500   1890      4      0  13996    175      0      -      -      0   4214      3 
 20260917    08:23:59       0     66     67      -      1      2      0      0      0      0   6500   1890      4      0  13996    175      0      -      -      0   4154      0 
 20260917    08:24:00       0     67     68      -      2      3      0      0      0      0   6500   1890      4      0  13996    175      0      -      -      0      0      0 
 20260917    08:24:01       0    125     68      -     37      4      0      0      0      0   6500   1890      4      0  13996    175      0      -      -      0      0      0 
 20260917    08:24:03       0    131     71      -     86      3      0      0      0      0   6500   1605      9      0  13996    175      0      -      -      0      5      0 
 20260917    08:24:04       0     61     67      -     36     31      0      0      0      0   6500   1875      5      0  13996    175      0      -      -      0   4142      1 
 20260917    08:24:05       0     66     67      -      2      3      0      0      0      0   6500   1890      4      0  13996    175      0      -      -      0   4133      1 
 20260917    08:24:06       0     66     67      -      1      2      0      0      0      0   6500   1890      4      0  13996    175      0      -      -      0   3735      0 
 20260917    08:24:07       0     84     68      -      1      2      0      0      0      0   6500   1890      4      0  13996    175      0      -      -      0      0      0 
 20260917    08:24:08       0    125     68      -    100      0      0      0      0      0   6500   1890      4      0  13996    175      0      -      -      0      4      6 
 20260917    08:24:09       0    227     68      -    100     31      0      0      0      0   6500   1815      8      0  13996    175      0      -      -      0   2935      0 
 20260917    08:24:10       0     62     67      -     69     44      0      0      0      0   6500   1890      4      0  13996    175      0      -      -      0   4154      1 
#Date        Time         gpu    pwr  gtemp  mtemp     sm    mem    enc    dec    jpg    ofa   mclk   pclk  pviol  tviol     fb   bar1   ccpm  sbecc  dbecc    pci  rxpci  txpci 
#YYYYMMDD    HH:MM:SS     Idx      W      C      C      %      %      %      %      %      %    MHz    MHz      %   bool     MB     MB     MB   errs   errs   errs   MB/s   MB/s 
 20260917    08:24:11       0     66     67      -     13     13      0      0      0      0   6500   1890      4      0  13996    175      0      -      -      0   4134      1 
 20260917    08:24:12       0     65     67      -      1      2      0      0      0      0   6500   1890      4      0  13996    175      0      -      -      0   3245      0 
 20260917    08:24:13       0     70     68      -     10      4      0      0      0      0   6500   1890      3      0  13996    175      0      -      -      0      0      0 
 20260917    08:24:14       0    127     68      -     66      5      0      0      0      0   6500   1890      3      0  13996    175      0      -      -      0    397     77 
 20260917    08:24:15       0     77     68      -    100     13      0      0      0      0   6500   1890      4      0  13996    175      0      -      -      0     81    488 
 20260917    08:24:16       0    102     69      -    100      4      0      0      0      0   6500   1890      0      0  13996    175      0      -      -      0      0      0 
 20260917    08:24:17       0     82     68      -    100     12      0      0      0      0   6500   1890      0      0  13996    175      0      -      -      0      0      0 
 20260917    08:24:18       0    118     69      -    100     13      0      0      0      0   6500   1890      0      0  13996    175      0      -      -      0      1      2 
 20260917    08:24:19       0     97     69      -    100     13      0      0      0      0   6500   1890      0      0  13996    175      0      -      -      0      3      0 
 20260917    08:24:20       0     78     69      -    100     12      0      0      0      0   6500   1890      0      0  13996    175      0      -      -      0      0      0 
 20260917    08:24:22       0    115     69      -    100      4      0      0      0      0   6500   1890      0      0  13996    175      0      -      -      0      0      0 
 20260917    08:24:23       0     94     69      -    100      7      0      0      0      0   6500   1890      0      0  13996    175      0      -      -      0      0      0 
 20260917    08:24:24       0    128     69      -    100     16      0      0      0      0   6500   1890      0      0  13996    175      0      -      -      0      0      3 
 20260917    08:24:25       0    109     69      -    100     14      0      0      0      0   6500   1890      0      0  13996    175      0      -      -      0      6     10 
 20260917    08:24:26       0    123     69      -    100      3      0      0      0      0   6500   1890      0      0  13996    175      0      -      -      0     12      7 
 20260917    08:24:27       0    125     69      -    100      3      0      0      0      0   6500   1890      0      0  13996    175      0      -      -      0     21    196 
 20260917    08:24:28       0     66     68      -      1      2      0      0      0      0   6500   1890      0      0  13996    175      0      -      -      0   4005      1 
 20260917    08:24:29       0     67     68      -      2      3      0      0      0      0   6500   1890      0      0  13996    175      0      -      -      0      0      0 
 20260917    08:24:30       0     63     68      -     80      2      0      0      0      0   6500   1875      0      0  13996    175      0      -      -      0   4157      0 
 20260917    08:24:31       0     67     67      -      2      3      0      0      0      0   6500   1890      0      0  13996    175      0      -      -      0   3455      0 
 20260917    08:24:32       0    138     68      -     93      8      0      0      0      0   6500   1860      0      0  13996    175      0      -      -      0   4157      0 
 20260917    08:24:33       0     67     67      -      1      2      0      0      0      0   6500   1890      0      0  13996    175      0      -      -      0   4150      1 
 20260917    08:24:34       0    117     69      -      1      2      0      0      0      0   6500   1890      0      0  13996    175      0      -      -      0     18      1 
 20260917    08:24:35       0     66     67      -      1      2      0      0      0      0   6500   1890      0      0  13996    175      0      -      -      0   4136      0 
 20260917    08:24:36       0     67     68      -      1      2      0      0      0      0   6500   1890      0      0  13996    175      0      -      -      0      0      0 
 20260917    08:24:37       0     64     67      -     71     12      0      0      0      0   6500   1890      0      0  13996    175      0      -      -      0   3883      0 
 20260917    08:24:38       0     67     67      -      1      3      0      0      0      0   6500   1890      0      0  13996    175      0      -      -      0   2713      1 
 20260917    08:24:39       0    166     68      -     69     13      0      0      0      0   6500   1875      0      0  13996    175      0      -      -      0   4161      0 
 20260917    08:24:40       0     66     67      -      1      2      0      0      0      0   6500   1890      0      0  13996    175      0      -      -      0   4075      0 
 20260917    08:24:42       0    125     70      -     32      3      0      0      0      0   6500   1890      0      0  13996    175      0      -      -      0    193      0 
 20260917    08:24:43       0     67     67      -     30     12      0      0      0      0   6500   1890      0      0  13996    175      0      -      -      0   4150      0 
 20260917    08:24:44       0    109     68      -     36      3      0      0      0      0   6500   1890      0      0  13996    175      0      -      -      0      0      0 
 20260917    08:24:45       0     63     67      -     30     12      0      0      0      0   6500   1890      0      0  13996    175      0      -      -      0   4150      1 
 20260917    08:24:46       0     67     67      -      1      2      0      0      0      0   6500   1890      0      0  13996    175      0      -      -      0   2778      1 
 20260917    08:24:47       0    194     67      -     60      2      0      0      0      0   6500   1875      0      0  13996    175      0      -      -      0   4141      1 
 20260917    08:24:48       0     67     66      -      1      3      0      0      0      0   6500   1890      0      0  13996    175      0      -      -      0   4089      1 
 20260917    08:24:49       0    125     69      -     58      2      0      0      0      0   6500   1890      0      0  13996    175      0      -      -      0     16      1 
 20260917    08:24:50       0     65     66      -     10      8      0      0      0      0   6500   1890      0      0  13996    175      0      -      -      0   4150      1 
 20260917    08:24:51       0     66     67      -      2      3      0      0      0      0   6500   1890      0      0  13996    175      0      -      -      0      0      0 
 20260917    08:24:52       0     64     66      -     92      7      0      0      0      0   6500   1890      0      0  13996    175      0      -      -      0   4153      0 
 20260917    08:24:53       0     66     66      -      1      2      0      0      0      0   6500   1890      0      0  13996    175      0      -      -      0   2285      1 
 20260917    08:24:54       0    153     67      -     85      3      0      0      0      0   6500   1860      0      0  13996    175      0      -      -      0   4021      0 
 20260917    08:24:55       0     66     66      -      1      2      0      0      0      0   6500   1890      0      0  13996    175      0      -      -      0   3919      0 
 20260917    08:24:56       0    125     68      -     72      2      0      0      0      0   6500   1890      0      0  13996    175      0      -      -      0     13      6 
#Date        Time         gpu    pwr  gtemp  mtemp     sm    mem    enc    dec    jpg    ofa   mclk   pclk  pviol  tviol     fb   bar1   ccpm  sbecc  dbecc    pci  rxpci  txpci 
#YYYYMMDD    HH:MM:SS     Idx      W      C      C      %      %      %      %      %      %    MHz    MHz      %   bool     MB     MB     MB   errs   errs   errs   MB/s   MB/s 
 20260917    08:24:57       0     66     66      -      1      2      0      0      0      0   6500   1890      0      0  13996    175      0      -      -      0   4172      1 
 20260917    08:24:58       0     89     67      -      1      2      0      0      0      0   6500   1890      0      0  13996    175      0      -      -      0    483    122 
 20260917    08:24:59       0     73     66      -    100      7      0      0      0      0   6500   1890      0      0  13996    175      0      -      -      0  10597   1794 
 20260917    08:25:01       0     65     66      -    100      6      0      0      0      0   6500   1890      0      0  13996    175      0      -      -      0   9044   1500 
 20260917    08:25:02       0     73     66      -    100      6      0      0      0      0   6500   1890      0      0  13996    175      0      -      -      0   9020   1500 
 20260917    08:25:03       0     66     65      -    100      9      0      0      0      0   6500   1890      0      0  13996    175      0      -      -      0   8990   1500 
 20260917    08:25:04       0     73     65      -    100      6      0      0      0      0   6500   1890      0      0  13996    175      0      -      -      0   8964   1494 
 20260917    08:25:05       0     65     65      -      1      2      0      0      0      0   6500   1890      0      0  13996    175      0      -      -      0   4150      1 
 20260917    08:25:06       0     66     65      -      1      2      0      0      0      0   6500   1890      0      0  13996    175      0      -      -      0   4129      1 
 20260917    08:25:07       0     50     64      -      1      2      0      0      0      0   6500   1620      0      0  13996    175      0      -      -      0   4162      1 
 20260917    08:25:08       0     50     64      -      4      5      0      0      0      0   6500   1620      0      0  13996    175      0      -      -      0   4151      0 
 20260917    08:25:09       0     50     64      -      1      2      0      0      0      0   6500   1620      0      0  13996    175      0      -      -      0   4136      1 
 20260917    08:25:10       0     50     64      -      1      2      0      0      0      0   6500   1620      0      0  13996    175      0      -      -      0   4153      1 
 20260917    08:25:11       0     49     63      -      1      2      0      0      0      0   6500   1620      0      0  13996    175      0      -      -      0   4130      0 
 20260917    08:25:12       0     50     63      -      4      4      0      0      0      0   6500   1620      0      0  13996    175      0      -      -      0   4154      0 
 20260917    08:25:13       0     49     63      -      1      2      0      0      0      0   6500   1620      0      0  13996    175      0      -      -      0   4128      0 
 20260917    08:25:14       0     50     63      -      1      2      0      0      0      0   6500   1620      0      0  13996    175      0      -      -      0   4119      0 
 20260917    08:25:15       0     49     63      -      4      5      0      0      0      0   6500   1620      0      0  13996    175      0      -      -      0   4152      0 
 20260917    08:25:16       0     50     62      -      4      4      0      0      0      0   6500   1620      0      0  13996    175      0      -      -      0   4128      0 
 20260917    08:25:17       0     50     62      -      4      4      0      0      0      0   6500   1620      0      0  13996    175      0      -      -      0   4163      1 
 20260917    08:25:18       0     49     62      -      4      4      0      0      0      0   6500   1620      0      0  13996    175      0      -      -      0   4047      1 
 20260917    08:25:20       0     49     62      -      4      4      0      0      0      0   6500   1620      0      0  13996    175      0      -      -      0   4159      4 
 20260917    08:25:21       0     49     62      -      1      2      0      0      0      0   6500   1620      0      0  13996    175      0      -      -      0   4150      1 
 20260917    08:25:22       0     51     61      -      4      4      0      0      0      0   6500   1620      0      0  13996    175      0      -      -      0   4081      0 
 20260917    08:25:23       0     49     61      -      4      5      0      0      0      0   6500   1620      0      0  13996    175      0      -      -      0   4108      1 
 20260917    08:25:24       0     54     61      -      1      2      0      0      0      0   6500   1620      0      0  13996    175      0      -      -      0   3980      0 
 20260917    08:25:25       0     53     61      -      4      5      0      0      0      0   6500   1620      0      0  13996    175      0      -      -      0   2483      0 
 20260917    08:25:26       0     50     61      -      1      2      0      0      0      0   6500   1620      0      0  13996    175      0      -      -      0   3741      0 
 20260917    08:25:27       0     49     61      -      1      2      0      0      0      0   6500   1620      0      0  13996    175      0      -      -      0  12890   1489 
 20260917    08:25:28       0     64     62      -    100      6      0      0      0      0   6500   1890      0      0  13996    175      0      -      -      0  12875   1492 
 20260917    08:25:29       0     74     62      -    100      6      0      0      0      0   6500   1890      0      0  13996    175      0      -      -      0   5843    684 
 20260917    08:25:30       0     71     62      -    100      6      0      0      0      0   6500   1890      0      0  13996    175      0      -      -      0  12943   1500 
 20260917    08:25:31       0     81     62      -    100      6      0      0      0      0   6500   1890      0      0  13996    175      0      -      -      0  12939   1500 
 20260917    08:25:32       0     81     62      -    100      6      0      0      0      0   6500   1890      0      0  13996    175      0      -      -      0   1964   1492 
 20260917    08:25:33       0     70     62      -    100      7      0      0      0      0   6500   1890      0      0  13996    175      0      -      -      0   1688      0 
 20260917    08:25:34       0     62     61      -      2      3      0      0      0      0   6500   1890      0      0  13996    175      0      -      -      0   2410      1 
 20260917    08:25:35       0     49     60      -      1      2      0      0      0      0   6500   1620      0      0  13996    175      0      -      -      0   4151      0 
 20260917    08:25:36       0     50     60      -      1      2      0      0      0      0   6500   1620      0      0  13996    175      0      -      -      0   4154      1 
 20260917    08:25:37       0     49     60      -      1      2      0      0      0      0   6500   1620      0      0  13996    175      0      -      -      0   4154      1 
 20260917    08:25:39       0     49     60      -     13      4      0      0      0      0   6500   1620      0      0  13996    175      0      -      -      0   4152      0 
 20260917    08:25:40       0     49     60      -     13      4      0      0      0      0   6500   1620      0      0  13996    175      0      -      -      0   4150      0 
 20260917    08:25:41       0     48     60      -     13      4      0      0      0      0   6500   1620      0      0  13996    175      0      -      -      0   3802      0 
 20260917    08:25:42       0     60     60      -     14      5      0      0      0      0   6500   1620      0      0  13996    175      0      -      -      0   4156      1 
 20260917    08:25:43       0     60     60      -      1      2      0      0      0      0   6500   1620      0      0  13996    175      0      -      -      0   1658      0 
#Date        Time         gpu    pwr  gtemp  mtemp     sm    mem    enc    dec    jpg    ofa   mclk   pclk  pviol  tviol     fb   bar1   ccpm  sbecc  dbecc    pci  rxpci  txpci 
#YYYYMMDD    HH:MM:SS     Idx      W      C      C      %      %      %      %      %      %    MHz    MHz      %   bool     MB     MB     MB   errs   errs   errs   MB/s   MB/s 
 20260917    08:25:44       0     50     60      -      2      3      0      0      0      0   6500   1620      0      0  13996    175      0      -      -      0   2196      0 
 20260917    08:25:45       0     49     59      -      1      2      0      0      0      0   6500   1620      0      0  13996    175      0      -      -      0   2051      2 
 20260917    08:25:46       0     49     59      -      1      2      0      0      0      0   6500   1620      0      0  13996    175      0      -      -      0   3553      0 
 20260917    08:25:47       0     48     59      -      1      2      0      0      0      0   6500   1620      0      0  13996    175      0      -      -      0   4152      1 
 20260917    08:25:48       0     49     59      -     13      4      0      0      0      0   6500   1620      0      0  13996    175      0      -      -      0   4011      0 
 20260917    08:25:49       0     48     59      -      1      2      0      0      0      0   6500   1620      0      0  13996    175      0      -      -      0   4159      1 
 20260917    08:25:50       0     49     59      -     13      5      0      0      0      0   6500   1620      0      0  13996    175      0      -      -      0   4150      1 
 20260917    08:25:51       0     48     59      -     14      5      0      0      0      0   6500   1620      0      0  13996    175      0      -      -      0   4153      0 
 20260917    08:25:52       0     59     59      -      1      2      0      0      0      0   6500   1620      0      0  13996    175      0      -      -      0   4054      1 
 20260917    08:25:53       0     59     59      -     13      5      0      0      0      0   6500   1620      0      0  13996    175      0      -      -      0   4070      0 
 20260917    08:25:54       0     48     59      -      1      2      0      0      0      0   6500   1620      0      0  13996    175      0      -      -      0   2366      0 
 20260917    08:25:55       0     48     58      -      1      2      0      0      0      0   6500   1620      0      0  13996    175      0      -      -      0   2408      1 
 20260917    08:25:56       0     48     58      -      1      2      0      0      0      0   6500   1620      0      0  13996    175      0      -      -      0   4143      0 
 20260917    08:25:58       0     69     59      -    100      9      0      0      0      0   6500   1905      0      0  13996    175      0      -      -      0  12938   1500 
 20260917    08:25:59       0     62     59      -    100      7      0      0      0      0   6500   1905      0      0  13996    175      0      -      -      0  12947   1496 
 20260917    08:26:00       0     68     59      -    100      6      0      0      0      0   6500   1905      0      0  13996    175      0      -      -      0  12901   1495 
 20260917    08:26:01       0     62     59      -    100      9      0      0      0      0   6500   1905      0      0  13996    175      0      -      -      0  12957   1505 
 20260917    08:26:02       0     68     59      -    100      9      0      0      0      0   6500   1905      0      0  13996    175      0      -      -      0  12936   1500 
 20260917    08:26:03       0     61     59      -      2      3      0      0      0      0   6500   1905      0      0  13996    175      0      -      -      0   4159      0 
 20260917    08:26:04       0     61     59      -      1      2      0      0      0      0   6500   1905      0      0  13996    175      0      -      -      0   4153      0 
 20260917    08:26:05       0     48     58      -      1      2      0      0      0      0   6500   1620      0      0  13996    175      0      -      -      0   4154      0 
 20260917    08:26:06       0     47     58      -      1      2      0      0      0      0   6500   1620      0      0  13996    175      0      -      -      0   4150      0 
 20260917    08:26:07       0     48     58      -      1      2      0      0      0      0   6500   1620      0      0  13996    175      0      -      -      0   4151      1 
 20260917    08:26:08       0     48     58      -      1      2      0      0      0      0   6500   1620      0      0  13996    175      0      -      -      0   4157      0 
 20260917    08:26:09       0     48     58      -      5      5      0      0      0      0   6500   1620      0      0  13996    175      0      -      -      0   4141      0 
 20260917    08:26:10       0     48     58      -      1      3      0      0      0      0   6500   1620      0      0  13996    175      0      -      -      0   4155      1 
 20260917    08:26:11       0     48     57      -      1      2      0      0      0      0   6500   1620      0      0  13996    175      0      -      -      0   4138      0 
 20260917    08:26:12       0     48     57      -      1      2      0      0      0      0   6500   1620      0      0  13996    175      0      -      -      0   4009      0 
 20260917    08:26:13       0     48     57      -      5      5      0      0      0      0   6500   1620      0      0  13996    175      0      -      -      0   4129      1 
 20260917    08:26:14       0     48     57      -      1      2      0      0      0      0   6500   1620      0      0  13996    175      0      -      -      0   4130      0 
 20260917    08:26:15       0     47     57      -      1      2      0      0      0      0   6500   1620      0      0  13996    175      0      -      -      0   4154      0 
 20260917    08:26:17       0     48     57      -      2      4      0      0      0      0   6500   1620      0      0  13996    175      0      -      -      0   3807      0 
 20260917    08:26:18       0     47     57      -      1      2      0      0      0      0   6500   1620      0      0  13996    175      0      -      -      0   4152      1 
 20260917    08:26:19       0     47     57      -      1      2      0      0      0      0   6500   1620      0      0  13996    175      0      -      -      0   4149      0 
 20260917    08:26:20       0     47     57      -      5      4      0      0      0      0   6500   1620      0      0  13996    175      0      -      -      0   4152      1 
 20260917    08:26:21       0     47     57      -      4      4      0      0      0      0   6500   1620      0      0  13996    175      0      -      -      0   4154      0 
 20260917    08:26:22       0     47     57      -      5      5      0      0      0      0   6500   1620      0      0  13996    175      0      -      -      0   4181      1 
 20260917    08:26:23       0     50     57      -      4      4      0      0      0      0   6500   1620      0      0  13996    175      0      -      -      0   3596      1 
 20260917    08:26:24       0     47     57      -      3      2      0      0      0      0   6500   1620      0      0  13996    175      0      -      -      0   3955      1 
 20260917    08:26:25       0     50     57      -      1      2      0      0      0      0   6500   1620      0      0  13996    175      0      -      -      0  12922   1502 
 20260917    08:26:26       0     66     58      -    100      9      0      0      0      0   6500   1905      0      0  13996    175      0      -      -      0  12929   1500 
 20260917    08:26:27       0     63     58      -    100      7      0      0      0      0   6500   1905      0      0  13996    175      0      -      -      0  12941   1500 
 20260917    08:26:28       0     66     58      -    100      7      0      0      0      0   6500   1905      0      0  13996    175      0      -      -      0  12939   1499 
 20260917    08:26:29       0     61     58      -    100      9      0      0      0      0   6500   1905      0      0  13996    175      0      -      -      0  12952   1500 
#Date        Time         gpu    pwr  gtemp  mtemp     sm    mem    enc    dec    jpg    ofa   mclk   pclk  pviol  tviol     fb   bar1   ccpm  sbecc  dbecc    pci  rxpci  txpci 
#YYYYMMDD    HH:MM:SS     Idx      W      C      C      %      %      %      %      %      %    MHz    MHz      %   bool     MB     MB     MB   errs   errs   errs   MB/s   MB/s 
 20260917    08:26:30       0     66     58      -    100      9      0      0      0      0   6500   1905      0      0  13996    175      0      -      -      0  12945   1500 
 20260917    08:26:31       0     66     58      -      4      4      0      0      0      0   6500   1905      0      0  13996    175      0      -      -      0   4152      0 
 20260917    08:26:32       0     65     58      -      1      2      0      0      0      0   6500   1905      0      0  13996    175      0      -      -      0   2896      1 
 20260917    08:26:33       0     47     57      -      2      3      0      0      0      0   6500   1620      0      0  13996    175      0      -      -      0   1995      0 
 20260917    08:26:34       0     47     57      -      1      2      0      0      0      0   6500   1620      0      0  13996    175      0      -      -      0   2743      3 
 20260917    08:26:35       0     47     57      -      1      2      0      0      0      0   6500   1620      0      0  13996    175      0      -      -      0   2903      0 
 20260917    08:26:37       0     47     57      -      1      2      0      0      0      0   6500   1620      0      0  13996    175      0      -      -      0   3938      0 
 20260917    08:26:38       0     47     56      -      1      2      0      0      0      0   6500   1620      0      0  13996    175      0      -      -      0   4135      0 
 20260917    08:26:39       0     47     56      -      1      3      0      0      0      0   6500   1620      0      0  13996    175      0      -      -      0   4158      1 
 20260917    08:26:40       0     47     56      -      1      2      0      0      0      0   6500   1620      0      0  13996    175      0      -      -      0   4152      0 
 20260917    08:26:41       0     47     56      -      2      3      0      0      0      0   6500   1620      0      0  13996    175      0      -      -      0   4159      0 
 20260917    08:26:42       0     47     56      -      5      5      0      0      0      0   6500   1620      0      0  13996    175      0      -      -      0   4161      0 
 20260917    08:26:43       0     47     56      -      1      2      0      0      0      0   6500   1620      0      0  13996    175      0      -      -      0   4155      1 
 20260917    08:26:44       0     47     56      -      1      2      0      0      0      0   6500   1620      0      0  13996    175      0      -      -      0   4150      1 
 20260917    08:26:45       0     47     56      -      5      4      0      0      0      0   6500   1620      0      0  13996    175      0      -      -      0   4066      0 
 20260917    08:26:46       0     47     56      -      4      4      0      0      0      0   6500   1620      0      0  13996    175      0      -      -      0   4159      1 
 20260917    08:26:47       0     47     56      -      5      5      0      0      0      0   6500   1620      0      0  13996    175      0      -      -      0   4137      1 
 20260917    08:26:48       0     46     56      -      4      4      0      0      0      0   6500   1620      0      0  13996    175      0      -      -      0   4151      0 
 20260917    08:26:49       0     46     56      -      5      5      0      0      0      0   6500   1620      0      0  13996    175      0      -      -      0   4134      1 
 20260917    08:26:50       0     51     56      -      1      2      0      0      0      0   6500   1620      0      0  13996    175      0      -      -      0   3799      1 
 20260917    08:26:51       0     51     56      -      5      5      0      0      0      0   6500   1620      0      0  13996    175      0      -      -      0   4153      0 
 20260917    08:26:52       0     47     56      -      1      2      0      0      0      0   6500   1620      0      0  13996    175      0      -      -      0   4127      1 
 20260917    08:26:53       0     56     56      -      1      2      0      0      0      0   6500   1620      0      0  13996    175      0      -      -      0  12864   1490 
 20260917    08:26:54       0     61     57      -    100      6      0      0      0      0   6500   1905      0      0  13996    175      0      -      -      0  12918   1498 
 20260917    08:26:56       0     67     57      -    100      9      0      0      0      0   6500   1905      0      0  13996    175      0      -      -      0  12933   1500 
 20260917    08:26:57       0     61     57      -    100      7      0      0      0      0   6500   1905      0      0  13996    175      0      -      -      0  12935   1500 
 20260917    08:26:58       0     67     57      -    100      7      0      0      0      0   6500   1905      0      0  13996    175      0      -      -      0  12875   1493 
 20260917    08:26:59       0     66     57      -    100      7      0      0      0      0   6500   1905      0      0  13996    175      0      -      -      0  12882   1493 
 20260917    08:27:00       0     66     57      -      4      4      0      0      0      0   6500   1905      0      0  13996    175      0      -      -      0   4130      0 
 20260917    08:27:01       0     65     57      -      1      2      0      0      0      0   6500   1905      0      0  13996    175      0      -      -      0   4158      0 
 20260917    08:27:02       0     51     56      -      2      3      0      0      0      0   6500   1620      0      0  13996    175      0      -      -      0   2850      0 
 20260917    08:27:03       0     51     56      -      1      2      0      0      0      0   6500   1620      0      0  13996    175      0      -      -      0   3208      7 
 20260917    08:27:04       0     47     56      -      1      2      0      0      0      0   6500   1620      0      0  13996    175      0      -      -      0   1409      0 
 20260917    08:27:05       0     48     56      -      1      2      0      0      0      0   6500   1620      0      0  13996    175      0      -      -      0   1234      0 
 20260917    08:27:06       0     47     56      -      1      2      0      0      0      0   6500   1620      0      0  13996    175      0      -      -      0   3360      0 
 20260917    08:27:07       0     47     56      -      1      3      0      0      0      0   6500   1620      0      0  13996    175      0      -      -      0   4162      0 
 20260917    08:27:08       0     47     56      -      1      2      0      0      0      0   6500   1620      0      0  13996    175      0      -      -      0   4139      0 
 20260917    08:27:09       0     47     56      -      2      3      0      0      0      0   6500   1620      0      0  13996    175      0      -      -      0   4053      0 
 20260917    08:27:10       0     47     56      -      5      5      0      0      0      0   6500   1620      0      0  13996    175      0      -      -      0   4135      0 
 20260917    08:27:11       0     47     56      -      1      2      0      0      0      0   6500   1620      0      0  13996    175      0      -      -      0   4152      0 
 20260917    08:27:12       0     47     56      -      1      2      0      0      0      0   6500   1620      0      0  13996    175      0      -      -      0   4154      0 
 20260917    08:27:13       0     47     56      -      1      2      0      0      0      0   6500   1620      0      0  13996    175      0      -      -      0   3826      0 
 20260917    08:27:15       0     47     55      -      5      4      0      0      0      0   6500   1620      0      0  13996    175      0      -      -      0   4150      1 
 20260917    08:27:16       0     47     55      -      1      2      0      0      0      0   6500   1620      0      0  13996    175      0      -      -      0   4152      1 
#Date        Time         gpu    pwr  gtemp  mtemp     sm    mem    enc    dec    jpg    ofa   mclk   pclk  pviol  tviol     fb   bar1   ccpm  sbecc  dbecc    pci  rxpci  txpci 
#YYYYMMDD    HH:MM:SS     Idx      W      C      C      %      %      %      %      %      %    MHz    MHz      %   bool     MB     MB     MB   errs   errs   errs   MB/s   MB/s 
 20260917    08:27:17       0     47     55      -      1      2      0      0      0      0   6500   1620      0      0  13996    175      0      -      -      0   4125      1 
 20260917    08:27:18       0     47     55      -      4      4      0      0      0      0   6500   1620      0      0  13996    175      0      -      -      0   4151      1 
 20260917    08:27:19       0     46     55      -      5      5      0      0      0      0   6500   1620      0      0  13996    175      0      -      -      0   4159      1 
 20260917    08:27:20       0     46     55      -      5      4      0      0      0      0   6500   1620      0      0  13996    175      0      -      -      0   4140      1 
 20260917    08:27:21       0     50     55      -      5      4      0      0      0      0   6500   1620      0      0  13996    175      0      -      -      0   4162      1 
 20260917    08:27:22       0     55     55      -      1      2      0      0      0      0   6500   1620      0      0  13996    175      0      -      -      0  10753   1231 
 20260917    08:27:23       0     66     56      -    100      6      0      0      0      0   6500   1905      0      0  13996    175      0      -      -      0   8562   1499 
 20260917    08:27:24       0     66     56      -    100      6      0      0      0      0   6500   1905      0      0  13996    175      0      -      -      0   8587   1499 
 20260917    08:27:25       0     66     56      -    100      9      0      0      0      0   6500   1905      0      0  13996    175      0      -      -      0   8563   1499 
 20260917    08:27:26       0     67     56      -    100      6      0      0      0      0   6500   1905      0      0  13996    175      0      -      -      0   8609   1499 
 20260917    08:27:27       0     67     56      -    100      6      0      0      0      0   6500   1905      0      0  13996    175      0      -      -      0   8608   1495 
 20260917    08:27:28       0     60     56      -      4      4      0      0      0      0   6500   1905      0      0  13996    175      0      -      -      0   4002      0 
 20260917    08:27:29       0     65     56      -      4      4      0      0      0      0   6500   1905      0      0  13996    175      0      -      -      0   4166      0 
 20260917    08:27:30       0     50     56      -      1      2      0      0      0      0   6500   1620      0      0  13996    175      0      -      -      0   4160      1 
 20260917    08:27:31       0     46     56      -      4      4      0      0      0      0   6500   1620      0      0  13996    175      0      -      -      0   4109      1 
 20260917    08:27:32       0     50     56      -      4      4      0      0      0      0   6500   1620      0      0  13996    175      0      -      -      0   4164      1 
 20260917    08:27:34       0     45     56      -      1      2      0      0      0      0   6500   1620      0      0  13996    175      0      -      -      0   4096      1 
 20260917    08:27:35       0     50     56      -      1      2      0      0      0      0   6500   1620      0      0  13996    175      0      -      -      0   3883      0 
 20260917    08:27:36       0     49     55      -      4      4      0      0      0      0   6500   1620      0      0  13996    175      0      -      -      0   4147      1 
 20260917    08:27:37       0     50     55      -      4      4      0      0      0      0   6500   1620      0      0  13996    175      0      -      -      0   3858      0 
 20260917    08:27:38       0     50     55      -      2      3      0      0      0      0   6500   1620      0      0  13996    175      0      -      -      0   3766      0 
 20260917    08:27:39       0     47     56      -      1      2      0      0      0      0   6500   1620      0      0  13996    175      0      -      -      0   1948      0 
 20260917    08:27:40       0     46     56      -      1      2      0      0      0      0   6500   1620      0      0  13996    175      0      -      -      0   3840      0 
 20260917    08:27:41       0     47     56      -      1      2      0      0      0      0   6500   1620      0      0  13996    175      0      -      -      0   3879      0 
 20260917    08:27:42       0     46     55      -      2      3      0      0      0      0   6500   1620      0      0  13996    175      0      -      -      0   1736      0 
 20260917    08:27:43       0     47     55      -      1      2      0      0      0      0   6500   1620      0      0  13996    175      0      -      -      0   2521      0 
 20260917    08:27:44       0     46     55      -      1      2      0      0      0      0   6500   1620      0      0  13996    175      0      -      -      0   1942      5 
 20260917    08:27:45       0     47     55      -      1      3      0      0      0      0   6500   1620      0      0  13996    175      0      -      -      0   4114      0 
 20260917    08:27:46       0     46     55      -      1      2      0      0      0      0   6500   1620      0      0  13996    175      0      -      -      0   4157      1 
 20260917    08:27:47       0     47     55      -      1      2      0      0      0      0   6500   1620      0      0  13996    175      0      -      -      0   4155      1 
 20260917    08:27:48       0     47     55      -      1      2      0      0      0      0   6500   1620      0      0  13996    175      0      -      -      0   4152      0 
 20260917    08:27:49       0     47     55      -      1      2      0      0      0      0   6500   1620      0      0  13996    175      0      -      -      0   4151      1 
 20260917    08:27:50       0     60     56      -     81     12      0      0      0      0   6500   1905      0      0  13996    175      0      -      -      0   8594   1499 
 20260917    08:27:51       0     67     56      -    100      6      0      0      0      0   6500   1905      0      0  13996    175      0      -      -      0   8518   1494 
 20260917    08:27:52       0     60     56      -    100      6      0      0      0      0   6500   1905      0      0  13996    175      0      -      -      0   8517   1499 
 20260917    08:27:54       0     67     56      -    100      6      0      0      0      0   6500   1905      0      0  13996    175      0      -      -      0   8584   1499 
 20260917    08:27:55       0     60     56      -    100      9      0      0      0      0   6500   1905      0      0  13996    175      0      -      -      0   8582   1499 
 20260917    08:27:56       0     67     56      -    100      6      0      0      0      0   6500   1905      0      0  13996    175      0      -      -      0   8583   1501 
 20260917    08:27:57       0     60     56      -      2      3      0      0      0      0   6500   1905      0      0  13996    175      0      -      -      0   4042      0 
 20260917    08:27:58       0     59     56      -      4      4      0      0      0      0   6500   1620      0      0  13996    175      0      -      -      0   4152      1 
 20260917    08:27:59       0     47     56      -      5      5      0      0      0      0   6500   1620      0      0  13996    175      0      -      -      0   4150      0 
 20260917    08:28:00       0     47     56      -      5      5      0      0      0      0   6500   1620      0      0  13996    175      0      -      -      0   4154      0 
 20260917    08:28:01       0     47     55      -      4      4      0      0      0      0   6500   1620      0      0  13996    175      0      -      -      0   4116      0 
 20260917    08:28:02       0     46     55      -      4      4      0      0      0      0   6500   1620      0      0  13996    175      0      -      -      0   4139      1 
#Date        Time         gpu    pwr  gtemp  mtemp     sm    mem    enc    dec    jpg    ofa   mclk   pclk  pviol  tviol     fb   bar1   ccpm  sbecc  dbecc    pci  rxpci  txpci 
#YYYYMMDD    HH:MM:SS     Idx      W      C      C      %      %      %      %      %      %    MHz    MHz      %   bool     MB     MB     MB   errs   errs   errs   MB/s   MB/s 
 20260917    08:28:03       0     46     55      -      5      4      0      0      0      0   6500   1620      0      0  13996    175      0      -      -      0   3878      0 
 20260917    08:28:04       0     50     55      -      1      2      0      0      0      0   6500   1620      0      0  13996    175      0      -      -      0   4135      1 
 20260917    08:28:05       0     46     55      -      4      4      0      0      0      0   6500   1620      0      0  13996    175      0      -      -      0   4155      8 
 20260917    08:28:06       0     50     55      -      5      5      0      0      0      0   6500   1620      0      0  13996    175      0      -      -      0   4153      0 
 20260917    08:28:07       0     50     55      -      1      2      0      0      0      0   6500   1620      0      0  13996    175      0      -      -      0   4137      1 
 20260917    08:28:08       0     47     55      -      1      2      0      0      0      0   6500   1620      0      0  13996    175      0      -      -      0   3713      0 
 20260917    08:28:09       0     47     55      -      1      2      0      0      0      0   6500   1620      0      0  13996    175      0      -      -      0   1766      0 
 20260917    08:28:10       0     46     55      -      2      3      0      0      0      0   6500   1620      0      0  13996    175      0      -      -      0   2379      3 
 20260917    08:28:11       0     47     55      -      1      2      0      0      0      0   6500   1620      0      0  13996    175      0      -      -      0   4137      0 
 20260917    08:28:12       0     46     55      -      1      2      0      0      0      0   6500   1620      0      0  13996    175      0      -      -      0   4149      1 
 20260917    08:28:14       0     47     55      -      1      3      0      0      0      0   6500   1620      0      0  13996    175      0      -      -      0   4152      1 
 20260917    08:28:15       0     46     55      -      1      2      0      0      0      0   6500   1620      0      0  13996    175      0      -      -      0   4140      0 
 20260917    08:28:16       0     46     55      -      5      4      0      0      0      0   6500   1620      0      0  13996    175      0      -      -      0   4153      0 
 20260917    08:28:17       0     46     55      -      4      4      0      0      0      0   6500   1620      0      0  13996    175      0      -      -      0   4148      1 
 20260917    08:28:18       0     46     55      -      1      2      0      0      0      0   6500   1620      0      0  13996    175      0      -      -      0   4152      1 
 20260917    08:28:19       0     54     56      -     73     10      0      0      0      0   6500   1905      0      0  13996    175      0      -      -      0  12958   1494 
 20260917    08:28:20       0     65     56      -    100      6      0      0      0      0   6500   1905      0      0  13996    175      0      -      -      0  12931   1288 
 20260917    08:28:21       0     64     56      -    100      6      0      0      0      0   6500   1905      0      0  13996    175      0      -      -      0  12936   1087 
 20260917    08:28:22       0     65     56      -    100      6      0      0      0      0   6500   1905      0      0  13996    175      0      -      -      0  12856   1131 
 20260917    08:28:23       0     64     56      -    100      9      0      0      0      0   6500   1905      0      0  13996    175      0      -      -      0   9419   1498 
 20260917    08:28:24       0     60     56      -    100      6      0      0      0      0   6500   1905      0      0  13996    175      0      -      -      0   9409   1499 
 20260917    08:28:25       0     59     56      -      3      4      0      0      0      0   6500   1905      0      0  13996    175      0      -      -      0   4043      0 
 20260917    08:28:26       0     57     56      -      1      2      0      0      0      0   6500   1620      0      0  13996    175      0      -      -      0   4357      3 
 20260917    08:28:27       0     46     55      -      4      4      0      0      0      0   6500   1620      0      0  13996    175      0      -      -      0   4043      0 
 20260917    08:28:28       0     46     56      -      4      4      0      0      0      0   6500   1620      0      0  13996    175      0      -      -      0   4152      1 
 20260917    08:28:29       0     46     55      -      1      2      0      0      0      0   6500   1620      0      0  13996    175      0      -      -      0   4153      1 
 20260917    08:28:30       0     46     55      -      4      4      0      0      0      0   6500   1620      0      0  13996    175      0      -      -      0   4136      1 
 20260917    08:28:31       0     49     55      -      4      4      0      0      0      0   6500   1620      0      0  13996    175      0      -      -      0   3768      0 
 20260917    08:28:33       0     49     55      -      1      2      0      0      0      0   6500   1620      0      0  13996    175      0      -      -      0   4135      1 
 20260917    08:28:34       0     49     55      -      4      4      0      0      0      0   6500   1620      0      0  13996    175      0      -      -      0   4152      0 
 20260917    08:28:35       0     49     55      -      4      4      0      0      0      0   6500   1620      0      0  13996    175      0      -      -      0   4158      1 
 20260917    08:28:36       0     49     55      -      3      4      0      0      0      0   6500   1620      0      0  13996    175      0      -      -      0   4168      0 
 20260917    08:28:37       0     49     55      -      1      2      0      0      0      0   6500   1620      0      0  13996    175      0      -      -      0   4160      1 
 20260917    08:28:38       0     46     55      -      4      4      0      0      0      0   6500   1620      0      0  13996    175      0      -      -      0   3977      1 
 20260917    08:28:39       0     48     55      -      4      5      0      0      0      0   6500   1620      0      0  13996    175      0      -      -      0   4154      0 
 20260917    08:28:40       0     48     55      -      1      2      0      0      0      0   6500   1620      0      0  13996    175      0      -      -      0   4075      1 
 20260917    08:28:41       0     48     55      -      1      2      0      0      0      0   6500   1620      0      0  13996    175      0      -      -      0   3970      1 
 20260917    08:28:42       0     49     55      -      4      4      0      0      0      0   6500   1620      0      0  13996    175      0      -      -      0   4136      1 
 20260917    08:28:43       0     49     55      -      1      2      0      0      0      0   6500   1620      0      0  13996    175      0      -      -      0   3944      0 
 20260917    08:28:44       0     49     55      -      1      2      0      0      0      0   6500   1620      0      0  13996    175      0      -      -      0   1583      0 
 20260917    08:28:45       0     45     55      -      1      2      0      0      0      0   6500   1620      0      0  13996    175      0      -      -      0   2705      0 
 20260917    08:28:46       0     49     55      -      1      2      0      0      0      0   6500   1620      0      0  13996    175      0      -      -      0   2261      0 
 20260917    08:28:47       0    156     57      -    100     39      0      0      0      0   6500   1905      1      0  13996    175      0      -      -      0  12605   1351 
 20260917    08:28:48       0    232     59      -    100      5      0      0      0      0   6500   1740      8      0  13996    175      0      -      -      0  12913   1497 
#Date        Time         gpu    pwr  gtemp  mtemp     sm    mem    enc    dec    jpg    ofa   mclk   pclk  pviol  tviol     fb   bar1   ccpm  sbecc  dbecc    pci  rxpci  txpci 
#YYYYMMDD    HH:MM:SS     Idx      W      C      C      %      %      %      %      %      %    MHz    MHz      %   bool     MB     MB     MB   errs   errs   errs   MB/s   MB/s 
 20260917    08:28:49       0    150     61      -    100     19      0      0      0      0   6500   1620      6      0  13996    175      0      -      -      0  12952   1502 
 20260917    08:28:50       0    197     62      -    100      7      0      0      0      0   6500   1560      5      0  13996    175      0      -      -      0   2054   1504 
 20260917    08:28:52       0    127     62      -    100      5      0      0      0      0   6500   1800      5      0  13996    175      0      -      -      0     33      5 
 20260917    08:28:53       0    123     60      -    100     34      0      0      0      0   6500   1905      8      0  13996    175      0      -      -      0     14      7 
 20260917    08:28:54       0     91     60      -    100     33      0      0      0      0   6500   1890      6      0  13996    175      0      -      -      0      0      0 
 20260917    08:28:55       0     83     60      -    100     21      0      0      0      0   6500   1890     12      0  13996    175      0      -      -      0      0      0 
 20260917    08:28:56       0     65     60      -    100     34      0      0      0      0   6500   1890     11      0  13996    175      0      -      -      0   4015      0 
 20260917    08:28:57       0    233     60      -    100     32      0      0      0      0   6500   1875     11      0  13996    175      0      -      -      0  12907   1499 
 20260917    08:28:58       0    211     61      -    100      5      0      0      0      0   6500   1845     10      0  13996    175      0      -      -      0  12954   1505 
 20260917    08:28:59       0    172     63      -    100     13      0      0      0      0   6500   1620     12      0  13996    175      0      -      -      0  12980   1503 
 20260917    08:29:00       0    198     65      -    100      8      0      0      0      0   6500   1575     10      0  13996    175      0      -      -      0     12   1438 
 20260917    08:29:01       0     61     61      -      1      2      0      0      0      0   6500   1890      9      0  13996    175      0      -      -      0   3913      0 
 20260917    08:29:02       0     87     62      -      2      3      0      0      0      0   6500   1890      4      0  13996    175      0      -      -      0      0      0 
 20260917    08:29:03       0    100     61      -     82     16      0      0      0      0   6500   1890      7      0  13996    175      0      -      -      0   4150      1 
 20260917    08:29:04       0     62     61      -      2      3      0      0      0      0   6500   1890      4      0  13996    175      0      -      -      0   4143      0 
 20260917    08:29:05       0    169     65      -     63      3      0      0      0      0   6500   1605      6      0  13996    175      0      -      -      0   2454      0 
 20260917    08:29:06       0     61     61      -     21     16      0      0      0      0   6500   1890      3      0  13996    175      0      -      -      0   4150      1 
 20260917    08:29:07       0     61     62      -      1      2      0      0      0      0   6500   1890      4      0  13996    175      0      -      -      0      0      0 
 20260917    08:29:08       0     60     62      -     52     35      0      0      0      0   6500   1890      8      0  13996    175      0      -      -      0   4149      0 
 20260917    08:29:09       0     63     61      -      1      2      0      0      0      0   6500   1890      3      0  13996    175      0      -      -      0   4151      0 
 20260917    08:29:11       0    215     66      -     26      4      0      0      0      0   6500   1560      2      0  13996    175      0      -      -      0      8      0 
 20260917    08:29:12       0     62     62      -     63     34      0      0      0      0   6500   1890      7      0  13996    175      0      -      -      0   4156      1 
 20260917    08:29:13       0     85     62      -      1      2      0      0      0      0   6500   1800      3      0  13996    175      0      -      -      0      0      0 
 20260917    08:29:14       0    131     62      -     89     33      0      0      0      0   6500   1890      8      0  13996    175      0      -      -      0   4127      0 
 20260917    08:29:15       0     63     62      -      2      3      0      0      0      0   6500   1890      3      0  13996    175      0      -      -      0   3968      0 
 20260917    08:29:16       0    120     67      -      1      2      0      0      0      0   6500   1710      2      0  13996    175      0      -      -      0     14      2 
 20260917    08:29:17       0     61     62      -      1      2      0      0      0      0   6500   1890      7      0  13996    175      0      -      -      0   4170      0 
 20260917    08:29:18       0     62     64      -      1      2      0      0      0      0   6500   1890      4      0  13996    175      0      -      -      0      0      0 
 20260917    08:29:19       0     88     63      -     84     19      0      0      0      0   6500   1890      7      0  13996    175      0      -      -      0   4127      0 
 20260917    08:29:20       0     63     62      -     10      8      0      0      0      0   6500   1890      4      0  13996    175      0      -      -      0   4128      0 
 20260917    08:29:21       0    133     67      -     54      4      0      0      0      0   6500   1815      4      0  13996    175      0      -      -      0     31      3 
 20260917    08:29:22       0     62     63      -     38     29      0      0      0      0   6500   1890      6      0  13996    175      0      -      -      0   4149      0 
 20260917    08:29:23       0     62     63      -      1      2      0      0      0      0   6500   1890      4      0  13996    175      0      -      -      0   2484      2 
 20260917    08:29:24       0    238     64      -     39      4      0      0      0      0   6500   1830      7      0  13996    175      0      -      -      0   3436      1 
 20260917    08:29:25       0     62     63      -      1      2      0      0      0      0   6500   1890      4      0  13996    175      0      -      -      0   4133      0 
 20260917    08:29:26       0    109     64      -     11      5      0      0      0      0   6500   1890      3      0  13996    175      0      -      -      0      0      6 
 20260917    08:29:27       0    101     64      -     82     34      0      0      0      0   6500   1890      7      0  13996    175      0      -      -      0   4152      1 
 20260917    08:29:28       0     63     63      -      1      2      0      0      0      0   6500   1890      3      0  13996    175      0      -      -      0   4142      0 
 20260917    08:29:30       0    118     67      -     93     24      0      0      0      0   6500   1620      8      0  13996    175      0      -      -      0   2862      0 
 20260917    08:29:31       0     63     64      -      1      2      0      0      0      0   6500   1890      3      0  13996    175      0      -      -      0   4150      0 
 20260917    08:29:32       0     63     65      -      1      2      0      0      0      0   6500   1890      3      0  13996    175      0      -      -      0      0      0 
 20260917    08:29:33       0     84     64      -     90     20      0      0      0      0   6500   1890      8      0  13996    175      0      -      -      0  12808   1461 
 20260917    08:29:34       0     70     64      -    100      7      0      0      0      0   6500   1890      0      0  13996    175      0      -      -      0  12768   1539 
 20260917    08:29:35       0     69     64      -    100      9      0      0      0      0   6500   1890      0      0  13996    175      0      -      -      0  12896   1498 
#Date        Time         gpu    pwr  gtemp  mtemp     sm    mem    enc    dec    jpg    ofa   mclk   pclk  pviol  tviol     fb   bar1   ccpm  sbecc  dbecc    pci  rxpci  txpci 
#YYYYMMDD    HH:MM:SS     Idx      W      C      C      %      %      %      %      %      %    MHz    MHz      %   bool     MB     MB     MB   errs   errs   errs   MB/s   MB/s 
 20260917    08:29:36       0     68     63      -    100      6      0      0      0      0   6500   1890      0      0  13996    175      0      -      -      0  12932   1500 
 20260917    08:29:37       0     69     63      -    100      6      0      0      0      0   6500   1890      0      0  13996    175      0      -      -      0  12938   1500 
 20260917    08:29:38       0     70     63      -    100      6      0      0      0      0   6500   1890      0      0  13996    175      0      -      -      0  12884   1066 
 20260917    08:29:39       0     67     63      -      3      4      0      0      0      0   6500   1890      0      0  13996    175      0      -      -      0   4147      0 
 20260917    08:29:40       0     68     63      -      1      2      0      0      0      0   6500   1890      0      0  13996    175      0      -      -      0   4149      1 
 20260917    08:29:41       0     53     62      -      2      3      0      0      0      0   6500   1620      0      0  13996    175      0      -      -      0   4059      0 
 20260917    08:29:42       0     49     62      -      4      4      0      0      0      0   6500   1620      0      0  13996    175      0      -      -      0   3129      0 
 20260917    08:29:43       0     51     62      -      1      2      0      0      0      0   6500   1620      0      0  13996    175      0      -      -      0   2200      0 
 20260917    08:29:44       0     49     62      -      1      2      0      0      0      0   6500   1620      0      0  13996    175      0      -      -      0   3644      0 
 20260917    08:29:45       0     49     62      -      1      2      0      0      0      0   6500   1620      0      0  13996    175      0      -      -      0   1813      0 
 20260917    08:29:46       0     49     62      -      1      2      0      0      0      0   6500   1620      0      0  13996    175      0      -      -      0   2734      3 
 20260917    08:29:47       0     49     61      -      1      2      0      0      0      0   6500   1620      0      0  13996    175      0      -      -      0   2465     10 
 20260917    08:29:48       0     49     61      -      2      3      0      0      0      0   6500   1620      0      0  13996    175      0      -      -      0   2538      2 
 20260917    08:29:50       0     50     61      -      1      2      0      0      0      0   6500   1620      0      0  13996    175      0      -      -      0   1775      0 
 20260917    08:29:51       0     48     61      -      1      2      0      0      0      0   6500   1620      0      0  13996    175      0      -      -      0   2140      0 
 20260917    08:29:52       0     49     61      -      1      2      0      0      0      0   6500   1620      0      0  13996    175      0      -      -      0   3211      0 
 20260917    08:29:53       0     49     61      -      2      3      0      0      0      0   6500   1620      0      0  13996    175      0      -      -      0   3078      0 
 20260917    08:29:54       0     49     61      -      1      2      0      0      0      0   6500   1620      0      0  13996    175      0      -      -      0   4135      0 
 20260917    08:29:55       0     48     61      -      1      2      0      0      0      0   6500   1620      0      0  13996    175      0      -      -      0   4170      0 
 20260917    08:29:56       0     49     61      -      1      3      0      0      0      0   6500   1620      0      0  13996    175      0      -      -      0   4136      0 
 20260917    08:29:57       0     48     60      -      1      2      0      0      0      0   6500   1620      0      0  13996    175      0      -      -      0   4154      0 
 20260917    08:29:58       0     49     60      -      1      2      0      0      0      0   6500   1620      0      0  13996    175      0      -      -      0   4154      0 
 20260917    08:29:59       0     48     60      -      1      2      0      0      0      0   6500   1620      0      0  13996    175      0      -      -      0   4149      1 
 20260917    08:30:00       0     49     60      -      4      4      0      0      0      0   6500   1620      0      0  13996    175      0      -      -      0   4154      0 
 20260917    08:30:01       0     67     61      -     47      9      0      0      0      0   6500   1890      0      0  13996    175      0      -      -      0  12921   1407 
 20260917    08:30:02       0     68     61      -    100      6      0      0      0      0   6500   1890      0      0  13996    175      0      -      -      0  12939   1073 
 20260917    08:30:03       0     67     61      -    100      6      0      0      0      0   6500   1890      0      0  13996    175      0      -      -      0  12932   1065 
 20260917    08:30:04       0     68     61      -    100      9      0      0      0      0   6500   1890      0      0  13996    175      0      -      -      0   9267   1500 
 20260917    08:30:05       0     61     61      -    100      6      0      0      0      0   6500   1890      0      0  13996    175      0      -      -      0   9225   1500 
 20260917    08:30:06       0     68     61      -    100      6      0      0      0      0   6500   1890      0      0  13996    175      0      -      -      0  12934   1500 
 20260917    08:30:07       0     61     61      -      2      3      0      0      0      0   6500   1890      0      0  13996    175      0      -      -      0   4100      0 
 20260917    08:30:09       0     58     60      -      4      4      0      0      0      0   6500   1620      0      0  13996    175      0      -      -      0   4138      1 
 20260917    08:30:10       0     48     60      -      4      4      0      0      0      0   6500   1620      0      0  13996    175      0      -      -      0   4085      0 
 20260917    08:30:11       0     48     60      -      1      2      0      0      0      0   6500   1620      0      0  13996    175      0      -      -      0   4153      0 
 20260917    08:30:12       0     48     60      -      4      4      0      0      0      0   6500   1620      0      0  13996    175      0      -      -      0   4151      1 
 20260917    08:30:13       0     48     60      -      4      4      0      0      0      0   6500   1620      0      0  13996    175      0      -      -      0   4138      1 
 20260917    08:30:14       0     48     59      -      1      2      0      0      0      0   6500   1620      0      0  13996    175      0      -      -      0   2544      0 
 20260917    08:30:15       0     52     59      -      4      4      0      0      0      0   6500   1620      0      0  13996    175      0      -      -      0   4136      1 
 20260917    08:30:16       0     48     59      -      4      4      0      0      0      0   6500   1620      0      0  13996    175      0      -      -      0   4150      1 
 20260917    08:30:17       0     51     59      -      4      5      0      0      0      0   6500   1620      0      0  13996    175      0      -      -      0   4160      1 
 20260917    08:30:18       0     48     59      -      1      2      0      0      0      0   6500   1620      0      0  13996    175      0      -      -      0   4136      1 
 20260917    08:30:19       0     51     59      -      4      4      0      0      0      0   6500   1620      0      0  13996    175      0      -      -      0   4155      0 
 20260917    08:30:20       0     49     59      -      4      4      0      0      0      0   6500   1620      0      0  13996    175      0      -      -      0   4153      1 
 20260917    08:30:21       0     48     59      -      4      5      0      0      0      0   6500   1620      0      0  13996    175      0      -      -      0   4154      1 
#Date        Time         gpu    pwr  gtemp  mtemp     sm    mem    enc    dec    jpg    ofa   mclk   pclk  pviol  tviol     fb   bar1   ccpm  sbecc  dbecc    pci  rxpci  txpci 
#YYYYMMDD    HH:MM:SS     Idx      W      C      C      %      %      %      %      %      %    MHz    MHz      %   bool     MB     MB     MB   errs   errs   errs   MB/s   MB/s 
 20260917    08:30:22       0     51     59      -      1      2      0      0      0      0   6500   1620      0      0  13996    175      0      -      -      0   4158      1 
 20260917    08:30:23       0     47     59      -      4      4      0      0      0      0   6500   1620      0      0  13996    175      0      -      -      0   4091      0 
 20260917    08:30:24       0     51     59      -      3      3      0      0      0      0   6500   1620      0      0  13996    175      0      -      -      0   4139      0 
 20260917    08:30:25       0     50     59      -      1      2      0      0      0      0   6500   1620      0      0  13996    175      0      -      -      0   1386      0 
 20260917    08:30:26       0     47     59      -      1      2      0      0      0      0   6500   1620      0      0  13996    175      0      -      -      0   1385      0 
 20260917    08:30:28       0     47     58      -      1      2      0      0      0      0   6500   1620      0      0  13996    175      0      -      -      0   1517      0 
 20260917    08:30:29       0     48     58      -      1      2      0      0      0      0   6500   1620      0      0  13996    175      0      -      -      0   2402      3 
 20260917    08:30:30       0     67     59      -    100      9      0      0      0      0   6500   1905      0      0  13996    175      0      -      -      0  12934   1500 
 20260917    08:30:31       0     63     59      -    100      9      0      0      0      0   6500   1905      0      0  13996    175      0      -      -      0  12930   1500 
 20260917    08:30:32       0     67     59      -    100      6      0      0      0      0   6500   1905      0      0  13996    175      0      -      -      0  12939   1499 
 20260917    08:30:33       0     63     59      -    100      6      0      0      0      0   6500   1905      0      0  13996    175      0      -      -      0  12989   1496 
 20260917    08:30:34       0     67     59      -    100      9      0      0      0      0   6500   1905      0      0  13996    175      0      -      -      0  12888   1494 
 20260917    08:30:35       0     62     59      -     75      6      0      0      0      0   6500   1905      0      0  13996    175      0      -      -      0   2913      0 
 20260917    08:30:36       0     60     59      -      2      3      0      0      0      0   6500   1905      0      0  13996    175      0      -      -      0   2090      0 
 20260917    08:30:37       0     48     59      -      1      2      0      0      0      0   6500   1620      0      0  13996    175      0      -      -      0   2803      3 
 20260917    08:30:38       0     47     58      -      2      3      0      0      0      0   6500   1620      0      0  13996    175      0      -      -      0   2343      2 
 20260917    08:30:39       0     47     58      -      1      3      0      0      0      0   6500   1620      0      0  13996    175      0      -      -      0   3185      0 
 20260917    08:30:40       0     47     58      -      1      3      0      0      0      0   6500   1620      0      0  13996    175      0      -      -      0   3828      0 
 20260917    08:30:41       0     47     58      -      1      2      0      0      0      0   6500   1620      0      0  13996    175      0      -      -      0   3122      0 
 20260917    08:30:42       0     48     58      -      2      3      0      0      0      0   6500   1620      0      0  13996    175      0      -      -      0   3846      0 
 20260917    08:30:43       0     48     58      -      2      3      0      0      0      0   6500   1620      0      0  13996    175      0      -      -      0   4150      0 
 20260917    08:30:44       0     48     58      -      1      2      0      0      0      0   6500   1620      0      0  13996    175      0      -      -      0   4031      0 
 20260917    08:30:45       0     48     58      -      1      2      0      0      0      0   6500   1620      0      0  13996    175      0      -      -      0   4156      1 
 20260917    08:30:46       0     48     58      -      1      2      0      0      0      0   6500   1620      0      0  13996    175      0      -      -      0   4160      1 
 20260917    08:30:48       0     48     58      -      1      2      0      0      0      0   6500   1620      0      0  13996    175      0      -      -      0   4158      1 
 20260917    08:30:49       0     48     58      -      1      2      0      0      0      0   6500   1620      0      0  13996    175      0      -      -      0   4135      1 
 20260917    08:30:50       0     48     58      -      1      2      0      0      0      0   6500   1620      0      0  13996    175      0      -      -      0   4165      0 
 20260917    08:30:51       0     48     58      -      4      4      0      0      0      0   6500   1620      0      0  13996    175      0      -      -      0   4149      0 
 20260917    08:30:52       0     49     57      -      2      3      0      0      0      0   6500   1620      0      0  13996    175      0      -      -      0   4095      0 
 20260917    08:30:53       0     48     57      -      4      4      0      0      0      0   6500   1620      0      0  13996    175      0      -      -      0   4159      1 
 20260917    08:30:54       0     48     57      -      4      4      0      0      0      0   6500   1620      0      0  13996    175      0      -      -      0   4160      1 
 20260917    08:30:55       0     48     57      -      1      2      0      0      0      0   6500   1620      0      0  13996    175      0      -      -      0   4135      1 
 20260917    08:30:56       0     51     57      -      4      4      0      0      0      0   6500   1620      0      0  13996    175      0      -      -      0   4155      1 
 20260917    08:30:57       0     51     57      -      4      4      0      0      0      0   6500   1620      0      0  13996    175      0      -      -      0   4156      0 
 20260917    08:30:58       0     62     58      -    100      6      0      0      0      0   6500   1905      0      0  13996    175      0      -      -      0  12926   1498 
 20260917    08:30:59       0     68     58      -    100      8      0      0      0      0   6500   1905      0      0  13996    175      0      -      -      0  12929   1501 
 20260917    08:31:00       0     67     58      -    100      6      0      0      0      0   6500   1905      0      0  13996    175      0      -      -      0  12927   1498 
 20260917    08:31:01       0     67     58      -    100      9      0      0      0      0   6500   1905      0      0  13996    175      0      -      -      0  12950   1499 
 20260917    08:31:02       0     68     58      -    100      6      0      0      0      0   6500   1905      0      0  13996    175      0      -      -      0  12928   1499 
 20260917    08:31:03       0     61     58      -     61      5      0      0      0      0   6500   1905      0      0  13996    175      0      -      -      0   3978      0 
 20260917    08:31:04       0     61     58      -      4      4      0      0      0      0   6500   1905      0      0  13996    175      0      -      -      0   4130      0 
 20260917    08:31:05       0     48     57      -      4      5      0      0      0      0   6500   1620      0      0  13996    175      0      -      -      0   4152      0 
 20260917    08:31:07       0     50     57      -      4      4      0      0      0      0   6500   1620      0      0  13996    175      0      -      -      0   4146      1 
 20260917    08:31:08       0     47     57      -      1      2      0      0      0      0   6500   1620      0      0  13996    175      0      -      -      0   4112      1 
#Date        Time         gpu    pwr  gtemp  mtemp     sm    mem    enc    dec    jpg    ofa   mclk   pclk  pviol  tviol     fb   bar1   ccpm  sbecc  dbecc    pci  rxpci  txpci 
#YYYYMMDD    HH:MM:SS     Idx      W      C      C      %      %      %      %      %      %    MHz    MHz      %   bool     MB     MB     MB   errs   errs   errs   MB/s   MB/s 
 20260917    08:31:09       0     50     57      -      4      4      0      0      0      0   6500   1620      0      0  13996    175      0      -      -      0   4151      1 
 20260917    08:31:10       0     50     57      -      4      4      0      0      0      0   6500   1620      0      0  13996    175      0      -      -      0   3894      0 
 20260917    08:31:11       0     50     57      -      2      3      0      0      0      0   6500   1620      0      0  13996    175      0      -      -      0   4148      4 
 20260917    08:31:12       0     50     57      -      1      3      0      0      0      0   6500   1620      0      0  13996    175      0      -      -      0   4151      1 
 20260917    08:31:13       0     47     57      -      4      5      0      0      0      0   6500   1620      0      0  13996    175      0      -      -      0   3641      0 
 20260917    08:31:14       0     50     57      -      1      2      0      0      0      0   6500   1620      0      0  13996    175      0      -      -      0   3781      0 
 20260917    08:31:15       0     47     57      -      1      2      0      0      0      0   6500   1620      0      0  13996    175      0      -      -      0   3772      0 
 20260917    08:31:16       0     50     57      -      1      2      0      0      0      0   6500   1620      0      0  13996    175      0      -      -      0   3654      0 
 20260917    08:31:17       0     47     57      -      1      2      0      0      0      0   6500   1620      0      0  13996    175      0      -      -      0   1808      0 
 20260917    08:31:18       0     47     57      -      2      3      0      0      0      0   6500   1620      0      0  13996    175      0      -      -      0   1569      0 
 20260917    08:31:19       0     46     57      -      1      2      0      0      0      0   6500   1620      0      0  13996    175      0      -      -      0   2574      2 
 20260917    08:31:20       0     47     57      -      2      3      0      0      0      0   6500   1620      0      0  13996    175      0      -      -      0   2582      3 
 20260917    08:31:21       0     46     57      -      1      2      0      0      0      0   6500   1620      0      0  13996    175      0      -      -      0   4003      0 
 20260917    08:31:22       0     47     57      -      1      2      0      0      0      0   6500   1620      0      0  13996    175      0      -      -      0   4156      0 
 20260917    08:31:23       0     46     57      -      1      2      0      0      0      0   6500   1620      0      0  13996    175      0      -      -      0   4133      0 
 20260917    08:31:24       0     47     57      -      4      4      0      0      0      0   6500   1620      0      0  13996    175      0      -      -      0   4138      0 
 20260917    08:31:26       0     46     57      -      1      2      0      0      0      0   6500   1620      0      0  13996    175      0      -      -      0   4137      0 
 20260917    08:31:27       0     67     57      -    100      9      0      0      0      0   6500   1905      0      0  13996    175      0      -      -      0  12934   1072 
 20260917    08:31:28       0     66     57      -    100      6      0      0      0      0   6500   1905      0      0  13996    175      0      -      -      0  12932   1073 
 20260917    08:31:29       0     67     58      -    100      6      0      0      0      0   6500   1905      0      0  13996    175      0      -      -      0  12691   1114 
 20260917    08:31:30       0     66     58      -    100      6      0      0      0      0   6500   1905      0      0  13996    175      0      -      -      0   9229   1501 
 20260917    08:31:31       0     67     58      -    100      9      0      0      0      0   6500   1905      0      0  13996    175      0      -      -      0   9252   1570 
 20260917    08:31:32       0     60     58      -      1      3      0      0      0      0   6500   1905      0      0  13996    175      0      -      -      0   4159      0 
 20260917    08:31:33       0     62     58      -      3      4      0      0      0      0   6500   1905      0      0  13996    175      0      -      -      0   4148      1 
 20260917    08:31:34       0     47     57      -      1      2      0      0      0      0   6500   1620      0      0  13996    175      0      -      -      0   4165      1 
 20260917    08:31:35       0     47     57      -      1      2      0      0      0      0   6500   1620      0      0  13996    175      0      -      -      0   4154      1 
 20260917    08:31:36       0     46     57      -      4      5      0      0      0      0   6500   1620      0      0  13996    175      0      -      -      0   4163      1 
 20260917    08:31:37       0     47     57      -      4      4      0      0      0      0   6500   1620      0      0  13996    175      0      -      -      0   4152      0 
 20260917    08:31:38       0     46     57      -      1      2      0      0      0      0   6500   1620      0      0  13996    175      0      -      -      0   4136      0 
 20260917    08:31:39       0     46     57      -      4      4      0      0      0      0   6500   1620      0      0  13996    175      0      -      -      0   4103      1 
 20260917    08:31:40       0     47     57      -      4      4      0      0      0      0   6500   1620      0      0  13996    175      0      -      -      0   4150      1 
 20260917    08:31:41       0     46     57      -      1      2      0      0      0      0   6500   1620      0      0  13996    175      0      -      -      0   4002      1 
 20260917    08:31:42       0     47     56      -      4      4      0      0      0      0   6500   1620      0      0  13996    175      0      -      -      0   4152      1 
 20260917    08:31:43       0     46     56      -      4      4      0      0      0      0   6500   1620      0      0  13996    175      0      -      -      0   4129      0 
 20260917    08:31:44       0     47     56      -      4      5      0      0      0      0   6500   1620      0      0  13996    175      0      -      -      0   4126      1 
 20260917    08:31:46       0     49     56      -      4      4      0      0      0      0   6500   1620      0      0  13996    175      0      -      -      0   3917      0 
 20260917    08:31:47       0     46     56      -      4      4      0      0      0      0   6500   1620      0      0  13996    175      0      -      -      0   4134      1 
 20260917    08:31:48       0     49     56      -      1      2      0      0      0      0   6500   1620      0      0  13996    175      0      -      -      0   4111      1 
 20260917    08:31:49       0     50     56      -      2      3      0      0      0      0   6500   1620      0      0  13996    175      0      -      -      0   3990      1 
 20260917    08:31:50       0     49     56      -      4      4      0      0      0      0   6500   1620      0      0  13996    175      0      -      -      0   4042      0 
 20260917    08:31:51       0     49     56      -      1      2      0      0      0      0   6500   1620      0      0  13996    175      0      -      -      0   1394      5 
 20260917    08:31:52       0     47     56      -      1      2      0      0      0      0   6500   1620      0      0  13996    175      0      -      -      0   3056      0 
 20260917    08:31:53       0     47     56      -      1      2      0      0      0      0   6500   1620      0      0  13996    175      0      -      -      0   1992      2 
 20260917    08:31:54       0     47     56      -      1      2      0      0      0      0   6500   1620      0      0  13996    175      0      -      -      0   2570     39 
#Date        Time         gpu    pwr  gtemp  mtemp     sm    mem    enc    dec    jpg    ofa   mclk   pclk  pviol  tviol     fb   bar1   ccpm  sbecc  dbecc    pci  rxpci  txpci 
#YYYYMMDD    HH:MM:SS     Idx      W      C      C      %      %      %      %      %      %    MHz    MHz      %   bool     MB     MB     MB   errs   errs   errs   MB/s   MB/s 
 20260917    08:31:55       0     66     57      -    100      6      0      0      0      0   6500   1905      0      0  13996    175      0      -      -      0  12925   1074 
 20260917    08:31:56       0     67     57      -    100      6      0      0      0      0   6500   1905      0      0  13996    175      0      -      -      0  12921   1074 
 20260917    08:31:57       0     66     57      -    100      6      0      0      0      0   6500   1905      0      0  13996    175      0      -      -      0  10005   1422 
 20260917    08:31:58       0     61     57      -    100      6      0      0      0      0   6500   1905      0      0  13996    175      0      -      -      0   9173   1498 
 20260917    08:31:59       0     67     57      -    100      9      0      0      0      0   6500   1905      0      0  13996    175      0      -      -      0   9223   1500 
 20260917    08:32:00       0     66     57      -      2      3      0      0      0      0   6500   1905      0      0  13996    175      0      -      -      0   2507      0 
 20260917    08:32:01       0     60     57      -      1      2      0      0      0      0   6500   1905      0      0  13996    175      0      -      -      0   2282      0 
 20260917    08:32:02       0     47     56      -      2      3      0      0      0      0   6500   1620      0      0  13996    175      0      -      -      0   1945      0 
 20260917    08:32:03       0     46     56      -      1      2      0      0      0      0   6500   1620      0      0  13996    175      0      -      -      0   1409      0 
 20260917    08:32:05       0     47     56      -      1      2      0      0      0      0   6500   1620      0      0  13996    175      0      -      -      0   1197      0 
 20260917    08:32:06       0     46     56      -      1      2      0      0      0      0   6500   1620      0      0  13996    175      0      -      -      0   1162      0 
 20260917    08:32:07       0     47     56      -      1      2      0      0      0      0   6500   1620      0      0  13996    175      0      -      -      0   2290      3 
 20260917    08:32:08       0     46     56      -      1      2      0      0      0      0   6500   1620      0      0  13996    175      0      -      -      0   2695      1 
 20260917    08:32:09       0     47     56      -      1      2      0      0      0      0   6500   1620      0      0  13996    175      0      -      -      0   2470      3 
 20260917    08:32:10       0     46     56      -      2      3      0      0      0      0   6500   1620      0      0  13996    175      0      -      -      0   3763      0 
 20260917    08:32:11       0     47     56      -      1      2      0      0      0      0   6500   1620      0      0  13996    175      0      -      -      0   3744      0 
 20260917    08:32:12       0     46     56      -      1      2      0      0      0      0   6500   1620      0      0  13996    175      0      -      -      0   2816      3 
 20260917    08:32:13       0     47     56      -      1      2      0      0      0      0   6500   1620      0      0  13996    175      0      -      -      0   1582      0 
 20260917    08:32:14       0     47     56      -      2      3      0      0      0      0   6500   1620      0      0  13996    175      0      -      -      0   2492      0 
 20260917    08:32:15       0     47     56      -      1      2      0      0      0      0   6500   1620      0      0  13996    175      0      -      -      0   4136      0 
 20260917    08:32:16       0     46     56      -      1      2      0      0      0      0   6500   1620      0      0  13996    175      0      -      -      0   3965      0 
 20260917    08:32:17       0     46     56      -      1      3      0      0      0      0   6500   1620      0      0  13996    175      0      -      -      0   4151      0 
 20260917    08:32:18       0     47     56      -      1      2      0      0      0      0   6500   1620      0      0  13996    175      0      -      -      0   4151      0 
 20260917    08:32:19       0     46     56      -      1      3      0      0      0      0   6500   1620      0      0  13996    175      0      -      -      0   4152      1 
 20260917    08:32:20       0     47     56      -      1      2      0      0      0      0   6500   1620      0      0  13996    175      0      -      -      0   4153      1 
 20260917    08:32:21       0     46     56      -      1      2      0      0      0      0   6500   1620      0      0  13996    175      0      -      -      0   4168      1 
 20260917    08:32:22       0     67     57      -    100      9      0      0      0      0   6500   1905      0      0  13996    175      0      -      -      0  12904   1497 
 20260917    08:32:24       0     65     57      -    100      6      0      0      0      0   6500   1905      0      0  13996    175      0      -      -      0  12957   1495 
 20260917    08:32:25       0     67     57      -    100      6      0      0      0      0   6500   1905      0      0  13996    175      0      -      -      0  12928   1494 
 20260917    08:32:26       0     65     57      -    100      6      0      0      0      0   6500   1905      0      0  13996    175      0      -      -      0  12926   1375 
 20260917    08:32:27       0     67     57      -    100      9      0      0      0      0   6500   1905      0      0  13996    175      0      -      -      0  12887   1088 
 20260917    08:32:28       0     65     57      -    100      6      0      0      0      0   6500   1905      0      0  13996    175      0      -      -      0  12935    565 
 20260917    08:32:29       0     60     57      -      2      3      0      0      0      0   6500   1905      0      0  13996    175      0      -      -      0   3367      0 
 20260917    08:32:30       0     46     56      -      1      2      0      0      0      0   6500   1620      0      0  13996    175      0      -      -      0   4128      0 
 20260917    08:32:31       0     47     56      -      2      3      0      0      0      0   6500   1620      0      0  13996    175      0      -      -      0   3947      0 
 20260917    08:32:32       0     46     56      -      1      3      0      0      0      0   6500   1620      0      0  13996    175      0      -      -      0   4166      0 
 20260917    08:32:33       0     46     56      -      1      2      0      0      0      0   6500   1620      0      0  13996    175      0      -      -      0   4126      0 
 20260917    08:32:34       0     46     56      -      1      2      0      0      0      0   6500   1620      0      0  13996    175      0      -      -      0   4130      1 
 20260917    08:32:35       0     47     56      -      2      3      0      0      0      0   6500   1620      0      0  13996    175      0      -      -      0   3920      0 
 20260917    08:32:36       0     46     56      -      4      4      0      0      0      0   6500   1620      0      0  13996    175      0      -      -      0   4155      1 
 20260917    08:32:37       0     47     56      -      1      2      0      0      0      0   6500   1620      0      0  13996    175      0      -      -      0   4124      1 
 20260917    08:32:38       0     46     56      -      1      2      0      0      0      0   6500   1620      0      0  13996    175      0      -      -      0   4167      1 
 20260917    08:32:39       0     47     56      -      4      4      0      0      0      0   6500   1620      0      0  13996    175      0      -      -      0   4151      1 
 20260917    08:32:40       0     46     56      -      4      4      0      0      0      0   6500   1620      0      0  13996    175      0      -      -      0   4148      1 
#Date        Time         gpu    pwr  gtemp  mtemp     sm    mem    enc    dec    jpg    ofa   mclk   pclk  pviol  tviol     fb   bar1   ccpm  sbecc  dbecc    pci  rxpci  txpci 
#YYYYMMDD    HH:MM:SS     Idx      W      C      C      %      %      %      %      %      %    MHz    MHz      %   bool     MB     MB     MB   errs   errs   errs   MB/s   MB/s 
 20260917    08:32:41       0     47     56      -      1      2      0      0      0      0   6500   1620      0      0  13996    175      0      -      -      0   4129      0 
 20260917    08:32:43       0     47     56      -      4      5      0      0      0      0   6500   1620      0      0  13996    175      0      -      -      0   4127      1 
 20260917    08:32:44       0     46     56      -      4      4      0      0      0      0   6500   1620      0      0  13996    175      0      -      -      0   4151      0 
 20260917    08:32:45       0     47     56      -      4      4      0      0      0      0   6500   1620      0      0  13996    175      0      -      -      0   4096      0 
 20260917    08:32:46       0     46     56      -      4      4      0      0      0      0   6500   1620      0      0  13996    175      0      -      -      0   4126      0 
 20260917    08:32:47       0     46     56      -      4      4      0      0      0      0   6500   1620      0      0  13996    175      0      -      -      0   4156      1 
 20260917    08:32:48       0     49     56      -      3      3      0      0      0      0   6500   1620      0      0  13996    175      0      -      -      0   4154      0 
 20260917    08:32:49       0     50     56      -      1      2      0      0      0      0   6500   1620      0      0  13996    175      0      -      -      0   4135      0 
 20260917    08:32:50       0     49     56      -      4      4      0      0      0      0   6500   1620      0      0  13996    175      0      -      -      0   4157      1 
 20260917    08:32:51       0    119     59      -    100      0      0      0      0      0   6500   1905      0      0  13996    175      0      -      -      0      0      3 
 20260917    08:32:52       0    222     59      -    100      1      0      0      0      0   6500   1860      4      0  13996    175      0      -      -      0  12959   1502 
 20260917    08:32:53       0    116     59      -    100     44      0      0      0      0   6500   1905      4      0  13996    175      0      -      -      0      0      0 
 20260917    08:32:54       0    119     60      -    100      0      0      0      0      0   6500   1905      2      0  13996    175      0      -      -      0      0      0 
 20260917    08:32:55       0    149     64      -    100      0      0      0      0      0   6500   1695      4      0  13996    175      0      -      -      0     18      5 
 20260917    08:32:56       0     59     60      -    100     41      0      0      0      0   6500   1905      6      0  13996    175      0      -      -      0      0      0 
 20260917    08:32:57       0    118     61      -    100      5      0      0      0      0   6500   1905      4      0  13996    175      0      -      -      0      0      0 
 20260917    08:32:58       0    120     61      -    100      0      0      0      0      0   6500   1905      4      0  13996    175      0      -      -      0      0      0 
 20260917    08:32:59       0    111     61      -    100     41      0      0      0      0   6500   1875      8      0  13996    175      0      -      -      0  12963   1503 
 20260917    08:33:00       0    129     61      -    100     14      0      0      0      0   6500   1890     11      0  13996    175      0      -      -      0      0      0 
 20260917    08:33:02       0    117     62      -    100      0      0      0      0      0   6500   1890      4      0  13996    175      0      -      -      0      0      0 
 20260917    08:33:03       0    117     66      -    100     12      0      0      0      0   6500   1680      3      0  13996    175      0      -      -      0     20      5 
 20260917    08:33:04       0     81     62      -    100     39      0      0      0      0   6500   1890      8      0  13996    175      0      -      -      0      0      0 
 20260917    08:33:05       0    117     63      -    100      4      0      0      0      0   6500   1890      4      0  13996    175      0      -      -      0      0      0 
 20260917    08:33:06       0    120     63      -    100      0      0      0      0      0   6500   1890      4      0  13996    175      0      -      -      0      0      0 
 20260917    08:33:07       0    227     63      -    100      0      0      0      0      0   6500   1830      8      0  13996    175      0      -      -      0  12916   1496 
 20260917    08:33:08       0    108     63      -    100      5      0      0      0      0   6500   1890      4      0  13996    175      0      -      -      0      0      0 
 20260917    08:33:09       0    120     64      -    100      0      0      0      0      0   6500   1890      4      0  13996    175      0      -      -      0      0      0 
 20260917    08:33:10       0    120     65      -    100      0      0      0      0      0   6500   1890      4      0  13996    175      0      -      -      0     21      8 
 20260917    08:33:11       0     62     63      -    100     25      0      0      0      0   6500   1890      8      0  13996    175      0      -      -      0      0      0 
 20260917    08:33:12       0    118     64      -    100      3      0      0      0      0   6500   1890      4      0  13996    175      0      -      -      0      3      3 
 20260917    08:33:13       0    121     65      -    100      0      0      0      0      0   6500   1890      4      0  13996    175      0      -      -      0      1      1 
 20260917    08:33:14       0    212     66      -    100      0      0      0      0      0   6500   1740      8      0  13996    175      0      -      -      0  12962   1503 
 20260917    08:33:15       0    130     65      -    100     45      0      0      0      0   6500   1890      4      0  13996    175      0      -      -      0      0      0 
 20260917    08:33:16       0    120     65      -    100      0      0      0      0      0   6500   1890      4      0  13996    175      0      -      -      0      0      0 
 20260917    08:33:17       0    121     66      -    100      0      0      0      0      0   6500   1890      4      0  13996    175      0      -      -      0      4      8 
 20260917    08:33:18       0    113     65      -    100     38      0      0      0      0   6500   1890      8      0  13996    175      0      -      -      0  12933    873 
 20260917    08:33:19       0    136     66      -    100     17      0      0      0      0   6500   1890      9      0  13996    175      0      -      -      0      0      0 
 20260917    08:33:21       0    123     66      -    100      0      0      0      0      0   6500   1890      9      0  13996    175      0      -      -      0      0      0 
 20260917    08:33:22       0    124     69      -    100      4      0      0      0      0   6500   1575      7      0  13996    175      0      -      -      0      8      0 
 20260917    08:33:23       0    124     66      -    100      0      0      0      0      0   6500   1890      0      0  13996    175      0      -      -      0      0      0 
 20260917    08:33:24       0    123     66      -     66      3      0      0      0      0   6500   1890      4      0  13996    175      0      -      -      0      0      0 
 20260917    08:33:25       0    142     66      -     67      3      0      0      0      0   6500   1890      4      0  13996    175      0      -      -      0      0      0 
 20260917    08:33:26       0     64     65      -      1      2      0      0      0      0   6500   1890      4      0  13996    175      0      -      -      0   1106      0 
 20260917    08:33:27       0     65     65      -      1      2      0      0      0      0   6500   1890      4      0  13996    175      0      -      -      0   4126      1 
#Date        Time         gpu    pwr  gtemp  mtemp     sm    mem    enc    dec    jpg    ofa   mclk   pclk  pviol  tviol     fb   bar1   ccpm  sbecc  dbecc    pci  rxpci  txpci 
#YYYYMMDD    HH:MM:SS     Idx      W      C      C      %      %      %      %      %      %    MHz    MHz      %   bool     MB     MB     MB   errs   errs   errs   MB/s   MB/s 
 20260917    08:33:28       0     59     65      -     80     45      0      0      0      0   6500   1890      4      0  13996    175      0      -      -      0   4128      0 
 20260917    08:33:29       0    244     66      -     86     42      0      0      0      0   6500   1830      6      0  13996    175      0      -      -      0   1606      0 
 20260917    08:33:30       0    125     67      -    100      0      0      0      0      0   6500   1890      0      0  13996    175      0      -      -      0     13     10 
 20260917    08:33:31       0    125     67      -    100      0      0      0      0      0   6500   1890      4      0  13996    175      0      -      -      0      1      0 
 20260917    08:33:32       0    124     67      -     42      4      0      0      0      0   6500   1890      4      0  13996    175      0      -      -      0      0      3 
 20260917    08:33:33       0    100     67      -     31      4      0      0      0      0   6500   1890      4      0  13996    175      0      -      -      0      0      0 
 20260917    08:33:34       0     64     66      -      1      2      0      0      0      0   6500   1890      4      0  13996    175      0      -      -      0   4151      0 
 20260917    08:33:35       0     66     66      -     17     16      0      0      0      0   6500   1890      4      0  13996    175      0      -      -      0   4140      1 
 20260917    08:33:36       0    206     66      -    100     20      0      0      0      0   6500   1875      3      0  13996    175      0      -      -      0   3885      0 
 20260917    08:33:37       0    126     71      -    100      9      0      0      0      0   6500   1710      0      0  13996    175      0      -      -      0     28      3 
 20260917    08:33:38       0    125     68      -    100      0      0      0      0      0   6500   1890      4      0  13996    175      0      -      -      0      0      0 
 20260917    08:33:39       0    125     68      -     75      3      0      0      0      0   6500   1890      4      0  13996    175      0      -      -      0      0      0 
 20260917    08:33:41       0     88     67      -      1      2      0      0      0      0   6500   1890      4      0  13996    175      0      -      -      0      0      0 
 20260917    08:33:42       0     66     66      -      1      2      0      0      0      0   6500   1890      4      0  13996    175      0      -      -      0   4163      0 
 20260917    08:33:43       0     65     66      -      1      2      0      0      0      0   6500   1890      4      0  13996    175      0      -      -      0   4150      0 
 20260917    08:33:44       0     61     67      -     78     45      0      0      0      0   6500   1875      4      0  13996    175      0      -      -      0   4057      1 
 20260917    08:33:45       0    125     71      -    100      0      0      0      0      0   6500   1620      0      0  13996    175      0      -      -      0     13      2 
 20260917    08:33:46       0    126     68      -    100      0      0      0      0      0   6500   1890      4      0  13996    175      0      -      -      0      0      0 
 20260917    08:33:47       0    125     68      -    100      0      0      0      0      0   6500   1890      4      0  13996    175      0      -      -      0      0      0 
 20260917    08:33:48       0    111     68      -     39      4      0      0      0      0   6500   1890      4      0  13996    175      0      -      -      0      0      0 
 20260917    08:33:49       0     66     66      -      1      2      0      0      0      0   6500   1890      4      0  13996    175      0      -      -      0   2889      3 
 20260917    08:33:50       0     64     67      -     12     12      0      0      0      0   6500   1890      4      0  13996    175      0      -      -      0   4151      0 
 20260917    08:33:51       0     64     67      -     17     17      0      0      0      0   6500   1890      4      0  13996    175      0      -      -      0   4155      1 
 20260917    08:33:52       0    217     68      -    100     33      0      0      0      0   6500   1770      4      0  13996    175      0      -      -      0   2128      0 
 20260917    08:33:53       0    126     68      -    100      0      0      0      0      0   6500   1890      0      0  13996    175      0      -      -      0      0      1 
 20260917    08:33:54       0    125     68      -     97      3      0      0      0      0   6500   1890      6      0  13996    175      0      -      -      0      7      0 
 20260917    08:33:55       0    105     67      -      1      2      0      0      0      0   6500   1815      4      0  13996    175      0      -      -      0      1      0 
 20260917    08:33:56       0     61     68      -      1      2      0      0      0      0   6500   1845      4      0  13996    175      0      -      -      0      0      0 
 20260917    08:33:57       0     66     67      -      1      2      0      0      0      0   6500   1890      4      0  13996    175      0      -      -      0   4134      0 
 20260917    08:33:58       0     64     67      -     47     40      0      0      0      0   6500   1890      4      0  13996    175      0      -      -      0   4148      1 
 20260917    08:33:59       0    102     68      -    100      0      0      0      0      0   6500   1860      4      0  13996    175      0      -      -      0   3983      0 
 20260917    08:34:01       0    126     69      -    100      0      0      0      0      0   6500   1890      0      0  13996    175      0      -      -      0     19      9 
 20260917    08:34:02       0    127     69      -    100      0      0      0      0      0   6500   1890      4      0  13996    175      0      -      -      0      0      0 
 20260917    08:34:03       0    126     69      -     62      3      0      0      0      0   6500   1890      4      0  13996    175      0      -      -      0      0      0 
 20260917    08:34:04       0     65     68      -      1      2      0      0      0      0   6500   1890      4      0  13996    175      0      -      -      0      0      0 
 20260917    08:34:05       0     65     67      -      1      2      0      0      0      0   6500   1890      4      0  13996    175      0      -      -      0   4129      0 
 20260917    08:34:06       0     63     67      -      3      4      0      0      0      0   6500   1890      4      0  13996    175      0      -      -      0   4128      1 
 20260917    08:34:07       0    155     68      -    100     28      0      0      0      0   6500   1875      4      0  13996    175      0      -      -      0   4148      0 
 20260917    08:34:08       0    126     72      -    100      0      0      0      0      0   6500   1695      0      0  13996    175      0      -      -      0     24      3 
 20260917    08:34:09       0    126     69      -    100      0      0      0      0      0   6500   1890      4      0  13996    175      0      -      -      0      0      0 
 20260917    08:34:10       0    126     69      -     96      3      0      0      0      0   6500   1890      4      0  13996    175      0      -      -      0      0      0 
 20260917    08:34:11       0     92     68      -      1      2      0      0      0      0   6500   1815      4      0  13996    175      0      -      -      0      0      0 
 20260917    08:34:12       0     65     67      -      1      2      0      0      0      0   6500   1890      4      0  13996    175      0      -      -      0   4160      0 
 20260917    08:34:13       0    124     69      -    100      5      0      0      0      0   6500   1890      4      0  13996    175      0      -      -      0     73    439 
#Date        Time         gpu    pwr  gtemp  mtemp     sm    mem    enc    dec    jpg    ofa   mclk   pclk  pviol  tviol     fb   bar1   ccpm  sbecc  dbecc    pci  rxpci  txpci 
#YYYYMMDD    HH:MM:SS     Idx      W      C      C      %      %      %      %      %      %    MHz    MHz      %   bool     MB     MB     MB   errs   errs   errs   MB/s   MB/s 
 20260917    08:34:14       0    127     72      -    100      1      0      0      0      0   6500   1890      2      0  13996    175      0      -      -      0     95   2087 
 20260917    08:34:15       0    124     69      -    100      4      0      0      0      0   6500   1890      4      0  13996    175      0      -      -      0      1      0 
 20260917    08:34:16       0    148     69      -    100      0      0      0      0      0   6500   1845      4      0  13996    175      0      -      -      0  12895   1495 
 20260917    08:34:17       0    124     69      -    100      1      0      0      0      0   6500   1890      0      0  13996    175      0      -      -      0      0      0 
 20260917    08:34:18       0    190     69      -    100     20      0      0      0      0   6500   1875      4      0  13996    175      0      -      -      0      0      0 
 20260917    08:34:20       0    125     70      -    100      1      0      0      0      0   6500   1890      2      0  13996    175      0      -      -      0      0      0 
 20260917    08:34:21       0    126     69      -    100     19      0      0      0      0   6500   1890      4      0  13996    175      0      -      -      0      1      0 
 20260917    08:34:22       0    126     70      -    100      1      0      0      0      0   6500   1890      2      0  13996    175      0      -      -      0     20     10 
 20260917    08:34:23       0    118     70      -    100      4      0      0      0      0   6500   1890      4      0  13996    175      0      -      -      0      0      0 
 20260917    08:34:24       0    185     70      -    100      1      0      0      0      0   6500   1725      2      0  13996    175      0      -      -      0  12917   1496 
 20260917    08:34:25       0    125     70      -    100      4      0      0      0      0   6500   1890      2      0  13996    175      0      -      -      0      1      0 
 20260917    08:34:26       0    159     69      -    100     17      0      0      0      0   6500   1875      4      0  13996    175      0      -      -      0  12941    492 
 20260917    08:34:27       0    126     70      -    100      0      0      0      0      0   6500   1890      0      0  13996    175      0      -      -      0      0      0 
 20260917    08:34:28       0     68     70      -    100     19      0      0      0      0   6500   1890      2      0  13996    175      0      -      -      0      0      0 
 20260917    08:34:29       0    128     70      -    100      1      0      0      0      0   6500   1890      2      0  13996    175      0      -      -      0      1      0 
 20260917    08:34:30       0    124     70      -    100      4      0      0      0      0   6500   1890      4      0  13996    175      0      -      -      0      0      0 
 20260917    08:34:31       0    197     74      -    100      1      0      0      0      0   6500   1620      2      0  13996    175      0      -      -      0  12878   1497 
 20260917    08:34:32       0    124     70      -    100      4      0      0      0      0   6500   1890      2      0  13996    175      0      -      -      0      0      0 
 20260917    08:34:33       0    166     70      -    100      1      0      0      0      0   6500   1860      4      0  13996    175      0      -      -      0  12955   1500 
 20260917    08:34:34       0    125     71      -    100      0      0      0      0      0   6500   1890      2      0  13996    175      0      -      -      0      3      0 
 20260917    08:34:35       0     84     70      -    100     17      0      0      0      0   6500   1875      4      0  13996    175      0      -      -      0      0      0 
 20260917    08:34:36       0    126     71      -    100      0      0      0      0      0   6500   1890      0      0  13996    175      0      -      -      0      1      0 
 20260917    08:34:37       0     65     70      -    100     20      0      0      0      0   6500   1890      6      0  13996    175      0      -      -      0      0      0 
 20260917    08:34:39       0    127     71      -    100      0      0      0      0      0   6500   1890      1      0  13996    175      0      -      -      0      9      8 
 20260917    08:34:40       0    125     71      -    100      1      0      0      0      0   6500   1890      2      0  13996    175      0      -      -      0      0      0 
 20260917    08:34:41       0    128     71      -    100      0      0      0      0      0   6500   1890      0      0  13996    175      0      -      -      0      1      0 
 20260917    08:34:42       0    128     70      -    100      0      0      0      0      0   6500   1890      2      0  13996    175      0      -      -      0      0      0 
 20260917    08:34:43       0    127     70      -     67      2      0      0      0      0   6500   1890      2      0  13996    175      0      -      -      0      4      0 
 20260917    08:34:44       0    128     70      -    100      0      0      0      0      0   6500   1890      2      0  13996    175      0      -      -      0      1      0 
 20260917    08:34:45       0    127     70      -    100      0      0      0      0      0   6500   1890      2      0  13996    175      0      -      -      0      1      0 
 20260917    08:34:46       0    127     70      -     76      2      0      0      0      0   6500   1890      2      0  13996    175      0      -      -      0      0      0 
 20260917    08:34:47       0    128     70      -     42      3      0      0      0      0   6500   1890      2      0  13996    175      0      -      -      0      7      0 
 20260917    08:34:48       0    126     70      -    100      0      0      0      0      0   6500   1890      2      0  13996    175      0      -      -      0      0      0 
 20260917    08:34:49       0    128     70      -     69      2      0      0      0      0   6500   1890      2      0  13996    175      0      -      -      0      2      1 
 20260917    08:34:50       0    126     70      -     25      3      0      0      0      0   6500   1890      2      0  13996    175      0      -      -      0      0      0 
 20260917    08:34:51       0    103     69      -      1      2      0      0      0      0   6500   1800      2      0  13996    175      0      -      -      0      0      0 
 20260917    08:34:52       0    119     70      -     47      3      0      0      0      0   6500   1890      2      0  13996    175      0      -      -      0      0      0 
 20260917    08:34:53       0    121     69      -      2      2      0      0      0      0   6500   1890      2      0  13996    175      0      -      -      0      1      0 
 20260917    08:34:54       0     66     69      -      1      2      0      0      0      0   6500   1890      2      0  13996    175      0      -      -      0      0      7 
 20260917    08:34:55       0     92     69      -      1      2      0      0      0      0   6500   1890      2      0  13996    175      0      -      -      0      1      0 
 20260917    08:34:56       0     67     69      -      1      2      0      0      0      0   6500   1890      0      0  13996    175      0      -      -      0      0      0 
 20260917    08:34:58       0     72     69      -      2      3      0      0      0      0   6500   1890      2      0  13996    175      0      -      -      0      1      0 
 20260917    08:34:59       0     66     68      -      2      3      0      0      0      0   6500   1890      0      0  13996    175      0      -      -      0      0      0 
 20260917    08:35:00       0     67     68      -      1      2      0      0      0      0   6500   1890      2      0  13996    175      0      -      -      0      2      0 
#Date        Time         gpu    pwr  gtemp  mtemp     sm    mem    enc    dec    jpg    ofa   mclk   pclk  pviol  tviol     fb   bar1   ccpm  sbecc  dbecc    pci  rxpci  txpci 
#YYYYMMDD    HH:MM:SS     Idx      W      C      C      %      %      %      %      %      %    MHz    MHz      %   bool     MB     MB     MB   errs   errs   errs   MB/s   MB/s 
 20260917    08:35:01       0     66     68      -      1      2      0      0      0      0   6500   1890      2      0  13996    175      0      -      -      0   1043      0 
 20260917    08:35:02       0     67     68      -      1      2      0      0      0      0   6500   1890      2      0  13996    175      0      -      -      0   2519      2 
 20260917    08:35:03       0     66     68      -      1      2      0      0      0      0   6500   1890      2      0  13996    175      0      -      -      0   2888      0 
 20260917    08:35:04       0     67     68      -      1      2      0      0      0      0   6500   1890      2      0  13996    175      0      -      -      0   3949      0 
 20260917    08:35:05       0     66     68      -      1      2      0      0      0      0   6500   1890      2      0  13996    175      0      -      -      0   4152      0 
 20260917    08:35:06       0     67     68      -      1      2      0      0      0      0   6500   1890      0      0  13996    175      0      -      -      0   4155      1 
 20260917    08:35:07       0     66     68      -      1      2      0      0      0      0   6500   1890      2      0  13996    175      0      -      -      0   3835      0 
 20260917    08:35:08       0     67     68      -     15     11      0      0      0      0   6500   1890      2      0  13996    175      0      -      -      0   4128      1 
 20260917    08:35:09       0     66     68      -      1      2      0      0      0      0   6500   1890      2      0  13996    175      0      -      -      0   4152      0 
 20260917    08:35:10       0     67     68      -      1      2      0      0      0      0   6500   1890      0      0  13996    175      0      -      -      0   4150      1 
 20260917    08:35:11       0     65     68      -     17     13      0      0      0      0   6500   1890      0      0  13996    175      0      -      -      0   4163      1 
 20260917    08:35:12       0     67     68      -     48     18      0      0      0      0   6500   1890      2      0  13996    175      0      -      -      0   4113      0 
 20260917    08:35:13       0     65     68      -      1      2      0      0      0      0   6500   1890      2      0  13996    175      0      -      -      0   4141      0 
 20260917    08:35:14       0     66     68      -     12      9      0      0      0      0   6500   1890      2      0  13996    175      0      -      -      0   4164      5 
 20260917    08:35:15       0     65     68      -     39     17      0      0      0      0   6500   1890      2      0  13996    175      0      -      -      0   4146      0 
 20260917    08:35:17       0     60     68      -     79     19      0      0      0      0   6500   1890      2      0  13996    175      0      -      -      0   4154      0 
 20260917    08:35:18       0     63     68      -     26     18      0      0      0      0   6500   1890      2      0  13996    175      0      -      -      0   4152      0 
 20260917    08:35:19       0    187     68      -     69     18      0      0      0      0   6500   1875      2      0  13996    175      0      -      -      0   4151      1 
 20260917    08:35:20       0    149     68      -    100     12      0      0      0      0   6500   1875      2      0  13996    175      0      -      -      0   4148      1 
 20260917    08:35:21       0    196     68      -    100      1      0      0      0      0   6500   1845      2      0  13996    175      0      -      -      0   3350      1 
 20260917    08:35:22       0    199     68      -     87     17      0      0      0      0   6500   1830      2      0  13996    175      0      -      -      0   2062      0 
 20260917    08:35:23       0    127     69      -    100      1      0      0      0      0   6500   1785      2      0  13996    175      0      -      -      0   2823      0 
 20260917    08:35:24       0    127     72      -    100      1      0      0      0      0   6500   1620      0      0  13996    175      0      -      -      0  11016  13683 
 20260917    08:35:25       0     68     67      -    100      7      0      0      0      0   6500   1890      1      0  13996    175      0      -      -      0   9409   1955 
 20260917    08:35:26       0     71     67      -    100      6      0      0      0      0   6500   1890      0      0  13996    175      0      -      -      0   9425   1500 
 20260917    08:35:27       0     67     67      -    100      6      0      0      0      0   6500   1890      0      0  13996    175      0      -      -      0  12936   1495 
 20260917    08:35:28       0     67     67      -    100      9      0      0      0      0   6500   1890      0      0  13996    175      0      -      -      0  12897   1496 
 20260917    08:35:29       0     72     67      -    100      6      0      0      0      0   6500   1890      0      0  13996    175      0      -      -      0  12932   1495 
 20260917    08:35:30       0     70     66      -      3      4      0      0      0      0   6500   1890      0      0  13996    175      0      -      -      0   4137      0 
 20260917    08:35:31       0     65     66      -      1      2      0      0      0      0   6500   1890      0      0  13996    175      0      -      -      0   3115      0 
 20260917    08:35:32       0     50     65      -      2      3      0      0      0      0   6500   1620      0      0  13996    175      0      -      -      0   1400      0 
 20260917    08:35:33       0     50     65      -      1      2      0      0      0      0   6500   1620      0      0  13996    175      0      -      -      0   2659      3 
 20260917    08:35:34       0     50     64      -      1      2      0      0      0      0   6500   1620      0      0  13996    175      0      -      -      0   4154      0 
 20260917    08:35:35       0     50     64      -      1      2      0      0      0      0   6500   1620      0      0  13996    175      0      -      -      0   4045      1 
 20260917    08:35:37       0     49     64      -      1      3      0      0      0      0   6500   1620      0      0  13996    175      0      -      -      0   3918      1 
 20260917    08:35:38       0     50     64      -      1      2      0      0      0      0   6500   1620      0      0  13996    175      0      -      -      0   4156      1 
 20260917    08:35:39       0     50     64      -      1      2      0      0      0      0   6500   1620      0      0  13996    175      0      -      -      0   4162      1 
 20260917    08:35:40       0     50     63      -      2      3      0      0      0      0   6500   1620      0      0  13996    175      0      -      -      0   3990      1 
 20260917    08:35:41       0     49     63      -      1      2      0      0      0      0   6500   1620      0      0  13996    175      0      -      -      0   4156      1 
 20260917    08:35:42       0     49     63      -      1      2      0      0      0      0   6500   1620      0      0  13996    175      0      -      -      0   4149      1 
 20260917    08:35:43       0     49     63      -      1      2      0      0      0      0   6500   1620      0      0  13996    175      0      -      -      0   4153      1 
 20260917    08:35:44       0     50     62      -      2      3      0      0      0      0   6500   1620      0      0  13996    175      0      -      -      0   3966      1 
 20260917    08:35:45       0     49     62      -      2      3      0      0      0      0   6500   1620      0      0  13996    175      0      -      -      0   4158      1 
 20260917    08:35:46       0     49     62      -      1      2      0      0      0      0   6500   1620      0      0  13996    175      0      -      -      0   4166      1 
#Date        Time         gpu    pwr  gtemp  mtemp     sm    mem    enc    dec    jpg    ofa   mclk   pclk  pviol  tviol     fb   bar1   ccpm  sbecc  dbecc    pci  rxpci  txpci 
#YYYYMMDD    HH:MM:SS     Idx      W      C      C      %      %      %      %      %      %    MHz    MHz      %   bool     MB     MB     MB   errs   errs   errs   MB/s   MB/s 
 20260917    08:35:47       0     49     62      -      2      3      0      0      0      0   6500   1620      0      0  13996    175      0      -      -      0   4137      1 
 20260917    08:35:48       0     49     62      -      1      2      0      0      0      0   6500   1620      0      0  13996    175      0      -      -      0   4155      0 
 20260917    08:35:49       0     49     61      -      1      3      0      0      0      0   6500   1620      0      0  13996    175      0      -      -      0   4154      1 
 20260917    08:35:50       0     49     61      -      1      2      0      0      0      0   6500   1620      0      0  13996    175      0      -      -      0   4162      1 
 20260917    08:35:51       0     49     61      -      3      4      0      0      0      0   6500   1620      0      0  13996    175      0      -      -      0   4154      1 
 20260917    08:35:52       0     62     62      -    100      7      0      0      0      0   6500   1890      0      0  13996    175      0      -      -      0  12941   1501 
 20260917    08:35:54       0     68     62      -    100      6      0      0      0      0   6500   1890      0      0  13996    175      0      -      -      0  12946   1501 
 20260917    08:35:55       0     68     62      -    100      6      0      0      0      0   6500   1890      0      0  13996    175      0      -      -      0  12940   1501 
 20260917    08:35:56       0     68     62      -    100      6      0      0      0      0   6500   1890      0      0  13996    175      0      -      -      0  12942   1128 
 20260917    08:35:57       0     68     62      -    100      9      0      0      0      0   6500   1890      0      0  13996    175      0      -      -      0  11026   1333 
 20260917    08:35:58       0     68     62      -    100      8      0      0      0      0   6500   1890      0      0  13996    175      0      -      -      0    790      0 
 20260917    08:35:59       0     62     61      -      2      3      0      0      0      0   6500   1890      0      0  13996    175      0      -      -      0   3058      1 
 20260917    08:36:00       0     49     61      -      1      2      0      0      0      0   6500   1620      0      0  13996    175      0      -      -      0   4116      1 
 20260917    08:36:01       0     48     60      -      2      3      0      0      0      0   6500   1620      0      0  13996    175      0      -      -      0   4155      1 
 20260917    08:36:02       0     48     60      -      1      2      0      0      0      0   6500   1620      0      0  13996    175      0      -      -      0   4106      1 
 20260917    08:36:03       0     48     60      -      1      3      0      0      0      0   6500   1620      0      0  13996    175      0      -      -      0   3480      1 
 20260917    08:36:04       0     48     60      -      1      2      0      0      0      0   6500   1620      0      0  13996    175      0      -      -      0   2808      1 
 20260917    08:36:05       0     48     60      -      2      3      0      0      0      0   6500   1620      0      0  13996    175      0      -      -      0   3672      1 
 20260917    08:36:06       0     48     60      -      1      2      0      0      0      0   6500   1620      0      0  13996    175      0      -      -      0   4076      1 
 20260917    08:36:07       0     48     59      -      1      2      0      0      0      0   6500   1620      0      0  13996    175      0      -      -      0   3501      1 
 20260917    08:36:08       0     48     59      -      1      2      0      0      0      0   6500   1620      0      0  13996    175      0      -      -      0   4155      1 
 20260917    08:36:10       0     48     59      -      1      2      0      0      0      0   6500   1620      0      0  13996    175      0      -      -      0   4157      1 
 20260917    08:36:11       0     48     59      -      1      2      0      0      0      0   6500   1620      0      0  13996    175      0      -      -      0   4145      5 
 20260917    08:36:12       0     48     59      -      1      2      0      0      0      0   6500   1620      0      0  13996    175      0      -      -      0   4162      1 
 20260917    08:36:13       0     47     59      -      2      3      0      0      0      0   6500   1620      0      0  13996    175      0      -      -      0   3761      1 
 20260917    08:36:14       0     48     59      -      1      2      0      0      0      0   6500   1620      0      0  13996    175      0      -      -      0   3521      1 
 20260917    08:36:15       0     48     59      -      2      3      0      0      0      0   6500   1620      0      0  13996    175      0      -      -      0   3282      1 
 20260917    08:36:16       0     48     58      -      1      2      0      0      0      0   6500   1620      0      0  13996    175      0      -      -      0   4057      1 
 20260917    08:36:17       0     48     58      -      1      2      0      0      0      0   6500   1620      0      0  13996    175      0      -      -      0   4174      1 
 20260917    08:36:18       0     48     58      -      1      2      0      0      0      0   6500   1620      0      0  13996    175      0      -      -      0   4140      1 
 20260917    08:36:19       0     47     58      -      4      4      0      0      0      0   6500   1620      0      0  13996    175      0      -      -      0   4146      1 
 20260917    08:36:20       0     48     58      -      3      4      0      0      0      0   6500   1620      0      0  13996    175      0      -      -      0   4168      1 
 20260917    08:36:21       0     67     59      -    100      6      0      0      0      0   6500   1905      0      0  13996    175      0      -      -      0  12929   1210 
 20260917    08:36:22       0     66     59      -    100      9      0      0      0      0   6500   1905      0      0  13996    175      0      -      -      0  12886   1093 
 20260917    08:36:23       0     66     59      -    100      6      0      0      0      0   6500   1905      0      0  13996    175      0      -      -      0   9446   1499 
 20260917    08:36:24       0     61     59      -    100      6      0      0      0      0   6500   1905      0      0  13996    175      0      -      -      0  12962   1505 
 20260917    08:36:25       0     66     59      -    100      6      0      0      0      0   6500   1905      0      0  13996    175      0      -      -      0  12964   1500 
 20260917    08:36:26       0     60     59      -      2      3      0      0      0      0   6500   1905      0      0  13996    175      0      -      -      0   4034      1 
 20260917    08:36:28       0     60     59      -      1      2      0      0      0      0   6500   1905      0      0  13996    175      0      -      -      0   3930      0 
 20260917    08:36:29       0     47     58      -      2      3      0      0      0      0   6500   1620      0      0  13996    175      0      -      -      0   3813      5 
 20260917    08:36:30       0     48     58      -      1      2      0      0      0      0   6500   1620      0      0  13996    175      0      -      -      0   4137      1 
 20260917    08:36:31       0     47     58      -      1      3      0      0      0      0   6500   1620      0      0  13996    175      0      -      -      0   3185      1 
 20260917    08:36:32       0     47     58      -      1      2      0      0      0      0   6500   1620      0      0  13996    175      0      -      -      0   3929      1 
 20260917    08:36:33       0     47     57      -      1      3      0      0      0      0   6500   1620      0      0  13996    175      0      -      -      0   3950      1 
#Date        Time         gpu    pwr  gtemp  mtemp     sm    mem    enc    dec    jpg    ofa   mclk   pclk  pviol  tviol     fb   bar1   ccpm  sbecc  dbecc    pci  rxpci  txpci 
#YYYYMMDD    HH:MM:SS     Idx      W      C      C      %      %      %      %      %      %    MHz    MHz      %   bool     MB     MB     MB   errs   errs   errs   MB/s   MB/s 
 20260917    08:36:34       0     47     57      -      1      2      0      0      0      0   6500   1620      0      0  13996    175      0      -      -      0   4161      1 
 20260917    08:36:35       0     47     57      -      1      2      0      0      0      0   6500   1620      0      0  13996    175      0      -      -      0   4131      1 
 20260917    08:36:36       0     47     57      -      2      3      0      0      0      0   6500   1620      0      0  13996    175      0      -      -      0   4102      1 
 20260917    08:36:37       0     47     57      -      1      2      0      0      0      0   6500   1620      0      0  13996    175      0      -      -      0   4159      1 
 20260917    08:36:38       0     47     57      -      1      2      0      0      0      0   6500   1620      0      0  13996    175      0      -      -      0   4156      1 
 20260917    08:36:39       0     47     57      -      1      2      0      0      0      0   6500   1620      0      0  13996    175      0      -      -      0   4144      1 
 20260917    08:36:40       0     47     57      -      1      2      0      0      0      0   6500   1620      0      0  13996    175      0      -      -      0   3936      1 
 20260917    08:36:41       0     47     57      -      4      4      0      0      0      0   6500   1620      0      0  13996    175      0      -      -      0   4139      1 
 20260917    08:36:42       0     47     57      -      1      2      0      0      0      0   6500   1620      0      0  13996    175      0      -      -      0   4141      1 
 20260917    08:36:44       0     47     57      -      3      4      0      0      0      0   6500   1620      0      0  13996    175      0      -      -      0   4146      1 
 20260917    08:36:45       0     46     57      -      4      4      0      0      0      0   6500   1620      0      0  13996    175      0      -      -      0   4148      1 
 20260917    08:36:46       0     47     57      -      4      5      0      0      0      0   6500   1620      0      0  13996    175      0      -      -      0   4186      3 
 20260917    08:36:47       0     46     57      -      4      4      0      0      0      0   6500   1620      0      0  13996    175      0      -      -      0   4218      6 
 20260917    08:36:48       0     46     56      -      4      4      0      0      0      0   6500   1620      0      0  13996    175      0      -      -      0   4152      1 
 20260917    08:36:49       0     47     57      -      9      9      0      0      0      0   6500   1620      0      0  13996    175      0      -      -      0  13062   1510 
 20260917    08:36:50       0     66     57      -    100      9      0      0      0      0   6500   1905      0      0  13996    175      0      -      -      0  12934   1515 
 20260917    08:36:51       0     61     57      -    100      6      0      0      0      0   6500   1905      0      0  13996    175      0      -      -      0  12925   1520 
 20260917    08:36:52       0     66     57      -    100      6      0      0      0      0   6500   1905      0      0  13996    175      0      -      -      0  12929   1517 
 20260917    08:36:53       0     64     57      -    100      8      0      0      0      0   6500   1905      0      0  13996    175      0      -      -      0  12945   1512 
 20260917    08:36:54       0     66     57      -    100      6      0      0      0      0   6500   1905      0      0  13996    175      0      -      -      0  12885   1512 
 20260917    08:36:55       0     60     57      -      1      2      0      0      0      0   6500   1905      0      0  13996    175      0      -      -      0   3833      8 
 20260917    08:36:56       0     48     57      -      3      4      0      0      0      0   6500   1620      0      0  13996    175      0      -      -      0   4152     10 
 20260917    08:36:57       0     46     57      -      4      5      0      0      0      0   6500   1620      0      0  13996    175      0      -      -      0   4003     14 
 20260917    08:36:58       0     47     56      -      4      5      0      0      0      0   6500   1620      0      0  13996    175      0      -      -      0   4161     13 
 20260917    08:36:59       0     46     56      -      4      4      0      0      0      0   6500   1620      0      0  13996    175      0      -      -      0   4152     14 
 20260917    08:37:00       0     46     56      -      4      4      0      0      0      0   6500   1620      0      0  13996    175      0      -      -      0   4138     11 
 20260917    08:37:01       0     50     56      -      1      2      0      0      0      0   6500   1620      0      0  13996    175      0      -      -      0   3931     14 
 20260917    08:37:03       0     50     56      -      4      4      0      0      0      0   6500   1620      0      0  13996    175      0      -      -      0   4157     13 
 20260917    08:37:04       0     49     56      -      4      4      0      0      0      0   6500   1620      0      0  13996    175      0      -      -      0   4312      8 
 20260917    08:37:05       0     49     56      -      2      3      0      0      0      0   6500   1620      0      0  13996    175      0      -      -      0   4172      8 
 20260917    08:37:06       0     49     56      -      3      4      0      0      0      0   6500   1620      0      0  13996    175      0      -      -      0   4244      8 
 20260917    08:37:07       0     50     56      -      4      5      0      0      0      0   6500   1620      0      0  13996    175      0      -      -      0   4096      7 
 20260917    08:37:08       0     50     56      -      1      2      0      0      0      0   6500   1620      0      0  13996    175      0      -      -      0   4102      5 
 20260917    08:37:09       0     46     56      -      2      3      0      0      0      0   6500   1620      0      0  13996    175      0      -      -      0   3033      5 
 20260917    08:37:10       0     50     56      -      4      5      0      0      0      0   6500   1620      0      0  13996    175      0      -      -      0   2782     10 
 20260917    08:37:11       0     47     56      -      1      2      0      0      0      0   6500   1620      0      0  13996    175      0      -      -      0   2530     11 
 20260917    08:37:12       0     47     56      -      1      3      0      0      0      0   6500   1620      0      0  13996    175      0      -      -      0   3899      4 
 20260917    08:37:13       0     47     56      -      1      2      0      0      0      0   6500   1620      0      0  13996    175      0      -      -      0   1624      4 
 20260917    08:37:14       0     46     56      -      1      2      0      0      0      0   6500   1620      0      0  13996    175      0      -      -      0   2371      5 
 20260917    08:37:15       0     46     56      -      1      2      0      0      0      0   6500   1620      0      0  13996    175      0      -      -      0   4185      4 
 20260917    08:37:16       0     47     56      -      1      2      0      0      0      0   6500   1620      0      0  13996    175      0      -      -      0   4341      3 
 20260917    08:37:17       0     62     56      -    100     13      0      0      0      0   6500   1905      0      0  13996    175      0      -      -      0  12860   1493 
 20260917    08:37:18       0     65     57      -    100      6      0      0      0      0   6500   1905      0      0  13996    175      0      -      -      0  12876   1091 
 20260917    08:37:19       0     60     57      -    100      9      0      0      0      0   6500   1905      0      0  13996    175      0      -      -      0   9403   1495 
#Date        Time         gpu    pwr  gtemp  mtemp     sm    mem    enc    dec    jpg    ofa   mclk   pclk  pviol  tviol     fb   bar1   ccpm  sbecc  dbecc    pci  rxpci  txpci 
#YYYYMMDD    HH:MM:SS     Idx      W      C      C      %      %      %      %      %      %    MHz    MHz      %   bool     MB     MB     MB   errs   errs   errs   MB/s   MB/s 
 20260917    08:37:20       0     65     57      -    100      6      0      0      0      0   6500   1905      0      0  13996    175      0      -      -      0  12924   1506 
 20260917    08:37:22       0     60     57      -    100      6      0      0      0      0   6500   1905      0      0  13996    175      0      -      -      0  12891   1495 
 20260917    08:37:23       0     64     57      -    100      6      0      0      0      0   6500   1905      0      0  13996    175      0      -      -      0   2829      0 
 20260917    08:37:24       0     60     57      -      2      3      0      0      0      0   6500   1905      0      0  13996    175      0      -      -      0   1552      0 
 20260917    08:37:25       0     47     56      -      1      2      0      0      0      0   6500   1620      0      0  13996    175      0      -      -      0   2219      3 
 20260917    08:37:26       0     47     56      -      2      3      0      0      0      0   6500   1620      0      0  13996    175      0      -      -      0   1844      0 
 20260917    08:37:27       0     46     56      -      1      2      0      0      0      0   6500   1620      0      0  13996    175      0      -      -      0   1606      0 
 20260917    08:37:28       0     46     56      -      1      2      0      0      0      0   6500   1620      0      0  13996    175      0      -      -      0   2214      3 
 20260917    08:37:29       0     47     56      -      1      2      0      0      0      0   6500   1620      0      0  13996    175      0      -      -      0   1466      0 
 20260917    08:37:30       0     47     56      -      2      3      0      0      0      0   6500   1620      0      0  13996    175      0      -      -      0   2630      3 
 20260917    08:37:31       0     46     56      -      1      2      0      0      0      0   6500   1620      0      0  13996    175      0      -      -      0   2591      3 
 20260917    08:37:32       0     47     56      -      2      3      0      0      0      0   6500   1620      0      0  13996    175      0      -      -      0   2959      1 
 20260917    08:37:33       0     46     56      -      1      2      0      0      0      0   6500   1620      0      0  13996    175      0      -      -      0   1812      0 
 20260917    08:37:34       0     47     56      -      1      2      0      0      0      0   6500   1620      0      0  13996    175      0      -      -      0   1926      2 
 20260917    08:37:35       0     46     55      -      1      2      0      0      0      0   6500   1620      0      0  13996    175      0      -      -      0   3858      1 
 20260917    08:37:36       0     46     55      -      1      2      0      0      0      0   6500   1620      0      0  13996    175      0      -      -      0   3915      0 
 20260917    08:37:38       0     46     56      -      2      3      0      0      0      0   6500   1620      0      0  13996    175      0      -      -      0   4137      0 
 20260917    08:37:39       0     46     56      -      1      2      0      0      0      0   6500   1620      0      0  13996    175      0      -      -      0   4004      0 
 20260917    08:37:40       0     50     56      -      2      3      0      0      0      0   6500   1620      0      0  13996    175      0      -      -      0   1394      0 
 20260917    08:37:41       0     46     55      -      1      2      0      0      0      0   6500   1620      0      0  13996    175      0      -      -      0   1700      1 
 20260917    08:37:42       0     46     55      -      1      2      0      0      0      0   6500   1620      0      0  13996    175      0      -      -      0   2405      1 
 20260917    08:37:43       0     46     55      -      1      2      0      0      0      0   6500   1620      0      0  13996    175      0      -      -      0   4241      4 
 20260917    08:37:44       0     46     55      -      1      2      0      0      0      0   6500   1620      0      0  13996    175      0      -      -      0   4154      1 
 20260917    08:37:45       0     47     55      -      1      2      0      0      0      0   6500   1620      0      0  13996    175      0      -      -      0   4143      1 
 20260917    08:37:46       0     63     56      -    100      6      0      0      0      0   6500   1905      0      0  13996    175      0      -      -      0  12871   1493 
 20260917    08:37:47       0     65     56      -    100      8      0      0      0      0   6500   1905      0      0  13996    175      0      -      -      0  12933   1500 
 20260917    08:37:48       0     65     56      -    100      6      0      0      0      0   6500   1905      0      0  13996    175      0      -      -      0  12929   1502 
 20260917    08:37:49       0     65     56      -    100      9      0      0      0      0   6500   1905      0      0  13996    175      0      -      -      0  12893   1090 
 20260917    08:37:50       0     65     56      -    100      6      0      0      0      0   6500   1905      0      0  13996    175      0      -      -      0   9533   1502 
 20260917    08:37:51       0     59     56      -      2      3      0      0      0      0   6500   1905      0      0  13996    175      0      -      -      0   3763      0 
 20260917    08:37:52       0     59     56      -      1      2      0      0      0      0   6500   1905      0      0  13996    175      0      -      -      0   2272      0 
 20260917    08:37:54       0     46     56      -      2      3      0      0      0      0   6500   1620      0      0  13996    175      0      -      -      0   1604      0 
 20260917    08:37:55       0     46     56      -      1      2      0      0      0      0   6500   1620      0      0  13996    175      0      -      -      0   2040      0 
 20260917    08:37:56       0     46     56      -      1      2      0      0      0      0   6500   1620      0      0  13996    175      0      -      -      0   1410      1 
 20260917    08:37:57       0     46     56      -      1      2      0      0      0      0   6500   1620      0      0  13996    175      0      -      -      0   3833      0 
 20260917    08:37:58       0     46     55      -      1      2      0      0      0      0   6500   1620      0      0  13996    175      0      -      -      0   1525      1 
 20260917    08:37:59       0     46     55      -      1      2      0      0      0      0   6500   1620      0      0  13996    175      0      -      -      0   2680      3 
 20260917    08:38:00       0     46     55      -      1      2      0      0      0      0   6500   1620      0      0  13996    175      0      -      -      0   1763      1 
 20260917    08:38:01       0     46     55      -      2      3      0      0      0      0   6500   1620      0      0  13996    175      0      -      -      0   2437      3 
 20260917    08:38:02       0     46     55      -      1      2      0      0      0      0   6500   1620      0      0  13996    175      0      -      -      0   2819      3 
 20260917    08:38:03       0     46     55      -      1      2      0      0      0      0   6500   1620      0      0  13996    175      0      -      -      0   1209      0 
 20260917    08:38:04       0     46     55      -      1      2      0      0      0      0   6500   1620      0      0  13996    175      0      -      -      0   2824      3 
 20260917    08:38:05       0     46     55      -      2      3      0      0      0      0   6500   1620      0      0  13996    175      0      -      -      0   2102      3 
 20260917    08:38:06       0     46     55      -      1      2      0      0      0      0   6500   1620      0      0  13996    175      0      -      -      0   2883      0 
#Date        Time         gpu    pwr  gtemp  mtemp     sm    mem    enc    dec    jpg    ofa   mclk   pclk  pviol  tviol     fb   bar1   ccpm  sbecc  dbecc    pci  rxpci  txpci 
#YYYYMMDD    HH:MM:SS     Idx      W      C      C      %      %      %      %      %      %    MHz    MHz      %   bool     MB     MB     MB   errs   errs   errs   MB/s   MB/s 
 20260917    08:38:07       0     46     55      -      1      2      0      0      0      0   6500   1620      0      0  13996    175      0      -      -      0   1424      0 
 20260917    08:38:08       0     46     55      -      1      2      0      0      0      0   6500   1620      0      0  13996    175      0      -      -      0   2108      1 
 20260917    08:38:10       0     46     55      -      1      2      0      0      0      0   6500   1620      0      0  13996    175      0      -      -      0   2059      3 
 20260917    08:38:11       0     46     55      -      1      2      0      0      0      0   6500   1620      0      0  13996    175      0      -      -      0   2311      3 
 20260917    08:38:12       0     46     55      -      1      2      0      0      0      0   6500   1620      0      0  13996    175      0      -      -      0   2281      3 
 20260917    08:38:13       0     46     55      -      1      2      0      0      0      0   6500   1620      0      0  13996    175      0      -      -      0   2304      3 
 20260917    08:38:14       0     65     56      -    100      6      0      0      0      0   6500   1905      0      0  13996    175      0      -      -      0  12921   1500 
 20260917    08:38:15       0     65     56      -    100      9      0      0      0      0   6500   1905      0      0  13996    175      0      -      -      0  13067   1506 
 20260917    08:38:16       0     59     56      -    100      9      0      0      0      0   6500   1905      0      0  13996    175      0      -      -      0  12972   1504 
 20260917    08:38:17       0     66     56      -    100      9      0      0      0      0   6500   1905      0      0  13996    175      0      -      -      0  12927   1513 
 20260917    08:38:18       0     64     56      -    100      6      0      0      0      0   6500   1905      0      0  13996    175      0      -      -      0  12895   1509 
 20260917    08:38:19       0     64     56      -    100      6      0      0      0      0   6500   1905      0      0  13996    175      0      -      -      0   4150      3 
 20260917    08:38:20       0     59     56      -      3      5      0      0      0      0   6500   1905      0      0  13996    175      0      -      -      0   4223      6 
 20260917    08:38:21       0     50     56      -      4      5      0      0      0      0   6500   1620      0      0  13996    175      0      -      -      0   4185      6 
 20260917    08:38:22       0     46     56      -      2      3      0      0      0      0   6500   1620      0      0  13996    175      0      -      -      0   2282     10 
 20260917    08:38:23       0     46     56      -      1      2      0      0      0      0   6500   1620      0      0  13996    175      0      -      -      0   4052     14 
 20260917    08:38:24       0     46     56      -      1      2      0      0      0      0   6500   1620      0      0  13996    175      0      -      -      0   3884     12 
 20260917    08:38:25       0     46     55      -      1      2      0      0      0      0   6500   1620      0      0  13996    175      0      -      -      0   1611      9 
 20260917    08:38:26       0     46     55      -      2      3      0      0      0      0   6500   1620      0      0  13996    175      0      -      -      0   2878     10 
 20260917    08:38:28       0     46     55      -      1      2      0      0      0      0   6500   1620      0      0  13996    175      0      -      -      0   3216     11 
 20260917    08:38:29       0     46     55      -      2      3      0      0      0      0   6500   1620      0      0  13996    175      0      -      -      0   3467     10 
 20260917    08:38:30       0     46     55      -      1      2      0      0      0      0   6500   1620      0      0  13996    175      0      -      -      0   2865      1 
 20260917    08:38:31       0     46     55      -      1      2      0      0      0      0   6500   1620      0      0  13996    175      0      -      -      0   3749      3 
 20260917    08:38:32       0     46     55      -      1      2      0      0      0      0   6500   1620      0      0  13996    175      0      -      -      0   4317      3 
 20260917    08:38:33       0     46     55      -      1      2      0      0      0      0   6500   1620      0      0  13996    175      0      -      -      0   4162      1 
 20260917    08:38:34       0     46     55      -      2      3      0      0      0      0   6500   1620      0      0  13996    175      0      -      -      0   4164      1 
 20260917    08:38:35       0     46     55      -      1      2      0      0      0      0   6500   1620      0      0  13996    175      0      -      -      0   4166      1 
 20260917    08:38:36       0     46     55      -      2      3      0      0      0      0   6500   1620      0      0  13996    175      0      -      -      0   4165      1 
 20260917    08:38:37       0     46     55      -      1      2      0      0      0      0   6500   1620      0      0  13996    175      0      -      -      0   4158      5 
 20260917    08:38:38       0     46     55      -      1      2      0      0      0      0   6500   1620      0      0  13996    175      0      -      -      0   4132      1 
 20260917    08:38:39       0     46     55      -      1      2      0      0      0      0   6500   1620      0      0  13996    175      0      -      -      0   4137      1 
 20260917    08:38:40       0     46     55      -      1      2      0      0      0      0   6500   1620      0      0  13996    175      0      -      -      0   4168      1 
 20260917    08:38:41       0     46     55      -      1      2      0      0      0      0   6500   1620      0      0  13996    175      0      -      -      0   4052      1 
 20260917    08:38:42       0    116     58      -    100      1      0      0      0      0   6500   1890      2      0  13996    175      0      -      -      0     26      8 
 20260917    08:38:43       0    164     61      -    100      2      0      0      0      0   6500   1650      8      0  13996    175      0      -      -      0  11639   1502 
 20260917    08:38:45       0    174     59      -    100      3      0      0      0      0   6500   1875      8      0  13996    175      0      -      -      0  12991   1503 
 20260917    08:38:46       0    169     58      -    100      3      0      0      0      0   6500   1905      8      0  13996    175      0      -      -      0  12510      3 
 20260917    08:38:47       0     59     60      -    100     40      0      0      0      0   6500   1905      8      0  13996    175      0      -      -      0      0      0 
 20260917    08:38:48       0     60     60      -    100     41      0      0      0      0   6500   1905      8      0  13996    175      0      -      -      0      1      0 
 20260917    08:38:49       0    130     60      -    100     42      0      0      0      0   6500   1905      8      0  13996    175      0      -      -      0      2      0 
 20260917    08:38:50       0    131     61      -    100      3      0      0      0      0   6500   1905      6      0  13996    175      0      -      -      0      2      0 
 20260917    08:38:51       0    117     61      -    100      3      0      0      0      0   6500   1905      8      0  13996    175      0      -      -      0     17      9 
 20260917    08:38:52       0    118     64      -    100      3      0      0      0      0   6500   1710      8      0  13996    175      0      -      -      0     18      5 
 20260917    08:38:53       0    220     63      -    100      3      0      0      0      0   6500   1785      7      0  13996    175      0      -      -      0  12967   1504 
#Date        Time         gpu    pwr  gtemp  mtemp     sm    mem    enc    dec    jpg    ofa   mclk   pclk  pviol  tviol     fb   bar1   ccpm  sbecc  dbecc    pci  rxpci  txpci 
#YYYYMMDD    HH:MM:SS     Idx      W      C      C      %      %      %      %      %      %    MHz    MHz      %   bool     MB     MB     MB   errs   errs   errs   MB/s   MB/s 
 20260917    08:38:54       0    112     61      -    100     42      0      0      0      0   6500   1875      8      0  13996    175      0      -      -      0  12904   1500 
 20260917    08:38:55       0    117     61      -    100     43      0      0      0      0   6500   1890      8      0  13996    175      0      -      -      0    713      0 
 20260917    08:38:56       0     82     62      -    100     42      0      0      0      0   6500   1890      8      0  13996    175      0      -      -      0      0      1 
 20260917    08:38:57       0     76     63      -    100      5      0      0      0      0   6500   1890      8      0  13996    175      0      -      -      0      1      1 
 20260917    08:38:58       0    135     63      -    100      5      0      0      0      0   6500   1890      8      0  13996    175      0      -      -      0      0      1 
 20260917    08:38:59       0    135     63      -    100      5      0      0      0      0   6500   1890      8      0  13996    175      0      -      -      0      1      1 
 20260917    08:39:00       0    117     63      -    100      5      0      0      0      0   6500   1890      8      0  13996    175      0      -      -      0      1      4 
 20260917    08:39:02       0    155     65      -     85      4      0      0      0      0   6500   1650      8      0  13996    175      0      -      -      0   2189      0 
 20260917    08:39:03       0     58     62      -     53     45      0      0      0      0   6500   1890      2      0  13996    175      0      -      -      0   4138      1 
 20260917    08:39:04       0     61     62      -      1      2      0      0      0      0   6500   1890      4      0  13996    175      0      -      -      0   4164      1 
 20260917    08:39:05       0     61     62      -      2      3      0      0      0      0   6500   1890      4      0  13996    175      0      -      -      0   3170      1 
 20260917    08:39:06       0     92     64      -     52      4      0      0      0      0   6500   1890      4      0  13996    175      0      -      -      0      1      0 
 20260917    08:39:07       0    118     64      -     94      3      0      0      0      0   6500   1890      4      0  13996    175      0      -      -      0     16     11 
 20260917    08:39:08       0    214     64      -    100     10      0      0      0      0   6500   1845      8      0  13996    175      0      -      -      0   4080      1 
 20260917    08:39:09       0     61     63      -     73     43      0      0      0      0   6500   1890      2      0  13996    175      0      -      -      0   4153      1 
 20260917    08:39:10       0     62     63      -      1      2      0      0      0      0   6500   1890      4      0  13996    175      0      -      -      0   4135      1 
 20260917    08:39:11       0     61     63      -      1      2      0      0      0      0   6500   1890      4      0  13996    175      0      -      -      0      7      0 
 20260917    08:39:12       0    119     64      -      1      2      0      0      0      0   6500   1890      4      0  13996    175      0      -      -      0      0      0 
 20260917    08:39:13       0    119     65      -    100      0      0      0      0      0   6500   1890      4      0  13996    175      0      -      -      0     31      7 
 20260917    08:39:14       0    193     64      -     99     46      0      0      0      0   6500   1875      8      0  13996    175      0      -      -      0   4153      1 
 20260917    08:39:15       0     62     63      -     44     40      0      0      0      0   6500   1890      4      0  13996    175      0      -      -      0   4158      1 
 20260917    08:39:16       0     62     63      -      1      2      0      0      0      0   6500   1890      4      0  13996    175      0      -      -      0   4020      1 
 20260917    08:39:17       0     60     65      -      2      3      0      0      0      0   6500   1875      4      0  13996    175      0      -      -      0      2      0 
 20260917    08:39:19       0    126     65      -     31      4      0      0      0      0   6500   1890      4      0  13996    175      0      -      -      0      6      0 
 20260917    08:39:20       0    199     68      -     89      3      0      0      0      0   6500   1650      8      0  13996    175      0      -      -      0   2853      1 
 20260917    08:39:21       0     61     64      -     38     35      0      0      0      0   6500   1890      4      0  13996    175      0      -      -      0   4150      1 
 20260917    08:39:22       0     62     64      -      1      2      0      0      0      0   6500   1890      4      0  13996    175      0      -      -      0   4138      1 
 20260917    08:39:23       0     62     64      -      1      2      0      0      0      0   6500   1890      4      0  13996    175      0      -      -      0   2698      2 
 20260917    08:39:24       0     92     65      -      1      4      0      0      0      0   6500   1890      4      0  13996    175      0      -      -      0      0      1 
 20260917    08:39:25       0    118     67      -    100      1      0      0      0      0   6500   1890      0      0  13996    175      0      -      -      0     31      7 
 20260917    08:39:26       0    260     66      -    100     12      0      0      0      0   6500   1860      4      0  13996    175      0      -      -      0   4150      1 
 20260917    08:39:27       0     62     65      -     73     43      0      0      0      0   6500   1890      4      0  13996    175      0      -      -      0   4159      1 
 20260917    08:39:28       0     64     65      -      1      2      0      0      0      0   6500   1890      0      0  13996    175      0      -      -      0   4039      1 
 20260917    08:39:29       0    114     66      -      2      3      0      0      0      0   6500   1890      4      0  13996    175      0      -      -      0      3      1 
 20260917    08:39:30       0    123     66      -    100      0      0      0      0      0   6500   1890      4      0  13996    175      0      -      -      0      9      9 
 20260917    08:39:31       0    221     66      -    100     27      0      0      0      0   6500   1845     16      0  13996    175      0      -      -      0   4090      1 
 20260917    08:39:33       0     62     65      -     75     44      0      0      0      0   6500   1890      4      0  13996    175      0      -      -      0   4139      1 
 20260917    08:39:34       0     64     65      -      1      2      0      0      0      0   6500   1890      3      0  13996    175      0      -      -      0   4155      1 
 20260917    08:39:35       0     64     65      -      1      2      0      0      0      0   6500   1890      4      0  13996    175      0      -      -      0      4      0 
 20260917    08:39:36       0    123     66      -      1      2      0      0      0      0   6500   1890      4      0  13996    175      0      -      -      0      0      0 
 20260917    08:39:37       0    125     70      -    100     21      0      0      0      0   6500   1575      7      0  13996    175      0      -      -      0    826      1 
 20260917    08:39:38       0     78     66      -     70     43      0      0      0      0   6500   1875      4      0  13996    175      0      -      -      0   4166      1 
 20260917    08:39:39       0    123     67      -    100     27      0      0      0      0   6500   1890      4      0  13996    175      0      -      -      0     97   1501 
 20260917    08:39:40       0    123     67      -    100     13      0      0      0      0   6500   1845      0      0  13996    175      0      -      -      0  12237   3983 
#Date        Time         gpu    pwr  gtemp  mtemp     sm    mem    enc    dec    jpg    ofa   mclk   pclk  pviol  tviol     fb   bar1   ccpm  sbecc  dbecc    pci  rxpci  txpci 
#YYYYMMDD    HH:MM:SS     Idx      W      C      C      %      %      %      %      %      %    MHz    MHz      %   bool     MB     MB     MB   errs   errs   errs   MB/s   MB/s 
 20260917    08:39:41       0    133     66      -    100      9      0      0      0      0   6500   1875      0      0  13996    175      0      -      -      0  12936    475 
 20260917    08:39:42       0     65     67      -    100     10      0      0      0      0   6500   1890      0      0  13996    175      0      -      -      0      0      0 
 20260917    08:39:43       0    116     67      -    100     11      0      0      0      0   6500   1890      0      0  13996    175      0      -      -      0      5      9 
 20260917    08:39:44       0    121     69      -    100     10      0      0      0      0   6500   1710      0      0  13996    175      0      -      -      0  12953   1496 
 20260917    08:39:45       0    153     67      -    100      9      0      0      0      0   6500   1875      0      0  13996    175      0      -      -      0  12965     81 
 20260917    08:39:46       0     91     67      -    100     10      0      0      0      0   6500   1890      0      0  13996    175      0      -      -      0      1      0 
 20260917    08:39:47       0    105     68      -    100     10      0      0      0      0   6500   1890      0      0  13996    175      0      -      -      0      5      7 
 20260917    08:39:48       0    189     68      -    100      4      0      0      0      0   6500   1800      0      0  13996    175      0      -      -      0  12944   1500 
 20260917    08:39:50       0    169     67      -    100      9      0      0      0      0   6500   1875      0      0  13996    175      0      -      -      0  12954    289 
 20260917    08:39:51       0     76     68      -    100     10      0      0      0      0   6500   1890      0      0  13996    175      0      -      -      0      0      1 
 20260917    08:39:52       0     65     67      -     19      3      0      0      0      0   6500   1890      0      0  13996    175      0      -      -      0      0      1 
 20260917    08:39:53       0     63     66      -     37      9      0      0      0      0   6500   1890      0      0  13996    175      0      -      -      0   4154      1 
 20260917    08:39:54       0     65     67      -      1      2      0      0      0      0   6500   1890      0      0  13996    175      0      -      -      0      1      1 
 20260917    08:39:55       0     61     66      -     90      9      0      0      0      0   6500   1890      0      0  13996    175      0      -      -      0   4156      1 
 20260917    08:39:56       0     65     66      -      2      3      0      0      0      0   6500   1890      0      0  13996    175      0      -      -      0      1      0 
 20260917    08:39:57       0     80     66      -     69      8      0      0      0      0   6500   1875      0      0  13996    175      0      -      -      0   4164      1 
 20260917    08:39:58       0     65     66      -      1      2      0      0      0      0   6500   1890      0      0  13996    175      0      -      -      0      2      0 
 20260917    08:39:59       0    128     66      -     26     10      0      0      0      0   6500   1890      0      0  13996    175      0      -      -      0   4155      1 
 20260917    08:40:00       0     65     66      -      1      2      0      0      0      0   6500   1890      0      0  13996    175      0      -      -      0   2357      1 
 20260917    08:40:01       0     61     66      -     82      4      0      0      0      0   6500   1875      0      0  13996    175      0      -      -      0   4095      1 
 20260917    08:40:02       0     65     66      -      1      2      0      0      0      0   6500   1890      0      0  13996    175      0      -      -      0   4136      4 
 20260917    08:40:03       0    154     67      -     88      8      0      0      0      0   6500   1875      0      0  13996    175      0      -      -      0   4002      1 
 20260917    08:40:04       0     65     66      -      2      3      0      0      0      0   6500   1890      0      0  13996    175      0      -      -      0   3873      1 
 20260917    08:40:06       0    184     67      -     30      2      0      0      0      0   6500   1845      0      0  13996    175      0      -      -      0   4164      1 
 20260917    08:40:07       0     64     66      -      1      2      0      0      0      0   6500   1890      0      0  13996    175      0      -      -      0   4156      1 
 20260917    08:40:08       0    124     67      -     56      2      0      0      0      0   6500   1830      0      0  13996    175      0      -      -      0   3755      1 
 20260917    08:40:09       0     64     66      -      1      2      0      0      0      0   6500   1890      0      0  13996    175      0      -      -      0   4154      1 
 20260917    08:40:10       0    125     70      -     82      4      0      0      0      0   6500   1680      0      0  13996    175      0      -      -      0   2923      0 
 20260917    08:40:11       0     64     66      -      1      3      0      0      0      0   6500   1890      0      0  13996    175      0      -      -      0   4046      1 
 20260917    08:40:12       0    184     69      -     27      2      0      0      0      0   6500   1785      0      0  13996    175      0      -      -      0   2605      0 
 20260917    08:40:13       0     64     66      -      1      2      0      0      0      0   6500   1890      0      0  13996    175      0      -      -      0   4143      1 
 20260917    08:40:14       0    124     70      -     53      2      0      0      0      0   6500   1890      0      0  13996    175      0      -      -      0   2778      1 
 20260917    08:40:15       0     64     65      -      1      2      0      0      0      0   6500   1890      0      0  13996    175      0      -      -      0   4161      1 
 20260917    08:40:16       0    130     67      -      1      2      0      0      0      0   6500   1890      0      0  13996    175      0      -      -      0   2368      1 
 20260917    08:40:17       0     64     65      -      1      2      0      0      0      0   6500   1890      0      0  13996    175      0      -      -      0   4138      1 
 20260917    08:40:18       0     97     67      -      8      3      0      0      0      0   6500   1890      0      0  13996    175      0      -      -      0      2     10 
 20260917    08:40:19       0     64     65      -     43     10      0      0      0      0   6500   1890      0      0  13996    175      0      -      -      0   4155      1 
 20260917    08:40:20       0     64     67      -     35      2      0      0      0      0   6500   1890      0      0  13996    175      0      -      -      0      1      0 
 20260917    08:40:21       0     70     66      -    100     17      0      0      0      0   6500   1890      0      0  13996    175      0      -      -      0  12819   1587 
 20260917    08:40:23       0     71     65      -    100      7      0      0      0      0   6500   1890      0      0  13996    175      0      -      -      0  12938   1144 
 20260917    08:40:24       0     70     65      -    100      6      0      0      0      0   6500   1890      0      0  13996    175      0      -      -      0  11353   1500 
 20260917    08:40:25       0     65     65      -    100      6      0      0      0      0   6500   1890      0      0  13996    175      0      -      -      0  12934   1500 
 20260917    08:40:26       0     68     65      -    100      6      0      0      0      0   6500   1890      0      0  13996    175      0      -      -      0  12937   1496 
 20260917    08:40:27       0     70     65      -    100      9      0      0      0      0   6500   1890      0      0  13996    175      0      -      -      0  12931   1502 
#Date        Time         gpu    pwr  gtemp  mtemp     sm    mem    enc    dec    jpg    ofa   mclk   pclk  pviol  tviol     fb   bar1   ccpm  sbecc  dbecc    pci  rxpci  txpci 
#YYYYMMDD    HH:MM:SS     Idx      W      C      C      %      %      %      %      %      %    MHz    MHz      %   bool     MB     MB     MB   errs   errs   errs   MB/s   MB/s 
 20260917    08:40:28       0     64     65      -      2      3      0      0      0      0   6500   1890      0      0  13996    175      0      -      -      0   4063      1 
 20260917    08:40:29       0     49     64      -      1      2      0      0      0      0   6500   1620      0      0  13996    175      0      -      -      0   4155      1 
 20260917    08:40:30       0     50     63      -      3      4      0      0      0      0   6500   1620      0      0  13996    175      0      -      -      0   4155      1 
 20260917    08:40:31       0     49     63      -      1      2      0      0      0      0   6500   1620      0      0  13996    175      0      -      -      0   4155      1 
 20260917    08:40:32       0     49     63      -      1      2      0      0      0      0   6500   1620      0      0  13996    175      0      -      -      0   4155      1 
 20260917    08:40:33       0     49     63      -      3      5      0      0      0      0   6500   1620      0      0  13996    175      0      -      -      0   4154      1 
 20260917    08:40:34       0     49     63      -      2      3      0      0      0      0   6500   1620      0      0  13996    175      0      -      -      0   3927      1 
 20260917    08:40:35       0     49     62      -      1      2      0      0      0      0   6500   1620      0      0  13996    175      0      -      -      0   4156      0 
 20260917    08:40:36       0     49     62      -      3      5      0      0      0      0   6500   1620      0      0  13996    175      0      -      -      0   4137      4 
 20260917    08:40:37       0     49     62      -      3      4      0      0      0      0   6500   1620      0      0  13996    175      0      -      -      0   4128      0 
 20260917    08:40:39       0     49     62      -      1      2      0      0      0      0   6500   1620      0      0  13996    175      0      -      -      0   4132      1 
 20260917    08:40:40       0     49     62      -      1      2      0      0      0      0   6500   1620      0      0  13996    175      0      -      -      0   4153      1 
 20260917    08:40:41       0     49     62      -      4      5      0      0      0      0   6500   1620      0      0  13996    175      0      -      -      0   4156      0 
 20260917    08:40:42       0     49     62      -      3      4      0      0      0      0   6500   1620      0      0  13996    175      0      -      -      0   4132      0 
 20260917    08:40:43       0     49     61      -      1      2      0      0      0      0   6500   1620      0      0  13996    175      0      -      -      0   4151      0 
 20260917    08:40:44       0     49     61      -      2      3      0      0      0      0   6500   1620      0      0  13996    175      0      -      -      0   4112      1 
 20260917    08:40:45       0     49     61      -      3      4      0      0      0      0   6500   1620      0      0  13996    175      0      -      -      0   4139      1 
 20260917    08:40:46       0     49     61      -      3      4      0      0      0      0   6500   1620      0      0  13996    175      0      -      -      0   4158      1 
 20260917    08:40:47       0     49     61      -      3      4      0      0      0      0   6500   1620      0      0  13996    175      0      -      -      0   4150      0 
 20260917    08:40:48       0     49     61      -      3      4      0      0      0      0   6500   1620      0      0  13996    175      0      -      -      0   4155      1 
 20260917    08:40:49       0     49     61      -      3      4      0      0      0      0   6500   1620      0      0  13996    175      0      -      -      0   4152      1 
 20260917    08:40:50       0     94     62      -    100     14      0      0      0      0   6500   1890      4      0  13996    175      0      -      -      0   3874      0 
 20260917    08:40:51       0    223     66      -    100     12      0      0      0      0   6500   1620      8      0  13996    175      0      -      -      0   9422   1502 
 20260917    08:40:52       0    118     64      -    100      3      0      0      0      0   6500   1890      4      0  13996    175      0      -      -      0      0      0 
 20260917    08:40:53       0    117     64      -    100     41      0      0      0      0   6500   1890      8      0  13996    175      0      -      -      0      1      0 
 20260917    08:40:54       0    127     63      -    100      4      0      0      0      0   6500   1890      8      0  13996    175      0      -      -      0  12888    456 
 20260917    08:40:55       0    203     68      -    100      2      0      0      0      0   6500   1590      5      0  13996    175      0      -      -      0     17      5 
 20260917    08:40:56       0    119     65      -    100      4      0      0      0      0   6500   1890      6      0  13996    175      0      -      -      0      0      8 
 20260917    08:40:58       0     62     65      -    100     47      0      0      0      0   6500   1890      8      0  13996    175      0      -      -      0      1      0 
 20260917    08:40:59       0    189     65      -    100      0      0      0      0      0   6500   1875      8      0  13996    175      0      -      -      0  12951   1499 
 20260917    08:41:00       0    120     67      -    100      0      0      0      0      0   6500   1860      5      0  13996    175      0      -      -      0     26      7 
 20260917    08:41:01       0    119     65      -    100      4      0      0      0      0   6500   1890      8      0  13996    175      0      -      -      0      0      0 
 20260917    08:41:02       0    117     66      -    100     43      0      0      0      0   6500   1890      8      0  13996    175      0      -      -      0      0      0 
 20260917    08:41:03       0    249     66      -    100      0      0      0      0      0   6500   1845      8      0  13996    175      0      -      -      0  12957   1504 
 20260917    08:41:04       0    120     66      -    100      0      0      0      0      0   6500   1890      4      0  13996    175      0      -      -      0      3      8 
 20260917    08:41:05       0    118     66      -    100      5      0      0      0      0   6500   1890      8      0  13996    175      0      -      -      0      0      0 
 20260917    08:41:06       0     87     67      -    100     42      0      0      0      0   6500   1890      8      0  13996    175      0      -      -      0      0      0 
 20260917    08:41:07       0    233     69      -    100      0      0      0      0      0   6500   1635      7      0  13996    175      0      -      -      0  12955   1502 
 20260917    08:41:08       0    120     67      -    100      0      0      0      0      0   6500   1890      4      0  13996    175      0      -      -      0      0      0 
 20260917    08:41:09       0    119     67      -    100      5      0      0      0      0   6500   1890      8      0  13996    175      0      -      -      0      0      0 
 20260917    08:41:10       0    113     66      -    100     42      0      0      0      0   6500   1890      9      0  13996    175      0      -      -      0  11651      2 
 20260917    08:41:11       0    224     70      -    100      0      0      0      0      0   6500   1515      5      0  13996    175      0      -      -      0     13    916 
 20260917    08:41:12       0    122     67      -    100      5      0      0      0      0   6500   1890      6      0  13996    175      0      -      -      0      1      0 
 20260917    08:41:13       0    125     67      -    100      0      0      0      0      0   6500   1890      4      0  13996    175      0      -      -      0      0      4 
#Date        Time         gpu    pwr  gtemp  mtemp     sm    mem    enc    dec    jpg    ofa   mclk   pclk  pviol  tviol     fb   bar1   ccpm  sbecc  dbecc    pci  rxpci  txpci 
#YYYYMMDD    HH:MM:SS     Idx      W      C      C      %      %      %      %      %      %    MHz    MHz      %   bool     MB     MB     MB   errs   errs   errs   MB/s   MB/s 
 20260917    08:41:14       0    125     69      -    100      0      0      0      0      0   6500   1875      4      0  13996    175      0      -      -      0     28      9 
 20260917    08:41:15       0    220     70      -    100      0      0      0      0      0   6500   1560      7      0  13996    175      0      -      -      0      6      0 
 20260917    08:41:17       0    238     67      -    100      0      0      0      0      0   6500   1845      4      0  13996    175      0      -      -      0   3862      8 
 20260917    08:41:18       0     76     67      -     75     44      0      0      0      0   6500   1875      4      0  13996    175      0      -      -      0   4089      1 
 20260917    08:41:19       0     70     66      -     73     42      0      0      0      0   6500   1890      4      0  13996    175      0      -      -      0   4139      1 
 20260917    08:41:20       0     65     66      -     75     40      0      0      0      0   6500   1890      4      0  13996    175      0      -      -      0   4151      0 
 20260917    08:41:21       0     64     66      -     74     38      0      0      0      0   6500   1890      4      0  13996    175      0      -      -      0   4147      1 
 20260917    08:41:22       0     66     66      -      1      2      0      0      0      0   6500   1890      4      0  13996    175      0      -      -      0   4151      0 
 20260917    08:41:23       0     64     66      -      1      2      0      0      0      0   6500   1890      4      0  13996    175      0      -      -      0   4155      0 
 20260917    08:41:24       0     65     66      -      1      2      0      0      0      0   6500   1890      4      0  13996    175      0      -      -      0   4151      0 
 20260917    08:41:25       0     64     66      -      1      2      0      0      0      0   6500   1890      4      0  13996    175      0      -      -      0   3950      1 
 20260917    08:41:26       0     66     66      -      2      3      0      0      0      0   6500   1890      4      0  13996    175      0      -      -      0   3836      0 
 20260917    08:41:27       0     65     66      -      1      3      0      0      0      0   6500   1890      4      0  13996    175      0      -      -      0   2656      2 
 20260917    08:41:28       0     66     67      -      1      2      0      0      0      0   6500   1890      4      0  13996    175      0      -      -      0      0      0 
 20260917    08:41:29       0     92     68      -      1      2      0      0      0      0   6500   1890      4      0  13996    175      0      -      -      0      0      0 
 20260917    08:41:30       0     85     68      -     36      4      0      0      0      0   6500   1890      4      0  13996    175      0      -      -      0      0      1 
 20260917    08:41:31       0    131     68      -     22      5      0      0      0      0   6500   1890      5      0  13996    175      0      -      -      0      1      0 
 20260917    08:41:32       0    135     68      -     24      4      0      0      0      0   6500   1890      4      0  13996    175      0      -      -      0      1      0 
 20260917    08:41:33       0    125     68      -     27      4      0      0      0      0   6500   1890      4      0  13996    175      0      -      -      0      0      0 
 20260917    08:41:34       0    125     68      -    100      0      0      0      0      0   6500   1890      4      0  13996    175      0      -      -      0      0      0 
 20260917    08:41:35       0    126     68      -    100      0      0      0      0      0   6500   1890      4      0  13996    175      0      -      -      0      0      3 
 20260917    08:41:37       0    126     71      -    100      0      0      0      0      0   6500   1890      4      0  13996    175      0      -      -      0     30      8 
 20260917    08:41:38       0    215     71      -    100      0      0      0      0      0   6500   1575      7      0  13996    175      0      -      -      0    590      5 
 20260917    08:41:39       0    235     68      -     89     45      0      0      0      0   6500   1860      4      0  13996    175      0      -      -      0   3927      1 
 20260917    08:41:40       0    130     68      -     97     43      0      0      0      0   6500   1875      4      0  13996    175      0      -      -      0   4135      1 
 20260917    08:41:41       0    101     67      -     87     45      0      0      0      0   6500   1890      4      0  13996    175      0      -      -      0   4155      1 
 20260917    08:41:42       0     63     67      -     88     46      0      0      0      0   6500   1890      4      0  13996    175      0      -      -      0   4156      1 
 20260917    08:41:43       0     65     67      -      1      2      0      0      0      0   6500   1890      4      0  13996    175      0      -      -      0   4163      1 
 20260917    08:41:44       0     65     67      -      1      2      0      0      0      0   6500   1890      4      0  13996    175      0      -      -      0   4158      1 
 20260917    08:41:45       0     65     67      -      3      3      0      0      0      0   6500   1890      4      0  13996    175      0      -      -      0   4143      1 
 20260917    08:41:46       0     65     67      -      1      2      0      0      0      0   6500   1890      4      0  13996    175      0      -      -      0   4086      1 
 20260917    08:41:47       0     65     67      -      1      2      0      0      0      0   6500   1890      4      0  13996    175      0      -      -      0   4154      1 
 20260917    08:41:48       0     65     67      -      1      2      0      0      0      0   6500   1890      4      0  13996    175      0      -      -      0   2344      3 
 20260917    08:41:49       0     66     67      -      1      2      0      0      0      0   6500   1890      4      0  13996    175      0      -      -      0      2      0 
 20260917    08:41:50       0     95     68      -      1      2      0      0      0      0   6500   1890      3      0  13996    175      0      -      -      0      6      0 
 20260917    08:41:51       0     55     67      -      1      2      0      0      0      0   6500   1770      3      0  13996    175      0      -      -      0     10      0 
 20260917    08:41:52       0    135     68      -      1      2      0      0      0      0   6500   1890      4      0  13996    175      0      -      -      0      8      0 
 20260917    08:41:54       0    129     68      -     66      3      0      0      0      0   6500   1890      4      0  13996    175      0      -      -      0      2      0 
 20260917    08:41:55       0    126     69      -     67      3      0      0      0      0   6500   1890      4      0  13996    175      0      -      -      0    412     79 
 20260917    08:41:56       0    127     71      -    100      2      0      0      0      0   6500   1680      4      0  13996    175      0      -      -      0     13   1144 
 20260917    08:41:57       0    107     69      -    100     25      0      0      0      0   6500   1890      6      0  13996    175      0      -      -      0      3      4 
 20260917    08:41:58       0    124     69      -    100      0      0      0      0      0   6500   1890      4      0  13996    175      0      -      -      0      6      0 
 20260917    08:41:59       0    126     73      -    100      0      0      0      0      0   6500   1530      3      0  13996    175      0      -      -      0   7852   1504 
 20260917    08:42:00       0    127     69      -    100     27      0      0      0      0   6500   1890      5      0  13996    175      0      -      -      0      1      1 
#Date        Time         gpu    pwr  gtemp  mtemp     sm    mem    enc    dec    jpg    ofa   mclk   pclk  pviol  tviol     fb   bar1   ccpm  sbecc  dbecc    pci  rxpci  txpci 
#YYYYMMDD    HH:MM:SS     Idx      W      C      C      %      %      %      %      %      %    MHz    MHz      %   bool     MB     MB     MB   errs   errs   errs   MB/s   MB/s 
 20260917    08:42:01       0    124     70      -    100      0      0      0      0      0   6500   1890      4      0  13996    175      0      -      -      0      0      1 
 20260917    08:42:02       0    174     73      -    100      0      0      0      0      0   6500   1575      7      0  13996    175      0      -      -      0  13039   1504 
 20260917    08:42:03       0     90     70      -    100     27      0      0      0      0   6500   1890      5      0  13996    175      0      -      -      0      3      1 
 20260917    08:42:04       0    125     70      -    100      2      0      0      0      0   6500   1890      4      0  13996    175      0      -      -      0      2      1 
 20260917    08:42:05       0    127     73      -    100      4      0      0      0      0   6500   1560      6      0  13996    175      0      -      -      0  12942   1505 
 20260917    08:42:06       0    112     70      -    100     21      0      0      0      0   6500   1890      4      0  13996    175      0      -      -      0      0      0 
 20260917    08:42:07       0    126     70      -    100      0      0      0      0      0   6500   1890      4      0  13996    175      0      -      -      0      0      1 
 20260917    08:42:08       0    127     73      -    100     21      0      0      0      0   6500   1560      8      0  13996    175      0      -      -      0  13004   1504 
 20260917    08:42:09       0    135     70      -    100      6      0      0      0      0   6500   1890      4      0  13996    175      0      -      -      0      0      0 
 20260917    08:42:11       0    125     70      -    100      0      0      0      0      0   6500   1890      4      0  13996    175      0      -      -      0      0      0 
 20260917    08:42:12       0    208     71      -    100      0      0      0      0      0   6500   1770      6      0  13996    175      0      -      -      0  12930   1501 
 20260917    08:42:13       0    125     70      -    100      4      0      0      0      0   6500   1890      4      0  13996    175      0      -      -      0      0      0 
 20260917    08:42:14       0    127     71      -    100      0      0      0      0      0   6500   1890      2      0  13996    175      0      -      -      0      3      4 
 20260917    08:42:15       0    227     71      -    100      0      0      0      0      0   6500   1815      6      0  13996    175      0      -      -      0  12968   1504 
 20260917    08:42:16       0    121     71      -    100      3      0      0      0      0   6500   1890      4      0  13996    175      0      -      -      0      0      0 
 20260917    08:42:17       0    127     71      -    100      0      0      0      0      0   6500   1890      4      0  13996    175      0      -      -      0      2      2 
 20260917    08:42:18       0    144     71      -    100      0      0      0      0      0   6500   1815      8      0  13996    175      0      -      -      0  12954   1503 
 20260917    08:42:19       0    123     71      -    100      3      0      0      0      0   6500   1890      4      0  13996    175      0      -      -      0      0      1 
 20260917    08:42:20       0    128     71      -    100      0      0      0      0      0   6500   1890      4      0  13996    175      0      -      -      0      1      0 
 20260917    08:42:21       0    212     71      -    100      0      0      0      0      0   6500   1815      8      0  13996    175      0      -      -      0  12957   1505 
 20260917    08:42:22       0    124     71      -    100     24      0      0      0      0   6500   1890      4      0  13996    175      0      -      -      0      0      0 
 20260917    08:42:23       0    127     71      -    100      0      0      0      0      0   6500   1890      4      0  13996    175      0      -      -      0      0      0 
 20260917    08:42:24       0    260     71      -    100     14      0      0      0      0   6500   1845      2      0  13996    175      0      -      -      0  12958   1501 
 20260917    08:42:25       0     67     70      -     13      8      0      0      0      0   6500   1875      2      0  13996    175      0      -      -      0   4150      1 
 20260917    08:42:27       0     60     70      -     17     13      0      0      0      0   6500   1875      4      0  13996    175      0      -      -      0   4020      1 
 20260917    08:42:28       0    221     71      -    100     14      0      0      0      0   6500   1800      4      0  13996    175      0      -      -      0   2886      1 
 20260917    08:42:29       0    129     71      -    100      0      0      0      0      0   6500   1890      0      0  13996    175      0      -      -      0     20     10 
 20260917    08:42:30       0    129     71      -    100      0      0      0      0      0   6500   1890      4      0  13996    175      0      -      -      0      1      0 
 20260917    08:42:31       0    121     71      -    100      0      0      0      0      0   6500   1875      0      0  13996    175      0      -      -      0      3      1 
 20260917    08:42:32       0    132     71      -     25      4      0      0      0      0   6500   1875      4      0  13996    175      0      -      -      0      3      3 
 20260917    08:42:33       0     66     70      -      1      2      0      0      0      0   6500   1875      4      0  13996    175      0      -      -      0      0      0 
 20260917    08:42:34       0     66     69      -      1      2      0      0      0      0   6500   1875      4      0  13996    175      0      -      -      0   4158      1 
 20260917    08:42:35       0     66     69      -      1      2      0      0      0      0   6500   1875      4      0  13996    175      0      -      -      0   4137      1 
 20260917    08:42:36       0    147     69      -     97     24      0      0      0      0   6500   1875      4      0  13996    175      0      -      -      0   4156      1 
 20260917    08:42:37       0    153     73      -    100     26      0      0      0      0   6500   1590      4      0  13996    175      0      -      -      0   1720      1 
 20260917    08:42:38       0    124     70      -    100      0      0      0      0      0   6500   1875      0      0  13996    175      0      -      -      0      0      0 
 20260917    08:42:39       0    123     70      -    100      0      0      0      0      0   6500   1875      2      0  13996    175      0      -      -      0      3      0 
 20260917    08:42:40       0    123     70      -     24      4      0      0      0      0   6500   1875      4      0  13996    175      0      -      -      0      4      1 
 20260917    08:42:41       0     65     70      -     10      4      0      0      0      0   6500   1875      4      0  13996    175      0      -      -      0      0      0 
 20260917    08:42:42       0     65     69      -      2      3      0      0      0      0   6500   1875      4      0  13996    175      0      -      -      0   3154      1 
 20260917    08:42:44       0     65     69      -      4      4      0      0      0      0   6500   1875      4      0  13996    175      0      -      -      0   4147      1 
 20260917    08:42:45       0     65     69      -     91     24      0      0      0      0   6500   1875      4      0  13996    175      0      -      -      0   4169      1 
 20260917    08:42:46       0    198     69      -     91     23      0      0      0      0   6500   1845      4      0  13996    175      0      -      -      0   4137      1 
 20260917    08:42:47       0    123     71      -    100      0      0      0      0      0   6500   1800      0      0  13996    175      0      -      -      0     22      2 
#Date        Time         gpu    pwr  gtemp  mtemp     sm    mem    enc    dec    jpg    ofa   mclk   pclk  pviol  tviol     fb   bar1   ccpm  sbecc  dbecc    pci  rxpci  txpci 
#YYYYMMDD    HH:MM:SS     Idx      W      C      C      %      %      %      %      %      %    MHz    MHz      %   bool     MB     MB     MB   errs   errs   errs   MB/s   MB/s 
 20260917    08:42:48       0    123     70      -    100      0      0      0      0      0   6500   1875      4      0  13996    175      0      -      -      0      0      1 
 20260917    08:42:49       0    122     70      -    100      0      0      0      0      0   6500   1875      4      0  13996    175      0      -      -      0      0      4 
 20260917    08:42:50       0    120     70      -     44      3      0      0      0      0   6500   1875      4      0  13996    175      0      -      -      0      0      1 
 20260917    08:42:51       0     65     69      -      1      2      0      0      0      0   6500   1875      4      0  13996    175      0      -      -      0      0      1 
 20260917    08:42:52       0     65     68      -      1      2      0      0      0      0   6500   1875      2      0  13996    175      0      -      -      0   4151      1 
 20260917    08:42:53       0     65     68      -      1      2      0      0      0      0   6500   1875      4      0  13996    175      0      -      -      0   4154      1 
 20260917    08:42:54       0     59     68      -     75     25      0      0      0      0   6500   1875      4      0  13996    175      0      -      -      0   4152      1 
 20260917    08:42:55       0    207     69      -    100      0      0      0      0      0   6500   1815      4      0  13996    175      0      -      -      0   1500      0 
 20260917    08:42:56       0    123     70      -    100      0      0      0      0      0   6500   1875      0      0  13996    175      0      -      -      0      0      8 
 20260917    08:42:57       0    123     70      -    100      0      0      0      0      0   6500   1875      4      0  13996    175      0      -      -      0      0      0 
 20260917    08:42:58       0    120     69      -     54      3      0      0      0      0   6500   1875      2      0  13996    175      0      -      -      0      0      0 
 20260917    08:42:59       0    109     69      -      1      2      0      0      0      0   6500   1875      4      0  13996    175      0      -      -      0      2      1 
 20260917    08:43:01       0     64     68      -      1      2      0      0      0      0   6500   1875      4      0  13996    175      0      -      -      0   2509      2 
 20260917    08:43:02       0     64     68      -      1      2      0      0      0      0   6500   1875      4      0  13996    175      0      -      -      0   4136      1 
 20260917    08:43:03       0     65     68      -     67     27      0      0      0      0   6500   1875      4      0  13996    175      0      -      -      0   4079      1 
 20260917    08:43:04       0    214     68      -     62     24      0      0      0      0   6500   1875      2      0  13996    175      0      -      -      0   4150      1 
 20260917    08:43:05       0    166     72      -    100      0      0      0      0      0   6500   1575      3      0  13996    175      0      -      -      0   3094      0 
 20260917    08:43:06       0    123     69      -    100      0      0      0      0      0   6500   1875      0      0  13996    175      0      -      -      0      2      5 
 20260917    08:43:07       0    123     69      -    100      0      0      0      0      0   6500   1875      4      0  13996    175      0      -      -      0      3      0 
 20260917    08:43:08       0    122     69      -     71      2      0      0      0      0   6500   1875      4      0  13996    175      0      -      -      0      1      0 
 20260917    08:43:09       0     65     69      -      1      2      0      0      0      0   6500   1875      4      0  13996    175      0      -      -      0      1      0 
 20260917    08:43:10       0     65     68      -      1      2      0      0      0      0   6500   1875      4      0  13996    175      0      -      -      0   4149      1 
 20260917    08:43:11       0     65     68      -      1      2      0      0      0      0   6500   1875      4      0  13996    175      0      -      -      0   4137      1 
 20260917    08:43:12       0     66     68      -     50     24      0      0      0      0   6500   1875      4      0  13996    175      0      -      -      0   4146      1 
 20260917    08:43:13       0    202     69      -    100      0      0      0      0      0   6500   1800      4      0  13996    175      0      -      -      0   3359      0 
 20260917    08:43:14       0    123     69      -    100      0      0      0      0      0   6500   1875      0      0  13996    175      0      -      -      0      2      2 
 20260917    08:43:15       0    123     69      -    100      0      0      0      0      0   6500   1875      4      0  13996    175      0      -      -      0    408     75 
 20260917    08:43:16       0     65     68      -    100      6      0      0      0      0   6500   1875      4      0  13996    175      0      -      -      0  12930   1500 
 20260917    08:43:18       0     66     67      -    100      9      0      0      0      0   6500   1875      0      0  13996    175      0      -      -      0  12889   1500 
 20260917    08:43:19       0     70     67      -    100      9      0      0      0      0   6500   1875      0      0  13996    175      0      -      -      0  12935   1500 
 20260917    08:43:20       0     65     67      -    100      9      0      0      0      0   6500   1875      0      0  13996    175      0      -      -      0  12934   1500 
 20260917    08:43:21       0     70     67      -    100      6      0      0      0      0   6500   1875      0      0  13996    175      0      -      -      0  12932   1500 
 20260917    08:43:22       0     64     66      -      1      2      0      0      0      0   6500   1875      0      0  13996    175      0      -      -      0   4156      1 
 20260917    08:43:23       0     64     66      -      3      4      0      0      0      0   6500   1875      0      0  13996    175      0      -      -      0   4149      1 
 20260917    08:43:24       0     50     65      -      1      2      0      0      0      0   6500   1620      0      0  13996    175      0      -      -      0   4145      0 
 20260917    08:43:25       0     50     65      -      4      4      0      0      0      0   6500   1620      0      0  13996    175      0      -      -      0   4155      0 
 20260917    08:43:26       0     50     65      -      3      4      0      0      0      0   6500   1620      0      0  13996    175      0      -      -      0   4156      0 
 20260917    08:43:27       0     50     64      -      1      2      0      0      0      0   6500   1620      0      0  13996    175      0      -      -      0   4157      1 
 20260917    08:43:28       0     50     64      -      4      4      0      0      0      0   6500   1620      0      0  13996    175      0      -      -      0   4131      0 
 20260917    08:43:29       0     50     64      -      4      5      0      0      0      0   6500   1620      0      0  13996    175      0      -      -      0   4100      0 
 20260917    08:43:30       0     53     64      -      1      2      0      0      0      0   6500   1620      0      0  13996    175      0      -      -      0   4135      1 
 20260917    08:43:31       0     52     63      -      4      4      0      0      0      0   6500   1620      0      0  13996    175      0      -      -      0   4139      1 
 20260917    08:43:32       0     53     63      -      4      4      0      0      0      0   6500   1620      0      0  13996    175      0      -      -      0   4063      1 
 20260917    08:43:33       0     53     63      -      1      2      0      0      0      0   6500   1620      0      0  13996    175      0      -      -      0   4137      1 
#Date        Time         gpu    pwr  gtemp  mtemp     sm    mem    enc    dec    jpg    ofa   mclk   pclk  pviol  tviol     fb   bar1   ccpm  sbecc  dbecc    pci  rxpci  txpci 
#YYYYMMDD    HH:MM:SS     Idx      W      C      C      %      %      %      %      %      %    MHz    MHz      %   bool     MB     MB     MB   errs   errs   errs   MB/s   MB/s 
 20260917    08:43:34       0     53     63      -      1      2      0      0      0      0   6500   1620      0      0  13996    175      0      -      -      0   4153      0 
 20260917    08:43:35       0     53     63      -      4      4      0      0      0      0   6500   1620      0      0  13996    175      0      -      -      0   3984      1 
 20260917    08:43:37       0     53     63      -      2      3      0      0      0      0   6500   1620      0      0  13996    175      0      -      -      0   3125      1 
 20260917    08:43:38       0     49     62      -      1      2      0      0      0      0   6500   1620      0      0  13996    175      0      -      -      0   3999      1 
 20260917    08:43:39       0     53     62      -      2      3      0      0      0      0   6500   1620      0      0  13996    175      0      -      -      0   3959      1 
 20260917    08:43:40       0     49     62      -      4      5      0      0      0      0   6500   1620      0      0  13996    175      0      -      -      0   3138      0 
 20260917    08:43:41       0     49     62      -      1      2      0      0      0      0   6500   1620      0      0  13996    175      0      -      -      0   2398      3 
 20260917    08:43:42       0     49     62      -      1      2      0      0      0      0   6500   1620      0      0  13996    175      0      -      -      0   3864      1 
 20260917    08:43:43       0     49     61      -      1      2      0      0      0      0   6500   1620      0      0  13996    175      0      -      -      0   4141      1 
 20260917    08:43:44       0     49     61      -      1      2      0      0      0      0   6500   1620      0      0  13996    175      0      -      -      0   3890      1 
 20260917    08:43:45       0     63     62      -    100      6      0      0      0      0   6500   1890      0      0  13996    175      0      -      -      0  12894   1495 
 20260917    08:43:46       0     68     62      -    100      9      0      0      0      0   6500   1890      0      0  13996    175      0      -      -      0  12942   1501 
 20260917    08:43:47       0     68     62      -    100      6      0      0      0      0   6500   1890      0      0  13996    175      0      -      -      0  12944   1501 
 20260917    08:43:48       0     62     62      -    100      9      0      0      0      0   6500   1890      0      0  13996    175      0      -      -      0  12942   1500 
 20260917    08:43:49       0     68     62      -    100      6      0      0      0      0   6500   1890      0      0  13996    175      0      -      -      0  12893   1496 
 20260917    08:43:50       0     61     61      -      2      3      0      0      0      0   6500   1890      0      0  13996    175      0      -      -      0   3972      0 
 20260917    08:43:51       0     62     61      -      1      2      0      0      0      0   6500   1890      0      0  13996    175      0      -      -      0   3743      0 
 20260917    08:43:52       0     49     61      -      1      2      0      0      0      0   6500   1620      0      0  13996    175      0      -      -      0   1991      0 
 20260917    08:43:53       0     49     60      -      1      2      0      0      0      0   6500   1620      0      0  13996    175      0      -      -      0   3991      1 
 20260917    08:43:55       0     49     60      -      1      2      0      0      0      0   6500   1620      0      0  13996    175      0      -      -      0   1583      0 
 20260917    08:43:56       0     48     60      -      1      2      0      0      0      0   6500   1620      0      0  13996    175      0      -      -      0   1487      0 
 20260917    08:43:57       0     48     60      -      1      2      0      0      0      0   6500   1620      0      0  13996    175      0      -      -      0   2901      1 
 20260917    08:43:58       0     48     60      -      1      2      0      0      0      0   6500   1620      0      0  13996    175      0      -      -      0   4056      1 
 20260917    08:43:59       0     48     60      -      1      2      0      0      0      0   6500   1620      0      0  13996    175      0      -      -      0   2686      3 
 20260917    08:44:00       0     48     60      -      2      3      0      0      0      0   6500   1620      0      0  13996    175      0      -      -      0   2510      1 
 20260917    08:44:01       0     48     59      -      1      2      0      0      0      0   6500   1620      0      0  13996    175      0      -      -      0   2387      3 
 20260917    08:44:02       0     48     59      -      1      2      0      0      0      0   6500   1620      0      0  13996    175      0      -      -      0   2733      2 
 20260917    08:44:03       0     48     59      -      1      2      0      0      0      0   6500   1620      0      0  13996    175      0      -      -      0   3157      4 
 20260917    08:44:04       0     48     59      -      2      3      0      0      0      0   6500   1620      0      0  13996    175      0      -      -      0   3011      1 
 20260917    08:44:05       0     48     59      -      1      2      0      0      0      0   6500   1620      0      0  13996    175      0      -      -      0   3595      1 
 20260917    08:44:06       0     48     59      -      1      2      0      0      0      0   6500   1620      0      0  13996    175      0      -      -      0   4153      1 
 20260917    08:44:07       0     48     59      -      1      2      0      0      0      0   6500   1620      0      0  13996    175      0      -      -      0   4154      1 
 20260917    08:44:08       0     48     58      -      1      2      0      0      0      0   6500   1620      0      0  13996    175      0      -      -      0   4157      1 
 20260917    08:44:09       0     48     58      -      1      3      0      0      0      0   6500   1620      0      0  13996    175      0      -      -      0   4137      1 
 20260917    08:44:11       0     48     58      -      3      4      0      0      0      0   6500   1620      0      0  13996    175      0      -      -      0   4157      1 
 20260917    08:44:12       0     47     58      -      1      2      0      0      0      0   6500   1620      0      0  13996    175      0      -      -      0   4163      1 
 20260917    08:44:13       0     61     59      -    100      6      0      0      0      0   6500   1905      0      0  13996    175      0      -      -      0  12971   1500 
 20260917    08:44:14       0     61     59      -    100      8      0      0      0      0   6500   1905      0      0  13996    175      0      -      -      0  12931   1499 
 20260917    08:44:15       0     66     59      -    100      6      0      0      0      0   6500   1905      0      0  13996    175      0      -      -      0  12877   1493 
 20260917    08:44:16       0     66     59      -    100      9      0      0      0      0   6500   1905      0      0  13996    175      0      -      -      0  12881   1102 
 20260917    08:44:17       0     66     59      -    100      6      0      0      0      0   6500   1905      0      0  13996    175      0      -      -      0   9547   1500 
 20260917    08:44:18       0     61     59      -    100      6      0      0      0      0   6500   1905      0      0  13996    175      0      -      -      0   1912      0 
 20260917    08:44:19       0     61     59      -      2      3      0      0      0      0   6500   1905      0      0  13996    175      0      -      -      0   2495      2 
 20260917    08:44:20       0     48     58      -      1      2      0      0      0      0   6500   1620      0      0  13996    175      0      -      -      0   3082      4 
#Date        Time         gpu    pwr  gtemp  mtemp     sm    mem    enc    dec    jpg    ofa   mclk   pclk  pviol  tviol     fb   bar1   ccpm  sbecc  dbecc    pci  rxpci  txpci 
#YYYYMMDD    HH:MM:SS     Idx      W      C      C      %      %      %      %      %      %    MHz    MHz      %   bool     MB     MB     MB   errs   errs   errs   MB/s   MB/s 
 20260917    08:44:21       0     48     58      -      1      2      0      0      0      0   6500   1620      0      0  13996    175      0      -      -      0   4111      1 
 20260917    08:44:22       0     47     58      -      1      2      0      0      0      0   6500   1620      0      0  13996    175      0      -      -      0   4153      1 
 20260917    08:44:23       0     47     58      -      1      2      0      0      0      0   6500   1620      0      0  13996    175      0      -      -      0   4173      1 
 20260917    08:44:24       0     47     58      -      1      2      0      0      0      0   6500   1620      0      0  13996    175      0      -      -      0   4163      1 
 20260917    08:44:25       0     47     58      -      2      3      0      0      0      0   6500   1620      0      0  13996    175      0      -      -      0   3916      1 
 20260917    08:44:26       0     47     57      -      1      2      0      0      0      0   6500   1620      0      0  13996    175      0      -      -      0   4149      1 
 20260917    08:44:28       0     47     57      -      1      2      0      0      0      0   6500   1620      0      0  13996    175      0      -      -      0   4033      1 
 20260917    08:44:29       0     47     57      -      1      2      0      0      0      0   6500   1620      0      0  13996    175      0      -      -      0   4158      1 
 20260917    08:44:30       0     47     57      -      1      2      0      0      0      0   6500   1620      0      0  13996    175      0      -      -      0   4155      1 
 20260917    08:44:31       0     47     57      -      1      2      0      0      0      0   6500   1620      0      0  13996    175      0      -      -      0   4159      1 
 20260917    08:44:32       0     47     57      -      1      2      0      0      0      0   6500   1620      0      0  13996    175      0      -      -      0   4154      1 
 20260917    08:44:33       0     47     57      -      2      3      0      0      0      0   6500   1620      0      0  13996    175      0      -      -      0   4153      1 
 20260917    08:44:34       0     47     57      -      1      2      0      0      0      0   6500   1620      0      0  13996    175      0      -      -      0   4130      1 
 20260917    08:44:35       0     47     57      -      1      2      0      0      0      0   6500   1620      0      0  13996    175      0      -      -      0   4164      1 
 20260917    08:44:36       0     47     57      -      1      2      0      0      0      0   6500   1620      0      0  13996    175      0      -      -      0   4158      1 
 20260917    08:44:37       0     47     57      -      1      2      0      0      0      0   6500   1620      0      0  13996    175      0      -      -      0   4160      4 
 20260917    08:44:38       0     47     57      -      3      4      0      0      0      0   6500   1620      0      0  13996    175      0      -      -      0   4155      1 
 20260917    08:44:39       0     47     57      -      1      2      0      0      0      0   6500   1620      0      0  13996    175      0      -      -      0   4155      1 
 20260917    08:44:40       0     47     57      -      1      2      0      0      0      0   6500   1620      0      0  13996    175      0      -      -      0   4164      1 
 20260917    08:44:41       0     66     57      -    100      6      0      0      0      0   6500   1905      0      0  13996    175      0      -      -      0   9458   1492 
 20260917    08:44:42       0     66     58      -    100      6      0      0      0      0   6500   1905      0      0  13996    175      0      -      -      0  12868   1493 
 20260917    08:44:44       0     66     58      -    100      6      0      0      0      0   6500   1905      0      0  13996    175      0      -      -      0  12927   1502 
 20260917    08:44:45       0     60     58      -    100      9      0      0      0      0   6500   1905      0      0  13996    175      0      -      -      0  12933   1500 
 20260917    08:44:46       0     66     58      -    100      6      0      0      0      0   6500   1905      0      0  13996    175      0      -      -      0  12939   1499 
 20260917    08:44:47       0     60     58      -      1      3      0      0      0      0   6500   1905      0      0  13996    175      0      -      -      0   2472      3 
 20260917    08:44:48       0     60     57      -      1      2      0      0      0      0   6500   1905      0      0  13996    175      0      -      -      0   3540      1 
 20260917    08:44:49       0     47     57      -      2      3      0      0      0      0   6500   1620      0      0  13996    175      0      -      -      0   3862      1 
 20260917    08:44:50       0     47     57      -      1      2      0      0      0      0   6500   1620      0      0  13996    175      0      -      -      0   4154      1 
 20260917    08:44:51       0     47     57      -      1      2      0      0      0      0   6500   1620      0      0  13996    175      0      -      -      0   4174      1 
 20260917    08:44:52       0     47     57      -      1      2      0      0      0      0   6500   1620      0      0  13996    175      0      -      -      0   3939      1 
 20260917    08:44:53       0     47     57      -      1      2      0      0      0      0   6500   1620      0      0  13996    175      0      -      -      0   4140      1 
 20260917    08:44:54       0     47     57      -      2      3      0      0      0      0   6500   1620      0      0  13996    175      0      -      -      0   4162      1 
 20260917    08:44:55       0     47     56      -      1      2      0      0      0      0   6500   1620      0      0  13996    175      0      -      -      0   4164      5 
 20260917    08:44:56       0     47     56      -      2      3      0      0      0      0   6500   1620      0      0  13996    175      0      -      -      0   3879      1 
 20260917    08:44:57       0     47     56      -      1      2      0      0      0      0   6500   1620      0      0  13996    175      0      -      -      0   4151      1 
 20260917    08:44:58       0     47     56      -      1      2      0      0      0      0   6500   1620      0      0  13996    175      0      -      -      0   4153      1 
 20260917    08:44:59       0     47     56      -      1      2      0      0      0      0   6500   1620      0      0  13996    175      0      -      -      0   4188      1 
 20260917    08:45:01       0     47     56      -      2      3      0      0      0      0   6500   1620      0      0  13996    175      0      -      -      0   3858      1 
 20260917    08:45:02       0     47     56      -      1      2      0      0      0      0   6500   1620      0      0  13996    175      0      -      -      0   4132      1 
 20260917    08:45:03       0     47     56      -      4      2      0      0      0      0   6500   1620      0      0  13996    175      0      -      -      0   4132      1 
 20260917    08:45:04       0     47     56      -      1      3      0      0      0      0   6500   1620      0      0  13996    175      0      -      -      0   4152      1 
 20260917    08:45:05       0     47     56      -      1      2      0      0      0      0   6500   1620      0      0  13996    175      0      -      -      0   4157      1 
 20260917    08:45:06       0     47     56      -      3      4      0      0      0      0   6500   1620      0      0  13996    175      0      -      -      0   4155      1 
 20260917    08:45:07       0     47     56      -      1      2      0      0      0      0   6500   1620      0      0  13996    175      0      -      -      0   4162      1 
#Date        Time         gpu    pwr  gtemp  mtemp     sm    mem    enc    dec    jpg    ofa   mclk   pclk  pviol  tviol     fb   bar1   ccpm  sbecc  dbecc    pci  rxpci  txpci 
#YYYYMMDD    HH:MM:SS     Idx      W      C      C      %      %      %      %      %      %    MHz    MHz      %   bool     MB     MB     MB   errs   errs   errs   MB/s   MB/s 
 20260917    08:45:08       0     47     56      -      3      4      0      0      0      0   6500   1620      0      0  13996    175      0      -      -      0   4154      1 
 20260917    08:45:09       0     61     57      -     66      9      0      0      0      0   6500   1905      0      0  13996    175      0      -      -      0  12930   1494 
 20260917    08:45:10       0     60     57      -    100      6      0      0      0      0   6500   1905      0      0  13996    175      0      -      -      0  12932   1495 
 20260917    08:45:11       0     66     57      -    100      6      0      0      0      0   6500   1905      0      0  13996    175      0      -      -      0  12871   1493 
 20260917    08:45:12       0     60     57      -    100      6      0      0      0      0   6500   1905      0      0  13996    175      0      -      -      0  12927   1499 
 20260917    08:45:13       0     66     57      -    100      6      0      0      0      0   6500   1905      0      0  13996    175      0      -      -      0  12871   1130 
 20260917    08:45:14       0     60     57      -    100      9      0      0      0      0   6500   1905      0      0  13996    175      0      -      -      0   2193      0 
 20260917    08:45:15       0     60     57      -      2      3      0      0      0      0   6500   1905      0      0  13996    175      0      -      -      0   4152      1 
 20260917    08:45:17       0     47     56      -      1      2      0      0      0      0   6500   1620      0      0  13996    175      0      -      -      0   4155      1 
 20260917    08:45:18       0     47     56      -      2      3      0      0      0      0   6500   1620      0      0  13996    175      0      -      -      0   4099      1 
 20260917    08:45:19       0     47     56      -      1      2      0      0      0      0   6500   1620      0      0  13996    175      0      -      -      0   4134      1 
 20260917    08:45:20       0     47     56      -      1      2      0      0      0      0   6500   1620      0      0  13996    175      0      -      -      0   4133      1 
 20260917    08:45:21       0     47     56      -      1      2      0      0      0      0   6500   1620      0      0  13996    175      0      -      -      0   4135      1 
 20260917    08:45:22       0     47     56      -      2      3      0      0      0      0   6500   1620      0      0  13996    175      0      -      -      0   3916      1 
 20260917    08:45:23       0     47     56      -      3      4      0      0      0      0   6500   1620      0      0  13996    175      0      -      -      0   4133      1 
 20260917    08:45:24       0     47     56      -      1      2      0      0      0      0   6500   1620      0      0  13996    175      0      -      -      0   4092      1 
 20260917    08:45:25       0     47     56      -      1      2      0      0      0      0   6500   1620      0      0  13996    175      0      -      -      0   4132      1 
 20260917    08:45:26       0     47     56      -      3      4      0      0      0      0   6500   1620      0      0  13996    175      0      -      -      0   4153      1 
 20260917    08:45:27       0     47     56      -      1      2      0      0      0      0   6500   1620      0      0  13996    175      0      -      -      0   4156      1 
 20260917    08:45:28       0     47     56      -      1      2      0      0      0      0   6500   1620      0      0  13996    175      0      -      -      0   4142      1 
 20260917    08:45:29       0     47     56      -      2      4      0      0      0      0   6500   1620      0      0  13996    175      0      -      -      0   4129      1 
 20260917    08:45:30       0     47     56      -      1      2      0      0      0      0   6500   1620      0      0  13996    175      0      -      -      0   4160      1 
 20260917    08:45:31       0     47     56      -      2      3      0      0      0      0   6500   1620      0      0  13996    175      0      -      -      0   4154      1 
 20260917    08:45:33       0     47     56      -      3      5      0      0      0      0   6500   1620      0      0  13996    175      0      -      -      0   4100      1 
 20260917    08:45:34       0     47     56      -      1      2      0      0      0      0   6500   1620      0      0  13996    175      0      -      -      0   4157      1 
 20260917    08:45:35       0     46     56      -      1      2      0      0      0      0   6500   1620      0      0  13996    175      0      -      -      0   4138      1 
 20260917    08:45:36       0     47     56      -      3      4      0      0      0      0   6500   1620      0      0  13996    175      0      -      -      0   4174      1 
 20260917    08:45:37       0     47     56      -      1      2      0      0      0      0   6500   1620      0      0  13996    175      0      -      -      0   4140      1 
 20260917    08:45:38       0     66     56      -    100      9      0      0      0      0   6500   1905      0      0  13996    175      0      -      -      0  12876   1130 
 20260917    08:45:39       0     66     57      -    100      6      0      0      0      0   6500   1905      0      0  13996    175      0      -      -      0   9736   1493 
 20260917    08:45:40       0     60     57      -    100      6      0      0      0      0   6500   1905      0      0  13996    175      0      -      -      0  12873   1493 
 20260917    08:45:41       0     66     57      -    100      6      0      0      0      0   6500   1905      0      0  13996    175      0      -      -      0  12890   1496 
 20260917    08:45:42       0     66     57      -    100      6      0      0      0      0   6500   1905      0      0  13996    175      0      -      -      0  12882   1495 
 20260917    08:45:43       0     59     57      -      2      3      0      0      0      0   6500   1905      0      0  13996    175      0      -      -      0   3136      1 
 20260917    08:45:44       0     59     57      -      1      2      0      0      0      0   6500   1905      0      0  13996    175      0      -      -      0   4141      1 
 20260917    08:45:45       0     47     56      -      1      2      0      0      0      0   6500   1620      0      0  13996    175      0      -      -      0   3969      1 
 20260917    08:45:46       0     47     56      -      1      2      0      0      0      0   6500   1620      0      0  13996    175      0      -      -      0   4135      5 
 20260917    08:45:47       0     47     56      -      1      2      0      0      0      0   6500   1620      0      0  13996    175      0      -      -      0   4135      5 
 20260917    08:45:48       0     47     56      -      1      2      0      0      0      0   6500   1620      0      0  13996    175      0      -      -      0   4115      1 
 20260917    08:45:50       0     47     56      -      1      3      0      0      0      0   6500   1620      0      0  13996    175      0      -      -      0   4058      1 
 20260917    08:45:51       0     47     56      -      1      2      0      0      0      0   6500   1620      0      0  13996    175      0      -      -      0   4140      1 
 20260917    08:45:52       0     47     56      -      1      2      0      0      0      0   6500   1620      0      0  13996    175      0      -      -      0   4154      1 
 20260917    08:45:53       0     47     56      -      2      3      0      0      0      0   6500   1620      0      0  13996    175      0      -      -      0   3823      1 
 20260917    08:45:54       0     47     56      -      1      2      0      0      0      0   6500   1620      0      0  13996    175      0      -      -      0   4167      1 
#Date        Time         gpu    pwr  gtemp  mtemp     sm    mem    enc    dec    jpg    ofa   mclk   pclk  pviol  tviol     fb   bar1   ccpm  sbecc  dbecc    pci  rxpci  txpci 
#YYYYMMDD    HH:MM:SS     Idx      W      C      C      %      %      %      %      %      %    MHz    MHz      %   bool     MB     MB     MB   errs   errs   errs   MB/s   MB/s 
 20260917    08:45:55       0     47     56      -      1      2      0      0      0      0   6500   1620      0      0  13996    175      0      -      -      0   4161      1 
 20260917    08:45:56       0     47     56      -      1      2      0      0      0      0   6500   1620      0      0  13996    175      0      -      -      0   4165      1 
 20260917    08:45:57       0     47     56      -      2      3      0      0      0      0   6500   1620      0      0  13996    175      0      -      -      0   3874      1 
 20260917    08:45:58       0     47     56      -      1      2      0      0      0      0   6500   1620      0      0  13996    175      0      -      -      0   4157      1 
 20260917    08:45:59       0     47     56      -      1      2      0      0      0      0   6500   1620      0      0  13996    175      0      -      -      0   4148      1 
 20260917    08:46:00       0     46     55      -      1      2      0      0      0      0   6500   1620      0      0  13996    175      0      -      -      0   4131      1 
 20260917    08:46:01       0     47     55      -      1      2      0      0      0      0   6500   1620      0      0  13996    175      0      -      -      0   4133      1 
 20260917    08:46:02       0     46     55      -      1      3      0      0      0      0   6500   1620      0      0  13996    175      0      -      -      0   4140      1 
 20260917    08:46:03       0     47     55      -      3      4      0      0      0      0   6500   1620      0      0  13996    175      0      -      -      0   4144      1 
 20260917    08:46:04       0     47     55      -      1      2      0      0      0      0   6500   1620      0      0  13996    175      0      -      -      0   4147      1 
 20260917    08:46:06       0     64     56      -    100      6      0      0      0      0   6500   1905      0      0  13996    175      0      -      -      0  12892   1494 
 20260917    08:46:07       0     60     56      -    100      9      0      0      0      0   6500   1905      0      0  13996    175      0      -      -      0  12876   1493 
 20260917    08:46:08       0     66     57      -    100      9      0      0      0      0   6500   1905      0      0  13996    175      0      -      -      0  12892   1495 
 20260917    08:46:09       0     66     57      -    100      9      0      0      0      0   6500   1905      0      0  13996    175      0      -      -      0  12875   1493 
 20260917    08:46:10       0     66     57      -    100      6      0      0      0      0   6500   1905      0      0  13996    175      0      -      -      0  12877   1132 
 20260917    08:46:11       0     66     57      -    100      6      0      0      0      0   6500   1905      0      0  13996    175      0      -      -      0   3004      0 
 20260917    08:46:12       0     59     57      -      2      3      0      0      0      0   6500   1905      0      0  13996    175      0      -      -      0   3432      1 
 20260917    08:46:13       0     47     56      -      1      2      0      0      0      0   6500   1620      0      0  13996    175      0      -      -      0   4033      1 
 20260917    08:46:14       0     47     56      -      2      3      0      0      0      0   6500   1620      0      0  13996    175      0      -      -      0   3435      1 
 20260917    08:46:15       0     47     56      -      1      2      0      0      0      0   6500   1620      0      0  13996    175      0      -      -      0   3358      1 
 20260917    08:46:16       0     47     56      -      1      2      0      0      0      0   6500   1620      0      0  13996    175      0      -      -      0   3304      1 
 20260917    08:46:17       0     46     56      -      1      2      0      0      0      0   6500   1620      0      0  13996    175      0      -      -      0   2940      1 
 20260917    08:46:18       0     46     56      -      2      3      0      0      0      0   6500   1620      0      0  13996    175      0      -      -      0   3775      1 
 20260917    08:46:19       0     46     56      -      1      3      0      0      0      0   6500   1620      0      0  13996    175      0      -      -      0   4165      1 
 20260917    08:46:20       0     46     56      -      1      2      0      0      0      0   6500   1620      0      0  13996    175      0      -      -      0   4054      1 
 20260917    08:46:22       0     47     56      -      1      2      0      0      0      0   6500   1620      0      0  13996    175      0      -      -      0   4174      1 
 20260917    08:46:23       0     47     56      -      1      2      0      0      0      0   6500   1620      0      0  13996    175      0      -      -      0   4178      1 
 20260917    08:46:24       0     47     56      -      1      2      0      0      0      0   6500   1620      0      0  13996    175      0      -      -      0   4165      1 
 20260917    08:46:25       0     47     56      -      1      2      0      0      0      0   6500   1620      0      0  13996    175      0      -      -      0   4169      1 
 20260917    08:46:26       0     47     56      -      1      2      0      0      0      0   6500   1620      0      0  13996    175      0      -      -      0   4167      1 
 20260917    08:46:27       0     47     55      -      1      2      0      0      0      0   6500   1620      0      0  13996    175      0      -      -      0   4168      1 
 20260917    08:46:28       0     47     56      -      2      3      0      0      0      0   6500   1620      0      0  13996    175      0      -      -      0   4169      1 
 20260917    08:46:29       0     46     56      -      3      5      0      0      0      0   6500   1620      0      0  13996    175      0      -      -      0   4165      1 
 20260917    08:46:30       0     46     55      -      3      4      0      0      0      0   6500   1620      0      0  13996    175      0      -      -      0   4145      1 
 20260917    08:46:31       0     47     55      -      1      2      0      0      0      0   6500   1620      0      0  13996    175      0      -      -      0   4171      1 
 20260917    08:46:32       0     47     55      -      3      4      0      0      0      0   6500   1620      0      0  13996    175      0      -      -      0   4170      1 
 20260917    08:46:33       0     46     55      -      3      4      0      0      0      0   6500   1620      0      0  13996    175      0      -      -      0   4163      1 
 20260917    08:46:34       0     56     56      -      0      0      0      0      0      0   6500   1905      0      0  13996    175      0      -      -      0      9      0 
 20260917    08:46:35       0     57     56      -      0      0      0      0      0      0   6500   1905      0      0  13996    175      0      -      -      0      3      0 
 20260917    08:46:36       0     45     55      -      0      0      0      0      0      0   6500   1620      0      0  13996    175      0      -      -      0      1      0 
 20260917    08:46:37       0     45     55      -      0      0      0      0      0      0   6500   1620      0      0  13996    175      0      -      -      0      0      0 
 20260917    08:46:38       0     45     55      -      0      0      0      0      0      0   6500   1620      0      0  13996    175      0      -      -      0      0      0 
 20260917    08:46:39       0     45     55      -      0      0      0      0      0      0   6500   1620      0      0  13996    175      0      -      -      0      0      0 
 20260917    08:46:41       0     45     55      -      0      0      0      0      0      0   6500   1620      0      0  13996    175      0      -      -      0      0      0 
#Date        Time         gpu    pwr  gtemp  mtemp     sm    mem    enc    dec    jpg    ofa   mclk   pclk  pviol  tviol     fb   bar1   ccpm  sbecc  dbecc    pci  rxpci  txpci 
#YYYYMMDD    HH:MM:SS     Idx      W      C      C      %      %      %      %      %      %    MHz    MHz      %   bool     MB     MB     MB   errs   errs   errs   MB/s   MB/s 
 20260917    08:46:42       0     45     55      -      0      0      0      0      0      0   6500   1620      0      0  13996    175      0      -      -      0      4      0 
 20260917    08:46:43       0     45     55      -      0      0      0      0      0      0   6500   1620      0      0  13996    175      0      -      -      0      0      0 
 20260917    08:46:44       0     45     55      -      0      0      0      0      0      0   6500   1620      0      0  13996    175      0      -      -      0      0      0 
 20260917    08:46:45       0     45     55      -      0      0      0      0      0      0   6500   1620      0      0  13996    175      0      -      -      0      0      0 
 20260917    08:46:46       0     45     55      -      0      0      0      0      0      0   6500   1620      0      0  13996    175      0      -      -      0      0      0 
 20260917    08:46:47       0     45     55      -      0      0      0      0      0      0   6500   1620      0      0  13996    175      0      -      -      0      0      0 
 20260917    08:46:48       0     45     55      -      0      0      0      0      0      0   6500   1620      0      0  13996    175      0      -      -      0      0      0 
 20260917    08:46:49       0     60     56      -    100      6      0      0      0      0   6500   1905      0      0  13996    175      0      -      -      0  12925   1499 
 20260917    08:46:50       0     61     56      -    100      6      0      0      0      0   6500   1905      0      0  13996    175      0      -      -      0  12933   1500 
 20260917    08:46:51       0     68     57      -    100      7      0      0      0      0   6500   1905      0      0  13996    175      0      -      -      0  12939   1500 
 20260917    08:46:52       0     61     56      -    100      7      0      0      0      0   6500   1905      0      0  13996    175      0      -      -      0  12932   1500 
 20260917    08:46:53       0     60     56      -    100      9      0      0      0      0   6500   1905      0      0  13996    175      0      -      -      0   9702   1499 
 20260917    08:46:54       0     67     56      -    100      6      0      0      0      0   6500   1905      0      0  13996    175      0      -      -      0   4135      1 
 20260917    08:46:55       0     67     56      -      6      4      0      0      0      0   6500   1905      0      0  13996    175      0      -      -      0   4129      1 
 20260917    08:46:57       0     47     56      -      1      2      0      0      0      0   6500   1620      0      0  13996    175      0      -      -      0   2254      1 
 20260917    08:46:58       0     46     56      -      2      3      0      0      0      0   6500   1620      0      0  13996    175      0      -      -      0   3188      0 
 20260917    08:46:59       0     51     56      -      6      5      0      0      0      0   6500   1620      0      0  13996    175      0      -      -      0   1941      5 
 20260917    08:47:00       0     47     56      -      1      3      0      0      0      0   6500   1620      0      0  13996    175      0      -      -      0   4074      0 
 20260917    08:47:01       0     47     56      -      1      2      0      0      0      0   6500   1620      0      0  13996    175      0      -      -      0   4034      0 
 20260917    08:47:02       0     47     56      -      2      3      0      0      0      0   6500   1620      0      0  13996    175      0      -      -      0   3147      1 
 20260917    08:47:03       0     46     56      -      1      3      0      0      0      0   6500   1620      0      0  13996    175      0      -      -      0   4169      1 
 20260917    08:47:04       0     47     56      -      1      2      0      0      0      0   6500   1620      0      0  13996    175      0      -      -      0   4024      1 
 20260917    08:47:05       0     46     56      -      1      2      0      0      0      0   6500   1620      0      0  13996    175      0      -      -      0   4357      3 
 20260917    08:47:06       0     46     56      -      6      4      0      0      0      0   6500   1620      0      0  13996    175      0      -      -      0   4198      2 
 20260917    08:47:07       0     46     56      -      1      2      0      0      0      0   6500   1620      0      0  13996    175      0      -      -      0   4169      1 
 20260917    08:47:08       0     46     56      -      1      2      0      0      0      0   6500   1620      0      0  13996    175      0      -      -      0   4168      1 
 20260917    08:47:09       0     46     55      -      6      4      0      0      0      0   6500   1620      0      0  13996    175      0      -      -      0   4164      1 
 20260917    08:47:10       0     46     55      -      1      2      0      0      0      0   6500   1620      0      0  13996    175      0      -      -      0   4171      1 
 20260917    08:47:11       0     46     56      -      1      2      0      0      0      0   6500   1620      0      0  13996    175      0      -      -      0   3967      1 
 20260917    08:47:12       0     47     55      -      6      4      0      0      0      0   6500   1620      0      0  13996    175      0      -      -      0   4166      1 
 20260917    08:47:13       0     46     55      -      6      5      0      0      0      0   6500   1620      0      0  13996    175      0      -      -      0   4228      3 
 20260917    08:47:15       0     51     55      -      6      4      0      0      0      0   6500   1620      0      0  13996    175      0      -      -      0   4147      1 
 20260917    08:47:16       0     51     55      -      7      5      0      0      0      0   6500   1620      0      0  13996    175      0      -      -      0   4166      1 
 20260917    08:47:17       0     51     55      -      1      2      0      0      0      0   6500   1620      0      0  13996    175      0      -      -      0   4202      5 
 20260917    08:47:18       0     65     56      -    100      6      0      0      0      0   6500   1905      0      0  13996    175      0      -      -      0  13294   1504 
 20260917    08:47:19       0     60     57      -    100      6      0      0      0      0   6500   1905      0      0  13996    175      0      -      -      0  12887   1538 
 20260917    08:47:20       0     66     57      -    100      6      0      0      0      0   6500   1905      0      0  13996    175      0      -      -      0  12927   1545 
 20260917    08:47:21       0     64     57      -    100      6      0      0      0      0   6500   1905      0      0  13996    175      0      -      -      0  12966   1527 
 20260917    08:47:22       0     60     57      -    100      9      0      0      0      0   6500   1905      0      0  13996    175      0      -      -      0  12929   1580 
 20260917    08:47:23       0     59     57      -     12      4      0      0      0      0   6500   1905      0      0  13996    175      0      -      -      0   4151      0 
 20260917    08:47:24       0     63     57      -      3      4      0      0      0      0   6500   1905      0      0  13996    175      0      -      -      0   4134      0 
 20260917    08:47:25       0     50     56      -      1      2      0      0      0      0   6500   1620      0      0  13996    175      0      -      -      0   3989      1 
 20260917    08:47:26       0     47     56      -      2      3      0      0      0      0   6500   1620      0      0  13996    175      0      -      -      0   1696      0 
 20260917    08:47:27       0     50     56      -      4      4      0      0      0      0   6500   1620      0      0  13996    175      0      -      -      0   3023      0 
#Date        Time         gpu    pwr  gtemp  mtemp     sm    mem    enc    dec    jpg    ofa   mclk   pclk  pviol  tviol     fb   bar1   ccpm  sbecc  dbecc    pci  rxpci  txpci 
#YYYYMMDD    HH:MM:SS     Idx      W      C      C      %      %      %      %      %      %    MHz    MHz      %   bool     MB     MB     MB   errs   errs   errs   MB/s   MB/s 
 20260917    08:47:28       0     47     56      -      2      3      0      0      0      0   6500   1620      0      0  13996    175      0      -      -      0   4079      0 
 20260917    08:47:29       0     46     56      -      1      2      0      0      0      0   6500   1620      0      0  13996    175      0      -      -      0   4045      0 
 20260917    08:47:30       0     47     56      -      2      3      0      0      0      0   6500   1620      0      0  13996    175      0      -      -      0   2072      1 
 20260917    08:47:31       0     47     56      -      2      3      0      0      0      0   6500   1620      0      0  13996    175      0      -      -      0   2606      5 
 20260917    08:47:32       0     46     56      -      1      3      0      0      0      0   6500   1620      0      0  13996    175      0      -      -      0   2566      3 
 20260917    08:47:33       0     46     56      -      1      2      0      0      0      0   6500   1620      0      0  13996    175      0      -      -      0   2515      0 
 20260917    08:47:35       0     46     56      -      1      2      0      0      0      0   6500   1620      0      0  13996    175      0      -      -      0   2812      0 
 20260917    08:47:36       0     47     56      -      1      2      0      0      0      0   6500   1620      0      0  13996    175      0      -      -      0   2707      0 
 20260917    08:47:37       0     46     55      -      1      2      0      0      0      0   6500   1620      0      0  13996    175      0      -      -      0   2760      0 
 20260917    08:47:38       0     47     56      -      2      3      0      0      0      0   6500   1620      0      0  13996    175      0      -      -      0   4151      4 
 20260917    08:47:39       0     46     55      -      1      2      0      0      0      0   6500   1620      0      0  13996    175      0      -      -      0   4151      0 
 20260917    08:47:40       0     47     56      -      2      3      0      0      0      0   6500   1620      0      0  13996    175      0      -      -      0   4165      0 
 20260917    08:47:41       0     47     55      -      1      2      0      0      0      0   6500   1620      0      0  13996    175      0      -      -      0   4152      0 
 20260917    08:47:42       0     47     55      -      1      2      0      0      0      0   6500   1620      0      0  13996    175      0      -      -      0   4157      0 
 20260917    08:47:43       0     47     55      -      3      4      0      0      0      0   6500   1620      0      0  13996    175      0      -      -      0   4140      0 
 20260917    08:47:44       0     47     55      -      1      2      0      0      0      0   6500   1620      0      0  13996    175      0      -      -      0   4152      1 
 20260917    08:47:45       0     46     55      -      4      4      0      0      0      0   6500   1620      0      0  13996    175      0      -      -      0   4136      0 
 20260917    08:47:46       0     59     56      -    100      9      0      0      0      0   6500   1905      0      0  13998    175      0      -      -      0  12923   1495 
 20260917    08:47:47       0     69     57      -    100      6      0      0      0      0   6500   1905      0      0  13998    175      0      -      -      0  12928   1499 
 20260917    08:47:48       0     68     57      -    100      6      0      0      0      0   6500   1905      0      0  13998    175      0      -      -      0   9052   1499 
 20260917    08:47:49       0     60     57      -    100      9      0      0      0      0   6500   1905      0      0  13998    175      0      -      -      0   7851   1365 
 20260917    08:47:50       0     69     57      -    100      6      0      0      0      0   6500   1905      0      0  13998    175      0      -      -      0  12932    744 
 20260917    08:47:51       0     59     57      -      1      2      0      0      0      0   6500   1905      0      0  13998    175      0      -      -      0   4101      0 
 20260917    08:47:52       0     58     57      -      5      4      0      0      0      0   6500   1905      0      0  13998    175      0      -      -      0   4148      1 
 20260917    08:47:54       0     46     56      -      6      4      0      0      0      0   6500   1620      0      0  13998    175      0      -      -      0   4151      1 
 20260917    08:47:55       0     52     56      -      2      3      0      0      0      0   6500   1620      0      0  13998    175      0      -      -      0   4075      0 
 20260917    08:47:56       0     52     56      -      6      4      0      0      0      0   6500   1620      0      0  13998    175      0      -      -      0   3603      0 
 20260917    08:47:57       0     47     56      -      2      3      0      0      0      0   6500   1620      0      0  13998    175      0      -      -      0   1842      0 
 20260917    08:47:58       0     46     56      -      1      2      0      0      0      0   6500   1620      0      0  13998    175      0      -      -      0   2096      3 
 20260917    08:47:59       0     47     56      -      2      3      0      0      0      0   6500   1620      0      0  13998    175      0      -      -      0   3768      0 
 20260917    08:48:00       0     47     56      -      1      3      0      0      0      0   6500   1620      0      0  13998    175      0      -      -      0   4198      3 
 20260917    08:48:01       0     47     56      -      1      2      0      0      0      0   6500   1620      0      0  13998    175      0      -      -      0   4040      0 
 20260917    08:48:02       0     47     56      -      1      2      0      0      0      0   6500   1620      0      0  13998    175      0      -      -      0   4153      0 
 20260917    08:48:03       0     47     56      -      1      2      0      0      0      0   6500   1620      0      0  13998    175      0      -      -      0   4161      0 
 20260917    08:48:04       0     47     56      -      1      2      0      0      0      0   6500   1620      0      0  13998    175      0      -      -      0   4134      0 
 20260917    08:48:05       0     47     56      -      1      3      0      0      0      0   6500   1620      0      0  13998    175      0      -      -      0   4153      1 
 20260917    08:48:06       0     47     56      -      3      3      0      0      0      0   6500   1620      0      0  13998    175      0      -      -      0   4130      0 
 20260917    08:48:07       0     47     56      -      6      4      0      0      0      0   6500   1620      0      0  13998    175      0      -      -      0   4127      0 
 20260917    08:48:08       0     47     56      -      2      3      0      0      0      0   6500   1620      0      0  13998    175      0      -      -      0   4097      0 
 20260917    08:48:09       0     47     56      -      6      4      0      0      0      0   6500   1620      0      0  13998    175      0      -      -      0   4153      0 
 20260917    08:48:10       0     47     56      -      7      4      0      0      0      0   6500   1620      0      0  13998    175      0      -      -      0   4153      1 
 20260917    08:48:11       0     46     56      -      6      4      0      0      0      0   6500   1620      0      0  13998    175      0      -      -      0   4150      1 
 20260917    08:48:13       0     47     56      -      6      4      0      0      0      0   6500   1620      0      0  13998    175      0      -      -      0   3953      3 
 20260917    08:48:14       0     52     56      -      6      4      0      0      0      0   6500   1620      0      0  13998    175      0      -      -      0   4158      0 
#Date        Time         gpu    pwr  gtemp  mtemp     sm    mem    enc    dec    jpg    ofa   mclk   pclk  pviol  tviol     fb   bar1   ccpm  sbecc  dbecc    pci  rxpci  txpci 
#YYYYMMDD    HH:MM:SS     Idx      W      C      C      %      %      %      %      %      %    MHz    MHz      %   bool     MB     MB     MB   errs   errs   errs   MB/s   MB/s 
 20260917    08:48:15       0     65     56      -    100      6      0      0      0      0   6500   1905      0      0  13998    175      0      -      -      0  12927   1499 
 20260917    08:48:16       0     59     56      -    100      6      0      0      0      0   6500   1905      0      0  13998    175      0      -      -      0  12921   1588 
 20260917    08:48:17       0     65     57      -    100      9      0      0      0      0   6500   1905      0      0  13998    175      0      -      -      0  12937   1499 
 20260917    08:48:18       0     60     57      -    100      6      0      0      0      0   6500   1905      0      0  13998    175      0      -      -      0  12930   1563 
 20260917    08:48:19       0     65     57      -    100      6      0      0      0      0   6500   1905      0      0  13998    175      0      -      -      0  12953   1083 
 20260917    08:48:20       0     58     57      -      1      2      0      0      0      0   6500   1905      0      0  13998    175      0      -      -      0   4033      2 
 20260917    08:48:21       0     58     57      -      3      4      0      0      0      0   6500   1905      0      0  13998    175      0      -      -      0   4150      2 
 20260917    08:48:22       0     47     56      -      4      5      0      0      0      0   6500   1620      0      0  13998    175      0      -      -      0   4163      4 
 20260917    08:48:23       0     50     56      -      1      2      0      0      0      0   6500   1620      0      0  13998    175      0      -      -      0   4152      5 
 20260917    08:48:24       0     46     56      -      4      5      0      0      0      0   6500   1620      0      0  13998    175      0      -      -      0   4152      5 
 20260917    08:48:25       0     49     56      -      4      4      0      0      0      0   6500   1620      0      0  13998    175      0      -      -      0   4133     14 
 20260917    08:48:26       0     50     56      -      1      2      0      0      0      0   6500   1620      0      0  13998    175      0      -      -      0   3898      5 
 20260917    08:48:27       0     46     56      -      2      3      0      0      0      0   6500   1620      0      0  13998    175      0      -      -      0   4130      0 
 20260917    08:48:28       0     49     56      -      4      5      0      0      0      0   6500   1620      0      0  13998    175      0      -      -      0   3322      1 
 20260917    08:48:29       0     46     56      -      2      3      0      0      0      0   6500   1620      0      0  13998    175      0      -      -      0   3093      0 
 20260917    08:48:30       0     46     56      -      1      2      0      0      0      0   6500   1620      0      0  13998    175      0      -      -      0   4077      0 
 20260917    08:48:32       0     47     56      -      1      2      0      0      0      0   6500   1620      0      0  13998    175      0      -      -      0   1721      0 
 20260917    08:48:33       0     46     56      -      1      2      0      0      0      0   6500   1620      0      0  13998    175      0      -      -      0   2787      6 
 20260917    08:48:34       0     46     56      -      1      2      0      0      0      0   6500   1620      0      0  13998    175      0      -      -      0   1696      4 
 20260917    08:48:35       0     46     56      -      2      3      0      0      0      0   6500   1620      0      0  13998    175      0      -      -      0   1839      5 
 20260917    08:48:36       0     47     56      -      1      2      0      0      0      0   6500   1620      0      0  13998    175      0      -      -      0   2534     10 
 20260917    08:48:37       0     47     56      -      2      3      0      0      0      0   6500   1620      0      0  13998    175      0      -      -      0   3579      4 
 20260917    08:48:38       0     47     56      -      1      2      0      0      0      0   6500   1620      0      0  13998    175      0      -      -      0   3486     13 
 20260917    08:48:39       0     46     55      -      1      2      0      0      0      0   6500   1620      0      0  13998    175      0      -      -      0   4169     13 
 20260917    08:48:40       0     47     56      -      1      2      0      0      0      0   6500   1620      0      0  13998    175      0      -      -      0   4223     14 
 20260917    08:48:41       0     47     56      -      1      2      0      0      0      0   6500   1620      0      0  13998    175      0      -      -      0   4326      5 
 20260917    08:48:42       0     46     55      -      4      4      0      0      0      0   6500   1620      0      0  13998    175      0      -      -      0   4207      8 
 20260917    08:48:43       0     65     56      -    100      6      0      0      0      0   6500   1905      0      0  13998    175      0      -      -      0  12866   1493 
 20260917    08:48:44       0     65     56      -    100      6      0      0      0      0   6500   1905      0      0  13998    175      0      -      -      0  12928   1084 
 20260917    08:48:45       0     65     56      -    100      9      0      0      0      0   6500   1905      0      0  13998    175      0      -      -      0  12919   1083 
 20260917    08:48:46       0     65     57      -    100      6      0      0      0      0   6500   1905      0      0  13998    175      0      -      -      0   9306   1499 
 20260917    08:48:47       0     65     57      -    100      6      0      0      0      0   6500   1905      0      0  13998    175      0      -      -      0   9311   1499 
 20260917    08:48:48       0     59     57      -      2      3      0      0      0      0   6500   1905      0      0  13998    175      0      -      -      0   4160      1 
 20260917    08:48:49       0     59     57      -      1      2      0      0      0      0   6500   1905      0      0  13998    175      0      -      -      0   4164      1 
 20260917    08:48:51       0     47     56      -      1      2      0      0      0      0   6500   1620      0      0  13998    175      0      -      -      0   4209      8 
 20260917    08:48:52       0     47     56      -      4      4      0      0      0      0   6500   1620      0      0  13998    175      0      -      -      0   4100     13 
 20260917    08:48:53       0     46     56      -      1      2      0      0      0      0   6500   1620      0      0  13998    175      0      -      -      0   4152     14 
 20260917    08:48:54       0     47     56      -      1      2      0      0      0      0   6500   1620      0      0  13998    175      0      -      -      0   4155     13 
 20260917    08:48:55       0     47     56      -      4      4      0      0      0      0   6500   1620      0      0  13998    175      0      -      -      0   4152     15 
 20260917    08:48:56       0     47     56      -      4      5      0      0      0      0   6500   1620      0      0  13998    175      0      -      -      0   4134      9 
 20260917    08:48:57       0     46     56      -      1      2      0      0      0      0   6500   1620      0      0  13998    175      0      -      -      0   4153     11 
 20260917    08:48:58       0     46     56      -      4      5      0      0      0      0   6500   1620      0      0  13998    175      0      -      -      0   3998     14 
 20260917    08:48:59       0     46     56      -      4      4      0      0      0      0   6500   1620      0      0  13998    175      0      -      -      0   4165     13 
 20260917    08:49:00       0     46     56      -      1      2      0      0      0      0   6500   1620      0      0  13998    175      0      -      -      0   4149     12 
#Date        Time         gpu    pwr  gtemp  mtemp     sm    mem    enc    dec    jpg    ofa   mclk   pclk  pviol  tviol     fb   bar1   ccpm  sbecc  dbecc    pci  rxpci  txpci 
#YYYYMMDD    HH:MM:SS     Idx      W      C      C      %      %      %      %      %      %    MHz    MHz      %   bool     MB     MB     MB   errs   errs   errs   MB/s   MB/s 
 20260917    08:49:01       0     46     56      -      1      2      0      0      0      0   6500   1620      0      0  13998    175      0      -      -      0   4153      5 
 20260917    08:49:02       0     47     56      -      4      4      0      0      0      0   6500   1620      0      0  13998    175      0      -      -      0   4073      4 
 20260917    08:49:03       0     46     56      -      4      4      0      0      0      0   6500   1620      0      0  13998    175      0      -      -      0   4158      4 
 20260917    08:49:04       0     47     55      -      4      5      0      0      0      0   6500   1620      0      0  13998    175      0      -      -      0   4132     14 
 20260917    08:49:05       0     46     55      -      4      4      0      0      0      0   6500   1620      0      0  13998    175      0      -      -      0   4131     13 
 20260917    08:49:06       0     47     55      -      4      4      0      0      0      0   6500   1620      0      0  13998    175      0      -      -      0   4135     13 
 20260917    08:49:07       0     46     55      -      4      5      0      0      0      0   6500   1620      0      0  13998    175      0      -      -      0   4155     11 
 20260917    08:49:08       0     46     55      -      3      4      0      0      0      0   6500   1620      0      0  13998    175      0      -      -      0   3009     14 
 20260917    08:49:10       0     50     55      -      4      4      0      0      0      0   6500   1620      0      0  13998    175      0      -      -      0   4132     13 
 20260917    08:49:11       0     51     55      -      1      2      0      0      0      0   6500   1620      0      0  13998    175      0      -      -      0   9189   1535 
 20260917    08:49:12       0     65     56      -    100      6      0      0      0      0   6500   1905      0      0  13998    175      0      -      -      0  12928   1511 
 20260917    08:49:13       0     60     57      -    100      6      0      0      0      0   6500   1905      0      0  13998    175      0      -      -      0  13117   1508 
 20260917    08:49:14       0     65     57      -    100      6      0      0      0      0   6500   1905      0      0  13998    175      0      -      -      0  12927   1511 
 20260917    08:49:15       0     60     57      -    100      9      0      0      0      0   6500   1905      0      0  13998    175      0      -      -      0  13130   1511 
 20260917    08:49:16       0     65     57      -    100      9      0      0      0      0   6500   1905      0      0  13998    175      0      -      -      0  13260   1506 
 20260917    08:49:17       0     59     57      -      4      5      0      0      0      0   6500   1905      0      0  13998    175      0      -      -      0   4089      8 
 20260917    08:49:18       0     58     56      -      3      4      0      0      0      0   6500   1620      0      0  13998    175      0      -      -      0   4187     10 
 20260917    08:49:19       0     46     56      -      4      5      0      0      0      0   6500   1620      0      0  13998    175      0      -      -      0   4134      9 
 20260917    08:49:20       0     47     56      -      4      4      0      0      0      0   6500   1620      0      0  13998    175      0      -      -      0   4244     10 
 20260917    08:49:21       0     46     56      -      3      4      0      0      0      0   6500   1620      0      0  13998    175      0      -      -      0   4221      4 
 20260917    08:49:22       0     47     56      -      4      4      0      0      0      0   6500   1620      0      0  13998    175      0      -      -      0   4192      1 
 20260917    08:49:23       0     48     56      -      1      2      0      0      0      0   6500   1620      0      0  13998    175      0      -      -      0   3794      1 
 20260917    08:49:24       0     46     56      -      4      4      0      0      0      0   6500   1620      0      0  13998    175      0      -      -      0   4167      1 
 20260917    08:49:25       0     50     56      -      4      4      0      0      0      0   6500   1620      0      0  13998    175      0      -      -      0   4180      2 
 20260917    08:49:26       0     46     56      -      4      5      0      0      0      0   6500   1620      0      0  13998    175      0      -      -      0   4165      1 
 20260917    08:49:27       0     49     56      -      1      2      0      0      0      0   6500   1620      0      0  13998    175      0      -      -      0   4153      1 
 20260917    08:49:29       0     46     55      -      4      4      0      0      0      0   6500   1620      0      0  13998    175      0      -      -      0   4164      1 
 20260917    08:49:30       0     49     55      -      4      4      0      0      0      0   6500   1620      0      0  13998    175      0      -      -      0   4166      1 
 20260917    08:49:31       0     50     55      -      2      3      0      0      0      0   6500   1620      0      0  13998    175      0      -      -      0   4157      1 
 20260917    08:49:32       0     50     55      -      1      4      0      0      0      0   6500   1620      0      0  13998    175      0      -      -      0   4141      1 
 20260917    08:49:33       0     49     55      -      4      4      0      0      0      0   6500   1620      0      0  13998    175      0      -      -      0   3943      1 
 20260917    08:49:34       0     49     55      -      1      2      0      0      0      0   6500   1620      0      0  13998    175      0      -      -      0   4164      1 
 20260917    08:49:35       0     49     55      -      1      2      0      0      0      0   6500   1620      0      0  13998    175      0      -      -      0   3798      1 
 20260917    08:49:36       0     49     55      -      4      4      0      0      0      0   6500   1620      0      0  13998    175      0      -      -      0   4137      1 
 20260917    08:49:37       0     49     55      -      1      2      0      0      0      0   6500   1620      0      0  13998    175      0      -      -      0   2804      1 
 20260917    08:49:38       0     46     55      -      1      2      0      0      0      0   6500   1620      0      0  13998    175      0      -      -      0   3850      1 
 20260917    08:49:39       0     60     56      -    100      6      0      0      0      0   6500   1905      0      0  13998    175      0      -      -      0  12927   1499 
 20260917    08:49:40       0     65     57      -    100      9      0      0      0      0   6500   1905      0      0  13998    175      0      -      -      0  12968   1501 
 20260917    08:49:41       0     60     57      -    100      9      0      0      0      0   6500   1905      0      0  13998    175      0      -      -      0  12889   1495 
 20260917    08:49:42       0     65     57      -    100      9      0      0      0      0   6500   1905      0      0  13998    175      0      -      -      0  12926   1499 
 20260917    08:49:43       0     59     57      -    100      6      0      0      0      0   6500   1905      0      0  13998    175      0      -      -      0  12933   1500 
 20260917    08:49:44       0     59     56      -     62      5      0      0      0      0   6500   1905      0      0  13998    175      0      -      -      0   4179      1 
 20260917    08:49:46       0     63     57      -      2      3      0      0      0      0   6500   1905      0      0  13998    175      0      -      -      0   4154      1 
 20260917    08:49:47       0     47     56      -      4      5      0      0      0      0   6500   1620      0      0  13998    175      0      -      -      0   4156      1 
#Date        Time         gpu    pwr  gtemp  mtemp     sm    mem    enc    dec    jpg    ofa   mclk   pclk  pviol  tviol     fb   bar1   ccpm  sbecc  dbecc    pci  rxpci  txpci 
#YYYYMMDD    HH:MM:SS     Idx      W      C      C      %      %      %      %      %      %    MHz    MHz      %   bool     MB     MB     MB   errs   errs   errs   MB/s   MB/s 
 20260917    08:49:48       0     47     56      -      4      4      0      0      0      0   6500   1620      0      0  13998    175      0      -      -      0   4155      1 
 20260917    08:49:49       0     46     56      -      4      5      0      0      0      0   6500   1620      0      0  13998    175      0      -      -      0   4139      1 
 20260917    08:49:50       0     46     56      -      4      4      0      0      0      0   6500   1620      0      0  13998    175      0      -      -      0   4159      1 
 20260917    08:49:51       0     46     56      -      4      4      0      0      0      0   6500   1620      0      0  13998    175      0      -      -      0   4133      1 
 20260917    08:49:52       0     46     56      -      4      5      0      0      0      0   6500   1620      0      0  13998    175      0      -      -      0   4132      1 
 20260917    08:49:53       0     46     56      -      4      4      0      0      0      0   6500   1620      0      0  13998    175      0      -      -      0   4132      1 
 20260917    08:49:54       0     46     55      -      4      4      0      0      0      0   6500   1620      0      0  13998    175      0      -      -      0   4022      1 
 20260917    08:49:55       0     46     55      -      4      4      0      0      0      0   6500   1620      0      0  13998    175      0      -      -      0   4151      5 
 20260917    08:49:56       0     49     56      -      4      4      0      0      0      0   6500   1620      0      0  13998    175      0      -      -      0   4151      1 
 20260917    08:49:57       0     46     56      -      4      4      0      0      0      0   6500   1620      0      0  13998    175      0      -      -      0   4151      1 
 20260917    08:49:58       0     46     55      -      4      5      0      0      0      0   6500   1620      0      0  13998    175      0      -      -      0   4080      1 
 20260917    08:49:59       0     46     55      -      3      3      0      0      0      0   6500   1620      0      0  13998    175      0      -      -      0   4140      1 
 20260917    08:50:00       0     46     55      -      4      4      0      0      0      0   6500   1620      0      0  13998    175      0      -      -      0   4157      1 
 20260917    08:50:02       0     46     55      -      4      4      0      0      0      0   6500   1620      0      0  13998    175      0      -      -      0   4153      1 
 20260917    08:50:03       0     46     55      -      4      5      0      0      0      0   6500   1620      0      0  13998    175      0      -      -      0   4152      1 
 20260917    08:50:04       0     46     55      -      4      4      0      0      0      0   6500   1620      0      0  13998    175      0      -      -      0   4157      1 
 20260917    08:50:05       0     49     55      -      4      4      0      0      0      0   6500   1620      0      0  13998    175      0      -      -      0   4152      1 
 20260917    08:50:06       0     46     55      -      4      5      0      0      0      0   6500   1620      0      0  13998    175      0      -      -      0   4152      1 
 20260917    08:50:07       0     52     56      -     78     12      0      0      0      0   6500   1905      0      0  13998    175      0      -      -      0  12936   1500 
 20260917    08:50:08       0     59     56      -    100      6      0      0      0      0   6500   1905      0      0  13998    175      0      -      -      0  12930   1499 
 20260917    08:50:09       0     65     56      -    100      6      0      0      0      0   6500   1905      0      0  13998    175      0      -      -      0  12932   1500 
 20260917    08:50:10       0     59     56      -    100      6      0      0      0      0   6500   1905      0      0  13998    175      0      -      -      0  12927   1226 
 20260917    08:50:11       0     65     56      -    100      9      0      0      0      0   6500   1905      0      0  13998    175      0      -      -      0  12929   1085 
 20260917    08:50:12       0     60     56      -    100      6      0      0      0      0   6500   1905      0      0  13998    175      0      -      -      0   9340   1499 
 20260917    08:50:13       0     59     56      -      3      4      0      0      0      0   6500   1905      0      0  13998    175      0      -      -      0   4062      1 
 20260917    08:50:14       0     59     56      -      1      2      0      0      0      0   6500   1620      0      0  13998    175      0      -      -      0   4164      1 
 20260917    08:50:15       0     47     56      -      4      4      0      0      0      0   6500   1620      0      0  13998    175      0      -      -      0   4063      1 
 20260917    08:50:16       0     47     56      -      4      4      0      0      0      0   6500   1620      0      0  13998    175      0      -      -      0   4153      1 
 20260917    08:50:17       0     47     56      -      1      2      0      0      0      0   6500   1620      0      0  13998    175      0      -      -      0   4156      1 
 20260917    08:50:19       0     46     56      -      4      4      0      0      0      0   6500   1620      0      0  13998    175      0      -      -      0   4155      1 
 20260917    08:50:20       0     46     56      -      4      4      0      0      0      0   6500   1620      0      0  13998    175      0      -      -      0   3991      1 
 20260917    08:50:21       0     46     56      -      4      5      0      0      0      0   6500   1620      0      0  13998    175      0      -      -      0   4156      1 
 20260917    08:50:22       0     46     56      -      4      4      0      0      0      0   6500   1620      0      0  13998    175      0      -      -      0   4156      1 
 20260917    08:50:23       0     46     55      -      4      5      0      0      0      0   6500   1620      0      0  13998    175      0      -      -      0   4160      1 
 20260917    08:50:24       0     46     55      -      4      4      0      0      0      0   6500   1620      0      0  13998    175      0      -      -      0   4161      1 
 20260917    08:50:25       0     46     55      -      4      4      0      0      0      0   6500   1620      0      0  13998    175      0      -      -      0   4158      1 
 20260917    08:50:26       0     47     55      -      4      4      0      0      0      0   6500   1620      0      0  13998    175      0      -      -      0   4159      1 
 20260917    08:50:27       0     46     55      -      1      2      0      0      0      0   6500   1620      0      0  13998    175      0      -      -      0   4131      1 
 20260917    08:50:28       0     47     55      -      4      5      0      0      0      0   6500   1620      0      0  13998    175      0      -      -      0   4135      1 
 20260917    08:50:29       0     47     55      -      4      4      0      0      0      0   6500   1620      0      0  13998    175      0      -      -      0   3996      1 
 20260917    08:50:30       0     46     55      -      3      4      0      0      0      0   6500   1620      0      0  13998    175      0      -      -      0   4138      1 
 20260917    08:50:31       0     47     55      -      4      4      0      0      0      0   6500   1620      0      0  13998    175      0      -      -      0   4163      1 
 20260917    08:50:32       0     47     55      -      4      4      0      0      0      0   6500   1620      0      0  13998    175      0      -      -      0   4140      1 
 20260917    08:50:33       0     46     55      -      1      2      0      0      0      0   6500   1620      0      0  13998    175      0      -      -      0   4141      1 
#Date        Time         gpu    pwr  gtemp  mtemp     sm    mem    enc    dec    jpg    ofa   mclk   pclk  pviol  tviol     fb   bar1   ccpm  sbecc  dbecc    pci  rxpci  txpci 
#YYYYMMDD    HH:MM:SS     Idx      W      C      C      %      %      %      %      %      %    MHz    MHz      %   bool     MB     MB     MB   errs   errs   errs   MB/s   MB/s 
 20260917    08:50:35       0     46     55      -      3      4      0      0      0      0   6500   1620      0      0  13998    175      0      -      -      0   4161      1 
 20260917    08:50:36       0     64     56      -    100      9      0      0      0      0   6500   1905      0      0  13998    175      0      -      -      0   9951   1500 
 20260917    08:50:37       0     64     56      -    100      6      0      0      0      0   6500   1905      0      0  13998    175      0      -      -      0  12931   1495 
 20260917    08:50:38       0     64     56      -    100      6      0      0      0      0   6500   1905      0      0  13998    175      0      -      -      0  12932   1501 
 20260917    08:50:39       0     60     56      -    100      6      0      0      0      0   6500   1905      0      0  13998    175      0      -      -      0  12932   1499 
 20260917    08:50:40       0     64     56      -    100      6      0      0      0      0   6500   1905      0      0  13998    175      0      -      -      0  12947   1500 
 20260917    08:50:41       0     59     56      -      2      3      0      0      0      0   6500   1905      0      0  13998    175      0      -      -      0   4141      1 
 20260917    08:50:42       0     59     56      -      1      2      0      0      0      0   6500   1905      0      0  13998    175      0      -      -      0   4136      1 
 20260917    08:50:43       0     47     56      -      3      5      0      0      0      0   6500   1620      0      0  13998    175      0      -      -      0   4154      1 
 20260917    08:50:44       0     47     56      -      1      2      0      0      0      0   6500   1620      0      0  13998    175      0      -      -      0   4111      1 
 20260917    08:50:45       0     47     55      -      1      3      0      0      0      0   6500   1620      0      0  13998    175      0      -      -      0   4158      1 
 20260917    08:50:46       0     47     56      -      3      4      0      0      0      0   6500   1620      0      0  13998    175      0      -      -      0   4154      1 
 20260917    08:50:47       0     47     55      -      3      4      0      0      0      0   6500   1620      0      0  13998    175      0      -      -      0   4164      4 
 20260917    08:50:48       0     47     55      -      1      2      0      0      0      0   6500   1620      0      0  13998    175      0      -      -      0   4160      2 
 20260917    08:50:49       0     47     55      -      3      4      0      0      0      0   6500   1620      0      0  13998    175      0      -      -      0   4143      1 
 20260917    08:50:50       0     47     55      -      3      5      0      0      0      0   6500   1620      0      0  13998    175      0      -      -      0   4095      1 
 20260917    08:50:52       0     47     55      -      1      2      0      0      0      0   6500   1620      0      0  13998    175      0      -      -      0   4138      1 
 20260917    08:50:53       0     46     55      -      1      2      0      0      0      0   6500   1620      0      0  13998    175      0      -      -      0   4151      1 
 20260917    08:50:54       0     46     55      -      3      4      0      0      0      0   6500   1620      0      0  13998    175      0      -      -      0   4155      1 
 20260917    08:50:55       0     47     55      -      2      3      0      0      0      0   6500   1620      0      0  13998    175      0      -      -      0   3956      1 
 20260917    08:50:56       0     47     55      -      1      2      0      0      0      0   6500   1620      0      0  13998    175      0      -      -      0   4166      1 
 20260917    08:50:57       0     47     55      -      3      5      0      0      0      0   6500   1620      0      0  13998    175      0      -      -      0   4156      1 
 20260917    08:50:58       0     47     55      -      1      3      0      0      0      0   6500   1620      0      0  13998    175      0      -      -      0   4155      1 
 20260917    08:50:59       0     46     55      -      1      2      0      0      0      0   6500   1620      0      0  13998    175      0      -      -      0   4153      1 
 20260917    08:51:00       0     46     55      -      3      5      0      0      0      0   6500   1620      0      0  13998    175      0      -      -      0   4158      1 
 20260917    08:51:01       0     46     55      -      3      4      0      0      0      0   6500   1620      0      0  13998    175      0      -      -      0   4155      1 
 20260917    08:51:02       0     46     55      -      1      1      0      0      0      0   6500   1620      0      0  13998    175      0      -      -      0   4169      1 
 20260917    08:51:03       0     50     56      -     68     10      0      0      0      0   6500   1905      0      0  13998    175      0      -      -      0  12612   1271 
 20260917    08:51:04       0     64     56      -    100      9      0      0      0      0   6500   1905      0      0  13998    175      0      -      -      0  12905   1501 
 20260917    08:51:05       0     65     56      -    100      9      0      0      0      0   6500   1905      0      0  13998    175      0      -      -      0  12943   1495 
 20260917    08:51:06       0     65     56      -    100      9      0      0      0      0   6500   1905      0      0  13998    175      0      -      -      0  12935   1155 
 20260917    08:51:08       0     60     56      -    100      6      0      0      0      0   6500   1905      0      0  13998    175      0      -      -      0   9948   1500 
 20260917    08:51:09       0     65     56      -    100      6      0      0      0      0   6500   1905      0      0  13998    175      0      -      -      0  12880   1494 
 20260917    08:51:10       0     59     56      -      3      4      0      0      0      0   6500   1905      0      0  13998    175      0      -      -      0   3919      1 
 20260917    08:51:11       0     59     56      -      3      4      0      0      0      0   6500   1905      0      0  13998    175      0      -      -      0   4161      1 
 20260917    08:51:12       0     46     56      -      1      2      0      0      0      0   6500   1620      0      0  13998    175      0      -      -      0   4103      1 
 20260917    08:51:13       0     46     55      -      3      5      0      0      0      0   6500   1620      0      0  13998    175      0      -      -      0   4155      1 
 20260917    08:51:14       0     46     55      -      3      4      0      0      0      0   6500   1620      0      0  13998    175      0      -      -      0   4141      1 
 20260917    08:51:15       0     46     55      -      3      5      0      0      0      0   6500   1620      0      0  13998    175      0      -      -      0   4155      1 
 20260917    08:51:16       0     46     55      -      3      4      0      0      0      0   6500   1620      0      0  13998    175      0      -      -      0   3856      1 
 20260917    08:51:17       0     49     55      -      3      4      0      0      0      0   6500   1620      0      0  13998    175      0      -      -      0   4157      1 
 20260917    08:51:18       0     46     55      -      3      4      0      0      0      0   6500   1620      0      0  13998    175      0      -      -      0   4162      1 
 20260917    08:51:19       0     49     55      -      3      4      0      0      0      0   6500   1620      0      0  13998    175      0      -      -      0   4155      1 
 20260917    08:51:20       0     46     55      -      3      4      0      0      0      0   6500   1620      0      0  13998    175      0      -      -      0   4156      1 
#Date        Time         gpu    pwr  gtemp  mtemp     sm    mem    enc    dec    jpg    ofa   mclk   pclk  pviol  tviol     fb   bar1   ccpm  sbecc  dbecc    pci  rxpci  txpci 
#YYYYMMDD    HH:MM:SS     Idx      W      C      C      %      %      %      %      %      %    MHz    MHz      %   bool     MB     MB     MB   errs   errs   errs   MB/s   MB/s 
 20260917    08:51:21       0     47     55      -      3      4      0      0      0      0   6500   1620      0      0  13998    175      0      -      -      0   4191      1 
 20260917    08:51:22       0     46     55      -      1      2      0      0      0      0   6500   1620      0      0  13998    175      0      -      -      0   4170      1 
 20260917    08:51:24       0     47     55      -      3      4      0      0      0      0   6500   1620      0      0  13998    175      0      -      -      0   4505      1 
 20260917    08:51:25       0     47     55      -      3      4      0      0      0      0   6500   1620      0      0  13998    175      0      -      -      0   4157      1 
 20260917    08:51:26       0     47     55      -      2      3      0      0      0      0   6500   1620      0      0  13998    175      0      -      -      0   4060      1 
 20260917    08:51:27       0     46     55      -      1      2      0      0      0      0   6500   1620      0      0  13998    175      0      -      -      0   4151      1 
 20260917    08:51:28       0     46     55      -      3      4      0      0      0      0   6500   1620      0      0  13998    175      0      -      -      0   4159      1 
 20260917    08:51:29       0     46     55      -      3      2      0      0      0      0   6500   1620      0      0  13998    175      0      -      -      0   4149      1 
 20260917    08:51:30       0     46     55      -      3      4      0      0      0      0   6500   1620      0      0  13998    175      0      -      -      0   4138      1 
 20260917    08:51:31       0     49     55      -      3      4      0      0      0      0   6500   1620      0      0  13998    175      0      -      -      0   4155      1 
 20260917    08:51:32       0     78     56      -    100      6      0      0      0      0   6500   1905      0      0  13998    175      0      -      -      0  10638    153 
 20260917    08:51:33       0     78     57      -    100      6      0      0      0      0   6500   1905      0      0  13998    175      0      -      -      0  12934   1499 
 20260917    08:51:34       0     79     56      -    100      7      0      0      0      0   6500   1905      0      0  13998    175      0      -      -      0  12885   1494 
 20260917    08:51:35       0     60     57      -    100      6      0      0      0      0   6500   1905      0      0  13998    175      0      -      -      0   8949   1505 
 20260917    08:51:36       0     60     57      -    100      9      0      0      0      0   6500   1905      0      0  13998    175      0      -      -      0  12926   1502 
 20260917    08:51:37       0     79     57      -    100      7      0      0      0      0   6500   1905      0      0  13998    175      0      -      -      0  11925      3 
 20260917    08:51:38       0     77     57      -      1      2      0      0      0      0   6500   1905      0      0  13998    175      0      -      -      0   4153      1 
 20260917    08:51:39       0     59     57      -      1      2      0      0      0      0   6500   1620      0      0  13998    175      0      -      -      0   3748      1 
 20260917    08:51:41       0     47     56      -      2      3      0      0      0      0   6500   1620      0      0  13998    175      0      -      -      0   3241      6 
 20260917    08:51:42       0     51     56      -      2      3      0      0      0      0   6500   1620      0      0  13998    175      0      -      -      0   3231      0 
 20260917    08:51:43       0     47     56      -      1      2      0      0      0      0   6500   1620      0      0  13998    175      0      -      -      0    290      2 
 20260917    08:51:44       0     47     56      -      1      2      0      0      0      0   6500   1620      0      0  13998    175      0      -      -      0   4030      1 
 20260917    08:51:45       0     47     56      -      1      2      0      0      0      0   6500   1620      0      0  13998    175      0      -      -      0   4153      1 
 20260917    08:51:46       0     47     56      -     13      4      0      0      0      0   6500   1620      0      0  13998    175      0      -      -      0   4135      1 
 20260917    08:51:47       0     47     56      -      1      2      0      0      0      0   6500   1620      0      0  13998    175      0      -      -      0   4138      1 
 20260917    08:51:48       0     47     56      -     13      4      0      0      0      0   6500   1620      0      0  13998    175      0      -      -      0   3966      1 
 20260917    08:51:49       0     47     56      -     13      4      0      0      0      0   6500   1620      0      0  13998    175      0      -      -      0   4153      1 
 20260917    08:51:50       0     57     56      -     13      4      0      0      0      0   6500   1620      0      0  13998    175      0      -      -      0   4153      1 
 20260917    08:51:51       0     52     56      -     13      4      0      0      0      0   6500   1620      0      0  13998    175      0      -      -      0   4163      1 
 20260917    08:51:52       0     46     56      -      7      2      0      0      0      0   6500   1620      0      0  13998    175      0      -      -      0   3895      1 
 20260917    08:51:53       0     54     56      -     13      4      0      0      0      0   6500   1620      0      0  13998    175      0      -      -      0   4089      1 
 20260917    08:51:54       0     58     56      -      1      2      0      0      0      0   6500   1620      0      0  13998    175      0      -      -      0   3967      1 
 20260917    08:51:55       0     58     56      -      2      3      0      0      0      0   6500   1620      0      0  13998    175      0      -      -      0   1585      1 
 20260917    08:51:57       0     47     56      -      4      2      0      0      0      0   6500   1620      0      0  13998    175      0      -      -      0   1789      0 
 20260917    08:51:58       0     47     56      -      1      2      0      0      0      0   6500   1620      0      0  13998    175      0      -      -      0   2966      5 
 20260917    08:51:59       0     47     56      -      1      2      0      0      0      0   6500   1620      0      0  13998    175      0      -      -      0   4154      1 
 20260917    08:52:00       0     47     55      -      1      2      0      0      0      0   6500   1620      0      0  13998    175      0      -      -      0   4132      1 
 20260917    08:52:01       0     47     55      -      1      2      0      0      0      0   6500   1620      0      0  13998    175      0      -      -      0   4137      1 
 20260917    08:52:02       0     60     56      -    100      6      0      0      0      0   6500   1905      0      0  13998    175      0      -      -      0  12927   1499 
 20260917    08:52:03       0     65     56      -    100      8      0      0      0      0   6500   1905      0      0  13998    175      0      -      -      0  12931   1500 
 20260917    08:52:04       0     65     57      -    100      6      0      0      0      0   6500   1905      0      0  13998    175      0      -      -      0  12962   1094 
 20260917    08:52:05       0     65     57      -    100      9      0      0      0      0   6500   1905      0      0  13998    175      0      -      -      0   9427   1499 
 20260917    08:52:06       0     60     57      -    100      6      0      0      0      0   6500   1905      0      0  13998    175      0      -      -      0  12927   1500 
 20260917    08:52:07       0     59     57      -      2      3      0      0      0      0   6500   1905      0      0  13998    175      0      -      -      0   4160      1 
#Date        Time         gpu    pwr  gtemp  mtemp     sm    mem    enc    dec    jpg    ofa   mclk   pclk  pviol  tviol     fb   bar1   ccpm  sbecc  dbecc    pci  rxpci  txpci 
#YYYYMMDD    HH:MM:SS     Idx      W      C      C      %      %      %      %      %      %    MHz    MHz      %   bool     MB     MB     MB   errs   errs   errs   MB/s   MB/s 
 20260917    08:52:08       0     59     57      -      1      2      0      0      0      0   6500   1905      0      0  13998    175      0      -      -      0   4139      1 
 20260917    08:52:09       0     47     56      -      1      3      0      0      0      0   6500   1620      0      0  13998    175      0      -      -      0   4158      1 
 20260917    08:52:10       0     47     56      -      1      2      0      0      0      0   6500   1620      0      0  13998    175      0      -      -      0   4160      1 
 20260917    08:52:11       0     47     56      -      1      2      0      0      0      0   6500   1620      0      0  13998    175      0      -      -      0   4160      1 
 20260917    08:52:13       0     46     56      -      1      2      0      0      0      0   6500   1620      0      0  13998    175      0      -      -      0   4139      1 
 20260917    08:52:14       0     47     56      -      1      3      0      0      0      0   6500   1620      0      0  13998    175      0      -      -      0   4171      1 
 20260917    08:52:15       0     47     56      -      1      2      0      0      0      0   6500   1620      0      0  13998    175      0      -      -      0   4155      1 
 20260917    08:52:16       0     47     56      -      3      4      0      0      0      0   6500   1620      0      0  13998    175      0      -      -      0   4140      1 
 20260917    08:52:17       0     47     56      -      4      3      0      0      0      0   6500   1620      0      0  13998    175      0      -      -      0   4127      1 
 20260917    08:52:18       0     47     56      -      1      2      0      0      0      0   6500   1620      0      0  13998    175      0      -      -      0   4138      1 
 20260917    08:52:19       0     47     56      -      4      5      0      0      0      0   6500   1620      0      0  13998    175      0      -      -      0   4155      1 
 20260917    08:52:20       0     47     56      -      4      4      0      0      0      0   6500   1620      0      0  13998    175      0      -      -      0   4155      1 
 20260917    08:52:21       0     47     56      -      2      3      0      0      0      0   6500   1620      0      0  13998    175      0      -      -      0   3847      1 
 20260917    08:52:22       0     47     56      -      1      2      0      0      0      0   6500   1620      0      0  13998    175      0      -      -      0   4143      1 
 20260917    08:52:23       0     47     56      -      4      4      0      0      0      0   6500   1620      0      0  13998    175      0      -      -      0   4152      1 
 20260917    08:52:24       0     47     55      -      1      3      0      0      0      0   6500   1620      0      0  13998    175      0      -      -      0   4162      1 
 20260917    08:52:25       0     47     55      -      1      2      0      0      0      0   6500   1620      0      0  13998    175      0      -      -      0   4167      1 
 20260917    08:52:26       0     47     55      -      4      4      0      0      0      0   6500   1620      0      0  13998    175      0      -      -      0   4138      1 
 20260917    08:52:27       0     47     55      -      1      2      0      0      0      0   6500   1620      0      0  13998    175      0      -      -      0   4140      1 
 20260917    08:52:29       0     47     55      -      1      2      0      0      0      0   6500   1620      0      0  13998    175      0      -      -      0   4166      1 
 20260917    08:52:30       0     66     56      -     68      9      0      0      0      0   6500   1905      0      0  13998    175      0      -      -      0  12654    147 
 20260917    08:52:31       0     60     57      -    100      9      0      0      0      0   6500   1905      0      0  13998    175      0      -      -      0  12926   1508 
 20260917    08:52:32       0     63     57      -    100      6      0      0      0      0   6500   1905      0      0  13998    175      0      -      -      0   5756    926 
 20260917    08:52:33       0     60     57      -    100      6      0      0      0      0   6500   1905      0      0  13998    175      0      -      -      0  12943   1502 
 20260917    08:52:34       0     70     57      -    100      6      0      0      0      0   6500   1905      0      0  13998    175      0      -      -      0    731   1502 
 20260917    08:52:35       0     60     57      -    100      9      0      0      0      0   6500   1905      0      0  13998    175      0      -      -      0  12926   1501 
 20260917    08:52:36       0     59     57      -      2      3      0      0      0      0   6500   1905      0      0  13998    175      0      -      -      0   4146      1 
 20260917    08:52:37       0     59     57      -      1      2      0      0      0      0   6500   1905      0      0  13998    175      0      -      -      0   4158      1 
 20260917    08:52:38       0     47     56      -      2      3      0      0      0      0   6500   1620      0      0  13998    175      0      -      -      0   4139      1 
 20260917    08:52:39       0     47     56      -      1      2      0      0      0      0   6500   1620      0      0  13998    175      0      -      -      0   4153      1 
 20260917    08:52:40       0     47     56      -     12      4      0      0      0      0   6500   1620      0      0  13998    175      0      -      -      0   4160      1 
 20260917    08:52:41       0     47     56      -      1      2      0      0      0      0   6500   1620      0      0  13998    175      0      -      -      0   4152      1 
 20260917    08:52:42       0     47     56      -      8      4      0      0      0      0   6500   1620      0      0  13998    175      0      -      -      0   4136      1 
 20260917    08:52:43       0     53     56      -     12      5      0      0      0      0   6500   1620      0      0  13998    175      0      -      -      0   4151      1 
 20260917    08:52:44       0     46     56      -      1      2      0      0      0      0   6500   1620      0      0  13998    175      0      -      -      0   4161      1 
 20260917    08:52:46       0     55     56      -     11      4      0      0      0      0   6500   1620      0      0  13998    175      0      -      -      0   4154      1 
 20260917    08:52:47       0     55     56      -      4      2      0      0      0      0   6500   1620      0      0  13998    175      0      -      -      0   4165      1 
 20260917    08:52:48       0     46     56      -      1      2      0      0      0      0   6500   1620      0      0  13998    175      0      -      -      0   3883      1 
 20260917    08:52:49       0     46     56      -      1      2      0      0      0      0   6500   1620      0      0  13998    175      0      -      -      0   4147      4 
 20260917    08:52:50       0     47     56      -      1      2      0      0      0      0   6500   1620      0      0  13998    175      0      -      -      0   1859      0 
 20260917    08:52:51       0     47     56      -      2      3      0      0      0      0   6500   1620      0      0  13998    175      0      -      -      0   2501     10 
 20260917    08:52:52       0     47     56      -      1      2      0      0      0      0   6500   1620      0      0  13998    175      0      -      -      0   3699      5 
 20260917    08:52:53       0     47     56      -      2      3      0      0      0      0   6500   1620      0      0  13998    175      0      -      -      0   4251     11 
 20260917    08:52:54       0     47     56      -      1      2      0      0      0      0   6500   1620      0      0  13998    175      0      -      -      0   4162     14 
#Date        Time         gpu    pwr  gtemp  mtemp     sm    mem    enc    dec    jpg    ofa   mclk   pclk  pviol  tviol     fb   bar1   ccpm  sbecc  dbecc    pci  rxpci  txpci 
#YYYYMMDD    HH:MM:SS     Idx      W      C      C      %      %      %      %      %      %    MHz    MHz      %   bool     MB     MB     MB   errs   errs   errs   MB/s   MB/s 
 20260917    08:52:55       0     47     55      -     12      5      0      0      0      0   6500   1620      0      0  13998    175      0      -      -      0   4152     14 
 20260917    08:52:56       0     47     56      -     11      4      0      0      0      0   6500   1620      0      0  13998    175      0      -      -      0   4344      8 
 20260917    08:52:57       0     50     55      -     11      4      0      0      0      0   6500   1620      0      0  13998    175      0      -      -      0   4165      1 
 20260917    08:52:58       0     46     55      -     11      4      0      0      0      0   6500   1620      0      0  13998    175      0      -      -      0   4163      1 
 20260917    08:52:59       0     60     56      -    100      6      0      0      0      0   6500   1905      0      0  13998    175      0      -      -      0  12920   1500 
 20260917    08:53:00       0     65     56      -    100      9      0      0      0      0   6500   1905      0      0  13998    175      0      -      -      0  12930   1503 
 20260917    08:53:01       0     60     57      -    100      9      0      0      0      0   6500   1905      0      0  13998    175      0      -      -      0  13109   1500 
 20260917    08:53:02       0     65     57      -    100      6      0      0      0      0   6500   1905      0      0  13998    175      0      -      -      0  12875   1501 
 20260917    08:53:03       0     65     57      -    100      6      0      0      0      0   6500   1905      0      0  13998    175      0      -      -      0  12920   1504 
 20260917    08:53:05       0     59     57      -     75      6      0      0      0      0   6500   1905      0      0  13998    175      0      -      -      0   4102      1 
 20260917    08:53:06       0     59     57      -      4      4      0      0      0      0   6500   1905      0      0  13998    175      0      -      -      0   4162      1 
 20260917    08:53:07       0     46     56      -      4      4      0      0      0      0   6500   1620      0      0  13998    175      0      -      -      0   4180      1 
 20260917    08:53:08       0     47     56      -      4      5      0      0      0      0   6500   1620      0      0  13998    175      0      -      -      0   4165      1 
 20260917    08:53:09       0     50     56      -      1      4      0      0      0      0   6500   1620      0      0  13998    175      0      -      -      0   4140      5 
 20260917    08:53:10       0     50     56      -      4      5      0      0      0      0   6500   1620      0      0  13998    175      0      -      -      0   4139      1 
 20260917    08:53:11       0     50     56      -      1      2      0      0      0      0   6500   1620      0      0  13998    175      0      -      -      0   3840      5 
 20260917    08:53:12       0     50     56      -      2      3      0      0      0      0   6500   1620      0      0  13998    175      0      -      -      0   3882      1 
 20260917    08:53:13       0     47     56      -      4      5      0      0      0      0   6500   1620      0      0  13998    175      0      -      -      0   4029      1 
 20260917    08:53:14       0     50     56      -      2      3      0      0      0      0   6500   1620      0      0  13998    175      0      -      -      0   2698      1 
 20260917    08:53:15       0     47     56      -      1      2      0      0      0      0   6500   1620      0      0  13998    175      0      -      -      0   4157      1 
 20260917    08:53:16       0     46     56      -      1      2      0      0      0      0   6500   1620      0      0  13998    175      0      -      -      0   3995      0 
 20260917    08:53:17       0     47     56      -      3      4      0      0      0      0   6500   1620      0      0  13998    175      0      -      -      0   3916      0 
 20260917    08:53:18       0     47     56      -      1      2      0      0      0      0   6500   1620      0      0  13998    175      0      -      -      0   3453      1 
 20260917    08:53:19       0     47     55      -      1      3      0      0      0      0   6500   1620      0      0  13998    175      0      -      -      0   2641      0 
 20260917    08:53:20       0     47     55      -      1      2      0      0      0      0   6500   1620      0      0  13998    175      0      -      -      0   2558      3 
 20260917    08:53:21       0     47     56      -      2      3      0      0      0      0   6500   1620      0      0  13998    175      0      -      -      0   2556      2 
 20260917    08:53:22       0     47     55      -      1      2      0      0      0      0   6500   1620      0      0  13998    175      0      -      -      0   2528      1 
 20260917    08:53:24       0     46     55      -      1      2      0      0      0      0   6500   1620      0      0  13998    175      0      -      -      0   4114      1 
 20260917    08:53:25       0     46     55      -      1      2      0      0      0      0   6500   1620      0      0  13998    175      0      -      -      0   4185      4 
 20260917    08:53:26       0     46     55      -      1      2      0      0      0      0   6500   1620      0      0  13998    175      0      -      -      0   4166      1 
 20260917    08:53:27       0     47     55      -      1      2      0      0      0      0   6500   1620      0      0  13998    175      0      -      -      0   3907      2 
 20260917    08:53:28       0     65     56      -    100      9      0      0      0      0   6500   1905      0      0  13998    175      0      -      -      0  13264   1501 
 20260917    08:53:29       0     59     57      -    100      6      0      0      0      0   6500   1905      0      0  13998    175      0      -      -      0  12911   1500 
 20260917    08:53:30       0     65     57      -    100      6      0      0      0      0   6500   1905      0      0  13998    175      0      -      -      0  13235   1504 
 20260917    08:53:31       0     60     57      -    100      6      0      0      0      0   6500   1905      0      0  13998    175      0      -      -      0  13199   1507 
 20260917    08:53:32       0     66     57      -    100      9      0      0      0      0   6500   1905      0      0  13998    175      0      -      -      0  12994   1500 
 20260917    08:53:33       0     60     56      -      1      2      0      0      0      0   6500   1905      0      0  13998    175      0      -      -      0   4147      1 
 20260917    08:53:34       0     60     56      -      1      2      0      0      0      0   6500   1905      0      0  13998    175      0      -      -      0   4253      2 
 20260917    08:53:35       0     47     56      -      1      2      0      0      0      0   6500   1620      0      0  13998    175      0      -      -      0   4207      9 
 20260917    08:53:36       0     46     56      -      1      2      0      0      0      0   6500   1620      0      0  13998    175      0      -      -      0   4147     14 
 20260917    08:53:37       0     47     56      -      1      2      0      0      0      0   6500   1620      0      0  13998    175      0      -      -      0   4254     11 
 20260917    08:53:38       0     46     56      -      1      2      0      0      0      0   6500   1620      0      0  13998    175      0      -      -      0   4313      2 
 20260917    08:53:39       0     46     56      -      1      2      0      0      0      0   6500   1620      0      0  13998    175      0      -      -      0   4173      1 
 20260917    08:53:40       0     46     56      -      4      4      0      0      0      0   6500   1620      0      0  13998    175      0      -      -      0   4147      1 
#Date        Time         gpu    pwr  gtemp  mtemp     sm    mem    enc    dec    jpg    ofa   mclk   pclk  pviol  tviol     fb   bar1   ccpm  sbecc  dbecc    pci  rxpci  txpci 
#YYYYMMDD    HH:MM:SS     Idx      W      C      C      %      %      %      %      %      %    MHz    MHz      %   bool     MB     MB     MB   errs   errs   errs   MB/s   MB/s 
 20260917    08:53:41       0     46     56      -      1      2      0      0      0      0   6500   1620      0      0  13998    175      0      -      -      0   4167      1 
 20260917    08:53:43       0     46     56      -      2      3      0      0      0      0   6500   1620      0      0  13998    175      0      -      -      0   4044      1 
 20260917    08:53:44       0     46     55      -      4      4      0      0      0      0   6500   1620      0      0  13998    175      0      -      -      0   4163      1 
 20260917    08:53:45       0     46     55      -      4      4      0      0      0      0   6500   1620      0      0  13998    175      0      -      -      0   4329      5 
 20260917    08:53:46       0     46     55      -      1      2      0      0      0      0   6500   1620      0      0  13998    175      0      -      -      0   4169      1 
 20260917    08:53:47       0     46     55      -      4      5      0      0      0      0   6500   1620      0      0  13998    175      0      -      -      0   4128      2 
 20260917    08:53:48       0     46     55      -      4      4      0      0      0      0   6500   1620      0      0  13998    175      0      -      -      0   4254      7 
 20260917    08:53:49       0     46     55      -      4      4      0      0      0      0   6500   1620      0      0  13998    175      0      -      -      0   4165     13 
 20260917    08:53:50       0     49     55      -      4      4      0      0      0      0   6500   1620      0      0  13998    175      0      -      -      0   4163     10 
 20260917    08:53:51       0     46     55      -      4      4      0      0      0      0   6500   1620      0      0  13998    175      0      -      -      0   4354      8 
 20260917    08:53:52       0     46     55      -      1      2      0      0      0      0   6500   1620      0      0  13998    175      0      -      -      0   4168      1 
 20260917    08:53:53       0     49     55      -      4      4      0      0      0      0   6500   1620      0      0  13998    175      0      -      -      0   4160      1 
 20260917    08:53:54       0     47     55      -      4      4      0      0      0      0   6500   1620      0      0  13998    175      0      -      -      0   3944      1 
 20260917    08:53:55       0     55     55      -      1      2      0      0      0      0   6500   1620      0      0  13998    175      0      -      -      0  12910   1498 
 20260917    08:53:56       0     65     56      -    100      6      0      0      0      0   6500   1905      0      0  13998    175      0      -      -      0  12871   1300 
 20260917    08:53:57       0     65     56      -    100      6      0      0      0      0   6500   1905      0      0  13998    175      0      -      -      0  12927   1049 
 20260917    08:53:58       0     64     56      -    100      9      0      0      0      0   6500   1905      0      0  13998    175      0      -      -      0   9061   1494 
 20260917    08:53:59       0     65     56      -    100      9      0      0      0      0   6500   1905      0      0  13998    175      0      -      -      0  11358   1500 
 20260917    08:54:00       0     59     57      -    100      6      0      0      0      0   6500   1905      0      0  13998    175      0      -      -      0  12926   1501 
 20260917    08:54:02       0     60     56      -      4      4      0      0      0      0   6500   1905      0      0  13998    175      0      -      -      0   3824      1 
 20260917    08:54:03       0     59     56      -      4      4      0      0      0      0   6500   1905      0      0  13998    175      0      -      -      0   4129      1 
 20260917    08:54:04       0     46     56      -      4      5      0      0      0      0   6500   1620      0      0  13998    175      0      -      -      0   4132      1 
 20260917    08:54:05       0     50     56      -      4      4      0      0      0      0   6500   1620      0      0  13998    175      0      -      -      0   4156      1 
 20260917    08:54:06       0     46     56      -      4      4      0      0      0      0   6500   1620      0      0  13998    175      0      -      -      0   4156      1 
 20260917    08:54:07       0     46     56      -      4      5      0      0      0      0   6500   1620      0      0  13998    175      0      -      -      0   4157      1 
 20260917    08:54:08       0     50     56      -      4      4      0      0      0      0   6500   1620      0      0  13998    175      0      -      -      0   3913      5 
 20260917    08:54:09       0     46     56      -      4      5      0      0      0      0   6500   1620      0      0  13998    175      0      -      -      0   4151      1 
 20260917    08:54:10       0     50     55      -      4      5      0      0      0      0   6500   1620      0      0  13998    175      0      -      -      0   4162      1 
 20260917    08:54:11       0     46     55      -      4      4      0      0      0      0   6500   1620      0      0  13998    175      0      -      -      0   4139      1 
 20260917    08:54:12       0     46     55      -      4      4      0      0      0      0   6500   1620      0      0  13998    175      0      -      -      0   4154      1 
 20260917    08:54:13       0     49     55      -      4      5      0      0      0      0   6500   1620      0      0  13998    175      0      -      -      0   4135      1 
 20260917    08:54:14       0     46     55      -      1      5      0      0      0      0   6500   1620      0      0  13998    175      0      -      -      0   4168      1 
 20260917    08:54:15       0     46     55      -      4      5      0      0      0      0   6500   1620      0      0  13998    175      0      -      -      0   4150      1 
 20260917    08:54:16       0     45     55      -      4      4      0      0      0      0   6500   1620      0      0  13998    175      0      -      -      0   4161      1 
 20260917    08:54:18       0     46     55      -      1      2      0      0      0      0   6500   1620      0      0  13998    175      0      -      -      0   4010      1 
 20260917    08:54:19       0     49     55      -      4      4      0      0      0      0   6500   1620      0      0  13998    175      0      -      -      0   4157      1 
 20260917    08:54:20       0     49     55      -      4      5      0      0      0      0   6500   1620      0      0  13998    175      0      -      -      0   4084      1 
 20260917    08:54:21       0     49     55      -      1      2      0      0      0      0   6500   1620      0      0  13998    175      0      -      -      0   4124      1 
 20260917    08:54:22       0     46     55      -      4      5      0      0      0      0   6500   1620      0      0  13998    175      0      -      -      0   4162      1 
 20260917    08:54:23       0     50     55      -      1      2      0      0      0      0   6500   1620      0      0  13998    175      0      -      -      0   4049      1 
 20260917    08:54:24       0     65     56      -    100      6      0      0      0      0   6500   1905      0      0  13998    175      0      -      -      0   9089   1498 
 20260917    08:54:25       0     65     56      -    100      6      0      0      0      0   6500   1905      0      0  13998    175      0      -      -      0  12927   1501 
 20260917    08:54:26       0     59     57      -    100      6      0      0      0      0   6500   1905      0      0  13998    175      0      -      -      0  12995   1500 
 20260917    08:54:27       0     65     57      -    100      9      0      0      0      0   6500   1905      0      0  13998    175      0      -      -      0  12921   1494 
#Date        Time         gpu    pwr  gtemp  mtemp     sm    mem    enc    dec    jpg    ofa   mclk   pclk  pviol  tviol     fb   bar1   ccpm  sbecc  dbecc    pci  rxpci  txpci 
#YYYYMMDD    HH:MM:SS     Idx      W      C      C      %      %      %      %      %      %    MHz    MHz      %   bool     MB     MB     MB   errs   errs   errs   MB/s   MB/s 
 20260917    08:54:28       0     65     57      -    100      6      0      0      0      0   6500   1905      0      0  13998    175      0      -      -      0  12883   1495 
 20260917    08:54:29       0     58     56      -     26      4      0      0      0      0   6500   1905      0      0  13998    175      0      -      -      0   4153      1 
 20260917    08:54:30       0     64     56      -      4      5      0      0      0      0   6500   1905      0      0  13998    175      0      -      -      0   4150      1 
 20260917    08:54:31       0     46     56      -      1      2      0      0      0      0   6500   1620      0      0  13998    175      0      -      -      0   4138      1 
 20260917    08:54:32       0     50     56      -      4      4      0      0      0      0   6500   1620      0      0  13998    175      0      -      -      0   4156      1 
 20260917    08:54:34       0     46     56      -      4      4      0      0      0      0   6500   1620      0      0  13998    175      0      -      -      0   4138      1 
 20260917    08:54:35       0     46     56      -      1      2      0      0      0      0   6500   1620      0      0  13998    175      0      -      -      0   4131      1 
 20260917    08:54:36       0     50     56      -      4      4      0      0      0      0   6500   1620      0      0  13998    175      0      -      -      0   4133      1 
 20260917    08:54:37       0     49     56      -      5      5      0      0      0      0   6500   1620      0      0  13998    175      0      -      -      0   4142      1 
 20260917    08:54:38       0     50     55      -      1      2      0      0      0      0   6500   1620      0      0  13998    175      0      -      -      0   4166      1 
 20260917    08:54:39       0     49     55      -      4      4      0      0      0      0   6500   1620      0      0  13998    175      0      -      -      0   4073      1 
 20260917    08:54:40       0     50     55      -      4      4      0      0      0      0   6500   1620      0      0  13998    175      0      -      -      0   4078      1 
 20260917    08:54:41       0     50     55      -      1      2      0      0      0      0   6500   1620      0      0  13998    175      0      -      -      0   4140      1 
 20260917    08:54:42       0     46     55      -      1      2      0      0      0      0   6500   1620      0      0  13998    175      0      -      -      0   4160      1 
 20260917    08:54:43       0     50     55      -      4      4      0      0      0      0   6500   1620      0      0  13998    175      0      -      -      0   4121      1 
 20260917    08:54:44       0     49     55      -      4      5      0      0      0      0   6500   1620      0      0  13998    175      0      -      -      0   4153      5 
 20260917    08:54:45       0     46     55      -      1      2      0      0      0      0   6500   1620      0      0  13998    175      0      -      -      0   4153      1 
 20260917    08:54:46       0     50     55      -      4      4      0      0      0      0   6500   1620      0      0  13998    175      0      -      -      0   4154      1 
 20260917    08:54:47       0     49     55      -      4      5      0      0      0      0   6500   1620      0      0  13998    175      0      -      -      0   4049      1 
 20260917    08:54:48       0     46     55      -      1      2      0      0      0      0   6500   1620      0      0  13998    175      0      -      -      0   3932      1 
 20260917    08:54:49       0     46     55      -      4      5      0      0      0      0   6500   1620      0      0  13998    175      0      -      -      0   2643      1 
 20260917    08:54:51       0     49     55      -      1      2      0      0      0      0   6500   1620      0      0  13998    175      0      -      -      0   1407      1 
 20260917    08:54:52       0     46     56      -      1      2      0      0      0      0   6500   1620      0      0  13998    175      0      -      -      0  12922   1494 
 20260917    08:54:53       0     59     56      -    100      6      0      0      0      0   6500   1905      0      0  13998    175      0      -      -      0  12923   1499 
 20260917    08:54:54       0     62     56      -    100      6      0      0      0      0   6500   1905      0      0  13998    175      0      -      -      0  12955   1504 
 20260917    08:54:55       0     65     56      -    100      6      0      0      0      0   6500   1905      0      0  13998    175      0      -      -      0  12931   1499 
 20260917    08:54:56       0     65     56      -    100      6      0      0      0      0   6500   1905      0      0  13998    175      0      -      -      0  12936   1495 
 20260917    08:54:57       0     65     56      -    100      6      0      0      0      0   6500   1905      0      0  13998    175      0      -      -      0  12936   1085 
 20260917    08:54:58       0     58     56      -      4      4      0      0      0      0   6500   1905      0      0  13998    175      0      -      -      0   4097      1 
 20260917    08:54:59       0     64     56      -      1      2      0      0      0      0   6500   1905      0      0  13998    175      0      -      -      0   4158      1 
 20260917    08:55:00       0     49     56      -      4      4      0      0      0      0   6500   1620      0      0  13998    175      0      -      -      0   4144      1 
 20260917    08:55:01       0     47     56      -      4      4      0      0      0      0   6500   1620      0      0  13998    175      0      -      -      0   4165      1 
 20260917    08:55:02       0     49     55      -      2      2      0      0      0      0   6500   1620      0      0  13998    175      0      -      -      0   4106      1 
 20260917    08:55:03       0     49     55      -      1      2      0      0      0      0   6500   1620      0      0  13998    175      0      -      -      0   3951      1 
 20260917    08:55:04       0     49     55      -      4      5      0      0      0      0   6500   1620      0      0  13998    175      0      -      -      0   3779      1 
 20260917    08:55:05       0     50     55      -      1      2      0      0      0      0   6500   1620      0      0  13998    175      0      -      -      0   4150      1 
 20260917    08:55:06       0     47     55      -      1      2      0      0      0      0   6500   1620      0      0  13998    175      0      -      -      0   1407      1 
 20260917    08:55:08       0     46     55      -      2      3      0      0      0      0   6500   1620      0      0  13998    175      0      -      -      0   2143      0 
 20260917    08:55:09       0     46     55      -      1      2      0      0      0      0   6500   1620      0      0  13998    175      0      -      -      0   4164      0 
 20260917    08:55:10       0     47     56      -      1      2      0      0      0      0   6500   1620      0      0  13998    175      0      -      -      0   3955      0 
 20260917    08:55:11       0     46     55      -      1      2      0      0      0      0   6500   1620      0      0  13998    175      0      -      -      0   3026      0 
 20260917    08:55:12       0     46     55      -      2      3      0      0      0      0   6500   1620      0      0  13998    175      0      -      -      0   2562      7 
 20260917    08:55:13       0     46     55      -      1      2      0      0      0      0   6500   1620      0      0  13998    175      0      -      -      0   2290      7 
 20260917    08:55:14       0     46     55      -      1      2      0      0      0      0   6500   1620      0      0  13998    175      0      -      -      0   4246      8 
#Date        Time         gpu    pwr  gtemp  mtemp     sm    mem    enc    dec    jpg    ofa   mclk   pclk  pviol  tviol     fb   bar1   ccpm  sbecc  dbecc    pci  rxpci  txpci 
#YYYYMMDD    HH:MM:SS     Idx      W      C      C      %      %      %      %      %      %    MHz    MHz      %   bool     MB     MB     MB   errs   errs   errs   MB/s   MB/s 
 20260917    08:55:15       0     46     55      -      2      3      0      0      0      0   6500   1620      0      0  13998    175      0      -      -      0   4081      1 
 20260917    08:55:16       0     46     55      -      1      2      0      0      0      0   6500   1620      0      0  13998    175      0      -      -      0   4166      1 
 20260917    08:55:17       0     46     55      -      1      2      0      0      0      0   6500   1620      0      0  13998    175      0      -      -      0   4167      1 
 20260917    08:55:18       0     46     55      -      1      2      0      0      0      0   6500   1620      0      0  13998    175      0      -      -      0   4147      1 
 20260917    08:55:19       0     46     55      -      1      1      0      0      0      0   6500   1620      0      0  13998    175      0      -      -      0   4175      5 
 20260917    08:55:20       0     60     56      -    100      9      0      0      0      0   6500   1905      0      0  13998    175      0      -      -      0  13056   1502 
 20260917    08:55:21       0     65     56      -    100      7      0      0      0      0   6500   1905      0      0  13998    175      0      -      -      0  13233   1501 
 20260917    08:55:22       0     66     56      -    100      6      0      0      0      0   6500   1905      0      0  13998    175      0      -      -      0  13282   1504 
 20260917    08:55:23       0     66     56      -    100      6      0      0      0      0   6500   1905      0      0  13998    175      0      -      -      0  13211   1495 
 20260917    08:55:24       0     66     56      -    100      6      0      0      0      0   6500   1905      0      0  13998    175      0      -      -      0  12979   1139 
 20260917    08:55:25       0     59     56      -    100      8      0      0      0      0   6500   1905      0      0  13998    175      0      -      -      0   9781     11 
 20260917    08:55:26       0     59     56      -      2      3      0      0      0      0   6500   1905      0      0  13998    175      0      -      -      0   4118      6 
 20260917    08:55:28       0     46     56      -      1      2      0      0      0      0   6500   1620      0      0  13998    175      0      -      -      0   4321      7 
 20260917    08:55:29       0     47     56      -      2      3      0      0      0      0   6500   1620      0      0  13998    175      0      -      -      0   4284      7 
 20260917    08:55:30       0     47     55      -      1      2      0      0      0      0   6500   1620      0      0  13998    175      0      -      -      0   4308      3 
 20260917    08:55:31       0     47     55      -      1      2      0      0      0      0   6500   1620      0      0  13998    175      0      -      -      0   4171      1 
 20260917    08:55:32       0     46     55      -      3      4      0      0      0      0   6500   1620      0      0  13998    175      0      -      -      0   4164      2 
 20260917    08:55:33       0     46     55      -      2      3      0      0      0      0   6500   1620      0      0  13998    175      0      -      -      0   4002      1 
 20260917    08:55:34       0     46     55      -      3      4      0      0      0      0   6500   1620      0      0  13998    175      0      -      -      0   4168      1 
 20260917    08:55:35       0     46     55      -      3      4      0      0      0      0   6500   1620      0      0  13998    175      0      -      -      0   4167      1 
 20260917    08:55:36       0     46     55      -      4      5      0      0      0      0   6500   1620      0      0  13998    175      0      -      -      0   4167      1 
 20260917    08:55:37       0     46     55      -      3      4      0      0      0      0   6500   1620      0      0  13998    175      0      -      -      0   4163      1 
 20260917    08:55:38       0     46     55      -      3      4      0      0      0      0   6500   1620      0      0  13998    175      0      -      -      0   4200      2 
 20260917    08:55:39       0     46     55      -      3      4      0      0      0      0   6500   1620      0      0  13998    175      0      -      -      0   4163      1 
 20260917    08:55:40       0     46     55      -      4      5      0      0      0      0   6500   1620      0      0  13998    175      0      -      -      0   4149      1 
 20260917    08:55:41       0     46     55      -      3      4      0      0      0      0   6500   1620      0      0  13998    175      0      -      -      0   4170      1 
 20260917    08:55:42       0     46     55      -      3      4      0      0      0      0   6500   1620      0      0  13998    175      0      -      -      0   4205      6 
 20260917    08:55:43       0     45     55      -      3      4      0      0      0      0   6500   1620      0      0  13998    175      0      -      -      0   4176      7 
 20260917    08:55:44       0     46     55      -      3      4      0      0      0      0   6500   1620      0      0  13998    175      0      -      -      0   4268      5 
 20260917    08:55:46       0     50     55      -      3      4      0      0      0      0   6500   1620      0      0  13998    175      0      -      -      0   4176      2 
 20260917    08:55:47       0     49     55      -      2      2      0      0      0      0   6500   1620      0      0  13998    175      0      -      -      0   4164      1 
 20260917    08:55:48       0     50     55      -      1      2      0      0      0      0   6500   1620      0      0  13998    175      0      -      -      0   4166      1 
 20260917    08:55:49       0     66     56      -    100      7      0      0      0      0   6500   1905      0      0  13998    175      0      -      -      0  10361   1499 
 20260917    08:55:50       0     59     56      -    100      6      0      0      0      0   6500   1905      0      0  13998    175      0      -      -      0  12913   1500 
 20260917    08:55:51       0     59     56      -    100      9      0      0      0      0   6500   1905      0      0  13998    175      0      -      -      0  12917   1500 
 20260917    08:55:52       0     66     56      -    100      9      0      0      0      0   6500   1905      0      0  13998    175      0      -      -      0  12922   1505 
 20260917    08:55:53       0     59     56      -    100      9      0      0      0      0   6500   1905      0      0  13998    175      0      -      -      0  12943   1500 
 20260917    08:55:54       0     64     56      -    100      6      0      0      0      0   6500   1905      0      0  13998    175      0      -      -      0   1360      1 
 20260917    08:55:55       0     59     56      -      2      3      0      0      0      0   6500   1905      0      0  13998    175      0      -      -      0   3419      0 
 20260917    08:55:56       0     46     56      -      4      5      0      0      0      0   6500   1620      0      0  13998    175      0      -      -      0   3377      0 
 20260917    08:55:57       0     47     56      -      2      3      0      0      0      0   6500   1620      0      0  13998    175      0      -      -      0   1776      0 
 20260917    08:55:58       0     46     55      -      1      2      0      0      0      0   6500   1620      0      0  13998    175      0      -      -      0   2457      1 
 20260917    08:55:59       0     46     55      -      1      3      0      0      0      0   6500   1620      0      0  13998    175      0      -      -      0   2464      1 
 20260917    08:56:00       0     46     55      -      1      2      0      0      0      0   6500   1620      0      0  13998    175      0      -      -      0   2500      1 
#Date        Time         gpu    pwr  gtemp  mtemp     sm    mem    enc    dec    jpg    ofa   mclk   pclk  pviol  tviol     fb   bar1   ccpm  sbecc  dbecc    pci  rxpci  txpci 
#YYYYMMDD    HH:MM:SS     Idx      W      C      C      %      %      %      %      %      %    MHz    MHz      %   bool     MB     MB     MB   errs   errs   errs   MB/s   MB/s 
 20260917    08:56:01       0     46     55      -      2      3      0      0      0      0   6500   1620      0      0  13998    175      0      -      -      0   2858      3 
 20260917    08:56:02       0     47     55      -      1      2      0      0      0      0   6500   1620      0      0  13998    175      0      -      -      0   2756      1 
 20260917    08:56:04       0     47     55      -      2      3      0      0      0      0   6500   1620      0      0  13998    175      0      -      -      0   2512      1 
 20260917    08:56:05       0     46     55      -      1      2      0      0      0      0   6500   1620      0      0  13998    175      0      -      -      0   2661      1 
 20260917    08:56:06       0     46     55      -      1      2      0      0      0      0   6500   1620      0      0  13998    175      0      -      -      0   2568      1 
 20260917    08:56:07       0     46     55      -      1      2      0      0      0      0   6500   1620      0      0  13998    175      0      -      -      0   2805      1 
 20260917    08:56:08       0     46     55      -      1      2      0      0      0      0   6500   1620      0      0  13998    175      0      -      -      0   2396      1 
 20260917    08:56:09       0     46     55      -      2      3      0      0      0      0   6500   1620      0      0  13998    175      0      -      -      0   4156      1 
 20260917    08:56:10       0     46     55      -      1      2      0      0      0      0   6500   1620      0      0  13998    175      0      -      -      0   4152      1 
 20260917    08:56:11       0     46     55      -      2      3      0      0      0      0   6500   1620      0      0  13998    175      0      -      -      0   4142      1 
 20260917    08:56:12       0     46     55      -      1      2      0      0      0      0   6500   1620      0      0  13998    175      0      -      -      0   4159      1 
 20260917    08:56:13       0     46     55      -      1      2      0      0      0      0   6500   1620      0      0  13998    175      0      -      -      0   4156      1 
 20260917    08:56:14       0     46     55      -      1      2      0      0      0      0   6500   1620      0      0  13998    175      0      -      -      0   4155      1 
 20260917    08:56:15       0     46     55      -      1      2      0      0      0      0   6500   1620      0      0  13998    175      0      -      -      0   4140      1 
 20260917    08:56:16       0     46     55      -      1      2      0      0      0      0   6500   1620      0      0  13998    175      0      -      -      0   4155      1 
 20260917    08:56:17       0     73     56      -    100      6      0      0      0      0   6500   1905      0      0  13998    175      0      -      -      0  12933   1499 
 20260917    08:56:18       0     73     56      -    100      6      0      0      0      0   6500   1905      0      0  13998    175      0      -      -      0  12932   1500 
 20260917    08:56:19       0     73     56      -    100      6      0      0      0      0   6500   1905      0      0  13998    175      0      -      -      0  12918    544 
 20260917    08:56:21       0     74     56      -    100      9      0      0      0      0   6500   1905      0      0  13998    175      0      -      -      0  12932   1500 
 20260917    08:56:22       0     74     56      -    100      6      0      0      0      0   6500   1905      0      0  13998    175      0      -      -      0  10553   1500 
 20260917    08:56:23       0     72     56      -    100      6      0      0      0      0   6500   1905      0      0  13998    175      0      -      -      0   2268      1 
 20260917    08:56:24       0     59     57      -      2      3      0      0      0      0   6500   1905      0      0  13998    175      0      -      -      0   1546      0 
 20260917    08:56:25       0     47     56      -      1      2      0      0      0      0   6500   1620      0      0  13998    175      0      -      -      0   1224      1 
 20260917    08:56:26       0     47     56      -      2      3      0      0      0      0   6500   1620      0      0  13998    175      0      -      -      0   1561      3 
 20260917    08:56:27       0     46     56      -      1      2      0      0      0      0   6500   1620      0      0  13998    175      0      -      -      0   3826      1 
 20260917    08:56:28       0     46     56      -      1      2      0      0      0      0   6500   1620      0      0  13998    175      0      -      -      0   3681      1 
 20260917    08:56:29       0     46     55      -      1      2      0      0      0      0   6500   1620      0      0  13998    175      0      -      -      0   4084      1 
 20260917    08:56:30       0     47     55      -      2      3      0      0      0      0   6500   1620      0      0  13998    175      0      -      -      0   3957      1 
 20260917    08:56:31       0     47     55      -      1      3      0      0      0      0   6500   1620      0      0  13998    175      0      -      -      0   4163      1 
 20260917    08:56:32       0     47     55      -      1      2      0      0      0      0   6500   1620      0      0  13998    175      0      -      -      0   4072      1 
 20260917    08:56:33       0     46     55      -      1      2      0      0      0      0   6500   1620      0      0  13998    175      0      -      -      0   4153      1 
 20260917    08:56:34       0     47     55      -     10      4      0      0      0      0   6500   1620      0      0  13998    175      0      -      -      0   4146      1 
 20260917    08:56:35       0     47     55      -      1      3      0      0      0      0   6500   1620      0      0  13998    175      0      -      -      0   4403      4 
 20260917    08:56:37       0     47     55      -      1      2      0      0      0      0   6500   1620      0      0  13998    175      0      -      -      0   4155      2 
 20260917    08:56:38       0     47     55      -     10      4      0      0      0      0   6500   1620      0      0  13998    175      0      -      -      0   4154      1 
 20260917    08:56:39       0     47     55      -     10      5      0      0      0      0   6500   1620      0      0  13998    175      0      -      -      0   4154      1 
 20260917    08:56:40       0     47     55      -     10      4      0      0      0      0   6500   1620      0      0  13998    175      0      -      -      0   4040      1 
 20260917    08:56:41       0     54     55      -     10      4      0      0      0      0   6500   1620      0      0  13998    175      0      -      -      0   4156      1 
 20260917    08:56:42       0     46     55      -     10      4      0      0      0      0   6500   1620      0      0  13998    175      0      -      -      0   4164      1 
 20260917    08:56:43       0     46     55      -     10      4      0      0      0      0   6500   1620      0      0  13998    175      0      -      -      0   4156      1 
 20260917    08:56:44       0     48     55      -      1      2      0      0      0      0   6500   1620      0      0  13998    175      0      -      -      0   4160      1 
 20260917    08:56:45       0     54     55      -     10      4      0      0      0      0   6500   1620      0      0  13998    175      0      -      -      0   3167      1 
 20260917    08:56:46       0     59     56      -    100      9      0      0      0      0   6500   1905      0      0  13998    175      0      -      -      0   9796   1493 
 20260917    08:56:47       0     66     56      -    100      6      0      0      0      0   6500   1905      0      0  13998    175      0      -      -      0  12871   1493 
#Date        Time         gpu    pwr  gtemp  mtemp     sm    mem    enc    dec    jpg    ofa   mclk   pclk  pviol  tviol     fb   bar1   ccpm  sbecc  dbecc    pci  rxpci  txpci 
#YYYYMMDD    HH:MM:SS     Idx      W      C      C      %      %      %      %      %      %    MHz    MHz      %   bool     MB     MB     MB   errs   errs   errs   MB/s   MB/s 
 20260917    08:56:48       0     60     56      -    100      9      0      0      0      0   6500   1905      0      0  13998    175      0      -      -      0  12925   1500 
 20260917    08:56:49       0     65     56      -    100      6      0      0      0      0   6500   1905      0      0  13998    175      0      -      -      0  12930   1500 
 20260917    08:56:50       0     66     56      -    100      6      0      0      0      0   6500   1905      0      0  13998    175      0      -      -      0  12885   1495 
 20260917    08:56:51       0     59     56      -     76      8      0      0      0      0   6500   1905      0      0  13998    175      0      -      -      0   4033      1 
 20260917    08:56:52       0     58     56      -      3      4      0      0      0      0   6500   1905      0      0  13998    175      0      -      -      0   4137      5 
 20260917    08:56:54       0     46     56      -      3      4      0      0      0      0   6500   1620      0      0  13998    175      0      -      -      0   4133      1 
 20260917    08:56:55       0     50     56      -      4      5      0      0      0      0   6500   1620      0      0  13998    175      0      -      -      0   4159      1 
 20260917    08:56:56       0     46     56      -      3      4      0      0      0      0   6500   1620      0      0  13998    175      0      -      -      0   4154      1 
 20260917    08:56:57       0     47     55      -      3      4      0      0      0      0   6500   1620      0      0  13998    175      0      -      -      0   4138      1 
 20260917    08:56:58       0     50     55      -      1      2      0      0      0      0   6500   1620      0      0  13998    175      0      -      -      0   4135      1 
 20260917    08:56:59       0     50     55      -      3      4      0      0      0      0   6500   1620      0      0  13998    175      0      -      -      0   4043      1 
 20260917    08:57:00       0     50     55      -      4      5      0      0      0      0   6500   1620      0      0  13998    175      0      -      -      0   4167      1 
 20260917    08:57:01       0     50     55      -      2      3      0      0      0      0   6500   1620      0      0  13998    175      0      -      -      0   4160      1 
 20260917    08:57:02       0     50     55      -      3      4      0      0      0      0   6500   1620      0      0  13998    175      0      -      -      0   4145      1 
 20260917    08:57:03       0     50     55      -      3      4      0      0      0      0   6500   1620      0      0  13998    175      0      -      -      0   4146      1 
 20260917    08:57:04       0     50     55      -      1      2      0      0      0      0   6500   1620      0      0  13998    175      0      -      -      0   4165      1 
 20260917    08:57:05       0     46     55      -      1      2      0      0      0      0   6500   1620      0      0  13998    175      0      -      -      0   4033      1 
 20260917    08:57:06       0     50     55      -      3      4      0      0      0      0   6500   1620      0      0  13998    175      0      -      -      0   4160      1 
 20260917    08:57:07       0     46     55      -      3      4      0      0      0      0   6500   1620      0      0  13998    175      0      -      -      0   4153      1 
 20260917    08:57:08       0     50     55      -      2      3      0      0      0      0   6500   1620      0      0  13998    175      0      -      -      0   4114      1 
 20260917    08:57:10       0     50     55      -      3      4      0      0      0      0   6500   1620      0      0  13998    175      0      -      -      0   4081      1 
 20260917    08:57:11       0     50     55      -      1      2      0      0      0      0   6500   1620      0      0  13998    175      0      -      -      0   3944      1 
 20260917    08:57:12       0     46     55      -      1      2      0      0      0      0   6500   1620      0      0  13998    175      0      -      -      0   4144      1 
 20260917    08:57:13       0     50     55      -      3      5      0      0      0      0   6500   1620      0      0  13998    175      0      -      -      0   1400      0 
 20260917    08:57:14       0     47     55      -      1      2      0      0      0      0   6500   1620      0      0  13998    175      0      -      -      0  12910   1498 
 20260917    08:57:15       0     77     56      -    100      7      0      0      0      0   6500   1905      0      0  13998    175      0      -      -      0   5415    980 
 20260917    08:57:16       0     77     56      -    100      9      0      0      0      0   6500   1905      0      0  13998    175      0      -      -      0  12883   1494 
 20260917    08:57:17       0     77     56      -    100      6      0      0      0      0   6500   1905      0      0  13998    175      0      -      -      0    909   1496 
 20260917    08:57:18       0     76     57      -    100      6      0      0      0      0   6500   1905      0      0  13998    175      0      -      -      0  12927   1500 
 20260917    08:57:19       0     76     57      -    100      6      0      0      0      0   6500   1905      0      0  13998    175      0      -      -      0   5402   1494 
 20260917    08:57:20       0     59     57      -      5      4      0      0      0      0   6500   1905      0      0  13998    175      0      -      -      0   4139      1 
 20260917    08:57:21       0     59     57      -     10      4      0      0      0      0   6500   1905      0      0  13998    175      0      -      -      0   4149      1 
 20260917    08:57:22       0     56     56      -      1      2      0      0      0      0   6500   1620      0      0  13998    175      0      -      -      0   4154      1 
 20260917    08:57:23       0     56     56      -     11      4      0      0      0      0   6500   1620      0      0  13998    175      0      -      -      0   3830      1 
 20260917    08:57:24       0     49     56      -     12      5      0      0      0      0   6500   1620      0      0  13998    175      0      -      -      0   3949      1 
 20260917    08:57:25       0     55     56      -      2      3      0      0      0      0   6500   1620      0      0  13998    175      0      -      -      0   4111      1 
 20260917    08:57:27       0     56     56      -     12      5      0      0      0      0   6500   1620      0      0  13998    175      0      -      -      0   3886      1 
 20260917    08:57:28       0     47     56      -      2      3      0      0      0      0   6500   1620      0      0  13998    175      0      -      -      0   3991      5 
 20260917    08:57:29       0     47     56      -      1      2      0      0      0      0   6500   1620      0      0  13998    175      0      -      -      0   2402      1 
 20260917    08:57:30       0     47     56      -      1      2      0      0      0      0   6500   1620      0      0  13998    175      0      -      -      0   3370      1 
 20260917    08:57:31       0     47     55      -      1      2      0      0      0      0   6500   1620      0      0  13998    175      0      -      -      0   1994      3 
 20260917    08:57:32       0     47     55      -      1      2      0      0      0      0   6500   1620      0      0  13998    175      0      -      -      0   2194      3 
 20260917    08:57:33       0     47     55      -      1      2      0      0      0      0   6500   1620      0      0  13998    175      0      -      -      0   3307      1 
 20260917    08:57:34       0     47     55      -      1      2      0      0      0      0   6500   1620      0      0  13998    175      0      -      -      0   4124      1 
#Date        Time         gpu    pwr  gtemp  mtemp     sm    mem    enc    dec    jpg    ofa   mclk   pclk  pviol  tviol     fb   bar1   ccpm  sbecc  dbecc    pci  rxpci  txpci 
#YYYYMMDD    HH:MM:SS     Idx      W      C      C      %      %      %      %      %      %    MHz    MHz      %   bool     MB     MB     MB   errs   errs   errs   MB/s   MB/s 
 20260917    08:57:35       0     47     55      -      2      3      0      0      0      0   6500   1620      0      0  13998    175      0      -      -      0   4156      1 
 20260917    08:57:36       0     47     55      -      5      5      0      0      0      0   6500   1620      0      0  13998    175      0      -      -      0   4168      1 
 20260917    08:57:37       0     47     55      -      2      3      0      0      0      0   6500   1620      0      0  13998    175      0      -      -      0   4156      1 
 20260917    08:57:38       0     47     55      -      1      2      0      0      0      0   6500   1620      0      0  13998    175      0      -      -      0   4153      1 
 20260917    08:57:39       0     47     55      -     11      4      0      0      0      0   6500   1620      0      0  13998    175      0      -      -      0   4139      1 
 20260917    08:57:40       0     47     55      -      1      2      0      0      0      0   6500   1620      0      0  13998    175      0      -      -      0   4153      1 
 20260917    08:57:41       0     47     55      -     11      4      0      0      0      0   6500   1620      0      0  13998    175      0      -      -      0   4157      1 
 20260917    08:57:43       0     53     55      -     12      5      0      0      0      0   6500   1620      0      0  13998    175      0      -      -      0   4168      1 
 20260917    08:57:44       0     65     56      -    100      9      0      0      0      0   6500   1905      0      0  13998    175      0      -      -      0  12876   1494 
 20260917    08:57:45       0     65     56      -    100      9      0      0      0      0   6500   1905      0      0  13998    175      0      -      -      0  12912   1500 
 20260917    08:57:46       0     65     56      -    100      6      0      0      0      0   6500   1905      0      0  13998    175      0      -      -      0  13127   1505 
 20260917    08:57:47       0     65     56      -    100      6      0      0      0      0   6500   1905      0      0  13998    175      0      -      -      0  13162   1486 
 20260917    08:57:48       0     63     56      -    100      6      0      0      0      0   6500   1905      0      0  13998    175      0      -      -      0  12947   1111 
 20260917    08:57:49       0     60     56      -      1      2      0      0      0      0   6500   1905      0      0  13998    175      0      -      -      0   3996     13 
 20260917    08:57:50       0     59     56      -      3      4      0      0      0      0   6500   1905      0      0  13998    175      0      -      -      0   4135      8 
 20260917    08:57:51       0     47     56      -      4      4      0      0      0      0   6500   1620      0      0  13998    175      0      -      -      0   4139     13 
 20260917    08:57:52       0     46     56      -      1      2      0      0      0      0   6500   1620      0      0  13998    175      0      -      -      0   4151     14 
 20260917    08:57:53       0     50     56      -      4      4      0      0      0      0   6500   1620      0      0  13998    175      0      -      -      0   4151     11 
 20260917    08:57:54       0     48     55      -      4      5      0      0      0      0   6500   1620      0      0  13998    175      0      -      -      0   4148      9 
 20260917    08:57:55       0     50     55      -      1      2      0      0      0      0   6500   1620      0      0  13998    175      0      -      -      0   4017     14 
 20260917    08:57:56       0     50     55      -      4      4      0      0      0      0   6500   1620      0      0  13998    175      0      -      -      0   4064     14 
 20260917    08:57:57       0     50     55      -      4      4      0      0      0      0   6500   1620      0      0  13998    175      0      -      -      0   4136     13 
 20260917    08:57:58       0     49     55      -      4      4      0      0      0      0   6500   1620      0      0  13998    175      0      -      -      0   4110     13 
 20260917    08:57:59       0     49     55      -      1      2      0      0      0      0   6500   1620      0      0  13998    175      0      -      -      0   4154     12 
 20260917    08:58:00       0     49     55      -      3      4      0      0      0      0   6500   1620      0      0  13998    175      0      -      -      0   4137      6 
 20260917    08:58:02       0     50     55      -      4      5      0      0      0      0   6500   1620      0      0  13998    175      0      -      -      0   4118      0 
 20260917    08:58:03       0     49     55      -      1      2      0      0      0      0   6500   1620      0      0  13998    175      0      -      -      0   4150      0 
 20260917    08:58:04       0     48     55      -      2      3      0      0      0      0   6500   1620      0      0  13998    175      0      -      -      0   4078      0 
 20260917    08:58:05       0     47     55      -      4      5      0      0      0      0   6500   1620      0      0  13998    175      0      -      -      0   3369      0 
 20260917    08:58:06       0     47     55      -      2      3      0      0      0      0   6500   1620      0      0  13998    175      0      -      -      0   1221      3 
 20260917    08:58:07       0     47     55      -      1      2      0      0      0      0   6500   1620      0      0  13998    175      0      -      -      0   2580      0 
 20260917    08:58:08       0     47     55      -      1      2      0      0      0      0   6500   1620      0      0  13998    175      0      -      -      0   4106      4 
 20260917    08:58:09       0     47     55      -      1      2      0      0      0      0   6500   1620      0      0  13998    175      0      -      -      0   4150      1 
 20260917    08:58:10       0     47     55      -      1      2      0      0      0      0   6500   1620      0      0  13998    175      0      -      -      0   4152      0 
 20260917    08:58:11       0     47     55      -      1      2      0      0      0      0   6500   1620      0      0  13998    175      0      -      -      0   4150      0 
 20260917    08:58:12       0     65     56      -    100      6      0      0      0      0   6500   1905      0      0  13998    175      0      -      -      0  12949   1099 
 20260917    08:58:13       0     65     56      -    100      6      0      0      0      0   6500   1905      0      0  13998    175      0      -      -      0  11059   1337 
 20260917    08:58:14       0     65     56      -    100      9      0      0      0      0   6500   1905      0      0  13998    175      0      -      -      0   9468   1500 
 20260917    08:58:15       0     65     56      -    100      9      0      0      0      0   6500   1905      0      0  13998    175      0      -      -      0  12886   1496 
 20260917    08:58:16       0     65     56      -    100      6      0      0      0      0   6500   1905      0      0  13998    175      0      -      -      0  12893   1494 
 20260917    08:58:17       0     59     56      -      2      3      0      0      0      0   6500   1905      0      0  13998    175      0      -      -      0   4155      9 
 20260917    08:58:18       0     59     56      -      1      2      0      0      0      0   6500   1905      0      0  13998    175      0      -      -      0   4149      1 
 20260917    08:58:19       0     47     55      -      1      2      0      0      0      0   6500   1620      0      0  13998    175      0      -      -      0   4154      4 
 20260917    08:58:21       0     47     55      -      1      2      0      0      0      0   6500   1620      0      0  13998    175      0      -      -      0   4153      4 
#Date        Time         gpu    pwr  gtemp  mtemp     sm    mem    enc    dec    jpg    ofa   mclk   pclk  pviol  tviol     fb   bar1   ccpm  sbecc  dbecc    pci  rxpci  txpci 
#YYYYMMDD    HH:MM:SS     Idx      W      C      C      %      %      %      %      %      %    MHz    MHz      %   bool     MB     MB     MB   errs   errs   errs   MB/s   MB/s 
 20260917    08:58:22       0     46     55      -      1      3      0      0      0      0   6500   1620      0      0  13998    175      0      -      -      0   4161      5 
 20260917    08:58:23       0     46     55      -      1      2      0      0      0      0   6500   1620      0      0  13998    175      0      -      -      0   4156      4 
 20260917    08:58:24       0     47     55      -      4      5      0      0      0      0   6500   1620      0      0  13998    175      0      -      -      0   4151      9 
 20260917    08:58:25       0     47     55      -      1      2      0      0      0      0   6500   1620      0      0  13998    175      0      -      -      0   4154     11 
 20260917    08:58:26       0     47     55      -      1      2      0      0      0      0   6500   1620      0      0  13998    175      0      -      -      0   4154     11 
 20260917    08:58:27       0     46     55      -      4      4      0      0      0      0   6500   1620      0      0  13998    175      0      -      -      0   3987     14 
 20260917    08:58:28       0     46     55      -      4      4      0      0      0      0   6500   1620      0      0  13998    175      0      -      -      0   4165     14 
 20260917    08:58:29       0     47     55      -      1      2      0      0      0      0   6500   1620      0      0  13998    175      0      -      -      0   4148     14 
 20260917    08:58:30       0     46     55      -      4      4      0      0      0      0   6500   1620      0      0  13998    175      0      -      -      0   4151     13 
 20260917    08:58:31       0     47     55      -      4      4      0      0      0      0   6500   1620      0      0  13998    175      0      -      -      0   4050     15 
 20260917    08:58:32       0     46     55      -      4      5      0      0      0      0   6500   1620      0      0  13998    175      0      -      -      0   4157     14 
 20260917    08:58:33       0     46     55      -      4      5      0      0      0      0   6500   1620      0      0  13998    175      0      -      -      0   4151     14 
 20260917    08:58:34       0     49     55      -      4      4      0      0      0      0   6500   1620      0      0  13998    175      0      -      -      0   4140     13 
 20260917    08:58:35       0     49     55      -      2      2      0      0      0      0   6500   1620      0      0  13998    175      0      -      -      0   4135     14 
 20260917    08:58:36       0     46     55      -      1      2      0      0      0      0   6500   1620      0      0  13998    175      0      -      -      0   3926     13 
 20260917    08:58:37       0     50     55      -      4      5      0      0      0      0   6500   1620      0      0  13998    175      0      -      -      0   2008     14 
 20260917    08:58:38       0     47     55      -      1      2      0      0      0      0   6500   1620      0      0  13998    175      0      -      -      0   1798     13 
 20260917    08:58:40       0     46     55      -      1      2      0      0      0      0   6500   1620      0      0  13998    175      0      -      -      0  12953   1504 
 20260917    08:58:41       0     65     56      -    100      6      0      0      0      0   6500   1905      0      0  13998    175      0      -      -      0  13267   1512 
 20260917    08:58:42       0     60     56      -    100      9      0      0      0      0   6500   1905      0      0  13998    175      0      -      -      0  12933   1506 
 20260917    08:58:43       0     60     56      -    100      6      0      0      0      0   6500   1905      0      0  13998    175      0      -      -      0  12981   1497 
 20260917    08:58:44       0     65     56      -    100      6      0      0      0      0   6500   1905      0      0  13998    175      0      -      -      0  12906   1496 
 20260917    08:58:45       0     60     56      -    100      9      0      0      0      0   6500   1905      0      0  13998    175      0      -      -      0  12938   1500 
 20260917    08:58:46       0     63     56      -      3      4      0      0      0      0   6500   1905      0      0  13998    175      0      -      -      0   4252      2 
 20260917    08:58:47       0     59     56      -      2      3      0      0      0      0   6500   1905      0      0  13998    175      0      -      -      0   4190      7 
 20260917    08:58:48       0     50     55      -      1      2      0      0      0      0   6500   1620      0      0  13998    175      0      -      -      0   4222      7 
 20260917    08:58:49       0     47     55      -      1      2      0      0      0      0   6500   1620      0      0  13998    175      0      -      -      0   4108     17 
 20260917    08:58:50       0     50     55      -      4      4      0      0      0      0   6500   1620      0      0  13998    175      0      -      -      0   2794     13 
 20260917    08:58:51       0     47     55      -      1      2      0      0      0      0   6500   1620      0      0  13998    175      0      -      -      0   4188     11 
 20260917    08:58:52       0     47     55      -      1      2      0      0      0      0   6500   1620      0      0  13998    175      0      -      -      0   2190      1 
 20260917    08:58:53       0     50     55      -      4      5      0      0      0      0   6500   1620      0      0  13998    175      0      -      -      0   2296      8 
 20260917    08:58:54       0     47     55      -      1      2      0      0      0      0   6500   1620      0      0  13998    175      0      -      -      0   2935      1 
 20260917    08:58:55       0     47     55      -      2      3      0      0      0      0   6500   1620      0      0  13998    175      0      -      -      0   2176      0 
 20260917    08:58:56       0     46     55      -      1      2      0      0      0      0   6500   1620      0      0  13998    175      0      -      -      0   1991      0 
 20260917    08:58:57       0     46     55      -      1      2      0      0      0      0   6500   1620      0      0  13998    175      0      -      -      0   3029      1 
 20260917    08:58:59       0     46     55      -      1      2      0      0      0      0   6500   1620      0      0  13998    175      0      -      -      0   4062      1 
 20260917    08:59:00       0     47     55      -      2      3      0      0      0      0   6500   1620      0      0  13998    175      0      -      -      0   3422      0 
 20260917    08:59:01       0     46     55      -      1      2      0      0      0      0   6500   1620      0      0  13998    175      0      -      -      0   2818      0 
 20260917    08:59:02       0     46     55      -      1      2      0      0      0      0   6500   1620      0      0  13998    175      0      -      -      0   2048      0 
 20260917    08:59:03       0     47     55      -      1      2      0      0      0      0   6500   1620      0      0  13998    175      0      -      -      0   1868      0 
 20260917    08:59:04       0     46     55      -      1      2      0      0      0      0   6500   1620      0      0  13998    175      0      -      -      0   2388      3 
 20260917    08:59:05       0     47     55      -      1      2      0      0      0      0   6500   1620      0      0  13998    175      0      -      -      0   2335      5 
 20260917    08:59:06       0     47     55      -      1      2      0      0      0      0   6500   1620      0      0  13998    175      0      -      -      0   3468      1 
 20260917    08:59:07       0     47     55      -      1      2      0      0      0      0   6500   1620      0      0  13998    175      0      -      -      0   2452      1 
#Date        Time         gpu    pwr  gtemp  mtemp     sm    mem    enc    dec    jpg    ofa   mclk   pclk  pviol  tviol     fb   bar1   ccpm  sbecc  dbecc    pci  rxpci  txpci 
#YYYYMMDD    HH:MM:SS     Idx      W      C      C      %      %      %      %      %      %    MHz    MHz      %   bool     MB     MB     MB   errs   errs   errs   MB/s   MB/s 
 20260917    08:59:08       0     65     56      -    100      6      0      0      0      0   6500   1905      0      0  13998    175      0      -      -      0  12944   1500 
 20260917    08:59:09       0     65     56      -    100      6      0      0      0      0   6500   1905      0      0  13998    175      0      -      -      0  12936   1500 
 20260917    08:59:10       0     60     56      -    100      9      0      0      0      0   6500   1905      0      0  13998    175      0      -      -      0  12956   1496 
 20260917    08:59:11       0     65     56      -    100      9      0      0      0      0   6500   1905      0      0  13998    175      0      -      -      0  12936   1499 
 20260917    08:59:12       0     60     56      -    100      6      0      0      0      0   6500   1905      0      0  13998    175      0      -      -      0  12892   1503 
 20260917    08:59:13       0     64     56      -    100      6      0      0      0      0   6500   1905      0      0  13998    175      0      -      -      0   4045      1 
 20260917    08:59:14       0     64     56      -      4      5      0      0      0      0   6500   1905      0      0  13998    175      0      -      -      0   3986      1 
 20260917    08:59:16       0     47     56      -      1      2      0      0      0      0   6500   1620      0      0  13998    175      0      -      -      0   4135      1 
 20260917    08:59:17       0     47     55      -      2      3      0      0      0      0   6500   1620      0      0  13998    175      0      -      -      0   2724      0 
 20260917    08:59:18       0     47     55      -      1      2      0      0      0      0   6500   1620      0      0  13998    175      0      -      -      0   4164      1 
 20260917    08:59:19       0     47     55      -      1      2      0      0      0      0   6500   1620      0      0  13998    175      0      -      -      0   4104      0 
 20260917    08:59:20       0     46     55      -      1      2      0      0      0      0   6500   1620      0      0  13998    175      0      -      -      0   3636      0 
 20260917    08:59:21       0     47     55      -      2      3      0      0      0      0   6500   1620      0      0  13998    175      0      -      -      0   2349      0 
 20260917    08:59:22       0     47     55      -      1      2      0      0      0      0   6500   1620      0      0  13998    175      0      -      -      0   4095      1 
 20260917    08:59:23       0     50     55      -      2      3      0      0      0      0   6500   1620      0      0  13998    175      0      -      -      0   1853      1 
 20260917    08:59:24       0     46     55      -      1      2      0      0      0      0   6500   1620      0      0  13998    175      0      -      -      0   2374      0 
 20260917    08:59:25       0     47     55      -      1      2      0      0      0      0   6500   1620      0      0  13998    175      0      -      -      0   1854      0 
 20260917    08:59:26       0     47     55      -      1      2      0      0      0      0   6500   1620      0      0  13998    175      0      -      -      0   1909      1 
 20260917    08:59:27       0     47     55      -      1      2      0      0      0      0   6500   1620      0      0  13998    175      0      -      -      0   2616      0 
 20260917    08:59:28       0     47     55      -      2      3      0      0      0      0   6500   1620      0      0  13998    175      0      -      -      0   1682      0 
 20260917    08:59:29       0     47     55      -      1      2      0      0      0      0   6500   1620      0      0  13998    175      0      -      -      0   2720      1 
 20260917    08:59:30       0     47     55      -      2      3      0      0      0      0   6500   1620      0      0  13998    175      0      -      -      0   3990      1 
 20260917    08:59:32       0     46     55      -      3      4      0      0      0      0   6500   1620      0      0  13998    175      0      -      -      0   4140      1 
 20260917    08:59:33       0     46     55      -      1      2      0      0      0      0   6500   1620      0      0  13998    175      0      -      -      0   4170      1 
 20260917    08:59:34       0     46     55      -      3      4      0      0      0      0   6500   1620      0      0  13998    175      0      -      -      0   4156      1 
 20260917    08:59:35       0     47     55      -      3      4      0      0      0      0   6500   1620      0      0  13998    175      0      -      -      0   4141      1 
 20260917    08:59:36       0     47     55      -      1      2      0      0      0      0   6500   1620      0      0  13998    175      0      -      -      0   4150      1 
 20260917    08:59:37       0     65     56      -    100      6      0      0      0      0   6500   1905      0      0  13998    175      0      -      -      0  12956   1500 
 20260917    08:59:38       0     65     56      -    100      6      0      0      0      0   6500   1905      0      0  13998    175      0      -      -      0  12887   1099 
 20260917    08:59:39       0     65     56      -    100      6      0      0      0      0   6500   1905      0      0  13998    175      0      -      -      0   9475   1495 
 20260917    08:59:40       0     65     56      -    100      6      0      0      0      0   6500   1905      0      0  13998    175      0      -      -      0  12933   1506 
 20260917    08:59:41       0     60     56      -    100      9      0      0      0      0   6500   1905      0      0  13998    175      0      -      -      0  12929   1495 
 20260917    08:59:42       0     59     56      -      1      2      0      0      0      0   6500   1905      0      0  13998    175      0      -      -      0   3167      0 
 20260917    08:59:43       0     60     56      -      1      2      0      0      0      0   6500   1905      0      0  13998    175      0      -      -      0   4147      1 
 20260917    08:59:44       0     47     55      -      1      2      0      0      0      0   6500   1620      0      0  13998    175      0      -      -      0   3949      1 
 20260917    08:59:45       0     47     55      -      1      2      0      0      0      0   6500   1620      0      0  13998    175      0      -      -      0   4154      1 
 20260917    08:59:46       0     47     55      -      1      2      0      0      0      0   6500   1620      0      0  13998    175      0      -      -      0   2991      1 
 20260917    08:59:47       0     47     55      -      1      2      0      0      0      0   6500   1620      0      0  13998    175      0      -      -      0   2949      1 
 20260917    08:59:49       0     46     55      -      1      3      0      0      0      0   6500   1620      0      0  13998    175      0      -      -      0   3543      1 
 20260917    08:59:50       0     46     55      -      2      3      0      0      0      0   6500   1620      0      0  13998    175      0      -      -      0   4136      1 
 20260917    08:59:51       0     46     55      -      1      2      0      0      0      0   6500   1620      0      0  13998    175      0      -      -      0   4149      1 
 20260917    08:59:52       0     47     55      -      2      3      0      0      0      0   6500   1620      0      0  13998    175      0      -      -      0   3963      1 
 20260917    08:59:53       0     47     55      -      1      2      0      0      0      0   6500   1620      0      0  13998    175      0      -      -      0   4140      1 
 20260917    08:59:54       0     47     55      -      1      2      0      0      0      0   6500   1620      0      0  13998    175      0      -      -      0   4159      1 
#Date        Time         gpu    pwr  gtemp  mtemp     sm    mem    enc    dec    jpg    ofa   mclk   pclk  pviol  tviol     fb   bar1   ccpm  sbecc  dbecc    pci  rxpci  txpci 
#YYYYMMDD    HH:MM:SS     Idx      W      C      C      %      %      %      %      %      %    MHz    MHz      %   bool     MB     MB     MB   errs   errs   errs   MB/s   MB/s 
 20260917    08:59:55       0     47     55      -      1      2      0      0      0      0   6500   1620      0      0  13998    175      0      -      -      0   2835      1 
 20260917    08:59:56       0     47     55      -      2      3      0      0      0      0   6500   1620      0      0  13998    175      0      -      -      0   3066      1 
 20260917    08:59:57       0     47     55      -      1      2      0      0      0      0   6500   1620      0      0  13998    175      0      -      -      0   2591      1 
 20260917    08:59:58       0     47     55      -      1      2      0      0      0      0   6500   1620      0      0  13998    175      0      -      -      0   1424      0 
 20260917    08:59:59       0     46     55      -      1      3      0      0      0      0   6500   1620      0      0  13998    175      0      -      -      0   3163      5 
 20260917    09:00:00       0     46     55      -      1      2      0      0      0      0   6500   1620      0      0  13998    175      0      -      -      0   4155      1 
 20260917    09:00:01       0     47     55      -      1      2      0      0      0      0   6500   1620      0      0  13998    175      0      -      -      0   4153      1 
 20260917    09:00:02       0     47     55      -      1      2      0      0      0      0   6500   1620      0      0  13998    175      0      -      -      0   4085      1 
 20260917    09:00:03       0     47     55      -      1      2      0      0      0      0   6500   1620      0      0  13998    175      0      -      -      0   4131      1 
 20260917    09:00:05       0     60     56      -    100      8      0      0      0      0   6500   1905      0      0  13998    175      0      -      -      0  10917   1394 
 20260917    09:00:06       0     64     56      -    100      6      0      0      0      0   6500   1905      0      0  13998    175      0      -      -      0  12874   1492 
 20260917    09:00:07       0     60     56      -    100      6      0      0      0      0   6500   1905      0      0  13998    175      0      -      -      0  12877   1493 
 20260917    09:00:08       0     60     56      -    100      6      0      0      0      0   6500   1905      0      0  13998    175      0      -      -      0  12874   1493 
 20260917    09:00:09       0     64     56      -    100      6      0      0      0      0   6500   1905      0      0  13998    175      0      -      -      0  12888   1503 
 20260917    09:00:10       0     59     56      -     65      5      0      0      0      0   6500   1905      0      0  13998    175      0      -      -      0   2436      1 
 20260917    09:00:11       0     59     56      -      2      3      0      0      0      0   6500   1905      0      0  13998    175      0      -      -      0   3245      1 
 20260917    09:00:12       0     50     55      -      1      2      0      0      0      0   6500   1620      0      0  13998    175      0      -      -      0   3591      1 
 20260917    09:00:13       0     47     55      -      2      3      0      0      0      0   6500   1620      0      0  13998    175      0      -      -      0   4146      1 
 20260917    09:00:14       0     50     55      -      3      4      0      0      0      0   6500   1620      0      0  13998    175      0      -      -      0   3851      1 
 20260917    09:00:15       0     49     55      -      1      3      0      0      0      0   6500   1620      0      0  13998    175      0      -      -      0   4099      1 
 20260917    09:00:16       0     46     55      -      1      2      0      0      0      0   6500   1620      0      0  13998    175      0      -      -      0   4058      4 
 20260917    09:00:17       0     47     55      -      2      3      0      0      0      0   6500   1620      0      0  13998    175      0      -      -      0   3262      1 
 20260917    09:00:18       0     47     55      -      1      2      0      0      0      0   6500   1620      0      0  13998    175      0      -      -      0   3514      1 
 20260917    09:00:19       0     47     55      -      1      3      0      0      0      0   6500   1620      0      0  13998    175      0      -      -      0   3819      1 
 20260917    09:00:21       0     50     55      -      3      5      0      0      0      0   6500   1620      0      0  13998    175      0      -      -      0   2857      1 
 20260917    09:00:22       0     47     55      -      1      2      0      0      0      0   6500   1620      0      0  13998    175      0      -      -      0   1404      1 
 20260917    09:00:23       0     46     55      -      1      2      0      0      0      0   6500   1620      0      0  13998    175      0      -      -      0   1481      1 
 20260917    09:00:24       0     46     55      -      1      2      0      0      0      0   6500   1620      0      0  13998    175      0      -      -      0   4136      0 
 20260917    09:00:25       0     47     55      -      2      3      0      0      0      0   6500   1620      0      0  13998    175      0      -      -      0   2824      0 
 20260917    09:00:26       0     46     55      -      1      2      0      0      0      0   6500   1620      0      0  13998    175      0      -      -      0   3871      1 
 20260917    09:00:27       0     47     55      -      4      5      0      0      0      0   6500   1620      0      0  13998    175      0      -      -      0   3758      1 
 20260917    09:00:28       0     47     55      -      1      2      0      0      0      0   6500   1620      0      0  13998    175      0      -      -      0   1391      1 
 20260917    09:00:29       0     50     55      -      1      2      0      0      0      0   6500   1620      0      0  13998    175      0      -      -      0   2971      0 
 20260917    09:00:30       0     46     55      -      1      2      0      0      0      0   6500   1620      0      0  13998    175      0      -      -      0   4096      0 
 20260917    09:00:31       0     46     55      -      1      2      0      0      0      0   6500   1620      0      0  13998    175      0      -      -      0   1481      1 
 20260917    09:00:32       0     46     55      -      1      2      0      0      0      0   6500   1620      0      0  13998    175      0      -      -      0   6029   1355 
 20260917    09:00:33       0     66     56      -    100      8      0      0      0      0   6500   1905      0      0  13998    175      0      -      -      0  12923   1499 
 20260917    09:00:34       0     60     56      -    100      6      0      0      0      0   6500   1905      0      0  13998    175      0      -      -      0  12931   1501 
 20260917    09:00:35       0     67     56      -    100      9      0      0      0      0   6500   1905      0      0  13998    175      0      -      -      0  12959   1499 
 20260917    09:00:36       0     67     56      -    100      6      0      0      0      0   6500   1905      0      0  13998    175      0      -      -      0  11810   1500 
 20260917    09:00:38       0     60     56      -    100      6      0      0      0      0   6500   1905      0      0  13998    175      0      -      -      0   8936   1499 
 20260917    09:00:39       0     59     56      -      3      4      0      0      0      0   6500   1905      0      0  13998    175      0      -      -      0   4024      1 
 20260917    09:00:40       0     59     56      -      5      4      0      0      0      0   6500   1905      0      0  13998    175      0      -      -      0   4151      1 
 20260917    09:00:41       0     50     55      -      1      5      0      0      0      0   6500   1620      0      0  13998    175      0      -      -      0   4138      1 
#Date        Time         gpu    pwr  gtemp  mtemp     sm    mem    enc    dec    jpg    ofa   mclk   pclk  pviol  tviol     fb   bar1   ccpm  sbecc  dbecc    pci  rxpci  txpci 
#YYYYMMDD    HH:MM:SS     Idx      W      C      C      %      %      %      %      %      %    MHz    MHz      %   bool     MB     MB     MB   errs   errs   errs   MB/s   MB/s 
 20260917    09:00:42       0     46     55      -      5      4      0      0      0      0   6500   1620      0      0  13998    175      0      -      -      0   4155      1 
 20260917    09:00:43       0     47     55      -      5      4      0      0      0      0   6500   1620      0      0  13998    175      0      -      -      0   4155      1 
 20260917    09:00:44       0     50     55      -      2      3      0      0      0      0   6500   1620      0      0  13998    175      0      -      -      0   4168      1 
 20260917    09:00:45       0     46     55      -      5      4      0      0      0      0   6500   1620      0      0  13998    175      0      -      -      0   4154      1 
 20260917    09:00:46       0     46     55      -      2      3      0      0      0      0   6500   1620      0      0  13998    175      0      -      -      0   4158      1 
 20260917    09:00:47       0     50     55      -      2      3      0      0      0      0   6500   1620      0      0  13998    175      0      -      -      0   4152      1 
 20260917    09:00:48       0     50     55      -      6      5      0      0      0      0   6500   1620      0      0  13998    175      0      -      -      0   4066      1 
 20260917    09:00:49       0     46     55      -      1      2      0      0      0      0   6500   1620      0      0  13998    175      0      -      -      0   4119      5 
 20260917    09:00:50       0     50     55      -      1      2      0      0      0      0   6500   1620      0      0  13998    175      0      -      -      0   2133      1 
 20260917    09:00:51       0     50     55      -      6      4      0      0      0      0   6500   1620      0      0  13998    175      0      -      -      0   2973      1 
 20260917    09:00:52       0     47     55      -      1      2      0      0      0      0   6500   1620      0      0  13998    175      0      -      -      0   2843      1 
 20260917    09:00:54       0     47     55      -      2      3      0      0      0      0   6500   1620      0      0  13998    175      0      -      -      0   1392      0 
 20260917    09:00:55       0     47     55      -      6      4      0      0      0      0   6500   1620      0      0  13998    175      0      -      -      0   3504      0 
 20260917    09:00:56       0     47     55      -      2      3      0      0      0      0   6500   1620      0      0  13998    175      0      -      -      0   3434      0 
 20260917    09:00:57       0     46     55      -      1      2      0      0      0      0   6500   1620      0      0  13998    175      0      -      -      0   3539      0 
 20260917    09:00:58       0     46     55      -      1      2      0      0      0      0   6500   1620      0      0  13998    175      0      -      -      0   2680      0 
 20260917    09:00:59       0     46     55      -      1      2      0      0      0      0   6500   1620      0      0  13998    175      0      -      -      0   2361      1 
 20260917    09:01:00       0     46     55      -      1      2      0      0      0      0   6500   1620      0      0  13998    175      0      -      -      0   3812      1 
 20260917    09:01:01       0     46     55      -      1      2      0      0      0      0   6500   1620      0      0  13998    175      0      -      -      0   4138      1 
 20260917    09:01:02       0     61     56      -    100      6      0      0      0      0   6500   1905      0      0  13998    175      0      -      -      0  12876   1494 
 20260917    09:01:03       0     66     56      -    100      6      0      0      0      0   6500   1905      0      0  13998    175      0      -      -      0  12925   1499 
 20260917    09:01:04       0     66     56      -    100      6      0      0      0      0   6500   1905      0      0  13998    175      0      -      -      0  12886   1494 
 20260917    09:01:05       0     66     56      -    100      6      0      0      0      0   6500   1905      0      0  13998    175      0      -      -      0  12993   1141 
 20260917    09:01:06       0     66     56      -    100      9      0      0      0      0   6500   1905      0      0  13998    175      0      -      -      0   9797   1499 
 20260917    09:01:07       0     58     56      -      2      3      0      0      0      0   6500   1905      0      0  13998    175      0      -      -      0   3051      1 
 20260917    09:01:08       0     59     56      -      3      4      0      0      0      0   6500   1905      0      0  13998    175      0      -      -      0   3706      5 
 20260917    09:01:09       0     47     55      -      2      3      0      0      0      0   6500   1620      0      0  13998    175      0      -      -      0   3913      1 
 20260917    09:01:11       0     50     55      -      1      2      0      0      0      0   6500   1620      0      0  13998    175      0      -      -      0   3148      0 
 20260917    09:01:12       0     47     55      -      1      4      0      0      0      0   6500   1620      0      0  13998    175      0      -      -      0   2322      1 
 20260917    09:01:13       0     46     55      -      1      2      0      0      0      0   6500   1620      0      0  13998    175      0      -      -      0   3721      0 
 20260917    09:01:14       0     50     55      -      1      2      0      0      0      0   6500   1620      0      0  13998    175      0      -      -      0   3965      0 
 20260917    09:01:15       0     47     55      -      2      3      0      0      0      0   6500   1620      0      0  13998    175      0      -      -      0   4158      1 
 20260917    09:01:16       0     46     55      -      1      2      0      0      0      0   6500   1620      0      0  13998    175      0      -      -      0   2689      1 
 20260917    09:01:17       0     46     55      -      2      3      0      0      0      0   6500   1620      0      0  13998    175      0      -      -      0   1602      0 
 20260917    09:01:18       0     46     55      -      1      2      0      0      0      0   6500   1620      0      0  13998    175      0      -      -      0   3526      0 
 20260917    09:01:19       0     46     55      -      1      2      0      0      0      0   6500   1620      0      0  13998    175      0      -      -      0   2598      0 
 20260917    09:01:20       0     46     55      -      1      2      0      0      0      0   6500   1620      0      0  13998    175      0      -      -      0   3086      1 
 20260917    09:01:21       0     46     55      -      2      3      0      0      0      0   6500   1620      0      0  13998    175      0      -      -      0   2569      1 
 20260917    09:01:22       0     47     55      -      1      2      0      0      0      0   6500   1620      0      0  13998    175      0      -      -      0   1390      0 
 20260917    09:01:23       0     47     55      -      1      2      0      0      0      0   6500   1620      0      0  13998    175      0      -      -      0   3218      0 
 20260917    09:01:24       0     46     55      -      1      2      0      0      0      0   6500   1620      0      0  13998    175      0      -      -      0   2288      1 
 20260917    09:01:25       0     46     55      -      1      2      0      0      0      0   6500   1620      0      0  13998    175      0      -      -      0   2392      4 
 20260917    09:01:27       0     47     55      -      1      2      0      0      0      0   6500   1620      0      0  13998    175      0      -      -      0   4151      1 
 20260917    09:01:28       0     47     55      -      1      2      0      0      0      0   6500   1620      0      0  13998    175      0      -      -      0   4142      1 
#Date        Time         gpu    pwr  gtemp  mtemp     sm    mem    enc    dec    jpg    ofa   mclk   pclk  pviol  tviol     fb   bar1   ccpm  sbecc  dbecc    pci  rxpci  txpci 
#YYYYMMDD    HH:MM:SS     Idx      W      C      C      %      %      %      %      %      %    MHz    MHz      %   bool     MB     MB     MB   errs   errs   errs   MB/s   MB/s 
 20260917    09:01:29       0     47     55      -      1      2      0      0      0      0   6500   1620      0      0  13998    175      0      -      -      0   4166      1 
 20260917    09:01:30       0     90     56      -    100      9      0      0      0      0   6500   1905      0      0  13998    175      0      -      -      0  12890   1499 
 20260917    09:01:31       0     61     56      -    100      7      0      0      0      0   6500   1905      0      0  13998    175      0      -      -      0  12940   1499 
 20260917    09:01:32       0     91     56      -    100      7      0      0      0      0   6500   1905      0      0  13998    175      0      -      -      0  12928   1502 
 20260917    09:01:33       0     91     56      -    100      7      0      0      0      0   6500   1905      0      0  13998    175      0      -      -      0  12957   1500 
 20260917    09:01:34       0     91     56      -    100      7      0      0      0      0   6500   1905      0      0  13998    175      0      -      -      0  12952   1504 
 20260917    09:01:35       0     91     57      -    100      7      0      0      0      0   6500   1905      0      0  13998    175      0      -      -      0  12952   1502 
 20260917    09:01:36       0     75     57      -     63      5      0      0      0      0   6500   1905      0      0  13998    175      0      -      -      0   4099      1 
 20260917    09:01:37       0     60     58      -      2      3      0      0      0      0   6500   1905      0      0  13998    175      0      -      -      0   3859      0 
 20260917    09:01:38       0     47     56      -      1      2      0      0      0      0   6500   1620      0      0  13998    175      0      -      -      0     93      4 
 20260917    09:01:39       0     47     56      -      1      2      0      0      0      0   6500   1620      0      0  13998    175      0      -      -      0   4075      1 
 20260917    09:01:40       0     47     56      -      1      2      0      0      0      0   6500   1620      0      0  13998    175      0      -      -      0   4156      1 
 20260917    09:01:41       0     48     56      -     20      5      0      0      0      0   6500   1620      0      0  13998    175      0      -      -      0   4153      5 
 20260917    09:01:42       0     47     56      -     19      5      0      0      0      0   6500   1620      0      0  13998    175      0      -      -      0   4198      1 
 20260917    09:01:44       0     47     56      -     20      4      0      0      0      0   6500   1620      0      0  13998    175      0      -      -      0   3824      1 
 20260917    09:01:45       0     52     56      -      1      2      0      0      0      0   6500   1620      0      0  13998    175      0      -      -      0   4156      1 
 20260917    09:01:46       0     47     56      -      1      2      0      0      0      0   6500   1620      0      0  13998    175      0      -      -      0   3011      0 
 20260917    09:01:47       0     48     55      -      2      3      0      0      0      0   6500   1620      0      0  13998    175      0      -      -      0   2420      1 
 20260917    09:01:48       0     47     55      -      1      2      0      0      0      0   6500   1620      0      0  13998    175      0      -      -      0   4142      1 
 20260917    09:01:49       0     47     55      -      4      4      0      0      0      0   6500   1620      0      0  13998    175      0      -      -      0   4138      1 
 20260917    09:01:50       0     47     55      -      1      2      0      0      0      0   6500   1620      0      0  13998    175      0      -      -      0   4140      1 
 20260917    09:01:51       0     47     55      -     19      5      0      0      0      0   6500   1620      0      0  13998    175      0      -      -      0   3931      1 
 20260917    09:01:52       0     48     56      -     15      3      0      0      0      0   6500   1620      0      0  13998    175      0      -      -      0   4146      1 
 20260917    09:01:53       0     66     56      -      1      2      0      0      0      0   6500   1620      0      0  13998    175      0      -      -      0   3942      1 
 20260917    09:01:54       0     50     56      -      2      3      0      0      0      0   6500   1620      0      0  13998    175      0      -      -      0   3369      0 
 20260917    09:01:55       0     47     55      -      1      2      0      0      0      0   6500   1620      0      0  13998    175      0      -      -      0   1670      2 
 20260917    09:01:56       0     47     55      -      1      2      0      0      0      0   6500   1620      0      0  13998    175      0      -      -      0   4066      1 
 20260917    09:01:57       0     47     55      -      1      2      0      0      0      0   6500   1620      0      0  13998    175      0      -      -      0   4094      1 
 20260917    09:01:58       0     47     55      -     16      4      0      0      0      0   6500   1620      0      0  13998    175      0      -      -      0   4157      1 
 20260917    09:02:00       0     47     55      -     20      5      0      0      0      0   6500   1620      0      0  13998    175      0      -      -      0   4156      1 
 20260917    09:02:01       0     59     56      -    100      6      0      0      0      0   6500   1905      0      0  13998    175      0      -      -      0  12924   1523 
 20260917    09:02:02       0     66     56      -    100      9      0      0      0      0   6500   1905      0      0  13998    175      0      -      -      0  12934   1500 
 20260917    09:02:03       0     66     56      -    100      6      0      0      0      0   6500   1905      0      0  13998    175      0      -      -      0  12889   1017 
 20260917    09:02:04       0     67     56      -    100      6      0      0      0      0   6500   1905      0      0  13998    175      0      -      -      0  11882   1133 
 20260917    09:02:05       0     66     56      -    100      6      0      0      0      0   6500   1905      0      0  13998    175      0      -      -      0   8748   1500 
 20260917    09:02:06       0     59     56      -     20      5      0      0      0      0   6500   1905      0      0  13998    175      0      -      -      0   3934      1 
 20260917    09:02:07       0     59     57      -      4      4      0      0      0      0   6500   1905      0      0  13998    175      0      -      -      0   4134      1 
 20260917    09:02:08       0     47     56      -      1      2      0      0      0      0   6500   1620      0      0  13998    175      0      -      -      0   4153      1 
 20260917    09:02:09       0     47     56      -      4      4      0      0      0      0   6500   1620      0      0  13998    175      0      -      -      0   4153      1 
 20260917    09:02:10       0     47     56      -      4      4      0      0      0      0   6500   1620      0      0  13998    175      0      -      -      0   4158      1 
 20260917    09:02:11       0     47     56      -      1      2      0      0      0      0   6500   1620      0      0  13998    175      0      -      -      0   4142      1 
 20260917    09:02:12       0     46     55      -      4      4      0      0      0      0   6500   1620      0      0  13998    175      0      -      -      0   4172      1 
 20260917    09:02:13       0     47     56      -      5      5      0      0      0      0   6500   1620      0      0  13998    175      0      -      -      0   4154      1 
 20260917    09:02:14       0     46     55      -      1      2      0      0      0      0   6500   1620      0      0  13998    175      0      -      -      0   4165      1 
#Date        Time         gpu    pwr  gtemp  mtemp     sm    mem    enc    dec    jpg    ofa   mclk   pclk  pviol  tviol     fb   bar1   ccpm  sbecc  dbecc    pci  rxpci  txpci 
#YYYYMMDD    HH:MM:SS     Idx      W      C      C      %      %      %      %      %      %    MHz    MHz      %   bool     MB     MB     MB   errs   errs   errs   MB/s   MB/s 
 20260917    09:02:15       0     47     55      -      4      5      0      0      0      0   6500   1620      0      0  13998    175      0      -      -      0   3953      1 
 20260917    09:02:17       0     47     55      -      4      4      0      0      0      0   6500   1620      0      0  13998    175      0      -      -      0   4155      5 
 20260917    09:02:18       0     46     55      -      1      2      0      0      0      0   6500   1620      0      0  13998    175      0      -      -      0   4176      1 
 20260917    09:02:19       0     47     55      -      4      5      0      0      0      0   6500   1620      0      0  13998    175      0      -      -      0   4136      1 
 20260917    09:02:20       0     47     55      -      4      4      0      0      0      0   6500   1620      0      0  13998    175      0      -      -      0   4041      1 
 20260917    09:02:21       0     47     55      -      5      5      0      0      0      0   6500   1620      0      0  13998    175      0      -      -      0   4172      1 
 20260917    09:02:22       0     47     55      -      4      5      0      0      0      0   6500   1620      0      0  13998    175      0      -      -      0   4145      1 
 20260917    09:02:23       0     46     55      -      4      4      0      0      0      0   6500   1620      0      0  13998    175      0      -      -      0   4141      1 
 20260917    09:02:24       0     46     55      -      4      5      0      0      0      0   6500   1620      0      0  13998    175      0      -      -      0   4161      1 
 20260917    09:02:25       0     47     55      -      4      4      0      0      0      0   6500   1620      0      0  13998    175      0      -      -      0   4170      1 
 20260917    09:02:26       0     50     55      -      4      5      0      0      0      0   6500   1620      0      0  13998    175      0      -      -      0   4139      1 
 20260917    09:02:27       0     46     55      -      5      5      0      0      0      0   6500   1620      0      0  13998    175      0      -      -      0   4137      1 
 20260917    09:02:28       0     54     56      -     85     13      0      0      0      0   6500   1905      0      0  13998    175      0      -      -      0  12924   1499 
 20260917    09:02:29       0     60     56      -    100      6      0      0      0      0   6500   1905      0      0  13998    175      0      -      -      0  12888   1500 
 20260917    09:02:30       0     66     56      -    100      6      0      0      0      0   6500   1905      0      0  13998    175      0      -      -      0  12978   1501 
 20260917    09:02:31       0     60     56      -    100      6      0      0      0      0   6500   1905      0      0  13998    175      0      -      -      0  12928   1499 
 20260917    09:02:33       0     66     56      -    100      9      0      0      0      0   6500   1905      0      0  13998    175      0      -      -      0  12939   1500 
 20260917    09:02:34       0     62     56      -    100      6      0      0      0      0   6500   1905      0      0  13998    175      0      -      -      0  12932   1014 
 20260917    09:02:35       0     60     56      -      4      4      0      0      0      0   6500   1905      0      0  13998    175      0      -      -      0   3907      1 
 20260917    09:02:36       0     57     56      -      1      2      0      0      0      0   6500   1620      0      0  13998    175      0      -      -      0   4153      5 
 20260917    09:02:37       0     47     56      -      4      4      0      0      0      0   6500   1620      0      0  13998    175      0      -      -      0   3990      1 
 20260917    09:02:38       0     47     56      -      4      4      0      0      0      0   6500   1620      0      0  13998    175      0      -      -      0   4153      1 
 20260917    09:02:39       0     47     55      -      4      4      0      0      0      0   6500   1620      0      0  13998    175      0      -      -      0   4161      1 
 20260917    09:02:40       0     46     55      -      4      4      0      0      0      0   6500   1620      0      0  13998    175      0      -      -      0   4155      1 
 20260917    09:02:41       0     47     55      -      4      5      0      0      0      0   6500   1620      0      0  13998    175      0      -      -      0   3702      1 
 20260917    09:02:42       0     50     55      -      4      4      0      0      0      0   6500   1620      0      0  13998    175      0      -      -      0   4158      1 
 20260917    09:02:43       0     47     55      -      4      5      0      0      0      0   6500   1620      0      0  13998    175      0      -      -      0   4151      1 
 20260917    09:02:44       0     47     55      -      4      5      0      0      0      0   6500   1620      0      0  13998    175      0      -      -      0   4145      1 
 20260917    09:02:45       0     46     55      -      3      3      0      0      0      0   6500   1620      0      0  13998    175      0      -      -      0   4143      1 
 20260917    09:02:46       0     47     55      -      4      4      0      0      0      0   6500   1620      0      0  13998    175      0      -      -      0   4145      1 
 20260917    09:02:47       0     47     55      -      4      4      0      0      0      0   6500   1620      0      0  13998    175      0      -      -      0   4147      1 
 20260917    09:02:48       0     47     55      -      5      5      0      0      0      0   6500   1620      0      0  13998    175      0      -      -      0   4162      1 
 20260917    09:02:50       0     50     55      -      1      2      0      0      0      0   6500   1620      0      0  13998    175      0      -      -      0   4163      1 
 20260917    09:02:51       0     46     55      -      4      4      0      0      0      0   6500   1620      0      0  13998    175      0      -      -      0   3909      1 
 20260917    09:02:52       0     50     55      -      1      2      0      0      0      0   6500   1620      0      0  13998    175      0      -      -      0   4165      1 
 20260917    09:02:53       0     50     55      -      1      2      0      0      0      0   6500   1620      0      0  13998    175      0      -      -      0   4023      1 
 20260917    09:02:54       0     46     55      -      1      2      0      0      0      0   6500   1620      0      0  13998    175      0      -      -      0   3587      0 
 20260917    09:02:55       0     47     55      -      1      2      0      0      0      0   6500   1620      0      0  13998    175      0      -      -      0   3289      4 
 20260917    09:02:56       0     47     55      -      1      2      0      0      0      0   6500   1620      0      0  13998    175      0      -      -      0   1375      1 
 20260917    09:02:57       0     62     56      -    100      9      0      0      0      0   6500   1905      0      0  13998    175      0      -      -      0  12873   1493 
 20260917    09:02:58       0     66     56      -    100      9      0      0      0      0   6500   1905      0      0  13998    175      0      -      -      0  12869   1492 
 20260917    09:02:59       0     66     56      -    100      6      0      0      0      0   6500   1905      0      0  13998    175      0      -      -      0  12943   1499 
 20260917    09:03:00       0     66     56      -    100      6      0      0      0      0   6500   1905      0      0  13998    175      0      -      -      0  12931   1499 
 20260917    09:03:01       0     66     56      -    100      6      0      0      0      0   6500   1905      0      0  13998    175      0      -      -      0  12930   1069 
#Date        Time         gpu    pwr  gtemp  mtemp     sm    mem    enc    dec    jpg    ofa   mclk   pclk  pviol  tviol     fb   bar1   ccpm  sbecc  dbecc    pci  rxpci  txpci 
#YYYYMMDD    HH:MM:SS     Idx      W      C      C      %      %      %      %      %      %    MHz    MHz      %   bool     MB     MB     MB   errs   errs   errs   MB/s   MB/s 
 20260917    09:03:02       0     65     56      -     87      9      0      0      0      0   6500   1905      0      0  13998    175      0      -      -      0   4069      1 
 20260917    09:03:03       0     64     56      -      2      3      0      0      0      0   6500   1905      0      0  13998    175      0      -      -      0   3292      1 
 20260917    09:03:04       0     47     56      -      1      2      0      0      0      0   6500   1620      0      0  13998    175      0      -      -      0   3948      1 
 20260917    09:03:05       0     47     56      -      2      3      0      0      0      0   6500   1620      0      0  13998    175      0      -      -      0   3823      0 
 20260917    09:03:06       0     47     55      -      1      2      0      0      0      0   6500   1620      0      0  13998    175      0      -      -      0   3791      0 
 20260917    09:03:08       0     47     55      -      1      3      0      0      0      0   6500   1620      0      0  13998    175      0      -      -      0   3841      0 
 20260917    09:03:09       0     49     56      -      1      2      0      0      0      0   6500   1620      0      0  13998    175      0      -      -      0   3906      0 
 20260917    09:03:10       0     47     55      -      2      3      0      0      0      0   6500   1620      0      0  13998    175      0      -      -      0   3187      0 
 20260917    09:03:11       0     47     55      -      1      2      0      0      0      0   6500   1620      0      0  13998    175      0      -      -      0   2659      0 
 20260917    09:03:12       0     47     55      -      2      3      0      0      0      0   6500   1620      0      0  13998    175      0      -      -      0   2624      3 
 20260917    09:03:13       0     47     55      -      1      2      0      0      0      0   6500   1620      0      0  13998    175      0      -      -      0   2535      0 
 20260917    09:03:14       0     47     55      -      1      2      0      0      0      0   6500   1620      0      0  13998    175      0      -      -      0   2796      0 
 20260917    09:03:15       0     46     55      -      1      2      0      0      0      0   6500   1620      0      0  13998    175      0      -      -      0   3972      0 
 20260917    09:03:16       0     47     55      -      1      2      0      0      0      0   6500   1620      0      0  13998    175      0      -      -      0   4044      1 
 20260917    09:03:17       0     47     55      -      2      3      0      0      0      0   6500   1620      0      0  13998    175      0      -      -      0   4157      1 
 20260917    09:03:18       0     47     55      -      1      3      0      0      0      0   6500   1620      0      0  13998    175      0      -      -      0   4129      1 
 20260917    09:03:19       0     47     55      -      2      3      0      0      0      0   6500   1620      0      0  13998    175      0      -      -      0   4120      0 
 20260917    09:03:20       0     47     55      -      1      2      0      0      0      0   6500   1620      0      0  13998    175      0      -      -      0   4158      0 
 20260917    09:03:21       0     46     55      -      1      2      0      0      0      0   6500   1620      0      0  13998    175      0      -      -      0   4154      1 
 20260917    09:03:22       0     46     55      -      1      1      0      0      0      0   6500   1620      0      0  13998    175      0      -      -      0   4156      1 
 20260917    09:03:23       0     46     55      -      1      2      0      0      0      0   6500   1620      0      0  13998    175      0      -      -      0   4166      1 
 20260917    09:03:24       0     46     55      -      1      2      0      0      0      0   6500   1620      0      0  13998    175      0      -      -      0   4155      1 
 20260917    09:03:26       0     61     56      -    100      6      0      0      0      0   6500   1905      0      0  13998    175      0      -      -      0  12944   1502 
 20260917    09:03:27       0     66     56      -    100      6      0      0      0      0   6500   1905      0      0  13998    175      0      -      -      0  12896   1475 
 20260917    09:03:28       0     64     56      -    100      6      0      0      0      0   6500   1905      0      0  13998    175      0      -      -      0  12927   1016 
 20260917    09:03:29       0     66     56      -    100      9      0      0      0      0   6500   1905      0      0  13998    175      0      -      -      0  11160   1233 
 20260917    09:03:30       0     59     56      -    100      6      0      0      0      0   6500   1905      0      0  13998    175      0      -      -      0   8735   1508 
 20260917    09:03:31       0     60     56      -      2      3      0      0      0      0   6500   1905      0      0  13998    175      0      -      -      0   4166      1 
 20260917    09:03:32       0     59     56      -      1      2      0      0      0      0   6500   1905      0      0  13998    175      0      -      -      0   4164      1 
 20260917    09:03:33       0     47     56      -      1      2      0      0      0      0   6500   1620      0      0  13998    175      0      -      -      0   4159      1 
 20260917    09:03:34       0     47     55      -      4      4      0      0      0      0   6500   1620      0      0  13998    175      0      -      -      0   4106      1 
 20260917    09:03:35       0     47     55      -      1      2      0      0      0      0   6500   1620      0      0  13998    175      0      -      -      0   4155      1 
 20260917    09:03:36       0     46     55      -      2      3      0      0      0      0   6500   1620      0      0  13998    175      0      -      -      0   4187      1 
 20260917    09:03:37       0     46     55      -      4      5      0      0      0      0   6500   1620      0      0  13998    175      0      -      -      0   4156      1 
 20260917    09:03:38       0     47     55      -      1      2      0      0      0      0   6500   1620      0      0  13998    175      0      -      -      0   4158      1 
 20260917    09:03:39       0     46     55      -      4      5      0      0      0      0   6500   1620      0      0  13998    175      0      -      -      0   4156      1 
 20260917    09:03:40       0     47     55      -      4      4      0      0      0      0   6500   1620      0      0  13998    175      0      -      -      0   4162      1 
 20260917    09:03:42       0     47     55      -      1      2      0      0      0      0   6500   1620      0      0  13998    175      0      -      -      0   4155      1 
 20260917    09:03:43       0     47     55      -      1      2      0      0      0      0   6500   1620      0      0  13998    175      0      -      -      0   4155      1 
 20260917    09:03:44       0     47     55      -      4      4      0      0      0      0   6500   1620      0      0  13998    175      0      -      -      0   4159      1 
 20260917    09:03:45       0     47     55      -      2      3      0      0      0      0   6500   1620      0      0  13998    175      0      -      -      0   3902      1 
 20260917    09:03:46       0     47     55      -      1      2      0      0      0      0   6500   1620      0      0  13998    175      0      -      -      0   4139      1 
 20260917    09:03:47       0     46     55      -      4      5      0      0      0      0   6500   1620      0      0  13998    175      0      -      -      0   4163      1 
 20260917    09:03:48       0     46     55      -      1      2      0      0      0      0   6500   1620      0      0  13998    175      0      -      -      0   4153      1 
#Date        Time         gpu    pwr  gtemp  mtemp     sm    mem    enc    dec    jpg    ofa   mclk   pclk  pviol  tviol     fb   bar1   ccpm  sbecc  dbecc    pci  rxpci  txpci 
#YYYYMMDD    HH:MM:SS     Idx      W      C      C      %      %      %      %      %      %    MHz    MHz      %   bool     MB     MB     MB   errs   errs   errs   MB/s   MB/s 
 20260917    09:03:49       0     47     55      -      1      2      0      0      0      0   6500   1620      0      0  13998    175      0      -      -      0   4163      5 
 20260917    09:03:50       0     47     55      -      4      4      0      0      0      0   6500   1620      0      0  13998    175      0      -      -      0   4162      1 
 20260917    09:03:51       0     46     55      -      4      4      0      0      0      0   6500   1620      0      0  13998    175      0      -      -      0   4161      1 
 20260917    09:03:52       0     46     55      -      4      4      0      0      0      0   6500   1620      0      0  13998    175      0      -      -      0   4141      1 
 20260917    09:03:53       0     57     56      -     63      9      0      0      0      0   6500   1905      0      0  13998    175      0      -      -      0  12889   1501 
 20260917    09:03:54       0     66     56      -    100      7      0      0      0      0   6500   1905      0      0  13998    175      0      -      -      0  12928   1128 
 20260917    09:03:55       0     66     56      -    100      6      0      0      0      0   6500   1905      0      0  13998    175      0      -      -      0  13008   1010 
 20260917    09:03:56       0     66     56      -    100      9      0      0      0      0   6500   1905      0      0  13998    175      0      -      -      0   8718   1500 
 20260917    09:03:57       0     60     56      -    100      6      0      0      0      0   6500   1905      0      0  13998    175      0      -      -      0   8750   1497 
 20260917    09:03:59       0     66     56      -    100      6      0      0      0      0   6500   1905      0      0  13998    175      0      -      -      0  12887   1495 
 20260917    09:04:00       0     59     56      -      1      2      0      0      0      0   6500   1905      0      0  13998    175      0      -      -      0   4152      1 
 20260917    09:04:01       0     54     56      -      4      4      0      0      0      0   6500   1620      0      0  13998    175      0      -      -      0   4139      1 
 20260917    09:04:02       0     47     55      -      4      4      0      0      0      0   6500   1620      0      0  13998    175      0      -      -      0   4102      1 
 20260917    09:04:03       0     47     55      -      1      2      0      0      0      0   6500   1620      0      0  13998    175      0      -      -      0   4156      1 
 20260917    09:04:04       0     47     55      -      4      4      0      0      0      0   6500   1620      0      0  13998    175      0      -      -      0   4169      1 
 20260917    09:04:05       0     46     55      -      4      4      0      0      0      0   6500   1620      0      0  13998    175      0      -      -      0   4168      1 
 20260917    09:04:06       0     47     55      -      2      2      0      0      0      0   6500   1620      0      0  13998    175      0      -      -      0   3993      1 
 20260917    09:04:07       0     47     55      -      4      4      0      0      0      0   6500   1620      0      0  13998    175      0      -      -      0   4153      1 
 20260917    09:04:08       0     47     55      -      4      4      0      0      0      0   6500   1620      0      0  13998    175      0      -      -      0   4148      1 
 20260917    09:04:09       0     46     55      -      1      2      0      0      0      0   6500   1620      0      0  13998    175      0      -      -      0   4157      1 
 20260917    09:04:10       0     46     55      -      4      4      0      0      0      0   6500   1620      0      0  13998    175      0      -      -      0   4154      1 
 20260917    09:04:11       0     47     55      -      4      4      0      0      0      0   6500   1620      0      0  13998    175      0      -      -      0   4136      1 
 20260917    09:04:12       0     46     55      -      1      2      0      0      0      0   6500   1620      0      0  13998    175      0      -      -      0   4139      1 
 20260917    09:04:13       0     46     55      -      4      4      0      0      0      0   6500   1620      0      0  13998    175      0      -      -      0   4137      1 
 20260917    09:04:15       0     47     55      -      4      4      0      0      0      0   6500   1620      0      0  13998    175      0      -      -      0   4154      1 
 20260917    09:04:16       0     46     55      -      4      4      0      0      0      0   6500   1620      0      0  13998    175      0      -      -      0   4019      1 
 20260917    09:04:17       0     50     55      -      4      4      0      0      0      0   6500   1620      0      0  13998    175      0      -      -      0   4160      1 
 20260917    09:04:18       0     50     55      -      1      2      0      0      0      0   6500   1620      0      0  13998    175      0      -      -      0   4138      1 
 20260917    09:04:19       0     50     55      -      4      4      0      0      0      0   6500   1620      0      0  13998    175      0      -      -      0   4137      1 
 20260917    09:04:20       0     50     55      -      4      5      0      0      0      0   6500   1620      0      0  13998    175      0      -      -      0   4131      1 
 20260917    09:04:21       0     50     55      -      1      2      0      0      0      0   6500   1620      0      0  13998    175      0      -      -      0   4158      1 
 20260917    09:04:22       0     59     56      -    100      6      0      0      0      0   6500   1905      0      0  13998    175      0      -      -      0  12973   1493 
 20260917    09:04:23       0     66     56      -    100      7      0      0      0      0   6500   1905      0      0  13998    175      0      -      -      0  12877   1494 
 20260917    09:04:24       0     61     56      -    100      6      0      0      0      0   6500   1905      0      0  13998    175      0      -      -      0  12871   1493 
 20260917    09:04:25       0     66     56      -    100      6      0      0      0      0   6500   1905      0      0  13998    175      0      -      -      0  12878   1493 
 20260917    09:04:26       0     66     56      -    100      6      0      0      0      0   6500   1905      0      0  13998    175      0      -      -      0  12940   1056 
 20260917    09:04:27       0     59     56      -     17      4      0      0      0      0   6500   1905      0      0  13998    175      0      -      -      0   4042      1 
 20260917    09:04:28       0     59     56      -      4      4      0      0      0      0   6500   1905      0      0  13998    175      0      -      -      0   4136      1 
 20260917    09:04:29       0     46     55      -      4      5      0      0      0      0   6500   1620      0      0  13998    175      0      -      -      0   4141      1 
 20260917    09:04:30       0     46     55      -      4      4      0      0      0      0   6500   1620      0      0  13998    175      0      -      -      0   4146      1 
 20260917    09:04:32       0     49     55      -      4      5      0      0      0      0   6500   1620      0      0  13998    175      0      -      -      0   4141      1 
 20260917    09:04:33       0     49     55      -      1      4      0      0      0      0   6500   1620      0      0  13998    175      0      -      -      0   4153      0 
 20260917    09:04:34       0     46     55      -      4      4      0      0      0      0   6500   1620      0      0  13998    175      0      -      -      0   4158      1 
 20260917    09:04:35       0     50     55      -      2      3      0      0      0      0   6500   1620      0      0  13998    175      0      -      -      0   3995      1 
#Date        Time         gpu    pwr  gtemp  mtemp     sm    mem    enc    dec    jpg    ofa   mclk   pclk  pviol  tviol     fb   bar1   ccpm  sbecc  dbecc    pci  rxpci  txpci 
#YYYYMMDD    HH:MM:SS     Idx      W      C      C      %      %      %      %      %      %    MHz    MHz      %   bool     MB     MB     MB   errs   errs   errs   MB/s   MB/s 
 20260917    09:04:36       0     49     55      -      1      3      0      0      0      0   6500   1620      0      0  13998    175      0      -      -      0   4142      1 
 20260917    09:04:37       0     46     55      -      4      5      0      0      0      0   6500   1620      0      0  13998    175      0      -      -      0   4047      1 
 20260917    09:04:38       0     47     55      -      1      2      0      0      0      0   6500   1620      0      0  13998    175      0      -      -      0   4111      1 
 20260917    09:04:39       0     49     55      -      1      2      0      0      0      0   6500   1620      0      0  13998    175      0      -      -      0   4145      4 
 20260917    09:04:40       0     50     55      -      4      4      0      0      0      0   6500   1620      0      0  13998    175      0      -      -      0   4081      1 
 20260917    09:04:41       0     50     55      -      1      2      0      0      0      0   6500   1620      0      0  13998    175      0      -      -      0   4151      1 
 20260917    09:04:42       0     50     55      -      2      3      0      0      0      0   6500   1620      0      0  13998    175      0      -      -      0   4160      1 
 20260917    09:04:43       0     50     55      -      4      4      0      0      0      0   6500   1620      0      0  13998    175      0      -      -      0   3822      1 
 20260917    09:04:44       0     50     55      -      1      2      0      0      0      0   6500   1620      0      0  13998    175      0      -      -      0   4004      1 
 20260917    09:04:45       0     49     55      -      1      2      0      0      0      0   6500   1620      0      0  13998    175      0      -      -      0   3827      1 
 20260917    09:04:46       0     47     55      -      4      5      0      0      0      0   6500   1620      0      0  13998    175      0      -      -      0   3281      1 
 20260917    09:04:48       0     50     55      -      1      2      0      0      0      0   6500   1620      0      0  13998    175      0      -      -      0   4132      1 
 20260917    09:04:49       0     47     55      -      1      2      0      0      0      0   6500   1620      0      0  13998    175      0      -      -      0   2120      1 
 20260917    09:04:50       0     46     55      -     20      9      0      0      0      0   6500   1620      0      0  13998    175      0      -      -      0  12927   1500 
 20260917    09:04:51       0     65     56      -    100      6      0      0      0      0   6500   1905      0      0  13998    175      0      -      -      0  12982   1500 
 20260917    09:04:52       0     60     56      -    100      6      0      0      0      0   6500   1905      0      0  13998    175      0      -      -      0  12927   1500 
 20260917    09:04:53       0     65     56      -    100      9      0      0      0      0   6500   1905      0      0  13998    175      0      -      -      0  12927   1500 
 20260917    09:04:54       0     65     56      -    100      7      0      0      0      0   6500   1905      0      0  13998    175      0      -      -      0  12931   1053 
 20260917    09:04:55       0     66     56      -    100      9      0      0      0      0   6500   1905      0      0  13998    175      0      -      -      0   9314   1479 
 20260917    09:04:56       0     59     56      -      1      2      0      0      0      0   6500   1905      0      0  13998    175      0      -      -      0   3968      2 
 20260917    09:04:57       0     60     56      -      3      4      0      0      0      0   6500   1620      0      0  13998    175      0      -      -      0   4172      1 
 20260917    09:04:58       0     50     55      -      4      4      0      0      0      0   6500   1620      0      0  13998    175      0      -      -      0   4170      4 
 20260917    09:04:59       0     50     55      -      2      3      0      0      0      0   6500   1620      0      0  13998    175      0      -      -      0   4024      1 
 20260917    09:05:00       0     49     55      -      1      2      0      0      0      0   6500   1620      0      0  13998    175      0      -      -      0   4155      1 
 20260917    09:05:01       0     46     55      -      4      4      0      0      0      0   6500   1620      0      0  13998    175      0      -      -      0   4063      1 
 20260917    09:05:02       0     50     55      -      1      2      0      0      0      0   6500   1620      0      0  13998    175      0      -      -      0   3831      1 
 20260917    09:05:04       0     49     55      -      1      2      0      0      0      0   6500   1620      0      0  13998    175      0      -      -      0   4132      1 
 20260917    09:05:05       0     46     55      -      4      4      0      0      0      0   6500   1620      0      0  13998    175      0      -      -      0   4136      1 
 20260917    09:05:06       0     49     55      -      2      3      0      0      0      0   6500   1620      0      0  13998    175      0      -      -      0   4133      1 
 20260917    09:05:07       0     49     55      -      1      2      0      0      0      0   6500   1620      0      0  13998    175      0      -      -      0   4153      1 
 20260917    09:05:08       0     50     55      -      4      4      0      0      0      0   6500   1620      0      0  13998    175      0      -      -      0   4131      1 
 20260917    09:05:09       0     49     55      -      4      5      0      0      0      0   6500   1620      0      0  13998    175      0      -      -      0   4069      1 
 20260917    09:05:10       0     50     55      -      2      3      0      0      0      0   6500   1620      0      0  13998    175      0      -      -      0   4126      1 
 20260917    09:05:11       0     50     55      -      4      4      0      0      0      0   6500   1620      0      0  13998    175      0      -      -      0   4089      1 
 20260917    09:05:12       0     50     55      -      4      5      0      0      0      0   6500   1620      0      0  13998    175      0      -      -      0   4009      1 
 20260917    09:05:13       0     46     55      -      1      2      0      0      0      0   6500   1620      0      0  13998    175      0      -      -      0   4120      1 
 20260917    09:05:14       0     46     55      -      4      4      0      0      0      0   6500   1620      0      0  13998    175      0      -      -      0   2939      1 
 20260917    09:05:15       0     46     55      -      1      2      0      0      0      0   6500   1620      0      0  13998    175      0      -      -      0   2176      4 
 20260917    09:05:16       0     47     55      -      1      2      0      0      0      0   6500   1620      0      0  13998    175      0      -      -      0   1836      0 
 20260917    09:05:17       0     47     55      -      1      2      0      0      0      0   6500   1620      0      0  13998    175      0      -      -      0   2723      0 
 20260917    09:05:18       0     67     56      -    100      8      0      0      0      0   6500   1905      0      0  13998    175      0      -      -      0  12586    978 
 20260917    09:05:19       0     60     56      -    100      6      0      0      0      0   6500   1905      0      0  13998    175      0      -      -      0  12889   1495 
 20260917    09:05:21       0     65     56      -    100      9      0      0      0      0   6500   1905      0      0  13998    175      0      -      -      0  12928   1500 
 20260917    09:05:22       0     60     56      -    100      9      0      0      0      0   6500   1905      0      0  13998    175      0      -      -      0  12880   1500 
#Date        Time         gpu    pwr  gtemp  mtemp     sm    mem    enc    dec    jpg    ofa   mclk   pclk  pviol  tviol     fb   bar1   ccpm  sbecc  dbecc    pci  rxpci  txpci 
#YYYYMMDD    HH:MM:SS     Idx      W      C      C      %      %      %      %      %      %    MHz    MHz      %   bool     MB     MB     MB   errs   errs   errs   MB/s   MB/s 
 20260917    09:05:23       0     65     56      -    100      6      0      0      0      0   6500   1905      0      0  13998    175      0      -      -      0  12943   1126 
 20260917    09:05:24       0     60     56      -    100      6      0      0      0      0   6500   1905      0      0  13998    175      0      -      -      0   9639   1493 
 20260917    09:05:25       0     59     56      -      2      3      0      0      0      0   6500   1905      0      0  13998    175      0      -      -      0   4115      1 
 20260917    09:05:26       0     53     56      -      1      1      0      0      0      0   6500   1620      0      0  13998    175      0      -      -      0   4153      1 
 20260917    09:05:27       0     47     55      -      3      4      0      0      0      0   6500   1620      0      0  13998    175      0      -      -      0   4033      1 
 20260917    09:05:28       0     46     55      -      3      4      0      0      0      0   6500   1620      0      0  13998    175      0      -      -      0   4156      1 
 20260917    09:05:29       0     46     55      -      3      4      0      0      0      0   6500   1620      0      0  13998    175      0      -      -      0   4133      1 
 20260917    09:05:30       0     46     55      -      3      4      0      0      0      0   6500   1620      0      0  13998    175      0      -      -      0   4132      1 
 20260917    09:05:31       0     49     55      -      4      5      0      0      0      0   6500   1620      0      0  13998    175      0      -      -      0   3887      0 
 20260917    09:05:32       0     46     55      -      1      2      0      0      0      0   6500   1620      0      0  13998    175      0      -      -      0   4058      0 
 20260917    09:05:33       0     49     55      -      4      4      0      0      0      0   6500   1620      0      0  13998    175      0      -      -      0   4152      1 
 20260917    09:05:34       0     46     55      -      4      5      0      0      0      0   6500   1620      0      0  13998    175      0      -      -      0   4153      0 
 20260917    09:05:35       0     47     55      -      1      2      0      0      0      0   6500   1620      0      0  13998    175      0      -      -      0   4158      0 
 20260917    09:05:36       0     50     55      -      3      4      0      0      0      0   6500   1620      0      0  13998    175      0      -      -      0   4135      0 
 20260917    09:05:37       0     47     55      -      3      4      0      0      0      0   6500   1620      0      0  13998    175      0      -      -      0   4114      0 
 20260917    09:05:39       0     49     55      -      2      3      0      0      0      0   6500   1620      0      0  13998    175      0      -      -      0   4139      1 
 20260917    09:05:40       0     49     55      -      1      2      0      0      0      0   6500   1620      0      0  13998    175      0      -      -      0   4126      1 
 20260917    09:05:41       0     49     55      -      3      4      0      0      0      0   6500   1620      0      0  13998    175      0      -      -      0   3961      0 
 20260917    09:05:42       0     49     55      -      4      5      0      0      0      0   6500   1620      0      0  13998    175      0      -      -      0   4124      1 
 20260917    09:05:43       0     46     55      -      1      2      0      0      0      0   6500   1620      0      0  13998    175      0      -      -      0   1397      0 
 20260917    09:05:44       0     47     55      -      1      2      0      0      0      0   6500   1620      0      0  13998    175      0      -      -      0   2993      0 
 20260917    09:05:45       0     46     55      -      1      2      0      0      0      0   6500   1620      0      0  13998    175      0      -      -      0   2123      2 
 20260917    09:05:46       0     47     55      -      1      2      0      0      0      0   6500   1620      0      0  13998    175      0      -      -      0   2335      3 
 20260917    09:05:47       0     60     56      -    100      6      0      0      0      0   6500   1905      0      0  13998    175      0      -      -      0  12877   1492 
 20260917    09:05:48       0     66     56      -    100      6      0      0      0      0   6500   1905      0      0  13998    175      0      -      -      0  12871   1492 
 20260917    09:05:49       0     67     56      -    100      9      0      0      0      0   6500   1905      0      0  13998    175      0      -      -      0  12879   1159 
 20260917    09:05:50       0     66     56      -    100      9      0      0      0      0   6500   1905      0      0  13998    175      0      -      -      0  10103   1492 
 20260917    09:05:51       0     61     56      -    100      6      0      0      0      0   6500   1905      0      0  13998    175      0      -      -      0  12864   1492 
 20260917    09:05:52       0     65     56      -     32      5      0      0      0      0   6500   1905      0      0  13998    175      0      -      -      0   4127      0 
 20260917    09:05:53       0     60     56      -      3      4      0      0      0      0   6500   1905      0      0  13998    175      0      -      -      0   4124      2 
 20260917    09:05:54       0     51     55      -      1      2      0      0      0      0   6500   1620      0      0  13998    175      0      -      -      0   4146      1 
 20260917    09:05:55       0     50     55      -      2      3      0      0      0      0   6500   1620      0      0  13998    175      0      -      -      0   4080      0 
 20260917    09:05:57       0     51     55      -      3      4      0      0      0      0   6500   1620      0      0  13998    175      0      -      -      0   3885      1 
 20260917    09:05:58       0     50     55      -      1      2      0      0      0      0   6500   1620      0      0  13998    175      0      -      -      0   4126      1 
 20260917    09:05:59       0     49     55      -      1      2      0      0      0      0   6500   1620      0      0  13998    175      0      -      -      0   3919      0 
 20260917    09:06:00       0     49     55      -      2      3      0      0      0      0   6500   1620      0      0  13998    175      0      -      -      0   3040      0 
 20260917    09:06:01       0     46     55      -      1      3      0      0      0      0   6500   1620      0      0  13998    175      0      -      -      0   3198      0 
 20260917    09:06:02       0     47     55      -      2      3      0      0      0      0   6500   1620      0      0  13998    175      0      -      -      0   3509      0 
 20260917    09:06:03       0     47     55      -      1      2      0      0      0      0   6500   1620      0      0  13998    175      0      -      -      0   1932      0 
 20260917    09:06:04       0     47     55      -      1      2      0      0      0      0   6500   1620      0      0  13998    175      0      -      -      0   2478      1 
 20260917    09:06:05       0     46     55      -      1      2      0      0      0      0   6500   1620      0      0  13998    175      0      -      -      0   2745      1 
 20260917    09:06:06       0     47     55      -      1      2      0      0      0      0   6500   1620      0      0  13998    175      0      -      -      0   2453      1 
 20260917    09:06:07       0     46     55      -      2      3      0      0      0      0   6500   1620      0      0  13998    175      0      -      -      0   3986      0 
 20260917    09:06:08       0     47     55      -      1      2      0      0      0      0   6500   1620      0      0  13998    175      0      -      -      0   3968      0 
#Date        Time         gpu    pwr  gtemp  mtemp     sm    mem    enc    dec    jpg    ofa   mclk   pclk  pviol  tviol     fb   bar1   ccpm  sbecc  dbecc    pci  rxpci  txpci 
#YYYYMMDD    HH:MM:SS     Idx      W      C      C      %      %      %      %      %      %    MHz    MHz      %   bool     MB     MB     MB   errs   errs   errs   MB/s   MB/s 
 20260917    09:06:09       0     47     55      -      2      3      0      0      0      0   6500   1620      0      0  13998    175      0      -      -      0   3709      0 
 20260917    09:06:10       0     47     55      -      1      2      0      0      0      0   6500   1620      0      0  13998    175      0      -      -      0   4155      0 
 20260917    09:06:11       0     47     55      -      1      2      0      0      0      0   6500   1620      0      0  13998    175      0      -      -      0   4138      0 
 20260917    09:06:12       0     47     55      -      1      2      0      0      0      0   6500   1620      0      0  13998    175      0      -      -      0   4152      0 
 20260917    09:06:13       0     46     55      -      1      2      0      0      0      0   6500   1620      0      0  13998    175      0      -      -      0   3996      1 
 20260917    09:06:14       0     47     55      -      1      2      0      0      0      0   6500   1620      0      0  13998    175      0      -      -      0   4165      0 
 20260917    09:06:16       0     75     56      -    100      8      0      0      0      0   6500   1905      0      0  13998    175      0      -      -      0  12933   1501 
 20260917    09:06:17       0     85     56      -    100      7      0      0      0      0   6500   1905      0      0  13998    175      0      -      -      0  12929   1500 
 20260917    09:06:18       0     84     56      -    100      7      0      0      0      0   6500   1905      0      0  13998    175      0      -      -      0   2423   1498 
 20260917    09:06:19       0     64     57      -    100      7      0      0      0      0   6500   1905      0      0  13998    175      0      -      -      0  12873   1494 
 20260917    09:06:20       0     75     56      -    100      7      0      0      0      0   6500   1905      0      0  13998    175      0      -      -      0  12878   1053 
 20260917    09:06:21       0     61     58      -    100      7      0      0      0      0   6500   1905      0      0  13998    175      0      -      -      0  12883   1494 
 20260917    09:06:22       0     61     56      -      1      2      0      0      0      0   6500   1905      0      0  13998    175      0      -      -      0   3894      1 
 20260917    09:06:23       0     52     56      -     12      4      0      0      0      0   6500   1620      0      0  13998    175      0      -      -      0   4149      0 
 20260917    09:06:24       0     47     56      -     14      5      0      0      0      0   6500   1620      0      0  13998    175      0      -      -      0   4143      0 
 20260917    09:06:25       0     56     56      -     14      5      0      0      0      0   6500   1620      0      0  13998    175      0      -      -      0   4160      1 
 20260917    09:06:26       0     56     55      -     13      5      0      0      0      0   6500   1620      0      0  13998    175      0      -      -      0   4156      0 
 20260917    09:06:27       0     60     56      -      1      2      0      0      0      0   6500   1620      0      0  13998    175      0      -      -      0   4018      0 
 20260917    09:06:28       0     52     56      -      1      2      0      0      0      0   6500   1620      0      0  13998    175      0      -      -      0   4038      0 
 20260917    09:06:29       0     47     55      -      1      2      0      0      0      0   6500   1620      0      0  13998    175      0      -      -      0     93      3 
 20260917    09:06:30       0     48     55      -      1      2      0      0      0      0   6500   1620      0      0  13998    175      0      -      -      0   3068      0 
 20260917    09:06:31       0     47     55      -      2      3      0      0      0      0   6500   1620      0      0  13998    175      0      -      -      0   3928      0 
 20260917    09:06:32       0     48     55      -      1      2      0      0      0      0   6500   1620      0      0  13998    175      0      -      -      0   4459      1 
 20260917    09:06:33       0     48     55      -      1      2      0      0      0      0   6500   1620      0      0  13998    175      0      -      -      0   4154      1 
 20260917    09:06:35       0     48     55      -      1      2      0      0      0      0   6500   1620      0      0  13998    175      0      -      -      0   4163      0 
 20260917    09:06:36       0     48     55      -     13      4      0      0      0      0   6500   1620      0      0  13998    175      0      -      -      0   3884      0 
 20260917    09:06:37       0     47     55      -      1      2      0      0      0      0   6500   1620      0      0  13998    175      0      -      -      0   4154      0 
 20260917    09:06:38       0     47     55      -     13      5      0      0      0      0   6500   1620      0      0  13998    175      0      -      -      0   4151      1 
 20260917    09:06:39       0     56     55      -     14      5      0      0      0      0   6500   1620      0      0  13998    175      0      -      -      0   4135      1 
 20260917    09:06:40       0     61     55      -      1      2      0      0      0      0   6500   1620      0      0  13998    175      0      -      -      0   4065      0 
 20260917    09:06:41       0     50     55      -     13      5      0      0      0      0   6500   1620      0      0  13998    175      0      -      -      0   4126      0 
 20260917    09:06:42       0     49     56      -      1      2      0      0      0      0   6500   1620      0      0  13998    175      0      -      -      0   4076      0 
 20260917    09:06:43       0     47     55      -      1      2      0      0      0      0   6500   1620      0      0  13998    175      0      -      -      0    745      3 
 20260917    09:06:44       0     47     55      -      1      2      0      0      0      0   6500   1620      0      0  13998    175      0      -      -      0   2412      0 
 20260917    09:06:45       0     66     56      -    100      9      0      0      0      0   6500   1905      0      0  13998    175      0      -      -      0  12950   1498 
 20260917    09:06:46       0     66     56      -    100      9      0      0      0      0   6500   1905      0      0  13998    175      0      -      -      0  12927   1499 
 20260917    09:06:47       0     66     56      -    100      6      0      0      0      0   6500   1905      0      0  13998    175      0      -      -      0  12929   1114 
 20260917    09:06:48       0     66     56      -    100      6      0      0      0      0   6500   1905      0      0  13998    175      0      -      -      0  11907   1233 
 20260917    09:06:49       0     66     56      -    100      6      0      0      0      0   6500   1905      0      0  13998    175      0      -      -      0   9292   1492 
 20260917    09:06:50       0     60     56      -      1      2      0      0      0      0   6500   1905      0      0  13998    175      0      -      -      0   2938      0 
 20260917    09:06:51       0     59     57      -      1      2      0      0      0      0   6500   1905      0      0  13998    175      0      -      -      0   1738      0 
 20260917    09:06:52       0     47     56      -      1      5      0      0      0      0   6500   1620      0      0  13998    175      0      -      -      0   2064      1 
 20260917    09:06:54       0     46     56      -      1      2      0      0      0      0   6500   1620      0      0  13998    175      0      -      -      0   3241      0 
 20260917    09:06:55       0     47     55      -      1      2      0      0      0      0   6500   1620      0      0  13998    175      0      -      -      0   2486      4 
#Date        Time         gpu    pwr  gtemp  mtemp     sm    mem    enc    dec    jpg    ofa   mclk   pclk  pviol  tviol     fb   bar1   ccpm  sbecc  dbecc    pci  rxpci  txpci 
#YYYYMMDD    HH:MM:SS     Idx      W      C      C      %      %      %      %      %      %    MHz    MHz      %   bool     MB     MB     MB   errs   errs   errs   MB/s   MB/s 
 20260917    09:06:56       0     47     55      -      1      2      0      0      0      0   6500   1620      0      0  13998    175      0      -      -      0   1581      0 
 20260917    09:06:57       0     47     55      -      1      2      0      0      0      0   6500   1620      0      0  13998    175      0      -      -      0   2416      3 
 20260917    09:06:58       0     47     55      -      1      2      0      0      0      0   6500   1620      0      0  13998    175      0      -      -      0   3502      0 
 20260917    09:06:59       0     47     55      -      1      2      0      0      0      0   6500   1620      0      0  13998    175      0      -      -      0   4133      0 
 20260917    09:07:00       0     47     55      -      2      3      0      0      0      0   6500   1620      0      0  13998    175      0      -      -      0   3796      0 
 20260917    09:07:01       0     47     55      -      1      2      0      0      0      0   6500   1620      0      0  13998    175      0      -      -      0   4138      0 
 20260917    09:07:02       0     47     55      -      1      2      0      0      0      0   6500   1620      0      0  13998    175      0      -      -      0   4150      0 
 20260917    09:07:03       0     47     55      -      1      2      0      0      0      0   6500   1620      0      0  13998    175      0      -      -      0   4151      0 
 20260917    09:07:04       0     47     55      -      1      3      0      0      0      0   6500   1620      0      0  13998    175      0      -      -      0   4048      0 
 20260917    09:07:05       0     47     55      -      1      2      0      0      0      0   6500   1620      0      0  13998    175      0      -      -      0   4151      0 
 20260917    09:07:06       0     47     55      -      1      2      0      0      0      0   6500   1620      0      0  13998    175      0      -      -      0   4133      1 
 20260917    09:07:07       0     47     55      -      1      2      0      0      0      0   6500   1620      0      0  13998    175      0      -      -      0   4150      1 
 20260917    09:07:08       0     47     55      -      4      4      0      0      0      0   6500   1620      0      0  13998    175      0      -      -      0   4133      1 
 20260917    09:07:09       0     47     55      -      1      2      0      0      0      0   6500   1620      0      0  13998    175      0      -      -      0   4134      1 
 20260917    09:07:10       0     47     55      -      3      4      0      0      0      0   6500   1620      0      0  13998    175      0      -      -      0   4155      0 
 20260917    09:07:11       0     49     55      -      4      5      0      0      0      0   6500   1620      0      0  13998    175      0      -      -      0   4151      1 
 20260917    09:07:13       0     47     55      -      1      2      0      0      0      0   6500   1620      0      0  13998    175      0      -      -      0  12931   1499 
 20260917    09:07:14       0     62     56      -    100      6      0      0      0      0   6500   1905      0      0  13998    175      0      -      -      0  12958   1500 
 20260917    09:07:15       0     67     56      -    100      6      0      0      0      0   6500   1905      0      0  13998    175      0      -      -      0  12933   1499 
 20260917    09:07:16       0     61     56      -    100      9      0      0      0      0   6500   1905      0      0  13998    175      0      -      -      0  12960   1499 
 20260917    09:07:17       0     67     56      -    100      9      0      0      0      0   6500   1905      0      0  13998    175      0      -      -      0  12926   1498 
 20260917    09:07:18       0     60     56      -    100      9      0      0      0      0   6500   1905      0      0  13998    175      0      -      -      0  12930   1500 
 20260917    09:07:19       0     61     56      -      4      5      0      0      0      0   6500   1905      0      0  13998    175      0      -      -      0   3940      0 
 20260917    09:07:20       0     59     56      -      3      4      0      0      0      0   6500   1905      0      0  13998    175      0      -      -      0   4160      1 
 20260917    09:07:21       0     47     56      -      4      4      0      0      0      0   6500   1620      0      0  13998    175      0      -      -      0   4000      0 
 20260917    09:07:22       0     47     56      -      4      5      0      0      0      0   6500   1620      0      0  13998    175      0      -      -      0   4153      1 
 20260917    09:07:23       0     47     55      -      4      4      0      0      0      0   6500   1620      0      0  13998    175      0      -      -      0   4155      1 
 20260917    09:07:24       0     46     55      -      4      4      0      0      0      0   6500   1620      0      0  13998    175      0      -      -      0   4150      0 
 20260917    09:07:25       0     47     55      -      1      2      0      0      0      0   6500   1620      0      0  13998    175      0      -      -      0   3843      0 
 20260917    09:07:26       0     49     55      -      4      4      0      0      0      0   6500   1620      0      0  13998    175      0      -      -      0   4140      0 
 20260917    09:07:27       0     47     55      -      4      4      0      0      0      0   6500   1620      0      0  13998    175      0      -      -      0   4152      0 
 20260917    09:07:28       0     49     55      -      2      3      0      0      0      0   6500   1620      0      0  13998    175      0      -      -      0   4175      1 
 20260917    09:07:29       0     46     55      -      3      4      0      0      0      0   6500   1620      0      0  13998    175      0      -      -      0   4152      1 
 20260917    09:07:30       0     50     55      -      4      4      0      0      0      0   6500   1620      0      0  13998    175      0      -      -      0   4054      1 
 20260917    09:07:31       0     50     55      -      4      5      0      0      0      0   6500   1620      0      0  13998    175      0      -      -      0   3959      0 
 20260917    09:07:33       0     50     55      -      2      3      0      0      0      0   6500   1620      0      0  13998    175      0      -      -      0   4136      0 
 20260917    09:07:34       0     50     55      -      3      4      0      0      0      0   6500   1620      0      0  13998    175      0      -      -      0   4050      4 
 20260917    09:07:35       0     49     55      -      4      5      0      0      0      0   6500   1620      0      0  13998    175      0      -      -      0   3896      0 
 20260917    09:07:36       0     47     55      -      1      2      0      0      0      0   6500   1620      0      0  13998    175      0      -      -      0   2754      0 
 20260917    09:07:37       0     50     55      -      1      2      0      0      0      0   6500   1620      0      0  13998    175      0      -      -      0   3999      0 
 20260917    09:07:38       0     47     55      -      1      2      0      0      0      0   6500   1620      0      0  13998    175      0      -      -      0   1653      0 
 20260917    09:07:39       0     47     55      -      1      2      0      0      0      0   6500   1620      0      0  13998    175      0      -      -      0   2560      0 
 20260917    09:07:40       0     47     55      -      1      2      0      0      0      0   6500   1620      0      0  13998    175      0      -      -      0   4135      0 
 20260917    09:07:41       0     60     56      -    100      6      0      0      0      0   6500   1905      0      0  13998    175      0      -      -      0   9874   1499 
#Date        Time         gpu    pwr  gtemp  mtemp     sm    mem    enc    dec    jpg    ofa   mclk   pclk  pviol  tviol     fb   bar1   ccpm  sbecc  dbecc    pci  rxpci  txpci 
#YYYYMMDD    HH:MM:SS     Idx      W      C      C      %      %      %      %      %      %    MHz    MHz      %   bool     MB     MB     MB   errs   errs   errs   MB/s   MB/s 
 20260917    09:07:42       0     66     56      -    100      6      0      0      0      0   6500   1905      0      0  13998    175      0      -      -      0  12925   1499 
 20260917    09:07:43       0     61     56      -    100      6      0      0      0      0   6500   1905      0      0  13998    175      0      -      -      0  12928   1499 
 20260917    09:07:44       0     66     56      -    100      9      0      0      0      0   6500   1905      0      0  13998    175      0      -      -      0  12929   1499 
 20260917    09:07:45       0     66     56      -    100      9      0      0      0      0   6500   1905      0      0  13998    175      0      -      -      0  12943   1501 
 20260917    09:07:46       0     61     56      -    100      6      0      0      0      0   6500   1905      0      0  13998    175      0      -      -      0   2950      0 
 20260917    09:07:47       0     60     56      -      2      3      0      0      0      0   6500   1905      0      0  13998    175      0      -      -      0   2049      0 
 20260917    09:07:48       0     47     55      -      1      2      0      0      0      0   6500   1620      0      0  13998    175      0      -      -      0   3156      0 
 20260917    09:07:49       0     47     55      -      2      3      0      0      0      0   6500   1620      0      0  13998    175      0      -      -      0   4137      0 
 20260917    09:07:50       0     47     55      -      1      2      0      0      0      0   6500   1620      0      0  13998    175      0      -      -      0   4155      0 
 20260917    09:07:52       0     47     55      -      2      3      0      0      0      0   6500   1620      0      0  13998    175      0      -      -      0   4152      0 
 20260917    09:07:53       0     47     55      -      1      2      0      0      0      0   6500   1620      0      0  13998    175      0      -      -      0   4119      0 
 20260917    09:07:54       0     47     55      -      2      3      0      0      0      0   6500   1620      0      0  13998    175      0      -      -      0   3775      5 
 20260917    09:07:55       0     47     55      -      1      2      0      0      0      0   6500   1620      0      0  13998    175      0      -      -      0   4153      0 
 20260917    09:07:56       0     47     55      -      1      2      0      0      0      0   6500   1620      0      0  13998    175      0      -      -      0   4105      4 
 20260917    09:07:57       0     47     55      -      3      4      0      0      0      0   6500   1620      0      0  13998    175      0      -      -      0   4151      1 
 20260917    09:07:58       0     47     55      -      1      2      0      0      0      0   6500   1620      0      0  13998    175      0      -      -      0   4164      0 
 20260917    09:07:59       0     46     55      -      1      2      0      0      0      0   6500   1620      0      0  13998    175      0      -      -      0   4151      0 
 20260917    09:08:00       0     47     55      -      1      2      0      0      0      0   6500   1620      0      0  13998    175      0      -      -      0   4155      0 
 20260917    09:08:01       0     47     55      -      4      5      0      0      0      0   6500   1620      0      0  13998    175      0      -      -      0   4059      0 
 20260917    09:08:02       0     47     55      -      1      2      0      0      0      0   6500   1620      0      0  13998    175      0      -      -      0   4151      1 
 20260917    09:08:03       0     47     55      -      1      2      0      0      0      0   6500   1620      0      0  13998    175      0      -      -      0   4126      1 
 20260917    09:08:04       0     47     55      -      4      4      0      0      0      0   6500   1620      0      0  13998    175      0      -      -      0   4148      1 
 20260917    09:08:05       0     47     55      -      3      4      0      0      0      0   6500   1620      0      0  13998    175      0      -      -      0   4150      1 
 20260917    09:08:06       0     47     55      -      1      2      0      0      0      0   6500   1620      0      0  13998    175      0      -      -      0   4151      1 
 20260917    09:08:07       0     46     55      -      3      4      0      0      0      0   6500   1620      0      0  13998    175      0      -      -      0   4159      0 
 20260917    09:08:08       0     46     55      -      4      4      0      0      0      0   6500   1620      0      0  13998    175      0      -      -      0   4150      0 
 20260917    09:08:09       0     61     56      -    100      6      0      0      0      0   6500   1905      0      0  13998    175      0      -      -      0  12925   1499 
 20260917    09:08:11       0     66     56      -    100      6      0      0      0      0   6500   1905      0      0  13998    175      0      -      -      0  12926   1499 
 20260917    09:08:12       0     61     56      -    100      6      0      0      0      0   6500   1905      0      0  13998    175      0      -      -      0  12926   1499 
 20260917    09:08:13       0     66     56      -    100      9      0      0      0      0   6500   1905      0      0  13998    175      0      -      -      0  12923   1499 
 20260917    09:08:14       0     66     56      -    100      9      0      0      0      0   6500   1905      0      0  13998    175      0      -      -      0  12933   1499 
 20260917    09:08:15       0     60     56      -      1      2      0      0      0      0   6500   1905      0      0  13998    175      0      -      -      0   4092      1 
 20260917    09:08:16       0     61     56      -      3      4      0      0      0      0   6500   1905      0      0  13998    175      0      -      -      0   4150      5 
 20260917    09:08:17       0     47     55      -      4      5      0      0      0      0   6500   1620      0      0  13998    175      0      -      -      0   4163      1 
 20260917    09:08:18       0     47     55      -      1      2      0      0      0      0   6500   1620      0      0  13998    175      0      -      -      0   4155      0 
 20260917    09:08:19       0     46     55      -      3      4      0      0      0      0   6500   1620      0      0  13998    175      0      -      -      0   4155      1 
 20260917    09:08:20       0     46     55      -      4      4      0      0      0      0   6500   1620      0      0  13998    175      0      -      -      0   4136      0 
 20260917    09:08:21       0     50     55      -      1      2      0      0      0      0   6500   1620      0      0  13998    175      0      -      -      0   4155      1 
 20260917    09:08:22       0     50     55      -      4      4      0      0      0      0   6500   1620      0      0  13998    175      0      -      -      0   3931      0 
 20260917    09:08:23       0     49     55      -      4      5      0      0      0      0   6500   1620      0      0  13998    175      0      -      -      0   4157      0 
 20260917    09:08:24       0     50     55      -      2      3      0      0      0      0   6500   1620      0      0  13998    175      0      -      -      0   4135      0 
 20260917    09:08:25       0     47     55      -      1      2      0      0      0      0   6500   1620      0      0  13998    175      0      -      -      0   4149      1 
 20260917    09:08:26       0     50     55      -      4      4      0      0      0      0   6500   1620      0      0  13998    175      0      -      -      0   4146      1 
 20260917    09:08:27       0     47     55      -      4      5      0      0      0      0   6500   1620      0      0  13998    175      0      -      -      0   4152      0 
#Date        Time         gpu    pwr  gtemp  mtemp     sm    mem    enc    dec    jpg    ofa   mclk   pclk  pviol  tviol     fb   bar1   ccpm  sbecc  dbecc    pci  rxpci  txpci 
#YYYYMMDD    HH:MM:SS     Idx      W      C      C      %      %      %      %      %      %    MHz    MHz      %   bool     MB     MB     MB   errs   errs   errs   MB/s   MB/s 
 20260917    09:08:28       0     50     55      -      1      2      0      0      0      0   6500   1620      0      0  13998    175      0      -      -      0   4150      1 
 20260917    09:08:30       0     47     55      -      2      3      0      0      0      0   6500   1620      0      0  13998    175      0      -      -      0   4152      1 
 20260917    09:08:31       0     50     55      -      4      5      0      0      0      0   6500   1620      0      0  13998    175      0      -      -      0   3356      0 
 20260917    09:08:32       0     47     55      -      2      3      0      0      0      0   6500   1620      0      0  13998    175      0      -      -      0   3404      0 
 20260917    09:08:33       0     46     55      -      1      2      0      0      0      0   6500   1620      0      0  13998    175      0      -      -      0   3385      0 
 20260917    09:08:34       0     46     55      -      1      2      0      0      0      0   6500   1620      0      0  13998    175      0      -      -      0   2530      0 
 20260917    09:08:35       0     46     55      -      1      2      0      0      0      0   6500   1620      0      0  13998    175      0      -      -      0   2352      4 
 20260917    09:08:36       0     46     55      -      1      2      0      0      0      0   6500   1620      0      0  13998    175      0      -      -      0   2617      0 
 20260917    09:08:37       0     47     55      -      1      2      0      0      0      0   6500   1620      0      0  13998    175      0      -      -      0   4167      1 
 20260917    09:08:38       0     59     56      -    100      9      0      0      0      0   6500   1905      0      0  13998    175      0      -      -      0  12930   1499 
 20260917    09:08:39       0     66     56      -    100      8      0      0      0      0   6500   1905      0      0  13998    175      0      -      -      0  12931   1500 
 20260917    09:08:40       0     59     56      -    100      9      0      0      0      0   6500   1905      0      0  13998    175      0      -      -      0  12901   1494 
 20260917    09:08:41       0     66     56      -    100      6      0      0      0      0   6500   1905      0      0  13998    175      0      -      -      0  12926   1499 
 20260917    09:08:42       0     65     56      -    100      6      0      0      0      0   6500   1905      0      0  13998    175      0      -      -      0  12922   1498 
 20260917    09:08:43       0     60     56      -      1      2      0      0      0      0   6500   1905      0      0  13998    175      0      -      -      0   1524      0 
 20260917    09:08:44       0     58     56      -      1      2      0      0      0      0   6500   1905      0      0  13998    175      0      -      -      0   2593      0 
 20260917    09:08:45       0     47     55      -      1      2      0      0      0      0   6500   1620      0      0  13998    175      0      -      -      0   3573      0 
 20260917    09:08:46       0     46     55      -      1      3      0      0      0      0   6500   1620      0      0  13998    175      0      -      -      0   4140      0 
 20260917    09:08:47       0     47     55      -      1      2      0      0      0      0   6500   1620      0      0  13998    175      0      -      -      0   4150      0 
 20260917    09:08:48       0     46     55      -      1      2      0      0      0      0   6500   1620      0      0  13998    175      0      -      -      0   4152      0 
 20260917    09:08:50       0     47     55      -      1      3      0      0      0      0   6500   1620      0      0  13998    175      0      -      -      0   3920      0 
 20260917    09:08:51       0     46     55      -      1      2      0      0      0      0   6500   1620      0      0  13998    175      0      -      -      0   4153      1 
 20260917    09:08:52       0     46     55      -      1      2      0      0      0      0   6500   1620      0      0  13998    175      0      -      -      0   4153      1 
 20260917    09:08:53       0     46     55      -      2      3      0      0      0      0   6500   1620      0      0  13998    175      0      -      -      0   4132      0 
 20260917    09:08:54       0     46     55      -      1      2      0      0      0      0   6500   1620      0      0  13998    175      0      -      -      0   4158      0 
 20260917    09:08:55       0     46     55      -      3      4      0      0      0      0   6500   1620      0      0  13998    175      0      -      -      0   4138      0 
 20260917    09:08:56       0     46     55      -      1      2      0      0      0      0   6500   1620      0      0  13998    175      0      -      -      0   4153      5 
 20260917    09:08:57       0     47     55      -      1      2      0      0      0      0   6500   1620      0      0  13998    175      0      -      -      0   4012      0 
 20260917    09:08:58       0     47     55      -      4      4      0      0      0      0   6500   1620      0      0  13998    175      0      -      -      0   4140      0 
 20260917    09:08:59       0     47     55      -      4      4      0      0      0      0   6500   1620      0      0  13998    175      0      -      -      0   4152      1 
 20260917    09:09:00       0     47     55      -      1      2      0      0      0      0   6500   1620      0      0  13998    175      0      -      -      0   4109      1 
 20260917    09:09:01       0     46     55      -      4      4      0      0      0      0   6500   1620      0      0  13998    175      0      -      -      0   4152      1 
 20260917    09:09:02       0     46     55      -      4      4      0      0      0      0   6500   1620      0      0  13998    175      0      -      -      0   4156      1 
 20260917    09:09:03       0     49     55      -      1      2      0      0      0      0   6500   1620      0      0  13998    175      0      -      -      0   4152      1 
 20260917    09:09:04       0     45     55      -      3      4      0      0      0      0   6500   1620      0      0  13998    175      0      -      -      0   4154      1 
 20260917    09:09:05       0     47     55      -     15      9      0      0      0      0   6500   1620      0      0  13998    175      0      -      -      0   9424   1498 
 20260917    09:09:06       0     65     56      -    100      6      0      0      0      0   6500   1905      0      0  13998    175      0      -      -      0  12946   1501 
 20260917    09:09:07       0     60     56      -    100      6      0      0      0      0   6500   1905      0      0  13998    175      0      -      -      0  12926   1499 
 20260917    09:09:09       0     65     56      -    100      6      0      0      0      0   6500   1905      0      0  13998    175      0      -      -      0  12932   1499 
 20260917    09:09:10       0     64     56      -    100      6      0      0      0      0   6500   1905      0      0  13998    175      0      -      -      0  12929   1505 
 20260917    09:09:11       0     59     56      -    100      9      0      0      0      0   6500   1905      0      0  13998    175      0      -      -      0  12887   1499 
 20260917    09:09:12       0     59     56      -      1      2      0      0      0      0   6500   1905      0      0  13998    175      0      -      -      0   3904      1 
 20260917    09:09:13       0     59     55      -      3      4      0      0      0      0   6500   1620      0      0  13998    175      0      -      -      0   4145      1 
 20260917    09:09:14       0     47     55      -      3      4      0      0      0      0   6500   1620      0      0  13998    175      0      -      -      0   4155      1 
#Date        Time         gpu    pwr  gtemp  mtemp     sm    mem    enc    dec    jpg    ofa   mclk   pclk  pviol  tviol     fb   bar1   ccpm  sbecc  dbecc    pci  rxpci  txpci 
#YYYYMMDD    HH:MM:SS     Idx      W      C      C      %      %      %      %      %      %    MHz    MHz      %   bool     MB     MB     MB   errs   errs   errs   MB/s   MB/s 
 20260917    09:09:15       0     46     55      -      4      5      0      0      0      0   6500   1620      0      0  13998    175      0      -      -      0   4154      1 
 20260917    09:09:16       0     47     55      -      4      4      0      0      0      0   6500   1620      0      0  13998    175      0      -      -      0   4165      1 
 20260917    09:09:17       0     46     55      -      4      4      0      0      0      0   6500   1620      0      0  13998    175      0      -      -      0   4154      1 
 20260917    09:09:18       0     46     55      -      4      5      0      0      0      0   6500   1620      0      0  13998    175      0      -      -      0   3939      1 
 20260917    09:09:19       0     47     55      -      1      2      0      0      0      0   6500   1620      0      0  13998    175      0      -      -      0   4138      1 
 20260917    09:09:20       0     46     55      -      4      4      0      0      0      0   6500   1620      0      0  13998    175      0      -      -      0   4138      1 
 20260917    09:09:21       0     46     55      -      4      5      0      0      0      0   6500   1620      0      0  13998    175      0      -      -      0   4155      1 
 20260917    09:09:22       0     50     55      -      1      2      0      0      0      0   6500   1620      0      0  13998    175      0      -      -      0   4151      1 
 20260917    09:09:23       0     46     55      -      4      4      0      0      0      0   6500   1620      0      0  13998    175      0      -      -      0   4153      1 
 20260917    09:09:24       0     46     55      -      3      4      0      0      0      0   6500   1620      0      0  13998    175      0      -      -      0   4137      1 
 20260917    09:09:25       0     50     55      -      2      3      0      0      0      0   6500   1620      0      0  13998    175      0      -      -      0   4157      1 
 20260917    09:09:27       0     49     55      -      3      4      0      0      0      0   6500   1620      0      0  13998    175      0      -      -      0   4165      1 
 20260917    09:09:28       0     49     55      -      4      4      0      0      0      0   6500   1620      0      0  13998    175      0      -      -      0   4088      1 
 20260917    09:09:29       0     49     55      -      1      2      0      0      0      0   6500   1620      0      0  13998    175      0      -      -      0   4162      1 
 20260917    09:09:30       0     49     55      -      3      4      0      0      0      0   6500   1620      0      0  13998    175      0      -      -      0   3924      1 
 20260917    09:09:31       0     46     55      -      1      2      0      0      0      0   6500   1620      0      0  13998    175      0      -      -      0   2734      1 
 20260917    09:09:32       0     46     55      -      1      2      0      0      0      0   6500   1620      0      0  13998    175      0      -      -      0   1397      1 
 20260917    09:09:33       0     50     55      -      1      2      0      0      0      0   6500   1620      0      0  13998    175      0      -      -      0   4135      0 
 20260917    09:09:34       0     65     56      -    100      8      0      0      0      0   6500   1905      0      0  13998    175      0      -      -      0  12931   1352 
 20260917    09:09:35       0     61     56      -    100      9      0      0      0      0   6500   1905      0      0  13998    175      0      -      -      0  12926   1104 
 20260917    09:09:36       0     65     56      -    100      6      0      0      0      0   6500   1905      0      0  13998    175      0      -      -      0  12246   1191 
 20260917    09:09:37       0     61     56      -    100      6      0      0      0      0   6500   1905      0      0  13998    175      0      -      -      0   9493   1500 
 20260917    09:09:38       0     65     56      -    100      6      0      0      0      0   6500   1905      0      0  13998    175      0      -      -      0  10972   1499 
 20260917    09:09:39       0     59     56      -     75      6      0      0      0      0   6500   1905      0      0  13998    175      0      -      -      0   4149      0 
 20260917    09:09:40       0     63     56      -      2      3      0      0      0      0   6500   1905      0      0  13998    175      0      -      -      0   4153      0 
 20260917    09:09:41       0     46     55      -      1      2      0      0      0      0   6500   1620      0      0  13998    175      0      -      -      0   2881      0 
 20260917    09:09:42       0     46     55      -      2      3      0      0      0      0   6500   1620      0      0  13998    175      0      -      -      0   3871      0 
 20260917    09:09:43       0     46     55      -      1      2      0      0      0      0   6500   1620      0      0  13998    175      0      -      -      0   4008      0 
 20260917    09:09:45       0     46     55      -      1      2      0      0      0      0   6500   1620      0      0  13998    175      0      -      -      0   3916      0 
 20260917    09:09:46       0     47     55      -      1      2      0      0      0      0   6500   1620      0      0  13998    175      0      -      -      0   2535      3 
 20260917    09:09:47       0     46     55      -      2      3      0      0      0      0   6500   1620      0      0  13998    175      0      -      -      0   3907      1 
 20260917    09:09:48       0     47     55      -      1      3      0      0      0      0   6500   1620      0      0  13998    175      0      -      -      0   3645      0 
 20260917    09:09:49       0     46     55      -      1      2      0      0      0      0   6500   1620      0      0  13998    175      0      -      -      0   4065      1 
 20260917    09:09:50       0     47     55      -      1      2      0      0      0      0   6500   1620      0      0  13998    175      0      -      -      0   4132      0 
 20260917    09:09:51       0     46     55      -      1      2      0      0      0      0   6500   1620      0      0  13998    175      0      -      -      0   4131      1 
 20260917    09:09:52       0     46     55      -      1      2      0      0      0      0   6500   1620      0      0  13998    175      0      -      -      0   4152      1 
 20260917    09:09:53       0     46     55      -      1      2      0      0      0      0   6500   1620      0      0  13998    175      0      -      -      0   4157      0 
 20260917    09:09:54       0     46     55      -      2      3      0      0      0      0   6500   1620      0      0  13998    175      0      -      -      0   4163      4 
 20260917    09:09:55       0     46     55      -      1      2      0      0      0      0   6500   1620      0      0  13998    175      0      -      -      0   4078      0 
 20260917    09:09:56       0     46     55      -      2      3      0      0      0      0   6500   1620      0      0  13998    175      0      -      -      0   4165      0 
 20260917    09:09:57       0     46     55      -      1      2      0      0      0      0   6500   1620      0      0  13998    175      0      -      -      0   4039      0 
 20260917    09:09:58       0     46     55      -      1      2      0      0      0      0   6500   1620      0      0  13998    175      0      -      -      0   4150      1 
 20260917    09:09:59       0     47     55      -      1      2      0      0      0      0   6500   1620      0      0  13998    175      0      -      -      0   4149      1 
 20260917    09:10:00       0     46     55      -      3      4      0      0      0      0   6500   1620      0      0  13998    175      0      -      -      0   4135      1 
#Date        Time         gpu    pwr  gtemp  mtemp     sm    mem    enc    dec    jpg    ofa   mclk   pclk  pviol  tviol     fb   bar1   ccpm  sbecc  dbecc    pci  rxpci  txpci 
#YYYYMMDD    HH:MM:SS     Idx      W      C      C      %      %      %      %      %      %    MHz    MHz      %   bool     MB     MB     MB   errs   errs   errs   MB/s   MB/s 
 20260917    09:10:01       0     47     55      -      1      2      0      0      0      0   6500   1620      0      0  13998    175      0      -      -      0   4150      1 
 20260917    09:10:02       0     74     56      -    100      8      0      0      0      0   6500   1905      0      0  13998    175      0      -      -      0  12935    813 
 20260917    09:10:04       0     65     57      -    100      6      0      0      0      0   6500   1905      0      0  13998    175      0      -      -      0  12925   1499 
 20260917    09:10:05       0     73     56      -    100      6      0      0      0      0   6500   1905      0      0  13998    175      0      -      -      0  12885   1494 
 20260917    09:10:06       0     61     56      -    100      6      0      0      0      0   6500   1905      0      0  13998    175      0      -      -      0   2656   1101 
 20260917    09:10:07       0     59     56      -    100      6      0      0      0      0   6500   1905      0      0  13998    175      0      -      -      0  12941   1499 
 20260917    09:10:08       0     77     56      -    100      6      0      0      0      0   6500   1905      0      0  13998    175      0      -      -      0  12925   1498 
 20260917    09:10:09       0     61     56      -      1      2      0      0      0      0   6500   1905      0      0  13998    175      0      -      -      0   4148      0 
 20260917    09:10:10       0     74     56      -     12      4      0      0      0      0   6500   1905      0      0  13998    175      0      -      -      0   3617      0 
 20260917    09:10:11       0     47     55      -      1      3      0      0      0      0   6500   1620      0      0  13998    175      0      -      -      0   1044      0 
 20260917    09:10:12       0     47     55      -      1      2      0      0      0      0   6500   1620      0      0  13998    175      0      -      -      0   2697      0 
 20260917    09:10:13       0     46     55      -      1      3      0      0      0      0   6500   1620      0      0  13998    175      0      -      -      0   4042      0 
 20260917    09:10:14       0     47     55      -      1      2      0      0      0      0   6500   1620      0      0  13998    175      0      -      -      0   4163      4 
 20260917    09:10:15       0     46     55      -      1      2      0      0      0      0   6500   1620      0      0  13998    175      0      -      -      0   4157      1 
 20260917    09:10:16       0     47     55      -     13      4      0      0      0      0   6500   1620      0      0  13998    175      0      -      -      0   4144      1 
 20260917    09:10:17       0     46     55      -     13      4      0      0      0      0   6500   1620      0      0  13998    175      0      -      -      0   4154      0 
 20260917    09:10:18       0     47     55      -     13      4      0      0      0      0   6500   1620      0      0  13998    175      0      -      -      0   4029      0 
 20260917    09:10:19       0     55     55      -     13      4      0      0      0      0   6500   1620      0      0  13998    175      0      -      -      0   4152      1 
 20260917    09:10:20       0     53     55      -      6      2      0      0      0      0   6500   1620      0      0  13998    175      0      -      -      0   4136      0 
 20260917    09:10:21       0     56     55      -      1      2      0      0      0      0   6500   1620      0      0  13998    175      0      -      -      0   4148      0 
 20260917    09:10:23       0     56     55      -     13      4      0      0      0      0   6500   1620      0      0  13998    175      0      -      -      0   3897      0 
 20260917    09:10:24       0     47     55      -      2      3      0      0      0      0   6500   1620      0      0  13998    175      0      -      -      0   3676      0 
 20260917    09:10:25       0     47     55      -      1      2      0      0      0      0   6500   1620      0      0  13998    175      0      -      -      0   1225      0 
 20260917    09:10:26       0     47     55      -      2      3      0      0      0      0   6500   1620      0      0  13998    175      0      -      -      0   2611      0 
 20260917    09:10:27       0     47     55      -      1      2      0      0      0      0   6500   1620      0      0  13998    175      0      -      -      0   3874      0 
 20260917    09:10:28       0     47     55      -      1      2      0      0      0      0   6500   1620      0      0  13998    175      0      -      -      0   4156      0 
 20260917    09:10:29       0     47     55      -     13      4      0      0      0      0   6500   1620      0      0  13998    175      0      -      -      0   4168      1 
 20260917    09:10:30       0     46     55      -     13      4      0      0      0      0   6500   1620      0      0  13998    175      0      -      -      0   4136      1 
 20260917    09:10:31       0     47     55      -     13      4      0      0      0      0   6500   1620      0      0  13998    175      0      -      -      0   4154      1 
 20260917    09:10:32       0     65     56      -    100      9      0      0      0      0   6500   1905      0      0  13998    175      0      -      -      0   9384   1494 
 20260917    09:10:33       0     65     56      -    100      6      0      0      0      0   6500   1905      0      0  13998    175      0      -      -      0  12863   1495 
 20260917    09:10:34       0     61     56      -    100      6      0      0      0      0   6500   1905      0      0  13998    175      0      -      -      0  12930   1498 
 20260917    09:10:35       0     61     56      -    100      6      0      0      0      0   6500   1905      0      0  13998    175      0      -      -      0  12928   1500 
 20260917    09:10:36       0     66     56      -    100      6      0      0      0      0   6500   1905      0      0  13998    175      0      -      -      0  12934   1506 
 20260917    09:10:37       0     59     56      -     18      4      0      0      0      0   6500   1905      0      0  13998    175      0      -      -      0   3940      1 
 20260917    09:10:38       0     60     56      -      1      2      0      0      0      0   6500   1905      0      0  13998    175      0      -      -      0   4148      1 
 20260917    09:10:39       0     47     55      -      4      4      0      0      0      0   6500   1620      0      0  13998    175      0      -      -      0   4148      0 
 20260917    09:10:40       0     47     55      -      4      4      0      0      0      0   6500   1620      0      0  13998    175      0      -      -      0   4152      1 
 20260917    09:10:42       0     46     55      -      4      4      0      0      0      0   6500   1620      0      0  13998    175      0      -      -      0   4152      1 
 20260917    09:10:43       0     46     55      -      4      5      0      0      0      0   6500   1620      0      0  13998    175      0      -      -      0   4139      0 
 20260917    09:10:44       0     46     55      -      4      5      0      0      0      0   6500   1620      0      0  13998    175      0      -      -      0   4126      1 
 20260917    09:10:45       0     46     55      -      4      5      0      0      0      0   6500   1620      0      0  13998    175      0      -      -      0   4139      1 
 20260917    09:10:46       0     49     55      -      1      2      0      0      0      0   6500   1620      0      0  13998    175      0      -      -      0   4153      0 
 20260917    09:10:47       0     49     55      -      4      4      0      0      0      0   6500   1620      0      0  13998    175      0      -      -      0   4012      0 
#Date        Time         gpu    pwr  gtemp  mtemp     sm    mem    enc    dec    jpg    ofa   mclk   pclk  pviol  tviol     fb   bar1   ccpm  sbecc  dbecc    pci  rxpci  txpci 
#YYYYMMDD    HH:MM:SS     Idx      W      C      C      %      %      %      %      %      %    MHz    MHz      %   bool     MB     MB     MB   errs   errs   errs   MB/s   MB/s 
 20260917    09:10:48       0     46     55      -      1      2      0      0      0      0   6500   1620      0      0  13998    175      0      -      -      0   4095      1 
 20260917    09:10:49       0     49     55      -      1      2      0      0      0      0   6500   1620      0      0  13998    175      0      -      -      0   4160      0 
 20260917    09:10:50       0     49     55      -      1      2      0      0      0      0   6500   1620      0      0  13998    175      0      -      -      0   4075      1 
 20260917    09:10:51       0     49     55      -      4      4      0      0      0      0   6500   1620      0      0  13998    175      0      -      -      0   4148      0 
 20260917    09:10:52       0     46     55      -      2      3      0      0      0      0   6500   1620      0      0  13998    175      0      -      -      0   2651      0 
 20260917    09:10:53       0     47     55      -      1      2      0      0      0      0   6500   1620      0      0  13998    175      0      -      -      0   3353      0 
 20260917    09:10:54       0     46     55      -      2      3      0      0      0      0   6500   1620      0      0  13998    175      0      -      -      0   2519      3 
 20260917    09:10:55       0     47     55      -      1      2      0      0      0      0   6500   1620      0      0  13998    175      0      -      -      0   2613      4 
 20260917    09:10:56       0     46     55      -      1      2      0      0      0      0   6500   1620      0      0  13998    175      0      -      -      0   4135      0 
 20260917    09:10:57       0     47     55      -      1      2      0      0      0      0   6500   1620      0      0  13998    175      0      -      -      0   4141      1 
 20260917    09:10:58       0     46     55      -      4      4      0      0      0      0   6500   1620      0      0  13998    175      0      -      -      0   4137      1 
 20260917    09:10:59       0     46     55      -      1      2      0      0      0      0   6500   1620      0      0  13998    175      0      -      -      0   3149      0 
 20260917    09:11:01       0     88     56      -    100      6      0      0      0      0   6500   1905      0      0  13998    175      0      -      -      0   9011   1499 
 20260917    09:11:02       0     75     56      -    100      6      0      0      0      0   6500   1905      0      0  13998    175      0      -      -      0      2    374 
 20260917    09:11:03       0     92     56      -    100      6      0      0      0      0   6500   1905      0      0  13998    175      0      -      -      0  12303      0 
 20260917    09:11:04       0     92     56      -    100      6      0      0      0      0   6500   1905      0      0  13998    175      0      -      -      0  12935   1494 
 20260917    09:11:05       0     60     57      -    100      6      0      0      0      0   6500   1905      0      0  13998    175      0      -      -      0  12888   1493 
 20260917    09:11:06       0     71     57      -    100      6      0      0      0      0   6500   1905      0      0  13998    175      0      -      -      0  12947   1499 
 20260917    09:11:07       0     59     56      -      2      3      0      0      0      0   6500   1905      0      0  13998    175      0      -      -      0   4148      1 
 20260917    09:11:08       0     59     57      -      1      2      0      0      0      0   6500   1905      0      0  13998    175      0      -      -      0   4142      1 
 20260917    09:11:09       0     58     56      -     22      4      0      0      0      0   6500   1620      0      0  13998    175      0      -      -      0   4152      0 
 20260917    09:11:10       0     66     56      -      1      2      0      0      0      0   6500   1620      0      0  13998    175      0      -      -      0   4154      0 
 20260917    09:11:11       0     47     56      -      9      2      0      0      0      0   6500   1620      0      0  13998    175      0      -      -      0   1154      0 
 20260917    09:11:12       0     47     56      -      1      2      0      0      0      0   6500   1620      0      0  13998    175      0      -      -      0   4152      0 
 20260917    09:11:13       0     47     56      -      1      2      0      0      0      0   6500   1620      0      0  13998    175      0      -      -      0   4155      1 
 20260917    09:11:14       0     47     56      -     21      4      0      0      0      0   6500   1620      0      0  13998    175      0      -      -      0   3803      0 
 20260917    09:11:15       0     47     56      -     22      4      0      0      0      0   6500   1620      0      0  13998    175      0      -      -      0   4153      1 
 20260917    09:11:16       0     65     56      -     22      5      0      0      0      0   6500   1620      0      0  13998    175      0      -      -      0   4008      0 
 20260917    09:11:17       0     51     56      -      2      3      0      0      0      0   6500   1620      0      0  13998    175      0      -      -      0   1946      3 
 20260917    09:11:18       0     47     56      -      1      2      0      0      0      0   6500   1620      0      0  13998    175      0      -      -      0   2736      1 
 20260917    09:11:20       0     47     56      -      1      2      0      0      0      0   6500   1620      0      0  13998    175      0      -      -      0   4157      1 
 20260917    09:11:21       0     47     56      -      1      2      0      0      0      0   6500   1620      0      0  13998    175      0      -      -      0   4157      1 
 20260917    09:11:22       0     46     56      -     22      4      0      0      0      0   6500   1620      0      0  13998    175      0      -      -      0   4027      1 
 20260917    09:11:23       0     65     56      -      1      2      0      0      0      0   6500   1620      0      0  13998    175      0      -      -      0   4157      1 
 20260917    09:11:24       0     66     56      -     19      2      0      0      0      0   6500   1620      0      0  13998    175      0      -      -      0   1674      1 
 20260917    09:11:25       0     47     55      -      2      3      0      0      0      0   6500   1620      0      0  13998    175      0      -      -      0    238      2 
 20260917    09:11:26       0     46     55      -      1      2      0      0      0      0   6500   1620      0      0  13998    175      0      -      -      0   4141      1 
 20260917    09:11:27       0     46     55      -      1      2      0      0      0      0   6500   1620      0      0  13998    175      0      -      -      0   4138      1 
 20260917    09:11:28       0     46     55      -     14      4      0      0      0      0   6500   1620      0      0  13998    175      0      -      -      0   4130      1 
 20260917    09:11:29       0     46     55      -     22      4      0      0      0      0   6500   1620      0      0  13998    175      0      -      -      0   4132      1 
 20260917    09:11:30       0     47     55      -     22      4      0      0      0      0   6500   1620      0      0  13998    175      0      -      -      0   4153      1 
 20260917    09:11:31       0     60     56      -    100      6      0      0      0      0   6500   1905      0      0  13998    175      0      -      -      0  12933   1501 
 20260917    09:11:32       0     63     56      -    100      9      0      0      0      0   6500   1905      0      0  13998    175      0      -      -      0  12934   1501 
 20260917    09:11:33       0     63     57      -    100      6      0      0      0      0   6500   1905      0      0  13998    175      0      -      -      0  12943   1501 
#Date        Time         gpu    pwr  gtemp  mtemp     sm    mem    enc    dec    jpg    ofa   mclk   pclk  pviol  tviol     fb   bar1   ccpm  sbecc  dbecc    pci  rxpci  txpci 
#YYYYMMDD    HH:MM:SS     Idx      W      C      C      %      %      %      %      %      %    MHz    MHz      %   bool     MB     MB     MB   errs   errs   errs   MB/s   MB/s 
 20260917    09:11:34       0     60     57      -    100      6      0      0      0      0   6500   1905      0      0  13998    175      0      -      -      0  12959   1500 
 20260917    09:11:35       0     66     57      -    100      6      0      0      0      0   6500   1905      0      0  13998    175      0      -      -      0  13451   1497 
 20260917    09:11:37       0     58     57      -     84      9      0      0      0      0   6500   1905      0      0  13998    175      0      -      -      0   4051      1 
 20260917    09:11:38       0     59     57      -      4      4      0      0      0      0   6500   1905      0      0  13998    175      0      -      -      0   4163      1 
 20260917    09:11:39       0     50     56      -      5      4      0      0      0      0   6500   1620      0      0  13998    175      0      -      -      0   4163      1 
 20260917    09:11:40       0     46     56      -      1      2      0      0      0      0   6500   1620      0      0  13998    175      0      -      -      0   4141      1 
 20260917    09:11:41       0     46     56      -      5      4      0      0      0      0   6500   1620      0      0  13998    175      0      -      -      0   4166      1 
 20260917    09:11:42       0     50     56      -      5      5      0      0      0      0   6500   1620      0      0  13998    175      0      -      -      0   4146      1 
 20260917    09:11:43       0     50     56      -      1      2      0      0      0      0   6500   1620      0      0  13998    175      0      -      -      0   3837      1 
 20260917    09:11:44       0     50     56      -      2      3      0      0      0      0   6500   1620      0      0  13998    175      0      -      -      0   4277      6 
 20260917    09:11:45       0     50     55      -      5      5      0      0      0      0   6500   1620      0      0  13998    175      0      -      -      0   2168      8 
 20260917    09:11:46       0     46     55      -      2      3      0      0      0      0   6500   1620      0      0  13998    175      0      -      -      0   1444      9 
 20260917    09:11:47       0     49     56      -      1      2      0      0      0      0   6500   1620      0      0  13998    175      0      -      -      0   2196     12 
 20260917    09:11:48       0     46     56      -      1      2      0      0      0      0   6500   1620      0      0  13998    175      0      -      -      0   1391     13 
 20260917    09:11:49       0     46     55      -      1      2      0      0      0      0   6500   1620      0      0  13998    175      0      -      -      0   2310      7 
 20260917    09:11:50       0     46     55      -      1      2      0      0      0      0   6500   1620      0      0  13998    175      0      -      -      0   1954     13 
 20260917    09:11:51       0     46     55      -      2      3      0      0      0      0   6500   1620      0      0  13998    175      0      -      -      0   2733     15 
 20260917    09:11:52       0     46     55      -      1      2      0      0      0      0   6500   1620      0      0  13998    175      0      -      -      0   4361     12 
 20260917    09:11:53       0     46     55      -      2      3      0      0      0      0   6500   1620      0      0  13998    175      0      -      -      0   4366     15 
 20260917    09:11:54       0     46     55      -      1      2      0      0      0      0   6500   1620      0      0  13998    175      0      -      -      0   4154     13 
 20260917    09:11:56       0     46     55      -      1      2      0      0      0      0   6500   1620      0      0  13998    175      0      -      -      0   4165     14 
 20260917    09:11:57       0     46     55      -      4      4      0      0      0      0   6500   1620      0      0  13998    175      0      -      -      0   4150     10 
 20260917    09:11:58       0     46     55      -      1      2      0      0      0      0   6500   1620      0      0  13998    175      0      -      -      0   4139     11 
 20260917    09:11:59       0     46     55      -      1      2      0      0      0      0   6500   1620      0      0  13998    175      0      -      -      0   4138     13 
 20260917    09:12:00       0     66     56      -    100      6      0      0      0      0   6500   1905      0      0  13998    175      0      -      -      0  12926   1511 
 20260917    09:12:01       0     62     56      -    100      6      0      0      0      0   6500   1905      0      0  13998    175      0      -      -      0  12925   1511 
 20260917    09:12:02       0     66     56      -    100      9      0      0      0      0   6500   1905      0      0  13998    175      0      -      -      0  12920   1513 
 20260917    09:12:03       0     61     56      -    100      6      0      0      0      0   6500   1905      0      0  13998    175      0      -      -      0  12941   1510 
 20260917    09:12:04       0     66     56      -    100      6      0      0      0      0   6500   1905      0      0  13998    175      0      -      -      0  13012   1508 
 20260917    09:12:05       0     59     56      -      2      3      0      0      0      0   6500   1905      0      0  13998    175      0      -      -      0   4253      9 
 20260917    09:12:06       0     59     56      -      1      2      0      0      0      0   6500   1905      0      0  13998    175      0      -      -      0   4166      1 
 20260917    09:12:07       0     46     56      -      5      5      0      0      0      0   6500   1620      0      0  13998    175      0      -      -      0   4167      1 
 20260917    09:12:08       0     46     56      -      4      4      0      0      0      0   6500   1620      0      0  13998    175      0      -      -      0   4166      1 
 20260917    09:12:09       0     46     56      -      1      2      0      0      0      0   6500   1620      0      0  13998    175      0      -      -      0   4198      5 
 20260917    09:12:10       0     46     55      -      5      5      0      0      0      0   6500   1620      0      0  13998    175      0      -      -      0   4144      1 
 20260917    09:12:11       0     46     55      -      5      5      0      0      0      0   6500   1620      0      0  13998    175      0      -      -      0   4239      2 
 20260917    09:12:12       0     46     55      -      5      5      0      0      0      0   6500   1620      0      0  13998    175      0      -      -      0   4169      1 
 20260917    09:12:13       0     46     55      -      4      4      0      0      0      0   6500   1620      0      0  13998    175      0      -      -      0   4155      1 
 20260917    09:12:15       0     46     55      -      4      4      0      0      0      0   6500   1620      0      0  13998    175      0      -      -      0   4092      4 
 20260917    09:12:16       0     46     55      -      4      4      0      0      0      0   6500   1620      0      0  13998    175      0      -      -      0   4158      1 
 20260917    09:12:17       0     46     55      -      2      2      0      0      0      0   6500   1620      0      0  13998    175      0      -      -      0   4154      1 
 20260917    09:12:18       0     45     55      -      4      4      0      0      0      0   6500   1620      0      0  13998    175      0      -      -      0   4154      1 
 20260917    09:12:19       0     46     55      -      5      5      0      0      0      0   6500   1620      0      0  13998    175      0      -      -      0   4040      1 
 20260917    09:12:20       0     46     55      -      4      4      0      0      0      0   6500   1620      0      0  13998    175      0      -      -      0   4164      1 
#Date        Time         gpu    pwr  gtemp  mtemp     sm    mem    enc    dec    jpg    ofa   mclk   pclk  pviol  tviol     fb   bar1   ccpm  sbecc  dbecc    pci  rxpci  txpci 
#YYYYMMDD    HH:MM:SS     Idx      W      C      C      %      %      %      %      %      %    MHz    MHz      %   bool     MB     MB     MB   errs   errs   errs   MB/s   MB/s 
 20260917    09:12:21       0     49     55      -      4      4      0      0      0      0   6500   1620      0      0  13998    175      0      -      -      0   4163      1 
 20260917    09:12:22       0     46     55      -      5      5      0      0      0      0   6500   1620      0      0  13998    175      0      -      -      0   4155      1 
 20260917    09:12:23       0     50     55      -      1      3      0      0      0      0   6500   1620      0      0  13998    175      0      -      -      0   4165      1 
 20260917    09:12:24       0     50     55      -      5      4      0      0      0      0   6500   1620      0      0  13998    175      0      -      -      0   4057      1 
 20260917    09:12:25       0     50     55      -      1      2      0      0      0      0   6500   1620      0      0  13998    175      0      -      -      0   4142      1 
 20260917    09:12:26       0     46     55      -      1      2      0      0      0      0   6500   1620      0      0  13998    175      0      -      -      0   1414      1 
 20260917    09:12:27       0     46     55      -      1      2      0      0      0      0   6500   1620      0      0  13998    175      0      -      -      0  12873   1497 
 20260917    09:12:28       0     66     56      -    100      6      0      0      0      0   6500   1905      0      0  13998    175      0      -      -      0  12927   1493 
 20260917    09:12:29       0     59     56      -    100      9      0      0      0      0   6500   1905      0      0  13998    175      0      -      -      0  12933   1500 
 20260917    09:12:31       0     65     56      -    100      9      0      0      0      0   6500   1905      0      0  13998    175      0      -      -      0  12932   1495 
 20260917    09:12:32       0     59     56      -    100      6      0      0      0      0   6500   1905      0      0  13998    175      0      -      -      0  12886   1494 
 20260917    09:12:33       0     66     56      -    100      6      0      0      0      0   6500   1905      0      0  13998    175      0      -      -      0  12950   1501 
 20260917    09:12:34       0     65     56      -      4      4      0      0      0      0   6500   1905      0      0  13998    175      0      -      -      0   4152      1 
 20260917    09:12:35       0     65     56      -      4      5      0      0      0      0   6500   1905      0      0  13998    175      0      -      -      0   4152      1 
 20260917    09:12:36       0     50     55      -      1      2      0      0      0      0   6500   1620      0      0  13998    175      0      -      -      0   4040      1 
 20260917    09:12:37       0     46     55      -      1      2      0      0      0      0   6500   1620      0      0  13998    175      0      -      -      0   4011      1 
 20260917    09:12:38       0     50     55      -      1      2      0      0      0      0   6500   1620      0      0  13998    175      0      -      -      0   4085      1 
 20260917    09:12:39       0     50     55      -      1      2      0      0      0      0   6500   1620      0      0  13998    175      0      -      -      0   4136      1 
 20260917    09:12:40       0     46     55      -      1      3      0      0      0      0   6500   1620      0      0  13998    175      0      -      -      0   3823      1 
 20260917    09:12:41       0     50     55      -      5      5      0      0      0      0   6500   1620      0      0  13998    175      0      -      -      0   4155      1 
 20260917    09:12:42       0     50     55      -      1      2      0      0      0      0   6500   1620      0      0  13998    175      0      -      -      0   3889      1 
 20260917    09:12:43       0     47     55      -      2      3      0      0      0      0   6500   1620      0      0  13998    175      0      -      -      0   4137      1 
 20260917    09:12:44       0     50     55      -      5      5      0      0      0      0   6500   1620      0      0  13998    175      0      -      -      0   4160      1 
 20260917    09:12:45       0     46     55      -      1      2      0      0      0      0   6500   1620      0      0  13998    175      0      -      -      0   3567      1 
 20260917    09:12:46       0     46     55      -      1      2      0      0      0      0   6500   1620      0      0  13998    175      0      -      -      0   1408      1 
 20260917    09:12:48       0     46     55      -      2      3      0      0      0      0   6500   1620      0      0  13998    175      0      -      -      0   3872      5 
 20260917    09:12:49       0     46     55      -      1      2      0      0      0      0   6500   1620      0      0  13998    175      0      -      -      0   4128      0 
 20260917    09:12:50       0     46     55      -      1      2      0      0      0      0   6500   1620      0      0  13998    175      0      -      -      0   2226      1 
 20260917    09:12:51       0     47     55      -      1      2      0      0      0      0   6500   1620      0      0  13998    175      0      -      -      0   2297      0 
 20260917    09:12:52       0     47     55      -      1      2      0      0      0      0   6500   1620      0      0  13998    175      0      -      -      0   2098      3 
 20260917    09:12:53       0     46     55      -      1      3      0      0      0      0   6500   1620      0      0  13998    175      0      -      -      0   4131      1 
 20260917    09:12:54       0     46     55      -      1      2      0      0      0      0   6500   1620      0      0  13998    175      0      -      -      0   4132      1 
 20260917    09:12:55       0     46     55      -      1      2      0      0      0      0   6500   1620      0      0  13998    175      0      -      -      0   4139      1 
 20260917    09:12:56       0     60     56      -    100      6      0      0      0      0   6500   1905      0      0  13998    175      0      -      -      0  12971    985 
 20260917    09:12:57       0     66     56      -    100      6      0      0      0      0   6500   1905      0      0  13998    175      0      -      -      0  11779   1136 
 20260917    09:12:58       0     62     56      -    100      6      0      0      0      0   6500   1905      0      0  13998    175      0      -      -      0   8408   1493 
 20260917    09:12:59       0     66     56      -    100      9      0      0      0      0   6500   1905      0      0  13998    175      0      -      -      0  10028   1497 
 20260917    09:13:00       0     65     56      -    100      6      0      0      0      0   6500   1905      0      0  13998    175      0      -      -      0  12867   1493 
 20260917    09:13:01       0     62     56      -    100      6      0      0      0      0   6500   1905      0      0  13998    175      0      -      -      0   2392      0 
 20260917    09:13:02       0     59     56      -      2      3      0      0      0      0   6500   1905      0      0  13998    175      0      -      -      0   2599      1 
 20260917    09:13:04       0     47     55      -      1      2      0      0      0      0   6500   1620      0      0  13998    175      0      -      -      0   4143      1 
 20260917    09:13:05       0     46     55      -      1      2      0      0      0      0   6500   1620      0      0  13998    175      0      -      -      0   4050      1 
 20260917    09:13:06       0     46     55      -      1      2      0      0      0      0   6500   1620      0      0  13998    175      0      -      -      0   4302      3 
 20260917    09:13:07       0     46     55      -      1      3      0      0      0      0   6500   1620      0      0  13998    175      0      -      -      0   4163      5 
#Date        Time         gpu    pwr  gtemp  mtemp     sm    mem    enc    dec    jpg    ofa   mclk   pclk  pviol  tviol     fb   bar1   ccpm  sbecc  dbecc    pci  rxpci  txpci 
#YYYYMMDD    HH:MM:SS     Idx      W      C      C      %      %      %      %      %      %    MHz    MHz      %   bool     MB     MB     MB   errs   errs   errs   MB/s   MB/s 
 20260917    09:13:08       0     47     55      -      1      2      0      0      0      0   6500   1620      0      0  13998    175      0      -      -      0   4139      1 
 20260917    09:13:09       0     47     55      -      2      3      0      0      0      0   6500   1620      0      0  13998    175      0      -      -      0   3943      1 
 20260917    09:13:10       0     46     55      -      1      2      0      0      0      0   6500   1620      0      0  13998    175      0      -      -      0   4160      1 
 20260917    09:13:11       0     46     55      -      1      2      0      0      0      0   6500   1620      0      0  13998    175      0      -      -      0   4071      1 
 20260917    09:13:12       0     46     55      -      1      2      0      0      0      0   6500   1620      0      0  13998    175      0      -      -      0   4139      1 
 20260917    09:13:13       0     46     55      -      1      2      0      0      0      0   6500   1620      0      0  13998    175      0      -      -      0   4155      1 
 20260917    09:13:14       0     46     55      -      1      2      0      0      0      0   6500   1620      0      0  13998    175      0      -      -      0   4155      1 
 20260917    09:13:15       0     46     55      -      1      2      0      0      0      0   6500   1620      0      0  13998    175      0      -      -      0   4161      1 
 20260917    09:13:16       0     46     55      -      2      3      0      0      0      0   6500   1620      0      0  13998    175      0      -      -      0   4150      1 
 20260917    09:13:17       0     46     55      -      1      2      0      0      0      0   6500   1620      0      0  13998    175      0      -      -      0   4159      1 
 20260917    09:13:18       0     46     55      -      2      3      0      0      0      0   6500   1620      0      0  13998    175      0      -      -      0   4174      1 
 20260917    09:13:20       0     46     55      -      1      2      0      0      0      0   6500   1620      0      0  13998    175      0      -      -      0   4056      1 
 20260917    09:13:21       0     46     55      -      2      3      0      0      0      0   6500   1620      0      0  13998    175      0      -      -      0   4157      1 
 20260917    09:13:22       0     46     55      -      1      2      0      0      0      0   6500   1620      0      0  13998    175      0      -      -      0   4141      1 
 20260917    09:13:23       0     46     55      -      1      2      0      0      0      0   6500   1620      0      0  13998    175      0      -      -      0   4167      1 
 20260917    09:13:24       0     46     55      -      4      4      0      0      0      0   6500   1620      0      0  13998    175      0      -      -      0   4155      5 
 20260917    09:13:25       0     66     56      -    100      9      0      0      0      0   6500   1905      0      0  13998    175      0      -      -      0  12931   1499 
 20260917    09:13:26       0     66     56      -    100      9      0      0      0      0   6500   1905      0      0  13998    175      0      -      -      0  12890   1500 
 20260917    09:13:27       0     66     56      -    100      6      0      0      0      0   6500   1905      0      0  13998    175      0      -      -      0  12899   1024 
 20260917    09:13:28       0     66     56      -    100      6      0      0      0      0   6500   1905      0      0  13998    175      0      -      -      0  12929    986 
 20260917    09:13:29       0     60     56      -    100      6      0      0      0      0   6500   1905      0      0  13998    175      0      -      -      0  12935    980 
 20260917    09:13:30       0     59     56      -      2      3      0      0      0      0   6500   1905      0      0  13998    175      0      -      -      0   4136      1 
 20260917    09:13:31       0     59     56      -      1      1      0      0      0      0   6500   1905      0      0  13998    175      0      -      -      0   4151      1 
 20260917    09:13:32       0     47     55      -      1      3      0      0      0      0   6500   1620      0      0  13998    175      0      -      -      0   4159      1 
 20260917    09:13:33       0     46     55      -      1      2      0      0      0      0   6500   1620      0      0  13998    175      0      -      -      0   4139      1 
 20260917    09:13:34       0     47     55      -      5      5      0      0      0      0   6500   1620      0      0  13998    175      0      -      -      0   4153      1 
 20260917    09:13:35       0     47     55      -      4      4      0      0      0      0   6500   1620      0      0  13998    175      0      -      -      0   4152      1 
 20260917    09:13:37       0     46     55      -      1      2      0      0      0      0   6500   1620      0      0  13998    175      0      -      -      0   4152      1 
 20260917    09:13:38       0     47     55      -      5      4      0      0      0      0   6500   1620      0      0  13998    175      0      -      -      0   4153      1 
 20260917    09:13:39       0     46     55      -      4      4      0      0      0      0   6500   1620      0      0  13998    175      0      -      -      0   4164      1 
 20260917    09:13:40       0     47     55      -      1      2      0      0      0      0   6500   1620      0      0  13998    175      0      -      -      0   3929      1 
 20260917    09:13:41       0     47     55      -      5      5      0      0      0      0   6500   1620      0      0  13998    175      0      -      -      0   4152      1 
 20260917    09:13:42       0     47     55      -      4      4      0      0      0      0   6500   1620      0      0  13998    175      0      -      -      0   4155      1 
 20260917    09:13:43       0     47     55      -      5      5      0      0      0      0   6500   1620      0      0  13998    175      0      -      -      0   4158      1 
 20260917    09:13:44       0     46     55      -      4      4      0      0      0      0   6500   1620      0      0  13998    175      0      -      -      0   3900      1 
 20260917    09:13:45       0     46     55      -      5      4      0      0      0      0   6500   1620      0      0  13998    175      0      -      -      0   4156      1 
 20260917    09:13:46       0     46     55      -      5      5      0      0      0      0   6500   1620      0      0  13998    175      0      -      -      0   4157      1 
 20260917    09:13:47       0     47     55      -      5      4      0      0      0      0   6500   1620      0      0  13998    175      0      -      -      0   4138      1 
 20260917    09:13:48       0     47     55      -      5      4      0      0      0      0   6500   1620      0      0  13998    175      0      -      -      0   4136      1 
 20260917    09:13:49       0     46     55      -      5      4      0      0      0      0   6500   1620      0      0  13998    175      0      -      -      0   4153      1 
 20260917    09:13:50       0     46     55      -      5      4      0      0      0      0   6500   1620      0      0  13998    175      0      -      -      0   4142      1 
 20260917    09:13:51       0     47     55      -      5      4      0      0      0      0   6500   1620      0      0  13998    175      0      -      -      0   4158      1 
 20260917    09:13:53       0     55     55      -     87     13      0      0      0      0   6500   1905      0      0  13998    175      0      -      -      0  12929   1501 
 20260917    09:13:54       0     66     56      -    100      6      0      0      0      0   6500   1905      0      0  13998    175      0      -      -      0  12931   1500 
#Date        Time         gpu    pwr  gtemp  mtemp     sm    mem    enc    dec    jpg    ofa   mclk   pclk  pviol  tviol     fb   bar1   ccpm  sbecc  dbecc    pci  rxpci  txpci 
#YYYYMMDD    HH:MM:SS     Idx      W      C      C      %      %      %      %      %      %    MHz    MHz      %   bool     MB     MB     MB   errs   errs   errs   MB/s   MB/s 
 20260917    09:13:55       0     60     56      -    100      6      0      0      0      0   6500   1905      0      0  13998    175      0      -      -      0  12938   1500 
 20260917    09:13:56       0     65     56      -    100      9      0      0      0      0   6500   1905      0      0  13998    175      0      -      -      0  12872   1494 
 20260917    09:13:57       0     66     56      -    100      9      0      0      0      0   6500   1905      0      0  13998    175      0      -      -      0  12878   1288 
 20260917    09:13:58       0     65     56      -    100      7      0      0      0      0   6500   1905      0      0  13998    175      0      -      -      0  12033   1161 
 20260917    09:13:59       0     60     56      -      4      4      0      0      0      0   6500   1905      0      0  13998    175      0      -      -      0   4086      1 
 20260917    09:14:00       0     57     56      -      1      2      0      0      0      0   6500   1620      0      0  13998    175      0      -      -      0   4183      1 
 20260917    09:14:01       0     47     55      -      4      5      0      0      0      0   6500   1620      0      0  13998    175      0      -      -      0   4074      1 
 20260917    09:14:02       0     47     55      -      4      4      0      0      0      0   6500   1620      0      0  13998    175      0      -      -      0   4166      1 
 20260917    09:14:03       0     47     55      -      1      2      0      0      0      0   6500   1620      0      0  13998    175      0      -      -      0   4172      1 
 20260917    09:14:04       0     47     55      -      4      4      0      0      0      0   6500   1620      0      0  13998    175      0      -      -      0   4154      1 
 20260917    09:14:05       0     47     55      -      4      4      0      0      0      0   6500   1620      0      0  13998    175      0      -      -      0   3766      1 
 20260917    09:14:06       0     46     55      -      1      2      0      0      0      0   6500   1620      0      0  13998    175      0      -      -      0   4145      1 
 20260917    09:14:07       0     46     55      -      4      4      0      0      0      0   6500   1620      0      0  13998    175      0      -      -      0   4157      1 
 20260917    09:14:08       0     50     55      -      2      3      0      0      0      0   6500   1620      0      0  13998    175      0      -      -      0   4135      1 
 20260917    09:14:10       0     50     55      -      1      4      0      0      0      0   6500   1620      0      0  13998    175      0      -      -      0   4131      1 
 20260917    09:14:11       0     46     55      -      4      4      0      0      0      0   6500   1620      0      0  13998    175      0      -      -      0   4072      1 
 20260917    09:14:12       0     50     55      -      4      5      0      0      0      0   6500   1620      0      0  13998    175      0      -      -      0   4115      1 
 20260917    09:14:13       0     50     55      -      2      3      0      0      0      0   6500   1620      0      0  13998    175      0      -      -      0   4131      1 
 20260917    09:14:14       0     46     55      -      4      4      0      0      0      0   6500   1620      0      0  13998    175      0      -      -      0   4053      1 
 20260917    09:14:15       0     50     55      -      4      5      0      0      0      0   6500   1620      0      0  13998    175      0      -      -      0   3933      1 
 20260917    09:14:16       0     50     55      -      1      2      0      0      0      0   6500   1620      0      0  13998    175      0      -      -      0   4137      5 
 20260917    09:14:17       0     47     55      -      4      4      0      0      0      0   6500   1620      0      0  13998    175      0      -      -      0   4055      1 
 20260917    09:14:18       0     50     55      -      1      2      0      0      0      0   6500   1620      0      0  13998    175      0      -      -      0   2698      1 
 20260917    09:14:19       0     50     55      -      1      2      0      0      0      0   6500   1620      0      0  13998    175      0      -      -      0   4151      1 
 20260917    09:14:20       0     47     55      -      4      4      0      0      0      0   6500   1620      0      0  13998    175      0      -      -      0   3501      1 
 20260917    09:14:21       0     65     56      -    100      6      0      0      0      0   6500   1905      0      0  13998    175      0      -      -      0   9147   1499 
 20260917    09:14:22       0     65     56      -    100      9      0      0      0      0   6500   1905      0      0  13998    175      0      -      -      0  12946   1500 
 20260917    09:14:23       0     62     56      -    100      6      0      0      0      0   6500   1905      0      0  13998    175      0      -      -      0  12887   1499 
 20260917    09:14:24       0     66     56      -    100      6      0      0      0      0   6500   1905      0      0  13998    175      0      -      -      0  12872   1493 
 20260917    09:14:26       0     60     56      -    100      6      0      0      0      0   6500   1905      0      0  13998    175      0      -      -      0  12875   1493 
 20260917    09:14:27       0     59     56      -     84      9      0      0      0      0   6500   1905      0      0  13998    175      0      -      -      0   4124      1 
 20260917    09:14:28       0     63     56      -      4      4      0      0      0      0   6500   1905      0      0  13998    175      0      -      -      0   4152      1 
 20260917    09:14:29       0     49     55      -      4      5      0      0      0      0   6500   1620      0      0  13998    175      0      -      -      0   4064      1 
 20260917    09:14:30       0     49     55      -      2      3      0      0      0      0   6500   1620      0      0  13998    175      0      -      -      0   4016      1 
 20260917    09:14:31       0     50     55      -      1      2      0      0      0      0   6500   1620      0      0  13998    175      0      -      -      0   3790      1 
 20260917    09:14:32       0     50     55      -      4      5      0      0      0      0   6500   1620      0      0  13998    175      0      -      -      0   3921      1 
 20260917    09:14:33       0     47     55      -      1      2      0      0      0      0   6500   1620      0      0  13998    175      0      -      -      0   3821      1 
 20260917    09:14:34       0     46     55      -      2      3      0      0      0      0   6500   1620      0      0  13998    175      0      -      -      0   2902      4 
 20260917    09:14:35       0     47     55      -      3      3      0      0      0      0   6500   1620      0      0  13998    175      0      -      -      0   1387      0 
 20260917    09:14:36       0     47     55      -      2      3      0      0      0      0   6500   1620      0      0  13998    175      0      -      -      0   3255      0 
 20260917    09:14:37       0     47     55      -      1      2      0      0      0      0   6500   1620      0      0  13998    175      0      -      -      0   2714      1 
 20260917    09:14:38       0     46     55      -      1      2      0      0      0      0   6500   1620      0      0  13998    175      0      -      -      0   1811      0 
 20260917    09:14:39       0     46     55      -      1      2      0      0      0      0   6500   1620      0      0  13998    175      0      -      -      0   2155      0 
 20260917    09:14:40       0     46     55      -      1      2      0      0      0      0   6500   1620      0      0  13998    175      0      -      -      0   1415      0 
#Date        Time         gpu    pwr  gtemp  mtemp     sm    mem    enc    dec    jpg    ofa   mclk   pclk  pviol  tviol     fb   bar1   ccpm  sbecc  dbecc    pci  rxpci  txpci 
#YYYYMMDD    HH:MM:SS     Idx      W      C      C      %      %      %      %      %      %    MHz    MHz      %   bool     MB     MB     MB   errs   errs   errs   MB/s   MB/s 
 20260917    09:14:41       0     46     55      -      1      2      0      0      0      0   6500   1620      0      0  13998    175      0      -      -      0   2295      0 
 20260917    09:14:43       0     46     55      -      1      2      0      0      0      0   6500   1620      0      0  13998    175      0      -      -      0   4108      0 
 20260917    09:14:44       0     46     55      -      2      3      0      0      0      0   6500   1620      0      0  13998    175      0      -      -      0   3851      0 
 20260917    09:14:45       0     46     55      -      1      2      0      0      0      0   6500   1620      0      0  13998    175      0      -      -      0   3228      0 
 20260917    09:14:46       0     46     55      -      1      2      0      0      0      0   6500   1620      0      0  13998    175      0      -      -      0   1479      0 
 20260917    09:14:47       0     46     55      -      1      2      0      0      0      0   6500   1620      0      0  13998    175      0      -      -      0   2487      3 
 20260917    09:14:48       0     46     55      -      1      2      0      0      0      0   6500   1620      0      0  13998    175      0      -      -      0   2439      3 
 20260917    09:14:49       0     46     55      -      1      2      0      0      0      0   6500   1620      0      0  13998    175      0      -      -      0   2778      1 
 20260917    09:14:50       0     59     56      -    100      6      0      0      0      0   6500   1905      0      0  13998    175      0      -      -      0  12884   1552 
 20260917    09:14:51       0     66     56      -    100      7      0      0      0      0   6500   1905      0      0  13998    175      0      -      -      0  12938   1500 
 20260917    09:14:52       0     60     56      -    100      6      0      0      0      0   6500   1905      0      0  13998    175      0      -      -      0  12916   1495 
 20260917    09:14:53       0     67     56      -    100      9      0      0      0      0   6500   1905      0      0  13998    175      0      -      -      0  12978   1501 
 20260917    09:14:54       0     61     56      -    100      6      0      0      0      0   6500   1905      0      0  13998    175      0      -      -      0  12885   1495 
 20260917    09:14:55       0     65     56      -    100      6      0      0      0      0   6500   1905      0      0  13998    175      0      -      -      0   4086      1 
 20260917    09:14:56       0     64     56      -      5      5      0      0      0      0   6500   1905      0      0  13998    175      0      -      -      0   4154      1 
 20260917    09:14:57       0     50     55      -      1      2      0      0      0      0   6500   1620      0      0  13998    175      0      -      -      0   4060      1 
 20260917    09:14:58       0     50     55      -      2      3      0      0      0      0   6500   1620      0      0  13998    175      0      -      -      0   4128      1 
 20260917    09:15:00       0     46     55      -      4      4      0      0      0      0   6500   1620      0      0  13998    175      0      -      -      0   3845      1 
 20260917    09:15:01       0     47     55      -      2      3      0      0      0      0   6500   1620      0      0  13998    175      0      -      -      0   4154      1 
 20260917    09:15:02       0     50     55      -      1      2      0      0      0      0   6500   1620      0      0  13998    175      0      -      -      0   3585      1 
 20260917    09:15:03       0     47     55      -      2      3      0      0      0      0   6500   1620      0      0  13998    175      0      -      -      0   2140      0 
 20260917    09:15:04       0     46     55      -      1      2      0      0      0      0   6500   1620      0      0  13998    175      0      -      -      0   3899      1 
 20260917    09:15:05       0     50     55      -      1      2      0      0      0      0   6500   1620      0      0  13998    175      0      -      -      0   1391      1 
 20260917    09:15:06       0     46     55      -      1      2      0      0      0      0   6500   1620      0      0  13998    175      0      -      -      0   1392      0 
 20260917    09:15:07       0     46     55      -      1      2      0      0      0      0   6500   1620      0      0  13998    175      0      -      -      0   1721      0 
 20260917    09:15:08       0     46     55      -      1      2      0      0      0      0   6500   1620      0      0  13998    175      0      -      -      0   4088      1 
 20260917    09:15:09       0     46     55      -      1      2      0      0      0      0   6500   1620      0      0  13998    175      0      -      -      0   3520      1 
 20260917    09:15:10       0     50     55      -      1      2      0      0      0      0   6500   1620      0      0  13998    175      0      -      -      0   2911      1 
 20260917    09:15:11       0     46     55      -      1      2      0      0      0      0   6500   1620      0      0  13998    175      0      -      -      0   3848      1 
 20260917    09:15:12       0     46     55      -      2      3      0      0      0      0   6500   1620      0      0  13998    175      0      -      -      0   3381      1 
 20260917    09:15:13       0     50     55      -      1      2      0      0      0      0   6500   1620      0      0  13998    175      0      -      -      0   2865      0 
 20260917    09:15:14       0     46     55      -      1      2      0      0      0      0   6500   1620      0      0  13998    175      0      -      -      0   1189      1 
 20260917    09:15:16       0     46     55      -      1      2      0      0      0      0   6500   1620      0      0  13998    175      0      -      -      0   3131      1 
 20260917    09:15:17       0     47     55      -      1      2      0      0      0      0   6500   1620      0      0  13998    175      0      -      -      0   2469      1 
 20260917    09:15:18       0     46     55      -      1      2      0      0      0      0   6500   1620      0      0  13998    175      0      -      -      0   4136      1 
 20260917    09:15:19       0     65     56      -    100      6      0      0      0      0   6500   1905      0      0  13998    175      0      -      -      0  12873   1494 
 20260917    09:15:20       0     65     56      -    100      6      0      0      0      0   6500   1905      0      0  13998    175      0      -      -      0  12953   1147 
 20260917    09:15:21       0     65     56      -    100      9      0      0      0      0   6500   1905      0      0  13998    175      0      -      -      0   9863   1504 
 20260917    09:15:22       0     66     56      -    100      9      0      0      0      0   6500   1905      0      0  13998    175      0      -      -      0  12873   1493 
 20260917    09:15:23       0     59     56      -    100      9      0      0      0      0   6500   1905      0      0  13998    175      0      -      -      0  12882   1493 
 20260917    09:15:24       0     63     56      -      3      4      0      0      0      0   6500   1905      0      0  13998    175      0      -      -      0   2879      1 
 20260917    09:15:25       0     58     56      -      1      2      0      0      0      0   6500   1905      0      0  13998    175      0      -      -      0   1909      1 
 20260917    09:15:26       0     50     55      -      1      3      0      0      0      0   6500   1620      0      0  13998    175      0      -      -      0   4173      1 
 20260917    09:15:27       0     50     55      -      3      5      0      0      0      0   6500   1620      0      0  13998    175      0      -      -      0   4084      1 
#Date        Time         gpu    pwr  gtemp  mtemp     sm    mem    enc    dec    jpg    ofa   mclk   pclk  pviol  tviol     fb   bar1   ccpm  sbecc  dbecc    pci  rxpci  txpci 
#YYYYMMDD    HH:MM:SS     Idx      W      C      C      %      %      %      %      %      %    MHz    MHz      %   bool     MB     MB     MB   errs   errs   errs   MB/s   MB/s 
 20260917    09:15:28       0     46     55      -      1      2      0      0      0      0   6500   1620      0      0  13998    175      0      -      -      0   3199      1 
 20260917    09:15:29       0     50     55      -      1      2      0      0      0      0   6500   1620      0      0  13998    175      0      -      -      0   2408      1 
 20260917    09:15:30       0     46     55      -      1      2      0      0      0      0   6500   1620      0      0  13998    175      0      -      -      0   2795      1 
 20260917    09:15:32       0     47     55      -      1      2      0      0      0      0   6500   1620      0      0  13998    175      0      -      -      0   1567      1 
 20260917    09:15:33       0     46     55      -      1      2      0      0      0      0   6500   1620      0      0  13998    175      0      -      -      0   3827      0 
 20260917    09:15:34       0     47     55      -      2      3      0      0      0      0   6500   1620      0      0  13998    175      0      -      -      0   3424      1 
 20260917    09:15:35       0     46     55      -      1      2      0      0      0      0   6500   1620      0      0  13998    175      0      -      -      0   2693      1 
 20260917    09:15:36       0     50     55      -      1      2      0      0      0      0   6500   1620      0      0  13998    175      0      -      -      0   2879      0 
 20260917    09:15:37       0     47     55      -      3      5      0      0      0      0   6500   1620      0      0  13998    175      0      -      -      0   3189      1 
 20260917    09:15:38       0     46     55      -      2      3      0      0      0      0   6500   1620      0      0  13998    175      0      -      -      0   3729      1 
 20260917    09:15:39       0     47     55      -      1      2      0      0      0      0   6500   1620      0      0  13998    175      0      -      -      0   3266      1 
 20260917    09:15:40       0     46     55      -      1      5      0      0      0      0   6500   1620      0      0  13998    175      0      -      -      0   2281      0 
 20260917    09:15:41       0     46     55      -      1      2      0      0      0      0   6500   1620      0      0  13998    175      0      -      -      0   3983      1 
 20260917    09:15:42       0     46     55      -      1      2      0      0      0      0   6500   1620      0      0  13998    175      0      -      -      0   3748      1 
 20260917    09:15:43       0     47     55      -      1      2      0      0      0      0   6500   1620      0      0  13998    175      0      -      -      0   2042      0 
 20260917    09:15:44       0     47     55      -      1      2      0      0      0      0   6500   1620      0      0  13998    175      0      -      -      0   1612      0 
 20260917    09:15:45       0     47     55      -      1      2      0      0      0      0   6500   1620      0      0  13998    175      0      -      -      0   2350      1 
 20260917    09:15:46       0     59     56      -    100      6      0      0      0      0   6500   1905      0      0  13998    175      0      -      -      0  12924   1499 
 20260917    09:15:47       0     65     56      -    100      6      0      0      0      0   6500   1905      0      0  13998    175      0      -      -      0  12879   1493 
 20260917    09:15:49       0     63     56      -    100      6      0      0      0      0   6500   1905      0      0  13998    175      0      -      -      0  12881   1494 
 20260917    09:15:50       0     65     56      -    100      6      0      0      0      0   6500   1905      0      0  13998    175      0      -      -      0  12872   1493 
 20260917    09:15:51       0     65     56      -    100      6      0      0      0      0   6500   1905      0      0  13998    175      0      -      -      0  12875   1139 
 20260917    09:15:52       0     63     56      -     78      8      0      0      0      0   6500   1905      0      0  13998    175      0      -      -      0   3999      1 
 20260917    09:15:53       0     59     56      -      2      3      0      0      0      0   6500   1905      0      0  13998    175      0      -      -      0   3060      1 
 20260917    09:15:54       0     46     55      -      1      2      0      0      0      0   6500   1620      0      0  13998    175      0      -      -      0   3725      1 
 20260917    09:15:55       0     50     55      -      2      3      0      0      0      0   6500   1620      0      0  13998    175      0      -      -      0   3566      1 
 20260917    09:15:56       0     46     55      -      1      2      0      0      0      0   6500   1620      0      0  13998    175      0      -      -      0   3939      1 
 20260917    09:15:57       0     46     55      -      1      2      0      0      0      0   6500   1620      0      0  13998    175      0      -      -      0   3136      1 
 20260917    09:15:58       0     46     55      -      1      2      0      0      0      0   6500   1620      0      0  13998    175      0      -      -      0   3388      1 
 20260917    09:15:59       0     47     55      -      2      3      0      0      0      0   6500   1620      0      0  13998    175      0      -      -      0   3943      4 
 20260917    09:16:00       0     50     55      -      1      2      0      0      0      0   6500   1620      0      0  13998    175      0      -      -      0   2997      1 
 20260917    09:16:01       0     47     55      -      4      5      0      0      0      0   6500   1620      0      0  13998    175      0      -      -      0   2916      0 
 20260917    09:16:02       0     47     55      -      1      2      0      0      0      0   6500   1620      0      0  13998    175      0      -      -      0   4038      1 
 20260917    09:16:03       0     50     55      -      1      2      0      0      0      0   6500   1620      0      0  13998    175      0      -      -      0   2643      0 
 20260917    09:16:05       0     46     55      -      3      5      0      0      0      0   6500   1620      0      0  13998    175      0      -      -      0   2369      1 
 20260917    09:16:06       0     46     55      -      1      2      0      0      0      0   6500   1620      0      0  13998    175      0      -      -      0   1387      0 
 20260917    09:16:07       0     47     55      -      2      3      0      0      0      0   6500   1620      0      0  13998    175      0      -      -      0   3505      1 
 20260917    09:16:08       0     46     55      -      1      2      0      0      0      0   6500   1620      0      0  13998    175      0      -      -      0   1977      0 
 20260917    09:16:09       0     46     55      -      2      3      0      0      0      0   6500   1620      0      0  13998    175      0      -      -      0   1542      0 
 20260917    09:16:10       0     46     55      -      1      2      0      0      0      0   6500   1620      0      0  13998    175      0      -      -      0   2863      0 
 20260917    09:16:11       0     46     55      -      1      2      0      0      0      0   6500   1620      0      0  13998    175      0      -      -      0   2296      2 
 20260917    09:16:12       0     46     55      -      1      2      0      0      0      0   6500   1620      0      0  13998    175      0      -      -      0   4154      1 
 20260917    09:16:13       0     46     55      -      1      2      0      0      0      0   6500   1620      0      0  13998    175      0      -      -      0   4154      1 
 20260917    09:16:14       0     46     55      -      1      2      0      0      0      0   6500   1620      0      0  13998    175      0      -      -      0   4155      1 
#Date        Time         gpu    pwr  gtemp  mtemp     sm    mem    enc    dec    jpg    ofa   mclk   pclk  pviol  tviol     fb   bar1   ccpm  sbecc  dbecc    pci  rxpci  txpci 
#YYYYMMDD    HH:MM:SS     Idx      W      C      C      %      %      %      %      %      %    MHz    MHz      %   bool     MB     MB     MB   errs   errs   errs   MB/s   MB/s 
 20260917    09:16:15       0     65     56      -    100      6      0      0      0      0   6500   1905      0      0  13998    175      0      -      -      0  12902   1505 
 20260917    09:16:16       0     65     56      -    100      6      0      0      0      0   6500   1905      0      0  13998    175      0      -      -      0  12936   1499 
 20260917    09:16:17       0     65     56      -    100      6      0      0      0      0   6500   1905      0      0  13998    175      0      -      -      0  13005   1503 
 20260917    09:16:18       0     65     56      -    100      6      0      0      0      0   6500   1905      0      0  13998    175      0      -      -      0  12901   1138 
 20260917    09:16:19       0     60     56      -    100      7      0      0      0      0   6500   1905      0      0  13998    175      0      -      -      0   9806   1493 
 20260917    09:16:20       0     59     56      -      2      3      0      0      0      0   6500   1905      0      0  13998    175      0      -      -      0   3841      0 
 20260917    09:16:22       0     59     56      -      1      2      0      0      0      0   6500   1905      0      0  13998    175      0      -      -      0   2532      0 
 20260917    09:16:23       0     46     55      -      2      3      0      0      0      0   6500   1620      0      0  13998    175      0      -      -      0   2102      1 
 20260917    09:16:24       0     46     55      -      1      2      0      0      0      0   6500   1620      0      0  13998    175      0      -      -      0   3659      0 
 20260917    09:16:25       0     47     55      -      1      2      0      0      0      0   6500   1620      0      0  13998    175      0      -      -      0   2084      0 
 20260917    09:16:26       0     46     55      -      1      2      0      0      0      0   6500   1620      0      0  13998    175      0      -      -      0   2430      1 
 20260917    09:16:27       0     47     55      -      1      3      0      0      0      0   6500   1620      0      0  13998    175      0      -      -      0   2461      1 
 20260917    09:16:28       0     46     55      -      1      3      0      0      0      0   6500   1620      0      0  13998    175      0      -      -      0   2966      1 
 20260917    09:16:29       0     46     55      -      1      2      0      0      0      0   6500   1620      0      0  13998    175      0      -      -      0   2424      1 
 20260917    09:16:30       0     46     55      -      2      3      0      0      0      0   6500   1620      0      0  13998    175      0      -      -      0   2866      1 
 20260917    09:16:31       0     46     55      -      1      2      0      0      0      0   6500   1620      0      0  13998    175      0      -      -      0   2756      1 
 20260917    09:16:32       0     46     55      -      1      2      0      0      0      0   6500   1620      0      0  13998    175      0      -      -      0   4155      1 
 20260917    09:16:33       0     46     55      -      1      2      0      0      0      0   6500   1620      0      0  13998    175      0      -      -      0   4158      1 
 20260917    09:16:34       0     46     55      -      2      3      0      0      0      0   6500   1620      0      0  13998    175      0      -      -      0   4132      1 
 20260917    09:16:35       0     46     55      -      1      2      0      0      0      0   6500   1620      0      0  13998    175      0      -      -      0   4154      1 
 20260917    09:16:36       0     46     55      -      1      3      0      0      0      0   6500   1620      0      0  13998    175      0      -      -      0   4154      5 
 20260917    09:16:37       0     46     55      -      1      2      0      0      0      0   6500   1620      0      0  13998    175      0      -      -      0   4152      5 
 20260917    09:16:38       0     46     55      -      1      2      0      0      0      0   6500   1620      0      0  13998    175      0      -      -      0   4155      1 
 20260917    09:16:40       0     46     55      -      1      3      0      0      0      0   6500   1620      0      0  13998    175      0      -      -      0   4132      1 
 20260917    09:16:41       0     46     55      -      3      4      0      0      0      0   6500   1620      0      0  13998    175      0      -      -      0   4129      1 
 20260917    09:16:42       0     46     55      -      3      4      0      0      0      0   6500   1620      0      0  13998    175      0      -      -      0   4138      1 
 20260917    09:16:43       0     50     55      -    100      6      0      0      0      0   6500   1905      0      0  13998    175      0      -      -      0  12872   1492 
 20260917    09:16:44       0     59     56      -    100      6      0      0      0      0   6500   1905      0      0  13998    175      0      -      -      0  12928   1501 
 20260917    09:16:45       0     65     56      -    100      9      0      0      0      0   6500   1905      0      0  13998    175      0      -      -      0  12925   1499 
 20260917    09:16:46       0     59     56      -    100      9      0      0      0      0   6500   1905      0      0  13998    175      0      -      -      0  12874   1493 
 20260917    09:16:47       0     59     56      -    100      9      0      0      0      0   6500   1905      0      0  13998    175      0      -      -      0  12877   1492 
 20260917    09:16:48       0     65     56      -    100      6      0      0      0      0   6500   1905      0      0  13998    175      0      -      -      0  12873   1492 
 20260917    09:16:49       0     60     56      -      1      2      0      0      0      0   6500   1905      0      0  13998    175      0      -      -      0   4064      0 
 20260917    09:16:50       0     46     55      -      1      2      0      0      0      0   6500   1620      0      0  13998    175      0      -      -      0   4150      0 
 20260917    09:16:51       0     47     55      -      2      3      0      0      0      0   6500   1620      0      0  13998    175      0      -      -      0   4117      1 
 20260917    09:16:52       0     46     55      -      1      2      0      0      0      0   6500   1620      0      0  13998    175      0      -      -      0   4166      0 
 20260917    09:16:53       0     47     55      -      3      4      0      0      0      0   6500   1620      0      0  13998    175      0      -      -      0   4159      0 
 20260917    09:16:54       0     46     55      -      1      3      0      0      0      0   6500   1620      0      0  13998    175      0      -      -      0   4168      1 
 20260917    09:16:55       0     47     55      -      1      2      0      0      0      0   6500   1620      0      0  13998    175      0      -      -      0   4072      0 
 20260917    09:16:56       0     46     55      -      3      4      0      0      0      0   6500   1620      0      0  13998    175      0      -      -      0   4139      4 
 20260917    09:16:57       0     47     55      -      3      4      0      0      0      0   6500   1620      0      0  13998    175      0      -      -      0   4152      1 
 20260917    09:16:58       0     46     55      -      3      4      0      0      0      0   6500   1620      0      0  13998    175      0      -      -      0   4136      1 
 20260917    09:17:00       0     47     55      -      3      4      0      0      0      0   6500   1620      0      0  13998    175      0      -      -      0   4138      1 
 20260917    09:17:01       0     46     55      -      3      4      0      0      0      0   6500   1620      0      0  13998    175      0      -      -      0   4150      0 
#Date        Time         gpu    pwr  gtemp  mtemp     sm    mem    enc    dec    jpg    ofa   mclk   pclk  pviol  tviol     fb   bar1   ccpm  sbecc  dbecc    pci  rxpci  txpci 
#YYYYMMDD    HH:MM:SS     Idx      W      C      C      %      %      %      %      %      %    MHz    MHz      %   bool     MB     MB     MB   errs   errs   errs   MB/s   MB/s 
 20260917    09:17:02       0     47     55      -      3      4      0      0      0      0   6500   1620      0      0  13998    175      0      -      -      0   4159      0 
 20260917    09:17:03       0     46     55      -      3      4      0      0      0      0   6500   1620      0      0  13998    175      0      -      -      0   4131      1 
 20260917    09:17:04       0     46     55      -      3      4      0      0      0      0   6500   1620      0      0  13998    175      0      -      -      0   4130      0 
 20260917    09:17:05       0     49     55      -      4      5      0      0      0      0   6500   1620      0      0  13998    175      0      -      -      0   3968      0 
 20260917    09:17:06       0     50     55      -      1      3      0      0      0      0   6500   1620      0      0  13998    175      0      -      -      0   4159      1 
 20260917    09:17:07       0     49     55      -      3      4      0      0      0      0   6500   1620      0      0  13998    175      0      -      -      0   3935      1 
 20260917    09:17:08       0     49     55      -      1      2      0      0      0      0   6500   1620      0      0  13998    175      0      -      -      0   3709      1 
 20260917    09:17:09       0     46     55      -      1      2      0      0      0      0   6500   1620      0      0  13998    175      0      -      -      0   4124      0 
 20260917    09:17:10       0     46     55      -      3      4      0      0      0      0   6500   1620      0      0  13998    175      0      -      -      0   2595      0 
 20260917    09:17:11       0     67     55      -    100      9      0      0      0      0   6500   1905      0      0  13998    175      0      -      -      0  12928   1499 
 20260917    09:17:12       0     65     56      -    100      6      0      0      0      0   6500   1905      0      0  13998    175      0      -      -      0  12931   1143 
 20260917    09:17:13       0     61     56      -    100      6      0      0      0      0   6500   1905      0      0  13998    175      0      -      -      0   9841   1497 
 20260917    09:17:14       0     66     56      -    100      6      0      0      0      0   6500   1905      0      0  13998    175      0      -      -      0  10211   1499 
 20260917    09:17:15       0     65     56      -    100      6      0      0      0      0   6500   1905      0      0  13998    175      0      -      -      0  12872   1492 
 20260917    09:17:16       0     57     56      -     73      5      0      0      0      0   6500   1905      0      0  13998    175      0      -      -      0   4127      4 
 20260917    09:17:18       0     65     56      -      2      3      0      0      0      0   6500   1905      0      0  13998    175      0      -      -      0   4150      1 
 20260917    09:17:19       0     49     55      -      3      4      0      0      0      0   6500   1620      0      0  13998    175      0      -      -      0   3776      0 
 20260917    09:17:20       0     50     55      -      1      2      0      0      0      0   6500   1620      0      0  13998    175      0      -      -      0   2762      0 
 20260917    09:17:21       0     46     55      -      1      2      0      0      0      0   6500   1620      0      0  13998    175      0      -      -      0   4113      0 
 20260917    09:17:22       0     46     55      -      1      2      0      0      0      0   6500   1620      0      0  13998    175      0      -      -      0   4056      0 
 20260917    09:17:23       0     46     55      -      1      2      0      0      0      0   6500   1620      0      0  13998    175      0      -      -      0   1361      0 
 20260917    09:17:24       0     47     55      -      2      3      0      0      0      0   6500   1620      0      0  13998    175      0      -      -      0   2736      1 
 20260917    09:17:25       0     46     55      -      1      2      0      0      0      0   6500   1620      0      0  13998    175      0      -      -      0   2593      0 
 20260917    09:17:26       0     47     55      -      1      2      0      0      0      0   6500   1620      0      0  13998    175      0      -      -      0   2537      1 
 20260917    09:17:27       0     46     55      -      1      2      0      0      0      0   6500   1620      0      0  13998    175      0      -      -      0   3641      0 
 20260917    09:17:28       0     47     55      -      1      2      0      0      0      0   6500   1620      0      0  13998    175      0      -      -      0   2436      0 
 20260917    09:17:29       0     46     55      -      1      2      0      0      0      0   6500   1620      0      0  13998    175      0      -      -      0   2773      1 
 20260917    09:17:30       0     47     55      -      1      2      0      0      0      0   6500   1620      0      0  13998    175      0      -      -      0   4150      0 
 20260917    09:17:31       0     46     55      -      2      3      0      0      0      0   6500   1620      0      0  13998    175      0      -      -      0   4157      0 
 20260917    09:17:32       0     46     55      -      1      2      0      0      0      0   6500   1620      0      0  13998    175      0      -      -      0   4153      0 
 20260917    09:17:33       0     47     55      -      2      3      0      0      0      0   6500   1620      0      0  13998    175      0      -      -      0   4153      1 
 20260917    09:17:34       0     47     55      -      1      2      0      0      0      0   6500   1620      0      0  13998    175      0      -      -      0   3798      1 
 20260917    09:17:35       0     47     55      -      1      2      0      0      0      0   6500   1620      0      0  13998    175      0      -      -      0   4140      0 
 20260917    09:17:36       0     46     55      -      3      4      0      0      0      0   6500   1620      0      0  13998    175      0      -      -      0   4154      0 
 20260917    09:17:38       0     46     55      -      3      4      0      0      0      0   6500   1620      0      0  13998    175      0      -      -      0   4154      1 
 20260917    09:17:39       0     46     55      -      3      4      0      0      0      0   6500   1620      0      0  13998    175      0      -      -      0   4153      0 
 20260917    09:17:40       0     66     56      -    100      6      0      0      0      0   6500   1905      0      0  13998    175      0      -      -      0   9869   1499 
 20260917    09:17:41       0     66     56      -    100      9      0      0      0      0   6500   1905      0      0  13998    175      0      -      -      0  10170   1495 
 20260917    09:17:42       0     66     56      -    100      6      0      0      0      0   6500   1905      0      0  13998    175      0      -      -      0  12920   1500 
 20260917    09:17:43       0     59     56      -    100      9      0      0      0      0   6500   1905      0      0  13998    175      0      -      -      0  12894   1495 
 20260917    09:17:44       0     66     56      -    100      6      0      0      0      0   6500   1905      0      0  13998    175      0      -      -      0  12874   1496 
 20260917    09:17:45       0     59     56      -      1      2      0      0      0      0   6500   1905      0      0  13998    175      0      -      -      0   4136      1 
 20260917    09:17:46       0     59     56      -      3      4      0      0      0      0   6500   1905      0      0  13998    175      0      -      -      0   4154      1 
 20260917    09:17:47       0     47     55      -      1      2      0      0      0      0   6500   1620      0      0  13998    175      0      -      -      0   4129      1 
#Date        Time         gpu    pwr  gtemp  mtemp     sm    mem    enc    dec    jpg    ofa   mclk   pclk  pviol  tviol     fb   bar1   ccpm  sbecc  dbecc    pci  rxpci  txpci 
#YYYYMMDD    HH:MM:SS     Idx      W      C      C      %      %      %      %      %      %    MHz    MHz      %   bool     MB     MB     MB   errs   errs   errs   MB/s   MB/s 
 20260917    09:17:48       0     47     55      -      1      2      0      0      0      0   6500   1620      0      0  13998    175      0      -      -      0   4003      1 
 20260917    09:17:49       0     47     55      -      3      4      0      0      0      0   6500   1620      0      0  13998    175      0      -      -      0   4020      1 
 20260917    09:17:50       0     47     55      -      3      5      0      0      0      0   6500   1620      0      0  13998    175      0      -      -      0   4161      1 
 20260917    09:17:51       0     46     55      -      3      4      0      0      0      0   6500   1620      0      0  13998    175      0      -      -      0   4152      1 
 20260917    09:17:52       0     46     55      -      4      5      0      0      0      0   6500   1620      0      0  13998    175      0      -      -      0   4154      1 
 20260917    09:17:53       0     46     55      -      2      2      0      0      0      0   6500   1620      0      0  13998    175      0      -      -      0   4163      1 
 20260917    09:17:54       0     46     55      -      3      4      0      0      0      0   6500   1620      0      0  13998    175      0      -      -      0   3968      1 
 20260917    09:17:56       0     46     55      -      3      4      0      0      0      0   6500   1620      0      0  13998    175      0      -      -      0   4154      1 
 20260917    09:17:57       0     49     55      -      3      4      0      0      0      0   6500   1620      0      0  13998    175      0      -      -      0   4155      5 
 20260917    09:17:58       0     46     55      -      3      4      0      0      0      0   6500   1620      0      0  13998    175      0      -      -      0   4160      1 
 20260917    09:17:59       0     46     55      -      3      4      0      0      0      0   6500   1620      0      0  13998    175      0      -      -      0   3994      1 
 20260917    09:18:00       0     50     55      -      2      3      0      0      0      0   6500   1620      0      0  13998    175      0      -      -      0   4170      1 
 20260917    09:18:01       0     50     55      -      3      4      0      0      0      0   6500   1620      0      0  13998    175      0      -      -      0   4163      1 
 20260917    09:18:02       0     46     55      -      3      4      0      0      0      0   6500   1620      0      0  13998    175      0      -      -      0   4062      1 
 20260917    09:18:03       0     50     55      -      1      2      0      0      0      0   6500   1620      0      0  13998    175      0      -      -      0   4090      1 
 20260917    09:18:04       0     50     55      -      3      4      0      0      0      0   6500   1620      0      0  13998    175      0      -      -      0   3922      1 
 20260917    09:18:05       0     47     55      -      1      2      0      0      0      0   6500   1620      0      0  13998    175      0      -      -      0   4136      1 
 20260917    09:18:06       0     47     55      -      1      2      0      0      0      0   6500   1620      0      0  13998    175      0      -      -      0   3284      1 
 20260917    09:18:07       0     47     55      -      1      2      0      0      0      0   6500   1620      0      0  13998    175      0      -      -      0  12906   1496 
 20260917    09:18:08       0     60     56      -    100      6      0      0      0      0   6500   1905      0      0  13998    175      0      -      -      0  12936   1502 
 20260917    09:18:09       0     66     56      -    100      6      0      0      0      0   6500   1905      0      0  13998    175      0      -      -      0  12891   1495 
 20260917    09:18:10       0     66     56      -    100      6      0      0      0      0   6500   1905      0      0  13998    175      0      -      -      0  12937   1409 
 20260917    09:18:12       0     66     56      -    100      6      0      0      0      0   6500   1905      0      0  13998    175      0      -      -      0   9880   1500 
 20260917    09:18:13       0     60     56      -    100      9      0      0      0      0   6500   1905      0      0  13998    175      0      -      -      0  12921   1495 
 20260917    09:18:14       0     63     56      -      3      4      0      0      0      0   6500   1905      0      0  13998    175      0      -      -      0   4055      4 
 20260917    09:18:15       0     58     56      -      3      4      0      0      0      0   6500   1620      0      0  13998    175      0      -      -      0   4160      1 
 20260917    09:18:16       0     47     55      -      3      4      0      0      0      0   6500   1620      0      0  13998    175      0      -      -      0   4152      1 
 20260917    09:18:17       0     50     55      -      3      5      0      0      0      0   6500   1620      0      0  13998    175      0      -      -      0   4137      1 
 20260917    09:18:18       0     50     55      -      3      4      0      0      0      0   6500   1620      0      0  13998    175      0      -      -      0   4129      1 
 20260917    09:18:19       0     46     55      -      3      5      0      0      0      0   6500   1620      0      0  13998    175      0      -      -      0   4089      1 
 20260917    09:18:20       0     50     55      -      1      2      0      0      0      0   6500   1620      0      0  13998    175      0      -      -      0   3910      1 
 20260917    09:18:21       0     50     55      -      2      4      0      0      0      0   6500   1620      0      0  13998    175      0      -      -      0   4141      1 
 20260917    09:18:22       0     47     55      -      3      4      0      0      0      0   6500   1620      0      0  13998    175      0      -      -      0   4030      1 
 20260917    09:18:23       0     50     55      -      2      3      0      0      0      0   6500   1620      0      0  13998    175      0      -      -      0   3491      1 
 20260917    09:18:24       0     50     55      -      1      2      0      0      0      0   6500   1620      0      0  13998    175      0      -      -      0   4155      1 
 20260917    09:18:25       0     46     55      -      3      5      0      0      0      0   6500   1620      0      0  13998    175      0      -      -      0   3051      1 
 20260917    09:18:26       0     50     55      -      1      2      0      0      0      0   6500   1620      0      0  13998    175      0      -      -      0   3854      1 
 20260917    09:18:28       0     47     55      -      2      3      0      0      0      0   6500   1620      0      0  13998    175      0      -      -      0   4130      1 
 20260917    09:18:29       0     47     55      -      3      4      0      0      0      0   6500   1620      0      0  13998    175      0      -      -      0   4139      1 
 20260917    09:18:30       0     50     55      -      1      2      0      0      0      0   6500   1620      0      0  13998    175      0      -      -      0   1408      1 
 20260917    09:18:31       0     47     55      -      1      2      0      0      0      0   6500   1620      0      0  13998    175      0      -      -      0   3187      1 
 20260917    09:18:32       0     47     55      -      1      2      0      0      0      0   6500   1620      0      0  13998    175      0      -      -      0   3144      0 
 20260917    09:18:33       0     47     55      -      1      2      0      0      0      0   6500   1620      0      0  13998    175      0      -      -      0   1468      0 
 20260917    09:18:34       0     47     55      -      1      2      0      0      0      0   6500   1620      0      0  13998    175      0      -      -      0   2282      1 
#Date        Time         gpu    pwr  gtemp  mtemp     sm    mem    enc    dec    jpg    ofa   mclk   pclk  pviol  tviol     fb   bar1   ccpm  sbecc  dbecc    pci  rxpci  txpci 
#YYYYMMDD    HH:MM:SS     Idx      W      C      C      %      %      %      %      %      %    MHz    MHz      %   bool     MB     MB     MB   errs   errs   errs   MB/s   MB/s 
 20260917    09:18:35       0     47     55      -      1      2      0      0      0      0   6500   1620      0      0  13998    175      0      -      -      0   4153      1 
 20260917    09:18:36       0     56     55      -      0      0      0      0      0      0   6500   1905      0      0  13998    175      0      -      -      0      0      0 
 20260917    09:18:37       0     56     55      -      0      0      0      0      0      0   6500   1905      0      0  13998    175      0      -      -      0      1      0 
 20260917    09:18:38       0     45     55      -      0      0      0      0      0      0   6500   1620      0      0  13998    175      0      -      -      0      0      0 
 20260917    09:18:39       0     45     55      -      0      0      0      0      0      0   6500   1620      0      0  13998    175      0      -      -      0      0      0 
 20260917    09:18:40       0     45     55      -      0      0      0      0      0      0   6500   1620      0      0  13998    175      0      -      -      0      0      0 
 20260917    09:18:41       0     44     54      -      0      0      0      0      0      0   6500   1620      0      0  13998    175      0      -      -      0      0      0 
 20260917    09:18:42       0     45     54      -      0      0      0      0      0      0   6500   1620      0      0  13998    175      0      -      -      0      0      0 
 20260917    09:18:43       0     44     54      -      0      0      0      0      0      0   6500   1620      0      0  13998    175      0      -      -      0      0      0 
 20260917    09:18:45       0     44     54      -      0      0      0      0      0      0   6500   1620      0      0  13998    175      0      -      -      0      0      0 
 20260917    09:18:46       0     45     54      -      0      0      0      0      0      0   6500   1620      0      0  13998    175      0      -      -      0      0      0 
 20260917    09:18:47       0     44     54      -      0      0      0      0      0      0   6500   1620      0      0  13998    175      0      -      -      0      1      0 
 20260917    09:18:48       0     45     54      -      0      0      0      0      0      0   6500   1620      0      0  13998    175      0      -      -      0      1      4 
 20260917    09:18:49       0     44     54      -      0      0      0      0      0      0   6500   1620      0      0  13998    175      0      -      -      0      4      0 
 20260917    09:18:50       0     45     54      -      0      0      0      0      0      0   6500   1620      0      0  13998    175      0      -      -      0      1      0 
 20260917    09:18:51       0     45     54      -      0      0      0      0      0      0   6500   1620      0      0  13998    175      0      -      -      0      1      0 
 20260917    09:18:52       0     50     55      -     45      6      0      0      0      0   6500   1845      0      0   6894    175      0      -      -      0      1      0 
 20260917    09:18:53       0     52     55      -      0      0      0      0      0      0   6500   1845      0      0   6894    175      0      -      -      0      0      0 
